Data,Hora UTC,"PRECIPITAÇÃO TOTAL, HORÁRIO (mm)","PRESSAO ATMOSFERICA AO NIVEL DA ESTACAO, HORARIA (mB)",PRESSÃO ATMOSFERICA MAX.NA HORA ANT. (AUT) (mB),PRESSÃO ATMOSFERICA MIN. NA HORA ANT. (AUT) (mB),RADIACAO GLOBAL (Kj/m²),"TEMPERATURA DO AR - BULBO SECO, HORARIA (°C)",TEMPERATURA DO PONTO DE ORVALHO (°C),TEMPERATURA MÁXIMA NA HORA ANT. (AUT) (°C),TEMPERATURA MÍNIMA NA HORA ANT. (AUT) (°C),TEMPERATURA ORVALHO MAX. NA HORA ANT. (AUT) (°C),TEMPERATURA ORVALHO MIN. NA HORA ANT. (AUT) (°C),UMIDADE REL. MAX. NA HORA ANT. (AUT) (%),UMIDADE REL. MIN. NA HORA ANT. (AUT) (%),"UMIDADE RELATIVA DO AR, HORARIA (%)","VENTO, DIREÇÃO HORARIA (gr) (° (gr))","VENTO, RAJADA MAXIMA (m/s)","VENTO, VELOCIDADE HORARIA (m/s)",Unnamed: 19
2026/01/01,0000 UTC,0,"924,7","924,7","924,3",,"25,1","16,2","25,4","24,9","17,2","16,1",61.0,58.0,58.0,306.0,7,"2,6",
2026/01/01,0100 UTC,0,"925,1","925,2","924,7",,"24,4","15,9","25,1","24,4","16,2","15,8",59.0,58.0,59.0,247.0,5,"1,2",
2026/01/01,0200 UTC,0,"925,1","925,3","925,1",,"24,6","16,1","24,6","24,1","16,3","15,9",61.0,59.0,59.0,311.0,"2,5",",5",
2026/01/01,0300 UTC,0,"924,3","925,1","924,2",,"24,7","16,6","24,8","24,1","16,7","16,1",62.0,59.0,60.0,35.0,2,",2",
2026/01/01,0400 UTC,0,"924,1","924,6","924,1",,"24,4","17,1","24,8","24,3","17,1","16,2",64.0,59.0,64.0,347.0,"4,2","1,8",
2026/01/01,0500 UTC,0,"923,4","924,1","923,4",,"23,7","17,4","24,4","23,7","17,4",17,68.0,63.0,68.0,349.0,"5,7","3,2",
2026/01/01,0600 UTC,0,"923,1","923,4","923,1",,"23,4","17,8","23,8","23,4","17,8","17,3",71.0,67.0,71.0,332.0,"5,9","2,8",
2026/01/01,0700 UTC,0,923,"923,2",923,,"22,4","18,8","23,4","22,3","18,8","17,8",80.0,71.0,80.0,326.0,"9,3","3,6",
2026/01/01,0800 UTC,0,"922,8","923,1","922,8",,"22,4","18,1","22,5","22,3","18,9","18,1",80.0,76.0,77.0,345.0,"9,5",3,
2026/01/01,0900 UTC,0,923,"923,1","922,8","31,6","22,4","17,7","22,7","22,4","18,1","17,7",77.0,74.0,75.0,22.0,"8,2","2,4",
2026/01/01,1000 UTC,0,"923,2","923,2",923,"422,6",23,"18,4",23,"22,4","18,4","17,8",77.0,75.0,75.0,354.0,"5,7","2,1",
2026/01/01,1100 UTC,0,"923,5","923,5","923,1","741,7","23,5","18,4","23,6",23,"18,7","18,2",75.0,73.0,73.0,15.0,"6,9","2,6",
2026/01/01,1200 UTC,0,"923,8","923,8","923,5","1036,8","25,1","17,9","25,1","23,4","18,6","17,7",74.0,64.0,64.0,351.0,"6,4","2,3",
2026/01/01,1300 UTC,0,"923,7","923,9","923,7","1645,4",26,"18,2","26,1","24,7","18,5","17,5",66.0,62.0,62.0,332.0,"8,6","3,7",
2026/01/01,1400 UTC,0,"923,6","923,7","923,5","2521,6","27,3",18,"27,3","25,7","18,4","17,3",63.0,56.0,57.0,354.0,"8,5","3,9",
2026/01/01,1500 UTC,0,923,"923,6",923,"2708,2","27,3","17,3","28,3","26,9","18,1","16,9",57.0,53.0,55.0,348.0,"9,5","4,4",
2026/01/01,1600 UTC,0,"922,4",923,"922,4",2814,"27,6","17,4","28,3","27,2","17,7","16,6",55.0,51.0,54.0,359.0,"8,5","3,8",
2026/01/01,1700 UTC,0,"921,3","922,4","921,3","3342,4","29,4",17,"29,5","27,6","17,7","16,4",54.0,47.0,47.0,348.0,"10,6","3,4",
2026/01/01,1800 UTC,0,"920,4","921,3","920,4","2066,2","29,1",17,30,"28,9","18,3","16,6",51.0,46.0,48.0,344.0,"10,3","3,4",
2026/01/01,1900 UTC,0,"919,3","920,4","919,3","1635,2","29,6","16,4","30,3",29,"17,6","16,3",49.0,44.0,45.0,325.0,"8,3","4,1",
2026/01/01,2000 UTC,0,"919,3","919,3","919,1","1248,1","29,2","16,1",31,"29,2","16,8","15,6",46.0,41.0,45.0,326.0,"10,6","4,3",
2026/01/01,2100 UTC,0,"919,4","919,6","919,1","696,4","29,5","16,7",30,"29,2","16,9","16,1",48.0,44.0,46.0,353.0,"9,9",4,
2026/01/01,2200 UTC,0,"919,6","919,7","919,4","102,2","28,5","16,9","29,5","28,5","16,9","16,2",50.0,46.0,50.0,354.0,"6,7","2,7",
2026/01/01,2300 UTC,0,"920,6","920,7","919,6",,"27,1","17,7","28,5","27,1","17,7","16,9",56.0,49.0,56.0,327.0,"6,4","2,1",
2026/01/02,0000 UTC,"1,2",921,"921,3","920,6",,23,"19,4","27,1","22,5","19,5","17,6",81.0,56.0,80.0,339.0,"8,5","1,6",
2026/01/02,0100 UTC,0,"921,9","921,9",921,,"23,7","19,2","23,7","22,6","19,6","19,2",82.0,76.0,76.0,354.0,"3,3","1,5",
2026/01/02,0200 UTC,0,"922,1","922,2","921,6",,"23,7","18,8","24,2","23,7","19,5","18,8",77.0,73.0,74.0,349.0,"11,4","4,8",
2026/01/02,0300 UTC,"1,8","921,4","922,1","921,4",,"21,6","18,6","23,8","21,5","18,8","18,1",83.0,72.0,83.0,356.0,"11,4","3,8",
2026/01/02,0400 UTC,0,"920,5","921,4","920,5",,"21,8","18,9","22,2","21,6","19,1","18,6",84.0,82.0,84.0,353.0,"9,3","4,1",
2026/01/02,0500 UTC,0,920,"920,5",920,,22,"18,4","22,2","21,8","18,9","18,4",84.0,80.0,80.0,348.0,"10,5","4,9",
2026/01/02,0600 UTC,0,"919,5",920,"919,4",,"21,6","18,3",22,"21,6","18,5","18,3",82.0,80.0,81.0,1.0,"10,5",3,
2026/01/02,0700 UTC,0,"919,2","919,5","919,2",,"21,4","18,5","21,6","21,3","18,5","18,3",83.0,81.0,83.0,22.0,"8,6","1,9",
2026/01/02,0800 UTC,0,"919,6","919,7","919,2",,"21,2","18,6","21,5","21,1","18,6","18,4",85.0,83.0,85.0,10.0,"8,1","2,7",
2026/01/02,0900 UTC,0,"919,8","919,9","919,6","20,9","21,3","18,4","21,3","21,2","18,6","18,4",85.0,84.0,84.0,5.0,"6,3","1,9",
2026/01/02,1000 UTC,0,"920,4","920,5","919,8","343,3","21,9","18,5","21,9","21,3","18,6","18,2",84.0,81.0,81.0,12.0,"7,1","3,1",
2026/01/02,1100 UTC,0,"920,7","920,7","920,4",989,"22,8","18,3","23,3","21,9","18,8","18,2",81.0,75.0,76.0,349.0,"8,4","4,3",
2026/01/02,1200 UTC,0,"920,8","920,8","920,5","1168,1","23,4",18,"23,6","22,7","18,6",18,77.0,71.0,72.0,357.0,"8,4","4,1",
2026/01/02,1300 UTC,",2",921,921,"920,8","1265,5",24,"18,7",24,23,19,"17,7",76.0,69.0,72.0,326.0,"9,5",3,
2026/01/02,1400 UTC,0,"920,7","920,9","920,7",1945,"24,9",18,"25,1","23,9","18,5","17,7",72.0,65.0,65.0,345.0,"10,8","4,9",
2026/01/02,1500 UTC,0,"920,1","920,8","920,1","1655,8","25,2","18,3","25,3","24,5","18,6","17,8",68.0,65.0,66.0,339.0,"10,1","3,9",
2026/01/02,1600 UTC,0,"919,2","920,1","919,1","2563,3","27,4","18,4","27,4","25,2",19,"17,8",66.0,58.0,58.0,336.0,"10,7","4,6",
2026/01/02,1700 UTC,0,"918,2","919,2","918,2","2220,2","27,2","17,6","28,3","26,5","18,9","17,5",61.0,54.0,56.0,337.0,"9,8","3,8",
2026/01/02,1800 UTC,0,"917,5","918,2","917,5","1254,6","26,2","18,8","27,9","26,2","18,8","17,6",64.0,55.0,64.0,340.0,"10,2","4,2",
2026/01/02,1900 UTC,0,"917,4","917,6","917,1",1169,26,"19,1","27,5","25,6","19,5","18,5",66.0,61.0,66.0,360.0,"8,6",4,
2026/01/02,2000 UTC,0,"917,1","917,5","916,9","783,1","25,5","18,9","26,1","25,4","19,5","18,9",68.0,66.0,67.0,355.0,"9,7","4,3",
2026/01/02,2100 UTC,0,"917,4","917,8","917,1","358,3","24,8","18,7","25,5","24,6","18,8","16,9",69.0,60.0,69.0,338.0,"9,7","3,1",
2026/01/02,2200 UTC,0,"918,5","918,5","917,4","64,6","24,5","19,4",25,"24,5","19,5","18,7",73.0,69.0,73.0,23.0,"6,6","2,7",
2026/01/02,2300 UTC,0,"918,4","918,6","918,4",,"23,7","18,5","24,5","23,7","19,6","18,5",75.0,72.0,73.0,353.0,"5,4","2,2",
2026/01/03,0000 UTC,0,"919,1","919,1","918,4",,"23,4","18,1","23,7","23,4","18,6","18,1",73.0,71.0,72.0,1.0,"5,1","2,9",
2026/01/03,0100 UTC,0,"919,6","919,6","919,1",,"23,1","18,5","23,4","22,9","18,5","18,1",76.0,72.0,75.0,308.0,6,"1,6",
2026/01/03,0200 UTC,0,"919,5","919,6","919,4",,"22,9","18,3","23,2","22,9","18,5","18,1",75.0,73.0,75.0,357.0,"5,3","2,1",
2026/01/03,0300 UTC,0,"919,8",920,"919,5",,"22,8","18,4",23,"22,8","18,5","18,3",76.0,75.0,76.0,289.0,"4,5","1,8",
2026/01/03,0400 UTC,0,"918,9","919,8","918,8",,"22,6","18,8","22,9","22,6","18,8","18,4",79.0,76.0,79.0,326.0,"3,6",",2",
2026/01/03,0500 UTC,0,"918,5",919,"918,5",,"22,3","18,8","22,6","22,3","18,9","18,7",81.0,79.0,80.0,29.0,"3,8",1,
2026/01/03,0600 UTC,0,"918,9",919,"918,5",,"21,9","18,6","22,3","21,9","18,8","18,5",82.0,80.0,81.0,360.0,"4,7","2,5",
2026/01/03,0700 UTC,0,919,919,"918,9",,"21,6","17,9","21,9","21,6","18,6","17,9",82.0,79.0,79.0,358.0,"5,7","2,8",
2026/01/03,0800 UTC,0,"919,1","919,2","918,9",,"21,4","18,1","21,6","21,4","18,1","17,7",82.0,79.0,82.0,342.0,"5,4","2,4",
2026/01/03,0900 UTC,0,"919,5","919,5","919,1","28,3","21,4","18,3","21,4","21,2","18,4","18,1",83.0,82.0,82.0,341.0,"5,4","1,5",
2026/01/03,1000 UTC,0,"920,1","920,1","919,5","325,9","22,1","18,1","22,2","21,4","18,3","18,1",82.0,78.0,78.0,356.0,"4,9","2,8",
2026/01/03,1100 UTC,0,"920,3","920,4","920,1","402,7","22,9","18,3",23,"22,1","18,6",18,79.0,75.0,75.0,351.0,"6,1","2,1",
2026/01/03,1200 UTC,0,"920,6","920,7","920,3","1235,5","24,6","18,5","24,6","22,8","18,8","18,1",75.0,69.0,69.0,356.0,"6,6","2,6",
2026/01/03,1300 UTC,0,"920,3","920,6","920,2",2447,"25,5","18,3","25,8","24,2","18,8","17,9",70.0,62.0,64.0,328.0,"9,2","4,6",
2026/01/03,1400 UTC,0,"920,3","920,4","920,2","2820,5","26,9","18,5",27,"25,6","18,8","17,6",65.0,60.0,60.0,336.0,9,4,
2026/01/03,1500 UTC,0,"920,2","920,3","920,2","2807,1","27,2",18,"27,7","26,4","18,8","17,7",61.0,55.0,57.0,355.0,"7,9","3,5",
2026/01/03,1600 UTC,0,"919,8","920,2","919,8","2311,4","27,6","17,7","28,1","26,8","18,2","16,8",58.0,51.0,55.0,351.0,"9,3",4,
2026/01/03,1700 UTC,0,"919,4","919,9","919,4","2540,8","28,9","16,7","29,7","27,6","18,3","16,1",55.0,46.0,48.0,327.0,"8,2","3,2",
2026/01/03,1800 UTC,0,"919,1","919,4",919,"2003,9","29,1","16,4","29,7","28,4","17,4","15,6",50.0,45.0,46.0,324.0,"8,7","3,1",
2026/01/03,1900 UTC,0,"918,4","919,1","918,4","1628,7","29,2","16,5","30,4","28,6","17,3","15,4",49.0,42.0,46.0,307.0,"8,5","2,5",
2026/01/03,2000 UTC,0,"917,9","918,4","917,9","1247,4","29,1","15,7","30,2","28,8","17,3",15,48.0,42.0,44.0,294.0,9,"2,6",
2026/01/03,2100 UTC,0,"917,9","917,9","917,6","787,2","28,8","15,1","30,1","28,8","16,1","15,1",45.0,41.0,43.0,292.0,"6,6","3,4",
2026/01/03,2200 UTC,0,919,919,"917,9","157,7","27,4","18,6","28,8","27,4","18,6","14,9",59.0,43.0,59.0,214.0,"7,3","2,2",
2026/01/03,2300 UTC,0,"920,1","920,1",919,,"25,5","17,8","27,4","25,5",19,"17,6",63.0,59.0,63.0,85.0,8,"2,3",
2026/01/04,0000 UTC,0,"920,5","920,6","920,1",,"24,7",18,"25,5","24,6",18,"17,7",66.0,62.0,66.0,82.0,"5,4","1,2",
2026/01/04,0100 UTC,0,"920,6","920,8","920,5",,"23,7","18,1","24,7","23,7","18,2","17,9",71.0,66.0,71.0,84.0,"3,1",",7",
2026/01/04,0200 UTC,0,"921,4","921,4","920,6",,"23,5","18,4",24,"23,5","18,6","18,1",73.0,71.0,73.0,192.0,"3,2",",4",
2026/01/04,0300 UTC,0,"921,9","921,9","921,4",,"23,9","18,1",24,"23,5","18,6","18,1",73.0,70.0,70.0,193.0,"5,5",",7",
2026/01/04,0400 UTC,0,922,922,"921,7",,"23,1",18,24,"23,1","18,1","17,3",73.0,67.0,73.0,217.0,7,"3,4",
2026/01/04,0500 UTC,0,"921,2",922,"921,2",,"22,1","17,7","23,1","22,1",18,"17,5",76.0,73.0,76.0,204.0,"7,4","1,3",
2026/01/04,0600 UTC,0,"920,9","921,2","920,9",,"22,1","17,6","22,3",22,"17,8","17,4",76.0,74.0,75.0,211.0,"3,9","1,6",
2026/01/04,0700 UTC,0,"921,3","921,3","920,9",,22,"17,6","22,2",22,"17,8","17,6",77.0,75.0,76.0,210.0,"3,6","1,7",
2026/01/04,0800 UTC,0,"921,9","921,9","921,2",,"21,7","17,5",22,"21,6","17,8","17,4",78.0,76.0,77.0,208.0,"4,6","1,7",
2026/01/04,0900 UTC,0,"922,3","922,3","921,7","29,2","21,4","16,8","21,7","21,3","17,5","16,7",77.0,74.0,75.0,229.0,"4,6","2,3",
2026/01/04,1000 UTC,0,"923,1","923,1","922,3","222,6","22,1","17,7","22,1","21,4","17,7","16,8",77.0,75.0,76.0,194.0,"4,7","1,7",
2026/01/04,1100 UTC,0,"923,5","923,5","923,1","389,1","22,2","17,1","22,2","21,8","17,8",17,76.0,73.0,73.0,187.0,"5,2","2,3",
2026/01/04,1200 UTC,0,"924,2","924,2","923,5","562,1","21,3","16,9","22,2","21,3","17,2","16,8",76.0,73.0,76.0,213.0,8,"3,7",
2026/01/04,1300 UTC,0,"924,5","924,5","924,2","653,6","22,3","16,6","22,6","21,3","17,5","16,6",77.0,70.0,70.0,206.0,8,"2,6",
2026/01/04,1400 UTC,0,"924,7","924,7","924,5","1492,3","23,2","16,7","24,3","22,3","17,4","16,4",71.0,63.0,67.0,187.0,"6,4","2,3",
2026/01/04,1500 UTC,0,"924,5","924,7","924,5",2239,"24,7","16,2","24,7","22,7","17,4",16,68.0,59.0,59.0,180.0,"7,3","2,8",
2026/01/04,1600 UTC,0,"924,3","924,6","924,2","3423,4","25,1","15,9","25,6",24,"17,3","15,5",62.0,56.0,57.0,196.0,"7,3","2,6",
2026/01/04,1700 UTC,0,"924,4","924,4","924,2","1191,8","22,7","15,9","25,1","22,5","16,2","15,5",66.0,57.0,66.0,210.0,"10,8","4,3",
2026/01/04,1800 UTC,0,"923,7","924,4","923,7","2723,2","26,1","16,7","26,1","22,7","16,7","15,3",66.0,56.0,56.0,201.0,"9,4","2,2",
2026/01/04,1900 UTC,0,"923,6","923,8","923,5","1099,6","22,3","15,6","26,1","21,9","16,3","15,2",67.0,53.0,66.0,203.0,"8,5","3,2",
2026/01/04,2000 UTC,0,"923,7","923,8","923,5","647,3","21,5","15,2","22,6","21,3","15,8","15,1",70.0,64.0,68.0,183.0,8,"2,7",
2026/01/04,2100 UTC,0,"924,4","924,4","923,7","275,1","20,5","14,8","21,7","20,3","15,6","14,5",70.0,67.0,70.0,194.0,"8,4","2,3",
2026/01/04,2200 UTC,0,"925,1","925,1","924,4","98,5","19,5","14,6","20,5","19,4","14,8","14,5",74.0,70.0,74.0,181.0,"8,8","1,9",
2026/01/04,2300 UTC,0,"925,8","925,8","925,2",,"19,2","14,5","19,6","19,2","14,9","14,5",75.0,73.0,74.0,163.0,"7,3","2,5",
2026/01/05,0000 UTC,0,"926,4","926,4","925,8",,"19,1","14,7","19,3","19,1","14,9","14,6",76.0,74.0,75.0,165.0,"6,8","2,8",
2026/01/05,0100 UTC,0,"926,8","926,8","926,4",,"19,1","14,8","19,4","19,1","14,9","14,6",76.0,75.0,76.0,162.0,"7,4","2,2",
2026/01/05,0200 UTC,0,"926,9","927,1","926,8",,"18,1","15,5","19,2","18,1","15,6","14,7",85.0,76.0,85.0,177.0,"8,1","2,3",
2026/01/05,0300 UTC,0,"926,5","926,9","926,5",,18,"15,4","18,1","17,8","15,7","15,2",86.0,85.0,85.0,168.0,"6,8","2,1",
2026/01/05,0400 UTC,0,"926,3","926,6","926,3",,"18,4","14,9","18,5",18,"15,4","14,7",85.0,79.0,80.0,173.0,"6,4","2,2",
2026/01/05,0500 UTC,0,926,"926,3",926,,"18,4","14,8","18,5","18,3",15,"14,7",80.0,79.0,79.0,170.0,"6,5",2,
2026/01/05,0600 UTC,0,"925,7",926,"925,7",,"18,3","14,7","18,5","18,3","14,9","14,6",80.0,79.0,80.0,153.0,"6,8","2,6",
2026/01/05,0700 UTC,0,"925,8","925,9","925,7",,"18,2","14,4","18,4","18,2","14,9","14,3",80.0,78.0,79.0,163.0,"8,3","2,2",
2026/01/05,0800 UTC,0,"926,1","926,1","925,8",,"18,2","14,5","18,3","18,1","14,6","14,4",79.0,78.0,79.0,164.0,"6,5","1,9",
2026/01/05,0900 UTC,0,"926,5","926,5","926,1","9,5","17,9","14,8","18,3","17,9","14,9","14,5",82.0,79.0,82.0,187.0,"6,6",2,
2026/01/05,1000 UTC,",2","927,2","927,2","926,5","120,5","17,7","15,6","17,9","17,2","15,8","14,8",89.0,82.0,87.0,168.0,"6,6","1,8",
2026/01/05,1100 UTC,0,"927,5","927,6","927,2","429,8","18,7","14,5","18,7","17,7","15,6","14,5",87.0,76.0,76.0,178.0,"6,6","2,2",
2026/01/05,1200 UTC,0,"927,8","927,8","927,5","804,9","19,9","14,6","19,9","18,7","14,9","13,8",77.0,70.0,72.0,152.0,"7,1",3,
2026/01/05,1300 UTC,0,"927,9",928,"927,8","1566,5","21,2","14,3","21,5","19,9","14,9","13,8",72.0,64.0,65.0,152.0,"6,4","2,7",
2026/01/05,1400 UTC,0,"927,6","927,9","927,6","2298,1","22,6","14,9",23,"21,2","15,2","13,8",67.0,59.0,62.0,149.0,"8,4","3,4",
2026/01/05,1500 UTC,0,"927,6","927,6","927,4",911,"20,6","14,7","23,4","20,5","15,1","13,8",69.0,57.0,69.0,191.0,"8,4","2,8",
2026/01/05,1600 UTC,0,"927,4","927,6","927,4",604,"20,9",15,"20,9",20,"15,1","14,4",72.0,68.0,69.0,181.0,"7,4","1,8",
2026/01/05,1700 UTC,0,"926,9","927,4","926,9","603,6","20,7","14,5","21,4","20,3",15,"14,2",70.0,65.0,68.0,192.0,"7,5","2,8",
2026/01/05,1800 UTC,0,"926,6","926,9","926,6","697,2","20,8","14,5","21,1","20,3","14,9","14,4",70.0,67.0,67.0,189.0,"8,1","3,3",
2026/01/05,1900 UTC,0,"926,8","926,8","926,6","766,4","20,1","15,3","21,5","19,5","15,4","14,4",75.0,66.0,74.0,188.0,"8,9",2,
2026/01/05,2000 UTC,0,"926,6","926,9","926,5","405,3",20,15,"20,5","19,4","15,5","14,5",75.0,72.0,73.0,192.0,"7,3","2,6",
2026/01/05,2100 UTC,0,"926,8","926,8","926,5","309,5","19,2","14,2","20,3","19,2","15,1","14,1",73.0,70.0,73.0,193.0,"8,1",3,
2026/01/05,2200 UTC,0,"927,5","927,5","926,8","40,4",19,"13,9","19,3","18,8","14,4","13,7",74.0,71.0,72.0,168.0,"8,4","2,3",
2026/01/05,2300 UTC,0,"927,9","927,9","927,5",,"18,3","14,8",19,"18,1","14,9","13,8",81.0,72.0,80.0,165.0,"8,4","1,9",
2026/01/06,0000 UTC,0,"928,2","928,3","927,9",,"18,5","14,5","18,5","18,3","14,8","14,5",80.0,77.0,77.0,167.0,"8,8","2,8",
2026/01/06,0100 UTC,0,"928,8","928,8","928,2",,"18,4","14,2","18,6","18,4","14,4",14,77.0,75.0,77.0,156.0,"8,5","3,8",
2026/01/06,0200 UTC,0,"928,7","928,9","928,7",,"18,1","14,5","18,4",18,"14,5","14,2",80.0,77.0,79.0,155.0,"8,8","3,1",
2026/01/06,0300 UTC,0,"928,2","928,7","928,2",,"17,6","14,6","18,2","17,4","14,8","14,3",84.0,79.0,82.0,153.0,"7,8",4,
2026/01/06,0400 UTC,0,"927,7","928,2","927,7",,"17,7","14,6","17,7","17,5","14,6","14,4",82.0,82.0,82.0,152.0,"7,7","2,8",
2026/01/06,0500 UTC,0,"927,4","927,7","927,4",,18,"14,2",18,"17,7","14,6","14,2",82.0,79.0,79.0,141.0,"7,3","2,8",
2026/01/06,0600 UTC,0,"927,3","927,4","927,1",,"17,9",14,"18,1","17,9","14,2","13,8",79.0,77.0,78.0,149.0,"6,1","2,6",
2026/01/06,0700 UTC,0,"927,2","927,3","927,1",,"17,9",14,18,"17,8","14,1","13,9",78.0,78.0,78.0,138.0,"6,7","2,4",
2026/01/06,0800 UTC,0,"927,3","927,3","927,1",,"17,9","13,8","17,9","17,8","14,2","13,8",79.0,77.0,77.0,138.0,"6,3","2,3",
2026/01/06,0900 UTC,0,"927,6","927,6","927,2","23,5","17,6","13,9","17,9","17,5","13,9","13,7",79.0,77.0,79.0,136.0,"6,9","2,8",
2026/01/06,1000 UTC,0,"927,9","927,9","927,6",294,"18,3","14,4","18,3","17,5","14,4","13,9",80.0,78.0,78.0,138.0,"6,9","2,9",
2026/01/06,1100 UTC,0,"928,3","928,3","927,8","774,2","19,4",14,"19,6","18,1","14,5","13,8",78.0,71.0,71.0,136.0,"8,3","3,2",
2026/01/06,1200 UTC,0,"928,8","928,8","928,3","913,8","20,2",14,"20,8",19,"14,8","13,6",72.0,66.0,68.0,116.0,"8,3","2,6",
2026/01/06,1300 UTC,0,"928,5","928,8","928,5","2599,5","22,1","13,7","23,1","19,9","14,5","13,1",68.0,56.0,59.0,108.0,"8,9","3,3",
2026/01/06,1400 UTC,0,"928,1","928,6","928,1","2895,4","24,2","14,2","24,2","21,8","14,5","12,9",61.0,53.0,54.0,121.0,"7,8","2,8",
2026/01/06,1500 UTC,0,"927,6","928,2","927,6","2614,5","24,6","14,3","24,9",23,"14,5","12,9",56.0,49.0,53.0,121.0,8,"2,9",
2026/01/06,1600 UTC,0,"927,2","927,6","927,2","3330,8",26,"13,9","26,7","24,6","14,7",13,54.0,45.0,47.0,97.0,"8,1","2,5",
2026/01/06,1700 UTC,0,"926,6","927,2","926,6","2278,3","27,1","14,8","27,1","25,4","15,2","13,1",50.0,45.0,47.0,112.0,"6,4","2,3",
2026/01/06,1800 UTC,0,"925,9","926,6","925,8","2471,3","27,1",14,28,"26,2","15,1","13,1",47.0,42.0,44.0,123.0,"5,7","1,9",
2026/01/06,1900 UTC,0,"925,3","925,9","925,3",1514,"26,4","13,9","27,9","26,4","14,7","13,1",47.0,41.0,46.0,114.0,"5,8","1,4",
2026/01/06,2000 UTC,0,"925,2","925,3",925,"1633,8","27,3","16,1","28,2","26,2","16,5","13,4",52.0,44.0,51.0,192.0,"7,4","2,3",
2026/01/06,2100 UTC,0,"925,6","925,7","925,2","616,6","24,1","16,3","27,3","23,8","16,6","15,6",62.0,50.0,62.0,216.0,"7,5",3,
2026/01/06,2200 UTC,0,"926,7","926,7","925,6","217,2","21,7",16,"24,1","21,7","16,2","15,8",70.0,61.0,70.0,219.0,"8,4","2,4",
2026/01/06,2300 UTC,0,"927,2","927,3","926,7",0,"20,9","15,8","21,7","20,9","16,1","15,7",73.0,70.0,73.0,214.0,"5,6","2,6",
2026/01/07,0000 UTC,0,928,928,"927,2",,"20,8",16,"20,9","20,6",16,"15,7",74.0,73.0,74.0,199.0,"5,3",2,
2026/01/07,0100 UTC,0,"928,3","928,4","927,9",,"20,7","16,1","20,9","20,5","16,2","15,8",75.0,73.0,75.0,177.0,"4,6","1,2",
2026/01/07,0200 UTC,0,"928,2","928,4","928,1",,21,"16,3","21,1","20,7","16,4","16,1",75.0,74.0,74.0,153.0,"4,2","1,9",
2026/01/07,0300 UTC,0,928,"928,2",928,,"20,8","16,1","21,1","20,8","16,4","16,1",75.0,74.0,74.0,134.0,"5,3","2,2",
2026/01/07,0400 UTC,0,"927,3",928,"927,3",,"20,6","15,5","20,9","20,6","16,2","15,5",75.0,72.0,72.0,118.0,"5,3","2,4",
2026/01/07,0500 UTC,0,"926,9","927,3","926,9",,"19,7","15,5","20,6","19,7","15,5","15,2",77.0,72.0,76.0,121.0,6,"1,7",
2026/01/07,0600 UTC,0,"926,7","926,9","926,6",,"19,4","15,7","19,7","19,4","15,7","15,5",79.0,76.0,79.0,121.0,"5,7","1,9",
2026/01/07,0700 UTC,0,"926,9","926,9","926,6",,"19,1","15,4","19,4","19,1","15,7","15,4",79.0,79.0,79.0,119.0,"4,1","1,3",
2026/01/07,0800 UTC,0,"927,1","927,1","926,7",,"18,8","14,9","19,2","18,8","15,4","14,9",79.0,77.0,78.0,111.0,"5,3",2,
2026/01/07,0900 UTC,0,"927,5","927,6",927,32,"18,7","15,2","18,8","18,6","15,2","14,9",80.0,78.0,80.0,119.0,"4,7","1,3",
2026/01/07,1000 UTC,0,"928,2","928,2","927,5","432,5","20,1","15,5","20,1","18,7","15,7","15,2",80.0,75.0,75.0,118.0,"3,6",",9",
2026/01/07,1100 UTC,0,"928,4","928,4","928,1","1070,6","22,2","15,9","22,2","20,1","16,4","15,2",75.0,66.0,68.0,115.0,"3,5","1,2",
2026/01/07,1200 UTC,0,"928,4","928,6","928,4","1903,7","23,9","15,9",24,"22,2","16,1","15,3",68.0,60.0,61.0,114.0,"4,5","1,6",
2026/01/07,1300 UTC,0,"928,1","928,4","928,1",2114,"25,7","16,4","25,7","23,7","16,8","15,3",62.0,55.0,57.0,7.0,"4,7","1,9",
2026/01/07,1400 UTC,0,928,"928,2",928,"2578,9","25,9","15,4","26,9","25,2","16,3","15,1",57.0,50.0,53.0,26.0,6,"1,7",
2026/01/07,1500 UTC,0,"927,5","928,1","927,5",2728,"28,2","15,5","28,2","25,7","16,2","14,4",54.0,44.0,46.0,63.0,"6,2","2,6",
2026/01/07,1600 UTC,0,"926,8","927,5","926,8","2732,6","28,6","15,5","28,9","27,1","16,1","13,9",50.0,42.0,45.0,305.0,"5,7","2,6",
2026/01/07,1700 UTC,0,"926,3","926,8","926,3","3061,2","28,7","15,4","29,2",28,"16,2","14,2",46.0,42.0,44.0,7.0,"9,6","3,9",
2026/01/07,1800 UTC,0,"925,6","926,3","925,6","2085,6","28,4","15,3","29,1","27,6","16,3","14,8",48.0,43.0,45.0,41.0,"9,6","3,4",
2026/01/07,1900 UTC,0,"925,2","925,7","924,9","1362,8","27,1","16,1","29,2","27,1","16,1","14,3",51.0,42.0,51.0,138.0,"7,3","1,9",
2026/01/07,2000 UTC,"22,2","925,3","925,5","924,9",68,"18,2","16,7","27,1","17,5","18,9","15,6",91.0,51.0,91.0,213.0,"16,7","6,2",
2026/01/07,2100 UTC,"18,8","926,3","926,3","925,3","65,4",19,"17,3","19,6","18,1","18,1","16,3",92.0,89.0,90.0,214.0,"15,7","1,5",
2026/01/07,2200 UTC,",8","926,6","926,8","926,2","32,1","19,6","17,7","19,8","18,7","17,9","17,1",91.0,88.0,89.0,149.0,4,",1",
2026/01/07,2300 UTC,0,"927,1","927,4","926,5",,"20,9","19,2",21,"19,5","19,2","17,7",90.0,89.0,90.0,211.0,4,",9",
2026/01/08,0000 UTC,0,"927,4","927,4","927,1",,"20,9","19,2","20,9","20,6","19,2","18,8",90.0,89.0,90.0,54.0,"2,3",",2",
2026/01/08,0100 UTC,0,"928,2","928,2","927,2",,"20,7","18,8","21,1","20,6","19,3","18,3",90.0,87.0,89.0,254.0,"2,5","1,1",
2026/01/08,0200 UTC,0,"928,4","928,4","928,2",,"20,5","18,6","20,9","20,4",19,"18,6",90.0,89.0,89.0,354.0,"1,7",0,
2026/01/08,0300 UTC,0,"928,3","928,4","928,2",,"20,6","17,7","20,7","20,1","18,7","17,7",89.0,83.0,83.0,345.0,"1,5",",9",
2026/01/08,0400 UTC,,,,,,,,,,,,,,,,,,
2026/01/08,0500 UTC,0,"927,2","927,7","927,1",,"20,1","16,5","20,5","20,1","17,6","16,4",85.0,78.0,80.0,107.0,"2,9",",7",
2026/01/08,0600 UTC,0,"926,9","927,2","926,7",,20,"16,5","20,4",20,"16,9","16,4",81.0,79.0,80.0,160.0,"3,1","1,2",
2026/01/08,0700 UTC,0,"927,4","927,5","926,9",,"20,4","16,7","21,1",20,"16,8","16,4",81.0,76.0,79.0,286.0,"2,8","1,1",
2026/01/08,0800 UTC,0,"927,2","927,4","927,2",,"20,6","16,4","21,1","20,4","16,7","16,3",79.0,75.0,77.0,29.0,3,",9",
2026/01/08,0900 UTC,0,"927,5","927,5","927,1","17,5","20,5","16,4","20,6","19,9","16,6","16,2",80.0,77.0,77.0,11.0,"1,5",0,
2026/01/08,1000 UTC,0,"927,8","927,8","927,4","537,2","22,4","16,2","22,4","20,5","16,9","16,1",78.0,68.0,68.0,355.0,5,"1,3",
2026/01/08,1100 UTC,0,"927,9","928,1","927,8","1452,3",24,"15,7","24,4","22,4","16,8","15,7",68.0,60.0,60.0,343.0,4,2,
2026/01/08,1200 UTC,0,"927,8",928,"927,7","2313,6","25,6","15,7","25,9",24,"16,3","15,5",61.0,54.0,54.0,16.0,"6,6","2,7",
2026/01/08,1300 UTC,0,"927,9",928,"927,8","3044,2","26,7","15,4","27,4","25,5","16,8","15,2",55.0,49.0,50.0,9.0,7,3,
2026/01/08,1400 UTC,0,"927,7","927,9","927,7","3160,4","27,8","15,3","28,2","26,3","16,7","15,3",51.0,46.0,47.0,11.0,"7,1","2,9",
2026/01/08,1500 UTC,0,"927,3","927,8","927,3","2531,5","27,9","15,5","29,2","27,4","16,5","14,7",49.0,42.0,47.0,330.0,"7,2","2,2",
2026/01/08,1600 UTC,0,"926,6","927,3","926,6","3411,5","29,1","14,9",30,"27,9","15,9",14,47.0,39.0,42.0,10.0,"7,2","2,4",
2026/01/08,1700 UTC,0,926,"926,7",926,"2737,1","30,4","14,3","30,7",29,"16,9","13,9",45.0,37.0,38.0,348.0,"6,2","1,9",
2026/01/08,1800 UTC,0,"924,9",926,"924,9","2933,6","30,9","13,5","31,4","29,7","16,1","13,4",41.0,34.0,35.0,337.0,"6,5",3,
2026/01/08,1900 UTC,0,"925,5","925,5","924,8","1398,6","25,4","16,7","31,9","25,4","18,3","12,8",58.0,32.0,58.0,152.0,"9,7",4,
2026/01/08,2000 UTC,0,"926,2","926,3","925,5","316,5","23,9","16,2","25,4","22,6","17,1","15,6",70.0,58.0,62.0,133.0,"9,7","3,3",
2026/01/08,2100 UTC,9,"926,6",927,"926,1","42,7","19,9","17,7","23,9","19,9","18,1",16,87.0,62.0,87.0,121.0,"8,4",2,
2026/01/08,2200 UTC,"4,6","927,1","927,1","926,3","6,8",20,"18,2","20,1","19,2","18,3","17,5",91.0,87.0,89.0,156.0,"5,4","1,1",
2026/01/08,2300 UTC,"1,2",928,928,927,,"20,6","18,7","20,6","19,8","18,9","17,9",90.0,89.0,89.0,35.0,3,",8",
2026/01/09,0000 UTC,0,"928,3","928,3",928,,"20,4","18,6","20,7","20,3",19,"18,4",90.0,89.0,89.0,216.0,"2,3",",2",
2026/01/09,0100 UTC,0,"928,3","928,3",928,,"20,9","18,9","21,3","20,4","19,3","18,6",90.0,88.0,89.0,141.0,"2,5",",3",
2026/01/09,0200 UTC,",2","928,1","928,5","927,9",,"21,5","19,1","21,5","20,8","19,4","18,9",89.0,86.0,86.0,44.0,"2,7",",9",
2026/01/09,0300 UTC,0,"928,7","928,8",928,,"21,1",19,"21,6","20,8","19,1","18,5",88.0,85.0,88.0,240.0,"2,7","1,2",
2026/01/09,0400 UTC,0,"928,4","928,7","928,3",,"21,2","19,2","21,2",21,"19,2",19,89.0,88.0,88.0,245.0,"4,3",",7",
2026/01/09,0500 UTC,0,928,"928,4",928,,21,"18,9","21,4",21,"19,2","18,8",88.0,87.0,87.0,150.0,"1,6",",5",
2026/01/09,0600 UTC,0,"927,4",928,"927,4",,"21,4","18,6","21,5",21,"19,2","18,6",88.0,84.0,84.0,40.0,"1,8",",5",
2026/01/09,0700 UTC,0,"927,1","927,4","927,1",,"21,1","18,5","21,4",21,"18,8","18,3",86.0,84.0,85.0,107.0,"3,5","1,1",
2026/01/09,0800 UTC,0,"927,2","927,2",927,,"20,6",18,"21,1","20,6","18,4","17,9",85.0,83.0,85.0,84.0,"2,9",",2",
2026/01/09,0900 UTC,0,"927,7","927,7","927,2","16,1","20,5","17,7","20,9","20,4","18,3","17,6",86.0,83.0,84.0,91.0,"2,2",",6",
2026/01/09,1000 UTC,0,"928,1","928,1","927,7","514,5","23,8","18,9","23,8","20,4","18,9","17,6",85.0,73.0,74.0,189.0,"2,2",",2",
2026/01/09,1100 UTC,0,"928,1","928,2","928,1","1384,5","24,9","17,4","26,7","23,6","19,2","16,9",74.0,59.0,63.0,115.0,2,1,
2026/01/09,1200 UTC,0,928,"928,1",928,"1430,2","26,5","16,6",27,"24,8","18,2","16,5",65.0,53.0,55.0,107.0,"3,8","1,5",
2026/01/09,1300 UTC,0,"928,2","928,2",928,2651,"28,2","16,6","28,6","26,3","18,2","16,6",57.0,49.0,49.0,141.0,"3,5","1,6",
2026/01/09,1400 UTC,0,"927,8","928,3","927,7","3109,6","29,8","15,8","29,8",28,"17,5","15,2",52.0,42.0,43.0,354.0,5,"1,8",
2026/01/09,1500 UTC,0,"927,6","927,8","927,6","3104,8","30,9","13,8","30,9","28,9","15,4","12,8",43.0,34.0,35.0,2.0,"5,9","2,3",
2026/01/09,1600 UTC,0,"927,2","927,6","927,2",3725,32,"12,4","32,2","30,4","14,5","11,2",36.0,29.0,30.0,18.0,"5,8","2,1",
2026/01/09,1700 UTC,0,"926,6","927,2","926,6","3212,4",32,"13,2","33,1","31,3",15,"11,2",35.0,28.0,32.0,325.0,"5,5","1,9",
2026/01/09,1800 UTC,0,"926,4","926,6","926,2","1746,8","28,4","18,5",33,"28,4","18,5","10,5",55.0,26.0,55.0,181.0,"6,3","2,3",
2026/01/09,1900 UTC,0,"926,9","926,9","926,1","323,6","24,8","16,4","28,4","24,8","18,6","14,4",60.0,49.0,60.0,204.0,"12,5","1,5",
2026/01/09,2000 UTC,0,927,927,"926,4","147,6","24,1","19,7","24,8","24,1",20,17,76.0,60.0,76.0,202.0,"6,1","2,8",
2026/01/09,2100 UTC,0,"926,8","927,2","926,6","158,5","24,2","19,4","24,4",24,"19,7","19,3",76.0,74.0,75.0,207.0,"5,6","1,5",
2026/01/09,2200 UTC,0,927,927,"926,8",86,"23,7","19,4","24,3","23,7","19,5","19,2",77.0,74.0,77.0,174.0,"3,8",1,
2026/01/09,2300 UTC,0,"927,3","927,3","926,9",,"23,2","19,4","23,7","23,2","19,5","19,2",79.0,77.0,79.0,184.0,"4,3",",9",
2026/01/10,0000 UTC,0,"927,6","927,8","927,3",,"22,9","19,5","23,2","22,9","19,6","19,3",81.0,79.0,81.0,169.0,"2,7",",9",
2026/01/10,0100 UTC,0,"927,8","927,8","927,6",,"22,9","19,3","23,1","22,9","19,7","19,3",81.0,80.0,80.0,140.0,"4,1","2,2",
2026/01/10,0200 UTC,0,"927,7",928,"927,7",,"22,6","19,2","22,9","22,6","19,3","19,2",81.0,80.0,81.0,138.0,"4,1","1,9",
2026/01/10,0300 UTC,0,"927,2","927,7","927,2",,"22,2",19,"22,6","22,1","19,1","18,9",82.0,81.0,82.0,137.0,"3,7","1,3",
2026/01/10,0400 UTC,0,"926,3","927,2","926,3",,22,19,"22,2","21,9",19,"18,8",83.0,82.0,83.0,121.0,"3,3","1,7",
2026/01/10,0500 UTC,0,"926,2","926,3","926,1",,"21,5","18,9",22,"21,5","19,1","18,9",85.0,83.0,85.0,104.0,"3,3",",6",
2026/01/10,0600 UTC,0,"925,9","926,2","925,9",,"21,5","18,5","21,8","21,5","19,1","18,5",86.0,83.0,83.0,122.0,"2,7",",7",
2026/01/10,0700 UTC,0,"925,7","925,9","925,7",,"21,5","18,1","21,7","21,4","18,4","17,9",83.0,80.0,81.0,105.0,"3,6","1,5",
2026/01/10,0800 UTC,0,"926,3","926,3","925,7",,"20,6","17,7","21,5","20,6","18,1","17,7",84.0,81.0,84.0,153.0,4,",6",
2026/01/10,0900 UTC,0,"926,8","926,8","926,3","22,4",21,18,21,"20,4","18,1","17,7",85.0,83.0,83.0,111.0,"2,6",",7",
2026/01/10,1000 UTC,0,"927,3","927,3","926,8",537,"23,6","18,3","23,6",21,"18,7",18,83.0,72.0,72.0,139.0,"3,6",",9",
2026/01/10,1100 UTC,0,"927,4","927,5","927,3","1416,6","26,4","17,3","26,4","23,6","18,7","17,2",72.0,57.0,57.0,128.0,3,"1,5",
2026/01/10,1200 UTC,0,"927,3","927,4","927,3","2233,1","29,1","15,4","29,1","26,4","18,1","15,2",59.0,44.0,44.0,82.0,"5,3","2,1",
2026/01/10,1300 UTC,0,"926,9","927,3","926,9","2978,8",29,"15,5","29,5","28,2",16,"14,9",47.0,42.0,44.0,19.0,"5,8","1,8",
2026/01/10,1400 UTC,0,"925,9","926,9","925,9","3554,1","30,2","15,5","30,3",29,"16,3","14,9",45.0,40.0,41.0,354.0,"6,8","2,8",
2026/01/10,1500 UTC,0,"925,4","925,9","925,4","2758,9","30,7","14,7","31,1","29,5","15,8",14,42.0,37.0,38.0,350.0,"7,8","3,2",
2026/01/10,1600 UTC,0,"924,9","925,4","924,9","3542,9","32,1","13,1","32,7","30,6",15,"11,9",39.0,29.0,32.0,351.0,"7,5","2,5",
2026/01/10,1700 UTC,0,924,"924,9","923,9","3687,9","32,9","13,3","33,4","32,1","14,6","11,5",33.0,28.0,31.0,347.0,"7,4","3,3",
2026/01/10,1800 UTC,0,923,924,"922,9","3107,1","33,6","13,2","33,8","31,9","13,9","12,2",33.0,28.0,29.0,349.0,"7,4","2,8",
2026/01/10,1900 UTC,0,"922,2",923,"922,2","2775,6",33,"10,9","34,6",33,"14,3","10,1",31.0,25.0,26.0,83.0,"7,4","1,9",
2026/01/10,2000 UTC,0,922,"922,2","921,8","1493,6","33,3",8,"33,4","32,7","12,7","6,1",29.0,18.0,21.0,77.0,"6,4",",7",
2026/01/10,2100 UTC,0,"922,3","922,3","921,9","262,2","29,5","12,1","33,3","29,2","12,6","7,7",36.0,21.0,34.0,29.0,9,",8",
2026/01/10,2200 UTC,0,924,924,"922,3","31,1",26,18,"29,5",26,"20,3","12,2",65.0,34.0,62.0,212.0,"8,3","2,8",
2026/01/10,2300 UTC,0,"924,1","924,4",924,,"25,1","17,5",26,25,"18,1","17,4",64.0,61.0,63.0,193.0,"5,2",",7",
2026/01/11,0000 UTC,0,"925,5","925,5","924,1",,"25,5","17,5","25,8","25,1","17,9","17,2",63.0,60.0,61.0,286.0,"5,9","2,8",
2026/01/11,0100 UTC,"2,2","926,2","926,3","925,5",,"22,6","18,8","25,5","22,3",19,"17,5",81.0,61.0,79.0,259.0,"6,6","2,1",
2026/01/11,0200 UTC,0,926,"926,3",926,,"22,6","18,6","22,8","22,4","19,3","18,6",81.0,78.0,78.0,192.0,"4,6",",8",
2026/01/11,0300 UTC,0,"925,3",926,"925,3",,"22,1","18,5","22,6","22,1","18,9","18,4",80.0,78.0,80.0,106.0,"2,1",",3",
2026/01/11,0400 UTC,0,"924,4","925,3","924,4",,"22,2","18,4","22,6","22,1","18,6","18,3",80.0,78.0,79.0,98.0,"1,9",",7",
2026/01/11,0500 UTC,0,"924,1","924,4",924,,"22,7","18,2",23,"22,2","18,7","18,2",79.0,75.0,76.0,30.0,"2,4",0,
2026/01/11,0600 UTC,0,"924,1","924,1",924,,"22,3",18,"22,7","22,1","18,3",18,78.0,76.0,77.0,79.0,"1,6",",3",
2026/01/11,0700 UTC,0,"924,1","924,2","924,1",,"22,2","17,9","22,3","21,9","18,1","17,7",78.0,76.0,77.0,52.0,"1,6",0,
2026/01/11,0800 UTC,0,"924,4","924,4",924,,"22,1","17,4","22,4","21,9","18,1","17,4",77.0,74.0,75.0,350.0,"1,8",1,
2026/01/11,0900 UTC,0,925,925,"924,4",28,"21,9",18,"22,3","21,8",18,"17,4",79.0,74.0,79.0,306.0,"2,8",",3",
2026/01/11,1000 UTC,0,"925,2","925,2","924,9","350,7","23,6",18,"23,6","21,9","18,2","17,6",79.0,71.0,71.0,1.0,"1,8",",3",
2026/01/11,1100 UTC,0,"925,5","925,6","925,1","847,1","25,7","18,1","25,7","23,6","18,5","17,2",71.0,62.0,63.0,206.0,"1,9",",9",
2026/01/11,1200 UTC,0,"925,7","925,7","925,4","2386,8","27,8","15,6","28,3","25,6","18,1","15,3",63.0,46.0,47.0,43.0,"6,4","2,6",
2026/01/11,1300 UTC,0,"925,8","925,8","925,7","3000,3","28,5","14,6","29,1","27,4","16,4","14,6",50.0,43.0,43.0,23.0,"8,8","3,5",
2026/01/11,1400 UTC,0,"925,3","925,8","925,3","3609,3","29,5","14,6","30,2","28,5","15,6","13,5",45.0,37.0,40.0,349.0,"10,1","4,2",
2026/01/11,1500 UTC,0,"924,9","925,3","924,8","3626,2",31,"13,4",31,"29,5","14,9","12,9",40.0,34.0,34.0,7.0,"8,8",4,
2026/01/11,1600 UTC,0,"924,4","924,9","924,4","3654,5","31,1","13,2","31,5","30,5","14,3","12,6",36.0,32.0,33.0,351.0,"8,8","4,5",
2026/01/11,1700 UTC,0,"923,8","924,5","923,8","3575,5","32,3","13,2","32,7","30,6","13,4","11,7",34.0,28.0,31.0,360.0,"8,8","2,7",
2026/01/11,1800 UTC,0,"923,2","923,8","923,1","3126,2","32,5","11,4",33,"31,3","13,9","10,7",33.0,27.0,28.0,21.0,"7,2","2,4",
2026/01/11,1900 UTC,0,"922,6","923,2","922,6","1950,3","32,6",11,33,"31,2","12,7","10,5",31.0,26.0,27.0,357.0,"6,7","2,3",
2026/01/11,2000 UTC,0,"922,2","922,6","922,2","1255,4","32,9","10,9","32,9","31,2","11,9","9,9",30.0,25.0,26.0,38.0,"6,6","1,5",
2026/01/11,2100 UTC,0,"922,3","922,3","922,2","988,4","32,4","8,8",33,32,"10,7","8,2",26.0,22.0,23.0,22.0,"5,8","1,1",
2026/01/11,2200 UTC,0,"922,8","922,8","922,3","145,8","30,5","9,7","32,6","30,5","9,8","8,1",28.0,22.0,28.0,18.0,"3,8","1,2",
2026/01/11,2300 UTC,0,"923,2","923,2","922,8",,"28,9","15,5","30,5","28,9","15,6","9,7",45.0,28.0,44.0,229.0,3,",8",
2026/01/12,0000 UTC,0,924,924,"923,2",,"27,4","19,5","28,9","27,4","20,1","16,6",63.0,44.0,62.0,153.0,"3,8","1,6",
2026/01/12,0100 UTC,0,"924,5","924,5",924,,"26,8","17,1","27,5","26,8","19,5",17,62.0,54.0,55.0,153.0,"3,8","1,3",
2026/01/12,0200 UTC,0,"924,4","924,5","924,4",,"26,3","16,8","27,1","26,1",17,"16,3",56.0,52.0,56.0,137.0,"3,9","1,3",
2026/01/12,0300 UTC,0,924,"924,4",924,,"25,5","17,1","26,4","25,5","17,2","16,8",60.0,56.0,60.0,158.0,"3,1",",7",
2026/01/12,0400 UTC,0,"923,5",924,"923,5",,"25,2","17,8","25,6","24,8","17,9","16,8",63.0,59.0,63.0,81.0,"2,1",",7",
2026/01/12,0500 UTC,0,"923,4","923,5","923,4",,"24,6","16,8","25,3","24,5","18,1","16,8",66.0,62.0,62.0,96.0,"2,3",0,
2026/01/12,0600 UTC,0,"923,5","923,5","923,4",,"24,2","16,6","24,8","24,2","16,9","16,3",63.0,60.0,62.0,61.0,"2,1",",4",
2026/01/12,0700 UTC,0,"923,7","923,7","923,5",,"23,9",16,"24,2","23,5","17,1",16,65.0,61.0,61.0,101.0,"2,9",1,
2026/01/12,0800 UTC,0,"923,9",924,"923,7",,"23,8","15,8","24,1","23,6","16,5","15,8",64.0,61.0,61.0,75.0,"2,5",",6",
2026/01/12,0900 UTC,0,"924,3","924,3","923,9","26,8","23,9","15,9","23,9","23,2","16,1","15,8",64.0,61.0,61.0,104.0,"2,3",",9",
2026/01/12,1000 UTC,0,925,925,"924,3","540,7","25,5","14,9","25,8","23,9","15,8","14,7",61.0,51.0,52.0,110.0,"3,6",1,
2026/01/12,1100 UTC,0,"925,7","925,7",925,"837,7","26,6","15,1","26,6","25,4","15,4","14,6",54.0,49.0,50.0,120.0,"4,4","1,3",
2026/01/12,1200 UTC,0,"925,9","925,9","925,7","1950,3","28,5","11,4","28,5","26,6","15,7","10,9",51.0,34.0,35.0,33.0,"3,5","1,5",
2026/01/12,1300 UTC,0,"925,7",926,"925,7","2649,2","30,1","11,9","30,4","28,3","12,8","10,6",37.0,30.0,33.0,46.0,"7,1","1,8",
2026/01/12,1400 UTC,0,"925,8","925,9","925,7","3222,7","30,5","12,4","30,8","29,7","12,8","11,1",34.0,31.0,33.0,360.0,"9,1","2,6",
2026/01/12,1500 UTC,0,"925,4","925,8","925,4","3371,1","30,9",13,"31,3","29,7","14,1","12,2",36.0,32.0,34.0,356.0,9,"4,2",
2026/01/12,1600 UTC,0,"924,9","925,4","924,8","3781,7","31,8","13,4","32,2","30,8","13,4","11,5",34.0,29.0,33.0,341.0,9,"3,4",
2026/01/12,1700 UTC,0,"924,1","924,9","924,1","3806,7","32,8","11,5","33,3","31,7","13,5","10,4",34.0,26.0,27.0,44.0,"7,7","3,4",
2026/01/12,1800 UTC,0,"923,4","924,1","923,4","3096,4","33,3","10,1","33,5","32,1","12,3","9,7",29.0,24.0,24.0,23.0,"7,8","1,7",
2026/01/12,1900 UTC,0,"923,2","923,4","922,7","2136,9",32,"8,9","34,2","31,8","11,1","8,5",26.0,21.0,24.0,59.0,"5,2","1,3",
2026/01/12,2000 UTC,0,"923,2","923,5","923,1","546,9","28,6","19,4","32,1","28,6","19,4","8,8",58.0,24.0,58.0,203.0,"6,5","2,7",
2026/01/12,2100 UTC,0,"923,7","923,7","923,1","184,1","27,7",20,"28,6","27,7",20,"19,5",63.0,58.0,63.0,243.0,6,"1,9",
2026/01/12,2200 UTC,"5,2","924,3","924,3","923,7","33,3","25,2",22,"27,7","24,4","22,2","19,9",84.0,63.0,82.0,207.0,"4,5",",9",
2026/01/12,2300 UTC,0,"925,4","925,4","924,2",",4","25,2","21,4","25,5",25,22,"21,1",82.0,78.0,79.0,219.0,"3,6","1,3",
2026/01/13,0000 UTC,0,926,926,"925,4",,"25,3","19,1","25,3","24,9","21,3",19,79.0,68.0,68.0,154.0,4,"1,8",
2026/01/13,0100 UTC,0,"926,2","926,3",926,,"25,6","17,3","25,6",25,"19,2","17,2",70.0,60.0,60.0,137.0,6,"2,6",
2026/01/13,0200 UTC,0,"926,2","926,6","926,1",,"25,2","16,5","25,6","25,2","17,6","16,4",62.0,58.0,58.0,160.0,6,"1,6",
2026/01/13,0300 UTC,0,"926,1","926,2","925,8",,"24,3","18,6","25,2","24,3","18,8","16,5",71.0,58.0,71.0,142.0,"5,6","1,6",
2026/01/13,0400 UTC,",2","925,6","926,3","925,6",,"23,3","19,3","24,3","23,3","19,3","18,6",78.0,71.0,78.0,223.0,"3,9","1,4",
2026/01/13,0500 UTC,"1,6","925,1","925,6","924,4",,"22,5","19,9","23,3","22,4","20,1","19,3",86.0,78.0,85.0,304.0,"3,7",0,
2026/01/13,0600 UTC,",2",925,"925,3","924,7",,"22,1","19,9","22,6",22,"20,1","19,7",88.0,85.0,88.0,293.0,"2,6","1,3",
2026/01/13,0700 UTC,0,"924,8",925,"924,7",,"22,1","19,9","22,4",22,"20,1","19,7",88.0,86.0,87.0,328.0,"2,8","1,5",
2026/01/13,0800 UTC,0,"926,1","926,1","924,8",,"21,2","18,6","22,2","21,2","19,9","18,6",87.0,85.0,85.0,338.0,"8,2","3,7",
2026/01/13,0900 UTC,0,"927,3","927,3","926,1","11,3","20,4","16,7","21,3","20,4","18,7","16,4",85.0,76.0,79.0,325.0,"11,1","3,6",
2026/01/13,1000 UTC,0,"928,2","928,2","927,2","59,7","20,3","16,6","20,5","20,3","16,8","16,5",80.0,78.0,79.0,350.0,"8,7","1,7",
2026/01/13,1100 UTC,1,"929,3","929,3","928,2","77,5",20,"16,4","20,9",20,"16,9",16,80.0,74.0,80.0,47.0,"4,7","1,9",
2026/01/13,1200 UTC,"2,6","929,2","929,4","929,2","113,3","19,7","17,6",20,"19,6","17,7","16,4",88.0,80.0,88.0,77.0,"5,7","2,3",
2026/01/13,1300 UTC,1,"928,3","929,3","928,3","343,1","20,3","16,1","20,3","19,7","17,7","16,1",88.0,77.0,77.0,348.0,"5,9","2,6",
2026/01/13,1400 UTC,",2","927,4","928,3","927,4","624,3","21,4","17,6","21,4","20,3","17,6","15,8",80.0,73.0,79.0,259.0,"5,5",",7",
2026/01/13,1500 UTC,0,"927,3","928,1","927,2","1127,9","22,9",16,"23,2","21,3","17,5","15,6",79.0,65.0,65.0,31.0,"9,1",",7",
2026/01/13,1600 UTC,0,"927,4","927,6","927,3","2718,8","26,6","16,4","26,8","22,9","18,1","15,8",69.0,54.0,54.0,83.0,"3,4",",5",
2026/01/13,1700 UTC,0,"926,3","927,4","926,3","3612,8","28,7","14,2","28,7","26,2","17,9","12,8",58.0,38.0,41.0,8.0,"6,2","3,3",
2026/01/13,1800 UTC,0,"925,2","926,3","925,2","3367,8","29,6","13,5","30,1","28,7","15,8",13,44.0,36.0,37.0,335.0,"6,8","3,3",
2026/01/13,1900 UTC,0,"924,4","925,2","924,4",2683,"30,1",13,"30,9","29,4","14,6",12,39.0,32.0,35.0,326.0,"6,8","3,1",
2026/01/13,2000 UTC,0,"924,3","924,4","924,2","1858,3","30,3","13,2","30,8",30,"13,5","11,4",37.0,30.0,35.0,349.0,"5,5","1,9",
2026/01/13,2100 UTC,0,"924,7","924,7","924,3","1101,2","29,8","13,7","30,4","29,6","14,5",13,39.0,34.0,37.0,43.0,"4,3","1,4",
2026/01/13,2200 UTC,0,"925,5","925,5","924,6","257,4","25,7","19,1",30,"25,7","19,1","13,6",67.0,37.0,67.0,215.0,"6,2","2,8",
2026/01/13,2300 UTC,"3,4","927,7","927,7","925,5","1,5","18,9","16,3","25,7","18,9","19,5",16,85.0,67.0,85.0,159.0,"13,9","5,6",
2026/01/14,0000 UTC,19,"928,8","928,8","927,7",,"19,6","18,2","19,6","17,9","18,2",16,92.0,85.0,92.0,107.0,"12,9","3,3",
2026/01/14,0100 UTC,"1,2","928,8","929,1","928,7",,"19,7","17,8","19,9","19,7","18,3","17,6",92.0,88.0,89.0,87.0,"9,6",4,
2026/01/14,0200 UTC,"1,2",929,"929,1","928,7",,"19,6","17,2",20,"19,6","17,9","17,2",89.0,86.0,86.0,65.0,"9,2",",9",
2026/01/14,0300 UTC,0,"928,1","929,1","928,1",,"20,4","16,8","20,7","19,6","17,5","16,8",86.0,78.0,80.0,353.0,"3,9","2,3",
2026/01/14,0400 UTC,0,"926,7","928,1","926,7",,"20,6",16,"20,7","20,3","16,8",16,80.0,74.0,75.0,342.0,"6,3","2,8",
2026/01/14,0500 UTC,0,"926,5","926,7","926,3",,"20,7","15,9",21,"20,5",16,"15,6",75.0,72.0,74.0,7.0,"6,3","2,5",
2026/01/14,0600 UTC,0,"926,3","926,7","926,3",,"20,1","16,7","20,7","19,9","16,7",16,81.0,74.0,81.0,107.0,"5,5",",8",
2026/01/14,0700 UTC,0,"926,3","926,4","926,2",,20,"16,1","20,4",20,"16,8","16,1",81.0,76.0,78.0,90.0,"2,9",0,
2026/01/14,0800 UTC,0,"926,7","926,7","926,2",,"19,8","16,2","20,1","19,8","16,3","16,1",80.0,78.0,80.0,110.0,"1,8",0,
2026/01/14,0900 UTC,0,"927,3","927,3","926,7","19,3","20,3","16,7","20,3","19,8","16,7","16,2",80.0,79.0,80.0,119.0,"1,8",",7",
2026/01/14,1000 UTC,0,"927,7","927,7","927,3",360,"21,5","15,9","21,8","20,3",17,"15,7",80.0,70.0,70.0,323.0,"1,8",",3",
2026/01/14,1100 UTC,0,928,928,"927,7","807,9","23,2",16,"23,4","21,5","16,7","15,6",72.0,63.0,64.0,330.0,"1,7",",5",
2026/01/14,1200 UTC,0,"928,3","928,3",928,"2023,6","25,1","16,2","25,8","22,8","16,9","15,5",65.0,55.0,58.0,99.0,"3,2","1,5",
2026/01/14,1300 UTC,0,"928,2","928,3","928,1","2948,4","27,1","16,3","27,5","25,1",17,"15,3",58.0,50.0,52.0,137.0,"3,9","1,4",
2026/01/14,1400 UTC,0,"927,9","928,2","927,9","3442,7","28,4","15,1","28,5","26,2","16,8",14,55.0,42.0,44.0,28.0,"5,7","1,4",
2026/01/14,1500 UTC,0,"927,5","927,9","927,5","3540,8","28,5","14,8","29,2","27,6","16,1","12,8",47.0,38.0,43.0,35.0,"7,7",2,
2026/01/14,1600 UTC,0,"926,8","927,5","926,7","2974,2","28,4","15,3","29,3","27,9","16,3","14,1",48.0,42.0,45.0,13.0,"6,5","1,9",
2026/01/14,1700 UTC,0,"926,1","926,8","926,1","1433,9","25,7","16,5","28,4","25,7","16,7","14,4",57.0,43.0,57.0,108.0,"8,4","2,4",
2026/01/14,1800 UTC,0,"925,3","926,1","925,3","1991,5","27,8","16,8","27,8","25,6","18,9","15,6",63.0,49.0,51.0,116.0,"6,9","2,1",
2026/01/14,1900 UTC,0,"925,1","925,3","924,9","2479,7","26,4","16,5","28,3","26,2","18,4","15,8",58.0,48.0,55.0,133.0,"7,6","2,9",
2026/01/14,2000 UTC,0,"925,6","925,6","924,9","573,5","24,5","16,5","26,7","24,5","16,7","15,2",61.0,52.0,61.0,125.0,"5,7","2,6",
2026/01/14,2100 UTC,0,926,926,"925,5",203,"22,1","17,8","24,5",22,"17,8","16,3",77.0,61.0,77.0,125.0,8,"1,4",
2026/01/14,2200 UTC,",2","926,5","926,5",926,"11,7","22,1","18,1","22,2","21,7","18,2","17,5",79.0,75.0,78.0,166.0,"3,3","1,1",
2026/01/14,2300 UTC,0,927,927,"926,5",,"21,6","17,4","22,3","21,6","18,2","16,8",78.0,74.0,77.0,130.0,"5,4","1,9",
2026/01/15,0000 UTC,0,"927,3","927,3",927,,21,"17,4","21,6",21,"17,7","16,9",80.0,75.0,80.0,116.0,7,"1,7",
2026/01/15,0100 UTC,0,"927,4","927,4","927,2",,"20,9","17,7","21,1","20,8","17,8","17,4",82.0,80.0,82.0,114.0,"7,1","2,1",
2026/01/15,0200 UTC,0,"927,2","927,4","927,1",,"21,1","17,5","21,1","20,9","17,8","17,5",82.0,80.0,80.0,109.0,"6,8","2,7",
2026/01/15,0300 UTC,0,"926,7","927,2","926,7",,"20,9","17,2","21,1","20,9","17,4","17,2",80.0,79.0,80.0,98.0,"6,8","1,4",
2026/01/15,0400 UTC,0,926,"926,7",926,,"20,8","16,9",21,"20,8","17,2","16,7",80.0,77.0,78.0,106.0,"4,8","1,3",
2026/01/15,0500 UTC,0,"925,4",926,"925,4",,"20,4","17,1","20,8","20,4","17,3","16,9",82.0,78.0,81.0,113.0,"3,6","1,5",
2026/01/15,0600 UTC,0,"925,7","925,8","925,3",,"19,7","17,2","20,4","19,7","17,3","17,1",85.0,81.0,85.0,135.0,"3,9","1,9",
2026/01/15,0700 UTC,0,"925,5","925,8","925,3",,"19,4","17,2","19,8","19,4","17,3","17,1",87.0,85.0,87.0,112.0,"3,9",",5",
2026/01/15,0800 UTC,0,"926,1","926,1","925,5",,"19,5","17,2","19,6","19,4","17,3","17,2",87.0,86.0,87.0,102.0,"2,4",",7",
2026/01/15,0900 UTC,0,"926,8","926,8","926,1","18,3","19,6","17,4","19,6","19,4","17,4","17,1",88.0,87.0,87.0,148.0,2,",8",
2026/01/15,1000 UTC,0,"927,3","927,3","926,8","313,1","21,1","17,8","21,1","19,6",18,"17,4",87.0,82.0,82.0,74.0,"1,9",",1",
2026/01/15,1100 UTC,0,"927,6","927,6","927,3",972,"22,4","16,2","22,7",21,"17,8","16,1",82.0,67.0,68.0,11.0,"6,2","2,9",
2026/01/15,1200 UTC,0,928,928,"927,6","1843,3","23,8","15,9","24,2","22,3","16,7","15,9",68.0,60.0,61.0,16.0,"6,1","3,4",
2026/01/15,1300 UTC,0,"928,3","928,4",928,"2360,9","25,2","16,9","25,5","23,3","17,2",16,65.0,59.0,60.0,42.0,"8,6","3,4",
2026/01/15,1400 UTC,0,"928,2","928,4","928,2","3183,8","26,6","17,1","27,6","25,2","17,4","16,1",61.0,52.0,56.0,11.0,"8,6","2,5",
2026/01/15,1500 UTC,0,"927,7","928,2","927,6","2728,4","26,8","16,3",29,"26,5","17,6","15,8",57.0,47.0,53.0,14.0,"8,5","3,4",
2026/01/15,1600 UTC,0,"926,6","927,7","926,6","1871,3",28,18,28,"24,8","18,7","16,3",69.0,53.0,55.0,71.0,"8,5","1,7",
2026/01/15,1700 UTC,0,"925,5","926,6","925,5","2139,2","28,9","16,8","29,1","27,5","17,9","15,4",54.0,45.0,48.0,333.0,"6,9","2,7",
2026/01/15,1800 UTC,0,"925,5","925,6","925,2","1374,6","24,6","14,8","29,6","24,6","17,5","14,6",54.0,43.0,54.0,59.0,"10,8","3,9",
2026/01/15,1900 UTC,"2,6","926,2","926,5","925,4","136,1","20,6","17,9","24,6","20,6",18,"14,9",84.0,54.0,84.0,87.0,"10,7","1,2",
2026/01/15,2000 UTC,"1,6","926,2","926,4",926,"50,8","20,8","18,7","20,8","20,4","18,7","17,8",88.0,84.0,88.0,123.0,"4,1","1,9",
2026/01/15,2100 UTC,"1,4","927,3","927,3","926,2","67,4","20,8",19,"20,9","20,6",19,"18,5",90.0,87.0,90.0,231.0,"4,9",",6",
2026/01/15,2200 UTC,"1,2",928,928,"927,3","6,8","20,5","18,7","20,9","20,5","19,2","18,7",90.0,89.0,90.0,119.0,"4,6","1,7",
2026/01/15,2300 UTC,"4,4","928,8","928,8",928,,"19,7","18,4","20,5","19,6","18,7","18,2",92.0,90.0,92.0,163.0,"4,8","1,4",
2026/01/16,0000 UTC,"1,6","928,6","928,8","928,6",,"19,9","18,7","19,9","19,6","18,7","18,2",93.0,92.0,93.0,109.0,"3,9",1,
2026/01/16,0100 UTC,"2,8","928,8","928,8","928,5",,"19,8","18,5","19,9","19,7","18,7","18,5",93.0,93.0,93.0,94.0,"3,6","1,4",
2026/01/16,0200 UTC,"2,4",929,929,"928,8",,"19,7","18,2","19,9","19,6","18,6","18,2",93.0,92.0,92.0,72.0,"4,3","1,7",
2026/01/16,0300 UTC,"1,4","928,2",929,"928,2",,"19,3","17,9","19,7","19,2","18,2","17,8",92.0,91.0,92.0,96.0,"4,6",",8",
2026/01/16,0400 UTC,",2","927,1","928,2","927,1",,"19,6","18,1","19,7","19,3","18,2","17,8",92.0,91.0,91.0,80.0,"3,5","1,2",
2026/01/16,0500 UTC,",2","926,6","927,2","926,6",,"19,5",18,"19,6","19,3",18,"17,7",91.0,90.0,91.0,97.0,"3,5",0,
2026/01/16,0600 UTC,0,"926,2","926,7","926,2",,"19,3","17,2","19,8","19,3","18,2","17,2",91.0,87.0,88.0,29.0,"3,4",",3",
2026/01/16,0700 UTC,0,"926,1","926,2","925,8",,"19,3","17,2","19,7","19,2","17,9","17,2",90.0,87.0,87.0,353.0,"2,5",",5",
2026/01/16,0800 UTC,0,"926,4","926,4","926,1",,"19,7","17,1","19,7","19,2","17,4",17,89.0,85.0,85.0,18.0,"2,5",1,
2026/01/16,0900 UTC,0,"926,7","926,7","926,4","24,4","20,3","16,7","20,4","19,5","17,1","16,7",85.0,79.0,80.0,26.0,"4,3","1,4",
2026/01/16,1000 UTC,0,"927,1","927,2","926,7","231,6","21,2","16,5","21,2","20,1","17,1","16,5",81.0,74.0,74.0,13.0,"4,3","1,6",
2026/01/16,1100 UTC,0,"927,3","927,3",927,"542,8","22,3","17,3","22,3","21,2","17,5","16,3",76.0,72.0,73.0,101.0,5,",7",
2026/01/16,1200 UTC,0,"927,7","927,7","927,3","992,2","23,2","16,9","23,3","22,1","17,7","16,7",74.0,68.0,68.0,87.0,"2,5","1,1",
2026/01/16,1300 UTC,0,"927,9",928,"927,7","1666,9","25,4","17,9","25,4","23,1","18,1","16,6",69.0,63.0,63.0,61.0,"3,6","1,8",
2026/01/16,1400 UTC,0,"927,7","927,9","927,7","2797,3","26,3",16,"26,8","24,9","18,3","15,8",64.0,52.0,53.0,51.0,"6,9","3,1",
2026/01/16,1500 UTC,0,"927,1","927,7","927,1","2454,7","26,4",17,"26,7","25,6","17,7","15,8",59.0,53.0,56.0,6.0,"6,9","2,9",
2026/01/16,1600 UTC,0,926,"927,2",926,"3450,9","28,7","15,9","28,8","26,4","18,3","15,3",57.0,46.0,46.0,39.0,"7,6","2,9",
2026/01/16,1700 UTC,0,"925,3",926,"925,3","2893,9",29,"15,5","29,8","28,2","16,9","14,9",48.0,42.0,44.0,45.0,"7,6","1,7",
2026/01/16,1800 UTC,0,"924,4","925,3","924,4","1907,4","28,5","15,6","29,5","28,5",16,"14,7",46.0,41.0,45.0,21.0,7,"1,9",
2026/01/16,1900 UTC,",8","924,4","925,1","924,4",560,"23,1","18,5","28,5","21,9","18,8",15,80.0,44.0,75.0,61.0,"11,5","1,7",
2026/01/16,2000 UTC,0,"925,1","925,1","924,4","429,6","23,2","18,4","23,6",23,"18,6","17,4",75.0,70.0,75.0,124.0,"5,1","1,7",
2026/01/16,2100 UTC,"2,8","926,1","926,1","925,1","24,2","20,4","17,9","23,2","20,4","18,7","17,7",86.0,75.0,86.0,334.0,"7,1","2,4",
2026/01/16,2200 UTC,2,"926,1","926,2",926,"14,9","20,7","18,7","20,7","20,4","18,8",18,89.0,86.0,89.0,224.0,"5,5",0,
2026/01/16,2300 UTC,0,"926,2","926,4","926,1",,"20,9","18,9",21,"20,5","19,1","18,5",89.0,88.0,89.0,42.0,"3,1",",9",
2026/01/17,0000 UTC,0,"926,7","926,7","926,2",,"20,8","18,6",21,"20,7","18,9","18,6",89.0,87.0,87.0,91.0,"3,5","1,5",
2026/01/17,0100 UTC,",2","927,1","927,1","926,6",,"20,6","18,6","20,9","20,6","18,8","18,6",88.0,87.0,88.0,114.0,"4,6","1,4",
2026/01/17,0200 UTC,",2","926,8","927,1","926,8",,"20,2","18,6","20,6","20,2","18,7","18,5",90.0,88.0,90.0,106.0,4,",9",
2026/01/17,0300 UTC,0,"925,9","926,8","925,8",,"20,2","18,6","20,4","20,1","18,8","18,5",91.0,90.0,90.0,82.0,"3,2",",3",
2026/01/17,0400 UTC,0,925,"925,9",925,,"19,8","17,7","20,4","19,8","18,6","17,6",90.0,86.0,87.0,111.0,"3,7",",1",
2026/01/17,0500 UTC,0,"924,5",925,"924,4",,"19,9","18,1","20,1","19,8","18,2","17,7",89.0,87.0,89.0,128.0,"3,1",",8",
2026/01/17,0600 UTC,0,"924,2","924,5","924,2",,"19,8","18,2",20,"19,7","18,2",18,91.0,89.0,91.0,123.0,"2,2",",9",
2026/01/17,0700 UTC,0,"924,2","924,3","924,1",,"19,7","18,1","19,8","19,6","18,3",18,91.0,90.0,91.0,87.0,2,",5",
2026/01/17,0800 UTC,",2","924,5","924,5","924,2",,"19,4","17,7","19,8","19,4","18,2","17,6",91.0,89.0,90.0,71.0,"3,5",",2",
2026/01/17,0900 UTC,0,"924,9","924,9","924,5","18,6","19,8","18,1","19,8","19,4","18,1","17,6",90.0,89.0,90.0,199.0,"1,2",0,
2026/01/17,1000 UTC,0,"925,2","925,3","924,9","300,8","21,1",17,"21,1","19,8","18,4","16,9",90.0,78.0,78.0,335.0,"3,2","1,9",
2026/01/17,1100 UTC,0,"925,4","925,4","925,2","607,7",22,"16,5","22,1",21,17,"16,5",78.0,71.0,71.0,18.0,"6,4","2,1",
2026/01/17,1200 UTC,0,"925,2","925,4","925,2","1135,8","22,9","17,1","23,3","21,9","17,8","16,4",73.0,70.0,70.0,13.0,"6,5","3,3",
2026/01/17,1300 UTC,0,"925,4","925,5","925,2","1827,8","24,5",17,"24,8","22,6","18,1","16,9",71.0,63.0,63.0,12.0,"6,5","2,2",
2026/01/17,1400 UTC,0,"925,3","925,5","925,3","1714,9","24,4","16,6",25,24,"17,3","16,3",65.0,61.0,62.0,16.0,"8,5","3,8",
2026/01/17,1500 UTC,0,"924,8","925,3","924,8","1757,2","25,2","16,2","25,6","24,4","16,9","15,9",62.0,56.0,57.0,345.0,"7,1","2,3",
2026/01/17,1600 UTC,0,"923,7","924,8","923,7",3255,"27,7","16,6","27,9","25,1","17,5","15,6",59.0,49.0,51.0,4.0,"6,5","2,6",
2026/01/17,1700 UTC,0,"923,2","923,8","923,2","2228,1","27,3","15,8","27,7","26,3","16,8","15,4",54.0,48.0,50.0,328.0,"6,7","3,7",
2026/01/17,1800 UTC,0,"922,2","923,2","922,2","3036,2","28,1","15,7","29,3","27,3","17,1",15,50.0,44.0,47.0,349.0,"7,8","2,8",
2026/01/17,1900 UTC,0,"921,1","922,2","921,1","2080,8","28,5","17,4","29,3","27,8","18,5","15,1",53.0,44.0,51.0,124.0,"5,3","1,8",
2026/01/17,2000 UTC,0,921,"921,1","920,7","978,8","27,4","17,5","28,9","27,4",18,"16,9",56.0,50.0,55.0,116.0,"3,8","1,4",
2026/01/17,2100 UTC,",2","921,5","921,5","920,7","108,9","22,7","18,7","27,4","22,6","19,1","17,5",81.0,55.0,78.0,136.0,"9,2","2,7",
2026/01/17,2200 UTC,"2,6","922,2","922,6","921,5","2,7","20,6","18,8","22,7","20,4","19,5","18,3",89.0,77.0,89.0,162.0,"9,3","1,5",
2026/01/17,2300 UTC,",6","923,2","923,2","922,1",,"20,8","19,2","20,9","20,6","19,3","18,7",91.0,89.0,91.0,196.0,"3,3",",7",
2026/01/18,0000 UTC,4,"923,4","923,5","923,2",,"20,8","19,3",21,"20,6","19,4",19,91.0,91.0,91.0,333.0,"3,3",0,
2026/01/18,0100 UTC,",6","924,1","924,1","923,4",,21,"19,6","21,3","20,7","19,9","19,2",92.0,91.0,92.0,105.0,"3,7","1,4",
2026/01/18,0200 UTC,0,"924,2","924,3","923,9",,"20,4","18,6",21,"20,4","19,6","18,6",92.0,89.0,89.0,102.0,"4,3","1,3",
2026/01/18,0300 UTC,0,"923,6","924,2","923,6",,"20,3","18,5","20,4","20,2","18,7","18,4",90.0,89.0,90.0,120.0,4,",2",
2026/01/18,0400 UTC,0,"922,9","923,6","922,9",,"20,4","18,5","20,5","20,3","18,6","18,5",90.0,89.0,89.0,121.0,"2,7",",9",
2026/01/18,0500 UTC,",6","921,8","922,8","921,8",,"20,3","18,8","20,5","20,3","18,8","18,5",91.0,89.0,91.0,92.0,"4,3",2,
2026/01/18,0600 UTC,",2","920,9","921,8","920,9",,"20,2","18,4","20,4","20,1","18,8","18,4",91.0,90.0,90.0,61.0,"4,5","1,8",
2026/01/18,0700 UTC,0,"921,6","921,6","920,8",,"19,8",18,"20,2","19,8","18,4",18,90.0,89.0,89.0,25.0,"4,2",0,
2026/01/18,0800 UTC,",2","921,5","921,7","921,5",,"20,6","16,6","20,8","19,8","18,3","16,6",89.0,77.0,77.0,21.0,"9,4","3,5",
2026/01/18,0900 UTC,0,"921,9","921,9","921,5","9,8","20,6","16,8","20,8","20,3","16,8","16,5",79.0,77.0,79.0,357.0,"9,4","1,3",
2026/01/18,1000 UTC,0,"922,7","922,7","921,9","264,5","21,1","16,8","21,1","20,5","16,8","16,5",79.0,76.0,76.0,7.0,"5,5","1,9",
2026/01/18,1100 UTC,0,"923,1","923,1","922,7","765,1","21,6","17,2","21,6","21,1","17,2","16,7",77.0,75.0,76.0,342.0,"7,3","3,2",
2026/01/18,1200 UTC,0,"923,1","923,1","922,9","2080,9","23,2","17,5","23,3","21,6","17,8","16,9",76.0,70.0,70.0,348.0,"7,3","3,7",
2026/01/18,1300 UTC,0,"922,9","923,2","922,9","2854,3","24,2","17,5","24,7",23,"17,8","17,2",71.0,64.0,66.0,1.0,"10,1","4,6",
2026/01/18,1400 UTC,0,"922,8","922,9","922,7","2164,4","24,8","17,3","25,2","24,3","18,1",17,67.0,62.0,63.0,358.0,"9,9","3,6",
2026/01/18,1500 UTC,0,"922,4","922,9","922,4","1500,6","25,8","17,6","25,8","24,4","17,8","17,1",65.0,61.0,61.0,343.0,"8,1","3,3",
2026/01/18,1600 UTC,0,"921,5","922,4","921,5","2792,3",26,"17,2","26,8","25,5","18,1",17,61.0,56.0,58.0,356.0,"10,7",5,
2026/01/18,1700 UTC,0,"920,5","921,5","920,5","2873,1","27,8","17,5","27,8",26,"18,4",17,61.0,53.0,53.0,336.0,"8,1","3,3",
2026/01/18,1800 UTC,0,"919,5","920,5","919,5","2235,5","26,9","17,2",28,"26,1","17,9",16,58.0,51.0,55.0,328.0,12,"5,3",
2026/01/18,1900 UTC,0,"918,5","919,5","918,4","1631,3","26,4","18,7","27,3","25,3","18,7","16,9",65.0,54.0,62.0,339.0,"11,7","3,6",
2026/01/18,2000 UTC,0,"918,6","918,9","918,5","971,2","26,1","15,9","26,8","26,1","18,6","15,8",62.0,53.0,53.0,307.0,"8,8",3,
2026/01/18,2100 UTC,0,"919,2","919,2","918,5",146,"24,8","16,6","26,1","24,8","16,6","15,8",61.0,53.0,60.0,346.0,"7,1","3,4",
2026/01/18,2200 UTC,0,"919,2","919,2","918,6","68,6","24,6","16,6","24,8","24,5","16,9","16,6",62.0,60.0,61.0,1.0,"6,2","1,8",
2026/01/18,2300 UTC,0,"919,4","919,5","919,1",,"24,3","16,9","24,6","24,3","16,9","16,5",63.0,61.0,63.0,44.0,"3,7",",9",
2026/01/19,0000 UTC,0,"919,5","919,6","919,4",,"24,1","17,6","24,4",24,"17,6","16,8",67.0,63.0,67.0,36.0,"3,8",",8",
2026/01/19,0100 UTC,0,"920,7","920,7","919,3",,"23,5","17,6","24,1","23,3","17,9","17,6",71.0,67.0,70.0,35.0,"3,7",1,
2026/01/19,0200 UTC,,,,,,,,,,,,,,,,,,
2026/01/19,0300 UTC,0,"919,9","920,2","919,5",,"23,2","17,3","23,4","23,2","17,5","17,3",70.0,69.0,69.0,15.0,"3,7","1,7",
2026/01/19,0400 UTC,0,920,"920,1","919,9",,"22,9","17,2","23,3","22,9","17,3",17,70.0,68.0,70.0,29.0,"5,3","1,2",
2026/01/19,0500 UTC,"2,2","919,8","920,1","919,8",,"20,5","17,4","22,9","20,5","18,1","17,2",85.0,70.0,82.0,306.0,"12,1","2,5",
2026/01/19,0600 UTC,"1,6","919,6","919,8","919,1",,"19,2","16,9","20,5","19,2","17,3","16,2",86.0,80.0,86.0,299.0,"6,4",0,
2026/01/19,0700 UTC,0,"918,2","919,6","918,2",,"20,2","17,7","20,2","19,1","17,7","16,8",87.0,85.0,86.0,24.0,"4,3","1,3",
2026/01/19,0800 UTC,0,918,"918,3","917,7",,"20,5","17,6","20,5","20,1","17,8","17,5",86.0,83.0,83.0,350.0,"7,7","2,8",
2026/01/19,0900 UTC,0,"918,7","918,8","917,9","5,5","20,4","17,2","20,6","20,4","17,6","17,2",84.0,82.0,82.0,351.0,"9,3","4,1",
2026/01/19,1000 UTC,0,"920,3","920,3","918,7",140,"20,7","17,1","20,7","20,4","17,3","16,9",82.0,79.0,80.0,331.0,"9,3","2,3",
2026/01/19,1100 UTC,0,"920,4","920,5","920,3","482,6","20,8","16,7","21,1","20,6","17,1","16,7",80.0,77.0,77.0,14.0,"6,6","2,4",
2026/01/19,1200 UTC,0,"920,8","920,9","920,4","292,9","20,9","16,9","21,2","20,8","17,1","16,6",78.0,76.0,77.0,335.0,"6,1","3,2",
2026/01/19,1300 UTC,0,"920,6",921,"920,6","962,3","22,4","17,3","22,6","20,9","17,7","16,8",78.0,72.0,73.0,346.0,6,"3,5",
2026/01/19,1400 UTC,0,"920,9",921,"920,5","2326,8","24,2","17,1","24,4","22,3","17,9","17,1",74.0,65.0,65.0,333.0,"7,5","4,3",
2026/01/19,1500 UTC,0,"920,4","920,9","920,4","1731,4",25,"17,5",25,24,18,"16,8",66.0,61.0,63.0,314.0,"9,2","3,2",
2026/01/19,1600 UTC,",2","920,6","920,7","920,3","1182,6","21,7","17,7","25,2","21,7","18,5","16,8",79.0,60.0,78.0,298.0,10,"5,4",
2026/01/19,1700 UTC,",2","920,1","920,6",920,"1493,4","23,2","17,9","23,6","21,7","19,6","17,7",83.0,71.0,72.0,287.0,10,"4,2",
2026/01/19,1800 UTC,",2","920,1","920,2","920,1","704,8","21,6","17,8","23,5","21,6","18,2","17,5",80.0,70.0,79.0,281.0,"10,3","3,6",
2026/01/19,1900 UTC,"3,2","920,2","920,3",920,"516,3","20,5","18,6","22,1","20,2","18,6","17,4",89.0,75.0,89.0,243.0,"10,7","3,5",
2026/01/19,2000 UTC,",4","920,3","920,5","920,2","452,3","19,9","17,8","20,6","19,9","18,6","17,6",89.0,85.0,88.0,250.0,"11,8","3,8",
2026/01/19,2100 UTC,",8","920,9","920,9","920,2","229,7","19,6","17,6",20,"19,6","17,9","17,5",89.0,85.0,88.0,233.0,"11,3","4,8",
2026/01/19,2200 UTC,",8","921,7","921,7","920,9","36,4","18,8","16,9","19,6","18,7","17,5","16,8",89.0,87.0,89.0,223.0,"13,3","4,3",
2026/01/19,2300 UTC,2,"922,2","922,2","921,6",,"17,9","16,3","18,8","17,9",17,16,90.0,86.0,90.0,221.0,"13,8","3,3",
2026/01/20,0000 UTC,"4,8","923,2","923,2","922,1",,"17,5","15,9",18,"17,4","16,6","15,8",92.0,90.0,91.0,202.0,"12,9","2,6",
2026/01/20,0100 UTC,0,"924,1","924,1","923,2",",8","18,1","15,4","18,1","17,5","16,1","15,4",91.0,84.0,84.0,214.0,10,"4,1",
2026/01/20,0200 UTC,0,"924,7","924,7","924,1",,"18,1","15,4","18,4","18,1","15,4","15,2",84.0,82.0,84.0,198.0,"10,1","2,7",
2026/01/20,0300 UTC,2,"924,5","924,8","924,5",,"16,6","14,6","18,1","16,6","15,7","14,6",90.0,84.0,88.0,217.0,"11,3","4,8",
2026/01/20,0400 UTC,",2","924,2","924,5","924,2",,"17,1","14,5","17,1","16,5","14,9","14,5",89.0,85.0,85.0,198.0,"11,3","2,9",
2026/01/20,0500 UTC,0,"923,8","924,2","923,8",,"17,2","14,5","17,3","17,1","14,9","14,4",86.0,84.0,84.0,188.0,"6,7","1,2",
2026/01/20,0600 UTC,0,"923,5","923,8","923,4",,"17,3","14,4","17,5","17,1","14,8","14,4",85.0,83.0,83.0,214.0,"8,6","3,8",
2026/01/20,0700 UTC,0,"923,3","923,5","923,2",,"17,3","14,1","17,3","17,2","14,4","13,9",83.0,80.0,82.0,210.0,"8,6","3,1",
2026/01/20,0800 UTC,0,"923,6","923,6","923,3",,"17,1","14,4","17,4","17,1","14,6","14,1",85.0,81.0,84.0,214.0,"8,8","2,9",
2026/01/20,0900 UTC,0,"924,1","924,1","923,6","2,1","16,8","13,5","17,1","16,6","14,4","13,5",85.0,81.0,81.0,217.0,"9,3","3,5",
2026/01/20,1000 UTC,0,"924,9","924,9","924,1","69,2","17,1","13,3","17,1","16,8","13,7","13,1",81.0,78.0,78.0,210.0,"7,8","3,5",
2026/01/20,1100 UTC,0,"925,4","925,5","924,9","509,8",18,"13,1",18,"17,1","13,3","12,8",78.0,72.0,73.0,204.0,"8,6","3,9",
2026/01/20,1200 UTC,0,"925,8","925,9","925,4","970,4",19,"12,6","19,1",18,"13,6","12,4",73.0,66.0,66.0,215.0,"8,6","3,7",
2026/01/20,1300 UTC,0,"926,1","926,1","925,8","2796,5","20,9","11,9","21,4","19,1","13,6","11,8",67.0,55.0,56.0,199.0,"9,5","3,6",
2026/01/20,1400 UTC,0,"926,3","926,4","926,1","1851,8","19,8","12,7","21,6","19,8","13,2","11,8",64.0,55.0,64.0,202.0,"9,8","3,9",
2026/01/20,1500 UTC,0,"926,5","926,5","926,3",1218,"20,8","12,7","20,8","19,6","13,1","11,8",64.0,60.0,60.0,214.0,"8,6","3,5",
2026/01/20,1600 UTC,0,"925,8","926,5","925,7","1849,5","21,9","12,8","22,3","20,1","14,2","12,4",64.0,55.0,56.0,190.0,"7,9",3,
2026/01/20,1700 UTC,0,"925,5",926,"925,4","2299,7","21,8","12,4","24,1","21,6","13,8",12,59.0,48.0,55.0,201.0,9,"2,5",
2026/01/20,1800 UTC,0,925,"925,5",925,"1701,4","22,9","14,4","23,1","20,9","14,7","12,2",66.0,55.0,59.0,202.0,"7,9","3,2",
2026/01/20,1900 UTC,0,"924,9",925,"924,9","1573,1","22,5","14,2","23,8","21,3","14,8","13,3",65.0,54.0,59.0,187.0,"7,9","2,5",
2026/01/20,2000 UTC,0,"925,3","925,3","924,9","632,2","19,4","13,6","22,5","19,4","14,3","12,9",69.0,58.0,69.0,203.0,"8,8","3,5",
2026/01/20,2100 UTC,"3,8","925,6","925,6","925,3","132,2","16,5","14,8","19,4","16,5","15,3","13,7",89.0,69.0,89.0,208.0,"9,3","3,8",
2026/01/20,2200 UTC,",2","926,2","926,2","925,6","43,1","16,1","14,3","16,5",16,"14,9","13,9",90.0,87.0,89.0,181.0,"9,3","2,2",
2026/01/20,2300 UTC,0,"926,8","926,8","926,2",,"16,1","13,8","16,2","15,8","14,3","13,8",89.0,86.0,86.0,167.0,"7,7","2,5",
2026/01/21,0000 UTC,0,927,927,"926,8",",1","16,4","12,9","16,4","16,1","13,8","12,9",86.0,80.0,80.0,161.0,"7,7","2,4",
2026/01/21,0100 UTC,0,927,"927,1",927,,"16,5","12,6","16,5","16,4","12,9","12,5",80.0,77.0,78.0,153.0,"6,5","2,5",
2026/01/21,0200 UTC,0,"927,2","927,3",927,,"16,4","13,1","16,5","16,3","13,1","12,6",81.0,78.0,81.0,141.0,"5,5","2,5",
2026/01/21,0300 UTC,0,927,"927,2",927,,"16,5",13,"16,6","16,4","13,2","12,8",81.0,79.0,80.0,169.0,"6,7","2,2",
2026/01/21,0400 UTC,0,"926,5",927,"926,5",,"16,5","13,1","16,6","16,5","13,3","12,9",81.0,79.0,80.0,162.0,"7,5","1,5",
2026/01/21,0500 UTC,0,"925,9","926,5","925,9",,"16,5","13,3","16,5","16,3","13,3",13,81.0,80.0,81.0,160.0,"5,5","1,2",
2026/01/21,0600 UTC,",2","925,3","925,8","925,3",,"15,9","14,1","16,5","15,7","14,1","13,3",89.0,81.0,89.0,166.0,"3,8",",8",
2026/01/21,0700 UTC,0,"925,1","925,3","925,1",,16,"14,2",16,"15,9","14,2",14,89.0,89.0,89.0,159.0,"3,7","1,3",
2026/01/21,0800 UTC,0,"925,2","925,2","925,1",,16,"14,2","16,1",16,"14,3","14,1",89.0,89.0,89.0,167.0,"3,9","1,5",
2026/01/21,0900 UTC,0,"925,8","925,8","925,2","18,8","16,3",14,"16,3",16,"14,4",14,89.0,86.0,86.0,158.0,"4,4","1,9",
2026/01/21,1000 UTC,0,"926,7","926,7","925,8","214,7",17,"13,5",17,"16,3","14,1","13,4",86.0,80.0,80.0,166.0,"5,5","1,5",
2026/01/21,1100 UTC,0,927,927,"926,7","710,2",19,"14,3",19,17,"14,3",13,80.0,74.0,74.0,173.0,"5,3","1,5",
2026/01/21,1200 UTC,0,"927,1","927,1",927,"1072,6","18,7","13,4","19,1","18,1",14,"12,8",74.0,70.0,72.0,164.0,"6,2","2,3",
2026/01/21,1300 UTC,0,"927,5","927,5",927,"752,6","18,6","13,9","19,1",18,"14,2","13,4",77.0,71.0,74.0,203.0,"5,9",2,
2026/01/21,1400 UTC,0,"927,6","927,6","927,5","696,8","18,3","13,6","18,8","17,9","14,1","13,2",75.0,72.0,74.0,191.0,"6,9","2,5",
2026/01/21,1500 UTC,0,"927,5","927,6","927,4","775,3","18,2","13,5",19,"18,1","14,2","13,4",76.0,72.0,74.0,184.0,"7,1","2,3",
2026/01/21,1600 UTC,0,"926,9","927,5","926,9","758,8","19,1","13,5","19,1","17,9","13,6",13,75.0,69.0,70.0,191.0,"7,8",3,
2026/01/21,1700 UTC,0,"926,6","926,9","926,6","803,2",19,"12,6",20,"18,9","14,3","12,5",72.0,66.0,67.0,173.0,8,"2,1",
2026/01/21,1800 UTC,0,"926,5","926,6","926,4","518,1",18,13,"19,3","17,9","13,1","12,1",73.0,63.0,73.0,198.0,"7,9","3,1",
2026/01/21,1900 UTC,0,"926,2","926,5","926,2","616,2","18,7","11,9","18,8","17,8",13,"11,7",73.0,64.0,65.0,212.0,"8,9","2,7",
2026/01/21,2000 UTC,0,"926,2","926,3",926,"268,5","17,5","12,7","19,2","17,4","12,9","11,7",74.0,64.0,74.0,183.0,"8,5","2,9",
2026/01/21,2100 UTC,0,"926,2","926,3","926,1","234,2","17,7","12,1","17,8","17,3","12,5","11,8",73.0,69.0,70.0,191.0,"8,5","2,2",
2026/01/21,2200 UTC,0,"926,7","926,7","926,2","36,9","17,5","12,7","17,7","17,5","12,8","12,1",74.0,70.0,73.0,168.0,"8,3","2,1",
2026/01/21,2300 UTC,0,"927,2","927,2","926,7",,"17,2","12,4","17,5","17,2","12,6","12,3",74.0,72.0,73.0,164.0,"8,8","2,1",
2026/01/22,0000 UTC,0,"927,6","927,6","927,1",,"17,2","12,6","17,3","17,2","12,6","12,4",75.0,73.0,75.0,155.0,"7,4","2,9",
2026/01/22,0100 UTC,0,"927,7","927,7","927,6",,"17,2","12,3","17,3","17,1","12,8","12,3",75.0,73.0,73.0,159.0,"7,4","2,5",
2026/01/22,0200 UTC,0,"927,5","927,7","927,5",,"17,1","12,6","17,2","17,1","12,6","12,2",75.0,73.0,75.0,153.0,"7,3","2,8",
2026/01/22,0300 UTC,0,"927,2","927,5","927,2",,17,"13,1","17,1","16,9","13,1","12,6",78.0,75.0,78.0,150.0,7,"2,6",
2026/01/22,0400 UTC,0,"926,5","927,2","926,5",,"16,9","12,9","17,1","16,8","13,4","12,9",79.0,78.0,78.0,147.0,"7,6","2,7",
2026/01/22,0500 UTC,0,"925,7","926,5","925,7",,"16,3","12,7","16,9","16,2","13,1","12,7",80.0,78.0,80.0,150.0,"5,6","1,7",
2026/01/22,0600 UTC,0,"925,6","925,7","925,5",,16,"12,7","16,3","15,9","12,8","12,5",81.0,79.0,81.0,156.0,"4,8","1,1",
2026/01/22,0700 UTC,0,"925,9","925,9","925,6",,"16,4","12,6","16,4","15,9",13,"12,6",82.0,78.0,79.0,155.0,"4,3","1,5",
2026/01/22,0800 UTC,0,926,926,"925,6",,"16,3","12,5","16,4","16,1","12,7","12,5",80.0,78.0,78.0,153.0,"4,2","1,3",
2026/01/22,0900 UTC,0,"926,2","926,2",926,"6,4","16,2","12,7","16,4","16,1","12,7","12,4",80.0,78.0,80.0,164.0,"3,2",",9",
2026/01/22,1000 UTC,0,927,927,"926,2","278,1","17,3","12,8","17,4","16,2","13,1","12,6",80.0,74.0,75.0,150.0,5,"2,4",
2026/01/22,1100 UTC,0,"927,1","927,1",927,"631,6","18,9","13,7","18,9","17,2","13,7","12,7",75.0,72.0,72.0,153.0,"5,4","1,6",
2026/01/22,1200 UTC,0,"927,4","927,4","927,1","1042,3","19,4",14,"19,6","18,7","14,7","13,4",74.0,71.0,71.0,151.0,"5,9","2,2",
2026/01/22,1300 UTC,0,"927,4","927,5","927,4","1012,4",20,"14,6","20,3","19,2","14,8","13,8",73.0,68.0,71.0,193.0,5,"1,7",
2026/01/22,1400 UTC,0,"927,1","927,4","927,1","1232,2","21,6","15,3","21,6",20,"15,8","14,6",72.0,67.0,68.0,191.0,"5,3","1,8",
2026/01/22,1500 UTC,0,927,"927,1","926,9","750,5",19,"15,4","22,1",19,"15,7","14,6",80.0,65.0,80.0,207.0,"6,2",3,
2026/01/22,1600 UTC,",4","926,5",927,"926,4","680,2","19,2","16,5","19,4","18,9",17,"15,4",86.0,80.0,85.0,187.0,"5,9","1,8",
2026/01/22,1700 UTC,",4","926,1","926,5","926,1","895,9","19,4",16,"19,4","18,5","16,9",16,87.0,80.0,81.0,199.0,"7,5","2,2",
2026/01/22,1800 UTC,",2",926,"926,1",926,"587,2","18,4","15,7","19,6","18,2","16,3","15,4",87.0,77.0,84.0,205.0,9,"3,5",
2026/01/22,1900 UTC,0,"926,1","926,2","925,9","438,5",18,"14,6","18,5","17,4","15,8","14,6",87.0,81.0,81.0,204.0,9,"2,9",
2026/01/22,2000 UTC,0,"926,4","926,4","926,1","240,5",18,"13,3","18,2","17,9","14,4","13,3",81.0,74.0,74.0,203.0,"10,2","3,4",
2026/01/22,2100 UTC,0,"926,5","926,6","926,2","154,4","17,1","13,9","18,1",17,14,"13,2",82.0,74.0,82.0,205.0,"9,5","2,4",
2026/01/22,2200 UTC,0,"926,8","926,8","926,5","28,9","17,3","13,5","17,5","17,1",14,13,82.0,76.0,78.0,200.0,"7,7","1,8",
2026/01/22,2300 UTC,0,"927,4","927,5","926,8",,"17,3",13,"17,4","17,3",14,13,80.0,76.0,76.0,177.0,"5,8","1,7",
2026/01/23,0000 UTC,0,"927,6","927,6","927,3",,"17,2","11,6","17,3","17,2","12,9","11,4",76.0,69.0,70.0,186.0,"7,6","1,6",
2026/01/23,0100 UTC,0,"927,7","927,7","927,6",,17,"12,7","17,2","16,9","12,7","11,4",76.0,69.0,76.0,190.0,"4,7",",9",
2026/01/23,0200 UTC,0,"927,3","927,8","927,3",,"16,9","12,8","17,1","16,9","13,1","12,7",78.0,76.0,77.0,189.0,"4,4","1,1",
2026/01/23,0300 UTC,0,"926,5","927,3","926,5",,"16,3","12,7","16,9","16,3","13,1","12,7",79.0,77.0,79.0,224.0,"4,5","1,7",
2026/01/23,0400 UTC,0,"926,3","926,6","926,1",,"16,2","12,7","16,3","15,8","12,8","12,3",81.0,79.0,79.0,130.0,"4,1",0,
2026/01/23,0500 UTC,0,"925,8","926,3","925,7",,"16,6","13,2","16,7","16,2","13,2","12,7",80.0,79.0,80.0,185.0,"2,8",1,
2026/01/23,0600 UTC,0,"925,2","925,8","925,2",,"16,6","14,3","16,7","16,6","14,3","13,2",86.0,80.0,86.0,170.0,"3,6",",8",
2026/01/23,0700 UTC,0,"925,2","925,4","925,2",,"16,8","14,7","16,8","16,6","14,7","14,3",87.0,86.0,87.0,171.0,"4,1","1,3",
2026/01/23,0800 UTC,0,"925,5","925,5","925,2",,17,"14,9",17,"16,8","14,9","14,7",87.0,87.0,87.0,154.0,"3,9",",6",
2026/01/23,0900 UTC,0,"926,2","926,2","925,5","3,8","17,3","15,1","17,4",17,"15,2","14,9",88.0,87.0,87.0,140.0,"3,2","1,2",
2026/01/23,1000 UTC,0,"926,6","926,6","926,2","92,6","17,8","15,7","17,8","17,2","15,7","15,1",88.0,87.0,87.0,164.0,"2,8",",8",
2026/01/23,1100 UTC,0,"926,7","926,7","926,5","617,2","19,2","15,6","19,3","17,8","16,1","15,4",87.0,79.0,79.0,206.0,"4,2","1,4",
2026/01/23,1200 UTC,0,"927,2","927,2","926,7","775,6","20,6","15,7","20,8","19,2","16,2","15,5",80.0,73.0,74.0,191.0,"3,3","1,2",
2026/01/23,1300 UTC,0,"927,1","927,3","927,1","1240,3","21,5","15,4","22,4","20,6","16,7","15,2",75.0,66.0,69.0,210.0,5,"1,9",
2026/01/23,1400 UTC,0,"926,8","927,1","926,8",1720,"23,7","16,2","24,1",21,"17,1","15,4",72.0,62.0,63.0,197.0,"5,2","1,6",
2026/01/23,1500 UTC,0,"926,5","926,9","926,5","1610,9",23,"16,3","24,1","22,5","16,9","15,9",68.0,62.0,66.0,213.0,"6,2","2,5",
2026/01/23,1600 UTC,0,"925,8","926,5","925,8","1843,2",25,"15,1","26,2",23,17,"14,7",66.0,53.0,54.0,164.0,"6,2","2,4",
2026/01/23,1700 UTC,0,"925,6","925,8","925,5","1410,8","22,6","15,6","26,5","22,6","16,4","14,5",64.0,49.0,64.0,199.0,"10,2","3,5",
2026/01/23,1800 UTC,0,"925,7","925,7","925,6","1844,4","23,3","14,9","24,3","22,5","16,6","14,6",66.0,57.0,59.0,205.0,"9,3","4,4",
2026/01/23,1900 UTC,0,"925,4","925,7","925,3","1737,3","23,1","15,5","25,2","23,1","15,9","14,4",62.0,54.0,62.0,199.0,8,"3,9",
2026/01/23,2000 UTC,0,"925,5","925,5","925,2","1101,7","22,6","16,2",24,"22,2","16,2","15,1",67.0,59.0,67.0,202.0,"9,5","3,3",
2026/01/23,2100 UTC,0,"925,9","925,9","925,4","410,6","20,1","16,3","22,6","20,1","16,3","15,5",79.0,66.0,79.0,202.0,"10,1","3,5",
2026/01/23,2200 UTC,0,"926,2","926,2","925,9","52,7","19,8","15,5","20,3","19,7","16,5","15,5",81.0,76.0,76.0,182.0,"8,1","2,5",
2026/01/23,2300 UTC,0,"926,6","926,6","926,2",,"19,2","15,9","19,8","19,2",16,"15,4",81.0,76.0,81.0,214.0,"8,5","2,9",
2026/01/24,0000 UTC,0,"926,9","926,9","926,5",,"19,4","15,5","19,6","19,2","15,9","15,3",81.0,78.0,78.0,181.0,"6,6","2,2",
2026/01/24,0100 UTC,0,"927,3","927,3","926,9",,"19,5","15,5","19,5","19,4","15,7","15,4",78.0,77.0,78.0,178.0,"7,9","1,7",
2026/01/24,0200 UTC,0,"926,9","927,3","926,9",,"19,4","15,9","19,5","19,2","15,9","15,5",80.0,78.0,80.0,186.0,"6,2",1,
2026/01/24,0300 UTC,0,"926,7","926,9","926,6",,"19,2","15,9","19,4","19,2","15,9","15,7",81.0,79.0,81.0,154.0,5,"2,1",
2026/01/24,0400 UTC,0,"926,3","926,7","926,2",,"19,2","15,8","19,3","19,1",16,"15,8",81.0,81.0,81.0,144.0,"5,5","1,9",
2026/01/24,0500 UTC,0,"925,8","926,3","925,8",,"19,1",15,"19,2","19,1","15,8",15,81.0,77.0,77.0,151.0,"6,5","3,2",
2026/01/24,0600 UTC,0,"925,5","925,9","925,5",,"18,5","15,4","19,2","18,3","15,4","14,8",82.0,76.0,82.0,156.0,"6,5","1,1",
2026/01/24,0700 UTC,0,"925,4","925,5","925,4",,"18,7","15,3","18,7","18,5","15,5","15,3",82.0,81.0,81.0,146.0,"4,1","1,9",
2026/01/24,0800 UTC,0,"925,6","925,7","925,4",,"18,6","15,7","18,7","18,5","15,7","15,3",83.0,81.0,83.0,175.0,"3,8",",8",
2026/01/24,0900 UTC,0,"926,2","926,2","925,6","10,3","18,6","15,6","18,6","18,4","15,6","15,4",83.0,82.0,83.0,158.0,"4,6","1,3",
2026/01/24,1000 UTC,0,"926,9","926,9","926,2","178,8","19,4","15,4","19,4","18,6","15,6","15,3",83.0,78.0,78.0,179.0,"4,4",",9",
2026/01/24,1100 UTC,0,"927,6","927,6","926,9","445,6","19,7","15,1","19,8","19,2","15,3","14,8",78.0,74.0,75.0,158.0,5,"1,7",
2026/01/24,1200 UTC,0,"927,9","927,9","927,6","959,2","20,7","15,5","21,5","19,7","16,1","14,9",75.0,69.0,72.0,136.0,"4,4","1,4",
2026/01/24,1300 UTC,0,"927,8",928,"927,8","1089,3","21,6","15,6","21,9","20,7","16,2","15,1",73.0,68.0,68.0,180.0,"4,3","1,6",
2026/01/24,1400 UTC,0,"927,6","927,9","927,6","1873,5","23,3","15,3","24,3","21,6","16,6","14,9",69.0,59.0,61.0,160.0,5,"1,8",
2026/01/24,1500 UTC,0,"927,2","927,6","927,2","1441,9",24,"15,9","24,5","23,3","16,3","15,2",63.0,57.0,61.0,193.0,"5,1","1,7",
2026/01/24,1600 UTC,0,927,"927,2",927,"906,2","22,8",17,24,"22,4",17,"15,1",70.0,60.0,70.0,145.0,"4,4","1,7",
2026/01/24,1700 UTC,0,"926,5",927,"926,5",1292,"22,9","16,7","23,7","22,8","17,8","16,5",71.0,65.0,68.0,166.0,"6,5","1,6",
2026/01/24,1800 UTC,0,"926,1","926,5","926,1","429,5","22,5",17,"22,9","22,3",17,"16,4",71.0,67.0,71.0,212.0,"6,9","2,1",
2026/01/24,1900 UTC,0,926,"926,2","925,9","432,2","22,5","16,8","22,6","22,1","17,2","16,5",72.0,70.0,70.0,189.0,7,"1,8",
2026/01/24,2000 UTC,0,926,926,"925,8","690,5","22,3","16,4","23,2","22,3","16,9","16,4",71.0,66.0,69.0,201.0,"7,2","3,5",
2026/01/24,2100 UTC,0,"926,6","926,6",926,"245,6","21,7","16,8","22,3","21,4","16,9","16,1",75.0,69.0,74.0,185.0,"9,1","1,8",
2026/01/24,2200 UTC,0,"926,9","926,9","926,5","92,5","20,7","16,9","21,7","20,7","16,9","16,6",79.0,74.0,79.0,180.0,"5,8","1,7",
2026/01/24,2300 UTC,0,"927,8","927,9","926,9",,"20,1","17,4","20,8","20,1","17,4","16,9",85.0,79.0,85.0,183.0,"5,9","1,9",
2026/01/25,0000 UTC,",2",928,928,"927,6",,"19,5","17,7","20,1","19,4","17,8","17,4",90.0,85.0,89.0,201.0,"5,8","2,1",
2026/01/25,0100 UTC,",2","928,5","928,5",928,,"19,6","17,8","19,6","19,5",18,"17,7",90.0,89.0,90.0,151.0,"7,1","1,4",
2026/01/25,0200 UTC,",4","928,7",929,"928,4",,19,"17,5","19,6",19,"17,8","17,4",91.0,89.0,91.0,138.0,"5,9","1,7",
2026/01/25,0300 UTC,",4","928,2","928,7","928,2",,"18,9","17,6","19,1","18,9","17,6","17,5",92.0,91.0,92.0,159.0,"4,4","1,3",
2026/01/25,0400 UTC,0,"927,6","928,2","927,6",,"18,8","17,4","18,9","18,7","17,6","17,3",92.0,92.0,92.0,169.0,"3,6",",8",
2026/01/25,0500 UTC,0,"927,2","927,6","927,2",,"18,5","16,9","18,8","18,5","17,4","16,9",92.0,90.0,91.0,168.0,"3,6",1,
2026/01/25,0600 UTC,0,"927,1","927,3",927,,"18,6",17,"18,6","18,3",17,"16,7",91.0,90.0,91.0,183.0,"2,6",",7",
2026/01/25,0700 UTC,0,"927,2","927,2",927,,"18,8","17,1","18,8","18,5","17,1","16,9",91.0,90.0,90.0,177.0,"3,3",",7",
2026/01/25,0800 UTC,0,"927,2","927,3",927,,"18,8",17,"18,9","18,7","17,1","16,9",90.0,89.0,89.0,144.0,"2,9",",9",
2026/01/25,0900 UTC,0,"927,6","927,6","927,2","4,4","18,9",17,"18,9","18,8",17,"16,9",89.0,89.0,89.0,135.0,"2,7",1,
2026/01/25,1000 UTC,0,"928,4","928,4","927,6","135,8","19,5","17,3","19,5","18,9","17,4",17,89.0,87.0,87.0,157.0,"2,9",",9",
2026/01/25,1100 UTC,0,"929,1","929,1","928,4","424,8","20,3","17,3","20,3","19,5","17,3","16,9",87.0,82.0,83.0,168.0,"3,4",",7",
2026/01/25,1200 UTC,0,"929,3","929,3","929,1","1308,6",22,17,"22,5","20,2","17,6","16,4",83.0,71.0,73.0,121.0,"3,6","1,8",
2026/01/25,1300 UTC,0,"929,2","929,4","929,2","2224,4",24,"16,4","24,5","21,9","17,7",16,74.0,61.0,62.0,137.0,"4,3","1,5",
2026/01/25,1400 UTC,0,"929,1","929,3",929,"2810,1","24,5","15,8","26,1","23,7","17,6","15,3",65.0,55.0,59.0,116.0,"4,4","1,6",
2026/01/25,1500 UTC,0,"928,6","929,1","928,6","2177,6","26,1","16,9","26,6","24,4","17,6",16,62.0,54.0,57.0,180.0,"5,7","1,3",
2026/01/25,1600 UTC,0,"927,9","928,6","927,9","2711,3","27,4","16,7","27,6","25,3","17,8","15,9",59.0,51.0,52.0,160.0,"5,1","1,5",
2026/01/25,1700 UTC,0,"926,8","927,9","926,8","2651,9","28,3",16,"28,9","26,4","17,9","15,5",57.0,45.0,47.0,219.0,5,1,
2026/01/25,1800 UTC,0,"926,5","926,8","926,5",924,"25,2","17,7","28,3","25,2",18,"15,6",64.0,46.0,63.0,206.0,"6,8","2,9",
2026/01/25,1900 UTC,"40,2",927,"928,2","926,3","503,9","17,3","16,1","25,2","16,4",19,"14,5",92.0,63.0,92.0,113.0,19,"6,2",
2026/01/25,2000 UTC,"8,8","927,1","927,3","925,9","917,3","19,9","18,8","19,9","16,9","18,8","15,8",94.0,92.0,94.0,85.0,"17,8","1,3",
2026/01/25,2100 UTC,0,"927,7","927,7",927,"587,1","21,1","19,7","21,6","19,8","20,4","18,8",94.0,92.0,92.0,201.0,"4,6","1,6",
2026/01/25,2200 UTC,0,928,928,"927,6","90,4","20,4","18,4","21,1","20,4","19,7","18,4",92.0,88.0,88.0,179.0,"6,3","1,4",
2026/01/25,2300 UTC,0,929,929,928,",2",20,"16,7","20,8",20,"18,6","16,7",89.0,82.0,82.0,126.0,"5,9","2,3",
2026/01/26,0000 UTC,0,"929,3","929,6",929,,"19,5",16,20,"19,4","16,7","15,8",82.0,79.0,80.0,135.0,"6,5","2,3",
2026/01/26,0100 UTC,0,"929,1","929,3","928,9",,"19,3",17,"19,5","19,1",17,"16,1",87.0,81.0,86.0,123.0,"4,4","1,2",
2026/01/26,0200 UTC,0,"928,8","929,1","928,8",,"19,2",17,"19,3","19,2","17,1","16,9",87.0,86.0,87.0,140.0,"4,6","1,9",
2026/01/26,0300 UTC,0,"928,2","928,8","928,2",,"18,7","16,3","19,2","18,7",17,"16,3",87.0,85.0,86.0,127.0,"5,6","2,1",
2026/01/26,0400 UTC,0,"927,8","928,3","927,8",,"18,2","15,7","18,7","18,2","16,3","15,7",86.0,85.0,85.0,128.0,"5,9","2,2",
2026/01/26,0500 UTC,0,"927,6","927,8","927,6",,"17,8","15,5","18,2","17,8","15,6","15,5",87.0,85.0,87.0,112.0,"6,5","1,1",
2026/01/26,0600 UTC,0,"927,5","927,7","927,5",,"17,4","15,4","17,8","17,3","15,7","15,3",88.0,86.0,88.0,135.0,"2,8",",9",
2026/01/26,0700 UTC,0,"927,5","927,5","927,3",,"17,3","15,7","17,4","17,1","15,7","15,3",90.0,88.0,90.0,122.0,"2,6",",8",
2026/01/26,0800 UTC,0,"927,7","927,7","927,4",,"17,2","15,7","17,4","17,1","15,8","15,5",91.0,90.0,91.0,130.0,"2,3","1,1",
2026/01/26,0900 UTC,0,"928,3","928,3","927,7","11,9","17,3","15,8","17,4","17,2","15,9","15,6",91.0,91.0,91.0,117.0,"2,6",1,
2026/01/26,1000 UTC,0,929,929,"928,3",207,"17,8","16,1","17,8","17,4","16,2","15,8",91.0,90.0,90.0,123.0,"3,4","1,5",
2026/01/26,1100 UTC,0,"929,3","929,3",929,"1109,7","20,5","16,2","20,9","17,8",17,16,90.0,76.0,76.0,92.0,"3,6","1,3",
2026/01/26,1200 UTC,0,"929,7","929,7","929,3","2132,8","22,6",16,"22,8","20,5","16,6","15,6",76.0,66.0,66.0,121.0,"4,1","1,2",
2026/01/26,1300 UTC,0,"929,8","929,8","929,7","2885,6","25,3","16,2","25,3","22,6","16,8","15,1",67.0,56.0,57.0,134.0,"4,7","1,9",
2026/01/26,1400 UTC,0,"929,4","929,8","929,4","3472,1","26,7","16,2","26,8","25,1","17,2",15,58.0,51.0,53.0,161.0,"4,1","1,4",
2026/01/26,1500 UTC,0,"929,1","929,4","929,1","2301,9","26,7",16,"27,8","25,8","17,7","15,4",56.0,49.0,52.0,311.0,"3,7","1,4",
2026/01/26,1600 UTC,0,"928,7","929,1","928,7",3040,"28,6","14,9","29,7","26,5","17,2","14,6",54.0,42.0,43.0,221.0,"4,1",",9",
2026/01/26,1700 UTC,0,"928,1","928,7","928,1","1855,8","28,3","16,9","29,1","26,4","17,8","14,6",56.0,43.0,50.0,186.0,6,2,
2026/01/26,1800 UTC,0,"927,3","928,1","927,2","3136,2","28,3","16,1",30,28,"17,5","14,7",51.0,42.0,47.0,220.0,"6,2","2,2",
2026/01/26,1900 UTC,0,"927,1","927,3",927,"1328,7","26,2","17,8","28,7","26,2","18,1","16,1",60.0,48.0,60.0,212.0,"8,8","3,9",
2026/01/26,2000 UTC,0,"927,5","927,5",927,"1021,2",25,"17,8",27,25,"18,6","17,5",65.0,57.0,64.0,184.0,"7,9","2,3",
2026/01/26,2100 UTC,0,"927,9","927,9","927,5","283,3","23,9","17,8",25,"23,9","18,2","17,7",69.0,64.0,69.0,202.0,"6,4","2,6",
2026/01/26,2200 UTC,0,"928,2","928,2","927,7","112,9","22,8","17,4","23,9","22,8","17,8","17,4",72.0,68.0,72.0,167.0,"6,8","2,4",
2026/01/26,2300 UTC,0,"928,6","928,6","928,1",,"22,3","17,3","22,8","22,3","17,6","17,2",74.0,72.0,73.0,200.0,"5,8","2,4",
2026/01/27,0000 UTC,0,"929,5","929,6","928,6",,"22,2","17,3","22,3","22,1","17,6","17,2",75.0,73.0,74.0,160.0,"5,2","1,8",
2026/01/27,0100 UTC,0,"929,6","929,9","929,5",,"21,6","16,5","22,2","21,6","17,3","16,5",75.0,73.0,73.0,132.0,"5,8","1,8",
2026/01/27,0200 UTC,0,"929,1","929,6","929,1",,"20,9","16,3","21,6","20,9","16,5","15,9",75.0,71.0,75.0,146.0,"4,2","1,3",
2026/01/27,0300 UTC,0,"928,3","929,1","928,3",,"20,3","16,9",21,"20,3",17,"16,3",81.0,75.0,81.0,93.0,"3,5",",5",
2026/01/27,0400 UTC,0,"927,9","928,4","927,8",,"19,9","16,7","20,6","19,9","17,2","16,7",82.0,80.0,82.0,89.0,"2,7",",4",
2026/01/27,0500 UTC,0,"927,3","927,9","927,3",,"19,6","17,1","20,1","19,5","17,1","16,7",85.0,82.0,85.0,180.0,"1,9",0,
2026/01/27,0600 UTC,0,"926,7","927,2","926,7",,"19,5","17,2","19,7","19,4","17,3",17,87.0,85.0,87.0,148.0,"1,6",",6",
2026/01/27,0700 UTC,0,"927,2","927,2","926,7",,"19,4","17,3","19,6","19,3","17,4","17,1",87.0,87.0,87.0,120.0,"2,9",1,
2026/01/27,0800 UTC,0,"927,7","927,7","927,2",,"19,5","16,9","19,5","19,3","17,3","16,9",88.0,85.0,85.0,127.0,"4,8",2,
2026/01/27,0900 UTC,0,"928,2","928,2","927,6","3,5","19,4","16,3","19,6","19,3","16,9","16,2",85.0,82.0,83.0,122.0,"4,6","2,4",
2026/01/27,1000 UTC,0,"929,1","929,1","928,2","195,9","19,7","16,6","19,7","19,4","16,6","16,3",83.0,82.0,82.0,145.0,"4,5","1,6",
2026/01/27,1100 UTC,0,"929,4","929,5","929,1","425,8","20,2","16,7","20,3","19,7","17,1","16,5",83.0,80.0,80.0,102.0,"3,6","1,3",
2026/01/27,1200 UTC,0,"929,8","929,8","929,4","1293,6","22,1","16,9","22,1","20,2","17,1","16,5",81.0,72.0,72.0,118.0,"4,8",2,
2026/01/27,1300 UTC,0,"929,5","929,8","929,5","2867,2","24,3",16,"24,5","22,1","17,3","15,7",73.0,59.0,60.0,95.0,"4,5","1,2",
2026/01/27,1400 UTC,0,"928,9","929,5","928,9","3470,3","26,5","15,8","27,3","24,3","17,4","15,6",61.0,51.0,52.0,302.0,"3,7","1,2",
2026/01/27,1500 UTC,0,"928,3","928,9","928,3","3273,1","28,4","16,7",29,"26,3",18,"15,7",56.0,47.0,49.0,284.0,"5,3","1,6",
2026/01/27,1600 UTC,0,"927,7","928,3","927,7","3337,1","29,4","14,8",30,"27,6","17,1","13,8",50.0,39.0,41.0,299.0,"5,6",2,
2026/01/27,1700 UTC,0,"926,6","927,7","926,6","2772,4","30,1","13,7","30,7","28,8","16,5","13,1",45.0,35.0,37.0,33.0,"4,6","1,2",
2026/01/27,1800 UTC,0,"925,8","926,6","925,7","1693,2","28,3","17,2","31,7","28,3","17,2","13,2",51.0,35.0,51.0,210.0,"4,5",2,
2026/01/27,1900 UTC,"21,4","926,4","927,2","925,8","67,7","18,5","17,1","28,3","18,3","18,8","15,9",91.0,51.0,91.0,209.0,"17,2","4,9",
2026/01/27,2000 UTC,",2","926,5","926,6","925,2","110,5","20,5","18,5","20,8","18,5","18,9","17,2",91.0,87.0,88.0,114.0,"9,2","1,5",
2026/01/27,2100 UTC,0,"926,5","926,7","926,3","838,5","22,5",19,"22,7","20,6","19,5","18,4",89.0,78.0,81.0,142.0,"5,5","1,3",
2026/01/27,2200 UTC,0,"926,8","926,8","926,3",162,"22,6","18,8","22,6","22,3","19,1","18,6",81.0,79.0,79.0,147.0,"5,5",2,
2026/01/27,2300 UTC,0,"927,7","927,7","926,8",,"22,1","18,5","22,6","22,1","18,7","18,1",80.0,77.0,80.0,132.0,"5,5","1,9",
2026/01/28,0000 UTC,0,"927,6","927,8","927,5",,"21,6","18,2","22,1","21,6","18,5","18,1",81.0,80.0,81.0,127.0,"5,2","1,6",
2026/01/28,0100 UTC,0,"927,6","927,8","927,6",,"21,2","18,4","21,5","21,1","18,4","18,1",84.0,81.0,84.0,119.0,"4,2","1,3",
2026/01/28,0200 UTC,0,"927,8",928,"927,6",,"20,8","18,4","21,3","20,8","18,6","18,3",86.0,84.0,86.0,84.0,"3,1","1,1",
2026/01/28,0300 UTC,0,"927,2","927,8","927,2",,"20,6",18,"20,8","20,3","18,5","17,9",87.0,85.0,85.0,125.0,"3,3","1,2",
2026/01/28,0400 UTC,",2","926,9","927,2","926,8",,"19,7","17,3","20,6","19,7",18,"17,3",87.0,85.0,86.0,76.0,"2,8",",2",
2026/01/28,0500 UTC,0,"926,8","926,9","926,6",,"19,2","17,3","19,9","19,2","17,7","17,3",89.0,86.0,89.0,236.0,"1,2",",3",
2026/01/28,0600 UTC,0,"926,6","926,8","926,5",,"19,4","17,6","19,5","19,1","17,8","17,2",90.0,89.0,89.0,86.0,"1,5",",4",
2026/01/28,0700 UTC,0,"926,6","926,8","926,6",,"19,2","17,5","19,4","19,1","17,7","17,4",90.0,89.0,90.0,72.0,"1,1",",3",
2026/01/28,0800 UTC,0,"926,9","926,9","926,6",,"19,4","17,8","19,5","19,1","17,9","17,5",91.0,90.0,90.0,85.0,"1,1",",4",
2026/01/28,0900 UTC,0,"927,7","927,7","926,9","8,3","19,2","17,4","19,5",19,"17,8","17,4",91.0,89.0,89.0,106.0,"1,5",",2",
2026/01/28,1000 UTC,0,928,928,"927,7","305,1","20,8","17,4","21,2","19,2","18,4","17,4",90.0,81.0,81.0,124.0,2,",7",
2026/01/28,1100 UTC,0,"928,2","928,2","927,9","1018,8","22,8","17,2","23,5","20,3","18,3",17,83.0,70.0,71.0,102.0,"3,1",",8",
2026/01/28,1200 UTC,0,"928,4","928,5","928,2","1989,7","24,9","17,4","25,2","22,8","18,3","16,7",72.0,62.0,63.0,83.0,"2,6",",7",
2026/01/28,1300 UTC,0,"928,6","928,7","928,3","2793,3","26,5","16,6","26,6","24,8","17,6","16,2",63.0,54.0,54.0,1.0,"6,9",3,
2026/01/28,1400 UTC,0,"928,2","928,6","928,2","2640,3","26,7","16,6","27,3","26,2","17,5","16,1",56.0,52.0,54.0,348.0,"6,8","3,3",
2026/01/28,1500 UTC,0,"927,5","928,2","927,5","2549,1","28,7","16,6","28,9","26,4","17,3","16,2",55.0,46.0,48.0,333.0,"6,8","2,4",
2026/01/28,1600 UTC,0,"926,7","927,5","926,7","1983,2","27,8","16,1","28,9","27,8","16,7","15,3",50.0,45.0,49.0,322.0,"6,1",2,
2026/01/28,1700 UTC,0,"925,7","926,7","925,7","2077,9","29,1","17,1","29,8","27,7","17,1","15,2",49.0,41.0,48.0,57.0,"6,5","1,6",
2026/01/28,1800 UTC,0,"925,3","925,7","925,1","1360,5",28,"16,3","31,4",28,"17,2","14,3",49.0,40.0,49.0,322.0,"8,3","2,9",
2026/01/28,1900 UTC,0,"925,9","925,9","924,5","538,1","25,4","17,6",28,"24,9","17,6","16,4",62.0,49.0,62.0,170.0,"11,6","2,4",
2026/01/28,2000 UTC,0,"925,7","925,9","925,3","974,5","24,6","16,8","26,2","24,5","18,6","16,6",66.0,60.0,62.0,160.0,"6,6","2,5",
2026/01/28,2100 UTC,0,926,926,"925,7","210,7","22,9","16,2","24,6","22,8","16,9","15,9",67.0,61.0,66.0,124.0,"6,4","2,5",
2026/01/28,2200 UTC,0,"926,3","926,3","925,9","172,9","22,7","15,5","23,1","22,7","16,2","15,3",66.0,62.0,64.0,128.0,"5,8","1,9",
2026/01/28,2300 UTC,0,"927,1","927,2","926,2",,"22,3","17,1","22,7","22,2","17,1","15,2",72.0,63.0,72.0,83.0,"4,1",",9",
2026/01/29,0000 UTC,0,"928,2","928,2","927,1",,"22,1","17,1","22,5","22,1","17,3","17,1",73.0,72.0,73.0,71.0,"3,8",",5",
2026/01/29,0100 UTC,0,"928,6","928,7","928,1",,21,"16,6","22,3",21,"17,3","16,6",76.0,72.0,76.0,326.0,"5,6",",8",
2026/01/29,0200 UTC,0,928,"928,7",928,,"20,9","16,1","21,1","20,9","16,5",16,76.0,73.0,74.0,31.0,"3,6",",8",
2026/01/29,0300 UTC,0,"927,2",928,"927,2",,20,"15,9","20,9",20,"16,1","15,9",77.0,74.0,77.0,279.0,"2,4",0,
2026/01/29,0400 UTC,0,"926,5","927,2","926,5",,"20,3","15,8","20,7",20,16,"15,7",78.0,73.0,75.0,21.0,"3,4","1,1",
2026/01/29,0500 UTC,0,"926,2","926,5","926,1",,"19,9","15,7","20,3","19,7","15,8","15,6",78.0,75.0,77.0,353.0,"4,2",2,
2026/01/29,0600 UTC,0,"925,8","926,2","925,8",,"20,1","15,5","20,2","19,8","15,7","15,4",77.0,75.0,75.0,4.0,"4,8",2,
2026/01/29,0700 UTC,0,"925,9","925,9","925,6",,20,"15,2","20,5",20,"15,6","15,1",75.0,72.0,74.0,291.0,"4,2",",8",
2026/01/29,0800 UTC,0,"926,4","926,5","925,9",,20,"15,4","20,3","19,2","15,8","15,3",79.0,74.0,75.0,353.0,6,"2,7",
2026/01/29,0900 UTC,0,"926,6","926,6","926,4","11,9",20,"15,1","20,4","19,8","15,4",15,76.0,72.0,74.0,347.0,"7,5","1,7",
2026/01/29,1000 UTC,0,927,927,"926,6","570,9","21,7","15,6","21,7",20,"15,7","15,1",73.0,68.0,68.0,345.0,"4,7","2,5",
2026/01/29,1100 UTC,0,"927,2","927,2",927,"720,3","23,2","16,1","23,2","21,4","16,4","15,3",69.0,64.0,64.0,38.0,"5,6",1,
2026/01/29,1200 UTC,0,"927,5","927,5","927,2","1516,4",24,"16,1","24,4","22,8","16,6","15,3",66.0,59.0,61.0,4.0,"3,9","1,5",
2026/01/29,1300 UTC,0,"927,4","927,5","927,4","2221,2","25,8","16,8","25,8","23,7","17,3","15,5",63.0,57.0,58.0,8.0,"5,2","1,5",
2026/01/29,1400 UTC,0,"927,3","927,5","927,3","3141,3",26,"15,9","26,5","25,4","17,2","15,2",58.0,52.0,54.0,348.0,"7,8","3,1",
2026/01/29,1500 UTC,0,"926,8","927,3","926,8","3394,4","27,1","15,5","28,1","25,6","16,5",15,56.0,47.0,49.0,12.0,"8,5","4,8",
2026/01/29,1600 UTC,0,"926,3","926,8","926,3","3010,9","27,4","14,8","28,2","26,6","15,6","14,1",50.0,44.0,46.0,7.0,"8,8","4,3",
2026/01/29,1700 UTC,0,"925,4","926,3","925,4","3043,3","28,7","15,1",29,"27,2","16,2","14,7",49.0,43.0,44.0,359.0,"8,2","3,4",
2026/01/29,1800 UTC,0,"924,1","925,4","924,1","2433,8","27,6","14,9","29,6","27,6",16,"14,3",46.0,41.0,46.0,318.0,"8,2","3,3",
2026/01/29,1900 UTC,0,"923,1","924,1",923,"1761,9","28,5","14,3","30,4","27,5",16,"13,9",47.0,37.0,42.0,348.0,"7,1","3,1",
2026/01/29,2000 UTC,0,"922,5","923,1","922,4","650,8","27,6","15,1","28,5","27,6","15,1","14,1",46.0,42.0,46.0,342.0,"7,1","3,2",
2026/01/29,2100 UTC,0,923,923,"922,3","229,1",25,"18,2","27,6",25,"18,5","15,3",66.0,47.0,66.0,208.0,"8,9",3,
2026/01/29,2200 UTC,",6","924,1","924,1",923,93,"21,5","18,2",25,"21,5","18,4","17,1",81.0,65.0,81.0,159.0,"8,9","1,8",
2026/01/29,2300 UTC,0,"924,1","924,4","924,1",,"21,2","17,8","21,8","21,1","19,1","17,4",85.0,79.0,81.0,137.0,"4,9",",7",
2026/01/30,0000 UTC,0,"924,8","924,8","924,1",,"21,9","17,4","21,9",21,"17,8",17,81.0,76.0,76.0,126.0,"3,7","1,6",
2026/01/30,0100 UTC,0,925,"925,2","924,8",,"21,9",18,"21,9","21,8","18,1",17,79.0,74.0,78.0,108.0,"5,3",2,
2026/01/30,0200 UTC,"14,2",926,"926,3",925,",3","18,2","16,9",22,18,18,"15,7",92.0,74.0,92.0,242.0,"13,2",",8",
2026/01/30,0300 UTC,"5,6","925,5","926,2","925,5",,"18,7","17,6","18,8","18,2","17,7","16,9",94.0,92.0,94.0,108.0,"3,2","1,5",
2026/01/30,0400 UTC,2,"924,5","925,5","924,5",,"18,8","17,7","18,8","18,6","17,7","17,5",94.0,93.0,93.0,72.0,"4,1",1,
2026/01/30,0500 UTC,"1,8","923,4","924,5","923,4",,"18,9","17,7",19,"18,8","17,8","17,6",93.0,93.0,93.0,65.0,"2,9",",4",
2026/01/30,0600 UTC,",6","922,3","923,4","922,3",,19,"17,7",19,"18,7","17,8","17,5",93.0,92.0,92.0,7.0,"2,3",",6",
2026/01/30,0700 UTC,0,"921,5","922,3","921,5",,"18,8","17,3",19,"18,6","17,7","17,1",92.0,90.0,91.0,182.0,2,",4",
2026/01/30,0800 UTC,0,922,922,"921,4",,"18,7","17,3",19,"18,5","17,6","17,1",92.0,91.0,92.0,122.0,3,",1",
2026/01/30,0900 UTC,0,"922,3","922,3","921,9","5,3",19,"16,8",19,"18,4","17,3","16,5",92.0,87.0,87.0,24.0,"2,9",",6",
2026/01/30,1000 UTC,0,"922,7","922,8","922,3","332,8",20,"16,4",20,"18,6","17,2","16,4",88.0,80.0,80.0,59.0,"2,8",",7",
2026/01/30,1100 UTC,0,"923,1","923,1","922,7","773,2","21,5","16,1","21,7","19,8","16,7","15,6",80.0,71.0,71.0,52.0,"3,5","1,5",
2026/01/30,1200 UTC,0,"923,3","923,3","923,1","1423,4","21,7","16,5","22,1","21,2","16,8","15,7",74.0,70.0,72.0,8.0,6,"2,5",
2026/01/30,1300 UTC,0,"923,4","923,4","923,3","1058,3","22,3","16,6","22,3","21,6","17,1","16,1",74.0,70.0,70.0,354.0,"7,1","3,1",
2026/01/30,1400 UTC,",8","923,6","923,7","923,3","754,1","20,7","17,3","22,3","20,7","17,3","16,3",81.0,70.0,81.0,340.0,8,"3,4",
2026/01/30,1500 UTC,",4",923,"923,6",923,"1150,6","22,3","17,9","22,4","20,7","18,4","17,4",82.0,76.0,76.0,338.0,8,"2,8",
2026/01/30,1600 UTC,0,922,923,922,"1746,1",23,"17,2","23,4","22,2","18,1",17,77.0,69.0,70.0,337.0,"7,4","3,2",
2026/01/30,1700 UTC,0,"921,1",922,"921,1","2103,1","24,3",17,"24,4",23,"17,7","16,6",70.0,63.0,64.0,329.0,"7,5","3,6",
2026/01/30,1800 UTC,0,"920,3","921,1","920,3","1972,6","25,9",17,26,"24,2","17,7","16,5",65.0,57.0,58.0,346.0,"7,5",3,
2026/01/30,1900 UTC,0,"919,9","920,3","919,9","2086,1","26,2","16,3","26,7","25,3","17,2",16,60.0,53.0,55.0,301.0,"9,8","3,8",
2026/01/30,2000 UTC,0,"919,7","919,9","919,6","541,9","23,6","15,8","26,2","23,6","16,8","15,3",62.0,54.0,62.0,307.0,"10,9","3,9",
2026/01/30,2100 UTC,",2","920,5","920,6","919,7","639,7","22,3","15,7","23,6","21,5","16,3","13,3",70.0,55.0,66.0,282.0,"8,4","2,2",
2026/01/30,2200 UTC,,,,,,,,,,,,,,,,,,
2026/01/30,2300 UTC,0,"921,5","921,5","920,7",,"20,6","15,5",21,"20,5",16,"15,2",74.0,69.0,73.0,271.0,"3,7",",4",
2026/01/31,0000 UTC,0,"921,6","921,6","921,5",,"20,5","15,3","20,8","20,3","15,6","15,2",73.0,71.0,72.0,302.0,"1,9",",2",
2026/01/31,0100 UTC,0,922,922,"921,6",,"20,8","15,9",21,"20,5","15,9","15,4",73.0,72.0,73.0,16.0,"2,1",1,
2026/01/31,0200 UTC,0,"921,9",922,"921,8",,"20,3","16,2","20,9","20,3","16,3","15,9",78.0,73.0,78.0,355.0,"2,7","1,4",
2026/01/31,0300 UTC,0,"921,1","921,9","921,1",,"20,1","16,4","20,5","19,9","16,6","16,2",80.0,77.0,79.0,61.0,"2,3",",9",
2026/01/31,0400 UTC,0,"920,6","921,1","920,6",,"19,7","15,8","20,1","19,7","16,4","15,8",80.0,78.0,78.0,26.0,"3,5","1,2",
2026/01/31,0500 UTC,0,"920,5","920,6","920,5",,"19,3","16,5","19,7","19,3","16,6","15,8",84.0,78.0,84.0,357.0,5,"2,7",
2026/01/31,0600 UTC,0,"920,2","920,6","920,1",,"19,3","16,4","19,4","19,2","16,6","16,4",84.0,84.0,84.0,359.0,5,"1,5",
2026/01/31,0700 UTC,0,"920,1","920,2","919,9",,"19,2","16,4","19,4","19,2","16,5","16,4",84.0,84.0,84.0,16.0,"3,8","1,5",
2026/01/31,0800 UTC,0,"920,3","920,4",920,,"19,6","16,9","19,6","19,1","16,9","16,4",84.0,84.0,84.0,346.0,"6,1","3,1",
2026/01/31,0900 UTC,0,"920,6","920,6","920,3","2,2","19,8","16,8","19,9","19,6","16,9","16,8",84.0,83.0,83.0,340.0,"7,9","2,7",
2026/01/31,1000 UTC,0,"921,3","921,3","920,6","172,6","20,3","16,9","20,3","19,8","16,9","16,7",83.0,80.0,81.0,334.0,"7,6","2,2",
2026/01/31,1100 UTC,0,"921,8","921,8","921,3","354,6","20,6",17,"20,6","20,2","17,2","16,7",81.0,80.0,80.0,333.0,6,3,
2026/01/31,1200 UTC,0,"922,1","922,2","921,8",612,"21,6",17,22,"20,6","17,6","16,9",80.0,75.0,75.0,360.0,"6,6","1,2",
2026/01/31,1300 UTC,0,"922,1","922,1","921,9","995,9","22,6","17,2","22,7","21,4","17,5","16,8",76.0,71.0,72.0,341.0,"6,7","3,3",
2026/01/31,1400 UTC,0,"922,1","922,2",922,"1859,1","23,1","16,8","23,7","22,6","17,6","16,7",72.0,67.0,68.0,345.0,"9,4","4,4",
2026/01/31,1500 UTC,",4","921,9","922,1","921,9","1841,4","23,9","17,9","24,3","21,7","18,6","16,8",78.0,68.0,69.0,325.0,"9,1","3,1",
2026/01/31,1600 UTC,0,"921,5","921,9","921,5","2113,3","25,2","17,3","25,4","23,5","18,5",17,70.0,61.0,62.0,308.0,"8,7","3,8",
2026/01/31,1700 UTC,0,"920,8","921,5","920,8","2616,4","26,5","16,2","26,9","25,1",18,"16,2",64.0,53.0,53.0,347.0,"10,6","3,5",
2026/01/31,1800 UTC,0,920,"920,8",920,2632,"26,8","16,3","27,8","26,2","17,2","15,2",55.0,49.0,53.0,334.0,"9,9","3,3",
2026/01/31,1900 UTC,0,"919,3",920,"919,3","1908,6","26,8","14,4",28,26,"16,8","14,4",56.0,44.0,47.0,336.0,"8,4","3,8",
2026/01/31,2000 UTC,0,919,"919,3","918,9","1476,7","27,6","14,3","28,2","26,7",15,"13,8",48.0,42.0,44.0,326.0,"8,8","3,2",
2026/01/31,2100 UTC,0,919,919,"918,8","884,7","27,2","14,3","28,3","27,2",15,"13,8",46.0,42.0,45.0,326.0,"7,8","3,8",
2026/01/31,2200 UTC,0,"919,2","919,3",919,"126,1","25,9","15,3","27,3","25,9","15,3","14,3",52.0,45.0,52.0,4.0,"7,7","1,9",
2026/01/31,2300 UTC,0,"919,7","919,7","919,2",,25,16,"25,9",25,16,"15,2",57.0,52.0,57.0,14.0,4,"1,8",
2026/02/01,0000 UTC,0,"920,4","920,5","919,7",,"23,9","17,4",25,"23,9","17,4",16,67.0,57.0,67.0,49.0,"4,2",1,
2026/02/01,0100 UTC,0,921,921,"920,4",,"23,5","17,7","23,9","23,2","17,7","17,4",70.0,67.0,70.0,15.0,"2,9",",4",
2026/02/01,0200 UTC,0,"920,8","921,1","920,8",,"23,6","17,5","23,7","23,4","17,8","17,5",70.0,69.0,69.0,15.0,"4,6","1,7",
2026/02/01,0300 UTC,0,"920,4","920,8","920,3",,"23,4","17,6","23,6","23,3","17,7","17,4",70.0,69.0,70.0,18.0,"6,4","2,4",
2026/02/01,0400 UTC,0,"920,1","920,4","920,1",,23,"17,5","23,4",23,"17,6","17,5",71.0,70.0,71.0,353.0,"7,2","2,4",
2026/02/01,0500 UTC,0,"920,1","920,2",920,,"22,5","17,6","23,1","22,5","17,7","17,5",74.0,71.0,74.0,336.0,"6,8","2,3",
2026/02/01,0600 UTC,0,"919,6","920,1","919,6",,"22,2","17,6","22,8","22,2","17,8","17,5",75.0,73.0,75.0,322.0,7,2,
2026/02/01,0700 UTC,0,"919,2","919,7","919,2",,"22,3","17,6","22,4","22,1","17,7","17,6",76.0,75.0,75.0,348.0,"7,1","3,6",
2026/02/01,0800 UTC,0,"919,5","919,5","919,2",,"22,2","17,5","22,4","22,1","17,7","17,5",76.0,74.0,75.0,2.0,"8,3","3,6",
2026/02/01,0900 UTC,0,920,920,"919,3","3,1","22,3","17,6","22,3","22,2","17,6","17,5",75.0,74.0,75.0,356.0,"8,3","3,6",
2026/02/01,1000 UTC,0,"920,7","920,7",920,"372,1",23,18,"23,1","22,2","18,2","17,5",75.0,73.0,74.0,358.0,"8,4",4,
2026/02/01,1100 UTC,0,"921,2","921,2","920,6","1018,5","23,1","18,4","23,7","22,9","18,6",18,75.0,72.0,75.0,6.0,"10,6","3,5",
2026/02/01,1200 UTC,0,"921,4","921,5","921,1","1894,2","24,2","18,6","24,4","23,1",19,"18,4",75.0,70.0,71.0,2.0,"9,4","4,1",
2026/02/01,1300 UTC,0,"921,4","921,5","921,2",2241,"24,7","18,8","25,3",24,"19,2","18,2",72.0,67.0,70.0,355.0,"10,9","4,4",
2026/02/01,1400 UTC,0,"921,1","921,5",921,"1819,3","25,4","18,8","25,5","24,2","19,2","18,4",71.0,67.0,67.0,359.0,"11,6","4,6",
2026/02/01,1500 UTC,0,"920,6","921,2","920,6",2174,"26,4",19,"26,4","24,7","19,1","18,5",69.0,63.0,63.0,24.0,"10,3","4,3",
2026/02/01,1600 UTC,0,"919,6","920,6","919,6","2112,3","25,9","18,4","27,3","25,7","19,3","18,1",65.0,59.0,64.0,350.0,"10,2","4,1",
2026/02/01,1700 UTC,",2","919,5","919,9","919,1","530,6","24,4","19,1",26,"24,4","19,6","18,5",73.0,63.0,72.0,354.0,"8,9","2,7",
2026/02/01,1800 UTC,"10,8","919,3","919,9","918,8","328,7","19,3","17,7","24,9","18,9","19,6","16,5",90.0,71.0,90.0,220.0,"10,9",4,
2026/02/01,1900 UTC,"8,6","919,8","919,9",919,"1017,5","21,2","19,6","21,2",19,"19,7","17,4",93.0,90.0,90.0,115.0,"8,7","1,8",
2026/02/01,2000 UTC,"8,8","920,1",921,"919,8","339,7","19,7","17,6","21,6","18,9","19,8","16,8",90.0,84.0,88.0,292.0,"8,6",",1",
2026/02/01,2100 UTC,",4","920,8",921,920,213,"20,2","17,5","20,3","19,7","18,4","17,5",89.0,85.0,85.0,49.0,"4,1","1,9",
2026/02/01,2200 UTC,0,"920,2","920,9","920,2","32,6","20,3","17,9","20,8","20,1","17,9","17,2",86.0,83.0,86.0,109.0,"5,2","1,3",
2026/02/01,2300 UTC,0,"920,2","920,6","919,9",,21,"18,1",21,"20,3","18,2","17,9",86.0,84.0,84.0,63.0,"6,4","1,3",
2026/02/02,0000 UTC,0,921,921,"920,2",,21,"18,1","21,1","20,8","18,1","17,9",84.0,83.0,83.0,47.0,"7,2","1,6",
2026/02/02,0100 UTC,0,"921,5","921,6",921,,"21,1","17,7","21,2","20,9",18,"17,7",84.0,81.0,81.0,346.0,"7,1","2,6",
2026/02/02,0200 UTC,0,"921,9",922,"921,5",,"20,9","17,5","21,2","20,6","17,8","17,4",83.0,80.0,81.0,8.0,"4,9",2,
2026/02/02,0300 UTC,0,"921,3","921,9","921,3",,21,"17,8",21,"20,7","17,8","17,5",83.0,81.0,82.0,9.0,"5,4","2,6",
2026/02/02,0400 UTC,0,"920,9","921,3","920,9",,"21,1",18,"21,2","20,8",18,"17,7",83.0,82.0,82.0,9.0,"5,6","3,1",
2026/02/02,0500 UTC,0,"920,8","920,9","920,7",,"21,1",18,"21,2",21,"18,1","17,9",83.0,82.0,83.0,347.0,"6,7","2,4",
2026/02/02,0600 UTC,0,"920,6","920,8","920,5",,21,"17,9","21,1","20,9","18,1","17,9",84.0,82.0,83.0,29.0,"5,9","2,1",
2026/02/02,0700 UTC,0,"920,7","920,8","920,5",,"20,9",18,21,"20,8",18,"17,8",83.0,82.0,83.0,358.0,"6,4","3,6",
2026/02/02,0800 UTC,0,"921,2","921,2","920,6",,21,"18,1",21,"20,9","18,1",18,83.0,83.0,83.0,12.0,"6,1","2,2",
2026/02/02,0900 UTC,0,"921,7","921,7","921,2","1,7","20,9","17,9",21,"20,9","18,1","17,9",83.0,83.0,83.0,15.0,"5,9","2,1",
2026/02/02,1000 UTC,0,"922,4","922,4","921,8","88,7","21,2",18,"21,2","20,9",18,"17,8",83.0,82.0,82.0,27.0,"5,3","1,8",
2026/02/02,1100 UTC,0,"922,8","922,8","922,4","307,7","21,6","18,1","21,6","21,1","18,1","17,9",82.0,81.0,81.0,350.0,"7,3","2,8",
2026/02/02,1200 UTC,0,923,923,"922,7","785,6","22,3","18,4","22,3","21,5","18,4","17,9",81.0,78.0,79.0,6.0,"5,3","2,1",
2026/02/02,1300 UTC,0,"923,1","923,2",923,"928,4","22,8","18,1",23,"22,3","18,6","17,9",79.0,74.0,75.0,359.0,"6,8","3,3",
2026/02/02,1400 UTC,0,923,"923,2",923,"993,8","23,9","18,6",24,"22,6","19,1","17,8",76.0,72.0,72.0,337.0,"6,8","2,1",
2026/02/02,1500 UTC,0,"922,6",923,"922,5","2113,9",25,18,"25,9","23,8","19,1","17,7",74.0,61.0,65.0,4.0,"5,1","2,5",
2026/02/02,1600 UTC,0,"922,1","922,6","922,1","1568,1","25,5","17,9","25,8","24,9","18,3","17,4",66.0,61.0,63.0,6.0,"7,5","2,3",
2026/02/02,1700 UTC,0,"921,7","922,1","921,6","1608,4","25,5",18,"26,3","25,3","18,9","17,3",64.0,60.0,63.0,360.0,"7,6","3,1",
2026/02/02,1800 UTC,",4","921,3","921,7","921,3","1190,5","23,8","18,8","25,5","23,8","19,4","17,9",74.0,63.0,74.0,306.0,"7,9","2,5",
2026/02/02,1900 UTC,0,"921,2","921,3","921,1","1112,7","24,8","19,5","24,8","23,4","19,9","18,7",78.0,72.0,72.0,286.0,"7,7","2,3",
2026/02/02,2000 UTC,0,"920,9","921,2","920,8","868,1","23,6","17,9","24,8","23,6","19,3","17,8",73.0,69.0,70.0,293.0,"6,2","2,9",
2026/02/02,2100 UTC,0,"921,3","921,3","920,8","386,7","23,5","18,2","23,8","23,4","18,4","17,8",73.0,70.0,72.0,291.0,"5,6","1,2",
2026/02/02,2200 UTC,0,"921,7","921,7","921,3","73,8","23,2","18,2","23,6","23,2","18,4",18,74.0,72.0,74.0,233.0,"2,5",0,
2026/02/02,2300 UTC,0,"922,1","922,2","921,6",,"23,1","18,2","23,2",23,"18,2","18,1",74.0,73.0,74.0,173.0,"1,1",",6",
2026/02/03,0000 UTC,0,"922,4","922,4",922,,"22,7","18,8","23,1","22,4","18,8","18,2",78.0,74.0,78.0,80.0,"2,8",",8",
2026/02/03,0100 UTC,0,"922,8","922,8","922,2",,"22,3","19,1","22,8","22,3","19,2","18,8",82.0,78.0,82.0,99.0,"4,4","1,3",
2026/02/03,0200 UTC,0,"922,8","922,9","922,7",,"21,7","19,1","22,4","21,7","19,1",19,85.0,82.0,85.0,127.0,"3,1",",9",
2026/02/03,0300 UTC,0,"922,6","922,8","922,5",,"21,7","19,2","21,7","21,6","19,2","19,1",86.0,85.0,86.0,139.0,"2,7",",6",
2026/02/03,0400 UTC,0,"921,9","922,6","921,9",,"21,6","19,1","21,7","21,5","19,3",19,86.0,85.0,86.0,97.0,"1,4",",5",
2026/02/03,0500 UTC,0,"921,3","921,9","921,3",,"21,4","19,1","21,7","21,3","19,3","18,9",87.0,86.0,87.0,100.0,"1,7",0,
2026/02/03,0600 UTC,0,"921,2","921,3","921,2",,"21,4","19,1","21,4","21,2","19,2",19,88.0,87.0,87.0,108.0,"1,7",",7",
2026/02/03,0700 UTC,0,921,"921,3",921,,"21,4","18,9","21,4","21,2","19,1","18,9",87.0,86.0,86.0,137.0,"2,9","1,4",
2026/02/03,0800 UTC,0,"921,4","921,4",921,,"21,3","18,9","21,4","21,2",19,"18,8",87.0,86.0,87.0,124.0,"3,7","1,2",
2026/02/03,0900 UTC,0,"921,8","921,8","921,4",",3","21,1","18,9","21,3","21,1","18,9","18,9",87.0,87.0,87.0,119.0,"2,5",",9",
2026/02/03,1000 UTC,0,"922,2","922,2","921,8","83,8","21,5","19,3","21,5",21,"19,3","18,9",88.0,87.0,87.0,83.0,"2,6",",3",
2026/02/03,1100 UTC,0,"922,8","922,8","922,2","205,2","22,2",19,"22,2","21,5","19,3","18,9",87.0,82.0,82.0,34.0,"3,1",1,
2026/02/03,1200 UTC,",2","923,1","923,2","922,8","401,4",22,"19,4","22,2","21,8","19,6","18,9",86.0,82.0,85.0,19.0,"5,1","1,3",
2026/02/03,1300 UTC,0,"923,1","923,2",923,"871,6","22,6","19,4",23,22,"20,1","19,3",86.0,81.0,82.0,351.0,"5,1","1,7",
2026/02/03,1400 UTC,0,"922,9","923,1","922,8","1641,7",24,"19,1","24,4","22,6","19,9","18,8",84.0,72.0,74.0,356.0,6,"3,1",
2026/02/03,1500 UTC,",6","922,4","922,9","922,4","1481,6","24,1",20,"25,3","22,8","20,7","18,8",84.0,70.0,78.0,19.0,"6,8","2,4",
2026/02/03,1600 UTC,0,"922,1","922,4",922,"1545,2","24,4","18,6","24,9","23,9","20,3","18,6",79.0,70.0,70.0,355.0,"8,8","4,2",
2026/02/03,1700 UTC,",2","921,1","922,1","921,1","2069,5","25,5","17,3","26,1","23,4","18,8","16,9",75.0,58.0,61.0,307.0,10,"4,2",
2026/02/03,1800 UTC,0,"920,7","921,1","920,7","2598,7","27,1","17,5","27,4","25,5","18,1","16,9",62.0,55.0,56.0,341.0,"10,5","3,3",
2026/02/03,1900 UTC,0,920,"920,7",920,"1918,2","26,8",18,"27,6","26,4","18,3",17,58.0,55.0,58.0,346.0,"7,7",3,
2026/02/03,2000 UTC,0,"919,7",920,"919,6","1003,9","26,5","17,7","27,6","26,4","18,2","17,4",60.0,54.0,58.0,276.0,"7,1",1,
2026/02/03,2100 UTC,0,"920,1","920,2","919,7","212,4","25,3","18,8","26,8","25,3","18,9","17,7",68.0,58.0,68.0,43.0,"4,7","1,8",
2026/02/03,2200 UTC,0,"920,8","920,8","920,1","67,3","24,7","19,4","25,3","24,7","19,4","18,8",72.0,67.0,72.0,18.0,"4,1",",7",
2026/02/03,2300 UTC,3,"921,6","921,7","920,8",,"21,5","19,3","24,7","21,5","19,8",19,88.0,72.0,88.0,186.0,"5,6",1,
2026/02/04,0000 UTC,",8","922,3","922,3","921,6",,"21,2","19,6","21,8","21,1","19,8","19,4",91.0,88.0,91.0,138.0,"3,5",",9",
2026/02/04,0100 UTC,2,"922,6","922,6","922,2",,"20,8","19,4","21,2","20,7","19,6","19,3",92.0,91.0,92.0,108.0,"2,8",",9",
2026/02/04,0200 UTC,",2","922,6","922,7","922,5",,"20,9","19,3",21,"20,8","19,5","19,2",92.0,90.0,91.0,57.0,"3,5",",7",
2026/02/04,0300 UTC,0,922,"922,6",922,",7","20,9","19,3","20,9","20,6","19,4","19,1",91.0,91.0,91.0,87.0,"2,2","1,1",
2026/02/04,0400 UTC,0,"921,6","922,1","921,6",,"21,2","19,4","21,2","20,8","19,5","19,2",91.0,90.0,90.0,48.0,3,"1,1",
2026/02/04,0500 UTC,0,"921,2","921,6","921,1",0,"21,3","19,1","21,3","21,2","19,4","19,1",90.0,87.0,87.0,5.0,"3,3","1,4",
2026/02/04,0600 UTC,0,"920,9","921,2","920,7",,21,"19,2","21,4",21,"19,3",19,90.0,87.0,90.0,244.0,"3,1",0,
2026/02/04,0700 UTC,",8","920,4","920,9","920,4",,"21,2","19,4","21,4",21,"19,5","19,2",90.0,88.0,90.0,36.0,"3,6","1,5",
2026/02/04,0800 UTC,",4","920,7","920,7","920,3",,"21,5","19,6","21,5","21,1","19,7","19,4",90.0,89.0,89.0,11.0,"5,1","2,1",
2026/02/04,0900 UTC,",2","921,1","921,1","920,7","1,9","21,5","18,7","21,6","21,4","19,6","18,7",89.0,84.0,84.0,4.0,"7,5","3,1",
2026/02/04,1000 UTC,0,"921,7","921,7","921,1","135,6","21,6","18,8","21,6","21,4","18,8","18,6",84.0,83.0,84.0,6.0,"7,7","2,5",
2026/02/04,1100 UTC,0,"922,3","922,3","921,7","449,2",22,"18,6",22,"21,6",19,"18,6",84.0,81.0,81.0,6.0,"7,8","3,7",
2026/02/04,1200 UTC,0,"922,5","922,5","922,2","1152,1","22,5","18,5","22,7","21,9","18,9","18,2",82.0,76.0,78.0,360.0,"11,5","3,8",
2026/02/04,1300 UTC,0,"922,8","922,8","922,5","1168,2","23,3","18,4","23,6","22,5",19,"18,3",78.0,74.0,74.0,341.0,"8,5",4,
2026/02/04,1400 UTC,0,"922,4","922,8","922,4","1859,7",25,"18,5",25,"23,2","19,1",18,75.0,67.0,67.0,13.0,"9,4","2,8",
2026/02/04,1500 UTC,0,"922,2","922,4","922,1","2821,7","26,3","18,1","26,5",25,"19,4","17,7",68.0,59.0,61.0,339.0,9,3,
2026/02/04,1600 UTC,0,922,"922,2",922,"1541,6","26,1","18,3","26,7",26,"18,7","17,4",63.0,58.0,62.0,31.0,9,"2,1",
2026/02/04,1700 UTC,0,"921,8",922,"921,8","1623,8","24,8","19,1","26,5","24,8","19,6","18,1",71.0,62.0,71.0,295.0,"8,6","3,4",
2026/02/04,1800 UTC,0,"921,4","921,8","921,4","1506,5","27,4","19,2","27,4","24,5","20,3","18,7",75.0,61.0,61.0,332.0,"7,4","1,7",
2026/02/04,1900 UTC,0,"921,2","921,4","921,2",1723,"27,4","19,7","27,9","25,6","20,1","17,9",67.0,56.0,63.0,287.0,"9,4","2,3",
2026/02/04,2000 UTC,"2,8","921,3","921,3","921,1","742,9",23,"19,4","27,4","22,6","19,5","18,4",81.0,61.0,80.0,254.0,"6,1","1,6",
2026/02/04,2100 UTC,0,"921,7","921,7","921,3","340,6","23,5","19,2","24,1","22,9","20,4","19,2",82.0,77.0,77.0,252.0,"6,9","3,7",
2026/02/04,2200 UTC,",2","922,4","922,4","921,7",27,23,"19,2","23,5","22,9","19,6",19,81.0,77.0,79.0,247.0,"6,8","1,3",
2026/02/04,2300 UTC,0,"923,1","923,1","922,4",,"22,7",18,23,"22,7","19,1","17,9",79.0,74.0,75.0,255.0,"5,8","1,7",
2026/02/05,0000 UTC,",2","923,9","923,9","923,1",,"21,7","18,2","22,7","21,7","18,4","17,9",81.0,75.0,81.0,296.0,"4,2","1,2",
2026/02/05,0100 UTC,",4","923,5",924,"923,5",,"20,9","18,2","21,7","20,9","18,2","17,9",84.0,80.0,84.0,252.0,"4,3",",3",
2026/02/05,0200 UTC,0,"923,7","923,8","923,4",,"21,2","18,9","21,3","20,9",19,"18,2",87.0,84.0,86.0,187.0,3,",6",
2026/02/05,0300 UTC,0,"923,9",924,"923,6",,"21,4",19,"21,4","21,1",19,"18,8",87.0,86.0,86.0,233.0,"2,4",1,
2026/02/05,0400 UTC,0,"923,8","923,9","923,7",,21,"18,8","21,4",21,19,"18,7",87.0,86.0,87.0,238.0,"2,7",",7",
2026/02/05,0500 UTC,",4","923,3","923,8","923,3",,"20,8","19,3",21,"20,7","19,3","18,8",91.0,87.0,91.0,182.0,"2,1",",5",
2026/02/05,0600 UTC,",4","923,1","923,3","923,1",,"20,1","18,7","20,8","20,1","19,3","18,7",92.0,91.0,92.0,190.0,"2,5","1,2",
2026/02/05,0700 UTC,"1,2",923,"923,2",923,,"20,1","18,8","20,2",20,19,"18,6",93.0,92.0,92.0,292.0,"2,7","1,3",
2026/02/05,0800 UTC,0,"923,1","923,1","922,7",,"20,2","18,8","20,3",20,19,"18,8",93.0,92.0,92.0,296.0,"2,7","1,1",
2026/02/05,0900 UTC,0,"923,6","923,6","923,1","1,8","20,2","18,7","20,3","20,1","18,9","18,7",92.0,91.0,91.0,316.0,"3,1","1,4",
2026/02/05,1000 UTC,0,"924,2","924,2","923,6","109,8","20,6","18,6","20,6","20,2","18,9","18,6",91.0,88.0,88.0,314.0,"3,1","1,3",
2026/02/05,1100 UTC,0,"924,6","924,6","924,2","275,9","20,8",19,"20,8","20,6",19,"18,5",89.0,87.0,89.0,302.0,"3,1",1,
2026/02/05,1200 UTC,",2","924,8","924,9","924,6","793,8","21,8","18,7","21,8","20,8","19,3","18,5",90.0,83.0,83.0,284.0,4,"1,9",
2026/02/05,1300 UTC,0,"925,1","925,1","924,8","888,4","23,1","19,1","23,1","21,7","19,2","18,4",84.0,76.0,78.0,288.0,"3,5",",8",
2026/02/05,1400 UTC,0,"924,9","925,1","924,9","2436,2","24,9","18,7","24,9","23,1","19,2","18,2",78.0,69.0,69.0,337.0,"4,4","2,5",
2026/02/05,1500 UTC,0,"924,4","924,9","924,4","3421,7","27,2","18,2","27,2","24,9","19,1","17,5",69.0,58.0,58.0,229.0,"4,7","1,4",
2026/02/05,1600 UTC,0,"923,4","924,4","923,4","3573,8","28,2","17,4","28,9","27,1","18,9","16,4",59.0,50.0,52.0,213.0,"5,5","2,5",
2026/02/05,1700 UTC,0,"922,8","923,4","922,8",2034,"26,9","17,8","28,2","26,9","18,4","17,3",58.0,52.0,57.0,220.0,"6,7","2,8",
2026/02/05,1800 UTC,0,"922,6","922,8","922,6","538,9","24,9","18,5","26,9","24,7","18,8","17,5",70.0,57.0,68.0,215.0,"8,7",3,
2026/02/05,1900 UTC,",4","922,4","922,6","922,4","629,6","24,5","17,8","25,1","24,4","19,1","17,7",70.0,66.0,66.0,211.0,"7,6","4,1",
2026/02/05,2000 UTC,0,"922,3","922,4","922,1","994,9","24,2","17,9",26,"24,2","18,7","17,5",68.0,61.0,68.0,199.0,"8,3","3,2",
2026/02/05,2100 UTC,0,923,923,"922,3","296,5","23,2","17,7","24,2","23,2","18,4","17,6",72.0,68.0,71.0,185.0,"7,8","1,8",
2026/02/05,2200 UTC,0,"923,7","923,7",923,"66,8","22,4","17,2","23,2","22,4","17,8","17,1",73.0,70.0,73.0,210.0,"7,1","2,6",
2026/02/05,2300 UTC,0,"924,4","924,4","923,7",,"22,1","17,4","22,4","22,1","17,6","17,2",75.0,73.0,75.0,170.0,"5,3","1,6",
2026/02/06,0000 UTC,0,"924,8","924,9","924,4",,"21,9","17,6","22,2","21,9","17,8","17,3",77.0,74.0,77.0,196.0,7,"1,9",
2026/02/06,0100 UTC,0,"925,2","925,2","924,8",,"21,3","17,9","21,8","21,2","18,2","17,6",83.0,77.0,81.0,169.0,7,"1,5",
2026/02/06,0200 UTC,0,"925,3","925,4","925,2",,"21,3",18,"21,5","21,3",18,"17,7",81.0,79.0,81.0,176.0,"5,5","1,2",
2026/02/06,0300 UTC,0,"925,1","925,3","925,1",,"20,9","17,8","21,3","20,9",18,"17,7",82.0,81.0,82.0,173.0,"4,4","1,1",
2026/02/06,0400 UTC,0,"924,6","925,1","924,6",,"20,7","17,7","20,9","20,6","17,8","17,5",83.0,82.0,83.0,180.0,"3,8",",8",
2026/02/06,0500 UTC,0,"924,2","924,6","924,2",,"20,3","17,4","20,8","20,3","17,8","17,3",83.0,82.0,83.0,149.0,"3,6","1,1",
2026/02/06,0600 UTC,0,"923,8","924,2","923,8",,"20,5","17,6","20,6","20,3","17,7","17,4",83.0,83.0,83.0,185.0,"3,3",",6",
2026/02/06,0700 UTC,0,"923,7","923,9","923,6",,"20,5","17,8","20,7","20,5","17,8","17,6",84.0,83.0,84.0,157.0,"3,7",",7",
2026/02/06,0800 UTC,",2","923,5","923,7","923,5",,20,"18,5","20,5","19,9","18,5","17,8",91.0,84.0,91.0,179.0,"3,1",",6",
2026/02/06,0900 UTC,",2","923,7","923,8","923,5","2,1","20,1","18,8","20,2","19,9","18,8","18,5",92.0,91.0,92.0,153.0,"2,7",1,
2026/02/06,1000 UTC,0,"924,4","924,4","923,7","268,4","21,2","19,6","21,3","20,1","19,9","18,8",92.0,91.0,91.0,167.0,"3,9",1,
2026/02/06,1100 UTC,0,"924,6","924,6","924,3",973,"23,6","18,2","24,1","21,1","20,1","18,2",91.0,71.0,72.0,177.0,"3,1","1,1",
2026/02/06,1200 UTC,0,925,925,"924,6","1393,7","24,9","17,3","25,3","22,4","18,6","17,1",75.0,62.0,63.0,140.0,"4,5","1,8",
2026/02/06,1300 UTC,0,"925,1","925,2",925,"2373,4","25,3","17,3","25,6","24,2","18,2","16,5",66.0,59.0,61.0,107.0,"4,6","1,6",
2026/02/06,1400 UTC,0,"925,2","925,2",925,"3017,6","26,6","16,9","27,5","24,8","18,6","16,3",64.0,54.0,55.0,118.0,"5,2","2,1",
2026/02/06,1500 UTC,0,"924,8","925,2","924,8","3754,3",28,"17,2","28,2","25,8","18,4","16,3",60.0,50.0,52.0,121.0,"4,3","1,1",
2026/02/06,1600 UTC,0,"924,1","924,8","924,1","2713,3","28,2","16,3","29,6","27,3","18,1","15,7",53.0,46.0,49.0,259.0,"3,8","1,3",
2026/02/06,1700 UTC,0,"922,9","924,1","922,9",2694,"30,2","17,3","30,6","27,7","18,1","15,3",51.0,42.0,46.0,171.0,"3,2","1,3",
2026/02/06,1800 UTC,0,"922,3","922,9","922,3","1778,9","27,5","18,6","31,4","27,5","19,9","15,6",59.0,40.0,59.0,209.0,8,"3,3",
2026/02/06,1900 UTC,0,"922,5","922,5","922,2","656,2","25,2","18,9","27,4","25,2","19,5","18,7",69.0,59.0,68.0,190.0,9,"3,6",
2026/02/06,2000 UTC,0,"922,9",923,"922,5",327,"23,5",19,"25,2","23,4","19,3","18,7",76.0,68.0,76.0,156.0,9,2,
2026/02/06,2100 UTC,",8","923,2","923,4","922,8","49,4","22,5",20,"23,7","22,4",20,"19,2",86.0,76.0,86.0,163.0,"5,5","1,2",
2026/02/06,2200 UTC,",8","923,7","923,9","923,2","15,8",22,20,"22,5",22,"20,1","19,8",88.0,85.0,88.0,163.0,"4,8","1,4",
2026/02/06,2300 UTC,0,"924,3","924,4","923,7",,"22,1","19,8","22,2",22,"20,2","19,8",88.0,86.0,86.0,133.0,"4,4","2,1",
2026/02/07,0000 UTC,0,"924,8","924,8","924,3",,"22,2","19,6","22,3","22,1","19,8","19,4",86.0,84.0,85.0,128.0,"4,9","1,3",
2026/02/07,0100 UTC,0,"924,8","924,9","924,7",,"22,3","19,5","22,3","22,1","19,6","19,4",85.0,84.0,84.0,132.0,"3,9","1,7",
2026/02/07,0200 UTC,0,"924,6","924,8","924,6",,"22,2","19,5","22,3","22,2","19,6","19,4",85.0,84.0,85.0,144.0,"3,9","1,6",
2026/02/07,0300 UTC,0,924,"924,6",924,,22,"19,3","22,2",22,"19,5","19,2",85.0,84.0,85.0,101.0,"4,6","1,3",
2026/02/07,0400 UTC,0,"923,4",924,"923,4",,22,"19,5",22,"21,9","19,5","19,3",86.0,85.0,86.0,128.0,"3,7","1,4",
2026/02/07,0500 UTC,0,"922,9","923,4","922,9",,"21,9","19,6",22,"21,8","19,7","19,4",87.0,85.0,87.0,141.0,"3,3","1,3",
2026/02/07,0600 UTC,0,"922,9",923,"922,9",,"21,8","19,5","21,9","21,8","19,6","19,4",87.0,86.0,87.0,142.0,"3,3","1,2",
2026/02/07,0700 UTC,0,"923,2","923,2","922,9",,"21,9","19,4","21,9","21,8","19,6","19,4",87.0,86.0,86.0,148.0,3,",5",
2026/02/07,0800 UTC,0,"923,7","923,7","923,1",,22,"19,4",22,"21,9","19,5","19,4",86.0,85.0,85.0,139.0,"2,5",1,
2026/02/07,0900 UTC,0,"924,3","924,3","923,7",",2","22,1","19,6","22,1","21,9","19,6","19,3",86.0,85.0,86.0,169.0,"2,2",",6",
2026/02/07,1000 UTC,0,925,925,"924,3","187,3","22,6","19,6","22,6",22,"19,7","19,5",86.0,83.0,83.0,130.0,"2,7",1,
2026/02/07,1100 UTC,0,925,925,"924,9","610,6","23,8","19,6",24,"22,4","20,2","19,3",83.0,77.0,77.0,114.0,"3,8",",9",
2026/02/07,1200 UTC,0,"925,6","925,6",925,"995,9",24,19,"24,2","23,3","19,9",19,79.0,74.0,74.0,108.0,"4,1","1,6",
2026/02/07,1300 UTC,0,"925,7","925,8","925,6","922,3","24,5",19,"24,8","23,9","19,9","18,8",77.0,71.0,71.0,69.0,4,",3",
2026/02/07,1400 UTC,0,"925,5","925,7","925,5","1273,9","25,8","19,1",26,"24,5","20,3","18,9",73.0,67.0,67.0,329.0,"4,6","1,7",
2026/02/07,1500 UTC,0,"924,9","925,5","924,9",1901,"26,5","18,3","27,5","25,2","20,2","17,9",71.0,58.0,61.0,355.0,"5,6","2,1",
2026/02/07,1600 UTC,0,924,"924,9",924,"2857,3","28,2","20,7","28,2","26,3","20,7",18,64.0,57.0,64.0,298.0,"5,5","2,7",
2026/02/07,1700 UTC,"1,4","923,1",924,"923,1","1958,9","27,4",21,"28,5","24,1",22,"19,1",83.0,60.0,68.0,240.0,"5,6","1,9",
2026/02/07,1800 UTC,0,923,"923,1","922,6","1586,3","24,7","19,4","28,6","23,8","21,2","18,3",77.0,60.0,72.0,194.0,"8,5","1,5",
2026/02/07,1900 UTC,"3,6","922,9","923,1","922,7",606,"22,5","20,5","24,9","22,5","20,5","19,3",88.0,72.0,88.0,201.0,"6,5","1,8",
2026/02/07,2000 UTC,"1,4","923,2","923,2","922,9","261,3","22,7","20,9",23,"22,5","21,2","20,4",90.0,88.0,90.0,202.0,"4,6","1,6",
2026/02/07,2100 UTC,1,"923,8","923,8",923,"233,5","22,1","20,5","22,7",22,"20,9","20,3",91.0,89.0,91.0,158.0,"5,3","1,5",
2026/02/07,2200 UTC,"5,4","924,4","924,4","923,8","10,4","21,6","20,1","22,1","21,6","20,5","20,1",92.0,90.0,91.0,180.0,"4,2",1,
2026/02/07,2300 UTC,15,"925,3","925,3","924,4",",9","20,6","19,6","21,5","20,6",20,"19,5",94.0,91.0,94.0,88.0,"4,1",",5",
2026/02/08,0000 UTC,"1,8","925,5","925,5","925,1",,"20,6","19,5","20,8","20,4","19,7","19,3",94.0,93.0,93.0,237.0,"2,4",",5",
2026/02/08,0100 UTC,",8","926,5","926,5","925,6",,"21,2","20,1","21,3","20,6","20,1","19,5",93.0,93.0,93.0,194.0,"2,8",",9",
2026/02/08,0200 UTC,",4","926,5","926,6","926,4",",7","20,9","19,6","21,3","20,9","20,1","19,6",93.0,93.0,93.0,215.0,"4,6",2,
2026/02/08,0300 UTC,"1,2","926,3","926,6","926,3",,"20,4","19,2","20,9","20,4","19,6","19,2",93.0,93.0,93.0,220.0,"4,6",",7",
2026/02/08,0400 UTC,",2","925,6","926,3","925,6",,"20,1","18,9","20,4",20,"19,2","18,8",93.0,93.0,93.0,203.0,"3,9",",9",
2026/02/08,0500 UTC,0,"925,1","925,6",925,,"20,1","18,8","20,2",20,"18,9","18,8",93.0,93.0,93.0,217.0,"3,2","1,4",
2026/02/08,0600 UTC,",2",925,"925,1","924,8",,"19,8","18,6","20,1","19,8","18,8","18,5",93.0,92.0,92.0,232.0,"3,2",",8",
2026/02/08,0700 UTC,0,"924,8",925,"924,6",,"19,5","18,2","19,8","19,5","18,6","18,2",92.0,92.0,92.0,242.0,"1,4",0,
2026/02/08,0800 UTC,",2","924,8","925,1","924,8",,"19,5","18,2","19,7","19,4","18,4",18,92.0,92.0,92.0,165.0,"1,4",",9",
2026/02/08,0900 UTC,0,925,925,"924,7","2,3","19,7","18,3","19,8","19,5","18,4","18,2",92.0,91.0,92.0,81.0,"1,5",",1",
2026/02/08,1000 UTC,0,925,"925,2",925,"342,9","20,7","18,6","21,1","19,6","19,3","18,2",92.0,88.0,88.0,77.0,"3,8","1,7",
2026/02/08,1100 UTC,0,"925,3","925,4",925,"1075,4",22,"17,6",23,"20,7","19,2","17,6",89.0,75.0,76.0,87.0,"3,7","1,4",
2026/02/08,1200 UTC,0,"925,3","925,5","925,2","1390,2","23,9","18,5",24,"21,8","18,9","17,5",79.0,71.0,72.0,169.0,"3,4","1,1",
2026/02/08,1300 UTC,0,"925,8","925,8","925,1",2225,"24,5","18,1","25,1",23,"19,1",17,74.0,63.0,68.0,167.0,"4,3","1,1",
2026/02/08,1400 UTC,0,"925,3","925,8","925,1","2213,9","25,4",17,"25,9","24,1","18,4",17,69.0,60.0,60.0,135.0,"4,4","2,1",
2026/02/08,1500 UTC,0,"925,2","925,4","925,1","3307,7","26,1","17,2","27,5","25,1","18,7",16,64.0,52.0,58.0,191.0,"5,1","1,9",
2026/02/08,1600 UTC,0,"924,6","925,2","924,6","1676,9","26,9","15,9","27,4","26,1","17,6","15,5",58.0,50.0,51.0,181.0,"5,3","1,2",
2026/02/08,1700 UTC,0,"923,9","924,6","923,9","1330,2","26,2","16,9","28,1","26,1","17,7","14,5",58.0,44.0,57.0,210.0,"6,4","2,6",
2026/02/08,1800 UTC,0,924,924,"923,7","627,4","24,2","17,4","26,2","24,2",18,17,67.0,57.0,66.0,218.0,"9,2","4,2",
2026/02/08,1900 UTC,0,"924,5","924,6",924,"534,1","23,3",17,"24,4","23,3","17,7","16,3",68.0,63.0,68.0,210.0,"10,6","2,1",
2026/02/08,2000 UTC,0,"924,5","924,7","924,5","191,7","22,2","16,8","23,3","22,1","17,3","16,6",72.0,67.0,72.0,225.0,"7,4","3,4",
2026/02/08,2100 UTC,0,"924,7","924,7","924,5","225,9","22,2",17,"22,6","22,1",17,"16,4",72.0,69.0,72.0,215.0,"7,4","2,1",
2026/02/08,2200 UTC,0,"925,3","925,4","924,7","25,3","21,6","16,4","22,2","21,6",17,"16,3",74.0,72.0,72.0,201.0,"6,9","2,2",
2026/02/08,2300 UTC,0,"926,2","926,2","925,3",,"21,2",16,"21,6","21,1","16,6","15,9",75.0,72.0,72.0,185.0,"5,5","1,6",
2026/02/09,0000 UTC,0,"926,5","926,6","926,2",,21,"16,3","21,2","20,9","16,4","15,7",76.0,71.0,75.0,166.0,"5,5",",7",
2026/02/09,0100 UTC,0,"926,7","926,8","926,5",,"21,1","16,5","21,1",21,"16,5","16,1",75.0,73.0,75.0,156.0,"3,9","1,6",
2026/02/09,0200 UTC,0,"926,6","926,7","926,4",,"20,6","16,4","21,1","20,6",17,"16,4",79.0,75.0,77.0,174.0,"4,4","1,1",
2026/02/09,0300 UTC,0,926,"926,7",926,,"20,5","15,4","20,6","20,5","16,3","15,3",77.0,72.0,73.0,153.0,"3,8",",9",
2026/02/09,0400 UTC,0,"925,4",926,"925,4",,"20,2","16,8","20,5","20,2","16,9","15,5",81.0,73.0,81.0,114.0,"3,1",1,
2026/02/09,0500 UTC,0,925,"925,4",925,,"20,3","16,3","20,3","20,1","16,9","16,2",81.0,78.0,78.0,117.0,"3,3",",9",
2026/02/09,0600 UTC,0,"924,4",925,"924,4",,"19,9","16,7","20,3","19,9","16,8","16,4",82.0,78.0,82.0,148.0,"3,2","1,1",
2026/02/09,0700 UTC,0,"924,3","924,5","924,2",,20,"16,8",20,"19,8","16,8","16,7",82.0,82.0,82.0,120.0,"2,5",",8",
2026/02/09,0800 UTC,0,"924,6","924,6","924,1",,"19,7","16,8",20,"19,7","16,8","16,7",83.0,81.0,83.0,104.0,"3,5",",5",
2026/02/09,0900 UTC,0,"924,5","924,8","924,3",,"19,9","16,8","19,9","19,7",17,"16,8",84.0,83.0,83.0,107.0,"2,5","1,2",
2026/02/09,1000 UTC,0,"925,4","925,4","924,5","80,4","19,8","17,3","19,9","19,7","17,3","16,8",86.0,83.0,86.0,123.0,"2,9",",9",
2026/02/09,1100 UTC,0,"925,9","925,9","925,4","382,8","20,9","17,4","20,9","19,8","17,9","17,1",86.0,81.0,81.0,99.0,"2,3",",6",
2026/02/09,1200 UTC,0,"926,4","926,4","925,9","913,6","21,7","16,9","22,5","20,8","17,8","16,6",81.0,72.0,74.0,108.0,"3,4","1,1",
2026/02/09,1300 UTC,0,"926,5","926,6","926,4","1354,5",23,"17,3","23,3","21,6",18,"16,5",76.0,68.0,70.0,143.0,"3,3",",8",
2026/02/09,1400 UTC,0,"926,3","926,5","926,3","1138,5","23,4","17,5","23,4","22,7","17,5","16,7",72.0,68.0,70.0,99.0,"3,5","1,4",
2026/02/09,1500 UTC,0,"925,9","926,3","925,8","1707,6","23,9","16,6","24,4",23,"17,7","16,6",70.0,63.0,63.0,134.0,"3,3","1,1",
2026/02/09,1600 UTC,0,"925,4","925,9","925,4","924,7","22,2","17,9","24,3",22,"18,6","16,5",77.0,63.0,77.0,90.0,"4,9","2,2",
2026/02/09,1700 UTC,",2","924,9","925,4","924,9","681,7","22,3","18,2","22,7",22,"18,4","17,4",79.0,73.0,78.0,88.0,"4,9","1,1",
2026/02/09,1800 UTC,",6","924,6","924,9","924,6","821,9","22,4","18,1","22,6","22,1","19,2",18,82.0,76.0,77.0,102.0,"2,7",",6",
2026/02/09,1900 UTC,0,"924,3","924,6","924,2","968,2","22,9","18,2","23,6","22,3","18,8",17,77.0,70.0,75.0,100.0,"3,3","1,3",
2026/02/09,2000 UTC,0,"924,6","924,6","924,2","316,4","22,1","17,6","22,9","21,7","18,3","16,9",78.0,73.0,75.0,173.0,"5,8","1,2",
2026/02/09,2100 UTC,0,925,925,"924,5","134,4","21,4","17,1","22,1","21,3","18,3","16,2",82.0,72.0,76.0,124.0,"4,7","1,8",
2026/02/09,2200 UTC,0,"925,6","925,6",925,"24,8","20,9","17,3","21,4","20,9","17,3",17,80.0,76.0,80.0,131.0,"5,3",",7",
2026/02/09,2300 UTC,0,926,926,"925,5",,"20,4","17,1","20,9","20,4","17,4",17,81.0,80.0,81.0,96.0,"3,6","1,4",
2026/02/10,0000 UTC,",2","926,8","926,8",926,,"19,6","17,4","20,4","19,6","17,4",17,87.0,81.0,87.0,74.0,"5,2","1,3",
2026/02/10,0100 UTC,",4",927,927,"926,7",,"19,3","17,4","19,7","19,3","17,4","17,2",89.0,87.0,88.0,111.0,"5,4","1,4",
2026/02/10,0200 UTC,",8","926,9","927,2","926,9",,19,"17,4","19,4",19,"17,6","17,4",90.0,88.0,90.0,66.0,"4,7","2,1",
2026/02/10,0300 UTC,"1,2",926,"926,9","925,9",,19,"17,8","19,1","18,8","17,8","17,4",92.0,90.0,92.0,103.0,"5,1","1,5",
2026/02/10,0400 UTC,0,"925,7","926,1","925,7",,19,"17,7","19,2",19,"17,9","17,7",92.0,92.0,92.0,96.0,"4,6",",9",
2026/02/10,0500 UTC,",2","925,1","925,7","925,1",,"19,1","17,8","19,1",19,"17,9","17,7",92.0,92.0,92.0,94.0,3,",9",
2026/02/10,0600 UTC,0,"924,9","925,1","924,9",,"18,8","17,6","19,1","18,8","17,8","17,6",92.0,92.0,92.0,122.0,"2,9","1,1",
2026/02/10,0700 UTC,",4","924,9","924,9","924,8",,"18,8","17,6","18,9","18,7","17,6","17,5",92.0,92.0,92.0,107.0,"2,4",",5",
2026/02/10,0800 UTC,1,"925,2","925,2","924,9",,"18,7","17,5","18,9","18,7","17,7","17,5",93.0,92.0,92.0,91.0,"2,9",1,
2026/02/10,0900 UTC,",4","925,5","925,5","925,1",,"18,9","17,7","18,9","18,7","17,7","17,5",93.0,92.0,93.0,103.0,"2,6","1,2",
2026/02/10,1000 UTC,",6","926,2","926,3","925,5","32,4","19,6","17,6","19,6","18,9","18,1","17,6",93.0,88.0,88.0,58.0,"6,8","2,8",
2026/02/10,1100 UTC,4,"926,6","926,6","926,2","126,5","19,1","17,4","19,6",19,"17,6","17,1",90.0,87.0,90.0,111.0,"6,8",",9",
2026/02/10,1200 UTC,",6","926,6","926,8","926,5","469,2","20,1","17,3","20,1","19,1","17,6","17,3",90.0,84.0,84.0,25.0,"4,3",2,
2026/02/10,1300 UTC,0,"926,4","926,6","926,4","894,9","21,6","17,2","21,6","20,1","17,7","17,1",85.0,76.0,76.0,14.0,"8,3","3,3",
2026/02/10,1400 UTC,0,"926,1","926,4",926,"1254,2","22,6","16,6","22,6","21,6","17,7","16,5",78.0,68.0,69.0,30.0,"9,4",4,
2026/02/10,1500 UTC,0,"925,8","926,1","925,7","1477,9","23,6","17,4","23,8","22,6","17,6","16,6",70.0,66.0,69.0,41.0,10,"2,9",
2026/02/10,1600 UTC,0,"925,1","925,8","925,1","1681,5","23,8","16,7","24,6","23,5","17,8","16,6",69.0,63.0,65.0,13.0,"8,4","3,4",
2026/02/10,1700 UTC,0,"924,7","925,1","924,7","1701,3","23,4","17,3","24,9","23,4","17,4","16,5",69.0,60.0,69.0,21.0,"10,2","3,2",
2026/02/10,1800 UTC,",4","923,9","924,8","923,9","1654,9",24,"17,6","24,9","22,9","19,1","17,4",77.0,65.0,67.0,16.0,"6,8","1,2",
2026/02/10,1900 UTC,0,"923,2","923,9","923,1","945,6","24,7","18,8","25,2","23,6","19,2","17,7",75.0,66.0,70.0,79.0,"2,9",",9",
2026/02/10,2000 UTC,0,923,"923,2",923,"551,6","25,2","17,8","25,7","24,7","18,5","17,8",69.0,64.0,64.0,27.0,"4,1","1,3",
2026/02/10,2100 UTC,0,"923,2","923,2",923,"245,5","24,8","17,6","25,3","24,8","17,9","17,2",64.0,62.0,64.0,15.0,"4,5","1,2",
2026/02/10,2200 UTC,0,"923,5","923,5","923,2","13,4","23,5","18,1","24,8","23,5","18,5","17,5",73.0,64.0,72.0,80.0,"2,7",",2",
2026/02/10,2300 UTC,0,"924,8","924,8","923,5",,"23,1","18,6","23,5","22,9","19,3","18,1",80.0,72.0,76.0,88.0,"7,8","2,1",
2026/02/11,0000 UTC,4,"925,1","925,1","924,8",,"20,7","18,3","23,1",20,"18,4","16,6",87.0,73.0,86.0,54.0,"11,2",1,
2026/02/11,0100 UTC,0,"925,7","925,7",925,,"20,5","18,3","20,8","20,3","18,3","18,1",88.0,86.0,87.0,96.0,3,"1,1",
2026/02/11,0200 UTC,",2","925,8","925,8","925,6",,"20,2","18,3","20,5",20,"18,3",18,89.0,87.0,89.0,98.0,3,",5",
2026/02/11,0300 UTC,0,"925,4","925,8","925,4",,"20,2","18,5","20,4","20,2","18,5","18,4",90.0,89.0,90.0,82.0,"2,9",",1",
2026/02/11,0400 UTC,"1,8",925,"925,4",925,,"20,2","18,7","20,3","20,2","18,8","18,5",91.0,90.0,91.0,238.0,"1,5",",3",
2026/02/11,0500 UTC,"1,4","924,7",925,"924,5",,"20,2","18,9","20,3","20,1","18,9","18,7",92.0,91.0,92.0,299.0,"2,8","1,4",
2026/02/11,0600 UTC,"2,8","924,1","924,7","924,1",,"20,2",19,"20,2","20,1",19,"18,9",93.0,92.0,93.0,87.0,"4,4","1,7",
2026/02/11,0700 UTC,0,"924,4","924,4","924,1",,"20,7","18,4","20,9","20,2","19,1","18,4",93.0,87.0,87.0,50.0,"5,8","1,5",
2026/02/11,0800 UTC,",6","924,6","924,7","924,4",,"20,5",18,"20,9","20,4","18,3","17,9",87.0,84.0,85.0,35.0,"5,9","2,1",
2026/02/11,0900 UTC,",2","925,2","925,2","924,5",,"20,4","18,1","20,5","20,3","18,1",18,87.0,85.0,86.0,360.0,"6,6","2,3",
2026/02/11,1000 UTC,0,"925,9","925,9","925,2","118,4","20,6","17,9","20,7","20,4","18,1","17,9",87.0,84.0,85.0,3.0,"8,7","3,6",
2026/02/11,1100 UTC,0,"926,6","926,6","925,9","461,4","21,2","18,1","21,2","20,6","18,1","17,9",85.0,82.0,83.0,351.0,"8,2","3,4",
2026/02/11,1200 UTC,0,"926,9","926,9","926,6","1165,4","21,9","17,7",22,"21,2","18,3","17,6",83.0,77.0,77.0,358.0,"10,6","4,6",
2026/02/11,1300 UTC,0,"927,2","927,3","926,9","2129,5","23,6","17,4","23,8","21,9","18,2","17,4",77.0,68.0,68.0,19.0,"10,7","3,5",
2026/02/11,1400 UTC,0,"926,8","927,3","926,7","2806,2","24,2","17,2",25,"23,2","18,1",17,71.0,64.0,65.0,14.0,"11,8","5,1",
2026/02/11,1500 UTC,0,"926,5","926,8","926,4","2678,4","24,9","17,3","25,1","23,8","17,7","16,9",67.0,62.0,63.0,5.0,"12,4","4,8",
2026/02/11,1600 UTC,0,"926,2","926,5","926,1","2275,3","25,5","17,3",26,"24,9","17,9","16,8",63.0,59.0,61.0,35.0,"11,2","4,2",
2026/02/11,1700 UTC,0,926,"926,2",926,1913,"25,1",17,"25,6","24,9","17,7","16,7",62.0,59.0,61.0,351.0,"10,4","4,6",
2026/02/11,1800 UTC,0,"925,5",926,"925,4","2022,3","25,4","17,4","25,7","24,9","17,5","16,6",62.0,59.0,61.0,354.0,"9,9","4,5",
2026/02/11,1900 UTC,0,"925,3","925,5","925,3",1572,"25,1","17,2",26,25,"17,5","16,4",62.0,57.0,62.0,6.0,"9,8","2,8",
2026/02/11,2000 UTC,0,"925,1","925,3","925,1","765,1","24,6","17,3","25,4","24,6","17,6","16,9",64.0,61.0,64.0,47.0,"7,8","2,9",
2026/02/11,2100 UTC,0,"925,4","925,4","925,1","394,5","24,6","17,4","24,9","24,5","17,7","17,1",65.0,63.0,64.0,86.0,"7,3","1,2",
2026/02/11,2200 UTC,0,926,926,"925,4","94,7","23,9","17,3","24,6","23,9","17,4","17,1",67.0,64.0,66.0,61.0,"4,1","1,1",
2026/02/11,2300 UTC,0,"926,7","926,7",926,,"23,6","17,6","23,9","23,5","17,7","17,2",70.0,66.0,69.0,53.0,"3,5",",7",
2026/02/12,0000 UTC,0,"927,3","927,3","926,7",,"23,2","17,7","23,6","23,2","17,8","17,5",71.0,69.0,71.0,72.0,"4,6","1,4",
2026/02/12,0100 UTC,0,"927,5","927,6","927,3",,"23,2","17,6","23,3","23,1","17,8","17,6",72.0,71.0,71.0,52.0,"3,2","1,1",
2026/02/12,0200 UTC,0,"927,7","927,7","927,5",,23,"17,7","23,2","22,9","17,8","17,6",72.0,71.0,72.0,99.0,"2,5",0,
2026/02/12,0300 UTC,0,"927,3","927,7","927,3",,"22,9","17,7","23,1","22,9","17,9","17,7",73.0,72.0,73.0,12.0,"2,3",",9",
2026/02/12,0400 UTC,0,"927,1","927,3",927,,"22,6","17,8","22,9","22,6","17,8","17,7",74.0,72.0,74.0,14.0,"4,1","2,1",
2026/02/12,0500 UTC,0,"926,7","927,1","926,7",,"22,4",18,"22,6",22,"18,3","17,8",79.0,74.0,76.0,52.0,"4,7","1,3",
2026/02/12,0600 UTC,",2","926,6","926,8","926,6",,"22,6","17,1","22,8","22,4",18,17,76.0,70.0,71.0,60.0,"9,4","1,7",
2026/02/12,0700 UTC,0,"926,7","926,7","926,6",,"22,2","17,3","22,7","22,2","17,3","16,9",74.0,70.0,74.0,11.0,"5,6","2,4",
2026/02/12,0800 UTC,0,927,927,"926,7",,"21,8","17,8","22,2","21,8","17,8","17,4",78.0,74.0,78.0,15.0,"5,1","2,9",
2026/02/12,0900 UTC,0,"927,4","927,4",927,,"21,7","17,9","21,8","21,7","17,9","17,8",79.0,78.0,79.0,16.0,"5,3","2,1",
2026/02/12,1000 UTC,0,928,928,"927,4","160,5",22,18,22,"21,7","18,1","17,9",79.0,78.0,78.0,8.0,"5,1",2,
2026/02/12,1100 UTC,0,"928,5","928,5",928,615,"23,3",18,"23,3",22,"18,3","17,9",79.0,72.0,72.0,17.0,"4,3","1,8",
2026/02/12,1200 UTC,0,"928,5","928,6","928,5","1868,6","25,3","17,6","25,4","23,2","18,3","17,4",73.0,62.0,62.0,355.0,6,"2,7",
2026/02/12,1300 UTC,0,"928,4","928,5","928,4","1990,8","25,9","16,9","26,3","24,8","18,3","16,9",64.0,57.0,58.0,7.0,8,"4,1",
2026/02/12,1400 UTC,0,"928,1","928,4",928,"3490,6","26,7","17,7",28,"25,8","18,2","16,5",59.0,52.0,58.0,20.0,"9,3","3,5",
2026/02/12,1500 UTC,0,"927,4","928,1","927,3",,"28,5",16,"29,4","26,6","18,8",16,59.0,46.0,47.0,15.0,"9,4",4,
2026/02/12,1600 UTC,0,"926,7","927,4","926,7","2915,5","28,7","17,8","29,2","28,1","17,8","16,3",52.0,47.0,52.0,5.0,"9,4","3,7",
2026/02/12,1700 UTC,0,"925,9","926,7","925,9","3637,8",30,"16,2","30,6","28,7","17,5","15,8",52.0,42.0,43.0,359.0,10,"4,4",
2026/02/12,1800 UTC,0,"925,8","925,9","925,7","3059,1",29,"16,2","30,9",29,"17,2","15,9",46.0,41.0,46.0,20.0,"9,2","4,1",
2026/02/12,1900 UTC,0,926,"926,3","925,8","498,1","26,3",16,29,"25,6","18,3","15,7",63.0,46.0,53.0,43.0,"12,3","3,4",
2026/02/12,2000 UTC,0,"925,9","926,1","925,6","1683,8","26,8","15,9","27,7",26,"17,6","15,8",58.0,50.0,51.0,52.0,"10,7","2,8",
2026/02/12,2100 UTC,0,926,"926,5","925,5","352,1","26,7","16,3","27,5","26,7","16,3","15,6",53.0,49.0,53.0,26.0,"7,2","3,3",
2026/02/12,2200 UTC,0,"926,7","926,7","925,9",71,"26,4",17,"26,8","26,4","17,2","16,3",57.0,53.0,56.0,85.0,"6,9","1,6",
2026/02/12,2300 UTC,0,"927,3","927,3","926,5",,"25,8","18,1","26,4","25,7","18,1","16,9",62.0,56.0,62.0,129.0,"4,1",2,
2026/02/13,0000 UTC,0,"927,9","927,9","927,3",,"24,8","18,6","25,8","24,8","18,7","18,1",69.0,62.0,69.0,115.0,4,",5",
2026/02/13,0100 UTC,0,"928,6","928,6","927,9",,"24,3",19,"24,9","24,3","19,1","18,6",72.0,68.0,72.0,77.0,"2,9",",2",
2026/02/13,0200 UTC,0,"928,7","928,8","928,6",,24,"19,2","24,5",24,"19,2",19,75.0,72.0,75.0,107.0,"3,7","1,2",
2026/02/13,0300 UTC,0,"928,8","928,9","928,7",,"23,6","18,8",24,"23,5","19,3","18,8",75.0,74.0,75.0,121.0,"3,7","1,1",
2026/02/13,0400 UTC,0,"928,8","928,9","928,7",,"23,3","18,6","23,6","23,2","18,9","18,6",76.0,75.0,75.0,118.0,"2,9","1,5",
2026/02/13,0500 UTC,0,"928,1","928,8","928,1",,"23,3","18,3","23,4","23,1","18,7","18,3",75.0,73.0,74.0,80.0,"3,1",",9",
2026/02/13,0600 UTC,0,"927,8","928,1","927,8",,"22,3","18,2","23,3","22,3","18,4",18,78.0,73.0,78.0,89.0,"2,3",0,
2026/02/13,0700 UTC,0,"927,8","927,9","927,7",,"22,3","18,3","22,5","22,2","18,4",18,78.0,76.0,78.0,121.0,"1,8",",7",
2026/02/13,0800 UTC,0,928,928,"927,8",,"22,3","18,2","22,4","22,2","18,5","18,2",79.0,77.0,77.0,81.0,2,1,
2026/02/13,0900 UTC,0,"928,6","928,6",928,,"22,1","18,2","22,3","22,1","18,4","18,1",79.0,77.0,79.0,74.0,2,",3",
2026/02/13,1000 UTC,0,929,929,"928,6","236,5",24,"18,8",24,22,"18,9","18,2",79.0,73.0,73.0,192.0,"1,6",",2",
2026/02/13,1100 UTC,0,929,929,929,"1338,4","26,3","17,3","27,3",24,"19,1","17,3",73.0,58.0,58.0,87.0,"2,8","1,4",
2026/02/13,1200 UTC,0,"929,3","929,4",929,"2090,1","28,3","16,8","29,2","26,3","18,6","16,6",59.0,48.0,50.0,11.0,"4,8","1,6",
2026/02/13,1300 UTC,0,"929,3","929,3","929,2","2798,1","29,2","16,4","29,7",28,"17,9","16,3",51.0,45.0,46.0,39.0,"5,8","2,7",
2026/02/13,1400 UTC,0,"928,8","929,3","928,8","3402,9","29,7",17,"30,4","28,9","17,6","15,9",50.0,43.0,46.0,331.0,"8,5","3,6",
2026/02/13,1500 UTC,0,"928,4","928,8","928,4","3835,1","30,6",17,"31,3","29,5","17,8","15,9",48.0,41.0,44.0,8.0,"7,2","3,4",
2026/02/13,1600 UTC,0,"927,7","928,4","927,7","3144,4","30,7","16,5","31,8","30,5","17,4","14,6",44.0,37.0,42.0,335.0,"7,8","2,7",
2026/02/13,1700 UTC,0,"926,6","927,7","926,6","3315,1","32,7","15,3","32,9","30,7","16,5","14,2",42.0,33.0,35.0,13.0,"6,6","2,2",
2026/02/13,1800 UTC,0,"925,7","926,6","925,7","2764,9","32,7","14,5",33,"31,7","15,7",14,37.0,33.0,33.0,50.0,"6,4","1,7",
2026/02/13,1900 UTC,0,925,"925,7",925,"2927,1","33,5","14,2","34,3",32,"16,5","13,5",37.0,30.0,31.0,80.0,6,"1,5",
2026/02/13,2000 UTC,0,"924,5",925,"924,5","1798,6","32,1","13,5","33,7","32,1","15,4","13,2",34.0,30.0,32.0,73.0,"4,3","1,8",
2026/02/13,2100 UTC,0,"925,1","925,2","924,5","510,6","29,2","19,4","32,9","29,2","19,7","13,4",56.0,31.0,56.0,211.0,"6,5","2,6",
2026/02/13,2200 UTC,",6",926,926,"925,1","47,2","24,6","19,4","29,2","23,9","19,6","18,1",75.0,54.0,73.0,286.0,"8,2","1,7",
2026/02/13,2300 UTC,0,"927,5","927,5",926,",2","24,3","18,8","25,1","24,2","19,5","18,4",74.0,69.0,71.0,346.0,"7,2",3,
2026/02/14,0000 UTC,0,"928,6","928,6","927,5",,24,"18,1","25,2","23,9","18,9","17,6",72.0,64.0,70.0,224.0,"7,2",",5",
2026/02/14,0100 UTC,0,"928,7","929,1","928,6",,"23,6","15,7","24,4","23,2","18,8","15,7",72.0,61.0,61.0,84.0,"4,6",",9",
2026/02/14,0200 UTC,0,929,929,"928,7",,"23,2","15,7","23,6","22,9","16,1","13,3",64.0,53.0,62.0,3.0,"3,7","1,6",
2026/02/14,0300 UTC,0,"928,9","929,1","928,8",,"23,4",18,"23,4","23,1",18,"15,5",72.0,62.0,72.0,299.0,"3,7","1,9",
2026/02/14,0400 UTC,0,928,929,928,,"23,3","18,2","23,6","23,2","18,7",18,75.0,72.0,73.0,184.0,"4,2",1,
2026/02/14,0500 UTC,0,"927,8","928,1","927,8",,"22,4","17,9","23,3","22,4","18,2","17,6",76.0,73.0,76.0,214.0,"3,6","1,3",
2026/02/14,0600 UTC,0,"927,8","927,9","927,7",,"22,1","18,4","22,4","22,1","18,5","17,9",80.0,76.0,80.0,217.0,"3,3","1,1",
2026/02/14,0700 UTC,0,"927,8","927,9","927,8",,"22,2","18,8","22,3","22,1","18,9","18,5",81.0,80.0,81.0,207.0,"4,4","1,9",
2026/02/14,0800 UTC,0,928,"928,1","927,8",,22,"18,8","22,3","21,9","18,9","18,4",82.0,80.0,82.0,198.0,"4,9",",7",
2026/02/14,0900 UTC,0,"928,7","928,7",928,",3","22,1","18,6","22,2","21,9","18,9","18,6",82.0,81.0,81.0,170.0,"3,1",",9",
2026/02/14,1000 UTC,0,"929,1","929,1","928,7","191,9","22,7","18,8","22,7","21,9","18,9","18,4",81.0,79.0,79.0,172.0,"3,9","1,2",
2026/02/14,1100 UTC,0,"929,5","929,5","929,1","416,5","23,1","18,7","23,1","22,7","18,9","18,5",79.0,76.0,77.0,183.0,"4,5","1,4",
2026/02/14,1200 UTC,0,"929,8","929,8","929,5","577,8","23,4","18,7","24,1",23,"19,2","18,5",77.0,72.0,75.0,174.0,"4,3","1,2",
2026/02/14,1300 UTC,0,"930,3","930,3","929,8","710,2","24,5","19,1","24,5","23,4","19,1","18,4",75.0,71.0,72.0,191.0,"4,4","1,5",
2026/02/14,1400 UTC,0,"929,6","930,3","929,6","1637,3","25,7","18,8","26,1","24,4","19,2","17,9",72.0,63.0,66.0,168.0,"4,3","1,8",
2026/02/14,1500 UTC,0,929,"929,6",929,"1727,5","26,7","18,3","26,8","25,6","18,9","18,1",66.0,60.0,60.0,186.0,"4,2","1,4",
2026/02/14,1600 UTC,0,"928,3",929,"928,3","1753,3","26,7","18,5","27,8","26,5","19,1","17,5",63.0,56.0,61.0,185.0,"4,7","1,7",
2026/02/14,1700 UTC,0,"927,6","928,3","927,6","1671,3","27,9",19,"27,9","26,5","19,8","18,2",63.0,58.0,58.0,174.0,"4,9","1,4",
2026/02/14,1800 UTC,0,"927,2","927,6","927,2","2170,4","27,6","17,7","29,4","27,1","19,7","17,6",61.0,52.0,55.0,158.0,"4,7","1,3",
2026/02/14,1900 UTC,0,"926,6","927,2","926,6","1728,9","27,7","18,2","29,1","27,6","18,8","17,6",57.0,52.0,56.0,220.0,6,"2,6",
2026/02/14,2000 UTC,0,"926,5","926,6","926,5","1256,8","27,7","19,1","28,2",27,"19,1",18,60.0,55.0,59.0,203.0,"7,2","2,5",
2026/02/14,2100 UTC,0,"926,8","926,8","926,5","683,7","25,7","18,5",28,"25,7","19,1","18,3",65.0,57.0,65.0,215.0,"5,7","1,9",
2026/02/14,2200 UTC,0,927,927,"926,8","81,5","24,3","18,8","25,7","24,3","18,8","18,4",72.0,64.0,72.0,186.0,"5,4","1,8",
2026/02/14,2300 UTC,0,"927,6","927,6",927,,"22,9","18,7","24,3","22,9","18,9","18,7",77.0,71.0,77.0,188.0,"5,1","1,3",
2026/02/15,0000 UTC,0,"928,2","928,2","927,6",,"22,6","18,4","22,9","22,5","18,7","18,4",78.0,77.0,77.0,191.0,"4,9","1,2",
2026/02/15,0100 UTC,0,"928,5","928,5","928,2",,"22,4","18,1","22,6","22,2","18,4",18,78.0,77.0,77.0,179.0,"5,2","1,1",
2026/02/15,0200 UTC,0,"928,5","928,6","928,4",,"22,1","17,8","22,5","22,1","18,1","17,5",77.0,75.0,76.0,163.0,"4,6","1,4",
2026/02/15,0300 UTC,0,"928,3","928,7","928,3",,"21,9","17,4","22,3","21,9","17,8","17,3",76.0,75.0,75.0,144.0,"4,8","2,4",
2026/02/15,0400 UTC,0,928,"928,3",928,,"21,5","17,2",22,"21,5","17,5","17,1",76.0,75.0,76.0,171.0,5,"1,5",
2026/02/15,0500 UTC,0,"927,6",928,"927,6",,"21,7","17,5","21,7","21,4","17,5","17,2",77.0,76.0,77.0,142.0,"4,5","1,1",
2026/02/15,0600 UTC,0,"927,3","927,6","927,3",,"21,6","17,6","21,7","21,6","17,6","17,3",78.0,76.0,78.0,149.0,"4,6",2,
2026/02/15,0700 UTC,0,"927,2","927,3","927,1",,"21,4","17,4","21,6","21,3","17,7","17,4",79.0,78.0,78.0,141.0,"4,6","1,4",
2026/02/15,0800 UTC,0,"927,4","927,4","927,1",,"20,9","17,8","21,4","20,8","17,8","17,4",83.0,78.0,82.0,118.0,"3,3","1,3",
2026/02/15,0900 UTC,0,928,928,"927,4",,"20,4","17,7",21,"20,3","17,8","17,4",85.0,81.0,85.0,122.0,"4,3",1,
2026/02/15,1000 UTC,0,"928,6","928,6",928,"233,4","22,2","17,8","22,4","20,4","18,4","17,7",85.0,76.0,76.0,123.0,"3,8","1,2",
2026/02/15,1100 UTC,0,"928,8","928,8","928,5",1138,24,"17,2","24,2","22,2","18,1","17,2",76.0,66.0,66.0,126.0,"4,5","1,8",
2026/02/15,1200 UTC,0,929,929,"928,8","1993,4","25,4","16,8","25,9","23,9","17,8","15,9",67.0,56.0,59.0,130.0,"4,1","1,7",
2026/02/15,1300 UTC,0,"928,9",929,"928,8","2836,3","27,6","15,1","27,9","25,4","16,9","14,7",59.0,45.0,46.0,145.0,"4,1","1,5",
2026/02/15,1400 UTC,0,"928,3","928,9","928,3","3526,9",29,"13,8",29,"27,5","16,5","13,1",51.0,39.0,39.0,140.0,"4,6","2,1",
2026/02/15,1500 UTC,0,"927,9","928,3","927,9","3549,6","30,6","10,3","31,7","28,6","14,5","10,3",40.0,28.0,29.0,102.0,"5,2","1,7",
2026/02/15,1600 UTC,0,"927,2","927,9","927,2","3603,7","30,9","10,3","31,4",30,13,"9,6",33.0,26.0,28.0,142.0,"5,5","1,3",
2026/02/15,1700 UTC,0,"926,7","927,2","926,7","3649,2","31,5","10,5","33,1","30,9","12,7","9,8",31.0,26.0,27.0,184.0,"4,6","1,3",
2026/02/15,1800 UTC,0,"926,3","926,7","926,3","3415,3","32,2","10,3","33,1","31,4","12,4","9,6",30.0,25.0,26.0,130.0,"5,9","1,7",
2026/02/15,1900 UTC,0,"925,8","926,3","925,8","2427,9","31,2","13,6","32,8","31,2","15,4","9,4",38.0,25.0,34.0,175.0,"6,3","2,6",
2026/02/15,2000 UTC,0,"926,1","926,1","925,7","1367,7","30,3","18,3","31,4","30,1","19,1","12,6",50.0,32.0,49.0,195.0,"8,1","2,7",
2026/02/15,2100 UTC,0,"926,5","926,5","926,1","750,9",28,"17,7","30,3",28,"18,5","17,5",54.0,48.0,54.0,199.0,7,"2,5",
2026/02/15,2200 UTC,0,"927,4","927,4","926,5","62,9","24,7","17,7",28,"24,7",18,"17,5",65.0,53.0,65.0,192.0,"6,7","2,2",
2026/02/15,2300 UTC,0,928,928,"927,4",,"23,3","17,4","24,7","23,3","17,9","17,1",70.0,65.0,70.0,196.0,"5,8",",7",
2026/02/16,0000 UTC,0,"928,1","928,2","927,9",,"22,8","17,2","23,3","22,8","17,3","16,8",71.0,68.0,70.0,167.0,5,"1,4",
2026/02/16,0100 UTC,0,"928,6","928,7","928,1",,"22,2","17,3","22,8","22,2","17,4",17,74.0,70.0,74.0,181.0,4,"1,5",
2026/02/16,0200 UTC,0,"928,6","928,7","928,5",,"21,7","17,1","22,2","21,7","17,4","17,1",76.0,73.0,75.0,189.0,5,"1,8",
2026/02/16,0300 UTC,0,"928,3","928,8","928,3",,"21,8","17,1","22,2","21,7","17,5",17,76.0,73.0,74.0,137.0,"5,2","1,7",
2026/02/16,0400 UTC,0,"927,9","928,3","927,9",,"21,7","17,4","21,9","21,7","17,5","17,1",77.0,74.0,77.0,140.0,5,"1,7",
2026/02/16,0500 UTC,0,"927,4","927,9","927,4",,"21,2","17,1","21,8","21,2","17,5","17,1",78.0,76.0,78.0,124.0,"4,4",2,
2026/02/16,0600 UTC,0,"927,2","927,4","927,2",,"20,8","17,3","21,2","20,7","17,3","16,9",80.0,77.0,80.0,116.0,"4,2","1,1",
2026/02/16,0700 UTC,0,"927,1","927,2","927,1",,"20,4","17,4","20,9","20,3","17,4","17,2",83.0,80.0,83.0,99.0,"3,1",",9",
2026/02/16,0800 UTC,0,"927,2","927,2","926,9",,"20,2","17,3","20,5","20,2","17,5","17,3",84.0,83.0,84.0,92.0,"3,2",",7",
2026/02/16,0900 UTC,0,"927,3","927,3","927,1",,"20,2","17,4","20,3","20,1","17,5","17,3",84.0,83.0,84.0,109.0,"5,4","1,7",
2026/02/16,1000 UTC,0,928,928,"927,3","215,3","22,2",18,"22,2","20,1","18,1","17,3",84.0,77.0,77.0,111.0,"3,9","1,3",
2026/02/16,1100 UTC,0,"928,5","928,5",928,"1033,4","23,8","17,8",24,"21,9","18,3","17,4",77.0,68.0,69.0,135.0,"3,9","1,5",
2026/02/16,1200 UTC,0,"928,6","928,6","928,4","1997,1","26,3","17,6","26,4","23,3","18,6","17,1",70.0,59.0,59.0,105.0,4,1,
2026/02/16,1300 UTC,0,"928,8","928,9","928,6","2796,6","27,1","17,7","27,4","25,7","18,1","16,9",61.0,54.0,57.0,175.0,"3,8",",7",
2026/02/16,1400 UTC,0,"928,2","928,9","928,2","3394,4","29,1","17,3","29,3","27,2","18,5","16,9",58.0,48.0,49.0,28.0,"3,4","1,1",
2026/02/16,1500 UTC,0,"927,6","928,2","927,6","3417,6","31,8",16,"32,2",29,"18,1","14,8",50.0,36.0,39.0,34.0,"4,3","1,6",
2026/02/16,1600 UTC,0,927,"927,6",927,"2882,9","31,2",13,"32,5","29,8","16,2",13,42.0,32.0,33.0,329.0,5,"1,6",
2026/02/16,1700 UTC,0,"926,3",927,"926,3","2892,7","33,2","13,3","33,2","31,1",14,"11,2",35.0,28.0,30.0,228.0,"5,2",",8",
2026/02/16,1800 UTC,0,"925,5","926,3","925,4","2268,5","33,5","10,9","33,8","31,5","13,8","10,9",33.0,25.0,25.0,269.0,"5,6","1,7",
2026/02/16,1900 UTC,0,"925,1","925,5","925,1",1988,"32,2","12,1","34,1","31,8",13,"10,1",31.0,24.0,29.0,64.0,"6,2",1,
2026/02/16,2000 UTC,"24,8","925,8","926,8",925,"141,6","20,9",18,"32,3","19,8",18,"11,8",88.0,29.0,84.0,47.0,"16,5",6,
2026/02/16,2100 UTC,",8","927,2","927,2","925,6",76,23,"18,5","23,3","20,9","18,6","17,2",83.0,70.0,76.0,86.0,"15,3",2,
2026/02/16,2200 UTC,0,"926,1","927,2","926,1","93,9","22,9","17,2","23,4","22,7","18,6","16,9",77.0,68.0,71.0,75.0,"5,9","1,5",
2026/02/16,2300 UTC,0,"926,7","926,7","926,1",,"22,3","17,9","22,9","21,9",18,"17,2",77.0,71.0,76.0,290.0,"3,7",0,
2026/02/17,0000 UTC,0,"927,7","927,7","926,6",,"22,6","17,8","22,7","22,2",18,"17,3",77.0,73.0,74.0,206.0,"1,3",",3",
2026/02/17,0100 UTC,0,928,"928,1","927,7",,"22,7","18,5","23,2","22,6","18,6","17,6",77.0,72.0,77.0,60.0,"1,9",1,
2026/02/17,0200 UTC,0,"927,5",928,"927,5",,"22,2","17,8","22,8","22,2","18,6","17,7",77.0,75.0,76.0,78.0,"2,4",",5",
2026/02/17,0300 UTC,0,"927,1","927,5",927,,22,"16,8","22,8",22,"17,7","16,6",76.0,70.0,72.0,97.0,2,",3",
2026/02/17,0400 UTC,0,"926,6","927,1","926,6",,"22,3","17,5","22,5",22,"17,6","16,7",75.0,72.0,75.0,96.0,"1,6",",7",
2026/02/17,0500 UTC,0,"926,1","926,6","926,1",,"21,5","17,8","22,3","21,4",18,"17,4",80.0,75.0,80.0,98.0,"1,9",",7",
2026/02/17,0600 UTC,0,"926,2","926,3","926,1",,"21,1","18,1","21,6",21,"18,1","17,8",83.0,80.0,83.0,120.0,"1,9",0,
2026/02/17,0700 UTC,0,926,"926,2","925,9",,"20,8","17,9","21,3","20,8","18,3","17,9",84.0,83.0,83.0,42.0,"1,3",0,
2026/02/17,0800 UTC,0,"926,2","926,2","925,9",,"20,9","17,8","21,2","20,7","18,2","17,8",84.0,82.0,83.0,164.0,0,0,
2026/02/17,0900 UTC,0,"926,3","926,3","926,2",,"20,8","17,9",21,"20,6",18,"17,7",84.0,83.0,84.0,80.0,"1,3",",5",
2026/02/17,1000 UTC,0,"927,1","927,1","926,2","223,6",23,"18,3","23,1","20,8","18,8","17,8",84.0,75.0,75.0,219.0,3,",4",
2026/02/17,1100 UTC,0,"927,5","927,6","927,1","1009,1","25,7","18,1","25,7",23,19,"17,6",75.0,63.0,63.0,80.0,"1,8",",2",
2026/02/17,1200 UTC,0,"927,7","927,7","927,5","1034,3",26,"18,3","26,1",25,"18,4","17,6",65.0,62.0,63.0,261.0,"1,4",",2",
2026/02/17,1300 UTC,0,"927,6","927,9","927,6","2173,4","28,3","17,1","28,4","25,7","19,1","16,6",64.0,50.0,51.0,1.0,"5,3","2,4",
2026/02/17,1400 UTC,0,"927,2","927,6","927,2","2475,9","28,6","17,1",30,"28,2","18,3","16,4",52.0,45.0,50.0,360.0,"5,3","2,2",
2026/02/17,1500 UTC,0,"927,1","927,2",927,"1169,4","28,7","16,6","29,1","28,6","17,3",16,51.0,45.0,48.0,322.0,"4,7","1,7",
2026/02/17,1600 UTC,0,"926,1","927,1","926,1","1228,2","29,6","16,7","29,7","28,5","18,4","15,7",52.0,46.0,46.0,352.0,"4,3","1,2",
2026/02/17,1700 UTC,0,"925,2","926,1","925,2","1378,9","30,3","16,3","30,3","29,3","17,4","15,8",47.0,42.0,43.0,27.0,"3,5",",7",
2026/02/17,1800 UTC,0,"924,2","925,2","924,2","1503,8",31,"16,8","31,1",30,"17,6","15,8",47.0,42.0,43.0,28.0,"4,7","2,1",
2026/02/17,1900 UTC,0,"923,7","924,2","923,7","2642,7","31,4","16,2","31,7","30,8","17,7","15,7",45.0,39.0,40.0,49.0,"6,2","2,4",
2026/02/17,2000 UTC,0,"923,3","923,7","923,3","1251,9",30,16,"31,8",30,"16,9","15,4",43.0,38.0,43.0,359.0,"5,3","1,8",
2026/02/17,2100 UTC,"2,2","923,6","923,8","923,3","73,7","24,1","18,5",30,"23,2","19,4","16,1",79.0,43.0,71.0,320.0,"10,4","3,5",
2026/02/17,2200 UTC,0,"925,4","925,5","923,5","30,1","23,3","18,1","25,1","23,1","18,8","17,4",74.0,63.0,73.0,288.0,"10,6","1,9",
2026/02/17,2300 UTC,0,"925,6","925,9","925,3",,"23,1","19,2","23,6","22,7","19,3","17,9",80.0,71.0,79.0,27.0,"4,3",",4",
2026/02/18,0000 UTC,",2","926,1","926,1","925,6",,"23,5","18,9","23,8","23,1","19,1","18,4",79.0,72.0,75.0,31.0,"3,9","1,2",
2026/02/18,0100 UTC,0,"926,5","926,5","926,1",,"23,2","18,5","23,5","22,9",19,"18,3",77.0,74.0,75.0,28.0,"3,3",",3",
2026/02/18,0200 UTC,0,"926,3","926,6","926,1",,"22,9","17,7","23,6","22,9","18,5","17,6",75.0,70.0,72.0,353.0,"4,4","2,3",
2026/02/18,0300 UTC,0,"926,4","926,4","926,3",,"22,8","17,1",23,"22,6","17,8",17,74.0,70.0,70.0,4.0,"5,7","1,7",
2026/02/18,0400 UTC,0,"925,8","926,5","925,8",,"22,5","17,4","22,8","22,3","17,9",17,75.0,70.0,73.0,3.0,"4,8","2,1",
2026/02/18,0500 UTC,0,"924,7","925,8","924,7",,"22,7","16,9",23,"22,4","17,3","16,7",73.0,68.0,70.0,313.0,"4,4","1,3",
2026/02/18,0600 UTC,0,"924,1","924,7","924,1",,"21,6",17,"22,8","21,6","17,1","16,9",75.0,70.0,75.0,308.0,"3,4",",5",
2026/02/18,0700 UTC,0,"923,7","924,1","923,7",,"21,7","17,7","22,1","21,6","17,7","17,1",78.0,75.0,78.0,14.0,"3,6","1,1",
2026/02/18,0800 UTC,0,"923,7","923,7","923,5",,21,"17,5","21,7",21,"17,7","17,4",81.0,78.0,80.0,342.0,"2,3",",6",
2026/02/18,0900 UTC,0,"923,9","923,9","923,7",,"21,1","17,2","21,3","20,9","17,5","17,1",80.0,78.0,79.0,343.0,"2,9","1,1",
2026/02/18,1000 UTC,0,"924,4","924,4","923,9","161,5",22,"17,7",22,21,"17,7","17,2",79.0,76.0,76.0,335.0,"5,7","1,7",
2026/02/18,1100 UTC,0,"924,8","924,8","924,4","988,6","23,4","17,9","23,4",22,"18,1","17,5",76.0,72.0,72.0,2.0,"5,3","1,9",
2026/02/18,1200 UTC,0,"925,2","925,2","924,8","1936,8","24,6","18,2","24,7","23,3","18,6","17,7",72.0,67.0,68.0,351.0,"5,8",2,
2026/02/18,1300 UTC,0,"925,2","925,2","924,9","2804,2","26,9","17,7","27,5","24,6","18,7","17,2",68.0,55.0,57.0,335.0,"4,4","1,9",
2026/02/18,1400 UTC,0,"925,2","925,4","925,2","3496,3","28,1","17,9","28,8","26,9","18,8","17,2",58.0,52.0,54.0,326.0,"7,7","3,1",
2026/02/18,1500 UTC,0,"924,8","925,2","924,8","3534,3","29,5","18,5","29,6",28,"18,7",17,55.0,49.0,51.0,298.0,"7,7","2,8",
2026/02/18,1600 UTC,0,"924,1","924,8","924,1","3777,7","29,4","17,2","29,8","28,2","18,7","15,7",55.0,44.0,48.0,332.0,"8,4","2,9",
2026/02/18,1700 UTC,0,"923,2","924,1","923,2","2277,7","29,4","16,6","30,4","28,8","17,9","15,7",51.0,42.0,46.0,291.0,"7,6","3,9",
2026/02/18,1800 UTC,0,"922,7","923,2","922,7","1635,7","28,9","16,1","29,8","28,5","17,8",16,52.0,44.0,46.0,291.0,"7,6",3,
2026/02/18,1900 UTC,0,"921,8","922,7","921,8","1557,7","29,9",16,"29,9","28,7","16,9",15,47.0,41.0,43.0,265.0,"6,7","2,4",
2026/02/18,2000 UTC,0,"921,7","921,9","921,7",1345,"28,1","15,3","30,4","28,1","15,9","14,4",46.0,39.0,46.0,243.0,"7,6","2,2",
2026/02/18,2100 UTC,0,"921,6","921,7","921,5",367,28,"16,6","28,1","27,4","16,9","15,2",52.0,45.0,50.0,215.0,"5,3","1,8",
2026/02/18,2200 UTC,0,"922,3","922,3","921,6","76,7","25,7",19,"28,1","25,7","19,1","16,5",66.0,49.0,66.0,203.0,"5,7","2,2",
2026/02/18,2300 UTC,0,923,923,"922,3",,"24,5",19,"25,7","24,5","19,4","18,9",71.0,66.0,71.0,203.0,"5,8","2,3",
2026/02/19,0000 UTC,0,"923,7","923,7","922,9",,24,"18,9","24,5",24,19,"18,6",73.0,70.0,73.0,190.0,"5,9","1,1",
2026/02/19,0100 UTC,0,"923,8","924,1","923,6",,"23,5","18,7",24,"23,4","18,9","18,6",75.0,73.0,75.0,198.0,"5,4","1,4",
2026/02/19,0200 UTC,0,"923,9",924,"923,8",,"23,1","18,8","23,5","23,1",19,"18,6",77.0,74.0,77.0,223.0,"3,8","1,4",
2026/02/19,0300 UTC,0,"923,6",924,"923,6",,"22,6","18,1","23,1","22,6","18,8","18,1",77.0,75.0,76.0,210.0,"3,8","1,7",
2026/02/19,0400 UTC,0,"923,3","923,7","923,3",,"22,4","18,1","22,6","22,4","18,2","18,1",77.0,76.0,77.0,215.0,"2,9","1,2",
2026/02/19,0500 UTC,0,"922,7","923,3","922,7",,22,"18,1","22,4",22,"18,1",18,78.0,76.0,78.0,174.0,"3,3",",3",
2026/02/19,0600 UTC,0,"922,3","922,7","922,3",,"21,9","18,1","22,1","21,8","18,1",18,79.0,78.0,79.0,109.0,2,0,
2026/02/19,0700 UTC,0,"922,2","922,3","922,1",,"21,6","18,3","22,1","21,6","18,3","17,7",81.0,77.0,81.0,30.0,"1,4",",4",
2026/02/19,0800 UTC,0,"922,2","922,2",922,,"21,3","18,4","21,8","21,2","18,5","18,3",84.0,81.0,84.0,239.0,"1,4",0,
2026/02/19,0900 UTC,0,"922,6","922,6","922,2",,"21,5","18,4","21,7",21,"18,7","18,1",84.0,82.0,83.0,358.0,"2,6","1,1",
2026/02/19,1000 UTC,0,923,923,"922,6","222,3","23,1","19,3","23,1","21,4","19,4","18,4",84.0,79.0,79.0,358.0,"2,1",",4",
2026/02/19,1100 UTC,0,"923,6","923,6",923,"970,7","25,1","18,8","25,2","23,1","20,3","18,6",79.0,68.0,68.0,208.0,"2,6",",9",
2026/02/19,1200 UTC,0,"923,7","923,7","923,5","1705,3","24,5",18,"26,3","24,5","19,2","17,5",69.0,60.0,67.0,255.0,"3,4","1,3",
2026/02/19,1300 UTC,0,"923,8",924,"923,7","2222,7","27,3","17,2","27,6","24,5",19,"16,9",69.0,53.0,54.0,200.0,"3,9","1,7",
2026/02/19,1400 UTC,0,"923,4","923,8","923,3","3345,7","28,3","16,8","29,5","26,4","17,7","15,7",57.0,46.0,50.0,252.0,"3,8","1,8",
2026/02/19,1500 UTC,0,923,"923,4",923,"3235,3","29,5","14,9","29,7","27,9","17,9","14,6",52.0,41.0,41.0,213.0,"4,1","1,2",
2026/02/19,1600 UTC,0,"922,4",923,"922,4","2415,6","28,4","16,9","30,2","28,2","17,8","14,2",51.0,39.0,50.0,222.0,"4,8","2,3",
2026/02/19,1700 UTC,0,"922,1","922,4","922,1","1235,8",26,"17,9","30,8",26,"18,5","15,5",61.0,42.0,61.0,214.0,9,"3,4",
2026/02/19,1800 UTC,0,"922,4","922,5","922,1","868,6","26,1","18,1","26,6","25,6","18,5","17,9",63.0,60.0,61.0,199.0,"8,9","3,4",
2026/02/19,1900 UTC,0,"922,4","922,5","922,1","1306,9","25,6","17,5","27,1","25,5",19,"17,4",65.0,57.0,61.0,207.0,"7,5","3,1",
2026/02/19,2000 UTC,0,"922,1","922,4","922,1","1268,3","25,3","17,8","26,9","25,1","18,2","17,3",64.0,57.0,63.0,161.0,"7,2","2,4",
2026/02/19,2100 UTC,0,"922,4","922,4",922,"401,2","24,4","17,8","25,5","24,4","18,2","17,6",67.0,63.0,67.0,186.0,"6,1","1,9",
2026/02/19,2200 UTC,0,"922,9","922,9","922,4","56,4","23,4","17,6","24,3","23,4","17,9","17,4",70.0,67.0,70.0,180.0,"6,3","1,8",
2026/02/19,2300 UTC,0,"923,3","923,4","922,9",,"22,3","17,7","23,4","22,3","17,8","17,5",75.0,70.0,75.0,186.0,"5,1","1,4",
2026/02/20,0000 UTC,0,"924,2","924,2","923,3",,"21,9",17,"22,4","21,9","17,8",17,76.0,73.0,74.0,157.0,"6,1","1,7",
2026/02/20,0100 UTC,0,"924,4","924,5","924,2",,"21,6","17,4","21,9","21,6","17,6",17,77.0,74.0,77.0,156.0,"6,1","1,9",
2026/02/20,0200 UTC,0,"924,7","924,7","924,4",,"21,9","17,6",22,"21,6","17,6","17,4",77.0,76.0,76.0,131.0,"5,7","1,5",
2026/02/20,0300 UTC,0,"924,6","924,8","924,5",,"21,7","17,4",22,"21,7","17,7","17,3",77.0,75.0,77.0,154.0,"5,1","1,8",
2026/02/20,0400 UTC,0,"924,1","924,6","924,1",,"21,3","17,4","21,7","21,2","17,4","17,2",79.0,77.0,79.0,135.0,"4,9",1,
2026/02/20,0500 UTC,0,"923,9","924,2","923,8",,"21,6","17,5","21,7","21,3","17,6","17,4",79.0,77.0,77.0,186.0,3,",7",
2026/02/20,0600 UTC,0,"923,2","923,9","923,2",,"21,2","17,4","21,7","21,2","17,5","17,2",79.0,77.0,79.0,118.0,"3,8","1,5",
2026/02/20,0700 UTC,0,"922,6","923,2","922,6",,"20,7","17,6","21,2","20,7","17,7","17,4",82.0,79.0,82.0,111.0,"3,8","1,2",
2026/02/20,0800 UTC,0,"923,2","923,2","922,5",,"20,9",18,"20,9","20,4",18,"17,6",84.0,82.0,84.0,204.0,"2,7",",7",
2026/02/20,0900 UTC,0,"922,8","923,3","922,8",,"20,7","17,5","21,2","20,7","18,1","17,5",84.0,81.0,82.0,107.0,"3,7","1,6",
2026/02/20,1000 UTC,0,"922,9","922,9","922,6","172,4","22,3","17,8","22,4","20,6","18,2","17,5",83.0,76.0,76.0,136.0,"3,7","1,6",
2026/02/20,1100 UTC,0,"923,5","923,6","922,9","587,5","22,1","17,7","22,4","21,8","18,2","17,5",78.0,75.0,76.0,139.0,"4,6","1,5",
2026/02/20,1200 UTC,0,"923,9","923,9","923,5",997,"23,6","18,3","23,6",22,"18,4","17,6",77.0,72.0,72.0,137.0,"4,7","1,9",
2026/02/20,1300 UTC,0,"923,7",924,"923,6","1914,8","25,5","18,2","25,5",23,"18,6","17,5",73.0,62.0,64.0,109.0,"5,8","1,7",
2026/02/20,1400 UTC,0,"923,3","923,7","923,2",3001,"27,2","17,9","27,5","25,3","18,8","17,3",64.0,56.0,57.0,205.0,"5,6",1,
2026/02/20,1500 UTC,0,"922,2","923,2","922,2","3685,4","28,4","17,1","28,9",27,"19,4","16,4",62.0,48.0,50.0,359.0,"4,9","1,4",
2026/02/20,1600 UTC,0,"921,9","922,2","921,9","3166,2","29,9","12,9","30,4","28,4","17,7","12,9",51.0,35.0,35.0,341.0,"5,9","2,4",
2026/02/20,1700 UTC,0,"921,2","921,9","921,2","2337,6","30,6","12,9","31,1","29,7","15,2","12,2",40.0,33.0,34.0,270.0,"5,7","1,6",
2026/02/20,1800 UTC,0,"920,4","921,2","920,4","2761,7","32,2","12,7","32,6","30,3","14,8","11,6",37.0,28.0,30.0,228.0,"5,7",2,
2026/02/20,1900 UTC,0,"919,7","920,4","919,7","2236,9","32,2","11,7","32,6","31,1","13,9","11,7",35.0,28.0,29.0,266.0,"5,4",2,
2026/02/20,2000 UTC,0,"919,5","919,7","919,2","1312,3","29,2","18,3","32,6","29,2","18,3","11,5",52.0,29.0,52.0,215.0,"7,8","3,8",
2026/02/20,2100 UTC,0,"920,7","920,7","919,4","481,2",25,"19,2","29,4",25,"19,5","18,4",71.0,52.0,70.0,204.0,"9,7","3,6",
2026/02/20,2200 UTC,0,"921,5","921,5","920,7","19,9","24,1","18,6",25,"24,1","19,3","18,5",71.0,69.0,71.0,166.0,"7,9","1,5",
2026/02/20,2300 UTC,0,"922,4","922,4","921,5",,"23,8","18,4","24,2","23,7","18,6","18,3",72.0,70.0,72.0,158.0,"4,4","1,7",
2026/02/21,0000 UTC,0,"923,2","923,2","922,4",,"23,5","18,3","23,9","23,5","18,5","18,2",72.0,71.0,72.0,152.0,"4,3","1,5",
2026/02/21,0100 UTC,0,"923,8","923,8","923,2",,"23,1","18,4","23,7",23,"18,5","18,1",75.0,71.0,75.0,134.0,"5,2","2,1",
2026/02/21,0200 UTC,0,924,924,"923,8",,"23,1",18,"23,2",23,"18,4",18,75.0,73.0,73.0,134.0,"7,3",2,
2026/02/21,0300 UTC,0,"923,8",924,"923,7",,"23,3","17,6","23,4","23,1","18,1","17,5",73.0,70.0,70.0,156.0,"5,2","1,5",
2026/02/21,0400 UTC,0,"923,4","923,8","923,4",,"23,2","17,5","23,3","23,1","17,8","17,5",72.0,70.0,70.0,171.0,"3,3",1,
2026/02/21,0500 UTC,0,"922,7","923,4","922,7",,"22,8","17,5","23,2","22,7","17,9","17,4",73.0,70.0,72.0,115.0,"5,9",2,
2026/02/21,0600 UTC,0,"922,3","922,7","922,3",,"22,1","17,5","22,8","22,1","17,7","17,5",76.0,72.0,75.0,104.0,"5,7","1,4",
2026/02/21,0700 UTC,0,"922,3","922,4","922,3",,"21,8","17,5","22,1","21,8","17,5","17,4",77.0,75.0,77.0,129.0,"5,1","2,3",
2026/02/21,0800 UTC,0,"922,5","922,5","922,1",,"21,6","17,8","21,8","21,6","17,8","17,5",79.0,77.0,79.0,114.0,"5,1","1,6",
2026/02/21,0900 UTC,0,"922,6","922,7","922,4",,"21,4","18,1","21,6","21,4","18,1","17,8",82.0,79.0,82.0,125.0,"4,6","2,3",
2026/02/21,1000 UTC,0,"923,2","923,2","922,6","109,2","21,6","18,4","21,6","21,3","18,4","18,1",82.0,82.0,82.0,122.0,"5,2","1,7",
2026/02/21,1100 UTC,0,"923,7","923,7","923,2","687,4","23,3","18,4","23,5","21,6","18,9","18,1",82.0,74.0,74.0,138.0,"5,1","2,6",
2026/02/21,1200 UTC,0,"924,9","924,9","923,7","1500,6","24,6",18,"24,9","22,7","18,9","17,9",76.0,67.0,67.0,153.0,"5,2","1,5",
2026/02/21,1300 UTC,0,"924,9",925,"924,7",2413,"26,2",18,27,"24,5","19,4","17,7",69.0,59.0,60.0,163.0,"4,6","1,6",
2026/02/21,1400 UTC,0,"924,7","924,9","924,5","2016,1","26,9","17,8","27,3","25,6","18,9",17,62.0,56.0,58.0,160.0,"4,9","1,6",
2026/02/21,1500 UTC,0,"924,1","924,7","924,1","2406,4","28,4","17,3","28,5","26,7","18,5","16,7",59.0,51.0,51.0,152.0,6,"2,1",
2026/02/21,1600 UTC,0,924,"924,2","923,8","2997,3","28,6",18,"29,4","27,7","19,1","16,8",58.0,47.0,53.0,184.0,"7,6",3,
2026/02/21,1700 UTC,0,"923,6",924,"923,6","2392,5","28,2","17,4","29,1","27,7","18,9","16,6",56.0,50.0,52.0,189.0,"7,3","2,2",
2026/02/21,1800 UTC,0,"922,8","923,6","922,8","2322,1","27,8","17,2","29,4","27,8","18,4","16,9",54.0,48.0,52.0,177.0,"7,2","2,5",
2026/02/21,1900 UTC,0,923,"923,1","922,7",1047,"26,5","17,6","28,5","26,4",18,"17,2",58.0,52.0,58.0,208.0,"7,9","3,3",
2026/02/21,2000 UTC,0,923,"923,1","922,8","962,5","25,8","17,3","27,3","25,8","18,1","17,2",61.0,56.0,60.0,191.0,"7,6","2,6",
2026/02/21,2100 UTC,0,"922,9","923,1","922,8","441,6",25,"18,1","25,8",25,"18,3",17,65.0,59.0,65.0,186.0,7,"2,6",
2026/02/21,2200 UTC,0,"923,4","923,4","922,8","55,3","23,6","18,5",25,"23,6","18,5","18,1",73.0,65.0,73.0,185.0,"9,8","2,9",
2026/02/21,2300 UTC,0,"924,4","924,4","923,4",,"22,9","18,6","23,6","22,8","18,7","18,3",77.0,73.0,76.0,176.0,"8,4",2,
2026/02/22,0000 UTC,0,"925,3","925,3","924,4",,"22,7","18,5",23,"22,7","18,6","18,3",77.0,76.0,77.0,192.0,"6,9","2,4",
2026/02/22,0100 UTC,0,"925,6","925,6","925,3",,"22,7","18,2","22,8","22,5","18,6","18,2",77.0,76.0,76.0,176.0,"6,6","1,7",
2026/02/22,0200 UTC,",2","926,1","926,2","925,6",,"21,2","18,8","22,7",21,"18,9","18,2",87.0,76.0,86.0,188.0,"6,9","2,3",
2026/02/22,0300 UTC,0,926,"926,3",926,,"21,1","18,3","21,3","21,1","18,9","18,3",86.0,84.0,84.0,193.0,"6,1","2,1",
2026/02/22,0400 UTC,0,"925,8",926,"925,8",,"20,8","18,4","21,1","20,7","18,7","18,2",87.0,84.0,86.0,191.0,"5,3","2,3",
2026/02/22,0500 UTC,1,"925,1","925,8","925,1",,"20,4","18,6","20,8","20,4","18,6","18,3",89.0,86.0,89.0,165.0,"4,9","2,1",
2026/02/22,0600 UTC,0,"924,5","925,1","924,5",,"20,3","18,5","20,5","20,3","18,7","18,4",90.0,89.0,89.0,158.0,"5,4","1,5",
2026/02/22,0700 UTC,0,"924,5","924,5","924,3",,"20,3","18,3","20,3","20,2","18,5","18,3",89.0,89.0,89.0,172.0,"4,2",",8",
2026/02/22,0800 UTC,0,"924,6","924,6","924,4",,"20,6","18,6","20,6","20,2","18,6","18,3",89.0,88.0,89.0,184.0,"2,8","1,1",
2026/02/22,0900 UTC,0,"924,4","924,6","924,3",,"20,6","18,3","20,6","20,5","18,6","18,3",89.0,87.0,87.0,197.0,"3,3","1,6",
2026/02/22,1000 UTC,0,"925,3","925,3","924,4","121,8",21,"18,4",21,"20,6","18,4","18,2",87.0,85.0,85.0,186.0,"5,4",",7",
2026/02/22,1100 UTC,0,"925,9",926,"925,2","540,4","22,3","18,5","22,3",21,19,"18,2",85.0,79.0,79.0,181.0,"3,6","1,6",
2026/02/22,1200 UTC,0,"926,1","926,1","925,9","1619,2",25,"18,4",25,"22,2","19,1","17,3",79.0,67.0,67.0,156.0,"4,8","1,7",
2026/02/22,1300 UTC,0,"926,2","926,2",926,"1558,7","24,9","18,4","25,9","24,4","18,7","17,4",68.0,61.0,67.0,198.0,"5,1","1,4",
2026/02/22,1400 UTC,0,"925,9","926,2","925,9","2631,6","26,6","17,5","27,6","24,9",19,17,67.0,55.0,58.0,208.0,"4,6","2,2",
2026/02/22,1500 UTC,0,"925,5","925,9","925,5","2006,8","26,3","17,7","27,1",25,"18,6","17,4",66.0,56.0,59.0,221.0,"7,2","2,8",
2026/02/22,1600 UTC,0,"925,1","925,6","925,1","1926,5","25,4","18,4","26,9","25,2","18,7","17,4",65.0,58.0,65.0,223.0,"8,5","3,2",
2026/02/22,1700 UTC,0,"924,7","925,1","924,7","1624,5","24,8","17,8","25,7","24,6","18,5","17,5",67.0,63.0,65.0,218.0,"8,8","4,5",
2026/02/22,1800 UTC,0,"924,3","924,7","924,3","1610,3","24,6",18,"25,5","24,1","18,2","17,2",68.0,62.0,67.0,229.0,"9,9","3,1",
2026/02/22,1900 UTC,0,"923,4","924,3","923,4","920,3","24,4","17,7","24,6","23,8",18,"17,4",69.0,65.0,67.0,228.0,"7,8","3,7",
2026/02/22,2000 UTC,0,"923,1","923,4",923,"1070,4","24,9","17,2","25,6","24,2","18,3","17,1",67.0,61.0,62.0,209.0,"7,7","3,7",
2026/02/22,2100 UTC,0,"923,3","923,3","922,9","357,9","23,5","17,2","24,9","23,5","17,7","17,1",68.0,62.0,67.0,185.0,9,"2,5",
2026/02/22,2200 UTC,0,"923,3","923,4","923,2","33,4","22,5","17,8","23,5","22,4","17,8","17,1",75.0,67.0,75.0,177.0,9,"1,8",
2026/02/22,2300 UTC,",4","924,1","924,1","923,3",,"21,4","18,7","22,6","21,3","18,8","17,6",85.0,74.0,85.0,169.0,"7,4","1,8",
2026/02/23,0000 UTC,",2","924,6","924,6",924,,"21,3","18,9","21,4","21,2","19,1","18,5",87.0,84.0,86.0,183.0,"5,8","1,7",
2026/02/23,0100 UTC,0,"925,1","925,2","924,6",,"21,4","18,7","21,6","21,3","19,1","18,6",87.0,84.0,84.0,176.0,"6,2","1,2",
2026/02/23,0200 UTC,0,"925,2","925,4","925,1",,"21,3","18,7","21,5","21,3","18,8","18,6",85.0,84.0,85.0,159.0,"6,7","2,3",
2026/02/23,0300 UTC,0,"925,2","925,3","925,1",,"21,3","18,9","21,3",21,19,"18,6",87.0,85.0,86.0,162.0,6,"1,9",
2026/02/23,0400 UTC,0,"924,5","925,2","924,5",,"21,3","18,1","21,4","21,2","18,9",18,86.0,82.0,82.0,166.0,"6,6","1,6",
2026/02/23,0500 UTC,0,"923,5","924,6","923,4",,21,"17,7","21,3","20,9","18,1","17,6",82.0,81.0,82.0,175.0,"4,3","1,5",
2026/02/23,0600 UTC,0,"923,2","923,5","923,2",,"20,8","17,7",21,"20,8","17,8","17,6",82.0,82.0,82.0,154.0,"3,9","1,7",
2026/02/23,0700 UTC,0,923,"923,2",923,,"20,9","17,8","20,9","20,7","17,8","17,7",83.0,82.0,82.0,146.0,"3,5","1,6",
2026/02/23,0800 UTC,0,"922,5",923,"922,5",,"20,6","17,8",21,"20,5","17,8","17,6",84.0,82.0,84.0,162.0,"3,9","1,2",
2026/02/23,0900 UTC,0,"922,9","922,9","922,5",,"20,4","17,9","20,6","20,3",18,"17,7",86.0,84.0,86.0,160.0,"4,3",1,
2026/02/23,1000 UTC,0,"923,5","923,5","922,9","152,9",21,"18,1",21,"20,4","18,1","17,9",86.0,83.0,83.0,147.0,"3,3","1,1",
2026/02/23,1100 UTC,0,"923,7","923,7","923,4","425,2","21,8","17,7","21,9",21,"18,1","17,6",83.0,77.0,77.0,139.0,"3,3","1,6",
2026/02/23,1200 UTC,0,"924,2","924,3","923,7","577,4","22,6","17,9","22,6","21,8","18,1","17,5",78.0,74.0,75.0,153.0,"3,7","1,2",
2026/02/23,1300 UTC,0,"924,4","924,4","924,2","1344,5","24,2","17,7","24,4","22,6","18,3","17,2",75.0,65.0,67.0,177.0,"4,4","1,3",
2026/02/23,1400 UTC,0,"924,1","924,4",924,"1388,9","26,1","17,9","26,1","23,9","18,6",17,67.0,61.0,61.0,171.0,"4,6",1,
2026/02/23,1500 UTC,0,"923,5","924,1","923,5",2004,"26,3","17,2",27,"25,3","18,8","16,9",62.0,57.0,57.0,170.0,"5,1","1,8",
2026/02/23,1600 UTC,0,"922,8","923,5","922,8","1825,3",26,"17,7","27,8",26,"18,6","16,4",61.0,53.0,60.0,198.0,6,"2,2",
2026/02/23,1700 UTC,0,922,"922,8",922,"1443,3","26,9","17,9","26,9","25,7","18,4","17,7",63.0,58.0,58.0,205.0,"7,3","3,4",
2026/02/23,1800 UTC,0,"921,3",922,"921,3","1532,3","25,7",18,"27,3","25,7","18,4","17,5",63.0,56.0,62.0,195.0,"7,3","2,8",
2026/02/23,1900 UTC,0,"921,4","921,5","921,1","988,8","24,4","17,6","25,8","24,4","18,6","17,6",66.0,62.0,66.0,203.0,"8,7","3,3",
2026/02/23,2000 UTC,0,"921,2","921,5","921,1","239,3","23,3","18,1","24,4","23,3","18,1","17,6",73.0,66.0,73.0,188.0,8,"2,8",
2026/02/23,2100 UTC,0,"921,5","921,6","921,2","131,1",23,"17,7","23,4",23,"18,3","17,7",74.0,72.0,72.0,192.0,"7,3","1,7",
2026/02/23,2200 UTC,0,"921,7","921,9","921,5","29,2","22,8","17,8",23,"22,8","17,8","17,6",73.0,72.0,73.0,161.0,"5,6","1,8",
2026/02/23,2300 UTC,0,"922,2","922,2","921,7",,"22,1","18,1","22,8",22,"18,4","17,8",79.0,73.0,78.0,162.0,7,"1,9",
2026/02/24,0000 UTC,0,"922,7","922,7","922,2",,22,"17,6","22,3",22,"18,2","17,6",78.0,75.0,76.0,138.0,"5,5","2,9",
2026/02/24,0100 UTC,0,"922,8","922,9","922,7",,"21,8","17,7","22,1","21,8","17,8","17,6",78.0,76.0,78.0,142.0,"8,2","2,3",
2026/02/24,0200 UTC,0,"922,3","922,9","922,3",,"21,7","17,9","21,8","21,7",18,"17,7",79.0,78.0,79.0,144.0,"5,8","1,9",
2026/02/24,0300 UTC,0,922,"922,3",922,,"21,4","18,2","21,7","21,4","18,2",18,82.0,79.0,82.0,145.0,"4,6","1,7",
2026/02/24,0400 UTC,0,"921,4",922,"921,4",,"21,4",18,"21,5","21,4","18,1",18,82.0,81.0,81.0,133.0,"4,4","1,2",
2026/02/24,0500 UTC,0,"921,2","921,5","921,2",,"21,3","18,2","21,4","21,3","18,4",18,83.0,81.0,83.0,144.0,"4,6","1,7",
2026/02/24,0600 UTC,0,921,"921,3",921,,"21,2","18,1","21,3","21,2","18,3","18,1",84.0,82.0,83.0,138.0,5,"1,9",
2026/02/24,0700 UTC,",2","920,6",921,"920,6",,"20,6","18,3","21,2","20,6","18,3",18,87.0,83.0,87.0,139.0,"4,9","1,7",
2026/02/24,0800 UTC,0,"920,4","920,6","920,4",,"20,6","18,4","20,7","20,6","18,4","18,3",87.0,87.0,87.0,125.0,"4,4","1,9",
2026/02/24,0900 UTC,0,"920,8","920,8","920,3",,"20,9","18,4","20,9","20,6","18,5","18,3",87.0,86.0,86.0,123.0,"4,5","1,4",
2026/02/24,1000 UTC,0,"921,3","921,3","920,8","51,8","21,1","18,2","21,1","20,8","18,4","18,1",86.0,83.0,83.0,120.0,"4,2","1,7",
2026/02/24,1100 UTC,0,"921,5","921,5","921,2","414,2","22,1",18,"22,1","21,1","18,4",18,83.0,78.0,78.0,108.0,"3,8","1,5",
2026/02/24,1200 UTC,0,"921,8","921,8","921,5","1276,2","24,1","18,2","24,1","22,1","18,8","17,6",78.0,69.0,70.0,130.0,"4,5","1,8",
2026/02/24,1300 UTC,0,"921,8","921,8","921,7","2540,9","25,7","17,9","26,1","24,1","18,7","17,1",70.0,62.0,62.0,115.0,"4,9","1,4",
2026/02/24,1400 UTC,0,"921,2","921,9","921,2","2446,5","27,2","17,6","27,7","25,5","18,9","17,4",64.0,55.0,56.0,159.0,"4,7","1,1",
2026/02/24,1500 UTC,0,"920,7","921,2","920,7","2809,6","27,9","16,9","28,8","26,2","18,9","16,9",61.0,51.0,52.0,25.0,"4,1","1,5",
2026/02/24,1600 UTC,1,"919,9","920,7","919,9",991,"24,9","19,4","28,3","24,9","19,4","16,5",72.0,51.0,72.0,201.0,5,"1,9",
2026/02/24,1700 UTC,"7,6","919,7","919,9","919,6","515,8","21,7","19,6","25,3","21,5","20,3","18,9",88.0,71.0,88.0,220.0,5,"2,2",
2026/02/24,1800 UTC,",4",919,"919,7",919,"489,7","22,9",21,23,"21,6","21,2","19,5",90.0,88.0,89.0,158.0,5,"1,3",
2026/02/24,1900 UTC,0,"918,5","919,1","918,5","1442,8","24,3","20,5","24,9","22,9","22,4","19,8",89.0,77.0,79.0,169.0,"4,6","1,8",
2026/02/24,2000 UTC,0,"918,5","918,6","918,4","739,2","24,4","19,9","24,9","23,9","20,9","19,6",80.0,75.0,76.0,168.0,"7,1","1,8",
2026/02/24,2100 UTC,0,"918,6","918,8","918,2","231,2","23,3","19,5","24,5","23,3",20,"19,2",80.0,75.0,79.0,206.0,"6,6","1,8",
2026/02/24,2200 UTC,0,"919,2","919,2","918,6","45,1",23,"19,3","23,3",23,"19,7","19,3",80.0,79.0,80.0,181.0,"4,8","1,3",
2026/02/24,2300 UTC,0,"919,3","919,3","919,1",,"22,7","18,8","23,1","22,7","19,4","18,8",80.0,78.0,79.0,153.0,"4,8",1,
2026/02/25,0000 UTC,0,920,920,"919,3",,"22,6","18,8","22,9","22,6","19,3","18,8",80.0,79.0,79.0,138.0,"3,5","1,6",
2026/02/25,0100 UTC,0,"920,1","920,2",920,,"22,4","18,9","22,6","22,4","18,9","18,6",81.0,79.0,81.0,131.0,"4,3","1,6",
2026/02/25,0200 UTC,0,"919,9","920,2","919,9",,"22,1",19,"22,4","22,1","19,1","18,9",83.0,81.0,83.0,153.0,"4,1","1,5",
2026/02/25,0300 UTC,0,"919,6","919,9","919,6",,"22,1","18,9","22,1",22,19,"18,9",83.0,82.0,82.0,133.0,"3,5","1,5",
2026/02/25,0400 UTC,0,"918,8","919,6","918,8",,22,19,"22,2",22,19,"18,8",83.0,82.0,83.0,138.0,"3,5","1,5",
2026/02/25,0500 UTC,0,"918,4","918,8","918,4",,"21,7","18,9","22,1","21,7","19,1","18,8",84.0,82.0,84.0,114.0,"3,6","1,1",
2026/02/25,0600 UTC,0,918,"918,4","917,9",,"21,2","18,9","21,8","21,2",19,"18,7",86.0,84.0,86.0,55.0,2,",1",
2026/02/25,0700 UTC,0,"918,2","918,2",918,,21,"18,9","21,3","20,9","19,1","18,7",88.0,86.0,88.0,54.0,"1,5",",3",
2026/02/25,0800 UTC,0,"918,5","918,5","918,1",,"21,6","18,9","21,6","20,9","19,3","18,8",89.0,84.0,84.0,26.0,"2,2",",9",
2026/02/25,0900 UTC,0,"918,8","918,8","918,4",,"21,6","18,7","21,7","21,4","18,8","18,6",84.0,83.0,84.0,41.0,"2,8",",5",
2026/02/25,1000 UTC,0,"919,1","919,1","918,8","94,8","21,7","18,5",22,"21,6","18,8","18,5",84.0,81.0,82.0,9.0,"5,9","2,9",
2026/02/25,1100 UTC,0,"919,6","919,6",919,"323,5","22,4","18,4","22,4","21,7","18,7","18,3",82.0,78.0,78.0,348.0,"5,9","2,3",
2026/02/25,1200 UTC,0,"919,7","919,7","919,5","903,1","23,3","18,5","23,5","22,4","18,7","18,3",78.0,73.0,75.0,22.0,"6,8","2,5",
2026/02/25,1300 UTC,0,"919,9","919,9","919,6","850,1","23,8","18,6","23,9","23,2","18,8","18,3",75.0,71.0,72.0,8.0,"6,8","2,5",
2026/02/25,1400 UTC,0,"919,2","919,9","919,2","1619,7","25,5",18,"26,3","23,7","18,9","17,7",73.0,61.0,63.0,23.0,5,"2,2",
2026/02/25,1500 UTC,0,"918,6","919,2","918,6","1177,1","26,2","18,8","26,2",25,19,"18,1",66.0,63.0,64.0,290.0,"4,8","1,7",
2026/02/25,1600 UTC,0,918,"918,6",918,"1325,6","26,3","19,1","26,8","25,6","19,3","18,3",66.0,61.0,65.0,291.0,"4,7",2,
2026/02/25,1700 UTC,0,"917,1",918,"917,1","1391,4","28,2","19,4","28,2","26,3","19,9","18,6",65.0,58.0,59.0,14.0,"4,2",",3",
2026/02/25,1800 UTC,0,"916,2","917,1","916,2","1555,3",28,"18,5","28,8","27,5","19,3","18,2",60.0,53.0,56.0,296.0,"5,9","1,5",
2026/02/25,1900 UTC,0,"915,7","916,3","915,7","600,7","27,2","17,9","28,1","27,1","19,2","17,7",62.0,56.0,57.0,12.0,"5,6","1,8",
2026/02/25,2000 UTC,0,"915,5","915,7","915,4","450,3",26,"18,9","27,7",26,"19,1","17,7",65.0,56.0,65.0,298.0,7,"3,1",
2026/02/25,2100 UTC,0,"916,3","916,3","915,5","133,8","24,1","19,8","26,2","24,1","19,9","18,9",77.0,65.0,77.0,234.0,"7,3","2,5",
2026/02/25,2200 UTC,0,"916,5","916,5","916,2","12,5","23,7","20,6","24,1","23,7","20,6","19,9",82.0,77.0,82.0,215.0,"6,7","2,2",
2026/02/25,2300 UTC,0,917,917,"916,5",,"23,4","20,1","23,8","23,4","20,6",20,83.0,81.0,82.0,214.0,"5,7","3,1",
2026/02/26,0000 UTC,0,"917,8","917,8",917,,"23,3","19,7","23,4","23,2","20,2","19,7",83.0,80.0,81.0,217.0,"5,6","2,3",
2026/02/26,0100 UTC,",2","918,2","918,2","917,8",,"22,3","19,4","23,3","22,3","19,8","19,3",83.0,80.0,83.0,200.0,"5,7","2,2",
2026/02/26,0200 UTC,",2","917,9","918,2","917,9",,"21,8","19,1","22,3","21,8","19,5",19,85.0,82.0,85.0,236.0,"4,9","2,1",
2026/02/26,0300 UTC,",4","917,4",918,"917,4",,"21,5","19,4","21,8","21,5","19,5",19,88.0,85.0,88.0,220.0,"5,1","1,4",
2026/02/26,0400 UTC,1,"916,9","917,4","916,8",,"21,2","19,4","21,5","21,1","19,5","19,2",90.0,88.0,90.0,199.0,"3,1",",6",
2026/02/26,0500 UTC,"1,2","916,7","917,2","916,7",,21,"19,3","21,3",21,"19,6","19,3",91.0,90.0,90.0,105.0,"2,1",",7",
2026/02/26,0600 UTC,",4","916,3","916,7","916,3",,21,"19,6",21,"20,8","19,6","19,2",92.0,90.0,92.0,300.0,"1,9",",3",
2026/02/26,0700 UTC,",2","916,1","916,3","916,1",,21,"19,7","21,1",21,"19,7","19,5",92.0,91.0,92.0,190.0,"2,1",",3",
2026/02/26,0800 UTC,",2","916,5","916,5","916,1",,"20,9","19,5","21,1","20,9","19,8","19,5",92.0,92.0,92.0,209.0,"3,8","1,9",
2026/02/26,0900 UTC,0,"917,1","917,1","916,5",,"20,9","19,5",21,"20,8","19,6","19,5",92.0,91.0,91.0,233.0,"3,8","1,2",
2026/02/26,1000 UTC,0,"917,6","917,6",917,"39,5","20,8","19,4",21,"20,7","19,5","19,2",92.0,90.0,92.0,246.0,"5,2","1,2",
2026/02/26,1100 UTC,",4",918,918,"917,6","169,6","20,9","19,7","20,9","20,6","19,7","19,2",93.0,92.0,93.0,245.0,"3,8",",7",
2026/02/26,1200 UTC,",2","918,5","918,5",918,"343,4","21,3",20,"21,3","20,9",20,"19,5",93.0,92.0,92.0,259.0,"2,8",",5",
2026/02/26,1300 UTC,0,"918,9","918,9","918,5","763,5","22,2","20,1","22,5","21,1",21,"19,8",92.0,87.0,88.0,243.0,"5,1","1,5",
2026/02/26,1400 UTC,1,"918,9",919,"918,8","679,7","22,2","20,5","22,3","21,6","20,8","19,6",92.0,88.0,90.0,234.0,"4,2","1,7",
2026/02/26,1500 UTC,",4","918,6","918,9","918,6","1452,5","23,2","19,3","23,5","21,5","21,1","19,1",91.0,78.0,78.0,242.0,"8,4","3,9",
2026/02/26,1600 UTC,0,"918,5","918,7","918,4","1457,3",24,"18,6","24,5",23,"19,5","18,6",81.0,71.0,72.0,236.0,"7,4","2,4",
2026/02/26,1700 UTC,",2","918,4","918,5","918,2","945,5","22,7","18,5","24,1","22,2",19,"18,2",80.0,71.0,77.0,231.0,"9,2","4,3",
2026/02/26,1800 UTC,0,"918,1","918,4","918,1","1152,6","23,1",18,"23,5","22,6","18,5","17,4",77.0,69.0,73.0,229.0,"9,2","2,4",
2026/02/26,1900 UTC,0,918,"918,2","917,9","810,5","22,7","18,1","23,6","22,7","18,2","17,6",75.0,70.0,75.0,236.0,"8,4","3,2",
2026/02/26,2000 UTC,",2","918,3","918,3","917,9","391,3","21,2","18,9","22,7","21,1","19,2",18,88.0,75.0,87.0,228.0,"9,5","3,3",
2026/02/26,2100 UTC,",6","918,8","918,8","918,3","210,2","20,5","18,8","21,2","20,4","18,9","18,4",90.0,86.0,90.0,218.0,"7,4","2,4",
2026/02/26,2200 UTC,"1,6","919,6","919,6","918,8","7,7",20,"18,6","20,5",20,"18,8","18,5",92.0,90.0,92.0,203.0,"6,2","2,2",
2026/02/26,2300 UTC,"1,4","920,1","920,1","919,6",,20,"18,8",20,"19,9","18,8","18,6",93.0,92.0,93.0,223.0,"7,6",2,
2026/02/27,0000 UTC,",8","920,8","920,8","920,1",,"19,7","18,4",20,"19,6","18,8","18,4",93.0,93.0,93.0,211.0,"7,8","3,3",
2026/02/27,0100 UTC,"2,8","921,1","921,2","920,8",,"19,7","18,6","19,7","19,6","18,6","18,4",93.0,93.0,93.0,212.0,"6,6","1,6",
2026/02/27,0200 UTC,"1,8",921,"921,1","920,9",,"19,9","18,8","19,9","19,7","18,8","18,6",94.0,93.0,93.0,220.0,"5,4","2,7",
2026/02/27,0300 UTC,"1,8","920,7",921,"920,7",,"19,8","18,7","19,9","19,8","18,9","18,7",94.0,93.0,93.0,216.0,"6,6","2,5",
2026/02/27,0400 UTC,0,"920,2","920,7","920,2",,"19,8","18,5",20,"19,8","18,9","18,5",94.0,92.0,92.0,211.0,"8,1","3,6",
2026/02/27,0500 UTC,"1,4",920,"920,2",920,,"19,6","18,5","19,8","19,6","18,5","18,3",93.0,92.0,93.0,212.0,"8,1","2,3",
2026/02/27,0600 UTC,0,"919,7",920,"919,6",,"19,4",18,"19,6","19,4","18,5",18,93.0,92.0,92.0,207.0,"6,5","3,2",
2026/02/27,0700 UTC,0,"919,9","919,9","919,6",,"19,2","17,9","19,4","19,1",18,"17,8",92.0,91.0,92.0,209.0,"7,5","3,3",
2026/02/27,0800 UTC,",2","920,4","920,4","919,9",,"18,7","17,2","19,2","18,7","17,9","17,2",92.0,91.0,91.0,219.0,"7,3","3,6",
2026/02/27,0900 UTC,0,921,921,"920,4",,"18,6","16,9","18,7","18,6","17,3","16,9",91.0,90.0,90.0,214.0,"7,2","3,2",
2026/02/27,1000 UTC,0,"921,6","921,6","920,9","101,8","18,7","16,5","18,8","18,5","16,9","16,5",90.0,87.0,87.0,211.0,"7,3","3,7",
2026/02/27,1100 UTC,0,"922,2","922,2","921,6","315,2","18,7","16,6","19,1","18,5","16,9","16,4",89.0,85.0,87.0,207.0,"7,8","2,4",
2026/02/27,1200 UTC,",2","922,6","922,7","922,2","814,2","20,4","16,8","20,5","18,4","17,9","16,4",90.0,80.0,80.0,192.0,"7,7","2,2",
2026/02/27,1300 UTC,0,"923,3","923,3","922,6","1005,6",20,"16,4","21,6","19,4",18,"16,3",86.0,74.0,80.0,205.0,"6,8","2,9",
2026/02/27,1400 UTC,0,"923,5","923,5","923,3","1323,7","20,1",16,"21,4","19,4","17,8",16,83.0,74.0,78.0,204.0,"7,8","2,8",
2026/02/27,1500 UTC,",2","923,5","923,6","923,5","1008,3",20,"16,9","20,5","19,6","17,8","16,1",86.0,78.0,82.0,200.0,"7,2","2,7",
2026/02/27,1600 UTC,0,"923,2","923,5","923,2","1287,9","21,5","15,5","21,8","19,5","17,2","15,5",82.0,69.0,69.0,197.0,"6,8","2,6",
2026/02/27,1700 UTC,0,"923,1","923,2","923,1","928,9","21,7","16,1","21,9","20,9","16,5","15,3",74.0,69.0,71.0,183.0,"5,6","1,9",
2026/02/27,1800 UTC,0,"922,7","923,1","922,6","1213,4","21,6",16,"22,6","21,2","17,1","15,2",72.0,66.0,71.0,183.0,7,"2,2",
2026/02/27,1900 UTC,0,"922,3","922,7","922,2","1425,9","21,9","15,4","22,9","20,5","16,6","15,3",75.0,64.0,67.0,171.0,"9,2","2,5",
2026/02/27,2000 UTC,0,"922,2","922,3","922,2","529,2",21,"15,2","21,9",21,"16,3","15,2",71.0,67.0,70.0,206.0,"6,2","2,4",
2026/02/27,2100 UTC,",4","922,9","922,9","922,2","156,1",18,"16,1","21,2","17,8","16,1",15,88.0,70.0,88.0,192.0,"10,6",2,
2026/02/27,2200 UTC,0,"923,5","923,5","922,9","20,4","18,2","15,8","18,4",18,"16,4","15,8",89.0,85.0,86.0,202.0,"6,6","2,7",
2026/02/27,2300 UTC,0,924,924,"923,5",,"18,2","15,6","18,2",18,"15,7","15,3",86.0,84.0,85.0,199.0,"7,6","2,4",
2026/02/28,0000 UTC,0,"924,5","924,5","923,9",,"18,5","15,7","18,5","18,2","15,8","15,6",86.0,84.0,84.0,181.0,"6,4","1,7",
2026/02/28,0100 UTC,0,"924,8","924,8","924,5",,"18,2","15,1","18,6","18,1","15,8",15,84.0,82.0,82.0,192.0,"5,9","1,7",
2026/02/28,0200 UTC,0,"924,7","924,9","924,6",,"17,8","15,1","18,2","17,7","15,1","14,8",84.0,82.0,84.0,178.0,"5,2","1,8",
2026/02/28,0300 UTC,0,"924,2","924,7","924,2",,"17,4","15,1","17,8","17,4","15,1","14,9",86.0,84.0,86.0,186.0,"4,2",",9",
2026/02/28,0400 UTC,0,"923,4","924,2","923,4",,"17,2",15,"17,5","17,2","15,2","14,9",87.0,86.0,87.0,154.0,3,"1,3",
2026/02/28,0500 UTC,0,"922,9","923,4","922,8",,17,"14,8","17,3",17,"15,2","14,8",87.0,87.0,87.0,158.0,4,"1,5",
2026/02/28,0600 UTC,0,"922,6","922,9","922,6",,"16,7","14,8",17,"16,7","14,9","14,7",88.0,87.0,88.0,156.0,"3,5","1,4",
2026/02/28,0700 UTC,0,"922,4","922,6","922,4",,"16,2","14,4","16,8","16,2","14,8","14,4",89.0,88.0,89.0,190.0,"3,5",",5",
2026/02/28,0800 UTC,0,"922,6","922,6","922,4",,"16,3","14,7","16,4","16,2","14,8","14,5",91.0,89.0,90.0,164.0,"2,7",",8",
2026/02/28,0900 UTC,0,"922,6","922,6","922,5",,"16,3","14,8","16,3","15,9","14,8","14,4",91.0,90.0,91.0,157.0,"2,6",",7",
2026/02/28,1000 UTC,",2","923,3","923,3","922,6","136,5","17,3","15,8","17,3","16,1","15,8","14,6",92.0,91.0,91.0,164.0,2,",4",
2026/02/28,1100 UTC,0,"923,6","923,7","923,2","931,4","19,5",15,"19,6","17,3","16,5","14,8",91.0,75.0,75.0,152.0,"3,8","1,7",
2026/02/28,1200 UTC,0,"924,2","924,2","923,6","988,5","20,1","14,4","20,8","19,4","15,9","14,1",76.0,69.0,70.0,174.0,"5,9","1,8",
2026/02/28,1300 UTC,0,"924,5","924,7","924,2","2245,2","22,5",12,"23,3","20,1","15,4",12,70.0,51.0,51.0,200.0,"6,6","2,4",
2026/02/28,1400 UTC,0,"924,3","924,5","924,3","3443,7","24,2","12,3","24,4","21,8","12,7",11,56.0,44.0,47.0,193.0,"6,6","1,9",
2026/02/28,1500 UTC,0,924,"924,4",924,"2828,2","24,2","11,4","24,8","22,3","12,9","10,6",52.0,41.0,45.0,220.0,"6,4","2,3",
2026/02/28,1600 UTC,0,"923,6",924,"923,6","3225,2","25,2","11,3","25,9","23,4","13,1","9,4",51.0,38.0,42.0,217.0,"6,6","2,4",
2026/02/28,1700 UTC,0,"923,1","923,6","923,1",3524,"25,9","10,8","26,8","24,4","12,6","9,4",44.0,36.0,39.0,189.0,"7,2",2,
2026/02/28,1800 UTC,0,"922,9","923,1","922,8",2311,25,"11,9",26,"24,4","12,5",10,46.0,37.0,44.0,187.0,"8,4","2,2",
2026/02/28,1900 UTC,0,"922,9","922,9","922,7","1887,2","23,9","14,8","25,5","23,8","15,4","11,3",57.0,42.0,57.0,193.0,"7,1","2,7",
2026/02/28,2000 UTC,0,"923,3","923,3","922,8","1572,5","22,6","14,1","23,9","22,4","14,7",14,61.0,56.0,59.0,211.0,"9,3","4,1",
2026/02/28,2100 UTC,0,"923,4","923,4","923,3","661,4","21,4","13,7","22,8","21,4","14,4","13,5",62.0,58.0,62.0,204.0,"8,5","2,6",
2026/02/28,2200 UTC,0,"923,9","923,9","923,4","67,9","20,4","14,2","21,4","20,3","14,2","13,7",67.0,62.0,67.0,201.0,"6,7","1,7",
2026/02/28,2300 UTC,0,"924,5","924,5","923,9",,"18,6","15,3","20,4","18,1",16,14,87.0,67.0,81.0,206.0,"7,8",2,
2026/03/01,0000 UTC,0,"925,1","925,1","924,5",,"18,9","14,3",19,"18,6","15,3","13,7",81.0,72.0,74.0,181.0,"5,9","2,4",
2026/03/01,0100 UTC,",2","925,4","925,4","925,1",,"17,9","15,9",19,"17,7","15,9","14,3",88.0,74.0,88.0,181.0,"5,9","1,5",
2026/03/01,0200 UTC,0,"925,3","925,4","925,2",,18,"14,9","18,1","17,9","16,1","14,9",89.0,82.0,82.0,181.0,7,"1,4",
2026/03/01,0300 UTC,0,"925,2","925,3","925,1",,"17,9","14,5","18,1","17,9","14,9","14,4",83.0,80.0,81.0,190.0,"6,1","1,3",
2026/03/01,0400 UTC,0,"924,6","925,2","924,6",,"18,1",15,"18,1","17,8","15,1","14,5",83.0,81.0,82.0,183.0,"4,2","1,5",
2026/03/01,0500 UTC,0,"924,1","924,6","924,1",,18,14,"18,1",18,"15,1","13,9",83.0,77.0,77.0,168.0,"5,2","1,6",
2026/03/01,0600 UTC,0,"923,8","924,1","923,8",,"17,7","14,3",18,"17,6","14,4","13,8",81.0,77.0,81.0,182.0,"5,2","1,2",
2026/03/01,0700 UTC,",2","923,6","923,9","923,6",,"17,6","14,6","17,9","17,6","14,7","14,2",83.0,79.0,83.0,205.0,4,"1,3",
2026/03/01,0800 UTC,0,"923,6","923,6","923,5",,"17,1","14,1","17,6","17,1","14,7","14,1",84.0,82.0,83.0,186.0,"3,8",",8",
2026/03/01,0900 UTC,0,"923,8","923,8","923,5",,"16,7","13,7","17,1","16,6","14,2","13,6",84.0,82.0,83.0,208.0,"4,5","1,2",
2026/03/01,1000 UTC,0,"924,1","924,1","923,8","108,8","17,8","13,7","17,8","16,6","13,7","13,4",83.0,77.0,77.0,183.0,"3,4","1,3",
2026/03/01,1100 UTC,0,"924,7","924,7","924,1","744,2","19,2","13,7","19,2","17,8","14,2","12,9",77.0,70.0,71.0,214.0,"5,2","2,6",
2026/03/01,1200 UTC,0,"925,3","925,3","924,7","1414,8","20,9",13,"21,3","19,2","14,6","12,9",71.0,60.0,60.0,190.0,"6,3","2,2",
2026/03/01,1300 UTC,0,"925,3","925,3","925,2","1865,4","20,8","11,8","22,8","20,4","13,4","11,5",63.0,53.0,56.0,191.0,"6,8","2,6",
2026/03/01,1400 UTC,0,"925,3","925,4","925,2","1388,4","21,4","11,6","21,8","20,5","12,4","11,2",58.0,53.0,54.0,208.0,"7,8",3,
2026/03/01,1500 UTC,0,"924,7","925,3","924,7","3104,5","24,5","12,2","24,7","21,4","13,8","11,3",55.0,44.0,46.0,201.0,"7,8","2,2",
2026/03/01,1600 UTC,0,924,"924,7",924,"2940,6","25,1","11,5","25,8","22,6","13,8","10,3",51.0,41.0,43.0,180.0,"8,2","2,1",
2026/03/01,1700 UTC,0,"923,4",924,"923,4","2241,5","23,4","12,2","25,8","23,4","13,3","10,5",52.0,41.0,49.0,176.0,"7,1","2,3",
2026/03/01,1800 UTC,0,"923,3","923,4","923,2","1904,9",23,"13,1","25,2",23,"14,6","12,3",56.0,48.0,54.0,198.0,"8,2","3,3",
2026/03/01,1900 UTC,0,"923,5","923,5","923,3","1639,2","22,2","11,8",23,"21,8","14,3","11,6",61.0,51.0,52.0,215.0,"10,7","4,9",
2026/03/01,2000 UTC,0,"923,9","923,9","923,5",1368,"20,9","11,7",23,"20,9","12,5","11,1",56.0,50.0,56.0,215.0,"10,7","3,5",
2026/03/01,2100 UTC,0,924,924,"923,8","393,7","20,1","12,2","21,7",20,"12,6","11,8",61.0,55.0,61.0,187.0,"9,2","2,7",
2026/03/01,2200 UTC,0,"924,1","924,2",924,"43,6","19,4","12,4","20,1","19,4","12,5","12,1",64.0,60.0,64.0,198.0,"6,7","2,4",
2026/03/01,2300 UTC,0,"924,3","924,3","924,1",,"18,5","12,9","19,4","18,5","12,9","12,5",70.0,64.0,70.0,208.0,"7,4","3,1",
2026/03/02,0000 UTC,0,"924,8","924,8","924,3",,"17,9","13,3","18,5","17,9","13,5","12,9",75.0,70.0,75.0,203.0,"6,3","2,3",
2026/03/02,0100 UTC,0,"924,9","924,9","924,6",,"17,5","12,9","17,9","17,4","13,3","12,7",75.0,73.0,74.0,175.0,"6,1","1,5",
2026/03/02,0200 UTC,0,"924,9",925,"924,9",,"17,1","12,9","17,5","17,1","13,1","12,7",76.0,74.0,76.0,158.0,5,"1,1",
2026/03/02,0300 UTC,0,"924,7","924,9","924,7",,"17,1",13,"17,3","17,1","13,2","12,9",77.0,76.0,77.0,149.0,"5,3","1,8",
2026/03/02,0400 UTC,0,"924,3","924,7","924,3",,"16,8",13,"17,1","16,7","13,1",13,79.0,77.0,79.0,147.0,"4,2","1,5",
2026/03/02,0500 UTC,0,"923,7","924,3","923,7",,"16,3",13,"16,8","16,3","13,1","12,9",81.0,79.0,81.0,122.0,"3,3",1,
2026/03/02,0600 UTC,0,"923,3","923,7","923,3",,"16,3","13,6","16,4","16,2","13,6",13,84.0,81.0,84.0,141.0,"3,5","1,8",
2026/03/02,0700 UTC,0,"923,3","923,6","923,3",,"16,1","13,7","16,3","15,8","13,8","13,4",86.0,84.0,86.0,143.0,"3,3","1,2",
2026/03/02,0800 UTC,0,"923,4","923,4","923,2",,16,"13,7","16,2","15,9","13,8","13,6",86.0,86.0,86.0,137.0,"4,1","1,3",
2026/03/02,0900 UTC,0,"923,6","923,6","923,4",,"15,8","13,6",16,"15,7","13,7","13,3",87.0,86.0,87.0,135.0,"3,3","1,1",
2026/03/02,1000 UTC,0,"924,3","924,3","923,5","120,8","17,2","14,6","17,2","15,6","14,6","13,5",88.0,84.0,85.0,146.0,"2,9","1,4",
2026/03/02,1100 UTC,0,"924,7","924,7","924,3","650,9","18,2","14,1",19,"17,3","14,8","13,4",84.0,74.0,77.0,139.0,"3,3","1,1",
2026/03/02,1200 UTC,0,"925,2","925,2","924,7","1160,1","20,1",14,"21,1","18,2","14,8","13,3",77.0,64.0,68.0,185.0,"3,7","1,6",
2026/03/02,1300 UTC,0,"925,3","925,4","925,1","1493,5","21,4","12,7","21,4","19,6","14,3","12,3",70.0,57.0,57.0,161.0,"4,7","1,8",
2026/03/02,1400 UTC,0,"925,2","925,4","925,2","2075,3","22,2","11,4","23,2","21,4","13,7","11,4",59.0,50.0,50.0,149.0,"5,5","2,2",
2026/03/02,1500 UTC,0,"924,7","925,2","924,7","2023,6","22,8","13,4","24,4",22,"13,8",11,56.0,49.0,56.0,202.0,"6,7","2,4",
2026/03/02,1600 UTC,0,"924,3","924,7","924,3","2328,6","23,3","14,1","25,2","22,5","14,6","13,1",59.0,47.0,56.0,212.0,"7,2","3,2",
2026/03/02,1700 UTC,0,"923,8","924,3","923,8","1598,5","23,8",14,25,23,"14,9","12,9",56.0,51.0,54.0,215.0,"6,3","2,1",
2026/03/02,1800 UTC,0,"923,4","923,8","923,4",1306,"23,7","13,7","24,1","23,1","14,3","12,9",57.0,51.0,54.0,199.0,"6,2","2,6",
2026/03/02,1900 UTC,0,"923,4","923,4","923,3","1345,5","23,7","13,2","24,6",23,14,13,56.0,50.0,52.0,215.0,"8,4","3,6",
2026/03/02,2000 UTC,0,"923,6","923,6","923,4","1158,8","22,2","13,7","24,8","22,2","14,1","12,7",59.0,49.0,59.0,178.0,"7,6","2,3",
2026/03/02,2100 UTC,0,"923,8","923,8","923,6","408,2","21,7","13,4","22,7","21,4","13,8",13,61.0,55.0,59.0,181.0,"6,1","1,8",
2026/03/02,2200 UTC,0,"923,9","923,9","923,7","49,4","19,6","13,8","21,8","19,6","13,8","12,9",69.0,58.0,69.0,178.0,"5,7","1,9",
2026/03/02,2300 UTC,0,"924,4","924,4","923,9",,"18,8","13,9","19,6","18,8","14,1","13,7",74.0,69.0,74.0,180.0,"5,7",2,
2026/03/03,0000 UTC,0,"924,8","924,8","924,4",,"18,9","14,2","18,9","18,6","14,2","13,9",75.0,73.0,74.0,162.0,"5,3","1,7",
2026/03/03,0100 UTC,0,925,925,"924,7",,"18,8","13,8",19,"18,7","14,2","13,8",74.0,73.0,73.0,150.0,"5,3","1,3",
2026/03/03,0200 UTC,0,"925,1","925,1",925,,"18,3","13,4","18,8","18,3","13,8","13,4",73.0,72.0,73.0,145.0,"5,2","2,4",
2026/03/03,0300 UTC,0,"924,9","925,1","924,9",,"17,6","13,4","18,3","17,4","13,4","13,2",77.0,73.0,76.0,138.0,"4,9","1,7",
2026/03/03,0400 UTC,0,"924,5","924,9","924,5",,"17,2","13,8","17,6","17,2","13,8","13,3",81.0,76.0,81.0,134.0,4,"1,4",
2026/03/03,0500 UTC,0,"923,9","924,5","923,9",,"16,9",14,"17,2","16,8",14,"13,7",83.0,81.0,83.0,137.0,3,"1,5",
2026/03/03,0600 UTC,0,"923,6","923,9","923,6",,"17,3","14,2","17,3","16,6","14,3","13,9",84.0,82.0,82.0,158.0,"3,2",",8",
2026/03/03,0700 UTC,0,"923,5","923,6","923,4",,"16,8","13,8","17,3","16,8","14,2","13,8",83.0,82.0,82.0,163.0,"3,2",",8",
2026/03/03,0800 UTC,0,"923,8","923,9","923,5",,17,14,"17,1","16,7","14,1","13,8",83.0,82.0,82.0,165.0,"3,1",1,
2026/03/03,0900 UTC,0,"924,1","924,1","923,7",,"17,5","14,1","17,5",17,"14,3","13,9",83.0,80.0,81.0,140.0,3,"1,1",
2026/03/03,1000 UTC,0,"924,6","924,6","924,1","88,1","18,2","14,3","18,2","17,4","14,4",14,81.0,78.0,78.0,154.0,"2,9",",5",
2026/03/03,1100 UTC,0,"925,3","925,3","924,6","297,6","19,1","14,4","19,1","18,2","14,6","14,1",78.0,74.0,74.0,157.0,"4,3","1,2",
2026/03/03,1200 UTC,0,"925,9","925,9","925,3","598,3","19,8","14,6","19,8",19,"14,7",14,74.0,71.0,72.0,160.0,"4,3","1,5",
2026/03/03,1300 UTC,0,926,926,"925,9","982,9","21,1",15,"21,2","19,8","15,4","14,3",73.0,68.0,68.0,168.0,"4,3",1,
2026/03/03,1400 UTC,0,"925,8","926,1","925,8","1038,9","22,4","15,3","22,4","20,7","15,7","14,6",70.0,64.0,64.0,168.0,"3,7","1,4",
2026/03/03,1500 UTC,0,"925,6","925,8","925,6","1414,8","22,5","15,2","22,9","21,7","16,1","14,7",67.0,63.0,63.0,162.0,"4,8","1,3",
2026/03/03,1600 UTC,0,"925,1","925,6","925,1","2288,6","25,2","15,8","25,4","22,2",17,15,65.0,56.0,56.0,197.0,"4,2","1,5",
2026/03/03,1700 UTC,0,"924,3","925,1","924,3","2905,9",24,"14,3","25,9",24,"17,1","14,3",60.0,53.0,55.0,160.0,"5,7","1,7",
2026/03/03,1800 UTC,0,"923,6","924,3","923,6","2263,2","24,4","13,9","26,3","23,7",16,"13,2",57.0,48.0,52.0,249.0,"4,8","1,9",
2026/03/03,1900 UTC,0,"923,2","923,7","923,1","1736,7","26,4","13,9","26,7","24,5","15,3","12,1",54.0,41.0,46.0,207.0,"5,8","2,9",
2026/03/03,2000 UTC,0,"923,5","923,5","923,2","1403,3","24,5","14,4","26,6","24,5","14,8","12,9",53.0,44.0,53.0,213.0,"5,8",3,
2026/03/03,2100 UTC,0,"923,7","923,7","923,5","607,5","22,8","14,1","24,6","22,8",15,"14,1",58.0,53.0,58.0,213.0,"7,2","2,8",
2026/03/03,2200 UTC,0,"924,1","924,2","923,7","45,5","20,5","14,1","22,8","20,5","14,4","13,7",67.0,57.0,67.0,205.0,"7,2","3,5",
2026/03/03,2300 UTC,0,"924,7","924,7","924,1",,"19,6","14,7","20,5","19,6","14,7","14,1",73.0,67.0,73.0,179.0,"7,2","1,7",
2026/03/04,0000 UTC,0,"925,5","925,5","924,7",,"18,9","14,6","19,6","18,8","14,8","14,5",76.0,73.0,76.0,187.0,"5,8","1,9",
2026/03/04,0100 UTC,0,"926,1","926,2","925,5",,"18,4","14,6","18,9","18,3","14,8","14,6",79.0,76.0,79.0,195.0,"3,6",",8",
2026/03/04,0200 UTC,0,"926,5","926,5",926,,"18,4","14,7","18,6","18,3","14,8","14,5",79.0,78.0,79.0,155.0,"3,7","1,3",
2026/03/04,0300 UTC,0,"926,1","926,5","926,1",,"18,1","14,8","18,5","18,1","14,8","14,6",81.0,79.0,81.0,136.0,"3,5","1,7",
2026/03/04,0400 UTC,0,"925,5","926,1","925,5",,"17,5","14,6","18,1","17,5","14,7","14,4",83.0,81.0,83.0,116.0,"3,3",1,
2026/03/04,0500 UTC,0,"925,2","925,6","925,2",,"17,4","15,1","17,5","17,2","15,2","14,6",86.0,83.0,86.0,129.0,"3,5","1,1",
2026/03/04,0600 UTC,0,"924,6","925,2","924,6",,18,15,18,"17,4","15,4",15,87.0,83.0,83.0,145.0,4,"1,9",
2026/03/04,0700 UTC,0,"924,3","924,6","924,3",,"17,2","14,4",18,"17,2",15,"14,4",84.0,82.0,84.0,173.0,"5,1",",8",
2026/03/04,0800 UTC,0,"924,4","924,5","924,2",,"16,5","14,4","17,3","16,5","14,7","14,2",87.0,84.0,87.0,211.0,"2,4",1,
2026/03/04,0900 UTC,0,"924,8","924,8","924,4",,"16,5","14,6","16,7","16,4","14,8","14,4",89.0,87.0,88.0,163.0,"2,2",0,
2026/03/04,1000 UTC,0,925,"925,1","924,8","109,6",18,"15,3",18,"16,5","15,3","14,7",89.0,85.0,85.0,102.0,"2,9","1,3",
2026/03/04,1100 UTC,0,"925,6","925,6",925,"911,1","21,3","15,8","21,3",18,"16,6","15,3",85.0,71.0,71.0,141.0,"4,5","1,6",
2026/03/04,1200 UTC,0,"925,9","925,9","925,6","1825,1","21,8","14,9","22,5","20,7","16,2","14,8",71.0,63.0,65.0,138.0,"4,9","1,8",
2026/03/04,1300 UTC,0,"926,2","926,2","925,9","2853,2","24,1","13,5","24,2","21,8",16,"13,4",66.0,52.0,52.0,147.0,"5,4","2,1",
2026/03/04,1400 UTC,0,"925,8","926,2","925,8","2614,8","24,5","13,8","25,6","23,8","15,8","13,4",58.0,48.0,51.0,139.0,"4,8","1,1",
2026/03/04,1500 UTC,0,"925,5","925,8","925,5","3145,7","26,3","13,3","27,1","23,9","15,9","12,8",56.0,43.0,45.0,151.0,"4,4","1,6",
2026/03/04,1600 UTC,0,"924,8","925,5","924,8","3256,9","27,6","12,8","27,7","25,8",14,"11,6",47.0,38.0,40.0,212.0,"4,7","1,1",
2026/03/04,1700 UTC,0,"924,3","924,8","924,3","2597,5","27,3","14,4","28,1","25,9","15,1","11,2",47.0,39.0,45.0,180.0,"5,7","2,3",
2026/03/04,1800 UTC,0,"924,2","924,3","924,2","2346,1","26,8","15,2","27,8",26,"15,3","13,6",49.0,43.0,49.0,203.0,"6,9","2,7",
2026/03/04,1900 UTC,0,"924,3","924,3","924,1","1861,2","26,4",15,27,"25,8","15,4","14,2",51.0,47.0,50.0,182.0,"6,9","2,2",
2026/03/04,2000 UTC,0,"924,5","924,5","924,3","1202,1","24,4","15,2","26,7","24,3","15,4","14,3",57.0,48.0,57.0,202.0,"7,1","2,6",
2026/03/04,2100 UTC,0,"924,6","924,7","924,5","573,4","23,6","15,2","24,7","23,6","15,4","14,8",60.0,55.0,60.0,178.0,"5,7","1,1",
2026/03/04,2200 UTC,0,"924,9","924,9","924,6","57,9","21,5","15,7","23,6","21,5","15,7",15,70.0,59.0,70.0,176.0,"4,9","1,7",
2026/03/04,2300 UTC,0,"925,2","925,2","924,9",,20,"15,3","21,5",20,"15,8","15,1",74.0,70.0,74.0,187.0,"5,9","1,5",
2026/03/05,0000 UTC,0,"925,6","925,6","925,2",,20,"15,5","20,3","19,9","15,5","15,1",75.0,73.0,75.0,152.0,6,"1,8",
2026/03/05,0100 UTC,0,"925,8","925,8","925,6",,"19,5","15,8",20,"19,5","15,8","15,5",79.0,75.0,79.0,154.0,"5,2","1,8",
2026/03/05,0200 UTC,0,"925,8","925,8","925,6",,"19,4","15,9","19,7","19,3","15,9","15,7",80.0,79.0,80.0,143.0,5,"1,6",
2026/03/05,0300 UTC,0,"926,1","926,1","925,8",,"19,9",16,"19,9","19,4","16,1","15,9",80.0,78.0,78.0,158.0,"4,1","1,2",
2026/03/05,0400 UTC,0,"925,9","926,1","925,9",,"19,3","15,8","19,9","19,3","16,1","15,8",80.0,78.0,80.0,180.0,"3,7","1,5",
2026/03/05,0500 UTC,0,"925,6","925,9","925,6",,"18,6","15,5","19,3","18,6","15,9","15,5",83.0,80.0,82.0,180.0,"3,7","1,3",
2026/03/05,0600 UTC,0,"925,4","925,7","925,4",,"19,1","15,9","19,1","18,5",16,"15,5",84.0,82.0,82.0,167.0,"3,4",",7",
2026/03/05,0700 UTC,0,"925,1","925,4","925,1",,"19,1","15,9","19,2","19,1","16,1","15,8",82.0,81.0,81.0,187.0,"2,5",",9",
2026/03/05,0800 UTC,0,"925,1","925,1",925,,"19,4","15,8","19,4","19,1","15,9","15,7",81.0,80.0,80.0,150.0,"4,5","1,4",
2026/03/05,0900 UTC,0,"925,4","925,5",925,,"19,4","15,9","19,4","19,3",16,"15,7",81.0,80.0,80.0,157.0,"3,4","1,3",
2026/03/05,1000 UTC,0,"925,8","925,8","925,3","97,1","19,8","16,1","19,8","19,3","16,2","15,9",81.0,80.0,80.0,124.0,"3,3","1,5",
2026/03/05,1100 UTC,0,"926,2","926,2","925,8","505,3","20,9","16,3","20,9","19,8","16,4","16,1",80.0,75.0,75.0,144.0,"4,5","1,8",
2026/03/05,1200 UTC,0,"926,7","926,7","926,2","1060,6","21,6","16,3","22,8","20,9","17,2","15,9",75.0,67.0,72.0,135.0,"4,8","2,3",
2026/03/05,1300 UTC,0,"926,8","926,9","926,7","1543,1",23,"16,3","23,5","21,6","17,1",16,72.0,65.0,66.0,163.0,"4,6","1,8",
2026/03/05,1400 UTC,0,"926,9",927,"926,8","2041,2","25,1","16,7","25,2",23,17,"15,9",67.0,58.0,60.0,130.0,"4,3","1,9",
2026/03/05,1500 UTC,0,"926,3","926,9","926,3","2909,6","27,1",17,"27,1","24,8","17,6",16,61.0,54.0,54.0,205.0,"4,3","1,6",
2026/03/05,1600 UTC,0,"925,5","926,3","925,5","3497,6","28,1",17,"28,3","25,9","17,5","15,6",57.0,48.0,51.0,305.0,"4,8","1,1",
2026/03/05,1700 UTC,0,"924,7","925,5","924,7","3013,6","28,4","15,1","29,9","28,2","17,2","14,7",51.0,42.0,44.0,176.0,4,"1,2",
2026/03/05,1800 UTC,0,"924,5","924,7","924,4","2066,2","28,3","16,4","29,4","27,5","17,5","14,6",53.0,42.0,48.0,209.0,"7,3","3,2",
2026/03/05,1900 UTC,0,"924,4","924,5","924,4","1405,5","26,8","17,6","28,7","26,4","17,7","16,3",58.0,49.0,57.0,191.0,"8,1","2,7",
2026/03/05,2000 UTC,0,"924,5","924,5","924,3","980,2","24,9","17,3","27,3","24,8",18,"16,9",63.0,55.0,63.0,185.0,"9,3","2,7",
2026/03/05,2100 UTC,0,"924,9","924,9","924,5","274,8","23,4","17,4",25,"23,3","17,5","16,9",69.0,63.0,69.0,192.0,"7,5","2,6",
2026/03/05,2200 UTC,0,"925,1","925,1","924,8","13,9","22,4",17,"23,4","22,4","17,4","16,9",72.0,69.0,72.0,181.0,"7,4","1,9",
2026/03/05,2300 UTC,0,"925,7","925,7","925,1",,"22,1","16,8","22,5",22,"17,1","16,7",73.0,71.0,72.0,192.0,"5,6","1,5",
2026/03/06,0000 UTC,0,"926,6","926,6","925,7",,"22,1","17,4","22,4","22,1","17,4","16,8",74.0,71.0,74.0,182.0,"5,2","1,7",
2026/03/06,0100 UTC,0,927,927,"926,6",,22,"17,9","22,1",22,"17,9","17,4",77.0,75.0,77.0,154.0,"5,3",2,
2026/03/06,0200 UTC,0,927,927,"926,8",,22,"17,6","22,1",22,"17,9","17,4",78.0,75.0,76.0,147.0,"6,1","1,5",
2026/03/06,0300 UTC,0,"927,2","927,2",927,,"21,9","17,5",22,"21,8","17,7","17,4",77.0,75.0,76.0,147.0,"5,8","1,6",
2026/03/06,0400 UTC,0,"926,7","927,2","926,7",,"21,5","17,6","21,9","21,5","17,7","17,5",78.0,76.0,78.0,156.0,"5,1","1,4",
2026/03/06,0500 UTC,0,926,"926,7",926,,"21,5","17,7","21,6","21,3","17,8","17,5",79.0,78.0,79.0,145.0,"4,9",2,
2026/03/06,0600 UTC,0,"925,6",926,"925,6",,"21,5",18,"21,5","21,4",18,"17,7",81.0,79.0,81.0,139.0,"4,9","1,2",
2026/03/06,0700 UTC,0,"925,5","925,7","925,5",,"21,5","17,9","21,5","21,4",18,"17,8",81.0,80.0,80.0,135.0,"4,2","1,6",
2026/03/06,0800 UTC,0,"925,7","925,7","925,3",,"21,4","17,7","21,5","21,4","17,9","17,7",80.0,80.0,80.0,138.0,"4,2",1,
2026/03/06,0900 UTC,0,"926,1","926,1","925,7",,"21,4","17,8","21,5","21,3","17,9","17,7",80.0,79.0,80.0,120.0,5,"2,4",
2026/03/06,1000 UTC,0,"926,6","926,6","926,1",62,"21,4",18,"21,4","21,2",18,"17,8",81.0,80.0,81.0,116.0,"5,9",2,
2026/03/06,1100 UTC,0,"926,9","926,9","926,6","353,5","22,2","18,3","22,2","21,4","18,4",18,81.0,79.0,79.0,112.0,"4,4","1,4",
2026/03/06,1200 UTC,0,"926,9","927,1","926,9","1213,4","24,9","17,9","25,2","22,1","18,9","17,8",79.0,65.0,65.0,124.0,"4,3","1,8",
2026/03/06,1300 UTC,0,"926,8","926,9","926,7","1635,3","25,4","17,9","25,5","24,6","18,5","17,5",67.0,63.0,63.0,90.0,"4,4","1,5",
2026/03/06,1400 UTC,0,"926,7","926,9","926,7","2133,8","26,4","18,1","27,2","25,4","18,7","17,6",65.0,57.0,60.0,80.0,"4,4",",9",
2026/03/06,1500 UTC,0,"926,1","926,7","926,1","2246,6","27,6",18,"28,8","26,4","19,9","17,5",63.0,52.0,56.0,172.0,"4,8","1,5",
2026/03/06,1600 UTC,",6","925,6","926,1","925,5","299,8","22,9","19,4","27,6","22,9","19,4","17,5",81.0,56.0,81.0,253.0,"5,9","1,5",
2026/03/06,1700 UTC,"1,6","925,1","925,6","924,8","833,1","22,5","18,7","23,9","22,5",21,"18,7",86.0,79.0,79.0,70.0,"7,2","2,2",
2026/03/06,1800 UTC,",4","924,9","925,2","924,7",625,"23,5","20,2","23,8","22,1","20,9","18,8",85.0,79.0,82.0,187.0,"7,2","1,3",
2026/03/06,1900 UTC,0,"924,9","924,9","924,5","447,2","22,7","19,8","23,8","22,6",20,"19,5",84.0,77.0,84.0,128.0,"3,7",",7",
2026/03/06,2000 UTC,0,"924,2","924,9","924,2","328,1","22,6","19,3","23,1","22,5","19,9","19,3",84.0,80.0,81.0,116.0,"3,7","1,7",
2026/03/06,2100 UTC,0,"924,2","924,4","924,1","102,3","22,5","19,4","22,6","22,5","19,7","19,2",84.0,81.0,83.0,147.0,"3,9","1,3",
2026/03/06,2200 UTC,0,"924,4","924,5","924,2","1,8","22,6","19,3","22,6","22,4","19,5","19,3",83.0,82.0,82.0,191.0,"3,4",1,
2026/03/06,2300 UTC,0,"924,4","924,4","924,2",,"22,3","19,4","22,6","22,3","19,4","19,2",83.0,82.0,83.0,145.0,5,"2,3",
2026/03/07,0000 UTC,0,925,925,"924,4",,"22,3","19,6","22,3","22,2","19,8","19,4",86.0,83.0,85.0,144.0,5,"1,4",
2026/03/07,0100 UTC,0,"925,5","925,5",925,,"22,1","19,1","22,3",22,"19,7","19,1",86.0,83.0,83.0,149.0,"4,4","1,8",
2026/03/07,0200 UTC,0,"925,6","925,6","925,4",,"21,6","19,2","22,1","21,6","19,2",19,86.0,83.0,86.0,114.0,"4,8","1,2",
2026/03/07,0300 UTC,0,"925,6","925,6","925,4",,"21,6","19,4","21,6","21,5","19,4","19,2",87.0,86.0,87.0,135.0,"4,1","1,6",
2026/03/07,0400 UTC,",2","925,3","925,6","925,3",,"21,5","19,5","21,6","21,5","19,5","19,3",88.0,87.0,88.0,144.0,"3,8","1,3",
2026/03/07,0500 UTC,0,"924,6","925,3","924,6",,"21,5","19,6","21,5","21,4","19,6","19,5",89.0,88.0,89.0,151.0,"2,9",",9",
2026/03/07,0600 UTC,0,"923,9","924,6","923,9",,"21,5","19,5","21,5","21,4","19,6","19,5",89.0,88.0,88.0,142.0,"3,3","1,2",
2026/03/07,0700 UTC,0,"924,1","924,1","923,8",,"21,4","19,3","21,5","21,3","19,5","19,2",88.0,88.0,88.0,109.0,4,"1,1",
2026/03/07,0800 UTC,0,"924,3","924,3","923,8",,"21,3","19,3","21,4","21,3","19,4","19,2",88.0,88.0,88.0,86.0,"3,6","1,1",
2026/03/07,0900 UTC,0,"924,5","924,6","924,1",,"21,2","19,3","21,3","21,1","19,3","19,2",89.0,88.0,89.0,120.0,"3,4",",7",
2026/03/07,1000 UTC,0,"924,8","924,8","924,5","45,2","21,3","19,5","21,3","21,1","19,5","19,3",90.0,89.0,89.0,111.0,"2,6",",6",
2026/03/07,1100 UTC,20,"925,4","925,9","924,7","312,9","19,4","18,1","22,6","19,4","20,1","17,6",92.0,84.0,92.0,207.0,"7,8","1,1",
2026/03/07,1200 UTC,",4","925,2","925,4","925,1","496,1","21,1",20,"21,2","19,2","20,1",18,94.0,92.0,94.0,118.0,"4,3",",6",
2026/03/07,1300 UTC,",6","925,5","925,6","925,1","373,5","21,3","19,9","21,7","21,1","20,5","19,9",94.0,91.0,91.0,344.0,"2,7","1,3",
2026/03/07,1400 UTC,"1,2","925,2","925,6","925,2","240,1","21,3","20,1","21,3",21,"20,1","19,6",92.0,91.0,92.0,57.0,"5,1",1,
2026/03/07,1500 UTC,",2","924,2","925,2","924,2","2236,2","25,1","21,3","25,1","21,3",22,"19,9",92.0,77.0,79.0,348.0,"5,9","2,7",
2026/03/07,1600 UTC,0,"923,4","924,2","923,4","2684,4","25,4","19,4","25,9","23,9","21,6","18,8",79.0,68.0,70.0,32.0,"9,5","1,6",
2026/03/07,1700 UTC,0,923,"923,4","922,9","2106,8","26,3","18,8",27,"25,4",20,"18,4",71.0,61.0,63.0,330.0,"6,8",2,
2026/03/07,1800 UTC,0,"922,3","923,1","922,3","2024,9","27,8","19,4","27,9","26,3",20,"18,7",67.0,59.0,60.0,349.0,"7,4","2,6",
2026/03/07,1900 UTC,0,"922,8","922,9",922,"1404,4","24,2","18,1","28,3","24,2","20,3","17,1",69.0,57.0,69.0,70.0,"12,7","4,7",
2026/03/07,2000 UTC,"1,4","922,5","922,9","922,2","400,7",21,"17,2","24,3",21,"18,2",17,81.0,68.0,79.0,21.0,"16,4","5,7",
2026/03/07,2100 UTC,0,"924,1","924,1","922,3","53,8","20,8","17,2",21,"20,8","17,3",17,80.0,78.0,80.0,195.0,"13,8","1,1",
2026/03/07,2200 UTC,0,924,"924,3","923,8",,"21,3","16,5","21,4","20,8","17,3","16,4",80.0,73.0,74.0,3.0,12,"6,1",
2026/03/07,2300 UTC,2,"924,6","924,7",924,,"19,7","17,5","21,3","19,7","17,5","16,5",87.0,74.0,87.0,329.0,12,"3,5",
2026/03/08,0000 UTC,"3,6",925,925,"924,6",,"19,5","17,5","19,7","19,4","17,7","17,5",89.0,87.0,89.0,6.0,"6,8",1,
2026/03/08,0100 UTC,2,"924,3",925,"924,3",,"19,5","17,7","19,6","19,5","17,8","17,5",90.0,88.0,89.0,70.0,3,"1,3",
2026/03/08,0200 UTC,",2","923,3","924,3","923,3",,"19,1","17,6","19,5","19,1","17,8","17,5",91.0,89.0,91.0,120.0,"2,9",",6",
2026/03/08,0300 UTC,0,"923,5","923,5","923,3",,"19,3","17,9","19,4","19,1","17,9","17,6",92.0,91.0,92.0,188.0,"2,1",0,
2026/03/08,0400 UTC,0,"923,3","923,6","923,3",,"19,2","17,8","19,6","19,2","18,3","17,8",92.0,91.0,91.0,14.0,"4,4","1,3",
2026/03/08,0500 UTC,0,"922,7","923,3","922,7",,"19,3","16,9","19,6","19,1","17,8","16,8",91.0,86.0,86.0,343.0,"5,2","1,9",
2026/03/08,0600 UTC,0,"922,1","922,7","922,1",,20,"16,1",20,"19,3",17,"16,1",86.0,78.0,78.0,1.0,"5,3","2,5",
2026/03/08,0700 UTC,0,"922,4","922,4",922,,"20,3","15,5","20,3","19,9","16,1","15,5",78.0,74.0,74.0,350.0,"7,8","3,6",
2026/03/08,0800 UTC,0,"922,7","922,7","922,3",,"19,8","15,8","20,3","19,5","15,8","15,4",79.0,74.0,78.0,326.0,"7,8","2,1",
2026/03/08,0900 UTC,0,"923,2","923,2","922,6",,"19,6","15,9","20,2","19,3",16,"15,5",81.0,75.0,79.0,352.0,"6,6","1,6",
2026/03/08,1000 UTC,0,"923,9","923,9","923,2","75,6","19,9","16,5","19,9","19,3","16,5","15,7",82.0,78.0,81.0,225.0,3,",5",
2026/03/08,1100 UTC,0,"924,7","924,7","923,9",874,"23,1","17,6","23,1","19,9","17,6","16,4",81.0,71.0,71.0,288.0,3,",6",
2026/03/08,1200 UTC,0,"925,2","925,2","924,7","1810,2","23,3","16,4","23,5","22,5","17,4",16,71.0,65.0,65.0,337.0,"5,5","2,6",
2026/03/08,1300 UTC,0,"925,4","925,4","925,1","2588,7","24,5","17,2","25,1","23,2","17,8","16,4",66.0,61.0,64.0,334.0,"7,8","3,5",
2026/03/08,1400 UTC,0,925,"925,4",925,"3084,6","26,7","18,4","26,8","24,5","18,9","17,1",65.0,58.0,61.0,297.0,"5,9","2,8",
2026/03/08,1500 UTC,0,"924,3",925,"924,3",3433,"28,7","18,2","28,7","26,5",19,"17,4",61.0,52.0,53.0,310.0,"5,9","1,3",
2026/03/08,1600 UTC,",2","924,1","924,3",924,"1560,6","24,8","19,1","29,2","24,8","19,2","17,3",71.0,51.0,70.0,316.0,"6,3","3,2",
2026/03/08,1700 UTC,2,"923,7","924,1","923,6","696,5","23,3",20,"24,8","22,6",20,"18,3",82.0,70.0,82.0,296.0,"6,3","1,9",
2026/03/08,1800 UTC,0,"923,2",924,"923,2","1204,3","23,9",19,"24,7","23,3","20,5","18,4",83.0,69.0,74.0,226.0,"5,2","2,5",
2026/03/08,1900 UTC,"1,4","923,5","923,7","923,2","1604,6",22,"19,6","23,9","21,8","20,5","18,5",86.0,74.0,86.0,208.0,7,"2,9",
2026/03/08,2000 UTC,",8","923,7","923,9","923,4","743,6","22,1","20,1","22,2","21,7","20,1","19,1",88.0,85.0,88.0,186.0,7,"1,3",
2026/03/08,2100 UTC,0,"923,7","923,8","923,6","141,9","21,8","19,6","22,3","21,8","20,4","19,6",89.0,87.0,88.0,202.0,"6,5","2,4",
2026/03/08,2200 UTC,0,"924,4","924,4","923,7","9,9",21,19,"21,8",21,"19,7","18,8",88.0,87.0,88.0,204.0,"7,1",2,
2026/03/08,2300 UTC,0,"925,1","925,1","924,4",,"21,1","19,1","21,1","20,9","19,2",19,89.0,88.0,88.0,195.0,"5,3","2,1",
2026/03/09,0000 UTC,0,"925,9","925,9","925,1",,"21,2","18,8","21,2","21,1","19,1","18,7",88.0,86.0,86.0,181.0,"5,7","1,2",
2026/03/09,0100 UTC,0,"926,4","926,4","925,9",,21,"18,6","21,2","20,9","18,8","18,5",87.0,86.0,87.0,189.0,"4,6","1,6",
2026/03/09,0200 UTC,0,"926,6","926,7","926,3",,"20,8","18,5",21,"20,7","18,6","18,4",87.0,86.0,87.0,182.0,"5,1","1,4",
2026/03/09,0300 UTC,0,"926,5","926,9","926,5",,"20,7","18,3","20,8","20,6","18,5","18,3",88.0,87.0,87.0,183.0,"4,5","1,8",
2026/03/09,0400 UTC,0,"926,3","926,5","926,3",,"20,7","18,5","20,7","20,6","18,5","18,3",87.0,87.0,87.0,166.0,"4,7","1,4",
2026/03/09,0500 UTC,0,"925,9","926,3","925,9",,20,"18,2","20,7","19,9","18,5","18,1",90.0,87.0,89.0,208.0,"5,4",2,
2026/03/09,0600 UTC,0,"925,5","925,9","925,5",,"19,8",18,20,"19,7","18,2","17,8",89.0,88.0,89.0,172.0,"5,1","1,2",
2026/03/09,0700 UTC,",2","925,4","925,5","925,4",,"19,5","18,2","19,8","19,5","18,2","17,8",92.0,89.0,92.0,149.0,"4,4","1,6",
2026/03/09,0800 UTC,0,"925,6","925,7","925,4",,"19,6","17,9","19,6","19,5","18,2","17,9",92.0,90.0,90.0,169.0,"4,4","1,1",
2026/03/09,0900 UTC,0,"926,1","926,1","925,6",0,"19,8","17,9","19,8","19,6",18,"17,9",90.0,89.0,89.0,157.0,"3,2",",9",
2026/03/09,1000 UTC,0,"926,9","926,9","926,1","29,7",20,18,20,"19,8",18,"17,9",89.0,88.0,89.0,199.0,"3,1",",6",
2026/03/09,1100 UTC,0,"927,8","927,8","926,9","116,3","20,4","18,4","20,4","19,8","18,5","17,9",90.0,88.0,88.0,194.0,"2,6",",7",
2026/03/09,1200 UTC,0,"928,8","928,8","927,8","183,6","20,6",18,"20,8","20,4","18,5","17,9",88.0,85.0,85.0,193.0,"3,7","1,5",
2026/03/09,1300 UTC,",2","929,5","929,5","928,8","164,4","20,6","18,3","20,9","20,6","18,4",18,87.0,84.0,87.0,240.0,"3,7",",5",
2026/03/09,1400 UTC,",4","929,2","929,5","929,2","229,7","20,6","18,4","20,8","20,5","18,6","18,3",88.0,87.0,87.0,253.0,"2,2",",9",
2026/03/09,1500 UTC,"1,6","928,9","929,2","928,9","278,7","20,2","18,7","20,8","20,2","18,9","18,4",91.0,87.0,91.0,268.0,"2,3","1,1",
2026/03/09,1600 UTC,"1,8","928,5","928,9","928,5","405,1","20,7","19,3","20,8","20,1","19,4","18,5",92.0,91.0,92.0,222.0,"2,3","1,1",
2026/03/09,1700 UTC,",2","927,9","928,5","927,8","998,2","21,6","19,3","21,7","20,7","20,1","19,2",92.0,87.0,87.0,209.0,"3,9","2,1",
2026/03/09,1800 UTC,",2","927,6","927,9","927,6","548,4","21,4",19,"21,8","21,4","19,6","18,9",88.0,85.0,87.0,216.0,"3,9","1,2",
2026/03/09,1900 UTC,",6","926,9","927,6","926,9","615,5","21,1","18,9","21,7","21,1","19,4","18,9",88.0,86.0,87.0,207.0,"5,1",2,
2026/03/09,2000 UTC,",4","927,1","927,1","926,8","402,8","20,5","18,5","21,3","20,5","19,2","18,5",89.0,87.0,89.0,214.0,"5,4","2,8",
2026/03/09,2100 UTC,",2","927,4","927,4","927,1","144,5","19,8","17,9","20,5","19,8","18,5","17,8",89.0,88.0,89.0,185.0,"5,8","1,6",
2026/03/09,2200 UTC,",2",928,928,"927,4","7,1","19,3","17,5","19,8","19,3","17,9","17,4",90.0,89.0,89.0,183.0,"7,2","1,5",
2026/03/09,2300 UTC,",4","928,2","928,2",928,,"18,3","16,6","19,3","18,3","17,5","16,4",90.0,88.0,90.0,171.0,"6,3","1,5",
2026/03/10,0000 UTC,",8","928,4","928,4","928,2",,"18,5",17,"18,5","18,3",17,"16,6",91.0,90.0,91.0,133.0,"4,6","1,6",
2026/03/10,0100 UTC,",2","928,8","928,8","928,4",,"18,4","16,7","18,5","18,3",17,"16,7",91.0,90.0,90.0,135.0,"6,2","1,7",
2026/03/10,0200 UTC,",4","928,7","928,9","928,7",,"18,1","16,6","18,4","18,1","16,8","16,5",91.0,90.0,91.0,140.0,"5,3","2,1",
2026/03/10,0300 UTC,0,"928,6","928,8","928,4",,"18,1","16,6","18,1","18,1","16,6","16,5",91.0,90.0,91.0,132.0,6,"1,8",
2026/03/10,0400 UTC,0,"928,1","928,7","928,1",,"18,1","16,5","18,1",18,"16,6","16,4",91.0,90.0,91.0,145.0,"3,5","1,1",
2026/03/10,0500 UTC,",4","927,2","928,1","927,2",,"18,1","16,7","18,1",18,"16,8","16,5",92.0,91.0,92.0,133.0,"2,8","1,1",
2026/03/10,0600 UTC,1,"926,8","927,2","926,8",,18,"16,7","18,2",18,"16,8","16,7",92.0,92.0,92.0,138.0,"3,8","1,1",
2026/03/10,0700 UTC,",8","926,9",927,"926,6",,18,"16,8","18,1","17,9","16,9","16,7",93.0,92.0,93.0,126.0,"3,3","1,2",
2026/03/10,0800 UTC,",4","926,9",927,"926,9",,"18,1",17,"18,1",18,17,"16,8",93.0,93.0,93.0,137.0,"3,3","1,4",
2026/03/10,0900 UTC,",2","927,5","927,5","926,9",,"18,2","17,1","18,2","18,1","17,1",17,93.0,93.0,93.0,127.0,"3,5","1,8",
2026/03/10,1000 UTC,",2","928,1","928,1","927,5","28,8","18,4","17,2","18,4","18,2","17,2","17,1",93.0,93.0,93.0,120.0,"3,5",1,
2026/03/10,1100 UTC,",2","928,6","928,6","928,1","287,1","18,9","17,6","18,9","18,3","17,7","17,2",93.0,93.0,93.0,121.0,"4,2","2,1",
2026/03/10,1200 UTC,0,929,929,"928,6",465,"19,7","18,1","19,7","18,9","18,2","17,7",93.0,91.0,91.0,135.0,"4,7","1,5",
2026/03/10,1300 UTC,0,929,"929,1",929,"747,4","20,3","17,7","20,7","19,7","18,5","17,5",91.0,84.0,85.0,119.0,"5,1",2,
2026/03/10,1400 UTC,0,929,"929,1","928,9","465,9","20,1","17,8","20,5","20,1",18,"17,5",87.0,84.0,86.0,121.0,"5,2","1,3",
2026/03/10,1500 UTC,6,"928,7",929,"928,7","447,1","19,7","18,2","20,1","19,4","18,4","17,5",91.0,86.0,91.0,113.0,"4,4","1,5",
2026/03/10,1600 UTC,"9,4","928,1","928,7","928,1","552,4",20,"18,7","20,2","19,5","18,9","18,1",93.0,91.0,92.0,127.0,"3,9",",8",
2026/03/10,1700 UTC,",6","927,5","928,1","927,5","754,8","20,6","19,2",21,20,"19,7","18,6",93.0,92.0,92.0,158.0,3,"1,2",
2026/03/10,1800 UTC,",2","926,9","927,5","926,9",970,"21,8","19,9","21,9","20,6","20,1","19,2",92.0,89.0,89.0,157.0,"2,9","1,1",
2026/03/10,1900 UTC,0,"926,5","926,9","926,5",911,"21,6","18,6","22,5","21,6","20,3","18,5",89.0,82.0,83.0,144.0,"3,7",2,
2026/03/10,2000 UTC,",4","926,4","926,5","926,4","164,5","20,8","18,8","21,6","20,8","18,9","18,5",88.0,83.0,88.0,189.0,"3,7","1,3",
2026/03/10,2100 UTC,0,"926,5","926,5","926,4","71,9","20,4","18,4","20,8","20,4","18,8","18,4",89.0,88.0,89.0,208.0,"4,4","1,6",
2026/03/10,2200 UTC,0,"926,8","926,8","926,5","9,7","20,2","18,3","20,4","20,1","18,4","18,2",89.0,88.0,89.0,185.0,"4,4","1,2",
2026/03/10,2300 UTC,0,927,927,"926,7",,20,18,"20,2",20,"18,3",18,89.0,88.0,88.0,143.0,"3,8","1,8",
2026/03/11,0000 UTC,0,"927,5","927,5",927,,"19,8","17,8",20,"19,8",18,"17,8",89.0,88.0,88.0,143.0,"4,6","2,2",
2026/03/11,0100 UTC,0,"927,6","927,6","927,5",,"19,3","17,4","19,9","19,3","17,8","17,4",89.0,88.0,89.0,158.0,5,"1,4",
2026/03/11,0200 UTC,0,"927,5","927,5","927,4",,"19,4","17,4","19,5","19,3","17,6","17,4",89.0,88.0,88.0,147.0,"4,5","1,8",
2026/03/11,0300 UTC,0,"927,1","927,5","927,1",,"19,1","17,3","19,4","19,1","17,5","17,3",89.0,88.0,89.0,157.0,"5,6","1,6",
2026/03/11,0400 UTC,",2","926,7","927,1","926,7",,"18,9","17,4","19,1","18,9","17,4","17,3",91.0,89.0,91.0,158.0,"3,7",",9",
2026/03/11,0500 UTC,0,"926,2","926,7","926,1",,"18,7","17,3",19,"18,7","17,4","17,2",91.0,90.0,91.0,168.0,"2,8",",9",
2026/03/11,0600 UTC,0,"925,8","926,2","925,8",,"18,7","17,4","18,7","18,6","17,4","17,2",92.0,91.0,92.0,159.0,"2,5",",8",
2026/03/11,0700 UTC,",2","925,6","925,8","925,6",,"18,7","17,4","18,7","18,6","17,4","17,3",92.0,92.0,92.0,135.0,"2,3",",9",
2026/03/11,0800 UTC,0,"925,9","925,9","925,6",,"18,8","17,5","18,8","18,7","17,5","17,3",92.0,92.0,92.0,167.0,"2,6",",7",
2026/03/11,0900 UTC,0,"926,2","926,2","925,9",,"18,7","17,4","18,9","18,7","17,5","17,4",92.0,92.0,92.0,128.0,"2,3",",7",
2026/03/11,1000 UTC,0,"926,7","926,7","926,1","30,1","18,8","17,6","18,8","18,7","17,6","17,4",93.0,92.0,93.0,135.0,"3,9",1,
2026/03/11,1100 UTC,0,"927,2","927,2","926,6","133,8","19,2","17,9","19,2","18,8","17,9","17,6",93.0,92.0,92.0,141.0,"4,4","1,8",
2026/03/11,1200 UTC,0,"927,4","927,4","927,2","253,6","19,6","18,2","19,7","19,2","18,3","17,8",92.0,91.0,91.0,142.0,"4,1","1,8",
2026/03/11,1300 UTC,0,"927,2","927,4","927,2","589,3","20,6","18,6","20,6","19,7","18,8","18,2",91.0,87.0,88.0,117.0,"4,3","2,1",
2026/03/11,1400 UTC,",2","927,2","927,4","927,2","545,1","20,4","18,3",21,"20,3","18,7",18,88.0,85.0,88.0,112.0,"4,3",1,
2026/03/11,1500 UTC,"1,8","926,7","927,2","926,7","653,7","20,7","18,9","20,8","20,2","19,1",18,90.0,87.0,89.0,129.0,"2,8","1,1",
2026/03/11,1600 UTC,"1,4","926,2","926,7","926,2","1190,2","21,8","19,4","21,8","20,7","19,9","18,8",90.0,86.0,86.0,123.0,"2,6",",8",
2026/03/11,1700 UTC,",2","925,5","926,2","925,5",1060,"21,9","19,5","22,4","21,6","19,8","18,9",88.0,83.0,86.0,148.0,"2,3",",9",
2026/03/11,1800 UTC,",2","924,8","925,5","924,8","566,8","21,4","19,3",22,"21,3","19,8",19,88.0,86.0,88.0,143.0,"2,7","1,1",
2026/03/11,1900 UTC,0,"924,3","924,8","924,3","238,2","21,3","19,2","21,4","21,1","19,4",19,89.0,88.0,88.0,131.0,"2,8",",9",
2026/03/11,2000 UTC,0,924,"924,3","923,9","370,8","21,5","18,6","21,6","21,2","19,2","18,6",88.0,83.0,83.0,140.0,"3,3","1,7",
2026/03/11,2100 UTC,0,924,924,"923,9","211,4",21,"18,5","21,7",21,"18,9","18,4",86.0,83.0,86.0,150.0,"5,7","1,7",
2026/03/11,2200 UTC,0,"924,2","924,2","923,9","9,9","20,6","18,3",21,"20,6","18,6","18,3",87.0,86.0,87.0,150.0,"5,7","2,2",
2026/03/11,2300 UTC,0,"924,8","924,8","924,2",,"20,3","18,3","20,6","20,3","18,3","18,1",88.0,87.0,88.0,151.0,"5,8",2,
2026/03/12,0000 UTC,0,"925,2","925,2","924,8",,"20,3","18,3","20,3","20,3","18,3","18,2",89.0,88.0,88.0,138.0,"4,9","2,3",
2026/03/12,0100 UTC,0,"925,4","925,6","925,2",,"20,1","18,1","20,3","20,1","18,3","18,1",89.0,88.0,88.0,142.0,"5,1","2,5",
2026/03/12,0200 UTC,0,"925,3","925,5","925,3",,20,"17,9","20,1",20,"18,1","17,9",88.0,87.0,87.0,133.0,"6,3","2,5",
2026/03/12,0300 UTC,0,"924,9","925,4","924,9",,"19,8","17,8",20,"19,8","17,9","17,7",88.0,87.0,88.0,140.0,"6,3","2,1",
2026/03/12,0400 UTC,0,"924,8",925,"924,8",,"19,5","17,8","19,8","19,5","17,8","17,7",90.0,88.0,90.0,144.0,"4,7","1,5",
2026/03/12,0500 UTC,2,"924,3","924,8","924,3",,"19,2","17,9","19,5","19,2","17,9","17,8",92.0,90.0,92.0,132.0,"3,5","1,7",
2026/03/12,0600 UTC,2,"923,7","924,3","923,7",,"19,2",18,"19,2","19,1",18,"17,9",93.0,92.0,93.0,128.0,"3,4","1,1",
2026/03/12,0700 UTC,"1,6","923,3","923,7","923,3",,"19,1",18,"19,2","19,1",18,18,94.0,93.0,94.0,131.0,"4,6","1,2",
2026/03/12,0800 UTC,1,"923,3","923,3","923,2",,"19,1","18,1","19,2","19,1","18,1",18,94.0,93.0,94.0,127.0,"3,9","1,4",
2026/03/12,0900 UTC,"1,8","923,5","923,5","923,3",,"19,2","18,2","19,2","19,1","18,2","18,1",94.0,94.0,94.0,114.0,"3,2",1,
2026/03/12,1000 UTC,"7,4","923,7","923,7","923,4","18,6","19,1","18,2","19,2","19,1","18,2","18,1",94.0,94.0,94.0,119.0,4,"1,4",
2026/03/12,1100 UTC,"5,2","924,3","924,3","923,7","85,7","19,4","18,6","19,5","19,1","18,6","18,1",95.0,94.0,95.0,56.0,4,",5",
2026/03/12,1200 UTC,"2,2","924,4","924,5","924,3","145,2","19,7","18,7","19,8","19,4","18,8","18,5",95.0,94.0,94.0,63.0,"2,6",1,
2026/03/12,1300 UTC,2,"923,9","924,5","923,9",286,20,"18,3",20,"19,7","18,7","18,3",94.0,90.0,90.0,25.0,"7,7","2,8",
2026/03/12,1400 UTC,"2,2","923,7","923,9","923,7","377,5",20,18,"20,1","19,9","18,3",18,90.0,88.0,89.0,17.0,"7,8","2,6",
2026/03/12,1500 UTC,",8",923,"923,8",923,"882,8","21,1","17,9","21,1",20,"18,3","17,9",89.0,81.0,82.0,1.0,"8,6","2,9",
2026/03/12,1600 UTC,0,"922,5",923,"922,5","486,5","20,7","17,4","21,2","20,7","17,9","17,4",83.0,80.0,81.0,345.0,"10,8","4,6",
2026/03/12,1700 UTC,",4","921,7","922,6","921,7","1187,1","21,4","17,9","21,4","20,7","18,2","17,4",85.0,80.0,81.0,355.0,"10,8","4,1",
2026/03/12,1800 UTC,0,"921,1","921,7","921,1","1206,1","21,4","17,7","22,3","21,4","18,6","17,5",81.0,77.0,79.0,339.0,9,4,
2026/03/12,1900 UTC,0,"920,5","921,1","920,5","700,4","21,9","18,1","21,9","21,4","18,3","17,6",82.0,79.0,79.0,342.0,8,2,
2026/03/12,2000 UTC,0,"920,3","920,5","920,3","626,8","21,5",18,"22,1","21,2","18,2","17,5",82.0,77.0,81.0,330.0,"8,9","2,3",
2026/03/12,2100 UTC,0,"920,6","920,7","920,3","194,1","21,4",18,"21,6","21,4","18,1","17,8",82.0,79.0,81.0,326.0,"5,5","1,8",
2026/03/12,2200 UTC,0,"920,9","920,9","920,6","10,9","20,8","18,4","21,4","20,7","18,4",18,86.0,81.0,86.0,341.0,"4,6","2,2",
2026/03/12,2300 UTC,0,"921,5","921,5","920,8",,"20,9","18,2",21,"20,8","18,4","18,2",86.0,85.0,85.0,342.0,"5,5","3,1",
2026/03/13,0000 UTC,"7,8","922,7","922,8","921,5",",5","18,6","17,2",21,"18,5","18,3",17,92.0,84.0,92.0,230.0,"8,5","1,7",
2026/03/13,0100 UTC,",4","922,8",923,"922,6",,"18,2","16,8","18,6","18,1","17,2","16,7",92.0,91.0,92.0,305.0,"3,8",",2",
2026/03/13,0200 UTC,0,"922,8","922,9","922,7",",2","18,2","16,7","18,3","18,1","16,9","16,7",92.0,91.0,91.0,216.0,"3,7","1,7",
2026/03/13,0300 UTC,",4","922,7","922,9","922,7",,"18,2","16,9","18,2",18,"16,9","16,6",92.0,91.0,92.0,334.0,3,",5",
2026/03/13,0400 UTC,",8","922,1","922,7",922,,"18,2","16,9","18,3","18,1","16,9","16,8",92.0,92.0,92.0,286.0,3,",4",
2026/03/13,0500 UTC,0,"921,4","922,1","921,4",,"18,3","17,1","18,3","18,1","17,1","16,9",93.0,92.0,93.0,246.0,"3,2","1,3",
2026/03/13,0600 UTC,0,"920,8","921,4","920,8",,"18,3","17,1","18,4","18,3","17,1",17,93.0,92.0,93.0,229.0,"3,4",",4",
2026/03/13,0700 UTC,0,"920,5","920,9","920,5",,"18,2",17,"18,4","18,2","17,2","16,9",93.0,92.0,92.0,211.0,"2,3",",2",
2026/03/13,0800 UTC,0,921,"921,2","920,5",,"18,1","16,8","18,2",18,17,"16,8",93.0,92.0,92.0,202.0,"1,6",",1",
2026/03/13,0900 UTC,0,"921,5","921,5","920,9",,"18,2",17,"18,2","18,1",17,"16,8",93.0,92.0,93.0,23.0,"1,2",0,
2026/03/13,1000 UTC,0,"921,9","921,9","921,5","54,9","18,7","17,3","18,7","18,2","17,3","17,1",93.0,92.0,92.0,253.0,2,",7",
2026/03/13,1100 UTC,"1,8","922,7","922,7","921,9","170,1","18,8","17,5","18,8","18,6","17,6","17,2",92.0,91.0,92.0,202.0,"1,7",",4",
2026/03/13,1200 UTC,0,"922,9","922,9","922,7","738,6","19,8","18,2","19,8","18,7","18,4","17,5",92.0,90.0,91.0,235.0,"2,4",1,
2026/03/13,1300 UTC,0,"923,1","923,1","922,8","942,9","20,1","17,4","20,8","19,8","18,6","17,4",91.0,83.0,84.0,257.0,"4,3","2,4",
2026/03/13,1400 UTC,0,"923,2","923,2","923,1","891,5","21,8","18,4","21,8","20,1","18,4","17,5",86.0,81.0,81.0,222.0,"4,5",",8",
2026/03/13,1500 UTC,0,"922,9","923,2","922,9","1936,2","23,2","17,5","23,4","21,4","18,9","16,8",81.0,70.0,71.0,255.0,"3,1","1,3",
2026/03/13,1600 UTC,0,"922,4","922,9","922,4","1740,5","23,3",18,"25,1","23,2","18,8",17,72.0,63.0,72.0,218.0,"5,8","2,6",
2026/03/13,1700 UTC,0,"921,9","922,4","921,9","783,9","22,7","17,9","23,3","22,2","18,5","17,7",77.0,72.0,75.0,214.0,"5,8","1,9",
2026/03/13,1800 UTC,0,"921,6","921,9","921,6","666,2","23,6",18,"23,6","22,6","18,1","17,4",75.0,69.0,70.0,235.0,"3,9","1,1",
2026/03/13,1900 UTC,0,"921,4","921,6","921,4","685,2","23,8","17,5","24,3","22,7","18,2","17,4",74.0,67.0,68.0,205.0,"5,4","2,2",
2026/03/13,2000 UTC,0,"921,6","921,6","921,4","762,4",23,"17,2","24,2",23,"17,6","16,8",70.0,66.0,70.0,192.0,"6,2","1,8",
2026/03/13,2100 UTC,0,922,922,"921,6","318,2","21,8","16,2","23,4","21,8","17,5","16,1",71.0,67.0,71.0,190.0,"6,1","2,1",
2026/03/13,2200 UTC,0,"922,4","922,4",922,"16,8","20,4","15,9","21,8","20,4","16,4","15,9",75.0,71.0,75.0,185.0,"5,5","1,3",
2026/03/13,2300 UTC,0,923,923,"922,4",,"19,8",16,"20,5","19,8","16,2","15,7",79.0,75.0,79.0,161.0,"4,1",",8",
2026/03/14,0000 UTC,0,"923,4","923,5",923,,"19,3","16,4","19,8","19,2","16,4","15,9",83.0,79.0,83.0,129.0,"3,7",",9",
2026/03/14,0100 UTC,0,"923,7","923,8","923,4",,"18,8","16,2","19,3","18,8","16,5","16,2",85.0,83.0,85.0,120.0,"2,5","1,2",
2026/03/14,0200 UTC,0,"923,5","923,7","923,4",,"18,4","16,2","18,8","18,3","16,3","15,9",87.0,85.0,87.0,129.0,"2,5",",9",
2026/03/14,0300 UTC,0,"923,1","923,5","923,1",,18,"16,2","18,5",18,"16,5","16,1",89.0,87.0,89.0,80.0,"3,1",",6",
2026/03/14,0400 UTC,",2","922,6","923,2","922,6",,"17,7","16,3","18,1","17,6","16,3","16,1",91.0,89.0,91.0,114.0,"2,1",",6",
2026/03/14,0500 UTC,0,"922,3","922,6","922,3",,"17,3","16,1","17,7","17,3","16,2",16,92.0,91.0,92.0,100.0,"1,8",0,
2026/03/14,0600 UTC,0,"921,9","922,3","921,8",,"17,1",16,"17,4","17,1","16,1","15,9",93.0,92.0,93.0,256.0,0,0,
2026/03/14,0700 UTC,0,922,922,"921,9",,"17,1","16,1","17,2",17,"16,1","15,9",93.0,93.0,93.0,51.0,"1,3",0,
2026/03/14,0800 UTC,0,"922,2","922,2",922,,"16,8","15,7","17,1","16,8",16,"15,6",93.0,93.0,93.0,351.0,"1,8",0,
2026/03/14,0900 UTC,0,"922,5","922,5","922,2",,"16,5","15,4",17,"16,5","15,9","15,3",93.0,93.0,93.0,52.0,"1,5",0,
2026/03/14,1000 UTC,0,"923,1","923,1","922,5",64,17,16,"17,1","16,3",16,"15,2",94.0,93.0,94.0,35.0,0,0,
2026/03/14,1100 UTC,0,"923,5","923,5","923,1","920,6","20,7","18,7","20,7",17,"18,7",16,94.0,88.0,88.0,55.0,",8",",2",
2026/03/14,1200 UTC,0,"923,9","923,9","923,5","1835,6","22,9","17,4",23,20,"18,6","16,2",88.0,71.0,71.0,228.0,"2,2",",4",
2026/03/14,1300 UTC,0,"923,8",924,"923,8","2590,9","24,5","14,8",25,"21,9","17,6","13,9",73.0,52.0,55.0,138.0,"3,1",1,
2026/03/14,1400 UTC,0,"923,6","923,8","923,6","3195,4","25,8","12,5","26,7","24,6","16,5","12,4",57.0,43.0,44.0,106.0,"3,2",",9",
2026/03/14,1500 UTC,0,"923,2","923,7","923,2","3553,9","26,4","13,1","27,5","25,8","14,8","11,6",49.0,38.0,44.0,308.0,"3,4","1,4",
2026/03/14,1600 UTC,0,"922,6","923,2","922,6","3553,1","28,5","12,5","28,7","26,4","14,3","11,6",46.0,36.0,37.0,231.0,"5,2","1,4",
2026/03/14,1700 UTC,0,"922,1","922,7","922,1","3371,5","29,5","12,4","29,6",28,"13,7","10,7",40.0,32.0,35.0,225.0,"5,2","1,1",
2026/03/14,1800 UTC,0,"921,6","922,1","921,6","2789,4","29,7","10,8","30,1","28,5","13,8","10,6",38.0,31.0,31.0,283.0,4,"1,9",
2026/03/14,1900 UTC,0,921,"921,6",921,"1764,5",29,"10,6","30,6","27,9",12,"9,8",36.0,30.0,32.0,203.0,"3,8","1,3",
2026/03/14,2000 UTC,0,921,921,"920,8","954,3","26,9","16,6","29,3","26,8","16,9","10,2",54.0,31.0,53.0,208.0,5,"1,9",
2026/03/14,2100 UTC,0,"921,2","921,2",921,"331,3","24,8","17,3","26,9","24,8","17,4","16,3",63.0,53.0,63.0,168.0,"6,1","1,6",
2026/03/14,2200 UTC,0,"921,6","921,7","921,2",16,"22,9","17,4","24,8","22,9","17,5","17,2",71.0,63.0,71.0,171.0,"3,8",1,
2026/03/14,2300 UTC,0,"922,1","922,1","921,6",,"22,6","18,1",23,"22,4","18,2","17,4",76.0,71.0,76.0,149.0,"3,1","1,1",
2026/03/15,0000 UTC,0,923,923,"922,1",,22,"17,4","22,6","21,9","18,1","17,3",76.0,74.0,75.0,108.0,"2,9",1,
2026/03/15,0100 UTC,0,"923,7","923,7",923,,"21,6","18,2","22,1","21,5","18,2","17,5",81.0,75.0,81.0,91.0,"2,9",",8",
2026/03/15,0200 UTC,0,"923,9","923,9","923,6",,"20,8","18,2","21,7","20,8","18,5","18,2",85.0,81.0,85.0,144.0,3,",3",
2026/03/15,0300 UTC,0,"923,6",924,"923,6",,"20,5","18,2",21,"20,5","18,5","18,1",87.0,85.0,87.0,157.0,"1,5",",1",
2026/03/15,0400 UTC,0,923,"923,6",923,,"20,1","18,1","20,5","20,1","18,3","18,1",88.0,87.0,88.0,89.0,"2,1",",6",
2026/03/15,0500 UTC,0,"922,6",923,"922,6",,"19,5","17,5","20,2","19,5","18,2","17,5",89.0,87.0,88.0,119.0,"2,3",",3",
2026/03/15,0600 UTC,0,"922,3","922,6","922,3",,"19,2","17,1","19,6","19,2","17,6",17,88.0,87.0,87.0,95.0,"2,3",1,
2026/03/15,0700 UTC,0,"922,1","922,4",922,,"18,7","16,8","19,3","18,7",17,"16,8",88.0,87.0,88.0,113.0,"3,7",",9",
2026/03/15,0800 UTC,",2","922,3","922,5",922,,"18,2","16,5","18,8","18,2","16,8","16,4",90.0,88.0,90.0,87.0,"2,8",",3",
2026/03/15,0900 UTC,0,"923,1","923,1","922,3",,18,"16,3","18,3",18,"16,5","16,3",90.0,89.0,90.0,97.0,"2,2",",9",
2026/03/15,1000 UTC,0,"923,7","923,7","923,1","83,5","17,7","16,5",18,"17,5","16,5","16,1",93.0,90.0,93.0,121.0,"2,5",1,
2026/03/15,1100 UTC,0,924,924,"923,7","764,9","20,3","17,7","20,3","17,6","17,7","16,4",93.0,85.0,85.0,118.0,"3,4","1,8",
2026/03/15,1200 UTC,0,"924,3","924,4",924,"1794,5","23,1","16,7","23,1","20,2",18,"15,9",85.0,66.0,67.0,120.0,"3,4","1,4",
2026/03/15,1300 UTC,0,"924,4","924,5","924,3","2398,4","25,2","16,7","25,6","22,7","17,7",16,68.0,58.0,59.0,139.0,3,",8",
2026/03/15,1400 UTC,0,"923,9","924,4","923,9","2908,4","26,7","16,4",28,"24,8","17,6","15,3",61.0,48.0,53.0,91.0,"3,4","1,2",
2026/03/15,1500 UTC,0,"923,7",924,"923,7","2964,3","29,2","15,1","29,4","26,7","17,3","13,9",55.0,40.0,42.0,309.0,"5,1",2,
2026/03/15,1600 UTC,0,"923,2","923,7","923,1","2462,2","29,6","14,5","29,9","27,7","15,6","13,7",47.0,39.0,40.0,320.0,"6,1","2,6",
2026/03/15,1700 UTC,0,"922,4","923,2","922,4","2914,7","30,1",14,"30,6","28,6","15,2","11,8",43.0,34.0,38.0,3.0,8,"3,1",
2026/03/15,1800 UTC,0,"922,2","922,4",922,"1544,1","26,9","15,8","30,5","26,9","15,8",13,51.0,36.0,51.0,238.0,"8,9","2,9",
2026/03/15,1900 UTC,0,"921,9","922,3","921,9",1576,"28,3","16,3","28,4","26,3","17,9",16,57.0,47.0,48.0,217.0,"8,9","2,6",
2026/03/15,2000 UTC,0,"922,3","922,3","921,9","877,7",27,"15,6","28,6","26,7","16,6","15,6",52.0,46.0,50.0,211.0,"5,7","1,1",
2026/03/15,2100 UTC,0,"922,6","922,6","922,3","194,4","26,8","15,3","27,1","26,8","16,1","14,9",52.0,47.0,49.0,135.0,"3,2","1,3",
2026/03/15,2200 UTC,0,923,923,"922,5","9,6","25,1","17,6","26,8",25,"17,7","15,3",64.0,49.0,63.0,99.0,"3,8","1,3",
2026/03/15,2300 UTC,0,"923,5","923,5",923,,"24,2",17,"25,1","24,1","17,6",17,65.0,63.0,64.0,121.0,"4,4","1,2",
2026/03/16,0000 UTC,0,"924,4","924,4","923,5",,"23,4","16,9","24,2","23,4","17,1","16,7",67.0,64.0,67.0,89.0,"3,5",",4",
2026/03/16,0100 UTC,0,"924,9","924,9","924,4",,"23,3","16,6","23,7","23,1","17,1","16,6",69.0,65.0,66.0,84.0,"2,9",1,
2026/03/16,0200 UTC,0,925,"925,1","924,9",,"22,1","16,6","23,3","22,1",17,"16,5",71.0,66.0,71.0,118.0,"2,6",",9",
2026/03/16,0300 UTC,,,,,,,,,,,,,,,,,,
2026/03/16,0400 UTC,0,"924,4","924,7","924,4",,"20,5","16,9","21,2","20,5","17,1","16,7",80.0,76.0,80.0,91.0,"1,6",0,
2026/03/16,0500 UTC,0,"924,2","924,4","924,2",,20,"16,8","20,5",20,"17,1","16,8",82.0,80.0,82.0,136.0,0,0,
2026/03/16,0600 UTC,0,"924,1","924,2","923,9",,"19,6","16,5","20,2","19,5",17,"16,4",83.0,81.0,83.0,46.0,"1,2",0,
2026/03/16,0700 UTC,0,924,"924,1","923,8",,"19,5","16,5","19,8","19,5","16,7","16,5",83.0,82.0,83.0,93.0,",9",0,
2026/03/16,0800 UTC,0,"924,2","924,3",924,,"19,1","16,6","19,5","19,1","16,9","16,4",86.0,83.0,85.0,82.0,0,0,
2026/03/16,0900 UTC,0,"924,7","924,8","924,2",,"18,8","16,5","19,1","18,8","16,9","16,5",87.0,85.0,87.0,127.0,0,0,
2026/03/16,1000 UTC,0,"925,3","925,3","924,7","67,5","19,8","17,2","19,9","18,6","17,5","16,5",89.0,85.0,85.0,114.0,"1,8",",4",
2026/03/16,1100 UTC,0,"925,8","925,8","925,3","901,8","23,8","17,4","23,9","19,8","18,5","17,1",86.0,67.0,68.0,122.0,"2,7",",7",
2026/03/16,1200 UTC,0,926,926,"925,8","1816,7","25,6","17,1","25,6","23,6",18,"16,5",69.0,59.0,59.0,126.0,"3,6","1,6",
2026/03/16,1300 UTC,0,"926,1","926,2",926,"2583,6",28,"15,8",28,"25,6","17,8","15,7",60.0,48.0,48.0,103.0,"3,8","1,3",
2026/03/16,1400 UTC,0,"925,8","926,1","925,8","3208,4","29,6","11,5","29,9","27,9","16,6","11,5",50.0,33.0,33.0,104.0,"5,2","1,4",
2026/03/16,1500 UTC,0,"925,1","925,8","925,1","3450,8","30,4","10,8",31,"29,1",12,"7,5",35.0,23.0,30.0,161.0,"4,1",1,
2026/03/16,1600 UTC,0,"924,5","925,1","924,5","3531,5","30,5","7,3","31,1","29,9","11,2","7,3",31.0,23.0,24.0,28.0,"3,3",",9",
2026/03/16,1700 UTC,0,"923,8","924,5","923,8","3468,7",32,"8,2","32,6","30,4",10,"7,2",27.0,22.0,23.0,155.0,"4,8","1,9",
2026/03/16,1800 UTC,0,"923,2","923,8","923,2","2912,4","32,7","8,5","32,8","31,4","10,7","6,1",27.0,19.0,22.0,91.0,"4,8",",8",
2026/03/16,1900 UTC,0,"922,8","923,2","922,7","1933,1","30,8","15,6","32,7","30,6","15,6","7,6",40.0,21.0,40.0,189.0,"6,7","2,2",
2026/03/16,2000 UTC,0,"922,7","922,8","922,7","1181,8","29,2","15,8","31,2","29,2",16,"14,5",44.0,38.0,44.0,180.0,"6,5","1,9",
2026/03/16,2100 UTC,0,923,923,"922,6","384,3","26,4","15,9","29,4","26,4","16,2","15,3",53.0,43.0,53.0,190.0,"6,4","2,4",
2026/03/16,2200 UTC,0,"924,1","924,1",923,"9,1","24,2",17,"26,4","24,2",17,"15,9",64.0,53.0,64.0,198.0,"6,2",2,
2026/03/16,2300 UTC,0,"925,1","925,1","924,1",,"23,1","17,5","24,2","23,1","17,6",17,71.0,64.0,70.0,188.0,"4,4","1,4",
2026/03/17,0000 UTC,0,"925,9","925,9","925,1",,"22,6",17,"23,2","22,6","17,6","16,9",72.0,69.0,71.0,160.0,"3,9","1,1",
2026/03/17,0100 UTC,0,"926,2","926,2","925,9",,"22,3","17,2","22,6","22,2","17,3",17,73.0,71.0,73.0,128.0,"4,1","1,6",
2026/03/17,0200 UTC,0,"926,2","926,4","926,2",,"21,6","17,6","22,3","21,6","17,6",17,78.0,73.0,78.0,133.0,"4,6","2,2",
2026/03/17,0300 UTC,0,"925,7","926,2","925,7",,"21,1","17,8","21,6","21,1","17,8","17,6",81.0,78.0,81.0,140.0,"4,6","1,4",
2026/03/17,0400 UTC,0,"925,1","925,7","925,1",,"20,8","17,6","21,1","20,8","17,8","17,6",82.0,81.0,82.0,123.0,"3,4","1,2",
2026/03/17,0500 UTC,0,"924,5","925,1","924,4",,"20,3","17,2","20,9","20,2","17,6","17,2",84.0,81.0,82.0,117.0,"4,8","1,2",
2026/03/17,0600 UTC,0,"924,1","924,5","924,1",,20,"15,9","20,4",20,"17,1","15,9",82.0,77.0,77.0,124.0,"4,8","1,6",
2026/03/17,0700 UTC,0,"924,1","924,2","923,9",,"19,4","15,8",20,"19,4",16,"15,7",80.0,77.0,80.0,147.0,"4,6","1,3",
2026/03/17,0800 UTC,0,"924,4","924,4","924,1",,19,"15,7","19,5",19,16,"15,7",81.0,80.0,81.0,129.0,"3,7","1,4",
2026/03/17,0900 UTC,0,"924,8","924,8","924,4",,"18,4","15,7",19,"18,4","15,9","15,6",85.0,81.0,85.0,132.0,"2,8",",7",
2026/03/17,1000 UTC,0,"925,3","925,3","924,8","70,5","19,2","16,4","19,2","18,2","16,5","15,6",86.0,84.0,84.0,113.0,"2,9","1,2",
2026/03/17,1100 UTC,0,"925,9","925,9","925,3",870,"22,2","16,5","22,4","19,2","17,3","16,4",84.0,70.0,70.0,126.0,"4,5","1,9",
2026/03/17,1200 UTC,0,"926,5","926,5","925,9","1784,1","25,4","16,6","25,5","22,2","17,7","16,3",71.0,58.0,58.0,128.0,"5,1","1,2",
2026/03/17,1300 UTC,0,"926,3","926,6","926,3","2547,4","26,9","16,3","26,9","24,9","17,4","15,6",61.0,51.0,52.0,123.0,"5,3","1,6",
2026/03/17,1400 UTC,0,926,"926,3",926,"3159,7","28,6","16,6",29,"26,9","16,7","14,9",52.0,44.0,48.0,135.0,"5,6","1,3",
2026/03/17,1500 UTC,0,"925,2",926,"925,2","3434,6","29,1","15,7","30,1","27,9",17,"14,6",50.0,40.0,44.0,7.0,"4,9","1,6",
2026/03/17,1600 UTC,0,"924,2","925,2","924,2","2047,4","29,2","15,7","29,9","28,7","17,2",15,48.0,41.0,44.0,148.0,"3,5","1,4",
2026/03/17,1700 UTC,0,"923,3","924,1","923,3","1737,2","31,1","14,9","31,5","28,6","16,5","14,1",45.0,35.0,37.0,191.0,"3,1",1,
2026/03/17,1800 UTC,0,"922,6","923,3","922,6","1614,7","30,1","13,1","31,4","29,6","15,3","12,4",39.0,33.0,35.0,236.0,"4,6","1,5",
2026/03/17,1900 UTC,0,"922,1","922,6","922,1","823,1","28,4",18,"30,1","28,4","18,4","13,2",53.0,35.0,53.0,196.0,"6,6","2,3",
2026/03/17,2000 UTC,0,"922,7","922,7",922,"821,3","27,1","18,4","28,4",27,"18,9","17,8",60.0,53.0,59.0,227.0,"6,9","2,5",
2026/03/17,2100 UTC,0,923,923,"922,7",422,"24,7","18,1","27,1","24,7","18,6","18,1",67.0,59.0,67.0,219.0,6,2,
2026/03/17,2200 UTC,0,924,924,923,"4,9","23,2","17,4","24,7","23,2","18,2","17,2",70.0,64.0,70.0,217.0,"4,6",2,
2026/03/17,2300 UTC,0,"924,6","924,7",924,,"22,3","17,1","23,2","22,2","17,4",17,73.0,70.0,73.0,178.0,"5,2","1,3",
2026/03/18,0000 UTC,0,"925,3","925,3","924,6",,"22,1","17,1","22,4",22,"17,2","16,9",74.0,72.0,74.0,137.0,"3,7","1,1",
2026/03/18,0100 UTC,0,"925,5","925,6","925,3",,"21,9","16,9","22,1","21,7","17,2","16,8",75.0,73.0,73.0,149.0,"2,3",",9",
2026/03/18,0200 UTC,0,"925,6","925,7","925,4",,"21,6","16,6","21,9","21,6","16,9","16,6",74.0,73.0,73.0,141.0,"2,6",1,
2026/03/18,0300 UTC,0,"925,4","925,6","925,4",,"21,5","16,7","21,7","21,1","16,8","16,5",76.0,73.0,75.0,152.0,"2,3",",8",
2026/03/18,0400 UTC,0,"924,5","925,4","924,5",,"20,8","16,9","21,5","20,8",17,"16,7",78.0,74.0,78.0,146.0,"2,7",",5",
2026/03/18,0500 UTC,0,"923,9","924,5","923,9",,"20,6","17,1",21,"20,6","17,3","16,9",81.0,78.0,80.0,128.0,"2,3",",8",
2026/03/18,0600 UTC,0,"923,6","923,9","923,6",,"20,5","17,5","20,7","20,3","17,5","17,1",83.0,80.0,83.0,131.0,"2,3","1,2",
2026/03/18,0700 UTC,0,"923,7","923,7","923,5",,"20,2","17,5","20,5","20,1","17,6","17,3",85.0,83.0,84.0,125.0,"3,2",1,
2026/03/18,0800 UTC,0,"923,9",924,"923,7",,"19,8","17,2","20,2","19,6","17,5",17,85.0,84.0,85.0,80.0,"2,6",0,
2026/03/18,0900 UTC,0,"924,1","924,1","923,9",,"19,8","17,4","19,9","19,6","17,6","17,1",87.0,85.0,86.0,153.0,0,0,
2026/03/18,1000 UTC,0,"924,5","924,6","924,1","91,1","20,5","17,2","20,5","19,6","17,3",17,86.0,81.0,81.0,118.0,"1,7",",2",
2026/03/18,1100 UTC,0,"924,7","924,7","924,5","814,6","23,2","17,2","23,8","20,5","18,3","17,1",81.0,68.0,69.0,77.0,"2,4",",5",
2026/03/18,1200 UTC,0,"924,9",925,"924,7","1676,2","25,5","17,3",26,"23,1","18,5","17,3",72.0,61.0,61.0,107.0,"2,9","1,2",
2026/03/18,1300 UTC,0,"924,6","924,9","924,6","2375,3","26,8","18,1","27,7","25,1","18,9","17,2",63.0,55.0,59.0,146.0,"3,5","1,2",
2026/03/18,1400 UTC,0,"924,1","924,6","924,1","3041,1","28,8","17,9",29,"26,6","19,1","17,4",61.0,51.0,52.0,105.0,"4,1","1,5",
2026/03/18,1500 UTC,0,"923,3","924,1","923,3","1568,6","28,1","18,3",29,"27,3","19,3",17,58.0,51.0,55.0,356.0,"5,2","2,5",
2026/03/18,1600 UTC,0,"922,5","923,3","922,5","2237,5","30,4","17,8","30,4","28,1","18,6","17,2",56.0,47.0,47.0,24.0,"4,7",",6",
2026/03/18,1700 UTC,0,"921,7","922,5","921,6","1673,7","29,6","16,5","30,5","29,3","17,5","15,9",48.0,43.0,46.0,150.0,"4,9",",3",
2026/03/18,1800 UTC,"2,4","921,3","921,7","921,3","458,5","23,9","19,9","29,6","23,9","19,9","16,5",79.0,45.0,79.0,195.0,"7,5","2,9",
2026/03/18,1900 UTC,",4","920,8","921,3","920,7","351,6",24,"20,1","24,2","23,6","20,8","19,7",82.0,78.0,79.0,74.0,"7,5",0,
2026/03/18,2000 UTC,0,921,921,"920,7","165,4","23,9","19,1","24,4","23,6","20,2","18,8",80.0,71.0,75.0,304.0,"3,6",",1",
2026/03/18,2100 UTC,0,"921,4","921,4","920,7","84,7","23,3","19,9",24,"23,3",20,19,81.0,74.0,81.0,224.0,"4,9","2,5",
2026/03/18,2200 UTC,0,"922,5","922,5","921,4",,"22,3","19,2","23,3","22,3",20,"19,2",83.0,81.0,83.0,217.0,"5,8","2,1",
2026/03/18,2300 UTC,0,"922,9","922,9","922,3",,"22,2","18,8","22,4","22,1","19,3","18,8",83.0,81.0,81.0,217.0,"4,6","1,5",
2026/03/19,0000 UTC,0,"923,5","923,6","922,9",,"22,2","18,4","22,2","22,1","18,9","18,3",82.0,79.0,79.0,162.0,"3,4",1,
2026/03/19,0100 UTC,0,"923,7","923,8","923,5",,"22,1",18,"22,2","22,1","18,4",18,79.0,77.0,78.0,178.0,"2,8",",9",
2026/03/19,0200 UTC,0,"923,3","923,7","923,3",,"21,9","17,7","22,2","21,9","18,1","17,7",78.0,77.0,77.0,144.0,"2,8",1,
2026/03/19,0300 UTC,0,923,"923,3","922,9",,"21,7","18,1",22,"21,7","18,1","17,7",80.0,77.0,80.0,123.0,"3,1","1,3",
2026/03/19,0400 UTC,0,"922,7",923,"922,6",,"21,5",18,"21,7","21,4","18,1","17,9",81.0,80.0,80.0,74.0,"3,1",1,
2026/03/19,0500 UTC,0,"922,2","922,7","922,2",,"21,1","18,2","21,6",21,"18,3",18,84.0,80.0,84.0,125.0,"2,8",",6",
2026/03/19,0600 UTC,0,"921,5","922,2","921,5",,"21,2","18,2","21,3","21,1","18,2","18,1",84.0,82.0,83.0,176.0,"2,2",",2",
2026/03/19,0700 UTC,0,"921,3","921,5","921,3",,"21,1","18,3","21,3","21,1","18,4","18,2",84.0,83.0,84.0,160.0,"2,5",",6",
2026/03/19,0800 UTC,0,"921,3","921,3","921,2",,"21,2","18,3","21,2","21,1","18,4","18,2",84.0,83.0,84.0,139.0,"1,9",",8",
2026/03/19,0900 UTC,",2","921,7","921,7","921,3",,"20,8","18,7","21,2","20,8","18,7","18,2",87.0,84.0,87.0,119.0,"1,9",",6",
2026/03/19,1000 UTC,0,"922,1","922,1","921,7","31,7","21,2","19,4","21,2","20,7","19,4","18,7",90.0,87.0,89.0,55.0,"1,3",",3",
2026/03/19,1100 UTC,",2","922,4","922,4","922,1","155,1","21,4","19,5","21,4","21,1","19,6","19,2",90.0,89.0,89.0,141.0,"1,3",",6",
2026/03/19,1200 UTC,",2","922,7","922,7","922,4",413,"22,1",20,"22,1","21,3","20,1","19,4",90.0,88.0,88.0,118.0,"2,1",",7",
2026/03/19,1300 UTC,0,"922,5","922,8","922,5","1047,5","24,1","19,4","24,3",22,"20,5","19,4",88.0,75.0,75.0,125.0,"2,6",",8",
2026/03/19,1400 UTC,0,"922,3","922,5","922,3","1598,1","25,6","19,5","25,6","23,9","20,4","18,5",76.0,68.0,69.0,95.0,"2,4",",6",
2026/03/19,1500 UTC,0,"921,6","922,3","921,6","1132,4","24,7","19,5","26,3","24,7","19,7","18,4",73.0,64.0,73.0,119.0,"3,2",1,
2026/03/19,1600 UTC,"8,8","921,1","921,8","921,1",440,"22,1","20,6","24,7","20,5","20,6","18,1",91.0,73.0,91.0,172.0,"6,1","1,2",
2026/03/19,1700 UTC,0,"920,4","921,1","920,4","2535,5","25,6","18,2","25,8","22,1",22,"17,8",92.0,62.0,63.0,171.0,4,"1,6",
2026/03/19,1800 UTC,0,"919,7","920,4","919,7","2074,6","25,9","19,2","27,2",25,"19,4","17,1",69.0,57.0,66.0,195.0,"5,8","2,3",
2026/03/19,1900 UTC,0,"919,9","919,9","919,6","655,8","22,5","17,7","26,2","22,5","19,4","17,7",74.0,64.0,74.0,208.0,"8,1",4,
2026/03/19,2000 UTC,",8","919,9","920,1","919,8",45,"21,2","18,9","22,5","21,1","18,9","17,5",87.0,74.0,87.0,162.0,"8,1","1,3",
2026/03/19,2100 UTC,"4,4","920,3","920,5","919,9","18,4","20,8","19,3","21,2","20,7","19,3","18,9",91.0,87.0,91.0,125.0,4,"1,7",
2026/03/19,2200 UTC,",6","920,9",921,"920,3",2,"20,1","18,4","20,8","20,1","19,3","18,4",91.0,90.0,90.0,157.0,"4,6","1,6",
2026/03/19,2300 UTC,0,"921,2","921,4","920,6",,"20,5","18,9","20,5","20,1","18,9","18,4",90.0,90.0,90.0,144.0,"5,3","1,2",
2026/03/20,0000 UTC,0,"921,7","921,8","921,2",,"19,7","17,8","20,5","19,7","18,9","17,8",91.0,89.0,89.0,137.0,"5,8","2,7",
2026/03/20,0100 UTC,0,"921,8",922,"921,7",,"19,6","17,5","19,7","19,6","17,8","17,5",89.0,87.0,87.0,123.0,"5,9","1,6",
2026/03/20,0200 UTC,0,922,"922,3","921,8",,"19,7","17,5","19,7","19,5","17,6","17,3",88.0,87.0,87.0,133.0,"6,4","2,2",
2026/03/20,0300 UTC,0,922,922,"921,7",0,"19,9","17,6","19,9","19,7","17,6","17,5",87.0,87.0,87.0,142.0,"7,7","2,1",
2026/03/20,0400 UTC,0,"921,6","922,1","921,6",,20,"17,6",20,"19,9","17,7","17,5",87.0,86.0,86.0,120.0,6,"1,6",
2026/03/20,0500 UTC,0,"921,2","921,6","921,2",,"19,9","17,3",20,"19,8","17,6","17,3",87.0,85.0,85.0,129.0,6,"1,6",
2026/03/20,0600 UTC,0,"920,9","921,3","920,9",,"19,2","16,3",20,"19,2","17,4","16,2",85.0,82.0,83.0,126.0,"5,1",2,
2026/03/20,0700 UTC,0,"920,6","920,9","920,6",,"18,8",16,"19,3","18,8","16,5",16,84.0,82.0,84.0,99.0,5,"1,6",
2026/03/20,0800 UTC,0,921,921,"920,6",,"18,4",16,"18,8","18,3",16,"15,7",86.0,84.0,86.0,130.0,"4,2",1,
2026/03/20,0900 UTC,0,"921,7","921,8",921,,"18,3","16,1","18,5","18,2","16,1","15,9",87.0,85.0,87.0,127.0,"3,7","1,6",
2026/03/20,1000 UTC,0,"922,1","922,1","921,8","49,8","18,4","16,3","18,4","18,1","16,4","15,9",88.0,87.0,88.0,139.0,"3,9","1,3",
2026/03/20,1100 UTC,0,"922,9","922,9","922,1","278,2","18,9","16,5",19,"18,4","16,8","16,2",88.0,86.0,86.0,137.0,"4,1","1,5",
2026/03/20,1200 UTC,0,"923,4","923,4","922,9",859,"20,8","16,9","20,9","18,9","17,4","16,3",87.0,77.0,78.0,128.0,"3,4","1,7",
2026/03/20,1300 UTC,0,"923,5","923,5","923,2",2335,"23,7","17,4","23,7","20,8","17,6","16,1",79.0,66.0,68.0,100.0,4,"1,4",
2026/03/20,1400 UTC,0,"923,5","923,6","923,4","2212,6","24,4",17,"25,2","23,1","18,1","16,4",69.0,62.0,63.0,169.0,"4,8","1,4",
2026/03/20,1500 UTC,0,"923,2","923,5","923,2","1069,9","24,4","17,2","24,8","23,8","17,5","16,5",66.0,62.0,64.0,180.0,"4,7","1,7",
2026/03/20,1600 UTC,0,"922,5","923,2","922,5","1790,4","25,8","16,7","26,2","24,4","17,6","16,5",64.0,57.0,57.0,168.0,"4,7","1,2",
2026/03/20,1700 UTC,0,922,"922,5",922,"1852,4",26,"16,4","26,7","25,6","17,7","16,1",60.0,53.0,55.0,221.0,"5,5","2,2",
2026/03/20,1800 UTC,0,"921,6",922,"921,6","2383,6","26,8","15,5","27,3","25,5",17,"15,4",58.0,49.0,50.0,214.0,7,"3,1",
2026/03/20,1900 UTC,0,"921,1","921,6","921,1","1789,3","26,8","15,5","27,8","25,5","16,5","15,1",55.0,47.0,50.0,198.0,"7,1","1,9",
2026/03/20,2000 UTC,0,"921,2","921,3",921,"1120,4","26,3","15,5","26,9","25,4","16,5",15,55.0,50.0,52.0,182.0,"5,8","1,6",
2026/03/20,2100 UTC,0,"921,7","921,7","921,2",419,"23,2",16,"26,3","23,2","16,1","14,7",64.0,50.0,64.0,181.0,"7,9","1,8",
2026/03/20,2200 UTC,0,"922,7","922,7","921,7","6,3","21,7","16,3","23,2","21,7","16,3","15,7",71.0,64.0,71.0,175.0,"4,9","1,6",
2026/03/20,2300 UTC,0,"923,2","923,2","922,6",,"21,1","16,3","21,7","21,1","16,5","16,2",75.0,71.0,74.0,161.0,"5,7","1,2",
2026/03/21,0000 UTC,0,"923,8","923,8","923,2",,"20,8","16,3","21,1","20,8","16,4","16,1",76.0,74.0,76.0,164.0,"4,1","1,3",
2026/03/21,0100 UTC,0,"924,1","924,2","923,8",,"20,7","16,7","20,8","20,6","16,8","16,3",78.0,76.0,78.0,149.0,"4,2","1,9",
2026/03/21,0200 UTC,0,"924,1","924,1","924,1",,"20,7",17,"20,7","20,4","17,1","16,7",80.0,78.0,80.0,127.0,"5,2","2,2",
2026/03/21,0300 UTC,0,924,"924,1","923,9",,"20,4","17,3","20,7",20,"17,3","16,8",83.0,80.0,83.0,133.0,"4,9","1,4",
2026/03/21,0400 UTC,0,"923,7",924,"923,7",,"19,9","17,2","20,6","19,9","17,4","17,1",85.0,82.0,85.0,148.0,"3,6","1,4",
2026/03/21,0500 UTC,0,"923,3","923,7","923,3",,"19,7","17,4","19,9","19,7","17,5","17,2",86.0,85.0,86.0,127.0,"3,1","1,4",
2026/03/21,0600 UTC,0,923,"923,4","922,9",,"19,1",17,"19,7","19,1","17,3","16,9",88.0,86.0,88.0,122.0,"3,1",",7",
2026/03/21,0700 UTC,0,"922,8",923,"922,7",,"19,5",17,"19,5",19,"17,3","16,9",88.0,86.0,86.0,108.0,"4,2","1,4",
2026/03/21,0800 UTC,0,"922,9","922,9","922,6",,"19,3","16,9","19,6","19,3","17,1","16,9",86.0,86.0,86.0,148.0,"4,5","1,1",
2026/03/21,0900 UTC,0,"923,4","923,4","922,9",,19,"16,9","19,3","18,9","17,1","16,8",88.0,86.0,88.0,110.0,"3,4",",8",
2026/03/21,1000 UTC,0,"923,8","923,8","923,4","54,5","19,3","16,9","19,3","18,9","17,1","16,9",88.0,86.0,86.0,127.0,"4,4","2,2",
2026/03/21,1100 UTC,0,"924,4","924,4","923,8","681,9","21,9","16,8","22,8","19,3","18,5","16,8",86.0,73.0,73.0,151.0,"4,4",",8",
2026/03/21,1200 UTC,0,"924,7","924,7","924,4","1760,7","23,8",17,"23,8","21,5","18,1","16,6",76.0,65.0,66.0,111.0,"2,8","1,1",
2026/03/21,1300 UTC,0,"924,4","924,8","924,4","2528,8",26,"17,2",26,"23,7","17,9","16,3",68.0,58.0,58.0,124.0,"3,4","1,3",
2026/03/21,1400 UTC,0,"924,3","924,4","924,3","3223,8","27,1","16,8","27,5","25,2","17,8",16,62.0,51.0,53.0,99.0,"3,4","1,3",
2026/03/21,1500 UTC,0,"924,2","924,3","924,2","1993,4","27,5","15,9","27,6","25,6","16,4","14,8",55.0,47.0,49.0,57.0,"4,3",",8",
2026/03/21,1600 UTC,0,"923,5","924,2","923,5","3226,4",30,"14,4",30,"27,3","16,3","13,6",50.0,37.0,39.0,253.0,"4,5","1,2",
2026/03/21,1700 UTC,0,"922,8","923,5","922,8","3312,2","29,9","11,2","30,6","29,1","14,8","10,6",40.0,30.0,32.0,291.0,"4,2","1,6",
2026/03/21,1800 UTC,0,"922,6","922,8","922,5","2028,3","30,1","11,7","31,6","28,5","12,9","10,9",35.0,30.0,32.0,294.0,"4,1","2,1",
2026/03/21,1900 UTC,0,"922,5","922,6","922,3","1551,1","28,7","18,2","31,4","28,1","18,4","11,5",55.0,32.0,53.0,202.0,"7,5","2,8",
2026/03/21,2000 UTC,0,"922,9","922,9","922,5",942,"26,5","18,3",29,"26,5","18,7","17,8",61.0,52.0,61.0,191.0,"7,6","2,1",
2026/03/21,2100 UTC,0,"923,6","923,6","922,9",365,"23,9","18,1","26,7","23,9","18,6",18,70.0,60.0,70.0,217.0,"6,1","2,8",
2026/03/21,2200 UTC,0,"923,9",924,"923,6","4,5","22,8","17,9","23,9","22,8","18,4","17,9",74.0,70.0,74.0,181.0,"5,2","1,4",
2026/03/21,2300 UTC,0,"924,6","924,6","923,9",,"22,2","17,9","22,8","22,2","18,1","17,9",77.0,74.0,77.0,176.0,"3,2",1,
2026/03/22,0000 UTC,0,"925,3","925,3","924,6",,"21,7","17,7","22,2","21,6",18,"17,6",78.0,77.0,78.0,154.0,"3,5",",9",
2026/03/22,0100 UTC,0,"925,4","925,5","925,3",,"21,4","17,6","21,7","21,4","17,7","17,5",79.0,78.0,79.0,134.0,"3,5","1,5",
2026/03/22,0200 UTC,0,"925,6","925,7","925,4",,"20,9","17,7","21,4","20,8","17,8","17,4",82.0,79.0,82.0,121.0,"3,7","1,4",
2026/03/22,0300 UTC,0,"925,5","925,9","925,5",,"20,6","17,5","20,9","20,5","17,8","17,4",83.0,82.0,82.0,120.0,"3,5","1,6",
2026/03/22,0400 UTC,0,"925,1","925,5","925,1",,"20,3","17,5","20,6","20,2","17,5","17,3",84.0,82.0,84.0,133.0,"3,9","1,1",
2026/03/22,0500 UTC,0,"924,8","925,1","924,8",,"19,7","17,5","20,3","19,6","17,6","17,2",87.0,84.0,87.0,81.0,"3,4",",4",
2026/03/22,0600 UTC,0,"924,5","924,8","924,4",,"19,2","17,4","19,8","19,2","17,5","17,2",89.0,87.0,89.0,119.0,"1,9",1,
2026/03/22,0700 UTC,0,"924,3","924,5","924,2",,"18,6","17,1","19,3","18,6","17,5","16,9",91.0,89.0,91.0,46.0,"1,9",0,
2026/03/22,0800 UTC,0,"924,4","924,4","924,2",,"18,5","16,7","18,9","18,3","17,3","16,5",91.0,89.0,89.0,26.0,0,0,
2026/03/22,0900 UTC,0,"924,9",925,"924,4",,"18,6","16,5","18,6","18,1","16,7",16,89.0,88.0,88.0,53.0,0,0,
2026/03/22,1000 UTC,",2","925,3","925,5","924,8","97,8","18,7","16,1","18,7","18,4","16,7","16,1",89.0,85.0,85.0,74.0,"1,5",",2",
2026/03/22,1100 UTC,0,926,926,"925,3","444,4","19,3","16,3","19,3","18,6","16,5",16,85.0,83.0,83.0,126.0,2,",6",
2026/03/22,1200 UTC,0,"926,3","926,4",926,"908,5","20,9","16,6","20,9","19,3","16,7","15,9",83.0,76.0,77.0,106.0,"1,7",",6",
2026/03/22,1300 UTC,0,"926,1","926,4",926,"964,5","22,1","16,5","22,1","20,7","16,7","15,8",76.0,70.0,71.0,103.0,2,",3",
2026/03/22,1400 UTC,0,"925,9","926,1","925,8","1711,7","24,2","15,1","24,5",22,"16,9","15,1",71.0,57.0,57.0,143.0,"2,4",",5",
2026/03/22,1500 UTC,0,"925,1","925,9",925,"2923,9","26,9","12,2","27,2",24,"15,5","10,6",58.0,37.0,40.0,218.0,"2,6",",4",
2026/03/22,1600 UTC,0,"924,6","925,1","924,6","2197,5","27,8","11,6","28,3","26,6",13,"9,7",41.0,32.0,37.0,283.0,"3,1",",8",
2026/03/22,1700 UTC,0,"923,9","924,6","923,9",3156,"29,9","10,8","30,5","27,2","12,9","10,5",39.0,30.0,31.0,281.0,"4,3","1,5",
2026/03/22,1800 UTC,0,"923,5","923,9","923,5","2826,7","30,4","12,1","31,1","29,8","12,4","10,5",33.0,29.0,32.0,236.0,"6,2","2,5",
2026/03/22,1900 UTC,0,"922,9","923,6","922,9","2070,9","31,4","12,7","31,7",30,"13,7","11,6",35.0,32.0,32.0,212.0,"6,5","1,4",
2026/03/22,2000 UTC,0,"922,7","922,9","922,7","1218,8","29,3","15,3","31,4","29,3","15,5","12,5",43.0,32.0,43.0,173.0,"6,2","1,9",
2026/03/22,2100 UTC,0,"923,3","923,3","922,7","341,3","26,2",15,"29,6","26,2","16,3",15,51.0,42.0,50.0,174.0,"6,2","1,6",
2026/03/22,2200 UTC,0,"924,1","924,1","923,3",",5","24,6","14,4","26,2","24,6","15,1","14,4",54.0,50.0,53.0,187.0,"4,9","1,3",
2026/03/22,2300 UTC,0,"924,6","924,6",924,,"24,3","12,8","24,6","24,2","14,6","12,2",54.0,47.0,49.0,153.0,"4,1",",4",
2026/03/23,0000 UTC,0,"925,3","925,3","924,6",,24,"9,9","24,4","23,6",14,"9,7",53.0,40.0,41.0,136.0,3,"1,6",
2026/03/23,0100 UTC,0,"925,7","925,8","925,3",,"23,6",9,"24,1","23,5","9,8","8,8",41.0,39.0,39.0,147.0,3,"1,1",
2026/03/23,0200 UTC,0,"925,9","925,9","925,7",,"22,5","15,5","23,6","22,5","15,5",9,65.0,39.0,65.0,115.0,"3,1",",9",
2026/03/23,0300 UTC,0,"925,7",926,"925,7",,"22,4","12,2","22,6","22,3","15,6","11,9",65.0,51.0,52.0,139.0,"3,9","1,8",
2026/03/23,0400 UTC,0,"925,8",926,"925,7",,"21,7","15,2","22,4","21,7","15,2","12,2",66.0,52.0,66.0,143.0,"3,8","1,1",
2026/03/23,0500 UTC,0,"925,2","925,8","925,2",,"21,2","15,3","21,7","21,1","15,3",15,69.0,66.0,69.0,127.0,"2,5",",9",
2026/03/23,0600 UTC,0,"924,7","925,2","924,7",,"20,7","15,2","21,2","20,7","15,3",15,71.0,68.0,71.0,131.0,"3,5","1,2",
2026/03/23,0700 UTC,0,"924,4","924,7","924,4",,"20,2","15,5","20,7","20,2","15,5","15,2",75.0,71.0,75.0,135.0,"3,8","1,8",
2026/03/23,0800 UTC,0,"924,6","924,6","924,4",,"19,8","15,9","20,2","19,8","15,9","15,5",78.0,75.0,78.0,126.0,"4,1","1,4",
2026/03/23,0900 UTC,0,"924,4","924,6","924,3",,"19,3","16,2","19,8","19,3","16,2","15,8",82.0,78.0,82.0,127.0,"3,9","1,8",
2026/03/23,1000 UTC,0,"924,5","924,5","924,4","60,7","19,5","16,4","19,5","19,3","16,4","16,2",83.0,82.0,82.0,129.0,"4,9","2,4",
2026/03/23,1100 UTC,0,"924,7","924,7","924,4",792,"21,3","15,6","21,6","19,5","16,6","15,2",82.0,68.0,70.0,117.0,"5,5","2,3",
2026/03/23,1200 UTC,0,"925,5","925,5","924,7","1350,8","21,3","15,6",22,21,16,15,71.0,67.0,70.0,93.0,"5,8","1,4",
2026/03/23,1300 UTC,0,"925,2","925,6","925,2","2541,4","23,6","14,7","23,6","21,2","16,1","14,6",71.0,57.0,58.0,100.0,"6,3","2,1",
2026/03/23,1400 UTC,0,"925,2","925,3","925,1","3060,7","25,7","13,9","25,8","23,5","15,1","13,2",58.0,46.0,48.0,99.0,"4,9",2,
2026/03/23,1500 UTC,0,"924,4","925,2","924,4","3314,8","26,7","10,3","27,5",25,"14,5","10,3",49.0,36.0,36.0,136.0,"5,2","2,6",
2026/03/23,1600 UTC,0,"923,5","924,4","923,5","3505,3","27,4","8,4","28,4","26,3","12,4",8,41.0,29.0,30.0,103.0,"5,6",2,
2026/03/23,1700 UTC,0,"922,9","923,5","922,8","3326,9","29,4","8,9",30,"27,4","9,8","7,1",32.0,25.0,28.0,188.0,"4,8","1,8",
2026/03/23,1800 UTC,0,"922,4","922,9","922,4","2807,4","29,2","7,2","29,9","28,5",9,"6,3",28.0,24.0,25.0,276.0,"4,8","1,2",
2026/03/23,1900 UTC,0,922,"922,4",922,"2036,4","28,7","15,1",30,"28,3","15,1","7,6",44.0,25.0,44.0,191.0,"7,3","2,3",
2026/03/23,2000 UTC,0,"922,1","922,2","921,9","1136,8","25,6","16,2","28,7","25,6","16,3","15,2",56.0,44.0,56.0,212.0,"8,8","3,3",
2026/03/23,2100 UTC,0,"922,6","922,6","922,1","263,9","23,2","16,4","25,9","23,2","16,7","16,3",66.0,56.0,66.0,199.0,"6,5","2,6",
2026/03/23,2200 UTC,,,,,,,,,,,,,,,,,,
2026/03/23,2300 UTC,0,"923,5","923,5",923,,"21,6","16,5","22,2","21,5","16,8","16,3",72.0,70.0,72.0,182.0,"4,5","1,3",
2026/03/24,0000 UTC,0,"924,2","924,2","923,5",,"21,7","16,8","21,7","21,5","16,8","16,3",74.0,72.0,74.0,185.0,"4,2","1,5",
2026/03/24,0100 UTC,0,"924,4","924,5","924,2",,"20,9",16,"21,7","20,8","16,8","15,9",74.0,71.0,73.0,165.0,5,"1,3",
2026/03/24,0200 UTC,0,"924,4","924,5","924,3",,"20,5","15,9","20,9","20,5",16,"15,8",75.0,73.0,75.0,151.0,"4,4","1,4",
2026/03/24,0300 UTC,0,"924,2","924,5","924,2",,"20,1","15,9","20,6","20,1",16,"15,9",77.0,75.0,77.0,131.0,"4,5","1,6",
2026/03/24,0400 UTC,0,"924,2","924,4","924,1",,"19,7","15,7","20,1","19,7","15,9","15,7",78.0,77.0,78.0,132.0,"3,8","1,2",
2026/03/24,0500 UTC,0,"923,5","924,2","923,5",,"19,4","16,1","19,7","19,3","16,1","15,6",81.0,78.0,81.0,123.0,"4,7","1,8",
2026/03/24,0600 UTC,0,"923,2","923,5","923,1",,"19,7","16,2","19,8","19,4","16,3",16,81.0,80.0,80.0,141.0,"6,1","1,9",
2026/03/24,0700 UTC,0,923,"923,3",923,,"19,5","16,3","19,7","19,4","16,3",16,82.0,80.0,82.0,130.0,"4,5","2,1",
2026/03/24,0800 UTC,0,"923,2","923,2","922,9",,"19,3","16,3","19,6","19,3","16,4","16,2",83.0,81.0,83.0,109.0,"4,5","1,4",
2026/03/24,0900 UTC,0,"923,5","923,5","923,2",,"18,8","16,2","19,5","18,8","16,4","16,2",85.0,83.0,85.0,119.0,"4,1","1,9",
2026/03/24,1000 UTC,0,"923,7","923,8","923,4","94,4","19,1","16,1","19,1","18,8","16,2","15,9",85.0,83.0,83.0,122.0,"5,6","1,7",
2026/03/24,1100 UTC,0,"924,2","924,2","923,7","640,6","20,5","16,2","20,5","19,1","16,5","15,6",83.0,76.0,76.0,127.0,"4,8","1,1",
2026/03/24,1200 UTC,0,"924,1","924,2",924,"1755,3","22,9","16,1",23,"20,5","16,9","15,4",76.0,64.0,66.0,124.0,"4,3","1,4",
2026/03/24,1300 UTC,0,"924,4","924,4","924,1","2471,4","24,5","15,8","24,5","22,6","16,8","14,8",66.0,58.0,58.0,147.0,"3,9","1,6",
2026/03/24,1400 UTC,0,"923,8","924,5","923,8","2831,1","25,5","15,8","25,9","23,9","16,7",15,60.0,54.0,55.0,135.0,"5,1","1,8",
2026/03/24,1500 UTC,0,"923,2","923,8","923,1",3292,"27,9","15,3","27,9","25,3","16,5","14,4",56.0,46.0,46.0,9.0,"5,8","1,6",
2026/03/24,1600 UTC,0,"922,6","923,3","922,6","3409,6",29,"11,8","29,8","26,5",16,"11,8",51.0,34.0,34.0,47.0,5,"1,8",
2026/03/24,1700 UTC,0,922,"922,7",922,"3168,1","29,5","10,9","29,9","28,2",14,"9,4",40.0,30.0,32.0,105.0,"6,2",",2",
2026/03/24,1800 UTC,0,"921,3",922,"921,3",2426,"29,6","10,6","30,2","28,6","12,8","9,9",35.0,30.0,31.0,105.0,"4,8",",9",
2026/03/24,1900 UTC,0,"920,9","921,3","920,9","2279,5","30,6","11,3","31,4","29,4","11,8","9,9",31.0,28.0,31.0,351.0,"4,8",2,
2026/03/24,2000 UTC,0,"921,3","921,3","920,9","1278,1",27,"16,8","30,8",27,"17,4","9,5",54.0,28.0,54.0,203.0,"10,4","2,8",
2026/03/24,2100 UTC,0,922,922,"921,3",286,"24,2","17,1",27,"24,2","17,3","16,6",64.0,54.0,64.0,189.0,"7,2","2,2",
2026/03/24,2200 UTC,0,"922,9","922,9",922,"3,4","22,8","17,4","24,2","22,8","17,5",17,72.0,64.0,71.0,200.0,"5,3","1,2",
2026/03/24,2300 UTC,0,"923,6","923,6","922,9",,"22,1","17,3","22,8",22,"17,5","17,2",75.0,71.0,75.0,180.0,"4,6",1,
2026/03/25,0000 UTC,0,"924,3","924,4","923,6",,"21,5",17,"22,1","21,5","17,4",17,76.0,74.0,76.0,170.0,"3,3",",9",
2026/03/25,0100 UTC,0,"924,7","924,7","924,3",,"21,4","17,2","21,6","21,2","17,3",17,78.0,76.0,77.0,165.0,"2,9",",9",
2026/03/25,0200 UTC,0,"924,7","924,9","924,7",,"21,7",17,"21,9","21,2","17,4","16,9",78.0,74.0,75.0,143.0,"4,3","1,4",
2026/03/25,0300 UTC,0,"925,1","925,1","924,7",,"21,4",17,"21,7","21,3","17,1","16,9",76.0,75.0,76.0,144.0,"3,5",",8",
2026/03/25,0400 UTC,0,"924,8","925,1","924,8",,"21,2","17,1","21,6","21,1","17,2","16,9",78.0,76.0,78.0,141.0,"2,8",",8",
2026/03/25,0500 UTC,0,"924,4","924,9","924,4",,21,"17,2","21,4",21,"17,3","17,1",79.0,77.0,79.0,117.0,"3,4",1,
2026/03/25,0600 UTC,0,"924,4","924,5","924,3",,"20,5","17,4","21,1","20,5","17,5","17,2",83.0,79.0,82.0,97.0,"3,7",",6",
2026/03/25,0700 UTC,0,"924,5","924,5","924,2",,"20,3","17,5","20,6","20,2","17,6","17,3",84.0,82.0,84.0,105.0,3,",4",
2026/03/25,0800 UTC,0,"924,8","924,8","924,4",,20,"17,3","20,3",20,"17,6","17,3",85.0,84.0,84.0,62.0,"1,6",0,
2026/03/25,0900 UTC,0,"925,6","925,6","924,8",,"20,1","17,2","20,2","19,9","17,5","17,1",85.0,83.0,83.0,118.0,"1,8",",6",
2026/03/25,1000 UTC,0,"925,9","925,9","925,6","53,4","21,1","17,1","21,1","20,1","17,3","16,9",83.0,78.0,78.0,122.0,"2,4","1,1",
2026/03/25,1100 UTC,0,"926,7","926,7","925,9","812,3","23,7","16,4","23,7","21,1","17,1","16,2",78.0,63.0,63.0,105.0,"6,2",2,
2026/03/25,1200 UTC,0,"927,2","927,2","926,7","1702,3","25,1","15,2","25,7","23,7","16,9","15,2",64.0,53.0,54.0,93.0,"4,9","2,3",
2026/03/25,1300 UTC,0,"927,2","927,2","927,1","2374,7","26,6","15,9","27,3","25,1","16,5","15,1",56.0,49.0,52.0,136.0,"5,1","1,7",
2026/03/25,1400 UTC,0,"927,2","927,3","927,1","2395,4",28,"15,1","28,1","25,8","16,7","14,9",55.0,45.0,45.0,58.0,"6,7","2,3",
2026/03/25,1500 UTC,0,"926,8","927,2","926,8","3191,5","28,9","15,3","29,4","27,5","16,2","14,4",47.0,43.0,44.0,34.0,"6,7","2,2",
2026/03/25,1600 UTC,0,926,"926,8",926,"3138,4","29,3","14,5","30,1","27,7","16,4","13,9",47.0,39.0,41.0,38.0,"7,3","3,2",
2026/03/25,1700 UTC,0,"925,5",926,"925,5","1698,1","28,8","13,6","29,9","28,4","15,3","12,8",44.0,36.0,39.0,61.0,"8,1","2,3",
2026/03/25,1800 UTC,0,"924,9","925,5","924,9","2137,8","29,1","14,5","30,8","28,7","15,9","13,6",43.0,37.0,41.0,28.0,"6,3","1,7",
2026/03/25,1900 UTC,0,"925,1","925,1","924,9","1538,1","28,5","16,4","30,2","26,5","16,6",14,52.0,39.0,48.0,168.0,"6,9","1,8",
2026/03/25,2000 UTC,0,"925,1","925,1","924,9","1285,3","27,2","16,4","29,2","27,2","16,9","14,8",52.0,43.0,52.0,190.0,"5,8","2,2",
2026/03/25,2100 UTC,0,"925,9","925,9",925,"236,9","24,5","18,4","27,2","24,5","18,4","16,3",69.0,52.0,69.0,149.0,"5,5","2,4",
2026/03/25,2200 UTC,0,"926,9","926,9","925,9",,"23,4","18,7","24,5","23,4","19,1","18,5",75.0,69.0,75.0,210.0,"5,2",2,
2026/03/25,2300 UTC,0,"927,4","927,5","926,9",,"22,9","18,2","23,4","22,9","18,8","18,2",76.0,75.0,75.0,152.0,"5,2",2,
2026/03/26,0000 UTC,0,"927,9","927,9","927,4",,"22,7","18,1",23,"22,7","18,5","18,1",76.0,75.0,75.0,151.0,"4,8","1,5",
2026/03/26,0100 UTC,0,"928,2","928,4","927,9",,"22,3","18,1","22,7","22,3","18,2",18,77.0,75.0,77.0,141.0,"3,3","1,1",
2026/03/26,0200 UTC,0,928,"928,4",928,,"22,2",18,"22,4","22,1","18,2",18,78.0,77.0,77.0,134.0,"2,4","1,2",
2026/03/26,0300 UTC,0,"927,7","928,1","927,7",,"21,8",18,"22,2","21,8","18,1","17,8",79.0,77.0,79.0,138.0,2,",9",
2026/03/26,0400 UTC,0,"927,3","927,7","927,3",,"21,4","17,9","21,8","21,4","18,2","17,9",81.0,79.0,80.0,160.0,"1,5",",1",
2026/03/26,0500 UTC,0,927,"927,3",927,,"21,2","17,9","21,6","21,2","18,1","17,9",81.0,80.0,81.0,125.0,"1,9",",9",
2026/03/26,0600 UTC,0,"926,6","927,1","926,6",,21,"18,5","21,4","20,8","18,5","17,9",86.0,81.0,85.0,97.0,"1,8",",2",
2026/03/26,0700 UTC,0,"926,7","926,7","926,4",,"20,9","18,4",21,"20,8","18,5","18,2",86.0,85.0,86.0,62.0,"3,2",",1",
2026/03/26,0800 UTC,0,"926,7","926,7","926,5",,"21,1","17,9","21,1","20,7","18,4","17,9",86.0,82.0,82.0,341.0,"2,4","1,1",
2026/03/26,0900 UTC,0,"927,4","927,4","926,7",,"20,5",18,"21,1","20,5","18,3","17,9",86.0,82.0,86.0,224.0,3,0,
2026/03/26,1000 UTC,0,"928,1","928,1","927,4","57,3","21,3","18,5","21,3","20,4","18,6",18,86.0,84.0,84.0,102.0,0,0,
2026/03/26,1100 UTC,0,"928,6","928,6","928,1","752,1","24,2","18,4","24,5","21,3","19,4","18,4",84.0,70.0,70.0,211.0,"2,3",",6",
2026/03/26,1200 UTC,0,"929,1","929,1","928,6","1584,4",26,"18,1","26,1","23,9",19,"17,4",71.0,60.0,62.0,131.0,3,"1,1",
2026/03/26,1300 UTC,0,"929,1","929,2","929,1","2187,8",27,"16,5","27,7","25,8","18,6","16,3",62.0,52.0,53.0,355.0,"6,4",2,
2026/03/26,1400 UTC,0,929,"929,3",929,"2807,8","27,6","17,1","27,9","26,8","17,4",16,54.0,50.0,53.0,338.0,"6,4",3,
2026/03/26,1500 UTC,0,"928,6",929,"928,6","3138,1",28,"16,4","28,8","26,7","17,6","16,1",55.0,47.0,49.0,356.0,"7,5","3,2",
2026/03/26,1600 UTC,0,"927,5","928,6","927,5","3376,3",30,16,"30,3","27,8","17,4",16,51.0,42.0,43.0,2.0,"6,9","2,6",
2026/03/26,1700 UTC,0,"926,8","927,5","926,8","3358,3","31,2","15,4","31,6","29,2","16,9",15,45.0,37.0,38.0,32.0,"6,7","1,9",
2026/03/26,1800 UTC,"5,6","926,5","926,9","926,4","1058,8","23,5",19,"31,3",23,"19,3","14,3",79.0,37.0,76.0,220.0,"7,5","2,8",
2026/03/26,1900 UTC,"1,2","926,5","926,7","926,4","288,5","23,2","19,7","23,6","22,6","20,1","18,7",82.0,76.0,81.0,232.0,"7,4","3,2",
2026/03/26,2000 UTC,0,"926,8","927,1","926,5","321,7","23,3","18,7","23,5","23,1","19,9","18,7",82.0,75.0,75.0,185.0,"7,9","1,6",
2026/03/26,2100 UTC,0,"927,4","927,4","926,8","116,7","23,2",20,"23,3","22,9","20,1","18,3",83.0,74.0,82.0,231.0,"4,8","1,6",
2026/03/26,2200 UTC,0,"927,4","927,5","927,3",",4","22,9","19,8","23,3","22,9","20,1","19,7",83.0,81.0,83.0,183.0,"3,4","1,2",
2026/03/26,2300 UTC,0,"928,3","928,3","927,4",,"22,9","18,9","23,1","22,8","19,9","18,8",83.0,78.0,78.0,150.0,3,"1,2",
2026/03/27,0000 UTC,0,"929,1","929,1","928,3",,"22,6","18,7","22,9","22,3","18,8","18,5",80.0,78.0,79.0,124.0,"2,4",",8",
2026/03/27,0100 UTC,0,"929,3","929,5","929,1",,"22,4","18,6","22,6","22,3","18,6","18,1",80.0,77.0,79.0,242.0,"1,7",0,
2026/03/27,0200 UTC,0,"928,9","929,3","928,9",,"22,1","18,5","22,6","22,1","18,6","18,2",80.0,77.0,80.0,161.0,"1,5",",5",
2026/03/27,0300 UTC,0,"928,5","928,9","928,5",,"21,6","18,5","22,1","21,6","18,6","18,3",82.0,80.0,82.0,175.0,"2,1",",8",
2026/03/27,0400 UTC,0,"928,1","928,5","928,1",,"21,5","18,3","21,7","21,4","18,5","18,2",82.0,82.0,82.0,128.0,"2,5","1,1",
2026/03/27,0500 UTC,0,"927,7","928,1","927,7",,"21,1","18,1","21,5",21,"18,3",18,83.0,81.0,83.0,139.0,"2,6",1,
2026/03/27,0600 UTC,0,"927,4","927,7","927,4",,"20,7","18,1","21,1","20,7","18,3",18,85.0,83.0,85.0,131.0,"2,3",",8",
2026/03/27,0700 UTC,0,"927,4","927,5","927,3",,"20,7",18,"20,8","20,5","18,2","17,9",86.0,85.0,85.0,127.0,"3,3","1,2",
2026/03/27,0800 UTC,0,"928,1","928,1","927,4",,"20,2","17,9","20,8","20,2","18,2","17,9",87.0,85.0,87.0,190.0,"3,3",",4",
2026/03/27,0900 UTC,0,"928,7","928,7","928,1",,"20,6","18,4","20,6","20,2","18,5","17,9",88.0,87.0,87.0,106.0,"4,3","1,8",
2026/03/27,1000 UTC,0,"929,4","929,4","928,7",48,"20,7","18,2","20,8","20,4","18,5","18,2",88.0,86.0,86.0,118.0,"5,3",2,
2026/03/27,1100 UTC,0,"930,3","930,3","929,4","349,1","21,3",18,"21,4","20,5","18,4","17,9",86.0,81.0,82.0,125.0,"4,5","1,9",
2026/03/27,1200 UTC,0,"930,9","930,9","930,3","1622,8","23,7","17,7",24,"21,3","18,8","17,6",82.0,69.0,69.0,129.0,5,"1,9",
2026/03/27,1300 UTC,0,931,931,"930,8","2490,8","25,7","17,7","25,8","23,6","18,4","17,4",70.0,61.0,61.0,143.0,"4,3","2,2",
2026/03/27,1400 UTC,0,"930,6",931,"930,6","3045,8","26,9","15,7","27,3",25,"18,3","15,4",64.0,48.0,50.0,117.0,"4,7","1,9",
2026/03/27,1500 UTC,0,"929,8","930,6","929,8","3386,4","28,8","11,5","28,9","26,9","17,2","10,9",53.0,33.0,34.0,156.0,"5,7","1,8",
2026/03/27,1600 UTC,0,"928,9","929,8","928,9","3527,9","29,3","6,6","30,5","28,1","12,8",4,37.0,20.0,24.0,139.0,"5,4","2,5",
2026/03/27,1700 UTC,0,"928,1","928,9","928,1","3317,1","30,1","9,4","30,5","29,2","10,3","7,4",30.0,24.0,28.0,204.0,"5,6",2,
2026/03/27,1800 UTC,0,"927,8","928,1","927,8","2757,6","30,5",10,"31,1","29,4","11,1","8,1",30.0,25.0,28.0,184.0,"5,6","2,3",
2026/03/27,1900 UTC,0,"927,7","927,8","927,6","2025,5","29,7","14,8","31,5","29,6",15,"6,8",40.0,23.0,40.0,203.0,"6,3","2,5",
2026/03/27,2000 UTC,0,"927,8","927,8","927,6",951,"27,3","16,1","29,7","27,3","16,5","14,9",51.0,41.0,50.0,189.0,"9,3","2,7",
2026/03/27,2100 UTC,0,"928,4","928,4","927,8","298,4","24,4",17,"27,3","24,4","17,4","15,7",64.0,50.0,64.0,193.0,"9,3","2,7",
2026/03/27,2200 UTC,0,"928,9","928,9","928,4",",7","22,7","17,7","24,4","22,7","17,7",17,73.0,64.0,73.0,197.0,7,"2,2",
2026/03/27,2300 UTC,0,"929,6","929,6","928,9",,"22,8","17,6","23,1","22,7","18,1","17,6",74.0,72.0,73.0,156.0,"5,8","2,1",
2026/03/28,0000 UTC,0,"930,1","930,1","929,6",,22,"17,1","22,8",22,"17,7","17,1",74.0,72.0,74.0,165.0,"4,7","1,7",
2026/03/28,0100 UTC,0,"930,3","930,4","930,1",,"21,7","16,8",22,"21,7","17,2","16,8",74.0,73.0,74.0,150.0,"5,7","2,3",
2026/03/28,0200 UTC,0,"930,4","930,5","930,3",,"21,4","16,7","21,7","21,3","16,9","16,7",75.0,74.0,75.0,146.0,"5,9",2,
2026/03/28,0300 UTC,0,"930,2","930,4","930,2",,"20,9","16,7","21,4","20,9","16,7","16,6",77.0,75.0,77.0,141.0,"5,9",2,
2026/03/28,0400 UTC,0,"930,1","930,3","930,1",,"20,5","16,7","20,9","20,4","16,8","16,6",79.0,77.0,79.0,131.0,"4,1","1,3",
2026/03/28,0500 UTC,0,"929,4","930,1","929,4",,"20,2","16,3","20,6","20,2","16,7","16,1",79.0,77.0,78.0,135.0,"3,6","1,2",
2026/03/28,0600 UTC,0,"929,2","929,4","929,2",,"19,7","16,2","20,2","19,7","16,3","15,8",80.0,77.0,80.0,129.0,"2,7",",8",
2026/03/28,0700 UTC,0,"928,9","929,2","928,9",,"19,7","15,8","19,8","19,6","16,3","15,8",80.0,78.0,78.0,133.0,5,"2,2",
2026/03/28,0800 UTC,0,"929,2","929,2","928,9",,"19,2",16,"19,7","19,2",16,"15,8",81.0,78.0,81.0,137.0,5,"1,3",
2026/03/28,0900 UTC,0,"929,7","929,7","929,2",,19,"16,2","19,2",19,"16,2",16,83.0,81.0,83.0,136.0,4,"1,8",
2026/03/28,1000 UTC,0,"930,3","930,3","929,7","79,6","19,3","16,4","19,3","18,9","16,5","16,1",84.0,83.0,84.0,137.0,"5,1","1,7",
2026/03/28,1100 UTC,0,"930,8","930,8","930,3","770,3","21,3","16,9","21,4","19,3","17,3","16,4",84.0,76.0,76.0,123.0,"6,8","2,9",
2026/03/28,1200 UTC,0,"931,5","931,5","930,8","1704,6","22,4","16,5","22,9","21,2","17,6","16,4",77.0,68.0,69.0,120.0,"7,9","3,2",
2026/03/28,1300 UTC,0,"931,5","931,7","931,5","2478,8","24,2","15,7","25,1","22,4","17,3","15,7",70.0,58.0,59.0,124.0,"7,7","2,1",
2026/03/28,1400 UTC,0,"931,3","931,5","931,3","3027,6","26,4","15,8","26,9","24,2","16,7","14,9",60.0,51.0,52.0,104.0,"6,9","2,7",
2026/03/28,1500 UTC,0,"930,5","931,3","930,5","3363,8","26,7",15,"27,3",26,"16,5","13,6",54.0,45.0,49.0,126.0,"6,9","2,4",
2026/03/28,1600 UTC,0,"929,6","930,5","929,6","3356,4","28,4","13,4","28,9","26,7","15,9","12,9",50.0,39.0,40.0,161.0,"5,5","2,1",
2026/03/28,1700 UTC,0,"928,9","929,6","928,9","3104,9","29,2","13,3","29,8","28,3","14,2","11,1",42.0,33.0,38.0,125.0,"5,6","1,8",
2026/03/28,1800 UTC,0,"928,6","928,9","928,6","2669,5","29,6","10,1","30,4","29,1",14,"9,6",39.0,28.0,30.0,121.0,"5,1","1,8",
2026/03/28,1900 UTC,0,"928,5","928,6","928,3",1959,"28,6","17,4","30,5","28,4","17,8","9,4",52.0,28.0,51.0,193.0,"7,9","3,3",
2026/03/28,2000 UTC,0,"928,8","928,9","928,4","1050,3","26,3","17,6","28,8","26,2",18,"17,4",59.0,51.0,59.0,206.0,"7,6",3,
2026/03/28,2100 UTC,0,"929,4","929,4","928,8","258,2",24,"17,8","26,3",24,18,"17,5",69.0,59.0,68.0,178.0,"6,6","1,9",
2026/03/28,2200 UTC,0,"929,9","929,9","929,4",,"22,7","17,3",24,"22,7","17,9","17,2",72.0,68.0,71.0,226.0,"6,5","2,3",
2026/03/28,2300 UTC,0,"930,5","930,5","929,9",,"22,7","17,4","22,8","22,6","17,5","17,2",72.0,71.0,72.0,210.0,"4,7","1,7",
2026/03/29,0000 UTC,0,"930,9","930,9","930,5",,"22,3",17,"22,7","22,3","17,5",17,73.0,72.0,72.0,151.0,"5,8","1,8",
2026/03/29,0100 UTC,0,931,"931,1","930,8",,"21,5","16,9","22,2","21,5",17,"16,6",75.0,72.0,75.0,179.0,"4,2","1,3",
2026/03/29,0200 UTC,0,"930,9",931,"930,9",,"21,4","16,9","21,5","21,3","17,1","16,8",77.0,75.0,76.0,143.0,"4,9","2,2",
2026/03/29,0300 UTC,0,"930,6","930,9","930,6",,"21,2","17,1","21,4",21,"17,1","16,4",77.0,74.0,77.0,138.0,"6,1","1,8",
2026/03/29,0400 UTC,0,930,"930,6",930,,"20,8","17,2","21,3","20,8","17,2","16,9",80.0,77.0,79.0,136.0,"4,6","1,7",
2026/03/29,0500 UTC,0,"929,1","930,1",929,,"20,7","17,2","20,9","20,6","17,4",17,81.0,79.0,80.0,119.0,"6,2","1,9",
2026/03/29,0600 UTC,0,"928,8","929,1","928,7",,"20,3","17,3","20,7","20,3","17,3","17,1",83.0,80.0,83.0,134.0,"5,7","2,3",
2026/03/29,0700 UTC,0,"928,7","928,8","928,6",,"20,3","17,4","20,4","20,1","17,5","17,2",84.0,83.0,83.0,117.0,"5,7","2,2",
2026/03/29,0800 UTC,0,"928,9","928,9","928,7",,"20,3","17,3","20,5","20,2","17,4","17,2",83.0,82.0,83.0,117.0,"6,3","1,7",
2026/03/29,0900 UTC,0,"929,2","929,2","928,9",,"20,2","17,2","20,3","20,1","17,3",17,83.0,82.0,83.0,124.0,"6,5","2,1",
2026/03/29,1000 UTC,0,"929,8","929,8","929,2",81,"20,3","16,9","20,3","20,1","17,3","16,9",83.0,81.0,81.0,126.0,"6,6",2,
2026/03/29,1100 UTC,0,"930,2","930,2","929,8","681,5","21,3","16,5","21,9","20,3","17,3","16,5",81.0,73.0,74.0,134.0,"5,7","2,7",
2026/03/29,1200 UTC,0,"930,7","930,7","930,2","1701,8","23,5","17,1","23,9","21,3","17,7","16,6",75.0,66.0,67.0,135.0,"5,4","2,1",
2026/03/29,1300 UTC,0,"930,5","930,7","930,5","2461,2","25,2",16,"25,8","23,3","17,6","15,8",68.0,55.0,57.0,108.0,"6,1","3,1",
2026/03/29,1400 UTC,0,"930,1","930,5","930,1","3015,4","27,5","15,6","27,7",25,17,"15,3",59.0,47.0,48.0,138.0,"6,2","1,7",
2026/03/29,1500 UTC,0,"929,4","930,1","929,4",3348,"28,4","13,8","28,6",27,"17,1","13,5",52.0,40.0,41.0,162.0,"5,1",2,
2026/03/29,1600 UTC,0,"928,5","929,4","928,5","3411,8","29,7","12,3","29,9",28,14,"10,3",41.0,31.0,34.0,197.0,"4,7","1,1",
2026/03/29,1700 UTC,0,"927,7","928,5","927,7","3214,2","30,1","9,7",31,"28,5","12,7","8,2",37.0,25.0,28.0,151.0,"4,6","1,2",
2026/03/29,1800 UTC,0,927,"927,7",927,"2434,1","29,4","9,2","31,2","29,3","10,9","7,9",31.0,24.0,28.0,46.0,"5,7","1,3",
2026/03/29,1900 UTC,0,"926,8",927,"926,7",1953,"29,4",17,"31,1","29,2",17,"8,6",48.0,25.0,47.0,214.0,"7,1","2,6",
2026/03/29,2000 UTC,0,927,"927,1","926,8","1008,1","27,3","17,3","29,5","27,3","17,9","16,1",55.0,45.0,55.0,202.0,"8,3","2,5",
2026/03/29,2100 UTC,0,"927,2","927,2","926,9","242,4","24,5","17,7","27,3","24,5","17,7","17,2",66.0,55.0,66.0,211.0,"6,9","2,8",
2026/03/29,2200 UTC,0,"928,1","928,1","927,1",,"23,1","17,8","24,5","23,1","17,8","17,7",72.0,66.0,72.0,211.0,"6,1","3,3",
2026/03/29,2300 UTC,0,"928,7","928,7","928,1",,"21,7","17,1","23,1","21,7","17,9","16,9",75.0,72.0,75.0,213.0,"5,9","2,5",
2026/03/30,0000 UTC,0,"929,2","929,2","928,7",,"21,5","17,1","21,7","21,4","17,2","16,9",76.0,75.0,76.0,157.0,"4,4","1,1",
2026/03/30,0100 UTC,0,"929,4","929,4","929,2",,"21,1",17,"21,5",21,"17,2","16,8",78.0,76.0,78.0,180.0,"3,1","1,1",
2026/03/30,0200 UTC,0,"929,4","929,5","929,4",,"20,9","16,6","21,3","20,9","17,1","16,6",78.0,76.0,76.0,167.0,"3,4","1,3",
2026/03/30,0300 UTC,0,"928,9","929,4","928,9",,"20,5","16,5","20,9","20,5","16,6","16,3",78.0,76.0,78.0,143.0,"3,5","1,6",
2026/03/30,0400 UTC,0,"928,2","928,9","928,2",,"19,9","16,7","20,5","19,8","16,7","16,4",82.0,78.0,82.0,161.0,"3,5",",7",
2026/03/30,0500 UTC,0,"927,4","928,2","927,4",,"19,7","16,7","19,9","19,5","16,9","16,5",84.0,82.0,83.0,134.0,"2,2",",9",
2026/03/30,0600 UTC,0,"927,1","927,4","927,1",,"19,4","16,8","19,8","19,2","16,9","16,6",85.0,83.0,85.0,160.0,"2,3",1,
2026/03/30,0700 UTC,0,"926,5","927,1","926,4",,"19,1","16,6","19,5","19,1","16,9","16,5",85.0,85.0,85.0,151.0,"2,2",",8",
2026/03/30,0800 UTC,0,"926,3","926,5","926,2",,"19,5","16,7","19,6","19,1","16,9","16,6",86.0,84.0,84.0,119.0,"2,4",1,
2026/03/30,0900 UTC,0,"926,5","926,6","926,2",,"19,1","16,5","19,6","19,1","16,7","16,4",85.0,83.0,85.0,132.0,"3,7","1,1",
2026/03/30,1000 UTC,0,"927,1","927,2","926,5",52,"19,3","16,7","19,3",19,"16,7","16,4",85.0,84.0,85.0,140.0,"3,6","1,5",
2026/03/30,1100 UTC,0,"927,3","927,3",927,"378,8","19,8","16,5","19,9",19,"16,9","16,3",85.0,82.0,82.0,92.0,"5,1","1,4",
2026/03/30,1200 UTC,0,"927,6","927,6","927,2","1011,5","20,9","16,9","20,9","19,6","17,1","15,9",83.0,76.0,78.0,126.0,"4,9","2,1",
2026/03/30,1300 UTC,0,"927,4","927,6","927,3",2429,"23,3","16,2",24,"20,9","17,2","15,8",78.0,63.0,64.0,139.0,"4,4","1,4",
2026/03/30,1400 UTC,0,"927,1","927,4","927,1","2030,6","25,2","17,3","25,2",23,"17,6","15,7",67.0,60.0,61.0,203.0,"3,4","1,4",
2026/03/30,1500 UTC,0,"926,7","927,2","926,7","3064,1","27,4","16,8","27,4","25,2","17,5","14,9",61.0,48.0,52.0,250.0,"4,2","1,5",
2026/03/30,1600 UTC,0,"925,8","926,7","925,8",2743,"28,3","15,1","28,6","26,8","16,5","14,1",52.0,43.0,45.0,250.0,"5,1","1,4",
2026/03/30,1700 UTC,0,925,"925,8",925,"2469,5","28,5","15,6","29,6","28,2","15,6","13,2",46.0,38.0,46.0,213.0,"4,6",2,
2026/03/30,1800 UTC,0,"924,7",925,"924,7","1814,1","27,3","16,8","28,6","26,9","17,5","15,7",55.0,46.0,53.0,209.0,"6,6","2,5",
2026/03/30,1900 UTC,0,"924,8","924,8","924,6","845,1","24,7","16,4","27,3","24,7",17,"16,2",60.0,53.0,60.0,214.0,"6,9","3,5",
2026/03/30,2000 UTC,0,925,"925,1","924,8","517,6","23,1","15,7","24,7","23,1","16,6","15,6",63.0,60.0,63.0,204.0,"6,7","2,7",
2026/03/30,2100 UTC,0,"925,2","925,3",925,"214,8","22,5","15,6","23,2","22,5","16,1","15,5",66.0,63.0,65.0,187.0,6,"1,5",
2026/03/30,2200 UTC,0,"925,4","925,4","925,2",,"21,9",15,"22,5","21,9","15,8",15,67.0,63.0,65.0,183.0,"4,6","1,3",
2026/03/30,2300 UTC,0,"925,6","925,7","925,3",,"21,6","15,2",22,"21,6","15,4","14,9",68.0,65.0,67.0,169.0,5,"1,7",
2026/03/31,0000 UTC,0,"925,7","925,9","925,5",,"21,3","15,4","21,7","21,2","15,6","15,2",69.0,67.0,69.0,155.0,"6,1","2,6",
2026/03/31,0100 UTC,0,"925,8",926,"925,7",,21,"15,9","21,3","20,9","15,9","15,4",73.0,69.0,73.0,161.0,"6,1",1,
2026/03/31,0200 UTC,0,"925,6","925,9","925,6",,"20,5","16,6",21,"20,5","16,8","15,9",79.0,73.0,79.0,168.0,"4,7","1,6",
2026/03/31,0300 UTC,0,"925,3","925,6","925,3",,"20,2","16,7","20,5","20,1","16,8","16,4",81.0,78.0,80.0,158.0,"4,1","1,7",
2026/03/31,0400 UTC,0,"924,8","925,3","924,8",,"20,1","16,1","20,3","20,1","16,7","16,1",80.0,78.0,78.0,164.0,"4,6","1,4",
2026/03/31,0500 UTC,0,"924,5","924,9","924,5",,"19,8","16,4","20,2","19,8","16,5",16,81.0,78.0,81.0,169.0,"3,8","1,4",
2026/03/31,0600 UTC,1,"923,8","924,5","923,8",,"19,1","16,9","19,8","19,1",17,"16,3",87.0,81.0,87.0,121.0,"4,1","1,4",
2026/03/31,0700 UTC,0,"923,2","923,8","923,2",,"19,1",17,"19,1",19,17,"16,9",88.0,87.0,88.0,143.0,"3,3","1,7",
2026/03/31,0800 UTC,0,"923,5","923,5","923,2",,"19,2","16,9","19,3","19,1","17,2","16,9",88.0,87.0,87.0,168.0,"3,5","1,1",
2026/03/31,0900 UTC,",6","923,5","923,5","923,4",,"18,4","16,1","19,2","18,4","16,9","16,1",87.0,85.0,86.0,164.0,"3,9",",3",
2026/03/31,1000 UTC,0,"924,2","924,2","923,5","24,2","18,7","15,7","18,7","18,3","16,1","15,3",86.0,81.0,83.0,135.0,4,",8",
2026/03/31,1100 UTC,",4","924,8","924,8","924,2","155,1","19,1","16,6","19,1","18,6","16,6","15,5",85.0,82.0,85.0,156.0,"3,2","1,4",
2026/03/31,1200 UTC,",2","925,1","925,1","924,8",454,"20,2","17,2","20,2",19,"17,4","16,5",86.0,83.0,83.0,155.0,"3,7","1,3",
2026/03/31,1300 UTC,0,"925,4","925,4","925,1","1172,6","21,5","15,9","21,7","20,1","17,5","15,8",83.0,70.0,70.0,184.0,"3,7","1,4",
2026/03/31,1400 UTC,0,"925,2","925,4","925,2","2199,7","23,4","15,2","23,8","21,5","16,2","14,5",71.0,59.0,60.0,149.0,"3,8",",9",
2026/03/31,1500 UTC,0,"924,5","925,2","924,5","2352,2","23,5","14,8","24,4","23,2","16,1","14,6",63.0,57.0,58.0,98.0,"3,1","1,3",
2026/03/31,1600 UTC,0,"923,5","924,5","923,5","980,6","23,9","16,1",24,"23,1","16,1","14,8",63.0,58.0,61.0,14.0,"2,9",1,
2026/03/31,1700 UTC,0,"922,6","923,5","922,6","1524,1","24,3","16,1","25,3","23,7","16,9","15,3",62.0,56.0,60.0,332.0,"3,3","1,5",
2026/03/31,1800 UTC,0,"921,9","922,7","921,9","975,4","25,2","16,3","25,2","23,8","16,6","15,5",63.0,56.0,58.0,39.0,"4,1",",5",
2026/03/31,1900 UTC,0,"922,2","922,2","921,7","859,4","22,6","16,7","25,9","22,6","16,9","15,2",69.0,53.0,69.0,195.0,"8,2","3,6",
2026/03/31,2000 UTC,",2","922,9","922,9","922,2","169,3","20,5","17,9","22,6","20,1",18,"16,7",86.0,69.0,85.0,200.0,"10,5",1,
2026/03/31,2100 UTC,0,"923,4","923,4","922,9","30,8",20,"16,4","20,5",20,"17,8","16,4",85.0,79.0,79.0,208.0,"5,6","2,7",
2026/03/31,2200 UTC,0,"923,9","923,9","923,3",,"20,1","16,3","20,2",20,"16,6","16,2",80.0,78.0,79.0,174.0,"5,5","1,4",
2026/03/31,2300 UTC,0,"924,7","924,7","923,9",,"20,1","16,1","20,2",20,"16,4",16,79.0,77.0,78.0,173.0,"3,9",",8",
2026/04/01,0000 UTC,0,"925,2","925,2","924,7",,"19,7",16,"20,2","19,6","16,2","15,9",80.0,77.0,80.0,130.0,"3,9","1,8",
2026/04/01,0100 UTC,0,"925,8","925,8","925,2",,"19,8","15,9","19,8","19,7","16,1","15,8",80.0,78.0,78.0,142.0,"4,3","1,2",
2026/04/01,0200 UTC,0,"925,2","925,8","925,2",,"19,6","16,1","19,8","19,6","16,3","15,9",81.0,78.0,80.0,131.0,"2,8",",7",
2026/04/01,0300 UTC,0,"924,8","925,2","924,8",,"19,7","15,8","19,8","19,5","16,2","15,8",81.0,78.0,78.0,105.0,"2,3",",8",
2026/04/01,0400 UTC,0,"924,2","924,8","924,2",,"19,3","16,1","19,7","19,1","16,2","15,8",83.0,78.0,82.0,130.0,"1,9",",9",
2026/04/01,0500 UTC,0,"923,6","924,2","923,6",,"18,8","16,2","19,3","18,7","16,2","15,8",85.0,82.0,85.0,132.0,"2,2",1,
2026/04/01,0600 UTC,0,"923,4","923,6","923,2",,"18,6","16,2","18,8","18,5","16,3","16,1",86.0,85.0,86.0,98.0,"2,8",",8",
2026/04/01,0700 UTC,0,"923,5","923,5","923,3",,18,16,"18,6",18,"16,2","15,9",88.0,86.0,88.0,141.0,"2,1",0,
2026/04/01,0800 UTC,0,"923,7","923,7","923,3",,"18,5","16,3","18,5",18,"16,4",16,88.0,87.0,87.0,134.0,"3,5","1,5",
2026/04/01,0900 UTC,0,"924,3","924,3","923,6",,"18,7","16,2","18,8","18,5","16,4","16,2",87.0,85.0,85.0,128.0,"3,1","1,2",
2026/04/01,1000 UTC,0,"924,7","924,7","924,3","51,5","18,8","16,3","18,9","18,6","16,4","16,1",86.0,85.0,85.0,134.0,"3,2",1,
2026/04/01,1100 UTC,0,"925,1","925,2","924,7","360,1","19,3","16,3","19,3","18,7","16,5",16,85.0,82.0,82.0,138.0,"4,2",2,
2026/04/01,1200 UTC,0,926,926,925,"1207,9","21,7","16,5","21,7","19,3",17,"15,5",82.0,71.0,73.0,70.0,"4,8","1,5",
2026/04/01,1300 UTC,0,"926,3","926,3",926,"2247,1","23,1","16,2","23,3","21,5","16,9","15,5",72.0,64.0,65.0,127.0,"4,6","1,3",
2026/04/01,1400 UTC,0,"925,8","926,3","925,8","3011,8","24,2","15,3","25,3","22,7","16,9","15,1",65.0,55.0,58.0,337.0,"3,2","1,3",
2026/04/01,1500 UTC,0,"925,3","925,8","925,3","1510,5",25,"14,9","25,4","24,1","16,5","14,9",61.0,54.0,54.0,35.0,"5,7","1,9",
2026/04/01,1600 UTC,0,"924,3","925,3","924,3","3132,6","27,1","14,9","27,8","24,9","15,8","14,1",56.0,45.0,47.0,13.0,"5,9","2,5",
2026/04/01,1700 UTC,0,"923,6","924,3","923,6","2323,8","27,8",15,28,"25,9","16,1","14,3",52.0,45.0,46.0,2.0,"6,7",2,
2026/04/01,1800 UTC,0,"923,1","923,6","923,1","1833,3",27,"15,3","28,1","26,9","15,9","13,8",50.0,44.0,49.0,41.0,"5,6","1,8",
2026/04/01,1900 UTC,0,"922,8","923,1","922,8","791,2","26,3","15,4","27,1","26,3","15,8","14,8",52.0,48.0,51.0,51.0,"5,6","2,4",
2026/04/01,2000 UTC,0,"923,2","923,2","922,6","608,1","24,9","17,6","26,9","24,9","17,6","15,4",64.0,51.0,64.0,220.0,"5,3","2,2",
2026/04/01,2100 UTC,0,"923,8","923,9","923,2","166,2","22,4","17,1","24,9","22,4","17,6","16,9",72.0,64.0,72.0,213.0,"4,9","1,1",
2026/04/01,2200 UTC,0,"924,7","924,7","923,8",,"21,6","16,9","22,5","21,6","17,1","16,1",74.0,69.0,74.0,191.0,"6,7","1,6",
2026/04/01,2300 UTC,0,"925,4","925,5","924,7",,"20,9","15,6","21,6","20,9","17,1","15,3",76.0,70.0,72.0,173.0,5,"1,1",
2026/04/02,0000 UTC,0,"926,2","926,2","925,4",,"20,7","17,5","21,1","20,7","17,5","15,7",82.0,72.0,82.0,100.0,"5,3","2,2",
2026/04/02,0100 UTC,0,"926,1","926,2",926,,21,"17,4",21,"20,6","17,7","17,4",83.0,80.0,80.0,110.0,"5,3","1,6",
2026/04/02,0200 UTC,0,"925,8","926,1","925,7",,21,"17,5","21,1","20,9","17,6","17,4",81.0,80.0,80.0,86.0,"4,4",",9",
2026/04/02,0300 UTC,0,"925,7",926,"925,7",,"20,9","17,2",21,"20,8","17,5","17,2",80.0,80.0,80.0,114.0,"3,4",",9",
2026/04/02,0400 UTC,0,"925,2","925,7","925,2",,"20,9",17,21,"20,8","17,3","16,9",80.0,78.0,78.0,76.0,3,",5",
2026/04/02,0500 UTC,0,"924,8","925,2","924,7",,21,"16,8","21,1","20,7","17,1","16,8",79.0,77.0,77.0,78.0,"1,9",",3",
2026/04/02,0600 UTC,0,"924,2","924,8","924,2",,21,"16,7","21,4","20,9",17,"16,7",77.0,75.0,76.0,158.0,"2,9",0,
2026/04/02,0700 UTC,0,"924,3","924,4","924,2",,"21,3","17,1","21,8","20,8","17,3","16,7",78.0,75.0,77.0,350.0,"5,2","1,5",
2026/04/02,0800 UTC,0,"924,3","924,4","924,3",,21,"17,1","21,3","20,9","17,3","17,1",79.0,77.0,78.0,122.0,"3,2","1,5",
2026/04/02,0900 UTC,0,925,925,"924,3",,"20,3","17,2","21,1","20,3","17,4",17,82.0,78.0,82.0,151.0,"3,3",1,
2026/04/02,1000 UTC,0,"925,7","925,7",925,"41,1","20,6","17,5","20,6","20,1","17,5",17,83.0,82.0,83.0,121.0,"2,4",1,
2026/04/02,1100 UTC,0,"926,3","926,3","925,7","750,3","23,3","17,4","23,5","20,6","18,3","17,4",83.0,69.0,70.0,116.0,"2,4","1,2",
2026/04/02,1200 UTC,0,"926,3","926,4","926,2","1625,8","24,9","16,6","25,3","23,3","18,3","16,4",70.0,59.0,60.0,70.0,"4,1","1,2",
2026/04/02,1300 UTC,0,"926,5","926,7","926,3","2493,6","26,2","16,8","26,7","24,9","17,5",16,62.0,55.0,56.0,20.0,"7,4","2,3",
2026/04/02,1400 UTC,0,"926,2","926,6","926,2","2933,7","26,4","16,3","26,8","25,7","16,9",16,57.0,52.0,54.0,357.0,"8,7","4,5",
2026/04/02,1500 UTC,0,"925,9","926,3","925,9","2688,6","27,6","16,1","27,7","26,4","16,8","15,9",54.0,49.0,50.0,24.0,"8,5","3,4",
2026/04/02,1600 UTC,0,"925,5",926,"925,5","2886,4","28,5","16,2",29,"27,3","16,9","15,5",51.0,45.0,47.0,359.0,"7,9","3,4",
2026/04/02,1700 UTC,0,"924,8","925,5","924,8","2761,5","27,8","15,6","28,9","27,5","17,1","15,4",51.0,46.0,47.0,338.0,"8,6","3,8",
2026/04/02,1800 UTC,",4","924,3","924,8","924,2","1469,2",28,"17,2","28,3","25,7","17,9","15,5",61.0,47.0,52.0,39.0,"8,6",2,
2026/04/02,1900 UTC,0,"924,5","924,7","924,2","480,2","25,6","15,8",28,"25,6","17,7","15,4",57.0,49.0,55.0,335.0,"8,4","4,6",
2026/04/02,2000 UTC,",6","925,3","925,4","924,5","23,5","22,1","16,9","25,6",22,"17,5",16,74.0,55.0,73.0,74.0,"10,2",",6",
2026/04/02,2100 UTC,",2","925,4","925,6","925,2","150,2",22,"17,4","22,3",22,"17,4","16,3",75.0,69.0,75.0,274.0,"3,7","1,1",
2026/04/02,2200 UTC,0,"926,1","926,4","925,4",,"22,1","17,5","22,1","21,9","17,8",17,77.0,73.0,75.0,164.0,"2,8",1,
2026/04/02,2300 UTC,0,"927,2","927,3","926,1",,"21,2","14,1","22,5","21,2","17,8","13,9",75.0,61.0,64.0,76.0,"7,1","2,8",
2026/04/03,0000 UTC,0,"927,6","927,6","927,2",,21,"16,1","21,2","20,8","16,1","14,2",74.0,64.0,74.0,85.0,"7,4",1,
2026/04/03,0100 UTC,0,"927,6","927,8","927,6",,"20,8","16,6","21,2","20,5",17,"16,1",79.0,73.0,77.0,73.0,"3,4","1,4",
2026/04/03,0200 UTC,",2","927,3","927,8","927,3",,"20,7","16,6","20,9","20,5","16,7","16,2",78.0,75.0,77.0,76.0,"4,9",2,
2026/04/03,0300 UTC,0,"927,1","927,3","927,1",,"20,8","16,8","20,8","20,7",17,"16,6",79.0,77.0,78.0,111.0,"4,9","1,3",
2026/04/03,0400 UTC,0,927,"927,1",927,,"20,6","16,8","20,8","20,6",17,"16,8",79.0,78.0,79.0,98.0,3,"1,4",
2026/04/03,0500 UTC,0,"926,6",927,"926,6",,"20,1","16,9","20,6","20,1",17,"16,8",82.0,79.0,82.0,116.0,"3,8",",6",
2026/04/03,0600 UTC,0,"926,4","926,6","926,4",,20,"17,4","20,1","19,9","17,4","16,8",85.0,82.0,85.0,116.0,"2,5",",5",
2026/04/03,0700 UTC,0,"926,1","926,4","926,1",,"19,7","17,1","20,1","19,6","17,4",17,85.0,84.0,85.0,147.0,"1,9",0,
2026/04/03,0800 UTC,0,"926,3","926,3",926,,"19,4",17,"19,7","19,4","17,3",17,86.0,85.0,86.0,167.0,0,0,
2026/04/03,0900 UTC,0,"926,5","926,5","926,3",,"19,2","17,1","19,5","19,2","17,2",17,88.0,86.0,88.0,118.0,0,0,
2026/04/03,1000 UTC,0,"926,9","926,9","926,5","47,6","19,7","17,4","19,7","19,1","17,4",17,88.0,87.0,87.0,216.0,"1,9",",2",
2026/04/03,1100 UTC,0,"927,6","927,6","926,9","809,5","23,3","17,2","23,3","19,7",19,"17,2",87.0,69.0,69.0,341.0,"2,3",",8",
2026/04/03,1200 UTC,0,"928,2","928,2","927,6","1613,7","24,2","16,6","24,7","23,3","17,5","16,5",69.0,61.0,63.0,344.0,"6,8","2,8",
2026/04/03,1300 UTC,0,"928,1","928,3",928,"2356,8","25,3","16,8","25,9","24,1","17,6","16,5",63.0,58.0,60.0,11.0,"8,7","4,3",
2026/04/03,1400 UTC,0,928,"928,1",928,"2924,9","26,6","17,5","27,1","25,3","17,7","16,7",60.0,55.0,57.0,353.0,"10,6","4,2",
2026/04/03,1500 UTC,0,"927,5",928,"927,5","3094,7","27,4","17,3","27,8","26,4","17,8","16,7",57.0,52.0,54.0,342.0,"10,6","3,8",
2026/04/03,1600 UTC,0,"926,7","927,6","926,7","2617,3","27,8","16,9","28,5","26,9",18,"16,3",56.0,49.0,51.0,335.0,"10,2","2,5",
2026/04/03,1700 UTC,0,"926,2","926,7","926,2",2051,"28,3",16,"29,2","27,3","16,9","15,5",52.0,45.0,47.0,342.0,"7,8","2,9",
2026/04/03,1800 UTC,0,"925,7","926,2","925,6","2133,9","28,9",16,"29,8",28,"17,3","15,3",49.0,43.0,46.0,326.0,"7,9",3,
2026/04/03,1900 UTC,0,"925,6","925,7","925,4","873,7","27,4","16,1","29,2","27,4","16,4","15,2",50.0,44.0,50.0,323.0,"8,5","2,5",
2026/04/03,2000 UTC,0,"925,7","925,8","925,5","650,9",27,"17,1","27,5","26,9","17,2","15,4",55.0,48.0,55.0,268.0,"7,1","2,8",
2026/04/03,2100 UTC,0,"925,9","925,9","925,7","324,5","25,3","17,1","27,3","25,3","17,4","16,9",60.0,54.0,60.0,281.0,"5,7",",8",
2026/04/03,2200 UTC,0,"926,3","926,3","925,9",,"24,6","17,1","25,3","24,5","17,1","16,9",63.0,60.0,63.0,83.0,"2,8",",3",
2026/04/03,2300 UTC,0,"927,1","927,1","926,3",,"23,7","17,7","24,7","23,7","19,1",17,74.0,63.0,69.0,101.0,"7,2","2,6",
2026/04/04,0000 UTC,0,928,928,"927,1",,"22,7",17,"23,7","22,7","17,6",17,71.0,68.0,71.0,123.0,"6,5","1,5",
2026/04/04,0100 UTC,0,"928,4","928,4",928,,22,"16,5","22,7",22,"17,1","16,4",72.0,70.0,71.0,121.0,"7,4","2,1",
2026/04/04,0200 UTC,0,"928,8","928,9","928,4",,"21,8","16,9",22,"21,7","16,9","16,4",74.0,71.0,73.0,103.0,"7,1","1,5",
2026/04/04,0300 UTC,0,"928,4","928,8","928,4",,"21,2",17,"21,9","21,2",17,"16,8",77.0,73.0,77.0,138.0,"4,9","1,4",
2026/04/04,0400 UTC,0,"927,9","928,4","927,9",,"20,7","17,3","21,2","20,7","17,3","16,9",81.0,77.0,81.0,127.0,"3,4","1,1",
2026/04/04,0500 UTC,0,"927,4","927,9","927,4",,"19,9","17,4","20,7","19,9","17,5","17,3",85.0,81.0,85.0,127.0,"3,6","1,6",
2026/04/04,0600 UTC,0,"926,7","927,4","926,7",,"19,7","17,5","19,9","19,5","17,6","17,3",88.0,85.0,88.0,109.0,"3,6",",3",
2026/04/04,0700 UTC,0,"926,3","926,7","926,3",,"19,4","17,4","19,7","19,4","17,6","17,4",88.0,87.0,88.0,78.0,"2,3",",2",
2026/04/04,0800 UTC,0,"926,3","926,3","926,1",,"19,4","17,5","19,6","19,2","17,6","17,3",89.0,88.0,89.0,99.0,"1,6",0,
2026/04/04,0900 UTC,0,"926,8","926,8","926,3",,"19,5","17,7","19,6","19,3","17,7","17,4",89.0,89.0,89.0,156.0,0,0,
2026/04/04,1000 UTC,0,"927,3","927,3","926,8","49,4","19,9","17,7","19,9","19,5","17,8","17,5",89.0,87.0,87.0,105.0,"1,8",0,
2026/04/04,1100 UTC,0,"927,8","927,8","927,3","775,9","23,2",18,"23,3","19,9","18,9","17,5",87.0,72.0,72.0,110.0,"1,9",",8",
2026/04/04,1200 UTC,0,"928,5","928,5","927,8","1606,8","24,4","16,8","25,4","23,2","18,4","16,7",72.0,61.0,63.0,56.0,"2,2",",8",
2026/04/04,1300 UTC,0,"928,5","928,5","928,4","2346,6","26,7","17,4","26,7","24,4","17,9","16,5",64.0,55.0,57.0,335.0,"4,9","1,5",
2026/04/04,1400 UTC,0,"928,2","928,5","928,2","2951,1","28,1","16,9","28,1","26,3","17,7","16,4",57.0,50.0,50.0,7.0,"4,1","1,6",
2026/04/04,1500 UTC,0,"927,6","928,2","927,6","2877,4","28,2",16,"29,8","27,2","18,1","15,8",54.0,45.0,47.0,305.0,"5,9","2,9",
2026/04/04,1600 UTC,0,"926,8","927,6","926,8","1047,2","27,8","16,1","29,2","27,5","17,5","15,3",52.0,44.0,49.0,303.0,"5,9","1,8",
2026/04/04,1700 UTC,0,"925,9","926,8","925,9","1459,9",29,"16,6","30,1","27,8","16,6","15,2",49.0,41.0,47.0,3.0,"6,8","2,7",
2026/04/04,1800 UTC,0,"925,4","925,9","925,4","2838,5","30,2","15,2","30,6",29,"16,8",15,47.0,40.0,40.0,357.0,7,"2,7",
2026/04/04,1900 UTC,0,"925,6","925,7","925,2","1091,9","27,4","16,6",31,"27,4","16,6","14,6",52.0,38.0,52.0,178.0,"6,6","2,1",
2026/04/04,2000 UTC,",2","925,9","925,9","925,5","186,2","24,8","18,5","27,4","24,4","19,7","16,8",75.0,52.0,68.0,198.0,"8,3",",5",
2026/04/04,2100 UTC,0,"925,9",926,"925,9","75,2","23,4","17,4","24,9","23,4","18,4","17,4",74.0,66.0,69.0,179.0,"6,3",",9",
2026/04/04,2200 UTC,0,"926,6","926,6","925,6",,"23,5","18,3","23,7","23,3","18,3","17,1",72.0,67.0,72.0,97.0,"3,4","1,7",
2026/04/04,2300 UTC,0,"927,2","927,2","926,6",,"23,2","17,1","23,6","23,1","18,5","17,1",73.0,68.0,68.0,121.0,"4,5","1,8",
2026/04/05,0000 UTC,0,"927,7","927,7","927,2",,"22,9","17,8","23,2","22,9","17,8",17,73.0,68.0,73.0,98.0,5,"1,3",
2026/04/05,0100 UTC,0,"927,9","927,9","927,5",,"22,4","17,7","22,9","22,4","18,2","17,7",76.0,73.0,75.0,84.0,"4,2","1,7",
2026/04/05,0200 UTC,0,"927,7","927,9","927,6",,"22,3","17,4","22,5","22,3","17,8","17,4",75.0,74.0,74.0,108.0,"4,2","1,6",
2026/04/05,0300 UTC,0,"927,7","927,8","927,6",,"22,1","17,5","22,3",22,"17,6","17,3",76.0,74.0,75.0,130.0,"3,9",1,
2026/04/05,0400 UTC,0,"927,4","927,7","927,4",,"21,9","17,4","22,2","21,9","17,7","17,4",76.0,75.0,75.0,93.0,"4,2",",9",
2026/04/05,0500 UTC,0,"926,9","927,4","926,9",,21,"17,2","21,9",21,"17,4","17,1",79.0,75.0,79.0,100.0,"3,7",1,
2026/04/05,0600 UTC,0,"926,8",927,"926,8",,"20,9","17,6","21,1","20,6","17,7","17,2",82.0,79.0,82.0,102.0,"1,9",1,
2026/04/05,0700 UTC,0,"926,4","926,8","926,4",,"20,2","17,5","20,9","20,2","17,6","17,4",84.0,81.0,84.0,101.0,"2,2",",5",
2026/04/05,0800 UTC,0,"926,4","926,5","926,2",,"20,2","17,9","20,4","20,1","17,9","17,5",86.0,84.0,86.0,146.0,"1,7",",4",
2026/04/05,0900 UTC,0,927,927,"926,4",,"19,6","17,7","20,3","19,6","17,9","17,6",89.0,86.0,89.0,141.0,"2,2",0,
2026/04/05,1000 UTC,0,"927,6","927,6",927,"53,3","20,1","18,3","20,1","19,6","18,3","17,8",90.0,89.0,90.0,111.0,"1,5",",6",
2026/04/05,1100 UTC,0,"928,2","928,2","927,5","763,1","23,1","18,4","23,4","20,1","19,4","18,2",90.0,75.0,75.0,205.0,"2,2",",7",
2026/04/05,1200 UTC,0,"928,8","928,8","928,2","1576,6","24,7","18,5","24,7","23,1","19,1",18,75.0,69.0,69.0,195.0,"2,5","1,1",
2026/04/05,1300 UTC,0,"928,9","929,1","928,8","2329,7","26,2",18,"26,2","24,5","18,7","17,2",69.0,61.0,61.0,179.0,3,",8",
2026/04/05,1400 UTC,0,"928,5","928,9","928,5","2340,1","27,5","17,1",28,"25,7","18,5","16,6",63.0,51.0,53.0,149.0,"3,8","1,6",
2026/04/05,1500 UTC,0,"928,3","928,6","928,3","2344,5","27,9","18,2","28,2","26,1","18,3","16,7",59.0,52.0,55.0,188.0,"5,9","2,1",
2026/04/05,1600 UTC,0,"927,6","928,3","927,6","2569,2","27,8","17,4","29,1","26,6","18,3","16,7",57.0,49.0,53.0,199.0,"5,9","2,1",
2026/04/05,1700 UTC,0,927,"927,6",927,"2602,9","28,2","16,1","28,9",27,"17,6","15,8",55.0,47.0,48.0,211.0,"6,4","2,1",
2026/04/05,1800 UTC,0,"926,6",927,"926,5","1401,8","27,9","16,7",29,"26,7","17,6","15,9",55.0,46.0,51.0,169.0,"6,2","2,1",
2026/04/05,1900 UTC,0,"926,4","926,6","926,2",1400,27,"16,5","28,4","26,9","16,8","15,7",53.0,47.0,53.0,197.0,"6,9","2,7",
2026/04/05,2000 UTC,0,"926,7","926,7","926,3","776,2","26,3","16,9","27,6","25,9","17,2","16,2",58.0,51.0,56.0,189.0,"6,9","2,2",
2026/04/05,2100 UTC,0,"926,9","926,9","926,7",195,"23,6",17,"26,3","23,6","17,1","16,3",67.0,55.0,67.0,199.0,"7,2","2,9",
2026/04/05,2200 UTC,0,"927,6","927,6","926,9",,"22,8","17,6","23,6","22,7","17,8",17,74.0,67.0,73.0,192.0,"7,4","1,6",
2026/04/05,2300 UTC,0,"928,4","928,4","927,6",,"22,2","17,4","22,8","22,2","17,6","17,3",74.0,72.0,74.0,185.0,6,"2,2",
2026/04/06,0000 UTC,0,"929,3","929,3","928,4",,22,"17,4","22,4","21,9","17,6","17,3",76.0,74.0,75.0,157.0,"5,8","1,6",
2026/04/06,0100 UTC,0,"929,4","929,5","929,3",,"21,6","17,1","22,2","21,6","17,4","17,1",76.0,74.0,76.0,151.0,"4,8","1,8",
2026/04/06,0200 UTC,0,"929,1","929,5",929,,"21,4","17,3","21,7","21,2","17,3","17,1",78.0,76.0,78.0,152.0,"5,4","1,5",
2026/04/06,0300 UTC,0,"929,1","929,2","929,1",,"20,9","17,4","21,4","20,9","17,4","17,2",80.0,77.0,80.0,131.0,"4,9",2,
2026/04/06,0400 UTC,0,"928,5","929,1","928,5",,"20,5","16,7","20,9","20,5","17,4","16,7",81.0,79.0,79.0,128.0,"4,7",2,
2026/04/06,0500 UTC,0,"928,2","928,5","928,1",,"20,2","16,8","20,5","20,2","16,8","16,7",81.0,79.0,81.0,152.0,"4,5","1,4",
2026/04/06,0600 UTC,0,"927,8","928,2","927,8",,"20,1","16,9","20,4","20,1","16,9","16,7",82.0,80.0,82.0,136.0,"3,8","1,3",
2026/04/06,0700 UTC,0,"927,8","927,9","927,6",,"19,9",17,"20,1","19,8",17,"16,8",84.0,82.0,84.0,138.0,"3,7",2,
2026/04/06,0800 UTC,0,"927,8","927,9","927,7",,"19,9","17,2",20,"19,8","17,3",17,85.0,84.0,85.0,128.0,"5,5","1,8",
2026/04/06,0900 UTC,0,"928,5","928,5","927,8",,"19,9","17,2","20,1","19,8","17,4","17,2",85.0,84.0,84.0,124.0,"5,7","1,5",
2026/04/06,1000 UTC,0,"929,1","929,1","928,5","48,9","19,9","17,4",20,"19,8","17,4","17,3",86.0,84.0,85.0,151.0,5,2,
2026/04/06,1100 UTC,0,"929,7","929,7","929,1","395,7","20,5","17,3","20,6","19,9","17,6","17,1",86.0,82.0,82.0,143.0,"5,2","2,2",
2026/04/06,1200 UTC,0,"930,2","930,2","929,7","700,9","21,8","17,3",22,"20,5","17,7","17,2",82.0,76.0,76.0,125.0,"5,2","1,6",
2026/04/06,1300 UTC,0,"930,2","930,4","930,2","1728,8",24,"17,5","24,7","21,8","18,6","16,8",76.0,65.0,67.0,129.0,"5,4","2,2",
2026/04/06,1400 UTC,0,"929,6","930,2","929,5","2832,6","25,7","16,1","26,1","23,9","17,7","16,1",68.0,55.0,55.0,121.0,"7,1","2,4",
2026/04/06,1500 UTC,0,"928,6","929,6","928,6","3128,9",27,"16,1","27,7","25,7","17,6","15,5",57.0,50.0,51.0,120.0,"6,8","2,5",
2026/04/06,1600 UTC,0,"927,9","928,6","927,9","3157,9","28,1","15,9","28,6","26,9","17,2","15,2",53.0,45.0,48.0,132.0,"6,4","2,1",
2026/04/06,1700 UTC,0,"927,1","927,9","927,1","3086,7","28,9","15,4","29,2","27,7","16,5","14,5",49.0,42.0,44.0,110.0,"6,3","2,1",
2026/04/06,1800 UTC,0,"926,7","927,1","926,6","2340,1","28,7",16,"30,5","28,6","16,5","14,7",47.0,41.0,46.0,162.0,"5,1","2,2",
2026/04/06,1900 UTC,0,"926,7","926,9","926,7","1040,5","27,6","18,6","28,7","26,8","19,3","15,8",60.0,46.0,58.0,187.0,"8,4","2,7",
2026/04/06,2000 UTC,0,"926,8","926,8","926,6","655,2","24,8","18,2","27,7","24,8",19,"17,9",67.0,57.0,67.0,194.0,"7,9","2,7",
2026/04/06,2100 UTC,0,"927,3","927,3","926,8","160,2","24,1","18,5","25,1","24,1","18,5","18,1",71.0,66.0,71.0,181.0,"6,9","1,8",
2026/04/06,2200 UTC,0,"927,1","927,3","926,9",,"23,5","18,2","24,1","23,5","18,4","18,1",72.0,70.0,72.0,155.0,"5,7","2,4",
2026/04/06,2300 UTC,0,"928,3","928,3","927,1",,"23,3","18,1","23,5","23,2","18,3",18,73.0,72.0,73.0,153.0,"5,6","1,8",
2026/04/07,0000 UTC,0,"928,7","928,7","928,3",,"22,6","17,6","23,3","22,6","18,2","17,6",74.0,73.0,73.0,160.0,"7,7","2,1",
2026/04/07,0100 UTC,0,"929,2","929,3","928,7",,"22,1","17,6","22,6",22,"17,7","17,5",76.0,73.0,76.0,159.0,"5,1","1,5",
2026/04/07,0200 UTC,0,"929,2","929,3","929,1",,22,"17,3","22,1",22,"17,6","17,2",76.0,74.0,75.0,147.0,"4,9","1,8",
2026/04/07,0300 UTC,0,"929,3","929,3","929,1",,22,"17,4","22,1","21,9","17,4","17,3",75.0,75.0,75.0,123.0,"3,6",1,
2026/04/07,0400 UTC,0,"929,2","929,4","929,2",,"21,9","17,6","22,1","21,9","17,7","17,4",77.0,75.0,76.0,136.0,"2,9",",7",
2026/04/07,0500 UTC,0,"928,8","929,2","928,8",,"21,6",18,"21,9","21,5",18,"17,6",80.0,76.0,80.0,203.0,2,",6",
2026/04/07,0600 UTC,0,"928,5","928,8","928,5",,"21,5",18,"21,7","21,5","18,2","17,9",80.0,80.0,80.0,185.0,"1,9",",4",
2026/04/07,0700 UTC,0,"928,1","928,5","928,1",,"21,5","18,2","21,6","21,4","18,2",18,82.0,80.0,82.0,140.0,"1,6",",4",
2026/04/07,0800 UTC,0,"927,9","928,2","927,8",,"21,8","18,1","21,8","21,5","18,3","18,1",82.0,80.0,80.0,73.0,"2,6",1,
2026/04/07,0900 UTC,"1,6","928,1","928,5","927,8",,"20,6",18,"21,8","20,6","18,1","17,6",85.0,79.0,85.0,35.0,"5,2",2,
2026/04/07,1000 UTC,"1,4","927,9","928,1","927,7","109,1","20,9","18,7",21,"20,4","18,8","18,1",88.0,85.0,87.0,82.0,"5,2","1,1",
2026/04/07,1100 UTC,",2","928,4","928,4","927,9","268,9","21,8","18,5","21,8","20,7","18,9","18,1",87.0,82.0,82.0,70.0,"3,7","1,4",
2026/04/07,1200 UTC,0,"929,1","929,1","928,4","1138,5","23,8","18,4","23,8","21,8","18,7","17,8",82.0,70.0,72.0,84.0,"3,6","1,5",
2026/04/07,1300 UTC,0,"929,3","929,4","929,1",925,"24,3","18,4","24,5","23,8","18,8","17,9",72.0,68.0,70.0,21.0,3,",9",
2026/04/07,1400 UTC,0,"928,9","929,3","928,9",1830,"26,1","18,4","26,8","24,3","19,3","18,1",70.0,61.0,63.0,55.0,4,"1,9",
2026/04/07,1500 UTC,0,928,"928,9",928,"2434,5",28,"18,6",28,"25,8",19,"17,7",65.0,55.0,57.0,17.0,"5,3","2,6",
2026/04/07,1600 UTC,0,927,928,927,"2907,2","27,9",18,"29,5","27,2",20,17,59.0,51.0,55.0,5.0,"5,5","2,2",
2026/04/07,1700 UTC,0,"926,3",927,"926,3","1843,4","27,5",18,"28,7",27,"19,2","17,2",59.0,51.0,56.0,12.0,"4,6",2,
2026/04/07,1800 UTC,"16,8","926,5","926,9","925,6","366,8","19,8","18,2","27,8","19,8","19,2","17,1",90.0,55.0,90.0,32.0,12,"3,1",
2026/04/07,1900 UTC,"2,4",926,"926,4","925,8","262,8","21,2","18,1","21,9","19,8","19,8","17,7",92.0,78.0,83.0,3.0,"9,3","2,4",
2026/04/07,2000 UTC,",6","925,9","926,4","925,9","373,1","21,8","18,9","21,9","21,2",19,"18,1",84.0,81.0,84.0,97.0,"6,5","2,7",
2026/04/07,2100 UTC,0,"925,6",926,"925,6","432,9","22,4","18,6","22,7","21,8","19,4","18,5",84.0,78.0,80.0,66.0,"6,5","1,2",
2026/04/07,2200 UTC,0,"925,6","925,8","925,5",,"21,6","18,6","22,4","21,6",19,"18,5",83.0,79.0,83.0,82.0,"2,5",",8",
2026/04/07,2300 UTC,0,"926,2","926,2","925,6",,"21,9","18,1","21,9","21,3","18,8","18,1",84.0,79.0,79.0,79.0,"5,1","2,1",
2026/04/08,0000 UTC,0,"926,5","926,6","926,2",,"21,9","17,8","21,9","21,3","18,1","17,7",81.0,78.0,78.0,29.0,"5,1",",7",
2026/04/08,0100 UTC,0,"926,6","926,7","926,5",,"21,6","17,9",22,"21,1","18,1","17,3",82.0,75.0,80.0,360.0,3,"1,1",
2026/04/08,0200 UTC,0,"926,5","926,7","926,4",,22,"17,6","22,2","21,4","17,9","17,3",80.0,74.0,76.0,26.0,"3,8","1,6",
2026/04/08,0300 UTC,0,"925,9","926,5","925,9",,"21,7","17,7",22,"21,7","17,8","17,6",78.0,76.0,78.0,356.0,4,"1,6",
2026/04/08,0400 UTC,0,"925,9","926,1","925,9",,22,"17,6","22,1","21,7","17,8","17,6",78.0,76.0,76.0,354.0,"6,4","2,7",
2026/04/08,0500 UTC,0,"925,5","925,9","925,5",,"21,6","17,6","22,1","21,3","17,8","17,5",80.0,76.0,78.0,32.0,"6,4","1,5",
2026/04/08,0600 UTC,0,"925,2","925,5","925,1",,"21,6","17,4","21,7","21,2","17,6","17,3",79.0,76.0,77.0,349.0,"8,1","3,9",
2026/04/08,0700 UTC,0,"924,9","925,2","924,9",,"22,3","17,1","22,4","21,5","17,4",17,77.0,72.0,73.0,353.0,"11,5","4,5",
2026/04/08,0800 UTC,0,925,"925,1","924,8",,"21,8","17,4","22,3","21,8","17,4","17,1",76.0,73.0,76.0,14.0,"8,5","2,8",
2026/04/08,0900 UTC,0,"925,6","925,6",925,,22,"17,6","22,1","21,8","17,6","17,4",77.0,75.0,76.0,339.0,"7,1","3,5",
2026/04/08,1000 UTC,",2","925,8","926,1","925,6",12,"20,5","17,8","22,1","20,5","17,9","17,6",84.0,76.0,84.0,339.0,"9,2",3,
2026/04/08,1100 UTC,",2",926,"926,1","925,6","251,2","21,4","18,1","21,4","20,4","18,2","17,6",85.0,81.0,82.0,21.0,7,"1,4",
2026/04/08,1200 UTC,0,"926,5","926,5","925,9","763,3","22,7","16,6","22,7","21,4","18,3","16,6",82.0,69.0,69.0,351.0,7,"3,1",
2026/04/08,1300 UTC,0,"926,6","926,6","926,4","1911,1","23,6","16,8","23,9","22,6","17,2","16,3",69.0,64.0,66.0,332.0,10,"3,9",
2026/04/08,1400 UTC,0,"926,4","926,7","926,4","1020,6","23,1","16,2",24,"23,1","17,2","16,1",69.0,65.0,65.0,349.0,"10,4","4,4",
2026/04/08,1500 UTC,0,"925,4","926,4","925,3","1902,7","24,2","16,3","24,7","23,1","16,9",16,66.0,60.0,61.0,358.0,"10,7","4,6",
2026/04/08,1600 UTC,0,"924,9","925,4","924,9","917,4",24,16,"24,6","23,4","16,7","15,4",63.0,59.0,61.0,1.0,"10,5","1,7",
2026/04/08,1700 UTC,0,"924,4","924,9","924,4","992,1","24,5",16,"24,5","23,8","16,2","15,6",62.0,59.0,59.0,345.0,"7,9","3,3",
2026/04/08,1800 UTC,0,"923,9","924,4","923,7","1349,1","24,7","14,7","25,9","24,5","16,6","14,3",59.0,52.0,54.0,357.0,"10,1","4,7",
2026/04/08,1900 UTC,0,"923,4","923,9","923,4","590,6","24,3","15,5","24,7","24,3","15,6","14,5",58.0,53.0,58.0,7.0,10,3,
2026/04/08,2000 UTC,0,923,"923,4","922,9","1085,6","25,9","16,2","26,4","24,3","16,4","15,5",59.0,53.0,55.0,7.0,"7,2","3,5",
2026/04/08,2100 UTC,,,,,,,,,,,,,,,,,,
2026/04/08,2200 UTC,0,924,924,"923,3",,"23,9","17,3","24,7","23,9","17,4","17,1",67.0,62.0,67.0,5.0,5,"1,8",
2026/04/08,2300 UTC,0,"924,2","924,2",924,,"23,4","17,5","24,1","23,4","17,6","17,2",70.0,66.0,70.0,38.0,"6,5","1,4",
2026/04/09,0000 UTC,0,"924,3","924,5","924,2",,"23,3","17,2","23,5","23,2","17,6","17,2",70.0,68.0,69.0,14.0,"6,5","2,9",
2026/04/09,0100 UTC,0,"924,7","924,8","924,1",,"23,2","16,8","23,3","23,1","17,1","16,8",69.0,67.0,67.0,2.0,"6,7","3,2",
2026/04/09,0200 UTC,0,925,925,"924,6",,23,"16,8","23,2",23,"16,8","16,8",68.0,67.0,68.0,359.0,"8,2","3,4",
2026/04/09,0300 UTC,0,925,"925,2",925,,"22,6","17,3",23,"22,6","17,3","16,8",72.0,68.0,72.0,359.0,8,"3,1",
2026/04/09,0400 UTC,0,"924,7",925,"924,7",,"22,6","17,5","22,7","22,4","17,5","17,3",73.0,72.0,73.0,1.0,"6,7","1,9",
2026/04/09,0500 UTC,0,"924,4","924,8","924,4",,"22,3","17,6","22,7","22,2","17,7","17,5",75.0,73.0,75.0,12.0,"3,5","1,1",
2026/04/09,0600 UTC,0,"924,3","924,6","924,3",,22,"17,5","22,3",22,"17,6","17,5",76.0,74.0,76.0,17.0,4,2,
2026/04/09,0700 UTC,0,"924,3","924,5","924,3",,22,"17,6",22,"21,8","17,7","17,5",77.0,76.0,76.0,331.0,"4,5","1,8",
2026/04/09,0800 UTC,0,"924,5","924,5","924,3",,"21,4","17,9",22,"21,4","17,9","17,6",81.0,76.0,81.0,335.0,"5,4","1,3",
2026/04/09,0900 UTC,0,"925,1","925,1","924,4",,"21,5","17,9","21,5","21,4",18,"17,9",81.0,80.0,80.0,343.0,"4,6",1,
2026/04/09,1000 UTC,0,"925,7","925,7",925,39,"21,5","17,6","21,6","21,4","17,9","17,6",80.0,78.0,79.0,336.0,"3,5","1,6",
2026/04/09,1100 UTC,0,"926,1","926,1","925,7","487,4","22,8",18,"22,8","21,5","18,1","17,5",79.0,74.0,74.0,326.0,"4,9","1,7",
2026/04/09,1200 UTC,0,"926,5","926,5","926,1","1348,5","23,7","17,7",24,"22,3","18,3","17,5",75.0,69.0,69.0,337.0,6,"1,8",
2026/04/09,1300 UTC,0,"926,8","926,8","926,4","1026,5","23,4","17,6","24,2","23,1","18,3","17,4",71.0,68.0,70.0,347.0,"5,7","2,4",
2026/04/09,1400 UTC,0,"926,5","926,9","926,5","1041,4",24,"17,5","24,2","23,4",18,"17,5",70.0,67.0,67.0,320.0,"6,1","2,4",
2026/04/09,1500 UTC,0,"925,9","926,5","925,9","1939,9","25,1","17,3",26,"23,9","18,3","17,3",68.0,60.0,62.0,327.0,"7,1","2,4",
2026/04/09,1600 UTC,0,"925,3","925,9","925,3","1463,5","26,2","17,6","26,2","24,7",18,"16,8",64.0,59.0,59.0,323.0,"7,3","2,9",
2026/04/09,1700 UTC,0,"924,5","925,3","924,4","2245,5",27,"17,1",27,"25,7","17,9","16,2",60.0,54.0,55.0,328.0,"9,9","4,6",
2026/04/09,1800 UTC,0,"923,9","924,5","923,9","2038,4","27,3","16,7","28,1","26,6","17,4","16,2",55.0,51.0,52.0,298.0,"9,9","3,4",
2026/04/09,1900 UTC,0,924,"924,1","923,8","1101,7","24,7","16,9","28,6","24,7","17,6","15,8",62.0,49.0,62.0,201.0,"7,3",2,
2026/04/09,2000 UTC,0,"924,8","924,8",924,"152,4","22,6","16,3","24,7","22,6","17,1","16,1",67.0,62.0,67.0,201.0,"6,3",3,
2026/04/09,2100 UTC,0,"925,4","925,4","924,7","78,7","21,4",16,"22,6","21,4","16,6","15,9",71.0,67.0,71.0,207.0,"7,2","2,5",
2026/04/09,2200 UTC,0,"925,8","925,8","925,4",,"20,3","15,8","21,4","20,3","16,3","15,8",76.0,71.0,75.0,178.0,6,"1,8",
2026/04/09,2300 UTC,0,"926,7","926,7","925,8",,20,"15,4","20,3","19,9","15,7","15,1",75.0,73.0,75.0,187.0,6,"1,7",
2026/04/10,0000 UTC,0,"927,3","927,3","926,7",,"19,8","15,7","20,1","19,8","15,7","15,4",77.0,75.0,77.0,184.0,"5,3",2,
2026/04/10,0100 UTC,0,"927,6","927,6","927,3",,"20,1","15,2","20,1","19,8","15,9","15,1",78.0,73.0,73.0,179.0,"5,3","1,5",
2026/04/10,0200 UTC,0,"927,5","927,7","927,5",,"20,1","15,6","20,3","20,1","15,6","15,1",75.0,73.0,75.0,138.0,"5,4","2,2",
2026/04/10,0300 UTC,0,"927,6","927,7","927,5",,"19,4","14,8","20,2","19,4","15,6","14,8",76.0,74.0,75.0,178.0,"5,3","1,4",
2026/04/10,0400 UTC,0,"927,4","927,7","927,4",,"18,9",15,"19,5","18,9","15,1","14,9",78.0,75.0,78.0,174.0,"5,2","1,3",
2026/04/10,0500 UTC,0,"927,4","927,4","927,2",,"19,1","15,3","19,2","18,8","15,3",15,79.0,78.0,79.0,149.0,"4,9","2,2",
2026/04/10,0600 UTC,0,"926,8","927,4","926,8",,"18,6","15,1","19,1","18,6","15,3",15,80.0,79.0,80.0,145.0,"4,8",2,
2026/04/10,0700 UTC,0,"926,5","926,8","926,5",,"18,4","15,2","18,6","18,3","15,3","15,1",82.0,80.0,82.0,152.0,"4,9","2,1",
2026/04/10,0800 UTC,0,"926,9","926,9","926,5",,"18,2","14,7","18,4","18,2","15,2","14,7",82.0,80.0,80.0,170.0,"5,1","1,3",
2026/04/10,0900 UTC,0,"927,3","927,3","926,9",,"18,5","14,7","18,5","18,1","14,8","14,6",80.0,79.0,79.0,193.0,"4,4",1,
2026/04/10,1000 UTC,0,928,928,"927,3","27,3","18,8","14,8","18,8","18,5","14,9","14,5",79.0,76.0,77.0,176.0,"4,8","1,2",
2026/04/10,1100 UTC,0,"928,7","928,7",928,"228,8","19,3","14,8","19,3","18,8","14,9","14,6",78.0,75.0,75.0,158.0,6,"1,6",
2026/04/10,1200 UTC,0,"929,3","929,3","928,7","574,3","19,6","14,9","20,2","19,3","15,1","14,5",75.0,71.0,74.0,135.0,"5,3","2,4",
2026/04/10,1300 UTC,0,"929,5","929,5","929,3",436,"19,9","14,3","20,3","19,5","15,2","14,3",75.0,70.0,70.0,161.0,5,"1,7",
2026/04/10,1400 UTC,0,"929,4","929,5","929,3","721,9","20,6",14,"21,3","19,8","14,6","13,8",70.0,64.0,66.0,158.0,"5,3","1,8",
2026/04/10,1500 UTC,",2","929,2","929,6","929,2",477,"19,5","14,8","20,6","19,4",15,"13,8",76.0,66.0,74.0,152.0,"5,2","2,2",
2026/04/10,1600 UTC,0,"928,5","929,2","928,5","882,3","19,8","13,9","20,2","19,5","14,9","13,9",75.0,68.0,69.0,166.0,6,"2,3",
2026/04/10,1700 UTC,",6","928,8","928,8","928,4","352,5","18,6","14,6","19,8","18,5","14,9","13,6",78.0,69.0,77.0,180.0,"5,4","1,4",
2026/04/10,1800 UTC,3,"928,6","928,9","928,5","420,3","17,4","14,5","18,6","16,8","14,8","13,5",84.0,75.0,83.0,140.0,"5,6","1,9",
2026/04/10,1900 UTC,0,"928,6","928,6","928,3","952,5","18,7","13,3","18,9","17,3","14,9","13,3",84.0,71.0,71.0,178.0,6,"1,8",
2026/04/10,2000 UTC,0,929,929,"928,6","336,9",17,"12,8","18,7","16,8","13,5","12,5",78.0,70.0,77.0,147.0,"5,5",2,
2026/04/10,2100 UTC,0,929,929,"928,8","99,9","17,2","13,1","17,2",17,"13,2","12,7",77.0,75.0,77.0,154.0,"5,2","1,7",
2026/04/10,2200 UTC,0,"929,4","929,4","928,9",,"17,3","13,5","17,3","17,2","13,6","13,1",79.0,77.0,79.0,156.0,"5,3","2,1",
2026/04/10,2300 UTC,",2","929,9","929,9","929,4",,"17,5","13,5","17,5","17,3","13,8","13,4",79.0,77.0,77.0,137.0,"5,7","2,4",
2026/04/11,0000 UTC,0,"930,4","930,4","929,9",,"17,4","12,8","17,5","17,4","13,8","12,8",80.0,74.0,75.0,137.0,"7,1","2,7",
2026/04/11,0100 UTC,0,"930,6","930,7","930,4",,"17,3","12,8","17,4","17,3","12,8","12,4",75.0,73.0,75.0,138.0,"6,9","2,7",
2026/04/11,0200 UTC,0,"930,2","930,6","930,1",,"16,8","13,2","17,4","16,8","13,2","12,7",79.0,74.0,79.0,117.0,"7,7",3,
2026/04/11,0300 UTC,0,930,"930,2","929,9",,"16,5","13,4","16,8","16,4","13,4","13,2",82.0,79.0,82.0,146.0,"7,7","2,6",
2026/04/11,0400 UTC,0,930,"930,2",930,,"16,6",13,"16,6","16,4","13,5",13,83.0,80.0,80.0,147.0,"8,2","3,4",
2026/04/11,0500 UTC,0,"929,5",930,"929,4",,"16,6",13,"16,6","16,4",13,13,80.0,79.0,80.0,133.0,"7,3","2,5",
2026/04/11,0600 UTC,0,"929,4","929,5","929,4",,"16,3",13,"16,6","16,3","13,1","12,9",81.0,79.0,81.0,142.0,"6,4","2,7",
2026/04/11,0700 UTC,0,"929,4","929,5","929,4",,"15,9","13,2","16,3","15,9","13,2",13,84.0,81.0,84.0,141.0,"5,7","1,7",
2026/04/11,0800 UTC,0,"929,4","929,4","929,3",,"15,8","13,2","15,9","15,7","13,3","13,1",85.0,84.0,84.0,150.0,"4,5","2,1",
2026/04/11,0900 UTC,0,930,930,"929,4",,"15,6","13,3","15,9","15,5","13,3","13,1",86.0,84.0,86.0,143.0,"4,6","1,7",
2026/04/11,1000 UTC,0,"930,4","930,4",930,"69,4",16,"13,5",16,"15,6","13,5","13,2",86.0,85.0,85.0,138.0,"4,4","1,3",
2026/04/11,1100 UTC,0,931,931,"930,4",777,"18,2","13,4","18,4",16,14,"13,4",85.0,73.0,73.0,138.0,"5,2","2,4",
2026/04/11,1200 UTC,0,"931,4","931,5",931,"1628,1","20,5","13,3","20,6","18,2","14,1","12,9",74.0,63.0,63.0,137.0,"8,1","2,6",
2026/04/11,1300 UTC,0,"931,5","931,6","931,4","2325,1","22,1","12,3","22,2","20,4",14,"11,9",65.0,54.0,54.0,134.0,"8,7","3,2",
2026/04/11,1400 UTC,0,"931,3","931,6","931,3",2898,"22,8","10,4",23,"21,5","12,8","10,4",56.0,46.0,46.0,137.0,"9,7","4,3",
2026/04/11,1500 UTC,0,"930,7","931,3","930,7","3220,7","24,2","11,5","24,2","22,6","11,7",10,48.0,42.0,45.0,121.0,"9,1","3,5",
2026/04/11,1600 UTC,0,930,"930,7",930,"3333,3","25,9","11,8","25,9","23,4","12,8","10,6",48.0,41.0,41.0,122.0,"8,2","2,4",
2026/04/11,1700 UTC,0,"929,6",930,"929,6","2273,6","24,7",12,"25,9","24,1",13,11,47.0,41.0,45.0,148.0,"7,1","2,8",
2026/04/11,1800 UTC,0,"929,4","929,6","929,4",2075,"25,2",12,"25,8",24,"13,7","11,6",50.0,44.0,44.0,168.0,"7,2","2,3",
2026/04/11,1900 UTC,0,"929,4","929,5","929,4","1416,9","24,3","12,7","25,4",24,"13,8","11,8",51.0,44.0,48.0,179.0,"7,1","2,2",
2026/04/11,2000 UTC,0,"929,7","929,7","929,4","701,6","22,7","13,6","24,9","22,6","13,8","11,8",57.0,46.0,57.0,170.0,"8,4",2,
2026/04/11,2100 UTC,0,"930,3","930,3","929,7","160,1","20,1","14,1","22,8","20,1","14,2","13,6",68.0,56.0,68.0,186.0,"7,3","2,3",
2026/04/11,2200 UTC,0,"930,9","930,9","930,3",,"19,3",13,"20,1","19,3","14,1",13,70.0,67.0,67.0,167.0,"7,1","1,9",
2026/04/11,2300 UTC,0,"931,6","931,6","930,9",,"18,5","12,7","19,3","18,5",13,"12,7",69.0,66.0,69.0,156.0,"7,1","2,4",
2026/04/12,0000 UTC,0,"931,7","931,7","931,5",,"18,3","12,8","18,5","18,3",13,"12,7",71.0,69.0,70.0,155.0,"7,1","2,5",
2026/04/12,0100 UTC,0,"931,9","931,9","931,7",,"18,3","12,4","18,5","18,2","12,9","12,3",71.0,67.0,69.0,146.0,"7,1","3,2",
2026/04/12,0200 UTC,0,"931,7","931,9","931,7",,"17,6","12,8","18,3","17,6","12,8","12,4",73.0,69.0,73.0,148.0,"7,8","1,9",
2026/04/12,0300 UTC,0,"931,5","931,7","931,5",,"17,5","12,6","17,6","17,4","12,9","12,6",74.0,73.0,73.0,139.0,"5,2","1,9",
2026/04/12,0400 UTC,0,931,"931,5","930,9",,17,"12,6","17,5",17,"12,6","12,5",75.0,73.0,75.0,136.0,"4,3","1,8",
2026/04/12,0500 UTC,0,"930,8",931,"930,8",,"16,8","12,7",17,"16,8","12,7","12,6",77.0,75.0,77.0,124.0,"4,7","1,8",
2026/04/12,0600 UTC,0,"930,5","930,8","930,5",,"16,4","12,9","16,8","16,4","12,9","12,7",80.0,77.0,80.0,122.0,"5,1","1,5",
2026/04/12,0700 UTC,0,"930,4","930,5","930,3",,"16,1",13,"16,4","16,1",13,"12,9",82.0,80.0,82.0,116.0,"4,9","1,9",
2026/04/12,0800 UTC,0,"930,2","930,4","930,2",,"15,8","13,2","16,1","15,8","13,2","12,8",84.0,82.0,84.0,123.0,5,"1,8",
2026/04/12,0900 UTC,0,"930,6","930,6","930,2",,"15,8","13,4","15,9","15,8","13,5","13,1",86.0,84.0,86.0,117.0,"6,6","2,8",
2026/04/12,1000 UTC,0,931,"931,1","930,6","53,5","16,1","13,4","16,1","15,8","13,5","13,3",86.0,84.0,84.0,122.0,"6,9","2,6",
2026/04/12,1100 UTC,0,"931,7","931,7","931,1","794,2","17,8","13,7","17,8","16,1","13,9","13,3",84.0,77.0,77.0,118.0,"8,1","3,6",
2026/04/12,1200 UTC,0,"931,9","931,9","931,6","1655,2","19,9","13,6",20,"17,6","14,6","13,5",77.0,67.0,67.0,114.0,8,"3,2",
2026/04/12,1300 UTC,0,"931,8",932,"931,8","2367,1","22,2","14,5","22,3","19,8","14,7","13,1",67.0,59.0,62.0,134.0,"7,2","2,2",
2026/04/12,1400 UTC,0,"931,4","931,8","931,4","2833,5","22,5","13,2","23,2",22,"14,9",13,63.0,55.0,56.0,97.0,"5,6","2,5",
2026/04/12,1500 UTC,0,"930,4","931,4","930,4","3207,5","24,8","13,6","24,9","22,6","14,6","12,7",58.0,49.0,50.0,130.0,5,"1,2",
2026/04/12,1600 UTC,0,"929,8","930,4","929,8","3233,1","26,1","12,3","26,5","24,3","14,7","12,2",53.0,42.0,42.0,148.0,"5,7","1,4",
2026/04/12,1700 UTC,0,"928,9","929,8","928,9",2660,26,"11,2","27,4","25,7","12,8",10,44.0,36.0,39.0,290.0,"3,9","1,2",
2026/04/12,1800 UTC,0,"928,4","928,9","928,4","1861,7","27,4","10,9","27,7","25,6","12,6","10,4",42.0,35.0,36.0,233.0,"3,7",",5",
2026/04/12,1900 UTC,0,"928,4","928,4","928,1","1735,4","24,1","15,1","28,1","24,1","15,1","8,8",57.0,31.0,57.0,216.0,"8,7","4,1",
2026/04/12,2000 UTC,0,"928,7","928,7","928,4","739,1","23,3","15,3","24,2","23,3","15,6","14,8",61.0,57.0,61.0,222.0,"8,7","2,7",
2026/04/12,2100 UTC,,,,,,,,,,,,,,,,,,
2026/04/12,2200 UTC,0,"929,4","929,5","929,2",,"19,8","15,4","20,9","19,8","15,5","15,3",75.0,71.0,75.0,208.0,"4,8",2,
2026/04/12,2300 UTC,0,"929,6","929,7","929,4",,"19,6","15,5","19,9","19,5","15,6","15,3",77.0,75.0,77.0,161.0,"4,8","1,3",
2026/04/13,0000 UTC,0,"929,9",930,"929,6",,"19,4","15,2","19,7","19,4","15,4","15,2",77.0,76.0,77.0,150.0,"3,8","1,7",
2026/04/13,0100 UTC,0,"929,7",930,"929,7",,19,"15,1","19,4",19,"15,3",15,78.0,76.0,78.0,143.0,"4,1","1,6",
2026/04/13,0200 UTC,0,"929,6","929,8","929,6",,"18,6","15,3",19,"18,6","15,3",15,81.0,78.0,81.0,130.0,"3,5","1,2",
2026/04/13,0300 UTC,0,"929,4","929,6","929,4",,19,"15,6",19,"18,6","15,6","15,3",81.0,80.0,81.0,122.0,"4,3","1,5",
2026/04/13,0400 UTC,0,"928,5","929,4","928,5",,"18,5","15,6",19,"18,4","15,6","15,4",83.0,80.0,83.0,118.0,"6,2","2,2",
2026/04/13,0500 UTC,0,"928,1","928,5",928,,"18,2","15,7","18,5","18,2","15,7","15,6",85.0,83.0,85.0,120.0,"6,8","2,1",
2026/04/13,0600 UTC,0,"927,5","928,1","927,5",,"17,9","15,6","18,2","17,9","15,8","15,6",86.0,85.0,86.0,119.0,"5,7","1,7",
2026/04/13,0700 UTC,0,"927,5","927,5","927,4",,"17,8","15,5","17,9","17,7","15,6","15,4",87.0,86.0,86.0,94.0,"5,5","1,6",
2026/04/13,0800 UTC,0,"927,3","927,5","927,2",,"17,7","15,1",18,"17,7","15,6","15,1",86.0,85.0,85.0,111.0,"6,2","1,4",
2026/04/13,0900 UTC,0,"927,8","927,8","927,2",,"17,9","15,3",18,"17,7","15,4","15,2",85.0,85.0,85.0,110.0,5,"1,5",
2026/04/13,1000 UTC,0,"927,9","927,9","927,7","44,5","18,1","15,2","18,1","17,9","15,4","15,2",85.0,84.0,84.0,120.0,6,"2,6",
2026/04/13,1100 UTC,0,"928,8","928,8","927,9","327,9","18,7","15,4","18,7",18,"15,5","15,2",84.0,81.0,81.0,124.0,6,"1,9",
2026/04/13,1200 UTC,0,"929,4","929,4","928,8","1090,1","20,7","15,3","20,8","18,7",16,"15,1",81.0,71.0,71.0,127.0,"4,6","2,1",
2026/04/13,1300 UTC,0,"929,5","929,6","929,4","2291,6","22,3","15,4","22,3","20,5",16,"14,7",71.0,65.0,65.0,125.0,"5,4","1,7",
2026/04/13,1400 UTC,0,"929,5","929,5","929,4","2809,4",24,"15,3","24,1","22,3","16,2","14,6",65.0,57.0,58.0,127.0,"3,8",",9",
2026/04/13,1500 UTC,0,"928,8","929,5","928,8","3178,4","25,6","13,6","26,3","23,8","15,8","13,6",60.0,47.0,47.0,135.0,"2,8",1,
2026/04/13,1600 UTC,0,"927,8","928,8","927,8","1422,2","26,1",13,"26,1","24,8","14,8","11,4",51.0,43.0,44.0,359.0,3,",9",
2026/04/13,1700 UTC,0,"927,1","927,8","927,1","1932,8","26,9","12,3","27,3","25,6","13,7","11,4",45.0,39.0,40.0,280.0,"2,4",",9",
2026/04/13,1800 UTC,0,"926,6","927,1","926,6","2054,2",27,"9,8","27,7","26,4","13,1","9,8",43.0,34.0,34.0,45.0,3,"1,1",
2026/04/13,1900 UTC,0,"926,4","926,6","926,3","1431,1","26,6","11,4","27,9","26,5","12,2","9,8",40.0,34.0,39.0,152.0,"4,1","1,1",
2026/04/13,2000 UTC,0,"926,8","926,8","926,4","493,7","24,4","15,6","26,9","24,4","15,6","11,1",58.0,37.0,58.0,188.0,"6,8","2,7",
2026/04/13,2100 UTC,,,,,,,,,,,,,,,,,,
2026/04/13,2200 UTC,0,"927,3","927,3","927,2",,"21,6","15,4","22,5","21,6","15,4","14,7",68.0,62.0,68.0,188.0,"5,5",1,
2026/04/13,2300 UTC,0,"927,5","927,5","927,3",,"20,8",16,"21,6","20,8","16,3","15,4",74.0,68.0,74.0,159.0,"3,6","1,2",
2026/04/14,0000 UTC,0,"927,6","927,7","927,5",,"20,4","15,9","20,8","20,3","16,2","15,9",76.0,74.0,76.0,141.0,"3,7","1,2",
2026/04/14,0100 UTC,0,"927,6","927,6","927,4",,20,"15,8","20,4","19,9","15,9","15,6",77.0,75.0,77.0,155.0,"3,3",",8",
2026/04/14,0200 UTC,0,"927,5","927,6","927,4",,20,"15,4","20,1","19,9","15,9","15,3",77.0,74.0,75.0,151.0,3,",9",
2026/04/14,0300 UTC,0,"927,5","927,7","927,4",,"19,7","15,5",20,"19,6","15,6","15,3",77.0,75.0,77.0,154.0,"2,6",1,
2026/04/14,0400 UTC,0,"927,4","927,5","927,4",,"19,3","15,7","19,6","19,1","15,8","15,4",80.0,77.0,80.0,128.0,"2,5",",9",
2026/04/14,0500 UTC,0,"926,9","927,4","926,9",,"18,7","15,7","19,3","18,6","15,9","15,6",83.0,80.0,83.0,139.0,"2,1",",8",
2026/04/14,0600 UTC,0,"926,8","926,9","926,7",,"18,5",16,"18,8","18,2",16,"15,5",86.0,83.0,86.0,184.0,"2,3",",3",
2026/04/14,0700 UTC,0,"926,6","926,8","926,5",,"17,9","15,4","18,5","17,9",16,"15,2",86.0,84.0,85.0,190.0,"2,8",",7",
2026/04/14,0800 UTC,0,927,927,"926,5",,"18,2","15,4","18,3","17,9","15,5","15,3",85.0,84.0,84.0,189.0,"2,8",1,
2026/04/14,0900 UTC,0,"927,6","927,6","926,9",,"18,4","15,3","18,4","18,2","15,5","15,3",84.0,82.0,83.0,178.0,"2,6",",9",
2026/04/14,1000 UTC,0,"927,9","927,9","927,5","44,3","18,5","15,2","18,5","18,2","15,3",15,83.0,81.0,81.0,143.0,"3,2","1,3",
2026/04/14,1100 UTC,0,"928,2","928,2","927,9","348,6","19,2","15,1","19,2","18,5","15,2","14,8",81.0,77.0,77.0,138.0,"4,5",2,
2026/04/14,1200 UTC,0,"928,9",929,"928,2","1495,3","21,4","14,4","21,6","19,2","15,9","14,4",77.0,64.0,64.0,130.0,"5,2","2,2",
2026/04/14,1300 UTC,0,"928,4","928,9","928,4",2008,"21,6","13,8","22,6","21,2","15,1","13,2",66.0,56.0,61.0,134.0,"5,6","2,6",
2026/04/14,1400 UTC,0,928,"928,4",928,"2791,7","24,1","13,6","24,1","21,5","14,5","12,9",62.0,52.0,52.0,93.0,6,"1,9",
2026/04/14,1500 UTC,0,"927,2",928,"927,2","2463,5","24,1","13,1","24,4","22,9","13,9",12,55.0,48.0,50.0,126.0,"4,5","1,5",
2026/04/14,1600 UTC,0,"926,3","927,2","926,3","2968,3","25,4",13,"25,9","24,1","13,5","11,3",50.0,41.0,46.0,157.0,"5,6","1,2",
2026/04/14,1700 UTC,0,"925,6","926,3","925,6","3051,4","26,6","11,7","26,8",25,"13,5","10,2",47.0,37.0,40.0,174.0,"3,9","1,6",
2026/04/14,1800 UTC,0,925,"925,6",925,"2411,1","26,5","9,9","28,1","25,7","12,1",9,40.0,33.0,35.0,174.0,"4,2","1,4",
2026/04/14,1900 UTC,0,"925,1","925,1","924,9","1439,2","25,3","14,4","27,3","25,1","14,8","10,3",51.0,35.0,51.0,187.0,6,"2,3",
2026/04/14,2000 UTC,0,"925,4","925,4","925,1","783,6","23,3",15,"25,3","23,1","15,1","14,3",61.0,51.0,60.0,193.0,"7,3","2,3",
2026/04/14,2100 UTC,0,926,926,"925,3","114,7","20,5","14,9","23,3","20,5","15,1","14,8",70.0,60.0,70.0,199.0,6,"2,7",
2026/04/14,2200 UTC,0,"926,5","926,5","925,9",,"19,4","14,1","20,5","19,4","15,1","13,9",73.0,69.0,71.0,179.0,6,"1,6",
2026/04/14,2300 UTC,0,"927,4","927,4","926,5",,"18,9","14,5","19,4","18,8","14,7","14,1",76.0,71.0,76.0,189.0,"4,9","1,3",
2026/04/15,0000 UTC,0,"927,6","927,7","927,3",,"18,7","14,1",19,"18,6","14,5",14,76.0,74.0,75.0,156.0,"6,2","2,2",
2026/04/15,0100 UTC,0,"927,7","927,7","927,5",,"18,6","14,2","18,7","18,5","14,4","14,1",77.0,75.0,76.0,147.0,"4,7",2,
2026/04/15,0200 UTC,0,"927,7","927,8","927,6",,"18,1","13,6","18,6","18,1","14,2","13,6",76.0,75.0,75.0,145.0,"5,6","2,6",
2026/04/15,0300 UTC,0,927,"927,7",927,,"17,5","13,5","18,1","17,5","13,7","13,5",77.0,75.0,77.0,154.0,"5,1","1,8",
2026/04/15,0400 UTC,0,"926,6","927,1","926,6",,"17,3",13,"17,5","17,2","13,5",13,78.0,76.0,76.0,144.0,"4,6","1,7",
2026/04/15,0500 UTC,0,"926,3","926,6","926,2",,"16,9","12,8","17,3","16,9","12,9","12,8",77.0,75.0,77.0,137.0,"5,5","1,4",
2026/04/15,0600 UTC,0,"925,9","926,3","925,8",,"16,5","12,7","16,9","16,5","12,9","12,7",78.0,77.0,78.0,134.0,4,"1,6",
2026/04/15,0700 UTC,0,"925,8",926,"925,7",,"16,9","12,8",17,"16,5","12,9","12,7",79.0,77.0,77.0,137.0,"4,5",2,
2026/04/15,0800 UTC,0,"926,3","926,4","925,8",,"16,5","12,8","16,9","16,5","12,8","12,7",79.0,77.0,79.0,132.0,"4,5","1,8",
2026/04/15,0900 UTC,0,"927,1","927,3","926,3",,"16,3",13,"16,5","16,3",13,"12,8",81.0,79.0,81.0,133.0,"4,1","1,7",
2026/04/15,1000 UTC,0,"927,8","927,8","927,1","58,5","16,8","13,4","16,8","16,2","13,4",13,82.0,81.0,81.0,126.0,"5,5","2,5",
2026/04/15,1100 UTC,0,"928,4","928,4","927,8","684,1","18,3","13,3","18,8","16,8","13,9","13,3",81.0,72.0,72.0,128.0,"6,8","3,3",
2026/04/15,1200 UTC,0,929,929,"928,4","1590,9","20,4","13,3","20,8","18,3","14,2","13,3",73.0,63.0,64.0,121.0,"6,8","2,9",
2026/04/15,1300 UTC,0,929,"929,1","928,9","2303,5","21,9","13,1","22,4","20,2","13,9","12,8",65.0,55.0,57.0,128.0,6,"2,5",
2026/04/15,1400 UTC,0,"928,1","929,1","928,1","2791,8","24,5","13,4","24,5","21,9","14,5","12,3",59.0,50.0,50.0,144.0,"5,2","2,1",
2026/04/15,1500 UTC,0,"927,5","928,1","927,5","3080,7","25,4","12,4","25,4","23,7","13,5","11,9",52.0,44.0,44.0,144.0,"6,3","2,4",
2026/04/15,1600 UTC,0,927,"927,5",927,"3143,8","25,2","9,8","25,9","24,6","12,8","9,8",47.0,37.0,38.0,143.0,"6,8","2,5",
2026/04/15,1700 UTC,0,"926,5",927,"926,5","2938,3","26,3","8,3","26,7","25,1","11,4",7,40.0,30.0,32.0,149.0,"6,2","1,5",
2026/04/15,1800 UTC,0,"925,7","926,5","925,7","2473,8","26,4","7,1","27,5","26,3","8,9","6,5",33.0,28.0,29.0,133.0,"4,8","2,2",
2026/04/15,1900 UTC,0,925,"925,7",925,"1750,6","26,8","6,7","27,6","25,9","7,8",5,31.0,25.0,28.0,113.0,"5,2","1,8",
2026/04/15,2000 UTC,0,"925,2","925,3",925,"889,4",26,"7,3","27,2",26,"7,9","5,4",31.0,26.0,31.0,128.0,"4,8","1,1",
2026/04/15,2100 UTC,,,,,,,,,,,,,,,,,,
2026/04/15,2200 UTC,0,"926,3","926,3","925,8",,"20,2","15,6","22,4","20,2","15,6","15,3",75.0,64.0,75.0,175.0,"5,9","1,7",
2026/04/15,2300 UTC,0,"926,8","926,8","926,3",,"19,7","15,6","20,2","19,5","15,7","15,5",78.0,75.0,77.0,196.0,"4,6","1,6",
2026/04/16,0000 UTC,0,927,927,"926,8",,"19,6","15,3","19,7","19,6","15,7","15,2",78.0,76.0,76.0,197.0,"4,4","1,7",
2026/04/16,0100 UTC,0,"927,1","927,1",927,,"19,5","14,5","19,8","19,5","15,4","14,5",76.0,73.0,73.0,149.0,"5,5","2,2",
2026/04/16,0200 UTC,0,"927,4","927,4","927,1",,"19,4","14,7","19,6","19,3","14,8","14,6",74.0,73.0,74.0,170.0,"4,8",1,
2026/04/16,0300 UTC,0,"927,1","927,4","927,1",,"18,7","14,3","19,4","18,6","14,8","14,2",76.0,74.0,76.0,156.0,"4,6","1,9",
2026/04/16,0400 UTC,0,"926,6","927,1","926,6",,"18,1","14,1","18,7","18,1","14,3",14,77.0,75.0,77.0,153.0,"4,6",",9",
2026/04/16,0500 UTC,0,"926,3","926,7","926,3",,"17,9","14,2","18,1","17,8","14,3","14,1",79.0,77.0,79.0,145.0,"3,2","1,7",
2026/04/16,0600 UTC,0,"925,9","926,3","925,9",,"17,4","14,5","17,9","17,4","14,5","14,2",83.0,79.0,83.0,137.0,"3,7","1,6",
2026/04/16,0700 UTC,0,"925,6","925,9","925,6",,"17,3","14,4","17,4","17,2","14,5","14,4",84.0,83.0,83.0,123.0,"3,4",",8",
2026/04/16,0800 UTC,0,"925,5","925,6","925,3",,"16,9","14,3","17,4","16,8","14,5","14,1",85.0,83.0,85.0,118.0,"4,5","1,8",
2026/04/16,0900 UTC,0,"925,4","925,5","925,3",,"16,7","14,4","16,9","16,6","14,4","14,2",87.0,85.0,87.0,127.0,"6,9","2,1",
2026/04/16,1000 UTC,0,926,926,"925,3",57,"16,8","14,6","16,8","16,5","14,6","14,4",88.0,87.0,87.0,129.0,"6,4",2,
2026/04/16,1100 UTC,0,"926,5","926,5",926,"640,2","18,7","15,1","18,7","16,8","15,3","14,6",87.0,79.0,80.0,126.0,"6,6","2,5",
2026/04/16,1200 UTC,0,"926,5","926,7","926,5","1556,1","19,7","14,4","20,2","18,7","15,3","13,9",80.0,70.0,71.0,113.0,"7,7",3,
2026/04/16,1300 UTC,0,"926,3","926,5","926,3","2292,9",22,"14,1",23,"19,7","15,5","13,7",72.0,59.0,61.0,121.0,"7,7","2,3",
2026/04/16,1400 UTC,0,"926,2","926,3","926,2","2801,4","24,4","13,6","24,5",22,"14,9","13,1",62.0,49.0,51.0,115.0,"6,1","2,1",
2026/04/16,1500 UTC,0,"925,4","926,2","925,4","3037,5","25,9",13,"26,5","24,4","14,6","11,9",51.0,43.0,45.0,279.0,"4,3","1,5",
2026/04/16,1600 UTC,0,"924,5","925,4","924,5",2035,"26,2","12,2","26,5","24,9",14,"11,4",49.0,40.0,42.0,82.0,"3,8",1,
2026/04/16,1700 UTC,0,"923,6","924,5","923,6","1874,5",27,"12,4",27,"25,6","12,7","11,1",44.0,38.0,40.0,260.0,"4,1","1,4",
2026/04/16,1800 UTC,0,"923,1","923,6","923,1","2321,6","28,1","10,9","28,2","26,5","12,5","9,3",42.0,32.0,34.0,289.0,"3,2",",8",
2026/04/16,1900 UTC,0,"922,9","923,1","922,8","1430,7","27,7","11,7","28,6","27,4","12,2",10,37.0,32.0,37.0,273.0,3,",7",
2026/04/16,2000 UTC,0,"922,8","922,9","922,6","467,9","26,1","13,9","27,7","25,9","14,5","12,5",49.0,37.0,47.0,286.0,"3,4",",7",
2026/04/16,2100 UTC,0,"923,2","923,2","922,8","126,4","23,1","16,2","26,1","23,1","16,4","14,5",65.0,47.0,65.0,205.0,"5,3","2,4",
2026/04/16,2200 UTC,0,"923,6","923,6","923,2",,"21,8","16,3","23,1","21,8","16,3",16,71.0,65.0,71.0,211.0,"5,3","2,3",
2026/04/16,2300 UTC,0,"923,7","923,7","923,6",,"20,5","16,2","21,8","20,5","16,3","16,1",77.0,71.0,77.0,190.0,"4,2",",8",
2026/04/17,0000 UTC,0,"924,2","924,3","923,6",,"20,1","16,1","20,5",20,"16,3",16,78.0,77.0,78.0,178.0,"2,4",",3",
2026/04/17,0100 UTC,0,"924,1","924,3","924,1",,"19,9","16,1","20,1","19,6","16,2","15,8",79.0,77.0,79.0,126.0,"1,8",",7",
2026/04/17,0200 UTC,0,"923,9","924,2","923,9",,"19,6","16,2","19,8","19,5","16,3","15,9",81.0,79.0,80.0,138.0,"1,7",0,
2026/04/17,0300 UTC,0,"923,5","923,9","923,5",,"19,4","16,1","19,8","19,4","16,4",16,81.0,79.0,81.0,100.0,"2,1",",6",
2026/04/17,0400 UTC,0,"923,3","923,5","923,3",,"19,1","16,1","19,5",19,"16,3","15,9",83.0,81.0,83.0,86.0,"2,2",0,
2026/04/17,0500 UTC,0,"922,8","923,3","922,8",,"18,4","15,9","19,1","18,4","16,1","15,9",86.0,83.0,86.0,69.0,0,0,
2026/04/17,0600 UTC,0,"922,4","922,8","922,4",,"18,2","15,9","18,7","18,1","16,3","15,7",87.0,85.0,86.0,65.0,0,0,
2026/04/17,0700 UTC,0,"922,1","922,5","922,1",,"18,2","16,1","18,2","17,7","16,1","15,6",88.0,86.0,88.0,94.0,0,0,
2026/04/17,0800 UTC,0,922,"922,1","921,8",,"18,1","15,5","18,4","17,9","16,1","15,5",88.0,85.0,85.0,71.0,"1,9",0,
2026/04/17,0900 UTC,0,"922,6","922,6",922,,"17,8","15,3","18,1","17,6","15,5",15,86.0,85.0,85.0,96.0,"1,7",0,
2026/04/17,1000 UTC,0,"923,1","923,1","922,6","81,2","18,5","15,2","18,5","17,7","15,4","15,1",85.0,81.0,81.0,115.0,2,"1,1",
2026/04/17,1100 UTC,0,924,924,"923,1","569,5","21,2","15,6","21,2","18,5","15,9","14,9",81.0,70.0,70.0,146.0,"2,2",",4",
2026/04/17,1200 UTC,0,"924,2","924,2",924,"1496,9","22,6",15,"22,6","20,9","15,5","14,3",70.0,61.0,62.0,117.0,"2,9","1,2",
2026/04/17,1300 UTC,0,"924,1","924,2",924,"2184,3","24,6","13,8","24,9","22,6","15,6","13,8",62.0,51.0,51.0,92.0,"2,9",",8",
2026/04/17,1400 UTC,0,"923,6","924,2","923,6","2682,8",26,"10,5","26,6","24,6","14,5","9,9",52.0,36.0,38.0,316.0,"5,9","2,8",
2026/04/17,1500 UTC,0,"922,9","923,6","922,9","2996,4","26,9","11,4","27,3","25,9","12,6","9,6",41.0,34.0,38.0,13.0,"8,3","2,8",
2026/04/17,1600 UTC,0,"921,8","922,9","921,8","2986,2","28,5","11,6","28,6","26,9",13,"11,1",40.0,35.0,35.0,23.0,"6,6","1,2",
2026/04/17,1700 UTC,0,"921,2","921,8","921,2","2552,2","28,4",12,29,"27,9","13,4","10,8",40.0,33.0,36.0,331.0,6,"1,4",
2026/04/17,1800 UTC,0,"920,8","921,2","920,8","2118,2",29,"12,6","29,7","28,1","12,6","10,8",37.0,32.0,36.0,304.0,"5,9","1,6",
2026/04/17,1900 UTC,0,"920,6","920,8","920,5","1615,5","28,8","12,1",30,"28,2",13,11,37.0,32.0,36.0,299.0,"5,8","2,2",
2026/04/17,2000 UTC,0,"920,6","920,6","920,5","847,7","28,1","11,5","29,2","28,1","12,3",11,36.0,34.0,36.0,309.0,"5,8","1,6",
2026/04/17,2100 UTC,0,"920,8","920,9","920,6","93,2","26,7","11,5","28,1","26,6",12,"11,4",40.0,36.0,39.0,332.0,"4,4","2,2",
2026/04/17,2200 UTC,0,"921,3","921,3","920,8",,"25,3","11,9","26,7","25,3","11,9","11,3",43.0,39.0,43.0,289.0,"4,4",",2",
2026/04/17,2300 UTC,0,"921,5","921,5","921,3",,"24,8",14,"25,5","24,8",14,"11,8",51.0,43.0,51.0,130.0,"2,2",",9",
2026/04/18,0000 UTC,0,"921,8","921,8","921,5",,"23,9","15,4","24,8","23,7","15,7","14,1",60.0,51.0,59.0,84.0,"2,4",",4",
2026/04/18,0100 UTC,0,"922,3","922,5","921,8",,"22,8",14,24,"22,8","15,4","13,9",59.0,54.0,58.0,100.0,"3,4",0,
2026/04/18,0200 UTC,0,"921,6","922,3","921,6",,"22,8","14,1","23,4","22,7","14,2","13,8",58.0,55.0,58.0,43.0,"2,5",",7",
2026/04/18,0300 UTC,0,"921,8","921,8","921,6",,"22,7","12,7","23,1","22,5","14,1","12,5",58.0,52.0,54.0,24.0,"2,8",0,
2026/04/18,0400 UTC,0,"921,6","921,9","921,6",,"22,6","12,7","22,7","21,7","14,2","12,7",62.0,54.0,54.0,11.0,"1,8",",8",
2026/04/18,0500 UTC,0,"921,4","921,8","921,4",,"22,5","12,1","22,6","22,1","12,7","12,1",55.0,52.0,52.0,356.0,"4,2","2,3",
2026/04/18,0600 UTC,0,"921,3","921,4","920,8",,"22,7",12,"22,7","22,1","12,1","11,9",53.0,51.0,51.0,309.0,"4,8","1,3",
2026/04/18,0700 UTC,0,"921,1","921,3","921,1",,22,"11,8","22,9",22,12,"11,6",53.0,49.0,53.0,72.0,"5,4",",3",
2026/04/18,0800 UTC,0,"921,4","921,4","921,2",,"20,9","14,2","21,9","20,9","14,2","11,8",65.0,53.0,65.0,104.0,4,"1,6",
2026/04/18,0900 UTC,0,"921,9","921,9","921,1",,"20,3","14,9","20,9","20,1",15,"14,2",72.0,65.0,71.0,137.0,"6,6","1,4",
2026/04/18,1000 UTC,0,"922,9","922,9","921,9","25,5","19,7","15,6","20,5","19,6","15,6","14,5",78.0,69.0,77.0,122.0,"5,9","1,2",
2026/04/18,1100 UTC,",2","923,1","923,1","922,4","618,5","21,3","15,3","22,1","19,7","16,2","15,3",78.0,68.0,69.0,133.0,"4,8",1,
2026/04/18,1200 UTC,",6","923,2","923,6","923,1","201,3","19,9","15,8","21,3","19,5",16,"14,9",79.0,69.0,77.0,121.0,"3,7",",6",
2026/04/18,1300 UTC,0,"923,3","923,7","923,2","1711,7","22,9","15,1","23,1","19,8","16,9","14,3",80.0,61.0,61.0,5.0,"6,2","2,8",
2026/04/18,1400 UTC,0,"922,5","923,4","922,5","2665,1",26,"15,5",26,"22,6",16,"14,9",64.0,52.0,53.0,354.0,"7,5","3,8",
2026/04/18,1500 UTC,0,"921,5","922,5","921,4","3195,2","27,3","15,1","27,3","25,5","15,8","14,7",53.0,47.0,47.0,333.0,"10,5","4,6",
2026/04/18,1600 UTC,0,"920,8","921,5","920,8","2899,4","27,5","16,6","27,9","26,6","16,6","15,1",53.0,46.0,51.0,327.0,"11,2","2,9",
2026/04/18,1700 UTC,0,"920,4","920,8","920,4","2349,5","28,2","16,5","28,4",27,17,"15,8",52.0,48.0,49.0,329.0,"9,2","3,9",
2026/04/18,1800 UTC,0,"919,7","920,4","919,7","1776,2","27,1","15,4","28,9","27,1","16,7","15,1",50.0,45.0,49.0,322.0,"9,3","4,2",
2026/04/18,1900 UTC,0,"919,9",920,"919,6","233,9","26,6","15,8","27,2","26,6","16,2","15,4",52.0,49.0,52.0,347.0,"8,4","2,6",
2026/04/18,2000 UTC,0,"920,2","920,3","919,5","80,1","25,9",16,"26,6","25,9","16,2","15,6",55.0,51.0,54.0,344.0,"6,1","1,5",
2026/04/18,2100 UTC,0,"920,1","920,5",920,"22,8","25,5","15,8",26,"25,5",16,"15,4",55.0,52.0,55.0,329.0,4,"1,3",
2026/04/18,2200 UTC,0,"920,7","920,7","920,1",,25,"16,6","25,5",25,"16,6","15,8",60.0,55.0,60.0,293.0,5,"2,1",
2026/04/18,2300 UTC,0,"921,4","921,4","920,6",,"23,6","16,8",25,"23,6","16,9","16,6",65.0,60.0,65.0,291.0,5,"1,2",
2026/04/19,0000 UTC,0,"922,1","922,1","921,4",,"22,7","16,7","23,6","22,6",17,"16,6",69.0,65.0,69.0,286.0,"3,7","1,2",
2026/04/19,0100 UTC,0,"922,4","922,4","922,1",,"21,6","14,1","22,6","21,6","16,7","14,1",70.0,61.0,62.0,270.0,4,",9",
2026/04/19,0200 UTC,0,"922,7","922,7","922,3",,"21,4",17,"21,7","21,2",17,"13,9",76.0,62.0,76.0,156.0,"3,3",0,
2026/04/19,0300 UTC,0,"922,6","922,9","922,6",,"20,6","17,4","21,4","20,6","17,4","16,9",82.0,76.0,82.0,193.0,"3,3",",8",
2026/04/19,0400 UTC,0,"923,2","923,2","922,6",,"20,3","16,5","20,7","20,3","17,6","16,5",82.0,79.0,79.0,210.0,"6,4","2,9",
2026/04/19,0500 UTC,0,"923,2","923,2","923,1",,"20,6","16,9","20,6","20,2",17,"16,5",80.0,78.0,80.0,176.0,"5,4","1,2",
2026/04/19,0600 UTC,0,"923,1","923,3","923,1",,"20,5","14,8","20,7","20,5",17,"14,8",80.0,69.0,70.0,208.0,"4,6",2,
2026/04/19,0700 UTC,0,"922,9","923,1","922,9",,19,"14,5","20,5",19,"15,2","14,5",75.0,70.0,75.0,156.0,"4,2",",1",
2026/04/19,0800 UTC,0,"923,1","923,1","922,7",,"18,9","12,6","19,4","18,8","14,9","12,6",77.0,67.0,67.0,185.0,"2,8",",5",
2026/04/19,0900 UTC,0,924,924,"923,1",,"18,3","13,4","18,9","18,1","13,4","12,4",73.0,67.0,73.0,165.0,"2,8",0,
2026/04/19,1000 UTC,0,"924,5","924,5","923,9","32,3","18,6","14,4","18,7","17,7","14,5","13,4",78.0,73.0,76.0,181.0,0,0,
2026/04/19,1100 UTC,0,"925,4","925,4","924,5","645,9","21,8","14,4",22,"18,6","15,9","14,3",77.0,63.0,63.0,168.0,"3,1","1,3",
2026/04/19,1200 UTC,0,926,926,"925,4","1538,3","23,3",13,"23,5","21,6","14,9","12,6",64.0,52.0,53.0,153.0,"3,7","1,2",
2026/04/19,1300 UTC,0,"926,2","926,2",926,"2239,5","24,4","11,2","24,8","22,4","13,3","11,2",54.0,42.0,44.0,156.0,"4,4","1,4",
2026/04/19,1400 UTC,0,"925,9","926,3","925,8",2754,"25,4","11,2","25,7","23,5","12,9","10,1",48.0,37.0,41.0,206.0,"4,3","1,1",
2026/04/19,1500 UTC,0,"925,3","925,9","925,3","3052,1","26,7","10,1","26,7","24,8","11,7","7,6",43.0,31.0,35.0,146.0,"3,5",",6",
2026/04/19,1600 UTC,0,"924,6","925,3","924,6","3071,8","27,3","9,3","27,7","26,4","11,1","8,7",37.0,32.0,32.0,181.0,"4,9","1,8",
2026/04/19,1700 UTC,0,"924,1","924,6","924,1","2848,4","28,7",10,"28,7",27,"11,7","8,6",37.0,31.0,31.0,187.0,"4,9","1,2",
2026/04/19,1800 UTC,0,"923,8","924,1","923,8","2334,8","28,2","11,8","29,1","27,9","11,8","9,3",36.0,30.0,36.0,215.0,"5,4","1,6",
2026/04/19,1900 UTC,0,"923,7","923,8","923,7","1614,4","27,9","12,6",29,"27,6",13,"11,5",40.0,35.0,39.0,190.0,"5,3","1,5",
2026/04/19,2000 UTC,0,"923,9","923,9","923,6","813,3","26,7","13,3",28,"26,6","13,3","11,3",44.0,36.0,44.0,183.0,"5,3","1,4",
2026/04/19,2100 UTC,0,"924,4","924,4","923,9","63,3","22,8","15,2","26,7","22,8","15,2",13,62.0,43.0,62.0,214.0,"6,2","3,3",
2026/04/19,2200 UTC,0,"925,4","925,4","924,4",,"20,9","15,5","22,8","20,9","15,6","15,2",71.0,62.0,71.0,219.0,"7,1","2,5",
2026/04/19,2300 UTC,0,"926,1","926,1","925,4",,"20,2","15,8","20,9","19,9","15,8","15,4",76.0,71.0,76.0,174.0,"5,6","1,3",
2026/04/20,0000 UTC,0,"926,4","926,5","926,1",,"20,3","15,8","20,4","20,2","15,9","15,6",76.0,75.0,75.0,151.0,"3,6","1,3",
2026/04/20,0100 UTC,0,"926,9","926,9","926,5",,"19,2","14,4","20,3","19,2","15,9","14,3",76.0,72.0,74.0,181.0,"5,4","1,4",
2026/04/20,0200 UTC,0,"927,1","927,1","926,8",,"18,8","14,5","19,3","18,8","14,8","14,4",76.0,74.0,76.0,157.0,"4,5","1,4",
2026/04/20,0300 UTC,0,"927,3","927,4","927,1",,"18,6","14,5",19,"18,6","14,7","14,4",77.0,76.0,77.0,151.0,"4,4","2,1",
2026/04/20,0400 UTC,0,"927,2","927,4","927,1",,"18,5","14,4","18,8","18,5","14,7","14,4",78.0,77.0,77.0,139.0,"4,5","1,6",
2026/04/20,0500 UTC,0,927,"927,2","926,9",,"18,2","14,3","18,5","18,2","14,5","14,3",78.0,77.0,78.0,157.0,"4,5","1,5",
2026/04/20,0600 UTC,0,"926,7",927,"926,7",,"17,8","14,4","18,3","17,8","14,5","14,2",80.0,78.0,80.0,137.0,"5,3",2,
2026/04/20,0700 UTC,0,"926,8","926,8","926,6",,"17,3",14,"17,8","17,2","14,4","13,9",81.0,80.0,81.0,140.0,"4,2","1,9",
2026/04/20,0800 UTC,0,"927,1","927,1","926,8",,17,"13,9","17,3","16,9",14,"13,8",82.0,81.0,82.0,136.0,"4,1","1,6",
2026/04/20,0900 UTC,0,"927,5","927,6","927,1",,"16,7","13,9",17,"16,6","13,9","13,8",84.0,82.0,84.0,129.0,"4,2","1,3",
2026/04/20,1000 UTC,0,"928,1","928,1","927,4","34,2","17,2","14,3","17,3","16,4","14,5","13,7",85.0,83.0,83.0,124.0,"3,5",1,
2026/04/20,1100 UTC,0,"928,5","928,5","928,1","628,2","19,4","13,9","19,8","17,1","14,9","13,9",83.0,70.0,70.0,142.0,"4,2","1,7",
2026/04/20,1200 UTC,0,929,929,"928,5","1543,8","21,5","13,2","21,5","19,1","14,4","12,6",72.0,58.0,59.0,136.0,"5,1","1,9",
2026/04/20,1300 UTC,0,929,929,"928,9","2247,9","22,9","12,5","22,9","21,2","13,6","10,7",59.0,49.0,52.0,145.0,"6,6","2,5",
2026/04/20,1400 UTC,0,929,"929,1","928,9","2756,6","23,2",11,24,"22,1","12,3","10,2",52.0,43.0,46.0,165.0,6,"1,7",
2026/04/20,1500 UTC,0,"928,2",929,"928,1","3056,7","24,6","11,1","25,2","22,5","11,9","9,5",48.0,39.0,43.0,198.0,5,"1,8",
2026/04/20,1600 UTC,0,"927,3","928,2","927,3","3082,5","25,8",9,26,"24,2","11,4","8,4",43.0,34.0,35.0,244.0,"5,6","1,6",
2026/04/20,1700 UTC,0,"926,7","927,3","926,7","2875,6","26,5","8,8","26,5","25,1","9,8","7,6",37.0,32.0,33.0,213.0,"6,4","2,7",
2026/04/20,1800 UTC,0,"926,5","926,8","926,5","2371,6","25,8",9,"26,5","25,1","10,3","8,3",38.0,32.0,35.0,225.0,"7,3","2,2",
2026/04/20,1900 UTC,0,"926,3","926,5","926,3","1659,5","24,9","10,7","25,9","24,7","10,9","8,7",41.0,34.0,41.0,223.0,"6,4","2,5",
2026/04/20,2000 UTC,0,"926,7","926,7","926,3","815,5","23,2","11,2",25,"23,2","11,4","10,3",47.0,41.0,47.0,208.0,"6,6","2,6",
2026/04/20,2100 UTC,0,927,927,"926,7","48,6","20,6",12,"23,4","20,6",12,"11,2",58.0,47.0,58.0,185.0,"6,9","1,8",
2026/04/20,2200 UTC,0,"927,5","927,5",927,,"18,9","12,2","20,6","18,9","12,2","11,5",65.0,58.0,65.0,207.0,"5,7","2,2",
2026/04/20,2300 UTC,0,"927,7","927,8","927,5",,"18,1",12,"18,9","18,1","12,3","11,5",68.0,63.0,68.0,176.0,"6,4","1,2",
2026/04/21,0000 UTC,0,"928,3","928,3","927,7",,"17,5","12,6",18,"17,3","12,7","11,9",74.0,68.0,73.0,172.0,"5,6","1,2",
2026/04/21,0100 UTC,0,"928,6","928,7","928,3",,"17,8","12,9","17,8","17,3",13,"12,6",75.0,73.0,73.0,204.0,"5,5","1,6",
2026/04/21,0200 UTC,0,"928,3","928,7","928,3",,"17,4","12,8","17,9","17,4",13,"12,5",74.0,72.0,74.0,172.0,"4,8","1,3",
2026/04/21,0300 UTC,0,"928,1","928,3",928,,"17,3","13,2","17,5","17,3","13,3","12,8",77.0,74.0,77.0,166.0,"4,3",",9",
2026/04/21,0400 UTC,0,"927,9","928,3","927,9",,"17,2","13,3","17,4","17,1","13,6","13,2",79.0,77.0,78.0,148.0,"3,7","1,4",
2026/04/21,0500 UTC,0,"927,2","927,9","927,2",,"16,4",13,"17,2","16,4","13,5",13,80.0,78.0,80.0,136.0,"5,1",2,
2026/04/21,0600 UTC,0,"926,9","927,2","926,8",,"16,1","13,3","16,4","16,1","13,3",13,84.0,80.0,84.0,135.0,"4,6","2,2",
2026/04/21,0700 UTC,0,"926,8","926,9","926,7",,"15,8","13,3","16,1","15,8","13,5","13,3",85.0,84.0,85.0,146.0,"5,4",2,
2026/04/21,0800 UTC,0,927,927,"926,8",,"15,7","12,8","15,8","15,6","13,3","12,7",85.0,83.0,83.0,134.0,"4,5","1,7",
2026/04/21,0900 UTC,0,"927,8","927,9",927,,"15,4","12,5","15,7","14,9","12,8","12,2",84.0,82.0,83.0,143.0,4,1,
2026/04/21,1000 UTC,0,"928,3","928,3","927,8","41,9","15,9","12,6","15,9","15,3","12,7","12,4",83.0,81.0,81.0,145.0,"3,4","1,4",
2026/04/21,1100 UTC,0,"929,1","929,1","928,3",597,"18,1","12,8","18,2","15,9","13,1","12,6",81.0,71.0,71.0,123.0,"3,8","1,3",
2026/04/21,1200 UTC,0,"929,6","929,6","929,1","1564,9","20,4","12,8","20,6","18,1","13,4","12,2",72.0,61.0,62.0,145.0,"5,4","1,9",
2026/04/21,1300 UTC,0,"929,8","929,8","929,5","2216,8","21,4","12,9","21,9","20,1","13,7","12,3",62.0,56.0,58.0,133.0,"6,1","1,8",
2026/04/21,1400 UTC,0,"929,2","929,8","929,2","2683,1","22,8","11,2","23,3","20,5","13,5","11,2",61.0,48.0,48.0,129.0,6,"2,5",
2026/04/21,1500 UTC,0,"928,4","929,3","928,4","3065,4","23,5","12,1","23,9","22,5","13,2","11,5",53.0,47.0,49.0,142.0,"7,2","2,6",
2026/04/21,1600 UTC,0,"927,7","928,4","927,7","3066,3","24,6",11,"24,9","23,2","13,2","10,7",50.0,42.0,43.0,157.0,"6,2","2,1",
2026/04/21,1700 UTC,0,"926,8","927,7","926,8","2825,9","25,3","9,9","26,1","24,2","12,8","9,4",46.0,37.0,38.0,142.0,"4,8","1,6",
2026/04/21,1800 UTC,0,"926,4","926,9","926,4","2327,5","26,6","8,5","26,6",25,"10,9","8,3",40.0,32.0,32.0,190.0,"5,4","1,6",
2026/04/21,1900 UTC,0,"926,6","926,6","926,3","1571,1","25,4","13,9","26,7",25,"14,1","8,3",50.0,32.0,49.0,198.0,"6,4","2,4",
2026/04/21,2000 UTC,0,927,927,"926,6",772,"22,8","13,6","25,5","22,8","14,2","13,6",57.0,49.0,56.0,197.0,"6,8","2,6",
2026/04/21,2100 UTC,0,"927,6","927,6",927,"61,7","20,1","13,2","22,8","20,1","13,8","13,2",65.0,56.0,65.0,199.0,"6,8","1,7",
2026/04/21,2200 UTC,0,"927,9","927,9","927,6",,"18,7","13,6","20,1","18,7","13,7","13,2",72.0,65.0,72.0,178.0,"4,8","1,2",
2026/04/21,2300 UTC,0,928,928,"927,7",,"18,2","13,5","18,7",18,"13,6","13,2",74.0,72.0,74.0,157.0,5,1,
2026/04/22,0000 UTC,0,"928,3","928,3",928,,"17,7","13,3","18,3","17,7","13,5","13,2",75.0,73.0,75.0,149.0,"5,5","1,6",
2026/04/22,0100 UTC,0,"928,5","928,6","928,3",,"17,4","13,1","17,7","17,4","13,3",13,76.0,74.0,76.0,145.0,5,"1,6",
2026/04/22,0200 UTC,0,"928,6","928,6","928,5",,"17,1","13,1","17,4","17,1","13,2",13,77.0,76.0,77.0,153.0,5,"1,4",
2026/04/22,0300 UTC,0,"928,4","928,8","928,4",,"16,8","13,3","17,1","16,8","13,3",13,80.0,77.0,80.0,150.0,"3,6","1,2",
2026/04/22,0400 UTC,0,"928,4","928,5","928,4",,"17,5","13,4","17,5","16,8","13,6","13,3",80.0,77.0,77.0,154.0,"3,3","1,3",
2026/04/22,0500 UTC,0,"928,4","928,4","928,3",,"17,5","13,5","17,6","17,4","13,6","13,4",78.0,77.0,77.0,167.0,"4,1","1,5",
2026/04/22,0600 UTC,0,928,"928,4",928,,"17,5","12,9","17,5","17,5","13,5","12,9",77.0,74.0,74.0,156.0,"5,2","1,3",
2026/04/22,0700 UTC,0,"927,8","928,1","927,8",,"17,4","12,9","17,6","17,4","12,9","12,6",75.0,73.0,75.0,148.0,"5,7","1,8",
2026/04/22,0800 UTC,0,"927,9","927,9","927,7",,"16,7","12,8","17,4","16,7",13,"12,5",78.0,74.0,78.0,160.0,"4,6",1,
2026/04/22,0900 UTC,0,"928,2","928,2","927,9",,"16,3",13,"16,9","16,3","13,3","12,7",81.0,78.0,81.0,155.0,"3,4",1,
2026/04/22,1000 UTC,0,"928,8","928,8","928,2","37,7","16,4","13,7","16,4","16,1","13,7",13,84.0,81.0,84.0,133.0,"3,3",1,
2026/04/22,1100 UTC,0,929,929,"928,7","576,6","19,2","14,1","19,2","16,4","14,6","13,7",84.0,72.0,72.0,145.0,"3,5",1,
2026/04/22,1200 UTC,0,"929,2","929,2",929,"1394,6","20,1","13,8","20,4","19,2","14,3","13,3",73.0,66.0,67.0,139.0,"4,2","1,6",
2026/04/22,1300 UTC,0,"929,2","929,4","929,2","2124,1","21,8",14,22,"20,1","14,6","13,5",68.0,60.0,62.0,151.0,"4,1","1,3",
2026/04/22,1400 UTC,0,"928,6","929,2","928,6","2658,7","23,5","14,2","23,5","21,8","14,6","13,1",62.0,55.0,56.0,123.0,"4,7","1,3",
2026/04/22,1500 UTC,0,"927,9","928,6","927,9","2905,5","25,3","14,8","25,3","23,2","15,2","13,3",57.0,50.0,52.0,194.0,"4,6",",8",
2026/04/22,1600 UTC,0,"927,2","927,9","927,2","2208,6","24,3","13,2","25,7","24,3","14,8","13,2",53.0,48.0,50.0,290.0,"3,9","1,4",
2026/04/22,1700 UTC,0,"926,4","927,2","926,4","2197,1","26,8","12,4",27,"23,9","14,9","11,3",53.0,38.0,41.0,80.0,"3,4",",6",
2026/04/22,1800 UTC,0,"925,9","926,4","925,9","2122,8","26,6","10,3","27,9","26,2","12,8","9,9",43.0,34.0,36.0,35.0,"4,1","1,1",
2026/04/22,1900 UTC,0,"926,3","926,3","925,9","1330,9","24,8","15,4","27,8","24,7","15,4","10,4",56.0,36.0,56.0,208.0,"7,2","2,5",
2026/04/22,2000 UTC,0,"926,9","926,9","926,3","596,3","22,6","15,6","24,9","22,6","15,9","15,2",65.0,55.0,65.0,180.0,"7,4","1,7",
2026/04/22,2100 UTC,0,"927,7","927,7","926,9",75,"20,3","15,6","22,5","20,3","15,8","15,5",75.0,65.0,75.0,186.0,"5,4","1,6",
2026/04/22,2200 UTC,0,"928,5","928,5","927,7",,"19,9","14,9","20,3","19,9","15,6","14,9",75.0,73.0,73.0,212.0,"5,9","2,7",
2026/04/22,2300 UTC,0,"929,1","929,1","928,5",,"19,9",15,20,"19,8",15,"14,8",74.0,73.0,73.0,167.0,"5,7","1,4",
2026/04/23,0000 UTC,0,"929,4","929,4","929,1",,"19,6","14,9","19,9","19,6",15,"14,7",75.0,73.0,75.0,178.0,"4,2","1,6",
2026/04/23,0100 UTC,0,"929,4","929,5","929,3",,"19,5","14,9","19,7","19,4","15,3","14,8",77.0,75.0,75.0,156.0,"4,4","1,6",
2026/04/23,0200 UTC,0,"929,2","929,4","929,2",,"19,2","15,1","19,5",19,"15,1","14,7",78.0,75.0,77.0,171.0,"4,6",",6",
2026/04/23,0300 UTC,0,929,"929,2",929,,"19,4","14,7","19,4","19,2","15,1","14,7",77.0,74.0,75.0,143.0,"3,4","1,7",
2026/04/23,0400 UTC,0,"928,7",929,"928,7",,"19,4","15,3","19,4","19,3","15,3","14,5",77.0,74.0,77.0,137.0,"4,1","1,1",
2026/04/23,0500 UTC,0,"928,4","928,7","928,4",,"19,2",15,"19,4","19,2","15,3",15,78.0,76.0,77.0,152.0,"3,9","1,6",
2026/04/23,0600 UTC,0,"928,3","928,4","928,1",,"18,7","14,6","19,2","18,7",15,"14,4",77.0,76.0,77.0,152.0,"4,3",",9",
2026/04/23,0700 UTC,0,"928,1","928,3","928,1",,"18,8","14,4","18,9","18,6","14,5","14,4",77.0,76.0,76.0,142.0,"4,3","1,9",
2026/04/23,0800 UTC,0,928,"928,2",928,,"18,9","14,7","18,9","18,8","14,8","14,4",77.0,76.0,77.0,132.0,4,"1,3",
2026/04/23,0900 UTC,0,"928,5","928,5","927,9",,"18,7","14,9","18,9","18,5","14,9","14,7",79.0,77.0,79.0,140.0,"4,6","1,2",
2026/04/23,1000 UTC,0,"929,2","929,2","928,5","32,4","18,8","15,3","18,8","18,3","15,3","14,8",81.0,78.0,80.0,149.0,"4,6","1,6",
2026/04/23,1100 UTC,0,"929,7","929,7","929,2","352,2","19,4","15,1","19,5","18,8","15,4","15,1",80.0,76.0,76.0,139.0,"5,6","2,7",
2026/04/23,1200 UTC,0,930,930,"929,7","1014,3","21,2","15,4","21,2","19,4","15,8","14,8",76.0,68.0,70.0,121.0,"7,5","2,8",
2026/04/23,1300 UTC,0,"930,1","930,2",930,1629,"22,2","14,7","22,7","20,7","16,1","14,5",71.0,61.0,62.0,118.0,"7,1","2,6",
2026/04/23,1400 UTC,0,"929,8","930,1","929,7","2632,6","23,6",15,"23,7","22,2","15,4",14,63.0,57.0,58.0,125.0,8,"3,1",
2026/04/23,1500 UTC,0,929,"929,8",929,"3014,5","24,3","14,5","25,5","23,6","15,4","14,2",59.0,52.0,54.0,131.0,"6,9",3,
2026/04/23,1600 UTC,0,"928,4",929,"928,4","2902,5","25,4","14,3","26,8","24,2","15,2","13,4",55.0,46.0,50.0,131.0,"6,4","2,1",
2026/04/23,1700 UTC,0,"927,8","928,4","927,8","2808,7","27,6","12,9","27,6","25,3","15,1","12,5",51.0,40.0,40.0,152.0,"5,5",",9",
2026/04/23,1800 UTC,0,"927,3","927,8","927,3","1689,4","26,4","12,3","27,8","25,6","14,4","11,2",46.0,37.0,42.0,177.0,"6,1","1,7",
2026/04/23,1900 UTC,0,"927,2","927,4","927,1","1425,3","25,4","15,2","27,1","25,4","16,2","11,2",55.0,38.0,53.0,186.0,"6,2","2,2",
2026/04/23,2000 UTC,0,"927,8","927,8","927,2","685,8","22,7","15,8","25,4","22,7",16,"15,1",65.0,53.0,65.0,209.0,"7,7","2,9",
2026/04/23,2100 UTC,0,"928,2","928,2","927,8","69,8","20,8","15,7","22,7","20,8","15,9","15,6",73.0,65.0,73.0,202.0,7,"2,4",
2026/04/23,2200 UTC,0,"928,9","928,9","928,2",,"20,1","15,2","20,9","20,1","15,8","15,2",74.0,73.0,74.0,205.0,"8,3","3,1",
2026/04/23,2300 UTC,0,"929,8","929,8","928,9",,"19,6","14,9","20,1","19,5","15,4","14,7",74.0,73.0,74.0,206.0,"7,2","2,7",
2026/04/24,0000 UTC,0,"930,1","930,1","929,8",,"19,9",15,"19,9","19,6","15,2","14,9",75.0,74.0,74.0,167.0,"6,1","1,2",
2026/04/24,0100 UTC,0,"930,1","930,1",930,,"19,6","14,6","20,1","19,6","15,1","14,6",74.0,72.0,73.0,178.0,"5,1","1,7",
2026/04/24,0200 UTC,0,"929,8","930,1","929,8",,"18,8","14,5","19,6","18,8","14,6","14,3",76.0,72.0,76.0,152.0,"4,7","1,8",
2026/04/24,0300 UTC,0,"929,5","929,8","929,5",,"18,6","14,5","18,8","18,6","14,6","14,5",77.0,76.0,77.0,156.0,"5,6","1,8",
2026/04/24,0400 UTC,0,"929,1","929,6","929,1",,"18,5","14,7","18,7","18,5","14,8","14,5",78.0,77.0,78.0,168.0,"5,6","1,2",
2026/04/24,0500 UTC,0,"928,9","929,1","928,9",,"18,6","14,8","18,7","18,5","14,8","14,7",79.0,78.0,79.0,156.0,"5,1","2,2",
2026/04/24,0600 UTC,0,"928,7","928,9","928,6",,"18,5","14,8","18,7","18,5","14,9","14,8",79.0,78.0,79.0,161.0,"5,1","1,2",
2026/04/24,0700 UTC,0,"928,6","928,7","928,5",,"18,6",15,"18,6","18,4",15,"14,8",80.0,79.0,80.0,147.0,"4,4","1,5",
2026/04/24,0800 UTC,0,"928,4","928,6","928,4",,"18,5","15,1","18,6","18,4","15,1","14,9",81.0,79.0,80.0,131.0,4,"1,5",
2026/04/24,0900 UTC,0,"928,8","928,8","928,4",,"18,7","14,6","18,8","18,4","15,1","14,6",80.0,77.0,77.0,110.0,"6,9",3,
2026/04/24,1000 UTC,0,"929,5","929,5","928,8","40,8","18,5","14,7","18,7","18,5","14,7","14,6",78.0,77.0,78.0,110.0,"8,4","2,7",
2026/04/24,1100 UTC,0,930,930,"929,5","517,3","19,9","14,9",20,"18,5","15,2","14,6",79.0,73.0,73.0,111.0,"8,6","2,5",
2026/04/24,1200 UTC,0,"930,3","930,3",930,"1413,6","21,1","14,4","21,6","19,7","15,4","14,4",73.0,65.0,66.0,134.0,"6,6","2,5",
2026/04/24,1300 UTC,0,"930,3","930,4","930,2","2104,3",23,"14,2","23,6","21,1","15,4","13,8",67.0,56.0,57.0,84.0,"5,6","1,9",
2026/04/24,1400 UTC,0,"929,6","930,4","929,6","2635,9","24,9","13,7","24,9",23,"14,9","13,2",58.0,50.0,50.0,123.0,"4,4","1,4",
2026/04/24,1500 UTC,0,"928,3","929,6","928,3","2906,5",26,14,"26,4","24,7","15,2","13,1",52.0,46.0,48.0,99.0,"4,8","1,2",
2026/04/24,1600 UTC,0,"927,4","928,3","927,4","2218,5","25,9","12,5","27,2","25,9","14,9","12,1",49.0,42.0,43.0,53.0,"4,1","1,4",
2026/04/24,1700 UTC,0,"926,7","927,4","926,7","822,7",26,"12,4","26,5","25,4","13,8",12,47.0,42.0,43.0,335.0,"3,6",",7",
2026/04/24,1800 UTC,0,"926,2","926,7","926,2","1175,3","27,2","12,1","28,2","25,6",13,"10,8",45.0,35.0,39.0,199.0,"2,9","1,1",
2026/04/24,1900 UTC,0,"926,2","926,2","926,1","629,8","27,5","11,4","27,6","26,2","12,6","10,6",41.0,36.0,37.0,105.0,"2,9",",2",
2026/04/24,2000 UTC,0,"926,4","926,4","926,2","830,8","26,6","10,5","28,2","26,6","12,3","10,2",38.0,34.0,37.0,334.0,"4,6","2,1",
2026/04/24,2100 UTC,0,"926,6","926,6","926,4","77,6","24,6","14,8","26,6","24,6","14,8","10,5",55.0,36.0,55.0,217.0,"4,6","1,5",
2026/04/24,2200 UTC,0,"926,9","926,9","926,6",,"23,3","15,9","24,6","23,2","15,9","14,8",63.0,55.0,63.0,208.0,"4,3","1,1",
2026/04/24,2300 UTC,0,"927,2","927,2","926,9",,22,"16,5","23,3",22,"16,5","15,9",71.0,63.0,71.0,182.0,"3,3",",4",
2026/04/25,0000 UTC,0,"927,4","927,4","927,2",,"21,5","16,7",22,"21,4","16,8","16,5",74.0,71.0,74.0,152.0,"2,3",0,
2026/04/25,0100 UTC,0,927,"927,4",927,,"21,1",16,"21,6","21,1","16,9",16,75.0,72.0,72.0,94.0,"1,8",0,
2026/04/25,0200 UTC,0,"926,7",927,"926,7",,"20,9","15,7","21,4","20,7",16,"15,5",73.0,70.0,72.0,84.0,"2,4",",6",
2026/04/25,0300 UTC,0,"926,2","926,7","926,2",,20,"15,7","20,9","19,9","15,8","15,5",77.0,72.0,76.0,95.0,"2,5",",4",
2026/04/25,0400 UTC,0,"925,9","926,2","925,9",,"19,6","15,4","20,2","19,5","15,8","15,2",77.0,75.0,76.0,102.0,"2,3",",2",
2026/04/25,0500 UTC,0,"925,6","925,9","925,6",,"19,3","15,1","19,8","19,3","15,5","15,1",77.0,76.0,77.0,103.0,"2,6",0,
2026/04/25,0600 UTC,0,"925,5","925,6","925,5",,"18,7","15,1","19,3","18,7","15,3",15,80.0,77.0,80.0,92.0,"1,6",0,
2026/04/25,0700 UTC,0,"925,3","925,5","925,3",,"18,3","15,2","18,8","18,3","15,3","14,9",82.0,80.0,82.0,79.0,0,0,
2026/04/25,0800 UTC,0,"925,1","925,4","925,1",,18,15,"18,9",18,"15,5","14,9",83.0,79.0,83.0,80.0,0,0,
2026/04/25,0900 UTC,0,"925,5","925,5","925,1",,"17,9",15,"18,2","17,9","15,2","14,9",83.0,82.0,83.0,101.0,0,0,
2026/04/25,1000 UTC,0,"926,1","926,1","925,5","34,2","18,2","15,2","18,2","17,8","15,3","14,9",84.0,82.0,83.0,105.0,0,0,
2026/04/25,1100 UTC,0,"926,7","926,7","926,1","526,5","21,4","15,2","21,4","18,2","16,4","15,2",83.0,68.0,68.0,111.0,"1,8",",8",
2026/04/25,1200 UTC,0,"927,1","927,1","926,7","1387,4","23,8","13,7","24,1","21,3","15,8","13,5",68.0,53.0,53.0,26.0,"2,8","1,3",
2026/04/25,1300 UTC,0,"926,9","927,1","926,9","2479,3","25,4","13,6","25,6","23,8","14,5","13,2",54.0,47.0,48.0,9.0,"6,7","3,1",
2026/04/25,1400 UTC,0,"926,3","926,9","926,3","2590,9","25,7","14,2","26,1",25,"14,6","13,4",50.0,47.0,49.0,4.0,"9,1","3,9",
2026/04/25,1500 UTC,0,"925,3","926,3","925,3","2675,9","26,7","14,2",27,"25,6","14,8","13,9",50.0,46.0,46.0,337.0,"10,9","4,7",
2026/04/25,1600 UTC,0,"924,5","925,3","924,5","2574,2","27,3","13,6","27,7","26,5","14,6","13,3",47.0,42.0,43.0,332.0,"10,9","3,9",
2026/04/25,1700 UTC,0,"923,8","924,5","923,8","1817,8","27,8","13,3","28,2","26,9","13,8","12,6",43.0,39.0,41.0,345.0,"11,3","3,6",
2026/04/25,1800 UTC,0,"923,5","923,8","923,4","1859,9","27,7","12,5",29,"27,3","13,4","11,8",41.0,36.0,39.0,317.0,"9,2","3,7",
2026/04/25,1900 UTC,0,"923,6","923,6","923,4",1258,"28,7","12,6","28,7","27,5","13,4","12,1",41.0,36.0,37.0,314.0,"8,5","2,5",
2026/04/25,2000 UTC,0,"923,7","923,7","923,5","707,6","27,5","12,4","29,1","27,4","13,1","11,8",40.0,35.0,39.0,332.0,"8,4",4,
2026/04/25,2100 UTC,0,924,924,"923,7","49,3","26,5","12,8","27,5","26,3","12,8","12,2",43.0,39.0,43.0,327.0,"6,9","1,3",
2026/04/25,2200 UTC,0,"924,1","924,1","923,9",,"25,7","13,4","26,5","25,7","13,4","12,8",47.0,43.0,47.0,3.0,"3,6","1,3",
2026/04/25,2300 UTC,0,"924,7","924,7","924,1",,"24,6","14,1","25,7","24,5","14,1","13,4",52.0,47.0,52.0,67.0,"2,9",",1",
2026/04/26,0000 UTC,0,925,925,"924,7",,"24,1","14,1","24,8","24,1","14,2","13,9",54.0,51.0,54.0,25.0,"2,1",",5",
2026/04/26,0100 UTC,0,"924,8",925,"924,8",,"23,5","14,4","24,2","23,3","14,4","14,1",57.0,53.0,57.0,89.0,"1,5",0,
2026/04/26,0200 UTC,0,"924,9","924,9","924,8",,23,"14,3","23,5","22,8","14,5","14,2",58.0,56.0,58.0,346.0,"1,7",0,
2026/04/26,0300 UTC,0,"924,6","924,9","924,6",,"22,3","14,6","23,4","22,3","14,6","14,2",62.0,57.0,62.0,32.0,"2,1",0,
2026/04/26,0400 UTC,0,"924,1","924,6","924,1",,"22,7","14,5","22,7","22,1","14,7","14,5",63.0,60.0,60.0,1.0,3,"1,5",
2026/04/26,0500 UTC,0,"923,7","924,1","923,7",,"21,8","14,7","22,7","21,5","14,7","14,3",65.0,60.0,64.0,5.0,3,",3",
2026/04/26,0600 UTC,0,"923,7","923,7","923,6",,"21,2","14,9","22,4","21,2","14,9","14,2",67.0,61.0,67.0,206.0,"3,4","1,6",
2026/04/26,0700 UTC,0,"923,6","923,7","923,6",,"20,7","14,8","21,2","20,6","15,2","14,8",70.0,67.0,69.0,90.0,"3,4",0,
2026/04/26,0800 UTC,0,"923,4","923,6","923,4",,"20,5","14,7","21,2","20,5","14,9","14,5",69.0,67.0,69.0,61.0,0,0,
2026/04/26,0900 UTC,0,"923,8","923,8","923,4",,"20,1","14,8","20,7",20,15,"14,4",72.0,69.0,72.0,100.0,0,0,
2026/04/26,1000 UTC,0,"924,7","924,8","923,8","29,4","20,6","15,2","20,6","19,6","15,5","14,8",74.0,71.0,71.0,91.0,0,0,
2026/04/26,1100 UTC,0,"925,2","925,2","924,6","532,8","22,9","14,9","23,3","20,5","16,2","14,9",71.0,60.0,61.0,71.0,"1,7",",2",
2026/04/26,1200 UTC,0,"925,5","925,5","925,2","1374,9","24,7","14,2","24,9","22,8","15,3","14,1",61.0,52.0,52.0,8.0,"4,1","1,7",
2026/04/26,1300 UTC,0,"925,4","925,6","925,4",2059,"25,6","14,3","25,9","24,4","14,7","13,9",53.0,49.0,50.0,352.0,"6,8","3,9",
2026/04/26,1400 UTC,0,925,"925,5",925,"2553,1","27,3","14,9","27,3","25,4","15,6","14,5",51.0,46.0,47.0,22.0,"9,3","3,5",
2026/04/26,1500 UTC,0,"923,9",925,"923,9","2559,3","27,7","14,8","28,1","27,3","15,3","14,4",47.0,44.0,45.0,350.0,"9,1","4,2",
2026/04/26,1600 UTC,0,"923,2","923,9","923,2","2717,2","28,7","14,2","29,1","27,1","15,1","13,7",46.0,40.0,41.0,334.0,"10,7","3,6",
2026/04/26,1700 UTC,0,"922,6","923,3","922,6","2461,8","28,6",13,"29,6","28,1","14,4","12,7",41.0,37.0,38.0,337.0,"11,4","6,1",
2026/04/26,1800 UTC,0,"922,3","922,7","922,3","1957,6","29,1",13,"29,7","28,5",14,"12,8",39.0,36.0,37.0,360.0,11,"4,7",
2026/04/26,1900 UTC,0,"922,4","922,4","922,2","906,9",29,13,"29,1","28,4","13,5","12,8",39.0,37.0,37.0,6.0,"9,6","4,5",
2026/04/26,2000 UTC,0,"922,7","922,7","922,4","627,4","28,7","13,9","29,3","28,7",14,"12,8",40.0,37.0,40.0,6.0,"9,1","2,3",
2026/04/26,2100 UTC,0,923,"923,1","922,7","88,1",27,"15,3","28,8",27,"15,3","13,8",49.0,40.0,49.0,51.0,"5,5","1,1",
2026/04/26,2200 UTC,0,"923,4","923,4",923,,"25,9","15,6",27,"25,9","15,6","15,3",53.0,49.0,53.0,51.0,"3,6","1,6",
2026/04/26,2300 UTC,0,"923,8","923,8","923,4",,"25,3","15,7",26,"25,3","15,8","15,6",56.0,53.0,55.0,59.0,"3,5","1,2",
2026/04/27,0000 UTC,0,"924,1","924,1","923,8",,25,"15,4","25,3","24,7","15,8","15,4",58.0,55.0,55.0,49.0,"3,2","1,7",
2026/04/27,0100 UTC,0,"924,3","924,4","924,1",,"24,4","15,4",25,"24,3","15,4","15,3",57.0,55.0,57.0,66.0,"3,3",",8",
2026/04/27,0200 UTC,0,"924,4","924,5","924,3",,"24,2","15,2","24,5","24,1","15,4","15,2",57.0,56.0,57.0,53.0,"3,2","1,2",
2026/04/27,0300 UTC,0,"924,3","924,4","924,3",,24,"15,1","24,2","23,7","15,2","15,1",59.0,57.0,58.0,12.0,"2,6","1,3",
2026/04/27,0400 UTC,0,"924,1","924,3","924,1",,"22,7","15,6",24,"22,6","15,6",15,64.0,57.0,64.0,225.0,"2,9",1,
2026/04/27,0500 UTC,0,"923,5","924,1","923,5",,"21,5","16,9","22,7","21,5","16,9","15,6",75.0,64.0,75.0,168.0,3,0,
2026/04/27,0600 UTC,0,"923,4","923,6","923,4",,21,"18,1","21,5","20,9","18,1",17,83.0,75.0,83.0,150.0,0,0,
2026/04/27,0700 UTC,0,"923,3","923,4","923,2",,"21,1",17,"21,3",21,"18,4",17,84.0,77.0,77.0,98.0,"2,8","1,1",
2026/04/27,0800 UTC,0,"923,4","923,4","923,2",,"20,4","16,4","21,1","20,4","16,9",16,78.0,75.0,78.0,114.0,"2,8",",5",
2026/04/27,0900 UTC,0,"924,2","924,2","923,4",,"20,6","16,9","20,6","20,2","16,9","16,4",80.0,78.0,79.0,135.0,"1,4",0,
2026/04/27,1000 UTC,0,"924,9","924,9","924,2","66,6","21,6","17,2","21,6","20,6","17,2","16,8",79.0,76.0,76.0,156.0,0,0,
2026/04/27,1100 UTC,0,"925,5","925,5","924,9",401,"23,3","14,8","23,3","21,6","17,2","14,7",76.0,58.0,59.0,6.0,"5,8","2,2",
2026/04/27,1200 UTC,0,926,926,"925,5","748,1","24,7",15,"24,7","23,2","15,2","14,6",60.0,55.0,55.0,338.0,"6,3",2,
2026/04/27,1300 UTC,0,"926,3","926,5","925,9","950,9","24,2",15,"25,1",24,15,"14,3",57.0,52.0,57.0,327.0,"7,1","2,2",
2026/04/27,1400 UTC,0,"925,4","926,3","925,4","1674,4","26,3","14,8","27,1","24,2","15,7","14,4",57.0,47.0,49.0,21.0,"6,3",3,
2026/04/27,1500 UTC,0,"924,8","925,4","924,7","1777,1","26,5","15,5","27,8","26,2","15,8","14,6",51.0,47.0,51.0,15.0,"6,8","3,3",
2026/04/27,1600 UTC,0,"924,4","924,8","924,3","2270,1","27,1","15,3","28,3","26,3","16,5","15,3",52.0,46.0,48.0,347.0,"9,1","4,1",
2026/04/27,1700 UTC,0,"924,1","924,4","924,1","1465,4","27,2",16,"28,2","26,8","16,4","15,3",52.0,47.0,50.0,345.0,"10,4","4,1",
2026/04/27,1800 UTC,0,"924,3","924,3",924,"600,5","24,8","17,7","27,2","24,8","17,9","15,3",65.0,50.0,65.0,316.0,"10,1","2,6",
2026/04/27,1900 UTC,0,"924,3","924,3","924,1","667,9","25,2","17,5","25,3","24,3","18,3","17,4",68.0,62.0,63.0,307.0,"7,2","2,4",
2026/04/27,2000 UTC,,,,,,,,,,,,,,,,,,
2026/04/27,2100 UTC,0,"925,5","925,5","924,9","23,8","23,7","17,7","24,3","23,6","17,9","17,5",70.0,66.0,69.0,305.0,"7,6","1,6",
2026/04/27,2200 UTC,0,"925,9","925,9","925,2",,"23,4","17,8","23,7","23,3","17,8","17,5",71.0,69.0,71.0,283.0,"4,2","1,5",
2026/04/27,2300 UTC,0,"926,6","926,6","925,8",,"22,7","18,6","23,4","22,7","18,6","17,8",78.0,71.0,78.0,180.0,"3,2","1,1",
2026/04/28,0000 UTC,5,"927,4","927,4","926,6",,21,"19,1","22,7",21,"19,1","18,6",89.0,78.0,89.0,212.0,"4,6","1,2",
2026/04/28,0100 UTC,0,"927,7","927,7","927,3",,"20,8",19,"21,1","20,7","19,2",19,90.0,89.0,90.0,192.0,"4,4",",7",
2026/04/28,0200 UTC,0,"927,7","927,8","927,6",",4","20,5","18,8","20,8","20,5","19,1","18,8",90.0,90.0,90.0,183.0,"2,9",",6",
2026/04/28,0300 UTC,0,"926,9","927,7","926,9",,"20,2","18,5","20,7","20,2",19,"18,5",90.0,89.0,90.0,113.0,"3,5",",7",
2026/04/28,0400 UTC,0,"926,2","926,9","926,2",,"20,1","18,4","20,3","20,1","18,6","18,4",90.0,90.0,90.0,151.0,"2,5","1,2",
2026/04/28,0500 UTC,0,"926,6","926,6",926,,20,"17,9","20,3",20,"18,6","17,9",90.0,88.0,88.0,209.0,"3,6",",8",
2026/04/28,0600 UTC,0,"925,7","926,6","925,7",,"19,9","17,6",20,"19,8","17,9","17,5",88.0,86.0,86.0,144.0,"3,4","1,5",
2026/04/28,0700 UTC,0,"925,8","925,8","925,6",,"19,9",18,"19,9","19,7",18,"17,5",89.0,86.0,89.0,147.0,5,"1,5",
2026/04/28,0800 UTC,0,"926,1","926,2","925,7",,"20,2","18,1","20,2","19,9","18,3",18,89.0,87.0,87.0,120.0,"3,5","1,5",
2026/04/28,0900 UTC,0,"926,4","926,4",926,",3","20,3","17,6","20,4","20,2",18,"17,5",87.0,84.0,84.0,143.0,"5,1","2,3",
2026/04/28,1000 UTC,0,"927,2","927,2","926,4","11,3","20,4","17,7","20,4","20,3","17,8","17,6",85.0,84.0,85.0,133.0,"5,1","2,2",
2026/04/28,1100 UTC,0,"927,8","927,8","927,1","235,3",21,"17,9",21,"20,4","17,9","17,6",85.0,82.0,82.0,139.0,"4,8","1,1",
2026/04/28,1200 UTC,0,"928,2","928,2","927,8","405,9","21,8","18,1","21,8",21,"18,4","17,7",82.0,79.0,80.0,130.0,"3,6",1,
2026/04/28,1300 UTC,0,"928,2","928,3",928,"1068,4","23,1","18,2","23,3","21,8","18,4","17,5",80.0,72.0,74.0,130.0,"4,5","1,9",
2026/04/28,1400 UTC,0,"927,7","928,2","927,7","1340,7","24,4","18,2","24,4","23,1","18,5","17,6",74.0,68.0,68.0,113.0,"5,1","1,9",
2026/04/28,1500 UTC,0,"926,9","927,7","926,9","2584,2","26,1","18,3","27,5","24,4",19,"16,7",68.0,57.0,62.0,116.0,"5,1",1,
2026/04/28,1600 UTC,0,"926,2","926,9","926,2","1508,3","26,2","17,7","26,8","25,3","18,6","17,3",63.0,58.0,60.0,209.0,"4,2","1,5",
2026/04/28,1700 UTC,0,"925,4","926,2","925,4","1735,2","26,8","17,7","27,5","26,2","18,2",17,61.0,55.0,57.0,165.0,"3,6",",8",
2026/04/28,1800 UTC,0,925,"925,4","924,9",1089,26,18,"27,6",26,"18,3","16,9",61.0,55.0,61.0,95.0,"4,1","1,6",
2026/04/28,1900 UTC,"1,6","925,5","925,5","924,9","357,7","23,3","19,3",26,"23,1","20,1","17,8",82.0,61.0,78.0,194.0,"5,3","1,9",
2026/04/28,2000 UTC,0,"926,2","926,3","925,5","351,5",22,"18,5","23,4",22,"19,2","18,4",80.0,75.0,80.0,222.0,"5,9","2,6",
2026/04/28,2100 UTC,0,"926,5","926,5","925,9","57,6","21,3","18,4",22,"21,3","18,6","18,3",83.0,80.0,83.0,225.0,"6,9","1,9",
2026/04/28,2200 UTC,1,"927,3","927,3","926,5",,"20,8","18,4","21,3","20,8","18,5","18,3",86.0,83.0,86.0,197.0,4,"1,1",
2026/04/28,2300 UTC,",6","927,1","927,3","927,1",,"20,5","18,7","20,8","20,5","18,8","18,5",90.0,86.0,89.0,207.0,3,",4",
2026/04/29,0000 UTC,",2","927,3","927,3","926,9",,"20,6","18,9","20,7","20,5",19,"18,7",90.0,89.0,90.0,215.0,"2,7",",3",
2026/04/29,0100 UTC,0,"927,5","927,5","927,2",",3","20,7","18,8","20,7","20,5","18,9","18,6",90.0,89.0,89.0,215.0,"2,2",",6",
2026/04/29,0200 UTC,0,"927,5","927,6","927,4",",3","20,7","18,7","20,8","20,6","18,9","18,7",89.0,89.0,89.0,192.0,"2,4",",8",
2026/04/29,0300 UTC,0,"927,4","927,6","927,4",",7","20,7","18,8","20,7","20,6","18,8","18,7",89.0,89.0,89.0,154.0,"2,2",",4",
2026/04/29,0400 UTC,0,927,"927,4",927,,"20,5","18,6","20,8","20,4","18,9","18,4",89.0,88.0,89.0,225.0,"1,8",",5",
2026/04/29,0500 UTC,0,"926,4",927,"926,4",,"20,8","18,8","20,8","20,5","18,8","18,6",89.0,88.0,88.0,133.0,"1,8",0,
2026/04/29,0600 UTC,0,"925,7","926,4","925,7",,"20,9","18,7",21,"20,7","18,9","18,7",88.0,87.0,87.0,48.0,"2,5","1,2",
2026/04/29,0700 UTC,0,"925,6","925,9","925,6",,"20,6","18,4","20,9","20,6","18,7","18,4",87.0,87.0,87.0,13.0,"2,5",0,
2026/04/29,0800 UTC,0,"925,4","925,6","925,4",,"20,7","18,6","20,8","20,6","18,7","18,5",88.0,87.0,88.0,110.0,"2,4",",9",
2026/04/29,0900 UTC,0,926,926,"925,4",,"20,6","18,4","20,7","20,5","18,6","18,2",88.0,87.0,87.0,133.0,"2,5",",5",
2026/04/29,1000 UTC,0,"926,6","926,7",926,"25,1","20,6","18,3","20,7","20,5","18,5","18,3",87.0,87.0,87.0,148.0,"2,2",",8",
2026/04/29,1100 UTC,0,927,927,"926,6","342,2","21,4","18,4","21,5","20,6","18,7","18,3",87.0,83.0,83.0,146.0,"3,7","1,5",
2026/04/29,1200 UTC,0,"927,3","927,3",927,"892,2","22,8","18,1",23,"21,4","18,8",18,83.0,75.0,75.0,96.0,3,",4",
2026/04/29,1300 UTC,0,"927,6","927,6","927,3","1384,3","23,8","18,6","23,8","22,7","18,7","17,7",76.0,71.0,73.0,107.0,"2,8",",8",
2026/04/29,1400 UTC,0,"926,9","927,6","926,9","1830,5","25,3","18,2","25,6","23,6",19,"17,9",73.0,65.0,65.0,104.0,"2,8",",6",
2026/04/29,1500 UTC,0,926,"926,9",926,"2447,7","28,1","18,2","28,1","25,3","19,4","17,2",67.0,54.0,55.0,1.0,"4,4","1,5",
2026/04/29,1600 UTC,0,"925,5",926,"925,5","1975,6","28,2","17,7","28,6","27,2","18,4","16,8",56.0,50.0,53.0,14.0,"5,1","1,4",
2026/04/29,1700 UTC,0,925,"925,5",925,"925,7","27,6","17,3","28,2","27,3","17,9","16,8",56.0,52.0,54.0,337.0,"5,8","2,6",
2026/04/29,1800 UTC,0,925,925,"924,6","885,5","22,8",18,"28,6","22,8",18,"16,5",74.0,49.0,74.0,219.0,"11,4","4,6",
2026/04/29,1900 UTC,0,926,926,925,240,"21,5",17,"22,8","21,4","18,4","16,9",80.0,74.0,76.0,218.0,"11,4","3,5",
2026/04/29,2000 UTC,0,"927,4","927,4",926,"63,7","19,1","15,1","21,5","19,1",17,"15,1",79.0,75.0,78.0,203.0,"10,1","3,9",
2026/04/29,2100 UTC,",2","927,8",928,"927,4","3,6","18,2","15,5","19,1","18,2","15,8","15,1",85.0,78.0,84.0,230.0,"10,1","3,1",
2026/04/29,2200 UTC,0,"927,5","927,8",927,",6","18,7","15,8","18,7","18,2","15,8","15,4",84.0,83.0,83.0,181.0,"7,5","1,5",
2026/04/29,2300 UTC,0,"927,8","927,8","927,2",,19,"15,7","19,2","18,7",16,"15,6",83.0,81.0,81.0,148.0,"5,8","2,6",
2026/04/30,0000 UTC,0,"928,1","928,1","927,5",,"19,1","15,3","19,2","18,9","15,8","15,3",81.0,79.0,79.0,176.0,"6,3","1,8",
2026/04/30,0100 UTC,0,"928,5","928,5","927,9",,"18,6","14,4","19,2","18,6","15,4","14,3",80.0,76.0,77.0,137.0,"6,2","2,5",
2026/04/30,0200 UTC,0,"928,8",929,"928,4",,"18,3",15,"18,7","18,3",15,"14,4",81.0,76.0,81.0,156.0,"5,1",2,
2026/04/30,0300 UTC,"5,8","928,5","928,9","928,5",,"17,1","15,1","18,3","17,1","15,4","14,8",88.0,81.0,88.0,94.0,5,"2,2",
2026/04/30,0400 UTC,"1,2","928,1","928,6","928,1",,"17,7",16,"17,8","17,1",16,"15,2",90.0,88.0,90.0,136.0,5,"2,2",
2026/04/30,0500 UTC,0,"928,5","928,5","928,1",,"17,7",16,"17,7","17,6","16,1","15,9",90.0,90.0,90.0,180.0,"4,1","1,3",
2026/04/30,0600 UTC,0,929,929,"928,5",",6","17,6","15,9","17,7","17,5",16,"15,8",90.0,90.0,90.0,245.0,4,",4",
2026/04/30,0700 UTC,",2",928,929,"927,7",,"17,8","15,5","17,8","17,4",16,"15,5",90.0,86.0,86.0,56.0,"3,9","1,8",
2026/04/30,0800 UTC,0,"926,5",928,926,,"18,1","15,7","18,1","17,7","15,8","15,5",88.0,86.0,86.0,71.0,"7,8",2,
2026/04/30,0900 UTC,0,"926,3","926,6","925,5",,"17,8","15,3","18,3","17,8","15,7","15,2",86.0,83.0,85.0,122.0,"5,9",",5",
2026/04/30,1000 UTC,0,"926,7","926,8","926,2","40,2","18,1","15,5","18,1","17,8","15,6","15,3",86.0,85.0,85.0,148.0,"3,8","1,2",
2026/04/30,1100 UTC,0,"927,7","927,7","926,7","478,7",20,"15,7",20,"18,1","16,1","15,1",85.0,76.0,76.0,78.0,"3,3",",9",
2026/04/30,1200 UTC,0,"928,4","928,4","927,7","1292,2","22,1","16,1","22,1","19,8","16,5","14,9",76.0,69.0,69.0,128.0,3,",6",
2026/04/30,1300 UTC,0,"928,7","928,7","928,4","1510,3","22,6",16,"22,8","21,5","16,7","15,4",71.0,65.0,66.0,101.0,"2,4",",6",
2026/04/30,1400 UTC,0,"928,2","928,7","928,2","2317,9","25,2",17,"25,3","22,6","17,3","15,7",68.0,58.0,60.0,100.0,"2,3",",5",
2026/04/30,1500 UTC,0,"927,4","928,3","927,4","2775,6","26,1","16,8","26,9","25,2","18,1","15,9",61.0,54.0,56.0,266.0,"2,8",",7",
2026/04/30,1600 UTC,,,,,,,,,,,,,,,,,,
2026/04/30,1700 UTC,0,"926,3","926,5","926,2","1249,1","24,7","17,1","27,7","24,7","17,3","15,5",63.0,49.0,63.0,205.0,"7,1","2,5",
2026/04/30,1800 UTC,0,"926,6","926,6","926,3","1079,5","24,6","17,3","25,2","24,3","17,6","16,9",65.0,62.0,64.0,175.0,7,2,
2026/04/30,1900 UTC,0,"927,1","927,1","926,6","1167,6","22,2","16,4","24,7","22,1","17,5","16,3",70.0,63.0,70.0,191.0,"6,7","2,1",
2026/04/30,2000 UTC,0,"927,7","927,7","927,1","170,3","20,7",16,"22,2","20,7","16,5","15,9",75.0,70.0,74.0,182.0,"5,8","2,1",
2026/04/30,2100 UTC,0,"928,2","928,2","927,7",10,"19,7","16,6","20,7","19,6","16,6","15,9",83.0,74.0,83.0,183.0,"6,3","1,6",
2026/04/30,2200 UTC,0,"928,9","928,9","928,2",,"19,7","16,4","19,8","19,5","16,7","16,3",83.0,81.0,81.0,168.0,"4,9","1,6",
2026/04/30,2300 UTC,0,"929,5","929,5","928,9",,"19,5","15,9","19,7","19,5","16,3","15,9",81.0,80.0,80.0,179.0,5,"1,7",
2026/05/01,0000 UTC,0,"929,9","929,9","929,5",,"19,9","15,5",20,"19,5",16,"15,5",80.0,76.0,76.0,151.0,"4,7","1,5",
2026/05/01,0100 UTC,0,930,"930,1","929,9",,"19,7","15,7","19,9","19,7","15,8","15,5",78.0,76.0,78.0,156.0,"4,1","1,9",
2026/05/01,0200 UTC,0,"930,3","930,3",930,,"19,8","16,1","19,8","19,7","16,1","15,7",79.0,78.0,79.0,175.0,"4,1",",9",
2026/05/01,0300 UTC,0,930,"930,3",930,,"19,6","15,7","19,9","19,6","16,1","15,5",79.0,77.0,78.0,154.0,"4,8","1,9",
2026/05/01,0400 UTC,0,"929,7",930,"929,7",,"19,3","15,7","19,7","19,3","15,7","15,5",79.0,78.0,79.0,148.0,5,"1,5",
2026/05/01,0500 UTC,0,"929,3","929,7","929,2",,"19,2","15,8","19,3","19,1","15,8","15,6",81.0,79.0,81.0,164.0,"4,4",",9",
2026/05/01,0600 UTC,0,929,"929,3",929,,"19,1","15,4","19,2","19,1","15,9","15,4",82.0,79.0,79.0,145.0,"4,9",2,
2026/05/01,0700 UTC,0,"928,7",929,"928,6",,"18,8","15,2","19,1","18,8","15,4","14,9",80.0,77.0,79.0,159.0,"5,7","1,1",
2026/05/01,0800 UTC,0,"928,7","928,7","928,6",,"18,8","15,3","18,9","18,7","15,3","15,1",81.0,79.0,80.0,168.0,"3,7","1,1",
2026/05/01,0900 UTC,0,"929,3","929,3","928,7",,"18,9","15,6",19,"18,8","15,6","15,2",81.0,79.0,81.0,145.0,"4,3","1,6",
2026/05/01,1000 UTC,0,"930,2","930,2","929,3","20,4","18,8","16,2","18,9","18,7","16,2","15,6",85.0,81.0,85.0,149.0,"4,9","1,1",
2026/05/01,1100 UTC,0,"930,8","930,8","930,2","202,9","19,8","16,6","19,8","18,8","16,7","16,1",85.0,82.0,82.0,140.0,"4,1","1,2",
2026/05/01,1200 UTC,0,"931,3","931,3","930,7","455,5","20,8","16,6","20,8","19,7","16,7","16,2",82.0,77.0,77.0,132.0,"4,2","1,5",
2026/05/01,1300 UTC,0,"931,6","931,6","931,3","974,2","21,7","16,5",22,"20,5","17,1","16,2",78.0,72.0,72.0,144.0,"5,8","2,6",
2026/05/01,1400 UTC,0,"931,1","931,7","931,1","1246,7","23,3","17,2","23,3","21,7","17,2","16,3",73.0,67.0,69.0,112.0,"5,8","1,6",
2026/05/01,1500 UTC,0,"930,3","931,1","930,3","1611,1","24,2","17,5","24,5",23,"17,7","16,4",69.0,63.0,66.0,107.0,5,"1,5",
2026/05/01,1600 UTC,0,"929,4","930,3","929,4","2336,6","25,2","17,2","25,5","23,9","17,5","16,6",66.0,60.0,61.0,136.0,"5,1","1,9",
2026/05/01,1700 UTC,0,"928,6","929,4","928,6","2372,5","26,2","17,2","26,8",25,18,"16,5",62.0,55.0,58.0,103.0,"5,1","1,7",
2026/05/01,1800 UTC,0,"927,9","928,6","927,9","1776,9","26,5","17,1","27,5","25,5","17,9","16,5",61.0,53.0,56.0,107.0,"4,3","1,2",
2026/05/01,1900 UTC,0,"927,6","927,9","927,6","1585,4","27,7","17,2","28,1","26,5","18,4","16,4",56.0,51.0,53.0,132.0,"3,2","1,4",
2026/05/01,2000 UTC,0,"927,9","927,9","927,6","468,3","25,9","17,3","27,7","25,9","17,6","16,6",59.0,52.0,59.0,149.0,"3,2",",6",
2026/05/01,2100 UTC,0,"927,9","927,9","927,8","44,9","24,9","18,5","25,9","24,9","18,5","17,3",67.0,59.0,67.0,80.0,"3,1",",9",
2026/05/01,2200 UTC,0,"928,1","928,1","927,9",,"24,1","18,5","24,9","24,1","18,5","18,3",71.0,67.0,71.0,82.0,"3,1",1,
2026/05/01,2300 UTC,0,"928,7","928,7","928,1",,"23,1","18,3","24,1","23,1","18,4","18,1",75.0,71.0,75.0,69.0,"2,8",0,
2026/05/02,0000 UTC,0,"929,1","929,2","928,7",,"23,3","18,3","23,5","22,9","18,4","17,9",75.0,72.0,74.0,119.0,"2,4","1,3",
2026/05/02,0100 UTC,0,"929,1","929,2","929,1",,"22,6","18,5","23,3","22,6","18,5","18,4",77.0,74.0,77.0,125.0,"3,6",",9",
2026/05/02,0200 UTC,0,"928,8","929,2","928,7",,22,"18,3","22,6",22,"18,4","18,2",79.0,77.0,79.0,100.0,"4,1","1,8",
2026/05/02,0300 UTC,0,"928,3","928,8","928,3",,"21,3","18,1","22,1","21,3","18,5","18,1",82.0,79.0,82.0,86.0,"3,8",",6",
2026/05/02,0400 UTC,0,"927,8","928,3","927,8",,"20,6","18,2","21,3","20,6","18,3",18,86.0,82.0,86.0,112.0,"2,2",",5",
2026/05/02,0500 UTC,0,"927,3","927,8","927,3",,"20,5","18,3","20,8","20,4","18,5","18,1",87.0,86.0,87.0,99.0,"1,8",",5",
2026/05/02,0600 UTC,0,"926,9","927,3","926,9",,"20,1","18,2","20,5",20,"18,4",18,89.0,87.0,89.0,82.0,"1,7",",1",
2026/05/02,0700 UTC,0,927,"927,1","926,9",,"19,7",18,"20,2","19,6","18,2","17,8",90.0,88.0,90.0,153.0,"1,7",0,
2026/05/02,0800 UTC,0,927,"927,1",927,,"19,5","17,7","19,7","19,5","18,1","17,7",90.0,90.0,90.0,72.0,"1,2",",4",
2026/05/02,0900 UTC,0,"927,9","927,9",927,,"19,2","17,6","19,5","19,2","17,8","17,6",91.0,90.0,91.0,133.0,"1,1",0,
2026/05/02,1000 UTC,0,"928,6","928,6","927,9",22,"19,4","17,8","19,4","18,9",18,"17,4",92.0,91.0,91.0,24.0,"1,8",",4",
2026/05/02,1100 UTC,0,"929,6","929,6","928,6","435,7","22,8","16,6","22,8","19,4",18,"16,1",91.0,68.0,68.0,12.0,"2,1",",6",
2026/05/02,1200 UTC,0,"929,9","929,9","929,6","1327,4","23,3","14,7","23,5","22,7","16,3","14,4",68.0,58.0,58.0,13.0,7,"3,5",
2026/05/02,1300 UTC,0,"929,9",930,"929,9","2030,9","24,8","14,4","24,8","23,2","14,8","13,9",59.0,52.0,52.0,5.0,"7,3","3,1",
2026/05/02,1400 UTC,0,"929,7","929,9","929,7","2511,7",26,"13,4","26,7","24,7","14,6","13,3",53.0,44.0,46.0,352.0,"8,9","3,2",
2026/05/02,1500 UTC,0,"929,4","929,8","929,4","2325,1","26,6","13,2","27,5",26,"14,6","12,8",46.0,43.0,44.0,307.0,"9,5","3,5",
2026/05/02,1600 UTC,0,"928,4","929,4","928,4","2276,9","27,2","13,4","27,8","26,3","13,6","12,5",44.0,40.0,43.0,300.0,"10,3","3,8",
2026/05/02,1700 UTC,0,"927,7","928,4","927,7","1291,4","27,8","13,9",28,"26,6","14,4","12,7",45.0,41.0,43.0,303.0,"8,2","2,3",
2026/05/02,1800 UTC,0,"927,9",928,"927,6","1060,5","23,4","17,2","28,1","23,4","17,6","12,1",69.0,39.0,68.0,199.0,"7,7","3,2",
2026/05/02,1900 UTC,0,"928,6","928,6","927,9","329,2","22,5","16,9","23,4","22,3","17,2","16,6",71.0,68.0,71.0,249.0,"7,8","1,9",
2026/05/02,2000 UTC,0,"929,4","929,5","928,6","64,3","20,7","14,8","22,6","20,5","16,9","14,7",73.0,69.0,69.0,303.0,"8,7","2,5",
2026/05/02,2100 UTC,0,"929,6","929,6","929,4","13,6","20,9","13,2","20,9","20,3",15,"13,2",70.0,62.0,62.0,312.0,"7,2","1,8",
2026/05/02,2200 UTC,0,"929,3","929,6","929,2",,"21,5","12,8","21,5","20,9","13,4","12,8",62.0,58.0,58.0,352.0,"5,7","2,9",
2026/05/02,2300 UTC,0,"929,6","929,6","929,1",,"21,6","12,6","21,8","21,4",13,"12,5",59.0,56.0,57.0,289.0,"5,7",",7",
2026/05/03,0000 UTC,0,"929,8","929,9","929,5",,"21,6","12,4","22,1","21,5","12,9","12,2",58.0,54.0,56.0,313.0,"5,8","1,7",
2026/05/03,0100 UTC,0,"929,9",930,"929,6",,"21,4","11,8","21,7","20,7","12,4","11,8",58.0,54.0,54.0,310.0,"4,1","1,6",
2026/05/03,0200 UTC,0,930,"930,3","929,9",,"20,9","11,3","21,5","20,8",12,"11,3",57.0,54.0,54.0,307.0,"4,3","1,9",
2026/05/03,0300 UTC,0,929,"930,1",929,,"20,2","11,6","20,9","20,2","11,6",11,58.0,54.0,58.0,27.0,"4,4","1,3",
2026/05/03,0400 UTC,0,"929,1","929,5","928,6",,"19,4","11,6","20,2","19,4","11,7","11,2",61.0,58.0,61.0,213.0,"4,8","1,1",
2026/05/03,0500 UTC,0,"929,4","929,4",929,,"18,7","12,6","19,5","18,7","12,6","11,5",68.0,60.0,68.0,211.0,"9,9","2,6",
2026/05/03,0600 UTC,0,929,"929,5","928,9",,"18,7","14,6","18,7","18,4","14,6","12,7",77.0,68.0,77.0,201.0,"6,3","1,5",
2026/05/03,0700 UTC,0,"928,8",929,"928,5",,"18,1","15,9","18,8","18,1","15,9","14,6",87.0,77.0,87.0,223.0,"5,6","1,8",
2026/05/03,0800 UTC,",4","929,3","929,3","928,6",,"18,2","16,2","18,4",18,"16,8","15,9",90.0,87.0,88.0,196.0,"6,1","2,4",
2026/05/03,0900 UTC,0,"929,7","929,7","929,1",,18,"15,7","18,2","17,8","16,2","15,7",88.0,87.0,87.0,186.0,"5,8",",6",
2026/05/03,1000 UTC,0,"930,3","930,3","929,7","4,3","17,8",16,"18,1","17,8","16,1","15,7",90.0,86.0,90.0,200.0,"4,4","1,6",
2026/05/03,1100 UTC,",2","931,1","931,2","930,3","112,7","18,2","16,1","18,2","17,7","16,3",16,91.0,88.0,88.0,187.0,"5,9","1,7",
2026/05/03,1200 UTC,0,932,932,"931,1",339,"18,4","15,1","18,5","18,1",16,"15,1",88.0,81.0,81.0,195.0,"7,4","2,5",
2026/05/03,1300 UTC,0,"932,6","932,6",932,"416,7","18,6","14,7","18,7","18,2","15,3","14,5",81.0,78.0,78.0,184.0,7,"1,9",
2026/05/03,1400 UTC,0,"932,3","932,7","932,3","704,3","19,4","13,9","19,7","17,7","14,7","13,8",80.0,70.0,70.0,173.0,"7,4","2,2",
2026/05/03,1500 UTC,0,"932,1","932,3",932,"924,7","18,5","13,6","19,5","18,1","14,2","13,2",75.0,69.0,73.0,187.0,"7,9","2,6",
2026/05/03,1600 UTC,0,"931,2","932,1","931,2","799,7","18,2","13,2","19,4","17,4","14,4","13,2",80.0,70.0,72.0,199.0,"7,2",3,
2026/05/03,1700 UTC,0,"930,8","931,3","930,8","652,8","18,1","12,5","18,3","17,1","13,4","12,5",78.0,69.0,70.0,190.0,8,"3,1",
2026/05/03,1800 UTC,0,"930,5","930,8","930,5","722,1","17,3","12,8",19,"17,3",13,"12,4",75.0,66.0,75.0,193.0,"7,4","2,2",
2026/05/03,1900 UTC,0,"930,5","930,6","930,4","265,9","16,9","13,2","17,3",16,"13,9","12,6",85.0,75.0,79.0,194.0,"7,1",2,
2026/05/03,2000 UTC,0,"930,9","930,9","930,5","147,2","15,7","13,2","17,1","15,7","13,3","12,4",85.0,75.0,85.0,195.0,"6,8","2,1",
2026/05/03,2100 UTC,0,931,931,"930,9","26,5",16,"12,4",16,"15,7","13,4","12,4",85.0,80.0,80.0,185.0,"7,7","1,4",
2026/05/03,2200 UTC,0,"931,1","931,1","930,9",,"15,8","12,2",16,"15,7","12,6","12,1",81.0,79.0,79.0,170.0,"6,1","1,9",
2026/05/03,2300 UTC,0,"931,7","931,7","931,1",,"15,8","12,3",16,"15,8","12,4",12,80.0,78.0,80.0,160.0,"7,3","1,7",
2026/05/04,0000 UTC,0,"931,7","931,8","931,7",,"15,4",13,"15,8","15,3","13,2","12,3",87.0,80.0,85.0,163.0,"6,6","2,6",
2026/05/04,0100 UTC,0,"931,7","931,8","931,7",,"15,6","12,4","15,6","15,4",13,"12,3",85.0,81.0,81.0,153.0,"7,5","2,6",
2026/05/04,0200 UTC,0,"931,5","931,7","931,4",,"15,7","12,5","15,7","15,5","12,6","12,4",82.0,81.0,81.0,153.0,"6,3","2,7",
2026/05/04,0300 UTC,0,"931,3","931,5","931,3",,"15,3","12,6","15,8","15,3","12,6","12,1",84.0,79.0,84.0,152.0,"6,7","2,3",
2026/05/04,0400 UTC,0,"930,8","931,3","930,8",,"15,7","12,4","15,7","15,2",13,"12,3",86.0,81.0,81.0,151.0,"6,1","2,9",
2026/05/04,0500 UTC,0,"930,3","930,8","930,2",,"15,8","12,3","15,9","15,7","12,5","12,2",81.0,79.0,80.0,150.0,"6,3","2,3",
2026/05/04,0600 UTC,0,"930,1","930,3","930,1",,"15,5","12,4","15,8","15,5","12,4","12,3",81.0,80.0,81.0,140.0,"5,8","1,9",
2026/05/04,0700 UTC,0,"929,8","930,1","929,7",,"15,4","12,6","15,5","15,4","12,6","12,3",83.0,81.0,83.0,136.0,"4,8","1,9",
2026/05/04,0800 UTC,0,929,"929,8",929,,15,"12,4","15,5",15,"12,6","12,4",84.0,83.0,84.0,110.0,"6,3","2,2",
2026/05/04,0900 UTC,0,"929,5","929,6","928,8",,"15,3","12,6","15,3","14,9","12,6","12,4",85.0,84.0,84.0,126.0,7,"2,9",
2026/05/04,1000 UTC,0,"930,3","930,4","929,5","12,9","15,9","12,7","15,9","15,3","12,8","12,6",84.0,81.0,81.0,115.0,"7,8","2,7",
2026/05/04,1100 UTC,0,"930,6","930,6","930,2","262,3","16,7","13,3","16,7","15,9","13,3","12,7",81.0,80.0,80.0,115.0,"7,6","2,9",
2026/05/04,1200 UTC,0,"931,4","931,4","930,6","756,8","17,6","13,4","17,6","16,6","13,5","12,8",80.0,76.0,76.0,113.0,"8,3",2,
2026/05/04,1300 UTC,0,"931,5","931,6","931,4","1206,7","18,7","13,7","18,7","17,5","13,9",13,76.0,73.0,73.0,132.0,"5,8","2,4",
2026/05/04,1400 UTC,0,931,"931,5",931,"2434,5","21,1","14,5","21,1","18,5","14,6","13,4",74.0,65.0,66.0,108.0,"5,1","2,1",
2026/05/04,1500 UTC,0,"930,1",931,"930,1",2716,"22,7","14,7","22,7","20,7",15,"13,6",67.0,59.0,61.0,130.0,"4,5","1,6",
2026/05/04,1600 UTC,0,"929,4","930,1","929,4","2726,6","24,7","14,6","25,2","22,4","15,8","14,1",61.0,52.0,54.0,149.0,"3,7",",6",
2026/05/04,1700 UTC,0,"928,6","929,4","928,6",1551,"24,6",15,"25,3","24,3","15,7","14,2",57.0,52.0,55.0,50.0,"2,9",",6",
2026/05/04,1800 UTC,0,928,"928,6",928,"1446,5",27,"14,7","27,3","24,4","16,1","14,3",57.0,47.0,47.0,30.0,"3,3",1,
2026/05/04,1900 UTC,0,928,"928,1",928,"1584,2","26,7",15,"27,6","26,6","15,5","14,2",49.0,45.0,49.0,6.0,"5,9","2,5",
2026/05/04,2000 UTC,0,"928,4","928,4",928,"383,1","24,3","15,2","26,9","24,3","15,3","14,4",57.0,48.0,57.0,268.0,"6,5","2,6",
2026/05/04,2100 UTC,0,"929,1","929,1","928,4","54,2","19,9","15,7","24,3","19,9","15,8","15,3",77.0,57.0,77.0,206.0,"6,9","1,8",
2026/05/04,2200 UTC,0,"929,5","929,5","929,1",,"19,1","15,8","19,9","19,1","15,8","15,6",81.0,77.0,81.0,231.0,"4,1","1,3",
2026/05/04,2300 UTC,0,"930,3","930,3","929,5",,"18,9","15,7","19,1","18,9","15,9","15,7",82.0,81.0,82.0,202.0,"3,4","1,3",
2026/05/05,0000 UTC,0,"930,8","930,8","930,3",,"18,4","15,7","18,9","18,4","15,8","15,6",84.0,82.0,84.0,148.0,"3,3",0,
2026/05/05,0100 UTC,0,"931,1","931,1","930,8",,"18,4",16,"18,6","18,2",16,"15,6",86.0,84.0,86.0,114.0,0,0,
2026/05/05,0200 UTC,0,"930,9","931,1","930,9",,"18,4","15,9","18,7","18,3","16,2","15,7",86.0,85.0,86.0,93.0,"1,9",0,
2026/05/05,0300 UTC,0,931,931,"930,9",,18,"15,7","18,6",18,"16,2","15,7",86.0,85.0,86.0,152.0,2,0,
2026/05/05,0400 UTC,0,931,931,"930,9",,"18,3","16,2","18,4",18,"16,2","15,7",87.0,86.0,87.0,110.0,3,1,
2026/05/05,0500 UTC,0,"930,6",931,"930,6",,"18,3",16,"18,5",18,"16,3","15,8",88.0,86.0,86.0,102.0,"3,3","1,1",
2026/05/05,0600 UTC,0,"930,4","930,6","930,4",,"17,8","15,7","18,3","17,8",16,"15,7",87.0,86.0,87.0,121.0,"2,9",",8",
2026/05/05,0700 UTC,0,"930,2","930,5","930,2",,"17,6","15,6",18,"17,6","15,9","15,5",88.0,87.0,88.0,123.0,"3,9",",9",
2026/05/05,0800 UTC,0,930,"930,3","929,9",,"17,3","15,5","17,6","17,2","15,6","15,3",89.0,88.0,89.0,117.0,"2,7",",8",
2026/05/05,0900 UTC,0,"930,6","930,6","929,9",,"17,1","15,5","17,4","17,1","15,6","15,4",90.0,89.0,90.0,115.0,"2,3",",9",
2026/05/05,1000 UTC,0,"931,2","931,2","930,6","26,6","17,2","15,6","17,3","17,1","15,7","15,5",90.0,90.0,90.0,109.0,"3,1","1,3",
2026/05/05,1100 UTC,0,"931,6","931,6","931,2","319,9","17,8","16,1","17,8","17,2","16,2","15,5",91.0,90.0,90.0,116.0,"3,5",",8",
2026/05/05,1200 UTC,0,"932,5","932,5","931,6","1062,2","20,9","16,7","20,9","17,7",17,"15,9",90.0,77.0,77.0,123.0,"3,9","1,1",
2026/05/05,1300 UTC,0,"932,7","932,7","932,5","1943,1","22,5","16,2","22,9","20,6",17,"15,5",77.0,66.0,68.0,119.0,"3,9","1,5",
2026/05/05,1400 UTC,0,"932,3","932,7","932,3","2440,2",25,"15,8","25,1","22,4","16,9","15,4",68.0,56.0,57.0,84.0,"4,2","1,6",
2026/05/05,1500 UTC,0,"931,7","932,3","931,7","2697,9","27,1","16,1","27,1","24,6","17,4","15,2",60.0,51.0,51.0,187.0,"4,2",",5",
2026/05/05,1600 UTC,0,931,"931,7",931,2701,"28,4","14,6","29,1","26,9","16,3","13,5",52.0,39.0,43.0,10.0,"2,8",1,
2026/05/05,1700 UTC,0,"930,5",931,"930,5",1626,"27,4",13,"28,9","27,2","15,3","12,8",46.0,39.0,41.0,102.0,"3,8","1,4",
2026/05/05,1800 UTC,0,"930,2","930,5","930,2","1324,4",29,"13,1","29,1",27,"14,5","12,3",45.0,36.0,38.0,126.0,"3,3",1,
2026/05/05,1900 UTC,0,"930,1","930,2",930,"1078,1","27,8","12,1","29,2","27,8","13,6","11,8",39.0,36.0,38.0,106.0,"3,9","1,7",
2026/05/05,2000 UTC,0,"930,4","930,4","930,1","92,2","26,3","14,6","27,8","26,3","14,7","12,2",49.0,38.0,49.0,68.0,"4,2","1,4",
2026/05/05,2100 UTC,0,"930,8","930,8","930,4","19,8","25,2","15,4","26,3","25,2","15,4","14,6",55.0,49.0,55.0,80.0,"2,9",",9",
2026/05/05,2200 UTC,0,"931,1","931,1","930,8",,"24,3","16,1","25,2","23,6","16,2","15,4",63.0,55.0,60.0,59.0,2,0,
2026/05/05,2300 UTC,0,"931,7","931,7","931,1",,"23,6","16,2","24,3","23,6","16,2","15,8",63.0,60.0,63.0,73.0,"3,6",",7",
2026/05/06,0000 UTC,,,,,,,,,,,,,,,,,,
2026/05/06,0100 UTC,0,"931,6","931,7","931,6",,"21,6","16,2","22,3","21,5","16,7","16,2",72.0,70.0,71.0,110.0,"3,2",",9",
2026/05/06,0200 UTC,0,"931,7","931,7","931,6",,"20,7",16,"21,7","20,7","16,3","15,9",74.0,71.0,74.0,61.0,"3,2",0,
2026/05/06,0300 UTC,0,"931,4","931,7","931,4",,"20,1","15,7","20,9","20,1","16,1","15,7",76.0,74.0,76.0,69.0,"2,4",",1",
2026/05/06,0400 UTC,0,"931,1","931,4","931,1",,"19,7","15,7","20,2","19,7","15,9","15,6",78.0,76.0,78.0,72.0,"1,1",0,
2026/05/06,0500 UTC,0,"930,9","931,1","930,9",,"19,2","15,7",20,"19,2","15,9","15,6",80.0,77.0,80.0,130.0,0,0,
2026/05/06,0600 UTC,0,"930,4","930,9","930,4",,"18,9",16,"19,4","18,7",16,"15,5",83.0,80.0,83.0,129.0,0,0,
2026/05/06,0700 UTC,0,"930,3","930,4","930,3",,"18,4","15,7",19,"18,4",16,"15,6",84.0,82.0,84.0,114.0,0,0,
2026/05/06,0800 UTC,0,"930,2","930,4","930,1",,"17,9","15,6","18,5","17,8",16,"15,5",87.0,84.0,87.0,105.0,0,0,
2026/05/06,0900 UTC,0,"930,7","930,8","930,2",,"17,7","15,6",18,"17,6","15,8","15,4",88.0,87.0,88.0,117.0,0,0,
2026/05/06,1000 UTC,0,"931,4","931,4","930,7",21,"18,3","15,9","18,3","17,6",16,"15,4",88.0,86.0,86.0,104.0,"2,6",",9",
2026/05/06,1100 UTC,0,932,932,"931,3","397,4","20,8","16,2","20,8","18,2","16,4","15,8",86.0,75.0,75.0,123.0,4,"1,5",
2026/05/06,1200 UTC,0,"932,5","932,5",932,"1307,8","22,7","16,3","22,7","20,8","16,7","15,7",75.0,66.0,67.0,121.0,"5,8","2,7",
2026/05/06,1300 UTC,0,"932,7","932,8","932,5","2001,1","24,7","15,9","24,9","22,6","16,7","15,5",67.0,58.0,58.0,126.0,"5,8","1,9",
2026/05/06,1400 UTC,0,"932,3","932,7","932,3","2479,1","25,7",15,"26,5","24,5","16,5","14,9",59.0,49.0,52.0,96.0,"4,5","2,1",
2026/05/06,1500 UTC,0,"931,3","932,3","931,3",2714,"27,6","13,8","27,8","25,6","16,4","13,3",54.0,41.0,43.0,96.0,"4,4","1,9",
2026/05/06,1600 UTC,0,"930,4","931,3","930,4","2755,1","28,6",11,"28,6","27,4","14,1","9,4",44.0,31.0,34.0,109.0,"6,9",2,
2026/05/06,1700 UTC,0,"929,4","930,4","929,4","2562,9","29,1","9,6","29,2",28,"11,3","8,5",34.0,28.0,30.0,136.0,"5,7",2,
2026/05/06,1800 UTC,0,"928,8","929,4","928,8","2097,4","29,2","8,9","29,3","28,6","10,2","8,2",32.0,28.0,28.0,57.0,"6,4",2,
2026/05/06,1900 UTC,0,"928,6","928,8","928,6","1434,3","28,7","12,2","29,5","28,6","12,2","8,1",36.0,27.0,36.0,141.0,"4,9","1,8",
2026/05/06,2000 UTC,0,"928,7","928,7","928,4","592,4","27,4","9,9","28,8","27,4","12,4","9,7",37.0,32.0,33.0,130.0,"4,9","1,9",
2026/05/06,2100 UTC,0,929,929,"928,7","25,2",26,"11,9","27,4","25,9","11,9","9,7",42.0,33.0,41.0,110.0,"4,3","1,2",
2026/05/06,2200 UTC,0,"929,3","929,3",929,,"24,4","16,4",26,"24,4","16,5","11,9",61.0,41.0,61.0,153.0,"4,8","1,4",
2026/05/06,2300 UTC,0,"929,6","929,6","929,3",,"23,6","16,4","24,4","23,6","17,2","16,4",67.0,61.0,64.0,120.0,"3,8",1,
2026/05/07,0000 UTC,0,"929,9","929,9","929,6",,"22,3","15,4","23,6","22,3","16,3","15,4",66.0,62.0,65.0,93.0,"3,1",",2",
2026/05/07,0100 UTC,0,"929,7","929,9","929,6",,"22,3","14,7","22,7","21,9","15,4","14,2",66.0,59.0,62.0,119.0,"3,7","1,4",
2026/05/07,0200 UTC,0,"929,5","929,7","929,5",,"21,4","15,1","22,3","21,3","15,2","14,7",68.0,62.0,68.0,89.0,"3,7",",9",
2026/05/07,0300 UTC,0,929,"929,5",929,,"21,2","15,2","21,6","21,2","15,4","15,1",69.0,67.0,69.0,106.0,"4,3","1,3",
2026/05/07,0400 UTC,0,"928,6",929,"928,6",,"20,4","15,1","21,2","20,4","15,3",15,72.0,69.0,72.0,98.0,"3,7",",7",
2026/05/07,0500 UTC,0,"928,2","928,6","928,2",,"20,1",15,"20,4","19,8","15,3",15,74.0,72.0,73.0,112.0,"3,6",",8",
2026/05/07,0600 UTC,0,"927,8","928,2","927,8",,"19,8","14,9","20,2","19,7","15,2","14,9",74.0,72.0,73.0,112.0,"3,9","1,1",
2026/05/07,0700 UTC,0,"927,6","927,8","927,6",,"19,4",15,"19,8","19,3",15,"14,8",76.0,73.0,76.0,116.0,"3,9","1,1",
2026/05/07,0800 UTC,0,"927,4","927,6","927,4",,"18,3","14,9","19,4","18,3","15,1","14,8",81.0,76.0,81.0,39.0,"2,7",",4",
2026/05/07,0900 UTC,0,"927,6","927,6","927,4",,"18,4","15,1","18,5","18,2","15,3","14,9",82.0,81.0,81.0,109.0,"2,5","1,1",
2026/05/07,1000 UTC,0,"927,9","927,9","927,5","20,3","18,5","15,2","18,5",18,"15,3","14,9",83.0,81.0,81.0,123.0,"3,1","1,6",
2026/05/07,1100 UTC,0,"928,2","928,3","927,9","363,4","20,6","15,4","20,6","18,5","15,9","15,1",81.0,72.0,72.0,125.0,"3,4","1,4",
2026/05/07,1200 UTC,0,"928,4","928,4","928,2","1321,6","23,6","15,3","23,6","20,6","15,9","14,4",72.0,58.0,60.0,117.0,"3,3","1,4",
2026/05/07,1300 UTC,0,928,"928,4",928,"1995,2","25,1","14,3","25,3","23,1","15,2",14,59.0,51.0,51.0,89.0,"4,7","2,1",
2026/05/07,1400 UTC,0,"927,1",928,"927,1","2498,8","26,7","13,1","26,9",25,15,"13,1",52.0,43.0,43.0,48.0,"5,9","2,1",
2026/05/07,1500 UTC,0,"925,9","927,1","925,9","2785,7","28,1","13,1","28,1","26,2","13,5","11,6",45.0,38.0,40.0,61.0,"8,9","2,3",
2026/05/07,1600 UTC,0,"924,8","925,9","924,8",2663,"27,6","12,9","28,2","26,6","13,3","12,2",43.0,38.0,40.0,37.0,"8,9","2,6",
2026/05/07,1700 UTC,0,"923,8","924,8","923,8","2130,8","28,2","10,1","28,9","27,4","13,8","9,8",42.0,31.0,32.0,360.0,"8,7","4,2",
2026/05/07,1800 UTC,0,"923,6","923,9","923,6","2169,8","28,4","10,3","29,1","28,1","10,9","9,6",33.0,31.0,33.0,18.0,"9,8","4,2",
2026/05/07,1900 UTC,,,,,,,,,,,,,,,,,,
2026/05/07,2000 UTC,0,"923,3","923,4","923,3","648,5","27,4","12,3","28,5","27,2","12,4","10,8",39.0,34.0,39.0,16.0,"7,3","1,2",
2026/05/07,2100 UTC,0,"923,8","923,8","923,3","32,8","25,9","12,8","27,4","25,9","12,8","12,1",44.0,39.0,44.0,46.0,"4,3","1,8",
2026/05/07,2200 UTC,0,"924,1","924,1","923,8",,"24,7","12,7","25,9","24,7",13,"12,7",47.0,44.0,47.0,46.0,"4,8","1,8",
2026/05/07,2300 UTC,0,"924,5","924,5","924,1",,"24,2","12,3","24,7","24,1","12,6","12,2",48.0,47.0,47.0,50.0,4,"1,8",
2026/05/08,0000 UTC,0,"924,8","924,9","924,5",,"23,6","12,5","24,2","23,4","12,5","12,2",50.0,47.0,50.0,52.0,"4,8","1,5",
2026/05/08,0100 UTC,0,"924,7",925,"924,7",,"23,5","12,5","23,6","23,3","12,6","12,5",51.0,50.0,50.0,51.0,"6,1","2,4",
2026/05/08,0200 UTC,0,"924,6","924,8","924,5",,"23,5","12,7","23,7","23,4","12,7","12,5",51.0,50.0,51.0,54.0,"6,9","3,2",
2026/05/08,0300 UTC,0,"924,6","924,7","924,5",,"23,4","12,9","23,5","23,2","12,9","12,7",52.0,51.0,52.0,58.0,"7,2","2,9",
2026/05/08,0400 UTC,0,"924,3","924,6","924,3",,"23,3","12,9","23,6","23,1","12,9","12,8",52.0,51.0,52.0,60.0,"8,2","2,8",
2026/05/08,0500 UTC,0,"923,7","924,3","923,7",,23,13,"23,3","22,9","13,1","12,8",54.0,52.0,53.0,56.0,"7,8","2,2",
2026/05/08,0600 UTC,0,"923,7","923,8","923,6",,"23,1","13,3","23,1","22,7","13,3",13,55.0,53.0,54.0,56.0,"6,3","2,5",
2026/05/08,0700 UTC,0,"924,1","924,2","923,7",,"22,8","13,6","23,1","22,8","13,6","13,2",56.0,54.0,56.0,53.0,"9,9","3,9",
2026/05/08,0800 UTC,0,"924,2","924,4",924,,"22,4","13,9","22,8","22,4","13,9","13,6",59.0,56.0,59.0,42.0,"10,4",3,
2026/05/08,0900 UTC,0,"924,5","924,6","924,1",,"22,4","13,8","22,5","22,2","13,9","13,8",59.0,58.0,58.0,40.0,"7,3",3,
2026/05/08,1000 UTC,0,"924,8","924,8","924,4","30,7","22,6","13,9","22,7","22,3","13,9","13,8",59.0,58.0,58.0,50.0,"8,6","3,1",
2026/05/08,1100 UTC,0,925,925,"924,7","416,1","23,4",14,"23,4","22,6",14,"13,9",58.0,55.0,55.0,49.0,"10,2","4,3",
2026/05/08,1200 UTC,0,"925,7","925,7",925,"757,1",24,"14,1",24,"23,4","14,1","13,8",55.0,53.0,54.0,42.0,"9,9","3,4",
2026/05/08,1300 UTC,0,"925,8",926,"925,7","1037,6","24,3","14,2","24,5",24,"14,3","13,8",54.0,52.0,53.0,31.0,"10,3","3,4",
2026/05/08,1400 UTC,0,"924,9","925,8","924,9","1089,8","24,8","14,5","24,8","24,2","14,6","14,2",54.0,52.0,53.0,29.0,10,"3,5",
2026/05/08,1500 UTC,0,"923,8","924,9","923,8","1433,2","25,6","14,6","25,8","24,8","14,9","14,3",53.0,50.0,50.0,30.0,"11,2","3,9",
2026/05/08,1600 UTC,0,"922,6","923,8","922,6","1463,7","26,9",15,"26,9","25,5","15,4","14,5",52.0,48.0,48.0,20.0,"10,4","2,8",
2026/05/08,1700 UTC,0,"922,1","922,7","922,1","1545,3","27,4","13,9","27,5","26,6","15,2","13,9",49.0,44.0,44.0,22.0,"10,5","3,2",
2026/05/08,1800 UTC,0,"922,4","922,4","922,1","1199,7","27,3","13,2","27,5","27,1","14,4","12,9",45.0,41.0,42.0,356.0,"11,3","3,7",
2026/05/08,1900 UTC,0,"922,6","922,6","922,3","511,6","26,8","13,5","27,4","26,7","13,6","12,8",44.0,41.0,44.0,29.0,"10,9","1,8",
2026/05/08,2000 UTC,0,"922,8","922,9","922,6","384,7","26,4","13,9","27,4","26,4","14,2","13,4",46.0,43.0,46.0,57.0,"4,3","1,6",
2026/05/08,2100 UTC,0,"923,3","923,3","922,8","26,6","25,9","14,3","26,4","25,8","14,3","13,9",49.0,46.0,49.0,36.0,"3,4",1,
2026/05/08,2200 UTC,0,"923,7","923,8","923,3",,"25,2","14,6","25,9","25,2","14,6","14,2",52.0,49.0,52.0,42.0,"2,7",",8",
2026/05/08,2300 UTC,0,924,924,"923,7",,25,"14,2","25,2","24,6","14,7","14,2",54.0,51.0,51.0,57.0,"2,5","1,1",
2026/05/09,0000 UTC,0,924,"924,3","923,8",,"23,2",15,25,"23,1","15,1","13,9",60.0,51.0,60.0,80.0,"7,2","2,1",
2026/05/09,0100 UTC,0,"924,2","924,2","923,8",,22,"15,3","23,4",22,"15,4","14,9",66.0,59.0,66.0,75.0,8,"1,1",
2026/05/09,0200 UTC,0,"924,1","924,3",924,,"22,1","14,9","22,2","21,9","15,3","14,9",66.0,64.0,64.0,70.0,"3,5","1,5",
2026/05/09,0300 UTC,0,"923,9","924,1","923,9",,"21,8","14,7","22,1","21,5","14,9","14,7",65.0,63.0,64.0,61.0,"2,8",0,
2026/05/09,0400 UTC,0,924,924,"923,8",,"23,1",14,"23,1","21,7","14,8",14,64.0,57.0,57.0,43.0,"6,6","2,5",
2026/05/09,0500 UTC,0,"923,7",924,"923,7",,"23,1","13,8","23,4","23,1",14,"13,7",57.0,55.0,56.0,38.0,"8,6","3,1",
2026/05/09,0600 UTC,0,"923,7","923,8","923,6",,23,"13,7","23,1","22,9","13,8","13,7",57.0,56.0,56.0,47.0,"8,8","3,1",
2026/05/09,0700 UTC,0,"923,4","923,7","923,4",,23,"13,5","23,1","22,9","13,7","13,5",56.0,55.0,55.0,46.0,"8,8","3,4",
2026/05/09,0800 UTC,0,"923,3","923,5","923,3",,"23,1","13,4","23,1","22,9","13,5","13,4",55.0,55.0,55.0,47.0,"9,8","3,3",
2026/05/09,0900 UTC,0,"923,6","923,7","923,2",,"23,3","13,1","23,4",23,"13,4","13,1",55.0,53.0,53.0,51.0,"9,3","3,8",
2026/05/09,1000 UTC,0,"924,4","924,4","923,6","10,3","23,4","12,9","23,5","23,3","13,1","12,9",53.0,51.0,52.0,45.0,"9,3","2,8",
2026/05/09,1100 UTC,0,"925,5","925,5","924,4","240,9","21,9","13,8","23,4","21,9","13,8","12,9",60.0,52.0,60.0,16.0,"8,4","2,7",
2026/05/09,1200 UTC,0,"926,5","926,5","925,5","565,8","22,9","14,2","22,9","21,9","14,4","13,8",61.0,58.0,58.0,39.0,"6,2",",9",
2026/05/09,1300 UTC,0,"927,3","927,3","926,5","899,9","23,4","14,5","23,4","22,7","14,7","14,1",59.0,57.0,58.0,24.0,"5,7","2,6",
2026/05/09,1400 UTC,0,927,"927,3","926,9","1239,1","25,2",15,"25,2","23,3","15,4","14,4",59.0,53.0,53.0,50.0,"5,7","1,4",
2026/05/09,1500 UTC,0,"926,2",927,"926,2","1858,8",26,"14,7","26,5","25,1","15,6","14,4",54.0,49.0,50.0,2.0,10,"3,9",
2026/05/09,1600 UTC,0,"925,5","926,2","925,5","1893,5","26,6","14,8","27,3",26,15,14,50.0,45.0,48.0,350.0,"10,1","3,3",
2026/05/09,1700 UTC,0,"925,1","925,6","925,1","1132,6","26,6","14,4",27,"26,5",15,"14,1",49.0,46.0,47.0,360.0,"7,5","3,3",
2026/05/09,1800 UTC,0,"924,9","925,2","924,9","941,3","26,9","14,7","26,9","26,4","14,8","14,2",48.0,47.0,47.0,355.0,"9,7","3,5",
2026/05/09,1900 UTC,0,"924,8","924,9","924,7","1088,9","26,8","14,2","27,9","26,6","15,4","14,1",48.0,44.0,46.0,23.0,"6,7","2,4",
2026/05/09,2000 UTC,0,"925,1","925,1","924,7","460,4","26,6",14,"27,1","26,6","14,2","13,5",46.0,44.0,46.0,58.0,7,"1,1",
2026/05/09,2100 UTC,0,"925,7","925,7","925,1","36,4","25,1","14,4","26,6","25,1","14,5","13,9",52.0,46.0,51.0,23.0,3,",5",
2026/05/09,2200 UTC,0,926,926,"925,6",,"22,6","16,8","25,6","22,6","16,8","14,3",70.0,50.0,70.0,209.0,"9,5","3,2",
2026/05/09,2300 UTC,0,927,927,926,,"21,2","17,4","22,6","21,2","17,8","16,9",79.0,70.0,79.0,178.0,"9,5","1,8",
2026/05/10,0000 UTC,0,"927,4","927,6","926,9",,"21,2","17,7","21,3",21,"17,8","17,5",81.0,79.0,81.0,186.0,"5,2","1,4",
2026/05/10,0100 UTC,0,"927,3","927,4","927,1",,"20,9","17,5","21,2","20,9","17,8","17,5",82.0,81.0,81.0,163.0,"4,4","1,6",
2026/05/10,0200 UTC,0,"927,6","927,7","927,3",,"20,3","16,7","20,9","20,3","17,5","16,6",81.0,79.0,80.0,221.0,"4,8","2,2",
2026/05/10,0300 UTC,0,"927,9","927,9","927,6",,"19,3","16,3","20,3","19,2",17,"16,1",83.0,80.0,83.0,217.0,"5,8","2,7",
2026/05/10,0400 UTC,0,"927,6",928,"927,6",,"18,6","15,9","19,3","18,6","16,4","15,9",85.0,83.0,84.0,212.0,7,3,
2026/05/10,0500 UTC,0,"928,1","928,2","927,6",,"17,7","14,8","18,7","17,7",16,"14,8",85.0,83.0,83.0,251.0,"7,5","2,5",
2026/05/10,0600 UTC,0,"927,6","928,1","927,6",,17,14,"17,7","16,8","14,7","13,8",84.0,82.0,82.0,198.0,"7,2",",4",
2026/05/10,0700 UTC,0,927,"927,7",927,,"17,2","13,2","17,4",17,14,"13,2",82.0,77.0,77.0,193.0,"3,8","1,1",
2026/05/10,0800 UTC,0,"927,1","927,1",927,,17,"13,2","17,3","16,8","13,4",13,79.0,77.0,79.0,189.0,5,"1,3",
2026/05/10,0900 UTC,0,"927,8","927,8","927,1",,16,"13,6",17,16,"13,9","13,3",86.0,79.0,86.0,165.0,"4,5","1,5",
2026/05/10,1000 UTC,"4,2","928,6","928,8","927,8","1,2","14,9","13,4",16,"14,9","13,9","13,2",90.0,86.0,90.0,201.0,"5,4","1,7",
2026/05/10,1100 UTC,"1,2","929,1","929,1","928,6","85,6","14,7","13,2",15,"14,7","13,6","13,1",91.0,90.0,91.0,213.0,"4,6","2,4",
2026/05/10,1200 UTC,"1,4","929,7",930,929,"144,8","14,8","13,3","14,9","14,5","13,4","12,9",91.0,89.0,90.0,200.0,"4,4",",6",
2026/05/10,1300 UTC,",2","929,7","929,8","929,5","585,2","15,9","13,8","16,2","14,8","14,6","13,2",91.0,87.0,87.0,147.0,"2,7","1,2",
2026/05/10,1400 UTC,0,"929,1","929,7","929,1",340,"15,9","13,7",16,"15,7","13,9","13,2",87.0,85.0,86.0,143.0,"3,4","1,5",
2026/05/10,1500 UTC,",4","928,8","929,4","928,8","195,3","15,9","13,8",16,"15,7",14,"13,4",88.0,86.0,88.0,169.0,"2,8",0,
2026/05/10,1600 UTC,4,928,"928,9",928,"355,3","15,8","14,1","15,9","15,4","14,3","13,5",91.0,87.0,90.0,167.0,"3,1","1,1",
2026/05/10,1700 UTC,",2","927,2",928,"927,2","180,3","15,4","13,8","15,8","15,3","14,2","13,7",91.0,90.0,91.0,178.0,"3,4",",8",
2026/05/10,1800 UTC,",2","927,2","927,3",927,"97,7","14,9","13,5","15,4","14,9","13,9","13,3",91.0,90.0,91.0,166.0,"3,7","1,2",
2026/05/10,1900 UTC,"3,2","927,6","927,6","927,1","67,4","14,3",13,15,"14,2","13,6","12,8",92.0,91.0,92.0,175.0,"5,3","1,2",
2026/05/10,2000 UTC,",8","928,2","928,3","927,6","42,6","13,1","11,8","14,3","13,1","12,9","11,8",92.0,91.0,92.0,238.0,"4,2","1,8",
2026/05/10,2100 UTC,1,"929,2","929,2","928,2","6,3","13,1","11,6","13,4",13,12,"11,6",92.0,91.0,91.0,289.0,"4,2","2,2",
2026/05/10,2200 UTC,5,"929,2","929,4","929,1",,13,"11,7","13,1","12,9","11,9","11,5",92.0,91.0,92.0,282.0,"4,2",0,
2026/05/10,2300 UTC,",8","929,1","929,3",929,,"13,3","11,9","13,4","12,9",12,"11,6",92.0,91.0,91.0,356.0,0,0,
2026/05/11,0000 UTC,",2","929,3","929,3","928,9",,"13,7","12,2","13,8","13,3","12,4",12,92.0,91.0,91.0,42.0,"2,3",0,
2026/05/11,0100 UTC,",2","929,2","929,4","929,1",,"13,9","12,2",14,"13,7","12,4","12,2",91.0,89.0,89.0,344.0,"2,5",0,
2026/05/11,0200 UTC,",4","929,6","929,6","929,2",,"13,7","12,3",14,"13,7","12,4","12,2",91.0,89.0,91.0,274.0,"3,3","1,6",
2026/05/11,0300 UTC,0,"929,6","929,7","929,5",,"13,6","11,5","13,8","13,5","12,3","11,4",91.0,87.0,87.0,295.0,"6,3","1,6",
2026/05/11,0400 UTC,0,"929,2","929,6","929,1",,13,"9,9","13,5","12,9","11,4","9,9",87.0,82.0,82.0,288.0,5,"1,9",
2026/05/11,0500 UTC,0,"928,9","929,2","928,8",,"12,4","9,2",13,"12,4","9,9",9,82.0,79.0,81.0,298.0,"4,7","2,8",
2026/05/11,0600 UTC,0,"929,1","929,1","928,9",,"11,1","6,6","12,4","11,1","9,3","6,6",81.0,74.0,74.0,279.0,"5,8","2,4",
2026/05/11,0700 UTC,0,"928,9","929,2","928,9",,"10,1","5,6","11,1","10,1","6,7","5,6",75.0,72.0,74.0,295.0,"4,9",0,
2026/05/11,0800 UTC,0,"928,5","928,9","928,5",,10,6,"10,2","9,7",6,"5,6",77.0,73.0,76.0,37.0,0,0,
2026/05/11,0900 UTC,0,"929,1","929,1","928,4",,"9,5","5,7",10,"9,4",6,"5,5",78.0,76.0,77.0,250.0,0,0,
2026/05/11,1000 UTC,0,"929,8","929,8","929,1","25,2","10,1","6,5","10,2","9,5","6,6","5,5",79.0,76.0,79.0,35.0,0,0,
2026/05/11,1100 UTC,0,930,"930,1","929,8","332,1","11,7","5,3","11,7",10,"6,6",5,79.0,64.0,65.0,230.0,0,0,
2026/05/11,1200 UTC,0,931,931,930,"674,7","12,1","5,3","12,2","11,7",6,5,66.0,61.0,63.0,272.0,"2,9","1,2",
2026/05/11,1300 UTC,0,"930,9",931,"930,8","1033,2",13,"4,2",14,"12,1","5,8","4,2",65.0,55.0,55.0,158.0,"3,4",",7",
2026/05/11,1400 UTC,0,"930,4",931,"930,4","1823,2","15,1",5,"15,7","12,9","6,3","4,1",59.0,49.0,51.0,104.0,"2,4","1,1",
2026/05/11,1500 UTC,0,"929,6","930,5","929,6","2423,8","16,3","4,5","16,5","14,9","5,7","3,5",53.0,44.0,46.0,106.0,"3,2","1,1",
2026/05/11,1600 UTC,0,"928,9","929,7","928,9","2293,7","16,7","3,4","17,1","15,6","5,1","2,9",48.0,40.0,41.0,119.0,"3,2",1,
2026/05/11,1700 UTC,0,"928,3","928,9","928,3","2242,6",18,"5,1","18,6","16,7",6,"2,1",45.0,34.0,42.0,22.0,"3,5","1,5",
2026/05/11,1800 UTC,0,"927,9","928,3","927,9","1475,7","16,9",6,"18,1","16,8","7,1","5,2",51.0,42.0,49.0,28.0,"5,6","2,2",
2026/05/11,1900 UTC,0,"928,3","928,3","927,8","844,7","16,8","5,7","17,2","16,8","7,1","5,7",52.0,47.0,48.0,3.0,"4,8","1,9",
2026/05/11,2000 UTC,0,"928,4","928,5","928,2","344,8","15,6",6,17,"15,6","6,1","4,5",53.0,45.0,53.0,358.0,"3,8","1,7",
2026/05/11,2100 UTC,0,"929,1","929,1","928,4","33,9","14,9","6,9","15,5","14,9","6,9","5,9",59.0,53.0,59.0,10.0,4,0,
2026/05/11,2200 UTC,0,"929,8","929,8","929,1",,"14,2","7,6","14,9","13,8","7,6","6,9",65.0,59.0,65.0,227.0,"3,1",",8",
2026/05/11,2300 UTC,0,"930,3","930,3","929,8",,"13,3","9,8","14,2","13,2","9,8","7,7",79.0,65.0,79.0,156.0,"3,1",0,
2026/05/12,0000 UTC,0,931,931,"930,3",,"12,9","9,8","13,3","12,9","9,9","9,6",82.0,79.0,82.0,131.0,3,"1,2",
2026/05/12,0100 UTC,0,"931,1","931,2",931,,12,"8,1","12,9",12,"9,8","8,1",82.0,77.0,77.0,86.0,"2,7",",2",
2026/05/12,0200 UTC,0,931,"931,1","930,9",,"11,3",9,12,"11,3",9,8,86.0,77.0,86.0,112.0,"2,7",",1",
2026/05/12,0300 UTC,0,"930,7","931,1","930,7",,"11,1","9,3","11,3",11,"9,3","8,9",89.0,86.0,89.0,141.0,"1,9",0,
2026/05/12,0400 UTC,0,"930,8","930,8","930,7",,"11,3","9,5","11,6","11,1","9,7","9,2",89.0,88.0,88.0,119.0,"1,9",0,
2026/05/12,0500 UTC,0,"930,3","930,8","930,3",,"11,1","9,4","11,4","10,9","9,6","9,1",89.0,88.0,89.0,86.0,0,0,
2026/05/12,0600 UTC,0,"929,9","930,3","929,9",,"10,9","9,2","11,2","10,8","9,4",9,89.0,89.0,89.0,118.0,3,",2",
2026/05/12,0700 UTC,0,"929,7","929,9","929,7",,"10,2","8,2",11,"10,2","9,2","8,2",89.0,87.0,87.0,154.0,"2,9",",9",
2026/05/12,0800 UTC,0,"929,8","929,9","929,7",,"10,3","8,5","10,3",10,"8,5","8,1",89.0,87.0,88.0,156.0,"3,7","1,6",
2026/05/12,0900 UTC,0,"930,2","930,2","929,8",,"10,6","8,6","10,6","10,3","8,7","8,3",89.0,87.0,87.0,133.0,"3,7","1,3",
2026/05/12,1000 UTC,0,"930,9","930,9","930,2","13,4",11,"8,6",11,"10,5","8,8","8,5",87.0,85.0,85.0,141.0,"5,4","2,3",
2026/05/12,1100 UTC,0,"931,3","931,3","930,9","318,3","11,5","8,5","11,7",11,"8,8","8,3",85.0,81.0,82.0,125.0,"5,4","2,2",
2026/05/12,1200 UTC,0,"931,8","931,8","931,3","768,6","11,7","8,3","12,5","11,4","9,1",8,82.0,77.0,80.0,131.0,"6,5",3,
2026/05/12,1300 UTC,0,"931,5",932,"931,5","1641,4","14,2","9,4","14,2","11,6","9,6","8,3",81.0,72.0,73.0,140.0,"6,5","2,9",
2026/05/12,1400 UTC,0,"930,8","931,5","930,8","2582,5","15,8","8,8","16,6","13,8","9,6",8,73.0,59.0,63.0,146.0,"7,2","2,8",
2026/05/12,1500 UTC,0,"929,9","930,8","929,9","2787,2","17,3","8,1","18,1","15,3","9,2","7,8",63.0,53.0,55.0,127.0,"6,2","2,7",
2026/05/12,1600 UTC,0,"928,9","929,9","928,9","2813,2","18,4","7,4","19,1","17,3",9,"6,9",56.0,47.0,49.0,137.0,"6,5","2,2",
2026/05/12,1700 UTC,0,"928,1","928,9","928,1","2578,5","19,7","6,3","20,2","18,5","7,8","5,2",49.0,39.0,42.0,154.0,"4,8","1,5",
2026/05/12,1800 UTC,0,"927,5","928,1","927,5","2077,5","20,6","5,3","21,7","19,6","6,9","4,6",42.0,35.0,37.0,112.0,"4,4","1,2",
2026/05/12,1900 UTC,0,"927,2","927,5","927,1","1385,9","21,1","5,3","21,3","20,2",7,"4,4",40.0,34.0,35.0,166.0,"4,4",",5",
2026/05/12,2000 UTC,0,"927,4","927,4","927,1","557,6","19,5","5,7","21,1","19,5",6,"4,6",41.0,34.0,41.0,125.0,"2,8",",6",
2026/05/12,2100 UTC,0,"927,5","927,6","927,4","18,9",17,"7,5","19,5",17,"7,5","5,8",54.0,41.0,54.0,83.0,"1,9",",2",
2026/05/12,2200 UTC,0,"928,3","928,3","927,5",,"16,5",9,"17,7","16,5",9,"7,4",61.0,53.0,61.0,83.0,"3,3",1,
2026/05/12,2300 UTC,0,"928,6","928,6","928,3",,"15,3","8,9","16,5","15,3",9,"8,8",66.0,61.0,66.0,77.0,"2,7",0,
2026/05/13,0000 UTC,0,"928,9","928,9","928,6",,"14,1","8,9","15,3","14,1","9,1","8,8",71.0,66.0,71.0,126.0,0,0,
2026/05/13,0100 UTC,0,"928,9",929,"928,8",,"13,9","9,3","14,1","13,7","9,4","8,8",75.0,71.0,73.0,174.0,0,0,
2026/05/13,0200 UTC,0,"928,7","928,9","928,6",,"13,7","9,1","14,2","13,7","9,7","9,1",74.0,73.0,74.0,52.0,0,0,
2026/05/13,0300 UTC,0,"928,5","928,8","928,5",,"13,1","8,5","13,9","13,1","9,2","8,5",75.0,73.0,74.0,360.0,0,0,
2026/05/13,0400 UTC,0,"928,5","928,6","928,4",,"12,6","8,7","13,3","12,3",9,"8,1",78.0,73.0,77.0,151.0,0,0,
2026/05/13,0500 UTC,0,"927,8","928,5","927,8",,"12,1","8,1","12,8","11,9","8,7","7,8",77.0,74.0,77.0,73.0,0,0,
2026/05/13,0600 UTC,0,"927,5","927,8","927,4",,"11,5","8,4","12,1","11,3","8,4","7,8",81.0,77.0,81.0,302.0,0,0,
2026/05/13,0700 UTC,0,"927,6","927,6","927,5",,"11,5","8,5","11,6","11,2","8,6","8,2",83.0,81.0,82.0,29.0,0,0,
2026/05/13,0800 UTC,0,"927,5","927,6","927,4",,"11,4","8,4","11,8","11,1","8,6",8,82.0,80.0,82.0,76.0,0,0,
2026/05/13,0900 UTC,0,928,928,"927,4",,"11,3","8,5","11,4",11,"8,7","8,2",84.0,81.0,83.0,46.0,0,0,
2026/05/13,1000 UTC,0,"928,6","928,6",928,"14,2","11,5","8,7","11,5","10,9","8,7","8,3",84.0,83.0,83.0,84.0,0,0,
2026/05/13,1100 UTC,0,"929,1","929,1","928,6","302,9","14,7","10,1","14,7","11,5",11,"8,5",83.0,72.0,74.0,94.0,0,0,
2026/05/13,1200 UTC,0,"929,4","929,5","929,1","1222,5","16,7",10,17,"14,4","11,1","9,2",74.0,64.0,64.0,310.0,0,0,
2026/05/13,1300 UTC,0,"929,6","929,6","929,4","1933,5","19,3","10,4","19,6","16,7",11,"8,9",65.0,53.0,57.0,259.0,"1,7",",4",
2026/05/13,1400 UTC,0,929,"929,6",929,"2450,7","21,4","8,6","21,8","19,3","10,8","8,5",57.0,43.0,44.0,258.0,"1,8",",5",
2026/05/13,1500 UTC,0,"928,3",929,"928,3",2132,23,"6,6",23,"21,4","9,3","6,2",44.0,34.0,35.0,269.0,"3,2",",8",
2026/05/13,1600 UTC,0,"927,7","928,3","927,7","2138,1","23,5","6,2","23,6","22,5","7,6","4,6",36.0,30.0,33.0,317.0,"4,7","2,2",
2026/05/13,1700 UTC,0,"926,7","927,7","926,7","2394,8","24,2","6,8","24,5","23,2","8,3","5,8",36.0,32.0,33.0,301.0,"4,3","1,9",
2026/05/13,1800 UTC,0,"926,5","926,7","926,5","1976,4",25,"6,2","25,3",24,"8,1","5,7",36.0,29.0,30.0,300.0,5,"1,7",
2026/05/13,1900 UTC,0,"926,4","926,5","926,4","997,5",25,"4,9",25,"23,7","6,4",4,31.0,26.0,27.0,303.0,"4,6",",9",
2026/05/13,2000 UTC,0,"926,8","926,8","926,4","640,8","23,7","4,7","25,3","23,7","6,1","3,8",30.0,26.0,29.0,308.0,"2,7","1,3",
2026/05/13,2100 UTC,0,"927,4","927,4","926,8","29,2","20,7","10,7","23,7","20,7","10,7","3,9",53.0,29.0,53.0,231.0,"4,4","2,1",
2026/05/13,2200 UTC,0,928,928,"927,4",,"18,7","10,6","20,7","18,7","11,5","10,6",60.0,53.0,59.0,204.0,"6,3",2,
2026/05/13,2300 UTC,0,"928,8","928,8",928,,"17,7","10,4","18,7","17,7","10,5","10,2",62.0,59.0,62.0,187.0,"4,2",0,
2026/05/14,0000 UTC,0,"928,7",929,"928,7",,"17,5","10,4",18,"17,5","10,6","10,3",63.0,61.0,63.0,112.0,"1,7",0,
2026/05/14,0100 UTC,0,"928,6","928,9","928,6",,"16,8","11,2","17,5","16,8","11,2","10,4",70.0,63.0,70.0,75.0,"1,6",0,
2026/05/14,0200 UTC,0,"928,4","928,6","928,4",,"16,7","11,2","16,9","16,4","11,3","10,8",70.0,69.0,70.0,111.0,0,0,
2026/05/14,0300 UTC,0,"927,9","928,4","927,8",,"16,1","11,4","16,8","15,9","11,4","11,1",74.0,70.0,74.0,73.0,0,0,
2026/05/14,0400 UTC,0,"927,6","927,9","927,5",,"15,5",11,"16,3","15,5","11,4","10,7",74.0,72.0,74.0,82.0,"1,5",0,
2026/05/14,0500 UTC,0,"927,2","927,6","927,1",,"15,3","11,1","15,5","15,3","11,3",11,76.0,74.0,76.0,105.0,0,0,
2026/05/14,0600 UTC,0,"926,8","927,2","926,7",,"14,7",11,"15,3","14,7","11,2","10,8",79.0,76.0,79.0,97.0,0,0,
2026/05/14,0700 UTC,0,"926,7","926,8","926,6",,"14,3","11,2","14,8","14,3","11,3",11,82.0,79.0,82.0,94.0,0,0,
2026/05/14,0800 UTC,0,"926,8","926,8","926,6",,14,"11,5","14,3","13,7","11,5","11,1",85.0,82.0,85.0,162.0,0,0,
2026/05/14,0900 UTC,0,"927,4","927,4","926,8",,"13,8","11,2",14,"13,5","11,5","10,9",85.0,84.0,84.0,134.0,0,0,
2026/05/14,1000 UTC,0,928,928,"927,4","10,3","14,3","10,9","14,4","13,8","11,2","10,9",84.0,80.0,80.0,94.0,0,0,
2026/05/14,1100 UTC,0,"928,5","928,5",928,"276,9","16,1","10,9","16,4","14,2","11,6","10,8",80.0,71.0,71.0,127.0,"1,7",",5",
2026/05/14,1200 UTC,0,"929,1","929,1","928,5","1043,3","17,8","12,8","17,9","15,9","12,9","10,9",75.0,72.0,72.0,138.0,"3,2","1,3",
2026/05/14,1300 UTC,0,"929,4","929,4","929,1","1838,9","20,2","13,4","20,2","17,7","13,5","12,3",72.0,64.0,65.0,134.0,"3,3","1,1",
2026/05/14,1400 UTC,0,"928,8","929,4","928,8","2021,5","20,9","12,2","21,9","18,8","13,8",12,67.0,56.0,58.0,141.0,"3,3","1,3",
2026/05/14,1500 UTC,0,"928,1","928,8","928,1","2486,9",24,"11,2","24,3","20,9","13,5",11,60.0,44.0,45.0,265.0,"2,8",",7",
2026/05/14,1600 UTC,0,"927,2","928,1","927,2","2474,2","25,1","9,4","25,9","23,6","11,9","8,7",47.0,36.0,37.0,318.0,"4,2","1,3",
2026/05/14,1700 UTC,0,"926,5","927,2","926,5","1657,6","25,4","8,7","25,8","24,7","9,7","7,5",38.0,32.0,35.0,347.0,"6,9","2,9",
2026/05/14,1800 UTC,0,"926,2","926,5","926,2","1316,7","25,3","7,7","26,1","24,6","8,9",7,35.0,32.0,33.0,6.0,"6,2","2,5",
2026/05/14,1900 UTC,0,"926,6","926,6","926,1","833,4","24,4","8,2","25,5","24,4","9,2","7,7",37.0,32.0,36.0,323.0,"6,3","2,4",
2026/05/14,2000 UTC,0,"926,9","926,9","926,6","344,8","23,3",8,"24,4","23,3",8,"6,8",38.0,33.0,37.0,319.0,"5,9","1,8",
2026/05/14,2100 UTC,0,"927,3","927,3","926,9","27,2","22,5","7,6","23,3","22,5","8,1","7,6",39.0,37.0,38.0,325.0,"3,9","1,1",
2026/05/14,2200 UTC,0,"928,2","928,2","927,3",,20,"13,3","22,5",20,"13,3","7,6",65.0,38.0,65.0,211.0,"3,2","1,8",
2026/05/14,2300 UTC,0,"928,6","928,6","928,2",,"18,2","13,9",20,"18,2","13,9","13,3",76.0,65.0,76.0,187.0,"3,4",",6",
2026/05/15,0000 UTC,0,"929,2","929,2","928,6",,"17,8","13,9","18,2","17,8","14,2","13,9",78.0,76.0,78.0,166.0,"1,8",0,
2026/05/15,0100 UTC,0,"929,1","929,3","929,1",,"17,8","14,2","17,8","17,5","14,2","13,9",80.0,78.0,80.0,97.0,0,0,
2026/05/15,0200 UTC,0,"929,1","929,2",929,,"17,5",14,"17,9","17,3","14,2","13,8",80.0,78.0,80.0,34.0,0,0,
2026/05/15,0300 UTC,0,"928,8","929,1","928,8",,"17,5","13,6","17,7","17,4","14,1","13,5",80.0,78.0,78.0,120.0,0,0,
2026/05/15,0400 UTC,0,"928,2","928,8","928,1",,"16,8","13,1","17,5","16,8","13,7","13,1",79.0,78.0,79.0,5.0,0,0,
2026/05/15,0500 UTC,0,928,"928,3","927,9",,"16,9","13,2","17,1","16,8","13,8","13,2",81.0,79.0,79.0,39.0,0,0,
2026/05/15,0600 UTC,0,928,928,"927,8",,"16,8","11,8","16,9","16,6","13,1","11,7",79.0,72.0,73.0,323.0,0,0,
2026/05/15,0700 UTC,0,"927,7",928,"927,6",,"16,9","9,6","17,1","16,7","11,9","9,6",73.0,62.0,62.0,67.0,0,0,
2026/05/15,0800 UTC,0,"927,8","927,8","927,6",,"17,1",11,"17,1","16,8",11,"9,6",67.0,62.0,67.0,12.0,0,0,
2026/05/15,0900 UTC,0,928,928,"927,7",,"16,7","10,6","17,1","16,7","11,1","10,6",69.0,67.0,67.0,75.0,0,0,
2026/05/15,1000 UTC,0,"928,5","928,6",928,"16,1","17,1","10,8","17,1","16,7","10,8","10,5",67.0,66.0,66.0,53.0,0,0,
2026/05/15,1100 UTC,0,"929,1","929,1","928,5","189,7","17,4","11,3","17,7","17,1","11,3","10,4",67.0,64.0,67.0,186.0,0,0,
2026/05/15,1200 UTC,0,"929,9","929,9","929,1","270,6","18,6","12,7","18,6","17,3","12,7","11,3",70.0,67.0,68.0,311.0,0,0,
2026/05/15,1300 UTC,",2","930,6","930,6","929,9","320,2","17,7","12,6","18,6","17,6","12,8","12,2",73.0,68.0,72.0,12.0,"2,8","1,2",
2026/05/15,1400 UTC,",6","930,3","930,6","930,3","383,8","17,4","13,7","17,7","17,3","13,7","12,6",79.0,72.0,79.0,312.0,"3,3",",4",
2026/05/15,1500 UTC,"1,6","929,6","930,3","929,5","620,1","17,1","14,1","17,4","16,5","14,1","13,2",83.0,79.0,82.0,327.0,5,"2,2",
2026/05/15,1600 UTC,",2","927,8","929,6","927,8","1165,6","18,6","13,8","18,8","17,1","14,9","13,2",84.0,72.0,74.0,69.0,"4,4",",8",
2026/05/15,1700 UTC,0,"927,9","927,9","927,7","521,1","18,5","14,8","18,9","18,3","14,9","13,9",79.0,74.0,79.0,13.0,"2,9",0,
2026/05/15,1800 UTC,",4","927,8","927,9","927,6","443,9","18,3","15,6","18,5","18,1","15,6","14,4",84.0,78.0,84.0,327.0,"4,7",",6",
2026/05/15,1900 UTC,1,"928,3","928,3","927,8","189,9","17,6","15,3","18,3","17,6","15,6","15,1",86.0,84.0,86.0,341.0,"2,7",",6",
2026/05/15,2000 UTC,"1,2","928,3","928,4","928,2","59,4","17,4","15,3","17,7","17,4","15,5","15,2",88.0,86.0,88.0,29.0,"2,2",",4",
2026/05/15,2100 UTC,",6","928,3","928,5","928,2","6,5","17,1",15,"17,4","17,1","15,4",15,88.0,87.0,87.0,57.0,"4,1",2,
2026/05/15,2200 UTC,0,928,"928,3","927,9",,"17,1","14,9","17,1","16,8","15,1","14,8",88.0,87.0,87.0,62.0,"4,1",",6",
2026/05/15,2300 UTC,0,"928,4","928,4","927,8",,"16,6","14,9","17,1","16,6",15,"14,7",90.0,87.0,90.0,107.0,"2,2",0,
2026/05/16,0000 UTC,0,"928,8","928,8","928,3",,"16,7","14,8",17,"16,6","15,1","14,8",90.0,89.0,89.0,82.0,0,0,
2026/05/16,0100 UTC,0,"928,7","928,9","928,5",,"16,5","14,7",17,"16,5","15,1","14,6",89.0,88.0,89.0,180.0,0,0,
2026/05/16,0200 UTC,0,"928,3","928,7","928,2",,16,"14,3","16,7",16,"14,8","14,3",90.0,89.0,90.0,37.0,0,0,
2026/05/16,0300 UTC,0,"927,8","928,4","927,8",,"16,1","14,6","16,1","15,9","14,7","14,3",91.0,90.0,91.0,71.0,0,0,
2026/05/16,0400 UTC,0,"927,4","927,8","927,4",,"15,7","14,3","16,1","15,6","14,6","14,1",91.0,91.0,91.0,72.0,0,0,
2026/05/16,0500 UTC,0,"926,8","927,4","926,8",,"15,3",14,"15,8","15,2","14,4","13,9",92.0,91.0,92.0,82.0,0,0,
2026/05/16,0600 UTC,",2","926,4","926,8","926,4",,15,"13,9","15,4","14,9","14,1","13,7",93.0,92.0,93.0,96.0,"3,3",",3",
2026/05/16,0700 UTC,0,"926,3","926,4","926,3",",1",15,14,15,"14,8",14,"13,7",94.0,93.0,94.0,108.0,"3,3",",3",
2026/05/16,0800 UTC,0,"926,6","926,6","926,3",",3","14,9","13,9","15,1","14,8","14,2","13,8",94.0,94.0,94.0,20.0,2,",2",
2026/05/16,0900 UTC,0,927,927,"926,6",,15,14,15,"14,8","14,1","13,9",94.0,94.0,94.0,113.0,"1,4",0,
2026/05/16,1000 UTC,0,"927,5","927,5","926,9","13,2","15,2","14,3","15,3",15,"14,3",14,94.0,94.0,94.0,88.0,"2,3",0,
2026/05/16,1100 UTC,0,"928,2","928,2","927,5","214,7","15,6","14,6","15,7","15,2","14,7","14,2",94.0,94.0,94.0,106.0,"2,4",",6",
2026/05/16,1200 UTC,0,"928,5","928,5","928,2","570,7",17,"15,9",17,"15,5","15,9","14,5",94.0,93.0,93.0,115.0,"3,3",1,
2026/05/16,1300 UTC,0,"928,9","928,9","928,5","1820,1","19,2",15,"20,1","16,9","17,3",15,93.0,76.0,76.0,184.0,3,",9",
2026/05/16,1400 UTC,0,"928,4","928,9","928,4","1734,5","21,5","14,6","22,3","19,2","16,2","14,3",77.0,65.0,65.0,74.0,"1,9",",3",
2026/05/16,1500 UTC,0,"927,9","928,4","927,9","2152,7","22,9","15,1","23,6","21,4","16,2","14,5",67.0,60.0,62.0,331.0,"2,7",",6",
2026/05/16,1600 UTC,0,"926,9","927,9","926,9","2552,7","24,6","14,7","25,4","22,9","16,9","14,6",64.0,52.0,54.0,323.0,"4,5","2,4",
2026/05/16,1700 UTC,0,"925,9","926,9","925,9","2311,3","25,5",15,"26,1","24,5","15,3","14,2",55.0,49.0,52.0,325.0,"5,8","2,3",
2026/05/16,1800 UTC,0,"925,8","925,9","925,8","1706,5","26,2",15,"26,4",25,"15,4","14,3",54.0,49.0,50.0,1.0,"5,3",2,
2026/05/16,1900 UTC,0,"925,7","925,8","925,6","981,3","25,3","13,8","26,5","24,9","14,9","13,8",53.0,46.0,49.0,329.0,"5,7","2,3",
2026/05/16,2000 UTC,0,"925,9","925,9","925,7","489,8",25,"13,8","25,7",25,"14,2","13,2",50.0,46.0,50.0,347.0,"5,9",",8",
2026/05/16,2100 UTC,0,"926,3","926,3","925,8","25,5","23,8","14,3",25,"23,6","14,4","13,6",56.0,50.0,56.0,321.0,3,",8",
2026/05/16,2200 UTC,0,"926,5","926,5","926,3",,"23,3","14,9","23,8",23,15,"14,3",60.0,56.0,59.0,102.0,"1,6",0,
2026/05/16,2300 UTC,0,"926,8","926,8","926,4",,22,"15,9","23,3",22,"15,9",15,69.0,59.0,69.0,62.0,2,",4",
2026/05/17,0000 UTC,0,"927,2","927,2","926,8",,"21,3","16,3","22,1","21,2","16,3","15,9",73.0,69.0,73.0,31.0,"1,7",0,
2026/05/17,0100 UTC,0,"927,4","927,5","927,2",,"21,6","15,5","21,6",21,"16,3","15,5",74.0,68.0,68.0,15.0,"2,1",1,
2026/05/17,0200 UTC,"10,4","928,3","928,3","927,4",,"18,9","17,3","21,6","18,8","17,4","15,5",91.0,68.0,91.0,356.0,"4,9","1,1",
2026/05/17,0300 UTC,",6","927,6","928,5","927,6",,"19,1","17,8","19,1","18,8","17,8","17,3",92.0,91.0,92.0,67.0,"3,4",0,
2026/05/17,0400 UTC,0,"927,2","927,7","927,2",,"18,8","17,4","19,2","18,8","17,9","17,4",92.0,92.0,92.0,318.0,0,0,
2026/05/17,0500 UTC,",2","927,1","927,2","926,8",,"18,9","17,7",19,"18,8","17,7","17,4",92.0,92.0,92.0,237.0,0,0,
2026/05/17,0600 UTC,",2","926,7","927,3","926,7",,"18,7","17,4","19,1","18,7","17,9","17,4",93.0,92.0,92.0,30.0,"1,7",0,
2026/05/17,0700 UTC,0,"926,2","926,7","926,2",,"18,8","17,6","18,8","18,6","17,6","17,3",93.0,92.0,93.0,62.0,0,0,
2026/05/17,0800 UTC,",8","926,7","926,7",926,,"18,7","17,4","18,8","18,6","17,6","17,3",93.0,92.0,92.0,352.0,"3,6","1,4",
2026/05/17,0900 UTC,"4,2","927,6","927,6","926,6",,"18,5","17,3","18,7","18,5","17,5","17,1",93.0,92.0,93.0,309.0,"4,8","2,2",
2026/05/17,1000 UTC,"3,6","927,2","927,7","927,1","3,9","17,6","16,2","18,5","17,5","17,3",16,93.0,91.0,91.0,53.0,"7,7","1,1",
2026/05/17,1100 UTC,",4","927,1","927,4",927,"103,1","17,8","16,4","17,8","17,4","16,4","15,9",92.0,91.0,91.0,81.0,"2,9",",7",
2026/05/17,1200 UTC,0,"927,8","927,8",927,"315,4","18,4",16,"18,4","17,7","16,4",16,91.0,86.0,86.0,57.0,"2,6",0,
2026/05/17,1300 UTC,0,"928,3","928,4","927,8","523,2","19,2","15,6","19,2","18,4","16,2","15,5",87.0,80.0,80.0,349.0,"4,3",2,
2026/05/17,1400 UTC,0,"927,7","928,4","927,7","513,8","19,9","14,9","19,9","19,2","15,6","14,5",80.0,72.0,73.0,9.0,"4,7","1,7",
2026/05/17,1500 UTC,0,"926,5","927,7","926,5","798,6",21,"15,3",21,"19,9","15,6","14,8",74.0,69.0,70.0,313.0,4,"1,1",
2026/05/17,1600 UTC,0,"925,7","926,6","925,7","767,6","21,1","14,1","21,2","20,7","15,4","13,9",70.0,63.0,64.0,338.0,"5,5","2,4",
2026/05/17,1700 UTC,0,"925,3","925,7","925,3","460,1","21,3","14,6","21,5","21,1","15,2","14,1",68.0,63.0,66.0,333.0,"3,9","1,4",
2026/05/17,1800 UTC,0,"925,5","925,5","925,2","409,5","20,7","15,9","21,4","20,7","15,9","14,4",74.0,65.0,74.0,295.0,4,2,
2026/05/17,1900 UTC,0,"925,9","925,9","925,3","325,1","19,9",14,"20,7","19,9",16,"13,9",74.0,68.0,69.0,286.0,"9,1","3,2",
2026/05/17,2000 UTC,",4","926,6","926,6","925,9","60,3","18,3","15,5","19,9","18,2","15,5","14,1",84.0,69.0,84.0,295.0,"7,9","2,9",
2026/05/17,2100 UTC,",4","926,7","926,7","926,5","3,5",18,"15,6","18,3",18,"15,6","15,2",86.0,83.0,86.0,355.0,7,",3",
2026/05/17,2200 UTC,",2",927,"927,1","926,5",,18,"15,2","18,1","17,9","15,7","15,2",87.0,84.0,84.0,348.0,"3,1","1,1",
2026/05/17,2300 UTC,0,"926,5",927,"926,5",,"17,9","15,6","18,1","17,9","15,7","15,1",86.0,83.0,86.0,76.0,"2,8","1,2",
2026/05/18,0000 UTC,",2","927,1","927,3","926,5",,18,15,18,"17,8","15,7",15,87.0,83.0,83.0,313.0,"6,1","1,7",
2026/05/18,0100 UTC,0,"927,3","927,9","926,9",,"17,4","15,1",18,"17,4","15,1","14,8",86.0,82.0,86.0,30.0,"7,3",",1",
2026/05/18,0200 UTC,0,"927,4","927,6","927,3",,"17,2",15,"17,5","17,2","15,3",15,87.0,86.0,87.0,69.0,1,0,
2026/05/18,0300 UTC,0,"927,3","927,5","927,2",,"17,2",15,"17,3","17,2","15,3",15,88.0,87.0,87.0,280.0,0,0,
2026/05/18,0400 UTC,0,"927,3","927,4","927,2",,"17,4","14,5","17,9","17,2","15,1","14,5",87.0,82.0,83.0,15.0,"4,5",0,
2026/05/18,0500 UTC,0,927,"927,3",927,,"16,9","14,7","17,5","16,9","14,9","14,5",87.0,83.0,87.0,90.0,",2",0,
2026/05/18,0600 UTC,0,"926,5",927,"926,5",,"17,2","14,8","17,6","16,9","15,2","14,7",88.0,85.0,86.0,274.0,"1,9",0,
2026/05/18,0700 UTC,0,"926,5","926,7","926,5",,"17,1","14,9","17,3",17,"15,1","14,7",88.0,86.0,87.0,246.0,"1,9",0,
2026/05/18,0800 UTC,0,"926,4","926,7","926,4",,"16,8","14,9","17,1","16,7","15,1","14,8",89.0,87.0,89.0,194.0,0,0,
2026/05/18,0900 UTC,0,927,927,"926,4",,"16,7","15,1","16,8","16,6","15,2","14,9",91.0,89.0,91.0,198.0,0,0,
2026/05/18,1000 UTC,0,"927,9","927,9",927,"11,2","17,4","15,4","17,4","16,6","15,8","15,1",91.0,88.0,88.0,319.0,0,0,
2026/05/18,1100 UTC,0,"928,6","928,6","927,9","118,8","18,1","15,6","18,2","17,4","15,8","15,5",89.0,85.0,85.0,241.0,"1,5",0,
2026/05/18,1200 UTC,0,"929,2","929,2","928,6","160,1","18,2","14,8","18,4","18,1","15,6","14,7",86.0,80.0,81.0,342.0,"5,2","2,6",
2026/05/18,1300 UTC,0,"929,5","929,5","929,1","471,9","18,7","14,8","18,9","18,1","15,1","14,7",81.0,77.0,78.0,341.0,"5,8","2,2",
2026/05/18,1400 UTC,0,"929,5","929,6","929,4","631,5",19,15,"19,1","18,6","15,2","14,6",79.0,76.0,78.0,321.0,"5,5","1,9",
2026/05/18,1500 UTC,0,"929,3","929,6","929,2","384,1","19,1",15,"19,2",19,"15,3","14,9",78.0,76.0,77.0,289.0,"5,8","1,4",
2026/05/18,1600 UTC,0,"928,9","929,3","928,9","483,9","18,9",15,"19,1","18,7","15,6","14,8",81.0,77.0,78.0,300.0,"5,1","1,9",
2026/05/18,1700 UTC,0,"928,3","928,9","928,3","665,3","19,8","15,3","19,8","18,9","15,6","14,9",79.0,75.0,75.0,296.0,"4,8","1,2",
2026/05/18,1800 UTC,0,"928,1","928,6","928,1","291,2","18,7","15,3",20,"18,7","15,4","14,8",81.0,74.0,81.0,243.0,"4,1",",4",
2026/05/18,1900 UTC,",2","928,2","928,3","927,7","229,5","18,9","15,5",19,"18,6",16,"15,3",84.0,80.0,81.0,320.0,"2,1",",7",
2026/05/18,2000 UTC,0,"928,5","928,5","928,2","82,2","18,8","15,3",19,"18,8","15,8","15,3",82.0,80.0,80.0,283.0,"2,1",",7",
2026/05/18,2100 UTC,0,929,929,"928,4",",5","17,8","15,2","18,9","17,8","15,4","15,2",85.0,80.0,85.0,208.0,"5,5","2,4",
2026/05/18,2200 UTC,",2","929,5","929,6",929,,"16,9","15,4","17,8","16,9","15,4","15,1",91.0,85.0,91.0,211.0,"5,8","1,6",
2026/05/18,2300 UTC,",2","929,9","930,1","929,3",,17,15,17,"16,9","15,5",15,91.0,88.0,88.0,227.0,"5,8",2,
2026/05/19,0000 UTC,0,"930,2","930,2","929,8",,"16,9","14,7",17,"16,9",15,"14,7",88.0,87.0,87.0,243.0,"5,6","1,4",
2026/05/19,0100 UTC,0,930,"930,4",930,,17,"14,7",17,"16,9","14,7","14,6",87.0,86.0,86.0,197.0,"4,1",0,
2026/05/19,0200 UTC,0,"930,3","930,4",930,,"16,9","14,5",17,"16,9","14,7","14,5",87.0,86.0,86.0,198.0,"3,3",1,
2026/05/19,0300 UTC,0,"930,1","930,4","930,1",,"16,7","14,4","16,9","16,7","14,5","14,4",86.0,86.0,86.0,205.0,"3,2","1,1",
2026/05/19,0400 UTC,0,"929,4","930,1","929,4",,"16,7","14,3","16,7","16,7","14,4","14,2",86.0,85.0,86.0,190.0,"3,9",1,
2026/05/19,0500 UTC,3,"929,2",930,"929,2",,"16,1","14,5","16,7",16,"14,6","14,1",91.0,86.0,91.0,202.0,"3,2",",8",
2026/05/19,0600 UTC,0,"929,1","929,3",929,,"15,9","14,4","16,1","15,9","14,7","14,4",91.0,91.0,91.0,208.0,"3,4","1,2",
2026/05/19,0700 UTC,0,929,"929,2",929,,"15,5","14,2","15,9","15,5","14,4","14,1",92.0,91.0,92.0,227.0,"3,6","1,7",
2026/05/19,0800 UTC,0,929,"929,1","928,9",,"15,6","14,2","15,6","15,5","14,3","14,2",92.0,92.0,92.0,175.0,"3,6",0,
2026/05/19,0900 UTC,0,"929,1","929,2","928,9",",1","15,6","14,3","15,7","15,5","14,3","14,2",92.0,91.0,91.0,178.0,0,0,
2026/05/19,1000 UTC,0,"929,9","929,9","929,1","4,9","15,8","14,3","15,8","15,6","14,3","14,2",92.0,91.0,91.0,197.0,"2,3",0,
2026/05/19,1100 UTC,0,"930,5","930,5","929,8","52,2","16,1","14,2","16,1","15,8","14,3","14,2",91.0,89.0,89.0,227.0,"2,7",",7",
2026/05/19,1200 UTC,0,"931,1","931,2","930,4","154,5","16,4","14,3","16,4","15,9","14,3",14,89.0,87.0,87.0,220.0,"2,9",",8",
2026/05/19,1300 UTC,0,"931,1","931,1","930,9",793,"17,7","13,7","18,3","16,4","14,9","13,6",87.0,77.0,77.0,137.0,"2,5",",8",
2026/05/19,1400 UTC,0,"930,7","931,1","930,7","457,9",18,14,"18,2","17,6","14,3","13,5",79.0,76.0,77.0,209.0,"2,5",",3",
2026/05/19,1500 UTC,0,"930,3","930,7","930,3","355,8","18,1","13,9","18,3",18,"14,3","13,7",78.0,76.0,77.0,233.0,"1,8",",7",
2026/05/19,1600 UTC,0,"929,6","930,3","929,6","246,8","17,9","13,8","18,1","17,9","14,1","13,7",78.0,76.0,77.0,193.0,"2,2",",4",
2026/05/19,1700 UTC,0,"929,2","929,6","929,2","219,2","17,6","14,1",18,"17,6","14,3","13,9",80.0,77.0,80.0,268.0,"2,7",1,
2026/05/19,1800 UTC,0,"929,4","929,5","929,2","145,2","17,3","14,3","17,7","17,2","14,5","14,1",83.0,80.0,82.0,284.0,"2,7",",8",
2026/05/19,1900 UTC,,,,,,,,,,,,,,,,,,
2026/05/19,2000 UTC,0,"929,9",930,"929,5","117,6",17,"14,4","17,1","16,9","14,5","14,2",85.0,84.0,85.0,242.0,"3,4",1,
2026/05/19,2100 UTC,0,"930,2","930,2","929,9","6,5","17,2",14,"17,3",17,"14,5",14,85.0,81.0,81.0,222.0,"3,7","1,8",
2026/05/19,2200 UTC,,,,,,,,,,,,,,,,,,
2026/05/19,2300 UTC,0,"930,8","930,8","930,4",,"16,8","13,7",17,"16,8",14,"13,7",83.0,82.0,82.0,204.0,"4,9","1,6",
2026/05/20,0000 UTC,0,"931,3","931,4","930,8",,"16,7","13,8","16,8","16,7","13,9","13,8",83.0,82.0,83.0,209.0,"3,7",1,
2026/05/20,0100 UTC,0,"931,4","931,4","931,3",,"16,6","13,8","16,7","16,5","13,8","13,7",84.0,83.0,84.0,203.0,"4,5",",4",
2026/05/20,0200 UTC,0,931,"931,4",931,,"16,5","13,8","16,6","16,5","13,8","13,7",84.0,83.0,84.0,188.0,3,",4",
2026/05/20,0300 UTC,0,"930,8",931,"930,5",,"16,5","13,8","16,6","16,5","13,9","13,8",85.0,84.0,84.0,210.0,"2,7",1,
2026/05/20,0400 UTC,0,"930,2","930,9","930,2",,"16,4","13,9","16,5","16,3","13,9","13,8",85.0,84.0,85.0,170.0,"2,6",0,
2026/05/20,0500 UTC,0,"930,5","930,5",930,,"16,2","13,6","16,4","16,2","13,9","13,6",85.0,84.0,84.0,235.0,"2,5",",7",
2026/05/20,0600 UTC,0,"930,3","930,5","930,1",,16,"13,6","16,3",16,"13,7","13,5",86.0,84.0,86.0,287.0,"2,9",1,
2026/05/20,0700 UTC,",2","929,3","930,4","929,3",,"15,7","13,8","16,1","15,7","13,8","13,5",88.0,86.0,88.0,152.0,2,0,
2026/05/20,0800 UTC,0,"928,4","929,4","928,2",,"15,7",14,"15,9","15,7",14,"13,8",90.0,88.0,90.0,114.0,"2,3",",4",
2026/05/20,0900 UTC,",4",929,"929,2","928,3",,"15,7","14,2","15,7","15,6","14,2",14,91.0,90.0,91.0,212.0,"3,3",",4",
2026/05/20,1000 UTC,",6","929,9",930,"928,6","2,4","15,8","14,5","15,9","15,7","14,5","14,2",92.0,91.0,92.0,101.0,"2,7",0,
2026/05/20,1100 UTC,0,"930,5","930,5","929,6","124,6","16,2","14,9","16,2","15,8","14,9","14,5",92.0,91.0,91.0,140.0,"2,6","1,1",
2026/05/20,1200 UTC,0,"930,9",931,"930,2","277,4","16,9","15,1","16,9","16,2","15,2","14,9",92.0,89.0,89.0,68.0,"2,3",",7",
2026/05/20,1300 UTC,0,931,"931,1","930,8","329,9","17,1","14,6","17,3","16,9","15,1","14,5",89.0,85.0,85.0,210.0,"1,9",0,
2026/05/20,1400 UTC,0,"931,1","931,2","930,9","531,3","17,4","14,4","18,5","17,1","15,6","14,3",86.0,80.0,83.0,225.0,"3,1",",9",
2026/05/20,1500 UTC,0,"930,8","931,1","930,6",503,"18,5","14,2",19,"17,3","14,9","14,2",84.0,75.0,76.0,160.0,"2,6",",2",
2026/05/20,1600 UTC,0,930,"930,8",930,"1082,6","19,9","14,5",20,"18,3","15,3","14,1",78.0,71.0,71.0,151.0,"1,8",",7",
2026/05/20,1700 UTC,0,"929,4","930,1","929,4","1374,3","20,2","14,1","21,6","19,6","15,2","13,6",72.0,63.0,68.0,248.0,"2,6",",4",
2026/05/20,1800 UTC,0,"929,1","929,4","928,8","807,8","20,6","13,4","21,3","20,1","14,5","12,6",69.0,59.0,63.0,265.0,"3,2",1,
2026/05/20,1900 UTC,,,,,,,,,,,,,,,,,,
2026/05/20,2000 UTC,,,,,,,,,,,,,,,,,,
2026/05/20,2100 UTC,,,,,,,,,,,,,,,,,,
2026/05/20,2200 UTC,0,"930,5","930,5",930,,"17,2","13,9","17,6","17,2",14,"13,9",81.0,79.0,81.0,158.0,"3,9","1,3",
2026/05/20,2300 UTC,,,,,,,,,,,,,,,,,,
2026/05/21,0000 UTC,0,"930,7",931,"930,7",,"16,7","13,6",17,"16,6","13,7","13,5",82.0,81.0,82.0,186.0,"3,6",1,
2026/05/21,0100 UTC,0,"931,1","931,1","930,7",,"16,1","13,4","16,7","16,1","13,7","13,4",84.0,82.0,84.0,187.0,"3,2",",7",
2026/05/21,0200 UTC,0,"931,4","931,5","931,1",,"16,5","13,5","16,5","16,1","13,7","13,4",85.0,83.0,83.0,185.0,"3,3",",6",
2026/05/21,0300 UTC,0,"931,5","931,6","931,4",,"16,3","13,4","16,5","16,3","13,5","13,3",83.0,82.0,83.0,175.0,"2,7",",7",
2026/05/21,0400 UTC,0,"931,2","931,5","931,2",,"16,1",13,"16,3",16,"13,4",13,83.0,82.0,82.0,155.0,"2,9",",8",
2026/05/21,0500 UTC,0,"930,4","931,2","930,4",,"15,3","12,6","16,1","15,3","13,1","12,6",84.0,82.0,84.0,134.0,"3,2","1,2",
2026/05/21,0600 UTC,0,"930,5","930,5","930,3",,"15,6","12,8","15,6",15,"13,1","12,5",86.0,84.0,84.0,194.0,"3,2","1,2",
2026/05/21,0700 UTC,0,"930,5","930,6","930,4",,"15,6","12,3","15,7","15,5","12,8","12,2",84.0,80.0,81.0,154.0,"3,2",",8",
2026/05/21,0800 UTC,0,"930,6","930,6","930,3",,"15,6","12,3","15,7","15,6","12,4","11,7",81.0,77.0,81.0,140.0,"2,9",",8",
2026/05/21,0900 UTC,0,931,931,"930,5",,"15,6","12,3","15,6","15,5","12,4","12,2",82.0,81.0,81.0,146.0,3,",6",
2026/05/21,1000 UTC,0,"931,6","931,6","930,9","14,6","14,9",12,"15,6","14,8","12,3","11,8",83.0,80.0,83.0,190.0,"2,4",0,
2026/05/21,1100 UTC,0,"932,3","932,3","931,6","145,6","15,4","12,7","15,6","14,9","12,7","12,1",84.0,82.0,84.0,215.0,"4,5",2,
2026/05/21,1200 UTC,0,"932,7","932,7","932,3","279,2","16,2","13,4","16,2","15,4","13,4","12,8",86.0,83.0,84.0,184.0,"4,7",",9",
2026/05/21,1300 UTC,",2","933,2","933,2","932,7","212,9","15,7","13,5","16,2","15,6","13,8","13,4",88.0,84.0,87.0,189.0,"5,2","1,6",
2026/05/21,1400 UTC,0,"933,3","933,4","933,1","385,2","15,3","12,8","15,7","15,2","13,6","12,6",87.0,84.0,85.0,191.0,"6,6","2,2",
2026/05/21,1500 UTC,0,"932,8","933,3","932,8","481,6","15,9","12,1","16,1","15,3",13,"11,9",85.0,77.0,78.0,191.0,"5,7",2,
2026/05/21,1600 UTC,0,"932,4","932,8","932,4","363,4","15,8",12,"16,1","15,7","12,4","11,9",79.0,77.0,78.0,191.0,"5,6","2,3",
2026/05/21,1700 UTC,0,"931,9","932,4","931,9","472,2","16,2","11,7","16,9","15,8","12,4","11,7",78.0,73.0,75.0,202.0,"6,5","2,3",
2026/05/21,1800 UTC,0,"932,3","932,3","931,9",423,"15,4","11,7","16,2","15,4","12,1","11,5",79.0,75.0,79.0,184.0,8,2,
2026/05/21,1900 UTC,,,,,,,,,,,,,,,,,,
2026/05/21,2000 UTC,0,"932,7","932,7","932,4",105,"14,6","11,2","14,8","14,5","11,6","11,1",82.0,79.0,81.0,192.0,7,2,
2026/05/21,2100 UTC,0,"933,4","933,4","932,6","6,6","14,4","11,2","14,6","14,3","11,4",11,81.0,80.0,81.0,178.0,"6,3","2,2",
2026/05/21,2200 UTC,,,,,,,,,,,,,,,,,,
2026/05/21,2300 UTC,,,,,,,,,,,,,,,,,,
2026/05/22,0000 UTC,0,"934,3","934,5","934,2",,"14,1","11,6","14,2",14,"11,7","11,5",86.0,84.0,85.0,186.0,5,"1,6",
2026/05/22,0100 UTC,0,"934,6","934,6","934,2",,14,"11,3","14,1","13,9","11,6","11,2",85.0,84.0,84.0,189.0,"5,9","1,9",
2026/05/22,0200 UTC,0,"934,3","934,6","934,2",,14,"11,2",14,"13,9","11,4","11,2",84.0,83.0,83.0,153.0,"5,5","1,8",
2026/05/22,0300 UTC,0,934,"934,3",934,,"14,1","11,1","14,1",14,"11,2","11,1",83.0,82.0,82.0,157.0,"5,8","1,8",
2026/05/22,0400 UTC,0,"933,6",934,"933,6",,"13,5","11,6","14,1","13,5","11,6",11,88.0,82.0,88.0,173.0,"6,1","1,5",
2026/05/22,0500 UTC,0,933,"933,6",933,,"13,5",12,"13,6","13,4",12,"11,6",91.0,88.0,90.0,167.0,5,"1,1",
2026/05/22,0600 UTC,0,"932,9","933,2","932,9",,"13,4",12,"13,6","13,4","12,1","11,9",91.0,90.0,91.0,169.0,5,"1,3",
2026/05/22,0700 UTC,",2","933,1","933,1","932,9",,"13,3",12,"13,4","13,2","12,1","11,9",92.0,91.0,92.0,168.0,4,"1,2",
2026/05/22,0800 UTC,",2","933,1","933,2","932,8",,"13,3","12,1","13,3","13,2","12,2",12,93.0,92.0,93.0,168.0,"4,2","1,4",
2026/05/22,0900 UTC,0,"933,8","933,8",933,,"13,5","12,2","13,5","13,3","12,3","12,1",93.0,92.0,92.0,190.0,4,"1,5",
2026/05/22,1000 UTC,0,"934,3","934,3","933,7","1,5","13,6","12,3","13,6","13,4","12,3","12,1",92.0,92.0,92.0,173.0,"5,2",",9",
2026/05/22,1100 UTC,0,"934,6","934,8","934,3","94,7","13,8","12,4","13,8","13,5","12,5","12,2",92.0,91.0,91.0,149.0,"5,1","2,4",
2026/05/22,1200 UTC,0,"934,6","934,6","934,3","404,5","14,9","12,5","14,9","13,8","12,8","12,4",91.0,85.0,85.0,149.0,"6,8","2,2",
2026/05/22,1300 UTC,0,935,935,"934,6","445,7","15,8","12,3","15,8","14,9","12,5",12,85.0,80.0,80.0,153.0,"5,4","2,1",
2026/05/22,1400 UTC,",2","935,1","935,2",935,"366,8","15,8","12,2","15,9","15,6","12,5","11,9",80.0,79.0,79.0,158.0,"6,8","1,7",
2026/05/22,1500 UTC,0,"934,5","935,1","934,4","392,2","15,7","12,5","16,1","15,5","12,8","12,1",82.0,79.0,81.0,173.0,"6,2","1,3",
2026/05/22,1600 UTC,0,"933,8","934,5","933,8","392,7","15,7","12,6",16,"15,5","12,7","12,3",82.0,80.0,82.0,177.0,"4,8","1,7",
2026/05/22,1700 UTC,0,"933,2","933,8","933,2","389,2","15,7","12,6",16,"15,7",13,"12,5",82.0,81.0,82.0,172.0,5,"1,7",
2026/05/22,1800 UTC,0,"932,6","933,3","932,6","338,5","15,9","12,6",16,"15,7","12,8","12,3",82.0,80.0,81.0,170.0,5,"1,4",
2026/05/22,1900 UTC,0,"933,1","933,1","932,6","225,4","15,9","12,6","16,1","15,8","12,7","12,3",81.0,79.0,81.0,187.0,"4,8","1,2",
2026/05/22,2000 UTC,0,"932,8","933,1","932,8","86,1","15,2","12,5","15,9","15,1","12,6","12,3",84.0,81.0,84.0,174.0,"4,6","1,2",
2026/05/22,2100 UTC,0,933,"933,2","932,8","11,7",15,"12,4","15,3",15,"12,6","12,4",84.0,84.0,84.0,170.0,"4,3","1,4",
2026/05/22,2200 UTC,0,"933,9",934,933,,15,"12,2","15,1","14,9","12,5","12,2",85.0,84.0,84.0,161.0,"4,8","1,8",
2026/05/22,2300 UTC,,,,,,,,,,,,,,,,,,
2026/05/23,0000 UTC,0,"934,3","934,3",934,,"14,8","12,2","14,9","14,7","12,3","12,1",85.0,84.0,85.0,183.0,"5,5","1,1",
2026/05/23,0100 UTC,0,934,"934,3","933,9",,"14,8","12,3","14,9","14,8","12,4","12,2",85.0,84.0,85.0,154.0,"5,3",1,
2026/05/23,0200 UTC,0,"933,7",934,"933,7",,"14,8","12,6","14,8","14,7","12,6","12,3",87.0,85.0,87.0,138.0,"3,8","1,8",
2026/05/23,0300 UTC,,,,,,,,,,,,,,,,,,
2026/05/23,0400 UTC,,,,,,,,,,,,,,,,,,
2026/05/23,0500 UTC,0,"932,5","933,2","932,4",,"15,2","13,1","15,2","15,1","13,1",13,87.0,87.0,87.0,148.0,"3,5","1,1",
2026/05/23,0600 UTC,0,"931,9","932,6","931,9",,"15,3","13,3","15,3","15,2","13,3","13,1",88.0,87.0,88.0,133.0,"3,5",1,
2026/05/23,0700 UTC,0,"931,3","931,9","931,2",,"15,4","13,5","15,4","15,3","13,5","13,3",88.0,88.0,88.0,127.0,"4,2","1,5",
2026/05/23,0800 UTC,0,"931,2","931,5","930,9",,"15,5","13,6","15,5","15,4","13,6","13,5",88.0,88.0,88.0,125.0,"4,2","1,4",
2026/05/23,0900 UTC,",2",932,932,"930,9",,"15,5","13,8","15,7","15,5","13,8","13,6",90.0,88.0,90.0,104.0,5,"1,5",
2026/05/23,1000 UTC,"1,4","931,9","932,1","931,7",",9","15,3",14,"15,5","15,3",14,"13,8",92.0,90.0,92.0,116.0,"4,4","1,7",
2026/05/23,1100 UTC,"1,6","932,7","932,7","931,8",99,"15,5","14,3","15,5","15,3","14,4",14,93.0,92.0,93.0,111.0,"4,8",",6",
2026/05/23,1200 UTC,1,"933,2","933,3","932,7","189,5","15,8","14,7","15,9","15,4","14,8","14,2",93.0,93.0,93.0,127.0,"2,1",",2",
2026/05/23,1300 UTC,0,"933,7","933,7","933,2","418,8","16,4",15,"16,5","15,8","15,2","14,7",93.0,92.0,92.0,229.0,"1,9",",5",
2026/05/23,1400 UTC,,,,,,,,,,,,,,,,,,
2026/05/23,1500 UTC,,,,,,,,,,,,,,,,,,
2026/05/23,1600 UTC,,,,,,,,,,,,,,,,,,
2026/05/23,1700 UTC,,,,,,,,,,,,,,,,,,
2026/05/23,1800 UTC,,,,,,,,,,,,,,,,,,
2026/05/23,1900 UTC,,,,,,,,,,,,,,,,,,
2026/05/23,2000 UTC,,,,,,,,,,,,,,,,,,
2026/05/23,2100 UTC,,,,,,,,,,,,,,,,,,
2026/05/23,2200 UTC,,,,,,,,,,,,,,,,,,
2026/05/23,2300 UTC,,,,,,,,,,,,,,,,,,
2026/05/24,0000 UTC,,,,,,,,,,,,,,,,,,
2026/05/24,0100 UTC,,,,,,,,,,,,,,,,,,
2026/05/24,0200 UTC,,,,,,,,,,,,,,,,,,
2026/05/24,0300 UTC,,,,,,,,,,,,,,,,,,
2026/05/24,0400 UTC,",6","930,8","931,1","930,5",,"16,4","15,3","16,6","16,4","15,5","15,3",93.0,93.0,93.0,285.0,",6",0,
2026/05/24,0500 UTC,",2","929,9","930,8","929,8",,"16,4","15,4","16,5","16,4","15,5","15,3",94.0,93.0,94.0,120.0,0,0,
2026/05/24,0600 UTC,0,"929,8","929,9","929,7",,"16,3","15,3","16,4","16,3","15,4","15,3",94.0,94.0,94.0,250.0,0,0,
2026/05/24,0700 UTC,0,"929,2","929,8","929,2",,"16,8","16,1","16,8","16,3","16,1","15,3",96.0,94.0,96.0,44.0,"4,1","1,2",
2026/05/24,0800 UTC,",2","929,2","929,2","929,1",,"16,4","15,5",17,"16,4","16,4","15,5",96.0,94.0,94.0,173.0,"4,1",",6",
2026/05/24,0900 UTC,0,"929,8","929,8","929,2",,"16,2","15,3","16,4","16,1","15,5","15,2",94.0,94.0,94.0,196.0,"1,6",0,
2026/05/24,1000 UTC,0,"930,3","930,4","929,8","16,5","16,1","15,4","16,3",16,"15,4","15,1",95.0,94.0,95.0,92.0,0,0,
2026/05/24,1100 UTC,0,"930,5","930,6","930,3","267,4","17,3","16,6","17,3","16,1","16,6","15,4",96.0,95.0,96.0,92.0,0,0,
2026/05/24,1200 UTC,0,931,931,"930,5","872,4","18,5","17,4","18,5","17,2","17,8","16,5",96.0,94.0,94.0,199.0,"2,1",1,
2026/05/24,1300 UTC,0,"931,1","931,1",931,"1531,8","21,1","17,1","21,4","18,3","18,5","17,1",94.0,78.0,78.0,194.0,"2,4",",8",
2026/05/24,1400 UTC,,,,,,,,,,,,,,,,,,
2026/05/24,1500 UTC,,,,,,,,,,,,,,,,,,
2026/05/24,1600 UTC,,,,,,,,,,,,,,,,,,
2026/05/24,1700 UTC,,,,,,,,,,,,,,,,,,
2026/05/24,1800 UTC,,,,,,,,,,,,,,,,,,
2026/05/24,1900 UTC,,,,,,,,,,,,,,,,,,
2026/05/24,2000 UTC,,,,,,,,,,,,,,,,,,
2026/05/24,2100 UTC,,,,,,,,,,,,,,,,,,
2026/05/24,2200 UTC,,,,,,,,,,,,,,,,,,
2026/05/24,2300 UTC,,,,,,,,,,,,,,,,,,
2026/05/25,0000 UTC,,,,,,,,,,,,,,,,,,
2026/05/25,0100 UTC,,,,,,,,,,,,,,,,,,
2026/05/25,0200 UTC,,,,,,,,,,,,,,,,,,
2026/05/25,0300 UTC,,,,,,,,,,,,,,,,,,
2026/05/25,0400 UTC,,,,,,,,,,,,,,,,,,
2026/05/25,0500 UTC,0,"931,1","931,3","930,9",,"16,2","14,3","16,6","16,2","14,7","14,2",89.0,88.0,88.0,168.0,"4,1",",8",
2026/05/25,0600 UTC,0,"930,7","931,1","930,7",,"16,3","14,1","16,3","16,2","14,3",14,88.0,87.0,87.0,189.0,"2,9",",5",
2026/05/25,0700 UTC,0,"930,6","930,8","930,6",,"16,3","13,8","16,3","16,2","14,1","13,8",87.0,85.0,85.0,143.0,"2,9","1,5",
2026/05/25,0800 UTC,0,"930,8","930,8","930,5",,"16,1",14,"16,3","16,1",14,"13,7",87.0,85.0,87.0,174.0,3,",7",
2026/05/25,0900 UTC,0,"931,2","931,2","930,8",,"16,1",14,"16,1",16,14,"13,9",88.0,87.0,88.0,159.0,"3,3",",8",
2026/05/25,1000 UTC,0,"931,4","931,4","931,1",9,"16,1","13,8","16,2",16,"14,1","13,8",88.0,86.0,86.0,132.0,"3,5","1,7",
2026/05/25,1100 UTC,0,"932,3","932,3","931,4","109,1","16,4","13,8","16,4","16,1","14,1","13,8",86.0,85.0,85.0,191.0,"3,5","1,1",
2026/05/25,1200 UTC,0,"933,1","933,1","932,3","270,3",17,14,17,"16,4","14,1","13,5",85.0,82.0,83.0,144.0,"3,5",",9",
2026/05/25,1300 UTC,,,,,,,,,,,,,,,,,,
2026/05/25,1400 UTC,,,,,,,,,,,,,,,,,,
2026/05/25,1500 UTC,0,"932,1","932,6","932,1","1199,2","19,2","14,7","19,4","17,9",15,"13,8",79.0,73.0,75.0,142.0,"4,3","1,5",
2026/05/25,1600 UTC,0,"931,4","932,1","931,4","1291,1","20,2","14,8","20,5","18,9","15,3",14,76.0,69.0,71.0,163.0,"3,9",1,
2026/05/25,1700 UTC,0,931,"931,4",931,"1490,8","22,7","16,2","22,7",20,"16,2","14,3",73.0,66.0,67.0,158.0,"4,1","1,1",
2026/05/25,1800 UTC,0,"930,7","931,1","930,7","1379,9","21,5","15,1","22,7","21,1","15,6","14,3",68.0,62.0,67.0,160.0,"4,8","1,5",
2026/05/25,1900 UTC,,,,,,,,,,,,,,,,,,
2026/05/25,2000 UTC,0,"930,9",931,"930,5","259,1","20,3","15,4","21,2","20,3","15,6","15,2",73.0,70.0,73.0,162.0,"3,3",",9",
2026/05/25,2100 UTC,0,"931,4","931,4","930,8","5,3","18,9","15,3","20,3","18,9","15,5","15,3",80.0,73.0,80.0,170.0,"4,2","1,3",
2026/05/25,2200 UTC,0,932,932,"931,3",,"17,7","15,1","18,9","17,7","15,3","15,1",85.0,80.0,85.0,200.0,"4,1","1,6",
2026/05/25,2300 UTC,0,"932,5","932,5",932,,"17,5",15,"17,8","17,5","15,2",15,85.0,85.0,85.0,182.0,"3,8",",9",
2026/05/26,0000 UTC,0,"932,3","932,5","932,3",,"17,4",15,"17,6","17,4",15,"14,9",86.0,85.0,86.0,168.0,"4,3",",9",
2026/05/26,0100 UTC,0,"931,9","932,4","931,8",,"17,5","14,9","17,5","17,4","15,1","14,8",86.0,84.0,84.0,131.0,"3,8","1,7",
2026/05/26,0200 UTC,0,"932,2","932,3","931,8",,"17,2","14,8","17,5","17,1","14,8","14,6",86.0,84.0,86.0,139.0,"4,9","1,3",
2026/05/26,0300 UTC,0,"931,8","932,4","931,8",,"17,3","14,9","17,3","17,2","14,9","14,8",86.0,86.0,86.0,147.0,3,",5",
2026/05/26,0400 UTC,0,"931,2","931,8","931,2",,"17,3",15,"17,4","17,3",15,"14,9",86.0,86.0,86.0,118.0,"4,1","1,7",
2026/05/26,0500 UTC,0,"931,5","931,6","931,2",,"17,3","15,2","17,3","17,2","15,2",15,88.0,86.0,88.0,142.0,"4,3","1,1",
2026/05/26,0600 UTC,0,"931,1","931,6","930,8",,"17,3","15,3","17,3","17,1","15,4","15,2",89.0,88.0,88.0,145.0,"2,9",",9",
2026/05/26,0700 UTC,0,"930,8","931,1","930,8",,"17,2","15,2","17,3","17,2","15,3","15,2",88.0,88.0,88.0,125.0,"4,4","1,5",
2026/05/26,0800 UTC,0,"930,7","930,9","930,6",,"17,3","15,3","17,3","17,2","15,3","15,1",88.0,88.0,88.0,114.0,"3,4","1,3",
2026/05/26,0900 UTC,0,"931,1","931,1","930,7",,"17,5","15,5","17,5","17,3","15,5","15,3",88.0,88.0,88.0,118.0,"4,4","1,3",
2026/05/26,1000 UTC,0,"931,8","931,8","930,9","6,5","17,7","15,7","17,7","17,5","15,7","15,5",88.0,88.0,88.0,112.0,"5,7",",8",
2026/05/26,1100 UTC,0,"931,9",932,"931,5","113,3","17,9","15,6",18,"17,7","15,8","15,6",88.0,86.0,87.0,120.0,"4,7","2,1",
2026/05/26,1200 UTC,0,"932,4","932,5","931,5","509,1","19,2","16,1","19,2","17,8","16,1","15,6",87.0,82.0,82.0,118.0,"4,9","1,3",
2026/05/26,1300 UTC,0,932,"932,4","931,9","1412,6","21,8","16,6","21,8","18,9","16,9","15,5",82.0,72.0,73.0,133.0,"4,6","1,5",
2026/05/26,1400 UTC,0,"931,4",932,"931,4","2093,1","22,6","16,7",23,21,"16,9","15,5",74.0,65.0,69.0,107.0,"3,4",1,
2026/05/26,1500 UTC,0,931,"931,5",931,"2253,4","24,7","16,4","25,1","22,7","17,5","15,6",69.0,59.0,60.0,41.0,"2,7",",7",
2026/05/26,1600 UTC,0,930,931,930,2517,"25,9","15,7","26,1","24,7","17,3","15,2",61.0,52.0,53.0,2.0,"5,6","1,8",
2026/05/26,1700 UTC,0,"929,3",930,"929,3","1813,1",26,"15,4","26,9","25,2","16,1","14,8",56.0,49.0,52.0,17.0,"6,7",3,
2026/05/26,1800 UTC,0,"928,6","929,3","928,6","1700,7","26,1","14,1","26,8","25,6","15,7","14,1",53.0,47.0,48.0,19.0,"8,1","3,6",
2026/05/26,1900 UTC,0,"928,5","928,6","928,4","1216,1","25,9",14,"27,1","25,9","15,1","13,8",49.0,46.0,48.0,324.0,"8,2","2,7",
2026/05/26,2000 UTC,0,"928,8","928,8","928,4",403,"24,9","14,4","26,2","24,9","14,6",14,52.0,47.0,52.0,343.0,"7,1","2,7",
2026/05/26,2100 UTC,0,"929,1","929,2","928,7","18,8","23,8",15,"24,9","23,8",15,"14,4",58.0,52.0,58.0,360.0,"4,7","1,5",
2026/05/26,2200 UTC,0,"929,7","929,7","929,1",,"22,4","15,5","23,8","22,4","15,5",15,65.0,58.0,65.0,6.0,"2,5",",9",
2026/05/26,2300 UTC,0,"929,9","930,1","929,5",,"22,2","15,6","22,6","22,1","15,6","15,4",67.0,64.0,66.0,32.0,"2,2","1,1",
2026/05/27,0000 UTC,0,"929,5",930,"929,5",,22,"15,8","22,3","21,7","15,9","15,6",69.0,66.0,68.0,51.0,"4,2","2,1",
2026/05/27,0100 UTC,0,"930,2","930,2","929,5",,21,"15,7",22,"20,8","15,8","15,6",73.0,68.0,72.0,15.0,"4,2",0,
2026/05/27,0200 UTC,0,"930,1","930,3",930,,"20,9","15,8","21,3","20,6",16,"15,5",73.0,70.0,73.0,58.0,"2,1",",4",
2026/05/27,0300 UTC,0,930,"930,3",930,,"20,7","16,2","20,9","20,1","16,3","15,7",77.0,73.0,75.0,336.0,"2,1",1,
2026/05/27,0400 UTC,0,"929,5",930,"929,5",,"19,7","16,1","20,8","19,7","16,4","15,8",80.0,75.0,80.0,324.0,"2,1",",9",
2026/05/27,0500 UTC,0,"928,9","929,5","928,9",,"19,1","16,1","19,7",19,"16,4",16,83.0,80.0,83.0,26.0,"1,9",",6",
2026/05/27,0600 UTC,0,"928,4","928,9","928,4",,"18,7","16,2","19,1","18,4","16,3","15,8",86.0,83.0,85.0,5.0,"1,5",0,
2026/05/27,0700 UTC,0,"928,1","928,4","928,1",,"18,1","15,6","18,8","18,1","16,2","15,5",85.0,84.0,85.0,338.0,0,0,
2026/05/27,0800 UTC,0,"928,2","928,2","928,1",,"18,5","15,7",19,"18,1",16,"15,6",86.0,82.0,84.0,243.0,"2,1",0,
2026/05/27,0900 UTC,0,"928,4","928,4","928,1",,"18,2","15,9","18,6","18,2",16,"15,7",86.0,84.0,86.0,335.0,1,0,
2026/05/27,1000 UTC,0,929,929,"928,4","5,6","18,9","15,9",19,"18,2","16,1","15,8",87.0,82.0,82.0,342.0,"2,4","1,1",
2026/05/27,1100 UTC,0,"929,6","929,6",929,"198,6","19,9","16,2","19,9","18,9","16,4","15,9",83.0,79.0,79.0,290.0,"2,1",",1",
2026/05/27,1200 UTC,0,"930,2","930,2","929,6","306,2","20,2","16,3","20,3","19,8","16,5","16,1",80.0,78.0,78.0,282.0,"2,7","1,2",
2026/05/27,1300 UTC,0,"930,6","930,6","930,2","874,9","21,8",16,"22,1","20,2","16,8","15,8",78.0,69.0,70.0,290.0,"3,7","1,9",
2026/05/27,1400 UTC,0,"930,4","930,6","930,4","1711,9","24,4","15,4","24,7","21,8","16,4","15,3",71.0,58.0,58.0,236.0,"3,7",",9",
2026/05/27,1500 UTC,0,"929,9","930,4","929,9","1182,5","22,7","15,6","24,3","22,6","16,8",15,67.0,58.0,64.0,233.0,"4,8",2,
2026/05/27,1600 UTC,0,"929,2","929,9","929,2","1108,6","21,4","15,4","23,7","21,3","16,7","15,4",71.0,62.0,68.0,190.0,"6,3","2,6",
2026/05/27,1700 UTC,0,"928,9","929,3","928,9","763,6","19,9","14,7","21,6","19,9","15,9","14,7",73.0,68.0,72.0,196.0,"8,2","2,5",
2026/05/27,1800 UTC,0,"929,3","929,3","928,9","212,9","18,2","14,7","19,9","18,2","15,1","14,7",81.0,72.0,80.0,209.0,"8,2","2,6",
2026/05/27,1900 UTC,0,"929,5","929,5","929,3","149,3","18,1","14,6","18,6",18,15,"14,4",81.0,78.0,80.0,206.0,"5,5","1,8",
2026/05/27,2000 UTC,0,"929,9","929,9","929,5","58,6","17,6","14,4","18,1","17,6","14,8","14,4",82.0,80.0,81.0,187.0,5,"1,4",
2026/05/27,2100 UTC,0,"930,2","930,3","929,9","2,2","17,2","14,1","17,6","17,2","14,5",14,83.0,81.0,82.0,209.0,"5,2","1,9",
2026/05/27,2200 UTC,0,"930,8","930,8","930,2",,"16,1","13,9","17,2","16,1","14,2","13,8",88.0,82.0,87.0,208.0,6,"2,7",
2026/05/27,2300 UTC,0,"931,3","931,3","930,8",,"16,3","13,5","16,4","16,1",14,"13,5",87.0,83.0,83.0,203.0,"5,4","1,8",
2026/05/28,0000 UTC,0,"931,6","931,6","931,2",,"16,4","13,3","16,4","16,2","13,6","13,3",84.0,82.0,82.0,183.0,"4,2","1,2",
2026/05/28,0100 UTC,0,"932,1","932,1","931,6",,"15,8","13,1","16,4","15,8","13,2",13,84.0,81.0,84.0,174.0,"4,6","1,5",
2026/05/28,0200 UTC,0,"932,2","932,2","932,1",,"15,2","12,7","15,8","15,2","13,1","12,7",86.0,84.0,85.0,168.0,"4,9","1,4",
2026/05/28,0300 UTC,0,932,"932,2",932,,"14,7","12,1","15,2","14,6","12,7","12,1",86.0,84.0,85.0,185.0,"5,1","1,5",
2026/05/28,0400 UTC,0,"931,7",932,"931,7",,"14,5","10,9","14,7","14,4","12,1","10,9",85.0,79.0,79.0,208.0,"5,4",2,
2026/05/28,0500 UTC,0,"931,4","931,7","931,3",,"14,6","10,5","14,6","14,4",11,"10,4",79.0,77.0,77.0,190.0,"5,5","1,3",
2026/05/28,0600 UTC,0,931,"931,4",931,,"14,3","10,3","14,6","14,2","10,6","10,1",77.0,76.0,77.0,199.0,"4,6","1,4",
2026/05/28,0700 UTC,0,"930,8",931,"930,8",,14,"10,1","14,4",14,"10,4","9,8",78.0,75.0,78.0,210.0,"6,1","1,4",
2026/05/28,0800 UTC,0,"930,8","930,9","930,7",,14,"10,2","14,1",14,"10,3","9,7",78.0,75.0,78.0,153.0,4,",8",
2026/05/28,0900 UTC,0,"931,2","931,2","930,8",,"13,7","9,8",14,"13,7","10,4","9,8",79.0,78.0,78.0,162.0,"3,7","1,2",
2026/05/28,1000 UTC,0,"931,7","931,7","931,2","6,2","14,1","8,9","14,1","13,6","9,8","8,9",78.0,71.0,71.0,196.0,"4,8","1,7",
2026/05/28,1100 UTC,0,"932,2","932,2","931,7",198,"14,5","8,9","14,6","14,1","9,4","8,8",71.0,69.0,69.0,147.0,"4,6","1,2",
2026/05/28,1200 UTC,0,"932,5","932,6","932,2","774,3","15,6","9,4","16,3","14,5","9,7","8,7",70.0,62.0,67.0,149.0,"5,5","2,1",
2026/05/28,1300 UTC,0,"932,6","932,7","932,5",1425,"17,4","9,8",18,"15,5","10,2","8,7",67.0,57.0,61.0,158.0,"5,5","1,9",
2026/05/28,1400 UTC,0,"932,2","932,7","932,2","2230,1","18,9","9,8","19,8","17,4","10,9","8,5",62.0,52.0,56.0,179.0,"4,6","1,5",
2026/05/28,1500 UTC,0,"931,6","932,2","931,6","2611,7","20,1","8,9","20,4","18,9","10,2","8,3",56.0,47.0,49.0,141.0,"5,4","2,2",
2026/05/28,1600 UTC,0,"930,6","931,6","930,6","2593,6","20,9","8,9","20,9","19,7","9,2","6,8",49.0,42.0,46.0,138.0,"4,6","1,7",
2026/05/28,1700 UTC,0,"929,8","930,6","929,8","2383,3","21,2","7,6","21,8","20,4","9,2","6,2",47.0,38.0,42.0,169.0,"5,1",1,
2026/05/28,1800 UTC,0,"929,4","929,8","929,4","1889,3","21,7","8,6","22,3","20,9","9,2","6,9",45.0,38.0,43.0,170.0,"4,8","2,1",
2026/05/28,1900 UTC,0,"929,3","929,4","929,3",1235,"20,4","10,9","22,1","20,4","11,4",8,54.0,41.0,54.0,191.0,"6,5","2,3",
2026/05/28,2000 UTC,0,"929,8","929,8","929,3","397,8","18,1","11,1","20,4","18,1","11,5","10,7",63.0,54.0,63.0,196.0,"6,2","2,4",
2026/05/28,2100 UTC,0,"930,5","930,5","929,8","15,6","15,9","11,2","18,1","15,9","11,2","10,9",73.0,63.0,73.0,186.0,"7,3","1,8",
2026/05/28,2200 UTC,0,931,931,"930,4",,"15,3",11,"15,9","15,3","11,3",11,76.0,73.0,76.0,200.0,"5,8","1,3",
2026/05/28,2300 UTC,0,"931,4","931,4",931,,"14,9","11,5","15,3","14,8","11,5","10,9",80.0,76.0,80.0,206.0,"4,4","1,1",
2026/05/29,0000 UTC,0,"931,8","931,8","931,4",,"15,1","11,6","15,2","14,9","11,7","11,4",80.0,79.0,79.0,203.0,"3,8","1,6",
2026/05/29,0100 UTC,0,"931,9","931,9","931,8",,"14,9","11,2","15,2","14,9","11,6","11,2",79.0,79.0,79.0,199.0,"4,3","1,7",
2026/05/29,0200 UTC,0,"931,9","931,9","931,8",,"14,3","11,2","14,9","14,2","11,3","10,9",82.0,79.0,82.0,177.0,4,",6",
2026/05/29,0300 UTC,0,"931,9","932,1","931,9",,"14,7","11,3","14,7","14,1","11,5","11,1",83.0,80.0,80.0,206.0,4,"1,2",
2026/05/29,0400 UTC,0,"931,5",932,"931,5",,"14,3","10,9","14,7","14,3","11,4","10,9",81.0,79.0,80.0,132.0,"4,3",2,
2026/05/29,0500 UTC,0,"931,2","931,5","931,2",,"14,2","10,8","14,4","14,1","11,1","10,8",81.0,80.0,80.0,134.0,"4,6","1,7",
2026/05/29,0600 UTC,0,"930,9","931,2","930,9",,"13,5","10,4","14,2","13,5","10,8","10,3",81.0,80.0,81.0,135.0,"3,9","1,5",
2026/05/29,0700 UTC,0,"930,3","930,9","930,3",,13,"10,2","13,7",13,"10,6","10,1",83.0,81.0,83.0,181.0,"4,4",",2",
2026/05/29,0800 UTC,0,"930,5","930,5","930,3",,"13,4","10,6","13,5",13,"10,8","10,2",84.0,83.0,83.0,172.0,"3,7","1,2",
2026/05/29,0900 UTC,0,"930,7","930,8","930,5",,"13,1","10,5","13,4",13,"10,7","10,3",85.0,83.0,85.0,154.0,"3,1",",4",
2026/05/29,1000 UTC,0,"931,5","931,5","930,7","6,5","13,8","10,9","13,8",13,11,"10,5",85.0,83.0,83.0,144.0,"3,5","1,5",
2026/05/29,1100 UTC,0,"931,8","931,9","931,5","177,5","14,2","11,3","14,3","13,7","11,3","10,8",84.0,82.0,82.0,153.0,"5,1","1,7",
2026/05/29,1200 UTC,0,"932,4","932,4","931,8",458,"15,2","11,5","15,2","14,2","11,7","11,1",82.0,78.0,79.0,155.0,"6,2","2,2",
2026/05/29,1300 UTC,0,933,933,"932,4","733,6","16,9","11,6","17,5","15,2","12,6","11,4",79.0,70.0,71.0,148.0,"5,4","1,6",
2026/05/29,1400 UTC,0,"932,5",933,"932,4","1569,7","18,3","11,3","19,1","16,9","12,4","11,1",72.0,62.0,64.0,116.0,"5,8","2,1",
2026/05/29,1500 UTC,0,"931,8","932,5","931,8","1219,9",19,"11,4","19,1",18,"11,9",11,66.0,61.0,62.0,136.0,"5,6","2,1",
2026/05/29,1600 UTC,0,"930,8","931,8","930,8","1638,9","19,7","11,3","20,7",19,12,"10,7",62.0,54.0,58.0,129.0,"4,9","1,9",
2026/05/29,1700 UTC,0,"930,2","930,8","930,1","1715,3","20,9","10,2","21,7","19,3","12,5","10,1",60.0,50.0,50.0,139.0,"5,4","1,3",
2026/05/29,1800 UTC,0,"929,6","930,2","929,5",1648,"20,4","11,8","22,4","20,1","12,5","9,6",58.0,47.0,58.0,182.0,"6,7","2,2",
2026/05/29,1900 UTC,0,"929,6","929,7","929,5","931,6","18,8","12,1",21,"18,8","12,6",12,66.0,58.0,65.0,180.0,"6,7","2,4",
2026/05/29,2000 UTC,0,"929,9","929,9","929,6",323,"17,5","12,3",19,"17,5","12,4",12,72.0,65.0,72.0,194.0,7,"1,9",
2026/05/29,2100 UTC,0,"930,3","930,3","929,9","11,5","16,8","11,9","17,5","16,8","12,3","11,9",73.0,71.0,73.0,164.0,7,"2,2",
2026/05/29,2200 UTC,0,"930,6","930,7","930,3",,"16,5",12,"16,8","16,4",12,"11,8",75.0,72.0,75.0,156.0,"5,2","1,9",
2026/05/29,2300 UTC,0,"931,1","931,1","930,6",,"16,2","12,1","16,5","16,1","12,2","11,9",77.0,75.0,77.0,148.0,"5,6","1,8",
2026/05/30,0000 UTC,0,"931,5","931,5","931,1",,"15,8","11,9","16,2","15,8","12,2","11,9",78.0,77.0,78.0,165.0,"4,7","1,8",
2026/05/30,0100 UTC,0,"931,4","931,5","931,3",,"15,7","11,8","15,8","15,6","11,9","11,7",78.0,77.0,77.0,154.0,"5,8","1,9",
2026/05/30,0200 UTC,0,"931,2","931,4","931,2",,"15,6","11,8","15,8","15,6","11,9","11,7",78.0,77.0,78.0,146.0,"5,1","2,5",
2026/05/30,0300 UTC,0,"931,1","931,2","931,1",,"15,5",12,"15,6","15,5","12,1","11,8",80.0,78.0,80.0,152.0,"5,4",2,
2026/05/30,0400 UTC,0,"930,6","931,1","930,6",,"15,5","12,2","15,6","15,5","12,2",12,81.0,80.0,80.0,143.0,"4,6","1,7",
2026/05/30,0500 UTC,0,"930,3","930,7","930,3",,"15,3","12,1","15,6","15,3","12,2","12,1",81.0,80.0,81.0,149.0,5,"1,2",
2026/05/30,0600 UTC,0,930,"930,3",930,,15,"12,3","15,3",15,"12,3","12,1",83.0,81.0,83.0,155.0,"3,7","1,4",
2026/05/30,0700 UTC,0,930,930,"929,8",,"14,9","12,4","15,1","14,9","12,5","12,3",85.0,83.0,85.0,158.0,"3,6",",6",
2026/05/30,0800 UTC,0,"929,9",930,"929,8",,"14,8","12,6","14,9","14,7","12,6","12,4",87.0,85.0,87.0,170.0,3,",6",
2026/05/30,0900 UTC,0,"930,1","930,2","929,8",,"14,7","12,7","14,8","14,7","12,8","12,6",87.0,87.0,87.0,153.0,"3,1","1,8",
2026/05/30,1000 UTC,0,"930,7","930,7","930,1","7,3","14,8","12,9","14,8","14,7","12,9","12,7",89.0,87.0,88.0,136.0,"4,4","2,1",
2026/05/30,1100 UTC,0,"931,5","931,5","930,6","132,4","15,3","13,3","15,3","14,8","13,3","12,9",89.0,88.0,88.0,135.0,"4,4","1,4",
2026/05/30,1200 UTC,0,"931,9","931,9","931,5","250,4","15,7","13,3","15,9","15,3","13,7","13,2",88.0,85.0,86.0,138.0,"3,6","1,1",
2026/05/30,1300 UTC,0,"932,1","932,2","931,9","463,5","16,8","13,7","16,8","15,7","13,8","13,3",86.0,81.0,82.0,119.0,"3,8","1,8",
2026/05/30,1400 UTC,0,"931,6","932,1","931,6","1017,3","18,1","13,7","18,1","16,8",14,"13,3",82.0,75.0,76.0,118.0,"3,8","1,5",
2026/05/30,1500 UTC,0,"930,8","931,7","930,8","1530,3","19,1","13,6","19,5",18,"14,2","13,1",76.0,69.0,71.0,83.0,"2,7",",6",
2026/05/30,1600 UTC,0,"930,1","930,8","930,1","2217,1",22,"14,2","22,1","19,1",15,"13,6",71.0,61.0,61.0,228.0,"3,5",1,
2026/05/30,1700 UTC,0,929,"930,1",929,"1859,1",22,"14,2","22,5","21,2","14,8","13,4",64.0,60.0,61.0,270.0,"4,1","1,2",
2026/05/30,1800 UTC,0,"928,5",929,"928,2","1570,7","22,6","14,1","23,2","21,8","15,1","13,5",63.0,56.0,59.0,276.0,"3,9","1,6",
2026/05/30,1900 UTC,0,"928,4","928,5","928,3","797,2","22,2","13,7","23,4","22,2","14,5","13,7",61.0,56.0,59.0,299.0,"3,9","1,5",
2026/05/30,2000 UTC,0,"928,8","928,8","928,4","177,9","21,8","13,7","22,2","21,8","14,1","13,6",60.0,59.0,60.0,312.0,"3,7","2,1",
2026/05/30,2100 UTC,0,"929,3","929,3","928,7","13,4","20,8","13,8","21,8","20,8",14,"13,7",64.0,60.0,64.0,218.0,"4,1","1,9",
2026/05/30,2200 UTC,,,,,,,,,,,,,,,,,,
2026/05/30,2300 UTC,,,,,,,,,,,,,,,,,,
2026/05/31,0000 UTC,,,,,,,,,,,,,,,,,,
2026/05/31,0100 UTC,0,"931,3","931,4","931,2",,"16,8","13,8","16,9","16,6","14,3","13,8",85.0,83.0,83.0,235.0,5,1,
2026/05/31,0200 UTC,0,"931,2","931,3","931,1",,"16,6","13,5","16,9","16,6","13,9","13,5",83.0,81.0,82.0,224.0,"3,7","1,5",
2026/05/31,0300 UTC,0,"930,9","931,2","930,9",,"16,6","13,2","16,7","16,5","13,5","13,2",82.0,81.0,81.0,243.0,"3,6",",6",
2026/05/31,0400 UTC,0,"930,8","930,9","930,8",,"16,2",12,"16,6","16,2","13,1",12,80.0,76.0,76.0,214.0,"5,1","2,6",
2026/05/31,0500 UTC,0,"930,4","930,9","930,4",,16,"11,9","16,2",16,12,"11,6",77.0,75.0,76.0,219.0,"5,1","1,5",
2026/05/31,0600 UTC,0,"929,9","930,4","929,9",,"15,9","12,3","16,1","15,8","12,3","11,9",79.0,76.0,79.0,206.0,"4,5","1,1",
2026/05/31,0700 UTC,0,"929,8","929,9","929,8",,"15,7","11,8","15,9","15,7","12,2","11,5",79.0,76.0,77.0,209.0,5,"1,6",
2026/05/31,0800 UTC,0,"929,6","929,8","929,6",,"15,4","12,4","15,8","15,4","12,4","11,8",82.0,77.0,82.0,204.0,"3,7","1,2",
2026/05/31,0900 UTC,0,"929,9","929,9","929,6",,"15,3","12,7","15,4","15,2","12,7","12,4",85.0,82.0,85.0,181.0,"3,1",0,
2026/05/31,1000 UTC,0,"930,3","930,3","929,9","4,1","15,5","12,7","15,5","15,2","12,7","12,6",85.0,83.0,83.0,179.0,"2,3",",3",
2026/05/31,1100 UTC,0,"930,8","930,8","930,3",98,16,"12,5","16,1","15,5","12,8","12,5",83.0,80.0,80.0,170.0,"2,5",",4",
2026/05/31,1200 UTC,0,"931,5","931,5","930,8","298,6","16,7","12,9","16,7",16,13,"12,5",80.0,78.0,78.0,178.0,"2,5",",5",
2026/05/31,1300 UTC,0,"931,8","931,8","931,5","627,2","17,6","12,1","17,7","16,6","13,1","11,9",78.0,70.0,70.0,161.0,"2,8","1,2",
2026/05/31,1400 UTC,0,"931,8","931,8","931,7","780,3","18,7","12,7","18,9","17,5","13,1","11,7",71.0,68.0,68.0,194.0,"2,8",1,
2026/05/31,1500 UTC,0,"931,2","931,8","931,2","1384,8","19,8","12,3","20,2","18,6","13,2","11,8",70.0,60.0,62.0,209.0,"3,3",1,
2026/05/31,1600 UTC,0,"930,2","931,2","930,2","1697,7","21,6","12,1","21,6","19,1","12,8","11,1",64.0,55.0,55.0,179.0,"3,8","1,3",
2026/05/31,1700 UTC,0,"929,3","930,2","929,3","1425,5","21,4","12,5","22,2","19,9","14,1","10,9",64.0,51.0,57.0,192.0,"4,3","1,6",
2026/05/31,1800 UTC,0,"928,7","929,3","928,7","1538,2","21,3","11,2","22,3","20,4","13,3","11,1",60.0,51.0,53.0,170.0,"4,5","1,2",
2026/05/31,1900 UTC,0,"928,6","928,7","928,6","608,7","19,8","12,1","21,3","19,8","12,3","11,1",61.0,53.0,61.0,204.0,5,"2,2",
2026/05/31,2000 UTC,0,"928,9",929,"928,6",288,"18,3","12,2",20,"18,3","12,4",12,67.0,61.0,67.0,213.0,5,"1,7",
2026/05/31,2100 UTC,0,"929,2","929,2","928,9","28,8","16,7",12,"18,3","16,7","12,3",12,74.0,67.0,74.0,179.0,"3,7",",9",
2026/05/31,2200 UTC,0,"929,4","929,4","929,1",,"16,1","12,1","16,7","16,1","12,2","11,8",77.0,74.0,77.0,159.0,"2,6",",6",
2026/05/31,2300 UTC,0,"929,9","929,9","929,4",,"15,5",12,"16,1","15,5","12,2",12,80.0,77.0,80.0,156.0,"2,5",0,
2026/06/01,0000 UTC,0,930,930,"929,9",,"14,6","11,7","15,5","14,6","12,1","11,7",83.0,80.0,83.0,183.0,0,0,
2026/06/01,0100 UTC,0,930,"930,1","929,9",,"15,1","12,1","15,2","14,5","12,4","11,7",85.0,82.0,82.0,151.0,"3,1","1,1",
2026/06/01,0200 UTC,0,"930,7","930,7",930,,15,12,"15,2",15,"12,2",12,83.0,82.0,82.0,169.0,"2,8",",7",
2026/06/01,0300 UTC,0,"930,5","930,7","930,5",,"14,7","11,7",15,"14,7","12,1","11,7",83.0,82.0,82.0,182.0,"2,4",",2",
2026/06/01,0400 UTC,0,"930,4","930,5","930,4",,"14,1","11,6","14,7","14,1","11,8","11,4",85.0,82.0,85.0,146.0,"3,6",",6",
2026/06/01,0500 UTC,0,"930,1","930,5","930,1",,"14,1","11,6","14,3",14,"11,8","11,5",85.0,84.0,85.0,159.0,"2,6",",3",
2026/06/01,0600 UTC,0,"929,5","930,1","929,5",,"14,2","11,3","14,4","14,1","11,8","11,3",85.0,83.0,83.0,106.0,"2,4",",8",
2026/06/01,0700 UTC,0,"928,9","929,5","928,9",,"14,2","11,3","14,5","14,2","11,6","11,2",83.0,82.0,83.0,126.0,"3,8","1,3",
2026/06/01,0800 UTC,0,"928,9","928,9","928,8",,14,"11,3","14,4","13,9","11,5","11,1",84.0,83.0,84.0,129.0,"3,8","1,4",
2026/06/01,0900 UTC,0,"929,3","929,3","928,8",,"13,6","11,1","14,1","13,6","11,5","11,1",85.0,84.0,85.0,131.0,"4,3","1,8",
2026/06/01,1000 UTC,0,"929,7","929,7","929,3","3,3","13,1","11,1","13,8","13,1","11,4",11,87.0,85.0,87.0,126.0,"4,3","1,7",
2026/06/01,1100 UTC,0,"930,1","930,2","929,7","68,3","13,7",12,"13,7","13,1",12,"11,1",89.0,87.0,89.0,134.0,"3,6","1,4",
2026/06/01,1200 UTC,0,931,931,"930,1","185,8","14,5","12,2","14,5","13,7","12,4",12,89.0,86.0,86.0,159.0,"3,1",",6",
2026/06/01,1300 UTC,0,"931,5","931,5",931,"272,1","15,3","12,3","15,3","14,5","12,4",12,86.0,82.0,82.0,160.0,"3,1","1,1",
2026/06/01,1400 UTC,0,"931,5","931,6","931,5","478,3","15,9","11,6","15,9","15,2","12,4","11,5",82.0,75.0,76.0,125.0,"3,1","1,6",
2026/06/01,1500 UTC,0,"931,1","931,5","931,1","1164,2","17,8","11,6","17,9","15,9","12,3",11,76.0,67.0,67.0,117.0,"4,1","1,2",
2026/06/01,1600 UTC,0,"930,4","931,1","930,4",1310,"18,8","11,3","18,8","17,3",12,"10,8",69.0,61.0,62.0,179.0,"3,6",1,
2026/06/01,1700 UTC,0,"929,9","930,4","929,9","2068,2","20,8","10,8","20,8","18,7","11,8","10,2",62.0,53.0,53.0,106.0,"3,9",",8",
2026/06/01,1800 UTC,0,"929,5","929,9","929,5","1748,4","20,6","10,3","21,1","19,4","11,3","9,5",57.0,50.0,52.0,169.0,"4,3","1,3",
2026/06/01,1900 UTC,0,"929,3","929,5","929,2","1019,2","19,6","10,5","20,9","19,5","10,6","9,5",56.0,49.0,56.0,214.0,"5,7","2,3",
2026/06/01,2000 UTC,0,"929,8","929,8","929,3","425,8","17,7",11,"19,7","17,7",11,10,65.0,55.0,65.0,193.0,6,"1,8",
2026/06/01,2100 UTC,0,"930,3","930,3","929,8","19,8","15,8",11,"17,7","15,8",11,"10,6",73.0,65.0,73.0,191.0,"6,8","1,3",
2026/06/01,2200 UTC,0,"930,6","930,7","930,3",,"15,4","10,7","15,8","15,4","11,2","10,7",75.0,72.0,74.0,205.0,"4,8","1,5",
2026/06/01,2300 UTC,0,"931,4","931,4","930,6",,"14,5","10,9","15,4","14,5","11,1","10,7",79.0,74.0,79.0,179.0,"4,9","1,6",
2026/06/02,0000 UTC,0,"931,8","931,8","931,4",,"13,7","10,5","14,5","13,7",11,"10,3",81.0,78.0,81.0,213.0,"4,4","1,2",
2026/06/02,0100 UTC,0,"932,3","932,3","931,8",,"13,6","10,5","13,8","13,6","10,7","10,4",82.0,81.0,82.0,204.0,"4,5","1,6",
2026/06/02,0200 UTC,0,"932,3","932,4","932,2",,"13,9","10,8","13,9","13,5","10,8","10,5",82.0,81.0,82.0,182.0,"5,6",",3",
2026/06/02,0300 UTC,0,"932,2","932,4","932,2",,"14,1","10,8","14,1","13,9","10,8","10,7",82.0,80.0,80.0,198.0,"5,5","1,5",
2026/06/02,0400 UTC,0,"932,4","932,4","932,2",,"13,7","10,5","14,2","13,7","10,9","10,4",81.0,79.0,81.0,224.0,"5,1","1,9",
2026/06/02,0500 UTC,0,"932,1","932,5","932,1",,"13,6","10,5","13,7","13,3","10,6","10,2",82.0,81.0,82.0,229.0,4,",7",
2026/06/02,0600 UTC,0,"931,6","932,1","931,5",,"12,6","10,4","13,6","12,4","10,5","9,9",86.0,81.0,86.0,210.0,"3,3","1,6",
2026/06/02,0700 UTC,0,"931,5","931,7","931,4",,"12,8","10,2","12,9","12,6","10,7","10,2",87.0,84.0,84.0,173.0,4,1,
2026/06/02,0800 UTC,0,"931,5","931,5","931,2",,"12,4","10,1","12,8","12,4","10,3","9,8",86.0,84.0,86.0,180.0,"3,4",0,
2026/06/02,0900 UTC,0,"931,8","931,8","931,5",,12,"10,1","12,4","11,9","10,1","9,7",88.0,86.0,88.0,128.0,"2,6",0,
2026/06/02,1000 UTC,0,"932,4","932,4","931,8","5,9",12,"10,2","12,1","11,8","10,3","9,8",89.0,87.0,88.0,117.0,"2,2",",9",
2026/06/02,1100 UTC,0,"933,3","933,3","932,4","246,4","13,3","10,5","13,3",12,"10,8","10,2",89.0,83.0,83.0,157.0,"2,2",",9",
2026/06/02,1200 UTC,0,"933,7","933,7","933,3","932,3","15,3","10,6",16,"13,3","11,4","9,9",83.0,70.0,73.0,140.0,"3,8","1,3",
2026/06/02,1300 UTC,0,"934,4","934,4","933,7","984,9","15,8","9,9",16,"15,1","10,8","9,6",73.0,67.0,68.0,144.0,"3,7","1,4",
2026/06/02,1400 UTC,0,"933,8","934,4","933,8","1908,3","18,5","9,8","18,9","15,8","10,7","9,6",69.0,56.0,57.0,191.0,"4,3","1,6",
2026/06/02,1500 UTC,0,"933,2","933,8","933,2","2353,9","20,2","10,4","20,5","18,4","10,9","9,3",59.0,52.0,53.0,173.0,5,"1,6",
2026/06/02,1600 UTC,0,"932,7","933,2","932,6","1755,4","19,6","10,4","20,7",19,"11,5","9,7",58.0,52.0,55.0,193.0,"5,5","1,9",
2026/06/02,1700 UTC,0,"932,3","932,7","932,3","610,4","18,9","10,9","19,6","18,6","10,9","10,1",60.0,55.0,60.0,205.0,"5,8","2,5",
2026/06/02,1800 UTC,0,"932,4","932,4","932,2","844,5","18,7",11,"19,3","18,5","11,3","10,5",62.0,58.0,61.0,203.0,"7,4",3,
2026/06/02,1900 UTC,0,"932,4","932,4","932,3","481,1",18,"10,9","18,7","17,7","11,5","10,9",67.0,61.0,63.0,199.0,"6,4","2,7",
2026/06/02,2000 UTC,0,"932,7","932,7","932,4","320,1","16,6","11,5",18,"16,6","11,7","10,8",72.0,63.0,72.0,170.0,"7,9","1,7",
2026/06/02,2100 UTC,0,"932,9","932,9","932,7","16,3","15,9","11,5","16,6","15,9","11,6","11,2",75.0,72.0,75.0,198.0,7,2,
2026/06/02,2200 UTC,0,"933,2","933,2","932,9",,"15,1","11,3","15,9","15,1","11,5","11,2",78.0,74.0,78.0,182.0,"5,8","1,8",
2026/06/02,2300 UTC,0,934,934,"933,2",,"15,5","11,7","15,5","15,1","11,7","11,3",78.0,77.0,78.0,187.0,"6,3","1,6",
2026/06/03,0000 UTC,0,934,934,"933,8",,"15,5",12,"15,6","15,5",12,"11,7",80.0,78.0,80.0,184.0,"5,2","1,4",
2026/06/03,0100 UTC,0,"934,4","934,5","933,9",,"15,3",12,"15,6","15,3","12,2","11,8",80.0,79.0,80.0,181.0,"7,1","1,4",
2026/06/03,0200 UTC,0,"934,7","935,1","934,4",,"15,2","11,9","15,4",15,12,"11,6",81.0,79.0,80.0,163.0,"5,7","1,5",
2026/06/03,0300 UTC,0,"934,8","934,8","934,6",,"14,7","12,3","15,4","14,7","12,3","11,8",86.0,79.0,86.0,161.0,"4,8","1,3",
2026/06/03,0400 UTC,0,"934,6","934,8","934,5",,"14,8","12,8","14,8","14,5","12,8","12,3",88.0,86.0,88.0,155.0,"3,6",",6",
2026/06/03,0500 UTC,0,"934,7","934,7","934,5",,15,"12,7",15,"14,8","12,9","12,6",88.0,86.0,86.0,148.0,"3,6","1,2",
2026/06/03,0600 UTC,0,"934,2","934,7","934,2",,15,"11,5",15,"14,9","12,7","11,5",86.0,79.0,79.0,139.0,"5,8","2,3",
2026/06/03,0700 UTC,0,"933,7","934,2","933,7",,"14,9","11,5","15,1","14,9","11,5","11,4",80.0,79.0,80.0,154.0,"4,6","1,3",
2026/06/03,0800 UTC,0,"933,6","933,7","933,5",,"14,6","11,9","14,9","14,3","11,9","11,2",84.0,80.0,84.0,150.0,"3,8","1,1",
2026/06/03,0900 UTC,0,934,934,"933,5",,"14,1","11,3","14,7","14,1","11,9","11,2",84.0,82.0,83.0,162.0,"5,3","1,3",
2026/06/03,1000 UTC,0,"934,7","934,7",934,"5,8",14,"11,1","14,1",14,"11,3","11,1",84.0,82.0,83.0,175.0,"4,3",1,
2026/06/03,1100 UTC,0,"935,2","935,2","934,7",130,"15,8","12,7","15,8",14,"12,7","11,1",83.0,82.0,82.0,169.0,3,1,
2026/06/03,1200 UTC,0,936,936,"935,2","899,2","17,2","11,6","17,9","15,8","12,9","11,5",82.0,68.0,70.0,149.0,"4,3","1,9",
2026/06/03,1300 UTC,0,"936,1","936,2",936,"1097,9","18,1","11,8","18,3","16,7","12,5","11,4",73.0,66.0,67.0,156.0,"4,8","1,7",
2026/06/03,1400 UTC,0,"935,7","936,2","935,7","1875,3","19,5","11,7","19,8","17,9","12,9",11,68.0,58.0,61.0,133.0,"5,4",2,
2026/06/03,1500 UTC,0,"935,2","935,7","935,2","2297,4","20,3","11,5","21,2","19,4","12,4","10,1",63.0,52.0,57.0,144.0,"6,4",2,
2026/06/03,1600 UTC,0,"934,5","935,2","934,5","2530,1","21,2","10,2","22,2","20,1","11,7","9,7",57.0,47.0,50.0,135.0,"5,3","2,3",
2026/06/03,1700 UTC,0,"934,1","934,5",934,1757,"20,7","10,9","23,1","20,7","11,7","9,7",54.0,46.0,54.0,155.0,"5,4","1,9",
2026/06/03,1800 UTC,0,"933,9","934,1","933,9","916,8","21,5","11,9","21,9","20,1",13,"10,7",60.0,53.0,54.0,172.0,"5,3","1,9",
2026/06/03,1900 UTC,0,934,934,"933,9","865,6","19,3","12,3",22,"19,3","12,5","11,6",64.0,54.0,64.0,180.0,"5,9","1,6",
2026/06/03,2000 UTC,0,"934,4","934,4","933,9","281,5","17,8","12,1","19,7","17,8","12,7","11,9",69.0,63.0,69.0,186.0,"6,7","1,6",
2026/06/03,2100 UTC,0,"934,9","934,9","934,4","15,8","17,1","12,4","17,8","17,1","12,4","12,1",74.0,69.0,74.0,195.0,"5,5","1,8",
2026/06/03,2200 UTC,0,"935,3","935,3","934,9",,"16,8","12,5","17,2","16,8","12,6","12,3",76.0,74.0,76.0,201.0,"5,2","1,8",
2026/06/03,2300 UTC,,,,,,,,,,,,,,,,,,
2026/06/04,0000 UTC,,,,,,,,,,,,,,,,,,
2026/06/04,0100 UTC,0,"936,3","936,3","935,7",,16,"12,2","16,4",16,"12,5","12,1",79.0,77.0,78.0,150.0,"5,7","1,7",
2026/06/04,0200 UTC,0,"936,3","936,4","936,3",,"15,9","12,2","16,1","15,9","12,4","12,2",79.0,78.0,79.0,171.0,"5,7","1,4",
2026/06/04,0300 UTC,0,"936,5","936,6","936,3",,"15,3","12,2","15,9","15,3","12,3",12,82.0,79.0,82.0,144.0,"3,9","1,7",
2026/06/04,0400 UTC,0,"936,3","936,6","936,3",,"14,9","12,2","15,3","14,9","12,3","12,1",84.0,82.0,84.0,146.0,"3,4","1,3",
2026/06/04,0500 UTC,0,"936,1","936,3","936,1",,"15,2","12,4","15,2","14,9","12,5","12,2",84.0,83.0,83.0,148.0,"6,6","1,6",
2026/06/04,0600 UTC,0,"935,9","936,1","935,8",,"15,1","12,5","15,3","15,1","12,6","12,4",85.0,83.0,84.0,145.0,5,"2,1",
2026/06/04,0700 UTC,0,"935,6","935,9","935,6",,"15,2","12,6","15,3",15,"12,7","12,4",85.0,84.0,84.0,142.0,"4,4",2,
2026/06/04,0800 UTC,0,"935,4","935,7","935,4",,"14,8","12,4","15,2","14,8","12,6","12,4",85.0,84.0,85.0,131.0,"4,6","1,5",
2026/06/04,0900 UTC,0,"935,7","935,7","935,3",,15,"12,6",15,"14,6","12,6","12,2",86.0,85.0,86.0,143.0,"4,7","1,4",
2026/06/04,1000 UTC,0,"936,4","936,4","935,7",4,"15,2","12,6","15,3",15,"12,6","12,6",86.0,84.0,84.0,143.0,"4,5","1,7",
2026/06/04,1100 UTC,0,"936,9","936,9","936,4",169,"15,8","12,6","15,8","15,2","12,7","12,5",84.0,81.0,81.0,151.0,"4,4","1,6",
2026/06/04,1200 UTC,0,"937,4","937,4","936,9","512,5","16,7","12,5","16,8","15,7","13,1","12,3",81.0,76.0,76.0,134.0,"5,2","1,8",
2026/06/04,1300 UTC,0,"937,6","937,7","937,4","1076,5","18,4","12,5","18,4","16,4","12,9","12,2",77.0,69.0,69.0,116.0,6,"2,5",
2026/06/04,1400 UTC,0,"937,4","937,6","937,4","1757,8",20,"12,2","20,2","17,5","13,1","11,6",70.0,61.0,61.0,132.0,7,"2,8",
2026/06/04,1500 UTC,0,"936,9","937,4","936,9","1866,3","19,6",12,"21,1","19,4","13,1","11,1",62.0,56.0,62.0,143.0,"6,9","2,9",
2026/06/04,1600 UTC,0,"936,1","936,9","936,1",1127,20,"11,6","20,4","19,5","12,1","11,2",61.0,57.0,58.0,147.0,"6,5","2,8",
2026/06/04,1700 UTC,0,"935,4","936,1","935,4","1613,2","20,7","11,2","21,7","20,1","12,3","10,6",58.0,53.0,54.0,136.0,"6,3","2,5",
2026/06/04,1800 UTC,0,935,"935,4",935,"1431,8",21,"12,5","22,6","20,5","12,7",11,59.0,51.0,58.0,163.0,"7,1","2,6",
2026/06/04,1900 UTC,0,935,935,"934,9","488,7","19,4","12,8","21,8","19,4","13,2","12,1",66.0,57.0,66.0,186.0,"5,9","2,3",
2026/06/04,2000 UTC,0,"935,2","935,2","934,9","163,9","18,1","12,6","19,4","18,1","13,1","12,2",70.0,66.0,70.0,164.0,"6,3","1,9",
2026/06/04,2100 UTC,0,"935,6","935,6","935,2","13,5","16,8","12,4","18,1","16,8","12,6","12,2",75.0,70.0,75.0,169.0,7,"1,7",
2026/06/04,2200 UTC,0,"935,9","935,9","935,6",,"16,3",12,"16,8","16,3","12,3",12,76.0,75.0,76.0,167.0,"6,5",2,
2026/06/04,2300 UTC,0,"936,2","936,2","935,8",,"16,1","12,1","16,3","15,8","12,1","11,9",78.0,76.0,77.0,161.0,"6,5","1,6",
2026/06/05,0000 UTC,0,"936,2","936,3","936,2",,16,"12,3","16,1","15,9","12,3",12,79.0,77.0,79.0,167.0,"6,6",2,
2026/06/05,0100 UTC,0,"936,3","936,3","936,2",,"15,9",12,"16,1","15,9","12,4",12,79.0,78.0,78.0,157.0,"7,5","2,4",
2026/06/05,0200 UTC,0,"936,3","936,4","936,3",,"15,8","12,2",16,"15,7","12,2","11,9",79.0,77.0,79.0,145.0,"6,8","2,2",
2026/06/05,0300 UTC,0,936,"936,3",936,,"15,6",12,"15,8","15,6","12,2",12,80.0,79.0,79.0,151.0,"7,9","2,9",
2026/06/05,0400 UTC,0,"935,6",936,"935,6",,"15,5","11,9","15,6","15,5","12,1","11,9",80.0,79.0,79.0,144.0,"6,5","2,3",
2026/06/05,0500 UTC,0,"935,4","935,7","935,4",,"14,6","11,7","15,5","14,6","11,9","11,7",83.0,79.0,83.0,149.0,"5,7","1,4",
2026/06/05,0600 UTC,0,"934,9","935,4","934,9",,"14,1","11,5","14,6","14,1","11,8","11,5",85.0,83.0,84.0,146.0,"4,8",2,
2026/06/05,0700 UTC,0,"934,5","934,9","934,5",,"13,6","10,8","14,1","13,6","11,5","10,8",84.0,83.0,83.0,157.0,"4,9","1,9",
2026/06/05,0800 UTC,0,"934,1","934,5","934,1",,"13,3","10,4","13,6","13,2","10,8","10,3",84.0,83.0,83.0,150.0,"5,5","1,8",
2026/06/05,0900 UTC,0,"934,5","934,5","934,1",,"13,1","10,1","13,4","13,1","10,4",10,83.0,81.0,82.0,139.0,"5,5","1,8",
2026/06/05,1000 UTC,0,935,935,"934,5","4,1","12,9","10,2","13,1","12,7","10,2","9,9",84.0,82.0,84.0,137.0,"3,7","1,6",
2026/06/05,1100 UTC,0,"935,3","935,3",935,178,"13,6","10,7","13,7","12,9","10,8","10,2",84.0,82.0,82.0,133.0,"5,1","1,8",
2026/06/05,1200 UTC,0,936,936,"935,3","802,8","15,6","10,6","15,9","13,6","11,6","10,5",82.0,72.0,72.0,137.0,"5,3","2,5",
2026/06/05,1300 UTC,0,"936,1","936,2",936,"1751,2",17,"9,5","17,4","15,6","11,2","9,5",72.0,61.0,61.0,123.0,"6,8","2,7",
2026/06/05,1400 UTC,0,"935,9","936,1","935,9","2013,3",18,10,"18,6","16,5","10,5","9,2",65.0,57.0,60.0,119.0,"7,1","2,5",
2026/06/05,1500 UTC,0,"935,1","935,9","935,1","1395,4","18,8",10,19,"17,4",11,"9,3",62.0,56.0,57.0,145.0,"7,1","2,6",
2026/06/05,1600 UTC,0,"933,9","935,1","933,9","2463,3","19,9","8,2","20,9","18,7","10,1","8,2",57.0,46.0,47.0,132.0,"7,1","2,6",
2026/06/05,1700 UTC,0,933,"933,9",933,"2481,1","21,1","8,9","21,4","19,6","9,5",8,50.0,44.0,46.0,125.0,"5,8","1,7",
2026/06/05,1800 UTC,0,"932,5",933,"932,5","1528,2","21,1",9,"21,2","19,7","9,2",8,51.0,44.0,46.0,124.0,"5,5","1,4",
2026/06/05,1900 UTC,0,"932,5","932,6","932,5","874,2","19,9","8,8","21,9","19,6","9,7","7,8",50.0,42.0,49.0,155.0,4,"1,3",
2026/06/05,2000 UTC,0,"932,5","932,5","932,4","319,2","18,3","10,9","20,6","18,3","10,9","8,1",62.0,46.0,62.0,208.0,"5,1","2,1",
2026/06/05,2100 UTC,0,"932,6","932,6","932,3","14,9","16,2","11,1","18,3","16,2","11,1","10,6",72.0,62.0,72.0,178.0,"5,4","1,7",
2026/06/05,2200 UTC,0,"932,8","932,8","932,5",,15,"11,2","16,2",15,"11,2","10,9",78.0,72.0,78.0,207.0,"5,5","2,2",
2026/06/05,2300 UTC,0,"933,2","933,3","932,8",,15,"11,4","15,1","14,8","11,5","11,1",79.0,78.0,79.0,191.0,5,",5",
2026/06/06,0000 UTC,0,"933,3","933,3","933,2",,15,"11,3","15,1","14,7","11,6","11,3",81.0,79.0,79.0,202.0,"4,4","1,2",
2026/06/06,0100 UTC,0,"933,5","933,6","933,3",,15,"11,1","15,1","14,9","11,4","11,1",79.0,77.0,77.0,188.0,"4,3","1,4",
2026/06/06,0200 UTC,0,933,"933,5",933,,"14,5","11,1",15,"14,5","11,1","10,9",80.0,77.0,80.0,145.0,"3,9",",9",
2026/06/06,0300 UTC,0,"932,1",933,"932,1",,"14,5","10,3","14,7","14,4","11,2","10,3",80.0,76.0,76.0,122.0,"4,3","2,3",
2026/06/06,0400 UTC,0,"931,9","932,1","931,8",,"14,1","10,5","14,5",14,"10,5",10,79.0,76.0,79.0,172.0,"4,3",",7",
2026/06/06,0500 UTC,0,"931,5","931,9","931,4",,"13,8","10,7","14,3","13,6","10,7","10,3",81.0,79.0,81.0,175.0,"2,9",0,
2026/06/06,0600 UTC,0,"931,1","931,5",931,,"14,1","10,6","14,1","13,8","10,8","10,6",81.0,80.0,80.0,180.0,"2,8",",9",
2026/06/06,0700 UTC,0,"930,5","931,1","930,5",,"13,9","10,3","14,1","13,9","10,6","10,3",80.0,79.0,79.0,166.0,"3,5",",2",
2026/06/06,0800 UTC,0,"930,2","930,5","930,2",,"13,6","10,2","13,9","13,5","10,5","10,1",81.0,79.0,80.0,147.0,"3,2","1,1",
2026/06/06,0900 UTC,0,"930,1","930,3","930,1",,"13,4","10,2","13,7","13,3","10,3","9,9",81.0,79.0,81.0,115.0,"3,8",",8",
2026/06/06,1000 UTC,0,"930,2","930,2","929,9",4,"12,9","9,8","13,5","12,9","10,2","9,7",81.0,80.0,81.0,78.0,"5,6","2,1",
2026/06/06,1100 UTC,0,"930,7","930,7","930,2","211,5","12,8","9,5","13,1","12,6",10,"9,5",82.0,80.0,80.0,43.0,"5,6","1,3",
2026/06/06,1200 UTC,0,"931,1","931,1","930,7","915,8","14,8","10,1",15,"12,8","10,8","9,5",81.0,73.0,74.0,17.0,"3,5","1,3",
2026/06/06,1300 UTC,0,931,"931,2",931,"1774,9",17,"10,3","17,6","14,7","10,9","9,7",74.0,62.0,65.0,104.0,"2,7","1,4",
2026/06/06,1400 UTC,0,"930,2",931,"930,2","2276,7","18,6","9,4","19,1",17,"11,3","8,9",66.0,53.0,55.0,352.0,"5,3","2,2",
2026/06/06,1500 UTC,0,"929,7","930,2","929,7","2532,1","20,3","8,9","20,7","18,6","10,5","8,3",56.0,46.0,48.0,290.0,"5,4","2,5",
2026/06/06,1600 UTC,0,"928,6","929,7","928,6","2561,7","20,7","8,6","21,1","19,5","9,4","8,1",50.0,44.0,46.0,339.0,"6,8","2,2",
2026/06/06,1700 UTC,0,"928,1","928,6","927,9",2323,"21,5","6,2","22,3","20,7","9,2","4,8",46.0,33.0,37.0,315.0,"6,5","2,7",
2026/06/06,1800 UTC,0,"927,7","928,1","927,6",1855,"22,3","4,8",23,"21,3","7,6","4,4",39.0,31.0,32.0,334.0,"5,9","2,7",
2026/06/06,1900 UTC,0,"927,4","927,7","927,4","1211,4","21,8","7,9","22,7","21,7",8,"4,1",41.0,31.0,41.0,307.0,"5,8","2,1",
2026/06/06,2000 UTC,0,"927,5","927,5","927,4","273,6","20,5","7,9",22,"20,5","8,3","7,3",44.0,39.0,44.0,319.0,"5,2","1,8",
2026/06/06,2100 UTC,0,"927,4","927,5","927,4",13,"19,1","7,2","20,5","19,1","7,7","7,2",47.0,43.0,46.0,323.0,"4,5","2,1",
2026/06/06,2200 UTC,0,928,928,"927,4",,"18,1",8,"19,1","18,1","8,1","7,2",52.0,46.0,52.0,330.0,"4,7","1,8",
2026/06/06,2300 UTC,0,"928,6","928,6",928,,"17,5","7,9","18,2","17,4","8,1","7,9",54.0,51.0,53.0,302.0,"3,5","1,5",
2026/06/07,0000 UTC,0,"928,9","928,9","928,6",,"16,7","8,3","17,5","16,7","8,3","7,8",58.0,53.0,58.0,358.0,"2,6","1,4",
2026/06/07,0100 UTC,0,929,"929,1","928,9",,"16,1","8,6","16,7","16,1","8,6","8,3",61.0,58.0,61.0,8.0,"2,5","1,7",
2026/06/07,0200 UTC,0,929,"929,1","928,9",,"15,4","8,5","16,1","15,4","8,7","8,5",63.0,61.0,63.0,345.0,"2,5",",8",
2026/06/07,0300 UTC,0,929,"929,1",929,,15,"8,8","15,4",14,"9,2","8,4",71.0,63.0,66.0,353.0,"2,3",0,
2026/06/07,0400 UTC,0,"928,9",929,"928,9",,14,"8,9",15,"13,9",9,"8,7",71.0,66.0,71.0,349.0,"2,5",",9",
2026/06/07,0500 UTC,0,"928,4","928,9","928,4",,"13,7","8,9","14,2","13,5","9,2","8,8",74.0,71.0,73.0,349.0,2,0,
2026/06/07,0600 UTC,0,"928,1","928,4","928,1",,"13,1",9,"13,8","13,1","9,1","8,8",76.0,73.0,76.0,11.0,0,0,
2026/06/07,0700 UTC,0,"927,8","928,1","927,8",,"12,4",9,"13,2","12,4","9,3","8,7",80.0,76.0,80.0,167.0,0,0,
2026/06/07,0800 UTC,0,"927,7","927,9","927,7",,"12,5","9,2","12,5",12,"9,4","8,8",82.0,80.0,81.0,18.0,0,0,
2026/06/07,0900 UTC,0,"927,7","927,8","927,6",,12,"9,1","12,5","11,7","9,4","8,9",84.0,80.0,83.0,62.0,0,0,
2026/06/07,1000 UTC,0,"928,3","928,3","927,7","3,7","11,4","8,9","12,2","11,4","9,3","8,8",85.0,82.0,85.0,218.0,0,0,
2026/06/07,1100 UTC,0,"928,7","928,7","928,3","103,9","13,5","9,8","13,5","11,3","9,8","8,8",86.0,78.0,78.0,15.0,0,0,
2026/06/07,1200 UTC,0,"929,3","929,3","928,7","1016,8","16,1","9,6","16,5","13,5","10,6",9,78.0,64.0,65.0,292.0,"1,6",0,
2026/06/07,1300 UTC,0,"929,5","929,5","929,3",1767,"19,2","8,6",20,"16,1","10,2","8,5",65.0,49.0,50.0,10.0,"1,5",",2",
2026/06/07,1400 UTC,0,929,"929,6",929,"2261,1","20,9","6,8","20,9",19,9,"6,1",51.0,40.0,40.0,55.0,"3,9",",9",
2026/06/07,1500 UTC,0,"928,4",929,"928,4","2526,9","21,9","5,4","21,9","20,4",8,"3,6",43.0,31.0,34.0,31.0,"4,4","1,5",
2026/06/07,1600 UTC,,,,,,,,,,,,,,,,,,
2026/06/07,1700 UTC,0,"926,9","927,6","926,9","2314,6",23,"3,8","23,1","21,6","5,1","2,7",33.0,27.0,29.0,55.0,"3,1",",9",
2026/06/07,1800 UTC,0,"926,8","926,9","926,7","1843,8","23,5","3,8","24,3","22,6","5,1","2,5",30.0,26.0,28.0,39.0,"3,1",",3",
2026/06/07,1900 UTC,0,"926,9","926,9","926,8","1189,4","22,9","4,9",24,"22,6",6,"3,4",33.0,27.0,31.0,351.0,"3,4","1,7",
2026/06/07,2000 UTC,0,"927,2","927,2","926,9","252,9","21,4","2,5","23,3","21,4","5,1","2,5",31.0,28.0,29.0,1.0,4,"1,6",
2026/06/07,2100 UTC,0,"927,7","927,7","927,2","13,1","19,5","4,2","21,4","19,5","4,2","2,3",37.0,29.0,37.0,19.0,"3,2",",7",
2026/06/07,2200 UTC,0,"928,3","928,3","927,7",,"17,5","11,2","19,5","17,3","11,2","4,4",67.0,37.0,67.0,150.0,"2,7",1,
2026/06/07,2300 UTC,0,"928,9","928,9","928,3",,"16,5",11,"17,5","16,4","11,5",11,71.0,67.0,70.0,149.0,"3,4","1,2",
2026/06/08,0000 UTC,0,"929,5","929,5","928,9",,"15,6","10,4","16,5","15,5",11,"10,3",72.0,70.0,71.0,153.0,"2,6",",8",
2026/06/08,0100 UTC,0,"929,9","929,9","929,5",,"15,1",10,"15,7",15,"10,4",10,73.0,71.0,71.0,101.0,"1,8",0,
2026/06/08,0200 UTC,0,930,930,"929,9",,"14,2","8,9","15,1","14,2","9,9","8,9",71.0,68.0,71.0,116.0,"1,9",0,
2026/06/08,0300 UTC,0,"929,8",930,"929,8",,"13,6",9,"14,4","13,6","9,2","8,9",74.0,71.0,74.0,121.0,0,0,
2026/06/08,0400 UTC,0,"929,8","929,9","929,8",,"13,8","9,4","13,8","13,3","9,4","8,9",75.0,74.0,75.0,134.0,"1,9",",4",
2026/06/08,0500 UTC,0,"929,4","929,8","929,4",,"13,4","9,4","13,8",13,"9,4","8,9",77.0,74.0,77.0,85.0,"1,9",0,
2026/06/08,0600 UTC,0,"929,2","929,4","929,1",,"12,9",9,"13,4","12,9","9,4","8,9",77.0,76.0,77.0,87.0,"2,2",",1",
2026/06/08,0700 UTC,0,"929,1","929,2",929,,"12,1",9,"12,9","11,8","9,1","8,7",82.0,77.0,81.0,125.0,"1,2",0,
2026/06/08,0800 UTC,0,"929,1","929,2","928,9",,"11,7","8,9","12,1","11,5","9,1","8,6",84.0,81.0,83.0,83.0,0,0,
2026/06/08,0900 UTC,0,"929,4","929,4","929,1",,"11,4","8,4","11,9","11,3","9,1","8,3",84.0,81.0,82.0,77.0,0,0,
2026/06/08,1000 UTC,0,"930,4","930,4","929,4","3,3","11,4","8,6","11,5",11,"8,7","8,2",84.0,81.0,83.0,140.0,0,0,
2026/06/08,1100 UTC,,,,,,,,,,,,,,,,,,
2026/06/08,1200 UTC,,,,,,,,,,,,,,,,,,
2026/06/08,1300 UTC,,,,,,,,,,,,,,,,,,
2026/06/08,1400 UTC,0,"930,6","931,1","930,6","2202,4","19,9","8,6","20,8","17,9","10,3","8,2",56.0,47.0,48.0,131.0,"3,1",1,
2026/06/08,1500 UTC,0,"929,8","930,6","929,8","2485,5","21,7","5,1","22,3","19,9","9,8","5,1",49.0,34.0,34.0,327.0,"4,7",2,
2026/06/08,1600 UTC,0,"928,9","929,8","928,9","2519,1","23,4","5,3","23,7","21,6","6,5","3,8",36.0,29.0,31.0,331.0,"5,9","2,2",
2026/06/08,1700 UTC,0,"928,2","928,9","928,2","2272,6","23,5","5,7","23,5","22,4","6,1","4,7",34.0,30.0,32.0,319.0,"8,1","2,3",
2026/06/08,1800 UTC,0,"927,5","928,2","927,5","1776,8","23,1","5,5",24,23,"6,2","5,2",33.0,31.0,32.0,332.0,"7,2","3,1",
2026/06/08,1900 UTC,0,"927,4","927,6","927,4","1178,2","23,3","4,6","23,8",23,"5,6","4,1",32.0,29.0,30.0,12.0,"8,1","2,4",
2026/06/08,2000 UTC,0,928,928,"927,4","240,8","21,9","4,4","23,4","21,9","4,5",4,32.0,29.0,32.0,329.0,"7,2","2,6",
2026/06/08,2100 UTC,0,"928,5","928,5",928,14,"20,5","5,2","21,9","20,5","5,2","4,3",37.0,32.0,37.0,294.0,5,"1,3",
2026/06/08,2200 UTC,,,,,,,,,,,,,,,,,,
2026/06/08,2300 UTC,0,"929,2","929,2","928,8",,"18,7","7,2",20,"18,7","7,2","6,2",47.0,41.0,47.0,354.0,"2,1",0,
2026/06/09,0000 UTC,0,"929,3","929,3","929,1",,"17,5","7,9","18,7","17,5","7,9","7,2",53.0,47.0,53.0,22.0,0,0,
2026/06/09,0100 UTC,0,"929,4","929,5","929,3",,17,"7,9","17,6",17,"7,9","7,7",55.0,53.0,55.0,70.0,0,0,
2026/06/09,0200 UTC,0,"929,4","929,5","929,3",,"15,8","8,1",17,"15,8","8,3","7,8",60.0,55.0,60.0,27.0,0,0,
2026/06/09,0300 UTC,0,"929,1","929,5","929,1",,"15,6","8,3",16,"15,5","8,6","8,1",63.0,60.0,62.0,40.0,0,0,
2026/06/09,0400 UTC,0,"928,9","929,1","928,9",,"14,9","8,1","15,6","14,9","8,4",8,64.0,62.0,64.0,70.0,0,0,
2026/06/09,0500 UTC,0,"928,5","928,9","928,5",,"14,8","7,8","15,1","14,8","8,3","7,5",65.0,61.0,63.0,62.0,0,0,
2026/06/09,0600 UTC,0,"927,8","928,5","927,8",,"13,7","7,8","14,8","13,5","7,9","7,6",68.0,63.0,67.0,168.0,0,0,
2026/06/09,0700 UTC,0,928,928,"927,8",,"13,3","8,1","13,7","13,2","8,1","7,6",71.0,67.0,71.0,37.0,0,0,
2026/06/09,0800 UTC,0,928,928,"927,9",,"12,9","8,2","13,5","12,7","8,4",8,74.0,71.0,73.0,225.0,0,0,
2026/06/09,0900 UTC,0,"928,5","928,5",928,,"12,6","8,2","13,2","12,6","8,4","7,9",75.0,72.0,75.0,352.0,0,0,
2026/06/09,1000 UTC,0,929,929,"928,5","3,2","13,2","8,7","13,2","12,6","8,7","8,3",75.0,74.0,74.0,70.0,0,0,
2026/06/09,1100 UTC,0,929,929,"928,9","199,3","14,6",9,"14,6","13,2","9,1","8,6",74.0,69.0,69.0,108.0,0,0,
2026/06/09,1200 UTC,0,"929,3","929,4",929,"857,6","18,9","9,8",19,"14,6","10,6","8,7",69.0,55.0,55.0,72.0,0,0,
2026/06/09,1300 UTC,0,"929,4","929,5","929,1","1465,1","19,9","8,5","20,4","18,4","9,8","8,2",56.0,47.0,48.0,81.0,"1,7",",4",
2026/06/09,1400 UTC,0,"929,1","929,5","929,1","1768,6","21,4","8,5","21,4","19,9","9,9","7,4",49.0,42.0,44.0,7.0,"5,5","1,7",
2026/06/09,1500 UTC,0,"928,4",929,"928,4","2279,1","22,4","8,1","22,7",21,"9,1","7,5",45.0,39.0,40.0,326.0,"6,3","2,8",
2026/06/09,1600 UTC,0,"927,5","928,4","927,5","1740,4","22,3","7,1","22,8","21,6",8,"6,5",40.0,37.0,37.0,305.0,"7,9","3,1",
2026/06/09,1700 UTC,0,"926,7","927,5","926,7","1736,3","23,1","8,1","23,2","22,1","8,3","6,3",40.0,35.0,38.0,338.0,"7,8","2,2",
2026/06/09,1800 UTC,0,"926,3","926,7","926,3","1636,3","22,5",6,"24,3","22,4","7,9","5,5",38.0,31.0,34.0,333.0,"7,7","2,8",
2026/06/09,1900 UTC,0,"926,1","926,4","926,1","1142,2","22,2","6,1","23,6","22,2","6,9","5,3",36.0,32.0,35.0,319.0,"8,8","2,2",
2026/06/09,2000 UTC,0,"926,5","926,5","926,1","219,5","21,5","6,3","22,2","21,5","6,9","5,8",38.0,35.0,37.0,325.0,6,"1,5",
2026/06/09,2100 UTC,0,"926,6","926,9","926,5","13,8",21,7,"21,5","20,7","7,1","6,2",41.0,37.0,40.0,321.0,"3,3","1,3",
2026/06/09,2200 UTC,0,"926,7","926,9","926,6",,"19,5","8,1","21,1","19,5","8,1",7,47.0,40.0,47.0,13.0,"3,6",",5",
2026/06/09,2300 UTC,0,"927,4","927,4","926,7",,"19,4","8,7","19,6","18,8","8,9","8,1",52.0,48.0,50.0,1.0,"2,4","1,7",
2026/06/10,0000 UTC,0,"927,7","927,7","927,4",,"17,7","8,8","19,4","17,6",9,"8,7",56.0,50.0,56.0,309.0,"2,3",0,
2026/06/10,0100 UTC,0,"927,8","927,8","927,7",,"17,6","8,8","18,2","17,6","9,2","8,7",57.0,55.0,56.0,16.0,0,0,
2026/06/10,0200 UTC,0,"927,7","927,9","927,7",,"16,9","9,2","17,9","16,8","9,3","8,6",60.0,55.0,60.0,137.0,0,0,
2026/06/10,0300 UTC,0,"927,6","927,7","927,6",,"16,5","9,3","17,3","16,4","9,4","9,1",62.0,59.0,62.0,56.0,0,0,
2026/06/10,0400 UTC,0,"927,5","927,6","927,4",,16,"9,2","16,5","15,9","9,3","9,1",64.0,62.0,64.0,26.0,0,0,
2026/06/10,0500 UTC,0,"927,1","927,5","927,1",,"15,3","9,1",16,"15,2","9,3","8,9",66.0,64.0,66.0,360.0,0,0,
2026/06/10,0600 UTC,0,"926,7","927,1","926,6",,"14,7","9,1","15,5","14,7","9,3",9,69.0,66.0,69.0,301.0,0,0,
2026/06/10,0700 UTC,0,"926,5","926,8","926,5",,"14,5","9,3","14,8","14,4","9,6","9,1",71.0,69.0,71.0,79.0,0,0,
2026/06/10,0800 UTC,0,"926,8","926,8","926,4",,"13,8","9,2","14,5","13,8","9,6","9,2",74.0,71.0,74.0,74.0,0,0,
2026/06/10,0900 UTC,0,"927,1","927,1","926,8",,14,"9,5",14,"13,4","9,7","9,2",77.0,74.0,74.0,61.0,0,0,
2026/06/10,1000 UTC,0,"927,9","927,9","927,1","6,1","13,3","9,5",14,"13,3","9,7","9,2",78.0,74.0,78.0,187.0,0,0,
2026/06/10,1100 UTC,0,928,"928,1","927,8","152,2","14,7","10,1","14,7","13,3","10,3","9,6",78.0,74.0,74.0,95.0,0,0,
2026/06/10,1200 UTC,0,"928,5","928,5",928,681,"17,1","10,6","17,1","14,4","10,8","9,8",75.0,66.0,66.0,106.0,"2,1","1,1",
2026/06/10,1300 UTC,0,929,"929,1","928,5","1510,9","18,5","10,6","18,8","16,9","10,9","9,9",66.0,58.0,60.0,131.0,"3,9","1,1",
2026/06/10,1400 UTC,0,"928,2",929,"928,2",1963,"20,3","9,7",21,"18,6","10,9","9,3",60.0,48.0,51.0,137.0,"4,1","1,6",
2026/06/10,1500 UTC,0,"927,5","928,2","927,5","2178,1","21,5","9,9","21,6","20,3","10,4","9,3",52.0,47.0,48.0,94.0,"4,3","1,3",
2026/06/10,1600 UTC,0,"926,5","927,5","926,5","2071,9","22,5","9,2",23,"21,4","10,3","8,9",48.0,41.0,43.0,117.0,"4,8","1,5",
2026/06/10,1700 UTC,0,"925,7","926,5","925,7","1837,9","23,3","9,4","23,6",22,"10,3","8,9",45.0,41.0,41.0,293.0,"3,6",",9",
2026/06/10,1800 UTC,0,"925,3","925,7","925,3","1429,6","23,6","9,8","24,5","22,6","11,1","8,9",44.0,38.0,42.0,322.0,"2,9",",6",
2026/06/10,1900 UTC,0,"925,3","925,5","925,2","581,7","22,6","11,6","23,8","22,6","11,6","9,3",50.0,40.0,50.0,203.0,"2,8",",6",
2026/06/10,2000 UTC,0,"926,4","926,4","925,3","168,4","18,8","13,4","22,6","18,8","13,5","11,9",71.0,50.0,71.0,210.0,"7,1","2,9",
2026/06/10,2100 UTC,0,"927,5","927,5","926,4",",8","17,8","13,5","18,8","17,8","13,6","13,4",76.0,71.0,76.0,220.0,"7,1",3,
2026/06/10,2200 UTC,0,"928,1","928,1","927,5",,17,"13,8","17,8","16,9","13,9","13,5",82.0,76.0,82.0,207.0,"6,5","2,1",
2026/06/10,2300 UTC,",4","927,9","928,1","927,8",,"16,5","14,3",17,"16,5","14,3","13,7",87.0,82.0,87.0,115.0,"4,4","1,1",
2026/06/11,0000 UTC,",8","928,2","928,6","927,9",,"16,4","14,5","16,6","16,3","14,6","14,3",89.0,87.0,89.0,233.0,"2,9",0,
2026/06/11,0100 UTC,"2,6","928,1","928,3",928,,"16,4",15,"16,5","16,3",15,"14,5",91.0,89.0,91.0,101.0,0,0,
2026/06/11,0200 UTC,",8","928,1","928,2",928,,"16,3","14,9","16,5","16,3","15,1","14,9",92.0,91.0,91.0,109.0,0,0,
2026/06/11,0300 UTC,",6","927,7","928,1","927,5",,"16,4","15,1","16,4","16,2","15,1","14,9",92.0,91.0,92.0,56.0,"2,5",",7",
2026/06/11,0400 UTC,"1,6","927,6","927,8","927,5",,"16,2","14,9","16,4","16,2","15,1","14,8",92.0,92.0,92.0,62.0,"2,1",0,
2026/06/11,0500 UTC,1,"927,3","927,6","927,3",,"15,9","14,5","16,2","15,8","14,9","14,3",92.0,91.0,91.0,63.0,0,0,
2026/06/11,0600 UTC,"3,2","927,4","927,6","927,3",,"15,3","13,8","16,1","15,3","14,6","13,8",91.0,90.0,90.0,44.0,"3,1","1,2",
2026/06/11,0700 UTC,"4,4","927,4","927,5","927,2",,"15,3","13,9","15,4","15,2","13,9","13,8",91.0,90.0,91.0,8.0,"3,1",",7",
2026/06/11,0800 UTC,"2,4","927,4","927,5","927,2",,"15,2","13,9","15,3","15,2","13,9","13,8",92.0,91.0,92.0,253.0,"2,4",0,
2026/06/11,0900 UTC,1,"927,1","927,4","927,1",,"15,4","14,2","15,5","15,1","14,2","13,8",92.0,92.0,92.0,49.0,"3,8","1,7",
2026/06/11,1000 UTC,",2","927,2","927,5","927,1",,"15,6",14,"15,6","15,4","14,2",14,92.0,90.0,90.0,38.0,"4,8","1,8",
2026/06/11,1100 UTC,",2",928,928,"927,2","60,5","15,9","13,8","15,9","15,6","14,1","13,8",90.0,87.0,87.0,14.0,"4,9","1,6",
2026/06/11,1200 UTC,0,"928,6","928,6",928,"272,6","16,4","14,1","16,4","15,9","14,2","13,7",87.0,86.0,86.0,350.0,"4,1","1,8",
2026/06/11,1300 UTC,",2","928,7","928,8","928,6","441,6",17,"13,8","17,1","16,4","14,6","13,8",87.0,82.0,82.0,26.0,"5,2","1,3",
2026/06/11,1400 UTC,,,,,,,,,,,,,,,,,,
2026/06/11,1500 UTC,,,,,,,,,,,,,,,,,,
2026/06/11,1600 UTC,0,"927,5","928,3","927,5","928,4","18,9",14,"18,9","17,9","14,3","13,5",77.0,73.0,73.0,327.0,"6,6","1,9",
2026/06/11,1700 UTC,0,927,"927,6",927,"658,4","18,6","13,6",19,"18,4","14,2","13,4",74.0,72.0,73.0,345.0,"5,2","1,7",
2026/06/11,1800 UTC,0,"926,3",927,"926,2","892,2","19,8","13,9","19,8","18,6","14,4","13,3",75.0,69.0,69.0,353.0,"5,7","2,1",
2026/06/11,1900 UTC,0,"925,9","926,3","925,8","742,2","18,9","13,5","20,4","18,8","14,2","13,1",71.0,65.0,71.0,34.0,"4,9","1,6",
2026/06/11,2000 UTC,0,"926,5","926,5","925,9","283,6","18,1","13,7","19,4","18,1","13,9",13,75.0,69.0,75.0,357.0,"4,3",2,
2026/06/11,2100 UTC,0,"926,9",927,"926,5","14,8","17,4","13,6","18,1","17,4","13,7","13,5",79.0,75.0,79.0,18.0,"4,1",",4",
2026/06/11,2200 UTC,0,"927,1","927,1","926,9",,"16,5","13,4","17,5","16,5","13,9","13,4",82.0,79.0,82.0,63.0,"3,2",",1",
2026/06/11,2300 UTC,0,"927,4","927,4","927,1",,"16,4","13,7",17,"16,2","13,9","13,4",85.0,81.0,84.0,100.0,"1,9",0,
2026/06/12,0000 UTC,0,"927,7","927,8","927,3",,"16,3","13,6","16,6","16,1",14,"13,5",85.0,84.0,84.0,70.0,0,0,
2026/06/12,0100 UTC,0,"927,7","927,8","927,5",,"15,4","13,5","16,2","15,4","13,6","13,2",88.0,84.0,88.0,72.0,0,0,
2026/06/12,0200 UTC,0,"927,7",928,"927,6",,"15,4","13,5","15,7","15,4","13,7","13,4",89.0,88.0,88.0,76.0,0,0,
2026/06/12,0300 UTC,0,"927,2","927,7","927,2",,"15,1","13,4","15,6","15,1","13,6","13,2",89.0,88.0,89.0,92.0,0,0,
2026/06/12,0400 UTC,0,"926,7","927,2","926,7",,"14,9","13,3","15,3","14,5","13,6","12,9",91.0,89.0,91.0,92.0,0,0,
2026/06/12,0500 UTC,0,"926,4","926,8","926,4",,"14,4","12,8","15,3","14,4","13,6","12,8",91.0,89.0,90.0,108.0,0,0,
2026/06/12,0600 UTC,0,"925,6","926,4","925,6",,"14,3","12,8","14,9","14,2","13,3","12,7",91.0,90.0,91.0,117.0,"2,3",0,
2026/06/12,0700 UTC,0,"925,7","925,7","925,4",,"14,1","12,8","14,3","13,8","12,8","12,4",92.0,90.0,92.0,85.0,"2,3",0,
2026/06/12,0800 UTC,",2","924,9","925,7","924,9",,"13,6","12,4","14,1","13,6","12,8","12,4",92.0,92.0,92.0,118.0,"3,4","1,4",
2026/06/12,0900 UTC,0,"924,2","924,9","924,1",,"13,4","12,3","13,6","13,3","12,4","12,1",93.0,92.0,93.0,129.0,"3,4","1,1",
2026/06/12,1000 UTC,0,"924,6","924,7","924,2","12,2","13,6","12,5","13,6","13,2","12,5",12,93.0,93.0,93.0,172.0,"3,5",",3",
2026/06/12,1100 UTC,0,"924,6","924,8","924,4","159,9","14,7",13,"14,7","13,6",13,"12,5",93.0,90.0,90.0,110.0,"3,5",",3",
2026/06/12,1200 UTC,0,"927,5","927,5","924,6","145,7","15,5","13,1","15,7","14,6","13,2","12,8",90.0,85.0,86.0,292.0,"11,8","5,5",
2026/06/12,1300 UTC,"5,2","926,7","927,8","926,6","137,6","15,7",14,"15,7","14,9","14,1",13,91.0,86.0,90.0,61.0,"11,8","1,3",
2026/06/12,1400 UTC,",2","926,5","926,8","926,4","395,4","16,4","13,7","16,5","15,7","14,4","13,7",90.0,84.0,84.0,12.0,"6,7","3,2",
2026/06/12,1500 UTC,0,"925,7","926,5","925,7",474,"16,7",14,17,"16,4",14,"13,6",85.0,81.0,84.0,22.0,"10,4","2,7",
2026/06/12,1600 UTC,0,"924,3","925,7","924,3","916,4",19,"14,6",19,"16,7","14,8",14,84.0,75.0,76.0,34.0,"8,6","2,2",
2026/06/12,1700 UTC,",2","923,7","924,5","923,7","527,1","18,9","14,3",19,"18,2","14,5","13,9",77.0,74.0,75.0,18.0,"9,5","4,1",
2026/06/12,1800 UTC,0,"922,8","923,9","922,8","670,2","19,7","14,5","19,8","18,8","14,8",14,75.0,72.0,72.0,20.0,"10,5","3,2",
2026/06/12,1900 UTC,0,"922,8","923,1","922,8","700,5","19,9","14,8","19,9","19,2","14,8","14,2",74.0,72.0,73.0,2.0,"11,2","5,4",
2026/06/12,2000 UTC,0,"922,8",923,"922,6","291,2","19,6","14,8",20,"19,6","14,9","14,6",74.0,72.0,74.0,360.0,"12,5","5,7",
2026/06/12,2100 UTC,0,"923,3","923,3","922,8","14,2","19,3",15,"19,6","19,2",15,"14,8",76.0,74.0,76.0,6.0,"10,8","3,8",
2026/06/12,2200 UTC,0,"923,1","923,3",923,,"19,3",15,"19,4","19,2","15,1","14,9",77.0,76.0,76.0,12.0,"9,1","3,7",
2026/06/12,2300 UTC,0,"923,7","923,7","923,1",,"19,6",15,"19,6","19,2","15,1",15,77.0,75.0,75.0,356.0,"9,6","4,9",
2026/06/13,0000 UTC,0,"924,4","924,4","923,7",,"19,5",15,"19,6","19,3","15,1",15,76.0,75.0,75.0,351.0,"9,3","3,4",
2026/06/13,0100 UTC,0,"924,3","924,7","924,3",,"19,8","15,1","19,9","19,5","15,2",15,75.0,74.0,75.0,1.0,"11,1","4,8",
2026/06/13,0200 UTC,0,"924,5","924,6","924,2",,"19,6","15,5","19,8","19,5","15,5","15,1",77.0,74.0,77.0,352.0,"11,9",5,
2026/06/13,0300 UTC,0,"924,2","924,5","924,1",,"19,6","15,5","19,7","19,5","15,5","15,3",77.0,76.0,77.0,3.0,"11,8","4,8",
2026/06/13,0400 UTC,0,"924,2","924,5","924,2",,"19,6","15,6","19,8","19,5","15,6","15,4",78.0,76.0,78.0,351.0,"12,1","3,5",
2026/06/13,0500 UTC,0,"924,5","924,5","924,1",,"19,3","15,7","19,6","19,3","15,7","15,6",80.0,78.0,80.0,338.0,"8,5","2,3",
2026/06/13,0600 UTC,0,"924,4","924,7","924,2",,"19,2","15,6","19,4",19,"15,8","15,6",81.0,79.0,80.0,354.0,"7,9","1,5",
2026/06/13,0700 UTC,0,"924,2","924,4","924,1",,19,"15,7","19,2",19,"15,7","15,5",81.0,79.0,81.0,5.0,"4,2","1,9",
2026/06/13,0800 UTC,0,"924,8","924,8","924,1",,"18,8","15,7","19,1","18,8","15,8","15,6",82.0,80.0,82.0,328.0,"6,7","3,5",
2026/06/13,0900 UTC,0,"925,9","925,9","924,8",,"18,4","15,1","18,8","18,4","15,6","15,1",82.0,81.0,82.0,328.0,"8,8","2,6",
2026/06/13,1000 UTC,0,"926,7","926,7","925,9",,"18,4","14,3","18,4","18,2","15,1","14,3",82.0,77.0,77.0,5.0,"6,1","1,9",
2026/06/13,1100 UTC,0,"927,7","927,7","926,7","69,1","18,6","14,2","18,6","18,3","14,6","14,1",78.0,75.0,75.0,343.0,"7,3","1,8",
2026/06/13,1200 UTC,0,"928,5","928,6","927,7","271,9","18,6","14,7","18,6","18,3","14,8","14,2",80.0,75.0,78.0,13.0,"8,3","1,9",
2026/06/13,1300 UTC,",2","928,9","928,9","928,5","354,1","17,5","15,1","18,6","17,4","15,2","14,3",86.0,76.0,86.0,31.0,"7,5",2,
2026/06/13,1400 UTC,",4","928,4","928,9","928,4","1221,1","18,6","14,8","18,8","17,2","15,7","14,8",88.0,78.0,79.0,359.0,"9,2","4,6",
2026/06/13,1500 UTC,0,"927,6","928,4","927,5","2122,3","20,4","14,7","20,4","18,6","14,9","14,3",79.0,70.0,70.0,5.0,"11,7","4,6",
2026/06/13,1600 UTC,0,"926,9","927,6","926,9","2332,9","20,9","14,8",21,"20,1","14,8","14,2",70.0,66.0,68.0,7.0,"10,8","4,8",
2026/06/13,1700 UTC,0,"926,1","926,9","926,1","1223,8","20,5","14,2","21,3","20,4",15,14,68.0,65.0,67.0,338.0,"10,3","4,1",
2026/06/13,1800 UTC,0,926,"926,1",926,"688,2","20,5","14,2","20,9",20,"14,4","13,8",69.0,65.0,67.0,340.0,"8,5","3,2",
2026/06/13,1900 UTC,0,"926,4","926,4",926,"408,1",20,"14,2","20,5",20,"14,4",14,70.0,67.0,69.0,344.0,"8,9","3,3",
2026/06/13,2000 UTC,0,"926,6","926,6","926,4","185,1","19,7","14,4","20,8","19,7",15,"14,2",72.0,68.0,71.0,340.0,"8,9","2,6",
2026/06/13,2100 UTC,0,927,927,"926,6","15,8","19,1","14,4","19,7","19,1","14,5","14,3",74.0,72.0,74.0,3.0,"5,5","2,2",
2026/06/13,2200 UTC,0,"927,6","927,7",927,,19,"14,5","19,2",19,"14,5","14,4",75.0,74.0,75.0,5.0,"4,5","1,8",
2026/06/13,2300 UTC,0,"928,6","928,6","927,6",,"18,9","14,6","19,1","18,8","14,7","14,5",77.0,75.0,76.0,313.0,"4,5","1,2",
2026/06/14,0000 UTC,0,"928,7","928,9","928,5",,19,"14,2","19,2","18,8","14,7","14,1",76.0,73.0,74.0,342.0,"5,5","2,5",
2026/06/14,0100 UTC,0,929,"929,1","928,8",,"18,4","14,1",19,"18,2","14,2",14,77.0,74.0,76.0,349.0,"5,4","2,3",
2026/06/14,0200 UTC,0,"929,1","929,2","928,9",,"18,4","14,2","18,5","18,2","14,2",14,77.0,76.0,77.0,347.0,"5,2","1,6",
2026/06/14,0300 UTC,0,"928,7","929,2","928,6",,"18,1","14,2","18,4","18,1","14,3","14,2",78.0,77.0,78.0,3.0,"4,3","1,4",
2026/06/14,0400 UTC,0,"928,4","928,8","928,4",,"17,9","14,3","18,2","17,9","14,3","14,2",80.0,78.0,80.0,342.0,"3,7","1,8",
2026/06/14,0500 UTC,0,"928,4","928,5","928,3",,18,"14,3",18,"17,9","14,4","14,3",80.0,79.0,79.0,322.0,"4,2",2,
2026/06/14,0600 UTC,0,"928,1","928,4",928,,"17,5","14,7",18,"17,5","14,7","14,3",84.0,79.0,84.0,309.0,"4,6","1,3",
2026/06/14,0700 UTC,0,"927,8","928,2","927,6",,"17,3","14,8","17,5","17,3","14,9","14,7",85.0,84.0,85.0,345.0,"3,4","1,8",
2026/06/14,0800 UTC,0,928,928,"927,7",,"17,3","14,9","17,3","17,2","14,9","14,8",86.0,85.0,86.0,304.0,"3,4",",8",
2026/06/14,0900 UTC,0,"928,3","928,3",928,,"17,4",15,"17,4","17,3",15,"14,9",86.0,86.0,86.0,65.0,"1,7",0,
2026/06/14,1000 UTC,0,"928,8","928,9","928,3",,"17,1",15,"17,4","17,1",15,"14,9",88.0,86.0,88.0,24.0,"2,3",",9",
2026/06/14,1100 UTC,0,"929,2","929,2","928,7","116,5","17,4","15,2","17,4",17,"15,2",15,88.0,87.0,87.0,357.0,"3,4","1,5",
2026/06/14,1200 UTC,0,"929,6","929,7","929,2","427,7","18,3","15,3","18,3","17,4","15,5",15,87.0,83.0,83.0,27.0,"4,9","1,3",
2026/06/14,1300 UTC,0,"929,5","929,8","929,5","988,9","19,2","14,3","19,8","18,2","15,5","14,3",83.0,73.0,73.0,8.0,"8,3","3,1",
2026/06/14,1400 UTC,0,"929,1","929,6","929,1","1120,4","19,7","14,6","20,1","19,1",15,"14,2",75.0,71.0,72.0,17.0,"8,3","2,5",
2026/06/14,1500 UTC,0,"928,4","929,1","928,4","1154,2","19,7","14,7","20,9","19,7","15,2","14,3",73.0,68.0,73.0,35.0,"6,7","2,5",
2026/06/14,1600 UTC,0,928,"928,6",928,"747,7","19,5","14,7","20,6","19,5","15,4","14,5",74.0,70.0,73.0,11.0,"6,9","3,4",
2026/06/14,1700 UTC,0,"927,1",928,"927,1","699,5","20,3","14,5","20,3","19,5",15,"14,2",74.0,69.0,69.0,4.0,"7,8",2,
2026/06/14,1800 UTC,0,"926,8","927,1","926,7","592,1","20,2","14,3","20,6","20,2","14,8","14,1",70.0,67.0,69.0,339.0,"6,7",2,
2026/06/14,1900 UTC,0,"926,8","926,9","926,8","183,8","19,8","14,4","20,2","19,7","14,5","14,3",72.0,69.0,71.0,342.0,"5,6","1,9",
2026/06/14,2000 UTC,0,"927,3","927,3","926,8","92,2","19,6","14,6","19,8","19,6","14,6","14,3",73.0,71.0,73.0,359.0,"4,5",1,
2026/06/14,2100 UTC,0,"927,6","927,9","927,3","3,2",19,"15,2","19,6","18,9","15,2","14,6",79.0,73.0,79.0,3.0,"5,9","1,3",
2026/06/14,2200 UTC,0,"928,2","928,3","927,6",,"18,9","15,4","19,1","18,9","15,4","15,2",80.0,79.0,80.0,329.0,"5,1","2,2",
2026/06/14,2300 UTC,",4","928,4","928,6","928,2",,"18,1","15,8",19,"18,1","15,8","15,4",86.0,80.0,86.0,353.0,"5,3",",3",
2026/06/15,0000 UTC,",2","928,8","928,8","928,4",,"17,9","16,3","18,1","17,9","16,3","15,7",90.0,86.0,90.0,92.0,"1,4",0,
2026/06/15,0100 UTC,0,"928,9",929,"928,8",,"17,9","15,6",18,"17,9","16,3","15,6",90.0,87.0,87.0,337.0,"2,5",1,
2026/06/15,0200 UTC,0,"928,9","929,1","928,9",,"18,3","15,7","18,3","17,9","15,7","15,6",87.0,85.0,85.0,31.0,"2,7",",4",
2026/06/15,0300 UTC,0,"928,6",929,"928,6",,18,"15,8","18,2",18,"15,9","15,6",87.0,85.0,87.0,216.0,"1,7",",4",
2026/06/15,0400 UTC,0,"928,5","928,6","928,2",,"18,1","15,9","18,1","17,9","15,9","15,8",88.0,87.0,87.0,53.0,"1,4",",5",
2026/06/15,0500 UTC,",2","928,1","928,5","928,1",,"17,9","15,6","18,1","17,8","15,9","15,6",87.0,86.0,87.0,12.0,"2,9","1,2",
2026/06/15,0600 UTC,"1,8","927,6","928,1","927,6",,"17,4","15,4","17,9","17,4","15,6","15,4",88.0,86.0,88.0,328.0,3,1,
2026/06/15,0700 UTC,"3,8","927,8","927,8","927,3",,"17,3","15,9","17,4","17,2","15,9","15,4",91.0,88.0,91.0,276.0,2,",9",
2026/06/15,0800 UTC,"1,2","928,1","928,1","927,8",,"16,6","15,3","17,4","16,4",16,"15,2",92.0,91.0,92.0,189.0,"4,8",",6",
2026/06/15,0900 UTC,"4,8","928,6","928,6","928,1",,"15,8","14,7","16,6","15,8","15,3","14,7",93.0,92.0,93.0,215.0,"4,7","2,5",
2026/06/15,1000 UTC,",6","928,9",929,"928,4","2,4","15,7","14,6","15,8","15,6","14,7","14,5",93.0,93.0,93.0,211.0,"5,5","1,6",
2026/06/15,1100 UTC,",2","929,6","929,6","928,9","54,7","15,8","14,7",16,"15,7","14,9","14,6",93.0,93.0,93.0,180.0,"3,3",1,
2026/06/15,1200 UTC,",4","930,3","930,3","929,6","169,3","15,9","14,8",16,"15,7","14,8","14,5",93.0,93.0,93.0,180.0,3,",2",
2026/06/15,1300 UTC,",4","930,8","930,9","930,3","343,3",16,"14,8","16,1","15,8","14,9","14,7",93.0,92.0,92.0,215.0,"3,1","1,3",
2026/06/15,1400 UTC,,,,,,,,,,,,,,,,,,
2026/06/15,1500 UTC,0,"929,7","930,6","929,7","307,9","16,5","14,5","16,7","16,3",15,"14,3",90.0,88.0,88.0,177.0,"5,8","1,5",
2026/06/15,1600 UTC,0,"928,8","929,6","928,8",391,"16,5","13,8","17,2","16,4","15,1","13,7",88.0,84.0,84.0,187.0,"4,6","1,6",
2026/06/15,1700 UTC,",2","928,4","928,8","928,4","222,1","15,7","13,7","16,5","15,5","13,8","13,4",88.0,84.0,88.0,174.0,"4,7","1,6",
2026/06/15,1800 UTC,",2","928,1","928,5",928,"317,2","15,5","13,7","15,8","15,3",14,"13,5",89.0,88.0,89.0,186.0,"4,7","1,5",
2026/06/15,1900 UTC,0,"927,5","928,4","927,5","96,7","15,2",13,"15,5","15,2","13,7",13,89.0,87.0,87.0,165.0,"5,6","1,8",
2026/06/15,2000 UTC,",2","928,2","928,3","927,3","33,4","14,9",13,"15,3","14,9","13,3",13,88.0,87.0,88.0,182.0,"5,5","1,2",
2026/06/15,2100 UTC,",4","928,4","928,7","928,1","5,8","14,7","13,1",15,"14,7","13,2",13,90.0,88.0,90.0,194.0,"4,6","1,7",
2026/06/15,2200 UTC,"1,6","929,1","929,1","928,4",,"14,5","13,1","14,7","14,4","13,2",13,92.0,90.0,92.0,189.0,"3,8",",5",
2026/06/15,2300 UTC,",6","929,4","929,4",929,,"14,5","13,2","14,6","14,4","13,4","13,1",92.0,92.0,92.0,182.0,"3,4",1,
2026/06/16,0000 UTC,0,"929,5","929,7","929,3",,"14,6","13,3","14,6","14,5","13,3","13,2",92.0,92.0,92.0,176.0,"3,4","1,3",
2026/06/16,0100 UTC,0,"929,8","929,8","929,4",,"14,6","13,2","14,6","14,5","13,3","13,2",92.0,92.0,92.0,185.0,"3,8",1,
2026/06/16,0200 UTC,0,930,930,"929,7",,"14,6","13,1","14,6","14,5","13,2","13,1",92.0,91.0,91.0,189.0,"3,9",",8",
2026/06/16,0300 UTC,0,"929,5",930,"929,5",,"14,6","13,1","14,6","14,5","13,2",13,91.0,91.0,91.0,173.0,"3,1",",6",
2026/06/16,0400 UTC,0,"929,2","929,5",929,,"14,6","13,1","14,6","14,5","13,2",13,91.0,91.0,91.0,146.0,"3,2","1,3",
2026/06/16,0500 UTC,0,"928,8","929,2","928,8",,"14,5",13,"14,6","14,5","13,1",13,91.0,91.0,91.0,179.0,"3,4",",4",
2026/06/16,0600 UTC,0,"928,6","928,9","928,6",,"14,5",13,"14,6","14,5","13,1",13,91.0,91.0,91.0,192.0,"3,2",",9",
2026/06/16,0700 UTC,0,"928,4","928,6","928,3",,"14,5","13,1","14,5","14,4","13,1",13,91.0,91.0,91.0,173.0,"3,1",",8",
2026/06/16,0800 UTC,0,"928,6","928,6","928,4",,"14,6",13,"14,6","14,5","13,1",13,91.0,90.0,90.0,183.0,"3,6","1,2",
2026/06/16,0900 UTC,0,"928,7","928,7","928,5",,"14,5",13,"14,6","14,5",13,"12,9",90.0,90.0,90.0,197.0,"3,1","1,1",
2026/06/16,1000 UTC,0,929,"929,1","928,7",",1","14,6","13,2","14,6","14,5","13,2","12,9",91.0,90.0,91.0,208.0,"2,9",",8",
2026/06/16,1100 UTC,0,"929,4","929,4",929,"54,8","14,8","13,3","14,8","14,6","13,3","13,1",91.0,91.0,91.0,206.0,"3,9","1,1",
2026/06/16,1200 UTC,0,"930,1","930,1","929,4","153,2","15,2","13,2","15,2","14,8","13,4","13,2",91.0,88.0,88.0,177.0,"3,7",1,
2026/06/16,1300 UTC,0,"930,6","930,6","930,1","267,2","15,6","12,9","15,8","15,2","13,3","12,7",88.0,83.0,84.0,218.0,"3,8","1,9",
2026/06/16,1400 UTC,0,"930,7","930,8","930,6","368,3","15,8","13,5","16,1","15,4","13,5","12,7",86.0,81.0,86.0,206.0,"5,2","1,5",
2026/06/16,1500 UTC,",2","930,1","930,7","930,1","825,7","17,2","12,9","17,2","15,8","13,9","12,8",86.0,76.0,76.0,238.0,"3,9","1,5",
2026/06/16,1600 UTC,0,"929,3","930,1","929,3","1125,6","18,8","12,8","19,2","16,8","13,8","12,6",77.0,67.0,68.0,223.0,"3,6",",9",
2026/06/16,1700 UTC,0,"928,7","929,3","928,7","1235,1","18,6","12,7","20,1","18,2","13,6","12,4",71.0,64.0,69.0,194.0,"4,5","1,6",
2026/06/16,1800 UTC,0,"928,5","928,7","928,4","982,3","18,6",13,"20,2","18,3","13,3","12,2",70.0,63.0,70.0,181.0,"4,5","1,4",
2026/06/16,1900 UTC,0,"928,3","928,5","928,3","888,9","18,8","12,4","19,2","18,3","13,3","12,2",71.0,65.0,66.0,219.0,"3,9","1,6",
2026/06/16,2000 UTC,0,"928,6","928,6","928,3","297,1","17,2","12,1","19,4","17,2","13,2",12,72.0,64.0,72.0,182.0,"4,6","1,5",
2026/06/16,2100 UTC,0,"929,2","929,2","928,6","13,5","15,3","11,8","17,2","15,3","12,2","11,8",80.0,72.0,80.0,179.0,"4,3","1,2",
2026/06/16,2200 UTC,0,"929,6","929,6","929,2",,"14,6",12,"15,3","14,6","12,1","11,8",84.0,80.0,84.0,159.0,"4,2","1,1",
2026/06/16,2300 UTC,0,"929,9","929,9","929,6",,"14,6",12,"14,9","14,6","12,2","11,9",84.0,83.0,84.0,194.0,"3,3",",9",
2026/06/17,0000 UTC,0,"930,3","930,3","929,9",,"14,7",12,"14,7","14,5","12,1","11,8",84.0,83.0,84.0,182.0,"2,9",",7",
2026/06/17,0100 UTC,0,"930,5","930,5","930,3",,"14,4","11,7","14,7","14,4",12,"11,6",84.0,83.0,84.0,198.0,"3,3","1,2",
2026/06/17,0200 UTC,0,"930,5","930,6","930,4",,"14,5","11,8","14,5","14,4","11,8","11,7",84.0,83.0,84.0,142.0,"2,6",",9",
2026/06/17,0300 UTC,0,"930,3","930,6","930,3",,"14,2","11,5","14,5","14,2","11,8","11,5",84.0,83.0,84.0,112.0,"2,5","1,2",
2026/06/17,0400 UTC,0,"930,5","930,6","930,3",,"13,4","11,3","14,2","13,4","11,5","11,1",87.0,84.0,87.0,110.0,"2,3",",9",
2026/06/17,0500 UTC,0,930,"930,5",930,,13,"11,2","13,4","12,9","11,4",11,89.0,87.0,89.0,97.0,"2,4",",7",
2026/06/17,0600 UTC,0,"929,9",930,"929,9",,"12,5","10,9","13,2","12,5","11,6","10,9",90.0,89.0,90.0,47.0,2,0,
2026/06/17,0700 UTC,0,"929,9","929,9","929,8",,"12,2","10,9","12,5","12,1",11,"10,7",92.0,90.0,92.0,245.0,0,0,
2026/06/17,0800 UTC,0,"930,1","930,1","929,8",,"12,9","11,6","12,9","12,1","11,6","10,8",93.0,92.0,92.0,139.0,0,0,
2026/06/17,0900 UTC,0,"930,4","930,4",930,,"12,2","10,9","12,9","12,2","11,6","10,9",92.0,92.0,92.0,227.0,0,0,
2026/06/17,1000 UTC,0,"931,1","931,1","930,4",",6","12,7","11,3","12,7","12,2","11,3",11,92.0,92.0,92.0,174.0,"2,5",",7",
2026/06/17,1100 UTC,0,"931,7","931,7","931,1","172,3","13,3","11,6","13,3","12,6","11,6","11,1",92.0,89.0,89.0,18.0,"2,8",0,
2026/06/17,1200 UTC,0,"932,3","932,3","931,7","1132,1","15,8","10,3","16,2","13,4","12,3",10,90.0,69.0,70.0,120.0,"2,1",1,
2026/06/17,1300 UTC,0,"932,4","932,5","932,3","1622,4","17,1","10,7","17,1","15,6","10,7","9,5",70.0,65.0,66.0,67.0,"2,7",1,
2026/06/17,1400 UTC,0,"932,5","932,6","932,2","2212,3","17,9","8,4","18,6","16,6","10,6","7,2",66.0,50.0,54.0,103.0,"3,2","1,3",
2026/06/17,1500 UTC,0,"931,9","932,5","931,9",2454,"18,7","6,1","19,4","17,6","8,2","5,6",54.0,42.0,44.0,149.0,"2,9","1,3",
2026/06/17,1600 UTC,0,"931,4",932,"931,4","2488,1","19,8","5,1",20,"18,6","6,9","4,4",45.0,37.0,38.0,168.0,"2,9",",9",
2026/06/17,1700 UTC,0,"930,9","931,4","930,9","2195,7","21,3","6,1","21,3","19,6","7,1","4,8",42.0,35.0,37.0,257.0,"3,3",",9",
2026/06/17,1800 UTC,0,"930,5","930,9","930,5","1715,9","21,1","4,2","21,4","20,3","6,2","3,7",39.0,32.0,33.0,249.0,"3,7",1,
2026/06/17,1900 UTC,0,"930,6","930,6","930,4",1078,"21,4","3,6","21,6","20,5","4,9",2,35.0,28.0,31.0,270.0,"3,4","1,1",
2026/06/17,2000 UTC,0,931,931,"930,6","240,9","19,3",2,"21,7","19,3","3,9","1,5",33.0,28.0,32.0,241.0,"3,3","1,2",
2026/06/17,2100 UTC,0,"931,8","931,8",931,"16,1","15,7","11,3","19,3","15,7","11,3","2,1",75.0,32.0,75.0,205.0,"6,9","2,5",
2026/06/17,2200 UTC,0,"932,3","932,3","931,8",,"15,1","11,4","15,7","15,1","11,7","11,3",79.0,75.0,79.0,191.0,"5,6",",5",
2026/06/17,2300 UTC,0,"932,7","932,8","932,3",,"14,1","9,7","15,1","14,1","11,5","9,7",80.0,75.0,75.0,211.0,"4,7","2,4",
2026/06/18,0000 UTC,0,933,933,"932,7",,"13,4","9,8","14,1","13,2","9,9","9,4",80.0,74.0,79.0,181.0,"4,1",",8",
2026/06/18,0100 UTC,0,"933,2","933,2",933,,"12,5","9,5","13,4","12,5","9,7","9,2",82.0,78.0,82.0,194.0,3,",8",
2026/06/18,0200 UTC,0,"933,7","933,7","933,2",,"12,2","9,2","12,6","12,2","9,7","9,2",83.0,82.0,82.0,172.0,"4,3","1,4",
2026/06/18,0300 UTC,0,"933,6","933,7","933,6",,"12,4","9,6","12,4","11,8","9,6","8,9",83.0,82.0,83.0,155.0,"4,5","1,5",
2026/06/18,0400 UTC,0,"933,4","933,6","933,4",,12,"9,3","12,4","11,9","9,6","9,2",84.0,83.0,84.0,140.0,4,"1,6",
2026/06/18,0500 UTC,0,"933,4","933,7","933,4",,12,"9,3","12,1","11,9","9,4","9,2",84.0,83.0,83.0,146.0,"4,6","1,4",
2026/06/18,0600 UTC,0,"933,1","933,4","933,1",,"11,8",9,12,"11,8","9,3",9,84.0,83.0,83.0,144.0,"4,6",2,
2026/06/18,0700 UTC,0,"933,2","933,3","933,1",,11,"8,8","11,8",11,9,"8,8",87.0,83.0,87.0,144.0,"4,6","1,3",
2026/06/18,0800 UTC,0,933,"933,2",933,,"10,7","8,9",11,"10,7",9,"8,8",89.0,87.0,89.0,137.0,"2,9",",9",
2026/06/18,0900 UTC,",2","933,4","933,4",933,,"10,5",9,"10,8","10,5","9,1","8,9",90.0,89.0,90.0,154.0,"3,3","1,1",
2026/06/18,1000 UTC,0,"933,8","933,9","933,4","1,3","10,4",9,"10,7","10,4","9,2","8,9",91.0,90.0,91.0,135.0,"4,7",2,
2026/06/18,1100 UTC,0,"934,4","934,4","933,8","139,3",11,"9,6",11,"10,4","9,6",9,92.0,91.0,91.0,141.0,"5,5","2,4",
2026/06/18,1200 UTC,0,"934,9","934,9","934,4","573,1","12,3","9,9","12,4",11,"10,4","9,3",91.0,84.0,85.0,155.0,"5,6","2,3",
2026/06/18,1300 UTC,0,"935,1","935,1","934,9",1478,"15,2","7,8","15,2","12,3","10,6","7,3",85.0,60.0,61.0,153.0,"7,4",3,
2026/06/18,1400 UTC,0,"934,8","935,2","934,8",2204,"16,6","3,9",17,"15,1","8,5","3,5",62.0,42.0,43.0,156.0,"8,4","3,3",
2026/06/18,1500 UTC,0,"934,2","934,9","934,2","2510,6","17,5","3,6","17,9","16,3","4,2","1,8",44.0,36.0,39.0,156.0,"8,2","2,8",
2026/06/18,1600 UTC,0,"933,3","934,2","933,3","2537,5","18,5","2,7","18,9","17,5","5,7","2,3",43.0,34.0,35.0,136.0,"6,8",3,
2026/06/18,1700 UTC,0,"932,7","933,3","932,7","2353,7","19,4",",9",20,"17,9","4,1",0,38.0,26.0,29.0,162.0,"6,4","2,2",
2026/06/18,1800 UTC,0,"932,4","932,7","932,4","1845,5","19,3",",9","19,8","18,9","1,6","-,6",30.0,26.0,29.0,157.0,6,"1,9",
2026/06/18,1900 UTC,0,"932,3","932,4","932,2","1244,1","18,8","2,2","19,8","18,7","2,3",",8",33.0,29.0,33.0,153.0,"6,6",2,
2026/06/18,2000 UTC,0,"932,2","932,3","932,1","237,3","16,6","5,8","19,2","16,6","5,8","1,7",49.0,32.0,49.0,196.0,"6,4","2,2",
2026/06/18,2100 UTC,0,"932,6","932,6","932,2","14,9","14,1","8,4","16,6","14,1","8,4","5,8",68.0,49.0,68.0,181.0,"6,4","1,6",
2026/06/18,2200 UTC,0,"932,7","932,7","932,6",,"13,4","8,2","14,1","13,4","8,5","8,2",71.0,68.0,71.0,161.0,"6,2","1,9",
2026/06/18,2300 UTC,0,"933,5","933,5","932,7",,"12,7","7,9","13,4","12,7","8,3","7,8",73.0,70.0,72.0,148.0,"6,8",2,
2026/06/19,0000 UTC,0,"933,8","933,9","933,5",,"12,3","8,1","12,8","12,3","8,1","7,8",75.0,72.0,75.0,149.0,"5,4","2,4",
2026/06/19,0100 UTC,0,"933,7","933,9","933,7",,12,"8,4","12,3","11,9","8,4","8,1",79.0,76.0,79.0,146.0,"3,9","1,7",
2026/06/19,0200 UTC,0,"933,5","933,7","933,4",,"11,6","8,3",12,"11,6","8,4","8,3",81.0,79.0,80.0,133.0,"3,9",1,
2026/06/19,0300 UTC,0,"932,9","933,4","932,9",,"11,5","7,8","11,8","11,5","8,4","7,8",80.0,78.0,78.0,121.0,"4,6","1,9",
2026/06/19,0400 UTC,0,"932,6","932,9","932,6",,"11,2","7,7","11,5","11,1","7,9","7,6",80.0,78.0,79.0,114.0,"5,1","1,8",
2026/06/19,0500 UTC,0,"932,2","932,6","932,2",,"10,9","8,1","11,2","10,8","8,1","7,6",83.0,79.0,83.0,119.0,"5,6",2,
2026/06/19,0600 UTC,0,"931,8","932,2","931,8",,"10,8","8,5",11,"10,8","8,5","8,1",85.0,83.0,85.0,121.0,"5,6","1,5",
2026/06/19,0700 UTC,0,"931,2","931,8","931,2",,"11,2",9,"11,2","10,8",9,"8,5",87.0,85.0,87.0,125.0,"7,8","2,7",
2026/06/19,0800 UTC,0,"930,9","931,2","930,8",,11,"9,1","11,2",11,"9,2",9,88.0,87.0,88.0,116.0,"7,3","2,1",
2026/06/19,0900 UTC,0,"930,7",931,"930,6",,11,"9,2","11,2",11,"9,3","9,1",88.0,88.0,88.0,123.0,7,"2,5",
2026/06/19,1000 UTC,0,"930,8","930,9","930,7","2,4","11,1","9,1","11,2",11,"9,3","9,1",89.0,88.0,88.0,98.0,6,"1,9",
2026/06/19,1100 UTC,0,"931,2","931,3","930,8","156,6","11,4","9,1","11,4","11,1","9,3","9,1",88.0,86.0,86.0,114.0,"5,7","2,1",
2026/06/19,1200 UTC,0,"931,6","931,6","931,2","860,8","14,3",10,"14,3","11,3",10,"9,1",86.0,75.0,75.0,121.0,5,"1,6",
2026/06/19,1300 UTC,0,"931,4","931,6","931,4","1702,9","16,4","9,5","16,4","13,9","9,9",9,75.0,64.0,64.0,97.0,"5,1","1,4",
2026/06/19,1400 UTC,0,931,"931,4",931,"2167,2","18,3","9,5","18,5","16,3","10,3","9,1",64.0,56.0,56.0,124.0,"4,2","1,9",
2026/06/19,1500 UTC,0,930,931,930,"2443,1","21,9","9,8","21,9","18,2","10,9","9,2",59.0,46.0,46.0,325.0,4,1,
2026/06/19,1600 UTC,0,"928,8",930,"928,8","2498,6","23,2","9,2","23,7","21,9","10,2","8,2",47.0,41.0,41.0,28.0,"6,8",2,
2026/06/19,1700 UTC,0,"928,2","928,8","928,1","2273,8","23,4","8,1","23,9",23,"9,7","8,1",43.0,37.0,37.0,43.0,"9,1","3,2",
2026/06/19,1800 UTC,0,"927,8","928,1","927,8","1828,3","24,3","7,8","24,8","23,4","9,5","7,8",40.0,35.0,35.0,34.0,"7,7","2,2",
2026/06/19,1900 UTC,0,"927,8","927,9","927,7","1194,3",24,"7,8","24,7","23,8","8,5","7,3",37.0,34.0,36.0,13.0,"7,6","2,8",
2026/06/19,2000 UTC,0,"928,1","928,1","927,8","267,1","22,3","8,7",24,"22,3","8,7","7,7",42.0,35.0,42.0,3.0,"6,4","1,6",
2026/06/19,2100 UTC,0,"928,1","928,2","928,1","16,6",21,"9,6","22,3","20,9","9,6","8,7",48.0,42.0,48.0,58.0,"4,3","1,7",
2026/06/19,2200 UTC,0,"927,9","928,2","927,9",,20,10,21,"19,3","10,2","9,6",54.0,48.0,53.0,74.0,"3,2",1,
2026/06/19,2300 UTC,0,"927,8",928,"927,8",,"19,4",10,"20,6","19,3",10,"9,7",55.0,50.0,55.0,73.0,"3,2","1,1",
2026/06/20,0000 UTC,0,928,928,"927,8",,"17,9","10,7","19,6","17,6","10,7","9,9",63.0,54.0,63.0,71.0,"2,7",",6",
2026/06/20,0100 UTC,0,"928,2","928,2",928,,"17,8","10,8","18,3","17,6","10,9","10,5",64.0,61.0,63.0,95.0,"2,3",",8",
2026/06/20,0200 UTC,0,"928,2","928,2",928,,"16,6","10,8","18,1","16,4","10,9","10,5",69.0,63.0,69.0,114.0,2,0,
2026/06/20,0300 UTC,0,928,"928,2",928,,16,"11,3","16,6","15,9","11,3","10,8",74.0,69.0,74.0,117.0,"2,7",0,
2026/06/20,0400 UTC,0,"928,1","928,2","927,9",,"16,2","11,5","16,4","15,9","11,6","11,3",74.0,73.0,74.0,137.0,"2,9",",4",
2026/06/20,0500 UTC,0,"927,7","928,1","927,7",,"15,8","11,3","16,3","15,8","11,6","11,3",75.0,73.0,75.0,104.0,"2,6",1,
2026/06/20,0600 UTC,0,"927,2","927,8","927,2",,"15,4","11,2","15,8","15,4","11,4","11,2",76.0,75.0,76.0,102.0,"2,9",1,
2026/06/20,0700 UTC,0,"926,9","927,3","926,9",,"14,6",11,"15,4","14,6","11,2",11,79.0,76.0,79.0,113.0,"2,7",",7",
2026/06/20,0800 UTC,0,"926,7",927,"926,7",,"14,8","11,1",15,"14,3","11,3","10,9",81.0,78.0,79.0,118.0,3,",9",
2026/06/20,0900 UTC,0,"926,7","926,8","926,6",,"14,1","10,9","14,8","14,1","11,2","10,9",81.0,79.0,81.0,95.0,"1,9",0,
2026/06/20,1000 UTC,0,"927,2","927,2","926,6",",8","14,2","11,2","14,2","13,9","11,3","10,9",83.0,81.0,82.0,135.0,"2,7",",6",
2026/06/20,1100 UTC,0,"927,4","927,5","927,2","206,2","15,6","11,3","15,6","13,9","11,7","10,9",83.0,76.0,76.0,132.0,"2,7",1,
2026/06/20,1200 UTC,0,"927,8","927,9","927,4","966,5","17,2","11,8","17,2","15,5",12,"10,8",76.0,68.0,71.0,130.0,"3,4",1,
2026/06/20,1300 UTC,0,"927,6",928,"927,6","1016,8","19,2","12,4","19,2","17,2","12,4",11,71.0,65.0,65.0,117.0,"2,9","1,3",
2026/06/20,1400 UTC,0,"926,8","927,6","926,8","1295,2","21,3","12,4","21,3","19,3","12,8","11,2",65.0,54.0,57.0,165.0,"3,7",",8",
2026/06/20,1500 UTC,0,"926,1","926,9","926,1",916,"21,8","11,9","22,3","21,3","11,9","11,3",57.0,50.0,53.0,8.0,"11,1","4,4",
2026/06/20,1600 UTC,0,925,"926,1",925,"595,3","22,4",12,"22,4","21,7","12,3","11,8",55.0,52.0,52.0,17.0,"11,1","3,2",
2026/06/20,1700 UTC,0,"923,5",925,"923,5","1154,2",23,12,"23,2","22,4","12,6","11,6",53.0,50.0,50.0,34.0,"8,8","2,2",
2026/06/20,1800 UTC,0,"923,3","923,7","923,2","1270,5","23,2","12,6",24,"22,8","12,9","11,8",52.0,48.0,51.0,12.0,"6,6",2,
2026/06/20,1900 UTC,0,"922,9","923,3","922,4",378,"22,3","12,9","23,3","22,3","12,9","12,3",55.0,51.0,55.0,31.0,"6,2","1,8",
2026/06/20,2000 UTC,0,"923,3","923,5","922,7","133,8","21,7","13,3","22,3","21,7","13,3","12,9",59.0,55.0,59.0,7.0,6,"2,5",
2026/06/20,2100 UTC,0,"923,5","923,6","922,9","8,1","20,8","13,6","21,7","20,8","13,6","13,3",63.0,59.0,63.0,57.0,6,"1,8",
2026/06/20,2200 UTC,0,"923,7","923,7","923,2",,"19,8","14,2","20,8","19,8","14,3","13,6",70.0,63.0,70.0,26.0,5,"1,1",
2026/06/20,2300 UTC,0,924,924,"923,6",,"20,2","14,2","20,2","19,5","14,4","14,1",72.0,68.0,68.0,351.0,6,"1,7",
2026/06/21,0000 UTC,3,"925,2","925,4",924,,"16,3","13,8","20,4","16,3","15,1","13,8",86.0,67.0,85.0,296.0,13,5,
2026/06/21,0100 UTC,",6","925,3","925,5","925,2",,"15,7","13,3","16,3","15,6","13,8","13,3",86.0,85.0,86.0,305.0,13,"1,1",
2026/06/21,0200 UTC,0,"925,1","925,3","924,8",",1","15,9","12,3",16,"15,7","13,3","12,2",86.0,79.0,79.0,339.0,"6,1","2,4",
2026/06/21,0300 UTC,0,"925,4","925,4","925,1",,"15,6","12,4",16,"15,5","12,6","12,3",83.0,79.0,81.0,343.0,"6,2","2,5",
2026/06/21,0400 UTC,0,"925,1","925,5",925,,15,"11,9","15,6",15,"12,4","11,9",83.0,81.0,81.0,340.0,"6,1","2,9",
2026/06/21,0500 UTC,0,"925,6","925,6","925,1",,"14,6","11,9",15,"14,5",12,"11,7",84.0,81.0,84.0,315.0,"5,9","1,3",
2026/06/21,0600 UTC,0,"925,7",926,"925,6",,"14,6","11,4","14,8","14,5","11,9","11,3",84.0,80.0,81.0,285.0,"5,2","1,6",
2026/06/21,0700 UTC,0,"925,8","925,9","925,6",,"14,2","10,5","14,7","14,2","11,5","10,5",82.0,78.0,78.0,333.0,"4,9","2,4",
2026/06/21,0800 UTC,0,"925,4","925,9","925,4",,"13,4",10,"14,2","13,4","10,5","9,9",80.0,78.0,80.0,360.0,"5,5","2,9",
2026/06/21,0900 UTC,0,"926,4","926,4","925,4",,"12,7","10,1","13,4","12,4","10,3","9,8",85.0,80.0,84.0,304.0,"5,3",1,
2026/06/21,1000 UTC,0,927,927,"926,4","1,1","12,6","10,2",13,"12,6","10,3",10,85.0,82.0,85.0,306.0,"4,3","1,4",
2026/06/21,1100 UTC,0,928,928,"926,9","96,3",13,"10,3",13,"12,6","10,4",10,86.0,84.0,84.0,337.0,"3,2",",2",
2026/06/21,1200 UTC,0,"928,6","928,6",928,"958,4","14,4","9,8","14,9",13,"10,8","9,8",84.0,74.0,74.0,318.0,"4,8",2,
2026/06/21,1300 UTC,0,"929,2","929,3","928,6",1705,16,"10,3","16,7","14,4","10,8","9,8",75.0,67.0,69.0,307.0,"4,4","1,5",
2026/06/21,1400 UTC,0,929,"929,2",929,"2224,1","17,6","9,5","17,9",16,"11,1","8,9",69.0,57.0,59.0,310.0,"4,2","1,6",
2026/06/21,1500 UTC,0,"928,4",929,"928,4","2509,1","19,1","8,2","19,5","17,4","10,1","7,4",60.0,48.0,49.0,313.0,"5,4","1,4",
2026/06/21,1600 UTC,0,"927,6","928,4","927,6","2547,6","21,4","7,4","21,4","19,1","9,4",6,53.0,39.0,40.0,79.0,"3,2",",6",
2026/06/21,1700 UTC,0,"927,2","927,6","927,2","2312,5","22,1","6,4","22,9","20,9",8,"4,5",41.0,32.0,36.0,53.0,"2,9","1,3",
2026/06/21,1800 UTC,0,"926,8","927,3","926,8","1853,9","22,2",7,"22,9",21,"8,2","5,1",40.0,34.0,38.0,256.0,"2,9",",7",
2026/06/21,1900 UTC,0,"926,7","926,9","926,7","1234,5","21,8","5,7","23,2","21,8",8,"5,7",39.0,34.0,35.0,21.0,"4,1","1,9",
2026/06/21,2000 UTC,0,927,927,"926,7","248,8","20,6","4,9","22,2","20,6",6,"3,8",36.0,31.0,36.0,42.0,4,"1,1",
2026/06/21,2100 UTC,0,"927,5","927,5",927,"14,3","17,9","9,3","20,6","17,9","9,3","4,9",57.0,36.0,57.0,150.0,"2,9",",5",
2026/06/21,2200 UTC,0,"927,8","927,8","927,5",,"15,9","11,4","17,9","15,9","11,4","9,6",75.0,57.0,75.0,264.0,"3,9",0,
2026/06/21,2300 UTC,0,"927,9","927,9","927,7",,"15,5","10,2","16,1","15,4","11,7",10,76.0,70.0,71.0,34.0,0,0,
2026/06/22,0000 UTC,0,928,"928,1","927,9",,"15,5","10,1","15,8","15,2","10,4",10,71.0,69.0,70.0,77.0,"1,9",1,
2026/06/22,0100 UTC,0,"928,2","928,2",928,,"14,3","9,9","15,4","14,3","10,3","9,9",75.0,71.0,75.0,33.0,"2,1",",1",
2026/06/22,0200 UTC,0,928,"928,2",928,,"13,8","8,7","14,4","13,8","10,2","8,7",76.0,71.0,71.0,29.0,",8",0,
2026/06/22,0300 UTC,0,"927,7",928,"927,7",,"14,1","8,6","14,2","13,7","9,2","8,5",73.0,69.0,70.0,80.0,0,0,
2026/06/22,0400 UTC,0,"927,8","927,9","927,7",,"13,4","8,1","14,1","13,2","8,5","7,4",72.0,66.0,70.0,92.0,0,0,
2026/06/22,0500 UTC,0,"927,7","927,9","927,7",,12,"7,8","13,4",12,"8,3","7,7",75.0,70.0,75.0,84.0,"2,6",0,
2026/06/22,0600 UTC,0,"927,8","927,8","927,3",,"11,6","8,4","12,4","11,5","8,6","7,7",81.0,75.0,81.0,140.0,"2,2",",3",
2026/06/22,0700 UTC,0,"927,8","928,1","927,8",,"11,3","9,2",12,"11,3","9,3","8,6",87.0,81.0,87.0,97.0,"2,9",",9",
2026/06/22,0800 UTC,",2","928,2","928,3","927,8",,"11,2","9,9","11,3",11,"9,9","9,1",91.0,87.0,91.0,108.0,"3,9",",9",
2026/06/22,0900 UTC,0,"928,6","928,6","928,2",,"11,5","10,4","11,5","11,2","10,4","9,9",93.0,91.0,93.0,90.0,"4,3","1,3",
2026/06/22,1000 UTC,0,"929,3","929,4","928,6","2,3","11,5","10,3","11,5","11,4","10,4","10,2",93.0,93.0,93.0,101.0,"3,2","1,1",
2026/06/22,1100 UTC,0,"929,7","929,7","929,3","168,6","12,2",11,"12,2","11,3",11,"10,2",93.0,92.0,92.0,103.0,"3,2",1,
2026/06/22,1200 UTC,0,930,"930,1","929,7","933,2","15,4","11,7","15,4","12,2",12,"10,9",92.0,79.0,79.0,123.0,"3,2",1,
2026/06/22,1300 UTC,0,"929,6",930,"929,6",1706,"17,5","10,8","17,7","15,3","11,9","10,5",79.0,64.0,65.0,98.0,"3,7","1,7",
2026/06/22,1400 UTC,0,"928,8","929,7","928,8",2192,"20,6","11,5","20,8","17,5",12,"10,5",66.0,54.0,56.0,109.0,"4,1","1,8",
2026/06/22,1500 UTC,0,"927,5","928,8","927,5","2481,8","23,8","9,2","23,9","20,4","12,5","8,3",56.0,37.0,39.0,20.0,"6,1",3,
2026/06/22,1600 UTC,0,"925,8","927,5","925,8","2531,6","24,9","8,2",25,"23,7","9,5",8,39.0,34.0,35.0,37.0,"6,8","2,9",
2026/06/22,1700 UTC,0,"924,6","925,8","924,6",2330,"25,1","8,3","25,9","24,4","9,1","7,5",36.0,33.0,34.0,30.0,"8,9","3,5",
2026/06/22,1800 UTC,0,"924,2","924,6","924,2","1866,1","25,9","8,1","26,2",25,9,"7,5",36.0,31.0,32.0,23.0,"9,2","3,6",
2026/06/22,1900 UTC,0,"924,3","924,4","924,2","1238,3","25,9","7,6","26,4","25,7","8,8","7,5",33.0,31.0,31.0,9.0,8,"1,9",
2026/06/22,2000 UTC,0,"924,4","924,5","924,3","246,9","24,6","8,1",26,"24,6","8,2","7,5",35.0,31.0,35.0,37.0,"6,6","1,6",
2026/06/22,2100 UTC,0,925,"925,1","924,4","15,9","23,1","8,6","24,6",23,"8,6",8,39.0,35.0,39.0,25.0,"4,7","1,9",
2026/06/22,2200 UTC,0,"924,8",925,"924,7",,"22,5","8,5","23,1","22,2","8,7","8,4",42.0,39.0,41.0,40.0,4,"1,8",
2026/06/22,2300 UTC,0,"925,1","925,2","924,8",,"21,4","9,1","22,5","21,1","9,1","8,5",46.0,41.0,45.0,146.0,"5,3",",1",
2026/06/23,0000 UTC,0,"925,3","925,3","925,1",,"21,9","8,8",22,"20,3","9,5","8,7",50.0,43.0,43.0,21.0,"4,1","1,7",
2026/06/23,0100 UTC,0,"925,3","925,7","925,3",,"21,7","8,5","22,1","21,6","8,8","8,5",44.0,42.0,43.0,25.0,"4,9","1,6",
2026/06/23,0200 UTC,0,"925,5","925,6","925,2",,"21,5","8,6","21,8","21,5","8,7","8,5",44.0,43.0,44.0,20.0,"5,2","2,3",
2026/06/23,0300 UTC,0,"925,1","925,6","925,1",,"21,4","8,8","21,6","21,2","8,8","8,6",45.0,43.0,44.0,17.0,"5,2",2,
2026/06/23,0400 UTC,0,"924,8","925,1","924,8",,"21,8","8,7","21,8","21,4","8,8","8,7",45.0,43.0,43.0,18.0,"5,5",2,
2026/06/23,0500 UTC,0,"924,9","925,2","924,6",,"21,3","8,9",22,"21,3","8,9","8,7",45.0,42.0,45.0,13.0,10,4,
2026/06/23,0600 UTC,0,"924,7","924,9","924,5",,"20,6",10,"21,3","20,6",10,"8,9",51.0,45.0,51.0,294.0,"8,2","1,2",
2026/06/23,0700 UTC,0,"924,8","924,9","924,7",,"19,8","10,1","20,9","19,8","10,1","9,8",54.0,49.0,54.0,332.0,6,"2,2",
2026/06/23,0800 UTC,0,"924,9","925,2","924,7",,"19,8","11,8",20,"19,6","12,1","10,1",60.0,54.0,60.0,16.0,"4,4","1,9",
2026/06/23,0900 UTC,0,"925,3","925,3","924,9",,"19,6",11,"19,8","19,6","11,8","10,9",60.0,57.0,57.0,26.0,"3,8","1,8",
2026/06/23,1000 UTC,"1,4","926,2","926,2","925,3",,"17,1","13,4","19,6","16,8","13,5",11,80.0,57.0,79.0,16.0,"5,4","1,7",
2026/06/23,1100 UTC,"1,2","926,6","926,8","926,1","38,4","16,7","13,7","17,3","16,7","13,7","13,2",83.0,78.0,83.0,33.0,"5,1",2,
2026/06/23,1200 UTC,",8","926,7",927,"926,5",141,"18,2","15,9","18,2","16,7","15,9","13,8",86.0,83.0,86.0,50.0,"6,3","1,8",
2026/06/23,1300 UTC,",2","926,9",927,"926,7","439,1","19,3","15,9","19,3","18,2",16,"15,8",86.0,81.0,81.0,38.0,"5,2","1,6",
2026/06/23,1400 UTC,0,"926,7","926,9","926,5","630,8","19,5","13,5","19,9","19,3","16,1","13,2",81.0,66.0,68.0,25.0,"6,1","2,3",
2026/06/23,1500 UTC,0,"926,2","926,7","926,2","582,3","19,6","13,7","19,8","19,4",14,"13,3",70.0,68.0,69.0,7.0,"6,6","2,8",
2026/06/23,1600 UTC,0,"925,3","926,2","925,3","475,5","18,7","14,7","19,8","18,7","14,7","13,7",77.0,68.0,77.0,29.0,"6,7","2,8",
2026/06/23,1700 UTC,",2","925,1","925,3","924,7","645,6","19,2","15,2","19,5","18,7","15,5","14,7",79.0,76.0,77.0,2.0,7,2,
2026/06/23,1800 UTC,,,,,,,,,,,,,,,,,,
2026/06/23,1900 UTC,,,,,,,,,,,,,,,,,,
2026/06/23,2000 UTC,,,,,,,,,,,,,,,,,,
2026/06/23,2100 UTC,,,,,,,,,,,,,,,,,,
2026/06/23,2200 UTC,,,,,,,,,,,,,,,,,,
2026/06/23,2300 UTC,,,,,,,,,,,,,,,,,,
2026/06/24,0000 UTC,"5,8","927,9","927,9","927,5",,"13,6","12,6","13,9","13,5","12,9","12,6",94.0,94.0,94.0,232.0,"3,3",0,
2026/06/24,0100 UTC,"8,2",928,"928,1","927,9",,"13,5","12,6","13,7","13,3","12,7","12,4",94.0,94.0,94.0,179.0,0,0,
2026/06/24,0200 UTC,"3,4","927,8","928,6","927,4",",3","13,4","12,5","13,6","13,3","12,6","12,4",94.0,94.0,94.0,183.0,"3,5","1,1",
2026/06/24,0300 UTC,",6","927,8","928,2","927,8",,"13,4","12,4","13,4","13,3","12,5","12,4",94.0,94.0,94.0,178.0,4,1,
2026/06/24,0400 UTC,",4","927,4","927,9","927,4",",1","13,1","12,2","13,4","13,1","12,4","12,1",94.0,94.0,94.0,179.0,"4,2",",6",
2026/06/24,0500 UTC,"2,8","927,2","927,6","927,2",,"12,8","11,8","13,1","12,8","12,1","11,8",94.0,94.0,94.0,166.0,"3,7",",7",
2026/06/24,0600 UTC,"3,2","927,3","927,4","927,1",,"12,6","11,6","12,8","12,6","11,8","11,6",94.0,94.0,94.0,196.0,"3,5",",8",
2026/06/24,0700 UTC,",2","927,1","927,4",927,,"12,5","11,5","12,7","12,5","11,7","11,5",94.0,94.0,94.0,179.0,"3,4",",7",
2026/06/24,0800 UTC,",8",927,"927,1","926,8",,"12,5","11,5","12,5","12,4","11,5","11,4",94.0,94.0,94.0,173.0,"3,3",0,
2026/06/24,0900 UTC,",6",927,927,"926,8",,"12,3","11,3","12,5","12,3","11,6","11,3",94.0,94.0,94.0,185.0,"2,9",",6",
2026/06/24,1000 UTC,",6","927,4","927,5",927,",4","12,3","11,3","12,4","12,2","11,5","11,3",94.0,94.0,94.0,182.0,3,"1,1",
2026/06/24,1100 UTC,8,"927,7",928,"927,2",14,"12,3","11,4","12,4","12,1","11,5","11,1",94.0,94.0,94.0,157.0,"5,1",",9",
2026/06/24,1200 UTC,"5,4","928,7","929,1","927,5",25,"12,6","11,7","12,6","12,3","11,7","11,4",94.0,94.0,94.0,221.0,"4,2","1,4",
2026/06/24,1300 UTC,"3,8","928,3",929,"928,3","182,9","12,9",12,"13,1","12,5","12,2","11,6",94.0,94.0,94.0,145.0,"4,2",",8",
2026/06/24,1400 UTC,0,"928,4","928,4","927,8","410,9","13,4","12,4","13,5","12,8","12,6","11,9",94.0,94.0,94.0,201.0,"3,2",",6",
2026/06/24,1500 UTC,",6","927,7","928,6","927,6","165,1","13,4","12,3","13,4",13,"12,4","11,9",94.0,93.0,93.0,183.0,"4,1",",7",
2026/06/24,1600 UTC,",4","926,9","928,1","926,7",171,"13,3","12,2","13,5","12,9","12,4","11,8",93.0,93.0,93.0,154.0,"3,6","1,5",
2026/06/24,1700 UTC,,,,,,,,,,,,,,,,,,
2026/06/24,1800 UTC,,,,,,,,,,,,,,,,,,
2026/06/24,1900 UTC,,,,,,,,,,,,,,,,,,
2026/06/24,2000 UTC,,,,,,,,,,,,,,,,,,
2026/06/24,2100 UTC,,,,,,,,,,,,,,,,,,
2026/06/24,2200 UTC,,,,,,,,,,,,,,,,,,
2026/06/24,2300 UTC,,,,,,,,,,,,,,,,,,
2026/06/25,0000 UTC,,,,,,,,,,,,,,,,,,
2026/06/25,0100 UTC,0,"930,4","930,5","929,7",,"11,3","10,2","11,7","11,2","10,5","10,1",93.0,93.0,93.0,187.0,"3,9",",7",
2026/06/25,0200 UTC,",2","930,6","930,9","930,3",,"11,1",10,"11,3","11,1","10,3",10,93.0,93.0,93.0,157.0,"3,9","1,3",
2026/06/25,0300 UTC,0,"930,7","930,9","930,4",,11,10,"11,2","10,9","10,1","9,8",93.0,93.0,93.0,168.0,"3,4",0,
2026/06/25,0400 UTC,0,"930,8","931,1","930,6",,11,10,"11,1","10,9","10,1","9,8",93.0,93.0,93.0,171.0,"2,8",0,
2026/06/25,0500 UTC,",2","930,3","930,8","930,1",,11,10,"11,1","10,8","10,1","9,9",94.0,93.0,94.0,140.0,"3,5","1,1",
2026/06/25,0600 UTC,",2",930,"930,4","929,9",,"11,1","10,1","11,1",11,"10,2",10,94.0,94.0,94.0,148.0,"4,1","1,4",
2026/06/25,0700 UTC,0,"930,2","930,3","929,8",,"11,2","10,2","11,3","11,1","10,2","10,1",94.0,93.0,93.0,137.0,"3,6","1,5",
2026/06/25,0800 UTC,0,"930,6","930,8",930,",1","11,2","10,2","11,3","11,2","10,3","10,2",93.0,93.0,93.0,153.0,"4,2",1,
2026/06/25,0900 UTC,0,931,"931,2","930,3",,"11,4","10,4","11,5","11,2","10,4","10,2",93.0,93.0,93.0,153.0,"4,2",",9",
2026/06/25,1000 UTC,0,"932,4","932,4",931,,"11,6","10,5","11,6","11,4","10,5","10,3",93.0,93.0,93.0,169.0,"4,3","1,2",
2026/06/25,1100 UTC,0,"933,3","933,5","932,3","50,2","11,9","10,8",12,"11,6","10,9","10,5",93.0,93.0,93.0,184.0,"4,7",",6",
2026/06/25,1200 UTC,,,,,,,,,,,,,,,,,,
2026/06/25,1300 UTC,,,,,,,,,,,,,,,,,,
2026/06/25,1400 UTC,0,"934,6",935,"934,4","270,7","12,8","11,2","12,9","12,2","11,4","10,8",92.0,89.0,89.0,180.0,"4,2","1,5",
2026/06/25,1500 UTC,0,"934,5","935,1","934,5","307,2","13,3","11,2","13,4","12,8","11,4","10,8",90.0,87.0,87.0,180.0,"4,2","1,2",
2026/06/25,1600 UTC,0,"933,9","934,6","933,8","372,7",13,"10,8","13,4",13,"11,3","10,8",88.0,86.0,86.0,185.0,"5,3","1,7",
2026/06/25,1700 UTC,0,933,"933,9",933,"233,2","12,2","10,2","13,1","12,1","11,1","10,2",88.0,86.0,88.0,197.0,"5,6","2,4",
2026/06/25,1800 UTC,0,"933,7","933,7",933,"155,4","11,5","9,8","12,2","11,4","10,4","9,7",89.0,88.0,89.0,210.0,"6,4","2,4",
2026/06/25,1900 UTC,0,"934,3","934,4","933,6","132,9","11,3","9,8","11,7","11,2","10,1","9,7",90.0,89.0,90.0,183.0,"5,4","1,1",
2026/06/25,2000 UTC,0,"934,4","934,8",934,"48,5","11,3","9,8","11,4","11,1","9,9","9,6",91.0,90.0,91.0,166.0,"5,4",",6",
2026/06/25,2100 UTC,",2","934,7","934,8","933,8","3,1","11,5","10,2","11,5","11,2","10,2","9,7",92.0,91.0,91.0,163.0,"5,5",1,
2026/06/25,2200 UTC,0,"934,6","934,7","934,3",,"11,7","10,4","11,7","11,5","10,4","10,2",92.0,91.0,92.0,185.0,"3,2",",6",
2026/06/25,2300 UTC,",2","934,5",935,"934,5",,"11,7","10,3","11,8","11,6","10,5","10,3",92.0,91.0,92.0,199.0,"4,2","1,4",
2026/06/26,0000 UTC,",2","935,3","935,4","934,5",,"11,3",10,"11,7","11,3","10,3",10,92.0,91.0,92.0,211.0,"3,8","1,8",
2026/06/26,0100 UTC,",2",935,"935,3","934,9",,"11,3","10,2","11,5","11,2","10,3",10,93.0,92.0,93.0,176.0,"3,9",",7",
2026/06/26,0200 UTC,",2","934,6",935,"934,4",,"11,3","10,3","11,4","11,2","10,3","10,1",93.0,93.0,93.0,159.0,"3,1",0,
2026/06/26,0300 UTC,0,"933,7","934,6","933,7",,"11,6","10,6","11,6","11,3","10,6","10,3",94.0,93.0,94.0,152.0,"2,8",1,
2026/06/26,0400 UTC,",2","933,3","933,7","933,3",,"11,7","10,8","11,8","11,5","10,8","10,5",94.0,94.0,94.0,154.0,"3,4",0,
2026/06/26,0500 UTC,0,"932,9","933,3","932,9",,"11,8","10,9","11,9","11,7","10,9","10,7",94.0,94.0,94.0,143.0,0,0,
2026/06/26,0600 UTC,",2","932,1","932,9","932,1",,"12,1","11,2","12,1","11,8","11,2","10,9",94.0,94.0,94.0,140.0,"2,4",",7",
2026/06/26,0700 UTC,0,"932,1","932,3","931,9",,"12,5","11,5","12,5","12,1","11,6","11,2",94.0,94.0,94.0,138.0,"2,4",",8",
2026/06/26,0800 UTC,0,"932,5","932,5",932,,"12,7","11,8","12,7","12,5","11,8","11,6",94.0,94.0,94.0,199.0,"2,4",0,
2026/06/26,0900 UTC,0,"932,8","932,9","932,4",,"12,9","12,1","12,9","12,7","12,1","11,8",95.0,94.0,95.0,166.0,"1,2",",1",
2026/06/26,1000 UTC,0,"933,6","933,7","932,8","1,2","13,1","12,4","13,1","12,9","12,4","12,1",95.0,95.0,95.0,93.0,"1,1",0,
2026/06/26,1100 UTC,",2","934,3","934,3","933,6","69,1","13,5","12,9","13,6","13,1","12,9","12,4",96.0,95.0,96.0,88.0,"2,4",",7",
2026/06/26,1200 UTC,0,"934,8","934,8","934,3","205,7","13,9","13,3",14,"13,5","13,3","12,9",96.0,96.0,96.0,108.0,"3,4","1,2",
2026/06/26,1300 UTC,0,935,"935,2","934,8","304,5","14,5","13,8","14,5","13,9","13,9","13,3",96.0,96.0,96.0,113.0,"3,7","1,4",
2026/06/26,1400 UTC,0,"934,5",935,"934,5","724,2","15,8","14,9","15,8","14,5",15,"13,8",96.0,95.0,95.0,117.0,"3,4","1,3",
2026/06/26,1500 UTC,0,"933,8","934,5","933,8","1198,2","17,2","14,6","17,5","15,7","15,7","14,6",95.0,85.0,85.0,119.0,"4,1","1,8",
2026/06/26,1600 UTC,0,933,"933,8",933,"1595,9","18,9","14,6","18,9","17,2","15,4","14,2",85.0,76.0,76.0,83.0,"3,4",1,
2026/06/26,1700 UTC,0,"932,4",933,"932,4","2062,3","19,4","14,5","20,4","18,9","15,6","14,1",76.0,70.0,73.0,121.0,"3,5","1,7",
2026/06/26,1800 UTC,0,"932,3","932,5","932,1","1609,1","20,1","14,9","20,6","18,8","15,9","14,2",77.0,70.0,72.0,124.0,"4,2","1,3",
2026/06/26,1900 UTC,0,"932,3","932,4","932,1","849,8","19,4","15,2","20,4",19,"15,8","14,2",77.0,71.0,77.0,135.0,"3,7","1,5",
2026/06/26,2000 UTC,0,"932,5","932,5","932,3","324,7","18,4","14,8","19,5","18,4","15,2","14,7",79.0,75.0,79.0,144.0,"3,8","1,3",
2026/06/26,2100 UTC,0,"933,2","933,2","932,5","24,3","17,4","14,7","18,4","17,4","14,9","14,7",84.0,79.0,84.0,109.0,"3,4",",9",
2026/06/26,2200 UTC,0,"933,5","933,5","933,2",,"16,3","14,4","17,4","16,3","14,7","14,3",88.0,84.0,88.0,69.0,"2,1",",3",
2026/06/26,2300 UTC,0,"933,8","933,9","933,5",,"15,8","14,3","16,5","15,7","14,6","14,2",91.0,88.0,91.0,133.0,"1,5",",5",
2026/06/27,0000 UTC,0,"934,2","934,2","933,8",,"15,6","14,3","15,8","15,5","14,5","14,1",92.0,91.0,92.0,138.0,"1,1",0,
2026/06/27,0100 UTC,0,"934,5","934,5","934,2",,"15,6","14,4","15,8","15,5","14,6","14,2",93.0,92.0,93.0,126.0,"1,9","1,1",
2026/06/27,0200 UTC,0,"934,3","934,5","934,3",,"15,4","14,3","15,6","15,4","14,4","14,2",93.0,93.0,93.0,113.0,"2,5",",4",
2026/06/27,0300 UTC,0,"934,3","934,4","934,2",,"15,4","14,3","15,5","15,4","14,3","14,3",93.0,93.0,93.0,113.0,"2,4",1,
2026/06/27,0400 UTC,0,"934,4","934,5","934,3",,"15,4","14,3","15,5","15,4","14,4","14,3",93.0,93.0,93.0,114.0,"2,6",",7",
2026/06/27,0500 UTC,0,"933,6","934,3","933,6",",4","15,4","14,3","15,5","15,4","14,4","14,3",93.0,93.0,93.0,121.0,"5,3","1,8",
2026/06/27,0600 UTC,0,"933,3","933,6","933,3",,"15,3","14,3","15,4","15,3","14,4","14,3",94.0,93.0,94.0,126.0,"4,9","1,7",
2026/06/27,0700 UTC,0,"933,4","933,4","933,3",,"15,4","14,4","15,4","15,3","14,4","14,3",94.0,94.0,94.0,122.0,"4,4","1,6",
2026/06/27,0800 UTC,0,"933,3","933,4","933,1",,"15,7","14,6","15,7","15,4","14,6","14,4",94.0,93.0,93.0,120.0,"4,4","1,8",
2026/06/27,0900 UTC,0,"933,5","933,6","933,3",,"15,8","14,3","15,8","15,7","14,6","14,3",93.0,91.0,91.0,113.0,"5,3",2,
2026/06/27,1000 UTC,0,"934,1","934,3","933,5",5,"15,7",14,"15,8","15,6","14,3",14,91.0,90.0,90.0,130.0,"5,2","1,9",
2026/06/27,1100 UTC,0,"934,7","934,7","934,1","119,4","15,8",14,"15,8","15,6","14,1","13,9",90.0,89.0,89.0,121.0,"4,6","1,5",
2026/06/27,1200 UTC,0,935,935,"934,7","685,1","17,7","14,4","17,8","15,8","14,8",14,89.0,81.0,81.0,111.0,"4,1","1,6",
2026/06/27,1300 UTC,",2","935,1","935,1","934,9","1486,6","19,7","14,8","19,7",17,15,"13,6",82.0,73.0,73.0,116.0,"4,1","1,4",
2026/06/27,1400 UTC,0,"934,5","935,1","934,5","2070,3","21,3","14,9","21,3","19,1","14,9","13,7",73.0,65.0,67.0,130.0,"3,5","1,1",
2026/06/27,1500 UTC,0,"933,7","934,5","933,7","2364,9","22,7","15,3","22,7","21,2","15,4",14,67.0,60.0,63.0,123.0,"3,1",",9",
2026/06/27,1600 UTC,0,"932,6","933,7","932,6","2404,3","23,9","14,7","24,9","22,6","16,1","14,4",63.0,55.0,56.0,109.0,"3,4","1,4",
2026/06/27,1700 UTC,0,"931,8","932,6","931,8",2202,"24,8","14,6","25,6","23,5","16,1",14,60.0,51.0,53.0,135.0,3,",9",
2026/06/27,1800 UTC,0,"931,3","931,8","931,3","1747,3","25,3","13,6","26,1","24,8","15,2","13,5",54.0,46.0,48.0,105.0,"3,3","1,5",
2026/06/27,1900 UTC,0,"931,1","931,3","931,1",1173,25,"14,4","25,5","24,9","15,1","12,8",54.0,47.0,52.0,120.0,"2,9",",9",
2026/06/27,2000 UTC,0,"931,3","931,3","931,1","265,1","23,2","15,1",25,"23,2","15,6","14,5",60.0,52.0,60.0,130.0,"3,3","1,6",
2026/06/27,2100 UTC,0,"931,6","931,6","931,3","20,2","21,4","15,7","23,2","21,4","15,7","15,1",70.0,60.0,70.0,104.0,"4,6","1,1",
2026/06/27,2200 UTC,0,932,932,"931,6",,"20,1","15,9","21,4","20,1","16,1","15,8",77.0,70.0,77.0,95.0,"4,1","1,1",
2026/06/27,2300 UTC,0,"932,3","932,3",932,,"19,2","15,5","20,1","19,2",16,"15,5",79.0,77.0,79.0,123.0,4,",9",
2026/06/28,0000 UTC,0,"932,6","932,6","932,3",,"18,4","15,3","19,3","18,4","15,6","15,3",82.0,79.0,82.0,132.0,4,",7",
2026/06/28,0100 UTC,0,"932,8","932,8","932,6",,"17,6","14,9","18,4","17,6","15,4","14,9",84.0,82.0,84.0,147.0,"2,5",",8",
2026/06/28,0200 UTC,0,"932,9","932,9","932,8",,17,"14,9","17,7",17,"15,2","14,8",88.0,84.0,88.0,102.0,"1,9",",1",
2026/06/28,0300 UTC,0,"932,5","932,9","932,5",,"16,7",15,17,"16,7","15,2","14,9",90.0,88.0,89.0,129.0,"1,6",",6",
2026/06/28,0400 UTC,0,"932,1","932,5","932,1",,"16,2","14,7","16,7","16,1","15,1","14,5",91.0,89.0,91.0,73.0,"1,6",0,
2026/06/28,0500 UTC,0,"931,9","932,2","931,9",,"15,9","14,5","16,4","15,9",15,"14,5",91.0,91.0,91.0,126.0,0,0,
2026/06/28,0600 UTC,0,"931,8","931,9","931,8",,"15,8","14,5",16,"15,6","14,6","14,3",92.0,91.0,92.0,124.0,0,0,
2026/06/28,0700 UTC,0,"931,5","931,8","931,5",,"15,2",14,"15,8","15,1","14,5","13,9",93.0,92.0,93.0,110.0,0,0,
2026/06/28,0800 UTC,0,"931,5","931,5","931,4",,"15,6","14,4","15,6","15,1","14,4","13,9",93.0,93.0,93.0,92.0,"1,9",",4",
2026/06/28,0900 UTC,0,"931,8","931,8","931,5",,"15,7","14,6","15,7","15,6","14,6","14,4",93.0,93.0,93.0,101.0,"3,8",1,
2026/06/28,1000 UTC,0,"932,2","932,2","931,8","2,3","15,5","14,5","15,7","15,4","14,7","14,4",94.0,93.0,94.0,107.0,"3,5","1,4",
2026/06/28,1100 UTC,0,"932,6","932,6","932,2","94,9","15,5","14,5","15,6","15,4","14,7","14,5",94.0,94.0,94.0,107.0,"3,5","1,7",
2026/06/28,1200 UTC,0,"932,8","932,9","932,6","405,3","15,8",15,"15,9","15,3",15,"14,4",95.0,94.0,95.0,97.0,"3,8",1,
2026/06/28,1300 UTC,0,"932,7",933,"932,7","1307,7","17,9","15,7","18,3","15,8","16,9","14,9",95.0,87.0,87.0,116.0,"3,7",2,
2026/06/28,1400 UTC,0,"931,9","932,7","931,9","2125,7","20,9","14,9","21,1","17,8","15,7","14,3",87.0,67.0,69.0,78.0,"4,5","1,1",
2026/06/28,1500 UTC,0,"930,6","931,9","930,6","2436,7","23,3","14,7","23,5","20,9","15,6","14,4",69.0,58.0,59.0,103.0,"4,7","1,8",
2026/06/28,1600 UTC,0,"929,3","930,6","929,3","2493,1","25,7","12,6","26,2","23,2","15,5","12,1",61.0,43.0,44.0,39.0,"4,8",2,
2026/06/28,1700 UTC,0,"928,7","929,4","928,7","2297,9","25,5","12,5",26,"25,2","12,9",12,46.0,43.0,44.0,20.0,"7,7","2,9",
2026/06/28,1800 UTC,0,"928,3","928,7","928,3","1854,1",26,"10,8","26,5","25,4","13,5","10,6",46.0,38.0,38.0,25.0,"6,6","2,7",
2026/06/28,1900 UTC,0,"928,1","928,3",928,"1236,1","25,9","11,8","26,4","25,4","11,8","10,6",42.0,38.0,41.0,33.0,"6,9","1,8",
2026/06/28,2000 UTC,0,"928,4","928,5","928,1","253,3","24,1","12,4",26,"24,1","12,4","11,3",48.0,41.0,48.0,18.0,"5,1","1,2",
2026/06/28,2100 UTC,0,"928,8","928,8","928,4","15,8","22,5",13,"24,1","22,5","13,2","12,3",55.0,48.0,55.0,55.0,"3,5","1,5",
2026/06/28,2200 UTC,0,"928,9","928,9","928,8",,"21,8","13,2","22,6","21,8","13,2","12,8",58.0,54.0,58.0,45.0,"3,6","1,2",
2026/06/28,2300 UTC,0,"929,3","929,3","928,9",,"20,7","13,6","21,8","20,7","13,6","13,2",64.0,58.0,64.0,33.0,3,"1,2",
2026/06/29,0000 UTC,0,"929,5","929,5","929,2",,"19,7","14,1","20,7","19,4","14,1","13,5",71.0,64.0,70.0,63.0,"2,9","1,7",
2026/06/29,0100 UTC,0,930,"930,1","929,6",,"19,3","13,8","19,9","18,9",14,"13,6",72.0,68.0,70.0,9.0,"2,2",",1",
2026/06/29,0200 UTC,0,930,"930,2",930,,"19,2","13,3","19,4","18,8","13,8","13,3",71.0,69.0,69.0,44.0,"2,6","1,2",
2026/06/29,0300 UTC,0,"930,1","930,1","929,9",,18,"13,5","19,2",18,"13,6","12,8",75.0,68.0,75.0,215.0,"2,6",",8",
2026/06/29,0400 UTC,0,"930,1","930,2",930,,"17,9","13,9",18,"17,7","13,9","13,5",78.0,75.0,78.0,213.0,"1,6",",7",
2026/06/29,0500 UTC,0,"929,7","930,2","929,7",,"18,2","13,5","18,2","17,6",14,"13,5",78.0,74.0,74.0,42.0,"2,8",",9",
2026/06/29,0600 UTC,0,"929,2","929,7","929,1",,"18,9","12,6",19,"18,1","13,5","12,6",74.0,67.0,67.0,3.0,"3,9",1,
2026/06/29,0700 UTC,0,929,"929,3",929,,"17,9","12,5","19,1","17,3","13,1","12,5",75.0,66.0,71.0,344.0,"3,9",",6",
2026/06/29,0800 UTC,0,"928,5",929,"928,4",,"17,3","12,7","19,1","17,3","13,1","12,5",75.0,67.0,75.0,247.0,"2,8",",5",
2026/06/29,0900 UTC,0,"928,7","928,7","928,3",,"16,6","12,8","18,5","16,6","13,5","12,5",79.0,71.0,79.0,234.0,"2,5",",5",
2026/06/29,1000 UTC,0,"929,9","929,9","928,7","2,4","16,5","12,9","16,7","16,4","13,2","12,8",80.0,79.0,79.0,229.0,"2,6",1,
2026/06/29,1100 UTC,0,"930,3","930,4","929,8","111,7","17,5","13,5","17,5","16,5","13,5","12,9",79.0,77.0,77.0,133.0,"2,6",1,
2026/06/29,1200 UTC,0,"930,2","930,4","930,1","721,8","19,4","14,4","19,4","17,5","14,4","13,5",77.0,71.0,73.0,183.0,"3,3",",4",
2026/06/29,1300 UTC,0,"930,9","930,9","930,2",1534,"22,8","14,7","22,9","19,4","15,3","14,2",73.0,60.0,60.0,215.0,"3,9","1,3",
2026/06/29,1400 UTC,0,"930,8",931,"930,8","1931,1","23,9","13,7","24,3","22,6",15,"13,5",62.0,52.0,53.0,177.0,3,",6",
2026/06/29,1500 UTC,0,"929,8","930,8","929,8","2358,7","25,1","13,9","25,7","23,6","15,4","13,1",54.0,48.0,50.0,9.0,"5,2","2,4",
2026/06/29,1600 UTC,0,"928,9","929,8","928,9","2447,6","25,2","14,2","25,8","24,6","14,6","13,6",51.0,49.0,51.0,9.0,"7,1","3,1",
2026/06/29,1700 UTC,0,"928,5","928,9","928,4","2162,6","26,1","13,9","26,3","25,2","14,9","13,8",51.0,47.0,47.0,14.0,7,"2,1",
2026/06/29,1800 UTC,,,,,,,,,,,,,,,,,,
2026/06/29,1900 UTC,,,,,,,,,,,,,,,,,,
2026/06/29,2000 UTC,0,"929,3","929,3","928,6","304,6","21,2","14,8","26,6","21,2",15,"13,5",67.0,46.0,67.0,209.0,"6,8","2,7",
2026/06/29,2100 UTC,0,"930,1","930,1","929,3","31,5","17,9","14,9","21,2","17,9","14,9","14,6",82.0,67.0,82.0,203.0,"6,6","2,2",
2026/06/29,2200 UTC,,,,,,,,,,,,,,,,,,
2026/06/29,2300 UTC,,,,,,,,,,,,,,,,,,
2026/06/30,0000 UTC,,,,,,,,,,,,,,,,,,
2026/06/30,0100 UTC,0,"930,5","930,8","930,4",,"16,8","14,5","17,1","16,8","14,6","14,3",86.0,85.0,86.0,128.0,"3,8",1,
2026/06/30,0200 UTC,0,"930,4","930,7","930,3",0,"16,8","14,5","17,1","16,8","14,8","14,4",87.0,86.0,87.0,100.0,4,"1,6",
2026/06/30,0300 UTC,0,"930,4","930,8","930,4",,17,"14,8","17,1","16,8","14,8","14,6",87.0,87.0,87.0,115.0,"3,2","1,6",
2026/06/30,0400 UTC,0,"930,2","930,7","930,2",,17,"14,8","17,2",17,15,"14,7",87.0,86.0,87.0,130.0,"4,1","1,8",
2026/06/30,0500 UTC,0,"929,6","930,2","929,6",,"16,8","14,7","17,2","16,8",15,"14,7",88.0,87.0,88.0,128.0,"4,3","2,2",
2026/06/30,0600 UTC,0,"929,4","929,7","929,4",,"16,9","14,9","16,9","16,8","14,9","14,7",88.0,88.0,88.0,128.0,"4,3",1,
2026/06/30,0700 UTC,0,929,"929,4","928,9",,"16,6","14,8","16,9","16,5","14,9","14,6",89.0,88.0,89.0,125.0,"4,1","1,6",
2026/06/30,0800 UTC,0,"929,1","929,1","928,9",,"16,4","14,6","16,6","16,4","14,8","14,6",90.0,89.0,89.0,115.0,"4,4","1,5",
2026/06/30,0900 UTC,0,"929,2","929,2","928,9",,"16,1","14,4","16,4","16,1","14,7","14,4",90.0,89.0,90.0,99.0,"4,8","2,1",
2026/06/30,1000 UTC,0,"929,6","929,7","929,1",3,"16,2","14,6","16,2",16,"14,6","14,3",90.0,90.0,90.0,120.0,"4,8","1,5",
2026/06/30,1100 UTC,0,"930,2","930,2","929,6",213,"16,8","14,8","16,8","16,1","14,8","14,5",90.0,88.0,88.0,118.0,"3,5","1,1",
2026/06/30,1200 UTC,0,"930,4","930,5","930,1",683,"18,9",15,"18,9","16,8","15,4","14,3",88.0,77.0,78.0,104.0,"3,8",",8",
2026/06/30,1300 UTC,0,"930,6","930,7","930,4","1415,6","21,7","14,4","21,8","18,9","15,3","13,9",78.0,63.0,63.0,108.0,"2,2",",6",
2026/06/30,1400 UTC,0,"930,3","930,6","930,3","2012,8","24,4","12,8","24,5","21,7","15,1","12,8",65.0,49.0,49.0,258.0,"2,6",",6",
2026/06/30,1500 UTC,0,930,"930,4",930,"2417,7",25,12,"25,4","24,2","13,9","11,3",51.0,43.0,44.0,16.0,"6,3","2,7",
2026/06/30,1600 UTC,0,"929,2","930,1","929,2","2455,3","25,7","11,9","25,7","24,4","12,7","11,4",46.0,42.0,42.0,15.0,"7,5","3,2",
2026/06/30,1700 UTC,0,"928,5","929,2","928,5","2266,6","26,3","12,1","26,4","25,3","12,6","11,3",44.0,40.0,41.0,28.0,"7,5","2,4",
2026/06/30,1800 UTC,0,"927,9","928,5","927,9","1822,6","26,2",11,27,"25,8","12,7","10,9",43.0,38.0,39.0,49.0,"6,4","2,9",
2026/06/30,1900 UTC,0,"927,6","927,9","927,6","1219,4","26,4","11,1","26,7","25,9","11,7","10,9",40.0,38.0,38.0,7.0,"6,2","1,6",
2026/06/30,2000 UTC,0,"927,7","927,7","927,6","262,3","24,9","11,8","26,4","24,9",12,"10,9",44.0,38.0,44.0,22.0,"4,9","1,7",
2026/06/30,2100 UTC,0,"927,9","927,9","927,7","18,6","23,4","12,4","24,9","23,3","12,6","11,8",50.0,44.0,50.0,36.0,"3,6",",5",
2026/06/30,2200 UTC,0,"928,4","928,4","927,9",,"22,5","13,2","23,4","22,4","13,2","12,4",56.0,50.0,56.0,32.0,"1,9",1,
2026/06/30,2300 UTC,0,"928,7","928,8","928,4",,"21,4","13,6","22,5","21,3","13,6","13,2",61.0,56.0,61.0,69.0,"2,2","1,1",
2026/07/01,0000 UTC,0,929,929,"928,8",,"20,3","13,7","21,7","20,3","13,8","13,2",66.0,59.0,66.0,81.0,"2,1",",9",
2026/07/01,0100 UTC,0,"929,2","929,2","928,9",,"19,5","13,3","20,3","19,4","13,8","13,2",68.0,65.0,68.0,58.0,"1,9",",2",
2026/07/01,0200 UTC,0,929,"929,2",929,,"19,2","13,1","19,8",19,"13,4",13,69.0,66.0,68.0,65.0,"1,7",",1",
2026/07/01,0300 UTC,0,"928,8",929,"928,7",,"18,7","12,9","19,5","18,4","13,2","12,8",71.0,66.0,69.0,215.0,"1,8",0,
2026/07/01,0400 UTC,0,"929,2","929,3","928,6",,"17,7","12,9","18,8","17,7","13,2","12,9",74.0,69.0,74.0,202.0,2,1,
2026/07/01,0500 UTC,0,"929,3","929,4","929,1",,"17,5","12,9",18,"17,3",13,"12,5",75.0,72.0,74.0,276.0,"1,8",",2",
2026/07/01,0600 UTC,0,928,"929,3",928,,"17,7","12,1","18,4","17,5",13,"12,1",74.0,68.0,70.0,58.0,"2,6",",5",
2026/07/01,0700 UTC,0,"927,9",928,"927,8",,"17,3","12,2","17,7","17,2","12,4",12,72.0,70.0,72.0,197.0,"2,2",",4",
2026/07/01,0800 UTC,0,"928,4","928,5","927,9",,"17,5",12,"18,5","17,3","12,3","11,6",72.0,65.0,70.0,202.0,"3,2","1,3",
2026/07/01,0900 UTC,0,"928,7","928,7","928,4",,"16,9",12,"17,9","16,8","12,2","11,9",73.0,69.0,73.0,251.0,"3,9",0,
2026/07/01,1000 UTC,0,"929,7","929,7","928,7",",2","16,1","12,1","17,3","16,1","12,3","11,8",77.0,71.0,77.0,205.0,2,0,
2026/07/01,1100 UTC,0,"930,1","930,1","929,7","85,7","18,7","13,4","18,7","16,1","13,4","12,2",78.0,71.0,71.0,79.0,"1,8",",5",
2026/07/01,1200 UTC,0,"930,7","930,7","930,1","842,3","21,1","13,3","21,7","18,8","14,2","12,7",71.0,60.0,61.0,123.0,"1,5",",1",
2026/07/01,1300 UTC,0,"931,6","931,7","930,7",1602,"23,8","13,9","23,8","21,1","14,3","13,1",62.0,54.0,54.0,242.0,2,",7",
2026/07/01,1400 UTC,0,"931,9","931,9","931,6",2124,"24,2","12,8","24,6","22,8","14,2","12,3",55.0,47.0,49.0,3.0,"7,2","3,3",
2026/07/01,1500 UTC,,,,,,,,,,,,,,,,,,
2026/07/01,1600 UTC,,,,,,,,,,,,,,,,,,
2026/07/01,1700 UTC,,,,,,,,,,,,,,,,,,
2026/07/01,1800 UTC,,,,,,,,,,,,,,,,,,
2026/07/01,1900 UTC,,,,,,,,,,,,,,,,,,
2026/07/01,2000 UTC,,,,,,,,,,,,,,,,,,
2026/07/01,2100 UTC,,,,,,,,,,,,,,,,,,
2026/07/01,2200 UTC,,,,,,,,,,,,,,,,,,
2026/07/01,2300 UTC,,,,,,,,,,,,,,,,,,
2026/07/02,0000 UTC,,,,,,,,,,,,,,,,,,
2026/07/02,0100 UTC,0,931,931,"930,8",,"20,3","13,5","21,1","20,1","13,7",13,66.0,60.0,65.0,24.0,"3,1",",8",
2026/07/02,0200 UTC,0,"931,2","931,2",931,,"20,6","13,4","20,6","20,1","13,6","13,3",65.0,63.0,63.0,37.0,"3,3","1,4",
2026/07/02,0300 UTC,0,"931,3","931,4","931,1",,"20,5","13,1","20,8","19,8","13,6","12,9",67.0,62.0,63.0,41.0,"3,3",",6",
2026/07/02,0400 UTC,0,"931,5","931,5","931,3",,"19,8","12,7","20,6","19,8","13,1","12,7",64.0,62.0,64.0,44.0,"2,6",",2",
2026/07/02,0500 UTC,0,"931,1","931,5","931,1",,"18,9","12,8","20,5","18,9","13,1","12,6",68.0,61.0,68.0,90.0,"3,5",",8",
2026/07/02,0600 UTC,0,"930,7","931,1","930,7",,"18,1",13,"18,9","17,9","13,3","12,7",73.0,68.0,72.0,142.0,"2,1",0,
2026/07/02,0700 UTC,0,"930,8","930,9","930,6",,"17,4","13,2","18,1","17,4","13,4","12,8",77.0,72.0,77.0,289.0,2,",3",
2026/07/02,0800 UTC,0,"930,5","930,8","930,5",,"17,7",13,"17,9","17,4","13,4","12,8",77.0,73.0,74.0,80.0,2,0,
2026/07/02,0900 UTC,0,931,931,"930,5",,"16,9","13,1","17,7","16,9","13,4","12,8",78.0,74.0,78.0,104.0,0,0,
2026/07/02,1000 UTC,0,"931,8","931,8",931,",7","16,3","13,3","16,9","16,2","13,4","12,9",82.0,78.0,82.0,181.0,0,0,
2026/07/02,1100 UTC,0,"932,6","932,6","931,8",95,18,"14,2",18,"16,3","14,3","13,2",83.0,78.0,78.0,109.0,0,0,
2026/07/02,1200 UTC,0,"933,3","933,3","932,6","845,7","20,2","13,4","20,3",18,"14,6","13,3",78.0,65.0,65.0,124.0,"2,8","1,3",
2026/07/02,1300 UTC,0,"933,1","933,4","933,1","1615,2","21,8","13,4",22,"20,2",14,"13,2",66.0,59.0,59.0,117.0,"3,1","1,5",
2026/07/02,1400 UTC,0,"932,8","933,1","932,8","2122,8","24,4","12,8","24,4","21,7","14,2",12,60.0,47.0,48.0,6.0,"5,5","2,7",
2026/07/02,1500 UTC,,,,,,,,,,,,,,,,,,
2026/07/02,1600 UTC,,,,,,,,,,,,,,,,,,
2026/07/02,1700 UTC,,,,,,,,,,,,,,,,,,
2026/07/02,1800 UTC,0,"929,8","930,6","929,8","1850,8","26,2","11,2","26,8","25,9","11,9","10,7",41.0,37.0,39.0,9.0,"5,8","2,8",
2026/07/02,1900 UTC,0,"929,9","929,9","929,7","1240,7",26,"10,7","26,7","25,9","11,5","10,1",40.0,36.0,38.0,339.0,"5,8","2,4",
2026/07/02,2000 UTC,0,"930,1","930,2","929,9","287,1","24,8","10,9","26,2","24,8",11,"10,2",42.0,37.0,42.0,15.0,"4,8","1,6",
2026/07/02,2100 UTC,,,,,,,,,,,,,,,,,,
2026/07/02,2200 UTC,,,,,,,,,,,,,,,,,,
2026/07/02,2300 UTC,,,,,,,,,,,,,,,,,,
2026/07/03,0000 UTC,,,,,,,,,,,,,,,,,,
2026/07/03,0100 UTC,0,931,"931,2",931,,"20,3","12,2","20,4","19,8","12,4","12,1",62.0,60.0,60.0,350.0,"2,7","1,6",
2026/07/03,0200 UTC,0,"930,9",931,"930,8",,"19,2","11,8","20,4","19,2","12,2","11,8",62.0,58.0,62.0,20.0,"2,7",",5",
2026/07/03,0300 UTC,0,"930,7","930,9","930,7",,"18,3","11,7","19,5","18,3",12,"11,6",65.0,61.0,65.0,360.0,"1,8",",6",
2026/07/03,0400 UTC,0,"930,4","930,8","930,4",,"18,7","11,8","18,9","18,3",12,"11,7",66.0,63.0,64.0,4.0,"2,6","1,7",
2026/07/03,0500 UTC,0,"930,2","930,4","930,2",,"18,4","11,5","18,8","18,1","11,8","11,4",65.0,63.0,64.0,7.0,"2,9","1,6",
2026/07/03,0600 UTC,0,"929,8","930,2","929,8",,"17,3","11,4","18,5","17,3","11,5","11,1",68.0,63.0,68.0,16.0,"3,2",",2",
2026/07/03,0700 UTC,0,"929,7","929,9","929,6",,"16,6","11,5","17,5","16,6","11,5","11,2",72.0,67.0,72.0,304.0,"1,9",0,
2026/07/03,0800 UTC,0,"930,1","930,1","929,7",,"15,9",12,"16,6","15,8","12,1","11,6",78.0,72.0,78.0,298.0,0,0,
2026/07/03,0900 UTC,0,"930,6","930,6","930,1",,16,"11,7","16,5","15,9","12,1","11,6",78.0,74.0,76.0,320.0,0,0,
2026/07/03,1000 UTC,0,"931,1","931,1","930,6",",3","16,2",12,"16,3","15,7","12,2","11,7",78.0,75.0,76.0,9.0,"2,5",",4",
2026/07/03,1100 UTC,0,"931,4","931,4",931,"86,5",17,"12,5",17,"16,2","12,5","11,9",77.0,75.0,75.0,193.0,"2,5",",1",
2026/07/03,1200 UTC,0,"931,8","931,9","931,4","853,8","21,3","13,6","21,3",17,"14,1","12,6",75.0,61.0,62.0,242.0,"1,3",0,
2026/07/03,1300 UTC,0,"931,9",932,"931,8","1661,1","22,4",12,"22,4",21,"13,8","11,5",62.0,51.0,52.0,345.0,"3,4","1,6",
2026/07/03,1400 UTC,0,"931,6","931,9","931,6",2153,"24,2","9,9","24,3","22,1","12,2","9,7",52.0,40.0,41.0,352.0,"4,9","2,4",
2026/07/03,1500 UTC,0,931,"931,6",931,"2484,1","24,7","7,9","24,9","23,9","9,9","7,4",41.0,34.0,34.0,340.0,"6,6","3,5",
2026/07/03,1600 UTC,0,"930,3",931,"930,3","2489,8","25,6","9,7","25,9","24,4",10,8,38.0,34.0,37.0,335.0,"8,1","3,3",
2026/07/03,1700 UTC,0,"929,4","930,3","929,4","2236,8","25,3","8,7","26,2",25,"10,3","8,3",38.0,33.0,35.0,316.0,"8,1","2,3",
2026/07/03,1800 UTC,0,"929,3","929,4","929,2","1564,7",22,"13,8","26,1",22,14,"8,9",60.0,35.0,60.0,219.0,"6,8","2,5",
2026/07/03,1900 UTC,0,"929,6","929,6","929,3","896,3",20,"14,1",22,"19,8","14,3","13,7",69.0,60.0,69.0,182.0,"7,7","1,9",
2026/07/03,2000 UTC,,,,,,,,,,,,,,,,,,
2026/07/03,2100 UTC,,,,,,,,,,,,,,,,,,
2026/07/03,2200 UTC,,,,,,,,,,,,,,,,,,
2026/07/03,2300 UTC,0,"931,1","931,2",931,,"16,8",13,"17,2","16,7","13,4","12,9",79.0,77.0,79.0,160.0,"4,8","1,6",
2026/07/04,0000 UTC,0,"931,5","931,5",931,,"16,3","12,8","16,8","16,3","13,2","12,7",80.0,78.0,80.0,201.0,"5,3","2,3",
2026/07/04,0100 UTC,0,"932,3","932,4","931,5",,16,"12,9","16,4",16,"13,1","12,8",82.0,80.0,82.0,212.0,"5,3","2,2",
2026/07/04,0200 UTC,0,932,"932,3",932,,"16,2","13,2","16,2",16,"13,2","12,9",83.0,82.0,82.0,168.0,"4,2",",7",
2026/07/04,0300 UTC,0,"931,6",932,"931,5",,"16,3",13,"16,5","16,1","13,3","12,9",83.0,80.0,80.0,148.0,"4,3","1,9",
2026/07/04,0400 UTC,0,"931,6","931,8","931,5",,"16,1","12,5","16,4","16,1",13,"12,4",81.0,79.0,79.0,144.0,"4,6",2,
2026/07/04,0500 UTC,0,"931,4","931,6","931,3",,"15,8","12,4","16,1","15,8","12,6","12,3",80.0,79.0,80.0,148.0,"4,6","1,7",
2026/07/04,0600 UTC,0,931,"931,4","930,9",,16,"12,5","16,1","15,7","12,6","12,3",81.0,79.0,79.0,143.0,"5,8","1,6",
2026/07/04,0700 UTC,0,"930,9","931,1","930,8",,"16,1","12,4","16,2",16,"12,5","12,3",79.0,78.0,79.0,162.0,"4,1","1,3",
2026/07/04,0800 UTC,0,"930,9","931,1","930,8",,16,"12,6","16,3",16,"12,8","12,4",80.0,79.0,80.0,176.0,4,"1,2",
2026/07/04,0900 UTC,0,"931,1","931,2","930,8",,"15,7","12,5",16,"15,7","12,7","12,5",82.0,80.0,81.0,179.0,"4,1","1,5",
2026/07/04,1000 UTC,0,"931,1","931,2","930,8","1,8","15,5","12,6","15,7","15,5","12,6","12,4",83.0,81.0,82.0,153.0,"4,1","1,4",
2026/07/04,1100 UTC,0,"931,7","931,7","930,9","151,4","16,2","12,6","16,3","15,5","12,7","12,5",82.0,79.0,79.0,158.0,"4,7","1,3",
2026/07/04,1200 UTC,0,"932,4","932,5","931,7","126,4","15,4","12,4","16,3","15,2","12,6","12,1",82.0,79.0,82.0,176.0,"5,9","1,4",
2026/07/04,1300 UTC,0,"932,7","932,9","932,4","366,1","16,4","12,1","16,5","15,2","12,5","11,9",82.0,76.0,76.0,177.0,"4,1","1,1",
2026/07/04,1400 UTC,0,"932,4","932,9","932,4","726,9","17,6","12,4","17,6","16,3","12,6","11,8",76.0,71.0,72.0,179.0,"4,1","1,1",
2026/07/04,1500 UTC,0,"932,2","932,5","932,2",904,"17,4",12,18,"17,1","12,7","11,9",73.0,69.0,70.0,153.0,4,"1,5",
2026/07/04,1600 UTC,0,"931,1","932,2","931,1","1908,9","19,6","12,4","19,8","17,3","13,1","11,9",73.0,63.0,63.0,106.0,"4,9","2,2",
2026/07/04,1700 UTC,0,"930,2","931,1","930,2","2331,6",21,"12,8","21,3","19,2","13,4","11,7",64.0,57.0,60.0,202.0,"4,7","1,2",
2026/07/04,1800 UTC,0,930,"930,2",930,1308,"19,7","12,2","21,1","19,6","13,4","12,2",65.0,59.0,62.0,179.0,"5,4","1,9",
2026/07/04,1900 UTC,0,930,"930,1","929,9","925,1","17,5","12,1","19,6","17,5","12,7","11,9",71.0,62.0,71.0,178.0,"4,8",",8",
2026/07/04,2000 UTC,0,"930,8","930,9",930,"332,9","15,5","11,6","17,9","15,5","12,5","11,5",78.0,69.0,78.0,191.0,6,2,
2026/07/04,2100 UTC,0,"931,4","931,4","930,8","18,4","14,5","11,4","15,5","14,4","11,8","11,3",82.0,78.0,82.0,188.0,"5,5","1,5",
2026/07/04,2200 UTC,0,"931,9","931,9","931,4",,"13,8","10,9","14,5","13,8","11,4","10,9",83.0,82.0,83.0,189.0,"4,3",",4",
2026/07/04,2300 UTC,0,"932,4","932,5","931,9",,13,"10,8","13,8",13,11,"10,7",86.0,83.0,86.0,177.0,"3,8",1,
2026/07/05,0000 UTC,0,932,"932,4","931,9",,"12,9","10,8","13,1","12,8",11,"10,7",88.0,86.0,87.0,172.0,"3,6",",8",
2026/07/05,0100 UTC,0,"932,2","932,2",932,,13,"11,2",13,"12,8","11,2","10,7",89.0,87.0,89.0,172.0,"2,9",",9",
2026/07/05,0200 UTC,0,"932,2","932,2","932,1",,13,"11,2","13,1","12,9","11,2",11,89.0,88.0,88.0,163.0,"3,3",1,
2026/07/05,0300 UTC,0,"932,1","932,2","932,1",,"13,1","11,1","13,1",13,"11,2",11,89.0,87.0,87.0,178.0,"3,7",1,
2026/07/05,0400 UTC,0,"931,7","932,1","931,7",,"12,9","11,1","13,2","12,8","11,2","10,9",88.0,87.0,88.0,155.0,"3,2","1,5",
2026/07/05,0500 UTC,0,"931,7","931,8","931,4",,13,"11,2",13,"12,8","11,2","10,9",89.0,88.0,89.0,157.0,"3,2",",4",
2026/07/05,0600 UTC,0,"931,5","931,7","931,4",,"13,2","11,3","13,2","12,9","11,3","11,1",89.0,88.0,88.0,174.0,"2,5",0,
2026/07/05,0700 UTC,0,931,"931,5","930,8",,13,"11,1","13,3","12,9","11,3","10,8",88.0,87.0,88.0,144.0,"3,5","1,8",
2026/07/05,0800 UTC,0,"931,1","931,2","930,9",,13,"11,1","13,2","12,8","11,3","10,8",89.0,88.0,89.0,162.0,"3,5","1,1",
2026/07/05,0900 UTC,0,"931,4","931,4",931,,"12,9",11,"13,1","12,9","11,2",11,89.0,88.0,88.0,169.0,"3,8",",6",
2026/07/05,1000 UTC,0,"932,1","932,1","931,3",",2","12,7","10,6",13,"12,7","11,1","10,6",89.0,87.0,87.0,174.0,5,1,
2026/07/05,1100 UTC,0,"932,6","932,6","932,1","84,3","13,2","10,1","13,2","12,7","10,7",10,87.0,81.0,81.0,160.0,"4,5","1,6",
2026/07/05,1200 UTC,0,"932,4","932,6","932,4","310,3","13,6","10,1","13,7","13,1","10,2","9,7",81.0,79.0,79.0,130.0,"5,8","2,7",
2026/07/05,1300 UTC,0,"932,4","932,7","932,4","618,9","14,6","11,3","14,6","13,6","11,3","10,1",81.0,78.0,81.0,101.0,"5,8","1,7",
2026/07/05,1400 UTC,0,"931,8","932,4","931,5","1319,6","16,9","11,4","17,6","14,5","12,6","10,9",81.0,68.0,70.0,102.0,"4,7","1,7",
2026/07/05,1500 UTC,0,931,"931,8","930,9","2424,2","18,2","11,4","18,7","16,7","12,3",11,71.0,63.0,64.0,108.0,"4,3","1,9",
2026/07/05,1600 UTC,0,"930,5","930,9","930,3",2463,"20,5",12,"20,7","18,2","12,7","11,3",66.0,57.0,58.0,157.0,"4,2","1,6",
2026/07/05,1700 UTC,0,"929,5","930,5","929,5","2109,1","21,5","12,3","21,5","19,8","12,5","11,2",60.0,54.0,56.0,172.0,"4,6","1,4",
2026/07/05,1800 UTC,0,"929,5",930,"929,4","1530,3","20,9","12,3","21,9","20,3","12,6","11,1",59.0,53.0,58.0,119.0,"4,8","1,2",
2026/07/05,1900 UTC,0,"929,7","929,7","929,2","1116,8","19,2","12,3","21,6","19,2","12,8","11,4",64.0,54.0,64.0,187.0,"5,7","1,9",
2026/07/05,2000 UTC,0,"930,6","930,6","929,7","323,5","15,2","11,9","19,2","15,1","12,2","11,6",81.0,64.0,81.0,216.0,"7,3","2,7",
2026/07/05,2100 UTC,0,"930,6","930,6","930,3","19,6","15,1","11,8","15,5","14,9","12,2","11,5",81.0,79.0,80.0,151.0,"5,5","1,5",
2026/07/05,2200 UTC,0,"930,7","930,8","930,6",,"14,9","11,8","15,2","14,8",12,"11,6",82.0,80.0,81.0,135.0,"4,2","1,4",
2026/07/05,2300 UTC,0,931,931,"930,6",,"15,1","11,8","15,1","14,9",12,"11,7",82.0,81.0,81.0,154.0,"3,3","1,4",
2026/07/06,0000 UTC,0,"931,4","931,6",931,,"14,7","11,6","15,1","14,7","11,8","11,6",82.0,81.0,82.0,183.0,"3,7","1,5",
2026/07/06,0100 UTC,0,"931,3","931,5","931,2",,"14,6","11,6","14,8","14,5","11,7","11,5",83.0,82.0,82.0,140.0,"3,5","1,5",
2026/07/06,0200 UTC,0,"931,2","931,6","931,1",,"14,1","11,4","14,7","14,1","11,7","11,3",84.0,82.0,84.0,123.0,"5,2","2,3",
2026/07/06,0300 UTC,0,931,"931,2","930,9",,"14,2","11,8","14,2",14,"11,8","11,4",85.0,84.0,85.0,112.0,"4,5","1,4",
2026/07/06,0400 UTC,0,"930,8",931,"930,4",,"14,3","11,8","14,5","14,2",12,"11,7",85.0,85.0,85.0,118.0,"3,8","1,2",
2026/07/06,0500 UTC,0,"930,4","930,9","930,4",,14,"11,9","14,3",14,"11,9","11,7",87.0,85.0,87.0,144.0,"4,7","1,7",
2026/07/06,0600 UTC,0,930,"930,4",930,,14,"12,2","14,1",14,"12,2","11,9",89.0,87.0,89.0,118.0,"3,7","1,4",
2026/07/06,0700 UTC,0,"929,8","930,1","929,8",,"14,1","12,3","14,3",14,"12,4","12,2",89.0,89.0,89.0,124.0,"3,1",",5",
2026/07/06,0800 UTC,0,"929,9",930,"929,8",,"13,9","12,2","14,1","13,9","12,4","12,2",90.0,89.0,90.0,141.0,"3,1","1,3",
2026/07/06,0900 UTC,0,"930,2","930,2","929,9",,"13,9","12,3",14,"13,7","12,3",12,90.0,90.0,90.0,130.0,"3,3","1,2",
2026/07/06,1000 UTC,0,"930,4","930,4","930,2",",7","13,7","12,2",14,"13,6","12,4",12,91.0,90.0,91.0,120.0,"3,9",2,
2026/07/06,1100 UTC,0,"930,6","930,6","930,4","80,5","13,9","12,3","13,9","13,6","12,4","12,1",91.0,90.0,90.0,111.0,"4,3","1,5",
2026/07/06,1200 UTC,0,"930,9","930,9","930,6",297,"14,6","12,5","14,7","13,9","12,8","12,3",90.0,87.0,87.0,127.0,"4,4","1,8",
2026/07/06,1300 UTC,0,931,931,"930,8",917,"16,3","12,3","16,6","14,6","13,1","12,3",87.0,77.0,77.0,97.0,"4,8","1,5",
2026/07/06,1400 UTC,0,"930,5",931,"930,5","2162,6","18,9","12,9","18,9","16,3","13,3",12,79.0,67.0,68.0,98.0,"4,5","1,7",
2026/07/06,1500 UTC,0,"930,1","930,5","930,1","2392,2","20,3","12,8","20,3","18,6","13,3","12,1",68.0,61.0,62.0,110.0,"4,2","1,6",
2026/07/06,1600 UTC,0,"928,9","930,1","928,9",2435,"22,8","12,1","22,9",20,"13,7","11,8",63.0,51.0,51.0,129.0,"3,5",",7",
2026/07/06,1700 UTC,0,"928,2","928,9","928,2",1985,23,"8,3",24,"22,1","12,5","8,1",53.0,37.0,39.0,342.0,"6,3","2,5",
2026/07/06,1800 UTC,0,"927,8","928,2","927,8","1392,6","23,5","8,7","24,4","22,6","10,1","8,3",43.0,38.0,39.0,298.0,7,"2,9",
2026/07/06,1900 UTC,0,"927,9",928,"927,8","1165,5","23,5","7,8","23,9",23,"9,4","7,5",41.0,36.0,37.0,325.0,"8,4","3,4",
2026/07/06,2000 UTC,0,"928,2","928,2","927,9","397,7","22,4",8,"23,6","22,4","8,1","7,4",40.0,36.0,40.0,322.0,"7,4","2,6",
2026/07/06,2100 UTC,0,"928,6","928,6","928,2","24,4","21,2","8,9","22,4","21,2","8,9",8,46.0,40.0,45.0,330.0,"5,3","1,6",
2026/07/06,2200 UTC,0,"928,7","928,8","928,6",,"20,1","9,7","21,2","20,1","9,7","8,9",51.0,45.0,51.0,3.0,"3,1","1,8",
2026/07/06,2300 UTC,0,"929,1","929,1","928,7",,"18,7","10,2","20,1","18,7","10,2","9,8",58.0,52.0,58.0,269.0,"2,9",",8",
2026/07/07,0000 UTC,0,"929,3","929,3","929,1",,"17,9","11,7","18,7","17,8","11,8","10,3",67.0,58.0,67.0,169.0,"1,7",0,
2026/07/07,0100 UTC,0,"929,1","929,3","929,1",,"17,4","11,6","17,9","17,4","12,2","11,6",71.0,67.0,69.0,77.0,0,0,
2026/07/07,0200 UTC,0,929,"929,2",929,,"16,9","11,2","17,4","16,7","11,6","11,2",71.0,68.0,69.0,43.0,0,0,
2026/07/07,0300 UTC,0,"928,4",929,"928,4",,"16,8","10,9","17,1","16,6","11,2","10,7",69.0,67.0,68.0,65.0,0,0,
2026/07/07,0400 UTC,0,"928,4","928,6","928,4",,16,"11,5","16,8","15,7","11,5","10,6",75.0,68.0,75.0,119.0,0,0,
2026/07/07,0500 UTC,0,"927,9","928,4","927,9",,"15,9","11,3","16,1","15,5","11,5",11,75.0,73.0,74.0,36.0,0,0,
2026/07/07,0600 UTC,0,"927,5","927,9","927,5",,"14,9","11,1",16,"14,8","11,3","10,9",78.0,73.0,78.0,345.0,0,0,
2026/07/07,0700 UTC,0,"926,8","927,5","926,8",,"14,8","11,2","15,3","14,6","11,5",11,80.0,77.0,79.0,103.0,0,0,
2026/07/07,0800 UTC,0,"927,2","927,2","926,8",,"14,8",11,"15,1","14,4","11,6",11,81.0,78.0,78.0,346.0,"1,6",0,
2026/07/07,0900 UTC,0,"927,6","927,6","927,2",,"14,6","10,9","15,2","14,1","11,3","10,7",81.0,76.0,78.0,266.0,"1,7",0,
2026/07/07,1000 UTC,0,"928,3","928,3","927,6","2,7","15,2",11,"15,3","14,5","11,2","10,9",79.0,76.0,76.0,295.0,0,0,
2026/07/07,1100 UTC,0,929,929,"928,3","92,7","15,9","11,4","15,9","15,2","11,5",11,77.0,75.0,75.0,258.0,"1,8",1,
2026/07/07,1200 UTC,0,"929,4","929,4",929,"262,9","17,3",11,"17,3","15,9","11,4","10,8",75.0,66.0,66.0,348.0,"4,5","1,8",
2026/07/07,1300 UTC,0,"929,8","929,8","929,4","638,2","18,1",11,"18,5","17,3","11,3","10,6",66.0,62.0,63.0,335.0,"6,8","2,5",
2026/07/07,1400 UTC,0,"929,7","929,9","929,6","1228,2","19,8","11,6","19,9","17,9","12,1","10,8",64.0,59.0,59.0,322.0,"5,8","2,1",
2026/07/07,1500 UTC,0,"929,2","929,7","929,2","1593,2","19,9","12,1","20,7","18,9","12,6","11,5",64.0,58.0,60.0,292.0,"6,2",2,
2026/07/07,1600 UTC,0,"928,7","929,2","928,6","987,7","19,6","12,9","20,3","19,3","12,9","11,9",65.0,60.0,65.0,210.0,"5,9","2,7",
2026/07/07,1700 UTC,0,"928,4","928,7","928,4","748,8","18,3","12,8","20,1","18,3","13,6","12,6",70.0,65.0,70.0,180.0,"6,4",2,
2026/07/07,1800 UTC,0,929,929,"928,4","208,2","16,7","12,3","18,3","16,6","12,6",12,75.0,70.0,75.0,237.0,"7,5","1,8",
2026/07/07,1900 UTC,0,"928,8","928,9","928,7","404,2","17,3","12,1","17,3","16,7","12,6","11,9",76.0,71.0,71.0,224.0,"4,1","1,7",
2026/07/07,2000 UTC,0,"929,1","929,1","928,8","214,4","16,8","11,7","17,8","16,7","12,5","11,6",73.0,70.0,72.0,201.0,"4,9","1,8",
2026/07/07,2100 UTC,0,"929,6","929,7","929,1","12,7","14,9","11,6","16,8","14,9","11,8","11,4",80.0,72.0,80.0,162.0,5,"1,6",
2026/07/07,2200 UTC,0,"929,8","929,8","929,5",,"14,6","11,4",15,"14,6","11,7","11,4",82.0,80.0,81.0,186.0,5,"1,2",
2026/07/07,2300 UTC,0,"930,2","930,3","929,8",,"14,7","11,2","14,8","14,6","11,5","11,2",81.0,79.0,79.0,178.0,"3,5",1,
2026/07/08,0000 UTC,0,"930,4","930,4","930,2",,"14,4","11,2","14,7","14,4","11,2","11,1",81.0,79.0,81.0,188.0,"3,1",",7",
2026/07/08,0100 UTC,0,"930,6","930,6","930,4",,"14,1","11,5","14,4","14,1","11,6","11,2",84.0,81.0,84.0,138.0,"3,2","1,4",
2026/07/08,0200 UTC,0,"930,5","930,7","930,5",,"14,1","11,5","14,2",14,"11,6","11,4",85.0,84.0,84.0,176.0,"3,2",",4",
2026/07/08,0300 UTC,0,"930,3","930,6","930,3",,14,"11,4","14,3",14,"11,6","11,4",85.0,84.0,84.0,109.0,"2,8","1,3",
2026/07/08,0400 UTC,0,"930,2","930,3","930,1",,"14,2","11,5","14,2",14,"11,5","11,3",84.0,83.0,84.0,134.0,"3,9",",6",
2026/07/08,0500 UTC,0,930,"930,3",930,,"14,1","11,3","14,3","14,1","11,5","11,3",84.0,83.0,84.0,137.0,"2,7","1,1",
2026/07/08,0600 UTC,0,"929,6",930,"929,5",,"13,9","11,4","14,1","13,7","11,4","11,2",85.0,84.0,85.0,136.0,"2,3",",9",
2026/07/08,0700 UTC,0,"929,4","929,6","929,3",,"13,8","11,3","13,9","13,6","11,4","11,2",85.0,85.0,85.0,145.0,"2,4",",4",
2026/07/08,0800 UTC,0,"929,8","929,8","929,3",,"13,6","11,2","13,9","13,5","11,3",11,86.0,84.0,86.0,173.0,"2,6",",3",
2026/07/08,0900 UTC,0,930,"930,1","929,8",,"13,8","11,1","13,9","13,6","11,4","11,1",86.0,84.0,84.0,157.0,"2,4",",6",
2026/07/08,1000 UTC,0,"930,5","930,5",930,"3,1","13,5","10,8","13,8","13,5","11,1","10,8",84.0,83.0,83.0,137.0,"4,1","2,2",
2026/07/08,1100 UTC,0,"931,2","931,2","930,5","253,5","14,1","10,9","14,3","13,5","11,3","10,7",84.0,81.0,81.0,134.0,"4,1","1,3",
2026/07/08,1200 UTC,0,932,932,"931,2","488,1","14,1","10,5","14,3","13,9",11,"10,5",81.0,79.0,79.0,162.0,"3,7","1,2",
2026/07/08,1300 UTC,0,"932,3","932,3",932,"1131,5","15,7","10,1","16,1","14,1","11,5","10,1",80.0,69.0,69.0,84.0,"3,7","1,3",
2026/07/08,1400 UTC,0,"931,9","932,3","931,9",1874,18,11,18,"15,7","11,1","10,1",71.0,64.0,64.0,100.0,"3,5","1,3",
2026/07/08,1500 UTC,0,"931,1","931,9","931,1","2367,7","19,6","10,7","19,8","17,8",12,"10,2",64.0,55.0,56.0,51.0,"3,3","1,4",
2026/07/08,1600 UTC,0,"930,2","931,1","930,2",2501,"22,1","10,2","22,1","19,4","11,4","9,7",58.0,47.0,47.0,264.0,"3,5",",8",
2026/07/08,1700 UTC,0,"929,4","930,2","929,4","2346,6","22,5","5,6","22,7","20,9","10,1","3,5",47.0,30.0,33.0,19.0,"4,5",",9",
2026/07/08,1800 UTC,0,"928,9","929,4","928,9","1642,2","22,5","7,1","22,6","21,3","8,4","5,3",43.0,33.0,37.0,73.0,"5,3","1,2",
2026/07/08,1900 UTC,0,"928,9","928,9","928,7","1282,2","22,9","4,9",23,"22,1","7,7","4,5",38.0,30.0,31.0,343.0,"4,5","1,3",
2026/07/08,2000 UTC,0,"929,2","929,2","928,9","437,4","18,4","10,8","22,8","18,4",11,"3,7",62.0,29.0,62.0,216.0,"5,5","2,6",
2026/07/08,2100 UTC,0,"929,8","929,8","929,2","25,9","15,5","10,7","18,4","15,5","10,9","10,7",73.0,62.0,73.0,202.0,"4,8",2,
2026/07/08,2200 UTC,0,"930,4","930,4","929,8",,"13,8","10,7","15,4","13,8","10,7","10,5",82.0,73.0,82.0,194.0,"4,6","1,3",
2026/07/08,2300 UTC,0,"930,6","930,6","930,3",,"13,7",11,"13,8","13,5","11,1","10,6",84.0,82.0,84.0,165.0,"3,5",1,
2026/07/09,0000 UTC,0,931,931,"930,6",,"13,7",11,"13,9","13,6","11,2","10,8",84.0,83.0,84.0,208.0,"2,7",0,
2026/07/09,0100 UTC,0,"931,1","931,2",931,,"13,7","10,8","13,9","13,6","11,1","10,8",84.0,82.0,82.0,193.0,0,0,
2026/07/09,0200 UTC,0,"931,1","931,2","931,1",,"13,4","10,6","13,7","13,4","10,8","10,5",84.0,82.0,83.0,171.0,"2,7",",5",
2026/07/09,0300 UTC,0,"931,1","931,3","931,1",,"13,4","10,5","13,6","13,4","10,9","10,4",84.0,82.0,83.0,128.0,"2,6",",1",
2026/07/09,0400 UTC,0,"930,9","931,1","930,8",,"12,9","10,3","13,5","12,8","10,6","10,2",85.0,82.0,85.0,133.0,"2,3",",9",
2026/07/09,0500 UTC,0,931,931,"930,9",,13,"10,4","13,1","12,7","10,5","10,2",85.0,84.0,84.0,159.0,3,",7",
2026/07/09,0600 UTC,0,"930,5",931,"930,5",,"12,4","9,8",13,"12,4","10,3","9,8",84.0,84.0,84.0,118.0,"2,8",",9",
2026/07/09,0700 UTC,0,"930,4","930,5","930,3",,"12,4",10,"12,5","12,2",10,"9,7",86.0,84.0,85.0,144.0,"2,6",",2",
2026/07/09,0800 UTC,0,"930,5","930,5","930,4",,"12,2","9,9","12,4","12,1",10,"9,7",86.0,85.0,86.0,135.0,"2,7",",9",
2026/07/09,0900 UTC,0,"930,5","930,6","930,4",,"11,6","9,5","12,3","11,6",10,"9,5",87.0,85.0,87.0,107.0,"3,3","1,3",
2026/07/09,1000 UTC,0,"930,5","930,6","930,4","1,4","11,6",10,"11,6","11,3",10,"9,4",90.0,87.0,90.0,110.0,"3,9","1,4",
2026/07/09,1100 UTC,0,"930,7","930,7","930,4","104,4","11,3","9,9","11,9","11,1","10,3","9,6",91.0,89.0,91.0,115.0,"3,9",",8",
2026/07/09,1200 UTC,,,,,,,,,,,,,,,,,,
2026/07/09,1300 UTC,,,,,,,,,,,,,,,,,,
2026/07/09,1400 UTC,,,,,,,,,,,,,,,,,,
2026/07/09,1500 UTC,,,,,,,,,,,,,,,,,,
2026/07/09,1600 UTC,,,,,,,,,,,,,,,,,,
2026/07/09,1700 UTC,0,"928,8","929,6","928,8","2318,8","21,9","9,7","22,1","20,1","10,8","8,3",51.0,45.0,46.0,159.0,"3,5","1,1",
2026/07/09,1800 UTC,0,"928,2","928,8","928,2","1858,2","22,3","9,1",23,"21,7","10,1","7,9",46.0,40.0,43.0,143.0,"2,7",1,
2026/07/09,1900 UTC,0,"928,1","928,2","928,1","1260,4",23,"8,6","23,8","21,8","9,9","8,2",44.0,39.0,40.0,300.0,"2,8",",9",
2026/07/09,2000 UTC,0,928,"928,2",928,"422,9","21,4","9,4","23,5","21,3","9,8","8,1",47.0,39.0,46.0,118.0,"2,1",",7",
2026/07/09,2100 UTC,0,"928,4","928,4",928,"23,6","18,7","10,7","21,4","18,7","10,7","9,2",60.0,46.0,60.0,85.0,"2,2",",2",
2026/07/09,2200 UTC,0,"928,7","928,7","928,4",,"18,1",12,"18,9","18,1",12,"10,7",68.0,60.0,68.0,78.0,"3,5","1,1",
2026/07/09,2300 UTC,0,"928,9",929,"928,7",,"16,9","12,6","18,1","16,8","12,8",12,76.0,68.0,75.0,121.0,"2,9","1,1",
2026/07/10,0000 UTC,0,929,929,"928,9",,"15,7","12,4","16,9","15,6","12,7","12,1",81.0,76.0,81.0,100.0,"3,1",",6",
2026/07/10,0100 UTC,0,929,"929,1","928,9",,"15,1","12,2","15,8",15,"12,5","12,1",84.0,80.0,83.0,95.0,"1,6",0,
2026/07/10,0200 UTC,0,929,"929,1","928,9",,"14,4","11,8","15,1","14,4","12,3","11,8",84.0,83.0,84.0,36.0,0,0,
2026/07/10,0300 UTC,0,"928,9","929,1","928,9",,14,"10,5","14,7",14,"11,8","10,5",85.0,80.0,80.0,24.0,"1,9",",2",
2026/07/10,0400 UTC,0,"928,7","928,9","928,6",,"13,9",10,14,"13,4","10,4","9,6",80.0,77.0,77.0,54.0,"1,7",0,
2026/07/10,0500 UTC,0,"928,3","928,7","928,3",,"13,7",10,"13,9","13,6",10,"9,8",78.0,77.0,78.0,80.0,0,0,
2026/07/10,0600 UTC,0,928,"928,4",928,,"13,3","9,7","13,8","13,3","10,2","9,6",80.0,78.0,79.0,72.0,0,0,
2026/07/10,0700 UTC,0,"927,7",928,"927,7",,"12,2","9,8","13,3","12,1",10,"9,5",85.0,79.0,85.0,245.0,0,0,
2026/07/10,0800 UTC,0,"927,5","927,7","927,5",,"12,1","9,9","12,6","11,8","10,3","9,4",87.0,85.0,86.0,252.0,0,0,
2026/07/10,0900 UTC,0,"927,6","927,7","927,4",,12,"9,6","12,2","11,9","9,9","9,4",86.0,84.0,85.0,273.0,"2,7",",2",
2026/07/10,1000 UTC,0,"927,9",928,"927,6","1,2",12,"9,3","12,5",12,"9,7","9,2",85.0,82.0,83.0,266.0,"1,8",",5",
2026/07/10,1100 UTC,0,"927,8","927,9","927,8","94,4","14,1","9,8","14,1","11,9",10,"9,1",83.0,75.0,75.0,1.0,"1,6",",1",
2026/07/10,1200 UTC,0,"927,9",928,"927,8","714,8","19,7","10,4","19,7","14,1","11,2","9,4",75.0,55.0,55.0,355.0,"3,5",",5",
2026/07/10,1300 UTC,0,"928,1","928,1","927,9","1696,4","21,1","7,3","21,4","19,1","9,8","6,8",55.0,40.0,41.0,334.0,"6,5","1,9",
2026/07/10,1400 UTC,0,"927,8","928,2","927,7","2196,3","21,7","7,9",22,"20,9","7,9","6,8",42.0,39.0,41.0,359.0,"8,3","3,7",
2026/07/10,1500 UTC,0,"927,2","927,8","927,2","2483,7","23,2","6,2","23,5","21,7","8,8","5,9",42.0,32.0,33.0,351.0,"6,9",4,
2026/07/10,1600 UTC,0,"926,2","927,2","926,2","2506,5","24,3","5,7","24,6","23,1","6,9","5,7",34.0,30.0,30.0,325.0,"7,2","3,4",
2026/07/10,1700 UTC,0,"925,4","926,2","925,4","2318,6","25,3","5,1","25,6","24,2","5,9","4,1",30.0,27.0,27.0,317.0,"7,3","3,2",
2026/07/10,1800 UTC,0,"924,9","925,5","924,9","1885,2","25,5",5,"25,9",25,"5,2",4,27.0,25.0,27.0,324.0,"7,3","3,5",
2026/07/10,1900 UTC,0,"924,6","924,9","924,5","1305,2","25,4","5,5",26,"25,3","5,9","4,3",28.0,25.0,28.0,337.0,"6,6","2,8",
2026/07/10,2000 UTC,0,"925,4","925,4","924,6","452,5","24,3","5,7","25,5","24,3",6,"4,7",30.0,27.0,30.0,339.0,5,"2,6",
2026/07/10,2100 UTC,0,"926,1","926,1","925,4","25,2","22,4","7,8","24,3","22,3","7,8","5,6",39.0,30.0,39.0,320.0,"5,4","1,5",
2026/07/10,2200 UTC,0,"926,5","926,5","926,1",,"21,1","8,5","22,4","21,1","8,5","7,7",44.0,39.0,44.0,346.0,"3,1",1,
2026/07/10,2300 UTC,0,927,927,"926,5",,"19,8",9,"21,1","19,7","9,1","8,5",50.0,44.0,50.0,273.0,"1,9",",9",
2026/07/11,0000 UTC,0,"927,5","927,5",927,,"17,6","11,1","19,8","17,6","11,1","8,9",66.0,50.0,66.0,199.0,"5,9","2,2",
2026/07/11,0100 UTC,0,"927,6","927,7","927,5",,"16,3","8,8","17,5","16,3","11,1","8,8",67.0,60.0,61.0,213.0,"3,8",0,
2026/07/11,0200 UTC,0,"927,4","927,7","927,4",,"16,5",9,"16,5","15,8",9,"8,6",63.0,61.0,61.0,67.0,0,0,
2026/07/11,0300 UTC,0,"927,1","927,4","927,1",,"16,1","9,2","16,6","16,1",10,"8,8",67.0,61.0,64.0,80.0,0,0,
2026/07/11,0400 UTC,0,"927,3","927,3","927,1",,"15,4",9,"16,1","15,3","9,1","8,7",66.0,63.0,66.0,105.0,0,0,
2026/07/11,0500 UTC,0,"926,8","927,4","926,8",,"15,6","9,2","15,7","15,2","9,6",9,68.0,65.0,66.0,62.0,0,0,
2026/07/11,0600 UTC,0,927,927,"926,6",,"14,4",9,"15,6","14,3","9,3","8,7",71.0,66.0,70.0,204.0,0,0,
2026/07/11,0700 UTC,0,"926,9",927,"926,8",,"14,6","8,9",15,"14,2","9,4","8,9",72.0,68.0,69.0,119.0,"1,9",0,
2026/07/11,0800 UTC,0,"926,6",927,"926,6",,"14,6","8,8","14,7","14,2","9,3","8,8",71.0,68.0,68.0,71.0,"2,3","1,2",
2026/07/11,0900 UTC,0,"926,5","926,6","926,5",,"14,5","7,9","14,7","14,4","8,9","7,9",68.0,64.0,65.0,86.0,"3,9",",6",
2026/07/11,1000 UTC,0,"926,8","926,8","926,4",",4","13,6","8,3","14,9","13,5","8,4","7,9",71.0,64.0,70.0,171.0,"2,2",0,
2026/07/11,1100 UTC,0,"926,9","926,9","926,7","98,9",16,9,16,"13,4",9,"8,3",71.0,63.0,63.0,88.0,"3,3",",3",
2026/07/11,1200 UTC,,,,,,,,,,,,,,,,,,
2026/07/11,1300 UTC,,,,,,,,,,,,,,,,,,
2026/07/11,1400 UTC,0,"926,5","926,9","926,5","2143,4","23,6","8,4","23,7","21,6","10,6","7,6",46.0,37.0,38.0,17.0,6,2,
2026/07/11,1500 UTC,0,"925,4","926,5","925,4","2300,4","25,3","7,5","25,3","23,6","8,7","6,9",38.0,32.0,32.0,28.0,"7,5","2,6",
2026/07/11,1600 UTC,0,"924,3","925,4","924,3","2516,3","25,6","6,7","26,2",25,8,"6,2",33.0,29.0,30.0,360.0,10,"4,3",
2026/07/11,1700 UTC,0,"923,7","924,4","923,7","2412,6","26,4",6,"26,9","25,6","7,1","5,5",30.0,26.0,27.0,7.0,"12,6","4,4",
2026/07/11,1800 UTC,0,"923,1","923,7","923,1","1885,2","26,5","5,9","27,1","26,4","7,3","5,5",29.0,26.0,27.0,351.0,"10,1","4,7",
2026/07/11,1900 UTC,0,"923,3","923,3","923,1","1163,8","25,8","6,9","26,8","25,7","6,9","5,7",30.0,27.0,30.0,354.0,"9,6",4,
2026/07/11,2000 UTC,0,"923,5","923,5","923,3","346,1","24,7","8,2","25,9","24,7","8,2","6,9",35.0,30.0,35.0,1.0,"8,4",3,
2026/07/11,2100 UTC,,,,,,,,,,,,,,,,,,
2026/07/11,2200 UTC,,,,,,,,,,,,,,,,,,
2026/07/11,2300 UTC,,,,,,,,,,,,,,,,,,
2026/07/12,0000 UTC,,,,,,,,,,,,,,,,,,
2026/07/12,0100 UTC,0,926,926,"924,7",,"17,5","14,3",18,"17,2","14,3","13,6",82.0,75.0,81.0,230.0,"8,3","2,5",
2026/07/12,0200 UTC,0,"925,9","926,1","925,4",,"16,7","14,2","17,5","16,7","14,5","14,2",86.0,81.0,85.0,207.0,"8,2","2,3",
2026/07/12,0300 UTC,"2,4","926,2","926,9","925,7",,"16,3","14,4","16,9","16,2","14,5","13,9",89.0,84.0,89.0,190.0,"5,5",",3",
2026/07/12,0400 UTC,"6,6","926,2","927,2",926,,16,14,"16,3","15,9","14,6",14,91.0,88.0,88.0,8.0,"7,3","2,4",
2026/07/12,0500 UTC,"1,6","924,7","926,2","924,6",,"16,4","12,4","16,5","15,7","14,1","12,4",89.0,77.0,77.0,13.0,"9,2","3,8",
2026/07/12,0600 UTC,0,"923,4","924,9","923,4",",6","16,7","12,3","16,8","16,4","12,4","12,2",77.0,75.0,75.0,360.0,11,4,
2026/07/12,0700 UTC,0,"923,5","923,6","923,3",,"17,1",12,"17,1","16,7","12,3","11,9",75.0,71.0,72.0,359.0,"9,5","4,2",
2026/07/12,0800 UTC,0,"923,3","923,6","923,3",,"17,5","11,6","17,6",17,"12,1","11,5",72.0,67.0,68.0,359.0,"9,5","3,6",
2026/07/12,0900 UTC,0,"923,6","923,8","923,2",,"18,1","11,8","18,7","17,5","11,8","11,6",69.0,64.0,66.0,17.0,"8,2","3,2",
2026/07/12,1000 UTC,,,,,,,,,,,,,,,,,,
2026/07/12,1100 UTC,,,,,,,,,,,,,,,,,,
2026/07/12,1200 UTC,0,"925,2","925,2","924,5","501,3",18,"13,1",18,"17,1","13,2","12,6",75.0,73.0,73.0,11.0,"7,3",2,
2026/07/12,1300 UTC,0,"925,6","925,6","925,1","1001,3","18,6","13,4","19,1",18,"13,7","13,1",73.0,70.0,72.0,340.0,"8,1","3,8",
2026/07/12,1400 UTC,0,"925,8",926,"925,6","530,8","18,6","13,7","18,8","18,4","13,8","13,4",74.0,72.0,73.0,356.0,"8,1","3,6",
2026/07/12,1500 UTC,0,"924,8","925,8","924,8","1259,7","20,2",14,"20,8","18,6","14,9","13,7",74.0,67.0,68.0,321.0,"6,9","2,9",
2026/07/12,1600 UTC,0,"924,2","924,8","924,1","2011,5","20,9","14,1","21,8","20,2","14,7","13,8",68.0,62.0,65.0,337.0,"8,8","4,2",
2026/07/12,1700 UTC,0,"924,3","924,3","923,9","1495,1","21,5","13,3","22,1","20,8","14,5","13,3",65.0,59.0,60.0,313.0,"8,9","3,1",
2026/07/12,1800 UTC,0,"924,1","924,4","924,1","1217,7","22,3",14,"22,3","20,5","14,2","13,1",64.0,59.0,59.0,300.0,8,"2,7",
2026/07/12,1900 UTC,0,"924,1","924,2","923,9","1108,7","22,2","13,6","22,8","21,5",14,13,61.0,56.0,58.0,287.0,"6,9","2,6",
2026/07/12,2000 UTC,0,"925,4","925,4","924,1","344,4","16,3","12,9","22,6","16,3",14,"12,9",81.0,56.0,80.0,204.0,"8,5","2,5",
2026/07/12,2100 UTC,0,"926,6","926,6","925,4","8,1",15,"12,6","16,3",15,"12,9","12,5",86.0,80.0,86.0,205.0,"6,7","2,3",
2026/07/12,2200 UTC,0,"927,1","927,2","926,6",,"14,1",12,15,"14,1","12,6",12,88.0,85.0,87.0,220.0,"7,1","2,9",
2026/07/12,2300 UTC,0,"927,8","927,9","927,1",,"14,3","9,5","14,3",14,"12,1","9,3",88.0,72.0,73.0,227.0,"9,3","2,8",
2026/07/13,0000 UTC,0,"928,4","928,4","927,8",,"13,9","8,6","14,4","13,9","9,9","8,5",75.0,70.0,70.0,209.0,"6,9",3,
2026/07/13,0100 UTC,0,"928,7","928,7","928,2",,"13,8","8,1","13,9","13,8","8,5","7,8",70.0,67.0,68.0,219.0,"5,5","2,2",
2026/07/13,0200 UTC,0,929,929,"928,6",,"13,6","8,8","13,8","13,6","8,8",8,73.0,68.0,73.0,208.0,"6,8","2,2",
2026/07/13,0300 UTC,0,"928,8",929,"928,8",,"12,9",9,"13,6","12,9","9,1","8,6",78.0,72.0,77.0,209.0,"7,2","2,4",
2026/07/13,0400 UTC,0,"928,4","928,8","928,4",,"13,1","8,3","13,1","12,9","9,1","8,3",77.0,73.0,73.0,196.0,"6,6",0,
2026/07/13,0500 UTC,0,"927,9","928,4","927,9",,"13,1","8,4","13,3",13,"8,5",8,74.0,70.0,73.0,200.0,"6,1",2,
2026/07/13,0600 UTC,0,"927,6","927,9","927,6",,"12,9","7,5","13,1","12,9","8,4","7,4",73.0,69.0,70.0,190.0,"6,1","1,8",
2026/07/13,0700 UTC,0,"927,4","927,7","927,4",,"12,8","7,6","12,9","12,8","7,8","7,4",72.0,69.0,71.0,205.0,"4,6","1,7",
2026/07/13,0800 UTC,0,"927,4","927,4","927,3",,12,"8,1","12,8",12,"8,3","7,6",77.0,71.0,77.0,210.0,"5,5","2,8",
2026/07/13,0900 UTC,0,"927,7","927,7","927,4",,"12,4","7,4","12,4",12,"8,1","7,4",77.0,72.0,72.0,210.0,"6,3","2,2",
2026/07/13,1000 UTC,0,"928,4","928,4","927,7",,12,8,"12,5",12,"8,1","7,4",77.0,71.0,76.0,168.0,"5,1","1,5",
2026/07/13,1100 UTC,0,"929,1","929,1","928,4","63,7","12,6",8,"12,6",12,"8,1","7,6",77.0,73.0,73.0,177.0,"4,5","1,2",
2026/07/13,1200 UTC,0,"929,4","929,5","929,1","303,8",13,"8,1","13,1","11,8","8,6","7,8",78.0,72.0,72.0,184.0,"7,3","1,5",
2026/07/13,1300 UTC,0,"929,6","929,7","929,4","822,1","14,3","8,1","14,6",13,"8,7","7,7",73.0,65.0,66.0,214.0,"3,7","1,2",
2026/07/13,1400 UTC,0,"929,5","929,8","929,5","1320,8","16,3","7,8","16,5","14,2","8,7","7,3",67.0,55.0,57.0,189.0,"5,6","2,2",
2026/07/13,1500 UTC,0,"929,1","929,6","929,1","1716,8",16,"7,3","17,4",15,"9,4","6,4",63.0,53.0,56.0,217.0,6,"2,7",
2026/07/13,1600 UTC,0,"928,7","929,1","928,7","2258,5","17,5","6,9","17,7","15,3","8,3","6,6",59.0,49.0,50.0,189.0,"7,4","2,1",
2026/07/13,1700 UTC,0,"928,4","928,7","928,4","1626,6","16,5",7,"17,9","15,4","7,2","5,7",56.0,47.0,53.0,222.0,"8,6","2,8",
2026/07/13,1800 UTC,0,"928,5","928,6","928,3",1523,"15,7","6,3","17,4","15,7","7,8","5,9",55.0,50.0,54.0,192.0,"8,4",3,
2026/07/13,1900 UTC,0,"928,9","928,9","928,5","805,8","14,1","7,2","16,5","14,1","7,5","6,3",63.0,53.0,63.0,201.0,"8,4","3,7",
2026/07/13,2000 UTC,0,"929,6","929,6","928,9","198,3","13,1","6,7","14,2","13,1","7,3","6,6",66.0,63.0,65.0,215.0,8,"3,8",
2026/07/13,2100 UTC,0,"930,2","930,2","929,5","31,9","12,5",7,"13,1","12,5",7,"6,4",69.0,65.0,69.0,224.0,8,"2,5",
2026/07/13,2200 UTC,0,"931,1","931,1","930,2",,"11,8","6,6","12,5","11,8","7,3","6,6",73.0,69.0,71.0,217.0,"8,5","3,9",
2026/07/13,2300 UTC,0,"931,9","931,9","931,1",,"11,1","6,6","11,8","11,1","6,8","6,5",74.0,71.0,74.0,208.0,"7,6","3,3",
2026/07/14,0000 UTC,0,"932,1","932,2","931,9",,"10,4","6,5","11,1","10,4","6,6","6,3",77.0,74.0,76.0,202.0,"6,8","1,7",
2026/07/14,0100 UTC,0,"932,4","932,4","932,1",,"10,8","6,4","10,9","10,4","6,6","6,2",76.0,74.0,74.0,197.0,"3,7","1,1",
2026/07/14,0200 UTC,0,"932,5","932,6","932,4",,"10,3","6,3","10,8","10,3","6,4","6,2",76.0,74.0,76.0,218.0,5,"1,8",
2026/07/14,0300 UTC,0,"932,2","932,5","932,1",,"10,5","6,2","10,5","10,2","6,5","6,2",77.0,75.0,75.0,214.0,4,"1,8",
2026/07/14,0400 UTC,0,932,"932,3","931,9",,"10,7","5,7","10,7","10,5","6,2","5,6",75.0,71.0,71.0,190.0,4,",1",
2026/07/14,0500 UTC,0,"931,8","932,1","931,7",,"10,9","5,9","10,9","10,7","5,9","5,5",72.0,70.0,72.0,168.0,"3,4",",5",
2026/07/14,0600 UTC,0,"931,7","931,8","931,5",,"10,8","6,7",11,"10,8","6,7","5,9",76.0,71.0,76.0,212.0,4,"1,8",
2026/07/14,0700 UTC,0,"931,6","931,7","931,4",,"10,3","7,5","10,8","10,3","7,5","6,7",83.0,76.0,83.0,187.0,4,",7",
2026/07/14,0800 UTC,0,"931,4","931,7","931,4",,"10,5","8,3","10,5","10,1","8,4","7,5",87.0,83.0,86.0,180.0,4,"1,3",
2026/07/14,0900 UTC,0,"931,5","931,5","931,3",,"10,5","8,2","10,6","10,4","8,4","8,1",86.0,85.0,86.0,167.0,"4,5",",8",
2026/07/14,1000 UTC,0,"932,1","932,1","931,5",",2","10,6","8,3","10,6","10,4","8,4","8,1",86.0,86.0,86.0,140.0,"3,9","1,7",
2026/07/14,1100 UTC,0,"932,8","932,8","932,1","88,6","10,8","8,2","10,8","10,5","8,3","7,9",86.0,84.0,84.0,131.0,"5,1",2,
2026/07/14,1200 UTC,0,"933,9","933,9","932,8","389,2","11,2","7,6","11,7","10,8","8,5","7,4",84.0,78.0,78.0,123.0,6,"2,2",
2026/07/14,1300 UTC,0,"934,3","934,3","933,9","461,7","12,4","8,2","12,4","11,2","8,2","7,2",79.0,74.0,75.0,129.0,"7,5","2,5",
2026/07/14,1400 UTC,0,934,"934,3",934,"1006,6","13,6","8,1",14,"12,2","8,9","7,6",75.0,68.0,70.0,125.0,"7,5","2,4",
2026/07/14,1500 UTC,0,"933,4",934,"933,4","1505,6","15,3","8,3","15,7","13,6","9,4","7,9",70.0,62.0,63.0,139.0,"6,9",2,
2026/07/14,1600 UTC,0,"932,4","933,4","932,4","1821,3","16,2","8,1","17,1","15,3","9,2","7,6",64.0,56.0,59.0,139.0,"6,9","2,3",
2026/07/14,1700 UTC,0,"931,5","932,4","931,5","1271,7","17,4","8,6","17,7","16,1","9,1","7,9",61.0,55.0,56.0,137.0,"5,2","2,1",
2026/07/14,1800 UTC,0,931,"931,5",931,"916,7","17,5","8,9","17,8","16,8","9,9","8,2",61.0,55.0,57.0,142.0,"7,3","2,5",
2026/07/14,1900 UTC,0,"930,9",931,"930,8","1028,2",18,"8,4","18,4",17,"9,1","8,3",58.0,52.0,54.0,153.0,"6,7","1,9",
2026/07/14,2000 UTC,0,"931,1","931,1","930,9","411,8","15,8",10,"18,4","15,8","10,2","8,1",69.0,52.0,69.0,189.0,7,"2,4",
2026/07/14,2100 UTC,0,"931,5","931,5","931,1","37,5","14,1","9,9","15,8","14,1",10,"9,7",76.0,69.0,76.0,175.0,"7,4","1,6",
2026/07/14,2200 UTC,0,"932,2","932,2","931,5",,"13,8","9,6","14,1","13,7",10,"9,5",76.0,75.0,76.0,160.0,"6,9","1,9",
2026/07/14,2300 UTC,0,"932,6","932,7","932,2",,"13,6","9,5","13,8","13,4","9,6","9,4",77.0,75.0,76.0,152.0,"6,9","1,8",
2026/07/15,0000 UTC,0,"932,8","932,8","932,6",,"13,5","9,5","13,6","13,4","9,5","9,3",77.0,76.0,77.0,149.0,"6,6","2,7",
2026/07/15,0100 UTC,0,"932,8","932,9","932,7",,"13,4","9,6","13,6","13,4","9,7","9,5",78.0,77.0,78.0,149.0,"6,5","2,5",
2026/07/15,0200 UTC,0,"932,8","932,9","932,7",,"12,8","9,3","13,4","12,8","9,7","9,3",80.0,78.0,80.0,136.0,"7,8","2,8",
2026/07/15,0300 UTC,0,"932,6","932,8","932,6",,12,9,"12,8",12,"9,3",9,82.0,80.0,82.0,114.0,"6,5","1,7",
2026/07/15,0400 UTC,0,"932,5","932,6","932,5",,"11,7","8,9",12,"11,7",9,"8,9",83.0,82.0,83.0,103.0,"5,5","2,4",
2026/07/15,0500 UTC,0,"932,1","932,6","932,1",,12,"9,1",12,"11,6","9,1","8,8",84.0,83.0,83.0,116.0,"7,2",2,
2026/07/15,0600 UTC,0,"931,7","932,1","931,7",,"11,7","8,7","12,1","11,7","9,1","8,7",83.0,81.0,82.0,107.0,"9,5",2,
2026/07/15,0700 UTC,0,"931,4","931,7","931,4",,"11,4","8,8","11,7","11,3","8,8","8,7",84.0,82.0,84.0,117.0,8,3,
2026/07/15,0800 UTC,0,"931,4","931,4","931,2",,"11,3","8,3","11,5","11,3","8,8","8,3",84.0,81.0,82.0,109.0,10,"3,3",
2026/07/15,0900 UTC,0,932,932,"931,4",,"11,4","8,4","11,4","11,3","8,5","8,3",82.0,82.0,82.0,120.0,"7,7",3,
2026/07/15,1000 UTC,0,"932,8","932,8",932,"1,2","11,6","8,3","11,6","11,3","8,5","8,2",82.0,80.0,81.0,105.0,"6,4","2,7",
2026/07/15,1100 UTC,0,"933,5","933,5","932,8","107,9","11,6","8,3","11,7","11,5","8,4","8,2",81.0,80.0,80.0,111.0,"6,3","2,4",
2026/07/15,1200 UTC,0,"934,1","934,1","933,5","731,4","13,5","8,3","13,9","11,6",9,"8,2",80.0,71.0,71.0,112.0,"8,2","2,7",
2026/07/15,1300 UTC,0,"934,4","934,5","934,1","1661,5","15,1","8,6","15,3","12,7","9,2",8,74.0,65.0,65.0,124.0,"8,7","2,4",
2026/07/15,1400 UTC,,,,,,,,,,,,,,,,,,
2026/07/15,1500 UTC,,,,,,,,,,,,,,,,,,
2026/07/15,1600 UTC,,,,,,,,,,,,,,,,,,
2026/07/15,1700 UTC,,,,,,,,,,,,,,,,,,
2026/07/15,1800 UTC,0,"930,8","931,6","930,8","2011,3","21,3","6,8","21,7","19,9","7,4","5,5",42.0,37.0,39.0,81.0,"3,4","1,2",
2026/07/15,1900 UTC,0,"930,3","930,8","930,2","1387,5","21,2","7,1","21,9","20,8","7,7","6,1",41.0,38.0,40.0,101.0,"3,5","1,3",
2026/07/15,2000 UTC,0,"930,4","930,4","930,2","545,3","20,2","7,9","21,3","20,2","7,9","6,7",45.0,39.0,45.0,112.0,"3,6","1,1",
2026/07/15,2100 UTC,0,"930,8","930,8","930,4","26,2","17,9","8,5","20,2","17,7","8,6","7,5",55.0,44.0,54.0,90.0,"2,9",1,
2026/07/15,2200 UTC,0,"931,3","931,3","930,8",,"17,2","8,7","17,9",17,"8,8","8,5",58.0,54.0,57.0,83.0,"3,2","1,1",
2026/07/15,2300 UTC,0,"931,7","931,7","931,3",,"15,7","9,1","17,2","15,6","9,2","8,7",65.0,57.0,65.0,91.0,"3,2",",5",
2026/07/16,0000 UTC,0,932,932,"931,7",,"15,3","9,2","15,7","15,1","9,5",9,68.0,65.0,67.0,82.0,"3,3","1,2",
2026/07/16,0100 UTC,0,"932,3","932,3",932,,"14,7","9,1","15,4","14,5","9,3","8,9",70.0,67.0,69.0,89.0,"3,3","1,2",
2026/07/16,0200 UTC,0,"932,2","932,3","932,1",,"13,8","8,8","14,8","13,8","9,2","8,7",72.0,69.0,72.0,83.0,"3,3",",2",
2026/07/16,0300 UTC,0,"932,4","932,5","932,2",,"13,4","8,9","14,2","13,4","9,4","8,7",74.0,72.0,74.0,109.0,"4,4",",7",
2026/07/16,0400 UTC,0,"932,7","932,7","932,4",,"12,6","9,1","13,7","12,4","9,4","8,6",79.0,74.0,79.0,141.0,"4,1",",3",
2026/07/16,0500 UTC,0,"932,4","932,7","932,4",,12,9,"12,9","11,9","9,2","8,7",82.0,78.0,82.0,114.0,"3,1",",7",
2026/07/16,0600 UTC,0,"932,2","932,4","932,2",,"11,8","9,3",12,"11,5","9,3","8,4",85.0,81.0,85.0,114.0,"3,9","1,2",
2026/07/16,0700 UTC,0,"931,8","932,2","931,8",,"11,5","8,8",12,"11,5","9,4","8,7",85.0,83.0,83.0,101.0,"5,8","1,4",
2026/07/16,0800 UTC,0,"931,8","931,8","931,7",,"11,1","8,5","11,5",11,"8,8","8,4",84.0,83.0,84.0,104.0,"4,8",1,
2026/07/16,0900 UTC,0,"932,1","932,1","931,8",,11,"8,5","11,3","10,8","8,7","8,2",85.0,83.0,85.0,111.0,"4,6","1,6",
2026/07/16,1000 UTC,0,"932,9","932,9","932,1",",7","10,6","8,5",11,"10,4","8,6","8,1",87.0,85.0,87.0,96.0,"4,2","1,3",
2026/07/16,1100 UTC,0,"933,1","933,1","932,9","102,9","11,8",9,"11,8","10,6",9,"8,4",87.0,83.0,83.0,117.0,"3,2","1,2",
2026/07/16,1200 UTC,0,"933,5","933,5","933,1","752,1","14,9","8,5",15,"11,8","9,6","8,5",83.0,66.0,66.0,126.0,"3,2","1,3",
2026/07/16,1300 UTC,0,"933,8","933,9","933,5","1786,7","17,2","8,4","17,2","14,8","9,7","7,8",66.0,56.0,56.0,118.0,"3,6","1,4",
2026/07/16,1400 UTC,0,"933,7","933,9","933,7","2279,9","19,4","8,4","19,7","17,2","9,4",8,58.0,48.0,49.0,133.0,"3,1","1,3",
2026/07/16,1500 UTC,,,,,,,,,,,,,,,,,,
2026/07/16,1600 UTC,,,,,,,,,,,,,,,,,,
2026/07/16,1700 UTC,,,,,,,,,,,,,,,,,,
2026/07/16,1800 UTC,,,,,,,,,,,,,,,,,,
2026/07/16,1900 UTC,0,"930,6","930,8","930,6","1366,7",25,"5,4","25,7","24,5","6,2","5,2",30.0,28.0,28.0,18.0,"5,8","1,9",
2026/07/16,2000 UTC,0,"930,5","930,6","930,5","538,3","24,6",6,"25,5","24,1","6,3","5,3",31.0,28.0,30.0,25.0,"4,4",",9",
2026/07/16,2100 UTC,0,"930,4","930,5","930,4","28,4","21,3","7,3","24,6","21,3","7,4","5,7",40.0,30.0,40.0,56.0,"2,8",",7",
2026/07/16,2200 UTC,0,"930,7","930,7","930,4",,"19,4","10,9","21,3","19,3","10,9","7,2",58.0,40.0,58.0,104.0,"3,9","1,4",
2026/07/16,2300 UTC,0,931,931,"930,7",,"18,5","10,8","19,4","18,5","10,9","10,7",61.0,58.0,61.0,92.0,"4,5","1,9",
2026/07/17,0000 UTC,0,"931,4","931,4",931,,"17,2","10,6","18,5","17,2","10,9","10,6",65.0,61.0,65.0,79.0,"4,5",",7",
2026/07/17,0100 UTC,0,"931,1","931,4","931,1",,"16,3","10,9","17,3","15,8","10,9","10,5",71.0,65.0,71.0,86.0,"2,7",",4",
2026/07/17,0200 UTC,0,"930,8","931,1","930,8",,"16,8","8,1","17,3","16,3",11,"8,1",71.0,56.0,57.0,82.0,"4,7","1,8",
2026/07/17,0300 UTC,0,"930,7","930,9","930,6",,"16,3","7,1","16,8","16,3","8,1","7,1",57.0,54.0,55.0,73.0,"5,6","1,5",
2026/07/17,0400 UTC,0,"930,8","930,8","930,6",,"15,6","6,6","16,3","15,2","7,1","6,3",56.0,53.0,55.0,74.0,"4,3",",8",
2026/07/17,0500 UTC,0,"930,7","930,8","930,7",,"13,8","7,1","16,3","13,8","7,3",6,65.0,52.0,64.0,304.0,"3,9",0,
2026/07/17,0600 UTC,0,"930,4","930,7","930,4",,"13,9","7,4",14,"13,5","7,6","6,5",67.0,62.0,65.0,85.0,0,0,
2026/07/17,0700 UTC,0,"930,2","930,4","930,2",,"13,1","6,9","14,4",13,"7,4","6,4",66.0,60.0,66.0,109.0,"3,5",",4",
2026/07/17,0800 UTC,0,"930,5","930,5","930,2",,"12,1","8,1","13,1","12,1","8,1","6,8",77.0,66.0,77.0,196.0,"3,4",0,
2026/07/17,0900 UTC,0,"930,7","930,7","930,5",,14,"6,6",14,"11,9","8,6","6,6",78.0,61.0,61.0,67.0,"5,6","2,6",
2026/07/17,1000 UTC,0,"931,5","931,5","930,7",",1",11,"7,5","14,2",11,"7,9","6,2",81.0,59.0,79.0,105.0,"5,6",0,
2026/07/17,1100 UTC,0,"932,3","932,3","931,5","89,3","13,6","8,1","13,6",11,"8,2","7,2",79.0,70.0,70.0,153.0,"2,9","1,2",
2026/07/17,1200 UTC,0,"933,2","933,2","932,3","765,2","16,1","8,4","16,2","13,6","9,3","8,1",70.0,60.0,61.0,127.0,3,"1,3",
2026/07/17,1300 UTC,0,"933,6","933,7","933,2","1733,4","18,2",8,"18,7","15,6","9,6","7,8",61.0,51.0,51.0,128.0,"3,2","1,2",
2026/07/17,1400 UTC,0,"933,2","933,6","933,2","2290,1","21,7","6,9",22,"18,2","8,9","6,7",52.0,38.0,38.0,70.0,"4,6","1,5",
2026/07/17,1500 UTC,0,"932,3","933,2","932,3","2609,4","22,3","7,9","22,7","21,4","7,9","6,5",40.0,37.0,40.0,36.0,"4,5","1,5",
2026/07/17,1600 UTC,0,"931,2","932,3","931,2",2673,24,"6,2",24,22,"7,9","6,1",40.0,32.0,32.0,40.0,"4,8",2,
2026/07/17,1700 UTC,,,,,,,,,,,,,,,,,,
2026/07/17,1800 UTC,,,,,,,,,,,,,,,,,,
2026/07/17,1900 UTC,,,,,,,,,,,,,,,,,,
2026/07/17,2000 UTC,,,,,,,,,,,,,,,,,,
2026/07/17,2100 UTC,,,,,,,,,,,,,,,,,,
2026/07/17,2200 UTC,,,,,,,,,,,,,,,,,,
2026/07/17,2300 UTC,,,,,,,,,,,,,,,,,,
2026/07/18,0000 UTC,,,,,,,,,,,,,,,,,,
2026/07/18,0100 UTC,0,930,930,"929,7",,"16,7","6,4","17,4","16,7","7,5","6,4",53.0,50.0,50.0,77.0,"3,5","1,3",
2026/07/18,0200 UTC,0,"929,9",930,"929,9",,16,"5,8","16,8",16,"6,4","5,8",51.0,49.0,51.0,78.0,"3,1",",9",
2026/07/18,0300 UTC,0,"929,8","929,9","929,8",,"15,8","5,9","16,6","15,5","6,1","5,8",53.0,49.0,52.0,63.0,"5,5",",7",
2026/07/18,0400 UTC,0,"929,9",930,"929,8",,"16,1","5,9","16,1","15,4","6,2","5,9",53.0,51.0,51.0,45.0,4,"1,1",
2026/07/18,0500 UTC,0,"929,8",930,"929,8",,"16,1","5,6","16,8","15,8",6,"5,6",52.0,48.0,50.0,298.0,"4,6",",6",
2026/07/18,0600 UTC,0,"929,4","929,8","929,4",,"16,5","5,8","16,7","15,9","5,9","5,6",51.0,49.0,49.0,80.0,"5,4","1,3",
2026/07/18,0700 UTC,0,"929,6","929,6","929,3",,17,6,"17,1","15,8","6,2","5,7",52.0,48.0,48.0,78.0,"6,5","2,3",
2026/07/18,0800 UTC,0,"929,6","929,7","929,5",,"16,5","6,1",17,"16,2","6,2","5,9",51.0,48.0,50.0,74.0,"5,5","2,3",
2026/07/18,0900 UTC,0,"929,9","929,9","929,5",,"15,8","6,4","16,5","15,8","6,4","5,9",54.0,50.0,54.0,69.0,"8,6","2,8",
2026/07/18,1000 UTC,0,"930,5","930,5","929,9",,"15,3","7,2","15,8","15,3","7,2","6,4",58.0,54.0,58.0,57.0,"5,9",2,
2026/07/18,1100 UTC,0,931,"931,1","930,5","94,3","16,4",8,"16,4","15,1",8,"7,1",60.0,58.0,58.0,53.0,"5,9","1,5",
2026/07/18,1200 UTC,0,"931,3","931,3",931,"770,8","18,2","7,9","18,5","16,4","8,7","7,7",58.0,50.0,51.0,54.0,"3,9",1,
2026/07/18,1300 UTC,0,"931,5","931,5","931,2","1803,8","19,7","7,9","19,8",18,"8,5","6,9",52.0,44.0,47.0,23.0,"4,5","1,4",
2026/07/18,1400 UTC,0,"931,3","931,8","931,3","2322,1","19,9","7,4","20,5","19,3",8,7,47.0,44.0,44.0,7.0,"7,1","3,6",
2026/07/18,1500 UTC,0,930,"931,3",930,"2645,3","21,5","6,9","21,7","19,8","8,1","6,5",46.0,38.0,39.0,12.0,"8,9","4,4",
2026/07/18,1600 UTC,0,"928,7","930,1","928,7","2707,8","22,8","6,2",23,"21,5","7,2","5,3",39.0,32.0,34.0,350.0,"10,1","4,1",
2026/07/18,1700 UTC,0,928,"928,8","927,9","2510,5","23,2","5,9","23,4","22,6","6,4","5,1",34.0,32.0,33.0,42.0,"9,7","3,5",
2026/07/18,1800 UTC,0,"927,5",928,"927,5","2062,9","23,7","6,2","24,2","22,9","6,5","5,1",34.0,31.0,32.0,21.0,"8,5","2,7",
2026/07/18,1900 UTC,0,"927,1","927,5",927,"1423,1","23,9","7,2","24,1","23,1","7,4","5,7",36.0,32.0,34.0,18.0,"9,2","2,1",
2026/07/18,2000 UTC,0,"927,1","927,2","926,9","590,5","22,6","7,1","23,9","22,4","7,1","6,6",37.0,34.0,37.0,23.0,"7,9","1,3",
2026/07/18,2100 UTC,0,"927,4","927,4","927,1","28,2","20,9","7,3","22,6","20,9","7,4","6,9",41.0,37.0,41.0,17.0,"4,6",1,
2026/07/18,2200 UTC,0,"927,7","927,7","927,4",,"20,1",7,"20,9","19,9","7,5","6,9",44.0,41.0,43.0,39.0,"4,2",",6",
2026/07/18,2300 UTC,0,"928,1","928,1","927,7",,"18,6","8,3","20,1","18,6","8,3","7,1",51.0,43.0,51.0,113.0,"2,6",1,
2026/07/19,0000 UTC,0,"928,2","928,3",928,,"17,6","8,6","18,6","17,5","8,8","8,2",56.0,51.0,56.0,103.0,"2,2",0,
2026/07/19,0100 UTC,0,"928,4","928,4","928,2",,"17,1","8,2","17,9","17,1","8,9","8,1",58.0,53.0,56.0,74.0,"2,2",",2",
2026/07/19,0200 UTC,0,"928,6","928,6","928,3",,16,"7,9","17,2",16,"8,3","7,8",59.0,56.0,58.0,126.0,"2,8","1,1",
2026/07/19,0300 UTC,0,"928,8","928,8","928,6",,"15,9","7,3","16,1","15,5","7,9","7,1",59.0,56.0,57.0,175.0,"2,4",0,
2026/07/19,0400 UTC,0,"928,9",929,"928,8",,"16,8","6,9","16,8","15,5","7,3","6,9",57.0,52.0,52.0,32.0,"5,5",2,
2026/07/19,0500 UTC,0,"928,9",929,"928,9",,"16,7","6,5","17,3","16,6","6,8","6,4",52.0,49.0,51.0,23.0,"5,5",",9",
2026/07/19,0600 UTC,0,"928,7","928,9","928,7",,"17,4","6,2","17,4","16,5","6,6","6,2",51.0,48.0,48.0,27.0,"8,4",3,
2026/07/19,0700 UTC,0,"928,4","928,7","928,4",,"16,9",6,"17,5","16,9","6,3","5,9",49.0,48.0,49.0,9.0,7,"1,5",
2026/07/19,0800 UTC,0,"928,1","928,4","928,1",,"16,3",6,17,"15,7","6,2","5,9",52.0,48.0,51.0,12.0,"3,3",0,
2026/07/19,0900 UTC,0,"928,2","928,3","928,1",,"16,3","6,2","16,9","16,2","6,3",6,52.0,49.0,51.0,53.0,"3,6",",9",
2026/07/19,1000 UTC,0,"928,6","928,6","928,2",",3","16,6","6,6","16,6","15,8","6,6","6,1",53.0,51.0,52.0,46.0,"4,9","1,6",
2026/07/19,1100 UTC,0,"928,8","928,8","928,5","91,6","17,7","7,3","17,7","16,3","7,3","6,4",53.0,50.0,51.0,51.0,"6,9",2,
2026/07/19,1200 UTC,0,"928,6","928,8","928,6","785,4","19,2","7,4","19,2","17,7","7,4","7,1",51.0,46.0,46.0,51.0,9,"4,3",
2026/07/19,1300 UTC,0,"929,1","929,1","928,6","1837,2","20,7","7,5","20,8","19,2","8,1","7,1",46.0,43.0,43.0,46.0,"8,6",3,
2026/07/19,1400 UTC,0,"928,9","929,1","928,9","2353,8","21,7","8,6","21,7","20,4","8,7","7,4",46.0,42.0,43.0,25.0,"9,7","3,9",
2026/07/19,1500 UTC,0,"928,2","928,9","928,2","2647,5","22,9","7,9","22,9","21,7","8,7","7,7",43.0,38.0,38.0,22.0,"10,1","4,3",
2026/07/19,1600 UTC,0,"927,3","928,2","927,3","2688,5","24,3","6,3","24,6","22,7","8,5","6,3",39.0,31.0,31.0,43.0,"10,1",3,
2026/07/19,1700 UTC,0,"926,5","927,3","926,5","2493,7","24,8","5,5","25,3","24,1","7,6","5,5",34.0,29.0,29.0,359.0,"9,6","3,4",
2026/07/19,1800 UTC,0,926,"926,6",926,"2055,8","24,7","6,6","25,3","24,3","6,8","5,5",32.0,29.0,31.0,36.0,"9,2","2,8",
2026/07/19,1900 UTC,0,"925,8","926,1","925,7",1410,"24,7","8,2","25,1","24,2","8,3","6,5",36.0,31.0,35.0,19.0,"8,2","2,6",
2026/07/19,2000 UTC,0,"926,1","926,1","925,8","582,2",24,"8,1","24,9","23,9","8,7","7,9",37.0,34.0,36.0,9.0,"6,5","2,5",
2026/07/19,2100 UTC,0,"926,4","926,4","926,1","30,8","22,4","7,9",24,"22,2","8,2","7,7",40.0,36.0,39.0,17.0,"5,7","1,8",
2026/07/19,2200 UTC,0,927,927,"926,4",,"21,6","7,2","22,4","21,6","7,8","7,2",40.0,39.0,40.0,4.0,"4,3","2,6",
2026/07/19,2300 UTC,0,"927,5","927,5",927,,"19,7","8,6","21,6","19,7","8,6","7,2",49.0,39.0,49.0,64.0,4,1,
2026/07/20,0000 UTC,0,"927,7","927,7","927,4",,"19,1","8,7",20,"19,1","8,9","8,6",51.0,48.0,51.0,44.0,"2,1",",1",
2026/07/20,0100 UTC,0,"927,7","927,7","927,7",,"18,9","9,4","19,2","18,2","9,4","8,7",56.0,51.0,54.0,62.0,"3,1","1,7",
2026/07/20,0200 UTC,0,"927,5","927,8","927,5",,"19,2","8,8","19,3","18,3","9,5","8,8",56.0,51.0,51.0,51.0,"4,7","2,1",
2026/07/20,0300 UTC,0,"927,1","927,5","927,1",,"19,1","8,1","19,6","19,1","8,7","8,1",51.0,48.0,49.0,53.0,"6,1","2,5",
2026/07/20,0400 UTC,0,927,"927,1",927,,"19,2","8,1","19,2","18,9","8,3","8,1",50.0,49.0,49.0,63.0,"5,7","2,8",
2026/07/20,0500 UTC,0,"926,9",927,"926,7",,19,"7,7","19,4",19,"8,1","7,7",49.0,47.0,48.0,53.0,"5,9","2,2",
2026/07/20,0600 UTC,0,927,927,"926,9",,"17,8","8,1","19,1","17,8","8,1","7,7",53.0,48.0,53.0,26.0,"5,3","1,3",
2026/07/20,0700 UTC,0,927,927,"926,9",,"18,1","8,1","18,3","17,6","8,3",8,53.0,52.0,52.0,35.0,"4,1","1,5",
2026/07/20,0800 UTC,0,"926,9","927,1","926,9",,"18,4","8,2","18,5",18,"8,3","8,1",53.0,51.0,51.0,52.0,5,2,
2026/07/20,0900 UTC,0,"927,2","927,2","926,9",,"18,3","7,8","18,7","18,3","8,2","7,8",52.0,50.0,50.0,68.0,"6,1","2,2",
2026/07/20,1000 UTC,0,"927,9","927,9","927,2",",7","15,9","8,2","18,3","15,9","8,2","7,8",60.0,50.0,60.0,73.0,"6,6",",4",
2026/07/20,1100 UTC,0,"928,6","928,6","927,9","99,6",17,"9,7",17,"15,4","9,7","8,3",65.0,60.0,62.0,168.0,"1,6",",1",
2026/07/20,1200 UTC,0,"928,8","928,9","928,6","791,6","20,7","10,1","20,7",17,"10,4","8,9",62.0,48.0,51.0,89.0,"2,1",",7",
2026/07/20,1300 UTC,0,929,"929,1","928,8","1775,7","22,6","9,1","22,8","20,6","10,4","8,9",51.0,42.0,42.0,39.0,"6,6",2,
2026/07/20,1400 UTC,0,"928,3",929,"928,3","2311,3",23,"9,7","23,1","22,3",10,"9,1",44.0,42.0,43.0,17.0,"9,1","3,4",
2026/07/20,1500 UTC,0,"927,9","928,4","927,9","2625,2","24,2","8,7","24,6","22,8","10,3","8,4",43.0,36.0,37.0,9.0,9,"4,2",
2026/07/20,1600 UTC,0,"926,9","927,9","926,9",2671,"25,6","8,6","25,6","24,1","9,1","6,9",38.0,32.0,34.0,356.0,"10,1","3,3",
2026/07/20,1700 UTC,0,"926,1","926,9","926,1","2508,1","26,6","7,7","26,6","25,2","8,8",7,34.0,30.0,30.0,30.0,"8,4","2,5",
2026/07/20,1800 UTC,0,"925,7","926,1","925,6","2048,3","25,8",6,"26,9","25,7",8,"5,7",31.0,27.0,28.0,17.0,"8,8","3,9",
2026/07/20,1900 UTC,0,"925,8","925,8","925,6","1405,5","25,8","6,6","26,8","25,8","7,5","5,8",30.0,28.0,29.0,39.0,"8,8","2,6",
2026/07/20,2000 UTC,0,926,926,"925,7",573,"24,9","6,7","26,5","24,9","7,2","5,9",31.0,29.0,31.0,24.0,"6,8","2,2",
2026/07/20,2100 UTC,0,"926,3","926,3",926,35,"23,4","7,4",25,"23,4","7,5","6,7",36.0,31.0,36.0,48.0,"5,1","1,2",
2026/07/20,2200 UTC,0,"926,5","926,5","926,3",,"21,8","8,1","23,4","21,8","8,1","7,4",41.0,36.0,41.0,35.0,"2,3",",6",
2026/07/20,2300 UTC,0,"926,7","926,8","926,5",,"21,2","7,8","21,8","21,1","8,2","7,8",43.0,41.0,42.0,22.0,"3,4","1,4",
2026/07/21,0000 UTC,0,"926,5","926,8","926,5",,"21,2","7,2","21,5",21,"7,8","7,1",42.0,40.0,40.0,4.0,"3,6","1,7",
2026/07/21,0100 UTC,0,"926,8","926,8","926,4",,21,"6,8","21,7",21,"7,2","6,7",40.0,38.0,40.0,60.0,5,"1,7",
2026/07/21,0200 UTC,0,"926,9","926,9","926,7",,"21,1",8,"21,7","20,8","8,1","6,9",43.0,40.0,43.0,46.0,"5,9","1,8",
2026/07/21,0300 UTC,0,"927,1","927,1","926,9",,"18,8","8,8","21,2","18,6","8,9",8,53.0,43.0,52.0,77.0,5,0,
2026/07/21,0400 UTC,0,"927,1","927,2","926,9",,"19,9","7,9","20,2","18,8",9,"7,9",52.0,45.0,46.0,349.0,"3,4","1,3",
2026/07/21,0500 UTC,0,"927,2","927,2",927,,"18,2","8,3",20,"18,2","8,3","7,6",52.0,45.0,52.0,180.0,"3,8",0,
2026/07/21,0600 UTC,0,"926,7","927,2","926,7",,"18,5","8,5","18,5",18,"8,8","8,2",54.0,52.0,52.0,165.0,"1,9",",1",
2026/07/21,0700 UTC,0,"926,7","926,7","926,5",,"17,6","8,4","18,9","17,6","8,7","8,1",55.0,50.0,55.0,196.0,"2,2",",1",
2026/07/21,0800 UTC,0,"926,6","926,7","926,4",,"17,4","8,1","17,9","16,9","8,6","8,1",58.0,54.0,54.0,201.0,"1,4",0,
2026/07/21,0900 UTC,0,"926,8","926,9","926,5",,"17,4","7,8","17,6","16,9","8,2","7,8",56.0,53.0,53.0,241.0,0,0,
2026/07/21,1000 UTC,0,"926,9","926,9","926,8","1,2","16,4","8,1","17,5","16,2","8,3","7,8",59.0,53.0,58.0,154.0,0,0,
2026/07/21,1100 UTC,0,"927,2","927,3","926,9","129,6","17,8","9,7","17,8","16,2","9,8","8,3",63.0,58.0,59.0,205.0,2,0,
2026/07/21,1200 UTC,0,"927,4","927,4","927,1",799,21,"9,3","21,1","17,8","10,2",9,59.0,47.0,47.0,147.0,"2,9",",4",
2026/07/21,1300 UTC,0,"927,4","927,5","927,3","1730,8","23,6","6,3","23,7",21,"10,1","6,3",47.0,33.0,33.0,324.0,"5,5","1,4",
2026/07/21,1400 UTC,0,"927,2","927,5","927,2","2288,1","24,1","7,5",25,"23,5","7,7","6,2",35.0,31.0,34.0,347.0,"6,9","3,6",
2026/07/21,1500 UTC,0,"926,5","927,2","926,5","2594,2",25,"6,6","25,5",24,"7,9","6,6",34.0,31.0,31.0,357.0,"9,5","3,6",
2026/07/21,1600 UTC,0,"925,6","926,5","925,6","2640,8","25,9","7,9","26,1","24,7","8,3","6,5",34.0,31.0,32.0,37.0,"9,8","2,9",
2026/07/21,1700 UTC,0,"924,7","925,6","924,7","2455,9","26,7","7,7","27,3","25,7",9,"7,2",33.0,29.0,30.0,34.0,"8,6",3,
2026/07/21,1800 UTC,0,"924,2","924,7","924,2","2012,3","26,4",7,"27,2","26,1","8,3","6,9",31.0,29.0,29.0,28.0,"7,6","3,5",
2026/07/21,1900 UTC,0,924,"924,2","923,9","1331,5",26,"7,5","27,3","25,9","7,8",7,31.0,28.0,31.0,355.0,"7,8","3,3",
2026/07/21,2000 UTC,0,"923,9",924,"923,8","702,7","25,7","7,8",27,"25,6","8,3","7,3",32.0,29.0,32.0,12.0,"6,6","2,3",
2026/07/21,2100 UTC,0,"924,2","924,2","923,9","38,8",24,"7,9","25,8",24,8,"7,6",36.0,32.0,36.0,358.0,"5,8","2,3",
2026/07/21,2200 UTC,0,"924,4","924,5","924,2",,"23,1","8,2",24,"22,8","8,2","7,7",39.0,35.0,39.0,22.0,"5,1","1,4",
2026/07/21,2300 UTC,0,925,925,"924,4",,"22,6","8,2","23,3","22,5","8,3",8,40.0,38.0,40.0,2.0,"4,2","2,2",
2026/07/22,0000 UTC,0,"925,4","925,4",925,,22,"6,4","22,6","21,8","8,3","6,4",41.0,36.0,36.0,22.0,"5,8","1,9",
2026/07/22,0100 UTC,0,"925,6","925,7","925,3",,"21,4","5,9","22,1","21,2","6,7","5,4",38.0,35.0,37.0,38.0,"7,6",2,
2026/07/22,0200 UTC,0,925,"925,6",925,,"20,7","6,7","21,4","20,4","6,8","5,8",41.0,36.0,40.0,70.0,"7,6","1,8",
2026/07/22,0300 UTC,0,"924,7",925,"924,6",,"20,7","6,8","21,3","20,2",7,"6,1",42.0,38.0,41.0,68.0,7,",9",
2026/07/22,0400 UTC,0,"925,3","925,4","924,7",,"21,1","5,4","21,6","20,7","6,9","5,1",41.0,35.0,36.0,14.0,"5,6","1,9",
2026/07/22,0500 UTC,0,"925,1","925,3",925,,"19,7","6,3","21,2","19,7","6,8","5,4",43.0,36.0,42.0,246.0,"5,5",0,
2026/07/22,0600 UTC,0,"925,2","925,3","925,1",,"19,1","7,3","20,4","19,1","7,5","6,4",46.0,42.0,46.0,356.0,"3,3",0,
2026/07/22,0700 UTC,0,"925,7","925,7","925,2",,"20,1","7,4","20,2","19,1","7,7","7,3",47.0,44.0,44.0,60.0,"4,3","1,3",
2026/07/22,0800 UTC,0,926,926,"925,6",,"18,5","7,9","20,1","18,1","8,1","7,3",51.0,44.0,50.0,346.0,"4,3",0,
2026/07/22,0900 UTC,0,926,926,"925,8",,"17,9","7,9","19,4","17,9",8,"7,4",52.0,46.0,52.0,193.0,"3,3",0,
2026/07/22,1000 UTC,0,"926,3","926,3","925,9","5,3","17,8","8,1","18,5","17,8","8,3",8,53.0,51.0,53.0,202.0,"2,9",0,
2026/07/22,1100 UTC,0,"926,6","926,6","926,3","210,7","20,2","8,6","20,3","17,8","8,6","7,7",53.0,46.0,47.0,173.0,"2,8",0,
2026/07/22,1200 UTC,0,"927,2","927,2","926,6","992,9","23,1","8,9","23,2",20,10,"8,8",49.0,40.0,41.0,220.0,"2,1",",7",
2026/07/22,1300 UTC,0,"928,4","928,4","927,2",1278,"22,1","8,7","23,1","21,2",9,"8,1",45.0,39.0,43.0,237.0,"8,4","3,1",
2026/07/22,1400 UTC,0,"928,4","928,7","928,4","2184,5","21,2","12,7","22,2",20,"13,1","8,4",63.0,42.0,58.0,203.0,"8,7","2,6",
2026/07/22,1500 UTC,0,"927,5","928,4","927,5","2394,3",22,"12,2","22,2","20,1","13,4","11,8",61.0,53.0,54.0,178.0,"6,8","1,6",
2026/07/22,1600 UTC,0,"926,5","927,5","926,5","2287,8","21,5","12,4","22,1","20,5","13,5","11,6",62.0,53.0,56.0,190.0,"6,6","1,5",
2026/07/22,1700 UTC,0,"925,5","926,5","925,4","2317,9","22,3","12,1","22,6","20,4","12,8","11,3",59.0,51.0,53.0,202.0,"5,3","1,7",
2026/07/22,1800 UTC,0,925,"925,6",925,"1811,3","22,1",11,"23,5","21,8","12,7",11,54.0,48.0,50.0,170.0,"4,1","1,3",
2026/07/22,1900 UTC,0,"924,9",925,"924,7","1056,1","21,9","11,5","23,4","21,9","12,2",11,52.0,48.0,52.0,163.0,"3,8","1,5",
2026/07/22,2000 UTC,0,"925,3","925,4","924,9","484,4","21,5","11,9","23,2","21,4","12,2","11,2",55.0,48.0,54.0,174.0,"3,3","1,1",
2026/07/22,2100 UTC,0,"926,4","926,4","925,3","36,9","18,8","11,6","21,5","18,8","11,9","11,6",64.0,54.0,63.0,213.0,"7,9","3,9",
2026/07/22,2200 UTC,0,"926,9","926,9","926,4",,"17,7","10,9","18,8","17,7","11,6","10,6",65.0,62.0,65.0,216.0,"7,9","2,9",
2026/07/22,2300 UTC,0,"926,6","926,9","926,6",,"17,6","11,7","17,7","17,5","11,7","10,8",68.0,65.0,68.0,156.0,"5,5",",9",
2026/07/23,0000 UTC,0,926,"926,6",926,,"17,4","11,2","17,7","17,4","11,7",11,68.0,66.0,67.0,141.0,"3,6","1,3",
2026/07/23,0100 UTC,0,"926,5","926,5",926,,"17,1","11,3","17,4","17,1","11,3",11,69.0,66.0,69.0,177.0,4,0,
2026/07/23,0200 UTC,0,"926,7","926,7","926,5",,17,"11,1","17,1","16,9","11,3","11,1",69.0,68.0,68.0,187.0,0,0,
2026/07/23,0300 UTC,0,"926,3","926,7",926,,"17,3","11,1","17,4",17,"11,2",11,68.0,67.0,67.0,256.0,"2,2",0,
2026/07/23,0400 UTC,0,"926,5","926,7","926,3",,"17,3","11,7","17,5","17,2","11,8",11,70.0,66.0,69.0,312.0,"4,4",",8",
2026/07/23,0500 UTC,0,"926,8","926,9","926,4",,"17,7","11,6","17,8","17,3","11,7","11,5",69.0,67.0,67.0,302.0,"2,9","1,6",
2026/07/23,0600 UTC,0,927,"927,4","926,6",,"17,5",11,"17,9","17,5","11,6",11,67.0,64.0,66.0,263.0,"5,4","2,2",
2026/07/23,0700 UTC,",2","927,8","927,9",927,,"15,5","12,5","17,6","15,5","12,5",11,83.0,66.0,83.0,288.0,"8,3","2,8",
2026/07/23,0800 UTC,",6",927,928,927,,"15,3",13,"15,5","15,2","13,1","12,5",86.0,83.0,86.0,278.0,"5,5",",5",
2026/07/23,0900 UTC,",4","925,2","927,1","925,1",,"15,7","13,2","15,8","15,3","13,6",13,87.0,85.0,85.0,66.0,8,"3,2",
2026/07/23,1000 UTC,0,"925,5","925,5","924,9",",2","16,4","12,4","16,5","15,6","13,2","12,4",85.0,77.0,77.0,81.0,8,"1,6",
2026/07/23,1100 UTC,0,"926,6","926,6","925,5","111,2","16,7","12,6","17,2","15,9","13,3","12,3",81.0,76.0,77.0,20.0,"3,8",",5",
2026/07/23,1200 UTC,0,"927,5","927,5","926,6","803,8","19,7","13,5","19,7","16,7",14,"12,6",77.0,67.0,67.0,305.0,"2,2",",2",
2026/07/23,1300 UTC,0,"927,8","927,8","927,5","1326,9",20,"12,9","21,4","19,2","14,2","12,6",67.0,60.0,64.0,301.0,"4,2","1,3",
2026/07/23,1400 UTC,0,"927,7","927,9","927,7","1748,9","21,3",13,"21,8","19,9","14,1","12,6",65.0,59.0,59.0,266.0,"3,3","1,2",
2026/07/23,1500 UTC,0,"927,3","927,7","927,2","2373,4","23,2","12,8","23,5","21,3",14,"11,9",61.0,49.0,52.0,310.0,"6,1","2,7",
2026/07/23,1600 UTC,0,"926,7","927,3","926,7","1761,6","22,7","12,5","23,8","22,6","13,4","11,8",53.0,49.0,53.0,291.0,8,"2,5",
2026/07/23,1700 UTC,0,"926,2","926,7","926,2","770,6","22,4",13,"22,9","22,1","13,4","12,4",57.0,52.0,55.0,268.0,"6,1","2,1",
2026/07/23,1800 UTC,0,"926,4","926,4","926,2","585,4","20,8","12,5","22,4","20,8","14,1","12,5",63.0,54.0,59.0,229.0,"6,8","3,3",
2026/07/23,1900 UTC,0,"927,1","927,1","926,4","268,5","20,7","12,4","20,8","20,4","12,8","12,4",61.0,59.0,59.0,250.0,"6,8","1,7",
2026/07/23,2000 UTC,,,,,,,,,,,,,,,,,,
2026/07/23,2100 UTC,,,,,,,,,,,,,,,,,,
2026/07/23,2200 UTC,,,,,,,,,,,,,,,,,,
2026/07/23,2300 UTC,,,,,,,,,,,,,,,,,,
2026/07/24,0000 UTC,0,"929,1","929,1","928,7",,"15,3","11,8","15,6","15,3","12,3","11,8",81.0,80.0,80.0,183.0,"6,3","1,8",
2026/07/24,0100 UTC,0,"929,6","929,6","929,1",,15,"11,9","15,4",15,"12,1","11,8",82.0,80.0,82.0,181.0,"4,3","1,2",
2026/07/24,0200 UTC,0,"929,8","929,8","929,6",,"14,9","11,8",15,"14,8","11,9","11,7",82.0,81.0,82.0,222.0,"4,7","1,8",
2026/07/24,0300 UTC,0,"929,9","929,9","929,6",,"15,2","11,6","15,2","14,7","11,8","11,6",82.0,79.0,79.0,211.0,"5,7","2,9",
2026/07/24,0400 UTC,0,"929,1","929,9","929,1",,"15,1","11,8","15,2",15,"11,8","11,6",81.0,79.0,81.0,195.0,"5,7","1,3",
2026/07/24,0500 UTC,0,"930,1","930,1","929,1",,"14,8","11,2","15,1","14,8","11,9","11,2",81.0,79.0,79.0,232.0,"4,4","1,6",
2026/07/24,0600 UTC,0,"929,3","930,1","929,3",,"14,7",11,"14,8","14,7","11,3",11,79.0,78.0,79.0,211.0,"4,3","1,9",
2026/07/24,0700 UTC,0,"928,5","929,3","928,4",,"14,7","11,1","14,8","14,6","11,2",11,80.0,79.0,79.0,130.0,"4,3","1,5",
2026/07/24,0800 UTC,0,"927,7","929,6","927,7",,"14,8","11,3","14,9","14,6","11,4","11,1",80.0,79.0,80.0,103.0,"4,2",2,
2026/07/24,0900 UTC,0,"928,9","928,9","926,9",,"14,6","11,5","14,8","14,5","11,6","11,2",82.0,79.0,82.0,168.0,"6,9","1,4",
2026/07/24,1000 UTC,0,"929,2","929,3","928,8",,"14,7","11,7","14,9","14,6","11,7","11,5",82.0,81.0,82.0,149.0,"5,1","1,5",
2026/07/24,1100 UTC,0,"929,6","929,7","929,1","35,5","14,9","11,8","14,9","14,7","11,9","11,7",83.0,82.0,82.0,162.0,"5,4","1,9",
2026/07/24,1200 UTC,0,"930,1","930,1","929,6",194,"15,4","12,1","15,4","14,6","12,2","11,7",84.0,81.0,81.0,140.0,"5,8","2,1",
2026/07/24,1300 UTC,0,"930,1","930,5",930,321,"15,7",12,"15,9","15,3","12,1","11,7",81.0,77.0,78.0,152.0,"4,8","1,8",
2026/07/24,1400 UTC,0,"930,6","930,8","930,1","403,1","16,2",12,"16,4","15,7","12,2","11,8",79.0,75.0,76.0,157.0,"4,2","1,3",
2026/07/24,1500 UTC,0,"930,3","930,6","930,1","307,2","16,2","12,2","16,6","16,1","12,2","11,9",78.0,75.0,77.0,199.0,"4,3",",7",
2026/07/24,1600 UTC,0,"929,5","930,3","929,5","249,6","16,1","12,3","16,4","15,9","12,5",12,79.0,77.0,78.0,192.0,"3,2",",8",
2026/07/24,1700 UTC,,,,,,,,,,,,,,,,,,
2026/07/24,1800 UTC,,,,,,,,,,,,,,,,,,
2026/07/24,1900 UTC,,,,,,,,,,,,,,,,,,
2026/07/24,2000 UTC,0,"928,9","929,3","928,7","41,3","16,2","12,4","16,2",16,"12,5","12,2",79.0,78.0,78.0,155.0,"2,8","1,2",
2026/07/24,2100 UTC,0,"929,6","929,7","928,9","4,8","15,8","12,6","16,2","15,7","12,6","12,2",82.0,78.0,82.0,195.0,"3,1",",4",
2026/07/24,2200 UTC,0,"930,2","930,2","929,6",,"15,6","12,4","15,8","15,5","12,6","12,4",82.0,81.0,81.0,214.0,"3,1",",8",
2026/07/24,2300 UTC,0,"929,6","930,3","929,6",,"15,5","12,4","15,6","15,5","12,4","12,3",82.0,81.0,82.0,175.0,"3,2","1,1",
2026/07/25,0000 UTC,0,"929,9","929,9","929,3",,"15,4","12,4","15,5","15,4","12,4","12,3",83.0,82.0,82.0,169.0,"4,2",",6",
2026/07/25,0100 UTC,0,"930,1","930,3","929,6",,"15,5","12,4","15,5","15,4","12,4","12,3",82.0,81.0,81.0,172.0,"2,9",",3",
2026/07/25,0200 UTC,0,"930,2","930,2","929,8",,"15,5","12,4","15,6","15,4","12,4","12,3",82.0,81.0,82.0,169.0,3,",4",
2026/07/25,0300 UTC,0,"931,1","931,1","930,2",,"15,3","12,3","15,5","15,3","12,4","12,2",82.0,82.0,82.0,261.0,"2,5",0,
2026/07/25,0400 UTC,0,"930,9","931,4","930,9",,"15,6","12,4","15,7","15,3","12,5","12,3",82.0,81.0,81.0,279.0,"2,1",",5",
2026/07/25,0500 UTC,",2","930,1",931,"929,7",,15,"12,8","15,6",15,"12,8","12,4",86.0,81.0,86.0,152.0,"3,4",",4",
2026/07/25,0600 UTC,",4","928,4","930,1","928,4",,"14,9",13,"15,1","14,8","13,2","12,8",89.0,86.0,88.0,82.0,"3,9","1,5",
2026/07/25,0700 UTC,0,"927,8","928,4","927,7",,"14,6","12,6","14,9","14,6",13,"12,6",88.0,87.0,88.0,266.0,"4,8",0,
2026/07/25,0800 UTC,0,"927,7","927,8","927,1",,"15,5","12,5","15,5","14,6","12,9","12,3",88.0,82.0,82.0,311.0,"3,9","1,8",
2026/07/25,0900 UTC,0,"928,5","928,5","927,3",,"14,6","12,5","15,7","14,6","12,6",12,88.0,80.0,88.0,228.0,"4,5",",9",
2026/07/25,1000 UTC,0,929,"929,1","928,4","3,3","14,4","12,7","14,8","14,3","12,9","12,5",89.0,88.0,89.0,221.0,"3,1",0,
2026/07/25,1100 UTC,0,930,"930,1","928,6","208,3","15,3",13,"15,3","14,4","13,3","12,7",89.0,86.0,86.0,334.0,"3,6","2,2",
2026/07/25,1200 UTC,0,"930,2","930,5","929,1","279,4","15,8","13,2","15,8","15,3","13,3","12,9",86.0,84.0,84.0,249.0,"3,6","1,6",
2026/07/25,1300 UTC,0,"929,4","930,3","929,3","511,5","16,5","12,8","16,7","15,8","13,5","12,8",84.0,79.0,79.0,142.0,"3,3","1,4",
2026/07/25,1400 UTC,0,"929,7","930,4","928,9","590,8","17,4","13,3","17,4","16,5","13,4","12,7",79.0,77.0,77.0,191.0,"3,8",",8",
2026/07/25,1500 UTC,0,930,"930,2","929,7","999,9","18,4",13,"18,7","17,3","13,7","12,6",77.0,70.0,71.0,225.0,"2,5",",6",
2026/07/25,1600 UTC,0,"929,8","930,2","929,8",943,"18,5","12,2","18,7","17,9","13,2","12,1",72.0,66.0,67.0,300.0,"4,3","2,5",
2026/07/25,1700 UTC,0,"929,3","929,9","929,3",888,"19,6","12,5","19,6","18,5","12,8","11,9",67.0,63.0,63.0,337.0,"4,5",2,
2026/07/25,1800 UTC,0,"928,7","929,3","928,7","1012,2","20,1","12,3","20,1","19,3","12,5","11,7",64.0,60.0,61.0,354.0,"6,6","2,6",
2026/07/25,1900 UTC,0,929,929,"928,7","910,4","19,8","11,9","20,3","19,7","12,4","11,5",61.0,58.0,60.0,337.0,"7,1","3,7",
2026/07/25,2000 UTC,0,"929,1","929,1","928,9","536,1","19,4","11,5","20,2","19,4","11,9","11,4",61.0,58.0,60.0,299.0,"6,4","1,6",
2026/07/25,2100 UTC,0,"929,9","929,9","929,1","36,5","18,5","11,8","19,4","18,5","11,8","11,5",65.0,60.0,65.0,328.0,"4,5","1,4",
2026/07/25,2200 UTC,0,"930,5","930,5","929,9",,"18,1","12,2","18,6","18,1","12,2","11,7",69.0,65.0,69.0,285.0,"3,4","1,2",
2026/07/25,2300 UTC,0,931,931,"930,5",,16,"13,3","18,1",16,"13,3","12,2",84.0,69.0,84.0,204.0,"3,2","1,4",
2026/07/26,0000 UTC,0,"931,8","931,8",931,,"15,8","13,4",16,"15,8","13,5","13,3",86.0,84.0,85.0,205.0,"3,7","1,6",
2026/07/26,0100 UTC,0,"932,3","932,5","931,8",,"15,7","13,3","15,9","15,7","13,4","13,3",86.0,85.0,86.0,221.0,"3,8","1,7",
2026/07/26,0200 UTC,0,"932,1","932,4","932,1",,"15,3","13,2","15,8","15,1","13,3","12,9",87.0,85.0,87.0,169.0,"3,5",0,
2026/07/26,0300 UTC,0,"931,6","932,1","931,6",,"15,5","12,7","15,6","15,3","13,3","12,7",87.0,84.0,84.0,155.0,"3,6","1,3",
2026/07/26,0400 UTC,0,"931,6","931,7","931,6",,"15,2",12,"15,5","15,1","12,7","11,9",84.0,81.0,81.0,168.0,4,",9",
2026/07/26,0500 UTC,0,"931,2","931,7","931,2",,"14,9","11,6","15,2","14,9",12,"11,5",81.0,80.0,81.0,199.0,"3,5","1,3",
2026/07/26,0600 UTC,0,"930,7","931,2","930,6",,"14,6","11,3","14,9","14,6","11,7","11,3",82.0,81.0,81.0,146.0,"4,1","1,6",
2026/07/26,0700 UTC,0,"930,3","930,7","930,2",,"14,5","10,7","14,7","14,5","11,4","10,7",81.0,78.0,78.0,136.0,"4,3","1,7",
2026/07/26,0800 UTC,0,"929,8","930,3","929,8",,"14,6","10,8","14,6","14,4","10,8","10,4",78.0,77.0,78.0,102.0,"4,3","1,1",
2026/07/26,0900 UTC,0,"930,1","930,1","929,8",,14,"10,4","14,6",14,"10,7","10,3",79.0,77.0,79.0,136.0,"4,5","2,1",
2026/07/26,1000 UTC,0,"930,2","930,3","930,1","4,3","13,9","10,4","14,2","13,9","10,6","10,4",80.0,79.0,79.0,110.0,"4,6","2,2",
2026/07/26,1100 UTC,0,"930,8","930,8","930,1","190,7","15,3","11,1","15,3","13,9","11,3","10,4",80.0,76.0,76.0,123.0,"4,4","1,3",
2026/07/26,1200 UTC,0,"931,6","931,6","930,8",870,"16,5","10,6","17,5","15,3",12,"10,6",76.0,67.0,68.0,62.0,"2,7",",5",
2026/07/26,1300 UTC,0,"931,6","931,8","931,5","1803,4","18,4","11,4","18,4","16,3","11,9","10,5",71.0,62.0,64.0,13.0,"2,9",",8",
2026/07/26,1400 UTC,0,"931,3","931,6","931,3","2332,4","20,3","11,1","20,3","18,1","11,9","10,2",65.0,56.0,56.0,131.0,"2,9",",7",
2026/07/26,1500 UTC,0,"930,5","931,3","930,5","2637,4","22,3","11,7","22,3","19,9","12,3",10,58.0,49.0,51.0,222.0,"3,1",",8",
2026/07/26,1600 UTC,0,"929,4","930,5","929,4","2682,9","23,4","10,4","23,5","21,3","11,3","9,4",52.0,40.0,44.0,169.0,"3,4",",7",
2026/07/26,1700 UTC,0,"928,6","929,4","928,6","2508,5","24,3","7,6","24,8","23,2","11,1","5,5",45.0,30.0,34.0,351.0,4,"1,5",
2026/07/26,1800 UTC,0,"928,1","928,6","928,1","2055,5",25,"7,7","25,4",24,"8,9","6,6",37.0,30.0,33.0,355.0,"4,8","1,7",
2026/07/26,1900 UTC,0,928,"928,2",928,"1417,8","24,7","9,4","25,3","24,5","9,4","5,7",38.0,30.0,38.0,343.0,"5,5","1,8",
2026/07/26,2000 UTC,0,"928,1","928,2","927,9","637,1","23,7","9,4","24,7","23,7",10,"8,3",40.0,36.0,40.0,318.0,"4,8","2,1",
2026/07/26,2100 UTC,0,"928,4","928,4","928,1","54,7","21,9","10,1","23,7","21,9","10,2","9,4",47.0,40.0,47.0,328.0,"4,4",2,
2026/07/26,2200 UTC,0,"928,8","928,8","928,4",,"20,6","10,7","21,9","20,6","10,8","10,1",53.0,47.0,53.0,1.0,"3,4","1,6",
2026/07/26,2300 UTC,0,"929,1","929,2","928,8",,"19,6",11,"20,6","19,6",11,"10,8",58.0,53.0,58.0,351.0,"2,9","1,1",
2026/07/27,0000 UTC,0,929,"929,2",929,,"19,2","10,7","19,6","19,2",11,"10,7",58.0,58.0,58.0,350.0,"2,9","1,8",
2026/07/27,0100 UTC,0,"929,1","929,2",929,,"17,9","10,6","19,2","17,9","10,8","10,6",62.0,58.0,62.0,14.0,"3,2",",1",
2026/07/27,0200 UTC,0,929,"929,1",929,,"17,7","10,9","18,2","17,5","10,9","10,6",65.0,62.0,64.0,72.0,",9",0,
2026/07/27,0300 UTC,0,"928,9",929,"928,9",,"16,6","10,9","17,7","16,6",11,"10,6",69.0,64.0,69.0,315.0,0,0,
2026/07/27,0400 UTC,0,"928,9",929,"928,9",,"16,2","11,1","17,2","16,1","11,2","10,9",72.0,67.0,72.0,292.0,0,0,
2026/07/27,0500 UTC,0,"928,7",929,"928,6",,"15,6","11,3","16,3","15,6","11,4","11,1",75.0,72.0,75.0,296.0,0,0,
2026/07/27,0600 UTC,0,"928,2","928,8","928,1",,"15,4","11,1","15,9","15,4","11,5",11,76.0,75.0,75.0,42.0,0,0,
2026/07/27,0700 UTC,0,"928,6","928,6","928,2",,"14,8",11,"15,4","14,5","11,5","10,8",80.0,75.0,78.0,172.0,0,0,
2026/07/27,0800 UTC,0,"928,5","928,7","928,4",,"14,6",11,"14,8","14,5","11,3",11,80.0,78.0,79.0,44.0,0,0,
2026/07/27,0900 UTC,0,"928,6","928,6","928,3",,"13,9","10,5","14,6","13,8","11,2","10,3",80.0,78.0,80.0,14.0,0,0,
2026/07/27,1000 UTC,0,"928,9","928,9","928,6","3,3","13,9","10,2","14,3","13,8","10,6","10,1",80.0,78.0,79.0,109.0,0,0,
2026/07/27,1100 UTC,0,"929,7","929,7","928,9",184,"16,3","10,5","16,3","13,8","10,8","9,5",79.0,69.0,69.0,87.0,"1,6",",2",
2026/07/27,1200 UTC,0,"930,3","930,3","929,7",849,"18,5","10,9","18,9","16,3","11,6","10,3",69.0,61.0,61.0,144.0,"2,9",",3",
2026/07/27,1300 UTC,0,"930,1","930,3",930,"1771,5","21,1","11,3","21,1","18,4","11,3","10,2",61.0,52.0,54.0,153.0,"2,1",",7",
2026/07/27,1400 UTC,0,"929,6","930,2","929,6","2283,8","23,1",11,"23,2","20,8","11,7",10,54.0,45.0,46.0,90.0,"2,3",",6",
2026/07/27,1500 UTC,0,929,"929,6",929,"2586,4","24,9","11,1","25,5",23,"12,2","10,5",47.0,41.0,42.0,304.0,"2,7",",9",
2026/07/27,1600 UTC,0,"927,7",929,"927,7","2656,9","26,3","10,8","26,4","24,3","12,1","10,5",44.0,38.0,38.0,328.0,"4,6",",9",
2026/07/27,1700 UTC,0,"926,8","927,7","926,8","2483,3","27,5","10,6","27,6","26,1","11,7","10,2",40.0,35.0,35.0,325.0,"3,5","1,4",
2026/07/27,1800 UTC,,,,,,,,,,,,,,,,,,
2026/07/27,1900 UTC,0,"925,9","926,2","925,9","1374,3","26,9","8,1",28,"26,9","9,7",8,33.0,30.0,31.0,78.0,4,"1,5",
2026/07/27,2000 UTC,0,"926,4","926,4","925,9","622,7","26,2","9,6","28,2","26,2","10,1","8,4",35.0,30.0,35.0,30.0,"3,6","1,7",
2026/07/27,2100 UTC,0,"926,4","926,5","926,4","56,5","24,4","10,1","26,2","24,4","10,1","9,3",40.0,35.0,40.0,26.0,"3,6","1,1",
2026/07/27,2200 UTC,0,"926,9","926,9","926,4",,"23,3","10,3","24,4","23,3","10,3","9,7",44.0,40.0,44.0,334.0,"2,5","1,4",
2026/07/27,2300 UTC,0,"927,4","927,5","926,9",,"21,9","11,3","23,2","21,6","11,3","10,4",51.0,44.0,51.0,44.0,"2,5",0,
2026/07/28,0000 UTC,0,"927,5","927,6","927,3",,"21,2","11,5","22,2","20,9","11,6","11,2",55.0,50.0,54.0,77.0,2,",1",
2026/07/28,0100 UTC,0,928,928,"927,5",,"20,2","11,6","21,2","20,1","11,6","11,4",58.0,54.0,58.0,24.0,"1,7",0,
2026/07/28,0200 UTC,0,"928,1","928,2",928,,"19,5","11,8","20,2","19,5","11,8","11,5",61.0,57.0,61.0,34.0,0,0,
2026/07/28,0300 UTC,0,"928,1","928,2","928,1",,"18,7",12,"19,5","18,6",12,"11,7",65.0,61.0,65.0,65.0,0,0,
2026/07/28,0400 UTC,0,"928,4","928,5","928,1",,"17,4","11,8","18,7","17,4",12,"11,5",69.0,64.0,69.0,160.0,0,0,
2026/07/28,0500 UTC,0,"927,8","928,5","927,8",,"17,4","11,9","18,3","17,4","12,3","11,9",70.0,67.0,70.0,85.0,0,0,
2026/07/28,0600 UTC,0,"927,4","927,8","927,4",,"16,4",12,"17,6","16,1","12,1","11,6",75.0,70.0,75.0,63.0,0,0,
2026/07/28,0700 UTC,0,"926,9","927,4","926,9",,"16,3","11,8","16,5",16,12,"11,7",76.0,74.0,75.0,92.0,0,0,
2026/07/28,0800 UTC,0,"926,6","926,9","926,6",,"15,8","11,6","16,4","15,7","11,8","11,3",76.0,74.0,76.0,101.0,"2,5",",9",
2026/07/28,0900 UTC,0,"927,1","927,1","926,6",,"15,1","11,5","15,9","15,1","11,6","11,3",80.0,76.0,79.0,127.0,"2,4",",7",
2026/07/28,1000 UTC,0,"927,7","927,7","927,1","3,9","14,9","11,7","15,1","14,5",12,"11,4",82.0,79.0,81.0,116.0,"2,4",",7",
2026/07/28,1100 UTC,0,"928,4","928,4","927,7","198,6","17,2","12,5","17,4","14,9","13,1","11,7",82.0,74.0,74.0,120.0,"3,1",",1",
2026/07/28,1200 UTC,0,"928,9","928,9","928,4","907,3","19,7","12,1","19,8","17,1",13,12,74.0,62.0,62.0,115.0,"1,9",",7",
2026/07/28,1300 UTC,0,"929,2","929,2","928,9","1802,9","22,9","11,5","22,9","19,7","13,1","11,5",61.0,49.0,49.0,52.0,"2,4",",7",
2026/07/28,1400 UTC,0,929,"929,2",929,"2346,4","24,2","11,3","24,2","22,9","12,4","10,6",50.0,44.0,44.0,345.0,"7,9","3,4",
2026/07/28,1500 UTC,0,"928,1",929,"928,1","2652,8","25,8","10,4","26,4","24,2","11,8","10,4",45.0,38.0,38.0,349.0,"6,9","2,6",
2026/07/28,1600 UTC,0,"927,2","928,1","927,2","2698,6","26,5","9,8","26,9","25,6","10,6","8,9",39.0,33.0,35.0,326.0,"8,1","3,4",
2026/07/28,1700 UTC,0,"926,5","927,2","926,5","2502,8","27,7","8,4",28,"26,1","10,2","8,3",35.0,30.0,30.0,328.0,"7,8",2,
2026/07/28,1800 UTC,0,"925,7","926,5","925,7","2055,7","28,1","8,5","28,6","27,3","9,6","8,5",32.0,29.0,29.0,10.0,"6,1","1,7",
2026/07/28,1900 UTC,0,"925,4","925,7","925,3","1430,6","28,4","8,2","28,8","27,9","9,2","7,8",31.0,28.0,28.0,350.0,"5,5","1,7",
2026/07/28,2000 UTC,0,"925,4","925,4","925,3","667,4","27,5","8,1","28,4","27,1","8,7","7,7",30.0,28.0,29.0,27.0,"4,6","1,1",
2026/07/28,2100 UTC,0,"925,7","925,7","925,4","56,2",25,"9,6","27,5",25,"9,6","8,2",38.0,29.0,38.0,11.0,"3,9","1,4",
2026/07/28,2200 UTC,0,"926,1","926,1","925,7",,"24,1","9,9",25,"24,1","9,9","9,6",41.0,38.0,40.0,6.0,"3,6",2,
2026/07/28,2300 UTC,0,"926,6","926,6","926,1",,"23,4","9,4","24,1","23,3","9,8","9,4",42.0,40.0,41.0,20.0,4,"1,9",
2026/07/29,0000 UTC,0,"926,6","926,7","926,6",,"22,7","9,4","23,6","22,4","9,9","9,3",45.0,40.0,43.0,41.0,"3,3",",9",
2026/07/29,0100 UTC,0,"926,9","926,9","926,6",,21,"10,5","22,7","20,9","10,8","9,3",52.0,43.0,51.0,185.0,"1,7",0,
2026/07/29,0200 UTC,0,"926,9",927,"926,8",,"19,8","10,3","21,4","19,8","10,9","10,3",54.0,50.0,54.0,132.0,"2,4",",2",
2026/07/29,0300 UTC,0,"926,6",927,"926,6",,"20,2",10,"20,6","19,7","10,7","9,9",56.0,51.0,52.0,81.0,"1,7",0,
2026/07/29,0400 UTC,0,927,927,"926,6",,"19,1","10,9","20,2",19,11,"9,8",59.0,52.0,59.0,227.0,0,0,
2026/07/29,0500 UTC,0,"926,4",927,"926,4",,"19,3","10,6","19,4","18,6",11,"10,5",60.0,57.0,57.0,121.0,"1,9",",4",
2026/07/29,0600 UTC,0,926,"926,4","925,9",,"21,3","10,1","21,3","19,2","10,8","9,7",58.0,49.0,49.0,15.0,"6,3","1,5",
2026/07/29,0700 UTC,0,"925,9","926,1","925,8",,"19,3","10,1","21,3","18,7","10,4","9,7",58.0,49.0,55.0,50.0,"6,3",",6",
2026/07/29,0800 UTC,0,"926,1","926,2","925,9",,"17,4",11,"19,3","17,4","11,2","10,1",66.0,55.0,66.0,259.0,"2,8",0,
2026/07/29,0900 UTC,0,"925,6","926,1","925,6",,"17,2","11,4","18,1","16,9","11,4","10,9",69.0,64.0,69.0,137.0,0,0,
2026/07/29,1000 UTC,0,926,926,"925,5","5,5","17,2","11,3","18,2","16,9","11,5","10,8",69.0,63.0,68.0,226.0,"2,4",1,
2026/07/29,1100 UTC,0,"925,9","926,1","925,7","212,8",22,"10,7",22,"17,2","11,8","10,5",68.0,48.0,49.0,97.0,"4,9","1,6",
2026/07/29,1200 UTC,0,"925,5","926,1","925,5","893,9","24,5","10,9","24,5","21,9","12,5",10,52.0,42.0,43.0,103.0,"6,2","1,1",
2026/07/29,1300 UTC,0,926,926,"925,5","1792,2","26,4",7,"26,7","24,4","10,9","6,8",43.0,29.0,29.0,38.0,"8,4","3,4",
2026/07/29,1400 UTC,0,"926,6","926,6",926,"2293,6","27,1",8,"27,3","26,2","8,5","6,9",32.0,29.0,30.0,355.0,"9,1","3,9",
2026/07/29,1500 UTC,0,"926,8","926,8","926,3","2327,8","27,6","8,7","27,6","26,7","8,8","7,7",32.0,29.0,31.0,8.0,11,"3,7",
2026/07/29,1600 UTC,0,"925,8","926,8","925,8",2315,"28,6","7,7","28,8","27,4",9,"7,3",31.0,27.0,27.0,360.0,"12,8","4,2",
2026/07/29,1700 UTC,,,,,,,,,,,,,,,,,,
2026/07/29,1800 UTC,,,,,,,,,,,,,,,,,,
2026/07/29,1900 UTC,,,,,,,,,,,,,,,,,,
2026/07/29,2000 UTC,,,,,,,,,,,,,,,,,,
2026/07/29,2100 UTC,,,,,,,,,,,,,,,,,,
2026/07/29,2200 UTC,,,,,,,,,,,,,,,,,,
2026/07/29,2300 UTC,,,,,,,,,,,,,,,,,,
2026/07/30,0000 UTC,",2","928,4","928,9","927,2",,18,"11,3","19,2","17,5","11,5","10,1",68.0,56.0,65.0,203.0,"7,5","1,1",
2026/07/30,0100 UTC,0,"928,6","928,6",928,,"18,1","10,3","19,2","18,1","11,4","9,8",65.0,55.0,61.0,200.0,"7,5",0,
2026/07/30,0200 UTC,0,"929,2","929,3","928,6",,"17,6","11,2","18,1","17,3","11,4","10,4",68.0,61.0,66.0,165.0,0,0,
2026/07/30,0300 UTC,0,"929,3","929,4","929,2",,"17,2","11,4","17,7","17,2","11,5",11,69.0,65.0,69.0,62.0,0,0,
2026/07/30,0400 UTC,0,"929,5","929,5","929,2",,"16,4","11,4","17,3","16,4","11,8","11,3",73.0,69.0,72.0,193.0,0,0,
2026/07/30,0500 UTC,0,"929,7","929,8","929,4",,"16,3","11,6","16,7","15,9","12,1","11,4",76.0,72.0,74.0,70.0,0,0,
2026/07/30,0600 UTC,0,"930,1","930,1","929,6",,"15,5","11,7","16,3","15,5","11,8","11,5",78.0,74.0,78.0,53.0,0,0,
2026/07/30,0700 UTC,0,"929,8","930,2","929,8",,"15,8","11,7","16,2","15,4","11,9","11,5",78.0,75.0,76.0,104.0,0,0,
2026/07/30,0800 UTC,0,"929,7","929,9","929,6",,"15,5",11,"15,8","15,5","11,8",11,78.0,75.0,75.0,131.0,0,0,
2026/07/30,0900 UTC,0,"929,6","929,7","929,5",,"14,9","10,2","15,5","14,8",11,"10,2",75.0,73.0,73.0,207.0,"3,1",",8",
2026/07/30,1000 UTC,0,"930,8","930,8","929,6","7,5","14,9","10,7","15,1","14,6","10,8","10,1",76.0,73.0,76.0,140.0,"3,3",",5",
2026/07/30,1100 UTC,0,"932,2","932,2","930,8","274,9","15,2","11,5","15,3","14,6","11,7","10,7",81.0,76.0,79.0,168.0,"4,4","1,3",
2026/07/30,1200 UTC,0,"932,9","932,9","932,2",274,"15,3","11,4","15,6","15,1","11,7","11,2",79.0,76.0,78.0,152.0,"6,1","2,4",
2026/07/30,1300 UTC,0,"933,6","933,6","932,9","376,5","16,3","11,6","16,3","15,2","11,7","11,1",78.0,73.0,73.0,154.0,"6,1","1,8",
2026/07/30,1400 UTC,0,"933,6","933,9","933,6","997,7","18,1","11,8","18,1","16,4","11,9","10,9",73.0,67.0,67.0,166.0,"5,4","1,7",
2026/07/30,1500 UTC,0,"932,9","933,6","932,8","2457,6","19,9","11,5","20,4","18,1","12,3","10,1",67.0,54.0,59.0,149.0,"6,7","2,8",
2026/07/30,1600 UTC,0,"932,3","932,9","932,3","2643,6","21,7","10,6","21,9","19,6","11,6","10,3",59.0,48.0,49.0,157.0,"6,7","1,6",
2026/07/30,1700 UTC,0,"931,8","932,3","931,8","2457,4","22,2","9,3",23,21,"11,3","9,2",50.0,42.0,44.0,142.0,"6,5","2,1",
2026/07/30,1800 UTC,0,"931,2","931,8","931,2","1518,8","22,2","9,4","22,7","21,5","9,9","8,6",46.0,42.0,44.0,145.0,"6,5",2,
2026/07/30,1900 UTC,0,"931,3","931,3",931,"963,9","20,5","12,1","22,9","20,5","12,3","9,3",59.0,42.0,59.0,198.0,"6,6","2,7",
2026/07/30,2000 UTC,0,"931,5","931,6","931,3",504,"18,6","12,2","20,5","18,6","12,6","12,1",67.0,59.0,66.0,183.0,"6,8","2,2",
2026/07/30,2100 UTC,,,,,,,,,,,,,,,,,,
2026/07/30,2200 UTC,,,,,,,,,,,,,,,,,,
2026/07/30,2300 UTC,,,,,,,,,,,,,,,,,,
2026/07/31,0000 UTC,0,"933,4","933,4","932,7",,"16,2","12,5","16,4","16,2","12,6","12,4",79.0,78.0,79.0,177.0,"4,4","1,2",
2026/07/31,0100 UTC,0,"934,1","934,1","933,5",,16,"12,3","16,2","15,8","12,6","12,3",81.0,79.0,79.0,161.0,"4,7",1,
2026/07/31,0200 UTC,0,"934,4","934,4","934,1",,"15,6","12,1",16,"15,6","12,2",12,80.0,78.0,80.0,155.0,"4,8","1,7",
2026/07/31,0300 UTC,0,"934,4","934,6","934,4",,"15,6","11,7","15,6","15,3","12,1","11,5",81.0,78.0,78.0,159.0,"5,9","1,9",
2026/07/31,0400 UTC,0,"934,1","934,4","934,1",,"15,8","11,9","15,9","15,6","11,9","11,7",78.0,77.0,78.0,148.0,"5,6","2,1",
2026/07/31,0500 UTC,0,"933,8","934,1","933,8",,"15,5","12,2","15,8","15,5","12,2","11,8",81.0,77.0,81.0,166.0,"5,3","1,4",
2026/07/31,0600 UTC,0,"933,4","933,8","933,4",,"15,4","12,5","15,5","15,3","12,5","12,2",83.0,81.0,83.0,151.0,"5,1","2,1",
2026/07/31,0700 UTC,0,"932,6","933,4","932,5",,"15,1","12,1","15,4","14,9","12,7","12,1",86.0,82.0,82.0,127.0,"6,3","2,1",
2026/07/31,0800 UTC,0,"932,6","932,7","932,5",,"15,1","11,7","15,2","14,9","12,1","11,6",82.0,80.0,80.0,124.0,"6,9","2,3",
2026/07/31,0900 UTC,0,"933,3","933,3","932,6",,"15,4","11,8","15,4","14,9","11,8","11,6",81.0,79.0,79.0,143.0,"6,7","1,9",
2026/07/31,1000 UTC,0,"933,8","933,8","933,3","4,3","15,8","11,3","15,8","15,4","11,8","11,2",79.0,74.0,75.0,139.0,6,"2,2",
2026/07/31,1100 UTC,0,"934,2","934,2","933,8","187,9",16,"11,5","16,1","15,8","11,6","11,1",76.0,73.0,75.0,128.0,"7,1","3,2",
2026/07/31,1200 UTC,0,"934,8","934,8","934,2","379,4","16,2","10,7","16,4",16,"11,7","10,7",75.0,70.0,70.0,133.0,"8,7",4,
2026/07/31,1300 UTC,0,"935,2","935,2","934,8","768,7","17,3","10,9","17,3","16,2","11,1","10,7",70.0,66.0,66.0,143.0,"8,8","2,8",
2026/07/31,1400 UTC,0,"935,1","935,2","935,1","1483,3","17,7","10,3","18,3","17,1",11,"10,2",66.0,61.0,62.0,131.0,"8,9","3,6",
2026/07/31,1500 UTC,0,"934,2","935,1","934,2","2687,3","19,3","10,3","19,9","17,7","11,3","9,9",62.0,54.0,56.0,143.0,8,"3,7",
2026/07/31,1600 UTC,0,"933,5","934,2","933,5","2769,7","21,1","9,4","21,6","19,2","11,3","9,4",57.0,47.0,47.0,144.0,"7,4","2,4",
2026/07/31,1700 UTC,0,"932,4","933,5","932,4","2602,9","22,2","9,3","22,5","20,9","10,5","8,8",50.0,42.0,44.0,131.0,"6,5","2,5",
2026/07/31,1800 UTC,0,"931,7","932,4","931,7","2157,4","22,9","8,4","23,6","22,2","9,7","8,3",44.0,38.0,39.0,131.0,"6,1","2,3",
2026/07/31,1900 UTC,,,,,,,,,,,,,,,,,,
2026/07/31,2000 UTC,0,"931,7","931,7","931,5",710,"22,5","9,4","23,5","22,5","9,4","6,9",43.0,35.0,43.0,139.0,"5,4","1,5",
2026/07/31,2100 UTC,0,"932,1","932,1","931,7","67,9",18,"13,3","22,6",18,"13,3","10,3",74.0,44.0,74.0,204.0,6,"1,7",
2026/07/31,2200 UTC,0,"932,6","932,6","932,1",,"16,8","13,4",18,"16,7","13,4","13,2",80.0,74.0,80.0,185.0,"4,9","1,5",
2026/07/31,2300 UTC,0,"933,2","933,2","932,6",,"16,7","13,1","17,2","16,7","13,6",13,80.0,78.0,79.0,163.0,"5,4","1,1",
