DATA,HORA,CONCESSIONARIA,RODOVIA,KM,SENTIDO,LATITUDE,LONGITUDE,CLASSE,SUBCLASSE,CAUSA_PROVAVEL,VITIMA_ILESA,VITIMA_LEVE,VITIMA_MODERADA,VITIMA_GRAVE,VITIMA_FATAL,VEICULOS_ENVOLVIDOS,MUNICIPIO,REGIAO_ADMINISTRATIVA,REGIONAL_DER,JURISDICAO
2020-01-01,09:14:00,L29-VIAPAULISTA,SP330,300.0,SUL,-21.27370071,-47.75492096,CHOQUE,CHOQUE-OBJETO NA PISTA,OBJETO NA PISTA,0,0,0,0,0,AUTOMÓVEL=1,CRAVINHOS,RIBEIRÃO PRETO,RIBEIRÃO PRETO,ESTADUAL
2020-01-01,11:33:00,L01-AUTOBAN,SP330,109.1,NORTE,-22.82690396,-47.18473648,CHOQUE,CHOQUE-DEFENSA METÁLICA,NÃO INFORMADO,0,0,0,0,0,AUTOMÓVEL=1,SUMARÉ,CAMPINAS,CAMPINAS,ESTADUAL
2020-01-01,14:15:00,L29-VIAPAULISTA,SP330,257.9,SUL,-21.61567307,-47.61617661,TOMBAMENTO,TOMBAMENTO,IMPRUD. CONDUTOR-LEVOU FECHADA,1,1,0,0,0,MOTO=1,SANTA RITA DO PASSA QUATRO,CENTRAL,RIBEIRÃO PRETO,ESTADUAL
2020-01-01,18:22:00,L01-AUTOBAN,SP330,61.7,SUL,-23.17076144,-46.92424089,COLISÃO,COLISÃO-LATERAL,NÃO INFORMADO,0,0,0,0,1,AUTOMÓVEL=2|MOTO=1,JUNDIAÍ,CAMPINAS,CAMPINAS,ESTADUAL
2020-01-01,18:59:00,L29-VIAPAULISTA,SP330,281.0,SUL,-21.41457558,-47.66422272,CHOQUE,CHOQUE-OUTROS,FALHA DE EQUIP. PEDÁGIO-PISTA AVI,1,0,0,0,0,CAMINHÃO=1,SÃO SIMÃO,RIBEIRÃO PRETO,RIBEIRÃO PRETO,ESTADUAL
2020-01-01,22:27:00,L01-AUTOBAN,SP330,46.5,SUL,-23.285299,-46.86953455,CHOQUE,CHOQUE-BARREIRA DE CONCRETO,NÃO INFORMADO,0,1,0,0,0,AUTOMÓVEL=1,CAJAMAR,REG. METROPOLITANA SÃO PAULO,SÃO PAULO,ESTADUAL
2020-01-02,05:48:00,L06-INTERVIAS,SP330,208.0,NORTE,-22.0177002,-47.43889999,CHOQUE,"CHOQUE - DEFENSA, BARREIRA OU ""SUBMARINO""",IMPRUD. CONDUTOR-PERDA DE CONTROLE,0,2,0,1,0,AUTOMÓVEL=1,PIRASSUNUNGA,CAMPINAS,RIO CLARO,ESTADUAL
2020-01-02,05:59:00,L06-INTERVIAS,SP330,176.75,SUL,-22.29392433,-47.39300156,CHOQUE,"CHOQUE - DEFENSA, BARREIRA OU ""SUBMARINO""",IMPRUD. CONDUTOR-PERDA DE CONTROLE,0,1,0,0,0,CAMINHÃO=1,ARARAS,CAMPINAS,RIO CLARO,ESTADUAL
2020-01-02,12:08:00,L01-AUTOBAN,SP330,153.26,NORTE,-22.50324541,-47.39901945,CHOQUE,CHOQUE-BARREIRA DE CONCRETO,NÃO INFORMADO,0,0,0,0,0,CAMINHÃO=1,CORDEIRÓPOLIS,CAMPINAS,RIO CLARO,ESTADUAL
2020-01-02,14:06:00,L28-ENTREVIAS,SP330,350.0,SUL,-20.8508397261,-47.8957550462,COLISÃO,COLISÃO-TRASEIRA,IMPRUD. CONDUTOR-EXCESSO DE VELOCIDADE,2,0,0,0,0,AUTOMÓVEL=2,SALES OLIVEIRA,FRANCA,RIBEIRÃO PRETO,ESTADUAL
2020-01-02,14:12:00,L06-INTERVIAS,SP330,179.9,NORTE,-22.26568985,-47.3909111,COLISÃO,COLISÃO-TRASEIRA,IMPRUD. CONDUTOR,4,0,0,0,0,AUTOMÓVEL=1|CAMINHÃO=1,ARARAS,CAMPINAS,RIO CLARO,ESTADUAL
2020-01-02,17:32:00,L01-AUTOBAN,SPM330D,99.95,NORTE,-22.88070171,-47.11736609,ENGAVETAMENTO,ENGAVETAMENTO,NÃO INFORMADO,0,0,0,0,0,AUTOMÓVEL=1|NÃO INFORMADO=2,CAMPINAS,CAMPINAS,CAMPINAS,ESTADUAL
2020-01-02,17:34:00,L06-INTERVIAS,SP330,191.5,SUL,-22.16614914,-47.39965057,COLISÃO,COLISÃO-TRASEIRA,IMPRUD. CONDUTOR,3,0,0,0,0,AUTOMÓVEL=1|CAMINHÃO=1,LEME,CAMPINAS,RIO CLARO,ESTADUAL
2020-01-02,18:51:00,L01-AUTOBAN,SP330,149.7,SUL,-22.53243004,-47.38517366,COLISÃO,COLISÃO-LATERAL,NÃO INFORMADO,0,0,0,0,0,AUTOMÓVEL=1|CAMINHÃO=1,LIMEIRA,CAMPINAS,RIO CLARO,ESTADUAL
2020-01-02,21:00:00,L01-AUTOBAN,SP330,12.86,NORTE,-23.50808619,-46.73915037,TOMBAMENTO,TOMBAMENTO-MOTO,NÃO INFORMADO,0,0,0,0,0,AUTOMÓVEL=2|MOTO=1,SÃO PAULO,REG. METROPOLITANA SÃO PAULO,SÃO PAULO,ESTADUAL
2020-01-02,22:16:00,L01-AUTOBAN,SP330,88.0,SUL,-22.96619255,-47.05355823,CHOQUE,CHOQUE-BARREIRA DE CONCRETO,NÃO INFORMADO,0,2,0,0,0,AUTOMÓVEL=1,CAMPINAS,CAMPINAS,CAMPINAS,ESTADUAL
2020-01-02,22:50:00,L01-AUTOBAN,SP330,23.62,NORTE,-23.43827098,-46.7865131,CHOQUE,CHOQUE-VEÍCULO PARADO NA PISTA,NÃO INFORMADO,0,0,0,1,0,CARRETA=1|UTILITÁRIO=1,SÃO PAULO,REG. METROPOLITANA SÃO PAULO,SÃO PAULO,ESTADUAL
2020-01-02,23:12:00,L01-AUTOBAN,SP330,23.58,NORTE,-23.43866374,-46.78653692,CHOQUE,CHOQUE-VEÍCULO PARADO NA PISTA,NÃO INFORMADO,0,2,0,0,0,AUTOMÓVEL=1|CARRETA=1,SÃO PAULO,REG. METROPOLITANA SÃO PAULO,SÃO PAULO,ESTADUAL
2020-01-03,00:35:00,L01-AUTOBAN,SP330,34.2,NORTE,-23.3743956,-46.8410856,CHOQUE,CHOQUE-VEÍCULO PARADO NO ACOSTAMENTO,NÃO INFORMADO,0,0,0,0,0,AUTOMÓVEL=1|VIATURA CONCESSIONÁRIA=1,CAJAMAR,REG. METROPOLITANA SÃO PAULO,SÃO PAULO,ESTADUAL
2020-01-03,00:44:00,L01-AUTOBAN,SP330,14.8,NORTE,-23.50129239,-46.75355549,CHOQUE,CHOQUE-POSTE,NÃO INFORMADO,0,0,0,0,0,AUTOMÓVEL=1,SÃO PAULO,REG. METROPOLITANA SÃO PAULO,SÃO PAULO,ESTADUAL
2020-01-03,02:46:00,L01-AUTOBAN,SP330,61.7,SUL,-23.17076144,-46.92424089,CHOQUE,CHOQUE-BARREIRA DE CONCRETO,NÃO INFORMADO,0,0,0,0,0,UTILITÁRIO=1,JUNDIAÍ,CAMPINAS,CAMPINAS,ESTADUAL
2020-01-03,06:54:00,L01-AUTOBAN,SP330,21.5,NORTE,-23.45686622,-46.78394794,CHOQUE,CHOQUE-BARREIRA DE CONCRETO,NÃO INFORMADO,0,0,0,0,0,AUTOMÓVEL=1,SÃO PAULO,REG. METROPOLITANA SÃO PAULO,SÃO PAULO,ESTADUAL
2020-01-03,11:42:00,L01-AUTOBAN,SP330,118.0,SUL,-22.76903417,-47.24156499,CHOQUE,CHOQUE-PRAÇA MANUAL-(ENTRE VEÍCULOS),NÃO INFORMADO,0,0,0,0,0,AUTOMÓVEL=2,NOVA ODESSA,CAMPINAS,RIO CLARO,ESTADUAL
2020-01-03,14:57:00,L01-AUTOBAN,SP330,97.2,SUL,-22.90275231,-47.10846733,CHOQUE,CHOQUE-BARREIRA DE CONCRETO,NÃO INFORMADO,0,1,0,0,0,AUTOMÓVEL=1,CAMPINAS,CAMPINAS,CAMPINAS,ESTADUAL
2020-01-03,17:09:00,L01-AUTOBAN,SP330,83.27,NORTE,-23.00337373,-47.02927832,TOMBAMENTO,TOMBAMENTO-MOTO,NÃO INFORMADO,0,1,0,0,0,MOTO=1,VALINHOS,CAMPINAS,CAMPINAS,ESTADUAL
2020-01-03,21:20:00,L29-VIAPAULISTA,SP330,281.0,NORTE,-21.41406631,-47.66450119,CHOQUE,CHOQUE-CANCELA DE PEDÁGIO-MANUAL,FALHA DE EQUIP. PEDÁGIO-PISTA AVI,1,0,0,0,0,CAMINHONETE=1,SÃO SIMÃO,RIBEIRÃO PRETO,RIBEIRÃO PRETO,ESTADUAL
2020-01-03,21:20:00,L29-VIAPAULISTA,SP330,281.0,NORTE,-21.41406631,-47.66450119,CHOQUE,CHOQUE-CANCELA DE PEDÁGIO-MANUAL,FALHA DE EQUIP. PEDÁGIO-PISTA AVI,1,0,0,0,0,CAMINHONETE=1,SÃO SIMÃO,RIBEIRÃO PRETO,RIBEIRÃO PRETO,ESTADUAL
2020-01-03,21:32:00,L28-ENTREVIAS,SP330,393.0,SUL,-20.4783806636,-47.8415741359,CHOQUE,CHOQUE-DEFENSA METÁLICA,FATOR-HUMANO,2,0,0,0,0,AUTOMÓVEL=1|ÔNIBUS=1,GUARÁ,FRANCA,RIBEIRÃO PRETO,ESTADUAL
2020-01-04,00:52:00,L29-VIAPAULISTA,SP330,289.95,SUL,-21.35719299,-47.72285843,CHOQUE,CHOQUE-ELEMENTO DE DRENAGEM,IMPRUD. CONDUTOR-DORMIR AO VOLANTE,1,0,0,0,0,AUTOMÓVEL=1,CRAVINHOS,RIBEIRÃO PRETO,RIBEIRÃO PRETO,ESTADUAL
2020-01-04,08:02:00,L28-ENTREVIAS,SP330,373.0,SUL,-20.6455441076,-47.8807651795,OBJETO LANÇADO CONTRA O VEÍCULO,OBJETO LANÇADO CONTRA VEÍCULO,OBJETO LANÇADO-TERCEIROS,1,0,0,0,0,AUTOMÓVEL=1,ORLÂNDIA,FRANCA,RIBEIRÃO PRETO,ESTADUAL
2020-01-04,10:53:00,L28-ENTREVIAS,SP330,384.2,SUL,-20.5514564817,-47.8607044458,ATROPELAMENTO DE ANIMAL,ATROP. ANIMAL-DOMÉSTICO PEQUENO PORTE,ANIMAL NA RODOVIA,1,0,0,0,0,AUTOMÓVEL=1,SÃO JOAQUIM DA BARRA,FRANCA,RIBEIRÃO PRETO,ESTADUAL
2020-01-04,11:10:00,L06-INTERVIAS,SP330,216.0,SUL,-21.94910049,-47.46269989,OBJETO LANÇADO CONTRA O VEÍCULO,OBJETO LANÇADO CONTRA VEÍCULO,OBJETO LANÇADO,2,0,0,0,0,AUTOMÓVEL=1,PIRASSUNUNGA,CAMPINAS,RIO CLARO,ESTADUAL
2020-01-04,11:33:00,L28-ENTREVIAS,SP330,350.0,NORTE,-20.8508552092,-47.8953475761,CHOQUE,CHOQUE-CANCELA DE PEDÁGIO,EXCESSO LATERAL,1,0,0,0,0,CAMINHÃO=1,SALES OLIVEIRA,FRANCA,RIBEIRÃO PRETO,ESTADUAL
2020-01-04,14:15:00,L06-INTERVIAS,SP330,183.0,SUL,-22.2378006,-47.39110184,OBJETO LANÇADO CONTRA O VEÍCULO,OBJETO LANÇADO CONTRA VEÍCULO,OBJETO LANÇADO,2,0,0,0,0,CAMINHONETE=1,LEME,CAMPINAS,RIO CLARO,ESTADUAL
2020-01-04,15:10:00,L01-AUTOBAN,SP330,52.0,NORTE,-23.24008425,-46.86899006,ATROPELAMENTO DE ANIMAL,ATROP. ANIMAL,NÃO INFORMADO,0,0,0,0,0,AUTOMÓVEL=1,JUNDIAÍ,CAMPINAS,CAMPINAS,ESTADUAL
2020-01-04,15:40:00,L29-VIAPAULISTA,SP330,289.7,SUL,-21.36003304,-47.72147369,ATROPELAMENTO DE ANIMAL,ATROP. ANIMAL,ANIMAL NA RODOVIA,3,0,0,0,0,AUTOMÓVEL=1,CRAVINHOS,RIBEIRÃO PRETO,RIBEIRÃO PRETO,ESTADUAL
2020-01-04,16:31:00,L01-AUTOBAN,SP330,34.6,NORTE,-23.37180681,-46.84305279,CHOQUE,CHOQUE-TALUDE OU BARRANCO,NÃO INFORMADO,0,1,0,0,0,AUTOMÓVEL=1,CAJAMAR,REG. METROPOLITANA SÃO PAULO,SÃO PAULO,ESTADUAL
2020-01-04,17:12:00,L01-AUTOBAN,SPM330D,106.1,NORTE,-22.84580156,-47.16473247,COLISÃO,COLISÃO-TRASEIRA,NÃO INFORMADO,0,0,2,0,0,AUTOMÓVEL=1|MOTO=1,SUMARÉ,CAMPINAS,CAMPINAS,ESTADUAL
2020-01-04,17:26:00,L29-VIAPAULISTA,SP330,307.38,NORTE,-21.21128464,-47.75865936,CHOQUE,"CHOQUE - DEFENSA, BARREIRA OU ""SUBMARINO""",IMPRUD. CONDUTOR-PERDA DE CONTROLE,1,0,0,0,0,AUTOMÓVEL=1,RIBEIRÃO PRETO,RIBEIRÃO PRETO,RIBEIRÃO PRETO,ESTADUAL
2020-01-04,18:30:00,L01-AUTOBAN,SP330,46.6,SUL,-23.28469736,-46.8702185,CAPOTAMENTO,CAPOTAMENTO,NÃO INFORMADO,0,1,0,0,0,AUTOMÓVEL=1,CAJAMAR,REG. METROPOLITANA SÃO PAULO,SÃO PAULO,ESTADUAL
2020-01-04,20:27:00,L06-INTERVIAS,SP330,219.9,SUL,-21.91547012,-47.47410965,CHOQUE,"CHOQUE - DEFENSA, BARREIRA",IMPRUD. CONDUTOR-PERDA DE CONTROLE,3,0,0,0,0,AUTOMÓVEL=1,PORTO FERREIRA,CENTRAL,RIO CLARO,ESTADUAL
2020-01-04,20:33:00,L06-INTERVIAS,SP330,227.3,NORTE,-21.85169983,-47.49472046,CHOQUE,CHOQUE-SINALIZAÇÃO,IMPRUD. CONDUTOR-PERDA DE CONTROLE,1,0,0,0,0,AUTOMÓVEL=1,PORTO FERREIRA,CENTRAL,RIO CLARO,ESTADUAL
2020-01-04,22:08:00,L06-INTERVIAS,SP330,219.9,SUL,-21.91547012,-47.47410965,COLISÃO,COLISÃO-TRASEIRA,IMPRUD. CONDUTOR,2,3,0,0,0,AUTOMÓVEL=1|CAMINHÃO=1,PORTO FERREIRA,CENTRAL,RIO CLARO,ESTADUAL
2020-01-04,22:44:00,L06-INTERVIAS,SP330,173.8,NORTE,-22.32048035,-47.38999939,TOMBAMENTO,TOMBAMENTO,ANIMAL NA RODOVIA,1,1,0,0,0,AUTOMÓVEL=1|MOTO=1,ARARAS,CAMPINAS,RIO CLARO,ESTADUAL
2020-01-05,05:51:00,L06-INTERVIAS,SP330,164.0,SUL,-22.40640068,-47.38999939,TOMBAMENTO,TOMBAMENTO,PAVIMENTO RUIM/IRREGULAR,1,0,0,0,0,MOTO=1,ARARAS,CAMPINAS,RIO CLARO,ESTADUAL
2020-01-05,06:39:00,L29-VIAPAULISTA,SP330,274.2,NORTE,-21.4704895,-47.64060593,CHOQUE,"CHOQUE - DEFENSA, BARREIRA OU ""SUBMARINO""",IMPRUD. CONDUTOR-DORMIR AO VOLANTE,0,4,0,0,0,AUTOMÓVEL=1,SÃO SIMÃO,RIBEIRÃO PRETO,RIBEIRÃO PRETO,ESTADUAL
2020-01-05,11:51:00,L01-AUTOBAN,SP330,157.5,NORTE,-22.46910957,-47.3989023,CHOQUE,CHOQUE-ELEMENTO DE DRENAGEM,NÃO INFORMADO,0,1,0,0,0,AUTOMÓVEL=1,CORDEIRÓPOLIS,CAMPINAS,RIO CLARO,ESTADUAL
2020-01-05,17:54:00,L06-INTERVIAS,SP330,189.0,SUL,-22.1840992,-47.39860153,COLISÃO,COLISÃO-LATERAL,IMPRUD. CONDUTOR-MUDANÇA DE FAIXA,4,0,0,0,0,AUTOMÓVEL=1|ÔNIBUS=1,LEME,CAMPINAS,RIO CLARO,ESTADUAL
2020-01-05,18:09:00,L29-VIAPAULISTA,SP330,290.9,NORTE,-21.34877396,-47.72404861,CHOQUE,CHOQUE-TALUDE OU BARRANCO,PANE MECÂNICA/ELÉTRICA,4,0,0,0,0,CAMINHONETE=1,CRAVINHOS,RIBEIRÃO PRETO,RIBEIRÃO PRETO,ESTADUAL
2020-01-05,19:27:00,L01-AUTOBAN,SPM330E,111.0,SUL,-22.81811818,-47.20174491,CHOQUE,CHOQUE-BARREIRA DE CONCRETO,NÃO INFORMADO,0,0,0,0,0,AUTOMÓVEL=1,SUMARÉ,CAMPINAS,CAMPINAS,ESTADUAL
2020-01-05,20:10:00,L01-AUTOBAN,SPM330E,88.4,SUL,-22.96330994,-47.0551976,CHOQUE,CHOQUE-DEFENSA METÁLICA,NÃO INFORMADO,0,0,0,0,0,AUTOMÓVEL=1,CAMPINAS,CAMPINAS,CAMPINAS,ESTADUAL
2020-01-05,21:48:00,L06-INTERVIAS,SP330,191.0,SUL,-22.17519951,-47.39910126,OBJETO LANÇADO CONTRA O VEÍCULO,OBJETO LANÇADO CONTRA VEÍCULO,OBJETO LANÇADO,4,0,0,0,0,AUTOMÓVEL=1|CAMINHÃO=1,LEME,CAMPINAS,RIO CLARO,ESTADUAL
2020-01-05,22:10:00,L01-AUTOBAN,SPM330D,86.6,NORTE,-22.97802414,-47.04643557,CAPOTAMENTO,CAPOTAMENTO,NÃO INFORMADO,0,1,0,0,0,AUTOMÓVEL=1,CAMPINAS,CAMPINAS,CAMPINAS,ESTADUAL
2020-01-05,23:22:00,L01-AUTOBAN,SP330,102.4,SUL,-22.86602299,-47.13523841,COLISÃO,COLISÃO-LATERAL,NÃO INFORMADO,0,0,0,0,0,AUTOMÓVEL=1|CARRETA=1,CAMPINAS,CAMPINAS,CAMPINAS,ESTADUAL
2020-01-05,23:36:00,L29-VIAPAULISTA,SP330,282.0,SUL,-21.40814209,-47.66928482,CHOQUE,CHOQUE-OBJETO NA PISTA,OBJETO NA PISTA,4,0,0,0,0,AUTOMÓVEL=1,SÃO SIMÃO,RIBEIRÃO PRETO,RIBEIRÃO PRETO,ESTADUAL
2020-01-06,00:19:00,L29-VIAPAULISTA,SP330,282.0,SUL,-21.40814209,-47.66928482,CHOQUE,CHOQUE-OBJETO NA PISTA,OBJETO NA PISTA,5,0,0,0,0,AUTOMÓVEL=1,SÃO SIMÃO,RIBEIRÃO PRETO,RIBEIRÃO PRETO,ESTADUAL
2020-01-06,01:52:00,L01-AUTOBAN,SP330,15.7,NORTE,-23.49581989,-46.75751692,CHOQUE,CHOQUE-BARREIRA DE CONCRETO,NÃO INFORMADO,0,0,0,0,0,AUTOMÓVEL=1,SÃO PAULO,REG. METROPOLITANA SÃO PAULO,SÃO PAULO,ESTADUAL
2020-01-06,03:53:00,L01-AUTOBAN,SP330,60.7,NORTE,-23.17700632,-46.91627044,CHOQUE,CHOQUE-ELEMENTO DE DRENAGEM,NÃO INFORMADO,0,0,0,0,0,AUTOMÓVEL=1,JUNDIAÍ,CAMPINAS,CAMPINAS,ESTADUAL
2020-01-06,11:01:00,L01-AUTOBAN,SPM330D,99.7,NORTE,-22.88255133,-47.11628382,COLISÃO,COLISÃO-TRASEIRA,NÃO INFORMADO,0,1,0,0,0,AUTOMÓVEL=1|NÃO INFORMADO=1,CAMPINAS,CAMPINAS,CAMPINAS,ESTADUAL
2020-01-06,11:08:00,L29-VIAPAULISTA,SP330,310.3,NORTE,-21.18063927,-47.75691605,OBJETO LANÇADO CONTRA O VEÍCULO,OBJETO LANÇADO CONTRA VEÍCULO,OBRAS,0,0,0,0,0,CAMINHONETE=1,RIBEIRÃO PRETO,RIBEIRÃO PRETO,RIBEIRÃO PRETO,ESTADUAL
2020-01-06,14:20:00,L29-VIAPAULISTA,SP330,307.0,NORTE,-21.21036911,-47.75847626,TOMBAMENTO,TOMBAMENTO,IMPRUD. CONDUTOR-LEVOU FECHADA,1,0,0,0,0,MOTO=1,RIBEIRÃO PRETO,RIBEIRÃO PRETO,RIBEIRÃO PRETO,ESTADUAL
2020-01-06,17:00:00,L28-ENTREVIAS,SP330,369.5,SUL,-20.6808266354,-47.8866753114,CHOQUE,CHOQUE-ELEMENTO DE DRENAGEM,FATOR-HUMANO,0,1,0,0,0,AUTOMÓVEL=1,ORLÂNDIA,FRANCA,RIBEIRÃO PRETO,ESTADUAL
2020-01-06,18:11:00,L29-VIAPAULISTA,SP330,308.0,NORTE,-21.20136642,-47.75800323,COLISÃO,COLISÃO-TRASEIRA,IMPRUD. CONDUTOR,2,0,0,0,0,AUTOMÓVEL=2,RIBEIRÃO PRETO,RIBEIRÃO PRETO,RIBEIRÃO PRETO,ESTADUAL
2020-01-06,18:35:00,L01-AUTOBAN,SP330,102.5,SUL,-22.86544,-47.135941,COLISÃO,COLISÃO-TRASEIRA,NÃO INFORMADO,0,2,0,0,0,AUTOMÓVEL=2,CAMPINAS,CAMPINAS,CAMPINAS,ESTADUAL
2020-01-06,19:18:00,L29-VIAPAULISTA,SP330,308.0,SUL,-21.20183945,-47.75816345,TOMBAMENTO,TOMBAMENTO,ESTOURO/FURO DE PNEU,0,2,0,0,0,MOTO=1,RIBEIRÃO PRETO,RIBEIRÃO PRETO,RIBEIRÃO PRETO,ESTADUAL
2020-01-06,21:41:00,L01-AUTOBAN,SP330,153.54,SUL,-22.50080992,-47.39943874,ATROPELAMENTO DE ANIMAL,ATROP. ANIMAL,NÃO INFORMADO,3,2,0,0,0,VAN/PERUA=1,CORDEIRÓPOLIS,CAMPINAS,RIO CLARO,ESTADUAL
2020-01-07,00:21:00,L01-AUTOBAN,SP330,138.7,NORTE,-22.62344922,-47.34326844,COLISÃO,COLISÃO-TRASEIRA,NÃO INFORMADO,0,1,0,1,0,BITREM/CVC=1|CAMINHÃO=1,LIMEIRA,CAMPINAS,RIO CLARO,ESTADUAL
2020-01-07,02:26:00,L06-INTERVIAS,SP330,165.1,SUL,-22.39743996,-47.39057922,COLISÃO,COLISÃO-TRASEIRA,PANE MECÂNICA/ELÉTRICA,4,0,0,0,1,AUTOMÓVEL=1|ÔNIBUS=1,ARARAS,CAMPINAS,RIO CLARO,ESTADUAL
2020-01-07,04:43:00,L06-INTERVIAS,SP330,165.1,SUL,-22.39743996,-47.39057922,ATROPELAMENTO DE ANIMAL,ATROP. ANIMAL,ANIMAL NA RODOVIA,1,0,0,0,0,AUTOMÓVEL=1,ARARAS,CAMPINAS,RIO CLARO,ESTADUAL
2020-01-07,07:39:00,L01-AUTOBAN,SP330,120.0,SUL,-22.75697436,-47.25467026,CHOQUE,CHOQUE-BARREIRA DE CONCRETO,NÃO INFORMADO,0,0,0,0,0,AUTOMÓVEL=1,AMERICANA,CAMPINAS,RIO CLARO,ESTADUAL
2020-01-07,13:13:00,L28-ENTREVIAS,SP330,354.0,SUL,-20.8138127485,-47.8926028816,CHOQUE,CHOQUE-DEFENSA METÁLICA,IMPRUD. CONDUTOR-LEVOU FECHADA,2,0,0,0,0,AUTOMÓVEL=1|CAMINHÃO=1,SALES OLIVEIRA,FRANCA,RIBEIRÃO PRETO,ESTADUAL
2020-01-07,13:23:00,L06-INTERVIAS,SP330,188.0,NORTE,-22.19309998,-47.39720154,TOMBAMENTO,TOMBAMENTO,IMPRUD. CONDUTOR-PERDA DE CONTROLE,0,1,0,0,0,MOTO=1,LEME,CAMPINAS,RIO CLARO,ESTADUAL
2020-01-07,14:51:00,L29-VIAPAULISTA,SP330,312.1,SUL,-21.16550827,-47.75629807,TOMBAMENTO,TOMBAMENTO,ESTOURO/FURO DE PNEU,0,0,0,1,0,MOTO=1,RIBEIRÃO PRETO,RIBEIRÃO PRETO,RIBEIRÃO PRETO,ESTADUAL
2020-01-07,15:30:00,L28-ENTREVIAS,SP330,435.0,NORTE,-20.1141881261,-47.7912730787,COLISÃO,COLISÃO-TRASEIRA,IMPRUD. CONDUTOR-LEVOU FECHADA,2,0,0,0,0,AUTOMÓVEL=1|CAMINHÃO=1,ARAMINA,FRANCA,RIBEIRÃO PRETO,ESTADUAL
2020-01-07,16:56:00,L06-INTERVIAS,SP330,175.0,NORTE,-22.30970001,-47.39110184,OBJETO LANÇADO CONTRA O VEÍCULO,OBJETO LANÇADO CONTRA VEÍCULO,OBJETO LANÇADO,1,0,0,0,0,AUTOMÓVEL=1,ARARAS,CAMPINAS,RIO CLARO,ESTADUAL
2020-01-07,19:14:00,L01-AUTOBAN,SP330,97.56,NORTE,-22.89948392,-47.10945009,ENGAVETAMENTO,ENGAVETAMENTO,NÃO INFORMADO,0,0,0,1,0,AUTOMÓVEL=2|NÃO INFORMADO=1,CAMPINAS,CAMPINAS,CAMPINAS,ESTADUAL
2020-01-07,20:16:00,L01-AUTOBAN,SPM330E,25.0,SUL,-23.42658,-46.787612,ATROPELAMENTO DE PEDESTRE,ATROP. PEDESTRE-MORADOR/TRABALHADOR/ESTUDANTE,NÃO INFORMADO,0,0,1,0,0,MOTO=1|NÃO SE APLICA=1,SÃO PAULO,REG. METROPOLITANA SÃO PAULO,SÃO PAULO,ESTADUAL
2020-01-07,21:48:00,L01-AUTOBAN,SPI102/330,0.6,SUL,-22.866765870373,-47.13338357656,CHOQUE,CHOQUE-BARREIRA DE CONCRETO,NÃO INFORMADO,0,0,0,0,0,AUTOMÓVEL=1,CAMPINAS,CAMPINAS,CAMPINAS,ESTADUAL
2020-01-07,21:56:00,L29-VIAPAULISTA,SP330,241.84,SUL,-21.75037003,-47.57081985,CHOQUE,"CHOQUE - DEFENSA, BARREIRA OU ""SUBMARINO""",IMPRUD. CONDUTOR-LEVOU FECHADA,2,0,0,0,0,AUTOMÓVEL=1,SANTA RITA DO PASSA QUATRO,CENTRAL,RIBEIRÃO PRETO,ESTADUAL
2020-01-07,23:57:00,L01-AUTOBAN,SP330,63.85,SUL,-23.15472038,-46.93509364,CHOQUE,CHOQUE-DEFENSA METÁLICA,NÃO INFORMADO,0,0,0,0,0,UTILITÁRIO=1,JUNDIAÍ,CAMPINAS,CAMPINAS,ESTADUAL
2020-01-08,05:32:00,L01-AUTOBAN,SP330,70.0,SUL,-23.10596393,-46.96276546,COLISÃO,COLISÃO-LATERAL,NÃO INFORMADO,0,0,0,0,0,AUTOMÓVEL=1|UTILITÁRIO=1,LOUVEIRA,CAMPINAS,CAMPINAS,ESTADUAL
2020-01-08,06:41:00,L01-AUTOBAN,SPM330E,112.4,SUL,-22.81121925,-47.21215297,CAPOTAMENTO,CAPOTAMENTO,NÃO INFORMADO,0,0,1,0,0,AUTOMÓVEL=1,SUMARÉ,CAMPINAS,CAMPINAS,ESTADUAL
2020-01-08,15:03:00,L28-ENTREVIAS,SP330,385.1,NORTE,-20.5440645066,-47.8552679934,OBJETO LANÇADO CONTRA O VEÍCULO,OBJETO LANÇADO CONTRA VEÍCULO,OBJETO LANÇADO-TERCEIROS,1,0,0,0,0,AUTOMÓVEL=1,SÃO JOAQUIM DA BARRA,FRANCA,RIBEIRÃO PRETO,ESTADUAL
2020-01-08,18:30:00,L01-AUTOBAN,SP330,53.0,NORTE,-23.230639,-46.87295,TOMBAMENTO,TOMBAMENTO-MOTO,NÃO INFORMADO,0,0,0,0,0,MOTO=1,JUNDIAÍ,CAMPINAS,CAMPINAS,ESTADUAL
2020-01-08,22:33:00,L01-AUTOBAN,SP330,34.7,NORTE,-23.3711596,-46.8435446,CHOQUE,CHOQUE-ELEMENTO DE DRENAGEM,NÃO INFORMADO,0,0,0,0,0,AUTOMÓVEL=1,CAJAMAR,REG. METROPOLITANA SÃO PAULO,SÃO PAULO,ESTADUAL
2020-01-09,04:02:00,L29-VIAPAULISTA,SP330,253.0,NORTE,-21.65808105,-47.60906219,CHOQUE,CHOQUE-OUTROS,OBJETO NA PISTA,1,0,0,0,0,CAMINHÃO=1,SANTA RITA DO PASSA QUATRO,CENTRAL,RIBEIRÃO PRETO,ESTADUAL
2020-01-09,06:15:00,L01-AUTOBAN,SP330,103.8,NORTE,-22.85788341,-47.14675524,COLISÃO,COLISÃO-TRASEIRA,NÃO INFORMADO,0,1,0,0,0,AUTOMÓVEL=1|UTILITÁRIO=1,CAMPINAS,CAMPINAS,CAMPINAS,ESTADUAL
2020-01-09,06:23:00,L01-AUTOBAN,SP330,19.9,NORTE,-23.46942137,-46.77824825,CHOQUE,CHOQUE-BARREIRA DE CONCRETO,NÃO INFORMADO,0,1,0,0,0,AUTOMÓVEL=2,OSASCO,REG. METROPOLITANA SÃO PAULO,SÃO PAULO,ESTADUAL
2020-01-09,10:30:00,L01-AUTOBAN,SPM330E,86.4,SUL,-22.97979142,-47.04565538,CHOQUE,CHOQUE-MEIO FIO/CALÇAMENTO,NÃO INFORMADO,0,0,0,0,0,AUTOMÓVEL=1,CAMPINAS,CAMPINAS,CAMPINAS,ESTADUAL
2020-01-09,12:05:00,L06-INTERVIAS,SP330,194.0,NORTE,-22.14019966,-47.40639877,CHOQUE,CHOQUE-ELEMENTO DE DRENAGEM,IMPRUDÊNCIA,2,0,0,0,0,CAMINHONETE=1,LEME,CAMPINAS,RIO CLARO,ESTADUAL
2020-01-09,13:21:00,L06-INTERVIAS,SP330,198.7,NORTE,-22.09888077,-47.41553116,CHOQUE,"CHOQUE - DEFENSA, BARREIRA",IMPRUD. CONDUTOR-PERDA DE CONTROLE,2,0,0,0,0,CAMINHONETE=1,SANTA CRUZ DA CONCEIÇÃO,CAMPINAS,RIO CLARO,ESTADUAL
2020-01-09,15:55:00,L28-ENTREVIAS,SP330,321.0,NORTE,-21.091004688,-47.7956978683,CHOQUE,CHOQUE-DEFENSA METÁLICA,IMPRUD. CONDUTOR-PERDA DE CONTROLE,1,0,0,0,0,CAMINHÃO=1,RIBEIRÃO PRETO,RIBEIRÃO PRETO,RIBEIRÃO PRETO,ESTADUAL
2020-01-09,17:06:00,L01-AUTOBAN,SP330,135.99,SUL,-22.63841955,-47.33015117,CHOQUE,CHOQUE-DEFENSA METÁLICA,NÃO INFORMADO,0,2,0,0,0,AUTOMÓVEL=1,LIMEIRA,CAMPINAS,RIO CLARO,ESTADUAL
2020-01-09,17:19:00,L06-INTERVIAS,SP330,184.0,NORTE,-22.22879982,-47.3913002,CHOQUE,CHOQUE-OBJETO NA PISTA,OBJETO NA PISTA,4,0,0,0,0,AUTOMÓVEL=1,LEME,CAMPINAS,RIO CLARO,ESTADUAL
2020-01-09,18:05:00,L29-VIAPAULISTA,SP330,308.0,SUL,-21.20183945,-47.75816345,TOMBAMENTO,TOMBAMENTO,ÓLEO NA PISTA,1,0,0,0,0,MOTO=1,RIBEIRÃO PRETO,RIBEIRÃO PRETO,RIBEIRÃO PRETO,ESTADUAL
2020-01-09,18:29:00,L29-VIAPAULISTA,SP330,316.6,SUL,-21.12741852,-47.76981354,CHOQUE,CHOQUE-OBJETO NA PISTA,OBJETO NA PISTA,1,0,0,0,0,CAMINHONETE=1,RIBEIRÃO PRETO,RIBEIRÃO PRETO,RIBEIRÃO PRETO,ESTADUAL
2020-01-09,19:42:00,L29-VIAPAULISTA,SP330,253.0,SUL,-21.65807724,-47.60916519,CHOQUE,CHOQUE-CANCELA DE PEDÁGIO-AVI,FALHA DE EQUIP. PEDÁGIO-PISTA AVI,1,0,0,0,0,AUTOMÓVEL=1,SANTA RITA DO PASSA QUATRO,CENTRAL,RIBEIRÃO PRETO,ESTADUAL
2020-01-10,02:59:00,L01-AUTOBAN,SPM330D,60.28,NORTE,-23.17940271,-46.91338426,ENGAVETAMENTO,ENGAVETAMENTO,NÃO INFORMADO,0,2,0,0,0,AUTOMÓVEL=2|MOTO=1,JUNDIAÍ,CAMPINAS,CAMPINAS,ESTADUAL
2020-01-10,05:20:00,L01-AUTOBAN,SP330,127.2,NORTE,-22.70954295,-47.29892133,CHOQUE,CHOQUE-BARREIRA DE CONCRETO,NÃO INFORMADO,0,1,0,0,0,AUTOMÓVEL=1,AMERICANA,CAMPINAS,RIO CLARO,ESTADUAL
2020-01-10,08:11:00,L01-AUTOBAN,SPM330D,94.1,NORTE,-22.92410345,-47.08785724,CHOQUE,CHOQUE-BARREIRA DE CONCRETO,NÃO INFORMADO,0,0,0,0,0,AUTOMÓVEL=1,CAMPINAS,CAMPINAS,CAMPINAS,ESTADUAL
2020-01-10,08:48:00,L01-AUTOBAN,SP330,157.3,NORTE,-22.46683168,-47.39887011,TOMBAMENTO,TOMBAMENTO,NÃO INFORMADO,0,1,0,0,0,UTILITÁRIO=1,CORDEIRÓPOLIS,CAMPINAS,RIO CLARO,ESTADUAL
2020-01-10,10:28:00,L06-INTERVIAS,SP330,215.0,NORTE,-21.95829964,-47.45890045,CHOQUE,CHOQUE-OBJETO NA PISTA,OBJETO NA PISTA,4,0,0,0,0,AUTOMÓVEL=1,PIRASSUNUNGA,CAMPINAS,RIO CLARO,ESTADUAL
2020-01-10,10:49:00,L28-ENTREVIAS,SP330,424.0,NORTE,-20.2090891621,-47.7872979299,CAPOTAMENTO,CAPOTAMENTO,FATOR-HUMANO,1,0,0,0,0,AUTOMÓVEL=1,BURITIZAL,FRANCA,RIBEIRÃO PRETO,ESTADUAL
2020-01-10,11:02:00,L29-VIAPAULISTA,SP330,303.6,NORTE,-21.24091721,-47.75793839,COLISÃO,COLISÃO-TRASEIRA,IMPRUD. CONDUTOR,4,0,0,0,0,AUTOMÓVEL=1|NÃO INFORMADO=1,RIBEIRÃO PRETO,RIBEIRÃO PRETO,RIBEIRÃO PRETO,ESTADUAL
2020-01-10,11:33:00,L01-AUTOBAN,SP330,18.7,SUL,-23.4762559,-46.77218914,COLISÃO,COLISÃO-LATERAL,NÃO INFORMADO,0,0,0,0,0,AUTOMÓVEL=1|CAMINHÃO=1,OSASCO,REG. METROPOLITANA SÃO PAULO,SÃO PAULO,ESTADUAL
2020-01-10,12:22:00,L01-AUTOBAN,SP330,92.0,NORTE,-22.93511642,-47.07138956,TOMBAMENTO,TOMBAMENTO-MOTO,NÃO INFORMADO,0,1,0,0,0,MOTO=1,CAMPINAS,CAMPINAS,CAMPINAS,ESTADUAL
2020-01-10,13:51:00,L01-AUTOBAN,SP330,103.6,NORTE,-22.85896185,-47.14487742,COLISÃO,COLISÃO-LATERAL,NÃO INFORMADO,0,0,0,0,0,AUTOMÓVEL=1|CARRETA=1,CAMPINAS,CAMPINAS,CAMPINAS,ESTADUAL
2020-01-10,13:59:00,L01-AUTOBAN,SP330,92.0,SUL,-22.9351263,-47.07110524,TOMBAMENTO,TOMBAMENTO-MOTO,NÃO INFORMADO,0,1,0,0,0,MOTO=1,CAMPINAS,CAMPINAS,CAMPINAS,ESTADUAL
2020-01-10,13:59:00,L01-AUTOBAN,SP330,92.0,SUL,-22.9351263,-47.07110524,TOMBAMENTO,TOMBAMENTO-MOTO,NÃO INFORMADO,0,1,0,0,0,MOTO=1,CAMPINAS,CAMPINAS,CAMPINAS,ESTADUAL
2020-01-10,14:23:00,L01-AUTOBAN,SP330,11.46,NORTE,-23.510308819155,-46.728911022024,COLISÃO,COLISÃO-LATERAL,NÃO INFORMADO,0,0,0,0,0,AUTOMÓVEL=1|CARRETA=1,SÃO PAULO,REG. METROPOLITANA SÃO PAULO,SÃO PAULO,ESTADUAL
2020-01-10,15:39:00,L28-ENTREVIAS,SPA327/330,1.0,LESTE,-21.0440760223,-47.8122202484,TOMBAMENTO,TOMBAMENTO-MOTO,FATOR-VEÍCULO,1,1,0,0,0,MOTOCICLETA / MOTONETA=1,JARDINÓPOLIS,RIBEIRÃO PRETO,RIBEIRÃO PRETO,ESTADUAL
2020-01-10,16:20:00,L01-AUTOBAN,SP330,46.0,NORTE,-23.28822839,-46.86594307,COLISÃO,COLISÃO-TRASEIRA,NÃO INFORMADO,0,0,0,0,0,AUTOMÓVEL=1|CAMINHÃO=1,CAJAMAR,REG. METROPOLITANA SÃO PAULO,SÃO PAULO,ESTADUAL
2020-01-10,16:41:00,L29-VIAPAULISTA,SP330,266.0,NORTE,-21.54406929,-47.63951492,CHOQUE,"CHOQUE - DEFENSA, BARREIRA OU ""SUBMARINO""",OBJETO NA PISTA,2,0,0,0,0,CAMINHONETE=1,SÃO SIMÃO,RIBEIRÃO PRETO,RIBEIRÃO PRETO,ESTADUAL
2020-01-10,18:33:00,L01-AUTOBAN,SPM330D,91.0,NORTE,-22.942859,-47.066539,TOMBAMENTO,TOMBAMENTO-MOTO,NÃO INFORMADO,0,1,0,0,0,MOTO=1,CAMPINAS,CAMPINAS,CAMPINAS,ESTADUAL
2020-01-11,03:16:00,L01-AUTOBAN,SP330,153.0,NORTE,-22.50549005,-47.39893019,ATROPELAMENTO DE ANIMAL,ATROP. ANIMAL,NÃO INFORMADO,0,0,0,0,0,UTILITÁRIO=1,CORDEIRÓPOLIS,CAMPINAS,RIO CLARO,ESTADUAL
2020-01-11,04:27:00,L01-AUTOBAN,SP330,98.0,SUL,-22.89624517,-47.11095214,CAPOTAMENTO,CAPOTAMENTO,NÃO INFORMADO,0,1,0,0,0,AUTOMÓVEL=1,CAMPINAS,CAMPINAS,CAMPINAS,ESTADUAL
2020-01-11,11:40:00,L06-INTERVIAS,SP330,228.3,SUL,-21.84539986,-47.49530029,COLISÃO,COLISÃO-LATERAL,IMPRUDÊNCIA,3,0,0,0,0,AUTOMÓVEL=1|CAMINHÃO=1,PORTO FERREIRA,CENTRAL,RIO CLARO,ESTADUAL
2020-01-11,12:15:00,L01-AUTOBAN,SP330,110.5,SUL,-22.82274969,-47.19296419,TOMBAMENTO,TOMBAMENTO-MOTO,NÃO INFORMADO,0,1,0,0,0,MOTO=1,SUMARÉ,CAMPINAS,CAMPINAS,ESTADUAL
2020-01-11,15:08:00,L06-INTERVIAS,SP330,204.5,SUL,-22.04840088,-47.42990112,CHOQUE,"CHOQUE - DEFENSA, BARREIRA",IMPRUD. CONDUTOR-PERDA DE CONTROLE,3,0,0,0,0,AUTOMÓVEL=1,PIRASSUNUNGA,CAMPINAS,RIO CLARO,ESTADUAL
2020-01-11,15:34:00,L01-AUTOBAN,SP330,19.1,NORTE,-23.47323579,-46.77324862,COLISÃO,COLISÃO-LATERAL,NÃO INFORMADO,0,0,0,0,0,AUTOMÓVEL=1|CAMINHÃO=1,SÃO PAULO,REG. METROPOLITANA SÃO PAULO,SÃO PAULO,ESTADUAL
2020-01-11,18:19:00,L01-AUTOBAN,SPM330D,25.0,NORTE,-23.426127,-46.787542,CHOQUE,CHOQUE-MEIO FIO/CALÇAMENTO,NÃO INFORMADO,0,1,0,0,0,AUTOMÓVEL=1|NÃO INFORMADO=1,SÃO PAULO,REG. METROPOLITANA SÃO PAULO,SÃO PAULO,ESTADUAL
2020-01-11,20:19:00,L01-AUTOBAN,SP330,12.0,SUL,-23.50948451,-46.73040569,COLISÃO,COLISÃO-TRASEIRA,NÃO INFORMADO,0,1,0,0,0,MOTO=1|NÃO INFORMADO=1,SÃO PAULO,REG. METROPOLITANA SÃO PAULO,SÃO PAULO,ESTADUAL
2020-01-11,20:45:00,L01-AUTOBAN,SP330,20.16,NORTE,-23.46762737,-46.77927833,CHOQUE,CHOQUE-TALUDE OU BARRANCO,NÃO INFORMADO,0,0,1,0,0,MOTO=1,OSASCO,REG. METROPOLITANA SÃO PAULO,SÃO PAULO,ESTADUAL
2020-01-11,22:21:00,L28-ENTREVIAS,SP330,441.0,NORTE,-20.0642567806,-47.7888679682,COLISÃO,COLISÃO-TRASEIRA,FATOR-HUMANO,1,0,0,0,0,AUTOMÓVEL=1|NÃO INFORMADO=1,IGARAPAVA,FRANCA,RIBEIRÃO PRETO,ESTADUAL
2020-01-11,22:54:00,L06-INTERVIAS,SP330,209.0,NORTE,-22.00930023,-47.44179916,COLISÃO,COLISÃO-TRASEIRA,NÃO INFORMADO,2,2,0,0,0,AUTOMÓVEL=1|MOTO=1,PIRASSUNUNGA,CAMPINAS,RIO CLARO,ESTADUAL
2020-01-11,23:22:00,L28-ENTREVIAS,SP330,319.0,SUL,-21.1047282399,-47.7860724281,ATROPELAMENTO DE ANIMAL,ATROP. ANIMAL-DOMÉSTICO PEQUENO PORTE,ANIMAL NA RODOVIA,1,0,0,0,0,AUTOMÓVEL=1,RIBEIRÃO PRETO,RIBEIRÃO PRETO,RIBEIRÃO PRETO,ESTADUAL
2020-01-12,00:34:00,L01-AUTOBAN,SP330,83.7,SUL,-23.0002194,-47.03164349,COLISÃO,COLISÃO-TRASEIRA,NÃO INFORMADO,0,1,1,0,0,AUTOMÓVEL=1|CAMINHÃO=1|UTILITÁRIO=1,VALINHOS,CAMPINAS,CAMPINAS,ESTADUAL
2020-01-12,03:49:00,L01-AUTOBAN,SP330,14.46,NORTE,-23.50374022,-46.75190883,COLISÃO,COLISÃO-TRASEIRA,NÃO INFORMADO,0,2,0,0,0,AUTOMÓVEL=1,SÃO PAULO,REG. METROPOLITANA SÃO PAULO,SÃO PAULO,ESTADUAL
2020-01-12,05:30:00,L29-VIAPAULISTA,SP330,312.0,SUL,-21.16648865,-47.75630951,CHOQUE,"CHOQUE - DEFENSA, BARREIRA OU ""SUBMARINO""",IMPRUD. CONDUTOR-DORMIR AO VOLANTE,4,0,0,0,0,AUTOMÓVEL=1,RIBEIRÃO PRETO,RIBEIRÃO PRETO,RIBEIRÃO PRETO,ESTADUAL
2020-01-12,06:03:00,L01-AUTOBAN,SP330,106.1,SUL,-22.8460879,-47.16494178,COLISÃO,COLISÃO-TRASEIRA,NÃO INFORMADO,0,0,0,0,0,AUTOMÓVEL=2,SUMARÉ,CAMPINAS,CAMPINAS,ESTADUAL
2020-01-12,10:43:00,L01-AUTOBAN,SP330,98.0,SUL,-22.89624517,-47.11095214,CHOQUE,CHOQUE-BARREIRA DE CONCRETO,NÃO INFORMADO,0,0,0,0,0,AUTOMÓVEL=1,CAMPINAS,CAMPINAS,CAMPINAS,ESTADUAL
2020-01-12,10:46:00,L01-AUTOBAN,SPM330E,89.3,SUL,-22.95659871,-47.05901171,CHOQUE,CHOQUE-MEIO FIO/CALÇAMENTO,NÃO INFORMADO,0,0,0,0,0,AUTOMÓVEL=1,CAMPINAS,CAMPINAS,CAMPINAS,ESTADUAL
2020-01-12,13:33:00,L01-AUTOBAN,SP330,19.8,SUL,-23.46986669,-46.77777779,CHOQUE,CHOQUE-BARREIRA DE CONCRETO,NÃO INFORMADO,0,1,0,0,0,AUTOMÓVEL=2,OSASCO,REG. METROPOLITANA SÃO PAULO,SÃO PAULO,ESTADUAL
2020-01-12,13:41:00,L06-INTERVIAS,SP330,210.0,SUL,-22.00079918,-47.44509888,COLISÃO,COLISÃO-LATERAL,IMPRUDÊNCIA,1,0,0,0,0,CAMINHÃO=1|NÃO INFORMADO=1,PIRASSUNUNGA,CAMPINAS,RIO CLARO,ESTADUAL
2020-01-12,14:04:00,L01-AUTOBAN,SP330,120.2,NORTE,-22.75533983,-47.25597736,CHOQUE,CHOQUE-BARREIRA DE CONCRETO,NÃO INFORMADO,0,0,0,0,0,AUTOMÓVEL=1,AMERICANA,CAMPINAS,RIO CLARO,ESTADUAL
2020-01-12,19:10:00,L01-AUTOBAN,SP330,108.2,SUL,-22.83184238,-47.17875556,CHOQUE,CHOQUE-DEFENSA METÁLICA,NÃO INFORMADO,0,0,0,0,0,AUTOMÓVEL=1,SUMARÉ,CAMPINAS,CAMPINAS,ESTADUAL
2020-01-12,19:23:00,L29-VIAPAULISTA,SP330,274.0,SUL,-21.47276115,-47.64041901,CHOQUE,CHOQUE-ELEMENTO DE DRENAGEM,CONDIÇÃO CLIMÁTICA,1,0,0,0,0,CAMINHONETE=1,SÃO SIMÃO,RIBEIRÃO PRETO,RIBEIRÃO PRETO,ESTADUAL
2020-01-12,20:19:00,L01-AUTOBAN,SP330,125.0,SUL,-22.72853708,-47.29203343,CHOQUE,CHOQUE-ELEMENTO DE DRENAGEM,NÃO INFORMADO,0,0,0,0,0,UTILITÁRIO=1,AMERICANA,CAMPINAS,RIO CLARO,ESTADUAL
2020-01-12,20:59:00,L01-AUTOBAN,SP330,125.7,NORTE,-22.72168014,-47.29391097,CHOQUE,CHOQUE-BARREIRA DE CONCRETO,NÃO INFORMADO,0,0,0,0,0,AUTOMÓVEL=1,AMERICANA,CAMPINAS,RIO CLARO,ESTADUAL
2020-01-12,21:03:00,L01-AUTOBAN,SP330,98.0,SUL,-22.89624517,-47.11095214,CHOQUE,CHOQUE-BARREIRA DE CONCRETO,NÃO INFORMADO,0,0,0,0,0,UTILITÁRIO=1,CAMPINAS,CAMPINAS,CAMPINAS,ESTADUAL
2020-01-12,21:06:00,L01-AUTOBAN,SPI102/330,3.3,NORTE,-22.89265042,-47.13400304,CHOQUE,CHOQUE-SINALIZAÇÃO,NÃO INFORMADO,0,2,0,0,0,AUTOMÓVEL=1,CAMPINAS,CAMPINAS,CAMPINAS,ESTADUAL
2020-01-12,22:33:00,L01-AUTOBAN,SP330,126.3,SUL,-22.71669878,-47.29591299,CHOQUE,CHOQUE-BARREIRA DE CONCRETO,NÃO INFORMADO,3,1,0,0,0,AUTOMÓVEL=2|CAMINHÃO=1,AMERICANA,CAMPINAS,RIO CLARO,ESTADUAL
2020-01-13,00:00:00,L28-ENTREVIAS,SP330,392.0,NORTE,-20.4826041561,-47.8423467849,CAPOTAMENTO,CAPOTAMENTO,IMPRUD. CONDUTOR-DORMIR AO VOLANTE,1,0,0,0,0,AUTOMÓVEL=1|ÔNIBUS=1,GUARÁ,FRANCA,RIBEIRÃO PRETO,ESTADUAL
2020-01-13,00:07:00,L01-AUTOBAN,SP330,43.7,SUL,-23.30487735,-46.85694641,CHOQUE,CHOQUE-BARREIRA DE CONCRETO,NÃO INFORMADO,0,0,0,0,0,AUTOMÓVEL=1,CAJAMAR,REG. METROPOLITANA SÃO PAULO,SÃO PAULO,ESTADUAL
2020-01-13,02:38:00,L01-AUTOBAN,SP330,104.7,NORTE,-22.85324034,-47.15430609,CHOQUE,CHOQUE-SINALIZAÇÃO,NÃO INFORMADO,0,0,0,0,0,AUTOMÓVEL=1,CAMPINAS,CAMPINAS,CAMPINAS,ESTADUAL
2020-01-13,03:06:00,L06-INTERVIAS,SP330,230.7,SUL,-21.82106972,-47.49631119,ATROPELAMENTO DE ANIMAL,ATROP. ANIMAL,ANIMAL NA RODOVIA,2,0,0,0,0,AUTOMÓVEL=1,PORTO FERREIRA,CENTRAL,RIO CLARO,ESTADUAL
2020-01-13,04:58:00,L06-INTERVIAS,SP330,233.4,NORTE,-21.79991913,-47.50799942,COLISÃO,COLISÃO-LATERAL,IMPRUD. CONDUTOR-DORMIR AO VOLANTE,5,0,0,0,0,CAMINHONETE=1|CAMINHÃO=1,SANTA RITA DO PASSA QUATRO,CENTRAL,RIBEIRÃO PRETO,ESTADUAL
2020-01-13,09:23:00,L06-INTERVIAS,SP330,170.0,SUL,-22.35390091,-47.39509964,OBJETO LANÇADO CONTRA O VEÍCULO,OBJETO LANÇADO CONTRA VEÍCULO,OBJETO LANÇADO,1,0,0,0,0,AUTOMÓVEL=1,ARARAS,CAMPINAS,RIO CLARO,ESTADUAL
2020-01-13,10:33:00,L28-ENTREVIAS,SP330,337.348,SUL,-20.9655755042,-47.8679790094,TOMBAMENTO,TOMBAMENTO-VEÍCULOS PESADOS,PANE MECÂNICA/ELÉTRICA,36,7,0,0,0,ÔNIBUS=1,JARDINÓPOLIS,RIBEIRÃO PRETO,RIBEIRÃO PRETO,ESTADUAL
2020-01-13,12:57:00,L01-AUTOBAN,SP330,52.7,SUL,-23.23373282,-46.87188417,TOMBAMENTO,TOMBAMENTO-MOTO,NÃO INFORMADO,0,1,0,0,0,MOTO=1,JUNDIAÍ,CAMPINAS,CAMPINAS,ESTADUAL
2020-01-13,14:19:00,L29-VIAPAULISTA,SP330,311.8,NORTE,-21.16711998,-47.75621414,CHOQUE,CHOQUE-OUTROS,IMPRUD. CONDUTOR,0,0,0,0,0,CAMINHÃO=1,RIBEIRÃO PRETO,RIBEIRÃO PRETO,RIBEIRÃO PRETO,ESTADUAL
2020-01-13,15:23:00,L06-INTERVIAS,SP330,216.4,SUL,-21.94564056,-47.46387863,CHOQUE,CHOQUE-OUTROS,OUTROS,3,0,0,0,0,AUTOMÓVEL=1,PIRASSUNUNGA,CAMPINAS,RIO CLARO,ESTADUAL
2020-01-13,15:32:00,L29-VIAPAULISTA,SP330,315.0,NORTE,-21.13908958,-47.76198959,CHOQUE,CHOQUE-ELEMENTO DE DRENAGEM,PANE MECÂNICA/ELÉTRICA,1,0,0,0,0,AUTOMÓVEL=1,RIBEIRÃO PRETO,RIBEIRÃO PRETO,RIBEIRÃO PRETO,ESTADUAL
2020-01-13,15:48:00,L06-INTERVIAS,SP330,188.0,NORTE,-22.19309998,-47.39720154,COLISÃO,COLISÃO-TRASEIRA,OBRAS,2,0,0,0,0,CAMINHÃO=1|ÔNIBUS=1,LEME,CAMPINAS,RIO CLARO,ESTADUAL
2020-01-13,16:05:00,L29-VIAPAULISTA,SP330,283.0,SUL,-21.40071678,-47.67596436,CHOQUE,CHOQUE-OBJETO NA PISTA,OBJETO NA PISTA,0,0,0,0,0,AUTOMÓVEL=1,SÃO SIMÃO,RIBEIRÃO PRETO,RIBEIRÃO PRETO,ESTADUAL
2020-01-13,16:47:00,L01-AUTOBAN,SP330,25.3,SUL,-23.42487761,-46.78964131,COLISÃO,COLISÃO-LATERAL,NÃO INFORMADO,0,1,0,0,0,MOTO=1|NÃO INFORMADO=1,SÃO PAULO,REG. METROPOLITANA SÃO PAULO,SÃO PAULO,ESTADUAL
2020-01-13,18:36:00,L06-INTERVIAS,SP330,189.3,NORTE,-22.1814003,-47.39834976,CHOQUE,"CHOQUE - DEFENSA, BARREIRA",IMPRUDÊNCIA,0,1,0,0,0,AUTOMÓVEL=1,LEME,CAMPINAS,RIO CLARO,ESTADUAL
2020-01-13,20:51:00,L06-INTERVIAS,SP330,188.0,NORTE,-22.19309998,-47.39720154,COLISÃO,COLISÃO-TRASEIRA,OBRAS,2,0,0,0,0,CAMINHONETE=2,LEME,CAMPINAS,RIO CLARO,ESTADUAL
2020-01-13,23:10:00,L01-AUTOBAN,SPM330D,91.9,NORTE,-22.93589067,-47.07090451,TOMBAMENTO,TOMBAMENTO-MOTO,NÃO INFORMADO,0,1,0,0,0,MOTO=1,CAMPINAS,CAMPINAS,CAMPINAS,ESTADUAL
2020-01-14,02:57:00,L06-INTERVIAS,SP330,231.5,NORTE,-21.81414986,-47.49814987,ATROPELAMENTO DE ANIMAL,ATROP. ANIMAL,ANIMAL NA RODOVIA,1,0,0,0,0,AUTOMÓVEL=1,PORTO FERREIRA,CENTRAL,RIO CLARO,ESTADUAL
2020-01-14,05:54:00,L28-ENTREVIAS,SP330,443.0,SUL,-20.0447441953,-47.7809496836,CHOQUE,CHOQUE-DEFENSA METÁLICA,FATOR-VEÍCULO,1,0,0,0,0,CAMINHÃO=1,IGARAPAVA,FRANCA,RIBEIRÃO PRETO,ESTADUAL
2020-01-14,07:29:00,L01-AUTOBAN,SP330,113.8,SUL,-22.80211251,-47.22089912,CHOQUE,CHOQUE-BARREIRA DE CONCRETO,NÃO INFORMADO,0,1,0,0,0,AUTOMÓVEL=1,SUMARÉ,CAMPINAS,CAMPINAS,ESTADUAL
2020-01-14,14:15:00,L28-ENTREVIAS,SP330,402.0,SUL,-20.3998376719,-47.8210715407,CAPOTAMENTO,CAPOTAMENTO,FATOR-HUMANO,1,2,0,0,0,AUTOMÓVEL=1,GUARÁ,FRANCA,RIBEIRÃO PRETO,ESTADUAL
2020-01-14,18:23:00,L06-INTERVIAS,SP330,182.2,NORTE,-22.24500084,-47.39022064,TOMBAMENTO,TOMBAMENTO,IMPRUD. CONDUTOR-PERDA DE CONTROLE,0,1,0,0,0,MOTO=1,LEME,CAMPINAS,RIO CLARO,ESTADUAL
2020-01-14,19:44:00,L28-ENTREVIAS,SP330,326.9,NORTE,-21.0513530475,-47.8246641358,ATROPELAMENTO DE ANIMAL,ATROP. ANIMAL-DOMÉSTICO PEQUENO PORTE,ANIMAL NA RODOVIA,0,1,0,0,0,MOTOCICLETA / MOTONETA=1,JARDINÓPOLIS,RIBEIRÃO PRETO,RIBEIRÃO PRETO,ESTADUAL
2020-01-14,20:24:00,L01-AUTOBAN,SP330,124.7,NORTE,-22.72995661,-47.29007218,ATROPELAMENTO DE PEDESTRE,ATROP. PEDESTRE-ANDARILHO,NÃO INFORMADO,0,0,1,0,0,AUTOMÓVEL=1|NÃO INFORMADO=1|NÃO SE APLICA=1,AMERICANA,CAMPINAS,RIO CLARO,ESTADUAL
2020-01-15,06:51:00,L01-AUTOBAN,SPM330E,105.6,SUL,-22.84890274,-47.16128539,COLISÃO,COLISÃO-TRASEIRA,NÃO INFORMADO,0,0,0,0,0,AUTOMÓVEL=2,SUMARÉ,CAMPINAS,CAMPINAS,ESTADUAL
2020-01-15,06:59:00,L29-VIAPAULISTA,SP330,315.5,SUL,-21.13591766,-47.76395416,TOMBAMENTO,TOMBAMENTO,ESTOURO/FURO DE PNEU,0,2,0,0,0,MOTO=1,RIBEIRÃO PRETO,RIBEIRÃO PRETO,RIBEIRÃO PRETO,ESTADUAL
2020-01-15,07:09:00,L29-VIAPAULISTA,SP330,316.85,SUL,-21.12554741,-47.77115631,COLISÃO,COLISÃO-TRASEIRA,IMPRUD. CONDUTOR,0,0,0,0,0,AUTOMÓVEL=2,RIBEIRÃO PRETO,RIBEIRÃO PRETO,RIBEIRÃO PRETO,ESTADUAL
2020-01-15,08:33:00,L01-AUTOBAN,SP330,74.4,SUL,-23.07499004,-46.98362654,COLISÃO,COLISÃO-TRASEIRA,NÃO INFORMADO,0,0,0,0,1,CAMINHÃO=1|MOTO=1,VINHEDO,CAMPINAS,CAMPINAS,ESTADUAL
2020-01-15,13:16:00,L06-INTERVIAS,SP330,162.95,NORTE,-22.4167347,-47.39032364,CHOQUE,CHOQUE-OBJETO NA PISTA,OBJETO NA PISTA,2,0,0,0,0,CAMINHÃO=1,ARARAS,CAMPINAS,RIO CLARO,ESTADUAL
2020-01-15,13:32:00,L28-ENTREVIAS,SP330,405.0,SUL,-20.3734600004,-47.8145235037,COLISÃO,COLISÃO-TRASEIRA,FALHA DE EQUIP. PEDÁGIO-PISTA AVI,2,0,0,0,0,AUTOMÓVEL=1|CAMINHÃO=1,ITUVERAVA,FRANCA,RIBEIRÃO PRETO,ESTADUAL
2020-01-15,17:15:00,L28-ENTREVIAS,SP330,370.0,NORTE,-20.6716071065,-47.8842552604,TOMBAMENTO,TOMBAMENTO-MOTO,FATOR-VEÍCULO,1,1,0,0,0,MOTOCICLETA / MOTONETA=1,ORLÂNDIA,FRANCA,RIBEIRÃO PRETO,ESTADUAL
2020-01-15,18:04:00,L01-AUTOBAN,SP330,97.6,NORTE,-22.89915578,-47.10956811,ENGAVETAMENTO,ENGAVETAMENTO,NÃO INFORMADO,0,0,0,0,0,AUTOMÓVEL=3,CAMPINAS,CAMPINAS,CAMPINAS,ESTADUAL
2020-01-15,20:39:00,L01-AUTOBAN,SP330,128.5,SUL,-22.70058379,-47.3065576,COLISÃO,COLISÃO-TRASEIRA,NÃO INFORMADO,0,0,0,0,0,CAMINHÃO=1|CARRETA=1,AMERICANA,CAMPINAS,RIO CLARO,ESTADUAL
2020-01-15,21:32:00,L01-AUTOBAN,SP330,128.8,SUL,-22.69843398,-47.3083327,COLISÃO,COLISÃO-LATERAL,NÃO INFORMADO,0,0,0,0,0,AUTOMÓVEL=1|CARRETA=1,AMERICANA,CAMPINAS,RIO CLARO,ESTADUAL
2020-01-16,06:10:00,L01-AUTOBAN,SP330,117.8,NORTE,-22.77006297,-47.23960699,COLISÃO,COLISÃO-TRASEIRA,NÃO INFORMADO,0,0,0,0,0,CAMINHÃO=1|CARRETA=1,NOVA ODESSA,CAMPINAS,RIO CLARO,ESTADUAL
2020-01-16,06:23:00,L01-AUTOBAN,SPM330E,104.0,SUL,-22.85707606,-47.14874983,COLISÃO,COLISÃO-LATERAL,NÃO INFORMADO,0,0,1,0,0,AUTOMÓVEL=1|MOTO=1,CAMPINAS,CAMPINAS,CAMPINAS,ESTADUAL
2020-01-16,14:36:00,L06-INTERVIAS,SPI165/330,4.2,LESTE,-22.38528529,-47.35880304,TOMBAMENTO,TOMBAMENTO,ESTOURO/FURO DE PNEU,0,1,0,0,0,MOTO=1,ARARAS,CAMPINAS,RIO CLARO,ESTADUAL
2020-01-16,14:56:00,L28-ENTREVIAS,SP330,329.9,SUL,-21.0290935692,-47.8360636035,CHOQUE,CHOQUE-DEFENSA METÁLICA,IMPRUD. CONDUTOR-LEVOU FECHADA,0,1,0,0,0,CAMINHÃO=1,JARDINÓPOLIS,RIBEIRÃO PRETO,RIBEIRÃO PRETO,ESTADUAL
2020-01-16,17:27:00,L01-AUTOBAN,SPM330D,59.0,NORTE,-23.18892963,-46.90656781,COLISÃO,COLISÃO-LATERAL,NÃO INFORMADO,0,0,0,0,0,AUTOMÓVEL=1|ÔNIBUS=1,JUNDIAÍ,CAMPINAS,CAMPINAS,ESTADUAL
2020-01-16,17:46:00,L01-AUTOBAN,SP330,31.15,NORTE,-23.40012026,-46.83659731,CHOQUE,CHOQUE-BARREIRA DE CONCRETO,NÃO INFORMADO,0,0,0,0,0,AUTOMÓVEL=1,CAJAMAR,REG. METROPOLITANA SÃO PAULO,SÃO PAULO,ESTADUAL
2020-01-16,20:40:00,L01-AUTOBAN,SP330,152.9,NORTE,-22.50630928,-47.39857505,CHOQUE,CHOQUE-DEFENSA METÁLICA,NÃO INFORMADO,0,0,0,0,0,AUTOMÓVEL=1,CORDEIRÓPOLIS,CAMPINAS,RIO CLARO,ESTADUAL
2020-01-16,21:48:00,L29-VIAPAULISTA,SP330,246.0,NORTE,-21.71832085,-47.5893364,COLISÃO,COLISÃO-TRASEIRA,IMPRUD. CONDUTOR-FAROL DESREGULADO/APAGADO,1,0,0,0,0,CAMINHÃO=1|NÃO INFORMADO=1,SANTA RITA DO PASSA QUATRO,CENTRAL,RIBEIRÃO PRETO,ESTADUAL
2020-01-16,22:59:00,L06-INTERVIAS,SP330,164.4,SUL,-22.4031601,-47.3900795,COLISÃO,COLISÃO-TRASEIRA,IMPRUD. CONDUTOR-FAROL DESREGULADO/APAGADO,0,2,0,0,0,CAMINHÃO=1|NÃO INFORMADO=1,ARARAS,CAMPINAS,RIO CLARO,ESTADUAL
2020-01-16,23:09:00,L01-AUTOBAN,SP330,61.45,NORTE,-23.17228975,-46.92202056,COLISÃO,COLISÃO-TRASEIRA,NÃO INFORMADO,0,0,0,0,0,AUTOMÓVEL=3,JUNDIAÍ,CAMPINAS,CAMPINAS,ESTADUAL
2020-01-16,23:36:00,L01-AUTOBAN,SP330,18.65,SUL,-23.4766798,-46.77211672,CHOQUE,CHOQUE-BARREIRA DE CONCRETO,NÃO INFORMADO,0,1,0,0,0,AUTOMÓVEL=1,OSASCO,REG. METROPOLITANA SÃO PAULO,SÃO PAULO,ESTADUAL
2020-01-17,04:13:00,L29-VIAPAULISTA,SP330,290.6,NORTE,-21.3514843,-47.72409821,COLISÃO,COLISÃO-TRASEIRA,IMPRUD. CONDUTOR-DORMIR AO VOLANTE,2,0,0,0,0,CAMINHÃO=2,CRAVINHOS,RIBEIRÃO PRETO,RIBEIRÃO PRETO,ESTADUAL
2020-01-17,06:01:00,L01-AUTOBAN,SP330,32.5,NORTE,-23.38872046,-46.83682775,CHOQUE,CHOQUE-DEFENSA METÁLICA,NÃO INFORMADO,0,0,0,0,0,CARRETA=1,CAJAMAR,REG. METROPOLITANA SÃO PAULO,SÃO PAULO,ESTADUAL
2020-01-17,07:49:00,L01-AUTOBAN,SP330,61.0,NORTE,-23.17529462,-46.91833198,COLISÃO,COLISÃO-TRASEIRA,NÃO INFORMADO,0,0,0,0,0,AUTOMÓVEL=2,JUNDIAÍ,CAMPINAS,CAMPINAS,ESTADUAL
2020-01-17,08:06:00,L01-AUTOBAN,SP330,95.24,SUL,-22.91796204,-47.09588755,COLISÃO,COLISÃO-TRASEIRA,NÃO INFORMADO,0,0,0,0,0,AUTOMÓVEL=1|NÃO INFORMADO=1,CAMPINAS,CAMPINAS,CAMPINAS,ESTADUAL
2020-01-17,08:13:00,L01-AUTOBAN,SP330,97.7,NORTE,-22.89833549,-47.10986315,COLISÃO,COLISÃO-TRASEIRA,NÃO INFORMADO,0,0,0,0,0,NÃO INFORMADO=1|VAN/PERUA=1,CAMPINAS,CAMPINAS,CAMPINAS,ESTADUAL
2020-01-17,09:26:00,L01-AUTOBAN,SPM330E,94.0,SUL,-22.92488953,-47.08717167,COLISÃO,COLISÃO-TRASEIRA,NÃO INFORMADO,0,1,0,0,0,AUTOMÓVEL=1|MOTO=1,CAMPINAS,CAMPINAS,CAMPINAS,ESTADUAL
2020-01-17,09:40:00,L29-VIAPAULISTA,SP330,294.5,NORTE,-21.31818771,-47.73390961,CHOQUE,CHOQUE-OBJETO NA PISTA,OBJETO NA PISTA,2,0,0,0,0,CAMINHÃO=1,CRAVINHOS,RIBEIRÃO PRETO,RIBEIRÃO PRETO,ESTADUAL
2020-01-17,12:30:00,L01-AUTOBAN,SP330,48.5,SUL,-23.26977651,-46.86877549,CHOQUE,CHOQUE-BARREIRA DE CONCRETO,NÃO INFORMADO,0,0,0,0,0,AUTOMÓVEL=1,JUNDIAÍ,CAMPINAS,CAMPINAS,ESTADUAL
2020-01-17,14:05:00,L06-INTERVIAS,SP330,208.0,NORTE,-22.0177002,-47.43889999,OBJETO LANÇADO CONTRA O VEÍCULO,OBJETO LANÇADO CONTRA VEÍCULO,OBJETO LANÇADO,2,0,0,0,0,AUTOMÓVEL=1,PIRASSUNUNGA,CAMPINAS,RIO CLARO,ESTADUAL
2020-01-17,15:59:00,L29-VIAPAULISTA,SP330,313.8,SUL,-21.1501236,-47.75801849,COLISÃO,COLISÃO-LATERAL,IMPRUD. CONDUTOR,1,1,0,0,0,BICICLETA=1|CAMINHÃO=1,RIBEIRÃO PRETO,RIBEIRÃO PRETO,RIBEIRÃO PRETO,ESTADUAL
2020-01-17,19:08:00,L06-INTERVIAS,SP330,197.0,NORTE,-22.10490036,-47.41350174,COLISÃO,COLISÃO-TRASEIRA,TRÁFEGO-CONGESTIONAMENTO,0,0,0,0,0,CAMINHONETE=1|ÔNIBUS=1,SANTA CRUZ DA CONCEIÇÃO,CAMPINAS,RIO CLARO,ESTADUAL
2020-01-17,21:00:00,L06-INTERVIAS,SP330,183.0,SUL,-22.2378006,-47.39110184,CHOQUE,CHOQUE-OBJETO NA PISTA,OBJETO NA PISTA,10,0,0,0,0,AUTOMÓVEL=2|CAMINHONETE=1|CAMINHÃO=1,LEME,CAMPINAS,RIO CLARO,ESTADUAL
2020-01-17,21:31:00,L01-AUTOBAN,SP330,64.2,SUL,-23.15183322,-46.93641971,ATROPELAMENTO DE PEDESTRE,ATROP. PEDESTRE-ANDARILHO,NÃO INFORMADO,0,0,0,1,0,AUTOMÓVEL=1|NÃO SE APLICA=1,JUNDIAÍ,CAMPINAS,CAMPINAS,ESTADUAL
2020-01-17,22:14:00,L01-AUTOBAN,SP330,71.92,NORTE,-23.09098873,-46.97235595,COLISÃO,COLISÃO-TRASEIRA,NÃO INFORMADO,0,2,0,0,0,AUTOMÓVEL=2,LOUVEIRA,CAMPINAS,CAMPINAS,ESTADUAL
2020-01-17,22:37:00,L01-AUTOBAN,SP330,92.0,SUL,-22.9351263,-47.07110524,CHOQUE,CHOQUE-SINALIZAÇÃO,NÃO INFORMADO,0,1,0,0,0,MOTO=1,CAMPINAS,CAMPINAS,CAMPINAS,ESTADUAL
2020-01-18,00:04:00,L01-AUTOBAN,SP330,131.7,SUL,-22.6733213,-47.31282698,ATROPELAMENTO DE ANIMAL,ATROP. ANIMAL,NÃO INFORMADO,0,0,0,0,0,AUTOMÓVEL=1,LIMEIRA,CAMPINAS,RIO CLARO,ESTADUAL
2020-01-18,00:36:00,L01-AUTOBAN,SP330,41.35,SUL,-23.32135117,-46.84927582,CHOQUE,CHOQUE-BARREIRA DE CONCRETO,NÃO INFORMADO,0,0,1,1,0,AUTOMÓVEL=1,CAJAMAR,REG. METROPOLITANA SÃO PAULO,SÃO PAULO,ESTADUAL
2020-01-18,01:11:00,L28-ENTREVIAS,SP330,364.0,NORTE,-20.7254475041,-47.8933999947,CHOQUE,CHOQUE-DEFENSA METÁLICA,IMPRUD. CONDUTOR-PERDA DE CONTROLE,1,0,0,0,0,AUTOMÓVEL=1,ORLÂNDIA,FRANCA,RIBEIRÃO PRETO,ESTADUAL
2020-01-18,04:52:00,L01-AUTOBAN,SPM330E,15.0,SUL,-23.49991644,-46.75469577,CHOQUE,CHOQUE-BARREIRA DE CONCRETO,NÃO INFORMADO,0,0,0,0,0,AUTOMÓVEL=1,SÃO PAULO,REG. METROPOLITANA SÃO PAULO,SÃO PAULO,ESTADUAL
2020-01-18,05:11:00,L01-AUTOBAN,SP330,25.4,SUL,-23.42431014,-46.79031775,CHOQUE,CHOQUE-SINALIZAÇÃO,NÃO INFORMADO,0,1,0,0,0,AUTOMÓVEL=1,SÃO PAULO,REG. METROPOLITANA SÃO PAULO,SÃO PAULO,ESTADUAL
2020-01-18,07:07:00,L01-AUTOBAN,SP330,18.0,NORTE,-23.48241663,-46.7709446,CHOQUE,CHOQUE-DEFENSA METÁLICA,NÃO INFORMADO,0,0,0,0,0,AUTOMÓVEL=1,OSASCO,REG. METROPOLITANA SÃO PAULO,SÃO PAULO,ESTADUAL
2020-01-18,07:18:00,L01-AUTOBAN,SP330,98.0,NORTE,-22.89587453,-47.11074829,CHOQUE,CHOQUE-BARREIRA DE CONCRETO,NÃO INFORMADO,0,0,0,0,0,VAN/PERUA=1,CAMPINAS,CAMPINAS,CAMPINAS,ESTADUAL
2020-01-18,08:56:00,L01-AUTOBAN,SPI102/330,5.6,SUL,-22.91304089,-47.13613945,CAPOTAMENTO,CAPOTAMENTO,NÃO INFORMADO,0,1,0,0,0,AUTOMÓVEL=1,CAMPINAS,CAMPINAS,CAMPINAS,ESTADUAL
2020-01-18,09:53:00,L06-INTERVIAS,SP330,197.8,SUL,-22.11380005,-47.41199875,OBJETO LANÇADO CONTRA O VEÍCULO,OBJETO LANÇADO CONTRA VEÍCULO,ROÇADA MECÂNICA/MANUAL,0,0,0,0,0,CAMINHÃO=1,SANTA CRUZ DA CONCEIÇÃO,CAMPINAS,RIO CLARO,ESTADUAL
2020-01-18,10:15:00,L06-INTERVIAS,SP330,190.4,SUL,-22.17514038,-47.39886093,OBJETO LANÇADO CONTRA O VEÍCULO,OBJETO LANÇADO CONTRA VEÍCULO,OBJETO LANÇADO,2,0,0,0,0,AUTOMÓVEL=1,LEME,CAMPINAS,RIO CLARO,ESTADUAL
2020-01-18,10:36:00,L01-AUTOBAN,SP330,97.6,SUL,-22.89949874,-47.10970973,TOMBAMENTO,TOMBAMENTO-MOTO,NÃO INFORMADO,0,0,0,1,0,MOTO=1,CAMPINAS,CAMPINAS,CAMPINAS,ESTADUAL
2020-01-18,10:45:00,L01-AUTOBAN,SP330,97.7,SUL,-22.89868536,-47.11002033,COLISÃO,COLISÃO-TRASEIRA,NÃO INFORMADO,0,0,0,0,0,AUTOMÓVEL=2,CAMPINAS,CAMPINAS,CAMPINAS,ESTADUAL
2020-01-18,11:44:00,L01-AUTOBAN,SPM330E,98.8,SUL,-22.88962693,-47.11298204,ENGAVETAMENTO,ENGAVETAMENTO,NÃO INFORMADO,0,0,0,0,0,AUTOMÓVEL=3,CAMPINAS,CAMPINAS,CAMPINAS,ESTADUAL
2020-01-18,15:00:00,L01-AUTOBAN,SP330,75.0,NORTE,-23.068341,-46.98838,ATROPELAMENTO DE ANIMAL,ATROP. ANIMAL,NÃO INFORMADO,0,0,0,0,0,AUTOMÓVEL=1,VINHEDO,CAMPINAS,CAMPINAS,ESTADUAL
2020-01-18,17:08:00,L29-VIAPAULISTA,SP330,307.0,SUL,-21.21128464,-47.75865936,CHOQUE,CHOQUE-ELEMENTO DE DRENAGEM,ÓLEO NA PISTA,1,0,0,0,0,AUTOMÓVEL=1,RIBEIRÃO PRETO,RIBEIRÃO PRETO,RIBEIRÃO PRETO,ESTADUAL
2020-01-18,17:45:00,L29-VIAPAULISTA,SP330,307.0,SUL,-21.21128464,-47.75865936,CHOQUE,"CHOQUE - DEFENSA, BARREIRA OU ""SUBMARINO""",IMPRUD. CONDUTOR-PERDA DE CONTROLE,2,0,0,0,0,AUTOMÓVEL=1,RIBEIRÃO PRETO,RIBEIRÃO PRETO,RIBEIRÃO PRETO,ESTADUAL
2020-01-18,17:56:00,L28-ENTREVIAS,SP330,330.0,SUL,-21.0213162542,-47.8399548404,CHOQUE,CHOQUE-SINALIZAÇÃO,IMPRUD. CONDUTOR-PERDA DE CONTROLE,0,2,0,0,0,AUTOMÓVEL=1,JARDINÓPOLIS,RIBEIRÃO PRETO,RIBEIRÃO PRETO,ESTADUAL
2020-01-19,00:23:00,L01-AUTOBAN,SP330,38.0,NORTE,-23.34492536,-46.84092879,CHOQUE,CHOQUE-BARREIRA DE CONCRETO,NÃO INFORMADO,0,0,0,0,0,AUTOMÓVEL=1,CAJAMAR,REG. METROPOLITANA SÃO PAULO,SÃO PAULO,ESTADUAL
2020-01-19,03:07:00,L29-VIAPAULISTA,SP330,309.0,NORTE,-21.1923542,-47.75753021,COLISÃO,COLISÃO-TRASEIRA,IMPRUD. CONDUTOR,1,2,0,0,0,AUTOMÓVEL=2,RIBEIRÃO PRETO,RIBEIRÃO PRETO,RIBEIRÃO PRETO,ESTADUAL
2020-01-19,05:08:00,L01-AUTOBAN,SPM330E,112.9,SUL,-22.80793585,-47.21571494,CHOQUE,CHOQUE-BARREIRA DE CONCRETO,NÃO INFORMADO,0,0,0,0,0,AUTOMÓVEL=1,SUMARÉ,CAMPINAS,CAMPINAS,ESTADUAL
2020-01-19,09:24:00,L29-VIAPAULISTA,SPA307/330,0.2,OESTE,-21.20450592,-47.76023483,CHOQUE,CHOQUE-ELEMENTO DE DRENAGEM,IMPRUD. CONDUTOR-PERDA DE CONTROLE,0,1,0,0,0,CAMINHONETE=1,RIBEIRÃO PRETO,RIBEIRÃO PRETO,RIBEIRÃO PRETO,ESTADUAL
2020-01-19,16:41:00,L01-AUTOBAN,SP330,19.1,SUL,-23.47323185,-46.77326793,CHOQUE,CHOQUE-BARREIRA DE CONCRETO,NÃO INFORMADO,0,0,0,0,0,AUTOMÓVEL=1,SÃO PAULO,REG. METROPOLITANA SÃO PAULO,SÃO PAULO,ESTADUAL
2020-01-19,17:04:00,L29-VIAPAULISTA,SP330,311.8,SUL,-21.16830254,-47.75639725,CHOQUE,CHOQUE-ELEMENTO DE DRENAGEM,IMPRUD. CONDUTOR-PERDA DE CONTROLE,0,0,0,0,0,AUTOMÓVEL=1,RIBEIRÃO PRETO,RIBEIRÃO PRETO,RIBEIRÃO PRETO,ESTADUAL
2020-01-19,18:55:00,L28-ENTREVIAS,SP330,398.0,SUL,-20.4328388095,-47.8348316787,CHOQUE,CHOQUE-TALUDE OU BARRANCO,IMPRUD. CONDUTOR-EXCESSO DE VELOCIDADE,2,0,0,0,0,AUTOMÓVEL=1,GUARÁ,FRANCA,RIBEIRÃO PRETO,ESTADUAL
2020-01-19,19:52:00,L01-AUTOBAN,SP330,70.14,SUL,-23.1048262,-46.96351272,CHOQUE,CHOQUE-DEFENSA METÁLICA,NÃO INFORMADO,0,1,0,0,0,UTILITÁRIO=1,LOUVEIRA,CAMPINAS,CAMPINAS,ESTADUAL
2020-01-19,23:13:00,L01-AUTOBAN,SP330,138.7,NORTE,-22.6194406,-47.34707717,COLISÃO,COLISÃO-LATERAL,NÃO INFORMADO,0,0,0,0,0,AUTOMÓVEL=1|NÃO INFORMADO=1,LIMEIRA,CAMPINAS,RIO CLARO,ESTADUAL
2020-01-19,23:21:00,L01-AUTOBAN,SP330,86.7,NORTE,-22.97724068,-47.04690999,ATROPELAMENTO DE ANIMAL,ATROP. ANIMAL,NÃO INFORMADO,0,0,0,0,0,AUTOMÓVEL=1,CAMPINAS,CAMPINAS,CAMPINAS,ESTADUAL
2020-01-19,23:28:00,L28-ENTREVIAS,SP330,350.0,SUL,-20.8508397261,-47.8957550462,CHOQUE,CHOQUE-BARREIRA DE CONCRETO,IMPRUD. CONDUTOR-FALTA DE ATENÇÃO,1,0,0,0,0,AUTOMÓVEL=1,SALES OLIVEIRA,FRANCA,RIBEIRÃO PRETO,ESTADUAL
2020-01-20,05:15:00,L01-AUTOBAN,SP330,57.7,SUL,-23.19974879,-46.90245062,CHOQUE,CHOQUE-BARREIRA DE CONCRETO,NÃO INFORMADO,0,1,0,0,0,AUTOMÓVEL=1,JUNDIAÍ,CAMPINAS,CAMPINAS,ESTADUAL
2020-01-20,06:43:00,L01-AUTOBAN,SPM330E,104.2,SUL,-22.85607853,-47.15035698,COLISÃO,COLISÃO-TRASEIRA,NÃO INFORMADO,0,0,0,0,0,AUTOMÓVEL=1|CAMINHÃO=1,CAMPINAS,CAMPINAS,CAMPINAS,ESTADUAL
2020-01-20,09:00:00,L29-VIAPAULISTA,SP330,310.6,NORTE,-21.17793465,-47.7567749,COLISÃO,COLISÃO-TRASEIRA,IMPRUD. CONDUTOR,2,0,0,0,0,AUTOMÓVEL=2,RIBEIRÃO PRETO,RIBEIRÃO PRETO,RIBEIRÃO PRETO,ESTADUAL
2020-01-20,10:33:00,L01-AUTOBAN,SP330,60.0,SUL,-23.18116795,-46.91158891,COLISÃO,COLISÃO-TRASEIRA,NÃO INFORMADO,1,0,0,0,0,AUTOMÓVEL=2,JUNDIAÍ,CAMPINAS,CAMPINAS,ESTADUAL
2020-01-20,11:48:00,L29-VIAPAULISTA,SPA241/330,7.0,LESTE,-21.73216381,-47.50164013,ATROPELAMENTO DE ANIMAL,ATROP. ANIMAL,ANIMAL NA RODOVIA,1,0,0,0,0,CAMINHONETE=1,SANTA RITA DO PASSA QUATRO,CENTRAL,RIBEIRÃO PRETO,ESTADUAL
2020-01-20,15:05:00,L01-AUTOBAN,SPI102/330,1.1,SUL,-22.87349186,-47.13177037,CHOQUE,CHOQUE-BARREIRA DE CONCRETO,NÃO INFORMADO,0,0,0,0,0,UTILITÁRIO=1,CAMPINAS,CAMPINAS,CAMPINAS,ESTADUAL
2020-01-20,17:53:00,L01-AUTOBAN,SP330,103.3,NORTE,-22.86057946,-47.14206078,TOMBAMENTO,TOMBAMENTO-MOTO,NÃO INFORMADO,0,1,1,0,0,MOTO=1,CAMPINAS,CAMPINAS,CAMPINAS,ESTADUAL
2020-01-20,21:09:00,L29-VIAPAULISTA,SP330,259.8,NORTE,-21.59802818,-47.62167358,CHOQUE,CHOQUE-OBJETO NA PISTA,OBJETO NA PISTA,4,0,0,0,0,AUTOMÓVEL=1,SANTA RITA DO PASSA QUATRO,CENTRAL,RIBEIRÃO PRETO,ESTADUAL
2020-01-20,21:17:00,L06-INTERVIAS,SP330,209.3,NORTE,-22.00671959,-47.44269943,CHOQUE,CHOQUE-OBJETO NA PISTA,OBJETO NA PISTA,6,0,0,0,0,AUTOMÓVEL=1|CAMINHÃO=1,PIRASSUNUNGA,CAMPINAS,RIO CLARO,ESTADUAL
2020-01-20,22:18:00,L01-AUTOBAN,SP330,95.4,NORTE,-22.91639807,-47.09697784,TOMBAMENTO,TOMBAMENTO-MOTO,NÃO INFORMADO,0,2,0,0,0,MOTO=2|NÃO INFORMADO=1|UTILITÁRIO=1,CAMPINAS,CAMPINAS,CAMPINAS,ESTADUAL
2020-01-20,23:35:00,L01-AUTOBAN,SP330,60.1,SUL,-23.18058161,-46.91230022,ATROPELAMENTO DE ANIMAL,ATROP. ANIMAL,NÃO INFORMADO,0,0,0,0,0,AUTOMÓVEL=1,JUNDIAÍ,CAMPINAS,CAMPINAS,ESTADUAL
2020-01-21,05:07:00,L01-AUTOBAN,SPM330D,116.4,NORTE,-22.77984844,-47.23231996,CHOQUE,CHOQUE-MEIO FIO/CALÇAMENTO,NÃO INFORMADO,0,1,0,0,0,MOTO=1,NOVA ODESSA,CAMPINAS,RIO CLARO,ESTADUAL
2020-01-21,06:34:00,L29-VIAPAULISTA,SP330,283.3,SUL,-21.39907455,-47.67866898,COLISÃO,COLISÃO-TRASEIRA,IMPRUD. CONDUTOR,2,0,0,0,0,CAMINHÃO=2,SÃO SIMÃO,RIBEIRÃO PRETO,RIBEIRÃO PRETO,ESTADUAL
2020-01-21,06:51:00,L01-AUTOBAN,SP330,97.4,NORTE,-22.90079638,-47.10897804,ENGAVETAMENTO,ENGAVETAMENTO,NÃO INFORMADO,0,1,0,0,0,CAMINHÃO=2|CARRETA=2,CAMPINAS,CAMPINAS,CAMPINAS,ESTADUAL
2020-01-21,12:47:00,L01-AUTOBAN,SPM330E,57.26,SUL,-23.2036842,-46.90043252,TOMBAMENTO,TOMBAMENTO-MOTO,NÃO INFORMADO,0,0,1,0,0,MOTO=1,JUNDIAÍ,CAMPINAS,CAMPINAS,ESTADUAL
2020-01-21,15:00:00,L29-VIAPAULISTA,SP330,253.0,NORTE,-21.65808105,-47.60906219,CHOQUE,CHOQUE-CANCELA DE PEDÁGIO-MANUAL,FALHA DE EQUIP. PEDÁGIO-PISTA AVI,0,0,0,0,0,ÔNIBUS=1,SANTA RITA DO PASSA QUATRO,CENTRAL,RIBEIRÃO PRETO,ESTADUAL
2020-01-21,15:04:00,L06-INTERVIAS,SP330,228.6,SUL,-21.83975983,-47.49536133,CHOQUE,"CHOQUE - DEFENSA, BARREIRA",PANE MECÂNICA/ELÉTRICA,1,0,0,0,0,CAMINHÃO=1,PORTO FERREIRA,CENTRAL,RIO CLARO,ESTADUAL
2020-01-21,15:30:00,L06-INTERVIAS,SP330,228.7,SUL,-21.8388195,-47.49536896,COLISÃO,COLISÃO-TRASEIRA,ACIDENTE,2,0,0,0,0,AUTOMÓVEL=1|CAMINHÃO=1,PORTO FERREIRA,CENTRAL,RIO CLARO,ESTADUAL
2020-01-21,16:04:00,L28-ENTREVIAS,SP330,364.4,SUL,-20.7254498212,-47.8936535028,CHOQUE,CHOQUE-OBJETO NA PISTA,OBJETO LANÇADO-TERCEIROS,1,0,0,0,0,AUTOMÓVEL=1,ORLÂNDIA,FRANCA,RIBEIRÃO PRETO,ESTADUAL
2020-01-21,16:56:00,L29-VIAPAULISTA,SP330,318.0,SUL,-21.11704636,-47.77725983,CHOQUE,"CHOQUE - DEFENSA, BARREIRA OU ""SUBMARINO""",IMPRUD. CONDUTOR-LEVOU FECHADA,1,0,0,0,0,CAMINHONETE=1,RIBEIRÃO PRETO,RIBEIRÃO PRETO,RIBEIRÃO PRETO,ESTADUAL
2020-01-21,17:50:00,L01-AUTOBAN,SP330,137.0,NORTE,-22.63063862,-47.3365581,CHOQUE,CHOQUE-VEÍCULO PARADO NA PISTA,NÃO INFORMADO,0,0,0,0,0,UTILITÁRIO=3,LIMEIRA,CAMPINAS,RIO CLARO,ESTADUAL
2020-01-22,06:56:00,L01-AUTOBAN,SP330,21.0,SUL,-23.46099256,-46.78144813,COLISÃO,COLISÃO-TRASEIRA,NÃO INFORMADO,0,1,0,0,0,AUTOMÓVEL=1|MOTO=1,SÃO PAULO,REG. METROPOLITANA SÃO PAULO,SÃO PAULO,ESTADUAL
2020-01-22,07:36:00,L06-INTERVIAS,SP330,215.8,SUL,-21.95479965,-47.46096039,COLISÃO,COLISÃO-TRASEIRA,IMPRUD. CONDUTOR-DORMIR AO VOLANTE,0,2,0,0,0,AUTOMÓVEL=1|CAMINHONETE=1,PIRASSUNUNGA,CAMPINAS,RIO CLARO,ESTADUAL
2020-01-22,07:37:00,L01-AUTOBAN,SP330,60.35,SUL,-23.17911575,-46.91407852,COLISÃO,COLISÃO-TRASEIRA,NÃO INFORMADO,0,0,1,0,0,AUTOMÓVEL=1|MOTO=1,JUNDIAÍ,CAMPINAS,CAMPINAS,ESTADUAL
2020-01-22,10:58:00,L01-AUTOBAN,SP330,28.3,SUL,-23.41057569,-46.81419735,COLISÃO,COLISÃO-TRASEIRA,NÃO INFORMADO,0,0,0,0,0,NÃO INFORMADO=1|VAN/PERUA=1,SÃO PAULO,REG. METROPOLITANA SÃO PAULO,SÃO PAULO,ESTADUAL
2020-01-22,17:04:00,L01-AUTOBAN,SPM330E,90.7,SUL,-22.94547145,-47.06535404,COLISÃO,COLISÃO-TRASEIRA,NÃO INFORMADO,0,1,0,0,0,CAMINHÃO=1|MOTO=1,CAMPINAS,CAMPINAS,CAMPINAS,ESTADUAL
2020-01-22,17:07:00,L06-INTERVIAS,SP330,209.2,SUL,-22.00768089,-47.44269943,TOMBAMENTO,TOMBAMENTO,IMPRUD. CONDUTOR-PERDA DE CONTROLE,0,1,0,0,0,MOTO=1,PIRASSUNUNGA,CAMPINAS,RIO CLARO,ESTADUAL
2020-01-22,17:39:00,L01-AUTOBAN,SP330,108.0,NORTE,-22.83258532,-47.17717052,COLISÃO,COLISÃO-TRASEIRA,NÃO INFORMADO,0,0,0,0,0,AUTOMÓVEL=2,SUMARÉ,CAMPINAS,CAMPINAS,ESTADUAL
2020-01-22,18:13:00,L01-AUTOBAN,SPM330E,114.1,SUL,-22.79998412,-47.22244673,COLISÃO,COLISÃO-LATERAL,NÃO INFORMADO,0,1,0,0,0,AUTOMÓVEL=1|MOTO=1,SUMARÉ,CAMPINAS,CAMPINAS,ESTADUAL
2020-01-22,18:21:00,L29-VIAPAULISTA,SP330,281.9,SUL,-21.40887451,-47.66871643,CHOQUE,CHOQUE-OBJETO NA PISTA,OBJETO NA PISTA,1,0,0,0,0,AUTOMÓVEL=1,SÃO SIMÃO,RIBEIRÃO PRETO,RIBEIRÃO PRETO,ESTADUAL
2020-01-22,18:21:00,L29-VIAPAULISTA,SP330,281.9,SUL,-21.40887451,-47.66871643,CHOQUE,CHOQUE-OBJETO NA PISTA,OBJETO NA PISTA,1,0,0,0,0,AUTOMÓVEL=1,SÃO SIMÃO,RIBEIRÃO PRETO,RIBEIRÃO PRETO,ESTADUAL
2020-01-22,19:09:00,L01-AUTOBAN,SP330,104.3,NORTE,-22.85527727,-47.15106436,COLISÃO,COLISÃO-TRASEIRA,NÃO INFORMADO,0,0,0,0,0,AUTOMÓVEL=1|NÃO INFORMADO=1,CAMPINAS,CAMPINAS,CAMPINAS,ESTADUAL
2020-01-22,19:58:00,L01-AUTOBAN,SP330,97.7,NORTE,-22.89833549,-47.10986315,COLISÃO,COLISÃO-TRASEIRA,NÃO INFORMADO,0,1,0,0,0,AUTOMÓVEL=1|UTILITÁRIO=1,CAMPINAS,CAMPINAS,CAMPINAS,ESTADUAL
2020-01-23,05:06:00,L06-INTERVIAS,SP330,211.0,NORTE,-21.97489929,-47.45360184,ATROPELAMENTO DE ANIMAL,ATROP. ANIMAL,ANIMAL NA RODOVIA,4,0,0,0,0,AUTOMÓVEL=1,PIRASSUNUNGA,CAMPINAS,RIO CLARO,ESTADUAL
2020-01-23,05:07:00,L29-VIAPAULISTA,SP330,250.9,NORTE,-21.67648315,-47.604599,COLISÃO,COLISÃO-TRANSVERSAL,IMPRUD. CONDUTOR-PERDA DE CONTROLE,0,1,0,1,1,AUTOMÓVEL=1|CAMINHÃO=1,SANTA RITA DO PASSA QUATRO,CENTRAL,RIBEIRÃO PRETO,ESTADUAL
2020-01-23,06:30:00,L01-AUTOBAN,SP330,56.0,SUL,-23.21105335,-46.89180493,CHOQUE,CHOQUE-BARREIRA DE CONCRETO,NÃO INFORMADO,0,1,0,0,0,AUTOMÓVEL=1,JUNDIAÍ,CAMPINAS,CAMPINAS,ESTADUAL
2020-01-23,06:44:00,L01-AUTOBAN,SP330,98.0,NORTE,-22.89587453,-47.11074829,CHOQUE,CHOQUE-ELEMENTO DE DRENAGEM,NÃO INFORMADO,0,0,0,0,0,UTILITÁRIO=1,CAMPINAS,CAMPINAS,CAMPINAS,ESTADUAL
2020-01-23,06:56:00,L01-AUTOBAN,SP330,13.1,SUL,-23.508055,-46.74104441,TOMBAMENTO,TOMBAMENTO-MOTO,NÃO INFORMADO,0,1,0,0,0,MOTO=1,SÃO PAULO,REG. METROPOLITANA SÃO PAULO,SÃO PAULO,ESTADUAL
2020-01-23,07:53:00,L29-VIAPAULISTA,SP330,242.0,NORTE,-21.74960899,-47.57137299,CHOQUE,CHOQUE-OBJETO NA PISTA,OBJETO NA PISTA,0,0,0,0,0,AUTOMÓVEL=1,SANTA RITA DO PASSA QUATRO,CENTRAL,RIBEIRÃO PRETO,ESTADUAL
2020-01-23,07:58:00,L29-VIAPAULISTA,SP330,310.0,NORTE,-21.18334198,-47.75705719,COLISÃO,COLISÃO-TRASEIRA,IMPRUD. CONDUTOR,0,0,0,0,0,AUTOMÓVEL=2,RIBEIRÃO PRETO,RIBEIRÃO PRETO,RIBEIRÃO PRETO,ESTADUAL
2020-01-23,08:04:00,L01-AUTOBAN,SP330,53.2,NORTE,-23.22911686,-46.87386712,COLISÃO,COLISÃO-TRASEIRA,NÃO INFORMADO,0,0,0,0,0,AUTOMÓVEL=2,JUNDIAÍ,CAMPINAS,CAMPINAS,ESTADUAL
2020-01-23,08:05:00,L01-AUTOBAN,SP330,100.3,SUL,-22.87859743,-47.11998155,COLISÃO,COLISÃO-TRASEIRA,NÃO INFORMADO,0,0,0,0,0,AUTOMÓVEL=2,CAMPINAS,CAMPINAS,CAMPINAS,ESTADUAL
2020-01-23,08:11:00,L29-VIAPAULISTA,SP330,273.9,SUL,-21.47315598,-47.64027786,CHOQUE,CHOQUE-ELEMENTO DE DRENAGEM,CONDIÇÃO CLIMÁTICA,1,3,0,0,0,AUTOMÓVEL=1,SÃO SIMÃO,RIBEIRÃO PRETO,RIBEIRÃO PRETO,ESTADUAL
2020-01-23,08:32:00,L01-AUTOBAN,SP330,108.1,SUL,-22.83238442,-47.17806764,COLISÃO,COLISÃO-TRASEIRA,NÃO INFORMADO,0,0,0,0,0,AUTOMÓVEL=1|UTILITÁRIO=1,SUMARÉ,CAMPINAS,CAMPINAS,ESTADUAL
2020-01-23,08:38:00,L29-VIAPAULISTA,SP330,307.18,NORTE,-21.20874977,-47.75839233,CHOQUE,"CHOQUE - DEFENSA, BARREIRA OU ""SUBMARINO""",IMPRUD. CONDUTOR,3,0,0,0,0,AUTOMÓVEL=1,RIBEIRÃO PRETO,RIBEIRÃO PRETO,RIBEIRÃO PRETO,ESTADUAL
2020-01-23,08:48:00,L01-AUTOBAN,SPM330D,86.6,NORTE,-22.97802414,-47.04643557,CHOQUE,CHOQUE-ELEMENTO DE DRENAGEM,NÃO INFORMADO,0,0,0,0,0,AUTOMÓVEL=1,CAMPINAS,CAMPINAS,CAMPINAS,ESTADUAL
2020-01-23,13:56:00,L01-AUTOBAN,SP330,30.5,SUL,-23.40342213,-46.832968,CHOQUE,CHOQUE-POSTE,NÃO INFORMADO,0,0,1,0,0,AUTOMÓVEL=1,CAJAMAR,REG. METROPOLITANA SÃO PAULO,SÃO PAULO,ESTADUAL
2020-01-23,14:18:00,L06-INTERVIAS,SP330,239.0,NORTE,-21.76720047,-47.54930115,CHOQUE,CHOQUE-OUTROS,CONDIÇÃO CLIMÁTICA,4,0,0,0,0,AUTOMÓVEL=2|CAMINHONETE=1,SANTA RITA DO PASSA QUATRO,CENTRAL,RIBEIRÃO PRETO,ESTADUAL
2020-01-23,14:29:00,L01-AUTOBAN,SP330,86.0,NORTE,-22.982725,-47.043589,CHOQUE,CHOQUE-ELEMENTO DE DRENAGEM,NÃO INFORMADO,0,1,0,0,0,AUTOMÓVEL=1,VALINHOS,CAMPINAS,CAMPINAS,ESTADUAL
2020-01-23,15:31:00,L01-AUTOBAN,SP330,24.0,SUL,-23.43482528,-46.78642094,CHOQUE,CHOQUE-DEFENSA METÁLICA,NÃO INFORMADO,0,0,0,0,0,AUTOMÓVEL=1,SÃO PAULO,REG. METROPOLITANA SÃO PAULO,SÃO PAULO,ESTADUAL
2020-01-23,17:52:00,L01-AUTOBAN,SPM330D,86.6,NORTE,-22.97802414,-47.04643557,TOMBAMENTO,TOMBAMENTO-MOTO,NÃO INFORMADO,0,0,0,0,0,MOTO=1,CAMPINAS,CAMPINAS,CAMPINAS,ESTADUAL
2020-01-23,18:01:00,L01-AUTOBAN,SP330,61.2,SUL,-23.17400647,-46.92028463,ENGAVETAMENTO,ENGAVETAMENTO,NÃO INFORMADO,0,2,0,0,0,AUTOMÓVEL=1|MOTO=2,JUNDIAÍ,CAMPINAS,CAMPINAS,ESTADUAL
2020-01-23,18:03:00,L01-AUTOBAN,SPM330D,86.6,NORTE,-22.97802414,-47.04643557,ATROPELAMENTO DE PEDESTRE,ATROP. PEDESTRE-USUÁRIO,NÃO INFORMADO,0,2,0,0,0,AUTOMÓVEL=1|NÃO SE APLICA=2,CAMPINAS,CAMPINAS,CAMPINAS,ESTADUAL
2020-01-23,18:12:00,L01-AUTOBAN,SP330,95.1,NORTE,-22.91887208,-47.094765,COLISÃO,COLISÃO-TRASEIRA,NÃO INFORMADO,0,1,0,0,0,AUTOMÓVEL=1|MOTO=1,CAMPINAS,CAMPINAS,CAMPINAS,ESTADUAL
2020-01-23,18:16:00,L29-VIAPAULISTA,SP330,315.0,SUL,-21.1398716,-47.76180649,COLISÃO,COLISÃO-TRASEIRA,IMPRUD. CONDUTOR,2,0,0,0,0,AUTOMÓVEL=1|MOTO=1,RIBEIRÃO PRETO,RIBEIRÃO PRETO,RIBEIRÃO PRETO,ESTADUAL
2020-01-23,18:28:00,L01-AUTOBAN,SPM330D,110.6,NORTE,-22.81969351,-47.19803272,COLISÃO,COLISÃO-LATERAL,NÃO INFORMADO,0,0,2,0,0,AUTOMÓVEL=1|NÃO INFORMADO=1,SUMARÉ,CAMPINAS,CAMPINAS,ESTADUAL
2020-01-23,18:39:00,L01-AUTOBAN,SP330,117.0,NORTE,-22.77485099,-47.23484337,ENGAVETAMENTO,ENGAVETAMENTO,NÃO INFORMADO,0,0,0,0,0,AUTOMÓVEL=1|NÃO INFORMADO=2,NOVA ODESSA,CAMPINAS,RIO CLARO,ESTADUAL
2020-01-23,18:53:00,L01-AUTOBAN,SP330,95.5,NORTE,-22.91557342,-47.09771544,ENGAVETAMENTO,ENGAVETAMENTO,NÃO INFORMADO,0,0,2,0,0,AUTOMÓVEL=2|UTILITÁRIO=1,CAMPINAS,CAMPINAS,CAMPINAS,ESTADUAL
2020-01-23,20:27:00,L01-AUTOBAN,SP330,96.95,SUL,-22.90474993,-47.10752318,CHOQUE,CHOQUE-BARREIRA DE CONCRETO,NÃO INFORMADO,0,0,0,0,0,AUTOMÓVEL=1,CAMPINAS,CAMPINAS,CAMPINAS,ESTADUAL
2020-01-23,20:56:00,L01-AUTOBAN,SP330,17.4,SUL,-23.48687219,-46.768713,COLISÃO,COLISÃO-LATERAL,NÃO INFORMADO,0,1,0,0,0,AUTOMÓVEL=2,SÃO PAULO,REG. METROPOLITANA SÃO PAULO,SÃO PAULO,ESTADUAL
2020-01-23,21:04:00,L29-VIAPAULISTA,SPA307/330,3.0,LESTE,-21.18923569,-47.78230286,ENGAVETAMENTO,ENGAVETAMENTO,IMPRUD. CONDUTOR,3,0,0,0,0,AUTOMÓVEL=3,RIBEIRÃO PRETO,RIBEIRÃO PRETO,RIBEIRÃO PRETO,ESTADUAL
2020-01-23,21:35:00,L28-ENTREVIAS,SP330,391.903,NORTE,-20.4965023485,-47.843019349,CHOQUE,CHOQUE-OUTROS,PISTA MOLHADA,1,0,0,0,0,AUTOMÓVEL=1,GUARÁ,FRANCA,RIBEIRÃO PRETO,ESTADUAL
2020-01-24,01:29:00,L01-AUTOBAN,SP330,97.7,NORTE,-22.89833549,-47.10986315,CHOQUE,CHOQUE-BARREIRA DE CONCRETO,NÃO INFORMADO,0,1,0,0,0,AUTOMÓVEL=1,CAMPINAS,CAMPINAS,CAMPINAS,ESTADUAL
2020-01-24,03:37:00,L01-AUTOBAN,SP330,130.0,SUL,-22.68812699,-47.31107175,ATROPELAMENTO DE ANIMAL,ATROP. ANIMAL,NÃO INFORMADO,0,0,0,0,0,AUTOMÓVEL=1,AMERICANA,CAMPINAS,RIO CLARO,ESTADUAL
2020-01-24,04:32:00,L06-INTERVIAS,SP330,190.5,NORTE,-22.15699959,-47.39989853,CHOQUE,CHOQUE-OBJETO NA PISTA,OBJETO NA PISTA,1,0,0,0,0,AUTOMÓVEL=1,LEME,CAMPINAS,RIO CLARO,ESTADUAL
2020-01-24,07:32:00,L01-AUTOBAN,SP330,25.4,NORTE,-23.42387885,-46.79035085,COLISÃO,COLISÃO-TRANSVERSAL,NÃO INFORMADO,0,1,0,0,0,MOTO=1|VIATURA CONCESSIONÁRIA=1,SÃO PAULO,REG. METROPOLITANA SÃO PAULO,SÃO PAULO,ESTADUAL
2020-01-24,08:11:00,L01-AUTOBAN,SP330,18.7,SUL,-23.4762559,-46.77218914,CHOQUE,CHOQUE-TALUDE OU BARRANCO,NÃO INFORMADO,0,0,0,0,0,AUTOMÓVEL=1,OSASCO,REG. METROPOLITANA SÃO PAULO,SÃO PAULO,ESTADUAL
2020-01-24,08:32:00,L01-AUTOBAN,SP330,20.0,NORTE,-23.46894457,-46.77887321,CHOQUE,CHOQUE-BARREIRA DE CONCRETO,NÃO INFORMADO,0,1,0,0,0,AUTOMÓVEL=1,OSASCO,REG. METROPOLITANA SÃO PAULO,SÃO PAULO,ESTADUAL
2020-01-24,09:17:00,L01-AUTOBAN,SP330,20.0,NORTE,-23.46894457,-46.77887321,COLISÃO,COLISÃO-TRASEIRA,NÃO INFORMADO,0,0,0,0,0,UTILITÁRIO=1|VAN/PERUA=1,OSASCO,REG. METROPOLITANA SÃO PAULO,SÃO PAULO,ESTADUAL
2020-01-24,09:24:00,L01-AUTOBAN,SPM330E,98.5,SUL,-22.89210879,-47.11222082,COLISÃO,COLISÃO-LATERAL,NÃO INFORMADO,0,0,0,0,0,AUTOMÓVEL=1|MOTO=1,CAMPINAS,CAMPINAS,CAMPINAS,ESTADUAL
2020-01-24,10:35:00,L01-AUTOBAN,SPM330E,91.9,SUL,-22.93592265,-47.07066644,TOMBAMENTO,TOMBAMENTO,NÃO INFORMADO,0,1,0,0,0,MOTO=1,CAMPINAS,CAMPINAS,CAMPINAS,ESTADUAL
2020-01-24,10:54:00,L01-AUTOBAN,SP330,123.4,NORTE,-22.73653156,-47.28033687,COLISÃO,COLISÃO-LATERAL,NÃO INFORMADO,0,0,0,0,0,AUTOMÓVEL=1|CARRETA=1,AMERICANA,CAMPINAS,RIO CLARO,ESTADUAL
2020-01-24,12:15:00,L06-INTERVIAS,SP330,164.4,NORTE,-22.40342712,-47.38930511,COLISÃO,COLISÃO-LATERAL,IMPRUD. CONDUTOR,1,0,0,0,0,CAMINHÃO=1|NÃO INFORMADO=1,ARARAS,CAMPINAS,RIO CLARO,ESTADUAL
2020-01-24,13:18:00,L01-AUTOBAN,SP330,139.4,NORTE,-22.61479265,-47.35189489,TOMBAMENTO,TOMBAMENTO,NÃO INFORMADO,0,1,0,0,0,MOTO=1|NÃO INFORMADO=1,LIMEIRA,CAMPINAS,RIO CLARO,ESTADUAL
2020-01-24,13:47:00,L06-INTERVIAS,SP330,188.0,SUL,-22.19309998,-47.39759827,CAPOTAMENTO,CAPOTAMENTO,IMPRUD. CONDUTOR-PERDA DE CONTROLE,1,0,0,0,0,AUTOMÓVEL=1,LEME,CAMPINAS,RIO CLARO,ESTADUAL
2020-01-24,16:30:00,L01-AUTOBAN,SPM330D,15.0,NORTE,-23.49985249,-46.75452411,CHOQUE,CHOQUE-DEFENSA METÁLICA,NÃO INFORMADO,0,0,0,0,0,AUTOMÓVEL=1,SÃO PAULO,REG. METROPOLITANA SÃO PAULO,SÃO PAULO,ESTADUAL
2020-01-24,16:41:00,L01-AUTOBAN,SP330,85.7,NORTE,-22.98477342,-47.04217181,TOMBAMENTO,TOMBAMENTO,NÃO INFORMADO,0,0,1,0,0,MOTO=1,VALINHOS,CAMPINAS,CAMPINAS,ESTADUAL
2020-01-24,16:57:00,L01-AUTOBAN,SPM330E,93.1,SUL,-22.92936746,-47.07990356,COLISÃO,COLISÃO-TRASEIRA,NÃO INFORMADO,0,1,0,0,0,MOTO=1|UTILITÁRIO=1,CAMPINAS,CAMPINAS,CAMPINAS,ESTADUAL
2020-01-24,17:09:00,L06-INTERVIAS,SP330,168.7,NORTE,-22.36551094,-47.39450073,TOMBAMENTO,TOMBAMENTO,ESTOURO/FURO DE PNEU,0,2,0,0,0,MOTO=1,ARARAS,CAMPINAS,RIO CLARO,ESTADUAL
2020-01-24,17:14:00,L06-INTERVIAS,SP330,166.5,NORTE,-22.38545036,-47.39374924,COLISÃO,COLISÃO-LATERAL,IMPRUD. CONDUTOR,2,0,0,0,0,AUTOMÓVEL=1|CAMINHÃO=1,ARARAS,CAMPINAS,RIO CLARO,ESTADUAL
2020-01-24,18:17:00,L01-AUTOBAN,SPM330D,95.8,NORTE,-22.91309941,-47.09992828,TOMBAMENTO,TOMBAMENTO-MOTO,NÃO INFORMADO,0,1,0,0,0,MOTO=1,CAMPINAS,CAMPINAS,CAMPINAS,ESTADUAL
2020-01-24,18:59:00,L01-AUTOBAN,SP330,20.2,NORTE,-23.46729806,-46.77937961,ENGAVETAMENTO,ENGAVETAMENTO,NÃO INFORMADO,0,0,0,0,0,AUTOMÓVEL=3,OSASCO,REG. METROPOLITANA SÃO PAULO,SÃO PAULO,ESTADUAL
2020-01-24,20:01:00,L01-AUTOBAN,SP330,127.4,SUL,-22.70849578,-47.30019058,CHOQUE,CHOQUE-ELEMENTO DE DRENAGEM,NÃO INFORMADO,1,0,0,0,0,AUTOMÓVEL=1,AMERICANA,CAMPINAS,RIO CLARO,ESTADUAL
2020-01-24,20:54:00,L01-AUTOBAN,SP330,19.96,NORTE,-23.4691353,-46.77862322,COLISÃO,COLISÃO-LATERAL,NÃO INFORMADO,0,2,0,0,0,AUTOMÓVEL=1|MOTO=1,OSASCO,REG. METROPOLITANA SÃO PAULO,SÃO PAULO,ESTADUAL
2020-01-24,21:06:00,L28-ENTREVIAS,SP330,352.0,SUL,-20.8341326809,-47.8942972208,CHOQUE,CHOQUE-DEFENSA METÁLICA,IMPRUD. CONDUTOR-PERDA DE CONTROLE,1,0,0,0,0,CAMINHÃO=1,SALES OLIVEIRA,FRANCA,RIBEIRÃO PRETO,ESTADUAL
2020-01-24,21:20:00,L28-ENTREVIAS,SP330,352.0,SUL,-20.8341326809,-47.8942972208,COLISÃO,COLISÃO-TRASEIRA,IMPRUD. CONDUTOR-DIST. INADEQUADA ENTRE VEÍC.,2,0,0,0,0,AUTOMÓVEL=1|CAMIONETA / UTILITÁRIO=1,SALES OLIVEIRA,FRANCA,RIBEIRÃO PRETO,ESTADUAL
2020-01-24,21:58:00,L06-INTERVIAS,SP330,183.1,NORTE,-22.23690033,-47.39075851,ATROPELAMENTO DE ANIMAL,ATROP. ANIMAL,ANIMAL NA RODOVIA,2,0,0,0,0,AUTOMÓVEL=1,LEME,CAMPINAS,RIO CLARO,ESTADUAL
2020-01-24,22:52:00,L01-AUTOBAN,SPM330D,54.85,NORTE,-23.21722459,-46.88284313,COLISÃO,COLISÃO-TRASEIRA,NÃO INFORMADO,0,0,1,0,0,BICICLETA=1|NÃO INFORMADO=1,JUNDIAÍ,CAMPINAS,CAMPINAS,ESTADUAL
2020-01-25,00:46:00,L01-AUTOBAN,SP330,47.7,SUL,-23.27654749,-46.87081772,CHOQUE,CHOQUE-DEFENSA METÁLICA,NÃO INFORMADO,0,0,0,0,0,AUTOMÓVEL=1,JUNDIAÍ,CAMPINAS,CAMPINAS,ESTADUAL
2020-01-25,06:20:00,L01-AUTOBAN,SP330,111.64,SUL,-22.81538397,-47.20658233,COLISÃO,COLISÃO-LATERAL,NÃO INFORMADO,0,1,0,0,0,AUTOMÓVEL=1|MOTO=1,SUMARÉ,CAMPINAS,CAMPINAS,ESTADUAL
2020-01-25,06:37:00,L29-VIAPAULISTA,SP330,307.7,NORTE,-21.20406914,-47.75814438,CHOQUE,"CHOQUE - DEFENSA, BARREIRA OU ""SUBMARINO""",IMPRUD. CONDUTOR,2,0,0,0,0,AUTOMÓVEL=1,RIBEIRÃO PRETO,RIBEIRÃO PRETO,RIBEIRÃO PRETO,ESTADUAL
2020-01-25,08:50:00,L29-VIAPAULISTA,SPA307/330,1.8,OESTE,-21.19582558,-47.77275467,ATROPELAMENTO DE PEDESTRE,ATROP. PEDESTRE-USUÁRIO,IMPRUD. PEDESTRE-USUÁRIO,2,0,0,1,0,AUTOMÓVEL=1|NÃO SE APLICA=1,RIBEIRÃO PRETO,RIBEIRÃO PRETO,RIBEIRÃO PRETO,ESTADUAL
2020-01-25,09:01:00,L01-AUTOBAN,SP330,19.9,NORTE,-23.46942137,-46.77824825,CHOQUE,CHOQUE-TALUDE OU BARRANCO,NÃO INFORMADO,0,0,0,0,0,AUTOMÓVEL=1,OSASCO,REG. METROPOLITANA SÃO PAULO,SÃO PAULO,ESTADUAL
2020-01-25,09:57:00,L01-AUTOBAN,SP330,25.0,NORTE,-23.426127,-46.787542,CHOQUE,CHOQUE-DEFENSA METÁLICA,NÃO INFORMADO,0,0,1,0,0,MOTO=1,SÃO PAULO,REG. METROPOLITANA SÃO PAULO,SÃO PAULO,ESTADUAL
2020-01-25,17:38:00,L01-AUTOBAN,SP330,58.7,NORTE,-23.19132159,-46.90571004,TOMBAMENTO,TOMBAMENTO-MOTO,NÃO INFORMADO,0,0,2,0,0,MOTO=1,JUNDIAÍ,CAMPINAS,CAMPINAS,ESTADUAL
2020-01-26,03:04:00,L29-VIAPAULISTA,SP330,248.9,NORTE,-21.69356346,-47.5983696,CHOQUE,"CHOQUE - DEFENSA, BARREIRA OU ""SUBMARINO""",IMPRUD. CONDUTOR-DORMIR AO VOLANTE,1,0,0,0,0,AUTOMÓVEL=1,SANTA RITA DO PASSA QUATRO,CENTRAL,RIBEIRÃO PRETO,ESTADUAL
2020-01-26,09:28:00,L01-AUTOBAN,SP330,95.5,NORTE,-22.91557342,-47.09771544,COLISÃO,COLISÃO-TRASEIRA,NÃO INFORMADO,0,3,0,0,0,AUTOMÓVEL=2,CAMPINAS,CAMPINAS,CAMPINAS,ESTADUAL
2020-01-26,12:54:00,L01-AUTOBAN,SPM330D,88.0,NORTE,-22.96590114,-47.05342948,CHOQUE,CHOQUE-DEFENSA METÁLICA,NÃO INFORMADO,0,0,0,0,0,AUTOMÓVEL=1,CAMPINAS,CAMPINAS,CAMPINAS,ESTADUAL
2020-01-26,16:59:00,L29-VIAPAULISTA,SP330,242.4,NORTE,-21.74691582,-47.57394409,CHOQUE,"CHOQUE - DEFENSA, BARREIRA OU ""SUBMARINO""",IMPRUD. CONDUTOR,2,0,0,0,0,AUTOMÓVEL=1,SANTA RITA DO PASSA QUATRO,CENTRAL,RIBEIRÃO PRETO,ESTADUAL
2020-01-26,18:38:00,L06-INTERVIAS,SP330,217.4,NORTE,-21.93696022,-47.46649933,CHOQUE,CHOQUE-OBJETO NA PISTA,OBJETO NA PISTA,1,0,0,0,0,AUTOMÓVEL=1,PIRASSUNUNGA,CAMPINAS,RIO CLARO,ESTADUAL
2020-01-26,19:25:00,L01-AUTOBAN,SP330,148.0,NORTE,-22.545053,-47.37612,COLISÃO,COLISÃO-TRANSVERSAL,NÃO INFORMADO,0,0,0,1,0,BICICLETA=1|NÃO INFORMADO=1,LIMEIRA,CAMPINAS,RIO CLARO,ESTADUAL
2020-01-26,20:46:00,L01-AUTOBAN,SP330,119.0,SUL,-22.76349411,-47.24790037,CHOQUE,CHOQUE-VEÍCULO PARADO NA PISTA,NÃO INFORMADO,0,0,0,0,0,AUTOMÓVEL=1|CARRETA=1,NOVA ODESSA,CAMPINAS,RIO CLARO,ESTADUAL
2020-01-27,04:25:00,L01-AUTOBAN,SP330,137.0,SUL,-22.6309357,-47.33670831,CHOQUE,CHOQUE-BARREIRA DE CONCRETO,NÃO INFORMADO,0,0,0,0,0,AUTOMÓVEL=1,LIMEIRA,CAMPINAS,RIO CLARO,ESTADUAL
2020-01-27,06:26:00,L01-AUTOBAN,SP330,55.0,SUL,-23.21622998,-46.88403189,ENGAVETAMENTO,ENGAVETAMENTO,NÃO INFORMADO,0,0,0,0,0,AUTOMÓVEL=3,JUNDIAÍ,CAMPINAS,CAMPINAS,ESTADUAL
2020-01-27,07:35:00,L01-AUTOBAN,SP330,101.1,SUL,-22.87351601,-47.12563314,COLISÃO,COLISÃO-TRASEIRA,NÃO INFORMADO,0,0,0,0,0,AUTOMÓVEL=2,CAMPINAS,CAMPINAS,CAMPINAS,ESTADUAL
2020-01-27,13:02:00,L06-INTERVIAS,SP330,163.15,SUL,-22.41473007,-47.39051056,COLISÃO,COLISÃO-LATERAL,IMPRUD. CONDUTOR,0,0,0,0,0,CAMINHONETE=1,ARARAS,CAMPINAS,RIO CLARO,ESTADUAL
2020-01-27,15:25:00,L01-AUTOBAN,SP330,89.4,NORTE,-22.95577035,-47.0592692,COLISÃO,COLISÃO-TRASEIRA,NÃO INFORMADO,0,0,1,0,0,CAMINHÃO=1|MOTO=1,CAMPINAS,CAMPINAS,CAMPINAS,ESTADUAL
2020-01-27,17:28:00,L28-ENTREVIAS,SP330,331.4,NORTE,-21.0131337775,-47.8438019345,ENGAVETAMENTO,ENGAVETAMENTO,IMPRUD. CONDUTOR-EXCESSO DE VELOCIDADE,4,0,0,0,0,AUTOMÓVEL=4,JARDINÓPOLIS,RIBEIRÃO PRETO,RIBEIRÃO PRETO,ESTADUAL
2020-01-27,22:05:00,L01-AUTOBAN,SPM330D,91.9,NORTE,-22.93589067,-47.07090451,TOMBAMENTO,TOMBAMENTO-MOTO,NÃO INFORMADO,0,1,0,0,0,MOTO=1,CAMPINAS,CAMPINAS,CAMPINAS,ESTADUAL
2020-01-28,02:58:00,L28-ENTREVIAS,SP330,346.9,SUL,-20.8882655889,-47.8961533493,TOMBAMENTO,TOMBAMENTO-VEÍCULOS PESADOS,IMPRUD. CONDUTOR-DORMIR AO VOLANTE,0,1,0,0,0,CAMINHÃO=1,SALES OLIVEIRA,FRANCA,RIBEIRÃO PRETO,ESTADUAL
2020-01-28,07:20:00,L01-AUTOBAN,SP330,62.45,NORTE,-23.16503283,-46.9289148,ENGAVETAMENTO,ENGAVETAMENTO,NÃO INFORMADO,0,1,0,0,0,AUTOMÓVEL=4|UTILITÁRIO=2,JUNDIAÍ,CAMPINAS,CAMPINAS,ESTADUAL
2020-01-28,07:32:00,L01-AUTOBAN,SP330,143.0,NORTE,-22.58756475,-47.36743569,CHOQUE,CHOQUE-MEIO FIO/CALÇAMENTO,NÃO INFORMADO,0,0,1,0,0,AUTOMÓVEL=1,LIMEIRA,CAMPINAS,RIO CLARO,ESTADUAL
2020-01-28,08:07:00,L01-AUTOBAN,SPM330D,101.9,NORTE,-22.86800746,-47.13138736,COLISÃO,COLISÃO-LATERAL,NÃO INFORMADO,0,0,0,0,0,AUTOMÓVEL=1|CAMINHÃO=1,CAMPINAS,CAMPINAS,CAMPINAS,ESTADUAL
2020-01-28,09:02:00,L06-INTERVIAS,SP330,175.7,NORTE,-22.30340004,-47.39173126,COLISÃO,COLISÃO-TRASEIRA,IMPRUD. CONDUTOR,0,0,0,0,0,AUTOMÓVEL=1|CAMINHONETE=1,ARARAS,CAMPINAS,RIO CLARO,ESTADUAL
2020-01-28,14:35:00,L06-INTERVIAS,SP330,181.76,NORTE,-22.24896049,-47.38998032,CHOQUE,CHOQUE-CANCELA DE PEDÁGIO,FALHA DE EQUIP. PEDÁGIO-PISTA AVI,1,0,0,0,0,CAMINHÃO=1,LEME,CAMPINAS,RIO CLARO,ESTADUAL
2020-01-28,17:15:00,L01-AUTOBAN,SP330,131.0,SUL,-22.67913875,-47.31100202,COLISÃO,COLISÃO-LATERAL,NÃO INFORMADO,0,1,0,0,0,AUTOMÓVEL=1|MOTO=1|ÔNIBUS=1,LIMEIRA,CAMPINAS,RIO CLARO,ESTADUAL
2020-01-28,18:00:00,L01-AUTOBAN,SP330,51.0,NORTE,-23.247921,-46.865964,COLISÃO,COLISÃO-TRASEIRA,NÃO INFORMADO,1,0,0,0,0,AUTOMÓVEL=1|MOTO=1,JUNDIAÍ,CAMPINAS,CAMPINAS,ESTADUAL
2020-01-28,18:33:00,L01-AUTOBAN,SP330,99.8,SUL,-22.88201803,-47.11700429,COLISÃO,COLISÃO-TRASEIRA,NÃO INFORMADO,0,0,0,0,0,AUTOMÓVEL=1|MOTO=1,CAMPINAS,CAMPINAS,CAMPINAS,ESTADUAL
2020-01-28,19:03:00,L01-AUTOBAN,SP330,114.0,NORTE,-22.80051426,-47.22180247,TOMBAMENTO,TOMBAMENTO-MOTO,NÃO INFORMADO,0,1,0,0,0,MOTO=1,SUMARÉ,CAMPINAS,CAMPINAS,ESTADUAL
2020-01-28,19:12:00,L01-AUTOBAN,SP330,97.1,NORTE,-22.90325733,-47.1080929,COLISÃO,COLISÃO-LATERAL,NÃO INFORMADO,0,1,0,0,0,AUTOMÓVEL=1|CAMINHÃO=1,CAMPINAS,CAMPINAS,CAMPINAS,ESTADUAL
2020-01-28,19:17:00,L01-AUTOBAN,SP330,18.7,NORTE,-23.4763238,-46.77211994,COLISÃO,COLISÃO-TRASEIRA,NÃO INFORMADO,0,0,0,0,0,AUTOMÓVEL=1|NÃO INFORMADO=1,OSASCO,REG. METROPOLITANA SÃO PAULO,SÃO PAULO,ESTADUAL
2020-01-28,19:19:00,L01-AUTOBAN,SP330,97.4,NORTE,-22.90079638,-47.10897804,COLISÃO,COLISÃO-TRASEIRA,NÃO INFORMADO,0,1,0,0,0,AUTOMÓVEL=1|MOTO=1,CAMPINAS,CAMPINAS,CAMPINAS,ESTADUAL
2020-01-28,20:39:00,L01-AUTOBAN,SPM330E,110.5,SUL,-22.82055582,-47.19712347,COLISÃO,COLISÃO-TRASEIRA,NÃO INFORMADO,0,0,0,0,0,AUTOMÓVEL=2,SUMARÉ,CAMPINAS,CAMPINAS,ESTADUAL
2020-01-28,21:58:00,L01-AUTOBAN,SP330,22.8,NORTE,-23.44609104,-46.78680396,COLISÃO,COLISÃO-LATERAL,NÃO INFORMADO,0,0,0,0,0,AUTOMÓVEL=1|CARRETA=1,SÃO PAULO,REG. METROPOLITANA SÃO PAULO,SÃO PAULO,ESTADUAL
2020-01-28,22:23:00,L29-VIAPAULISTA,SP330,251.39,NORTE,-21.67230606,-47.60612106,CHOQUE,CHOQUE-OBJETO NA PISTA,OBJETO NA PISTA,2,0,0,0,0,AUTOMÓVEL=1,SANTA RITA DO PASSA QUATRO,CENTRAL,RIBEIRÃO PRETO,ESTADUAL
2020-01-28,22:34:00,L29-VIAPAULISTA,SP330,251.39,NORTE,-21.67230606,-47.60612106,CHOQUE,CHOQUE-OBJETO NA PISTA,OBJETO NA PISTA,1,0,0,0,0,AUTOMÓVEL=1,SANTA RITA DO PASSA QUATRO,CENTRAL,RIBEIRÃO PRETO,ESTADUAL
2020-01-29,05:37:00,L01-AUTOBAN,SP330,102.9,SUL,-22.86310799,-47.13875141,CHOQUE,CHOQUE-OBJETO NA PISTA,NÃO INFORMADO,0,0,0,0,0,AUTOMÓVEL=1|CARRETA=1,CAMPINAS,CAMPINAS,CAMPINAS,ESTADUAL
2020-01-29,06:00:00,L28-ENTREVIAS,SP330,362.0,SUL,-20.7457716795,-47.893476371,ATROPELAMENTO DE ANIMAL,ATROP. ANIMAL-SILVESTRE PEQUENO PORTE,ANIMAL NA RODOVIA,1,0,0,0,0,AUTOMÓVEL=1,ORLÂNDIA,FRANCA,RIBEIRÃO PRETO,ESTADUAL
2020-01-29,06:25:00,L06-INTERVIAS,SP330,219.5,NORTE,-21.92276573,-47.47134399,CHOQUE,"CHOQUE - DEFENSA, BARREIRA OU ""SUBMARINO""",IMPRUD. CONDUTOR-PERDA DE CONTROLE,0,1,0,0,0,UTILITÁRIO=1,PIRASSUNUNGA,CAMPINAS,RIO CLARO,ESTADUAL
2020-01-29,06:51:00,L01-AUTOBAN,SP330,108.2,SUL,-22.83184238,-47.17875556,CHOQUE,CHOQUE-DEFENSA METÁLICA,NÃO INFORMADO,0,1,0,0,0,UTILITÁRIO=1,SUMARÉ,CAMPINAS,CAMPINAS,ESTADUAL
2020-01-29,07:44:00,L01-AUTOBAN,SP330,98.0,NORTE,-22.89587453,-47.11074829,COLISÃO,COLISÃO-TRANSVERSAL,NÃO INFORMADO,0,2,0,0,0,UTILITÁRIO=2,CAMPINAS,CAMPINAS,CAMPINAS,ESTADUAL
2020-01-29,08:01:00,L01-AUTOBAN,SP330,58.8,SUL,-23.19061994,-46.90619981,TOMBAMENTO,TOMBAMENTO-MOTO,NÃO INFORMADO,0,1,1,0,0,MOTO=1,JUNDIAÍ,CAMPINAS,CAMPINAS,ESTADUAL
2020-01-29,08:40:00,L28-ENTREVIAS,SP330,326.0,NORTE,-21.0513530475,-47.8246641358,TOMBAMENTO,TOMBAMENTO-MOTO,ESTOURO/FURO DE PNEU,0,1,0,0,0,MOTOCICLETA / MOTONETA=1,JARDINÓPOLIS,RIBEIRÃO PRETO,RIBEIRÃO PRETO,ESTADUAL
2020-01-29,08:50:00,L28-ENTREVIAS,SP330,383.0,NORTE,-20.5582085061,-47.8640154864,TOMBAMENTO,TOMBAMENTO-MOTO,ESTOURO/FURO DE PNEU,0,1,0,0,0,MOTOCICLETA / MOTONETA=1,SÃO JOAQUIM DA BARRA,FRANCA,RIBEIRÃO PRETO,ESTADUAL
2020-01-29,18:36:00,L29-VIAPAULISTA,SP330,287.2,SUL,-21.3778801,-47.70723724,CHOQUE,CHOQUE-OBJETO NA PISTA,OBJETO NA PISTA,1,0,0,0,0,CAMINHONETE=1,CRAVINHOS,RIBEIRÃO PRETO,RIBEIRÃO PRETO,ESTADUAL
2020-01-29,18:39:00,L29-VIAPAULISTA,SP330,287.2,SUL,-21.3778801,-47.70723724,CHOQUE,CHOQUE-OBJETO NA PISTA,OBJETO NA PISTA,1,0,0,0,0,AUTOMÓVEL=1,CRAVINHOS,RIBEIRÃO PRETO,RIBEIRÃO PRETO,ESTADUAL
2020-01-29,18:40:00,L29-VIAPAULISTA,SP330,287.2,SUL,-21.3778801,-47.70723724,CHOQUE,CHOQUE-OBJETO NA PISTA,OBJETO NA PISTA,1,0,0,0,0,AUTOMÓVEL=1,CRAVINHOS,RIBEIRÃO PRETO,RIBEIRÃO PRETO,ESTADUAL
2020-01-29,18:48:00,L28-ENTREVIAS,SP330,332.5,SUL,-21.0048837777,-47.8482385713,CHOQUE,CHOQUE-MEIO FIO/CALÇAMENTO,IMPRUD. CONDUTOR-PERDA DE CONTROLE,0,3,0,0,0,AUTOMÓVEL=1,JARDINÓPOLIS,RIBEIRÃO PRETO,RIBEIRÃO PRETO,ESTADUAL
2020-01-29,22:48:00,L06-INTERVIAS,SP330,177.5,SUL,-22.28720093,-47.39334869,CHOQUE,CHOQUE-OUTROS,OBJETO NA PISTA,1,0,0,0,0,AUTOMÓVEL=1,ARARAS,CAMPINAS,RIO CLARO,ESTADUAL
2020-01-29,23:13:00,L01-AUTOBAN,SP330,11.5,NORTE,-23.510224803517,-46.729037632504,TOMBAMENTO,TOMBAMENTO-MOTO,NÃO INFORMADO,0,0,1,0,0,MOTO=1,SÃO PAULO,REG. METROPOLITANA SÃO PAULO,SÃO PAULO,ESTADUAL
2020-01-30,07:16:00,L06-INTERVIAS,SP330,194.0,SUL,-22.14030075,-47.40670013,CHOQUE,CHOQUE-OBJETO NA PISTA,OBJETO NA PISTA,1,0,0,0,0,AUTOMÓVEL=1,LEME,CAMPINAS,RIO CLARO,ESTADUAL
2020-01-30,09:04:00,L06-INTERVIAS,SP330,218.7,SUL,-21.93120575,-47.46880341,CHOQUE,CHOQUE-ELEMENTO DE DRENAGEM,IMPRUD. CONDUTOR-LEVOU FECHADA,1,0,0,0,0,AUTOMÓVEL=1,PIRASSUNUNGA,CAMPINAS,RIO CLARO,ESTADUAL
2020-01-30,09:51:00,L06-INTERVIAS,SP330,198.0,SUL,-22.10499954,-47.41379929,TOMBAMENTO,TOMBAMENTO,IMPRUD. CONDUTOR-LEVOU FECHADA,0,2,0,0,0,MOTO=1,SANTA CRUZ DA CONCEIÇÃO,CAMPINAS,RIO CLARO,ESTADUAL
2020-01-30,18:24:00,L01-AUTOBAN,SP330,103.7,NORTE,-22.85842265,-47.1458163,COLISÃO,COLISÃO-LATERAL,NÃO INFORMADO,0,1,0,0,0,MOTO=1|VAN/PERUA=1,CAMPINAS,CAMPINAS,CAMPINAS,ESTADUAL
2020-01-31,00:08:00,L29-VIAPAULISTA,SP330,264.82,NORTE,-21.55442429,-47.63694382,CHOQUE,CHOQUE-SINALIZAÇÃO,IMPRUD. CONDUTOR,1,1,0,0,0,AUTOMÓVEL=1,SÃO SIMÃO,RIBEIRÃO PRETO,RIBEIRÃO PRETO,ESTADUAL
2020-01-31,00:39:00,L01-AUTOBAN,SP330,118.0,SUL,-22.76903417,-47.24156499,CHOQUE,CHOQUE-VEÍCULO PARADO NA PISTA,NÃO INFORMADO,0,0,0,0,0,CAMINHÃO=1|CARRETA=1,NOVA ODESSA,CAMPINAS,RIO CLARO,ESTADUAL
2020-01-31,06:36:00,L01-AUTOBAN,SP330,152.2,SUL,-22.51242314,-47.39633058,CHOQUE,CHOQUE-BARREIRA DE CONCRETO,NÃO INFORMADO,0,1,0,0,0,CAMINHÃO=1,LIMEIRA,CAMPINAS,RIO CLARO,ESTADUAL
2020-01-31,09:48:00,L01-AUTOBAN,SP330,104.0,SUL,-22.85707606,-47.14874983,COLISÃO,COLISÃO-TRASEIRA,NÃO INFORMADO,0,0,0,0,0,AUTOMÓVEL=2,CAMPINAS,CAMPINAS,CAMPINAS,ESTADUAL
2020-01-31,14:10:00,L01-AUTOBAN,SP330,59.7,SUL,-23.18352012,-46.91015017,COLISÃO,COLISÃO-LATERAL,NÃO INFORMADO,0,0,0,0,0,AUTOMÓVEL=1|CARRETA=1,JUNDIAÍ,CAMPINAS,CAMPINAS,ESTADUAL
2020-01-31,15:16:00,L01-AUTOBAN,SP330,60.5,SUL,-23.17823622,-46.91514552,COLISÃO,COLISÃO-TRASEIRA,NÃO INFORMADO,0,1,0,0,0,AUTOMÓVEL=2,JUNDIAÍ,CAMPINAS,CAMPINAS,ESTADUAL
2020-01-31,15:33:00,L01-AUTOBAN,SP330,117.8,SUL,-22.77025932,-47.24027001,CHOQUE,CHOQUE-PRAÇA AVI-(ENTRE VEÍCULOS),NÃO INFORMADO,0,0,0,0,0,AUTOMÓVEL=2,NOVA ODESSA,CAMPINAS,RIO CLARO,ESTADUAL
2020-01-31,15:45:00,L06-INTERVIAS,SP330,193.0,NORTE,-22.14839935,-47.40230179,CHOQUE,CHOQUE-VEÍCULO PARADO NA PISTA,IMPRUD. CONDUTOR,2,0,0,0,0,CAMINHÃO=2,LEME,CAMPINAS,RIO CLARO,ESTADUAL
2020-01-31,17:00:00,L01-AUTOBAN,SP330,61.3,SUL,-23.17335747,-46.92107587,COLISÃO,COLISÃO-TRASEIRA,NÃO INFORMADO,0,2,0,0,0,AUTOMÓVEL=2,JUNDIAÍ,CAMPINAS,CAMPINAS,ESTADUAL
2020-01-31,19:14:00,L01-AUTOBAN,SP330,22.8,NORTE,-23.44609104,-46.78680396,TOMBAMENTO,TOMBAMENTO-MOTO,NÃO INFORMADO,0,1,0,0,0,MOTO=1,SÃO PAULO,REG. METROPOLITANA SÃO PAULO,SÃO PAULO,ESTADUAL
2020-01-31,19:18:00,L01-AUTOBAN,SP330,12.8,NORTE,-23.50816212,-46.73855525,TOMBAMENTO,TOMBAMENTO-MOTO,NÃO INFORMADO,0,2,0,0,0,MOTO=1,SÃO PAULO,REG. METROPOLITANA SÃO PAULO,SÃO PAULO,ESTADUAL
2020-01-31,19:29:00,L01-AUTOBAN,SPM330D,87.6,NORTE,-22.96949679,-47.051391,CHOQUE,CHOQUE-DEFENSA METÁLICA,NÃO INFORMADO,0,0,0,0,0,AUTOMÓVEL=1,CAMPINAS,CAMPINAS,CAMPINAS,ESTADUAL
2020-01-31,20:12:00,L01-AUTOBAN,SP330,18.3,SUL,-23.479647,-46.77160978,CHOQUE,CHOQUE-SINALIZAÇÃO,NÃO INFORMADO,0,2,0,0,0,AUTOMÓVEL=1,OSASCO,REG. METROPOLITANA SÃO PAULO,SÃO PAULO,ESTADUAL
2020-01-31,21:33:00,L06-INTERVIAS,SP330,191.3,SUL,-22.16976929,-47.39942932,CAPOTAMENTO,CAPOTAMENTO,IMPRUD. CONDUTOR-LEVOU FECHADA,0,2,0,0,0,CAMINHONETE=1,LEME,CAMPINAS,RIO CLARO,ESTADUAL
2020-01-31,21:41:00,L01-AUTOBAN,SP330,104.4,NORTE,-22.85476803,-47.15187479,COLISÃO,COLISÃO-LATERAL,NÃO INFORMADO,0,1,0,0,0,MOTO=1|NÃO INFORMADO=1,CAMPINAS,CAMPINAS,CAMPINAS,ESTADUAL
2020-01-31,23:57:00,L01-AUTOBAN,SP330,12.2,NORTE,-23.50892149,-46.73260401,ENGAVETAMENTO,ENGAVETAMENTO,NÃO INFORMADO,0,0,0,0,0,AUTOMÓVEL=2|NÃO INFORMADO=1,SÃO PAULO,REG. METROPOLITANA SÃO PAULO,SÃO PAULO,ESTADUAL
2020-02-01,00:49:00,L29-VIAPAULISTA,SP330,279.68,NORTE,-21.42369843,-47.65709686,CHOQUE,CHOQUE-SINALIZAÇÃO,IMPRUD. CONDUTOR,1,0,0,0,0,AUTOMÓVEL=1,SÃO SIMÃO,RIBEIRÃO PRETO,RIBEIRÃO PRETO,ESTADUAL
2020-02-01,04:28:00,L01-AUTOBAN,SP330,19.8,SUL,-23.46986669,-46.77777779,ENGAVETAMENTO,ENGAVETAMENTO,NÃO INFORMADO,0,1,0,0,0,AUTOMÓVEL=3,OSASCO,REG. METROPOLITANA SÃO PAULO,SÃO PAULO,ESTADUAL
2020-02-01,04:40:00,L01-AUTOBAN,SPM330D,111.22,NORTE,-22.8168288,-47.20332625,ATROPELAMENTO DE PEDESTRE,ATROP. PEDESTRE-MORADOR/TRABALHADOR/ESTUDANTE,NÃO INFORMADO,0,0,0,1,0,AUTOMÓVEL=1|NÃO SE APLICA=1,SUMARÉ,CAMPINAS,CAMPINAS,ESTADUAL
2020-02-01,07:57:00,L01-AUTOBAN,SP330,134.7,SUL,-22.64923146,-47.32553332,CHOQUE,CHOQUE-MEIO FIO/CALÇAMENTO,NÃO INFORMADO,0,0,0,0,0,AUTOMÓVEL=1,LIMEIRA,CAMPINAS,RIO CLARO,ESTADUAL
2020-02-01,11:15:00,L01-AUTOBAN,SP330,60.8,NORTE,-23.17643576,-46.91695761,COLISÃO,COLISÃO-TRASEIRA,NÃO INFORMADO,0,0,0,0,0,AUTOMÓVEL=1|VAN/PERUA=1,JUNDIAÍ,CAMPINAS,CAMPINAS,ESTADUAL
2020-02-01,11:15:00,L01-AUTOBAN,SP330,61.1,NORTE,-23.17462688,-46.91915165,COLISÃO,COLISÃO-LATERAL,NÃO INFORMADO,0,1,0,0,0,AUTOMÓVEL=1|CARRETA=1,JUNDIAÍ,CAMPINAS,CAMPINAS,ESTADUAL
2020-02-01,13:24:00,L01-AUTOBAN,SP330,92.0,NORTE,-22.93511642,-47.07138956,CHOQUE,CHOQUE-BARREIRA DE CONCRETO,NÃO INFORMADO,0,1,0,0,0,AUTOMÓVEL=1,CAMPINAS,CAMPINAS,CAMPINAS,ESTADUAL
2020-02-01,15:12:00,L29-VIAPAULISTA,SP330,260.5,SUL,-21.59194565,-47.62400055,CHOQUE,CHOQUE-ELEMENTO DE DRENAGEM,IMPRUD. CONDUTOR-PERDA DE CONTROLE,3,0,0,0,0,AUTOMÓVEL=1,SANTA RITA DO PASSA QUATRO,CENTRAL,RIBEIRÃO PRETO,ESTADUAL
2020-02-01,15:42:00,L01-AUTOBAN,SP330,92.2,NORTE,-22.93403646,-47.07290444,CHOQUE,CHOQUE-BARREIRA DE CONCRETO,NÃO INFORMADO,0,0,0,0,0,AUTOMÓVEL=1,CAMPINAS,CAMPINAS,CAMPINAS,ESTADUAL
2020-02-01,15:58:00,L01-AUTOBAN,SP330,103.2,NORTE,-22.8611187,-47.14112184,CHOQUE,CHOQUE-BARREIRA DE CONCRETO,NÃO INFORMADO,0,0,0,0,0,AUTOMÓVEL=1,CAMPINAS,CAMPINAS,CAMPINAS,ESTADUAL
2020-02-01,17:43:00,L29-VIAPAULISTA,SP330,253.0,NORTE,-21.65808105,-47.60906219,CHOQUE,"CHOQUE - DEFENSA, BARREIRA OU ""SUBMARINO""",IMPRUD. CONDUTOR,3,0,0,0,0,AUTOMÓVEL=1,SANTA RITA DO PASSA QUATRO,CENTRAL,RIBEIRÃO PRETO,ESTADUAL
2020-02-01,17:53:00,L01-AUTOBAN,SPI102/330,6.1,NORTE,-22.916708033987,-47.134636379589,CHOQUE,CHOQUE-BARREIRA DE CONCRETO,NÃO INFORMADO,0,0,0,0,0,AUTOMÓVEL=1,CAMPINAS,CAMPINAS,CAMPINAS,ESTADUAL
2020-02-01,18:36:00,L01-AUTOBAN,SPM330E,56.25,SUL,-23.20979242,-46.8936637,COLISÃO,COLISÃO-LATERAL,NÃO INFORMADO,0,0,0,0,0,AUTOMÓVEL=2,JUNDIAÍ,CAMPINAS,CAMPINAS,ESTADUAL
2020-02-01,19:59:00,L01-AUTOBAN,SP330,124.56,NORTE,-22.73074142,-47.28924457,COLISÃO,COLISÃO-TRASEIRA,NÃO INFORMADO,3,0,0,0,0,AUTOMÓVEL=3,AMERICANA,CAMPINAS,RIO CLARO,ESTADUAL
2020-02-01,20:36:00,L01-AUTOBAN,SP330,97.4,NORTE,-22.90079638,-47.10897804,COLISÃO,COLISÃO-TRASEIRA,NÃO INFORMADO,0,1,0,0,0,AUTOMÓVEL=2,CAMPINAS,CAMPINAS,CAMPINAS,ESTADUAL
2020-02-01,21:51:00,L01-AUTOBAN,SP330,85.32,NORTE,-22.98736804,-47.04037674,CHOQUE,CHOQUE-SINALIZAÇÃO,NÃO INFORMADO,0,3,0,0,0,AUTOMÓVEL=1,VALINHOS,CAMPINAS,CAMPINAS,ESTADUAL
2020-02-02,02:30:00,L01-AUTOBAN,SP330,110.6,NORTE,-22.81969351,-47.19803272,COLISÃO,COLISÃO-TRASEIRA,NÃO INFORMADO,0,0,0,0,0,AUTOMÓVEL=2,SUMARÉ,CAMPINAS,CAMPINAS,ESTADUAL
2020-02-02,03:47:00,L06-INTERVIAS,SP330,198.9,SUL,-22.09725952,-47.41650009,ATROPELAMENTO DE ANIMAL,ATROP. ANIMAL,ANIMAL NA RODOVIA,2,0,0,0,0,AUTOMÓVEL=1,SANTA CRUZ DA CONCEIÇÃO,CAMPINAS,RIO CLARO,ESTADUAL
2020-02-02,04:26:00,L01-AUTOBAN,SP330,60.2,NORTE,-23.17985915,-46.91283453,COLISÃO,COLISÃO-LATERAL,NÃO INFORMADO,0,2,0,0,0,AUTOMÓVEL=1|MOTO=1,JUNDIAÍ,CAMPINAS,CAMPINAS,ESTADUAL
2020-02-02,07:02:00,L28-ENTREVIAS,SP330,400.0,NORTE,-20.4173926809,-47.8282260193,COLISÃO,COLISÃO-TRASEIRA,IMPRUD. CONDUTOR-DORMIR AO VOLANTE,1,3,1,1,0,AUTOMÓVEL=1|CAMINHÃO=1,GUARÁ,FRANCA,RIBEIRÃO PRETO,ESTADUAL
2020-02-02,08:35:00,L29-VIAPAULISTA,SP330,284.8,SUL,-21.39379501,-47.69167709,TOMBAMENTO,TOMBAMENTO,ESTOURO/FURO DE PNEU,0,1,0,0,0,BICICLETA=1,SÃO SIMÃO,RIBEIRÃO PRETO,RIBEIRÃO PRETO,ESTADUAL
2020-02-02,11:03:00,L01-AUTOBAN,SP330,102.84,NORTE,-22.86302358,-47.13810508,CHOQUE,CHOQUE-BARREIRA DE CONCRETO,NÃO INFORMADO,1,0,2,0,0,AUTOMÓVEL=1,CAMPINAS,CAMPINAS,CAMPINAS,ESTADUAL
2020-02-02,12:16:00,L06-INTERVIAS,SP330,195.46,NORTE,-22.12760544,-47.40985107,ATROPELAMENTO DE ANIMAL,ATROP. ANIMAL,ANIMAL NA RODOVIA,5,0,0,0,0,AUTOMÓVEL=1,LEME,CAMPINAS,RIO CLARO,ESTADUAL
2020-02-02,12:59:00,L01-AUTOBAN,SP330,47.0,SUL,-23.28229078,-46.87295437,TOMBAMENTO,TOMBAMENTO-MOTO,NÃO INFORMADO,0,0,0,1,0,MOTO=1,JUNDIAÍ,CAMPINAS,CAMPINAS,ESTADUAL
2020-02-02,14:07:00,L06-INTERVIAS,SP330,173.4,NORTE,-22.32403946,-47.38959885,CAPOTAMENTO,CAPOTAMENTO,IMPRUD. CONDUTOR-PERDA DE CONTROLE,0,5,0,0,0,AUTOMÓVEL=1,ARARAS,CAMPINAS,RIO CLARO,ESTADUAL
2020-02-02,16:10:00,L29-VIAPAULISTA,SP330,243.0,SUL,-21.74288559,-47.57804489,CHOQUE,CHOQUE-OBJETO NA PISTA,OBJETO NA PISTA,2,0,0,0,0,CAMINHONETE=1,SANTA RITA DO PASSA QUATRO,CENTRAL,RIBEIRÃO PRETO,ESTADUAL
2020-02-02,16:23:00,L29-VIAPAULISTA,SP330,243.0,SUL,-21.74288559,-47.57804489,CHOQUE,CHOQUE-OBJETO NA PISTA,OBJETO NA PISTA,0,0,0,0,0,CAMINHONETE=1,SANTA RITA DO PASSA QUATRO,CENTRAL,RIBEIRÃO PRETO,ESTADUAL
2020-02-02,19:24:00,L06-INTERVIAS,SP330,174.5,NORTE,-22.31419945,-47.3906517,COLISÃO,COLISÃO-TRASEIRA,IMPRUD. CONDUTOR-LEVOU FECHADA,4,0,0,0,0,CAMINHONETE=2|NÃO INFORMADO=1,ARARAS,CAMPINAS,RIO CLARO,ESTADUAL
2020-02-02,19:35:00,L01-AUTOBAN,SP330,23.7,SUL,-23.43765577,-46.78661084,COLISÃO,COLISÃO-LATERAL,NÃO INFORMADO,0,0,1,0,0,AUTOMÓVEL=1|CARRETA=1,SÃO PAULO,REG. METROPOLITANA SÃO PAULO,SÃO PAULO,ESTADUAL
2020-02-02,19:53:00,L01-AUTOBAN,SP330,12.1,SUL,-23.5093512,-46.73136968,CHOQUE,CHOQUE-BARREIRA DE CONCRETO,NÃO INFORMADO,0,0,0,0,0,AUTOMÓVEL=1,SÃO PAULO,REG. METROPOLITANA SÃO PAULO,SÃO PAULO,ESTADUAL
2020-02-02,20:50:00,L01-AUTOBAN,SPI102/330,4.5,SUL,-22.90311644,-47.13719219,TOMBAMENTO,TOMBAMENTO,NÃO INFORMADO,0,1,0,0,0,UTILITÁRIO=1,CAMPINAS,CAMPINAS,CAMPINAS,ESTADUAL
2020-02-02,22:11:00,L29-VIAPAULISTA,SP330,240.5,SUL,-21.75870514,-47.56058121,CHOQUE,CHOQUE-OBJETO NA PISTA,OBJETO NA PISTA,1,0,0,0,0,AUTOMÓVEL=1,SANTA RITA DO PASSA QUATRO,CENTRAL,RIBEIRÃO PRETO,ESTADUAL
2020-02-02,22:13:00,L01-AUTOBAN,SP330,18.0,NORTE,-23.48241663,-46.7709446,CHOQUE,CHOQUE-BARREIRA DE CONCRETO,NÃO INFORMADO,0,0,0,0,0,AUTOMÓVEL=1,OSASCO,REG. METROPOLITANA SÃO PAULO,SÃO PAULO,ESTADUAL
2020-02-02,22:34:00,L29-VIAPAULISTA,SP330,240.5,SUL,-21.75870514,-47.56058121,CHOQUE,CHOQUE-OBJETO NA PISTA,OBJETO NA PISTA,2,0,0,0,0,AUTOMÓVEL=1,SANTA RITA DO PASSA QUATRO,CENTRAL,RIBEIRÃO PRETO,ESTADUAL
2020-02-03,06:47:00,L29-VIAPAULISTA,SP330,245.3,NORTE,-21.71832085,-47.5893364,COLISÃO,COLISÃO-TRASEIRA,IMPRUD. CONDUTOR,0,1,0,0,0,CAMINHÃO=1|MOTO=1,SANTA RITA DO PASSA QUATRO,CENTRAL,RIBEIRÃO PRETO,ESTADUAL
2020-02-03,06:57:00,L01-AUTOBAN,SP330,105.0,SUL,-22.8520883,-47.15678573,COLISÃO,COLISÃO-TRASEIRA,NÃO INFORMADO,0,0,0,0,0,AUTOMÓVEL=2,CAMPINAS,CAMPINAS,CAMPINAS,ESTADUAL
2020-02-03,07:07:00,L01-AUTOBAN,SP330,58.0,SUL,-23.19706558,-46.90382659,TOMBAMENTO,TOMBAMENTO-MOTO,NÃO INFORMADO,0,1,0,0,0,MOTO=1,JUNDIAÍ,CAMPINAS,CAMPINAS,ESTADUAL
2020-02-03,07:07:00,L01-AUTOBAN,SPM330D,111.0,NORTE,-22.81770778,-47.20173419,ENGAVETAMENTO,ENGAVETAMENTO,NÃO INFORMADO,0,0,0,0,0,AUTOMÓVEL=3,SUMARÉ,CAMPINAS,CAMPINAS,ESTADUAL
2020-02-03,07:07:00,L29-VIAPAULISTA,SP330,250.9,NORTE,-21.67648315,-47.604599,COLISÃO,COLISÃO-TRASEIRA,IMPRUD. CONDUTOR-DORMIR AO VOLANTE,1,0,0,0,0,CAMINHÃO=1|UTILITÁRIO=1,SANTA RITA DO PASSA QUATRO,CENTRAL,RIBEIRÃO PRETO,ESTADUAL
2020-02-03,07:14:00,L01-AUTOBAN,SP330,19.9,NORTE,-23.46942137,-46.77824825,CHOQUE,CHOQUE-BARREIRA DE CONCRETO,NÃO INFORMADO,0,0,0,0,0,AUTOMÓVEL=1,OSASCO,REG. METROPOLITANA SÃO PAULO,SÃO PAULO,ESTADUAL
2020-02-03,07:14:00,L01-AUTOBAN,SP330,83.4,SUL,-23.00245624,-47.03010822,ENGAVETAMENTO,ENGAVETAMENTO,NÃO INFORMADO,0,0,0,0,0,AUTOMÓVEL=3|NÃO INFORMADO=1,VALINHOS,CAMPINAS,CAMPINAS,ESTADUAL
2020-02-03,07:40:00,L01-AUTOBAN,SP330,83.4,SUL,-23.00245624,-47.03010822,COLISÃO,COLISÃO-TRASEIRA,NÃO INFORMADO,0,0,0,0,0,AUTOMÓVEL=1|VAN/PERUA=1,VALINHOS,CAMPINAS,CAMPINAS,ESTADUAL
2020-02-03,07:51:00,L01-AUTOBAN,SP330,108.0,SUL,-22.83292646,-47.17737973,COLISÃO,COLISÃO-TRASEIRA,NÃO INFORMADO,0,0,0,0,0,AUTOMÓVEL=2,SUMARÉ,CAMPINAS,CAMPINAS,ESTADUAL
2020-02-03,08:03:00,L29-VIAPAULISTA,SP330,309.0,SUL,-21.19260025,-47.75767899,CHOQUE,CHOQUE-VEÍCULO PARADO NA PISTA,IMPRUD. CONDUTOR,3,0,0,0,0,AUTOMÓVEL=2,RIBEIRÃO PRETO,RIBEIRÃO PRETO,RIBEIRÃO PRETO,ESTADUAL
2020-02-03,08:09:00,L01-AUTOBAN,SP330,29.4,SUL,-23.40776668,-46.82403195,CHOQUE,CHOQUE-DEFENSA METÁLICA,NÃO INFORMADO,0,0,0,0,0,AUTOMÓVEL=1,SÃO PAULO,REG. METROPOLITANA SÃO PAULO,SÃO PAULO,ESTADUAL
2020-02-03,12:57:00,L01-AUTOBAN,SP330,50.0,SUL,-23.25685708,-46.8674773,COLISÃO,COLISÃO-LATERAL,NÃO INFORMADO,0,0,1,0,0,AUTOMÓVEL=1|MOTO=1,JUNDIAÍ,CAMPINAS,CAMPINAS,ESTADUAL
2020-02-03,16:35:00,L28-ENTREVIAS,SP330,384.0,NORTE,-20.5515455657,-47.860564384,OBJETO LANÇADO CONTRA O VEÍCULO,OBJETO LANÇADO CONTRA VEÍCULO,OBJETO LANÇADO-TERCEIROS,1,0,0,0,0,AUTOMÓVEL=1,SÃO JOAQUIM DA BARRA,FRANCA,RIBEIRÃO PRETO,ESTADUAL
2020-02-03,16:36:00,L06-INTERVIAS,SP330,201.0,NORTE,-22.07900047,-47.4219017,ATROPELAMENTO DE ANIMAL,ATROP. ANIMAL,ANIMAL NA RODOVIA,1,0,0,0,0,AUTOMÓVEL=1,SANTA CRUZ DA CONCEIÇÃO,CAMPINAS,RIO CLARO,ESTADUAL
2020-02-03,17:21:00,L01-AUTOBAN,SP330,131.45,NORTE,-22.67520345,-47.31188338,COLISÃO,COLISÃO-LATERAL,NÃO INFORMADO,0,0,0,0,0,AUTOMÓVEL=1|NÃO INFORMADO=1,LIMEIRA,CAMPINAS,RIO CLARO,ESTADUAL
2020-02-03,18:36:00,L01-AUTOBAN,SP330,105.55,NORTE,-22.8488495,-47.16076212,ENGAVETAMENTO,ENGAVETAMENTO,NÃO INFORMADO,0,1,1,0,0,CAMINHÃO=1|CARRETA=1|MOTO=1,SUMARÉ,CAMPINAS,CAMPINAS,ESTADUAL
2020-02-03,18:53:00,L01-AUTOBAN,SPM330D,109.8,NORTE,-22.82361248,-47.19075969,COLISÃO,COLISÃO-LATERAL,NÃO INFORMADO,0,0,0,0,0,AUTOMÓVEL=1|CAMINHÃO=1,SUMARÉ,CAMPINAS,CAMPINAS,ESTADUAL
2020-02-03,19:03:00,L28-ENTREVIAS,SP330,378.2,NORTE,-20.6008206784,-47.8832739664,CHOQUE,CHOQUE-ELEMENTO DE DRENAGEM,IMPRUD. CONDUTOR-PERDA DE CONTROLE,1,1,0,0,0,AUTOMÓVEL=1,SÃO JOAQUIM DA BARRA,FRANCA,RIBEIRÃO PRETO,ESTADUAL
2020-02-03,19:32:00,L01-AUTOBAN,SP330,103.8,NORTE,-22.85788341,-47.14675524,ENGAVETAMENTO,ENGAVETAMENTO,NÃO INFORMADO,0,0,0,0,0,AUTOMÓVEL=3,CAMPINAS,CAMPINAS,CAMPINAS,ESTADUAL
2020-02-03,20:25:00,L29-VIAPAULISTA,SP330,307.0,NORTE,-21.21036911,-47.75847626,CHOQUE,"CHOQUE - DEFENSA, BARREIRA OU ""SUBMARINO""",IMPRUD. CONDUTOR,1,0,0,0,0,AUTOMÓVEL=1,RIBEIRÃO PRETO,RIBEIRÃO PRETO,RIBEIRÃO PRETO,ESTADUAL
2020-02-03,20:56:00,L01-AUTOBAN,SP330,19.88,NORTE,-23.46951674,-46.77812325,CHOQUE,CHOQUE-BARREIRA DE CONCRETO,NÃO INFORMADO,0,0,0,0,0,AUTOMÓVEL=1,OSASCO,REG. METROPOLITANA SÃO PAULO,SÃO PAULO,ESTADUAL
2020-02-04,04:19:00,L29-VIAPAULISTA,SPA241/330,1.0,LESTE,-21.75095013,-47.5560953,ATROPELAMENTO DE ANIMAL,ATROP. ANIMAL,ANIMAL NA RODOVIA,0,0,0,0,0,AUTOMÓVEL=1,SANTA RITA DO PASSA QUATRO,CENTRAL,RIBEIRÃO PRETO,ESTADUAL
2020-02-04,05:48:00,L29-VIAPAULISTA,SP330,308.0,SUL,-21.20183945,-47.75816345,TOMBAMENTO,TOMBAMENTO,ESTOURO/FURO DE PNEU,0,1,0,0,0,MOTO=1,RIBEIRÃO PRETO,RIBEIRÃO PRETO,RIBEIRÃO PRETO,ESTADUAL
2020-02-04,07:44:00,L01-AUTOBAN,SP330,41.4,SUL,-23.32104154,-46.84957624,CHOQUE,CHOQUE-TALUDE OU BARRANCO,NÃO INFORMADO,0,0,0,0,0,AUTOMÓVEL=1,CAJAMAR,REG. METROPOLITANA SÃO PAULO,SÃO PAULO,ESTADUAL
2020-02-04,08:04:00,L01-AUTOBAN,SPM330E,19.0,SUL,-23.4737126,-46.77262366,CHOQUE,CHOQUE-POSTE,NÃO INFORMADO,0,0,1,0,0,AUTOMÓVEL=1,OSASCO,REG. METROPOLITANA SÃO PAULO,SÃO PAULO,ESTADUAL
2020-02-04,09:19:00,L01-AUTOBAN,SP330,19.8,SUL,-23.46986669,-46.77777779,CHOQUE,CHOQUE-BARREIRA DE CONCRETO,NÃO INFORMADO,0,0,0,0,0,AUTOMÓVEL=1,OSASCO,REG. METROPOLITANA SÃO PAULO,SÃO PAULO,ESTADUAL
2020-02-04,09:38:00,L28-ENTREVIAS,SP330,394.2,NORTE,-20.4697049355,-47.8393406693,OBJETO LANÇADO CONTRA O VEÍCULO,OBJETO LANÇADO CONTRA VEÍCULO,OBJETO LANÇADO-TERCEIROS,1,0,0,0,0,AUTOMÓVEL=1,GUARÁ,FRANCA,RIBEIRÃO PRETO,ESTADUAL
2020-02-04,11:59:00,L28-ENTREVIAS,SP330,340.5,SUL,-20.9388757884,-47.8808098447,CAPOTAMENTO,CAPOTAMENTO,IMPRUD. CONDUTOR-PERDA DE CONTROLE,0,2,0,0,0,AUTOMÓVEL=1,JARDINÓPOLIS,RIBEIRÃO PRETO,RIBEIRÃO PRETO,ESTADUAL
2020-02-04,13:55:00,L01-AUTOBAN,SP330,110.0,SUL,-22.82299347,-47.19250202,CHOQUE,CHOQUE-DEFENSA METÁLICA,NÃO INFORMADO,0,0,0,0,0,AUTOMÓVEL=1,SUMARÉ,CAMPINAS,CAMPINAS,ESTADUAL
2020-02-04,17:01:00,L29-VIAPAULISTA,SP330,313.3,NORTE,-21.15364647,-47.75705338,COLISÃO,COLISÃO-TRASEIRA,IMPRUD. CONDUTOR,2,0,0,0,0,AUTOMÓVEL=2,RIBEIRÃO PRETO,RIBEIRÃO PRETO,RIBEIRÃO PRETO,ESTADUAL
2020-02-04,18:06:00,L29-VIAPAULISTA,SP330,308.5,NORTE,-21.19685936,-47.75776672,COLISÃO,COLISÃO-LATERAL,DRENAGEM SEM RAMPA,2,0,0,0,0,CAMINHÃO=2,RIBEIRÃO PRETO,RIBEIRÃO PRETO,RIBEIRÃO PRETO,ESTADUAL
2020-02-04,22:37:00,L01-AUTOBAN,SP330,85.56,SUL,-22.98594891,-47.04165758,CHOQUE,CHOQUE-DEFENSA METÁLICA,NÃO INFORMADO,0,0,0,0,0,AUTOMÓVEL=1,VALINHOS,CAMPINAS,CAMPINAS,ESTADUAL
2020-02-05,03:53:00,L06-INTERVIAS,SP330,234.4,NORTE,-21.79388046,-47.51520157,TOMBAMENTO,TOMBAMENTO,CONDIÇÃO CLIMÁTICA,2,0,0,0,0,CAMINHÃO=1,SANTA RITA DO PASSA QUATRO,CENTRAL,RIBEIRÃO PRETO,ESTADUAL
2020-02-05,08:21:00,L28-ENTREVIAS,SP330,378.5,NORTE,-20.6008206784,-47.8832739664,CHOQUE,CHOQUE-DEFENSA METÁLICA,IMPRUD. CONDUTOR-EXCESSO DE VELOCIDADE,1,0,0,0,0,CAMINHÃO=1,SÃO JOAQUIM DA BARRA,FRANCA,RIBEIRÃO PRETO,ESTADUAL
2020-02-05,11:19:00,L01-AUTOBAN,SP330,25.5,SUL,-23.42374267,-46.79099419,TOMBAMENTO,TOMBAMENTO,NÃO INFORMADO,0,1,0,0,0,CARRETA=1,SÃO PAULO,REG. METROPOLITANA SÃO PAULO,SÃO PAULO,ESTADUAL
2020-02-05,19:24:00,L01-AUTOBAN,SP330,105.93,SUL,-22.84715067,-47.16376022,COLISÃO,COLISÃO-TRASEIRA,NÃO INFORMADO,4,1,0,0,0,AUTOMÓVEL=1|NÃO INFORMADO=1,SUMARÉ,CAMPINAS,CAMPINAS,ESTADUAL
2020-02-05,19:58:00,L01-AUTOBAN,SPM330D,105.5,NORTE,-22.8491098,-47.16039622,COLISÃO,COLISÃO-TRASEIRA,NÃO INFORMADO,0,0,1,0,0,AUTOMÓVEL=1|MOTO=1,CAMPINAS,CAMPINAS,CAMPINAS,ESTADUAL
2020-02-05,21:26:00,L29-VIAPAULISTA,SP330,307.301,SUL,-21.20829582,-47.75850296,CHOQUE,"CHOQUE - DEFENSA, BARREIRA OU ""SUBMARINO""",ÓLEO NA PISTA,1,0,0,0,0,AUTOMÓVEL=1,RIBEIRÃO PRETO,RIBEIRÃO PRETO,RIBEIRÃO PRETO,ESTADUAL
2020-02-05,21:33:00,L29-VIAPAULISTA,SP330,307.3,SUL,-21.20830536,-47.75850296,CHOQUE,CHOQUE-ELEMENTO DE DRENAGEM,ÓLEO NA PISTA,2,0,0,0,0,CAMINHONETE=1,RIBEIRÃO PRETO,RIBEIRÃO PRETO,RIBEIRÃO PRETO,ESTADUAL
2020-02-05,22:07:00,L29-VIAPAULISTA,SP330,311.3,NORTE,-21.17162704,-47.75644302,COLISÃO,COLISÃO-TRASEIRA,ANIMAL NA RODOVIA,3,0,0,0,0,AUTOMÓVEL=2,RIBEIRÃO PRETO,RIBEIRÃO PRETO,RIBEIRÃO PRETO,ESTADUAL
2020-02-05,22:35:00,L01-AUTOBAN,SP330,18.7,NORTE,-23.4763238,-46.77211994,TOMBAMENTO,TOMBAMENTO-MOTO,NÃO INFORMADO,0,0,0,0,0,MOTO=1,OSASCO,REG. METROPOLITANA SÃO PAULO,SÃO PAULO,ESTADUAL
2020-02-06,00:40:00,L01-AUTOBAN,SP330,127.88,SUL,-22.70503259,-47.30291739,CHOQUE,CHOQUE-BARREIRA DE CONCRETO,NÃO INFORMADO,0,1,0,0,0,AUTOMÓVEL=1,AMERICANA,CAMPINAS,RIO CLARO,ESTADUAL
2020-02-06,05:13:00,L01-AUTOBAN,SP330,56.42,NORTE,-23.20881322,-46.8948267,CHOQUE,CHOQUE-ELEMENTO DE DRENAGEM,NÃO INFORMADO,0,0,0,0,0,AUTOMÓVEL=1,JUNDIAÍ,CAMPINAS,CAMPINAS,ESTADUAL
2020-02-06,08:58:00,L29-VIAPAULISTA,SP330,315.3,NORTE,-21.13669586,-47.76333618,CHOQUE,CHOQUE-POSTE,IMPRUD. CONDUTOR-PERDA DE CONTROLE,1,1,0,0,0,CAMINHONETE=1|MOTO=1,RIBEIRÃO PRETO,RIBEIRÃO PRETO,RIBEIRÃO PRETO,ESTADUAL
2020-02-06,11:07:00,L01-AUTOBAN,SP330,20.4,SUL,-23.46574015,-46.78001904,COLISÃO,COLISÃO-TRASEIRA,NÃO INFORMADO,0,1,0,0,0,AUTOMÓVEL=2,OSASCO,REG. METROPOLITANA SÃO PAULO,SÃO PAULO,ESTADUAL
2020-02-06,12:27:00,L01-AUTOBAN,SP330,149.5,SUL,-22.53747032,-47.38165893,TOMBAMENTO,TOMBAMENTO,NÃO INFORMADO,1,0,0,0,0,CARRETA=1,LIMEIRA,CAMPINAS,RIO CLARO,ESTADUAL
2020-02-06,14:30:00,L28-ENTREVIAS,SP330,320.0,NORTE,-21.0980436559,-47.7906422935,CHOQUE,CHOQUE-OBJETO NA PISTA,OBJETO LANÇADO-TERCEIROS,1,0,0,0,0,CAMINHÃO=1,RIBEIRÃO PRETO,RIBEIRÃO PRETO,RIBEIRÃO PRETO,ESTADUAL
2020-02-06,16:02:00,L06-INTERVIAS,SP330,207.4,NORTE,-22.02297974,-47.43716049,OBJETO LANÇADO CONTRA O VEÍCULO,OBJETO LANÇADO CONTRA VEÍCULO,OBJETO LANÇADO,4,0,0,0,0,AUTOMÓVEL=1,PIRASSUNUNGA,CAMPINAS,RIO CLARO,ESTADUAL
2020-02-06,16:45:00,L01-AUTOBAN,SP330,106.1,NORTE,-22.84580156,-47.16473247,COLISÃO,COLISÃO-LATERAL,NÃO INFORMADO,0,0,0,0,0,AUTOMÓVEL=1|CARRETA=1,SUMARÉ,CAMPINAS,CAMPINAS,ESTADUAL
2020-02-06,16:54:00,L01-AUTOBAN,SP330,109.3,SUL,-22.82615223,-47.18673193,COLISÃO,COLISÃO-TRASEIRA,NÃO INFORMADO,0,0,0,0,0,AUTOMÓVEL=2,SUMARÉ,CAMPINAS,CAMPINAS,ESTADUAL
2020-02-06,19:09:00,L01-AUTOBAN,SP330,129.9,NORTE,-22.68900552,-47.31053101,ATROPELAMENTO DE PEDESTRE,ATROP. PEDESTRE-MORADOR/TRABALHADOR/ESTUDANTE,NÃO INFORMADO,0,0,0,1,0,BICICLETA=1|NÃO INFORMADO=1,AMERICANA,CAMPINAS,RIO CLARO,ESTADUAL
2020-02-06,19:35:00,L01-AUTOBAN,SP330,103.0,NORTE,-22.86219711,-47.13924408,COLISÃO,COLISÃO-TRASEIRA,NÃO INFORMADO,2,1,0,0,0,AUTOMÓVEL=2,CAMPINAS,CAMPINAS,CAMPINAS,ESTADUAL
2020-02-06,21:45:00,L01-AUTOBAN,SPM330D,96.64,NORTE,-22.90673173,-47.10549588,COLISÃO,COLISÃO-LATERAL,NÃO INFORMADO,0,1,0,0,0,MOTO=1|NÃO INFORMADO=1,CAMPINAS,CAMPINAS,CAMPINAS,ESTADUAL
2020-02-06,22:24:00,L01-AUTOBAN,SP330,128.8,SUL,-22.69843398,-47.3083327,COLISÃO,COLISÃO-TRANSVERSAL,NÃO INFORMADO,0,0,0,0,0,CAMINHÃO=1|NÃO INFORMADO=1,AMERICANA,CAMPINAS,RIO CLARO,ESTADUAL
2020-02-06,22:39:00,L01-AUTOBAN,SP330,69.1,NORTE,-23.11264353,-46.95814025,COLISÃO,COLISÃO-LATERAL,NÃO INFORMADO,0,1,0,0,1,BICICLETA=1|ÔNIBUS=1,JUNDIAÍ,CAMPINAS,CAMPINAS,ESTADUAL
2020-02-07,01:17:00,L29-VIAPAULISTA,SPA307/330,1.0,LESTE,-21.19994354,-47.7673111,CHOQUE,"CHOQUE - DEFENSA, BARREIRA OU ""SUBMARINO""",IMPRUD. CONDUTOR-PERDA DE CONTROLE,1,0,0,0,0,AUTOMÓVEL=1,RIBEIRÃO PRETO,RIBEIRÃO PRETO,RIBEIRÃO PRETO,ESTADUAL
2020-02-07,02:03:00,L01-AUTOBAN,SP330,58.0,SUL,-23.19706558,-46.90382659,CHOQUE,CHOQUE-DEFENSA METÁLICA,NÃO INFORMADO,0,1,0,0,0,AUTOMÓVEL=1,JUNDIAÍ,CAMPINAS,CAMPINAS,ESTADUAL
2020-02-07,07:22:00,L01-AUTOBAN,SP330,125.0,NORTE,-22.72827485,-47.29184568,TOMBAMENTO,TOMBAMENTO-MOTO,NÃO INFORMADO,0,1,0,0,0,MOTO=1,AMERICANA,CAMPINAS,RIO CLARO,ESTADUAL
2020-02-07,08:38:00,L29-VIAPAULISTA,SP330,311.0,NORTE,-21.17432976,-47.75658417,CHOQUE,"CHOQUE - DEFENSA, BARREIRA OU ""SUBMARINO""",PANE MECÂNICA/ELÉTRICA,0,0,0,0,0,CAMINHÃO=1,RIBEIRÃO PRETO,RIBEIRÃO PRETO,RIBEIRÃO PRETO,ESTADUAL
2020-02-07,09:40:00,L01-AUTOBAN,SP330,153.5,SUL,-22.50117086,-47.39942372,TOMBAMENTO,TOMBAMENTO-MOTO,NÃO INFORMADO,0,1,0,0,0,MOTO=1,CORDEIRÓPOLIS,CAMPINAS,RIO CLARO,ESTADUAL
2020-02-07,14:40:00,L29-VIAPAULISTA,SP330,243.0,SUL,-21.74288559,-47.57804489,COLISÃO,COLISÃO-TRASEIRA,IMPRUD. CONDUTOR,2,0,0,0,0,CAMINHÃO=2,SANTA RITA DO PASSA QUATRO,CENTRAL,RIBEIRÃO PRETO,ESTADUAL
2020-02-07,14:53:00,L01-AUTOBAN,SP330,109.0,NORTE,-22.82737416,-47.18387604,CHOQUE,"CHOQUE-CERCAS, ALAMBRADOS, MOURÃO",NÃO INFORMADO,0,0,0,0,0,AUTOMÓVEL=1,SUMARÉ,CAMPINAS,CAMPINAS,ESTADUAL
2020-02-07,16:25:00,L29-VIAPAULISTA,SP330,298.8,SUL,-21.28406906,-47.75008392,CHOQUE,CHOQUE-ELEMENTO DE DRENAGEM,IMPRUD. CONDUTOR-PERDA DE CONTROLE,1,0,0,0,0,CAMINHÃO=1,CRAVINHOS,RIBEIRÃO PRETO,RIBEIRÃO PRETO,ESTADUAL
2020-02-07,17:08:00,L29-VIAPAULISTA,SP330,308.0,NORTE,-21.20136642,-47.75800323,ENGAVETAMENTO,ENGAVETAMENTO,IMPRUD. CONDUTOR,3,0,0,0,0,AUTOMÓVEL=3,RIBEIRÃO PRETO,RIBEIRÃO PRETO,RIBEIRÃO PRETO,ESTADUAL
2020-02-07,17:19:00,L29-VIAPAULISTA,SP330,282.7,NORTE,-21.40191078,-47.67443466,CHOQUE,CHOQUE-TALUDE OU BARRANCO,IMPRUD. CONDUTOR-PERDA DE CONTROLE,2,1,0,0,0,CAMINHONETE=1,SÃO SIMÃO,RIBEIRÃO PRETO,RIBEIRÃO PRETO,ESTADUAL
2020-02-07,17:23:00,L01-AUTOBAN,SP330,51.4,NORTE,-23.24478629,-46.86717443,ENGAVETAMENTO,ENGAVETAMENTO,NÃO INFORMADO,0,0,0,0,0,AUTOMÓVEL=2|UTILITÁRIO=1,JUNDIAÍ,CAMPINAS,CAMPINAS,ESTADUAL
2020-02-07,18:19:00,L06-INTERVIAS,SP330,220.0,SUL,-21.91460037,-47.47439957,CHOQUE,CHOQUE-OBJETO NA PISTA,OBJETO NA PISTA,1,0,0,0,0,CAMINHONETE=1,PORTO FERREIRA,CENTRAL,RIO CLARO,ESTADUAL
2020-02-07,18:26:00,L29-VIAPAULISTA,SP330,249.6,NORTE,-21.68758392,-47.60055161,OBJETO LANÇADO CONTRA O VEÍCULO,OBJETO LANÇADO CONTRA VEÍCULO,PANE MECÂNICA,3,0,0,0,0,AUTOMÓVEL=1|NÃO INFORMADO=1,SANTA RITA DO PASSA QUATRO,CENTRAL,RIBEIRÃO PRETO,ESTADUAL
2020-02-07,18:29:00,L29-VIAPAULISTA,SP330,308.0,NORTE,-21.20136642,-47.75800323,COLISÃO,COLISÃO-LATERAL,VEÍCULO PARADO NA FAIXA,2,0,0,0,0,AUTOMÓVEL=1|CAMINHÃO=1,RIBEIRÃO PRETO,RIBEIRÃO PRETO,RIBEIRÃO PRETO,ESTADUAL
2020-02-07,19:40:00,L29-VIAPAULISTA,SP330,308.0,NORTE,-21.20136642,-47.75800323,COLISÃO,COLISÃO-TRASEIRA,IMPRUD. CONDUTOR,0,0,0,0,0,AUTOMÓVEL=2,RIBEIRÃO PRETO,RIBEIRÃO PRETO,RIBEIRÃO PRETO,ESTADUAL
2020-02-07,20:28:00,L01-AUTOBAN,SPM330D,110.0,NORTE,-22.82267208,-47.19248056,CHOQUE,CHOQUE-VEÍCULO PARADO NA PISTA,NÃO INFORMADO,0,0,0,0,0,AUTOMÓVEL=2,SUMARÉ,CAMPINAS,CAMPINAS,ESTADUAL
2020-02-08,00:22:00,L01-AUTOBAN,SP330,102.7,NORTE,-22.86374673,-47.13710848,ENGAVETAMENTO,ENGAVETAMENTO,NÃO INFORMADO,7,1,0,0,0,AUTOMÓVEL=4,CAMPINAS,CAMPINAS,CAMPINAS,ESTADUAL
2020-02-08,02:38:00,L01-AUTOBAN,SPM330E,95.66,SUL,-22.91455445,-47.09892696,CHOQUE,CHOQUE-VEÍCULO PARADO NA PISTA,NÃO INFORMADO,0,1,0,0,0,AUTOMÓVEL=2,CAMPINAS,CAMPINAS,CAMPINAS,ESTADUAL
2020-02-08,13:35:00,L29-VIAPAULISTA,SP330,307.3,NORTE,-21.20767021,-47.75833511,TOMBAMENTO,TOMBAMENTO,ÓLEO NA PISTA,0,1,0,0,0,MOTO=1,RIBEIRÃO PRETO,RIBEIRÃO PRETO,RIBEIRÃO PRETO,ESTADUAL
2020-02-08,14:48:00,L01-AUTOBAN,SP330,58.4,SUL,-23.19384275,-46.90501321,ENGAVETAMENTO,ENGAVETAMENTO,NÃO INFORMADO,1,0,0,0,0,AUTOMÓVEL=3,JUNDIAÍ,CAMPINAS,CAMPINAS,ESTADUAL
2020-02-08,15:14:00,L01-AUTOBAN,SP330,23.1,SUL,-23.44331677,-46.78699064,CHOQUE,CHOQUE-BARREIRA DE CONCRETO,NÃO INFORMADO,0,0,0,0,0,AUTOMÓVEL=1,SÃO PAULO,REG. METROPOLITANA SÃO PAULO,SÃO PAULO,ESTADUAL
2020-02-08,15:18:00,L01-AUTOBAN,SP330,60.2,SUL,-23.17999525,-46.91301156,ENGAVETAMENTO,ENGAVETAMENTO,NÃO INFORMADO,0,1,0,0,0,AUTOMÓVEL=3,JUNDIAÍ,CAMPINAS,CAMPINAS,ESTADUAL
2020-02-08,15:19:00,L28-ENTREVIAS,SP330,369.0,SUL,-20.6808266354,-47.8866753114,TOMBAMENTO,TOMBAMENTO-MOTO,ESTOURO/FURO DE PNEU,0,2,0,0,0,MOTOCICLETA / MOTONETA=1,ORLÂNDIA,FRANCA,RIBEIRÃO PRETO,ESTADUAL
2020-02-08,17:13:00,L06-INTERVIAS,SP330,211.7,SUL,-21.98615074,-47.45003128,CHOQUE,CHOQUE-OBJETO NA PISTA,OBJETO NA PISTA,2,0,0,0,0,AUTOMÓVEL=1,PIRASSUNUNGA,CAMPINAS,RIO CLARO,ESTADUAL
2020-02-08,17:47:00,L29-VIAPAULISTA,SP330,309.7,NORTE,-21.18604088,-47.75719833,ENGAVETAMENTO,ENGAVETAMENTO,IMPRUD. CONDUTOR,4,0,0,0,0,AUTOMÓVEL=2|CAMINHONETE=1|ÔNIBUS=1,RIBEIRÃO PRETO,RIBEIRÃO PRETO,RIBEIRÃO PRETO,ESTADUAL
2020-02-08,18:25:00,L28-ENTREVIAS,SP330,441.0,SUL,-20.0640464999,-47.7891356164,COLISÃO,COLISÃO-TRASEIRA,IMPRUD. CONDUTOR-DIST. INADEQUADA ENTRE VEÍC.,2,0,0,0,0,AUTOMÓVEL=2,IGARAPAVA,FRANCA,RIBEIRÃO PRETO,ESTADUAL
2020-02-08,20:23:00,L01-AUTOBAN,SPM330D,110.2,NORTE,-22.82257281,-47.19266561,COLISÃO,COLISÃO-LATERAL,NÃO INFORMADO,0,0,0,0,1,AUTOMÓVEL=1|BICICLETA=1|NÃO INFORMADO=1,SUMARÉ,CAMPINAS,CAMPINAS,ESTADUAL
2020-02-09,00:45:00,L06-INTERVIAS,SP330,236.3,NORTE,-21.7828598,-47.5292511,COLISÃO,COLISÃO-TRASEIRA,IMPRUD. CONDUTOR,2,0,0,0,0,CAMINHÃO=2,SANTA RITA DO PASSA QUATRO,CENTRAL,RIBEIRÃO PRETO,ESTADUAL
2020-02-09,01:18:00,L06-INTERVIAS,SP330,178.8,SUL,-22.27549934,-47.39253998,ATROPELAMENTO DE ANIMAL,ATROP. ANIMAL,ANIMAL NA RODOVIA,1,0,0,0,0,MOTO=1,ARARAS,CAMPINAS,RIO CLARO,ESTADUAL
2020-02-09,03:17:00,L01-AUTOBAN,SPM330E,101.54,SUL,-22.87099284,-47.12895508,TOMBAMENTO,TOMBAMENTO-MOTO,NÃO INFORMADO,0,1,0,0,0,MOTO=1,CAMPINAS,CAMPINAS,CAMPINAS,ESTADUAL
2020-02-09,03:50:00,L06-INTERVIAS,SP330,229.0,SUL,-21.83600044,-47.49539948,ATROPELAMENTO DE PEDESTRE,ATROP. PEDESTRE-SEM INFORMAÇÃO,IMPRUD. PEDESTRE-USUÁRIO,0,0,0,0,1,NÃO SE APLICA=1,PORTO FERREIRA,CENTRAL,RIO CLARO,ESTADUAL
2020-02-09,05:44:00,L01-AUTOBAN,SP330,31.42,SUL,-23.39790174,-46.83637813,CHOQUE,CHOQUE-SINALIZAÇÃO,NÃO INFORMADO,2,0,0,0,0,AUTOMÓVEL=1,CAJAMAR,REG. METROPOLITANA SÃO PAULO,SÃO PAULO,ESTADUAL
2020-02-09,06:35:00,L01-AUTOBAN,SPM330D,109.0,NORTE,-22.82737416,-47.18387604,TOMBAMENTO,TOMBAMENTO,NÃO INFORMADO,0,1,0,0,0,MOTO=1,SUMARÉ,CAMPINAS,CAMPINAS,ESTADUAL
2020-02-09,09:18:00,L01-AUTOBAN,SP330,37.0,NORTE,-23.3512985,-46.84660435,COLISÃO,COLISÃO-TRASEIRA,NÃO INFORMADO,0,2,0,0,0,AUTOMÓVEL=1|MOTO=1,CAJAMAR,REG. METROPOLITANA SÃO PAULO,SÃO PAULO,ESTADUAL
2020-02-09,11:27:00,L29-VIAPAULISTA,SP330,255.8,SUL,-21.63321686,-47.61327362,CHOQUE,CHOQUE-OBJETO NA PISTA,OBJETO NA PISTA,2,0,0,0,0,AUTOMÓVEL=1,SANTA RITA DO PASSA QUATRO,CENTRAL,RIBEIRÃO PRETO,ESTADUAL
2020-02-09,12:12:00,L06-INTERVIAS,SP330,207.1,NORTE,-22.02561951,-47.43629074,CHOQUE,"CHOQUE - DEFENSA, BARREIRA OU ""SUBMARINO""",NÃO INFORMADO,2,0,0,0,0,AUTOMÓVEL=1,PIRASSUNUNGA,CAMPINAS,RIO CLARO,ESTADUAL
2020-02-09,14:26:00,L01-AUTOBAN,SP330,139.5,NORTE,-22.61410784,-47.35264595,CHOQUE,CHOQUE-BARREIRA DE CONCRETO,NÃO INFORMADO,0,0,0,0,0,AUTOMÓVEL=1,LIMEIRA,CAMPINAS,RIO CLARO,ESTADUAL
2020-02-09,14:55:00,L01-AUTOBAN,SP330,132.18,NORTE,-22.6692096,-47.3142947,CHOQUE,CHOQUE-DEFENSA METÁLICA,NÃO INFORMADO,0,0,0,0,0,AUTOMÓVEL=1,LIMEIRA,CAMPINAS,RIO CLARO,ESTADUAL
2020-02-09,14:59:00,L01-AUTOBAN,SP330,132.0,NORTE,-22.67060532,-47.3133409,COLISÃO,COLISÃO-TRASEIRA,NÃO INFORMADO,0,0,0,0,0,AUTOMÓVEL=1|NÃO INFORMADO=1,LIMEIRA,CAMPINAS,RIO CLARO,ESTADUAL
2020-02-09,15:14:00,L01-AUTOBAN,SP330,130.3,SUL,-22.68543049,-47.31105083,CHOQUE,CHOQUE-DEFENSA METÁLICA,NÃO INFORMADO,1,3,0,0,0,AUTOMÓVEL=1,LIMEIRA,CAMPINAS,RIO CLARO,ESTADUAL
2020-02-09,16:21:00,L28-ENTREVIAS,SP330,357.7,SUL,-20.7877132508,-47.890686,CHOQUE,CHOQUE-ELEMENTO DE DRENAGEM,PISTA MOLHADA,1,0,0,0,0,AUTOMÓVEL=1,SALES OLIVEIRA,FRANCA,RIBEIRÃO PRETO,ESTADUAL
2020-02-09,18:19:00,L01-AUTOBAN,SP330,34.2,NORTE,-23.3743956,-46.8410856,COLISÃO,COLISÃO-TRANSVERSAL,NÃO INFORMADO,0,0,0,0,0,AUTOMÓVEL=2,CAJAMAR,REG. METROPOLITANA SÃO PAULO,SÃO PAULO,ESTADUAL
2020-02-09,19:42:00,L01-AUTOBAN,SP330,147.2,NORTE,-22.55095942,-47.37202718,CHOQUE,CHOQUE-DEFENSA METÁLICA,NÃO INFORMADO,0,2,0,0,0,AUTOMÓVEL=1,LIMEIRA,CAMPINAS,RIO CLARO,ESTADUAL
2020-02-09,20:07:00,L29-VIAPAULISTA,SP330,313.8,SUL,-21.1501236,-47.75801849,TOMBAMENTO,TOMBAMENTO,ESTOURO/FURO DE PNEU,1,1,0,0,0,MOTO=1,RIBEIRÃO PRETO,RIBEIRÃO PRETO,RIBEIRÃO PRETO,ESTADUAL
2020-02-09,20:16:00,L01-AUTOBAN,SP330,19.9,NORTE,-23.46942137,-46.77824825,CHOQUE,CHOQUE-BARREIRA DE CONCRETO,NÃO INFORMADO,0,0,0,0,0,AUTOMÓVEL=1,OSASCO,REG. METROPOLITANA SÃO PAULO,SÃO PAULO,ESTADUAL
2020-02-09,21:17:00,L01-AUTOBAN,SP330,53.2,NORTE,-23.22911686,-46.87386712,CHOQUE,CHOQUE-DEFENSA METÁLICA,NÃO INFORMADO,0,0,0,0,0,AUTOMÓVEL=1,JUNDIAÍ,CAMPINAS,CAMPINAS,ESTADUAL
2020-02-09,22:14:00,L01-AUTOBAN,SPM330E,106.62,SUL,-22.84249401,-47.16835615,COLISÃO,COLISÃO-TRASEIRA,NÃO INFORMADO,0,1,0,0,0,AUTOMÓVEL=1|UTILITÁRIO=1,SUMARÉ,CAMPINAS,CAMPINAS,ESTADUAL
2020-02-09,22:22:00,L01-AUTOBAN,SP330,57.8,NORTE,-23.19870845,-46.9027816,CHOQUE,CHOQUE-BARREIRA DE CONCRETO,NÃO INFORMADO,0,0,0,0,0,AUTOMÓVEL=1,JUNDIAÍ,CAMPINAS,CAMPINAS,ESTADUAL
2020-02-09,23:02:00,L01-AUTOBAN,SP330,92.0,SUL,-22.9351263,-47.07110524,CHOQUE,CHOQUE-TALUDE OU BARRANCO,NÃO INFORMADO,0,1,0,0,0,AUTOMÓVEL=1,CAMPINAS,CAMPINAS,CAMPINAS,ESTADUAL
2020-02-10,04:43:00,L01-AUTOBAN,SP330,94.98,SUL,-22.92000878,-47.09401122,COLISÃO,COLISÃO-TRASEIRA,NÃO INFORMADO,0,1,0,0,0,CAMINHÃO=1|NÃO INFORMADO=1,CAMPINAS,CAMPINAS,CAMPINAS,ESTADUAL
2020-02-10,04:46:00,L01-AUTOBAN,SP330,63.0,SUL,-23.16087896,-46.93192005,CHOQUE,CHOQUE-DEFENSA METÁLICA,NÃO INFORMADO,0,0,0,0,0,VAN/PERUA=1,JUNDIAÍ,CAMPINAS,CAMPINAS,ESTADUAL
2020-02-10,06:24:00,L01-AUTOBAN,SPI102/330,0.9,NORTE,-22.871545012327,-47.131599614485,CHOQUE,CHOQUE-BARREIRA DE CONCRETO,NÃO INFORMADO,0,1,0,0,0,AUTOMÓVEL=1,CAMPINAS,CAMPINAS,CAMPINAS,ESTADUAL
2020-02-10,06:52:00,L29-VIAPAULISTA,SP330,312.0,SUL,-21.16648865,-47.75630951,ENGAVETAMENTO,ENGAVETAMENTO,IMPRUD. CONDUTOR,0,1,0,0,0,AUTOMÓVEL=3|CAMINHONETE=1|MOTO=1,RIBEIRÃO PRETO,RIBEIRÃO PRETO,RIBEIRÃO PRETO,ESTADUAL
2020-02-10,07:51:00,L29-VIAPAULISTA,SP330,312.7,SUL,-21.15981865,-47.75641632,CHOQUE,"CHOQUE - DEFENSA, BARREIRA OU ""SUBMARINO""",IMPRUD. CONDUTOR-PERDA DE CONTROLE,0,0,0,0,0,AUTOMÓVEL=1,RIBEIRÃO PRETO,RIBEIRÃO PRETO,RIBEIRÃO PRETO,ESTADUAL
2020-02-10,08:17:00,L29-VIAPAULISTA,SP330,253.0,NORTE,-21.65808105,-47.60906219,CHOQUE,CHOQUE-CANCELA DE PEDÁGIO-AVI,IMPRUD. CONDUTOR,0,0,0,0,0,CAMINHÃO=1,SANTA RITA DO PASSA QUATRO,CENTRAL,RIBEIRÃO PRETO,ESTADUAL
2020-02-10,08:45:00,L29-VIAPAULISTA,SP330,308.0,NORTE,-21.20136642,-47.75800323,COLISÃO,COLISÃO-TRASEIRA,IMPRUD. CONDUTOR,1,0,0,0,0,CAMINHÃO=2,RIBEIRÃO PRETO,RIBEIRÃO PRETO,RIBEIRÃO PRETO,ESTADUAL
2020-02-10,08:49:00,L01-AUTOBAN,SPM330E,86.4,SUL,-22.97979142,-47.04565538,CHOQUE,CHOQUE-MEIO FIO/CALÇAMENTO,NÃO INFORMADO,0,0,0,0,0,AUTOMÓVEL=1,CAMPINAS,CAMPINAS,CAMPINAS,ESTADUAL
2020-02-10,09:30:00,L01-AUTOBAN,SPM330D,86.0,NORTE,-22.982725,-47.043589,CHOQUE,CHOQUE-TALUDE OU BARRANCO,NÃO INFORMADO,0,0,0,0,0,AUTOMÓVEL=1,VALINHOS,CAMPINAS,CAMPINAS,ESTADUAL
2020-02-10,10:17:00,L01-AUTOBAN,SP330,102.0,SUL,-22.868355,-47.132428,COLISÃO,COLISÃO-TRASEIRA,NÃO INFORMADO,0,0,0,0,0,AUTOMÓVEL=1|NÃO INFORMADO=1,CAMPINAS,CAMPINAS,CAMPINAS,ESTADUAL
2020-02-10,10:36:00,L01-AUTOBAN,SP330,111.4,NORTE,-22.81610965,-47.20462884,COLISÃO,COLISÃO-TRASEIRA,NÃO INFORMADO,0,0,0,0,0,AUTOMÓVEL=2|CAMINHÃO=1,SUMARÉ,CAMPINAS,CAMPINAS,ESTADUAL
2020-02-10,11:22:00,L01-AUTOBAN,SP330,92.0,SUL,-22.9351263,-47.07110524,CAPOTAMENTO,CAPOTAMENTO,NÃO INFORMADO,0,0,0,0,0,AUTOMÓVEL=1,CAMPINAS,CAMPINAS,CAMPINAS,ESTADUAL
2020-02-10,12:33:00,L01-AUTOBAN,SP330,122.0,SUL,-22.74368161,-47.26855338,CHOQUE,CHOQUE-SINALIZAÇÃO,NÃO INFORMADO,0,0,0,0,0,UTILITÁRIO=1,AMERICANA,CAMPINAS,RIO CLARO,ESTADUAL
2020-02-10,12:56:00,L01-AUTOBAN,SP330,92.0,NORTE,-22.93511642,-47.07138956,CHOQUE,CHOQUE-BARREIRA DE CONCRETO,NÃO INFORMADO,0,0,0,0,0,AUTOMÓVEL=1,CAMPINAS,CAMPINAS,CAMPINAS,ESTADUAL
2020-02-10,13:47:00,L01-AUTOBAN,SP330,121.4,SUL,-22.7475404,-47.26452364,TOMBAMENTO,TOMBAMENTO-MOTO,NÃO INFORMADO,0,0,0,0,0,MOTO=1,AMERICANA,CAMPINAS,RIO CLARO,ESTADUAL
2020-02-10,16:38:00,L01-AUTOBAN,SP330,61.2,NORTE,-23.17395912,-46.91997135,COLISÃO,COLISÃO-TRANSVERSAL,NÃO INFORMADO,0,0,0,0,0,AUTOMÓVEL=2,JUNDIAÍ,CAMPINAS,CAMPINAS,ESTADUAL
2020-02-10,17:02:00,L29-VIAPAULISTA,SP330,298.0,NORTE,-21.2892704,-47.74745178,CHOQUE,CHOQUE-POSTE,IMPRUD. CONDUTOR-PERDA DE CONTROLE,1,0,0,0,0,AUTOMÓVEL=1,CRAVINHOS,RIBEIRÃO PRETO,RIBEIRÃO PRETO,ESTADUAL
2020-02-10,20:23:00,L01-AUTOBAN,SP330,22.95,NORTE,-23.44479178,-46.7868627,ATROPELAMENTO DE PEDESTRE,ATROP. PEDESTRE-AMBULANTE,NÃO INFORMADO,0,0,0,1,0,NÃO SE APLICA=1|UTILITÁRIO=1,SÃO PAULO,REG. METROPOLITANA SÃO PAULO,SÃO PAULO,ESTADUAL
2020-02-10,20:57:00,L01-AUTOBAN,SP330,60.8,NORTE,-23.17643576,-46.91695761,ATROPELAMENTO DE PEDESTRE,ATROP. PEDESTRE-USUÁRIO,NÃO INFORMADO,0,0,0,1,0,NÃO INFORMADO=1|NÃO SE APLICA=1,JUNDIAÍ,CAMPINAS,CAMPINAS,ESTADUAL
2020-02-10,22:28:00,L01-AUTOBAN,SPM330D,86.62,NORTE,-22.97786742,-47.04653047,CHOQUE,CHOQUE-ELEMENTO DE DRENAGEM,NÃO INFORMADO,0,0,0,0,0,AUTOMÓVEL=1,CAMPINAS,CAMPINAS,CAMPINAS,ESTADUAL
2020-02-10,22:37:00,L01-AUTOBAN,SP330,134.3,NORTE,-22.65262092,-47.32386966,CHOQUE,CHOQUE-PILAR,NÃO INFORMADO,0,0,0,0,0,AUTOMÓVEL=1,LIMEIRA,CAMPINAS,RIO CLARO,ESTADUAL
2020-02-10,22:42:00,L06-INTERVIAS,SP330,168.1,NORTE,-22.37072945,-47.39450073,CHOQUE,"CHOQUE - DEFENSA, BARREIRA OU ""SUBMARINO""",CONDIÇÃO CLIMÁTICA,4,0,0,0,0,AUTOMÓVEL=1,ARARAS,CAMPINAS,RIO CLARO,ESTADUAL
2020-02-10,23:14:00,L01-AUTOBAN,SPI102/330,0.6,NORTE,-22.869828008446,-47.132226742907,CHOQUE,CHOQUE-BARREIRA DE CONCRETO,NÃO INFORMADO,2,4,0,0,0,AUTOMÓVEL=1,CAMPINAS,CAMPINAS,CAMPINAS,ESTADUAL
2020-02-11,01:07:00,L01-AUTOBAN,SP330,61.3,SUL,-23.17335747,-46.92107587,CHOQUE,CHOQUE-TALUDE OU BARRANCO,NÃO INFORMADO,0,0,0,0,0,UTILITÁRIO=1,JUNDIAÍ,CAMPINAS,CAMPINAS,ESTADUAL
2020-02-11,06:30:00,L01-AUTOBAN,SPM330D,86.6,NORTE,-22.97802414,-47.04643557,CHOQUE,CHOQUE-TALUDE OU BARRANCO,NÃO INFORMADO,0,0,0,0,0,AUTOMÓVEL=1,CAMPINAS,CAMPINAS,CAMPINAS,ESTADUAL
2020-02-11,08:33:00,L01-AUTOBAN,SP330,110.0,SUL,-22.82299347,-47.19250202,COLISÃO,COLISÃO-TRANSVERSAL,NÃO INFORMADO,0,0,0,0,0,AUTOMÓVEL=1|NÃO INFORMADO=1,SUMARÉ,CAMPINAS,CAMPINAS,ESTADUAL
2020-02-11,10:50:00,L01-AUTOBAN,SPM330D,99.0,NORTE,-22.88773025,-47.11325347,COLISÃO,COLISÃO-LATERAL,NÃO INFORMADO,0,0,0,0,0,AUTOMÓVEL=1|ÔNIBUS=1,CAMPINAS,CAMPINAS,CAMPINAS,ESTADUAL
2020-02-11,14:55:00,L29-VIAPAULISTA,SP330,280.0,NORTE,-21.42129707,-47.65880585,CHOQUE,"CHOQUE - DEFENSA, BARREIRA OU ""SUBMARINO""",IMPRUD. CONDUTOR-PERDA DE CONTROLE,1,0,0,0,0,CAMINHÃO=1,SÃO SIMÃO,RIBEIRÃO PRETO,RIBEIRÃO PRETO,ESTADUAL
2020-02-11,19:50:00,L29-VIAPAULISTA,SP330,281.5,NORTE,-21.41038322,-47.66731262,ATROPELAMENTO DE PEDESTRE,ATROP. PEDESTRE-ANDARILHO,IMPRUD. PEDESTRE-USUÁRIO,1,1,0,0,0,AUTOMÓVEL=1|NÃO SE APLICA=1,SÃO SIMÃO,RIBEIRÃO PRETO,RIBEIRÃO PRETO,ESTADUAL
2020-02-11,20:00:00,L01-AUTOBAN,SP330,123.3,NORTE,-22.73697337,-47.27940401,CHOQUE,CHOQUE-BARREIRA DE CONCRETO,NÃO INFORMADO,0,0,0,0,0,UTILITÁRIO=1,AMERICANA,CAMPINAS,RIO CLARO,ESTADUAL
2020-02-12,08:04:00,L01-AUTOBAN,SPM330D,110.6,NORTE,-22.81969351,-47.19803272,TOMBAMENTO,TOMBAMENTO-MOTO,NÃO INFORMADO,0,2,0,0,0,MOTO=1,SUMARÉ,CAMPINAS,CAMPINAS,ESTADUAL
2020-02-12,13:00:00,L01-AUTOBAN,SP330,36.5,SUL,-23.3558791,-46.84773096,COLISÃO,COLISÃO-TRANSVERSAL,NÃO INFORMADO,0,0,0,0,0,BITREM/CVC=1|CARRETA=1,CAJAMAR,REG. METROPOLITANA SÃO PAULO,SÃO PAULO,ESTADUAL
2020-02-12,14:24:00,L01-AUTOBAN,SP330,58.0,SUL,-23.19706558,-46.90382659,TOMBAMENTO,TOMBAMENTO,NÃO INFORMADO,0,0,0,1,0,MOTO=1,JUNDIAÍ,CAMPINAS,CAMPINAS,ESTADUAL
2020-02-12,17:13:00,L01-AUTOBAN,SP330,102.95,NORTE,-22.86245539,-47.13888813,ENGAVETAMENTO,ENGAVETAMENTO,NÃO INFORMADO,0,3,0,0,0,AUTOMÓVEL=2|NÃO INFORMADO=1,CAMPINAS,CAMPINAS,CAMPINAS,ESTADUAL
2020-02-12,22:35:00,L01-AUTOBAN,SPM330E,94.28,SUL,-22.92349504,-47.08912582,CHOQUE,CHOQUE-DEFENSA METÁLICA,NÃO INFORMADO,0,0,0,0,0,AUTOMÓVEL=1,CAMPINAS,CAMPINAS,CAMPINAS,ESTADUAL
2020-02-12,22:57:00,L29-VIAPAULISTA,SP330,260.8,SUL,-21.58937836,-47.62490082,ATROPELAMENTO DE ANIMAL,ATROP. ANIMAL,ANIMAL NA RODOVIA,2,0,0,0,0,AUTOMÓVEL=1,SANTA RITA DO PASSA QUATRO,CENTRAL,RIBEIRÃO PRETO,ESTADUAL
2020-02-13,01:17:00,L28-ENTREVIAS,SP330,441.0,NORTE,-20.0642567806,-47.7888679682,CHOQUE,CHOQUE-OBJETO NA PISTA,OBJETO NA PISTA,1,0,0,0,0,AUTOMÓVEL=1,IGARAPAVA,FRANCA,RIBEIRÃO PRETO,ESTADUAL
2020-02-13,06:00:00,L29-VIAPAULISTA,SP330,260.5,NORTE,-21.59588432,-47.62242508,CHOQUE,CHOQUE-OBJETO NA PISTA,OBJETO NA PISTA,1,0,0,0,0,CAMINHÃO=1,SANTA RITA DO PASSA QUATRO,CENTRAL,RIBEIRÃO PRETO,ESTADUAL
2020-02-13,13:54:00,L28-ENTREVIAS,SP330,410.3,SUL,-20.33261515,-47.8052823405,COLISÃO,COLISÃO-TRASEIRA,IMPRUD. CONDUTOR-DIST. INADEQUADA ENTRE VEÍC.,2,0,0,0,0,AUTOMÓVEL=2,ITUVERAVA,FRANCA,RIBEIRÃO PRETO,ESTADUAL
2020-02-13,21:00:00,L01-AUTOBAN,SP330,150.7,NORTE,-22.52446362,-47.39028318,CHOQUE,CHOQUE-ELEMENTO DE DRENAGEM,NÃO INFORMADO,0,0,0,0,0,BITREM/CVC=1,LIMEIRA,CAMPINAS,RIO CLARO,ESTADUAL
2020-02-14,00:04:00,L01-AUTOBAN,SP330,29.5,NORTE,-23.40717593,-46.82470679,ATROPELAMENTO DE ANIMAL,ATROP. ANIMAL,NÃO INFORMADO,0,0,0,0,0,AUTOMÓVEL=1,SÃO PAULO,REG. METROPOLITANA SÃO PAULO,SÃO PAULO,ESTADUAL
2020-02-14,06:48:00,L01-AUTOBAN,SPM330D,120.5,NORTE,-22.75632168,-47.25495112,CHOQUE,CHOQUE-VEÍCULO PARADO NA PISTA,NÃO INFORMADO,0,1,0,0,0,MOTO=1|UTILITÁRIO=1,AMERICANA,CAMPINAS,RIO CLARO,ESTADUAL
2020-02-14,07:25:00,L01-AUTOBAN,SP330,60.3,SUL,-23.17940892,-46.91372287,COLISÃO,COLISÃO-TRASEIRA,NÃO INFORMADO,0,1,0,0,0,AUTOMÓVEL=1|UTILITÁRIO=1,JUNDIAÍ,CAMPINAS,CAMPINAS,ESTADUAL
2020-02-14,07:46:00,L01-AUTOBAN,SP330,89.0,SUL,-22.95898606,-47.05765665,ENGAVETAMENTO,ENGAVETAMENTO,NÃO INFORMADO,0,2,0,0,0,AUTOMÓVEL=2|NÃO SE APLICA=1|ÔNIBUS=1,CAMPINAS,CAMPINAS,CAMPINAS,ESTADUAL
2020-02-14,07:58:00,L01-AUTOBAN,SP330,19.8,SUL,-23.46986669,-46.77777779,TOMBAMENTO,TOMBAMENTO,NÃO INFORMADO,0,1,0,0,0,MOTO=1|NÃO INFORMADO=1,OSASCO,REG. METROPOLITANA SÃO PAULO,SÃO PAULO,ESTADUAL
2020-02-14,08:05:00,L01-AUTOBAN,SP330,60.2,SUL,-23.17999525,-46.91301156,COLISÃO,COLISÃO-TRASEIRA,NÃO INFORMADO,0,2,0,0,0,AUTOMÓVEL=2|MOTO=2,JUNDIAÍ,CAMPINAS,CAMPINAS,ESTADUAL
2020-02-14,08:48:00,L01-AUTOBAN,SP330,62.5,SUL,-23.16484669,-46.92926735,COLISÃO,COLISÃO-TRANSVERSAL,NÃO INFORMADO,0,0,0,0,0,AUTOMÓVEL=1|CARRETA=1,JUNDIAÍ,CAMPINAS,CAMPINAS,ESTADUAL
2020-02-14,11:47:00,L29-VIAPAULISTA,SP330,266.7,NORTE,-21.53784752,-47.64067078,CHOQUE,"CHOQUE - DEFENSA, BARREIRA OU ""SUBMARINO""",IMPRUD. CONDUTOR-DORMIR AO VOLANTE,2,0,0,0,0,CAMINHONETE=1,SÃO SIMÃO,RIBEIRÃO PRETO,RIBEIRÃO PRETO,ESTADUAL
2020-02-14,11:49:00,L01-AUTOBAN,SPM330E,109.7,SUL,-22.82434724,-47.19002909,ENGAVETAMENTO,ENGAVETAMENTO,NÃO INFORMADO,0,0,0,0,0,AUTOMÓVEL=2|CAMINHÃO=1,SUMARÉ,CAMPINAS,CAMPINAS,ESTADUAL
2020-02-14,15:07:00,L01-AUTOBAN,SP330,101.3,SUL,-22.87236909,-47.12714314,ENGAVETAMENTO,ENGAVETAMENTO,NÃO INFORMADO,0,0,0,0,0,AUTOMÓVEL=3,CAMPINAS,CAMPINAS,CAMPINAS,ESTADUAL
2020-02-14,16:19:00,L06-INTERVIAS,SP330,216.9,SUL,-21.9413147,-47.46535492,CHOQUE,CHOQUE-OBJETO NA PISTA,OBJETO NA PISTA,4,0,0,0,0,AUTOMÓVEL=1,PIRASSUNUNGA,CAMPINAS,RIO CLARO,ESTADUAL
2020-02-14,16:52:00,L01-AUTOBAN,SP330,104.0,SUL,-22.85707606,-47.14874983,COLISÃO,COLISÃO-TRASEIRA,NÃO INFORMADO,0,1,0,0,0,AUTOMÓVEL=2,CAMPINAS,CAMPINAS,CAMPINAS,ESTADUAL
2020-02-14,17:31:00,L01-AUTOBAN,SP330,31.4,NORTE,-23.39795254,-46.83621781,COLISÃO,COLISÃO-LATERAL,NÃO INFORMADO,0,1,0,0,0,AUTOMÓVEL=1|MOTO=1,CAJAMAR,REG. METROPOLITANA SÃO PAULO,SÃO PAULO,ESTADUAL
2020-02-14,19:10:00,L01-AUTOBAN,SP330,32.0,SUL,-23.392872,-46.835561,CHOQUE,CHOQUE-TALUDE OU BARRANCO,NÃO INFORMADO,0,0,0,0,0,AUTOMÓVEL=1,CAJAMAR,REG. METROPOLITANA SÃO PAULO,SÃO PAULO,ESTADUAL
2020-02-14,21:16:00,L29-VIAPAULISTA,SP330,312.6,NORTE,-21.15990829,-47.75623703,TOMBAMENTO,TOMBAMENTO,ESTOURO/FURO DE PNEU,0,2,0,0,0,MOTO=1,RIBEIRÃO PRETO,RIBEIRÃO PRETO,RIBEIRÃO PRETO,ESTADUAL
2020-02-14,22:02:00,L01-AUTOBAN,SPM330D,111.14,NORTE,-22.81714844,-47.2027473,ENGAVETAMENTO,ENGAVETAMENTO,NÃO INFORMADO,0,0,1,0,0,AUTOMÓVEL=1|MOTO=1|NÃO INFORMADO=1,SUMARÉ,CAMPINAS,CAMPINAS,ESTADUAL
2020-02-15,02:06:00,L01-AUTOBAN,SPM330D,125.14,NORTE,-22.72695591,-47.29225874,CHOQUE,CHOQUE-BARREIRA DE CONCRETO,NÃO INFORMADO,0,1,0,0,0,AUTOMÓVEL=1,AMERICANA,CAMPINAS,RIO CLARO,ESTADUAL
2020-02-15,08:09:00,L01-AUTOBAN,SP330,50.2,SUL,-23.25513696,-46.86719727,COLISÃO,COLISÃO-LATERAL,NÃO INFORMADO,0,3,0,0,0,AUTOMÓVEL=2,JUNDIAÍ,CAMPINAS,CAMPINAS,ESTADUAL
2020-02-15,08:19:00,L01-AUTOBAN,SP330,98.2,SUL,-22.89459064,-47.11145961,COLISÃO,COLISÃO-TRASEIRA,NÃO INFORMADO,0,0,0,0,0,AUTOMÓVEL=1|NÃO INFORMADO=1,CAMPINAS,CAMPINAS,CAMPINAS,ESTADUAL
2020-02-15,14:43:00,L01-AUTOBAN,SPI102/330,5.0,NORTE,-22.90690412,-47.13676572,COLISÃO,COLISÃO-TRASEIRA,NÃO INFORMADO,0,1,0,0,0,CAMINHÃO=1|VAN/PERUA=1,CAMPINAS,CAMPINAS,CAMPINAS,ESTADUAL
2020-02-15,16:28:00,L01-AUTOBAN,SP330,26.7,SUL,-23.41759396,-46.80051596,CHOQUE,CHOQUE-SINALIZAÇÃO,NÃO INFORMADO,0,0,0,0,0,AUTOMÓVEL=1,SÃO PAULO,REG. METROPOLITANA SÃO PAULO,SÃO PAULO,ESTADUAL
2020-02-15,20:12:00,L01-AUTOBAN,SP330,11.7,NORTE,-23.509804725324,-46.729670684901,COLISÃO,COLISÃO-TRASEIRA,NÃO INFORMADO,0,1,0,0,0,AUTOMÓVEL=1|ÔNIBUS=1,SÃO PAULO,REG. METROPOLITANA SÃO PAULO,SÃO PAULO,ESTADUAL
2020-02-15,20:40:00,L29-VIAPAULISTA,SP330,246.85,SUL,-21.7110939,-47.59236145,COLISÃO,COLISÃO-TRASEIRA,IMPRUD. CONDUTOR,39,0,0,0,0,CAMINHÃO=1|UTILITÁRIO=1|ÔNIBUS=1,SANTA RITA DO PASSA QUATRO,CENTRAL,RIBEIRÃO PRETO,ESTADUAL
2020-02-15,20:59:00,L06-INTERVIAS,SP330,223.7,NORTE,-21.88010025,-47.4858017,CHOQUE,"CHOQUE - DEFENSA, BARREIRA OU ""SUBMARINO""",IMPRUD. CONDUTOR-PERDA DE CONTROLE,2,2,0,0,0,AUTOMÓVEL=1,PORTO FERREIRA,CENTRAL,RIO CLARO,ESTADUAL
2020-02-15,21:15:00,L29-VIAPAULISTA,SP330,262.1,NORTE,-21.57831001,-47.628582,TOMBAMENTO,TOMBAMENTO,IMPRUD. CONDUTOR,1,0,0,0,0,CAMINHÃO=1,SÃO SIMÃO,RIBEIRÃO PRETO,RIBEIRÃO PRETO,ESTADUAL
2020-02-16,01:21:00,L01-AUTOBAN,SPM330E,19.15,SUL,-23.47299149,-46.77359006,CHOQUE,CHOQUE-MEIO FIO/CALÇAMENTO,NÃO INFORMADO,0,0,0,0,0,AUTOMÓVEL=1,OSASCO,REG. METROPOLITANA SÃO PAULO,SÃO PAULO,ESTADUAL
2020-02-16,03:17:00,L01-AUTOBAN,SPM330D,93.48,NORTE,-22.92725725,-47.08290377,CHOQUE,CHOQUE-BARREIRA DE CONCRETO,NÃO INFORMADO,0,1,0,0,0,AUTOMÓVEL=1,CAMPINAS,CAMPINAS,CAMPINAS,ESTADUAL
2020-02-16,05:50:00,L01-AUTOBAN,SP330,22.5,SUL,-23.44864771,-46.78685009,CHOQUE,CHOQUE-SINALIZAÇÃO,NÃO INFORMADO,0,2,0,0,0,AUTOMÓVEL=1,SÃO PAULO,REG. METROPOLITANA SÃO PAULO,SÃO PAULO,ESTADUAL
2020-02-16,10:29:00,L29-VIAPAULISTA,SP330,262.1,SUL,-21.57795525,-47.62890244,COLISÃO,COLISÃO-TRASEIRA,IMPRUD. CONDUTOR,3,0,0,0,0,CAMINHONETE=1|CAMINHÃO=1,SÃO SIMÃO,RIBEIRÃO PRETO,RIBEIRÃO PRETO,ESTADUAL
2020-02-16,12:27:00,L01-AUTOBAN,SPM330D,114.8,NORTE,-22.7938795,-47.22522713,TOMBAMENTO,TOMBAMENTO-MOTO,NÃO INFORMADO,0,0,1,0,0,MOTO=1,SUMARÉ,CAMPINAS,CAMPINAS,ESTADUAL
2020-02-16,14:20:00,L01-AUTOBAN,SPM330E,112.7,SUL,-22.80924924,-47.21429012,CAPOTAMENTO,CAPOTAMENTO,NÃO INFORMADO,0,0,1,0,0,AUTOMÓVEL=1,SUMARÉ,CAMPINAS,CAMPINAS,ESTADUAL
2020-02-16,15:24:00,L06-INTERVIAS,SP330,217.0,SUL,-21.94045067,-47.46564865,CHOQUE,CHOQUE-OBJETO NA PISTA,OBJETO NA PISTA,1,0,0,0,0,CAMINHÃO=1,PIRASSUNUNGA,CAMPINAS,RIO CLARO,ESTADUAL
2020-02-17,05:41:00,L28-ENTREVIAS,SP330,380.906,NORTE,-20.5839603943,-47.877173231,CAPOTAMENTO,CAPOTAMENTO,IMPRUD. CONDUTOR-DORMIR AO VOLANTE,3,2,0,0,0,AUTOMÓVEL=1,SÃO JOAQUIM DA BARRA,FRANCA,RIBEIRÃO PRETO,ESTADUAL
2020-02-17,07:11:00,L01-AUTOBAN,SPM330E,114.62,SUL,-22.79563294,-47.22468114,ENGAVETAMENTO,ENGAVETAMENTO,NÃO INFORMADO,0,0,0,0,0,AUTOMÓVEL=2|NÃO INFORMADO=1,SUMARÉ,CAMPINAS,CAMPINAS,ESTADUAL
2020-02-17,08:13:00,L01-AUTOBAN,SP330,100.4,SUL,-22.87795344,-47.12068106,COLISÃO,COLISÃO-TRASEIRA,NÃO INFORMADO,0,0,0,0,0,AUTOMÓVEL=2,CAMPINAS,CAMPINAS,CAMPINAS,ESTADUAL
2020-02-17,10:26:00,L01-AUTOBAN,SP330,114.92,NORTE,-22.79288433,-47.22574081,CHOQUE,CHOQUE-DEFENSA METÁLICA,NÃO INFORMADO,1,0,0,0,0,AUTOMÓVEL=1,SUMARÉ,CAMPINAS,CAMPINAS,ESTADUAL
2020-02-17,11:43:00,L01-AUTOBAN,SPI102/330,5.5,SUL,-22.91210787,-47.13633681,TOMBAMENTO,TOMBAMENTO-MOTO,NÃO INFORMADO,0,1,0,0,0,MOTO=1,CAMPINAS,CAMPINAS,CAMPINAS,ESTADUAL
2020-02-17,14:35:00,L01-AUTOBAN,SPM330E,106.8,SUL,-22.84124998,-47.16953804,TOMBAMENTO,TOMBAMENTO-MOTO,NÃO INFORMADO,0,0,1,0,0,MOTO=1,SUMARÉ,CAMPINAS,CAMPINAS,ESTADUAL
2020-02-17,14:35:00,L01-AUTOBAN,SP330,107.5,SUL,-22.8363971,-47.17411548,COLISÃO,COLISÃO-TRASEIRA,NÃO INFORMADO,0,0,0,0,0,AUTOMÓVEL=1|UTILITÁRIO=1,SUMARÉ,CAMPINAS,CAMPINAS,ESTADUAL
2020-02-17,14:41:00,L29-VIAPAULISTA,SP330,279.0,SUL,-21.42965889,-47.65389633,OBJETO LANÇADO CONTRA O VEÍCULO,OBJETO LANÇADO CONTRA VEÍCULO,OBRAS,1,0,0,0,0,CAMINHONETE=1,SÃO SIMÃO,RIBEIRÃO PRETO,RIBEIRÃO PRETO,ESTADUAL
2020-02-17,15:10:00,L29-VIAPAULISTA,SP330,268.5,SUL,-21.52666664,-47.64287949,CHOQUE,CHOQUE-OBJETO NA PISTA,OBJETO NA PISTA,1,0,0,0,0,CAMINHONETE=1,SÃO SIMÃO,RIBEIRÃO PRETO,RIBEIRÃO PRETO,ESTADUAL
2020-02-17,15:10:00,L29-VIAPAULISTA,SP330,268.5,SUL,-21.52666664,-47.64287949,CHOQUE,CHOQUE-OBJETO NA PISTA,OBJETO NA PISTA,0,0,0,0,0,CAMINHONETE=1,SÃO SIMÃO,RIBEIRÃO PRETO,RIBEIRÃO PRETO,ESTADUAL
2020-02-17,16:46:00,L01-AUTOBAN,SPM330E,93.6,SUL,-22.92687972,-47.08394139,ENGAVETAMENTO,ENGAVETAMENTO,NÃO INFORMADO,0,0,0,0,0,AUTOMÓVEL=2|UTILITÁRIO=1,CAMPINAS,CAMPINAS,CAMPINAS,ESTADUAL
2020-02-17,23:21:00,L28-ENTREVIAS,SP330,345.483,SUL,-20.8970627291,-47.8935056885,COLISÃO,COLISÃO-TRASEIRA,IMPRUD. CONDUTOR-DIST. INADEQUADA ENTRE VEÍC.,2,0,0,0,0,CAMINHÃO=2,SALES OLIVEIRA,FRANCA,RIBEIRÃO PRETO,ESTADUAL
2020-02-18,04:35:00,L28-ENTREVIAS,SP330,432.344,SUL,-20.1451706157,-47.7898589646,CHOQUE,CHOQUE-ELEMENTO DE DRENAGEM,ESTOURO/FURO DE PNEU,1,0,0,0,0,AUTOMÓVEL=1,ARAMINA,FRANCA,RIBEIRÃO PRETO,ESTADUAL
2020-02-18,07:22:00,L01-AUTOBAN,SP330,21.6,SUL,-23.4562181,-46.784567,COLISÃO,COLISÃO-LATERAL,NÃO INFORMADO,0,0,1,0,0,MOTO=1|NÃO INFORMADO=1,SÃO PAULO,REG. METROPOLITANA SÃO PAULO,SÃO PAULO,ESTADUAL
2020-02-18,15:19:00,L06-INTERVIAS,SP330,198.0,NORTE,-22.10490036,-47.41350174,CHOQUE,CHOQUE-OBJETO NA PISTA,OBJETO NA PISTA,1,0,0,0,0,CAMINHONETE=1,SANTA CRUZ DA CONCEIÇÃO,CAMPINAS,RIO CLARO,ESTADUAL
2020-02-18,16:32:00,L06-INTERVIAS,SP330,228.8,NORTE,-21.8380394,-47.49507904,OBJETO LANÇADO CONTRA O VEÍCULO,OBJETO LANÇADO CONTRA VEÍCULO,OBJETO LANÇADO,1,0,0,0,0,AUTOMÓVEL=1,PORTO FERREIRA,CENTRAL,RIO CLARO,ESTADUAL
2020-02-18,19:25:00,L28-ENTREVIAS,SP330,339.0,SUL,-20.9487714211,-47.8764037056,COLISÃO,COLISÃO-TRASEIRA,FATOR-HUMANO,1,1,0,0,0,CAMINHÃO=1|CAMIONETA / UTILITÁRIO=1,JARDINÓPOLIS,RIBEIRÃO PRETO,RIBEIRÃO PRETO,ESTADUAL
2020-02-18,22:50:00,L01-AUTOBAN,SP330,39.7,SUL,-23.33108556,-46.83829808,COLISÃO,COLISÃO-TRASEIRA,NÃO INFORMADO,0,0,0,0,0,CAMINHÃO=1|NÃO INFORMADO=1,CAJAMAR,REG. METROPOLITANA SÃO PAULO,SÃO PAULO,ESTADUAL
2020-02-19,00:00:00,L01-AUTOBAN,SP330,21.0,NORTE,-23.46071206,-46.78140521,CHOQUE,CHOQUE-BARREIRA DE CONCRETO,NÃO INFORMADO,0,0,0,0,0,AUTOMÓVEL=1,SÃO PAULO,REG. METROPOLITANA SÃO PAULO,SÃO PAULO,ESTADUAL
2020-02-19,00:00:00,L01-AUTOBAN,SP330,53.0,NORTE,-23.230639,-46.87295,CHOQUE,CHOQUE-MEIO FIO/CALÇAMENTO,NÃO INFORMADO,0,0,0,0,0,AUTOMÓVEL=1,JUNDIAÍ,CAMPINAS,CAMPINAS,ESTADUAL
2020-02-19,00:59:00,L29-VIAPAULISTA,SP330,291.0,NORTE,-21.34786987,-47.72402954,COLISÃO,COLISÃO-TRASEIRA,IMPRUD. CONDUTOR-PERDA DE CONTROLE,1,1,0,0,0,CAMINHÃO=2,CRAVINHOS,RIBEIRÃO PRETO,RIBEIRÃO PRETO,ESTADUAL
2020-02-19,06:29:00,L01-AUTOBAN,SP330,62.0,SUL,-23.16881442,-46.92661464,TOMBAMENTO,TOMBAMENTO-MOTO,NÃO INFORMADO,0,1,0,0,0,MOTO=1,JUNDIAÍ,CAMPINAS,CAMPINAS,ESTADUAL
2020-02-19,06:48:00,L29-VIAPAULISTA,SP330,307.9,SUL,-21.20274544,-47.75821304,TOMBAMENTO,TOMBAMENTO,IMPRUD. CONDUTOR,0,0,0,0,1,MOTO=1,RIBEIRÃO PRETO,RIBEIRÃO PRETO,RIBEIRÃO PRETO,ESTADUAL
2020-02-19,07:24:00,L01-AUTOBAN,SP330,82.6,SUL,-23.00868376,-47.02614927,COLISÃO,COLISÃO-LATERAL,NÃO INFORMADO,0,1,0,0,0,AUTOMÓVEL=1|MOTO=1,VALINHOS,CAMPINAS,CAMPINAS,ESTADUAL
2020-02-19,07:37:00,L01-AUTOBAN,SP330,111.0,SUL,-22.81811818,-47.20174491,ENGAVETAMENTO,ENGAVETAMENTO,NÃO INFORMADO,0,0,0,0,0,AUTOMÓVEL=2|VAN/PERUA=1,SUMARÉ,CAMPINAS,CAMPINAS,ESTADUAL
2020-02-19,07:51:00,L01-AUTOBAN,SPM330D,14.6,NORTE,-23.50273229,-46.75258687,CHOQUE,CHOQUE-VEÍCULO PARADO NA PISTA,NÃO INFORMADO,0,1,0,0,0,AUTOMÓVEL=1|UTILITÁRIO=1,SÃO PAULO,REG. METROPOLITANA SÃO PAULO,SÃO PAULO,ESTADUAL
2020-02-19,08:00:00,L29-VIAPAULISTA,SP330,308.4,SUL,-21.19806099,-47.75796509,COLISÃO,COLISÃO-TRASEIRA,IMPRUD. CONDUTOR-PERDA DE CONTROLE,0,1,0,0,0,AUTOMÓVEL=1|MOTO=1,RIBEIRÃO PRETO,RIBEIRÃO PRETO,RIBEIRÃO PRETO,ESTADUAL
2020-02-19,08:16:00,L29-VIAPAULISTA,SP330,309.4,SUL,-21.1884079,-47.75745773,COLISÃO,COLISÃO-LATERAL,IMPRUD. CONDUTOR,2,1,0,0,0,AUTOMÓVEL=1|MOTO=2,RIBEIRÃO PRETO,RIBEIRÃO PRETO,RIBEIRÃO PRETO,ESTADUAL
2020-02-19,10:41:00,L01-AUTOBAN,SP330,53.3,SUL,-23.22864267,-46.87442368,TOMBAMENTO,TOMBAMENTO,NÃO INFORMADO,0,2,0,0,0,CAMINHÃO=1,JUNDIAÍ,CAMPINAS,CAMPINAS,ESTADUAL
2020-02-19,12:15:00,L29-VIAPAULISTA,SP330,289.5,NORTE,-21.36076736,-47.72081375,CHOQUE,CHOQUE-SINALIZAÇÃO,IMPRUD. CONDUTOR-LEVOU FECHADA,0,1,0,0,0,AUTOMÓVEL=1,CRAVINHOS,RIBEIRÃO PRETO,RIBEIRÃO PRETO,ESTADUAL
2020-02-19,12:38:00,L28-ENTREVIAS,SP330,346.0,NORTE,-20.8882262267,-47.8959148554,COLISÃO,COLISÃO-TRASEIRA,IMPRUD. CONDUTOR-DIST. INADEQUADA ENTRE VEÍC.,2,0,0,0,0,CAMINHÃO=2,SALES OLIVEIRA,FRANCA,RIBEIRÃO PRETO,ESTADUAL
2020-02-19,15:08:00,L01-AUTOBAN,SP330,105.0,SUL,-22.8520883,-47.15678573,CHOQUE,CHOQUE-BARREIRA DE CONCRETO,NÃO INFORMADO,0,0,0,0,0,AUTOMÓVEL=1,CAMPINAS,CAMPINAS,CAMPINAS,ESTADUAL
2020-02-19,15:44:00,L29-VIAPAULISTA,SP330,253.0,NORTE,-21.65808105,-47.60906219,CHOQUE,CHOQUE-VEÍCULO PARADO NA PISTA,IMPRUD. CONDUTOR,2,0,0,0,0,CAMINHONETE=1|CAMINHÃO=1,SANTA RITA DO PASSA QUATRO,CENTRAL,RIBEIRÃO PRETO,ESTADUAL
2020-02-19,18:54:00,L01-AUTOBAN,SP330,148.2,SUL,-22.54400204,-47.37720569,ATROPELAMENTO DE PEDESTRE,ATROP. PEDESTRE-ANDARILHO,NÃO INFORMADO,0,1,0,0,1,NÃO SE APLICA=1|UTILITÁRIO=1,LIMEIRA,CAMPINAS,RIO CLARO,ESTADUAL
2020-02-19,19:35:00,L28-ENTREVIAS,SP330,381.0,NORTE,-20.5761485002,-47.8731344996,CHOQUE,CHOQUE-OBJETO NA PISTA,OBJETO NA PISTA,1,0,0,0,0,CAMINHÃO=1,SÃO JOAQUIM DA BARRA,FRANCA,RIBEIRÃO PRETO,ESTADUAL
2020-02-19,21:06:00,L01-AUTOBAN,SP330,76.0,NORTE,-23.060072,-46.994586,ATROPELAMENTO DE ANIMAL,ATROP. ANIMAL,NÃO INFORMADO,0,0,0,0,0,UTILITÁRIO=1,VINHEDO,CAMPINAS,CAMPINAS,ESTADUAL
2020-02-19,22:30:00,L06-INTERVIAS,SP330,209.1,NORTE,-22.00844002,-47.44210052,TOMBAMENTO,TOMBAMENTO,ESTOURO/FURO DE PNEU,0,1,0,0,0,CAMINHÃO=1,PIRASSUNUNGA,CAMPINAS,RIO CLARO,ESTADUAL
2020-02-19,23:19:00,L01-AUTOBAN,SP330,121.8,NORTE,-22.74489579,-47.2668886,TOMBAMENTO,TOMBAMENTO-MOTO,NÃO INFORMADO,0,1,0,0,0,MOTO=1|ÔNIBUS=1,AMERICANA,CAMPINAS,RIO CLARO,ESTADUAL
2020-02-19,23:24:00,L01-AUTOBAN,SP330,70.8,SUL,-23.09946256,-46.96703555,CHOQUE,CHOQUE-OBJETO NA PISTA,NÃO INFORMADO,0,1,0,0,0,MOTO=1,LOUVEIRA,CAMPINAS,CAMPINAS,ESTADUAL
2020-02-20,06:29:00,L01-AUTOBAN,SP330,37.0,SUL,-23.351265,-46.846862,COLISÃO,COLISÃO-FRONTAL,NÃO INFORMADO,0,2,0,0,0,AUTOMÓVEL=2,CAJAMAR,REG. METROPOLITANA SÃO PAULO,SÃO PAULO,ESTADUAL
2020-02-20,08:17:00,L01-AUTOBAN,SP330,148.0,SUL,-22.545538,-47.37616,COLISÃO,COLISÃO-TRASEIRA,NÃO INFORMADO,0,0,1,0,0,MOTO=1|UTILITÁRIO=1,LIMEIRA,CAMPINAS,RIO CLARO,ESTADUAL
2020-02-20,08:39:00,L01-AUTOBAN,SP330,61.5,SUL,-23.17205945,-46.92265838,ENGAVETAMENTO,ENGAVETAMENTO,NÃO INFORMADO,1,1,1,0,0,AUTOMÓVEL=3|UTILITÁRIO=1,JUNDIAÍ,CAMPINAS,CAMPINAS,ESTADUAL
2020-02-20,10:45:00,L01-AUTOBAN,SP330,152.1,NORTE,-22.51286264,-47.39573409,CHOQUE,CHOQUE-DEFENSA METÁLICA,NÃO INFORMADO,0,1,0,0,0,AUTOMÓVEL=1,LIMEIRA,CAMPINAS,RIO CLARO,ESTADUAL
2020-02-20,11:48:00,L28-ENTREVIAS,SP330,394.9,SUL,-20.4696654068,-47.8395651557,CHOQUE,CHOQUE-DEFENSA METÁLICA,PANE MECÂNICA/ELÉTRICA,1,0,0,0,0,CAMINHÃO=1,GUARÁ,FRANCA,RIBEIRÃO PRETO,ESTADUAL
2020-02-20,14:15:00,L29-VIAPAULISTA,SP330,256.0,NORTE,-21.6313076,-47.61341476,OBJETO LANÇADO CONTRA O VEÍCULO,OBJETO LANÇADO CONTRA VEÍCULO,OBRAS,2,0,0,0,0,CAMINHÃO=1,SANTA RITA DO PASSA QUATRO,CENTRAL,RIBEIRÃO PRETO,ESTADUAL
2020-02-20,14:16:00,L01-AUTOBAN,SPM330E,93.48,SUL,-22.92747676,-47.08297235,CHOQUE,CHOQUE-VEÍCULO PARADO NA PISTA,NÃO INFORMADO,0,0,1,0,0,AUTOMÓVEL=1|CAMINHÃO=1,CAMPINAS,CAMPINAS,CAMPINAS,ESTADUAL
2020-02-20,17:31:00,L01-AUTOBAN,SP330,21.0,NORTE,-23.46071206,-46.78140521,COLISÃO,COLISÃO-TRASEIRA,NÃO INFORMADO,0,1,0,0,0,CAMINHÃO=1|MOTO=1,SÃO PAULO,REG. METROPOLITANA SÃO PAULO,SÃO PAULO,ESTADUAL
2020-02-21,00:39:00,L01-AUTOBAN,SP330,62.0,NORTE,-23.16861715,-46.92652881,COLISÃO,COLISÃO-TRASEIRA,NÃO INFORMADO,0,2,0,0,0,AUTOMÓVEL=2|NÃO INFORMADO=1,JUNDIAÍ,CAMPINAS,CAMPINAS,ESTADUAL
2020-02-21,02:28:00,L29-VIAPAULISTA,SP330,286.5,NORTE,-21.38238335,-47.7033577,COLISÃO,COLISÃO-LATERAL,IMPRUD. CONDUTOR-DORMIR AO VOLANTE,2,0,0,0,0,AUTOMÓVEL=1|CAMINHÃO=1,CRAVINHOS,RIBEIRÃO PRETO,RIBEIRÃO PRETO,ESTADUAL
2020-02-21,06:30:00,L28-ENTREVIAS,SPA327/330,2.246,LESTE,-21.0400131094,-47.8034834563,ATROPELAMENTO DE ANIMAL,ATROP. ANIMAL-DOMÉSTICO GRANDE PORTE,ANIMAL NA RODOVIA,2,0,0,0,0,AUTOMÓVEL=2,JARDINÓPOLIS,RIBEIRÃO PRETO,RIBEIRÃO PRETO,ESTADUAL
2020-02-21,06:46:00,L01-AUTOBAN,SP330,13.36,SUL,-23.50780432,-46.74364142,TOMBAMENTO,TOMBAMENTO-MOTO,NÃO INFORMADO,0,1,0,0,0,MOTO=1,SÃO PAULO,REG. METROPOLITANA SÃO PAULO,SÃO PAULO,ESTADUAL
2020-02-21,06:55:00,L01-AUTOBAN,SP330,103.6,NORTE,-22.85896185,-47.14487742,COLISÃO,COLISÃO-LATERAL,NÃO INFORMADO,0,1,0,0,0,AUTOMÓVEL=2|CAMINHÃO=1,CAMPINAS,CAMPINAS,CAMPINAS,ESTADUAL
2020-02-21,07:18:00,L29-VIAPAULISTA,SP330,307.0,SUL,-21.21128464,-47.75865936,COLISÃO,COLISÃO-LATERAL,IMPRUD. CONDUTOR,2,0,0,0,0,AUTOMÓVEL=1|CAMINHÃO=1,RIBEIRÃO PRETO,RIBEIRÃO PRETO,RIBEIRÃO PRETO,ESTADUAL
2020-02-21,07:36:00,L29-VIAPAULISTA,SP330,306.9,SUL,-21.21219063,-47.75870895,CHOQUE,"CHOQUE - DEFENSA, BARREIRA OU ""SUBMARINO""",PANE MECÂNICA/ELÉTRICA,1,0,0,0,0,AUTOMÓVEL=1,RIBEIRÃO PRETO,RIBEIRÃO PRETO,RIBEIRÃO PRETO,ESTADUAL
2020-02-21,08:06:00,L29-VIAPAULISTA,SP330,317.0,SUL,-21.12443161,-47.7719574,COLISÃO,COLISÃO-TRASEIRA,IMPRUD. CONDUTOR-FREADA BRUSCA,2,0,0,0,0,AUTOMÓVEL=1|CAMINHÃO=1,RIBEIRÃO PRETO,RIBEIRÃO PRETO,RIBEIRÃO PRETO,ESTADUAL
2020-02-21,08:40:00,L01-AUTOBAN,SP330,143.0,NORTE,-22.58756475,-47.36743569,COLISÃO,COLISÃO-TRASEIRA,NÃO INFORMADO,0,0,0,0,0,AUTOMÓVEL=1|CAMINHÃO=1,LIMEIRA,CAMPINAS,RIO CLARO,ESTADUAL
2020-02-21,09:09:00,L29-VIAPAULISTA,SP330,315.0,SUL,-21.1398716,-47.76180649,COLISÃO,COLISÃO-TRASEIRA,IMPRUD. CONDUTOR-FREADA BRUSCA,1,0,0,0,0,AUTOMÓVEL=1|NÃO INFORMADO=1,RIBEIRÃO PRETO,RIBEIRÃO PRETO,RIBEIRÃO PRETO,ESTADUAL
2020-02-21,11:26:00,L06-INTERVIAS,SP330,160.0,SUL,-22.44239998,-47.39780045,COLISÃO,COLISÃO-LATERAL,IMPRUD. CONDUTOR,0,0,0,0,0,CAMINHÃO=2,CORDEIRÓPOLIS,CAMPINAS,RIO CLARO,ESTADUAL
2020-02-21,12:10:00,L01-AUTOBAN,SP330,122.6,SUL,-22.74066866,-47.27329766,CHOQUE,CHOQUE-VEÍCULO PARADO NA PISTA,NÃO INFORMADO,1,1,0,0,0,AUTOMÓVEL=2,AMERICANA,CAMPINAS,RIO CLARO,ESTADUAL
2020-02-21,14:10:00,L01-AUTOBAN,SPM330D,17.0,NORTE,-23.49032799,-46.76676035,COLISÃO,COLISÃO-TRASEIRA,NÃO INFORMADO,0,0,0,0,0,AUTOMÓVEL=1|CARRETA=1,SÃO PAULO,REG. METROPOLITANA SÃO PAULO,SÃO PAULO,ESTADUAL
2020-02-21,14:58:00,L01-AUTOBAN,SP330,106.8,NORTE,-22.84086335,-47.16947484,TOMBAMENTO,TOMBAMENTO-MOTO,NÃO INFORMADO,0,2,0,0,0,MOTO=1,SUMARÉ,CAMPINAS,CAMPINAS,ESTADUAL
2020-02-21,15:03:00,L01-AUTOBAN,SP330,53.0,NORTE,-23.230639,-46.87295,COLISÃO,COLISÃO-TRASEIRA,NÃO INFORMADO,0,0,0,0,0,AUTOMÓVEL=1,JUNDIAÍ,CAMPINAS,CAMPINAS,ESTADUAL
2020-02-21,16:01:00,L01-AUTOBAN,SP330,124.64,SUL,-22.73056764,-47.28982415,CHOQUE,CHOQUE-VEÍCULO PARADO NA PISTA,NÃO INFORMADO,0,1,0,0,0,AUTOMÓVEL=2,AMERICANA,CAMPINAS,RIO CLARO,ESTADUAL
2020-02-21,16:25:00,L01-AUTOBAN,SP330,61.2,NORTE,-23.17395912,-46.91997135,ENGAVETAMENTO,ENGAVETAMENTO,NÃO INFORMADO,0,0,0,0,0,AUTOMÓVEL=1|CAMINHÃO=1|CARRETA=1,JUNDIAÍ,CAMPINAS,CAMPINAS,ESTADUAL
2020-02-21,16:46:00,L01-AUTOBAN,SP330,114.9,NORTE,-22.79305017,-47.2256552,CHOQUE,CHOQUE-DEFENSA METÁLICA,NÃO INFORMADO,0,1,0,0,0,UTILITÁRIO=1,SUMARÉ,CAMPINAS,CAMPINAS,ESTADUAL
2020-02-21,17:04:00,L01-AUTOBAN,SP330,152.0,NORTE,-22.51368188,-47.39537895,CHOQUE,CHOQUE-BARREIRA DE CONCRETO,NÃO INFORMADO,0,0,0,0,0,AUTOMÓVEL=1,LIMEIRA,CAMPINAS,RIO CLARO,ESTADUAL
2020-02-21,17:11:00,L01-AUTOBAN,SP330,81.7,NORTE,-23.01549659,-47.02130036,COLISÃO,COLISÃO-TRASEIRA,NÃO INFORMADO,0,0,0,0,0,AUTOMÓVEL=1|VAN/PERUA=1,VALINHOS,CAMPINAS,CAMPINAS,ESTADUAL
2020-02-21,17:19:00,L01-AUTOBAN,SP330,114.0,NORTE,-22.80051426,-47.22180247,ENGAVETAMENTO,ENGAVETAMENTO,NÃO INFORMADO,0,0,0,0,0,AUTOMÓVEL=1|NÃO INFORMADO=2,SUMARÉ,CAMPINAS,CAMPINAS,ESTADUAL
2020-02-21,17:46:00,L01-AUTOBAN,SP330,109.86,SUL,-22.82362522,-47.191348,CHOQUE,"CHOQUE-CERCAS, ALAMBRADOS, MOURÃO",NÃO INFORMADO,0,0,0,0,0,AUTOMÓVEL=1,SUMARÉ,CAMPINAS,CAMPINAS,ESTADUAL
2020-02-21,17:55:00,L01-AUTOBAN,SP330,92.6,NORTE,-22.93187649,-47.07593428,COLISÃO,COLISÃO-TRASEIRA,NÃO INFORMADO,0,2,0,0,0,AUTOMÓVEL=2,CAMPINAS,CAMPINAS,CAMPINAS,ESTADUAL
2020-02-21,18:14:00,L01-AUTOBAN,SP330,81.0,NORTE,-23.02113008,-47.01787949,COLISÃO,COLISÃO-LATERAL,NÃO INFORMADO,0,0,0,0,0,AUTOMÓVEL=1|MOTO=1,VALINHOS,CAMPINAS,CAMPINAS,ESTADUAL
2020-02-21,18:25:00,L29-VIAPAULISTA,SPA307/330,2.8,OESTE,-21.19047165,-47.78022003,COLISÃO,COLISÃO-LATERAL,IMPRUD. CONDUTOR,1,1,0,0,0,AUTOMÓVEL=1|MOTO=1,RIBEIRÃO PRETO,RIBEIRÃO PRETO,RIBEIRÃO PRETO,ESTADUAL
2020-02-21,18:48:00,L01-AUTOBAN,SP330,21.85,SUL,-23.45422875,-46.78586653,CHOQUE,CHOQUE-BARREIRA DE CONCRETO,NÃO INFORMADO,0,1,0,0,0,AUTOMÓVEL=1,SÃO PAULO,REG. METROPOLITANA SÃO PAULO,SÃO PAULO,ESTADUAL
2020-02-21,22:33:00,L29-VIAPAULISTA,SP330,281.0,NORTE,-21.41406631,-47.66450119,CHOQUE,CHOQUE-CANCELA DE PEDÁGIO-AVI,FALHA DE EQUIP. PEDÁGIO-PISTA AVI,3,0,0,0,0,AUTOMÓVEL=1,SÃO SIMÃO,RIBEIRÃO PRETO,RIBEIRÃO PRETO,ESTADUAL
2020-02-21,22:47:00,L29-VIAPAULISTA,SP330,245.4,SUL,-21.72322464,-47.5879364,CHOQUE,"CHOQUE - DEFENSA, BARREIRA OU ""SUBMARINO""",IMPRUD. CONDUTOR-PERDA DE CONTROLE,1,0,0,0,0,AUTOMÓVEL=1,SANTA RITA DO PASSA QUATRO,CENTRAL,RIBEIRÃO PRETO,ESTADUAL
2020-02-22,00:19:00,L01-AUTOBAN,SP330,128.63,NORTE,-22.69933124,-47.30714841,COLISÃO,COLISÃO-TRASEIRA,NÃO INFORMADO,3,5,2,1,2,BITREM/CVC=1|VAN/PERUA=1,AMERICANA,CAMPINAS,RIO CLARO,ESTADUAL
2020-02-22,03:00:00,L01-AUTOBAN,SP330,83.5,NORTE,-23.00160199,-47.03047514,TOMBAMENTO,TOMBAMENTO-MOTO,NÃO INFORMADO,0,2,0,0,0,MOTO=1,VALINHOS,CAMPINAS,CAMPINAS,ESTADUAL
2020-02-22,06:25:00,L01-AUTOBAN,SPM330D,98.6,NORTE,-22.89098797,-47.1122514,COLISÃO,COLISÃO-LATERAL,NÃO INFORMADO,0,1,1,0,0,MOTO=2,CAMPINAS,CAMPINAS,CAMPINAS,ESTADUAL
2020-02-22,06:52:00,L01-AUTOBAN,SP330,129.15,SUL,-22.69566979,-47.30974941,COLISÃO,COLISÃO-LATERAL,NÃO INFORMADO,0,0,0,0,0,AUTOMÓVEL=1|MICRO-ÔNIBUS=1,AMERICANA,CAMPINAS,RIO CLARO,ESTADUAL
2020-02-22,10:56:00,L01-AUTOBAN,SP330,21.0,NORTE,-23.46071206,-46.78140521,COLISÃO,COLISÃO-TRASEIRA,NÃO INFORMADO,0,0,0,0,0,AUTOMÓVEL=2,SÃO PAULO,REG. METROPOLITANA SÃO PAULO,SÃO PAULO,ESTADUAL
2020-02-22,11:09:00,L01-AUTOBAN,SP330,103.0,NORTE,-22.86219711,-47.13924408,ENGAVETAMENTO,ENGAVETAMENTO,NÃO INFORMADO,0,2,0,0,0,AUTOMÓVEL=2|MOTO=1|UTILITÁRIO=1,CAMPINAS,CAMPINAS,CAMPINAS,ESTADUAL
2020-02-22,11:39:00,L01-AUTOBAN,SPM330D,110.33,NORTE,-22.82103385,-47.19553428,COLISÃO,COLISÃO-TRASEIRA,NÃO INFORMADO,0,0,0,1,0,AUTOMÓVEL=1|MOTO=1,SUMARÉ,CAMPINAS,CAMPINAS,ESTADUAL
2020-02-22,11:55:00,L01-AUTOBAN,SP330,100.5,NORTE,-22.87707221,-47.12116331,COLISÃO,COLISÃO-TRASEIRA,NÃO INFORMADO,0,0,0,0,0,AUTOMÓVEL=1|NÃO INFORMADO=1,CAMPINAS,CAMPINAS,CAMPINAS,ESTADUAL
2020-02-22,13:29:00,L01-AUTOBAN,SP330,34.0,NORTE,-23.37569,-46.840102,CAPOTAMENTO,CAPOTAMENTO,NÃO INFORMADO,0,0,0,0,0,VAN/PERUA=1,CAJAMAR,REG. METROPOLITANA SÃO PAULO,SÃO PAULO,ESTADUAL
2020-02-22,15:32:00,L01-AUTOBAN,SP330,102.1,NORTE,-22.86684592,-47.13283734,ENGAVETAMENTO,ENGAVETAMENTO,NÃO INFORMADO,0,1,0,0,0,AUTOMÓVEL=3|UTILITÁRIO=2,CAMPINAS,CAMPINAS,CAMPINAS,ESTADUAL
2020-02-22,16:43:00,L01-AUTOBAN,SPM330E,103.5,SUL,-22.85980053,-47.14410191,TOMBAMENTO,TOMBAMENTO,NÃO INFORMADO,0,0,1,0,0,MOTO=1,CAMPINAS,CAMPINAS,CAMPINAS,ESTADUAL
2020-02-22,23:00:00,L29-VIAPAULISTA,SP330,313.8,NORTE,-21.14924812,-47.75807571,COLISÃO,COLISÃO-TRANSVERSAL,IMPRUD. CONDUTOR-DESRESPEITO À SINALIZAÇÃO,1,1,0,0,0,AUTOMÓVEL=1|BICICLETA=1,RIBEIRÃO PRETO,RIBEIRÃO PRETO,RIBEIRÃO PRETO,ESTADUAL
2020-02-23,05:48:00,L29-VIAPAULISTA,SP330,246.0,NORTE,-21.71832085,-47.5893364,CHOQUE,CHOQUE-SINALIZAÇÃO,IMPRUD. CONDUTOR-PERDA DE CONTROLE,0,1,0,0,0,AUTOMÓVEL=1,SANTA RITA DO PASSA QUATRO,CENTRAL,RIBEIRÃO PRETO,ESTADUAL
2020-02-23,06:14:00,L06-INTERVIAS,SP330,181.76,SUL,-22.24903679,-47.39083481,CHOQUE,CHOQUE-VEÍCULO PARADO NA PISTA,FALHA DE EQUIP. PEDÁGIO-PISTA AVI,3,0,0,0,0,CAMINHÃO=1|ÔNIBUS=1,LEME,CAMPINAS,RIO CLARO,ESTADUAL
2020-02-23,08:11:00,L29-VIAPAULISTA,SP330,311.8,NORTE,-21.16711998,-47.75621414,CHOQUE,"CHOQUE - DEFENSA, BARREIRA OU ""SUBMARINO""",IMPRUD. CONDUTOR-PERDA DE CONTROLE,0,0,0,0,0,AUTOMÓVEL=1,RIBEIRÃO PRETO,RIBEIRÃO PRETO,RIBEIRÃO PRETO,ESTADUAL
2020-02-23,11:51:00,L06-INTERVIAS,SP330,164.0,SUL,-22.40710068,-47.3893013,CHOQUE,CHOQUE-SINALIZAÇÃO,IMPRUD. CONDUTOR-LEVOU FECHADA,1,0,0,0,0,AUTOMÓVEL=1,ARARAS,CAMPINAS,RIO CLARO,ESTADUAL
2020-02-23,12:54:00,L01-AUTOBAN,SP330,117.65,SUL,-22.7711782,-47.23929875,CHOQUE,CHOQUE-PRAÇA MANUAL-(ENTRE VEÍCULOS),NÃO INFORMADO,0,1,0,0,0,AUTOMÓVEL=2,NOVA ODESSA,CAMPINAS,RIO CLARO,ESTADUAL
2020-02-23,17:01:00,L28-ENTREVIAS,SP330,330.0,SUL,-21.0213162542,-47.8399548404,COLISÃO,COLISÃO-TRASEIRA,IMPRUD. CONDUTOR-FALTA DE ATENÇÃO,1,0,1,0,0,AUTOMÓVEL=1|MOTOCICLETA / MOTONETA=1,JARDINÓPOLIS,RIBEIRÃO PRETO,RIBEIRÃO PRETO,ESTADUAL
2020-02-23,17:54:00,L01-AUTOBAN,SP330,22.3,NORTE,-23.45042188,-46.78660816,ATROPELAMENTO DE ANIMAL,ATROP. ANIMAL,NÃO INFORMADO,0,0,0,0,0,AUTOMÓVEL=1,SÃO PAULO,REG. METROPOLITANA SÃO PAULO,SÃO PAULO,ESTADUAL
2020-02-23,21:08:00,L01-AUTOBAN,SPM330D,114.0,NORTE,-22.80051426,-47.22180247,ATROPELAMENTO DE ANIMAL,ATROP. ANIMAL,NÃO INFORMADO,0,0,0,0,0,AUTOMÓVEL=1,SUMARÉ,CAMPINAS,CAMPINAS,ESTADUAL
2020-02-23,23:07:00,L01-AUTOBAN,SPM330E,19.16,SUL,-23.47294341,-46.77365448,COLISÃO,COLISÃO-TRASEIRA,NÃO INFORMADO,0,0,1,0,0,AUTOMÓVEL=2,OSASCO,REG. METROPOLITANA SÃO PAULO,SÃO PAULO,ESTADUAL
2020-02-24,03:09:00,L01-AUTOBAN,SP330,23.6,SUL,-23.44369418,-46.78701596,COLISÃO,COLISÃO-LATERAL,NÃO INFORMADO,0,3,1,0,0,AUTOMÓVEL=2,SÃO PAULO,REG. METROPOLITANA SÃO PAULO,SÃO PAULO,ESTADUAL
2020-02-24,12:41:00,L01-AUTOBAN,SPM330E,17.0,SUL,-23.48999344,-46.76707149,CHOQUE,CHOQUE-ELEMENTO DE DRENAGEM,NÃO INFORMADO,0,0,0,0,0,AUTOMÓVEL=1,SÃO PAULO,REG. METROPOLITANA SÃO PAULO,SÃO PAULO,ESTADUAL
2020-02-24,12:52:00,L06-INTERVIAS,SP330,198.3,SUL,-22.10242081,-47.41469955,CHOQUE,"CHOQUE - DEFENSA, BARREIRA OU ""SUBMARINO""",IMPRUD. CONDUTOR-PERDA DE CONTROLE,1,0,0,0,0,CAMINHONETE=1,SANTA CRUZ DA CONCEIÇÃO,CAMPINAS,RIO CLARO,ESTADUAL
2020-02-24,13:23:00,L01-AUTOBAN,SP330,118.48,NORTE,-22.76615451,-47.24415045,CAPOTAMENTO,CAPOTAMENTO,NÃO INFORMADO,0,0,0,0,0,AUTOMÓVEL=1|NÃO INFORMADO=1|UTILITÁRIO=1,NOVA ODESSA,CAMPINAS,RIO CLARO,ESTADUAL
2020-02-24,15:29:00,L01-AUTOBAN,SP330,71.0,NORTE,-23.09752144,-46.96808696,COLISÃO,COLISÃO-TRASEIRA,NÃO INFORMADO,0,0,0,0,0,UTILITÁRIO=2,LOUVEIRA,CAMPINAS,CAMPINAS,ESTADUAL
2020-02-24,17:04:00,L01-AUTOBAN,SP330,59.841,NORTE,-23.18226105,-46.91068228,CHOQUE,CHOQUE-BARREIRA DE CONCRETO,NÃO INFORMADO,0,0,0,0,0,AUTOMÓVEL=1,JUNDIAÍ,CAMPINAS,CAMPINAS,ESTADUAL
2020-02-24,17:48:00,L01-AUTOBAN,SP330,38.0,NORTE,-23.34492536,-46.84092879,COLISÃO,COLISÃO-LATERAL,NÃO INFORMADO,0,0,0,0,0,AUTOMÓVEL=2,CAJAMAR,REG. METROPOLITANA SÃO PAULO,SÃO PAULO,ESTADUAL
2020-02-24,18:16:00,L01-AUTOBAN,SP330,51.7,SUL,-23.24264289,-46.86821008,CHOQUE,CHOQUE-TALUDE OU BARRANCO,NÃO INFORMADO,0,1,0,0,0,AUTOMÓVEL=1,JUNDIAÍ,CAMPINAS,CAMPINAS,ESTADUAL
2020-02-24,19:32:00,L01-AUTOBAN,SP330,18.7,SUL,-23.4762559,-46.77218914,CHOQUE,CHOQUE-BARREIRA DE CONCRETO,NÃO INFORMADO,0,0,0,0,0,AUTOMÓVEL=1,OSASCO,REG. METROPOLITANA SÃO PAULO,SÃO PAULO,ESTADUAL
2020-02-24,23:58:00,L29-VIAPAULISTA,SP330,285.0,NORTE,-21.39261436,-47.69401932,TOMBAMENTO,TOMBAMENTO,IMPRUD. CONDUTOR-DORMIR AO VOLANTE,1,0,0,0,0,CAMINHÃO=1,CRAVINHOS,RIBEIRÃO PRETO,RIBEIRÃO PRETO,ESTADUAL
2020-02-25,03:53:00,L01-AUTOBAN,SP330,82.3,SUL,-23.01111748,-47.02471538,COLISÃO,COLISÃO-TRASEIRA,NÃO INFORMADO,0,1,0,0,0,AUTOMÓVEL=1|VIATURA CONCESSIONÁRIA=1,VALINHOS,CAMPINAS,CAMPINAS,ESTADUAL
2020-02-25,10:59:00,L06-INTERVIAS,SP330,229.0,SUL,-21.83600044,-47.49539948,OBJETO LANÇADO CONTRA O VEÍCULO,OBJETO LANÇADO CONTRA VEÍCULO,OBJETO LANÇADO,4,0,0,0,0,AUTOMÓVEL=1,PORTO FERREIRA,CENTRAL,RIO CLARO,ESTADUAL
2020-02-25,12:55:00,L01-AUTOBAN,SP330,25.4,SUL,-23.42431014,-46.79031775,TOMBAMENTO,TOMBAMENTO-MOTO,NÃO INFORMADO,0,2,0,0,0,MOTO=1,SÃO PAULO,REG. METROPOLITANA SÃO PAULO,SÃO PAULO,ESTADUAL
2020-02-25,13:56:00,L01-AUTOBAN,SP330,152.4,NORTE,-22.5104052,-47.39679942,CHOQUE,CHOQUE-PRAÇA MANUAL-(ENTRE VEÍCULOS),NÃO INFORMADO,0,0,0,0,0,AUTOMÓVEL=1|UTILITÁRIO=1,CORDEIRÓPOLIS,CAMPINAS,RIO CLARO,ESTADUAL
2020-02-25,14:34:00,L01-AUTOBAN,SP330,71.0,SUL,-23.09783725,-46.96810305,COLISÃO,COLISÃO-LATERAL,NÃO INFORMADO,1,1,0,0,0,AUTOMÓVEL=1|MOTO=1,LOUVEIRA,CAMPINAS,CAMPINAS,ESTADUAL
2020-02-25,15:27:00,L01-AUTOBAN,SP330,103.8,NORTE,-22.85788341,-47.14675524,TOMBAMENTO,TOMBAMENTO,NÃO INFORMADO,0,2,0,0,0,MOTO=1,CAMPINAS,CAMPINAS,CAMPINAS,ESTADUAL
2020-02-25,20:52:00,L29-VIAPAULISTA,SP330,289.5,SUL,-21.36153412,-47.72043228,ATROPELAMENTO DE ANIMAL,ATROP. ANIMAL,ANIMAL NA RODOVIA,2,0,0,0,0,AUTOMÓVEL=1,CRAVINHOS,RIBEIRÃO PRETO,RIBEIRÃO PRETO,ESTADUAL
2020-02-25,21:38:00,L01-AUTOBAN,SP330,105.65,NORTE,-22.84832895,-47.16149387,COLISÃO,COLISÃO-TRASEIRA,NÃO INFORMADO,0,2,0,0,0,AUTOMÓVEL=2,SUMARÉ,CAMPINAS,CAMPINAS,ESTADUAL
2020-02-25,22:07:00,L01-AUTOBAN,SPM330D,25.0,NORTE,-23.426127,-46.787542,CHOQUE,CHOQUE-TALUDE OU BARRANCO,NÃO INFORMADO,0,0,0,0,0,AUTOMÓVEL=1,SÃO PAULO,REG. METROPOLITANA SÃO PAULO,SÃO PAULO,ESTADUAL
2020-02-25,22:31:00,L01-AUTOBAN,SPM330D,111.67,NORTE,-22.81503093,-47.20658269,CHOQUE,CHOQUE-DEFENSA METÁLICA,NÃO INFORMADO,0,1,0,0,0,AUTOMÓVEL=1,SUMARÉ,CAMPINAS,CAMPINAS,ESTADUAL
2020-02-26,01:49:00,L01-AUTOBAN,SP330,85.21,SUL,-22.98833418,-47.03996592,ATROPELAMENTO DE ANIMAL,ATROP. ANIMAL,NÃO INFORMADO,0,2,0,0,0,VAN/PERUA=1,VALINHOS,CAMPINAS,CAMPINAS,ESTADUAL
2020-02-26,05:25:00,L01-AUTOBAN,SP330,15.2,SUL,-23.4987869,-46.75552404,CHOQUE,CHOQUE-BARREIRA DE CONCRETO,NÃO INFORMADO,0,2,0,0,0,AUTOMÓVEL=2,SÃO PAULO,REG. METROPOLITANA SÃO PAULO,SÃO PAULO,ESTADUAL
2020-02-26,06:32:00,L01-AUTOBAN,SP330,65.0,NORTE,-23.14439004,-46.93929613,CAPOTAMENTO,CAPOTAMENTO,NÃO INFORMADO,0,0,0,0,0,AUTOMÓVEL=1,JUNDIAÍ,CAMPINAS,CAMPINAS,ESTADUAL
2020-02-26,08:31:00,L29-VIAPAULISTA,SP330,307.4,NORTE,-21.20677185,-47.75828552,CHOQUE,"CHOQUE - DEFENSA, BARREIRA OU ""SUBMARINO""",IMPRUD. CONDUTOR-PERDA DE CONTROLE,1,0,0,0,0,AUTOMÓVEL=1,RIBEIRÃO PRETO,RIBEIRÃO PRETO,RIBEIRÃO PRETO,ESTADUAL
2020-02-26,10:54:00,L01-AUTOBAN,SPI102/330,1.0,SUL,-22.87259184,-47.13185728,CHOQUE,CHOQUE-BARREIRA DE CONCRETO,NÃO INFORMADO,0,0,0,0,0,AUTOMÓVEL=1,CAMPINAS,CAMPINAS,CAMPINAS,ESTADUAL
2020-02-26,11:44:00,L01-AUTOBAN,SP330,98.0,SUL,-22.89624517,-47.11095214,CHOQUE,CHOQUE-BARREIRA DE CONCRETO,NÃO INFORMADO,0,1,0,0,0,AUTOMÓVEL=1,CAMPINAS,CAMPINAS,CAMPINAS,ESTADUAL
2020-02-26,12:31:00,L01-AUTOBAN,SP330,91.0,NORTE,-22.942859,-47.066539,CHOQUE,CHOQUE-DEFENSA METÁLICA,NÃO INFORMADO,0,0,0,0,0,UTILITÁRIO=1,CAMPINAS,CAMPINAS,CAMPINAS,ESTADUAL
2020-02-26,16:56:00,L06-INTERVIAS,SP330,212.0,SUL,-21.98360062,-47.45090103,CAPOTAMENTO,CAPOTAMENTO,CONDIÇÃO CLIMÁTICA,1,0,0,0,0,AUTOMÓVEL=1,PIRASSUNUNGA,CAMPINAS,RIO CLARO,ESTADUAL
2020-02-26,17:36:00,L01-AUTOBAN,SP330,62.2,SUL,-23.16722733,-46.92767573,CHOQUE,CHOQUE-VEÍCULO PARADO NA PISTA,NÃO INFORMADO,0,2,0,0,0,AUTOMÓVEL=2,JUNDIAÍ,CAMPINAS,CAMPINAS,ESTADUAL
2020-02-26,17:48:00,L29-VIAPAULISTA,SP330,269.5,NORTE,-21.51278305,-47.64248657,CHOQUE,"CHOQUE - DEFENSA, BARREIRA OU ""SUBMARINO""",CONDIÇÃO CLIMÁTICA,1,0,0,0,0,AUTOMÓVEL=1,SÃO SIMÃO,RIBEIRÃO PRETO,RIBEIRÃO PRETO,ESTADUAL
2020-02-26,17:53:00,L01-AUTOBAN,SP330,102.9,NORTE,-22.86271363,-47.13853223,CHOQUE,CHOQUE-BARREIRA DE CONCRETO,NÃO INFORMADO,0,0,0,0,0,AUTOMÓVEL=2|MOTO=1,CAMPINAS,CAMPINAS,CAMPINAS,ESTADUAL
2020-02-26,18:20:00,L01-AUTOBAN,SP330,95.4,NORTE,-22.91639807,-47.09697784,COLISÃO,COLISÃO-TRASEIRA,NÃO INFORMADO,0,1,0,0,0,AUTOMÓVEL=1|MOTO=1,CAMPINAS,CAMPINAS,CAMPINAS,ESTADUAL
2020-02-26,19:17:00,L01-AUTOBAN,SP330,156.3,NORTE,-22.47586302,-47.39899135,CHOQUE,CHOQUE-TALUDE OU BARRANCO,NÃO INFORMADO,0,1,0,0,0,AUTOMÓVEL=1|CAMINHÃO=1,CORDEIRÓPOLIS,CAMPINAS,RIO CLARO,ESTADUAL
2020-02-26,20:22:00,L01-AUTOBAN,SP330,68.0,SUL,-23.12264012,-46.95444524,COLISÃO,COLISÃO-TRASEIRA,NÃO INFORMADO,0,3,0,0,0,AUTOMÓVEL=1|CAMINHÃO=1,JUNDIAÍ,CAMPINAS,CAMPINAS,ESTADUAL
2020-02-26,23:47:00,L01-AUTOBAN,SPM330D,104.0,NORTE,-22.856805,-47.148633,TOMBAMENTO,TOMBAMENTO,NÃO INFORMADO,0,1,0,0,0,AUTOMÓVEL=1,CAMPINAS,CAMPINAS,CAMPINAS,ESTADUAL
2020-02-27,00:24:00,L06-INTERVIAS,SP330,179.0,NORTE,-22.27370071,-47.39189911,CHOQUE,CHOQUE-OBJETO NA PISTA,OBJETO NA PISTA,2,0,0,0,0,AUTOMÓVEL=1,ARARAS,CAMPINAS,RIO CLARO,ESTADUAL
2020-02-27,01:24:00,L01-AUTOBAN,SP330,76.3,SUL,-23.05836418,-46.99606882,CHOQUE,CHOQUE-BARREIRA DE CONCRETO,NÃO INFORMADO,0,0,0,0,0,AUTOMÓVEL=1,VINHEDO,CAMPINAS,CAMPINAS,ESTADUAL
2020-02-27,04:13:00,L01-AUTOBAN,SP330,92.5,SUL,-22.93249565,-47.07510062,CHOQUE,CHOQUE-SINALIZAÇÃO,NÃO INFORMADO,0,0,0,0,0,VAN/PERUA=1,CAMPINAS,CAMPINAS,CAMPINAS,ESTADUAL
2020-02-27,05:19:00,L01-AUTOBAN,SP330,152.0,SUL,-22.51410806,-47.39560425,CHOQUE,"CHOQUE-PRAÇA AVI-(DEFENSA,ILHA,BARREIRA)",NÃO INFORMADO,0,0,0,0,0,BITREM/CVC=1,LIMEIRA,CAMPINAS,RIO CLARO,ESTADUAL
2020-02-27,09:13:00,L01-AUTOBAN,SP330,92.0,SUL,-22.9351263,-47.07110524,COLISÃO,COLISÃO-TRASEIRA,NÃO INFORMADO,0,0,0,0,0,AUTOMÓVEL=2,CAMPINAS,CAMPINAS,CAMPINAS,ESTADUAL
2020-02-27,12:25:00,L01-AUTOBAN,SP330,120.0,NORTE,-22.756649,-47.254609,TOMBAMENTO,TOMBAMENTO-MOTO,NÃO INFORMADO,0,0,1,0,0,MOTO=1,AMERICANA,CAMPINAS,RIO CLARO,ESTADUAL
2020-02-27,14:44:00,L29-VIAPAULISTA,SPA307/330,3.0,LESTE,-21.18923569,-47.78230286,OBJETO LANÇADO CONTRA O VEÍCULO,OBJETO LANÇADO CONTRA VEÍCULO,OBRAS,1,0,0,0,0,AUTOMÓVEL=1,RIBEIRÃO PRETO,RIBEIRÃO PRETO,RIBEIRÃO PRETO,ESTADUAL
2020-02-27,16:29:00,L29-VIAPAULISTA,SP330,276.3,SUL,-21.45277214,-47.64628601,OBJETO LANÇADO CONTRA O VEÍCULO,OBJETO LANÇADO CONTRA VEÍCULO,OBRAS,1,0,0,0,0,CAMINHÃO=1,SÃO SIMÃO,RIBEIRÃO PRETO,RIBEIRÃO PRETO,ESTADUAL
2020-02-28,02:02:00,L29-VIAPAULISTA,SP330,262.4,NORTE,-21.57573891,-47.62948227,CHOQUE,CHOQUE-OBJETO NA PISTA,OBJETO NA PISTA,1,0,0,0,0,AUTOMÓVEL=1,SÃO SIMÃO,RIBEIRÃO PRETO,RIBEIRÃO PRETO,ESTADUAL
2020-02-28,07:36:00,L01-AUTOBAN,SPM330D,57.6,NORTE,-23.20051404,-46.90185463,CHOQUE,CHOQUE-TALUDE OU BARRANCO,NÃO INFORMADO,0,0,0,0,0,AUTOMÓVEL=1,JUNDIAÍ,CAMPINAS,CAMPINAS,ESTADUAL
2020-02-28,07:44:00,L01-AUTOBAN,SP330,120.8,SUL,-22.75148521,-47.26040377,COLISÃO,COLISÃO-LATERAL,NÃO INFORMADO,0,0,0,0,0,AUTOMÓVEL=1|CARRETA=1,AMERICANA,CAMPINAS,RIO CLARO,ESTADUAL
2020-02-28,13:27:00,L01-AUTOBAN,SP330,115.0,NORTE,-22.79222084,-47.22608328,CHOQUE,CHOQUE-BARREIRA DE CONCRETO,NÃO INFORMADO,0,0,0,0,0,AUTOMÓVEL=1,SUMARÉ,CAMPINAS,CAMPINAS,ESTADUAL
2020-02-28,15:07:00,L01-AUTOBAN,SP330,109.7,NORTE,-22.82408272,-47.18989918,CHOQUE,CHOQUE-MEIO FIO/CALÇAMENTO,NÃO INFORMADO,0,0,0,0,0,AUTOMÓVEL=1,SUMARÉ,CAMPINAS,CAMPINAS,ESTADUAL
2020-02-28,16:18:00,L01-AUTOBAN,SP330,102.8,NORTE,-22.86323016,-47.13782038,COLISÃO,COLISÃO-LATERAL,NÃO INFORMADO,0,0,0,0,0,BITREM/CVC=1|CAMINHÃO=1,CAMPINAS,CAMPINAS,CAMPINAS,ESTADUAL
2020-02-28,22:44:00,L01-AUTOBAN,SP330,27.42,SUL,-23.41403282,-46.80661014,CAPOTAMENTO,CAPOTAMENTO,NÃO INFORMADO,0,1,0,0,0,AUTOMÓVEL=1,SÃO PAULO,REG. METROPOLITANA SÃO PAULO,SÃO PAULO,ESTADUAL
2020-02-29,03:19:00,L01-AUTOBAN,SP330,98.0,NORTE,-22.89587453,-47.11074829,CHOQUE,CHOQUE-BARREIRA DE CONCRETO,NÃO INFORMADO,0,0,0,0,0,AUTOMÓVEL=1,CAMPINAS,CAMPINAS,CAMPINAS,ESTADUAL
2020-02-29,04:31:00,L01-AUTOBAN,SP330,58.7,SUL,-23.19142563,-46.90590316,CHOQUE,CHOQUE-BARREIRA DE CONCRETO,NÃO INFORMADO,0,0,0,0,0,UTILITÁRIO=1,JUNDIAÍ,CAMPINAS,CAMPINAS,ESTADUAL
2020-02-29,05:16:00,L01-AUTOBAN,SPM330E,110.2,SUL,-22.82201843,-47.19435057,COLISÃO,COLISÃO-LATERAL,NÃO INFORMADO,0,0,0,0,0,AUTOMÓVEL=1|MICRO-ÔNIBUS=1,SUMARÉ,CAMPINAS,CAMPINAS,ESTADUAL
2020-02-29,06:04:00,L06-INTERVIAS,SP330,216.5,SUL,-21.94477463,-47.46417618,CHOQUE,CHOQUE-OBJETO NA PISTA,OBJETO LANÇADO,3,0,0,0,0,UTILITÁRIO=1,PIRASSUNUNGA,CAMPINAS,RIO CLARO,ESTADUAL
2020-02-29,14:06:00,L01-AUTOBAN,SP330,37.0,SUL,-23.351265,-46.846862,TOMBAMENTO,TOMBAMENTO-MOTO,NÃO INFORMADO,0,2,0,0,0,MOTO=1,CAJAMAR,REG. METROPOLITANA SÃO PAULO,SÃO PAULO,ESTADUAL
2020-02-29,19:21:00,L01-AUTOBAN,SP330,66.7,NORTE,-23.13243516,-46.94852827,CHOQUE,CHOQUE-BARREIRA DE CONCRETO,NÃO INFORMADO,0,1,0,0,0,AUTOMÓVEL=1,JUNDIAÍ,CAMPINAS,CAMPINAS,ESTADUAL
2020-02-29,19:25:00,L29-VIAPAULISTA,SP330,281.0,SUL,-21.41457558,-47.66422272,CHOQUE,CHOQUE-CANCELA DE PEDÁGIO-MANUAL,FALHA DE EQUIP. PEDÁGIO-PISTA AVI,2,0,0,0,0,AUTOMÓVEL=1,SÃO SIMÃO,RIBEIRÃO PRETO,RIBEIRÃO PRETO,ESTADUAL
2020-02-29,19:33:00,L01-AUTOBAN,SP330,36.2,SUL,-23.35864756,-46.84825233,CHOQUE,CHOQUE-BARREIRA DE CONCRETO,NÃO INFORMADO,0,0,0,0,0,UTILITÁRIO=1,CAJAMAR,REG. METROPOLITANA SÃO PAULO,SÃO PAULO,ESTADUAL
2020-03-01,00:13:00,L01-AUTOBAN,SPM330E,19.48,SUL,-23.47140505,-46.77571613,CHOQUE,CHOQUE-BARREIRA DE CONCRETO,NÃO INFORMADO,0,0,0,0,0,AUTOMÓVEL=1,OSASCO,REG. METROPOLITANA SÃO PAULO,SÃO PAULO,ESTADUAL
2020-03-01,06:21:00,L01-AUTOBAN,SP330,100.1,SUL,-22.87988547,-47.11858248,CHOQUE,CHOQUE-BARREIRA DE CONCRETO,NÃO INFORMADO,1,1,0,0,0,MOTO=1,CAMPINAS,CAMPINAS,CAMPINAS,ESTADUAL
2020-03-01,08:00:00,L01-AUTOBAN,SP330,61.6,NORTE,-23.17128815,-46.92325007,TOMBAMENTO,TOMBAMENTO-MOTO,NÃO INFORMADO,0,0,1,0,0,MOTO=1,JUNDIAÍ,CAMPINAS,CAMPINAS,ESTADUAL
2020-03-01,10:06:00,L06-INTERVIAS,SP330,163.8,SUL,-22.40835953,-47.39012146,ATROPELAMENTO DE ANIMAL,ATROP. ANIMAL,ANIMAL NA RODOVIA,0,2,0,0,0,MOTO=1,ARARAS,CAMPINAS,RIO CLARO,ESTADUAL
2020-03-01,15:23:00,L28-ENTREVIAS,SP330,419.5,NORTE,-20.2509432217,-47.7992717323,CHOQUE,CHOQUE-ELEMENTO DE DRENAGEM,ESTOURO/FURO DE PNEU,1,0,0,0,0,AUTOMÓVEL=1,BURITIZAL,FRANCA,RIBEIRÃO PRETO,ESTADUAL
2020-03-01,16:11:00,L29-VIAPAULISTA,SP330,276.85,NORTE,-21.44755173,-47.64770126,CAPOTAMENTO,CAPOTAMENTO,CONDIÇÃO CLIMÁTICA,2,0,0,0,0,AUTOMÓVEL=1,SÃO SIMÃO,RIBEIRÃO PRETO,RIBEIRÃO PRETO,ESTADUAL
2020-03-01,16:33:00,L01-AUTOBAN,SP330,21.0,NORTE,-23.46071206,-46.78140521,TOMBAMENTO,TOMBAMENTO-MOTO,NÃO INFORMADO,0,1,0,0,0,MOTO=1,SÃO PAULO,REG. METROPOLITANA SÃO PAULO,SÃO PAULO,ESTADUAL
2020-03-01,17:46:00,L06-INTERVIAS,SP330,211.8,NORTE,-21.98513985,-47.45009995,COLISÃO,COLISÃO-TRASEIRA,IMPRUD. CONDUTOR,4,0,0,0,0,AUTOMÓVEL=2,PIRASSUNUNGA,CAMPINAS,RIO CLARO,ESTADUAL
2020-03-01,19:16:00,L01-AUTOBAN,SPM330D,107.0,NORTE,-22.83945246,-47.17082977,CHOQUE,CHOQUE-BARREIRA DE CONCRETO,NÃO INFORMADO,0,1,0,0,0,AUTOMÓVEL=1,SUMARÉ,CAMPINAS,CAMPINAS,ESTADUAL
2020-03-01,20:00:00,L01-AUTOBAN,SPM330D,109.66,NORTE,-22.82427077,-47.18955506,CHOQUE,CHOQUE-BARREIRA DE CONCRETO,NÃO INFORMADO,0,0,0,0,0,AUTOMÓVEL=1,SUMARÉ,CAMPINAS,CAMPINAS,ESTADUAL
2020-03-01,23:18:00,L29-VIAPAULISTA,SP330,315.2,NORTE,-21.13749123,-47.76288605,ATROPELAMENTO DE ANIMAL,ATROP. ANIMAL,ANIMAL NA RODOVIA,1,0,0,0,0,CAMINHÃO=1,RIBEIRÃO PRETO,RIBEIRÃO PRETO,RIBEIRÃO PRETO,ESTADUAL
2020-03-02,03:31:00,L01-AUTOBAN,SP330,25.4,SUL,-23.42431014,-46.79031775,CHOQUE,CHOQUE-DEFENSA METÁLICA,NÃO INFORMADO,0,0,0,0,0,VAN/PERUA=1,SÃO PAULO,REG. METROPOLITANA SÃO PAULO,SÃO PAULO,ESTADUAL
2020-03-02,05:38:00,L01-AUTOBAN,SP330,25.0,NORTE,-23.426127,-46.787542,TOMBAMENTO,TOMBAMENTO-MOTO,NÃO INFORMADO,0,1,0,0,0,MOTO=1,SÃO PAULO,REG. METROPOLITANA SÃO PAULO,SÃO PAULO,ESTADUAL
2020-03-02,06:24:00,L01-AUTOBAN,SP330,153.5,SUL,-22.50117086,-47.39942372,COLISÃO,COLISÃO-TRASEIRA,NÃO INFORMADO,0,1,1,0,0,BITREM/CVC=2,CORDEIRÓPOLIS,CAMPINAS,RIO CLARO,ESTADUAL
2020-03-02,07:21:00,L01-AUTOBAN,SP330,24.85,NORTE,-23.42738892,-46.78735373,ATROPELAMENTO DE PEDESTRE,ATROP. PEDESTRE-MORADOR/TRABALHADOR/ESTUDANTE,NÃO INFORMADO,1,1,1,0,0,MOTO=1|NÃO SE APLICA=1,SÃO PAULO,REG. METROPOLITANA SÃO PAULO,SÃO PAULO,ESTADUAL
2020-03-02,07:48:00,L01-AUTOBAN,SPM330E,112.0,SUL,-22.81384598,-47.20930338,COLISÃO,COLISÃO-TRASEIRA,NÃO INFORMADO,0,1,0,0,0,AUTOMÓVEL=1|MOTO=1,SUMARÉ,CAMPINAS,CAMPINAS,ESTADUAL
2020-03-02,10:11:00,L28-ENTREVIAS,SP330,327.0,NORTE,-21.0446766984,-47.8280218176,COLISÃO,COLISÃO-TRASEIRA,IMPRUD. CONDUTOR-EXCESSO DE VELOCIDADE,2,0,0,0,0,AUTOMÓVEL=1|CAMINHÃO=1,JARDINÓPOLIS,RIBEIRÃO PRETO,RIBEIRÃO PRETO,ESTADUAL
2020-03-02,14:56:00,L06-INTERVIAS,SPI165/330,2.5,OESTE,-22.39690018,-47.37120056,TOMBAMENTO,TOMBAMENTO,ESTOURO/FURO DE PNEU,1,0,0,0,0,CAMINHÃO=1,ARARAS,CAMPINAS,RIO CLARO,ESTADUAL
2020-03-02,18:56:00,L01-AUTOBAN,SPM330D,96.9,NORTE,-22.90481487,-47.10715843,ENGAVETAMENTO,ENGAVETAMENTO,NÃO INFORMADO,0,0,0,0,0,AUTOMÓVEL=3,CAMPINAS,CAMPINAS,CAMPINAS,ESTADUAL
2020-03-02,22:39:00,L06-INTERVIAS,SP330,194.0,SUL,-22.14030075,-47.40670013,CHOQUE,CHOQUE-OBJETO NA PISTA,OBJETO NA PISTA,1,0,0,0,0,CAMINHONETE=1,LEME,CAMPINAS,RIO CLARO,ESTADUAL
2020-03-03,01:18:00,L01-AUTOBAN,SPM330E,13.9,SUL,-23.50728367,-46.74903524,CHOQUE,CHOQUE-BARREIRA DE CONCRETO,NÃO INFORMADO,0,0,0,0,0,CAMINHÃO=1,SÃO PAULO,REG. METROPOLITANA SÃO PAULO,SÃO PAULO,ESTADUAL
2020-03-03,06:48:00,L01-AUTOBAN,SP330,73.0,SUL,-23.08262367,-46.9780755,COLISÃO,COLISÃO-LATERAL,NÃO INFORMADO,0,0,0,0,0,AUTOMÓVEL=1|NÃO INFORMADO=1,LOUVEIRA,CAMPINAS,CAMPINAS,ESTADUAL
2020-03-03,14:46:00,L28-ENTREVIAS,SP330,370.0,SUL,-20.6715428359,-47.8844511855,CAPOTAMENTO,CAPOTAMENTO,IMPRUD. CONDUTOR-EXCESSO DE VELOCIDADE,0,1,0,0,0,AUTOMÓVEL=1,ORLÂNDIA,FRANCA,RIBEIRÃO PRETO,ESTADUAL
2020-03-03,14:58:00,L06-INTERVIAS,SP330,224.0,SUL,-21.88019943,-47.48619843,CHOQUE,CHOQUE-ELEMENTO DE DRENAGEM,NÃO INFORMADO,1,0,0,0,0,CAMINHÃO=1,PORTO FERREIRA,CENTRAL,RIO CLARO,ESTADUAL
2020-03-03,18:05:00,L01-AUTOBAN,SP330,152.45,SUL,-22.51031696,-47.39723851,CHOQUE,CHOQUE-PRAÇA AVI-(ENTRE VEÍCULOS),NÃO INFORMADO,0,0,0,0,0,CAMINHÃO=2,CORDEIRÓPOLIS,CAMPINAS,RIO CLARO,ESTADUAL
2020-03-03,19:50:00,L28-ENTREVIAS,SP330,323.5,NORTE,-21.0766553741,-47.8062917556,CHOQUE,CHOQUE-ELEMENTO DE DRENAGEM,ESTOURO/FURO DE PNEU,1,0,0,0,0,CAMINHÃO=1,RIBEIRÃO PRETO,RIBEIRÃO PRETO,RIBEIRÃO PRETO,ESTADUAL
2020-03-03,22:44:00,L06-INTERVIAS,SP330,202.0,NORTE,-22.06940079,-47.42430115,ATROPELAMENTO DE ANIMAL,ATROP. ANIMAL,ANIMAL NA RODOVIA,4,0,0,0,0,CAMINHONETE=1,PIRASSUNUNGA,CAMPINAS,RIO CLARO,ESTADUAL
2020-03-04,01:24:00,L01-AUTOBAN,SP330,51.26,NORTE,-23.24588346,-46.86675077,COLISÃO,COLISÃO-TRASEIRA,NÃO INFORMADO,0,0,1,0,0,AUTOMÓVEL=1|CAMINHÃO=1|NÃO INFORMADO=1,JUNDIAÍ,CAMPINAS,CAMPINAS,ESTADUAL
2020-03-04,02:02:00,L01-AUTOBAN,SP330,15.6,NORTE,-23.49639597,-46.75708938,CHOQUE,CHOQUE-BARREIRA DE CONCRETO,NÃO INFORMADO,0,2,0,0,0,AUTOMÓVEL=2,SÃO PAULO,REG. METROPOLITANA SÃO PAULO,SÃO PAULO,ESTADUAL
2020-03-04,07:21:00,L01-AUTOBAN,SPM330D,110.9,NORTE,-22.8182042,-47.20080884,CHOQUE,CHOQUE-DEFENSA METÁLICA,NÃO INFORMADO,1,0,0,0,0,CARRETA=1,SUMARÉ,CAMPINAS,CAMPINAS,ESTADUAL
2020-03-04,07:24:00,L01-AUTOBAN,SP330,101.8,SUL,-22.86950187,-47.13091806,COLISÃO,COLISÃO-TRASEIRA,NÃO INFORMADO,0,1,0,0,0,MOTO=1|NÃO INFORMADO=1,CAMPINAS,CAMPINAS,CAMPINAS,ESTADUAL
2020-03-04,07:45:00,L01-AUTOBAN,SP330,103.3,SUL,-22.8608903,-47.14224278,COLISÃO,COLISÃO-TRANSVERSAL,NÃO INFORMADO,0,0,0,0,0,AUTOMÓVEL=1|CARRETA=1,CAMPINAS,CAMPINAS,CAMPINAS,ESTADUAL
2020-03-04,13:14:00,L06-INTERVIAS,SP330,216.6,NORTE,-21.94384003,-47.46414185,TOMBAMENTO,TOMBAMENTO,ESTOURO/FURO DE PNEU,0,2,0,0,0,MOTO=1,PIRASSUNUNGA,CAMPINAS,RIO CLARO,ESTADUAL
2020-03-04,14:59:00,L28-ENTREVIAS,SP330,381.5,SUL,-20.5760405004,-47.8733104992,QUEDA,RIBANCEIRA,IMPRUD. CONDUTOR-PERDA DE CONTROLE,1,0,0,0,0,AUTOMÓVEL=1,SÃO JOAQUIM DA BARRA,FRANCA,RIBEIRÃO PRETO,ESTADUAL
2020-03-04,15:36:00,L01-AUTOBAN,SP330,157.2,SUL,-22.46775593,-47.39926258,COLISÃO,COLISÃO-LATERAL,NÃO INFORMADO,0,0,0,0,0,CARRETA=2,CORDEIRÓPOLIS,CAMPINAS,RIO CLARO,ESTADUAL
2020-03-04,17:41:00,L06-INTERVIAS,SP330,192.5,NORTE,-22.15270042,-47.40110016,TOMBAMENTO,TOMBAMENTO,PAVIMENTO RUIM/IRREGULAR,0,1,0,0,0,MOTO=1,LEME,CAMPINAS,RIO CLARO,ESTADUAL
2020-03-04,19:18:00,L01-AUTOBAN,SP330,22.4,NORTE,-23.44955571,-46.78664732,ENGAVETAMENTO,ENGAVETAMENTO,NÃO INFORMADO,0,1,0,0,0,AUTOMÓVEL=1|UTILITÁRIO=1|VAN/PERUA=1,SÃO PAULO,REG. METROPOLITANA SÃO PAULO,SÃO PAULO,ESTADUAL
2020-03-04,19:19:00,L06-INTERVIAS,SP330,216.2,NORTE,-21.94728088,-47.46297836,COLISÃO,COLISÃO-TRASEIRA,IMPRUD. CONDUTOR,1,0,0,0,0,CAMINHONETE=1|CAMINHÃO=1,PIRASSUNUNGA,CAMPINAS,RIO CLARO,ESTADUAL
2020-03-04,20:07:00,L01-AUTOBAN,SP330,57.3,SUL,-23.20332643,-46.90061599,COLISÃO,COLISÃO-TRASEIRA,NÃO INFORMADO,0,1,0,0,0,AUTOMÓVEL=1|CARRETA=1,JUNDIAÍ,CAMPINAS,CAMPINAS,ESTADUAL
2020-03-05,00:03:00,L06-INTERVIAS,SP330,189.0,SUL,-22.1840992,-47.39860153,CHOQUE,"CHOQUE - DEFENSA, BARREIRA",IMPRUD. CONDUTOR-PERDA DE CONTROLE,0,1,0,0,0,AUTOMÓVEL=1,LEME,CAMPINAS,RIO CLARO,ESTADUAL
2020-03-05,05:47:00,L28-ENTREVIAS,SP330,360.2,NORTE,-20.7617950198,-47.8921464064,CHOQUE,CHOQUE-MEIO FIO/CALÇAMENTO,IMPRUD. CONDUTOR-LEVOU FECHADA,1,0,0,0,0,CAMINHÃO=1,ORLÂNDIA,FRANCA,RIBEIRÃO PRETO,ESTADUAL
2020-03-05,08:08:00,L01-AUTOBAN,SPI102/330,0.0,NORTE,-22.866394,-47.133481,COLISÃO,COLISÃO-LATERAL,NÃO INFORMADO,0,1,0,0,0,AUTOMÓVEL=1|MOTO=1,CAMPINAS,CAMPINAS,CAMPINAS,ESTADUAL
2020-03-05,08:33:00,L01-AUTOBAN,SP330,133.22,SUL,-22.66154165,-47.31973509,CHOQUE,CHOQUE-VEÍCULO PARADO NO ACOSTAMENTO,NÃO INFORMADO,0,0,0,0,0,CARRETA=1|NÃO INFORMADO=1,LIMEIRA,CAMPINAS,RIO CLARO,ESTADUAL
2020-03-05,10:56:00,L01-AUTOBAN,SP330,128.66,SUL,-22.69943721,-47.30750433,COLISÃO,COLISÃO-TRASEIRA,NÃO INFORMADO,0,1,0,0,0,MOTO=1|NÃO INFORMADO=1,AMERICANA,CAMPINAS,RIO CLARO,ESTADUAL
2020-03-05,12:50:00,L29-VIAPAULISTA,SPA318/330,0.6,SUL,-21.12252599,-47.7861929,ATROPELAMENTO DE PEDESTRE,ATROP. PEDESTRE-USUÁRIO,SUICÍDIO,2,0,0,1,0,AUTOMÓVEL=1|CAMINHONETE=1|NÃO SE APLICA=1,RIBEIRÃO PRETO,RIBEIRÃO PRETO,RIBEIRÃO PRETO,ESTADUAL
2020-03-05,13:08:00,L01-AUTOBAN,SP330,103.0,SUL,-22.862525,-47.139454,COLISÃO,COLISÃO-TRASEIRA,NÃO INFORMADO,0,1,0,0,0,CAMINHÃO=1|VAN/PERUA=1,CAMPINAS,CAMPINAS,CAMPINAS,ESTADUAL
2020-03-05,18:28:00,L01-AUTOBAN,SPM330D,109.0,NORTE,-22.82737416,-47.18387604,COLISÃO,COLISÃO-LATERAL,NÃO INFORMADO,0,0,0,0,0,AUTOMÓVEL=1|CAMINHÃO=1,SUMARÉ,CAMPINAS,CAMPINAS,ESTADUAL
2020-03-05,23:10:00,L01-AUTOBAN,SPM330E,115.0,SUL,-22.79245328,-47.22631395,CHOQUE,CHOQUE-OBJETO NA PISTA,NÃO INFORMADO,0,0,0,0,0,AUTOMÓVEL=1|CAMINHÃO=1,SUMARÉ,CAMPINAS,CAMPINAS,ESTADUAL
2020-03-05,23:53:00,L01-AUTOBAN,SP330,71.68,SUL,-23.09295168,-46.97130582,ATROPELAMENTO DE PEDESTRE,ATROP. PEDESTRE-USUÁRIO,NÃO INFORMADO,0,0,0,1,0,NÃO INFORMADO=1|NÃO SE APLICA=1,LOUVEIRA,CAMPINAS,CAMPINAS,ESTADUAL
2020-03-06,00:30:00,L01-AUTOBAN,SP330,76.1,SUL,-23.05984541,-46.99500559,ATROPELAMENTO DE ANIMAL,ATROP. ANIMAL,NÃO INFORMADO,0,0,0,0,0,AUTOMÓVEL=1,VINHEDO,CAMPINAS,CAMPINAS,ESTADUAL
2020-03-06,02:01:00,L01-AUTOBAN,SP330,26.6,NORTE,-23.41781597,-46.79957235,CHOQUE,"CHOQUE-PRAÇA AVI-(DEFENSA,ILHA,BARREIRA)",NÃO INFORMADO,0,0,0,0,0,AUTOMÓVEL=1,SÃO PAULO,REG. METROPOLITANA SÃO PAULO,SÃO PAULO,ESTADUAL
2020-03-06,04:18:00,L01-AUTOBAN,SP330,56.6,NORTE,-23.20791866,-46.89614474,COLISÃO,COLISÃO-TRASEIRA,NÃO INFORMADO,0,0,0,0,0,AUTOMÓVEL=1|UTILITÁRIO=1,JUNDIAÍ,CAMPINAS,CAMPINAS,ESTADUAL
2020-03-06,15:41:00,L01-AUTOBAN,SP330,32.2,NORTE,-23.39113818,-46.8359153,COLISÃO,COLISÃO-TRASEIRA,NÃO INFORMADO,0,1,0,0,0,CAMINHÃO=1|CARRETA=1|MOTO=1,CAJAMAR,REG. METROPOLITANA SÃO PAULO,SÃO PAULO,ESTADUAL
2020-03-06,17:50:00,L06-INTERVIAS,SP330,196.5,NORTE,-22.11829948,-47.41109848,CHOQUE,CHOQUE-OBJETO NA PISTA,OBJETO NA PISTA,1,0,0,0,0,AUTOMÓVEL=1,SANTA CRUZ DA CONCEIÇÃO,CAMPINAS,RIO CLARO,ESTADUAL
2020-03-06,20:30:00,L01-AUTOBAN,SP330,129.7,NORTE,-22.69071295,-47.31026494,ENGAVETAMENTO,ENGAVETAMENTO,NÃO INFORMADO,0,1,0,0,0,AUTOMÓVEL=2|CAMINHÃO=1|NÃO INFORMADO=1,AMERICANA,CAMPINAS,RIO CLARO,ESTADUAL
2020-03-06,21:14:00,L29-VIAPAULISTA,SP330,247.3,NORTE,-21.70722198,-47.5933876,COLISÃO,COLISÃO-TRASEIRA,IMPRUD. CONDUTOR,3,0,0,0,0,AUTOMÓVEL=1|CAMINHÃO=1,SANTA RITA DO PASSA QUATRO,CENTRAL,RIBEIRÃO PRETO,ESTADUAL
2020-03-06,22:21:00,L01-AUTOBAN,SP330,17.36,NORTE,-23.4874799,-46.76826668,COLISÃO,COLISÃO-TRASEIRA,NÃO INFORMADO,0,1,0,0,0,MOTO=1|NÃO INFORMADO=1,OSASCO,REG. METROPOLITANA SÃO PAULO,SÃO PAULO,ESTADUAL
2020-03-06,23:07:00,L01-AUTOBAN,SPM330E,89.2,SUL,-22.95739454,-47.05856,CHOQUE,CHOQUE-MEIO FIO/CALÇAMENTO,NÃO INFORMADO,0,1,0,0,0,AUTOMÓVEL=1,CAMPINAS,CAMPINAS,CAMPINAS,ESTADUAL
2020-03-06,23:14:00,L29-VIAPAULISTA,SP330,271.7,NORTE,-21.49296761,-47.64128494,CHOQUE,CHOQUE-OBJETO NA PISTA,OBJETO NA PISTA,2,0,0,0,0,CAMINHONETE=1,SÃO SIMÃO,RIBEIRÃO PRETO,RIBEIRÃO PRETO,ESTADUAL
2020-03-07,00:59:00,L01-AUTOBAN,SP330,70.15,NORTE,-23.10463044,-46.96339954,CHOQUE,CHOQUE-DEFENSA METÁLICA,NÃO INFORMADO,0,1,0,0,0,AUTOMÓVEL=1,LOUVEIRA,CAMPINAS,CAMPINAS,ESTADUAL
2020-03-07,01:08:00,L01-AUTOBAN,SP330,32.5,NORTE,-23.38872046,-46.83682775,ATROPELAMENTO DE ANIMAL,ATROP. ANIMAL,NÃO INFORMADO,0,0,0,0,0,AUTOMÓVEL=1,CAJAMAR,REG. METROPOLITANA SÃO PAULO,SÃO PAULO,ESTADUAL
2020-03-07,03:12:00,L01-AUTOBAN,SP330,44.1,SUL,-23.30195088,-46.85749732,CHOQUE,CHOQUE-BARREIRA DE CONCRETO,NÃO INFORMADO,0,0,0,0,0,AUTOMÓVEL=1,CAJAMAR,REG. METROPOLITANA SÃO PAULO,SÃO PAULO,ESTADUAL
2020-03-07,03:28:00,L28-ENTREVIAS,SP330,342.6,NORTE,-20.9229860416,-47.8853680336,TOMBAMENTO,TOMBAMENTO-VEÍCULOS PESADOS,IMPRUD. CONDUTOR-PERDA DE CONTROLE,0,0,1,0,0,CAMINHÃO=1,JARDINÓPOLIS,RIBEIRÃO PRETO,RIBEIRÃO PRETO,ESTADUAL
2020-03-07,13:48:00,L01-AUTOBAN,SP330,71.0,NORTE,-23.09752144,-46.96808696,COLISÃO,COLISÃO-LATERAL,NÃO INFORMADO,0,0,0,0,0,AUTOMÓVEL=1|NÃO INFORMADO=1,LOUVEIRA,CAMPINAS,CAMPINAS,ESTADUAL
2020-03-07,16:04:00,L01-AUTOBAN,SP330,24.18,SUL,-23.43334113,-46.78663533,TOMBAMENTO,TOMBAMENTO-MOTO,NÃO INFORMADO,0,1,0,0,0,MOTO=1,SÃO PAULO,REG. METROPOLITANA SÃO PAULO,SÃO PAULO,ESTADUAL
2020-03-07,21:02:00,L28-ENTREVIAS,SP330,410.0,NORTE,-20.3343990139,-47.8052876628,ATROPELAMENTO DE PEDESTRE,ATROP. PEDESTRE-CICLISTA,CICLISTA NA RODOVIA,1,0,1,0,0,AUTOMÓVEL=1,ITUVERAVA,FRANCA,RIBEIRÃO PRETO,ESTADUAL
2020-03-07,21:32:00,L01-AUTOBAN,SPM330D,53.0,NORTE,-23.230639,-46.87295,COLISÃO,COLISÃO-LATERAL,NÃO INFORMADO,0,2,0,0,0,AUTOMÓVEL=2,JUNDIAÍ,CAMPINAS,CAMPINAS,ESTADUAL
2020-03-07,22:19:00,L01-AUTOBAN,SPM330D,14.6,NORTE,-23.50273229,-46.75258687,CHOQUE,CHOQUE-SINALIZAÇÃO,NÃO INFORMADO,0,0,0,0,0,AUTOMÓVEL=1,SÃO PAULO,REG. METROPOLITANA SÃO PAULO,SÃO PAULO,ESTADUAL
2020-03-07,22:47:00,L01-AUTOBAN,SP330,57.0,SUL,-23.20600964,-46.89924002,CHOQUE,CHOQUE-DEFENSA METÁLICA,NÃO INFORMADO,0,2,0,1,0,AUTOMÓVEL=1,JUNDIAÍ,CAMPINAS,CAMPINAS,ESTADUAL
2020-03-08,01:04:00,L01-AUTOBAN,SP330,30.0,SUL,-23.40530029,-46.82896614,COLISÃO,COLISÃO-LATERAL,NÃO INFORMADO,0,0,0,0,0,AUTOMÓVEL=1|NÃO INFORMADO=1,CAJAMAR,REG. METROPOLITANA SÃO PAULO,SÃO PAULO,ESTADUAL
2020-03-08,02:52:00,L01-AUTOBAN,SP330,133.46,SUL,-22.65964524,-47.32075194,COLISÃO,COLISÃO-TRASEIRA,NÃO INFORMADO,0,1,0,0,0,AUTOMÓVEL=1|NÃO INFORMADO=1,LIMEIRA,CAMPINAS,RIO CLARO,ESTADUAL
2020-03-08,05:45:00,L29-VIAPAULISTA,SP330,315.5,NORTE,-21.13868713,-47.76220703,COLISÃO,COLISÃO-TRASEIRA,IMPRUD. CONDUTOR-PERDA DE CONTROLE,2,0,0,1,1,AUTOMÓVEL=1|MOTO=1,RIBEIRÃO PRETO,RIBEIRÃO PRETO,RIBEIRÃO PRETO,ESTADUAL
2020-03-08,08:14:00,L29-VIAPAULISTA,SP330,310.0,NORTE,-21.18334198,-47.75705719,COLISÃO,COLISÃO-TRASEIRA,IMPRUD. CONDUTOR,2,0,0,0,0,AUTOMÓVEL=2,RIBEIRÃO PRETO,RIBEIRÃO PRETO,RIBEIRÃO PRETO,ESTADUAL
2020-03-08,14:39:00,L01-AUTOBAN,SP330,100.0,SUL,-22.88052946,-47.11788297,CHOQUE,CHOQUE-BARREIRA DE CONCRETO,NÃO INFORMADO,0,0,0,0,0,AUTOMÓVEL=1,CAMPINAS,CAMPINAS,CAMPINAS,ESTADUAL
2020-03-08,15:37:00,L01-AUTOBAN,SP330,134.0,SUL,-22.65537845,-47.32303977,COLISÃO,COLISÃO-TRASEIRA,NÃO INFORMADO,1,0,0,0,0,BITREM/CVC=2,LIMEIRA,CAMPINAS,RIO CLARO,ESTADUAL
2020-03-08,17:10:00,L01-AUTOBAN,SPM330D,106.4,NORTE,-22.84368517,-47.16676492,CHOQUE,CHOQUE-OBJETO NA PISTA,NÃO INFORMADO,0,0,0,0,0,AUTOMÓVEL=1,SUMARÉ,CAMPINAS,CAMPINAS,ESTADUAL
2020-03-08,17:52:00,L01-AUTOBAN,SPM330E,92.5,SUL,-22.93249565,-47.07510062,CHOQUE,CHOQUE-TALUDE OU BARRANCO,NÃO INFORMADO,0,0,0,0,0,AUTOMÓVEL=1,CAMPINAS,CAMPINAS,CAMPINAS,ESTADUAL
2020-03-08,18:39:00,L01-AUTOBAN,SP330,92.0,SUL,-22.9351263,-47.07110524,COLISÃO,COLISÃO-TRASEIRA,NÃO INFORMADO,0,0,0,0,0,AUTOMÓVEL=2,CAMPINAS,CAMPINAS,CAMPINAS,ESTADUAL
2020-03-08,20:13:00,L01-AUTOBAN,SP330,108.9,NORTE,-22.82789527,-47.1832055,ATROPELAMENTO DE PEDESTRE,ATROP. PEDESTRE-MORADOR/TRABALHADOR/ESTUDANTE,NÃO INFORMADO,0,0,0,0,1,NÃO INFORMADO=1|NÃO SE APLICA=1,SUMARÉ,CAMPINAS,CAMPINAS,ESTADUAL
2020-03-08,22:54:00,L01-AUTOBAN,SPM330E,93.2,SUL,-22.92886992,-47.08071111,CHOQUE,CHOQUE-VEÍCULO PARADO NA PISTA,NÃO INFORMADO,0,0,0,0,0,NÃO INFORMADO=1|VAN/PERUA=1,CAMPINAS,CAMPINAS,CAMPINAS,ESTADUAL
2020-03-08,23:02:00,L28-ENTREVIAS,SP330,410.0,SUL,-20.33261515,-47.8052823405,COLISÃO,COLISÃO-LATERAL,IMPRUD. CONDUTOR-LEVOU FECHADA,2,0,0,0,0,AUTOMÓVEL=1|CAMINHÃO=1,ITUVERAVA,FRANCA,RIBEIRÃO PRETO,ESTADUAL
2020-03-08,23:11:00,L29-VIAPAULISTA,SP330,315.0,NORTE,-21.13908958,-47.76198959,COLISÃO,COLISÃO-LATERAL,IMPRUD. CONDUTOR,2,0,0,0,0,AUTOMÓVEL=2,RIBEIRÃO PRETO,RIBEIRÃO PRETO,RIBEIRÃO PRETO,ESTADUAL
2020-03-09,02:56:00,L28-ENTREVIAS,SP330,407.0,SUL,-20.3573124317,-47.816306994,TOMBAMENTO,TOMBAMENTO-VEÍCULOS PESADOS,IMPRUD. CONDUTOR-DORMIR AO VOLANTE,1,0,0,0,0,CAMINHÃO=1,ITUVERAVA,FRANCA,RIBEIRÃO PRETO,ESTADUAL
2020-03-09,05:49:00,L29-VIAPAULISTA,SP330,276.0,NORTE,-21.45490646,-47.64538956,CHOQUE,CHOQUE-OUTROS,IMPRUD. CONDUTOR-PERDA DE CONTROLE,3,0,0,0,0,CAMINHÃO=1,SÃO SIMÃO,RIBEIRÃO PRETO,RIBEIRÃO PRETO,ESTADUAL
2020-03-09,07:15:00,L01-AUTOBAN,SP330,61.1,SUL,-23.17465549,-46.91949337,COLISÃO,COLISÃO-LATERAL,NÃO INFORMADO,0,0,0,0,0,AUTOMÓVEL=1|CAMINHÃO=1,JUNDIAÍ,CAMPINAS,CAMPINAS,ESTADUAL
2020-03-09,07:18:00,L01-AUTOBAN,SP330,23.9,NORTE,-23.4355217,-46.78634638,COLISÃO,COLISÃO-TRASEIRA,NÃO INFORMADO,0,1,0,0,0,AUTOMÓVEL=1|MOTO=1,SÃO PAULO,REG. METROPOLITANA SÃO PAULO,SÃO PAULO,ESTADUAL
2020-03-09,07:43:00,L01-AUTOBAN,SP330,120.0,NORTE,-22.756649,-47.254609,CHOQUE,CHOQUE-SINALIZAÇÃO,NÃO INFORMADO,0,0,0,0,0,AUTOMÓVEL=1,AMERICANA,CAMPINAS,RIO CLARO,ESTADUAL
2020-03-09,08:00:00,L29-VIAPAULISTA,SP330,311.6,SUL,-21.17010498,-47.75649261,COLISÃO,COLISÃO-TRASEIRA,IMPRUD. CONDUTOR-PERDA DE CONTROLE,0,1,0,0,0,AUTOMÓVEL=1|MOTO=1,RIBEIRÃO PRETO,RIBEIRÃO PRETO,RIBEIRÃO PRETO,ESTADUAL
2020-03-09,08:07:00,L01-AUTOBAN,SP330,21.5,SUL,-23.45701385,-46.78404719,COLISÃO,COLISÃO-TRASEIRA,NÃO INFORMADO,0,1,0,0,0,MOTO=1|NÃO INFORMADO=1|VAN/PERUA=1,SÃO PAULO,REG. METROPOLITANA SÃO PAULO,SÃO PAULO,ESTADUAL
2020-03-09,08:12:00,L01-AUTOBAN,SP330,64.8,SUL,-23.14643208,-46.93871785,CAPOTAMENTO,CAPOTAMENTO,NÃO INFORMADO,0,0,0,0,0,AUTOMÓVEL=1|CAMINHÃO=1,JUNDIAÍ,CAMPINAS,CAMPINAS,ESTADUAL
2020-03-09,08:28:00,L01-AUTOBAN,SP330,109.2,SUL,-22.82660351,-47.18590758,TOMBAMENTO,TOMBAMENTO-MOTO,NÃO INFORMADO,0,1,0,0,0,MOTO=1,SUMARÉ,CAMPINAS,CAMPINAS,ESTADUAL
2020-03-09,08:30:00,L01-AUTOBAN,SP330,98.0,NORTE,-22.89587453,-47.11074829,COLISÃO,COLISÃO-LATERAL,NÃO INFORMADO,0,1,0,0,0,AUTOMÓVEL=1|MOTO=1,CAMPINAS,CAMPINAS,CAMPINAS,ESTADUAL
2020-03-09,09:15:00,L01-AUTOBAN,SP330,98.0,NORTE,-22.89587453,-47.11074829,COLISÃO,COLISÃO-TRASEIRA,NÃO INFORMADO,0,1,0,0,0,AUTOMÓVEL=1|MOTO=1,CAMPINAS,CAMPINAS,CAMPINAS,ESTADUAL
2020-03-09,11:13:00,L29-VIAPAULISTA,SP330,315.0,NORTE,-21.13908958,-47.76198959,TOMBAMENTO,TOMBAMENTO,ÓLEO NA PISTA,1,0,0,0,0,MOTO=1,RIBEIRÃO PRETO,RIBEIRÃO PRETO,RIBEIRÃO PRETO,ESTADUAL
2020-03-09,12:52:00,L01-AUTOBAN,SPM330D,91.0,NORTE,-22.942859,-47.066539,COLISÃO,COLISÃO-TRASEIRA,NÃO INFORMADO,0,1,0,0,0,AUTOMÓVEL=2,CAMPINAS,CAMPINAS,CAMPINAS,ESTADUAL
2020-03-09,12:52:00,L28-ENTREVIAS,SP330,379.0,NORTE,-20.5881906866,-47.8793319036,CHOQUE,CHOQUE-DEFENSA METÁLICA,FATOR-HUMANO,0,2,0,0,0,AUTOMÓVEL=1,SÃO JOAQUIM DA BARRA,FRANCA,RIBEIRÃO PRETO,ESTADUAL
2020-03-09,13:34:00,L29-VIAPAULISTA,SP330,245.5,NORTE,-21.7225914,-47.58778,COLISÃO,COLISÃO-TRASEIRA,IMPRUD. CONDUTOR,2,0,0,0,0,CAMINHONETE=1|CAMINHÃO=1,SANTA RITA DO PASSA QUATRO,CENTRAL,RIBEIRÃO PRETO,ESTADUAL
2020-03-09,14:23:00,L01-AUTOBAN,SPI102/330,6.6,SUL,-22.920059344738,-47.133646000047,TOMBAMENTO,TOMBAMENTO-MOTO,NÃO INFORMADO,0,2,0,0,0,MOTO=1,CAMPINAS,CAMPINAS,CAMPINAS,ESTADUAL
2020-03-09,15:11:00,L01-AUTOBAN,SPM330E,95.3,SUL,-22.91747521,-47.09632178,ENGAVETAMENTO,ENGAVETAMENTO,NÃO INFORMADO,0,1,0,0,0,AUTOMÓVEL=2|CAMINHÃO=1,CAMPINAS,CAMPINAS,CAMPINAS,ESTADUAL
2020-03-09,19:14:00,L01-AUTOBAN,SP330,81.0,NORTE,-23.02113008,-47.01787949,COLISÃO,COLISÃO-TRASEIRA,NÃO INFORMADO,0,0,0,1,0,CAMINHÃO=1|MOTO=1,VALINHOS,CAMPINAS,CAMPINAS,ESTADUAL
2020-03-09,20:22:00,L06-INTERVIAS,SP330,191.7,NORTE,-22.15973091,-47.39971924,COLISÃO,COLISÃO-TRASEIRA,IMPRUD. CONDUTOR-DORMIR AO VOLANTE,0,1,0,0,0,AUTOMÓVEL=1|NÃO INFORMADO=1,LEME,CAMPINAS,RIO CLARO,ESTADUAL
2020-03-10,04:00:00,L28-ENTREVIAS,SP330,444.0,NORTE,-20.0366723584,-47.7804713287,CAPOTAMENTO,CAPOTAMENTO,ESTOURO/FURO DE PNEU,1,0,0,0,0,AUTOMÓVEL=1,IGARAPAVA,FRANCA,RIBEIRÃO PRETO,ESTADUAL
2020-03-10,06:45:00,L01-AUTOBAN,SP330,13.4,SUL,-23.50776575,-46.74404096,COLISÃO,COLISÃO-TRASEIRA,NÃO INFORMADO,0,0,0,0,0,AUTOMÓVEL=2,SÃO PAULO,REG. METROPOLITANA SÃO PAULO,SÃO PAULO,ESTADUAL
2020-03-10,06:49:00,L01-AUTOBAN,SP330,22.3,SUL,-23.45040269,-46.78676856,COLISÃO,COLISÃO-TRASEIRA,NÃO INFORMADO,0,0,1,0,0,MOTO=1|UTILITÁRIO=1,SÃO PAULO,REG. METROPOLITANA SÃO PAULO,SÃO PAULO,ESTADUAL
2020-03-10,08:15:00,L06-INTERVIAS,SP330,164.0,NORTE,-22.40710068,-47.3893013,OBJETO LANÇADO CONTRA O VEÍCULO,OBJETO LANÇADO CONTRA VEÍCULO,OBJETO NA PISTA,2,0,0,0,0,AUTOMÓVEL=1|CAMINHÃO=1,ARARAS,CAMPINAS,RIO CLARO,ESTADUAL
2020-03-10,08:18:00,L29-VIAPAULISTA,SP330,268.5,NORTE,-21.52179146,-47.64302063,OBJETO LANÇADO CONTRA O VEÍCULO,OBJETO LANÇADO CONTRA VEÍCULO,OBRAS,2,0,0,0,0,AUTOMÓVEL=1,SÃO SIMÃO,RIBEIRÃO PRETO,RIBEIRÃO PRETO,ESTADUAL
2020-03-10,08:22:00,L29-VIAPAULISTA,SP330,313.3,NORTE,-21.15364647,-47.75705338,OBJETO LANÇADO CONTRA O VEÍCULO,OBJETO LANÇADO CONTRA VEÍCULO,OBRAS,0,0,0,0,0,AUTOMÓVEL=1|TRATOR=1,RIBEIRÃO PRETO,RIBEIRÃO PRETO,RIBEIRÃO PRETO,ESTADUAL
2020-03-10,11:30:00,L01-AUTOBAN,SPM330D,110.76,NORTE,-22.8188992,-47.19951334,COLISÃO,COLISÃO-TRASEIRA,NÃO INFORMADO,0,0,0,0,0,AUTOMÓVEL=1|CAMINHÃO=1,SUMARÉ,CAMPINAS,CAMPINAS,ESTADUAL
2020-03-10,14:00:00,L01-AUTOBAN,SP330,25.0,NORTE,-23.426127,-46.787542,TOMBAMENTO,TOMBAMENTO-MOTO,NÃO INFORMADO,0,1,0,0,0,MOTO=1,SÃO PAULO,REG. METROPOLITANA SÃO PAULO,SÃO PAULO,ESTADUAL
2020-03-10,14:01:00,L06-INTERVIAS,SP330,232.1,NORTE,-21.8091507,-47.50043106,TOMBAMENTO,TOMBAMENTO,IMPRUD. CONDUTOR-PERDA DE CONTROLE,0,1,0,0,0,MOTO=1,PORTO FERREIRA,CENTRAL,RIO CLARO,ESTADUAL
2020-03-10,16:59:00,L06-INTERVIAS,SP330,175.0,NORTE,-22.30970001,-47.39110184,OBJETO LANÇADO CONTRA O VEÍCULO,OBJETO LANÇADO CONTRA VEÍCULO,OBJETO LANÇADO,1,0,0,0,0,AUTOMÓVEL=1|NÃO INFORMADO=1,ARARAS,CAMPINAS,RIO CLARO,ESTADUAL
2020-03-10,18:11:00,L01-AUTOBAN,SP330,24.3,NORTE,-23.43201597,-46.78666338,COLISÃO,COLISÃO-TRASEIRA,NÃO INFORMADO,0,1,0,0,0,BITREM/CVC=1|CAMINHÃO=1|UTILITÁRIO=1,SÃO PAULO,REG. METROPOLITANA SÃO PAULO,SÃO PAULO,ESTADUAL
2020-03-10,18:14:00,L01-AUTOBAN,SP330,131.54,NORTE,-22.67445106,-47.31212187,COLISÃO,COLISÃO-LATERAL,NÃO INFORMADO,0,1,0,0,0,AUTOMÓVEL=1|MOTO=1,LIMEIRA,CAMPINAS,RIO CLARO,ESTADUAL
2020-03-10,19:23:00,L01-AUTOBAN,SP330,109.92,SUL,-22.82335448,-47.19184256,TOMBAMENTO,TOMBAMENTO-MOTO,NÃO INFORMADO,0,0,1,0,0,MOTO=1,SUMARÉ,CAMPINAS,CAMPINAS,ESTADUAL
2020-03-10,22:11:00,L01-AUTOBAN,SP330,60.2,SUL,-23.17999525,-46.91301156,COLISÃO,COLISÃO-TRASEIRA,NÃO INFORMADO,0,0,0,0,0,AUTOMÓVEL=2,JUNDIAÍ,CAMPINAS,CAMPINAS,ESTADUAL
2020-03-11,06:37:00,L28-ENTREVIAS,SP330,437.4,NORTE,-20.0994015691,-47.7898268572,ATROPELAMENTO DE ANIMAL,ATROP. ANIMAL-DOMÉSTICO GRANDE PORTE,ANIMAL NA RODOVIA,1,0,0,0,0,CAMINHÃO=1,ARAMINA,FRANCA,RIBEIRÃO PRETO,ESTADUAL
2020-03-11,07:19:00,L01-AUTOBAN,SPM330E,106.4,SUL,-22.8440145,-47.16691161,COLISÃO,COLISÃO-LATERAL,NÃO INFORMADO,0,1,0,0,0,AUTOMÓVEL=1|MOTO=1,SUMARÉ,CAMPINAS,CAMPINAS,ESTADUAL
2020-03-11,07:32:00,L01-AUTOBAN,SP330,78.0,SUL,-23.045293,-47.004756,CHOQUE,CHOQUE-MEIO FIO/CALÇAMENTO,NÃO INFORMADO,0,0,0,0,0,AUTOMÓVEL=1,VINHEDO,CAMPINAS,CAMPINAS,ESTADUAL
2020-03-11,07:48:00,L01-AUTOBAN,SPI102/330,1.8,NORTE,-22.87287572,-47.1313189,ENGAVETAMENTO,ENGAVETAMENTO,NÃO INFORMADO,0,0,0,0,0,AUTOMÓVEL=3,CAMPINAS,CAMPINAS,CAMPINAS,ESTADUAL
2020-03-11,08:41:00,L01-AUTOBAN,SP330,45.55,NORTE,-23.29197997,-46.86512956,COLISÃO,COLISÃO-TRASEIRA,NÃO INFORMADO,0,0,1,0,0,CARRETA=1|MOTO=1,CAJAMAR,REG. METROPOLITANA SÃO PAULO,SÃO PAULO,ESTADUAL
2020-03-11,09:05:00,L28-ENTREVIAS,SP330,353.4,SUL,-20.8272374278,-47.8937231081,TOMBAMENTO,TOMBAMENTO-VEÍCULOS PESADOS,IMPRUD. CONDUTOR-FREADA BRUSCA,1,0,0,0,0,CAMINHÃO=1,SALES OLIVEIRA,FRANCA,RIBEIRÃO PRETO,ESTADUAL
2020-03-11,09:42:00,L01-AUTOBAN,SP330,21.6,SUL,-23.4562181,-46.784567,ENGAVETAMENTO,ENGAVETAMENTO,NÃO INFORMADO,0,1,0,0,0,AUTOMÓVEL=1|NÃO INFORMADO=3,SÃO PAULO,REG. METROPOLITANA SÃO PAULO,SÃO PAULO,ESTADUAL
2020-03-11,10:38:00,L01-AUTOBAN,SP330,123.5,NORTE,-22.73608975,-47.28126973,CHOQUE,CHOQUE-BARREIRA DE CONCRETO,NÃO INFORMADO,0,0,0,0,0,AUTOMÓVEL=1,AMERICANA,CAMPINAS,RIO CLARO,ESTADUAL
2020-03-11,11:06:00,L01-AUTOBAN,SPM330E,98.4,SUL,-22.89293605,-47.11196709,COLISÃO,COLISÃO-TRASEIRA,NÃO INFORMADO,0,0,0,0,0,AUTOMÓVEL=2,CAMPINAS,CAMPINAS,CAMPINAS,ESTADUAL
2020-03-11,11:14:00,L01-AUTOBAN,SP330,97.7,SUL,-22.89868536,-47.11002033,ENGAVETAMENTO,ENGAVETAMENTO,NÃO INFORMADO,0,0,0,0,0,AUTOMÓVEL=1|CARRETA=1|UTILITÁRIO=1,CAMPINAS,CAMPINAS,CAMPINAS,ESTADUAL
2020-03-11,18:02:00,L01-AUTOBAN,SPM330E,106.9,SUL,-22.84055886,-47.17019464,COLISÃO,COLISÃO-LATERAL,NÃO INFORMADO,0,0,0,0,0,AUTOMÓVEL=1|CARRETA=1,SUMARÉ,CAMPINAS,CAMPINAS,ESTADUAL
2020-03-11,18:21:00,L01-AUTOBAN,SPM330E,106.9,SUL,-22.84055886,-47.17019464,COLISÃO,COLISÃO-LATERAL,NÃO INFORMADO,0,0,0,0,0,AUTOMÓVEL=1|NÃO INFORMADO=1,SUMARÉ,CAMPINAS,CAMPINAS,ESTADUAL
2020-03-11,18:43:00,L06-INTERVIAS,SP330,208.2,SUL,-22.01612091,-47.43978119,COLISÃO,COLISÃO-LATERAL,IMPRUD. CONDUTOR-MUDANÇA DE FAIXA,2,0,0,0,0,CAMINHONETE=1|CAMINHÃO=1,PIRASSUNUNGA,CAMPINAS,RIO CLARO,ESTADUAL
2020-03-11,19:35:00,L01-AUTOBAN,SP330,147.5,NORTE,-22.5487445,-47.373562,COLISÃO,COLISÃO-LATERAL,NÃO INFORMADO,0,1,0,0,0,AUTOMÓVEL=1|NÃO INFORMADO=1,LIMEIRA,CAMPINAS,RIO CLARO,ESTADUAL
2020-03-12,00:07:00,L01-AUTOBAN,SP330,92.2,NORTE,-22.93403646,-47.07290444,CHOQUE,CHOQUE-SINALIZAÇÃO,NÃO INFORMADO,0,0,0,0,0,AUTOMÓVEL=1,CAMPINAS,CAMPINAS,CAMPINAS,ESTADUAL
2020-03-12,01:11:00,L01-AUTOBAN,SP330,20.4,SUL,-23.46574015,-46.78001904,COLISÃO,COLISÃO-FRONTAL,NÃO INFORMADO,0,0,0,0,0,AUTOMÓVEL=1|UTILITÁRIO=1,OSASCO,REG. METROPOLITANA SÃO PAULO,SÃO PAULO,ESTADUAL
2020-03-12,04:01:00,L06-INTERVIAS,SP330,205.4,NORTE,-22.04038048,-47.43162155,COLISÃO,COLISÃO-TRASEIRA,IMPRUD. CONDUTOR-DORMIR AO VOLANTE,1,4,0,0,0,AUTOMÓVEL=1|NÃO INFORMADO=1,PIRASSUNUNGA,CAMPINAS,RIO CLARO,ESTADUAL
2020-03-12,06:06:00,L28-ENTREVIAS,SP330,328.5,NORTE,-21.038556017,-47.8311001763,CHOQUE,CHOQUE-VEÍCULO PARADO NO ACOSTAMENTO,VEÍCULO PARADO NA FAIXA,1,2,0,0,0,AUTOMÓVEL=1|CAMINHÃO=1,JARDINÓPOLIS,RIBEIRÃO PRETO,RIBEIRÃO PRETO,ESTADUAL
2020-03-12,07:10:00,L01-AUTOBAN,SP330,61.0,SUL,-23.17530448,-46.91870213,COLISÃO,COLISÃO-LATERAL,NÃO INFORMADO,0,1,0,0,0,AUTOMÓVEL=1|MOTO=1,JUNDIAÍ,CAMPINAS,CAMPINAS,ESTADUAL
2020-03-12,08:06:00,L01-AUTOBAN,SP330,89.0,SUL,-22.95898606,-47.05765665,CHOQUE,CHOQUE-BARREIRA DE CONCRETO,NÃO INFORMADO,0,0,0,0,0,AUTOMÓVEL=1,CAMPINAS,CAMPINAS,CAMPINAS,ESTADUAL
2020-03-12,08:10:00,L01-AUTOBAN,SPM330E,104.3,SUL,-22.85557972,-47.15116062,COLISÃO,COLISÃO-LATERAL,NÃO INFORMADO,0,0,0,0,0,AUTOMÓVEL=1|CAMINHÃO=1,CAMPINAS,CAMPINAS,CAMPINAS,ESTADUAL
2020-03-12,08:14:00,L01-AUTOBAN,SPM330E,15.5,SUL,-23.49709259,-46.75676644,COLISÃO,COLISÃO-TRASEIRA,NÃO INFORMADO,0,1,0,0,0,AUTOMÓVEL=1|MOTO=1,SÃO PAULO,REG. METROPOLITANA SÃO PAULO,SÃO PAULO,ESTADUAL
2020-03-12,11:41:00,L01-AUTOBAN,SP330,12.0,NORTE,-23.50917461,-46.73062027,COLISÃO,COLISÃO-LATERAL,NÃO INFORMADO,0,0,0,1,0,MOTO=1|NÃO INFORMADO=1,SÃO PAULO,REG. METROPOLITANA SÃO PAULO,SÃO PAULO,ESTADUAL
2020-03-12,12:36:00,L28-ENTREVIAS,SP330,321.0,SUL,-21.0900747564,-47.7965838701,COLISÃO,COLISÃO-TRASEIRA,FATOR-VEÍCULO,2,0,0,0,0,AUTOMÓVEL=2,RIBEIRÃO PRETO,RIBEIRÃO PRETO,RIBEIRÃO PRETO,ESTADUAL
2020-03-12,13:38:00,L01-AUTOBAN,SP330,59.9,SUL,-23.181952,-46.91110934,ENGAVETAMENTO,ENGAVETAMENTO,NÃO INFORMADO,0,0,0,0,0,AUTOMÓVEL=1|CAMINHÃO=1|UTILITÁRIO=1,JUNDIAÍ,CAMPINAS,CAMPINAS,ESTADUAL
2020-03-12,13:58:00,L01-AUTOBAN,SP330,61.0,SUL,-23.17530448,-46.91870213,COLISÃO,COLISÃO-LATERAL,NÃO INFORMADO,0,0,0,0,0,AUTOMÓVEL=1|CARRETA=1,JUNDIAÍ,CAMPINAS,CAMPINAS,ESTADUAL
2020-03-12,14:33:00,L01-AUTOBAN,SPM330D,13.1,NORTE,-23.5078233,-46.7414532,COLISÃO,COLISÃO-TRASEIRA,NÃO INFORMADO,0,0,0,0,0,AUTOMÓVEL=2,SÃO PAULO,REG. METROPOLITANA SÃO PAULO,SÃO PAULO,ESTADUAL
2020-03-12,16:26:00,L01-AUTOBAN,SP330,73.3,NORTE,-23.08022898,-46.97952812,CHOQUE,CHOQUE-BARREIRA DE CONCRETO,NÃO INFORMADO,0,0,0,0,0,AUTOMÓVEL=1,LOUVEIRA,CAMPINAS,CAMPINAS,ESTADUAL
2020-03-12,16:42:00,L06-INTERVIAS,SP330,188.5,NORTE,-22.18860054,-47.39770126,COLISÃO,COLISÃO-LATERAL,IMPRUD. CONDUTOR-LEVOU FECHADA,2,0,0,0,0,AUTOMÓVEL=1|CAMINHÃO=1,LEME,CAMPINAS,RIO CLARO,ESTADUAL
2020-03-12,17:25:00,L01-AUTOBAN,SPM330D,111.0,NORTE,-22.81770778,-47.20173419,COLISÃO,COLISÃO-LATERAL,NÃO INFORMADO,0,0,0,0,0,AUTOMÓVEL=1|MOTO=1,SUMARÉ,CAMPINAS,CAMPINAS,ESTADUAL
2020-03-12,17:34:00,L01-AUTOBAN,SP330,83.6,SUL,-23.00096501,-47.03113174,COLISÃO,COLISÃO-TRASEIRA,NÃO INFORMADO,0,1,0,0,0,AUTOMÓVEL=1|MOTO=1,VALINHOS,CAMPINAS,CAMPINAS,ESTADUAL
2020-03-12,19:29:00,L01-AUTOBAN,SP330,62.34,SUL,-23.16611637,-46.92841848,COLISÃO,COLISÃO-TRASEIRA,NÃO INFORMADO,1,0,1,0,0,MOTO=2,JUNDIAÍ,CAMPINAS,CAMPINAS,ESTADUAL
2020-03-12,20:27:00,L01-AUTOBAN,SP330,71.0,NORTE,-23.09752144,-46.96808696,COLISÃO,COLISÃO-TRASEIRA,NÃO INFORMADO,0,0,0,0,0,AUTOMÓVEL=2,LOUVEIRA,CAMPINAS,CAMPINAS,ESTADUAL
2020-03-12,20:41:00,L01-AUTOBAN,SP330,153.7,SUL,-22.4993659,-47.39949882,CHOQUE,CHOQUE-ELEMENTO DE DRENAGEM,NÃO INFORMADO,0,1,0,0,0,AUTOMÓVEL=1,CORDEIRÓPOLIS,CAMPINAS,RIO CLARO,ESTADUAL
2020-03-12,23:56:00,L01-AUTOBAN,SP330,23.56,NORTE,-23.43886013,-46.78654883,ATROPELAMENTO DE PEDESTRE,ATROP. PEDESTRE-AMBULANTE,NÃO INFORMADO,0,0,0,1,0,NÃO SE APLICA=1|ÔNIBUS=1,SÃO PAULO,REG. METROPOLITANA SÃO PAULO,SÃO PAULO,ESTADUAL
2020-03-13,06:22:00,L01-AUTOBAN,SP330,40.2,SUL,-23.32746314,-46.84064985,COLISÃO,COLISÃO-TRASEIRA,NÃO INFORMADO,0,0,0,0,0,CAMINHÃO=1|CARRETA=1,CAJAMAR,REG. METROPOLITANA SÃO PAULO,SÃO PAULO,ESTADUAL
2020-03-13,06:44:00,L01-AUTOBAN,SP330,36.2,NORTE,-23.35839489,-46.84801607,COLISÃO,COLISÃO-LATERAL,NÃO INFORMADO,0,0,0,0,0,AUTOMÓVEL=1|CARRETA=1,CAJAMAR,REG. METROPOLITANA SÃO PAULO,SÃO PAULO,ESTADUAL
2020-03-13,06:47:00,L01-AUTOBAN,SP330,106.5,SUL,-22.84332338,-47.16756821,ENGAVETAMENTO,ENGAVETAMENTO,NÃO INFORMADO,0,0,0,0,0,AUTOMÓVEL=1|VAN/PERUA=2,SUMARÉ,CAMPINAS,CAMPINAS,ESTADUAL
2020-03-13,06:53:00,L29-VIAPAULISTA,SP330,269.0,NORTE,-21.51728821,-47.64276123,CHOQUE,CHOQUE-OBJETO NA PISTA,OBJETO NA PISTA,3,0,0,0,0,CAMINHONETE=1,SÃO SIMÃO,RIBEIRÃO PRETO,RIBEIRÃO PRETO,ESTADUAL
2020-03-13,07:48:00,L29-VIAPAULISTA,SP330,313.0,SUL,-21.15711975,-47.75663376,COLISÃO,COLISÃO-TRASEIRA,IMPRUD. CONDUTOR,0,1,0,0,0,AUTOMÓVEL=1|MOTO=1,RIBEIRÃO PRETO,RIBEIRÃO PRETO,RIBEIRÃO PRETO,ESTADUAL
2020-03-13,07:52:00,L01-AUTOBAN,SP330,60.5,NORTE,-23.18071501,-46.91180375,COLISÃO,COLISÃO-LATERAL,NÃO INFORMADO,0,1,0,0,0,AUTOMÓVEL=1|MOTO=1,JUNDIAÍ,CAMPINAS,CAMPINAS,ESTADUAL
2020-03-13,08:00:00,L29-VIAPAULISTA,SP330,302.6,NORTE,-21.24973297,-47.75588226,COLISÃO,COLISÃO-LATERAL,PANE MECÂNICA/ELÉTRICA,2,0,0,1,0,CAMINHÃO=3,RIBEIRÃO PRETO,RIBEIRÃO PRETO,RIBEIRÃO PRETO,ESTADUAL
2020-03-13,08:45:00,L01-AUTOBAN,SPM330E,98.3,SUL,-22.89376331,-47.11171336,COLISÃO,COLISÃO-TRASEIRA,NÃO INFORMADO,0,0,1,1,0,MOTO=2,CAMPINAS,CAMPINAS,CAMPINAS,ESTADUAL
2020-03-13,08:46:00,L01-AUTOBAN,SP330,60.5,SUL,-23.17823622,-46.91514552,COLISÃO,COLISÃO-TRASEIRA,NÃO INFORMADO,0,0,0,0,0,AUTOMÓVEL=2,JUNDIAÍ,CAMPINAS,CAMPINAS,ESTADUAL
2020-03-13,08:48:00,L01-AUTOBAN,SPM330E,98.3,SUL,-22.89376331,-47.11171336,COLISÃO,COLISÃO-TRASEIRA,NÃO INFORMADO,0,1,0,0,0,AUTOMÓVEL=1|MOTO=1,CAMPINAS,CAMPINAS,CAMPINAS,ESTADUAL
2020-03-13,09:46:00,L01-AUTOBAN,SP330,132.1,SUL,-22.67007321,-47.31412854,CHOQUE,CHOQUE-DEFENSA METÁLICA,NÃO INFORMADO,0,1,0,0,0,AUTOMÓVEL=1,LIMEIRA,CAMPINAS,RIO CLARO,ESTADUAL
2020-03-13,10:49:00,L01-AUTOBAN,SP330,60.45,SUL,-23.17852939,-46.91478986,TOMBAMENTO,TOMBAMENTO-MOTO,NÃO INFORMADO,0,2,0,0,0,MOTO=1,JUNDIAÍ,CAMPINAS,CAMPINAS,ESTADUAL
2020-03-13,10:56:00,L01-AUTOBAN,SP330,61.1,SUL,-23.17465549,-46.91949337,COLISÃO,COLISÃO-TRASEIRA,NÃO INFORMADO,1,1,0,0,0,AUTOMÓVEL=1|UTILITÁRIO=1,JUNDIAÍ,CAMPINAS,CAMPINAS,ESTADUAL
2020-03-13,10:58:00,L01-AUTOBAN,SP330,60.45,SUL,-23.17852939,-46.91478986,COLISÃO,COLISÃO-TRASEIRA,NÃO INFORMADO,0,0,0,0,0,AUTOMÓVEL=2,JUNDIAÍ,CAMPINAS,CAMPINAS,ESTADUAL
2020-03-13,15:51:00,L01-AUTOBAN,SP330,25.9,SUL,-23.42147281,-46.79369993,COLISÃO,COLISÃO-LATERAL,NÃO INFORMADO,0,0,0,0,0,CARRETA=2,SÃO PAULO,REG. METROPOLITANA SÃO PAULO,SÃO PAULO,ESTADUAL
2020-03-13,17:06:00,L01-AUTOBAN,SPM330D,104.9,NORTE,-22.85222183,-47.15592701,COLISÃO,COLISÃO-TRASEIRA,NÃO INFORMADO,0,2,0,0,0,AUTOMÓVEL=1|MOTO=1,CAMPINAS,CAMPINAS,CAMPINAS,ESTADUAL
2020-03-13,17:58:00,L29-VIAPAULISTA,SP330,317.55,NORTE,-21.11969566,-47.77512741,TOMBAMENTO,TOMBAMENTO,ÓLEO NA PISTA,0,1,0,0,0,MOTO=1,RIBEIRÃO PRETO,RIBEIRÃO PRETO,RIBEIRÃO PRETO,ESTADUAL
2020-03-13,21:10:00,L29-VIAPAULISTA,SP330,249.6,NORTE,-21.68758392,-47.60055161,ATROPELAMENTO DE ANIMAL,ATROP. ANIMAL,ANIMAL NA RODOVIA,1,0,0,0,0,AUTOMÓVEL=1,SANTA RITA DO PASSA QUATRO,CENTRAL,RIBEIRÃO PRETO,ESTADUAL
2020-03-13,23:18:00,L06-INTERVIAS,SP330,206.0,NORTE,-22.03510094,-47.43299866,COLISÃO,COLISÃO-TRASEIRA,IMPRUD. CONDUTOR-DORMIR AO VOLANTE,2,0,0,0,0,CAMINHÃO=2,PIRASSUNUNGA,CAMPINAS,RIO CLARO,ESTADUAL
2020-03-13,23:34:00,L29-VIAPAULISTA,SP330,310.0,SUL,-21.18328476,-47.75718689,CHOQUE,"CHOQUE - DEFENSA, BARREIRA OU ""SUBMARINO""",IMPRUD. CONDUTOR,2,0,0,0,0,AUTOMÓVEL=1,RIBEIRÃO PRETO,RIBEIRÃO PRETO,RIBEIRÃO PRETO,ESTADUAL
2020-03-14,05:14:00,L01-AUTOBAN,SP330,24.7,SUL,-23.42905358,-46.78725468,CHOQUE,CHOQUE-BARREIRA DE CONCRETO,NÃO INFORMADO,0,1,0,0,0,AUTOMÓVEL=1,SÃO PAULO,REG. METROPOLITANA SÃO PAULO,SÃO PAULO,ESTADUAL
2020-03-14,07:11:00,L01-AUTOBAN,SP330,11.5,NORTE,-23.510224803517,-46.729037632504,COLISÃO,COLISÃO-TRASEIRA,NÃO INFORMADO,0,1,0,0,0,AUTOMÓVEL=1|UTILITÁRIO=1,SÃO PAULO,REG. METROPOLITANA SÃO PAULO,SÃO PAULO,ESTADUAL
2020-03-14,07:57:00,L29-VIAPAULISTA,SP330,286.0,SUL,-21.38672829,-47.7000885,OBJETO LANÇADO CONTRA O VEÍCULO,OBJETO LANÇADO CONTRA VEÍCULO,OBJETO NA PISTA,2,0,0,0,0,AUTOMÓVEL=1,CRAVINHOS,RIBEIRÃO PRETO,RIBEIRÃO PRETO,ESTADUAL
2020-03-14,09:20:00,L06-INTERVIAS,SP330,181.68,SUL,-22.26469994,-47.39120102,CHOQUE,CHOQUE-OBJETO NA PISTA,OBJETO NA PISTA,2,0,0,0,0,AUTOMÓVEL=1,LEME,CAMPINAS,RIO CLARO,ESTADUAL
2020-03-14,10:24:00,L01-AUTOBAN,SP330,17.3,SUL,-23.4876525,-46.76830262,CHOQUE,CHOQUE-BARREIRA DE CONCRETO,NÃO INFORMADO,0,0,0,0,0,AUTOMÓVEL=1,OSASCO,REG. METROPOLITANA SÃO PAULO,SÃO PAULO,ESTADUAL
2020-03-14,16:08:00,L01-AUTOBAN,SP330,56.14,NORTE,-23.21020475,-46.89277643,TOMBAMENTO,TOMBAMENTO-MOTO,NÃO INFORMADO,0,0,1,0,0,MOTO=1,JUNDIAÍ,CAMPINAS,CAMPINAS,ESTADUAL
2020-03-14,16:29:00,L01-AUTOBAN,SP330,20.6,NORTE,-23.46400506,-46.78039241,COLISÃO,COLISÃO-TRASEIRA,NÃO INFORMADO,0,1,0,0,0,MOTO=1,SÃO PAULO,REG. METROPOLITANA SÃO PAULO,SÃO PAULO,ESTADUAL
2020-03-14,16:37:00,L01-AUTOBAN,SP330,117.8,SUL,-22.77025932,-47.24027001,CHOQUE,CHOQUE-DEFENSA METÁLICA,NÃO INFORMADO,0,0,1,0,0,AUTOMÓVEL=1,NOVA ODESSA,CAMPINAS,RIO CLARO,ESTADUAL
2020-03-14,21:13:00,L01-AUTOBAN,SP330,25.4,NORTE,-23.42387885,-46.79035085,TOMBAMENTO,TOMBAMENTO-MOTO,NÃO INFORMADO,0,1,0,0,0,MOTO=1,SÃO PAULO,REG. METROPOLITANA SÃO PAULO,SÃO PAULO,ESTADUAL
2020-03-14,22:07:00,L01-AUTOBAN,SPM330D,101.86,NORTE,-22.86826547,-47.1310921,CHOQUE,CHOQUE-MEIO FIO/CALÇAMENTO,NÃO INFORMADO,0,2,0,0,0,AUTOMÓVEL=1,CAMPINAS,CAMPINAS,CAMPINAS,ESTADUAL
2020-03-15,00:28:00,L01-AUTOBAN,SP330,110.0,NORTE,-22.82267208,-47.19248056,TOMBAMENTO,TOMBAMENTO-MOTO,NÃO INFORMADO,0,1,0,0,0,MOTO=1,SUMARÉ,CAMPINAS,CAMPINAS,ESTADUAL
2020-03-15,00:58:00,L01-AUTOBAN,SP330,98.0,NORTE,-22.89587453,-47.11074829,CHOQUE,CHOQUE-ELEMENTO DE DRENAGEM,NÃO INFORMADO,0,0,0,0,0,AUTOMÓVEL=1,CAMPINAS,CAMPINAS,CAMPINAS,ESTADUAL
2020-03-15,03:07:00,L01-AUTOBAN,SPM330D,14.3,NORTE,-23.50489214,-46.75113393,CHOQUE,CHOQUE-BARREIRA DE CONCRETO,NÃO INFORMADO,0,0,0,0,0,AUTOMÓVEL=1,SÃO PAULO,REG. METROPOLITANA SÃO PAULO,SÃO PAULO,ESTADUAL
2020-03-15,07:40:00,L01-AUTOBAN,SP330,19.8,NORTE,-23.46989818,-46.77762329,CHOQUE,CHOQUE-BARREIRA DE CONCRETO,NÃO INFORMADO,0,0,0,0,0,AUTOMÓVEL=1,OSASCO,REG. METROPOLITANA SÃO PAULO,SÃO PAULO,ESTADUAL
2020-03-15,08:02:00,L01-AUTOBAN,SP330,22.2,NORTE,-23.45128804,-46.786569,COLISÃO,COLISÃO-TRASEIRA,NÃO INFORMADO,0,0,0,1,0,MOTO=1|UTILITÁRIO=1,SÃO PAULO,REG. METROPOLITANA SÃO PAULO,SÃO PAULO,ESTADUAL
2020-03-15,09:55:00,L01-AUTOBAN,SP330,60.8,NORTE,-23.17643576,-46.91695761,TOMBAMENTO,TOMBAMENTO,NÃO INFORMADO,0,1,0,0,0,MOTO=1,JUNDIAÍ,CAMPINAS,CAMPINAS,ESTADUAL
2020-03-15,13:28:00,L01-AUTOBAN,SP330,33.9,NORTE,-23.37659008,-46.83992665,CHOQUE,CHOQUE-MEIO FIO/CALÇAMENTO,NÃO INFORMADO,0,0,0,0,0,UTILITÁRIO=1,CAJAMAR,REG. METROPOLITANA SÃO PAULO,SÃO PAULO,ESTADUAL
2020-03-15,14:10:00,L29-VIAPAULISTA,SP330,244.65,NORTE,-21.72984886,-47.58512878,CHOQUE,"CHOQUE - DEFENSA, BARREIRA OU ""SUBMARINO""",IMPRUD. CONDUTOR-DORMIR AO VOLANTE,2,0,0,0,0,AUTOMÓVEL=1,SANTA RITA DO PASSA QUATRO,CENTRAL,RIBEIRÃO PRETO,ESTADUAL
2020-03-15,22:40:00,L29-VIAPAULISTA,SPA307/330,0.3,LESTE,-21.20386696,-47.76161957,CHOQUE,"CHOQUE - DEFENSA, BARREIRA OU ""SUBMARINO""",IMPRUD. CONDUTOR,0,1,0,0,0,AUTOMÓVEL=1,RIBEIRÃO PRETO,RIBEIRÃO PRETO,RIBEIRÃO PRETO,ESTADUAL
2020-03-16,00:29:00,L01-AUTOBAN,SP330,157.65,SUL,-22.46367395,-47.39918969,CHOQUE,CHOQUE-SINALIZAÇÃO,NÃO INFORMADO,0,1,0,0,0,AUTOMÓVEL=1,CORDEIRÓPOLIS,CAMPINAS,RIO CLARO,ESTADUAL
2020-03-16,05:52:00,L29-VIAPAULISTA,SP330,315.0,SUL,-21.1398716,-47.76180649,TOMBAMENTO,TOMBAMENTO,IMPRUD. CONDUTOR,0,1,0,0,0,MOTO=1,RIBEIRÃO PRETO,RIBEIRÃO PRETO,RIBEIRÃO PRETO,ESTADUAL
2020-03-16,07:50:00,L29-VIAPAULISTA,SP330,312.9,SUL,-21.1580143,-47.75655365,ENGAVETAMENTO,ENGAVETAMENTO,IMPRUD. CONDUTOR,8,1,0,0,0,AUTOMÓVEL=2|MOTO=1,RIBEIRÃO PRETO,RIBEIRÃO PRETO,RIBEIRÃO PRETO,ESTADUAL
2020-03-16,10:21:00,L28-ENTREVIAS,SP330,403.75,NORTE,-20.3920486534,-47.8174892563,OBJETO LANÇADO CONTRA O VEÍCULO,OBJETO LANÇADO CONTRA VEÍCULO,OBJETO LANÇADO-TERCEIROS,1,0,0,0,0,AUTOMÓVEL=1,ITUVERAVA,FRANCA,RIBEIRÃO PRETO,ESTADUAL
2020-03-16,11:05:00,L29-VIAPAULISTA,SP330,316.1,SUL,-21.13128471,-47.76704025,TOMBAMENTO,TOMBAMENTO,ESTOURO/FURO DE PNEU,0,1,0,0,0,MOTO=1,RIBEIRÃO PRETO,RIBEIRÃO PRETO,RIBEIRÃO PRETO,ESTADUAL
2020-03-16,11:39:00,L06-INTERVIAS,SP330,194.3,SUL,-22.13775063,-47.40756989,CHOQUE,CHOQUE-OBJETO NA PISTA,OBJETO NA PISTA,1,0,0,0,0,AUTOMÓVEL=1,LEME,CAMPINAS,RIO CLARO,ESTADUAL
2020-03-16,11:55:00,L29-VIAPAULISTA,SP330,315.0,NORTE,-21.13908958,-47.76198959,COLISÃO,COLISÃO-TRASEIRA,IMPRUD. CONDUTOR,2,0,0,0,0,CAMINHÃO=2,RIBEIRÃO PRETO,RIBEIRÃO PRETO,RIBEIRÃO PRETO,ESTADUAL
2020-03-16,12:23:00,L06-INTERVIAS,SP330,194.3,SUL,-22.13775063,-47.40756989,CHOQUE,CHOQUE-OBJETO NA PISTA,OBJETO NA PISTA,1,0,0,0,0,AUTOMÓVEL=1,LEME,CAMPINAS,RIO CLARO,ESTADUAL
2020-03-16,12:32:00,L06-INTERVIAS,SP330,203.0,SUL,-22.06150055,-47.42660141,OBJETO LANÇADO CONTRA O VEÍCULO,OBJETO LANÇADO CONTRA VEÍCULO,OBJETO LANÇADO,1,0,0,0,0,CAMINHÃO=1,PIRASSUNUNGA,CAMPINAS,RIO CLARO,ESTADUAL
2020-03-16,14:03:00,L01-AUTOBAN,SPM330E,95.7,SUL,-22.91422998,-47.09921638,COLISÃO,COLISÃO-LATERAL,NÃO INFORMADO,0,0,1,0,0,CAMINHÃO=1|MOTO=1|ÔNIBUS=1,CAMPINAS,CAMPINAS,CAMPINAS,ESTADUAL
2020-03-16,15:44:00,L01-AUTOBAN,SP330,104.0,NORTE,-22.856805,-47.148633,ENGAVETAMENTO,ENGAVETAMENTO,NÃO INFORMADO,0,0,0,0,0,AUTOMÓVEL=3,CAMPINAS,CAMPINAS,CAMPINAS,ESTADUAL
2020-03-16,15:54:00,L28-ENTREVIAS,SP330,322.15,NORTE,-21.0830758043,-47.8013818943,TOMBAMENTO,TOMBAMENTO-MOTO,FATOR-VEÍCULO,1,1,0,0,0,MOTOCICLETA / MOTONETA=1,RIBEIRÃO PRETO,RIBEIRÃO PRETO,RIBEIRÃO PRETO,ESTADUAL
2020-03-16,17:19:00,L01-AUTOBAN,SP330,101.8,NORTE,-22.86865247,-47.13064923,COLISÃO,COLISÃO-TRASEIRA,NÃO INFORMADO,0,0,0,0,0,UTILITÁRIO=2,CAMPINAS,CAMPINAS,CAMPINAS,ESTADUAL
2020-03-17,01:35:00,L29-VIAPAULISTA,SP330,280.6,NORTE,-21.41693306,-47.66221619,CHOQUE,"CHOQUE - DEFENSA, BARREIRA OU ""SUBMARINO""",IMPRUD. CONDUTOR,1,0,0,0,0,CAMINHÃO=1,SÃO SIMÃO,RIBEIRÃO PRETO,RIBEIRÃO PRETO,ESTADUAL
2020-03-17,01:40:00,L06-INTERVIAS,SP330,173.6,NORTE,-22.32229996,-47.39020157,COLISÃO,COLISÃO-TRASEIRA,IMPRUD. CONDUTOR-DORMIR AO VOLANTE,1,1,0,0,0,CAMINHONETE=1|CAMINHÃO=1,ARARAS,CAMPINAS,RIO CLARO,ESTADUAL
2020-03-17,06:05:00,L01-AUTOBAN,SP330,20.9,SUL,-23.46178382,-46.78120994,ENGAVETAMENTO,ENGAVETAMENTO,NÃO INFORMADO,0,0,0,0,0,AUTOMÓVEL=1|NÃO INFORMADO=1|ÔNIBUS=1,SÃO PAULO,REG. METROPOLITANA SÃO PAULO,SÃO PAULO,ESTADUAL
2020-03-17,06:30:00,L01-AUTOBAN,SP330,98.0,SUL,-22.89624517,-47.11095214,CHOQUE,CHOQUE-BARREIRA DE CONCRETO,NÃO INFORMADO,0,0,0,0,0,UTILITÁRIO=1,CAMPINAS,CAMPINAS,CAMPINAS,ESTADUAL
2020-03-17,07:49:00,L01-AUTOBAN,SP330,57.7,NORTE,-23.19961123,-46.90231812,COLISÃO,COLISÃO-LATERAL,NÃO INFORMADO,0,0,0,0,0,AUTOMÓVEL=2,JUNDIAÍ,CAMPINAS,CAMPINAS,ESTADUAL
2020-03-17,07:59:00,L01-AUTOBAN,SP330,105.0,SUL,-22.8520883,-47.15678573,COLISÃO,COLISÃO-TRASEIRA,NÃO INFORMADO,0,0,0,0,0,AUTOMÓVEL=1|NÃO INFORMADO=1,CAMPINAS,CAMPINAS,CAMPINAS,ESTADUAL
2020-03-17,08:08:00,L01-AUTOBAN,SP330,22.8,SUL,-23.44601525,-46.7869724,COLISÃO,COLISÃO-LATERAL,NÃO INFORMADO,0,1,0,0,0,AUTOMÓVEL=1|MOTO=1,SÃO PAULO,REG. METROPOLITANA SÃO PAULO,SÃO PAULO,ESTADUAL
2020-03-17,08:18:00,L01-AUTOBAN,SP330,60.0,SUL,-23.18116795,-46.91158891,COLISÃO,COLISÃO-TRASEIRA,NÃO INFORMADO,0,0,0,0,0,AUTOMÓVEL=2,JUNDIAÍ,CAMPINAS,CAMPINAS,ESTADUAL
2020-03-17,08:24:00,L01-AUTOBAN,SPM330E,55.0,SUL,-23.21622998,-46.88403189,COLISÃO,COLISÃO-TRANSVERSAL,NÃO INFORMADO,0,0,0,0,0,AUTOMÓVEL=2,JUNDIAÍ,CAMPINAS,CAMPINAS,ESTADUAL
2020-03-17,09:04:00,L01-AUTOBAN,SP330,120.0,SUL,-22.75697436,-47.25467026,CHOQUE,CHOQUE-DEFENSA METÁLICA,NÃO INFORMADO,0,0,0,0,0,AUTOMÓVEL=1,AMERICANA,CAMPINAS,RIO CLARO,ESTADUAL
2020-03-17,10:16:00,L29-VIAPAULISTA,SP330,307.0,SUL,-21.21128464,-47.75865936,TOMBAMENTO,TOMBAMENTO,ESTOURO/FURO DE PNEU,1,1,0,0,0,MOTO=1,RIBEIRÃO PRETO,RIBEIRÃO PRETO,RIBEIRÃO PRETO,ESTADUAL
2020-03-17,13:54:00,L01-AUTOBAN,SP330,118.4,SUL,-22.76681814,-47.24409915,CHOQUE,CHOQUE-VEÍCULO PARADO NA PISTA,NÃO INFORMADO,0,1,0,0,0,BITREM/CVC=1|VAN/PERUA=1,NOVA ODESSA,CAMPINAS,RIO CLARO,ESTADUAL
2020-03-17,14:13:00,L01-AUTOBAN,SP330,12.0,SUL,-23.50948451,-46.73040569,TOMBAMENTO,TOMBAMENTO-MOTO,NÃO INFORMADO,0,1,0,0,0,MOTO=1,SÃO PAULO,REG. METROPOLITANA SÃO PAULO,SÃO PAULO,ESTADUAL
2020-03-17,14:45:00,L06-INTERVIAS,SP330,172.0,NORTE,-22.33659935,-47.38999939,TOMBAMENTO,TOMBAMENTO,ESTOURO/FURO DE PNEU,0,1,0,0,0,MOTO=1,ARARAS,CAMPINAS,RIO CLARO,ESTADUAL
2020-03-17,18:07:00,L29-VIAPAULISTA,SP330,309.9,NORTE,-21.18424225,-47.75710297,COLISÃO,COLISÃO-TRASEIRA,IMPRUD. CONDUTOR,2,0,0,0,0,AUTOMÓVEL=2,RIBEIRÃO PRETO,RIBEIRÃO PRETO,RIBEIRÃO PRETO,ESTADUAL
2020-03-17,18:52:00,L01-AUTOBAN,SP330,97.0,NORTE,-22.90407763,-47.10779786,COLISÃO,COLISÃO-TRASEIRA,NÃO INFORMADO,0,1,0,0,0,AUTOMÓVEL=2,CAMPINAS,CAMPINAS,CAMPINAS,ESTADUAL
2020-03-17,19:22:00,L01-AUTOBAN,SP330,100.5,NORTE,-22.87707221,-47.12116331,COLISÃO,COLISÃO-TRASEIRA,NÃO INFORMADO,0,0,0,0,0,AUTOMÓVEL=1|NÃO INFORMADO=1,CAMPINAS,CAMPINAS,CAMPINAS,ESTADUAL
2020-03-17,23:54:00,L29-VIAPAULISTA,SP330,307.39,SUL,-21.20741081,-47.75845718,CHOQUE,"CHOQUE - DEFENSA, BARREIRA OU ""SUBMARINO""",IMPRUD. CONDUTOR,1,0,0,0,0,AUTOMÓVEL=1,RIBEIRÃO PRETO,RIBEIRÃO PRETO,RIBEIRÃO PRETO,ESTADUAL
2020-03-18,07:18:00,L01-AUTOBAN,SP330,106.0,SUL,-22.84677902,-47.16428518,COLISÃO,COLISÃO-TRANSVERSAL,NÃO INFORMADO,0,1,0,0,0,AUTOMÓVEL=1|MOTO=1,SUMARÉ,CAMPINAS,CAMPINAS,ESTADUAL
2020-03-18,09:06:00,L01-AUTOBAN,SP330,103.0,NORTE,-22.86219711,-47.13924408,COLISÃO,COLISÃO-TRANSVERSAL,NÃO INFORMADO,0,0,0,0,0,CARRETA=1|UTILITÁRIO=1,CAMPINAS,CAMPINAS,CAMPINAS,ESTADUAL
2020-03-18,10:07:00,L01-AUTOBAN,SP330,99.0,NORTE,-22.88773025,-47.11325347,COLISÃO,COLISÃO-TRANSVERSAL,NÃO INFORMADO,0,0,0,0,0,AUTOMÓVEL=1|NÃO INFORMADO=1,CAMPINAS,CAMPINAS,CAMPINAS,ESTADUAL
2020-03-18,10:33:00,L28-ENTREVIAS,SP330,387.0,SUL,-20.5291927672,-47.8443217961,OBJETO LANÇADO CONTRA O VEÍCULO,OBJETO LANÇADO CONTRA VEÍCULO,OBJETO LANÇADO-TERCEIROS,1,0,0,0,0,AUTOMÓVEL=1,SÃO JOAQUIM DA BARRA,FRANCA,RIBEIRÃO PRETO,ESTADUAL
2020-03-18,15:57:00,L06-INTERVIAS,SP330,200.5,SUL,-22.08345032,-47.42095184,CHOQUE,CHOQUE-OBJETO NA PISTA,OBJETO NA PISTA,1,0,0,0,0,AUTOMÓVEL=1,SANTA CRUZ DA CONCEIÇÃO,CAMPINAS,RIO CLARO,ESTADUAL
2020-03-18,17:10:00,L28-ENTREVIAS,SP330,433.188,SUL,-20.1335746244,-47.7906556173,CHOQUE,CHOQUE-TALUDE OU BARRANCO,IMPRUD. CONDUTOR-PERDA DE CONTROLE,0,3,0,0,0,AUTOMÓVEL=1,ARAMINA,FRANCA,RIBEIRÃO PRETO,ESTADUAL
2020-03-18,18:51:00,L06-INTERVIAS,SP330,169.4,SUL,-22.35930061,-47.39498138,CHOQUE,CHOQUE-OBJETO NA PISTA,OBJETO NA PISTA,1,0,0,0,0,AUTOMÓVEL=1,ARARAS,CAMPINAS,RIO CLARO,ESTADUAL
2020-03-18,19:00:00,L06-INTERVIAS,SP330,169.4,SUL,-22.35930061,-47.39498138,CHOQUE,CHOQUE-OBJETO NA PISTA,OBJETO NA PISTA,1,0,0,0,0,AUTOMÓVEL=1,ARARAS,CAMPINAS,RIO CLARO,ESTADUAL
2020-03-18,19:04:00,L06-INTERVIAS,SP330,169.4,SUL,-22.35930061,-47.39498138,CHOQUE,CHOQUE-OBJETO NA PISTA,OBJETO NA PISTA,1,0,0,0,0,CAMINHONETE=1,ARARAS,CAMPINAS,RIO CLARO,ESTADUAL
2020-03-18,23:26:00,L06-INTERVIAS,SP330,207.0,SUL,-22.0265007,-47.43619919,CHOQUE,CHOQUE-OBJETO NA PISTA,OBJETO NA PISTA,1,0,0,0,0,AUTOMÓVEL=1,PIRASSUNUNGA,CAMPINAS,RIO CLARO,ESTADUAL
2020-03-19,02:24:00,L01-AUTOBAN,SP330,134.26,NORTE,-22.65296754,-47.32372822,COLISÃO,COLISÃO-TRASEIRA,NÃO INFORMADO,0,1,0,0,0,CAMINHÃO=1|NÃO INFORMADO=1|UTILITÁRIO=1,LIMEIRA,CAMPINAS,RIO CLARO,ESTADUAL
2020-03-19,07:07:00,L29-VIAPAULISTA,SP330,313.8,SUL,-21.1501236,-47.75801849,CHOQUE,CHOQUE-ELEMENTO DE DRENAGEM,OBJETO NA PISTA,0,1,0,0,0,MOTO=1,RIBEIRÃO PRETO,RIBEIRÃO PRETO,RIBEIRÃO PRETO,ESTADUAL
2020-03-19,07:26:00,L01-AUTOBAN,SP330,103.7,SUL,-22.85871076,-47.14596105,COLISÃO,COLISÃO-TRANSVERSAL,NÃO INFORMADO,0,0,0,0,0,AUTOMÓVEL=1|CARRETA=1,CAMPINAS,CAMPINAS,CAMPINAS,ESTADUAL
2020-03-19,08:11:00,L01-AUTOBAN,SP330,56.0,SUL,-23.21105335,-46.89180493,TOMBAMENTO,TOMBAMENTO-MOTO,NÃO INFORMADO,0,0,1,0,0,MOTO=1,JUNDIAÍ,CAMPINAS,CAMPINAS,ESTADUAL
2020-03-19,10:50:00,L01-AUTOBAN,SP330,118.4,NORTE,-22.76660643,-47.24359168,CHOQUE,CHOQUE-DEFENSA METÁLICA,NÃO INFORMADO,0,0,0,0,0,CARRETA=1,NOVA ODESSA,CAMPINAS,RIO CLARO,ESTADUAL
2020-03-19,11:04:00,L06-INTERVIAS,SP330,235.0,SUL,-21.79050064,-47.51990128,OBJETO LANÇADO CONTRA O VEÍCULO,OBJETO LANÇADO CONTRA VEÍCULO,OBJETO NA PISTA,1,0,0,0,0,CAMINHÃO=1,SANTA RITA DO PASSA QUATRO,CENTRAL,RIBEIRÃO PRETO,ESTADUAL
2020-03-19,11:08:00,L01-AUTOBAN,SP330,21.1,SUL,-23.46019681,-46.78196794,COLISÃO,COLISÃO-TRASEIRA,NÃO INFORMADO,0,0,1,0,0,MOTO=1|VAN/PERUA=1,SÃO PAULO,REG. METROPOLITANA SÃO PAULO,SÃO PAULO,ESTADUAL
2020-03-19,11:38:00,L01-AUTOBAN,SP330,61.7,SUL,-23.17076144,-46.92424089,TOMBAMENTO,TOMBAMENTO-MOTO,NÃO INFORMADO,0,0,0,0,0,MOTO=1,JUNDIAÍ,CAMPINAS,CAMPINAS,ESTADUAL
2020-03-19,12:38:00,L29-VIAPAULISTA,SP330,278.0,NORTE,-21.43761063,-47.65086746,CHOQUE,"CHOQUE - DEFENSA, BARREIRA OU ""SUBMARINO""",IMPRUD. CONDUTOR-PERDA DE CONTROLE,2,0,0,0,0,CAMINHONETE=1,SÃO SIMÃO,RIBEIRÃO PRETO,RIBEIRÃO PRETO,ESTADUAL
2020-03-19,19:22:00,L06-INTERVIAS,SP330,205.0,NORTE,-22.04389954,-47.43069839,CHOQUE,CHOQUE-OBJETO NA PISTA,OBJETO NA PISTA,2,0,0,0,0,AUTOMÓVEL=1|CAMINHÃO=1,PIRASSUNUNGA,CAMPINAS,RIO CLARO,ESTADUAL
2020-03-19,21:13:00,L01-AUTOBAN,SP330,22.8,SUL,-23.44601525,-46.7869724,COLISÃO,COLISÃO-LATERAL,NÃO INFORMADO,0,1,0,0,0,AUTOMÓVEL=1|MOTO=1,SÃO PAULO,REG. METROPOLITANA SÃO PAULO,SÃO PAULO,ESTADUAL
2020-03-20,00:14:00,L01-AUTOBAN,SP330,111.34,SUL,-22.81666565,-47.20431476,CHOQUE,CHOQUE-BARREIRA DE CONCRETO,NÃO INFORMADO,0,1,0,0,0,AUTOMÓVEL=1,SUMARÉ,CAMPINAS,CAMPINAS,ESTADUAL
2020-03-20,00:27:00,L29-VIAPAULISTA,SP330,307.3,SUL,-21.20830536,-47.75850296,CHOQUE,"CHOQUE - DEFENSA, BARREIRA OU ""SUBMARINO""",IMPRUD. CONDUTOR,1,0,0,0,0,AUTOMÓVEL=1,RIBEIRÃO PRETO,RIBEIRÃO PRETO,RIBEIRÃO PRETO,ESTADUAL
2020-03-20,03:43:00,L28-ENTREVIAS,SP330,393.0,SUL,-20.4783806636,-47.8415741359,CHOQUE,CHOQUE-DEFENSA METÁLICA,FATOR-HUMANO,0,1,0,0,0,CAMINHÃO=1,GUARÁ,FRANCA,RIBEIRÃO PRETO,ESTADUAL
2020-03-20,06:57:00,L01-AUTOBAN,SP330,32.8,NORTE,-23.38630273,-46.8377402,TOMBAMENTO,TOMBAMENTO-MOTO,NÃO INFORMADO,0,1,0,0,0,MOTO=1,CAJAMAR,REG. METROPOLITANA SÃO PAULO,SÃO PAULO,ESTADUAL
2020-03-20,07:18:00,L01-AUTOBAN,SP330,33.0,NORTE,-23.38469091,-46.83834851,CHOQUE,CHOQUE-VEÍCULO PARADO NA PISTA,NÃO INFORMADO,0,1,0,0,0,MOTO=1|ÔNIBUS=1,CAJAMAR,REG. METROPOLITANA SÃO PAULO,SÃO PAULO,ESTADUAL
2020-03-20,07:56:00,L01-AUTOBAN,SP330,33.4,NORTE,-23.38109053,-46.83904991,COLISÃO,COLISÃO-TRASEIRA,NÃO INFORMADO,0,1,0,0,0,AUTOMÓVEL=1|CAMINHÃO=1,CAJAMAR,REG. METROPOLITANA SÃO PAULO,SÃO PAULO,ESTADUAL
2020-03-20,07:56:00,L01-AUTOBAN,SP330,33.8,NORTE,-23.37749019,-46.8397513,CHOQUE,CHOQUE-BARREIRA DE CONCRETO,NÃO INFORMADO,0,1,0,0,0,AUTOMÓVEL=1,CAJAMAR,REG. METROPOLITANA SÃO PAULO,SÃO PAULO,ESTADUAL
2020-03-20,12:13:00,L01-AUTOBAN,SP330,25.0,NORTE,-23.426127,-46.787542,ENGAVETAMENTO,ENGAVETAMENTO,NÃO INFORMADO,0,0,0,0,0,CAMINHÃO=3,SÃO PAULO,REG. METROPOLITANA SÃO PAULO,SÃO PAULO,ESTADUAL
2020-03-20,13:35:00,L01-AUTOBAN,SP330,103.0,NORTE,-22.86219711,-47.13924408,COLISÃO,COLISÃO-LATERAL,NÃO INFORMADO,0,1,0,0,0,MOTO=1|NÃO INFORMADO=1,CAMPINAS,CAMPINAS,CAMPINAS,ESTADUAL
2020-03-20,14:31:00,L29-VIAPAULISTA,SP330,314.0,NORTE,-21.1475029,-47.75854874,OBJETO LANÇADO CONTRA O VEÍCULO,OBJETO LANÇADO CONTRA VEÍCULO,OBRAS,1,0,0,0,0,AUTOMÓVEL=1,RIBEIRÃO PRETO,RIBEIRÃO PRETO,RIBEIRÃO PRETO,ESTADUAL
2020-03-20,17:35:00,L01-AUTOBAN,SPM330D,111.0,NORTE,-22.81770778,-47.20173419,ENGAVETAMENTO,ENGAVETAMENTO,NÃO INFORMADO,0,0,0,0,0,AUTOMÓVEL=3,SUMARÉ,CAMPINAS,CAMPINAS,ESTADUAL
2020-03-20,17:40:00,L01-AUTOBAN,SP330,86.5,SUL,-22.97900173,-47.04612315,CHOQUE,CHOQUE-BARREIRA DE CONCRETO,NÃO INFORMADO,0,0,0,0,0,AUTOMÓVEL=1,CAMPINAS,CAMPINAS,CAMPINAS,ESTADUAL
2020-03-20,18:05:00,L01-AUTOBAN,SP330,105.0,NORTE,-22.8517126,-47.15673745,TOMBAMENTO,TOMBAMENTO-MOTO,NÃO INFORMADO,0,1,0,0,0,MOTO=1,CAMPINAS,CAMPINAS,CAMPINAS,ESTADUAL
2020-03-20,18:15:00,L01-AUTOBAN,SP330,111.0,NORTE,-22.81770778,-47.20173419,TOMBAMENTO,TOMBAMENTO,NÃO INFORMADO,0,1,0,0,0,BICICLETA=1,SUMARÉ,CAMPINAS,CAMPINAS,ESTADUAL
2020-03-20,20:02:00,L01-AUTOBAN,SPM330D,108.0,NORTE,-22.83258532,-47.17717052,CHOQUE,CHOQUE-BARREIRA DE CONCRETO,NÃO INFORMADO,0,1,0,0,0,AUTOMÓVEL=1,SUMARÉ,CAMPINAS,CAMPINAS,ESTADUAL
2020-03-20,21:48:00,L01-AUTOBAN,SP330,24.6,NORTE,-23.42949212,-46.78703993,ENGAVETAMENTO,ENGAVETAMENTO,NÃO INFORMADO,0,0,0,0,0,AUTOMÓVEL=3,SÃO PAULO,REG. METROPOLITANA SÃO PAULO,SÃO PAULO,ESTADUAL
2020-03-20,23:50:00,L01-AUTOBAN,SP330,102.9,NORTE,-22.86271363,-47.13853223,CHOQUE,CHOQUE-VEÍCULO PARADO NA PISTA,NÃO INFORMADO,2,0,3,0,0,AUTOMÓVEL=2,CAMPINAS,CAMPINAS,CAMPINAS,ESTADUAL
2020-03-21,01:11:00,L29-VIAPAULISTA,SP330,246.5,SUL,-21.71408272,-47.59127426,COLISÃO,COLISÃO-TRASEIRA,IMPRUD. CONDUTOR,3,0,0,0,0,CAMINHÃO=1|UTILITÁRIO=1,SANTA RITA DO PASSA QUATRO,CENTRAL,RIBEIRÃO PRETO,ESTADUAL
2020-03-21,04:13:00,L01-AUTOBAN,SP330,154.0,SUL,-22.49665839,-47.39961147,ATROPELAMENTO DE ANIMAL,ATROP. ANIMAL,NÃO INFORMADO,0,0,0,0,0,CARRETA=1,CORDEIRÓPOLIS,CAMPINAS,RIO CLARO,ESTADUAL
2020-03-21,06:41:00,L01-AUTOBAN,SPM330E,92.5,SUL,-22.93249565,-47.07510062,CHOQUE,CHOQUE-BARREIRA DE CONCRETO,NÃO INFORMADO,0,0,0,0,0,AUTOMÓVEL=1,CAMPINAS,CAMPINAS,CAMPINAS,ESTADUAL
2020-03-21,08:17:00,L01-AUTOBAN,SPM330D,25.0,NORTE,-23.426127,-46.787542,CHOQUE,CHOQUE-SINALIZAÇÃO,NÃO INFORMADO,0,0,0,0,0,AUTOMÓVEL=1,SÃO PAULO,REG. METROPOLITANA SÃO PAULO,SÃO PAULO,ESTADUAL
2020-03-21,08:24:00,L29-VIAPAULISTA,SP330,312.4,NORTE,-21.16171074,-47.75615311,CHOQUE,CHOQUE-TALUDE OU BARRANCO,IMPRUD. CONDUTOR-LEVOU FECHADA,0,0,0,0,0,CAMINHÃO=1,RIBEIRÃO PRETO,RIBEIRÃO PRETO,RIBEIRÃO PRETO,ESTADUAL
2020-03-21,08:47:00,L01-AUTOBAN,SP330,91.44,NORTE,-22.93945225,-47.06867326,COLISÃO,COLISÃO-TRASEIRA,NÃO INFORMADO,0,0,0,0,0,AUTOMÓVEL=1|VIATURA CONCESSIONÁRIA=1,CAMPINAS,CAMPINAS,CAMPINAS,ESTADUAL
2020-03-21,08:49:00,L01-AUTOBAN,SP330,150.0,NORTE,-22.529694,-47.386737,COLISÃO,COLISÃO-TRASEIRA,NÃO INFORMADO,0,1,0,0,0,AUTOMÓVEL=1|CARRETA=1,LIMEIRA,CAMPINAS,RIO CLARO,ESTADUAL
2020-03-21,10:51:00,L29-VIAPAULISTA,SP330,280.0,NORTE,-21.42129707,-47.65880585,TOMBAMENTO,TOMBAMENTO,ESTOURO/FURO DE PNEU,1,0,0,0,0,MOTO=1,SÃO SIMÃO,RIBEIRÃO PRETO,RIBEIRÃO PRETO,ESTADUAL
2020-03-21,13:21:00,L01-AUTOBAN,SPM330D,99.7,NORTE,-22.88255133,-47.11628382,TOMBAMENTO,TOMBAMENTO-MOTO,NÃO INFORMADO,0,2,0,0,0,MOTO=1,CAMPINAS,CAMPINAS,CAMPINAS,ESTADUAL
2020-03-21,15:53:00,L06-INTERVIAS,SP330,177.7,NORTE,-22.28540039,-47.3930397,TOMBAMENTO,TOMBAMENTO,IMPRUD. CONDUTOR-PERDA DE CONTROLE,0,1,0,0,0,CAMINHÃO=1,ARARAS,CAMPINAS,RIO CLARO,ESTADUAL
2020-03-21,18:31:00,L01-AUTOBAN,SP330,153.3,NORTE,-22.5029,-47.39903319,TOMBAMENTO,TOMBAMENTO-MOTO,NÃO INFORMADO,0,0,1,0,0,MOTO=1,CORDEIRÓPOLIS,CAMPINAS,RIO CLARO,ESTADUAL
2020-03-21,19:51:00,L01-AUTOBAN,SP330,115.5,SUL,-22.78798979,-47.22857773,CHOQUE,CHOQUE-BARREIRA DE CONCRETO,NÃO INFORMADO,0,1,0,0,0,AUTOMÓVEL=1,SUMARÉ,CAMPINAS,CAMPINAS,ESTADUAL
2020-03-21,22:43:00,L06-INTERVIAS,SP330,200.3,NORTE,-22.0851593,-47.42015076,ATROPELAMENTO DE ANIMAL,ATROP. ANIMAL,ANIMAL NA RODOVIA,2,0,0,0,0,AUTOMÓVEL=1,SANTA CRUZ DA CONCEIÇÃO,CAMPINAS,RIO CLARO,ESTADUAL
2020-03-22,06:21:00,L29-VIAPAULISTA,SP330,307.5,NORTE,-21.20587158,-47.75823975,CHOQUE,"CHOQUE - DEFENSA, BARREIRA OU ""SUBMARINO""",IMPRUD. CONDUTOR-DORMIR AO VOLANTE,0,0,0,0,0,AUTOMÓVEL=1,RIBEIRÃO PRETO,RIBEIRÃO PRETO,RIBEIRÃO PRETO,ESTADUAL
2020-03-22,10:55:00,L01-AUTOBAN,SP330,125.45,NORTE,-22.72403541,-47.29317336,COLISÃO,COLISÃO-TRANSVERSAL,NÃO INFORMADO,0,0,0,0,0,AUTOMÓVEL=2,AMERICANA,CAMPINAS,RIO CLARO,ESTADUAL
2020-03-22,13:28:00,L01-AUTOBAN,SPM330E,112.7,SUL,-22.80924924,-47.21429012,TOMBAMENTO,TOMBAMENTO-MOTO,NÃO INFORMADO,0,1,0,0,0,MOTO=1,SUMARÉ,CAMPINAS,CAMPINAS,ESTADUAL
2020-03-22,13:52:00,L28-ENTREVIAS,SP330,387.5,NORTE,-20.5293152449,-47.8441424959,COLISÃO,COLISÃO-TRASEIRA,IMPRUD. CONDUTOR-EXCESSO DE VELOCIDADE,2,2,0,0,0,AUTOMÓVEL=1|NÃO INFORMADO=1,SÃO JOAQUIM DA BARRA,FRANCA,RIBEIRÃO PRETO,ESTADUAL
2020-03-22,14:04:00,L29-VIAPAULISTA,SP330,243.8,NORTE,-21.73699951,-47.58221054,CHOQUE,CHOQUE-VEÍCULO PARADO NO ACOSTAMENTO,IMPRUD. CONDUTOR-LEVOU FECHADA,2,0,0,0,0,CAMINHÃO=2,SANTA RITA DO PASSA QUATRO,CENTRAL,RIBEIRÃO PRETO,ESTADUAL
2020-03-22,15:11:00,L28-ENTREVIAS,SP330,362.0,NORTE,-20.7453112118,-47.8933138779,CAPOTAMENTO,CAPOTAMENTO,IMPRUD. CONDUTOR-EXCESSO DE VELOCIDADE,0,4,0,0,0,AUTOMÓVEL=1,ORLÂNDIA,FRANCA,RIBEIRÃO PRETO,ESTADUAL
2020-03-22,17:55:00,L29-VIAPAULISTA,SP330,295.0,NORTE,-21.3140564,-47.73584366,CHOQUE,CHOQUE-TALUDE OU BARRANCO,IMPRUD. CONDUTOR-PERDA DE CONTROLE,0,1,0,0,0,MOTO=1,CRAVINHOS,RIBEIRÃO PRETO,RIBEIRÃO PRETO,ESTADUAL
2020-03-22,19:09:00,L01-AUTOBAN,SPM330D,98.4,NORTE,-22.89261681,-47.11175037,COLISÃO,COLISÃO-TRASEIRA,NÃO INFORMADO,0,3,0,0,0,AUTOMÓVEL=1,CAMPINAS,CAMPINAS,CAMPINAS,ESTADUAL
2020-03-22,21:38:00,L28-ENTREVIAS,SP330,411.5,SUL,-20.3250127277,-47.8038659224,CHOQUE,CHOQUE-TALUDE OU BARRANCO,IMPRUD. CONDUTOR-PERDA DE CONTROLE,0,1,0,1,1,AUTOMÓVEL=1|CAMIONETA / UTILITÁRIO=1,ITUVERAVA,FRANCA,RIBEIRÃO PRETO,ESTADUAL
2020-03-23,07:30:00,L29-VIAPAULISTA,SP330,268.5,SUL,-21.52281189,-47.64326096,COLISÃO,COLISÃO-LATERAL,IMPRUD. CONDUTOR-PERDA DE CONTROLE,0,0,0,0,0,AUTOMÓVEL=1|CAMINHÃO=1,SÃO SIMÃO,RIBEIRÃO PRETO,RIBEIRÃO PRETO,ESTADUAL
2020-03-23,15:12:00,L29-VIAPAULISTA,SP330,301.0,SUL,-21.26479149,-47.75551987,OBJETO LANÇADO CONTRA O VEÍCULO,OBJETO LANÇADO CONTRA VEÍCULO,OBRAS,1,0,0,0,0,CAMINHÃO=1,RIBEIRÃO PRETO,RIBEIRÃO PRETO,RIBEIRÃO PRETO,ESTADUAL
2020-03-23,15:52:00,L29-VIAPAULISTA,SP330,311.8,SUL,-21.16830254,-47.75639725,CHOQUE,CHOQUE-VEÍCULO PARADO NO ACOSTAMENTO,IMPRUD. CONDUTOR-PERDA DE CONTROLE,4,0,0,0,0,AUTOMÓVEL=1|MOTO=1,RIBEIRÃO PRETO,RIBEIRÃO PRETO,RIBEIRÃO PRETO,ESTADUAL
2020-03-23,18:21:00,L29-VIAPAULISTA,SP330,307.33,SUL,-21.20800781,-47.7584877,TOMBAMENTO,TOMBAMENTO,ESTOURO/FURO DE PNEU,0,1,0,0,0,MOTO=1,RIBEIRÃO PRETO,RIBEIRÃO PRETO,RIBEIRÃO PRETO,ESTADUAL
2020-03-24,00:11:00,L06-INTERVIAS,SP330,219.4,NORTE,-21.9197197,-47.4723587,CHOQUE,CHOQUE-TALUDE OU BARRANCO,IMPRUD. CONDUTOR-DORMIR AO VOLANTE,1,0,0,0,0,CAMINHÃO=1,PIRASSUNUNGA,CAMPINAS,RIO CLARO,ESTADUAL
2020-03-24,05:02:00,L01-AUTOBAN,SP330,20.6,SUL,-23.464157612613,-46.780495406106,COLISÃO,COLISÃO-LATERAL,NÃO INFORMADO,0,0,0,0,0,CARRETA=1|ÔNIBUS=1,SÃO PAULO,REG. METROPOLITANA SÃO PAULO,SÃO PAULO,ESTADUAL
2020-03-24,05:31:00,L28-ENTREVIAS,SP330,383.9,NORTE,-20.5582085061,-47.8640154864,CHOQUE,CHOQUE-VEÍCULO PARADO NO ACOSTAMENTO,MAL SÚBITO DO CONDUTOR,2,0,0,0,0,CAMINHÃO=2,SÃO JOAQUIM DA BARRA,FRANCA,RIBEIRÃO PRETO,ESTADUAL
2020-03-24,05:53:00,L01-AUTOBAN,SP330,104.3,SUL,-22.855579719471,-47.151160622325,CHOQUE,CHOQUE-BARREIRA DE CONCRETO,NÃO INFORMADO,0,0,0,0,0,AUTOMÓVEL=1,CAMPINAS,CAMPINAS,CAMPINAS,ESTADUAL
2020-03-24,09:45:00,L28-ENTREVIAS,SP330,322.96,SUL,-21.083500206,-47.8013118253,COLISÃO,COLISÃO-TRASEIRA,IMPRUD. CONDUTOR-FALTA DE ATENÇÃO,2,1,0,0,0,AUTOMÓVEL=1|MOTOCICLETA / MOTONETA=1,RIBEIRÃO PRETO,RIBEIRÃO PRETO,RIBEIRÃO PRETO,ESTADUAL
2020-03-24,10:01:00,L06-INTERVIAS,SP330,173.0,NORTE,-22.32760048,-47.3891983,CHOQUE,CHOQUE-OBJETO NA PISTA,OBJETO NA PISTA,2,0,0,0,0,AUTOMÓVEL=1,ARARAS,CAMPINAS,RIO CLARO,ESTADUAL
2020-03-24,11:15:00,L01-AUTOBAN,SP330,19.8,NORTE,-23.469898178729,-46.777623291016,CHOQUE,CHOQUE-VEÍCULO PARADO NA PISTA,NÃO INFORMADO,0,0,0,0,0,AUTOMÓVEL=2,OSASCO,REG. METROPOLITANA SÃO PAULO,SÃO PAULO,ESTADUAL
2020-03-24,18:05:00,L01-AUTOBAN,SP330,38.0,NORTE,-23.344925355634,-46.840928792954,COLISÃO,COLISÃO-TRASEIRA,NÃO INFORMADO,0,0,0,0,0,MOTO=1|VAN/PERUA=1,CAJAMAR,REG. METROPOLITANA SÃO PAULO,SÃO PAULO,ESTADUAL
2020-03-24,19:19:00,L29-VIAPAULISTA,SP330,282.0,SUL,-21.40814209,-47.66928482,CHOQUE,CHOQUE-OBJETO NA PISTA,PANE MECÂNICA/ELÉTRICA,2,0,0,0,0,AUTOMÓVEL=1|CAMINHÃO=1,SÃO SIMÃO,RIBEIRÃO PRETO,RIBEIRÃO PRETO,ESTADUAL
2020-03-25,00:08:00,L28-ENTREVIAS,SP330,340.0,NORTE,-20.938807654,-47.8805878382,ATROPELAMENTO DE ANIMAL,ATROP. ANIMAL-DOMÉSTICO PEQUENO PORTE,ANIMAL NA RODOVIA,1,0,0,0,0,AUTOMÓVEL=1,JARDINÓPOLIS,RIBEIRÃO PRETO,RIBEIRÃO PRETO,ESTADUAL
2020-03-25,01:05:00,L06-INTERVIAS,SP330,215.0,NORTE,-21.95829964,-47.45890045,CHOQUE,CHOQUE-CANCELA DE PEDÁGIO,EXCESSO LATERAL,0,0,0,0,0,CAMINHÃO=1,PIRASSUNUNGA,CAMPINAS,RIO CLARO,ESTADUAL
2020-03-25,05:01:00,L01-AUTOBAN,SPI102/330,4.8,SUL,-22.905712217646,-47.137271046689,COLISÃO,COLISÃO-TRASEIRA,NÃO INFORMADO,0,1,0,0,0,CAMINHÃO=2,CAMPINAS,CAMPINAS,CAMPINAS,ESTADUAL
2020-03-25,14:25:00,L28-ENTREVIAS,SP330,400.0,NORTE,-20.4173926809,-47.8282260193,COLISÃO,COLISÃO-TRASEIRA,FATOR-HUMANO,2,2,0,0,0,CAMINHÃO=2,GUARÁ,FRANCA,RIBEIRÃO PRETO,ESTADUAL
2020-03-25,14:51:00,L01-AUTOBAN,SP330,25.8,SUL,-23.422040281897,-46.793023493472,TOMBAMENTO,TOMBAMENTO-MOTO,NÃO INFORMADO,0,1,0,0,0,MOTO=1,SÃO PAULO,REG. METROPOLITANA SÃO PAULO,SÃO PAULO,ESTADUAL
2020-03-25,18:34:00,L29-VIAPAULISTA,SP330,309.0,NORTE,-21.1923542,-47.75753021,COLISÃO,COLISÃO-LATERAL,IMPRUD. CONDUTOR,1,0,0,0,0,AUTOMÓVEL=1|NÃO INFORMADO=1,RIBEIRÃO PRETO,RIBEIRÃO PRETO,RIBEIRÃO PRETO,ESTADUAL
2020-03-25,19:26:00,L06-INTERVIAS,SP330,200.6,NORTE,-22.08251953,-47.42089844,TOMBAMENTO,TOMBAMENTO,IMPRUD. CONDUTOR-PERDA DE CONTROLE,0,1,0,0,0,MOTO=1,SANTA CRUZ DA CONCEIÇÃO,CAMPINAS,RIO CLARO,ESTADUAL
2020-03-25,21:40:00,L28-ENTREVIAS,SP330,344.2,SUL,-20.9057019896,-47.8908856625,COLISÃO,COLISÃO-TRASEIRA,IMPRUD. CONDUTOR-FALTA DE ATENÇÃO,1,1,0,0,0,CAMINHÃO=2,JARDINÓPOLIS,RIBEIRÃO PRETO,RIBEIRÃO PRETO,ESTADUAL
2020-03-25,21:49:00,L29-VIAPAULISTA,SP330,281.9,NORTE,-21.40746498,-47.66957855,CHOQUE,CHOQUE-OBJETO NA PISTA,OBJETO NA PISTA,0,0,0,0,0,CAMINHÃO=1,SÃO SIMÃO,RIBEIRÃO PRETO,RIBEIRÃO PRETO,ESTADUAL
2020-03-25,23:16:00,L29-VIAPAULISTA,SP330,247.0,NORTE,-21.70978355,-47.592453,COLISÃO,COLISÃO-TRASEIRA,IMPRUD. CONDUTOR,1,1,0,0,0,CAMINHÃO=2,SANTA RITA DO PASSA QUATRO,CENTRAL,RIBEIRÃO PRETO,ESTADUAL
2020-03-26,07:11:00,L01-AUTOBAN,SP330,109.5,SUL,-22.82524973482,-47.188380510895,COLISÃO,COLISÃO-LATERAL,NÃO INFORMADO,0,1,0,0,0,AUTOMÓVEL=1|MOTO=1,SUMARÉ,CAMPINAS,CAMPINAS,ESTADUAL
2020-03-26,11:48:00,L01-AUTOBAN,SPI102/330,3.34,NORTE,-22.892994770398,-47.134144663507,CHOQUE,CHOQUE-DEFENSA METÁLICA,NÃO INFORMADO,0,0,0,0,0,AUTOMÓVEL=1,CAMPINAS,CAMPINAS,CAMPINAS,ESTADUAL
2020-03-26,13:13:00,L06-INTERVIAS,SP330,218.0,SUL,-21.93180084,-47.46860123,CHOQUE,CHOQUE-VEÍCULO PARADO NO ACOSTAMENTO,VEÍCULO PARADO NO ACOSTAMENTO,2,0,0,0,0,CAMINHÃO=2,PIRASSUNUNGA,CAMPINAS,RIO CLARO,ESTADUAL
2020-03-26,14:42:00,L06-INTERVIAS,SP330,175.6,NORTE,-22.30430031,-47.39163971,TOMBAMENTO,TOMBAMENTO,ESTOURO/FURO DE PNEU,0,2,0,0,0,MOTO=1,ARARAS,CAMPINAS,RIO CLARO,ESTADUAL
2020-03-26,15:10:00,L01-AUTOBAN,SP330,53.7,NORTE,-23.225311511213,-46.876159910611,TOMBAMENTO,TOMBAMENTO-MOTO,NÃO INFORMADO,0,2,0,0,0,MOTO=1,JUNDIAÍ,CAMPINAS,CAMPINAS,ESTADUAL
2020-03-26,17:19:00,L01-AUTOBAN,SP330,103.5,SUL,-22.859800532278,-47.144101914169,CHOQUE,CHOQUE-BARREIRA DE CONCRETO,NÃO INFORMADO,0,0,0,0,0,UTILITÁRIO=1,CAMPINAS,CAMPINAS,CAMPINAS,ESTADUAL
2020-03-26,17:48:00,L01-AUTOBAN,SP330,15.8,SUL,-23.495398275827,-46.75800883849,CHOQUE,CHOQUE-BARREIRA DE CONCRETO,NÃO INFORMADO,0,1,0,0,0,AUTOMÓVEL=1,SÃO PAULO,REG. METROPOLITANA SÃO PAULO,SÃO PAULO,ESTADUAL
2020-03-26,21:37:00,L01-AUTOBAN,SP330,89.88,NORTE,-22.951941194711,-47.061429535902,COLISÃO,COLISÃO-TRASEIRA,NÃO INFORMADO,0,1,0,0,0,AUTOMÓVEL=1|NÃO INFORMADO=1,CAMPINAS,CAMPINAS,CAMPINAS,ESTADUAL
2020-03-27,07:37:00,L01-AUTOBAN,SP330,158.4,NORTE,-22.45664617783,-47.398702741848,TOMBAMENTO,TOMBAMENTO-MOTO,NÃO INFORMADO,0,1,0,0,0,MOTO=1,CORDEIRÓPOLIS,CAMPINAS,RIO CLARO,ESTADUAL
2020-03-27,11:09:00,L01-AUTOBAN,SP330,32.3,SUL,-23.390418606239,-46.836472997681,CHOQUE,CHOQUE-VEÍCULO PARADO NO ACOSTAMENTO,NÃO INFORMADO,0,1,0,0,0,AUTOMÓVEL=1|NÃO SE APLICA=1|VAN/PERUA=1,CAJAMAR,REG. METROPOLITANA SÃO PAULO,SÃO PAULO,ESTADUAL
2020-03-27,13:23:00,L06-INTERVIAS,SP330,184.1,SUL,-22.22780991,-47.3916893,COLISÃO,COLISÃO-TRASEIRA,IMPRUD. CONDUTOR,3,0,0,0,0,AUTOMÓVEL=1|CAMINHÃO=1,LEME,CAMPINAS,RIO CLARO,ESTADUAL
2020-03-27,15:33:00,L01-AUTOBAN,SP330,108.9,NORTE,-22.827895267076,-47.183205495576,TOMBAMENTO,TOMBAMENTO-MOTO,NÃO INFORMADO,0,0,2,0,0,MOTO=1,SUMARÉ,CAMPINAS,CAMPINAS,ESTADUAL
2020-03-27,16:03:00,L06-INTERVIAS,SP330,170.3,SUL,-22.3512001,-47.39468002,CHOQUE,CHOQUE-OBJETO NA PISTA,OBJETO NA PISTA,3,0,0,0,0,AUTOMÓVEL=1,ARARAS,CAMPINAS,RIO CLARO,ESTADUAL
2020-03-27,16:47:00,L01-AUTOBAN,SP330,86.0,NORTE,-22.982725,-47.043589,TOMBAMENTO,TOMBAMENTO,NÃO INFORMADO,0,0,0,0,0,AUTOMÓVEL=1|CAMINHÃO=1|MOTO=1,VALINHOS,CAMPINAS,CAMPINAS,ESTADUAL
2020-03-27,17:25:00,L01-AUTOBAN,SP330,67.0,NORTE,-23.130400247867,-46.95047557354,CHOQUE,CHOQUE-DEFENSA METÁLICA,NÃO INFORMADO,1,0,0,0,0,CAMINHÃO=1,JUNDIAÍ,CAMPINAS,CAMPINAS,ESTADUAL
2020-03-27,17:38:00,L01-AUTOBAN,SP330,62.0,SUL,-23.168814423993,-46.926614642143,CHOQUE,CHOQUE-BARREIRA DE CONCRETO,NÃO INFORMADO,0,1,0,0,0,AUTOMÓVEL=2,JUNDIAÍ,CAMPINAS,CAMPINAS,ESTADUAL
2020-03-28,07:21:00,L01-AUTOBAN,SP330,140.0,SUL,-22.610891090792,-47.356712222099,COLISÃO,COLISÃO-LATERAL,NÃO INFORMADO,1,0,0,0,0,AUTOMÓVEL=1|CARRETA=1,LIMEIRA,CAMPINAS,RIO CLARO,ESTADUAL
2020-03-28,10:43:00,L01-AUTOBAN,SP330,128.1,SUL,-22.703450122567,-47.304190850609,COLISÃO,COLISÃO-LATERAL,NÃO INFORMADO,0,2,0,0,0,BICICLETA=1|MOTO=1,AMERICANA,CAMPINAS,RIO CLARO,ESTADUAL
2020-03-28,15:42:00,L29-VIAPAULISTA,SP330,278.6,SUL,-21.43305588,-47.65260315,CHOQUE,CHOQUE-OBJETO NA PISTA,OBJETO NA PISTA,2,0,0,0,0,CAMINHONETE=1,SÃO SIMÃO,RIBEIRÃO PRETO,RIBEIRÃO PRETO,ESTADUAL
2020-03-28,16:02:00,L29-VIAPAULISTA,SP330,276.9,NORTE,-21.44711685,-47.64783096,CHOQUE,CHOQUE-OUTROS,CONDIÇÃO CLIMÁTICA,1,0,0,0,0,AUTOMÓVEL=1,SÃO SIMÃO,RIBEIRÃO PRETO,RIBEIRÃO PRETO,ESTADUAL
2020-03-28,20:45:00,L29-VIAPAULISTA,SP330,300.0,SUL,-21.27370071,-47.75492096,ATROPELAMENTO DE ANIMAL,ATROP. ANIMAL,ANIMAL NA RODOVIA,1,0,0,0,0,CAMINHONETE=1,CRAVINHOS,RIBEIRÃO PRETO,RIBEIRÃO PRETO,ESTADUAL
2020-03-29,09:29:00,L29-VIAPAULISTA,SP330,281.0,NORTE,-21.41406631,-47.66450119,COLISÃO,COLISÃO-TRASEIRA,IMPRUD. CONDUTOR-DESRESPEITO À SINALIZAÇÃO,0,0,0,0,0,CAMINHÃO=2,SÃO SIMÃO,RIBEIRÃO PRETO,RIBEIRÃO PRETO,ESTADUAL
2020-03-29,11:43:00,L01-AUTOBAN,SP330,92.0,SUL,-22.935126302733,-47.071105241776,CHOQUE,CHOQUE-BARREIRA DE CONCRETO,NÃO INFORMADO,0,1,0,0,0,AUTOMÓVEL=1,CAMPINAS,CAMPINAS,CAMPINAS,ESTADUAL
2020-03-29,11:59:00,L01-AUTOBAN,SP330,98.0,SUL,-22.896245165998,-47.110952138901,TOMBAMENTO,TOMBAMENTO-MOTO,NÃO INFORMADO,0,1,0,1,0,MOTO=1,CAMPINAS,CAMPINAS,CAMPINAS,ESTADUAL
2020-03-29,12:22:00,L01-AUTOBAN,SP330,98.0,SUL,-22.896245165998,-47.110952138901,CHOQUE,CHOQUE-SINALIZAÇÃO,NÃO INFORMADO,0,0,0,0,0,AUTOMÓVEL=1,CAMPINAS,CAMPINAS,CAMPINAS,ESTADUAL
2020-03-29,12:45:00,L01-AUTOBAN,SP330,92.0,NORTE,-22.935116422047,-47.071389555931,CHOQUE,CHOQUE-BARREIRA DE CONCRETO,NÃO INFORMADO,0,0,0,0,0,AUTOMÓVEL=1,CAMPINAS,CAMPINAS,CAMPINAS,ESTADUAL
2020-03-29,17:52:00,L28-ENTREVIAS,SPA327/330,4.4,OESTE,-21.0325567569,-47.7875616472,CAPOTAMENTO,CAPOTAMENTO,IMPRUD. CONDUTOR-EXCESSO DE VELOCIDADE,0,1,0,0,0,AUTOMÓVEL=1,JARDINÓPOLIS,RIBEIRÃO PRETO,RIBEIRÃO PRETO,ESTADUAL
2020-03-29,18:16:00,L29-VIAPAULISTA,SP330,300.7,SUL,-21.26746178,-47.75590897,CHOQUE,"CHOQUE - DEFENSA, BARREIRA OU ""SUBMARINO""",CONDIÇÃO CLIMÁTICA,1,0,0,0,0,AUTOMÓVEL=1,RIBEIRÃO PRETO,RIBEIRÃO PRETO,RIBEIRÃO PRETO,ESTADUAL
2020-03-30,06:09:00,L01-AUTOBAN,SP330,14.14,SUL,-23.506169338362,-46.750686730555,COLISÃO,COLISÃO-LATERAL,NÃO INFORMADO,0,0,0,1,0,AUTOMÓVEL=3|MOTO=1,SÃO PAULO,REG. METROPOLITANA SÃO PAULO,SÃO PAULO,ESTADUAL
2020-03-30,10:27:00,L29-VIAPAULISTA,SP330,304.0,NORTE,-21.23739052,-47.75875092,CHOQUE,"CHOQUE - DEFENSA, BARREIRA OU ""SUBMARINO""",IMPRUD. CONDUTOR-DORMIR AO VOLANTE,0,1,0,0,0,AUTOMÓVEL=1,RIBEIRÃO PRETO,RIBEIRÃO PRETO,RIBEIRÃO PRETO,ESTADUAL
2020-03-30,15:35:00,L28-ENTREVIAS,SP330,442.6,SUL,-20.0534618964,-47.7858239022,COLISÃO,COLISÃO-TRASEIRA,IMPRUD. CONDUTOR-FREADA BRUSCA,2,0,0,0,0,AUTOMÓVEL=1|CAMINHÃO=1,IGARAPAVA,FRANCA,RIBEIRÃO PRETO,ESTADUAL
2020-03-30,16:23:00,L28-ENTREVIAS,SP330,407.7,SUL,-20.3573124317,-47.816306994,CHOQUE,CHOQUE-DEFENSA METÁLICA,PISTA MOLHADA,1,0,0,0,0,AUTOMÓVEL=1,ITUVERAVA,FRANCA,RIBEIRÃO PRETO,ESTADUAL
2020-03-30,19:14:00,L01-AUTOBAN,SPM330E,54.74,SUL,-23.218060335812,-46.882356809463,ATROPELAMENTO DE PEDESTRE,ATROP. PEDESTRE-ANDARILHO,NÃO INFORMADO,0,0,1,0,0,AUTOMÓVEL=1|NÃO SE APLICA=1,JUNDIAÍ,CAMPINAS,CAMPINAS,ESTADUAL
2020-03-30,22:10:00,L28-ENTREVIAS,SP330,380.2,SUL,-20.5838678237,-47.8773694999,COLISÃO,COLISÃO-TRASEIRA,IMPRUD. CONDUTOR-DIST. INADEQUADA ENTRE VEÍC.,2,0,0,0,0,CAMINHÃO=2,SÃO JOAQUIM DA BARRA,FRANCA,RIBEIRÃO PRETO,ESTADUAL
2020-03-31,08:26:00,L28-ENTREVIAS,SP330,377.1,NORTE,-20.6093889397,-47.8841982259,TOMBAMENTO,TOMBAMENTO-MOTO,ESTOURO/FURO DE PNEU,0,1,0,0,0,MOTOCICLETA / MOTONETA=1,SÃO JOAQUIM DA BARRA,FRANCA,RIBEIRÃO PRETO,ESTADUAL
2020-03-31,08:48:00,L01-AUTOBAN,SP330,41.0,SUL,-23.323518428373,-46.84717297554,CHOQUE,CHOQUE-TALUDE OU BARRANCO,NÃO INFORMADO,0,0,0,0,0,AUTOMÓVEL=1,CAJAMAR,REG. METROPOLITANA SÃO PAULO,SÃO PAULO,ESTADUAL
2020-03-31,09:15:00,L01-AUTOBAN,SP330,135.7,SUL,-22.640815025208,-47.329111489059,TOMBAMENTO,TOMBAMENTO,NÃO INFORMADO,0,1,0,0,0,CARRETA=1,LIMEIRA,CAMPINAS,RIO CLARO,ESTADUAL
2020-03-31,13:33:00,L29-VIAPAULISTA,SP330,296.6,SUL,-21.30116653,-47.7420845,TOMBAMENTO,TOMBAMENTO,ESTOURO/FURO DE PNEU,0,2,0,0,0,MOTO=1,CRAVINHOS,RIBEIRÃO PRETO,RIBEIRÃO PRETO,ESTADUAL
2020-03-31,15:35:00,L06-INTERVIAS,SP330,215.0,SUL,-21.95859909,-47.45980072,CHOQUE,CHOQUE-OUTROS,IMPRUD. CONDUTOR,3,0,0,0,0,CAMINHÃO=1,PIRASSUNUNGA,CAMPINAS,RIO CLARO,ESTADUAL
2020-03-31,16:24:00,L29-VIAPAULISTA,SP330,249.8,SUL,-21.68576813,-47.60159683,OBJETO LANÇADO CONTRA O VEÍCULO,OBJETO LANÇADO CONTRA VEÍCULO,OBRAS,3,0,0,0,0,CAMINHONETE=1,SANTA RITA DO PASSA QUATRO,CENTRAL,RIBEIRÃO PRETO,ESTADUAL
2020-03-31,16:37:00,L01-AUTOBAN,SP330,26.16,SUL,-23.420148459498,-46.795779703709,TOMBAMENTO,TOMBAMENTO,NÃO INFORMADO,0,0,0,1,0,MOTO=1,SÃO PAULO,REG. METROPOLITANA SÃO PAULO,SÃO PAULO,ESTADUAL
2020-03-31,22:08:00,L01-AUTOBAN,SP330,143.8,SUL,-22.580212343912,-47.367129919621,CHOQUE,CHOQUE-ELEMENTO DE DRENAGEM,NÃO INFORMADO,0,1,0,0,0,AUTOMÓVEL=1,LIMEIRA,CAMPINAS,RIO CLARO,ESTADUAL
2020-04-01,00:04:00,L29-VIAPAULISTA,SP330,307.8,SUL,-21.20364761,-47.75825882,TOMBAMENTO,TOMBAMENTO,IMPRUD. CONDUTOR-PERDA DE CONTROLE,0,1,0,0,0,MOTO=1,RIBEIRÃO PRETO,RIBEIRÃO PRETO,RIBEIRÃO PRETO,ESTADUAL
2020-04-01,10:15:00,L06-INTERVIAS,SP330,200.0,NORTE,-22.08779907,-47.41939926,OBJETO LANÇADO CONTRA O VEÍCULO,OBJETO LANÇADO CONTRA VEÍCULO,OBJETO LANÇADO,2,0,0,0,0,CAMINHONETE=1,SANTA CRUZ DA CONCEIÇÃO,CAMPINAS,RIO CLARO,ESTADUAL
2020-04-01,10:26:00,L01-AUTOBAN,SP330,107.0,NORTE,-22.839452464187,-47.170829772949,CHOQUE,CHOQUE-DEFENSA METÁLICA,NÃO INFORMADO,0,0,0,0,0,AUTOMÓVEL=1,SUMARÉ,CAMPINAS,CAMPINAS,ESTADUAL
2020-04-01,12:20:00,L01-AUTOBAN,SP330,23.3,SUL,-23.441429780466,-46.786864042765,COLISÃO,COLISÃO-TRASEIRA,NÃO INFORMADO,0,0,0,1,0,AUTOMÓVEL=1|MOTO=1,SÃO PAULO,REG. METROPOLITANA SÃO PAULO,SÃO PAULO,ESTADUAL
2020-04-01,15:57:00,L01-AUTOBAN,SP330,118.5,NORTE,-22.766041546931,-47.244290113449,COLISÃO,COLISÃO-LATERAL,NÃO INFORMADO,0,0,0,0,0,NÃO INFORMADO=1|VAN/PERUA=1,NOVA ODESSA,CAMPINAS,RIO CLARO,ESTADUAL
2020-04-01,19:44:00,L01-AUTOBAN,SPI102/330,6.4,SUL,-22.918963897362,-47.13421399958,COLISÃO,COLISÃO-TRASEIRA,NÃO INFORMADO,0,2,0,0,0,MOTO=1|UTILITÁRIO=1,CAMPINAS,CAMPINAS,CAMPINAS,ESTADUAL
2020-04-01,21:31:00,L28-ENTREVIAS,SP330,423.0,NORTE,-20.2171748843,-47.7885477599,ATROPELAMENTO DE ANIMAL,ATROP. ANIMAL-SILVESTRE PEQUENO PORTE,ANIMAL NA RODOVIA,1,0,0,0,0,AUTOMÓVEL=1,BURITIZAL,FRANCA,RIBEIRÃO PRETO,ESTADUAL
2020-04-02,14:10:00,L29-VIAPAULISTA,SP330,307.0,SUL,-21.21128464,-47.75865936,TOMBAMENTO,TOMBAMENTO,PANE MECÂNICA/ELÉTRICA,2,0,0,0,0,CAMINHÃO=1|MOTO=1,RIBEIRÃO PRETO,RIBEIRÃO PRETO,RIBEIRÃO PRETO,ESTADUAL
2020-04-02,14:45:00,L01-AUTOBAN,SP330,116.74,NORTE,-22.77701657483,-47.233749881343,CHOQUE,CHOQUE-BARREIRA DE CONCRETO,NÃO INFORMADO,0,0,0,0,0,AUTOMÓVEL=1,NOVA ODESSA,CAMPINAS,RIO CLARO,ESTADUAL
2020-04-02,14:55:00,L01-AUTOBAN,SP330,12.15,NORTE,-23.508984766461,-46.732108071472,COLISÃO,COLISÃO-TRASEIRA,NÃO INFORMADO,0,1,0,0,0,AUTOMÓVEL=1|UTILITÁRIO=1,SÃO PAULO,REG. METROPOLITANA SÃO PAULO,SÃO PAULO,ESTADUAL
2020-04-02,16:15:00,L01-AUTOBAN,SPI102/330,0.3,NORTE,-22.868111004223,-47.132853871453,CHOQUE,CHOQUE-ELEMENTO DE DRENAGEM,NÃO INFORMADO,0,0,0,0,0,AUTOMÓVEL=1,CAMPINAS,CAMPINAS,CAMPINAS,ESTADUAL
2020-04-02,17:08:00,L06-INTERVIAS,SP330,220.5,SUL,-21.9103508,-47.47584915,TOMBAMENTO,TOMBAMENTO,ESTOURO/FURO DE PNEU,0,2,0,0,0,MOTO=1,PORTO FERREIRA,CENTRAL,RIO CLARO,ESTADUAL
2020-04-02,17:39:00,L06-INTERVIAS,SP330,197.7,NORTE,-22.10757065,-47.41296005,CHOQUE,CHOQUE-TALUDE OU BARRANCO,IMPRUD. CONDUTOR-PERDA DE CONTROLE,1,0,0,0,0,AUTOMÓVEL=1,SANTA CRUZ DA CONCEIÇÃO,CAMPINAS,RIO CLARO,ESTADUAL
2020-04-02,19:33:00,L01-AUTOBAN,SPM330E,112.0,SUL,-22.813845976757,-47.209303379059,COLISÃO,COLISÃO-TRASEIRA,NÃO INFORMADO,0,1,0,0,0,MOTO=1|NÃO INFORMADO=1,SUMARÉ,CAMPINAS,CAMPINAS,ESTADUAL
2020-04-02,21:01:00,L29-VIAPAULISTA,SP330,295.0,SUL,-21.31506348,-47.73558044,CHOQUE,CHOQUE-SINALIZAÇÃO,IMPRUD. CONDUTOR,1,0,0,0,0,CAMINHONETE=1,CRAVINHOS,RIBEIRÃO PRETO,RIBEIRÃO PRETO,ESTADUAL
2020-04-03,05:49:00,L01-AUTOBAN,SP330,76.1,NORTE,-23.059355210938,-46.995102992111,TOMBAMENTO,TOMBAMENTO-MOTO,NÃO INFORMADO,0,1,0,0,0,MOTO=1,VINHEDO,CAMPINAS,CAMPINAS,ESTADUAL
2020-04-03,09:27:00,L01-AUTOBAN,SPM330E,14.0,SUL,-23.507187255032,-46.750034093857,TOMBAMENTO,TOMBAMENTO-MOTO,NÃO INFORMADO,0,2,0,0,0,MOTO=1,SÃO PAULO,REG. METROPOLITANA SÃO PAULO,SÃO PAULO,ESTADUAL
2020-04-03,12:53:00,L28-ENTREVIAS,SP330,324.0,SUL,-21.0700577889,-47.8119681073,COLISÃO,COLISÃO-LATERAL,IMPRUD. CONDUTOR-MANOBRA BRUSCA,2,0,0,0,0,AUTOMÓVEL=1|MOTOCICLETA / MOTONETA=1,RIBEIRÃO PRETO,RIBEIRÃO PRETO,RIBEIRÃO PRETO,ESTADUAL
2020-04-03,15:33:00,L01-AUTOBAN,SP330,103.6,SUL,-22.859255647048,-47.145031482819,TOMBAMENTO,TOMBAMENTO,NÃO INFORMADO,0,0,1,0,0,CARRETA=1,CAMPINAS,CAMPINAS,CAMPINAS,ESTADUAL
2020-04-03,16:00:00,L06-INTERVIAS,SP330,159.0,NORTE,-22.45129967,-47.39849854,CAPOTAMENTO,CAPOTAMENTO,ESTOURO/FURO DE PNEU,0,1,0,0,0,CAMINHONETE=1,CORDEIRÓPOLIS,CAMPINAS,RIO CLARO,ESTADUAL
2020-04-03,18:37:00,L06-INTERVIAS,SPI165/330,0.9,LESTE,-22.39657974,-47.38159943,COLISÃO,COLISÃO-TRANSVERSAL,IMPRUD. CONDUTOR-LEVOU FECHADA,1,0,0,1,0,AUTOMÓVEL=1|MOTO=1,ARARAS,CAMPINAS,RIO CLARO,ESTADUAL
2020-04-03,20:37:00,L06-INTERVIAS,SPI165/330,2.0,LESTE,-22.39690018,-47.37120056,CHOQUE,CHOQUE-TALUDE OU BARRANCO,IMPRUD. CONDUTOR-LEVOU FECHADA,1,0,0,0,0,AUTOMÓVEL=1,ARARAS,CAMPINAS,RIO CLARO,ESTADUAL
2020-04-03,22:13:00,L06-INTERVIAS,SP330,224.0,SUL,-21.88019943,-47.48619843,CHOQUE,CHOQUE-VEÍCULO PARADO NO ACOSTAMENTO,IMPRUD. CONDUTOR,3,0,0,0,0,CAMINHÃO=2,PORTO FERREIRA,CENTRAL,RIO CLARO,ESTADUAL
2020-04-04,07:05:00,L01-AUTOBAN,SPM330E,18.0,SUL,-23.482190300948,-46.771175265312,COLISÃO,COLISÃO-TRASEIRA,NÃO INFORMADO,0,2,0,0,0,AUTOMÓVEL=1|CAMINHÃO=1,OSASCO,REG. METROPOLITANA SÃO PAULO,SÃO PAULO,ESTADUAL
2020-04-04,13:05:00,L01-AUTOBAN,SP330,37.6,SUL,-23.347366658149,-46.843305303468,TOMBAMENTO,TOMBAMENTO-MOTO,NÃO INFORMADO,0,0,0,1,0,MOTO=1,CAJAMAR,REG. METROPOLITANA SÃO PAULO,SÃO PAULO,ESTADUAL
2020-04-04,14:20:00,L01-AUTOBAN,SP330,111.5,NORTE,-22.815710122667,-47.20535248518,TOMBAMENTO,TOMBAMENTO,NÃO INFORMADO,0,1,0,0,0,UTILITÁRIO=1,SUMARÉ,CAMPINAS,CAMPINAS,ESTADUAL
2020-04-04,15:30:00,L01-AUTOBAN,SP330,22.5,NORTE,-23.448689540268,-46.786686480045,TOMBAMENTO,TOMBAMENTO-MOTO,NÃO INFORMADO,0,1,1,0,0,MOTO=1,SÃO PAULO,REG. METROPOLITANA SÃO PAULO,SÃO PAULO,ESTADUAL
2020-04-04,18:49:00,L01-AUTOBAN,SP330,22.36,SUL,-23.449876183136,-46.786793017636,COLISÃO,COLISÃO-TRASEIRA,NÃO INFORMADO,0,0,1,0,0,MOTO=1|UTILITÁRIO=1,SÃO PAULO,REG. METROPOLITANA SÃO PAULO,SÃO PAULO,ESTADUAL
2020-04-04,20:30:00,L01-AUTOBAN,SP330,100.3,NORTE,-22.878376013776,-47.119731030862,COLISÃO,COLISÃO-TRASEIRA,NÃO INFORMADO,0,0,0,0,0,AUTOMÓVEL=2,CAMPINAS,CAMPINAS,CAMPINAS,ESTADUAL
2020-04-04,22:54:00,L01-AUTOBAN,SP330,83.9,SUL,-22.998728113803,-47.032667048634,COLISÃO,COLISÃO-TRASEIRA,NÃO INFORMADO,0,1,0,0,0,AUTOMÓVEL=1|MOTO=1,VALINHOS,CAMPINAS,CAMPINAS,ESTADUAL
2020-04-04,23:29:00,L01-AUTOBAN,SP330,125.4,NORTE,-22.724506415068,-47.293025855752,COLISÃO,COLISÃO-TRASEIRA,NÃO INFORMADO,0,1,0,0,0,AUTOMÓVEL=1|MOTO=1,AMERICANA,CAMPINAS,RIO CLARO,ESTADUAL
2020-04-04,23:50:00,L01-AUTOBAN,SP330,119.3,SUL,-22.761538164336,-47.249931356109,CHOQUE,CHOQUE-SINALIZAÇÃO,NÃO INFORMADO,0,0,0,1,0,MOTO=1,NOVA ODESSA,CAMPINAS,RIO CLARO,ESTADUAL
2020-04-05,06:04:00,L01-AUTOBAN,SPI102/330,1.0,NORTE,-22.872117347182,-47.131390571594,CHOQUE,CHOQUE-DEFENSA METÁLICA,NÃO INFORMADO,0,1,0,0,0,MOTO=1,CAMPINAS,CAMPINAS,CAMPINAS,ESTADUAL
2020-04-05,11:04:00,L01-AUTOBAN,SP330,72.0,NORTE,-23.090420658481,-46.972727179527,COLISÃO,COLISÃO-TRASEIRA,NÃO INFORMADO,0,0,0,0,0,AUTOMÓVEL=1|MOTO=1,LOUVEIRA,CAMPINAS,CAMPINAS,ESTADUAL
2020-04-05,18:34:00,L01-AUTOBAN,SP330,33.14,SUL,-23.383473417917,-46.838824751519,COLISÃO,COLISÃO-TRASEIRA,NÃO INFORMADO,0,1,0,0,0,MOTO=1|NÃO INFORMADO=1,CAJAMAR,REG. METROPOLITANA SÃO PAULO,SÃO PAULO,ESTADUAL
2020-04-05,18:50:00,L01-AUTOBAN,SPM330D,106.3,NORTE,-22.844390617728,-47.16608745256,CHOQUE,CHOQUE-MEIO FIO/CALÇAMENTO,NÃO INFORMADO,0,1,0,0,0,AUTOMÓVEL=1,SUMARÉ,CAMPINAS,CAMPINAS,ESTADUAL
2020-04-05,19:09:00,L01-AUTOBAN,SPI102/330,0.4,NORTE,-22.868683338907,-47.132644828625,TOMBAMENTO,TOMBAMENTO-MOTO,NÃO INFORMADO,0,1,0,0,0,MOTO=1,CAMPINAS,CAMPINAS,CAMPINAS,ESTADUAL
2020-04-05,19:28:00,L01-AUTOBAN,SP330,57.2,NORTE,-23.205750189404,-46.899166419244,ATROPELAMENTO DE PEDESTRE,ATROP. PEDESTRE-MORADOR/TRABALHADOR/ESTUDANTE,NÃO INFORMADO,0,0,0,0,2,NÃO INFORMADO=1|NÃO SE APLICA=1,JUNDIAÍ,CAMPINAS,CAMPINAS,ESTADUAL
2020-04-06,07:19:00,L01-AUTOBAN,SP330,136.0,SUL,-22.638337,-47.330187,TOMBAMENTO,TOMBAMENTO-MOTO,NÃO INFORMADO,0,1,0,0,0,MOTO=1,LIMEIRA,CAMPINAS,RIO CLARO,ESTADUAL
2020-04-06,16:54:00,L29-VIAPAULISTA,SP330,286.0,SUL,-21.38672829,-47.7000885,OBJETO LANÇADO CONTRA O VEÍCULO,OBJETO LANÇADO CONTRA VEÍCULO,OBRAS,1,0,0,0,0,CAMINHÃO=1,CRAVINHOS,RIBEIRÃO PRETO,RIBEIRÃO PRETO,ESTADUAL
2020-04-06,19:28:00,L28-ENTREVIAS,SP330,382.8,NORTE,-20.5676864601,-47.8688318461,ATROPELAMENTO DE PEDESTRE,ATROP. PEDESTRE-SEM INFORMAÇÃO,IMPRUD. PEDESTRE-ANDARILHO,1,1,0,0,0,AUTOMÓVEL=1,SÃO JOAQUIM DA BARRA,FRANCA,RIBEIRÃO PRETO,ESTADUAL
2020-04-06,23:03:00,L06-INTERVIAS,SP330,240.0,SUL,-21.7614994,-47.55709839,CHOQUE,CHOQUE-OBJETO NA PISTA,OBJETO NA PISTA,1,0,0,0,0,AUTOMÓVEL=1,SANTA RITA DO PASSA QUATRO,CENTRAL,RIBEIRÃO PRETO,ESTADUAL
2020-04-07,00:03:00,L01-AUTOBAN,SPM330E,95.8,SUL,-22.913418609088,-47.099940083654,CHOQUE,CHOQUE-BARREIRA DE CONCRETO,NÃO INFORMADO,0,1,0,0,0,MOTO=1,CAMPINAS,CAMPINAS,CAMPINAS,ESTADUAL
2020-04-07,00:38:00,L01-AUTOBAN,SPM330D,113.8,NORTE,-22.801812829573,-47.220710294223,TOMBAMENTO,TOMBAMENTO-MOTO,NÃO INFORMADO,0,2,0,0,0,MOTO=1,SUMARÉ,CAMPINAS,CAMPINAS,ESTADUAL
2020-04-07,08:12:00,L01-AUTOBAN,SP330,110.3,SUL,-22.82153086776,-47.195274917676,TOMBAMENTO,TOMBAMENTO-MOTO,NÃO INFORMADO,0,0,1,0,0,MOTO=1,SUMARÉ,CAMPINAS,CAMPINAS,ESTADUAL
2020-04-07,19:05:00,L29-VIAPAULISTA,SP330,261.7,SUL,-21.58136559,-47.62770462,CHOQUE,CHOQUE-OBJETO NA PISTA,OBJETO NA PISTA,2,0,0,0,0,AUTOMÓVEL=1,SÃO SIMÃO,RIBEIRÃO PRETO,RIBEIRÃO PRETO,ESTADUAL
2020-04-07,19:06:00,L29-VIAPAULISTA,SP330,261.7,SUL,-21.58136559,-47.62770462,CHOQUE,CHOQUE-OBJETO NA PISTA,OBJETO NA PISTA,2,0,0,0,0,AUTOMÓVEL=1,SÃO SIMÃO,RIBEIRÃO PRETO,RIBEIRÃO PRETO,ESTADUAL
2020-04-07,19:19:00,L29-VIAPAULISTA,SP330,261.7,SUL,-21.58765602,-47.62550354,CHOQUE,CHOQUE-OBJETO NA PISTA,OBJETO NA PISTA,1,0,0,0,0,AUTOMÓVEL=1,SÃO SIMÃO,RIBEIRÃO PRETO,RIBEIRÃO PRETO,ESTADUAL
2020-04-07,20:30:00,L01-AUTOBAN,SP330,128.3,NORTE,-22.70168785919,-47.305199343109,TOMBAMENTO,TOMBAMENTO-MOTO,NÃO INFORMADO,0,0,1,0,0,MOTO=1,AMERICANA,CAMPINAS,RIO CLARO,ESTADUAL
2020-04-07,22:17:00,L06-INTERVIAS,SP330,175.5,SUL,-22.30514908,-47.3919487,ATROPELAMENTO DE ANIMAL,ATROP. ANIMAL,ANIMAL NA RODOVIA,3,0,0,0,0,AUTOMÓVEL=1,ARARAS,CAMPINAS,RIO CLARO,ESTADUAL
2020-04-08,07:50:00,L01-AUTOBAN,SP330,119.0,NORTE,-22.763217100847,-47.247782349587,CHOQUE,CHOQUE-MEIO FIO/CALÇAMENTO,NÃO INFORMADO,0,0,0,0,0,AUTOMÓVEL=1,NOVA ODESSA,CAMPINAS,RIO CLARO,ESTADUAL
2020-04-08,08:09:00,L01-AUTOBAN,SP330,119.0,NORTE,-22.763217100847,-47.247782349587,CHOQUE,CHOQUE-DEFENSA METÁLICA,NÃO INFORMADO,0,0,0,0,0,AUTOMÓVEL=1,NOVA ODESSA,CAMPINAS,RIO CLARO,ESTADUAL
2020-04-08,08:56:00,L28-ENTREVIAS,SP330,347.0,NORTE,-20.8793600275,-47.897705,OBJETO LANÇADO CONTRA O VEÍCULO,OBJETO LANÇADO CONTRA VEÍCULO,OBJETO LANÇADO-TERCEIROS,1,0,0,0,0,CAMINHÃO=1,SALES OLIVEIRA,FRANCA,RIBEIRÃO PRETO,ESTADUAL
2020-04-08,08:59:00,L28-ENTREVIAS,SP330,319.0,SUL,-21.1047282399,-47.7860724281,TOMBAMENTO,TOMBAMENTO-MOTO,IMPRUD. CONDUTOR-PERDA DE CONTROLE,1,1,0,0,0,AUTOMÓVEL=1|MOTOCICLETA / MOTONETA=1,RIBEIRÃO PRETO,RIBEIRÃO PRETO,RIBEIRÃO PRETO,ESTADUAL
2020-04-08,14:24:00,L01-AUTOBAN,SPM330D,51.5,NORTE,-23.244002623421,-46.867477031834,COLISÃO,COLISÃO-TRASEIRA,NÃO INFORMADO,0,1,0,0,0,MOTO=2,JUNDIAÍ,CAMPINAS,CAMPINAS,ESTADUAL
2020-04-08,20:21:00,L28-ENTREVIAS,SP330,353.0,SUL,-20.8272374278,-47.8937231081,COLISÃO,COLISÃO-TRASEIRA,IMPRUD. CONDUTOR-FALTA DE ATENÇÃO,2,0,0,0,0,CAMINHÃO=2,SALES OLIVEIRA,FRANCA,RIBEIRÃO PRETO,ESTADUAL
2020-04-09,04:54:00,L01-AUTOBAN,SP330,71.0,SUL,-23.097837246034,-46.968103051186,COLISÃO,COLISÃO-LATERAL,NÃO INFORMADO,1,0,0,0,0,NÃO INFORMADO=1|UTILITÁRIO=1,LOUVEIRA,CAMPINAS,CAMPINAS,ESTADUAL
2020-04-09,07:35:00,L01-AUTOBAN,SP330,117.5,SUL,-22.774853689811,-47.235413769215,COLISÃO,COLISÃO-LATERAL,NÃO INFORMADO,0,1,0,0,0,AUTOMÓVEL=1|MOTO=1,NOVA ODESSA,CAMPINAS,RIO CLARO,ESTADUAL
2020-04-09,17:47:00,L06-INTERVIAS,SP330,210.1,NORTE,-21.99983978,-47.44509125,TOMBAMENTO,TOMBAMENTO,IMPRUD. CONDUTOR,0,2,0,0,0,MOTO=1,PIRASSUNUNGA,CAMPINAS,RIO CLARO,ESTADUAL
2020-04-09,18:42:00,L29-VIAPAULISTA,SP330,315.8,SUL,-21.13360596,-47.7654686,TOMBAMENTO,TOMBAMENTO,ESTOURO/FURO DE PNEU,0,2,0,0,0,MOTO=1,RIBEIRÃO PRETO,RIBEIRÃO PRETO,RIBEIRÃO PRETO,ESTADUAL
2020-04-10,02:03:00,L28-ENTREVIAS,SP330,426.0,SUL,-20.1938723383,-47.785571,ATROPELAMENTO DE ANIMAL,ATROP. ANIMAL-SILVESTRE GRANDE PORTE,ANIMAL NA RODOVIA,1,0,0,0,0,CAMINHÃO=1,ARAMINA,FRANCA,RIBEIRÃO PRETO,ESTADUAL
2020-04-10,02:50:00,L01-AUTOBAN,SP330,110.5,NORTE,-22.820189929367,-47.197107374668,CHOQUE,CHOQUE-ELEMENTO DE DRENAGEM,NÃO INFORMADO,0,0,1,0,0,MOTO=1,SUMARÉ,CAMPINAS,CAMPINAS,ESTADUAL
2020-04-10,11:06:00,L06-INTERVIAS,SP330,162.5,NORTE,-22.42065048,-47.39144897,OBJETO LANÇADO CONTRA O VEÍCULO,OBJETO LANÇADO CONTRA VEÍCULO,OBJETO LANÇADO,1,0,0,0,0,AUTOMÓVEL=1|NÃO INFORMADO=1,ARARAS,CAMPINAS,RIO CLARO,ESTADUAL
2020-04-10,11:12:00,L01-AUTOBAN,SP330,94.0,SUL,-22.924889525296,-47.087171673775,CHOQUE,CHOQUE-BARREIRA DE CONCRETO,NÃO INFORMADO,0,2,0,0,0,VAN/PERUA=1,CAMPINAS,CAMPINAS,CAMPINAS,ESTADUAL
2020-04-10,13:04:00,L29-VIAPAULISTA,SP330,307.0,SUL,-21.21128464,-47.75865936,TOMBAMENTO,TOMBAMENTO,ESTOURO/FURO DE PNEU,1,0,0,0,0,MOTO=1,RIBEIRÃO PRETO,RIBEIRÃO PRETO,RIBEIRÃO PRETO,ESTADUAL
2020-04-11,00:26:00,L29-VIAPAULISTA,SP330,241.0,NORTE,-21.7556324,-47.56420517,CHOQUE,CHOQUE-SINALIZAÇÃO,IMPRUD. CONDUTOR-PERDA DE CONTROLE,1,0,0,0,0,AUTOMÓVEL=1,SANTA RITA DO PASSA QUATRO,CENTRAL,RIBEIRÃO PRETO,ESTADUAL
2020-04-11,15:31:00,L01-AUTOBAN,SP330,20.5,NORTE,-23.464828315897,-46.78013920784,COLISÃO,COLISÃO-TRASEIRA,NÃO INFORMADO,0,0,0,0,0,AUTOMÓVEL=1|MOTO=1,SÃO PAULO,REG. METROPOLITANA SÃO PAULO,SÃO PAULO,ESTADUAL
2020-04-11,16:21:00,L29-VIAPAULISTA,SP330,307.0,SUL,-21.21128464,-47.75865936,TOMBAMENTO,TOMBAMENTO,IMPRUD. CONDUTOR-PERDA DE CONTROLE,0,2,0,0,0,MOTO=1,RIBEIRÃO PRETO,RIBEIRÃO PRETO,RIBEIRÃO PRETO,ESTADUAL
2020-04-11,18:58:00,L01-AUTOBAN,SP330,92.48,NORTE,-22.932524450536,-47.075025369322,COLISÃO,COLISÃO-TRASEIRA,NÃO INFORMADO,0,1,0,0,0,MOTO=1|NÃO INFORMADO=1,CAMPINAS,CAMPINAS,CAMPINAS,ESTADUAL
2020-04-11,22:16:00,L01-AUTOBAN,SP330,50.5,NORTE,-23.256405598711,-46.867213074603,CHOQUE,CHOQUE-DEFENSA METÁLICA,NÃO INFORMADO,0,0,0,0,0,AUTOMÓVEL=1,JUNDIAÍ,CAMPINAS,CAMPINAS,ESTADUAL
2020-04-11,23:26:00,L06-INTERVIAS,SP330,170.0,NORTE,-22.3539505,-47.39395142,CAPOTAMENTO,CAPOTAMENTO,IMPRUD. CONDUTOR-PERDA DE CONTROLE,1,0,0,0,0,AUTOMÓVEL=1,ARARAS,CAMPINAS,RIO CLARO,ESTADUAL
2020-04-12,01:01:00,L06-INTERVIAS,SP330,218.5,SUL,-21.92754936,-47.47005081,CAPOTAMENTO,CAPOTAMENTO,IMPRUD. CONDUTOR-PERDA DE CONTROLE,0,1,0,0,0,AUTOMÓVEL=1,PIRASSUNUNGA,CAMPINAS,RIO CLARO,ESTADUAL
2020-04-12,05:55:00,L01-AUTOBAN,SP330,64.2,SUL,-23.151833222814,-46.936419713729,TOMBAMENTO,TOMBAMENTO-MOTO,NÃO INFORMADO,0,1,0,0,0,MOTO=1,JUNDIAÍ,CAMPINAS,CAMPINAS,ESTADUAL
2020-04-12,12:26:00,L01-AUTOBAN,SP330,41.5,SUL,-23.320422328204,-46.850177049637,COLISÃO,COLISÃO-TRASEIRA,NÃO INFORMADO,1,0,0,0,0,AUTOMÓVEL=1|MOTO=1,CAJAMAR,REG. METROPOLITANA SÃO PAULO,SÃO PAULO,ESTADUAL
2020-04-12,20:02:00,L29-VIAPAULISTA,SP330,254.0,SUL,-21.64901733,-47.61066055,CHOQUE,CHOQUE-OBJETO NA PISTA,OBJETO NA PISTA,2,0,0,0,0,AUTOMÓVEL=1,SANTA RITA DO PASSA QUATRO,CENTRAL,RIBEIRÃO PRETO,ESTADUAL
2020-04-12,21:52:00,L01-AUTOBAN,SP330,74.1,SUL,-23.074562114491,-46.983946682076,COLISÃO,COLISÃO-TRASEIRA,NÃO INFORMADO,0,0,0,0,0,AUTOMÓVEL=1|CARRETA=1,VINHEDO,CAMPINAS,CAMPINAS,ESTADUAL
2020-04-12,23:07:00,L29-VIAPAULISTA,SP330,243.2,SUL,-21.74147987,-47.579319,TOMBAMENTO,TOMBAMENTO,ESTOURO/FURO DE PNEU,2,0,0,0,0,MOTO=1,SANTA RITA DO PASSA QUATRO,CENTRAL,RIBEIRÃO PRETO,ESTADUAL
2020-04-12,23:14:00,L01-AUTOBAN,SPM330D,97.12,NORTE,-22.903093235949,-47.108151920793,CHOQUE,CHOQUE-BARREIRA DE CONCRETO,NÃO INFORMADO,0,0,0,0,0,AUTOMÓVEL=1,CAMPINAS,CAMPINAS,CAMPINAS,ESTADUAL
2020-04-13,05:07:00,L01-AUTOBAN,SP330,136.85,NORTE,-22.631748894562,-47.335583696677,TOMBAMENTO,TOMBAMENTO,NÃO INFORMADO,0,1,0,0,0,CAMINHÃO=1,LIMEIRA,CAMPINAS,RIO CLARO,ESTADUAL
2020-04-13,10:08:00,L01-AUTOBAN,SP330,25.0,SUL,-23.42658,-46.787612,CHOQUE,CHOQUE-DEFENSA METÁLICA,NÃO INFORMADO,0,0,0,0,0,AUTOMÓVEL=1,SÃO PAULO,REG. METROPOLITANA SÃO PAULO,SÃO PAULO,ESTADUAL
2020-04-13,12:10:00,L01-AUTOBAN,SPM330D,103.6,NORTE,-22.858961851751,-47.14487741751,TOMBAMENTO,TOMBAMENTO-MOTO,NÃO INFORMADO,0,1,0,0,0,MOTO=1,CAMPINAS,CAMPINAS,CAMPINAS,ESTADUAL
2020-04-13,12:36:00,L01-AUTOBAN,SPI102/330,0.9,NORTE,-22.871545012327,-47.131599614485,CHOQUE,CHOQUE-VEÍCULO PARADO NO ACOSTAMENTO,NÃO INFORMADO,0,0,0,0,0,CAMINHÃO=1|CARRETA=1,CAMPINAS,CAMPINAS,CAMPINAS,ESTADUAL
2020-04-13,13:19:00,L01-AUTOBAN,SP330,108.15,NORTE,-22.831803634182,-47.178176353673,COLISÃO,COLISÃO-TRASEIRA,NÃO INFORMADO,0,1,0,0,0,AUTOMÓVEL=1|MOTO=1,SUMARÉ,CAMPINAS,CAMPINAS,ESTADUAL
2020-04-13,13:42:00,L29-VIAPAULISTA,SP330,267.0,NORTE,-21.53518105,-47.64116669,OBJETO LANÇADO CONTRA O VEÍCULO,OBJETO LANÇADO CONTRA VEÍCULO,OBRAS,1,0,0,0,0,AUTOMÓVEL=1,SÃO SIMÃO,RIBEIRÃO PRETO,RIBEIRÃO PRETO,ESTADUAL
2020-04-13,14:14:00,L29-VIAPAULISTA,SP330,274.0,NORTE,-21.47225761,-47.64026642,CHOQUE,CHOQUE-OBJETO NA PISTA,OBJETO NA PISTA,1,0,0,0,0,CAMINHONETE=1,SÃO SIMÃO,RIBEIRÃO PRETO,RIBEIRÃO PRETO,ESTADUAL
2020-04-13,15:21:00,L01-AUTOBAN,SP330,101.8,NORTE,-22.868652468972,-47.130649231549,CHOQUE,CHOQUE-BARREIRA DE CONCRETO,NÃO INFORMADO,0,0,0,0,0,AUTOMÓVEL=1,CAMPINAS,CAMPINAS,CAMPINAS,ESTADUAL
2020-04-13,16:43:00,L01-AUTOBAN,SP330,101.8,NORTE,-22.868652468972,-47.130649231549,COLISÃO,COLISÃO-TRASEIRA,NÃO INFORMADO,0,0,0,0,0,CAMINHÃO=1|UTILITÁRIO=1,CAMPINAS,CAMPINAS,CAMPINAS,ESTADUAL
2020-04-13,18:20:00,L06-INTERVIAS,SP330,219.0,SUL,-21.92329979,-47.4715004,CHOQUE,CHOQUE-OUTROS,IMPRUD. CONDUTOR-DORMIR AO VOLANTE,2,0,0,0,0,AUTOMÓVEL=1,PIRASSUNUNGA,CAMPINAS,RIO CLARO,ESTADUAL
2020-04-13,18:57:00,L01-AUTOBAN,SP330,24.5,NORTE,-23.430333403917,-46.786914415451,COLISÃO,COLISÃO-LATERAL,NÃO INFORMADO,0,1,0,0,0,AUTOMÓVEL=1|CARRETA=1,SÃO PAULO,REG. METROPOLITANA SÃO PAULO,SÃO PAULO,ESTADUAL
2020-04-14,08:47:00,L29-VIAPAULISTA,SP330,243.0,SUL,-21.74288559,-47.57804489,COLISÃO,COLISÃO-TRASEIRA,IMPRUD. CONDUTOR-LEVOU FECHADA,0,0,0,0,0,CAMINHÃO=2,SANTA RITA DO PASSA QUATRO,CENTRAL,RIBEIRÃO PRETO,ESTADUAL
2020-04-14,09:05:00,L29-VIAPAULISTA,SP330,311.0,SUL,-21.17521858,-47.75676346,COLISÃO,COLISÃO-TRASEIRA,IMPRUD. CONDUTOR-PERDA DE CONTROLE,0,0,0,0,0,AUTOMÓVEL=2,RIBEIRÃO PRETO,RIBEIRÃO PRETO,RIBEIRÃO PRETO,ESTADUAL
2020-04-14,11:35:00,L29-VIAPAULISTA,SP330,307.4,SUL,-21.20731354,-47.75845337,CHOQUE,CHOQUE-ELEMENTO DE DRENAGEM,IMPRUD. CONDUTOR-PERDA DE CONTROLE,0,0,0,0,0,CAMINHONETE=1,RIBEIRÃO PRETO,RIBEIRÃO PRETO,RIBEIRÃO PRETO,ESTADUAL
2020-04-14,11:58:00,L28-ENTREVIAS,SP330,410.0,SUL,-20.33261515,-47.8052823405,CHOQUE,CHOQUE-TALUDE OU BARRANCO,CONDIÇÃO CLIMÁTICA,0,1,0,0,0,CAMINHÃO=1,ITUVERAVA,FRANCA,RIBEIRÃO PRETO,ESTADUAL
2020-04-14,15:48:00,L01-AUTOBAN,SP330,152.0,SUL,-22.514108056285,-47.395604252815,CHOQUE,CHOQUE-PRAÇA MANUAL-(ENTRE VEÍCULOS),NÃO INFORMADO,0,0,0,0,0,AUTOMÓVEL=2,LIMEIRA,CAMPINAS,RIO CLARO,ESTADUAL
2020-04-14,17:36:00,L29-VIAPAULISTA,SP330,317.0,SUL,-21.12443161,-47.7719574,COLISÃO,COLISÃO-TRASEIRA,IMPRUD. CONDUTOR,2,0,0,0,0,AUTOMÓVEL=1|CAMINHONETE=1,RIBEIRÃO PRETO,RIBEIRÃO PRETO,RIBEIRÃO PRETO,ESTADUAL
2020-04-14,18:39:00,L06-INTERVIAS,SP330,226.2,NORTE,-21.86128044,-47.49227905,COLISÃO,COLISÃO-TRASEIRA,NÃO INFORMADO,1,0,0,1,0,AUTOMÓVEL=1|MOTO=1,PORTO FERREIRA,CENTRAL,RIO CLARO,ESTADUAL
2020-04-14,22:09:00,L01-AUTOBAN,SP330,22.2,NORTE,-23.451288036673,-46.786568999589,ATROPELAMENTO DE ANIMAL,ATROP. ANIMAL,NÃO INFORMADO,0,0,0,0,0,AUTOMÓVEL=1,SÃO PAULO,REG. METROPOLITANA SÃO PAULO,SÃO PAULO,ESTADUAL
2020-04-15,03:48:00,L01-AUTOBAN,SPI102/330,1.1,NORTE,-22.873065312451,-47.131300985792,CHOQUE,CHOQUE-VEÍCULO PARADO NO ACOSTAMENTO,NÃO INFORMADO,0,0,0,0,0,AUTOMÓVEL=1|UTILITÁRIO=1,CAMPINAS,CAMPINAS,CAMPINAS,ESTADUAL
2020-04-15,10:57:00,L01-AUTOBAN,SP330,62.4,SUL,-23.165640226995,-46.928736814011,COLISÃO,COLISÃO-LATERAL,NÃO INFORMADO,0,1,0,0,0,AUTOMÓVEL=1|CAMINHÃO=2,JUNDIAÍ,CAMPINAS,CAMPINAS,ESTADUAL
2020-04-15,12:04:00,L06-INTERVIAS,SP330,166.2,NORTE,-22.38812065,-47.39353943,CAPOTAMENTO,CAPOTAMENTO,IMPRUD. CONDUTOR-PERDA DE CONTROLE,0,1,0,0,0,CAMINHONETE=1,ARARAS,CAMPINAS,RIO CLARO,ESTADUAL
2020-04-15,19:06:00,L01-AUTOBAN,SP330,87.14,NORTE,-22.973631754638,-47.049046751727,COLISÃO,COLISÃO-TRASEIRA,NÃO INFORMADO,0,0,0,0,1,BITREM/CVC=1|MOTO=1,CAMPINAS,CAMPINAS,CAMPINAS,ESTADUAL
2020-04-15,20:45:00,L01-AUTOBAN,SP330,87.14,NORTE,-22.973631754638,-47.049046751727,COLISÃO,COLISÃO-TRASEIRA,NÃO INFORMADO,0,0,0,0,0,AUTOMÓVEL=2,CAMPINAS,CAMPINAS,CAMPINAS,ESTADUAL
2020-04-16,09:28:00,L01-AUTOBAN,SP330,144.62,NORTE,-22.572681946036,-47.366229561449,TOMBAMENTO,TOMBAMENTO-MOTO,NÃO INFORMADO,0,1,1,0,0,MOTO=1,LIMEIRA,CAMPINAS,RIO CLARO,ESTADUAL
2020-04-16,09:39:00,L01-AUTOBAN,SP330,74.5,NORTE,-23.0716635,-46.985857,TOMBAMENTO,TOMBAMENTO,NÃO INFORMADO,0,1,0,0,0,MOTO=1,VINHEDO,CAMPINAS,CAMPINAS,ESTADUAL
2020-04-16,14:17:00,L29-VIAPAULISTA,SP330,297.0,NORTE,-21.29753304,-47.74358368,CAPOTAMENTO,CAPOTAMENTO,IMPRUD. CONDUTOR-PERDA DE CONTROLE,2,1,0,0,0,AUTOMÓVEL=2,CRAVINHOS,RIBEIRÃO PRETO,RIBEIRÃO PRETO,ESTADUAL
2020-04-16,14:43:00,L29-VIAPAULISTA,SP330,256.0,SUL,-21.63142967,-47.61357117,CHOQUE,CHOQUE-OBJETO NA PISTA,OBJETO NA PISTA,1,0,0,0,0,AUTOMÓVEL=1,SANTA RITA DO PASSA QUATRO,CENTRAL,RIBEIRÃO PRETO,ESTADUAL
2020-04-16,17:29:00,L06-INTERVIAS,SP330,212.0,NORTE,-21.98340034,-47.45069885,COLISÃO,COLISÃO-LATERAL,IMPRUD. CONDUTOR,3,0,0,0,0,CAMINHÃO=1|UTILITÁRIO=1,PIRASSUNUNGA,CAMPINAS,RIO CLARO,ESTADUAL
2020-04-16,18:09:00,L01-AUTOBAN,SPM330E,101.75,SUL,-22.869788611441,-47.130540542027,COLISÃO,COLISÃO-LATERAL,NÃO INFORMADO,0,0,0,0,0,AUTOMÓVEL=1|CAMINHÃO=1,CAMPINAS,CAMPINAS,CAMPINAS,ESTADUAL
2020-04-16,22:14:00,L28-ENTREVIAS,SP330,371.7,NORTE,-20.6629580864,-47.8821932589,CHOQUE,CHOQUE-SINALIZAÇÃO,IMPRUD. CONDUTOR-PERDA DE CONTROLE,0,1,0,0,0,MOTOCICLETA / MOTONETA=1,ORLÂNDIA,FRANCA,RIBEIRÃO PRETO,ESTADUAL
2020-04-17,01:47:00,L01-AUTOBAN,SPM330E,111.49,SUL,-22.816024809352,-47.20544854576,CHOQUE,CHOQUE-DEFENSA METÁLICA,NÃO INFORMADO,0,2,0,0,0,AUTOMÓVEL=2,SUMARÉ,CAMPINAS,CAMPINAS,ESTADUAL
2020-04-17,07:46:00,L01-AUTOBAN,SP330,123.7,SUL,-22.73552228,-47.28306571,CHOQUE,CHOQUE-OBJETO NA PISTA,NÃO INFORMADO,0,0,0,0,0,CAMINHÃO=1|UTILITÁRIO=1,AMERICANA,CAMPINAS,RIO CLARO,ESTADUAL
2020-04-17,08:41:00,L01-AUTOBAN,SP330,120.66,NORTE,-22.752328651426,-47.259124670295,TOMBAMENTO,TOMBAMENTO-MOTO,NÃO INFORMADO,0,2,0,0,0,MOTO=1,AMERICANA,CAMPINAS,RIO CLARO,ESTADUAL
2020-04-17,11:25:00,L01-AUTOBAN,SP330,17.6,NORTE,-23.485581170446,-46.769270898508,COLISÃO,COLISÃO-TRASEIRA,NÃO INFORMADO,0,0,0,0,0,CAMINHÃO=1|UTILITÁRIO=1,OSASCO,REG. METROPOLITANA SÃO PAULO,SÃO PAULO,ESTADUAL
2020-04-17,11:27:00,L01-AUTOBAN,SP330,37.46,NORTE,-23.348366857066,-46.843993597458,CHOQUE,CHOQUE-BARREIRA DE CONCRETO,NÃO INFORMADO,0,0,0,0,0,AUTOMÓVEL=1,CAJAMAR,REG. METROPOLITANA SÃO PAULO,SÃO PAULO,ESTADUAL
2020-04-17,13:25:00,L01-AUTOBAN,SP330,103.5,NORTE,-22.859501054404,-47.143938539795,COLISÃO,COLISÃO-LATERAL,NÃO INFORMADO,0,1,0,0,0,MOTO=1|UTILITÁRIO=1,CAMPINAS,CAMPINAS,CAMPINAS,ESTADUAL
2020-04-17,16:23:00,L01-AUTOBAN,SP330,101.1,NORTE,-22.873167649934,-47.125482190313,COLISÃO,COLISÃO-LATERAL,NÃO INFORMADO,0,0,0,0,0,NÃO INFORMADO=1|UTILITÁRIO=1,CAMPINAS,CAMPINAS,CAMPINAS,ESTADUAL
2020-04-17,16:27:00,L01-AUTOBAN,SP330,99.5,SUL,-22.884250932435,-47.115686237812,CHOQUE,CHOQUE-VEÍCULO PARADO NA PISTA,NÃO INFORMADO,0,0,0,0,0,AUTOMÓVEL=1|NÃO INFORMADO=2,CAMPINAS,CAMPINAS,CAMPINAS,ESTADUAL
2020-04-17,16:31:00,L06-INTERVIAS,SP330,197.0,NORTE,-22.11380005,-47.4117012,CHOQUE,CHOQUE-OBJETO NA PISTA,OBJETO NA PISTA,2,0,0,0,0,AUTOMÓVEL=1,SANTA CRUZ DA CONCEIÇÃO,CAMPINAS,RIO CLARO,ESTADUAL
2020-04-17,16:48:00,L29-VIAPAULISTA,SP330,265.35,NORTE,-21.54982376,-47.63832474,OBJETO LANÇADO CONTRA O VEÍCULO,OBJETO LANÇADO CONTRA VEÍCULO,OBRAS,2,0,0,0,0,AUTOMÓVEL=1,SÃO SIMÃO,RIBEIRÃO PRETO,RIBEIRÃO PRETO,ESTADUAL
2020-04-17,18:03:00,L01-AUTOBAN,SP330,99.0,NORTE,-22.887730245676,-47.113253474236,TOMBAMENTO,TOMBAMENTO-MOTO,NÃO INFORMADO,0,0,1,0,0,MOTO=1,CAMPINAS,CAMPINAS,CAMPINAS,ESTADUAL
2020-04-18,00:46:00,L01-AUTOBAN,SP330,124.8,SUL,-22.729665152805,-47.290806073797,CHOQUE,CHOQUE-BARREIRA DE CONCRETO,NÃO INFORMADO,0,0,1,0,0,AUTOMÓVEL=1,AMERICANA,CAMPINAS,RIO CLARO,ESTADUAL
2020-04-18,08:05:00,L01-AUTOBAN,SP330,20.0,NORTE,-23.468944569907,-46.778873205185,COLISÃO,COLISÃO-TRASEIRA,NÃO INFORMADO,0,0,0,0,0,AUTOMÓVEL=1|ÔNIBUS=1,OSASCO,REG. METROPOLITANA SÃO PAULO,SÃO PAULO,ESTADUAL
2020-04-18,10:07:00,L01-AUTOBAN,SP330,136.52,NORTE,-22.634191606853,-47.333439902404,TOMBAMENTO,TOMBAMENTO,NÃO INFORMADO,0,1,0,0,0,UTILITÁRIO=1,LIMEIRA,CAMPINAS,RIO CLARO,ESTADUAL
2020-04-18,10:57:00,L29-VIAPAULISTA,SP330,310.0,NORTE,-21.18334198,-47.75705719,OBJETO LANÇADO CONTRA O VEÍCULO,OBJETO LANÇADO CONTRA VEÍCULO,OBJETO NA PISTA,1,0,0,0,0,AUTOMÓVEL=1,RIBEIRÃO PRETO,RIBEIRÃO PRETO,RIBEIRÃO PRETO,ESTADUAL
2020-04-18,12:48:00,L06-INTERVIAS,SP330,226.7,NORTE,-21.86239815,-47.4919014,CHOQUE,"CHOQUE - DEFENSA, BARREIRA OU ""SUBMARINO""",IMPRUD. CONDUTOR-PERDA DE CONTROLE,1,0,0,0,0,AUTOMÓVEL=1,PORTO FERREIRA,CENTRAL,RIO CLARO,ESTADUAL
2020-04-18,12:53:00,L29-VIAPAULISTA,SP330,316.1,SUL,-21.13128471,-47.76704025,COLISÃO,COLISÃO-TRASEIRA,IMPRUD. CONDUTOR-LEVOU FECHADA,2,0,0,0,0,AUTOMÓVEL=2,RIBEIRÃO PRETO,RIBEIRÃO PRETO,RIBEIRÃO PRETO,ESTADUAL
2020-04-18,16:06:00,L28-ENTREVIAS,SP330,377.2,SUL,-20.6094033837,-47.8844489135,CHOQUE,CHOQUE-DEFENSA METÁLICA,IMPRUD. CONDUTOR-LEVOU FECHADA,1,0,0,0,0,CAMIONETA / UTILITÁRIO=1,SÃO JOAQUIM DA BARRA,FRANCA,RIBEIRÃO PRETO,ESTADUAL
2020-04-19,01:55:00,L01-AUTOBAN,SP330,92.0,SUL,-22.935126302733,-47.071105241776,CHOQUE,CHOQUE-BARREIRA DE CONCRETO,NÃO INFORMADO,0,3,0,0,0,AUTOMÓVEL=1,CAMPINAS,CAMPINAS,CAMPINAS,ESTADUAL
2020-04-19,03:42:00,L01-AUTOBAN,SPM330E,89.0,SUL,-22.958986056022,-47.057656645775,CHOQUE,CHOQUE-DEFENSA METÁLICA,NÃO INFORMADO,0,0,0,0,0,AUTOMÓVEL=1,CAMPINAS,CAMPINAS,CAMPINAS,ESTADUAL
2020-04-19,03:48:00,L01-AUTOBAN,SP330,83.0,NORTE,-23.005453558525,-47.027873396874,ATROPELAMENTO DE ANIMAL,ATROP. ANIMAL,NÃO INFORMADO,0,0,0,0,0,AUTOMÓVEL=1,VALINHOS,CAMPINAS,CAMPINAS,ESTADUAL
2020-04-19,05:35:00,L06-INTERVIAS,SP330,218.5,SUL,-21.92754936,-47.47005081,ATROPELAMENTO DE ANIMAL,ATROP. ANIMAL,ANIMAL NA RODOVIA,0,1,0,0,0,MOTO=1,PIRASSUNUNGA,CAMPINAS,RIO CLARO,ESTADUAL
2020-04-19,06:42:00,L28-ENTREVIAS,SP330,380.5,NORTE,-20.5839603943,-47.877173231,CHOQUE,CHOQUE-BARREIRA DE CONCRETO,ANIMAL NA RODOVIA,1,0,0,0,0,AUTOMÓVEL=1,SÃO JOAQUIM DA BARRA,FRANCA,RIBEIRÃO PRETO,ESTADUAL
2020-04-19,10:51:00,L01-AUTOBAN,SP330,128.18,SUL,-22.702876942979,-47.304664127405,CHOQUE,CHOQUE-DEFENSA METÁLICA,NÃO INFORMADO,0,0,0,0,0,AUTOMÓVEL=1,AMERICANA,CAMPINAS,RIO CLARO,ESTADUAL
2020-04-19,10:58:00,L01-AUTOBAN,SPM330D,98.6,NORTE,-22.890987973218,-47.112251397125,COLISÃO,COLISÃO-LATERAL,NÃO INFORMADO,0,2,0,0,0,AUTOMÓVEL=1|ÔNIBUS=1,CAMPINAS,CAMPINAS,CAMPINAS,ESTADUAL
2020-04-19,12:11:00,L28-ENTREVIAS,SP330,374.0,SUL,-20.634984647,-47.881892632,COLISÃO,COLISÃO-TRASEIRA,IMPRUD. CONDUTOR-FALTA DE ATENÇÃO,2,0,0,0,0,AUTOMÓVEL=1|CAMINHÃO=1,SÃO JOAQUIM DA BARRA,FRANCA,RIBEIRÃO PRETO,ESTADUAL
2020-04-19,18:55:00,L29-VIAPAULISTA,SP330,312.0,SUL,-21.16648865,-47.75630951,COLISÃO,COLISÃO-TRASEIRA,IMPRUD. CONDUTOR,1,1,0,0,0,AUTOMÓVEL=1|MOTO=1,RIBEIRÃO PRETO,RIBEIRÃO PRETO,RIBEIRÃO PRETO,ESTADUAL
2020-04-19,20:43:00,L01-AUTOBAN,SPM330E,13.5,SUL,-23.50766933734,-46.745039820671,CHOQUE,CHOQUE-BARREIRA DE CONCRETO,NÃO INFORMADO,0,0,0,0,0,AUTOMÓVEL=1,SÃO PAULO,REG. METROPOLITANA SÃO PAULO,SÃO PAULO,ESTADUAL
2020-04-19,21:31:00,L01-AUTOBAN,SP330,75.2,SUL,-23.066631623062,-46.989893982529,COLISÃO,COLISÃO-TRASEIRA,NÃO INFORMADO,0,1,0,0,0,AUTOMÓVEL=1|BITREM/CVC=1,VINHEDO,CAMPINAS,CAMPINAS,ESTADUAL
2020-04-20,00:36:00,L01-AUTOBAN,SP330,20.3,SUL,-23.466531416194,-46.779780862898,CHOQUE,CHOQUE-DEFENSA METÁLICA,NÃO INFORMADO,0,0,0,0,0,AUTOMÓVEL=1,OSASCO,REG. METROPOLITANA SÃO PAULO,SÃO PAULO,ESTADUAL
2020-04-20,08:49:00,L01-AUTOBAN,SP330,92.3,NORTE,-22.933496434703,-47.073661946524,COLISÃO,COLISÃO-LATERAL,NÃO INFORMADO,0,0,0,0,0,CARRETA=1|VAN/PERUA=1,CAMPINAS,CAMPINAS,CAMPINAS,ESTADUAL
2020-04-20,19:56:00,L01-AUTOBAN,SP330,61.3,SUL,-23.173357470582,-46.921075874491,COLISÃO,COLISÃO-LATERAL,NÃO INFORMADO,0,0,1,0,0,AUTOMÓVEL=1|MOTO=1,JUNDIAÍ,CAMPINAS,CAMPINAS,ESTADUAL
2020-04-20,20:36:00,L01-AUTOBAN,SP330,92.0,NORTE,-22.935116422047,-47.071389555931,TOMBAMENTO,TOMBAMENTO-MOTO,NÃO INFORMADO,0,1,0,0,0,MOTO=1,CAMPINAS,CAMPINAS,CAMPINAS,ESTADUAL
2020-04-21,07:56:00,L06-INTERVIAS,SP330,235.0,SUL,-21.79050064,-47.51990128,CHOQUE,CHOQUE-OBJETO NA PISTA,OBJETO NA PISTA,1,0,0,0,0,CAMINHÃO=1,SANTA RITA DO PASSA QUATRO,CENTRAL,RIBEIRÃO PRETO,ESTADUAL
2020-04-21,08:42:00,L01-AUTOBAN,SP330,41.5,NORTE,-23.320203111845,-46.850107312203,COLISÃO,COLISÃO-LATERAL,NÃO INFORMADO,0,0,2,0,0,MOTO=2,CAJAMAR,REG. METROPOLITANA SÃO PAULO,SÃO PAULO,ESTADUAL
2020-04-21,10:45:00,L01-AUTOBAN,SP330,42.7,NORTE,-23.312448581294,-46.856037142929,COLISÃO,COLISÃO-LATERAL,NÃO INFORMADO,0,0,0,0,0,AUTOMÓVEL=1|CAMINHÃO=1,CAJAMAR,REG. METROPOLITANA SÃO PAULO,SÃO PAULO,ESTADUAL
2020-04-21,14:59:00,L01-AUTOBAN,SPM330D,109.74,NORTE,-22.823894631918,-47.190243368841,COLISÃO,COLISÃO-TRASEIRA,NÃO INFORMADO,0,2,0,0,0,MOTO=1|NÃO INFORMADO=1,SUMARÉ,CAMPINAS,CAMPINAS,ESTADUAL
2020-04-21,19:21:00,L01-AUTOBAN,SPM330D,25.0,NORTE,-23.426127,-46.787542,TOMBAMENTO,TOMBAMENTO-MOTO,NÃO INFORMADO,0,1,0,0,0,MOTO=1,SÃO PAULO,REG. METROPOLITANA SÃO PAULO,SÃO PAULO,ESTADUAL
2020-04-21,22:14:00,L01-AUTOBAN,SP330,143.95,NORTE,-22.578718544672,-47.366706939893,CHOQUE,CHOQUE-MEIO FIO/CALÇAMENTO,NÃO INFORMADO,0,0,0,0,0,AUTOMÓVEL=1,LIMEIRA,CAMPINAS,RIO CLARO,ESTADUAL
2020-04-22,04:44:00,L06-INTERVIAS,SP330,207.0,SUL,-22.0265007,-47.43619919,COLISÃO,COLISÃO-TRASEIRA,NÃO INFORMADO,1,0,0,1,0,CAMINHÃO=2,PIRASSUNUNGA,CAMPINAS,RIO CLARO,ESTADUAL
2020-04-22,19:01:00,L28-ENTREVIAS,SP330,354.7,NORTE,-20.8138215536,-47.8923598803,CHOQUE,CHOQUE-DEFENSA METÁLICA,ESTOURO/FURO DE PNEU,1,0,0,0,0,CAMINHÃO=1,SALES OLIVEIRA,FRANCA,RIBEIRÃO PRETO,ESTADUAL
2020-04-23,00:21:00,L01-AUTOBAN,SP330,81.0,SUL,-23.021683043135,-47.0179438591,CHOQUE,CHOQUE-DEFENSA METÁLICA,NÃO INFORMADO,0,1,0,0,0,MOTO=1,VALINHOS,CAMPINAS,CAMPINAS,ESTADUAL
2020-04-23,01:07:00,L06-INTERVIAS,SP330,233.4,NORTE,-21.79991913,-47.50799942,COLISÃO,COLISÃO-TRASEIRA,IMPRUD. CONDUTOR-DORMIR AO VOLANTE,1,1,0,0,0,CAMINHÃO=2,SANTA RITA DO PASSA QUATRO,CENTRAL,RIBEIRÃO PRETO,ESTADUAL
2020-04-23,06:09:00,L28-ENTREVIAS,SP330,364.6,SUL,-20.7254498212,-47.8936535028,TOMBAMENTO,TOMBAMENTO-VEÍCULOS PESADOS,IMPRUD. CONDUTOR-FREADA BRUSCA,1,0,0,0,0,CAMINHÃO=1,ORLÂNDIA,FRANCA,RIBEIRÃO PRETO,ESTADUAL
2020-04-23,06:23:00,L01-AUTOBAN,SP330,20.1,SUL,-23.468113936822,-46.779304505303,CHOQUE,CHOQUE-BARREIRA DE CONCRETO,NÃO INFORMADO,0,1,0,0,0,AUTOMÓVEL=1,OSASCO,REG. METROPOLITANA SÃO PAULO,SÃO PAULO,ESTADUAL
2020-04-23,08:54:00,L01-AUTOBAN,SP330,127.7,SUL,-22.706331300296,-47.301894826242,COLISÃO,COLISÃO-TRASEIRA,NÃO INFORMADO,0,0,0,0,0,AUTOMÓVEL=1,AMERICANA,CAMPINAS,RIO CLARO,ESTADUAL
2020-04-23,17:16:00,L29-VIAPAULISTA,SP330,281.0,NORTE,-21.41406631,-47.66450119,CHOQUE,CHOQUE-OUTROS,FALHA DE EQUIP. PEDÁGIO-PISTA AVI,1,0,0,0,0,CAMINHÃO=1,SÃO SIMÃO,RIBEIRÃO PRETO,RIBEIRÃO PRETO,ESTADUAL
2020-04-23,19:26:00,L01-AUTOBAN,SPM330E,95.0,SUL,-22.919909191683,-47.094150781631,COLISÃO,COLISÃO-TRASEIRA,NÃO INFORMADO,0,0,0,0,0,AUTOMÓVEL=4,CAMPINAS,CAMPINAS,CAMPINAS,ESTADUAL
2020-04-23,19:52:00,L01-AUTOBAN,SP330,131.12,NORTE,-22.677962330479,-47.311008869583,COLISÃO,COLISÃO-TRASEIRA,NÃO INFORMADO,1,0,0,0,1,CARRETA=1|MOTO=1,LIMEIRA,CAMPINAS,RIO CLARO,ESTADUAL
2020-04-23,21:05:00,L28-ENTREVIAS,SP330,359.0,NORTE,-20.7708586025,-47.8915369243,COLISÃO,COLISÃO-TRASEIRA,IMPRUD. CONDUTOR-DORMIR AO VOLANTE,1,1,0,0,0,CAMINHÃO=2,ORLÂNDIA,FRANCA,RIBEIRÃO PRETO,ESTADUAL
2020-04-23,22:00:00,L01-AUTOBAN,SP330,130.8,NORTE,-22.680802729836,-47.310685515486,COLISÃO,COLISÃO-LATERAL,NÃO INFORMADO,0,0,0,0,0,AUTOMÓVEL=1|NÃO INFORMADO=1,LIMEIRA,CAMPINAS,RIO CLARO,ESTADUAL
2020-04-24,01:51:00,L01-AUTOBAN,SP330,51.18,NORTE,-23.24651038204,-46.866508692384,COLISÃO,COLISÃO-TRASEIRA,NÃO INFORMADO,0,0,1,0,0,AUTOMÓVEL=1|CAMINHÃO=1,JUNDIAÍ,CAMPINAS,CAMPINAS,ESTADUAL
2020-04-24,07:56:00,L06-INTERVIAS,SPI165/330,2.5,LESTE,-22.39554977,-47.36750031,CHOQUE,CHOQUE-SINALIZAÇÃO,IMPRUD. CONDUTOR-PERDA DE CONTROLE,0,1,0,0,0,CAMINHÃO=1,ARARAS,CAMPINAS,RIO CLARO,ESTADUAL
2020-04-24,10:23:00,L01-AUTOBAN,SP330,94.3,SUL,-22.923395410013,-47.08926542743,TOMBAMENTO,TOMBAMENTO-MOTO,NÃO INFORMADO,0,2,0,0,0,MOTO=1,CAMPINAS,CAMPINAS,CAMPINAS,ESTADUAL
2020-04-24,14:29:00,L06-INTERVIAS,SP330,208.0,SUL,-22.01779938,-47.43920135,TOMBAMENTO,TOMBAMENTO,OBJETO NA PISTA,0,1,0,0,0,MOTO=1,PIRASSUNUNGA,CAMPINAS,RIO CLARO,ESTADUAL
2020-04-24,15:57:00,L01-AUTOBAN,SP330,53.2,SUL,-23.229410204902,-46.8739714657,COLISÃO,COLISÃO-TRASEIRA,NÃO INFORMADO,0,2,0,0,0,AUTOMÓVEL=1|UTILITÁRIO=1,JUNDIAÍ,CAMPINAS,CAMPINAS,ESTADUAL
2020-04-24,17:07:00,L01-AUTOBAN,SP330,13.3,NORTE,-23.507651899837,-46.743281601744,CHOQUE,CHOQUE-ELEMENTO DE DRENAGEM,NÃO INFORMADO,0,1,0,0,0,AUTOMÓVEL=1,SÃO PAULO,REG. METROPOLITANA SÃO PAULO,SÃO PAULO,ESTADUAL
2020-04-24,18:18:00,L01-AUTOBAN,SPM330D,13.3,NORTE,-23.507651899837,-46.743281601744,ENGAVETAMENTO,ENGAVETAMENTO,NÃO INFORMADO,0,0,0,0,0,MOTO=1|NÃO INFORMADO=2,SÃO PAULO,REG. METROPOLITANA SÃO PAULO,SÃO PAULO,ESTADUAL
2020-04-24,19:38:00,L29-VIAPAULISTA,SP330,267.8,NORTE,-21.52807045,-47.64248657,CHOQUE,CHOQUE-OBJETO NA PISTA,OBJETO NA PISTA,1,0,0,0,0,AUTOMÓVEL=1,SÃO SIMÃO,RIBEIRÃO PRETO,RIBEIRÃO PRETO,ESTADUAL
2020-04-24,20:06:00,L29-VIAPAULISTA,SP330,267.8,NORTE,-21.52807045,-47.64248657,CHOQUE,CHOQUE-OBJETO NA PISTA,OBJETO NA PISTA,4,0,0,0,0,AUTOMÓVEL=1,SÃO SIMÃO,RIBEIRÃO PRETO,RIBEIRÃO PRETO,ESTADUAL
2020-04-24,20:41:00,L01-AUTOBAN,SP330,14.9,NORTE,-23.500572440174,-46.754039798726,CHOQUE,CHOQUE-SINALIZAÇÃO,NÃO INFORMADO,0,1,0,0,0,AUTOMÓVEL=1,SÃO PAULO,REG. METROPOLITANA SÃO PAULO,SÃO PAULO,ESTADUAL
2020-04-24,21:56:00,L28-ENTREVIAS,SP330,323.0,NORTE,-21.0766553741,-47.8062917556,CHOQUE,CHOQUE-OBJETO NA PISTA,OBJETO NA PISTA,1,0,0,0,0,AUTOMÓVEL=1,RIBEIRÃO PRETO,RIBEIRÃO PRETO,RIBEIRÃO PRETO,ESTADUAL
2020-04-25,06:55:00,L01-AUTOBAN,SP330,98.0,NORTE,-22.895874533463,-47.110748291016,TOMBAMENTO,TOMBAMENTO-MOTO,NÃO INFORMADO,0,1,0,0,0,MOTO=1,CAMPINAS,CAMPINAS,CAMPINAS,ESTADUAL
2020-04-25,11:32:00,L01-AUTOBAN,SP330,112.64,NORTE,-22.809421104781,-47.213688035281,TOMBAMENTO,TOMBAMENTO-MOTO,NÃO INFORMADO,0,2,0,0,0,MOTO=1,SUMARÉ,CAMPINAS,CAMPINAS,ESTADUAL
2020-04-25,17:49:00,L01-AUTOBAN,SPM330D,110.4,NORTE,-22.82068635225,-47.196182026678,TOMBAMENTO,TOMBAMENTO-MOTO,NÃO INFORMADO,0,1,0,0,0,MOTO=1,SUMARÉ,CAMPINAS,CAMPINAS,ESTADUAL
2020-04-25,18:42:00,L01-AUTOBAN,SP330,70.6,SUL,-23.101087933902,-46.965968004665,COLISÃO,COLISÃO-TRASEIRA,NÃO INFORMADO,0,0,0,0,0,AUTOMÓVEL=2,LOUVEIRA,CAMPINAS,CAMPINAS,ESTADUAL
2020-04-25,19:05:00,L06-INTERVIAS,SP330,205.7,SUL,-22.03774071,-47.43260956,ATROPELAMENTO DE PEDESTRE,ATROP. PEDESTRE-ANDARILHO,IMPRUD. PEDESTRE-USUÁRIO,3,0,0,0,1,CAMINHONETE=1|NÃO SE APLICA=1,PIRASSUNUNGA,CAMPINAS,RIO CLARO,ESTADUAL
2020-04-25,19:25:00,L01-AUTOBAN,SP330,71.0,SUL,-23.097837246034,-46.968103051186,COLISÃO,COLISÃO-LATERAL,NÃO INFORMADO,0,0,0,0,0,AUTOMÓVEL=2,LOUVEIRA,CAMPINAS,CAMPINAS,ESTADUAL
2020-04-25,19:44:00,L01-AUTOBAN,SP330,54.7,NORTE,-23.218248764396,-46.881906514163,ATROPELAMENTO DE ANIMAL,ATROP. ANIMAL,NÃO INFORMADO,0,0,0,0,0,AUTOMÓVEL=1,JUNDIAÍ,CAMPINAS,CAMPINAS,ESTADUAL
2020-04-25,23:52:00,L29-VIAPAULISTA,SP330,301.0,NORTE,-21.26388931,-47.75511169,COLISÃO,COLISÃO-TRASEIRA,IMPRUD. CONDUTOR,1,1,0,0,0,CAMINHÃO=2,RIBEIRÃO PRETO,RIBEIRÃO PRETO,RIBEIRÃO PRETO,ESTADUAL
2020-04-26,04:18:00,L01-AUTOBAN,SP330,120.0,SUL,-22.75697435799,-47.254670262337,CHOQUE,CHOQUE-DEFENSA METÁLICA,NÃO INFORMADO,0,0,0,0,0,AUTOMÓVEL=1,AMERICANA,CAMPINAS,RIO CLARO,ESTADUAL
2020-04-26,17:01:00,L01-AUTOBAN,SPM330E,19.48,SUL,-23.471405050279,-46.775716134937,COLISÃO,COLISÃO-LATERAL,NÃO INFORMADO,0,0,0,0,0,AUTOMÓVEL=1|CARRETA=1,OSASCO,REG. METROPOLITANA SÃO PAULO,SÃO PAULO,ESTADUAL
2020-04-26,20:03:00,L01-AUTOBAN,SP330,98.48,NORTE,-22.891965247985,-47.111950787371,CHOQUE,CHOQUE-BARREIRA DE CONCRETO,NÃO INFORMADO,0,1,0,0,0,MOTO=1,CAMPINAS,CAMPINAS,CAMPINAS,ESTADUAL
2020-04-26,21:16:00,L29-VIAPAULISTA,SP330,286.0,NORTE,-21.3859787,-47.7004509,CHOQUE,CHOQUE-OBJETO NA PISTA,OBJETO NA PISTA,1,0,0,0,0,AUTOMÓVEL=1,CRAVINHOS,RIBEIRÃO PRETO,RIBEIRÃO PRETO,ESTADUAL
2020-04-26,23:45:00,L01-AUTOBAN,SPM330D,105.78,NORTE,-22.847652238772,-47.16244512936,CHOQUE,CHOQUE-BARREIRA DE CONCRETO,NÃO INFORMADO,0,1,0,0,0,AUTOMÓVEL=2,SUMARÉ,CAMPINAS,CAMPINAS,ESTADUAL
2020-04-27,01:03:00,L29-VIAPAULISTA,SP330,252.0,SUL,-21.66691399,-47.60773468,COLISÃO,COLISÃO-TRASEIRA,IMPRUD. CONDUTOR,1,0,0,0,1,CAMINHÃO=2,SANTA RITA DO PASSA QUATRO,CENTRAL,RIBEIRÃO PRETO,ESTADUAL
2020-04-27,01:40:00,L01-AUTOBAN,SP330,62.5,NORTE,-23.16463457641,-46.929179905727,ATROPELAMENTO DE ANIMAL,ATROP. ANIMAL,NÃO INFORMADO,0,0,0,0,0,CARRETA=1,JUNDIAÍ,CAMPINAS,CAMPINAS,ESTADUAL
2020-04-27,06:49:00,L29-VIAPAULISTA,SP330,255.1,SUL,-21.63975716,-47.61219406,TOMBAMENTO,TOMBAMENTO,ESTOURO/FURO DE PNEU,0,2,0,0,0,CAMINHÃO=1,SANTA RITA DO PASSA QUATRO,CENTRAL,RIBEIRÃO PRETO,ESTADUAL
2020-04-27,17:48:00,L28-ENTREVIAS,SP330,384.0,SUL,-20.5514564817,-47.8607044458,TOMBAMENTO,TOMBAMENTO-MOTO,ESTOURO/FURO DE PNEU,0,2,0,0,0,MOTOCICLETA / MOTONETA=1,SÃO JOAQUIM DA BARRA,FRANCA,RIBEIRÃO PRETO,ESTADUAL
2020-04-27,19:47:00,L01-AUTOBAN,SP330,123.0,SUL,-22.738660006767,-47.276460528374,COLISÃO,COLISÃO-TRASEIRA,NÃO INFORMADO,0,0,1,0,0,BICICLETA=1|ÔNIBUS=1,AMERICANA,CAMPINAS,RIO CLARO,ESTADUAL
2020-04-27,20:35:00,L28-ENTREVIAS,SP330,356.2,SUL,-20.7946128263,-47.8910575095,CHOQUE,CHOQUE-DEFENSA METÁLICA,IMPRUD. CONDUTOR-PERDA DE CONTROLE,0,1,0,0,0,MOTOCICLETA / MOTONETA=1,SALES OLIVEIRA,FRANCA,RIBEIRÃO PRETO,ESTADUAL
2020-04-27,23:22:00,L28-ENTREVIAS,SP330,380.0,NORTE,-20.5839603943,-47.877173231,TOMBAMENTO,TOMBAMENTO-VEÍCULOS PESADOS,FATOR-HUMANO,0,1,0,0,0,CAMINHÃO=1,SÃO JOAQUIM DA BARRA,FRANCA,RIBEIRÃO PRETO,ESTADUAL
2020-04-27,23:59:00,L01-AUTOBAN,SPM330D,14.3,NORTE,-23.504892144436,-46.751133934448,COLISÃO,COLISÃO-TRASEIRA,NÃO INFORMADO,0,1,0,0,0,AUTOMÓVEL=1|UTILITÁRIO=1,SÃO PAULO,REG. METROPOLITANA SÃO PAULO,SÃO PAULO,ESTADUAL
2020-04-28,00:21:00,L28-ENTREVIAS,SP330,322.5,NORTE,-21.0830758043,-47.8013818943,CHOQUE,CHOQUE-SINALIZAÇÃO,IMPRUD. CONDUTOR-DORMIR AO VOLANTE,1,0,0,0,0,CAMINHÃO=1,RIBEIRÃO PRETO,RIBEIRÃO PRETO,RIBEIRÃO PRETO,ESTADUAL
2020-04-28,07:00:00,L01-AUTOBAN,SP330,104.1,SUL,-22.856577295546,-47.149553405898,COLISÃO,COLISÃO-TRASEIRA,NÃO INFORMADO,0,0,0,0,0,AUTOMÓVEL=2,CAMPINAS,CAMPINAS,CAMPINAS,ESTADUAL
2020-04-28,10:38:00,L28-ENTREVIAS,SP330,388.0,SUL,-20.5209752375,-47.8389928489,ENGAVETAMENTO,ENGAVETAMENTO,IMPRUD. CONDUTOR-EXCESSO DE VELOCIDADE,3,0,0,0,0,AUTOMÓVEL=1|CAMINHÃO=2,SÃO JOAQUIM DA BARRA,FRANCA,RIBEIRÃO PRETO,ESTADUAL
2020-04-28,11:04:00,L29-VIAPAULISTA,SP330,268.5,NORTE,-21.52179146,-47.64302063,CHOQUE,CHOQUE-OBJETO NA PISTA,OBJETO NA PISTA,5,0,0,0,0,AUTOMÓVEL=1,SÃO SIMÃO,RIBEIRÃO PRETO,RIBEIRÃO PRETO,ESTADUAL
2020-04-28,13:10:00,L29-VIAPAULISTA,SP330,311.2,NORTE,-21.17252731,-47.7564888,COLISÃO,COLISÃO-TRASEIRA,IMPRUD. CONDUTOR-PERDA DE CONTROLE,2,0,0,1,0,AUTOMÓVEL=2|MOTO=1,RIBEIRÃO PRETO,RIBEIRÃO PRETO,RIBEIRÃO PRETO,ESTADUAL
2020-04-28,16:07:00,L01-AUTOBAN,SP330,31.0,SUL,-23.40154396685,-46.836969852448,CHOQUE,CHOQUE-BARREIRA DE CONCRETO,NÃO INFORMADO,0,0,0,0,0,AUTOMÓVEL=1,CAJAMAR,REG. METROPOLITANA SÃO PAULO,SÃO PAULO,ESTADUAL
2020-04-28,16:07:00,L29-VIAPAULISTA,SP330,313.0,SUL,-21.15711975,-47.75663376,OBJETO LANÇADO CONTRA O VEÍCULO,OBJETO LANÇADO CONTRA VEÍCULO,OBRAS,1,0,0,0,0,AUTOMÓVEL=1,RIBEIRÃO PRETO,RIBEIRÃO PRETO,RIBEIRÃO PRETO,ESTADUAL
2020-04-28,17:22:00,L01-AUTOBAN,SP330,120.1,NORTE,-22.755994415352,-47.255293178233,TOMBAMENTO,TOMBAMENTO-MOTO,NÃO INFORMADO,0,2,0,0,0,MOTO=1,AMERICANA,CAMPINAS,RIO CLARO,ESTADUAL
2020-04-28,17:44:00,L01-AUTOBAN,SP330,46.4,SUL,-23.285900635502,-46.868850599235,TOMBAMENTO,TOMBAMENTO-MOTO,NÃO INFORMADO,0,1,0,0,0,MOTO=1,CAJAMAR,REG. METROPOLITANA SÃO PAULO,SÃO PAULO,ESTADUAL
2020-04-28,18:44:00,L28-ENTREVIAS,SP330,370.4,SUL,-20.6715428359,-47.8844511855,CAPOTAMENTO,CAPOTAMENTO,IMPRUD. CONDUTOR-FALTA DE ATENÇÃO,2,0,0,0,0,AUTOMÓVEL=1,ORLÂNDIA,FRANCA,RIBEIRÃO PRETO,ESTADUAL
2020-04-28,20:34:00,L01-AUTOBAN,SPM330D,107.5,NORTE,-22.836018889871,-47.174000144005,COLISÃO,COLISÃO-LATERAL,NÃO INFORMADO,0,0,0,0,0,AUTOMÓVEL=1,SUMARÉ,CAMPINAS,CAMPINAS,ESTADUAL
2020-04-28,23:00:00,L06-INTERVIAS,SP330,210.5,NORTE,-21.99640083,-47.44625092,CHOQUE,CHOQUE-OUTROS,OUTROS,1,0,0,0,0,CAMINHÃO=1,PIRASSUNUNGA,CAMPINAS,RIO CLARO,ESTADUAL
2020-04-28,23:14:00,L28-ENTREVIAS,SP330,383.3,SUL,-20.5579540049,-47.8641264891,COLISÃO,COLISÃO-TRANSVERSAL,IMPRUD. CONDUTOR-FALTA DE ATENÇÃO,2,0,0,0,0,CAMINHÃO=2,SÃO JOAQUIM DA BARRA,FRANCA,RIBEIRÃO PRETO,ESTADUAL
2020-04-28,23:43:00,L01-AUTOBAN,SP330,53.0,NORTE,-23.230639,-46.87295,TOMBAMENTO,TOMBAMENTO-MOTO,NÃO INFORMADO,0,1,0,0,0,MOTO=1,JUNDIAÍ,CAMPINAS,CAMPINAS,ESTADUAL
2020-04-28,23:43:00,L01-AUTOBAN,SP330,53.2,NORTE,-23.229116856199,-46.873867119816,TOMBAMENTO,TOMBAMENTO-MOTO,NÃO INFORMADO,0,1,0,0,0,MOTO=1,JUNDIAÍ,CAMPINAS,CAMPINAS,ESTADUAL
2020-04-29,00:42:00,L06-INTERVIAS,SP330,215.0,SUL,-21.95859909,-47.45980072,CHOQUE,CHOQUE-EDIFICAÇÃO,ESTOURO/FURO DE PNEU,1,0,0,0,0,CAMINHÃO=1,PIRASSUNUNGA,CAMPINAS,RIO CLARO,ESTADUAL
2020-04-29,05:59:00,L28-ENTREVIAS,SP330,388.1,SUL,-20.5209752375,-47.8389928489,CHOQUE,CHOQUE-OBJETO NA PISTA,OBJETO NA PISTA,1,0,0,0,0,AUTOMÓVEL=1,SÃO JOAQUIM DA BARRA,FRANCA,RIBEIRÃO PRETO,ESTADUAL
2020-04-29,07:21:00,L01-AUTOBAN,SP330,125.0,NORTE,-22.728274847666,-47.291845679283,COLISÃO,COLISÃO-LATERAL,NÃO INFORMADO,0,1,0,0,0,AUTOMÓVEL=1|CARRETA=1,AMERICANA,CAMPINAS,RIO CLARO,ESTADUAL
2020-04-29,07:32:00,L01-AUTOBAN,SP330,53.0,SUL,-23.230945296234,-46.87306702137,TOMBAMENTO,TOMBAMENTO-MOTO,NÃO INFORMADO,0,2,0,0,0,MOTO=1,JUNDIAÍ,CAMPINAS,CAMPINAS,ESTADUAL
2020-04-29,08:08:00,L06-INTERVIAS,SP330,194.0,SUL,-22.14030075,-47.40670013,TOMBAMENTO,TOMBAMENTO,IMPRUD. CONDUTOR-LEVOU FECHADA,1,0,0,0,0,CAMINHÃO=1,LEME,CAMPINAS,RIO CLARO,ESTADUAL
2020-04-29,10:48:00,L06-INTERVIAS,SP330,194.0,NORTE,-22.14019966,-47.40639877,COLISÃO,COLISÃO-LATERAL,DERRAMAMENTO DE CARGA,5,0,0,0,0,AUTOMÓVEL=1|CAMINHÃO=2,LEME,CAMPINAS,RIO CLARO,ESTADUAL
2020-04-29,12:55:00,L06-INTERVIAS,SP330,164.9,NORTE,-22.39882088,-47.38963318,COLISÃO,COLISÃO-TRASEIRA,IMPRUDÊNCIA,1,1,0,0,0,AUTOMÓVEL=1|CAMINHÃO=1,ARARAS,CAMPINAS,RIO CLARO,ESTADUAL
2020-04-29,12:59:00,L01-AUTOBAN,SP330,53.0,NORTE,-23.230639,-46.87295,CHOQUE,CHOQUE-DEFENSA METÁLICA,NÃO INFORMADO,0,1,0,0,0,AUTOMÓVEL=1,JUNDIAÍ,CAMPINAS,CAMPINAS,ESTADUAL
2020-04-29,13:23:00,L01-AUTOBAN,SPM330E,25.0,SUL,-23.42658,-46.787612,TOMBAMENTO,TOMBAMENTO-MOTO,NÃO INFORMADO,0,2,0,0,0,MOTO=1,SÃO PAULO,REG. METROPOLITANA SÃO PAULO,SÃO PAULO,ESTADUAL
2020-04-29,15:53:00,L01-AUTOBAN,SP330,19.3,SUL,-23.472270382152,-46.774556453081,TOMBAMENTO,TOMBAMENTO,NÃO INFORMADO,0,0,0,0,0,AUTOMÓVEL=1,OSASCO,REG. METROPOLITANA SÃO PAULO,SÃO PAULO,ESTADUAL
2020-04-29,16:03:00,L29-VIAPAULISTA,SP330,246.0,NORTE,-21.71832085,-47.5893364,OBJETO LANÇADO CONTRA O VEÍCULO,OBJETO LANÇADO CONTRA VEÍCULO,OBJETO NA PISTA,1,0,0,0,0,AUTOMÓVEL=1,SANTA RITA DO PASSA QUATRO,CENTRAL,RIBEIRÃO PRETO,ESTADUAL
2020-04-29,17:38:00,L01-AUTOBAN,SP330,20.5,NORTE,-23.464828315897,-46.78013920784,TOMBAMENTO,TOMBAMENTO-MOTO,NÃO INFORMADO,1,0,0,0,0,MOTO=1,SÃO PAULO,REG. METROPOLITANA SÃO PAULO,SÃO PAULO,ESTADUAL
2020-04-29,22:35:00,L01-AUTOBAN,SP330,29.4,SUL,-23.40776668367,-46.824031945906,CHOQUE,CHOQUE-SINALIZAÇÃO,NÃO INFORMADO,0,0,0,0,0,AUTOMÓVEL=1,SÃO PAULO,REG. METROPOLITANA SÃO PAULO,SÃO PAULO,ESTADUAL
2020-04-30,03:26:00,L01-AUTOBAN,SP330,37.3,SUL,-23.349315829075,-46.845083651734,CHOQUE,CHOQUE-DEFENSA METÁLICA,NÃO INFORMADO,0,0,0,0,0,AUTOMÓVEL=2,CAJAMAR,REG. METROPOLITANA SÃO PAULO,SÃO PAULO,ESTADUAL
2020-04-30,11:48:00,L06-INTERVIAS,SP330,206.0,NORTE,-22.03510094,-47.43299866,COLISÃO,COLISÃO-TRASEIRA,IMPRUD. CONDUTOR,1,0,0,0,0,AUTOMÓVEL=1|NÃO INFORMADO=1,PIRASSUNUNGA,CAMPINAS,RIO CLARO,ESTADUAL
2020-04-30,13:50:00,L29-VIAPAULISTA,SP330,297.5,NORTE,-21.29340172,-47.74551773,CHOQUE,CHOQUE-OBJETO NA PISTA,OBJETO NA PISTA,4,0,0,0,0,AUTOMÓVEL=1,CRAVINHOS,RIBEIRÃO PRETO,RIBEIRÃO PRETO,ESTADUAL
2020-04-30,14:40:00,L29-VIAPAULISTA,SP330,276.0,SUL,-21.45546722,-47.64539719,OBJETO LANÇADO CONTRA O VEÍCULO,OBJETO LANÇADO CONTRA VEÍCULO,OBRAS,2,0,0,0,0,AUTOMÓVEL=1,SÃO SIMÃO,RIBEIRÃO PRETO,RIBEIRÃO PRETO,ESTADUAL
2020-04-30,20:24:00,L01-AUTOBAN,SP330,22.7,SUL,-23.446892725367,-46.78693163426,COLISÃO,COLISÃO-TRASEIRA,NÃO INFORMADO,0,2,0,1,0,AUTOMÓVEL=1|CAMINHÃO=1,SÃO PAULO,REG. METROPOLITANA SÃO PAULO,SÃO PAULO,ESTADUAL
2020-04-30,20:58:00,L01-AUTOBAN,SP330,122.3,SUL,-22.742175112842,-47.270925545981,COLISÃO,COLISÃO-TRASEIRA,NÃO INFORMADO,0,1,0,0,0,AUTOMÓVEL=1|MOTO=1,AMERICANA,CAMPINAS,RIO CLARO,ESTADUAL
2020-04-30,21:16:00,L28-ENTREVIAS,SP330,410.0,SUL,-20.33261515,-47.8052823405,COLISÃO,COLISÃO-TRASEIRA,IMPRUD. CONDUTOR-FALTA DE ATENÇÃO,2,0,0,0,0,AUTOMÓVEL=1|CAMINHÃO=1,ITUVERAVA,FRANCA,RIBEIRÃO PRETO,ESTADUAL
2020-04-30,21:38:00,L01-AUTOBAN,SPM330E,96.4,SUL,-22.911499310211,-47.101645737839,COLISÃO,COLISÃO-TRASEIRA,NÃO INFORMADO,0,4,0,0,0,AUTOMÓVEL=2,CAMPINAS,CAMPINAS,CAMPINAS,ESTADUAL
2020-04-30,21:39:00,L01-AUTOBAN,SP330,114.4,NORTE,-22.797196879131,-47.223514801835,COLISÃO,COLISÃO-TRASEIRA,NÃO INFORMADO,0,1,0,0,0,CAMINHÃO=1|CARRETA=1,SUMARÉ,CAMPINAS,CAMPINAS,ESTADUAL
2020-04-30,22:23:00,L01-AUTOBAN,SP330,110.1,SUL,-22.822505948078,-47.193426296913,CHOQUE,"CHOQUE-CERCAS, ALAMBRADOS, MOURÃO",NÃO INFORMADO,0,1,0,0,0,AUTOMÓVEL=1,SUMARÉ,CAMPINAS,CAMPINAS,ESTADUAL
2020-05-01,04:10:00,L28-ENTREVIAS,SP330,439.6,NORTE,-20.0816624976,-47.7886718746,TOMBAMENTO,TOMBAMENTO-VEÍCULOS PESADOS,IMPRUD. CONDUTOR-DORMIR AO VOLANTE,1,0,0,0,0,CAMINHÃO=1,ARAMINA,FRANCA,RIBEIRÃO PRETO,ESTADUAL
2020-05-01,10:12:00,L06-INTERVIAS,SP330,200.0,NORTE,-22.08779907,-47.41939926,COLISÃO,COLISÃO-TRASEIRA,IMPRUD. CONDUTOR,2,0,0,0,0,CAMINHÃO=2,SANTA CRUZ DA CONCEIÇÃO,CAMPINAS,RIO CLARO,ESTADUAL
2020-05-01,12:39:00,L06-INTERVIAS,SP330,185.3,NORTE,-22.21969986,-47.39220047,COLISÃO,COLISÃO-TRASEIRA,IMPRUDÊNCIA,5,0,0,0,0,AUTOMÓVEL=1|NÃO INFORMADO=1,LEME,CAMPINAS,RIO CLARO,ESTADUAL
2020-05-01,19:41:00,L01-AUTOBAN,SPM330E,108.97,SUL,-22.827668607075,-47.184052630219,COLISÃO,COLISÃO-LATERAL,NÃO INFORMADO,0,1,1,0,0,AUTOMÓVEL=1|MOTO=1,SUMARÉ,CAMPINAS,CAMPINAS,ESTADUAL
2020-05-01,20:51:00,L01-AUTOBAN,SP330,120.0,SUL,-22.75697435799,-47.254670262337,CHOQUE,CHOQUE-BARREIRA DE CONCRETO,NÃO INFORMADO,0,0,0,0,0,AUTOMÓVEL=1,AMERICANA,CAMPINAS,RIO CLARO,ESTADUAL
2020-05-01,21:44:00,L28-ENTREVIAS,SP330,384.3,NORTE,-20.5515455657,-47.860564384,ATROPELAMENTO DE ANIMAL,ATROP. ANIMAL-SILVESTRE GRANDE PORTE,ANIMAL NA RODOVIA,1,0,0,0,0,AUTOMÓVEL=1,SÃO JOAQUIM DA BARRA,FRANCA,RIBEIRÃO PRETO,ESTADUAL
2020-05-02,04:38:00,L29-VIAPAULISTA,SP330,254.0,SUL,-21.64901733,-47.61066055,ATROPELAMENTO DE ANIMAL,ATROP. ANIMAL,ANIMAL NA RODOVIA,1,0,0,0,0,AUTOMÓVEL=1,SANTA RITA DO PASSA QUATRO,CENTRAL,RIBEIRÃO PRETO,ESTADUAL
2020-05-02,06:51:00,L01-AUTOBAN,SPM330E,98.7,SUL,-22.890454259886,-47.112728289967,ATROPELAMENTO DE ANIMAL,ATROP. ANIMAL,NÃO INFORMADO,0,0,0,0,0,AUTOMÓVEL=1,CAMPINAS,CAMPINAS,CAMPINAS,ESTADUAL
2020-05-02,07:19:00,L01-AUTOBAN,SPM330D,95.0,NORTE,-22.919696732904,-47.094027400017,CHOQUE,CHOQUE-MEIO FIO/CALÇAMENTO,NÃO INFORMADO,0,2,0,1,0,AUTOMÓVEL=1,CAMPINAS,CAMPINAS,CAMPINAS,ESTADUAL
2020-05-02,12:57:00,L01-AUTOBAN,SP330,122.0,NORTE,-22.743594,-47.268248,COLISÃO,COLISÃO-LATERAL,NÃO INFORMADO,0,0,0,0,0,AUTOMÓVEL=1|BITREM/CVC=1,AMERICANA,CAMPINAS,RIO CLARO,ESTADUAL
2020-05-02,16:09:00,L06-INTERVIAS,SP330,175.3,NORTE,-22.30699921,-47.39136887,CAPOTAMENTO,CAPOTAMENTO,IMPRUD. CONDUTOR-PERDA DE CONTROLE,0,2,0,0,0,AUTOMÓVEL=1,ARARAS,CAMPINAS,RIO CLARO,ESTADUAL
2020-05-02,17:56:00,L01-AUTOBAN,SPM330D,58.0,NORTE,-23.196902870305,-46.903708577156,CHOQUE,CHOQUE-SINALIZAÇÃO,NÃO INFORMADO,0,0,0,0,0,UTILITÁRIO=1,JUNDIAÍ,CAMPINAS,CAMPINAS,ESTADUAL
2020-05-02,19:07:00,L29-VIAPAULISTA,SP330,309.0,SUL,-21.19260025,-47.75767899,CAPOTAMENTO,CAPOTAMENTO,IMPRUD. CONDUTOR-PERDA DE CONTROLE,1,0,0,0,0,AUTOMÓVEL=1,RIBEIRÃO PRETO,RIBEIRÃO PRETO,RIBEIRÃO PRETO,ESTADUAL
2020-05-03,00:07:00,L06-INTERVIAS,SP330,206.0,SUL,-22.03510094,-47.43330002,TOMBAMENTO,TOMBAMENTO,IMPRUD. CONDUTOR,1,0,0,0,0,CAMINHÃO=1,PIRASSUNUNGA,CAMPINAS,RIO CLARO,ESTADUAL
2020-05-03,01:55:00,L01-AUTOBAN,SPM330D,101.22,NORTE,-22.872393606258,-47.126367983292,CHOQUE,CHOQUE-DEFENSA METÁLICA,NÃO INFORMADO,0,0,0,0,0,VAN/PERUA=1,CAMPINAS,CAMPINAS,CAMPINAS,ESTADUAL
2020-05-03,02:09:00,L01-AUTOBAN,SPM330D,94.4,NORTE,-22.922634534885,-47.089913974733,CHOQUE,CHOQUE-DEFENSA METÁLICA,NÃO INFORMADO,0,1,0,0,0,AUTOMÓVEL=1,CAMPINAS,CAMPINAS,CAMPINAS,ESTADUAL
2020-05-03,08:53:00,L28-ENTREVIAS,SP330,330.0,SUL,-21.0213162542,-47.8399548404,CHOQUE,CHOQUE-TALUDE OU BARRANCO,IMPRUD. CONDUTOR-DORMIR AO VOLANTE,1,0,0,0,0,AUTOMÓVEL=1,JARDINÓPOLIS,RIBEIRÃO PRETO,RIBEIRÃO PRETO,ESTADUAL
2020-05-03,12:05:00,L28-ENTREVIAS,SP330,406.6,NORTE,-20.3662381629,-47.8152021808,TOMBAMENTO,TOMBAMENTO-VEÍCULOS PESADOS,IMPRUD. CONDUTOR-PERDA DE CONTROLE,0,1,0,0,0,CAMINHÃO=1,ITUVERAVA,FRANCA,RIBEIRÃO PRETO,ESTADUAL
2020-05-03,15:39:00,L01-AUTOBAN,SP330,105.0,NORTE,-22.8517126019,-47.156737446785,CHOQUE,CHOQUE-DEFENSA METÁLICA,NÃO INFORMADO,0,0,0,0,0,AUTOMÓVEL=2,CAMPINAS,CAMPINAS,CAMPINAS,ESTADUAL
2020-05-03,17:57:00,L28-ENTREVIAS,SP330,415.0,NORTE,-20.2879346054,-47.7975608117,CHOQUE,CHOQUE-OBJETO NA PISTA,OBJETO NA PISTA,1,0,0,0,0,AUTOMÓVEL=1,ITUVERAVA,FRANCA,RIBEIRÃO PRETO,ESTADUAL
2020-05-03,23:52:00,L01-AUTOBAN,SP330,31.0,NORTE,-23.401420887741,-46.836825013161,COLISÃO,COLISÃO-TRASEIRA,NÃO INFORMADO,0,1,0,0,0,AUTOMÓVEL=1|NÃO INFORMADO=1,CAJAMAR,REG. METROPOLITANA SÃO PAULO,SÃO PAULO,ESTADUAL
2020-05-04,01:08:00,L01-AUTOBAN,SP330,66.0,NORTE,-23.13718321208,-46.943984627724,ATROPELAMENTO DE ANIMAL,ATROP. ANIMAL,NÃO INFORMADO,0,0,0,0,0,AUTOMÓVEL=1,JUNDIAÍ,CAMPINAS,CAMPINAS,ESTADUAL
2020-05-04,05:55:00,L01-AUTOBAN,SP330,62.5,NORTE,-23.16463457641,-46.929179905727,CHOQUE,CHOQUE-VEÍCULO PARADO NA PISTA,NÃO INFORMADO,0,1,0,0,0,AUTOMÓVEL=1|MOTO=1,JUNDIAÍ,CAMPINAS,CAMPINAS,ESTADUAL
2020-05-04,12:27:00,L01-AUTOBAN,SPM330E,110.0,SUL,-22.82299346964,-47.19250202179,TOMBAMENTO,TOMBAMENTO-MOTO,NÃO INFORMADO,0,0,0,0,0,MOTO=1,SUMARÉ,CAMPINAS,CAMPINAS,ESTADUAL
2020-05-04,15:51:00,L28-ENTREVIAS,SP330,378.0,SUL,-20.600807902,-47.883557913,CHOQUE,CHOQUE-OBJETO NA PISTA,OBJETO LANÇADO-TERCEIROS,1,0,0,0,0,CAMINHÃO=1,SÃO JOAQUIM DA BARRA,FRANCA,RIBEIRÃO PRETO,ESTADUAL
2020-05-04,18:24:00,L01-AUTOBAN,SP330,96.15,NORTE,-22.910344227089,-47.102362642509,COLISÃO,COLISÃO-TRASEIRA,NÃO INFORMADO,0,0,0,0,0,AUTOMÓVEL=2,CAMPINAS,CAMPINAS,CAMPINAS,ESTADUAL
2020-05-04,21:15:00,L01-AUTOBAN,SPM330D,103.6,NORTE,-22.858961851751,-47.14487741751,CHOQUE,CHOQUE-BARREIRA DE CONCRETO,NÃO INFORMADO,0,0,0,0,0,AUTOMÓVEL=1,CAMPINAS,CAMPINAS,CAMPINAS,ESTADUAL
2020-05-04,23:55:00,L01-AUTOBAN,SP330,20.3,SUL,-23.466531416194,-46.779780862898,CHOQUE,CHOQUE-DEFENSA METÁLICA,NÃO INFORMADO,0,0,0,0,0,AUTOMÓVEL=1,OSASCO,REG. METROPOLITANA SÃO PAULO,SÃO PAULO,ESTADUAL
2020-05-05,06:09:00,L01-AUTOBAN,SP330,53.2,NORTE,-23.229116856199,-46.873867119816,TOMBAMENTO,TOMBAMENTO-MOTO,NÃO INFORMADO,0,0,1,0,0,MOTO=1,JUNDIAÍ,CAMPINAS,CAMPINAS,ESTADUAL
2020-05-05,17:36:00,L06-INTERVIAS,SP330,166.5,NORTE,-22.38545036,-47.39374924,CHOQUE,CHOQUE-OBJETO NA PISTA,OBJETO NA PISTA,2,0,0,0,0,AUTOMÓVEL=2,ARARAS,CAMPINAS,RIO CLARO,ESTADUAL
2020-05-05,18:12:00,L06-INTERVIAS,SP330,165.9,NORTE,-22.39069939,-47.39302826,CHOQUE,CHOQUE-OBJETO NA PISTA,OBJETO NA PISTA,1,0,0,0,0,AUTOMÓVEL=1,ARARAS,CAMPINAS,RIO CLARO,ESTADUAL
2020-05-05,19:11:00,L06-INTERVIAS,SP330,165.5,NORTE,-22.39389992,-47.39154816,CHOQUE,CHOQUE-OBJETO NA PISTA,OBJETO NA PISTA,1,0,0,0,0,AUTOMÓVEL=1,ARARAS,CAMPINAS,RIO CLARO,ESTADUAL
2020-05-05,20:05:00,L01-AUTOBAN,SP330,71.12,NORTE,-23.096669331052,-46.968643797268,ATROPELAMENTO DE ANIMAL,ATROP. ANIMAL,NÃO INFORMADO,0,0,0,0,0,AUTOMÓVEL=1,LOUVEIRA,CAMPINAS,CAMPINAS,ESTADUAL
2020-05-05,21:14:00,L28-ENTREVIAS,SP330,387.1,SUL,-20.5291927672,-47.8443217961,COLISÃO,COLISÃO-TRASEIRA,IMPRUD. CONDUTOR-FALTA DE ATENÇÃO,2,0,0,0,0,CAMINHÃO=2,SÃO JOAQUIM DA BARRA,FRANCA,RIBEIRÃO PRETO,ESTADUAL
2020-05-05,22:59:00,L29-VIAPAULISTA,SP330,307.28,NORTE,-21.20785141,-47.75834274,TOMBAMENTO,TOMBAMENTO,IMPRUD. CONDUTOR,0,1,0,0,0,MOTO=1,RIBEIRÃO PRETO,RIBEIRÃO PRETO,RIBEIRÃO PRETO,ESTADUAL
2020-05-06,03:47:00,L29-VIAPAULISTA,SP330,302.55,SUL,-21.25108528,-47.75575256,ATROPELAMENTO DE ANIMAL,ATROP. ANIMAL,ANIMAL NA RODOVIA,1,0,0,0,0,CAMINHÃO=1,RIBEIRÃO PRETO,RIBEIRÃO PRETO,RIBEIRÃO PRETO,ESTADUAL
2020-05-06,05:36:00,L01-AUTOBAN,SP330,59.0,SUL,-23.189008521881,-46.906793117523,ATROPELAMENTO DE ANIMAL,ATROP. ANIMAL,NÃO INFORMADO,0,0,0,0,0,UTILITÁRIO=1,JUNDIAÍ,CAMPINAS,CAMPINAS,ESTADUAL
2020-05-06,07:05:00,L06-INTERVIAS,SP330,227.0,SUL,-21.85440063,-47.49489975,TOMBAMENTO,TOMBAMENTO,ÓLEO NA PISTA,0,1,0,0,0,MOTO=1,PORTO FERREIRA,CENTRAL,RIO CLARO,ESTADUAL
2020-05-06,10:59:00,L06-INTERVIAS,SP330,201.4,SUL,-22.07526016,-47.42316055,OBJETO LANÇADO CONTRA O VEÍCULO,OBJETO LANÇADO CONTRA VEÍCULO,OBJETO LANÇADO,2,0,0,0,0,AUTOMÓVEL=1,SANTA CRUZ DA CONCEIÇÃO,CAMPINAS,RIO CLARO,ESTADUAL
2020-05-06,14:19:00,L01-AUTOBAN,SP330,113.8,NORTE,-22.801812829573,-47.220710294223,COLISÃO,COLISÃO-TRASEIRA,NÃO INFORMADO,0,0,0,0,0,AUTOMÓVEL=1|NÃO INFORMADO=1,SUMARÉ,CAMPINAS,CAMPINAS,ESTADUAL
2020-05-06,16:51:00,L01-AUTOBAN,SPM330E,110.4,SUL,-22.821043346199,-47.196199192799,CHOQUE,CHOQUE-BARREIRA DE CONCRETO,NÃO INFORMADO,0,0,0,0,0,AUTOMÓVEL=1,SUMARÉ,CAMPINAS,CAMPINAS,ESTADUAL
2020-05-06,17:04:00,L06-INTERVIAS,SP330,172.4,NORTE,-22.33300018,-47.38967896,TOMBAMENTO,TOMBAMENTO,IMPRUD. CONDUTOR-LEVOU FECHADA,1,1,0,0,0,MOTO=1,ARARAS,CAMPINAS,RIO CLARO,ESTADUAL
2020-05-06,18:54:00,L06-INTERVIAS,SP330,238.3,NORTE,-21.77125931,-47.54412079,CAPOTAMENTO,CAPOTAMENTO,IMPRUD. CONDUTOR,0,1,0,0,0,AUTOMÓVEL=1,SANTA RITA DO PASSA QUATRO,CENTRAL,RIBEIRÃO PRETO,ESTADUAL
2020-05-06,19:10:00,L01-AUTOBAN,SP330,92.0,NORTE,-22.935116422047,-47.071389555931,COLISÃO,COLISÃO-TRASEIRA,NÃO INFORMADO,0,0,0,0,0,AUTOMÓVEL=2,CAMPINAS,CAMPINAS,CAMPINAS,ESTADUAL
2020-05-06,19:18:00,L01-AUTOBAN,SPM330D,97.0,NORTE,-22.904077630073,-47.107797861099,CHOQUE,CHOQUE-BARREIRA DE CONCRETO,NÃO INFORMADO,0,1,0,0,0,AUTOMÓVEL=1,CAMPINAS,CAMPINAS,CAMPINAS,ESTADUAL
2020-05-06,19:26:00,L01-AUTOBAN,SP330,92.0,NORTE,-22.935116422047,-47.071389555931,COLISÃO,COLISÃO-LATERAL,NÃO INFORMADO,0,2,0,0,0,AUTOMÓVEL=2|MOTO=1,CAMPINAS,CAMPINAS,CAMPINAS,ESTADUAL
2020-05-06,19:52:00,L28-ENTREVIAS,SP330,441.0,SUL,-20.0640464999,-47.7891356164,COLISÃO,COLISÃO-LATERAL,IMPRUD. CONDUTOR-LEVOU FECHADA,3,0,0,0,0,AUTOMÓVEL=1|NÃO INFORMADO=1,IGARAPAVA,FRANCA,RIBEIRÃO PRETO,ESTADUAL
2020-05-06,21:34:00,L01-AUTOBAN,SP330,142.46,NORTE,-22.592410880862,-47.366279890603,COLISÃO,COLISÃO-FRONTAL,NÃO INFORMADO,0,1,0,1,0,BICICLETA=1|MOTO=1,LIMEIRA,CAMPINAS,RIO CLARO,ESTADUAL
2020-05-07,07:26:00,L01-AUTOBAN,SP330,116.58,SUL,-22.778673830742,-47.233305645108,TOMBAMENTO,TOMBAMENTO-MOTO,NÃO INFORMADO,0,1,0,0,0,MOTO=1,NOVA ODESSA,CAMPINAS,RIO CLARO,ESTADUAL
2020-05-07,10:05:00,L01-AUTOBAN,SP330,25.5,SUL,-23.42374267348,-46.790994186646,CHOQUE,CHOQUE-POSTE,NÃO INFORMADO,0,1,0,0,0,UTILITÁRIO=1,SÃO PAULO,REG. METROPOLITANA SÃO PAULO,SÃO PAULO,ESTADUAL
2020-05-07,11:38:00,L01-AUTOBAN,SPI102/330,4.9,NORTE,-22.906081361715,-47.136737287072,ENGAVETAMENTO,ENGAVETAMENTO,NÃO INFORMADO,0,0,0,0,0,AUTOMÓVEL=1|NÃO INFORMADO=2,CAMPINAS,CAMPINAS,CAMPINAS,ESTADUAL
2020-05-07,14:34:00,L01-AUTOBAN,SP330,115.0,SUL,-22.792453279527,-47.226313948631,TOMBAMENTO,TOMBAMENTO,NÃO INFORMADO,1,0,0,0,0,AUTOMÓVEL=1,SUMARÉ,CAMPINAS,CAMPINAS,ESTADUAL
2020-05-07,16:54:00,L01-AUTOBAN,SP330,85.9,NORTE,-22.98340778878,-47.04311661615,TOMBAMENTO,TOMBAMENTO,NÃO INFORMADO,1,0,0,0,0,MOTO=1|NÃO INFORMADO=1,VALINHOS,CAMPINAS,CAMPINAS,ESTADUAL
2020-05-07,18:09:00,L01-AUTOBAN,SP330,24.6,SUL,-23.42987810874,-46.787135576996,COLISÃO,COLISÃO-LATERAL,NÃO INFORMADO,0,0,0,0,0,AUTOMÓVEL=1|CARRETA=1,SÃO PAULO,REG. METROPOLITANA SÃO PAULO,SÃO PAULO,ESTADUAL
2020-05-07,21:12:00,L01-AUTOBAN,SP330,57.69,NORTE,-23.199701525766,-46.902271765066,ATROPELAMENTO DE ANIMAL,ATROP. ANIMAL,NÃO INFORMADO,0,0,0,0,0,AUTOMÓVEL=1,JUNDIAÍ,CAMPINAS,CAMPINAS,ESTADUAL
2020-05-07,21:21:00,L06-INTERVIAS,SP330,236.1,NORTE,-21.78401947,-47.52775192,COLISÃO,COLISÃO-TRASEIRA,NÃO INFORMADO,1,1,0,0,0,CAMINHÃO=2,SANTA RITA DO PASSA QUATRO,CENTRAL,RIBEIRÃO PRETO,ESTADUAL
2020-05-08,00:45:00,L29-VIAPAULISTA,SP330,270.0,NORTE,-21.5082798,-47.64221573,CHOQUE,CHOQUE-OBJETO NA PISTA,OBJETO NA PISTA,1,0,0,0,0,AUTOMÓVEL=1,SÃO SIMÃO,RIBEIRÃO PRETO,RIBEIRÃO PRETO,ESTADUAL
2020-05-08,02:25:00,L06-INTERVIAS,SP330,209.0,SUL,-22.00939941,-47.44210052,COLISÃO,COLISÃO-TRASEIRA,NÃO INFORMADO,2,1,0,0,0,CAMINHÃO=2,PIRASSUNUNGA,CAMPINAS,RIO CLARO,ESTADUAL
2020-05-08,08:14:00,L01-AUTOBAN,SP330,20.0,NORTE,-23.468944569907,-46.778873205185,CHOQUE,CHOQUE-VEÍCULO PARADO NO ACOSTAMENTO,NÃO INFORMADO,0,0,0,0,0,AUTOMÓVEL=2,OSASCO,REG. METROPOLITANA SÃO PAULO,SÃO PAULO,ESTADUAL
2020-05-08,08:26:00,L01-AUTOBAN,SP330,18.65,SUL,-23.476679795854,-46.772116720124,CHOQUE,CHOQUE-TALUDE OU BARRANCO,NÃO INFORMADO,0,0,0,0,0,AUTOMÓVEL=1,OSASCO,REG. METROPOLITANA SÃO PAULO,SÃO PAULO,ESTADUAL
2020-05-08,13:22:00,L01-AUTOBAN,SPM330D,96.4,NORTE,-22.908501107011,-47.103961239081,COLISÃO,COLISÃO-TRASEIRA,NÃO INFORMADO,0,1,0,0,0,AUTOMÓVEL=1|CARRETA=1,CAMPINAS,CAMPINAS,CAMPINAS,ESTADUAL
2020-05-08,16:21:00,L01-AUTOBAN,SP330,61.0,NORTE,-23.175294620401,-46.918331980705,COLISÃO,COLISÃO-LATERAL,NÃO INFORMADO,0,0,0,0,0,AUTOMÓVEL=1|ÔNIBUS=1,JUNDIAÍ,CAMPINAS,CAMPINAS,ESTADUAL
2020-05-08,17:32:00,L29-VIAPAULISTA,SP330,253.69,SUL,-21.65165329,-47.61022568,CHOQUE,CHOQUE-SINALIZAÇÃO,IMPRUD. CONDUTOR-DORMIR AO VOLANTE,1,0,0,0,0,CAMINHONETE=1,SANTA RITA DO PASSA QUATRO,CENTRAL,RIBEIRÃO PRETO,ESTADUAL
2020-05-08,17:45:00,L01-AUTOBAN,SP330,129.56,SUL,-22.692031493987,-47.310387249963,CHOQUE,CHOQUE-DEFENSA METÁLICA,NÃO INFORMADO,0,0,0,0,0,AUTOMÓVEL=1,AMERICANA,CAMPINAS,RIO CLARO,ESTADUAL
2020-05-08,18:48:00,L01-AUTOBAN,SP330,123.26,SUL,-22.737494549225,-47.278913911473,CHOQUE,CHOQUE-BARREIRA DE CONCRETO,NÃO INFORMADO,0,1,0,0,0,AUTOMÓVEL=1,AMERICANA,CAMPINAS,RIO CLARO,ESTADUAL
2020-05-08,19:30:00,L01-AUTOBAN,SP330,38.0,NORTE,-23.344925355634,-46.840928792954,CHOQUE,CHOQUE-VEÍCULO PARADO NA PISTA,NÃO INFORMADO,0,0,0,0,0,AUTOMÓVEL=1|NÃO INFORMADO=1,CAJAMAR,REG. METROPOLITANA SÃO PAULO,SÃO PAULO,ESTADUAL
2020-05-08,19:32:00,L01-AUTOBAN,SP330,123.26,SUL,-22.737494549225,-47.278913911473,COLISÃO,COLISÃO-LATERAL,NÃO INFORMADO,0,0,0,0,0,AUTOMÓVEL=1|CARRETA=1,AMERICANA,CAMPINAS,RIO CLARO,ESTADUAL
2020-05-08,19:44:00,L01-AUTOBAN,SP330,91.8,SUL,-22.936718998149,-47.070227636377,CHOQUE,CHOQUE-DEFENSA METÁLICA,NÃO INFORMADO,0,0,0,0,0,AUTOMÓVEL=1,CAMPINAS,CAMPINAS,CAMPINAS,ESTADUAL
2020-05-08,19:53:00,L01-AUTOBAN,SP330,86.34,SUL,-22.980265283215,-47.045374686277,COLISÃO,COLISÃO-TRASEIRA,NÃO INFORMADO,0,0,0,0,0,AUTOMÓVEL=1|CARRETA=1,CAMPINAS,CAMPINAS,CAMPINAS,ESTADUAL
2020-05-09,03:59:00,L28-ENTREVIAS,SP330,370.6,SUL,-20.6715428359,-47.8844511855,CHOQUE,CHOQUE-SINALIZAÇÃO,IMPRUD. CONDUTOR-DORMIR AO VOLANTE,2,0,0,0,0,CAMIONETA / UTILITÁRIO=1,ORLÂNDIA,FRANCA,RIBEIRÃO PRETO,ESTADUAL
2020-05-09,04:27:00,L01-AUTOBAN,SP330,85.0,NORTE,-22.989552991983,-47.038865089417,ATROPELAMENTO DE ANIMAL,ATROP. ANIMAL,NÃO INFORMADO,0,0,0,0,0,NÃO INFORMADO=1|UTILITÁRIO=1,VALINHOS,CAMPINAS,CAMPINAS,ESTADUAL
2020-05-09,04:27:00,L01-AUTOBAN,SP330,85.0,NORTE,-22.989552991983,-47.038865089417,ATROPELAMENTO DE ANIMAL,ATROP. ANIMAL,NÃO INFORMADO,0,0,0,0,0,VAN/PERUA=1,VALINHOS,CAMPINAS,CAMPINAS,ESTADUAL
2020-05-09,08:30:00,L01-AUTOBAN,SP330,53.0,SUL,-23.230945296234,-46.87306702137,COLISÃO,COLISÃO-LATERAL,NÃO INFORMADO,0,0,0,0,0,AUTOMÓVEL=2,JUNDIAÍ,CAMPINAS,CAMPINAS,ESTADUAL
2020-05-09,10:42:00,L01-AUTOBAN,SP330,21.2,NORTE,-23.459173719366,-46.782422308033,CHOQUE,CHOQUE-BARREIRA DE CONCRETO,NÃO INFORMADO,0,0,1,0,0,AUTOMÓVEL=1,SÃO PAULO,REG. METROPOLITANA SÃO PAULO,SÃO PAULO,ESTADUAL
2020-05-09,11:36:00,L01-AUTOBAN,SP330,70.5,SUL,-23.101900590369,-46.965434253216,CHOQUE,CHOQUE-DEFENSA METÁLICA,NÃO INFORMADO,0,0,0,0,0,CAMINHÃO=1,LOUVEIRA,CAMPINAS,CAMPINAS,ESTADUAL
2020-05-09,14:43:00,L28-ENTREVIAS,SP330,387.0,SUL,-20.5291927672,-47.8443217961,TOMBAMENTO,TOMBAMENTO-MOTO,ÓLEO NA PISTA,0,1,0,0,0,MOTOCICLETA / MOTONETA=1,SÃO JOAQUIM DA BARRA,FRANCA,RIBEIRÃO PRETO,ESTADUAL
2020-05-09,15:29:00,L06-INTERVIAS,SP330,176.6,NORTE,-22.29439926,-47.39263153,CHOQUE,"CHOQUE - DEFENSA, BARREIRA OU ""SUBMARINO""",IMPRUD. CONDUTOR-PERDA DE CONTROLE,0,1,0,0,0,AUTOMÓVEL=1,ARARAS,CAMPINAS,RIO CLARO,ESTADUAL
2020-05-09,20:03:00,L01-AUTOBAN,SPM330D,50.0,NORTE,-23.256852149365,-46.867278814316,COLISÃO,COLISÃO-LATERAL,NÃO INFORMADO,0,0,0,0,0,AUTOMÓVEL=2,JUNDIAÍ,CAMPINAS,CAMPINAS,ESTADUAL
2020-05-09,21:53:00,L01-AUTOBAN,SP330,28.7,NORTE,-23.409769819012,-46.817731447275,CHOQUE,CHOQUE-DEFENSA METÁLICA,NÃO INFORMADO,0,0,0,0,0,AUTOMÓVEL=1,SÃO PAULO,REG. METROPOLITANA SÃO PAULO,SÃO PAULO,ESTADUAL
2020-05-09,22:58:00,L01-AUTOBAN,SPM330E,101.7,SUL,-22.870075351229,-47.130163027392,CHOQUE,CHOQUE-SINALIZAÇÃO,NÃO INFORMADO,0,1,0,0,0,AUTOMÓVEL=1,CAMPINAS,CAMPINAS,CAMPINAS,ESTADUAL
2020-05-09,23:56:00,L01-AUTOBAN,SP330,82.0,NORTE,-23.013082202618,-47.022766470909,TOMBAMENTO,TOMBAMENTO-MOTO,NÃO INFORMADO,0,0,0,0,0,MOTO=1,VALINHOS,CAMPINAS,CAMPINAS,ESTADUAL
2020-05-10,01:18:00,L06-INTERVIAS,SP330,193.0,NORTE,-22.14839935,-47.40230179,CAPOTAMENTO,CAPOTAMENTO,MAL SÚBITO DO CONDUTOR,0,1,0,0,0,AUTOMÓVEL=1,LEME,CAMPINAS,RIO CLARO,ESTADUAL
2020-05-10,16:13:00,L01-AUTOBAN,SP330,22.6,SUL,-23.4477702159,-46.786890864528,ENGAVETAMENTO,ENGAVETAMENTO,NÃO INFORMADO,0,0,0,0,0,AUTOMÓVEL=2|ÔNIBUS=1,SÃO PAULO,REG. METROPOLITANA SÃO PAULO,SÃO PAULO,ESTADUAL
2020-05-10,18:43:00,L01-AUTOBAN,SPM330D,57.2,NORTE,-23.204125168096,-46.90000069495,CHOQUE,CHOQUE-DEFENSA METÁLICA,NÃO INFORMADO,0,0,0,0,0,AUTOMÓVEL=1,JUNDIAÍ,CAMPINAS,CAMPINAS,ESTADUAL
2020-05-10,18:50:00,L29-VIAPAULISTA,SP330,278.3,NORTE,-21.43502426,-47.65171814,COLISÃO,COLISÃO-TRASEIRA,IMPRUD. CONDUTOR,1,0,0,1,1,CAMINHONETE=1|MOTO=1,SÃO SIMÃO,RIBEIRÃO PRETO,RIBEIRÃO PRETO,ESTADUAL
2020-05-10,18:56:00,L01-AUTOBAN,SP330,38.0,NORTE,-23.344925355634,-46.840928792954,COLISÃO,COLISÃO-LATERAL,NÃO INFORMADO,0,1,0,0,0,MOTO=2,CAJAMAR,REG. METROPOLITANA SÃO PAULO,SÃO PAULO,ESTADUAL
2020-05-10,19:50:00,L01-AUTOBAN,SP330,100.5,SUL,-22.87730945186,-47.121380567551,COLISÃO,COLISÃO-LATERAL,NÃO INFORMADO,0,0,0,0,0,AUTOMÓVEL=1|NÃO INFORMADO=1,CAMPINAS,CAMPINAS,CAMPINAS,ESTADUAL
2020-05-10,20:40:00,L01-AUTOBAN,SP330,14.8,SUL,-23.501370601222,-46.75376343816,COLISÃO,COLISÃO-FRONTAL,NÃO INFORMADO,0,0,0,1,0,AUTOMÓVEL=1|MOTO=1,SÃO PAULO,REG. METROPOLITANA SÃO PAULO,SÃO PAULO,ESTADUAL
2020-05-11,02:23:00,L06-INTERVIAS,SP330,179.0,SUL,-22.27370071,-47.39229965,ATROPELAMENTO DE ANIMAL,ATROP. ANIMAL,ANIMAL NA RODOVIA,1,0,0,0,0,AUTOMÓVEL=1,ARARAS,CAMPINAS,RIO CLARO,ESTADUAL
2020-05-11,06:20:00,L01-AUTOBAN,SP330,20.14,NORTE,-23.467792023809,-46.779227684383,COLISÃO,COLISÃO-TRASEIRA,NÃO INFORMADO,0,1,0,0,0,AUTOMÓVEL=1|CAMINHÃO=1,OSASCO,REG. METROPOLITANA SÃO PAULO,SÃO PAULO,ESTADUAL
2020-05-11,09:27:00,L29-VIAPAULISTA,SP330,278.3,SUL,-21.43820953,-47.65086365,CHOQUE,CHOQUE-OBJETO NA PISTA,OBJETO NA PISTA,1,0,0,0,0,AUTOMÓVEL=1,SÃO SIMÃO,RIBEIRÃO PRETO,RIBEIRÃO PRETO,ESTADUAL
2020-05-11,12:08:00,L28-ENTREVIAS,SP330,385.0,NORTE,-20.5440645066,-47.8552679934,CHOQUE,CHOQUE-TALUDE OU BARRANCO,ESTOURO/FURO DE PNEU,1,0,0,0,0,AUTOMÓVEL=1,SÃO JOAQUIM DA BARRA,FRANCA,RIBEIRÃO PRETO,ESTADUAL
2020-05-11,16:18:00,L01-AUTOBAN,SP330,96.0,SUL,-22.911795994388,-47.101387381554,CHOQUE,CHOQUE-DEFENSA METÁLICA,NÃO INFORMADO,0,0,0,0,0,AUTOMÓVEL=1,CAMPINAS,CAMPINAS,CAMPINAS,ESTADUAL
2020-05-11,18:05:00,L01-AUTOBAN,SPM330E,110.7,SUL,-22.819580781515,-47.198972018168,COLISÃO,COLISÃO-TRASEIRA,NÃO INFORMADO,0,1,0,0,0,AUTOMÓVEL=1|CARRETA=1,SUMARÉ,CAMPINAS,CAMPINAS,ESTADUAL
2020-05-11,18:24:00,L01-AUTOBAN,SP330,29.1,NORTE,-23.408833977055,-46.821393731416,CHOQUE,CHOQUE-OBJETO NA PISTA,NÃO INFORMADO,0,1,0,0,0,MOTO=1,SÃO PAULO,REG. METROPOLITANA SÃO PAULO,SÃO PAULO,ESTADUAL
2020-05-11,18:33:00,L29-VIAPAULISTA,SP330,245.5,SUL,-21.73778152,-47.58211517,COLISÃO,COLISÃO-TRASEIRA,PANE MECÂNICA/ELÉTRICA,0,4,0,3,2,AUTOMÓVEL=2|CAMINHÃO=2,SANTA RITA DO PASSA QUATRO,CENTRAL,RIBEIRÃO PRETO,ESTADUAL
2020-05-11,19:41:00,L01-AUTOBAN,SP330,57.6,SUL,-23.200643219491,-46.901991956388,CHOQUE,CHOQUE-SINALIZAÇÃO,NÃO INFORMADO,0,0,0,0,0,AUTOMÓVEL=1,JUNDIAÍ,CAMPINAS,CAMPINAS,ESTADUAL
2020-05-11,20:55:00,L01-AUTOBAN,SP330,85.3,SUL,-22.987720792971,-47.040400937049,TOMBAMENTO,TOMBAMENTO,NÃO INFORMADO,0,0,0,0,0,CARRETA=1,VALINHOS,CAMPINAS,CAMPINAS,ESTADUAL
2020-05-12,07:44:00,L06-INTERVIAS,SP330,168.6,NORTE,-22.36638069,-47.39450073,CHOQUE,"CHOQUE - DEFENSA, BARREIRA OU ""SUBMARINO""",IMPRUD. CONDUTOR-LEVOU FECHADA,0,1,0,0,0,AUTOMÓVEL=1,ARARAS,CAMPINAS,RIO CLARO,ESTADUAL
2020-05-12,08:02:00,L01-AUTOBAN,SPM330D,96.6,NORTE,-22.907026633447,-47.105240096826,TOMBAMENTO,TOMBAMENTO-MOTO,NÃO INFORMADO,0,0,1,0,0,MOTO=1,CAMPINAS,CAMPINAS,CAMPINAS,ESTADUAL
2020-05-12,13:03:00,L06-INTERVIAS,SP330,215.0,SUL,-21.95859909,-47.45980072,CHOQUE,CHOQUE-VEÍCULO PARADO NA PISTA,IMPRUD. CONDUTOR,2,0,0,0,0,AUTOMÓVEL=1|CAMINHÃO=1,PIRASSUNUNGA,CAMPINAS,RIO CLARO,ESTADUAL
2020-05-12,13:53:00,L01-AUTOBAN,SP330,113.6,NORTE,-22.803111448556,-47.219618073714,CHOQUE,CHOQUE-DEFENSA METÁLICA,NÃO INFORMADO,0,0,0,0,0,CARRETA=1,SUMARÉ,CAMPINAS,CAMPINAS,ESTADUAL
2020-05-12,14:37:00,L28-ENTREVIAS,SP330,337.0,NORTE,-20.9655265039,-47.8677535087,CHOQUE,CHOQUE-OBJETO NA PISTA,OBJETO NA PISTA,1,0,0,0,0,AUTOMÓVEL=1,JARDINÓPOLIS,RIBEIRÃO PRETO,RIBEIRÃO PRETO,ESTADUAL
2020-05-12,19:21:00,L06-INTERVIAS,SP330,213.8,SUL,-21.96801949,-47.45621872,CHOQUE,CHOQUE-OBJETO NA PISTA,OBJETO NA PISTA,1,0,0,0,0,AUTOMÓVEL=1,PIRASSUNUNGA,CAMPINAS,RIO CLARO,ESTADUAL
2020-05-12,23:15:00,L06-INTERVIAS,SP330,232.0,SUL,-21.80999947,-47.50019836,ATROPELAMENTO DE ANIMAL,ATROP. ANIMAL,ANIMAL NA RODOVIA,4,0,0,0,0,AUTOMÓVEL=1,PORTO FERREIRA,CENTRAL,RIO CLARO,ESTADUAL
2020-05-12,23:40:00,L01-AUTOBAN,SP330,116.0,NORTE,-22.783180089729,-47.230637669563,COLISÃO,COLISÃO-TRASEIRA,NÃO INFORMADO,0,0,0,0,0,BITREM/CVC=1|CARRETA=1,NOVA ODESSA,CAMPINAS,RIO CLARO,ESTADUAL
2020-05-13,00:46:00,L01-AUTOBAN,SPM330D,95.5,NORTE,-22.915573421645,-47.097715437412,CHOQUE,CHOQUE-BARREIRA DE CONCRETO,NÃO INFORMADO,0,0,0,0,0,AUTOMÓVEL=1,CAMPINAS,CAMPINAS,CAMPINAS,ESTADUAL
2020-05-13,06:08:00,L01-AUTOBAN,SPI102/330,1.2,NORTE,-22.874013277721,-47.131211399989,CHOQUE,CHOQUE-VEÍCULO PARADO NO ACOSTAMENTO,NÃO INFORMADO,0,0,0,0,0,CARRETA=1,CAMPINAS,CAMPINAS,CAMPINAS,ESTADUAL
2020-05-13,06:38:00,L01-AUTOBAN,SP330,25.5,SUL,-23.42374267348,-46.790994186646,COLISÃO,COLISÃO-TRASEIRA,NÃO INFORMADO,0,0,0,0,0,NÃO INFORMADO=1|VAN/PERUA=1,SÃO PAULO,REG. METROPOLITANA SÃO PAULO,SÃO PAULO,ESTADUAL
2020-05-13,07:46:00,L28-ENTREVIAS,SP330,350.0,NORTE,-20.8508552092,-47.8953475761,CHOQUE,CHOQUE-EQUIPAMENTO,IMPRUD. CONDUTOR-FALTA DE ATENÇÃO,1,0,0,0,0,CAMINHÃO=1,SALES OLIVEIRA,FRANCA,RIBEIRÃO PRETO,ESTADUAL
2020-05-13,11:45:00,L01-AUTOBAN,SP330,98.0,NORTE,-22.895874533463,-47.110748291016,TOMBAMENTO,TOMBAMENTO-MOTO,NÃO INFORMADO,0,1,0,0,0,MOTO=1,CAMPINAS,CAMPINAS,CAMPINAS,ESTADUAL
2020-05-13,15:57:00,L01-AUTOBAN,SP330,101.7,SUL,-22.870075351229,-47.130163027392,COLISÃO,COLISÃO-TRASEIRA,NÃO INFORMADO,0,1,0,0,0,AUTOMÓVEL=1|MOTO=1,CAMPINAS,CAMPINAS,CAMPINAS,ESTADUAL
2020-05-13,17:33:00,L06-INTERVIAS,SP330,223.3,SUL,-21.89523888,-47.4810524,COLISÃO,COLISÃO-TRASEIRA,IMPRUD. CONDUTOR,2,0,0,0,0,CAMINHONETE=1|CAMINHÃO=1,PORTO FERREIRA,CENTRAL,RIO CLARO,ESTADUAL
2020-05-13,18:36:00,L01-AUTOBAN,SP330,157.64,NORTE,-22.463733775004,-47.398826336939,COLISÃO,COLISÃO-LATERAL,NÃO INFORMADO,0,1,0,0,0,AUTOMÓVEL=1|BITREM/CVC=1,CORDEIRÓPOLIS,CAMPINAS,RIO CLARO,ESTADUAL
2020-05-13,18:58:00,L28-ENTREVIAS,SP330,376.9,SUL,-20.6180532138,-47.883668093,COLISÃO,COLISÃO-TRASEIRA,IMPRUD. CONDUTOR-DIST. INADEQUADA ENTRE VEÍC.,2,0,0,0,0,AUTOMÓVEL=1|CAMINHÃO=1,SÃO JOAQUIM DA BARRA,FRANCA,RIBEIRÃO PRETO,ESTADUAL
2020-05-13,19:07:00,L01-AUTOBAN,SP330,136.0,SUL,-22.638337,-47.330187,COLISÃO,COLISÃO-LATERAL,NÃO INFORMADO,0,1,0,0,0,AUTOMÓVEL=1|NÃO INFORMADO=1,LIMEIRA,CAMPINAS,RIO CLARO,ESTADUAL
2020-05-14,00:56:00,L01-AUTOBAN,SP330,99.72,NORTE,-22.882403330201,-47.116370420972,CHOQUE,CHOQUE-VEÍCULO PARADO NA PISTA,NÃO INFORMADO,0,1,0,0,0,AUTOMÓVEL=2,CAMPINAS,CAMPINAS,CAMPINAS,ESTADUAL
2020-05-14,04:38:00,L29-VIAPAULISTA,SP330,317.35,NORTE,-21.12119293,-47.77405167,CHOQUE,CHOQUE-POSTE,IMPRUD. CONDUTOR,1,0,0,0,0,AUTOMÓVEL=1,RIBEIRÃO PRETO,RIBEIRÃO PRETO,RIBEIRÃO PRETO,ESTADUAL
2020-05-14,04:56:00,L01-AUTOBAN,SP330,152.4,SUL,-22.510738217164,-47.397056915052,COLISÃO,CHOQUE-PRAÇA AVI-(ENTRE VEÍCULOS),NÃO INFORMADO,0,2,0,0,0,CAMINHÃO=1|CARRETA=1,CORDEIRÓPOLIS,CAMPINAS,RIO CLARO,ESTADUAL
2020-05-14,07:09:00,L28-ENTREVIAS,SP330,439.6,NORTE,-20.0816624976,-47.7886718746,TOMBAMENTO,TOMBAMENTO-MOTO,ESTOURO/FURO DE PNEU,0,1,0,0,0,MOTOCICLETA / MOTONETA=1,ARAMINA,FRANCA,RIBEIRÃO PRETO,ESTADUAL
2020-05-14,07:52:00,L28-ENTREVIAS,SP330,383.0,NORTE,-20.5582085061,-47.8640154864,TOMBAMENTO,TOMBAMENTO-MOTO,OBJETO NA PISTA,0,0,1,0,0,MOTOCICLETA / MOTONETA=1,SÃO JOAQUIM DA BARRA,FRANCA,RIBEIRÃO PRETO,ESTADUAL
2020-05-14,13:43:00,L01-AUTOBAN,SP330,115.4,SUL,-22.788882474152,-47.228124983067,TOMBAMENTO,TOMBAMENTO-MOTO,NÃO INFORMADO,0,1,0,0,0,MOTO=1,SUMARÉ,CAMPINAS,CAMPINAS,ESTADUAL
2020-05-14,15:55:00,L01-AUTOBAN,SP330,71.0,SUL,-23.097837246034,-46.968103051186,COLISÃO,COLISÃO-TRASEIRA,NÃO INFORMADO,0,0,0,0,0,NÃO INFORMADO=1|UTILITÁRIO=1,LOUVEIRA,CAMPINAS,CAMPINAS,ESTADUAL
2020-05-14,18:31:00,L01-AUTOBAN,SP330,78.41,SUL,-23.042059301117,-47.006669077087,ATROPELAMENTO DE PEDESTRE,ATROP. PEDESTRE-MORADOR/TRABALHADOR/ESTUDANTE,NÃO INFORMADO,0,0,0,0,1,NÃO INFORMADO=1|NÃO SE APLICA=1,VINHEDO,CAMPINAS,CAMPINAS,ESTADUAL
2020-05-14,19:12:00,L01-AUTOBAN,SPM330D,94.6,NORTE,-22.92165528001,-47.091285099059,COLISÃO,COLISÃO-TRASEIRA,NÃO INFORMADO,0,1,0,0,0,AUTOMÓVEL=1|MOTO=1,CAMPINAS,CAMPINAS,CAMPINAS,ESTADUAL
2020-05-14,20:05:00,L28-ENTREVIAS,SP330,376.1,NORTE,-20.6180359106,-47.8834421412,CHOQUE,CHOQUE-OBJETO NA PISTA,OBJETO NA PISTA,1,0,0,0,0,AUTOMÓVEL=1,SÃO JOAQUIM DA BARRA,FRANCA,RIBEIRÃO PRETO,ESTADUAL
2020-05-14,20:06:00,L28-ENTREVIAS,SP330,376.1,NORTE,-20.6180359106,-47.8834421412,CHOQUE,CHOQUE-OBJETO NA PISTA,OBJETO NA PISTA,1,0,0,0,0,AUTOMÓVEL=1,SÃO JOAQUIM DA BARRA,FRANCA,RIBEIRÃO PRETO,ESTADUAL
2020-05-14,20:07:00,L28-ENTREVIAS,SP330,376.1,NORTE,-20.6180359106,-47.8834421412,CHOQUE,CHOQUE-OBJETO NA PISTA,OBJETO NA PISTA,1,0,0,0,0,AUTOMÓVEL=1,SÃO JOAQUIM DA BARRA,FRANCA,RIBEIRÃO PRETO,ESTADUAL
2020-05-14,20:08:00,L28-ENTREVIAS,SP330,376.1,NORTE,-20.6180359106,-47.8834421412,CHOQUE,CHOQUE-OBJETO NA PISTA,OBJETO NA PISTA,1,0,0,0,0,AUTOMÓVEL=1,SÃO JOAQUIM DA BARRA,FRANCA,RIBEIRÃO PRETO,ESTADUAL
2020-05-14,20:10:00,L28-ENTREVIAS,SP330,376.1,NORTE,-20.6180359106,-47.8834421412,CHOQUE,CHOQUE-OBJETO NA PISTA,OBJETO NA PISTA,1,0,0,0,0,AUTOMÓVEL=1,SÃO JOAQUIM DA BARRA,FRANCA,RIBEIRÃO PRETO,ESTADUAL
2020-05-14,22:24:00,L01-AUTOBAN,SP330,114.0,NORTE,-22.800514260128,-47.221802473068,CHOQUE,CHOQUE-DEFENSA METÁLICA,NÃO INFORMADO,1,1,0,0,0,AUTOMÓVEL=1,SUMARÉ,CAMPINAS,CAMPINAS,ESTADUAL
2020-05-15,00:07:00,L01-AUTOBAN,SP330,120.29,SUL,-22.754984542744,-47.25674865902,ATROPELAMENTO DE PEDESTRE,ATROP. PEDESTRE-USUÁRIO,NÃO INFORMADO,0,0,0,0,1,NÃO INFORMADO=1|NÃO SE APLICA=1,AMERICANA,CAMPINAS,RIO CLARO,ESTADUAL
2020-05-15,00:18:00,L01-AUTOBAN,SP330,120.0,NORTE,-22.756649,-47.254609,CHOQUE,CHOQUE-BARREIRA DE CONCRETO,NÃO INFORMADO,0,0,0,0,0,AUTOMÓVEL=1,AMERICANA,CAMPINAS,RIO CLARO,ESTADUAL
2020-05-15,04:08:00,L01-AUTOBAN,SPM330E,98.7,SUL,-22.890454259886,-47.112728289967,CHOQUE,CHOQUE-BARREIRA DE CONCRETO,NÃO INFORMADO,0,0,0,0,0,AUTOMÓVEL=1,CAMPINAS,CAMPINAS,CAMPINAS,ESTADUAL
2020-05-15,04:38:00,L06-INTERVIAS,SP330,202.5,SUL,-22.06550026,-47.42559814,ATROPELAMENTO DE ANIMAL,ATROP. ANIMAL,ANIMAL NA RODOVIA,1,0,0,0,0,AUTOMÓVEL=1,PIRASSUNUNGA,CAMPINAS,RIO CLARO,ESTADUAL
2020-05-15,05:14:00,L01-AUTOBAN,SP330,100.94,SUL,-22.874475830773,-47.124458473118,COLISÃO,COLISÃO-TRASEIRA,NÃO INFORMADO,0,0,0,0,0,CAMINHÃO=1|CARRETA=1,CAMPINAS,CAMPINAS,CAMPINAS,ESTADUAL
2020-05-15,06:15:00,L01-AUTOBAN,SPM330E,15.5,SUL,-23.497092587879,-46.756766438484,CHOQUE,CHOQUE-BARREIRA DE CONCRETO,NÃO INFORMADO,0,1,0,0,0,AUTOMÓVEL=1|CARRETA=1|NÃO INFORMADO=1,SÃO PAULO,REG. METROPOLITANA SÃO PAULO,SÃO PAULO,ESTADUAL
2020-05-15,07:37:00,L01-AUTOBAN,SP330,92.4,SUL,-22.933021773612,-47.074301557258,TOMBAMENTO,TOMBAMENTO,NÃO INFORMADO,0,1,0,0,0,MOTO=1,CAMPINAS,CAMPINAS,CAMPINAS,ESTADUAL
2020-05-15,07:49:00,L29-VIAPAULISTA,SP330,312.9,SUL,-21.1580143,-47.75655365,ENGAVETAMENTO,ENGAVETAMENTO,IMPRUD. CONDUTOR-FREADA BRUSCA,6,0,0,0,0,AUTOMÓVEL=3|CAMINHONETE=1,RIBEIRÃO PRETO,RIBEIRÃO PRETO,RIBEIRÃO PRETO,ESTADUAL
2020-05-15,08:24:00,L01-AUTOBAN,SP330,75.0,SUL,-23.068143,-46.988749,CHOQUE,CHOQUE-BARREIRA DE CONCRETO,NÃO INFORMADO,0,0,0,0,0,AUTOMÓVEL=1,VINHEDO,CAMPINAS,CAMPINAS,ESTADUAL
2020-05-15,09:01:00,L06-INTERVIAS,SP330,215.1,NORTE,-21.95737076,-47.4592514,CHOQUE,CHOQUE-VEÍCULO PARADO NA PISTA,VEÍCULO PARADO NA FAIXA,2,0,0,0,0,AUTOMÓVEL=1|CAMINHÃO=1,PIRASSUNUNGA,CAMPINAS,RIO CLARO,ESTADUAL
2020-05-15,10:58:00,L01-AUTOBAN,SPM330E,114.5,SUL,-22.796637072115,-47.22416549921,CHOQUE,CHOQUE-DEFENSA METÁLICA,NÃO INFORMADO,0,1,0,0,0,AUTOMÓVEL=1,SUMARÉ,CAMPINAS,CAMPINAS,ESTADUAL
2020-05-15,17:01:00,L06-INTERVIAS,SP330,210.0,SUL,-22.00079918,-47.44509888,CHOQUE,CHOQUE-POSTE,IMPRUD. CONDUTOR,1,1,0,0,0,CAMINHONETE=1|MOTO=1,PIRASSUNUNGA,CAMPINAS,RIO CLARO,ESTADUAL
2020-05-15,17:34:00,L29-VIAPAULISTA,SP330,285.0,SUL,-21.39309311,-47.6934433,TOMBAMENTO,TOMBAMENTO,ESTOURO/FURO DE PNEU,1,0,0,0,0,MOTO=1,CRAVINHOS,RIBEIRÃO PRETO,RIBEIRÃO PRETO,ESTADUAL
2020-05-15,17:53:00,L01-AUTOBAN,SP330,61.0,SUL,-23.175304483475,-46.918702125549,COLISÃO,COLISÃO-LATERAL,NÃO INFORMADO,1,1,0,0,0,AUTOMÓVEL=1|MOTO=1,JUNDIAÍ,CAMPINAS,CAMPINAS,ESTADUAL
2020-05-15,18:12:00,L01-AUTOBAN,SP330,35.0,NORTE,-23.369218,-46.84502,COLISÃO,COLISÃO-TRASEIRA,NÃO INFORMADO,0,0,1,0,0,MOTO=1|NÃO INFORMADO=1,CAJAMAR,REG. METROPOLITANA SÃO PAULO,SÃO PAULO,ESTADUAL
2020-05-15,18:29:00,L06-INTERVIAS,SP330,176.0,NORTE,-22.30069923,-47.39199829,COLISÃO,COLISÃO-TRASEIRA,IMPRUD. CONDUTOR,2,0,0,0,0,CAMINHÃO=2,ARARAS,CAMPINAS,RIO CLARO,ESTADUAL
2020-05-15,19:07:00,L01-AUTOBAN,SPM330D,121.5,NORTE,-22.746848526816,-47.264849443363,COLISÃO,COLISÃO-FRONTAL,NÃO INFORMADO,3,0,1,0,0,AUTOMÓVEL=2,AMERICANA,CAMPINAS,RIO CLARO,ESTADUAL
2020-05-15,19:38:00,L28-ENTREVIAS,SP330,324.0,SUL,-21.0700577889,-47.8119681073,CHOQUE,CHOQUE-OBJETO NA PISTA,OBJETO NA PISTA,1,0,0,0,0,AUTOMÓVEL=1,RIBEIRÃO PRETO,RIBEIRÃO PRETO,RIBEIRÃO PRETO,ESTADUAL
2020-05-16,06:48:00,L06-INTERVIAS,SP330,178.6,NORTE,-22.27729988,-47.39237976,CAPOTAMENTO,CAPOTAMENTO,OUTROS,1,0,0,1,0,AUTOMÓVEL=1|CAMINHÃO=1,ARARAS,CAMPINAS,RIO CLARO,ESTADUAL
2020-05-16,07:26:00,L28-ENTREVIAS,SPA327/330,4.7,LESTE,-21.0326035601,-47.7875586789,CHOQUE,CHOQUE-VEÍCULO PARADO NA PISTA,VEÍCULO PARADO NA FAIXA,2,0,0,0,0,AUTOMÓVEL=2,JARDINÓPOLIS,RIBEIRÃO PRETO,RIBEIRÃO PRETO,ESTADUAL
2020-05-16,15:23:00,L06-INTERVIAS,SP330,190.3,SUL,-22.17513084,-47.39881897,CHOQUE,CHOQUE-TALUDE OU BARRANCO,ESTOURO/FURO DE PNEU,2,0,0,0,0,CAMINHONETE=1|CAMINHÃO=1,LEME,CAMPINAS,RIO CLARO,ESTADUAL
2020-05-16,19:01:00,L29-VIAPAULISTA,SP330,295.0,NORTE,-21.3140564,-47.73584366,TOMBAMENTO,TOMBAMENTO,ESTOURO/FURO DE PNEU,0,2,0,0,0,MOTO=1,CRAVINHOS,RIBEIRÃO PRETO,RIBEIRÃO PRETO,ESTADUAL
2020-05-16,23:25:00,L29-VIAPAULISTA,SP330,313.8,NORTE,-21.14924812,-47.75807571,CAPOTAMENTO,CAPOTAMENTO,IMPRUD. CONDUTOR-DORMIR AO VOLANTE,1,0,0,0,0,AUTOMÓVEL=1,RIBEIRÃO PRETO,RIBEIRÃO PRETO,RIBEIRÃO PRETO,ESTADUAL
2020-05-17,01:38:00,L01-AUTOBAN,SPM330D,110.0,NORTE,-22.822672081657,-47.192480564117,COLISÃO,COLISÃO-LATERAL,NÃO INFORMADO,0,1,0,0,0,MOTO=1|NÃO INFORMADO=1,SUMARÉ,CAMPINAS,CAMPINAS,ESTADUAL
2020-05-17,04:11:00,L01-AUTOBAN,SPM330E,103.6,SUL,-22.859255647048,-47.145031482819,CHOQUE,CHOQUE-BARREIRA DE CONCRETO,NÃO INFORMADO,0,0,0,1,0,NÃO INFORMADO=1,CAMPINAS,CAMPINAS,CAMPINAS,ESTADUAL
2020-05-17,06:06:00,L01-AUTOBAN,SP330,105.98,SUL,-22.846885185868,-47.164135219,CHOQUE,CHOQUE-DEFENSA METÁLICA,NÃO INFORMADO,1,0,0,0,0,AUTOMÓVEL=1,SUMARÉ,CAMPINAS,CAMPINAS,ESTADUAL
2020-05-17,18:49:00,L01-AUTOBAN,SP330,61.0,SUL,-23.175304483475,-46.918702125549,COLISÃO,COLISÃO-TRASEIRA,NÃO INFORMADO,0,0,1,0,0,AUTOMÓVEL=1|MOTO=1,JUNDIAÍ,CAMPINAS,CAMPINAS,ESTADUAL
2020-05-17,20:20:00,L28-ENTREVIAS,SP330,392.0,SUL,-20.4826429159,-47.8425718378,TOMBAMENTO,TOMBAMENTO-VEÍCULOS PESADOS,IMPRUD. CONDUTOR-PERDA DE CONTROLE,0,1,0,0,0,CAMINHÃO=1,GUARÁ,FRANCA,RIBEIRÃO PRETO,ESTADUAL
2020-05-17,22:25:00,L29-VIAPAULISTA,SP330,312.4,NORTE,-21.16171074,-47.75615311,CAPOTAMENTO,CAPOTAMENTO,IMPRUD. CONDUTOR-PERDA DE CONTROLE,0,1,0,0,0,AUTOMÓVEL=1,RIBEIRÃO PRETO,RIBEIRÃO PRETO,RIBEIRÃO PRETO,ESTADUAL
2020-05-18,09:05:00,L01-AUTOBAN,SP330,150.9,NORTE,-22.522969245606,-47.39129636908,COLISÃO,COLISÃO-LATERAL,NÃO INFORMADO,0,0,0,0,0,AUTOMÓVEL=1|CARRETA=1,LIMEIRA,CAMPINAS,RIO CLARO,ESTADUAL
2020-05-18,09:14:00,L29-VIAPAULISTA,SP330,306.6,NORTE,-21.21398163,-47.75863266,COLISÃO,COLISÃO-TRASEIRA,IMPRUD. CONDUTOR-MUDANÇA DE FAIXA,2,0,0,0,0,AUTOMÓVEL=1|CAMINHONETE=1,RIBEIRÃO PRETO,RIBEIRÃO PRETO,RIBEIRÃO PRETO,ESTADUAL
2020-05-18,10:44:00,L01-AUTOBAN,SP330,21.55,NORTE,-23.45648164196,-46.784202214176,CHOQUE,CHOQUE-DEFENSA METÁLICA,NÃO INFORMADO,1,1,0,0,0,AUTOMÓVEL=1,SÃO PAULO,REG. METROPOLITANA SÃO PAULO,SÃO PAULO,ESTADUAL
2020-05-18,11:55:00,L01-AUTOBAN,SP330,22.7,NORTE,-23.446957198318,-46.786764800847,COLISÃO,COLISÃO-LATERAL,NÃO INFORMADO,0,1,0,0,0,AUTOMÓVEL=1|CAMINHÃO=1,SÃO PAULO,REG. METROPOLITANA SÃO PAULO,SÃO PAULO,ESTADUAL
2020-05-18,14:39:00,L29-VIAPAULISTA,SP330,283.5,NORTE,-21.39779663,-47.68067932,OBJETO LANÇADO CONTRA O VEÍCULO,OBJETO LANÇADO CONTRA VEÍCULO,OBRAS,1,0,0,0,0,AUTOMÓVEL=1,SÃO SIMÃO,RIBEIRÃO PRETO,RIBEIRÃO PRETO,ESTADUAL
2020-05-18,14:44:00,L01-AUTOBAN,SPM330D,94.6,NORTE,-22.92165528001,-47.091285099059,CHOQUE,CHOQUE-VEÍCULO PARADO NA PISTA,NÃO INFORMADO,0,0,0,1,0,CAMINHÃO=1|UTILITÁRIO=1,CAMPINAS,CAMPINAS,CAMPINAS,ESTADUAL
2020-05-18,18:26:00,L01-AUTOBAN,SP330,118.62,SUL,-22.765599317479,-47.24549294066,CHOQUE,CHOQUE-VEÍCULO PARADO NA PISTA,NÃO INFORMADO,0,1,0,0,0,AUTOMÓVEL=1|BITREM/CVC=1,NOVA ODESSA,CAMPINAS,RIO CLARO,ESTADUAL
2020-05-18,18:46:00,L01-AUTOBAN,SP330,136.9,NORTE,-22.631378879051,-47.335908432888,COLISÃO,COLISÃO-TRASEIRA,NÃO INFORMADO,0,0,1,0,0,MOTO=1|NÃO INFORMADO=1,LIMEIRA,CAMPINAS,RIO CLARO,ESTADUAL
2020-05-18,20:54:00,L29-VIAPAULISTA,SP330,313.8,SUL,-21.1501236,-47.75801849,TOMBAMENTO,TOMBAMENTO,ÓLEO NA PISTA,2,0,0,0,0,MOTO=1,RIBEIRÃO PRETO,RIBEIRÃO PRETO,RIBEIRÃO PRETO,ESTADUAL
2020-05-19,01:12:00,L01-AUTOBAN,SP330,70.413,NORTE,-23.102430828614,-46.964849886081,CHOQUE,CHOQUE-VEÍCULO PARADO NA PISTA,NÃO INFORMADO,0,0,0,0,0,AUTOMÓVEL=1|CAMINHÃO=1,LOUVEIRA,CAMPINAS,CAMPINAS,ESTADUAL
2020-05-19,07:40:00,L01-AUTOBAN,SP330,24.0,SUL,-23.434825279713,-46.786420941353,COLISÃO,COLISÃO-LATERAL,NÃO INFORMADO,0,1,0,0,0,AUTOMÓVEL=1|CARRETA=1,SÃO PAULO,REG. METROPOLITANA SÃO PAULO,SÃO PAULO,ESTADUAL
2020-05-19,09:00:00,L29-VIAPAULISTA,SP330,315.7,NORTE,-21.13357735,-47.76525879,TOMBAMENTO,TOMBAMENTO,ESTOURO/FURO DE PNEU,2,0,0,0,0,MOTO=1,RIBEIRÃO PRETO,RIBEIRÃO PRETO,RIBEIRÃO PRETO,ESTADUAL
2020-05-19,09:26:00,L29-VIAPAULISTA,SPA241/330,6.5,LESTE,-21.73316287,-47.50635128,OBJETO LANÇADO CONTRA O VEÍCULO,OBJETO LANÇADO CONTRA VEÍCULO,OBRAS,2,0,0,0,0,AUTOMÓVEL=1,SANTA RITA DO PASSA QUATRO,CENTRAL,RIBEIRÃO PRETO,ESTADUAL
2020-05-19,13:07:00,L01-AUTOBAN,SP330,14.0,NORTE,-23.507052,-46.749681,CHOQUE,CHOQUE-BARREIRA DE CONCRETO,NÃO INFORMADO,0,1,0,0,0,CAMINHÃO=1,SÃO PAULO,REG. METROPOLITANA SÃO PAULO,SÃO PAULO,ESTADUAL
2020-05-19,13:42:00,L01-AUTOBAN,SP330,104.8,SUL,-22.853085836363,-47.155178571429,COLISÃO,COLISÃO-TRANSVERSAL,NÃO INFORMADO,0,0,0,0,0,CAMINHÃO=1|UTILITÁRIO=1,CAMPINAS,CAMPINAS,CAMPINAS,ESTADUAL
2020-05-19,13:49:00,L01-AUTOBAN,SPM330E,86.7,SUL,-22.977422341714,-47.04705868724,COLISÃO,COLISÃO-TRASEIRA,NÃO INFORMADO,0,0,0,0,0,AUTOMÓVEL=1|CAMINHÃO=1,CAMPINAS,CAMPINAS,CAMPINAS,ESTADUAL
2020-05-19,15:13:00,L29-VIAPAULISTA,SP330,258.9,SUL,-21.60608101,-47.61904907,COLISÃO,COLISÃO-LATERAL,IMPRUD. CONDUTOR,4,0,0,0,0,AUTOMÓVEL=1|CAMINHÃO=1,SANTA RITA DO PASSA QUATRO,CENTRAL,RIBEIRÃO PRETO,ESTADUAL
2020-05-19,18:36:00,L06-INTERVIAS,SP330,165.5,SUL,-22.3939991,-47.39210129,CHOQUE,CHOQUE-OBJETO NA PISTA,OBJETO NA PISTA,2,0,0,0,0,AUTOMÓVEL=1,ARARAS,CAMPINAS,RIO CLARO,ESTADUAL
2020-05-19,18:58:00,L01-AUTOBAN,SPM330D,14.5,NORTE,-23.503452243015,-46.752102555874,CHOQUE,CHOQUE-SINALIZAÇÃO,NÃO INFORMADO,0,0,0,0,0,CAMINHÃO=1,SÃO PAULO,REG. METROPOLITANA SÃO PAULO,SÃO PAULO,ESTADUAL
2020-05-19,19:02:00,L01-AUTOBAN,SPM330D,100.8,NORTE,-22.875116462387,-47.123311779897,CHOQUE,CHOQUE-VEÍCULO PARADO NA PISTA,NÃO INFORMADO,1,1,0,0,0,AUTOMÓVEL=2,CAMPINAS,CAMPINAS,CAMPINAS,ESTADUAL
2020-05-19,22:27:00,L29-VIAPAULISTA,SP330,267.2,SUL,-21.53415108,-47.64154434,CHOQUE,CHOQUE-VEÍCULO PARADO NA PISTA,VEÍCULO PARADO NA FAIXA,2,0,0,0,0,CAMINHÃO=1|NÃO INFORMADO=1,SÃO SIMÃO,RIBEIRÃO PRETO,RIBEIRÃO PRETO,ESTADUAL
2020-05-20,01:20:00,L01-AUTOBAN,SP330,70.4,NORTE,-23.102539558774,-46.964778193305,CHOQUE,CHOQUE-VEÍCULO PARADO NO ACOSTAMENTO,NÃO INFORMADO,1,1,2,0,0,AUTOMÓVEL=1|VIATURA CONCESSIONÁRIA=1,LOUVEIRA,CAMPINAS,CAMPINAS,ESTADUAL
2020-05-20,10:20:00,L01-AUTOBAN,SP330,102.5,NORTE,-22.864779777099,-47.135684788227,COLISÃO,COLISÃO-LATERAL,NÃO INFORMADO,0,0,0,0,0,AUTOMÓVEL=1|BITREM/CVC=1,CAMPINAS,CAMPINAS,CAMPINAS,ESTADUAL
2020-05-20,11:40:00,L29-VIAPAULISTA,SP330,296.709,NORTE,-21.29993629,-47.74245834,COLISÃO,COLISÃO-TRASEIRA,IMPRUD. CONDUTOR-MUDANÇA DE FAIXA,2,0,0,0,0,AUTOMÓVEL=1|CAMINHÃO=1,CRAVINHOS,RIBEIRÃO PRETO,RIBEIRÃO PRETO,ESTADUAL
2020-05-20,17:23:00,L01-AUTOBAN,SPM330E,15.65,SUL,-23.496245434546,-46.757387636512,COLISÃO,COLISÃO-LATERAL,NÃO INFORMADO,0,0,0,0,0,AUTOMÓVEL=1|ÔNIBUS=1,SÃO PAULO,REG. METROPOLITANA SÃO PAULO,SÃO PAULO,ESTADUAL
2020-05-20,18:30:00,L01-AUTOBAN,SP330,137.8,SUL,-22.625524691953,-47.341793794958,COLISÃO,COLISÃO-TRASEIRA,NÃO INFORMADO,0,0,0,0,0,AUTOMÓVEL=1|CARRETA=1,LIMEIRA,CAMPINAS,RIO CLARO,ESTADUAL
2020-05-20,18:45:00,L01-AUTOBAN,SP330,102.7,NORTE,-22.863746725546,-47.137108483048,CHOQUE,CHOQUE-BARREIRA DE CONCRETO,NÃO INFORMADO,0,0,0,0,0,AUTOMÓVEL=2,CAMPINAS,CAMPINAS,CAMPINAS,ESTADUAL
2020-05-20,19:26:00,L06-INTERVIAS,SP330,224.0,NORTE,-21.88010025,-47.4858017,CHOQUE,CHOQUE-OBJETO NA PISTA,OBJETO NA PISTA,1,0,0,0,0,AUTOMÓVEL=1,PORTO FERREIRA,CENTRAL,RIO CLARO,ESTADUAL
2020-05-20,20:40:00,L01-AUTOBAN,SP330,73.0,SUL,-23.082623671372,-46.978075504303,CHOQUE,CHOQUE-SINALIZAÇÃO,NÃO INFORMADO,0,1,0,0,0,AUTOMÓVEL=1,LOUVEIRA,CAMPINAS,CAMPINAS,ESTADUAL
2020-05-20,22:02:00,L01-AUTOBAN,SP330,41.42,SUL,-23.32091771557,-46.84969638678,CHOQUE,CHOQUE-TALUDE OU BARRANCO,NÃO INFORMADO,0,1,0,0,0,AUTOMÓVEL=1,CAJAMAR,REG. METROPOLITANA SÃO PAULO,SÃO PAULO,ESTADUAL
2020-05-20,23:38:00,L01-AUTOBAN,SP330,130.4,NORTE,-22.684477303284,-47.310674786404,CHOQUE,CHOQUE-DEFENSA METÁLICA,NÃO INFORMADO,0,2,0,0,0,UTILITÁRIO=1,LIMEIRA,CAMPINAS,RIO CLARO,ESTADUAL
2020-05-21,04:19:00,L01-AUTOBAN,SP330,36.5,SUL,-23.35587910271,-46.847730955368,ATROPELAMENTO DE ANIMAL,ATROP. ANIMAL,NÃO INFORMADO,0,0,0,0,0,UTILITÁRIO=1,CAJAMAR,REG. METROPOLITANA SÃO PAULO,SÃO PAULO,ESTADUAL
2020-05-21,12:35:00,L01-AUTOBAN,SP330,53.0,NORTE,-23.230639,-46.87295,TOMBAMENTO,TOMBAMENTO,NÃO INFORMADO,0,1,0,0,0,AUTOMÓVEL=1|MOTO=1,JUNDIAÍ,CAMPINAS,CAMPINAS,ESTADUAL
2020-05-21,15:07:00,L01-AUTOBAN,SP330,24.0,SUL,-23.434825279713,-46.786420941353,COLISÃO,COLISÃO-LATERAL,NÃO INFORMADO,0,0,0,0,0,AUTOMÓVEL=2,SÃO PAULO,REG. METROPOLITANA SÃO PAULO,SÃO PAULO,ESTADUAL
2020-05-21,15:45:00,L01-AUTOBAN,SPM330D,98.6,NORTE,-22.890987973218,-47.112251397125,COLISÃO,COLISÃO-LATERAL,NÃO INFORMADO,0,1,0,0,0,AUTOMÓVEL=1|CARRETA=1,CAMPINAS,CAMPINAS,CAMPINAS,ESTADUAL
2020-05-21,16:34:00,L01-AUTOBAN,SPM330D,57.0,NORTE,-23.205930751153,-46.899073719978,TOMBAMENTO,TOMBAMENTO,NÃO INFORMADO,0,0,1,0,0,MOTO=1,JUNDIAÍ,CAMPINAS,CAMPINAS,ESTADUAL
2020-05-21,18:05:00,L01-AUTOBAN,SPM330E,113.0,SUL,-22.807279181437,-47.216427326202,ENGAVETAMENTO,ENGAVETAMENTO,NÃO INFORMADO,0,0,0,0,0,AUTOMÓVEL=3,SUMARÉ,CAMPINAS,CAMPINAS,ESTADUAL
2020-05-21,18:18:00,L01-AUTOBAN,SPM330D,100.5,NORTE,-22.877072213115,-47.12116330862,TOMBAMENTO,TOMBAMENTO,NÃO INFORMADO,0,1,0,0,0,MOTO=1,CAMPINAS,CAMPINAS,CAMPINAS,ESTADUAL
2020-05-21,19:05:00,L01-AUTOBAN,SP330,132.0,NORTE,-22.670605317032,-47.313340902329,COLISÃO,COLISÃO-LATERAL,NÃO INFORMADO,1,0,0,0,0,AUTOMÓVEL=1,LIMEIRA,CAMPINAS,RIO CLARO,ESTADUAL
2020-05-21,22:07:00,L29-VIAPAULISTA,SP330,251.8,SUL,-21.6686821,-47.60737228,COLISÃO,COLISÃO-TRASEIRA,IMPRUD. CONDUTOR-DORMIR AO VOLANTE,2,0,0,0,0,CAMINHÃO=2,SANTA RITA DO PASSA QUATRO,CENTRAL,RIBEIRÃO PRETO,ESTADUAL
2020-05-21,22:38:00,L28-ENTREVIAS,SP330,321.0,NORTE,-21.091004688,-47.7956978683,CHOQUE,CHOQUE-VEÍCULO PARADO NA PISTA,VEÍCULO PARADO NA FAIXA,1,1,0,0,0,AUTOMÓVEL=1|MOTOCICLETA / MOTONETA=1,RIBEIRÃO PRETO,RIBEIRÃO PRETO,RIBEIRÃO PRETO,ESTADUAL
2020-05-21,22:40:00,L06-INTERVIAS,SP330,201.5,SUL,-22.07430077,-47.42340088,CHOQUE,CHOQUE-OUTROS,OBJETO NA PISTA,1,0,0,0,0,CAMINHÃO=1,SANTA CRUZ DA CONCEIÇÃO,CAMPINAS,RIO CLARO,ESTADUAL
2020-05-22,02:16:00,L06-INTERVIAS,SP330,184.2,NORTE,-22.22698021,-47.39147949,ATROPELAMENTO DE ANIMAL,ATROP. ANIMAL,ANIMAL NA RODOVIA,4,0,0,0,0,AUTOMÓVEL=1,LEME,CAMPINAS,RIO CLARO,ESTADUAL
2020-05-22,02:46:00,L01-AUTOBAN,SP330,50.6,SUL,-23.251696757164,-46.866637232056,ATROPELAMENTO DE ANIMAL,ATROP. ANIMAL,NÃO INFORMADO,0,0,0,0,0,UTILITÁRIO=1,JUNDIAÍ,CAMPINAS,CAMPINAS,ESTADUAL
2020-05-22,03:58:00,L06-INTERVIAS,SP330,180.7,NORTE,-22.25849915,-47.38996124,CHOQUE,CHOQUE-OBJETO NA PISTA,OBJETO NA PISTA,0,0,0,0,0,CAMINHÃO=1,ARARAS,CAMPINAS,RIO CLARO,ESTADUAL
2020-05-22,20:30:00,L06-INTERVIAS,SP330,189.9,NORTE,-22.1760006,-47.39865112,CHOQUE,CHOQUE-OBJETO NA PISTA,OBJETO NA PISTA,1,0,0,0,0,AUTOMÓVEL=1,LEME,CAMPINAS,RIO CLARO,ESTADUAL
2020-05-22,20:57:00,L06-INTERVIAS,SP330,189.9,NORTE,-22.1760006,-47.39865112,CHOQUE,CHOQUE-OBJETO NA PISTA,OBJETO NA PISTA,1,0,0,0,0,AUTOMÓVEL=1,LEME,CAMPINAS,RIO CLARO,ESTADUAL
2020-05-22,21:21:00,L01-AUTOBAN,SP330,97.5,SUL,-22.900312112856,-47.109399139881,COLISÃO,COLISÃO-TRASEIRA,NÃO INFORMADO,0,1,0,0,0,AUTOMÓVEL=1|MOTO=1,CAMPINAS,CAMPINAS,CAMPINAS,ESTADUAL
2020-05-22,22:13:00,L06-INTERVIAS,SP330,199.95,NORTE,-22.08822441,-47.41925049,COLISÃO,COLISÃO-TRASEIRA,IMPRUD. CONDUTOR-DORMIR AO VOLANTE,2,0,0,0,0,CAMINHÃO=2,SANTA CRUZ DA CONCEIÇÃO,CAMPINAS,RIO CLARO,ESTADUAL
2020-05-23,00:35:00,L01-AUTOBAN,SPM330E,103.8,SUL,-22.858165835016,-47.14689069104,TOMBAMENTO,TOMBAMENTO-MOTO,NÃO INFORMADO,0,0,1,0,0,MOTO=1,CAMPINAS,CAMPINAS,CAMPINAS,ESTADUAL
2020-05-23,02:04:00,L01-AUTOBAN,SP330,57.0,SUL,-23.206009637649,-46.899240016937,TOMBAMENTO,TOMBAMENTO-MOTO,NÃO INFORMADO,0,0,1,0,0,MOTO=1,JUNDIAÍ,CAMPINAS,CAMPINAS,ESTADUAL
2020-05-23,02:58:00,L28-ENTREVIAS,SPA327/330,4.5,OESTE,-21.0325567569,-47.7875616472,CHOQUE,CHOQUE-POSTE,IMPRUD. CONDUTOR-PERDA DE CONTROLE,0,2,0,0,0,AUTOMÓVEL=1,JARDINÓPOLIS,RIBEIRÃO PRETO,RIBEIRÃO PRETO,ESTADUAL
2020-05-23,04:50:00,L01-AUTOBAN,SP330,98.0,SUL,-22.896245165998,-47.110952138901,CHOQUE,CHOQUE-SINALIZAÇÃO,NÃO INFORMADO,0,0,0,0,0,AUTOMÓVEL=1,CAMPINAS,CAMPINAS,CAMPINAS,ESTADUAL
2020-05-23,05:15:00,L28-ENTREVIAS,SP330,417.0,SUL,-20.2699566387,-47.7985258466,TOMBAMENTO,TOMBAMENTO-VEÍCULOS PESADOS,IMPRUD. CONDUTOR-PERDA DE CONTROLE,0,1,0,0,0,CAMINHÃO=1,ITUVERAVA,FRANCA,RIBEIRÃO PRETO,ESTADUAL
2020-05-23,05:36:00,L01-AUTOBAN,SP330,59.2,SUL,-23.187440401927,-46.907752279126,CHOQUE,CHOQUE-CAIXA DE CAPTAÇÃO/FIBRA,NÃO INFORMADO,0,0,0,0,0,AUTOMÓVEL=1,JUNDIAÍ,CAMPINAS,CAMPINAS,ESTADUAL
2020-05-23,06:33:00,L01-AUTOBAN,SP330,92.6,SUL,-22.931969529121,-47.075899684517,COLISÃO,COLISÃO-TRASEIRA,NÃO INFORMADO,0,1,0,0,0,AUTOMÓVEL=2,CAMPINAS,CAMPINAS,CAMPINAS,ESTADUAL
2020-05-23,07:01:00,L01-AUTOBAN,SP330,19.9,NORTE,-23.469421374318,-46.778248248101,CHOQUE,CHOQUE-TALUDE OU BARRANCO,NÃO INFORMADO,0,1,0,0,0,AUTOMÓVEL=1,OSASCO,REG. METROPOLITANA SÃO PAULO,SÃO PAULO,ESTADUAL
2020-05-23,12:51:00,L01-AUTOBAN,SP330,48.1,NORTE,-23.273269527998,-46.869439068755,CHOQUE,CHOQUE-DEFENSA METÁLICA,NÃO INFORMADO,0,1,0,0,0,AUTOMÓVEL=1,JUNDIAÍ,CAMPINAS,CAMPINAS,ESTADUAL
2020-05-23,15:33:00,L01-AUTOBAN,SP330,91.2,SUL,-22.941497205912,-47.067594753225,CHOQUE,CHOQUE-BARREIRA DE CONCRETO,NÃO INFORMADO,4,0,0,0,0,AUTOMÓVEL=1,CAMPINAS,CAMPINAS,CAMPINAS,ESTADUAL
2020-05-23,16:24:00,L01-AUTOBAN,SP330,41.0,SUL,-23.323518428373,-46.84717297554,CHOQUE,CHOQUE-TALUDE OU BARRANCO,NÃO INFORMADO,0,1,0,0,0,AUTOMÓVEL=1,CAJAMAR,REG. METROPOLITANA SÃO PAULO,SÃO PAULO,ESTADUAL
2020-05-23,18:56:00,L01-AUTOBAN,SP330,97.8,SUL,-22.897871919919,-47.110330948772,CHOQUE,CHOQUE-BARREIRA DE CONCRETO,NÃO INFORMADO,0,0,0,0,0,AUTOMÓVEL=1,CAMPINAS,CAMPINAS,CAMPINAS,ESTADUAL
2020-05-23,19:35:00,L01-AUTOBAN,SP330,92.15,NORTE,-22.934306428375,-47.072525751228,CHOQUE,CHOQUE-BARREIRA DE CONCRETO,NÃO INFORMADO,0,0,0,0,0,AUTOMÓVEL=1,CAMPINAS,CAMPINAS,CAMPINAS,ESTADUAL
2020-05-23,20:14:00,L01-AUTOBAN,SP330,92.0,SUL,-22.935126302733,-47.071105241776,CHOQUE,CHOQUE-MEIO FIO/CALÇAMENTO,NÃO INFORMADO,0,0,0,0,0,UTILITÁRIO=1,CAMPINAS,CAMPINAS,CAMPINAS,ESTADUAL
2020-05-24,04:08:00,L29-VIAPAULISTA,SP330,313.5,NORTE,-21.15186691,-47.75737762,TOMBAMENTO,TOMBAMENTO,IMPRUD. CONDUTOR-PERDA DE CONTROLE,1,0,0,0,0,MOTO=1,RIBEIRÃO PRETO,RIBEIRÃO PRETO,RIBEIRÃO PRETO,ESTADUAL
2020-05-24,08:58:00,L29-VIAPAULISTA,SP330,307.8,SUL,-21.20364761,-47.75825882,TOMBAMENTO,TOMBAMENTO,ÓLEO NA PISTA,0,1,0,0,0,MOTO=1,RIBEIRÃO PRETO,RIBEIRÃO PRETO,RIBEIRÃO PRETO,ESTADUAL
2020-05-24,11:21:00,L29-VIAPAULISTA,SP330,307.0,SUL,-21.21128464,-47.75865936,CHOQUE,CHOQUE-ELEMENTO DE DRENAGEM,ÓLEO NA PISTA,1,0,0,0,0,AUTOMÓVEL=1,RIBEIRÃO PRETO,RIBEIRÃO PRETO,RIBEIRÃO PRETO,ESTADUAL
2020-05-24,11:47:00,L29-VIAPAULISTA,SP330,307.0,SUL,-21.21128464,-47.75865936,CHOQUE,"CHOQUE - DEFENSA, BARREIRA OU ""SUBMARINO""",ÓLEO NA PISTA,1,0,0,0,0,AUTOMÓVEL=1,RIBEIRÃO PRETO,RIBEIRÃO PRETO,RIBEIRÃO PRETO,ESTADUAL
2020-05-24,14:41:00,L01-AUTOBAN,SP330,107.0,SUL,-22.839867744999,-47.170851230621,COLISÃO,COLISÃO-LATERAL,NÃO INFORMADO,1,1,0,0,0,MOTO=1|NÃO INFORMADO=1,SUMARÉ,CAMPINAS,CAMPINAS,ESTADUAL
2020-05-24,17:38:00,L01-AUTOBAN,SP330,118.0,SUL,-22.769034170109,-47.24156498909,COLISÃO,COLISÃO-TRASEIRA,NÃO INFORMADO,0,0,0,0,0,AUTOMÓVEL=1|NÃO INFORMADO=1,NOVA ODESSA,CAMPINAS,RIO CLARO,ESTADUAL
2020-05-24,22:53:00,L01-AUTOBAN,SPM330D,101.2,NORTE,-22.872522638143,-47.126220322971,CHOQUE,CHOQUE-BARREIRA DE CONCRETO,NÃO INFORMADO,0,0,0,0,0,AUTOMÓVEL=1,CAMPINAS,CAMPINAS,CAMPINAS,ESTADUAL
2020-05-25,01:19:00,L06-INTERVIAS,SP330,189.5,NORTE,-22.17959976,-47.39844894,ATROPELAMENTO DE ANIMAL,ATROP. ANIMAL,ANIMAL NA RODOVIA,1,0,0,0,0,AUTOMÓVEL=1,LEME,CAMPINAS,RIO CLARO,ESTADUAL
2020-05-25,05:30:00,L01-AUTOBAN,SPI102/330,3.8,NORTE,-22.896954756824,-47.135773300956,COLISÃO,COLISÃO-TRASEIRA,NÃO INFORMADO,0,1,0,0,0,AUTOMÓVEL=1|MOTO=1,CAMPINAS,CAMPINAS,CAMPINAS,ESTADUAL
2020-05-25,11:25:00,L01-AUTOBAN,SPM330E,104.16,SUL,-22.856278003696,-47.15003560148,COLISÃO,COLISÃO-TRASEIRA,NÃO INFORMADO,1,2,0,0,0,AUTOMÓVEL=2,CAMPINAS,CAMPINAS,CAMPINAS,ESTADUAL
2020-05-25,12:02:00,L01-AUTOBAN,SP330,106.7,SUL,-22.841941148017,-47.168881396283,COLISÃO,COLISÃO-TRASEIRA,NÃO INFORMADO,0,1,0,0,0,MOTO=1|NÃO INFORMADO=1,SUMARÉ,CAMPINAS,CAMPINAS,ESTADUAL
2020-05-25,17:55:00,L01-AUTOBAN,SP330,64.235,NORTE,-23.15114437447,-46.936464520568,CHOQUE,CHOQUE-DEFENSA METÁLICA,NÃO INFORMADO,0,0,0,0,0,AUTOMÓVEL=1,JUNDIAÍ,CAMPINAS,CAMPINAS,ESTADUAL
2020-05-25,20:58:00,L01-AUTOBAN,SP330,97.4,NORTE,-22.900796378912,-47.108978037568,COLISÃO,COLISÃO-TRASEIRA,NÃO INFORMADO,0,0,0,0,0,AUTOMÓVEL=1|CARRETA=1,CAMPINAS,CAMPINAS,CAMPINAS,ESTADUAL
2020-05-26,00:29:00,L01-AUTOBAN,SP330,120.21,SUL,-22.755533468125,-47.256175296898,COLISÃO,COLISÃO-LATERAL,NÃO INFORMADO,1,0,0,0,1,CARRETA=1|MOTO=1,AMERICANA,CAMPINAS,RIO CLARO,ESTADUAL
2020-05-26,07:48:00,L01-AUTOBAN,SP330,128.2,NORTE,-22.702402024801,-47.304608684635,TOMBAMENTO,TOMBAMENTO-MOTO,NÃO INFORMADO,0,2,0,0,0,MOTO=1,AMERICANA,CAMPINAS,RIO CLARO,ESTADUAL
2020-05-26,08:15:00,L01-AUTOBAN,SP330,36.5,SUL,-23.35587910271,-46.847730955368,COLISÃO,COLISÃO-LATERAL,NÃO INFORMADO,0,1,0,0,0,AUTOMÓVEL=2,CAJAMAR,REG. METROPOLITANA SÃO PAULO,SÃO PAULO,ESTADUAL
2020-05-26,08:39:00,L06-INTERVIAS,SPI165/330,2.8,OESTE,-22.39473915,-47.36528015,CHOQUE,CHOQUE-OUTROS,PANE MECÂNICA/ELÉTRICA,4,0,0,0,0,CAMINHÃO=2,ARARAS,CAMPINAS,RIO CLARO,ESTADUAL
2020-05-26,09:34:00,L01-AUTOBAN,SP330,103.7,SUL,-22.858710761818,-47.145961051468,COLISÃO,COLISÃO-LATERAL,NÃO INFORMADO,0,0,0,0,0,AUTOMÓVEL=1|CARRETA=1,CAMPINAS,CAMPINAS,CAMPINAS,ESTADUAL
2020-05-26,10:14:00,L01-AUTOBAN,SP330,22.8,NORTE,-23.446091043864,-46.786803960501,COLISÃO,COLISÃO-LATERAL,NÃO INFORMADO,0,0,0,0,0,AUTOMÓVEL=2,SÃO PAULO,REG. METROPOLITANA SÃO PAULO,SÃO PAULO,ESTADUAL
2020-05-26,14:50:00,L01-AUTOBAN,SP330,12.1,SUL,-23.509351203321,-46.731369677883,COLISÃO,COLISÃO-LATERAL,NÃO INFORMADO,0,0,0,1,0,CAMINHÃO=1|MOTO=1|NÃO INFORMADO=1,SÃO PAULO,REG. METROPOLITANA SÃO PAULO,SÃO PAULO,ESTADUAL
2020-05-26,15:30:00,L06-INTERVIAS,SP330,185.0,SUL,-22.21980095,-47.39250183,TOMBAMENTO,TOMBAMENTO,IMPRUD. CONDUTOR-LEVOU FECHADA,0,2,0,0,0,MOTO=1|NÃO INFORMADO=1,LEME,CAMPINAS,RIO CLARO,ESTADUAL
2020-05-26,15:51:00,L06-INTERVIAS,SP330,215.3,NORTE,-21.9489994,-47.46239853,COLISÃO,COLISÃO-LATERAL,IMPRUD. CONDUTOR-PERDA DE CONTROLE,4,0,0,0,0,CAMINHONETE=1|CAMINHÃO=1,PIRASSUNUNGA,CAMPINAS,RIO CLARO,ESTADUAL
2020-05-26,18:20:00,L29-VIAPAULISTA,SP330,309.5,NORTE,-21.18783951,-47.7572937,CHOQUE,CHOQUE-OUTROS,IMPRUD. CONDUTOR-LEVOU FECHADA,1,0,0,0,0,AUTOMÓVEL=1,RIBEIRÃO PRETO,RIBEIRÃO PRETO,RIBEIRÃO PRETO,ESTADUAL
2020-05-26,20:59:00,L28-ENTREVIAS,SP330,418.0,NORTE,-20.2593070243,-47.799934534,COLISÃO,COLISÃO-TRASEIRA,IMPRUD. CONDUTOR-FALTA DE ATENÇÃO,2,0,0,0,0,CAMINHÃO=2,ITUVERAVA,FRANCA,RIBEIRÃO PRETO,ESTADUAL
2020-05-26,23:38:00,L06-INTERVIAS,SP330,230.0,SUL,-21.82729912,-47.49539948,CHOQUE,CHOQUE-OBJETO NA PISTA,OBJETO NA PISTA,2,0,0,0,0,AUTOMÓVEL=1,PORTO FERREIRA,CENTRAL,RIO CLARO,ESTADUAL
2020-05-27,14:31:00,L01-AUTOBAN,SP330,50.1,NORTE,-23.255959048056,-46.867147334891,COLISÃO,COLISÃO-TRASEIRA,NÃO INFORMADO,0,1,0,0,0,MOTO=1|UTILITÁRIO=2,JUNDIAÍ,CAMPINAS,CAMPINAS,ESTADUAL
2020-05-27,17:09:00,L28-ENTREVIAS,SP330,437.0,NORTE,-20.0994015691,-47.7898268572,CAPOTAMENTO,CAPOTAMENTO,IMPRUD. CONDUTOR-FALTA DE ATENÇÃO,1,1,0,0,0,AUTOMÓVEL=1,ARAMINA,FRANCA,RIBEIRÃO PRETO,ESTADUAL
2020-05-27,21:45:00,L29-VIAPAULISTA,SP330,245.1,SUL,-21.72595406,-47.58694077,COLISÃO,COLISÃO-LATERAL,PANE MECÂNICA/ELÉTRICA,2,0,0,0,0,CAMINHÃO=2,SANTA RITA DO PASSA QUATRO,CENTRAL,RIBEIRÃO PRETO,ESTADUAL
2020-05-27,22:20:00,L06-INTERVIAS,SP330,205.2,SUL,-22.04214096,-47.43146133,CHOQUE,CHOQUE-OBJETO NA PISTA,OBJETO NA PISTA,3,0,0,0,0,AUTOMÓVEL=1,PIRASSUNUNGA,CAMPINAS,RIO CLARO,ESTADUAL
2020-05-27,23:48:00,L01-AUTOBAN,SP330,115.0,SUL,-22.792453279527,-47.226313948631,COLISÃO,COLISÃO-LATERAL,NÃO INFORMADO,0,0,0,0,0,AUTOMÓVEL=1|CAMINHÃO=1,SUMARÉ,CAMPINAS,CAMPINAS,ESTADUAL
2020-05-28,00:22:00,L28-ENTREVIAS,SP330,382.1,SUL,-20.5676006269,-47.8690135105,COLISÃO,COLISÃO-TRASEIRA,IMPRUD. CONDUTOR-DORMIR AO VOLANTE,1,0,0,0,0,AUTOMÓVEL=1|NÃO INFORMADO=1,SÃO JOAQUIM DA BARRA,FRANCA,RIBEIRÃO PRETO,ESTADUAL
2020-05-28,06:48:00,L28-ENTREVIAS,SP330,320.0,NORTE,-21.0980436559,-47.7906422935,TOMBAMENTO,TOMBAMENTO-MOTO,ESTOURO/FURO DE PNEU,1,1,0,0,0,MOTOCICLETA / MOTONETA=1,RIBEIRÃO PRETO,RIBEIRÃO PRETO,RIBEIRÃO PRETO,ESTADUAL
2020-05-28,15:49:00,L06-INTERVIAS,SP330,209.4,SUL,-22.00596046,-47.44329834,OBJETO LANÇADO CONTRA O VEÍCULO,OBJETO LANÇADO CONTRA VEÍCULO,OBJETO LANÇADO,1,0,0,0,0,CAMINHÃO=1,PIRASSUNUNGA,CAMPINAS,RIO CLARO,ESTADUAL
2020-05-28,18:31:00,L01-AUTOBAN,SP330,82.8,SUL,-23.007061224155,-47.027105226798,ENGAVETAMENTO,ENGAVETAMENTO,NÃO INFORMADO,0,0,0,0,0,AUTOMÓVEL=1|NÃO INFORMADO=1|UTILITÁRIO=1,VALINHOS,CAMPINAS,CAMPINAS,ESTADUAL
2020-05-28,20:20:00,L01-AUTOBAN,SP330,116.5,SUL,-22.779343150072,-47.232965758724,ATROPELAMENTO DE PEDESTRE,ATROP. PEDESTRE-USUÁRIO,NÃO INFORMADO,0,0,1,0,0,CARRETA=1|NÃO SE APLICA=1,NOVA ODESSA,CAMPINAS,RIO CLARO,ESTADUAL
2020-05-28,21:05:00,L01-AUTOBAN,SP330,18.8,SUL,-23.47540814332,-46.772333978502,CHOQUE,CHOQUE-BARREIRA DE CONCRETO,NÃO INFORMADO,0,0,0,0,0,AUTOMÓVEL=1,OSASCO,REG. METROPOLITANA SÃO PAULO,SÃO PAULO,ESTADUAL
2020-05-29,02:49:00,L29-VIAPAULISTA,SP330,301.3,NORTE,-21.26124191,-47.75455093,COLISÃO,COLISÃO-TRASEIRA,IMPRUD. CONDUTOR-DORMIR AO VOLANTE,2,0,0,0,0,CAMINHÃO=2,RIBEIRÃO PRETO,RIBEIRÃO PRETO,RIBEIRÃO PRETO,ESTADUAL
2020-05-29,10:02:00,L01-AUTOBAN,SP330,120.0,NORTE,-22.756649,-47.254609,TOMBAMENTO,TOMBAMENTO-MOTO,NÃO INFORMADO,0,1,0,0,0,MOTO=1,AMERICANA,CAMPINAS,RIO CLARO,ESTADUAL
2020-05-29,10:11:00,L06-INTERVIAS,SP330,191.84,NORTE,-22.1584568,-47.39980316,COLISÃO,COLISÃO-TRASEIRA,IMPRUD. CONDUTOR,0,0,0,0,0,AUTOMÓVEL=1|CAMINHÃO=1,LEME,CAMPINAS,RIO CLARO,ESTADUAL
2020-05-29,14:12:00,L01-AUTOBAN,SP330,53.0,NORTE,-23.230639,-46.87295,COLISÃO,COLISÃO-TRASEIRA,NÃO INFORMADO,0,0,0,0,0,AUTOMÓVEL=2,JUNDIAÍ,CAMPINAS,CAMPINAS,ESTADUAL
2020-05-29,15:17:00,L28-ENTREVIAS,SP330,384.0,NORTE,-20.5515455657,-47.860564384,CAPOTAMENTO,CAPOTAMENTO,IMPRUD. CONDUTOR-LEVOU FECHADA,1,0,0,0,0,AUTOMÓVEL=1,SÃO JOAQUIM DA BARRA,FRANCA,RIBEIRÃO PRETO,ESTADUAL
2020-05-29,16:57:00,L28-ENTREVIAS,SP330,441.2,NORTE,-20.0642567806,-47.7888679682,CHOQUE,CHOQUE-BARREIRA DE CONCRETO,IMPRUD. CONDUTOR-LEVOU FECHADA,0,0,1,0,0,CAMINHÃO=1,IGARAPAVA,FRANCA,RIBEIRÃO PRETO,ESTADUAL
2020-05-29,17:28:00,L01-AUTOBAN,SP330,97.95,NORTE,-22.896284713327,-47.110600760516,COLISÃO,COLISÃO-LATERAL,NÃO INFORMADO,0,0,1,0,0,AUTOMÓVEL=1|MOTO=1,CAMPINAS,CAMPINAS,CAMPINAS,ESTADUAL
2020-05-29,19:14:00,L01-AUTOBAN,SP330,15.6,NORTE,-23.496395968213,-46.757089378081,TOMBAMENTO,TOMBAMENTO-MOTO,NÃO INFORMADO,0,1,0,0,0,MOTO=1,SÃO PAULO,REG. METROPOLITANA SÃO PAULO,SÃO PAULO,ESTADUAL
2020-05-29,19:43:00,L01-AUTOBAN,SP330,53.26,NORTE,-23.228660233381,-46.874142243516,CHOQUE,CHOQUE-BARREIRA DE CONCRETO,NÃO INFORMADO,1,4,1,0,0,AUTOMÓVEL=1,JUNDIAÍ,CAMPINAS,CAMPINAS,ESTADUAL
2020-05-29,21:05:00,L29-VIAPAULISTA,SP330,306.1,NORTE,-21.2184906,-47.75883484,ATROPELAMENTO DE ANIMAL,ATROP. ANIMAL,ANIMAL NA RODOVIA,0,0,0,0,0,CAMINHÃO=1,RIBEIRÃO PRETO,RIBEIRÃO PRETO,RIBEIRÃO PRETO,ESTADUAL
2020-05-30,04:05:00,L06-INTERVIAS,SP330,190.0,SUL,-22.17510033,-47.39870071,ATROPELAMENTO DE ANIMAL,ATROP. ANIMAL,ANIMAL NA RODOVIA,2,0,0,0,0,AUTOMÓVEL=1,LEME,CAMPINAS,RIO CLARO,ESTADUAL
2020-05-30,11:30:00,L01-AUTOBAN,SP330,37.3,NORTE,-23.349386558493,-46.844901685276,COLISÃO,COLISÃO-LATERAL,NÃO INFORMADO,0,0,0,0,0,AUTOMÓVEL=2,CAJAMAR,REG. METROPOLITANA SÃO PAULO,SÃO PAULO,ESTADUAL
2020-05-30,13:20:00,L29-VIAPAULISTA,SP330,297.6,SUL,-21.29352951,-47.74565506,CHOQUE,CHOQUE-ELEMENTO DE DRENAGEM,PANE MECÂNICA/ELÉTRICA,1,0,0,0,0,AUTOMÓVEL=2,CRAVINHOS,RIBEIRÃO PRETO,RIBEIRÃO PRETO,ESTADUAL
2020-05-30,14:27:00,L01-AUTOBAN,SP330,156.8,NORTE,-22.477842364563,-47.399017309926,CHOQUE,CHOQUE-DEFENSA METÁLICA,NÃO INFORMADO,0,0,0,0,0,AUTOMÓVEL=1,CORDEIRÓPOLIS,CAMPINAS,RIO CLARO,ESTADUAL
2020-05-30,16:32:00,L01-AUTOBAN,SPI102/330,2.8,NORTE,-22.888373659032,-47.132451653364,COLISÃO,COLISÃO-LATERAL,NÃO INFORMADO,0,1,0,0,0,AUTOMÓVEL=2,CAMPINAS,CAMPINAS,CAMPINAS,ESTADUAL
2020-05-30,18:50:00,L01-AUTOBAN,SP330,120.3,NORTE,-22.754685196113,-47.256661586898,TOMBAMENTO,TOMBAMENTO,NÃO INFORMADO,0,1,0,0,0,MOTO=1,AMERICANA,CAMPINAS,RIO CLARO,ESTADUAL
2020-05-31,02:22:00,L01-AUTOBAN,SP330,140.4,NORTE,-22.608508668508,-47.358617578049,ATROPELAMENTO DE ANIMAL,ATROP. ANIMAL,NÃO INFORMADO,0,1,0,0,0,AUTOMÓVEL=1,LIMEIRA,CAMPINAS,RIO CLARO,ESTADUAL
2020-05-31,02:37:00,L01-AUTOBAN,SP330,62.22,SUL,-23.167068612617,-46.927781838695,CHOQUE,CHOQUE-BARREIRA DE CONCRETO,NÃO INFORMADO,0,0,0,0,0,AUTOMÓVEL=1,JUNDIAÍ,CAMPINAS,CAMPINAS,ESTADUAL
2020-05-31,03:13:00,L01-AUTOBAN,SP330,114.0,NORTE,-22.800514260128,-47.221802473068,CHOQUE,CHOQUE-BARREIRA DE CONCRETO,NÃO INFORMADO,0,0,0,0,0,AUTOMÓVEL=1,SUMARÉ,CAMPINAS,CAMPINAS,ESTADUAL
2020-05-31,04:11:00,L28-ENTREVIAS,SP330,412.0,SUL,-20.3138672394,-47.8019642175,TOMBAMENTO,TOMBAMENTO-VEÍCULOS PESADOS,IMPRUD. CONDUTOR-DORMIR AO VOLANTE,0,1,0,0,0,CAMINHÃO=1,ITUVERAVA,FRANCA,RIBEIRÃO PRETO,ESTADUAL
2020-05-31,08:34:00,L01-AUTOBAN,SPM330D,100.5,NORTE,-22.877072213115,-47.12116330862,CHOQUE,CHOQUE-VEÍCULO PARADO NA PISTA,NÃO INFORMADO,0,1,0,1,0,MOTO=1|UTILITÁRIO=1,CAMPINAS,CAMPINAS,CAMPINAS,ESTADUAL
2020-05-31,12:25:00,L01-AUTOBAN,SPM330E,112.0,SUL,-22.813845976757,-47.209303379059,CHOQUE,CHOQUE-MEIO FIO/CALÇAMENTO,NÃO INFORMADO,0,5,1,0,0,AUTOMÓVEL=1,SUMARÉ,CAMPINAS,CAMPINAS,ESTADUAL
2020-05-31,13:13:00,L28-ENTREVIAS,SP330,377.0,SUL,-20.6094033837,-47.8844489135,COLISÃO,COLISÃO-TRASEIRA,IMPRUD. CONDUTOR-FALTA DE ATENÇÃO,1,1,0,0,0,CAMINHÃO=1|MOTOCICLETA / MOTONETA=1,SÃO JOAQUIM DA BARRA,FRANCA,RIBEIRÃO PRETO,ESTADUAL
2020-05-31,14:21:00,L06-INTERVIAS,SP330,234.7,NORTE,-21.79214096,-47.51744843,CHOQUE,CHOQUE-ÁRVORE,ESTOURO/FURO DE PNEU,5,0,0,0,0,AUTOMÓVEL=1,SANTA RITA DO PASSA QUATRO,CENTRAL,RIBEIRÃO PRETO,ESTADUAL
2020-05-31,18:02:00,L01-AUTOBAN,SPM330D,110.2,NORTE,-22.82167923589,-47.194331260098,ATROPELAMENTO DE PEDESTRE,ATROP. PEDESTRE-USUÁRIO,NÃO INFORMADO,0,0,0,1,0,NÃO INFORMADO=1|NÃO SE APLICA=1,SUMARÉ,CAMPINAS,CAMPINAS,ESTADUAL
2020-05-31,18:51:00,L01-AUTOBAN,SPM330D,56.86,NORTE,-23.206626514276,-46.898048584162,CHOQUE,CHOQUE-DEFENSA METÁLICA,NÃO INFORMADO,0,0,0,0,0,AUTOMÓVEL=1,JUNDIAÍ,CAMPINAS,CAMPINAS,ESTADUAL
2020-05-31,19:09:00,L29-VIAPAULISTA,SPA307/330,3.215,OESTE,-21.18832779,-47.7831955,COLISÃO,COLISÃO-TRASEIRA,IMPRUD. CONDUTOR-DESRESPEITO À SINALIZAÇÃO,2,0,0,0,0,AUTOMÓVEL=2,RIBEIRÃO PRETO,RIBEIRÃO PRETO,RIBEIRÃO PRETO,ESTADUAL
2020-05-31,19:36:00,L06-INTERVIAS,SP330,177.8,SUL,-22.28450012,-47.39344025,ATROPELAMENTO DE ANIMAL,ATROP. ANIMAL,ANIMAL NA RODOVIA,1,0,0,0,0,CAMINHONETE=1,ARARAS,CAMPINAS,RIO CLARO,ESTADUAL
2020-05-31,20:55:00,L28-ENTREVIAS,SP330,446.5,NORTE,-20.0190135007,-47.7830770056,COLISÃO,COLISÃO-LATERAL,ESTOURO/FURO DE PNEU,1,1,1,0,0,AUTOMÓVEL=1|CAMINHÃO=1,IGARAPAVA,FRANCA,RIBEIRÃO PRETO,ESTADUAL
2020-05-31,21:28:00,L29-VIAPAULISTA,SP330,315.3,SUL,-21.13749886,-47.76309204,COLISÃO,COLISÃO-TRASEIRA,IMPRUD. CONDUTOR-PERDA DE CONTROLE,1,0,0,1,0,AUTOMÓVEL=1|MOTO=1,RIBEIRÃO PRETO,RIBEIRÃO PRETO,RIBEIRÃO PRETO,ESTADUAL
2020-05-31,22:53:00,L01-AUTOBAN,SPM330D,109.8,NORTE,-22.823612482858,-47.190759685072,COLISÃO,COLISÃO-TRASEIRA,NÃO INFORMADO,5,2,0,0,0,AUTOMÓVEL=2,SUMARÉ,CAMPINAS,CAMPINAS,ESTADUAL
2020-06-01,06:32:00,L28-ENTREVIAS,SP330,374.1,NORTE,-20.6349977355,-47.8816610874,CHOQUE,CHOQUE-DEFENSA METÁLICA,IMPRUD. CONDUTOR-DORMIR AO VOLANTE,1,0,0,0,0,AUTOMÓVEL=1,SÃO JOAQUIM DA BARRA,FRANCA,RIBEIRÃO PRETO,ESTADUAL
2020-06-01,06:33:00,L01-AUTOBAN,SP330,19.75,NORTE,-23.470136576387,-46.777310818434,COLISÃO,COLISÃO-TRASEIRA,NÃO INFORMADO,0,0,0,0,0,AUTOMÓVEL=1|CAMINHÃO=1|NÃO INFORMADO=1,OSASCO,REG. METROPOLITANA SÃO PAULO,SÃO PAULO,ESTADUAL
2020-06-01,08:08:00,L01-AUTOBAN,SP330,92.8,NORTE,-22.93079648,-47.07744923,COLISÃO,COLISÃO-LATERAL,NÃO INFORMADO,0,0,1,0,0,MOTO=1|NÃO INFORMADO=1,CAMPINAS,CAMPINAS,CAMPINAS,ESTADUAL
2020-06-01,09:20:00,L01-AUTOBAN,SPM330D,18.0,NORTE,-23.482416628034,-46.770944595337,COLISÃO,COLISÃO-TRANSVERSAL,NÃO INFORMADO,0,0,0,0,0,AUTOMÓVEL=2,OSASCO,REG. METROPOLITANA SÃO PAULO,SÃO PAULO,ESTADUAL
2020-06-01,12:20:00,L01-AUTOBAN,SP330,36.9,SUL,-23.352187806461,-46.847035788422,ENGAVETAMENTO,ENGAVETAMENTO,NÃO INFORMADO,0,0,0,0,0,CARRETA=2|UTILITÁRIO=1,CAJAMAR,REG. METROPOLITANA SÃO PAULO,SÃO PAULO,ESTADUAL
2020-06-01,13:13:00,L29-VIAPAULISTA,SP330,253.0,SUL,-21.65807724,-47.60916519,CHOQUE,CHOQUE-VEÍCULO PARADO NA PISTA,IMPRUD. CONDUTOR-DESRESPEITO À SINALIZAÇÃO,2,0,0,0,0,AUTOMÓVEL=1|CAMINHONETE=1,SANTA RITA DO PASSA QUATRO,CENTRAL,RIBEIRÃO PRETO,ESTADUAL
2020-06-01,14:07:00,L01-AUTOBAN,SP330,25.24,NORTE,-23.424778112144,-46.789227309094,COLISÃO,COLISÃO-TRANSVERSAL,NÃO INFORMADO,0,0,0,0,0,AUTOMÓVEL=1|CAMINHÃO=1,SÃO PAULO,REG. METROPOLITANA SÃO PAULO,SÃO PAULO,ESTADUAL
2020-06-01,16:58:00,L29-VIAPAULISTA,SP330,315.2,SUL,-21.13829041,-47.76266479,TOMBAMENTO,TOMBAMENTO,ÓLEO NA PISTA,1,0,0,0,0,MOTO=1,RIBEIRÃO PRETO,RIBEIRÃO PRETO,RIBEIRÃO PRETO,ESTADUAL
2020-06-01,17:00:00,L29-VIAPAULISTA,SP330,313.92,NORTE,-21.14820099,-47.758358,CHOQUE,CHOQUE-VEÍCULO PARADO NO ACOSTAMENTO,IMPRUD. CONDUTOR-LEVOU FECHADA,1,1,0,0,0,AUTOMÓVEL=1|MOTO=1|ÔNIBUS=1,RIBEIRÃO PRETO,RIBEIRÃO PRETO,RIBEIRÃO PRETO,ESTADUAL
2020-06-01,17:39:00,L01-AUTOBAN,SPI102/330,2.1,NORTE,-22.882444079535,-47.130739331012,COLISÃO,COLISÃO-TRASEIRA,NÃO INFORMADO,0,0,0,0,0,AUTOMÓVEL=1|NÃO INFORMADO=1,CAMPINAS,CAMPINAS,CAMPINAS,ESTADUAL
2020-06-01,18:03:00,L01-AUTOBAN,SPM330D,94.0,NORTE,-22.924593081991,-47.087171673775,COLISÃO,COLISÃO-LATERAL,NÃO INFORMADO,0,2,0,0,0,AUTOMÓVEL=2|MOTO=1,CAMPINAS,CAMPINAS,CAMPINAS,ESTADUAL
2020-06-01,18:42:00,L06-INTERVIAS,SP330,196.6,SUL,-22.11739922,-47.41152191,CAPOTAMENTO,CAPOTAMENTO,IMPRUD. CONDUTOR-DORMIR AO VOLANTE,0,1,0,0,0,AUTOMÓVEL=1,SANTA CRUZ DA CONCEIÇÃO,CAMPINAS,RIO CLARO,ESTADUAL
2020-06-01,18:43:00,L01-AUTOBAN,SPM330D,95.0,NORTE,-22.919696732904,-47.094027400017,COLISÃO,COLISÃO-LATERAL,NÃO INFORMADO,0,0,0,0,0,AUTOMÓVEL=1|VIATURA CONCESSIONÁRIA=1,CAMPINAS,CAMPINAS,CAMPINAS,ESTADUAL
2020-06-01,18:45:00,L01-AUTOBAN,SP330,95.0,NORTE,-22.919696732904,-47.094027400017,ENGAVETAMENTO,ENGAVETAMENTO,NÃO INFORMADO,0,0,0,0,0,AUTOMÓVEL=1|CARRETA=1|UTILITÁRIO=1,CAMPINAS,CAMPINAS,CAMPINAS,ESTADUAL
2020-06-01,18:51:00,L01-AUTOBAN,SPM330D,95.0,NORTE,-22.919696732904,-47.094027400017,COLISÃO,COLISÃO-LATERAL,NÃO INFORMADO,0,0,0,0,0,CARRETA=1|NÃO INFORMADO=1,CAMPINAS,CAMPINAS,CAMPINAS,ESTADUAL
2020-06-01,18:56:00,L28-ENTREVIAS,SP330,327.0,NORTE,-21.0446766984,-47.8280218176,ATROPELAMENTO DE PEDESTRE,ATROP. PEDESTRE-USUÁRIO,IMPRUD. CONDUTOR-EMBRIAGUEZ,1,1,0,0,0,AUTOMÓVEL=1|NÃO INFORMADO=1,JARDINÓPOLIS,RIBEIRÃO PRETO,RIBEIRÃO PRETO,ESTADUAL
2020-06-01,20:08:00,L01-AUTOBAN,SP330,95.0,NORTE,-22.919696732904,-47.094027400017,COLISÃO,COLISÃO-LATERAL,NÃO INFORMADO,0,0,0,0,0,AUTOMÓVEL=1|MOTO=1,CAMPINAS,CAMPINAS,CAMPINAS,ESTADUAL
2020-06-01,21:16:00,L01-AUTOBAN,SPM330E,14.8,SUL,-23.501370601222,-46.75376343816,COLISÃO,COLISÃO-FRONTAL,NÃO INFORMADO,0,0,0,1,0,AUTOMÓVEL=1|MOTO=1,SÃO PAULO,REG. METROPOLITANA SÃO PAULO,SÃO PAULO,ESTADUAL
2020-06-01,21:52:00,L29-VIAPAULISTA,SP330,244.8,SUL,-21.72858047,-47.58598328,COLISÃO,COLISÃO-TRASEIRA,IMPRUD. CONDUTOR-PERDA DE CONTROLE,2,0,0,0,0,CAMINHÃO=2,SANTA RITA DO PASSA QUATRO,CENTRAL,RIBEIRÃO PRETO,ESTADUAL
2020-06-02,00:20:00,L29-VIAPAULISTA,SP330,313.8,SUL,-21.1501236,-47.75801849,CHOQUE,CHOQUE-ELEMENTO DE DRENAGEM,IMPRUD. CONDUTOR-PERDA DE CONTROLE,0,1,0,0,0,AUTOMÓVEL=1,RIBEIRÃO PRETO,RIBEIRÃO PRETO,RIBEIRÃO PRETO,ESTADUAL
2020-06-02,00:37:00,L06-INTERVIAS,SP330,175.5,SUL,-22.30514908,-47.3919487,ATROPELAMENTO DE ANIMAL,ATROP. ANIMAL,ANIMAL NA RODOVIA,1,0,0,0,0,CAMINHÃO=1,ARARAS,CAMPINAS,RIO CLARO,ESTADUAL
2020-06-02,02:08:00,L01-AUTOBAN,SP330,157.55,NORTE,-22.464553782964,-47.398837923611,CHOQUE,CHOQUE-ELEMENTO DE DRENAGEM,NÃO INFORMADO,0,0,1,0,0,AUTOMÓVEL=1,CORDEIRÓPOLIS,CAMPINAS,RIO CLARO,ESTADUAL
2020-06-02,07:05:00,L01-AUTOBAN,SPM330E,16.4,SUL,-23.492558619812,-46.762130853373,ENGAVETAMENTO,ENGAVETAMENTO,NÃO INFORMADO,0,4,0,0,0,AUTOMÓVEL=1|CAMINHÃO=2|UTILITÁRIO=1|ÔNIBUS=1,OSASCO,REG. METROPOLITANA SÃO PAULO,SÃO PAULO,ESTADUAL
2020-06-02,08:05:00,L29-VIAPAULISTA,SP330,309.7,SUL,-21.18570518,-47.75731277,COLISÃO,COLISÃO-TRASEIRA,IMPRUD. CONDUTOR,1,1,0,0,0,AUTOMÓVEL=1|MOTO=1,RIBEIRÃO PRETO,RIBEIRÃO PRETO,RIBEIRÃO PRETO,ESTADUAL
2020-06-02,09:58:00,L28-ENTREVIAS,SP330,319.28,SUL,-21.1047282399,-47.7860724281,COLISÃO,COLISÃO-TRASEIRA,IMPRUD. CONDUTOR-FREADA BRUSCA,1,1,0,0,0,AUTOMÓVEL=1|MOTOCICLETA / MOTONETA=1,RIBEIRÃO PRETO,RIBEIRÃO PRETO,RIBEIRÃO PRETO,ESTADUAL
2020-06-02,11:48:00,L28-ENTREVIAS,SP330,357.7,NORTE,-20.7877029476,-47.8904660344,CAPOTAMENTO,CAPOTAMENTO,IMPRUD. CONDUTOR-PERDA DE CONTROLE,0,1,1,0,0,AUTOMÓVEL=1,SALES OLIVEIRA,FRANCA,RIBEIRÃO PRETO,ESTADUAL
2020-06-02,13:12:00,L28-ENTREVIAS,SP330,322.0,NORTE,-21.0830758043,-47.8013818943,CHOQUE,CHOQUE-ELEMENTO DE DRENAGEM,PANE MECÂNICA/ELÉTRICA,1,0,0,0,0,AUTOMÓVEL=1,RIBEIRÃO PRETO,RIBEIRÃO PRETO,RIBEIRÃO PRETO,ESTADUAL
2020-06-02,16:05:00,L28-ENTREVIAS,SP330,325.0,SUL,-21.0630981231,-47.8176891256,CHOQUE,CHOQUE-OBJETO NA PISTA,OBJETO NA PISTA,1,0,0,0,0,AUTOMÓVEL=1,RIBEIRÃO PRETO,RIBEIRÃO PRETO,RIBEIRÃO PRETO,ESTADUAL
2020-06-02,16:06:00,L28-ENTREVIAS,SP330,325.0,SUL,-21.0630981231,-47.8176891256,CHOQUE,CHOQUE-OBJETO NA PISTA,OBJETO NA PISTA,1,0,0,0,0,AUTOMÓVEL=1,RIBEIRÃO PRETO,RIBEIRÃO PRETO,RIBEIRÃO PRETO,ESTADUAL
2020-06-02,16:28:00,L28-ENTREVIAS,SP330,335.5,SUL,-20.9819410035,-47.859775508,TOMBAMENTO,TOMBAMENTO-MOTO,ESTOURO/FURO DE PNEU,0,2,0,0,0,MOTOCICLETA / MOTONETA=1,JARDINÓPOLIS,RIBEIRÃO PRETO,RIBEIRÃO PRETO,ESTADUAL
2020-06-02,16:48:00,L01-AUTOBAN,SP330,31.1,NORTE,-23.40055379566,-46.836673211266,COLISÃO,COLISÃO-TRANSVERSAL,NÃO INFORMADO,0,0,0,0,0,AUTOMÓVEL=1|CARRETA=1,CAJAMAR,REG. METROPOLITANA SÃO PAULO,SÃO PAULO,ESTADUAL
2020-06-02,18:21:00,L01-AUTOBAN,SP330,60.7,SUL,-23.177063519565,-46.916568165484,ENGAVETAMENTO,ENGAVETAMENTO,NÃO INFORMADO,0,0,0,0,0,AUTOMÓVEL=3,JUNDIAÍ,CAMPINAS,CAMPINAS,ESTADUAL
2020-06-02,18:26:00,L01-AUTOBAN,SP330,150.22,SUL,-22.52844958596,-47.38794035151,ATROPELAMENTO DE PEDESTRE,ATROP. PEDESTRE-ANDARILHO,NÃO INFORMADO,1,0,0,0,1,BITREM/CVC=1|NÃO SE APLICA=1,LIMEIRA,CAMPINAS,RIO CLARO,ESTADUAL
2020-06-02,19:11:00,L01-AUTOBAN,SP330,11.5,SUL,-23.510460756592,-46.729056344143,TOMBAMENTO,TOMBAMENTO-MOTO,NÃO INFORMADO,0,0,0,0,0,MOTO=1,SÃO PAULO,REG. METROPOLITANA SÃO PAULO,SÃO PAULO,ESTADUAL
2020-06-02,19:59:00,L01-AUTOBAN,SP330,19.8,NORTE,-23.469898178729,-46.777623291016,CHOQUE,CHOQUE-TALUDE OU BARRANCO,NÃO INFORMADO,0,0,0,0,0,AUTOMÓVEL=1,OSASCO,REG. METROPOLITANA SÃO PAULO,SÃO PAULO,ESTADUAL
2020-06-02,20:30:00,L28-ENTREVIAS,SP330,354.5,NORTE,-20.8138215536,-47.8923598803,COLISÃO,COLISÃO-TRASEIRA,IMPRUD. CONDUTOR-DIST. INADEQUADA ENTRE VEÍC.,2,0,0,0,0,CAMINHÃO=1|CAMIONETA / UTILITÁRIO=1|CARRETINHA=1,SALES OLIVEIRA,FRANCA,RIBEIRÃO PRETO,ESTADUAL
2020-06-02,20:55:00,L01-AUTOBAN,SPM330D,86.0,NORTE,-22.982725,-47.043589,CHOQUE,CHOQUE-TALUDE OU BARRANCO,NÃO INFORMADO,0,0,0,0,0,AUTOMÓVEL=1,VALINHOS,CAMPINAS,CAMPINAS,ESTADUAL
2020-06-02,20:56:00,L01-AUTOBAN,SP330,43.8,SUL,-23.304095498692,-46.85688042691,CHOQUE,CHOQUE-TALUDE OU BARRANCO,NÃO INFORMADO,0,0,0,0,0,AUTOMÓVEL=1,CAJAMAR,REG. METROPOLITANA SÃO PAULO,SÃO PAULO,ESTADUAL
2020-06-02,21:17:00,L01-AUTOBAN,SP330,127.5,SUL,-22.707774289751,-47.30075865984,CHOQUE,CHOQUE-VEÍCULO PARADO NA PISTA,NÃO INFORMADO,0,0,0,0,0,CARRETA=2,AMERICANA,CAMPINAS,RIO CLARO,ESTADUAL
2020-06-02,22:38:00,L01-AUTOBAN,SP330,20.0,NORTE,-23.468944569907,-46.778873205185,TOMBAMENTO,TOMBAMENTO-MOTO,NÃO INFORMADO,0,2,0,0,0,MOTO=1,OSASCO,REG. METROPOLITANA SÃO PAULO,SÃO PAULO,ESTADUAL
2020-06-03,01:21:00,L01-AUTOBAN,SP330,96.6,SUL,-22.907345844901,-47.105262627283,CHOQUE,CHOQUE-BARREIRA DE CONCRETO,NÃO INFORMADO,0,0,0,0,0,AUTOMÓVEL=1,CAMPINAS,CAMPINAS,CAMPINAS,ESTADUAL
2020-06-03,10:32:00,L29-VIAPAULISTA,SP330,294.3,SUL,-21.32104492,-47.73278046,CHOQUE,"CHOQUE - DEFENSA, BARREIRA OU ""SUBMARINO""",IMPRUD. CONDUTOR,1,0,0,0,0,AUTOMÓVEL=1,CRAVINHOS,RIBEIRÃO PRETO,RIBEIRÃO PRETO,ESTADUAL
2020-06-03,12:36:00,L28-ENTREVIAS,SP330,432.3,NORTE,-20.145158873,-47.7896196808,COLISÃO,COLISÃO-TRASEIRA,IMPRUD. CONDUTOR-DIST. INADEQUADA ENTRE VEÍC.,2,0,0,0,0,CAMINHÃO=2,ARAMINA,FRANCA,RIBEIRÃO PRETO,ESTADUAL
2020-06-03,13:26:00,L01-AUTOBAN,SP330,92.0,NORTE,-22.935116422047,-47.071389555931,COLISÃO,COLISÃO-LATERAL,NÃO INFORMADO,0,2,0,0,0,MOTO=1|UTILITÁRIO=1,CAMPINAS,CAMPINAS,CAMPINAS,ESTADUAL
2020-06-03,14:52:00,L29-VIAPAULISTA,SP330,311.0,SUL,-21.17521858,-47.75676346,OBJETO LANÇADO CONTRA O VEÍCULO,OBJETO LANÇADO CONTRA VEÍCULO,OBRAS,1,0,0,0,0,CAMINHÃO=1,RIBEIRÃO PRETO,RIBEIRÃO PRETO,RIBEIRÃO PRETO,ESTADUAL
2020-06-03,15:08:00,L01-AUTOBAN,SPM330D,60.28,NORTE,-23.179402707332,-46.91338426228,COLISÃO,COLISÃO-TRASEIRA,NÃO INFORMADO,0,0,0,0,0,AUTOMÓVEL=1|UTILITÁRIO=1,JUNDIAÍ,CAMPINAS,CAMPINAS,ESTADUAL
2020-06-03,18:14:00,L01-AUTOBAN,SPM330D,109.8,NORTE,-22.823612482858,-47.190759685072,COLISÃO,COLISÃO-TRASEIRA,NÃO INFORMADO,0,0,0,0,0,AUTOMÓVEL=2,SUMARÉ,CAMPINAS,CAMPINAS,ESTADUAL
2020-06-03,18:20:00,L01-AUTOBAN,SPM330D,106.2,NORTE,-22.845096114366,-47.165409933915,COLISÃO,COLISÃO-TRANSVERSAL,NÃO INFORMADO,0,2,0,0,0,AUTOMÓVEL=1|MOTO=2,SUMARÉ,CAMPINAS,CAMPINAS,ESTADUAL
2020-06-03,18:33:00,L01-AUTOBAN,SPM330D,108.3,NORTE,-22.831021952809,-47.179182192285,COLISÃO,COLISÃO-TRASEIRA,NÃO INFORMADO,0,2,0,0,0,AUTOMÓVEL=1|UTILITÁRIO=1,SUMARÉ,CAMPINAS,CAMPINAS,ESTADUAL
2020-06-03,19:20:00,L01-AUTOBAN,SP330,102.12,SUL,-22.867655383987,-47.133271139298,COLISÃO,COLISÃO-TRASEIRA,NÃO INFORMADO,0,1,1,0,0,MOTO=1|NÃO INFORMADO=1,CAMPINAS,CAMPINAS,CAMPINAS,ESTADUAL
2020-06-03,19:48:00,L01-AUTOBAN,SP330,102.12,SUL,-22.867655383987,-47.133271139298,CHOQUE,CHOQUE-VEÍCULO PARADO NA PISTA,NÃO INFORMADO,0,0,0,0,0,AUTOMÓVEL=1|UTILITÁRIO=1,CAMPINAS,CAMPINAS,CAMPINAS,ESTADUAL
2020-06-03,20:46:00,L29-VIAPAULISTA,SP330,307.5,SUL,-21.20635033,-47.75839996,CHOQUE,CHOQUE-ELEMENTO DE DRENAGEM,IMPRUD. CONDUTOR-PERDA DE CONTROLE,1,0,0,0,0,AUTOMÓVEL=1,RIBEIRÃO PRETO,RIBEIRÃO PRETO,RIBEIRÃO PRETO,ESTADUAL
2020-06-04,03:48:00,L28-ENTREVIAS,SP330,369.0,SUL,-20.6808266354,-47.8866753114,COLISÃO,COLISÃO-TRASEIRA,IMPRUD. CONDUTOR-DIST. INADEQUADA ENTRE VEÍC.,1,1,0,0,0,CAMINHÃO=2,ORLÂNDIA,FRANCA,RIBEIRÃO PRETO,ESTADUAL
2020-06-04,05:13:00,L29-VIAPAULISTA,SP330,307.8,SUL,-21.20965004,-47.75843811,CHOQUE,"CHOQUE - DEFENSA, BARREIRA OU ""SUBMARINO""",CONDIÇÃO CLIMÁTICA,1,0,0,0,0,AUTOMÓVEL=1,RIBEIRÃO PRETO,RIBEIRÃO PRETO,RIBEIRÃO PRETO,ESTADUAL
2020-06-04,05:20:00,L29-VIAPAULISTA,SP330,311.79,SUL,-21.16839218,-47.75640106,CHOQUE,CHOQUE-POSTE,IMPRUD. CONDUTOR-DORMIR AO VOLANTE,1,0,0,0,0,AUTOMÓVEL=1,RIBEIRÃO PRETO,RIBEIRÃO PRETO,RIBEIRÃO PRETO,ESTADUAL
2020-06-04,06:48:00,L01-AUTOBAN,SP330,97.0,SUL,-22.904379059715,-47.107846140862,CHOQUE,CHOQUE-BARREIRA DE CONCRETO,NÃO INFORMADO,0,1,0,0,0,MOTO=1,CAMPINAS,CAMPINAS,CAMPINAS,ESTADUAL
2020-06-04,09:49:00,L29-VIAPAULISTA,SP330,310.2,SUL,-21.18187332,-47.7571106,OBJETO LANÇADO CONTRA O VEÍCULO,OBJETO LANÇADO CONTRA VEÍCULO,OBRAS,0,0,0,0,0,CAMINHÃO=1,RIBEIRÃO PRETO,RIBEIRÃO PRETO,RIBEIRÃO PRETO,ESTADUAL
2020-06-04,10:05:00,L28-ENTREVIAS,SP330,326.8,NORTE,-21.0513530475,-47.8246641358,CHOQUE,CHOQUE-DEFENSA METÁLICA,IMPRUD. CONDUTOR-PERDA DE CONTROLE,1,0,0,0,0,AUTOMÓVEL=1,JARDINÓPOLIS,RIBEIRÃO PRETO,RIBEIRÃO PRETO,ESTADUAL
2020-06-04,11:35:00,L28-ENTREVIAS,SP330,325.0,NORTE,-21.0629891647,-47.8175044277,TOMBAMENTO,TOMBAMENTO-MOTO,IMPRUD. CONDUTOR-LEVOU FECHADA,0,2,0,0,0,MOTOCICLETA / MOTONETA=1,RIBEIRÃO PRETO,RIBEIRÃO PRETO,RIBEIRÃO PRETO,ESTADUAL
2020-06-04,16:01:00,L01-AUTOBAN,SP330,103.9,NORTE,-22.857344202653,-47.147694122285,CHOQUE,CHOQUE-SINALIZAÇÃO,NÃO INFORMADO,0,0,0,0,0,UTILITÁRIO=1,CAMPINAS,CAMPINAS,CAMPINAS,ESTADUAL
2020-06-04,18:01:00,L01-AUTOBAN,SPM330E,94.0,SUL,-22.924889525296,-47.087171673775,COLISÃO,COLISÃO-TRASEIRA,NÃO INFORMADO,0,1,1,0,0,AUTOMÓVEL=3,CAMPINAS,CAMPINAS,CAMPINAS,ESTADUAL
2020-06-04,21:42:00,L01-AUTOBAN,SP330,103.6,NORTE,-22.858961851751,-47.14487741751,CHOQUE,CHOQUE-BARREIRA DE CONCRETO,NÃO INFORMADO,0,0,0,0,0,UTILITÁRIO=1,CAMPINAS,CAMPINAS,CAMPINAS,ESTADUAL
2020-06-05,01:04:00,L01-AUTOBAN,SP330,127.3,SUL,-22.709217279206,-47.299622493438,COLISÃO,COLISÃO-TRASEIRA,NÃO INFORMADO,1,0,0,1,0,BITREM/CVC=1|VAN/PERUA=1,AMERICANA,CAMPINAS,RIO CLARO,ESTADUAL
2020-06-05,05:18:00,L06-INTERVIAS,SP330,174.9,SUL,-22.31060028,-47.39141083,CHOQUE,CHOQUE-OBJETO NA PISTA,PANE MECÂNICA/ELÉTRICA,2,0,0,0,0,AUTOMÓVEL=1|CAMINHÃO=1,ARARAS,CAMPINAS,RIO CLARO,ESTADUAL
2020-06-05,05:43:00,L01-AUTOBAN,SPM330E,92.6,SUL,-22.931969529121,-47.075899684517,CHOQUE,CHOQUE-BARREIRA DE CONCRETO,NÃO INFORMADO,0,0,0,0,0,VAN/PERUA=1,CAMPINAS,CAMPINAS,CAMPINAS,ESTADUAL
2020-06-05,05:48:00,L01-AUTOBAN,SP330,98.0,NORTE,-22.895874533463,-47.110748291016,CHOQUE,CHOQUE-BARREIRA DE CONCRETO,NÃO INFORMADO,0,0,0,0,0,AUTOMÓVEL=1,CAMPINAS,CAMPINAS,CAMPINAS,ESTADUAL
2020-06-05,06:08:00,L01-AUTOBAN,SP330,19.8,NORTE,-23.469898178729,-46.777623291016,ENGAVETAMENTO,ENGAVETAMENTO,NÃO INFORMADO,0,0,0,0,0,AUTOMÓVEL=3|NÃO INFORMADO=1,OSASCO,REG. METROPOLITANA SÃO PAULO,SÃO PAULO,ESTADUAL
2020-06-05,07:32:00,L01-AUTOBAN,SP330,18.3,SUL,-23.47964699588,-46.771609782068,COLISÃO,COLISÃO-TRASEIRA,NÃO INFORMADO,0,0,0,0,0,AUTOMÓVEL=1|UTILITÁRIO=1,OSASCO,REG. METROPOLITANA SÃO PAULO,SÃO PAULO,ESTADUAL
2020-06-05,07:34:00,L01-AUTOBAN,SPM330E,25.0,SUL,-23.42658,-46.787612,COLISÃO,COLISÃO-TRANSVERSAL,NÃO INFORMADO,0,0,0,0,0,AUTOMÓVEL=1|CAMINHÃO=1,SÃO PAULO,REG. METROPOLITANA SÃO PAULO,SÃO PAULO,ESTADUAL
2020-06-05,09:24:00,L01-AUTOBAN,SP330,20.6,NORTE,-23.464005061955,-46.780392409337,COLISÃO,COLISÃO-LATERAL,NÃO INFORMADO,0,1,0,0,0,CAMINHÃO=1|UTILITÁRIO=1,SÃO PAULO,REG. METROPOLITANA SÃO PAULO,SÃO PAULO,ESTADUAL
2020-06-05,09:44:00,L01-AUTOBAN,SP330,16.6,NORTE,-23.491833444195,-46.763576033768,TOMBAMENTO,TOMBAMENTO,NÃO INFORMADO,0,1,0,0,0,CAMINHÃO=1,OSASCO,REG. METROPOLITANA SÃO PAULO,SÃO PAULO,ESTADUAL
2020-06-05,10:40:00,L28-ENTREVIAS,SP330,412.0,NORTE,-20.3139466975,-47.8017040187,COLISÃO,COLISÃO-LATERAL,IMPRUD. CONDUTOR-FREADA BRUSCA,2,0,0,0,0,AUTOMÓVEL=1|CAMINHÃO=1,ITUVERAVA,FRANCA,RIBEIRÃO PRETO,ESTADUAL
2020-06-05,10:51:00,L01-AUTOBAN,SP330,92.0,NORTE,-22.935116422047,-47.071389555931,CHOQUE,CHOQUE-ELEMENTO DE DRENAGEM,NÃO INFORMADO,0,1,0,0,0,AUTOMÓVEL=1,CAMPINAS,CAMPINAS,CAMPINAS,ESTADUAL
2020-06-05,10:54:00,L01-AUTOBAN,SP330,103.8,SUL,-22.858165835016,-47.14689069104,COLISÃO,COLISÃO-LATERAL,NÃO INFORMADO,0,1,0,0,0,CAMINHÃO=1|MOTO=1,CAMPINAS,CAMPINAS,CAMPINAS,ESTADUAL
2020-06-05,11:28:00,L29-VIAPAULISTA,SP330,301.4,NORTE,-21.26036072,-47.75436401,CHOQUE,"CHOQUE - DEFENSA, BARREIRA OU ""SUBMARINO""",PANE MECÂNICA/ELÉTRICA,1,0,0,0,0,CAMINHÃO=1,RIBEIRÃO PRETO,RIBEIRÃO PRETO,RIBEIRÃO PRETO,ESTADUAL
2020-06-05,15:29:00,L28-ENTREVIAS,SP330,385.0,NORTE,-20.5440645066,-47.8552679934,CHOQUE,CHOQUE-DEFENSA METÁLICA,IMPRUD. CONDUTOR-PERDA DE CONTROLE,1,0,0,0,0,AUTOMÓVEL=1,SÃO JOAQUIM DA BARRA,FRANCA,RIBEIRÃO PRETO,ESTADUAL
2020-06-05,15:44:00,L01-AUTOBAN,SP330,85.5,NORTE,-22.986138995991,-47.041227044708,CHOQUE,CHOQUE-BARREIRA DE CONCRETO,NÃO INFORMADO,0,0,0,0,0,VAN/PERUA=1,VALINHOS,CAMPINAS,CAMPINAS,ESTADUAL
2020-06-05,17:16:00,L01-AUTOBAN,SPM330E,56.2,SUL,-23.210044600698,-46.893291955898,COLISÃO,COLISÃO-TRASEIRA,NÃO INFORMADO,0,0,0,0,0,AUTOMÓVEL=2|ÔNIBUS=1,JUNDIAÍ,CAMPINAS,CAMPINAS,ESTADUAL
2020-06-05,19:22:00,L29-VIAPAULISTA,SP330,315.0,SUL,-21.1398716,-47.76180649,CAPOTAMENTO,CAPOTAMENTO,IMPRUD. CONDUTOR-LEVOU FECHADA,1,0,0,0,0,AUTOMÓVEL=1,RIBEIRÃO PRETO,RIBEIRÃO PRETO,RIBEIRÃO PRETO,ESTADUAL
2020-06-05,20:12:00,L01-AUTOBAN,SPM330E,107.44,SUL,-22.836813561064,-47.173723785127,COLISÃO,COLISÃO-TRASEIRA,NÃO INFORMADO,0,0,0,0,0,NÃO INFORMADO=1|UTILITÁRIO=1,SUMARÉ,CAMPINAS,CAMPINAS,ESTADUAL
2020-06-06,02:15:00,L01-AUTOBAN,SPM330D,14.9,NORTE,-23.500572440174,-46.754039798725,CHOQUE,CHOQUE-POSTE,NÃO INFORMADO,0,0,0,0,0,AUTOMÓVEL=1,SÃO PAULO,REG. METROPOLITANA SÃO PAULO,SÃO PAULO,ESTADUAL
2020-06-06,04:32:00,L01-AUTOBAN,SPM330D,12.0,NORTE,-23.509174607034,-46.730620265007,CHOQUE,CHOQUE-SINALIZAÇÃO,NÃO INFORMADO,0,0,1,1,0,AUTOMÓVEL=1,SÃO PAULO,REG. METROPOLITANA SÃO PAULO,SÃO PAULO,ESTADUAL
2020-06-06,07:28:00,L06-INTERVIAS,SP330,165.0,SUL,-22.39830017,-47.39020157,CHOQUE,CHOQUE-ELEMENTO DE DRENAGEM,IMPRUD. CONDUTOR-PERDA DE CONTROLE,1,0,0,0,0,AUTOMÓVEL=1,ARARAS,CAMPINAS,RIO CLARO,ESTADUAL
2020-06-06,08:53:00,L01-AUTOBAN,SP330,92.0,NORTE,-22.935116422047,-47.071389555931,CHOQUE,CHOQUE-BARREIRA DE CONCRETO,NÃO INFORMADO,0,0,0,0,0,VAN/PERUA=1,CAMPINAS,CAMPINAS,CAMPINAS,ESTADUAL
2020-06-06,09:03:00,L01-AUTOBAN,SPM330D,99.0,NORTE,-22.887730245676,-47.113253474236,TOMBAMENTO,TOMBAMENTO-MOTO,NÃO INFORMADO,0,0,1,0,0,MOTO=1,CAMPINAS,CAMPINAS,CAMPINAS,ESTADUAL
2020-06-06,09:15:00,L29-VIAPAULISTA,SP330,279.2,SUL,-21.42802429,-47.65475082,CHOQUE,CHOQUE-VEÍCULO PARADO NO ACOSTAMENTO,IMPRUD. CONDUTOR,2,0,0,0,0,CAMINHÃO=2,SÃO SIMÃO,RIBEIRÃO PRETO,RIBEIRÃO PRETO,ESTADUAL
2020-06-06,10:43:00,L01-AUTOBAN,SP330,97.7,NORTE,-22.89833548748,-47.109863153037,COLISÃO,COLISÃO-TRASEIRA,NÃO INFORMADO,0,0,0,0,0,VAN/PERUA=1,CAMPINAS,CAMPINAS,CAMPINAS,ESTADUAL
2020-06-06,12:55:00,L01-AUTOBAN,SPM330D,55.0,NORTE,-23.216200395138,-46.883779764175,CHOQUE,CHOQUE-DEFENSA METÁLICA,NÃO INFORMADO,0,0,0,0,0,AUTOMÓVEL=1,JUNDIAÍ,CAMPINAS,CAMPINAS,ESTADUAL
2020-06-06,14:29:00,L06-INTERVIAS,SP330,236.0,NORTE,-21.7845993,-47.52700043,CAPOTAMENTO,CAPOTAMENTO,IMPRUD. CONDUTOR-PERDA DE CONTROLE,2,0,0,0,0,AUTOMÓVEL=1,SANTA RITA DO PASSA QUATRO,CENTRAL,RIBEIRÃO PRETO,ESTADUAL
2020-06-06,17:07:00,L29-VIAPAULISTA,SP330,273.85,NORTE,-21.47360611,-47.64028549,CHOQUE,"CHOQUE - DEFENSA, BARREIRA OU ""SUBMARINO""",IMPRUD. CONDUTOR-LEVOU FECHADA,1,0,0,0,0,AUTOMÓVEL=1,SÃO SIMÃO,RIBEIRÃO PRETO,RIBEIRÃO PRETO,ESTADUAL
2020-06-06,18:55:00,L01-AUTOBAN,SPM330E,92.5,SUL,-22.932495651367,-47.075100620888,CHOQUE,CHOQUE-BARREIRA DE CONCRETO,NÃO INFORMADO,0,0,0,0,0,AUTOMÓVEL=1,CAMPINAS,CAMPINAS,CAMPINAS,ESTADUAL
2020-06-06,19:35:00,L06-INTERVIAS,SP330,180.2,NORTE,-22.26029968,-47.39020157,ATROPELAMENTO DE PEDESTRE,ATROP. PEDESTRE-OUTROS,IMPRUD. PEDESTRE-USUÁRIO,2,1,0,0,0,AUTOMÓVEL=1|NÃO SE APLICA=1,ARARAS,CAMPINAS,RIO CLARO,ESTADUAL
2020-06-06,21:18:00,L01-AUTOBAN,SP330,62.6,SUL,-23.164053158767,-46.929797879707,CHOQUE,CHOQUE-OBJETO NA PISTA,NÃO INFORMADO,0,1,0,0,0,MOTO=1,JUNDIAÍ,CAMPINAS,CAMPINAS,ESTADUAL
2020-06-06,21:26:00,L01-AUTOBAN,SP330,102.8,NORTE,-22.863230160361,-47.137820384769,COLISÃO,COLISÃO-LATERAL,NÃO INFORMADO,0,0,0,0,0,AUTOMÓVEL=1|NÃO INFORMADO=1,CAMPINAS,CAMPINAS,CAMPINAS,ESTADUAL
2020-06-06,21:52:00,L01-AUTOBAN,SPM330D,113.5,NORTE,-22.803760733279,-47.219071984291,CHOQUE,CHOQUE-VEÍCULO PARADO NA PISTA,NÃO INFORMADO,0,0,0,0,0,AUTOMÓVEL=2,SUMARÉ,CAMPINAS,CAMPINAS,ESTADUAL
2020-06-07,00:56:00,L01-AUTOBAN,SP330,146.38,SUL,-22.557859313018,-47.368224821767,CHOQUE,CHOQUE-DEFENSA METÁLICA,NÃO INFORMADO,0,0,0,0,0,UTILITÁRIO=1,LIMEIRA,CAMPINAS,RIO CLARO,ESTADUAL
2020-06-07,02:46:00,L01-AUTOBAN,SP330,34.1,NORTE,-23.375042809876,-46.840593792496,TOMBAMENTO,TOMBAMENTO-MOTO,NÃO INFORMADO,0,1,0,0,0,MOTO=1,CAJAMAR,REG. METROPOLITANA SÃO PAULO,SÃO PAULO,ESTADUAL
2020-06-07,04:09:00,L01-AUTOBAN,SPM330E,112.9,SUL,-22.807935850949,-47.215714942358,CHOQUE,CHOQUE-TALUDE OU BARRANCO,NÃO INFORMADO,0,1,0,0,0,AUTOMÓVEL=1,SUMARÉ,CAMPINAS,CAMPINAS,ESTADUAL
2020-06-07,05:10:00,L01-AUTOBAN,SPM330E,15.0,SUL,-23.499916439503,-46.754695773125,CHOQUE,CHOQUE-ELEMENTO DE DRENAGEM,NÃO INFORMADO,0,0,0,0,0,AUTOMÓVEL=1,SÃO PAULO,REG. METROPOLITANA SÃO PAULO,SÃO PAULO,ESTADUAL
2020-06-07,06:30:00,L01-AUTOBAN,SP330,92.7,SUL,-22.931443406876,-47.076698748147,TOMBAMENTO,TOMBAMENTO-MOTO,NÃO INFORMADO,0,0,0,1,0,MOTO=1,CAMPINAS,CAMPINAS,CAMPINAS,ESTADUAL
2020-06-07,06:47:00,L28-ENTREVIAS,SP330,350.0,SUL,-20.8508397261,-47.8957550462,COLISÃO,COLISÃO-TRASEIRA,IMPRUD. CONDUTOR-FALTA DE ATENÇÃO,2,0,0,0,0,AUTOMÓVEL=1|CAMINHÃO=1,SALES OLIVEIRA,FRANCA,RIBEIRÃO PRETO,ESTADUAL
2020-06-07,06:50:00,L01-AUTOBAN,SP330,37.68,NORTE,-23.346964758488,-46.84274496859,CHOQUE,CHOQUE-DEFENSA METÁLICA,NÃO INFORMADO,1,0,0,0,0,AUTOMÓVEL=1,CAJAMAR,REG. METROPOLITANA SÃO PAULO,SÃO PAULO,ESTADUAL
2020-06-07,07:25:00,L06-INTERVIAS,SP330,169.6,NORTE,-22.35753059,-47.39416885,CHOQUE,"CHOQUE - DEFENSA, BARREIRA",IMPRUD. CONDUTOR-DORMIR AO VOLANTE,0,1,0,0,0,AUTOMÓVEL=1,ARARAS,CAMPINAS,RIO CLARO,ESTADUAL
2020-06-07,08:32:00,L29-VIAPAULISTA,SP330,307.8,NORTE,-21.20316887,-47.7580986,CHOQUE,"CHOQUE - DEFENSA, BARREIRA OU ""SUBMARINO""",IMPRUD. CONDUTOR,1,0,0,0,0,AUTOMÓVEL=1,RIBEIRÃO PRETO,RIBEIRÃO PRETO,RIBEIRÃO PRETO,ESTADUAL
2020-06-07,13:15:00,L01-AUTOBAN,SP330,106.18,SUL,-22.845534986821,-47.165467073537,COLISÃO,COLISÃO-TRASEIRA,NÃO INFORMADO,0,0,0,0,1,BITREM/CVC=1|MOTO=1,SUMARÉ,CAMPINAS,CAMPINAS,ESTADUAL
2020-06-07,17:41:00,L01-AUTOBAN,SPM330E,96.45,SUL,-22.90845839642,-47.104293803532,COLISÃO,COLISÃO-TRASEIRA,NÃO INFORMADO,0,0,0,0,0,AUTOMÓVEL=1|MOTO=1,CAMPINAS,CAMPINAS,CAMPINAS,ESTADUAL
2020-06-07,19:25:00,L06-INTERVIAS,SP330,213.8,SUL,-21.96801949,-47.45621872,ATROPELAMENTO DE ANIMAL,ATROP. ANIMAL,ANIMAL NA RODOVIA,5,0,0,0,0,AUTOMÓVEL=1,PIRASSUNUNGA,CAMPINAS,RIO CLARO,ESTADUAL
2020-06-07,22:13:00,L01-AUTOBAN,SP330,111.38,NORTE,-22.816189570699,-47.204484073313,COLISÃO,COLISÃO-TRASEIRA,NÃO INFORMADO,0,0,0,0,0,AUTOMÓVEL=2,SUMARÉ,CAMPINAS,CAMPINAS,ESTADUAL
2020-06-08,07:12:00,L01-AUTOBAN,SP330,88.8,SUL,-22.960427333549,-47.056836975207,COLISÃO,COLISÃO-LATERAL,NÃO INFORMADO,0,0,1,0,0,AUTOMÓVEL=2,CAMPINAS,CAMPINAS,CAMPINAS,ESTADUAL
2020-06-08,07:22:00,L01-AUTOBAN,SP330,88.8,SUL,-22.960427333549,-47.056836975207,COLISÃO,COLISÃO-TRASEIRA,NÃO INFORMADO,0,1,0,0,0,AUTOMÓVEL=1|CAMINHÃO=1,CAMPINAS,CAMPINAS,CAMPINAS,ESTADUAL
2020-06-08,13:22:00,L06-INTERVIAS,SP330,230.0,SUL,-21.82729912,-47.49539948,CAPOTAMENTO,CAPOTAMENTO,IMPRUD. CONDUTOR-DORMIR AO VOLANTE,0,1,0,0,0,AUTOMÓVEL=1,PORTO FERREIRA,CENTRAL,RIO CLARO,ESTADUAL
2020-06-08,17:35:00,L29-VIAPAULISTA,SP330,278.0,NORTE,-21.43761063,-47.65086746,CHOQUE,CHOQUE-OBJETO NA PISTA,OBJETO NA PISTA,1,0,0,0,0,AUTOMÓVEL=1,SÃO SIMÃO,RIBEIRÃO PRETO,RIBEIRÃO PRETO,ESTADUAL
2020-06-08,17:53:00,L01-AUTOBAN,SPM330D,91.7,NORTE,-22.937439219061,-47.069934374349,COLISÃO,COLISÃO-TRASEIRA,NÃO INFORMADO,0,1,0,0,0,AUTOMÓVEL=2,CAMPINAS,CAMPINAS,CAMPINAS,ESTADUAL
2020-06-08,17:58:00,L01-AUTOBAN,SP330,152.45,NORTE,-22.509995579964,-47.396976996552,COLISÃO,COLISÃO-TRASEIRA,NÃO INFORMADO,0,0,0,0,0,AUTOMÓVEL=2,CORDEIRÓPOLIS,CAMPINAS,RIO CLARO,ESTADUAL
2020-06-08,18:25:00,L29-VIAPAULISTA,SP330,286.4,SUL,-21.38387299,-47.70239639,COLISÃO,COLISÃO-LATERAL,IMPRUD. CONDUTOR-LEVOU FECHADA,4,0,0,0,0,AUTOMÓVEL=1|CAMINHÃO=1,CRAVINHOS,RIBEIRÃO PRETO,RIBEIRÃO PRETO,ESTADUAL
2020-06-08,19:00:00,L01-AUTOBAN,SP330,95.66,NORTE,-22.914253931842,-47.098895636391,ENGAVETAMENTO,ENGAVETAMENTO,NÃO INFORMADO,0,0,0,0,0,AUTOMÓVEL=3,CAMPINAS,CAMPINAS,CAMPINAS,ESTADUAL
2020-06-08,22:41:00,L01-AUTOBAN,SP330,15.6,SUL,-23.4965278154,-46.757180573136,CHOQUE,CHOQUE-BARREIRA DE CONCRETO,NÃO INFORMADO,0,0,0,0,0,AUTOMÓVEL=1,SÃO PAULO,REG. METROPOLITANA SÃO PAULO,SÃO PAULO,ESTADUAL
2020-06-09,04:33:00,L01-AUTOBAN,SP330,19.9,NORTE,-23.469421374318,-46.778248248101,COLISÃO,COLISÃO-TRASEIRA,NÃO INFORMADO,0,0,0,0,0,AUTOMÓVEL=1|UTILITÁRIO=1,OSASCO,REG. METROPOLITANA SÃO PAULO,SÃO PAULO,ESTADUAL
2020-06-09,06:25:00,L01-AUTOBAN,SP330,13.6,SUL,-23.507572920511,-46.746038679119,CHOQUE,CHOQUE-BARREIRA DE CONCRETO,NÃO INFORMADO,0,0,0,0,0,AUTOMÓVEL=1,SÃO PAULO,REG. METROPOLITANA SÃO PAULO,SÃO PAULO,ESTADUAL
2020-06-09,07:16:00,L06-INTERVIAS,SP330,182.5,NORTE,-22.24230003,-47.39039993,COLISÃO,COLISÃO-LATERAL,IMPRUD. CONDUTOR-LEVOU FECHADA,2,0,0,0,0,AUTOMÓVEL=1|CAMINHÃO=1|NÃO INFORMADO=1,LEME,CAMPINAS,RIO CLARO,ESTADUAL
2020-06-09,09:40:00,L28-ENTREVIAS,SP330,328.0,SUL,-21.0386555966,-47.8312773046,ENGAVETAMENTO,ENGAVETAMENTO,IMPRUD. CONDUTOR-DIST. INADEQUADA ENTRE VEÍC.,4,0,0,0,0,AUTOMÓVEL=3|CAMINHÃO=1,JARDINÓPOLIS,RIBEIRÃO PRETO,RIBEIRÃO PRETO,ESTADUAL
2020-06-09,12:12:00,L01-AUTOBAN,SPM330D,110.5,NORTE,-22.820189929366,-47.197107374668,CHOQUE,CHOQUE-OBJETO NA PISTA,NÃO INFORMADO,0,1,0,0,0,MOTO=1,SUMARÉ,CAMPINAS,CAMPINAS,ESTADUAL
2020-06-09,12:32:00,L01-AUTOBAN,SP330,125.0,SUL,-22.728537083875,-47.292033433914,COLISÃO,COLISÃO-TRASEIRA,NÃO INFORMADO,0,0,0,0,0,MOTO=1|UTILITÁRIO=1,AMERICANA,CAMPINAS,RIO CLARO,ESTADUAL
2020-06-09,14:23:00,L06-INTERVIAS,SP330,159.5,NORTE,-22.44689941,-47.39799881,OBJETO LANÇADO CONTRA O VEÍCULO,OBJETO LANÇADO CONTRA VEÍCULO,OBJETO LANÇADO,1,0,0,0,0,AUTOMÓVEL=1,CORDEIRÓPOLIS,CAMPINAS,RIO CLARO,ESTADUAL
2020-06-09,15:37:00,L01-AUTOBAN,SPM330E,107.0,SUL,-22.839867744999,-47.170851230621,ATROPELAMENTO DE PEDESTRE,ATROP. PEDESTRE-ANDARILHO,NÃO INFORMADO,0,1,0,0,0,CAMINHÃO=1|NÃO SE APLICA=1,SUMARÉ,CAMPINAS,CAMPINAS,ESTADUAL
2020-06-09,15:52:00,L29-VIAPAULISTA,SP330,301.0,SUL,-21.26479149,-47.75551987,CHOQUE,"CHOQUE - DEFENSA, BARREIRA OU ""SUBMARINO""",PANE MECÂNICA/ELÉTRICA,2,0,0,0,0,CAMINHÃO=2,RIBEIRÃO PRETO,RIBEIRÃO PRETO,RIBEIRÃO PRETO,ESTADUAL
2020-06-09,17:56:00,L01-AUTOBAN,SPM330E,89.0,SUL,-22.958986056022,-47.057656645775,ENGAVETAMENTO,ENGAVETAMENTO,NÃO INFORMADO,0,4,0,0,0,AUTOMÓVEL=6|UTILITÁRIO=1,CAMPINAS,CAMPINAS,CAMPINAS,ESTADUAL
2020-06-09,18:19:00,L01-AUTOBAN,SP330,31.1,NORTE,-23.40055379566,-46.836673211266,TOMBAMENTO,TOMBAMENTO-MOTO,NÃO INFORMADO,0,0,0,0,0,MOTO=1,CAJAMAR,REG. METROPOLITANA SÃO PAULO,SÃO PAULO,ESTADUAL
2020-06-09,19:48:00,L01-AUTOBAN,SP330,16.0,NORTE,-23.494091626664,-46.758799552918,CHOQUE,CHOQUE-BARREIRA DE CONCRETO,NÃO INFORMADO,1,1,0,0,0,UTILITÁRIO=1,OSASCO,REG. METROPOLITANA SÃO PAULO,SÃO PAULO,ESTADUAL
2020-06-09,21:17:00,L01-AUTOBAN,SPM330E,92.0,SUL,-22.935126302733,-47.071105241776,CHOQUE,CHOQUE-TALUDE OU BARRANCO,NÃO INFORMADO,0,1,0,0,0,AUTOMÓVEL=1,CAMPINAS,CAMPINAS,CAMPINAS,ESTADUAL
2020-06-09,21:32:00,L01-AUTOBAN,SPM330E,102.0,SUL,-22.868355,-47.132428,COLISÃO,COLISÃO-TRASEIRA,NÃO INFORMADO,0,1,0,0,0,AUTOMÓVEL=1|MOTO=1,CAMPINAS,CAMPINAS,CAMPINAS,ESTADUAL
2020-06-09,22:50:00,L28-ENTREVIAS,SP330,389.5,SUL,-20.5096796845,-47.8368579076,CHOQUE,CHOQUE-OBJETO NA PISTA,OBJETO NA PISTA,1,0,0,0,0,AUTOMÓVEL=1,GUARÁ,FRANCA,RIBEIRÃO PRETO,ESTADUAL
2020-06-10,03:10:00,L06-INTERVIAS,SP330,214.6,SUL,-21.96167946,-47.45859909,CHOQUE,CHOQUE-OUTROS,PANE MECÂNICA,2,0,0,0,0,CAMINHÃO=2,PIRASSUNUNGA,CAMPINAS,RIO CLARO,ESTADUAL
2020-06-10,05:54:00,L01-AUTOBAN,SP330,143.5,NORTE,-22.582908839067,-47.367052137852,CHOQUE,CHOQUE-VEÍCULO PARADO NO ACOSTAMENTO,NÃO INFORMADO,0,0,0,0,0,AUTOMÓVEL=1|NÃO INFORMADO=1,LIMEIRA,CAMPINAS,RIO CLARO,ESTADUAL
2020-06-10,06:52:00,L01-AUTOBAN,SP330,46.8,NORTE,-23.28322995267,-46.87143623305,CAPOTAMENTO,CAPOTAMENTO,NÃO INFORMADO,0,2,0,0,0,AUTOMÓVEL=1,CAJAMAR,REG. METROPOLITANA SÃO PAULO,SÃO PAULO,ESTADUAL
2020-06-10,13:43:00,L29-VIAPAULISTA,SP330,314.2,NORTE,-21.14579201,-47.75915909,CHOQUE,CHOQUE-ELEMENTO DE DRENAGEM,ESTOURO/FURO DE PNEU,0,2,0,0,0,MOTO=1,RIBEIRÃO PRETO,RIBEIRÃO PRETO,RIBEIRÃO PRETO,ESTADUAL
2020-06-10,13:59:00,L01-AUTOBAN,SPM330E,14.5,SUL,-23.503551847267,-46.752364933491,CHOQUE,CHOQUE-SINALIZAÇÃO,NÃO INFORMADO,0,1,0,0,0,MOTO=1,SÃO PAULO,REG. METROPOLITANA SÃO PAULO,SÃO PAULO,ESTADUAL
2020-06-10,15:00:00,L01-AUTOBAN,SP330,30.0,NORTE,-23.405103365161,-46.82884812355,CHOQUE,CHOQUE-BARREIRA DE CONCRETO,NÃO INFORMADO,0,1,0,0,0,AUTOMÓVEL=1,CAJAMAR,REG. METROPOLITANA SÃO PAULO,SÃO PAULO,ESTADUAL
2020-06-10,15:15:00,L01-AUTOBAN,SPM330D,106.9,NORTE,-22.840157907004,-47.170152305992,COLISÃO,COLISÃO-TRASEIRA,NÃO INFORMADO,0,0,0,0,0,AUTOMÓVEL=2,SUMARÉ,CAMPINAS,CAMPINAS,ESTADUAL
2020-06-10,18:53:00,L28-ENTREVIAS,SP330,322.0,SUL,-21.083500206,-47.8013118253,CHOQUE,CHOQUE-OBJETO NA PISTA,OBJETO NA PISTA,4,0,0,0,0,AUTOMÓVEL=4,RIBEIRÃO PRETO,RIBEIRÃO PRETO,RIBEIRÃO PRETO,ESTADUAL
2020-06-10,19:08:00,L01-AUTOBAN,SP330,30.0,SUL,-23.405300286201,-46.828966140747,TOMBAMENTO,TOMBAMENTO,NÃO INFORMADO,0,0,1,0,0,BICICLETA=1,CAJAMAR,REG. METROPOLITANA SÃO PAULO,SÃO PAULO,ESTADUAL
2020-06-10,22:44:00,L06-INTERVIAS,SP330,184.6,NORTE,-22.22333908,-47.39184189,COLISÃO,COLISÃO-FRONTAL,CICLISTA NA RODOVIA,2,0,0,0,1,AUTOMÓVEL=1|BICICLETA=1,LEME,CAMPINAS,RIO CLARO,ESTADUAL
2020-06-11,05:17:00,L06-INTERVIAS,SP330,216.5,SUL,-21.94477463,-47.46417618,ATROPELAMENTO DE ANIMAL,ATROP. ANIMAL,ANIMAL NA RODOVIA,6,0,0,0,0,AUTOMÓVEL=3|NÃO INFORMADO=1,PIRASSUNUNGA,CAMPINAS,RIO CLARO,ESTADUAL
2020-06-11,06:11:00,L29-VIAPAULISTA,SP330,308.7,SUL,-21.19532967,-47.75782013,CHOQUE,"CHOQUE - DEFENSA, BARREIRA OU ""SUBMARINO""",IMPRUD. CONDUTOR-PERDA DE CONTROLE,0,1,0,0,0,MOTO=1,RIBEIRÃO PRETO,RIBEIRÃO PRETO,RIBEIRÃO PRETO,ESTADUAL
2020-06-11,09:04:00,L28-ENTREVIAS,SP330,378.0,SUL,-20.600807902,-47.883557913,OBJETO LANÇADO CONTRA O VEÍCULO,OBJETO LANÇADO CONTRA VEÍCULO,OBJETO LANÇADO-TERCEIROS,1,0,0,0,0,AUTOMÓVEL=1,SÃO JOAQUIM DA BARRA,FRANCA,RIBEIRÃO PRETO,ESTADUAL
2020-06-11,10:05:00,L01-AUTOBAN,SP330,21.5,SUL,-23.457013849312,-46.784047186375,COLISÃO,COLISÃO-LATERAL,NÃO INFORMADO,0,0,0,0,0,AUTOMÓVEL=1|CAMINHÃO=1,SÃO PAULO,REG. METROPOLITANA SÃO PAULO,SÃO PAULO,ESTADUAL
2020-06-11,15:07:00,L28-ENTREVIAS,SP330,423.0,NORTE,-20.2171748843,-47.7885477599,CHOQUE,CHOQUE-TALUDE OU BARRANCO,IMPRUD. CONDUTOR-LEVOU FECHADA,1,0,0,0,0,AUTOMÓVEL=1,BURITIZAL,FRANCA,RIBEIRÃO PRETO,ESTADUAL
2020-06-11,15:37:00,L29-VIAPAULISTA,SP330,277.4,SUL,-21.44335175,-47.64919281,CHOQUE,CHOQUE-OBJETO NA PISTA,OBJETO NA PISTA,3,0,0,0,0,AUTOMÓVEL=1,SÃO SIMÃO,RIBEIRÃO PRETO,RIBEIRÃO PRETO,ESTADUAL
2020-06-11,16:01:00,L01-AUTOBAN,SP330,56.0,NORTE,-23.210900509412,-46.891751289368,COLISÃO,COLISÃO-LATERAL,NÃO INFORMADO,0,1,0,0,0,AUTOMÓVEL=1|VAN/PERUA=1,JUNDIAÍ,CAMPINAS,CAMPINAS,ESTADUAL
2020-06-11,16:17:00,L28-ENTREVIAS,SP330,427.8,SUL,-20.18344251,-47.7865009249,CHOQUE,CHOQUE-DEFENSA METÁLICA,IMPRUD. CONDUTOR-PERDA DE CONTROLE,0,2,0,0,0,AUTOMÓVEL=1,ARAMINA,FRANCA,RIBEIRÃO PRETO,ESTADUAL
2020-06-11,16:32:00,L06-INTERVIAS,SP330,181.76,SUL,-22.24903679,-47.39083481,CHOQUE,CHOQUE-CANCELA DE PEDÁGIO,FALHA DE EQUIP. PEDÁGIO-TAG,1,0,0,0,0,CAMINHONETE=1,LEME,CAMPINAS,RIO CLARO,ESTADUAL
2020-06-11,17:25:00,L01-AUTOBAN,SP330,42.3,NORTE,-23.315075358739,-46.854444977585,COLISÃO,COLISÃO-TRASEIRA,NÃO INFORMADO,0,1,0,0,0,AUTOMÓVEL=1|MOTO=1,CAJAMAR,REG. METROPOLITANA SÃO PAULO,SÃO PAULO,ESTADUAL
2020-06-11,17:44:00,L29-VIAPAULISTA,SP330,307.5,NORTE,-21.20587158,-47.75823975,TOMBAMENTO,TOMBAMENTO,ESTOURO/FURO DE PNEU,0,2,0,0,0,MOTO=1,RIBEIRÃO PRETO,RIBEIRÃO PRETO,RIBEIRÃO PRETO,ESTADUAL
2020-06-11,20:28:00,L06-INTERVIAS,SP330,237.5,SUL,-21.79050064,-47.51990128,COLISÃO,COLISÃO-TRASEIRA,NÃO INFORMADO,1,1,0,0,0,AUTOMÓVEL=1|CAMINHÃO=1,SANTA RITA DO PASSA QUATRO,CENTRAL,RIBEIRÃO PRETO,ESTADUAL
2020-06-11,23:14:00,L01-AUTOBAN,SPM330D,100.75,NORTE,-22.87544243742,-47.122953683138,COLISÃO,COLISÃO-LATERAL,NÃO INFORMADO,0,1,0,0,0,AUTOMÓVEL=2,CAMPINAS,CAMPINAS,CAMPINAS,ESTADUAL
2020-06-11,23:18:00,L06-INTERVIAS,SP330,220.1,NORTE,-21.91365051,-47.47439957,ATROPELAMENTO DE ANIMAL,ATROP. ANIMAL,ANIMAL NA RODOVIA,5,0,0,0,0,AUTOMÓVEL=1,PORTO FERREIRA,CENTRAL,RIO CLARO,ESTADUAL
2020-06-12,03:16:00,L06-INTERVIAS,SP330,167.8,SUL,-22.37346077,-47.39476013,CHOQUE,CHOQUE-OUTROS,PANE MECÂNICA/ELÉTRICA,2,0,0,0,0,CAMINHÃO=1,ARARAS,CAMPINAS,RIO CLARO,ESTADUAL
2020-06-12,09:37:00,L01-AUTOBAN,SP330,107.12,SUL,-22.839034771301,-47.171634668162,COLISÃO,COLISÃO-TRASEIRA,NÃO INFORMADO,0,0,0,0,0,AUTOMÓVEL=1|VAN/PERUA=1,SUMARÉ,CAMPINAS,CAMPINAS,ESTADUAL
2020-06-12,14:38:00,L06-INTERVIAS,SP330,235.5,NORTE,-21.78750038,-47.52334976,CHOQUE,CHOQUE-OBJETO NA PISTA,OBJETO NA PISTA,2,0,0,0,0,AUTOMÓVEL=1,SANTA RITA DO PASSA QUATRO,CENTRAL,RIBEIRÃO PRETO,ESTADUAL
2020-06-12,15:14:00,L01-AUTOBAN,SPM330D,109.8,NORTE,-22.823612482858,-47.190759685072,ENGAVETAMENTO,ENGAVETAMENTO,NÃO INFORMADO,0,0,0,0,0,AUTOMÓVEL=2|NÃO INFORMADO=2,SUMARÉ,CAMPINAS,CAMPINAS,ESTADUAL
2020-06-12,15:15:00,L01-AUTOBAN,SP330,132.0,SUL,-22.670828064213,-47.31360912323,CHOQUE,CHOQUE-TALUDE OU BARRANCO,NÃO INFORMADO,1,0,0,0,0,AUTOMÓVEL=1,LIMEIRA,CAMPINAS,RIO CLARO,ESTADUAL
2020-06-12,15:24:00,L01-AUTOBAN,SP330,103.8,SUL,-22.858165835016,-47.14689069104,COLISÃO,COLISÃO-LATERAL,NÃO INFORMADO,0,0,0,0,0,AUTOMÓVEL=1|CARRETA=1,CAMPINAS,CAMPINAS,CAMPINAS,ESTADUAL
2020-06-12,15:48:00,L01-AUTOBAN,SPM330D,108.0,NORTE,-22.832585315555,-47.17717051506,COLISÃO,COLISÃO-LATERAL,NÃO INFORMADO,0,1,0,0,0,AUTOMÓVEL=1|MOTO=1,SUMARÉ,CAMPINAS,CAMPINAS,ESTADUAL
2020-06-12,16:19:00,L29-VIAPAULISTA,SP330,240.6,SUL,-21.75777054,-47.56177139,CHOQUE,CHOQUE-OBJETO NA PISTA,PANE MECÂNICA/ELÉTRICA,2,0,0,0,0,AUTOMÓVEL=1|CAMINHÃO=1,SANTA RITA DO PASSA QUATRO,CENTRAL,RIBEIRÃO PRETO,ESTADUAL
2020-06-12,17:58:00,L29-VIAPAULISTA,SP330,248.9,NORTE,-21.69356346,-47.5983696,CHOQUE,CHOQUE-OBJETO NA PISTA,PANE MECÂNICA/ELÉTRICA,2,0,0,0,0,CAMINHONETE=1|CAMINHÃO=1,SANTA RITA DO PASSA QUATRO,CENTRAL,RIBEIRÃO PRETO,ESTADUAL
2020-06-12,18:03:00,L01-AUTOBAN,SP330,21.5,NORTE,-23.456866220255,-46.783947944641,ENGAVETAMENTO,ENGAVETAMENTO,NÃO INFORMADO,0,0,0,0,0,AUTOMÓVEL=6,SÃO PAULO,REG. METROPOLITANA SÃO PAULO,SÃO PAULO,ESTADUAL
2020-06-12,18:19:00,L01-AUTOBAN,SP330,18.8,NORTE,-23.47545340891,-46.772287844331,ENGAVETAMENTO,ENGAVETAMENTO,NÃO INFORMADO,0,0,0,0,0,AUTOMÓVEL=4,OSASCO,REG. METROPOLITANA SÃO PAULO,SÃO PAULO,ESTADUAL
2020-06-12,19:24:00,L06-INTERVIAS,SP330,167.0,NORTE,-22.38100052,-47.39410019,COLISÃO,COLISÃO-TRASEIRA,IMPRUD. CONDUTOR,2,0,0,0,0,AUTOMÓVEL=1|CAMINHÃO=1,ARARAS,CAMPINAS,RIO CLARO,ESTADUAL
2020-06-12,20:12:00,L01-AUTOBAN,SPM330E,58.91,SUL,-23.189733658758,-46.906526129985,COLISÃO,COLISÃO-FRONTAL,NÃO INFORMADO,0,0,0,0,0,AUTOMÓVEL=1|MOTO=1,JUNDIAÍ,CAMPINAS,CAMPINAS,ESTADUAL
2020-06-12,20:31:00,L06-INTERVIAS,SP330,167.0,NORTE,-22.38100052,-47.39410019,CHOQUE,CHOQUE-OBJETO NA PISTA,OBJETO NA PISTA,1,0,0,0,0,AUTOMÓVEL=1,ARARAS,CAMPINAS,RIO CLARO,ESTADUAL
2020-06-13,06:07:00,L29-VIAPAULISTA,SP330,281.7,SUL,-21.41033173,-47.66757965,CHOQUE,"CHOQUE - DEFENSA, BARREIRA OU ""SUBMARINO""",PANE MECÂNICA/ELÉTRICA,0,0,0,0,0,CAMINHONETE=1,SÃO SIMÃO,RIBEIRÃO PRETO,RIBEIRÃO PRETO,ESTADUAL
2020-06-13,07:26:00,L01-AUTOBAN,SP330,17.7,SUL,-23.484531237031,-46.769944134505,COLISÃO,COLISÃO-LATERAL,NÃO INFORMADO,0,0,0,0,0,AUTOMÓVEL=2,OSASCO,REG. METROPOLITANA SÃO PAULO,SÃO PAULO,ESTADUAL
2020-06-13,15:36:00,L29-VIAPAULISTA,SP330,259.5,SUL,-21.60044098,-47.62102509,CHOQUE,CHOQUE-OBJETO NA PISTA,OBJETO NA PISTA,3,0,0,0,0,CAMINHONETE=1,SANTA RITA DO PASSA QUATRO,CENTRAL,RIBEIRÃO PRETO,ESTADUAL
2020-06-13,16:05:00,L29-VIAPAULISTA,SP330,268.5,NORTE,-21.52584267,-47.64285278,TOMBAMENTO,TOMBAMENTO,IMPRUD. CONDUTOR-PERDA DE CONTROLE,0,1,0,0,0,CAMINHÃO=1,SÃO SIMÃO,RIBEIRÃO PRETO,RIBEIRÃO PRETO,ESTADUAL
2020-06-13,16:30:00,L01-AUTOBAN,SP330,68.1,SUL,-23.121752074799,-46.954770321654,CHOQUE,CHOQUE-BARREIRA DE CONCRETO,NÃO INFORMADO,0,1,0,0,0,AUTOMÓVEL=1,JUNDIAÍ,CAMPINAS,CAMPINAS,ESTADUAL
2020-06-13,17:04:00,L29-VIAPAULISTA,SP330,248.6,SUL,-21.70125771,-47.59595108,TOMBAMENTO,TOMBAMENTO,ESTOURO/FURO DE PNEU,0,2,0,0,0,MOTO=1,SANTA RITA DO PASSA QUATRO,CENTRAL,RIBEIRÃO PRETO,ESTADUAL
2020-06-13,19:31:00,L01-AUTOBAN,SPM330D,14.8,NORTE,-23.501292387451,-46.753555490322,CHOQUE,CHOQUE-SINALIZAÇÃO,NÃO INFORMADO,0,0,0,0,0,AUTOMÓVEL=1,SÃO PAULO,REG. METROPOLITANA SÃO PAULO,SÃO PAULO,ESTADUAL
2020-06-13,19:36:00,L28-ENTREVIAS,SP330,340.0,SUL,-20.9388757884,-47.8808098447,CHOQUE,CHOQUE-OBJETO NA PISTA,OBJETO NA PISTA,1,0,0,0,0,AUTOMÓVEL=1,JARDINÓPOLIS,RIBEIRÃO PRETO,RIBEIRÃO PRETO,ESTADUAL
2020-06-13,20:50:00,L01-AUTOBAN,SP330,63.53,SUL,-23.157038906611,-46.93389887354,CHOQUE,CHOQUE-DEFENSA METÁLICA,NÃO INFORMADO,0,1,0,0,0,AUTOMÓVEL=1,JUNDIAÍ,CAMPINAS,CAMPINAS,ESTADUAL
2020-06-13,21:43:00,L29-VIAPAULISTA,SP330,250.8,SUL,-21.67737389,-47.60466003,COLISÃO,COLISÃO-TRANSVERSAL,IMPRUD. CONDUTOR,2,0,0,0,0,AUTOMÓVEL=1|CAMINHÃO=1,SANTA RITA DO PASSA QUATRO,CENTRAL,RIBEIRÃO PRETO,ESTADUAL
2020-06-13,21:52:00,L29-VIAPAULISTA,SP330,312.3,NORTE,-21.16261292,-47.75614548,COLISÃO,COLISÃO-TRASEIRA,IMPRUD. CONDUTOR,3,1,0,0,0,AUTOMÓVEL=1|MOTO=1,RIBEIRÃO PRETO,RIBEIRÃO PRETO,RIBEIRÃO PRETO,ESTADUAL
2020-06-13,22:58:00,L01-AUTOBAN,SP330,101.68,NORTE,-22.869426512649,-47.12976343857,COLISÃO,COLISÃO-TRASEIRA,NÃO INFORMADO,0,0,0,0,0,AUTOMÓVEL=2,CAMPINAS,CAMPINAS,CAMPINAS,ESTADUAL
2020-06-14,00:59:00,L01-AUTOBAN,SP330,11.5,NORTE,-23.510224803517,-46.729037632504,TOMBAMENTO,TOMBAMENTO-MOTO,NÃO INFORMADO,0,1,0,0,0,MOTO=1,SÃO PAULO,REG. METROPOLITANA SÃO PAULO,SÃO PAULO,ESTADUAL
2020-06-14,09:29:00,L01-AUTOBAN,SP330,35.1,NORTE,-23.368313113808,-46.84535489489,TOMBAMENTO,TOMBAMENTO-MOTO,NÃO INFORMADO,1,0,0,0,0,MOTO=1,CAJAMAR,REG. METROPOLITANA SÃO PAULO,SÃO PAULO,ESTADUAL
2020-06-14,11:57:00,L01-AUTOBAN,SP330,18.7,SUL,-23.476255900896,-46.772189141425,CHOQUE,CHOQUE-BARREIRA DE CONCRETO,NÃO INFORMADO,0,2,0,0,0,AUTOMÓVEL=1,OSASCO,REG. METROPOLITANA SÃO PAULO,SÃO PAULO,ESTADUAL
2020-06-14,13:32:00,L01-AUTOBAN,SP330,82.0,NORTE,-23.013082202618,-47.022766470909,CHOQUE,CHOQUE-MEIO FIO/CALÇAMENTO,NÃO INFORMADO,0,1,0,0,0,MOTO=1,VALINHOS,CAMPINAS,CAMPINAS,ESTADUAL
2020-06-14,15:01:00,L29-VIAPAULISTA,SP330,311.1,NORTE,-21.17342949,-47.75653839,CHOQUE,"CHOQUE - DEFENSA, BARREIRA OU ""SUBMARINO""",IMPRUD. CONDUTOR-PERDA DE CONTROLE,1,0,0,0,0,AUTOMÓVEL=1|CAMINHONETE=1,RIBEIRÃO PRETO,RIBEIRÃO PRETO,RIBEIRÃO PRETO,ESTADUAL
2020-06-14,15:45:00,L28-ENTREVIAS,SP330,353.5,NORTE,-20.8272307764,-47.8934809517,TOMBAMENTO,TOMBAMENTO-MOTO,ESTOURO/FURO DE PNEU,0,1,1,0,0,MOTOCICLETA / MOTONETA=1,SALES OLIVEIRA,FRANCA,RIBEIRÃO PRETO,ESTADUAL
2020-06-14,16:02:00,L29-VIAPAULISTA,SP330,280.0,NORTE,-21.42129707,-47.65880585,CHOQUE,"CHOQUE - DEFENSA, BARREIRA OU ""SUBMARINO""",IMPRUD. CONDUTOR-PERDA DE CONTROLE,0,0,0,1,0,MOTO=1,SÃO SIMÃO,RIBEIRÃO PRETO,RIBEIRÃO PRETO,ESTADUAL
2020-06-14,18:10:00,L29-VIAPAULISTA,SP330,311.6,SUL,-21.17010498,-47.75649261,COLISÃO,COLISÃO-TRASEIRA,IMPRUD. CONDUTOR-PERDA DE CONTROLE,2,0,0,0,0,AUTOMÓVEL=2,RIBEIRÃO PRETO,RIBEIRÃO PRETO,RIBEIRÃO PRETO,ESTADUAL
2020-06-14,19:35:00,L06-INTERVIAS,SP330,200.9,NORTE,-22.07987976,-47.42164993,CHOQUE,CHOQUE-OBJETO NA PISTA,OBJETO NA PISTA,4,0,0,0,0,CAMINHONETE=1,SANTA CRUZ DA CONCEIÇÃO,CAMPINAS,RIO CLARO,ESTADUAL
2020-06-14,19:55:00,L29-VIAPAULISTA,SP330,309.1,NORTE,-21.19145203,-47.75748444,CHOQUE,"CHOQUE - DEFENSA, BARREIRA OU ""SUBMARINO""",IMPRUD. CONDUTOR-PERDA DE CONTROLE,1,0,0,0,0,AUTOMÓVEL=1,RIBEIRÃO PRETO,RIBEIRÃO PRETO,RIBEIRÃO PRETO,ESTADUAL
2020-06-14,23:43:00,L01-AUTOBAN,SP330,71.6,NORTE,-23.093260983895,-46.970871083809,COLISÃO,COLISÃO-LATERAL,NÃO INFORMADO,0,0,0,1,0,AUTOMÓVEL=2|CARRETA=1,LOUVEIRA,CAMPINAS,CAMPINAS,ESTADUAL
2020-06-15,01:04:00,L29-VIAPAULISTA,SP330,314.35,NORTE,-21.14451218,-47.75962448,COLISÃO,COLISÃO-TRASEIRA,NÃO INFORMADO,0,4,0,0,0,AUTOMÓVEL=2,RIBEIRÃO PRETO,RIBEIRÃO PRETO,RIBEIRÃO PRETO,ESTADUAL
2020-06-15,05:10:00,L28-ENTREVIAS,SP330,322.5,SUL,-21.083500206,-47.8013118253,CHOQUE,CHOQUE-OUTROS,IMPRUD. CONDUTOR-PERDA DE CONTROLE,1,0,0,0,0,AUTOMÓVEL=1,RIBEIRÃO PRETO,RIBEIRÃO PRETO,RIBEIRÃO PRETO,ESTADUAL
2020-06-15,06:23:00,L01-AUTOBAN,SP330,17.8,NORTE,-23.483998906785,-46.770107742932,CHOQUE,CHOQUE-BARREIRA DE CONCRETO,NÃO INFORMADO,0,0,0,0,0,AUTOMÓVEL=1,OSASCO,REG. METROPOLITANA SÃO PAULO,SÃO PAULO,ESTADUAL
2020-06-15,07:59:00,L01-AUTOBAN,SP330,60.25,SUL,-23.179702084885,-46.913367211819,ENGAVETAMENTO,ENGAVETAMENTO,NÃO INFORMADO,0,0,0,0,0,AUTOMÓVEL=2|UTILITÁRIO=1,JUNDIAÍ,CAMPINAS,CAMPINAS,ESTADUAL
2020-06-15,13:21:00,L01-AUTOBAN,SP330,110.54,SUL,-22.820360808574,-47.197493192075,COLISÃO,COLISÃO-TRASEIRA,NÃO INFORMADO,0,2,0,0,0,MOTO=2,SUMARÉ,CAMPINAS,CAMPINAS,ESTADUAL
2020-06-15,17:03:00,L01-AUTOBAN,SPM330D,110.18,NORTE,-22.821778505317,-47.19414621874,COLISÃO,COLISÃO-TRASEIRA,NÃO INFORMADO,0,1,0,0,0,AUTOMÓVEL=1|MOTO=1,SUMARÉ,CAMPINAS,CAMPINAS,ESTADUAL
2020-06-15,19:01:00,L01-AUTOBAN,SPM330E,101.0,SUL,-22.874089445764,-47.124878168106,CHOQUE,CHOQUE-BARREIRA DE CONCRETO,NÃO INFORMADO,0,1,0,0,0,MOTO=1,CAMPINAS,CAMPINAS,CAMPINAS,ESTADUAL
2020-06-16,06:42:00,L29-VIAPAULISTA,SP330,307.3,SUL,-21.20830536,-47.75850296,TOMBAMENTO,TOMBAMENTO,IMPRUD. CONDUTOR-PERDA DE CONTROLE,0,1,0,0,0,MOTO=1,RIBEIRÃO PRETO,RIBEIRÃO PRETO,RIBEIRÃO PRETO,ESTADUAL
2020-06-16,08:31:00,L01-AUTOBAN,SP330,32.9,SUL,-23.385511787521,-46.838297004639,COLISÃO,COLISÃO-TRASEIRA,NÃO INFORMADO,0,0,0,0,0,AUTOMÓVEL=1|NÃO INFORMADO=1,CAJAMAR,REG. METROPOLITANA SÃO PAULO,SÃO PAULO,ESTADUAL
2020-06-16,10:01:00,L28-ENTREVIAS,SP330,336.0,NORTE,-20.9727324252,-47.8641033186,COLISÃO,COLISÃO-TRASEIRA,IMPRUD. CONDUTOR-DORMIR AO VOLANTE,2,0,0,0,0,AUTOMÓVEL=1|CAMINHÃO=1,JARDINÓPOLIS,RIBEIRÃO PRETO,RIBEIRÃO PRETO,ESTADUAL
2020-06-16,12:26:00,L01-AUTOBAN,SPM330D,17.2,NORTE,-23.488745712858,-46.767597201679,ENGAVETAMENTO,ENGAVETAMENTO,NÃO INFORMADO,0,2,0,0,0,AUTOMÓVEL=1|CAMINHÃO=1|CARRETA=1,OSASCO,REG. METROPOLITANA SÃO PAULO,SÃO PAULO,ESTADUAL
2020-06-16,16:33:00,L01-AUTOBAN,SP330,64.0,SUL,-23.153633557989,-46.935653686523,COLISÃO,COLISÃO-LATERAL,NÃO INFORMADO,0,1,0,0,0,MOTO=1|UTILITÁRIO=1,JUNDIAÍ,CAMPINAS,CAMPINAS,ESTADUAL
2020-06-16,17:14:00,L29-VIAPAULISTA,SP330,309.8,NORTE,-21.18514061,-47.75715256,COLISÃO,COLISÃO-TRASEIRA,IMPRUD. CONDUTOR,2,0,0,0,0,AUTOMÓVEL=1|CAMINHONETE=1,RIBEIRÃO PRETO,RIBEIRÃO PRETO,RIBEIRÃO PRETO,ESTADUAL
2020-06-17,00:06:00,L29-VIAPAULISTA,SP330,268.0,SUL,-21.52709389,-47.64283371,ATROPELAMENTO DE ANIMAL,ATROP. ANIMAL,ANIMAL NA RODOVIA,0,0,0,0,0,CAMINHÃO=1,SÃO SIMÃO,RIBEIRÃO PRETO,RIBEIRÃO PRETO,ESTADUAL
2020-06-17,00:56:00,L29-VIAPAULISTA,SP330,253.0,SUL,-21.65807724,-47.60916519,CHOQUE,CHOQUE-CANCELA DE PEDÁGIO-AVI,FALHA DE EQUIP. PEDÁGIO-PISTA AVI,0,0,0,0,0,CAMINHÃO=1,SANTA RITA DO PASSA QUATRO,CENTRAL,RIBEIRÃO PRETO,ESTADUAL
2020-06-17,04:41:00,L01-AUTOBAN,SP330,14.42,SUL,-23.504133511955,-46.751991999505,ATROPELAMENTO DE PEDESTRE,ATROP. PEDESTRE-ANDARILHO,NÃO INFORMADO,0,1,0,0,1,CAMINHÃO=1|NÃO SE APLICA=1,SÃO PAULO,REG. METROPOLITANA SÃO PAULO,SÃO PAULO,ESTADUAL
2020-06-17,06:23:00,L01-AUTOBAN,SPM330E,14.3,SUL,-23.505006008986,-46.751432598526,COLISÃO,COLISÃO-LATERAL,NÃO INFORMADO,0,1,0,0,0,AUTOMÓVEL=1|MOTO=1,SÃO PAULO,REG. METROPOLITANA SÃO PAULO,SÃO PAULO,ESTADUAL
2020-06-17,06:45:00,L28-ENTREVIAS,SP330,410.0,NORTE,-20.3343990139,-47.8052876628,CHOQUE,CHOQUE-ELEMENTO DE DRENAGEM,IMPRUD. CONDUTOR-DORMIR AO VOLANTE,1,0,0,0,0,AUTOMÓVEL=1,ITUVERAVA,FRANCA,RIBEIRÃO PRETO,ESTADUAL
2020-06-17,07:14:00,L29-VIAPAULISTA,SP330,278.0,SUL,-21.43820953,-47.65086365,CHOQUE,CHOQUE-OBJETO NA PISTA,OBJETO NA PISTA,1,0,0,0,0,AUTOMÓVEL=1,SÃO SIMÃO,RIBEIRÃO PRETO,RIBEIRÃO PRETO,ESTADUAL
2020-06-17,09:40:00,L01-AUTOBAN,SP330,20.9,SUL,-23.461783824124,-46.78120994477,COLISÃO,COLISÃO-TRASEIRA,NÃO INFORMADO,0,0,0,0,0,AUTOMÓVEL=2,SÃO PAULO,REG. METROPOLITANA SÃO PAULO,SÃO PAULO,ESTADUAL
2020-06-17,14:04:00,L01-AUTOBAN,SP330,102.9,NORTE,-22.862713634584,-47.138532232179,ENGAVETAMENTO,ENGAVETAMENTO,NÃO INFORMADO,0,1,1,0,0,AUTOMÓVEL=1|CARRETA=1|NÃO INFORMADO=1,CAMPINAS,CAMPINAS,CAMPINAS,ESTADUAL
2020-06-17,15:45:00,L01-AUTOBAN,SPM330E,97.0,SUL,-22.904379059715,-47.107846140862,COLISÃO,COLISÃO-LATERAL,NÃO INFORMADO,0,0,0,0,0,AUTOMÓVEL=2|UTILITÁRIO=1,CAMPINAS,CAMPINAS,CAMPINAS,ESTADUAL
2020-06-17,16:13:00,L29-VIAPAULISTA,SPA307/330,1.0,LESTE,-21.19994354,-47.7673111,COLISÃO,COLISÃO-TRASEIRA,IMPRUD. CONDUTOR,4,1,0,0,0,AUTOMÓVEL=2,RIBEIRÃO PRETO,RIBEIRÃO PRETO,RIBEIRÃO PRETO,ESTADUAL
2020-06-17,16:50:00,L01-AUTOBAN,SP330,125.0,NORTE,-22.728274847666,-47.291845679283,TOMBAMENTO,TOMBAMENTO-MOTO,NÃO INFORMADO,0,1,0,0,0,MOTO=1,AMERICANA,CAMPINAS,RIO CLARO,ESTADUAL
2020-06-17,18:00:00,L29-VIAPAULISTA,SP330,314.0,NORTE,-21.1475029,-47.75854874,TOMBAMENTO,TOMBAMENTO,IMPRUD. CONDUTOR-PERDA DE CONTROLE,0,1,0,0,0,MOTO=1,RIBEIRÃO PRETO,RIBEIRÃO PRETO,RIBEIRÃO PRETO,ESTADUAL
2020-06-17,20:08:00,L01-AUTOBAN,SP330,118.5,SUL,-22.766264139937,-47.244732677937,CHOQUE,CHOQUE-BARREIRA DE CONCRETO,NÃO INFORMADO,0,2,1,0,0,AUTOMÓVEL=1,NOVA ODESSA,CAMPINAS,RIO CLARO,ESTADUAL
2020-06-17,20:15:00,L01-AUTOBAN,SP330,85.95,NORTE,-22.983066420437,-47.043352790055,CHOQUE,CHOQUE-TALUDE OU BARRANCO,NÃO INFORMADO,0,0,0,0,0,AUTOMÓVEL=1,VALINHOS,CAMPINAS,CAMPINAS,ESTADUAL
2020-06-17,21:21:00,L29-VIAPAULISTA,SP330,253.0,NORTE,-21.65808105,-47.60906219,CHOQUE,CHOQUE-CANCELA DE PEDÁGIO-AVI,FALHA DE EQUIP. PEDÁGIO-PISTA AVI,0,0,0,0,0,CAMINHONETE=1,SANTA RITA DO PASSA QUATRO,CENTRAL,RIBEIRÃO PRETO,ESTADUAL
2020-06-17,22:21:00,L29-VIAPAULISTA,SP330,314.0,SUL,-21.14836884,-47.75846481,COLISÃO,COLISÃO-LATERAL,IMPRUD. CONDUTOR-PERDA DE CONTROLE,1,2,0,1,0,AUTOMÓVEL=1|MOTO=3,RIBEIRÃO PRETO,RIBEIRÃO PRETO,RIBEIRÃO PRETO,ESTADUAL
2020-06-18,07:25:00,L01-AUTOBAN,SPM330E,109.3,SUL,-22.826152227121,-47.186731931693,COLISÃO,COLISÃO-TRASEIRA,NÃO INFORMADO,0,0,0,0,0,AUTOMÓVEL=1|UTILITÁRIO=1,SUMARÉ,CAMPINAS,CAMPINAS,ESTADUAL
2020-06-18,08:57:00,L01-AUTOBAN,SP330,105.3,SUL,-22.850495498063,-47.159035586356,COLISÃO,COLISÃO-LATERAL,NÃO INFORMADO,0,1,0,0,0,MOTO=1|NÃO INFORMADO=1,CAMPINAS,CAMPINAS,CAMPINAS,ESTADUAL
2020-06-18,12:23:00,L01-AUTOBAN,SP330,20.0,NORTE,-23.468944569907,-46.778873205185,COLISÃO,COLISÃO-TRASEIRA,NÃO INFORMADO,2,0,0,0,0,CARRETA=1|UTILITÁRIO=1,OSASCO,REG. METROPOLITANA SÃO PAULO,SÃO PAULO,ESTADUAL
2020-06-18,14:27:00,L01-AUTOBAN,SP330,115.0,NORTE,-22.792220839274,-47.226083278656,TOMBAMENTO,TOMBAMENTO-MOTO,NÃO INFORMADO,0,0,0,0,0,MOTO=1,SUMARÉ,CAMPINAS,CAMPINAS,ESTADUAL
2020-06-18,16:22:00,L01-AUTOBAN,SPM330E,113.2,SUL,-22.805987537799,-47.217545253861,COLISÃO,COLISÃO-LATERAL,NÃO INFORMADO,0,0,0,0,0,AUTOMÓVEL=1|CARRETA=1,SUMARÉ,CAMPINAS,CAMPINAS,ESTADUAL
2020-06-18,17:22:00,L29-VIAPAULISTA,SP330,258.5,SUL,-21.60951042,-47.61784744,COLISÃO,COLISÃO-LATERAL,IMPRUD. CONDUTOR,1,0,0,0,0,CAMINHONETE=1|NÃO INFORMADO=1,SANTA RITA DO PASSA QUATRO,CENTRAL,RIBEIRÃO PRETO,ESTADUAL
2020-06-18,20:56:00,L01-AUTOBAN,SPM330D,101.0,NORTE,-22.873812661725,-47.124744057655,ATROPELAMENTO DE PEDESTRE,ATROP. PEDESTRE-ANDARILHO,NÃO INFORMADO,0,1,0,0,0,MOTO=1|NÃO SE APLICA=1,CAMPINAS,CAMPINAS,CAMPINAS,ESTADUAL
2020-06-18,21:20:00,L01-AUTOBAN,SP330,104.4,NORTE,-22.854768032989,-47.15187479108,ATROPELAMENTO DE PEDESTRE,ATROP. PEDESTRE-ANDARILHO,NÃO INFORMADO,0,0,0,0,1,AUTOMÓVEL=1|NÃO SE APLICA=1,CAMPINAS,CAMPINAS,CAMPINAS,ESTADUAL
2020-06-19,03:37:00,L29-VIAPAULISTA,SP330,281.8,SUL,-21.40960312,-47.66814804,CHOQUE,CHOQUE-OBJETO NA PISTA,OBJETO NA PISTA,1,0,0,0,0,AUTOMÓVEL=1,SÃO SIMÃO,RIBEIRÃO PRETO,RIBEIRÃO PRETO,ESTADUAL
2020-06-19,05:44:00,L29-VIAPAULISTA,SP330,302.1,NORTE,-21.25413895,-47.75485611,COLISÃO,COLISÃO-TRASEIRA,IMPRUD. CONDUTOR,1,0,0,0,0,CAMINHÃO=1|NÃO INFORMADO=1,RIBEIRÃO PRETO,RIBEIRÃO PRETO,RIBEIRÃO PRETO,ESTADUAL
2020-06-19,06:34:00,L01-AUTOBAN,SP330,21.2,SUL,-23.459401067412,-46.782487754019,ENGAVETAMENTO,ENGAVETAMENTO,NÃO INFORMADO,0,0,0,0,0,AUTOMÓVEL=2|NÃO INFORMADO=1,SÃO PAULO,REG. METROPOLITANA SÃO PAULO,SÃO PAULO,ESTADUAL
2020-06-19,07:49:00,L01-AUTOBAN,SP330,103.0,NORTE,-22.862197108808,-47.13924407959,ENGAVETAMENTO,ENGAVETAMENTO,NÃO INFORMADO,0,1,1,0,0,AUTOMÓVEL=2|BITREM/CVC=1|CAMINHÃO=1,CAMPINAS,CAMPINAS,CAMPINAS,ESTADUAL
2020-06-19,10:22:00,L28-ENTREVIAS,SP330,320.5,SUL,-21.0981459678,-47.7908080135,COLISÃO,COLISÃO-TRASEIRA,IMPRUD. CONDUTOR-LEVOU FECHADA,2,0,0,0,0,AUTOMÓVEL=1|CAMINHÃO=1,RIBEIRÃO PRETO,RIBEIRÃO PRETO,RIBEIRÃO PRETO,ESTADUAL
2020-06-19,11:38:00,L01-AUTOBAN,SP330,139.85,SUL,-22.611919820725,-47.355565624403,TOMBAMENTO,TOMBAMENTO-MOTO,NÃO INFORMADO,0,1,0,0,0,MOTO=1,LIMEIRA,CAMPINAS,RIO CLARO,ESTADUAL
2020-06-19,12:52:00,L01-AUTOBAN,SP330,137.8,NORTE,-22.625243442896,-47.341587801093,TOMBAMENTO,TOMBAMENTO,NÃO INFORMADO,0,0,1,0,0,CAMINHÃO=1|CARRETA=1,LIMEIRA,CAMPINAS,RIO CLARO,ESTADUAL
2020-06-19,13:10:00,L01-AUTOBAN,SP330,137.7,NORTE,-22.62591787889,-47.340959052926,CHOQUE,CHOQUE-BARREIRA DE CONCRETO,NÃO INFORMADO,0,0,0,0,0,AUTOMÓVEL=1,LIMEIRA,CAMPINAS,RIO CLARO,ESTADUAL
2020-06-19,14:10:00,L01-AUTOBAN,SPM330D,109.0,NORTE,-22.827374159413,-47.183876037598,COLISÃO,COLISÃO-TRASEIRA,NÃO INFORMADO,0,0,0,0,0,AUTOMÓVEL=2,SUMARÉ,CAMPINAS,CAMPINAS,ESTADUAL
2020-06-19,18:07:00,L01-AUTOBAN,SPM330E,98.0,SUL,-22.896245165998,-47.110952138901,TOMBAMENTO,TOMBAMENTO-MOTO,NÃO INFORMADO,0,1,0,0,0,MOTO=1,CAMPINAS,CAMPINAS,CAMPINAS,ESTADUAL
2020-06-19,19:51:00,L01-AUTOBAN,SPI102/330,6.0,SUL,-22.916773,-47.13535,TOMBAMENTO,TOMBAMENTO,NÃO INFORMADO,0,0,0,0,0,CARRETA=1,CAMPINAS,CAMPINAS,CAMPINAS,ESTADUAL
2020-06-19,20:32:00,L28-ENTREVIAS,SP330,442.0,SUL,-20.0534618964,-47.7858239022,CHOQUE,CHOQUE-OBJETO NA PISTA,OBJETO NA PISTA,1,0,0,0,0,AUTOMÓVEL=1,IGARAPAVA,FRANCA,RIBEIRÃO PRETO,ESTADUAL
2020-06-19,21:16:00,L01-AUTOBAN,SP330,11.5,SUL,-23.510460756592,-46.729056344143,CHOQUE,CHOQUE-BARREIRA DE CONCRETO,NÃO INFORMADO,0,0,0,0,0,AUTOMÓVEL=1,SÃO PAULO,REG. METROPOLITANA SÃO PAULO,SÃO PAULO,ESTADUAL
2020-06-20,06:18:00,L29-VIAPAULISTA,SP330,289.5,NORTE,-21.36076736,-47.72081375,COLISÃO,COLISÃO-TRASEIRA,IMPRUD. CONDUTOR,0,0,0,0,0,CAMINHÃO=2,CRAVINHOS,RIBEIRÃO PRETO,RIBEIRÃO PRETO,ESTADUAL
2020-06-20,11:54:00,L01-AUTOBAN,SP330,19.8,SUL,-23.469866686579,-46.777777786108,CHOQUE,CHOQUE-BARREIRA DE CONCRETO,NÃO INFORMADO,0,1,0,0,0,AUTOMÓVEL=1,OSASCO,REG. METROPOLITANA SÃO PAULO,SÃO PAULO,ESTADUAL
2020-06-20,13:05:00,L06-INTERVIAS,SP330,176.8,NORTE,-22.2935009,-47.39271927,TOMBAMENTO,TOMBAMENTO,ESTOURO/FURO DE PNEU,0,1,0,0,0,MOTO=1,ARARAS,CAMPINAS,RIO CLARO,ESTADUAL
2020-06-20,14:58:00,L01-AUTOBAN,SP330,129.76,SUL,-22.690256756384,-47.310698381461,CAPOTAMENTO,CAPOTAMENTO,NÃO INFORMADO,0,1,0,0,0,AUTOMÓVEL=1,AMERICANA,CAMPINAS,RIO CLARO,ESTADUAL
2020-06-20,16:11:00,L01-AUTOBAN,SP330,29.0,SUL,-23.409410946036,-46.820742487907,TOMBAMENTO,TOMBAMENTO,NÃO INFORMADO,0,1,0,0,0,MOTO=1,SÃO PAULO,REG. METROPOLITANA SÃO PAULO,SÃO PAULO,ESTADUAL
2020-06-20,16:16:00,L01-AUTOBAN,SP330,38.0,NORTE,-23.344925355634,-46.840928792954,TOMBAMENTO,TOMBAMENTO-MOTO,NÃO INFORMADO,0,1,0,0,0,MOTO=1,CAJAMAR,REG. METROPOLITANA SÃO PAULO,SÃO PAULO,ESTADUAL
2020-06-20,17:42:00,L01-AUTOBAN,SP330,53.3,NORTE,-23.228355798815,-46.874325670978,CHOQUE,CHOQUE-BARREIRA DE CONCRETO,NÃO INFORMADO,0,0,0,0,0,AUTOMÓVEL=1,JUNDIAÍ,CAMPINAS,CAMPINAS,ESTADUAL
2020-06-20,20:58:00,L06-INTERVIAS,SP330,171.1,NORTE,-22.34416008,-47.39305878,COLISÃO,COLISÃO-TRASEIRA,ANIMAL NA RODOVIA,1,1,0,0,0,AUTOMÓVEL=1|CAMINHÃO=1,ARARAS,CAMPINAS,RIO CLARO,ESTADUAL
2020-06-20,21:21:00,L01-AUTOBAN,SPM330D,23.7,NORTE,-23.437485468567,-46.786465465568,ATROPELAMENTO DE PEDESTRE,ATROP. PEDESTRE-MORADOR/TRABALHADOR/ESTUDANTE,NÃO INFORMADO,0,0,0,0,1,AUTOMÓVEL=1|NÃO SE APLICA=1,SÃO PAULO,REG. METROPOLITANA SÃO PAULO,SÃO PAULO,ESTADUAL
2020-06-20,22:48:00,L01-AUTOBAN,SP330,62.9,SUL,-23.161672495883,-46.931389518727,CHOQUE,CHOQUE-DEFENSA METÁLICA,NÃO INFORMADO,0,0,0,0,0,AUTOMÓVEL=1,JUNDIAÍ,CAMPINAS,CAMPINAS,ESTADUAL
2020-06-21,00:30:00,L06-INTERVIAS,SP330,196.8,SUL,-22.11560059,-47.41175842,CHOQUE,CHOQUE-ELEMENTO DE DRENAGEM,NÃO INFORMADO,2,0,0,0,0,AUTOMÓVEL=1,SANTA CRUZ DA CONCEIÇÃO,CAMPINAS,RIO CLARO,ESTADUAL
2020-06-21,02:58:00,L01-AUTOBAN,SP330,84.5,SUL,-22.993873920905,-47.036064863205,CHOQUE,CHOQUE-BARREIRA DE CONCRETO,NÃO INFORMADO,0,0,0,0,0,AUTOMÓVEL=1,VALINHOS,CAMPINAS,CAMPINAS,ESTADUAL
2020-06-21,07:47:00,L29-VIAPAULISTA,SP330,254.15,NORTE,-21.64780235,-47.6106987,CHOQUE,"CHOQUE - DEFENSA, BARREIRA OU ""SUBMARINO""",ESTOURO/FURO DE PNEU,1,0,0,0,0,CAMINHONETE=1,SANTA RITA DO PASSA QUATRO,CENTRAL,RIBEIRÃO PRETO,ESTADUAL
2020-06-21,07:49:00,L01-AUTOBAN,SP330,15.6,NORTE,-23.496395968213,-46.757089378081,COLISÃO,COLISÃO-TRASEIRA,NÃO INFORMADO,0,0,1,0,1,MOTO=1|VAN/PERUA=1,SÃO PAULO,REG. METROPOLITANA SÃO PAULO,SÃO PAULO,ESTADUAL
2020-06-21,09:45:00,L01-AUTOBAN,SP330,41.5,NORTE,-23.320203111845,-46.850107312203,CHOQUE,CHOQUE-BARREIRA DE CONCRETO,NÃO INFORMADO,0,0,1,0,0,MOTO=1,CAJAMAR,REG. METROPOLITANA SÃO PAULO,SÃO PAULO,ESTADUAL
2020-06-21,13:58:00,L01-AUTOBAN,SP330,19.4,SUL,-23.471789641204,-46.775200722144,TOMBAMENTO,TOMBAMENTO,NÃO INFORMADO,0,1,0,0,0,MOTO=1,OSASCO,REG. METROPOLITANA SÃO PAULO,SÃO PAULO,ESTADUAL
2020-06-21,15:12:00,L01-AUTOBAN,SP330,131.0,NORTE,-22.678965513198,-47.310690879822,COLISÃO,COLISÃO-TRASEIRA,NÃO INFORMADO,0,1,1,0,0,MOTO=1|NÃO INFORMADO=1,LIMEIRA,CAMPINAS,RIO CLARO,ESTADUAL
2020-06-21,18:14:00,L01-AUTOBAN,SP330,81.86,NORTE,-23.014208900249,-47.022082296016,ATROPELAMENTO DE PEDESTRE,ATROP. PEDESTRE-ANDARILHO,NÃO INFORMADO,0,2,1,0,0,MOTO=1|NÃO SE APLICA=1,VALINHOS,CAMPINAS,CAMPINAS,ESTADUAL
2020-06-21,18:21:00,L01-AUTOBAN,SP330,117.8,NORTE,-22.770062974446,-47.239606994681,COLISÃO,COLISÃO-TRASEIRA,NÃO INFORMADO,0,0,0,0,0,AUTOMÓVEL=1|NÃO INFORMADO=1,NOVA ODESSA,CAMPINAS,RIO CLARO,ESTADUAL
2020-06-21,20:49:00,L01-AUTOBAN,SP330,17.75,NORTE,-23.484394468927,-46.769898533821,COLISÃO,COLISÃO-LATERAL,NÃO INFORMADO,0,2,0,0,0,AUTOMÓVEL=1|MOTO=1,OSASCO,REG. METROPOLITANA SÃO PAULO,SÃO PAULO,ESTADUAL
2020-06-21,21:43:00,L06-INTERVIAS,SP330,236.3,NORTE,-21.7828598,-47.5292511,COLISÃO,COLISÃO-TRASEIRA,NÃO INFORMADO,2,0,0,0,0,CAMINHÃO=2,SANTA RITA DO PASSA QUATRO,CENTRAL,RIBEIRÃO PRETO,ESTADUAL
2020-06-21,22:03:00,L01-AUTOBAN,SPM330E,18.1,SUL,-23.481342527202,-46.771320105151,CAPOTAMENTO,CAPOTAMENTO,NÃO INFORMADO,0,1,0,0,0,AUTOMÓVEL=2,OSASCO,REG. METROPOLITANA SÃO PAULO,SÃO PAULO,ESTADUAL
2020-06-22,01:49:00,L01-AUTOBAN,SP330,49.0,NORTE,-23.265565500047,-46.867493391037,ATROPELAMENTO DE ANIMAL,ATROP. ANIMAL,NÃO INFORMADO,0,0,0,0,0,AUTOMÓVEL=1,JUNDIAÍ,CAMPINAS,CAMPINAS,ESTADUAL
2020-06-22,04:44:00,L01-AUTOBAN,SP330,142.0,NORTE,-22.596539175176,-47.365295290947,COLISÃO,COLISÃO-TRASEIRA,NÃO INFORMADO,0,0,0,0,0,AUTOMÓVEL=1|CARRETA=1,LIMEIRA,CAMPINAS,RIO CLARO,ESTADUAL
2020-06-22,06:22:00,L29-VIAPAULISTA,SP330,298.6,SUL,-21.28572083,-47.74930954,CHOQUE,"CHOQUE - DEFENSA, BARREIRA OU ""SUBMARINO""",ESTOURO/FURO DE PNEU,1,0,0,0,0,CAMINHÃO=1,CRAVINHOS,RIBEIRÃO PRETO,RIBEIRÃO PRETO,ESTADUAL
2020-06-22,06:46:00,L01-AUTOBAN,SPM330E,103.3,SUL,-22.860890302738,-47.14224277687,COLISÃO,COLISÃO-LATERAL,NÃO INFORMADO,0,0,0,0,0,AUTOMÓVEL=1|MOTO=1,CAMPINAS,CAMPINAS,CAMPINAS,ESTADUAL
2020-06-22,09:09:00,L01-AUTOBAN,SP330,34.5,SUL,-23.372581759269,-46.842763116051,COLISÃO,COLISÃO-TRASEIRA,NÃO INFORMADO,0,0,0,0,0,CAMINHÃO=1|CARRETA=1,CAJAMAR,REG. METROPOLITANA SÃO PAULO,SÃO PAULO,ESTADUAL
2020-06-22,10:23:00,L06-INTERVIAS,SP330,182.3,NORTE,-22.24410057,-47.39028168,COLISÃO,COLISÃO-TRANSVERSAL,PANE MECÂNICA/ELÉTRICA,1,2,0,0,0,AUTOMÓVEL=1|CAMINHÃO=1,LEME,CAMPINAS,RIO CLARO,ESTADUAL
2020-06-22,12:11:00,L06-INTERVIAS,SP330,161.0,NORTE,-22.43379974,-47.39509964,OBJETO LANÇADO CONTRA O VEÍCULO,OBJETO LANÇADO CONTRA VEÍCULO,DERRAMAMENTO DE CARGA,1,0,0,0,0,AUTOMÓVEL=1,ARARAS,CAMPINAS,RIO CLARO,ESTADUAL
2020-06-22,16:53:00,L01-AUTOBAN,SP330,114.9,NORTE,-22.793050168705,-47.225655204629,CHOQUE,CHOQUE-BARREIRA DE CONCRETO,NÃO INFORMADO,0,1,0,0,0,AUTOMÓVEL=1,SUMARÉ,CAMPINAS,CAMPINAS,ESTADUAL
2020-06-22,18:44:00,L01-AUTOBAN,SP330,90.6,NORTE,-22.946108962289,-47.064711248176,COLISÃO,COLISÃO-TRASEIRA,NÃO INFORMADO,0,1,0,0,0,MOTO=1|NÃO INFORMADO=1,CAMPINAS,CAMPINAS,CAMPINAS,ESTADUAL
2020-06-22,21:39:00,L01-AUTOBAN,SP330,156.0,NORTE,-22.478562138132,-47.399026751518,COLISÃO,COLISÃO-TRASEIRA,NÃO INFORMADO,2,0,0,0,0,AUTOMÓVEL=1|CARRETA=1,CORDEIRÓPOLIS,CAMPINAS,RIO CLARO,ESTADUAL
2020-06-23,02:14:00,L01-AUTOBAN,SP330,24.0,SUL,-23.434825279713,-46.786420941353,COLISÃO,COLISÃO-TRASEIRA,NÃO INFORMADO,0,0,0,0,0,NÃO INFORMADO=1|UTILITÁRIO=1,SÃO PAULO,REG. METROPOLITANA SÃO PAULO,SÃO PAULO,ESTADUAL
2020-06-23,04:47:00,L06-INTERVIAS,SP330,193.8,SUL,-22.14196014,-47.40587997,CHOQUE,CHOQUE-ELEMENTO DE DRENAGEM,IMPRUD. CONDUTOR,1,0,0,0,0,CAMINHÃO=1,LEME,CAMPINAS,RIO CLARO,ESTADUAL
2020-06-23,05:12:00,L01-AUTOBAN,SP330,132.8,NORTE,-22.664401839742,-47.317580196637,COLISÃO,COLISÃO-TRASEIRA,NÃO INFORMADO,1,0,0,0,0,CAMINHÃO=1|NÃO INFORMADO=1,LIMEIRA,CAMPINAS,RIO CLARO,ESTADUAL
2020-06-23,06:29:00,L01-AUTOBAN,SPM330E,89.6,SUL,-22.954211434111,-47.060366742871,CHOQUE,CHOQUE-DEFENSA METÁLICA,NÃO INFORMADO,0,1,0,0,0,AUTOMÓVEL=1,CAMPINAS,CAMPINAS,CAMPINAS,ESTADUAL
2020-06-23,07:39:00,L29-VIAPAULISTA,SP330,312.7,SUL,-21.15981865,-47.75641632,COLISÃO,COLISÃO-TRASEIRA,IMPRUD. CONDUTOR-FREADA BRUSCA,2,0,0,0,0,AUTOMÓVEL=1|CAMINHONETE=1,RIBEIRÃO PRETO,RIBEIRÃO PRETO,RIBEIRÃO PRETO,ESTADUAL
2020-06-23,11:05:00,L29-VIAPAULISTA,SP330,253.5,SUL,-21.65334702,-47.6099472,COLISÃO,COLISÃO-TRASEIRA,IMPRUD. CONDUTOR-FREADA BRUSCA,1,0,0,0,0,CAMINHÃO=1|NÃO INFORMADO=1,SANTA RITA DO PASSA QUATRO,CENTRAL,RIBEIRÃO PRETO,ESTADUAL
2020-06-23,13:23:00,L01-AUTOBAN,SPM330E,113.0,SUL,-22.807279181437,-47.216427326202,COLISÃO,COLISÃO-LATERAL,NÃO INFORMADO,0,0,0,0,0,CARRETA=1|ÔNIBUS=1,SUMARÉ,CAMPINAS,CAMPINAS,ESTADUAL
2020-06-23,13:56:00,L01-AUTOBAN,SPM330E,86.0,SUL,-22.982950250049,-47.04378426075,COLISÃO,COLISÃO-LATERAL,NÃO INFORMADO,0,1,0,0,0,AUTOMÓVEL=1|MOTO=1,VALINHOS,CAMPINAS,CAMPINAS,ESTADUAL
2020-06-23,14:01:00,L01-AUTOBAN,SP330,42.3,NORTE,-23.315075358739,-46.854444977585,CHOQUE,CHOQUE-VEÍCULO PARADO NA PISTA,NÃO INFORMADO,0,0,0,0,0,CARRETA=1|ÔNIBUS=1,CAJAMAR,REG. METROPOLITANA SÃO PAULO,SÃO PAULO,ESTADUAL
2020-06-23,18:55:00,L01-AUTOBAN,SPM330D,50.52,NORTE,-23.252207947607,-46.86659511027,CHOQUE,CHOQUE-DEFENSA METÁLICA,NÃO INFORMADO,0,0,0,0,0,CARRETA=1,JUNDIAÍ,CAMPINAS,CAMPINAS,ESTADUAL
2020-06-23,19:31:00,L29-VIAPAULISTA,SP330,270.2,SUL,-21.50745773,-47.64233017,CAPOTAMENTO,CAPOTAMENTO,IMPRUD. CONDUTOR-PERDA DE CONTROLE,1,0,0,0,0,AUTOMÓVEL=1,SÃO SIMÃO,RIBEIRÃO PRETO,RIBEIRÃO PRETO,ESTADUAL
2020-06-23,20:01:00,L01-AUTOBAN,SP330,122.8,NORTE,-22.739357855923,-47.274933919633,COLISÃO,COLISÃO-TRASEIRA,NÃO INFORMADO,0,1,0,0,0,CAMINHÃO=1|CARRETA=1|VAN/PERUA=1,AMERICANA,CAMPINAS,RIO CLARO,ESTADUAL
2020-06-23,20:24:00,L01-AUTOBAN,SP330,122.5,NORTE,-22.743329225846,-47.268665893888,COLISÃO,COLISÃO-LATERAL,NÃO INFORMADO,0,0,0,0,0,AUTOMÓVEL=2|CAMINHÃO=1,AMERICANA,CAMPINAS,RIO CLARO,ESTADUAL
2020-06-24,14:00:00,L06-INTERVIAS,SP330,165.1,NORTE,-22.39710045,-47.39007187,COLISÃO,COLISÃO-LATERAL,IMPRUD. CONDUTOR,3,0,0,0,0,CAMINHONETE=1|CAMINHÃO=1,ARARAS,CAMPINAS,RIO CLARO,ESTADUAL
2020-06-24,14:04:00,L01-AUTOBAN,SP330,20.35,NORTE,-23.46606318896,-46.779759408009,COLISÃO,COLISÃO-TRASEIRA,NÃO INFORMADO,1,0,0,1,0,AUTOMÓVEL=1|CARRETA=1,OSASCO,REG. METROPOLITANA SÃO PAULO,SÃO PAULO,ESTADUAL
2020-06-24,14:18:00,L01-AUTOBAN,SP330,61.6,NORTE,-23.171288150041,-46.923250066648,TOMBAMENTO,TOMBAMENTO-MOTO,NÃO INFORMADO,0,1,0,0,0,MOTO=1,JUNDIAÍ,CAMPINAS,CAMPINAS,ESTADUAL
2020-06-24,16:03:00,L01-AUTOBAN,SP330,109.0,NORTE,-22.827374159413,-47.183876037598,TOMBAMENTO,TOMBAMENTO-MOTO,NÃO INFORMADO,0,1,0,0,0,MOTO=1,SUMARÉ,CAMPINAS,CAMPINAS,ESTADUAL
2020-06-24,18:11:00,L01-AUTOBAN,SP330,97.86,SUL,-22.897383906154,-47.110517301071,ENGAVETAMENTO,ENGAVETAMENTO,NÃO INFORMADO,0,1,0,0,0,AUTOMÓVEL=3|NÃO INFORMADO=1,CAMPINAS,CAMPINAS,CAMPINAS,ESTADUAL
2020-06-25,05:45:00,L28-ENTREVIAS,SP330,386.0,NORTE,-20.5366542031,-47.8496802805,CHOQUE,CHOQUE-OBJETO NA PISTA,OBJETO NA PISTA,1,0,0,0,0,AUTOMÓVEL=1,SÃO JOAQUIM DA BARRA,FRANCA,RIBEIRÃO PRETO,ESTADUAL
2020-06-25,06:44:00,L01-AUTOBAN,SPM330E,103.0,SUL,-22.862525,-47.139454,ENGAVETAMENTO,ENGAVETAMENTO,NÃO INFORMADO,0,0,0,0,0,AUTOMÓVEL=3,CAMPINAS,CAMPINAS,CAMPINAS,ESTADUAL
2020-06-25,09:00:00,L29-VIAPAULISTA,SP330,272.4,NORTE,-21.48666382,-47.64090729,CHOQUE,CHOQUE-OBJETO NA PISTA,OBJETO NA PISTA,2,0,0,0,0,AUTOMÓVEL=1|CAMINHÃO=1,SÃO SIMÃO,RIBEIRÃO PRETO,RIBEIRÃO PRETO,ESTADUAL
2020-06-25,12:49:00,L29-VIAPAULISTA,SP330,307.2,SUL,-21.20929718,-47.75855637,TOMBAMENTO,TOMBAMENTO,ÓLEO NA PISTA,1,1,0,0,0,MOTO=1,RIBEIRÃO PRETO,RIBEIRÃO PRETO,RIBEIRÃO PRETO,ESTADUAL
2020-06-25,13:19:00,L01-AUTOBAN,SP330,117.8,NORTE,-22.770062974446,-47.239606994681,CHOQUE,CHOQUE-PRAÇA MANUAL-(ENTRE VEÍCULOS),NÃO INFORMADO,0,0,0,0,0,UTILITÁRIO=2,NOVA ODESSA,CAMPINAS,RIO CLARO,ESTADUAL
2020-06-25,13:23:00,L29-VIAPAULISTA,SP330,241.45,SUL,-21.75540924,-47.56478882,COLISÃO,COLISÃO-TRASEIRA,IMPRUD. CONDUTOR-PERDA DE CONTROLE,1,1,0,0,0,CAMINHÃO=2,SANTA RITA DO PASSA QUATRO,CENTRAL,RIBEIRÃO PRETO,ESTADUAL
2020-06-25,14:55:00,L29-VIAPAULISTA,SP330,241.4,NORTE,-21.75331497,-47.56716537,COLISÃO,COLISÃO-TRASEIRA,IMPRUD. CONDUTOR,1,1,0,0,0,AUTOMÓVEL=1|MOTO=1,SANTA RITA DO PASSA QUATRO,CENTRAL,RIBEIRÃO PRETO,ESTADUAL
2020-06-25,15:19:00,L01-AUTOBAN,SP330,64.3,NORTE,-23.150570455088,-46.936705123753,ENGAVETAMENTO,ENGAVETAMENTO,NÃO INFORMADO,1,1,0,0,0,CARRETA=1|UTILITÁRIO=1|VAN/PERUA=1,JUNDIAÍ,CAMPINAS,CAMPINAS,ESTADUAL
2020-06-25,18:26:00,L01-AUTOBAN,SPM330D,99.0,NORTE,-22.887730245676,-47.113253474236,COLISÃO,COLISÃO-LATERAL,NÃO INFORMADO,0,2,0,0,0,MOTO=1|NÃO INFORMADO=1,CAMPINAS,CAMPINAS,CAMPINAS,ESTADUAL
2020-06-25,22:39:00,L29-VIAPAULISTA,SPA241/330,11.2,LESTE,-21.713478,-47.468009,CHOQUE,CHOQUE-ELEMENTO DE DRENAGEM,IMPRUD. CONDUTOR-PERDA DE CONTROLE,0,1,0,0,0,AUTOMÓVEL=1,SANTA RITA DO PASSA QUATRO,CENTRAL,RIBEIRÃO PRETO,ESTADUAL
2020-06-26,02:12:00,L28-ENTREVIAS,SP330,387.0,SUL,-20.5291927672,-47.8443217961,COLISÃO,COLISÃO-TRASEIRA,IMPRUD. CONDUTOR-FALTA DE ATENÇÃO,1,0,0,0,0,CAMINHÃO=2,SÃO JOAQUIM DA BARRA,FRANCA,RIBEIRÃO PRETO,ESTADUAL
2020-06-26,03:19:00,L01-AUTOBAN,SP330,43.0,SUL,-23.310350420577,-46.857408285141,CHOQUE,CHOQUE-BARREIRA DE CONCRETO,NÃO INFORMADO,0,0,0,0,0,UTILITÁRIO=1,CAJAMAR,REG. METROPOLITANA SÃO PAULO,SÃO PAULO,ESTADUAL
2020-06-26,05:45:00,L01-AUTOBAN,SP330,41.32,SUL,-23.321536926155,-46.849095581129,TOMBAMENTO,TOMBAMENTO,NÃO INFORMADO,0,1,0,0,0,AUTOMÓVEL=1,CAJAMAR,REG. METROPOLITANA SÃO PAULO,SÃO PAULO,ESTADUAL
2020-06-26,06:27:00,L01-AUTOBAN,SP330,41.4,SUL,-23.32104153879,-46.849576243985,COLISÃO,COLISÃO-TRASEIRA,NÃO INFORMADO,0,0,0,0,0,AUTOMÓVEL=1,CAJAMAR,REG. METROPOLITANA SÃO PAULO,SÃO PAULO,ESTADUAL
2020-06-26,07:10:00,L01-AUTOBAN,SP330,78.2,SUL,-23.043715624069,-47.005689185761,COLISÃO,COLISÃO-LATERAL,NÃO INFORMADO,0,1,0,0,0,CAMINHÃO=1|MOTO=1,VINHEDO,CAMPINAS,CAMPINAS,ESTADUAL
2020-06-26,07:48:00,L01-AUTOBAN,SP330,98.0,SUL,-22.896245165998,-47.110952138901,CHOQUE,CHOQUE-ELEMENTO DE DRENAGEM,NÃO INFORMADO,0,0,0,0,0,AUTOMÓVEL=1,CAMPINAS,CAMPINAS,CAMPINAS,ESTADUAL
2020-06-26,10:34:00,L06-INTERVIAS,SP330,232.0,NORTE,-21.80990028,-47.49990082,CAPOTAMENTO,CAPOTAMENTO,IMPRUD. CONDUTOR-PERDA DE CONTROLE,1,1,0,0,0,CAMINHONETE=1,PORTO FERREIRA,CENTRAL,RIO CLARO,ESTADUAL
2020-06-26,13:06:00,L29-VIAPAULISTA,SP330,296.2,NORTE,-21.304142,-47.74048996,CHOQUE,"CHOQUE - DEFENSA, BARREIRA OU ""SUBMARINO""",IMPRUD. CONDUTOR-PERDA DE CONTROLE,1,0,0,0,0,AUTOMÓVEL=1,CRAVINHOS,RIBEIRÃO PRETO,RIBEIRÃO PRETO,ESTADUAL
2020-06-26,17:36:00,L01-AUTOBAN,SP330,82.8,SUL,-23.007061224155,-47.027105226798,COLISÃO,COLISÃO-TRASEIRA,NÃO INFORMADO,0,0,0,0,0,AUTOMÓVEL=1|NÃO INFORMADO=1,VALINHOS,CAMPINAS,CAMPINAS,ESTADUAL
2020-06-26,18:51:00,L01-AUTOBAN,SPM330E,101.4,SUL,-22.871795658708,-47.127898112384,CHOQUE,CHOQUE-BARREIRA DE CONCRETO,NÃO INFORMADO,0,0,1,0,0,AUTOMÓVEL=1,CAMPINAS,CAMPINAS,CAMPINAS,ESTADUAL
2020-06-26,19:36:00,L28-ENTREVIAS,SPA327/330,4.0,LESTE,-21.0326035601,-47.7875586789,ENGAVETAMENTO,ENGAVETAMENTO,IMPRUD. CONDUTOR-FALTA DE ATENÇÃO,3,0,0,0,0,AUTOMÓVEL=3,JARDINÓPOLIS,RIBEIRÃO PRETO,RIBEIRÃO PRETO,ESTADUAL
2020-06-26,19:55:00,L01-AUTOBAN,SP330,98.0,SUL,-22.896245165998,-47.110952138901,CHOQUE,CHOQUE-BARREIRA DE CONCRETO,NÃO INFORMADO,0,0,0,0,0,AUTOMÓVEL=1,CAMPINAS,CAMPINAS,CAMPINAS,ESTADUAL
2020-06-26,21:02:00,L01-AUTOBAN,SPM330E,98.0,SUL,-22.896245165998,-47.110952138901,CHOQUE,CHOQUE-BARREIRA DE CONCRETO,NÃO INFORMADO,0,0,0,0,0,AUTOMÓVEL=1,CAMPINAS,CAMPINAS,CAMPINAS,ESTADUAL
2020-06-26,21:54:00,L01-AUTOBAN,SP330,58.0,SUL,-23.19706558464,-46.903826594353,COLISÃO,COLISÃO-LATERAL,NÃO INFORMADO,0,0,0,0,0,AUTOMÓVEL=1|NÃO INFORMADO=1,JUNDIAÍ,CAMPINAS,CAMPINAS,ESTADUAL
2020-06-26,22:36:00,L01-AUTOBAN,SPM330E,95.0,SUL,-22.919909191683,-47.094150781631,TOMBAMENTO,TOMBAMENTO-MOTO,NÃO INFORMADO,0,1,0,0,0,MOTO=1,CAMPINAS,CAMPINAS,CAMPINAS,ESTADUAL
2020-06-26,22:42:00,L01-AUTOBAN,SPM330E,98.5,SUL,-22.892108786456,-47.112220823765,CHOQUE,CHOQUE-BARREIRA DE CONCRETO,NÃO INFORMADO,0,1,0,0,0,AUTOMÓVEL=1,CAMPINAS,CAMPINAS,CAMPINAS,ESTADUAL
2020-06-26,23:17:00,L01-AUTOBAN,SP330,63.16,SUL,-23.15971969827,-46.932517432597,CHOQUE,CHOQUE-BARREIRA DE CONCRETO,NÃO INFORMADO,0,1,0,1,1,AUTOMÓVEL=1|CAMINHÃO=1,JUNDIAÍ,CAMPINAS,CAMPINAS,ESTADUAL
2020-06-27,06:13:00,L01-AUTOBAN,SP330,19.8,SUL,-23.469866686579,-46.777777786108,CHOQUE,CHOQUE-BARREIRA DE CONCRETO,NÃO INFORMADO,0,1,0,0,0,AUTOMÓVEL=1,OSASCO,REG. METROPOLITANA SÃO PAULO,SÃO PAULO,ESTADUAL
2020-06-27,06:25:00,L01-AUTOBAN,SP330,32.0,SUL,-23.392872,-46.835561,CHOQUE,CHOQUE-TALUDE OU BARRANCO,NÃO INFORMADO,1,0,0,0,0,VAN/PERUA=1,CAJAMAR,REG. METROPOLITANA SÃO PAULO,SÃO PAULO,ESTADUAL
2020-06-27,07:55:00,L29-VIAPAULISTA,SP330,307.5,NORTE,-21.20587158,-47.75823975,TOMBAMENTO,TOMBAMENTO,ÓLEO NA PISTA,1,1,0,0,0,AUTOMÓVEL=1|MOTO=1,RIBEIRÃO PRETO,RIBEIRÃO PRETO,RIBEIRÃO PRETO,ESTADUAL
2020-06-27,11:34:00,L29-VIAPAULISTA,SPA307/330,0.5,OESTE,-21.20537186,-47.75880051,CHOQUE,CHOQUE-POSTE,MAL SÚBITO DO CONDUTOR,0,1,0,0,0,AUTOMÓVEL=1,RIBEIRÃO PRETO,RIBEIRÃO PRETO,RIBEIRÃO PRETO,ESTADUAL
2020-06-27,11:49:00,L01-AUTOBAN,SP330,135.85,SUL,-22.639575949585,-47.329649271881,CHOQUE,CHOQUE-DEFENSA METÁLICA,NÃO INFORMADO,0,1,0,0,0,AUTOMÓVEL=1,LIMEIRA,CAMPINAS,RIO CLARO,ESTADUAL
2020-06-27,13:03:00,L29-VIAPAULISTA,SP330,247.3,SUL,-21.70723534,-47.59376907,ENGAVETAMENTO,ENGAVETAMENTO,IMPRUD. CONDUTOR-PERDA DE CONTROLE,1,1,0,1,0,CAMINHONETE=1|CAMINHÃO=2,SANTA RITA DO PASSA QUATRO,CENTRAL,RIBEIRÃO PRETO,ESTADUAL
2020-06-27,14:10:00,L01-AUTOBAN,SP330,41.0,SUL,-23.32351843,-46.84717298,CHOQUE,CHOQUE-VEÍCULO PARADO NA PISTA,NÃO INFORMADO,0,0,1,0,0,AUTOMÓVEL=3,CAJAMAR,REG. METROPOLITANA SÃO PAULO,SÃO PAULO,ESTADUAL
2020-06-27,14:18:00,L01-AUTOBAN,SP330,19.9,NORTE,-23.469421374318,-46.778248248101,CHOQUE,CHOQUE-TALUDE OU BARRANCO,NÃO INFORMADO,0,0,0,0,0,AUTOMÓVEL=1,OSASCO,REG. METROPOLITANA SÃO PAULO,SÃO PAULO,ESTADUAL
2020-06-27,14:19:00,L01-AUTOBAN,SPM330E,92.0,SUL,-22.935126302733,-47.071105241776,CHOQUE,CHOQUE-ELEMENTO DE DRENAGEM,NÃO INFORMADO,0,0,0,0,0,AUTOMÓVEL=1,CAMPINAS,CAMPINAS,CAMPINAS,ESTADUAL
2020-06-27,14:32:00,L01-AUTOBAN,SP330,20.2,SUL,-23.467322668962,-46.779542686372,CHOQUE,CHOQUE-BARREIRA DE CONCRETO,NÃO INFORMADO,0,0,0,0,0,AUTOMÓVEL=1,OSASCO,REG. METROPOLITANA SÃO PAULO,SÃO PAULO,ESTADUAL
2020-06-27,14:37:00,L01-AUTOBAN,SPM330E,92.5,SUL,-22.932495651367,-47.075100620888,CHOQUE,CHOQUE-BARREIRA DE CONCRETO,NÃO INFORMADO,0,0,0,0,0,AUTOMÓVEL=1,CAMPINAS,CAMPINAS,CAMPINAS,ESTADUAL
2020-06-27,15:06:00,L01-AUTOBAN,SP330,19.9,NORTE,-23.469421374318,-46.778248248101,CHOQUE,CHOQUE-BARREIRA DE CONCRETO,NÃO INFORMADO,0,0,0,0,0,AUTOMÓVEL=1|CAMINHÃO=1,OSASCO,REG. METROPOLITANA SÃO PAULO,SÃO PAULO,ESTADUAL
2020-06-27,19:31:00,L01-AUTOBAN,SPM330E,14.8,SUL,-23.501370601222,-46.75376343816,COLISÃO,COLISÃO-TRASEIRA,NÃO INFORMADO,0,0,0,0,0,AUTOMÓVEL=2,SÃO PAULO,REG. METROPOLITANA SÃO PAULO,SÃO PAULO,ESTADUAL
2020-06-27,21:04:00,L01-AUTOBAN,SPM330E,110.2,SUL,-22.822018426517,-47.194350572036,CHOQUE,CHOQUE-SINALIZAÇÃO,NÃO INFORMADO,0,0,0,0,0,AUTOMÓVEL=1,SUMARÉ,CAMPINAS,CAMPINAS,ESTADUAL
2020-06-27,22:32:00,L01-AUTOBAN,SP330,104.3,SUL,-22.855579719471,-47.151160622325,COLISÃO,COLISÃO-TRASEIRA,NÃO INFORMADO,0,2,0,0,0,AUTOMÓVEL=1|MOTO=1,CAMPINAS,CAMPINAS,CAMPINAS,ESTADUAL
2020-06-28,00:39:00,L29-VIAPAULISTA,SP330,307.0,SUL,-21.21128464,-47.75865936,CHOQUE,"CHOQUE - DEFENSA, BARREIRA OU ""SUBMARINO""",IMPRUD. CONDUTOR-LEVOU FECHADA,1,0,0,0,0,AUTOMÓVEL=1|NÃO INFORMADO=1,RIBEIRÃO PRETO,RIBEIRÃO PRETO,RIBEIRÃO PRETO,ESTADUAL
2020-06-28,11:51:00,L01-AUTOBAN,SP330,82.7,NORTE,-23.007742175033,-47.026341303499,CHOQUE,CHOQUE-BARREIRA DE CONCRETO,NÃO INFORMADO,0,1,0,0,0,AUTOMÓVEL=1,VALINHOS,CAMPINAS,CAMPINAS,ESTADUAL
2020-06-28,20:57:00,L01-AUTOBAN,SP330,145.2,NORTE,-22.569095579611,-47.365965610303,ATROPELAMENTO DE PEDESTRE,ATROP. PEDESTRE-MORADOR/TRABALHADOR/ESTUDANTE,NÃO INFORMADO,1,0,0,0,1,NÃO SE APLICA=1|ÔNIBUS=1,LIMEIRA,CAMPINAS,RIO CLARO,ESTADUAL
2020-06-28,21:13:00,L01-AUTOBAN,SPM330E,119.7,SUL,-22.758930303419,-47.252639273011,CHOQUE,CHOQUE-BARREIRA DE CONCRETO,NÃO INFORMADO,1,1,0,0,0,AUTOMÓVEL=1,AMERICANA,CAMPINAS,RIO CLARO,ESTADUAL
2020-06-29,04:08:00,L01-AUTOBAN,SP330,103.5,NORTE,-22.859501054404,-47.143938539795,CHOQUE,CHOQUE-DEFENSA METÁLICA,NÃO INFORMADO,0,0,0,0,0,AUTOMÓVEL=1,CAMPINAS,CAMPINAS,CAMPINAS,ESTADUAL
2020-06-29,07:39:00,L01-AUTOBAN,SP330,32.0,NORTE,-23.39275,-46.835307,COLISÃO,COLISÃO-TRASEIRA,NÃO INFORMADO,0,0,0,0,0,AUTOMÓVEL=2,CAJAMAR,REG. METROPOLITANA SÃO PAULO,SÃO PAULO,ESTADUAL
2020-06-29,10:36:00,L29-VIAPAULISTA,SP330,253.0,SUL,-21.65807724,-47.60916519,CHOQUE,CHOQUE-CANCELA DE PEDÁGIO-AVI,FALHA DE EQUIP. PEDÁGIO-PISTA AVI,0,0,0,0,0,CAMINHÃO=1,SANTA RITA DO PASSA QUATRO,CENTRAL,RIBEIRÃO PRETO,ESTADUAL
2020-06-29,11:39:00,L01-AUTOBAN,SPM330D,110.7,NORTE,-22.8191970836,-47.198958070649,TOMBAMENTO,TOMBAMENTO-MOTO,NÃO INFORMADO,0,1,0,0,0,MOTO=1,SUMARÉ,CAMPINAS,CAMPINAS,ESTADUAL
2020-06-29,14:28:00,L06-INTERVIAS,SP330,219.1,SUL,-21.92243004,-47.47179031,COLISÃO,COLISÃO-TRASEIRA,IMPRUD. CONDUTOR-DORMIR AO VOLANTE,2,0,0,0,0,CAMINHONETE=1|CAMINHÃO=1,PIRASSUNUNGA,CAMPINAS,RIO CLARO,ESTADUAL
2020-06-29,15:29:00,L06-INTERVIAS,SP330,195.1,SUL,-22.1317997,-47.4095993,COLISÃO,COLISÃO-LATERAL,IMPRUD. CONDUTOR,2,0,0,0,0,CAMINHÃO=2,LEME,CAMPINAS,RIO CLARO,ESTADUAL
2020-06-29,15:46:00,L29-VIAPAULISTA,SP330,265.7,SUL,-21.5470047,-47.63916016,COLISÃO,COLISÃO-TRASEIRA,IMPRUD. CONDUTOR,1,1,0,0,0,CAMINHONETE=1|CAMINHÃO=1,SÃO SIMÃO,RIBEIRÃO PRETO,RIBEIRÃO PRETO,ESTADUAL
2020-06-29,19:04:00,L01-AUTOBAN,SPM330E,103.4,SUL,-22.862307037594,-47.139825841644,TOMBAMENTO,TOMBAMENTO,NÃO INFORMADO,0,1,0,0,0,MOTO=1,CAMPINAS,CAMPINAS,CAMPINAS,ESTADUAL
2020-06-29,19:29:00,L01-AUTOBAN,SP330,150.4,NORTE,-22.526705245606,-47.38876336908,COLISÃO,COLISÃO-LATERAL,NÃO INFORMADO,0,0,0,0,0,AUTOMÓVEL=1|NÃO INFORMADO=1,LIMEIRA,CAMPINAS,RIO CLARO,ESTADUAL
2020-06-29,20:00:00,L01-AUTOBAN,SP330,92.0,SUL,-22.935126302733,-47.071105241776,CHOQUE,CHOQUE-BARREIRA DE CONCRETO,NÃO INFORMADO,0,0,0,0,0,AUTOMÓVEL=1,CAMPINAS,CAMPINAS,CAMPINAS,ESTADUAL
2020-06-30,07:11:00,L29-VIAPAULISTA,SP330,243.95,SUL,-21.73580742,-47.58325958,CHOQUE,CHOQUE-OBJETO NA PISTA,OBJETO NA PISTA,1,0,0,0,0,AUTOMÓVEL=1,SANTA RITA DO PASSA QUATRO,CENTRAL,RIBEIRÃO PRETO,ESTADUAL
2020-06-30,08:22:00,L01-AUTOBAN,SPM330E,94.2,SUL,-22.923893473772,-47.088567474048,COLISÃO,COLISÃO-LATERAL,NÃO INFORMADO,0,0,0,0,0,AUTOMÓVEL=1|CAMINHÃO=1,CAMPINAS,CAMPINAS,CAMPINAS,ESTADUAL
2020-06-30,11:08:00,L01-AUTOBAN,SP330,49.3,NORTE,-23.26295150149,-46.867429018184,CHOQUE,CHOQUE-VEÍCULO PARADO NO ACOSTAMENTO,NÃO INFORMADO,0,0,1,0,0,MOTO=1|UTILITÁRIO=1,JUNDIAÍ,CAMPINAS,CAMPINAS,ESTADUAL
2020-06-30,11:08:00,L06-INTERVIAS,SP330,226.9,NORTE,-21.85526085,-47.49430847,CHOQUE,"CHOQUE - DEFENSA, BARREIRA OU ""SUBMARINO""",IMPRUD. CONDUTOR,3,0,0,0,0,AUTOMÓVEL=1|CAMINHÃO=1,PORTO FERREIRA,CENTRAL,RIO CLARO,ESTADUAL
2020-06-30,16:54:00,L01-AUTOBAN,SP330,140.0,SUL,-22.610891090792,-47.356712222099,COLISÃO,COLISÃO-TRANSVERSAL,NÃO INFORMADO,0,0,0,0,0,AUTOMÓVEL=2,LIMEIRA,CAMPINAS,RIO CLARO,ESTADUAL
2020-06-30,16:58:00,L01-AUTOBAN,SP330,38.0,NORTE,-23.344925355634,-46.840928792954,COLISÃO,COLISÃO-LATERAL,NÃO INFORMADO,0,1,0,0,0,AUTOMÓVEL=1|MOTO=1,CAJAMAR,REG. METROPOLITANA SÃO PAULO,SÃO PAULO,ESTADUAL
2020-06-30,18:21:00,L01-AUTOBAN,SP330,53.0,SUL,-23.230945296234,-46.87306702137,COLISÃO,COLISÃO-TRASEIRA,NÃO INFORMADO,0,0,0,0,0,AUTOMÓVEL=2,JUNDIAÍ,CAMPINAS,CAMPINAS,ESTADUAL
2020-06-30,19:45:00,L29-VIAPAULISTA,SP330,307.0,SUL,-21.21128464,-47.75865936,CHOQUE,CHOQUE-ELEMENTO DE DRENAGEM,IMPRUD. CONDUTOR-PERDA DE CONTROLE,1,0,0,0,0,AUTOMÓVEL=1,RIBEIRÃO PRETO,RIBEIRÃO PRETO,RIBEIRÃO PRETO,ESTADUAL
2020-07-01,05:44:00,L01-AUTOBAN,SPM330D,98.5,NORTE,-22.891802389569,-47.112000882626,CHOQUE,CHOQUE-SINALIZAÇÃO,NÃO INFORMADO,0,1,0,0,0,AUTOMÓVEL=1,CAMPINAS,CAMPINAS,CAMPINAS,ESTADUAL
2020-07-01,06:49:00,L01-AUTOBAN,SPM330E,95.4,SUL,-22.916663900385,-47.097045432643,ENGAVETAMENTO,ENGAVETAMENTO,NÃO INFORMADO,0,1,0,0,0,AUTOMÓVEL=2|MOTO=1,CAMPINAS,CAMPINAS,CAMPINAS,ESTADUAL
2020-07-01,07:32:00,L06-INTERVIAS,SP330,166.2,SUL,-22.38793945,-47.39411926,CHOQUE,CHOQUE-OBJETO NA PISTA,OBJETO NA PISTA,1,0,0,0,0,AUTOMÓVEL=1,ARARAS,CAMPINAS,RIO CLARO,ESTADUAL
2020-07-01,07:58:00,L29-VIAPAULISTA,SP330,309.6,SUL,-21.18660545,-47.75736237,COLISÃO,COLISÃO-TRASEIRA,IMPRUD. CONDUTOR,2,0,0,0,0,AUTOMÓVEL=1|CAMINHONETE=1,RIBEIRÃO PRETO,RIBEIRÃO PRETO,RIBEIRÃO PRETO,ESTADUAL
2020-07-01,08:04:00,L01-AUTOBAN,SPM330E,92.8,SUL,-22.93091724449,-47.077497872741,CHOQUE,CHOQUE-TALUDE OU BARRANCO,NÃO INFORMADO,0,0,0,0,0,AUTOMÓVEL=1,CAMPINAS,CAMPINAS,CAMPINAS,ESTADUAL
2020-07-01,08:16:00,L01-AUTOBAN,SPM330E,99.0,SUL,-22.887972406914,-47.113489508629,COLISÃO,COLISÃO-TRASEIRA,NÃO INFORMADO,0,0,0,0,0,AUTOMÓVEL=1|NÃO INFORMADO=1,CAMPINAS,CAMPINAS,CAMPINAS,ESTADUAL
2020-07-01,09:31:00,L01-AUTOBAN,SP330,25.5,NORTE,-23.423316814287,-46.791053063961,CHOQUE,CHOQUE-DEFENSA METÁLICA,NÃO INFORMADO,0,0,0,0,1,MOTO=1,SÃO PAULO,REG. METROPOLITANA SÃO PAULO,SÃO PAULO,ESTADUAL
2020-07-01,14:33:00,L01-AUTOBAN,SP330,92.0,NORTE,-22.935116422047,-47.071389555931,COLISÃO,COLISÃO-LATERAL,NÃO INFORMADO,0,1,0,0,0,MOTO=1|NÃO INFORMADO=1,CAMPINAS,CAMPINAS,CAMPINAS,ESTADUAL
2020-07-01,15:00:00,L01-AUTOBAN,SP330,61.3,NORTE,-23.173291385221,-46.920791023676,CHOQUE,CHOQUE-DEFENSA METÁLICA,NÃO INFORMADO,0,1,0,0,0,AUTOMÓVEL=1,JUNDIAÍ,CAMPINAS,CAMPINAS,ESTADUAL
2020-07-01,15:53:00,L01-AUTOBAN,SP330,11.46,SUL,-23.51053885599,-46.728948396714,COLISÃO,COLISÃO-LATERAL,NÃO INFORMADO,0,0,0,0,0,AUTOMÓVEL=1|NÃO INFORMADO=1,SÃO PAULO,REG. METROPOLITANA SÃO PAULO,SÃO PAULO,ESTADUAL
2020-07-01,16:08:00,L06-INTERVIAS,SP330,215.0,SUL,-21.95859909,-47.45980072,CHOQUE,CHOQUE-CANCELA DE PEDÁGIO,FALHA DE EQUIP. PEDÁGIO-PISTA AVI,1,0,0,0,0,CAMINHONETE=1,PIRASSUNUNGA,CAMPINAS,RIO CLARO,ESTADUAL
2020-07-01,17:22:00,L01-AUTOBAN,SP330,58.0,SUL,-23.19706558464,-46.903826594353,COLISÃO,COLISÃO-TRASEIRA,NÃO INFORMADO,0,1,0,0,0,AUTOMÓVEL=1|MOTO=1,JUNDIAÍ,CAMPINAS,CAMPINAS,ESTADUAL
2020-07-01,17:49:00,L01-AUTOBAN,SP330,113.6,SUL,-22.803404201251,-47.219781151825,COLISÃO,COLISÃO-LATERAL,NÃO INFORMADO,0,2,0,0,0,AUTOMÓVEL=1|MOTO=2,SUMARÉ,CAMPINAS,CAMPINAS,ESTADUAL
2020-07-01,20:15:00,L01-AUTOBAN,SP330,109.0,SUL,-22.827506,-47.184259,CHOQUE,CHOQUE-BARREIRA DE CONCRETO,NÃO INFORMADO,0,0,0,0,0,AUTOMÓVEL=1,SUMARÉ,CAMPINAS,CAMPINAS,ESTADUAL
2020-07-02,00:29:00,L01-AUTOBAN,SPM330D,88.0,NORTE,-22.965901139987,-47.053429484367,CHOQUE,CHOQUE-DEFENSA METÁLICA,NÃO INFORMADO,0,2,0,0,0,AUTOMÓVEL=1,CAMPINAS,CAMPINAS,CAMPINAS,ESTADUAL
2020-07-02,09:32:00,L28-ENTREVIAS,SP330,322.5,SUL,-21.083500206,-47.8013118253,TOMBAMENTO,TOMBAMENTO-MOTO,ESTOURO/FURO DE PNEU,0,2,0,0,0,MOTOCICLETA / MOTONETA=1,RIBEIRÃO PRETO,RIBEIRÃO PRETO,RIBEIRÃO PRETO,ESTADUAL
2020-07-02,12:27:00,L01-AUTOBAN,SP330,11.9,NORTE,-23.509384647132,-46.730303737299,COLISÃO,COLISÃO-LATERAL,NÃO INFORMADO,0,1,0,0,0,AUTOMÓVEL=1|MOTO=1,SÃO PAULO,REG. METROPOLITANA SÃO PAULO,SÃO PAULO,ESTADUAL
2020-07-02,13:54:00,L01-AUTOBAN,SP330,109.4,SUL,-22.82570098097,-47.187556221294,CHOQUE,CHOQUE-BARREIRA DE CONCRETO,NÃO INFORMADO,0,1,0,0,0,AUTOMÓVEL=2|NÃO INFORMADO=1,SUMARÉ,CAMPINAS,CAMPINAS,ESTADUAL
2020-07-02,14:33:00,L06-INTERVIAS,SP330,199.1,SUL,-22.09553909,-47.41709137,CHOQUE,CHOQUE-OBJETO NA PISTA,OBJETO NA PISTA,2,0,0,0,0,AUTOMÓVEL=1,SANTA CRUZ DA CONCEIÇÃO,CAMPINAS,RIO CLARO,ESTADUAL
2020-07-02,15:03:00,L01-AUTOBAN,SPM330D,24.0,NORTE,-23.434539807835,-46.786286830902,TOMBAMENTO,TOMBAMENTO,NÃO INFORMADO,0,1,0,0,0,MOTO=1,SÃO PAULO,REG. METROPOLITANA SÃO PAULO,SÃO PAULO,ESTADUAL
2020-07-02,16:41:00,L06-INTERVIAS,SP330,199.1,SUL,-22.09553909,-47.41709137,CHOQUE,CHOQUE-OBJETO NA PISTA,OBJETO NA PISTA,1,0,0,0,0,AUTOMÓVEL=1,SANTA CRUZ DA CONCEIÇÃO,CAMPINAS,RIO CLARO,ESTADUAL
2020-07-02,22:15:00,L01-AUTOBAN,SP330,60.8,SUL,-23.176477181658,-46.917279476461,CHOQUE,CHOQUE-BARREIRA DE CONCRETO,NÃO INFORMADO,0,1,0,0,0,AUTOMÓVEL=1,JUNDIAÍ,CAMPINAS,CAMPINAS,ESTADUAL
2020-07-03,00:37:00,L06-INTERVIAS,SP330,216.2,SUL,-21.94737053,-47.46329117,CHOQUE,CHOQUE-OBJETO NA PISTA,OBJETO NA PISTA,1,0,0,0,0,CAMINHÃO=1,PIRASSUNUNGA,CAMPINAS,RIO CLARO,ESTADUAL
2020-07-03,02:36:00,L29-VIAPAULISTA,SPA307/330,2.9,LESTE,-21.18977928,-47.78154373,CHOQUE,CHOQUE-OUTROS,IMPRUD. CONDUTOR-PERDA DE CONTROLE,0,0,0,0,0,CAMINHÃO=1,RIBEIRÃO PRETO,RIBEIRÃO PRETO,RIBEIRÃO PRETO,ESTADUAL
2020-07-03,06:49:00,L01-AUTOBAN,SP330,18.74,SUL,-23.4759168011,-46.772247075703,CHOQUE,CHOQUE-BARREIRA DE CONCRETO,NÃO INFORMADO,0,0,0,0,0,AUTOMÓVEL=1,OSASCO,REG. METROPOLITANA SÃO PAULO,SÃO PAULO,ESTADUAL
2020-07-03,06:50:00,L01-AUTOBAN,SP330,114.8,SUL,-22.794126771026,-47.225454581976,CHOQUE,CHOQUE-ÁRVORE,NÃO INFORMADO,0,0,0,0,0,AUTOMÓVEL=1,SUMARÉ,CAMPINAS,CAMPINAS,ESTADUAL
2020-07-03,08:40:00,L01-AUTOBAN,SP330,106.32,SUL,-22.844567412807,-47.166386316203,CHOQUE,CHOQUE-BARREIRA DE CONCRETO,NÃO INFORMADO,0,0,0,0,0,VAN/PERUA=1,SUMARÉ,CAMPINAS,CAMPINAS,ESTADUAL
2020-07-03,08:44:00,L01-AUTOBAN,SPM330D,51.0,NORTE,-23.247921,-46.865964,COLISÃO,COLISÃO-LATERAL,NÃO INFORMADO,0,0,0,0,0,UTILITÁRIO=1|ÔNIBUS=1,JUNDIAÍ,CAMPINAS,CAMPINAS,ESTADUAL
2020-07-03,09:56:00,L01-AUTOBAN,SPM330D,113.2,NORTE,-22.805708636985,-47.217433674359,COLISÃO,COLISÃO-TRASEIRA,NÃO INFORMADO,0,1,0,0,0,AUTOMÓVEL=1|MOTO=1,SUMARÉ,CAMPINAS,CAMPINAS,ESTADUAL
2020-07-03,13:27:00,L29-VIAPAULISTA,SP330,268.5,NORTE,-21.52584267,-47.64285278,TOMBAMENTO,TOMBAMENTO,IMPRUD. CONDUTOR-PERDA DE CONTROLE,1,0,0,0,0,CAMINHÃO=1,SÃO SIMÃO,RIBEIRÃO PRETO,RIBEIRÃO PRETO,ESTADUAL
2020-07-03,16:48:00,L01-AUTOBAN,SP330,25.3,SUL,-23.424877608417,-46.789641306827,TOMBAMENTO,TOMBAMENTO-MOTO,NÃO INFORMADO,2,0,0,0,0,MOTO=1|NÃO INFORMADO=1,SÃO PAULO,REG. METROPOLITANA SÃO PAULO,SÃO PAULO,ESTADUAL
2020-07-03,20:03:00,L01-AUTOBAN,SP330,24.9,SUL,-23.427404531117,-46.787492893681,COLISÃO,COLISÃO-TRASEIRA,NÃO INFORMADO,0,0,0,0,0,AUTOMÓVEL=2|NÃO INFORMADO=1,SÃO PAULO,REG. METROPOLITANA SÃO PAULO,SÃO PAULO,ESTADUAL
2020-07-03,21:33:00,L01-AUTOBAN,SP330,93.3,NORTE,-22.928179472377,-47.081426407112,COLISÃO,COLISÃO-TRASEIRA,NÃO INFORMADO,0,0,0,0,0,AUTOMÓVEL=1|CAMINHÃO=1,CAMPINAS,CAMPINAS,CAMPINAS,ESTADUAL
2020-07-03,22:27:00,L01-AUTOBAN,SPM330D,107.48,NORTE,-22.836156209791,-47.173873350448,ENGAVETAMENTO,ENGAVETAMENTO,NÃO INFORMADO,1,2,0,0,0,AUTOMÓVEL=3,SUMARÉ,CAMPINAS,CAMPINAS,ESTADUAL
2020-07-03,23:05:00,L29-VIAPAULISTA,SP330,267.8,SUL,-21.5358963,-47.64122009,CHOQUE,"CHOQUE - DEFENSA, BARREIRA OU ""SUBMARINO""",IMPRUD. CONDUTOR-PERDA DE CONTROLE,0,1,0,0,0,CAMINHONETE=1,SÃO SIMÃO,RIBEIRÃO PRETO,RIBEIRÃO PRETO,ESTADUAL
2020-07-03,23:44:00,L06-INTERVIAS,SP330,227.6,NORTE,-21.84899902,-47.49483871,CHOQUE,CHOQUE-OBJETO NA PISTA,OBJETO NA PISTA,2,0,0,0,0,AUTOMÓVEL=2,PORTO FERREIRA,CENTRAL,RIO CLARO,ESTADUAL
2020-07-04,06:56:00,L01-AUTOBAN,SP330,113.5,SUL,-22.80405002307,-47.219222187996,COLISÃO,COLISÃO-TRASEIRA,NÃO INFORMADO,0,1,0,0,0,AUTOMÓVEL=2,SUMARÉ,CAMPINAS,CAMPINAS,ESTADUAL
2020-07-04,07:03:00,L01-AUTOBAN,SP330,29.2,NORTE,-23.408419462865,-46.822222000719,COLISÃO,COLISÃO-LATERAL,NÃO INFORMADO,0,0,0,0,0,AUTOMÓVEL=1|NÃO INFORMADO=1,SÃO PAULO,REG. METROPOLITANA SÃO PAULO,SÃO PAULO,ESTADUAL
2020-07-04,10:44:00,L01-AUTOBAN,SP330,110.1,SUL,-22.822505948078,-47.193426296913,CAPOTAMENTO,CAPOTAMENTO,NÃO INFORMADO,0,1,0,0,0,AUTOMÓVEL=1,SUMARÉ,CAMPINAS,CAMPINAS,ESTADUAL
2020-07-04,14:41:00,L01-AUTOBAN,SP330,54.64,NORTE,-23.218658448666,-46.881531854633,COLISÃO,COLISÃO-LATERAL,NÃO INFORMADO,0,0,0,0,0,AUTOMÓVEL=1|ÔNIBUS=1,JUNDIAÍ,CAMPINAS,CAMPINAS,ESTADUAL
2020-07-04,15:09:00,L06-INTERVIAS,SP330,163.9,SUL,-22.40737915,-47.39006042,ATROPELAMENTO DE PEDESTRE,ATROP. PEDESTRE-ANDARILHO,OUTROS,4,0,0,1,0,AUTOMÓVEL=1|NÃO SE APLICA=1,ARARAS,CAMPINAS,RIO CLARO,ESTADUAL
2020-07-04,17:35:00,L01-AUTOBAN,SPM330E,103.1,SUL,-22.86198011477,-47.14038356865,TOMBAMENTO,TOMBAMENTO,NÃO INFORMADO,0,1,0,1,1,BITREM/CVC=1|NÃO SE APLICA=1,CAMPINAS,CAMPINAS,CAMPINAS,ESTADUAL
2020-07-04,20:28:00,L01-AUTOBAN,SP330,132.84,NORTE,-22.664091719122,-47.317792124967,CHOQUE,CHOQUE-DEFENSA METÁLICA,NÃO INFORMADO,1,0,0,0,0,AUTOMÓVEL=1,LIMEIRA,CAMPINAS,RIO CLARO,ESTADUAL
2020-07-04,22:32:00,L01-AUTOBAN,SP330,32.5,NORTE,-23.388720455415,-46.836827753941,COLISÃO,COLISÃO-TRASEIRA,NÃO INFORMADO,0,0,1,0,0,CARRETA=1|ÔNIBUS=1,CAJAMAR,REG. METROPOLITANA SÃO PAULO,SÃO PAULO,ESTADUAL
2020-07-05,04:47:00,L01-AUTOBAN,SP330,109.8,NORTE,-22.826997984583,-47.184564415475,CAPOTAMENTO,CAPOTAMENTO,NÃO INFORMADO,0,0,0,0,0,AUTOMÓVEL=1,SUMARÉ,CAMPINAS,CAMPINAS,ESTADUAL
2020-07-05,08:44:00,L01-AUTOBAN,SP330,46.0,NORTE,-23.288228385438,-46.865943074226,COLISÃO,COLISÃO-LATERAL,NÃO INFORMADO,0,0,0,0,2,MOTO=2,CAJAMAR,REG. METROPOLITANA SÃO PAULO,SÃO PAULO,ESTADUAL
2020-07-05,10:00:00,L01-AUTOBAN,SP330,83.0,NORTE,-23.005453558525,-47.027873396874,COLISÃO,COLISÃO-LATERAL,NÃO INFORMADO,0,1,0,0,0,BICICLETA=1|NÃO INFORMADO=1,VALINHOS,CAMPINAS,CAMPINAS,ESTADUAL
2020-07-05,11:46:00,L01-AUTOBAN,SP330,25.0,SUL,-23.42658,-46.787612,COLISÃO,COLISÃO-TRASEIRA,NÃO INFORMADO,0,1,0,0,0,AUTOMÓVEL=1|MOTO=1,SÃO PAULO,REG. METROPOLITANA SÃO PAULO,SÃO PAULO,ESTADUAL
2020-07-05,11:53:00,L01-AUTOBAN,SPM330D,14.3,NORTE,-23.504892144436,-46.751133934448,CHOQUE,CHOQUE-BARREIRA DE CONCRETO,NÃO INFORMADO,0,0,0,0,0,AUTOMÓVEL=1,SÃO PAULO,REG. METROPOLITANA SÃO PAULO,SÃO PAULO,ESTADUAL
2020-07-05,18:19:00,L01-AUTOBAN,SP330,12.5,SUL,-23.508817966416,-46.735225617886,ATROPELAMENTO DE PEDESTRE,ATROP. PEDESTRE-ANDARILHO,NÃO INFORMADO,0,0,0,0,1,AUTOMÓVEL=1|NÃO SE APLICA=1,SÃO PAULO,REG. METROPOLITANA SÃO PAULO,SÃO PAULO,ESTADUAL
2020-07-05,23:34:00,L28-ENTREVIAS,SP330,400.0,NORTE,-20.4173926809,-47.8282260193,ATROPELAMENTO DE ANIMAL,ATROP. ANIMAL-DOMÉSTICO GRANDE PORTE,ANIMAL NA RODOVIA,1,0,0,0,0,CAMINHÃO=1,GUARÁ,FRANCA,RIBEIRÃO PRETO,ESTADUAL
2020-07-06,01:40:00,L29-VIAPAULISTA,SP330,298.0,SUL,-21.2902813,-47.74717712,CAPOTAMENTO,CAPOTAMENTO,IMPRUD. CONDUTOR-DORMIR AO VOLANTE,1,0,0,0,0,AUTOMÓVEL=1,CRAVINHOS,RIBEIRÃO PRETO,RIBEIRÃO PRETO,ESTADUAL
2020-07-06,04:28:00,L06-INTERVIAS,SP330,222.4,SUL,-21.89402008,-47.48146057,ATROPELAMENTO DE ANIMAL,ATROP. ANIMAL,ANIMAL NA RODOVIA,2,0,0,0,0,AUTOMÓVEL=1,PORTO FERREIRA,CENTRAL,RIO CLARO,ESTADUAL
2020-07-06,04:39:00,L29-VIAPAULISTA,SP330,316.0,NORTE,-21.13129807,-47.76680374,TOMBAMENTO,TOMBAMENTO,IMPRUD. CONDUTOR-PERDA DE CONTROLE,1,0,0,0,0,CAMINHÃO=1,RIBEIRÃO PRETO,RIBEIRÃO PRETO,RIBEIRÃO PRETO,ESTADUAL
2020-07-06,07:41:00,L01-AUTOBAN,SP330,151.6,NORTE,-22.51709787382,-47.393948590181,ATROPELAMENTO DE ANIMAL,ATROP. ANIMAL,NÃO INFORMADO,0,0,0,0,0,AUTOMÓVEL=1,LIMEIRA,CAMPINAS,RIO CLARO,ESTADUAL
2020-07-06,16:16:00,L01-AUTOBAN,SP330,30.4,NORTE,-23.403630375598,-46.832038876352,COLISÃO,COLISÃO-LATERAL,NÃO INFORMADO,0,1,0,0,0,AUTOMÓVEL=1|MOTO=1,CAJAMAR,REG. METROPOLITANA SÃO PAULO,SÃO PAULO,ESTADUAL
2020-07-06,16:37:00,L01-AUTOBAN,SP330,148.0,NORTE,-22.545053,-47.37612,TOMBAMENTO,TOMBAMENTO,NÃO INFORMADO,0,0,2,0,0,CARRETA=1,LIMEIRA,CAMPINAS,RIO CLARO,ESTADUAL
2020-07-06,17:41:00,L01-AUTOBAN,SPM330E,98.5,SUL,-22.892108786456,-47.112220823765,ENGAVETAMENTO,ENGAVETAMENTO,NÃO INFORMADO,0,0,0,0,0,AUTOMÓVEL=4,CAMPINAS,CAMPINAS,CAMPINAS,ESTADUAL
2020-07-06,19:01:00,L01-AUTOBAN,SP330,12.255,NORTE,-23.508851877095,-46.733149543565,ATROPELAMENTO DE PEDESTRE,ATROP. PEDESTRE-ANDARILHO,NÃO INFORMADO,0,1,0,0,1,AUTOMÓVEL=1|NÃO SE APLICA=1,SÃO PAULO,REG. METROPOLITANA SÃO PAULO,SÃO PAULO,ESTADUAL
2020-07-06,20:44:00,L06-INTERVIAS,SP330,191.6,NORTE,-22.16064072,-47.3996582,COLISÃO,COLISÃO-TRASEIRA,NÃO INFORMADO,1,1,0,0,0,AUTOMÓVEL=1|CAMINHÃO=1,LEME,CAMPINAS,RIO CLARO,ESTADUAL
2020-07-06,21:37:00,L01-AUTOBAN,SPM330D,111.5,NORTE,-22.815710122667,-47.20535248518,COLISÃO,COLISÃO-LATERAL,NÃO INFORMADO,0,0,0,0,0,AUTOMÓVEL=1|CARRETA=1,SUMARÉ,CAMPINAS,CAMPINAS,ESTADUAL
2020-07-06,21:37:00,L01-AUTOBAN,SP330,93.44,NORTE,-22.9274621943,-47.082575460445,COLISÃO,COLISÃO-LATERAL,NÃO INFORMADO,0,2,0,0,0,AUTOMÓVEL=1|CAMINHÃO=1,CAMPINAS,CAMPINAS,CAMPINAS,ESTADUAL
2020-07-06,21:46:00,L01-AUTOBAN,SP330,93.6,NORTE,-22.926642464678,-47.083888637417,CAPOTAMENTO,CAPOTAMENTO,NÃO INFORMADO,0,2,0,0,0,AUTOMÓVEL=1,CAMPINAS,CAMPINAS,CAMPINAS,ESTADUAL
2020-07-06,22:53:00,L01-AUTOBAN,SP330,62.76,SUL,-23.162783486023,-46.930646744406,CHOQUE,CHOQUE-BARREIRA DE CONCRETO,NÃO INFORMADO,0,1,0,0,0,AUTOMÓVEL=1|MOTO=1,JUNDIAÍ,CAMPINAS,CAMPINAS,ESTADUAL
2020-07-06,23:02:00,L06-INTERVIAS,SP330,204.5,SUL,-22.04840088,-47.42990112,CHOQUE,CHOQUE-OBJETO NA PISTA,OBJETO NA PISTA,4,0,0,0,0,AUTOMÓVEL=1,PIRASSUNUNGA,CAMPINAS,RIO CLARO,ESTADUAL
2020-07-07,00:48:00,L01-AUTOBAN,SPM330E,99.0,SUL,-22.887972406914,-47.113489508629,CHOQUE,CHOQUE-MEIO FIO/CALÇAMENTO,NÃO INFORMADO,0,0,0,0,0,AUTOMÓVEL=1,CAMPINAS,CAMPINAS,CAMPINAS,ESTADUAL
2020-07-07,06:17:00,L06-INTERVIAS,SP330,200.3,NORTE,-22.0851593,-47.42015076,COLISÃO,COLISÃO-TRASEIRA,IMPRUD. CONDUTOR,2,0,0,0,0,CAMINHÃO=2,SANTA CRUZ DA CONCEIÇÃO,CAMPINAS,RIO CLARO,ESTADUAL
2020-07-07,10:30:00,L01-AUTOBAN,SP330,136.6,NORTE,-22.633599423908,-47.333959619118,TOMBAMENTO,TOMBAMENTO-MOTO,NÃO INFORMADO,0,2,0,0,0,MOTO=1,LIMEIRA,CAMPINAS,RIO CLARO,ESTADUAL
2020-07-07,10:37:00,L01-AUTOBAN,SP330,52.1,SUL,-23.239307889068,-46.869518452827,COLISÃO,COLISÃO-LATERAL,NÃO INFORMADO,1,0,0,0,0,AUTOMÓVEL=1|NÃO INFORMADO=1,JUNDIAÍ,CAMPINAS,CAMPINAS,ESTADUAL
2020-07-07,11:32:00,L01-AUTOBAN,SP330,35.0,SUL,-23.369188,-46.845327,COLISÃO,COLISÃO-TRASEIRA,NÃO INFORMADO,0,2,0,0,0,AUTOMÓVEL=1|MOTO=1,CAJAMAR,REG. METROPOLITANA SÃO PAULO,SÃO PAULO,ESTADUAL
2020-07-07,13:25:00,L28-ENTREVIAS,SPA355/330,6.0,OESTE,-20.77995877371476,-47.84175989153582,CHOQUE,CHOQUE-SINALIZAÇÃO,IMPRUD. CONDUTOR-PERDA DE CONTROLE,0,1,0,0,0,CAMINHÃO=1,SALES OLIVEIRA,FRANCA,RIBEIRÃO PRETO,ESTADUAL
2020-07-07,13:32:00,L29-VIAPAULISTA,SP330,307.0,SUL,-21.21128464,-47.75865936,TOMBAMENTO,TOMBAMENTO,PANE MECÂNICA/ELÉTRICA,1,1,0,0,0,MOTO=1,RIBEIRÃO PRETO,RIBEIRÃO PRETO,RIBEIRÃO PRETO,ESTADUAL
2020-07-07,13:59:00,L01-AUTOBAN,SP330,131.0,NORTE,-22.678965513198,-47.310690879822,COLISÃO,COLISÃO-LATERAL,NÃO INFORMADO,0,0,0,0,0,AUTOMÓVEL=1|CARRETA=1,LIMEIRA,CAMPINAS,RIO CLARO,ESTADUAL
2020-07-07,17:08:00,L28-ENTREVIAS,SP330,423.5,SUL,-20.2161360994,-47.7886219056,CHOQUE,CHOQUE-OBJETO NA PISTA,OBJETO NA PISTA,0,1,0,0,0,MOTOCICLETA / MOTONETA=1,BURITIZAL,FRANCA,RIBEIRÃO PRETO,ESTADUAL
2020-07-07,17:54:00,L01-AUTOBAN,SPM330D,112.74,NORTE,-22.80875058883,-47.214425095071,COLISÃO,COLISÃO-LATERAL,NÃO INFORMADO,0,0,0,0,1,MOTO=1|UTILITÁRIO=1,SUMARÉ,CAMPINAS,CAMPINAS,ESTADUAL
2020-07-07,18:22:00,L06-INTERVIAS,SP330,224.1,SUL,-21.8793602,-47.48648071,CHOQUE,"CHOQUE - DEFENSA, BARREIRA OU ""SUBMARINO""",PANE MECÂNICA/ELÉTRICA,1,0,0,0,0,CAMINHONETE=1,PORTO FERREIRA,CENTRAL,RIO CLARO,ESTADUAL
2020-07-07,18:55:00,L29-VIAPAULISTA,SP330,312.5,SUL,-21.16162109,-47.75627899,COLISÃO,COLISÃO-LATERAL,IMPRUD. CONDUTOR,0,1,0,0,0,BICICLETA=1|NÃO INFORMADO=1,RIBEIRÃO PRETO,RIBEIRÃO PRETO,RIBEIRÃO PRETO,ESTADUAL
2020-07-08,06:11:00,L28-ENTREVIAS,SP330,356.8,NORTE,-20.7946176424,-47.8908084424,COLISÃO,COLISÃO-TRASEIRA,ESTOURO/FURO DE PNEU,2,2,0,0,0,AUTOMÓVEL=1|CAMINHÃO=1,SALES OLIVEIRA,FRANCA,RIBEIRÃO PRETO,ESTADUAL
2020-07-08,11:35:00,L29-VIAPAULISTA,SP330,314.4,SUL,-21.144907,-47.759655,TOMBAMENTO,TOMBAMENTO,ESTOURO/FURO DE PNEU,0,1,0,0,0,MOTO=1,RIBEIRÃO PRETO,RIBEIRÃO PRETO,RIBEIRÃO PRETO,ESTADUAL
2020-07-08,11:55:00,L29-VIAPAULISTA,SP330,307.5,NORTE,-21.20587158,-47.75823975,TOMBAMENTO,TOMBAMENTO,ÓLEO NA PISTA,0,1,0,0,0,MOTO=1,RIBEIRÃO PRETO,RIBEIRÃO PRETO,RIBEIRÃO PRETO,ESTADUAL
2020-07-08,18:10:00,L01-AUTOBAN,SP330,82.0,NORTE,-23.013082202618,-47.022766470909,COLISÃO,COLISÃO-LATERAL,NÃO INFORMADO,0,1,0,0,0,AUTOMÓVEL=1|MOTO=1,VALINHOS,CAMPINAS,CAMPINAS,ESTADUAL
2020-07-08,19:31:00,L06-INTERVIAS,SP330,215.0,SUL,-21.95859909,-47.45980072,COLISÃO,COLISÃO-TRASEIRA,IMPRUD. CONDUTOR,3,0,0,0,0,AUTOMÓVEL=2,PIRASSUNUNGA,CAMPINAS,RIO CLARO,ESTADUAL
2020-07-08,19:39:00,L01-AUTOBAN,SP330,61.5,NORTE,-23.171955886611,-46.92243039608,CHOQUE,CHOQUE-TALUDE OU BARRANCO,NÃO INFORMADO,0,1,0,0,0,AUTOMÓVEL=1,JUNDIAÍ,CAMPINAS,CAMPINAS,ESTADUAL
2020-07-08,19:45:00,L01-AUTOBAN,SP330,90.54,NORTE,-22.946596434936,-47.064437097604,COLISÃO,COLISÃO-LATERAL,NÃO INFORMADO,0,1,0,0,0,AUTOMÓVEL=1|MOTO=1|NÃO INFORMADO=1,CAMPINAS,CAMPINAS,CAMPINAS,ESTADUAL
2020-07-08,19:52:00,L28-ENTREVIAS,SP330,380.95,NORTE,-20.5839603943,-47.877173231,CHOQUE,CHOQUE-OBJETO NA PISTA,OBJETO NA PISTA,1,0,0,0,0,AUTOMÓVEL=1,SÃO JOAQUIM DA BARRA,FRANCA,RIBEIRÃO PRETO,ESTADUAL
2020-07-08,21:46:00,L06-INTERVIAS,SP330,187.15,SUL,-22.20066452,-47.39615631,COLISÃO,COLISÃO-TRASEIRA,NÃO INFORMADO,1,1,0,0,0,CAMINHÃO=2,LEME,CAMPINAS,RIO CLARO,ESTADUAL
2020-07-08,23:56:00,L29-VIAPAULISTA,SP330,302.1,SUL,-21.25458145,-47.75494003,COLISÃO,COLISÃO-TRASEIRA,MAL SÚBITO DO CONDUTOR,0,1,0,0,0,MOTO=1,RIBEIRÃO PRETO,RIBEIRÃO PRETO,RIBEIRÃO PRETO,ESTADUAL
2020-07-09,05:07:00,L01-AUTOBAN,SP330,98.0,NORTE,-22.895874533463,-47.110748291016,CHOQUE,CHOQUE-BARREIRA DE CONCRETO,NÃO INFORMADO,0,0,0,0,0,AUTOMÓVEL=1,CAMPINAS,CAMPINAS,CAMPINAS,ESTADUAL
2020-07-09,06:59:00,L01-AUTOBAN,SP330,92.0,NORTE,-22.935116422047,-47.071389555931,CHOQUE,CHOQUE-BARREIRA DE CONCRETO,NÃO INFORMADO,0,0,0,0,0,AUTOMÓVEL=1,CAMPINAS,CAMPINAS,CAMPINAS,ESTADUAL
2020-07-09,07:03:00,L01-AUTOBAN,SP330,19.7,NORTE,-23.470374974045,-46.776998345852,CHOQUE,CHOQUE-TALUDE OU BARRANCO,NÃO INFORMADO,0,0,0,0,0,UTILITÁRIO=1,OSASCO,REG. METROPOLITANA SÃO PAULO,SÃO PAULO,ESTADUAL
2020-07-09,07:59:00,L01-AUTOBAN,SP330,120.26,NORTE,-22.754947039961,-47.256387905165,CHOQUE,CHOQUE-ELEMENTO DE DRENAGEM,NÃO INFORMADO,0,0,0,0,0,AUTOMÓVEL=1,AMERICANA,CAMPINAS,RIO CLARO,ESTADUAL
2020-07-09,08:14:00,L01-AUTOBAN,SP330,86.6,NORTE,-22.978024144201,-47.046435565104,CHOQUE,CHOQUE-MEIO FIO/CALÇAMENTO,NÃO INFORMADO,0,0,0,0,0,AUTOMÓVEL=1,CAMPINAS,CAMPINAS,CAMPINAS,ESTADUAL
2020-07-09,08:19:00,L01-AUTOBAN,SPM330E,95.0,SUL,-22.919909191683,-47.094150781631,COLISÃO,COLISÃO-LATERAL,NÃO INFORMADO,0,0,0,0,0,AUTOMÓVEL=2,CAMPINAS,CAMPINAS,CAMPINAS,ESTADUAL
2020-07-09,09:47:00,L01-AUTOBAN,SPM330E,99.6,SUL,-22.883506648896,-47.116125576945,CAPOTAMENTO,CAPOTAMENTO,NÃO INFORMADO,0,3,0,0,0,AUTOMÓVEL=1|NÃO INFORMADO=1,CAMPINAS,CAMPINAS,CAMPINAS,ESTADUAL
2020-07-09,23:43:00,L28-ENTREVIAS,SP330,326.0,NORTE,-21.0513530475,-47.8246641358,CHOQUE,CHOQUE-BARREIRA DE CONCRETO,IMPRUD. CONDUTOR-LEVOU FECHADA,0,1,0,0,0,AUTOMÓVEL=1,JARDINÓPOLIS,RIBEIRÃO PRETO,RIBEIRÃO PRETO,ESTADUAL
2020-07-10,07:59:00,L29-VIAPAULISTA,SP330,313.7,SUL,-21.15100098,-47.75779724,CHOQUE,CHOQUE-VEÍCULO PARADO NA PISTA,IMPRUD. CONDUTOR,2,0,0,0,0,AUTOMÓVEL=1|CAMINHONETE=1,RIBEIRÃO PRETO,RIBEIRÃO PRETO,RIBEIRÃO PRETO,ESTADUAL
2020-07-10,09:34:00,L01-AUTOBAN,SP330,121.82,NORTE,-22.74476563164,-47.267024517536,TOMBAMENTO,TOMBAMENTO,NÃO INFORMADO,0,0,2,0,0,MOTO=1,AMERICANA,CAMPINAS,RIO CLARO,ESTADUAL
2020-07-10,12:03:00,L06-INTERVIAS,SP330,161.5,NORTE,-22.42939949,-47.39390182,OBJETO LANÇADO CONTRA O VEÍCULO,OBJETO LANÇADO CONTRA VEÍCULO,OBJETO LANÇADO,2,0,0,0,0,AUTOMÓVEL=1,ARARAS,CAMPINAS,RIO CLARO,ESTADUAL
2020-07-10,13:00:00,L01-AUTOBAN,SP330,65.2,SUL,-23.14319533584,-46.940401182483,COLISÃO,COLISÃO-TRASEIRA,NÃO INFORMADO,0,0,0,1,1,AUTOMÓVEL=1|BICICLETA=1,JUNDIAÍ,CAMPINAS,CAMPINAS,ESTADUAL
2020-07-10,13:58:00,L06-INTERVIAS,SP330,204.1,SUL,-22.05200005,-47.42901993,CHOQUE,CHOQUE-OBJETO NA PISTA,OBJETO NA PISTA,3,0,0,0,0,AUTOMÓVEL=2,PIRASSUNUNGA,CAMPINAS,RIO CLARO,ESTADUAL
2020-07-10,13:59:00,L01-AUTOBAN,SP330,95.0,SUL,-22.919909191683,-47.094150781632,COLISÃO,COLISÃO-LATERAL,NÃO INFORMADO,0,0,0,0,0,AUTOMÓVEL=1|CAMINHÃO=1,CAMPINAS,CAMPINAS,CAMPINAS,ESTADUAL
2020-07-10,14:22:00,L06-INTERVIAS,SP330,207.0,SUL,-22.0265007,-47.43619919,OBJETO LANÇADO CONTRA O VEÍCULO,OBJETO LANÇADO CONTRA VEÍCULO,ROÇADA MECÂNICA/MANUAL,1,0,0,0,0,AUTOMÓVEL=1,PIRASSUNUNGA,CAMPINAS,RIO CLARO,ESTADUAL
2020-07-10,14:41:00,L06-INTERVIAS,SP330,163.0,NORTE,-22.41629982,-47.39020157,OBJETO LANÇADO CONTRA O VEÍCULO,OBJETO LANÇADO CONTRA VEÍCULO,OBJETO LANÇADO,3,0,0,0,0,CAMINHÃO=1,ARARAS,CAMPINAS,RIO CLARO,ESTADUAL
2020-07-10,16:15:00,L01-AUTOBAN,SPM330E,95.8,SUL,-22.913418609088,-47.099940083654,ENGAVETAMENTO,ENGAVETAMENTO,NÃO INFORMADO,0,0,0,0,0,NÃO INFORMADO=2|UTILITÁRIO=1,CAMPINAS,CAMPINAS,CAMPINAS,ESTADUAL
2020-07-10,18:25:00,L01-AUTOBAN,SP330,61.0,NORTE,-23.175294620401,-46.918331980705,ENGAVETAMENTO,ENGAVETAMENTO,NÃO INFORMADO,0,0,0,0,0,AUTOMÓVEL=7,JUNDIAÍ,CAMPINAS,CAMPINAS,ESTADUAL
2020-07-10,18:34:00,L28-ENTREVIAS,SP330,440.7,NORTE,-20.0721365,-47.788093,CAPOTAMENTO,CAPOTAMENTO,IMPRUD. CONDUTOR-PERDA DE CONTROLE,0,1,0,0,0,AUTOMÓVEL=1,ARAMINA,FRANCA,RIBEIRÃO PRETO,ESTADUAL
2020-07-10,18:40:00,L01-AUTOBAN,SPM330E,100.9,SUL,-22.874733437156,-47.124178658669,COLISÃO,COLISÃO-TRASEIRA,NÃO INFORMADO,0,1,1,0,0,MOTO=1|NÃO INFORMADO=1,CAMPINAS,CAMPINAS,CAMPINAS,ESTADUAL
2020-07-10,18:46:00,L01-AUTOBAN,SP330,20.5,NORTE,-23.464828315897,-46.78013920784,ENGAVETAMENTO,ENGAVETAMENTO,NÃO INFORMADO,0,0,0,0,0,AUTOMÓVEL=1|NÃO INFORMADO=2,SÃO PAULO,REG. METROPOLITANA SÃO PAULO,SÃO PAULO,ESTADUAL
2020-07-10,18:57:00,L01-AUTOBAN,SPM330D,15.56,NORTE,-23.496626402368,-46.756918360597,CHOQUE,CHOQUE-BARREIRA DE CONCRETO,NÃO INFORMADO,0,0,1,1,0,AUTOMÓVEL=1|UTILITÁRIO=1,SÃO PAULO,REG. METROPOLITANA SÃO PAULO,SÃO PAULO,ESTADUAL
2020-07-10,19:14:00,L01-AUTOBAN,SP330,107.2,SUL,-22.83847950846,-47.172156910046,COLISÃO,COLISÃO-LATERAL,NÃO INFORMADO,0,1,0,0,0,AUTOMÓVEL=2,SUMARÉ,CAMPINAS,CAMPINAS,ESTADUAL
2020-07-10,21:22:00,L28-ENTREVIAS,SP330,367.0,SUL,-20.6976451884,-47.8907861396,COLISÃO,COLISÃO-TRASEIRA,IMPRUD. CONDUTOR-FALTA DE ATENÇÃO,2,0,0,0,0,CAMINHÃO=2,ORLÂNDIA,FRANCA,RIBEIRÃO PRETO,ESTADUAL
2020-07-10,22:08:00,L01-AUTOBAN,SP330,21.7,SUL,-23.45542236046,-46.785086814555,COLISÃO,COLISÃO-TRASEIRA,NÃO INFORMADO,0,0,0,0,0,AUTOMÓVEL=1|NÃO INFORMADO=1,SÃO PAULO,REG. METROPOLITANA SÃO PAULO,SÃO PAULO,ESTADUAL
2020-07-10,22:09:00,L01-AUTOBAN,SP330,117.5,NORTE,-22.771858492256,-47.237820625305,CHOQUE,CHOQUE-OBJETO NA PISTA,NÃO INFORMADO,0,0,1,0,0,MOTO=1,NOVA ODESSA,CAMPINAS,RIO CLARO,ESTADUAL
2020-07-11,06:23:00,L01-AUTOBAN,SP330,50.0,SUL,-23.256857077892,-46.867477297783,ATROPELAMENTO DE ANIMAL,ATROP. ANIMAL,NÃO INFORMADO,0,0,0,0,0,CAMINHÃO=1,JUNDIAÍ,CAMPINAS,CAMPINAS,ESTADUAL
2020-07-11,07:52:00,L01-AUTOBAN,SPM330E,25.0,SUL,-23.42658,-46.787612,TOMBAMENTO,TOMBAMENTO-MOTO,NÃO INFORMADO,0,1,0,0,0,MOTO=1,SÃO PAULO,REG. METROPOLITANA SÃO PAULO,SÃO PAULO,ESTADUAL
2020-07-11,09:13:00,L28-ENTREVIAS,SP330,442.0,NORTE,-20.053592069,-47.7855973145,TOMBAMENTO,TOMBAMENTO-MOTO,ESTOURO/FURO DE PNEU,0,1,0,0,0,MOTOCICLETA / MOTONETA=1,IGARAPAVA,FRANCA,RIBEIRÃO PRETO,ESTADUAL
2020-07-11,10:12:00,L01-AUTOBAN,SPM330E,103.16,SUL,-22.861653150374,-47.140941366577,COLISÃO,COLISÃO-TRASEIRA,NÃO INFORMADO,0,1,0,0,0,AUTOMÓVEL=1|MOTO=1,CAMPINAS,CAMPINAS,CAMPINAS,ESTADUAL
2020-07-11,15:18:00,L01-AUTOBAN,SP330,43.8,SUL,-23.304095498692,-46.85688042691,TOMBAMENTO,TOMBAMENTO,NÃO INFORMADO,0,1,0,0,0,MOTO=1,CAJAMAR,REG. METROPOLITANA SÃO PAULO,SÃO PAULO,ESTADUAL
2020-07-11,16:20:00,L01-AUTOBAN,SPM330E,110.5,SUL,-22.820555824638,-47.197123467922,COLISÃO,COLISÃO-TRASEIRA,NÃO INFORMADO,0,1,0,0,0,AUTOMÓVEL=2,SUMARÉ,CAMPINAS,CAMPINAS,ESTADUAL
2020-07-11,18:30:00,L28-ENTREVIAS,SP330,409.0,NORTE,-20.340757189,-47.8077742383,COLISÃO,COLISÃO-TRASEIRA,IMPRUD. CONDUTOR-FALTA DE ATENÇÃO,1,1,0,0,0,AUTOMÓVEL=1|CAMINHÃO=1,ITUVERAVA,FRANCA,RIBEIRÃO PRETO,ESTADUAL
2020-07-11,21:08:00,L28-ENTREVIAS,SP330,355.0,NORTE,-20.8038520001,-47.8915684992,COLISÃO,COLISÃO-TRASEIRA,IMPRUD. CONDUTOR-BAIXA VELOCIDADE,3,0,0,0,0,AUTOMÓVEL=1|CAMINHÃO=2,SALES OLIVEIRA,FRANCA,RIBEIRÃO PRETO,ESTADUAL
2020-07-11,21:55:00,L28-ENTREVIAS,SP330,371.0,SUL,-20.6629292855,-47.8824160291,COLISÃO,COLISÃO-TRASEIRA,IMPRUD. CONDUTOR-BAIXA VELOCIDADE,1,0,0,0,0,AUTOMÓVEL=1|CAMINHÃO=1,ORLÂNDIA,FRANCA,RIBEIRÃO PRETO,ESTADUAL
2020-07-11,23:58:00,L01-AUTOBAN,SP330,12.0,NORTE,-23.509174607034,-46.730620265007,CHOQUE,CHOQUE-BARREIRA DE CONCRETO,NÃO INFORMADO,0,0,0,0,0,AUTOMÓVEL=2|NÃO INFORMADO=1,SÃO PAULO,REG. METROPOLITANA SÃO PAULO,SÃO PAULO,ESTADUAL
2020-07-12,02:18:00,L01-AUTOBAN,SP330,108.6,NORTE,-22.829458629822,-47.181193818351,COLISÃO,COLISÃO-TRASEIRA,NÃO INFORMADO,0,1,0,0,0,AUTOMÓVEL=1|NÃO INFORMADO=1,SUMARÉ,CAMPINAS,CAMPINAS,ESTADUAL
2020-07-12,12:45:00,L01-AUTOBAN,SPM330D,112.3,NORTE,-22.811700869247,-47.211182020746,COLISÃO,COLISÃO-LATERAL,NÃO INFORMADO,0,0,0,0,0,AUTOMÓVEL=1|NÃO INFORMADO=1,SUMARÉ,CAMPINAS,CAMPINAS,ESTADUAL
2020-07-12,18:34:00,L01-AUTOBAN,SP330,134.2,SUL,-22.653622188761,-47.32375220523,COLISÃO,COLISÃO-LATERAL,NÃO INFORMADO,0,0,1,0,0,AUTOMÓVEL=1|BICICLETA=1,LIMEIRA,CAMPINAS,RIO CLARO,ESTADUAL
2020-07-12,20:30:00,L01-AUTOBAN,SP330,106.14,NORTE,-22.845519369292,-47.165003464078,CHOQUE,CHOQUE-VEÍCULO PARADO NA PISTA,NÃO INFORMADO,0,1,0,1,0,AUTOMÓVEL=1|MOTO=1,SUMARÉ,CAMPINAS,CAMPINAS,ESTADUAL
2020-07-12,21:38:00,L01-AUTOBAN,SPM330D,56.4,NORTE,-23.208912598525,-46.894680272785,COLISÃO,COLISÃO-TRASEIRA,NÃO INFORMADO,0,0,0,0,0,MOTO=1|NÃO INFORMADO=1,JUNDIAÍ,CAMPINAS,CAMPINAS,ESTADUAL
2020-07-12,21:50:00,L01-AUTOBAN,SPM330E,99.0,SUL,-22.887972406914,-47.113489508629,ENGAVETAMENTO,ENGAVETAMENTO,NÃO INFORMADO,0,0,0,4,0,AUTOMÓVEL=3,CAMPINAS,CAMPINAS,CAMPINAS,ESTADUAL
2020-07-12,23:58:00,L28-ENTREVIAS,SP330,383.0,NORTE,-20.5582085061,-47.8640154864,ENGAVETAMENTO,ENGAVETAMENTO,FATOR-HUMANO,1,2,2,0,0,CAMINHÃO=2|ÔNIBUS=1,SÃO JOAQUIM DA BARRA,FRANCA,RIBEIRÃO PRETO,ESTADUAL
2020-07-13,07:59:00,L01-AUTOBAN,SP330,104.0,NORTE,-22.856805,-47.148633,COLISÃO,COLISÃO-TRASEIRA,NÃO INFORMADO,0,0,0,0,0,AUTOMÓVEL=1|CARRETA=1,CAMPINAS,CAMPINAS,CAMPINAS,ESTADUAL
2020-07-13,13:36:00,L29-VIAPAULISTA,SP330,244.5,SUL,-21.73114204,-47.58504868,TOMBAMENTO,TOMBAMENTO,OBRAS,0,1,0,0,0,MOTO=1,SANTA RITA DO PASSA QUATRO,CENTRAL,RIBEIRÃO PRETO,ESTADUAL
2020-07-13,14:12:00,L01-AUTOBAN,SP330,118.0,NORTE,-22.768865993015,-47.240797877312,COLISÃO,COLISÃO-LATERAL,NÃO INFORMADO,0,0,0,0,0,CARRETA=2,NOVA ODESSA,CAMPINAS,RIO CLARO,ESTADUAL
2020-07-13,14:33:00,L06-INTERVIAS,SP330,195.0,NORTE,-22.13170052,-47.40930176,COLISÃO,COLISÃO-LATERAL,IMPRUD. CONDUTOR,2,0,0,0,0,AUTOMÓVEL=1|CAMINHÃO=1,LEME,CAMPINAS,RIO CLARO,ESTADUAL
2020-07-13,19:50:00,L28-ENTREVIAS,SP330,366.15,SUL,-20.7073326384,-47.8925634235,COLISÃO,COLISÃO-TRASEIRA,IMPRUD. CONDUTOR-DORMIR AO VOLANTE,2,0,0,0,0,AUTOMÓVEL=1|CAMINHÃO=1,ORLÂNDIA,FRANCA,RIBEIRÃO PRETO,ESTADUAL
2020-07-14,06:29:00,L29-VIAPAULISTA,SP330,316.0,SUL,-21.13206482,-47.76647949,ATROPELAMENTO DE ANIMAL,ATROP. ANIMAL,ANIMAL NA RODOVIA,1,0,0,0,0,AUTOMÓVEL=1,RIBEIRÃO PRETO,RIBEIRÃO PRETO,RIBEIRÃO PRETO,ESTADUAL
2020-07-14,06:37:00,L28-ENTREVIAS,SP330,394.3,SUL,-20.4696654068,-47.8395651557,TOMBAMENTO,TOMBAMENTO-VEÍCULOS PESADOS,IMPRUD. CONDUTOR-DORMIR AO VOLANTE,0,1,0,0,0,CAMINHÃO=1,GUARÁ,FRANCA,RIBEIRÃO PRETO,ESTADUAL
2020-07-14,09:47:00,L01-AUTOBAN,SPM330E,91.5,SUL,-22.93910810203,-47.068911194801,CHOQUE,CHOQUE-TALUDE OU BARRANCO,NÃO INFORMADO,0,0,0,0,0,AUTOMÓVEL=1,CAMPINAS,CAMPINAS,CAMPINAS,ESTADUAL
2020-07-14,10:23:00,L01-AUTOBAN,SP330,29.0,SUL,-23.409410946036,-46.820742487907,COLISÃO,COLISÃO-TRANSVERSAL,NÃO INFORMADO,0,1,0,0,0,CAMINHÃO=1|MOTO=1,SÃO PAULO,REG. METROPOLITANA SÃO PAULO,SÃO PAULO,ESTADUAL
2020-07-14,12:05:00,L01-AUTOBAN,SP330,85.6,NORTE,-22.985456207212,-47.041699428559,COLISÃO,COLISÃO-LATERAL,NÃO INFORMADO,0,0,0,0,0,AUTOMÓVEL=1|CARRETA=1,VALINHOS,CAMPINAS,CAMPINAS,ESTADUAL
2020-07-14,14:17:00,L29-VIAPAULISTA,SP330,308.3,NORTE,-21.1986618,-47.75786209,COLISÃO,COLISÃO-TRASEIRA,IMPRUD. CONDUTOR,2,0,0,0,0,AUTOMÓVEL=2,RIBEIRÃO PRETO,RIBEIRÃO PRETO,RIBEIRÃO PRETO,ESTADUAL
2020-07-14,16:59:00,L01-AUTOBAN,SPM330E,106.4,SUL,-22.844014498306,-47.166911612039,TOMBAMENTO,TOMBAMENTO-MOTO,NÃO INFORMADO,0,0,1,0,0,MOTO=1,SUMARÉ,CAMPINAS,CAMPINAS,ESTADUAL
2020-07-14,23:49:00,L06-INTERVIAS,SP330,233.0,NORTE,-21.80240059,-47.50519943,ATROPELAMENTO DE ANIMAL,ATROP. ANIMAL,ANIMAL NA RODOVIA,0,2,0,0,0,CAMINHONETE=1|MOTO=1|NÃO INFORMADO=1,SANTA RITA DO PASSA QUATRO,CENTRAL,RIBEIRÃO PRETO,ESTADUAL
2020-07-15,00:07:00,L06-INTERVIAS,SP330,166.5,SUL,-22.38529968,-47.39429855,COLISÃO,COLISÃO-TRASEIRA,IMPRUD. CONDUTOR,2,0,0,0,0,CAMINHÃO=2,ARARAS,CAMPINAS,RIO CLARO,ESTADUAL
2020-07-15,03:46:00,L28-ENTREVIAS,SP330,435.0,SUL,-20.1143393686,-47.7915756662,CHOQUE,CHOQUE-OBJETO NA PISTA,OBJETO NA PISTA,1,0,0,0,0,CAMINHONETE=1,ARAMINA,FRANCA,RIBEIRÃO PRETO,ESTADUAL
2020-07-15,06:39:00,L01-AUTOBAN,SP330,103.7,SUL,-22.858710761818,-47.145961051468,CHOQUE,CHOQUE-SINALIZAÇÃO,NÃO INFORMADO,0,0,0,0,0,CARRETA=1|VAN/PERUA=1,CAMPINAS,CAMPINAS,CAMPINAS,ESTADUAL
2020-07-15,10:41:00,L28-ENTREVIAS,SP330,380.0,SUL,-20.5838678237,-47.8773694999,OBJETO LANÇADO CONTRA O VEÍCULO,OBJETO LANÇADO CONTRA VEÍCULO,OBJETO LANÇADO-TERCEIROS,1,0,0,0,0,CAMIONETA / UTILITÁRIO=1,SÃO JOAQUIM DA BARRA,FRANCA,RIBEIRÃO PRETO,ESTADUAL
2020-07-15,12:48:00,L28-ENTREVIAS,SPA355/330,4.2,LESTE,-20.7826217263,-47.8556261584,TOMBAMENTO,TOMBAMENTO-VEÍCULOS PESADOS,ESTOURO/FURO DE PNEU,1,0,0,0,0,CAMINHÃO=1,SALES OLIVEIRA,FRANCA,RIBEIRÃO PRETO,ESTADUAL
2020-07-15,14:22:00,L01-AUTOBAN,SP330,152.3,NORTE,-22.511224303835,-47.396444331516,COLISÃO,COLISÃO-LATERAL,NÃO INFORMADO,0,0,0,0,0,CARRETA=2,LIMEIRA,CAMPINAS,RIO CLARO,ESTADUAL
2020-07-15,15:49:00,L06-INTERVIAS,SP330,200.2,NORTE,-22.0860405,-47.41989899,COLISÃO,COLISÃO-TRASEIRA,IMPRUD. CONDUTOR,1,1,0,0,0,CAMINHÃO=1|MOTO=1,SANTA CRUZ DA CONCEIÇÃO,CAMPINAS,RIO CLARO,ESTADUAL
2020-07-15,18:11:00,L01-AUTOBAN,SPM330D,96.18,NORTE,-22.910123061679,-47.102554466292,COLISÃO,COLISÃO-LATERAL,NÃO INFORMADO,0,0,1,0,0,AUTOMÓVEL=1|MOTO=1,CAMPINAS,CAMPINAS,CAMPINAS,ESTADUAL
2020-07-15,18:22:00,L06-INTERVIAS,SP330,199.5,SUL,-22.09210014,-47.41825104,OBJETO LANÇADO CONTRA O VEÍCULO,OBJETO LANÇADO CONTRA VEÍCULO,OBJETO LANÇADO,1,0,0,0,0,AUTOMÓVEL=1,SANTA CRUZ DA CONCEIÇÃO,CAMPINAS,RIO CLARO,ESTADUAL
2020-07-15,18:25:00,L01-AUTOBAN,SP330,24.5,NORTE,-23.430333403917,-46.786914415451,COLISÃO,COLISÃO-TRASEIRA,NÃO INFORMADO,0,0,0,0,0,AUTOMÓVEL=1|NÃO INFORMADO=1,SÃO PAULO,REG. METROPOLITANA SÃO PAULO,SÃO PAULO,ESTADUAL
2020-07-16,05:21:00,L01-AUTOBAN,SP330,58.2,SUL,-23.195454165941,-46.90441990125,ATROPELAMENTO DE ANIMAL,ATROP. ANIMAL,NÃO INFORMADO,0,0,0,0,0,AUTOMÓVEL=1,JUNDIAÍ,CAMPINAS,CAMPINAS,ESTADUAL
2020-07-16,05:57:00,L01-AUTOBAN,SP330,141.0,NORTE,-22.605245588286,-47.361942529678,COLISÃO,COLISÃO-TRASEIRA,NÃO INFORMADO,0,0,0,0,0,NÃO INFORMADO=1|VAN/PERUA=1,LIMEIRA,CAMPINAS,RIO CLARO,ESTADUAL
2020-07-16,13:11:00,L01-AUTOBAN,SP330,55.2,SUL,-23.215194645549,-46.885586506098,CHOQUE,CHOQUE-ELEMENTO DE DRENAGEM,NÃO INFORMADO,0,0,1,0,0,AUTOMÓVEL=1,JUNDIAÍ,CAMPINAS,CAMPINAS,ESTADUAL
2020-07-16,14:07:00,L06-INTERVIAS,SP330,170.5,SUL,-22.35345078,-47.39503098,COLISÃO,COLISÃO-LATERAL,IMPRUDÊNCIA,3,0,0,0,0,AUTOMÓVEL=1|CAMINHÃO=1,ARARAS,CAMPINAS,RIO CLARO,ESTADUAL
2020-07-16,15:13:00,L01-AUTOBAN,SP330,118.27,NORTE,-22.767340811092,-47.24268366138,COLISÃO,COLISÃO-LATERAL,NÃO INFORMADO,0,0,0,0,0,BITREM/CVC=1|CARRETA=1,NOVA ODESSA,CAMPINAS,RIO CLARO,ESTADUAL
2020-07-16,17:21:00,L01-AUTOBAN,SPM330D,106.8,NORTE,-22.840863349821,-47.169474839034,ENGAVETAMENTO,ENGAVETAMENTO,NÃO INFORMADO,0,0,0,0,0,AUTOMÓVEL=3,SUMARÉ,CAMPINAS,CAMPINAS,ESTADUAL
2020-07-16,18:19:00,L01-AUTOBAN,SPM330E,113.0,SUL,-22.807279181437,-47.216427326202,COLISÃO,COLISÃO-TRASEIRA,NÃO INFORMADO,0,2,0,0,0,AUTOMÓVEL=2,SUMARÉ,CAMPINAS,CAMPINAS,ESTADUAL
2020-07-16,18:47:00,L28-ENTREVIAS,SP330,408.0,SUL,-20.3490622008,-47.8127539554,COLISÃO,COLISÃO-TRASEIRA,IMPRUD. CONDUTOR-DIST. INADEQUADA ENTRE VEÍC.,1,1,0,0,0,CAMINHÃO=2,ITUVERAVA,FRANCA,RIBEIRÃO PRETO,ESTADUAL
2020-07-16,19:51:00,L01-AUTOBAN,SP330,48.4,SUL,-23.270638417303,-46.869000789066,ATROPELAMENTO DE ANIMAL,ATROP. ANIMAL,NÃO INFORMADO,0,0,0,0,0,AUTOMÓVEL=1,JUNDIAÍ,CAMPINAS,CAMPINAS,ESTADUAL
2020-07-16,20:14:00,L01-AUTOBAN,SPM330D,108.8,NORTE,-22.828416374739,-47.182534953554,COLISÃO,COLISÃO-TRASEIRA,NÃO INFORMADO,0,1,0,0,0,AUTOMÓVEL=2,SUMARÉ,CAMPINAS,CAMPINAS,ESTADUAL
2020-07-16,21:58:00,L01-AUTOBAN,SP330,149.2,SUL,-22.536307217132,-47.382469995209,CHOQUE,CHOQUE-ELEMENTO DE DRENAGEM,NÃO INFORMADO,0,1,0,0,0,MOTO=1,LIMEIRA,CAMPINAS,RIO CLARO,ESTADUAL
2020-07-17,00:08:00,L01-AUTOBAN,SP330,71.0,NORTE,-23.097521444929,-46.968086957932,CHOQUE,CHOQUE-BARREIRA DE CONCRETO,NÃO INFORMADO,0,2,3,0,0,AUTOMÓVEL=1,LOUVEIRA,CAMPINAS,CAMPINAS,ESTADUAL
2020-07-17,06:19:00,L28-ENTREVIAS,SP330,402.5,NORTE,-20.3997943205,-47.8207562576,OBJETO LANÇADO CONTRA O VEÍCULO,OBJETO LANÇADO CONTRA VEÍCULO,OBJETO LANÇADO-TERCEIROS,1,0,0,0,0,AUTOMÓVEL=1,GUARÁ,FRANCA,RIBEIRÃO PRETO,ESTADUAL
2020-07-17,10:53:00,L01-AUTOBAN,SP330,72.8,NORTE,-23.084064907451,-46.976863051683,ATROPELAMENTO DE PEDESTRE,ATROP. PEDESTRE-MORADOR/TRABALHADOR/ESTUDANTE,NÃO INFORMADO,1,0,0,1,0,AUTOMÓVEL=1|NÃO SE APLICA=1,LOUVEIRA,CAMPINAS,CAMPINAS,ESTADUAL
2020-07-17,11:22:00,L28-ENTREVIAS,SP330,347.3,NORTE,-20.8793600275,-47.897705,CHOQUE,CHOQUE-BARREIRA DE CONCRETO,FATOR-HUMANO,1,0,0,0,0,AUTOMÓVEL=1,SALES OLIVEIRA,FRANCA,RIBEIRÃO PRETO,ESTADUAL
2020-07-17,13:43:00,L01-AUTOBAN,SP330,98.7,SUL,-22.890454259886,-47.112728289967,COLISÃO,COLISÃO-TRASEIRA,NÃO INFORMADO,0,0,0,0,0,AUTOMÓVEL=1|CAMINHÃO=1,CAMPINAS,CAMPINAS,CAMPINAS,ESTADUAL
2020-07-17,16:50:00,L01-AUTOBAN,SP330,149.7,NORTE,-22.532024723709,-47.38511098346,ENGAVETAMENTO,ENGAVETAMENTO,NÃO INFORMADO,0,1,0,0,0,AUTOMÓVEL=1|MOTO=1|UTILITÁRIO=1,LIMEIRA,CAMPINAS,RIO CLARO,ESTADUAL
2020-07-17,16:53:00,L01-AUTOBAN,SP330,14.0,NORTE,-23.507052,-46.749681,COLISÃO,COLISÃO-LATERAL,NÃO INFORMADO,0,0,0,0,0,MOTO=1|NÃO INFORMADO=1,SÃO PAULO,REG. METROPOLITANA SÃO PAULO,SÃO PAULO,ESTADUAL
2020-07-17,17:38:00,L01-AUTOBAN,SP330,21.2,NORTE,-23.459173719366,-46.782422308033,ENGAVETAMENTO,ENGAVETAMENTO,NÃO INFORMADO,0,0,0,0,0,AUTOMÓVEL=3|NÃO INFORMADO=1,SÃO PAULO,REG. METROPOLITANA SÃO PAULO,SÃO PAULO,ESTADUAL
2020-07-17,18:01:00,L01-AUTOBAN,SP330,53.0,SUL,-23.230945296234,-46.87306702137,COLISÃO,COLISÃO-LATERAL,NÃO INFORMADO,0,0,0,0,0,AUTOMÓVEL=1|BITREM/CVC=1,JUNDIAÍ,CAMPINAS,CAMPINAS,ESTADUAL
2020-07-17,18:45:00,L28-ENTREVIAS,SP330,345.3,SUL,-20.8970627291,-47.8935056885,COLISÃO,COLISÃO-TRANSVERSAL,CICLISTA NA RODOVIA,1,0,0,0,1,AUTOMÓVEL=1|NÃO INFORMADO=1,SALES OLIVEIRA,FRANCA,RIBEIRÃO PRETO,ESTADUAL
2020-07-17,19:04:00,L01-AUTOBAN,SP330,115.0,SUL,-22.792453279527,-47.226313948631,ATROPELAMENTO DE PEDESTRE,ATROP. PEDESTRE-MORADOR/TRABALHADOR/ESTUDANTE,NÃO INFORMADO,0,3,0,0,0,MOTO=1|NÃO SE APLICA=1,SUMARÉ,CAMPINAS,CAMPINAS,ESTADUAL
2020-07-17,19:17:00,L01-AUTOBAN,SP330,49.2,NORTE,-23.263822823263,-46.867450475529,CHOQUE,CHOQUE-DEFENSA METÁLICA,NÃO INFORMADO,0,2,0,0,0,UTILITÁRIO=1,JUNDIAÍ,CAMPINAS,CAMPINAS,ESTADUAL
2020-07-17,23:12:00,L29-VIAPAULISTA,SP330,302.755,SUL,-21.24927902,-47.75617599,COLISÃO,COLISÃO-TRASEIRA,NÃO INFORMADO,2,0,0,0,0,CAMINHÃO=2,RIBEIRÃO PRETO,RIBEIRÃO PRETO,RIBEIRÃO PRETO,ESTADUAL
2020-07-17,23:36:00,L29-VIAPAULISTA,SP330,302.755,SUL,-21.24927902,-47.75617599,CHOQUE,CHOQUE-OBJETO NA PISTA,ACIDENTE,5,0,0,0,0,AUTOMÓVEL=1,RIBEIRÃO PRETO,RIBEIRÃO PRETO,RIBEIRÃO PRETO,ESTADUAL
2020-07-18,08:14:00,L01-AUTOBAN,SP330,98.0,SUL,-22.896245165998,-47.110952138901,TOMBAMENTO,TOMBAMENTO-MOTO,NÃO INFORMADO,0,1,0,0,0,MOTO=1,CAMPINAS,CAMPINAS,CAMPINAS,ESTADUAL
2020-07-18,11:04:00,L01-AUTOBAN,SPM330E,86.0,SUL,-22.982950250049,-47.04378426075,COLISÃO,COLISÃO-LATERAL,NÃO INFORMADO,0,0,0,0,0,AUTOMÓVEL=2,VALINHOS,CAMPINAS,CAMPINAS,ESTADUAL
2020-07-18,17:29:00,L01-AUTOBAN,SP330,84.7,SUL,-22.992230514051,-47.03721926835,COLISÃO,COLISÃO-LATERAL,NÃO INFORMADO,0,0,0,0,0,AUTOMÓVEL=2,VALINHOS,CAMPINAS,CAMPINAS,ESTADUAL
2020-07-18,20:16:00,L01-AUTOBAN,SP330,65.0,NORTE,-23.144390043902,-46.939296126366,CHOQUE,CHOQUE-BARREIRA DE CONCRETO,NÃO INFORMADO,0,8,0,0,0,AUTOMÓVEL=2|VAN/PERUA=1,JUNDIAÍ,CAMPINAS,CAMPINAS,ESTADUAL
2020-07-18,21:13:00,L28-ENTREVIAS,SP330,378.0,SUL,-20.600807902,-47.883557913,COLISÃO,COLISÃO-LATERAL,IMPRUD. CONDUTOR-FALTA DE ATENÇÃO,2,0,0,0,0,AUTOMÓVEL=2,SÃO JOAQUIM DA BARRA,FRANCA,RIBEIRÃO PRETO,ESTADUAL
2020-07-18,21:25:00,L06-INTERVIAS,SP330,210.0,SUL,-22.00079918,-47.44509888,COLISÃO,COLISÃO-TRANSVERSAL,IMPRUD. CONDUTOR-DESRESPEITO À SINALIZAÇÃO,2,0,0,0,0,AUTOMÓVEL=1|ÔNIBUS=1,PIRASSUNUNGA,CAMPINAS,RIO CLARO,ESTADUAL
2020-07-18,22:53:00,L01-AUTOBAN,SPM330D,51.4,NORTE,-23.244786286779,-46.867174430084,ATROPELAMENTO DE ANIMAL,ATROP. ANIMAL,NÃO INFORMADO,0,0,1,0,0,MOTO=1,JUNDIAÍ,CAMPINAS,CAMPINAS,ESTADUAL
2020-07-18,22:57:00,L01-AUTOBAN,SPM330E,97.0,SUL,-22.904379059715,-47.107846140862,TOMBAMENTO,TOMBAMENTO-MOTO,NÃO INFORMADO,0,1,0,0,0,MOTO=1,CAMPINAS,CAMPINAS,CAMPINAS,ESTADUAL
2020-07-19,00:45:00,L01-AUTOBAN,SP330,35.5,SUL,-23.36484060271,-46.846963455368,CHOQUE,CHOQUE-BARREIRA DE CONCRETO,NÃO INFORMADO,0,0,0,0,0,AUTOMÓVEL=1,CAJAMAR,REG. METROPOLITANA SÃO PAULO,SÃO PAULO,ESTADUAL
2020-07-19,00:48:00,L28-ENTREVIAS,SP330,420.771,SUL,-20.24303598,-47.7972054543,TOMBAMENTO,TOMBAMENTO-VEÍCULOS PESADOS,PANE MECÂNICA/ELÉTRICA,0,1,0,0,0,CAMINHÃO=1,BURITIZAL,FRANCA,RIBEIRÃO PRETO,ESTADUAL
2020-07-19,01:57:00,L01-AUTOBAN,SPM330D,109.88,NORTE,-22.823236343902,-47.191447997302,COLISÃO,COLISÃO-TRASEIRA,NÃO INFORMADO,0,2,0,0,0,AUTOMÓVEL=2,SUMARÉ,CAMPINAS,CAMPINAS,ESTADUAL
2020-07-19,03:13:00,L28-ENTREVIAS,SP330,382.141,NORTE,-20.5676864601,-47.8688318461,CAPOTAMENTO,CAPOTAMENTO,FATOR-HUMANO,1,0,0,0,0,AUTOMÓVEL=1,SÃO JOAQUIM DA BARRA,FRANCA,RIBEIRÃO PRETO,ESTADUAL
2020-07-19,07:43:00,L01-AUTOBAN,SP330,92.2,NORTE,-22.93403645795,-47.072904444467,COLISÃO,COLISÃO-LATERAL,NÃO INFORMADO,0,1,0,0,0,AUTOMÓVEL=2,CAMPINAS,CAMPINAS,CAMPINAS,ESTADUAL
2020-07-19,17:50:00,L01-AUTOBAN,SP330,72.0,NORTE,-23.090420658481,-46.972727179527,CHOQUE,CHOQUE-BARREIRA DE CONCRETO,NÃO INFORMADO,0,1,0,0,0,AUTOMÓVEL=1,LOUVEIRA,CAMPINAS,CAMPINAS,ESTADUAL
2020-07-19,18:34:00,L01-AUTOBAN,SP330,24.8,SUL,-23.428229062233,-46.787373787362,CHOQUE,CHOQUE-SINALIZAÇÃO,NÃO INFORMADO,0,0,0,0,0,AUTOMÓVEL=1,SÃO PAULO,REG. METROPOLITANA SÃO PAULO,SÃO PAULO,ESTADUAL
2020-07-19,19:02:00,L29-VIAPAULISTA,SP330,298.1,NORTE,-21.28844452,-47.74783707,CAPOTAMENTO,CAPOTAMENTO,IMPRUD. CONDUTOR-PERDA DE CONTROLE,0,0,0,0,1,AUTOMÓVEL=1,CRAVINHOS,RIBEIRÃO PRETO,RIBEIRÃO PRETO,ESTADUAL
2020-07-19,19:19:00,L01-AUTOBAN,SP330,72.24,SUL,-23.088725664588,-46.974075997555,CHOQUE,CHOQUE-BARREIRA DE CONCRETO,NÃO INFORMADO,0,1,0,0,0,AUTOMÓVEL=2,LOUVEIRA,CAMPINAS,CAMPINAS,ESTADUAL
2020-07-19,19:35:00,L29-VIAPAULISTA,SP330,281.0,NORTE,-21.41406631,-47.66450119,CHOQUE,CHOQUE-VEÍCULO PARADO NA PISTA,IMPRUD. CONDUTOR,5,0,0,0,0,AUTOMÓVEL=1|CAMINHÃO=1,SÃO SIMÃO,RIBEIRÃO PRETO,RIBEIRÃO PRETO,ESTADUAL
2020-07-19,19:57:00,L01-AUTOBAN,SP330,20.0,NORTE,-23.468944569907,-46.778873205185,COLISÃO,COLISÃO-TRASEIRA,NÃO INFORMADO,0,2,0,0,0,AUTOMÓVEL=2,OSASCO,REG. METROPOLITANA SÃO PAULO,SÃO PAULO,ESTADUAL
2020-07-19,21:44:00,L28-ENTREVIAS,SP330,367.2,SUL,-20.6976451884,-47.8907861396,ATROPELAMENTO DE ANIMAL,ATROP. ANIMAL-DOMÉSTICO PEQUENO PORTE,ANIMAL NA RODOVIA,2,0,0,0,0,AUTOMÓVEL=2,ORLÂNDIA,FRANCA,RIBEIRÃO PRETO,ESTADUAL
2020-07-20,05:13:00,L01-AUTOBAN,SPI102/330,2.1,NORTE,-22.882444079535,-47.130739331012,COLISÃO,COLISÃO-TRASEIRA,NÃO INFORMADO,0,1,0,0,0,AUTOMÓVEL=1|UTILITÁRIO=1,CAMPINAS,CAMPINAS,CAMPINAS,ESTADUAL
2020-07-20,16:26:00,L01-AUTOBAN,SPM330E,61.1,SUL,-23.174655487429,-46.919493365135,COLISÃO,COLISÃO-TRASEIRA,NÃO INFORMADO,0,0,1,0,0,AUTOMÓVEL=1|MOTO=1,JUNDIAÍ,CAMPINAS,CAMPINAS,ESTADUAL
2020-07-20,20:30:00,L29-VIAPAULISTA,SP330,299.3,NORTE,-21.27853012,-47.75247955,COLISÃO,COLISÃO-TRASEIRA,MAL SÚBITO DO CONDUTOR,1,1,0,0,0,CAMINHONETE=1|CAMINHÃO=1,CRAVINHOS,RIBEIRÃO PRETO,RIBEIRÃO PRETO,ESTADUAL
2020-07-20,21:14:00,L06-INTERVIAS,SP330,216.3,SUL,-21.94650459,-47.4635849,CHOQUE,CHOQUE-OBJETO NA PISTA,OBJETO NA PISTA,2,0,0,0,0,AUTOMÓVEL=1,PIRASSUNUNGA,CAMPINAS,RIO CLARO,ESTADUAL
2020-07-20,21:16:00,L06-INTERVIAS,SP330,216.3,SUL,-21.95859909,-47.45980072,CHOQUE,CHOQUE-OBJETO NA PISTA,OBJETO NA PISTA,1,0,0,0,0,AUTOMÓVEL=1,PIRASSUNUNGA,CAMPINAS,RIO CLARO,ESTADUAL
2020-07-20,21:25:00,L06-INTERVIAS,SP330,216.3,SUL,-21.94650459,-47.4635849,CHOQUE,CHOQUE-OBJETO NA PISTA,OBJETO NA PISTA,1,0,0,0,0,AUTOMÓVEL=1,PIRASSUNUNGA,CAMPINAS,RIO CLARO,ESTADUAL
2020-07-20,21:29:00,L06-INTERVIAS,SP330,216.3,SUL,-21.94650459,-47.4635849,CHOQUE,CHOQUE-OBJETO NA PISTA,OBJETO NA PISTA,1,0,0,0,0,AUTOMÓVEL=1,PIRASSUNUNGA,CAMPINAS,RIO CLARO,ESTADUAL
2020-07-20,23:28:00,L28-ENTREVIAS,SP330,424.0,SUL,-20.2090635016,-47.7875261541,COLISÃO,COLISÃO-TRASEIRA,IMPRUD. CONDUTOR-DIST. INADEQUADA ENTRE VEÍC.,2,0,1,0,0,CAMINHÃO=2,BURITIZAL,FRANCA,RIBEIRÃO PRETO,ESTADUAL
2020-07-21,02:24:00,L01-AUTOBAN,SP330,20.7,NORTE,-23.463181808013,-46.780645610834,CHOQUE,CHOQUE-BARREIRA DE CONCRETO,NÃO INFORMADO,0,0,0,0,0,CAMINHÃO=1,SÃO PAULO,REG. METROPOLITANA SÃO PAULO,SÃO PAULO,ESTADUAL
2020-07-21,06:29:00,L29-VIAPAULISTA,SP330,315.2,NORTE,-21.13749123,-47.76288605,CHOQUE,CHOQUE-SINALIZAÇÃO,IMPRUD. CONDUTOR,1,0,0,0,0,CAMINHONETE=1,RIBEIRÃO PRETO,RIBEIRÃO PRETO,RIBEIRÃO PRETO,ESTADUAL
2020-07-21,10:47:00,L06-INTERVIAS,SP330,210.0,SUL,-22.00079918,-47.44509888,OBJETO LANÇADO CONTRA O VEÍCULO,OBJETO LANÇADO CONTRA VEÍCULO,OBJETO LANÇADO,1,0,0,0,0,AUTOMÓVEL=1,PIRASSUNUNGA,CAMPINAS,RIO CLARO,ESTADUAL
2020-07-21,12:17:00,L01-AUTOBAN,SP330,27.5,SUL,-23.413624830631,-46.807269752026,CHOQUE,CHOQUE-BARREIRA DE CONCRETO,NÃO INFORMADO,0,1,0,0,0,CAMINHÃO=1,SÃO PAULO,REG. METROPOLITANA SÃO PAULO,SÃO PAULO,ESTADUAL
2020-07-21,14:57:00,L29-VIAPAULISTA,SP330,286.1,NORTE,-21.38525963,-47.70103455,COLISÃO,COLISÃO-TRASEIRA,IMPRUD. CONDUTOR,2,0,0,0,0,AUTOMÓVEL=1|CAMINHÃO=1,CRAVINHOS,RIBEIRÃO PRETO,RIBEIRÃO PRETO,ESTADUAL
2020-07-21,16:57:00,L28-ENTREVIAS,SP330,368.0,NORTE,-20.68951767,-47.8885184785,COLISÃO,COLISÃO-LATERAL,IMPRUD. CONDUTOR-LEVOU FECHADA,2,0,0,0,0,CAMINHÃO=2,ORLÂNDIA,FRANCA,RIBEIRÃO PRETO,ESTADUAL
2020-07-21,19:08:00,L01-AUTOBAN,SP330,92.55,NORTE,-22.932146458983,-47.075555586089,CHOQUE,CHOQUE-VEÍCULO PARADO NO ACOSTAMENTO,NÃO INFORMADO,0,0,0,0,0,AUTOMÓVEL=1|CAMINHÃO=1,CAMPINAS,CAMPINAS,CAMPINAS,ESTADUAL
2020-07-21,19:55:00,L01-AUTOBAN,SPM330D,26.0,NORTE,-23.420506628573,-46.794564127922,TOMBAMENTO,TOMBAMENTO-MOTO,NÃO INFORMADO,0,0,0,0,1,AUTOMÓVEL=1|MOTO=2,SÃO PAULO,NÃO INFORMADO,NÃO INFORMADO,NÃO INFORMADO
2020-07-21,20:26:00,L01-AUTOBAN,SP330,99.2,NORTE,-22.88625057202,-47.114119278094,COLISÃO,COLISÃO-TRASEIRA,NÃO INFORMADO,0,0,1,0,0,AUTOMÓVEL=1|MOTO=1|NÃO INFORMADO=1,CAMPINAS,CAMPINAS,CAMPINAS,ESTADUAL
2020-07-21,22:08:00,L01-AUTOBAN,SPM330D,111.8,NORTE,-22.814511517828,-47.207523487241,CHOQUE,CHOQUE-VEÍCULO PARADO NA PISTA,NÃO INFORMADO,0,0,0,1,0,CAMINHÃO=1|MOTO=1,SUMARÉ,CAMPINAS,CAMPINAS,ESTADUAL
2020-07-21,22:32:00,L29-VIAPAULISTA,SP330,300.1,NORTE,-21.27186012,-47.75535965,COLISÃO,COLISÃO-TRASEIRA,IMPRUD. CONDUTOR,1,1,0,0,0,AUTOMÓVEL=1|CAMINHÃO=1,CRAVINHOS,RIBEIRÃO PRETO,RIBEIRÃO PRETO,ESTADUAL
2020-07-21,23:16:00,L01-AUTOBAN,SP330,73.72,SUL,-23.082094601638,-46.978459803718,COLISÃO,COLISÃO-TRASEIRA,NÃO INFORMADO,0,1,0,0,1,NÃO INFORMADO=1|NÃO SE APLICA=1|UTILITÁRIO=1,LOUVEIRA,CAMPINAS,CAMPINAS,ESTADUAL
2020-07-22,00:44:00,L29-VIAPAULISTA,SP330,307.0,NORTE,-21.21036911,-47.75847626,CHOQUE,"CHOQUE - DEFENSA, BARREIRA OU ""SUBMARINO""",IMPRUD. CONDUTOR,0,0,0,0,0,AUTOMÓVEL=1,RIBEIRÃO PRETO,RIBEIRÃO PRETO,RIBEIRÃO PRETO,ESTADUAL
2020-07-22,04:05:00,L01-AUTOBAN,SP330,137.0,NORTE,-22.630638622133,-47.336558103561,CHOQUE,CHOQUE-VEÍCULO PARADO NA PISTA,NÃO INFORMADO,0,1,0,0,0,MOTO=1,LIMEIRA,CAMPINAS,RIO CLARO,ESTADUAL
2020-07-22,07:40:00,L01-AUTOBAN,SP330,22.0,SUL,-23.45303514236,-46.78664624691,ENGAVETAMENTO,ENGAVETAMENTO,NÃO INFORMADO,0,0,0,0,0,AUTOMÓVEL=2|NÃO INFORMADO=1,SÃO PAULO,REG. METROPOLITANA SÃO PAULO,SÃO PAULO,ESTADUAL
2020-07-22,08:03:00,L29-VIAPAULISTA,SP330,253.0,NORTE,-21.65808105,-47.60906219,CHOQUE,CHOQUE-CANCELA DE PEDÁGIO-MANUAL,FALHA DE EQUIP. PEDÁGIO-PISTA AVI,1,0,0,0,0,CAMINHÃO=1,SANTA RITA DO PASSA QUATRO,CENTRAL,RIBEIRÃO PRETO,ESTADUAL
2020-07-22,11:25:00,L01-AUTOBAN,SPM330E,111.8,SUL,-22.814700404295,-47.207791709125,CHOQUE,CHOQUE-VEÍCULO PARADO NA PISTA,NÃO INFORMADO,0,0,0,0,0,CAMINHÃO=1|ÔNIBUS=1,SUMARÉ,CAMPINAS,CAMPINAS,ESTADUAL
2020-07-22,11:26:00,L06-INTERVIAS,SP330,215.8,SUL,-21.95100021,-47.46212006,TOMBAMENTO,TOMBAMENTO,ESTOURO/FURO DE PNEU,1,0,0,0,0,CAMINHÃO=1,PIRASSUNUNGA,CAMPINAS,RIO CLARO,ESTADUAL
2020-07-22,15:06:00,L06-INTERVIAS,SP330,176.8,SUL,-22.29347992,-47.3930397,CHOQUE,CHOQUE-OBJETO NA PISTA,OBJETO NA PISTA,1,0,0,0,0,AUTOMÓVEL=1,ARARAS,CAMPINAS,RIO CLARO,ESTADUAL
2020-07-22,16:55:00,L28-ENTREVIAS,SP330,389.0,NORTE,-20.5093661683,-47.8367582288,TOMBAMENTO,TOMBAMENTO-MOTO,ESTOURO/FURO DE PNEU,1,0,0,0,0,MOTOCICLETA / MOTONETA=1,SÃO JOAQUIM DA BARRA,FRANCA,RIBEIRÃO PRETO,ESTADUAL
2020-07-22,18:21:00,L01-AUTOBAN,SP330,142.46,SUL,-22.592402998649,-47.366607152867,COLISÃO,COLISÃO-TRASEIRA,NÃO INFORMADO,0,0,0,0,0,AUTOMÓVEL=2,LIMEIRA,CAMPINAS,RIO CLARO,ESTADUAL
2020-07-22,19:42:00,L01-AUTOBAN,SP330,101.57,NORTE,-22.870136040382,-47.128951475752,ATROPELAMENTO DE PEDESTRE,ATROP. PEDESTRE-ANDARILHO,NÃO INFORMADO,0,1,0,1,0,NÃO SE APLICA=1|VIATURA CONCESSIONÁRIA=1,CAMPINAS,CAMPINAS,CAMPINAS,ESTADUAL
2020-07-23,00:31:00,L06-INTERVIAS,SP330,182.9,SUL,-22.2387104,-47.39110184,COLISÃO,COLISÃO-TRASEIRA,IMPRUD. CONDUTOR,2,0,0,0,0,CAMINHÃO=2,LEME,CAMPINAS,RIO CLARO,ESTADUAL
2020-07-23,04:24:00,L01-AUTOBAN,SP330,18.0,SUL,-23.482190300948,-46.771175265312,CHOQUE,CHOQUE-ELEMENTO DE DRENAGEM,NÃO INFORMADO,0,1,0,0,0,MOTO=1,OSASCO,REG. METROPOLITANA SÃO PAULO,SÃO PAULO,ESTADUAL
2020-07-23,06:12:00,L01-AUTOBAN,SPM330D,101.0,NORTE,-22.873812661725,-47.124744057655,TOMBAMENTO,TOMBAMENTO-MOTO,NÃO INFORMADO,0,1,0,0,0,MOTO=1,CAMPINAS,CAMPINAS,CAMPINAS,ESTADUAL
2020-07-23,08:20:00,L01-AUTOBAN,SPM330E,82.4,SUL,-23.010306243949,-47.025193340919,COLISÃO,COLISÃO-TRASEIRA,NÃO INFORMADO,0,0,0,0,0,AUTOMÓVEL=1|ÔNIBUS=1,VALINHOS,NÃO INFORMADO,NÃO INFORMADO,NÃO INFORMADO
2020-07-23,09:47:00,L06-INTERVIAS,SP330,163.0,NORTE,-22.41629982,-47.39020157,OBJETO LANÇADO CONTRA O VEÍCULO,OBJETO LANÇADO CONTRA VEÍCULO,OBJETO LANÇADO,1,0,0,0,0,CAMINHONETE=1,ARARAS,CAMPINAS,RIO CLARO,ESTADUAL
2020-07-23,10:26:00,L29-VIAPAULISTA,SPA241/330,2.9,OESTE,-21.74365862,-47.53947794,CHOQUE,CHOQUE-SINALIZAÇÃO,IMPRUD. CONDUTOR-PERDA DE CONTROLE,0,1,0,0,0,AUTOMÓVEL=1,SANTA RITA DO PASSA QUATRO,CENTRAL,RIBEIRÃO PRETO,ESTADUAL
2020-07-23,16:55:00,L29-VIAPAULISTA,SP330,313.0,SUL,-21.15711975,-47.75663376,TOMBAMENTO,TOMBAMENTO,ESTOURO/FURO DE PNEU,0,1,0,0,0,MOTO=1,RIBEIRÃO PRETO,RIBEIRÃO PRETO,RIBEIRÃO PRETO,ESTADUAL
2020-07-23,17:25:00,L01-AUTOBAN,SP330,99.4,SUL,-22.884995215974,-47.115246898679,COLISÃO,COLISÃO-TRASEIRA,NÃO INFORMADO,0,0,0,0,0,AUTOMÓVEL=2,CAMPINAS,CAMPINAS,CAMPINAS,ESTADUAL
2020-07-23,18:19:00,L06-INTERVIAS,SP330,233.0,NORTE,-21.80240059,-47.50519943,CHOQUE,CHOQUE-OBJETO NA PISTA,OBJETO NA PISTA,1,0,0,0,0,CAMINHONETE=1,SANTA RITA DO PASSA QUATRO,CENTRAL,RIBEIRÃO PRETO,ESTADUAL
2020-07-23,21:19:00,L01-AUTOBAN,SP330,56.7,NORTE,-23.207421674839,-46.896876996382,ATROPELAMENTO DE ANIMAL,ATROP. ANIMAL,NÃO INFORMADO,0,0,0,0,0,AUTOMÓVEL=1,JUNDIAÍ,CAMPINAS,CAMPINAS,ESTADUAL
2020-07-23,22:31:00,L01-AUTOBAN,SP330,109.0,SUL,-22.827506,-47.184259,COLISÃO,COLISÃO-FRONTAL,NÃO INFORMADO,0,1,1,0,0,BICICLETA=1|MOTO=1,SUMARÉ,CAMPINAS,CAMPINAS,ESTADUAL
2020-07-23,23:18:00,L06-INTERVIAS,SP330,224.2,SUL,-22.11203957,-47.41236115,CHOQUE,CHOQUE-OBJETO NA PISTA,OBJETO NA PISTA,1,0,0,0,0,AUTOMÓVEL=1,PORTO FERREIRA,CENTRAL,RIO CLARO,ESTADUAL
2020-07-24,00:14:00,L01-AUTOBAN,SP330,120.1,NORTE,-22.755994415352,-47.255293178233,TOMBAMENTO,TOMBAMENTO-MOTO,NÃO INFORMADO,0,1,0,0,0,MOTO=1,AMERICANA,CAMPINAS,RIO CLARO,ESTADUAL
2020-07-24,00:57:00,L01-AUTOBAN,SP330,83.2,NORTE,-23.003912952796,-47.028914078092,COLISÃO,COLISÃO-LATERAL,NÃO INFORMADO,0,0,0,0,0,AUTOMÓVEL=2,VALINHOS,CAMPINAS,CAMPINAS,ESTADUAL
2020-07-24,06:45:00,L01-AUTOBAN,SP330,13.5,SUL,-23.50766933734,-46.745039820671,ENGAVETAMENTO,ENGAVETAMENTO,NÃO INFORMADO,0,0,0,0,0,AUTOMÓVEL=3,SÃO PAULO,REG. METROPOLITANA SÃO PAULO,SÃO PAULO,ESTADUAL
2020-07-24,06:45:00,L06-INTERVIAS,SP330,165.5,SUL,-22.3939991,-47.39210129,TOMBAMENTO,TOMBAMENTO,PANE MECÂNICA/ELÉTRICA,0,1,0,0,0,MOTO=1,ARARAS,CAMPINAS,RIO CLARO,ESTADUAL
2020-07-24,08:51:00,L01-AUTOBAN,SP330,102.8,SUL,-22.863690982208,-47.138048821442,COLISÃO,COLISÃO-TRASEIRA,NÃO INFORMADO,1,0,0,0,0,MOTO=1|UTILITÁRIO=1,CAMPINAS,CAMPINAS,CAMPINAS,ESTADUAL
2020-07-24,10:34:00,L29-VIAPAULISTA,SPA241/330,7.7,OESTE,-21.73080161,-47.49517345,TOMBAMENTO,TOMBAMENTO,IMPRUD. CONDUTOR,1,0,0,0,0,CAMINHÃO=1,SANTA RITA DO PASSA QUATRO,CENTRAL,RIBEIRÃO PRETO,ESTADUAL
2020-07-24,15:35:00,L01-AUTOBAN,SP330,60.0,SUL,-23.181167952022,-46.911588907242,COLISÃO,COLISÃO-TRASEIRA,NÃO INFORMADO,0,2,0,0,0,AUTOMÓVEL=1|MOTO=1,JUNDIAÍ,CAMPINAS,CAMPINAS,ESTADUAL
2020-07-24,15:52:00,L01-AUTOBAN,SP330,21.7,SUL,-23.45542236046,-46.785086814555,ENGAVETAMENTO,ENGAVETAMENTO,NÃO INFORMADO,0,1,0,0,0,AUTOMÓVEL=3|CAMINHÃO=1,SÃO PAULO,REG. METROPOLITANA SÃO PAULO,SÃO PAULO,ESTADUAL
2020-07-24,18:18:00,L01-AUTOBAN,SP330,30.0,SUL,-23.405300286201,-46.828966140747,ENGAVETAMENTO,ENGAVETAMENTO,NÃO INFORMADO,0,0,0,0,0,AUTOMÓVEL=3,CAJAMAR,REG. METROPOLITANA SÃO PAULO,SÃO PAULO,ESTADUAL
2020-07-24,21:02:00,L01-AUTOBAN,SP330,55.0,SUL,-23.216229975306,-46.884031891823,CHOQUE,CHOQUE-BARREIRA DE CONCRETO,NÃO INFORMADO,0,0,0,0,0,CAMINHÃO=1,JUNDIAÍ,CAMPINAS,CAMPINAS,ESTADUAL
2020-07-24,22:55:00,L01-AUTOBAN,SP330,71.15,NORTE,-23.096456316126,-46.968782998251,CHOQUE,CHOQUE-DEFENSA METÁLICA,NÃO INFORMADO,0,0,0,0,0,AUTOMÓVEL=1,LOUVEIRA,CAMPINAS,CAMPINAS,ESTADUAL
2020-07-25,04:30:00,L28-ENTREVIAS,SP330,368.0,SUL,-20.6894660335,-47.8887659888,ATROPELAMENTO DE ANIMAL,ATROP. ANIMAL-DOMÉSTICO GRANDE PORTE,ANIMAL NA RODOVIA,0,0,0,1,0,AUTOMÓVEL=1,ORLÂNDIA,FRANCA,RIBEIRÃO PRETO,ESTADUAL
2020-07-25,05:21:00,L01-AUTOBAN,SP330,95.5,NORTE,-22.919284376611,-47.094396226266,ATROPELAMENTO DE ANIMAL,ATROP. ANIMAL,NÃO INFORMADO,0,0,0,0,0,AUTOMÓVEL=1,CAMPINAS,CAMPINAS,CAMPINAS,ESTADUAL
2020-07-25,05:45:00,L28-ENTREVIAS,SP330,359.2,NORTE,-20.7708586025,-47.8915369243,CHOQUE,CHOQUE-TALUDE OU BARRANCO,IMPRUD. CONDUTOR-DORMIR AO VOLANTE,0,1,0,0,0,CAMINHÃO=1,ORLÂNDIA,FRANCA,RIBEIRÃO PRETO,ESTADUAL
2020-07-25,07:35:00,L06-INTERVIAS,SP330,238.0,NORTE,-21.77300072,-47.54190063,TOMBAMENTO,TOMBAMENTO,IMPRUD. CONDUTOR-PERDA DE CONTROLE,1,0,0,0,0,CAMINHÃO=1,SANTA RITA DO PASSA QUATRO,CENTRAL,RIBEIRÃO PRETO,ESTADUAL
2020-07-25,14:44:00,L01-AUTOBAN,SP330,64.1,NORTE,-23.152336334971,-46.935964817121,CHOQUE,CHOQUE-BARREIRA DE CONCRETO,NÃO INFORMADO,0,0,0,0,0,AUTOMÓVEL=2,JUNDIAÍ,CAMPINAS,CAMPINAS,ESTADUAL
2020-07-25,14:45:00,L01-AUTOBAN,SP330,88.34,NORTE,-22.96354163975,-47.054802867879,QUEDA,"QUEDA-VEÍCULO EM RIBANCEIRA,PONTE OU VIADUTO",NÃO INFORMADO,0,0,0,0,0,NÃO INFORMADO=1|VAN/PERUA=1,CAMPINAS,CAMPINAS,CAMPINAS,ESTADUAL
2020-07-25,17:23:00,L01-AUTOBAN,SPM330E,96.65,SUL,-22.906974975533,-47.105585584959,COLISÃO,COLISÃO-LATERAL,NÃO INFORMADO,0,0,0,0,0,AUTOMÓVEL=2,CAMPINAS,CAMPINAS,CAMPINAS,ESTADUAL
2020-07-25,17:27:00,L01-AUTOBAN,SP330,27.0,NORTE,-23.416022194568,-46.802911162376,TOMBAMENTO,TOMBAMENTO,NÃO INFORMADO,0,1,0,0,0,MOTO=1,SÃO PAULO,REG. METROPOLITANA SÃO PAULO,SÃO PAULO,ESTADUAL
2020-07-25,18:40:00,L06-INTERVIAS,SP330,190.0,SUL,-22.17510033,-47.39870071,CHOQUE,"CHOQUE - DEFENSA, BARREIRA OU ""SUBMARINO""",IMPRUD. CONDUTOR-PERDA DE CONTROLE,1,1,0,1,0,AUTOMÓVEL=2,LEME,CAMPINAS,RIO CLARO,ESTADUAL
2020-07-25,19:07:00,L01-AUTOBAN,SPM330E,17.48,SUL,-23.486247937383,-46.769041297941,TOMBAMENTO,TOMBAMENTO-MOTO,NÃO INFORMADO,0,1,0,0,0,MOTO=1,SÃO PAULO,REG. METROPOLITANA SÃO PAULO,SÃO PAULO,ESTADUAL
2020-07-25,19:15:00,L29-VIAPAULISTA,SP330,313.7,NORTE,-21.15011978,-47.7578392,TOMBAMENTO,TOMBAMENTO,IMPRUD. CONDUTOR-LEVOU FECHADA,0,2,0,0,0,MOTO=1,RIBEIRÃO PRETO,RIBEIRÃO PRETO,RIBEIRÃO PRETO,ESTADUAL
2020-07-25,20:13:00,L01-AUTOBAN,SPM330E,106.7,SUL,-22.841941148017,-47.168881396283,CHOQUE,CHOQUE-VEÍCULO PARADO NA PISTA,NÃO INFORMADO,0,0,0,0,0,AUTOMÓVEL=1|UTILITÁRIO=1,SUMARÉ,CAMPINAS,CAMPINAS,ESTADUAL
2020-07-25,23:24:00,L01-AUTOBAN,SPM330D,59.5,NORTE,-23.184964956187,-46.909013986588,ATROPELAMENTO DE ANIMAL,ATROP. ANIMAL,NÃO INFORMADO,0,0,0,0,0,AUTOMÓVEL=1,JUNDIAÍ,CAMPINAS,CAMPINAS,ESTADUAL
2020-07-26,07:16:00,L01-AUTOBAN,SP330,20.3,SUL,-23.466531416194,-46.779780862898,CHOQUE,CHOQUE-BARREIRA DE CONCRETO,NÃO INFORMADO,0,0,0,0,0,AUTOMÓVEL=1,OSASCO,REG. METROPOLITANA SÃO PAULO,SÃO PAULO,ESTADUAL
2020-07-26,07:29:00,L01-AUTOBAN,SP330,32.1,NORTE,-23.39194410338,-46.835611146147,TOMBAMENTO,TOMBAMENTO,NÃO INFORMADO,0,2,0,0,0,MOTO=1,CAJAMAR,REG. METROPOLITANA SÃO PAULO,SÃO PAULO,ESTADUAL
2020-07-26,11:46:00,L06-INTERVIAS,SP330,204.7,SUL,-22.04660034,-47.43033981,CHOQUE,CHOQUE-OBJETO NA PISTA,OBJETO NA PISTA,1,0,0,0,0,CAMINHÃO=1,PIRASSUNUNGA,CAMPINAS,RIO CLARO,ESTADUAL
2020-07-26,12:03:00,L06-INTERVIAS,SP330,204.7,SUL,-22.04660034,-47.43033981,CHOQUE,CHOQUE-OBJETO NA PISTA,OBJETO NA PISTA,1,0,0,0,0,CAMINHÃO=1,PIRASSUNUNGA,CAMPINAS,RIO CLARO,ESTADUAL
2020-07-26,12:16:00,L01-AUTOBAN,SP330,88.5,NORTE,-22.962431249324,-47.055449187756,CHOQUE,CHOQUE-BARREIRA DE CONCRETO,NÃO INFORMADO,0,0,0,0,0,AUTOMÓVEL=1,CAMPINAS,CAMPINAS,CAMPINAS,ESTADUAL
2020-07-26,14:35:00,L01-AUTOBAN,SPM330E,95.6,SUL,-22.915041285686,-47.098492730543,COLISÃO,COLISÃO-TRASEIRA,NÃO INFORMADO,2,1,0,0,0,AUTOMÓVEL=2,CAMPINAS,CAMPINAS,CAMPINAS,ESTADUAL
2020-07-26,15:48:00,L01-AUTOBAN,SP330,92.6,SUL,-22.931969529121,-47.075899684517,COLISÃO,COLISÃO-LATERAL,NÃO INFORMADO,0,2,0,0,0,AUTOMÓVEL=1|MOTO=1,CAMPINAS,CAMPINAS,CAMPINAS,ESTADUAL
2020-07-26,17:41:00,L01-AUTOBAN,SP330,92.0,SUL,-22.935126302733,-47.071105241776,CHOQUE,CHOQUE-BARREIRA DE CONCRETO,NÃO INFORMADO,0,1,0,0,0,AUTOMÓVEL=1,CAMPINAS,CAMPINAS,CAMPINAS,ESTADUAL
2020-07-26,20:50:00,L01-AUTOBAN,SPM330E,93.7,SUL,-22.926382182891,-47.084748946997,CHOQUE,CHOQUE-VEÍCULO PARADO NA PISTA,NÃO INFORMADO,0,0,0,0,0,AUTOMÓVEL=1|VIATURA CONCESSIONÁRIA=1,CAMPINAS,CAMPINAS,CAMPINAS,ESTADUAL
2020-07-27,05:59:00,L01-AUTOBAN,SP330,57.1,NORTE,-23.205027976844,-46.899537198624,CHOQUE,CHOQUE-BARREIRA DE CONCRETO,NÃO INFORMADO,0,2,0,0,0,AUTOMÓVEL=1,JUNDIAÍ,CAMPINAS,CAMPINAS,ESTADUAL
2020-07-27,06:20:00,L01-AUTOBAN,SP330,111.2,NORTE,-22.816908727505,-47.203181483119,COLISÃO,COLISÃO-LATERAL,NÃO INFORMADO,0,1,0,0,0,BICICLETA=1|NÃO INFORMADO=1,SUMARÉ,CAMPINAS,CAMPINAS,ESTADUAL
2020-07-27,08:06:00,L01-AUTOBAN,SP330,143.0,SUL,-22.587713341209,-47.367730736733,COLISÃO,COLISÃO-TRASEIRA,NÃO INFORMADO,0,1,0,0,0,AUTOMÓVEL=1|MOTO=1,LIMEIRA,CAMPINAS,RIO CLARO,ESTADUAL
2020-07-27,11:53:00,L06-INTERVIAS,SP330,180.0,NORTE,-22.26479912,-47.39080048,COLISÃO,COLISÃO-TRASEIRA,IMPRUD. CONDUTOR,1,0,0,2,0,CAMINHÃO=1|MOTO=1,ARARAS,CAMPINAS,RIO CLARO,ESTADUAL
2020-07-27,14:33:00,L29-VIAPAULISTA,SP330,273.4,NORTE,-21.47765541,-47.64038086,CHOQUE,"CHOQUE - DEFENSA, BARREIRA OU ""SUBMARINO""",IMPRUD. CONDUTOR-PERDA DE CONTROLE,2,3,0,0,0,CAMINHONETE=1,SÃO SIMÃO,RIBEIRÃO PRETO,RIBEIRÃO PRETO,ESTADUAL
2020-07-27,17:10:00,L29-VIAPAULISTA,SPA318/330,1.5,NORTE,-21.11616178,-47.78342583,TOMBAMENTO,TOMBAMENTO,MAL SÚBITO DO CONDUTOR,0,1,0,0,0,MOTO=1,RIBEIRÃO PRETO,RIBEIRÃO PRETO,RIBEIRÃO PRETO,ESTADUAL
2020-07-27,17:18:00,L06-INTERVIAS,SP330,159.1,SUL,-22.44996071,-47.39897156,CHOQUE,CHOQUE-OBJETO NA PISTA,OBJETO NA PISTA,1,0,0,0,0,AUTOMÓVEL=1,CORDEIRÓPOLIS,CAMPINAS,RIO CLARO,ESTADUAL
2020-07-27,17:24:00,L01-AUTOBAN,SP330,128.7,SUL,-22.699150619593,-47.30774096829,COLISÃO,COLISÃO-TRASEIRA,NÃO INFORMADO,0,0,0,0,0,CARRETA=1|ÔNIBUS=1,AMERICANA,CAMPINAS,RIO CLARO,ESTADUAL
2020-07-27,17:35:00,L01-AUTOBAN,SP330,61.0,NORTE,-23.175294620401,-46.918331980705,COLISÃO,COLISÃO-LATERAL,NÃO INFORMADO,0,0,0,0,0,AUTOMÓVEL=1|ÔNIBUS=1,JUNDIAÍ,CAMPINAS,CAMPINAS,ESTADUAL
2020-07-27,19:07:00,L28-ENTREVIAS,SP330,391.0,NORTE,-20.4965023485,-47.843019349,CHOQUE,CHOQUE-OBJETO NA PISTA,OBJETO NA PISTA,1,0,0,0,0,AUTOMÓVEL=1,GUARÁ,FRANCA,RIBEIRÃO PRETO,ESTADUAL
2020-07-27,19:13:00,L29-VIAPAULISTA,SP330,295.0,SUL,-21.31506348,-47.73558044,CHOQUE,CHOQUE-OBJETO NA PISTA,OBJETO NA PISTA,0,0,0,0,0,CAMINHÃO=1,CRAVINHOS,RIBEIRÃO PRETO,RIBEIRÃO PRETO,ESTADUAL
2020-07-27,22:16:00,L01-AUTOBAN,SPM330E,97.0,SUL,-22.904379059715,-47.107846140862,COLISÃO,COLISÃO-TRASEIRA,NÃO INFORMADO,0,1,0,0,0,CAMINHÃO=1|MOTO=1,CAMPINAS,CAMPINAS,CAMPINAS,ESTADUAL
2020-07-27,23:15:00,L01-AUTOBAN,SP330,132.1,NORTE,-22.669829838001,-47.313870844439,COLISÃO,COLISÃO-TRASEIRA,NÃO INFORMADO,0,0,0,0,1,CAMINHÃO=2,LIMEIRA,CAMPINAS,RIO CLARO,ESTADUAL
2020-07-27,23:16:00,L01-AUTOBAN,SP330,66.48,SUL,-23.134174807911,-46.947229908151,COLISÃO,COLISÃO-TRASEIRA,NÃO INFORMADO,0,3,0,0,1,AUTOMÓVEL=2|MOTO=1|NÃO INFORMADO=1|UTILITÁRIO=1,JUNDIAÍ,CAMPINAS,CAMPINAS,ESTADUAL
2020-07-28,03:32:00,L28-ENTREVIAS,SP330,432.0,NORTE,-20.145158873,-47.7896196808,COLISÃO,COLISÃO-TRASEIRA,FATOR-HUMANO,2,0,0,0,0,CAMINHÃO=2,ARAMINA,FRANCA,RIBEIRÃO PRETO,ESTADUAL
2020-07-28,08:02:00,L28-ENTREVIAS,SP330,384.0,SUL,-20.5514564817,-47.8607044458,COLISÃO,COLISÃO-TRASEIRA,IMPRUD. CONDUTOR-LEVOU FECHADA,2,0,0,0,0,AUTOMÓVEL=1|ÔNIBUS=1,SÃO JOAQUIM DA BARRA,FRANCA,RIBEIRÃO PRETO,ESTADUAL
2020-07-28,09:07:00,L01-AUTOBAN,SP330,130.76,NORTE,-22.681170257266,-47.310684442373,ENGAVETAMENTO,ENGAVETAMENTO,NÃO INFORMADO,1,0,0,0,0,CAMINHÃO=1|CARRETA=2,LIMEIRA,CAMPINAS,RIO CLARO,ESTADUAL
2020-07-28,14:51:00,L06-INTERVIAS,SP330,175.9,SUL,-22.30970001,-47.39149857,OBJETO LANÇADO CONTRA O VEÍCULO,OBJETO LANÇADO CONTRA VEÍCULO,OBJETO NA PISTA,1,0,0,0,0,AUTOMÓVEL=1|NÃO INFORMADO=1,ARARAS,CAMPINAS,RIO CLARO,ESTADUAL
2020-07-28,15:04:00,L06-INTERVIAS,SP330,194.2,NORTE,-22.13850021,-47.40697861,COLISÃO,COLISÃO-LATERAL,ESTOURO/FURO DE PNEU,1,0,0,0,0,AUTOMÓVEL=1|NÃO INFORMADO=1,LEME,CAMPINAS,RIO CLARO,ESTADUAL
2020-07-28,17:39:00,L01-AUTOBAN,SP330,21.2,NORTE,-23.459173719366,-46.782422308033,COLISÃO,COLISÃO-TRASEIRA,NÃO INFORMADO,0,1,0,0,0,AUTOMÓVEL=1|MOTO=1,SÃO PAULO,REG. METROPOLITANA SÃO PAULO,SÃO PAULO,ESTADUAL
2020-07-28,18:33:00,L01-AUTOBAN,SPM330D,106.2,NORTE,-22.845096114366,-47.165409933915,ENGAVETAMENTO,ENGAVETAMENTO,NÃO INFORMADO,1,3,0,0,0,AUTOMÓVEL=1|UTILITÁRIO=2,SUMARÉ,CAMPINAS,CAMPINAS,ESTADUAL
2020-07-29,04:09:00,L01-AUTOBAN,SPI102/330,1.42,NORTE,-22.876098799957,-47.131014311352,COLISÃO,COLISÃO-TRASEIRA,NÃO INFORMADO,1,2,0,0,0,AUTOMÓVEL=1|UTILITÁRIO=1,CAMPINAS,CAMPINAS,CAMPINAS,ESTADUAL
2020-07-29,06:57:00,L01-AUTOBAN,SP330,56.0,SUL,-23.21105334627,-46.891804933548,COLISÃO,COLISÃO-LATERAL,NÃO INFORMADO,0,0,0,0,0,AUTOMÓVEL=1|ÔNIBUS=1,JUNDIAÍ,CAMPINAS,CAMPINAS,ESTADUAL
2020-07-29,07:04:00,L01-AUTOBAN,SP330,120.55,SUL,-22.753200561429,-47.258612058577,COLISÃO,COLISÃO-TRASEIRA,NÃO INFORMADO,0,1,0,0,0,AUTOMÓVEL=1|BICICLETA=1,AMERICANA,CAMPINAS,RIO CLARO,ESTADUAL
2020-07-29,07:24:00,L28-ENTREVIAS,SP330,410.0,SUL,-20.33261515,-47.8052823405,CHOQUE,CHOQUE-OBJETO NA PISTA,OBJETO NA PISTA,1,0,0,0,0,AUTOMÓVEL=1,ITUVERAVA,FRANCA,RIBEIRÃO PRETO,ESTADUAL
2020-07-29,11:25:00,L01-AUTOBAN,SP330,103.0,NORTE,-22.862197108808,-47.13924407959,COLISÃO,COLISÃO-LATERAL,NÃO INFORMADO,0,0,0,0,0,AUTOMÓVEL=1|CAMINHÃO=1,CAMPINAS,CAMPINAS,CAMPINAS,ESTADUAL
2020-07-29,13:36:00,L29-VIAPAULISTA,SP330,309.0,NORTE,-21.1923542,-47.75753021,OBJETO LANÇADO CONTRA O VEÍCULO,OBJETO LANÇADO CONTRA VEÍCULO,OBJETO NA PISTA,2,0,0,0,0,AUTOMÓVEL=1|MOTO=1,RIBEIRÃO PRETO,RIBEIRÃO PRETO,RIBEIRÃO PRETO,ESTADUAL
2020-07-29,14:23:00,L01-AUTOBAN,SP330,140.2,SUL,-22.609732490313,-47.35783416056,CHOQUE,CHOQUE-DEFENSA METÁLICA,NÃO INFORMADO,0,0,1,0,0,CARRETA=1,LIMEIRA,CAMPINAS,RIO CLARO,ESTADUAL
2020-07-29,16:01:00,L06-INTERVIAS,SP330,170.2,SUL,-22.3078804,-47.39168167,TOMBAMENTO,TOMBAMENTO,PANE MECÂNICA/ELÉTRICA,2,0,0,0,0,AUTOMÓVEL=1|CAMINHÃO=1,ARARAS,CAMPINAS,RIO CLARO,ESTADUAL
2020-07-29,20:42:00,L28-ENTREVIAS,SP330,392.3,SUL,-20.4826429159,-47.8425718378,TOMBAMENTO,TOMBAMENTO-VEÍCULOS PESADOS,PANE MECÂNICA/ELÉTRICA,1,0,0,0,0,CAMINHÃO=1,GUARÁ,FRANCA,RIBEIRÃO PRETO,ESTADUAL
2020-07-29,21:19:00,L01-AUTOBAN,SP330,116.8,SUL,-22.782856980814,-47.231181403832,ATROPELAMENTO DE PEDESTRE,ATROP. PEDESTRE-MORADOR/TRABALHADOR/ESTUDANTE,NÃO INFORMADO,0,1,0,0,1,MOTO=1|NÃO INFORMADO=1|NÃO SE APLICA=1,NOVA ODESSA,CAMPINAS,RIO CLARO,ESTADUAL
2020-07-29,21:34:00,L06-INTERVIAS,SP330,181.76,SUL,-22.24903679,-47.39083481,COLISÃO,COLISÃO-LATERAL,IMPRUD. CONDUTOR-MUDANÇA DE FAIXA,4,0,0,0,0,CAMINHONETE=2,LEME,CAMPINAS,RIO CLARO,ESTADUAL
2020-07-29,23:42:00,L01-AUTOBAN,SPI102/330,5.1,NORTE,-22.907824211021,-47.136586646785,COLISÃO,COLISÃO-TRASEIRA,NÃO INFORMADO,0,0,0,0,0,CAMINHÃO=1|NÃO INFORMADO=1,CAMPINAS,CAMPINAS,CAMPINAS,ESTADUAL
2020-07-30,01:49:00,L06-INTERVIAS,SP330,231.5,SUL,-21.81419945,-47.49845123,CHOQUE,CHOQUE-OBJETO NA PISTA,PANE MECÂNICA,2,0,0,0,0,CAMINHÃO=2,PORTO FERREIRA,CENTRAL,RIO CLARO,ESTADUAL
2020-07-30,05:04:00,L01-AUTOBAN,SP330,20.3,SUL,-23.466531416194,-46.779780862898,CHOQUE,CHOQUE-BARREIRA DE CONCRETO,NÃO INFORMADO,0,0,0,0,0,AUTOMÓVEL=3|UTILITÁRIO=1|VAN/PERUA=2,OSASCO,REG. METROPOLITANA SÃO PAULO,SÃO PAULO,ESTADUAL
2020-07-30,07:19:00,L01-AUTOBAN,SP330,30.0,NORTE,-23.405103365161,-46.82884812355,CHOQUE,CHOQUE-MEIO FIO/CALÇAMENTO,NÃO INFORMADO,0,1,0,0,0,MOTO=1,CAJAMAR,REG. METROPOLITANA SÃO PAULO,SÃO PAULO,ESTADUAL
2020-07-30,09:27:00,L01-AUTOBAN,SP330,11.5,SUL,-23.510460756592,-46.729056344143,TOMBAMENTO,TOMBAMENTO,NÃO INFORMADO,0,2,0,0,0,MOTO=1,SÃO PAULO,REG. METROPOLITANA SÃO PAULO,SÃO PAULO,ESTADUAL
2020-07-30,15:23:00,L06-INTERVIAS,SP330,182.4,SUL,-22.24325943,-47.39110184,COLISÃO,COLISÃO-FRONTAL,NÃO INFORMADO,0,0,0,1,2,CAMINHÃO=2|MOTO=1,LEME,CAMPINAS,RIO CLARO,ESTADUAL
2020-07-30,17:23:00,L06-INTERVIAS,SP330,184.0,NORTE,-22.22879982,-47.3913002,COLISÃO,COLISÃO-TRASEIRA,IMPRUD. CONDUTOR,0,2,0,0,0,AUTOMÓVEL=1|MOTO=1,LEME,CAMPINAS,RIO CLARO,ESTADUAL
2020-07-30,18:50:00,L01-AUTOBAN,SP330,128.7,SUL,-22.699150619593,-47.30774096829,COLISÃO,COLISÃO-TRANSVERSAL,NÃO INFORMADO,0,0,0,0,0,AUTOMÓVEL=1|CAMINHÃO=1,AMERICANA,CAMPINAS,RIO CLARO,ESTADUAL
2020-07-30,23:41:00,L29-VIAPAULISTA,SP330,246.0,NORTE,-21.71832085,-47.5893364,COLISÃO,COLISÃO-TRASEIRA,IMPRUD. CONDUTOR,2,0,0,0,0,CAMINHÃO=2,SANTA RITA DO PASSA QUATRO,CENTRAL,RIBEIRÃO PRETO,ESTADUAL
2020-07-31,01:58:00,L28-ENTREVIAS,SP330,425.0,NORTE,-20.2017868303,-47.7861606136,COLISÃO,COLISÃO-TRASEIRA,IMPRUD. CONDUTOR-DIST. INADEQUADA ENTRE VEÍC.,1,1,0,0,0,CAMINHÃO=2,BURITIZAL,FRANCA,RIBEIRÃO PRETO,ESTADUAL
2020-07-31,05:29:00,L01-AUTOBAN,SP330,20.3,NORTE,-23.466474823782,-46.779632804846,CHOQUE,CHOQUE-DEFENSA METÁLICA,NÃO INFORMADO,0,0,0,0,0,CARRETA=1,OSASCO,REG. METROPOLITANA SÃO PAULO,SÃO PAULO,ESTADUAL
2020-07-31,05:38:00,L01-AUTOBAN,SP330,76.7,NORTE,-23.055054421875,-46.998204984222,ENGAVETAMENTO,ENGAVETAMENTO,NÃO INFORMADO,0,0,0,0,0,AUTOMÓVEL=1|CARRETA=1|VAN/PERUA=1,VINHEDO,CAMPINAS,CAMPINAS,ESTADUAL
2020-07-31,10:10:00,L06-INTERVIAS,SP330,174.2,NORTE,-22.31690025,-47.39038086,CHOQUE,CHOQUE-OBJETO NA PISTA,OBJETO NA PISTA,0,1,0,0,0,MOTO=1,ARARAS,CAMPINAS,RIO CLARO,ESTADUAL
2020-07-31,13:14:00,L01-AUTOBAN,SPM330E,112.0,SUL,-22.813845976757,-47.209303379059,CHOQUE,CHOQUE-DEFENSA METÁLICA,NÃO INFORMADO,0,0,0,0,0,AUTOMÓVEL=1,SUMARÉ,CAMPINAS,CAMPINAS,ESTADUAL
2020-07-31,13:53:00,L01-AUTOBAN,SP330,117.4,NORTE,-22.772456982971,-47.23722518399,CHOQUE,CHOQUE-PRAÇA AVI-(ENTRE VEÍCULOS),NÃO INFORMADO,0,0,0,0,0,AUTOMÓVEL=1|UTILITÁRIO=1,NOVA ODESSA,CAMPINAS,RIO CLARO,ESTADUAL
2020-07-31,16:13:00,L29-VIAPAULISTA,SP330,290.4,NORTE,-21.35326958,-47.72389984,COLISÃO,COLISÃO-TRASEIRA,IMPRUD. CONDUTOR,2,0,0,0,0,CAMINHÃO=2,CRAVINHOS,RIBEIRÃO PRETO,RIBEIRÃO PRETO,ESTADUAL
2020-07-31,16:40:00,L01-AUTOBAN,SP330,23.8,NORTE,-23.436503594142,-46.786405921437,COLISÃO,COLISÃO-TRASEIRA,NÃO INFORMADO,0,0,0,0,0,AUTOMÓVEL=1|CARRETA=1,SÃO PAULO,REG. METROPOLITANA SÃO PAULO,SÃO PAULO,ESTADUAL
2020-07-31,18:26:00,L01-AUTOBAN,SP330,18.5,NORTE,-23.478064611931,-46.771784126759,COLISÃO,COLISÃO-TRASEIRA,NÃO INFORMADO,0,0,0,0,0,AUTOMÓVEL=1|NÃO INFORMADO=1,OSASCO,REG. METROPOLITANA SÃO PAULO,SÃO PAULO,ESTADUAL
2020-07-31,18:57:00,L01-AUTOBAN,SP330,19.6,NORTE,-23.470851778456,-46.776373388767,COLISÃO,COLISÃO-TRASEIRA,NÃO INFORMADO,0,0,0,0,0,AUTOMÓVEL=2,OSASCO,REG. METROPOLITANA SÃO PAULO,SÃO PAULO,ESTADUAL
2020-07-31,19:43:00,L01-AUTOBAN,SPM330D,91.9,NORTE,-22.935890668028,-47.070904507739,CHOQUE,CHOQUE-BARREIRA DE CONCRETO,NÃO INFORMADO,0,1,0,0,0,AUTOMÓVEL=1,CAMPINAS,CAMPINAS,CAMPINAS,ESTADUAL
2020-07-31,19:47:00,L01-AUTOBAN,SP330,19.3,NORTE,-23.472282191689,-46.774498517514,COLISÃO,COLISÃO-LATERAL,NÃO INFORMADO,0,0,0,0,0,AUTOMÓVEL=1|CARRETA=1,OSASCO,REG. METROPOLITANA SÃO PAULO,SÃO PAULO,ESTADUAL
2020-07-31,22:05:00,L06-INTERVIAS,SP330,164.0,NORTE,-22.40710068,-47.3893013,ATROPELAMENTO DE ANIMAL,ATROP. ANIMAL,ANIMAL NA RODOVIA,3,0,0,0,0,AUTOMÓVEL=1,ARARAS,CAMPINAS,RIO CLARO,ESTADUAL
2020-07-31,23:21:00,L01-AUTOBAN,SP330,38.5,SUL,-23.341002270657,-46.838774979115,ATROPELAMENTO DE ANIMAL,ATROP. ANIMAL,NÃO INFORMADO,0,0,0,0,0,AUTOMÓVEL=1,CAJAMAR,REG. METROPOLITANA SÃO PAULO,SÃO PAULO,ESTADUAL
2020-08-01,00:02:00,L28-ENTREVIAS,SP330,398.0,NORTE,-20.4334376338,-47.8347145088,ATROPELAMENTO DE PEDESTRE,ATROP. PEDESTRE-CICLISTA,IMPRUD. PEDESTRE-CICLISTA,2,0,0,0,0,AUTOMÓVEL=1|NÃO INFORMADO=1,GUARÁ,FRANCA,RIBEIRÃO PRETO,ESTADUAL
2020-08-01,03:40:00,L01-AUTOBAN,SP330,84.3,SUL,-22.99551732776,-47.03491045806,CAPOTAMENTO,CAPOTAMENTO,NÃO INFORMADO,0,4,2,0,0,AUTOMÓVEL=1,VALINHOS,CAMPINAS,CAMPINAS,ESTADUAL
2020-08-01,03:52:00,L01-AUTOBAN,SPM330D,112.75,NORTE,-22.808683521887,-47.214498817921,COLISÃO,COLISÃO-LATERAL,NÃO INFORMADO,0,1,0,0,0,BICICLETA=1|NÃO INFORMADO=1,SUMARÉ,CAMPINAS,CAMPINAS,ESTADUAL
2020-08-01,06:03:00,L01-AUTOBAN,SP330,14.8,NORTE,-23.501292387451,-46.753555490322,TOMBAMENTO,TOMBAMENTO-MOTO,NÃO INFORMADO,0,0,1,0,0,MOTO=1,SÃO PAULO,REG. METROPOLITANA SÃO PAULO,SÃO PAULO,ESTADUAL
2020-08-01,07:55:00,L06-INTERVIAS,SP330,165.0,NORTE,-22.39789963,-47.38970184,TOMBAMENTO,TOMBAMENTO,PANE MECÂNICA/ELÉTRICA,1,0,0,0,0,CAMINHÃO=1,ARARAS,CAMPINAS,RIO CLARO,ESTADUAL
2020-08-01,10:55:00,L28-ENTREVIAS,SP330,384.0,SUL,-20.5514564817,-47.8607044458,CAPOTAMENTO,CAPOTAMENTO,IMPRUD. CONDUTOR-DORMIR AO VOLANTE,0,1,0,0,0,AUTOMÓVEL=1,SÃO JOAQUIM DA BARRA,FRANCA,RIBEIRÃO PRETO,ESTADUAL
2020-08-01,11:40:00,L01-AUTOBAN,SP330,35.1,SUL,-23.368318533809,-46.84565428608,CHOQUE,CHOQUE-BARREIRA DE CONCRETO,NÃO INFORMADO,0,1,0,0,0,AUTOMÓVEL=1,CAJAMAR,REG. METROPOLITANA SÃO PAULO,SÃO PAULO,ESTADUAL
2020-08-01,12:08:00,L01-AUTOBAN,SPM330E,99.0,SUL,-22.887972406914,-47.113489508629,COLISÃO,COLISÃO-LATERAL,NÃO INFORMADO,0,0,0,0,0,AUTOMÓVEL=1|CAMINHÃO=1,CAMPINAS,CAMPINAS,CAMPINAS,ESTADUAL
2020-08-01,16:03:00,L01-AUTOBAN,SP330,21.0,NORTE,-23.460712061888,-46.781405210495,COLISÃO,COLISÃO-TRASEIRA,NÃO INFORMADO,0,0,0,0,0,AUTOMÓVEL=2,SÃO PAULO,REG. METROPOLITANA SÃO PAULO,SÃO PAULO,ESTADUAL
2020-08-01,18:48:00,L01-AUTOBAN,SP330,87.6,NORTE,-22.969496785873,-47.05139099774,CHOQUE,CHOQUE-ELEMENTO DE DRENAGEM,NÃO INFORMADO,0,1,0,0,0,AUTOMÓVEL=1,CAMPINAS,CAMPINAS,CAMPINAS,ESTADUAL
2020-08-01,23:00:00,L01-AUTOBAN,SP330,134.0,SUL,-22.655378452453,-47.323039770126,ATROPELAMENTO DE ANIMAL,ATROP. ANIMAL,NÃO INFORMADO,0,0,0,0,0,AUTOMÓVEL=1,LIMEIRA,CAMPINAS,RIO CLARO,ESTADUAL
2020-08-02,05:55:00,L29-VIAPAULISTA,SP330,313.8,NORTE,-21.14924812,-47.75807571,CHOQUE,"CHOQUE - DEFENSA, BARREIRA OU ""SUBMARINO""",IMPRUD. CONDUTOR-PERDA DE CONTROLE,1,0,0,0,0,AUTOMÓVEL=1,RIBEIRÃO PRETO,RIBEIRÃO PRETO,RIBEIRÃO PRETO,ESTADUAL
2020-08-02,06:01:00,L01-AUTOBAN,SP330,37.7,NORTE,-23.34683729277,-46.842631454906,CHOQUE,CHOQUE-BARREIRA DE CONCRETO,NÃO INFORMADO,0,0,0,0,0,AUTOMÓVEL=1,CAJAMAR,REG. METROPOLITANA SÃO PAULO,SÃO PAULO,ESTADUAL
2020-08-02,15:09:00,L01-AUTOBAN,SP330,60.62,SUL,-23.177532607786,-46.915999094995,COLISÃO,COLISÃO-TRASEIRA,NÃO INFORMADO,0,2,0,0,0,AUTOMÓVEL=1|MOTO=1,JUNDIAÍ,CAMPINAS,CAMPINAS,ESTADUAL
2020-08-02,15:15:00,L28-ENTREVIAS,SP330,319.0,NORTE,-21.1046622261,-47.7858711282,TOMBAMENTO,TOMBAMENTO-MOTO,ESTOURO/FURO DE PNEU,1,1,0,0,0,MOTOCICLETA / MOTONETA=1,RIBEIRÃO PRETO,RIBEIRÃO PRETO,RIBEIRÃO PRETO,ESTADUAL
2020-08-02,15:47:00,L01-AUTOBAN,SP330,60.8,SUL,-23.176477181658,-46.917279476461,COLISÃO,COLISÃO-TRASEIRA,NÃO INFORMADO,0,0,0,0,0,AUTOMÓVEL=2,JUNDIAÍ,CAMPINAS,CAMPINAS,ESTADUAL
2020-08-02,17:37:00,L06-INTERVIAS,SP330,204.0,SUL,-22.05290031,-47.42879868,CHOQUE,CHOQUE-OUTROS,IMPRUD. CONDUTOR-PERDA DE CONTROLE,2,0,0,0,0,AUTOMÓVEL=1,PIRASSUNUNGA,CAMPINAS,RIO CLARO,ESTADUAL
2020-08-02,18:49:00,L01-AUTOBAN,SPM330D,17.0,NORTE,-23.490327991609,-46.766760349274,ATROPELAMENTO DE PEDESTRE,ATROP. PEDESTRE-MORADOR/TRABALHADOR/ESTUDANTE,NÃO INFORMADO,0,0,0,0,1,NÃO INFORMADO=1|NÃO SE APLICA=1,SÃO PAULO,REG. METROPOLITANA SÃO PAULO,SÃO PAULO,ESTADUAL
2020-08-02,21:38:00,L06-INTERVIAS,SP330,194.7,NORTE,-22.13425064,-47.40842819,CHOQUE,CHOQUE-ELEMENTO DE DRENAGEM,NÃO INFORMADO,0,0,0,1,0,AUTOMÓVEL=1,LEME,CAMPINAS,RIO CLARO,ESTADUAL
2020-08-02,22:37:00,L29-VIAPAULISTA,SP330,302.0,SUL,-21.25533867,-47.75476456,COLISÃO,COLISÃO-TRASEIRA,IMPRUD. CONDUTOR-LEVOU FECHADA,1,0,0,0,0,AUTOMÓVEL=2,RIBEIRÃO PRETO,RIBEIRÃO PRETO,RIBEIRÃO PRETO,ESTADUAL
2020-08-03,02:44:00,L01-AUTOBAN,SP330,39.0,SUL,-23.337236794255,-46.836615800858,ATROPELAMENTO DE ANIMAL,ATROP. ANIMAL,NÃO INFORMADO,0,0,0,0,0,AUTOMÓVEL=1,CAJAMAR,REG. METROPOLITANA SÃO PAULO,SÃO PAULO,ESTADUAL
2020-08-03,06:46:00,L06-INTERVIAS,SP330,216.0,SUL,-21.94910049,-47.46269989,CHOQUE,CHOQUE-OBJETO NA PISTA,OBJETO NA PISTA,1,0,0,0,0,AUTOMÓVEL=1,PIRASSUNUNGA,CAMPINAS,RIO CLARO,ESTADUAL
2020-08-03,08:35:00,L01-AUTOBAN,SP330,116.655,NORTE,-22.777724540554,-47.233392400376,CHOQUE,CHOQUE-DEFENSA METÁLICA,NÃO INFORMADO,0,0,0,1,0,AUTOMÓVEL=1,NOVA ODESSA,CAMPINAS,RIO CLARO,ESTADUAL
2020-08-03,11:08:00,L06-INTERVIAS,SP330,238.8,SUL,-21.76856041,-47.54801941,COLISÃO,COLISÃO-LATERAL,IMPRUD. CONDUTOR,6,0,0,0,0,AUTOMÓVEL=1|CAMINHÃO=1,SANTA RITA DO PASSA QUATRO,CENTRAL,RIBEIRÃO PRETO,ESTADUAL
2020-08-03,14:40:00,L06-INTERVIAS,SP330,192.0,SUL,-22.15710068,-47.40019989,OBJETO LANÇADO CONTRA O VEÍCULO,OBJETO LANÇADO CONTRA VEÍCULO,OBJETO LANÇADO,2,0,0,0,0,CAMINHONETE=1,LEME,CAMPINAS,RIO CLARO,ESTADUAL
2020-08-03,17:07:00,L06-INTERVIAS,SP330,184.6,SUL,-22.22336006,-47.39213943,CHOQUE,"CHOQUE - DEFENSA, BARREIRA OU ""SUBMARINO""",IMPRUD. CONDUTOR-DORMIR AO VOLANTE,0,1,0,0,0,AUTOMÓVEL=1,LEME,CAMPINAS,RIO CLARO,ESTADUAL
2020-08-03,17:18:00,L28-ENTREVIAS,SP330,388.0,NORTE,-20.4350319878,-47.8347924625,TOMBAMENTO,TOMBAMENTO-VEÍCULOS PESADOS,PANE MECÂNICA/ELÉTRICA,1,0,0,0,0,CAMINHÃO=1,SÃO JOAQUIM DA BARRA,FRANCA,RIBEIRÃO PRETO,ESTADUAL
2020-08-03,17:35:00,L28-ENTREVIAS,SP330,347.5,NORTE,-20.8793600275,-47.897705,TOMBAMENTO,TOMBAMENTO-MOTO,ESTOURO/FURO DE PNEU,0,2,0,0,0,MOTOCICLETA / MOTONETA=1,SALES OLIVEIRA,FRANCA,RIBEIRÃO PRETO,ESTADUAL
2020-08-03,18:30:00,L01-AUTOBAN,SP330,118.0,NORTE,-22.768865993015,-47.240797877312,CHOQUE,CHOQUE-PRAÇA MANUAL-(ENTRE VEÍCULOS),NÃO INFORMADO,0,0,0,0,0,AUTOMÓVEL=2,NOVA ODESSA,CAMPINAS,RIO CLARO,ESTADUAL
2020-08-03,18:32:00,L01-AUTOBAN,SP330,20.8,NORTE,-23.462358569772,-46.780898807501,ENGAVETAMENTO,ENGAVETAMENTO,NÃO INFORMADO,0,0,0,0,0,AUTOMÓVEL=4,SÃO PAULO,REG. METROPOLITANA SÃO PAULO,SÃO PAULO,ESTADUAL
2020-08-03,19:39:00,L28-ENTREVIAS,SP330,322.0,SUL,-21.083500206,-47.8013118253,CHOQUE,CHOQUE-OBJETO NA PISTA,OBJETO NA PISTA,1,0,0,0,0,AUTOMÓVEL=1,RIBEIRÃO PRETO,RIBEIRÃO PRETO,RIBEIRÃO PRETO,ESTADUAL
2020-08-03,21:52:00,L01-AUTOBAN,SPM330D,103.5,NORTE,-22.859501054404,-47.143938539795,CHOQUE,CHOQUE-TALUDE OU BARRANCO,NÃO INFORMADO,0,1,0,0,0,AUTOMÓVEL=1,CAMPINAS,CAMPINAS,CAMPINAS,ESTADUAL
2020-08-04,04:03:00,L28-ENTREVIAS,SP330,402.5,NORTE,-20.3997943205,-47.8207562576,CAPOTAMENTO,CAPOTAMENTO,IMPRUD. CONDUTOR-LEVOU FECHADA,1,0,0,0,0,AUTOMÓVEL=1,GUARÁ,FRANCA,RIBEIRÃO PRETO,ESTADUAL
2020-08-04,06:37:00,L01-AUTOBAN,SP330,102.5,NORTE,-22.864779777099,-47.135684788227,COLISÃO,COLISÃO-LATERAL,NÃO INFORMADO,0,0,0,0,0,AUTOMÓVEL=1|CARRETA=1,CAMPINAS,CAMPINAS,CAMPINAS,ESTADUAL
2020-08-04,06:57:00,L01-AUTOBAN,SPM330E,115.0,SUL,-22.792453279527,-47.226313948631,COLISÃO,COLISÃO-LATERAL,NÃO INFORMADO,0,0,0,0,0,AUTOMÓVEL=1|CAMINHÃO=1,SUMARÉ,CAMPINAS,CAMPINAS,ESTADUAL
2020-08-04,07:56:00,L01-AUTOBAN,SP330,60.3,SUL,-23.179408915932,-46.913722867307,ENGAVETAMENTO,ENGAVETAMENTO,NÃO INFORMADO,0,0,1,0,0,AUTOMÓVEL=2|MOTO=1,JUNDIAÍ,CAMPINAS,CAMPINAS,ESTADUAL
2020-08-04,10:27:00,L06-INTERVIAS,SP330,215.215,NORTE,-21.95630074,-47.45965195,CHOQUE,CHOQUE-VEÍCULO PARADO NA PISTA,IMPRUD. CONDUTOR,5,0,0,0,0,AUTOMÓVEL=2,PIRASSUNUNGA,CAMPINAS,RIO CLARO,ESTADUAL
2020-08-04,13:06:00,L06-INTERVIAS,SP330,216.0,SUL,-21.94910049,-47.46269989,CHOQUE,CHOQUE-OUTROS,IMPRUD. CONDUTOR-LEVOU FECHADA,3,0,0,0,0,AUTOMÓVEL=1|CAMINHÃO=1,PIRASSUNUNGA,CAMPINAS,RIO CLARO,ESTADUAL
2020-08-04,14:58:00,L01-AUTOBAN,SP330,21.3,SUL,-23.458605338164,-46.783007558195,COLISÃO,COLISÃO-TRASEIRA,NÃO INFORMADO,0,1,0,0,0,AUTOMÓVEL=1|CARRETA=1,SÃO PAULO,REG. METROPOLITANA SÃO PAULO,SÃO PAULO,ESTADUAL
2020-08-04,15:35:00,L01-AUTOBAN,SP330,103.6,SUL,-22.859255647048,-47.145031482819,COLISÃO,COLISÃO-TRASEIRA,NÃO INFORMADO,0,0,0,0,0,AUTOMÓVEL=2,CAMPINAS,CAMPINAS,CAMPINAS,ESTADUAL
2020-08-04,18:58:00,L01-AUTOBAN,SP330,22.2,NORTE,-23.451288036673,-46.786568999589,ENGAVETAMENTO,ENGAVETAMENTO,NÃO INFORMADO,0,0,0,0,0,AUTOMÓVEL=1|NÃO INFORMADO=2,SÃO PAULO,REG. METROPOLITANA SÃO PAULO,SÃO PAULO,ESTADUAL
2020-08-05,06:00:00,L29-VIAPAULISTA,SP330,299.5,NORTE,-21.27687645,-47.75325394,COLISÃO,COLISÃO-TRASEIRA,IMPRUD. CONDUTOR-DIST. INADEQUADA ENTRE VEÍC.,4,0,0,0,0,CAMINHÃO=2,CRAVINHOS,RIBEIRÃO PRETO,RIBEIRÃO PRETO,ESTADUAL
2020-08-05,06:40:00,L01-AUTOBAN,SP330,104.78,SUL,-22.853185612998,-47.155017819132,COLISÃO,COLISÃO-TRANSVERSAL,NÃO INFORMADO,0,0,0,0,0,AUTOMÓVEL=1|BITREM/CVC=1,CAMPINAS,CAMPINAS,CAMPINAS,ESTADUAL
2020-08-05,12:01:00,L01-AUTOBAN,SP330,12.7,NORTE,-23.508288682352,-46.73756337761,CHOQUE,CHOQUE-OBJETO NA PISTA,NÃO INFORMADO,0,1,0,0,0,MOTO=1|UTILITÁRIO=1,SÃO PAULO,REG. METROPOLITANA SÃO PAULO,SÃO PAULO,ESTADUAL
2020-08-05,12:17:00,L01-AUTOBAN,SP330,58.7,NORTE,-23.191321592756,-46.905710043704,COLISÃO,COLISÃO-LATERAL,NÃO INFORMADO,0,0,0,0,0,CARRETA=1|UTILITÁRIO=1,JUNDIAÍ,CAMPINAS,CAMPINAS,ESTADUAL
2020-08-05,12:49:00,L01-AUTOBAN,SP330,98.0,NORTE,-22.895874533463,-47.110748291016,ENGAVETAMENTO,ENGAVETAMENTO,NÃO INFORMADO,0,0,0,0,0,AUTOMÓVEL=2|ÔNIBUS=1,CAMPINAS,CAMPINAS,CAMPINAS,ESTADUAL
2020-08-05,16:04:00,L01-AUTOBAN,SPM330D,114.0,NORTE,-22.800514260128,-47.221802473068,COLISÃO,COLISÃO-TRASEIRA,NÃO INFORMADO,0,0,0,0,0,AUTOMÓVEL=2,SUMARÉ,CAMPINAS,CAMPINAS,ESTADUAL
2020-08-05,16:31:00,L01-AUTOBAN,SP330,104.3,NORTE,-22.855277265029,-47.151064358768,TOMBAMENTO,TOMBAMENTO-MOTO,NÃO INFORMADO,0,0,1,0,0,MOTO=1,CAMPINAS,CAMPINAS,CAMPINAS,ESTADUAL
2020-08-06,05:58:00,L01-AUTOBAN,SPM330E,101.0,SUL,-22.874089445764,-47.124878168106,COLISÃO,COLISÃO-TRASEIRA,NÃO INFORMADO,0,0,1,0,0,AUTOMÓVEL=1|MOTO=1,CAMPINAS,CAMPINAS,CAMPINAS,ESTADUAL
2020-08-06,06:13:00,L01-AUTOBAN,SPM330D,15.6,NORTE,-23.496395968213,-46.757089378081,COLISÃO,COLISÃO-TRASEIRA,NÃO INFORMADO,0,0,0,0,0,AUTOMÓVEL=1|NÃO INFORMADO=1,SÃO PAULO,REG. METROPOLITANA SÃO PAULO,SÃO PAULO,ESTADUAL
2020-08-06,07:56:00,L29-VIAPAULISTA,SP330,307.4,SUL,-21.20731354,-47.75845337,TOMBAMENTO,TOMBAMENTO,IMPRUD. CONDUTOR-PERDA DE CONTROLE,1,0,0,0,0,MOTO=1,RIBEIRÃO PRETO,RIBEIRÃO PRETO,RIBEIRÃO PRETO,ESTADUAL
2020-08-06,08:00:00,L29-VIAPAULISTA,SP330,313.5,SUL,-21.15275574,-47.75735474,ENGAVETAMENTO,ENGAVETAMENTO,IMPRUD. CONDUTOR-DIST. INADEQUADA ENTRE VEÍC.,5,0,0,0,0,AUTOMÓVEL=4|CAMINHONETE=1,RIBEIRÃO PRETO,RIBEIRÃO PRETO,RIBEIRÃO PRETO,ESTADUAL
2020-08-06,10:23:00,L01-AUTOBAN,SPM330E,96.0,SUL,-22.911795994388,-47.101387381554,TOMBAMENTO,TOMBAMENTO,NÃO INFORMADO,0,0,1,0,0,MOTO=1,CAMPINAS,CAMPINAS,CAMPINAS,ESTADUAL
2020-08-06,10:52:00,L29-VIAPAULISTA,SPA241/330,9.9,OESTE,-21.72100565,-47.47762352,CHOQUE,CHOQUE-TALUDE OU BARRANCO,IMPRUD. CONDUTOR-PERDA DE CONTROLE,2,0,0,0,0,AUTOMÓVEL=1,SANTA RITA DO PASSA QUATRO,CENTRAL,RIBEIRÃO PRETO,ESTADUAL
2020-08-06,12:02:00,L01-AUTOBAN,SP330,25.5,NORTE,-23.423316814287,-46.791053063961,TOMBAMENTO,TOMBAMENTO,NÃO INFORMADO,0,1,0,0,0,CARRETA=1,SÃO PAULO,REG. METROPOLITANA SÃO PAULO,SÃO PAULO,ESTADUAL
2020-08-06,12:46:00,L01-AUTOBAN,SP330,120.0,NORTE,-22.756649,-47.254609,TOMBAMENTO,TOMBAMENTO-MOTO,NÃO INFORMADO,0,1,0,0,0,MOTO=1,AMERICANA,CAMPINAS,RIO CLARO,ESTADUAL
2020-08-06,15:08:00,L01-AUTOBAN,SP330,78.5,SUL,-23.0413495,-47.007089,COLISÃO,COLISÃO-LATERAL,NÃO INFORMADO,0,0,0,0,0,CAMINHÃO=1|CARRETA=1,VINHEDO,CAMPINAS,CAMPINAS,ESTADUAL
2020-08-06,17:34:00,L28-ENTREVIAS,SP330,350.0,NORTE,-20.8508552092,-47.8953475761,COLISÃO,COLISÃO-TRASEIRA,IMPRUD. CONDUTOR-FALTA DE ATENÇÃO,2,0,0,0,0,AUTOMÓVEL=2,SALES OLIVEIRA,FRANCA,RIBEIRÃO PRETO,ESTADUAL
2020-08-06,20:22:00,L01-AUTOBAN,SP330,85.8,SUL,-22.984313247457,-47.042817607371,COLISÃO,COLISÃO-LATERAL,NÃO INFORMADO,0,2,0,0,0,MOTO=1|NÃO INFORMADO=1,VALINHOS,CAMPINAS,CAMPINAS,ESTADUAL
2020-08-06,22:28:00,L29-VIAPAULISTA,SP330,297.5,NORTE,-21.29340172,-47.74551773,CHOQUE,"CHOQUE - DEFENSA, BARREIRA OU ""SUBMARINO""",IMPRUD. CONDUTOR-DORMIR AO VOLANTE,0,1,0,0,0,CAMINHÃO=1,CRAVINHOS,RIBEIRÃO PRETO,RIBEIRÃO PRETO,ESTADUAL
2020-08-07,04:28:00,L28-ENTREVIAS,SP330,431.3,NORTE,-20.1517834619,-47.7891621546,COLISÃO,COLISÃO-LATERAL,IMPRUD. CONDUTOR-FALTA DE ATENÇÃO,2,0,0,0,0,CAMINHÃO=2,ARAMINA,FRANCA,RIBEIRÃO PRETO,ESTADUAL
2020-08-07,12:37:00,L06-INTERVIAS,SP330,198.4,SUL,-22.10156059,-47.41500092,TOMBAMENTO,TOMBAMENTO,OBJETO NA PISTA,1,0,0,0,0,MOTO=1,SANTA CRUZ DA CONCEIÇÃO,CAMPINAS,RIO CLARO,ESTADUAL
2020-08-07,14:36:00,L01-AUTOBAN,SP330,124.0,SUL,-22.734177514591,-47.285896539688,COLISÃO,COLISÃO-TRASEIRA,NÃO INFORMADO,0,0,0,0,0,VAN/PERUA=2,AMERICANA,CAMPINAS,RIO CLARO,ESTADUAL
2020-08-07,14:57:00,L01-AUTOBAN,SP330,158.48,SUL,-22.456074851035,-47.399066551796,CHOQUE,CHOQUE-VEÍCULO PARADO NA PISTA,NÃO INFORMADO,0,2,0,0,0,AUTOMÓVEL=1|CARRETA=1,CORDEIRÓPOLIS,CAMPINAS,RIO CLARO,ESTADUAL
2020-08-07,15:24:00,L29-VIAPAULISTA,SPA307/330,0.5,OESTE,-21.20537186,-47.75880051,CAPOTAMENTO,CAPOTAMENTO,IMPRUD. CONDUTOR-PERDA DE CONTROLE,0,2,0,0,0,AUTOMÓVEL=1,RIBEIRÃO PRETO,RIBEIRÃO PRETO,RIBEIRÃO PRETO,ESTADUAL
2020-08-07,15:44:00,L01-AUTOBAN,SP330,35.5,NORTE,-23.3646935,-46.8466945,COLISÃO,COLISÃO-TRASEIRA,NÃO INFORMADO,0,1,0,0,0,AUTOMÓVEL=1|MOTO=1,CAJAMAR,REG. METROPOLITANA SÃO PAULO,SÃO PAULO,ESTADUAL
2020-08-07,15:51:00,L06-INTERVIAS,SPI165/330,0.5,LESTE,-22.39649963,-47.38479996,CHOQUE,CHOQUE-VEÍCULO PARADO NA PISTA,VEÍCULO PARADO NA FAIXA,1,1,0,0,0,AUTOMÓVEL=1|MOTO=1,ARARAS,CAMPINAS,RIO CLARO,ESTADUAL
2020-08-07,16:15:00,L29-VIAPAULISTA,SP330,240.5,NORTE,-21.75852966,-47.56050491,COLISÃO,COLISÃO-TRASEIRA,IMPRUD. CONDUTOR,4,0,0,0,0,AUTOMÓVEL=1|CAMINHÃO=1,SANTA RITA DO PASSA QUATRO,CENTRAL,RIBEIRÃO PRETO,ESTADUAL
2020-08-07,16:41:00,L01-AUTOBAN,SP330,23.6,NORTE,-23.438467361721,-46.786525010836,CHOQUE,CHOQUE-BARREIRA DE CONCRETO,NÃO INFORMADO,0,0,0,0,0,AUTOMÓVEL=1,SÃO PAULO,REG. METROPOLITANA SÃO PAULO,SÃO PAULO,ESTADUAL
2020-08-07,17:31:00,L29-VIAPAULISTA,SP330,317.0,NORTE,-21.12381172,-47.77217102,TOMBAMENTO,TOMBAMENTO,ÓLEO NA PISTA,1,0,0,0,0,MOTO=1,RIBEIRÃO PRETO,RIBEIRÃO PRETO,RIBEIRÃO PRETO,ESTADUAL
2020-08-07,17:42:00,L01-AUTOBAN,SP330,71.0,NORTE,-23.097521444929,-46.968086957932,COLISÃO,COLISÃO-LATERAL,NÃO INFORMADO,0,0,0,0,0,AUTOMÓVEL=1|NÃO INFORMADO=1,LOUVEIRA,CAMPINAS,CAMPINAS,ESTADUAL
2020-08-07,18:29:00,L01-AUTOBAN,SP330,19.0,NORTE,-23.473712595828,-46.77262365818,COLISÃO,COLISÃO-TRASEIRA,NÃO INFORMADO,0,1,0,0,0,AUTOMÓVEL=1|MOTO=1,OSASCO,REG. METROPOLITANA SÃO PAULO,SÃO PAULO,ESTADUAL
2020-08-07,21:26:00,L28-ENTREVIAS,SP330,362.7,NORTE,-20.7453112118,-47.8933138779,COLISÃO,COLISÃO-LATERAL,ACIDENTE,2,0,0,0,0,AUTOMÓVEL=1|CAMINHÃO=1,ORLÂNDIA,FRANCA,RIBEIRÃO PRETO,ESTADUAL
2020-08-07,22:00:00,L01-AUTOBAN,SP330,12.4,NORTE,-23.508668364703,-46.734587755221,COLISÃO,COLISÃO-LATERAL,NÃO INFORMADO,0,0,0,0,0,AUTOMÓVEL=2|NÃO INFORMADO=1,SÃO PAULO,REG. METROPOLITANA SÃO PAULO,SÃO PAULO,ESTADUAL
2020-08-08,01:13:00,L06-INTERVIAS,SP330,175.9,NORTE,-22.3015995,-47.39191055,COLISÃO,COLISÃO-TRASEIRA,NÃO INFORMADO,2,0,0,0,0,CAMINHÃO=2,ARARAS,CAMPINAS,RIO CLARO,ESTADUAL
2020-08-08,08:37:00,L06-INTERVIAS,SP330,236.4,SUL,-21.7826004,-47.53007889,CAPOTAMENTO,CAPOTAMENTO,IMPRUD. CONDUTOR-PERDA DE CONTROLE,3,0,0,0,0,AUTOMÓVEL=1,SANTA RITA DO PASSA QUATRO,CENTRAL,RIBEIRÃO PRETO,ESTADUAL
2020-08-08,10:33:00,L01-AUTOBAN,SP330,31.0,SUL,-23.40154396685,-46.836969852448,CHOQUE,CHOQUE-BARREIRA DE CONCRETO,NÃO INFORMADO,0,0,0,0,0,AUTOMÓVEL=1,CAJAMAR,REG. METROPOLITANA SÃO PAULO,SÃO PAULO,ESTADUAL
2020-08-08,10:53:00,L01-AUTOBAN,SPM330D,120.0,NORTE,-22.756649,-47.254609,TOMBAMENTO,TOMBAMENTO-MOTO,NÃO INFORMADO,0,2,0,0,0,MOTO=1,AMERICANA,CAMPINAS,RIO CLARO,ESTADUAL
2020-08-08,11:01:00,L06-INTERVIAS,SP330,181.76,NORTE,-22.24896049,-47.38998032,CHOQUE,CHOQUE-CANCELA DE PEDÁGIO,FALHA DE EQUIP. PEDÁGIO-PISTA AVI,1,0,0,0,0,AUTOMÓVEL=1,LEME,CAMPINAS,RIO CLARO,ESTADUAL
2020-08-08,11:45:00,L01-AUTOBAN,SP330,103.5,NORTE,-22.859501054404,-47.143938539795,CHOQUE,CHOQUE-VEÍCULO PARADO NA PISTA,NÃO INFORMADO,0,1,0,1,0,AUTOMÓVEL=2|MOTO=1,CAMPINAS,CAMPINAS,CAMPINAS,ESTADUAL
2020-08-08,16:03:00,L01-AUTOBAN,SP330,37.6,SUL,-23.347366658149,-46.843305303468,TOMBAMENTO,TOMBAMENTO-MOTO,NÃO INFORMADO,0,0,0,1,0,MOTO=1,CAJAMAR,REG. METROPOLITANA SÃO PAULO,SÃO PAULO,ESTADUAL
2020-08-08,17:22:00,L01-AUTOBAN,SP330,56.3,SUL,-23.209540237532,-46.894035452892,COLISÃO,COLISÃO-LATERAL,NÃO INFORMADO,0,1,0,0,0,AUTOMÓVEL=1|MOTO=1,JUNDIAÍ,CAMPINAS,CAMPINAS,ESTADUAL
2020-08-08,18:11:00,L01-AUTOBAN,SP330,93.9,NORTE,-22.925105417891,-47.08635093034,TOMBAMENTO,TOMBAMENTO,NÃO INFORMADO,0,2,0,0,0,MOTO=1,CAMPINAS,CAMPINAS,CAMPINAS,ESTADUAL
2020-08-08,18:48:00,L01-AUTOBAN,SP330,85.3,NORTE,-22.987504573551,-47.040282277008,COLISÃO,COLISÃO-TRASEIRA,NÃO INFORMADO,0,2,0,0,0,AUTOMÓVEL=4,VALINHOS,CAMPINAS,CAMPINAS,ESTADUAL
2020-08-08,20:40:00,L01-AUTOBAN,SPM330E,109.5,SUL,-22.82524973482,-47.188380510895,COLISÃO,COLISÃO-TRASEIRA,NÃO INFORMADO,0,0,0,0,0,AUTOMÓVEL=1|NÃO INFORMADO=1,SUMARÉ,CAMPINAS,CAMPINAS,ESTADUAL
2020-08-08,20:56:00,L01-AUTOBAN,SP330,67.4,SUL,-23.127432338903,-46.952169662541,COLISÃO,COLISÃO-TRASEIRA,NÃO INFORMADO,1,2,0,0,0,AUTOMÓVEL=2,JUNDIAÍ,CAMPINAS,CAMPINAS,ESTADUAL
2020-08-08,22:57:00,L01-AUTOBAN,SP330,17.1,SUL,-23.489213124081,-46.767481865064,COLISÃO,COLISÃO-TRASEIRA,NÃO INFORMADO,0,1,1,0,0,AUTOMÓVEL=2,SÃO PAULO,REG. METROPOLITANA SÃO PAULO,SÃO PAULO,ESTADUAL
2020-08-09,00:50:00,L01-AUTOBAN,SPM330D,93.76,NORTE,-22.925822695968,-47.085201877007,CHOQUE,CHOQUE-SINALIZAÇÃO,NÃO INFORMADO,0,0,1,0,0,AUTOMÓVEL=2|MOTO=1,CAMPINAS,CAMPINAS,CAMPINAS,ESTADUAL
2020-08-09,02:18:00,L01-AUTOBAN,SPM330E,17.5,SUL,-23.486091871009,-46.769123375416,COLISÃO,COLISÃO-TRASEIRA,NÃO INFORMADO,0,0,0,0,0,AUTOMÓVEL=1|NÃO INFORMADO=1,OSASCO,REG. METROPOLITANA SÃO PAULO,SÃO PAULO,ESTADUAL
2020-08-09,05:53:00,L01-AUTOBAN,SP330,103.6,NORTE,-22.858961851751,-47.14487741751,CAPOTAMENTO,CAPOTAMENTO,NÃO INFORMADO,0,1,0,0,0,AUTOMÓVEL=1,CAMPINAS,CAMPINAS,CAMPINAS,ESTADUAL
2020-08-09,06:28:00,L29-VIAPAULISTA,SP330,313.8,SUL,-21.1501236,-47.75801849,CHOQUE,CHOQUE-ELEMENTO DE DRENAGEM,IMPRUD. CONDUTOR-PERDA DE CONTROLE,0,0,0,0,0,AUTOMÓVEL=1,RIBEIRÃO PRETO,RIBEIRÃO PRETO,RIBEIRÃO PRETO,ESTADUAL
2020-08-09,06:35:00,L28-ENTREVIAS,SP330,321.0,SUL,-21.0900747564,-47.7965838701,TOMBAMENTO,TOMBAMENTO-MOTO,IMPRUD. CONDUTOR-EMBRIAGUEZ,0,1,0,0,0,MOTOCICLETA / MOTONETA=1,RIBEIRÃO PRETO,RIBEIRÃO PRETO,RIBEIRÃO PRETO,ESTADUAL
2020-08-09,06:41:00,L28-ENTREVIAS,SP330,425.0,NORTE,-20.2017868303,-47.7861606136,CAPOTAMENTO,CAPOTAMENTO,IMPRUD. CONDUTOR-DORMIR AO VOLANTE,1,0,0,0,0,AUTOMÓVEL=1,BURITIZAL,FRANCA,RIBEIRÃO PRETO,ESTADUAL
2020-08-09,10:04:00,L01-AUTOBAN,SP330,25.0,NORTE,-23.426127,-46.787542,TOMBAMENTO,TOMBAMENTO-MOTO,NÃO INFORMADO,0,2,0,0,0,MOTO=1,SÃO PAULO,REG. METROPOLITANA SÃO PAULO,SÃO PAULO,ESTADUAL
2020-08-09,10:28:00,L01-AUTOBAN,SP330,81.3,SUL,-23.019243484502,-47.019545154171,TOMBAMENTO,TOMBAMENTO-MOTO,NÃO INFORMADO,0,2,0,0,0,MOTO=1,VALINHOS,CAMPINAS,CAMPINAS,ESTADUAL
2020-08-09,11:38:00,L01-AUTOBAN,SP330,123.2,NORTE,-22.737415216689,-47.278471083782,COLISÃO,COLISÃO-TRASEIRA,NÃO INFORMADO,0,1,1,0,0,MOTO=1|NÃO INFORMADO=1,AMERICANA,CAMPINAS,RIO CLARO,ESTADUAL
2020-08-09,17:20:00,L28-ENTREVIAS,SPA327/330,1.989,LESTE,-21.0440760223,-47.8122202484,TOMBAMENTO,TOMBAMENTO-MOTO,FATOR-AMBIENTE,0,1,0,0,0,MOTOCICLETA / MOTONETA=1,JARDINÓPOLIS,RIBEIRÃO PRETO,RIBEIRÃO PRETO,ESTADUAL
2020-08-09,18:20:00,L06-INTERVIAS,SP330,233.0,SUL,-21.80270004,-47.50529861,CHOQUE,CHOQUE-OBJETO NA PISTA,OBJETO NA PISTA,4,0,0,0,0,AUTOMÓVEL=1,SANTA RITA DO PASSA QUATRO,CENTRAL,RIBEIRÃO PRETO,ESTADUAL
2020-08-09,18:21:00,L01-AUTOBAN,SPM330D,113.6,NORTE,-22.803111448556,-47.219618073714,CHOQUE,CHOQUE-DEFENSA METÁLICA,NÃO INFORMADO,0,0,0,0,0,CARRETA=1,SUMARÉ,CAMPINAS,CAMPINAS,ESTADUAL
2020-08-09,18:55:00,L28-ENTREVIAS,SP330,379.0,SUL,-20.588004894,-47.8794652158,ATROPELAMENTO DE ANIMAL,ATROP. ANIMAL-DOMÉSTICO PEQUENO PORTE,ANIMAL NA RODOVIA,1,0,0,0,0,AUTOMÓVEL=1,SÃO JOAQUIM DA BARRA,FRANCA,RIBEIRÃO PRETO,ESTADUAL
2020-08-09,19:04:00,L06-INTERVIAS,SP330,232.8,SUL,-21.80415916,-47.50428009,CHOQUE,CHOQUE-OBJETO NA PISTA,OBJETO NA PISTA,2,0,0,0,0,AUTOMÓVEL=1,PORTO FERREIRA,CENTRAL,RIO CLARO,ESTADUAL
2020-08-09,19:18:00,L01-AUTOBAN,SP330,152.45,SUL,-22.510316955136,-47.397238511685,CHOQUE,CHOQUE-PRAÇA MANUAL-(ENTRE VEÍCULOS),NÃO INFORMADO,0,0,0,0,0,AUTOMÓVEL=1|CARRETA=1,CORDEIRÓPOLIS,CAMPINAS,RIO CLARO,ESTADUAL
2020-08-09,19:19:00,L01-AUTOBAN,SPM330D,51.54,NORTE,-23.243689146119,-46.867598077151,ATROPELAMENTO DE ANIMAL,ATROP. ANIMAL,NÃO INFORMADO,0,0,0,0,0,AUTOMÓVEL=1,JUNDIAÍ,CAMPINAS,CAMPINAS,ESTADUAL
2020-08-09,20:24:00,L01-AUTOBAN,SP330,21.9,SUL,-23.453830886786,-46.78612643282,ENGAVETAMENTO,ENGAVETAMENTO,NÃO INFORMADO,0,1,0,0,0,AUTOMÓVEL=3,SÃO PAULO,REG. METROPOLITANA SÃO PAULO,SÃO PAULO,ESTADUAL
2020-08-10,00:30:00,L01-AUTOBAN,SPM330D,58.6,NORTE,-23.1921189355,-46.905424113679,CHOQUE,CHOQUE-MEIO FIO/CALÇAMENTO,NÃO INFORMADO,0,0,0,0,0,AUTOMÓVEL=1,JUNDIAÍ,NÃO INFORMADO,NÃO INFORMADO,NÃO INFORMADO
2020-08-10,01:20:00,L29-VIAPAULISTA,SP330,313.7,SUL,-21.15100098,-47.75779724,CHOQUE,CHOQUE-OUTROS,IMPRUD. CONDUTOR-PERDA DE CONTROLE,0,0,0,0,0,AUTOMÓVEL=1,RIBEIRÃO PRETO,RIBEIRÃO PRETO,RIBEIRÃO PRETO,ESTADUAL
2020-08-10,04:27:00,L01-AUTOBAN,SP330,148.0,NORTE,-22.545053,-47.37612,CHOQUE,CHOQUE-SINALIZAÇÃO,NÃO INFORMADO,0,1,0,0,0,CAMINHÃO=1,LIMEIRA,CAMPINAS,RIO CLARO,ESTADUAL
2020-08-10,07:03:00,L01-AUTOBAN,SPM330E,15.5,SUL,-23.497092587879,-46.756766438484,COLISÃO,COLISÃO-TRANSVERSAL,NÃO INFORMADO,0,0,0,0,0,AUTOMÓVEL=1|UTILITÁRIO=1,SÃO PAULO,REG. METROPOLITANA SÃO PAULO,SÃO PAULO,ESTADUAL
2020-08-10,08:13:00,L28-ENTREVIAS,SP330,325.85,SUL,-21.0630981231,-47.8176891256,ATROPELAMENTO DE PEDESTRE,ATROP. PEDESTRE-MORADOR,IMPRUD. PEDESTRE-MORADOR,1,0,0,0,1,AUTOMÓVEL=1,JARDINÓPOLIS,RIBEIRÃO PRETO,RIBEIRÃO PRETO,ESTADUAL
2020-08-10,18:42:00,L01-AUTOBAN,SP330,22.4,NORTE,-23.449555711243,-46.786647319644,ENGAVETAMENTO,ENGAVETAMENTO,NÃO INFORMADO,0,0,0,0,0,AUTOMÓVEL=3,SÃO PAULO,REG. METROPOLITANA SÃO PAULO,SÃO PAULO,ESTADUAL
2020-08-10,19:26:00,L29-VIAPAULISTA,SP330,289.5,NORTE,-21.36076736,-47.72081375,COLISÃO,COLISÃO-TRASEIRA,IMPRUD. CONDUTOR-PERDA DE CONTROLE,0,2,0,0,0,CAMINHÃO=2,CRAVINHOS,RIBEIRÃO PRETO,RIBEIRÃO PRETO,ESTADUAL
2020-08-10,21:24:00,L01-AUTOBAN,SPM330D,24.1,NORTE,-23.433698523842,-46.786412348291,CHOQUE,CHOQUE-OBJETO NA PISTA,NÃO INFORMADO,0,0,1,0,0,MOTO=1,SÃO PAULO,REG. METROPOLITANA SÃO PAULO,SÃO PAULO,ESTADUAL
2020-08-10,22:44:00,L01-AUTOBAN,SP330,125.0,SUL,-22.728537083875,-47.292033433914,ATROPELAMENTO DE PEDESTRE,ATROP. PEDESTRE-USUÁRIO,NÃO INFORMADO,0,1,1,1,0,MOTO=1|NÃO SE APLICA=1,AMERICANA,CAMPINAS,RIO CLARO,ESTADUAL
2020-08-10,23:16:00,L01-AUTOBAN,SP330,106.44,NORTE,-22.84340298702,-47.167035916638,COLISÃO,COLISÃO-TRASEIRA,NÃO INFORMADO,0,1,0,0,0,AUTOMÓVEL=1|MOTO=1,SUMARÉ,CAMPINAS,CAMPINAS,ESTADUAL
2020-08-10,23:32:00,L29-VIAPAULISTA,SP330,253.72,SUL,-21.65143013,-47.61026382,TOMBAMENTO,TOMBAMENTO,IMPRUD. CONDUTOR,1,0,0,0,0,CAMINHÃO=1,SANTA RITA DO PASSA QUATRO,CENTRAL,RIBEIRÃO PRETO,ESTADUAL
2020-08-11,04:35:00,L01-AUTOBAN,SPM330E,91.2,SUL,-22.941497205912,-47.067594753225,COLISÃO,COLISÃO-TRASEIRA,NÃO INFORMADO,0,1,1,0,0,CAMINHÃO=1|ÔNIBUS=1,CAMPINAS,CAMPINAS,CAMPINAS,ESTADUAL
2020-08-11,07:13:00,L29-VIAPAULISTA,SP330,292.4,NORTE,-21.33555222,-47.72583389,COLISÃO,COLISÃO-TRANSVERSAL,IMPRUD. CONDUTOR-DESRESPEITO À SINALIZAÇÃO,1,1,0,0,0,AUTOMÓVEL=1|MOTO=1,CRAVINHOS,RIBEIRÃO PRETO,RIBEIRÃO PRETO,ESTADUAL
2020-08-11,07:40:00,L01-AUTOBAN,SP330,110.6,SUL,-22.820068303077,-47.198047743045,CHOQUE,CHOQUE-OBJETO NA PISTA,NÃO INFORMADO,0,1,0,0,0,MOTO=1,SUMARÉ,CAMPINAS,CAMPINAS,ESTADUAL
2020-08-11,08:25:00,L01-AUTOBAN,SP330,92.0,SUL,-22.935126302733,-47.071105241776,COLISÃO,COLISÃO-TRASEIRA,NÃO INFORMADO,0,1,0,0,0,AUTOMÓVEL=2,CAMPINAS,CAMPINAS,CAMPINAS,ESTADUAL
2020-08-11,09:42:00,L01-AUTOBAN,SP330,152.5,NORTE,-22.509585963674,-47.397154569626,CHOQUE,CHOQUE-BARREIRA DE CONCRETO,NÃO INFORMADO,0,0,0,0,0,UTILITÁRIO=1,CORDEIRÓPOLIS,CAMPINAS,RIO CLARO,ESTADUAL
2020-08-11,10:05:00,L06-INTERVIAS,SP330,223.9,SUL,-21.88105965,-47.48590088,CHOQUE,CHOQUE-OUTROS,MAL SÚBITO DO CONDUTOR,0,1,0,0,0,CAMINHÃO=1,PORTO FERREIRA,CENTRAL,RIO CLARO,ESTADUAL
2020-08-11,13:00:00,L01-AUTOBAN,SP330,92.6,SUL,-22.931969529121,-47.075899684517,TOMBAMENTO,TOMBAMENTO,NÃO INFORMADO,0,0,1,0,0,MOTO=1,CAMPINAS,CAMPINAS,CAMPINAS,ESTADUAL
2020-08-11,14:13:00,L01-AUTOBAN,SP330,36.0,SUL,-23.36049320542,-46.848599910736,ENGAVETAMENTO,ENGAVETAMENTO,NÃO INFORMADO,0,0,0,0,0,AUTOMÓVEL=2|CARRETA=1,CAJAMAR,REG. METROPOLITANA SÃO PAULO,SÃO PAULO,ESTADUAL
2020-08-11,16:17:00,L28-ENTREVIAS,SP330,330.0,SUL,-21.0213162542,-47.8399548404,CHOQUE,CHOQUE-DEFENSA METÁLICA,ESTOURO/FURO DE PNEU,0,0,0,0,1,CAMINHÃO=1,JARDINÓPOLIS,RIBEIRÃO PRETO,RIBEIRÃO PRETO,ESTADUAL
2020-08-11,16:18:00,L28-ENTREVIAS,SP330,330.0,SUL,-21.0213162542,-47.8399548404,ENGAVETAMENTO,ENGAVETAMENTO,IMPRUD. CONDUTOR-FALTA DE ATENÇÃO,3,0,0,0,0,AUTOMÓVEL=2|CAMINHÃO=1,JARDINÓPOLIS,RIBEIRÃO PRETO,RIBEIRÃO PRETO,ESTADUAL
2020-08-11,16:39:00,L29-VIAPAULISTA,SPA307/330,0.7,OESTE,-21.20174408,-47.76449585,CHOQUE,"CHOQUE - DEFENSA, BARREIRA OU ""SUBMARINO""",IMPRUD. CONDUTOR-LEVOU FECHADA,1,0,0,0,0,CAMINHONETE=1,RIBEIRÃO PRETO,RIBEIRÃO PRETO,RIBEIRÃO PRETO,ESTADUAL
2020-08-11,17:52:00,L06-INTERVIAS,SP330,190.1,NORTE,-22.17420006,-47.39876175,CHOQUE,CHOQUE-OBJETO NA PISTA,OBJETO NA PISTA,2,0,0,0,0,AUTOMÓVEL=1,LEME,CAMPINAS,RIO CLARO,ESTADUAL
2020-08-11,17:58:00,L06-INTERVIAS,SP330,178.0,SUL,-22.28269958,-47.39350128,COLISÃO,COLISÃO-LATERAL,IMPRUD. CONDUTOR-PERDA DE CONTROLE,5,0,0,0,0,AUTOMÓVEL=1|CAMINHÃO=1,ARARAS,CAMPINAS,RIO CLARO,ESTADUAL
2020-08-11,19:17:00,L01-AUTOBAN,SP330,145.2,SUL,-22.567617833744,-47.366313456769,COLISÃO,COLISÃO-LATERAL,NÃO INFORMADO,0,1,0,0,0,AUTOMÓVEL=1|MOTO=1|NÃO INFORMADO=1,LIMEIRA,CAMPINAS,RIO CLARO,ESTADUAL
2020-08-12,05:24:00,L01-AUTOBAN,SP330,115.0,NORTE,-22.792220839274,-47.226083278656,TOMBAMENTO,TOMBAMENTO-MOTO,NÃO INFORMADO,0,1,0,0,0,MOTO=1|NÃO INFORMADO=1,SUMARÉ,CAMPINAS,CAMPINAS,ESTADUAL
2020-08-12,07:54:00,L06-INTERVIAS,SP330,208.5,NORTE,-22.01350021,-47.44034958,COLISÃO,COLISÃO-FRONTAL,IMPRUD. CONDUTOR,1,1,0,0,0,CAMINHÃO=1|MOTO=1,PIRASSUNUNGA,CAMPINAS,RIO CLARO,ESTADUAL
2020-08-12,08:07:00,L01-AUTOBAN,SPM330E,18.4,SUL,-23.478799222134,-46.771754621907,CHOQUE,CHOQUE-VEÍCULO PARADO NA PISTA,NÃO INFORMADO,0,1,0,0,0,AUTOMÓVEL=1|CAMINHÃO=1|MICRO-ÔNIBUS=1,OSASCO,REG. METROPOLITANA SÃO PAULO,SÃO PAULO,ESTADUAL
2020-08-12,13:31:00,L01-AUTOBAN,SP330,50.0,SUL,-23.256857077892,-46.867477297783,CHOQUE,CHOQUE-BARREIRA DE CONCRETO,NÃO INFORMADO,1,0,1,0,0,AUTOMÓVEL=1,JUNDIAÍ,CAMPINAS,CAMPINAS,ESTADUAL
2020-08-12,15:11:00,L01-AUTOBAN,SPM330E,93.24,SUL,-22.9286708967,-47.081034144454,TOMBAMENTO,TOMBAMENTO-MOTO,NÃO INFORMADO,0,0,0,0,1,CARRETA=1|MOTO=1,CAMPINAS,CAMPINAS,CAMPINAS,ESTADUAL
2020-08-12,15:49:00,L06-INTERVIAS,SP330,210.5,NORTE,-22.0007,-47.44480133,CHOQUE,CHOQUE-OBJETO NA PISTA,OBJETO NA PISTA,1,0,0,0,0,AUTOMÓVEL=1,PIRASSUNUNGA,CAMPINAS,RIO CLARO,ESTADUAL
2020-08-12,16:11:00,L01-AUTOBAN,SPM330E,94.9,SUL,-22.920407217445,-47.093452881495,COLISÃO,COLISÃO-TRASEIRA,NÃO INFORMADO,0,1,0,0,0,AUTOMÓVEL=1|VAN/PERUA=1,CAMPINAS,CAMPINAS,CAMPINAS,ESTADUAL
2020-08-12,18:48:00,L01-AUTOBAN,SP330,125.0,NORTE,-22.728274847666,-47.291845679283,TOMBAMENTO,TOMBAMENTO-MOTO,NÃO INFORMADO,0,1,0,0,0,MOTO=1,AMERICANA,CAMPINAS,RIO CLARO,ESTADUAL
2020-08-12,19:09:00,L29-VIAPAULISTA,SP330,247.5,SUL,-21.70551872,-47.59439468,CHOQUE,CHOQUE-ELEMENTO DE DRENAGEM,PANE MECÂNICA/ELÉTRICA,1,0,0,0,0,CAMINHÃO=1,SANTA RITA DO PASSA QUATRO,CENTRAL,RIBEIRÃO PRETO,ESTADUAL
2020-08-12,20:09:00,L01-AUTOBAN,SP330,44.48,SUL,-23.299743507203,-46.860343047529,CHOQUE,CHOQUE-BARREIRA DE CONCRETO,NÃO INFORMADO,0,0,1,0,0,AUTOMÓVEL=2|UTILITÁRIO=1,CAJAMAR,REG. METROPOLITANA SÃO PAULO,SÃO PAULO,ESTADUAL
2020-08-12,21:30:00,L06-INTERVIAS,SP330,184.4,SUL,-22.22513962,-47.39196014,CHOQUE,CHOQUE-OBJETO NA PISTA,OBJETO NA PISTA,5,0,0,0,0,AUTOMÓVEL=1,LEME,CAMPINAS,RIO CLARO,ESTADUAL
2020-08-12,22:05:00,L06-INTERVIAS,SP330,205.5,NORTE,-22.03949928,-47.43185043,CHOQUE,"CHOQUE - DEFENSA, BARREIRA OU ""SUBMARINO""",IMPRUD. CONDUTOR,1,0,0,0,0,CAMINHÃO=1,PIRASSUNUNGA,CAMPINAS,RIO CLARO,ESTADUAL
2020-08-12,22:29:00,L01-AUTOBAN,SP330,24.7,NORTE,-23.428650835932,-46.787165450228,COLISÃO,COLISÃO-LATERAL,NÃO INFORMADO,0,0,0,0,0,AUTOMÓVEL=1,SÃO PAULO,REG. METROPOLITANA SÃO PAULO,SÃO PAULO,ESTADUAL
2020-08-13,05:41:00,L29-VIAPAULISTA,SP330,310.3,NORTE,-21.18063927,-47.75691605,COLISÃO,COLISÃO-LATERAL,IMPRUD. CONDUTOR,2,0,0,0,0,CAMINHONETE=1|CAMINHÃO=1,RIBEIRÃO PRETO,RIBEIRÃO PRETO,RIBEIRÃO PRETO,ESTADUAL
2020-08-13,08:46:00,L01-AUTOBAN,SP330,60.0,SUL,-23.181167952022,-46.911588907242,COLISÃO,COLISÃO-TRASEIRA,NÃO INFORMADO,0,0,0,0,0,AUTOMÓVEL=2,JUNDIAÍ,CAMPINAS,CAMPINAS,ESTADUAL
2020-08-13,09:30:00,L01-AUTOBAN,SP330,29.4,NORTE,-23.407590442392,-46.823878523528,CHOQUE,CHOQUE-SINALIZAÇÃO,NÃO INFORMADO,0,1,0,0,0,MOTO=1,SÃO PAULO,REG. METROPOLITANA SÃO PAULO,SÃO PAULO,ESTADUAL
2020-08-13,12:18:00,L06-INTERVIAS,SP330,178.0,SUL,-22.28269958,-47.39350128,TOMBAMENTO,TOMBAMENTO,IMPRUD. CONDUTOR-LEVOU FECHADA,0,1,0,0,0,MOTO=1|NÃO INFORMADO=1,ARARAS,CAMPINAS,RIO CLARO,ESTADUAL
2020-08-13,13:52:00,L28-ENTREVIAS,SP330,392.5,NORTE,-20.4826041561,-47.8423467849,OBJETO LANÇADO CONTRA O VEÍCULO,OBJETO LANÇADO CONTRA VEÍCULO,OBJETO LANÇADO-TERCEIROS,1,0,0,0,0,AUTOMÓVEL=1,GUARÁ,FRANCA,RIBEIRÃO PRETO,ESTADUAL
2020-08-13,16:12:00,L06-INTERVIAS,SP330,181.76,NORTE,-22.24896049,-47.38998032,CHOQUE,CHOQUE-VEÍCULO PARADO NA PISTA,NÃO INFORMADO,1,0,0,0,1,AUTOMÓVEL=1|CAMINHÃO=1,LEME,CAMPINAS,RIO CLARO,ESTADUAL
2020-08-13,19:37:00,L01-AUTOBAN,SPM330D,110.6,NORTE,-22.819693506483,-47.198032722658,CHOQUE,CHOQUE-MEIO FIO/CALÇAMENTO,NÃO INFORMADO,1,1,0,0,0,AUTOMÓVEL=1,SUMARÉ,CAMPINAS,CAMPINAS,ESTADUAL
2020-08-13,20:21:00,L01-AUTOBAN,SP330,74.7,SUL,-23.070282722969,-46.987148213789,COLISÃO,COLISÃO-LATERAL,NÃO INFORMADO,0,0,0,0,0,AUTOMÓVEL=2,VINHEDO,CAMPINAS,CAMPINAS,ESTADUAL
2020-08-13,21:44:00,L01-AUTOBAN,SP330,118.0,SUL,-22.769034170109,-47.24156498909,CHOQUE,CHOQUE-PRAÇA AVI-(ENTRE VEÍCULOS),NÃO INFORMADO,0,0,0,0,0,BITREM/CVC=1|CAMINHÃO=1,NOVA ODESSA,CAMPINAS,RIO CLARO,ESTADUAL
2020-08-13,22:05:00,L06-INTERVIAS,SP330,205.2,NORTE,-22.04214096,-47.43115997,COLISÃO,COLISÃO-TRASEIRA,NÃO INFORMADO,1,0,0,1,0,CAMINHÃO=2,PIRASSUNUNGA,CAMPINAS,RIO CLARO,ESTADUAL
2020-08-14,07:06:00,L01-AUTOBAN,SPM330E,113.0,SUL,-22.807279181437,-47.216427326202,COLISÃO,COLISÃO-LATERAL,NÃO INFORMADO,0,1,0,0,0,AUTOMÓVEL=1|MOTO=1,SUMARÉ,CAMPINAS,CAMPINAS,ESTADUAL
2020-08-14,08:23:00,L01-AUTOBAN,SP330,101.28,SUL,-22.87248380795,-47.12699211182,COLISÃO,COLISÃO-TRASEIRA,NÃO INFORMADO,0,0,0,0,0,UTILITÁRIO=2,CAMPINAS,CAMPINAS,CAMPINAS,ESTADUAL
2020-08-14,14:24:00,L01-AUTOBAN,SP330,30.0,SUL,-23.405300286201,-46.828966140747,COLISÃO,COLISÃO-FRONTAL,NÃO INFORMADO,0,0,1,0,0,AUTOMÓVEL=1|MOTO=1,CAJAMAR,REG. METROPOLITANA SÃO PAULO,SÃO PAULO,ESTADUAL
2020-08-14,14:38:00,L01-AUTOBAN,SPI102/330,5.1,NORTE,-22.907824211021,-47.136586646785,CHOQUE,CHOQUE-SINALIZAÇÃO,NÃO INFORMADO,0,0,0,0,0,AUTOMÓVEL=1,CAMPINAS,CAMPINAS,CAMPINAS,ESTADUAL
2020-08-14,15:12:00,L01-AUTOBAN,SPM330E,112.8,SUL,-22.80859252046,-47.215002558514,COLISÃO,COLISÃO-TRASEIRA,NÃO INFORMADO,0,1,0,0,0,AUTOMÓVEL=2,SUMARÉ,CAMPINAS,CAMPINAS,ESTADUAL
2020-08-14,16:05:00,L01-AUTOBAN,SP330,102.4,NORTE,-22.865296302875,-47.134972940817,CHOQUE,CHOQUE-OBJETO NA PISTA,NÃO INFORMADO,0,1,0,0,0,MOTO=1,CAMPINAS,CAMPINAS,CAMPINAS,ESTADUAL
2020-08-14,17:23:00,L01-AUTOBAN,SP330,19.2,NORTE,-23.472758987006,-46.773873572349,COLISÃO,COLISÃO-TRASEIRA,NÃO INFORMADO,0,0,0,0,0,AUTOMÓVEL=2,OSASCO,REG. METROPOLITANA SÃO PAULO,SÃO PAULO,ESTADUAL
2020-08-14,18:34:00,L01-AUTOBAN,SP330,60.44,SUL,-23.178588033914,-46.914718713529,COLISÃO,COLISÃO-TRASEIRA,NÃO INFORMADO,1,1,2,0,0,AUTOMÓVEL=1|UTILITÁRIO=1,JUNDIAÍ,CAMPINAS,CAMPINAS,ESTADUAL
2020-08-14,18:40:00,L01-AUTOBAN,SP330,17.8,NORTE,-23.483998906785,-46.770107742932,COLISÃO,COLISÃO-TRASEIRA,NÃO INFORMADO,0,0,0,0,0,AUTOMÓVEL=1|UTILITÁRIO=1,OSASCO,REG. METROPOLITANA SÃO PAULO,SÃO PAULO,ESTADUAL
2020-08-14,18:53:00,L01-AUTOBAN,SP330,134.8,NORTE,-22.64828909658,-47.325637232125,COLISÃO,COLISÃO-LATERAL,NÃO INFORMADO,0,0,0,0,0,AUTOMÓVEL=2|UTILITÁRIO=2,LIMEIRA,CAMPINAS,RIO CLARO,ESTADUAL
2020-08-14,20:06:00,L01-AUTOBAN,SP330,134.6,NORTE,-22.650021798551,-47.324930212617,ENGAVETAMENTO,ENGAVETAMENTO,NÃO INFORMADO,0,0,0,0,0,AUTOMÓVEL=3,LIMEIRA,CAMPINAS,RIO CLARO,ESTADUAL
2020-08-14,20:29:00,L01-AUTOBAN,SP330,146.4,NORTE,-22.557381250305,-47.368131770783,COLISÃO,COLISÃO-TRASEIRA,NÃO INFORMADO,0,0,1,0,0,AUTOMÓVEL=1|BITREM/CVC=1,LIMEIRA,CAMPINAS,RIO CLARO,ESTADUAL
2020-08-14,20:37:00,L29-VIAPAULISTA,SP330,275.3,NORTE,-21.46094131,-47.6434021,COLISÃO,COLISÃO-TRASEIRA,IMPRUD. CONDUTOR-PERDA DE CONTROLE,0,2,0,0,0,AUTOMÓVEL=1|NÃO INFORMADO=1,SÃO SIMÃO,RIBEIRÃO PRETO,RIBEIRÃO PRETO,ESTADUAL
2020-08-14,21:17:00,L01-AUTOBAN,SP330,53.0,NORTE,-23.230639,-46.87295,COLISÃO,COLISÃO-LATERAL,NÃO INFORMADO,0,0,0,0,0,AUTOMÓVEL=2,JUNDIAÍ,CAMPINAS,CAMPINAS,ESTADUAL
2020-08-15,04:24:00,L01-AUTOBAN,SP330,105.16,SUL,-22.851238794058,-47.157985667036,CHOQUE,CHOQUE-DEFENSA METÁLICA,NÃO INFORMADO,0,0,0,0,0,AUTOMÓVEL=1,CAMPINAS,CAMPINAS,CAMPINAS,ESTADUAL
2020-08-15,07:12:00,L28-ENTREVIAS,SP330,364.362,NORTE,-20.7254475041,-47.8933999947,OBJETO LANÇADO CONTRA O VEÍCULO,OBJETO LANÇADO CONTRA VEÍCULO,OBJETO LANÇADO-TERCEIROS,1,0,0,0,0,CAMINHÃO=1,ORLÂNDIA,FRANCA,RIBEIRÃO PRETO,ESTADUAL
2020-08-15,09:33:00,L29-VIAPAULISTA,SP330,315.9,NORTE,-21.13205719,-47.76628876,COLISÃO,COLISÃO-LATERAL,IMPRUD. CONDUTOR-PERDA DE CONTROLE,2,0,0,0,0,CAMINHONETE=1|CAMINHÃO=1,RIBEIRÃO PRETO,RIBEIRÃO PRETO,RIBEIRÃO PRETO,ESTADUAL
2020-08-15,09:39:00,L01-AUTOBAN,SP330,69.7,NORTE,-23.108137855063,-46.961094960443,CHOQUE,CHOQUE-BARREIRA DE CONCRETO,NÃO INFORMADO,0,0,0,0,0,AUTOMÓVEL=1,LOUVEIRA,CAMPINAS,CAMPINAS,ESTADUAL
2020-08-15,14:57:00,L01-AUTOBAN,SPM330E,24.9,SUL,-23.427404531117,-46.787492893681,COLISÃO,COLISÃO-TRASEIRA,NÃO INFORMADO,0,1,0,0,0,AUTOMÓVEL=1|MOTO=1,SÃO PAULO,REG. METROPOLITANA SÃO PAULO,SÃO PAULO,ESTADUAL
2020-08-15,15:16:00,L06-INTERVIAS,SP330,171.8,SUL,-22.33818054,-47.39105988,CHOQUE,CHOQUE-OBJETO NA PISTA,OBJETO NA PISTA,2,0,0,0,0,CAMINHONETE=1,ARARAS,CAMPINAS,RIO CLARO,ESTADUAL
2020-08-15,16:49:00,L01-AUTOBAN,SP330,82.5,NORTE,-23.009267880571,-47.025319933891,CHOQUE,CHOQUE-BARREIRA DE CONCRETO,NÃO INFORMADO,0,0,0,0,0,AUTOMÓVEL=1,VALINHOS,CAMPINAS,CAMPINAS,ESTADUAL
2020-08-15,18:33:00,L06-INTERVIAS,SP330,219.4,NORTE,-21.92320061,-47.47119904,COLISÃO,COLISÃO-TRASEIRA,IMPRUDÊNCIA,2,0,0,0,0,CAMINHONETE=2,PIRASSUNUNGA,CAMPINAS,RIO CLARO,ESTADUAL
2020-08-15,18:55:00,L06-INTERVIAS,SP330,219.7,SUL,-21.91720963,-47.47352982,CHOQUE,CHOQUE-OBJETO NA PISTA,OBJETO NA PISTA,1,0,0,0,0,AUTOMÓVEL=1,PIRASSUNUNGA,CAMPINAS,RIO CLARO,ESTADUAL
2020-08-15,19:48:00,L01-AUTOBAN,SPM330D,113.2,NORTE,-22.805708636985,-47.217433674359,COLISÃO,COLISÃO-LATERAL,NÃO INFORMADO,0,0,0,0,0,AUTOMÓVEL=2,SUMARÉ,CAMPINAS,CAMPINAS,ESTADUAL
2020-08-15,21:30:00,L28-ENTREVIAS,SP330,324.0,SUL,-21.0700577889,-47.8119681073,TOMBAMENTO,TOMBAMENTO-MOTO,IMPRUD. CONDUTOR-PERDA DE CONTROLE,0,1,0,0,0,MOTOCICLETA / MOTONETA=1,RIBEIRÃO PRETO,RIBEIRÃO PRETO,RIBEIRÃO PRETO,ESTADUAL
2020-08-15,21:53:00,L01-AUTOBAN,SP330,125.0,NORTE,-22.728274847666,-47.291845679283,TOMBAMENTO,TOMBAMENTO-MOTO,NÃO INFORMADO,0,1,0,0,0,MOTO=1,AMERICANA,CAMPINAS,RIO CLARO,ESTADUAL
2020-08-16,01:04:00,L01-AUTOBAN,SPM330E,110.0,SUL,-22.82299346964,-47.19250202179,TOMBAMENTO,TOMBAMENTO-MOTO,NÃO INFORMADO,0,0,1,1,0,MOTO=1,SUMARÉ,CAMPINAS,CAMPINAS,ESTADUAL
2020-08-16,04:33:00,L28-ENTREVIAS,SP330,374.9,NORTE,-20.6349977355,-47.8816610874,COLISÃO,COLISÃO-LATERAL,IMPRUD. CONDUTOR-LEVOU FECHADA,2,1,0,0,0,AUTOMÓVEL=2,SÃO JOAQUIM DA BARRA,FRANCA,RIBEIRÃO PRETO,ESTADUAL
2020-08-16,06:54:00,L01-AUTOBAN,SPM330E,25.2,SUL,-23.425445065063,-46.788964879819,CHOQUE,CHOQUE-MEIO FIO/CALÇAMENTO,NÃO INFORMADO,0,0,0,0,0,AUTOMÓVEL=1,SÃO PAULO,NÃO INFORMADO,NÃO INFORMADO,NÃO INFORMADO
2020-08-16,09:24:00,L01-AUTOBAN,SP330,120.68,NORTE,-22.752197754473,-47.259261485062,CHOQUE,CHOQUE-BARREIRA DE CONCRETO,NÃO INFORMADO,0,0,0,0,0,AUTOMÓVEL=1,AMERICANA,CAMPINAS,RIO CLARO,ESTADUAL
2020-08-16,09:26:00,L01-AUTOBAN,SPM330E,92.0,SUL,-22.935126302733,-47.071105241776,CHOQUE,CHOQUE-BARREIRA DE CONCRETO,NÃO INFORMADO,0,0,0,0,0,AUTOMÓVEL=1,CAMPINAS,CAMPINAS,CAMPINAS,ESTADUAL
2020-08-16,09:35:00,L01-AUTOBAN,SP330,120.58,SUL,-22.752994727498,-47.258827055703,CHOQUE,CHOQUE-ELEMENTO DE DRENAGEM,NÃO INFORMADO,0,0,0,0,0,AUTOMÓVEL=1,AMERICANA,CAMPINAS,RIO CLARO,ESTADUAL
2020-08-16,10:01:00,L06-INTERVIAS,SP330,229.0,NORTE,-21.83620071,-47.49509811,CHOQUE,CHOQUE-TALUDE OU BARRANCO,IMPRUD. CONDUTOR-PERDA DE CONTROLE,0,1,0,0,0,AUTOMÓVEL=1,PORTO FERREIRA,CENTRAL,RIO CLARO,ESTADUAL
2020-08-16,10:06:00,L01-AUTOBAN,SP330,92.0,NORTE,-22.935116422047,-47.071389555931,CHOQUE,CHOQUE-BARREIRA DE CONCRETO,NÃO INFORMADO,0,0,0,0,0,AUTOMÓVEL=1,CAMPINAS,CAMPINAS,CAMPINAS,ESTADUAL
2020-08-16,11:37:00,L01-AUTOBAN,SP330,53.3,SUL,-23.228642673876,-46.87442367924,CHOQUE,CHOQUE-ELEMENTO DE DRENAGEM,NÃO INFORMADO,0,1,0,0,0,AUTOMÓVEL=1,JUNDIAÍ,CAMPINAS,CAMPINAS,ESTADUAL
2020-08-16,11:56:00,L01-AUTOBAN,SP330,25.5,NORTE,-23.423316814287,-46.791053063961,CHOQUE,CHOQUE-DEFENSA METÁLICA,NÃO INFORMADO,0,0,0,0,0,AUTOMÓVEL=1,SÃO PAULO,REG. METROPOLITANA SÃO PAULO,SÃO PAULO,ESTADUAL
2020-08-16,11:56:00,L01-AUTOBAN,SP330,18.2,SUL,-23.480494753456,-46.771464944991,CHOQUE,CHOQUE-BARREIRA DE CONCRETO,NÃO INFORMADO,0,0,0,0,0,AUTOMÓVEL=1,OSASCO,REG. METROPOLITANA SÃO PAULO,SÃO PAULO,ESTADUAL
2020-08-16,12:44:00,L01-AUTOBAN,SP330,19.9,NORTE,-23.469421374318,-46.778248248101,COLISÃO,COLISÃO-LATERAL,NÃO INFORMADO,0,2,0,0,0,AUTOMÓVEL=2,OSASCO,REG. METROPOLITANA SÃO PAULO,SÃO PAULO,ESTADUAL
2020-08-16,12:46:00,L01-AUTOBAN,SP330,19.8,SUL,-23.469866686579,-46.777777786108,CHOQUE,CHOQUE-BARREIRA DE CONCRETO,NÃO INFORMADO,0,0,0,0,0,AUTOMÓVEL=1,OSASCO,REG. METROPOLITANA SÃO PAULO,SÃO PAULO,ESTADUAL
2020-08-16,18:36:00,L01-AUTOBAN,SPM330E,102.28,SUL,-22.866722607117,-47.134395271423,ATROPELAMENTO DE PEDESTRE,ATROP. PEDESTRE-USUÁRIO,NÃO INFORMADO,0,0,1,0,0,AUTOMÓVEL=1|NÃO SE APLICA=1,CAMPINAS,CAMPINAS,CAMPINAS,ESTADUAL
2020-08-16,18:45:00,L01-AUTOBAN,SP330,152.45,SUL,-22.510316955136,-47.397238511685,COLISÃO,COLISÃO-TRASEIRA,NÃO INFORMADO,0,0,0,0,0,AUTOMÓVEL=1|MOTO=1,CORDEIRÓPOLIS,CAMPINAS,RIO CLARO,ESTADUAL
2020-08-16,20:44:00,L01-AUTOBAN,SPM330E,24.7,SUL,-23.429053577623,-46.787254683315,CHOQUE,CHOQUE-SINALIZAÇÃO,NÃO INFORMADO,0,0,0,0,0,AUTOMÓVEL=1,SÃO PAULO,REG. METROPOLITANA SÃO PAULO,SÃO PAULO,ESTADUAL
2020-08-17,03:05:00,L01-AUTOBAN,SPM330D,25.1,NORTE,-23.425564960713,-46.788244215471,CHOQUE,CHOQUE-TALUDE OU BARRANCO,NÃO INFORMADO,0,1,0,0,0,AUTOMÓVEL=1,SÃO PAULO,NÃO INFORMADO,NÃO INFORMADO,NÃO INFORMADO
2020-08-17,06:22:00,L01-AUTOBAN,SPM330D,108.75,NORTE,-22.828676948449,-47.182199656963,ATROPELAMENTO DE PEDESTRE,ATROP. PEDESTRE-MORADOR/TRABALHADOR/ESTUDANTE,NÃO INFORMADO,0,1,0,0,0,AUTOMÓVEL=1|NÃO SE APLICA=1,SUMARÉ,CAMPINAS,CAMPINAS,ESTADUAL
2020-08-17,06:35:00,L01-AUTOBAN,SP330,72.0,SUL,-23.090652587246,-46.972813010216,COLISÃO,COLISÃO-TRASEIRA,NÃO INFORMADO,0,1,0,0,0,AUTOMÓVEL=1|UTILITÁRIO=1,LOUVEIRA,CAMPINAS,CAMPINAS,ESTADUAL
2020-08-17,07:44:00,L01-AUTOBAN,SP330,20.0,NORTE,-23.468944569907,-46.778873205185,CHOQUE,CHOQUE-BARREIRA DE CONCRETO,NÃO INFORMADO,0,0,0,0,0,AUTOMÓVEL=1,OSASCO,REG. METROPOLITANA SÃO PAULO,SÃO PAULO,ESTADUAL
2020-08-17,07:49:00,L01-AUTOBAN,SPM330E,98.6,SUL,-22.891281523171,-47.112474556866,COLISÃO,COLISÃO-TRASEIRA,NÃO INFORMADO,0,0,0,0,0,AUTOMÓVEL=2,CAMPINAS,CAMPINAS,CAMPINAS,ESTADUAL
2020-08-17,08:01:00,L01-AUTOBAN,SP330,105.4,SUL,-22.849964578138,-47.159785520553,TOMBAMENTO,TOMBAMENTO-MOTO,NÃO INFORMADO,0,1,0,0,0,MOTO=1,CAMPINAS,CAMPINAS,CAMPINAS,ESTADUAL
2020-08-17,08:11:00,L01-AUTOBAN,SP330,92.7,NORTE,-22.931336506509,-47.076691723596,TOMBAMENTO,TOMBAMENTO,NÃO INFORMADO,0,0,0,0,0,AUTOMÓVEL=1,CAMPINAS,CAMPINAS,CAMPINAS,ESTADUAL
2020-08-17,08:20:00,L01-AUTOBAN,SP330,38.0,NORTE,-23.344925355634,-46.840928792954,COLISÃO,COLISÃO-LATERAL,NÃO INFORMADO,0,0,0,0,0,AUTOMÓVEL=2,CAJAMAR,REG. METROPOLITANA SÃO PAULO,SÃO PAULO,ESTADUAL
2020-08-17,08:59:00,L01-AUTOBAN,SP330,63.0,SUL,-23.16087896177,-46.931920051575,COLISÃO,COLISÃO-TRASEIRA,NÃO INFORMADO,0,0,0,0,0,AUTOMÓVEL=1|VAN/PERUA=1,JUNDIAÍ,CAMPINAS,CAMPINAS,ESTADUAL
2020-08-17,08:59:00,L01-AUTOBAN,SP330,38.0,NORTE,-23.344925355634,-46.840928792954,COLISÃO,COLISÃO-TRASEIRA,NÃO INFORMADO,0,0,0,0,0,AUTOMÓVEL=1|NÃO INFORMADO=1,CAJAMAR,REG. METROPOLITANA SÃO PAULO,SÃO PAULO,ESTADUAL
2020-08-17,12:53:00,L06-INTERVIAS,SP330,164.4,NORTE,-22.40342712,-47.38930511,OBJETO LANÇADO CONTRA O VEÍCULO,OBJETO LANÇADO CONTRA VEÍCULO,OBJETO NA PISTA,2,0,0,0,0,AUTOMÓVEL=1|CAMINHÃO=1,ARARAS,CAMPINAS,RIO CLARO,ESTADUAL
2020-08-17,13:18:00,L06-INTERVIAS,SP330,168.0,SUL,-22.3715992,-47.39479828,TOMBAMENTO,TOMBAMENTO,IMPRUD. CONDUTOR-PERDA DE CONTROLE,1,0,0,0,0,CAMINHONETE=1,ARARAS,CAMPINAS,RIO CLARO,ESTADUAL
2020-08-17,13:19:00,L01-AUTOBAN,SPM330E,110.0,SUL,-22.82299346964,-47.19250202179,COLISÃO,COLISÃO-LATERAL,NÃO INFORMADO,0,0,0,0,0,BITREM/CVC=1|UTILITÁRIO=1,SUMARÉ,CAMPINAS,CAMPINAS,ESTADUAL
2020-08-17,15:06:00,L01-AUTOBAN,SP330,75.9,SUL,-23.061341688469,-46.993901508736,CHOQUE,CHOQUE-TALUDE OU BARRANCO,NÃO INFORMADO,0,0,0,0,0,AUTOMÓVEL=1,VINHEDO,CAMPINAS,CAMPINAS,ESTADUAL
2020-08-17,15:20:00,L01-AUTOBAN,SP330,152.9,SUL,-22.506525853987,-47.398872770555,TOMBAMENTO,TOMBAMENTO-MOTO,NÃO INFORMADO,0,1,0,0,0,MOTO=1,CORDEIRÓPOLIS,CAMPINAS,RIO CLARO,ESTADUAL
2020-08-17,16:05:00,L01-AUTOBAN,SP330,92.6,SUL,-22.931969529121,-47.075899684517,CHOQUE,CHOQUE-BARREIRA DE CONCRETO,NÃO INFORMADO,0,0,0,0,0,AUTOMÓVEL=1,CAMPINAS,CAMPINAS,CAMPINAS,ESTADUAL
2020-08-17,16:33:00,L01-AUTOBAN,SP330,75.8,SUL,-23.062097376938,-46.993329017471,TOMBAMENTO,TOMBAMENTO-MOTO,NÃO INFORMADO,0,0,0,0,0,MOTO=1,VINHEDO,CAMPINAS,CAMPINAS,ESTADUAL
2020-08-17,17:49:00,L01-AUTOBAN,SP330,37.4,SUL,-23.34866608891,-46.844490853903,CHOQUE,CHOQUE-DEFENSA METÁLICA,NÃO INFORMADO,0,0,0,0,0,AUTOMÓVEL=1,CAJAMAR,REG. METROPOLITANA SÃO PAULO,SÃO PAULO,ESTADUAL
2020-08-17,18:33:00,L01-AUTOBAN,SPM330D,105.0,NORTE,-22.8517126019,-47.156737446785,ENGAVETAMENTO,ENGAVETAMENTO,NÃO INFORMADO,0,2,0,0,0,AUTOMÓVEL=2|ÔNIBUS=1,CAMPINAS,CAMPINAS,CAMPINAS,ESTADUAL
2020-08-17,19:03:00,L01-AUTOBAN,SPM330D,104.5,NORTE,-22.85425880095,-47.152685223393,COLISÃO,COLISÃO-TRASEIRA,NÃO INFORMADO,0,0,0,0,0,AUTOMÓVEL=2,CAMPINAS,CAMPINAS,CAMPINAS,ESTADUAL
2020-08-17,23:04:00,L01-AUTOBAN,SP330,22.3,SUL,-23.450402687498,-46.78676855533,COLISÃO,COLISÃO-LATERAL,NÃO INFORMADO,0,0,0,0,0,AUTOMÓVEL=1|CARRETA=1,SÃO PAULO,REG. METROPOLITANA SÃO PAULO,SÃO PAULO,ESTADUAL
2020-08-18,00:01:00,L01-AUTOBAN,SPM330D,109.5,NORTE,-22.825023120535,-47.188178300858,CHOQUE,CHOQUE-DEFENSA METÁLICA,NÃO INFORMADO,0,0,0,0,0,AUTOMÓVEL=1,SUMARÉ,CAMPINAS,CAMPINAS,ESTADUAL
2020-08-18,00:14:00,L28-ENTREVIAS,SP330,411.5,NORTE,-20.3250020528,-47.8035894236,CHOQUE,CHOQUE-TALUDE OU BARRANCO,IMPRUD. CONDUTOR-DORMIR AO VOLANTE,0,1,0,0,0,CAMIONETA / UTILITÁRIO=1,ITUVERAVA,FRANCA,RIBEIRÃO PRETO,ESTADUAL
2020-08-18,07:34:00,L01-AUTOBAN,SP330,127.0,NORTE,-22.710971094922,-47.297794818878,ATROPELAMENTO DE ANIMAL,ATROP. ANIMAL,NÃO INFORMADO,1,0,0,0,0,AUTOMÓVEL=1,AMERICANA,CAMPINAS,RIO CLARO,ESTADUAL
2020-08-18,07:45:00,L01-AUTOBAN,SP330,98.0,SUL,-22.896245165998,-47.110952138901,CHOQUE,CHOQUE-BARREIRA DE CONCRETO,NÃO INFORMADO,0,0,0,0,0,AUTOMÓVEL=1,CAMPINAS,CAMPINAS,CAMPINAS,ESTADUAL
2020-08-18,08:17:00,L01-AUTOBAN,SP330,126.7,NORTE,-22.713335931134,-47.296895196823,COLISÃO,COLISÃO-TRASEIRA,NÃO INFORMADO,1,0,1,0,0,AUTOMÓVEL=1|UTILITÁRIO=1,AMERICANA,CAMPINAS,RIO CLARO,ESTADUAL
2020-08-18,09:59:00,L01-AUTOBAN,SP330,101.5,SUL,-22.871222222882,-47.128653084053,ENGAVETAMENTO,ENGAVETAMENTO,NÃO INFORMADO,0,0,0,0,0,AUTOMÓVEL=2|NÃO INFORMADO=1,CAMPINAS,CAMPINAS,CAMPINAS,ESTADUAL
2020-08-18,10:02:00,L28-ENTREVIAS,SP330,445.5,NORTE,-20.0274601407,-47.7818160895,COLISÃO,COLISÃO-TRASEIRA,IMPRUD. CONDUTOR-PERDA DE CONTROLE,1,1,0,0,0,AUTOMÓVEL=1|CAMINHÃO=1,IGARAPAVA,FRANCA,RIBEIRÃO PRETO,ESTADUAL
2020-08-18,10:29:00,L01-AUTOBAN,SPM330D,103.6,NORTE,-22.858961851751,-47.14487741751,CHOQUE,CHOQUE-BARREIRA DE CONCRETO,NÃO INFORMADO,0,0,0,0,0,VAN/PERUA=1,CAMPINAS,CAMPINAS,CAMPINAS,ESTADUAL
2020-08-18,12:04:00,L01-AUTOBAN,SPM330D,86.0,NORTE,-22.982725,-47.043589,CHOQUE,CHOQUE-ELEMENTO DE DRENAGEM,NÃO INFORMADO,0,0,0,0,0,AUTOMÓVEL=1,VALINHOS,CAMPINAS,CAMPINAS,ESTADUAL
2020-08-18,12:08:00,L01-AUTOBAN,SP330,92.6,NORTE,-22.931876488557,-47.075934279328,CHOQUE,CHOQUE-TALUDE OU BARRANCO,NÃO INFORMADO,0,0,0,0,0,AUTOMÓVEL=1,CAMPINAS,CAMPINAS,CAMPINAS,ESTADUAL
2020-08-18,12:20:00,L01-AUTOBAN,SP330,91.0,NORTE,-22.942859,-47.066539,COLISÃO,COLISÃO-LATERAL,NÃO INFORMADO,0,1,0,0,0,AUTOMÓVEL=4,CAMPINAS,CAMPINAS,CAMPINAS,ESTADUAL
2020-08-18,13:09:00,L01-AUTOBAN,SP330,41.2,NORTE,-23.322097716556,-46.84822118762,COLISÃO,COLISÃO-TRASEIRA,NÃO INFORMADO,0,1,0,0,0,AUTOMÓVEL=1|CAMINHÃO=1,CAJAMAR,REG. METROPOLITANA SÃO PAULO,SÃO PAULO,ESTADUAL
2020-08-18,13:18:00,L01-AUTOBAN,SPM330E,92.922,SUL,-22.930275397027,-47.078472697448,CHOQUE,CHOQUE-ELEMENTO DE DRENAGEM,NÃO INFORMADO,0,1,0,0,0,AUTOMÓVEL=1,CAMPINAS,CAMPINAS,CAMPINAS,ESTADUAL
2020-08-18,13:26:00,L01-AUTOBAN,SP330,92.0,NORTE,-22.935116422047,-47.071389555931,CHOQUE,CHOQUE-BARREIRA DE CONCRETO,NÃO INFORMADO,0,0,0,0,0,AUTOMÓVEL=1,CAMPINAS,CAMPINAS,CAMPINAS,ESTADUAL
2020-08-18,15:42:00,L01-AUTOBAN,SP330,41.3,SUL,-23.321660772996,-46.848975415414,COLISÃO,COLISÃO-TRASEIRA,NÃO INFORMADO,0,0,0,0,0,AUTOMÓVEL=1|NÃO INFORMADO=1,CAJAMAR,REG. METROPOLITANA SÃO PAULO,SÃO PAULO,ESTADUAL
2020-08-18,18:30:00,L29-VIAPAULISTA,SP330,313.7,SUL,-21.15100098,-47.75779724,COLISÃO,COLISÃO-TRASEIRA,IMPRUD. CONDUTOR-PERDA DE CONTROLE,3,3,0,0,0,AUTOMÓVEL=3|CAMINHÃO=1,RIBEIRÃO PRETO,RIBEIRÃO PRETO,RIBEIRÃO PRETO,ESTADUAL
2020-08-18,18:39:00,L29-VIAPAULISTA,SP330,314.0,SUL,-21.14836884,-47.75846481,COLISÃO,COLISÃO-TRASEIRA,ACIDENTE,1,0,0,0,0,AUTOMÓVEL=1|NÃO INFORMADO=1,RIBEIRÃO PRETO,RIBEIRÃO PRETO,RIBEIRÃO PRETO,ESTADUAL
2020-08-19,00:55:00,L01-AUTOBAN,SP330,72.26,NORTE,-23.088355030304,-46.974071343894,COLISÃO,COLISÃO-LATERAL,NÃO INFORMADO,0,0,0,0,0,AUTOMÓVEL=1|UTILITÁRIO=1,LOUVEIRA,CAMPINAS,CAMPINAS,ESTADUAL
2020-08-19,05:10:00,L01-AUTOBAN,SP330,102.3,SUL,-22.866605982208,-47.134535821442,ATROPELAMENTO DE ANIMAL,ATROP. ANIMAL,NÃO INFORMADO,0,0,0,0,0,VAN/PERUA=1,CAMPINAS,CAMPINAS,CAMPINAS,ESTADUAL
2020-08-19,07:59:00,L01-AUTOBAN,SP330,58.7,NORTE,-23.191321592756,-46.905710043704,TOMBAMENTO,TOMBAMENTO-MOTO,NÃO INFORMADO,0,1,0,0,0,MOTO=1,JUNDIAÍ,CAMPINAS,CAMPINAS,ESTADUAL
2020-08-19,13:54:00,L01-AUTOBAN,SP330,38.0,NORTE,-23.344925355634,-46.840928792954,COLISÃO,COLISÃO-TRASEIRA,NÃO INFORMADO,0,1,0,0,0,AUTOMÓVEL=1|MOTO=1,CAJAMAR,REG. METROPOLITANA SÃO PAULO,SÃO PAULO,ESTADUAL
2020-08-19,14:10:00,L28-ENTREVIAS,SP330,346.0,SUL,-20.8882655889,-47.8961533493,COLISÃO,COLISÃO-TRASEIRA,FUMAÇA,2,0,0,0,0,AUTOMÓVEL=2,SALES OLIVEIRA,FRANCA,RIBEIRÃO PRETO,ESTADUAL
2020-08-19,17:53:00,L01-AUTOBAN,SP330,129.51,SUL,-22.692475212238,-47.310309461154,CHOQUE,CHOQUE-ELEMENTO DE DRENAGEM,NÃO INFORMADO,1,0,0,0,0,AUTOMÓVEL=1,AMERICANA,CAMPINAS,RIO CLARO,ESTADUAL
2020-08-19,18:04:00,L01-AUTOBAN,SP330,24.73,SUL,-23.428806229297,-46.78729041362,CHOQUE,CHOQUE-BARREIRA DE CONCRETO,NÃO INFORMADO,0,1,0,0,0,AUTOMÓVEL=1,SÃO PAULO,REG. METROPOLITANA SÃO PAULO,SÃO PAULO,ESTADUAL
2020-08-19,19:40:00,L29-VIAPAULISTA,SP330,312.3,SUL,-21.16355133,-47.75627136,COLISÃO,COLISÃO-LATERAL,IMPRUD. CONDUTOR,2,1,0,0,0,AUTOMÓVEL=1|CAMINHÃO=1,RIBEIRÃO PRETO,RIBEIRÃO PRETO,RIBEIRÃO PRETO,ESTADUAL
2020-08-20,04:07:00,L29-VIAPAULISTA,SP330,291.1,NORTE,-21.3469696,-47.72399902,COLISÃO,COLISÃO-TRASEIRA,IMPRUD. CONDUTOR-DORMIR AO VOLANTE,2,0,0,0,0,CAMINHONETE=1|CAMINHÃO=1,CRAVINHOS,RIBEIRÃO PRETO,RIBEIRÃO PRETO,ESTADUAL
2020-08-20,04:55:00,L29-VIAPAULISTA,SP330,317.9,SUL,-21.11779404,-47.77672195,CHOQUE,"CHOQUE - DEFENSA, BARREIRA OU ""SUBMARINO""",IMPRUD. CONDUTOR-PERDA DE CONTROLE,1,0,0,0,0,CAMINHÃO=1,RIBEIRÃO PRETO,RIBEIRÃO PRETO,RIBEIRÃO PRETO,ESTADUAL
2020-08-20,05:48:00,L01-AUTOBAN,SP330,102.0,NORTE,-22.86736244539,-47.132125496864,COLISÃO,COLISÃO-TRASEIRA,NÃO INFORMADO,0,0,0,0,0,VAN/PERUA=2,CAMPINAS,CAMPINAS,CAMPINAS,ESTADUAL
2020-08-20,07:56:00,L28-ENTREVIAS,SP330,347.0,NORTE,-20.8793600275,-47.897705,CHOQUE,CHOQUE-ELEMENTO DE DRENAGEM,IMPRUD. CONDUTOR-PERDA DE CONTROLE,1,0,0,0,0,CAMINHÃO=1,SALES OLIVEIRA,FRANCA,RIBEIRÃO PRETO,ESTADUAL
2020-08-20,08:04:00,L01-AUTOBAN,SPM330E,25.8,SUL,-23.422040281897,-46.793023493472,COLISÃO,COLISÃO-TRASEIRA,NÃO INFORMADO,0,0,0,0,0,AUTOMÓVEL=2,SÃO PAULO,NÃO INFORMADO,NÃO INFORMADO,NÃO INFORMADO
2020-08-20,14:37:00,L01-AUTOBAN,SPI102/330,0.5,SUL,-22.869492919841,-47.132669137981,CHOQUE,CHOQUE-OBJETO NA PISTA,NÃO INFORMADO,0,0,0,0,0,AUTOMÓVEL=1|CAMINHÃO=1,CAMPINAS,CAMPINAS,CAMPINAS,ESTADUAL
2020-08-20,18:42:00,L01-AUTOBAN,SP330,158.0,NORTE,-22.460453604134,-47.398779988289,CHOQUE,CHOQUE-ELEMENTO DE DRENAGEM,NÃO INFORMADO,0,0,0,0,0,UTILITÁRIO=1,CORDEIRÓPOLIS,CAMPINAS,RIO CLARO,ESTADUAL
2020-08-20,21:46:00,L01-AUTOBAN,SP330,19.8,SUL,-23.469866686579,-46.777777786108,CHOQUE,CHOQUE-BARREIRA DE CONCRETO,NÃO INFORMADO,0,1,0,0,0,AUTOMÓVEL=1,OSASCO,REG. METROPOLITANA SÃO PAULO,SÃO PAULO,ESTADUAL
2020-08-20,23:37:00,L01-AUTOBAN,SP330,66.2,NORTE,-23.135826639937,-46.945282797078,CHOQUE,CHOQUE-BARREIRA DE CONCRETO,NÃO INFORMADO,0,1,0,0,0,AUTOMÓVEL=1,JUNDIAÍ,CAMPINAS,CAMPINAS,ESTADUAL
2020-08-21,00:18:00,L01-AUTOBAN,SP330,132.0,NORTE,-22.670605317032,-47.313340902329,COLISÃO,COLISÃO-TRASEIRA,NÃO INFORMADO,0,0,0,0,0,CARRETA=1|NÃO INFORMADO=1,LIMEIRA,CAMPINAS,RIO CLARO,ESTADUAL
2020-08-21,01:09:00,L29-VIAPAULISTA,SP330,246.1,NORTE,-21.71746826,-47.5896492,COLISÃO,COLISÃO-TRASEIRA,IMPRUD. CONDUTOR-DORMIR AO VOLANTE,1,3,0,0,0,CAMINHÃO=2,SANTA RITA DO PASSA QUATRO,CENTRAL,RIBEIRÃO PRETO,ESTADUAL
2020-08-21,03:02:00,L28-ENTREVIAS,SP330,401.0,NORTE,-20.4109728982,-47.8254814872,COLISÃO,COLISÃO-TRASEIRA,IMPRUD. CONDUTOR-FALTA DE ATENÇÃO,2,0,0,0,0,AUTOMÓVEL=1|CAMINHÃO=1,GUARÁ,FRANCA,RIBEIRÃO PRETO,ESTADUAL
2020-08-21,04:13:00,L01-AUTOBAN,SP330,31.1,NORTE,-23.40055379566,-46.836673211266,CHOQUE,CHOQUE-BARREIRA DE CONCRETO,NÃO INFORMADO,0,0,0,0,0,AUTOMÓVEL=1,CAJAMAR,REG. METROPOLITANA SÃO PAULO,SÃO PAULO,ESTADUAL
2020-08-21,05:31:00,L01-AUTOBAN,SP330,50.3,SUL,-23.254276917528,-46.867057264919,COLISÃO,COLISÃO-TRASEIRA,NÃO INFORMADO,0,1,0,0,0,AUTOMÓVEL=1|ÔNIBUS=1,JUNDIAÍ,CAMPINAS,CAMPINAS,ESTADUAL
2020-08-21,06:40:00,L01-AUTOBAN,SP330,83.4,SUL,-23.002456236038,-47.030108221234,COLISÃO,COLISÃO-TRASEIRA,NÃO INFORMADO,0,0,0,0,0,AUTOMÓVEL=1|UTILITÁRIO=1,VALINHOS,CAMPINAS,CAMPINAS,ESTADUAL
2020-08-21,07:57:00,L01-AUTOBAN,SP330,61.0,SUL,-23.175304483475,-46.918702125549,ENGAVETAMENTO,ENGAVETAMENTO,NÃO INFORMADO,0,0,0,0,0,AUTOMÓVEL=2|NÃO INFORMADO=2,JUNDIAÍ,CAMPINAS,CAMPINAS,ESTADUAL
2020-08-21,08:35:00,L06-INTERVIAS,SP330,181.76,NORTE,-22.24896049,-47.38998032,CHOQUE,CHOQUE-CANCELA DE PEDÁGIO,IMPRUD. CONDUTOR,1,0,0,0,0,CAMINHÃO=1,LEME,CAMPINAS,RIO CLARO,ESTADUAL
2020-08-21,12:29:00,L01-AUTOBAN,SP330,23.2,NORTE,-23.442394915606,-46.786763190769,CHOQUE,CHOQUE-BARREIRA DE CONCRETO,NÃO INFORMADO,0,0,0,0,0,CARRETA=1,SÃO PAULO,REG. METROPOLITANA SÃO PAULO,SÃO PAULO,ESTADUAL
2020-08-21,13:16:00,L01-AUTOBAN,SP330,28.5,NORTE,-23.410117373066,-46.815842092037,CHOQUE,CHOQUE-SINALIZAÇÃO,NÃO INFORMADO,0,0,0,0,0,AUTOMÓVEL=1,SÃO PAULO,REG. METROPOLITANA SÃO PAULO,SÃO PAULO,ESTADUAL
2020-08-21,13:48:00,L01-AUTOBAN,SP330,18.9,NORTE,-23.474583002369,-46.772455751255,ENGAVETAMENTO,ENGAVETAMENTO,NÃO INFORMADO,0,0,0,0,0,AUTOMÓVEL=3|CAMINHÃO=1|VAN/PERUA=1,OSASCO,REG. METROPOLITANA SÃO PAULO,SÃO PAULO,ESTADUAL
2020-08-21,14:12:00,L01-AUTOBAN,SP330,22.0,NORTE,-23.453020378623,-46.786490678787,COLISÃO,COLISÃO-LATERAL,NÃO INFORMADO,0,0,0,0,0,CARRETA=1|NÃO INFORMADO=1,SÃO PAULO,REG. METROPOLITANA SÃO PAULO,SÃO PAULO,ESTADUAL
2020-08-21,14:32:00,L01-AUTOBAN,SP330,97.0,NORTE,-22.904077630073,-47.107797861099,CHOQUE,CHOQUE-BARREIRA DE CONCRETO,NÃO INFORMADO,0,0,0,0,0,AUTOMÓVEL=1,CAMPINAS,CAMPINAS,CAMPINAS,ESTADUAL
2020-08-21,15:17:00,L06-INTERVIAS,SP330,181.76,NORTE,-22.24896049,-47.38998032,CHOQUE,CHOQUE-CANCELA DE PEDÁGIO,FALHA DE EQUIP. PEDÁGIO-PISTA AVI,1,0,0,0,0,CAMINHONETE=1,LEME,CAMPINAS,RIO CLARO,ESTADUAL
2020-08-21,15:47:00,L01-AUTOBAN,SP330,20.9,NORTE,-23.46153531583,-46.781152008998,COLISÃO,COLISÃO-TRASEIRA,NÃO INFORMADO,0,0,0,0,0,AUTOMÓVEL=1|UTILITÁRIO=1,SÃO PAULO,REG. METROPOLITANA SÃO PAULO,SÃO PAULO,ESTADUAL
2020-08-21,16:13:00,L01-AUTOBAN,SP330,18.74,SUL,-23.4759168011,-46.772247075703,CHOQUE,CHOQUE-ELEMENTO DE DRENAGEM,NÃO INFORMADO,0,0,0,0,0,AUTOMÓVEL=1,OSASCO,REG. METROPOLITANA SÃO PAULO,SÃO PAULO,ESTADUAL
2020-08-21,18:15:00,L29-VIAPAULISTA,SP330,313.0,NORTE,-21.15631485,-47.75657654,TOMBAMENTO,TOMBAMENTO,ESTOURO/FURO DE PNEU,2,0,0,0,0,MOTO=1,RIBEIRÃO PRETO,RIBEIRÃO PRETO,RIBEIRÃO PRETO,ESTADUAL
2020-08-21,18:19:00,L29-VIAPAULISTA,SP330,313.0,SUL,-21.15711975,-47.75663376,COLISÃO,COLISÃO-TRASEIRA,IMPRUD. CONDUTOR,1,0,0,0,0,AUTOMÓVEL=1|NÃO INFORMADO=1,RIBEIRÃO PRETO,RIBEIRÃO PRETO,RIBEIRÃO PRETO,ESTADUAL
2020-08-21,18:20:00,L01-AUTOBAN,SP330,92.2,NORTE,-22.93403645795,-47.072904444467,CHOQUE,CHOQUE-TALUDE OU BARRANCO,NÃO INFORMADO,0,0,0,0,0,AUTOMÓVEL=1,CAMPINAS,CAMPINAS,CAMPINAS,ESTADUAL
2020-08-21,18:21:00,L29-VIAPAULISTA,SP330,311.0,NORTE,-21.17432976,-47.75658417,COLISÃO,COLISÃO-TRASEIRA,IMPRUD. CONDUTOR,2,0,0,0,0,AUTOMÓVEL=2,RIBEIRÃO PRETO,RIBEIRÃO PRETO,RIBEIRÃO PRETO,ESTADUAL
2020-08-21,18:43:00,L01-AUTOBAN,SP330,102.9,SUL,-22.863107991104,-47.138751410721,TOMBAMENTO,TOMBAMENTO,NÃO INFORMADO,0,0,1,0,0,MOTO=1,CAMPINAS,CAMPINAS,CAMPINAS,ESTADUAL
2020-08-21,18:52:00,L01-AUTOBAN,SP330,103.5,SUL,-22.859800532278,-47.144101914169,COLISÃO,COLISÃO-TRASEIRA,NÃO INFORMADO,0,0,0,0,0,AUTOMÓVEL=2,CAMPINAS,CAMPINAS,CAMPINAS,ESTADUAL
2020-08-21,19:04:00,L06-INTERVIAS,SP330,166.2,SUL,-22.38793945,-47.39411926,COLISÃO,COLISÃO-LATERAL,IMPRUD. CONDUTOR,5,0,0,0,0,AUTOMÓVEL=1|CAMINHÃO=1,ARARAS,CAMPINAS,RIO CLARO,ESTADUAL
2020-08-21,19:23:00,L01-AUTOBAN,SP330,11.925,NORTE,-23.509332136106,-46.730382870735,COLISÃO,COLISÃO-TRASEIRA,NÃO INFORMADO,0,0,1,0,0,MOTO=1|NÃO INFORMADO=1,SÃO PAULO,REG. METROPOLITANA SÃO PAULO,SÃO PAULO,ESTADUAL
2020-08-21,19:49:00,L29-VIAPAULISTA,SP330,307.5,SUL,-21.20635033,-47.75839996,CHOQUE,CHOQUE-ELEMENTO DE DRENAGEM,CONDIÇÃO CLIMÁTICA,1,0,0,0,0,AUTOMÓVEL=1,RIBEIRÃO PRETO,RIBEIRÃO PRETO,RIBEIRÃO PRETO,ESTADUAL
2020-08-21,19:50:00,L06-INTERVIAS,SP330,185.4,NORTE,-22.2161808,-47.39284134,COLISÃO,COLISÃO-TRASEIRA,IMPRUD. CONDUTOR,3,0,0,0,0,CAMINHÃO=2,LEME,CAMPINAS,RIO CLARO,ESTADUAL
2020-08-21,20:56:00,L29-VIAPAULISTA,SP330,307.0,SUL,-21.21128464,-47.75865936,CHOQUE,"CHOQUE - DEFENSA, BARREIRA OU ""SUBMARINO""",ÓLEO NA PISTA,1,0,0,0,0,AUTOMÓVEL=1,RIBEIRÃO PRETO,RIBEIRÃO PRETO,RIBEIRÃO PRETO,ESTADUAL
2020-08-21,22:20:00,L29-VIAPAULISTA,SP330,307.5,NORTE,-21.20587158,-47.75823975,CHOQUE,"CHOQUE - DEFENSA, BARREIRA OU ""SUBMARINO""",DERRAPAGEM,2,0,0,0,0,CAMINHÃO=1,RIBEIRÃO PRETO,RIBEIRÃO PRETO,RIBEIRÃO PRETO,ESTADUAL
2020-08-22,01:41:00,L01-AUTOBAN,SPM330D,14.4,NORTE,-23.504172197158,-46.751618242852,COLISÃO,COLISÃO-TRASEIRA,NÃO INFORMADO,0,0,0,0,0,AUTOMÓVEL=2,SÃO PAULO,REG. METROPOLITANA SÃO PAULO,SÃO PAULO,ESTADUAL
2020-08-22,05:03:00,L01-AUTOBAN,SP330,98.0,NORTE,-22.895874533463,-47.110748291016,CHOQUE,CHOQUE-BARREIRA DE CONCRETO,NÃO INFORMADO,0,0,0,0,0,AUTOMÓVEL=1,CAMPINAS,CAMPINAS,CAMPINAS,ESTADUAL
2020-08-22,05:55:00,L01-AUTOBAN,SP330,21.9,NORTE,-23.453789549884,-46.785982130018,COLISÃO,COLISÃO-TRASEIRA,NÃO INFORMADO,1,1,0,0,0,MOTO=1|NÃO INFORMADO=1,SÃO PAULO,REG. METROPOLITANA SÃO PAULO,SÃO PAULO,ESTADUAL
2020-08-22,06:16:00,L29-VIAPAULISTA,SP330,315.1,SUL,-21.13908005,-47.76223373,CHOQUE,CHOQUE-ELEMENTO DE DRENAGEM,IMPRUD. CONDUTOR,1,0,0,0,0,AUTOMÓVEL=1,RIBEIRÃO PRETO,RIBEIRÃO PRETO,RIBEIRÃO PRETO,ESTADUAL
2020-08-22,07:25:00,L01-AUTOBAN,SP330,41.4,SUL,-23.32104153879,-46.849576243985,CHOQUE,CHOQUE-ELEMENTO DE DRENAGEM,NÃO INFORMADO,0,1,0,0,0,AUTOMÓVEL=1,CAJAMAR,REG. METROPOLITANA SÃO PAULO,SÃO PAULO,ESTADUAL
2020-08-22,08:02:00,L01-AUTOBAN,SP330,25.0,NORTE,-23.426127,-46.787542,TOMBAMENTO,TOMBAMENTO-MOTO,NÃO INFORMADO,0,0,0,0,0,MOTO=1,SÃO PAULO,REG. METROPOLITANA SÃO PAULO,SÃO PAULO,ESTADUAL
2020-08-22,14:56:00,L06-INTERVIAS,SP330,220.0,NORTE,-21.91449928,-47.47409821,CHOQUE,CHOQUE-OBJETO NA PISTA,OBJETO NA PISTA,4,0,0,0,0,AUTOMÓVEL=2,PORTO FERREIRA,CENTRAL,RIO CLARO,ESTADUAL
2020-08-22,15:54:00,L28-ENTREVIAS,SP330,379.8,SUL,-20.588004894,-47.8794652158,COLISÃO,COLISÃO-TRASEIRA,IMPRUD. CONDUTOR-DORMIR AO VOLANTE,2,0,0,0,0,AUTOMÓVEL=1|CAMINHÃO=1,SÃO JOAQUIM DA BARRA,FRANCA,RIBEIRÃO PRETO,ESTADUAL
2020-08-22,18:13:00,L29-VIAPAULISTA,SP330,308.5,NORTE,-21.19685936,-47.75776672,TOMBAMENTO,TOMBAMENTO,ESTOURO/FURO DE PNEU,1,1,0,0,0,MOTO=1,RIBEIRÃO PRETO,RIBEIRÃO PRETO,RIBEIRÃO PRETO,ESTADUAL
2020-08-22,18:26:00,L01-AUTOBAN,SPM330D,14.7,NORTE,-23.502012341594,-46.7530711773,CHOQUE,CHOQUE-SINALIZAÇÃO,NÃO INFORMADO,0,1,0,0,0,AUTOMÓVEL=2,SÃO PAULO,REG. METROPOLITANA SÃO PAULO,SÃO PAULO,ESTADUAL
2020-08-22,18:40:00,L01-AUTOBAN,SPM330D,101.6,NORTE,-22.869942541766,-47.129172909918,ENGAVETAMENTO,ENGAVETAMENTO,NÃO INFORMADO,0,0,1,0,0,AUTOMÓVEL=2|MOTO=1|NÃO INFORMADO=1,CAMPINAS,CAMPINAS,CAMPINAS,ESTADUAL
2020-08-22,18:50:00,L01-AUTOBAN,SP330,19.24,NORTE,-23.472568270698,-46.774123548031,CHOQUE,CHOQUE-VEÍCULO PARADO NA PISTA,NÃO INFORMADO,0,1,0,0,0,AUTOMÓVEL=3|NÃO INFORMADO=1,OSASCO,REG. METROPOLITANA SÃO PAULO,SÃO PAULO,ESTADUAL
2020-08-22,19:22:00,L01-AUTOBAN,SP330,18.76,NORTE,-23.475801561565,-46.772220683482,TOMBAMENTO,TOMBAMENTO-MOTO,NÃO INFORMADO,0,1,0,0,0,MOTO=1,OSASCO,REG. METROPOLITANA SÃO PAULO,SÃO PAULO,ESTADUAL
2020-08-22,20:13:00,L01-AUTOBAN,SPM330D,107.0,NORTE,-22.839452464187,-47.170829772949,COLISÃO,COLISÃO-TRASEIRA,NÃO INFORMADO,1,1,0,0,0,AUTOMÓVEL=1|UTILITÁRIO=1,SUMARÉ,CAMPINAS,CAMPINAS,ESTADUAL
2020-08-22,20:51:00,L01-AUTOBAN,SP330,19.24,NORTE,-23.472568270698,-46.774123548031,COLISÃO,COLISÃO-LATERAL,NÃO INFORMADO,0,0,0,0,0,AUTOMÓVEL=2,OSASCO,REG. METROPOLITANA SÃO PAULO,SÃO PAULO,ESTADUAL
2020-08-22,21:25:00,L01-AUTOBAN,SPM330E,98.72,SUL,-22.890288769359,-47.112779048202,CHOQUE,CHOQUE-VEÍCULO PARADO NA PISTA,NÃO INFORMADO,0,0,0,0,0,AUTOMÓVEL=2,CAMPINAS,CAMPINAS,CAMPINAS,ESTADUAL
2020-08-22,23:38:00,L01-AUTOBAN,SP330,98.0,NORTE,-22.895874533463,-47.110748291016,CHOQUE,CHOQUE-SINALIZAÇÃO,NÃO INFORMADO,0,0,0,0,0,AUTOMÓVEL=1,CAMPINAS,CAMPINAS,CAMPINAS,ESTADUAL
2020-08-23,00:51:00,L28-ENTREVIAS,SP330,328.8,NORTE,-21.038556017,-47.8311001763,COLISÃO,COLISÃO-FRONTAL,IMPRUD. CONDUTOR-TRAFEGAR NA CONTRAMÃO,0,3,1,0,0,AUTOMÓVEL=2,JARDINÓPOLIS,RIBEIRÃO PRETO,RIBEIRÃO PRETO,ESTADUAL
2020-08-23,02:45:00,L01-AUTOBAN,SP330,113.0,NORTE,-22.807007206431,-47.216341495514,CHOQUE,CHOQUE-BARREIRA DE CONCRETO,NÃO INFORMADO,0,0,0,0,0,AUTOMÓVEL=1,SUMARÉ,CAMPINAS,CAMPINAS,ESTADUAL
2020-08-23,04:30:00,L01-AUTOBAN,SPM330E,106.8,SUL,-22.841249978525,-47.169538041126,CHOQUE,CHOQUE-BARREIRA DE CONCRETO,NÃO INFORMADO,0,0,0,0,0,AUTOMÓVEL=1,SUMARÉ,CAMPINAS,CAMPINAS,ESTADUAL
2020-08-23,06:37:00,L29-VIAPAULISTA,SPA318/330,0.4,SUL,-21.12429271,-47.78641442,CHOQUE,CHOQUE-POSTE,IMPRUD. CONDUTOR-PERDA DE CONTROLE,0,0,0,0,0,AUTOMÓVEL=1,RIBEIRÃO PRETO,RIBEIRÃO PRETO,RIBEIRÃO PRETO,ESTADUAL
2020-08-23,09:08:00,L01-AUTOBAN,SP330,66.0,NORTE,-23.13718321208,-46.943984627724,COLISÃO,COLISÃO-TRASEIRA,NÃO INFORMADO,0,2,0,0,0,MOTO=2,JUNDIAÍ,CAMPINAS,CAMPINAS,ESTADUAL
2020-08-23,11:43:00,L29-VIAPAULISTA,SP330,308.5,SUL,-21.20183945,-47.75816345,CHOQUE,"CHOQUE - DEFENSA, BARREIRA OU ""SUBMARINO""",IMPRUD. CONDUTOR-PERDA DE CONTROLE,1,0,0,0,0,AUTOMÓVEL=1,RIBEIRÃO PRETO,RIBEIRÃO PRETO,RIBEIRÃO PRETO,ESTADUAL
2020-08-23,15:02:00,L29-VIAPAULISTA,SP330,293.3,SUL,-21.32938957,-47.72887421,TOMBAMENTO,TOMBAMENTO,ESTOURO/FURO DE PNEU,0,2,0,0,0,MOTO=1,CRAVINHOS,RIBEIRÃO PRETO,RIBEIRÃO PRETO,ESTADUAL
2020-08-23,15:45:00,L29-VIAPAULISTA,SP330,315.4,NORTE,-21.13589859,-47.76378632,COLISÃO,COLISÃO-TRASEIRA,IMPRUD. CONDUTOR,2,0,0,0,0,AUTOMÓVEL=2,RIBEIRÃO PRETO,RIBEIRÃO PRETO,RIBEIRÃO PRETO,ESTADUAL
2020-08-23,17:06:00,L28-ENTREVIAS,SP330,350.0,NORTE,-20.8508552092,-47.8953475761,COLISÃO,COLISÃO-TRANSVERSAL,IMPRUD. CONDUTOR-LEVOU FECHADA,2,0,0,0,0,AUTOMÓVEL=1|CAMINHÃO=1,SALES OLIVEIRA,FRANCA,RIBEIRÃO PRETO,ESTADUAL
2020-08-23,18:31:00,L01-AUTOBAN,SP330,52.92,SUL,-23.231688653572,-46.87275158637,CHOQUE,CHOQUE-VEÍCULO PARADO NA PISTA,NÃO INFORMADO,0,0,0,0,0,AUTOMÓVEL=3,JUNDIAÍ,CAMPINAS,CAMPINAS,ESTADUAL
2020-08-23,19:42:00,L06-INTERVIAS,SP330,170.15,SUL,-22.3512001,-47.39468002,COLISÃO,COLISÃO-TRASEIRA,IMPRUD. CONDUTOR-FREADA BRUSCA,1,0,0,0,0,CAMINHÃO=1,ARARAS,CAMPINAS,RIO CLARO,ESTADUAL
2020-08-23,22:28:00,L28-ENTREVIAS,SP330,415.5,SUL,-20.2879208293,-47.7978346691,COLISÃO,COLISÃO-TRASEIRA,IMPRUD. CONDUTOR-FALTA DE ATENÇÃO,1,1,0,0,0,AUTOMÓVEL=1|CAMINHÃO=1,ITUVERAVA,FRANCA,RIBEIRÃO PRETO,ESTADUAL
2020-08-24,07:16:00,L06-INTERVIAS,SP330,192.8,NORTE,-22.15011978,-47.40182114,COLISÃO,COLISÃO-TRASEIRA,IMPRUD. CONDUTOR,2,0,0,0,0,AUTOMÓVEL=1|MOTO=1,LEME,CAMPINAS,RIO CLARO,ESTADUAL
2020-08-24,07:26:00,L01-AUTOBAN,SP330,97.5,SUL,-22.900312112856,-47.109399139881,COLISÃO,COLISÃO-TRASEIRA,NÃO INFORMADO,0,1,0,0,0,AUTOMÓVEL=1|MOTO=1,CAMPINAS,CAMPINAS,CAMPINAS,ESTADUAL
2020-08-24,07:35:00,L29-VIAPAULISTA,SP330,260.5,SUL,-21.59194565,-47.62400055,CHOQUE,CHOQUE-ELEMENTO DE DRENAGEM,IMPRUD. CONDUTOR-LEVOU FECHADA,1,0,0,0,0,AUTOMÓVEL=1,SANTA RITA DO PASSA QUATRO,CENTRAL,RIBEIRÃO PRETO,ESTADUAL
2020-08-24,09:54:00,L01-AUTOBAN,SPI102/330,0.1,SUL,-22.867013783978,-47.133318627594,ATROPELAMENTO DE PEDESTRE,ATROP. PEDESTRE-ANDARILHO,NÃO INFORMADO,0,0,0,1,0,NÃO INFORMADO=1|NÃO SE APLICA=1,CAMPINAS,CAMPINAS,CAMPINAS,ESTADUAL
2020-08-24,11:36:00,L28-ENTREVIAS,SP330,367.0,SUL,-20.6976451884,-47.8907861396,CHOQUE,CHOQUE-OBJETO NA PISTA,OBJETO LANÇADO-TERCEIROS,2,0,0,0,0,AUTOMÓVEL=2,ORLÂNDIA,FRANCA,RIBEIRÃO PRETO,ESTADUAL
2020-08-24,14:07:00,L01-AUTOBAN,SP330,128.74,SUL,-22.698863920456,-47.307977696974,COLISÃO,COLISÃO-TRANSVERSAL,NÃO INFORMADO,0,1,0,0,0,CARRETA=1|UTILITÁRIO=1,AMERICANA,CAMPINAS,RIO CLARO,ESTADUAL
2020-08-24,14:24:00,L28-ENTREVIAS,SPA355/330,6.0,OESTE,-20.7806242171,-47.8460162351,TOMBAMENTO,TOMBAMENTO-VEÍCULOS PESADOS,PANE MECÂNICA/ELÉTRICA,1,0,0,0,0,CAMINHÃO=1,SALES OLIVEIRA,FRANCA,RIBEIRÃO PRETO,ESTADUAL
2020-08-24,18:44:00,L01-AUTOBAN,SP330,97.97,NORTE,-22.896120616347,-47.11065978172,ENGAVETAMENTO,ENGAVETAMENTO,NÃO INFORMADO,0,1,0,0,0,AUTOMÓVEL=2|UTILITÁRIO=1,CAMPINAS,CAMPINAS,CAMPINAS,ESTADUAL
2020-08-24,19:17:00,L01-AUTOBAN,SP330,26.2,SUL,-23.419959233121,-46.796130544678,CHOQUE,CHOQUE-ILHA,NÃO INFORMADO,0,0,0,0,0,AUTOMÓVEL=1,SÃO PAULO,REG. METROPOLITANA SÃO PAULO,SÃO PAULO,ESTADUAL
2020-08-24,19:20:00,L28-ENTREVIAS,SP330,383.5,SUL,-20.5579540049,-47.8641264891,COLISÃO,COLISÃO-TRASEIRA,IMPRUD. CONDUTOR-FALTA DE ATENÇÃO,2,0,0,0,0,CAMINHÃO=2,SÃO JOAQUIM DA BARRA,FRANCA,RIBEIRÃO PRETO,ESTADUAL
2020-08-24,19:44:00,L01-AUTOBAN,SP330,96.4,NORTE,-22.908501107011,-47.103961239081,CHOQUE,CHOQUE-BARREIRA DE CONCRETO,NÃO INFORMADO,0,0,0,0,0,NÃO INFORMADO=1|VAN/PERUA=1,CAMPINAS,CAMPINAS,CAMPINAS,ESTADUAL
2020-08-25,01:29:00,L01-AUTOBAN,SP330,17.25,SUL,-23.48804265604,-46.768097430468,CHOQUE,CHOQUE-DEFENSA METÁLICA,NÃO INFORMADO,0,0,0,0,0,CAMINHÃO=1,OSASCO,REG. METROPOLITANA SÃO PAULO,SÃO PAULO,ESTADUAL
2020-08-25,01:39:00,L01-AUTOBAN,SP330,17.2,NORTE,-23.488745712858,-46.767597201679,CHOQUE,CHOQUE-OBJETO NA PISTA,NÃO INFORMADO,0,1,0,0,0,MOTO=1,OSASCO,REG. METROPOLITANA SÃO PAULO,SÃO PAULO,ESTADUAL
2020-08-25,06:26:00,L01-AUTOBAN,SP330,12.2,NORTE,-23.508921485868,-46.732604010114,COLISÃO,COLISÃO-LATERAL,NÃO INFORMADO,0,1,0,0,0,MOTO=1|VAN/PERUA=1,SÃO PAULO,REG. METROPOLITANA SÃO PAULO,SÃO PAULO,ESTADUAL
2020-08-25,06:37:00,L01-AUTOBAN,SPM330D,101.9,NORTE,-22.868007457181,-47.131387364207,CHOQUE,CHOQUE-SINALIZAÇÃO,NÃO INFORMADO,0,0,0,0,0,AUTOMÓVEL=1,CAMPINAS,CAMPINAS,CAMPINAS,ESTADUAL
2020-08-25,07:52:00,L29-VIAPAULISTA,SP330,313.7,SUL,-21.15100098,-47.75779724,ENGAVETAMENTO,ENGAVETAMENTO,IMPRUD. CONDUTOR-DIST. INADEQUADA ENTRE VEÍC.,4,0,0,0,0,AUTOMÓVEL=4,RIBEIRÃO PRETO,RIBEIRÃO PRETO,RIBEIRÃO PRETO,ESTADUAL
2020-08-25,08:50:00,L01-AUTOBAN,SPM330E,110.7,SUL,-22.819580781515,-47.198972018168,COLISÃO,COLISÃO-LATERAL,NÃO INFORMADO,0,1,0,0,0,MOTO=1|ÔNIBUS=1,SUMARÉ,CAMPINAS,CAMPINAS,ESTADUAL
2020-08-25,12:53:00,L06-INTERVIAS,SP330,200.0,NORTE,-22.08779907,-47.41939926,CHOQUE,CHOQUE-OBJETO NA PISTA,OBJETO NA PISTA,0,0,0,0,0,AUTOMÓVEL=1,SANTA CRUZ DA CONCEIÇÃO,CAMPINAS,RIO CLARO,ESTADUAL
2020-08-25,13:18:00,L01-AUTOBAN,SPM330D,96.0,NORTE,-22.911450110385,-47.101403474808,ENGAVETAMENTO,ENGAVETAMENTO,NÃO INFORMADO,0,0,0,0,0,AUTOMÓVEL=2|CAMINHÃO=1,CAMPINAS,CAMPINAS,CAMPINAS,ESTADUAL
2020-08-25,16:44:00,L01-AUTOBAN,SP330,13.9,SUL,-23.507283671861,-46.749035235409,CHOQUE,CHOQUE-OBJETO NA PISTA,NÃO INFORMADO,0,0,1,0,0,MOTO=1,SÃO PAULO,REG. METROPOLITANA SÃO PAULO,SÃO PAULO,ESTADUAL
2020-08-25,17:14:00,L01-AUTOBAN,SP330,102.9,NORTE,-22.862713634584,-47.138532232179,COLISÃO,COLISÃO-LATERAL,NÃO INFORMADO,0,3,0,0,0,AUTOMÓVEL=1|BITREM/CVC=1,CAMPINAS,CAMPINAS,CAMPINAS,ESTADUAL
2020-08-25,17:41:00,L01-AUTOBAN,SP330,71.8,SUL,-23.092089497078,-46.971871032783,CHOQUE,CHOQUE-OBJETO NA PISTA,NÃO INFORMADO,0,0,0,0,0,AUTOMÓVEL=1|UTILITÁRIO=2,LOUVEIRA,CAMPINAS,CAMPINAS,ESTADUAL
2020-08-25,18:23:00,L01-AUTOBAN,SP330,83.9,NORTE,-22.998520715206,-47.032556541753,COLISÃO,COLISÃO-TRASEIRA,NÃO INFORMADO,0,0,0,0,0,AUTOMÓVEL=1|UTILITÁRIO=1,VALINHOS,CAMPINAS,CAMPINAS,ESTADUAL
2020-08-26,04:02:00,L29-VIAPAULISTA,SP330,297.142,NORTE,-21.29636002,-47.744133,COLISÃO,COLISÃO-TRASEIRA,IMPRUD. CONDUTOR-DORMIR AO VOLANTE,1,1,0,0,0,CAMINHÃO=2,CRAVINHOS,RIBEIRÃO PRETO,RIBEIRÃO PRETO,ESTADUAL
2020-08-26,04:29:00,L06-INTERVIAS,SP330,199.0,NORTE,-22.09630013,-47.41640091,CHOQUE,CHOQUE-ELEMENTO DE DRENAGEM,IMPRUD. CONDUTOR-PERDA DE CONTROLE,1,0,0,0,0,AUTOMÓVEL=1,SANTA CRUZ DA CONCEIÇÃO,CAMPINAS,RIO CLARO,ESTADUAL
2020-08-26,05:01:00,L28-ENTREVIAS,SP330,351.7,SUL,-20.8432343962,-47.8950394363,ATROPELAMENTO DE ANIMAL,ATROP. ANIMAL-SILVESTRE PEQUENO PORTE,ANIMAL NA RODOVIA,1,0,0,0,0,CAMIONETA / UTILITÁRIO=1,SALES OLIVEIRA,FRANCA,RIBEIRÃO PRETO,ESTADUAL
2020-08-26,07:36:00,L01-AUTOBAN,SP330,103.6,SUL,-22.859255647048,-47.145031482819,COLISÃO,COLISÃO-LATERAL,NÃO INFORMADO,0,0,0,0,0,AUTOMÓVEL=1|CARRETA=1,CAMPINAS,CAMPINAS,CAMPINAS,ESTADUAL
2020-08-26,08:08:00,L06-INTERVIAS,SP330,233.0,SUL,-21.80270004,-47.50529861,CHOQUE,CHOQUE-OBJETO NA PISTA,OBJETO NA PISTA,2,0,0,0,0,AUTOMÓVEL=1,SANTA RITA DO PASSA QUATRO,CENTRAL,RIBEIRÃO PRETO,ESTADUAL
2020-08-26,08:55:00,L01-AUTOBAN,SP330,123.0,NORTE,-22.738298840103,-47.276605367661,COLISÃO,COLISÃO-TRASEIRA,NÃO INFORMADO,0,0,0,0,0,AUTOMÓVEL=1|UTILITÁRIO=1,AMERICANA,CAMPINAS,RIO CLARO,ESTADUAL
2020-08-26,09:30:00,L29-VIAPAULISTA,SP330,301.4,SUL,-21.26065254,-47.75451279,COLISÃO,COLISÃO-TRASEIRA,NÃO INFORMADO,1,0,0,0,1,CAMINHÃO=1|MOTO=1,RIBEIRÃO PRETO,RIBEIRÃO PRETO,RIBEIRÃO PRETO,ESTADUAL
2020-08-26,18:51:00,L06-INTERVIAS,SP330,196.7,SUL,-22.11650085,-47.41164017,ATROPELAMENTO DE ANIMAL,ATROP. ANIMAL,ANIMAL NA RODOVIA,0,1,0,0,0,MOTO=1,SANTA CRUZ DA CONCEIÇÃO,CAMPINAS,RIO CLARO,ESTADUAL
2020-08-26,19:05:00,L06-INTERVIAS,SP330,233.7,NORTE,-21.79660034,-47.51229858,COLISÃO,COLISÃO-TRASEIRA,NÃO INFORMADO,1,1,0,0,0,CAMINHÃO=2,SANTA RITA DO PASSA QUATRO,CENTRAL,RIBEIRÃO PRETO,ESTADUAL
2020-08-27,08:35:00,L06-INTERVIAS,SP330,233.0,SUL,-21.80240059,-47.50519943,OBJETO LANÇADO CONTRA O VEÍCULO,OBJETO LANÇADO CONTRA VEÍCULO,OBJETO LANÇADO,1,0,0,0,0,CAMINHÃO=1|NÃO INFORMADO=1,SANTA RITA DO PASSA QUATRO,CENTRAL,RIBEIRÃO PRETO,ESTADUAL
2020-08-27,15:38:00,L01-AUTOBAN,SP330,150.5,SUL,-22.526344355857,-47.389396939205,COLISÃO,COLISÃO-TRANSVERSAL,NÃO INFORMADO,0,0,1,0,0,AUTOMÓVEL=1|CAMINHÃO=1,LIMEIRA,CAMPINAS,RIO CLARO,ESTADUAL
2020-08-27,17:03:00,L01-AUTOBAN,SP330,46.85,SUL,-23.283193252947,-46.871928413207,COLISÃO,COLISÃO-TRASEIRA,NÃO INFORMADO,0,0,1,0,0,CARRETA=1|MOTO=1,CAJAMAR,REG. METROPOLITANA SÃO PAULO,SÃO PAULO,ESTADUAL
2020-08-27,18:10:00,L01-AUTOBAN,SP330,106.4,NORTE,-22.843685174911,-47.166764919517,CHOQUE,CHOQUE-DEFENSA METÁLICA,NÃO INFORMADO,0,0,0,0,0,AUTOMÓVEL=1,SUMARÉ,CAMPINAS,CAMPINAS,ESTADUAL
2020-08-27,18:24:00,L01-AUTOBAN,SP330,106.9,NORTE,-22.840157907004,-47.170152305992,COLISÃO,COLISÃO-TRASEIRA,NÃO INFORMADO,0,0,0,0,0,AUTOMÓVEL=1|NÃO INFORMADO=1,SUMARÉ,CAMPINAS,CAMPINAS,ESTADUAL
2020-08-27,22:58:00,L29-VIAPAULISTA,SP330,297.1,NORTE,-21.29670525,-47.74396896,CHOQUE,CHOQUE-ELEMENTO DE DRENAGEM,OFUSCAMENTO (NATURAL OU OUTRO VEÍCULO),1,2,0,0,0,AUTOMÓVEL=1|MOTO=1,CRAVINHOS,RIBEIRÃO PRETO,RIBEIRÃO PRETO,ESTADUAL
2020-08-28,00:50:00,L01-AUTOBAN,SPI102/330,3.5,SUL,-22.894438870778,-47.135298550129,CHOQUE,CHOQUE-SINALIZAÇÃO,NÃO INFORMADO,0,0,0,0,0,AUTOMÓVEL=1,CAMPINAS,CAMPINAS,CAMPINAS,ESTADUAL
2020-08-28,00:54:00,L01-AUTOBAN,SP330,136.65,SUL,-22.633526203267,-47.33442580992,COLISÃO,COLISÃO-TRASEIRA,NÃO INFORMADO,1,0,0,0,0,BITREM/CVC=1|CARRETA=1,LIMEIRA,CAMPINAS,RIO CLARO,ESTADUAL
2020-08-28,01:36:00,L06-INTERVIAS,SP330,185.0,NORTE,-22.21969986,-47.39220047,ATROPELAMENTO DE ANIMAL,ATROP. ANIMAL,ANIMAL NA RODOVIA,1,0,0,0,0,CAMINHÃO=1,LEME,CAMPINAS,RIO CLARO,ESTADUAL
2020-08-28,06:53:00,L01-AUTOBAN,SP330,117.8,NORTE,-22.770062974446,-47.239606994681,CHOQUE,CHOQUE-PRAÇA AVI-(ENTRE VEÍCULOS),NÃO INFORMADO,0,0,0,0,0,CARRETA=2,NOVA ODESSA,CAMPINAS,RIO CLARO,ESTADUAL
2020-08-28,07:09:00,L01-AUTOBAN,SP330,45.4,SUL,-23.293356612652,-46.864988210682,TOMBAMENTO,TOMBAMENTO-MOTO,NÃO INFORMADO,0,0,1,0,0,MOTO=1,CAJAMAR,REG. METROPOLITANA SÃO PAULO,SÃO PAULO,ESTADUAL
2020-08-28,07:55:00,L01-AUTOBAN,SP330,101.5,SUL,-22.871222222882,-47.128653084053,COLISÃO,COLISÃO-TRASEIRA,NÃO INFORMADO,0,0,0,0,0,AUTOMÓVEL=1|UTILITÁRIO=1,CAMPINAS,CAMPINAS,CAMPINAS,ESTADUAL
2020-08-28,08:05:00,L01-AUTOBAN,SP330,119.0,NORTE,-22.763217100847,-47.247782349587,TOMBAMENTO,TOMBAMENTO,NÃO INFORMADO,0,2,0,0,0,CARRETA=1,NOVA ODESSA,CAMPINAS,RIO CLARO,ESTADUAL
2020-08-28,08:19:00,L29-VIAPAULISTA,SP330,312.9,SUL,-21.1580143,-47.75655365,COLISÃO,COLISÃO-TRASEIRA,IMPRUD. CONDUTOR-DIST. INADEQUADA ENTRE VEÍC.,2,0,0,0,0,AUTOMÓVEL=2,RIBEIRÃO PRETO,RIBEIRÃO PRETO,RIBEIRÃO PRETO,ESTADUAL
2020-08-28,08:20:00,L01-AUTOBAN,SP330,22.8,SUL,-23.446015251571,-46.786972403215,COLISÃO,COLISÃO-LATERAL,NÃO INFORMADO,0,0,0,0,0,AUTOMÓVEL=1|NÃO INFORMADO=1,SÃO PAULO,REG. METROPOLITANA SÃO PAULO,SÃO PAULO,ESTADUAL
2020-08-28,09:17:00,L01-AUTOBAN,SP330,69.9,NORTE,-23.106635925439,-46.962079890136,CHOQUE,CHOQUE-DEFENSA METÁLICA,NÃO INFORMADO,0,0,0,0,0,VAN/PERUA=1,LOUVEIRA,CAMPINAS,CAMPINAS,ESTADUAL
2020-08-28,13:54:00,L01-AUTOBAN,SP330,138.0,NORTE,-22.623894673813,-47.342845201492,TOMBAMENTO,TOMBAMENTO-MOTO,NÃO INFORMADO,0,1,0,0,0,MOTO=1,LIMEIRA,CAMPINAS,RIO CLARO,ESTADUAL
2020-08-28,15:50:00,L06-INTERVIAS,SP330,164.14,NORTE,-22.40581703,-47.38924026,TOMBAMENTO,TOMBAMENTO,ESTOURO/FURO DE PNEU,0,1,0,0,0,MOTO=1,ARARAS,CAMPINAS,RIO CLARO,ESTADUAL
2020-08-28,16:55:00,L01-AUTOBAN,SPM330D,107.14,NORTE,-22.83849106757,-47.171717472975,COLISÃO,COLISÃO-TRASEIRA,NÃO INFORMADO,0,2,0,0,0,AUTOMÓVEL=2,SUMARÉ,CAMPINAS,CAMPINAS,ESTADUAL
2020-08-28,17:20:00,L01-AUTOBAN,SPI102/330,6.6,SUL,-22.920059344738,-47.133646000047,COLISÃO,COLISÃO-TRASEIRA,NÃO INFORMADO,0,0,0,0,0,AUTOMÓVEL=2,CAMPINAS,CAMPINAS,CAMPINAS,ESTADUAL
2020-08-28,17:28:00,L01-AUTOBAN,SP330,82.1,NORTE,-23.012319349849,-47.023277155713,CHOQUE,CHOQUE-MEIO FIO/CALÇAMENTO,NÃO INFORMADO,0,1,0,0,0,MOTO=1,VALINHOS,CAMPINAS,CAMPINAS,ESTADUAL
2020-08-28,21:53:00,L06-INTERVIAS,SP330,227.8,SUL,-21.84720039,-47.49522018,COLISÃO,COLISÃO-TRASEIRA,NÃO INFORMADO,0,0,0,0,1,MOTO=1|NÃO INFORMADO=1,PORTO FERREIRA,CENTRAL,RIO CLARO,ESTADUAL
2020-08-28,22:42:00,L01-AUTOBAN,SPM330D,16.2,NORTE,-23.493338896782,-46.760391718262,COLISÃO,COLISÃO-TRASEIRA,NÃO INFORMADO,0,2,1,0,0,AUTOMÓVEL=2,OSASCO,REG. METROPOLITANA SÃO PAULO,SÃO PAULO,ESTADUAL
2020-08-29,01:02:00,L01-AUTOBAN,SP330,92.52,SUL,-22.932390442974,-47.075260409228,COLISÃO,COLISÃO-LATERAL,NÃO INFORMADO,0,1,1,0,0,MOTO=1|NÃO INFORMADO=1,CAMPINAS,CAMPINAS,CAMPINAS,ESTADUAL
2020-08-29,04:23:00,L29-VIAPAULISTA,SP330,307.9,SUL,-21.20274544,-47.75821304,CHOQUE,CHOQUE-ELEMENTO DE DRENAGEM,IMPRUD. CONDUTOR-PERDA DE CONTROLE,3,0,0,0,0,AUTOMÓVEL=1,RIBEIRÃO PRETO,RIBEIRÃO PRETO,RIBEIRÃO PRETO,ESTADUAL
2020-08-29,05:16:00,L01-AUTOBAN,SPM330E,112.54,SUL,-22.810299901272,-47.213150317039,CHOQUE,CHOQUE-POSTE,NÃO INFORMADO,0,0,3,1,0,UTILITÁRIO=1,SUMARÉ,CAMPINAS,CAMPINAS,ESTADUAL
2020-08-29,08:43:00,L01-AUTOBAN,SP330,23.7,NORTE,-23.437485468567,-46.786465465568,COLISÃO,COLISÃO-TRASEIRA,NÃO INFORMADO,0,0,2,0,0,AUTOMÓVEL=1|BICICLETA=2|CAMINHÃO=1,SÃO PAULO,REG. METROPOLITANA SÃO PAULO,SÃO PAULO,ESTADUAL
2020-08-29,09:12:00,L01-AUTOBAN,SPM330D,112.8,NORTE,-22.808348238333,-47.214867375933,COLISÃO,COLISÃO-TRASEIRA,NÃO INFORMADO,0,0,0,0,0,AUTOMÓVEL=2,SUMARÉ,CAMPINAS,CAMPINAS,ESTADUAL
2020-08-29,09:26:00,L06-INTERVIAS,SP330,179.5,NORTE,-22.26925087,-47.39134979,COLISÃO,COLISÃO-TRASEIRA,IMPRUD. CONDUTOR-FREADA BRUSCA,1,1,0,0,0,MOTO=2,ARARAS,CAMPINAS,RIO CLARO,ESTADUAL
2020-08-29,11:20:00,L06-INTERVIAS,SP330,215.0,SUL,-21.95859909,-47.45980072,CHOQUE,CHOQUE-VEÍCULO PARADO NA PISTA,FALHA DE EQUIP. PEDÁGIO-TAG,1,0,0,0,0,CAMINHONETE=1|CAMINHÃO=1,PIRASSUNUNGA,CAMPINAS,RIO CLARO,ESTADUAL
2020-08-29,11:35:00,L01-AUTOBAN,SPM330D,103.9,NORTE,-22.857344202653,-47.147694122285,CHOQUE,CHOQUE-TALUDE OU BARRANCO,NÃO INFORMADO,1,0,0,0,0,AUTOMÓVEL=1,CAMPINAS,CAMPINAS,CAMPINAS,ESTADUAL
2020-08-29,13:02:00,L29-VIAPAULISTA,SP330,294.9,NORTE,-21.31488228,-47.73545837,TOMBAMENTO,TOMBAMENTO,OBJETO NA PISTA,0,1,0,0,0,MOTO=1,CRAVINHOS,RIBEIRÃO PRETO,RIBEIRÃO PRETO,ESTADUAL
2020-08-29,14:48:00,L01-AUTOBAN,SPM330D,110.9,NORTE,-22.818204199959,-47.200808837229,ENGAVETAMENTO,ENGAVETAMENTO,NÃO INFORMADO,0,0,0,0,0,AUTOMÓVEL=3,SUMARÉ,CAMPINAS,CAMPINAS,ESTADUAL
2020-08-29,15:08:00,L01-AUTOBAN,SPM330D,91.5,NORTE,-22.938987711023,-47.068964277966,CHOQUE,CHOQUE-MEIO FIO/CALÇAMENTO,NÃO INFORMADO,0,0,0,0,0,AUTOMÓVEL=1,CAMPINAS,CAMPINAS,CAMPINAS,ESTADUAL
2020-08-29,22:00:00,L28-ENTREVIAS,SP330,320.0,NORTE,-21.0980436559,-47.7906422935,CHOQUE,CHOQUE-SINALIZAÇÃO,IMPRUD. CONDUTOR-PERDA DE CONTROLE,1,0,0,0,0,MOTOCICLETA / MOTONETA=1,RIBEIRÃO PRETO,RIBEIRÃO PRETO,RIBEIRÃO PRETO,ESTADUAL
2020-08-29,22:46:00,L01-AUTOBAN,SPM330D,107.17,NORTE,-22.838285061494,-47.171907687498,COLISÃO,COLISÃO-TRASEIRA,NÃO INFORMADO,3,0,1,1,0,AUTOMÓVEL=2,SUMARÉ,CAMPINAS,CAMPINAS,ESTADUAL
2020-08-30,01:03:00,L01-AUTOBAN,SPM330E,58.9,SUL,-23.189814215863,-46.906496469733,COLISÃO,COLISÃO-LATERAL,NÃO INFORMADO,0,1,0,0,0,AUTOMÓVEL=1|UTILITÁRIO=1,JUNDIAÍ,CAMPINAS,CAMPINAS,ESTADUAL
2020-08-30,01:44:00,L01-AUTOBAN,SP330,25.88,NORTE,-23.421181077861,-46.793721466678,CHOQUE,CHOQUE-MEIO FIO/CALÇAMENTO,NÃO INFORMADO,0,0,0,0,2,MOTO=1,SÃO PAULO,REG. METROPOLITANA SÃO PAULO,SÃO PAULO,ESTADUAL
2020-08-30,04:05:00,L01-AUTOBAN,SP330,90.55,NORTE,-22.946515168833,-47.064482800986,CHOQUE,CHOQUE-BARREIRA DE CONCRETO,NÃO INFORMADO,0,2,1,0,0,AUTOMÓVEL=1,CAMPINAS,CAMPINAS,CAMPINAS,ESTADUAL
2020-08-30,04:28:00,L01-AUTOBAN,SP330,58.0,SUL,-23.19706558464,-46.903826594353,COLISÃO,COLISÃO-TRASEIRA,NÃO INFORMADO,0,0,0,0,0,AUTOMÓVEL=1|MOTO=1,JUNDIAÍ,CAMPINAS,CAMPINAS,ESTADUAL
2020-08-30,04:36:00,L28-ENTREVIAS,SP330,381.0,SUL,-20.5760405004,-47.8733104992,ATROPELAMENTO DE ANIMAL,ATROP. ANIMAL-SILVESTRE GRANDE PORTE,ANIMAL NA RODOVIA,1,0,0,0,0,ÔNIBUS=1,SÃO JOAQUIM DA BARRA,FRANCA,RIBEIRÃO PRETO,ESTADUAL
2020-08-30,09:05:00,L29-VIAPAULISTA,SP330,313.8,SUL,-21.15711975,-47.75663376,TOMBAMENTO,TOMBAMENTO,ESTOURO/FURO DE PNEU,0,2,0,0,0,MOTO=1,RIBEIRÃO PRETO,RIBEIRÃO PRETO,RIBEIRÃO PRETO,ESTADUAL
2020-08-30,12:55:00,L01-AUTOBAN,SPM330D,55.0,NORTE,-23.216200395138,-46.883779764175,COLISÃO,COLISÃO-TRASEIRA,NÃO INFORMADO,0,0,0,0,0,AUTOMÓVEL=1|MOTO=1,JUNDIAÍ,CAMPINAS,CAMPINAS,ESTADUAL
2020-08-30,13:56:00,L01-AUTOBAN,SP330,11.5,SUL,-23.510460756592,-46.729056344143,CHOQUE,CHOQUE-BARREIRA DE CONCRETO,NÃO INFORMADO,0,1,0,0,0,AUTOMÓVEL=1,SÃO PAULO,REG. METROPOLITANA SÃO PAULO,SÃO PAULO,ESTADUAL
2020-08-30,15:54:00,L01-AUTOBAN,SP330,64.0,NORTE,-23.153219241232,-46.935594677925,CHOQUE,CHOQUE-BARREIRA DE CONCRETO,NÃO INFORMADO,0,0,0,0,0,AUTOMÓVEL=1,JUNDIAÍ,CAMPINAS,CAMPINAS,ESTADUAL
2020-08-30,18:32:00,L01-AUTOBAN,SP330,78.0,SUL,-23.045293,-47.004756,COLISÃO,COLISÃO-TRASEIRA,NÃO INFORMADO,0,0,0,0,0,AUTOMÓVEL=1|NÃO INFORMADO=1,VINHEDO,CAMPINAS,CAMPINAS,ESTADUAL
2020-08-30,20:44:00,L01-AUTOBAN,SP330,70.85,NORTE,-23.098775989342,-46.967259756257,TOMBAMENTO,TOMBAMENTO-MOTO,NÃO INFORMADO,0,2,0,0,0,AUTOMÓVEL=3|MOTO=1,LOUVEIRA,CAMPINAS,CAMPINAS,ESTADUAL
2020-08-30,21:17:00,L01-AUTOBAN,SP330,70.95,NORTE,-23.097939647669,-46.967811210016,COLISÃO,COLISÃO-TRASEIRA,NÃO INFORMADO,0,2,0,0,0,AUTOMÓVEL=2,LOUVEIRA,CAMPINAS,CAMPINAS,ESTADUAL
2020-08-30,23:22:00,L01-AUTOBAN,SP330,92.6,SUL,-22.931969529121,-47.075899684517,ATROPELAMENTO DE ANIMAL,ATROP. ANIMAL,NÃO INFORMADO,0,1,0,0,0,AUTOMÓVEL=1,CAMPINAS,CAMPINAS,CAMPINAS,ESTADUAL
2020-08-30,23:43:00,L29-VIAPAULISTA,SP330,315.0,SUL,-21.1398716,-47.76180649,COLISÃO,COLISÃO-TRASEIRA,NÃO INFORMADO,0,0,0,1,0,MOTO=1|NÃO INFORMADO=1,RIBEIRÃO PRETO,RIBEIRÃO PRETO,RIBEIRÃO PRETO,ESTADUAL
2020-08-31,04:02:00,L28-ENTREVIAS,SP330,344.0,NORTE,-20.9056392601,-47.8906401564,TOMBAMENTO,TOMBAMENTO-VEÍCULOS PESADOS,IMPRUD. CONDUTOR-DORMIR AO VOLANTE,1,0,0,0,0,CAMINHÃO=1,JARDINÓPOLIS,RIBEIRÃO PRETO,RIBEIRÃO PRETO,ESTADUAL
2020-08-31,06:50:00,L01-AUTOBAN,SP330,147.3,NORTE,-22.550221077469,-47.372538815613,COLISÃO,COLISÃO-TRASEIRA,NÃO INFORMADO,0,0,0,0,0,AUTOMÓVEL=1|NÃO INFORMADO=1,LIMEIRA,CAMPINAS,RIO CLARO,ESTADUAL
2020-08-31,07:21:00,L01-AUTOBAN,SPI102/330,5.0,NORTE,-22.906904124332,-47.13676571846,CHOQUE,CHOQUE-TALUDE OU BARRANCO,NÃO INFORMADO,0,0,0,0,0,AUTOMÓVEL=1,CAMPINAS,CAMPINAS,CAMPINAS,ESTADUAL
2020-08-31,07:27:00,L29-VIAPAULISTA,SP330,292.5,NORTE,-21.33471107,-47.7261734,TOMBAMENTO,TOMBAMENTO,ESTOURO/FURO DE PNEU,0,0,0,0,0,MOTO=1,CRAVINHOS,RIBEIRÃO PRETO,RIBEIRÃO PRETO,ESTADUAL
2020-08-31,09:17:00,L01-AUTOBAN,SP330,21.0,SUL,-23.460992556264,-46.781448125839,ENGAVETAMENTO,ENGAVETAMENTO,NÃO INFORMADO,0,1,0,0,0,AUTOMÓVEL=4,SÃO PAULO,REG. METROPOLITANA SÃO PAULO,SÃO PAULO,ESTADUAL
2020-08-31,10:24:00,L28-ENTREVIAS,SP330,321.2,SUL,-21.0900747564,-47.7965838701,CHOQUE,CHOQUE-DEFENSA METÁLICA,IMPRUD. CONDUTOR-PERDA DE CONTROLE,1,0,0,0,0,AUTOMÓVEL=1,RIBEIRÃO PRETO,RIBEIRÃO PRETO,RIBEIRÃO PRETO,ESTADUAL
2020-08-31,12:21:00,L01-AUTOBAN,SP330,98.0,NORTE,-22.895874533463,-47.110748291016,COLISÃO,COLISÃO-LATERAL,NÃO INFORMADO,0,0,0,0,0,AUTOMÓVEL=1|ÔNIBUS=1,CAMPINAS,CAMPINAS,CAMPINAS,ESTADUAL
2020-08-31,16:29:00,L01-AUTOBAN,SP330,97.8,NORTE,-22.897515127751,-47.110158214036,ENGAVETAMENTO,ENGAVETAMENTO,NÃO INFORMADO,0,0,0,0,0,AUTOMÓVEL=1|UTILITÁRIO=2,CAMPINAS,CAMPINAS,CAMPINAS,ESTADUAL
2020-08-31,17:57:00,L01-AUTOBAN,SP330,144.9,NORTE,-22.570166011284,-47.366031293423,COLISÃO,COLISÃO-TRASEIRA,NÃO INFORMADO,0,1,0,0,0,AUTOMÓVEL=1|NÃO INFORMADO=1,LIMEIRA,CAMPINAS,RIO CLARO,ESTADUAL
2020-08-31,18:19:00,L01-AUTOBAN,SPM330D,16.4,NORTE,-23.492586174078,-46.761983868423,TOMBAMENTO,TOMBAMENTO-MOTO,NÃO INFORMADO,0,2,0,0,0,MOTO=1,OSASCO,REG. METROPOLITANA SÃO PAULO,SÃO PAULO,ESTADUAL
2020-08-31,19:51:00,L06-INTERVIAS,SP330,235.0,NORTE,-21.79039955,-47.5196991,CHOQUE,CHOQUE-OBJETO NA PISTA,OBJETO NA PISTA,1,0,0,0,0,AUTOMÓVEL=1,SANTA RITA DO PASSA QUATRO,CENTRAL,RIBEIRÃO PRETO,ESTADUAL
2020-08-31,20:46:00,L06-INTERVIAS,SP330,235.0,NORTE,-21.79039955,-47.5196991,CHOQUE,CHOQUE-OBJETO NA PISTA,OBJETO NA PISTA,4,0,0,0,0,AUTOMÓVEL=1,SANTA RITA DO PASSA QUATRO,CENTRAL,RIBEIRÃO PRETO,ESTADUAL
2020-08-31,23:44:00,L01-AUTOBAN,SPM330D,100.1,NORTE,-22.879679864174,-47.118298698465,CHOQUE,CHOQUE-MEIO FIO/CALÇAMENTO,NÃO INFORMADO,0,1,0,0,0,AUTOMÓVEL=1,CAMPINAS,CAMPINAS,CAMPINAS,ESTADUAL
2020-09-01,05:05:00,L01-AUTOBAN,SP330,115.7,NORTE,-22.785892342183,-47.229271338392,COLISÃO,COLISÃO-TRASEIRA,NÃO INFORMADO,1,0,0,0,0,AUTOMÓVEL=1|CAMINHÃO=1,NOVA ODESSA,CAMPINAS,CAMPINAS,ESTADUAL
2020-09-01,05:23:00,L29-VIAPAULISTA,SP330,275.7,SUL,-21.47276115,-47.64041901,COLISÃO,COLISÃO-TRASEIRA,IMPRUD. CONDUTOR-LEVOU FECHADA,2,0,0,0,0,CAMINHONETE=1|NÃO INFORMADO=1,SÃO SIMÃO,RIBEIRÃO PRETO,RIBEIRÃO PRETO,ESTADUAL
2020-09-01,06:40:00,L29-VIAPAULISTA,SP330,307.35,SUL,-21.20780945,-47.75847626,TOMBAMENTO,TOMBAMENTO,IMPRUD. CONDUTOR-PERDA DE CONTROLE,1,0,0,0,0,MOTO=1,RIBEIRÃO PRETO,RIBEIRÃO PRETO,RIBEIRÃO PRETO,ESTADUAL
2020-09-01,13:26:00,L01-AUTOBAN,SPM330D,17.2,NORTE,-23.488745712858,-46.767597201679,COLISÃO,COLISÃO-TRASEIRA,NÃO INFORMADO,0,1,0,0,0,CAMINHÃO=1|MOTO=1,OSASCO,REG. METROPOLITANA SÃO PAULO,SÃO PAULO,ESTADUAL
2020-09-01,17:44:00,L01-AUTOBAN,SPM330E,94.0,SUL,-22.924889525296,-47.087171673775,COLISÃO,COLISÃO-LATERAL,NÃO INFORMADO,0,0,0,0,0,AUTOMÓVEL=1|CAMINHÃO=1,CAMPINAS,CAMPINAS,CAMPINAS,ESTADUAL
2020-09-01,18:52:00,L01-AUTOBAN,SP330,117.7,SUL,-22.770871937771,-47.239622472603,CHOQUE,CHOQUE-VEÍCULO PARADO NA PISTA,NÃO INFORMADO,0,0,0,0,0,AUTOMÓVEL=2,NOVA ODESSA,CAMPINAS,RIO CLARO,ESTADUAL
2020-09-01,23:05:00,L28-ENTREVIAS,SP330,319.15,NORTE,-21.1046622261,-47.7858711282,CHOQUE,CHOQUE-TALUDE OU BARRANCO,IMPRUD. CONDUTOR-EMBRIAGUEZ,1,1,0,0,0,AUTOMÓVEL=1,RIBEIRÃO PRETO,RIBEIRÃO PRETO,RIBEIRÃO PRETO,ESTADUAL
2020-09-01,23:11:00,L28-ENTREVIAS,SP330,329.4,SUL,-21.0290935692,-47.8360636035,COLISÃO,COLISÃO-TRASEIRA,IMPRUD. CONDUTOR-DORMIR AO VOLANTE,1,1,0,0,0,CAMINHÃO=2,JARDINÓPOLIS,RIBEIRÃO PRETO,RIBEIRÃO PRETO,ESTADUAL
2020-09-02,06:29:00,L01-AUTOBAN,SP330,35.15,SUL,-23.367883767546,-46.845817941605,COLISÃO,COLISÃO-TRASEIRA,NÃO INFORMADO,0,0,0,0,0,AUTOMÓVEL=1|NÃO INFORMADO=1,CAJAMAR,REG. METROPOLITANA SÃO PAULO,SÃO PAULO,ESTADUAL
2020-09-02,08:16:00,L01-AUTOBAN,SP330,113.1,NORTE,-22.806357921708,-47.216887584937,COLISÃO,COLISÃO-TRASEIRA,NÃO INFORMADO,1,0,1,0,0,CARRETA=2,SUMARÉ,CAMPINAS,CAMPINAS,ESTADUAL
2020-09-02,11:16:00,L29-VIAPAULISTA,SP330,271.5,NORTE,-21.49477005,-47.64139557,CHOQUE,CHOQUE-VEÍCULO PARADO NA PISTA,IMPRUD. CONDUTOR-DIST. INADEQUADA ENTRE VEÍC.,4,0,0,0,0,CAMINHÃO=2,SÃO SIMÃO,RIBEIRÃO PRETO,RIBEIRÃO PRETO,ESTADUAL
2020-09-02,12:45:00,L06-INTERVIAS,SP330,185.98,SUL,-22.21107864,-47.39416504,CHOQUE,"CHOQUE - DEFENSA, BARREIRA OU ""SUBMARINO""",IMPRUD. CONDUTOR-PERDA DE CONTROLE,1,0,0,0,0,AUTOMÓVEL=1,LEME,CAMPINAS,RIO CLARO,ESTADUAL
2020-09-02,15:21:00,L29-VIAPAULISTA,SP330,314.2,NORTE,-21.14579201,-47.75915909,COLISÃO,COLISÃO-TRASEIRA,OBRAS,0,0,0,0,0,CAMINHONETE=2,RIBEIRÃO PRETO,RIBEIRÃO PRETO,RIBEIRÃO PRETO,ESTADUAL
2020-09-03,05:33:00,L29-VIAPAULISTA,SP330,318.0,NORTE,-21.11632919,-47.77754211,COLISÃO,COLISÃO-TRASEIRA,IMPRUD. CONDUTOR-DIST. INADEQUADA ENTRE VEÍC.,3,0,0,0,0,AUTOMÓVEL=1|CAMINHONETE=1,RIBEIRÃO PRETO,RIBEIRÃO PRETO,RIBEIRÃO PRETO,ESTADUAL
2020-09-03,07:41:00,L01-AUTOBAN,SPM330E,106.6,SUL,-22.84263226478,-47.168224801535,ENGAVETAMENTO,ENGAVETAMENTO,NÃO INFORMADO,0,0,0,0,0,AUTOMÓVEL=3,SUMARÉ,CAMPINAS,CAMPINAS,ESTADUAL
2020-09-03,07:51:00,L01-AUTOBAN,SP330,81.5,NORTE,-23.017106140272,-47.020322978497,ATROPELAMENTO DE ANIMAL,ATROP. ANIMAL,NÃO INFORMADO,0,0,0,0,0,AUTOMÓVEL=1,VALINHOS,CAMPINAS,CAMPINAS,ESTADUAL
2020-09-03,09:04:00,L06-INTERVIAS,SP330,190.1,NORTE,-22.17420006,-47.39876175,COLISÃO,COLISÃO-LATERAL,IMPRUD. CONDUTOR,1,1,0,0,0,CAMINHÃO=1|MOTO=1,LEME,CAMPINAS,RIO CLARO,ESTADUAL
2020-09-03,09:14:00,L29-VIAPAULISTA,SPA307/330,2.8,LESTE,-21.19032288,-47.78078461,COLISÃO,COLISÃO-TRASEIRA,IMPRUD. CONDUTOR,2,0,0,1,0,AUTOMÓVEL=1|MOTO=1,RIBEIRÃO PRETO,RIBEIRÃO PRETO,RIBEIRÃO PRETO,ESTADUAL
2020-09-03,13:59:00,L01-AUTOBAN,SP330,38.0,NORTE,-23.344925355634,-46.840928792954,COLISÃO,COLISÃO-LATERAL,NÃO INFORMADO,1,1,0,0,0,AUTOMÓVEL=1|MOTO=1,CAJAMAR,REG. METROPOLITANA SÃO PAULO,SÃO PAULO,ESTADUAL
2020-09-03,14:59:00,L01-AUTOBAN,SPM330E,92.5,SUL,-22.932495651367,-47.075100620888,ATROPELAMENTO DE PEDESTRE,ATROP. PEDESTRE-MORADOR/TRABALHADOR/ESTUDANTE,NÃO INFORMADO,0,1,0,0,0,AUTOMÓVEL=1|BICICLETA=1,CAMPINAS,CAMPINAS,CAMPINAS,ESTADUAL
2020-09-03,15:22:00,L01-AUTOBAN,SP330,65.4,NORTE,-23.141507300176,-46.941171534063,CHOQUE,CHOQUE-OBJETO NA PISTA,NÃO INFORMADO,0,0,0,0,0,AUTOMÓVEL=1,JUNDIAÍ,CAMPINAS,CAMPINAS,ESTADUAL
2020-09-03,15:31:00,L01-AUTOBAN,SP330,92.0,NORTE,-22.935116422047,-47.071389555931,COLISÃO,COLISÃO-TRASEIRA,NÃO INFORMADO,0,1,0,0,0,AUTOMÓVEL=1|MOTO=1,CAMPINAS,CAMPINAS,CAMPINAS,ESTADUAL
2020-09-03,16:55:00,L29-VIAPAULISTA,SP330,277.8,NORTE,-21.43933487,-47.65030289,TOMBAMENTO,TOMBAMENTO,ESTOURO/FURO DE PNEU,0,2,0,0,0,MOTO=1,SÃO SIMÃO,RIBEIRÃO PRETO,RIBEIRÃO PRETO,ESTADUAL
2020-09-03,18:01:00,L01-AUTOBAN,SPM330E,93.18,SUL,-22.928969413035,-47.080549623744,CHOQUE,CHOQUE-VEÍCULO PARADO NA PISTA,NÃO INFORMADO,0,1,0,0,0,MOTO=1|NÃO INFORMADO=1,CAMPINAS,CAMPINAS,CAMPINAS,ESTADUAL
2020-09-03,18:40:00,L01-AUTOBAN,SP330,21.55,SUL,-23.456615984688,-46.784307088462,ATROPELAMENTO DE PEDESTRE,ATROP. PEDESTRE-USUÁRIO,NÃO INFORMADO,0,0,0,1,0,NÃO SE APLICA=1|UTILITÁRIO=1,SÃO PAULO,REG. METROPOLITANA SÃO PAULO,SÃO PAULO,ESTADUAL
2020-09-03,19:40:00,L01-AUTOBAN,SP330,95.0,SUL,-22.919909191683,-47.094150781632,COLISÃO,COLISÃO-LATERAL,NÃO INFORMADO,0,0,0,0,0,AUTOMÓVEL=1|CARRETA=1,CAMPINAS,CAMPINAS,CAMPINAS,ESTADUAL
2020-09-03,20:25:00,L01-AUTOBAN,SPM330E,59.0,SUL,-23.189008521881,-46.906793117523,COLISÃO,COLISÃO-FRONTAL,NÃO INFORMADO,0,5,0,0,0,AUTOMÓVEL=2,JUNDIAÍ,CAMPINAS,CAMPINAS,ESTADUAL
2020-09-04,02:50:00,L01-AUTOBAN,SPM330E,98.6,SUL,-22.891281523171,-47.112474556866,CHOQUE,CHOQUE-POSTE,NÃO INFORMADO,0,2,0,0,0,AUTOMÓVEL=1,CAMPINAS,CAMPINAS,CAMPINAS,ESTADUAL
2020-09-04,08:12:00,L06-INTERVIAS,SP330,197.65,SUL,-22.10807991,-47.41316986,OBJETO LANÇADO CONTRA O VEÍCULO,OBJETO LANÇADO CONTRA VEÍCULO,OBJETO NA PISTA,1,0,0,0,0,AUTOMÓVEL=1,SANTA CRUZ DA CONCEIÇÃO,CAMPINAS,RIO CLARO,ESTADUAL
2020-09-04,10:43:00,L01-AUTOBAN,SP330,148.2,NORTE,-22.543535023163,-47.37715938414,COLISÃO,COLISÃO-LATERAL,NÃO INFORMADO,0,0,0,0,0,AUTOMÓVEL=1|CARRETA=1,LIMEIRA,CAMPINAS,RIO CLARO,ESTADUAL
2020-09-04,10:55:00,L29-VIAPAULISTA,SP330,309.25,SUL,-21.18995476,-47.75753784,TOMBAMENTO,TOMBAMENTO,ESTOURO/FURO DE PNEU,0,0,0,2,0,MOTO=1,RIBEIRÃO PRETO,RIBEIRÃO PRETO,RIBEIRÃO PRETO,ESTADUAL
2020-09-04,12:15:00,L28-ENTREVIAS,SP330,418.0,NORTE,-20.2593070243,-47.799934534,TOMBAMENTO,TOMBAMENTO-MOTO,ESTOURO/FURO DE PNEU,0,2,0,0,0,MOTOCICLETA / MOTONETA=1,ITUVERAVA,FRANCA,RIBEIRÃO PRETO,ESTADUAL
2020-09-04,17:33:00,L01-AUTOBAN,SP330,61.5,SUL,-23.172059453734,-46.922658383846,COLISÃO,COLISÃO-TRASEIRA,NÃO INFORMADO,0,0,1,0,0,AUTOMÓVEL=1|MOTO=1,JUNDIAÍ,CAMPINAS,CAMPINAS,ESTADUAL
2020-09-04,18:08:00,L01-AUTOBAN,SP330,53.2,NORTE,-23.229116856199,-46.873867119816,ENGAVETAMENTO,ENGAVETAMENTO,NÃO INFORMADO,0,1,0,0,0,AUTOMÓVEL=2|CAMINHÃO=1,JUNDIAÍ,CAMPINAS,CAMPINAS,ESTADUAL
2020-09-04,19:29:00,L01-AUTOBAN,SP330,33.4,SUL,-23.38434525276,-46.838664930747,COLISÃO,COLISÃO-TRASEIRA,NÃO INFORMADO,0,0,0,0,0,AUTOMÓVEL=1|CAMINHÃO=1,CAJAMAR,REG. METROPOLITANA SÃO PAULO,SÃO PAULO,ESTADUAL
2020-09-04,19:46:00,L01-AUTOBAN,SP330,93.8,NORTE,-22.92561775379,-47.085530186905,ENGAVETAMENTO,ENGAVETAMENTO,NÃO INFORMADO,0,0,0,0,0,AUTOMÓVEL=3,CAMPINAS,CAMPINAS,CAMPINAS,ESTADUAL
2020-09-05,04:49:00,L01-AUTOBAN,SP330,25.88,NORTE,-23.421181077861,-46.793721466678,TOMBAMENTO,TOMBAMENTO,NÃO INFORMADO,0,1,0,0,0,MOTO=1,SÃO PAULO,REG. METROPOLITANA SÃO PAULO,SÃO PAULO,ESTADUAL
2020-09-05,04:52:00,L01-AUTOBAN,SP330,38.0,SUL,-23.344767747059,-46.840934157372,COLISÃO,COLISÃO-FRONTAL,NÃO INFORMADO,0,0,0,0,0,AUTOMÓVEL=2,CAJAMAR,REG. METROPOLITANA SÃO PAULO,SÃO PAULO,ESTADUAL
2020-09-06,01:26:00,L01-AUTOBAN,SPM330E,103.5,SUL,-22.859800532278,-47.144101914169,COLISÃO,COLISÃO-LATERAL,NÃO INFORMADO,0,2,0,1,0,MOTO=2,CAMPINAS,CAMPINAS,CAMPINAS,ESTADUAL
2020-09-06,05:58:00,L28-ENTREVIAS,SP330,321.0,NORTE,-21.091004688,-47.7956978683,TOMBAMENTO,TOMBAMENTO-MOTO,IMPRUD. CONDUTOR-FALTA DE ATENÇÃO,0,1,0,0,0,MOTOCICLETA / MOTONETA=1,RIBEIRÃO PRETO,RIBEIRÃO PRETO,RIBEIRÃO PRETO,ESTADUAL
2020-09-06,08:39:00,L01-AUTOBAN,SP330,53.9,NORTE,-23.223789367412,-46.877077030427,COLISÃO,COLISÃO-TRASEIRA,NÃO INFORMADO,0,0,0,0,0,AUTOMÓVEL=2,JUNDIAÍ,CAMPINAS,CAMPINAS,ESTADUAL
2020-09-06,12:51:00,L01-AUTOBAN,SP330,19.5,NORTE,-23.471328582867,-46.775748431683,COLISÃO,COLISÃO-LATERAL,NÃO INFORMADO,0,1,0,0,0,AUTOMÓVEL=1|MOTO=1,OSASCO,REG. METROPOLITANA SÃO PAULO,SÃO PAULO,ESTADUAL
2020-09-06,22:18:00,L01-AUTOBAN,SP330,19.6,NORTE,-23.473426516819,-46.772998627663,ENGAVETAMENTO,ENGAVETAMENTO,NÃO INFORMADO,0,0,0,0,0,AUTOMÓVEL=3,SÃO PAULO,REG. METROPOLITANA SÃO PAULO,SÃO PAULO,ESTADUAL
2020-09-07,00:39:00,L01-AUTOBAN,SP330,19.32,NORTE,-23.472186828988,-46.774623511315,TOMBAMENTO,TOMBAMENTO,NÃO INFORMADO,0,0,1,0,0,MOTO=1,OSASCO,REG. METROPOLITANA SÃO PAULO,SÃO PAULO,ESTADUAL
2020-09-07,05:30:00,L01-AUTOBAN,SP330,55.7,SUL,-23.212606331031,-46.889473026961,CHOQUE,CHOQUE-BARREIRA DE CONCRETO,NÃO INFORMADO,0,0,0,1,0,AUTOMÓVEL=1,JUNDIAÍ,CAMPINAS,CAMPINAS,ESTADUAL
2020-09-07,06:47:00,L01-AUTOBAN,SP330,35.8,SUL,-23.362232170969,-46.847945326092,COLISÃO,COLISÃO-TRANSVERSAL,NÃO INFORMADO,0,2,0,0,0,AUTOMÓVEL=2,CAJAMAR,REG. METROPOLITANA SÃO PAULO,SÃO PAULO,ESTADUAL
2020-09-07,07:32:00,L01-AUTOBAN,SPI102/330,4.4,SUL,-22.902251183185,-47.13716590407,TOMBAMENTO,TOMBAMENTO,NÃO INFORMADO,0,0,1,0,0,AUTOMÓVEL=1,CAMPINAS,CAMPINAS,CAMPINAS,ESTADUAL
2020-09-07,08:26:00,L01-AUTOBAN,SPM330E,95.8,SUL,-22.913418609088,-47.099940083654,COLISÃO,COLISÃO-LATERAL,NÃO INFORMADO,0,0,0,0,0,AUTOMÓVEL=2,CAMPINAS,CAMPINAS,CAMPINAS,ESTADUAL
2020-09-07,13:51:00,L06-INTERVIAS,SP330,216.1,SUL,-21.94823456,-47.46299362,CHOQUE,CHOQUE-OBJETO NA PISTA,OBJETO NA PISTA,1,0,0,0,0,CAMINHONETE=1,PIRASSUNUNGA,CAMPINAS,RIO CLARO,ESTADUAL
2020-09-07,15:14:00,L06-INTERVIAS,SP330,211.5,NORTE,-21.9877491,-47.44919968,CHOQUE,CHOQUE-SINALIZAÇÃO,ESTOURO/FURO DE PNEU,3,0,0,0,0,AUTOMÓVEL=1,PIRASSUNUNGA,CAMPINAS,RIO CLARO,ESTADUAL
2020-09-07,16:14:00,L01-AUTOBAN,SP330,104.0,SUL,-22.857076064557,-47.148749828339,TOMBAMENTO,TOMBAMENTO-MOTO,NÃO INFORMADO,0,2,0,0,0,MOTO=1,CAMPINAS,CAMPINAS,CAMPINAS,ESTADUAL
2020-09-07,16:50:00,L28-ENTREVIAS,SP330,380.0,NORTE,-20.5839603943,-47.877173231,CHOQUE,CHOQUE-SINALIZAÇÃO,IMPRUD. CONDUTOR-FALTA DE ATENÇÃO,1,0,0,0,0,AUTOMÓVEL=1,SÃO JOAQUIM DA BARRA,FRANCA,RIBEIRÃO PRETO,ESTADUAL
2020-09-07,18:33:00,L28-ENTREVIAS,SP330,322.0,NORTE,-21.0830758043,-47.8013818943,TOMBAMENTO,TOMBAMENTO-MOTO,MAL SÚBITO DO CONDUTOR,0,1,0,0,0,MOTOCICLETA / MOTONETA=1,RIBEIRÃO PRETO,RIBEIRÃO PRETO,RIBEIRÃO PRETO,ESTADUAL
2020-09-07,18:50:00,L29-VIAPAULISTA,SP330,293.0,NORTE,-21.33057976,-47.72810364,COLISÃO,COLISÃO-TRANSVERSAL,IMPRUD. CONDUTOR-LEVOU FECHADA,1,1,0,0,0,BICICLETA=1|MOTO=1,CRAVINHOS,RIBEIRÃO PRETO,RIBEIRÃO PRETO,ESTADUAL
2020-09-07,20:09:00,L01-AUTOBAN,SP330,112.0,SUL,-22.813845976757,-47.209303379059,COLISÃO,COLISÃO-TRASEIRA,NÃO INFORMADO,0,2,0,0,0,AUTOMÓVEL=1|MOTO=1|UTILITÁRIO=1,SUMARÉ,CAMPINAS,CAMPINAS,ESTADUAL
2020-09-07,20:18:00,L01-AUTOBAN,SPI102/330,1.68,NORTE,-22.87856350898,-47.13078138833,COLISÃO,COLISÃO-TRASEIRA,NÃO INFORMADO,0,1,0,0,0,AUTOMÓVEL=1|UTILITÁRIO=1,CAMPINAS,CAMPINAS,CAMPINAS,ESTADUAL
2020-09-07,22:59:00,L01-AUTOBAN,SPM330E,86.0,SUL,-22.982950250049,-47.04378426075,CHOQUE,CHOQUE-ELEMENTO DE DRENAGEM,NÃO INFORMADO,0,0,0,0,0,AUTOMÓVEL=1,VALINHOS,CAMPINAS,CAMPINAS,ESTADUAL
2020-09-08,06:26:00,L01-AUTOBAN,SP330,135.28,SUL,-22.644284210083,-47.327605795624,COLISÃO,COLISÃO-TRASEIRA,NÃO INFORMADO,0,0,0,0,0,AUTOMÓVEL=2|CAMINHÃO=1|NÃO INFORMADO=1,LIMEIRA,CAMPINAS,RIO CLARO,ESTADUAL
2020-09-08,10:28:00,L01-AUTOBAN,SP330,13.5,SUL,-23.50766933734,-46.745039820671,TOMBAMENTO,TOMBAMENTO-MOTO,NÃO INFORMADO,0,1,0,0,0,MOTO=1,SÃO PAULO,REG. METROPOLITANA SÃO PAULO,SÃO PAULO,ESTADUAL
2020-09-08,14:24:00,L01-AUTOBAN,SP330,103.0,NORTE,-22.862197108808,-47.13924407959,TOMBAMENTO,TOMBAMENTO-MOTO,NÃO INFORMADO,0,1,0,0,0,MOTO=1,CAMPINAS,CAMPINAS,CAMPINAS,ESTADUAL
2020-09-08,15:17:00,L01-AUTOBAN,SP330,98.2,SUL,-22.894590639428,-47.111459605103,TOMBAMENTO,TOMBAMENTO-MOTO,NÃO INFORMADO,0,2,0,0,0,MOTO=1,CAMPINAS,CAMPINAS,CAMPINAS,ESTADUAL
2020-09-08,17:37:00,L01-AUTOBAN,SP330,153.1,SUL,-22.504780781045,-47.39927351704,TOMBAMENTO,TOMBAMENTO-MOTO,NÃO INFORMADO,0,1,0,0,0,MOTO=1,CORDEIRÓPOLIS,CAMPINAS,RIO CLARO,ESTADUAL
2020-09-08,17:43:00,L01-AUTOBAN,SP330,106.8,NORTE,-22.840863349821,-47.169474839034,COLISÃO,COLISÃO-TRASEIRA,NÃO INFORMADO,0,0,0,0,0,AUTOMÓVEL=1|NÃO INFORMADO=1,SUMARÉ,CAMPINAS,CAMPINAS,ESTADUAL
2020-09-08,19:19:00,L01-AUTOBAN,SPM330E,25.0,SUL,-23.42658,-46.787612,COLISÃO,COLISÃO-TRASEIRA,NÃO INFORMADO,0,0,0,0,0,AUTOMÓVEL=2,SÃO PAULO,REG. METROPOLITANA SÃO PAULO,SÃO PAULO,ESTADUAL
2020-09-08,21:14:00,L01-AUTOBAN,SP330,98.3,SUL,-22.893763313026,-47.111713357563,COLISÃO,COLISÃO-LATERAL,NÃO INFORMADO,0,0,0,0,0,AUTOMÓVEL=1|VAN/PERUA=1,CAMPINAS,CAMPINAS,CAMPINAS,ESTADUAL
2020-09-08,21:33:00,L28-ENTREVIAS,SP330,370.0,SUL,-20.6715428359,-47.8844511855,CHOQUE,CHOQUE-OBJETO NA PISTA,OBJETO NA PISTA,1,0,0,0,0,MOTOCICLETA / MOTONETA=1,ORLÂNDIA,FRANCA,RIBEIRÃO PRETO,ESTADUAL
2020-09-08,23:23:00,L01-AUTOBAN,SP330,14.25,SUL,-23.50536955115,-46.751199513674,ATROPELAMENTO DE PEDESTRE,ATROP. PEDESTRE-ANDARILHO,NÃO INFORMADO,0,0,0,0,1,AUTOMÓVEL=1|NÃO SE APLICA=1,SÃO PAULO,REG. METROPOLITANA SÃO PAULO,SÃO PAULO,ESTADUAL
2020-09-09,03:56:00,L01-AUTOBAN,SPM330E,25.5,SUL,-23.42374267348,-46.790994186646,COLISÃO,COLISÃO-FRONTAL,NÃO INFORMADO,0,0,0,0,0,AUTOMÓVEL=1|MOTO=1,SÃO PAULO,NÃO INFORMADO,NÃO INFORMADO,NÃO INFORMADO
2020-09-09,08:14:00,L01-AUTOBAN,SP330,30.5,SUL,-23.403422126526,-46.832967996597,COLISÃO,COLISÃO-FRONTAL,NÃO INFORMADO,0,3,0,0,0,AUTOMÓVEL=2,CAJAMAR,REG. METROPOLITANA SÃO PAULO,SÃO PAULO,ESTADUAL
2020-09-09,12:21:00,L29-VIAPAULISTA,SP330,309.3,SUL,-21.18942642,-47.75751114,TOMBAMENTO,TOMBAMENTO,ESTOURO/FURO DE PNEU,0,2,0,0,0,MOTO=1,RIBEIRÃO PRETO,RIBEIRÃO PRETO,RIBEIRÃO PRETO,ESTADUAL
2020-09-09,15:22:00,L29-VIAPAULISTA,SP330,240.9,SUL,-21.75598907,-47.56404877,COLISÃO,COLISÃO-TRASEIRA,IMPRUD. CONDUTOR,6,0,0,0,0,AUTOMÓVEL=1|CAMINHONETE=1,SANTA RITA DO PASSA QUATRO,CENTRAL,RIBEIRÃO PRETO,ESTADUAL
2020-09-09,22:31:00,L01-AUTOBAN,SP330,118.7,NORTE,-22.764911785736,-47.245686986589,COLISÃO,COLISÃO-LATERAL,NÃO INFORMADO,0,0,0,0,0,AUTOMÓVEL=1|NÃO INFORMADO=1,NOVA ODESSA,CAMPINAS,RIO CLARO,ESTADUAL
2020-09-09,22:53:00,L01-AUTOBAN,SP330,116.98,SUL,-22.775327297918,-47.235005044611,COLISÃO,COLISÃO-TRASEIRA,NÃO INFORMADO,0,0,0,0,1,AUTOMÓVEL=1|CARRETA=1|MOTO=1,NOVA ODESSA,CAMPINAS,RIO CLARO,ESTADUAL
2020-09-10,02:55:00,L06-INTERVIAS,SP330,237.8,SUL,-21.77436066,-47.5406189,COLISÃO,COLISÃO-TRASEIRA,NÃO INFORMADO,1,0,0,0,1,CAMINHÃO=2,SANTA RITA DO PASSA QUATRO,CENTRAL,RIBEIRÃO PRETO,ESTADUAL
2020-09-10,11:27:00,L01-AUTOBAN,SPM330E,86.3,SUL,-22.980581112049,-47.045187606782,TOMBAMENTO,TOMBAMENTO,NÃO INFORMADO,0,0,1,0,0,CARRETA=1,CAMPINAS,CAMPINAS,CAMPINAS,ESTADUAL
2020-09-10,11:41:00,L29-VIAPAULISTA,SP330,276.0,SUL,-21.45546722,-47.64539719,OBJETO LANÇADO CONTRA O VEÍCULO,OBJETO LANÇADO CONTRA VEÍCULO,PANE MECÂNICA/ELÉTRICA,2,0,0,0,0,CAMINHÃO=2,SÃO SIMÃO,RIBEIRÃO PRETO,RIBEIRÃO PRETO,ESTADUAL
2020-09-10,13:45:00,L01-AUTOBAN,SP330,148.0,SUL,-22.545538,-47.37616,COLISÃO,COLISÃO-TRASEIRA,NÃO INFORMADO,0,0,0,0,0,BITREM/CVC=1|CARRETA=1,LIMEIRA,CAMPINAS,RIO CLARO,ESTADUAL
2020-09-10,14:41:00,L06-INTERVIAS,SP330,175.0,SUL,-22.30970001,-47.39149857,OBJETO LANÇADO CONTRA O VEÍCULO,OBJETO LANÇADO CONTRA VEÍCULO,ROÇADA MECÂNICA/MANUAL,2,0,0,0,0,CAMINHÃO=1,ARARAS,CAMPINAS,RIO CLARO,ESTADUAL
2020-09-10,15:57:00,L01-AUTOBAN,SPM330E,86.5,SUL,-22.979001726881,-47.046123147011,COLISÃO,COLISÃO-TRASEIRA,NÃO INFORMADO,0,0,0,0,0,AUTOMÓVEL=2,CAMPINAS,CAMPINAS,CAMPINAS,ESTADUAL
2020-09-10,19:13:00,L01-AUTOBAN,SPM330E,95.76,SUL,-22.913743144407,-47.099650613031,CHOQUE,CHOQUE-VEÍCULO PARADO NA PISTA,NÃO INFORMADO,0,0,0,1,0,AUTOMÓVEL=1|MOTO=1,CAMPINAS,CAMPINAS,CAMPINAS,ESTADUAL
2020-09-10,21:01:00,L06-INTERVIAS,SP330,168.7,NORTE,-22.36551094,-47.39450073,CHOQUE,CHOQUE-OBJETO NA PISTA,OBJETO NA PISTA,3,0,0,0,0,AUTOMÓVEL=1,ARARAS,CAMPINAS,RIO CLARO,ESTADUAL
2020-09-10,23:30:00,L01-AUTOBAN,SP330,88.9,NORTE,-22.959655326204,-47.05706495663,COLISÃO,COLISÃO-LATERAL,NÃO INFORMADO,0,1,0,0,0,AUTOMÓVEL=2,CAMPINAS,CAMPINAS,CAMPINAS,ESTADUAL
2020-09-11,01:14:00,L01-AUTOBAN,SP330,52.1,SUL,-23.239307889068,-46.869518452827,CHOQUE,CHOQUE-BARREIRA DE CONCRETO,NÃO INFORMADO,0,0,0,0,0,AUTOMÓVEL=1,JUNDIAÍ,CAMPINAS,CAMPINAS,ESTADUAL
2020-09-11,01:19:00,L01-AUTOBAN,SP330,83.36,SUL,-23.002754492644,-47.029903510356,CHOQUE,CHOQUE-ELEMENTO DE DRENAGEM,NÃO INFORMADO,0,1,0,0,0,AUTOMÓVEL=1,VALINHOS,CAMPINAS,CAMPINAS,ESTADUAL
2020-09-11,04:02:00,L28-ENTREVIAS,SPA355/330,5.814,LESTE,-20.7806456547,-47.8460155961,TOMBAMENTO,TOMBAMENTO-VEÍCULOS PESADOS,IMPRUD. CONDUTOR-EXCESSO DE VELOCIDADE,0,1,0,0,0,CAMINHÃO=1,SALES OLIVEIRA,FRANCA,RIBEIRÃO PRETO,ESTADUAL
2020-09-11,05:43:00,L01-AUTOBAN,SPM330D,104.0,NORTE,-22.856805,-47.148633,CHOQUE,CHOQUE-VEÍCULO PARADO NA PISTA,NÃO INFORMADO,0,1,0,0,0,AUTOMÓVEL=1|UTILITÁRIO=2,CAMPINAS,CAMPINAS,CAMPINAS,ESTADUAL
2020-09-11,06:56:00,L28-ENTREVIAS,SPA327/330,0.9,OESTE,-21.0475210479,-47.8197263769,CHOQUE,CHOQUE-OUTROS,IMPRUD. CONDUTOR-PERDA DE CONTROLE,0,1,0,0,0,AUTOMÓVEL=1,JARDINÓPOLIS,RIBEIRÃO PRETO,RIBEIRÃO PRETO,ESTADUAL
2020-09-11,10:44:00,L01-AUTOBAN,SP330,53.7,SUL,-23.225572491212,-46.8762325679,COLISÃO,COLISÃO-TRASEIRA,NÃO INFORMADO,0,0,0,0,0,CAMINHÃO=2,JUNDIAÍ,CAMPINAS,CAMPINAS,ESTADUAL
2020-09-11,12:53:00,L06-INTERVIAS,SP330,209.0,NORTE,-22.00930023,-47.44179916,COLISÃO,COLISÃO-LATERAL,IMPRUD. CONDUTOR-LEVOU FECHADA,3,0,0,0,0,AUTOMÓVEL=1|CAMINHÃO=1,PIRASSUNUNGA,CAMPINAS,RIO CLARO,ESTADUAL
2020-09-11,15:37:00,L01-AUTOBAN,SP330,131.46,NORTE,-22.675119766832,-47.311909907967,COLISÃO,COLISÃO-LATERAL,NÃO INFORMADO,0,0,0,0,0,CAMINHÃO=1|CARRETA=1,LIMEIRA,CAMPINAS,RIO CLARO,ESTADUAL
2020-09-11,15:51:00,L01-AUTOBAN,SPI102/330,6.8,NORTE,-22.920929277647,-47.132266033481,COLISÃO,COLISÃO-LATERAL,NÃO INFORMADO,0,0,0,0,0,CARRETA=1|NÃO INFORMADO=1,CAMPINAS,CAMPINAS,CAMPINAS,ESTADUAL
2020-09-11,17:15:00,L01-AUTOBAN,SP330,153.1,SUL,-22.504780781045,-47.39927351704,COLISÃO,COLISÃO-TRASEIRA,NÃO INFORMADO,0,1,0,0,0,AUTOMÓVEL=1|CAMINHÃO=1,CORDEIRÓPOLIS,CAMPINAS,RIO CLARO,ESTADUAL
2020-09-11,18:03:00,L01-AUTOBAN,SP330,21.0,NORTE,-23.460712061888,-46.781405210495,COLISÃO,COLISÃO-TRASEIRA,NÃO INFORMADO,1,0,0,0,0,AUTOMÓVEL=2,SÃO PAULO,REG. METROPOLITANA SÃO PAULO,SÃO PAULO,ESTADUAL
2020-09-11,18:10:00,L01-AUTOBAN,SP330,63.2,SUL,-23.159429875486,-46.932666781413,ENGAVETAMENTO,ENGAVETAMENTO,NÃO INFORMADO,0,1,0,0,0,AUTOMÓVEL=2|CARRETA=1,JUNDIAÍ,CAMPINAS,CAMPINAS,ESTADUAL
2020-09-11,21:23:00,L06-INTERVIAS,SP330,181.76,NORTE,-22.24896049,-47.38998032,CHOQUE,CHOQUE-VEÍCULO PARADO NA PISTA,IMPRUD. CONDUTOR,4,0,0,0,0,AUTOMÓVEL=2,LEME,CAMPINAS,RIO CLARO,ESTADUAL
2020-09-11,21:31:00,L01-AUTOBAN,SP330,148.0,NORTE,-22.545053,-47.37612,CHOQUE,CHOQUE-DEFENSA METÁLICA,NÃO INFORMADO,0,1,0,0,0,AUTOMÓVEL=1,LIMEIRA,CAMPINAS,RIO CLARO,ESTADUAL
2020-09-11,21:43:00,L01-AUTOBAN,SPM330E,101.5,SUL,-22.871222222882,-47.128653084053,TOMBAMENTO,TOMBAMENTO-MOTO,NÃO INFORMADO,0,1,0,0,0,MOTO=1,CAMPINAS,CAMPINAS,CAMPINAS,ESTADUAL
2020-09-11,22:44:00,L01-AUTOBAN,SP330,22.1,NORTE,-23.452154207648,-46.786529839188,COLISÃO,COLISÃO-TRASEIRA,NÃO INFORMADO,0,1,0,0,0,BITREM/CVC=1|MOTO=1|UTILITÁRIO=1,SÃO PAULO,REG. METROPOLITANA SÃO PAULO,SÃO PAULO,ESTADUAL
2020-09-12,00:27:00,L29-VIAPAULISTA,SP330,311.6,NORTE,-21.16892242,-47.75630569,CHOQUE,"CHOQUE - DEFENSA, BARREIRA OU ""SUBMARINO""",IMPRUD. CONDUTOR,1,0,0,0,0,AUTOMÓVEL=1,RIBEIRÃO PRETO,RIBEIRÃO PRETO,RIBEIRÃO PRETO,ESTADUAL
2020-09-12,01:30:00,L01-AUTOBAN,SP330,100.84,SUL,-22.875119871298,-47.123758910311,CHOQUE,CHOQUE-VEÍCULO PARADO NA PISTA,NÃO INFORMADO,0,1,0,0,0,AUTOMÓVEL=1|CAMINHÃO=1,CAMPINAS,CAMPINAS,CAMPINAS,ESTADUAL
2020-09-12,01:31:00,L01-AUTOBAN,SP330,112.48,NORTE,-22.810493920072,-47.212508750863,CHOQUE,CHOQUE-SINALIZAÇÃO,NÃO INFORMADO,0,1,0,0,0,MOTO=1,SUMARÉ,CAMPINAS,CAMPINAS,ESTADUAL
2020-09-12,05:48:00,L29-VIAPAULISTA,SP330,314.0,SUL,-21.14836884,-47.75846481,CHOQUE,CHOQUE-ELEMENTO DE DRENAGEM,IMPRUD. CONDUTOR-DORMIR AO VOLANTE,1,0,0,0,0,AUTOMÓVEL=1,RIBEIRÃO PRETO,RIBEIRÃO PRETO,RIBEIRÃO PRETO,ESTADUAL
2020-09-12,06:00:00,L01-AUTOBAN,SP330,145.44,SUL,-22.565608550772,-47.36637010632,CHOQUE,CHOQUE-BARREIRA DE CONCRETO,NÃO INFORMADO,0,0,0,0,0,UTILITÁRIO=1,LIMEIRA,CAMPINAS,RIO CLARO,ESTADUAL
2020-09-12,06:31:00,L01-AUTOBAN,SPM330E,105.38,SUL,-22.850070786427,-47.159635499384,COLISÃO,COLISÃO-TRANSVERSAL,NÃO INFORMADO,0,0,0,0,0,AUTOMÓVEL=2,CAMPINAS,CAMPINAS,CAMPINAS,ESTADUAL
2020-09-12,10:55:00,L29-VIAPAULISTA,SP330,311.8,NORTE,-21.16711998,-47.75621414,CHOQUE,"CHOQUE - DEFENSA, BARREIRA OU ""SUBMARINO""",IMPRUD. CONDUTOR-LEVOU FECHADA,1,0,0,0,0,AUTOMÓVEL=1,RIBEIRÃO PRETO,RIBEIRÃO PRETO,RIBEIRÃO PRETO,ESTADUAL
2020-09-12,11:19:00,L29-VIAPAULISTA,SP330,311.8,NORTE,-21.16711998,-47.75621414,ENGAVETAMENTO,ENGAVETAMENTO,IMPRUD. CONDUTOR,3,0,0,0,0,AUTOMÓVEL=3,RIBEIRÃO PRETO,RIBEIRÃO PRETO,RIBEIRÃO PRETO,ESTADUAL
2020-09-12,12:15:00,L28-ENTREVIAS,SP330,361.0,NORTE,-20.7548470506,-47.8926194631,COLISÃO,COLISÃO-TRASEIRA,FUMAÇA,2,1,0,0,0,AUTOMÓVEL=1|CAMINHÃO=1,ORLÂNDIA,FRANCA,RIBEIRÃO PRETO,ESTADUAL
2020-09-12,12:23:00,L28-ENTREVIAS,SP330,362.0,NORTE,-20.7453112118,-47.8933138779,ENGAVETAMENTO,ENGAVETAMENTO,FUMAÇA,2,1,0,0,0,AUTOMÓVEL=3,ORLÂNDIA,FRANCA,RIBEIRÃO PRETO,ESTADUAL
2020-09-12,17:04:00,L01-AUTOBAN,SP330,85.52,SUL,-22.986221516621,-47.041464241015,CHOQUE,CHOQUE-BARREIRA DE CONCRETO,NÃO INFORMADO,0,1,0,0,0,AUTOMÓVEL=1,VALINHOS,CAMPINAS,CAMPINAS,ESTADUAL
2020-09-12,19:47:00,L01-AUTOBAN,SP330,136.4,SUL,-22.635376527077,-47.332795483104,CAPOTAMENTO,CAPOTAMENTO,NÃO INFORMADO,2,0,0,0,0,AUTOMÓVEL=2,LIMEIRA,CAMPINAS,RIO CLARO,ESTADUAL
2020-09-12,20:02:00,L01-AUTOBAN,SP330,66.0,SUL,-23.137449590582,-46.944070458412,COLISÃO,COLISÃO-LATERAL,NÃO INFORMADO,1,1,1,0,0,AUTOMÓVEL=3|UTILITÁRIO=1,JUNDIAÍ,CAMPINAS,CAMPINAS,ESTADUAL
2020-09-12,20:55:00,L06-INTERVIAS,SP330,187.9,SUL,-22.19399071,-47.39743042,CHOQUE,"CHOQUE - DEFENSA, BARREIRA OU ""SUBMARINO""",IMPRUD. CONDUTOR,2,0,0,0,0,AUTOMÓVEL=2,LEME,CAMPINAS,RIO CLARO,ESTADUAL
2020-09-12,21:28:00,L01-AUTOBAN,SPM330D,95.3,NORTE,-22.917222720982,-47.096240244964,TOMBAMENTO,TOMBAMENTO,NÃO INFORMADO,0,1,0,0,0,MOTO=1,CAMPINAS,CAMPINAS,CAMPINAS,ESTADUAL
2020-09-12,22:12:00,L01-AUTOBAN,SP330,27.6,SUL,-23.41311483565,-46.808094266222,ENGAVETAMENTO,ENGAVETAMENTO,NÃO INFORMADO,0,0,0,0,0,AUTOMÓVEL=3|UTILITÁRIO=1,SÃO PAULO,REG. METROPOLITANA SÃO PAULO,SÃO PAULO,ESTADUAL
2020-09-13,00:03:00,L06-INTERVIAS,SP330,187.0,SUL,-22.20199966,-47.39590073,COLISÃO,COLISÃO-TRASEIRA,IMPRUDÊNCIA,2,1,0,0,0,AUTOMÓVEL=2,LEME,CAMPINAS,RIO CLARO,ESTADUAL
2020-09-13,01:29:00,L01-AUTOBAN,SP330,109.19,NORTE,-22.82648075316,-47.185510918644,CAPOTAMENTO,CAPOTAMENTO,NÃO INFORMADO,0,2,0,1,0,AUTOMÓVEL=1|VAN/PERUA=1,SUMARÉ,CAMPINAS,CAMPINAS,ESTADUAL
2020-09-13,05:57:00,L01-AUTOBAN,SP330,86.0,SUL,-22.982950250049,-47.04378426075,TOMBAMENTO,TOMBAMENTO-MOTO,NÃO INFORMADO,0,2,0,0,0,MOTO=1,VALINHOS,CAMPINAS,CAMPINAS,ESTADUAL
2020-09-13,11:01:00,L28-ENTREVIAS,SP330,391.7,SUL,-20.4965581591,-47.8432632306,CAPOTAMENTO,CAPOTAMENTO,IMPRUD. CONDUTOR-FALTA DE ATENÇÃO,1,0,0,0,0,AUTOMÓVEL=1,GUARÁ,FRANCA,RIBEIRÃO PRETO,ESTADUAL
2020-09-13,12:05:00,L01-AUTOBAN,SP330,25.5,NORTE,-23.423316814287,-46.791053063961,TOMBAMENTO,TOMBAMENTO-MOTO,NÃO INFORMADO,0,0,1,0,0,MOTO=1,SÃO PAULO,REG. METROPOLITANA SÃO PAULO,SÃO PAULO,ESTADUAL
2020-09-13,15:00:00,L01-AUTOBAN,SP330,132.0,SUL,-22.670828064213,-47.31360912323,CHOQUE,CHOQUE-TALUDE OU BARRANCO,NÃO INFORMADO,0,0,0,0,0,AUTOMÓVEL=1,LIMEIRA,CAMPINAS,RIO CLARO,ESTADUAL
2020-09-14,01:58:00,L01-AUTOBAN,SP330,48.8,NORTE,-23.267277509886,-46.86792576478,COLISÃO,COLISÃO-LATERAL,NÃO INFORMADO,0,0,0,0,0,AUTOMÓVEL=1|UTILITÁRIO=1,JUNDIAÍ,CAMPINAS,CAMPINAS,ESTADUAL
2020-09-14,06:47:00,L01-AUTOBAN,SPM330E,92.0,SUL,-22.935126302733,-47.071105241776,TOMBAMENTO,TOMBAMENTO,NÃO INFORMADO,0,1,0,0,0,MOTO=1,CAMPINAS,CAMPINAS,CAMPINAS,ESTADUAL
2020-09-14,08:14:00,L01-AUTOBAN,SP330,61.0,NORTE,-23.175294620401,-46.918331980705,COLISÃO,COLISÃO-TRASEIRA,NÃO INFORMADO,0,1,0,0,0,AUTOMÓVEL=2,JUNDIAÍ,CAMPINAS,CAMPINAS,ESTADUAL
2020-09-14,11:10:00,L01-AUTOBAN,SP330,140.6,NORTE,-22.60742092,-47.35972595,CHOQUE,CHOQUE-TALUDE OU BARRANCO,NÃO INFORMADO,0,3,0,0,0,AUTOMÓVEL=1|UTILITÁRIO=2,LIMEIRA,CAMPINAS,RIO CLARO,ESTADUAL
2020-09-14,13:04:00,L01-AUTOBAN,SPM330E,97.4,SUL,-22.901125489817,-47.109088544817,COLISÃO,COLISÃO-LATERAL,NÃO INFORMADO,0,1,0,0,0,AUTOMÓVEL=1|CARRETA=1,CAMPINAS,CAMPINAS,CAMPINAS,ESTADUAL
2020-09-14,13:34:00,L01-AUTOBAN,SP330,132.25,NORTE,-22.668666737774,-47.314665676746,CHOQUE,CHOQUE-SINALIZAÇÃO,NÃO INFORMADO,0,0,1,0,0,AUTOMÓVEL=1,LIMEIRA,CAMPINAS,RIO CLARO,ESTADUAL
2020-09-14,14:25:00,L01-AUTOBAN,SPM330E,112.7,SUL,-22.809249240073,-47.214290120319,COLISÃO,COLISÃO-TRASEIRA,NÃO INFORMADO,0,1,0,0,0,AUTOMÓVEL=1|MOTO=1,SUMARÉ,CAMPINAS,CAMPINAS,ESTADUAL
2020-09-14,17:38:00,L01-AUTOBAN,SP330,96.4,NORTE,-22.908501107011,-47.103961239081,ENGAVETAMENTO,ENGAVETAMENTO,NÃO INFORMADO,0,0,0,0,0,AUTOMÓVEL=3,CAMPINAS,CAMPINAS,CAMPINAS,ESTADUAL
2020-09-14,18:11:00,L01-AUTOBAN,SP330,35.0,SUL,-23.369188,-46.845327,COLISÃO,COLISÃO-LATERAL,NÃO INFORMADO,0,0,0,0,0,AUTOMÓVEL=1|CAMINHÃO=1,CAJAMAR,REG. METROPOLITANA SÃO PAULO,SÃO PAULO,ESTADUAL
2020-09-14,18:40:00,L28-ENTREVIAS,SP330,327.2,NORTE,-21.0446766984,-47.8280218176,CHOQUE,CHOQUE-SINALIZAÇÃO,IMPRUD. CONDUTOR-LEVOU FECHADA,1,0,0,0,0,CAMIONETA / UTILITÁRIO=1,JARDINÓPOLIS,RIBEIRÃO PRETO,RIBEIRÃO PRETO,ESTADUAL
2020-09-14,18:59:00,L29-VIAPAULISTA,SP330,309.0,SUL,-21.19260025,-47.75767899,COLISÃO,COLISÃO-TRASEIRA,IMPRUD. CONDUTOR,3,0,0,0,0,AUTOMÓVEL=3,RIBEIRÃO PRETO,RIBEIRÃO PRETO,RIBEIRÃO PRETO,ESTADUAL
2020-09-14,19:28:00,L29-VIAPAULISTA,SP330,279.6,SUL,-21.42481804,-47.65656662,COLISÃO,COLISÃO-TRASEIRA,IMPRUD. CONDUTOR,2,0,0,0,0,CAMINHONETE=1|CAMINHÃO=1,SÃO SIMÃO,RIBEIRÃO PRETO,RIBEIRÃO PRETO,ESTADUAL
2020-09-14,21:26:00,L06-INTERVIAS,SP330,239.0,SUL,-21.76740074,-47.54949951,CHOQUE,CHOQUE-OBJETO NA PISTA,OBJETO NA PISTA,1,0,0,0,0,CAMINHÃO=1,SANTA RITA DO PASSA QUATRO,CENTRAL,RIBEIRÃO PRETO,ESTADUAL
2020-09-15,00:45:00,L06-INTERVIAS,SP330,166.0,SUL,-22.38969994,-47.39400101,CHOQUE,"CHOQUE - DEFENSA, BARREIRA",VEÍCULO PARADO NA FAIXA,1,0,0,0,0,CAMINHÃO=1,ARARAS,CAMPINAS,RIO CLARO,ESTADUAL
2020-09-15,02:50:00,L28-ENTREVIAS,SP330,425.99,NORTE,-20.2017868303,-47.7861606136,CHOQUE,CHOQUE-OBJETO NA PISTA,OBJETO NA PISTA,1,0,0,0,0,CAMIONETA / UTILITÁRIO=1,BURITIZAL,FRANCA,RIBEIRÃO PRETO,ESTADUAL
2020-09-15,06:13:00,L01-AUTOBAN,SPM330E,89.9,SUL,-22.951824092798,-47.06172180865,TOMBAMENTO,TOMBAMENTO,NÃO INFORMADO,0,1,0,0,0,UTILITÁRIO=1,CAMPINAS,CAMPINAS,CAMPINAS,ESTADUAL
2020-09-15,07:34:00,L06-INTERVIAS,SP330,164.0,SUL,-22.40640068,-47.38999939,OBJETO LANÇADO CONTRA O VEÍCULO,OBJETO LANÇADO CONTRA VEÍCULO,OBJETO LANÇADO,0,0,0,0,0,AUTOMÓVEL=2,ARARAS,CAMPINAS,RIO CLARO,ESTADUAL
2020-09-15,07:52:00,L01-AUTOBAN,SP330,101.24,SUL,-22.872713191031,-47.126690111632,ENGAVETAMENTO,ENGAVETAMENTO,NÃO INFORMADO,0,0,0,0,0,AUTOMÓVEL=2|UTILITÁRIO=1,CAMPINAS,CAMPINAS,CAMPINAS,ESTADUAL
2020-09-15,08:53:00,L01-AUTOBAN,SP330,26.0,SUL,-23.42090534696,-46.794376373291,TOMBAMENTO,TOMBAMENTO,NÃO INFORMADO,0,1,0,0,0,MOTO=1,SÃO PAULO,REG. METROPOLITANA SÃO PAULO,SÃO PAULO,ESTADUAL
2020-09-15,09:17:00,L01-AUTOBAN,SPM330E,110.54,SUL,-22.820360808574,-47.197493192075,COLISÃO,COLISÃO-LATERAL,NÃO INFORMADO,0,0,0,0,0,AUTOMÓVEL=1|CARRETA=1,SUMARÉ,CAMPINAS,CAMPINAS,ESTADUAL
2020-09-15,11:09:00,L06-INTERVIAS,SP330,193.0,SUL,-22.14859962,-47.40259933,OBJETO LANÇADO CONTRA O VEÍCULO,OBJETO LANÇADO CONTRA VEÍCULO,OBJETO LANÇADO,1,0,0,0,0,AUTOMÓVEL=1,LEME,CAMPINAS,RIO CLARO,ESTADUAL
2020-09-15,11:13:00,L28-ENTREVIAS,SP330,345.0,SUL,-20.8970627291,-47.8935056885,CHOQUE,CHOQUE-OBJETO NA PISTA,OBJETO NA PISTA,1,0,0,0,0,CAMINHÃO=1,SALES OLIVEIRA,FRANCA,RIBEIRÃO PRETO,ESTADUAL
2020-09-15,11:39:00,L01-AUTOBAN,SP330,100.96,SUL,-22.874347052147,-47.124598353657,COLISÃO,COLISÃO-LATERAL,NÃO INFORMADO,0,2,0,0,0,AUTOMÓVEL=1|CAMINHÃO=1,CAMPINAS,CAMPINAS,CAMPINAS,ESTADUAL
2020-09-15,12:53:00,L01-AUTOBAN,SP330,98.0,SUL,-22.896245165998,-47.110952138901,COLISÃO,COLISÃO-LATERAL,NÃO INFORMADO,0,0,0,0,0,CAMINHÃO=1|VAN/PERUA=1,CAMPINAS,CAMPINAS,CAMPINAS,ESTADUAL
2020-09-15,14:29:00,L06-INTERVIAS,SP330,162.7,NORTE,-22.41891098,-47.39094925,TOMBAMENTO,TOMBAMENTO,NÃO INFORMADO,0,1,0,0,0,MOTO=1,ARARAS,CAMPINAS,RIO CLARO,ESTADUAL
2020-09-15,14:45:00,L01-AUTOBAN,SPM330D,97.4,NORTE,-22.900796378912,-47.108978037568,COLISÃO,COLISÃO-TRASEIRA,NÃO INFORMADO,0,0,0,0,0,AUTOMÓVEL=1|NÃO INFORMADO=1,CAMPINAS,CAMPINAS,CAMPINAS,ESTADUAL
2020-09-15,15:44:00,L01-AUTOBAN,SP330,153.0,NORTE,-22.505490050774,-47.398930191994,TOMBAMENTO,TOMBAMENTO,NÃO INFORMADO,0,0,0,0,0,CAMINHÃO=1,CORDEIRÓPOLIS,CAMPINAS,RIO CLARO,ESTADUAL
2020-09-15,16:31:00,L06-INTERVIAS,SP330,182.2,SUL,-22.24508095,-47.39110184,COLISÃO,COLISÃO-TRASEIRA,NÃO INFORMADO,2,0,0,1,0,CAMINHÃO=2,LEME,CAMPINAS,RIO CLARO,ESTADUAL
2020-09-15,17:03:00,L01-AUTOBAN,SP330,39.6,NORTE,-23.331913097599,-46.83784639476,COLISÃO,COLISÃO-LATERAL,NÃO INFORMADO,0,1,1,0,0,BITREM/CVC=1|MOTO=1,CAJAMAR,REG. METROPOLITANA SÃO PAULO,SÃO PAULO,ESTADUAL
2020-09-15,17:11:00,L01-AUTOBAN,SPM330D,13.84,NORTE,-23.507189119869,-46.748218281395,CHOQUE,CHOQUE-BARREIRA DE CONCRETO,NÃO INFORMADO,0,1,0,0,0,AUTOMÓVEL=1,SÃO PAULO,REG. METROPOLITANA SÃO PAULO,SÃO PAULO,ESTADUAL
2020-09-15,19:24:00,L01-AUTOBAN,SP330,25.0,SUL,-23.42658,-46.787612,COLISÃO,COLISÃO-TRASEIRA,NÃO INFORMADO,0,0,0,0,0,AUTOMÓVEL=1|CARRETA=1,SÃO PAULO,REG. METROPOLITANA SÃO PAULO,SÃO PAULO,ESTADUAL
2020-09-15,22:32:00,L01-AUTOBAN,SPM330D,17.3,NORTE,-23.487954588572,-46.7680156199,TOMBAMENTO,TOMBAMENTO-MOTO,NÃO INFORMADO,0,1,0,0,0,MOTO=1,OSASCO,REG. METROPOLITANA SÃO PAULO,SÃO PAULO,ESTADUAL
2020-09-16,04:26:00,L06-INTERVIAS,SP330,181.0,SUL,-22.25580025,-47.38999939,COLISÃO,COLISÃO-TRASEIRA,IMPRUD. CONDUTOR,2,1,0,0,0,AUTOMÓVEL=1|CAMINHÃO=1,ARARAS,CAMPINAS,RIO CLARO,ESTADUAL
2020-09-16,04:34:00,L01-AUTOBAN,SPM330E,103.7,SUL,-22.858710761818,-47.145961051468,ATROPELAMENTO DE PEDESTRE,ATROP. PEDESTRE-USUÁRIO,NÃO INFORMADO,0,1,1,0,0,MOTO=1|NÃO SE APLICA=1,CAMPINAS,CAMPINAS,CAMPINAS,ESTADUAL
2020-09-16,04:48:00,L01-AUTOBAN,SP330,32.8,SUL,-23.392217745026,-46.835804205566,CHOQUE,CHOQUE-TALUDE OU BARRANCO,NÃO INFORMADO,0,0,0,0,0,ÔNIBUS=1,CAJAMAR,REG. METROPOLITANA SÃO PAULO,SÃO PAULO,ESTADUAL
2020-09-16,08:24:00,L01-AUTOBAN,SP330,92.5,SUL,-22.932495651367,-47.075100620888,TOMBAMENTO,TOMBAMENTO-MOTO,NÃO INFORMADO,1,1,0,0,0,MOTO=5,CAMPINAS,CAMPINAS,CAMPINAS,ESTADUAL
2020-09-16,08:35:00,L28-ENTREVIAS,SP330,402.0,NORTE,-20.3997943205,-47.8207562576,CHOQUE,CHOQUE-OBJETO NA PISTA,OBJETO NA PISTA,1,0,0,0,0,AUTOMÓVEL=1,GUARÁ,FRANCA,RIBEIRÃO PRETO,ESTADUAL
2020-09-16,09:37:00,L01-AUTOBAN,SP330,92.0,SUL,-22.935126302733,-47.071105241776,TOMBAMENTO,TOMBAMENTO-MOTO,NÃO INFORMADO,0,1,0,0,0,MOTO=2,CAMPINAS,CAMPINAS,CAMPINAS,ESTADUAL
2020-09-16,12:18:00,L01-AUTOBAN,SPM330E,14.5,SUL,-23.503551847267,-46.752364933491,COLISÃO,COLISÃO-TRASEIRA,NÃO INFORMADO,0,1,0,0,0,AUTOMÓVEL=1|MOTO=1,SÃO PAULO,REG. METROPOLITANA SÃO PAULO,SÃO PAULO,ESTADUAL
2020-09-16,12:50:00,L01-AUTOBAN,SP330,137.18,SUL,-22.629718281061,-47.337852491073,TOMBAMENTO,TOMBAMENTO-MOTO,NÃO INFORMADO,0,0,0,0,0,MOTO=1,LIMEIRA,CAMPINAS,RIO CLARO,ESTADUAL
2020-09-16,13:15:00,L01-AUTOBAN,SP330,104.0,NORTE,-22.856805,-47.148633,COLISÃO,COLISÃO-TRASEIRA,NÃO INFORMADO,0,1,0,0,0,BITREM/CVC=1|UTILITÁRIO=1,CAMPINAS,CAMPINAS,CAMPINAS,ESTADUAL
2020-09-16,13:54:00,L01-AUTOBAN,SP330,103.5,NORTE,-22.859501054404,-47.143938539795,TOMBAMENTO,TOMBAMENTO-MOTO,NÃO INFORMADO,0,0,1,0,0,MOTO=1,CAMPINAS,CAMPINAS,CAMPINAS,ESTADUAL
2020-09-16,18:00:00,L29-VIAPAULISTA,SP330,313.0,SUL,-21.15711975,-47.75663376,COLISÃO,COLISÃO-TRASEIRA,IMPRUD. CONDUTOR-DIST. INADEQUADA ENTRE VEÍC.,2,0,0,0,0,AUTOMÓVEL=1|CAMINHONETE=1,RIBEIRÃO PRETO,RIBEIRÃO PRETO,RIBEIRÃO PRETO,ESTADUAL
2020-09-16,19:31:00,L01-AUTOBAN,SPM330D,100.4,NORTE,-22.877724113446,-47.120447169741,COLISÃO,COLISÃO-TRASEIRA,NÃO INFORMADO,0,0,0,0,0,AUTOMÓVEL=2,CAMPINAS,CAMPINAS,CAMPINAS,ESTADUAL
2020-09-16,19:40:00,L29-VIAPAULISTA,SP330,308.3,SUL,-21.19900513,-47.75801468,COLISÃO,COLISÃO-TRASEIRA,IMPRUD. CONDUTOR-DIST. INADEQUADA ENTRE VEÍC.,5,0,0,0,0,AUTOMÓVEL=2,RIBEIRÃO PRETO,RIBEIRÃO PRETO,RIBEIRÃO PRETO,ESTADUAL
2020-09-16,21:27:00,L06-INTERVIAS,SP330,184.6,SUL,-22.22336006,-47.39213943,ATROPELAMENTO DE PEDESTRE,ATROP. PEDESTRE-ANDARILHO,IMPRUD. PEDESTRE-USUÁRIO,5,1,0,0,1,CAMINHONETE=2|MOTO=1|NÃO SE APLICA=1,LEME,CAMPINAS,RIO CLARO,ESTADUAL
2020-09-17,02:25:00,L28-ENTREVIAS,SP330,327.561,NORTE,-21.0446766984,-47.8280218176,COLISÃO,COLISÃO-TRASEIRA,IMPRUD. CONDUTOR-FALTA DE ATENÇÃO,0,0,2,0,0,AUTOMÓVEL=1|NÃO INFORMADO=1,JARDINÓPOLIS,RIBEIRÃO PRETO,RIBEIRÃO PRETO,ESTADUAL
2020-09-17,04:43:00,L01-AUTOBAN,SPM330D,110.44,NORTE,-22.820487775521,-47.196552179994,COLISÃO,COLISÃO-LATERAL,NÃO INFORMADO,0,1,0,0,0,AUTOMÓVEL=1|NÃO INFORMADO=1,SUMARÉ,CAMPINAS,CAMPINAS,ESTADUAL
2020-09-17,06:46:00,L29-VIAPAULISTA,SP330,245.5,NORTE,-21.7225914,-47.58778,CHOQUE,"CHOQUE - DEFENSA, BARREIRA OU ""SUBMARINO""",IMPRUD. CONDUTOR-LEVOU FECHADA,0,0,0,0,0,CAMINHÃO=1,SANTA RITA DO PASSA QUATRO,CENTRAL,RIBEIRÃO PRETO,ESTADUAL
2020-09-17,13:02:00,L01-AUTOBAN,SP330,104.0,SUL,-22.857076064557,-47.148749828339,COLISÃO,COLISÃO-LATERAL,NÃO INFORMADO,0,0,0,0,0,AUTOMÓVEL=1|NÃO INFORMADO=1,CAMPINAS,CAMPINAS,CAMPINAS,ESTADUAL
2020-09-17,14:26:00,L28-ENTREVIAS,SP330,412.6,SUL,-20.3138672394,-47.8019642175,CAPOTAMENTO,CAPOTAMENTO,IMPRUD. CONDUTOR-PERDA DE CONTROLE,1,1,0,0,0,AUTOMÓVEL=1,ITUVERAVA,FRANCA,RIBEIRÃO PRETO,ESTADUAL
2020-09-17,14:46:00,L29-VIAPAULISTA,SP330,272.16,NORTE,-21.48882484,-47.64103699,TOMBAMENTO,TOMBAMENTO,IMPRUD. CONDUTOR-PERDA DE CONTROLE,0,1,0,0,0,CAMINHÃO=1,SÃO SIMÃO,RIBEIRÃO PRETO,RIBEIRÃO PRETO,ESTADUAL
2020-09-17,15:49:00,L01-AUTOBAN,SP330,103.1,NORTE,-22.861657906155,-47.140182957305,TOMBAMENTO,TOMBAMENTO-MOTO,NÃO INFORMADO,0,1,0,0,0,MOTO=1,CAMPINAS,CAMPINAS,CAMPINAS,ESTADUAL
2020-09-17,18:50:00,L28-ENTREVIAS,SP330,427.2,NORTE,-20.18343276,-47.786214836,ATROPELAMENTO DE PEDESTRE,ATROP. PEDESTRE-ANDARILHO,IMPRUD. PEDESTRE-ANDARILHO,1,0,0,0,1,AUTOMÓVEL=1,ARAMINA,FRANCA,RIBEIRÃO PRETO,ESTADUAL
2020-09-17,19:36:00,L29-VIAPAULISTA,SP330,242.4,NORTE,-21.74691582,-47.57394409,CHOQUE,CHOQUE-TALUDE OU BARRANCO,IMPRUD. CONDUTOR,0,2,0,0,0,AUTOMÓVEL=1,SANTA RITA DO PASSA QUATRO,CENTRAL,RIBEIRÃO PRETO,ESTADUAL
2020-09-17,20:00:00,L28-ENTREVIAS,SP330,366.8,NORTE,-20.7073629807,-47.8923631854,COLISÃO,COLISÃO-TRASEIRA,IMPRUD. CONDUTOR-DIST. INADEQUADA ENTRE VEÍC.,1,0,0,1,0,AUTOMÓVEL=1|CAMINHÃO=1,ORLÂNDIA,FRANCA,RIBEIRÃO PRETO,ESTADUAL
2020-09-17,22:20:00,L01-AUTOBAN,SP330,150.7,NORTE,-22.524463622803,-47.39028318454,COLISÃO,COLISÃO-LATERAL,NÃO INFORMADO,0,0,0,0,0,AUTOMÓVEL=1|CARRETA=1,LIMEIRA,CAMPINAS,RIO CLARO,ESTADUAL
2020-09-17,23:24:00,L29-VIAPAULISTA,SP330,296.9,NORTE,-21.29835892,-47.74319839,CAPOTAMENTO,CAPOTAMENTO,IMPRUD. CONDUTOR-LEVOU FECHADA,5,0,0,0,0,CAMINHONETE=1|NÃO INFORMADO=1,CRAVINHOS,RIBEIRÃO PRETO,RIBEIRÃO PRETO,ESTADUAL
2020-09-18,04:58:00,L01-AUTOBAN,SPI102/330,2.4,SUL,-22.884990271136,-47.132007479911,ATROPELAMENTO DE ANIMAL,ATROP. ANIMAL,NÃO INFORMADO,0,0,0,0,0,CARRETA=1,CAMPINAS,CAMPINAS,CAMPINAS,ESTADUAL
2020-09-18,05:58:00,L06-INTERVIAS,SP330,183.0,SUL,-22.2378006,-47.39110184,CHOQUE,CHOQUE-OBJETO NA PISTA,OBJETO NA PISTA,0,0,0,0,0,CAMINHÃO=2,LEME,CAMPINAS,RIO CLARO,ESTADUAL
2020-09-18,07:19:00,L01-AUTOBAN,SP330,117.13,SUL,-22.774363658939,-47.235931730798,TOMBAMENTO,TOMBAMENTO-MOTO,NÃO INFORMADO,0,1,0,0,0,MOTO=1,NOVA ODESSA,CAMPINAS,RIO CLARO,ESTADUAL
2020-09-18,07:20:00,L01-AUTOBAN,SPM330D,58.3,NORTE,-23.194510902903,-46.904566345418,CHOQUE,CHOQUE-DEFENSA METÁLICA,NÃO INFORMADO,0,2,0,0,0,MOTO=1,JUNDIAÍ,CAMPINAS,CAMPINAS,ESTADUAL
2020-09-18,07:25:00,L01-AUTOBAN,SP330,85.4,SUL,-22.987039294267,-47.040884263738,TOMBAMENTO,TOMBAMENTO-MOTO,NÃO INFORMADO,0,1,0,0,0,MOTO=1,VALINHOS,CAMPINAS,CAMPINAS,ESTADUAL
2020-09-18,16:06:00,L28-ENTREVIAS,SP330,381.0,NORTE,-20.5761485002,-47.8731344996,CAPOTAMENTO,CAPOTAMENTO,IMPRUD. CONDUTOR-PERDA DE CONTROLE,0,0,1,0,0,AUTOMÓVEL=1,SÃO JOAQUIM DA BARRA,FRANCA,RIBEIRÃO PRETO,ESTADUAL
2020-09-18,16:41:00,L06-INTERVIAS,SP330,210.5,NORTE,-21.98340034,-47.45069885,COLISÃO,COLISÃO-LATERAL,IMPRUD. CONDUTOR,1,0,0,0,0,CAMINHONETE=1|CAMINHÃO=1,PIRASSUNUNGA,CAMPINAS,RIO CLARO,ESTADUAL
2020-09-18,17:35:00,L01-AUTOBAN,SPM330E,16.2,SUL,-23.493413673956,-46.760483986461,COLISÃO,COLISÃO-TRASEIRA,NÃO INFORMADO,0,0,0,0,0,MICRO-ÔNIBUS=1|ÔNIBUS=1,OSASCO,REG. METROPOLITANA SÃO PAULO,SÃO PAULO,ESTADUAL
2020-09-18,17:43:00,L01-AUTOBAN,SP330,82.5,NORTE,-23.009267880571,-47.025319933891,CHOQUE,CHOQUE-MEIO FIO/CALÇAMENTO,NÃO INFORMADO,0,1,0,0,0,MOTO=1,VALINHOS,CAMPINAS,CAMPINAS,ESTADUAL
2020-09-18,18:57:00,L01-AUTOBAN,SP330,21.26,NORTE,-23.458712222478,-46.782727433415,COLISÃO,COLISÃO-TRASEIRA,NÃO INFORMADO,0,1,0,0,0,AUTOMÓVEL=1|MOTO=1,SÃO PAULO,REG. METROPOLITANA SÃO PAULO,SÃO PAULO,ESTADUAL
2020-09-18,19:15:00,L01-AUTOBAN,SP330,124.6,SUL,-22.730793264768,-47.28957866686,CHOQUE,CHOQUE-VEÍCULO PARADO NA PISTA,NÃO INFORMADO,1,0,0,0,0,AUTOMÓVEL=2,AMERICANA,CAMPINAS,RIO CLARO,ESTADUAL
2020-09-18,20:23:00,L29-VIAPAULISTA,SP330,311.5,NORTE,-21.1698246,-47.75634766,TOMBAMENTO,TOMBAMENTO,ESTOURO/FURO DE PNEU,0,2,0,0,0,MOTO=1,RIBEIRÃO PRETO,RIBEIRÃO PRETO,RIBEIRÃO PRETO,ESTADUAL
2020-09-18,20:46:00,L01-AUTOBAN,SPM330D,103.2,NORTE,-22.861118703502,-47.141121835019,COLISÃO,COLISÃO-TRASEIRA,NÃO INFORMADO,0,0,0,0,0,AUTOMÓVEL=1|UTILITÁRIO=1,CAMPINAS,CAMPINAS,CAMPINAS,ESTADUAL
2020-09-18,22:17:00,L29-VIAPAULISTA,SP330,309.35,NORTE,-21.18919373,-47.75736618,COLISÃO,COLISÃO-LATERAL,IMPRUD. CONDUTOR,1,0,0,0,1,CAMINHÃO=1|MOTO=1,RIBEIRÃO PRETO,RIBEIRÃO PRETO,RIBEIRÃO PRETO,ESTADUAL
2020-09-18,22:48:00,L01-AUTOBAN,SP330,18.14,SUL,-23.481003427406,-46.77137803943,COLISÃO,COLISÃO-TRASEIRA,NÃO INFORMADO,0,0,0,1,0,CAMINHÃO=1|MOTO=1|NÃO INFORMADO=1,OSASCO,REG. METROPOLITANA SÃO PAULO,SÃO PAULO,ESTADUAL
2020-09-19,04:51:00,L06-INTERVIAS,SP330,185.0,NORTE,-22.21969986,-47.39220047,ENGAVETAMENTO,ENGAVETAMENTO,NÃO INFORMADO,6,1,0,0,0,AUTOMÓVEL=2|CAMINHÃO=2,LEME,CAMPINAS,RIO CLARO,ESTADUAL
2020-09-19,08:39:00,L01-AUTOBAN,SP330,73.0,NORTE,-23.082476,-46.977897,CHOQUE,CHOQUE-DEFENSA METÁLICA,NÃO INFORMADO,0,0,0,0,0,AUTOMÓVEL=1,LOUVEIRA,CAMPINAS,CAMPINAS,ESTADUAL
2020-09-19,11:43:00,L29-VIAPAULISTA,SP330,317.5,SUL,-21.12078857,-47.77457428,COLISÃO,COLISÃO-TRASEIRA,OBRAS,1,0,0,0,0,CAMINHONETE=1|NÃO INFORMADO=1,RIBEIRÃO PRETO,RIBEIRÃO PRETO,RIBEIRÃO PRETO,ESTADUAL
2020-09-19,12:29:00,L01-AUTOBAN,SPM330D,116.58,NORTE,-22.778349197503,-47.233076985431,TOMBAMENTO,TOMBAMENTO-MOTO,NÃO INFORMADO,0,1,1,0,0,MOTO=1,NOVA ODESSA,CAMPINAS,RIO CLARO,ESTADUAL
2020-09-19,13:03:00,L01-AUTOBAN,SP330,142.5,NORTE,-22.596090426695,-47.365402317619,COLISÃO,COLISÃO-LATERAL,NÃO INFORMADO,0,0,0,0,0,AUTOMÓVEL=1|UTILITÁRIO=1,LIMEIRA,CAMPINAS,RIO CLARO,ESTADUAL
2020-09-19,14:27:00,L01-AUTOBAN,SP330,119.0,NORTE,-22.763217100847,-47.247782349587,COLISÃO,COLISÃO-FRONTAL,NÃO INFORMADO,0,0,0,0,0,AUTOMÓVEL=2,NOVA ODESSA,CAMPINAS,RIO CLARO,ESTADUAL
2020-09-19,19:21:00,L01-AUTOBAN,SP330,145.4,SUL,-22.565943495139,-47.366360662927,COLISÃO,COLISÃO-LATERAL,NÃO INFORMADO,0,1,0,0,0,MOTO=1|UTILITÁRIO=1,LIMEIRA,CAMPINAS,RIO CLARO,ESTADUAL
2020-09-19,21:33:00,L28-ENTREVIAS,SP330,401.2,NORTE,-20.4109728982,-47.8254814872,COLISÃO,COLISÃO-TRASEIRA,IMPRUD. CONDUTOR-FALTA DE ATENÇÃO,1,0,0,0,1,CAMINHÃO=2,GUARÁ,FRANCA,RIBEIRÃO PRETO,ESTADUAL
2020-09-19,21:47:00,L01-AUTOBAN,SP330,73.0,SUL,-23.082623671372,-46.978075504303,COLISÃO,COLISÃO-LATERAL,NÃO INFORMADO,0,1,0,0,0,AUTOMÓVEL=1|MOTO=1,LOUVEIRA,CAMPINAS,CAMPINAS,ESTADUAL
2020-09-20,05:20:00,L01-AUTOBAN,SP330,92.4,NORTE,-22.932956452654,-47.074419390792,CHOQUE,CHOQUE-BARREIRA DE CONCRETO,NÃO INFORMADO,0,0,0,0,0,AUTOMÓVEL=1,CAMPINAS,CAMPINAS,CAMPINAS,ESTADUAL
2020-09-20,05:45:00,L01-AUTOBAN,SPM330E,96.5,SUL,-22.908087527051,-47.104616761208,TOMBAMENTO,TOMBAMENTO-MOTO,NÃO INFORMADO,0,1,0,0,0,MOTO=1,CAMPINAS,CAMPINAS,CAMPINAS,ESTADUAL
2020-09-20,05:47:00,L28-ENTREVIAS,SP330,365.65,SUL,-20.7163285241,-47.893112868,CHOQUE,CHOQUE-DEFENSA METÁLICA,IMPRUD. CONDUTOR-FALTA DE ATENÇÃO,0,1,2,0,0,AUTOMÓVEL=1,ORLÂNDIA,FRANCA,RIBEIRÃO PRETO,ESTADUAL
2020-09-20,11:41:00,L29-VIAPAULISTA,SP330,315.0,NORTE,-21.13908958,-47.76198959,TOMBAMENTO,TOMBAMENTO,IMPRUD. CONDUTOR,1,0,0,0,0,MOTO=1,RIBEIRÃO PRETO,RIBEIRÃO PRETO,RIBEIRÃO PRETO,ESTADUAL
2020-09-20,11:58:00,L29-VIAPAULISTA,SP330,300.749,NORTE,-21.26611137,-47.75557709,CHOQUE,"CHOQUE - DEFENSA, BARREIRA OU ""SUBMARINO""",IMPRUD. CONDUTOR-PERDA DE CONTROLE,3,0,0,0,0,AUTOMÓVEL=1|CAMINHÃO=1,RIBEIRÃO PRETO,RIBEIRÃO PRETO,RIBEIRÃO PRETO,ESTADUAL
2020-09-20,12:06:00,L29-VIAPAULISTA,SP330,291.0,NORTE,-21.34786987,-47.72402954,CHOQUE,CHOQUE-ELEMENTO DE DRENAGEM,IMPRUD. CONDUTOR-PERDA DE CONTROLE,3,0,0,0,0,AUTOMÓVEL=1,CRAVINHOS,RIBEIRÃO PRETO,RIBEIRÃO PRETO,ESTADUAL
2020-09-20,12:15:00,L29-VIAPAULISTA,SP330,300.4,NORTE,-21.26920319,-47.75584412,ENGAVETAMENTO,ENGAVETAMENTO,ACIDENTE,4,3,0,3,3,AUTOMÓVEL=4|CAMINHÃO=2,RIBEIRÃO PRETO,RIBEIRÃO PRETO,RIBEIRÃO PRETO,ESTADUAL
2020-09-20,13:20:00,L01-AUTOBAN,SP330,41.34,SUL,-23.321413079314,-46.849215746843,CHOQUE,CHOQUE-BARREIRA DE CONCRETO,NÃO INFORMADO,0,2,0,0,0,AUTOMÓVEL=1,CAJAMAR,REG. METROPOLITANA SÃO PAULO,SÃO PAULO,ESTADUAL
2020-09-20,16:29:00,L01-AUTOBAN,SP330,102.7,NORTE,-22.863746725546,-47.137108483048,COLISÃO,COLISÃO-LATERAL,NÃO INFORMADO,0,0,0,0,0,AUTOMÓVEL=1|UTILITÁRIO=1,CAMPINAS,CAMPINAS,CAMPINAS,ESTADUAL
2020-09-20,18:40:00,L28-ENTREVIAS,SP330,373.9,NORTE,-20.6455314029,-47.8805402012,COLISÃO,COLISÃO-LATERAL,IMPRUD. CONDUTOR-FALTA DE ATENÇÃO,2,0,0,0,0,AUTOMÓVEL=2,SÃO JOAQUIM DA BARRA,FRANCA,RIBEIRÃO PRETO,ESTADUAL
2020-09-20,19:46:00,L28-ENTREVIAS,SP330,350.0,NORTE,-20.8508552092,-47.8953475761,CHOQUE,CHOQUE-CANCELA DE PEDÁGIO,FALHA DE EQUIP. PEDÁGIO-PISTA AVI,1,0,0,0,0,AUTOMÓVEL=1,SALES OLIVEIRA,FRANCA,RIBEIRÃO PRETO,ESTADUAL
2020-09-20,19:58:00,L01-AUTOBAN,SP330,108.3,NORTE,-22.83102195281,-47.179182192285,COLISÃO,COLISÃO-LATERAL,NÃO INFORMADO,0,0,0,0,0,AUTOMÓVEL=1|NÃO INFORMADO=1,SUMARÉ,CAMPINAS,CAMPINAS,ESTADUAL
2020-09-20,22:27:00,L01-AUTOBAN,SP330,92.7,NORTE,-22.931336506509,-47.076691723596,CHOQUE,CHOQUE-MEIO FIO/CALÇAMENTO,NÃO INFORMADO,0,0,0,0,0,AUTOMÓVEL=1,CAMPINAS,CAMPINAS,CAMPINAS,ESTADUAL
2020-09-21,01:37:00,L01-AUTOBAN,SP330,12.5,SUL,-23.508817966416,-46.735225617886,CHOQUE,CHOQUE-BARREIRA DE CONCRETO,NÃO INFORMADO,0,1,0,0,0,AUTOMÓVEL=1,SÃO PAULO,REG. METROPOLITANA SÃO PAULO,SÃO PAULO,ESTADUAL
2020-09-21,03:10:00,L01-AUTOBAN,SP330,122.9,SUL,-22.739162159304,-47.275669825222,CHOQUE,CHOQUE-BARREIRA DE CONCRETO,NÃO INFORMADO,0,0,0,0,0,CAMINHÃO=1,AMERICANA,CAMPINAS,RIO CLARO,ESTADUAL
2020-09-21,04:56:00,L28-ENTREVIAS,SP330,409.9,SUL,-20.3407600116,-47.8080724667,ATROPELAMENTO DE ANIMAL,ATROP. ANIMAL-DOMÉSTICO GRANDE PORTE,ANIMAL NA RODOVIA,1,0,0,0,0,CAMINHONETE=1,ITUVERAVA,FRANCA,RIBEIRÃO PRETO,ESTADUAL
2020-09-21,08:47:00,L01-AUTOBAN,SP330,157.2,SUL,-22.467755932965,-47.39926257843,CHOQUE,CHOQUE-BARREIRA DE CONCRETO,NÃO INFORMADO,1,0,0,0,0,AUTOMÓVEL=1,CORDEIRÓPOLIS,CAMPINAS,RIO CLARO,ESTADUAL
2020-09-21,11:51:00,L06-INTERVIAS,SP330,180.2,NORTE,-22.26300049,-47.39056015,TOMBAMENTO,TOMBAMENTO,ESTOURO/FURO DE PNEU,1,1,0,0,0,MOTO=1,ARARAS,CAMPINAS,RIO CLARO,ESTADUAL
2020-09-21,13:00:00,L01-AUTOBAN,SP330,107.1,SUL,-22.83917362673,-47.171504070334,TOMBAMENTO,TOMBAMENTO-MOTO,NÃO INFORMADO,0,2,0,0,0,MOTO=1,SUMARÉ,CAMPINAS,CAMPINAS,ESTADUAL
2020-09-21,14:43:00,L01-AUTOBAN,SPM330E,98.68,SUL,-22.890619687296,-47.11267755109,ENGAVETAMENTO,ENGAVETAMENTO,NÃO INFORMADO,0,4,0,0,0,CAMINHÃO=1|UTILITÁRIO=2,CAMPINAS,CAMPINAS,CAMPINAS,ESTADUAL
2020-09-21,14:44:00,L01-AUTOBAN,SPM330E,56.0,SUL,-23.21105334627,-46.891804933548,CHOQUE,CHOQUE-DEFENSA METÁLICA,NÃO INFORMADO,0,0,0,0,0,AUTOMÓVEL=1,JUNDIAÍ,CAMPINAS,CAMPINAS,ESTADUAL
2020-09-21,15:05:00,L01-AUTOBAN,SPM330D,110.0,NORTE,-22.822672081657,-47.192480564117,ENGAVETAMENTO,ENGAVETAMENTO,NÃO INFORMADO,0,0,0,0,0,AUTOMÓVEL=1|UTILITÁRIO=1|VAN/PERUA=1|ÔNIBUS=1,SUMARÉ,CAMPINAS,CAMPINAS,ESTADUAL
2020-09-21,15:12:00,L01-AUTOBAN,SPM330D,110.0,NORTE,-22.822672081657,-47.192480564117,COLISÃO,COLISÃO-TRASEIRA,NÃO INFORMADO,0,0,0,0,0,AUTOMÓVEL=1|NÃO INFORMADO=1,SUMARÉ,CAMPINAS,CAMPINAS,ESTADUAL
2020-09-21,15:19:00,L01-AUTOBAN,SP330,61.0,NORTE,-23.175294620401,-46.918331980705,COLISÃO,COLISÃO-LATERAL,NÃO INFORMADO,0,0,1,0,0,AUTOMÓVEL=1|CAMINHÃO=1,JUNDIAÍ,CAMPINAS,CAMPINAS,ESTADUAL
2020-09-21,15:37:00,L01-AUTOBAN,SP330,58.4,NORTE,-23.193713560158,-46.904852275443,ENGAVETAMENTO,ENGAVETAMENTO,NÃO INFORMADO,0,1,0,0,0,AUTOMÓVEL=2|CARRETA=1,JUNDIAÍ,CAMPINAS,CAMPINAS,ESTADUAL
2020-09-21,16:04:00,L01-AUTOBAN,SP330,19.9,NORTE,-23.469421374318,-46.778248248101,ENGAVETAMENTO,ENGAVETAMENTO,NÃO INFORMADO,0,2,0,0,0,AUTOMÓVEL=2|UTILITÁRIO=1,OSASCO,REG. METROPOLITANA SÃO PAULO,SÃO PAULO,ESTADUAL
2020-09-21,16:17:00,L01-AUTOBAN,SP330,98.0,SUL,-22.896245165998,-47.110952138901,CHOQUE,CHOQUE-BARREIRA DE CONCRETO,NÃO INFORMADO,0,0,0,0,0,AUTOMÓVEL=1,CAMPINAS,CAMPINAS,CAMPINAS,ESTADUAL
2020-09-21,16:46:00,L01-AUTOBAN,SP330,103.7,NORTE,-22.858422649098,-47.145816295224,CHOQUE,CHOQUE-BARREIRA DE CONCRETO,NÃO INFORMADO,0,0,0,0,0,AUTOMÓVEL=1,CAMPINAS,CAMPINAS,CAMPINAS,ESTADUAL
2020-09-21,17:20:00,L01-AUTOBAN,SPM330E,114.7,SUL,-22.794963580615,-47.225024865866,CHOQUE,CHOQUE-DEFENSA METÁLICA,NÃO INFORMADO,0,0,1,0,0,AUTOMÓVEL=1,SUMARÉ,CAMPINAS,CAMPINAS,ESTADUAL
2020-09-21,17:26:00,L01-AUTOBAN,SP330,16.5,NORTE,-23.492209809137,-46.762779951096,COLISÃO,COLISÃO-LATERAL,NÃO INFORMADO,0,0,1,0,0,AUTOMÓVEL=1|MOTO=1,OSASCO,REG. METROPOLITANA SÃO PAULO,SÃO PAULO,ESTADUAL
2020-09-21,17:30:00,L01-AUTOBAN,SP330,118.7,NORTE,-22.764911785736,-47.245686986589,TOMBAMENTO,TOMBAMENTO,NÃO INFORMADO,0,0,1,0,0,MOTO=1,NOVA ODESSA,CAMPINAS,RIO CLARO,ESTADUAL
2020-09-21,18:00:00,L29-VIAPAULISTA,SP330,313.2,SUL,-21.15537453,-47.75691986,ENGAVETAMENTO,ENGAVETAMENTO,IMPRUD. CONDUTOR-DIST. INADEQUADA ENTRE VEÍC.,8,0,0,0,0,AUTOMÓVEL=2|CAMINHONETE=1,RIBEIRÃO PRETO,RIBEIRÃO PRETO,RIBEIRÃO PRETO,ESTADUAL
2020-09-21,18:21:00,L01-AUTOBAN,SP330,103.4,SUL,-22.860345417508,-47.14317234552,COLISÃO,COLISÃO-LATERAL,NÃO INFORMADO,0,0,0,0,0,AUTOMÓVEL=1|CAMINHÃO=1,CAMPINAS,CAMPINAS,CAMPINAS,ESTADUAL
2020-09-21,18:33:00,L29-VIAPAULISTA,SP330,314.0,SUL,-21.14836884,-47.75846481,COLISÃO,COLISÃO-TRASEIRA,IMPRUD. CONDUTOR-DIST. INADEQUADA ENTRE VEÍC.,3,2,0,0,0,AUTOMÓVEL=2|MOTO=2,RIBEIRÃO PRETO,RIBEIRÃO PRETO,RIBEIRÃO PRETO,ESTADUAL
2020-09-21,18:57:00,L01-AUTOBAN,SPM330D,57.4,NORTE,-23.202319585039,-46.900927669922,ENGAVETAMENTO,ENGAVETAMENTO,NÃO INFORMADO,0,1,0,0,0,AUTOMÓVEL=3,JUNDIAÍ,CAMPINAS,CAMPINAS,ESTADUAL
2020-09-21,21:11:00,L01-AUTOBAN,SP330,131.5,NORTE,-22.674785415115,-47.312015891075,CHOQUE,CHOQUE-DEFENSA METÁLICA,NÃO INFORMADO,0,0,0,0,0,CAMINHÃO=1,LIMEIRA,CAMPINAS,RIO CLARO,ESTADUAL
2020-09-22,07:19:00,L01-AUTOBAN,SP330,92.0,NORTE,-22.93511642,-47.07138956,CHOQUE,CHOQUE-BARREIRA DE CONCRETO,NÃO INFORMADO,0,0,0,0,0,AUTOMÓVEL=1,CAMPINAS,CAMPINAS,CAMPINAS,ESTADUAL
2020-09-22,07:31:00,L01-AUTOBAN,SP330,19.8,NORTE,-23.469898178729,-46.777623291016,COLISÃO,COLISÃO-LATERAL,NÃO INFORMADO,0,1,0,0,0,AUTOMÓVEL=1|NÃO INFORMADO=1,OSASCO,REG. METROPOLITANA SÃO PAULO,SÃO PAULO,ESTADUAL
2020-09-22,09:17:00,L29-VIAPAULISTA,SPA307/330,0.45,OESTE,-21.20306396,-47.76262283,COLISÃO,COLISÃO-LATERAL,IMPRUD. CONDUTOR,0,1,0,0,0,AUTOMÓVEL=1|MOTO=1,RIBEIRÃO PRETO,RIBEIRÃO PRETO,RIBEIRÃO PRETO,ESTADUAL
2020-09-22,09:36:00,L06-INTERVIAS,SP330,180.1,NORTE,-22.26390076,-47.39067841,CHOQUE,CHOQUE-ELEMENTO DE DRENAGEM,IMPRUD. CONDUTOR-PERDA DE CONTROLE,1,0,0,0,0,AUTOMÓVEL=1,ARARAS,CAMPINAS,RIO CLARO,ESTADUAL
2020-09-22,09:51:00,L01-AUTOBAN,SP330,39.3,NORTE,-23.334525690406,-46.837139902702,COLISÃO,COLISÃO-TRASEIRA,NÃO INFORMADO,0,0,0,0,0,AUTOMÓVEL=2,CAJAMAR,REG. METROPOLITANA SÃO PAULO,SÃO PAULO,ESTADUAL
2020-09-22,16:51:00,L06-INTERVIAS,SP330,239.94,NORTE,-21.76174736,-47.55625534,OBJETO LANÇADO CONTRA O VEÍCULO,OBJETO LANÇADO CONTRA VEÍCULO,OBJETO LANÇADO,2,0,0,0,0,AUTOMÓVEL=1,SANTA RITA DO PASSA QUATRO,CENTRAL,RIBEIRÃO PRETO,ESTADUAL
2020-09-22,17:06:00,L29-VIAPAULISTA,SP330,244.17,SUL,-21.73395538,-47.58400726,TOMBAMENTO,TOMBAMENTO,ESTOURO/FURO DE PNEU,0,1,0,0,0,CAMINHONETE=1,SANTA RITA DO PASSA QUATRO,CENTRAL,RIBEIRÃO PRETO,ESTADUAL
2020-09-22,17:40:00,L01-AUTOBAN,SP330,41.0,SUL,-23.323518428373,-46.84717297554,CHOQUE,CHOQUE-BARREIRA DE CONCRETO,NÃO INFORMADO,0,0,0,0,0,AUTOMÓVEL=1,CAJAMAR,REG. METROPOLITANA SÃO PAULO,SÃO PAULO,ESTADUAL
2020-09-22,17:52:00,L01-AUTOBAN,SP330,16.5,NORTE,-23.492209809137,-46.762779951096,COLISÃO,COLISÃO-LATERAL,NÃO INFORMADO,0,1,0,0,0,AUTOMÓVEL=1|CARRETA=1,OSASCO,REG. METROPOLITANA SÃO PAULO,SÃO PAULO,ESTADUAL
2020-09-22,18:04:00,L01-AUTOBAN,SP330,29.3,NORTE,-23.408004956582,-46.823050254225,COLISÃO,COLISÃO-TRASEIRA,NÃO INFORMADO,0,0,0,0,0,AUTOMÓVEL=2,SÃO PAULO,REG. METROPOLITANA SÃO PAULO,SÃO PAULO,ESTADUAL
2020-09-22,18:19:00,L01-AUTOBAN,SP330,56.0,SUL,-23.21105334627,-46.891804933548,COLISÃO,COLISÃO-TRASEIRA,NÃO INFORMADO,0,0,0,0,0,AUTOMÓVEL=2,JUNDIAÍ,CAMPINAS,CAMPINAS,ESTADUAL
2020-09-22,19:41:00,L01-AUTOBAN,SP330,14.2,NORTE,-23.505612098579,-46.750649621426,ENGAVETAMENTO,ENGAVETAMENTO,NÃO INFORMADO,0,0,0,0,0,AUTOMÓVEL=3,SÃO PAULO,REG. METROPOLITANA SÃO PAULO,SÃO PAULO,ESTADUAL
2020-09-22,19:57:00,L01-AUTOBAN,SP330,15.1,NORTE,-23.499276397896,-46.754951657496,COLISÃO,COLISÃO-TRASEIRA,NÃO INFORMADO,0,0,0,0,0,AUTOMÓVEL=2,SÃO PAULO,REG. METROPOLITANA SÃO PAULO,SÃO PAULO,ESTADUAL
2020-09-22,20:09:00,L01-AUTOBAN,SP330,14.9,NORTE,-23.500572440174,-46.754039798726,TOMBAMENTO,TOMBAMENTO-MOTO,NÃO INFORMADO,0,0,0,0,0,MOTO=1,SÃO PAULO,REG. METROPOLITANA SÃO PAULO,SÃO PAULO,ESTADUAL
2020-09-22,22:04:00,L01-AUTOBAN,SP330,18.0,NORTE,-23.482416628034,-46.770944595337,TOMBAMENTO,TOMBAMENTO,NÃO INFORMADO,0,1,0,0,0,UTILITÁRIO=1,OSASCO,REG. METROPOLITANA SÃO PAULO,SÃO PAULO,ESTADUAL
2020-09-23,05:51:00,L01-AUTOBAN,SPM330D,111.16,NORTE,-22.817068513034,-47.202892067708,CHOQUE,CHOQUE-DEFENSA METÁLICA,NÃO INFORMADO,0,1,0,0,0,CAMINHÃO=1,SUMARÉ,CAMPINAS,CAMPINAS,ESTADUAL
2020-09-23,06:52:00,L01-AUTOBAN,SPM330D,110.8,NORTE,-22.818700622842,-47.199883489238,CHOQUE,CHOQUE-VEÍCULO PARADO NA PISTA,NÃO INFORMADO,0,1,0,0,0,CARRETA=1|MICRO-ÔNIBUS=1,SUMARÉ,CAMPINAS,CAMPINAS,ESTADUAL
2020-09-23,07:14:00,L01-AUTOBAN,SPM330E,110.0,SUL,-22.82299346964,-47.19250202179,ENGAVETAMENTO,ENGAVETAMENTO,NÃO INFORMADO,0,2,0,0,0,AUTOMÓVEL=2|UTILITÁRIO=1,SUMARÉ,CAMPINAS,CAMPINAS,ESTADUAL
2020-09-23,07:32:00,L01-AUTOBAN,SPM330E,99.7,SUL,-22.882762365357,-47.116564916078,COLISÃO,COLISÃO-LATERAL,NÃO INFORMADO,0,0,0,0,0,AUTOMÓVEL=1|CAMINHÃO=1,CAMPINAS,CAMPINAS,CAMPINAS,ESTADUAL
2020-09-23,08:47:00,L28-ENTREVIAS,SP330,410.0,NORTE,-20.3343990139,-47.8052876628,TOMBAMENTO,TOMBAMENTO-MOTO,MAL SÚBITO DO CONDUTOR,0,1,0,0,0,MOTOCICLETA / MOTONETA=1,ITUVERAVA,FRANCA,RIBEIRÃO PRETO,ESTADUAL
2020-09-23,09:16:00,L01-AUTOBAN,SPM330D,111.5,NORTE,-22.815710122667,-47.20535248518,COLISÃO,COLISÃO-TRASEIRA,NÃO INFORMADO,0,1,0,0,0,AUTOMÓVEL=1|MOTO=1,SUMARÉ,CAMPINAS,CAMPINAS,ESTADUAL
2020-09-23,09:56:00,L29-VIAPAULISTA,SP330,307.5,NORTE,-21.20587158,-47.75823975,COLISÃO,COLISÃO-LATERAL,IMPRUD. CONDUTOR-MUDANÇA DE FAIXA,2,0,0,0,0,AUTOMÓVEL=1|CAMINHÃO=1,RIBEIRÃO PRETO,RIBEIRÃO PRETO,RIBEIRÃO PRETO,ESTADUAL
2020-09-23,09:57:00,L06-INTERVIAS,SP330,203.35,NORTE,-22.05831909,-47.42707062,CHOQUE,CHOQUE-OBJETO NA PISTA,OBJETO NA PISTA,0,0,0,0,0,AUTOMÓVEL=1,PIRASSUNUNGA,CAMPINAS,RIO CLARO,ESTADUAL
2020-09-23,13:20:00,L01-AUTOBAN,SP330,103.3,SUL,-22.860890302738,-47.14224277687,COLISÃO,COLISÃO-TRASEIRA,NÃO INFORMADO,0,1,0,0,0,CARRETA=1|VAN/PERUA=1,CAMPINAS,CAMPINAS,CAMPINAS,ESTADUAL
2020-09-23,18:25:00,L28-ENTREVIAS,SP330,417.8,SUL,-20.2699566387,-47.7985258466,COLISÃO,COLISÃO-TRASEIRA,IMPRUD. CONDUTOR-FREADA BRUSCA,1,1,0,0,0,AUTOMÓVEL=1|CAMINHÃO=1,ITUVERAVA,FRANCA,RIBEIRÃO PRETO,ESTADUAL
2020-09-23,18:58:00,L01-AUTOBAN,SP330,102.6,NORTE,-22.86426325,-47.13639664,COLISÃO,COLISÃO-LATERAL,NÃO INFORMADO,0,0,0,0,0,AUTOMÓVEL=2|UTILITÁRIO=1,CAMPINAS,CAMPINAS,CAMPINAS,ESTADUAL
2020-09-23,19:24:00,L01-AUTOBAN,SP330,152.2,NORTE,-22.512043536414,-47.396089185368,TOMBAMENTO,TOMBAMENTO-MOTO,NÃO INFORMADO,0,1,0,0,0,MOTO=1,LIMEIRA,CAMPINAS,RIO CLARO,ESTADUAL
2020-09-24,00:49:00,L29-VIAPAULISTA,SP330,299.0,NORTE,-21.28100777,-47.75131989,COLISÃO,COLISÃO-TRASEIRA,IMPRUD. CONDUTOR,1,1,0,0,0,CAMINHÃO=2,CRAVINHOS,RIBEIRÃO PRETO,RIBEIRÃO PRETO,ESTADUAL
2020-09-24,06:08:00,L01-AUTOBAN,SP330,23.8,SUL,-23.43671228507,-46.786547542101,COLISÃO,COLISÃO-LATERAL,NÃO INFORMADO,0,0,0,0,0,AUTOMÓVEL=1|CAMINHÃO=1,SÃO PAULO,REG. METROPOLITANA SÃO PAULO,SÃO PAULO,ESTADUAL
2020-09-24,06:52:00,L01-AUTOBAN,SP330,145.2,SUL,-22.567617833744,-47.366313456769,COLISÃO,COLISÃO-TRASEIRA,NÃO INFORMADO,0,1,0,0,0,BICICLETA=1|MOTO=1,LIMEIRA,CAMPINAS,RIO CLARO,ESTADUAL
2020-09-24,07:19:00,L28-ENTREVIAS,SP330,325.9,SUL,-21.0630981231,-47.8176891256,COLISÃO,COLISÃO-LATERAL,IMPRUD. CONDUTOR-TRAFEGAR NA CONTRAMÃO,1,1,0,0,0,MOTOCICLETA / MOTONETA=1|NÃO INFORMADO=1,JARDINÓPOLIS,RIBEIRÃO PRETO,RIBEIRÃO PRETO,ESTADUAL
2020-09-24,08:29:00,L06-INTERVIAS,SP330,219.5,SUL,-21.91894913,-47.47294998,COLISÃO,COLISÃO-TRASEIRA,OBJETO NA PISTA,3,0,0,0,0,AUTOMÓVEL=2|CAMINHONETE=1,PIRASSUNUNGA,CAMPINAS,RIO CLARO,ESTADUAL
2020-09-24,11:07:00,L01-AUTOBAN,SPM330D,114.1,NORTE,-22.799684930697,-47.222230547095,COLISÃO,COLISÃO-LATERAL,NÃO INFORMADO,0,2,0,0,0,CARRETA=1|MOTO=1,SUMARÉ,CAMPINAS,CAMPINAS,ESTADUAL
2020-09-24,13:21:00,L01-AUTOBAN,SPM330D,103.8,NORTE,-22.857883405306,-47.146755244571,COLISÃO,COLISÃO-TRASEIRA,NÃO INFORMADO,0,0,0,0,0,AUTOMÓVEL=2,CAMPINAS,CAMPINAS,CAMPINAS,ESTADUAL
2020-09-24,17:55:00,L29-VIAPAULISTA,SP330,307.3,SUL,-21.20830536,-47.75850296,COLISÃO,COLISÃO-TRASEIRA,IMPRUD. CONDUTOR-DIST. INADEQUADA ENTRE VEÍC.,2,0,0,0,0,AUTOMÓVEL=2,RIBEIRÃO PRETO,RIBEIRÃO PRETO,RIBEIRÃO PRETO,ESTADUAL
2020-09-24,18:47:00,L01-AUTOBAN,SP330,53.0,NORTE,-23.230639,-46.87295,COLISÃO,COLISÃO-LATERAL,NÃO INFORMADO,0,0,0,0,0,AUTOMÓVEL=2,JUNDIAÍ,CAMPINAS,CAMPINAS,ESTADUAL
2020-09-24,18:53:00,L01-AUTOBAN,SPM330D,95.6,NORTE,-22.914748771976,-47.098453033636,ENGAVETAMENTO,ENGAVETAMENTO,NÃO INFORMADO,0,1,0,0,0,AUTOMÓVEL=2|MOTO=1,CAMPINAS,CAMPINAS,CAMPINAS,ESTADUAL
2020-09-24,19:41:00,L01-AUTOBAN,SPI102/330,6.7,SUL,-22.920607068425,-47.13336200028,CAPOTAMENTO,CAPOTAMENTO,NÃO INFORMADO,0,2,0,0,0,AUTOMÓVEL=1,CAMPINAS,CAMPINAS,CAMPINAS,ESTADUAL
2020-09-24,21:14:00,L01-AUTOBAN,SPM330E,54.0,SUL,-23.223269868853,-46.877589225769,TOMBAMENTO,TOMBAMENTO-MOTO,NÃO INFORMADO,0,1,0,0,0,MOTO=1,JUNDIAÍ,CAMPINAS,CAMPINAS,ESTADUAL
2020-09-24,22:02:00,L06-INTERVIAS,SP330,211.5,SUL,-21.98785019,-47.44945145,CHOQUE,CHOQUE-OBJETO NA PISTA,OBJETO NA PISTA,5,0,0,0,0,AUTOMÓVEL=1,PIRASSUNUNGA,CAMPINAS,RIO CLARO,ESTADUAL
2020-09-25,00:41:00,L01-AUTOBAN,SPM330E,106.9,SUL,-22.840558861762,-47.170194635873,ATROPELAMENTO DE ANIMAL,ATROP. ANIMAL,NÃO INFORMADO,0,0,1,0,0,MOTO=1,SUMARÉ,CAMPINAS,CAMPINAS,ESTADUAL
2020-09-25,05:15:00,L01-AUTOBAN,SP330,142.15,SUL,-22.59509535,-47.3659621,CHOQUE,CHOQUE-SINALIZAÇÃO,NÃO INFORMADO,0,0,0,0,0,AUTOMÓVEL=1,LIMEIRA,CAMPINAS,RIO CLARO,ESTADUAL
2020-09-25,07:06:00,L01-AUTOBAN,SP330,20.8,NORTE,-23.462358569772,-46.780898807501,TOMBAMENTO,TOMBAMENTO-MOTO,NÃO INFORMADO,0,2,0,0,0,MOTO=1,SÃO PAULO,REG. METROPOLITANA SÃO PAULO,SÃO PAULO,ESTADUAL
2020-09-25,07:54:00,L01-AUTOBAN,SP330,104.46,NORTE,-22.854462501536,-47.152361038101,COLISÃO,COLISÃO-LATERAL,NÃO INFORMADO,0,0,1,0,0,AUTOMÓVEL=2|NÃO INFORMADO=1|VAN/PERUA=1,CAMPINAS,CAMPINAS,CAMPINAS,ESTADUAL
2020-09-25,12:04:00,L01-AUTOBAN,SP330,118.3,SUL,-22.767372135099,-47.243465621732,TOMBAMENTO,TOMBAMENTO-MOTO,NÃO INFORMADO,0,0,0,0,1,MOTO=1,NOVA ODESSA,CAMPINAS,RIO CLARO,ESTADUAL
2020-09-25,12:55:00,L06-INTERVIAS,SP330,199.3,SUL,-22.09382057,-47.4176712,CHOQUE,"CHOQUE - DEFENSA, BARREIRA OU ""SUBMARINO""",ESTOURO/FURO DE PNEU,1,0,0,0,0,CAMINHÃO=1,SANTA CRUZ DA CONCEIÇÃO,CAMPINAS,RIO CLARO,ESTADUAL
2020-09-25,14:47:00,L01-AUTOBAN,SPM330D,95.8,NORTE,-22.913099409722,-47.09992828236,ENGAVETAMENTO,ENGAVETAMENTO,NÃO INFORMADO,0,0,1,0,0,AUTOMÓVEL=1|MOTO=1|VAN/PERUA=1,CAMPINAS,CAMPINAS,CAMPINAS,ESTADUAL
2020-09-25,15:45:00,L06-INTERVIAS,SP330,181.76,NORTE,-22.24896049,-47.38998032,CHOQUE,CHOQUE-VEÍCULO PARADO NA PISTA,IMPRUD. CONDUTOR,1,0,0,0,0,AUTOMÓVEL=1|CAMINHÃO=1,LEME,CAMPINAS,RIO CLARO,ESTADUAL
2020-09-25,16:49:00,L29-VIAPAULISTA,SP330,308.0,SUL,-21.20183945,-47.75816345,CHOQUE,"CHOQUE - DEFENSA, BARREIRA OU ""SUBMARINO""",IMPRUD. CONDUTOR-LEVOU FECHADA,1,0,0,0,0,AUTOMÓVEL=1,RIBEIRÃO PRETO,RIBEIRÃO PRETO,RIBEIRÃO PRETO,ESTADUAL
2020-09-25,18:14:00,L06-INTERVIAS,SP330,168.0,SUL,-22.3715992,-47.39479828,CHOQUE,CHOQUE-SINALIZAÇÃO,PANE MECÂNICA/ELÉTRICA,1,0,0,0,0,AUTOMÓVEL=1,ARARAS,CAMPINAS,RIO CLARO,ESTADUAL
2020-09-25,18:42:00,L29-VIAPAULISTA,SP330,313.5,SUL,-21.15275574,-47.75735474,ENGAVETAMENTO,ENGAVETAMENTO,IMPRUD. CONDUTOR,6,0,0,0,0,AUTOMÓVEL=1|CAMINHONETE=2,RIBEIRÃO PRETO,RIBEIRÃO PRETO,RIBEIRÃO PRETO,ESTADUAL
2020-09-25,19:24:00,L28-ENTREVIAS,SP330,339.0,SUL,-20.9487714211,-47.8764037056,COLISÃO,COLISÃO-LATERAL,IMPRUD. CONDUTOR-FALTA DE ATENÇÃO,2,0,0,0,0,AUTOMÓVEL=1|CAMINHÃO=1,JARDINÓPOLIS,RIBEIRÃO PRETO,RIBEIRÃO PRETO,ESTADUAL
2020-09-25,19:37:00,L01-AUTOBAN,SP330,25.4,NORTE,-23.423878853573,-46.79035084849,TOMBAMENTO,TOMBAMENTO-MOTO,NÃO INFORMADO,0,2,0,0,0,MOTO=1,SÃO PAULO,REG. METROPOLITANA SÃO PAULO,SÃO PAULO,ESTADUAL
2020-09-25,23:32:00,L06-INTERVIAS,SP330,186.4,NORTE,-22.20734024,-47.39448166,COLISÃO,COLISÃO-LATERAL,IMPRUD. CONDUTOR-LEVOU FECHADA,2,0,0,0,0,AUTOMÓVEL=1|NÃO INFORMADO=1,LEME,CAMPINAS,RIO CLARO,ESTADUAL
2020-09-26,00:32:00,L01-AUTOBAN,SP330,109.2,SUL,-22.827415764541,-47.184423832765,CHOQUE,CHOQUE-DEFENSA METÁLICA,NÃO INFORMADO,0,0,1,0,0,AUTOMÓVEL=1,SUMARÉ,CAMPINAS,CAMPINAS,ESTADUAL
2020-09-26,03:16:00,L01-AUTOBAN,SPM330E,112.55,SUL,-22.81023421929,-47.213221571728,CHOQUE,CHOQUE-POSTE,NÃO INFORMADO,0,1,0,0,0,AUTOMÓVEL=1,SUMARÉ,CAMPINAS,CAMPINAS,ESTADUAL
2020-09-26,03:49:00,L01-AUTOBAN,SP330,19.0,SUL,-23.473712595828,-46.77262365818,COLISÃO,COLISÃO-TRASEIRA,NÃO INFORMADO,0,0,0,0,0,AUTOMÓVEL=1|UTILITÁRIO=1,OSASCO,REG. METROPOLITANA SÃO PAULO,SÃO PAULO,ESTADUAL
2020-09-26,09:23:00,L29-VIAPAULISTA,SP330,307.3,SUL,-21.20183945,-47.75816345,TOMBAMENTO,TOMBAMENTO,ÓLEO NA PISTA,1,0,0,0,0,MOTO=1,RIBEIRÃO PRETO,RIBEIRÃO PRETO,RIBEIRÃO PRETO,ESTADUAL
2020-09-26,10:00:00,L29-VIAPAULISTA,SP330,307.3,SUL,-21.20830536,-47.75850296,CHOQUE,"CHOQUE - DEFENSA, BARREIRA OU ""SUBMARINO""",ÓLEO NA PISTA,1,0,0,0,0,AUTOMÓVEL=1,RIBEIRÃO PRETO,RIBEIRÃO PRETO,RIBEIRÃO PRETO,ESTADUAL
2020-09-26,14:51:00,L28-ENTREVIAS,SP330,365.0,NORTE,-20.7163362996,-47.8928929128,COLISÃO,COLISÃO-TRASEIRA,IMPRUD. CONDUTOR-FALTA DE ATENÇÃO,1,1,0,0,0,CAMINHÃO=2,ORLÂNDIA,FRANCA,RIBEIRÃO PRETO,ESTADUAL
2020-09-26,15:12:00,L01-AUTOBAN,SP330,19.66,NORTE,-23.470565699448,-46.77674835825,ATROPELAMENTO DE PEDESTRE,ATROP. PEDESTRE-USUÁRIO,NÃO INFORMADO,1,0,0,0,1,AUTOMÓVEL=1|CAMINHÃO=1|NÃO SE APLICA=1,OSASCO,REG. METROPOLITANA SÃO PAULO,SÃO PAULO,ESTADUAL
2020-09-26,16:52:00,L01-AUTOBAN,SP330,13.12,NORTE,-23.507806160098,-46.741636038954,ENGAVETAMENTO,ENGAVETAMENTO,NÃO INFORMADO,0,0,0,1,0,AUTOMÓVEL=2|MOTO=1,SÃO PAULO,REG. METROPOLITANA SÃO PAULO,SÃO PAULO,ESTADUAL
2020-09-26,19:07:00,L01-AUTOBAN,SP330,17.5,SUL,-23.486091871009,-46.769123375416,CHOQUE,CHOQUE-BARREIRA DE CONCRETO,NÃO INFORMADO,0,1,0,0,0,AUTOMÓVEL=1,OSASCO,REG. METROPOLITANA SÃO PAULO,SÃO PAULO,ESTADUAL
2020-09-26,19:50:00,L01-AUTOBAN,SP330,12.4,NORTE,-23.508668364703,-46.734587755221,COLISÃO,COLISÃO-TRASEIRA,NÃO INFORMADO,0,1,0,0,0,MOTO=1|NÃO INFORMADO=1,SÃO PAULO,REG. METROPOLITANA SÃO PAULO,SÃO PAULO,ESTADUAL
2020-09-26,19:57:00,L28-ENTREVIAS,SP330,319.5,NORTE,-21.1046622261,-47.7858711282,CHOQUE,CHOQUE-DEFENSA METÁLICA,IMPRUD. CONDUTOR-EMBRIAGUEZ,1,0,0,0,0,AUTOMÓVEL=1,RIBEIRÃO PRETO,RIBEIRÃO PRETO,RIBEIRÃO PRETO,ESTADUAL
2020-09-27,02:57:00,L29-VIAPAULISTA,SP330,318.0,SUL,-21.11704636,-47.77725983,CHOQUE,CHOQUE-ELEMENTO DE DRENAGEM,IMPRUD. CONDUTOR-PERDA DE CONTROLE,3,0,0,0,0,AUTOMÓVEL=1,RIBEIRÃO PRETO,RIBEIRÃO PRETO,RIBEIRÃO PRETO,ESTADUAL
2020-09-27,03:39:00,L01-AUTOBAN,SP330,75.9,NORTE,-23.060898887383,-46.99396540947,CHOQUE,CHOQUE-DEFENSA METÁLICA,NÃO INFORMADO,0,0,0,0,0,AUTOMÓVEL=1,VINHEDO,CAMPINAS,CAMPINAS,ESTADUAL
2020-09-27,04:07:00,L29-VIAPAULISTA,SPA241/330,9.0,LESTE,-21.72597988,-47.48405318,ATROPELAMENTO DE ANIMAL,ATROP. ANIMAL,ANIMAL NA RODOVIA,0,0,0,0,0,AUTOMÓVEL=1,SANTA RITA DO PASSA QUATRO,CENTRAL,RIBEIRÃO PRETO,ESTADUAL
2020-09-27,07:50:00,L06-INTERVIAS,SP330,222.9,NORTE,-21.88965034,-47.4826088,CAPOTAMENTO,CAPOTAMENTO,ESTOURO/FURO DE PNEU,3,0,0,0,0,CAMINHÃO=1,PORTO FERREIRA,CENTRAL,RIO CLARO,ESTADUAL
2020-09-27,11:32:00,L01-AUTOBAN,SPM330E,101.5,SUL,-22.871222222882,-47.128653084053,TOMBAMENTO,TOMBAMENTO-MOTO,NÃO INFORMADO,0,1,0,0,0,MOTO=1,CAMPINAS,CAMPINAS,CAMPINAS,ESTADUAL
2020-09-27,16:51:00,L01-AUTOBAN,SP330,34.7,SUL,-23.371224250383,-46.843788673543,TOMBAMENTO,TOMBAMENTO,NÃO INFORMADO,0,1,0,0,0,CAMINHÃO=1,CAJAMAR,REG. METROPOLITANA SÃO PAULO,SÃO PAULO,ESTADUAL
2020-09-27,20:10:00,L01-AUTOBAN,SPM330D,25.2,NORTE,-23.425002921427,-46.788946430942,COLISÃO,COLISÃO-LATERAL,NÃO INFORMADO,0,1,0,0,0,AUTOMÓVEL=1|MOTO=1,SÃO PAULO,NÃO INFORMADO,NÃO INFORMADO,NÃO INFORMADO
2020-09-27,20:39:00,L06-INTERVIAS,SP330,224.1,SUL,-21.8793602,-47.48648071,CHOQUE,CHOQUE-OBJETO NA PISTA,OBJETO NA PISTA,2,0,0,0,0,AUTOMÓVEL=2,PORTO FERREIRA,CENTRAL,RIO CLARO,ESTADUAL
2020-09-27,21:21:00,L01-AUTOBAN,SP330,148.0,SUL,-22.545538,-47.37616,COLISÃO,COLISÃO-LATERAL,NÃO INFORMADO,0,1,1,0,0,CAMINHÃO=1|CARRETA=1,LIMEIRA,CAMPINAS,RIO CLARO,ESTADUAL
2020-09-28,00:23:00,L01-AUTOBAN,SPM330D,89.14,NORTE,-22.957844515779,-47.058098992939,ATROPELAMENTO DE ANIMAL,ATROP. ANIMAL,NÃO INFORMADO,0,1,0,0,0,AUTOMÓVEL=1,CAMPINAS,CAMPINAS,CAMPINAS,ESTADUAL
2020-09-28,01:09:00,L29-VIAPAULISTA,SPA241/330,10.28,OESTE,-21.72029865,-47.47671049,ATROPELAMENTO DE ANIMAL,ATROP. ANIMAL,ANIMAL NA RODOVIA,0,1,0,0,0,CAMINHÃO=1,SANTA RITA DO PASSA QUATRO,CENTRAL,RIBEIRÃO PRETO,ESTADUAL
2020-09-28,01:42:00,L01-AUTOBAN,SP330,60.25,SUL,-23.179702084885,-46.913367211819,COLISÃO,COLISÃO-TRASEIRA,NÃO INFORMADO,0,0,1,0,0,AUTOMÓVEL=1|CAMINHÃO=1,JUNDIAÍ,CAMPINAS,CAMPINAS,ESTADUAL
2020-09-28,01:47:00,L28-ENTREVIAS,SP330,361.0,NORTE,-20.7548470506,-47.8926194631,CHOQUE,CHOQUE-SINALIZAÇÃO,IMPRUD. CONDUTOR-DORMIR AO VOLANTE,1,1,0,0,0,AUTOMÓVEL=1,ORLÂNDIA,FRANCA,RIBEIRÃO PRETO,ESTADUAL
2020-09-28,02:46:00,L01-AUTOBAN,SP330,118.48,SUL,-22.766374922546,-47.24460599165,CHOQUE,CHOQUE-DEFENSA METÁLICA,NÃO INFORMADO,0,0,0,0,0,CAMINHÃO=1,NOVA ODESSA,CAMPINAS,RIO CLARO,ESTADUAL
2020-09-28,07:28:00,L01-AUTOBAN,SP330,102.7,NORTE,-22.863746725546,-47.137108483048,COLISÃO,COLISÃO-TRASEIRA,NÃO INFORMADO,0,0,1,0,0,AUTOMÓVEL=1|MOTO=1,CAMPINAS,CAMPINAS,CAMPINAS,ESTADUAL
2020-09-28,08:38:00,L01-AUTOBAN,SPM330D,112.76,NORTE,-22.808616454945,-47.21457254077,CHOQUE,CHOQUE-DEFENSA METÁLICA,NÃO INFORMADO,0,0,1,0,0,MOTO=1,SUMARÉ,CAMPINAS,CAMPINAS,ESTADUAL
2020-09-28,09:18:00,L29-VIAPAULISTA,SP330,308.336,SUL,-21.19866562,-47.75799561,ENGAVETAMENTO,ENGAVETAMENTO,IMPRUD. CONDUTOR-DIST. INADEQUADA ENTRE VEÍC.,3,0,0,0,0,AUTOMÓVEL=2|CAMINHONETE=1,RIBEIRÃO PRETO,RIBEIRÃO PRETO,RIBEIRÃO PRETO,ESTADUAL
2020-09-28,10:09:00,L01-AUTOBAN,SP330,124.36,SUL,-22.732146956091,-47.288105825355,COLISÃO,COLISÃO-LATERAL,NÃO INFORMADO,0,0,0,0,0,AUTOMÓVEL=1|CARRETA=1,AMERICANA,CAMPINAS,RIO CLARO,ESTADUAL
2020-09-28,16:50:00,L06-INTERVIAS,SP330,162.8,NORTE,-22.41803932,-47.39070129,CHOQUE,CHOQUE-OBJETO NA PISTA,OBJETO NA PISTA,2,0,0,0,0,CAMINHONETE=1,ARARAS,CAMPINAS,RIO CLARO,ESTADUAL
2020-09-28,18:24:00,L01-AUTOBAN,SPM330E,113.0,SUL,-22.807279181437,-47.216427326202,ENGAVETAMENTO,ENGAVETAMENTO,NÃO INFORMADO,0,0,0,0,0,AUTOMÓVEL=1|UTILITÁRIO=1|VAN/PERUA=1,SUMARÉ,CAMPINAS,CAMPINAS,ESTADUAL
2020-09-28,18:52:00,L01-AUTOBAN,SPM330D,95.44,NORTE,-22.916068198862,-47.097272890933,COLISÃO,COLISÃO-LATERAL,NÃO INFORMADO,0,1,0,0,0,MOTO=1|NÃO INFORMADO=1,CAMPINAS,CAMPINAS,CAMPINAS,ESTADUAL
2020-09-28,19:24:00,L29-VIAPAULISTA,SP330,304.0,NORTE,-21.23739052,-47.75875092,CHOQUE,CHOQUE-ÁRVORE,OBJETO NA PISTA,3,0,0,0,0,AUTOMÓVEL=1,RIBEIRÃO PRETO,RIBEIRÃO PRETO,RIBEIRÃO PRETO,ESTADUAL
2020-09-28,20:24:00,L06-INTERVIAS,SP330,168.9,NORTE,-22.36376953,-47.39450073,CHOQUE,CHOQUE-OBJETO NA PISTA,OBJETO NA PISTA,1,0,0,0,0,AUTOMÓVEL=1,ARARAS,CAMPINAS,RIO CLARO,ESTADUAL
2020-09-28,23:55:00,L06-INTERVIAS,SP330,224.5,NORTE,-21.87579918,-47.48730087,CHOQUE,CHOQUE-OBJETO NA PISTA,OBJETO NA PISTA,2,0,0,0,0,CAMINHÃO=1,PORTO FERREIRA,CENTRAL,RIO CLARO,ESTADUAL
2020-09-29,06:52:00,L01-AUTOBAN,SPI102/330,5.0,NORTE,-22.906904124332,-47.13676571846,TOMBAMENTO,TOMBAMENTO,NÃO INFORMADO,0,0,0,0,0,UTILITÁRIO=1,CAMPINAS,CAMPINAS,CAMPINAS,ESTADUAL
2020-09-29,06:53:00,L01-AUTOBAN,SP330,118.0,NORTE,-22.768865993015,-47.240797877312,CHOQUE,CHOQUE-PRAÇA MANUAL-(ENTRE VEÍCULOS),NÃO INFORMADO,0,0,0,0,0,AUTOMÓVEL=1|CAMINHÃO=1,NOVA ODESSA,CAMPINAS,RIO CLARO,ESTADUAL
2020-09-29,10:08:00,L28-ENTREVIAS,SP330,329.5,NORTE,-21.0290155684,-47.8358619362,OBJETO LANÇADO CONTRA O VEÍCULO,OBJETO LANÇADO CONTRA VEÍCULO,OBRAS,1,0,0,0,0,CAMINHÃO=1,JARDINÓPOLIS,RIBEIRÃO PRETO,RIBEIRÃO PRETO,ESTADUAL
2020-09-29,11:04:00,L01-AUTOBAN,SP330,22.3,NORTE,-23.450421882218,-46.786608159243,CHOQUE,CHOQUE-BARREIRA DE CONCRETO,NÃO INFORMADO,0,2,0,0,0,AUTOMÓVEL=1,SÃO PAULO,REG. METROPOLITANA SÃO PAULO,SÃO PAULO,ESTADUAL
2020-09-29,13:45:00,L29-VIAPAULISTA,SP330,277.0,SUL,-21.44666481,-47.64816666,CHOQUE,CHOQUE-TALUDE OU BARRANCO,ESTOURO/FURO DE PNEU,2,0,0,0,0,CAMINHÃO=1,SÃO SIMÃO,RIBEIRÃO PRETO,RIBEIRÃO PRETO,ESTADUAL
2020-09-29,13:49:00,L28-ENTREVIAS,SP330,375.0,NORTE,-20.6270039974,-47.8825077879,COLISÃO,COLISÃO-TRASEIRA,IMPRUD. CONDUTOR-DIST. INADEQUADA ENTRE VEÍC.,1,1,0,0,0,CAMINHÃO=2,SÃO JOAQUIM DA BARRA,FRANCA,RIBEIRÃO PRETO,ESTADUAL
2020-09-29,15:32:00,L01-AUTOBAN,SP330,60.1,SUL,-23.180581614115,-46.912300218219,COLISÃO,COLISÃO-TRASEIRA,NÃO INFORMADO,0,0,1,0,0,MOTO=1|NÃO INFORMADO=1,JUNDIAÍ,CAMPINAS,CAMPINAS,ESTADUAL
2020-09-30,06:26:00,L01-AUTOBAN,SP330,117.8,SUL,-22.770259317393,-47.240270011032,COLISÃO,COLISÃO-LATERAL,NÃO INFORMADO,0,1,0,0,0,CAMINHÃO=1|MOTO=1,NOVA ODESSA,CAMPINAS,RIO CLARO,ESTADUAL
2020-09-30,14:18:00,L01-AUTOBAN,SP330,111.0,NORTE,-22.817707777076,-47.201734185219,COLISÃO,COLISÃO-LATERAL,NÃO INFORMADO,0,0,0,0,0,AUTOMÓVEL=1|CARRETA=1,SUMARÉ,CAMPINAS,CAMPINAS,ESTADUAL
2020-09-30,14:32:00,L01-AUTOBAN,SP330,59.0,SUL,-23.189008521881,-46.906793117523,ENGAVETAMENTO,ENGAVETAMENTO,NÃO INFORMADO,0,0,0,0,0,AUTOMÓVEL=3|UTILITÁRIO=1,JUNDIAÍ,CAMPINAS,CAMPINAS,ESTADUAL
2020-09-30,16:22:00,L01-AUTOBAN,SP330,51.6,NORTE,-23.243218960063,-46.867779633583,COLISÃO,COLISÃO-LATERAL,NÃO INFORMADO,0,1,0,0,0,AUTOMÓVEL=1|CARRETA=1,JUNDIAÍ,CAMPINAS,CAMPINAS,ESTADUAL
2020-09-30,16:54:00,L06-INTERVIAS,SP330,214.0,SUL,-21.96629906,-47.45679855,COLISÃO,COLISÃO-LATERAL,NÃO INFORMADO,1,0,0,0,0,CAMINHÃO=1|NÃO INFORMADO=1,PIRASSUNUNGA,CAMPINAS,RIO CLARO,ESTADUAL
2020-09-30,18:45:00,L01-AUTOBAN,SP330,58.3,SUL,-23.194648471959,-46.904716549041,TOMBAMENTO,TOMBAMENTO-MOTO,NÃO INFORMADO,0,1,0,0,0,MOTO=1,JUNDIAÍ,CAMPINAS,CAMPINAS,ESTADUAL
2020-09-30,19:10:00,L01-AUTOBAN,SP330,19.8,NORTE,-23.469898178729,-46.777623291016,COLISÃO,COLISÃO-LATERAL,NÃO INFORMADO,0,1,0,0,0,MOTO=1|NÃO INFORMADO=1,OSASCO,REG. METROPOLITANA SÃO PAULO,SÃO PAULO,ESTADUAL
2020-10-01,00:04:00,L29-VIAPAULISTA,SP330,313.33,SUL,-21.15423965,-47.75710678,CHOQUE,"CHOQUE - DEFENSA, BARREIRA OU ""SUBMARINO""",IMPRUD. CONDUTOR-PERDA DE CONTROLE,1,0,1,0,0,AUTOMÓVEL=1|CAMINHÃO=1,RIBEIRÃO PRETO,RIBEIRÃO PRETO,RIBEIRÃO PRETO,ESTADUAL
2020-10-01,01:47:00,L01-AUTOBAN,SP330,83.0,SUL,-23.005438745204,-47.028061151505,ATROPELAMENTO DE ANIMAL,ATROP. ANIMAL,NÃO INFORMADO,0,0,0,0,0,AUTOMÓVEL=1,VALINHOS,CAMPINAS,CAMPINAS,ESTADUAL
2020-10-01,02:33:00,L06-INTERVIAS,SP330,237.8,SUL,-21.77436066,-47.5406189,COLISÃO,COLISÃO-TRASEIRA,IMPRUD. CONDUTOR-FAROL DESREGULADO/APAGADO,1,0,0,0,0,CAMINHÃO=1|NÃO INFORMADO=1,SANTA RITA DO PASSA QUATRO,CENTRAL,RIBEIRÃO PRETO,ESTADUAL
2020-10-01,03:56:00,L01-AUTOBAN,SP330,97.48,SUL,-22.900474763426,-47.109337030347,CHOQUE,CHOQUE-SINALIZAÇÃO,NÃO INFORMADO,0,0,0,1,0,MOTO=1,CAMPINAS,CAMPINAS,CAMPINAS,ESTADUAL
2020-10-01,06:55:00,L01-AUTOBAN,SPM330E,14.65,SUL,-23.502461227712,-46.753064183603,CHOQUE,CHOQUE-VEÍCULO PARADO NA PISTA,NÃO INFORMADO,0,0,1,0,0,CAMINHÃO=1|MOTO=1,SÃO PAULO,REG. METROPOLITANA SÃO PAULO,SÃO PAULO,ESTADUAL
2020-10-01,07:01:00,L28-ENTREVIAS,SP330,446.0,SUL,-20.0190114265,-47.7833278001,COLISÃO,COLISÃO-TRASEIRA,IMPRUD. CONDUTOR-DORMIR AO VOLANTE,2,0,0,0,0,CAMINHÃO=2,IGARAPAVA,FRANCA,RIBEIRÃO PRETO,ESTADUAL
2020-10-01,10:24:00,L29-VIAPAULISTA,SP330,241.25,SUL,-21.75396156,-47.56663513,TOMBAMENTO,TOMBAMENTO,PANE MECÂNICA/ELÉTRICA,1,0,0,0,0,CAMINHÃO=1,SANTA RITA DO PASSA QUATRO,CENTRAL,RIBEIRÃO PRETO,ESTADUAL
2020-10-01,14:35:00,L01-AUTOBAN,SP330,132.1,SUL,-22.670073211722,-47.314128542608,CHOQUE,CHOQUE-DEFENSA METÁLICA,NÃO INFORMADO,0,0,0,0,0,CAMINHÃO=1,LIMEIRA,CAMPINAS,RIO CLARO,ESTADUAL
2020-10-01,16:55:00,L01-AUTOBAN,SP330,135.4,SUL,-22.643293050415,-47.328035978119,COLISÃO,COLISÃO-LATERAL,NÃO INFORMADO,0,1,0,0,0,CAMINHÃO=1|UTILITÁRIO=1,LIMEIRA,CAMPINAS,RIO CLARO,ESTADUAL
2020-10-01,18:56:00,L01-AUTOBAN,SP330,147.8,NORTE,-22.546529577469,-47.375096815613,COLISÃO,COLISÃO-TRASEIRA,NÃO INFORMADO,0,0,0,0,0,UTILITÁRIO=2,LIMEIRA,CAMPINAS,RIO CLARO,ESTADUAL
2020-10-02,00:34:00,L01-AUTOBAN,SP330,55.7,NORTE,-23.212490471086,-46.889359837892,COLISÃO,COLISÃO-TRASEIRA,NÃO INFORMADO,0,0,1,0,0,AUTOMÓVEL=1|UTILITÁRIO=1,JUNDIAÍ,CAMPINAS,CAMPINAS,ESTADUAL
2020-10-02,10:59:00,L29-VIAPAULISTA,SP330,299.3,NORTE,-21.27853012,-47.75247955,COLISÃO,COLISÃO-TRASEIRA,IMPRUD. CONDUTOR,0,0,0,0,0,CAMINHONETE=2,CRAVINHOS,RIBEIRÃO PRETO,RIBEIRÃO PRETO,ESTADUAL
2020-10-02,14:02:00,L01-AUTOBAN,SP330,81.0,SUL,-23.021683043135,-47.0179438591,CHOQUE,CHOQUE-PRAÇA MANUAL-(ENTRE VEÍCULOS),NÃO INFORMADO,0,0,0,0,0,AUTOMÓVEL=1|CARRETA=1,VALINHOS,CAMPINAS,CAMPINAS,ESTADUAL
2020-10-02,14:39:00,L01-AUTOBAN,SP330,136.0,SUL,-22.638337,-47.330187,CHOQUE,CHOQUE-VEÍCULO PARADO NA PISTA,NÃO INFORMADO,0,0,0,0,0,AUTOMÓVEL=1|UTILITÁRIO=1,LIMEIRA,CAMPINAS,RIO CLARO,ESTADUAL
2020-10-02,14:49:00,L01-AUTOBAN,SP330,99.8,SUL,-22.882018025033,-47.11700428873,TOMBAMENTO,TOMBAMENTO-MOTO,NÃO INFORMADO,0,1,0,0,0,MOTO=1,CAMPINAS,CAMPINAS,CAMPINAS,ESTADUAL
2020-10-02,15:29:00,L01-AUTOBAN,SP330,42.7,SUL,-23.312443157493,-46.856140139944,CHOQUE,CHOQUE-TALUDE OU BARRANCO,NÃO INFORMADO,0,0,1,0,0,MOTO=1,CAJAMAR,REG. METROPOLITANA SÃO PAULO,SÃO PAULO,ESTADUAL
2020-10-02,15:39:00,L06-INTERVIAS,SP330,202.0,SUL,-22.06949997,-47.42459869,OBJETO LANÇADO CONTRA O VEÍCULO,OBJETO LANÇADO CONTRA VEÍCULO,OBJETO LANÇADO,4,0,0,0,0,AUTOMÓVEL=1,PIRASSUNUNGA,CAMPINAS,RIO CLARO,ESTADUAL
2020-10-02,17:54:00,L29-VIAPAULISTA,SP330,313.5,SUL,-21.15275574,-47.75735474,ENGAVETAMENTO,ENGAVETAMENTO,IMPRUD. CONDUTOR,6,1,0,0,0,AUTOMÓVEL=2|CAMINHONETE=1,RIBEIRÃO PRETO,RIBEIRÃO PRETO,RIBEIRÃO PRETO,ESTADUAL
2020-10-02,18:01:00,L01-AUTOBAN,SP330,57.6,NORTE,-23.20051403642,-46.901854627213,COLISÃO,COLISÃO-LATERAL,NÃO INFORMADO,0,0,0,0,0,AUTOMÓVEL=2,JUNDIAÍ,CAMPINAS,CAMPINAS,ESTADUAL
2020-10-02,18:43:00,L01-AUTOBAN,SP330,21.5,NORTE,-23.456866220255,-46.783947944641,COLISÃO,COLISÃO-TRASEIRA,NÃO INFORMADO,0,0,0,0,0,AUTOMÓVEL=1|NÃO INFORMADO=1,SÃO PAULO,REG. METROPOLITANA SÃO PAULO,SÃO PAULO,ESTADUAL
2020-10-02,21:07:00,L06-INTERVIAS,SP330,196.8,SUL,-22.11560059,-47.41175842,COLISÃO,COLISÃO-LATERAL,IMPRUD. CONDUTOR-LEVOU FECHADA,7,0,0,0,0,CAMINHONETE=1|CAMINHÃO=2,SANTA CRUZ DA CONCEIÇÃO,CAMPINAS,RIO CLARO,ESTADUAL
2020-10-02,21:08:00,L01-AUTOBAN,SPM330E,98.4,SUL,-22.892936049741,-47.111967090664,CHOQUE,CHOQUE-VEÍCULO PARADO NA PISTA,NÃO INFORMADO,0,0,0,0,0,AUTOMÓVEL=2,CAMPINAS,CAMPINAS,CAMPINAS,ESTADUAL
2020-10-02,22:18:00,L28-ENTREVIAS,SP330,387.0,SUL,-20.5291927672,-47.8443217961,COLISÃO,COLISÃO-TRASEIRA,IMPRUD. CONDUTOR-DIST. INADEQUADA ENTRE VEÍC.,2,0,0,0,0,CAMINHÃO=2,SÃO JOAQUIM DA BARRA,FRANCA,RIBEIRÃO PRETO,ESTADUAL
2020-10-03,00:26:00,L01-AUTOBAN,SP330,72.64,NORTE,-23.085336081902,-46.976035861474,COLISÃO,COLISÃO-TRASEIRA,NÃO INFORMADO,0,1,0,0,0,AUTOMÓVEL=1|MOTO=1,LOUVEIRA,CAMPINAS,CAMPINAS,ESTADUAL
2020-10-03,01:31:00,L28-ENTREVIAS,SP330,398.5,NORTE,-20.4334376338,-47.8347145088,CHOQUE,CHOQUE-OAE (PILARES/TABULEIRO),IMPRUD. CONDUTOR-DORMIR AO VOLANTE,1,0,0,0,0,CAMINHÃO=1,GUARÁ,FRANCA,RIBEIRÃO PRETO,ESTADUAL
2020-10-03,03:17:00,L01-AUTOBAN,SP330,129.8,NORTE,-22.696006027963,-47.30944011455,ATROPELAMENTO DE PEDESTRE,ATROP. PEDESTRE-ANDARILHO,NÃO INFORMADO,0,0,0,0,1,NÃO INFORMADO=1|NÃO SE APLICA=1,AMERICANA,CAMPINAS,RIO CLARO,ESTADUAL
2020-10-03,08:10:00,L29-VIAPAULISTA,SP330,307.0,SUL,-21.21128464,-47.75865936,CHOQUE,"CHOQUE - DEFENSA, BARREIRA OU ""SUBMARINO""",IMPRUD. CONDUTOR,2,0,0,0,0,CAMINHONETE=1,RIBEIRÃO PRETO,RIBEIRÃO PRETO,RIBEIRÃO PRETO,ESTADUAL
2020-10-03,09:59:00,L01-AUTOBAN,SP330,11.46,SUL,-23.51053885599,-46.728948396714,COLISÃO,COLISÃO-TRASEIRA,NÃO INFORMADO,0,0,0,0,0,AUTOMÓVEL=1|NÃO INFORMADO=1,SÃO PAULO,REG. METROPOLITANA SÃO PAULO,SÃO PAULO,ESTADUAL
2020-10-03,11:05:00,L01-AUTOBAN,SPM330D,111.52,NORTE,-22.815630229902,-47.205497192886,COLISÃO,COLISÃO-LATERAL,NÃO INFORMADO,0,0,0,0,0,AUTOMÓVEL=1|BITREM/CVC=1,SUMARÉ,CAMPINAS,CAMPINAS,ESTADUAL
2020-10-03,12:29:00,L01-AUTOBAN,SP330,153.0,NORTE,-22.505490050774,-47.398930191994,COLISÃO,COLISÃO-LATERAL,NÃO INFORMADO,0,0,0,0,0,AUTOMÓVEL=1|CARRETA=1,CORDEIRÓPOLIS,CAMPINAS,RIO CLARO,ESTADUAL
2020-10-03,12:39:00,L29-VIAPAULISTA,SP330,312.5,NORTE,-21.16080856,-47.75616074,TOMBAMENTO,TOMBAMENTO,ESTOURO/FURO DE PNEU,0,1,0,1,0,MOTO=1,RIBEIRÃO PRETO,RIBEIRÃO PRETO,RIBEIRÃO PRETO,ESTADUAL
2020-10-03,13:10:00,L01-AUTOBAN,SP330,47.2,NORTE,-23.280409368141,-46.872178671338,CHOQUE,CHOQUE-BARREIRA DE CONCRETO,NÃO INFORMADO,0,1,0,0,0,AUTOMÓVEL=1,JUNDIAÍ,CAMPINAS,CAMPINAS,ESTADUAL
2020-10-03,15:07:00,L28-ENTREVIAS,SP330,368.0,NORTE,-20.68951767,-47.8885184785,COLISÃO,COLISÃO-LATERAL,IMPRUD. CONDUTOR-PERDA DE CONTROLE,2,0,0,0,0,AUTOMÓVEL=1|CAMINHÃO=1,ORLÂNDIA,FRANCA,RIBEIRÃO PRETO,ESTADUAL
2020-10-03,16:33:00,L01-AUTOBAN,SP330,12.4,NORTE,-23.508668364703,-46.734587755221,TOMBAMENTO,TOMBAMENTO-MOTO,NÃO INFORMADO,0,1,0,0,0,MOTO=1,SÃO PAULO,REG. METROPOLITANA SÃO PAULO,SÃO PAULO,ESTADUAL
2020-10-03,19:36:00,L28-ENTREVIAS,SPA327/330,2.0,LESTE,-21.0400131094,-47.8034834563,COLISÃO,COLISÃO-LATERAL,FATOR-HUMANO,0,3,2,0,0,AUTOMÓVEL=1|CAMINHÃO=1,JARDINÓPOLIS,RIBEIRÃO PRETO,RIBEIRÃO PRETO,ESTADUAL
2020-10-03,19:38:00,L29-VIAPAULISTA,SP330,317.225,NORTE,-21.12212753,-47.77338028,COLISÃO,COLISÃO-TRASEIRA,IMPRUD. CONDUTOR,1,1,0,0,0,AUTOMÓVEL=1|MOTO=1,RIBEIRÃO PRETO,RIBEIRÃO PRETO,RIBEIRÃO PRETO,ESTADUAL
2020-10-03,21:13:00,L01-AUTOBAN,SPM330E,114.0,SUL,-22.800820864703,-47.222017049789,CHOQUE,CHOQUE-BARREIRA DE CONCRETO,NÃO INFORMADO,0,2,0,0,0,AUTOMÓVEL=1,SUMARÉ,CAMPINAS,CAMPINAS,ESTADUAL
2020-10-03,22:40:00,L06-INTERVIAS,SP330,176.0,SUL,-22.30060005,-47.39239883,ATROPELAMENTO DE PEDESTRE,ATROP. PEDESTRE-CICLISTA,IMPRUDÊNCIA,1,0,0,0,0,AUTOMÓVEL=1|BICICLETA=1,ARARAS,CAMPINAS,RIO CLARO,ESTADUAL
2020-10-04,01:43:00,L06-INTERVIAS,SP330,211.5,SUL,-21.98785019,-47.44945145,ATROPELAMENTO DE ANIMAL,ATROP. ANIMAL,ANIMAL NA RODOVIA,1,0,0,0,0,AUTOMÓVEL=1,PIRASSUNUNGA,CAMPINAS,RIO CLARO,ESTADUAL
2020-10-04,02:06:00,L01-AUTOBAN,SPM330E,19.14,SUL,-23.473039564002,-46.773525627495,CHOQUE,CHOQUE-MEIO FIO/CALÇAMENTO,NÃO INFORMADO,0,0,0,1,4,AUTOMÓVEL=1,SÃO PAULO,REG. METROPOLITANA SÃO PAULO,SÃO PAULO,ESTADUAL
2020-10-04,02:08:00,L01-AUTOBAN,SP330,107.9,NORTE,-22.83327201994,-47.176536450525,CHOQUE,"CHOQUE-CERCAS, ALAMBRADOS, MOURÃO",NÃO INFORMADO,0,1,0,0,0,AUTOMÓVEL=1,SUMARÉ,CAMPINAS,CAMPINAS,ESTADUAL
2020-10-04,10:17:00,L01-AUTOBAN,SP330,104.9,SUL,-22.852587067353,-47.155982148988,COLISÃO,COLISÃO-LATERAL,NÃO INFORMADO,0,1,1,0,0,AUTOMÓVEL=1|MOTO=1,CAMPINAS,CAMPINAS,CAMPINAS,ESTADUAL
2020-10-04,11:12:00,L01-AUTOBAN,SP330,36.0,NORTE,-23.360169,-46.848369,COLISÃO,COLISÃO-TRASEIRA,NÃO INFORMADO,0,0,0,0,0,AUTOMÓVEL=1|CARRETA=1,CAJAMAR,REG. METROPOLITANA SÃO PAULO,SÃO PAULO,ESTADUAL
2020-10-04,12:37:00,L06-INTERVIAS,SP330,162.0,SUL,-22.42490005,-47.39310074,CHOQUE,CHOQUE-OBJETO NA PISTA,OBJETO NA PISTA,3,0,0,0,0,AUTOMÓVEL=1,ARARAS,CAMPINAS,RIO CLARO,ESTADUAL
2020-10-04,18:44:00,L01-AUTOBAN,SP330,57.0,NORTE,-23.205930751154,-46.899073719978,TOMBAMENTO,TOMBAMENTO-MOTO,NÃO INFORMADO,0,2,0,0,0,MOTO=1,JUNDIAÍ,CAMPINAS,CAMPINAS,ESTADUAL
2020-10-05,05:52:00,L06-INTERVIAS,SP330,181.7,NORTE,-22.24950027,-47.3899498,CHOQUE,CHOQUE-VEÍCULO PARADO NA PISTA,FALHA DE EQUIP. PEDÁGIO-PISTA AVI,2,0,0,0,0,CAMINHÃO=2,LEME,CAMPINAS,RIO CLARO,ESTADUAL
2020-10-05,06:26:00,L29-VIAPAULISTA,SP330,273.95,SUL,-21.4732132,-47.64039612,CHOQUE,"CHOQUE - DEFENSA, BARREIRA OU ""SUBMARINO""",IMPRUD. CONDUTOR-LEVOU FECHADA,1,0,0,0,0,AUTOMÓVEL=1,SÃO SIMÃO,RIBEIRÃO PRETO,RIBEIRÃO PRETO,ESTADUAL
2020-10-05,07:11:00,L01-AUTOBAN,SP330,102.3,NORTE,-22.865812828652,-47.134261093406,TOMBAMENTO,TOMBAMENTO-MOTO,NÃO INFORMADO,0,2,0,0,0,MOTO=1,CAMPINAS,CAMPINAS,CAMPINAS,ESTADUAL
2020-10-05,07:15:00,L06-INTERVIAS,SP330,215.0,SUL,-21.95859909,-47.45980072,CHOQUE,CHOQUE-CANCELA DE PEDÁGIO,FALHA DE EQUIP. PEDÁGIO-PISTA AVI,0,0,0,0,0,AUTOMÓVEL=1,PIRASSUNUNGA,CAMPINAS,RIO CLARO,ESTADUAL
2020-10-05,08:08:00,L01-AUTOBAN,SPM330E,104.0,SUL,-22.857076064557,-47.148749828339,COLISÃO,COLISÃO-LATERAL,NÃO INFORMADO,0,1,0,0,0,AUTOMÓVEL=1|MOTO=1,CAMPINAS,CAMPINAS,CAMPINAS,ESTADUAL
2020-10-05,09:50:00,L06-INTERVIAS,SP330,176.6,SUL,-22.29525948,-47.39287949,CHOQUE,CHOQUE-OBJETO NA PISTA,OBJETO NA PISTA,1,0,0,0,0,AUTOMÓVEL=1,ARARAS,CAMPINAS,RIO CLARO,ESTADUAL
2020-10-05,13:08:00,L01-AUTOBAN,SP330,92.2,NORTE,-22.93403645795,-47.072904444467,CHOQUE,CHOQUE-TALUDE OU BARRANCO,NÃO INFORMADO,0,0,0,0,0,VAN/PERUA=1,CAMPINAS,CAMPINAS,CAMPINAS,ESTADUAL
2020-10-05,13:29:00,L01-AUTOBAN,SP330,21.3,NORTE,-23.458404562777,-46.782930847103,COLISÃO,COLISÃO-LATERAL,NÃO INFORMADO,0,0,0,0,0,AUTOMÓVEL=1|NÃO INFORMADO=1,SÃO PAULO,REG. METROPOLITANA SÃO PAULO,SÃO PAULO,ESTADUAL
2020-10-05,15:37:00,L29-VIAPAULISTA,SP330,312.6,SUL,-21.16071892,-47.75634766,CAPOTAMENTO,CAPOTAMENTO,IMPRUD. CONDUTOR-LEVOU FECHADA,0,1,0,0,0,UTILITÁRIO=1,RIBEIRÃO PRETO,RIBEIRÃO PRETO,RIBEIRÃO PRETO,ESTADUAL
2020-10-05,16:37:00,L28-ENTREVIAS,SP330,347.0,NORTE,-20.8793600275,-47.897705,CHOQUE,CHOQUE-OBJETO NA PISTA,OBJETO LANÇADO-TERCEIROS,1,0,0,0,0,AUTOMÓVEL=1,SALES OLIVEIRA,FRANCA,RIBEIRÃO PRETO,ESTADUAL
2020-10-05,16:59:00,L01-AUTOBAN,SPM330E,94.5,SUL,-22.924640493417,-47.087520650466,TOMBAMENTO,TOMBAMENTO-MOTO,NÃO INFORMADO,0,1,0,0,0,MOTO=1,CAMPINAS,CAMPINAS,CAMPINAS,ESTADUAL
2020-10-05,17:02:00,L01-AUTOBAN,SPM330D,100.0,NORTE,-22.880331764505,-47.117582559586,COLISÃO,COLISÃO-TRASEIRA,NÃO INFORMADO,0,0,0,0,0,AUTOMÓVEL=2,CAMPINAS,CAMPINAS,CAMPINAS,ESTADUAL
2020-10-05,18:45:00,L28-ENTREVIAS,SP330,427.0,SUL,-20.18344251,-47.7865009249,COLISÃO,COLISÃO-TRASEIRA,VEÍCULO PARADO NA FAIXA,1,2,0,0,0,AUTOMÓVEL=2,ARAMINA,FRANCA,RIBEIRÃO PRETO,ESTADUAL
2020-10-05,21:35:00,L29-VIAPAULISTA,SP330,307.0,NORTE,-21.21036911,-47.75847626,TOMBAMENTO,TOMBAMENTO,IMPRUD. CONDUTOR-LEVOU FECHADA,0,1,0,0,0,MOTO=1,RIBEIRÃO PRETO,RIBEIRÃO PRETO,RIBEIRÃO PRETO,ESTADUAL
2020-10-05,22:01:00,L01-AUTOBAN,SP330,19.2,NORTE,-23.472758987006,-46.773873572349,ATROPELAMENTO DE PEDESTRE,ATROP. PEDESTRE-USUÁRIO,NÃO INFORMADO,0,4,0,0,0,AUTOMÓVEL=3|NÃO SE APLICA=1,OSASCO,REG. METROPOLITANA SÃO PAULO,SÃO PAULO,ESTADUAL
2020-10-06,07:01:00,L01-AUTOBAN,SPM330E,109.0,SUL,-22.827506,-47.184259,COLISÃO,COLISÃO-LATERAL,NÃO INFORMADO,0,0,1,0,0,AUTOMÓVEL=1|MOTO=1,SUMARÉ,CAMPINAS,CAMPINAS,ESTADUAL
2020-10-06,07:16:00,L29-VIAPAULISTA,SP330,312.0,SUL,-21.16648865,-47.75630951,COLISÃO,COLISÃO-TRASEIRA,IMPRUD. CONDUTOR-DIST. INADEQUADA ENTRE VEÍC.,2,0,0,0,0,AUTOMÓVEL=1|MOTO=1,RIBEIRÃO PRETO,RIBEIRÃO PRETO,RIBEIRÃO PRETO,ESTADUAL
2020-10-06,11:03:00,L29-VIAPAULISTA,SPA307/330,2.8,OESTE,-21.19047165,-47.78022003,TOMBAMENTO,TOMBAMENTO,ESTOURO/FURO DE PNEU,0,2,0,0,0,MOTO=1,RIBEIRÃO PRETO,RIBEIRÃO PRETO,RIBEIRÃO PRETO,ESTADUAL
2020-10-06,13:27:00,L01-AUTOBAN,SP330,53.6,SUL,-23.226340051517,-46.875780337109,COLISÃO,COLISÃO-TRASEIRA,NÃO INFORMADO,0,1,0,0,0,AUTOMÓVEL=1|MOTO=1,JUNDIAÍ,CAMPINAS,CAMPINAS,ESTADUAL
2020-10-06,17:05:00,L01-AUTOBAN,SP330,108.79,SUL,-22.828644290879,-47.182814359045,TOMBAMENTO,TOMBAMENTO-MOTO,NÃO INFORMADO,0,1,0,0,0,MOTO=1,SUMARÉ,CAMPINAS,CAMPINAS,ESTADUAL
2020-10-06,19:59:00,L01-AUTOBAN,SPM330D,122.64,NORTE,-22.740205100898,-47.273596710202,TOMBAMENTO,TOMBAMENTO-MOTO,NÃO INFORMADO,0,0,2,0,0,MOTO=1,AMERICANA,CAMPINAS,RIO CLARO,ESTADUAL
2020-10-06,20:14:00,L28-ENTREVIAS,SP330,372.0,SUL,-20.6546202574,-47.8806398474,CHOQUE,CHOQUE-DEFENSA METÁLICA,IMPRUD. CONDUTOR-PERDA DE CONTROLE,1,0,0,0,0,AUTOMÓVEL=1,ORLÂNDIA,FRANCA,RIBEIRÃO PRETO,ESTADUAL
2020-10-06,20:52:00,L29-VIAPAULISTA,SP330,291.0,NORTE,-21.34786987,-47.72402954,COLISÃO,COLISÃO-TRASEIRA,IMPRUD. CONDUTOR-PERDA DE CONTROLE,1,0,1,0,0,CAMINHÃO=2,CRAVINHOS,RIBEIRÃO PRETO,RIBEIRÃO PRETO,ESTADUAL
2020-10-07,10:06:00,L01-AUTOBAN,SP330,60.3,SUL,-23.179408915932,-46.913722867307,COLISÃO,COLISÃO-TRASEIRA,NÃO INFORMADO,0,0,0,0,0,NÃO INFORMADO=1|UTILITÁRIO=2,JUNDIAÍ,CAMPINAS,CAMPINAS,ESTADUAL
2020-10-07,10:50:00,L01-AUTOBAN,SPI102/330,5.5,NORTE,-22.911504562166,-47.13587035923,COLISÃO,COLISÃO-LATERAL,NÃO INFORMADO,0,0,0,0,0,BITREM/CVC=1|VAN/PERUA=1,CAMPINAS,CAMPINAS,CAMPINAS,ESTADUAL
2020-10-07,13:02:00,L01-AUTOBAN,SP330,103.2,NORTE,-22.861118703502,-47.141121835019,COLISÃO,COLISÃO-LATERAL,NÃO INFORMADO,0,3,0,0,0,AUTOMÓVEL=1|NÃO INFORMADO=1,CAMPINAS,CAMPINAS,CAMPINAS,ESTADUAL
2020-10-07,13:04:00,L01-AUTOBAN,SP330,26.0,SUL,-23.42090534696,-46.794376373291,CHOQUE,CHOQUE-ILHA,NÃO INFORMADO,0,0,0,0,0,CARRETA=1,SÃO PAULO,REG. METROPOLITANA SÃO PAULO,SÃO PAULO,ESTADUAL
2020-10-07,13:23:00,L01-AUTOBAN,SP330,129.6,SUL,-22.691676465224,-47.310449490506,CHOQUE,CHOQUE-DEFENSA METÁLICA,NÃO INFORMADO,0,0,0,0,0,AUTOMÓVEL=1|NÃO INFORMADO=1,AMERICANA,CAMPINAS,RIO CLARO,ESTADUAL
2020-10-07,14:32:00,L06-INTERVIAS,SP330,207.5,NORTE,-22.02210045,-47.43745041,OBJETO LANÇADO CONTRA O VEÍCULO,OBJETO LANÇADO CONTRA VEÍCULO,OBJETO LANÇADO,1,0,0,0,0,CAMINHONETE=1,PIRASSUNUNGA,CAMPINAS,RIO CLARO,ESTADUAL
2020-10-07,14:45:00,L01-AUTOBAN,SP330,105.3,NORTE,-22.850150905444,-47.158932735081,COLISÃO,COLISÃO-LATERAL,NÃO INFORMADO,0,0,0,0,0,AUTOMÓVEL=1|CARRETA=1,CAMPINAS,CAMPINAS,CAMPINAS,ESTADUAL
2020-10-07,15:00:00,L28-ENTREVIAS,SP330,401.5,SUL,-20.4106851943,-47.8257001223,COLISÃO,COLISÃO-TRASEIRA,FUMAÇA,1,1,1,0,0,AUTOMÓVEL=1|CAMINHÃO=2,GUARÁ,FRANCA,RIBEIRÃO PRETO,ESTADUAL
2020-10-08,01:23:00,L01-AUTOBAN,SP330,102.96,NORTE,-22.862403727,-47.138959329764,COLISÃO,COLISÃO-TRASEIRA,NÃO INFORMADO,0,1,0,0,0,CAMINHÃO=1|UTILITÁRIO=1,CAMPINAS,CAMPINAS,CAMPINAS,ESTADUAL
2020-10-08,03:17:00,L06-INTERVIAS,SP330,227.7,SUL,-21.84810066,-47.49517822,CHOQUE,CHOQUE-VEÍCULO PARADO NA PISTA,VEÍCULO PARADO NA FAIXA,1,0,0,1,0,CAMINHÃO=2,PORTO FERREIRA,CENTRAL,RIO CLARO,ESTADUAL
2020-10-08,07:21:00,L01-AUTOBAN,SP330,131.2,NORTE,-22.677293499478,-47.311220876236,CHOQUE,CHOQUE-VEÍCULO PARADO NA PISTA,NÃO INFORMADO,0,0,0,0,0,BITREM/CVC=2,LIMEIRA,CAMPINAS,RIO CLARO,ESTADUAL
2020-10-08,08:00:00,L01-AUTOBAN,SP330,83.1,SUL,-23.004693132134,-47.028572909176,COLISÃO,COLISÃO-LATERAL,NÃO INFORMADO,0,1,0,0,0,AUTOMÓVEL=2,VALINHOS,CAMPINAS,CAMPINAS,ESTADUAL
2020-10-08,08:13:00,L01-AUTOBAN,SP330,130.5,NORTE,-22.683558624879,-47.310677468777,COLISÃO,COLISÃO-LATERAL,NÃO INFORMADO,0,0,0,0,0,AUTOMÓVEL=1|CARRETA=1,LIMEIRA,CAMPINAS,RIO CLARO,ESTADUAL
2020-10-08,08:16:00,L01-AUTOBAN,SP330,41.4,SUL,-23.32104153879,-46.849576243985,CHOQUE,CHOQUE-BARREIRA DE CONCRETO,NÃO INFORMADO,0,0,0,0,0,AUTOMÓVEL=1,CAJAMAR,REG. METROPOLITANA SÃO PAULO,SÃO PAULO,ESTADUAL
2020-10-08,09:44:00,L01-AUTOBAN,SP330,137.5,SUL,-22.627553834656,-47.339886724949,COLISÃO,COLISÃO-LATERAL,NÃO INFORMADO,0,0,0,0,0,AUTOMÓVEL=1|UTILITÁRIO=1,LIMEIRA,CAMPINAS,RIO CLARO,ESTADUAL
2020-10-08,10:16:00,L01-AUTOBAN,SP330,20.0,NORTE,-23.468944569907,-46.778873205185,COLISÃO,COLISÃO-TRASEIRA,NÃO INFORMADO,0,0,0,0,0,AUTOMÓVEL=2,OSASCO,REG. METROPOLITANA SÃO PAULO,SÃO PAULO,ESTADUAL
2020-10-08,14:08:00,L06-INTERVIAS,SP330,180.0,NORTE,-22.26479912,-47.39080048,CHOQUE,CHOQUE-SINALIZAÇÃO,NÃO INFORMADO,0,0,0,0,1,CAMINHÃO=1,ARARAS,CAMPINAS,RIO CLARO,ESTADUAL
2020-10-08,16:34:00,L06-INTERVIAS,SP330,217.0,SUL,-21.94045067,-47.46564865,OBJETO LANÇADO CONTRA O VEÍCULO,OBJETO LANÇADO CONTRA VEÍCULO,NÃO INFORMADO,3,0,0,0,0,AUTOMÓVEL=1,PIRASSUNUNGA,CAMPINAS,RIO CLARO,ESTADUAL
2020-10-08,18:15:00,L29-VIAPAULISTA,SP330,317.8,SUL,-21.11854362,-47.77618408,TOMBAMENTO,TOMBAMENTO,ESTOURO/FURO DE PNEU,0,1,0,0,0,MOTO=1,RIBEIRÃO PRETO,RIBEIRÃO PRETO,RIBEIRÃO PRETO,ESTADUAL
2020-10-08,19:31:00,L01-AUTOBAN,SP330,11.8,NORTE,-23.509594685226,-46.729987212609,COLISÃO,COLISÃO-TRASEIRA,NÃO INFORMADO,0,0,0,0,0,AUTOMÓVEL=2,SÃO PAULO,REG. METROPOLITANA SÃO PAULO,SÃO PAULO,ESTADUAL
2020-10-08,20:50:00,L01-AUTOBAN,SPM330E,92.9,SUL,-22.930391122245,-47.078296936371,COLISÃO,COLISÃO-TRASEIRA,NÃO INFORMADO,0,0,0,0,0,AUTOMÓVEL=2,CAMPINAS,CAMPINAS,CAMPINAS,ESTADUAL
2020-10-09,04:57:00,L01-AUTOBAN,SP330,117.2,NORTE,-22.773654010065,-47.23603425593,CHOQUE,CHOQUE-SINALIZAÇÃO,NÃO INFORMADO,0,2,0,0,0,UTILITÁRIO=1,NOVA ODESSA,CAMPINAS,RIO CLARO,ESTADUAL
2020-10-09,07:21:00,L01-AUTOBAN,SP330,92.0,SUL,-22.935126302733,-47.071105241776,CHOQUE,CHOQUE-TALUDE OU BARRANCO,NÃO INFORMADO,0,1,0,0,0,AUTOMÓVEL=1,CAMPINAS,CAMPINAS,CAMPINAS,ESTADUAL
2020-10-09,07:29:00,L01-AUTOBAN,SP330,23.0,NORTE,-23.444358701913,-46.786882281303,TOMBAMENTO,TOMBAMENTO-MOTO,NÃO INFORMADO,0,1,0,0,0,MOTO=1,SÃO PAULO,REG. METROPOLITANA SÃO PAULO,SÃO PAULO,ESTADUAL
2020-10-09,07:36:00,L01-AUTOBAN,SP330,92.0,NORTE,-22.935116422047,-47.071389555931,CHOQUE,CHOQUE-BARREIRA DE CONCRETO,NÃO INFORMADO,0,0,0,0,0,AUTOMÓVEL=1,CAMPINAS,CAMPINAS,CAMPINAS,ESTADUAL
2020-10-09,07:47:00,L01-AUTOBAN,SP330,117.7,NORTE,-22.770661510824,-47.239011507936,COLISÃO,COLISÃO-TRASEIRA,NÃO INFORMADO,0,0,0,0,0,AUTOMÓVEL=1|NÃO INFORMADO=1,NOVA ODESSA,CAMPINAS,RIO CLARO,ESTADUAL
2020-10-09,08:11:00,L28-ENTREVIAS,SP330,392.0,NORTE,-20.4826041561,-47.8423467849,TOMBAMENTO,TOMBAMENTO-VEÍCULOS PESADOS,IMPRUD. CONDUTOR-PERDA DE CONTROLE,1,0,0,0,0,CAMINHÃO=1,GUARÁ,FRANCA,RIBEIRÃO PRETO,ESTADUAL
2020-10-09,08:23:00,L01-AUTOBAN,SP330,30.0,NORTE,-23.405103365161,-46.82884812355,CHOQUE,CHOQUE-MEIO FIO/CALÇAMENTO,NÃO INFORMADO,0,0,0,0,0,AUTOMÓVEL=1,CAJAMAR,REG. METROPOLITANA SÃO PAULO,SÃO PAULO,ESTADUAL
2020-10-09,08:48:00,L28-ENTREVIAS,SPA410/330,0.3,OESTE,-22.3727835946,-50.5944161425,CAPOTAMENTO,CAPOTAMENTO,PANE MECÂNICA/ELÉTRICA,1,1,0,0,0,AUTOMÓVEL=1,ITUVERAVA,FRANCA,RIBEIRÃO PRETO,ESTADUAL
2020-10-09,11:07:00,L01-AUTOBAN,SPM330E,58.0,SUL,-23.19706558464,-46.903826594353,CHOQUE,CHOQUE-MEIO FIO/CALÇAMENTO,NÃO INFORMADO,0,0,0,0,0,VAN/PERUA=1,JUNDIAÍ,CAMPINAS,CAMPINAS,ESTADUAL
2020-10-09,11:18:00,L01-AUTOBAN,SP330,92.0,SUL,-22.935126302733,-47.071105241776,CHOQUE,CHOQUE-TALUDE OU BARRANCO,NÃO INFORMADO,0,0,0,0,0,AUTOMÓVEL=1,CAMPINAS,CAMPINAS,CAMPINAS,ESTADUAL
2020-10-09,11:35:00,L01-AUTOBAN,SP330,85.3,NORTE,-22.987504573551,-47.040282277008,CHOQUE,CHOQUE-SINALIZAÇÃO,NÃO INFORMADO,0,0,0,0,0,CARRETA=1,VALINHOS,CAMPINAS,CAMPINAS,ESTADUAL
2020-10-09,12:44:00,L01-AUTOBAN,SP330,61.8,NORTE,-23.169952651431,-46.924889439051,CHOQUE,CHOQUE-BARREIRA DE CONCRETO,NÃO INFORMADO,0,1,0,0,0,UTILITÁRIO=1,JUNDIAÍ,CAMPINAS,CAMPINAS,ESTADUAL
2020-10-09,15:10:00,L29-VIAPAULISTA,SP330,307.0,SUL,-21.21128464,-47.75865936,CHOQUE,"CHOQUE - DEFENSA, BARREIRA OU ""SUBMARINO""",IMPRUD. CONDUTOR,1,0,0,0,0,CAMINHÃO=1,RIBEIRÃO PRETO,RIBEIRÃO PRETO,RIBEIRÃO PRETO,ESTADUAL
2020-10-09,16:29:00,L01-AUTOBAN,SP330,16.78,NORTE,-23.491155988737,-46.765008979542,COLISÃO,COLISÃO-LATERAL,NÃO INFORMADO,0,0,0,0,0,AUTOMÓVEL=1|UTILITÁRIO=1,SÃO PAULO,REG. METROPOLITANA SÃO PAULO,SÃO PAULO,ESTADUAL
2020-10-09,16:41:00,L29-VIAPAULISTA,SP330,293.4,NORTE,-21.32727432,-47.7296524,CHOQUE,"CHOQUE - DEFENSA, BARREIRA OU ""SUBMARINO""",IMPRUD. CONDUTOR-LEVOU FECHADA,1,0,0,0,0,AUTOMÓVEL=1,CRAVINHOS,RIBEIRÃO PRETO,RIBEIRÃO PRETO,ESTADUAL
2020-10-09,18:35:00,L01-AUTOBAN,SP330,12.0,NORTE,-23.509174607034,-46.730620265007,COLISÃO,COLISÃO-LATERAL,NÃO INFORMADO,0,1,0,0,0,MOTO=1|UTILITÁRIO=1,SÃO PAULO,REG. METROPOLITANA SÃO PAULO,SÃO PAULO,ESTADUAL
2020-10-09,19:06:00,L01-AUTOBAN,SP330,96.6,NORTE,-22.907026633447,-47.105240096826,COLISÃO,COLISÃO-TRASEIRA,NÃO INFORMADO,0,0,0,0,0,AUTOMÓVEL=2,CAMPINAS,CAMPINAS,CAMPINAS,ESTADUAL
2020-10-09,20:36:00,L01-AUTOBAN,SP330,26.4,NORTE,-23.418712856682,-46.79790293852,CHOQUE,CHOQUE-PRAÇA MANUAL-(ENTRE VEÍCULOS),NÃO INFORMADO,0,0,0,0,0,AUTOMÓVEL=2,SÃO PAULO,REG. METROPOLITANA SÃO PAULO,SÃO PAULO,ESTADUAL
2020-10-09,21:51:00,L01-AUTOBAN,SP330,24.0,NORTE,-23.434539807835,-46.786286830902,CHOQUE,CHOQUE-BARREIRA DE CONCRETO,NÃO INFORMADO,0,0,0,0,0,AUTOMÓVEL=1,SÃO PAULO,REG. METROPOLITANA SÃO PAULO,SÃO PAULO,ESTADUAL
2020-10-09,22:06:00,L01-AUTOBAN,SPM330D,95.68,NORTE,-22.914089027075,-47.099043133126,COLISÃO,COLISÃO-LATERAL,NÃO INFORMADO,0,0,0,0,0,AUTOMÓVEL=2,CAMPINAS,CAMPINAS,CAMPINAS,ESTADUAL
2020-10-10,00:14:00,L01-AUTOBAN,SP330,30.7,NORTE,-23.402525628158,-46.834431952364,CHOQUE,CHOQUE-BARREIRA DE CONCRETO,NÃO INFORMADO,0,2,0,0,0,AUTOMÓVEL=1,CAJAMAR,REG. METROPOLITANA SÃO PAULO,SÃO PAULO,ESTADUAL
2020-10-10,00:27:00,L01-AUTOBAN,SP330,17.85,NORTE,-23.483603329552,-46.770316960024,CHOQUE,CHOQUE-BARREIRA DE CONCRETO,NÃO INFORMADO,0,0,0,0,0,AUTOMÓVEL=1,OSASCO,REG. METROPOLITANA SÃO PAULO,SÃO PAULO,ESTADUAL
2020-10-10,00:57:00,L01-AUTOBAN,SP330,69.4,NORTE,-23.110390663559,-46.95961762226,CHOQUE,CHOQUE-DEFENSA METÁLICA,NÃO INFORMADO,0,0,0,0,0,AUTOMÓVEL=1,JUNDIAÍ,CAMPINAS,CAMPINAS,ESTADUAL
2020-10-10,01:20:00,L01-AUTOBAN,SP330,15.75,NORTE,-23.495531841506,-46.757730692625,CHOQUE,CHOQUE-OBJETO NA PISTA,NÃO INFORMADO,0,0,0,0,0,AUTOMÓVEL=2,SÃO PAULO,REG. METROPOLITANA SÃO PAULO,SÃO PAULO,ESTADUAL
2020-10-10,02:56:00,L06-INTERVIAS,SP330,201.0,NORTE,-22.07900047,-47.4219017,CHOQUE,CHOQUE-OBJETO NA PISTA,OBJETO NA PISTA,1,0,0,0,0,AUTOMÓVEL=1,SANTA CRUZ DA CONCEIÇÃO,CAMPINAS,RIO CLARO,ESTADUAL
2020-10-10,06:11:00,L01-AUTOBAN,SP330,47.6,SUL,-23.277367979325,-46.871122960934,CHOQUE,CHOQUE-BARREIRA DE CONCRETO,NÃO INFORMADO,0,0,0,0,0,AUTOMÓVEL=1,JUNDIAÍ,CAMPINAS,CAMPINAS,ESTADUAL
2020-10-10,06:36:00,L28-ENTREVIAS,SP330,365.0,NORTE,-20.7163362996,-47.8928929128,CHOQUE,CHOQUE-DEFENSA METÁLICA,IMPRUD. CONDUTOR-DORMIR AO VOLANTE,1,0,0,0,0,CAMINHÃO=1,ORLÂNDIA,FRANCA,RIBEIRÃO PRETO,ESTADUAL
2020-10-10,14:08:00,L01-AUTOBAN,SP330,53.3,SUL,-23.228642673876,-46.87442367924,TOMBAMENTO,TOMBAMENTO-MOTO,NÃO INFORMADO,0,1,0,0,0,MOTO=1,JUNDIAÍ,CAMPINAS,CAMPINAS,ESTADUAL
2020-10-10,15:34:00,L28-ENTREVIAS,SP330,373.75,NORTE,-20.6455314029,-47.8805402012,TOMBAMENTO,TOMBAMENTO-VEÍCULOS PESADOS,IMPRUD. CONDUTOR-FALTA DE ATENÇÃO,1,0,0,0,0,CAMINHÃO=1,ORLÂNDIA,FRANCA,RIBEIRÃO PRETO,ESTADUAL
2020-10-10,16:19:00,L01-AUTOBAN,SP330,153.0,SUL,-22.505683329931,-47.399235963821,COLISÃO,COLISÃO-TRASEIRA,NÃO INFORMADO,0,0,0,1,0,MOTO=2,CORDEIRÓPOLIS,CAMPINAS,RIO CLARO,ESTADUAL
2020-10-10,16:40:00,L01-AUTOBAN,SPM330E,60.0,SUL,-23.181167952022,-46.911588907242,COLISÃO,COLISÃO-TRASEIRA,NÃO INFORMADO,0,3,0,0,0,AUTOMÓVEL=1|UTILITÁRIO=1,JUNDIAÍ,CAMPINAS,CAMPINAS,ESTADUAL
2020-10-10,20:27:00,L01-AUTOBAN,SP330,50.0,SUL,-23.256857077892,-46.867477297783,COLISÃO,COLISÃO-LATERAL,NÃO INFORMADO,0,0,0,0,0,AUTOMÓVEL=1|CARRETA=1,JUNDIAÍ,CAMPINAS,CAMPINAS,ESTADUAL
2020-10-10,21:11:00,L01-AUTOBAN,SP330,127.14,NORTE,-22.709971380579,-47.298583384891,COLISÃO,COLISÃO-TRASEIRA,NÃO INFORMADO,0,0,0,0,0,AUTOMÓVEL=3,AMERICANA,CAMPINAS,RIO CLARO,ESTADUAL
2020-10-10,23:05:00,L01-AUTOBAN,SP330,33.5,SUL,-23.380334759269,-46.839400116051,TOMBAMENTO,TOMBAMENTO-MOTO,NÃO INFORMADO,0,1,0,0,0,MOTO=1,CAJAMAR,REG. METROPOLITANA SÃO PAULO,SÃO PAULO,ESTADUAL
2020-10-11,01:08:00,L01-AUTOBAN,SP330,71.2,SUL,-23.096400336202,-46.969045028618,CHOQUE,CHOQUE-MEIO FIO/CALÇAMENTO,NÃO INFORMADO,0,0,0,0,0,AUTOMÓVEL=1,LOUVEIRA,CAMPINAS,CAMPINAS,ESTADUAL
2020-10-11,02:20:00,L01-AUTOBAN,SP330,18.5,NORTE,-23.478064611931,-46.771784126759,CHOQUE,CHOQUE-DEFENSA METÁLICA,NÃO INFORMADO,0,0,0,0,0,UTILITÁRIO=1,OSASCO,REG. METROPOLITANA SÃO PAULO,SÃO PAULO,ESTADUAL
2020-10-11,04:13:00,L01-AUTOBAN,SPM330D,15.4,NORTE,-23.497548144481,-46.756234286585,CHOQUE,CHOQUE-TALUDE OU BARRANCO,NÃO INFORMADO,0,0,0,0,0,UTILITÁRIO=1,SÃO PAULO,REG. METROPOLITANA SÃO PAULO,SÃO PAULO,ESTADUAL
2020-10-11,05:28:00,L01-AUTOBAN,SPM330D,111.73,NORTE,-22.814791188226,-47.207016927455,COLISÃO,COLISÃO-TRASEIRA,NÃO INFORMADO,0,1,0,0,0,BITREM/CVC=1|UTILITÁRIO=1,SUMARÉ,CAMPINAS,CAMPINAS,ESTADUAL
2020-10-11,06:35:00,L01-AUTOBAN,SP330,88.1,NORTE,-22.965207172444,-47.053833418881,COLISÃO,COLISÃO-FRONTAL,NÃO INFORMADO,0,1,0,0,0,AUTOMÓVEL=1|MOTO=1,CAMPINAS,CAMPINAS,CAMPINAS,ESTADUAL
2020-10-11,12:28:00,L01-AUTOBAN,SPM330E,89.7,SUL,-22.953415673911,-47.060818419977,CHOQUE,CHOQUE-VEÍCULO PARADO NA PISTA,NÃO INFORMADO,0,2,0,0,0,MOTO=1|UTILITÁRIO=1,CAMPINAS,CAMPINAS,CAMPINAS,ESTADUAL
2020-10-11,18:28:00,L28-ENTREVIAS,SP330,385.0,SUL,-20.5439727404,-47.8553982822,TOMBAMENTO,TOMBAMENTO-MOTO,ESTOURO/FURO DE PNEU,1,1,0,0,0,MOTOCICLETA / MOTONETA=1,SÃO JOAQUIM DA BARRA,FRANCA,RIBEIRÃO PRETO,ESTADUAL
2020-10-11,18:39:00,L01-AUTOBAN,SP330,16.0,NORTE,-23.494091626664,-46.758799552918,ENGAVETAMENTO,ENGAVETAMENTO,NÃO INFORMADO,0,5,0,0,0,AUTOMÓVEL=3,OSASCO,REG. METROPOLITANA SÃO PAULO,SÃO PAULO,ESTADUAL
2020-10-11,19:31:00,L01-AUTOBAN,SPM330D,60.1,NORTE,-23.180429729064,-46.912147332673,COLISÃO,COLISÃO-TRASEIRA,NÃO INFORMADO,0,1,0,0,0,AUTOMÓVEL=1|MOTO=1,JUNDIAÍ,NÃO INFORMADO,NÃO INFORMADO,NÃO INFORMADO
2020-10-11,19:32:00,L28-ENTREVIAS,SPA355/330,0.4,LESTE,-20.7999228252,-47.8862153104,ATROPELAMENTO DE PEDESTRE,ATROP. PEDESTRE-USUÁRIO,IMPRUD. PEDESTRE-TRABALHADOR,1,0,0,1,0,AUTOMÓVEL=1|NÃO INFORMADO=1,SALES OLIVEIRA,FRANCA,RIBEIRÃO PRETO,ESTADUAL
2020-10-11,19:41:00,L01-AUTOBAN,SP330,15.5,NORTE,-23.496972056347,-46.756661832333,ENGAVETAMENTO,ENGAVETAMENTO,NÃO INFORMADO,0,0,0,0,0,AUTOMÓVEL=2|CAMINHÃO=1,SÃO PAULO,REG. METROPOLITANA SÃO PAULO,SÃO PAULO,ESTADUAL
2020-10-11,19:47:00,L01-AUTOBAN,SP330,15.5,NORTE,-23.496972056347,-46.756661832333,CHOQUE,CHOQUE-VEÍCULO PARADO NA PISTA,NÃO INFORMADO,0,1,0,0,0,AUTOMÓVEL=2,SÃO PAULO,REG. METROPOLITANA SÃO PAULO,SÃO PAULO,ESTADUAL
2020-10-11,19:53:00,L01-AUTOBAN,SP330,15.5,NORTE,-23.496972056347,-46.756661832333,CHOQUE,CHOQUE-VEÍCULO PARADO NA PISTA,NÃO INFORMADO,0,0,1,0,0,AUTOMÓVEL=1|MOTO=1,SÃO PAULO,REG. METROPOLITANA SÃO PAULO,SÃO PAULO,ESTADUAL
2020-10-11,20:14:00,L01-AUTOBAN,SP330,20.5,NORTE,-23.464828315897,-46.78013920784,CHOQUE,CHOQUE-BARREIRA DE CONCRETO,NÃO INFORMADO,0,5,0,0,0,AUTOMÓVEL=1,SÃO PAULO,REG. METROPOLITANA SÃO PAULO,SÃO PAULO,ESTADUAL
2020-10-11,21:22:00,L01-AUTOBAN,SP330,97.7,NORTE,-22.89833548748,-47.109863153037,COLISÃO,COLISÃO-TRASEIRA,NÃO INFORMADO,0,1,2,0,0,AUTOMÓVEL=2,CAMPINAS,CAMPINAS,CAMPINAS,ESTADUAL
2020-10-12,01:27:00,L06-INTERVIAS,SPI165/330,4.0,LESTE,-22.38599968,-47.36019897,CHOQUE,CHOQUE-TALUDE OU BARRANCO,NÃO INFORMADO,1,0,0,0,0,AUTOMÓVEL=1,ARARAS,CAMPINAS,RIO CLARO,ESTADUAL
2020-10-12,04:29:00,L01-AUTOBAN,SPM330D,105.5,NORTE,-22.84910980095,-47.160396223393,CHOQUE,CHOQUE-BARREIRA DE CONCRETO,NÃO INFORMADO,0,0,2,0,0,MOTO=1,CAMPINAS,CAMPINAS,CAMPINAS,ESTADUAL
2020-10-12,05:36:00,L01-AUTOBAN,SPI102/330,3.0,SUL,-22.890087592831,-47.133536338806,CHOQUE,CHOQUE-VIADUTO/PONTE,NÃO INFORMADO,0,0,0,0,0,AUTOMÓVEL=1,CAMPINAS,CAMPINAS,CAMPINAS,ESTADUAL
2020-10-12,06:57:00,L28-ENTREVIAS,SP330,374.88,SUL,-20.634984647,-47.881892632,CAPOTAMENTO,CAPOTAMENTO,IMPRUD. CONDUTOR-DORMIR AO VOLANTE,0,2,3,0,0,AUTOMÓVEL=1,SÃO JOAQUIM DA BARRA,FRANCA,RIBEIRÃO PRETO,ESTADUAL
2020-10-12,09:47:00,L29-VIAPAULISTA,SP330,310.89,NORTE,-21.17532158,-47.75663757,COLISÃO,COLISÃO-TRASEIRA,IMPRUD. CONDUTOR-DIST. INADEQUADA ENTRE VEÍC.,1,0,0,0,0,AUTOMÓVEL=1,RIBEIRÃO PRETO,RIBEIRÃO PRETO,RIBEIRÃO PRETO,ESTADUAL
2020-10-12,13:33:00,L01-AUTOBAN,SP330,103.7,SUL,-22.858710761818,-47.145961051468,TOMBAMENTO,TOMBAMENTO,NÃO INFORMADO,0,0,0,0,0,BITREM/CVC=1,CAMPINAS,CAMPINAS,CAMPINAS,ESTADUAL
2020-10-12,19:46:00,L01-AUTOBAN,SP330,102.7,SUL,-22.864274017792,-47.137346178558,CHOQUE,CHOQUE-BARREIRA DE CONCRETO,NÃO INFORMADO,0,0,1,0,0,AUTOMÓVEL=1,CAMPINAS,CAMPINAS,CAMPINAS,ESTADUAL
2020-10-12,19:52:00,L01-AUTOBAN,SP330,156.5,NORTE,-22.474063656285,-47.39896774292,COLISÃO,COLISÃO-LATERAL,NÃO INFORMADO,0,0,0,0,0,AUTOMÓVEL=1|CARRETA=1,CORDEIRÓPOLIS,CAMPINAS,RIO CLARO,ESTADUAL
2020-10-12,21:10:00,L01-AUTOBAN,SP330,41.1,SUL,-23.322899217788,-46.847773781192,COLISÃO,COLISÃO-TRASEIRA,NÃO INFORMADO,0,0,0,0,0,AUTOMÓVEL=2,CAJAMAR,REG. METROPOLITANA SÃO PAULO,SÃO PAULO,ESTADUAL
2020-10-12,21:37:00,L01-AUTOBAN,SPM330E,106.5,SUL,-22.843323381543,-47.167568206787,ATROPELAMENTO DE ANIMAL,ATROP. ANIMAL,NÃO INFORMADO,0,1,0,0,0,MOTO=1,SUMARÉ,CAMPINAS,CAMPINAS,ESTADUAL
2020-10-12,21:53:00,L29-VIAPAULISTA,SPA307/330,1.0,OESTE,-21.20017624,-47.76668549,COLISÃO,COLISÃO-LATERAL,IMPRUD. CONDUTOR,1,1,0,0,0,MOTO=2,RIBEIRÃO PRETO,RIBEIRÃO PRETO,RIBEIRÃO PRETO,ESTADUAL
2020-10-13,03:06:00,L01-AUTOBAN,SP330,116.0,SUL,-22.783526300145,-47.230841517448,ATROPELAMENTO DE PEDESTRE,ATROP. PEDESTRE-ANDARILHO,NÃO INFORMADO,0,0,1,0,0,NÃO INFORMADO=1|NÃO SE APLICA=1,NOVA ODESSA,CAMPINAS,RIO CLARO,ESTADUAL
2020-10-13,09:44:00,L28-ENTREVIAS,SP330,442.0,SUL,-20.0534618964,-47.7858239022,OBJETO LANÇADO CONTRA O VEÍCULO,OBJETO LANÇADO CONTRA VEÍCULO,OBJETO LANÇADO-TERCEIROS,1,0,0,0,0,AUTOMÓVEL=1,IGARAPAVA,FRANCA,RIBEIRÃO PRETO,ESTADUAL
2020-10-13,10:03:00,L28-ENTREVIAS,SP330,442.0,SUL,-20.0534618964,-47.7858239022,OBJETO LANÇADO CONTRA O VEÍCULO,OBJETO LANÇADO CONTRA VEÍCULO,OBJETO LANÇADO-TERCEIROS,1,0,0,0,0,AUTOMÓVEL=1,IGARAPAVA,FRANCA,RIBEIRÃO PRETO,ESTADUAL
2020-10-13,10:46:00,L01-AUTOBAN,SP330,11.5,SUL,-23.510460756592,-46.729056344143,CHOQUE,CHOQUE-OBJETO NA PISTA,NÃO INFORMADO,0,0,0,0,0,AUTOMÓVEL=1|VAN/PERUA=1,SÃO PAULO,REG. METROPOLITANA SÃO PAULO,SÃO PAULO,ESTADUAL
2020-10-13,11:22:00,L29-VIAPAULISTA,SP330,307.4,SUL,-21.20731354,-47.75845337,CHOQUE,"CHOQUE - DEFENSA, BARREIRA OU ""SUBMARINO""",PANE MECÂNICA/ELÉTRICA,1,0,0,0,0,AUTOMÓVEL=1,RIBEIRÃO PRETO,RIBEIRÃO PRETO,RIBEIRÃO PRETO,ESTADUAL
2020-10-13,13:18:00,L01-AUTOBAN,SP330,24.16,NORTE,-23.433193759865,-46.786487657766,COLISÃO,COLISÃO-LATERAL,NÃO INFORMADO,0,2,0,0,0,AUTOMÓVEL=1|CAMINHÃO=1,SÃO PAULO,REG. METROPOLITANA SÃO PAULO,SÃO PAULO,ESTADUAL
2020-10-13,14:07:00,L01-AUTOBAN,SPM330E,111.78,SUL,-22.814785866605,-47.207640507531,COLISÃO,COLISÃO-TRASEIRA,NÃO INFORMADO,0,0,0,0,0,AUTOMÓVEL=2,SUMARÉ,CAMPINAS,CAMPINAS,ESTADUAL
2020-10-13,16:24:00,L29-VIAPAULISTA,SP330,307.35,NORTE,-21.20722008,-47.75831223,TOMBAMENTO,TOMBAMENTO,ESTOURO/FURO DE PNEU,1,0,0,0,0,MOTO=1,RIBEIRÃO PRETO,RIBEIRÃO PRETO,RIBEIRÃO PRETO,ESTADUAL
2020-10-13,17:45:00,L01-AUTOBAN,SP330,89.6,NORTE,-22.954174880474,-47.060169332312,COLISÃO,COLISÃO-TRASEIRA,NÃO INFORMADO,0,0,0,0,0,AUTOMÓVEL=1|VAN/PERUA=1,CAMPINAS,CAMPINAS,CAMPINAS,ESTADUAL
2020-10-13,18:45:00,L01-AUTOBAN,SPM330D,96.7,NORTE,-22.906289396666,-47.105879525698,COLISÃO,COLISÃO-TRASEIRA,NÃO INFORMADO,0,0,0,0,0,AUTOMÓVEL=2,CAMPINAS,CAMPINAS,CAMPINAS,ESTADUAL
2020-10-13,23:45:00,L28-ENTREVIAS,SP330,336.0,SUL,-20.9728135166,-47.8643564508,COLISÃO,COLISÃO-TRASEIRA,IMPRUD. CONDUTOR-DORMIR AO VOLANTE,1,0,1,0,0,AUTOMÓVEL=1|CAMINHÃO=1,JARDINÓPOLIS,RIBEIRÃO PRETO,RIBEIRÃO PRETO,ESTADUAL
2020-10-14,00:32:00,L06-INTERVIAS,SP330,185.0,SUL,-22.21980095,-47.39250183,CHOQUE,CHOQUE-OBJETO NA PISTA,OBJETO NA PISTA,1,0,0,0,0,AUTOMÓVEL=1,LEME,CAMPINAS,RIO CLARO,ESTADUAL
2020-10-14,01:16:00,L06-INTERVIAS,SP330,186.6,NORTE,-22.20556068,-47.39482117,COLISÃO,COLISÃO-TRASEIRA,NÃO INFORMADO,2,0,0,1,0,CAMINHÃO=2,LEME,CAMPINAS,RIO CLARO,ESTADUAL
2020-10-14,06:15:00,L28-ENTREVIAS,SP330,399.0,SUL,-20.4224647668,-47.8306384899,COLISÃO,COLISÃO-TRASEIRA,IMPRUD. CONDUTOR-FALTA DE ATENÇÃO,2,0,0,0,0,AUTOMÓVEL=2,GUARÁ,FRANCA,RIBEIRÃO PRETO,ESTADUAL
2020-10-14,07:26:00,L01-AUTOBAN,SP330,71.0,NORTE,-23.097521444929,-46.968086957932,TOMBAMENTO,TOMBAMENTO,NÃO INFORMADO,1,1,0,0,0,VAN/PERUA=1,LOUVEIRA,CAMPINAS,CAMPINAS,ESTADUAL
2020-10-14,07:59:00,L01-AUTOBAN,SPM330E,82.4,SUL,-23.010306243949,-47.025193340919,ENGAVETAMENTO,ENGAVETAMENTO,NÃO INFORMADO,0,1,0,0,0,AUTOMÓVEL=2|NÃO INFORMADO=1,VALINHOS,NÃO INFORMADO,NÃO INFORMADO,NÃO INFORMADO
2020-10-14,10:10:00,L06-INTERVIAS,SP330,225.5,SUL,-21.86739922,-47.4905014,CHOQUE,"CHOQUE - DEFENSA, BARREIRA",NÃO INFORMADO,2,0,0,0,0,AUTOMÓVEL=1,PORTO FERREIRA,CENTRAL,RIO CLARO,ESTADUAL
2020-10-14,10:17:00,L01-AUTOBAN,SP330,153.2,NORTE,-22.503763394884,-47.398998855497,COLISÃO,COLISÃO-LATERAL,NÃO INFORMADO,0,0,0,0,0,AUTOMÓVEL=1|CARRETA=1,CORDEIRÓPOLIS,CAMPINAS,RIO CLARO,ESTADUAL
2020-10-14,11:51:00,L29-VIAPAULISTA,SPA318/330,1.0,NORTE,-21.119958,-47.78591,TOMBAMENTO,TOMBAMENTO,IMPRUD. CONDUTOR,0,1,0,0,0,CAMINHÃO=1,RIBEIRÃO PRETO,RIBEIRÃO PRETO,RIBEIRÃO PRETO,ESTADUAL
2020-10-14,14:45:00,L01-AUTOBAN,SP330,103.0,NORTE,-22.862197108808,-47.13924407959,COLISÃO,COLISÃO-LATERAL,NÃO INFORMADO,1,1,0,0,0,AUTOMÓVEL=1|MOTO=1,CAMPINAS,CAMPINAS,CAMPINAS,ESTADUAL
2020-10-14,19:19:00,L01-AUTOBAN,SPM330D,95.44,NORTE,-22.916068198862,-47.097272890933,ENGAVETAMENTO,ENGAVETAMENTO,NÃO INFORMADO,0,0,0,0,0,AUTOMÓVEL=1|UTILITÁRIO=2,CAMPINAS,CAMPINAS,CAMPINAS,ESTADUAL
2020-10-14,23:08:00,L01-AUTOBAN,SP330,124.6,NORTE,-22.7305171794,-47.289481034795,COLISÃO,COLISÃO-LATERAL,NÃO INFORMADO,1,0,0,0,0,AUTOMÓVEL=1|BITREM/CVC=1,AMERICANA,CAMPINAS,RIO CLARO,ESTADUAL
2020-10-14,23:36:00,L29-VIAPAULISTA,SP330,265.7,SUL,-21.5470047,-47.63916016,COLISÃO,COLISÃO-TRASEIRA,IMPRUD. CONDUTOR-DORMIR AO VOLANTE,0,0,0,0,0,CAMINHÃO=2,SÃO SIMÃO,RIBEIRÃO PRETO,RIBEIRÃO PRETO,ESTADUAL
2020-10-15,00:33:00,L01-AUTOBAN,SPM330D,106.26,NORTE,-22.844672805619,-47.165816455439,CHOQUE,CHOQUE-VEÍCULO PARADO NO ACOSTAMENTO,NÃO INFORMADO,0,0,0,0,0,AUTOMÓVEL=1|UTILITÁRIO=1,SUMARÉ,CAMPINAS,CAMPINAS,ESTADUAL
2020-10-15,06:42:00,L06-INTERVIAS,SP330,195.0,NORTE,-22.13170052,-47.40930176,CHOQUE,CHOQUE-OUTROS,OBJETO NA PISTA,0,1,0,0,0,MOTO=1,LEME,CAMPINAS,RIO CLARO,ESTADUAL
2020-10-15,06:52:00,L29-VIAPAULISTA,SPA241/330,10.3,LESTE,-21.71879972,-47.47478104,CHOQUE,CHOQUE-OUTROS,CONDIÇÃO CLIMÁTICA,3,1,0,0,0,MICRO-ÔNIBUS=1,SANTA RITA DO PASSA QUATRO,CENTRAL,RIBEIRÃO PRETO,ESTADUAL
2020-10-15,07:50:00,L01-AUTOBAN,SP330,103.1,SUL,-22.86198011477,-47.14038356865,ENGAVETAMENTO,ENGAVETAMENTO,NÃO INFORMADO,0,1,1,0,0,AUTOMÓVEL=3|CAMINHÃO=2,CAMPINAS,CAMPINAS,CAMPINAS,ESTADUAL
2020-10-15,08:05:00,L01-AUTOBAN,SP330,98.5,NORTE,-22.891802389569,-47.112000882626,TOMBAMENTO,TOMBAMENTO-MOTO,NÃO INFORMADO,0,0,0,0,0,MOTO=1,CAMPINAS,CAMPINAS,CAMPINAS,ESTADUAL
2020-10-15,08:10:00,L01-AUTOBAN,SP330,108.2,SUL,-22.831842381653,-47.178755560897,ENGAVETAMENTO,ENGAVETAMENTO,NÃO INFORMADO,0,0,0,0,0,AUTOMÓVEL=1|UTILITÁRIO=2,SUMARÉ,CAMPINAS,CAMPINAS,ESTADUAL
2020-10-15,08:11:00,L01-AUTOBAN,SP330,115.5,NORTE,-22.787700464502,-47.22836047411,CHOQUE,CHOQUE-BARREIRA DE CONCRETO,NÃO INFORMADO,0,0,0,0,0,AUTOMÓVEL=1,SUMARÉ,CAMPINAS,CAMPINAS,ESTADUAL
2020-10-15,08:27:00,L01-AUTOBAN,SPM330E,59.0,SUL,-23.189008521881,-46.906793117523,COLISÃO,COLISÃO-TRASEIRA,NÃO INFORMADO,0,0,0,0,0,AUTOMÓVEL=1|NÃO INFORMADO=1,JUNDIAÍ,CAMPINAS,CAMPINAS,ESTADUAL
2020-10-15,08:56:00,L01-AUTOBAN,SP330,111.0,SUL,-22.818118179636,-47.201744914055,COLISÃO,COLISÃO-TRASEIRA,NÃO INFORMADO,0,0,0,0,0,AUTOMÓVEL=1|UTILITÁRIO=1,SUMARÉ,CAMPINAS,CAMPINAS,ESTADUAL
2020-10-15,10:16:00,L29-VIAPAULISTA,SP330,274.0,NORTE,-21.47225761,-47.64026642,CHOQUE,"CHOQUE - DEFENSA, BARREIRA OU ""SUBMARINO""",IMPRUD. CONDUTOR-LEVOU FECHADA,1,0,0,0,0,AUTOMÓVEL=1,SÃO SIMÃO,RIBEIRÃO PRETO,RIBEIRÃO PRETO,ESTADUAL
2020-10-15,10:27:00,L29-VIAPAULISTA,SP330,308.7,NORTE,-21.19505692,-47.75767136,COLISÃO,COLISÃO-TRASEIRA,IMPRUD. CONDUTOR,2,0,0,0,0,AUTOMÓVEL=1|CAMINHÃO=1,RIBEIRÃO PRETO,RIBEIRÃO PRETO,RIBEIRÃO PRETO,ESTADUAL
2020-10-15,10:38:00,L01-AUTOBAN,SP330,98.0,SUL,-22.896245165998,-47.110952138901,CHOQUE,CHOQUE-BARREIRA DE CONCRETO,NÃO INFORMADO,0,0,0,0,0,AUTOMÓVEL=1|NÃO INFORMADO=1,CAMPINAS,CAMPINAS,CAMPINAS,ESTADUAL
2020-10-15,11:31:00,L01-AUTOBAN,SP330,62.0,NORTE,-23.16861715282,-46.926528811455,COLISÃO,COLISÃO-TRASEIRA,NÃO INFORMADO,0,0,0,0,0,AUTOMÓVEL=1|UTILITÁRIO=1,JUNDIAÍ,CAMPINAS,CAMPINAS,ESTADUAL
2020-10-15,11:32:00,L01-AUTOBAN,SP330,92.2,NORTE,-22.93403645795,-47.072904444467,COLISÃO,COLISÃO-LATERAL,NÃO INFORMADO,0,0,0,0,0,AUTOMÓVEL=1|NÃO INFORMADO=1,CAMPINAS,CAMPINAS,CAMPINAS,ESTADUAL
2020-10-15,11:55:00,L01-AUTOBAN,SP330,92.6,NORTE,-22.931876488557,-47.075934279328,TOMBAMENTO,TOMBAMENTO-MOTO,NÃO INFORMADO,0,1,0,0,0,MOTO=1,CAMPINAS,CAMPINAS,CAMPINAS,ESTADUAL
2020-10-15,12:52:00,L28-ENTREVIAS,SP330,320.0,NORTE,-21.0980436559,-47.7906422935,ATROPELAMENTO DE ANIMAL,ATROP. ANIMAL-DOMÉSTICO PEQUENO PORTE,ANIMAL NA RODOVIA,1,0,0,0,0,AUTOMÓVEL=1,RIBEIRÃO PRETO,RIBEIRÃO PRETO,RIBEIRÃO PRETO,ESTADUAL
2020-10-15,13:54:00,L01-AUTOBAN,SP330,132.0,NORTE,-22.670605317032,-47.313340902329,TOMBAMENTO,TOMBAMENTO-MOTO,NÃO INFORMADO,0,0,0,0,0,MOTO=1,LIMEIRA,CAMPINAS,RIO CLARO,ESTADUAL
2020-10-15,14:24:00,L01-AUTOBAN,SP330,86.6,NORTE,-22.978024144201,-47.046435565104,CHOQUE,CHOQUE-MEIO FIO/CALÇAMENTO,NÃO INFORMADO,0,0,0,0,0,UTILITÁRIO=1,CAMPINAS,CAMPINAS,CAMPINAS,ESTADUAL
2020-10-15,14:49:00,L01-AUTOBAN,SPM330D,110.5,NORTE,-22.820189929366,-47.197107374668,COLISÃO,COLISÃO-TRASEIRA,NÃO INFORMADO,0,0,0,0,0,AUTOMÓVEL=1|CARRETA=1,SUMARÉ,CAMPINAS,CAMPINAS,ESTADUAL
2020-10-15,14:58:00,L01-AUTOBAN,SP330,91.8,NORTE,-22.936664914009,-47.070419459548,CHOQUE,CHOQUE-DEFENSA METÁLICA,NÃO INFORMADO,0,0,0,0,0,UTILITÁRIO=2,CAMPINAS,CAMPINAS,CAMPINAS,ESTADUAL
2020-10-15,15:18:00,L01-AUTOBAN,SP330,58.0,NORTE,-23.196902870305,-46.903708577156,COLISÃO,COLISÃO-TRASEIRA,NÃO INFORMADO,0,1,0,0,0,MOTO=1|NÃO INFORMADO=1,JUNDIAÍ,CAMPINAS,CAMPINAS,ESTADUAL
2020-10-15,15:19:00,L01-AUTOBAN,SP330,120.0,NORTE,-22.756649,-47.254609,CHOQUE,CHOQUE-BARREIRA DE CONCRETO,NÃO INFORMADO,0,0,0,0,0,AUTOMÓVEL=1,AMERICANA,CAMPINAS,RIO CLARO,ESTADUAL
2020-10-15,15:38:00,L01-AUTOBAN,SP330,106.9,NORTE,-22.840157907004,-47.170152305992,TOMBAMENTO,TOMBAMENTO-MOTO,NÃO INFORMADO,0,1,0,0,0,MOTO=1,SUMARÉ,CAMPINAS,CAMPINAS,ESTADUAL
2020-10-15,16:50:00,L01-AUTOBAN,SP330,120.5,SUL,-22.753543652879,-47.258253693581,CHOQUE,CHOQUE-BARREIRA DE CONCRETO,NÃO INFORMADO,0,0,0,0,0,AUTOMÓVEL=1,AMERICANA,CAMPINAS,RIO CLARO,ESTADUAL
2020-10-15,18:00:00,L06-INTERVIAS,SP330,225.8,SUL,-21.86475945,-47.49140167,COLISÃO,COLISÃO-TRASEIRA,VEÍCULO PARADO NA FAIXA,2,0,0,0,0,CAMINHÃO=2,PORTO FERREIRA,CENTRAL,RIO CLARO,ESTADUAL
2020-10-15,18:04:00,L01-AUTOBAN,SPM330E,106.65,SUL,-22.842286680034,-47.168553123956,COLISÃO,COLISÃO-LATERAL,NÃO INFORMADO,0,0,0,0,0,AUTOMÓVEL=1|NÃO INFORMADO=1,SUMARÉ,CAMPINAS,CAMPINAS,ESTADUAL
2020-10-15,20:55:00,L28-ENTREVIAS,SP330,398.0,SUL,-20.4328388095,-47.8348316787,CHOQUE,CHOQUE-OBJETO NA PISTA,OBJETO NA PISTA,1,0,0,0,0,AUTOMÓVEL=1,GUARÁ,FRANCA,RIBEIRÃO PRETO,ESTADUAL
2020-10-15,21:10:00,L01-AUTOBAN,SP330,25.2,SUL,-23.425445065063,-46.788964879819,COLISÃO,COLISÃO-FRONTAL,NÃO INFORMADO,0,2,0,0,0,AUTOMÓVEL=2,SÃO PAULO,REG. METROPOLITANA SÃO PAULO,SÃO PAULO,ESTADUAL
2020-10-15,23:41:00,L06-INTERVIAS,SP330,222.0,SUL,-21.89749908,-47.4803009,ATROPELAMENTO DE ANIMAL,ATROP. ANIMAL,ANIMAL NA RODOVIA,2,0,0,0,0,AUTOMÓVEL=1,PORTO FERREIRA,CENTRAL,RIO CLARO,ESTADUAL
2020-10-16,00:28:00,L29-VIAPAULISTA,SP330,248.2,NORTE,-21.69954109,-47.59619141,COLISÃO,COLISÃO-TRASEIRA,IMPRUD. CONDUTOR-PERDA DE CONTROLE,2,0,0,0,0,CAMINHÃO=2,SANTA RITA DO PASSA QUATRO,CENTRAL,RIBEIRÃO PRETO,ESTADUAL
2020-10-16,06:27:00,L06-INTERVIAS,SP330,211.0,NORTE,-21.99209976,-47.4477005,CHOQUE,"CHOQUE - DEFENSA, BARREIRA OU ""SUBMARINO""",IMPRUD. CONDUTOR-LEVOU FECHADA,1,0,0,0,0,CAMINHÃO=1,PIRASSUNUNGA,CAMPINAS,RIO CLARO,ESTADUAL
2020-10-16,07:22:00,L01-AUTOBAN,SP330,101.0,SUL,-22.874089445764,-47.124878168106,ENGAVETAMENTO,ENGAVETAMENTO,NÃO INFORMADO,0,0,0,0,0,AUTOMÓVEL=4,CAMPINAS,CAMPINAS,CAMPINAS,ESTADUAL
2020-10-16,10:30:00,L01-AUTOBAN,SP330,92.5,SUL,-22.932495651367,-47.075100620888,COLISÃO,COLISÃO-LATERAL,NÃO INFORMADO,0,1,0,0,0,AUTOMÓVEL=1|UTILITÁRIO=1,CAMPINAS,CAMPINAS,CAMPINAS,ESTADUAL
2020-10-16,17:15:00,L29-VIAPAULISTA,SP330,247.6,SUL,-21.70466614,-47.59470749,COLISÃO,COLISÃO-LATERAL,IMPRUD. CONDUTOR,2,0,0,0,0,CAMINHONETE=1|CAMINHÃO=1,SANTA RITA DO PASSA QUATRO,CENTRAL,RIBEIRÃO PRETO,ESTADUAL
2020-10-16,17:25:00,L01-AUTOBAN,SP330,18.0,NORTE,-23.482416628034,-46.770944595337,COLISÃO,COLISÃO-LATERAL,NÃO INFORMADO,0,1,0,0,0,AUTOMÓVEL=1|MOTO=1,OSASCO,REG. METROPOLITANA SÃO PAULO,SÃO PAULO,ESTADUAL
2020-10-16,18:06:00,L01-AUTOBAN,SP330,23.82,NORTE,-23.436307211766,-46.786394012156,ATROPELAMENTO DE PEDESTRE,ATROP. PEDESTRE-MORADOR/TRABALHADOR/ESTUDANTE,NÃO INFORMADO,0,0,0,1,0,AUTOMÓVEL=1|NÃO SE APLICA=1,SÃO PAULO,REG. METROPOLITANA SÃO PAULO,SÃO PAULO,ESTADUAL
2020-10-16,19:46:00,L01-AUTOBAN,SP330,103.3,NORTE,-22.86057945971,-47.142060784366,COLISÃO,COLISÃO-LATERAL,NÃO INFORMADO,0,0,0,0,0,CARRETA=1|UTILITÁRIO=1,CAMPINAS,CAMPINAS,CAMPINAS,ESTADUAL
2020-10-16,21:49:00,L01-AUTOBAN,SP330,71.0,NORTE,-23.097521444929,-46.968086957932,COLISÃO,COLISÃO-LATERAL,NÃO INFORMADO,0,1,0,0,0,AUTOMÓVEL=2,LOUVEIRA,CAMPINAS,CAMPINAS,ESTADUAL
2020-10-17,00:38:00,L01-AUTOBAN,SP330,67.2,SUL,-23.129029787119,-46.95141111647,CHOQUE,CHOQUE-BARREIRA DE CONCRETO,NÃO INFORMADO,0,0,0,0,0,AUTOMÓVEL=1,JUNDIAÍ,CAMPINAS,CAMPINAS,ESTADUAL
2020-10-17,03:57:00,L01-AUTOBAN,SPM330D,15.4,NORTE,-23.497548144481,-46.756234286585,TOMBAMENTO,TOMBAMENTO-MOTO,NÃO INFORMADO,0,0,1,0,0,MOTO=1,SÃO PAULO,REG. METROPOLITANA SÃO PAULO,SÃO PAULO,ESTADUAL
2020-10-17,04:15:00,L01-AUTOBAN,SP330,103.5,NORTE,-22.861927486912,-47.139713554263,CHOQUE,CHOQUE-BARREIRA DE CONCRETO,NÃO INFORMADO,0,0,0,0,0,AUTOMÓVEL=1,CAMPINAS,CAMPINAS,CAMPINAS,ESTADUAL
2020-10-17,06:15:00,L01-AUTOBAN,SPI102/330,5.0,SUL,-22.907442732813,-47.137323617935,CHOQUE,CHOQUE-TALUDE OU BARRANCO,NÃO INFORMADO,0,0,0,0,0,AUTOMÓVEL=1,CAMPINAS,CAMPINAS,CAMPINAS,ESTADUAL
2020-10-17,09:45:00,L06-INTERVIAS,SP330,193.4,NORTE,-22.14512062,-47.40393829,COLISÃO,COLISÃO-TRASEIRA,IMPRUD. CONDUTOR-LEVOU FECHADA,2,0,0,0,0,AUTOMÓVEL=1|CAMINHÃO=1,LEME,CAMPINAS,RIO CLARO,ESTADUAL
2020-10-17,13:45:00,L06-INTERVIAS,SP330,165.3,SUL,-22.39830017,-47.39020157,CHOQUE,"CHOQUE - DEFENSA, BARREIRA",IMPRUD. CONDUTOR-PERDA DE CONTROLE,1,0,0,0,0,AUTOMÓVEL=1,ARARAS,CAMPINAS,RIO CLARO,ESTADUAL
2020-10-17,17:23:00,L01-AUTOBAN,SP330,71.18,NORTE,-23.096243301201,-46.968922199235,CHOQUE,CHOQUE-VEÍCULO PARADO NA PISTA,NÃO INFORMADO,0,0,2,0,0,AUTOMÓVEL=1|CARRETA=1,LOUVEIRA,CAMPINAS,CAMPINAS,ESTADUAL
2020-10-17,19:22:00,L01-AUTOBAN,SPI102/330,1.1,SUL,-22.873491861461,-47.13177037237,COLISÃO,COLISÃO-TRASEIRA,NÃO INFORMADO,0,1,0,0,0,AUTOMÓVEL=1|NÃO INFORMADO=1,CAMPINAS,CAMPINAS,CAMPINAS,ESTADUAL
2020-10-17,19:29:00,L06-INTERVIAS,SP330,209.6,NORTE,-22.00414085,-47.4435997,ATROPELAMENTO DE ANIMAL,ATROP. ANIMAL,ANIMAL NA RODOVIA,1,0,0,0,0,AUTOMÓVEL=1,PIRASSUNUNGA,CAMPINAS,RIO CLARO,ESTADUAL
2020-10-17,19:55:00,L01-AUTOBAN,SPM330D,87.2,NORTE,-22.973092431758,-47.049352511112,COLISÃO,COLISÃO-TRASEIRA,NÃO INFORMADO,0,1,0,0,0,AUTOMÓVEL=1|MOTO=1,CAMPINAS,CAMPINAS,CAMPINAS,ESTADUAL
2020-10-18,01:37:00,L01-AUTOBAN,SP330,21.96,NORTE,-23.453328052995,-46.7862872554,CHOQUE,CHOQUE-SINALIZAÇÃO,NÃO INFORMADO,0,0,0,0,0,AUTOMÓVEL=1,SÃO PAULO,REG. METROPOLITANA SÃO PAULO,SÃO PAULO,ESTADUAL
2020-10-18,02:36:00,L01-AUTOBAN,SPM330D,106.0,NORTE,-22.846507,-47.164055,CHOQUE,CHOQUE-MEIO FIO/CALÇAMENTO,NÃO INFORMADO,0,0,0,0,0,AUTOMÓVEL=1,SUMARÉ,CAMPINAS,CAMPINAS,ESTADUAL
2020-10-18,03:52:00,L28-ENTREVIAS,SP330,326.9,NORTE,-21.0513530475,-47.8246641358,CHOQUE,CHOQUE-SINALIZAÇÃO,IMPRUD. CONDUTOR-PERDA DE CONTROLE,0,0,1,0,0,MOTOCICLETA / MOTONETA=1,JARDINÓPOLIS,RIBEIRÃO PRETO,RIBEIRÃO PRETO,ESTADUAL
2020-10-18,04:50:00,L01-AUTOBAN,SP330,16.8,NORTE,-23.491080721491,-46.765168183929,COLISÃO,COLISÃO-FRONTAL,NÃO INFORMADO,0,0,2,0,1,AUTOMÓVEL=2,SÃO PAULO,REG. METROPOLITANA SÃO PAULO,SÃO PAULO,ESTADUAL
2020-10-18,05:15:00,L01-AUTOBAN,SP330,20.0,SUL,-23.468905204683,-46.779066324234,COLISÃO,COLISÃO-LATERAL,NÃO INFORMADO,4,1,0,0,0,AUTOMÓVEL=1|ÔNIBUS=1,OSASCO,REG. METROPOLITANA SÃO PAULO,SÃO PAULO,ESTADUAL
2020-10-18,06:16:00,L01-AUTOBAN,SP330,24.68,NORTE,-23.42881909594,-46.787140346272,CHOQUE,CHOQUE-BARREIRA DE CONCRETO,NÃO INFORMADO,0,0,0,0,0,AUTOMÓVEL=1,SÃO PAULO,REG. METROPOLITANA SÃO PAULO,SÃO PAULO,ESTADUAL
2020-10-18,14:07:00,L01-AUTOBAN,SP330,77.4,NORTE,-23.049661987633,-47.001785607742,CHOQUE,CHOQUE-DEFENSA METÁLICA,NÃO INFORMADO,1,0,1,0,0,AUTOMÓVEL=1,VINHEDO,CAMPINAS,CAMPINAS,ESTADUAL
2020-10-18,14:15:00,L01-AUTOBAN,SPM330E,110.25,SUL,-22.821774647139,-47.194812744856,CHOQUE,CHOQUE-SINALIZAÇÃO,NÃO INFORMADO,0,0,0,0,0,AUTOMÓVEL=1,SUMARÉ,CAMPINAS,CAMPINAS,ESTADUAL
2020-10-18,18:05:00,L01-AUTOBAN,SPM330E,99.6,SUL,-22.883506648896,-47.116125576945,CHOQUE,CHOQUE-MEIO FIO/CALÇAMENTO,NÃO INFORMADO,0,0,0,0,0,AUTOMÓVEL=1,CAMPINAS,CAMPINAS,CAMPINAS,ESTADUAL
2020-10-18,20:36:00,L01-AUTOBAN,SP330,69.15,SUL,-23.11259021053,-46.958456494199,CHOQUE,CHOQUE-BARREIRA DE CONCRETO,NÃO INFORMADO,0,0,0,0,0,AUTOMÓVEL=1,JUNDIAÍ,CAMPINAS,CAMPINAS,ESTADUAL
2020-10-18,22:04:00,L01-AUTOBAN,SP330,61.42,NORTE,-23.172490096244,-46.921774634611,TOMBAMENTO,TOMBAMENTO-MOTO,NÃO INFORMADO,0,0,0,0,1,MOTO=1,JUNDIAÍ,CAMPINAS,CAMPINAS,ESTADUAL
2020-10-19,01:54:00,L01-AUTOBAN,SP330,51.5,SUL,-23.244246785885,-46.867600679398,ATROPELAMENTO DE ANIMAL,ATROP. ANIMAL,NÃO INFORMADO,0,0,0,0,0,AUTOMÓVEL=1,JUNDIAÍ,CAMPINAS,CAMPINAS,ESTADUAL
2020-10-19,02:47:00,L06-INTERVIAS,SP330,217.28,NORTE,-21.9379921,-47.46614075,ATROPELAMENTO DE ANIMAL,ATROP. ANIMAL,ANIMAL NA RODOVIA,4,0,0,0,0,AUTOMÓVEL=1|CAMINHONETE=1,PIRASSUNUNGA,CAMPINAS,RIO CLARO,ESTADUAL
2020-10-19,05:24:00,L01-AUTOBAN,SP330,18.7,SUL,-23.476255900896,-46.772189141425,CHOQUE,CHOQUE-TALUDE OU BARRANCO,NÃO INFORMADO,0,0,0,0,0,AUTOMÓVEL=1,OSASCO,REG. METROPOLITANA SÃO PAULO,SÃO PAULO,ESTADUAL
2020-10-19,07:53:00,L01-AUTOBAN,SP330,29.2,NORTE,-23.408419462865,-46.822222000719,ENGAVETAMENTO,ENGAVETAMENTO,NÃO INFORMADO,0,2,0,0,0,AUTOMÓVEL=3|NÃO INFORMADO=1,SÃO PAULO,REG. METROPOLITANA SÃO PAULO,SÃO PAULO,ESTADUAL
2020-10-19,14:27:00,L28-ENTREVIAS,SP330,342.0,NORTE,-20.9229860416,-47.8853680336,TOMBAMENTO,TOMBAMENTO-MOTO,ESTOURO/FURO DE PNEU,1,1,0,0,0,MOTOCICLETA / MOTONETA=1,JARDINÓPOLIS,RIBEIRÃO PRETO,RIBEIRÃO PRETO,ESTADUAL
2020-10-19,16:03:00,L01-AUTOBAN,SP330,24.0,SUL,-23.434825279713,-46.786420941353,CHOQUE,CHOQUE-DEFENSA METÁLICA,NÃO INFORMADO,0,0,0,0,0,AUTOMÓVEL=1,SÃO PAULO,REG. METROPOLITANA SÃO PAULO,SÃO PAULO,ESTADUAL
2020-10-19,17:04:00,L29-VIAPAULISTA,SP330,313.0,SUL,-21.15711975,-47.75663376,COLISÃO,COLISÃO-LATERAL,IMPRUD. CONDUTOR-PERDA DE CONTROLE,2,0,0,0,0,AUTOMÓVEL=1|CAMINHONETE=1,RIBEIRÃO PRETO,RIBEIRÃO PRETO,RIBEIRÃO PRETO,ESTADUAL
2020-10-19,17:24:00,L01-AUTOBAN,SP330,32.5,SUL,-23.388783,-46.837081,COLISÃO,COLISÃO-TRASEIRA,NÃO INFORMADO,0,0,0,0,0,AUTOMÓVEL=1|CARRETA=1,CAJAMAR,REG. METROPOLITANA SÃO PAULO,SÃO PAULO,ESTADUAL
2020-10-19,17:39:00,L29-VIAPAULISTA,SP330,315.0,SUL,-21.1398716,-47.76180649,COLISÃO,COLISÃO-TRASEIRA,IMPRUD. CONDUTOR,2,0,0,0,0,AUTOMÓVEL=2,RIBEIRÃO PRETO,RIBEIRÃO PRETO,RIBEIRÃO PRETO,ESTADUAL
2020-10-19,18:39:00,L01-AUTOBAN,SPM330E,54.42,SUL,-23.220313126454,-46.880295133715,COLISÃO,COLISÃO-FRONTAL,NÃO INFORMADO,0,0,0,1,0,AUTOMÓVEL=1|MOTO=1,JUNDIAÍ,CAMPINAS,CAMPINAS,ESTADUAL
2020-10-19,19:04:00,L01-AUTOBAN,SP330,108.18,NORTE,-22.831647305859,-47.178377511164,COLISÃO,COLISÃO-TRASEIRA,NÃO INFORMADO,0,1,0,0,0,MOTO=1|NÃO INFORMADO=1,SUMARÉ,CAMPINAS,CAMPINAS,ESTADUAL
2020-10-19,20:08:00,L06-INTERVIAS,SP330,204.3,SUL,-22.05019951,-47.42945862,CHOQUE,CHOQUE-OBJETO NA PISTA,OBJETO NA PISTA,1,0,0,0,0,AUTOMÓVEL=1,PIRASSUNUNGA,CAMPINAS,RIO CLARO,ESTADUAL
2020-10-19,20:24:00,L01-AUTOBAN,SPM330E,59.0,SUL,-23.189008521881,-46.906793117523,COLISÃO,COLISÃO-FRONTAL,NÃO INFORMADO,0,0,1,0,0,AUTOMÓVEL=1|MOTO=1,JUNDIAÍ,CAMPINAS,CAMPINAS,ESTADUAL
2020-10-19,21:53:00,L29-VIAPAULISTA,SP330,311.0,SUL,-21.17521858,-47.75676346,ATROPELAMENTO DE PEDESTRE,ATROP. PEDESTRE-MORADOR,IMPRUD. PEDESTRE-USUÁRIO,0,1,0,0,0,NÃO SE APLICA=1,RIBEIRÃO PRETO,RIBEIRÃO PRETO,RIBEIRÃO PRETO,ESTADUAL
2020-10-19,22:05:00,L01-AUTOBAN,SP330,19.8,NORTE,-23.469898178729,-46.777623291016,CHOQUE,CHOQUE-TALUDE OU BARRANCO,NÃO INFORMADO,0,0,0,0,0,AUTOMÓVEL=1,OSASCO,REG. METROPOLITANA SÃO PAULO,SÃO PAULO,ESTADUAL
2020-10-19,23:12:00,L06-INTERVIAS,SP330,204.0,NORTE,-22.05260086,-47.42850113,CHOQUE,CHOQUE-OUTROS,NÃO INFORMADO,2,0,0,0,0,AUTOMÓVEL=1,PIRASSUNUNGA,CAMPINAS,RIO CLARO,ESTADUAL
2020-10-19,23:46:00,L01-AUTOBAN,SP330,92.3,NORTE,-22.933496434703,-47.073661946524,CHOQUE,CHOQUE-BARREIRA DE CONCRETO,NÃO INFORMADO,0,1,0,0,0,AUTOMÓVEL=1,CAMPINAS,CAMPINAS,CAMPINAS,ESTADUAL
2020-10-20,06:38:00,L01-AUTOBAN,SP330,22.4,SUL,-23.449525196965,-46.786809325063,ENGAVETAMENTO,ENGAVETAMENTO,NÃO INFORMADO,0,2,0,0,0,NÃO INFORMADO=1|VAN/PERUA=3,SÃO PAULO,REG. METROPOLITANA SÃO PAULO,SÃO PAULO,ESTADUAL
2020-10-20,08:15:00,L06-INTERVIAS,SP330,174.5,SUL,-22.31419945,-47.39104843,COLISÃO,COLISÃO-TRASEIRA,IMPRUD. CONDUTOR,3,0,0,0,0,AUTOMÓVEL=1|CAMINHONETE=1,ARARAS,CAMPINAS,RIO CLARO,ESTADUAL
2020-10-20,09:14:00,L01-AUTOBAN,SPM330E,14.3,SUL,-23.505006008986,-46.751432598526,COLISÃO,COLISÃO-TRASEIRA,NÃO INFORMADO,0,0,0,0,0,AUTOMÓVEL=1|CARRETA=1,SÃO PAULO,REG. METROPOLITANA SÃO PAULO,SÃO PAULO,ESTADUAL
2020-10-20,09:50:00,L01-AUTOBAN,SP330,75.7,SUL,-23.062853123062,-46.992756482529,COLISÃO,COLISÃO-TRASEIRA,NÃO INFORMADO,0,0,0,2,0,AUTOMÓVEL=1|MOTO=1,VINHEDO,CAMPINAS,CAMPINAS,ESTADUAL
2020-10-20,10:21:00,L01-AUTOBAN,SPM330E,57.3,SUL,-23.20332642857,-46.900615986663,ENGAVETAMENTO,ENGAVETAMENTO,NÃO INFORMADO,0,1,0,0,0,AUTOMÓVEL=2|CAMINHÃO=1,JUNDIAÍ,CAMPINAS,CAMPINAS,ESTADUAL
2020-10-20,12:26:00,L01-AUTOBAN,SPM330D,113.2,NORTE,-22.805708636985,-47.217433674359,CHOQUE,CHOQUE-DEFENSA METÁLICA,NÃO INFORMADO,0,0,1,0,0,AUTOMÓVEL=1,SUMARÉ,CAMPINAS,CAMPINAS,ESTADUAL
2020-10-20,13:45:00,L28-ENTREVIAS,SP330,340.0,SUL,-20.9388757884,-47.8808098447,CHOQUE,CHOQUE-SINALIZAÇÃO,PISTA MOLHADA,1,0,0,0,0,AUTOMÓVEL=1,JARDINÓPOLIS,RIBEIRÃO PRETO,RIBEIRÃO PRETO,ESTADUAL
2020-10-20,14:28:00,L29-VIAPAULISTA,SP330,307.3,NORTE,-21.20767021,-47.75833511,CHOQUE,CHOQUE-VEÍCULO PARADO NO ACOSTAMENTO,IMPRUD. CONDUTOR,2,0,0,0,0,AUTOMÓVEL=2,RIBEIRÃO PRETO,RIBEIRÃO PRETO,RIBEIRÃO PRETO,ESTADUAL
2020-10-20,15:55:00,L29-VIAPAULISTA,SP330,292.0,NORTE,-21.33891869,-47.72449112,CHOQUE,CHOQUE-TALUDE OU BARRANCO,IMPRUD. CONDUTOR-PERDA DE CONTROLE,1,0,0,0,0,AUTOMÓVEL=1,CRAVINHOS,RIBEIRÃO PRETO,RIBEIRÃO PRETO,ESTADUAL
2020-10-20,16:12:00,L01-AUTOBAN,SP330,97.9,SUL,-22.897058542958,-47.110641543836,COLISÃO,COLISÃO-TRASEIRA,NÃO INFORMADO,0,1,0,0,0,AUTOMÓVEL=2,CAMPINAS,CAMPINAS,CAMPINAS,ESTADUAL
2020-10-20,16:18:00,L01-AUTOBAN,SP330,47.65,SUL,-23.276957720121,-46.870970333926,COLISÃO,COLISÃO-LATERAL,NÃO INFORMADO,0,3,0,0,0,CAMINHÃO=1|UTILITÁRIO=1,JUNDIAÍ,CAMPINAS,CAMPINAS,ESTADUAL
2020-10-20,16:46:00,L01-AUTOBAN,SPM330E,99.5,SUL,-22.884250932435,-47.115686237812,CHOQUE,CHOQUE-VEÍCULO PARADO NA PISTA,NÃO INFORMADO,0,2,0,0,0,AUTOMÓVEL=2,CAMPINAS,CAMPINAS,CAMPINAS,ESTADUAL
2020-10-20,16:50:00,L01-AUTOBAN,SPM330E,53.4,SUL,-23.22787511357,-46.87487591003,CHOQUE,CHOQUE-SINALIZAÇÃO,NÃO INFORMADO,0,0,0,0,0,AUTOMÓVEL=1,JUNDIAÍ,CAMPINAS,CAMPINAS,ESTADUAL
2020-10-20,17:02:00,L01-AUTOBAN,SP330,37.0,SUL,-23.351265,-46.846862,CHOQUE,CHOQUE-SINALIZAÇÃO,NÃO INFORMADO,0,0,0,0,0,CARRETA=1,CAJAMAR,REG. METROPOLITANA SÃO PAULO,SÃO PAULO,ESTADUAL
2020-10-20,17:13:00,L01-AUTOBAN,SPM330D,98.5,NORTE,-22.891802389569,-47.112000882626,COLISÃO,COLISÃO-TRASEIRA,NÃO INFORMADO,0,0,0,0,0,AUTOMÓVEL=1|VAN/PERUA=1,CAMPINAS,CAMPINAS,CAMPINAS,ESTADUAL
2020-10-20,17:14:00,L01-AUTOBAN,SP330,31.5,NORTE,-23.397085443871,-46.83606600658,CHOQUE,CHOQUE-DEFENSA METÁLICA,NÃO INFORMADO,0,1,0,0,0,AUTOMÓVEL=1|CAMINHÃO=2,CAJAMAR,REG. METROPOLITANA SÃO PAULO,SÃO PAULO,ESTADUAL
2020-10-20,17:25:00,L01-AUTOBAN,SP330,30.0,NORTE,-23.405103365161,-46.82884812355,COLISÃO,COLISÃO-TRASEIRA,NÃO INFORMADO,0,0,0,0,0,AUTOMÓVEL=1|NÃO INFORMADO=1,CAJAMAR,REG. METROPOLITANA SÃO PAULO,SÃO PAULO,ESTADUAL
2020-10-20,17:29:00,L01-AUTOBAN,SP330,30.4,NORTE,-23.403630375598,-46.832038876352,COLISÃO,COLISÃO-LATERAL,NÃO INFORMADO,0,0,0,0,0,CAMINHÃO=1|CARRETA=1,CAJAMAR,REG. METROPOLITANA SÃO PAULO,SÃO PAULO,ESTADUAL
2020-10-20,18:39:00,L01-AUTOBAN,SP330,42.15,SUL,-23.316279846272,-46.853815204395,CHOQUE,CHOQUE-BARREIRA DE CONCRETO,NÃO INFORMADO,0,0,0,0,0,AUTOMÓVEL=1,CAJAMAR,REG. METROPOLITANA SÃO PAULO,SÃO PAULO,ESTADUAL
2020-10-20,19:00:00,L29-VIAPAULISTA,SP330,310.9,NORTE,-21.17523193,-47.75663376,CHOQUE,CHOQUE-ELEMENTO DE DRENAGEM,IMPRUD. CONDUTOR-FREADA BRUSCA,2,0,0,0,0,AUTOMÓVEL=1,RIBEIRÃO PRETO,RIBEIRÃO PRETO,RIBEIRÃO PRETO,ESTADUAL
2020-10-20,19:13:00,L01-AUTOBAN,SP330,41.5,NORTE,-23.320203111845,-46.850107312203,CHOQUE,CHOQUE-BARREIRA DE CONCRETO,NÃO INFORMADO,0,0,0,0,0,AUTOMÓVEL=1,CAJAMAR,REG. METROPOLITANA SÃO PAULO,SÃO PAULO,ESTADUAL
2020-10-20,21:11:00,L06-INTERVIAS,SP330,212.1,NORTE,-21.98254967,-47.45098877,COLISÃO,COLISÃO-TRASEIRA,IMPRUD. CONDUTOR,2,0,0,0,0,CAMINHÃO=2,PIRASSUNUNGA,CAMPINAS,RIO CLARO,ESTADUAL
2020-10-20,23:32:00,L01-AUTOBAN,SP330,57.7,SUL,-23.199748793719,-46.902450624627,COLISÃO,COLISÃO-TRASEIRA,NÃO INFORMADO,0,0,0,0,0,BITREM/CVC=1|CAMINHÃO=1,JUNDIAÍ,CAMPINAS,CAMPINAS,ESTADUAL
2020-10-20,23:34:00,L28-ENTREVIAS,SP330,361.0,SUL,-20.754770581,-47.8928402632,COLISÃO,COLISÃO-TRASEIRA,IMPRUD. CONDUTOR-DIST. INADEQUADA ENTRE VEÍC.,2,0,0,0,0,AUTOMÓVEL=2,ORLÂNDIA,FRANCA,RIBEIRÃO PRETO,ESTADUAL
2020-10-21,02:32:00,L28-ENTREVIAS,SP330,411.134,SUL,-20.3250127277,-47.8038659224,COLISÃO,COLISÃO-TRASEIRA,IMPRUD. CONDUTOR-DIST. INADEQUADA ENTRE VEÍC.,2,0,0,0,0,CAMINHÃO=2,ITUVERAVA,FRANCA,RIBEIRÃO PRETO,ESTADUAL
2020-10-21,03:05:00,L29-VIAPAULISTA,SP330,240.5,SUL,-21.75870514,-47.56058121,COLISÃO,COLISÃO-TRASEIRA,IMPRUD. CONDUTOR-DORMIR AO VOLANTE,2,0,0,0,0,CAMINHÃO=2,SANTA RITA DO PASSA QUATRO,CENTRAL,RIBEIRÃO PRETO,ESTADUAL
2020-10-21,07:20:00,L01-AUTOBAN,SP330,61.0,NORTE,-23.175294620401,-46.918331980705,ENGAVETAMENTO,ENGAVETAMENTO,NÃO INFORMADO,0,1,0,0,0,CAMINHÃO=1|VAN/PERUA=1|ÔNIBUS=1,JUNDIAÍ,CAMPINAS,CAMPINAS,ESTADUAL
2020-10-21,07:34:00,L01-AUTOBAN,SP330,136.0,SUL,-22.638337,-47.330187,CHOQUE,CHOQUE-BARREIRA DE CONCRETO,NÃO INFORMADO,0,0,0,0,0,AUTOMÓVEL=2,LIMEIRA,CAMPINAS,RIO CLARO,ESTADUAL
2020-10-21,08:19:00,L01-AUTOBAN,SP330,58.8,NORTE,-23.190524280427,-46.905995962823,COLISÃO,COLISÃO-TRASEIRA,NÃO INFORMADO,0,0,0,0,0,AUTOMÓVEL=2,JUNDIAÍ,CAMPINAS,CAMPINAS,ESTADUAL
2020-10-21,11:43:00,L01-AUTOBAN,SP330,143.0,NORTE,-22.587564753304,-47.367435693741,TOMBAMENTO,TOMBAMENTO-MOTO,NÃO INFORMADO,0,1,0,0,0,MOTO=1,LIMEIRA,CAMPINAS,RIO CLARO,ESTADUAL
2020-10-21,16:14:00,L28-ENTREVIAS,SP330,320.0,SUL,-21.0981459678,-47.7908080135,COLISÃO,COLISÃO-LATERAL,IMPRUD. CONDUTOR-DIST. INADEQUADA ENTRE VEÍC.,2,0,0,0,0,AUTOMÓVEL=1|CAMINHÃO=1,RIBEIRÃO PRETO,RIBEIRÃO PRETO,RIBEIRÃO PRETO,ESTADUAL
2020-10-21,17:29:00,L01-AUTOBAN,SP330,61.0,NORTE,-23.175294620401,-46.918331980705,COLISÃO,COLISÃO-LATERAL,NÃO INFORMADO,0,1,0,0,0,AUTOMÓVEL=2|MOTO=1,JUNDIAÍ,CAMPINAS,CAMPINAS,ESTADUAL
2020-10-21,17:30:00,L01-AUTOBAN,SP330,96.8,NORTE,-22.905552103636,-47.106519003355,COLISÃO,COLISÃO-TRASEIRA,NÃO INFORMADO,0,0,0,0,0,AUTOMÓVEL=2,CAMPINAS,CAMPINAS,CAMPINAS,ESTADUAL
2020-10-21,20:59:00,L06-INTERVIAS,SP330,205.4,NORTE,-22.04038048,-47.43162155,COLISÃO,COLISÃO-TRASEIRA,IMPRUD. CONDUTOR-DORMIR AO VOLANTE,2,0,0,0,0,CAMINHÃO=2,PIRASSUNUNGA,CAMPINAS,RIO CLARO,ESTADUAL
2020-10-21,23:22:00,L01-AUTOBAN,SP330,118.0,NORTE,-22.768865993015,-47.240797877312,COLISÃO,COLISÃO-TRANSVERSAL,NÃO INFORMADO,0,0,0,0,0,CARRETA=2,NOVA ODESSA,CAMPINAS,RIO CLARO,ESTADUAL
2020-10-22,00:25:00,L28-ENTREVIAS,SP330,426.0,NORTE,-20.1938328236,-47.7852758156,COLISÃO,COLISÃO-TRASEIRA,IMPRUD. CONDUTOR-DORMIR AO VOLANTE,1,1,0,0,0,CAMINHÃO=2,ARAMINA,FRANCA,RIBEIRÃO PRETO,ESTADUAL
2020-10-22,02:12:00,L01-AUTOBAN,SP330,138.3,SUL,-22.622245226412,-47.344865996083,TOMBAMENTO,TOMBAMENTO,NÃO INFORMADO,0,0,0,0,0,CAMINHÃO=1,LIMEIRA,CAMPINAS,RIO CLARO,ESTADUAL
2020-10-22,05:50:00,L06-INTERVIAS,SP330,235.8,NORTE,-21.78576088,-47.5255394,COLISÃO,COLISÃO-TRASEIRA,IMPRUD. CONDUTOR,2,0,0,0,0,CAMINHÃO=2,SANTA RITA DO PASSA QUATRO,CENTRAL,RIBEIRÃO PRETO,ESTADUAL
2020-10-22,05:59:00,L01-AUTOBAN,SP330,119.0,NORTE,-22.763217100847,-47.247782349587,TOMBAMENTO,TOMBAMENTO-MOTO,NÃO INFORMADO,0,2,0,0,0,MOTO=1,NOVA ODESSA,CAMPINAS,RIO CLARO,ESTADUAL
2020-10-22,06:01:00,L01-AUTOBAN,SP330,142.9,NORTE,-22.588462250267,-47.367221640398,COLISÃO,COLISÃO-LATERAL,NÃO INFORMADO,0,1,0,0,0,AUTOMÓVEL=1|MOTO=1,LIMEIRA,CAMPINAS,RIO CLARO,ESTADUAL
2020-10-22,09:20:00,L01-AUTOBAN,SP330,40.7,NORTE,-23.324881437721,-46.844511157551,COLISÃO,COLISÃO-TRASEIRA,NÃO INFORMADO,0,2,0,0,0,MOTO=1|VAN/PERUA=1,CAJAMAR,REG. METROPOLITANA SÃO PAULO,SÃO PAULO,ESTADUAL
2020-10-22,12:30:00,L01-AUTOBAN,SP330,31.3,SUL,-23.398942383411,-46.836547197788,TOMBAMENTO,TOMBAMENTO-MOTO,NÃO INFORMADO,0,2,0,0,0,MOTO=1,CAJAMAR,REG. METROPOLITANA SÃO PAULO,SÃO PAULO,ESTADUAL
2020-10-22,12:37:00,L01-AUTOBAN,SP330,53.0,NORTE,-23.230639,-46.87295,COLISÃO,COLISÃO-TRANSVERSAL,NÃO INFORMADO,0,2,0,0,0,AUTOMÓVEL=1|NÃO INFORMADO=1,JUNDIAÍ,CAMPINAS,CAMPINAS,ESTADUAL
2020-10-22,15:49:00,L01-AUTOBAN,SP330,61.0,NORTE,-23.175294620401,-46.918331980705,COLISÃO,COLISÃO-LATERAL,NÃO INFORMADO,0,0,0,0,0,MOTO=1|NÃO INFORMADO=1,JUNDIAÍ,CAMPINAS,CAMPINAS,ESTADUAL
2020-10-22,17:22:00,L28-ENTREVIAS,SP330,397.0,SUL,-20.4421840757,-47.8356831581,COLISÃO,COLISÃO-TRASEIRA,IMPRUD. CONDUTOR-FALTA DE ATENÇÃO,2,0,0,0,0,CAMINHÃO=2,GUARÁ,FRANCA,RIBEIRÃO PRETO,ESTADUAL
2020-10-22,20:11:00,L29-VIAPAULISTA,SP330,240.5,SUL,-21.75870514,-47.56058121,COLISÃO,COLISÃO-TRASEIRA,IMPRUD. CONDUTOR-PERDA DE CONTROLE,0,0,1,0,0,CAMINHÃO=3,SANTA RITA DO PASSA QUATRO,CENTRAL,RIBEIRÃO PRETO,ESTADUAL
2020-10-22,21:35:00,L01-AUTOBAN,SP330,143.1,SUL,-22.586775662896,-47.367655630296,CHOQUE,CHOQUE-SINALIZAÇÃO,NÃO INFORMADO,0,0,0,0,0,AUTOMÓVEL=1,LIMEIRA,CAMPINAS,RIO CLARO,ESTADUAL
2020-10-22,22:52:00,L28-ENTREVIAS,SP330,326.5,NORTE,-21.0513530475,-47.8246641358,COLISÃO,COLISÃO-TRASEIRA,IMPRUD. CONDUTOR-FALTA DE ATENÇÃO,1,0,0,1,0,CAMINHÃO=1|MOTOCICLETA / MOTONETA=1,JARDINÓPOLIS,RIBEIRÃO PRETO,RIBEIRÃO PRETO,ESTADUAL
2020-10-23,07:06:00,L29-VIAPAULISTA,SP330,245.5,NORTE,-21.7225914,-47.58778,COLISÃO,COLISÃO-TRASEIRA,IMPRUD. CONDUTOR-DORMIR AO VOLANTE,1,1,0,0,0,CAMINHÃO=2,SANTA RITA DO PASSA QUATRO,CENTRAL,RIBEIRÃO PRETO,ESTADUAL
2020-10-23,10:31:00,L01-AUTOBAN,SP330,20.0,SUL,-23.468905204683,-46.779066324234,COLISÃO,COLISÃO-TRASEIRA,NÃO INFORMADO,0,1,0,0,0,AUTOMÓVEL=1|NÃO INFORMADO=1,OSASCO,REG. METROPOLITANA SÃO PAULO,SÃO PAULO,ESTADUAL
2020-10-23,15:09:00,L29-VIAPAULISTA,SP330,241.35,SUL,-21.75338173,-47.56737518,TOMBAMENTO,TOMBAMENTO,IMPRUD. CONDUTOR-LEVOU FECHADA,0,1,0,0,0,CAMINHÃO=1,SANTA RITA DO PASSA QUATRO,CENTRAL,RIBEIRÃO PRETO,ESTADUAL
2020-10-23,16:51:00,L01-AUTOBAN,SP330,153.0,NORTE,-22.505490050774,-47.398930191994,COLISÃO,COLISÃO-TRASEIRA,NÃO INFORMADO,0,0,0,0,0,CAMINHÃO=2,CORDEIRÓPOLIS,CAMPINAS,RIO CLARO,ESTADUAL
2020-10-23,18:42:00,L28-ENTREVIAS,SP330,365.0,NORTE,-20.7163362996,-47.8928929128,CAPOTAMENTO,CAPOTAMENTO,IMPRUD. CONDUTOR-EMBRIAGUEZ,1,0,0,0,0,AUTOMÓVEL=1,ORLÂNDIA,FRANCA,RIBEIRÃO PRETO,ESTADUAL
2020-10-23,19:35:00,L01-AUTOBAN,SPM330D,91.3,NORTE,-22.940536202986,-47.067994181582,COLISÃO,COLISÃO-TRASEIRA,NÃO INFORMADO,0,0,0,0,0,AUTOMÓVEL=2,CAMPINAS,CAMPINAS,CAMPINAS,ESTADUAL
2020-10-23,23:03:00,L29-VIAPAULISTA,SP330,290.5,NORTE,-21.35238647,-47.72409439,COLISÃO,COLISÃO-TRASEIRA,IMPRUD. CONDUTOR-DORMIR AO VOLANTE,2,0,0,0,0,CAMINHÃO=2,CRAVINHOS,RIBEIRÃO PRETO,RIBEIRÃO PRETO,ESTADUAL
2020-10-23,23:21:00,L29-VIAPAULISTA,SP330,303.0,SUL,-21.24713516,-47.75667572,ATROPELAMENTO DE ANIMAL,ATROP. ANIMAL,ANIMAL NA RODOVIA,1,0,0,0,0,AUTOMÓVEL=1,RIBEIRÃO PRETO,RIBEIRÃO PRETO,RIBEIRÃO PRETO,ESTADUAL
2020-10-23,23:57:00,L29-VIAPAULISTA,SP330,248.4,NORTE,-21.69783592,-47.5968132,COLISÃO,COLISÃO-TRASEIRA,IMPRUD. CONDUTOR-DORMIR AO VOLANTE,3,1,0,0,0,AUTOMÓVEL=1|CAMINHONETE=1|CAMINHÃO=1,SANTA RITA DO PASSA QUATRO,CENTRAL,RIBEIRÃO PRETO,ESTADUAL
2020-10-23,23:58:00,L28-ENTREVIAS,SP330,390.5,NORTE,-20.5037009684,-47.8395842288,CHOQUE,CHOQUE-OBJETO NA PISTA,OBJETO NA PISTA,4,0,0,0,0,AUTOMÓVEL=4|CAMINHÃO=1,GUARÁ,FRANCA,RIBEIRÃO PRETO,ESTADUAL
2020-10-24,01:33:00,L06-INTERVIAS,SP330,180.8,SUL,-22.25580025,-47.38999939,COLISÃO,COLISÃO-TRASEIRA,IMPRUD. CONDUTOR-DORMIR AO VOLANTE,1,1,0,0,0,CAMINHONETE=1|CAMINHÃO=1,ARARAS,CAMPINAS,RIO CLARO,ESTADUAL
2020-10-24,07:06:00,L29-VIAPAULISTA,SP330,300.0,NORTE,-21.27273941,-47.75517273,CHOQUE,"CHOQUE - DEFENSA, BARREIRA OU ""SUBMARINO""",IMPRUD. CONDUTOR-LEVOU FECHADA,1,0,0,0,0,AUTOMÓVEL=1,CRAVINHOS,RIBEIRÃO PRETO,RIBEIRÃO PRETO,ESTADUAL
2020-10-24,10:31:00,L01-AUTOBAN,SP330,113.4,SUL,-22.804695844889,-47.218663224166,CHOQUE,CHOQUE-BARREIRA DE CONCRETO,NÃO INFORMADO,0,0,0,1,0,AUTOMÓVEL=1,SUMARÉ,CAMPINAS,CAMPINAS,ESTADUAL
2020-10-24,11:09:00,L01-AUTOBAN,SP330,122.4,NORTE,-22.741475927962,-47.271590959817,CHOQUE,CHOQUE-VEÍCULO PARADO NA PISTA,NÃO INFORMADO,0,0,0,0,0,AUTOMÓVEL=2|UTILITÁRIO=1,AMERICANA,CAMPINAS,RIO CLARO,ESTADUAL
2020-10-24,18:11:00,L01-AUTOBAN,SPM330E,104.1,SUL,-22.856577295546,-47.149553405898,CHOQUE,CHOQUE-SINALIZAÇÃO,NÃO INFORMADO,0,1,0,0,0,AUTOMÓVEL=1,CAMPINAS,CAMPINAS,CAMPINAS,ESTADUAL
2020-10-24,21:43:00,L06-INTERVIAS,SP330,221.15,SUL,-21.90609932,-47.47729874,CAPOTAMENTO,CAPOTAMENTO,IMPRUD. CONDUTOR-PERDA DE CONTROLE,0,1,0,0,0,AUTOMÓVEL=1,PORTO FERREIRA,CENTRAL,RIO CLARO,ESTADUAL
2020-10-24,22:22:00,L28-ENTREVIAS,SP330,382.0,NORTE,-20.5676864601,-47.8688318461,COLISÃO,COLISÃO-TRASEIRA,IMPRUD. CONDUTOR-EMBRIAGUEZ,4,0,0,0,0,AUTOMÓVEL=3|CAMINHÃO=1,SÃO JOAQUIM DA BARRA,FRANCA,RIBEIRÃO PRETO,ESTADUAL
2020-10-25,01:46:00,L01-AUTOBAN,SP330,103.85,SUL,-22.857893413188,-47.147355439904,COLISÃO,COLISÃO-TRASEIRA,NÃO INFORMADO,4,1,0,0,0,AUTOMÓVEL=2,CAMPINAS,CAMPINAS,CAMPINAS,ESTADUAL
2020-10-25,01:53:00,L29-VIAPAULISTA,SP330,313.0,SUL,-21.15711975,-47.75663376,TOMBAMENTO,TOMBAMENTO,PANE MECÂNICA/ELÉTRICA,2,0,0,0,0,MOTO=1,RIBEIRÃO PRETO,RIBEIRÃO PRETO,RIBEIRÃO PRETO,ESTADUAL
2020-10-25,02:19:00,L01-AUTOBAN,SP330,31.4,SUL,-23.398075183418,-46.836406312006,CHOQUE,CHOQUE-TALUDE OU BARRANCO,NÃO INFORMADO,0,0,0,0,1,AUTOMÓVEL=1,CAJAMAR,REG. METROPOLITANA SÃO PAULO,SÃO PAULO,ESTADUAL
2020-10-25,05:16:00,L01-AUTOBAN,SPM330E,109.2,SUL,-22.826603507699,-47.185907579202,CHOQUE,CHOQUE-BARREIRA DE CONCRETO,NÃO INFORMADO,0,0,1,1,0,MOTO=1,SUMARÉ,CAMPINAS,CAMPINAS,ESTADUAL
2020-10-25,05:22:00,L28-ENTREVIAS,SP330,379.282,NORTE,-20.5881906866,-47.8793319036,ATROPELAMENTO DE PEDESTRE,ATROP. PEDESTRE-MORADOR,IMPRUD. PEDESTRE-MORADOR,1,0,0,0,1,CAMIONETA / UTILITÁRIO=1|NÃO SE APLICA=1,SÃO JOAQUIM DA BARRA,FRANCA,RIBEIRÃO PRETO,ESTADUAL
2020-10-25,06:46:00,L01-AUTOBAN,SP330,11.46,NORTE,-23.510308819155,-46.728911022024,CHOQUE,CHOQUE-BARREIRA DE CONCRETO,NÃO INFORMADO,0,0,0,1,0,AUTOMÓVEL=1,SÃO PAULO,REG. METROPOLITANA SÃO PAULO,SÃO PAULO,ESTADUAL
2020-10-25,09:22:00,L01-AUTOBAN,SP330,109.0,NORTE,-22.827374159413,-47.183876037598,TOMBAMENTO,TOMBAMENTO-MOTO,NÃO INFORMADO,0,1,0,0,0,MOTO=1,SUMARÉ,CAMPINAS,CAMPINAS,ESTADUAL
2020-10-25,12:39:00,L01-AUTOBAN,SP330,142.0,NORTE,-22.596539175176,-47.365295290947,TOMBAMENTO,TOMBAMENTO-MOTO,NÃO INFORMADO,0,0,0,0,0,MOTO=1,LIMEIRA,CAMPINAS,RIO CLARO,ESTADUAL
2020-10-25,15:10:00,L01-AUTOBAN,SPM330E,106.74,SUL,-22.841664690766,-47.169144044201,TOMBAMENTO,TOMBAMENTO-MOTO,NÃO INFORMADO,0,1,0,0,0,MOTO=1,SUMARÉ,CAMPINAS,CAMPINAS,ESTADUAL
2020-10-25,15:57:00,L01-AUTOBAN,SP330,19.85,NORTE,-23.469659771976,-46.777935775518,CHOQUE,CHOQUE-TALUDE OU BARRANCO,NÃO INFORMADO,0,1,0,0,0,AUTOMÓVEL=3,OSASCO,REG. METROPOLITANA SÃO PAULO,SÃO PAULO,ESTADUAL
2020-10-25,16:09:00,L01-AUTOBAN,SP330,145.65,SUL,-22.56385054,-47.36641967,CHOQUE,CHOQUE-DEFENSA METÁLICA,NÃO INFORMADO,0,0,0,0,0,CAMINHÃO=1,LIMEIRA,CAMPINAS,RIO CLARO,ESTADUAL
2020-10-25,17:10:00,L01-AUTOBAN,SPM330D,86.6,NORTE,-22.978024144201,-47.046435565104,CHOQUE,CHOQUE-MEIO FIO/CALÇAMENTO,NÃO INFORMADO,0,0,0,0,0,AUTOMÓVEL=1,CAMPINAS,CAMPINAS,CAMPINAS,ESTADUAL
2020-10-25,17:49:00,L06-INTERVIAS,SP330,223.8,SUL,-21.88191986,-47.48559952,ATROPELAMENTO DE ANIMAL,ATROP. ANIMAL,ANIMAL NA RODOVIA,1,0,0,0,0,AUTOMÓVEL=1,PORTO FERREIRA,CENTRAL,RIO CLARO,ESTADUAL
2020-10-25,19:11:00,L01-AUTOBAN,SP330,93.32,NORTE,-22.928077020833,-47.081590530752,CHOQUE,CHOQUE-BARREIRA DE CONCRETO,NÃO INFORMADO,0,0,1,0,0,AUTOMÓVEL=1,CAMPINAS,CAMPINAS,CAMPINAS,ESTADUAL
2020-10-25,22:40:00,L01-AUTOBAN,SP330,71.4,NORTE,-23.094681119515,-46.96994305365,CHOQUE,CHOQUE-MEIO FIO/CALÇAMENTO,NÃO INFORMADO,0,0,0,0,0,AUTOMÓVEL=1,LOUVEIRA,CAMPINAS,CAMPINAS,ESTADUAL
2020-10-26,04:52:00,L01-AUTOBAN,SP330,61.3,NORTE,-23.173291385221,-46.920791023676,COLISÃO,COLISÃO-TRASEIRA,NÃO INFORMADO,0,0,0,0,0,CARRETA=2,JUNDIAÍ,CAMPINAS,CAMPINAS,ESTADUAL
2020-10-26,05:50:00,L01-AUTOBAN,SP330,95.2,SUL,-22.918286576983,-47.095598079532,TOMBAMENTO,TOMBAMENTO,NÃO INFORMADO,0,0,0,0,0,CARRETA=1,CAMPINAS,CAMPINAS,CAMPINAS,ESTADUAL
2020-10-26,07:54:00,L29-VIAPAULISTA,SP330,315.0,SUL,-21.1398716,-47.76180649,CHOQUE,"CHOQUE - DEFENSA, BARREIRA OU ""SUBMARINO""",IMPRUD. CONDUTOR-PERDA DE CONTROLE,2,0,0,0,0,AUTOMÓVEL=1,RIBEIRÃO PRETO,RIBEIRÃO PRETO,RIBEIRÃO PRETO,ESTADUAL
2020-10-26,11:23:00,L01-AUTOBAN,SP330,120.4,NORTE,-22.754030611465,-47.25734576513,TOMBAMENTO,TOMBAMENTO,NÃO INFORMADO,1,0,0,0,0,MOTO=1,AMERICANA,CAMPINAS,RIO CLARO,ESTADUAL
2020-10-26,12:26:00,L01-AUTOBAN,SP330,152.5,NORTE,-22.509585963674,-47.397154569626,CHOQUE,CHOQUE-PRAÇA MANUAL-(ENTRE VEÍCULOS),NÃO INFORMADO,0,0,0,0,0,AUTOMÓVEL=1|UTILITÁRIO=1,CORDEIRÓPOLIS,CAMPINAS,RIO CLARO,ESTADUAL
2020-10-26,13:15:00,L06-INTERVIAS,SP330,181.76,NORTE,-22.24896049,-47.38998032,COLISÃO,COLISÃO-TRASEIRA,IMPRUD. CONDUTOR-FREADA BRUSCA,2,0,0,0,0,CAMINHÃO=2,LEME,CAMPINAS,RIO CLARO,ESTADUAL
2020-10-26,19:20:00,L29-VIAPAULISTA,SP330,282.45,NORTE,-21.40350342,-47.6727562,CHOQUE,CHOQUE-VEÍCULO PARADO NA PISTA,IMPRUD. CONDUTOR,2,0,0,0,0,CAMINHÃO=1|ÔNIBUS=1,SÃO SIMÃO,RIBEIRÃO PRETO,RIBEIRÃO PRETO,ESTADUAL
2020-10-26,19:44:00,L28-ENTREVIAS,SP330,337.7,SUL,-20.9655755042,-47.8679790094,CHOQUE,CHOQUE-OBJETO NA PISTA,OBJETO NA PISTA,1,0,0,0,0,AUTOMÓVEL=1,JARDINÓPOLIS,RIBEIRÃO PRETO,RIBEIRÃO PRETO,ESTADUAL
2020-10-26,21:54:00,L01-AUTOBAN,SPM330D,114.2,NORTE,-22.798855601266,-47.222658621122,CHOQUE,CHOQUE-VEÍCULO PARADO NA PISTA,NÃO INFORMADO,0,1,2,0,0,AUTOMÓVEL=1|UTILITÁRIO=1,SUMARÉ,CAMPINAS,CAMPINAS,ESTADUAL
2020-10-26,23:23:00,L01-AUTOBAN,SP330,114.25,NORTE,-22.798440904914,-47.222872674465,COLISÃO,COLISÃO-TRASEIRA,NÃO INFORMADO,0,1,0,0,0,CARRETA=1|UTILITÁRIO=1,SUMARÉ,CAMPINAS,CAMPINAS,ESTADUAL
2020-10-27,09:50:00,L01-AUTOBAN,SP330,98.0,SUL,-22.896245165998,-47.110952138901,COLISÃO,COLISÃO-TRASEIRA,NÃO INFORMADO,0,0,0,1,0,CAMINHÃO=1|MOTO=1,CAMPINAS,CAMPINAS,CAMPINAS,ESTADUAL
2020-10-27,11:57:00,L01-AUTOBAN,SP330,55.0,SUL,-23.216229975306,-46.884031891823,TOMBAMENTO,TOMBAMENTO-MOTO,NÃO INFORMADO,0,2,0,0,0,MOTO=1,JUNDIAÍ,CAMPINAS,CAMPINAS,ESTADUAL
2020-10-27,12:25:00,L29-VIAPAULISTA,SP330,266.4,SUL,-21.54116631,-47.64024353,CHOQUE,CHOQUE-TALUDE OU BARRANCO,IMPRUD. CONDUTOR-LEVOU FECHADA,1,0,0,0,0,CAMINHÃO=1,SÃO SIMÃO,RIBEIRÃO PRETO,RIBEIRÃO PRETO,ESTADUAL
2020-10-27,15:46:00,L01-AUTOBAN,SP330,107.8,NORTE,-22.833958724325,-47.175902385989,CHOQUE,CHOQUE-OBJETO NA PISTA,NÃO INFORMADO,0,0,0,0,0,AUTOMÓVEL=1|BITREM/CVC=2,SUMARÉ,CAMPINAS,CAMPINAS,ESTADUAL
2020-10-27,18:27:00,L01-AUTOBAN,SP330,98.4,NORTE,-22.892616805921,-47.111750368126,CHOQUE,CHOQUE-VEÍCULO PARADO NA PISTA,NÃO INFORMADO,0,1,0,0,0,AUTOMÓVEL=1|UTILITÁRIO=1,CAMPINAS,CAMPINAS,CAMPINAS,ESTADUAL
2020-10-28,06:24:00,L01-AUTOBAN,SP330,13.4,SUL,-23.50776575417,-46.744040962224,ENGAVETAMENTO,ENGAVETAMENTO,NÃO INFORMADO,0,0,0,0,0,AUTOMÓVEL=3|VAN/PERUA=1,SÃO PAULO,REG. METROPOLITANA SÃO PAULO,SÃO PAULO,ESTADUAL
2020-10-28,07:02:00,L01-AUTOBAN,SP330,105.0,SUL,-22.852088298342,-47.156785726547,ENGAVETAMENTO,ENGAVETAMENTO,NÃO INFORMADO,0,1,0,0,0,AUTOMÓVEL=2|CARRETA=1,CAMPINAS,CAMPINAS,CAMPINAS,ESTADUAL
2020-10-28,07:46:00,L29-VIAPAULISTA,SP330,302.0,SUL,-21.25533867,-47.75476456,COLISÃO,COLISÃO-TRASEIRA,IMPRUD. CONDUTOR-PERDA DE CONTROLE,1,1,0,0,0,CAMINHÃO=1|MOTO=1,RIBEIRÃO PRETO,RIBEIRÃO PRETO,RIBEIRÃO PRETO,ESTADUAL
2020-10-28,07:56:00,L29-VIAPAULISTA,SP330,317.45,SUL,-21.12115479,-47.77431107,COLISÃO,COLISÃO-TRASEIRA,IMPRUD. CONDUTOR,2,0,0,0,0,AUTOMÓVEL=1|CAMINHONETE=1,RIBEIRÃO PRETO,RIBEIRÃO PRETO,RIBEIRÃO PRETO,ESTADUAL
2020-10-28,17:05:00,L01-AUTOBAN,SP330,92.0,SUL,-22.935126302733,-47.071105241776,TOMBAMENTO,TOMBAMENTO-MOTO,NÃO INFORMADO,0,1,0,0,0,MOTO=1,CAMPINAS,CAMPINAS,CAMPINAS,ESTADUAL
2020-10-28,17:07:00,L01-AUTOBAN,SP330,73.0,SUL,-23.082623671372,-46.978075504303,CHOQUE,CHOQUE-MEIO FIO/CALÇAMENTO,NÃO INFORMADO,0,0,0,0,0,AUTOMÓVEL=1,LOUVEIRA,CAMPINAS,CAMPINAS,ESTADUAL
2020-10-28,18:09:00,L01-AUTOBAN,SP330,122.6,NORTE,-22.740416912142,-47.273262407844,TOMBAMENTO,TOMBAMENTO-MOTO,NÃO INFORMADO,0,0,1,0,0,MOTO=1,AMERICANA,CAMPINAS,RIO CLARO,ESTADUAL
2020-10-28,20:16:00,L06-INTERVIAS,SP330,202.4,NORTE,-22.06620026,-47.42509842,ATROPELAMENTO DE ANIMAL,ATROP. ANIMAL,ANIMAL NA RODOVIA,2,0,0,0,0,AUTOMÓVEL=1,PIRASSUNUNGA,CAMPINAS,RIO CLARO,ESTADUAL
2020-10-28,22:33:00,L01-AUTOBAN,SP330,156.2,NORTE,-22.47676277285,-47.399003148439,CHOQUE,CHOQUE-TALUDE OU BARRANCO,NÃO INFORMADO,0,0,0,0,0,CARRETA=1,CORDEIRÓPOLIS,CAMPINAS,RIO CLARO,ESTADUAL
2020-10-28,23:49:00,L01-AUTOBAN,SP330,135.28,NORTE,-22.644172021579,-47.327385158769,CHOQUE,CHOQUE-BARREIRA DE CONCRETO,NÃO INFORMADO,3,1,0,1,0,AUTOMÓVEL=1|CAMINHÃO=1|UTILITÁRIO=2,LIMEIRA,CAMPINAS,RIO CLARO,ESTADUAL
2020-10-29,00:35:00,L29-VIAPAULISTA,SP330,300.6,SUL,-21.26834869,-47.75603867,COLISÃO,COLISÃO-TRASEIRA,IMPRUD. CONDUTOR,2,0,0,0,0,CAMINHÃO=2,RIBEIRÃO PRETO,RIBEIRÃO PRETO,RIBEIRÃO PRETO,ESTADUAL
2020-10-29,05:59:00,L29-VIAPAULISTA,SP330,307.5,SUL,-21.20635033,-47.75839996,TOMBAMENTO,TOMBAMENTO,IMPRUD. CONDUTOR-PERDA DE CONTROLE,0,0,1,0,0,MOTO=1,RIBEIRÃO PRETO,RIBEIRÃO PRETO,RIBEIRÃO PRETO,ESTADUAL
2020-10-29,08:18:00,L28-ENTREVIAS,SP330,350.0,SUL,-20.8508397261,-47.8957550462,COLISÃO,COLISÃO-TRASEIRA,IMPRUD. CONDUTOR-DIST. INADEQUADA ENTRE VEÍC.,2,0,0,0,0,AUTOMÓVEL=2,SALES OLIVEIRA,FRANCA,RIBEIRÃO PRETO,ESTADUAL
2020-10-29,09:10:00,L01-AUTOBAN,SP330,60.25,SUL,-23.179702084885,-46.913367211819,ENGAVETAMENTO,ENGAVETAMENTO,NÃO INFORMADO,0,1,0,0,0,AUTOMÓVEL=2|VAN/PERUA=1,JUNDIAÍ,CAMPINAS,CAMPINAS,ESTADUAL
2020-10-29,10:46:00,L01-AUTOBAN,SP330,81.0,NORTE,-23.021130077926,-47.017879486084,TOMBAMENTO,TOMBAMENTO-MOTO,NÃO INFORMADO,0,1,0,0,0,MOTO=1,VALINHOS,CAMPINAS,CAMPINAS,ESTADUAL
2020-10-29,13:01:00,L01-AUTOBAN,SPM330E,99.0,SUL,-22.887972406914,-47.113489508629,COLISÃO,COLISÃO-LATERAL,NÃO INFORMADO,0,0,0,0,0,AUTOMÓVEL=1|CAMINHÃO=1,CAMPINAS,CAMPINAS,CAMPINAS,ESTADUAL
2020-10-29,13:39:00,L28-ENTREVIAS,SP330,375.15,NORTE,-20.6270039974,-47.8825077879,COLISÃO,COLISÃO-LATERAL,IMPRUD. CONDUTOR-DORMIR AO VOLANTE,2,0,0,0,0,AUTOMÓVEL=1|CAMINHÃO=1,SÃO JOAQUIM DA BARRA,FRANCA,RIBEIRÃO PRETO,ESTADUAL
2020-10-29,14:05:00,L01-AUTOBAN,SP330,12.1,SUL,-23.509351203321,-46.731369677883,CHOQUE,CHOQUE-BARREIRA DE CONCRETO,NÃO INFORMADO,0,0,0,0,0,CAMINHÃO=1,SÃO PAULO,REG. METROPOLITANA SÃO PAULO,SÃO PAULO,ESTADUAL
2020-10-29,17:30:00,L01-AUTOBAN,SP330,22.5,NORTE,-23.448689540268,-46.786686480045,COLISÃO,COLISÃO-LATERAL,NÃO INFORMADO,0,1,0,0,0,AUTOMÓVEL=1|CARRETA=1,SÃO PAULO,REG. METROPOLITANA SÃO PAULO,SÃO PAULO,ESTADUAL
2020-10-29,20:07:00,L01-AUTOBAN,SP330,98.0,SUL,-22.896245165998,-47.110952138901,CHOQUE,CHOQUE-BARREIRA DE CONCRETO,NÃO INFORMADO,0,0,0,0,0,AUTOMÓVEL=1,CAMPINAS,CAMPINAS,CAMPINAS,ESTADUAL
2020-10-29,20:24:00,L01-AUTOBAN,SPM330E,15.7,SUL,-23.495963048307,-46.757594703838,CHOQUE,CHOQUE-DEFENSA METÁLICA,NÃO INFORMADO,0,0,0,0,0,UTILITÁRIO=1,SÃO PAULO,REG. METROPOLITANA SÃO PAULO,SÃO PAULO,ESTADUAL
2020-10-29,20:35:00,L01-AUTOBAN,SP330,101.8,NORTE,-22.868652468972,-47.130649231549,CHOQUE,CHOQUE-BARREIRA DE CONCRETO,NÃO INFORMADO,0,0,0,0,0,AUTOMÓVEL=1,CAMPINAS,CAMPINAS,CAMPINAS,ESTADUAL
2020-10-29,20:50:00,L01-AUTOBAN,SP330,21.0,SUL,-23.460992556264,-46.781448125839,COLISÃO,COLISÃO-TRASEIRA,NÃO INFORMADO,0,1,0,0,0,MOTO=1|UTILITÁRIO=1,SÃO PAULO,REG. METROPOLITANA SÃO PAULO,SÃO PAULO,ESTADUAL
2020-10-29,21:05:00,L06-INTERVIAS,SPI165/330,0.0,OESTE,-22.39640045,-47.38880157,CHOQUE,CHOQUE-SINALIZAÇÃO,IMPRUD. CONDUTOR-PERDA DE CONTROLE,1,0,0,0,0,AUTOMÓVEL=1,ARARAS,CAMPINAS,RIO CLARO,ESTADUAL
2020-10-29,21:14:00,L06-INTERVIAS,SP330,221.0,NORTE,-21.90600014,-47.47710037,COLISÃO,COLISÃO-TRASEIRA,IMPRUD. CONDUTOR-LEVOU FECHADA,3,2,0,0,0,CAMINHONETE=1|CAMINHÃO=1,PORTO FERREIRA,CENTRAL,RIO CLARO,ESTADUAL
2020-10-29,23:15:00,L01-AUTOBAN,SP330,139.0,NORTE,-22.61753168799,-47.348890900612,CHOQUE,CHOQUE-DEFENSA METÁLICA,NÃO INFORMADO,0,1,1,0,0,CARRETA=1,LIMEIRA,CAMPINAS,RIO CLARO,ESTADUAL
2020-10-29,23:37:00,L01-AUTOBAN,SP330,72.92,NORTE,-23.083111587226,-46.977483404896,CHOQUE,CHOQUE-MEIO FIO/CALÇAMENTO,NÃO INFORMADO,0,0,0,0,0,AUTOMÓVEL=1,LOUVEIRA,CAMPINAS,CAMPINAS,ESTADUAL
2020-10-29,23:44:00,L01-AUTOBAN,SP330,38.1,NORTE,-23.344146660274,-46.840479261582,ATROPELAMENTO DE ANIMAL,ATROP. ANIMAL,NÃO INFORMADO,0,0,0,0,0,AUTOMÓVEL=1,CAJAMAR,REG. METROPOLITANA SÃO PAULO,SÃO PAULO,ESTADUAL
2020-10-30,07:30:00,L01-AUTOBAN,SP330,96.0,NORTE,-22.911450110385,-47.101403474808,TOMBAMENTO,TOMBAMENTO-MOTO,NÃO INFORMADO,0,1,0,0,0,MOTO=1,CAMPINAS,CAMPINAS,CAMPINAS,ESTADUAL
2020-10-30,07:47:00,L01-AUTOBAN,SPM330D,95.8,NORTE,-22.913099409722,-47.09992828236,CHOQUE,CHOQUE-VEÍCULO PARADO NA PISTA,NÃO INFORMADO,0,1,0,0,0,MOTO=1|VIATURA CONCESSIONÁRIA=1,CAMPINAS,CAMPINAS,CAMPINAS,ESTADUAL
2020-10-30,08:36:00,L01-AUTOBAN,SP330,101.3,SUL,-22.872369094534,-47.127143140715,COLISÃO,COLISÃO-TRASEIRA,NÃO INFORMADO,0,0,0,0,0,AUTOMÓVEL=1|NÃO INFORMADO=1,CAMPINAS,CAMPINAS,CAMPINAS,ESTADUAL
2020-10-30,09:07:00,L01-AUTOBAN,SPM330E,14.6,SUL,-23.502824762941,-46.752831103196,CHOQUE,CHOQUE-DEFENSA METÁLICA,NÃO INFORMADO,0,0,0,0,0,AUTOMÓVEL=1,SÃO PAULO,REG. METROPOLITANA SÃO PAULO,SÃO PAULO,ESTADUAL
2020-10-30,10:00:00,L01-AUTOBAN,SP330,116.1,NORTE,-22.782347192615,-47.231058233519,COLISÃO,COLISÃO-TRASEIRA,NÃO INFORMADO,0,1,0,0,0,CAMINHÃO=1|ÔNIBUS=1,NOVA ODESSA,CAMPINAS,RIO CLARO,ESTADUAL
2020-10-30,10:11:00,L29-VIAPAULISTA,SP330,307.35,NORTE,-21.20722008,-47.75831223,TOMBAMENTO,TOMBAMENTO,ÓLEO NA PISTA,0,1,0,0,0,MOTO=1,RIBEIRÃO PRETO,RIBEIRÃO PRETO,RIBEIRÃO PRETO,ESTADUAL
2020-10-30,10:20:00,L01-AUTOBAN,SP330,30.6,NORTE,-23.402893877304,-46.83363426036,CHOQUE,CHOQUE-BARREIRA DE CONCRETO,NÃO INFORMADO,0,1,0,0,0,AUTOMÓVEL=1,CAJAMAR,REG. METROPOLITANA SÃO PAULO,SÃO PAULO,ESTADUAL
2020-10-30,11:53:00,L01-AUTOBAN,SPM330E,58.0,SUL,-23.19706558464,-46.903826594353,COLISÃO,COLISÃO-FRONTAL,NÃO INFORMADO,0,3,0,0,0,AUTOMÓVEL=2,JUNDIAÍ,CAMPINAS,CAMPINAS,ESTADUAL
2020-10-30,12:17:00,L01-AUTOBAN,SP330,152.0,SUL,-22.514108056285,-47.395604252815,CHOQUE,CHOQUE-PRAÇA MANUAL-(ENTRE VEÍCULOS),NÃO INFORMADO,0,0,0,0,0,AUTOMÓVEL=1|UTILITÁRIO=1,LIMEIRA,CAMPINAS,RIO CLARO,ESTADUAL
2020-10-30,12:46:00,L01-AUTOBAN,SP330,41.0,SUL,-23.323518428373,-46.84717297554,CAPOTAMENTO,CAPOTAMENTO,NÃO INFORMADO,1,1,0,0,0,AUTOMÓVEL=1,CAJAMAR,REG. METROPOLITANA SÃO PAULO,SÃO PAULO,ESTADUAL
2020-10-30,14:03:00,L01-AUTOBAN,SP330,103.0,NORTE,-22.862197108808,-47.13924407959,TOMBAMENTO,TOMBAMENTO-MOTO,NÃO INFORMADO,0,1,0,0,0,MOTO=1,CAMPINAS,CAMPINAS,CAMPINAS,ESTADUAL
2020-10-30,14:39:00,L01-AUTOBAN,SP330,108.2,NORTE,-22.83154310023,-47.178511599104,TOMBAMENTO,TOMBAMENTO-MOTO,NÃO INFORMADO,0,1,0,0,0,MOTO=1,SUMARÉ,CAMPINAS,CAMPINAS,ESTADUAL
2020-10-30,14:57:00,L01-AUTOBAN,SP330,106.8,NORTE,-22.840863349821,-47.169474839034,COLISÃO,COLISÃO-TRASEIRA,NÃO INFORMADO,0,1,0,0,0,AUTOMÓVEL=1|UTILITÁRIO=1,SUMARÉ,CAMPINAS,CAMPINAS,ESTADUAL
2020-10-30,15:26:00,L01-AUTOBAN,SP330,103.0,SUL,-22.862525,-47.139454,CHOQUE,CHOQUE-TALUDE OU BARRANCO,NÃO INFORMADO,0,0,0,0,0,AUTOMÓVEL=1,CAMPINAS,CAMPINAS,CAMPINAS,ESTADUAL
2020-10-30,15:42:00,L01-AUTOBAN,SP330,91.7,NORTE,-22.937439219061,-47.069934374349,COLISÃO,COLISÃO-TRASEIRA,NÃO INFORMADO,0,0,0,0,0,AUTOMÓVEL=1|NÃO INFORMADO=1,CAMPINAS,CAMPINAS,CAMPINAS,ESTADUAL
2020-10-30,17:07:00,L29-VIAPAULISTA,SP330,312.0,NORTE,-21.16531754,-47.7561264,COLISÃO,COLISÃO-TRASEIRA,IMPRUD. CONDUTOR,1,1,0,0,0,CAMINHONETE=1|MOTO=1,RIBEIRÃO PRETO,RIBEIRÃO PRETO,RIBEIRÃO PRETO,ESTADUAL
2020-10-30,17:10:00,L29-VIAPAULISTA,SP330,308.0,NORTE,-21.20136642,-47.75800323,COLISÃO,COLISÃO-TRASEIRA,IMPRUD. CONDUTOR,2,0,0,0,0,CAMINHONETE=1|MOTO=1,RIBEIRÃO PRETO,RIBEIRÃO PRETO,RIBEIRÃO PRETO,ESTADUAL
2020-10-30,17:38:00,L01-AUTOBAN,SP330,82.65,NORTE,-23.008123572317,-47.026085980579,CHOQUE,CHOQUE-DEFENSA METÁLICA,NÃO INFORMADO,0,0,0,0,0,UTILITÁRIO=1,VALINHOS,CAMPINAS,CAMPINAS,ESTADUAL
2020-10-30,19:10:00,L01-AUTOBAN,SP330,91.0,NORTE,-22.942859,-47.066539,ENGAVETAMENTO,ENGAVETAMENTO,NÃO INFORMADO,0,1,0,0,0,AUTOMÓVEL=2|VAN/PERUA=1,CAMPINAS,CAMPINAS,CAMPINAS,ESTADUAL
2020-10-30,21:00:00,L29-VIAPAULISTA,SP330,246.75,NORTE,-21.71191788,-47.5916748,COLISÃO,COLISÃO-TRASEIRA,IMPRUD. CONDUTOR,2,0,0,0,0,CAMINHÃO=2,SANTA RITA DO PASSA QUATRO,CENTRAL,RIBEIRÃO PRETO,ESTADUAL
2020-10-31,00:30:00,L01-AUTOBAN,SP330,19.86,NORTE,-23.469612090626,-46.777998272419,CHOQUE,CHOQUE-TALUDE OU BARRANCO,NÃO INFORMADO,0,0,0,0,0,AUTOMÓVEL=1,OSASCO,REG. METROPOLITANA SÃO PAULO,SÃO PAULO,ESTADUAL
2020-10-31,06:22:00,L06-INTERVIAS,SP330,232.94,SUL,-21.80313873,-47.50499344,CHOQUE,CHOQUE-OBJETO NÃO IDENTIFICADO,OBJETO NA PISTA,0,0,0,0,0,AUTOMÓVEL=1,PORTO FERREIRA,CENTRAL,RIO CLARO,ESTADUAL
2020-10-31,10:29:00,L01-AUTOBAN,SP330,20.8,NORTE,-23.462358569772,-46.780898807501,CHOQUE,CHOQUE-BARREIRA DE CONCRETO,NÃO INFORMADO,0,0,0,0,0,AUTOMÓVEL=1,SÃO PAULO,REG. METROPOLITANA SÃO PAULO,SÃO PAULO,ESTADUAL
2020-10-31,10:30:00,L01-AUTOBAN,SP330,37.8,NORTE,-23.346199988496,-46.842063908139,TOMBAMENTO,TOMBAMENTO-MOTO,NÃO INFORMADO,0,1,0,0,0,MOTO=1,CAJAMAR,REG. METROPOLITANA SÃO PAULO,SÃO PAULO,ESTADUAL
2020-10-31,11:14:00,L01-AUTOBAN,SP330,70.0,NORTE,-23.105884989274,-46.962572336197,COLISÃO,COLISÃO-TRASEIRA,NÃO INFORMADO,0,0,0,0,0,AUTOMÓVEL=1|CAMINHÃO=1,LOUVEIRA,CAMPINAS,CAMPINAS,ESTADUAL
2020-10-31,16:11:00,L06-INTERVIAS,SP330,215.0,SUL,-21.95859909,-47.45980072,COLISÃO,COLISÃO-TRASEIRA,PANE MECÂNICA/ELÉTRICA,5,0,0,0,0,AUTOMÓVEL=2,PIRASSUNUNGA,CAMPINAS,RIO CLARO,ESTADUAL
2020-10-31,17:00:00,L06-INTERVIAS,SP330,183.3,SUL,-22.23506927,-47.39125061,COLISÃO,COLISÃO-LATERAL,IMPRUDÊNCIA,2,0,0,0,0,AUTOMÓVEL=1|NÃO INFORMADO=1,LEME,CAMPINAS,RIO CLARO,ESTADUAL
2020-10-31,17:02:00,L28-ENTREVIAS,SP330,348.0,SUL,-20.8681301519,-47.8970785774,CAPOTAMENTO,CAPOTAMENTO,IMPRUD. CONDUTOR-LEVOU FECHADA,1,0,0,0,0,AUTOMÓVEL=1,SALES OLIVEIRA,FRANCA,RIBEIRÃO PRETO,ESTADUAL
2020-10-31,17:52:00,L29-VIAPAULISTA,SP330,258.1,SUL,-21.61368752,-47.61663437,CHOQUE,"CHOQUE - DEFENSA, BARREIRA OU ""SUBMARINO""",IMPRUD. CONDUTOR,1,0,0,0,0,CAMINHONETE=1,SANTA RITA DO PASSA QUATRO,CENTRAL,RIBEIRÃO PRETO,ESTADUAL
2020-10-31,18:55:00,L29-VIAPAULISTA,SP330,249.14,NORTE,-21.69151115,-47.59911728,CHOQUE,"CHOQUE - DEFENSA, BARREIRA OU ""SUBMARINO""",IMPRUD. CONDUTOR-LEVOU FECHADA,4,0,0,0,0,AUTOMÓVEL=1,SANTA RITA DO PASSA QUATRO,CENTRAL,RIBEIRÃO PRETO,ESTADUAL
2020-10-31,20:20:00,L01-AUTOBAN,SP330,110.5,SUL,-22.820555824638,-47.197123467922,CHOQUE,CHOQUE-DEFENSA METÁLICA,NÃO INFORMADO,0,1,0,0,0,MOTO=1,SUMARÉ,CAMPINAS,CAMPINAS,ESTADUAL
2020-10-31,22:18:00,L29-VIAPAULISTA,SP330,299.0,NORTE,-21.28100777,-47.75131989,COLISÃO,COLISÃO-TRASEIRA,IMPRUD. CONDUTOR,4,1,0,0,0,AUTOMÓVEL=1|CAMINHÃO=1,CRAVINHOS,RIBEIRÃO PRETO,RIBEIRÃO PRETO,ESTADUAL
2020-10-31,22:32:00,L01-AUTOBAN,SP330,97.0,NORTE,-22.904077630073,-47.107797861099,CHOQUE,CHOQUE-BARREIRA DE CONCRETO,NÃO INFORMADO,0,0,0,0,0,AUTOMÓVEL=1,CAMPINAS,CAMPINAS,CAMPINAS,ESTADUAL
2020-10-31,22:54:00,L01-AUTOBAN,SP330,19.9,NORTE,-23.469421374318,-46.778248248101,CHOQUE,CHOQUE-TALUDE OU BARRANCO,NÃO INFORMADO,0,0,0,0,0,AUTOMÓVEL=1,OSASCO,REG. METROPOLITANA SÃO PAULO,SÃO PAULO,ESTADUAL
2020-11-01,04:02:00,L01-AUTOBAN,SP330,101.18,NORTE,-22.872651620816,-47.126072718966,CHOQUE,CHOQUE-VEÍCULO PARADO NO ACOSTAMENTO,NÃO INFORMADO,0,0,0,0,0,AUTOMÓVEL=1|CARRETA=1,CAMPINAS,CAMPINAS,CAMPINAS,ESTADUAL
2020-11-01,04:12:00,L01-AUTOBAN,SP330,111.6,SUL,-22.815554864427,-47.206279981524,CHOQUE,CHOQUE-BARREIRA DE CONCRETO,NÃO INFORMADO,0,0,0,1,0,UTILITÁRIO=1,SUMARÉ,CAMPINAS,CAMPINAS,ESTADUAL
2020-11-01,05:24:00,L01-AUTOBAN,SPM330D,113.4,NORTE,-22.804410018002,-47.218525894868,CHOQUE,CHOQUE-DEFENSA METÁLICA,NÃO INFORMADO,0,2,0,0,0,MOTO=1,SUMARÉ,CAMPINAS,CAMPINAS,ESTADUAL
2020-11-01,06:25:00,L01-AUTOBAN,SPM330D,25.4,NORTE,-23.423878853573,-46.79035084849,CHOQUE,CHOQUE-DEFENSA METÁLICA,NÃO INFORMADO,0,0,0,0,0,AUTOMÓVEL=1,SÃO PAULO,NÃO INFORMADO,NÃO INFORMADO,NÃO INFORMADO
2020-11-01,07:13:00,L01-AUTOBAN,SP330,20.2,SUL,-23.467322668962,-46.779542686372,CHOQUE,CHOQUE-BARREIRA DE CONCRETO,NÃO INFORMADO,0,0,0,0,0,AUTOMÓVEL=1,OSASCO,REG. METROPOLITANA SÃO PAULO,SÃO PAULO,ESTADUAL
2020-11-01,07:59:00,L01-AUTOBAN,SP330,125.0,NORTE,-22.728274847666,-47.291845679283,CHOQUE,CHOQUE-DEFENSA METÁLICA,NÃO INFORMADO,0,0,0,0,0,AUTOMÓVEL=1,AMERICANA,CAMPINAS,RIO CLARO,ESTADUAL
2020-11-01,09:17:00,L01-AUTOBAN,SP330,150.5,NORTE,-22.525958,-47.38927,COLISÃO,COLISÃO-TRASEIRA,NÃO INFORMADO,0,0,0,0,0,AUTOMÓVEL=2,LIMEIRA,CAMPINAS,RIO CLARO,ESTADUAL
2020-11-01,11:32:00,L01-AUTOBAN,SP330,73.1,NORTE,-23.081727011429,-46.978440691704,COLISÃO,COLISÃO-TRASEIRA,NÃO INFORMADO,0,0,0,0,0,AUTOMÓVEL=2,LOUVEIRA,CAMPINAS,CAMPINAS,ESTADUAL
2020-11-01,20:40:00,L01-AUTOBAN,SP330,70.2,SUL,-23.104338621771,-46.963832958145,COLISÃO,COLISÃO-TRASEIRA,NÃO INFORMADO,0,2,0,0,0,MOTO=1|NÃO INFORMADO=1,LOUVEIRA,CAMPINAS,CAMPINAS,ESTADUAL
2020-11-02,00:21:00,L01-AUTOBAN,SPI102/330,0.7,NORTE,-22.870400342959,-47.132017700141,CHOQUE,CHOQUE-SINALIZAÇÃO,NÃO INFORMADO,0,0,0,0,0,AUTOMÓVEL=1,CAMPINAS,CAMPINAS,CAMPINAS,ESTADUAL
2020-11-02,00:49:00,L01-AUTOBAN,SP330,90.4,SUL,-22.947852947977,-47.063990957518,CHOQUE,CHOQUE-DEFENSA METÁLICA,NÃO INFORMADO,0,0,0,0,0,AUTOMÓVEL=1,CAMPINAS,CAMPINAS,CAMPINAS,ESTADUAL
2020-11-02,02:50:00,L01-AUTOBAN,SP330,41.0,NORTE,-23.323360794394,-46.846963763237,ATROPELAMENTO DE ANIMAL,ATROP. ANIMAL,NÃO INFORMADO,0,0,0,0,0,AUTOMÓVEL=1,CAJAMAR,REG. METROPOLITANA SÃO PAULO,SÃO PAULO,ESTADUAL
2020-11-02,03:24:00,L06-INTERVIAS,SP330,231.2,NORTE,-21.81669998,-47.49710083,ATROPELAMENTO DE ANIMAL,ATROP. ANIMAL,ANIMAL NA RODOVIA,2,0,0,0,0,AUTOMÓVEL=1,PORTO FERREIRA,CENTRAL,RIO CLARO,ESTADUAL
2020-11-02,03:25:00,L06-INTERVIAS,SP330,237.5,NORTE,-21.77589989,-47.53820038,CAPOTAMENTO,CAPOTAMENTO,IMPRUD. CONDUTOR-DORMIR AO VOLANTE,2,2,0,0,0,AUTOMÓVEL=1,SANTA RITA DO PASSA QUATRO,CENTRAL,RIBEIRÃO PRETO,ESTADUAL
2020-11-02,04:40:00,L01-AUTOBAN,SP330,58.5,SUL,-23.19303705326,-46.905309855938,CHOQUE,CHOQUE-SINALIZAÇÃO,NÃO INFORMADO,0,0,0,0,0,AUTOMÓVEL=1,JUNDIAÍ,CAMPINAS,CAMPINAS,ESTADUAL
2020-11-02,10:09:00,L28-ENTREVIAS,SP330,374.4,NORTE,-20.6349977355,-47.8816610874,CHOQUE,CHOQUE-ELEMENTO DE DRENAGEM,IMPRUD. CONDUTOR-DORMIR AO VOLANTE,1,0,0,0,0,AUTOMÓVEL=1,SÃO JOAQUIM DA BARRA,FRANCA,RIBEIRÃO PRETO,ESTADUAL
2020-11-02,11:28:00,L01-AUTOBAN,SP330,37.5,SUL,-23.348016373529,-46.843898078686,TOMBAMENTO,TOMBAMENTO-MOTO,NÃO INFORMADO,0,1,0,0,0,MOTO=1,CAJAMAR,REG. METROPOLITANA SÃO PAULO,SÃO PAULO,ESTADUAL
2020-11-02,14:05:00,L01-AUTOBAN,SP330,49.2,SUL,-23.263744957743,-46.867614626754,CHOQUE,CHOQUE-BARREIRA DE CONCRETO,NÃO INFORMADO,0,1,0,0,0,AUTOMÓVEL=1|MOTO=1,JUNDIAÍ,CAMPINAS,CAMPINAS,ESTADUAL
2020-11-02,18:53:00,L01-AUTOBAN,SP330,130.3,NORTE,-22.685395841518,-47.310672104441,ATROPELAMENTO DE ANIMAL,ATROP. ANIMAL,NÃO INFORMADO,0,1,0,0,0,MOTO=1,LIMEIRA,CAMPINAS,RIO CLARO,ESTADUAL
2020-11-02,19:43:00,L01-AUTOBAN,SP330,112.9,SUL,-22.807935850949,-47.215714942358,COLISÃO,COLISÃO-LATERAL,NÃO INFORMADO,0,0,0,0,0,AUTOMÓVEL=2,SUMARÉ,CAMPINAS,CAMPINAS,ESTADUAL
2020-11-02,20:47:00,L29-VIAPAULISTA,SP330,303.0,NORTE,-21.24620628,-47.75670624,COLISÃO,COLISÃO-TRASEIRA,IMPRUD. CONDUTOR-DIST. INADEQUADA ENTRE VEÍC.,1,1,0,0,0,AUTOMÓVEL=1|MOTO=1,RIBEIRÃO PRETO,RIBEIRÃO PRETO,RIBEIRÃO PRETO,ESTADUAL
2020-11-02,21:58:00,L01-AUTOBAN,SP330,20.9,NORTE,-23.46153531583,-46.781152008998,COLISÃO,COLISÃO-TRASEIRA,NÃO INFORMADO,0,0,0,0,0,AUTOMÓVEL=2,SÃO PAULO,REG. METROPOLITANA SÃO PAULO,SÃO PAULO,ESTADUAL
2020-11-03,00:16:00,L01-AUTOBAN,SPM330E,15.0,SUL,-23.499916439503,-46.754695773125,CHOQUE,CHOQUE-ELEMENTO DE DRENAGEM,NÃO INFORMADO,0,1,0,0,0,AUTOMÓVEL=1,SÃO PAULO,REG. METROPOLITANA SÃO PAULO,SÃO PAULO,ESTADUAL
2020-11-03,06:47:00,L01-AUTOBAN,SPM330E,104.0,SUL,-22.857076064557,-47.148749828339,COLISÃO,COLISÃO-LATERAL,NÃO INFORMADO,0,0,0,0,0,AUTOMÓVEL=1|NÃO INFORMADO=1,CAMPINAS,CAMPINAS,CAMPINAS,ESTADUAL
2020-11-03,07:21:00,L01-AUTOBAN,SP330,26.5,SUL,-23.418540071384,-46.79876178503,CHOQUE,"CHOQUE-PRAÇA AVI-(DEFENSA,ILHA,BARREIRA)",NÃO INFORMADO,0,0,0,1,0,NÃO INFORMADO=1,SÃO PAULO,REG. METROPOLITANA SÃO PAULO,SÃO PAULO,ESTADUAL
2020-11-03,07:21:00,L01-AUTOBAN,SP330,55.0,NORTE,-23.216200395138,-46.883779764175,TOMBAMENTO,TOMBAMENTO-MOTO,NÃO INFORMADO,0,1,0,0,0,MOTO=1,JUNDIAÍ,CAMPINAS,CAMPINAS,ESTADUAL
2020-11-03,07:27:00,L06-INTERVIAS,SP330,235.0,NORTE,-21.79039955,-47.5196991,CHOQUE,"CHOQUE - DEFENSA, BARREIRA OU ""SUBMARINO""",IMPRUD. CONDUTOR-PERDA DE CONTROLE,1,0,0,1,0,AUTOMÓVEL=1|CAMINHÃO=1,SANTA RITA DO PASSA QUATRO,CENTRAL,RIBEIRÃO PRETO,ESTADUAL
2020-11-03,08:11:00,L01-AUTOBAN,SP330,32.94,NORTE,-23.385174467247,-46.838166013231,COLISÃO,COLISÃO-TRASEIRA,NÃO INFORMADO,0,1,0,0,0,AUTOMÓVEL=1|BICICLETA=1,CAJAMAR,REG. METROPOLITANA SÃO PAULO,SÃO PAULO,ESTADUAL
2020-11-03,08:40:00,L01-AUTOBAN,SPM330D,106.6,NORTE,-22.842274289277,-47.168119853432,COLISÃO,COLISÃO-TRASEIRA,NÃO INFORMADO,0,0,0,0,0,AUTOMÓVEL=1|NÃO INFORMADO=1,SUMARÉ,CAMPINAS,CAMPINAS,ESTADUAL
2020-11-03,16:50:00,L01-AUTOBAN,SP330,36.0,SUL,-23.36049320542,-46.848599910736,COLISÃO,COLISÃO-TRASEIRA,NÃO INFORMADO,0,0,0,0,0,AUTOMÓVEL=1|NÃO INFORMADO=1,CAJAMAR,REG. METROPOLITANA SÃO PAULO,SÃO PAULO,ESTADUAL
2020-11-03,17:17:00,L06-INTERVIAS,SP330,179.0,NORTE,-22.27370071,-47.39189911,ENGAVETAMENTO,ENGAVETAMENTO,IMPRUD. CONDUTOR,6,0,0,0,0,AUTOMÓVEL=1|CAMINHONETE=1|NÃO INFORMADO=1,ARARAS,CAMPINAS,RIO CLARO,ESTADUAL
2020-11-03,17:20:00,L01-AUTOBAN,SPM330E,14.6,SUL,-23.502824762941,-46.752831103196,COLISÃO,COLISÃO-TRASEIRA,NÃO INFORMADO,0,1,0,0,0,MOTO=1|UTILITÁRIO=1,SÃO PAULO,REG. METROPOLITANA SÃO PAULO,SÃO PAULO,ESTADUAL
2020-11-03,17:37:00,L29-VIAPAULISTA,SP330,241.3,NORTE,-21.75389481,-47.56642532,TOMBAMENTO,TOMBAMENTO,IMPRUD. CONDUTOR-PERDA DE CONTROLE,1,0,0,0,0,CAMINHONETE=1,SANTA RITA DO PASSA QUATRO,CENTRAL,RIBEIRÃO PRETO,ESTADUAL
2020-11-03,19:40:00,L06-INTERVIAS,SP330,169.0,NORTE,-22.36289978,-47.39450073,COLISÃO,COLISÃO-LATERAL,IMPRUD. CONDUTOR-MUDANÇA DE FAIXA,9,0,0,0,0,AUTOMÓVEL=1|CAMINHONETE=1,ARARAS,CAMPINAS,RIO CLARO,ESTADUAL
2020-11-03,22:26:00,L06-INTERVIAS,SP330,226.4,NORTE,-21.85956001,-47.49285889,CHOQUE,CHOQUE-OBJETO NA PISTA,OBJETO NA PISTA,1,0,0,0,0,AUTOMÓVEL=1,PORTO FERREIRA,CENTRAL,RIO CLARO,ESTADUAL
2020-11-04,05:35:00,L28-ENTREVIAS,SP330,387.0,SUL,-20.5291927672,-47.8443217961,COLISÃO,COLISÃO-TRASEIRA,IMPRUD. CONDUTOR-DORMIR AO VOLANTE,2,0,0,0,0,CAMINHÃO=1|CAMIONETA / UTILITÁRIO=1,SÃO JOAQUIM DA BARRA,FRANCA,RIBEIRÃO PRETO,ESTADUAL
2020-11-04,07:06:00,L06-INTERVIAS,SP330,178.18,NORTE,-22.28108025,-47.3928833,COLISÃO,COLISÃO-TRASEIRA,IMPRUD. CONDUTOR-LEVOU FECHADA,1,1,0,0,0,CAMINHÃO=1|MOTO=1,ARARAS,CAMPINAS,RIO CLARO,ESTADUAL
2020-11-04,09:21:00,L06-INTERVIAS,SP330,175.2,SUL,-22.3078804,-47.39168167,ATROPELAMENTO DE ANIMAL,ATROP. ANIMAL,ANIMAL NA RODOVIA,2,0,0,0,0,AUTOMÓVEL=1,ARARAS,CAMPINAS,RIO CLARO,ESTADUAL
2020-11-04,12:59:00,L01-AUTOBAN,SP330,103.0,NORTE,-22.862197108808,-47.13924407959,COLISÃO,COLISÃO-LATERAL,NÃO INFORMADO,0,0,0,0,0,CAMINHÃO=1|CARRETA=1,CAMPINAS,CAMPINAS,CAMPINAS,ESTADUAL
2020-11-04,18:40:00,L01-AUTOBAN,SP330,22.8,NORTE,-23.446091043864,-46.786803960501,COLISÃO,COLISÃO-LATERAL,NÃO INFORMADO,0,1,0,0,0,MOTO=1|UTILITÁRIO=1,SÃO PAULO,REG. METROPOLITANA SÃO PAULO,SÃO PAULO,ESTADUAL
2020-11-04,21:31:00,L01-AUTOBAN,SPM330E,12.0,SUL,-23.509484513183,-46.730405688286,TOMBAMENTO,TOMBAMENTO,NÃO INFORMADO,0,0,0,0,0,AUTOMÓVEL=1,SÃO PAULO,REG. METROPOLITANA SÃO PAULO,SÃO PAULO,ESTADUAL
2020-11-05,00:40:00,L06-INTERVIAS,SP330,195.0,NORTE,-22.13170052,-47.40930176,COLISÃO,COLISÃO-TRASEIRA,NÃO INFORMADO,2,0,0,0,0,CAMINHÃO=2,LEME,CAMPINAS,RIO CLARO,ESTADUAL
2020-11-05,04:07:00,L01-AUTOBAN,SPM330E,57.77,SUL,-23.199122712738,-46.902771683647,CHOQUE,CHOQUE-SINALIZAÇÃO,NÃO INFORMADO,0,0,0,0,0,AUTOMÓVEL=1,JUNDIAÍ,CAMPINAS,CAMPINAS,ESTADUAL
2020-11-05,06:15:00,L01-AUTOBAN,SP330,82.7,NORTE,-23.007742175033,-47.026341303499,CHOQUE,CHOQUE-BARREIRA DE CONCRETO,NÃO INFORMADO,0,0,0,0,0,BITREM/CVC=1,VALINHOS,CAMPINAS,CAMPINAS,ESTADUAL
2020-11-05,07:50:00,L01-AUTOBAN,SP330,47.0,SUL,-23.282290776795,-46.872954368591,COLISÃO,COLISÃO-TRASEIRA,NÃO INFORMADO,0,0,0,0,0,AUTOMÓVEL=1|NÃO INFORMADO=1,JUNDIAÍ,CAMPINAS,CAMPINAS,ESTADUAL
2020-11-05,13:09:00,L01-AUTOBAN,SP330,60.3,SUL,-23.179408915932,-46.913722867307,ENGAVETAMENTO,ENGAVETAMENTO,NÃO INFORMADO,0,1,0,0,0,AUTOMÓVEL=2|CAMINHÃO=1,JUNDIAÍ,CAMPINAS,CAMPINAS,ESTADUAL
2020-11-05,13:13:00,L29-VIAPAULISTA,SP330,291.7,SUL,-21.34228134,-47.72425461,CHOQUE,"CHOQUE - DEFENSA, BARREIRA OU ""SUBMARINO""",IMPRUD. CONDUTOR-LEVOU FECHADA,1,0,0,0,0,CAMINHONETE=1,CRAVINHOS,RIBEIRÃO PRETO,RIBEIRÃO PRETO,ESTADUAL
2020-11-05,14:57:00,L01-AUTOBAN,SP330,62.0,SUL,-23.168814423993,-46.926614642143,COLISÃO,COLISÃO-FRONTAL,NÃO INFORMADO,0,0,0,0,0,AUTOMÓVEL=2,JUNDIAÍ,CAMPINAS,CAMPINAS,ESTADUAL
2020-11-05,15:57:00,L01-AUTOBAN,SP330,29.8,SUL,-23.406122421304,-46.827321403905,TOMBAMENTO,TOMBAMENTO-MOTO,NÃO INFORMADO,0,1,0,0,0,MOTO=1,CAJAMAR,REG. METROPOLITANA SÃO PAULO,SÃO PAULO,ESTADUAL
2020-11-05,23:51:00,L01-AUTOBAN,SPM330E,106.2,SUL,-22.84539678456,-47.165598372449,CHOQUE,CHOQUE-SINALIZAÇÃO,NÃO INFORMADO,0,1,0,0,0,AUTOMÓVEL=1,SUMARÉ,CAMPINAS,CAMPINAS,ESTADUAL
2020-11-06,02:19:00,L29-VIAPAULISTA,SP330,296.1,NORTE,-21.30496788,-47.74010086,CHOQUE,"CHOQUE - DEFENSA, BARREIRA OU ""SUBMARINO""",IMPRUD. CONDUTOR,1,3,0,0,0,CAMINHÃO=1,CRAVINHOS,RIBEIRÃO PRETO,RIBEIRÃO PRETO,ESTADUAL
2020-11-06,03:36:00,L29-VIAPAULISTA,SP330,246.35,NORTE,-21.71533394,-47.5904274,COLISÃO,COLISÃO-TRASEIRA,IMPRUD. CONDUTOR-DORMIR AO VOLANTE,0,2,0,0,0,CAMINHÃO=2,SANTA RITA DO PASSA QUATRO,CENTRAL,RIBEIRÃO PRETO,ESTADUAL
2020-11-06,12:09:00,L01-AUTOBAN,SPM330E,57.0,SUL,-23.206009637649,-46.899240016937,CHOQUE,CHOQUE-POSTE,NÃO INFORMADO,0,0,1,0,0,MOTO=1,JUNDIAÍ,CAMPINAS,CAMPINAS,ESTADUAL
2020-11-06,12:44:00,L01-AUTOBAN,SPM330E,109.6,SUL,-22.824798488669,-47.189204800496,TOMBAMENTO,TOMBAMENTO-MOTO,NÃO INFORMADO,0,1,1,0,0,MOTO=1,SUMARÉ,CAMPINAS,CAMPINAS,ESTADUAL
2020-11-06,13:28:00,L01-AUTOBAN,SPM330E,114.76,SUL,-22.79446148,-47.2252827,CHOQUE,CHOQUE-BARREIRA DE CONCRETO,NÃO INFORMADO,0,1,0,0,0,AUTOMÓVEL=1,SUMARÉ,CAMPINAS,CAMPINAS,ESTADUAL
2020-11-06,13:51:00,L01-AUTOBAN,SPM330E,97.0,SUL,-22.904379059715,-47.107846140862,TOMBAMENTO,TOMBAMENTO-MOTO,NÃO INFORMADO,0,1,1,0,0,MOTO=1,CAMPINAS,CAMPINAS,CAMPINAS,ESTADUAL
2020-11-06,14:01:00,L01-AUTOBAN,SP330,98.0,NORTE,-22.895874533463,-47.110748291016,COLISÃO,COLISÃO-LATERAL,NÃO INFORMADO,0,2,0,0,0,MOTO=2,CAMPINAS,CAMPINAS,CAMPINAS,ESTADUAL
2020-11-06,16:23:00,L01-AUTOBAN,SP330,53.5,NORTE,-23.226833655014,-46.875242790794,ENGAVETAMENTO,ENGAVETAMENTO,NÃO INFORMADO,0,0,0,0,0,AUTOMÓVEL=3,JUNDIAÍ,CAMPINAS,CAMPINAS,ESTADUAL
2020-11-06,16:48:00,L01-AUTOBAN,SP330,96.9,NORTE,-22.904814866855,-47.107158432227,ENGAVETAMENTO,ENGAVETAMENTO,NÃO INFORMADO,0,0,0,0,0,AUTOMÓVEL=3|UTILITÁRIO=1,CAMPINAS,CAMPINAS,CAMPINAS,ESTADUAL
2020-11-06,17:18:00,L01-AUTOBAN,SP330,117.8,NORTE,-22.770062974446,-47.239606994681,CHOQUE,CHOQUE-PRAÇA AVI-(ENTRE VEÍCULOS),NÃO INFORMADO,0,0,0,0,0,AUTOMÓVEL=1|NÃO INFORMADO=1,NOVA ODESSA,CAMPINAS,RIO CLARO,ESTADUAL
2020-11-06,17:59:00,L01-AUTOBAN,SP330,92.0,SUL,-22.935126302733,-47.071105241776,ENGAVETAMENTO,ENGAVETAMENTO,NÃO INFORMADO,0,0,0,0,0,AUTOMÓVEL=3,CAMPINAS,CAMPINAS,CAMPINAS,ESTADUAL
2020-11-06,18:05:00,L29-VIAPAULISTA,SP330,309.0,SUL,-21.19260025,-47.75767899,COLISÃO,COLISÃO-TRASEIRA,IMPRUD. CONDUTOR-DIST. INADEQUADA ENTRE VEÍC.,4,0,0,0,0,AUTOMÓVEL=1|CAMINHONETE=1,RIBEIRÃO PRETO,RIBEIRÃO PRETO,RIBEIRÃO PRETO,ESTADUAL
2020-11-06,18:54:00,L01-AUTOBAN,SP330,103.3,NORTE,-22.86057945971,-47.142060784366,COLISÃO,COLISÃO-LATERAL,NÃO INFORMADO,0,0,0,0,0,AUTOMÓVEL=1|NÃO INFORMADO=1,CAMPINAS,CAMPINAS,CAMPINAS,ESTADUAL
2020-11-06,19:51:00,L06-INTERVIAS,SP330,176.2,NORTE,-22.2989006,-47.3921814,COLISÃO,COLISÃO-TRASEIRA,IMPRUD. CONDUTOR,5,0,0,0,0,AUTOMÓVEL=1|CAMINHÃO=1,ARARAS,CAMPINAS,RIO CLARO,ESTADUAL
2020-11-06,22:38:00,L28-ENTREVIAS,SP330,374.5,SUL,-20.634984647,-47.881892632,COLISÃO,COLISÃO-TRASEIRA,IMPRUD. CONDUTOR-PERDA DE CONTROLE,1,0,0,0,0,AUTOMÓVEL=2,SÃO JOAQUIM DA BARRA,FRANCA,RIBEIRÃO PRETO,ESTADUAL
2020-11-07,03:59:00,L01-AUTOBAN,SP330,60.5,NORTE,-23.178147453711,-46.914896070957,COLISÃO,COLISÃO-LATERAL,NÃO INFORMADO,0,2,0,0,0,AUTOMÓVEL=2,JUNDIAÍ,CAMPINAS,CAMPINAS,ESTADUAL
2020-11-07,04:34:00,L01-AUTOBAN,SP330,21.24,NORTE,-23.458866059665,-46.782625721721,COLISÃO,COLISÃO-TRASEIRA,NÃO INFORMADO,0,0,0,0,1,MOTO=1|NÃO INFORMADO=1|ÔNIBUS=1,SÃO PAULO,REG. METROPOLITANA SÃO PAULO,SÃO PAULO,ESTADUAL
2020-11-07,05:01:00,L01-AUTOBAN,SP330,138.42,NORTE,-22.621222231418,-47.345384384053,COLISÃO,COLISÃO-LATERAL,NÃO INFORMADO,0,1,0,0,0,CAMINHÃO=1|MOTO=1,LIMEIRA,CAMPINAS,RIO CLARO,ESTADUAL
2020-11-07,05:07:00,L28-ENTREVIAS,SP330,321.2,NORTE,-21.091004688,-47.7956978683,ATROPELAMENTO DE PEDESTRE,ATROP. PEDESTRE-CICLISTA,CICLISTA NA RODOVIA,1,0,0,1,0,BICICLETA=1|NÃO INFORMADO=1,RIBEIRÃO PRETO,RIBEIRÃO PRETO,RIBEIRÃO PRETO,ESTADUAL
2020-11-07,05:52:00,L01-AUTOBAN,SP330,20.0,NORTE,-23.468944569907,-46.778873205185,TOMBAMENTO,TOMBAMENTO,NÃO INFORMADO,0,1,0,0,0,VAN/PERUA=1,OSASCO,REG. METROPOLITANA SÃO PAULO,SÃO PAULO,ESTADUAL
2020-11-07,06:47:00,L01-AUTOBAN,SP330,69.28,SUL,-23.111576799702,-46.95911549903,CHOQUE,CHOQUE-VEÍCULO PARADO NA PISTA,NÃO INFORMADO,1,1,0,0,0,AUTOMÓVEL=2|CARRETA=1,JUNDIAÍ,CAMPINAS,CAMPINAS,ESTADUAL
2020-11-07,09:09:00,L29-VIAPAULISTA,SP330,317.2,NORTE,-21.12231636,-47.77324677,CHOQUE,"CHOQUE - DEFENSA, BARREIRA OU ""SUBMARINO""",IMPRUD. CONDUTOR-DORMIR AO VOLANTE,0,1,0,0,0,CAMINHÃO=1,RIBEIRÃO PRETO,RIBEIRÃO PRETO,RIBEIRÃO PRETO,ESTADUAL
2020-11-07,11:43:00,L01-AUTOBAN,SP330,43.0,NORTE,-23.310478510736,-46.857231259346,CHOQUE,CHOQUE-BARREIRA DE CONCRETO,NÃO INFORMADO,0,0,0,0,0,AUTOMÓVEL=1,CAJAMAR,REG. METROPOLITANA SÃO PAULO,SÃO PAULO,ESTADUAL
2020-11-07,11:47:00,L01-AUTOBAN,SPM330D,99.4,NORTE,-22.884770841918,-47.114985114981,CHOQUE,CHOQUE-VEÍCULO PARADO NA PISTA,NÃO INFORMADO,0,1,0,0,0,AUTOMÓVEL=2,CAMPINAS,CAMPINAS,CAMPINAS,ESTADUAL
2020-11-07,15:05:00,L06-INTERVIAS,SP330,231.5,NORTE,-21.81414986,-47.49814987,COLISÃO,COLISÃO-TRASEIRA,IMPRUD. CONDUTOR-LEVOU FECHADA,2,0,0,0,0,AUTOMÓVEL=1|NÃO INFORMADO=1,PORTO FERREIRA,CENTRAL,RIO CLARO,ESTADUAL
2020-11-07,19:35:00,L01-AUTOBAN,SP330,142.9,NORTE,-22.588462250267,-47.367221640398,COLISÃO,COLISÃO-TRASEIRA,NÃO INFORMADO,0,0,0,0,0,AUTOMÓVEL=1|NÃO INFORMADO=1,LIMEIRA,CAMPINAS,RIO CLARO,ESTADUAL
2020-11-07,20:46:00,L01-AUTOBAN,SP330,71.0,NORTE,-23.097521444929,-46.968086957932,TOMBAMENTO,TOMBAMENTO-MOTO,NÃO INFORMADO,0,1,0,0,0,MOTO=1,LOUVEIRA,CAMPINAS,CAMPINAS,ESTADUAL
2020-11-07,22:15:00,L01-AUTOBAN,SP330,62.0,NORTE,-23.16861715282,-46.926528811455,CHOQUE,CHOQUE-BARREIRA DE CONCRETO,NÃO INFORMADO,0,0,0,0,0,AUTOMÓVEL=1,JUNDIAÍ,CAMPINAS,CAMPINAS,ESTADUAL
2020-11-07,23:26:00,L01-AUTOBAN,SPM330D,25.0,NORTE,-23.426127,-46.787542,TOMBAMENTO,TOMBAMENTO-MOTO,NÃO INFORMADO,0,1,0,0,0,MOTO=1,SÃO PAULO,REG. METROPOLITANA SÃO PAULO,SÃO PAULO,ESTADUAL
2020-11-08,00:10:00,L01-AUTOBAN,SP330,24.5,SUL,-23.430702639857,-46.787016470676,CHOQUE,CHOQUE-SINALIZAÇÃO,NÃO INFORMADO,0,1,0,0,0,AUTOMÓVEL=1,SÃO PAULO,REG. METROPOLITANA SÃO PAULO,SÃO PAULO,ESTADUAL
2020-11-08,00:49:00,L01-AUTOBAN,SP330,103.7,SUL,-22.858710761818,-47.145961051468,COLISÃO,COLISÃO-FRONTAL,NÃO INFORMADO,0,1,0,1,0,AUTOMÓVEL=2,CAMPINAS,CAMPINAS,CAMPINAS,ESTADUAL
2020-11-08,01:24:00,L01-AUTOBAN,SP330,21.8,NORTE,-23.454558721144,-46.785473581249,CHOQUE,CHOQUE-VEÍCULO PARADO NA PISTA,NÃO INFORMADO,0,1,0,0,0,AUTOMÓVEL=2,SÃO PAULO,REG. METROPOLITANA SÃO PAULO,SÃO PAULO,ESTADUAL
2020-11-08,01:32:00,L06-INTERVIAS,SP330,205.5,NORTE,-22.03949928,-47.43185043,TOMBAMENTO,TOMBAMENTO,IMPRUD. CONDUTOR-PERDA DE CONTROLE,1,0,0,0,0,AUTOMÓVEL=1,PIRASSUNUNGA,CAMPINAS,RIO CLARO,ESTADUAL
2020-11-08,02:26:00,L01-AUTOBAN,SP330,124.64,NORTE,-22.730292941949,-47.289717503754,CHOQUE,CHOQUE-BARREIRA DE CONCRETO,NÃO INFORMADO,0,0,0,0,0,AUTOMÓVEL=1,AMERICANA,CAMPINAS,RIO CLARO,ESTADUAL
2020-11-08,03:19:00,L01-AUTOBAN,SPM330D,112.53,NORTE,-22.810158687674,-47.212877252641,ATROPELAMENTO DE ANIMAL,ATROP. ANIMAL,NÃO INFORMADO,0,1,0,0,0,AUTOMÓVEL=1,SUMARÉ,CAMPINAS,CAMPINAS,ESTADUAL
2020-11-08,04:11:00,L01-AUTOBAN,SPM330E,15.6,SUL,-23.4965278154,-46.757180573136,CHOQUE,CHOQUE-DEFENSA METÁLICA,NÃO INFORMADO,0,0,0,0,0,AUTOMÓVEL=1,SÃO PAULO,REG. METROPOLITANA SÃO PAULO,SÃO PAULO,ESTADUAL
2020-11-08,05:23:00,L01-AUTOBAN,SPM330E,16.44,SUL,-23.49238760409,-46.762460236179,CHOQUE,CHOQUE-MEIO FIO/CALÇAMENTO,NÃO INFORMADO,0,0,0,0,1,AUTOMÓVEL=1,OSASCO,REG. METROPOLITANA SÃO PAULO,SÃO PAULO,ESTADUAL
2020-11-08,07:07:00,L01-AUTOBAN,SPM330D,108.15,NORTE,-22.831803634182,-47.178176353673,CAPOTAMENTO,CAPOTAMENTO,NÃO INFORMADO,0,1,0,0,0,AUTOMÓVEL=1,SUMARÉ,CAMPINAS,CAMPINAS,ESTADUAL
2020-11-08,11:01:00,L01-AUTOBAN,SP330,101.5,SUL,-22.871222222882,-47.128653084053,CAPOTAMENTO,CAPOTAMENTO,NÃO INFORMADO,0,2,0,0,0,AUTOMÓVEL=1,CAMPINAS,CAMPINAS,CAMPINAS,ESTADUAL
2020-11-08,12:48:00,L01-AUTOBAN,SPM330D,101.0,NORTE,-22.873812661725,-47.124744057655,COLISÃO,COLISÃO-LATERAL,NÃO INFORMADO,0,0,0,0,0,AUTOMÓVEL=1|ÔNIBUS=1,CAMPINAS,CAMPINAS,CAMPINAS,ESTADUAL
2020-11-08,15:18:00,L28-ENTREVIAS,SP330,321.0,SUL,-21.0900747564,-47.7965838701,TOMBAMENTO,TOMBAMENTO-MOTO,IMPRUD. CONDUTOR-PERDA DE CONTROLE,0,1,0,0,0,MOTOCICLETA / MOTONETA=1,RIBEIRÃO PRETO,RIBEIRÃO PRETO,RIBEIRÃO PRETO,ESTADUAL
2020-11-08,16:42:00,L01-AUTOBAN,SP330,37.3,NORTE,-23.349386558493,-46.844901685276,COLISÃO,COLISÃO-FRONTAL,NÃO INFORMADO,0,0,0,0,0,AUTOMÓVEL=2|UTILITÁRIO=1,CAJAMAR,REG. METROPOLITANA SÃO PAULO,SÃO PAULO,ESTADUAL
2020-11-08,18:01:00,L01-AUTOBAN,SP330,83.52,SUL,-23.001561523109,-47.030722314821,CHOQUE,CHOQUE-ELEMENTO DE DRENAGEM,NÃO INFORMADO,0,1,0,0,0,AUTOMÓVEL=1,VALINHOS,CAMPINAS,CAMPINAS,ESTADUAL
2020-11-08,18:21:00,L29-VIAPAULISTA,SP330,312.6,SUL,-21.16071892,-47.75634766,TOMBAMENTO,TOMBAMENTO,IMPRUD. CONDUTOR-PERDA DE CONTROLE,0,1,0,0,0,MOTO=1,RIBEIRÃO PRETO,RIBEIRÃO PRETO,RIBEIRÃO PRETO,ESTADUAL
2020-11-08,18:25:00,L06-INTERVIAS,SP330,164.7,NORTE,-22.40066338,-47.38950348,CHOQUE,CHOQUE-OBJETO NA PISTA,OBJETO NA PISTA,7,0,0,0,0,AUTOMÓVEL=2|CAMINHONETE=1,ARARAS,CAMPINAS,RIO CLARO,ESTADUAL
2020-11-08,22:29:00,L01-AUTOBAN,SP330,128.46,SUL,-22.700870377045,-47.306320957332,COLISÃO,COLISÃO-TRASEIRA,NÃO INFORMADO,0,0,2,0,0,AUTOMÓVEL=1|CARRETA=1,AMERICANA,CAMPINAS,RIO CLARO,ESTADUAL
2020-11-08,23:14:00,L01-AUTOBAN,SP330,98.4,NORTE,-22.892616805921,-47.111750368126,CHOQUE,CHOQUE-BARREIRA DE CONCRETO,NÃO INFORMADO,0,1,0,0,0,MOTO=1,CAMPINAS,CAMPINAS,CAMPINAS,ESTADUAL
2020-11-09,00:36:00,L29-VIAPAULISTA,SP330,303.9,SUL,-21.23938942,-47.75848389,CHOQUE,CHOQUE-ELEMENTO DE DRENAGEM,IMPRUD. CONDUTOR-DORMIR AO VOLANTE,1,0,0,0,0,AUTOMÓVEL=1,RIBEIRÃO PRETO,RIBEIRÃO PRETO,RIBEIRÃO PRETO,ESTADUAL
2020-11-09,00:38:00,L01-AUTOBAN,SP330,108.1,SUL,-22.832384419021,-47.17806764413,COLISÃO,COLISÃO-TRASEIRA,NÃO INFORMADO,0,1,0,0,0,CAMINHÃO=1|UTILITÁRIO=1,SUMARÉ,CAMPINAS,CAMPINAS,ESTADUAL
2020-11-09,01:03:00,L01-AUTOBAN,SP330,131.2,NORTE,-22.677293499478,-47.311220876236,COLISÃO,COLISÃO-TRASEIRA,NÃO INFORMADO,0,0,0,0,0,CARRETA=1|NÃO INFORMADO=1,LIMEIRA,CAMPINAS,RIO CLARO,ESTADUAL
2020-11-09,07:42:00,L01-AUTOBAN,SP330,97.5,NORTE,-22.899976081768,-47.109273076057,COLISÃO,COLISÃO-TRASEIRA,NÃO INFORMADO,0,0,1,0,0,AUTOMÓVEL=1|MOTO=1,CAMPINAS,CAMPINAS,CAMPINAS,ESTADUAL
2020-11-09,09:13:00,L01-AUTOBAN,SP330,131.2,SUL,-22.677476638585,-47.311523429544,COLISÃO,COLISÃO-TRASEIRA,NÃO INFORMADO,1,1,0,0,0,AUTOMÓVEL=2,LIMEIRA,CAMPINAS,RIO CLARO,ESTADUAL
2020-11-09,11:20:00,L28-ENTREVIAS,SPA327/330,0.0,LESTE,-21.0475543816,-47.8197159514,TOMBAMENTO,TOMBAMENTO-MOTO,ESTOURO/FURO DE PNEU,0,1,0,0,0,MOTOCICLETA / MOTONETA=1,JARDINÓPOLIS,RIBEIRÃO PRETO,RIBEIRÃO PRETO,ESTADUAL
2020-11-09,11:54:00,L06-INTERVIAS,SP330,177.0,SUL,-22.29170036,-47.39319992,CHOQUE,CHOQUE-OBJETO NA PISTA,OBJETO NA PISTA,3,0,0,0,0,AUTOMÓVEL=1,ARARAS,CAMPINAS,RIO CLARO,ESTADUAL
2020-11-09,13:54:00,L01-AUTOBAN,SP330,60.7,NORTE,-23.177006316034,-46.916270440099,COLISÃO,COLISÃO-LATERAL,NÃO INFORMADO,0,1,0,0,0,AUTOMÓVEL=1|UTILITÁRIO=1,JUNDIAÍ,CAMPINAS,CAMPINAS,ESTADUAL
2020-11-09,14:10:00,L01-AUTOBAN,SPI102/330,3.38,NORTE,-22.893339118739,-47.134286284852,CHOQUE,CHOQUE-VEÍCULO PARADO NO ACOSTAMENTO,NÃO INFORMADO,0,3,1,0,0,AUTOMÓVEL=1|CARRETA=1|VIATURA CONCESSIONÁRIA=1,CAMPINAS,CAMPINAS,CAMPINAS,ESTADUAL
2020-11-09,14:19:00,L06-INTERVIAS,SP330,166.95,NORTE,-22.38144493,-47.39406586,COLISÃO,COLISÃO-LATERAL,IMPRUD. CONDUTOR,3,0,0,0,0,AUTOMÓVEL=1|CAMINHONETE=1,ARARAS,CAMPINAS,RIO CLARO,ESTADUAL
2020-11-09,15:42:00,L28-ENTREVIAS,SP330,327.0,SUL,-21.0459248714,-47.827628076,TOMBAMENTO,TOMBAMENTO-MOTO,ESTOURO/FURO DE PNEU,0,1,0,0,0,MOTOCICLETA / MOTONETA=1,JARDINÓPOLIS,RIBEIRÃO PRETO,RIBEIRÃO PRETO,ESTADUAL
2020-11-09,16:30:00,L06-INTERVIAS,SP330,180.2,SUL,-22.26292038,-47.39096069,CHOQUE,CHOQUE-OBJETO NA PISTA,OBJETO NA PISTA,1,0,0,0,0,CAMINHONETE=1,ARARAS,CAMPINAS,RIO CLARO,ESTADUAL
2020-11-09,18:44:00,L29-VIAPAULISTA,SP330,311.8,NORTE,-21.16711998,-47.75621414,CHOQUE,CHOQUE-OUTROS,IMPRUD. CONDUTOR-LEVOU FECHADA,0,1,0,0,0,CAMINHONETE=1,RIBEIRÃO PRETO,RIBEIRÃO PRETO,RIBEIRÃO PRETO,ESTADUAL
2020-11-10,06:24:00,L06-INTERVIAS,SP330,197.65,SUL,-22.10807991,-47.41316986,COLISÃO,COLISÃO-TRASEIRA,IMPRUD. CONDUTOR,2,0,0,0,0,CAMINHÃO=2,SANTA CRUZ DA CONCEIÇÃO,CAMPINAS,RIO CLARO,ESTADUAL
2020-11-10,06:27:00,L01-AUTOBAN,SP330,98.0,NORTE,-22.895874533463,-47.110748291016,COLISÃO,COLISÃO-TRASEIRA,NÃO INFORMADO,0,1,0,0,0,MOTO=1,CAMPINAS,CAMPINAS,CAMPINAS,ESTADUAL
2020-11-10,10:00:00,L01-AUTOBAN,SP330,53.0,NORTE,-23.230639,-46.87295,COLISÃO,COLISÃO-TRANSVERSAL,NÃO INFORMADO,0,1,0,0,0,AUTOMÓVEL=1|UTILITÁRIO=1,JUNDIAÍ,CAMPINAS,CAMPINAS,ESTADUAL
2020-11-10,10:21:00,L01-AUTOBAN,SP330,61.8,SUL,-23.170112440841,-46.925032132788,CHOQUE,CHOQUE-DEFENSA METÁLICA,NÃO INFORMADO,0,0,0,0,0,AUTOMÓVEL=1,JUNDIAÍ,CAMPINAS,CAMPINAS,ESTADUAL
2020-11-10,14:29:00,L01-AUTOBAN,SP330,143.0,SUL,-22.587713341209,-47.367730736733,COLISÃO,COLISÃO-TRASEIRA,NÃO INFORMADO,0,0,0,0,0,AUTOMÓVEL=1|NÃO INFORMADO=1,LIMEIRA,CAMPINAS,RIO CLARO,ESTADUAL
2020-11-10,14:44:00,L01-AUTOBAN,SP330,25.1,SUL,-23.426012532531,-46.78828843991,COLISÃO,COLISÃO-TRASEIRA,NÃO INFORMADO,0,0,0,0,0,CARRETA=1|VAN/PERUA=1,SÃO PAULO,REG. METROPOLITANA SÃO PAULO,SÃO PAULO,ESTADUAL
2020-11-10,16:39:00,L01-AUTOBAN,SPM330D,95.3,NORTE,-22.917222720982,-47.096240244964,COLISÃO,COLISÃO-LATERAL,NÃO INFORMADO,0,0,0,0,0,AUTOMÓVEL=2,CAMPINAS,CAMPINAS,CAMPINAS,ESTADUAL
2020-11-10,17:11:00,L01-AUTOBAN,SP330,132.0,NORTE,-22.670605317032,-47.313340902329,COLISÃO,COLISÃO-LATERAL,NÃO INFORMADO,0,0,0,0,0,CAMINHÃO=2,LIMEIRA,CAMPINAS,RIO CLARO,ESTADUAL
2020-11-10,18:05:00,L01-AUTOBAN,SP330,100.5,NORTE,-22.877072213115,-47.121163308621,ENGAVETAMENTO,ENGAVETAMENTO,NÃO INFORMADO,0,0,0,0,0,AUTOMÓVEL=3,CAMPINAS,CAMPINAS,CAMPINAS,ESTADUAL
2020-11-10,18:47:00,L01-AUTOBAN,SP330,20.5,NORTE,-23.464828315897,-46.78013920784,CHOQUE,CHOQUE-VEÍCULO PARADO NA PISTA,NÃO INFORMADO,0,0,0,0,0,AUTOMÓVEL=2,SÃO PAULO,REG. METROPOLITANA SÃO PAULO,SÃO PAULO,ESTADUAL
2020-11-10,20:05:00,L29-VIAPAULISTA,SP330,316.1,NORTE,-21.13054848,-47.7673378,CHOQUE,CHOQUE-OBJETO NA PISTA,OBJETO NA PISTA,4,0,0,0,0,CAMINHÃO=2,RIBEIRÃO PRETO,RIBEIRÃO PRETO,RIBEIRÃO PRETO,ESTADUAL
2020-11-10,21:45:00,L01-AUTOBAN,SP330,145.4,SUL,-22.565943495139,-47.366360662927,CHOQUE,CHOQUE-BARREIRA DE CONCRETO,NÃO INFORMADO,0,1,1,1,0,AUTOMÓVEL=1,LIMEIRA,CAMPINAS,RIO CLARO,ESTADUAL
2020-11-10,21:55:00,L29-VIAPAULISTA,SP330,307.0,SUL,-21.21128464,-47.75865936,CHOQUE,"CHOQUE - DEFENSA, BARREIRA OU ""SUBMARINO""",IMPRUD. CONDUTOR-LEVOU FECHADA,1,0,0,0,0,AUTOMÓVEL=1,RIBEIRÃO PRETO,RIBEIRÃO PRETO,RIBEIRÃO PRETO,ESTADUAL
2020-11-11,04:09:00,L28-ENTREVIAS,SP330,379.0,NORTE,-20.5881906866,-47.8793319036,COLISÃO,COLISÃO-LATERAL,IMPRUD. CONDUTOR-LEVOU FECHADA,2,0,0,0,0,AUTOMÓVEL=1|NÃO INFORMADO=1,SÃO JOAQUIM DA BARRA,FRANCA,RIBEIRÃO PRETO,ESTADUAL
2020-11-11,07:09:00,L01-AUTOBAN,SPM330E,82.3,SUL,-23.011117483424,-47.024715378566,COLISÃO,COLISÃO-LATERAL,NÃO INFORMADO,0,0,0,0,0,AUTOMÓVEL=1|CAMINHÃO=1,VALINHOS,NÃO INFORMADO,NÃO INFORMADO,NÃO INFORMADO
2020-11-11,08:16:00,L01-AUTOBAN,SPM330D,104.7,NORTE,-22.85324033687,-47.154306088017,ENGAVETAMENTO,ENGAVETAMENTO,NÃO INFORMADO,0,0,0,1,0,AUTOMÓVEL=3,CAMPINAS,CAMPINAS,CAMPINAS,ESTADUAL
2020-11-11,09:28:00,L06-INTERVIAS,SP330,165.5,NORTE,-22.39389992,-47.39154816,COLISÃO,COLISÃO-TRASEIRA,IMPRUDÊNCIA,0,0,0,0,0,AUTOMÓVEL=2,ARARAS,CAMPINAS,RIO CLARO,ESTADUAL
2020-11-11,11:51:00,L01-AUTOBAN,SP330,72.0,NORTE,-23.090420658481,-46.972727179527,TOMBAMENTO,TOMBAMENTO-MOTO,NÃO INFORMADO,0,0,0,1,0,MOTO=1,LOUVEIRA,CAMPINAS,CAMPINAS,ESTADUAL
2020-11-11,13:19:00,L01-AUTOBAN,SP330,38.9,SUL,-23.337989878044,-46.83704762992,COLISÃO,COLISÃO-TRASEIRA,NÃO INFORMADO,0,1,0,0,0,AUTOMÓVEL=1|CARRETA=1,CAJAMAR,REG. METROPOLITANA SÃO PAULO,SÃO PAULO,ESTADUAL
2020-11-11,14:43:00,L01-AUTOBAN,SP330,66.0,NORTE,-23.13718321208,-46.943984627724,CHOQUE,CHOQUE-DEFENSA METÁLICA,NÃO INFORMADO,0,0,0,0,0,UTILITÁRIO=1,JUNDIAÍ,CAMPINAS,CAMPINAS,ESTADUAL
2020-11-11,14:45:00,L28-ENTREVIAS,SP330,362.0,SUL,-20.7457716795,-47.893476371,COLISÃO,COLISÃO-TRASEIRA,IMPRUD. CONDUTOR-LEVOU FECHADA,2,0,0,0,0,CAMINHÃO=2,ORLÂNDIA,FRANCA,RIBEIRÃO PRETO,ESTADUAL
2020-11-11,17:58:00,L06-INTERVIAS,SP330,228.9,SUL,-21.83694077,-47.49539185,CHOQUE,CHOQUE-OBJETO NA PISTA,OBJETO NA PISTA,3,0,0,0,0,CAMINHÃO=1|ÔNIBUS=1,PORTO FERREIRA,CENTRAL,RIO CLARO,ESTADUAL
2020-11-11,18:04:00,L01-AUTOBAN,SPM330D,102.0,NORTE,-22.86736244539,-47.132125496864,CHOQUE,CHOQUE-MEIO FIO/CALÇAMENTO,NÃO INFORMADO,0,0,0,0,0,AUTOMÓVEL=1,CAMPINAS,CAMPINAS,CAMPINAS,ESTADUAL
2020-11-11,18:07:00,L01-AUTOBAN,SP330,63.0,SUL,-23.16087896177,-46.931920051575,ENGAVETAMENTO,ENGAVETAMENTO,NÃO INFORMADO,0,1,0,0,0,AUTOMÓVEL=1|UTILITÁRIO=1,JUNDIAÍ,CAMPINAS,CAMPINAS,ESTADUAL
2020-11-11,18:17:00,L01-AUTOBAN,SPM330D,109.0,NORTE,-22.827374159413,-47.183876037598,ENGAVETAMENTO,ENGAVETAMENTO,NÃO INFORMADO,0,0,0,0,0,AUTOMÓVEL=2|VAN/PERUA=1,SUMARÉ,CAMPINAS,CAMPINAS,ESTADUAL
2020-11-11,18:34:00,L01-AUTOBAN,SP330,11.5,NORTE,-23.510224803517,-46.729037632504,CHOQUE,CHOQUE-BARREIRA DE CONCRETO,NÃO INFORMADO,0,0,0,0,0,AUTOMÓVEL=1,SÃO PAULO,REG. METROPOLITANA SÃO PAULO,SÃO PAULO,ESTADUAL
2020-11-11,19:25:00,L01-AUTOBAN,SP330,106.5,NORTE,-22.842979732094,-47.167442386475,COLISÃO,COLISÃO-TRASEIRA,NÃO INFORMADO,0,0,0,0,0,AUTOMÓVEL=1|UTILITÁRIO=1,SUMARÉ,CAMPINAS,CAMPINAS,ESTADUAL
2020-11-12,07:45:00,L01-AUTOBAN,SPM330D,109.32,NORTE,-22.825869495966,-47.186629483458,COLISÃO,COLISÃO-TRASEIRA,NÃO INFORMADO,0,0,0,0,0,AUTOMÓVEL=2,SUMARÉ,CAMPINAS,CAMPINAS,ESTADUAL
2020-11-12,08:20:00,L06-INTERVIAS,SP330,179.9,NORTE,-22.26568985,-47.3909111,COLISÃO,COLISÃO-TRASEIRA,IMPRUDÊNCIA,2,1,0,0,0,AUTOMÓVEL=1|MOTO=1,ARARAS,CAMPINAS,RIO CLARO,ESTADUAL
2020-11-12,09:34:00,L29-VIAPAULISTA,SP330,308.0,NORTE,-21.20136642,-47.75800323,CHOQUE,"CHOQUE - DEFENSA, BARREIRA OU ""SUBMARINO""",IMPRUD. CONDUTOR-LEVOU FECHADA,1,0,0,0,0,CAMINHÃO=1,RIBEIRÃO PRETO,RIBEIRÃO PRETO,RIBEIRÃO PRETO,ESTADUAL
2020-11-12,09:52:00,L29-VIAPAULISTA,SPA307/330,2.9,OESTE,-21.18998718,-47.78089523,ENGAVETAMENTO,ENGAVETAMENTO,IMPRUD. CONDUTOR-PERDA DE CONTROLE,3,0,0,0,0,AUTOMÓVEL=3,RIBEIRÃO PRETO,RIBEIRÃO PRETO,RIBEIRÃO PRETO,ESTADUAL
2020-11-12,12:47:00,L01-AUTOBAN,SP330,153.0,SUL,-22.50568333,-47.39923596,CHOQUE,CHOQUE-DEFENSA METÁLICA,NÃO INFORMADO,0,1,0,0,0,AUTOMÓVEL=2,CORDEIRÓPOLIS,CAMPINAS,RIO CLARO,ESTADUAL
2020-11-12,13:44:00,L06-INTERVIAS,SP330,210.0,SUL,-22.00075384,-47.44507937,CHOQUE,CHOQUE-OUTROS,DERRAPAGEM,2,1,0,0,0,AUTOMÓVEL=1|MOTO=1,PIRASSUNUNGA,CAMPINAS,RIO CLARO,ESTADUAL
2020-11-12,15:20:00,L29-VIAPAULISTA,SP330,315.0,NORTE,-21.13908958,-47.76198959,TOMBAMENTO,TOMBAMENTO,IMPRUD. CONDUTOR-LEVOU FECHADA,0,1,0,0,0,MOTO=1,RIBEIRÃO PRETO,RIBEIRÃO PRETO,RIBEIRÃO PRETO,ESTADUAL
2020-11-12,17:01:00,L01-AUTOBAN,SP330,23.4,NORTE,-23.440431148028,-46.78664410137,COLISÃO,COLISÃO-LATERAL,NÃO INFORMADO,0,0,1,0,0,AUTOMÓVEL=1|MOTO=1,SÃO PAULO,REG. METROPOLITANA SÃO PAULO,SÃO PAULO,ESTADUAL
2020-11-12,17:49:00,L01-AUTOBAN,SP330,91.76,NORTE,-22.936974624216,-47.07022543287,COLISÃO,COLISÃO-LATERAL,NÃO INFORMADO,0,1,0,0,0,MOTO=1|UTILITÁRIO=1,CAMPINAS,CAMPINAS,CAMPINAS,ESTADUAL
2020-11-13,07:01:00,L01-AUTOBAN,SP330,144.9,NORTE,-22.570166011284,-47.366031293423,CHOQUE,CHOQUE-OBJETO NA PISTA,NÃO INFORMADO,0,1,0,0,0,AUTOMÓVEL=1|MOTO=1,LIMEIRA,CAMPINAS,RIO CLARO,ESTADUAL
2020-11-13,07:24:00,L28-ENTREVIAS,SP330,321.5,SUL,-21.0900747564,-47.7965838701,COLISÃO,COLISÃO-TRASEIRA,IMPRUD. CONDUTOR-PERDA DE CONTROLE,1,0,1,0,0,AUTOMÓVEL=1|MOTOCICLETA / MOTONETA=1,RIBEIRÃO PRETO,RIBEIRÃO PRETO,RIBEIRÃO PRETO,ESTADUAL
2020-11-13,07:37:00,L29-VIAPAULISTA,SP330,307.0,NORTE,-21.21036911,-47.75847626,TOMBAMENTO,TOMBAMENTO,ESTOURO/FURO DE PNEU,1,0,0,0,0,MOTO=1,RIBEIRÃO PRETO,RIBEIRÃO PRETO,RIBEIRÃO PRETO,ESTADUAL
2020-11-13,09:31:00,L01-AUTOBAN,SP330,120.0,NORTE,-22.756649,-47.254609,TOMBAMENTO,TOMBAMENTO-MOTO,NÃO INFORMADO,0,1,0,0,0,MOTO=1,AMERICANA,CAMPINAS,RIO CLARO,ESTADUAL
2020-11-13,12:43:00,L01-AUTOBAN,SP330,28.4,SUL,-23.410409298321,-46.815132375965,COLISÃO,COLISÃO-LATERAL,NÃO INFORMADO,1,0,0,0,0,AUTOMÓVEL=1|CAMINHÃO=1,SÃO PAULO,REG. METROPOLITANA SÃO PAULO,SÃO PAULO,ESTADUAL
2020-11-13,15:55:00,L06-INTERVIAS,SP330,204.2,NORTE,-22.05085945,-47.42893982,CHOQUE,"CHOQUE - DEFENSA, BARREIRA",IMPRUD. CONDUTOR-LEVOU FECHADA,1,0,0,0,0,CAMINHÃO=1,PIRASSUNUNGA,CAMPINAS,RIO CLARO,ESTADUAL
2020-11-13,15:55:00,L06-INTERVIAS,SP330,204.15,NORTE,-22.05129433,-47.42882919,CHOQUE,CHOQUE-ELEMENTO DE DRENAGEM,ACIDENTE,0,0,0,0,0,CAMINHÃO=1,PIRASSUNUNGA,CAMPINAS,RIO CLARO,ESTADUAL
2020-11-13,16:27:00,L01-AUTOBAN,SP330,35.7,SUL,-23.36310163716,-46.847618040012,COLISÃO,COLISÃO-LATERAL,NÃO INFORMADO,0,0,0,0,0,BITREM/CVC=1|VAN/PERUA=1,CAJAMAR,REG. METROPOLITANA SÃO PAULO,SÃO PAULO,ESTADUAL
2020-11-13,16:59:00,L06-INTERVIAS,SP330,204.0,NORTE,-22.05260086,-47.42850113,CHOQUE,CHOQUE-OUTROS,IMPRUD. CONDUTOR-LEVOU FECHADA,0,0,0,0,0,CAMINHÃO=1,PIRASSUNUNGA,CAMPINAS,RIO CLARO,ESTADUAL
2020-11-13,17:11:00,L28-ENTREVIAS,SP330,354.5,NORTE,-20.8138215536,-47.8923598803,CAPOTAMENTO,CAPOTAMENTO,PISTA MOLHADA,0,0,1,0,0,CAMINHÃO=1,SALES OLIVEIRA,FRANCA,RIBEIRÃO PRETO,ESTADUAL
2020-11-13,17:17:00,L01-AUTOBAN,SPI102/330,6.36,NORTE,-22.918275925229,-47.133755964905,TOMBAMENTO,TOMBAMENTO,NÃO INFORMADO,0,1,1,0,0,MOTO=1,CAMPINAS,CAMPINAS,CAMPINAS,ESTADUAL
2020-11-13,18:27:00,L06-INTERVIAS,SP330,198.4,SUL,-22.10156059,-47.41500092,CHOQUE,"CHOQUE - DEFENSA, BARREIRA",IMPRUD. CONDUTOR-PERDA DE CONTROLE,1,0,0,0,0,CAMINHÃO=1,SANTA CRUZ DA CONCEIÇÃO,CAMPINAS,RIO CLARO,ESTADUAL
2020-11-13,18:55:00,L29-VIAPAULISTA,SP330,311.1,NORTE,-21.17342949,-47.75653839,COLISÃO,COLISÃO-TRASEIRA,IMPRUD. CONDUTOR-DIST. INADEQUADA ENTRE VEÍC.,2,0,0,0,0,AUTOMÓVEL=2,RIBEIRÃO PRETO,RIBEIRÃO PRETO,RIBEIRÃO PRETO,ESTADUAL
2020-11-13,19:18:00,L01-AUTOBAN,SP330,50.0,SUL,-23.256857077892,-46.867477297783,COLISÃO,COLISÃO-TRASEIRA,NÃO INFORMADO,0,0,1,0,0,AUTOMÓVEL=1|MOTO=1|NÃO INFORMADO=2,JUNDIAÍ,CAMPINAS,CAMPINAS,ESTADUAL
2020-11-13,21:46:00,L29-VIAPAULISTA,SP330,303.0,NORTE,-21.24620628,-47.75670624,CHOQUE,CHOQUE-ELEMENTO DE DRENAGEM,IMPRUD. CONDUTOR-LEVOU FECHADA,0,1,0,0,0,AUTOMÓVEL=1,RIBEIRÃO PRETO,RIBEIRÃO PRETO,RIBEIRÃO PRETO,ESTADUAL
2020-11-13,21:53:00,L06-INTERVIAS,SP330,214.0,SUL,-21.96629906,-47.45679855,ATROPELAMENTO DE ANIMAL,ATROP. ANIMAL,ANIMAL NA RODOVIA,2,0,0,0,0,AUTOMÓVEL=1,PIRASSUNUNGA,CAMPINAS,RIO CLARO,ESTADUAL
2020-11-13,21:54:00,L06-INTERVIAS,SP330,172.0,SUL,-22.33650017,-47.39039993,ATROPELAMENTO DE ANIMAL,ATROP. ANIMAL,ANIMAL NA RODOVIA,1,0,0,0,0,CAMINHONETE=1,ARARAS,CAMPINAS,RIO CLARO,ESTADUAL
2020-11-13,22:17:00,L01-AUTOBAN,SP330,68.1,NORTE,-23.121369234148,-46.954606170266,COLISÃO,COLISÃO-TRASEIRA,NÃO INFORMADO,0,1,0,0,0,AUTOMÓVEL=1|ÔNIBUS=1,JUNDIAÍ,CAMPINAS,CAMPINAS,ESTADUAL
2020-11-13,22:18:00,L01-AUTOBAN,SP330,15.0,NORTE,-23.49985248603,-46.754524111748,COLISÃO,COLISÃO-LATERAL,NÃO INFORMADO,0,0,0,0,0,AUTOMÓVEL=1|CAMINHÃO=1,SÃO PAULO,REG. METROPOLITANA SÃO PAULO,SÃO PAULO,ESTADUAL
2020-11-13,22:23:00,L01-AUTOBAN,SP330,37.3,SUL,-23.349315829075,-46.845083651734,COLISÃO,COLISÃO-TRASEIRA,NÃO INFORMADO,0,1,0,0,0,MOTO=1|NÃO INFORMADO=1,CAJAMAR,REG. METROPOLITANA SÃO PAULO,SÃO PAULO,ESTADUAL
2020-11-13,22:52:00,L01-AUTOBAN,SP330,13.64,SUL,-23.507534353963,-46.746438220592,CHOQUE,CHOQUE-MEIO FIO/CALÇAMENTO,NÃO INFORMADO,0,0,0,0,0,AUTOMÓVEL=1,SÃO PAULO,REG. METROPOLITANA SÃO PAULO,SÃO PAULO,ESTADUAL
2020-11-13,23:40:00,L06-INTERVIAS,SP330,213.5,SUL,-21.97060013,-47.45534897,CHOQUE,CHOQUE-TALUDE OU BARRANCO,IMPRUD. CONDUTOR-PERDA DE CONTROLE,2,0,0,0,0,AUTOMÓVEL=1,PIRASSUNUNGA,CAMPINAS,RIO CLARO,ESTADUAL
2020-11-14,01:24:00,L06-INTERVIAS,SP330,235.8,NORTE,-21.78576088,-47.5255394,CHOQUE,CHOQUE-OBJETO NA PISTA,OBJETO NA PISTA,1,0,0,0,0,AUTOMÓVEL=1,SANTA RITA DO PASSA QUATRO,CENTRAL,RIBEIRÃO PRETO,ESTADUAL
2020-11-14,01:59:00,L01-AUTOBAN,SP330,68.1,SUL,-23.121752074799,-46.954770321654,COLISÃO,COLISÃO-TRASEIRA,NÃO INFORMADO,0,0,0,0,0,CAMINHÃO=1|UTILITÁRIO=1,JUNDIAÍ,CAMPINAS,CAMPINAS,ESTADUAL
2020-11-14,04:28:00,L01-AUTOBAN,SPM330E,56.0,SUL,-23.21105334627,-46.891804933548,CHOQUE,CHOQUE-DEFENSA METÁLICA,NÃO INFORMADO,0,1,0,0,0,AUTOMÓVEL=1,JUNDIAÍ,CAMPINAS,CAMPINAS,ESTADUAL
2020-11-14,05:20:00,L01-AUTOBAN,SP330,20.4,NORTE,-23.46565156984,-46.779886006343,COLISÃO,COLISÃO-TRASEIRA,NÃO INFORMADO,0,0,0,0,0,AUTOMÓVEL=1|NÃO INFORMADO=1,OSASCO,REG. METROPOLITANA SÃO PAULO,SÃO PAULO,ESTADUAL
2020-11-14,07:57:00,L29-VIAPAULISTA,SP330,285.3,NORTE,-21.39080048,-47.69613647,CHOQUE,"CHOQUE - DEFENSA, BARREIRA OU ""SUBMARINO""",IMPRUD. CONDUTOR-LEVOU FECHADA,2,0,0,0,0,CAMINHÃO=1,CRAVINHOS,RIBEIRÃO PRETO,RIBEIRÃO PRETO,ESTADUAL
2020-11-14,08:59:00,L01-AUTOBAN,SP330,17.7,NORTE,-23.48479003107,-46.76968932471,CHOQUE,CHOQUE-DEFENSA METÁLICA,NÃO INFORMADO,0,0,0,0,0,AUTOMÓVEL=1,OSASCO,REG. METROPOLITANA SÃO PAULO,SÃO PAULO,ESTADUAL
2020-11-14,12:53:00,L01-AUTOBAN,SP330,137.5,SUL,-22.627553834656,-47.339886724949,ENGAVETAMENTO,ENGAVETAMENTO,NÃO INFORMADO,0,2,0,0,0,AUTOMÓVEL=4|CARRETA=1|UTILITÁRIO=2,LIMEIRA,CAMPINAS,RIO CLARO,ESTADUAL
2020-11-14,18:33:00,L29-VIAPAULISTA,SPA318/330,1.0,NORTE,-21.119958,-47.78591,COLISÃO,COLISÃO-TRANSVERSAL,CICLISTA NA RODOVIA,2,0,0,1,0,AUTOMÓVEL=1|BICICLETA=1,RIBEIRÃO PRETO,RIBEIRÃO PRETO,RIBEIRÃO PRETO,ESTADUAL
2020-11-14,19:23:00,L06-INTERVIAS,SP330,181.6,NORTE,-22.25040054,-47.38990021,CHOQUE,CHOQUE-OBJETO NA PISTA,OBJETO NA PISTA,5,0,0,0,0,AUTOMÓVEL=2,LEME,CAMPINAS,RIO CLARO,ESTADUAL
2020-11-14,20:54:00,L01-AUTOBAN,SP330,93.8,NORTE,-22.92561775379,-47.085530186905,COLISÃO,COLISÃO-LATERAL,NÃO INFORMADO,0,0,0,0,0,AUTOMÓVEL=2,CAMPINAS,CAMPINAS,CAMPINAS,ESTADUAL
2020-11-15,01:40:00,L01-AUTOBAN,SP330,85.45,NORTE,-22.986480416428,-47.040990834763,COLISÃO,COLISÃO-LATERAL,NÃO INFORMADO,0,1,0,1,0,AUTOMÓVEL=4,VALINHOS,CAMPINAS,CAMPINAS,ESTADUAL
2020-11-15,01:49:00,L01-AUTOBAN,SP330,140.1,NORTE,-22.610140125635,-47.356955186791,CHOQUE,CHOQUE-DEFENSA METÁLICA,NÃO INFORMADO,0,0,0,0,0,AUTOMÓVEL=1,LIMEIRA,CAMPINAS,RIO CLARO,ESTADUAL
2020-11-15,07:45:00,L29-VIAPAULISTA,SP330,244.9,SUL,-21.72772598,-47.58629608,CHOQUE,CHOQUE-ELEMENTO DE DRENAGEM,IMPRUD. CONDUTOR-LEVOU FECHADA,1,0,0,0,0,AUTOMÓVEL=1,SANTA RITA DO PASSA QUATRO,CENTRAL,RIBEIRÃO PRETO,ESTADUAL
2020-11-15,09:06:00,L01-AUTOBAN,SP330,92.58,SUL,-22.932074737514,-47.075739896177,COLISÃO,COLISÃO-TRASEIRA,NÃO INFORMADO,0,0,0,0,0,AUTOMÓVEL=1|MOTO=1,CAMPINAS,CAMPINAS,CAMPINAS,ESTADUAL
2020-11-15,11:37:00,L01-AUTOBAN,SP330,57.8,SUL,-23.198854402066,-46.90290927537,COLISÃO,COLISÃO-TRASEIRA,NÃO INFORMADO,0,1,0,0,0,AUTOMÓVEL=1|MOTO=1,JUNDIAÍ,CAMPINAS,CAMPINAS,ESTADUAL
2020-11-15,11:59:00,L28-ENTREVIAS,SP330,407.76,SUL,-20.3573124317,-47.816306994,CAPOTAMENTO,CAPOTAMENTO,IMPRUD. CONDUTOR-FALTA DE ATENÇÃO,1,0,0,0,0,AUTOMÓVEL=1,ITUVERAVA,FRANCA,RIBEIRÃO PRETO,ESTADUAL
2020-11-15,12:41:00,L01-AUTOBAN,SPM330D,105.2,NORTE,-22.850671497406,-47.158200935097,TOMBAMENTO,TOMBAMENTO-MOTO,NÃO INFORMADO,0,1,0,0,0,MOTO=1,CAMPINAS,CAMPINAS,CAMPINAS,ESTADUAL
2020-11-15,14:37:00,L28-ENTREVIAS,SP330,379.0,NORTE,-20.5881906866,-47.8793319036,TOMBAMENTO,TOMBAMENTO-MOTO,ESTOURO/FURO DE PNEU,0,2,0,0,0,MOTOCICLETA / MOTONETA=1,SÃO JOAQUIM DA BARRA,FRANCA,RIBEIRÃO PRETO,ESTADUAL
2020-11-15,17:59:00,L29-VIAPAULISTA,SP330,273.4,NORTE,-21.47765541,-47.64038086,CHOQUE,"CHOQUE - DEFENSA, BARREIRA OU ""SUBMARINO""",IMPRUD. CONDUTOR-DORMIR AO VOLANTE,1,0,0,0,0,AUTOMÓVEL=1,SÃO SIMÃO,RIBEIRÃO PRETO,RIBEIRÃO PRETO,ESTADUAL
2020-11-15,18:32:00,L28-ENTREVIAS,SP330,322.8,SUL,-21.083500206,-47.8013118253,TOMBAMENTO,TOMBAMENTO-MOTO,IMPRUD. CONDUTOR-EMBRIAGUEZ,0,1,0,0,0,MOTOCICLETA / MOTONETA=1,RIBEIRÃO PRETO,RIBEIRÃO PRETO,RIBEIRÃO PRETO,ESTADUAL
2020-11-15,19:52:00,L01-AUTOBAN,SP330,157.8,NORTE,-22.462275890388,-47.398805737103,CHOQUE,CHOQUE-SINALIZAÇÃO,NÃO INFORMADO,0,1,0,1,0,MOTO=1,CORDEIRÓPOLIS,CAMPINAS,RIO CLARO,ESTADUAL
2020-11-15,20:35:00,L29-VIAPAULISTA,SP330,306.7,NORTE,-21.21307945,-47.75859451,CHOQUE,"CHOQUE - DEFENSA, BARREIRA OU ""SUBMARINO""",ESTOURO/FURO DE PNEU,1,0,0,0,0,CAMINHONETE=1,RIBEIRÃO PRETO,RIBEIRÃO PRETO,RIBEIRÃO PRETO,ESTADUAL
2020-11-15,23:14:00,L01-AUTOBAN,SP330,23.22,NORTE,-23.442198551958,-46.786751282624,COLISÃO,COLISÃO-TRASEIRA,NÃO INFORMADO,0,0,0,1,0,AUTOMÓVEL=1|ÔNIBUS=1,SÃO PAULO,REG. METROPOLITANA SÃO PAULO,SÃO PAULO,ESTADUAL
2020-11-16,06:31:00,L01-AUTOBAN,SP330,30.3,NORTE,-23.403998624744,-46.831241184348,TOMBAMENTO,TOMBAMENTO-MOTO,NÃO INFORMADO,0,1,0,0,0,MOTO=1,CAJAMAR,REG. METROPOLITANA SÃO PAULO,SÃO PAULO,ESTADUAL
2020-11-16,06:42:00,L01-AUTOBAN,SP330,18.7,SUL,-23.476255900896,-46.772189141425,CHOQUE,CHOQUE-TALUDE OU BARRANCO,NÃO INFORMADO,0,0,0,0,0,AUTOMÓVEL=1,OSASCO,REG. METROPOLITANA SÃO PAULO,SÃO PAULO,ESTADUAL
2020-11-16,07:00:00,L01-AUTOBAN,SP330,92.6,SUL,-22.931969529121,-47.075899684517,COLISÃO,COLISÃO-TRASEIRA,NÃO INFORMADO,0,0,0,0,0,AUTOMÓVEL=2,CAMPINAS,CAMPINAS,CAMPINAS,ESTADUAL
2020-11-16,07:12:00,L01-AUTOBAN,SP330,54.0,NORTE,-23.223028310027,-46.877535581589,COLISÃO,COLISÃO-TRANSVERSAL,NÃO INFORMADO,1,0,0,0,0,AUTOMÓVEL=1|CAMINHÃO=1,JUNDIAÍ,CAMPINAS,CAMPINAS,ESTADUAL
2020-11-16,11:30:00,L28-ENTREVIAS,SP330,374.0,SUL,-20.634984647,-47.881892632,COLISÃO,COLISÃO-TRASEIRA,IMPRUD. CONDUTOR-LEVOU FECHADA,2,0,0,0,0,CAMINHÃO=2,SÃO JOAQUIM DA BARRA,FRANCA,RIBEIRÃO PRETO,ESTADUAL
2020-11-16,13:00:00,L01-AUTOBAN,SP330,143.0,SUL,-22.587713341209,-47.367730736733,COLISÃO,COLISÃO-TRANSVERSAL,NÃO INFORMADO,0,0,0,0,0,AUTOMÓVEL=2,LIMEIRA,CAMPINAS,RIO CLARO,ESTADUAL
2020-11-16,13:04:00,L01-AUTOBAN,SP330,36.5,SUL,-23.35587910271,-46.847730955368,COLISÃO,COLISÃO-TRASEIRA,NÃO INFORMADO,0,2,0,0,0,ÔNIBUS=2,CAJAMAR,REG. METROPOLITANA SÃO PAULO,SÃO PAULO,ESTADUAL
2020-11-16,13:31:00,L01-AUTOBAN,SP330,88.4,SUL,-22.963309943583,-47.055197602804,CHOQUE,CHOQUE-BARREIRA DE CONCRETO,NÃO INFORMADO,0,2,0,0,0,AUTOMÓVEL=1,CAMPINAS,CAMPINAS,CAMPINAS,ESTADUAL
2020-11-16,14:27:00,L28-ENTREVIAS,SP330,411.0,NORTE,-20.3250020528,-47.8035894236,CAPOTAMENTO,CAPOTAMENTO,ESTOURO/FURO DE PNEU,1,0,0,0,0,AUTOMÓVEL=1,ITUVERAVA,FRANCA,RIBEIRÃO PRETO,ESTADUAL
2020-11-16,14:43:00,L01-AUTOBAN,SP330,25.0,SUL,-23.42658,-46.787612,CHOQUE,CHOQUE-TALUDE OU BARRANCO,NÃO INFORMADO,1,0,0,0,0,AUTOMÓVEL=1,SÃO PAULO,REG. METROPOLITANA SÃO PAULO,SÃO PAULO,ESTADUAL
2020-11-16,15:37:00,L28-ENTREVIAS,SP330,319.1,NORTE,-21.1046622261,-47.7858711282,TOMBAMENTO,TOMBAMENTO-MOTO,ESTOURO/FURO DE PNEU,0,1,0,0,0,MOTOCICLETA / MOTONETA=1,RIBEIRÃO PRETO,RIBEIRÃO PRETO,RIBEIRÃO PRETO,ESTADUAL
2020-11-16,16:04:00,L01-AUTOBAN,SPM330E,86.2,SUL,-22.981370864882,-47.044719800979,TOMBAMENTO,TOMBAMENTO,NÃO INFORMADO,0,0,1,0,0,CARRETA=1,CAMPINAS,CAMPINAS,CAMPINAS,ESTADUAL
2020-11-16,16:04:00,L29-VIAPAULISTA,SP330,308.0,NORTE,-21.20136642,-47.75800323,COLISÃO,COLISÃO-TRASEIRA,IMPRUD. CONDUTOR,2,0,0,0,0,AUTOMÓVEL=1|CAMINHÃO=1,RIBEIRÃO PRETO,RIBEIRÃO PRETO,RIBEIRÃO PRETO,ESTADUAL
2020-11-16,16:13:00,L29-VIAPAULISTA,SP330,312.93,NORTE,-21.15694427,-47.75651932,CHOQUE,CHOQUE-SINALIZAÇÃO,IMPRUD. CONDUTOR-LEVOU FECHADA,1,1,0,0,0,AUTOMÓVEL=1,RIBEIRÃO PRETO,RIBEIRÃO PRETO,RIBEIRÃO PRETO,ESTADUAL
2020-11-16,17:33:00,L29-VIAPAULISTA,SP330,317.0,SUL,-21.12443161,-47.7719574,COLISÃO,COLISÃO-TRASEIRA,IMPRUD. CONDUTOR-DIST. INADEQUADA ENTRE VEÍC.,2,0,0,0,0,CAMINHONETE=1|CAMINHÃO=1,RIBEIRÃO PRETO,RIBEIRÃO PRETO,RIBEIRÃO PRETO,ESTADUAL
2020-11-16,17:56:00,L01-AUTOBAN,SP330,92.0,SUL,-22.935126302733,-47.071105241776,COLISÃO,COLISÃO-TRASEIRA,NÃO INFORMADO,0,0,0,0,0,AUTOMÓVEL=2,CAMPINAS,CAMPINAS,CAMPINAS,ESTADUAL
2020-11-16,20:00:00,L01-AUTOBAN,SPM330D,109.6,NORTE,-22.824552919934,-47.18903874038,CHOQUE,CHOQUE-BARREIRA DE CONCRETO,NÃO INFORMADO,0,1,0,0,0,AUTOMÓVEL=1,SUMARÉ,CAMPINAS,CAMPINAS,ESTADUAL
2020-11-16,23:48:00,L06-INTERVIAS,SP330,200.2,NORTE,-22.0860405,-47.41989899,COLISÃO,COLISÃO-TRASEIRA,NÃO INFORMADO,1,0,0,1,0,CAMINHÃO=2,SANTA CRUZ DA CONCEIÇÃO,CAMPINAS,RIO CLARO,ESTADUAL
2020-11-17,02:32:00,L01-AUTOBAN,SPM330E,102.0,SUL,-22.868355,-47.132428,TOMBAMENTO,TOMBAMENTO-MOTO,NÃO INFORMADO,0,1,0,0,0,MOTO=1,CAMPINAS,CAMPINAS,CAMPINAS,ESTADUAL
2020-11-17,04:24:00,L06-INTERVIAS,SP330,236.0,NORTE,-21.7845993,-47.52700043,COLISÃO,COLISÃO-TRASEIRA,NÃO INFORMADO,2,0,0,0,0,CAMINHÃO=2,SANTA RITA DO PASSA QUATRO,CENTRAL,RIBEIRÃO PRETO,ESTADUAL
2020-11-17,04:52:00,L06-INTERVIAS,SP330,197.0,SUL,-22.11380005,-47.41199875,CHOQUE,"CHOQUE - DEFENSA, BARREIRA OU ""SUBMARINO""",IMPRUD. CONDUTOR,1,0,0,0,0,CAMINHÃO=1,SANTA CRUZ DA CONCEIÇÃO,CAMPINAS,RIO CLARO,ESTADUAL
2020-11-17,06:09:00,L29-VIAPAULISTA,SP330,298.1,NORTE,-21.28844452,-47.74783707,CHOQUE,"CHOQUE - DEFENSA, BARREIRA OU ""SUBMARINO""",IMPRUD. CONDUTOR-DORMIR AO VOLANTE,1,0,0,0,0,CAMINHÃO=1,CRAVINHOS,RIBEIRÃO PRETO,RIBEIRÃO PRETO,ESTADUAL
2020-11-17,07:37:00,L01-AUTOBAN,SP330,136.8,NORTE,-22.632119023021,-47.33525886134,COLISÃO,COLISÃO-TRANSVERSAL,NÃO INFORMADO,0,1,0,0,0,MOTO=2,LIMEIRA,CAMPINAS,RIO CLARO,ESTADUAL
2020-11-17,09:30:00,L01-AUTOBAN,SP330,139.0,SUL,-22.617749569415,-47.349067926407,CHOQUE,CHOQUE-DEFENSA METÁLICA,NÃO INFORMADO,0,1,0,0,0,CARRETA=1,LIMEIRA,CAMPINAS,RIO CLARO,ESTADUAL
2020-11-17,12:21:00,L01-AUTOBAN,SP330,119.0,NORTE,-22.763217100847,-47.247782349587,TOMBAMENTO,TOMBAMENTO,NÃO INFORMADO,0,0,0,0,0,CARRETA=1,NOVA ODESSA,CAMPINAS,RIO CLARO,ESTADUAL
2020-11-17,13:48:00,L01-AUTOBAN,SP330,138.5,SUL,-22.620960766984,-47.346066534519,COLISÃO,COLISÃO-TRASEIRA,NÃO INFORMADO,1,0,1,0,0,NÃO INFORMADO=1|UTILITÁRIO=1,LIMEIRA,CAMPINAS,RIO CLARO,ESTADUAL
2020-11-17,17:10:00,L29-VIAPAULISTA,SP330,296.0,NORTE,-21.30579376,-47.73971558,TOMBAMENTO,TOMBAMENTO,IMPRUD. CONDUTOR-PERDA DE CONTROLE,1,0,0,0,0,MOTO=1,CRAVINHOS,RIBEIRÃO PRETO,RIBEIRÃO PRETO,ESTADUAL
2020-11-17,19:32:00,L01-AUTOBAN,SP330,53.0,SUL,-23.230945296234,-46.87306702137,ENGAVETAMENTO,ENGAVETAMENTO,NÃO INFORMADO,0,0,0,0,0,AUTOMÓVEL=3,JUNDIAÍ,CAMPINAS,CAMPINAS,ESTADUAL
2020-11-17,19:57:00,L01-AUTOBAN,SP330,123.0,NORTE,-22.738298840103,-47.276605367661,TOMBAMENTO,TOMBAMENTO,NÃO INFORMADO,0,2,0,0,0,MOTO=1,AMERICANA,CAMPINAS,RIO CLARO,ESTADUAL
2020-11-17,20:42:00,L01-AUTOBAN,SPM330E,19.3,SUL,-23.472270382152,-46.774556453081,TOMBAMENTO,TOMBAMENTO-MOTO,NÃO INFORMADO,0,2,0,0,0,MOTO=1,OSASCO,REG. METROPOLITANA SÃO PAULO,SÃO PAULO,ESTADUAL
2020-11-17,22:30:00,L06-INTERVIAS,SP330,219.8,SUL,-21.91633987,-47.47381973,CHOQUE,CHOQUE-ELEMENTO DE DRENAGEM,NÃO INFORMADO,2,0,0,0,0,CAMINHONETE=1,PIRASSUNUNGA,CAMPINAS,RIO CLARO,ESTADUAL
2020-11-18,02:52:00,L01-AUTOBAN,SP330,23.8,NORTE,-23.436503594142,-46.786405921437,COLISÃO,COLISÃO-TRASEIRA,NÃO INFORMADO,0,0,0,0,0,AUTOMÓVEL=2,SÃO PAULO,REG. METROPOLITANA SÃO PAULO,SÃO PAULO,ESTADUAL
2020-11-18,08:24:00,L29-VIAPAULISTA,SP330,310.7,SUL,-21.18328476,-47.75718689,ENGAVETAMENTO,ENGAVETAMENTO,IMPRUD. CONDUTOR,2,0,0,0,0,AUTOMÓVEL=1|CAMINHONETE=1|NÃO INFORMADO=1,RIBEIRÃO PRETO,RIBEIRÃO PRETO,RIBEIRÃO PRETO,ESTADUAL
2020-11-18,13:46:00,L01-AUTOBAN,SP330,60.0,SUL,-23.181167952022,-46.911588907242,COLISÃO,COLISÃO-TRASEIRA,NÃO INFORMADO,0,0,0,0,0,AUTOMÓVEL=2,JUNDIAÍ,CAMPINAS,CAMPINAS,ESTADUAL
2020-11-18,13:54:00,L01-AUTOBAN,SP330,54.0,NORTE,-23.22302831,-46.87753558,CHOQUE,CHOQUE-OBJETO NA PISTA,NÃO INFORMADO,0,1,0,0,0,MOTO=1|NÃO INFORMADO=1,JUNDIAÍ,CAMPINAS,CAMPINAS,ESTADUAL
2020-11-18,15:28:00,L28-ENTREVIAS,SP330,373.5,NORTE,-20.6455314029,-47.8805402012,COLISÃO,COLISÃO-LATERAL,IMPRUD. CONDUTOR-FALTA DE ATENÇÃO,2,0,0,0,0,AUTOMÓVEL=1|CAMINHÃO=1,ORLÂNDIA,FRANCA,RIBEIRÃO PRETO,ESTADUAL
2020-11-18,16:24:00,L01-AUTOBAN,SP330,20.0,NORTE,-23.468944569907,-46.778873205185,COLISÃO,COLISÃO-TRASEIRA,NÃO INFORMADO,0,0,0,0,0,CAMINHÃO=2,OSASCO,REG. METROPOLITANA SÃO PAULO,SÃO PAULO,ESTADUAL
2020-11-18,17:21:00,L01-AUTOBAN,SP330,130.3,SUL,-22.685430490726,-47.311050832059,ENGAVETAMENTO,ENGAVETAMENTO,NÃO INFORMADO,0,1,0,0,0,AUTOMÓVEL=2|CARRETA=1|MOTO=1,LIMEIRA,CAMPINAS,RIO CLARO,ESTADUAL
2020-11-18,17:35:00,L01-AUTOBAN,SP330,92.0,NORTE,-22.935116422047,-47.071389555931,CHOQUE,CHOQUE-TALUDE OU BARRANCO,NÃO INFORMADO,0,0,0,0,0,AUTOMÓVEL=1,CAMPINAS,CAMPINAS,CAMPINAS,ESTADUAL
2020-11-18,18:34:00,L01-AUTOBAN,SP330,110.0,NORTE,-22.822672081657,-47.192480564117,CHOQUE,CHOQUE-BARREIRA DE CONCRETO,NÃO INFORMADO,0,1,0,0,0,AUTOMÓVEL=1,SUMARÉ,CAMPINAS,CAMPINAS,ESTADUAL
2020-11-18,18:58:00,L01-AUTOBAN,SP330,110.7,NORTE,-22.8191970836,-47.198958070649,COLISÃO,COLISÃO-TRASEIRA,NÃO INFORMADO,0,0,0,0,0,AUTOMÓVEL=1|VAN/PERUA=1,SUMARÉ,CAMPINAS,CAMPINAS,ESTADUAL
2020-11-18,19:35:00,L01-AUTOBAN,SP330,110.7,NORTE,-22.8191970836,-47.198958070649,ENGAVETAMENTO,ENGAVETAMENTO,NÃO INFORMADO,0,0,0,0,0,AUTOMÓVEL=3,SUMARÉ,CAMPINAS,CAMPINAS,ESTADUAL
2020-11-18,19:38:00,L01-AUTOBAN,SP330,24.58,NORTE,-23.429660379933,-46.787014828883,COLISÃO,COLISÃO-TRASEIRA,NÃO INFORMADO,0,1,0,0,0,AUTOMÓVEL=1|MOTO=1,SÃO PAULO,REG. METROPOLITANA SÃO PAULO,SÃO PAULO,ESTADUAL
2020-11-18,20:23:00,L28-ENTREVIAS,SP330,396.0,NORTE,-20.4509921838,-47.8354229576,COLISÃO,COLISÃO-LATERAL,IMPRUD. CONDUTOR-PERDA DE CONTROLE,2,0,0,0,0,AUTOMÓVEL=1|CAMINHÃO=1,GUARÁ,FRANCA,RIBEIRÃO PRETO,ESTADUAL
2020-11-18,21:41:00,L01-AUTOBAN,SP330,112.3,NORTE,-22.811700869247,-47.211182020747,COLISÃO,COLISÃO-LATERAL,NÃO INFORMADO,0,0,0,0,0,CARRETA=1|UTILITÁRIO=1,SUMARÉ,CAMPINAS,CAMPINAS,ESTADUAL
2020-11-18,22:15:00,L01-AUTOBAN,SP330,19.9,NORTE,-23.469421374318,-46.778248248101,CHOQUE,CHOQUE-BARREIRA DE CONCRETO,NÃO INFORMADO,0,0,0,0,0,AUTOMÓVEL=1,OSASCO,REG. METROPOLITANA SÃO PAULO,SÃO PAULO,ESTADUAL
2020-11-18,23:32:00,L29-VIAPAULISTA,SP330,309.0,SUL,-21.19260025,-47.75767899,CHOQUE,"CHOQUE - DEFENSA, BARREIRA OU ""SUBMARINO""",IMPRUD. CONDUTOR-LEVOU FECHADA,1,0,0,0,0,AUTOMÓVEL=1,RIBEIRÃO PRETO,RIBEIRÃO PRETO,RIBEIRÃO PRETO,ESTADUAL
2020-11-19,01:06:00,L01-AUTOBAN,SP330,30.0,NORTE,-23.405103365161,-46.82884812355,CHOQUE,CHOQUE-POSTE,NÃO INFORMADO,0,0,0,0,0,AUTOMÓVEL=1,CAJAMAR,REG. METROPOLITANA SÃO PAULO,SÃO PAULO,ESTADUAL
2020-11-19,02:23:00,L28-ENTREVIAS,SPA327/330,5.0,OESTE,-22.3727835946,-50.5944161425,CAPOTAMENTO,CAPOTAMENTO,ANIMAL NA RODOVIA,0,1,0,0,0,AUTOMÓVEL=1,JARDINÓPOLIS,RIBEIRÃO PRETO,RIBEIRÃO PRETO,ESTADUAL
2020-11-19,03:29:00,L01-AUTOBAN,SPM330D,18.0,NORTE,-23.482416628034,-46.770944595337,TOMBAMENTO,TOMBAMENTO-MOTO,NÃO INFORMADO,0,1,0,0,0,MOTO=1,OSASCO,REG. METROPOLITANA SÃO PAULO,SÃO PAULO,ESTADUAL
2020-11-19,05:14:00,L29-VIAPAULISTA,SP330,300.0,SUL,-21.27370071,-47.75492096,CHOQUE,CHOQUE-TALUDE OU BARRANCO,IMPRUD. CONDUTOR-DORMIR AO VOLANTE,1,0,0,0,0,CAMINHÃO=1,CRAVINHOS,RIBEIRÃO PRETO,RIBEIRÃO PRETO,ESTADUAL
2020-11-19,06:18:00,L01-AUTOBAN,SP330,41.5,SUL,-23.320422328204,-46.850177049637,CHOQUE,CHOQUE-TALUDE OU BARRANCO,NÃO INFORMADO,0,0,0,0,0,AUTOMÓVEL=1,CAJAMAR,REG. METROPOLITANA SÃO PAULO,SÃO PAULO,ESTADUAL
2020-11-19,06:40:00,L29-VIAPAULISTA,SP330,307.4,NORTE,-21.20677185,-47.75828552,CHOQUE,"CHOQUE - DEFENSA, BARREIRA OU ""SUBMARINO""",IMPRUD. CONDUTOR-PERDA DE CONTROLE,0,1,0,0,0,MOTO=1,RIBEIRÃO PRETO,RIBEIRÃO PRETO,RIBEIRÃO PRETO,ESTADUAL
2020-11-19,07:19:00,L29-VIAPAULISTA,SP330,307.5,NORTE,-21.20587158,-47.75823975,CHOQUE,"CHOQUE - DEFENSA, BARREIRA OU ""SUBMARINO""",IMPRUD. CONDUTOR-PERDA DE CONTROLE,1,0,0,0,0,AUTOMÓVEL=1,RIBEIRÃO PRETO,RIBEIRÃO PRETO,RIBEIRÃO PRETO,ESTADUAL
2020-11-19,07:28:00,L06-INTERVIAS,SP330,217.0,SUL,-21.94045067,-47.46564865,ATROPELAMENTO DE ANIMAL,ATROP. ANIMAL,ANIMAL NA RODOVIA,1,0,0,0,0,CAMINHONETE=1,PIRASSUNUNGA,CAMPINAS,RIO CLARO,ESTADUAL
2020-11-19,07:57:00,L01-AUTOBAN,SP330,83.3,SUL,-23.00320185,-47.02959646,ENGAVETAMENTO,ENGAVETAMENTO,NÃO INFORMADO,0,0,0,0,0,AUTOMÓVEL=3|CAMINHÃO=1,VALINHOS,CAMPINAS,CAMPINAS,ESTADUAL
2020-11-19,08:08:00,L01-AUTOBAN,SP330,62.5,NORTE,-23.16463457641,-46.929179905727,COLISÃO,COLISÃO-LATERAL,NÃO INFORMADO,0,0,0,0,0,AUTOMÓVEL=1|BITREM/CVC=1,JUNDIAÍ,CAMPINAS,CAMPINAS,ESTADUAL
2020-11-19,08:42:00,L01-AUTOBAN,SPM330D,86.6,NORTE,-22.978024144201,-47.046435565104,CHOQUE,CHOQUE-TALUDE OU BARRANCO,NÃO INFORMADO,0,2,0,0,0,AUTOMÓVEL=1,CAMPINAS,CAMPINAS,CAMPINAS,ESTADUAL
2020-11-19,09:05:00,L01-AUTOBAN,SP330,138.92,SUL,-22.618263372786,-47.348587692713,CHOQUE,CHOQUE-ELEMENTO DE DRENAGEM,NÃO INFORMADO,0,0,0,0,0,CAMINHÃO=1,LIMEIRA,CAMPINAS,RIO CLARO,ESTADUAL
2020-11-19,10:57:00,L01-AUTOBAN,SP330,61.17,SUL,-23.174201185246,-46.920047238882,ENGAVETAMENTO,ENGAVETAMENTO,NÃO INFORMADO,0,3,0,0,0,AUTOMÓVEL=2|UTILITÁRIO=2,JUNDIAÍ,CAMPINAS,CAMPINAS,ESTADUAL
2020-11-19,13:33:00,L01-AUTOBAN,SP330,61.4,SUL,-23.172708449779,-46.92186714426,ENGAVETAMENTO,ENGAVETAMENTO,NÃO INFORMADO,0,1,0,0,0,AUTOMÓVEL=1|CAMINHÃO=1|CARRETA=1,JUNDIAÍ,CAMPINAS,CAMPINAS,ESTADUAL
2020-11-19,16:22:00,L01-AUTOBAN,SP330,102.0,SUL,-22.868355,-47.132428,COLISÃO,COLISÃO-LATERAL,NÃO INFORMADO,0,0,0,0,0,AUTOMÓVEL=1|CARRETA=1,CAMPINAS,CAMPINAS,CAMPINAS,ESTADUAL
2020-11-19,17:02:00,L01-AUTOBAN,SPM330E,12.7,SUL,-23.508551347963,-46.737153587887,CHOQUE,CHOQUE-SINALIZAÇÃO,NÃO INFORMADO,0,0,0,0,0,VAN/PERUA=1,SÃO PAULO,REG. METROPOLITANA SÃO PAULO,SÃO PAULO,ESTADUAL
2020-11-19,17:10:00,L01-AUTOBAN,SP330,102.8,NORTE,-22.863230160361,-47.137820384769,ENGAVETAMENTO,ENGAVETAMENTO,NÃO INFORMADO,0,0,0,0,0,AUTOMÓVEL=2|CARRETA=1|UTILITÁRIO=1,CAMPINAS,CAMPINAS,CAMPINAS,ESTADUAL
2020-11-19,17:40:00,L29-VIAPAULISTA,SP330,314.3,NORTE,-21.14493942,-47.75946808,COLISÃO,COLISÃO-TRASEIRA,IMPRUD. CONDUTOR-DIST. INADEQUADA ENTRE VEÍC.,8,0,0,0,0,AUTOMÓVEL=1|CAMINHONETE=1,RIBEIRÃO PRETO,RIBEIRÃO PRETO,RIBEIRÃO PRETO,ESTADUAL
2020-11-19,18:31:00,L01-AUTOBAN,SPM330E,107.0,SUL,-22.839867744999,-47.170851230621,ENGAVETAMENTO,ENGAVETAMENTO,NÃO INFORMADO,0,0,0,0,0,AUTOMÓVEL=3,SUMARÉ,CAMPINAS,CAMPINAS,ESTADUAL
2020-11-19,18:34:00,L01-AUTOBAN,SP330,96.4,NORTE,-22.908501107011,-47.103961239081,COLISÃO,COLISÃO-LATERAL,NÃO INFORMADO,0,1,0,0,0,AUTOMÓVEL=2|MOTO=1,CAMPINAS,CAMPINAS,CAMPINAS,ESTADUAL
2020-11-19,19:05:00,L01-AUTOBAN,SP330,43.9,NORTE,-23.30314462292,-46.856767772842,COLISÃO,COLISÃO-LATERAL,NÃO INFORMADO,0,0,1,0,0,AUTOMÓVEL=1|MOTO=1,CAJAMAR,REG. METROPOLITANA SÃO PAULO,SÃO PAULO,ESTADUAL
2020-11-19,20:11:00,L01-AUTOBAN,SPM330D,109.1,NORTE,-22.826903958813,-47.18473647712,COLISÃO,COLISÃO-TRANSVERSAL,NÃO INFORMADO,0,0,0,0,0,AUTOMÓVEL=1|NÃO INFORMADO=1,SUMARÉ,CAMPINAS,CAMPINAS,ESTADUAL
2020-11-19,21:20:00,L01-AUTOBAN,SPM330E,109.68,SUL,-22.824437477978,-47.189864257332,CHOQUE,CHOQUE-VEÍCULO PARADO NA PISTA,NÃO INFORMADO,0,0,0,0,0,AUTOMÓVEL=1|ÔNIBUS=1,SUMARÉ,CAMPINAS,CAMPINAS,ESTADUAL
2020-11-19,22:59:00,L01-AUTOBAN,SP330,85.4,NORTE,-22.986821784771,-47.040754660858,CHOQUE,CHOQUE-ELEMENTO DE DRENAGEM,NÃO INFORMADO,0,0,0,0,0,AUTOMÓVEL=1,VALINHOS,CAMPINAS,CAMPINAS,ESTADUAL
2020-11-20,00:27:00,L29-VIAPAULISTA,SP330,285.5,NORTE,-21.38955879,-47.69752502,COLISÃO,COLISÃO-TRASEIRA,IMPRUD. CONDUTOR-FAROL DESREGULADO/APAGADO,1,0,0,0,0,AUTOMÓVEL=1|NÃO INFORMADO=2,CRAVINHOS,RIBEIRÃO PRETO,RIBEIRÃO PRETO,ESTADUAL
2020-11-20,00:53:00,L28-ENTREVIAS,SP330,442.8,NORTE,-20.053592069,-47.7855973145,COLISÃO,COLISÃO-TRASEIRA,IMPRUD. CONDUTOR-DORMIR AO VOLANTE,1,1,0,0,0,CAMINHÃO=2,IGARAPAVA,FRANCA,RIBEIRÃO PRETO,ESTADUAL
2020-11-20,02:23:00,L01-AUTOBAN,SP330,85.6,NORTE,-22.985456207212,-47.041699428559,CHOQUE,CHOQUE-SINALIZAÇÃO,NÃO INFORMADO,0,0,0,0,0,AUTOMÓVEL=1,VALINHOS,CAMPINAS,CAMPINAS,ESTADUAL
2020-11-20,05:09:00,L01-AUTOBAN,SPM330D,15.68,NORTE,-23.495935099903,-46.757431413048,CHOQUE,CHOQUE-POSTE,NÃO INFORMADO,0,0,0,1,1,AUTOMÓVEL=1,SÃO PAULO,REG. METROPOLITANA SÃO PAULO,SÃO PAULO,ESTADUAL
2020-11-20,09:46:00,L01-AUTOBAN,SP330,63.4,NORTE,-23.157678885151,-46.933336476913,CHOQUE,CHOQUE-BARREIRA DE CONCRETO,NÃO INFORMADO,0,0,1,0,0,UTILITÁRIO=1,JUNDIAÍ,CAMPINAS,CAMPINAS,ESTADUAL
2020-11-20,10:02:00,L01-AUTOBAN,SP330,23.0,SUL,-23.444260270505,-46.78705394268,TOMBAMENTO,TOMBAMENTO-MOTO,NÃO INFORMADO,0,0,1,0,0,MOTO=1|NÃO INFORMADO=1,SÃO PAULO,REG. METROPOLITANA SÃO PAULO,SÃO PAULO,ESTADUAL
2020-11-20,10:03:00,L01-AUTOBAN,SP330,63.4,NORTE,-23.157678885151,-46.933336476913,COLISÃO,COLISÃO-TRASEIRA,NÃO INFORMADO,0,0,0,0,0,AUTOMÓVEL=1|UTILITÁRIO=1,JUNDIAÍ,CAMPINAS,CAMPINAS,ESTADUAL
2020-11-20,13:16:00,L01-AUTOBAN,SP330,26.66,SUL,-23.417783183922,-46.800165115449,COLISÃO,COLISÃO-LATERAL,NÃO INFORMADO,0,2,1,0,0,MOTO=2,SÃO PAULO,REG. METROPOLITANA SÃO PAULO,SÃO PAULO,ESTADUAL
2020-11-20,13:33:00,L06-INTERVIAS,SP330,162.0,NORTE,-22.42499924,-47.3927002,OBJETO LANÇADO CONTRA O VEÍCULO,OBJETO LANÇADO CONTRA VEÍCULO,OBJETO LANÇADO,1,0,0,0,0,AUTOMÓVEL=1,ARARAS,CAMPINAS,RIO CLARO,ESTADUAL
2020-11-20,14:23:00,L01-AUTOBAN,SP330,23.7,SUL,-23.437655769753,-46.786610841268,COLISÃO,COLISÃO-TRANSVERSAL,NÃO INFORMADO,0,0,0,0,0,AUTOMÓVEL=1|CARRETA=1,SÃO PAULO,REG. METROPOLITANA SÃO PAULO,SÃO PAULO,ESTADUAL
2020-11-20,14:46:00,L06-INTERVIAS,SP330,173.8,SUL,-22.32049942,-47.39039993,CHOQUE,CHOQUE-OBJETO NA PISTA,OBJETO NA PISTA,1,0,0,0,0,AUTOMÓVEL=1,ARARAS,CAMPINAS,RIO CLARO,ESTADUAL
2020-11-20,15:34:00,L01-AUTOBAN,SP330,29.0,SUL,-23.409410946036,-46.820742487907,COLISÃO,COLISÃO-TRASEIRA,NÃO INFORMADO,0,1,0,0,0,AUTOMÓVEL=1|CAMINHÃO=1,SÃO PAULO,REG. METROPOLITANA SÃO PAULO,SÃO PAULO,ESTADUAL
2020-11-20,17:09:00,L01-AUTOBAN,SPM330E,25.0,SUL,-23.42658,-46.787612,COLISÃO,COLISÃO-LATERAL,NÃO INFORMADO,0,0,0,0,0,AUTOMÓVEL=1|CAMINHÃO=1,SÃO PAULO,REG. METROPOLITANA SÃO PAULO,SÃO PAULO,ESTADUAL
2020-11-20,18:52:00,L01-AUTOBAN,SP330,48.7,NORTE,-23.268133498479,-46.868141947527,COLISÃO,COLISÃO-TRASEIRA,NÃO INFORMADO,0,0,0,0,0,AUTOMÓVEL=2|CAMINHÃO=1,JUNDIAÍ,CAMPINAS,CAMPINAS,ESTADUAL
2020-11-20,23:13:00,L29-VIAPAULISTA,SP330,281.0,NORTE,-21.41406631,-47.66450119,CHOQUE,"CHOQUE - DEFENSA, BARREIRA OU ""SUBMARINO""",NÃO INFORMADO,9,2,0,0,2,AUTOMÓVEL=4|CAMINHÃO=1,SÃO SIMÃO,RIBEIRÃO PRETO,RIBEIRÃO PRETO,ESTADUAL
2020-11-21,04:33:00,L01-AUTOBAN,SPM330E,95.0,SUL,-22.919909191683,-47.094150781631,CHOQUE,CHOQUE-SINALIZAÇÃO,NÃO INFORMADO,0,0,0,0,0,AUTOMÓVEL=1,CAMPINAS,CAMPINAS,CAMPINAS,ESTADUAL
2020-11-21,07:56:00,L28-ENTREVIAS,SP330,329.0,NORTE,-21.0290155684,-47.8358619362,TOMBAMENTO,TOMBAMENTO-MOTO,IMPRUD. CONDUTOR-PERDA DE CONTROLE,0,1,0,0,0,MOTOCICLETA / MOTONETA=1,JARDINÓPOLIS,RIBEIRÃO PRETO,RIBEIRÃO PRETO,ESTADUAL
2020-11-21,11:51:00,L01-AUTOBAN,SP330,61.15,NORTE,-23.174292990075,-46.919561517825,ENGAVETAMENTO,ENGAVETAMENTO,NÃO INFORMADO,0,0,0,0,0,AUTOMÓVEL=3,JUNDIAÍ,CAMPINAS,CAMPINAS,ESTADUAL
2020-11-21,13:44:00,L01-AUTOBAN,SP330,18.5,NORTE,-23.478064611931,-46.771784126759,COLISÃO,COLISÃO-TRASEIRA,NÃO INFORMADO,0,0,1,0,0,AUTOMÓVEL=1|MOTO=1,OSASCO,REG. METROPOLITANA SÃO PAULO,SÃO PAULO,ESTADUAL
2020-11-21,16:18:00,L06-INTERVIAS,SP330,170.1,SUL,-22.35300064,-47.3949585,COLISÃO,COLISÃO-TRANSVERSAL,IMPRUD. CONDUTOR-MUDANÇA DE FAIXA,3,6,0,0,0,CAMINHONETE=1|CAMINHÃO=1,ARARAS,CAMPINAS,RIO CLARO,ESTADUAL
2020-11-22,01:20:00,L01-AUTOBAN,SPM330D,105.52,NORTE,-22.849005706387,-47.160542549892,CHOQUE,CHOQUE-DEFENSA METÁLICA,NÃO INFORMADO,0,2,0,0,0,AUTOMÓVEL=1,SUMARÉ,CAMPINAS,CAMPINAS,ESTADUAL
2020-11-22,01:59:00,L01-AUTOBAN,SP330,142.65,SUL,-22.590753024793,-47.367002466176,CHOQUE,CHOQUE-ELEMENTO DE DRENAGEM,NÃO INFORMADO,0,0,0,0,0,AUTOMÓVEL=1,LIMEIRA,CAMPINAS,RIO CLARO,ESTADUAL
2020-11-22,02:40:00,L01-AUTOBAN,SPM330E,97.0,SUL,-22.904379059715,-47.107846140862,ATROPELAMENTO DE PEDESTRE,ATROP. PEDESTRE-MORADOR/TRABALHADOR/ESTUDANTE,NÃO INFORMADO,0,0,0,1,0,AUTOMÓVEL=1|NÃO SE APLICA=1,CAMPINAS,CAMPINAS,CAMPINAS,ESTADUAL
2020-11-22,05:29:00,L01-AUTOBAN,SP330,152.0,SUL,-22.514108056285,-47.395604252815,CHOQUE,CHOQUE-PRAÇA MANUAL-(ENTRE VEÍCULOS),NÃO INFORMADO,0,0,0,0,0,AUTOMÓVEL=1|NÃO INFORMADO=1,LIMEIRA,CAMPINAS,RIO CLARO,ESTADUAL
2020-11-22,05:43:00,L01-AUTOBAN,SP330,110.0,SUL,-22.82299346964,-47.19250202179,CHOQUE,CHOQUE-DEFENSA METÁLICA,NÃO INFORMADO,0,0,1,0,0,AUTOMÓVEL=1,SUMARÉ,CAMPINAS,CAMPINAS,ESTADUAL
2020-11-22,07:24:00,L28-ENTREVIAS,SP330,327.0,SUL,-21.0459248714,-47.827628076,CHOQUE,CHOQUE-BARREIRA DE CONCRETO,IMPRUD. CONDUTOR-PERDA DE CONTROLE,0,2,0,0,0,AUTOMÓVEL=1,JARDINÓPOLIS,RIBEIRÃO PRETO,RIBEIRÃO PRETO,ESTADUAL
2020-11-22,14:03:00,L29-VIAPAULISTA,SP330,314.85,NORTE,-21.14033127,-47.76141739,TOMBAMENTO,TOMBAMENTO,ESTOURO/FURO DE PNEU,0,2,0,0,0,MOTO=1,RIBEIRÃO PRETO,RIBEIRÃO PRETO,RIBEIRÃO PRETO,ESTADUAL
2020-11-22,14:21:00,L29-VIAPAULISTA,SP330,310.5,SUL,-21.17969322,-47.75699615,CHOQUE,"CHOQUE - DEFENSA, BARREIRA OU ""SUBMARINO""",IMPRUD. CONDUTOR-PERDA DE CONTROLE,1,0,0,0,0,AUTOMÓVEL=1,RIBEIRÃO PRETO,RIBEIRÃO PRETO,RIBEIRÃO PRETO,ESTADUAL
2020-11-22,17:22:00,L01-AUTOBAN,SP330,38.4,SUL,-23.341755354446,-46.839206808177,COLISÃO,COLISÃO-LATERAL,NÃO INFORMADO,0,0,0,0,0,AUTOMÓVEL=1|CARRETA=1,CAJAMAR,REG. METROPOLITANA SÃO PAULO,SÃO PAULO,ESTADUAL
2020-11-22,18:05:00,L29-VIAPAULISTA,SPA241/330,2.8,OESTE,-21.74404241,-47.54035251,COLISÃO,COLISÃO-TRASEIRA,IMPRUD. CONDUTOR-PERDA DE CONTROLE,1,1,0,0,0,AUTOMÓVEL=2,SANTA RITA DO PASSA QUATRO,CENTRAL,RIBEIRÃO PRETO,ESTADUAL
2020-11-22,18:36:00,L01-AUTOBAN,SPM330E,16.35,SUL,-23.492772381309,-46.761719140571,CHOQUE,CHOQUE-DEFENSA METÁLICA,NÃO INFORMADO,0,0,0,0,0,AUTOMÓVEL=1,OSASCO,REG. METROPOLITANA SÃO PAULO,SÃO PAULO,ESTADUAL
2020-11-22,19:04:00,L01-AUTOBAN,SP330,61.6,SUL,-23.171410457689,-46.923449623432,COLISÃO,COLISÃO-LATERAL,NÃO INFORMADO,0,0,0,0,0,AUTOMÓVEL=1|CAMINHÃO=1,JUNDIAÍ,CAMPINAS,CAMPINAS,ESTADUAL
2020-11-22,19:12:00,L01-AUTOBAN,SP330,41.66,NORTE,-23.319192654393,-46.851113246912,COLISÃO,COLISÃO-FRONTAL,NÃO INFORMADO,0,0,1,0,0,AUTOMÓVEL=1|MOTO=1,CAJAMAR,REG. METROPOLITANA SÃO PAULO,SÃO PAULO,ESTADUAL
2020-11-22,20:00:00,L28-ENTREVIAS,SP330,348.0,NORTE,-20.8681663203,-47.8968362551,CHOQUE,CHOQUE-VEÍCULO PARADO NA PISTA,VEÍCULO PARADO NA FAIXA,1,1,1,0,0,AUTOMÓVEL=2,SALES OLIVEIRA,FRANCA,RIBEIRÃO PRETO,ESTADUAL
2020-11-22,21:26:00,L06-INTERVIAS,SP330,166.0,NORTE,-22.38990021,-47.39339828,CHOQUE,CHOQUE-ELEMENTO DE DRENAGEM,NÃO INFORMADO,0,1,0,0,0,AUTOMÓVEL=1,ARARAS,CAMPINAS,RIO CLARO,ESTADUAL
2020-11-23,04:46:00,L06-INTERVIAS,SP330,163.8,NORTE,-22.40858078,-47.38938141,CHOQUE,CHOQUE-ELEMENTO DE DRENAGEM,IMPRUD. CONDUTOR-DORMIR AO VOLANTE,0,0,0,0,0,AUTOMÓVEL=1,ARARAS,CAMPINAS,RIO CLARO,ESTADUAL
2020-11-23,05:06:00,L01-AUTOBAN,SP330,11.5,NORTE,-23.510224803517,-46.729037632504,CHOQUE,CHOQUE-SINALIZAÇÃO,NÃO INFORMADO,0,0,0,0,0,AUTOMÓVEL=1,SÃO PAULO,REG. METROPOLITANA SÃO PAULO,SÃO PAULO,ESTADUAL
2020-11-23,05:39:00,L01-AUTOBAN,SP330,64.0,NORTE,-23.153219241232,-46.935594677925,COLISÃO,COLISÃO-TRASEIRA,NÃO INFORMADO,0,2,0,0,0,AUTOMÓVEL=1|CAMINHÃO=1|MOTO=1,JUNDIAÍ,CAMPINAS,CAMPINAS,ESTADUAL
2020-11-23,06:39:00,L01-AUTOBAN,SP330,61.0,NORTE,-23.175294620401,-46.918331980705,COLISÃO,COLISÃO-TRASEIRA,NÃO INFORMADO,0,2,0,0,0,AUTOMÓVEL=2|ÔNIBUS=1,JUNDIAÍ,CAMPINAS,CAMPINAS,ESTADUAL
2020-11-23,07:16:00,L01-AUTOBAN,SP330,152.76,NORTE,-22.507456133965,-47.39807787375,COLISÃO,COLISÃO-LATERAL,NÃO INFORMADO,0,1,0,0,0,MOTO=2,CORDEIRÓPOLIS,CAMPINAS,RIO CLARO,ESTADUAL
2020-11-23,07:31:00,L01-AUTOBAN,SP330,22.1,SUL,-23.452157651827,-46.786687016643,COLISÃO,COLISÃO-TRASEIRA,NÃO INFORMADO,0,1,0,0,0,AUTOMÓVEL=1|MOTO=1,SÃO PAULO,REG. METROPOLITANA SÃO PAULO,SÃO PAULO,ESTADUAL
2020-11-23,07:37:00,L01-AUTOBAN,SP330,106.0,SUL,-22.846779018086,-47.164285182953,COLISÃO,COLISÃO-TRASEIRA,NÃO INFORMADO,0,0,0,0,0,AUTOMÓVEL=1|MOTO=1,SUMARÉ,CAMPINAS,CAMPINAS,ESTADUAL
2020-11-23,08:38:00,L28-ENTREVIAS,SP330,419.0,NORTE,-20.2509432217,-47.7992717323,CHOQUE,CHOQUE-ELEMENTO DE DRENAGEM,CONDIÇÃO CLIMÁTICA,0,1,0,0,0,AUTOMÓVEL=1,ITUVERAVA,FRANCA,RIBEIRÃO PRETO,ESTADUAL
2020-11-23,11:33:00,L01-AUTOBAN,SP330,122.0,NORTE,-22.743594,-47.268248,COLISÃO,COLISÃO-TRASEIRA,NÃO INFORMADO,1,1,0,0,0,AUTOMÓVEL=2,AMERICANA,CAMPINAS,RIO CLARO,ESTADUAL
2020-11-23,12:35:00,L01-AUTOBAN,SP330,20.2,NORTE,-23.467298062022,-46.779379608179,TOMBAMENTO,TOMBAMENTO-MOTO,NÃO INFORMADO,0,1,0,0,0,MOTO=1,OSASCO,REG. METROPOLITANA SÃO PAULO,SÃO PAULO,ESTADUAL
2020-11-23,13:15:00,L01-AUTOBAN,SPM330E,106.5,SUL,-22.843323381543,-47.167568206787,CHOQUE,CHOQUE-DEFENSA METÁLICA,NÃO INFORMADO,0,0,0,0,0,AUTOMÓVEL=1,SUMARÉ,CAMPINAS,CAMPINAS,ESTADUAL
2020-11-23,15:23:00,L01-AUTOBAN,SP330,111.7,NORTE,-22.814911073096,-47.20679978308,COLISÃO,COLISÃO-TRASEIRA,NÃO INFORMADO,0,2,0,0,0,AUTOMÓVEL=1|CAMINHÃO=1,SUMARÉ,CAMPINAS,CAMPINAS,ESTADUAL
2020-11-23,16:59:00,L06-INTERVIAS,SP330,160.3,NORTE,-22.43988991,-47.39677811,COLISÃO,COLISÃO-TRASEIRA,IMPRUD. CONDUTOR,2,0,0,0,0,CAMINHONETE=1|CAMINHÃO=1,CORDEIRÓPOLIS,CAMPINAS,RIO CLARO,ESTADUAL
2020-11-23,17:41:00,L01-AUTOBAN,SPM330D,91.54,NORTE,-22.938678000817,-47.069158304644,ENGAVETAMENTO,ENGAVETAMENTO,NÃO INFORMADO,0,0,1,0,0,AUTOMÓVEL=3,CAMPINAS,CAMPINAS,CAMPINAS,ESTADUAL
2020-11-23,19:24:00,L06-INTERVIAS,SP330,175.0,SUL,-22.35390091,-47.39509964,OBJETO LANÇADO CONTRA O VEÍCULO,OBJETO LANÇADO CONTRA VEÍCULO,OBJETO LANÇADO,1,0,0,0,0,AUTOMÓVEL=1,ARARAS,CAMPINAS,RIO CLARO,ESTADUAL
2020-11-23,19:27:00,L29-VIAPAULISTA,SPA318/330,1.0,SUL,-21.119958,-47.78591,ATROPELAMENTO DE PEDESTRE,ATROP. PEDESTRE-ANDARILHO,IMPRUD. PEDESTRE-USUÁRIO,4,1,0,0,0,AUTOMÓVEL=1|NÃO SE APLICA=1,RIBEIRÃO PRETO,RIBEIRÃO PRETO,RIBEIRÃO PRETO,ESTADUAL
2020-11-23,22:12:00,L01-AUTOBAN,SPM330E,25.26,SUL,-23.425104588911,-46.789370738604,COLISÃO,COLISÃO-TRASEIRA,NÃO INFORMADO,0,0,0,0,0,UTILITÁRIO=1|ÔNIBUS=1,SÃO PAULO,NÃO INFORMADO,NÃO INFORMADO,NÃO INFORMADO
2020-11-24,03:06:00,L01-AUTOBAN,SP330,50.5,SUL,-23.252556799683,-46.86677724123,ATROPELAMENTO DE ANIMAL,ATROP. ANIMAL,NÃO INFORMADO,0,0,0,0,0,AUTOMÓVEL=1,JUNDIAÍ,CAMPINAS,CAMPINAS,ESTADUAL
2020-11-24,05:53:00,L01-AUTOBAN,SP330,82.9,NORTE,-23.006216411294,-47.02736271207,CHOQUE,CHOQUE-BARREIRA DE CONCRETO,NÃO INFORMADO,0,1,0,0,0,AUTOMÓVEL=1,VALINHOS,CAMPINAS,CAMPINAS,ESTADUAL
2020-11-24,06:29:00,L01-AUTOBAN,SPM330E,110.9,SUL,-22.818605701197,-47.200820638932,CHOQUE,CHOQUE-TALUDE OU BARRANCO,NÃO INFORMADO,0,0,0,0,0,AUTOMÓVEL=1,SUMARÉ,CAMPINAS,CAMPINAS,ESTADUAL
2020-11-24,06:39:00,L01-AUTOBAN,SP330,17.9,SUL,-23.482970617937,-46.770764885767,TOMBAMENTO,TOMBAMENTO-MOTO,NÃO INFORMADO,0,2,0,0,0,MOTO=1,OSASCO,REG. METROPOLITANA SÃO PAULO,SÃO PAULO,ESTADUAL
2020-11-24,07:49:00,L01-AUTOBAN,SPM330E,102.0,SUL,-22.868355,-47.132428,COLISÃO,COLISÃO-LATERAL,NÃO INFORMADO,0,1,0,0,0,AUTOMÓVEL=2,CAMPINAS,CAMPINAS,CAMPINAS,ESTADUAL
2020-11-24,08:07:00,L01-AUTOBAN,SP330,12.0,SUL,-23.509484513183,-46.730405688286,CHOQUE,CHOQUE-SINALIZAÇÃO,NÃO INFORMADO,0,0,0,0,0,AUTOMÓVEL=1,SÃO PAULO,REG. METROPOLITANA SÃO PAULO,SÃO PAULO,ESTADUAL
2020-11-24,08:20:00,L06-INTERVIAS,SP330,196.5,SUL,-22.11829948,-47.41139984,CAPOTAMENTO,CAPOTAMENTO,IMPRUD. CONDUTOR-LEVOU FECHADA,0,1,0,0,0,AUTOMÓVEL=1,SANTA CRUZ DA CONCEIÇÃO,CAMPINAS,RIO CLARO,ESTADUAL
2020-11-24,08:35:00,L01-AUTOBAN,SP330,26.0,SUL,-23.42090534696,-46.794376373291,CHOQUE,CHOQUE-PRAÇA AVI-(ENTRE VEÍCULOS),NÃO INFORMADO,0,0,0,0,0,AUTOMÓVEL=1|VAN/PERUA=1,SÃO PAULO,REG. METROPOLITANA SÃO PAULO,SÃO PAULO,ESTADUAL
2020-11-24,09:08:00,L01-AUTOBAN,SP330,118.0,NORTE,-22.768865993015,-47.240797877312,CHOQUE,CHOQUE-PRAÇA MANUAL-(ENTRE VEÍCULOS),NÃO INFORMADO,0,0,0,0,0,AUTOMÓVEL=1|NÃO INFORMADO=1,NOVA ODESSA,CAMPINAS,RIO CLARO,ESTADUAL
2020-11-24,10:06:00,L01-AUTOBAN,SP330,12.6,SUL,-23.508684656554,-46.736189607483,COLISÃO,COLISÃO-TRASEIRA,NÃO INFORMADO,1,2,0,0,0,MOTO=2,SÃO PAULO,REG. METROPOLITANA SÃO PAULO,SÃO PAULO,ESTADUAL
2020-11-24,10:56:00,L01-AUTOBAN,SPM330E,95.5,SUL,-22.919503507059,-47.094512633712,CHOQUE,CHOQUE-VEÍCULO PARADO NA PISTA,NÃO INFORMADO,0,0,0,0,0,AUTOMÓVEL=1|NÃO INFORMADO=1,CAMPINAS,CAMPINAS,CAMPINAS,ESTADUAL
2020-11-24,13:33:00,L01-AUTOBAN,SP330,56.8,NORTE,-23.20692471,-46.89760923,CHOQUE,CHOQUE-BARREIRA DE CONCRETO,NÃO INFORMADO,0,0,0,0,0,AUTOMÓVEL=2|UTILITÁRIO=1,JUNDIAÍ,CAMPINAS,CAMPINAS,ESTADUAL
2020-11-24,15:35:00,L29-VIAPAULISTA,SP330,295.4,SUL,-21.31174469,-47.73713303,CHOQUE,"CHOQUE - DEFENSA, BARREIRA OU ""SUBMARINO""",IMPRUD. CONDUTOR,0,1,0,0,0,MOTO=1,CRAVINHOS,RIBEIRÃO PRETO,RIBEIRÃO PRETO,ESTADUAL
2020-11-24,22:10:00,L06-INTERVIAS,SP330,212.5,NORTE,-21.97915077,-47.45214844,COLISÃO,COLISÃO-TRASEIRA,IMPRUD. CONDUTOR,2,0,0,0,0,CAMINHÃO=2,PIRASSUNUNGA,CAMPINAS,RIO CLARO,ESTADUAL
2020-11-25,05:41:00,L01-AUTOBAN,SPM330D,25.1,NORTE,-23.425564960713,-46.788244215471,TOMBAMENTO,TOMBAMENTO-MOTO,NÃO INFORMADO,0,1,0,0,0,MOTO=1,SÃO PAULO,NÃO INFORMADO,NÃO INFORMADO,NÃO INFORMADO
2020-11-25,05:57:00,L29-VIAPAULISTA,SP330,313.0,SUL,-21.15711975,-47.75663376,TOMBAMENTO,TOMBAMENTO,IMPRUD. CONDUTOR-PERDA DE CONTROLE,0,1,0,0,0,BICICLETA=1,RIBEIRÃO PRETO,RIBEIRÃO PRETO,RIBEIRÃO PRETO,ESTADUAL
2020-11-25,10:09:00,L28-ENTREVIAS,SP330,344.0,NORTE,-20.9056392601,-47.8906401564,COLISÃO,COLISÃO-TRASEIRA,IMPRUD. CONDUTOR-LEVOU FECHADA,2,0,0,0,0,AUTOMÓVEL=2,JARDINÓPOLIS,RIBEIRÃO PRETO,RIBEIRÃO PRETO,ESTADUAL
2020-11-25,14:44:00,L01-AUTOBAN,SP330,125.0,NORTE,-22.728274847666,-47.291845679283,TOMBAMENTO,TOMBAMENTO-MOTO,NÃO INFORMADO,0,1,0,0,0,MOTO=1,AMERICANA,CAMPINAS,RIO CLARO,ESTADUAL
2020-11-25,14:49:00,L01-AUTOBAN,SP330,157.5,NORTE,-22.465009389286,-47.398844361305,TOMBAMENTO,TOMBAMENTO,NÃO INFORMADO,0,0,0,0,0,UTILITÁRIO=1,CORDEIRÓPOLIS,CAMPINAS,RIO CLARO,ESTADUAL
2020-11-25,15:22:00,L06-INTERVIAS,SP330,181.76,NORTE,-22.24896049,-47.38998032,CHOQUE,CHOQUE-OBJETO NA PISTA,OBJETO NA PISTA,3,0,0,0,0,AUTOMÓVEL=1,LEME,CAMPINAS,RIO CLARO,ESTADUAL
2020-11-25,17:19:00,L29-VIAPAULISTA,SP330,311.0,NORTE,-21.17432976,-47.75658417,COLISÃO,COLISÃO-TRASEIRA,TRÁFEGO-CONGESTIONAMENTO,6,1,0,0,0,AUTOMÓVEL=2|CAMINHÃO=1|MOTO=1,RIBEIRÃO PRETO,RIBEIRÃO PRETO,RIBEIRÃO PRETO,ESTADUAL
2020-11-25,19:11:00,L01-AUTOBAN,SP330,30.2,NORTE,-23.404366866867,-46.830443507558,COLISÃO,COLISÃO-TRASEIRA,NÃO INFORMADO,0,1,1,0,0,CARRETA=1|MOTO=1,CAJAMAR,REG. METROPOLITANA SÃO PAULO,SÃO PAULO,ESTADUAL
2020-11-25,21:26:00,L01-AUTOBAN,SP330,18.8,SUL,-23.47540814332,-46.772333978502,COLISÃO,COLISÃO-TRASEIRA,NÃO INFORMADO,0,2,0,0,0,AUTOMÓVEL=1|UTILITÁRIO=1,OSASCO,REG. METROPOLITANA SÃO PAULO,SÃO PAULO,ESTADUAL
2020-11-25,21:36:00,L06-INTERVIAS,SP330,226.0,NORTE,-21.86300087,-47.49169922,COLISÃO,COLISÃO-LATERAL,IMPRUD. CONDUTOR-LEVOU FECHADA,1,0,0,0,0,AUTOMÓVEL=1|CAMINHÃO=1,PORTO FERREIRA,CENTRAL,RIO CLARO,ESTADUAL
2020-11-25,22:55:00,L01-AUTOBAN,SPM330E,95.7,SUL,-22.914229978336,-47.099216379493,COLISÃO,COLISÃO-TRASEIRA,NÃO INFORMADO,1,1,0,0,0,AUTOMÓVEL=1|UTILITÁRIO=1,CAMPINAS,CAMPINAS,CAMPINAS,ESTADUAL
2020-11-25,23:07:00,L06-INTERVIAS,SP330,162.6,NORTE,-22.41978073,-47.39120102,CHOQUE,CHOQUE-OBJETO NA PISTA,OBJETO NA PISTA,2,0,0,0,0,AUTOMÓVEL=2|NÃO INFORMADO=1,ARARAS,CAMPINAS,RIO CLARO,ESTADUAL
2020-11-25,23:58:00,L28-ENTREVIAS,SP330,370.4,NORTE,-20.6716071065,-47.8842552604,COLISÃO,COLISÃO-TRASEIRA,IMPRUD. CONDUTOR-FALTA DE ATENÇÃO,1,0,0,0,1,CAMINHÃO=2,ORLÂNDIA,FRANCA,RIBEIRÃO PRETO,ESTADUAL
2020-11-26,00:49:00,L01-AUTOBAN,SP330,76.3,SUL,-23.058364177399,-46.996068816223,COLISÃO,COLISÃO-TRASEIRA,NÃO INFORMADO,0,0,0,0,0,AUTOMÓVEL=1|CAMINHÃO=1|NÃO INFORMADO=1,VINHEDO,CAMPINAS,CAMPINAS,ESTADUAL
2020-11-26,03:42:00,L28-ENTREVIAS,SP330,357.611,NORTE,-20.7877029476,-47.8904660344,CHOQUE,CHOQUE-OBJETO NA PISTA,OBJETO NA PISTA,1,0,0,0,0,AUTOMÓVEL=1,SALES OLIVEIRA,FRANCA,RIBEIRÃO PRETO,ESTADUAL
2020-11-26,08:31:00,L28-ENTREVIAS,SP330,393.4,NORTE,-20.47839145,-47.841361331,COLISÃO,COLISÃO-LATERAL,IMPRUD. CONDUTOR-LEVOU FECHADA,1,1,0,0,0,AUTOMÓVEL=1|CAMINHÃO=1,GUARÁ,FRANCA,RIBEIRÃO PRETO,ESTADUAL
2020-11-26,11:49:00,L06-INTERVIAS,SP330,193.0,NORTE,-22.14839935,-47.40230179,CHOQUE,CHOQUE-OBJETO NA PISTA,OBJETO NA PISTA,1,0,0,0,0,CAMINHONETE=1,LEME,CAMPINAS,RIO CLARO,ESTADUAL
2020-11-26,13:51:00,L06-INTERVIAS,SP330,186.0,NORTE,-22.21089935,-47.39379883,TOMBAMENTO,TOMBAMENTO,ÓLEO NA PISTA,0,1,0,0,0,MOTO=1,LEME,CAMPINAS,RIO CLARO,ESTADUAL
2020-11-26,18:25:00,L01-AUTOBAN,SP330,72.9,NORTE,-23.083270453726,-46.977380025841,ENGAVETAMENTO,ENGAVETAMENTO,NÃO INFORMADO,0,0,0,0,0,AUTOMÓVEL=3,LOUVEIRA,CAMPINAS,CAMPINAS,ESTADUAL
2020-11-26,19:22:00,L01-AUTOBAN,SP330,21.0,NORTE,-23.460712061888,-46.781405210495,COLISÃO,COLISÃO-LATERAL,NÃO INFORMADO,0,1,0,0,0,AUTOMÓVEL=1|MOTO=1,SÃO PAULO,REG. METROPOLITANA SÃO PAULO,SÃO PAULO,ESTADUAL
2020-11-26,19:51:00,L28-ENTREVIAS,SP330,371.5,NORTE,-20.6629580864,-47.8821932589,CHOQUE,CHOQUE-TALUDE OU BARRANCO,IMPRUD. CONDUTOR-PERDA DE CONTROLE,1,0,0,0,0,AUTOMÓVEL=1,ORLÂNDIA,FRANCA,RIBEIRÃO PRETO,ESTADUAL
2020-11-26,21:39:00,L01-AUTOBAN,SPM330D,87.8,NORTE,-22.967698928639,-47.052410260494,COLISÃO,COLISÃO-LATERAL,NÃO INFORMADO,0,1,0,0,0,AUTOMÓVEL=1|MOTO=1,CAMPINAS,CAMPINAS,CAMPINAS,ESTADUAL
2020-11-26,22:36:00,L28-ENTREVIAS,SP330,419.0,SUL,-20.2509300664,-47.7994542138,CHOQUE,CHOQUE-DEFENSA METÁLICA,IMPRUD. CONDUTOR-DORMIR AO VOLANTE,1,1,0,0,0,AUTOMÓVEL=1,ITUVERAVA,FRANCA,RIBEIRÃO PRETO,ESTADUAL
2020-11-27,07:10:00,L01-AUTOBAN,SPM330E,17.6,SUL,-23.48531155402,-46.769533754961,COLISÃO,COLISÃO-TRASEIRA,NÃO INFORMADO,0,0,0,0,0,AUTOMÓVEL=1|ÔNIBUS=1,OSASCO,REG. METROPOLITANA SÃO PAULO,SÃO PAULO,ESTADUAL
2020-11-27,07:22:00,L01-AUTOBAN,SPM330D,111.5,NORTE,-22.815710122667,-47.20535248518,TOMBAMENTO,TOMBAMENTO-MOTO,NÃO INFORMADO,0,1,0,1,0,MOTO=1,SUMARÉ,CAMPINAS,CAMPINAS,ESTADUAL
2020-11-27,08:24:00,L01-AUTOBAN,SPM330E,104.4,SUL,-22.85508095046,-47.151964199884,COLISÃO,COLISÃO-TRASEIRA,NÃO INFORMADO,0,1,0,0,0,AUTOMÓVEL=1|MOTO=1,CAMPINAS,CAMPINAS,CAMPINAS,ESTADUAL
2020-11-27,10:55:00,L28-ENTREVIAS,SP330,388.0,NORTE,-20.4350319878,-47.8347924625,CHOQUE,CHOQUE-TALUDE OU BARRANCO,IMPRUD. CONDUTOR-LEVOU FECHADA,1,0,0,0,0,AUTOMÓVEL=1,SÃO JOAQUIM DA BARRA,FRANCA,RIBEIRÃO PRETO,ESTADUAL
2020-11-27,11:56:00,L01-AUTOBAN,SP330,157.1,NORTE,-22.468653961794,-47.398895858933,COLISÃO,COLISÃO-TRASEIRA,NÃO INFORMADO,0,1,0,0,0,MOTO=1|NÃO INFORMADO=1,CORDEIRÓPOLIS,CAMPINAS,RIO CLARO,ESTADUAL
2020-11-27,13:45:00,L01-AUTOBAN,SP330,104.0,NORTE,-22.856805,-47.148633,ENGAVETAMENTO,ENGAVETAMENTO,NÃO INFORMADO,0,2,0,0,0,AUTOMÓVEL=2|CARRETA=1,CAMPINAS,CAMPINAS,CAMPINAS,ESTADUAL
2020-11-27,13:48:00,L01-AUTOBAN,SP330,137.0,SUL,-22.630935704758,-47.336708307266,COLISÃO,COLISÃO-LATERAL,NÃO INFORMADO,0,0,0,0,0,AUTOMÓVEL=1|CAMINHÃO=1,LIMEIRA,CAMPINAS,RIO CLARO,ESTADUAL
2020-11-27,14:21:00,L01-AUTOBAN,SP330,148.2,SUL,-22.544002036218,-47.377205693051,COLISÃO,COLISÃO-TRASEIRA,NÃO INFORMADO,0,0,0,0,0,AUTOMÓVEL=1|CAMINHÃO=1,LIMEIRA,CAMPINAS,RIO CLARO,ESTADUAL
2020-11-27,14:23:00,L06-INTERVIAS,SP330,220.0,SUL,-21.91460037,-47.47439957,OBJETO LANÇADO CONTRA O VEÍCULO,OBJETO LANÇADO CONTRA VEÍCULO,ROÇADA MECÂNICA/MANUAL,1,0,0,0,0,CAMINHÃO=1,PORTO FERREIRA,CENTRAL,RIO CLARO,ESTADUAL
2020-11-27,15:05:00,L01-AUTOBAN,SP330,28.5,NORTE,-23.410117373066,-46.815842092037,TOMBAMENTO,TOMBAMENTO-MOTO,NÃO INFORMADO,0,0,1,0,0,MOTO=1,SÃO PAULO,REG. METROPOLITANA SÃO PAULO,SÃO PAULO,ESTADUAL
2020-11-27,17:24:00,L01-AUTOBAN,SP330,98.0,SUL,-22.896245165998,-47.110952138901,CHOQUE,CHOQUE-BARREIRA DE CONCRETO,NÃO INFORMADO,0,0,0,0,0,AUTOMÓVEL=1,CAMPINAS,CAMPINAS,CAMPINAS,ESTADUAL
2020-11-27,17:58:00,L01-AUTOBAN,SP330,49.6,NORTE,-23.260337502933,-46.867364645332,COLISÃO,COLISÃO-LATERAL,NÃO INFORMADO,0,2,0,0,0,AUTOMÓVEL=1|CARRETA=1,JUNDIAÍ,CAMPINAS,CAMPINAS,ESTADUAL
2020-11-27,18:23:00,L01-AUTOBAN,SPM330D,19.3,NORTE,-23.472282191689,-46.774498517514,COLISÃO,COLISÃO-LATERAL,NÃO INFORMADO,0,0,1,0,0,AUTOMÓVEL=1|MOTO=1,OSASCO,REG. METROPOLITANA SÃO PAULO,SÃO PAULO,ESTADUAL
2020-11-27,20:26:00,L01-AUTOBAN,SPM330D,111.0,NORTE,-22.817707777076,-47.201734185219,CHOQUE,CHOQUE-VEÍCULO PARADO NA PISTA,NÃO INFORMADO,0,0,0,0,0,AUTOMÓVEL=2,SUMARÉ,CAMPINAS,CAMPINAS,ESTADUAL
2020-11-27,20:53:00,L01-AUTOBAN,SPM330D,119.1,NORTE,-22.762560300784,-47.248465004211,CHOQUE,CHOQUE-VEÍCULO PARADO NA PISTA,NÃO INFORMADO,0,0,0,0,0,NÃO INFORMADO=1|UTILITÁRIO=1,NOVA ODESSA,NÃO INFORMADO,NÃO INFORMADO,NÃO INFORMADO
2020-11-27,23:12:00,L01-AUTOBAN,SP330,116.8,NORTE,-22.776516785725,-47.234002245386,CHOQUE,CHOQUE-OBJETO NA PISTA,NÃO INFORMADO,0,1,0,0,0,MOTO=1,NOVA ODESSA,CAMPINAS,RIO CLARO,ESTADUAL
2020-11-28,01:38:00,L01-AUTOBAN,SP330,60.25,SUL,-23.179702084885,-46.913367211819,COLISÃO,COLISÃO-TRASEIRA,NÃO INFORMADO,0,0,0,0,0,AUTOMÓVEL=1,JUNDIAÍ,CAMPINAS,CAMPINAS,ESTADUAL
2020-11-28,04:03:00,L29-VIAPAULISTA,SP330,290.2,SUL,-21.35581398,-47.72358322,ATROPELAMENTO DE ANIMAL,ATROP. ANIMAL,ANIMAL NA RODOVIA,1,0,0,0,0,AUTOMÓVEL=1,CRAVINHOS,RIBEIRÃO PRETO,RIBEIRÃO PRETO,ESTADUAL
2020-11-28,05:09:00,L29-VIAPAULISTA,SP330,317.4,SUL,-21.12151909,-47.77404785,CHOQUE,CHOQUE-SINALIZAÇÃO,IMPRUD. CONDUTOR-DORMIR AO VOLANTE,3,0,0,0,0,AUTOMÓVEL=1,RIBEIRÃO PRETO,RIBEIRÃO PRETO,RIBEIRÃO PRETO,ESTADUAL
2020-11-28,06:15:00,L01-AUTOBAN,SPM330D,108.5,NORTE,-22.829979737484,-47.180523276329,COLISÃO,COLISÃO-TRASEIRA,NÃO INFORMADO,0,1,0,0,0,MOTO=1|NÃO INFORMADO=1,SUMARÉ,CAMPINAS,CAMPINAS,ESTADUAL
2020-11-28,08:02:00,L01-AUTOBAN,SPM330E,112.9,SUL,-22.807935850949,-47.215714942358,CHOQUE,CHOQUE-ELEMENTO DE DRENAGEM,NÃO INFORMADO,0,0,0,0,0,AUTOMÓVEL=1,SUMARÉ,CAMPINAS,CAMPINAS,ESTADUAL
2020-11-28,10:44:00,L01-AUTOBAN,SP330,109.3,SUL,-22.826152227121,-47.186731931693,COLISÃO,COLISÃO-LATERAL,NÃO INFORMADO,0,0,0,0,0,AUTOMÓVEL=2,SUMARÉ,CAMPINAS,CAMPINAS,ESTADUAL
2020-11-28,12:46:00,L29-VIAPAULISTA,SP330,281.0,SUL,-21.41457558,-47.66422272,CHOQUE,CHOQUE-VEÍCULO PARADO NA PISTA,IMPRUD. CONDUTOR,1,1,0,0,0,AUTOMÓVEL=1|CAMINHONETE=1,SÃO SIMÃO,RIBEIRÃO PRETO,RIBEIRÃO PRETO,ESTADUAL
2020-11-28,14:08:00,L28-ENTREVIAS,SP330,350.0,SUL,-20.8508397261,-47.8957550462,CHOQUE,CHOQUE-VEÍCULO PARADO NA PISTA,PANE MECÂNICA/ELÉTRICA,2,0,0,0,0,AUTOMÓVEL=2,SALES OLIVEIRA,FRANCA,RIBEIRÃO PRETO,ESTADUAL
2020-11-28,14:38:00,L01-AUTOBAN,SPM330E,59.0,SUL,-23.189008521881,-46.906793117523,COLISÃO,COLISÃO-FRONTAL,NÃO INFORMADO,0,1,0,0,0,AUTOMÓVEL=1|MOTO=1,JUNDIAÍ,CAMPINAS,CAMPINAS,ESTADUAL
2020-11-29,00:08:00,L01-AUTOBAN,SP330,35.45,SUL,-23.365275335805,-46.846799812328,COLISÃO,COLISÃO-LATERAL,NÃO INFORMADO,0,0,0,0,0,AUTOMÓVEL=1|CAMINHÃO=1,CAJAMAR,REG. METROPOLITANA SÃO PAULO,SÃO PAULO,ESTADUAL
2020-11-29,00:23:00,L28-ENTREVIAS,SP330,320.0,NORTE,-21.0980436559,-47.7906422935,COLISÃO,COLISÃO-TRASEIRA,IMPRUD. CONDUTOR-DIST. INADEQUADA ENTRE VEÍC.,1,1,0,0,0,AUTOMÓVEL=1|CAMINHÃO=1,RIBEIRÃO PRETO,RIBEIRÃO PRETO,RIBEIRÃO PRETO,ESTADUAL
2020-11-29,03:29:00,L28-ENTREVIAS,SP330,370.96,SUL,-20.6715428359,-47.8844511855,CHOQUE,CHOQUE-DEFENSA METÁLICA,IMPRUD. CONDUTOR-FALTA DE ATENÇÃO,1,0,0,0,0,AUTOMÓVEL=1,ORLÂNDIA,FRANCA,RIBEIRÃO PRETO,ESTADUAL
2020-11-29,03:43:00,L01-AUTOBAN,SP330,94.42,SUL,-22.922797794298,-47.090102886295,CHOQUE,CHOQUE-BARREIRA DE CONCRETO,NÃO INFORMADO,0,0,0,0,0,AUTOMÓVEL=1,CAMPINAS,CAMPINAS,CAMPINAS,ESTADUAL
2020-11-29,04:35:00,L01-AUTOBAN,SP330,114.5,SUL,-22.796637072115,-47.22416549921,CHOQUE,CHOQUE-BARREIRA DE CONCRETO,NÃO INFORMADO,0,1,0,0,0,AUTOMÓVEL=1,SUMARÉ,CAMPINAS,CAMPINAS,ESTADUAL
2020-11-29,08:59:00,L01-AUTOBAN,SP330,19.7,SUL,-23.470347418358,-46.777133529333,CHOQUE,CHOQUE-BARREIRA DE CONCRETO,NÃO INFORMADO,0,1,0,0,0,AUTOMÓVEL=1,OSASCO,REG. METROPOLITANA SÃO PAULO,SÃO PAULO,ESTADUAL
2020-11-29,09:52:00,L01-AUTOBAN,SP330,61.0,SUL,-23.175304483475,-46.918702125549,COLISÃO,COLISÃO-LATERAL,NÃO INFORMADO,0,0,1,0,0,AUTOMÓVEL=1|MOTO=1,JUNDIAÍ,CAMPINAS,CAMPINAS,ESTADUAL
2020-11-29,14:57:00,L01-AUTOBAN,SP330,129.5,NORTE,-22.692420381688,-47.309998869896,COLISÃO,COLISÃO-LATERAL,NÃO INFORMADO,0,1,0,0,0,AUTOMÓVEL=1|CAMINHÃO=1,AMERICANA,CAMPINAS,RIO CLARO,ESTADUAL
2020-11-29,16:23:00,L01-AUTOBAN,SP330,125.0,SUL,-22.728537083875,-47.292033433914,COLISÃO,COLISÃO-LATERAL,NÃO INFORMADO,0,0,0,0,0,AUTOMÓVEL=1|CAMINHÃO=1,AMERICANA,CAMPINAS,RIO CLARO,ESTADUAL
2020-11-29,17:48:00,L01-AUTOBAN,SPM330D,109.6,NORTE,-22.824552919934,-47.18903874038,COLISÃO,COLISÃO-LATERAL,NÃO INFORMADO,0,5,0,0,0,AUTOMÓVEL=2,SUMARÉ,CAMPINAS,CAMPINAS,ESTADUAL
2020-11-29,22:17:00,L01-AUTOBAN,SP330,125.0,SUL,-22.728537083875,-47.292033433914,TOMBAMENTO,TOMBAMENTO-MOTO,NÃO INFORMADO,2,0,0,0,0,MOTO=1,AMERICANA,CAMPINAS,RIO CLARO,ESTADUAL
2020-11-29,23:17:00,L06-INTERVIAS,SP330,194.5,NORTE,-22.13595009,-47.40784836,ATROPELAMENTO DE ANIMAL,ATROP. ANIMAL,ANIMAL NA RODOVIA,2,0,0,0,0,AUTOMÓVEL=1,LEME,CAMPINAS,RIO CLARO,ESTADUAL
2020-11-30,01:25:00,L01-AUTOBAN,SPM330E,105.0,SUL,-22.852088298342,-47.156785726547,COLISÃO,COLISÃO-LATERAL,NÃO INFORMADO,0,0,0,0,0,NÃO INFORMADO=1|VIATURA CONCESSIONÁRIA=1,CAMPINAS,CAMPINAS,CAMPINAS,ESTADUAL
2020-11-30,01:47:00,L01-AUTOBAN,SP330,25.3,NORTE,-23.42444089286,-46.789648633019,CHOQUE,CHOQUE-VEÍCULO PARADO NA PISTA,NÃO INFORMADO,0,0,0,0,0,AUTOMÓVEL=2,SÃO PAULO,REG. METROPOLITANA SÃO PAULO,SÃO PAULO,ESTADUAL
2020-11-30,06:13:00,L01-AUTOBAN,SP330,23.46,SUL,-23.439920183379,-46.786762762649,COLISÃO,COLISÃO-LATERAL,NÃO INFORMADO,0,1,0,0,0,AUTOMÓVEL=1|NÃO INFORMADO=1,SÃO PAULO,REG. METROPOLITANA SÃO PAULO,SÃO PAULO,ESTADUAL
2020-11-30,06:21:00,L01-AUTOBAN,SP330,98.0,NORTE,-22.895874533463,-47.110748291016,CHOQUE,CHOQUE-OBJETO NA PISTA,NÃO INFORMADO,0,0,0,0,0,MOTO=1,CAMPINAS,CAMPINAS,CAMPINAS,ESTADUAL
2020-11-30,07:15:00,L01-AUTOBAN,SP330,60.3,NORTE,-23.179288591387,-46.913521701815,COLISÃO,COLISÃO-TRASEIRA,NÃO INFORMADO,0,1,0,0,0,AUTOMÓVEL=1|MOTO=1,JUNDIAÍ,CAMPINAS,CAMPINAS,ESTADUAL
2020-11-30,08:27:00,L01-AUTOBAN,SP330,61.0,SUL,-23.175304483475,-46.918702125549,COLISÃO,COLISÃO-LATERAL,NÃO INFORMADO,0,0,0,0,0,AUTOMÓVEL=1|MOTO=1,JUNDIAÍ,CAMPINAS,CAMPINAS,ESTADUAL
2020-11-30,09:28:00,L28-ENTREVIAS,SP330,369.4,NORTE,-20.6808778205,-47.8864503789,COLISÃO,COLISÃO-TRASEIRA,IMPRUD. CONDUTOR-DIST. INADEQUADA ENTRE VEÍC.,1,1,0,0,0,AUTOMÓVEL=1|NÃO INFORMADO=1,ORLÂNDIA,FRANCA,RIBEIRÃO PRETO,ESTADUAL
2020-11-30,10:06:00,L01-AUTOBAN,SP330,110.7,SUL,-22.819580781515,-47.198972018168,ENGAVETAMENTO,ENGAVETAMENTO,NÃO INFORMADO,0,0,0,0,0,AUTOMÓVEL=2|NÃO INFORMADO=1,SUMARÉ,CAMPINAS,CAMPINAS,ESTADUAL
2020-11-30,11:09:00,L29-VIAPAULISTA,SP330,307.5,NORTE,-21.20587158,-47.75823975,TOMBAMENTO,TOMBAMENTO,IMPRUD. CONDUTOR-DORMIR AO VOLANTE,0,1,0,0,0,MOTO=1,RIBEIRÃO PRETO,RIBEIRÃO PRETO,RIBEIRÃO PRETO,ESTADUAL
2020-11-30,13:26:00,L01-AUTOBAN,SP330,40.9,NORTE,-23.323867669058,-46.846146238404,COLISÃO,COLISÃO-LATERAL,NÃO INFORMADO,2,1,0,0,0,AUTOMÓVEL=1|CAMINHÃO=1,CAJAMAR,REG. METROPOLITANA SÃO PAULO,SÃO PAULO,ESTADUAL
2020-11-30,16:56:00,L29-VIAPAULISTA,SP330,310.0,SUL,-21.18328476,-47.75718689,ENGAVETAMENTO,ENGAVETAMENTO,IMPRUD. CONDUTOR-DIST. INADEQUADA ENTRE VEÍC.,4,0,0,0,0,AUTOMÓVEL=1|CAMINHONETE=2,RIBEIRÃO PRETO,RIBEIRÃO PRETO,RIBEIRÃO PRETO,ESTADUAL
2020-11-30,17:53:00,L29-VIAPAULISTA,SP330,317.7,SUL,-21.11929131,-47.77564621,COLISÃO,COLISÃO-LATERAL,DESNÍVEL NO ACOSTAMENTO,1,1,0,0,0,AUTOMÓVEL=1|CAMINHÃO=1,RIBEIRÃO PRETO,RIBEIRÃO PRETO,RIBEIRÃO PRETO,ESTADUAL
2020-11-30,19:01:00,L01-AUTOBAN,SP330,21.6,NORTE,-23.456097048995,-46.78445649341,COLISÃO,COLISÃO-TRASEIRA,NÃO INFORMADO,0,0,0,1,0,AUTOMÓVEL=1|MOTO=1,SÃO PAULO,REG. METROPOLITANA SÃO PAULO,SÃO PAULO,ESTADUAL
2020-11-30,19:31:00,L01-AUTOBAN,SP330,22.0,NORTE,-23.453020378623,-46.786490678787,TOMBAMENTO,TOMBAMENTO-MOTO,NÃO INFORMADO,0,1,0,0,0,MOTO=1,SÃO PAULO,REG. METROPOLITANA SÃO PAULO,SÃO PAULO,ESTADUAL
2020-11-30,19:35:00,L01-AUTOBAN,SPM330E,112.66,SUL,-22.809511867797,-47.214005210262,COLISÃO,COLISÃO-TRASEIRA,NÃO INFORMADO,0,4,0,0,0,AUTOMÓVEL=1|VIATURA CONCESSIONÁRIA=1,SUMARÉ,CAMPINAS,CAMPINAS,ESTADUAL
2020-11-30,19:52:00,L01-AUTOBAN,SPM330E,25.4,SUL,-23.424310140949,-46.790317746736,COLISÃO,COLISÃO-LATERAL,NÃO INFORMADO,0,0,0,0,0,AUTOMÓVEL=1|CARRETA=1,SÃO PAULO,NÃO INFORMADO,NÃO INFORMADO,NÃO INFORMADO
2020-11-30,20:34:00,L28-ENTREVIAS,SP330,319.0,SUL,-21.1047282399,-47.7860724281,ATROPELAMENTO DE PEDESTRE,ATROP. PEDESTRE-CICLISTA,CICLISTA NA RODOVIA,0,0,0,1,0,BICICLETA=1|NÃO INFORMADO=1,RIBEIRÃO PRETO,RIBEIRÃO PRETO,RIBEIRÃO PRETO,ESTADUAL
2020-11-30,20:45:00,L01-AUTOBAN,SP330,35.8,SUL,-23.362232170969,-46.847945326092,COLISÃO,COLISÃO-TRASEIRA,NÃO INFORMADO,0,3,0,0,0,AUTOMÓVEL=2,CAJAMAR,REG. METROPOLITANA SÃO PAULO,SÃO PAULO,ESTADUAL
2020-11-30,21:06:00,L29-VIAPAULISTA,SP330,293.6,NORTE,-21.32231712,-47.73197556,CHOQUE,"CHOQUE - DEFENSA, BARREIRA OU ""SUBMARINO""",IMPRUD. CONDUTOR,2,0,0,0,0,AUTOMÓVEL=1,CRAVINHOS,RIBEIRÃO PRETO,RIBEIRÃO PRETO,ESTADUAL
2020-11-30,21:31:00,L01-AUTOBAN,SP330,113.5,SUL,-22.80405002307,-47.219222187996,CHOQUE,CHOQUE-BARREIRA DE CONCRETO,NÃO INFORMADO,0,1,1,0,0,AUTOMÓVEL=1|CARRETA=1,SUMARÉ,CAMPINAS,CAMPINAS,ESTADUAL
2020-11-30,21:49:00,L01-AUTOBAN,SP330,128.7,SUL,-22.699150619593,-47.30774096829,COLISÃO,COLISÃO-FRONTAL,NÃO INFORMADO,1,1,0,0,0,AUTOMÓVEL=1|CAMINHÃO=1,AMERICANA,CAMPINAS,RIO CLARO,ESTADUAL
2020-12-01,02:57:00,L01-AUTOBAN,SPM330E,98.7,SUL,-22.890454259886,-47.112728289967,CHOQUE,CHOQUE-MEIO FIO/CALÇAMENTO,NÃO INFORMADO,0,0,0,0,0,AUTOMÓVEL=1,CAMPINAS,CAMPINAS,CAMPINAS,ESTADUAL
2020-12-01,03:04:00,L06-INTERVIAS,SP330,183.9,SUL,-22.22961044,-47.39154816,COLISÃO,COLISÃO-TRASEIRA,NÃO INFORMADO,0,1,0,1,0,CAMINHÃO=2,LEME,CAMPINAS,RIO CLARO,ESTADUAL
2020-12-01,04:36:00,L28-ENTREVIAS,SP330,405.0,SUL,-20.3734600004,-47.8145235037,COLISÃO,COLISÃO-TRASEIRA,IMPRUD. CONDUTOR-FALTA DE ATENÇÃO,2,0,0,0,0,AUTOMÓVEL=2,ITUVERAVA,FRANCA,RIBEIRÃO PRETO,ESTADUAL
2020-12-01,06:20:00,L01-AUTOBAN,SP330,23.5,SUL,-23.439542775109,-46.786737442017,COLISÃO,COLISÃO-TRASEIRA,NÃO INFORMADO,0,0,1,0,0,MOTO=1|NÃO INFORMADO=1|ÔNIBUS=1,SÃO PAULO,REG. METROPOLITANA SÃO PAULO,SÃO PAULO,ESTADUAL
2020-12-01,07:41:00,L01-AUTOBAN,SPM330E,102.0,SUL,-22.868355,-47.132428,COLISÃO,COLISÃO-TRASEIRA,NÃO INFORMADO,0,0,0,0,0,AUTOMÓVEL=1|MOTO=1,CAMPINAS,CAMPINAS,CAMPINAS,ESTADUAL
2020-12-01,09:01:00,L01-AUTOBAN,SP330,22.1,SUL,-23.452157651827,-46.786687016643,COLISÃO,COLISÃO-TRASEIRA,NÃO INFORMADO,0,0,0,0,0,AUTOMÓVEL=1|NÃO INFORMADO=1,SÃO PAULO,REG. METROPOLITANA SÃO PAULO,SÃO PAULO,ESTADUAL
2020-12-01,09:02:00,L01-AUTOBAN,SP330,120.37,SUL,-22.754435617363,-47.257322021142,COLISÃO,COLISÃO-TRASEIRA,NÃO INFORMADO,1,0,0,0,0,AUTOMÓVEL=1|MOTO=1,AMERICANA,CAMPINAS,RIO CLARO,ESTADUAL
2020-12-01,09:57:00,L01-AUTOBAN,SP330,69.9,SUL,-23.10674348607,-46.962258525477,TOMBAMENTO,TOMBAMENTO-MOTO,NÃO INFORMADO,0,1,0,0,0,MOTO=1,LOUVEIRA,CAMPINAS,CAMPINAS,ESTADUAL
2020-12-01,12:52:00,L01-AUTOBAN,SP330,123.8,SUL,-22.735073999347,-47.284009366222,COLISÃO,COLISÃO-LATERAL,NÃO INFORMADO,0,0,0,0,0,AUTOMÓVEL=1|CAMINHÃO=1,AMERICANA,CAMPINAS,RIO CLARO,ESTADUAL
2020-12-01,13:35:00,L06-INTERVIAS,SP330,187.0,SUL,-22.20199966,-47.39590073,OBJETO LANÇADO CONTRA O VEÍCULO,OBJETO LANÇADO CONTRA VEÍCULO,ROÇADA MECÂNICA/MANUAL,1,0,0,0,0,CAMINHONETE=1,LEME,CAMPINAS,RIO CLARO,ESTADUAL
2020-12-01,14:00:00,L01-AUTOBAN,SP330,124.0,SUL,-22.734177514591,-47.285896539688,CHOQUE,CHOQUE-BARREIRA DE CONCRETO,NÃO INFORMADO,0,0,0,0,0,VAN/PERUA=1,AMERICANA,CAMPINAS,RIO CLARO,ESTADUAL
2020-12-01,16:06:00,L29-VIAPAULISTA,SP330,284.0,SUL,-21.3963623,-47.68487167,CHOQUE,"CHOQUE - DEFENSA, BARREIRA OU ""SUBMARINO""",IMPRUD. CONDUTOR-LEVOU FECHADA,1,0,0,0,0,CAMINHÃO=1,SÃO SIMÃO,RIBEIRÃO PRETO,RIBEIRÃO PRETO,ESTADUAL
2020-12-01,18:58:00,L01-AUTOBAN,SP330,103.56,NORTE,-22.85917754104,-47.144501852097,ENGAVETAMENTO,ENGAVETAMENTO,NÃO INFORMADO,2,5,0,0,0,AUTOMÓVEL=4,CAMPINAS,CAMPINAS,CAMPINAS,ESTADUAL
2020-12-01,19:09:00,L01-AUTOBAN,SP330,42.38,NORTE,-23.314549993229,-46.854763416727,ATROPELAMENTO DE PEDESTRE,ATROP. PEDESTRE-USUÁRIO,NÃO INFORMADO,0,0,0,0,1,AUTOMÓVEL=1|NÃO SE APLICA=1,CAJAMAR,REG. METROPOLITANA SÃO PAULO,SÃO PAULO,ESTADUAL
2020-12-01,19:21:00,L01-AUTOBAN,SP330,140.7,SUL,-22.606835944917,-47.36063904951,TOMBAMENTO,TOMBAMENTO-MOTO,NÃO INFORMADO,0,1,1,0,0,MOTO=1,LIMEIRA,CAMPINAS,RIO CLARO,ESTADUAL
2020-12-01,22:20:00,L01-AUTOBAN,SP330,106.26,SUL,-22.844982072319,-47.165992369373,CAPOTAMENTO,CAPOTAMENTO,NÃO INFORMADO,0,0,0,0,0,AUTOMÓVEL=1,SUMARÉ,CAMPINAS,CAMPINAS,ESTADUAL
2020-12-01,22:26:00,L29-VIAPAULISTA,SP330,315.0,NORTE,-21.13908958,-47.76198959,CHOQUE,CHOQUE-ELEMENTO DE DRENAGEM,IMPRUD. CONDUTOR-PERDA DE CONTROLE,0,1,0,0,0,MOTO=1,RIBEIRÃO PRETO,RIBEIRÃO PRETO,RIBEIRÃO PRETO,ESTADUAL
2020-12-02,01:12:00,L01-AUTOBAN,SP330,49.6,SUL,-23.260301034239,-46.867545962596,ATROPELAMENTO DE ANIMAL,ATROP. ANIMAL,NÃO INFORMADO,0,0,0,0,0,VAN/PERUA=1,JUNDIAÍ,CAMPINAS,CAMPINAS,ESTADUAL
2020-12-02,01:19:00,L01-AUTOBAN,SP330,94.5,NORTE,-22.922144907447,-47.090599536896,COLISÃO,COLISÃO-TRASEIRA,NÃO INFORMADO,0,1,0,0,0,AUTOMÓVEL=1|UTILITÁRIO=1,CAMPINAS,CAMPINAS,CAMPINAS,ESTADUAL
2020-12-02,04:10:00,L06-INTERVIAS,SP330,226.8,SUL,-21.85611916,-47.49431992,COLISÃO,COLISÃO-TRASEIRA,NÃO INFORMADO,2,0,0,0,0,CAMINHÃO=2,PORTO FERREIRA,CENTRAL,RIO CLARO,ESTADUAL
2020-12-02,06:20:00,L29-VIAPAULISTA,SP330,307.5,NORTE,-21.20587158,-47.75823975,CHOQUE,"CHOQUE - DEFENSA, BARREIRA OU ""SUBMARINO""",IMPRUD. CONDUTOR-PERDA DE CONTROLE,1,2,0,0,0,AUTOMÓVEL=1,RIBEIRÃO PRETO,RIBEIRÃO PRETO,RIBEIRÃO PRETO,ESTADUAL
2020-12-02,07:01:00,L01-AUTOBAN,SPM330E,92.8,SUL,-22.93091724449,-47.077497872741,CHOQUE,CHOQUE-TALUDE OU BARRANCO,NÃO INFORMADO,0,0,0,0,0,AUTOMÓVEL=1,CAMPINAS,CAMPINAS,CAMPINAS,ESTADUAL
2020-12-02,07:29:00,L01-AUTOBAN,SP330,97.9,SUL,-22.897058542958,-47.110641543836,CHOQUE,CHOQUE-BARREIRA DE CONCRETO,NÃO INFORMADO,0,0,0,0,0,AUTOMÓVEL=1,CAMPINAS,CAMPINAS,CAMPINAS,ESTADUAL
2020-12-02,07:58:00,L29-VIAPAULISTA,SP330,309.8,NORTE,-21.18514061,-47.75715256,CHOQUE,"CHOQUE - DEFENSA, BARREIRA OU ""SUBMARINO""",IMPRUD. CONDUTOR-PERDA DE CONTROLE,1,0,0,0,0,CAMINHÃO=1,RIBEIRÃO PRETO,RIBEIRÃO PRETO,RIBEIRÃO PRETO,ESTADUAL
2020-12-02,08:27:00,L29-VIAPAULISTA,SP330,312.2,NORTE,-21.16351318,-47.75613785,COLISÃO,COLISÃO-TRASEIRA,IMPRUD. CONDUTOR-DIST. INADEQUADA ENTRE VEÍC.,2,0,0,0,0,AUTOMÓVEL=2,RIBEIRÃO PRETO,RIBEIRÃO PRETO,RIBEIRÃO PRETO,ESTADUAL
2020-12-02,09:08:00,L01-AUTOBAN,SP330,13.5,SUL,-23.50766933734,-46.745039820671,COLISÃO,COLISÃO-TRASEIRA,NÃO INFORMADO,0,2,0,0,0,MOTO=1|NÃO INFORMADO=1,SÃO PAULO,REG. METROPOLITANA SÃO PAULO,SÃO PAULO,ESTADUAL
2020-12-02,09:22:00,L01-AUTOBAN,SP330,102.2,SUL,-22.867189017792,-47.133833178558,COLISÃO,COLISÃO-LATERAL,NÃO INFORMADO,0,1,0,0,0,AUTOMÓVEL=1|NÃO INFORMADO=1,CAMPINAS,CAMPINAS,CAMPINAS,ESTADUAL
2020-12-02,09:54:00,L01-AUTOBAN,SPM330E,98.7,SUL,-22.890454259886,-47.112728289967,ENGAVETAMENTO,ENGAVETAMENTO,NÃO INFORMADO,0,0,0,0,0,AUTOMÓVEL=2|NÃO INFORMADO=1,CAMPINAS,CAMPINAS,CAMPINAS,ESTADUAL
2020-12-02,10:15:00,L06-INTERVIAS,SP330,210.0,NORTE,-22.0007,-47.44480133,CHOQUE,CHOQUE-OBJETO NA PISTA,OBJETO NA PISTA,1,0,0,0,0,CAMINHÃO=1,PIRASSUNUNGA,CAMPINAS,RIO CLARO,ESTADUAL
2020-12-02,11:38:00,L01-AUTOBAN,SP330,13.7,SUL,-23.507476504601,-46.74703752804,ATROPELAMENTO DE PEDESTRE,ATROP. PEDESTRE-MORADOR/TRABALHADOR/ESTUDANTE,NÃO INFORMADO,0,0,1,0,0,CAMINHÃO=1|NÃO SE APLICA=1,SÃO PAULO,REG. METROPOLITANA SÃO PAULO,SÃO PAULO,ESTADUAL
2020-12-02,16:15:00,L01-AUTOBAN,SP330,11.5,NORTE,-23.510224803517,-46.729037632504,ENGAVETAMENTO,ENGAVETAMENTO,NÃO INFORMADO,0,0,0,0,0,AUTOMÓVEL=3,SÃO PAULO,REG. METROPOLITANA SÃO PAULO,SÃO PAULO,ESTADUAL
2020-12-02,17:27:00,L29-VIAPAULISTA,SP330,312.7,SUL,-21.15981865,-47.75641632,ENGAVETAMENTO,ENGAVETAMENTO,IMPRUD. CONDUTOR,7,0,0,0,0,AUTOMÓVEL=1|CAMINHONETE=1|CAMINHÃO=1,RIBEIRÃO PRETO,RIBEIRÃO PRETO,RIBEIRÃO PRETO,ESTADUAL
2020-12-02,18:40:00,L29-VIAPAULISTA,SP330,311.8,NORTE,-21.16711998,-47.75621414,COLISÃO,COLISÃO-TRASEIRA,IMPRUD. CONDUTOR,2,0,0,0,0,AUTOMÓVEL=1|CAMINHONETE=1,RIBEIRÃO PRETO,RIBEIRÃO PRETO,RIBEIRÃO PRETO,ESTADUAL
2020-12-02,20:40:00,L01-AUTOBAN,SP330,35.0,SUL,-23.369188,-46.845327,CHOQUE,CHOQUE-BARREIRA DE CONCRETO,NÃO INFORMADO,0,0,0,0,0,CAMINHÃO=1,CAJAMAR,REG. METROPOLITANA SÃO PAULO,SÃO PAULO,ESTADUAL
2020-12-03,02:44:00,L01-AUTOBAN,SP330,128.7,SUL,-22.699150619593,-47.30774096829,COLISÃO,COLISÃO-TRASEIRA,NÃO INFORMADO,0,0,0,0,0,CAMINHÃO=1|CARRETA=1,AMERICANA,CAMPINAS,RIO CLARO,ESTADUAL
2020-12-03,02:58:00,L01-AUTOBAN,SP330,133.4,NORTE,-22.659798661239,-47.320307614614,ENGAVETAMENTO,ENGAVETAMENTO,NÃO INFORMADO,0,1,0,0,0,CAMINHÃO=2|UTILITÁRIO=1,LIMEIRA,CAMPINAS,RIO CLARO,ESTADUAL
2020-12-03,06:49:00,L29-VIAPAULISTA,SP330,297.1,NORTE,-21.29670525,-47.74396896,COLISÃO,COLISÃO-TRASEIRA,IMPRUD. CONDUTOR,1,1,0,0,0,AUTOMÓVEL=1|MOTO=1,CRAVINHOS,RIBEIRÃO PRETO,RIBEIRÃO PRETO,ESTADUAL
2020-12-03,07:22:00,L01-AUTOBAN,SP330,24.5,SUL,-23.430702639857,-46.787016470676,COLISÃO,COLISÃO-TRASEIRA,NÃO INFORMADO,0,1,0,0,0,AUTOMÓVEL=1|MOTO=1,SÃO PAULO,REG. METROPOLITANA SÃO PAULO,SÃO PAULO,ESTADUAL
2020-12-03,07:38:00,L01-AUTOBAN,SP330,101.76,SUL,-22.869731254733,-47.130616056474,COLISÃO,COLISÃO-TRASEIRA,NÃO INFORMADO,0,0,0,0,0,AUTOMÓVEL=1|MOTO=1,CAMPINAS,CAMPINAS,CAMPINAS,ESTADUAL
2020-12-03,08:54:00,L01-AUTOBAN,SP330,105.0,NORTE,-22.8517126019,-47.156737446785,CHOQUE,CHOQUE-VEÍCULO PARADO NA PISTA,NÃO INFORMADO,0,0,0,0,0,NÃO INFORMADO=1|VAN/PERUA=1,CAMPINAS,CAMPINAS,CAMPINAS,ESTADUAL
2020-12-03,10:04:00,L01-AUTOBAN,SP330,115.0,SUL,-22.792453279527,-47.226313948631,TOMBAMENTO,TOMBAMENTO-MOTO,NÃO INFORMADO,0,2,0,0,0,MOTO=1,SUMARÉ,CAMPINAS,CAMPINAS,ESTADUAL
2020-12-03,10:19:00,L01-AUTOBAN,SP330,60.92,SUL,-23.175773571695,-46.91813305506,COLISÃO,COLISÃO-TRASEIRA,NÃO INFORMADO,0,0,0,0,0,AUTOMÓVEL=2,JUNDIAÍ,CAMPINAS,CAMPINAS,ESTADUAL
2020-12-03,10:26:00,L01-AUTOBAN,SP330,26.5,SUL,-23.418540071384,-46.79876178503,COLISÃO,COLISÃO-LATERAL,NÃO INFORMADO,0,0,0,0,0,AUTOMÓVEL=2,SÃO PAULO,REG. METROPOLITANA SÃO PAULO,SÃO PAULO,ESTADUAL
2020-12-03,11:18:00,L29-VIAPAULISTA,SP330,315.342,NORTE,-21.13636017,-47.76352692,TOMBAMENTO,TOMBAMENTO,IMPRUD. CONDUTOR-LEVOU FECHADA,0,1,0,0,0,MOTO=1,RIBEIRÃO PRETO,RIBEIRÃO PRETO,RIBEIRÃO PRETO,ESTADUAL
2020-12-03,11:29:00,L01-AUTOBAN,SP330,59.0,SUL,-23.189008521881,-46.906793117523,ENGAVETAMENTO,ENGAVETAMENTO,NÃO INFORMADO,0,0,0,0,0,AUTOMÓVEL=1|NÃO INFORMADO=2,JUNDIAÍ,CAMPINAS,CAMPINAS,ESTADUAL
2020-12-03,11:42:00,L01-AUTOBAN,SPI102/330,3.9,SUL,-22.897919893965,-47.136708319523,CHOQUE,CHOQUE-OBJETO NA PISTA,NÃO INFORMADO,0,1,0,0,0,AUTOMÓVEL=1,CAMPINAS,CAMPINAS,CAMPINAS,ESTADUAL
2020-12-03,12:37:00,L06-INTERVIAS,SP330,190.5,NORTE,-22.17060089,-47.39899826,CHOQUE,CHOQUE-OBJETO NA PISTA,OBJETO NA PISTA,2,0,0,0,0,AUTOMÓVEL=1,LEME,CAMPINAS,RIO CLARO,ESTADUAL
2020-12-03,14:19:00,L01-AUTOBAN,SP330,92.5,NORTE,-22.932416470606,-47.07517683506,TOMBAMENTO,TOMBAMENTO,NÃO INFORMADO,0,0,1,0,0,MOTO=1,CAMPINAS,CAMPINAS,CAMPINAS,ESTADUAL
2020-12-03,15:07:00,L01-AUTOBAN,SP330,122.0,SUL,-22.743681608766,-47.268553376198,COLISÃO,COLISÃO-LATERAL,NÃO INFORMADO,0,0,0,0,0,AUTOMÓVEL=1|NÃO INFORMADO=1,AMERICANA,CAMPINAS,RIO CLARO,ESTADUAL
2020-12-03,15:37:00,L01-AUTOBAN,SP330,81.4,SUL,-23.01843031897,-47.020078905621,CHOQUE,CHOQUE-BARREIRA DE CONCRETO,NÃO INFORMADO,0,0,0,0,0,AUTOMÓVEL=1,VALINHOS,CAMPINAS,CAMPINAS,ESTADUAL
2020-12-03,19:14:00,L28-ENTREVIAS,SP330,350.0,SUL,-20.8508397261,-47.8957550462,CHOQUE,CHOQUE-VEÍCULO PARADO NA PISTA,PANE MECÂNICA/ELÉTRICA,2,0,0,0,0,AUTOMÓVEL=1|CAMINHÃO=1,SALES OLIVEIRA,FRANCA,RIBEIRÃO PRETO,ESTADUAL
2020-12-03,19:20:00,L28-ENTREVIAS,SP330,440.0,SUL,-20.0701197816,-47.7883886292,CHOQUE,CHOQUE-DEFENSA METÁLICA,PISTA MOLHADA,1,0,0,0,0,CAMINHÃO=1,ARAMINA,FRANCA,RIBEIRÃO PRETO,ESTADUAL
2020-12-03,21:33:00,L01-AUTOBAN,SP330,55.7,SUL,-23.212606331031,-46.889473026961,COLISÃO,COLISÃO-TRASEIRA,NÃO INFORMADO,0,1,0,0,0,AUTOMÓVEL=2,JUNDIAÍ,CAMPINAS,CAMPINAS,ESTADUAL
2020-12-03,21:58:00,L28-ENTREVIAS,SP330,355.0,SUL,-20.8022215,-47.8916579999,CAPOTAMENTO,CAPOTAMENTO,IMPRUD. CONDUTOR-PERDA DE CONTROLE,1,0,0,0,0,AUTOMÓVEL=1,SALES OLIVEIRA,FRANCA,RIBEIRÃO PRETO,ESTADUAL
2020-12-03,23:15:00,L01-AUTOBAN,SP330,141.7,NORTE,-22.599151125679,-47.364289452335,CHOQUE,CHOQUE-ELEMENTO DE DRENAGEM,NÃO INFORMADO,0,1,0,0,0,AUTOMÓVEL=1,LIMEIRA,CAMPINAS,RIO CLARO,ESTADUAL
2020-12-03,23:24:00,L01-AUTOBAN,SPM330D,101.8,NORTE,-22.868652468972,-47.130649231549,CHOQUE,CHOQUE-MEIO FIO/CALÇAMENTO,NÃO INFORMADO,0,0,0,0,0,AUTOMÓVEL=1,CAMPINAS,CAMPINAS,CAMPINAS,ESTADUAL
2020-12-03,23:58:00,L01-AUTOBAN,SP330,51.62,SUL,-23.243284457909,-46.867966314876,CHOQUE,CHOQUE-VEÍCULO PARADO NA PISTA,NÃO INFORMADO,0,0,1,0,0,AUTOMÓVEL=1|CAMINHÃO=1,JUNDIAÍ,CAMPINAS,CAMPINAS,ESTADUAL
2020-12-04,00:31:00,L01-AUTOBAN,SP330,104.3,NORTE,-22.855277265029,-47.151064358768,CHOQUE,CHOQUE-BARREIRA DE CONCRETO,NÃO INFORMADO,0,0,0,0,0,AUTOMÓVEL=1,CAMPINAS,CAMPINAS,CAMPINAS,ESTADUAL
2020-12-04,01:03:00,L06-INTERVIAS,SP330,226.6,NORTE,-21.85783958,-47.49343872,CAPOTAMENTO,CAPOTAMENTO,IMPRUD. CONDUTOR-LEVOU FECHADA,1,0,0,0,0,CAMINHONETE=1,PORTO FERREIRA,CENTRAL,RIO CLARO,ESTADUAL
2020-12-04,02:00:00,L01-AUTOBAN,SP330,26.44,SUL,-23.418823901927,-46.798235540306,CHOQUE,CHOQUE-PRAÇA AVI-(ENTRE VEÍCULOS),NÃO INFORMADO,0,0,0,0,0,CARRETA=2,SÃO PAULO,REG. METROPOLITANA SÃO PAULO,SÃO PAULO,ESTADUAL
2020-12-04,03:08:00,L06-INTERVIAS,SP330,212.5,SUL,-21.97924995,-47.45240021,CHOQUE,"CHOQUE - DEFENSA, BARREIRA OU ""SUBMARINO""",NÃO INFORMADO,2,0,0,0,0,AUTOMÓVEL=1,PIRASSUNUNGA,CAMPINAS,RIO CLARO,ESTADUAL
2020-12-04,05:46:00,L06-INTERVIAS,SP330,235.8,SUL,-21.78610039,-47.52558136,CHOQUE,CHOQUE-TALUDE OU BARRANCO,NÃO INFORMADO,0,0,0,1,0,AUTOMÓVEL=1,SANTA RITA DO PASSA QUATRO,CENTRAL,RIBEIRÃO PRETO,ESTADUAL
2020-12-04,06:56:00,L01-AUTOBAN,SPM330D,86.0,NORTE,-22.982725,-47.043589,COLISÃO,COLISÃO-TRASEIRA,NÃO INFORMADO,0,0,0,0,0,CARRETA=1|NÃO INFORMADO=1,VALINHOS,CAMPINAS,CAMPINAS,ESTADUAL
2020-12-04,06:57:00,L29-VIAPAULISTA,SP330,278.8,NORTE,-21.43076324,-47.65328979,COLISÃO,COLISÃO-TRASEIRA,PANE MECÂNICA/ELÉTRICA,1,1,0,0,0,CAMINHÃO=2,SÃO SIMÃO,RIBEIRÃO PRETO,RIBEIRÃO PRETO,ESTADUAL
2020-12-04,08:03:00,L01-AUTOBAN,SP330,103.0,SUL,-22.862525,-47.139454,COLISÃO,COLISÃO-TRASEIRA,NÃO INFORMADO,0,1,0,0,0,CAMINHÃO=2,CAMPINAS,CAMPINAS,CAMPINAS,ESTADUAL
2020-12-04,09:58:00,L06-INTERVIAS,SP330,215.0,SUL,-21.95859909,-47.45980072,CHOQUE,CHOQUE-CANCELA DE PEDÁGIO,IMPRUDÊNCIA,1,0,0,0,0,CAMINHÃO=1,PIRASSUNUNGA,CAMPINAS,RIO CLARO,ESTADUAL
2020-12-04,11:45:00,L01-AUTOBAN,SP330,121.8,SUL,-22.74496785694,-47.26721014642,COLISÃO,COLISÃO-TRANSVERSAL,NÃO INFORMADO,0,0,0,0,0,AUTOMÓVEL=1|CAMINHÃO=1,AMERICANA,CAMPINAS,RIO CLARO,ESTADUAL
2020-12-04,14:35:00,L01-AUTOBAN,SP330,53.9,NORTE,-23.223789367412,-46.877077030427,CHOQUE,CHOQUE-BARREIRA DE CONCRETO,NÃO INFORMADO,0,0,0,0,0,VAN/PERUA=1,JUNDIAÍ,CAMPINAS,CAMPINAS,ESTADUAL
2020-12-04,15:50:00,L01-AUTOBAN,SPM330E,98.5,SUL,-22.892108786456,-47.112220823765,COLISÃO,COLISÃO-LATERAL,NÃO INFORMADO,0,1,0,0,0,AUTOMÓVEL=1|CAMINHÃO=1,CAMPINAS,CAMPINAS,CAMPINAS,ESTADUAL
2020-12-04,17:23:00,L06-INTERVIAS,SP330,213.0,NORTE,-21.97489929,-47.45360184,OBJETO LANÇADO CONTRA O VEÍCULO,OBJETO LANÇADO CONTRA VEÍCULO,OBJETO LANÇADO,1,0,0,0,0,AUTOMÓVEL=1,PIRASSUNUNGA,CAMPINAS,RIO CLARO,ESTADUAL
2020-12-04,19:53:00,L29-VIAPAULISTA,SP330,314.0,SUL,-21.14836884,-47.75846481,COLISÃO,COLISÃO-TRASEIRA,IMPRUD. CONDUTOR,0,1,0,0,0,AUTOMÓVEL=1|MOTO=1,RIBEIRÃO PRETO,RIBEIRÃO PRETO,RIBEIRÃO PRETO,ESTADUAL
2020-12-04,20:44:00,L28-ENTREVIAS,SP330,385.0,NORTE,-20.5440645066,-47.8552679934,CHOQUE,CHOQUE-DEFENSA METÁLICA,IMPRUD. CONDUTOR-EMBRIAGUEZ,2,0,0,0,0,AUTOMÓVEL=1|ÔNIBUS=1,SÃO JOAQUIM DA BARRA,FRANCA,RIBEIRÃO PRETO,ESTADUAL
2020-12-04,22:53:00,L01-AUTOBAN,SP330,21.18,NORTE,-23.459327556553,-46.78232059634,COLISÃO,COLISÃO-LATERAL,NÃO INFORMADO,0,0,0,0,0,AUTOMÓVEL=1|NÃO INFORMADO=1,SÃO PAULO,REG. METROPOLITANA SÃO PAULO,SÃO PAULO,ESTADUAL
2020-12-04,23:21:00,L29-VIAPAULISTA,SPA307/330,2.0,LESTE,-21.19449425,-47.77494049,COLISÃO,COLISÃO-LATERAL,IMPRUD. CONDUTOR,2,0,0,0,0,AUTOMÓVEL=1|MOTO=1,RIBEIRÃO PRETO,RIBEIRÃO PRETO,RIBEIRÃO PRETO,ESTADUAL
2020-12-04,23:22:00,L28-ENTREVIAS,SP330,400.0,NORTE,-20.4173926809,-47.8282260193,COLISÃO,COLISÃO-TRASEIRA,IMPRUD. CONDUTOR-DORMIR AO VOLANTE,1,1,0,0,0,CAMINHÃO=2,GUARÁ,FRANCA,RIBEIRÃO PRETO,ESTADUAL
2020-12-05,00:24:00,L01-AUTOBAN,SP330,141.0,NORTE,-22.605245588286,-47.361942529678,TOMBAMENTO,TOMBAMENTO-MOTO,NÃO INFORMADO,0,1,0,0,0,MOTO=1,LIMEIRA,CAMPINAS,RIO CLARO,ESTADUAL
2020-12-05,00:47:00,L06-INTERVIAS,SP330,229.0,SUL,-21.83600044,-47.49539948,COLISÃO,COLISÃO-TRASEIRA,NÃO INFORMADO,1,0,0,0,0,CAMINHÃO=1|NÃO INFORMADO=1,PORTO FERREIRA,CENTRAL,RIO CLARO,ESTADUAL
2020-12-05,02:36:00,L01-AUTOBAN,SP330,62.0,SUL,-23.168814423993,-46.926614642143,COLISÃO,COLISÃO-TRASEIRA,NÃO INFORMADO,0,0,0,0,0,AUTOMÓVEL=1|NÃO INFORMADO=1,JUNDIAÍ,CAMPINAS,CAMPINAS,ESTADUAL
2020-12-05,04:40:00,L29-VIAPAULISTA,SP330,317.75,SUL,-21.11891747,-47.77591705,TOMBAMENTO,TOMBAMENTO,IMPRUD. CONDUTOR-PERDA DE CONTROLE,2,1,1,0,0,AUTOMÓVEL=1|MOTO=1,RIBEIRÃO PRETO,RIBEIRÃO PRETO,RIBEIRÃO PRETO,ESTADUAL
2020-12-05,04:56:00,L29-VIAPAULISTA,SP330,317.0,NORTE,-21.12381172,-47.77217102,COLISÃO,COLISÃO-LATERAL,IMPRUD. CONDUTOR-PERDA DE CONTROLE,4,2,0,0,0,AUTOMÓVEL=2|MOTO=1,RIBEIRÃO PRETO,RIBEIRÃO PRETO,RIBEIRÃO PRETO,ESTADUAL
2020-12-05,05:45:00,L01-AUTOBAN,SP330,76.0,NORTE,-23.060072,-46.994586,TOMBAMENTO,TOMBAMENTO-MOTO,NÃO INFORMADO,0,3,0,0,0,MOTO=2,VINHEDO,CAMPINAS,CAMPINAS,ESTADUAL
2020-12-05,06:09:00,L01-AUTOBAN,SP330,33.4,NORTE,-23.381090532764,-46.839049907404,CHOQUE,CHOQUE-BARREIRA DE CONCRETO,NÃO INFORMADO,0,1,0,0,0,AUTOMÓVEL=1,CAJAMAR,REG. METROPOLITANA SÃO PAULO,SÃO PAULO,ESTADUAL
2020-12-05,06:49:00,L01-AUTOBAN,SP330,112.0,SUL,-22.813845976757,-47.209303379059,TOMBAMENTO,TOMBAMENTO-MOTO,NÃO INFORMADO,0,1,0,0,0,MOTO=1,SUMARÉ,CAMPINAS,CAMPINAS,ESTADUAL
2020-12-05,07:33:00,L01-AUTOBAN,SP330,99.0,SUL,-22.887972406914,-47.113489508629,COLISÃO,COLISÃO-TRASEIRA,NÃO INFORMADO,0,0,0,0,0,AUTOMÓVEL=1|NÃO INFORMADO=1,CAMPINAS,CAMPINAS,CAMPINAS,ESTADUAL
2020-12-05,11:07:00,L01-AUTOBAN,SP330,120.0,SUL,-22.75697435799,-47.254670262337,CHOQUE,CHOQUE-DEFENSA METÁLICA,NÃO INFORMADO,0,0,0,0,0,CAMINHÃO=1,AMERICANA,CAMPINAS,RIO CLARO,ESTADUAL
2020-12-05,12:56:00,L06-INTERVIAS,SP330,211.3,NORTE,-21.98949051,-47.44860077,CHOQUE,"CHOQUE - DEFENSA, BARREIRA",IMPRUD. CONDUTOR-LEVOU FECHADA,1,2,0,0,0,AUTOMÓVEL=1,PIRASSUNUNGA,CAMPINAS,RIO CLARO,ESTADUAL
2020-12-05,15:25:00,L29-VIAPAULISTA,SP330,317.8,NORTE,-21.11782455,-47.77647018,COLISÃO,COLISÃO-TRASEIRA,IMPRUD. CONDUTOR-DIST. INADEQUADA ENTRE VEÍC.,2,0,0,0,0,AUTOMÓVEL=1|CAMINHONETE=1,RIBEIRÃO PRETO,RIBEIRÃO PRETO,RIBEIRÃO PRETO,ESTADUAL
2020-12-05,16:10:00,L28-ENTREVIAS,SP330,398.5,SUL,-20.4328388095,-47.8348316787,CAPOTAMENTO,CAPOTAMENTO,ESTOURO/FURO DE PNEU,0,3,0,1,0,AUTOMÓVEL=1,GUARÁ,FRANCA,RIBEIRÃO PRETO,ESTADUAL
2020-12-05,16:44:00,L28-ENTREVIAS,SP330,391.9,NORTE,-20.4965023485,-47.843019349,TOMBAMENTO,TOMBAMENTO-VEÍCULOS PESADOS,IMPRUD. CONDUTOR-PERDA DE CONTROLE,1,0,0,0,0,CAMIONETA / UTILITÁRIO=1,GUARÁ,FRANCA,RIBEIRÃO PRETO,ESTADUAL
2020-12-05,17:10:00,L01-AUTOBAN,SP330,138.0,NORTE,-22.623894673813,-47.342845201492,ENGAVETAMENTO,ENGAVETAMENTO,NÃO INFORMADO,0,0,0,0,0,AUTOMÓVEL=1|BITREM/CVC=1|CAMINHÃO=1,LIMEIRA,CAMPINAS,RIO CLARO,ESTADUAL
2020-12-05,17:20:00,L28-ENTREVIAS,SP330,440.5,SUL,-20.0701197816,-47.7883886292,TOMBAMENTO,TOMBAMENTO-VEÍCULOS PESADOS,IMPRUD. CONDUTOR-PERDA DE CONTROLE,1,0,0,0,0,CAMIONETA / UTILITÁRIO=1,ARAMINA,FRANCA,RIBEIRÃO PRETO,ESTADUAL
2020-12-05,17:50:00,L01-AUTOBAN,SP330,35.92,NORTE,-23.360892936569,-46.848101073868,CHOQUE,CHOQUE-ELEMENTO DE DRENAGEM,NÃO INFORMADO,0,0,0,0,0,AUTOMÓVEL=1,CAJAMAR,REG. METROPOLITANA SÃO PAULO,SÃO PAULO,ESTADUAL
2020-12-05,20:03:00,L06-INTERVIAS,SP330,199.3,SUL,-22.09382057,-47.4176712,CHOQUE,"CHOQUE - DEFENSA, BARREIRA OU ""SUBMARINO""",IMPRUD. CONDUTOR-FREADA BRUSCA,1,0,0,0,0,CAMINHÃO=1,SANTA CRUZ DA CONCEIÇÃO,CAMPINAS,RIO CLARO,ESTADUAL
2020-12-05,20:25:00,L01-AUTOBAN,SP330,92.2,NORTE,-22.93403645795,-47.072904444467,CHOQUE,CHOQUE-TALUDE OU BARRANCO,NÃO INFORMADO,0,0,0,0,0,AUTOMÓVEL=1,CAMPINAS,CAMPINAS,CAMPINAS,ESTADUAL
2020-12-05,22:39:00,L29-VIAPAULISTA,SP330,312.0,SUL,-21.16648865,-47.75630951,TOMBAMENTO,TOMBAMENTO,IMPRUD. CONDUTOR-LEVOU FECHADA,1,0,0,0,0,MOTO=1,RIBEIRÃO PRETO,RIBEIRÃO PRETO,RIBEIRÃO PRETO,ESTADUAL
2020-12-05,22:48:00,L01-AUTOBAN,SPM330D,107.3,NORTE,-22.837392298641,-47.172732014933,TOMBAMENTO,TOMBAMENTO-MOTO,NÃO INFORMADO,0,0,0,2,0,MOTO=1|NÃO INFORMADO=1,SUMARÉ,CAMPINAS,CAMPINAS,ESTADUAL
2020-12-05,22:54:00,L01-AUTOBAN,SP330,109.0,SUL,-22.827506,-47.184259,CHOQUE,CHOQUE-DEFENSA METÁLICA,NÃO INFORMADO,0,1,0,0,0,AUTOMÓVEL=1,SUMARÉ,CAMPINAS,CAMPINAS,ESTADUAL
2020-12-05,23:27:00,L01-AUTOBAN,SPM330D,107.3,NORTE,-22.837392298641,-47.172732014933,TOMBAMENTO,TOMBAMENTO-MOTO,NÃO INFORMADO,0,0,0,0,0,MOTO=1,SUMARÉ,CAMPINAS,CAMPINAS,ESTADUAL
2020-12-05,23:36:00,L01-AUTOBAN,SPM330D,101.36,NORTE,-22.871490579908,-47.127401380276,COLISÃO,COLISÃO-TRASEIRA,NÃO INFORMADO,2,1,0,0,0,AUTOMÓVEL=2,CAMPINAS,CAMPINAS,CAMPINAS,ESTADUAL
2020-12-05,23:54:00,L01-AUTOBAN,SP330,92.0,NORTE,-22.935116422047,-47.071389555931,CHOQUE,CHOQUE-TALUDE OU BARRANCO,NÃO INFORMADO,0,0,0,0,0,AUTOMÓVEL=1,CAMPINAS,CAMPINAS,CAMPINAS,ESTADUAL
2020-12-06,01:06:00,L01-AUTOBAN,SP330,20.0,NORTE,-23.468944569907,-46.778873205185,CHOQUE,CHOQUE-VEÍCULO PARADO NA PISTA,NÃO INFORMADO,0,0,0,0,0,AUTOMÓVEL=2,OSASCO,REG. METROPOLITANA SÃO PAULO,SÃO PAULO,ESTADUAL
2020-12-06,02:30:00,L01-AUTOBAN,SP330,20.0,NORTE,-23.468944569907,-46.778873205185,CHOQUE,CHOQUE-BARREIRA DE CONCRETO,NÃO INFORMADO,0,0,0,0,0,AUTOMÓVEL=1,OSASCO,REG. METROPOLITANA SÃO PAULO,SÃO PAULO,ESTADUAL
2020-12-06,13:17:00,L01-AUTOBAN,SPI102/330,3.0,SUL,-22.890087592831,-47.133536338806,CHOQUE,CHOQUE-BARREIRA DE CONCRETO,NÃO INFORMADO,0,0,0,0,0,AUTOMÓVEL=1,CAMPINAS,CAMPINAS,CAMPINAS,ESTADUAL
2020-12-06,14:01:00,L01-AUTOBAN,SP330,93.4,NORTE,-22.927667136478,-47.082247150547,ENGAVETAMENTO,ENGAVETAMENTO,NÃO INFORMADO,0,0,0,0,0,AUTOMÓVEL=3,CAMPINAS,CAMPINAS,CAMPINAS,ESTADUAL
2020-12-06,15:00:00,L01-AUTOBAN,SP330,76.0,NORTE,-23.060072,-46.994586,TOMBAMENTO,TOMBAMENTO,NÃO INFORMADO,0,1,0,0,0,MOTO=1,VINHEDO,CAMPINAS,CAMPINAS,ESTADUAL
2020-12-06,18:14:00,L29-VIAPAULISTA,SP330,307.3,SUL,-21.20830536,-47.75850296,CHOQUE,CHOQUE-ELEMENTO DE DRENAGEM,IMPRUD. CONDUTOR-PERDA DE CONTROLE,3,0,0,0,0,AUTOMÓVEL=1,RIBEIRÃO PRETO,RIBEIRÃO PRETO,RIBEIRÃO PRETO,ESTADUAL
2020-12-06,18:37:00,L01-AUTOBAN,SP330,53.0,NORTE,-23.230639,-46.87295,CHOQUE,CHOQUE-BARREIRA DE CONCRETO,NÃO INFORMADO,0,0,0,0,0,AUTOMÓVEL=1,JUNDIAÍ,CAMPINAS,CAMPINAS,ESTADUAL
2020-12-06,18:38:00,L01-AUTOBAN,SP330,58.0,NORTE,-23.196902870305,-46.903708577156,CHOQUE,CHOQUE-ÁRVORE,NÃO INFORMADO,0,0,1,0,0,AUTOMÓVEL=1,JUNDIAÍ,CAMPINAS,CAMPINAS,ESTADUAL
2020-12-06,19:04:00,L01-AUTOBAN,SP330,126.0,NORTE,-22.718853802109,-47.2947961092,CHOQUE,CHOQUE-POSTE,NÃO INFORMADO,0,0,0,0,0,AUTOMÓVEL=1,AMERICANA,CAMPINAS,RIO CLARO,ESTADUAL
2020-12-06,19:33:00,L01-AUTOBAN,SP330,56.0,SUL,-23.21105334627,-46.891804933548,CHOQUE,CHOQUE-TALUDE OU BARRANCO,NÃO INFORMADO,0,0,0,0,0,AUTOMÓVEL=1,JUNDIAÍ,CAMPINAS,CAMPINAS,ESTADUAL
2020-12-06,19:39:00,L28-ENTREVIAS,SP330,326.0,SUL,-21.0548318158,-47.823164733,CAPOTAMENTO,CAPOTAMENTO,IMPRUD. CONDUTOR-LEVOU FECHADA,0,1,1,0,1,AUTOMÓVEL=1,JARDINÓPOLIS,RIBEIRÃO PRETO,RIBEIRÃO PRETO,ESTADUAL
2020-12-06,19:49:00,L01-AUTOBAN,SPM330E,104.22,SUL,-22.855978749901,-47.150517735754,COLISÃO,COLISÃO-TRASEIRA,NÃO INFORMADO,0,0,0,0,0,AUTOMÓVEL=2,CAMPINAS,CAMPINAS,CAMPINAS,ESTADUAL
2020-12-06,19:54:00,L01-AUTOBAN,SP330,103.5,SUL,-22.859800532278,-47.144101914169,COLISÃO,COLISÃO-TRASEIRA,NÃO INFORMADO,0,1,0,0,0,MOTO=1|NÃO INFORMADO=1,CAMPINAS,CAMPINAS,CAMPINAS,ESTADUAL
2020-12-06,20:13:00,L01-AUTOBAN,SP330,69.8,NORTE,-23.107386861605,-46.961587444075,ENGAVETAMENTO,ENGAVETAMENTO,NÃO INFORMADO,0,3,0,0,0,AUTOMÓVEL=5,LOUVEIRA,CAMPINAS,CAMPINAS,ESTADUAL
2020-12-06,20:19:00,L01-AUTOBAN,SP330,69.8,NORTE,-23.107386861605,-46.961587444075,COLISÃO,COLISÃO-TRASEIRA,NÃO INFORMADO,0,1,0,0,0,AUTOMÓVEL=2,LOUVEIRA,CAMPINAS,CAMPINAS,ESTADUAL
2020-12-06,20:29:00,L01-AUTOBAN,SP330,69.7,NORTE,-23.108137855063,-46.961094960443,ENGAVETAMENTO,ENGAVETAMENTO,NÃO INFORMADO,0,0,0,0,0,AUTOMÓVEL=4,LOUVEIRA,CAMPINAS,CAMPINAS,ESTADUAL
2020-12-06,20:56:00,L01-AUTOBAN,SP330,69.0,NORTE,-23.113394465514,-46.957647800446,COLISÃO,COLISÃO-TRASEIRA,NÃO INFORMADO,0,0,0,0,0,AUTOMÓVEL=2,JUNDIAÍ,CAMPINAS,CAMPINAS,ESTADUAL
2020-12-06,23:33:00,L01-AUTOBAN,SPI102/330,5.8,NORTE,-22.914264826621,-47.135333143351,CHOQUE,CHOQUE-BARREIRA DE CONCRETO,NÃO INFORMADO,0,0,0,0,0,AUTOMÓVEL=2,CAMPINAS,CAMPINAS,CAMPINAS,ESTADUAL
2020-12-07,01:32:00,L29-VIAPAULISTA,SP330,314.0,SUL,-21.14836884,-47.75846481,CHOQUE,"CHOQUE - DEFENSA, BARREIRA OU ""SUBMARINO""",NÃO INFORMADO,1,0,0,0,0,CAMINHÃO=1,RIBEIRÃO PRETO,RIBEIRÃO PRETO,RIBEIRÃO PRETO,ESTADUAL
2020-12-07,10:01:00,L01-AUTOBAN,SP330,21.3,SUL,-23.458605338164,-46.783007558195,ENGAVETAMENTO,ENGAVETAMENTO,NÃO INFORMADO,0,0,0,0,0,AUTOMÓVEL=3,SÃO PAULO,REG. METROPOLITANA SÃO PAULO,SÃO PAULO,ESTADUAL
2020-12-07,10:11:00,L01-AUTOBAN,SP330,63.4,NORTE,-23.157678885151,-46.933336476913,CHOQUE,CHOQUE-VEÍCULO PARADO NO ACOSTAMENTO,NÃO INFORMADO,0,1,0,0,0,AUTOMÓVEL=1|VAN/PERUA=1,JUNDIAÍ,CAMPINAS,CAMPINAS,ESTADUAL
2020-12-07,12:24:00,L28-ENTREVIAS,SP330,352.7,NORTE,-20.8341426465,-47.8940748236,COLISÃO,COLISÃO-TRASEIRA,IMPRUD. CONDUTOR-FALTA DE ATENÇÃO,1,1,0,0,0,AUTOMÓVEL=1|CAMINHÃO=1,SALES OLIVEIRA,FRANCA,RIBEIRÃO PRETO,ESTADUAL
2020-12-07,15:22:00,L01-AUTOBAN,SPM330E,110.8,SUL,-22.819093222758,-47.199896363809,COLISÃO,COLISÃO-TRASEIRA,NÃO INFORMADO,0,1,0,0,0,AUTOMÓVEL=2,SUMARÉ,CAMPINAS,CAMPINAS,ESTADUAL
2020-12-07,17:50:00,L01-AUTOBAN,SP330,113.6,NORTE,-22.803111448556,-47.219618073714,TOMBAMENTO,TOMBAMENTO-MOTO,NÃO INFORMADO,0,1,0,0,0,MOTO=1,SUMARÉ,CAMPINAS,CAMPINAS,ESTADUAL
2020-12-07,19:11:00,L01-AUTOBAN,SPM330D,88.5,NORTE,-22.962431249324,-47.055449187756,CHOQUE,CHOQUE-ELEMENTO DE DRENAGEM,NÃO INFORMADO,0,0,0,0,0,AUTOMÓVEL=1,CAMPINAS,CAMPINAS,CAMPINAS,ESTADUAL
2020-12-07,19:24:00,L01-AUTOBAN,SP330,131.0,SUL,-22.679138750475,-47.311002016068,COLISÃO,COLISÃO-TRASEIRA,NÃO INFORMADO,0,1,0,0,0,UTILITÁRIO=2,LIMEIRA,CAMPINAS,RIO CLARO,ESTADUAL
2020-12-07,19:45:00,L01-AUTOBAN,SP330,153.3,NORTE,-22.502900001072,-47.399033189868,CHOQUE,CHOQUE-DEFENSA METÁLICA,NÃO INFORMADO,0,0,0,0,0,CARRETA=1,CORDEIRÓPOLIS,CAMPINAS,RIO CLARO,ESTADUAL
2020-12-07,20:20:00,L01-AUTOBAN,SP330,108.8,NORTE,-22.828416374739,-47.182534953554,COLISÃO,COLISÃO-TRASEIRA,NÃO INFORMADO,0,0,0,0,0,AUTOMÓVEL=1|NÃO INFORMADO=1,SUMARÉ,CAMPINAS,CAMPINAS,ESTADUAL
2020-12-07,22:30:00,L01-AUTOBAN,SP330,33.77,SUL,-23.384022679854,-46.838724063335,ATROPELAMENTO DE PEDESTRE,ATROP. PEDESTRE-MORADOR/TRABALHADOR/ESTUDANTE,NÃO INFORMADO,0,0,0,0,1,NÃO INFORMADO=1|NÃO SE APLICA=1,CAJAMAR,REG. METROPOLITANA SÃO PAULO,SÃO PAULO,ESTADUAL
2020-12-07,22:48:00,L01-AUTOBAN,SP330,91.4,SUL,-22.939904449738,-47.068472392102,ATROPELAMENTO DE PEDESTRE,ATROP. PEDESTRE-MORADOR/TRABALHADOR/ESTUDANTE,NÃO INFORMADO,0,1,2,0,1,MOTO=1|NÃO SE APLICA=2,CAMPINAS,CAMPINAS,CAMPINAS,ESTADUAL
2020-12-08,00:53:00,L06-INTERVIAS,SP330,164.125,SUL,-22.40538788,-47.39002609,COLISÃO,COLISÃO-TRASEIRA,IMPRUD. CONDUTOR,3,0,0,0,0,CAMINHÃO=2,ARARAS,CAMPINAS,RIO CLARO,ESTADUAL
2020-12-08,04:41:00,L01-AUTOBAN,SP330,67.0,NORTE,-23.130400247867,-46.95047557354,ATROPELAMENTO DE ANIMAL,ATROP. ANIMAL,NÃO INFORMADO,0,2,0,0,0,AUTOMÓVEL=1,JUNDIAÍ,CAMPINAS,CAMPINAS,ESTADUAL
2020-12-08,06:09:00,L29-VIAPAULISTA,SP330,296.0,SUL,-21.30677605,-47.73945999,TOMBAMENTO,TOMBAMENTO,ESTOURO/FURO DE PNEU,1,0,0,0,0,CAMINHONETE=1,CRAVINHOS,RIBEIRÃO PRETO,RIBEIRÃO PRETO,ESTADUAL
2020-12-08,07:09:00,L01-AUTOBAN,SP330,22.5,SUL,-23.448647706433,-46.786850094795,COLISÃO,COLISÃO-LATERAL,NÃO INFORMADO,0,0,0,0,0,AUTOMÓVEL=1|ÔNIBUS=1,SÃO PAULO,REG. METROPOLITANA SÃO PAULO,SÃO PAULO,ESTADUAL
2020-12-08,18:24:00,L01-AUTOBAN,SP330,107.25,NORTE,-22.837735677029,-47.172414958477,ENGAVETAMENTO,ENGAVETAMENTO,NÃO INFORMADO,0,3,0,1,0,AUTOMÓVEL=7|CAMINHÃO=1|CARRETA=1|UTILITÁRIO=1,SUMARÉ,CAMPINAS,CAMPINAS,ESTADUAL
2020-12-08,19:34:00,L01-AUTOBAN,SP330,58.0,SUL,-23.19706558464,-46.903826594353,TOMBAMENTO,TOMBAMENTO-MOTO,NÃO INFORMADO,0,1,0,0,0,AUTOMÓVEL=2|MOTO=1,JUNDIAÍ,CAMPINAS,CAMPINAS,ESTADUAL
2020-12-08,20:04:00,L01-AUTOBAN,SP330,12.0,NORTE,-23.509174607034,-46.730620265007,CHOQUE,CHOQUE-VEÍCULO PARADO NA PISTA,NÃO INFORMADO,1,2,1,0,0,AUTOMÓVEL=2|MOTO=1,SÃO PAULO,REG. METROPOLITANA SÃO PAULO,SÃO PAULO,ESTADUAL
2020-12-08,21:13:00,L29-VIAPAULISTA,SP330,312.6,SUL,-21.16071892,-47.75634766,COLISÃO,COLISÃO-TRASEIRA,IMPRUD. CONDUTOR-LEVOU FECHADA,0,0,0,0,0,AUTOMÓVEL=1,RIBEIRÃO PRETO,RIBEIRÃO PRETO,RIBEIRÃO PRETO,ESTADUAL
2020-12-08,22:32:00,L01-AUTOBAN,SP330,103.4,NORTE,-22.860040257057,-47.14299966208,TOMBAMENTO,TOMBAMENTO-MOTO,NÃO INFORMADO,0,0,0,1,0,MOTO=1,CAMPINAS,CAMPINAS,CAMPINAS,ESTADUAL
2020-12-09,05:01:00,L29-VIAPAULISTA,SP330,293.7,NORTE,-21.32479668,-47.73081207,COLISÃO,COLISÃO-TRASEIRA,IMPRUD. CONDUTOR,2,1,0,0,0,CAMINHÃO=2,CRAVINHOS,RIBEIRÃO PRETO,RIBEIRÃO PRETO,ESTADUAL
2020-12-09,06:58:00,L28-ENTREVIAS,SP330,364.0,SUL,-20.7254498212,-47.8936535028,COLISÃO,COLISÃO-LATERAL,IMPRUD. CONDUTOR-LEVOU FECHADA,2,0,0,0,0,AUTOMÓVEL=2|CAMINHÃO=1,ORLÂNDIA,FRANCA,RIBEIRÃO PRETO,ESTADUAL
2020-12-09,09:30:00,L01-AUTOBAN,SP330,12.8,SUL,-23.508418038101,-46.738117577484,COLISÃO,COLISÃO-TRASEIRA,NÃO INFORMADO,0,0,0,0,0,VAN/PERUA=2,SÃO PAULO,REG. METROPOLITANA SÃO PAULO,SÃO PAULO,ESTADUAL
2020-12-09,10:09:00,L06-INTERVIAS,SP330,167.4,NORTE,-22.37723923,-47.39426041,TOMBAMENTO,TOMBAMENTO,DERRAMAMENTO DE CARGA,1,0,0,0,0,MOTO=1,ARARAS,CAMPINAS,RIO CLARO,ESTADUAL
2020-12-09,11:38:00,L01-AUTOBAN,SP330,25.5,NORTE,-23.423316814287,-46.791053063961,COLISÃO,COLISÃO-LATERAL,NÃO INFORMADO,0,0,0,0,0,NÃO INFORMADO=1|UTILITÁRIO=1,SÃO PAULO,REG. METROPOLITANA SÃO PAULO,SÃO PAULO,ESTADUAL
2020-12-09,11:42:00,L28-ENTREVIAS,SP330,319.0,SUL,-21.1047282399,-47.7860724281,COLISÃO,COLISÃO-TRASEIRA,IMPRUD. CONDUTOR-DIST. INADEQUADA ENTRE VEÍC.,2,0,0,0,0,CAMINHÃO=2,RIBEIRÃO PRETO,RIBEIRÃO PRETO,RIBEIRÃO PRETO,ESTADUAL
2020-12-09,11:51:00,L29-VIAPAULISTA,SP330,296.5,NORTE,-21.30166435,-47.74164963,ATROPELAMENTO DE PEDESTRE,ATROP. PEDESTRE-USUÁRIO,NÃO INFORMADO,0,0,2,0,0,CAMINHONETE=1|NÃO INFORMADO=1,CRAVINHOS,RIBEIRÃO PRETO,RIBEIRÃO PRETO,ESTADUAL
2020-12-09,13:49:00,L01-AUTOBAN,SP330,11.8,SUL,-23.509875010174,-46.729865951143,CHOQUE,CHOQUE-BARREIRA DE CONCRETO,NÃO INFORMADO,0,1,0,0,0,AUTOMÓVEL=1,SÃO PAULO,REG. METROPOLITANA SÃO PAULO,SÃO PAULO,ESTADUAL
2020-12-09,13:52:00,L28-ENTREVIAS,SP330,335.0,NORTE,-20.9818655035,-47.8595415079,CHOQUE,CHOQUE-OBJETO NA PISTA,OBJETO NA PISTA,1,0,0,0,0,MOTOCICLETA / MOTONETA=1,JARDINÓPOLIS,RIBEIRÃO PRETO,RIBEIRÃO PRETO,ESTADUAL
2020-12-09,15:43:00,L01-AUTOBAN,SPM330E,99.0,SUL,-22.887972406914,-47.113489508629,COLISÃO,COLISÃO-TRANSVERSAL,NÃO INFORMADO,0,0,0,0,0,AUTOMÓVEL=1|CARRETA=1,CAMPINAS,CAMPINAS,CAMPINAS,ESTADUAL
2020-12-09,16:09:00,L01-AUTOBAN,SP330,146.0,NORTE,-22.560678,-47.366217,TOMBAMENTO,TOMBAMENTO-MOTO,NÃO INFORMADO,0,2,0,0,0,MOTO=1,LIMEIRA,CAMPINAS,RIO CLARO,ESTADUAL
2020-12-09,16:27:00,L01-AUTOBAN,SP330,32.7,SUL,-23.387147393761,-46.837689002319,TOMBAMENTO,TOMBAMENTO-MOTO,NÃO INFORMADO,0,1,0,0,0,MOTO=1,CAJAMAR,REG. METROPOLITANA SÃO PAULO,SÃO PAULO,ESTADUAL
2020-12-09,17:16:00,L06-INTERVIAS,SP330,225.6,NORTE,-21.86639977,-47.49053955,COLISÃO,COLISÃO-TRASEIRA,IMPRUD. CONDUTOR,3,0,0,0,0,AUTOMÓVEL=1|CAMINHÃO=1,PORTO FERREIRA,CENTRAL,RIO CLARO,ESTADUAL
2020-12-09,19:58:00,L01-AUTOBAN,SPM330D,14.8,NORTE,-23.501292387451,-46.753555490322,ATROPELAMENTO DE ANIMAL,ATROP. ANIMAL,NÃO INFORMADO,0,1,0,0,0,MOTO=1,SÃO PAULO,REG. METROPOLITANA SÃO PAULO,SÃO PAULO,ESTADUAL
2020-12-09,20:05:00,L28-ENTREVIAS,SP330,405.1,NORTE,-20.3734115004,-47.8142880032,CHOQUE,CHOQUE-DEFENSA METÁLICA,IMPRUD. CONDUTOR-LEVOU FECHADA,0,3,0,0,0,AUTOMÓVEL=1,ITUVERAVA,FRANCA,RIBEIRÃO PRETO,ESTADUAL
2020-12-09,22:15:00,L28-ENTREVIAS,SP330,359.5,SUL,-20.7708655362,-47.8917552838,COLISÃO,COLISÃO-TRASEIRA,IMPRUD. CONDUTOR-LEVOU FECHADA,1,0,0,0,0,AUTOMÓVEL=1|NÃO INFORMADO=1,ORLÂNDIA,FRANCA,RIBEIRÃO PRETO,ESTADUAL
2020-12-09,23:36:00,L01-AUTOBAN,SP330,83.0,SUL,-23.005438745204,-47.028061151505,COLISÃO,COLISÃO-TRASEIRA,NÃO INFORMADO,0,3,0,0,0,AUTOMÓVEL=2,VALINHOS,CAMPINAS,CAMPINAS,ESTADUAL
2020-12-10,00:12:00,L06-INTERVIAS,SP330,228.7,NORTE,-21.83896065,-47.49507141,CHOQUE,"CHOQUE - DEFENSA, BARREIRA OU ""SUBMARINO""",OBJETO NA PISTA,0,1,0,0,0,AUTOMÓVEL=1,PORTO FERREIRA,CENTRAL,RIO CLARO,ESTADUAL
2020-12-10,06:47:00,L01-AUTOBAN,SP330,53.8,NORTE,-23.224550453828,-46.876618461773,ENGAVETAMENTO,ENGAVETAMENTO,NÃO INFORMADO,0,1,0,0,0,AUTOMÓVEL=2|MOTO=1|NÃO INFORMADO=1,JUNDIAÍ,CAMPINAS,CAMPINAS,ESTADUAL
2020-12-10,07:43:00,L01-AUTOBAN,SP330,103.6,SUL,-22.859255647048,-47.145031482819,ENGAVETAMENTO,ENGAVETAMENTO,NÃO INFORMADO,0,1,0,0,0,AUTOMÓVEL=1|CAMINHÃO=1|ÔNIBUS=1,CAMPINAS,CAMPINAS,CAMPINAS,ESTADUAL
2020-12-10,07:44:00,L01-AUTOBAN,SP330,100.0,SUL,-22.880529457956,-47.117882966995,ENGAVETAMENTO,ENGAVETAMENTO,NÃO INFORMADO,0,0,0,0,0,AUTOMÓVEL=3|NÃO INFORMADO=1,CAMPINAS,CAMPINAS,CAMPINAS,ESTADUAL
2020-12-10,08:34:00,L29-VIAPAULISTA,SP330,307.3,SUL,-21.20830536,-47.75850296,TOMBAMENTO,TOMBAMENTO,ÓLEO NA PISTA,1,0,0,0,0,MOTO=1,RIBEIRÃO PRETO,RIBEIRÃO PRETO,RIBEIRÃO PRETO,ESTADUAL
2020-12-10,08:47:00,L29-VIAPAULISTA,SP330,307.3,SUL,-21.20830536,-47.75850296,TOMBAMENTO,TOMBAMENTO,ÓLEO NA PISTA,1,0,0,0,0,MOTO=1,RIBEIRÃO PRETO,RIBEIRÃO PRETO,RIBEIRÃO PRETO,ESTADUAL
2020-12-10,09:05:00,L01-AUTOBAN,SPM330D,106.7,NORTE,-22.84156884646,-47.16879732039,COLISÃO,COLISÃO-TRASEIRA,NÃO INFORMADO,0,0,1,0,0,MOTO=1|VAN/PERUA=1,SUMARÉ,CAMPINAS,CAMPINAS,ESTADUAL
2020-12-10,09:54:00,L01-AUTOBAN,SP330,152.0,SUL,-22.514108056285,-47.395604252815,TOMBAMENTO,TOMBAMENTO-MOTO,NÃO INFORMADO,0,1,0,0,0,CARRETA=1|MOTO=1,LIMEIRA,CAMPINAS,RIO CLARO,ESTADUAL
2020-12-10,10:55:00,L01-AUTOBAN,SP330,39.85,NORTE,-23.32973593139,-46.838435139639,COLISÃO,COLISÃO-TRASEIRA,NÃO INFORMADO,0,0,0,0,0,CARRETA=1|UTILITÁRIO=1,CAJAMAR,REG. METROPOLITANA SÃO PAULO,SÃO PAULO,ESTADUAL
2020-12-10,14:21:00,L01-AUTOBAN,SP330,11.8,NORTE,-23.509594685226,-46.729987212609,COLISÃO,COLISÃO-LATERAL,NÃO INFORMADO,0,1,0,0,0,AUTOMÓVEL=1|MOTO=1,SÃO PAULO,REG. METROPOLITANA SÃO PAULO,SÃO PAULO,ESTADUAL
2020-12-10,16:22:00,L01-AUTOBAN,SP330,53.0,NORTE,-23.230639,-46.87295,COLISÃO,COLISÃO-TRANSVERSAL,NÃO INFORMADO,0,0,0,0,0,AUTOMÓVEL=2,JUNDIAÍ,CAMPINAS,CAMPINAS,ESTADUAL
2020-12-10,19:26:00,L06-INTERVIAS,SP330,201.0,NORTE,-22.07900047,-47.4219017,CHOQUE,CHOQUE-OBJETO NA PISTA,OBJETO NA PISTA,1,0,0,0,0,AUTOMÓVEL=1,SANTA CRUZ DA CONCEIÇÃO,CAMPINAS,RIO CLARO,ESTADUAL
2020-12-10,19:32:00,L01-AUTOBAN,SPM330D,101.62,NORTE,-22.869813509881,-47.129320570239,ENGAVETAMENTO,ENGAVETAMENTO,NÃO INFORMADO,0,0,0,0,0,AUTOMÓVEL=4,CAMPINAS,CAMPINAS,CAMPINAS,ESTADUAL
2020-12-10,19:34:00,L06-INTERVIAS,SP330,175.8,NORTE,-22.30970001,-47.39110184,CHOQUE,"CHOQUE - DEFENSA, BARREIRA OU ""SUBMARINO""",IMPRUD. CONDUTOR-PERDA DE CONTROLE,1,0,0,0,0,AUTOMÓVEL=1,ARARAS,CAMPINAS,RIO CLARO,ESTADUAL
2020-12-10,23:12:00,L01-AUTOBAN,SP330,106.59,NORTE,-22.842344849705,-47.16805209123,CHOQUE,CHOQUE-BARREIRA DE CONCRETO,NÃO INFORMADO,0,1,0,0,0,AUTOMÓVEL=1,SUMARÉ,CAMPINAS,CAMPINAS,ESTADUAL
2020-12-11,01:32:00,L01-AUTOBAN,SP330,23.5,NORTE,-23.439449254874,-46.786584556103,COLISÃO,COLISÃO-LATERAL,NÃO INFORMADO,0,0,0,0,0,AUTOMÓVEL=1|UTILITÁRIO=1,SÃO PAULO,REG. METROPOLITANA SÃO PAULO,SÃO PAULO,ESTADUAL
2020-12-11,02:51:00,L28-ENTREVIAS,SP330,386.5,NORTE,-20.5366542031,-47.8496802805,COLISÃO,COLISÃO-TRASEIRA,IMPRUD. CONDUTOR-DIST. INADEQUADA ENTRE VEÍC.,1,0,0,0,0,CAMINHÃO=2,SÃO JOAQUIM DA BARRA,FRANCA,RIBEIRÃO PRETO,ESTADUAL
2020-12-11,04:01:00,L06-INTERVIAS,SP330,175.0,SUL,-22.30970001,-47.39149857,CHOQUE,CHOQUE-OBJETO NÃO IDENTIFICADO,OBJETO NA PISTA,0,0,0,0,0,CAMINHONETE=1|CAMINHÃO=1,ARARAS,CAMPINAS,RIO CLARO,ESTADUAL
2020-12-11,07:03:00,L01-AUTOBAN,SP330,122.0,NORTE,-22.743594,-47.268248,COLISÃO,COLISÃO-LATERAL,NÃO INFORMADO,0,0,0,0,0,AUTOMÓVEL=1|CARRETA=1,AMERICANA,CAMPINAS,RIO CLARO,ESTADUAL
2020-12-11,07:29:00,L01-AUTOBAN,SP330,102.0,SUL,-22.868355,-47.132428,ENGAVETAMENTO,ENGAVETAMENTO,NÃO INFORMADO,0,0,0,0,0,AUTOMÓVEL=2|NÃO INFORMADO=1,CAMPINAS,CAMPINAS,CAMPINAS,ESTADUAL
2020-12-11,09:13:00,L01-AUTOBAN,SP330,125.54,NORTE,-22.72318747444,-47.293438914139,CHOQUE,CHOQUE-VEÍCULO PARADO NO ACOSTAMENTO,NÃO INFORMADO,0,0,0,0,1,BITREM/CVC=1|CAMINHÃO=2|MOTO=1|VAN/PERUA=1|ÔNIBUS=1,AMERICANA,CAMPINAS,RIO CLARO,ESTADUAL
2020-12-11,10:01:00,L01-AUTOBAN,SP330,21.5,SUL,-23.457013849312,-46.784047186375,ENGAVETAMENTO,ENGAVETAMENTO,NÃO INFORMADO,0,0,0,0,0,AUTOMÓVEL=2|NÃO INFORMADO=2,SÃO PAULO,REG. METROPOLITANA SÃO PAULO,SÃO PAULO,ESTADUAL
2020-12-11,10:33:00,L06-INTERVIAS,SP330,165.0,NORTE,-22.39789963,-47.38970184,CHOQUE,CHOQUE-ELEMENTO DE DRENAGEM,IMPRUD. CONDUTOR-PERDA DE CONTROLE,1,0,0,0,0,CAMINHÃO=1,ARARAS,CAMPINAS,RIO CLARO,ESTADUAL
2020-12-11,16:25:00,L01-AUTOBAN,SP330,144.16,SUL,-22.57688990395,-47.36686556078,CHOQUE,CHOQUE-DEFENSA METÁLICA,NÃO INFORMADO,0,3,0,0,0,UTILITÁRIO=1,LIMEIRA,CAMPINAS,RIO CLARO,ESTADUAL
2020-12-11,17:25:00,L01-AUTOBAN,SPM330D,111.2,NORTE,-22.816908727505,-47.203181483119,COLISÃO,COLISÃO-TRASEIRA,NÃO INFORMADO,0,0,0,0,0,AUTOMÓVEL=2,SUMARÉ,CAMPINAS,CAMPINAS,ESTADUAL
2020-12-11,17:30:00,L01-AUTOBAN,SP330,28.5,NORTE,-23.410117373066,-46.815842092037,COLISÃO,COLISÃO-TRASEIRA,NÃO INFORMADO,0,0,0,0,0,NÃO INFORMADO=1|UTILITÁRIO=1,SÃO PAULO,REG. METROPOLITANA SÃO PAULO,SÃO PAULO,ESTADUAL
2020-12-11,17:53:00,L01-AUTOBAN,SP330,116.0,SUL,-22.783526300145,-47.230841517448,CHOQUE,CHOQUE-BARREIRA DE CONCRETO,NÃO INFORMADO,0,0,0,0,0,AUTOMÓVEL=1,NOVA ODESSA,CAMPINAS,RIO CLARO,ESTADUAL
2020-12-11,18:31:00,L01-AUTOBAN,SP330,18.0,NORTE,-23.482416628034,-46.770944595337,COLISÃO,COLISÃO-TRASEIRA,NÃO INFORMADO,0,0,0,0,0,AUTOMÓVEL=1|NÃO INFORMADO=1,OSASCO,REG. METROPOLITANA SÃO PAULO,SÃO PAULO,ESTADUAL
2020-12-11,19:14:00,L01-AUTOBAN,SP330,106.5,NORTE,-22.842979732094,-47.167442386475,ENGAVETAMENTO,ENGAVETAMENTO,NÃO INFORMADO,0,1,0,0,0,AUTOMÓVEL=2|UTILITÁRIO=1,SUMARÉ,CAMPINAS,CAMPINAS,ESTADUAL
2020-12-11,19:28:00,L01-AUTOBAN,SPM330E,56.15,SUL,-23.210296782281,-46.892920207401,COLISÃO,COLISÃO-TRASEIRA,NÃO INFORMADO,0,1,0,0,0,AUTOMÓVEL=1|MOTO=1,JUNDIAÍ,CAMPINAS,CAMPINAS,ESTADUAL
2020-12-11,20:13:00,L29-VIAPAULISTA,SP330,305.5,SUL,-21.22497749,-47.75938034,CHOQUE,"CHOQUE - DEFENSA, BARREIRA OU ""SUBMARINO""",MAL SÚBITO DO CONDUTOR,0,1,0,0,0,AUTOMÓVEL=1,RIBEIRÃO PRETO,RIBEIRÃO PRETO,RIBEIRÃO PRETO,ESTADUAL
2020-12-11,20:57:00,L01-AUTOBAN,SP330,105.0,SUL,-22.852088298342,-47.156785726547,COLISÃO,COLISÃO-TRASEIRA,NÃO INFORMADO,0,0,0,0,0,AUTOMÓVEL=1|NÃO INFORMADO=1,CAMPINAS,CAMPINAS,CAMPINAS,ESTADUAL
2020-12-11,21:05:00,L29-VIAPAULISTA,SP330,307.3,SUL,-21.20830536,-47.75850296,CHOQUE,"CHOQUE - DEFENSA, BARREIRA OU ""SUBMARINO""",IMPRUD. CONDUTOR-LEVOU FECHADA,3,0,0,0,0,AUTOMÓVEL=1,RIBEIRÃO PRETO,RIBEIRÃO PRETO,RIBEIRÃO PRETO,ESTADUAL
2020-12-12,00:44:00,L01-AUTOBAN,SP330,108.25,NORTE,-22.83128252652,-47.178846895695,CHOQUE,"CHOQUE-CERCAS, ALAMBRADOS, MOURÃO",NÃO INFORMADO,0,0,0,0,0,AUTOMÓVEL=1,SUMARÉ,CAMPINAS,CAMPINAS,ESTADUAL
2020-12-12,01:39:00,L01-AUTOBAN,SP330,96.9,SUL,-22.905120741865,-47.107200274786,COLISÃO,COLISÃO-TRASEIRA,NÃO INFORMADO,0,0,1,0,0,MOTO=1|NÃO INFORMADO=1,CAMPINAS,CAMPINAS,CAMPINAS,ESTADUAL
2020-12-12,05:54:00,L01-AUTOBAN,SP330,17.5,NORTE,-23.486372309821,-46.768852472305,COLISÃO,COLISÃO-TRASEIRA,NÃO INFORMADO,0,0,0,0,0,AUTOMÓVEL=1|NÃO INFORMADO=1,OSASCO,REG. METROPOLITANA SÃO PAULO,SÃO PAULO,ESTADUAL
2020-12-12,07:14:00,L01-AUTOBAN,SPM330E,56.2,SUL,-23.210044600698,-46.893291955898,CHOQUE,CHOQUE-DEFENSA METÁLICA,NÃO INFORMADO,0,0,0,0,0,AUTOMÓVEL=1,JUNDIAÍ,CAMPINAS,CAMPINAS,ESTADUAL
2020-12-12,07:45:00,L01-AUTOBAN,SPI102/330,5.0,SUL,-22.907442732813,-47.137323617935,CHOQUE,CHOQUE-TALUDE OU BARRANCO,NÃO INFORMADO,0,0,0,0,0,AUTOMÓVEL=1,CAMPINAS,CAMPINAS,CAMPINAS,ESTADUAL
2020-12-12,11:56:00,L28-ENTREVIAS,SP330,325.0,NORTE,-21.0629891647,-47.8175044277,TOMBAMENTO,TOMBAMENTO-VEÍCULOS PESADOS,IMPRUD. CONDUTOR-EXCESSO DE VELOCIDADE,3,0,0,0,0,AUTOMÓVEL=2|CAMINHÃO=1,RIBEIRÃO PRETO,RIBEIRÃO PRETO,RIBEIRÃO PRETO,ESTADUAL
2020-12-12,15:08:00,L28-ENTREVIAS,SP330,448.0,NORTE,-20.0007832541,-47.7857809967,CHOQUE,CHOQUE-TALUDE OU BARRANCO,IMPRUD. CONDUTOR-LEVOU FECHADA,0,1,0,0,0,AUTOMÓVEL=1,IGARAPAVA,FRANCA,RIBEIRÃO PRETO,ESTADUAL
2020-12-12,16:53:00,L01-AUTOBAN,SPM330D,25.6,NORTE,-23.422754775,-46.791755279432,COLISÃO,COLISÃO-LATERAL,NÃO INFORMADO,0,0,0,0,0,AUTOMÓVEL=1|CARRETA=1,SÃO PAULO,NÃO INFORMADO,NÃO INFORMADO,NÃO INFORMADO
2020-12-12,16:57:00,L01-AUTOBAN,SPM330D,109.3,NORTE,-22.825963521737,-47.186457421813,COLISÃO,COLISÃO-LATERAL,NÃO INFORMADO,0,0,0,0,0,AUTOMÓVEL=2,SUMARÉ,CAMPINAS,CAMPINAS,ESTADUAL
2020-12-13,00:40:00,L01-AUTOBAN,SPM330E,89.8,SUL,-22.952619852998,-47.061270131544,CHOQUE,CHOQUE-DEFENSA METÁLICA,NÃO INFORMADO,0,0,0,0,0,AUTOMÓVEL=1,CAMPINAS,CAMPINAS,CAMPINAS,ESTADUAL
2020-12-13,01:13:00,L01-AUTOBAN,SP330,92.0,NORTE,-22.935116422047,-47.071389555931,CHOQUE,CHOQUE-DEFENSA METÁLICA,NÃO INFORMADO,0,0,0,0,0,AUTOMÓVEL=1,CAMPINAS,CAMPINAS,CAMPINAS,ESTADUAL
2020-12-13,01:15:00,L29-VIAPAULISTA,SP330,315.0,SUL,-21.1398716,-47.76180649,COLISÃO,COLISÃO-TRASEIRA,NÃO INFORMADO,3,0,0,0,0,AUTOMÓVEL=1|CAMINHÃO=1,RIBEIRÃO PRETO,RIBEIRÃO PRETO,RIBEIRÃO PRETO,ESTADUAL
2020-12-13,01:16:00,L01-AUTOBAN,SP330,98.0,NORTE,-22.895874533463,-47.110748291016,CHOQUE,CHOQUE-BARREIRA DE CONCRETO,NÃO INFORMADO,0,0,0,0,0,AUTOMÓVEL=1,CAMPINAS,CAMPINAS,CAMPINAS,ESTADUAL
2020-12-13,01:44:00,L06-INTERVIAS,SP330,229.0,SUL,-21.83600044,-47.49539948,ENGAVETAMENTO,ENGAVETAMENTO,IMPRUD. CONDUTOR-FAROL DESREGULADO/APAGADO,22,0,0,0,0,CAMINHONETE=1|CAMINHÃO=1|ÔNIBUS=1,PORTO FERREIRA,CENTRAL,RIO CLARO,ESTADUAL
2020-12-13,04:31:00,L01-AUTOBAN,SP330,17.7,SUL,-23.484531237031,-46.769944134505,CHOQUE,CHOQUE-BARREIRA DE CONCRETO,NÃO INFORMADO,0,0,0,0,0,AUTOMÓVEL=1,OSASCO,REG. METROPOLITANA SÃO PAULO,SÃO PAULO,ESTADUAL
2020-12-13,04:59:00,L01-AUTOBAN,SP330,34.6,NORTE,-23.371806809876,-46.843052792496,CHOQUE,CHOQUE-BARREIRA DE CONCRETO,NÃO INFORMADO,0,0,0,0,0,AUTOMÓVEL=1,CAJAMAR,REG. METROPOLITANA SÃO PAULO,SÃO PAULO,ESTADUAL
2020-12-13,05:47:00,L29-VIAPAULISTA,SP330,307.0,SUL,-21.21128464,-47.75865936,CHOQUE,"CHOQUE - DEFENSA, BARREIRA OU ""SUBMARINO""",IMPRUD. CONDUTOR,2,1,0,0,0,AUTOMÓVEL=1,RIBEIRÃO PRETO,RIBEIRÃO PRETO,RIBEIRÃO PRETO,ESTADUAL
2020-12-13,05:57:00,L01-AUTOBAN,SP330,40.9,SUL,-23.3240115102,-46.846357596442,CHOQUE,CHOQUE-TALUDE OU BARRANCO,NÃO INFORMADO,0,1,0,0,0,UTILITÁRIO=1,CAJAMAR,REG. METROPOLITANA SÃO PAULO,SÃO PAULO,ESTADUAL
2020-12-13,06:09:00,L01-AUTOBAN,SPM330E,92.5,SUL,-22.932495651367,-47.075100620888,TOMBAMENTO,TOMBAMENTO-MOTO,NÃO INFORMADO,0,1,0,0,0,MOTO=1|NÃO INFORMADO=1,CAMPINAS,CAMPINAS,CAMPINAS,ESTADUAL
2020-12-13,07:10:00,L29-VIAPAULISTA,SP330,243.6,NORTE,-21.73861122,-47.5813446,CHOQUE,CHOQUE-OUTROS,ÓLEO NA PISTA,7,0,0,0,0,CAMINHONETE=1,SANTA RITA DO PASSA QUATRO,CENTRAL,RIBEIRÃO PRETO,ESTADUAL
2020-12-13,13:10:00,L01-AUTOBAN,SP330,98.0,SUL,-22.896245165998,-47.110952138901,CHOQUE,CHOQUE-ELEMENTO DE DRENAGEM,NÃO INFORMADO,0,0,0,0,0,AUTOMÓVEL=1,CAMPINAS,CAMPINAS,CAMPINAS,ESTADUAL
2020-12-13,15:54:00,L01-AUTOBAN,SP330,78.0,SUL,-23.045293,-47.004756,ENGAVETAMENTO,ENGAVETAMENTO,NÃO INFORMADO,0,0,0,0,0,AUTOMÓVEL=5,VINHEDO,CAMPINAS,CAMPINAS,ESTADUAL
2020-12-13,15:56:00,L01-AUTOBAN,SP330,111.0,SUL,-22.818118179636,-47.201744914055,COLISÃO,COLISÃO-TRASEIRA,NÃO INFORMADO,0,0,0,0,0,AUTOMÓVEL=1|NÃO INFORMADO=1,SUMARÉ,CAMPINAS,CAMPINAS,ESTADUAL
2020-12-13,15:56:00,L01-AUTOBAN,SP330,72.8,NORTE,-23.084064907451,-46.976863051683,CHOQUE,CHOQUE-DEFENSA METÁLICA,NÃO INFORMADO,0,0,0,0,0,AUTOMÓVEL=1,LOUVEIRA,CAMPINAS,CAMPINAS,ESTADUAL
2020-12-13,16:21:00,L01-AUTOBAN,SP330,128.0,NORTE,-22.703830247056,-47.303427457809,CHOQUE,CHOQUE-DEFENSA METÁLICA,NÃO INFORMADO,0,2,0,0,0,AUTOMÓVEL=1,AMERICANA,CAMPINAS,RIO CLARO,ESTADUAL
2020-12-13,16:59:00,L01-AUTOBAN,SP330,82.5,NORTE,-23.009267880571,-47.025319933891,CHOQUE,CHOQUE-BARREIRA DE CONCRETO,NÃO INFORMADO,0,1,0,0,0,AUTOMÓVEL=1,VALINHOS,CAMPINAS,CAMPINAS,ESTADUAL
2020-12-13,17:25:00,L01-AUTOBAN,SP330,61.6,SUL,-23.171410457689,-46.923449623432,CHOQUE,CHOQUE-VEÍCULO PARADO NO ACOSTAMENTO,NÃO INFORMADO,0,0,0,0,0,AUTOMÓVEL=2,JUNDIAÍ,CAMPINAS,CAMPINAS,ESTADUAL
2020-12-13,19:57:00,L01-AUTOBAN,SP330,43.6,SUL,-23.30565923662,-46.857012392097,ENGAVETAMENTO,ENGAVETAMENTO,NÃO INFORMADO,0,2,0,0,0,AUTOMÓVEL=3,CAJAMAR,REG. METROPOLITANA SÃO PAULO,SÃO PAULO,ESTADUAL
2020-12-13,20:22:00,L01-AUTOBAN,SP330,43.0,SUL,-23.310350420577,-46.857408285141,ENGAVETAMENTO,ENGAVETAMENTO,NÃO INFORMADO,0,1,0,0,0,AUTOMÓVEL=5|BITREM/CVC=1,CAJAMAR,REG. METROPOLITANA SÃO PAULO,SÃO PAULO,ESTADUAL
2020-12-13,22:26:00,L01-AUTOBAN,SP330,21.0,SUL,-23.460992556264,-46.781448125839,COLISÃO,COLISÃO-TRASEIRA,NÃO INFORMADO,0,0,0,0,0,BITREM/CVC=1|CARRETA=1,SÃO PAULO,REG. METROPOLITANA SÃO PAULO,SÃO PAULO,ESTADUAL
2020-12-14,03:48:00,L06-INTERVIAS,SP330,188.4,NORTE,-22.18950081,-47.39759827,CHOQUE,"CHOQUE - DEFENSA, BARREIRA",NÃO INFORMADO,1,0,0,0,0,AUTOMÓVEL=1,LEME,CAMPINAS,RIO CLARO,ESTADUAL
2020-12-14,04:37:00,L01-AUTOBAN,SPM330D,58.86,NORTE,-23.19004587478,-46.906167520838,CHOQUE,CHOQUE-DEFENSA METÁLICA,NÃO INFORMADO,0,0,0,0,0,AUTOMÓVEL=1,JUNDIAÍ,CAMPINAS,CAMPINAS,ESTADUAL
2020-12-14,05:57:00,L01-AUTOBAN,SP330,31.0,SUL,-23.40154396685,-46.836969852448,CAPOTAMENTO,CAPOTAMENTO,NÃO INFORMADO,0,2,0,0,0,AUTOMÓVEL=1,CAJAMAR,REG. METROPOLITANA SÃO PAULO,SÃO PAULO,ESTADUAL
2020-12-14,06:23:00,L06-INTERVIAS,SP330,199.4,SUL,-22.09210014,-47.41825104,CHOQUE,"CHOQUE - DEFENSA, BARREIRA OU ""SUBMARINO""",CONDIÇÃO CLIMÁTICA,1,0,0,0,0,CAMINHÃO=1,SANTA CRUZ DA CONCEIÇÃO,CAMPINAS,RIO CLARO,ESTADUAL
2020-12-14,06:24:00,L01-AUTOBAN,SP330,120.0,NORTE,-22.756649,-47.254609,CHOQUE,CHOQUE-BARREIRA DE CONCRETO,NÃO INFORMADO,0,0,0,0,0,AUTOMÓVEL=1,AMERICANA,CAMPINAS,RIO CLARO,ESTADUAL
2020-12-14,06:28:00,L06-INTERVIAS,SP330,199.8,SUL,-22.08865929,-47.41941071,CHOQUE,"CHOQUE - DEFENSA, BARREIRA OU ""SUBMARINO""",TRÁFEGO-CONGESTIONAMENTO,2,0,0,0,0,CAMINHÃO=1,SANTA CRUZ DA CONCEIÇÃO,CAMPINAS,RIO CLARO,ESTADUAL
2020-12-14,06:52:00,L01-AUTOBAN,SP330,41.4,SUL,-23.32104153879,-46.849576243985,CHOQUE,CHOQUE-TALUDE OU BARRANCO,NÃO INFORMADO,0,0,0,0,0,AUTOMÓVEL=1,CAJAMAR,REG. METROPOLITANA SÃO PAULO,SÃO PAULO,ESTADUAL
2020-12-14,06:52:00,L01-AUTOBAN,SP330,31.2,SUL,-23.399809566864,-46.836688080883,ENGAVETAMENTO,ENGAVETAMENTO,NÃO INFORMADO,0,0,0,0,0,AUTOMÓVEL=3,CAJAMAR,REG. METROPOLITANA SÃO PAULO,SÃO PAULO,ESTADUAL
2020-12-14,06:52:00,L06-INTERVIAS,SP330,193.52,NORTE,-22.14413643,-47.40443039,COLISÃO,COLISÃO-LATERAL,IMPRUD. CONDUTOR,4,0,0,0,0,AUTOMÓVEL=1|CAMINHÃO=1,LEME,CAMPINAS,RIO CLARO,ESTADUAL
2020-12-14,07:01:00,L01-AUTOBAN,SP330,53.0,NORTE,-23.230639,-46.87295,ENGAVETAMENTO,ENGAVETAMENTO,NÃO INFORMADO,1,0,0,0,0,AUTOMÓVEL=1|NÃO INFORMADO=2,JUNDIAÍ,CAMPINAS,CAMPINAS,ESTADUAL
2020-12-14,07:02:00,L01-AUTOBAN,SP330,41.4,SUL,-23.32104153879,-46.849576243985,TOMBAMENTO,TOMBAMENTO-MOTO,NÃO INFORMADO,0,1,0,0,0,MOTO=1,CAJAMAR,REG. METROPOLITANA SÃO PAULO,SÃO PAULO,ESTADUAL
2020-12-14,07:05:00,L01-AUTOBAN,SP330,98.0,SUL,-22.896245165998,-47.110952138901,CHOQUE,CHOQUE-BARREIRA DE CONCRETO,NÃO INFORMADO,0,0,0,0,0,AUTOMÓVEL=1,CAMPINAS,CAMPINAS,CAMPINAS,ESTADUAL
2020-12-14,07:20:00,L01-AUTOBAN,SP330,63.1,NORTE,-23.159908735465,-46.93220736205,ENGAVETAMENTO,ENGAVETAMENTO,NÃO INFORMADO,0,1,0,0,0,AUTOMÓVEL=6,JUNDIAÍ,CAMPINAS,CAMPINAS,ESTADUAL
2020-12-14,08:08:00,L06-INTERVIAS,SP330,176.0,NORTE,-22.30069923,-47.39199829,COLISÃO,COLISÃO-TRASEIRA,IMPRUD. CONDUTOR-DORMIR AO VOLANTE,1,1,0,0,0,CAMINHÃO=2,ARARAS,CAMPINAS,RIO CLARO,ESTADUAL
2020-12-14,08:09:00,L01-AUTOBAN,SP330,57.5,NORTE,-23.201416810729,-46.901391148567,CHOQUE,CHOQUE-BARREIRA DE CONCRETO,NÃO INFORMADO,0,1,0,0,0,AUTOMÓVEL=2,JUNDIAÍ,CAMPINAS,CAMPINAS,ESTADUAL
2020-12-14,09:13:00,L01-AUTOBAN,SPM330D,99.0,NORTE,-22.887730245676,-47.113253474236,CHOQUE,CHOQUE-MEIO FIO/CALÇAMENTO,NÃO INFORMADO,0,0,0,0,0,AUTOMÓVEL=1,CAMPINAS,CAMPINAS,CAMPINAS,ESTADUAL
2020-12-14,14:05:00,L01-AUTOBAN,SP330,128.38,NORTE,-22.701116548495,-47.305671851864,CHOQUE,CHOQUE-BARREIRA DE CONCRETO,NÃO INFORMADO,0,0,0,0,0,AUTOMÓVEL=1,AMERICANA,CAMPINAS,RIO CLARO,ESTADUAL
2020-12-14,15:19:00,L01-AUTOBAN,SP330,112.8,SUL,-22.80859252046,-47.215002558514,CHOQUE,CHOQUE-BARREIRA DE CONCRETO,NÃO INFORMADO,0,1,0,1,0,CARRETA=1|MOTO=1,SUMARÉ,CAMPINAS,CAMPINAS,ESTADUAL
2020-12-14,17:41:00,L01-AUTOBAN,SP330,75.95,SUL,-23.060963873062,-46.994187732529,CHOQUE,CHOQUE-DEFENSA METÁLICA,NÃO INFORMADO,0,1,0,0,0,AUTOMÓVEL=1,VINHEDO,CAMPINAS,CAMPINAS,ESTADUAL
2020-12-14,19:47:00,L06-INTERVIAS,SP330,170.5,SUL,-22.34939957,-47.39440155,CHOQUE,CHOQUE-OBJETO NA PISTA,OBJETO NA PISTA,2,0,0,0,0,AUTOMÓVEL=1,ARARAS,CAMPINAS,RIO CLARO,ESTADUAL
2020-12-14,22:15:00,L06-INTERVIAS,SP330,205.3,NORTE,-22.04125977,-47.43138885,CHOQUE,CHOQUE-ELEMENTO DE DRENAGEM,IMPRUD. CONDUTOR,4,0,0,0,0,AUTOMÓVEL=1,PIRASSUNUNGA,CAMPINAS,RIO CLARO,ESTADUAL
2020-12-15,00:04:00,L01-AUTOBAN,SP330,125.74,SUL,-22.72146301742,-47.294268351302,CHOQUE,CHOQUE-BARREIRA DE CONCRETO,NÃO INFORMADO,0,1,0,0,0,UTILITÁRIO=1,AMERICANA,CAMPINAS,RIO CLARO,ESTADUAL
2020-12-15,02:05:00,L06-INTERVIAS,SP330,201.9,NORTE,-22.06940079,-47.42430115,ATROPELAMENTO DE ANIMAL,ATROP. ANIMAL,ANIMAL NA RODOVIA,1,0,0,0,0,CAMINHONETE=1,PIRASSUNUNGA,CAMPINAS,RIO CLARO,ESTADUAL
2020-12-15,06:36:00,L01-AUTOBAN,SP330,98.0,NORTE,-22.895874533463,-47.110748291016,COLISÃO,COLISÃO-LATERAL,NÃO INFORMADO,0,1,0,0,0,MOTO=1|ÔNIBUS=1,CAMPINAS,CAMPINAS,CAMPINAS,ESTADUAL
2020-12-15,07:46:00,L01-AUTOBAN,SPI102/330,6.7,NORTE,-22.920326240784,-47.132604655507,CHOQUE,CHOQUE-BARREIRA DE CONCRETO,NÃO INFORMADO,0,0,0,0,0,AUTOMÓVEL=1,CAMPINAS,CAMPINAS,CAMPINAS,ESTADUAL
2020-12-15,08:00:00,L01-AUTOBAN,SP330,155.3,SUL,-22.484839269173,-47.399616630877,COLISÃO,COLISÃO-TRASEIRA,NÃO INFORMADO,0,0,0,0,0,AUTOMÓVEL=1|NÃO INFORMADO=1,CORDEIRÓPOLIS,CAMPINAS,RIO CLARO,ESTADUAL
2020-12-15,09:09:00,L29-VIAPAULISTA,SPA307/330,3.3,LESTE,-21.18784904,-47.78477478,TOMBAMENTO,TOMBAMENTO,IMPRUD. CONDUTOR-LEVOU FECHADA,2,0,0,0,0,AUTOMÓVEL=1|MOTO=1,RIBEIRÃO PRETO,RIBEIRÃO PRETO,RIBEIRÃO PRETO,ESTADUAL
2020-12-15,09:53:00,L01-AUTOBAN,SP330,118.38,SUL,-22.766928962395,-47.243972415213,CHOQUE,CHOQUE-VEÍCULO PARADO NO ACOSTAMENTO,NÃO INFORMADO,0,0,0,0,0,BITREM/CVC=1|CAMINHÃO=1,NOVA ODESSA,CAMPINAS,RIO CLARO,ESTADUAL
2020-12-15,12:01:00,L01-AUTOBAN,SP330,143.0,NORTE,-22.587564753304,-47.367435693741,TOMBAMENTO,TOMBAMENTO-MOTO,NÃO INFORMADO,0,1,0,0,0,MOTO=1,LIMEIRA,CAMPINAS,RIO CLARO,ESTADUAL
2020-12-15,13:18:00,L01-AUTOBAN,SP330,125.32,NORTE,-22.725260115963,-47.292789815956,CHOQUE,CHOQUE-BARREIRA DE CONCRETO,NÃO INFORMADO,0,1,0,0,0,BITREM/CVC=1,AMERICANA,CAMPINAS,RIO CLARO,ESTADUAL
2020-12-15,13:57:00,L29-VIAPAULISTA,SP330,242.5,NORTE,-21.74624252,-47.57458496,CHOQUE,"CHOQUE - DEFENSA, BARREIRA OU ""SUBMARINO""",IMPRUD. CONDUTOR-PERDA DE CONTROLE,1,0,0,0,0,CAMINHONETE=1,SANTA RITA DO PASSA QUATRO,CENTRAL,RIBEIRÃO PRETO,ESTADUAL
2020-12-15,17:28:00,L01-AUTOBAN,SP330,21.0,NORTE,-23.460712061888,-46.781405210495,ENGAVETAMENTO,ENGAVETAMENTO,NÃO INFORMADO,0,0,0,0,0,AUTOMÓVEL=3|UTILITÁRIO=1,SÃO PAULO,REG. METROPOLITANA SÃO PAULO,SÃO PAULO,ESTADUAL
2020-12-15,17:36:00,L01-AUTOBAN,SP330,85.62,SUL,-22.985539965922,-47.04194760458,CHOQUE,CHOQUE-BARREIRA DE CONCRETO,NÃO INFORMADO,0,0,0,0,0,AUTOMÓVEL=1,VALINHOS,CAMPINAS,CAMPINAS,ESTADUAL
2020-12-15,17:45:00,L01-AUTOBAN,SP330,25.2,SUL,-23.425445065063,-46.788964879819,TOMBAMENTO,TOMBAMENTO,NÃO INFORMADO,0,1,0,0,0,UTILITÁRIO=1,SÃO PAULO,REG. METROPOLITANA SÃO PAULO,SÃO PAULO,ESTADUAL
2020-12-15,18:07:00,L01-AUTOBAN,SP330,107.0,NORTE,-22.839452464187,-47.170829772949,COLISÃO,COLISÃO-TRASEIRA,NÃO INFORMADO,0,0,0,0,0,UTILITÁRIO=1|VAN/PERUA=1,SUMARÉ,CAMPINAS,CAMPINAS,ESTADUAL
2020-12-15,18:34:00,L01-AUTOBAN,SP330,53.3,NORTE,-23.228355798815,-46.874325670978,ENGAVETAMENTO,ENGAVETAMENTO,NÃO INFORMADO,0,0,0,0,0,AUTOMÓVEL=2|CAMINHÃO=1,JUNDIAÍ,CAMPINAS,CAMPINAS,ESTADUAL
2020-12-15,18:54:00,L29-VIAPAULISTA,SPA307/330,0.2,OESTE,-21.20450592,-47.76023483,TOMBAMENTO,TOMBAMENTO,ESTOURO/FURO DE PNEU,0,1,0,0,0,MOTO=1,RIBEIRÃO PRETO,RIBEIRÃO PRETO,RIBEIRÃO PRETO,ESTADUAL
2020-12-15,20:00:00,L01-AUTOBAN,SPM330D,110.2,NORTE,-22.82167923589,-47.194331260098,COLISÃO,COLISÃO-TRASEIRA,NÃO INFORMADO,0,0,0,0,0,AUTOMÓVEL=2,SUMARÉ,CAMPINAS,CAMPINAS,ESTADUAL
2020-12-16,03:16:00,L28-ENTREVIAS,SP330,337.2,SUL,-20.9655755042,-47.8679790094,QUEDA,QUEDA-OAE (PONTES/VIADUTOS),IMPRUD. CONDUTOR-PERDA DE CONTROLE,0,2,0,0,0,AUTOMÓVEL=1,JARDINÓPOLIS,RIBEIRÃO PRETO,RIBEIRÃO PRETO,ESTADUAL
2020-12-16,05:18:00,L01-AUTOBAN,SP330,56.7,NORTE,-23.207421674839,-46.896876996382,CHOQUE,CHOQUE-BARREIRA DE CONCRETO,NÃO INFORMADO,0,0,0,0,0,AUTOMÓVEL=1,JUNDIAÍ,CAMPINAS,CAMPINAS,ESTADUAL
2020-12-16,06:41:00,L28-ENTREVIAS,SPA410/330,0.0,OESTE,-22.3727835946,-50.5944161425,TOMBAMENTO,TOMBAMENTO-MOTO,IMPRUD. CONDUTOR-LEVOU FECHADA,0,1,0,0,0,MOTOCICLETA / MOTONETA=1,ITUVERAVA,FRANCA,RIBEIRÃO PRETO,ESTADUAL
2020-12-16,06:52:00,L01-AUTOBAN,SP330,62.0,SUL,-23.168814423993,-46.926614642143,CHOQUE,CHOQUE-DEFENSA METÁLICA,NÃO INFORMADO,0,0,0,1,0,MOTO=1,JUNDIAÍ,CAMPINAS,CAMPINAS,ESTADUAL
2020-12-16,07:16:00,L28-ENTREVIAS,SP330,383.0,NORTE,-20.5582085061,-47.8640154864,COLISÃO,COLISÃO-TRASEIRA,IMPRUD. CONDUTOR-FALTA DE ATENÇÃO,1,1,0,0,0,AUTOMÓVEL=1|MOTOCICLETA / MOTONETA=1,SÃO JOAQUIM DA BARRA,FRANCA,RIBEIRÃO PRETO,ESTADUAL
2020-12-16,07:25:00,L29-VIAPAULISTA,SP330,287.0,NORTE,-21.37875748,-47.70628738,TOMBAMENTO,TOMBAMENTO,IMPRUD. CONDUTOR-PERDA DE CONTROLE,0,1,0,0,0,MOTO=1,CRAVINHOS,RIBEIRÃO PRETO,RIBEIRÃO PRETO,ESTADUAL
2020-12-16,07:37:00,L01-AUTOBAN,SPM330E,106.6,SUL,-22.84263226478,-47.168224801535,COLISÃO,COLISÃO-LATERAL,NÃO INFORMADO,0,1,0,0,0,MOTO=1|UTILITÁRIO=1,SUMARÉ,CAMPINAS,CAMPINAS,ESTADUAL
2020-12-16,07:54:00,L01-AUTOBAN,SP330,24.1,SUL,-23.434000748597,-46.786540047672,COLISÃO,COLISÃO-LATERAL,NÃO INFORMADO,0,0,0,0,0,AUTOMÓVEL=1|NÃO INFORMADO=1,SÃO PAULO,REG. METROPOLITANA SÃO PAULO,SÃO PAULO,ESTADUAL
2020-12-16,12:33:00,L06-INTERVIAS,SP330,165.4,NORTE,-22.3946991,-47.39117813,COLISÃO,COLISÃO-LATERAL,PANE MECÂNICA,3,0,0,0,0,AUTOMÓVEL=1|CAMINHÃO=1,ARARAS,CAMPINAS,RIO CLARO,ESTADUAL
2020-12-16,13:26:00,L01-AUTOBAN,SP330,152.7,NORTE,-22.507947623514,-47.397864807736,CHOQUE,CHOQUE-VEÍCULO PARADO NA PISTA,NÃO INFORMADO,0,0,0,0,0,AUTOMÓVEL=2,CORDEIRÓPOLIS,CAMPINAS,RIO CLARO,ESTADUAL
2020-12-16,14:21:00,L01-AUTOBAN,SP330,68.94,SUL,-23.114292378565,-46.957501037905,COLISÃO,COLISÃO-LATERAL,NÃO INFORMADO,0,2,0,0,0,AUTOMÓVEL=1|CAMINHÃO=1,JUNDIAÍ,CAMPINAS,CAMPINAS,ESTADUAL
2020-12-16,14:51:00,L01-AUTOBAN,SPM330E,94.2,SUL,-22.924789935342,-47.087311232503,COLISÃO,COLISÃO-LATERAL,NÃO INFORMADO,0,2,0,0,0,AUTOMÓVEL=1|CARRETA=1,CAMPINAS,CAMPINAS,CAMPINAS,ESTADUAL
2020-12-16,15:37:00,L01-AUTOBAN,SP330,71.96,NORTE,-23.09070469644,-46.972541566415,CHOQUE,CHOQUE-BARREIRA DE CONCRETO,NÃO INFORMADO,0,1,0,0,0,AUTOMÓVEL=1,LOUVEIRA,CAMPINAS,CAMPINAS,ESTADUAL
2020-12-16,17:22:00,L01-AUTOBAN,SPM330D,91.7,NORTE,-22.937439219061,-47.069934374349,COLISÃO,COLISÃO-LATERAL,NÃO INFORMADO,0,1,1,0,0,AUTOMÓVEL=1|MOTO=1,CAMPINAS,CAMPINAS,CAMPINAS,ESTADUAL
2020-12-16,17:50:00,L01-AUTOBAN,SP330,158.0,SUL,-22.460499,-47.399133,COLISÃO,COLISÃO-LATERAL,NÃO INFORMADO,0,0,0,0,0,AUTOMÓVEL=1|NÃO INFORMADO=1,CORDEIRÓPOLIS,CAMPINAS,RIO CLARO,ESTADUAL
2020-12-16,17:52:00,L01-AUTOBAN,SP330,23.88,SUL,-23.435957486526,-46.786496902043,COLISÃO,COLISÃO-LATERAL,NÃO INFORMADO,0,0,0,0,0,CAMINHÃO=1|ÔNIBUS=1,SÃO PAULO,REG. METROPOLITANA SÃO PAULO,SÃO PAULO,ESTADUAL
2020-12-16,17:53:00,L01-AUTOBAN,SP330,20.6,NORTE,-23.464005061955,-46.780392409337,COLISÃO,COLISÃO-TRASEIRA,NÃO INFORMADO,0,0,0,0,0,AUTOMÓVEL=1|MOTO=1,SÃO PAULO,REG. METROPOLITANA SÃO PAULO,SÃO PAULO,ESTADUAL
2020-12-17,02:50:00,L29-VIAPAULISTA,SP330,280.0,SUL,-21.42178535,-47.65866089,COLISÃO,COLISÃO-TRASEIRA,IMPRUD. CONDUTOR-DORMIR AO VOLANTE,1,0,0,0,0,AUTOMÓVEL=1|NÃO INFORMADO=1,SÃO SIMÃO,RIBEIRÃO PRETO,RIBEIRÃO PRETO,ESTADUAL
2020-12-17,04:31:00,L01-AUTOBAN,SPM330E,92.0,SUL,-22.935126302733,-47.071105241776,CHOQUE,CHOQUE-SINALIZAÇÃO,NÃO INFORMADO,0,1,0,0,0,AUTOMÓVEL=1,CAMPINAS,CAMPINAS,CAMPINAS,ESTADUAL
2020-12-17,05:37:00,L28-ENTREVIAS,SP330,389.5,SUL,-20.5096796845,-47.8368579076,ATROPELAMENTO DE PEDESTRE,ATROP. PEDESTRE-ANDARILHO,IMPRUD. PEDESTRE-ANDARILHO,1,0,0,0,1,NÃO INFORMADO=1|NÃO SE APLICA=1,GUARÁ,FRANCA,RIBEIRÃO PRETO,ESTADUAL
2020-12-17,08:24:00,L29-VIAPAULISTA,SP330,247.56,NORTE,-21.70500183,-47.59419632,COLISÃO,COLISÃO-TRASEIRA,NÃO INFORMADO,1,1,0,1,0,AUTOMÓVEL=1|CAMINHÃO=1,SANTA RITA DO PASSA QUATRO,CENTRAL,RIBEIRÃO PRETO,ESTADUAL
2020-12-17,11:59:00,L01-AUTOBAN,SP330,13.0,SUL,-23.508151419649,-46.740045547485,TOMBAMENTO,TOMBAMENTO-MOTO,NÃO INFORMADO,0,1,0,0,0,MOTO=1,SÃO PAULO,REG. METROPOLITANA SÃO PAULO,SÃO PAULO,ESTADUAL
2020-12-17,15:05:00,L01-AUTOBAN,SP330,38.0,NORTE,-23.344925355634,-46.840928792954,COLISÃO,COLISÃO-LATERAL,NÃO INFORMADO,0,0,0,0,0,CAMINHÃO=1|VAN/PERUA=1,CAJAMAR,REG. METROPOLITANA SÃO PAULO,SÃO PAULO,ESTADUAL
2020-12-17,16:13:00,L01-AUTOBAN,SPM330D,110.8,NORTE,-22.818700622842,-47.199883489238,CHOQUE,CHOQUE-VEÍCULO PARADO NA PISTA,NÃO INFORMADO,0,0,0,1,0,AUTOMÓVEL=1|MOTO=1,SUMARÉ,CAMPINAS,CAMPINAS,ESTADUAL
2020-12-17,16:48:00,L06-INTERVIAS,SP330,194.5,NORTE,-22.13595009,-47.40784836,OBJETO LANÇADO CONTRA O VEÍCULO,OBJETO LANÇADO CONTRA VEÍCULO,OBJETO LANÇADO,1,0,0,0,0,CAMINHÃO=1,LEME,CAMPINAS,RIO CLARO,ESTADUAL
2020-12-17,17:34:00,L01-AUTOBAN,SP330,35.74,SUL,-23.362753837417,-46.847748959438,CHOQUE,CHOQUE-VEÍCULO PARADO NA PISTA,NÃO INFORMADO,0,0,0,0,0,AUTOMÓVEL=1|CARRETA=1,CAJAMAR,REG. METROPOLITANA SÃO PAULO,SÃO PAULO,ESTADUAL
2020-12-17,18:31:00,L01-AUTOBAN,SP330,21.68,NORTE,-23.45548171492,-46.784863330486,COLISÃO,COLISÃO-LATERAL,NÃO INFORMADO,0,0,1,0,0,AUTOMÓVEL=1|MOTO=1,SÃO PAULO,REG. METROPOLITANA SÃO PAULO,SÃO PAULO,ESTADUAL
2020-12-17,21:20:00,L28-ENTREVIAS,SP330,428.2,SUL,-20.1762972685,-47.7872015337,CHOQUE,CHOQUE-OBJETO NA PISTA,OBJETO NA PISTA,1,0,0,0,0,AUTOMÓVEL=1,ARAMINA,FRANCA,RIBEIRÃO PRETO,ESTADUAL
2020-12-17,21:31:00,L01-AUTOBAN,SP330,68.595,NORTE,-23.116983094498,-46.956279073311,CHOQUE,CHOQUE-BARREIRA DE CONCRETO,NÃO INFORMADO,0,0,0,0,0,AUTOMÓVEL=1,JUNDIAÍ,CAMPINAS,CAMPINAS,ESTADUAL
2020-12-17,22:46:00,L01-AUTOBAN,SP330,92.5,NORTE,-22.932416470606,-47.07517683506,CHOQUE,CHOQUE-BARREIRA DE CONCRETO,NÃO INFORMADO,0,0,0,0,0,AUTOMÓVEL=1,CAMPINAS,CAMPINAS,CAMPINAS,ESTADUAL
2020-12-17,22:48:00,L01-AUTOBAN,SPM330D,58.7,NORTE,-23.191321592756,-46.905710043704,CHOQUE,CHOQUE-MEIO FIO/CALÇAMENTO,NÃO INFORMADO,0,1,0,0,0,AUTOMÓVEL=1,JUNDIAÍ,CAMPINAS,CAMPINAS,ESTADUAL
2020-12-18,00:21:00,L01-AUTOBAN,SP330,134.4,NORTE,-22.651754632718,-47.324223139167,CHOQUE,CHOQUE-BARREIRA DE CONCRETO,NÃO INFORMADO,0,1,0,0,0,AUTOMÓVEL=1,LIMEIRA,CAMPINAS,RIO CLARO,ESTADUAL
2020-12-18,02:48:00,L01-AUTOBAN,SP330,43.0,SUL,-23.310350420577,-46.857408285141,CHOQUE,CHOQUE-BARREIRA DE CONCRETO,NÃO INFORMADO,0,2,0,0,0,AUTOMÓVEL=2,CAJAMAR,REG. METROPOLITANA SÃO PAULO,SÃO PAULO,ESTADUAL
2020-12-18,03:01:00,L01-AUTOBAN,SP330,43.5,NORTE,-23.310071079432,-46.857205510532,CHOQUE,CHOQUE-BARREIRA DE CONCRETO,NÃO INFORMADO,0,1,0,0,0,AUTOMÓVEL=1,CAJAMAR,REG. METROPOLITANA SÃO PAULO,SÃO PAULO,ESTADUAL
2020-12-18,06:04:00,L06-INTERVIAS,SP330,186.8,NORTE,-22.20377922,-47.39516068,CHOQUE,"CHOQUE - DEFENSA, BARREIRA",IMPRUD. CONDUTOR-PERDA DE CONTROLE,1,0,0,0,0,AUTOMÓVEL=1,LEME,CAMPINAS,RIO CLARO,ESTADUAL
2020-12-18,07:05:00,L01-AUTOBAN,SPI102/330,0.2,NORTE,-22.867538669453,-47.133062914313,ENGAVETAMENTO,ENGAVETAMENTO,NÃO INFORMADO,0,0,0,0,0,AUTOMÓVEL=2|VAN/PERUA=1,CAMPINAS,CAMPINAS,CAMPINAS,ESTADUAL
2020-12-18,07:25:00,L01-AUTOBAN,SP330,35.0,SUL,-23.369188,-46.845327,COLISÃO,COLISÃO-LATERAL,NÃO INFORMADO,0,1,0,0,0,MOTO=1|VIATURA CONCESSIONÁRIA=1,CAJAMAR,REG. METROPOLITANA SÃO PAULO,SÃO PAULO,ESTADUAL
2020-12-18,07:46:00,L29-VIAPAULISTA,SP330,316.3,SUL,-21.1297226,-47.76816177,COLISÃO,COLISÃO-TRASEIRA,IMPRUD. CONDUTOR-DIST. INADEQUADA ENTRE VEÍC.,2,0,0,0,0,AUTOMÓVEL=2,RIBEIRÃO PRETO,RIBEIRÃO PRETO,RIBEIRÃO PRETO,ESTADUAL
2020-12-18,09:26:00,L06-INTERVIAS,SP330,210.8,NORTE,-21.99382019,-47.44712067,OBJETO LANÇADO CONTRA O VEÍCULO,OBJETO LANÇADO CONTRA VEÍCULO,OBJETO LANÇADO,2,0,0,0,0,AUTOMÓVEL=1,PIRASSUNUNGA,CAMPINAS,RIO CLARO,ESTADUAL
2020-12-18,10:43:00,L06-INTERVIAS,SP330,205.5,NORTE,-22.03510094,-47.43299866,OBJETO LANÇADO CONTRA O VEÍCULO,OBJETO LANÇADO CONTRA VEÍCULO,OBJETO LANÇADO,1,0,0,0,0,CAMINHONETE=1,PIRASSUNUNGA,CAMPINAS,RIO CLARO,ESTADUAL
2020-12-18,10:46:00,L01-AUTOBAN,SP330,61.2,SUL,-23.174006466627,-46.920284634905,COLISÃO,COLISÃO-TRASEIRA,NÃO INFORMADO,0,1,0,0,0,AUTOMÓVEL=2,JUNDIAÍ,CAMPINAS,CAMPINAS,ESTADUAL
2020-12-18,12:14:00,L01-AUTOBAN,SPM330E,59.5,SUL,-23.185088236952,-46.909191012383,ENGAVETAMENTO,ENGAVETAMENTO,NÃO INFORMADO,0,0,0,0,0,NÃO INFORMADO=2|UTILITÁRIO=1,JUNDIAÍ,CAMPINAS,CAMPINAS,ESTADUAL
2020-12-18,13:33:00,L01-AUTOBAN,SP330,26.6,NORTE,-23.41781596646,-46.799572351779,COLISÃO,COLISÃO-LATERAL,NÃO INFORMADO,0,0,0,0,0,AUTOMÓVEL=1|CARRETA=1,SÃO PAULO,REG. METROPOLITANA SÃO PAULO,SÃO PAULO,ESTADUAL
2020-12-18,16:13:00,L06-INTERVIAS,SP330,227.6,SUL,-21.84899902,-47.49514008,COLISÃO,COLISÃO-TRASEIRA,IMPRUD. CONDUTOR,2,0,0,0,0,CAMINHONETE=2,PORTO FERREIRA,CENTRAL,RIO CLARO,ESTADUAL
2020-12-18,17:06:00,L01-AUTOBAN,SPM330D,59.0,NORTE,-23.188929625353,-46.906567811966,TOMBAMENTO,TOMBAMENTO,NÃO INFORMADO,0,1,0,0,0,MOTO=1,JUNDIAÍ,CAMPINAS,CAMPINAS,ESTADUAL
2020-12-18,17:34:00,L01-AUTOBAN,SP330,54.3,NORTE,-23.22097994077,-46.879408831601,COLISÃO,COLISÃO-TRASEIRA,NÃO INFORMADO,0,0,0,0,0,AUTOMÓVEL=1|UTILITÁRIO=1,JUNDIAÍ,CAMPINAS,CAMPINAS,ESTADUAL
2020-12-18,19:33:00,L01-AUTOBAN,SP330,127.46,SUL,-22.708062898651,-47.300531417891,COLISÃO,COLISÃO-TRASEIRA,NÃO INFORMADO,0,0,0,0,0,AUTOMÓVEL=2,AMERICANA,CAMPINAS,RIO CLARO,ESTADUAL
2020-12-18,20:36:00,L01-AUTOBAN,SP330,18.7,SUL,-23.476255900896,-46.772189141425,CHOQUE,CHOQUE-TALUDE OU BARRANCO,NÃO INFORMADO,0,0,0,0,0,VAN/PERUA=1,OSASCO,REG. METROPOLITANA SÃO PAULO,SÃO PAULO,ESTADUAL
2020-12-18,21:09:00,L01-AUTOBAN,SP330,41.5,SUL,-23.320422328204,-46.850177049637,CHOQUE,CHOQUE-TALUDE OU BARRANCO,NÃO INFORMADO,0,0,0,0,0,UTILITÁRIO=1,CAJAMAR,REG. METROPOLITANA SÃO PAULO,SÃO PAULO,ESTADUAL
2020-12-18,22:47:00,L29-VIAPAULISTA,SP330,246.5,NORTE,-21.7140522,-47.59089661,COLISÃO,COLISÃO-TRASEIRA,IMPRUD. CONDUTOR,2,1,0,0,0,CAMINHÃO=2,SANTA RITA DO PASSA QUATRO,CENTRAL,RIBEIRÃO PRETO,ESTADUAL
2020-12-18,23:36:00,L28-ENTREVIAS,SP330,416.3,SUL,-20.2783601925,-47.7975390107,TOMBAMENTO,TOMBAMENTO-VEÍCULOS PESADOS,IMPRUD. CONDUTOR-PERDA DE CONTROLE,0,0,1,0,0,TRATOR=1,ITUVERAVA,FRANCA,RIBEIRÃO PRETO,ESTADUAL
2020-12-19,01:14:00,L01-AUTOBAN,SP330,21.0,SUL,-23.460992556264,-46.781448125839,COLISÃO,COLISÃO-TRASEIRA,NÃO INFORMADO,0,1,0,0,0,CAMINHÃO=1|CARRETA=1,SÃO PAULO,REG. METROPOLITANA SÃO PAULO,SÃO PAULO,ESTADUAL
2020-12-19,03:35:00,L06-INTERVIAS,SP330,223.0,SUL,-21.88879967,-47.48320007,CAPOTAMENTO,CAPOTAMENTO,NÃO INFORMADO,0,1,0,0,0,AUTOMÓVEL=1,PORTO FERREIRA,CENTRAL,RIO CLARO,ESTADUAL
2020-12-19,05:56:00,L01-AUTOBAN,SP330,87.0,NORTE,-22.974890220411,-47.048333287239,CHOQUE,CHOQUE-CAIXA DE CAPTAÇÃO/FIBRA,NÃO INFORMADO,0,0,3,0,1,AUTOMÓVEL=1,CAMPINAS,CAMPINAS,CAMPINAS,ESTADUAL
2020-12-19,07:35:00,L06-INTERVIAS,SP330,202.0,NORTE,-22.06940079,-47.42430115,CHOQUE,CHOQUE-OBJETO NA PISTA,OBJETO NA PISTA,1,0,0,0,0,AUTOMÓVEL=1,PIRASSUNUNGA,CAMPINAS,RIO CLARO,ESTADUAL
2020-12-19,12:52:00,L01-AUTOBAN,SP330,62.1,SUL,-23.168020889879,-46.927145174991,COLISÃO,COLISÃO-TRANSVERSAL,NÃO INFORMADO,1,0,0,0,0,AUTOMÓVEL=1|CARRETA=1,JUNDIAÍ,CAMPINAS,CAMPINAS,ESTADUAL
2020-12-19,14:47:00,L06-INTERVIAS,SP330,188.0,NORTE,-22.19309998,-47.39720154,COLISÃO,COLISÃO-TRASEIRA,IMPRUD. CONDUTOR-LEVOU FECHADA,1,2,0,0,0,AUTOMÓVEL=1|MOTO=1,LEME,CAMPINAS,RIO CLARO,ESTADUAL
2020-12-19,16:14:00,L01-AUTOBAN,SP330,107.82,SUL,-22.834175890457,-47.176204595958,CHOQUE,CHOQUE-DEFENSA METÁLICA,NÃO INFORMADO,0,0,0,0,0,AUTOMÓVEL=1,SUMARÉ,CAMPINAS,CAMPINAS,ESTADUAL
2020-12-19,16:16:00,L28-ENTREVIAS,SP330,407.3,SUL,-20.3573124317,-47.816306994,CHOQUE,CHOQUE-DEFENSA METÁLICA,IMPRUD. CONDUTOR-PERDA DE CONTROLE,1,0,0,0,0,AUTOMÓVEL=1,ITUVERAVA,FRANCA,RIBEIRÃO PRETO,ESTADUAL
2020-12-19,16:32:00,L01-AUTOBAN,SP330,108.8,SUL,-22.832492809953,-47.177930081771,COLISÃO,COLISÃO-TRASEIRA,NÃO INFORMADO,0,1,0,1,0,AUTOMÓVEL=1|MOTO=2,SUMARÉ,CAMPINAS,CAMPINAS,ESTADUAL
2020-12-19,16:47:00,L01-AUTOBAN,SPM330E,103.0,SUL,-22.862525,-47.139454,CHOQUE,CHOQUE-MEIO FIO/CALÇAMENTO,NÃO INFORMADO,0,3,0,0,0,AUTOMÓVEL=1,CAMPINAS,CAMPINAS,CAMPINAS,ESTADUAL
2020-12-19,20:38:00,L01-AUTOBAN,SPI102/330,5.0,SUL,-22.907442732813,-47.137323617935,CHOQUE,CHOQUE-ELEMENTO DE DRENAGEM,NÃO INFORMADO,0,1,0,0,0,AUTOMÓVEL=1,CAMPINAS,CAMPINAS,CAMPINAS,ESTADUAL
2020-12-19,20:50:00,L01-AUTOBAN,SP330,106.48,SUL,-22.843461583804,-47.167436907876,CHOQUE,CHOQUE-VEÍCULO PARADO NO ACOSTAMENTO,NÃO INFORMADO,0,0,0,0,0,AUTOMÓVEL=1|CARRETA=1,SUMARÉ,CAMPINAS,CAMPINAS,ESTADUAL
2020-12-19,21:49:00,L01-AUTOBAN,SP330,102.5,NORTE,-22.864779777099,-47.135684788227,COLISÃO,COLISÃO-LATERAL,NÃO INFORMADO,0,0,0,0,0,AUTOMÓVEL=1|CARRETA=1,CAMPINAS,CAMPINAS,CAMPINAS,ESTADUAL
2020-12-19,22:37:00,L01-AUTOBAN,SP330,61.6,NORTE,-23.171288150041,-46.923250066648,CAPOTAMENTO,CAPOTAMENTO,NÃO INFORMADO,0,0,0,1,0,AUTOMÓVEL=2,JUNDIAÍ,CAMPINAS,CAMPINAS,ESTADUAL
2020-12-19,22:59:00,L06-INTERVIAS,SP330,239.1,SUL,-21.76680946,-47.55025864,CHOQUE,CHOQUE-ELEMENTO DE DRENAGEM,IMPRUD. CONDUTOR-LEVOU FECHADA,1,0,0,0,0,AUTOMÓVEL=1|NÃO INFORMADO=1,SANTA RITA DO PASSA QUATRO,CENTRAL,RIBEIRÃO PRETO,ESTADUAL
2020-12-19,23:25:00,L01-AUTOBAN,SP330,31.26,NORTE,-23.399166454944,-46.836430329392,CHOQUE,CHOQUE-BARREIRA DE CONCRETO,NÃO INFORMADO,0,1,0,0,0,AUTOMÓVEL=1,CAJAMAR,REG. METROPOLITANA SÃO PAULO,SÃO PAULO,ESTADUAL
2020-12-19,23:35:00,L01-AUTOBAN,SP330,19.8,SUL,-23.469866686579,-46.777777786108,ENGAVETAMENTO,ENGAVETAMENTO,NÃO INFORMADO,0,0,0,0,0,AUTOMÓVEL=3,OSASCO,REG. METROPOLITANA SÃO PAULO,SÃO PAULO,ESTADUAL
2020-12-20,00:22:00,L01-AUTOBAN,SP330,20.2,SUL,-23.467322668962,-46.779542686372,CHOQUE,CHOQUE-BARREIRA DE CONCRETO,NÃO INFORMADO,0,1,0,0,0,AUTOMÓVEL=1|NÃO INFORMADO=2,OSASCO,REG. METROPOLITANA SÃO PAULO,SÃO PAULO,ESTADUAL
2020-12-20,00:27:00,L01-AUTOBAN,SPM330E,104.0,SUL,-22.857076064557,-47.148749828339,ENGAVETAMENTO,ENGAVETAMENTO,NÃO INFORMADO,0,1,0,0,0,AUTOMÓVEL=3|VAN/PERUA=1,CAMPINAS,CAMPINAS,CAMPINAS,ESTADUAL
2020-12-20,00:29:00,L01-AUTOBAN,SP330,19.8,NORTE,-23.469898178729,-46.777623291016,COLISÃO,COLISÃO-LATERAL,NÃO INFORMADO,0,0,0,0,0,AUTOMÓVEL=1|MOTO=1,OSASCO,REG. METROPOLITANA SÃO PAULO,SÃO PAULO,ESTADUAL
2020-12-20,01:23:00,L01-AUTOBAN,SPM330D,14.7,NORTE,-23.502012341594,-46.7530711773,CHOQUE,CHOQUE-SINALIZAÇÃO,NÃO INFORMADO,0,0,0,0,0,UTILITÁRIO=1,SÃO PAULO,REG. METROPOLITANA SÃO PAULO,SÃO PAULO,ESTADUAL
2020-12-20,01:25:00,L01-AUTOBAN,SP330,136.6,SUL,-22.633896177681,-47.334099824163,COLISÃO,COLISÃO-TRASEIRA,NÃO INFORMADO,0,1,0,0,0,AUTOMÓVEL=1|NÃO INFORMADO=1,LIMEIRA,CAMPINAS,RIO CLARO,ESTADUAL
2020-12-20,02:00:00,L01-AUTOBAN,SP330,22.7,NORTE,-23.446957198318,-46.786764800847,COLISÃO,COLISÃO-TRASEIRA,NÃO INFORMADO,0,1,0,0,0,AUTOMÓVEL=3,SÃO PAULO,REG. METROPOLITANA SÃO PAULO,SÃO PAULO,ESTADUAL
2020-12-20,03:05:00,L01-AUTOBAN,SP330,141.36,SUL,-22.60196599469,-47.363520082031,ATROPELAMENTO DE ANIMAL,ATROP. ANIMAL,NÃO INFORMADO,0,0,0,0,0,AUTOMÓVEL=1,LIMEIRA,CAMPINAS,RIO CLARO,ESTADUAL
2020-12-20,03:46:00,L01-AUTOBAN,SP330,24.5,NORTE,-23.430333403917,-46.786914415451,CHOQUE,CHOQUE-BARREIRA DE CONCRETO,NÃO INFORMADO,0,0,0,0,0,UTILITÁRIO=1,SÃO PAULO,REG. METROPOLITANA SÃO PAULO,SÃO PAULO,ESTADUAL
2020-12-20,07:13:00,L01-AUTOBAN,SPM330D,107.0,NORTE,-22.839452464187,-47.170829772949,COLISÃO,COLISÃO-TRASEIRA,NÃO INFORMADO,0,1,0,1,0,MOTO=1|UTILITÁRIO=1,SUMARÉ,CAMPINAS,CAMPINAS,ESTADUAL
2020-12-20,08:34:00,L28-ENTREVIAS,SP330,365.0,NORTE,-20.7163362996,-47.8928929128,CHOQUE,CHOQUE-DEFENSA METÁLICA,IMPRUD. CONDUTOR-PERDA DE CONTROLE,1,0,0,0,0,AUTOMÓVEL=1,ORLÂNDIA,FRANCA,RIBEIRÃO PRETO,ESTADUAL
2020-12-20,10:10:00,L06-INTERVIAS,SP330,208.0,NORTE,-22.0177002,-47.43889999,CHOQUE,CHOQUE-OBJETO NA PISTA,OBJETO NA PISTA,4,0,0,0,0,AUTOMÓVEL=2|CAMINHÃO=1,PIRASSUNUNGA,CAMPINAS,RIO CLARO,ESTADUAL
2020-12-20,13:23:00,L01-AUTOBAN,SP330,81.6,NORTE,-23.016301365021,-47.020811669522,TOMBAMENTO,TOMBAMENTO-MOTO,NÃO INFORMADO,0,1,0,0,0,MOTO=1,VALINHOS,CAMPINAS,CAMPINAS,ESTADUAL
2020-12-20,15:32:00,L01-AUTOBAN,SPI102/330,3.0,SUL,-22.890087592831,-47.133536338806,CHOQUE,CHOQUE-DEFENSA METÁLICA,NÃO INFORMADO,0,0,0,0,0,AUTOMÓVEL=1,CAMPINAS,CAMPINAS,CAMPINAS,ESTADUAL
2020-12-20,17:18:00,L01-AUTOBAN,SP330,31.15,NORTE,-23.400120257888,-46.836597311766,CHOQUE,CHOQUE-BARREIRA DE CONCRETO,NÃO INFORMADO,0,1,0,0,0,AUTOMÓVEL=1,CAJAMAR,REG. METROPOLITANA SÃO PAULO,SÃO PAULO,ESTADUAL
2020-12-20,18:34:00,L01-AUTOBAN,SP330,14.8,SUL,-23.501370601222,-46.75376343816,CHOQUE,CHOQUE-BARREIRA DE CONCRETO,NÃO INFORMADO,0,0,0,0,0,AUTOMÓVEL=1,SÃO PAULO,REG. METROPOLITANA SÃO PAULO,SÃO PAULO,ESTADUAL
2020-12-20,18:47:00,L01-AUTOBAN,SP330,102.2,SUL,-22.867189017792,-47.133833178558,COLISÃO,COLISÃO-TRASEIRA,NÃO INFORMADO,0,0,0,0,0,AUTOMÓVEL=1|NÃO INFORMADO=1,CAMPINAS,CAMPINAS,CAMPINAS,ESTADUAL
2020-12-20,19:04:00,L01-AUTOBAN,SPM330D,15.3,NORTE,-23.49812423,-46.75580674,CHOQUE,CHOQUE-TALUDE OU BARRANCO,NÃO INFORMADO,0,0,0,0,0,AUTOMÓVEL=1,SÃO PAULO,REG. METROPOLITANA SÃO PAULO,SÃO PAULO,ESTADUAL
2020-12-20,19:09:00,L06-INTERVIAS,SP330,185.0,SUL,-22.21980095,-47.39250183,CHOQUE,CHOQUE-OUTROS,IMPRUD. CONDUTOR-EFETUAVA A RÉ,4,0,0,0,0,CAMINHONETE=1|CAMINHÃO=1,LEME,CAMPINAS,RIO CLARO,ESTADUAL
2020-12-20,19:24:00,L01-AUTOBAN,SPM330D,14.9,NORTE,-23.500572440174,-46.754039798725,COLISÃO,COLISÃO-FRONTAL,NÃO INFORMADO,0,0,0,0,0,AUTOMÓVEL=1|NÃO INFORMADO=1,SÃO PAULO,REG. METROPOLITANA SÃO PAULO,SÃO PAULO,ESTADUAL
2020-12-20,20:11:00,L06-INTERVIAS,SP330,176.0,NORTE,-22.30069923,-47.39199829,CHOQUE,CHOQUE-TALUDE OU BARRANCO,IMPRUD. CONDUTOR-PERDA DE CONTROLE,1,0,0,0,0,AUTOMÓVEL=1,ARARAS,CAMPINAS,RIO CLARO,ESTADUAL
2020-12-20,21:40:00,L29-VIAPAULISTA,SP330,268.0,NORTE,-21.5262928,-47.64281464,TOMBAMENTO,TOMBAMENTO,IMPRUD. CONDUTOR-PERDA DE CONTROLE,0,1,0,0,0,MOTO=1,SÃO SIMÃO,RIBEIRÃO PRETO,RIBEIRÃO PRETO,ESTADUAL
2020-12-20,21:42:00,L06-INTERVIAS,SP330,183.0,SUL,-22.2378006,-47.39110184,CHOQUE,CHOQUE-OBJETO NA PISTA,OBJETO NA PISTA,3,0,0,0,0,AUTOMÓVEL=1,LEME,CAMPINAS,RIO CLARO,ESTADUAL
2020-12-21,01:02:00,L01-AUTOBAN,SP330,100.93,NORTE,-22.87426899693,-47.124242754976,COLISÃO,COLISÃO-TRASEIRA,NÃO INFORMADO,0,0,0,0,1,AUTOMÓVEL=1|MOTO=1,CAMPINAS,CAMPINAS,CAMPINAS,ESTADUAL
2020-12-21,01:53:00,L01-AUTOBAN,SP330,110.0,SUL,-22.82299346964,-47.19250202179,CHOQUE,CHOQUE-MEIO FIO/CALÇAMENTO,NÃO INFORMADO,0,1,0,0,0,MOTO=1,SUMARÉ,CAMPINAS,CAMPINAS,ESTADUAL
2020-12-21,05:04:00,L01-AUTOBAN,SP330,107.0,NORTE,-22.839452464187,-47.170829772949,TOMBAMENTO,TOMBAMENTO-MOTO,NÃO INFORMADO,0,1,0,0,0,MOTO=1,SUMARÉ,CAMPINAS,CAMPINAS,ESTADUAL
2020-12-21,11:14:00,L01-AUTOBAN,SPM330E,93.8,SUL,-22.925884605053,-47.085556563665,COLISÃO,COLISÃO-TRASEIRA,NÃO INFORMADO,0,0,0,0,0,AUTOMÓVEL=1|VAN/PERUA=1,CAMPINAS,CAMPINAS,CAMPINAS,ESTADUAL
2020-12-21,11:18:00,L01-AUTOBAN,SP330,31.2,SUL,-23.399809566864,-46.836688080883,CAPOTAMENTO,CAPOTAMENTO,NÃO INFORMADO,0,0,0,0,0,AUTOMÓVEL=1,CAJAMAR,REG. METROPOLITANA SÃO PAULO,SÃO PAULO,ESTADUAL
2020-12-21,11:25:00,L01-AUTOBAN,SP330,11.8,SUL,-23.509875010174,-46.729865951143,COLISÃO,COLISÃO-TRASEIRA,NÃO INFORMADO,0,0,1,0,0,AUTOMÓVEL=1|MOTO=1,SÃO PAULO,REG. METROPOLITANA SÃO PAULO,SÃO PAULO,ESTADUAL
2020-12-21,11:40:00,L01-AUTOBAN,SP330,35.0,SUL,-23.369188,-46.845327,CHOQUE,CHOQUE-SINALIZAÇÃO,NÃO INFORMADO,0,0,0,0,0,AUTOMÓVEL=1,CAJAMAR,REG. METROPOLITANA SÃO PAULO,SÃO PAULO,ESTADUAL
2020-12-21,12:27:00,L01-AUTOBAN,SP330,63.4,NORTE,-23.157678885151,-46.933336476913,COLISÃO,COLISÃO-LATERAL,NÃO INFORMADO,0,0,0,0,0,AUTOMÓVEL=1|CARRETA=1,JUNDIAÍ,CAMPINAS,CAMPINAS,ESTADUAL
2020-12-21,12:41:00,L29-VIAPAULISTA,SP330,246.4,NORTE,-21.71490669,-47.5905838,TOMBAMENTO,TOMBAMENTO,IMPRUD. CONDUTOR-DORMIR AO VOLANTE,0,0,0,0,0,CAMINHÃO=1,SANTA RITA DO PASSA QUATRO,CENTRAL,RIBEIRÃO PRETO,ESTADUAL
2020-12-21,12:54:00,L01-AUTOBAN,SP330,60.0,NORTE,-23.18100028702,-46.911460161209,COLISÃO,COLISÃO-LATERAL,NÃO INFORMADO,0,0,0,0,0,AUTOMÓVEL=1|CARRETA=1,JUNDIAÍ,CAMPINAS,CAMPINAS,ESTADUAL
2020-12-21,14:20:00,L28-ENTREVIAS,SP330,391.9,NORTE,-20.4965023485,-47.843019349,CHOQUE,CHOQUE-ÁRVORE,PANE MECÂNICA/ELÉTRICA,1,0,0,0,0,CAMINHÃO=1,GUARÁ,FRANCA,RIBEIRÃO PRETO,ESTADUAL
2020-12-21,14:25:00,L01-AUTOBAN,SP330,111.6,NORTE,-22.815310597881,-47.20607613413,COLISÃO,COLISÃO-TRASEIRA,NÃO INFORMADO,0,0,0,0,0,AUTOMÓVEL=1|NÃO INFORMADO=1,SUMARÉ,CAMPINAS,CAMPINAS,ESTADUAL
2020-12-21,18:31:00,L01-AUTOBAN,SP330,21.2,NORTE,-23.459173719366,-46.782422308033,COLISÃO,COLISÃO-TRASEIRA,NÃO INFORMADO,0,0,1,0,0,MOTO=1|UTILITÁRIO=1,SÃO PAULO,REG. METROPOLITANA SÃO PAULO,SÃO PAULO,ESTADUAL
2020-12-21,19:08:00,L01-AUTOBAN,SP330,48.68,NORTE,-23.268304702728,-46.868185185726,COLISÃO,COLISÃO-TRASEIRA,NÃO INFORMADO,0,0,0,0,0,AUTOMÓVEL=1|NÃO INFORMADO=1,JUNDIAÍ,CAMPINAS,CAMPINAS,ESTADUAL
2020-12-21,19:08:00,L01-AUTOBAN,SP330,17.44,NORTE,-23.486846987411,-46.768601419776,COLISÃO,COLISÃO-TRASEIRA,NÃO INFORMADO,0,0,0,0,0,AUTOMÓVEL=1|NÃO INFORMADO=1,SÃO PAULO,REG. METROPOLITANA SÃO PAULO,SÃO PAULO,ESTADUAL
2020-12-21,19:13:00,L01-AUTOBAN,SP330,121.2,NORTE,-22.74880126277,-47.262810288638,COLISÃO,COLISÃO-LATERAL,NÃO INFORMADO,0,1,0,0,0,NÃO INFORMADO=1|UTILITÁRIO=1,AMERICANA,CAMPINAS,RIO CLARO,ESTADUAL
2020-12-21,19:19:00,L01-AUTOBAN,SPM330E,106.5,SUL,-22.843323381543,-47.167568206787,CHOQUE,CHOQUE-VEÍCULO PARADO NA PISTA,NÃO INFORMADO,0,0,0,0,0,AUTOMÓVEL=2,SUMARÉ,CAMPINAS,CAMPINAS,ESTADUAL
2020-12-21,19:25:00,L01-AUTOBAN,SP330,110.0,SUL,-22.82299346964,-47.19250202179,COLISÃO,COLISÃO-TRASEIRA,NÃO INFORMADO,0,2,0,0,0,CARRETA=1|UTILITÁRIO=1,SUMARÉ,CAMPINAS,CAMPINAS,ESTADUAL
2020-12-21,19:42:00,L01-AUTOBAN,SP330,106.8,NORTE,-22.840863349821,-47.169474839034,ENGAVETAMENTO,ENGAVETAMENTO,NÃO INFORMADO,0,0,0,0,0,AUTOMÓVEL=3,SUMARÉ,CAMPINAS,CAMPINAS,ESTADUAL
2020-12-21,19:44:00,L01-AUTOBAN,SP330,106.7,NORTE,-22.84156884646,-47.16879732039,COLISÃO,COLISÃO-TRASEIRA,NÃO INFORMADO,0,0,0,0,0,AUTOMÓVEL=1|UTILITÁRIO=1,SUMARÉ,CAMPINAS,CAMPINAS,ESTADUAL
2020-12-21,21:10:00,L01-AUTOBAN,SP330,106.4,NORTE,-22.843685174911,-47.166764919517,ENGAVETAMENTO,ENGAVETAMENTO,NÃO INFORMADO,0,4,0,0,0,AUTOMÓVEL=2|VAN/PERUA=1,SUMARÉ,CAMPINAS,CAMPINAS,ESTADUAL
2020-12-21,21:20:00,L29-VIAPAULISTA,SPA307/330,2.9,OESTE,-21.18998718,-47.78089523,COLISÃO,COLISÃO-TRASEIRA,IMPRUD. CONDUTOR,2,0,0,0,0,AUTOMÓVEL=2,RIBEIRÃO PRETO,RIBEIRÃO PRETO,RIBEIRÃO PRETO,ESTADUAL
2020-12-21,23:23:00,L01-AUTOBAN,SP330,109.73,NORTE,-22.823941626867,-47.190157370842,ATROPELAMENTO DE ANIMAL,ATROP. ANIMAL,NÃO INFORMADO,1,0,0,0,0,CAMINHÃO=1,SUMARÉ,CAMPINAS,CAMPINAS,ESTADUAL
2020-12-21,23:34:00,L01-AUTOBAN,SP330,97.5,NORTE,-22.899976081768,-47.109273076057,CHOQUE,CHOQUE-BARREIRA DE CONCRETO,NÃO INFORMADO,0,0,0,0,0,UTILITÁRIO=1,CAMPINAS,CAMPINAS,CAMPINAS,ESTADUAL
2020-12-21,23:47:00,L28-ENTREVIAS,SP330,393.0,NORTE,-20.47839145,-47.841361331,CHOQUE,CHOQUE-OBJETO NA PISTA,OBJETO NA PISTA,1,0,0,0,0,AUTOMÓVEL=1,GUARÁ,FRANCA,RIBEIRÃO PRETO,ESTADUAL
2020-12-22,03:07:00,L01-AUTOBAN,SP330,86.0,NORTE,-22.982725,-47.043589,CHOQUE,CHOQUE-ELEMENTO DE DRENAGEM,NÃO INFORMADO,0,0,0,0,0,UTILITÁRIO=1,VALINHOS,CAMPINAS,CAMPINAS,ESTADUAL
2020-12-22,06:51:00,L01-AUTOBAN,SP330,126.4,NORTE,-22.715700707206,-47.295995597647,COLISÃO,COLISÃO-LATERAL,NÃO INFORMADO,0,1,0,0,0,MOTO=1|NÃO INFORMADO=1,AMERICANA,CAMPINAS,RIO CLARO,ESTADUAL
2020-12-22,07:02:00,L01-AUTOBAN,SP330,126.0,NORTE,-22.718853802109,-47.2947961092,COLISÃO,COLISÃO-TRASEIRA,NÃO INFORMADO,0,0,1,0,0,MOTO=1|VAN/PERUA=1,AMERICANA,CAMPINAS,RIO CLARO,ESTADUAL
2020-12-22,07:54:00,L29-VIAPAULISTA,SPA307/330,3.0,OESTE,-21.18950462,-47.78157043,COLISÃO,COLISÃO-TRASEIRA,IMPRUD. CONDUTOR-DIST. INADEQUADA ENTRE VEÍC.,2,0,0,0,0,AUTOMÓVEL=2,RIBEIRÃO PRETO,RIBEIRÃO PRETO,RIBEIRÃO PRETO,ESTADUAL
2020-12-22,11:07:00,L29-VIAPAULISTA,SP330,246.25,SUL,-21.71609497,-47.59053802,CHOQUE,CHOQUE-ÁRVORE,IMPRUD. CONDUTOR,0,1,0,0,0,CAMINHONETE=1,SANTA RITA DO PASSA QUATRO,CENTRAL,RIBEIRÃO PRETO,ESTADUAL
2020-12-22,12:45:00,L28-ENTREVIAS,SP330,394.0,NORTE,-20.4697049355,-47.8393406693,COLISÃO,COLISÃO-LATERAL,ESTOURO/FURO DE PNEU,1,1,0,0,0,AUTOMÓVEL=1|CAMINHÃO=1,GUARÁ,FRANCA,RIBEIRÃO PRETO,ESTADUAL
2020-12-22,18:42:00,L01-AUTOBAN,SP330,60.0,SUL,-23.181167952022,-46.911588907242,COLISÃO,COLISÃO-TRASEIRA,NÃO INFORMADO,0,0,0,0,0,AUTOMÓVEL=1|CARRETA=1,JUNDIAÍ,CAMPINAS,CAMPINAS,ESTADUAL
2020-12-22,19:23:00,L29-VIAPAULISTA,SP330,243.0,NORTE,-21.74287415,-47.57779694,CHOQUE,"CHOQUE - DEFENSA, BARREIRA OU ""SUBMARINO""",IMPRUD. CONDUTOR-LEVOU FECHADA,1,0,0,0,0,CAMINHÃO=1,SANTA RITA DO PASSA QUATRO,CENTRAL,RIBEIRÃO PRETO,ESTADUAL
2020-12-22,21:53:00,L01-AUTOBAN,SP330,39.8,NORTE,-23.330171357988,-46.83831739246,COLISÃO,COLISÃO-FRONTAL,NÃO INFORMADO,0,1,0,0,0,AUTOMÓVEL=1|BICICLETA=1,CAJAMAR,REG. METROPOLITANA SÃO PAULO,SÃO PAULO,ESTADUAL
2020-12-23,07:38:00,L01-AUTOBAN,SP330,24.0,SUL,-23.434825279713,-46.786420941353,COLISÃO,COLISÃO-LATERAL,NÃO INFORMADO,0,0,0,0,0,AUTOMÓVEL=1|CAMINHÃO=1,SÃO PAULO,REG. METROPOLITANA SÃO PAULO,SÃO PAULO,ESTADUAL
2020-12-23,08:53:00,L01-AUTOBAN,SP330,102.4,SUL,-22.866022991104,-47.135238410721,COLISÃO,COLISÃO-LATERAL,NÃO INFORMADO,0,0,1,0,0,AUTOMÓVEL=1|MOTO=1,CAMPINAS,CAMPINAS,CAMPINAS,ESTADUAL
2020-12-23,08:57:00,L01-AUTOBAN,SP330,55.7,NORTE,-23.212490471086,-46.889359837892,COLISÃO,COLISÃO-TRASEIRA,NÃO INFORMADO,0,1,0,0,0,AUTOMÓVEL=1|MOTO=1,JUNDIAÍ,CAMPINAS,CAMPINAS,ESTADUAL
2020-12-23,11:40:00,L01-AUTOBAN,SP330,26.8,SUL,-23.417120909648,-46.801393025382,COLISÃO,COLISÃO-LATERAL,NÃO INFORMADO,0,1,0,0,0,CARRETA=2,SÃO PAULO,REG. METROPOLITANA SÃO PAULO,SÃO PAULO,ESTADUAL
2020-12-23,17:27:00,L01-AUTOBAN,SP330,47.64,NORTE,-23.276953257279,-46.870790793437,CHOQUE,CHOQUE-SINALIZAÇÃO,NÃO INFORMADO,0,0,0,0,0,VAN/PERUA=1,JUNDIAÍ,CAMPINAS,CAMPINAS,ESTADUAL
2020-12-23,18:00:00,L01-AUTOBAN,SPM330D,86.96,NORTE,-22.975203618767,-47.048143511406,COLISÃO,COLISÃO-TRASEIRA,NÃO INFORMADO,0,1,0,0,0,MOTO=1|NÃO INFORMADO=1,CAMPINAS,CAMPINAS,CAMPINAS,ESTADUAL
2020-12-23,18:31:00,L01-AUTOBAN,SP330,57.7,NORTE,-23.199611227672,-46.902318123539,CHOQUE,CHOQUE-SINALIZAÇÃO,NÃO INFORMADO,0,0,0,0,0,AUTOMÓVEL=1,JUNDIAÍ,CAMPINAS,CAMPINAS,ESTADUAL
2020-12-23,20:29:00,L01-AUTOBAN,SP330,60.0,NORTE,-23.18100028702,-46.911460161209,COLISÃO,COLISÃO-LATERAL,NÃO INFORMADO,0,0,0,0,0,AUTOMÓVEL=1|NÃO INFORMADO=1,JUNDIAÍ,CAMPINAS,CAMPINAS,ESTADUAL
2020-12-23,22:47:00,L29-VIAPAULISTA,SP330,317.0,NORTE,-21.12381172,-47.77217102,CHOQUE,CHOQUE-OUTROS,IMPRUD. CONDUTOR,1,0,0,0,0,AUTOMÓVEL=1,RIBEIRÃO PRETO,RIBEIRÃO PRETO,RIBEIRÃO PRETO,ESTADUAL
2020-12-24,00:16:00,L01-AUTOBAN,SPM330E,103.7,SUL,-22.858710761818,-47.145961051468,CHOQUE,CHOQUE-ELEMENTO DE DRENAGEM,NÃO INFORMADO,0,1,0,0,0,AUTOMÓVEL=1,CAMPINAS,CAMPINAS,CAMPINAS,ESTADUAL
2020-12-24,01:24:00,L01-AUTOBAN,SPI102/330,6.0,NORTE,-22.916105,-47.134975,CHOQUE,CHOQUE-DEFENSA METÁLICA,NÃO INFORMADO,0,1,0,0,0,ÔNIBUS=1,CAMPINAS,CAMPINAS,CAMPINAS,ESTADUAL
2020-12-24,01:34:00,L29-VIAPAULISTA,SP330,298.0,SUL,-21.2902813,-47.74717712,CHOQUE,CHOQUE-ELEMENTO DE DRENAGEM,IMPRUD. CONDUTOR,1,0,0,0,0,AUTOMÓVEL=1,CRAVINHOS,RIBEIRÃO PRETO,RIBEIRÃO PRETO,ESTADUAL
2020-12-24,05:35:00,L01-AUTOBAN,SP330,23.8,SUL,-23.43671228507,-46.786547542101,COLISÃO,COLISÃO-LATERAL,NÃO INFORMADO,0,0,0,0,0,NÃO INFORMADO=1|VIATURA CONCESSIONÁRIA=1,SÃO PAULO,REG. METROPOLITANA SÃO PAULO,SÃO PAULO,ESTADUAL
2020-12-24,06:47:00,L01-AUTOBAN,SP330,118.9,NORTE,-22.763781981444,-47.247083913017,COLISÃO,COLISÃO-TRASEIRA,NÃO INFORMADO,0,0,0,0,0,AUTOMÓVEL=1|MOTO=1,NOVA ODESSA,CAMPINAS,RIO CLARO,ESTADUAL
2020-12-24,12:13:00,L01-AUTOBAN,SP330,88.6,SUL,-22.961868666056,-47.056017273371,COLISÃO,COLISÃO-LATERAL,NÃO INFORMADO,0,0,0,0,0,AUTOMÓVEL=2,CAMPINAS,CAMPINAS,CAMPINAS,ESTADUAL
2020-12-24,19:31:00,L01-AUTOBAN,SP330,57.62,NORTE,-23.200333474671,-46.901947326478,ATROPELAMENTO DE PEDESTRE,ATROP. PEDESTRE-MORADOR/TRABALHADOR/ESTUDANTE,NÃO INFORMADO,0,0,0,1,0,NÃO INFORMADO=1|NÃO SE APLICA=1,JUNDIAÍ,CAMPINAS,CAMPINAS,ESTADUAL
2020-12-24,20:56:00,L01-AUTOBAN,SP330,20.3,SUL,-23.466531416194,-46.779780862898,CHOQUE,CHOQUE-BARREIRA DE CONCRETO,NÃO INFORMADO,0,0,0,0,0,AUTOMÓVEL=2,OSASCO,REG. METROPOLITANA SÃO PAULO,SÃO PAULO,ESTADUAL
2020-12-24,23:07:00,L06-INTERVIAS,SP330,231.4,NORTE,-21.81500053,-47.49779892,ATROPELAMENTO DE ANIMAL,ATROP. ANIMAL,ANIMAL NA RODOVIA,1,0,0,0,0,AUTOMÓVEL=1,PORTO FERREIRA,CENTRAL,RIO CLARO,ESTADUAL
2020-12-25,04:22:00,L01-AUTOBAN,SPM330E,110.46,SUL,-22.820750840701,-47.196753743769,COLISÃO,COLISÃO-TRASEIRA,NÃO INFORMADO,0,0,0,0,0,AUTOMÓVEL=2,SUMARÉ,CAMPINAS,CAMPINAS,ESTADUAL
2020-12-25,04:55:00,L01-AUTOBAN,SPM330D,14.7,NORTE,-23.502012341594,-46.7530711773,CHOQUE,CHOQUE-POSTE,NÃO INFORMADO,0,0,0,0,0,AUTOMÓVEL=1,SÃO PAULO,REG. METROPOLITANA SÃO PAULO,SÃO PAULO,ESTADUAL
2020-12-25,12:39:00,L29-VIAPAULISTA,SP330,307.45,SUL,-21.20681572,-47.75842667,CHOQUE,"CHOQUE - DEFENSA, BARREIRA OU ""SUBMARINO""",CONDIÇÃO CLIMÁTICA,0,1,0,0,0,CAMINHÃO=1,RIBEIRÃO PRETO,RIBEIRÃO PRETO,RIBEIRÃO PRETO,ESTADUAL
2020-12-25,17:08:00,L01-AUTOBAN,SP330,49.0,NORTE,-23.265565500047,-46.867493391037,COLISÃO,COLISÃO-TRASEIRA,NÃO INFORMADO,0,0,1,0,0,MOTO=1|NÃO INFORMADO=1,JUNDIAÍ,CAMPINAS,CAMPINAS,ESTADUAL
2020-12-25,18:08:00,L29-VIAPAULISTA,SP330,307.72,NORTE,-21.20388985,-47.75813675,CHOQUE,"CHOQUE - DEFENSA, BARREIRA OU ""SUBMARINO""",IMPRUD. CONDUTOR-PERDA DE CONTROLE,0,0,0,0,1,MOTO=1,RIBEIRÃO PRETO,RIBEIRÃO PRETO,RIBEIRÃO PRETO,ESTADUAL
2020-12-25,18:23:00,L28-ENTREVIAS,SP330,420.0,SUL,-20.24303598,-47.7972054543,CHOQUE,CHOQUE-ELEMENTO DE DRENAGEM,IMPRUD. CONDUTOR-PERDA DE CONTROLE,0,1,1,1,0,AUTOMÓVEL=1,BURITIZAL,FRANCA,RIBEIRÃO PRETO,ESTADUAL
2020-12-25,18:55:00,L28-ENTREVIAS,SP330,437.5,NORTE,-20.0994015691,-47.7898268572,CHOQUE,CHOQUE-ELEMENTO DE DRENAGEM,IMPRUD. CONDUTOR-PERDA DE CONTROLE,0,1,0,0,0,AUTOMÓVEL=1,ARAMINA,FRANCA,RIBEIRÃO PRETO,ESTADUAL
2020-12-26,02:47:00,L01-AUTOBAN,SP330,21.5,NORTE,-23.456866220255,-46.783947944641,CHOQUE,CHOQUE-DEFENSA METÁLICA,NÃO INFORMADO,0,0,0,0,0,AUTOMÓVEL=1,SÃO PAULO,REG. METROPOLITANA SÃO PAULO,SÃO PAULO,ESTADUAL
2020-12-26,08:22:00,L06-INTERVIAS,SP330,205.2,NORTE,-22.04214096,-47.43115997,CHOQUE,"CHOQUE - DEFENSA, BARREIRA",ESTOURO/FURO DE PNEU,0,1,0,0,0,MOTO=1,PIRASSUNUNGA,CAMPINAS,RIO CLARO,ESTADUAL
2020-12-26,14:18:00,L01-AUTOBAN,SPM330D,108.8,NORTE,-22.828416374739,-47.182534953554,CHOQUE,CHOQUE-BARREIRA DE CONCRETO,NÃO INFORMADO,0,0,0,0,0,AUTOMÓVEL=1,SUMARÉ,CAMPINAS,CAMPINAS,ESTADUAL
2020-12-26,19:00:00,L01-AUTOBAN,SP330,97.5,SUL,-22.900312112856,-47.109399139881,CHOQUE,CHOQUE-BARREIRA DE CONCRETO,NÃO INFORMADO,0,0,0,0,0,AUTOMÓVEL=1,CAMPINAS,CAMPINAS,CAMPINAS,ESTADUAL
2020-12-26,19:47:00,L01-AUTOBAN,SP330,75.7,NORTE,-23.062552725235,-46.992724181061,CHOQUE,CHOQUE-DEFENSA METÁLICA,NÃO INFORMADO,0,0,0,0,0,AUTOMÓVEL=1,VINHEDO,CAMPINAS,CAMPINAS,ESTADUAL
2020-12-26,20:59:00,L01-AUTOBAN,SPM330E,120.0,SUL,-22.75697435799,-47.254670262337,ENGAVETAMENTO,ENGAVETAMENTO,NÃO INFORMADO,0,0,0,0,0,AUTOMÓVEL=3|CAMINHÃO=1,AMERICANA,CAMPINAS,RIO CLARO,ESTADUAL
2020-12-26,22:04:00,L28-ENTREVIAS,SP330,329.5,SUL,-21.0290935692,-47.8360636035,COLISÃO,COLISÃO-TRASEIRA,IMPRUD. CONDUTOR-DIST. INADEQUADA ENTRE VEÍC.,0,2,0,0,0,AUTOMÓVEL=2,JARDINÓPOLIS,RIBEIRÃO PRETO,RIBEIRÃO PRETO,ESTADUAL
2020-12-26,22:26:00,L29-VIAPAULISTA,SP330,307.5,SUL,-21.20635033,-47.75839996,CHOQUE,"CHOQUE - DEFENSA, BARREIRA OU ""SUBMARINO""",OBJETO NA PISTA,1,0,0,0,0,AUTOMÓVEL=1,RIBEIRÃO PRETO,RIBEIRÃO PRETO,RIBEIRÃO PRETO,ESTADUAL
2020-12-26,23:06:00,L01-AUTOBAN,SP330,19.84,NORTE,-23.469707453327,-46.777873278618,CHOQUE,CHOQUE-TALUDE OU BARRANCO,NÃO INFORMADO,0,1,0,0,0,AUTOMÓVEL=1,OSASCO,REG. METROPOLITANA SÃO PAULO,SÃO PAULO,ESTADUAL
2020-12-26,23:53:00,L01-AUTOBAN,SPM330E,100.3,SUL,-22.878597434645,-47.119981548676,CHOQUE,CHOQUE-BARREIRA DE CONCRETO,NÃO INFORMADO,0,2,0,0,0,AUTOMÓVEL=1,CAMPINAS,CAMPINAS,CAMPINAS,ESTADUAL
2020-12-27,02:07:00,L06-INTERVIAS,SP330,186.4,SUL,-22.20734024,-47.39487839,ATROPELAMENTO DE ANIMAL,ATROP. ANIMAL,ANIMAL NA RODOVIA,1,0,0,0,0,CAMINHÃO=1,LEME,CAMPINAS,RIO CLARO,ESTADUAL
2020-12-27,05:00:00,L29-VIAPAULISTA,SP330,259.6,SUL,-21.54439163,-47.63964462,CHOQUE,"CHOQUE - DEFENSA, BARREIRA OU ""SUBMARINO""",IMPRUD. CONDUTOR-PERDA DE CONTROLE,0,0,0,1,0,AUTOMÓVEL=1,SANTA RITA DO PASSA QUATRO,CENTRAL,RIBEIRÃO PRETO,ESTADUAL
2020-12-27,05:29:00,L06-INTERVIAS,SP330,219.7,NORTE,-21.91711044,-47.47322845,COLISÃO,COLISÃO-TRASEIRA,IMPRUD. CONDUTOR,5,1,0,0,0,AUTOMÓVEL=1|MOTO=1,PIRASSUNUNGA,CAMPINAS,RIO CLARO,ESTADUAL
2020-12-27,07:10:00,L29-VIAPAULISTA,SP330,307.385,SUL,-21.20746231,-47.758461,CHOQUE,CHOQUE-ELEMENTO DE DRENAGEM,IMPRUD. CONDUTOR-PERDA DE CONTROLE,1,0,0,0,0,AUTOMÓVEL=1,RIBEIRÃO PRETO,RIBEIRÃO PRETO,RIBEIRÃO PRETO,ESTADUAL
2020-12-27,07:12:00,L01-AUTOBAN,SP330,43.8,SUL,-23.304095498692,-46.85688042691,CHOQUE,CHOQUE-BARREIRA DE CONCRETO,NÃO INFORMADO,0,2,0,0,0,AUTOMÓVEL=2,CAJAMAR,REG. METROPOLITANA SÃO PAULO,SÃO PAULO,ESTADUAL
2020-12-27,08:15:00,L01-AUTOBAN,SP330,118.0,NORTE,-22.768865993015,-47.240797877312,CHOQUE,CHOQUE-PRAÇA AVI-(ENTRE VEÍCULOS),NÃO INFORMADO,0,0,0,0,0,AUTOMÓVEL=2,NOVA ODESSA,CAMPINAS,RIO CLARO,ESTADUAL
2020-12-27,08:27:00,L29-VIAPAULISTA,SP330,307.444,NORTE,-21.20637512,-47.75826645,CHOQUE,CHOQUE-ELEMENTO DE DRENAGEM,IMPRUD. CONDUTOR-PERDA DE CONTROLE,2,0,0,0,0,AUTOMÓVEL=1,RIBEIRÃO PRETO,RIBEIRÃO PRETO,RIBEIRÃO PRETO,ESTADUAL
2020-12-27,12:17:00,L01-AUTOBAN,SP330,98.0,SUL,-22.896245165998,-47.110952138901,CHOQUE,CHOQUE-BARREIRA DE CONCRETO,NÃO INFORMADO,0,0,0,0,0,AUTOMÓVEL=1,CAMPINAS,CAMPINAS,CAMPINAS,ESTADUAL
2020-12-27,12:42:00,L06-INTERVIAS,SP330,193.8,SUL,-22.14196014,-47.40587997,TOMBAMENTO,TOMBAMENTO,ESTOURO/FURO DE PNEU,1,0,0,0,0,MOTO=1,LEME,CAMPINAS,RIO CLARO,ESTADUAL
2020-12-27,12:56:00,L01-AUTOBAN,SP330,98.0,SUL,-22.896245165998,-47.110952138901,TOMBAMENTO,TOMBAMENTO-MOTO,NÃO INFORMADO,0,1,0,0,0,MOTO=1,CAMPINAS,CAMPINAS,CAMPINAS,ESTADUAL
2020-12-27,13:29:00,L01-AUTOBAN,SP330,113.8,SUL,-22.802112508341,-47.220899122131,CHOQUE,CHOQUE-BARREIRA DE CONCRETO,NÃO INFORMADO,0,1,0,0,0,AUTOMÓVEL=1,SUMARÉ,CAMPINAS,CAMPINAS,ESTADUAL
2020-12-27,16:05:00,L01-AUTOBAN,SPI102/330,0.2,NORTE,-22.867538669453,-47.133062914313,CHOQUE,CHOQUE-BARREIRA DE CONCRETO,NÃO INFORMADO,0,1,0,0,0,AUTOMÓVEL=1,CAMPINAS,CAMPINAS,CAMPINAS,ESTADUAL
2020-12-27,16:23:00,L01-AUTOBAN,SP330,151.2,SUL,-22.520889637127,-47.392719239558,TOMBAMENTO,TOMBAMENTO-MOTO,NÃO INFORMADO,0,1,0,0,0,MOTO=1,LIMEIRA,CAMPINAS,RIO CLARO,ESTADUAL
2020-12-27,18:05:00,L01-AUTOBAN,SP330,92.5,NORTE,-22.932416470606,-47.07517683506,CHOQUE,CHOQUE-BARREIRA DE CONCRETO,NÃO INFORMADO,0,0,0,0,0,AUTOMÓVEL=1,CAMPINAS,CAMPINAS,CAMPINAS,ESTADUAL
2020-12-27,18:47:00,L01-AUTOBAN,SP330,20.3,SUL,-23.466531416194,-46.779780862898,CHOQUE,CHOQUE-BARREIRA DE CONCRETO,NÃO INFORMADO,0,0,0,0,0,AUTOMÓVEL=1,OSASCO,REG. METROPOLITANA SÃO PAULO,SÃO PAULO,ESTADUAL
2020-12-27,20:07:00,L01-AUTOBAN,SP330,75.76,SUL,-23.062399663857,-46.99310001223,COLISÃO,COLISÃO-LATERAL,NÃO INFORMADO,0,1,0,0,0,AUTOMÓVEL=2,VINHEDO,CAMPINAS,CAMPINAS,ESTADUAL
2020-12-27,20:10:00,L01-AUTOBAN,SP330,19.8,NORTE,-23.469898178729,-46.777623291016,CHOQUE,CHOQUE-BARREIRA DE CONCRETO,NÃO INFORMADO,0,0,0,0,0,AUTOMÓVEL=1,OSASCO,REG. METROPOLITANA SÃO PAULO,SÃO PAULO,ESTADUAL
2020-12-27,21:09:00,L29-VIAPAULISTA,SP330,301.0,NORTE,-21.26388931,-47.75511169,CHOQUE,"CHOQUE - DEFENSA, BARREIRA OU ""SUBMARINO""",IMPRUD. CONDUTOR-DIST. INADEQUADA ENTRE VEÍC.,1,0,0,0,0,CAMINHÃO=1,RIBEIRÃO PRETO,RIBEIRÃO PRETO,RIBEIRÃO PRETO,ESTADUAL
2020-12-28,00:05:00,L01-AUTOBAN,SP330,37.58,SUL,-23.347496581397,-46.843423840421,CHOQUE,CHOQUE-BARREIRA DE CONCRETO,NÃO INFORMADO,1,1,0,0,0,AUTOMÓVEL=1,CAJAMAR,REG. METROPOLITANA SÃO PAULO,SÃO PAULO,ESTADUAL
2020-12-28,02:44:00,L06-INTERVIAS,SP330,218.8,NORTE,-21.92491913,-47.4706192,ATROPELAMENTO DE ANIMAL,ATROP. ANIMAL,ANIMAL NA RODOVIA,2,0,0,0,0,AUTOMÓVEL=1,PIRASSUNUNGA,CAMPINAS,RIO CLARO,ESTADUAL
2020-12-28,08:00:00,L29-VIAPAULISTA,SP330,318.0,SUL,-21.11704636,-47.77725983,CHOQUE,CHOQUE-VEÍCULO PARADO NO ACOSTAMENTO,IMPRUD. CONDUTOR,1,0,0,0,0,CAMINHONETE=1|MOTO=1,RIBEIRÃO PRETO,RIBEIRÃO PRETO,RIBEIRÃO PRETO,ESTADUAL
2020-12-28,08:37:00,L01-AUTOBAN,SP330,153.1,NORTE,-22.504626656961,-47.398964526365,TOMBAMENTO,TOMBAMENTO,NÃO INFORMADO,0,1,0,0,0,CARRETA=1,CORDEIRÓPOLIS,CAMPINAS,RIO CLARO,ESTADUAL
2020-12-28,11:05:00,L01-AUTOBAN,SP330,53.0,NORTE,-23.230639,-46.87295,CHOQUE,CHOQUE-BARREIRA DE CONCRETO,NÃO INFORMADO,0,0,0,0,0,AUTOMÓVEL=1,JUNDIAÍ,CAMPINAS,CAMPINAS,ESTADUAL
2020-12-28,11:10:00,L29-VIAPAULISTA,SP330,307.0,SUL,-21.21128464,-47.75865936,TOMBAMENTO,TOMBAMENTO,IMPRUD. CONDUTOR-PERDA DE CONTROLE,0,1,0,0,0,MOTO=1,RIBEIRÃO PRETO,RIBEIRÃO PRETO,RIBEIRÃO PRETO,ESTADUAL
2020-12-28,14:07:00,L01-AUTOBAN,SPI102/330,4.46,SUL,-22.902770337735,-47.137181675444,CHOQUE,CHOQUE-TALUDE OU BARRANCO,NÃO INFORMADO,0,0,0,0,0,AUTOMÓVEL=1,CAMPINAS,CAMPINAS,CAMPINAS,ESTADUAL
2020-12-28,15:01:00,L29-VIAPAULISTA,SP330,272.0,NORTE,-21.4902668,-47.64112473,TOMBAMENTO,TOMBAMENTO,IMPRUD. CONDUTOR-LEVOU FECHADA,1,0,0,0,0,MOTO=1,SÃO SIMÃO,RIBEIRÃO PRETO,RIBEIRÃO PRETO,ESTADUAL
2020-12-28,16:26:00,L01-AUTOBAN,SP330,49.2,SUL,-23.263744957743,-46.867614626754,CHOQUE,CHOQUE-BARREIRA DE CONCRETO,NÃO INFORMADO,0,0,0,0,0,UTILITÁRIO=1,JUNDIAÍ,CAMPINAS,CAMPINAS,ESTADUAL
2020-12-28,18:41:00,L01-AUTOBAN,SP330,111.7,SUL,-22.817819126738,-47.202274004299,CHOQUE,CHOQUE-DEFENSA METÁLICA,NÃO INFORMADO,0,0,0,0,0,CARRETA=1,SUMARÉ,CAMPINAS,CAMPINAS,ESTADUAL
2020-12-28,22:35:00,L29-VIAPAULISTA,SP330,307.2,SUL,-21.20929718,-47.75855637,CHOQUE,"CHOQUE - DEFENSA, BARREIRA OU ""SUBMARINO""",IMPRUD. CONDUTOR,1,0,0,0,0,CAMINHONETE=1,RIBEIRÃO PRETO,RIBEIRÃO PRETO,RIBEIRÃO PRETO,ESTADUAL
2020-12-28,23:27:00,L01-AUTOBAN,SPM330D,15.58,NORTE,-23.496511188038,-46.7570038673,CHOQUE,CHOQUE-POSTE,NÃO INFORMADO,0,1,0,0,0,AUTOMÓVEL=1,SÃO PAULO,REG. METROPOLITANA SÃO PAULO,SÃO PAULO,ESTADUAL
2020-12-29,05:59:00,L01-AUTOBAN,SP330,29.4,NORTE,-23.407590442392,-46.823878523528,CHOQUE,CHOQUE-TALUDE OU BARRANCO,NÃO INFORMADO,0,0,0,0,0,CARRETA=1,SÃO PAULO,REG. METROPOLITANA SÃO PAULO,SÃO PAULO,ESTADUAL
2020-12-29,13:38:00,L01-AUTOBAN,SP330,124.88,SUL,-22.729213951053,-47.291296989752,TOMBAMENTO,TOMBAMENTO-MOTO,NÃO INFORMADO,0,1,0,0,0,MOTO=1,AMERICANA,CAMPINAS,RIO CLARO,ESTADUAL
2020-12-29,13:54:00,L01-AUTOBAN,SPM330D,52.0,NORTE,-23.240084246841,-46.868990063667,TOMBAMENTO,TOMBAMENTO-MOTO,NÃO INFORMADO,0,2,0,0,0,MOTO=1,JUNDIAÍ,CAMPINAS,CAMPINAS,ESTADUAL
2020-12-29,15:04:00,L29-VIAPAULISTA,SP330,254.9,NORTE,-21.64111519,-47.61180115,COLISÃO,COLISÃO-TRASEIRA,IMPRUD. CONDUTOR-LEVOU FECHADA,1,0,0,0,0,CAMINHONETE=1|NÃO INFORMADO=1,SANTA RITA DO PASSA QUATRO,CENTRAL,RIBEIRÃO PRETO,ESTADUAL
2020-12-29,15:16:00,L28-ENTREVIAS,SP330,376.5,SUL,-20.6180532138,-47.883668093,COLISÃO,COLISÃO-TRASEIRA,CONDIÇÃO CLIMÁTICA,2,0,0,0,0,AUTOMÓVEL=2,SÃO JOAQUIM DA BARRA,FRANCA,RIBEIRÃO PRETO,ESTADUAL
2020-12-29,17:58:00,L06-INTERVIAS,SP330,186.0,SUL,-22.21089935,-47.39419937,COLISÃO,COLISÃO-TRASEIRA,IMPRUD. CONDUTOR-MUDANÇA DE FAIXA,1,0,0,0,0,AUTOMÓVEL=1,LEME,CAMPINAS,RIO CLARO,ESTADUAL
2020-12-29,23:10:00,L01-AUTOBAN,SP330,62.83,SUL,-23.168155779175,-46.927054992098,CHOQUE,CHOQUE-TALUDE OU BARRANCO,NÃO INFORMADO,0,0,0,0,0,AUTOMÓVEL=1,JUNDIAÍ,CAMPINAS,CAMPINAS,ESTADUAL
2020-12-30,00:03:00,L01-AUTOBAN,SP330,36.0,SUL,-23.36049320542,-46.848599910736,COLISÃO,COLISÃO-TRASEIRA,NÃO INFORMADO,0,0,0,0,0,AUTOMÓVEL=1|CARRETA=1,CAJAMAR,REG. METROPOLITANA SÃO PAULO,SÃO PAULO,ESTADUAL
2020-12-30,01:24:00,L01-AUTOBAN,SP330,66.1,NORTE,-23.136504926008,-46.944633712401,CHOQUE,CHOQUE-BARREIRA DE CONCRETO,NÃO INFORMADO,0,0,0,0,0,AUTOMÓVEL=1,JUNDIAÍ,CAMPINAS,CAMPINAS,ESTADUAL
2020-12-30,03:19:00,L01-AUTOBAN,SP330,129.62,NORTE,-22.691395948544,-47.310158508481,ATROPELAMENTO DE ANIMAL,ATROP. ANIMAL,NÃO INFORMADO,0,5,1,0,0,AUTOMÓVEL=2,AMERICANA,CAMPINAS,RIO CLARO,ESTADUAL
2020-12-30,05:19:00,L28-ENTREVIAS,SP330,405.0,NORTE,-20.3734115004,-47.8142880032,CHOQUE,CHOQUE-VEÍCULO PARADO NA PISTA,IMPRUD. CONDUTOR-FALTA DE ATENÇÃO,2,0,0,0,0,CAMINHÃO=2,ITUVERAVA,FRANCA,RIBEIRÃO PRETO,ESTADUAL
2020-12-30,09:24:00,L01-AUTOBAN,SPM330E,105.0,SUL,-22.852088298342,-47.156785726547,COLISÃO,COLISÃO-LATERAL,NÃO INFORMADO,0,1,0,0,0,AUTOMÓVEL=1|MOTO=1,CAMPINAS,CAMPINAS,CAMPINAS,ESTADUAL
2020-12-30,10:41:00,L29-VIAPAULISTA,SPA307/330,3.0,LESTE,-21.18923569,-47.78230286,CHOQUE,CHOQUE-OUTROS,IMPRUD. CONDUTOR-PERDA DE CONTROLE,1,0,0,0,0,AUTOMÓVEL=1,RIBEIRÃO PRETO,RIBEIRÃO PRETO,RIBEIRÃO PRETO,ESTADUAL
2020-12-30,13:32:00,L29-VIAPAULISTA,SPA307/330,1.7,LESTE,-21.19611549,-47.77267075,ENGAVETAMENTO,ENGAVETAMENTO,IMPRUD. CONDUTOR-DIST. INADEQUADA ENTRE VEÍC.,7,0,0,0,0,AUTOMÓVEL=3,RIBEIRÃO PRETO,RIBEIRÃO PRETO,RIBEIRÃO PRETO,ESTADUAL
2020-12-30,17:24:00,L29-VIAPAULISTA,SP330,261.65,NORTE,-21.58216858,-47.62722778,TOMBAMENTO,TOMBAMENTO,ESTOURO/FURO DE PNEU,0,2,0,0,0,MOTO=1,SÃO SIMÃO,RIBEIRÃO PRETO,RIBEIRÃO PRETO,ESTADUAL
2020-12-30,18:21:00,L01-AUTOBAN,SP330,58.1,NORTE,-23.196105557976,-46.903994496274,COLISÃO,COLISÃO-LATERAL,NÃO INFORMADO,0,0,0,0,0,AUTOMÓVEL=1|NÃO INFORMADO=1,JUNDIAÍ,CAMPINAS,CAMPINAS,ESTADUAL
2020-12-30,20:49:00,L01-AUTOBAN,SPM330D,103.0,NORTE,-22.862197108808,-47.13924407959,CHOQUE,CHOQUE-BARREIRA DE CONCRETO,NÃO INFORMADO,0,0,0,0,0,AUTOMÓVEL=1,CAMPINAS,CAMPINAS,CAMPINAS,ESTADUAL
2020-12-30,21:43:00,L01-AUTOBAN,SP330,106.9,NORTE,-22.840157907004,-47.170152305992,CHOQUE,CHOQUE-BARREIRA DE CONCRETO,NÃO INFORMADO,0,1,0,0,0,AUTOMÓVEL=1|CARRETA=1,SUMARÉ,CAMPINAS,CAMPINAS,ESTADUAL
2020-12-30,23:58:00,L01-AUTOBAN,SP330,23.2,SUL,-23.442373265149,-46.786927341932,COLISÃO,COLISÃO-LATERAL,NÃO INFORMADO,0,0,0,0,0,AUTOMÓVEL=1|CARRETA=1,SÃO PAULO,REG. METROPOLITANA SÃO PAULO,SÃO PAULO,ESTADUAL
2020-12-31,06:34:00,L01-AUTOBAN,SP330,111.1,SUL,-22.817690965867,-47.202500749022,CHOQUE,CHOQUE-DEFENSA METÁLICA,NÃO INFORMADO,0,0,0,0,0,AUTOMÓVEL=1,SUMARÉ,CAMPINAS,CAMPINAS,ESTADUAL
2020-12-31,08:40:00,L01-AUTOBAN,SPM330D,15.0,NORTE,-23.49985248603,-46.754524111748,COLISÃO,COLISÃO-TRASEIRA,NÃO INFORMADO,0,0,0,0,0,UTILITÁRIO=1|VAN/PERUA=1,SÃO PAULO,REG. METROPOLITANA SÃO PAULO,SÃO PAULO,ESTADUAL
2020-12-31,10:45:00,L06-INTERVIAS,SP330,213.5,SUL,-21.97060013,-47.45534897,CHOQUE,CHOQUE-OUTROS,IMPRUD. CONDUTOR-LEVOU FECHADA,5,0,0,0,0,CAMINHONETE=1|NÃO INFORMADO=1,PIRASSUNUNGA,CAMPINAS,RIO CLARO,ESTADUAL
2020-12-31,11:02:00,L01-AUTOBAN,SP330,126.1,NORTE,-22.718065543418,-47.295095975592,COLISÃO,COLISÃO-TRASEIRA,NÃO INFORMADO,0,0,0,0,0,AUTOMÓVEL=1|UTILITÁRIO=1,AMERICANA,CAMPINAS,RIO CLARO,ESTADUAL
2020-12-31,11:06:00,L01-AUTOBAN,SP330,121.8,SUL,-22.74496785694,-47.26721014642,CHOQUE,CHOQUE-BARREIRA DE CONCRETO,NÃO INFORMADO,0,0,1,0,0,AUTOMÓVEL=1,AMERICANA,CAMPINAS,RIO CLARO,ESTADUAL
2020-12-31,11:37:00,L29-VIAPAULISTA,SP330,293.3,SUL,-21.32938957,-47.72887421,CHOQUE,CHOQUE-TALUDE OU BARRANCO,MAL SÚBITO DO CONDUTOR,1,0,0,0,0,AUTOMÓVEL=1,CRAVINHOS,RIBEIRÃO PRETO,RIBEIRÃO PRETO,ESTADUAL
2020-12-31,14:05:00,L01-AUTOBAN,SPM330D,86.6,NORTE,-22.978024144201,-47.046435565104,CHOQUE,CHOQUE-ELEMENTO DE DRENAGEM,NÃO INFORMADO,0,0,0,0,0,AUTOMÓVEL=1,CAMPINAS,CAMPINAS,CAMPINAS,ESTADUAL
2020-12-31,14:15:00,L01-AUTOBAN,SP330,92.5,NORTE,-22.932416470606,-47.07517683506,CAPOTAMENTO,CAPOTAMENTO,NÃO INFORMADO,0,0,0,0,0,AUTOMÓVEL=1,CAMPINAS,CAMPINAS,CAMPINAS,ESTADUAL
2020-12-31,14:41:00,L01-AUTOBAN,SP330,19.8,SUL,-23.469866686579,-46.777777786108,CHOQUE,CHOQUE-BARREIRA DE CONCRETO,NÃO INFORMADO,0,2,0,0,0,UTILITÁRIO=1,OSASCO,REG. METROPOLITANA SÃO PAULO,SÃO PAULO,ESTADUAL
2020-12-31,15:00:00,L01-AUTOBAN,SP330,31.0,NORTE,-23.401420887741,-46.836825013161,CHOQUE,CHOQUE-BARREIRA DE CONCRETO,NÃO INFORMADO,0,0,0,0,0,AUTOMÓVEL=1,CAJAMAR,REG. METROPOLITANA SÃO PAULO,SÃO PAULO,ESTADUAL
2020-12-31,15:43:00,L01-AUTOBAN,SP330,41.0,SUL,-23.323518428373,-46.84717297554,CHOQUE,CHOQUE-TALUDE OU BARRANCO,NÃO INFORMADO,0,0,0,0,0,AUTOMÓVEL=2,CAJAMAR,REG. METROPOLITANA SÃO PAULO,SÃO PAULO,ESTADUAL
2020-12-31,15:48:00,L29-VIAPAULISTA,SP330,269.1,NORTE,-21.51638603,-47.64270401,ATROPELAMENTO DE ANIMAL,ATROP. ANIMAL,ANIMAL NA RODOVIA,2,0,0,0,0,AUTOMÓVEL=1,SÃO SIMÃO,RIBEIRÃO PRETO,RIBEIRÃO PRETO,ESTADUAL
2020-12-31,17:07:00,L01-AUTOBAN,SP330,53.0,SUL,-23.230945296234,-46.87306702137,CHOQUE,CHOQUE-BARREIRA DE CONCRETO,NÃO INFORMADO,0,0,0,0,0,AUTOMÓVEL=1,JUNDIAÍ,CAMPINAS,CAMPINAS,ESTADUAL
2020-12-31,17:08:00,L01-AUTOBAN,SP330,41.41,SUL,-23.32097962718,-46.849636315383,CHOQUE,CHOQUE-BARREIRA DE CONCRETO,NÃO INFORMADO,0,1,0,0,0,AUTOMÓVEL=1,CAJAMAR,REG. METROPOLITANA SÃO PAULO,SÃO PAULO,ESTADUAL
2020-12-31,17:45:00,L01-AUTOBAN,SP330,36.95,SUL,-23.35172640323,-46.846948894211,CHOQUE,CHOQUE-MEIO FIO/CALÇAMENTO,NÃO INFORMADO,0,0,0,0,0,AUTOMÓVEL=1,CAJAMAR,REG. METROPOLITANA SÃO PAULO,SÃO PAULO,ESTADUAL
2020-12-31,18:17:00,L01-AUTOBAN,SP330,18.3,SUL,-23.47964699588,-46.771609782068,CHOQUE,CHOQUE-BARREIRA DE CONCRETO,NÃO INFORMADO,0,0,0,0,0,AUTOMÓVEL=1,OSASCO,REG. METROPOLITANA SÃO PAULO,SÃO PAULO,ESTADUAL
2020-12-31,19:11:00,L01-AUTOBAN,SP330,61.3,SUL,-23.173357470582,-46.921075874491,ENGAVETAMENTO,ENGAVETAMENTO,NÃO INFORMADO,0,0,0,0,0,AUTOMÓVEL=3|UTILITÁRIO=1,JUNDIAÍ,CAMPINAS,CAMPINAS,ESTADUAL
2020-12-31,19:36:00,L01-AUTOBAN,SP330,82.5,SUL,-23.009495004474,-47.025671303272,ATROPELAMENTO DE ANIMAL,ATROP. ANIMAL,NÃO INFORMADO,0,0,0,0,0,AUTOMÓVEL=1,VALINHOS,CAMPINAS,CAMPINAS,ESTADUAL
2020-12-31,21:04:00,L01-AUTOBAN,SP330,19.9,NORTE,-23.469421374318,-46.778248248101,CHOQUE,CHOQUE-BARREIRA DE CONCRETO,NÃO INFORMADO,0,0,0,0,0,AUTOMÓVEL=2,OSASCO,REG. METROPOLITANA SÃO PAULO,SÃO PAULO,ESTADUAL
2020-12-31,21:06:00,L01-AUTOBAN,SP330,15.4,SUL,-23.497657360358,-46.756352303833,CAPOTAMENTO,CAPOTAMENTO,NÃO INFORMADO,0,0,0,0,0,AUTOMÓVEL=3,SÃO PAULO,REG. METROPOLITANA SÃO PAULO,SÃO PAULO,ESTADUAL
2020-12-31,21:23:00,L01-AUTOBAN,SP330,71.12,SUL,-23.096975067246,-46.968668259206,CHOQUE,CHOQUE-BARREIRA DE CONCRETO,NÃO INFORMADO,0,0,0,0,0,AUTOMÓVEL=2,LOUVEIRA,CAMPINAS,CAMPINAS,ESTADUAL
2020-12-31,23:00:00,L01-AUTOBAN,SP330,48.1,NORTE,-23.273269527998,-46.869439068755,ATROPELAMENTO DE ANIMAL,ATROP. ANIMAL,NÃO INFORMADO,0,0,0,0,0,AUTOMÓVEL=1,JUNDIAÍ,CAMPINAS,CAMPINAS,ESTADUAL
