,DATA,HORA,CONCESSIONARIA,RODOVIA,KM,SENTIDO,LATITUDE,LONGITUDE,CLASSE,SUBCLASSE,CAUSA_PROVAVEL,VEICULOS_ENVOLVIDOS,MUNICIPIO,REGIAO_ADMINISTRATIVA,REGIONAL_DER,JURISDICAO
0,2023-01-01,00:42:28,L01-AUTOBAN,SP330,135.3,SUL,-22.64411897,-47.32767751,ATROPELAMENTO DE ANIMAL,ATROP. ANIMAL,NÃO INFORMADO,AUTOMÓVEL=1,LIMEIRA,CAMPINAS,RIO CLARO,ESTADUAL
1,2023-01-01,05:06:43,L01-AUTOBAN,SPM330D,96.0,NORTE,-22.91145011,-47.10140347,COLISÃO,COLISÃO-TRASEIRA,NÃO INFORMADO,AUTOMÓVEL=2,CAMPINAS,CAMPINAS,CAMPINAS,ESTADUAL
2,2023-01-01,05:44:07,L01-AUTOBAN,SP330,94.6,NORTE,-22.92165528,-47.0912851,CHOQUE,CHOQUE-BARREIRA DE CONCRETO,NÃO INFORMADO,AUTOMÓVEL=1,CAMPINAS,CAMPINAS,CAMPINAS,ESTADUAL
7,2023-01-01,19:52:57,L01-AUTOBAN,SP330,105.3,NORTE,-22.8517126,-47.15673745,CHOQUE,CHOQUE-BARREIRA DE CONCRETO,NÃO INFORMADO,AUTOMÓVEL=1,CAMPINAS,CAMPINAS,CAMPINAS,ESTADUAL
9,2023-01-01,20:28:06,L01-AUTOBAN,SP330,25.2,SUL,-23.4264665,-46.78774729,CHOQUE,CHOQUE-SINALIZAÇÃO,NÃO INFORMADO,AUTOMÓVEL=1,SÃO PAULO,REG. METROPOLITANA SÃO PAULO,SÃO PAULO,ESTADUAL
10,2023-01-01,21:57:35,L01-AUTOBAN,SP330,55.5,SUL,-23.21364166,-46.88791841,CHOQUE,CHOQUE-DEFENSA METÁLICA,NÃO INFORMADO,AUTOMÓVEL=1,JUNDIAÍ,CAMPINAS,CAMPINAS,ESTADUAL
11,2023-01-02,00:27:28,L01-AUTOBAN,SP330,29.8,NORTE,-23.40593239,-46.82719158,ATROPELAMENTO DE ANIMAL,ATROP. ANIMAL,NÃO INFORMADO,AUTOMÓVEL=1,CAJAMAR,REG. METROPOLITANA SÃO PAULO,SÃO PAULO,ESTADUAL
12,2023-01-02,01:36:05,L01-AUTOBAN,SP330,53.0,NORTE,-23.230639,-46.87295,ATROPELAMENTO DE ANIMAL,ATROP. ANIMAL,NÃO INFORMADO,AUTOMÓVEL=1,JUNDIAÍ,CAMPINAS,CAMPINAS,ESTADUAL
13,2023-01-02,06:11:12,L01-AUTOBAN,SP330,108.0,SUL,-22.83292646,-47.17737973,COLISÃO,COLISÃO-LATERAL,NÃO INFORMADO,AUTOMÓVEL=1|CAMINHÃO=1,SUMARÉ,CAMPINAS,CAMPINAS,ESTADUAL
14,2023-01-02,07:05:29,L01-AUTOBAN,SP330,57.6,NORTE,-23.20051404,-46.90185463,COLISÃO,COLISÃO-LATERAL,NÃO INFORMADO,AUTOMÓVEL=1|MOTO=1,JUNDIAÍ,CAMPINAS,CAMPINAS,ESTADUAL
15,2023-01-02,09:01:18,L01-AUTOBAN,SP330,126.66,NORTE,-22.71365119,-47.29677527,ENGAVETAMENTO,ENGAVETAMENTO,NÃO INFORMADO,AUTOMÓVEL=4,AMERICANA,CAMPINAS,RIO CLARO,ESTADUAL
16,2023-01-02,09:59:43,L01-AUTOBAN,SP330,104.0,NORTE,-22.856805,-47.148633,COLISÃO,COLISÃO-TRASEIRA,NÃO INFORMADO,AUTOMÓVEL=1|CAMINHÃO=1,CAMPINAS,CAMPINAS,CAMPINAS,ESTADUAL
19,2023-01-02,15:39:37,L01-AUTOBAN,SPM330E,100.0,SUL,-22.88052946,-47.11788297,TOMBAMENTO,TOMBAMENTO-MOTO,NÃO INFORMADO,MOTO=1,CAMPINAS,CAMPINAS,CAMPINAS,ESTADUAL
21,2023-01-02,18:54:38,L01-AUTOBAN,SPM330E,101.92,SUL,-22.86881377,-47.131824,CHOQUE,CHOQUE-MEIO FIO/CALÇAMENTO,NÃO INFORMADO,AUTOMÓVEL=1,CAMPINAS,CAMPINAS,CAMPINAS,ESTADUAL
22,2023-01-02,19:33:09,L01-AUTOBAN,SP330,104.0,NORTE,-22.856805,-47.148633,COLISÃO,COLISÃO-TRASEIRA,NÃO INFORMADO,AUTOMÓVEL=1|NÃO INFORMADO=1,CAMPINAS,CAMPINAS,CAMPINAS,ESTADUAL
23,2023-01-03,10:11:58,L01-AUTOBAN,SP330,68.0,NORTE,-23.1222553,-46.95426822,CHOQUE,CHOQUE-SINALIZAÇÃO,NÃO INFORMADO,UTILITÁRIO=1,JUNDIAÍ,CAMPINAS,CAMPINAS,ESTADUAL
25,2023-01-03,12:10:36,L01-AUTOBAN,SP330,151.0,NORTE,-22.522222,-47.391803,COLISÃO,COLISÃO-TRASEIRA,NÃO INFORMADO,AUTOMÓVEL=2,LIMEIRA,CAMPINAS,RIO CLARO,ESTADUAL
31,2023-01-03,17:02:30,L01-AUTOBAN,SPM330D,110.8,NORTE,-22.81870062,-47.19988349,CHOQUE,CHOQUE-BARREIRA DE CONCRETO,NÃO INFORMADO,AUTOMÓVEL=1,SUMARÉ,CAMPINAS,CAMPINAS,ESTADUAL
33,2023-01-03,18:13:00,L01-AUTOBAN,SPM330E,115.0,SUL,-22.79245328,-47.22631395,COLISÃO,COLISÃO-TRASEIRA,NÃO INFORMADO,AUTOMÓVEL=1|MOTO=1,SUMARÉ,CAMPINAS,CAMPINAS,ESTADUAL
34,2023-01-03,18:18:41,L01-AUTOBAN,SP330,51.74,NORTE,-23.24212179,-46.86820329,CHOQUE,CHOQUE-BARREIRA DE CONCRETO,NÃO INFORMADO,AUTOMÓVEL=1,JUNDIAÍ,CAMPINAS,CAMPINAS,ESTADUAL
37,2023-01-04,07:50:31,L01-AUTOBAN,SP330,95.5,SUL,-22.91585259,-47.09776908,TOMBAMENTO,TOMBAMENTO-MOTO,NÃO INFORMADO,MOTO=1,CAMPINAS,CAMPINAS,CAMPINAS,ESTADUAL
38,2023-01-04,11:06:39,L01-AUTOBAN,SP330,76.0,NORTE,-23.060072,-46.994586,TOMBAMENTO,TOMBAMENTO,NÃO INFORMADO,AUTOMÓVEL=1,VINHEDO,CAMPINAS,CAMPINAS,ESTADUAL
39,2023-01-04,11:17:00,L01-AUTOBAN,SP330,152.5,SUL,-22.50989569,-47.39742011,COLISÃO,COLISÃO-TRASEIRA,NÃO INFORMADO,AUTOMÓVEL=2,CORDEIRÓPOLIS,CAMPINAS,RIO CLARO,ESTADUAL
42,2023-01-04,15:15:54,L01-AUTOBAN,SP330,18.7,SUL,-23.4762559,-46.77218914,CHOQUE,CHOQUE-TALUDE OU BARRANCO,NÃO INFORMADO,AUTOMÓVEL=1,OSASCO,REG. METROPOLITANA SÃO PAULO,SÃO PAULO,ESTADUAL
44,2023-01-04,15:28:02,L01-AUTOBAN,SP330,97.5,SUL,-22.90031211,-47.10939914,COLISÃO,COLISÃO-LATERAL,NÃO INFORMADO,AUTOMÓVEL=1|CARRETA=1,CAMPINAS,CAMPINAS,CAMPINAS,ESTADUAL
45,2023-01-04,15:58:06,L01-AUTOBAN,SP330,30.8,NORTE,-23.40215739,-46.83522963,CHOQUE,CHOQUE-BARREIRA DE CONCRETO,NÃO INFORMADO,AUTOMÓVEL=1,CAJAMAR,REG. METROPOLITANA SÃO PAULO,SÃO PAULO,ESTADUAL
56,2023-01-04,23:28:26,L01-AUTOBAN,SP330,73.5,NORTE,-23.078731,-46.9806155,COLISÃO,COLISÃO-TRASEIRA,NÃO INFORMADO,CAMINHÃO=1|CARRETA=1,LOUVEIRA,CAMPINAS,CAMPINAS,ESTADUAL
58,2023-01-05,06:47:29,L01-AUTOBAN,SPM330D,114.34,NORTE,-22.79769453,-47.22325793,TOMBAMENTO,TOMBAMENTO-MOTO,NÃO INFORMADO,MOTO=1,SUMARÉ,CAMPINAS,CAMPINAS,ESTADUAL
59,2023-01-05,06:53:57,L01-AUTOBAN,SP330,19.8,NORTE,-23.46989818,-46.77762329,CHOQUE,CHOQUE-TALUDE OU BARRANCO,NÃO INFORMADO,AUTOMÓVEL=1,OSASCO,REG. METROPOLITANA SÃO PAULO,SÃO PAULO,ESTADUAL
61,2023-01-05,07:45:01,L01-AUTOBAN,SP330,19.8,NORTE,-23.46989818,-46.77762329,CHOQUE,CHOQUE-VEÍCULO PARADO NO ACOSTAMENTO,NÃO INFORMADO,AUTOMÓVEL=2,OSASCO,REG. METROPOLITANA SÃO PAULO,SÃO PAULO,ESTADUAL
64,2023-01-05,14:53:06,L01-AUTOBAN,SP330,98.0,SUL,-22.89624517,-47.11095214,CHOQUE,CHOQUE-BARREIRA DE CONCRETO,NÃO INFORMADO,AUTOMÓVEL=1,CAMPINAS,CAMPINAS,CAMPINAS,ESTADUAL
66,2023-01-05,16:53:21,L01-AUTOBAN,SP330,92.0,NORTE,-22.93511642,-47.07138956,CHOQUE,CHOQUE-DEFENSA METÁLICA,NÃO INFORMADO,AUTOMÓVEL=1,CAMPINAS,CAMPINAS,CAMPINAS,ESTADUAL
67,2023-01-05,17:07:53,L01-AUTOBAN,SP330,18.0,SUL,-23.4821903,-46.77117527,CHOQUE,CHOQUE-BARREIRA DE CONCRETO,NÃO INFORMADO,VAN/PERUA=1,OSASCO,REG. METROPOLITANA SÃO PAULO,SÃO PAULO,ESTADUAL
68,2023-01-05,17:42:53,L01-AUTOBAN,SP330,41.4,SUL,-23.32104154,-46.84957624,CHOQUE,CHOQUE-ELEMENTO DE DRENAGEM,NÃO INFORMADO,AUTOMÓVEL=1,CAJAMAR,REG. METROPOLITANA SÃO PAULO,SÃO PAULO,ESTADUAL
69,2023-01-05,21:41:18,L01-AUTOBAN,SP330,18.74,SUL,-23.4759168,-46.77224708,CHOQUE,CHOQUE-BARREIRA DE CONCRETO,NÃO INFORMADO,AUTOMÓVEL=1,OSASCO,REG. METROPOLITANA SÃO PAULO,SÃO PAULO,ESTADUAL
70,2023-01-06,03:33:28,L01-AUTOBAN,SP330,128.5,SUL,-22.70058379,-47.3065576,TOMBAMENTO,TOMBAMENTO-MOTO,NÃO INFORMADO,MOTO=1,AMERICANA,CAMPINAS,RIO CLARO,ESTADUAL
74,2023-01-06,10:43:05,L01-AUTOBAN,SP330,53.0,SUL,-23.2309453,-46.87306702,COLISÃO,COLISÃO-TRANSVERSAL,NÃO INFORMADO,MOTO=1|UTILITÁRIO=1,JUNDIAÍ,CAMPINAS,CAMPINAS,ESTADUAL
75,2023-01-06,10:47:21,L01-AUTOBAN,SP330,30.94,NORTE,-23.40164183,-46.8363464,COLISÃO,COLISÃO-LATERAL,NÃO INFORMADO,AUTOMÓVEL=2|CARRETA=1,CAJAMAR,REG. METROPOLITANA SÃO PAULO,SÃO PAULO,ESTADUAL
78,2023-01-06,18:26:43,L01-AUTOBAN,SP330,92.4,SUL,-22.93302177,-47.07430156,ENGAVETAMENTO,ENGAVETAMENTO,NÃO INFORMADO,AUTOMÓVEL=3,CAMPINAS,CAMPINAS,CAMPINAS,ESTADUAL
79,2023-01-06,19:44:07,L01-AUTOBAN,SP330,61.0,NORTE,-23.17529462,-46.91833198,CHOQUE,CHOQUE-VEÍCULO PARADO NA PISTA,NÃO INFORMADO,AUTOMÓVEL=2,JUNDIAÍ,CAMPINAS,CAMPINAS,ESTADUAL
80,2023-01-06,19:57:03,L01-AUTOBAN,SP330,62.0,NORTE,-23.16861715,-46.92652881,COLISÃO,COLISÃO-LATERAL,NÃO INFORMADO,AUTOMÓVEL=1|NÃO INFORMADO=1,JUNDIAÍ,CAMPINAS,CAMPINAS,ESTADUAL
81,2023-01-06,22:19:12,L01-AUTOBAN,SPM330D,57.26,NORTE,-23.20358352,-46.90027878,TOMBAMENTO,TOMBAMENTO-MOTO,NÃO INFORMADO,MOTO=1,JUNDIAÍ,CAMPINAS,CAMPINAS,ESTADUAL
82,2023-01-06,23:03:14,L01-AUTOBAN,SP330,149.5,NORTE,-22.5335785,-47.384027,TOMBAMENTO,TOMBAMENTO-MOTO,NÃO INFORMADO,MOTO=1,LIMEIRA,CAMPINAS,RIO CLARO,ESTADUAL
83,2023-01-07,01:24:28,L01-AUTOBAN,SPM330D,52.1,NORTE,-23.23913974,-46.86938605,TOMBAMENTO,TOMBAMENTO-MOTO,NÃO INFORMADO,MOTO=1,JUNDIAÍ,CAMPINAS,CAMPINAS,ESTADUAL
84,2023-01-07,01:27:29,L01-AUTOBAN,SPM330D,25.0,NORTE,-23.426127,-46.787542,CHOQUE,CHOQUE-DEFENSA METÁLICA,NÃO INFORMADO,AUTOMÓVEL=1,SÃO PAULO,REG. METROPOLITANA SÃO PAULO,SÃO PAULO,ESTADUAL
85,2023-01-07,04:09:22,L01-AUTOBAN,SP330,68.14,SUL,-23.12139684,-46.95490036,COLISÃO,COLISÃO-TRASEIRA,NÃO INFORMADO,ÔNIBUS=2,JUNDIAÍ,CAMPINAS,CAMPINAS,ESTADUAL
86,2023-01-07,10:14:37,L01-AUTOBAN,SP330,28.5,NORTE,-23.41011737,-46.81584209,CHOQUE,CHOQUE-SINALIZAÇÃO,NÃO INFORMADO,CARRETA=1,SÃO PAULO,REG. METROPOLITANA SÃO PAULO,SÃO PAULO,ESTADUAL
91,2023-01-08,18:33:52,L01-AUTOBAN,SPM330D,106.0,NORTE,-22.846507,-47.164055,CHOQUE,CHOQUE-POSTE,NÃO INFORMADO,AUTOMÓVEL=1,SUMARÉ,CAMPINAS,CAMPINAS,ESTADUAL
92,2023-01-08,18:54:00,L01-AUTOBAN,SP330,98.0,SUL,-22.89624517,-47.11095214,TOMBAMENTO,TOMBAMENTO-MOTO,NÃO INFORMADO,MOTO=1,CAMPINAS,CAMPINAS,CAMPINAS,ESTADUAL
93,2023-01-08,19:05:08,L01-AUTOBAN,SPM330E,114.0,SUL,-22.80082086,-47.22201705,COLISÃO,COLISÃO-TRASEIRA,NÃO INFORMADO,AUTOMÓVEL=2,SUMARÉ,CAMPINAS,CAMPINAS,ESTADUAL
94,2023-01-08,19:06:39,L01-AUTOBAN,SPM330D,92.9,NORTE,-22.9302565,-47.07820667,CHOQUE,CHOQUE-TALUDE OU BARRANCO,NÃO INFORMADO,AUTOMÓVEL=1,CAMPINAS,CAMPINAS,CAMPINAS,ESTADUAL
96,2023-01-08,21:19:12,L01-AUTOBAN,SP330,102.4,NORTE,-22.8652963,-47.13497294,CHOQUE,CHOQUE-DEFENSA METÁLICA,NÃO INFORMADO,AUTOMÓVEL=3,CAMPINAS,CAMPINAS,CAMPINAS,ESTADUAL
97,2023-01-08,22:15:08,L01-AUTOBAN,SP330,155.0,NORTE,-22.4878113,-47.3991394,ATROPELAMENTO DE ANIMAL,ATROP. ANIMAL,NÃO INFORMADO,AUTOMÓVEL=1,CORDEIRÓPOLIS,CAMPINAS,RIO CLARO,ESTADUAL
98,2023-01-08,22:52:37,L01-AUTOBAN,SP330,19.8,NORTE,-23.46989818,-46.77762329,CHOQUE,CHOQUE-BARREIRA DE CONCRETO,NÃO INFORMADO,AUTOMÓVEL=1,OSASCO,REG. METROPOLITANA SÃO PAULO,SÃO PAULO,ESTADUAL
99,2023-01-08,23:56:28,L01-AUTOBAN,SP330,58.4,SUL,-23.19384275,-46.90501321,CHOQUE,CHOQUE-SINALIZAÇÃO,NÃO INFORMADO,UTILITÁRIO=1,JUNDIAÍ,CAMPINAS,CAMPINAS,ESTADUAL
100,2023-01-09,03:52:08,L01-AUTOBAN,SPM330D,101.8,NORTE,-22.86865247,-47.13064923,ATROPELAMENTO DE ANIMAL,ATROP. ANIMAL,NÃO INFORMADO,AUTOMÓVEL=1,CAMPINAS,CAMPINAS,CAMPINAS,ESTADUAL
102,2023-01-09,06:28:27,L01-AUTOBAN,SP330,21.3,SUL,-23.45860534,-46.78300756,ENGAVETAMENTO,ENGAVETAMENTO,NÃO INFORMADO,AUTOMÓVEL=3,SÃO PAULO,REG. METROPOLITANA SÃO PAULO,SÃO PAULO,ESTADUAL
103,2023-01-09,08:20:30,L01-AUTOBAN,SPM330E,104.0,SUL,-22.85707606,-47.14874983,COLISÃO,COLISÃO-LATERAL,NÃO INFORMADO,AUTOMÓVEL=1|MOTO=1,CAMPINAS,CAMPINAS,CAMPINAS,ESTADUAL
105,2023-01-09,15:30:33,L01-AUTOBAN,SPM330D,110.0,NORTE,-22.82267208,-47.19248056,COLISÃO,COLISÃO-TRASEIRA,NÃO INFORMADO,CAMINHÃO=2,SUMARÉ,CAMPINAS,CAMPINAS,ESTADUAL
106,2023-01-09,15:39:35,L01-AUTOBAN,SP330,61.0,SUL,-23.17530448,-46.91870213,COLISÃO,COLISÃO-LATERAL,NÃO INFORMADO,CAMINHÃO=1|CARRETA=1,JUNDIAÍ,CAMPINAS,CAMPINAS,ESTADUAL
107,2023-01-09,16:32:54,L01-AUTOBAN,SP330,103.0,NORTE,-22.86219711,-47.13924408,CHOQUE,CHOQUE-BARREIRA DE CONCRETO,NÃO INFORMADO,AUTOMÓVEL=1,CAMPINAS,CAMPINAS,CAMPINAS,ESTADUAL
108,2023-01-09,18:10:33,L01-AUTOBAN,SP330,95.7,NORTE,-22.91392412,-47.09919063,ENGAVETAMENTO,ENGAVETAMENTO,NÃO INFORMADO,AUTOMÓVEL=1|CAMINHÃO=1|UTILITÁRIO=1,CAMPINAS,CAMPINAS,CAMPINAS,ESTADUAL
112,2023-01-10,06:54:07,L01-AUTOBAN,SP330,98.0,NORTE,-22.89587453,-47.11074829,COLISÃO,COLISÃO-LATERAL,NÃO INFORMADO,AUTOMÓVEL=2,CAMPINAS,CAMPINAS,CAMPINAS,ESTADUAL
113,2023-01-10,08:13:01,L01-AUTOBAN,SP330,41.0,NORTE,-23.32336079,-46.84696376,ENGAVETAMENTO,ENGAVETAMENTO,NÃO INFORMADO,AUTOMÓVEL=2|NÃO INFORMADO=1,CAJAMAR,REG. METROPOLITANA SÃO PAULO,SÃO PAULO,ESTADUAL
114,2023-01-10,08:17:36,L01-AUTOBAN,SP330,98.0,SUL,-22.89624517,-47.11095214,COLISÃO,COLISÃO-LATERAL,NÃO INFORMADO,AUTOMÓVEL=2,CAMPINAS,CAMPINAS,CAMPINAS,ESTADUAL
116,2023-01-10,12:04:13,L01-AUTOBAN,SP330,114.5,NORTE,-22.79636755,-47.22394288,COLISÃO,COLISÃO-TRASEIRA,NÃO INFORMADO,AUTOMÓVEL=1|MOTO=1,SUMARÉ,CAMPINAS,CAMPINAS,ESTADUAL
117,2023-01-10,13:56:19,L01-AUTOBAN,SPI102/330,6.0,SUL,-22.916773,-47.13535,COLISÃO,COLISÃO-TRASEIRA,NÃO INFORMADO,AUTOMÓVEL=1|CAMINHÃO=1,CAMPINAS,CAMPINAS,CAMPINAS,ESTADUAL
118,2023-01-10,14:23:34,L01-AUTOBAN,SPI102/330,4.3,SUL,-22.90138593,-47.13713962,CHOQUE,CHOQUE-DEFENSA METÁLICA,NÃO INFORMADO,AUTOMÓVEL=1,CAMPINAS,CAMPINAS,CAMPINAS,ESTADUAL
120,2023-01-10,18:39:57,L01-AUTOBAN,SP330,19.0,NORTE,-23.4737126,-46.77262366,COLISÃO,COLISÃO-TRASEIRA,NÃO INFORMADO,AUTOMÓVEL=1|UTILITÁRIO=1,OSASCO,REG. METROPOLITANA SÃO PAULO,SÃO PAULO,ESTADUAL
121,2023-01-10,22:32:28,L01-AUTOBAN,SP330,37.3,NORTE,-23.34938656,-46.84490169,COLISÃO,COLISÃO-TRASEIRA,NÃO INFORMADO,AUTOMÓVEL=1|ÔNIBUS=1,CAJAMAR,REG. METROPOLITANA SÃO PAULO,SÃO PAULO,ESTADUAL
122,2023-01-10,23:27:11,L01-AUTOBAN,SPM330E,57.0,SUL,-23.20600964,-46.89924002,ATROPELAMENTO DE ANIMAL,ATROP. ANIMAL,NÃO INFORMADO,AUTOMÓVEL=1,JUNDIAÍ,CAMPINAS,CAMPINAS,ESTADUAL
123,2023-01-11,02:30:01,L01-AUTOBAN,SPM330D,90.5,NORTE,-22.94692144,-47.06425432,COLISÃO,COLISÃO-TRASEIRA,NÃO INFORMADO,AUTOMÓVEL=1|NÃO INFORMADO=1,CAMPINAS,CAMPINAS,CAMPINAS,ESTADUAL
125,2023-01-11,06:44:11,L01-AUTOBAN,SP330,11.46,SUL,-23.51053885599,-46.728948396714,CHOQUE,CHOQUE-VEÍCULO PARADO NA PISTA,NÃO INFORMADO,AUTOMÓVEL=2,SÃO PAULO,REG. METROPOLITANA SÃO PAULO,SÃO PAULO,ESTADUAL
127,2023-01-11,07:53:39,L01-AUTOBAN,SP330,22.5,SUL,-23.44864771,-46.78685009,ENGAVETAMENTO,ENGAVETAMENTO,NÃO INFORMADO,AUTOMÓVEL=1|CAMINHÃO=1|UTILITÁRIO=2,SÃO PAULO,REG. METROPOLITANA SÃO PAULO,SÃO PAULO,ESTADUAL
128,2023-01-11,08:21:59,L01-AUTOBAN,SP330,145.3,SUL,-22.5667806,-47.36633706,COLISÃO,COLISÃO-TRASEIRA,NÃO INFORMADO,AUTOMÓVEL=2|CAMINHÃO=1,LIMEIRA,CAMPINAS,RIO CLARO,ESTADUAL
129,2023-01-11,08:40:30,L01-AUTOBAN,SP330,108.0,SUL,-22.83292646,-47.17737973,ENGAVETAMENTO,ENGAVETAMENTO,NÃO INFORMADO,AUTOMÓVEL=2|MOTO=1|NÃO INFORMADO=1,SUMARÉ,CAMPINAS,CAMPINAS,ESTADUAL
131,2023-01-11,11:42:42,L01-AUTOBAN,SP330,16.0,SUL,-23.49426874,-46.7588371,COLISÃO,COLISÃO-TRASEIRA,NÃO INFORMADO,AUTOMÓVEL=2,OSASCO,REG. METROPOLITANA SÃO PAULO,SÃO PAULO,ESTADUAL
132,2023-01-11,11:54:32,L01-AUTOBAN,SPM330E,14.5,SUL,-23.50355185,-46.75236493,CHOQUE,CHOQUE-VEÍCULO PARADO NA PISTA,NÃO INFORMADO,AUTOMÓVEL=1|UTILITÁRIO=1,SÃO PAULO,REG. METROPOLITANA SÃO PAULO,SÃO PAULO,ESTADUAL
133,2023-01-11,12:20:31,L01-AUTOBAN,SP330,14.0,SUL,-23.50718726,-46.75003409,ENGAVETAMENTO,ENGAVETAMENTO,NÃO INFORMADO,AUTOMÓVEL=1|CARRETA=1|MOTO=1,SÃO PAULO,REG. METROPOLITANA SÃO PAULO,SÃO PAULO,ESTADUAL
134,2023-01-11,18:25:20,L01-AUTOBAN,SP330,18.0,SUL,-23.4821903,-46.77117527,TOMBAMENTO,TOMBAMENTO-MOTO,NÃO INFORMADO,MOTO=1,OSASCO,REG. METROPOLITANA SÃO PAULO,SÃO PAULO,ESTADUAL
136,2023-01-12,02:43:56,L01-AUTOBAN,SP330,89.0,SUL,-22.95898606,-47.05765665,COLISÃO,COLISÃO-TRASEIRA,NÃO INFORMADO,CAMINHÃO=1|NÃO INFORMADO=1,CAMPINAS,CAMPINAS,CAMPINAS,ESTADUAL
137,2023-01-12,04:49:02,L01-AUTOBAN,SP330,18.7,SUL,-23.4762559,-46.77218914,CHOQUE,CHOQUE-TALUDE OU BARRANCO,NÃO INFORMADO,AUTOMÓVEL=1,OSASCO,REG. METROPOLITANA SÃO PAULO,SÃO PAULO,ESTADUAL
140,2023-01-12,10:08:31,L01-AUTOBAN,SP330,11.46,SUL,-23.51053885599,-46.728948396714,COLISÃO,COLISÃO-LATERAL,NÃO INFORMADO,AUTOMÓVEL=1|MOTO=1,SÃO PAULO,REG. METROPOLITANA SÃO PAULO,SÃO PAULO,ESTADUAL
142,2023-01-12,13:06:37,L01-AUTOBAN,SP330,144.7,NORTE,-22.56900973,-47.36596817,COLISÃO,COLISÃO-LATERAL,NÃO INFORMADO,AUTOMÓVEL=1|CARRETA=1,LIMEIRA,CAMPINAS,RIO CLARO,ESTADUAL
146,2023-01-12,15:24:32,L01-AUTOBAN,SPM330D,99.5,NORTE,-22.88403101,-47.11541802,CHOQUE,"CHOQUE-CERCAS, ALAMBRADOS, MOURÃO",NÃO INFORMADO,UTILITÁRIO=1,CAMPINAS,CAMPINAS,CAMPINAS,ESTADUAL
147,2023-01-12,22:09:37,L01-AUTOBAN,SP330,74.1,SUL,-23.07456211,-46.98394668,ATROPELAMENTO DE ANIMAL,ATROP. ANIMAL,NÃO INFORMADO,AUTOMÓVEL=1,VINHEDO,CAMPINAS,CAMPINAS,ESTADUAL
148,2023-01-12,23:35:25,L01-AUTOBAN,SP330,49.92,SUL,-23.25754588,-46.86749103,ATROPELAMENTO DE PEDESTRE,ATROP. PEDESTRE-ANDARILHO,NÃO INFORMADO,NÃO SE APLICA=1,JUNDIAÍ,CAMPINAS,CAMPINAS,ESTADUAL
149,2023-01-13,01:44:12,L01-AUTOBAN,SP330,71.1,SUL,-23.09711879,-46.96857404,CHOQUE,CHOQUE-MEIO FIO/CALÇAMENTO,NÃO INFORMADO,AUTOMÓVEL=1,LOUVEIRA,CAMPINAS,CAMPINAS,ESTADUAL
150,2023-01-13,06:29:32,L01-AUTOBAN,SP330,12.5,SUL,-23.50881797,-46.73522562,CHOQUE,CHOQUE-BARREIRA DE CONCRETO,NÃO INFORMADO,AUTOMÓVEL=1,SÃO PAULO,REG. METROPOLITANA SÃO PAULO,SÃO PAULO,ESTADUAL
151,2023-01-13,07:24:53,L01-AUTOBAN,SP330,22.0,SUL,-23.45303514,-46.78664625,TOMBAMENTO,TOMBAMENTO-MOTO,NÃO INFORMADO,MOTO=1,SÃO PAULO,REG. METROPOLITANA SÃO PAULO,SÃO PAULO,ESTADUAL
157,2023-01-13,17:44:03,L01-AUTOBAN,SPM330D,111.0,NORTE,-22.81770778,-47.20173419,TOMBAMENTO,TOMBAMENTO-MOTO,NÃO INFORMADO,MOTO=1,SUMARÉ,CAMPINAS,CAMPINAS,ESTADUAL
158,2023-01-13,22:17:42,L01-AUTOBAN,SP330,66.0,SUL,-23.13744959,-46.94407046,COLISÃO,COLISÃO-TRASEIRA,NÃO INFORMADO,AUTOMÓVEL=1|UTILITÁRIO=1,JUNDIAÍ,CAMPINAS,CAMPINAS,ESTADUAL
159,2023-01-13,22:39:15,L01-AUTOBAN,SPI102/330,1.0,NORTE,-22.87211735,-47.13139057,CHOQUE,CHOQUE-ELEMENTO DE DRENAGEM,NÃO INFORMADO,AUTOMÓVEL=1,CAMPINAS,CAMPINAS,CAMPINAS,ESTADUAL
160,2023-01-14,05:21:29,L01-AUTOBAN,SP330,19.8,NORTE,-23.46989818,-46.77762329,CHOQUE,CHOQUE-BARREIRA DE CONCRETO,NÃO INFORMADO,AUTOMÓVEL=1,OSASCO,REG. METROPOLITANA SÃO PAULO,SÃO PAULO,ESTADUAL
161,2023-01-14,05:41:37,L01-AUTOBAN,SP330,18.68,SUL,-23.47642546,-46.77216017,ENGAVETAMENTO,ENGAVETAMENTO,NÃO INFORMADO,AUTOMÓVEL=4,OSASCO,REG. METROPOLITANA SÃO PAULO,SÃO PAULO,ESTADUAL
162,2023-01-14,08:07:32,L01-AUTOBAN,SP330,92.6,NORTE,-22.93187649,-47.07593428,CHOQUE,CHOQUE-BARREIRA DE CONCRETO,NÃO INFORMADO,AUTOMÓVEL=1,CAMPINAS,CAMPINAS,CAMPINAS,ESTADUAL
165,2023-01-14,14:06:59,L01-AUTOBAN,SP330,12.0,SUL,-23.50948451,-46.73040569,CHOQUE,CHOQUE-BARREIRA DE CONCRETO,NÃO INFORMADO,AUTOMÓVEL=1,SÃO PAULO,REG. METROPOLITANA SÃO PAULO,SÃO PAULO,ESTADUAL
166,2023-01-14,15:17:10,L01-AUTOBAN,SP330,23.0,SUL,-23.44426027,-46.78705394,COLISÃO,COLISÃO-LATERAL,NÃO INFORMADO,MOTO=1|NÃO INFORMADO=1,SÃO PAULO,REG. METROPOLITANA SÃO PAULO,SÃO PAULO,ESTADUAL
168,2023-01-14,15:56:00,L01-AUTOBAN,SPM330D,100.0,NORTE,-22.88033176,-47.11758256,COLISÃO,COLISÃO-TRASEIRA,NÃO INFORMADO,AUTOMÓVEL=1|NÃO INFORMADO=1,CAMPINAS,CAMPINAS,CAMPINAS,ESTADUAL
169,2023-01-14,20:15:19,L01-AUTOBAN,SP330,50.8,SUL,-23.25616902,-46.86736529,CHOQUE,CHOQUE-TALUDE OU BARRANCO,NÃO INFORMADO,AUTOMÓVEL=1,JUNDIAÍ,CAMPINAS,CAMPINAS,ESTADUAL
170,2023-01-14,21:19:42,L01-AUTOBAN,SP330,53.7,NORTE,-23.22531151,-46.87615991,CHOQUE,CHOQUE-DEFENSA METÁLICA,NÃO INFORMADO,AUTOMÓVEL=1,JUNDIAÍ,CAMPINAS,CAMPINAS,ESTADUAL
172,2023-01-15,02:43:12,L01-AUTOBAN,SPM330D,120.0,NORTE,-22.756649,-47.254609,ATROPELAMENTO DE ANIMAL,ATROP. ANIMAL,NÃO INFORMADO,AUTOMÓVEL=1,AMERICANA,CAMPINAS,RIO CLARO,ESTADUAL
177,2023-01-15,07:41:45,L01-AUTOBAN,SP330,40.28,NORTE,-23.32701035,-46.84107748,TOMBAMENTO,TOMBAMENTO-MOTO,NÃO INFORMADO,MOTO=1,CAJAMAR,REG. METROPOLITANA SÃO PAULO,SÃO PAULO,ESTADUAL
184,2023-01-15,17:40:17,L01-AUTOBAN,SPM330D,106.4,NORTE,-22.84368517,-47.16676492,COLISÃO,COLISÃO-LATERAL,NÃO INFORMADO,AUTOMÓVEL=1|NÃO INFORMADO=1,SUMARÉ,CAMPINAS,CAMPINAS,ESTADUAL
187,2023-01-15,19:38:18,L01-AUTOBAN,SP330,124.22,SUL,-22.73293661,-47.28724666,COLISÃO,COLISÃO-FRONTAL,NÃO INFORMADO,BICICLETA=1|MOTO=1,AMERICANA,CAMPINAS,RIO CLARO,ESTADUAL
190,2023-01-15,22:48:14,L01-AUTOBAN,SPM330E,25.0,SUL,-23.42658,-46.787612,COLISÃO,COLISÃO-LATERAL,NÃO INFORMADO,AUTOMÓVEL=1|NÃO INFORMADO=1,SÃO PAULO,REG. METROPOLITANA SÃO PAULO,SÃO PAULO,ESTADUAL
196,2023-01-16,06:09:33,L01-AUTOBAN,SP330,31.4,NORTE,-23.39795254,-46.83621781,TOMBAMENTO,TOMBAMENTO-MOTO,NÃO INFORMADO,MOTO=1,CAJAMAR,REG. METROPOLITANA SÃO PAULO,SÃO PAULO,ESTADUAL
198,2023-01-16,07:51:19,L01-AUTOBAN,SP330,125.26,NORTE,-22.72582536,-47.2926128,COLISÃO,COLISÃO-TRASEIRA,NÃO INFORMADO,AUTOMÓVEL=1|BICICLETA=1,AMERICANA,CAMPINAS,RIO CLARO,ESTADUAL
199,2023-01-16,09:15:27,L01-AUTOBAN,SPM330E,96.0,SUL,-22.91179599,-47.10138738,COLISÃO,COLISÃO-TRASEIRA,NÃO INFORMADO,AUTOMÓVEL=1|CAMINHÃO=1,CAMPINAS,CAMPINAS,CAMPINAS,ESTADUAL
200,2023-01-16,09:29:44,L01-AUTOBAN,SPM330E,95.2,SUL,-22.91828658,-47.09559808,ENGAVETAMENTO,ENGAVETAMENTO,NÃO INFORMADO,AUTOMÓVEL=4,CAMPINAS,CAMPINAS,CAMPINAS,ESTADUAL
202,2023-01-16,15:46:37,L01-AUTOBAN,SPI102/330,4.8,SUL,-22.90571222,-47.13727105,QUEDA,"QUEDA-VEÍCULO EM RIBANCEIRA,PONTE OU VIADUTO",NÃO INFORMADO,BITREM/CVC=1,CAMPINAS,CAMPINAS,CAMPINAS,ESTADUAL
204,2023-01-16,17:57:21,L01-AUTOBAN,SP330,90.9,NORTE,-22.94367148,-47.06608207,ENGAVETAMENTO,ENGAVETAMENTO,NÃO INFORMADO,AUTOMÓVEL=2|NÃO INFORMADO=2,CAMPINAS,CAMPINAS,CAMPINAS,ESTADUAL
205,2023-01-16,19:08:25,L01-AUTOBAN,SP330,124.22,NORTE,-22.73264737,-47.28723465,CHOQUE,CHOQUE-SINALIZAÇÃO,NÃO INFORMADO,AUTOMÓVEL=1,AMERICANA,CAMPINAS,RIO CLARO,ESTADUAL
206,2023-01-16,19:51:10,L01-AUTOBAN,SP330,21.8,SUL,-23.45462663,-46.78560662,ENGAVETAMENTO,ENGAVETAMENTO,NÃO INFORMADO,CARRETA=2|UTILITÁRIO=1,SÃO PAULO,REG. METROPOLITANA SÃO PAULO,SÃO PAULO,ESTADUAL
209,2023-01-17,04:00:16,L01-AUTOBAN,SP330,92.2,NORTE,-22.93403646,-47.07290444,COLISÃO,COLISÃO-TRASEIRA,NÃO INFORMADO,AUTOMÓVEL=1|UTILITÁRIO=1,CAMPINAS,CAMPINAS,CAMPINAS,ESTADUAL
211,2023-01-17,08:31:48,L01-AUTOBAN,SP330,13.5,SUL,-23.50766934,-46.74503982,COLISÃO,COLISÃO-TRASEIRA,NÃO INFORMADO,UTILITÁRIO=2,SÃO PAULO,REG. METROPOLITANA SÃO PAULO,SÃO PAULO,ESTADUAL
213,2023-01-17,11:36:18,L01-AUTOBAN,SP330,12.0,NORTE,-23.50917461,-46.73062027,COLISÃO,COLISÃO-LATERAL,NÃO INFORMADO,MOTO=1|UTILITÁRIO=1,SÃO PAULO,REG. METROPOLITANA SÃO PAULO,SÃO PAULO,ESTADUAL
214,2023-01-17,11:49:54,L01-AUTOBAN,SP330,61.0,SUL,-23.17530448,-46.91870213,COLISÃO,COLISÃO-TRASEIRA,NÃO INFORMADO,AUTOMÓVEL=1|CAMINHÃO=1,JUNDIAÍ,CAMPINAS,CAMPINAS,ESTADUAL
219,2023-01-17,18:27:27,L01-AUTOBAN,SPM330D,96.0,NORTE,-22.91145011,-47.10140347,COLISÃO,COLISÃO-LATERAL,NÃO INFORMADO,MOTO=2,CAMPINAS,CAMPINAS,CAMPINAS,ESTADUAL
220,2023-01-17,18:40:42,L01-AUTOBAN,SPI102/330,3.1,SUL,-22.89095785,-47.13388878,ENGAVETAMENTO,ENGAVETAMENTO,NÃO INFORMADO,AUTOMÓVEL=1|CAMINHÃO=2,CAMPINAS,CAMPINAS,CAMPINAS,ESTADUAL
222,2023-01-17,18:51:49,L01-AUTOBAN,SP330,36.0,NORTE,-23.360169,-46.848369,CHOQUE,CHOQUE-SINALIZAÇÃO,NÃO INFORMADO,CAMINHÃO=1,CAJAMAR,REG. METROPOLITANA SÃO PAULO,SÃO PAULO,ESTADUAL
225,2023-01-18,07:26:26,L01-AUTOBAN,SP330,60.6,SUL,-23.17764988,-46.91585683,COLISÃO,COLISÃO-TRASEIRA,NÃO INFORMADO,AUTOMÓVEL=1|MOTO=1,JUNDIAÍ,CAMPINAS,CAMPINAS,ESTADUAL
227,2023-01-18,08:37:15,L01-AUTOBAN,SPI102/330,5.0,NORTE,-22.90690412,-47.13676572,COLISÃO,COLISÃO-TRASEIRA,NÃO INFORMADO,AUTOMÓVEL=1|UTILITÁRIO=1,CAMPINAS,CAMPINAS,CAMPINAS,ESTADUAL
230,2023-01-18,11:10:15,L01-AUTOBAN,SPM330D,111.0,NORTE,-22.81770778,-47.20173419,COLISÃO,COLISÃO-TRASEIRA,NÃO INFORMADO,AUTOMÓVEL=1|MOTO=1,SUMARÉ,CAMPINAS,CAMPINAS,ESTADUAL
233,2023-01-18,16:11:07,L01-AUTOBAN,SP330,147.1,NORTE,-22.55169765,-47.37151563,COLISÃO,COLISÃO-LATERAL,NÃO INFORMADO,AUTOMÓVEL=1|CAMINHÃO=1,LIMEIRA,CAMPINAS,RIO CLARO,ESTADUAL
234,2023-01-18,17:03:23,L01-AUTOBAN,SP330,147.2,NORTE,-22.55095942,-47.37202718,COLISÃO,COLISÃO-TRASEIRA,NÃO INFORMADO,CAMINHÃO=1|CARRETA=1,LIMEIRA,CAMPINAS,RIO CLARO,ESTADUAL
238,2023-01-18,18:25:29,L01-AUTOBAN,SP330,41.3,SUL,-23.32166077,-46.84897542,CHOQUE,CHOQUE-BARREIRA DE CONCRETO,NÃO INFORMADO,AUTOMÓVEL=1,CAJAMAR,REG. METROPOLITANA SÃO PAULO,SÃO PAULO,ESTADUAL
239,2023-01-18,18:29:23,L01-AUTOBAN,SPM330D,91.8,NORTE,-22.93666491,-47.07041946,ENGAVETAMENTO,ENGAVETAMENTO,NÃO INFORMADO,AUTOMÓVEL=2|MOTO=1,CAMPINAS,CAMPINAS,CAMPINAS,ESTADUAL
240,2023-01-18,18:39:24,L01-AUTOBAN,SP330,109.8,SUL,-22.82389596,-47.19085344,CHOQUE,CHOQUE-BARREIRA DE CONCRETO,NÃO INFORMADO,MOTO=1,SUMARÉ,CAMPINAS,CAMPINAS,ESTADUAL
241,2023-01-18,19:46:07,L01-AUTOBAN,SPM330D,120.0,NORTE,-22.756649,-47.254609,TOMBAMENTO,TOMBAMENTO,NÃO INFORMADO,MOTO=1,AMERICANA,CAMPINAS,RIO CLARO,ESTADUAL
242,2023-01-18,21:58:36,L01-AUTOBAN,SP330,75.8,SUL,-23.06209738,-46.99332902,ATROPELAMENTO DE ANIMAL,ATROP. ANIMAL,NÃO INFORMADO,MOTO=1,VINHEDO,CAMPINAS,CAMPINAS,ESTADUAL
244,2023-01-18,23:37:43,L01-AUTOBAN,SP330,65.3,SUL,-23.14247708,-46.94085987,CHOQUE,CHOQUE-SINALIZAÇÃO,NÃO INFORMADO,UTILITÁRIO=1,JUNDIAÍ,CAMPINAS,CAMPINAS,ESTADUAL
245,2023-01-19,01:39:18,L01-AUTOBAN,SPM330D,116.9,NORTE,-22.77568389,-47.23442281,ATROPELAMENTO DE PEDESTRE,ATROP. PEDESTRE-USUÁRIO,NÃO INFORMADO,MOTO=1|NÃO SE APLICA=1,NOVA ODESSA,CAMPINAS,RIO CLARO,ESTADUAL
246,2023-01-19,05:03:40,L01-AUTOBAN,SP330,147.2,NORTE,-22.55095942,-47.37202718,COLISÃO,COLISÃO-TRASEIRA,NÃO INFORMADO,NÃO INFORMADO=1|UTILITÁRIO=1,LIMEIRA,CAMPINAS,RIO CLARO,ESTADUAL
249,2023-01-19,16:00:57,L01-AUTOBAN,SP330,122.3,NORTE,-22.74200544,-47.27075524,COLISÃO,COLISÃO-TRASEIRA,NÃO INFORMADO,BITREM/CVC=1|UTILITÁRIO=1,AMERICANA,CAMPINAS,RIO CLARO,ESTADUAL
251,2023-01-19,17:01:18,L01-AUTOBAN,SP330,88.0,NORTE,-22.96590114,-47.05342948,CHOQUE,CHOQUE-BARREIRA DE CONCRETO,NÃO INFORMADO,AUTOMÓVEL=1,CAMPINAS,CAMPINAS,CAMPINAS,ESTADUAL
252,2023-01-19,17:04:41,L01-AUTOBAN,SP330,20.9,NORTE,-23.46153532,-46.78115201,COLISÃO,COLISÃO-LATERAL,NÃO INFORMADO,MOTO=1|UTILITÁRIO=1,SÃO PAULO,REG. METROPOLITANA SÃO PAULO,SÃO PAULO,ESTADUAL
255,2023-01-19,20:10:05,L01-AUTOBAN,SP330,110.6,NORTE,-22.81969351,-47.19803272,COLISÃO,COLISÃO-TRASEIRA,NÃO INFORMADO,AUTOMÓVEL=2,SUMARÉ,CAMPINAS,CAMPINAS,ESTADUAL
257,2023-01-20,09:53:01,L01-AUTOBAN,SP330,115.5,NORTE,-22.78770046,-47.22836047,CHOQUE,CHOQUE-BARREIRA DE CONCRETO,NÃO INFORMADO,AUTOMÓVEL=1,SUMARÉ,CAMPINAS,CAMPINAS,ESTADUAL
266,2023-01-20,14:11:00,L01-AUTOBAN,SP330,62.0,SUL,-23.16881442,-46.92661464,COLISÃO,COLISÃO-TRASEIRA,NÃO INFORMADO,AUTOMÓVEL=1|NÃO INFORMADO=1,JUNDIAÍ,CAMPINAS,CAMPINAS,ESTADUAL
268,2023-01-20,15:24:18,L01-AUTOBAN,SP330,97.7,NORTE,-22.89833549,-47.10986315,ENGAVETAMENTO,ENGAVETAMENTO,NÃO INFORMADO,AUTOMÓVEL=1|MOTO=2,CAMPINAS,CAMPINAS,CAMPINAS,ESTADUAL
275,2023-01-20,21:33:50,L01-AUTOBAN,SPM330E,14.0,SUL,-23.50718726,-46.75003409,CHOQUE,CHOQUE-ELEMENTO DE DRENAGEM,NÃO INFORMADO,AUTOMÓVEL=1,SÃO PAULO,REG. METROPOLITANA SÃO PAULO,SÃO PAULO,ESTADUAL
279,2023-01-20,23:30:12,L01-AUTOBAN,SP330,103.8,SUL,-22.85816584,-47.14689069,CHOQUE,CHOQUE-VEÍCULO PARADO NA PISTA,NÃO INFORMADO,AUTOMÓVEL=1|NÃO INFORMADO=1,CAMPINAS,CAMPINAS,CAMPINAS,ESTADUAL
280,2023-01-21,01:16:40,L01-AUTOBAN,SP330,13.3,NORTE,-23.5076519,-46.7432816,COLISÃO,COLISÃO-TRASEIRA,NÃO INFORMADO,AUTOMÓVEL=1|CAMINHÃO=1,SÃO PAULO,REG. METROPOLITANA SÃO PAULO,SÃO PAULO,ESTADUAL
281,2023-01-21,03:00:21,L01-AUTOBAN,SP330,111.2,SUL,-22.81803275,-47.20189606,ATROPELAMENTO DE PEDESTRE,ATROP. PEDESTRE-ANDARILHO,NÃO INFORMADO,NÃO INFORMADO=1|NÃO SE APLICA=1,SUMARÉ,CAMPINAS,CAMPINAS,ESTADUAL
282,2023-01-21,05:35:18,L01-AUTOBAN,SPM330D,56.0,NORTE,-23.21090051,-46.89175129,CHOQUE,CHOQUE-BARREIRA DE CONCRETO,NÃO INFORMADO,MICRO-ÔNIBUS=1,JUNDIAÍ,CAMPINAS,CAMPINAS,ESTADUAL
283,2023-01-21,09:01:27,L01-AUTOBAN,SP330,61.3,NORTE,-23.17329139,-46.92079102,COLISÃO,COLISÃO-LATERAL,NÃO INFORMADO,AUTOMÓVEL=1|MOTO=1,JUNDIAÍ,CAMPINAS,CAMPINAS,ESTADUAL
284,2023-01-21,10:25:34,L01-AUTOBAN,SP330,53.0,NORTE,-23.230639,-46.87295,COLISÃO,COLISÃO-LATERAL,NÃO INFORMADO,AUTOMÓVEL=3,JUNDIAÍ,CAMPINAS,CAMPINAS,ESTADUAL
286,2023-01-21,17:36:21,L01-AUTOBAN,SP330,30.3,SUL,-23.40417339,-46.83136725,CHOQUE,CHOQUE-BARREIRA DE CONCRETO,NÃO INFORMADO,MOTO=1,CAJAMAR,REG. METROPOLITANA SÃO PAULO,SÃO PAULO,ESTADUAL
288,2023-01-21,20:07:23,L01-AUTOBAN,SPM330D,60.6,NORTE,-23.1775769,-46.91558324,COLISÃO,COLISÃO-TRASEIRA,NÃO INFORMADO,AUTOMÓVEL=2,JUNDIAÍ,CAMPINAS,CAMPINAS,ESTADUAL
289,2023-01-21,20:46:37,L01-AUTOBAN,SP330,11.46,NORTE,-23.510308819155,-46.728911022024,CHOQUE,CHOQUE-VEÍCULO PARADO NA PISTA,NÃO INFORMADO,AUTOMÓVEL=3,SÃO PAULO,REG. METROPOLITANA SÃO PAULO,SÃO PAULO,ESTADUAL
290,2023-01-21,22:57:32,L01-AUTOBAN,SP330,36.52,NORTE,-23.35555633,-46.84745138,ATROPELAMENTO DE PEDESTRE,ATROP. PEDESTRE-MORADOR/TRABALHADOR/ESTUDANTE,NÃO INFORMADO,CAMINHÃO=1|UTILITÁRIO=1,CAJAMAR,REG. METROPOLITANA SÃO PAULO,SÃO PAULO,ESTADUAL
291,2023-01-21,23:47:26,L01-AUTOBAN,SP330,134.3,NORTE,-22.65262092,-47.32386966,ATROPELAMENTO DE PEDESTRE,ATROP. PEDESTRE-ANDARILHO,NÃO INFORMADO,AUTOMÓVEL=1|NÃO SE APLICA=1,LIMEIRA,CAMPINAS,RIO CLARO,ESTADUAL
293,2023-01-22,02:56:02,L01-AUTOBAN,SP330,11.46,SUL,-23.51053885599,-46.728948396714,TOMBAMENTO,TOMBAMENTO,NÃO INFORMADO,CARRETA=1,SÃO PAULO,REG. METROPOLITANA SÃO PAULO,SÃO PAULO,ESTADUAL
294,2023-01-22,03:23:38,L01-AUTOBAN,SP330,107.0,SUL,-22.83986774,-47.17085123,CHOQUE,CHOQUE-BARREIRA DE CONCRETO,NÃO INFORMADO,MOTO=1,SUMARÉ,CAMPINAS,CAMPINAS,ESTADUAL
295,2023-01-22,03:35:42,L01-AUTOBAN,SP330,22.0,SUL,-23.45303514,-46.78664625,ATROPELAMENTO DE ANIMAL,ATROP. ANIMAL,NÃO INFORMADO,AUTOMÓVEL=1,SÃO PAULO,REG. METROPOLITANA SÃO PAULO,SÃO PAULO,ESTADUAL
299,2023-01-22,19:04:41,L01-AUTOBAN,SPI102/330,5.0,NORTE,-22.90690412,-47.13676572,CHOQUE,CHOQUE-ELEMENTO DE DRENAGEM,NÃO INFORMADO,AUTOMÓVEL=1,CAMPINAS,CAMPINAS,CAMPINAS,ESTADUAL
303,2023-01-23,01:29:57,L01-AUTOBAN,SPM330D,110.5,NORTE,-22.82018993,-47.19710737,CHOQUE,CHOQUE-DEFENSA METÁLICA,NÃO INFORMADO,UTILITÁRIO=1,SUMARÉ,CAMPINAS,CAMPINAS,ESTADUAL
304,2023-01-23,05:00:14,L01-AUTOBAN,SP330,135.0,NORTE,-22.64655639,-47.32634425,CHOQUE,CHOQUE-OBJETO NA PISTA,NÃO INFORMADO,AUTOMÓVEL=2|CAMINHÃO=1,LIMEIRA,CAMPINAS,RIO CLARO,ESTADUAL
305,2023-01-23,05:18:26,L01-AUTOBAN,SP330,80.1,NORTE,-23.02788843,-47.01361638,COLISÃO,COLISÃO-TRASEIRA,NÃO INFORMADO,CAMINHÃO=1|ÔNIBUS=1,VINHEDO,CAMPINAS,CAMPINAS,ESTADUAL
306,2023-01-23,07:03:43,L01-AUTOBAN,SP330,87.5,SUL,-22.97461014,-47.04871686,TOMBAMENTO,TOMBAMENTO-MOTO,NÃO INFORMADO,MOTO=1,CAMPINAS,CAMPINAS,CAMPINAS,ESTADUAL
307,2023-01-23,09:58:43,L01-AUTOBAN,SP330,82.4,SUL,-23.01030624,-47.02519334,COLISÃO,COLISÃO-TRASEIRA,NÃO INFORMADO,AUTOMÓVEL=2,VALINHOS,CAMPINAS,CAMPINAS,ESTADUAL
308,2023-01-23,15:17:04,L01-AUTOBAN,SP330,113.6,SUL,-22.8034042,-47.21978115,CHOQUE,CHOQUE-BARREIRA DE CONCRETO,NÃO INFORMADO,AUTOMÓVEL=1,SUMARÉ,CAMPINAS,CAMPINAS,ESTADUAL
309,2023-01-23,15:54:17,L01-AUTOBAN,SP330,69.5,NORTE,-23.10963973,-46.96011007,CHOQUE,CHOQUE-BARREIRA DE CONCRETO,NÃO INFORMADO,AUTOMÓVEL=1,JUNDIAÍ,CAMPINAS,CAMPINAS,ESTADUAL
311,2023-01-23,16:15:37,L01-AUTOBAN,SP330,71.1,NORTE,-23.09681138,-46.96855097,CAPOTAMENTO,CAPOTAMENTO,NÃO INFORMADO,AUTOMÓVEL=1,LOUVEIRA,CAMPINAS,CAMPINAS,ESTADUAL
312,2023-01-23,16:17:29,L01-AUTOBAN,SP330,107.0,NORTE,-22.83945246,-47.17082977,ENGAVETAMENTO,ENGAVETAMENTO,NÃO INFORMADO,AUTOMÓVEL=3|NÃO INFORMADO=2,SUMARÉ,CAMPINAS,CAMPINAS,ESTADUAL
313,2023-01-23,17:49:38,L01-AUTOBAN,SP330,98.0,SUL,-22.89624517,-47.11095214,CHOQUE,CHOQUE-BARREIRA DE CONCRETO,NÃO INFORMADO,AUTOMÓVEL=1,CAMPINAS,CAMPINAS,CAMPINAS,ESTADUAL
314,2023-01-23,18:03:54,L01-AUTOBAN,SP330,103.8,NORTE,-22.85788341,-47.14675524,ENGAVETAMENTO,ENGAVETAMENTO,NÃO INFORMADO,AUTOMÓVEL=1|MOTO=1|UTILITÁRIO=1,CAMPINAS,CAMPINAS,CAMPINAS,ESTADUAL
315,2023-01-23,18:06:26,L01-AUTOBAN,SP330,35.48,NORTE,-23.36487448,-46.84662752,CHOQUE,CHOQUE-SINALIZAÇÃO,NÃO INFORMADO,AUTOMÓVEL=1,CAJAMAR,REG. METROPOLITANA SÃO PAULO,SÃO PAULO,ESTADUAL
316,2023-01-23,18:57:37,L01-AUTOBAN,SPM330D,110.0,NORTE,-22.82267208,-47.19248056,ENGAVETAMENTO,ENGAVETAMENTO,NÃO INFORMADO,NÃO INFORMADO=2|UTILITÁRIO=1,SUMARÉ,CAMPINAS,CAMPINAS,ESTADUAL
317,2023-01-23,23:18:12,L01-AUTOBAN,SP330,122.0,SUL,-22.74368161,-47.26855338,ATROPELAMENTO DE ANIMAL,ATROP. ANIMAL,NÃO INFORMADO,AUTOMÓVEL=1,AMERICANA,CAMPINAS,RIO CLARO,ESTADUAL
319,2023-01-24,06:31:32,L01-AUTOBAN,SPM330D,113.12,NORTE,-22.80622804,-47.21699683,CHOQUE,CHOQUE-DEFENSA METÁLICA,NÃO INFORMADO,AUTOMÓVEL=1,SUMARÉ,CAMPINAS,CAMPINAS,ESTADUAL
320,2023-01-24,07:03:55,L01-AUTOBAN,SPM330D,17.0,NORTE,-23.49032799,-46.76676035,CHOQUE,CHOQUE-DEFENSA METÁLICA,NÃO INFORMADO,AUTOMÓVEL=1|CAMINHÃO=1,SÃO PAULO,REG. METROPOLITANA SÃO PAULO,SÃO PAULO,ESTADUAL
321,2023-01-24,10:47:59,L01-AUTOBAN,SP330,141.1,NORTE,-22.60437489,-47.36227783,COLISÃO,COLISÃO-TRASEIRA,NÃO INFORMADO,AUTOMÓVEL=1|MOTO=1|NÃO INFORMADO=1|UTILITÁRIO=1,LIMEIRA,CAMPINAS,RIO CLARO,ESTADUAL
322,2023-01-24,14:36:34,L01-AUTOBAN,SP330,115.3,SUL,-22.78977516,-47.22767223,COLISÃO,COLISÃO-LATERAL,NÃO INFORMADO,AUTOMÓVEL=1|UTILITÁRIO=1,SUMARÉ,CAMPINAS,CAMPINAS,ESTADUAL
323,2023-01-24,15:37:54,L01-AUTOBAN,SP330,58.0,SUL,-23.19706558,-46.90382659,COLISÃO,COLISÃO-LATERAL,NÃO INFORMADO,AUTOMÓVEL=1|MOTO=1,JUNDIAÍ,CAMPINAS,CAMPINAS,ESTADUAL
324,2023-01-24,16:04:47,L01-AUTOBAN,SP330,117.7,SUL,-22.77087194,-47.23962247,COLISÃO,COLISÃO-TRASEIRA,NÃO INFORMADO,CARRETA=2,NOVA ODESSA,CAMPINAS,RIO CLARO,ESTADUAL
326,2023-01-24,21:15:35,L01-AUTOBAN,SP330,25.1,NORTE,-23.42556496,-46.78824422,CHOQUE,CHOQUE-BARREIRA DE CONCRETO,NÃO INFORMADO,UTILITÁRIO=1,SÃO PAULO,REG. METROPOLITANA SÃO PAULO,SÃO PAULO,ESTADUAL
327,2023-01-24,22:00:31,L01-AUTOBAN,SP330,22.21,NORTE,-23.45120143,-46.78657291,ATROPELAMENTO DE PEDESTRE,ATROP. PEDESTRE-MORADOR/TRABALHADOR/ESTUDANTE,NÃO INFORMADO,AUTOMÓVEL=1|NÃO SE APLICA=1,SÃO PAULO,REG. METROPOLITANA SÃO PAULO,SÃO PAULO,ESTADUAL
328,2023-01-25,00:22:30,L01-AUTOBAN,SP330,113.36,NORTE,-22.80466974,-47.21830745,CHOQUE,CHOQUE-DEFENSA METÁLICA,NÃO INFORMADO,CARRETA=1,SUMARÉ,CAMPINAS,CAMPINAS,ESTADUAL
329,2023-01-25,06:33:35,L01-AUTOBAN,SP330,72.9,SUL,-23.08342655,-46.97754926,COLISÃO,COLISÃO-TRASEIRA,NÃO INFORMADO,AUTOMÓVEL=1|MOTO=1,LOUVEIRA,CAMPINAS,CAMPINAS,ESTADUAL
331,2023-01-25,07:49:38,L01-AUTOBAN,SP330,75.0,SUL,-23.068143,-46.988749,COLISÃO,COLISÃO-TRASEIRA,NÃO INFORMADO,AUTOMÓVEL=1|MOTO=1,VINHEDO,CAMPINAS,CAMPINAS,ESTADUAL
332,2023-01-25,08:36:53,L01-AUTOBAN,SPM330E,104.2,SUL,-22.85607853,-47.15035698,COLISÃO,COLISÃO-TRASEIRA,NÃO INFORMADO,AUTOMÓVEL=1|NÃO INFORMADO=1,CAMPINAS,CAMPINAS,CAMPINAS,ESTADUAL
334,2023-01-25,11:45:37,L01-AUTOBAN,SP330,120.0,SUL,-22.75697436,-47.25467026,TOMBAMENTO,TOMBAMENTO-MOTO,NÃO INFORMADO,MOTO=1,AMERICANA,CAMPINAS,RIO CLARO,ESTADUAL
335,2023-01-25,13:48:48,L01-AUTOBAN,SP330,34.0,NORTE,-23.37569,-46.840102,TOMBAMENTO,TOMBAMENTO-MOTO,NÃO INFORMADO,MOTO=1,CAJAMAR,REG. METROPOLITANA SÃO PAULO,SÃO PAULO,ESTADUAL
336,2023-01-25,14:43:08,L01-AUTOBAN,SP330,124.6,NORTE,-22.73051718,-47.28948103,CHOQUE,CHOQUE-BARREIRA DE CONCRETO,NÃO INFORMADO,AUTOMÓVEL=1,AMERICANA,CAMPINAS,RIO CLARO,ESTADUAL
338,2023-01-25,17:49:37,L01-AUTOBAN,SP330,95.2,NORTE,-22.91804743,-47.09550259,TOMBAMENTO,TOMBAMENTO-MOTO,NÃO INFORMADO,MOTO=1,CAMPINAS,CAMPINAS,CAMPINAS,ESTADUAL
339,2023-01-25,18:11:17,L01-AUTOBAN,SP330,108.5,NORTE,-22.83232474,-47.17750581,COLISÃO,COLISÃO-TRASEIRA,NÃO INFORMADO,AUTOMÓVEL=1|UTILITÁRIO=1,SUMARÉ,CAMPINAS,CAMPINAS,ESTADUAL
340,2023-01-25,19:58:28,L01-AUTOBAN,SP330,82.0,NORTE,-23.0130822,-47.02276647,COLISÃO,COLISÃO-LATERAL,NÃO INFORMADO,AUTOMÓVEL=1|NÃO INFORMADO=1,VALINHOS,CAMPINAS,CAMPINAS,ESTADUAL
341,2023-01-26,01:50:32,L01-AUTOBAN,SPI102/330,5.6,NORTE,-22.91242465,-47.13569129,COLISÃO,COLISÃO-TRASEIRA,NÃO INFORMADO,AUTOMÓVEL=1|CAMINHÃO=1,CAMPINAS,CAMPINAS,CAMPINAS,ESTADUAL
344,2023-01-26,07:51:47,L01-AUTOBAN,SPM330E,111.8,SUL,-22.8147004,-47.20779171,TOMBAMENTO,TOMBAMENTO-MOTO,NÃO INFORMADO,MOTO=1,SUMARÉ,CAMPINAS,CAMPINAS,ESTADUAL
345,2023-01-26,07:59:02,L01-AUTOBAN,SP330,85.5,NORTE,-22.986139,-47.04122704,COLISÃO,COLISÃO-TRASEIRA,NÃO INFORMADO,MOTO=1|NÃO INFORMADO=1,VALINHOS,CAMPINAS,CAMPINAS,ESTADUAL
346,2023-01-26,08:17:54,L01-AUTOBAN,SPM330E,25.0,SUL,-23.42658,-46.787612,ATROPELAMENTO DE PEDESTRE,ATROP. PEDESTRE-MORADOR/TRABALHADOR/ESTUDANTE,NÃO INFORMADO,CARRETA=1|NÃO SE APLICA=1|UTILITÁRIO=1,SÃO PAULO,REG. METROPOLITANA SÃO PAULO,SÃO PAULO,ESTADUAL
347,2023-01-26,13:28:44,L01-AUTOBAN,SP330,26.0,NORTE,-23.42050663,-46.79456413,COLISÃO,COLISÃO-TRASEIRA,NÃO INFORMADO,BITREM/CVC=1|CAMINHÃO=1,SÃO PAULO,REG. METROPOLITANA SÃO PAULO,SÃO PAULO,ESTADUAL
348,2023-01-26,15:17:44,L01-AUTOBAN,SP330,61.5,SUL,-23.17205945,-46.92265838,COLISÃO,COLISÃO-LATERAL,NÃO INFORMADO,CARRETA=1|UTILITÁRIO=1,JUNDIAÍ,CAMPINAS,CAMPINAS,ESTADUAL
354,2023-01-26,23:31:44,L01-AUTOBAN,SP330,21.7,NORTE,-23.45532788,-46.78496504,COLISÃO,COLISÃO-TRASEIRA,NÃO INFORMADO,MOTO=1|NÃO INFORMADO=1,SÃO PAULO,REG. METROPOLITANA SÃO PAULO,SÃO PAULO,ESTADUAL
356,2023-01-27,06:54:25,L01-AUTOBAN,SP330,85.4,SUL,-22.98703929,-47.04088426,CHOQUE,CHOQUE-OBJETO NA PISTA,NÃO INFORMADO,MOTO=1,VALINHOS,CAMPINAS,CAMPINAS,ESTADUAL
358,2023-01-27,08:41:08,L01-AUTOBAN,SP330,13.4,SUL,-23.50776575,-46.74404096,COLISÃO,COLISÃO-TRASEIRA,NÃO INFORMADO,AUTOMÓVEL=2,SÃO PAULO,REG. METROPOLITANA SÃO PAULO,SÃO PAULO,ESTADUAL
359,2023-01-27,15:40:34,L01-AUTOBAN,SP330,123.5,NORTE,-22.73608975,-47.28126973,TOMBAMENTO,TOMBAMENTO-MOTO,NÃO INFORMADO,MOTO=1,AMERICANA,CAMPINAS,RIO CLARO,ESTADUAL
361,2023-01-27,16:01:23,L01-AUTOBAN,SP330,25.3,SUL,-23.42487761,-46.78964131,COLISÃO,COLISÃO-TRASEIRA,NÃO INFORMADO,AUTOMÓVEL=1|MOTO=1|NÃO INFORMADO=1,SÃO PAULO,REG. METROPOLITANA SÃO PAULO,SÃO PAULO,ESTADUAL
363,2023-01-28,00:30:43,L01-AUTOBAN,SP330,82.6,NORTE,-23.00850503,-47.02583062,CHOQUE,CHOQUE-MEIO FIO/CALÇAMENTO,NÃO INFORMADO,MOTO=1,VALINHOS,CAMPINAS,CAMPINAS,ESTADUAL
365,2023-01-28,07:25:12,L01-AUTOBAN,SP330,92.2,NORTE,-22.93403646,-47.07290444,COLISÃO,COLISÃO-TRASEIRA,NÃO INFORMADO,AUTOMÓVEL=1|MOTO=1,CAMPINAS,CAMPINAS,CAMPINAS,ESTADUAL
366,2023-01-28,11:23:46,L01-AUTOBAN,SP330,12.4,NORTE,-23.50866836,-46.73458776,COLISÃO,COLISÃO-LATERAL,NÃO INFORMADO,AUTOMÓVEL=1|NÃO INFORMADO=1,SÃO PAULO,REG. METROPOLITANA SÃO PAULO,SÃO PAULO,ESTADUAL
368,2023-01-28,12:41:21,L01-AUTOBAN,SPM330E,108.96,SUL,-22.82772282,-47.18398382,COLISÃO,COLISÃO-FRONTAL,NÃO INFORMADO,AUTOMÓVEL=2|UTILITÁRIO=1,SUMARÉ,CAMPINAS,CAMPINAS,ESTADUAL
369,2023-01-28,14:56:45,L01-AUTOBAN,SP330,123.65,NORTE,-22.73542701,-47.28266905,TOMBAMENTO,TOMBAMENTO-MOTO,NÃO INFORMADO,MOTO=1,AMERICANA,CAMPINAS,RIO CLARO,ESTADUAL
376,2023-01-29,09:30:58,L01-AUTOBAN,SP330,103.0,NORTE,-22.86219711,-47.13924408,COLISÃO,COLISÃO-LATERAL,NÃO INFORMADO,AUTOMÓVEL=1|CARRETA=1,CAMPINAS,CAMPINAS,CAMPINAS,ESTADUAL
378,2023-01-29,14:19:21,L01-AUTOBAN,SPM330E,112.74,SUL,-22.80898656,-47.21457508,TOMBAMENTO,TOMBAMENTO,NÃO INFORMADO,UTILITÁRIO=1,SUMARÉ,CAMPINAS,CAMPINAS,ESTADUAL
382,2023-01-29,15:15:28,L01-AUTOBAN,SP330,152.6,SUL,-22.50905317,-47.3977833,COLISÃO,COLISÃO-LATERAL,NÃO INFORMADO,AUTOMÓVEL=1|CARRETA=1,CORDEIRÓPOLIS,CAMPINAS,RIO CLARO,ESTADUAL
384,2023-01-29,15:43:22,L01-AUTOBAN,SP330,21.2,SUL,-23.45940107,-46.78248775,COLISÃO,COLISÃO-TRASEIRA,NÃO INFORMADO,AUTOMÓVEL=2,SÃO PAULO,REG. METROPOLITANA SÃO PAULO,SÃO PAULO,ESTADUAL
390,2023-01-29,18:40:23,L01-AUTOBAN,SP330,92.5,NORTE,-22.93241647,-47.07517684,CHOQUE,CHOQUE-OBJETO NA PISTA,NÃO INFORMADO,MOTO=1,CAMPINAS,CAMPINAS,CAMPINAS,ESTADUAL
391,2023-01-29,22:41:47,L01-AUTOBAN,SPM330E,96.8,SUL,-22.90586242,-47.10655441,CHOQUE,CHOQUE-VEÍCULO PARADO NA PISTA,NÃO INFORMADO,AUTOMÓVEL=2|NÃO INFORMADO=1,CAMPINAS,CAMPINAS,CAMPINAS,ESTADUAL
394,2023-01-30,07:31:55,L01-AUTOBAN,SP330,97.5,NORTE,-22.89997608,-47.10927308,COLISÃO,COLISÃO-LATERAL,NÃO INFORMADO,AUTOMÓVEL=1|MOTO=1,CAMPINAS,CAMPINAS,CAMPINAS,ESTADUAL
395,2023-01-30,07:43:25,L01-AUTOBAN,SPM330D,96.0,NORTE,-22.91145011,-47.10140347,COLISÃO,COLISÃO-TRASEIRA,NÃO INFORMADO,AUTOMÓVEL=1|CAMINHÃO=1,CAMPINAS,CAMPINAS,CAMPINAS,ESTADUAL
397,2023-01-30,09:03:04,L01-AUTOBAN,SP330,104.0,NORTE,-22.856805,-47.148633,COLISÃO,COLISÃO-LATERAL,NÃO INFORMADO,AUTOMÓVEL=1|CARRETA=1,CAMPINAS,CAMPINAS,CAMPINAS,ESTADUAL
398,2023-01-30,15:25:46,L01-AUTOBAN,SP330,12.2,NORTE,-23.50892149,-46.73260401,COLISÃO,COLISÃO-LATERAL,NÃO INFORMADO,AUTOMÓVEL=1|MOTO=1,SÃO PAULO,REG. METROPOLITANA SÃO PAULO,SÃO PAULO,ESTADUAL
399,2023-01-30,15:37:14,L01-AUTOBAN,SP330,127.7,NORTE,-22.70597252,-47.30173765,COLISÃO,COLISÃO-TRASEIRA,NÃO INFORMADO,UTILITÁRIO=2,AMERICANA,CAMPINAS,RIO CLARO,ESTADUAL
401,2023-01-30,17:05:16,L01-AUTOBAN,SP330,71.0,SUL,-23.09783725,-46.96810305,ENGAVETAMENTO,ENGAVETAMENTO,NÃO INFORMADO,AUTOMÓVEL=3|ÔNIBUS=1,LOUVEIRA,CAMPINAS,CAMPINAS,ESTADUAL
404,2023-01-30,18:25:57,L01-AUTOBAN,SP330,65.1,SUL,-23.14391354,-46.93994253,COLISÃO,COLISÃO-TRASEIRA,NÃO INFORMADO,AUTOMÓVEL=2,JUNDIAÍ,CAMPINAS,CAMPINAS,ESTADUAL
406,2023-01-30,22:38:05,L01-AUTOBAN,SP330,120.0,NORTE,-22.756649,-47.254609,CHOQUE,CHOQUE-ELEMENTO DE DRENAGEM,NÃO INFORMADO,AUTOMÓVEL=1,AMERICANA,CAMPINAS,RIO CLARO,ESTADUAL
407,2023-01-31,07:28:34,L01-AUTOBAN,SP330,33.7,SUL,-23.37859106,-46.83971976,COLISÃO,COLISÃO-TRASEIRA,NÃO INFORMADO,AUTOMÓVEL=2,CAJAMAR,REG. METROPOLITANA SÃO PAULO,SÃO PAULO,ESTADUAL
408,2023-01-31,07:39:42,L01-AUTOBAN,SP330,83.0,SUL,-23.00543875,-47.02806115,COLISÃO,COLISÃO-TRASEIRA,NÃO INFORMADO,MOTO=1|NÃO INFORMADO=1,VALINHOS,CAMPINAS,CAMPINAS,ESTADUAL
409,2023-01-31,07:42:18,L01-AUTOBAN,SP330,91.5,NORTE,-22.93898771,-47.06896428,COLISÃO,COLISÃO-TRASEIRA,NÃO INFORMADO,AUTOMÓVEL=2,CAMPINAS,CAMPINAS,CAMPINAS,ESTADUAL
410,2023-01-31,08:13:04,L01-AUTOBAN,SP330,12.0,SUL,-23.50948451,-46.73040569,ATROPELAMENTO DE PEDESTRE,ATROP. PEDESTRE-MORADOR/TRABALHADOR/ESTUDANTE,NÃO INFORMADO,MOTO=1|NÃO SE APLICA=1,SÃO PAULO,REG. METROPOLITANA SÃO PAULO,SÃO PAULO,ESTADUAL
414,2023-01-31,14:42:41,L01-AUTOBAN,SP330,20.0,NORTE,-23.46894457,-46.77887321,COLISÃO,COLISÃO-LATERAL,NÃO INFORMADO,AUTOMÓVEL=1|UTILITÁRIO=1,OSASCO,REG. METROPOLITANA SÃO PAULO,SÃO PAULO,ESTADUAL
415,2023-01-31,16:57:33,L01-AUTOBAN,SP330,11.9,NORTE,-23.516179,-46.72591,COLISÃO,COLISÃO-LATERAL,NÃO INFORMADO,MOTO=1|VAN/PERUA=1,SÃO PAULO,REG. METROPOLITANA SÃO PAULO,SÃO PAULO,ESTADUAL
416,2023-01-31,17:41:34,L01-AUTOBAN,SP330,46.0,NORTE,-23.28822839,-46.86594307,COLISÃO,COLISÃO-LATERAL,NÃO INFORMADO,AUTOMÓVEL=1|MOTO=1,CAJAMAR,REG. METROPOLITANA SÃO PAULO,SÃO PAULO,ESTADUAL
417,2023-01-31,18:12:55,L01-AUTOBAN,SP330,44.9,SUL,-23.29730377,-46.86348833,COLISÃO,COLISÃO-LATERAL,NÃO INFORMADO,CARRETA=1|UTILITÁRIO=1,CAJAMAR,REG. METROPOLITANA SÃO PAULO,SÃO PAULO,ESTADUAL
418,2023-01-31,18:26:05,L01-AUTOBAN,SP330,38.7,SUL,-23.33949607,-46.8379113,COLISÃO,COLISÃO-TRASEIRA,NÃO INFORMADO,AUTOMÓVEL=2,CAJAMAR,REG. METROPOLITANA SÃO PAULO,SÃO PAULO,ESTADUAL
419,2023-01-31,18:38:01,L01-AUTOBAN,SP330,34.66,SUL,-23.37149576,-46.84358356,CHOQUE,CHOQUE-BARREIRA DE CONCRETO,NÃO INFORMADO,AUTOMÓVEL=1,CAJAMAR,REG. METROPOLITANA SÃO PAULO,SÃO PAULO,ESTADUAL
420,2023-01-31,21:30:27,L01-AUTOBAN,SP330,51.3,SUL,-23.24585069,-46.86699128,ENGAVETAMENTO,ENGAVETAMENTO,NÃO INFORMADO,AUTOMÓVEL=3,JUNDIAÍ,CAMPINAS,CAMPINAS,ESTADUAL
421,2023-02-01,00:42:58,L01-AUTOBAN,SP330,92.0,NORTE,-22.93511642,-47.07138956,CHOQUE,CHOQUE-SINALIZAÇÃO,NÃO INFORMADO,AUTOMÓVEL=1,CAMPINAS,CAMPINAS,CAMPINAS,ESTADUAL
424,2023-02-01,09:09:28,L01-AUTOBAN,SP330,41.3,SUL,-23.32166077,-46.84897542,COLISÃO,COLISÃO-LATERAL,NÃO INFORMADO,AUTOMÓVEL=1,CAJAMAR,REG. METROPOLITANA SÃO PAULO,SÃO PAULO,ESTADUAL
425,2023-02-01,09:41:31,L01-AUTOBAN,SP330,112.5,SUL,-22.81056258,-47.21286535,COLISÃO,COLISÃO-TRASEIRA,NÃO INFORMADO,AUTOMÓVEL=1|VAN/PERUA=1,SUMARÉ,CAMPINAS,CAMPINAS,ESTADUAL
427,2023-02-01,10:31:57,L01-AUTOBAN,SPI102/330,2.9,NORTE,-22.88922074,-47.13269627,TOMBAMENTO,TOMBAMENTO,NÃO INFORMADO,VAN/PERUA=1,CAMPINAS,CAMPINAS,CAMPINAS,ESTADUAL
428,2023-02-01,14:02:59,L01-AUTOBAN,SP330,23.0,SUL,-23.44426027,-46.78705394,CHOQUE,CHOQUE-BARREIRA DE CONCRETO,NÃO INFORMADO,CAMINHÃO=2,SÃO PAULO,REG. METROPOLITANA SÃO PAULO,SÃO PAULO,ESTADUAL
432,2023-02-01,22:50:16,L01-AUTOBAN,SPM330D,52.3,NORTE,-23.23725068,-46.87017804,CHOQUE,CHOQUE-SINALIZAÇÃO,NÃO INFORMADO,AUTOMÓVEL=1,JUNDIAÍ,CAMPINAS,CAMPINAS,ESTADUAL
438,2023-02-02,13:52:43,L01-AUTOBAN,SP330,97.55,SUL,-22.89990539,-47.10955445,COLISÃO,COLISÃO-TRASEIRA,NÃO INFORMADO,AUTOMÓVEL=1|MOTO=1,CAMPINAS,CAMPINAS,CAMPINAS,ESTADUAL
442,2023-02-02,17:44:41,L01-AUTOBAN,SP330,108.9,NORTE,-22.82789527,-47.1832055,COLISÃO,COLISÃO-TRASEIRA,NÃO INFORMADO,AUTOMÓVEL=1|CARRETA=1|MOTO=1,SUMARÉ,CAMPINAS,CAMPINAS,ESTADUAL
444,2023-02-02,18:51:08,L01-AUTOBAN,SP330,102.8,NORTE,-22.86323016,-47.13782038,COLISÃO,COLISÃO-TRASEIRA,NÃO INFORMADO,AUTOMÓVEL=1|MICRO-ÔNIBUS=1|NÃO INFORMADO=1,CAMPINAS,CAMPINAS,CAMPINAS,ESTADUAL
445,2023-02-02,20:16:27,L01-AUTOBAN,SP330,45.85,NORTE,-23.28947892,-46.8656719,CHOQUE,CHOQUE-DEFENSA METÁLICA,NÃO INFORMADO,AUTOMÓVEL=1,CAJAMAR,REG. METROPOLITANA SÃO PAULO,SÃO PAULO,ESTADUAL
447,2023-02-02,22:59:43,L01-AUTOBAN,SPI102/330,3.85,NORTE,-22.89738519,-47.13595033,CHOQUE,CHOQUE-DEFENSA METÁLICA,NÃO INFORMADO,CAMINHÃO=1,CAMPINAS,CAMPINAS,CAMPINAS,ESTADUAL
448,2023-02-03,01:49:36,L01-AUTOBAN,SP330,81.2,NORTE,-23.01952053,-47.01885687,CHOQUE,CHOQUE-DEFENSA METÁLICA,NÃO INFORMADO,CARRETA=1,VALINHOS,CAMPINAS,CAMPINAS,ESTADUAL
452,2023-02-03,07:00:11,L01-AUTOBAN,SP330,96.0,NORTE,-22.91145011,-47.10140347,TOMBAMENTO,TOMBAMENTO-MOTO,NÃO INFORMADO,MOTO=1|NÃO INFORMADO=1,CAMPINAS,CAMPINAS,CAMPINAS,ESTADUAL
455,2023-02-03,10:30:20,L01-AUTOBAN,SP330,91.1,NORTE,-22.94208475,-47.06702405,TOMBAMENTO,TOMBAMENTO-MOTO,NÃO INFORMADO,MOTO=1,CAMPINAS,CAMPINAS,CAMPINAS,ESTADUAL
457,2023-02-03,15:17:04,L01-AUTOBAN,SPI102/330,5.0,NORTE,-22.90690412,-47.13676572,COLISÃO,COLISÃO-TRASEIRA,NÃO INFORMADO,AUTOMÓVEL=1|CARRETA=1,CAMPINAS,CAMPINAS,CAMPINAS,ESTADUAL
461,2023-02-03,18:40:46,L01-AUTOBAN,SP330,83.2,SUL,-23.00394752,-47.02908467,ENGAVETAMENTO,ENGAVETAMENTO,NÃO INFORMADO,AUTOMÓVEL=2|UTILITÁRIO=1,VALINHOS,CAMPINAS,CAMPINAS,ESTADUAL
464,2023-02-03,21:21:32,L01-AUTOBAN,SPM330E,109.195,SUL,-22.82662606,-47.18586639,CHOQUE,CHOQUE-SINALIZAÇÃO,NÃO INFORMADO,AUTOMÓVEL=1,SUMARÉ,CAMPINAS,CAMPINAS,ESTADUAL
465,2023-02-03,22:57:50,L01-AUTOBAN,SP330,92.0,NORTE,-22.93511642,-47.07138956,QUEDA,"QUEDA-VEÍCULO EM RIBANCEIRA,PONTE OU VIADUTO",NÃO INFORMADO,UTILITÁRIO=1,CAMPINAS,CAMPINAS,CAMPINAS,ESTADUAL
470,2023-02-04,06:27:32,L01-AUTOBAN,SP330,112.7,SUL,-22.80924924,-47.21429012,COLISÃO,COLISÃO-TRASEIRA,NÃO INFORMADO,AUTOMÓVEL=3,SUMARÉ,CAMPINAS,CAMPINAS,ESTADUAL
471,2023-02-04,09:32:35,L01-AUTOBAN,SP330,19.3,NORTE,-23.47228219,-46.77449852,TOMBAMENTO,TOMBAMENTO-MOTO,NÃO INFORMADO,MOTO=1,OSASCO,REG. METROPOLITANA SÃO PAULO,SÃO PAULO,ESTADUAL
472,2023-02-04,10:36:07,L01-AUTOBAN,SP330,61.5,SUL,-23.17205945,-46.92265838,COLISÃO,COLISÃO-TRASEIRA,NÃO INFORMADO,AUTOMÓVEL=2,JUNDIAÍ,CAMPINAS,CAMPINAS,ESTADUAL
473,2023-02-04,13:10:27,L01-AUTOBAN,SP330,32.6,SUL,-23.38796521,-46.837385,TOMBAMENTO,TOMBAMENTO-MOTO,NÃO INFORMADO,MOTO=1,CAJAMAR,REG. METROPOLITANA SÃO PAULO,SÃO PAULO,ESTADUAL
475,2023-02-04,18:15:46,L01-AUTOBAN,SP330,25.5,NORTE,-23.42331681,-46.79105306,TOMBAMENTO,TOMBAMENTO-MOTO,NÃO INFORMADO,MOTO=1,SÃO PAULO,REG. METROPOLITANA SÃO PAULO,SÃO PAULO,ESTADUAL
479,2023-02-05,05:45:18,L01-AUTOBAN,SPM330D,14.1,NORTE,-23.50633205,-46.75016531,CHOQUE,CHOQUE-VEÍCULO PARADO NA PISTA,NÃO INFORMADO,AUTOMÓVEL=2,SÃO PAULO,REG. METROPOLITANA SÃO PAULO,SÃO PAULO,ESTADUAL
483,2023-02-05,08:29:12,L01-AUTOBAN,SP330,18.8,NORTE,-23.47545341,-46.77228784,CHOQUE,CHOQUE-BARREIRA DE CONCRETO,NÃO INFORMADO,AUTOMÓVEL=1|BICICLETA=2,OSASCO,REG. METROPOLITANA SÃO PAULO,SÃO PAULO,ESTADUAL
486,2023-02-05,16:10:58,L01-AUTOBAN,SP330,56.9,SUL,-23.206514,-46.89849652,COLISÃO,COLISÃO-TRASEIRA,NÃO INFORMADO,AUTOMÓVEL=1|VAN/PERUA=1,JUNDIAÍ,CAMPINAS,CAMPINAS,ESTADUAL
487,2023-02-05,16:44:16,L01-AUTOBAN,SP330,58.0,NORTE,-23.19690287,-46.90370858,COLISÃO,COLISÃO-TRASEIRA,NÃO INFORMADO,AUTOMÓVEL=2,JUNDIAÍ,CAMPINAS,CAMPINAS,ESTADUAL
488,2023-02-05,16:54:20,L01-AUTOBAN,SP330,43.0,SUL,-23.31035042,-46.85740829,CHOQUE,CHOQUE-BARREIRA DE CONCRETO,NÃO INFORMADO,AUTOMÓVEL=1,CAJAMAR,REG. METROPOLITANA SÃO PAULO,SÃO PAULO,ESTADUAL
490,2023-02-06,00:44:05,L01-AUTOBAN,SPM330E,104.0,SUL,-22.85707606,-47.14874983,COLISÃO,COLISÃO-TRASEIRA,NÃO INFORMADO,AUTOMÓVEL=1|NÃO INFORMADO=1,CAMPINAS,CAMPINAS,CAMPINAS,ESTADUAL
493,2023-02-06,09:14:18,L01-AUTOBAN,SP330,112.0,SUL,-22.81384598,-47.20930338,COLISÃO,COLISÃO-TRASEIRA,NÃO INFORMADO,CAMINHÃO=2,SUMARÉ,CAMPINAS,CAMPINAS,ESTADUAL
495,2023-02-06,14:41:02,L01-AUTOBAN,SP330,114.0,SUL,-22.80082086,-47.22201705,CHOQUE,CHOQUE-BARREIRA DE CONCRETO,NÃO INFORMADO,AUTOMÓVEL=1,SUMARÉ,CAMPINAS,CAMPINAS,ESTADUAL
496,2023-02-06,15:36:35,L01-AUTOBAN,SP330,152.5,NORTE,-22.51368188,-47.39537895,CHOQUE,CHOQUE-PRAÇA MANUAL-(ENTRE VEÍCULOS),NÃO INFORMADO,AUTOMÓVEL=3|CARRETA=1,CORDEIRÓPOLIS,CAMPINAS,RIO CLARO,ESTADUAL
497,2023-02-06,17:25:52,L01-AUTOBAN,SP330,20.2,NORTE,-23.46729806,-46.77937961,CHOQUE,CHOQUE-DEFENSA METÁLICA,NÃO INFORMADO,AUTOMÓVEL=1,OSASCO,REG. METROPOLITANA SÃO PAULO,SÃO PAULO,ESTADUAL
500,2023-02-06,23:51:23,L01-AUTOBAN,SP330,53.0,NORTE,-23.230639,-46.87295,CHOQUE,CHOQUE-ELEMENTO DE DRENAGEM,NÃO INFORMADO,AUTOMÓVEL=1,JUNDIAÍ,CAMPINAS,CAMPINAS,ESTADUAL
501,2023-02-07,03:10:27,L01-AUTOBAN,SP330,81.5,NORTE,-23.01710614,-47.02032298,ATROPELAMENTO DE ANIMAL,ATROP. ANIMAL,NÃO INFORMADO,AUTOMÓVEL=1,VALINHOS,CAMPINAS,CAMPINAS,ESTADUAL
502,2023-02-07,07:07:09,L01-AUTOBAN,SPM330E,113.0,SUL,-22.80727918,-47.21642733,COLISÃO,COLISÃO-LATERAL,NÃO INFORMADO,BICICLETA=1|NÃO INFORMADO=1,SUMARÉ,CAMPINAS,CAMPINAS,ESTADUAL
503,2023-02-07,07:07:57,L01-AUTOBAN,SP330,64.0,SUL,-23.15363356,-46.93565369,COLISÃO,COLISÃO-TRASEIRA,NÃO INFORMADO,MOTO=1|UTILITÁRIO=1,JUNDIAÍ,CAMPINAS,CAMPINAS,ESTADUAL
508,2023-02-07,16:13:40,L01-AUTOBAN,SP330,106.0,SUL,-22.84677902,-47.16428518,COLISÃO,COLISÃO-TRASEIRA,NÃO INFORMADO,NÃO INFORMADO=1|VAN/PERUA=1,SUMARÉ,CAMPINAS,CAMPINAS,ESTADUAL
510,2023-02-07,17:15:41,L01-AUTOBAN,SP330,65.0,NORTE,-23.14439004,-46.93929613,COLISÃO,COLISÃO-LATERAL,NÃO INFORMADO,CARRETA=1|NÃO INFORMADO=1,JUNDIAÍ,CAMPINAS,CAMPINAS,ESTADUAL
512,2023-02-08,03:25:48,L01-AUTOBAN,SP330,51.8,SUL,-23.24184095,-46.86851477,ATROPELAMENTO DE ANIMAL,ATROP. ANIMAL,NÃO INFORMADO,UTILITÁRIO=1,JUNDIAÍ,CAMPINAS,CAMPINAS,ESTADUAL
513,2023-02-08,05:45:03,L01-AUTOBAN,SP330,30.0,NORTE,-23.40510337,-46.82884812,COLISÃO,COLISÃO-LATERAL,NÃO INFORMADO,AUTOMÓVEL=1|NÃO INFORMADO=1,CAJAMAR,REG. METROPOLITANA SÃO PAULO,SÃO PAULO,ESTADUAL
514,2023-02-08,05:58:48,L01-AUTOBAN,SP330,125.0,NORTE,-22.72827485,-47.29184568,CHOQUE,CHOQUE-SINALIZAÇÃO,NÃO INFORMADO,MOTO=1,AMERICANA,CAMPINAS,RIO CLARO,ESTADUAL
515,2023-02-08,07:15:50,L01-AUTOBAN,SPM330E,93.0,SUL,-22.929865,-47.079096,ENGAVETAMENTO,ENGAVETAMENTO,NÃO INFORMADO,AUTOMÓVEL=4|MOTO=1,CAMPINAS,CAMPINAS,CAMPINAS,ESTADUAL
516,2023-02-08,09:29:38,L01-AUTOBAN,SP330,17.8,SUL,-23.48375093,-46.77035451,CHOQUE,CHOQUE-BARREIRA DE CONCRETO,NÃO INFORMADO,AUTOMÓVEL=1,OSASCO,REG. METROPOLITANA SÃO PAULO,SÃO PAULO,ESTADUAL
517,2023-02-08,10:24:59,L01-AUTOBAN,SP330,17.2,SUL,-23.48843281,-46.76789224,CHOQUE,CHOQUE-VEÍCULO PARADO NA PISTA,NÃO INFORMADO,AUTOMÓVEL=1|CARRETA=1,OSASCO,REG. METROPOLITANA SÃO PAULO,SÃO PAULO,ESTADUAL
518,2023-02-08,14:38:04,L01-AUTOBAN,SP330,24.2,NORTE,-23.43285724,-46.78653787,CHOQUE,CHOQUE-BARREIRA DE CONCRETO,NÃO INFORMADO,CAMINHÃO=1,SÃO PAULO,REG. METROPOLITANA SÃO PAULO,SÃO PAULO,ESTADUAL
519,2023-02-08,18:16:00,L01-AUTOBAN,SPM330E,107.0,SUL,-22.83986774,-47.17085123,COLISÃO,COLISÃO-TRASEIRA,NÃO INFORMADO,AUTOMÓVEL=1|VAN/PERUA=1,SUMARÉ,CAMPINAS,CAMPINAS,ESTADUAL
524,2023-02-09,15:28:34,L01-AUTOBAN,SP330,152.0,NORTE,-22.51368188,-47.39537895,COLISÃO,COLISÃO-LATERAL,NÃO INFORMADO,AUTOMÓVEL=1|CARRETA=1,LIMEIRA,CAMPINAS,RIO CLARO,ESTADUAL
527,2023-02-09,17:42:21,L01-AUTOBAN,SPM330E,98.7,SUL,-22.89045426,-47.11272829,ENGAVETAMENTO,ENGAVETAMENTO,NÃO INFORMADO,AUTOMÓVEL=4,CAMPINAS,CAMPINAS,CAMPINAS,ESTADUAL
528,2023-02-09,18:59:02,L01-AUTOBAN,SP330,101.0,SUL,-22.87408945,-47.12487817,COLISÃO,COLISÃO-TRASEIRA,NÃO INFORMADO,AUTOMÓVEL=1|MOTO=1,CAMPINAS,CAMPINAS,CAMPINAS,ESTADUAL
529,2023-02-09,19:37:11,L01-AUTOBAN,SP330,54.436,NORTE,-23.22005133,-46.88025805,TOMBAMENTO,TOMBAMENTO-MOTO,NÃO INFORMADO,MOTO=1,JUNDIAÍ,CAMPINAS,CAMPINAS,ESTADUAL
530,2023-02-09,19:48:01,L01-AUTOBAN,SP330,104.0,SUL,-22.85707606,-47.14874983,ENGAVETAMENTO,ENGAVETAMENTO,NÃO INFORMADO,AUTOMÓVEL=3,CAMPINAS,CAMPINAS,CAMPINAS,ESTADUAL
531,2023-02-09,22:59:29,L01-AUTOBAN,SP330,116.0,SUL,-22.7835263,-47.23084152,CHOQUE,CHOQUE-SINALIZAÇÃO,NÃO INFORMADO,MOTO=1,NOVA ODESSA,CAMPINAS,RIO CLARO,ESTADUAL
535,2023-02-10,06:34:53,L01-AUTOBAN,SP330,88.0,SUL,-22.96619255,-47.05355823,TOMBAMENTO,TOMBAMENTO-MOTO,NÃO INFORMADO,MOTO=1,CAMPINAS,CAMPINAS,CAMPINAS,ESTADUAL
536,2023-02-10,08:50:09,L01-AUTOBAN,SP330,85.65,NORTE,-22.98511479,-47.04193564,ENGAVETAMENTO,ENGAVETAMENTO,NÃO INFORMADO,AUTOMÓVEL=4,VALINHOS,CAMPINAS,CAMPINAS,ESTADUAL
537,2023-02-10,10:56:16,L01-AUTOBAN,SP330,59.0,SUL,-23.18900852,-46.90679312,COLISÃO,COLISÃO-TRASEIRA,NÃO INFORMADO,CARRETA=1|UTILITÁRIO=1,JUNDIAÍ,CAMPINAS,CAMPINAS,ESTADUAL
539,2023-02-10,14:43:33,L01-AUTOBAN,SP330,138.0,SUL,-22.62417196,-47.34306514,COLISÃO,COLISÃO-TRASEIRA,NÃO INFORMADO,CAMINHÃO=2,LIMEIRA,CAMPINAS,RIO CLARO,ESTADUAL
540,2023-02-10,17:33:19,L01-AUTOBAN,SP330,83.5,NORTE,-23.00160199,-47.03047514,TOMBAMENTO,TOMBAMENTO-MOTO,NÃO INFORMADO,MOTO=1,VALINHOS,CAMPINAS,CAMPINAS,ESTADUAL
545,2023-02-10,21:26:13,L01-AUTOBAN,SP330,20.0,NORTE,-23.46894457,-46.77887321,CHOQUE,CHOQUE-VEÍCULO PARADO NA PISTA,NÃO INFORMADO,AUTOMÓVEL=2,OSASCO,REG. METROPOLITANA SÃO PAULO,SÃO PAULO,ESTADUAL
546,2023-02-10,21:29:42,L01-AUTOBAN,SP330,118.0,SUL,-22.76903417,-47.24156499,COLISÃO,CHOQUE-PRAÇA AVI-(ENTRE VEÍCULOS),NÃO INFORMADO,NÃO INFORMADO=1|ÔNIBUS=1,NOVA ODESSA,CAMPINAS,RIO CLARO,ESTADUAL
548,2023-02-10,22:08:44,L01-AUTOBAN,SP330,40.0,SUL,-23.32844932,-46.83901906,CHOQUE,CHOQUE-BARREIRA DE CONCRETO,NÃO INFORMADO,AUTOMÓVEL=1,CAJAMAR,REG. METROPOLITANA SÃO PAULO,SÃO PAULO,ESTADUAL
550,2023-02-10,23:12:34,L01-AUTOBAN,SPM330D,60.72,NORTE,-23.1768922,-46.91640788,COLISÃO,COLISÃO-TRASEIRA,NÃO INFORMADO,AUTOMÓVEL=2,JUNDIAÍ,CAMPINAS,CAMPINAS,ESTADUAL
551,2023-02-11,05:43:59,L01-AUTOBAN,SP330,118.8,SUL,-22.7646021,-47.24663331,CHOQUE,CHOQUE-BARREIRA DE CONCRETO,NÃO INFORMADO,AUTOMÓVEL=1,NOVA ODESSA,CAMPINAS,RIO CLARO,ESTADUAL
554,2023-02-11,09:57:53,L01-AUTOBAN,SP330,86.2,SUL,-22.98137086,-47.0447198,CHOQUE,CHOQUE-BARREIRA DE CONCRETO,NÃO INFORMADO,AUTOMÓVEL=1,CAMPINAS,CAMPINAS,CAMPINAS,ESTADUAL
556,2023-02-11,11:17:32,L01-AUTOBAN,SP330,11.46,NORTE,-23.516179,-46.72591,COLISÃO,COLISÃO-LATERAL,NÃO INFORMADO,AUTOMÓVEL=1|CARRETA=1,SÃO PAULO,REG. METROPOLITANA SÃO PAULO,SÃO PAULO,ESTADUAL
557,2023-02-11,12:05:03,L01-AUTOBAN,SP330,65.1,SUL,-23.14391354,-46.93994253,COLISÃO,COLISÃO-TRASEIRA,NÃO INFORMADO,AUTOMÓVEL=1|CARRETA=1,JUNDIAÍ,CAMPINAS,CAMPINAS,ESTADUAL
559,2023-02-11,15:35:40,L01-AUTOBAN,SP330,41.4,SUL,-23.32104154,-46.84957624,CHOQUE,CHOQUE-TALUDE OU BARRANCO,NÃO INFORMADO,AUTOMÓVEL=1,CAJAMAR,REG. METROPOLITANA SÃO PAULO,SÃO PAULO,ESTADUAL
560,2023-02-11,16:11:51,L01-AUTOBAN,SP330,15.6,SUL,-23.49652782,-46.75718057,COLISÃO,COLISÃO-TRASEIRA,NÃO INFORMADO,AUTOMÓVEL=2,SÃO PAULO,REG. METROPOLITANA SÃO PAULO,SÃO PAULO,ESTADUAL
561,2023-02-11,16:26:05,L01-AUTOBAN,SP330,67.0,NORTE,-23.13040025,-46.95047557,COLISÃO,COLISÃO-TRASEIRA,NÃO INFORMADO,AUTOMÓVEL=2,JUNDIAÍ,CAMPINAS,CAMPINAS,ESTADUAL
562,2023-02-11,16:30:43,L01-AUTOBAN,SP330,20.2,SUL,-23.46732267,-46.77954269,CHOQUE,CHOQUE-BARREIRA DE CONCRETO,NÃO INFORMADO,AUTOMÓVEL=1|CARRETA=1,OSASCO,REG. METROPOLITANA SÃO PAULO,SÃO PAULO,ESTADUAL
566,2023-02-12,05:40:02,L01-AUTOBAN,SP330,19.0,SUL,-23.4737126,-46.77262366,CHOQUE,CHOQUE-BARREIRA DE CONCRETO,NÃO INFORMADO,AUTOMÓVEL=1,OSASCO,REG. METROPOLITANA SÃO PAULO,SÃO PAULO,ESTADUAL
567,2023-02-12,05:40:31,L01-AUTOBAN,SP330,12.2,NORTE,-23.50892149,-46.73260401,COLISÃO,COLISÃO-LATERAL,NÃO INFORMADO,AUTOMÓVEL=1|NÃO INFORMADO=1,SÃO PAULO,REG. METROPOLITANA SÃO PAULO,SÃO PAULO,ESTADUAL
570,2023-02-12,16:43:15,L01-AUTOBAN,SPM330D,23.7,NORTE,-23.43453981,-46.78628683,COLISÃO,COLISÃO-TRASEIRA,NÃO INFORMADO,AUTOMÓVEL=2,SÃO PAULO,REG. METROPOLITANA SÃO PAULO,SÃO PAULO,ESTADUAL
572,2023-02-12,18:33:48,L01-AUTOBAN,SP330,120.0,SUL,-22.75697436,-47.25467026,COLISÃO,COLISÃO-LATERAL,NÃO INFORMADO,MOTO=2,AMERICANA,CAMPINAS,RIO CLARO,ESTADUAL
573,2023-02-12,18:34:27,L01-AUTOBAN,SP330,24.3,SUL,-23.4323517,-46.78677826,COLISÃO,COLISÃO-LATERAL,NÃO INFORMADO,AUTOMÓVEL=1|MOTO=1,SÃO PAULO,REG. METROPOLITANA SÃO PAULO,SÃO PAULO,ESTADUAL
576,2023-02-12,21:16:50,L01-AUTOBAN,SP330,11.5,SUL,-23.516179,-46.72591,CHOQUE,CHOQUE-BARREIRA DE CONCRETO,NÃO INFORMADO,AUTOMÓVEL=1,SÃO PAULO,REG. METROPOLITANA SÃO PAULO,SÃO PAULO,ESTADUAL
577,2023-02-12,22:03:58,L01-AUTOBAN,SP330,157.26,NORTE,-22.46719622,-47.39887526,COLISÃO,COLISÃO-TRASEIRA,NÃO INFORMADO,AUTOMÓVEL=1|CAMINHÃO=1,CORDEIRÓPOLIS,CAMPINAS,RIO CLARO,ESTADUAL
579,2023-02-13,00:06:29,L01-AUTOBAN,SP330,19.8,SUL,-23.46986669,-46.77777779,CHOQUE,CHOQUE-BARREIRA DE CONCRETO,NÃO INFORMADO,AUTOMÓVEL=1,OSASCO,REG. METROPOLITANA SÃO PAULO,SÃO PAULO,ESTADUAL
582,2023-02-13,02:56:21,L01-AUTOBAN,SPM330D,99.3,NORTE,-22.88551068,-47.11455221,CHOQUE,CHOQUE-BARREIRA DE CONCRETO,NÃO INFORMADO,AUTOMÓVEL=1,CAMPINAS,CAMPINAS,CAMPINAS,ESTADUAL
583,2023-02-13,06:20:57,L01-AUTOBAN,SPM330E,106.4,SUL,-22.8440145,-47.16691161,COLISÃO,COLISÃO-LATERAL,NÃO INFORMADO,AUTOMÓVEL=1|CARRETA=1,SUMARÉ,CAMPINAS,CAMPINAS,ESTADUAL
584,2023-02-13,06:36:36,L01-AUTOBAN,SP330,11.5,SUL,-23.510460756592,-46.729056344143,COLISÃO,COLISÃO-LATERAL,NÃO INFORMADO,NÃO INFORMADO=1|VIATURA CONCESSIONÁRIA=1,SÃO PAULO,REG. METROPOLITANA SÃO PAULO,SÃO PAULO,ESTADUAL
586,2023-02-13,07:53:37,L01-AUTOBAN,SP330,105.0,SUL,-22.8520883,-47.15678573,ENGAVETAMENTO,ENGAVETAMENTO,NÃO INFORMADO,AUTOMÓVEL=1|NÃO INFORMADO=1|UTILITÁRIO=1,CAMPINAS,CAMPINAS,CAMPINAS,ESTADUAL
589,2023-02-13,14:38:01,L01-AUTOBAN,SP330,125.1,SUL,-22.72758114,-47.29233545,CHOQUE,CHOQUE-BARREIRA DE CONCRETO,NÃO INFORMADO,AUTOMÓVEL=1,AMERICANA,CAMPINAS,RIO CLARO,ESTADUAL
590,2023-02-13,14:44:25,L01-AUTOBAN,SPM330E,96.0,SUL,-22.91179599,-47.10138738,TOMBAMENTO,TOMBAMENTO-MOTO,NÃO INFORMADO,MOTO=1,CAMPINAS,CAMPINAS,CAMPINAS,ESTADUAL
591,2023-02-13,15:00:34,L01-AUTOBAN,SP330,31.5,SUL,-23.39720798,-46.83626543,CHOQUE,CHOQUE-TALUDE OU BARRANCO,NÃO INFORMADO,CAMINHÃO=1,CAJAMAR,REG. METROPOLITANA SÃO PAULO,SÃO PAULO,ESTADUAL
593,2023-02-13,16:33:45,L01-AUTOBAN,SPM330D,107.0,NORTE,-22.83945246,-47.17082977,TOMBAMENTO,TOMBAMENTO-MOTO,NÃO INFORMADO,MOTO=1,SUMARÉ,CAMPINAS,CAMPINAS,ESTADUAL
594,2023-02-13,18:07:24,L01-AUTOBAN,SP330,53.0,NORTE,-23.230639,-46.87295,TOMBAMENTO,TOMBAMENTO-MOTO,NÃO INFORMADO,MOTO=1,JUNDIAÍ,CAMPINAS,CAMPINAS,ESTADUAL
598,2023-02-14,02:50:53,L01-AUTOBAN,SP330,107.0,SUL,-22.83986774,-47.17085123,ATROPELAMENTO DE ANIMAL,ATROP. ANIMAL,NÃO INFORMADO,AUTOMÓVEL=1,SUMARÉ,CAMPINAS,CAMPINAS,ESTADUAL
599,2023-02-14,03:16:56,L01-AUTOBAN,SP330,84.4,NORTE,-22.99447143,-47.03539217,CHOQUE,CHOQUE-VEÍCULO PARADO NA PISTA,NÃO INFORMADO,BITREM/CVC=1|MOTO=1,VALINHOS,CAMPINAS,CAMPINAS,ESTADUAL
600,2023-02-14,06:13:04,L01-AUTOBAN,SPM330E,88.3,SUL,-22.96403058,-47.05478777,TOMBAMENTO,TOMBAMENTO-MOTO,NÃO INFORMADO,MOTO=1,CAMPINAS,CAMPINAS,CAMPINAS,ESTADUAL
602,2023-02-14,07:41:04,L01-AUTOBAN,SP330,23.5,SUL,-23.43954278,-46.78673744,COLISÃO,COLISÃO-TRASEIRA,NÃO INFORMADO,AUTOMÓVEL=2,SÃO PAULO,REG. METROPOLITANA SÃO PAULO,SÃO PAULO,ESTADUAL
604,2023-02-14,08:21:12,L01-AUTOBAN,SPM330E,100.5,SUL,-22.87730945,-47.12138057,COLISÃO,COLISÃO-LATERAL,NÃO INFORMADO,AUTOMÓVEL=1|MOTO=1,CAMPINAS,CAMPINAS,CAMPINAS,ESTADUAL
608,2023-02-14,16:23:45,L01-AUTOBAN,SP330,34.0,SUL,-23.37597552,-46.84019923,TOMBAMENTO,TOMBAMENTO-MOTO,NÃO INFORMADO,MOTO=1,CAJAMAR,REG. METROPOLITANA SÃO PAULO,SÃO PAULO,ESTADUAL
609,2023-02-14,17:53:00,L01-AUTOBAN,SP330,102.0,NORTE,-22.86736245,-47.1321255,COLISÃO,COLISÃO-TRASEIRA,NÃO INFORMADO,AUTOMÓVEL=1|CARRETA=1,CAMPINAS,CAMPINAS,CAMPINAS,ESTADUAL
612,2023-02-14,21:58:41,L01-AUTOBAN,SP330,56.0,NORTE,-23.21090051,-46.89175129,ATROPELAMENTO DE PEDESTRE,ATROP. PEDESTRE-ANDARILHO,NÃO INFORMADO,NÃO INFORMADO=1|NÃO SE APLICA=1,JUNDIAÍ,CAMPINAS,CAMPINAS,ESTADUAL
615,2023-02-15,07:07:14,L01-AUTOBAN,SPI102/330,6.5,NORTE,-22.915663,-47.135311,COLISÃO,COLISÃO-LATERAL,NÃO INFORMADO,AUTOMÓVEL=1|CARRETA=1,CAMPINAS,CAMPINAS,CAMPINAS,ESTADUAL
616,2023-02-15,07:24:07,L01-AUTOBAN,SP330,107.44,SUL,-22.83681356,-47.17372379,COLISÃO,COLISÃO-LATERAL,NÃO INFORMADO,MOTO=2,SUMARÉ,CAMPINAS,CAMPINAS,ESTADUAL
620,2023-02-15,16:01:46,L01-AUTOBAN,SP330,20.0,NORTE,-23.46894457,-46.77887321,CHOQUE,CHOQUE-BARREIRA DE CONCRETO,NÃO INFORMADO,UTILITÁRIO=1,OSASCO,REG. METROPOLITANA SÃO PAULO,SÃO PAULO,ESTADUAL
622,2023-02-15,16:25:05,L01-AUTOBAN,SP330,114.3,NORTE,-22.79802621,-47.22308673,COLISÃO,COLISÃO-TRASEIRA,NÃO INFORMADO,CAMINHÃO=1|NÃO INFORMADO=1,SUMARÉ,CAMPINAS,CAMPINAS,ESTADUAL
623,2023-02-15,17:37:27,L01-AUTOBAN,SP330,20.0,NORTE,-23.46894457,-46.77887321,COLISÃO,COLISÃO-TRASEIRA,NÃO INFORMADO,AUTOMÓVEL=1|MOTO=1,OSASCO,REG. METROPOLITANA SÃO PAULO,SÃO PAULO,ESTADUAL
624,2023-02-15,18:04:40,L01-AUTOBAN,SP330,120.0,NORTE,-22.756649,-47.254609,TOMBAMENTO,TOMBAMENTO-MOTO,NÃO INFORMADO,MOTO=1,AMERICANA,CAMPINAS,RIO CLARO,ESTADUAL
625,2023-02-15,18:06:05,L01-AUTOBAN,SP330,101.5,SUL,-22.87380271,-47.12525568,COLISÃO,COLISÃO-TRASEIRA,NÃO INFORMADO,AUTOMÓVEL=1|NÃO INFORMADO=1,CAMPINAS,CAMPINAS,CAMPINAS,ESTADUAL
626,2023-02-15,18:32:03,L01-AUTOBAN,SP330,125.0,NORTE,-22.72827485,-47.29184568,TOMBAMENTO,TOMBAMENTO-MOTO,NÃO INFORMADO,MOTO=1,AMERICANA,CAMPINAS,RIO CLARO,ESTADUAL
627,2023-02-15,19:35:54,L01-AUTOBAN,SPM330D,101.85,NORTE,-22.86832999,-47.13101827,COLISÃO,COLISÃO-TRASEIRA,NÃO INFORMADO,AUTOMÓVEL=1|MOTO=1,CAMPINAS,CAMPINAS,CAMPINAS,ESTADUAL
632,2023-02-16,07:37:59,L01-AUTOBAN,SPM330E,104.76,SUL,-22.85328535,-47.15485713,COLISÃO,COLISÃO-LATERAL,NÃO INFORMADO,AUTOMÓVEL=1|MOTO=1,CAMPINAS,CAMPINAS,CAMPINAS,ESTADUAL
634,2023-02-16,09:52:51,L01-AUTOBAN,SPM330E,98.7,SUL,-22.89045426,-47.11272829,COLISÃO,COLISÃO-LATERAL,NÃO INFORMADO,MOTO=1|UTILITÁRIO=1,CAMPINAS,CAMPINAS,CAMPINAS,ESTADUAL
637,2023-02-16,12:00:04,L01-AUTOBAN,SP330,148.0,SUL,-22.545538,-47.37616,COLISÃO,COLISÃO-TRASEIRA,NÃO INFORMADO,CAMINHÃO=1|UTILITÁRIO=1,LIMEIRA,CAMPINAS,RIO CLARO,ESTADUAL
640,2023-02-16,16:46:21,L01-AUTOBAN,SP330,50.0,SUL,-23.25685708,-46.8674773,ENGAVETAMENTO,ENGAVETAMENTO,NÃO INFORMADO,AUTOMÓVEL=1|CARRETA=1|NÃO INFORMADO=1,JUNDIAÍ,CAMPINAS,CAMPINAS,ESTADUAL
646,2023-02-16,21:46:19,L01-AUTOBAN,SP330,130.0,SUL,-22.68812699,-47.31107175,CHOQUE,CHOQUE-BARREIRA DE CONCRETO,NÃO INFORMADO,AUTOMÓVEL=1,AMERICANA,CAMPINAS,RIO CLARO,ESTADUAL
649,2023-02-17,07:05:28,L01-AUTOBAN,SP330,82.6,NORTE,-23.00850503,-47.02583062,COLISÃO,COLISÃO-TRASEIRA,NÃO INFORMADO,AUTOMÓVEL=1|CAMINHÃO=1,VALINHOS,CAMPINAS,CAMPINAS,ESTADUAL
650,2023-02-17,07:54:15,L01-AUTOBAN,SPM330E,112.4,SUL,-22.81121925,-47.21215297,TOMBAMENTO,TOMBAMENTO-MOTO,NÃO INFORMADO,MOTO=1,SUMARÉ,CAMPINAS,CAMPINAS,ESTADUAL
652,2023-02-17,08:53:24,L01-AUTOBAN,SP330,108.9,SUL,-22.82804804,-47.18357108,COLISÃO,COLISÃO-TRASEIRA,NÃO INFORMADO,AUTOMÓVEL=2,SUMARÉ,CAMPINAS,CAMPINAS,ESTADUAL
654,2023-02-17,14:17:31,L01-AUTOBAN,SP330,106.64,NORTE,-22.8419921,-47.16839085,ENGAVETAMENTO,ENGAVETAMENTO,NÃO INFORMADO,AUTOMÓVEL=4|CAMINHÃO=1,SUMARÉ,CAMPINAS,CAMPINAS,ESTADUAL
655,2023-02-17,14:17:09,L01-AUTOBAN,SP330,142.1,NORTE,-22.59609043,-47.36540232,CHOQUE,CHOQUE-ELEMENTO DE DRENAGEM,NÃO INFORMADO,CAMINHÃO=1,LIMEIRA,CAMPINAS,RIO CLARO,ESTADUAL
656,2023-02-17,14:18:40,L01-AUTOBAN,SP330,59.5,NORTE,-23.18496496,-46.90901399,COLISÃO,COLISÃO-TRASEIRA,NÃO INFORMADO,NÃO INFORMADO=1|UTILITÁRIO=1,JUNDIAÍ,CAMPINAS,CAMPINAS,ESTADUAL
657,2023-02-17,15:55:59,L01-AUTOBAN,SP330,107.5,SUL,-22.8363971,-47.17411548,COLISÃO,COLISÃO-TRASEIRA,NÃO INFORMADO,AUTOMÓVEL=2,SUMARÉ,CAMPINAS,CAMPINAS,ESTADUAL
658,2023-02-17,16:42:54,L01-AUTOBAN,SP330,11.6,NORTE,-23.510014763419,-46.729354160212,COLISÃO,COLISÃO-LATERAL,NÃO INFORMADO,AUTOMÓVEL=1|MOTO=1,SÃO PAULO,REG. METROPOLITANA SÃO PAULO,SÃO PAULO,ESTADUAL
660,2023-02-17,17:15:26,L01-AUTOBAN,SP330,102.0,SUL,-22.868355,-47.132428,COLISÃO,COLISÃO-TRASEIRA,NÃO INFORMADO,AUTOMÓVEL=1|UTILITÁRIO=1,CAMPINAS,CAMPINAS,CAMPINAS,ESTADUAL
662,2023-02-17,18:12:00,L01-AUTOBAN,SP330,125.2,NORTE,-22.72639067,-47.29243576,COLISÃO,COLISÃO-LATERAL,NÃO INFORMADO,AUTOMÓVEL=1|CARRETA=1,AMERICANA,CAMPINAS,RIO CLARO,ESTADUAL
665,2023-02-17,18:58:51,L01-AUTOBAN,SP330,70.0,NORTE,-23.10588499,-46.96257234,CHOQUE,CHOQUE-BARREIRA DE CONCRETO,NÃO INFORMADO,AUTOMÓVEL=1,LOUVEIRA,CAMPINAS,CAMPINAS,ESTADUAL
670,2023-02-17,20:37:24,L01-AUTOBAN,SP330,22.5,NORTE,-23.44868954,-46.78668648,COLISÃO,COLISÃO-TRASEIRA,NÃO INFORMADO,AUTOMÓVEL=2,SÃO PAULO,REG. METROPOLITANA SÃO PAULO,SÃO PAULO,ESTADUAL
671,2023-02-17,21:44:21,L01-AUTOBAN,SPM330E,101.58,SUL,-22.87076346,-47.12925708,TOMBAMENTO,TOMBAMENTO-MOTO,NÃO INFORMADO,MOTO=1,CAMPINAS,CAMPINAS,CAMPINAS,ESTADUAL
672,2023-02-18,00:58:38,L01-AUTOBAN,SP330,120.11,SUL,-22.7562196,-47.25545862,ATROPELAMENTO DE ANIMAL,ATROP. ANIMAL,NÃO INFORMADO,AUTOMÓVEL=1,AMERICANA,CAMPINAS,RIO CLARO,ESTADUAL
673,2023-02-18,03:10:34,L01-AUTOBAN,SPM330D,57.0,NORTE,-23.20593075,-46.89907372,CHOQUE,CHOQUE-MEIO FIO/CALÇAMENTO,NÃO INFORMADO,AUTOMÓVEL=1,JUNDIAÍ,CAMPINAS,CAMPINAS,ESTADUAL
674,2023-02-18,03:15:11,L01-AUTOBAN,SP330,92.5,NORTE,-22.93241647,-47.07517684,CHOQUE,CHOQUE-BARREIRA DE CONCRETO,NÃO INFORMADO,AUTOMÓVEL=1,CAMPINAS,CAMPINAS,CAMPINAS,ESTADUAL
675,2023-02-18,03:41:29,L01-AUTOBAN,SPM330E,113.0,SUL,-22.80727918,-47.21642733,COLISÃO,COLISÃO-TRASEIRA,NÃO INFORMADO,AUTOMÓVEL=1|UTILITÁRIO=1,SUMARÉ,CAMPINAS,CAMPINAS,ESTADUAL
678,2023-02-18,07:48:27,L01-AUTOBAN,SP330,25.0,SUL,-23.42658,-46.787612,TOMBAMENTO,TOMBAMENTO-MOTO,NÃO INFORMADO,MOTO=1,SÃO PAULO,REG. METROPOLITANA SÃO PAULO,SÃO PAULO,ESTADUAL
679,2023-02-18,07:53:46,L01-AUTOBAN,SP330,11.46,NORTE,-23.516179,-46.72591,CHOQUE,CHOQUE-VEÍCULO PARADO NA PISTA,NÃO INFORMADO,AUTOMÓVEL=2,SÃO PAULO,REG. METROPOLITANA SÃO PAULO,SÃO PAULO,ESTADUAL
683,2023-02-18,09:41:23,L01-AUTOBAN,SP330,41.0,NORTE,-23.32336079,-46.84696376,TOMBAMENTO,TOMBAMENTO-MOTO,NÃO INFORMADO,MOTO=1,CAJAMAR,REG. METROPOLITANA SÃO PAULO,SÃO PAULO,ESTADUAL
685,2023-02-18,12:19:44,L01-AUTOBAN,SPM330D,104.35,NORTE,-22.85502267,-47.15146954,TOMBAMENTO,TOMBAMENTO-MOTO,NÃO INFORMADO,MOTO=1,CAMPINAS,CAMPINAS,CAMPINAS,ESTADUAL
688,2023-02-18,14:00:00,L01-AUTOBAN,SPM330D,91.3,NORTE,-22.9405362,-47.06799418,CHOQUE,CHOQUE-VEÍCULO PARADO NA PISTA,NÃO INFORMADO,AUTOMÓVEL=2,CAMPINAS,CAMPINAS,CAMPINAS,ESTADUAL
689,2023-02-18,14:02:17,L01-AUTOBAN,SP330,134.5,NORTE,-22.65088822,-47.32457668,COLISÃO,COLISÃO-TRASEIRA,NÃO INFORMADO,AUTOMÓVEL=1|NÃO INFORMADO=1,LIMEIRA,CAMPINAS,RIO CLARO,ESTADUAL
690,2023-02-18,14:32:15,L01-AUTOBAN,SP330,11.46,SUL,-23.516179,-46.72591,CHOQUE,CHOQUE-POSTE,NÃO INFORMADO,AUTOMÓVEL=1|NÃO SE APLICA=3,SÃO PAULO,REG. METROPOLITANA SÃO PAULO,SÃO PAULO,ESTADUAL
691,2023-02-18,16:18:44,L01-AUTOBAN,SPM330D,14.9,NORTE,-23.50057244,-46.7540398,CHOQUE,CHOQUE-SINALIZAÇÃO,NÃO INFORMADO,AUTOMÓVEL=1,SÃO PAULO,REG. METROPOLITANA SÃO PAULO,SÃO PAULO,ESTADUAL
692,2023-02-18,16:28:06,L01-AUTOBAN,SPM330D,14.9,NORTE,-23.50057244,-46.7540398,CHOQUE,CHOQUE-SINALIZAÇÃO,NÃO INFORMADO,UTILITÁRIO=1,SÃO PAULO,REG. METROPOLITANA SÃO PAULO,SÃO PAULO,ESTADUAL
694,2023-02-18,18:55:33,L01-AUTOBAN,SP330,149.4,SUL,-22.53475637,-47.38355145,ENGAVETAMENTO,ENGAVETAMENTO,NÃO INFORMADO,AUTOMÓVEL=1|CARRETA=1|ÔNIBUS=1,LIMEIRA,CAMPINAS,RIO CLARO,ESTADUAL
695,2023-02-18,22:08:22,L01-AUTOBAN,SP330,61.0,NORTE,-23.17529462,-46.91833198,ENGAVETAMENTO,ENGAVETAMENTO,NÃO INFORMADO,AUTOMÓVEL=3,JUNDIAÍ,CAMPINAS,CAMPINAS,ESTADUAL
698,2023-02-18,23:50:41,L01-AUTOBAN,SP330,20.8,NORTE,-23.46235857,-46.78089881,COLISÃO,COLISÃO-TRASEIRA,NÃO INFORMADO,AUTOMÓVEL=2,SÃO PAULO,REG. METROPOLITANA SÃO PAULO,SÃO PAULO,ESTADUAL
701,2023-02-19,02:28:16,L01-AUTOBAN,SP330,38.1,SUL,-23.34401466,-46.84050233,COLISÃO,COLISÃO-LATERAL,NÃO INFORMADO,AUTOMÓVEL=2,CAJAMAR,REG. METROPOLITANA SÃO PAULO,SÃO PAULO,ESTADUAL
702,2023-02-19,03:12:54,L01-AUTOBAN,SP330,98.0,NORTE,-22.89587453,-47.11074829,COLISÃO,COLISÃO-TRASEIRA,NÃO INFORMADO,AUTOMÓVEL=1|UTILITÁRIO=1,CAMPINAS,CAMPINAS,CAMPINAS,ESTADUAL
703,2023-02-19,05:24:39,L01-AUTOBAN,SP330,98.3,NORTE,-22.89343122,-47.11149985,COLISÃO,COLISÃO-TRASEIRA,NÃO INFORMADO,AUTOMÓVEL=1|UTILITÁRIO=1,CAMPINAS,CAMPINAS,CAMPINAS,ESTADUAL
706,2023-02-19,08:58:34,L01-AUTOBAN,SP330,140.76,NORTE,-22.60655084,-47.36061253,CHOQUE,CHOQUE-DEFENSA METÁLICA,NÃO INFORMADO,AUTOMÓVEL=1,LIMEIRA,CAMPINAS,RIO CLARO,ESTADUAL
707,2023-02-19,09:02:07,L01-AUTOBAN,SP330,110.5,NORTE,-22.82018993,-47.19710737,CHOQUE,CHOQUE-BARREIRA DE CONCRETO,NÃO INFORMADO,UTILITÁRIO=1,SUMARÉ,CAMPINAS,CAMPINAS,ESTADUAL
708,2023-02-19,09:24:11,L01-AUTOBAN,SP330,110.2,SUL,-22.82298372,-47.1925205,TOMBAMENTO,TOMBAMENTO-MOTO,NÃO INFORMADO,MOTO=1,SUMARÉ,CAMPINAS,CAMPINAS,ESTADUAL
709,2023-02-19,09:31:46,L01-AUTOBAN,SPM330E,14.9,SUL,-23.50064352,-46.7542296,CHOQUE,CHOQUE-BARREIRA DE CONCRETO,NÃO INFORMADO,AUTOMÓVEL=1,SÃO PAULO,REG. METROPOLITANA SÃO PAULO,SÃO PAULO,ESTADUAL
711,2023-02-19,14:03:23,L01-AUTOBAN,SP330,58.0,SUL,-23.19706558,-46.90382659,CHOQUE,CHOQUE-MEIO FIO/CALÇAMENTO,NÃO INFORMADO,AUTOMÓVEL=1,JUNDIAÍ,CAMPINAS,CAMPINAS,ESTADUAL
712,2023-02-19,16:17:10,L01-AUTOBAN,SP330,50.0,SUL,-23.25685708,-46.8674773,COLISÃO,COLISÃO-LATERAL,NÃO INFORMADO,AUTOMÓVEL=2,JUNDIAÍ,CAMPINAS,CAMPINAS,ESTADUAL
713,2023-02-19,16:17:54,L01-AUTOBAN,SP330,92.0,SUL,-22.9351263,-47.07110524,COLISÃO,COLISÃO-TRASEIRA,NÃO INFORMADO,MOTO=1|NÃO INFORMADO=1,CAMPINAS,CAMPINAS,CAMPINAS,ESTADUAL
715,2023-02-19,20:53:49,L01-AUTOBAN,SP330,147.5,NORTE,-22.5487445,-47.373562,ATROPELAMENTO DE ANIMAL,ATROP. ANIMAL,NÃO INFORMADO,AUTOMÓVEL=1,LIMEIRA,CAMPINAS,RIO CLARO,ESTADUAL
717,2023-02-19,23:40:26,L01-AUTOBAN,SP330,98.68,SUL,-22.89061969,-47.11267755,CHOQUE,CHOQUE-SINALIZAÇÃO,NÃO INFORMADO,AUTOMÓVEL=1,CAMPINAS,CAMPINAS,CAMPINAS,ESTADUAL
718,2023-02-20,00:19:47,L01-AUTOBAN,SP330,19.96,NORTE,-23.4691353,-46.77862322,TOMBAMENTO,TOMBAMENTO-MOTO,NÃO INFORMADO,MOTO=1,OSASCO,REG. METROPOLITANA SÃO PAULO,SÃO PAULO,ESTADUAL
720,2023-02-20,08:56:52,L01-AUTOBAN,SP330,106.1,SUL,-22.8460879,-47.16494178,CHOQUE,CHOQUE-VEÍCULO PARADO NA PISTA,NÃO INFORMADO,BITREM/CVC=1|MOTO=1,SUMARÉ,CAMPINAS,CAMPINAS,ESTADUAL
722,2023-02-20,15:33:34,L01-AUTOBAN,SP330,23.7,SUL,-23.43765577,-46.78661084,COLISÃO,COLISÃO-TRASEIRA,NÃO INFORMADO,AUTOMÓVEL=1|CARRETA=1,SÃO PAULO,REG. METROPOLITANA SÃO PAULO,SÃO PAULO,ESTADUAL
723,2023-02-20,19:52:16,L01-AUTOBAN,SP330,11.5,NORTE,-23.510224803517,-46.729037632504,CHOQUE,CHOQUE-BARREIRA DE CONCRETO,NÃO INFORMADO,AUTOMÓVEL=1,SÃO PAULO,REG. METROPOLITANA SÃO PAULO,SÃO PAULO,ESTADUAL
725,2023-02-20,20:40:15,L01-AUTOBAN,SPM330D,18.2,NORTE,-23.48067581,-46.77128041,CHOQUE,CHOQUE-BARREIRA DE CONCRETO,NÃO INFORMADO,AUTOMÓVEL=1,OSASCO,REG. METROPOLITANA SÃO PAULO,SÃO PAULO,ESTADUAL
727,2023-02-20,22:21:47,L01-AUTOBAN,SP330,26.1,SUL,-23.42043229,-46.79525346,TOMBAMENTO,TOMBAMENTO-MOTO,NÃO INFORMADO,MOTO=1,SÃO PAULO,REG. METROPOLITANA SÃO PAULO,SÃO PAULO,ESTADUAL
730,2023-02-21,04:51:34,L01-AUTOBAN,SP330,22.4,NORTE,-23.44955571,-46.78664732,COLISÃO,COLISÃO-TRASEIRA,NÃO INFORMADO,AUTOMÓVEL=1|ÔNIBUS=1,SÃO PAULO,REG. METROPOLITANA SÃO PAULO,SÃO PAULO,ESTADUAL
733,2023-02-21,13:44:51,L01-AUTOBAN,SPM330D,122.66,NORTE,-22.74009918,-47.27376389,TOMBAMENTO,TOMBAMENTO-MOTO,NÃO INFORMADO,MOTO=1,AMERICANA,CAMPINAS,RIO CLARO,ESTADUAL
735,2023-02-21,15:49:29,L01-AUTOBAN,SP330,21.8,SUL,-23.45462663,-46.78560662,ENGAVETAMENTO,ENGAVETAMENTO,NÃO INFORMADO,AUTOMÓVEL=1|NÃO INFORMADO=2,SÃO PAULO,REG. METROPOLITANA SÃO PAULO,SÃO PAULO,ESTADUAL
736,2023-02-21,17:21:49,L01-AUTOBAN,SP330,101.0,NORTE,-22.87381266,-47.12474406,CHOQUE,CHOQUE-BARREIRA DE CONCRETO,NÃO INFORMADO,AUTOMÓVEL=1,CAMPINAS,CAMPINAS,CAMPINAS,ESTADUAL
738,2023-02-21,19:16:15,L01-AUTOBAN,SP330,92.0,NORTE,-22.93511642,-47.07138956,COLISÃO,COLISÃO-LATERAL,NÃO INFORMADO,BICICLETA=1|MOTO=1,CAMPINAS,CAMPINAS,CAMPINAS,ESTADUAL
741,2023-02-21,20:38:58,L01-AUTOBAN,SPM330E,97.5,SUL,-22.90031211,-47.10939914,CHOQUE,CHOQUE-DEFENSA METÁLICA,NÃO INFORMADO,AUTOMÓVEL=1,CAMPINAS,CAMPINAS,CAMPINAS,ESTADUAL
743,2023-02-21,20:56:38,L01-AUTOBAN,SP330,20.6,NORTE,-23.46400506,-46.78039241,CHOQUE,CHOQUE-VEÍCULO PARADO NA PISTA,NÃO INFORMADO,AUTOMÓVEL=3,SÃO PAULO,REG. METROPOLITANA SÃO PAULO,SÃO PAULO,ESTADUAL
744,2023-02-21,21:59:54,L01-AUTOBAN,SP330,34.5,NORTE,-23.372454,-46.842561,CHOQUE,CHOQUE-TALUDE OU BARRANCO,NÃO INFORMADO,AUTOMÓVEL=1,CAJAMAR,REG. METROPOLITANA SÃO PAULO,SÃO PAULO,ESTADUAL
746,2023-02-21,22:29:10,L01-AUTOBAN,SP330,20.3,NORTE,-23.46647482,-46.7796328,CHOQUE,CHOQUE-VEÍCULO PARADO NA PISTA,NÃO INFORMADO,AUTOMÓVEL=2,OSASCO,REG. METROPOLITANA SÃO PAULO,SÃO PAULO,ESTADUAL
747,2023-02-21,22:34:33,L01-AUTOBAN,SPM330D,112.0,NORTE,-22.81371247,-47.20897079,TOMBAMENTO,TOMBAMENTO-MOTO,NÃO INFORMADO,MOTO=1,SUMARÉ,CAMPINAS,CAMPINAS,ESTADUAL
751,2023-02-22,17:36:36,L01-AUTOBAN,SP330,107.0,NORTE,-22.83945246,-47.17082977,COLISÃO,COLISÃO-TRASEIRA,NÃO INFORMADO,AUTOMÓVEL=1|UTILITÁRIO=1,SUMARÉ,CAMPINAS,CAMPINAS,ESTADUAL
752,2023-02-22,18:35:00,L01-AUTOBAN,SP330,107.6,NORTE,-22.83945246,-47.17082977,COLISÃO,COLISÃO-LATERAL,NÃO INFORMADO,AUTOMÓVEL=1|CARRETA=1,SUMARÉ,CAMPINAS,CAMPINAS,ESTADUAL
753,2023-02-22,19:43:15,L01-AUTOBAN,SP330,142.0,SUL,-22.59726805,-47.36531718,ATROPELAMENTO DE ANIMAL,ATROP. ANIMAL,NÃO INFORMADO,AUTOMÓVEL=1,LIMEIRA,CAMPINAS,RIO CLARO,ESTADUAL
756,2023-02-23,07:18:20,L01-AUTOBAN,SP330,24.5,SUL,-23.43070264,-46.78701647,COLISÃO,COLISÃO-LATERAL,NÃO INFORMADO,MOTO=2,SÃO PAULO,REG. METROPOLITANA SÃO PAULO,SÃO PAULO,ESTADUAL
758,2023-02-23,08:06:26,L01-AUTOBAN,SP330,61.5,SUL,-23.17205945,-46.92265838,COLISÃO,COLISÃO-TRASEIRA,NÃO INFORMADO,AUTOMÓVEL=1|CAMINHÃO=1,JUNDIAÍ,CAMPINAS,CAMPINAS,ESTADUAL
762,2023-02-23,10:32:37,L01-AUTOBAN,SP330,55.0,SUL,-23.21622998,-46.88403189,ENGAVETAMENTO,ENGAVETAMENTO,NÃO INFORMADO,AUTOMÓVEL=1|UTILITÁRIO=2,JUNDIAÍ,CAMPINAS,CAMPINAS,ESTADUAL
763,2023-02-23,10:41:55,L01-AUTOBAN,SPM330E,14.0,SUL,-23.50718726,-46.75003409,TOMBAMENTO,TOMBAMENTO-MOTO,NÃO INFORMADO,MOTO=1,SÃO PAULO,REG. METROPOLITANA SÃO PAULO,SÃO PAULO,ESTADUAL
765,2023-02-23,12:10:02,L01-AUTOBAN,SP330,155.3,SUL,-22.48483927,-47.39961663,COLISÃO,COLISÃO-LATERAL,NÃO INFORMADO,CAMINHÃO=1|CARRETA=1,CORDEIRÓPOLIS,CAMPINAS,RIO CLARO,ESTADUAL
767,2023-02-23,16:24:13,L01-AUTOBAN,SP330,92.2,NORTE,-22.93403646,-47.07290444,CHOQUE,CHOQUE-BARREIRA DE CONCRETO,NÃO INFORMADO,AUTOMÓVEL=1|NÃO INFORMADO=1,CAMPINAS,CAMPINAS,CAMPINAS,ESTADUAL
769,2023-02-24,00:30:20,L01-AUTOBAN,SP330,12.2,SUL,-23.50921789,-46.73233366,ATROPELAMENTO DE PEDESTRE,ATROP. PEDESTRE-ANDARILHO,NÃO INFORMADO,AUTOMÓVEL=1|NÃO SE APLICA=1,SÃO PAULO,REG. METROPOLITANA SÃO PAULO,SÃO PAULO,ESTADUAL
771,2023-02-24,03:57:08,L01-AUTOBAN,SP330,152.3,NORTE,-22.5112243,-47.39644433,TOMBAMENTO,TOMBAMENTO-MOTO,NÃO INFORMADO,MOTO=1,LIMEIRA,CAMPINAS,RIO CLARO,ESTADUAL
777,2023-02-24,08:13:26,L01-AUTOBAN,SPM330E,108.0,SUL,-22.83292646,-47.17737973,COLISÃO,COLISÃO-LATERAL,NÃO INFORMADO,AUTOMÓVEL=2,SUMARÉ,CAMPINAS,CAMPINAS,ESTADUAL
778,2023-02-24,11:52:06,L01-AUTOBAN,SP330,58.0,NORTE,-23.19690287,-46.90370858,ATROPELAMENTO DE ANIMAL,ATROP. ANIMAL,NÃO INFORMADO,AUTOMÓVEL=1,JUNDIAÍ,CAMPINAS,CAMPINAS,ESTADUAL
779,2023-02-24,12:25:27,L01-AUTOBAN,SP330,26.9,NORTE,-23.41647064,-46.80207646,COLISÃO,COLISÃO-TRASEIRA,NÃO INFORMADO,AUTOMÓVEL=1|MOTO=1,SÃO PAULO,REG. METROPOLITANA SÃO PAULO,SÃO PAULO,ESTADUAL
781,2023-02-24,14:47:21,L01-AUTOBAN,SPM330D,15.1,NORTE,-23.49984672,-46.75452839,TOMBAMENTO,TOMBAMENTO,NÃO INFORMADO,CAMINHÃO=1,SÃO PAULO,REG. METROPOLITANA SÃO PAULO,SÃO PAULO,ESTADUAL
782,2023-02-24,15:07:38,L01-AUTOBAN,SPI102/330,6.6,SUL,-22.915663,-47.135311,CHOQUE,CHOQUE-DEFENSA METÁLICA,NÃO INFORMADO,CARRETA=1,CAMPINAS,CAMPINAS,CAMPINAS,ESTADUAL
784,2023-02-24,18:56:14,L01-AUTOBAN,SP330,22.9,NORTE,-23.44522487,-46.78684312,ENGAVETAMENTO,ENGAVETAMENTO,NÃO INFORMADO,AUTOMÓVEL=2|NÃO INFORMADO=1,SÃO PAULO,REG. METROPOLITANA SÃO PAULO,SÃO PAULO,ESTADUAL
785,2023-02-24,21:06:54,L01-AUTOBAN,SP330,145.0,SUL,-22.56929217,-47.36626625,ATROPELAMENTO DE ANIMAL,ATROP. ANIMAL,NÃO INFORMADO,AUTOMÓVEL=1,LIMEIRA,CAMPINAS,RIO CLARO,ESTADUAL
787,2023-02-24,22:18:32,L01-AUTOBAN,SPM330E,15.7,SUL,-23.49596305,-46.7575947,CHOQUE,CHOQUE-DEFENSA METÁLICA,NÃO INFORMADO,AUTOMÓVEL=1,SÃO PAULO,REG. METROPOLITANA SÃO PAULO,SÃO PAULO,ESTADUAL
788,2023-02-25,03:00:48,L01-AUTOBAN,SP330,145.9,SUL,-22.56175758,-47.36647868,ATROPELAMENTO DE ANIMAL,ATROP. ANIMAL,NÃO INFORMADO,ÔNIBUS=1,LIMEIRA,CAMPINAS,RIO CLARO,ESTADUAL
791,2023-02-25,09:24:15,L01-AUTOBAN,SP330,105.9,NORTE,-22.84702755,-47.16332326,ENGAVETAMENTO,ENGAVETAMENTO,NÃO INFORMADO,AUTOMÓVEL=1|CAMINHÃO=1|CARRETA=1|ÔNIBUS=1,SUMARÉ,CAMPINAS,CAMPINAS,ESTADUAL
794,2023-02-25,14:10:45,L01-AUTOBAN,SP330,62.0,SUL,-23.16881442,-46.92661464,CHOQUE,CHOQUE-BARREIRA DE CONCRETO,NÃO INFORMADO,AUTOMÓVEL=1,JUNDIAÍ,CAMPINAS,CAMPINAS,ESTADUAL
796,2023-02-25,17:02:06,L01-AUTOBAN,SP330,12.35,NORTE,-23.50873164,-46.73409183,COLISÃO,COLISÃO-TRASEIRA,NÃO INFORMADO,AUTOMÓVEL=1|NÃO INFORMADO=1,SÃO PAULO,REG. METROPOLITANA SÃO PAULO,SÃO PAULO,ESTADUAL
797,2023-02-25,20:29:05,L01-AUTOBAN,SP330,54.0,SUL,-23.22326987,-46.87758923,COLISÃO,COLISÃO-TRASEIRA,NÃO INFORMADO,AUTOMÓVEL=2,JUNDIAÍ,CAMPINAS,CAMPINAS,ESTADUAL
798,2023-02-25,21:07:16,L01-AUTOBAN,SP330,20.15,NORTE,-23.4677097,-46.77925301,COLISÃO,COLISÃO-TRASEIRA,NÃO INFORMADO,AUTOMÓVEL=2,OSASCO,REG. METROPOLITANA SÃO PAULO,SÃO PAULO,ESTADUAL
799,2023-02-26,00:13:36,L01-AUTOBAN,SP330,61.0,NORTE,-23.17529462,-46.91833198,CHOQUE,CHOQUE-BARREIRA DE CONCRETO,NÃO INFORMADO,AUTOMÓVEL=1,JUNDIAÍ,CAMPINAS,CAMPINAS,ESTADUAL
800,2023-02-26,03:47:51,L01-AUTOBAN,SP330,97.2,NORTE,-22.90243704,-47.10838794,CHOQUE,CHOQUE-SINALIZAÇÃO,NÃO INFORMADO,AUTOMÓVEL=1,CAMPINAS,CAMPINAS,CAMPINAS,ESTADUAL
801,2023-02-26,05:22:41,L01-AUTOBAN,SPM330D,109.8,NORTE,-22.82699798,-47.18456442,COLISÃO,COLISÃO-TRASEIRA,NÃO INFORMADO,CAMINHÃO=1|MOTO=1,SUMARÉ,CAMPINAS,CAMPINAS,ESTADUAL
802,2023-02-26,07:01:56,L01-AUTOBAN,SP330,12.5,NORTE,-23.50911133,-46.7311162,COLISÃO,COLISÃO-TRASEIRA,NÃO INFORMADO,AUTOMÓVEL=1|BICICLETA=1,SÃO PAULO,REG. METROPOLITANA SÃO PAULO,SÃO PAULO,ESTADUAL
806,2023-02-26,20:41:33,L01-AUTOBAN,SP330,55.5,NORTE,-23.21355045,-46.88776553,COLISÃO,COLISÃO-TRASEIRA,NÃO INFORMADO,AUTOMÓVEL=2,JUNDIAÍ,CAMPINAS,CAMPINAS,ESTADUAL
807,2023-02-26,21:45:15,L01-AUTOBAN,SP330,62.0,NORTE,-23.16861715,-46.92652881,COLISÃO,COLISÃO-LATERAL,NÃO INFORMADO,CARRETA=1|MOTO=1,JUNDIAÍ,CAMPINAS,CAMPINAS,ESTADUAL
808,2023-02-26,23:16:33,L01-AUTOBAN,SP330,23.0,NORTE,-23.4443587,-46.78688228,COLISÃO,COLISÃO-TRASEIRA,NÃO INFORMADO,AUTOMÓVEL=2,SÃO PAULO,REG. METROPOLITANA SÃO PAULO,SÃO PAULO,ESTADUAL
810,2023-02-27,13:19:16,L01-AUTOBAN,SP330,54.64,NORTE,-23.21865845,-46.88153185,TOMBAMENTO,TOMBAMENTO-MOTO,NÃO INFORMADO,MOTO=1,JUNDIAÍ,CAMPINAS,CAMPINAS,ESTADUAL
811,2023-02-27,16:20:55,L01-AUTOBAN,SP330,32.5,SUL,-23.388783,-46.837081,TOMBAMENTO,TOMBAMENTO-MOTO,NÃO INFORMADO,MOTO=1,CAJAMAR,REG. METROPOLITANA SÃO PAULO,SÃO PAULO,ESTADUAL
814,2023-02-27,17:11:41,L01-AUTOBAN,SP330,85.5,SUL,-22.9863578,-47.04136759,CHOQUE,CHOQUE-VEÍCULO PARADO NA PISTA,NÃO INFORMADO,AUTOMÓVEL=1|UTILITÁRIO=1,VALINHOS,CAMPINAS,CAMPINAS,ESTADUAL
816,2023-02-27,18:08:48,L01-AUTOBAN,SP330,83.0,NORTE,-23.00545356,-47.0278734,TOMBAMENTO,TOMBAMENTO,NÃO INFORMADO,MOTO=1,VALINHOS,CAMPINAS,CAMPINAS,ESTADUAL
818,2023-02-27,22:30:38,L01-AUTOBAN,SPM330E,55.0,SUL,-23.21622998,-46.88403189,COLISÃO,COLISÃO-TRASEIRA,NÃO INFORMADO,AUTOMÓVEL=1|NÃO INFORMADO=1,JUNDIAÍ,CAMPINAS,CAMPINAS,ESTADUAL
821,2023-02-28,05:30:08,L01-AUTOBAN,SP330,39.1,SUL,-23.33635806,-46.83685612,COLISÃO,COLISÃO-TRASEIRA,NÃO INFORMADO,CAMINHÃO=2,CAJAMAR,REG. METROPOLITANA SÃO PAULO,SÃO PAULO,ESTADUAL
822,2023-02-28,05:35:20,L01-AUTOBAN,SP330,89.6,SUL,-22.95421143,-47.06036674,ATROPELAMENTO DE ANIMAL,ATROP. ANIMAL,NÃO INFORMADO,AUTOMÓVEL=1,CAMPINAS,CAMPINAS,CAMPINAS,ESTADUAL
829,2023-02-28,15:35:12,L01-AUTOBAN,SP330,79.0,SUL,-23.037406,-47.009422,COLISÃO,COLISÃO-TRANSVERSAL,NÃO INFORMADO,AUTOMÓVEL=1|UTILITÁRIO=1,VINHEDO,CAMPINAS,CAMPINAS,ESTADUAL
831,2023-02-28,16:25:01,L01-AUTOBAN,SP330,88.7,NORTE,-22.96104331,-47.05625706,CHOQUE,CHOQUE-DEFENSA METÁLICA,NÃO INFORMADO,AUTOMÓVEL=1,CAMPINAS,CAMPINAS,CAMPINAS,ESTADUAL
834,2023-02-28,19:20:15,L01-AUTOBAN,SP330,62.0,SUL,-23.16881442,-46.92661464,COLISÃO,COLISÃO-TRASEIRA,NÃO INFORMADO,MOTO=1|NÃO INFORMADO=2,JUNDIAÍ,CAMPINAS,CAMPINAS,ESTADUAL
835,2023-03-01,07:08:31,L01-AUTOBAN,SP330,82.5,SUL,-23.009495,-47.0256713,COLISÃO,COLISÃO-LATERAL,NÃO INFORMADO,AUTOMÓVEL=1|MOTO=1,VALINHOS,CAMPINAS,CAMPINAS,ESTADUAL
836,2023-03-01,07:40:02,L01-AUTOBAN,SP330,61.4,SUL,-23.17270845,-46.92186714,COLISÃO,COLISÃO-LATERAL,NÃO INFORMADO,AUTOMÓVEL=1|MOTO=1,JUNDIAÍ,CAMPINAS,CAMPINAS,ESTADUAL
837,2023-03-01,08:23:09,L01-AUTOBAN,SP330,14.0,SUL,-23.50718726,-46.75003409,COLISÃO,COLISÃO-LATERAL,NÃO INFORMADO,AUTOMÓVEL=1|CAMINHÃO=1,SÃO PAULO,REG. METROPOLITANA SÃO PAULO,SÃO PAULO,ESTADUAL
838,2023-03-01,08:24:24,L01-AUTOBAN,SP330,61.4,SUL,-23.17270845,-46.92186714,COLISÃO,COLISÃO-TRASEIRA,NÃO INFORMADO,AUTOMÓVEL=2,JUNDIAÍ,CAMPINAS,CAMPINAS,ESTADUAL
839,2023-03-01,10:03:52,L01-AUTOBAN,SP330,117.8,NORTE,-22.77006297,-47.23960699,COLISÃO,CHOQUE-PRAÇA AVI-(ENTRE VEÍCULOS),NÃO INFORMADO,UTILITÁRIO=2,NOVA ODESSA,CAMPINAS,RIO CLARO,ESTADUAL
842,2023-03-01,15:43:17,L01-AUTOBAN,SPM330D,96.46,NORTE,-22.90805878,-47.10434489,CHOQUE,CHOQUE-VEÍCULO PARADO NA PISTA,NÃO INFORMADO,MOTO=1|UTILITÁRIO=1,CAMPINAS,CAMPINAS,CAMPINAS,ESTADUAL
843,2023-03-02,04:40:27,L01-AUTOBAN,SP330,101.0,NORTE,-22.87381266,-47.12474406,CHOQUE,CHOQUE-VEÍCULO PARADO NA PISTA,NÃO INFORMADO,CAMINHÃO=1|NÃO INFORMADO=1,CAMPINAS,CAMPINAS,CAMPINAS,ESTADUAL
844,2023-03-02,06:29:48,L01-AUTOBAN,SP330,66.3,NORTE,-23.13718321,-46.94398463,COLISÃO,COLISÃO-TRASEIRA,NÃO INFORMADO,AUTOMÓVEL=4|MOTO=1,JUNDIAÍ,CAMPINAS,CAMPINAS,ESTADUAL
846,2023-03-02,07:54:47,L01-AUTOBAN,SPM330E,15.0,SUL,-23.49991644,-46.75469577,COLISÃO,COLISÃO-TRASEIRA,NÃO INFORMADO,AUTOMÓVEL=1|MOTO=1|NÃO INFORMADO=1,SÃO PAULO,REG. METROPOLITANA SÃO PAULO,SÃO PAULO,ESTADUAL
852,2023-03-02,22:50:38,L01-AUTOBAN,SP330,112.6,SUL,-22.80990591,-47.21357774,COLISÃO,COLISÃO-TRASEIRA,NÃO INFORMADO,CAMINHÃO=1|NÃO INFORMADO=1,SUMARÉ,CAMPINAS,CAMPINAS,ESTADUAL
853,2023-03-03,06:14:13,L01-AUTOBAN,SP330,15.2,SUL,-23.4987869,-46.75552404,COLISÃO,COLISÃO-TRASEIRA,NÃO INFORMADO,MOTO=1|UTILITÁRIO=1,SÃO PAULO,REG. METROPOLITANA SÃO PAULO,SÃO PAULO,ESTADUAL
854,2023-03-03,06:51:48,L01-AUTOBAN,SP330,54.0,SUL,-23.22326987,-46.87758923,COLISÃO,COLISÃO-LATERAL,NÃO INFORMADO,NÃO INFORMADO=1|ÔNIBUS=1,JUNDIAÍ,CAMPINAS,CAMPINAS,ESTADUAL
855,2023-03-03,07:08:13,L01-AUTOBAN,SP330,104.0,SUL,-22.85707606,-47.14874983,COLISÃO,COLISÃO-TRANSVERSAL,NÃO INFORMADO,AUTOMÓVEL=1|CARRETA=1,CAMPINAS,CAMPINAS,CAMPINAS,ESTADUAL
856,2023-03-03,07:46:44,L01-AUTOBAN,SP330,99.2,SUL,-22.88648384,-47.11436819,COLISÃO,COLISÃO-LATERAL,NÃO INFORMADO,AUTOMÓVEL=1|MOTO=1,CAMPINAS,CAMPINAS,CAMPINAS,ESTADUAL
857,2023-03-03,08:12:04,L01-AUTOBAN,SP330,107.0,SUL,-22.83986774,-47.17085123,COLISÃO,COLISÃO-TRASEIRA,NÃO INFORMADO,MOTO=1|NÃO INFORMADO=1,SUMARÉ,CAMPINAS,CAMPINAS,ESTADUAL
860,2023-03-03,16:04:39,L01-AUTOBAN,SP330,103.5,NORTE,-22.85950105,-47.14393854,ENGAVETAMENTO,ENGAVETAMENTO,NÃO INFORMADO,AUTOMÓVEL=2|CAMINHÃO=1,CAMPINAS,CAMPINAS,CAMPINAS,ESTADUAL
864,2023-03-03,21:17:42,L01-AUTOBAN,SP330,82.5,NORTE,-23.00926788,-47.02531993,CHOQUE,CHOQUE-SINALIZAÇÃO,NÃO INFORMADO,AUTOMÓVEL=1,VALINHOS,CAMPINAS,CAMPINAS,ESTADUAL
865,2023-03-04,04:23:00,L01-AUTOBAN,SP330,66.0,NORTE,-23.13718321,-46.94398463,COLISÃO,COLISÃO-FRONTAL,NÃO INFORMADO,AUTOMÓVEL=2,JUNDIAÍ,CAMPINAS,CAMPINAS,ESTADUAL
867,2023-03-04,07:36:52,L01-AUTOBAN,SP330,101.6,SUL,-22.87064879,-47.12940806,CHOQUE,CHOQUE-BARREIRA DE CONCRETO,NÃO INFORMADO,AUTOMÓVEL=1,CAMPINAS,CAMPINAS,CAMPINAS,ESTADUAL
868,2023-03-04,07:51:22,L01-AUTOBAN,SPI102/330,5.0,NORTE,-22.90690412,-47.13676572,CHOQUE,CHOQUE-TALUDE OU BARRANCO,NÃO INFORMADO,AUTOMÓVEL=1,CAMPINAS,CAMPINAS,CAMPINAS,ESTADUAL
871,2023-03-04,10:14:35,L01-AUTOBAN,SP330,98.0,NORTE,-22.89587453,-47.11074829,CHOQUE,CHOQUE-BARREIRA DE CONCRETO,NÃO INFORMADO,AUTOMÓVEL=1,CAMPINAS,CAMPINAS,CAMPINAS,ESTADUAL
875,2023-03-04,16:20:10,L01-AUTOBAN,SP330,98.0,SUL,-22.89624517,-47.11095214,CHOQUE,CHOQUE-BARREIRA DE CONCRETO,NÃO INFORMADO,AUTOMÓVEL=1,CAMPINAS,CAMPINAS,CAMPINAS,ESTADUAL
879,2023-03-04,19:37:49,L01-AUTOBAN,SP330,60.6,SUL,-23.17764988,-46.91585683,COLISÃO,COLISÃO-TRASEIRA,NÃO INFORMADO,AUTOMÓVEL=1|ÔNIBUS=1,JUNDIAÍ,CAMPINAS,CAMPINAS,ESTADUAL
880,2023-03-04,20:15:17,L01-AUTOBAN,SP330,58.5,SUL,-23.19303705,-46.90530986,TOMBAMENTO,TOMBAMENTO-MOTO,NÃO INFORMADO,MOTO=1,JUNDIAÍ,CAMPINAS,CAMPINAS,ESTADUAL
882,2023-03-04,21:24:11,L01-AUTOBAN,SP330,103.0,SUL,-22.862525,-47.139454,CHOQUE,CHOQUE-BARREIRA DE CONCRETO,NÃO INFORMADO,AUTOMÓVEL=1,CAMPINAS,CAMPINAS,CAMPINAS,ESTADUAL
883,2023-03-04,21:44:47,L01-AUTOBAN,SP330,27.2,SUL,-23.41515481,-46.80479623,CHOQUE,CHOQUE-VEÍCULO PARADO NA PISTA,NÃO INFORMADO,AUTOMÓVEL=1|UTILITÁRIO=1,SÃO PAULO,REG. METROPOLITANA SÃO PAULO,SÃO PAULO,ESTADUAL
884,2023-03-04,22:29:00,L01-AUTOBAN,SP330,70.55,NORTE,-23.10128501,-46.96560539,CHOQUE,CHOQUE-DEFENSA METÁLICA,NÃO INFORMADO,AUTOMÓVEL=1|ÔNIBUS=1,LOUVEIRA,CAMPINAS,CAMPINAS,ESTADUAL
887,2023-03-04,23:40:12,L01-AUTOBAN,SPM330E,57.0,SUL,-23.20600964,-46.89924002,CHOQUE,CHOQUE-POSTE,NÃO INFORMADO,AUTOMÓVEL=1,JUNDIAÍ,CAMPINAS,CAMPINAS,ESTADUAL
888,2023-03-05,00:09:09,L01-AUTOBAN,SP330,20.26,NORTE,-23.46680412,-46.77953153,COLISÃO,COLISÃO-TRASEIRA,NÃO INFORMADO,AUTOMÓVEL=2,OSASCO,REG. METROPOLITANA SÃO PAULO,SÃO PAULO,ESTADUAL
889,2023-03-05,05:21:38,L01-AUTOBAN,SP330,97.9,SUL,-22.89705854,-47.11064154,CHOQUE,CHOQUE-BARREIRA DE CONCRETO,NÃO INFORMADO,AUTOMÓVEL=1,CAMPINAS,CAMPINAS,CAMPINAS,ESTADUAL
890,2023-03-05,08:25:01,L01-AUTOBAN,SP330,13.0,SUL,-23.50815142,-46.74004555,TOMBAMENTO,TOMBAMENTO-MOTO,NÃO INFORMADO,MOTO=1,SÃO PAULO,REG. METROPOLITANA SÃO PAULO,SÃO PAULO,ESTADUAL
891,2023-03-05,11:04:16,L01-AUTOBAN,SP330,32.5,SUL,-23.388783,-46.837081,TOMBAMENTO,TOMBAMENTO-MOTO,NÃO INFORMADO,MOTO=1|NÃO INFORMADO=1,CAJAMAR,REG. METROPOLITANA SÃO PAULO,SÃO PAULO,ESTADUAL
897,2023-03-05,20:32:53,L01-AUTOBAN,SP330,22.0,SUL,-23.45303514,-46.78664625,COLISÃO,COLISÃO-TRASEIRA,NÃO INFORMADO,AUTOMÓVEL=1|UTILITÁRIO=1,SÃO PAULO,REG. METROPOLITANA SÃO PAULO,SÃO PAULO,ESTADUAL
899,2023-03-05,22:05:37,L01-AUTOBAN,SPI102/330,3.9,SUL,-22.89791989,-47.13670832,CHOQUE,CHOQUE-DEFENSA METÁLICA,NÃO INFORMADO,AUTOMÓVEL=1,CAMPINAS,CAMPINAS,CAMPINAS,ESTADUAL
900,2023-03-05,23:57:21,L01-AUTOBAN,SP330,26.0,NORTE,-23.42050663,-46.79456413,COLISÃO,COLISÃO-TRASEIRA,NÃO INFORMADO,UTILITÁRIO=1|ÔNIBUS=1,SÃO PAULO,REG. METROPOLITANA SÃO PAULO,SÃO PAULO,ESTADUAL
902,2023-03-06,01:09:52,L01-AUTOBAN,SP330,106.78,NORTE,-22.84100447,-47.16933931,COLISÃO,COLISÃO-LATERAL,NÃO INFORMADO,AUTOMÓVEL=1|CAMINHÃO=1,SUMARÉ,CAMPINAS,CAMPINAS,ESTADUAL
903,2023-03-06,01:23:26,L01-AUTOBAN,SP330,98.0,NORTE,-22.89587453,-47.11074829,CHOQUE,CHOQUE-SINALIZAÇÃO,NÃO INFORMADO,AUTOMÓVEL=1,CAMPINAS,CAMPINAS,CAMPINAS,ESTADUAL
908,2023-03-06,06:55:55,L01-AUTOBAN,SPM330E,104.7,SUL,-22.85358464,-47.15437493,COLISÃO,COLISÃO-TRASEIRA,NÃO INFORMADO,AUTOMÓVEL=1|MOTO=1,CAMPINAS,CAMPINAS,CAMPINAS,ESTADUAL
909,2023-03-06,07:38:32,L01-AUTOBAN,SPM330E,104.7,SUL,-22.85358464,-47.15437493,COLISÃO,COLISÃO-TRASEIRA,NÃO INFORMADO,AUTOMÓVEL=1|NÃO INFORMADO=1,CAMPINAS,CAMPINAS,CAMPINAS,ESTADUAL
912,2023-03-06,09:25:30,L01-AUTOBAN,SP330,19.7,SUL,-23.47034742,-46.77713353,TOMBAMENTO,TOMBAMENTO-MOTO,NÃO INFORMADO,MOTO=1,OSASCO,REG. METROPOLITANA SÃO PAULO,SÃO PAULO,ESTADUAL
914,2023-03-06,11:38:35,L01-AUTOBAN,SP330,69.0,SUL,-23.11375957,-46.95769608,COLISÃO,COLISÃO-TRASEIRA,NÃO INFORMADO,AUTOMÓVEL=1|MOTO=1,JUNDIAÍ,CAMPINAS,CAMPINAS,ESTADUAL
915,2023-03-06,11:39:45,L01-AUTOBAN,SP330,21.5,SUL,-23.46059469,-46.78170803,COLISÃO,COLISÃO-TRASEIRA,NÃO INFORMADO,CAMINHÃO=1|MOTO=1,SÃO PAULO,REG. METROPOLITANA SÃO PAULO,SÃO PAULO,ESTADUAL
918,2023-03-06,16:46:30,L01-AUTOBAN,SP330,60.0,NORTE,-23.18100029,-46.91146016,COLISÃO,COLISÃO-LATERAL,NÃO INFORMADO,CAMINHÃO=2,JUNDIAÍ,CAMPINAS,CAMPINAS,ESTADUAL
922,2023-03-06,17:44:30,L01-AUTOBAN,SPM330E,113.0,SUL,-22.80727918,-47.21642733,ENGAVETAMENTO,ENGAVETAMENTO,NÃO INFORMADO,AUTOMÓVEL=3|UTILITÁRIO=1,SUMARÉ,CAMPINAS,CAMPINAS,ESTADUAL
923,2023-03-06,17:54:47,L01-AUTOBAN,SP330,56.0,NORTE,-23.21090051,-46.89175129,COLISÃO,COLISÃO-TRASEIRA,NÃO INFORMADO,AUTOMÓVEL=2,JUNDIAÍ,CAMPINAS,CAMPINAS,ESTADUAL
924,2023-03-06,17:56:22,L01-AUTOBAN,SP330,24.0,NORTE,-23.43453981,-46.78628683,TOMBAMENTO,TOMBAMENTO-MOTO,NÃO INFORMADO,MOTO=1,SÃO PAULO,REG. METROPOLITANA SÃO PAULO,SÃO PAULO,ESTADUAL
927,2023-03-06,22:36:24,L01-AUTOBAN,SP330,97.8,NORTE,-22.89751513,-47.11015821,CHOQUE,CHOQUE-ELEMENTO DE DRENAGEM,NÃO INFORMADO,MOTO=1,CAMPINAS,CAMPINAS,CAMPINAS,ESTADUAL
928,2023-03-06,23:15:02,L01-AUTOBAN,SP330,119.6,SUL,-22.76903417,-47.24156499,ATROPELAMENTO DE ANIMAL,ATROP. ANIMAL,NÃO INFORMADO,MOTO=1,NOVA ODESSA,CAMPINAS,RIO CLARO,ESTADUAL
929,2023-03-07,01:54:00,L01-AUTOBAN,SP330,108.4,SUL,-22.83075827,-47.18013145,TOMBAMENTO,TOMBAMENTO-MOTO,NÃO INFORMADO,AUTOMÓVEL=1|MOTO=1,SUMARÉ,CAMPINAS,CAMPINAS,ESTADUAL
930,2023-03-07,07:14:59,L01-AUTOBAN,SP330,106.0,SUL,-22.84677902,-47.16428518,COLISÃO,COLISÃO-TRASEIRA,NÃO INFORMADO,AUTOMÓVEL=1|MOTO=1,SUMARÉ,CAMPINAS,CAMPINAS,ESTADUAL
933,2023-03-07,10:48:02,L01-AUTOBAN,SP330,98.0,NORTE,-22.89587453,-47.11074829,COLISÃO,COLISÃO-LATERAL,NÃO INFORMADO,AUTOMÓVEL=1|MOTO=1,CAMPINAS,CAMPINAS,CAMPINAS,ESTADUAL
934,2023-03-07,11:52:29,L01-AUTOBAN,SP330,25.2,NORTE,-23.42500292,-46.78894643,TOMBAMENTO,TOMBAMENTO-MOTO,NÃO INFORMADO,MOTO=1,SÃO PAULO,REG. METROPOLITANA SÃO PAULO,SÃO PAULO,ESTADUAL
935,2023-03-07,13:28:27,L01-AUTOBAN,SP330,157.0,SUL,-22.46957013,-47.39929497,COLISÃO,COLISÃO-TRANSVERSAL,NÃO INFORMADO,AUTOMÓVEL=1|NÃO INFORMADO=1,CORDEIRÓPOLIS,CAMPINAS,RIO CLARO,ESTADUAL
936,2023-03-07,14:13:31,L01-AUTOBAN,SPM330D,98.6,NORTE,-22.89098797,-47.1122514,COLISÃO,COLISÃO-LATERAL,NÃO INFORMADO,AUTOMÓVEL=1|CARRETA=1,CAMPINAS,CAMPINAS,CAMPINAS,ESTADUAL
937,2023-03-07,16:51:00,L01-AUTOBAN,SP330,101.0,SUL,-22.87408945,-47.12487817,COLISÃO,COLISÃO-TRASEIRA,NÃO INFORMADO,AUTOMÓVEL=2,CAMPINAS,CAMPINAS,CAMPINAS,ESTADUAL
938,2023-03-07,18:16:43,L01-AUTOBAN,SP330,115.0,SUL,-22.79245328,-47.22631395,ENGAVETAMENTO,ENGAVETAMENTO,NÃO INFORMADO,AUTOMÓVEL=1|NÃO INFORMADO=2,SUMARÉ,CAMPINAS,CAMPINAS,ESTADUAL
939,2023-03-07,19:13:29,L01-AUTOBAN,SP330,15.0,NORTE,-23.49985249,-46.75452411,TOMBAMENTO,TOMBAMENTO-MOTO,NÃO INFORMADO,MOTO=1,SÃO PAULO,REG. METROPOLITANA SÃO PAULO,SÃO PAULO,ESTADUAL
940,2023-03-08,07:14:44,L01-AUTOBAN,SP330,139.0,NORTE,-22.61753169,-47.3488909,ATROPELAMENTO DE ANIMAL,ATROP. ANIMAL,NÃO INFORMADO,CAMINHÃO=1,LIMEIRA,CAMPINAS,RIO CLARO,ESTADUAL
942,2023-03-08,08:26:43,L01-AUTOBAN,SPM330E,98.7,SUL,-22.89045426,-47.11272829,COLISÃO,COLISÃO-TRASEIRA,NÃO INFORMADO,AUTOMÓVEL=1|MOTO=1,CAMPINAS,CAMPINAS,CAMPINAS,ESTADUAL
945,2023-03-08,12:44:02,L01-AUTOBAN,SP330,113.4,SUL,-22.80469584,-47.21866322,TOMBAMENTO,TOMBAMENTO-MOTO,NÃO INFORMADO,MOTO=1,SUMARÉ,CAMPINAS,CAMPINAS,ESTADUAL
947,2023-03-08,15:30:31,L01-AUTOBAN,SP330,12.3,NORTE,-23.50879492,-46.73359589,COLISÃO,COLISÃO-LATERAL,NÃO INFORMADO,AUTOMÓVEL=1|CAMINHÃO=1,SÃO PAULO,REG. METROPOLITANA SÃO PAULO,SÃO PAULO,ESTADUAL
950,2023-03-08,18:25:48,L01-AUTOBAN,SP330,87.1,SUL,-22.97416715,-47.04897165,COLISÃO,COLISÃO-TRASEIRA,NÃO INFORMADO,CAMINHÃO=1|MOTO=1,CAMPINAS,CAMPINAS,CAMPINAS,ESTADUAL
953,2023-03-08,21:58:05,L01-AUTOBAN,SPM330D,111.2,NORTE,-22.81690873,-47.20318148,CHOQUE,CHOQUE-VEÍCULO PARADO NA PISTA,NÃO INFORMADO,AUTOMÓVEL=1|UTILITÁRIO=1,SUMARÉ,CAMPINAS,CAMPINAS,ESTADUAL
956,2023-03-09,05:51:03,L01-AUTOBAN,SP330,58.0,SUL,-23.19706558,-46.90382659,TOMBAMENTO,TOMBAMENTO-MOTO,NÃO INFORMADO,MOTO=1,JUNDIAÍ,CAMPINAS,CAMPINAS,ESTADUAL
957,2023-03-09,06:19:06,L01-AUTOBAN,SP330,35.0,NORTE,-23.369218,-46.84502,COLISÃO,COLISÃO-TRASEIRA,NÃO INFORMADO,AUTOMÓVEL=1|NÃO INFORMADO=1,CAJAMAR,REG. METROPOLITANA SÃO PAULO,SÃO PAULO,ESTADUAL
960,2023-03-09,13:20:42,L01-AUTOBAN,SP330,29.5,SUL,-23.40920542,-46.82115366,QUEDA,"QUEDA-VEÍCULO EM RIBANCEIRA,PONTE OU VIADUTO",NÃO INFORMADO,AUTOMÓVEL=1,SÃO PAULO,REG. METROPOLITANA SÃO PAULO,SÃO PAULO,ESTADUAL
961,2023-03-09,14:28:26,L01-AUTOBAN,SP330,153.0,NORTE,-22.50549005,-47.39893019,COLISÃO,COLISÃO-TRASEIRA,NÃO INFORMADO,AUTOMÓVEL=1|MOTO=1,CORDEIRÓPOLIS,CAMPINAS,RIO CLARO,ESTADUAL
963,2023-03-09,19:21:57,L01-AUTOBAN,SP330,110.0,SUL,-22.82299347,-47.19250202,COLISÃO,COLISÃO-TRASEIRA,NÃO INFORMADO,AUTOMÓVEL=1|NÃO INFORMADO=1,SUMARÉ,CAMPINAS,CAMPINAS,ESTADUAL
964,2023-03-09,21:04:59,L01-AUTOBAN,SP330,19.9,SUL,-23.46938595,-46.77842206,COLISÃO,COLISÃO-TRASEIRA,NÃO INFORMADO,AUTOMÓVEL=1|CAMINHÃO=1,OSASCO,REG. METROPOLITANA SÃO PAULO,SÃO PAULO,ESTADUAL
965,2023-03-09,21:13:41,L01-AUTOBAN,SP330,147.3,NORTE,-22.55022108,-47.37253882,COLISÃO,COLISÃO-TRASEIRA,NÃO INFORMADO,AUTOMÓVEL=2|CARRETA=1,LIMEIRA,CAMPINAS,RIO CLARO,ESTADUAL
968,2023-03-10,06:35:31,L01-AUTOBAN,SP330,139.7,NORTE,-22.61273833,-47.35414795,COLISÃO,COLISÃO-LATERAL,NÃO INFORMADO,AUTOMÓVEL=1|BITREM/CVC=1|MOTO=1,LIMEIRA,CAMPINAS,RIO CLARO,ESTADUAL
969,2023-03-10,08:31:03,L01-AUTOBAN,SP330,128.5,SUL,-22.70058379,-47.3065576,CHOQUE,CHOQUE-VEÍCULO PARADO NA PISTA,NÃO INFORMADO,CAMINHÃO=1|VIATURA CONCESSIONÁRIA=1,AMERICANA,CAMPINAS,RIO CLARO,ESTADUAL
970,2023-03-10,09:20:18,L01-AUTOBAN,SP330,92.0,SUL,-22.9351263,-47.07110524,COLISÃO,COLISÃO-TRASEIRA,NÃO INFORMADO,AUTOMÓVEL=1|MOTO=1,CAMPINAS,CAMPINAS,CAMPINAS,ESTADUAL
971,2023-03-10,10:33:47,L01-AUTOBAN,SP330,46.0,SUL,-23.28830722,-46.86611474,ENGAVETAMENTO,ENGAVETAMENTO,NÃO INFORMADO,AUTOMÓVEL=1|CAMINHÃO=1|CARRETA=1|UTILITÁRIO=1,CAJAMAR,REG. METROPOLITANA SÃO PAULO,SÃO PAULO,ESTADUAL
972,2023-03-10,10:47:10,L01-AUTOBAN,SPM330E,111.0,SUL,-22.81811818,-47.20174491,CHOQUE,CHOQUE-TALUDE OU BARRANCO,NÃO INFORMADO,CARRETA=1,SUMARÉ,CAMPINAS,CAMPINAS,ESTADUAL
973,2023-03-10,12:31:47,L01-AUTOBAN,SP330,131.5,SUL,-22.67498341,-47.31230557,COLISÃO,COLISÃO-LATERAL,NÃO INFORMADO,CARRETA=1|UTILITÁRIO=1,LIMEIRA,CAMPINAS,RIO CLARO,ESTADUAL
974,2023-03-10,12:59:23,L01-AUTOBAN,SP330,86.0,NORTE,-22.982725,-47.043589,CHOQUE,CHOQUE-SINALIZAÇÃO,NÃO INFORMADO,CAMINHÃO=1,VALINHOS,CAMPINAS,CAMPINAS,ESTADUAL
977,2023-03-10,14:40:49,L01-AUTOBAN,SP330,12.0,NORTE,-23.50917461,-46.73062027,CHOQUE,CHOQUE-BARREIRA DE CONCRETO,NÃO INFORMADO,MOTO=1,SÃO PAULO,REG. METROPOLITANA SÃO PAULO,SÃO PAULO,ESTADUAL
980,2023-03-10,15:20:24,L01-AUTOBAN,SP330,50.0,NORTE,-23.25685215,-46.86727881,CHOQUE,CHOQUE-DEFENSA METÁLICA,NÃO INFORMADO,CARRETA=1,JUNDIAÍ,CAMPINAS,CAMPINAS,ESTADUAL
984,2023-03-10,17:07:47,L01-AUTOBAN,SP330,53.0,NORTE,-23.230639,-46.87295,COLISÃO,COLISÃO-TRASEIRA,NÃO INFORMADO,AUTOMÓVEL=1|UTILITÁRIO=1,JUNDIAÍ,CAMPINAS,CAMPINAS,ESTADUAL
989,2023-03-10,19:45:31,L01-AUTOBAN,SPM330D,49.5,NORTE,-23.26120882,-46.8673861,COLISÃO,COLISÃO-TRASEIRA,NÃO INFORMADO,CARRETA=1|UTILITÁRIO=1,JUNDIAÍ,CAMPINAS,CAMPINAS,ESTADUAL
990,2023-03-10,20:02:48,L01-AUTOBAN,SP330,48.6,SUL,-23.26891461,-46.86855018,COLISÃO,COLISÃO-TRASEIRA,NÃO INFORMADO,AUTOMÓVEL=2,JUNDIAÍ,CAMPINAS,CAMPINAS,ESTADUAL
994,2023-03-10,22:02:39,L01-AUTOBAN,SP330,92.0,NORTE,-22.93511642,-47.07138956,CHOQUE,CHOQUE-TALUDE OU BARRANCO,NÃO INFORMADO,AUTOMÓVEL=1,CAMPINAS,CAMPINAS,CAMPINAS,ESTADUAL
995,2023-03-11,02:50:46,L01-AUTOBAN,SP330,141.6,SUL,-22.59987795,-47.36431882,ATROPELAMENTO DE ANIMAL,ATROP. ANIMAL,NÃO INFORMADO,AUTOMÓVEL=1,LIMEIRA,CAMPINAS,RIO CLARO,ESTADUAL
997,2023-03-11,06:33:13,L01-AUTOBAN,SPM330E,102.3,SUL,-22.86660598,-47.13453582,CHOQUE,CHOQUE-MEIO FIO/CALÇAMENTO,NÃO INFORMADO,AUTOMÓVEL=1,CAMPINAS,CAMPINAS,CAMPINAS,ESTADUAL
1000,2023-03-11,11:49:01,L01-AUTOBAN,SP330,71.5,NORTE,-23.09397105,-46.97040707,TOMBAMENTO,TOMBAMENTO-MOTO,NÃO INFORMADO,MOTO=1,LOUVEIRA,CAMPINAS,CAMPINAS,ESTADUAL
1001,2023-03-11,14:33:54,L01-AUTOBAN,SP330,92.0,SUL,-22.9351263,-47.07110524,COLISÃO,COLISÃO-LATERAL,NÃO INFORMADO,AUTOMÓVEL=1|MOTO=1,CAMPINAS,CAMPINAS,CAMPINAS,ESTADUAL
1002,2023-03-11,15:16:15,L01-AUTOBAN,SP330,149.8,SUL,-22.53165456,-47.38571443,TOMBAMENTO,TOMBAMENTO-MOTO,NÃO INFORMADO,MOTO=1,LIMEIRA,CAMPINAS,RIO CLARO,ESTADUAL
1005,2023-03-11,21:47:33,L01-AUTOBAN,SP330,53.0,SUL,-23.2309453,-46.87306702,COLISÃO,COLISÃO-LATERAL,NÃO INFORMADO,AUTOMÓVEL=2,JUNDIAÍ,CAMPINAS,CAMPINAS,ESTADUAL
1008,2023-03-11,22:47:47,L01-AUTOBAN,SPM330D,94.5,NORTE,-22.92434825,-47.08751448,CHOQUE,CHOQUE-DEFENSA METÁLICA,NÃO INFORMADO,AUTOMÓVEL=1,CAMPINAS,CAMPINAS,CAMPINAS,ESTADUAL
1009,2023-03-12,01:59:19,L01-AUTOBAN,SPM330D,99.9,NORTE,-22.8810716,-47.11714966,COLISÃO,COLISÃO-TRASEIRA,NÃO INFORMADO,AUTOMÓVEL=2,CAMPINAS,CAMPINAS,CAMPINAS,ESTADUAL
1010,2023-03-12,02:11:45,L01-AUTOBAN,SP330,100.0,SUL,-22.88052946,-47.11788297,TOMBAMENTO,TOMBAMENTO-MOTO,NÃO INFORMADO,MOTO=1,CAMPINAS,CAMPINAS,CAMPINAS,ESTADUAL
1011,2023-03-12,02:21:39,L01-AUTOBAN,SP330,33.2,NORTE,-23.38289072,-46.83869921,COLISÃO,COLISÃO-TRASEIRA,NÃO INFORMADO,AUTOMÓVEL=3,CAJAMAR,REG. METROPOLITANA SÃO PAULO,SÃO PAULO,ESTADUAL
1012,2023-03-12,02:38:15,L01-AUTOBAN,SP330,55.4,SUL,-23.21415932,-46.88714112,CHOQUE,CHOQUE-DEFENSA METÁLICA,NÃO INFORMADO,AUTOMÓVEL=1,JUNDIAÍ,CAMPINAS,CAMPINAS,ESTADUAL
1014,2023-03-12,06:40:39,L01-AUTOBAN,SP330,19.8,SUL,-23.46986669,-46.77777779,CHOQUE,CHOQUE-BARREIRA DE CONCRETO,NÃO INFORMADO,AUTOMÓVEL=1,OSASCO,REG. METROPOLITANA SÃO PAULO,SÃO PAULO,ESTADUAL
1015,2023-03-12,09:43:25,L01-AUTOBAN,SP330,36.0,SUL,-23.36049321,-46.84859991,COLISÃO,COLISÃO-LATERAL,NÃO INFORMADO,MOTO=2,CAJAMAR,REG. METROPOLITANA SÃO PAULO,SÃO PAULO,ESTADUAL
1018,2023-03-12,13:03:22,L01-AUTOBAN,SP330,19.9,NORTE,-23.46894457,-46.77887321,ENGAVETAMENTO,ENGAVETAMENTO,NÃO INFORMADO,AUTOMÓVEL=3,OSASCO,REG. METROPOLITANA SÃO PAULO,SÃO PAULO,ESTADUAL
1020,2023-03-12,14:07:16,L01-AUTOBAN,SP330,20.0,NORTE,-23.46894457,-46.77887321,COLISÃO,COLISÃO-TRASEIRA,NÃO INFORMADO,AUTOMÓVEL=1|UTILITÁRIO=1,OSASCO,REG. METROPOLITANA SÃO PAULO,SÃO PAULO,ESTADUAL
1022,2023-03-12,14:53:12,L01-AUTOBAN,SP330,98.0,SUL,-22.89624517,-47.11095214,CHOQUE,CHOQUE-BARREIRA DE CONCRETO,NÃO INFORMADO,AUTOMÓVEL=1,CAMPINAS,CAMPINAS,CAMPINAS,ESTADUAL
1023,2023-03-12,15:51:20,L01-AUTOBAN,SPM330D,106.3,NORTE,-22.84297973,-47.16744239,COLISÃO,COLISÃO-TRASEIRA,NÃO INFORMADO,AUTOMÓVEL=3,SUMARÉ,CAMPINAS,CAMPINAS,ESTADUAL
1024,2023-03-12,16:02:26,L01-AUTOBAN,SP330,106.0,NORTE,-22.846507,-47.164055,COLISÃO,COLISÃO-TRASEIRA,NÃO INFORMADO,AUTOMÓVEL=1|UTILITÁRIO=1,SUMARÉ,CAMPINAS,CAMPINAS,ESTADUAL
1025,2023-03-12,16:11:29,L01-AUTOBAN,SPM330D,106.9,NORTE,-22.84702755,-47.16332326,COLISÃO,COLISÃO-TRASEIRA,NÃO INFORMADO,AUTOMÓVEL=2,SUMARÉ,CAMPINAS,CAMPINAS,ESTADUAL
1028,2023-03-12,19:58:18,L01-AUTOBAN,SP330,92.4,NORTE,-22.93295645,-47.07441939,CHOQUE,CHOQUE-BARREIRA DE CONCRETO,NÃO INFORMADO,AUTOMÓVEL=1,CAMPINAS,CAMPINAS,CAMPINAS,ESTADUAL
1031,2023-03-12,20:39:08,L01-AUTOBAN,SPM330D,86.9,NORTE,-22.97567369,-47.04785887,ATROPELAMENTO DE PEDESTRE,ATROP. PEDESTRE-MORADOR/TRABALHADOR/ESTUDANTE,NÃO INFORMADO,AUTOMÓVEL=1|NÃO SE APLICA=1,CAMPINAS,CAMPINAS,CAMPINAS,ESTADUAL
1033,2023-03-12,21:23:15,L01-AUTOBAN,SPM330D,103.0,NORTE,-22.86219711,-47.13924408,ATROPELAMENTO DE ANIMAL,ATROP. ANIMAL,NÃO INFORMADO,AUTOMÓVEL=1,CAMPINAS,CAMPINAS,CAMPINAS,ESTADUAL
1034,2023-03-12,23:34:39,L01-AUTOBAN,SPM330E,98.0,SUL,-22.89624517,-47.11095214,CHOQUE,CHOQUE-BARREIRA DE CONCRETO,NÃO INFORMADO,AUTOMÓVEL=1,CAMPINAS,CAMPINAS,CAMPINAS,ESTADUAL
1035,2023-03-13,06:50:07,L01-AUTOBAN,SP330,82.4,NORTE,-23.01003073,-47.02480925,COLISÃO,COLISÃO-LATERAL,NÃO INFORMADO,MOTO=1|UTILITÁRIO=1,VALINHOS,CAMPINAS,CAMPINAS,ESTADUAL
1038,2023-03-13,07:01:45,L01-AUTOBAN,SP330,68.1,SUL,-23.12175207,-46.95477032,TOMBAMENTO,TOMBAMENTO-MOTO,NÃO INFORMADO,MOTO=1,JUNDIAÍ,CAMPINAS,CAMPINAS,ESTADUAL
1039,2023-03-13,07:19:46,L01-AUTOBAN,SP330,23.8,SUL,-23.43671229,-46.78654754,COLISÃO,COLISÃO-LATERAL,NÃO INFORMADO,AUTOMÓVEL=1|CARRETA=1,SÃO PAULO,REG. METROPOLITANA SÃO PAULO,SÃO PAULO,ESTADUAL
1040,2023-03-13,07:59:18,L01-AUTOBAN,SPM330D,120.3,NORTE,-22.7546852,-47.25666159,TOMBAMENTO,TOMBAMENTO-MOTO,NÃO INFORMADO,MOTO=1,AMERICANA,CAMPINAS,RIO CLARO,ESTADUAL
1041,2023-03-13,08:40:04,L01-AUTOBAN,SP330,148.8,NORTE,-22.53898098,-47.38027762,COLISÃO,COLISÃO-TRASEIRA,NÃO INFORMADO,AUTOMÓVEL=1|UTILITÁRIO=1,LIMEIRA,CAMPINAS,RIO CLARO,ESTADUAL
1042,2023-03-13,09:53:14,L01-AUTOBAN,SP330,104.4,NORTE,-22.85476803,-47.15187479,TOMBAMENTO,TOMBAMENTO,NÃO INFORMADO,MOTO=1,CAMPINAS,CAMPINAS,CAMPINAS,ESTADUAL
1044,2023-03-13,12:45:56,L01-AUTOBAN,SP330,31.0,SUL,-23.40154397,-46.83696985,CHOQUE,CHOQUE-BARREIRA DE CONCRETO,NÃO INFORMADO,AUTOMÓVEL=2,CAJAMAR,REG. METROPOLITANA SÃO PAULO,SÃO PAULO,ESTADUAL
1045,2023-03-13,13:59:26,L01-AUTOBAN,SP330,157.0,SUL,-22.46957013,-47.39929497,CHOQUE,CHOQUE-BARREIRA DE CONCRETO,NÃO INFORMADO,AUTOMÓVEL=1,CORDEIRÓPOLIS,CAMPINAS,RIO CLARO,ESTADUAL
1046,2023-03-13,14:48:45,L01-AUTOBAN,SP330,26.5,NORTE,-23.41826441,-46.79873765,CHOQUE,CHOQUE-PRAÇA MANUAL-(ENTRE VEÍCULOS),NÃO INFORMADO,AUTOMÓVEL=1|CARRETA=1,SÃO PAULO,REG. METROPOLITANA SÃO PAULO,SÃO PAULO,ESTADUAL
1051,2023-03-13,22:04:39,L01-AUTOBAN,SP330,12.3,NORTE,-23.50879492,-46.73359589,CHOQUE,CHOQUE-BARREIRA DE CONCRETO,NÃO INFORMADO,AUTOMÓVEL=1,SÃO PAULO,REG. METROPOLITANA SÃO PAULO,SÃO PAULO,ESTADUAL
1052,2023-03-13,22:29:03,L01-AUTOBAN,SP330,19.8,NORTE,-23.46989818,-46.77762329,CHOQUE,CHOQUE-BARREIRA DE CONCRETO,NÃO INFORMADO,AUTOMÓVEL=1,OSASCO,REG. METROPOLITANA SÃO PAULO,SÃO PAULO,ESTADUAL
1054,2023-03-14,01:00:20,L01-AUTOBAN,SP330,75.98,NORTE,-23.06023735,-46.9944619,COLISÃO,COLISÃO-TRASEIRA,NÃO INFORMADO,AUTOMÓVEL=1|CAMINHÃO=1,VINHEDO,CAMPINAS,CAMPINAS,ESTADUAL
1055,2023-03-14,09:28:47,L01-AUTOBAN,SPM330D,53.0,NORTE,-23.230639,-46.87295,COLISÃO,COLISÃO-TRANSVERSAL,NÃO INFORMADO,AUTOMÓVEL=1|CAMINHÃO=1,JUNDIAÍ,CAMPINAS,CAMPINAS,ESTADUAL
1056,2023-03-14,11:45:20,L01-AUTOBAN,SP330,118.0,NORTE,-22.76886599,-47.24079788,COLISÃO,COLISÃO-TRASEIRA,NÃO INFORMADO,AUTOMÓVEL=3,NOVA ODESSA,CAMPINAS,RIO CLARO,ESTADUAL
1057,2023-03-14,12:02:17,L01-AUTOBAN,SP330,41.96,NORTE,-23.31729805,-46.85299937,CHOQUE,CHOQUE-BARREIRA DE CONCRETO,NÃO INFORMADO,MOTO=1,CAJAMAR,REG. METROPOLITANA SÃO PAULO,SÃO PAULO,ESTADUAL
1060,2023-03-14,14:42:14,L01-AUTOBAN,SP330,101.1,SUL,-22.87351601,-47.12563314,COLISÃO,COLISÃO-TRANSVERSAL,NÃO INFORMADO,AUTOMÓVEL=1|ÔNIBUS=1,CAMPINAS,CAMPINAS,CAMPINAS,ESTADUAL
1061,2023-03-14,15:15:44,L01-AUTOBAN,SP330,110.5,NORTE,-22.82018993,-47.19710737,TOMBAMENTO,TOMBAMENTO,NÃO INFORMADO,UTILITÁRIO=1,SUMARÉ,CAMPINAS,CAMPINAS,ESTADUAL
1064,2023-03-14,16:39:50,L01-AUTOBAN,SPI102/330,5.0,NORTE,-22.90690412,-47.13676572,CHOQUE,CHOQUE-ELEMENTO DE DRENAGEM,NÃO INFORMADO,AUTOMÓVEL=1,CAMPINAS,CAMPINAS,CAMPINAS,ESTADUAL
1065,2023-03-14,16:51:33,L01-AUTOBAN,SP330,74.1,SUL,-23.07456211,-46.98394668,ENGAVETAMENTO,ENGAVETAMENTO,NÃO INFORMADO,AUTOMÓVEL=3,VINHEDO,CAMPINAS,CAMPINAS,ESTADUAL
1068,2023-03-14,18:19:41,L01-AUTOBAN,SP330,58.0,SUL,-23.19706558,-46.90382659,TOMBAMENTO,TOMBAMENTO-MOTO,NÃO INFORMADO,MOTO=1,JUNDIAÍ,CAMPINAS,CAMPINAS,ESTADUAL
1069,2023-03-14,18:56:28,L01-AUTOBAN,SPM330D,96.8,NORTE,-22.9055521,-47.106519,COLISÃO,COLISÃO-TRASEIRA,NÃO INFORMADO,AUTOMÓVEL=1|MOTO=1,CAMPINAS,CAMPINAS,CAMPINAS,ESTADUAL
1070,2023-03-14,19:28:06,L01-AUTOBAN,SP330,26.5,SUL,-23.41854007,-46.79876179,TOMBAMENTO,TOMBAMENTO-MOTO,NÃO INFORMADO,MOTO=1,SÃO PAULO,REG. METROPOLITANA SÃO PAULO,SÃO PAULO,ESTADUAL
1072,2023-03-14,20:27:13,L01-AUTOBAN,SPM330E,18.76,SUL,-23.47574724,-46.77227604,COLISÃO,COLISÃO-LATERAL,NÃO INFORMADO,AUTOMÓVEL=3,OSASCO,REG. METROPOLITANA SÃO PAULO,SÃO PAULO,ESTADUAL
1074,2023-03-14,22:48:31,L01-AUTOBAN,SP330,130.6,NORTE,-22.68263995,-47.31068015,CHOQUE,CHOQUE-DEFENSA METÁLICA,NÃO INFORMADO,AUTOMÓVEL=1,LIMEIRA,CAMPINAS,RIO CLARO,ESTADUAL
1075,2023-03-15,06:59:00,L01-AUTOBAN,SP330,157.2,NORTE,-22.46774289,-47.39888299,COLISÃO,COLISÃO-LATERAL,NÃO INFORMADO,AUTOMÓVEL=1|CAMINHÃO=1,CORDEIRÓPOLIS,CAMPINAS,RIO CLARO,ESTADUAL
1078,2023-03-15,09:24:04,L01-AUTOBAN,SP330,72.0,SUL,-23.09065259,-46.97281301,COLISÃO,COLISÃO-TRASEIRA,NÃO INFORMADO,MOTO=1|NÃO INFORMADO=1,LOUVEIRA,CAMPINAS,CAMPINAS,ESTADUAL
1081,2023-03-15,10:51:47,L01-AUTOBAN,SP330,25.3,SUL,-23.42487761,-46.78964131,COLISÃO,COLISÃO-LATERAL,NÃO INFORMADO,AUTOMÓVEL=1|CARRETA=1,SÃO PAULO,REG. METROPOLITANA SÃO PAULO,SÃO PAULO,ESTADUAL
1082,2023-03-15,11:13:26,L01-AUTOBAN,SP330,142.2,SUL,-22.59466109,-47.36606614,COLISÃO,COLISÃO-TRASEIRA,NÃO INFORMADO,CAMINHÃO=1|CARRETA=1,LIMEIRA,CAMPINAS,RIO CLARO,ESTADUAL
1083,2023-03-15,11:47:39,L01-AUTOBAN,SP330,130.64,NORTE,-22.68227256,-47.31068122,TOMBAMENTO,TOMBAMENTO-MOTO,NÃO INFORMADO,MOTO=1,LIMEIRA,CAMPINAS,RIO CLARO,ESTADUAL
1084,2023-03-15,13:42:32,L01-AUTOBAN,SPI102/330,5.0,NORTE,-22.90690412,-47.13676572,CHOQUE,CHOQUE-SINALIZAÇÃO,NÃO INFORMADO,CAMINHÃO=1,CAMPINAS,CAMPINAS,CAMPINAS,ESTADUAL
1086,2023-03-15,20:17:01,L01-AUTOBAN,SP330,118.0,NORTE,-22.76886599,-47.24079788,ENGAVETAMENTO,ENGAVETAMENTO,NÃO INFORMADO,AUTOMÓVEL=3,NOVA ODESSA,CAMPINAS,RIO CLARO,ESTADUAL
1087,2023-03-15,22:19:33,L01-AUTOBAN,SP330,107.2,SUL,-22.83847951,-47.17215691,CHOQUE,CHOQUE-OBJETO NA PISTA,NÃO INFORMADO,AUTOMÓVEL=3|CAMINHÃO=1,SUMARÉ,CAMPINAS,CAMPINAS,ESTADUAL
1088,2023-03-15,22:23:09,L01-AUTOBAN,SP330,134.4,NORTE,-22.65175463,-47.32422314,COLISÃO,COLISÃO-TRASEIRA,NÃO INFORMADO,CARRETA=1|NÃO INFORMADO=1,LIMEIRA,CAMPINAS,RIO CLARO,ESTADUAL
1091,2023-03-16,06:31:12,L01-AUTOBAN,SP330,118.0,NORTE,-22.76886599,-47.24079788,COLISÃO,COLISÃO-TRASEIRA,NÃO INFORMADO,CAMINHÃO=1|CARRETA=1,NOVA ODESSA,CAMPINAS,RIO CLARO,ESTADUAL
1092,2023-03-16,07:09:40,L01-AUTOBAN,SP330,24.4,SUL,-23.43152717,-46.78689736,COLISÃO,COLISÃO-LATERAL,NÃO INFORMADO,AUTOMÓVEL=1|MOTO=1,SÃO PAULO,REG. METROPOLITANA SÃO PAULO,SÃO PAULO,ESTADUAL
1095,2023-03-16,10:14:39,L01-AUTOBAN,SPI102/330,4.2,SUL,-22.90052066,-47.13711333,COLISÃO,COLISÃO-LATERAL,NÃO INFORMADO,AUTOMÓVEL=1|MOTO=1,CAMPINAS,CAMPINAS,CAMPINAS,ESTADUAL
1096,2023-03-16,15:07:32,L01-AUTOBAN,SP330,153.0,NORTE,-22.50549005,-47.39893019,TOMBAMENTO,TOMBAMENTO,NÃO INFORMADO,CARRETA=1,CORDEIRÓPOLIS,CAMPINAS,RIO CLARO,ESTADUAL
1099,2023-03-16,17:55:17,L01-AUTOBAN,SP330,132.4,SUL,-22.66780888,-47.31568664,COLISÃO,COLISÃO-LATERAL,NÃO INFORMADO,AUTOMÓVEL=1|CAMINHÃO=1,LIMEIRA,CAMPINAS,RIO CLARO,ESTADUAL
1100,2023-03-16,21:14:09,L01-AUTOBAN,SP330,132.64,NORTE,-22.66564256,-47.31673232,CHOQUE,CHOQUE-VEÍCULO PARADO NA PISTA,NÃO INFORMADO,AUTOMÓVEL=1|UTILITÁRIO=1,LIMEIRA,CAMPINAS,RIO CLARO,ESTADUAL
1101,2023-03-16,21:30:22,L01-AUTOBAN,SPM330E,104.0,SUL,-22.85707606,-47.14874983,CHOQUE,CHOQUE-BARREIRA DE CONCRETO,NÃO INFORMADO,AUTOMÓVEL=1,CAMPINAS,CAMPINAS,CAMPINAS,ESTADUAL
1103,2023-03-17,00:40:00,L01-AUTOBAN,SP330,56.3,SUL,-23.20954024,-46.89403545,CHOQUE,CHOQUE-SINALIZAÇÃO,NÃO INFORMADO,AUTOMÓVEL=1,JUNDIAÍ,CAMPINAS,CAMPINAS,ESTADUAL
1105,2023-03-17,05:01:59,L01-AUTOBAN,SPM330E,106.42,SUL,-22.8438763,-47.16704291,ATROPELAMENTO DE ANIMAL,ATROP. ANIMAL,NÃO INFORMADO,AUTOMÓVEL=1,SUMARÉ,CAMPINAS,CAMPINAS,ESTADUAL
1106,2023-03-17,05:28:48,L01-AUTOBAN,SPM330E,106.5,SUL,-22.84332338,-47.16756821,ATROPELAMENTO DE ANIMAL,ATROP. ANIMAL,NÃO INFORMADO,AUTOMÓVEL=1,SUMARÉ,CAMPINAS,CAMPINAS,ESTADUAL
1107,2023-03-17,07:22:32,L01-AUTOBAN,SPM330D,105.0,NORTE,-22.8517126,-47.15673745,COLISÃO,COLISÃO-TRASEIRA,NÃO INFORMADO,AUTOMÓVEL=1|MOTO=1,CAMPINAS,CAMPINAS,CAMPINAS,ESTADUAL
1108,2023-03-17,09:31:49,L01-AUTOBAN,SPM330E,107.0,SUL,-22.83986774,-47.17085123,COLISÃO,COLISÃO-TRASEIRA,NÃO INFORMADO,AUTOMÓVEL=1|CAMINHÃO=1,SUMARÉ,CAMPINAS,CAMPINAS,ESTADUAL
1109,2023-03-17,10:09:47,L01-AUTOBAN,SP330,27.4,SUL,-23.41413483,-46.80644524,COLISÃO,COLISÃO-TRASEIRA,NÃO INFORMADO,AUTOMÓVEL=2,SÃO PAULO,REG. METROPOLITANA SÃO PAULO,SÃO PAULO,ESTADUAL
1111,2023-03-17,18:03:45,L01-AUTOBAN,SP330,92.1,SUL,-22.93460018,-47.07190431,CAPOTAMENTO,CAPOTAMENTO,NÃO INFORMADO,AUTOMÓVEL=1,CAMPINAS,CAMPINAS,CAMPINAS,ESTADUAL
1112,2023-03-17,20:20:56,L01-AUTOBAN,SP330,142.88,NORTE,-22.58864164,-47.36717886,COLISÃO,COLISÃO-LATERAL,NÃO INFORMADO,CAMINHÃO=2,LIMEIRA,CAMPINAS,RIO CLARO,ESTADUAL
1115,2023-03-17,21:07:51,L01-AUTOBAN,SP330,21.0,NORTE,-23.46071206,-46.78140521,COLISÃO,COLISÃO-LATERAL,NÃO INFORMADO,MOTO=1|ÔNIBUS=1,SÃO PAULO,REG. METROPOLITANA SÃO PAULO,SÃO PAULO,ESTADUAL
1116,2023-03-17,21:35:19,L01-AUTOBAN,SPM330D,100.0,NORTE,-22.88033176,-47.11758256,COLISÃO,COLISÃO-TRASEIRA,NÃO INFORMADO,AUTOMÓVEL=2,CAMPINAS,CAMPINAS,CAMPINAS,ESTADUAL
1117,2023-03-17,22:22:29,L01-AUTOBAN,SPM330D,58.4,NORTE,-23.19687096,-46.90372002,COLISÃO,COLISÃO-TRASEIRA,NÃO INFORMADO,AUTOMÓVEL=1|UTILITÁRIO=1,JUNDIAÍ,CAMPINAS,CAMPINAS,ESTADUAL
1118,2023-03-18,00:36:50,L01-AUTOBAN,SPM330D,105.66,NORTE,-22.84827689,-47.16156706,COLISÃO,COLISÃO-TRANSVERSAL,NÃO INFORMADO,CARRETA=1|MOTO=1,SUMARÉ,CAMPINAS,CAMPINAS,ESTADUAL
1124,2023-03-18,14:20:30,L01-AUTOBAN,SP330,61.0,SUL,-23.17530448,-46.91870213,COLISÃO,COLISÃO-TRASEIRA,NÃO INFORMADO,AUTOMÓVEL=2,JUNDIAÍ,CAMPINAS,CAMPINAS,ESTADUAL
1125,2023-03-18,17:25:00,L01-AUTOBAN,SP330,71.4,NORTE,-23.09468112,-46.96994305,COLISÃO,COLISÃO-LATERAL,NÃO INFORMADO,AUTOMÓVEL=2,LOUVEIRA,CAMPINAS,CAMPINAS,ESTADUAL
1126,2023-03-18,17:42:55,L01-AUTOBAN,SP330,59.0,SUL,-23.18900852,-46.90679312,ENGAVETAMENTO,ENGAVETAMENTO,NÃO INFORMADO,AUTOMÓVEL=3|VAN/PERUA=1,JUNDIAÍ,CAMPINAS,CAMPINAS,ESTADUAL
1128,2023-03-19,05:14:01,L01-AUTOBAN,SP330,97.0,NORTE,-22.90407763,-47.10779786,CHOQUE,CHOQUE-BARREIRA DE CONCRETO,NÃO INFORMADO,AUTOMÓVEL=1,CAMPINAS,CAMPINAS,CAMPINAS,ESTADUAL
1129,2023-03-19,05:38:39,L01-AUTOBAN,SPM330E,106.5,SUL,-22.84332338,-47.16756821,TOMBAMENTO,TOMBAMENTO-MOTO,NÃO INFORMADO,MOTO=1,SUMARÉ,CAMPINAS,CAMPINAS,ESTADUAL
1134,2023-03-19,18:15:17,L01-AUTOBAN,SPM330E,108.8,SUL,-22.82859007,-47.18288317,COLISÃO,COLISÃO-FRONTAL,NÃO INFORMADO,AUTOMÓVEL=2,SUMARÉ,CAMPINAS,CAMPINAS,ESTADUAL
1137,2023-03-19,21:54:59,L01-AUTOBAN,SP330,98.6,SUL,-22.89574882,-47.11110437,CHOQUE,CHOQUE-VEÍCULO PARADO NA PISTA,NÃO INFORMADO,AUTOMÓVEL=2,CAMPINAS,CAMPINAS,CAMPINAS,ESTADUAL
1139,2023-03-20,01:11:00,L01-AUTOBAN,SP330,23.7,SUL,-23.43765577,-46.78661084,CHOQUE,CHOQUE-BARREIRA DE CONCRETO,NÃO INFORMADO,AUTOMÓVEL=1,SÃO PAULO,REG. METROPOLITANA SÃO PAULO,SÃO PAULO,ESTADUAL
1141,2023-03-20,07:13:22,L01-AUTOBAN,SPI102/330,5.0,NORTE,-22.90690412,-47.13676572,CAPOTAMENTO,CAPOTAMENTO,NÃO INFORMADO,AUTOMÓVEL=1,CAMPINAS,CAMPINAS,CAMPINAS,ESTADUAL
1142,2023-03-20,08:12:21,L01-AUTOBAN,SP330,109.9,SUL,-22.82344472,-47.19167773,COLISÃO,COLISÃO-TRASEIRA,NÃO INFORMADO,AUTOMÓVEL=1|NÃO INFORMADO=1,SUMARÉ,CAMPINAS,CAMPINAS,ESTADUAL
1143,2023-03-20,08:14:03,L01-AUTOBAN,SP330,107.4,SUL,-22.83709122,-47.17346264,COLISÃO,COLISÃO-TRASEIRA,NÃO INFORMADO,AUTOMÓVEL=1|VAN/PERUA=1,SUMARÉ,CAMPINAS,CAMPINAS,ESTADUAL
1144,2023-03-20,09:16:43,L01-AUTOBAN,SP330,103.0,NORTE,-22.86219711,-47.13924408,COLISÃO,COLISÃO-TRASEIRA,NÃO INFORMADO,AUTOMÓVEL=1|CAMINHÃO=1,CAMPINAS,CAMPINAS,CAMPINAS,ESTADUAL
1145,2023-03-20,13:40:20,L01-AUTOBAN,SP330,21.5,SUL,-23.45701385,-46.78404719,ENGAVETAMENTO,ENGAVETAMENTO,NÃO INFORMADO,AUTOMÓVEL=1|CAMINHÃO=2,SÃO PAULO,REG. METROPOLITANA SÃO PAULO,SÃO PAULO,ESTADUAL
1148,2023-03-20,16:38:47,L01-AUTOBAN,SP330,102.0,NORTE,-22.86736245,-47.1321255,COLISÃO,COLISÃO-LATERAL,NÃO INFORMADO,AUTOMÓVEL=1|NÃO INFORMADO=1,CAMPINAS,CAMPINAS,CAMPINAS,ESTADUAL
1150,2023-03-21,05:19:41,L01-AUTOBAN,SP330,16.8,SUL,-23.4908485,-46.7654246,ATROPELAMENTO DE PEDESTRE,ATROP. PEDESTRE-MORADOR/TRABALHADOR/ESTUDANTE,NÃO INFORMADO,AUTOMÓVEL=1|NÃO SE APLICA=1,SÃO PAULO,REG. METROPOLITANA SÃO PAULO,SÃO PAULO,ESTADUAL
1152,2023-03-21,07:42:45,L01-AUTOBAN,SP330,62.7,NORTE,-23.16304154,-46.93024035,COLISÃO,COLISÃO-TRASEIRA,NÃO INFORMADO,AUTOMÓVEL=1|CARRETA=1,JUNDIAÍ,CAMPINAS,CAMPINAS,ESTADUAL
1153,2023-03-21,10:11:48,L01-AUTOBAN,SP330,37.54,SUL,-23.34775648,-46.84366096,CHOQUE,CHOQUE-DEFENSA METÁLICA,NÃO INFORMADO,CAMINHÃO=1,CAJAMAR,REG. METROPOLITANA SÃO PAULO,SÃO PAULO,ESTADUAL
1154,2023-03-21,10:55:37,L01-AUTOBAN,SP330,16.6,SUL,-23.49170356,-46.76377774,CHOQUE,CHOQUE-DEFENSA METÁLICA,NÃO INFORMADO,CAMINHÃO=1,OSASCO,REG. METROPOLITANA SÃO PAULO,SÃO PAULO,ESTADUAL
1157,2023-03-21,16:28:16,L01-AUTOBAN,SP330,20.9,NORTE,-23.46153532,-46.78115201,CHOQUE,CHOQUE-VEÍCULO PARADO NO ACOSTAMENTO,NÃO INFORMADO,AUTOMÓVEL=1|NÃO INFORMADO=1,SÃO PAULO,REG. METROPOLITANA SÃO PAULO,SÃO PAULO,ESTADUAL
1158,2023-03-21,19:50:52,L01-AUTOBAN,SP330,92.6,NORTE,-22.93187649,-47.07593428,ATROPELAMENTO DE PEDESTRE,ATROP. PEDESTRE-MORADOR/TRABALHADOR/ESTUDANTE,NÃO INFORMADO,AUTOMÓVEL=1|NÃO SE APLICA=1,CAMPINAS,CAMPINAS,CAMPINAS,ESTADUAL
1160,2023-03-21,22:53:17,L01-AUTOBAN,SP330,137.8,SUL,-22.62552469,-47.34179379,COLISÃO,COLISÃO-TRASEIRA,NÃO INFORMADO,CARRETA=1|UTILITÁRIO=1,LIMEIRA,CAMPINAS,RIO CLARO,ESTADUAL
1161,2023-03-22,02:44:27,L01-AUTOBAN,SPM330E,100.3,SUL,-22.87859743,-47.11998155,CHOQUE,CHOQUE-MEIO FIO/CALÇAMENTO,NÃO INFORMADO,AUTOMÓVEL=1|CAMINHÃO=1,CAMPINAS,CAMPINAS,CAMPINAS,ESTADUAL
1163,2023-03-22,10:07:09,L01-AUTOBAN,SP330,12.5,SUL,-23.50881797,-46.73522562,TOMBAMENTO,TOMBAMENTO,NÃO INFORMADO,MOTO=1|NÃO INFORMADO=1,SÃO PAULO,REG. METROPOLITANA SÃO PAULO,SÃO PAULO,ESTADUAL
1165,2023-03-22,13:05:26,L01-AUTOBAN,SP330,89.5,NORTE,-22.95497262,-47.05971926,COLISÃO,COLISÃO-TRASEIRA,NÃO INFORMADO,AUTOMÓVEL=1|CAMINHÃO=1,CAMPINAS,CAMPINAS,CAMPINAS,ESTADUAL
1166,2023-03-22,14:25:30,L01-AUTOBAN,SP330,74.5,NORTE,-23.0716635,-46.985857,CHOQUE,CHOQUE-VEÍCULO PARADO NO ACOSTAMENTO,NÃO INFORMADO,AUTOMÓVEL=1|MOTO=1,VINHEDO,CAMPINAS,CAMPINAS,ESTADUAL
1168,2023-03-22,15:52:48,L01-AUTOBAN,SP330,60.5,SUL,-23.17823622,-46.91514552,COLISÃO,COLISÃO-TRASEIRA,NÃO INFORMADO,AUTOMÓVEL=1|CARRETA=1,JUNDIAÍ,CAMPINAS,CAMPINAS,ESTADUAL
1169,2023-03-22,17:54:05,L01-AUTOBAN,SP330,92.2,NORTE,-22.93403646,-47.07290444,COLISÃO,COLISÃO-TRASEIRA,NÃO INFORMADO,AUTOMÓVEL=1|NÃO INFORMADO=1,CAMPINAS,CAMPINAS,CAMPINAS,ESTADUAL
1170,2023-03-22,18:07:50,L01-AUTOBAN,SP330,23.0,SUL,-23.44426027,-46.78705394,TOMBAMENTO,TOMBAMENTO-MOTO,NÃO INFORMADO,MOTO=1,SÃO PAULO,REG. METROPOLITANA SÃO PAULO,SÃO PAULO,ESTADUAL
1171,2023-03-22,18:14:19,L01-AUTOBAN,SP330,58.0,NORTE,-23.19690287,-46.90370858,CHOQUE,CHOQUE-BARREIRA DE CONCRETO,NÃO INFORMADO,AUTOMÓVEL=1|CARRETA=1,JUNDIAÍ,CAMPINAS,CAMPINAS,ESTADUAL
1172,2023-03-22,19:19:48,L01-AUTOBAN,SP330,20.0,NORTE,-23.46894457,-46.77887321,ENGAVETAMENTO,ENGAVETAMENTO,NÃO INFORMADO,AUTOMÓVEL=1|NÃO INFORMADO=2,OSASCO,REG. METROPOLITANA SÃO PAULO,SÃO PAULO,ESTADUAL
1174,2023-03-23,05:23:27,L01-AUTOBAN,SPM330E,92.0,SUL,-22.9351263,-47.07110524,CHOQUE,CHOQUE-BARREIRA DE CONCRETO,NÃO INFORMADO,AUTOMÓVEL=1,CAMPINAS,CAMPINAS,CAMPINAS,ESTADUAL
1176,2023-03-23,06:22:05,L01-AUTOBAN,SP330,22.0,SUL,-23.45303514,-46.78664625,TOMBAMENTO,TOMBAMENTO-MOTO,NÃO INFORMADO,MOTO=1,SÃO PAULO,REG. METROPOLITANA SÃO PAULO,SÃO PAULO,ESTADUAL
1177,2023-03-23,07:31:52,L01-AUTOBAN,SP330,83.3,SUL,-23.00320185,-47.02959646,COLISÃO,COLISÃO-TRASEIRA,NÃO INFORMADO,AUTOMÓVEL=1|CAMINHÃO=1,VALINHOS,CAMPINAS,CAMPINAS,ESTADUAL
1180,2023-03-23,12:10:15,L01-AUTOBAN,SP330,109.0,SUL,-22.827506,-47.184259,TOMBAMENTO,TOMBAMENTO-MOTO,NÃO INFORMADO,MOTO=1,SUMARÉ,CAMPINAS,CAMPINAS,ESTADUAL
1181,2023-03-23,13:42:50,L01-AUTOBAN,SP330,139.4,NORTE,-22.61479265,-47.35189489,COLISÃO,COLISÃO-LATERAL,NÃO INFORMADO,CARRETA=1|MOTO=1,LIMEIRA,CAMPINAS,RIO CLARO,ESTADUAL
1182,2023-03-23,23:10:06,L01-AUTOBAN,SP330,58.5,SUL,-23.19303705,-46.90530986,TOMBAMENTO,TOMBAMENTO-MOTO,NÃO INFORMADO,MOTO=1,JUNDIAÍ,CAMPINAS,CAMPINAS,ESTADUAL
1189,2023-03-24,13:45:30,L01-AUTOBAN,SP330,118.0,NORTE,-22.76886599,-47.24079788,COLISÃO,COLISÃO-TRASEIRA,NÃO INFORMADO,CAMINHÃO=1|NÃO INFORMADO=1,NOVA ODESSA,CAMPINAS,RIO CLARO,ESTADUAL
1190,2023-03-24,16:12:36,L01-AUTOBAN,SPM330D,99.0,NORTE,-22.88773025,-47.11325347,COLISÃO,COLISÃO-TRASEIRA,NÃO INFORMADO,MOTO=1|UTILITÁRIO=1,CAMPINAS,CAMPINAS,CAMPINAS,ESTADUAL
1191,2023-03-24,16:40:35,L01-AUTOBAN,SP330,150.5,NORTE,-22.525958,-47.38927,COLISÃO,COLISÃO-LATERAL,NÃO INFORMADO,CAMINHÃO=1|UTILITÁRIO=1,LIMEIRA,CAMPINAS,RIO CLARO,ESTADUAL
1192,2023-03-24,19:11:34,L01-AUTOBAN,SPM330E,102.5,SUL,-22.86544,-47.135941,CHOQUE,CHOQUE-MEIO FIO/CALÇAMENTO,NÃO INFORMADO,AUTOMÓVEL=1|NÃO INFORMADO=1,CAMPINAS,CAMPINAS,CAMPINAS,ESTADUAL
1193,2023-03-24,19:16:22,L01-AUTOBAN,SP330,41.8,SUL,-23.31856467,-46.85197949,TOMBAMENTO,TOMBAMENTO-MOTO,NÃO INFORMADO,MOTO=1,CAJAMAR,REG. METROPOLITANA SÃO PAULO,SÃO PAULO,ESTADUAL
1197,2023-03-24,21:40:00,L01-AUTOBAN,SP330,58.65,SUL,-23.19182848,-46.90575484,CHOQUE,CHOQUE-BARREIRA DE CONCRETO,NÃO INFORMADO,AUTOMÓVEL=1|NÃO INFORMADO=1,JUNDIAÍ,CAMPINAS,CAMPINAS,ESTADUAL
1198,2023-03-24,23:00:45,L01-AUTOBAN,SP330,114.16,NORTE,-22.79918728,-47.22248742,COLISÃO,COLISÃO-TRASEIRA,NÃO INFORMADO,BITREM/CVC=1|CAMINHÃO=1,SUMARÉ,CAMPINAS,CAMPINAS,ESTADUAL
1199,2023-03-25,01:44:29,L01-AUTOBAN,SPM330E,58.7,SUL,-23.19142563,-46.90590316,COLISÃO,COLISÃO-FRONTAL,NÃO INFORMADO,AUTOMÓVEL=2,JUNDIAÍ,CAMPINAS,CAMPINAS,ESTADUAL
1200,2023-03-25,06:19:24,L01-AUTOBAN,SP330,11.5,SUL,-23.516179,-46.72591,CHOQUE,CHOQUE-BARREIRA DE CONCRETO,NÃO INFORMADO,AUTOMÓVEL=1,SÃO PAULO,REG. METROPOLITANA SÃO PAULO,SÃO PAULO,ESTADUAL
1201,2023-03-25,09:00:12,L01-AUTOBAN,SP330,23.5,SUL,-23.43954278,-46.78673744,COLISÃO,COLISÃO-LATERAL,NÃO INFORMADO,AUTOMÓVEL=1|CAMINHÃO=1,SÃO PAULO,REG. METROPOLITANA SÃO PAULO,SÃO PAULO,ESTADUAL
1205,2023-03-25,13:50:35,L01-AUTOBAN,SPM330D,96.2,NORTE,-22.90997564,-47.10268233,TOMBAMENTO,TOMBAMENTO-MOTO,NÃO INFORMADO,MOTO=1,CAMPINAS,CAMPINAS,CAMPINAS,ESTADUAL
1206,2023-03-25,22:03:01,L01-AUTOBAN,SP330,13.65,SUL,-23.50752471,-46.7465381,ATROPELAMENTO DE PEDESTRE,ATROP. PEDESTRE-MORADOR/TRABALHADOR/ESTUDANTE,NÃO INFORMADO,NÃO INFORMADO=1|NÃO SE APLICA=1,SÃO PAULO,REG. METROPOLITANA SÃO PAULO,SÃO PAULO,ESTADUAL
1207,2023-03-25,23:02:54,L01-AUTOBAN,SP330,12.0,NORTE,-23.50917461,-46.73062027,CHOQUE,CHOQUE-BARREIRA DE CONCRETO,NÃO INFORMADO,UTILITÁRIO=1,SÃO PAULO,REG. METROPOLITANA SÃO PAULO,SÃO PAULO,ESTADUAL
1209,2023-03-26,07:51:39,L01-AUTOBAN,SP330,18.7,NORTE,-23.4763238,-46.77211994,ENGAVETAMENTO,ENGAVETAMENTO,NÃO INFORMADO,CAMINHÃO=1|MOTO=2,OSASCO,REG. METROPOLITANA SÃO PAULO,SÃO PAULO,ESTADUAL
1210,2023-03-26,14:49:03,L01-AUTOBAN,SP330,65.0,NORTE,-23.14439004,-46.93929613,CHOQUE,CHOQUE-VEÍCULO PARADO NA PISTA,NÃO INFORMADO,AUTOMÓVEL=2,JUNDIAÍ,CAMPINAS,CAMPINAS,ESTADUAL
1212,2023-03-26,18:19:45,L01-AUTOBAN,SPM330E,53.6,SUL,-23.22634005,-46.87578034,COLISÃO,COLISÃO-FRONTAL,NÃO INFORMADO,MOTO=1|UTILITÁRIO=1,JUNDIAÍ,CAMPINAS,CAMPINAS,ESTADUAL
1213,2023-03-26,19:01:46,L01-AUTOBAN,SP330,62.8,SUL,-23.16246606,-46.93085897,ENGAVETAMENTO,ENGAVETAMENTO,NÃO INFORMADO,AUTOMÓVEL=3,JUNDIAÍ,CAMPINAS,CAMPINAS,ESTADUAL
1214,2023-03-26,19:17:21,L01-AUTOBAN,SP330,37.5,NORTE,-23.3512985,-46.84660435,CHOQUE,CHOQUE-TALUDE OU BARRANCO,NÃO INFORMADO,UTILITÁRIO=1,CAJAMAR,REG. METROPOLITANA SÃO PAULO,SÃO PAULO,ESTADUAL
1215,2023-03-26,19:21:58,L01-AUTOBAN,SP330,19.5,SUL,-23.4713089,-46.77584499,CHOQUE,CHOQUE-BARREIRA DE CONCRETO,NÃO INFORMADO,AUTOMÓVEL=1,OSASCO,REG. METROPOLITANA SÃO PAULO,SÃO PAULO,ESTADUAL
1217,2023-03-26,20:06:44,L01-AUTOBAN,SP330,92.1,NORTE,-22.93457644,-47.072147,CHOQUE,CHOQUE-DEFENSA METÁLICA,NÃO INFORMADO,AUTOMÓVEL=1,CAMPINAS,CAMPINAS,CAMPINAS,ESTADUAL
1221,2023-03-27,02:27:59,L01-AUTOBAN,SP330,20.0,SUL,-23.4689052,-46.77906632,CHOQUE,CHOQUE-BARREIRA DE CONCRETO,NÃO INFORMADO,AUTOMÓVEL=1,OSASCO,REG. METROPOLITANA SÃO PAULO,SÃO PAULO,ESTADUAL
1222,2023-03-27,02:32:19,L01-AUTOBAN,SP330,17.5,NORTE,-23.48637231,-46.76885247,ENGAVETAMENTO,ENGAVETAMENTO,NÃO INFORMADO,AUTOMÓVEL=1|NÃO INFORMADO=1|UTILITÁRIO=1,OSASCO,REG. METROPOLITANA SÃO PAULO,SÃO PAULO,ESTADUAL
1223,2023-03-27,06:48:20,L01-AUTOBAN,SP330,109.0,SUL,-22.827506,-47.184259,ENGAVETAMENTO,ENGAVETAMENTO,NÃO INFORMADO,AUTOMÓVEL=3,SUMARÉ,CAMPINAS,CAMPINAS,ESTADUAL
1227,2023-03-27,13:45:11,L01-AUTOBAN,SP330,31.5,SUL,-23.39720798,-46.83626543,ENGAVETAMENTO,ENGAVETAMENTO,NÃO INFORMADO,AUTOMÓVEL=3,CAJAMAR,REG. METROPOLITANA SÃO PAULO,SÃO PAULO,ESTADUAL
1229,2023-03-27,17:30:16,L01-AUTOBAN,SP330,60.8,NORTE,-23.17643576,-46.91695761,COLISÃO,COLISÃO-LATERAL,NÃO INFORMADO,NÃO INFORMADO=1|UTILITÁRIO=1,JUNDIAÍ,CAMPINAS,CAMPINAS,ESTADUAL
1230,2023-03-27,17:52:59,L01-AUTOBAN,SP330,108.0,NORTE,-22.83258532,-47.17717052,ENGAVETAMENTO,ENGAVETAMENTO,NÃO INFORMADO,AUTOMÓVEL=2|VAN/PERUA=1,SUMARÉ,CAMPINAS,CAMPINAS,ESTADUAL
1231,2023-03-27,18:34:38,L01-AUTOBAN,SP330,105.5,NORTE,-22.8491098,-47.16039622,COLISÃO,COLISÃO-LATERAL,NÃO INFORMADO,AUTOMÓVEL=1|NÃO INFORMADO=1,CAMPINAS,CAMPINAS,CAMPINAS,ESTADUAL
1232,2023-03-28,06:24:46,L01-AUTOBAN,SP330,148.0,SUL,-22.545538,-47.37616,COLISÃO,COLISÃO-LATERAL,NÃO INFORMADO,AUTOMÓVEL=1|CAMINHÃO=1|CARRETA=1,LIMEIRA,CAMPINAS,RIO CLARO,ESTADUAL
1233,2023-03-28,06:55:35,L01-AUTOBAN,SP330,50.0,NORTE,-23.25685215,-46.86727881,CHOQUE,CHOQUE-DEFENSA METÁLICA,NÃO INFORMADO,AUTOMÓVEL=1,JUNDIAÍ,CAMPINAS,CAMPINAS,ESTADUAL
1235,2023-03-28,08:55:05,L01-AUTOBAN,SPM330D,18.0,NORTE,-23.48241663,-46.7709446,TOMBAMENTO,TOMBAMENTO-MOTO,NÃO INFORMADO,MOTO=1,OSASCO,REG. METROPOLITANA SÃO PAULO,SÃO PAULO,ESTADUAL
1236,2023-03-28,09:16:12,L01-AUTOBAN,SPM330D,101.0,NORTE,-22.87381266,-47.12474406,CHOQUE,CHOQUE-BARREIRA DE CONCRETO,NÃO INFORMADO,AUTOMÓVEL=1|NÃO INFORMADO=1,CAMPINAS,CAMPINAS,CAMPINAS,ESTADUAL
1238,2023-03-28,12:49:48,L01-AUTOBAN,SP330,18.0,SUL,-23.4821903,-46.77117527,CHOQUE,CHOQUE-BARREIRA DE CONCRETO,NÃO INFORMADO,AUTOMÓVEL=1,OSASCO,REG. METROPOLITANA SÃO PAULO,SÃO PAULO,ESTADUAL
1242,2023-03-28,15:34:55,L01-AUTOBAN,SP330,92.0,NORTE,-22.93511642,-47.07138956,TOMBAMENTO,TOMBAMENTO-MOTO,NÃO INFORMADO,MOTO=1,CAMPINAS,CAMPINAS,CAMPINAS,ESTADUAL
1243,2023-03-28,15:49:20,L01-AUTOBAN,SP330,120.0,SUL,-22.75697436,-47.25467026,TOMBAMENTO,TOMBAMENTO-MOTO,NÃO INFORMADO,MOTO=1,AMERICANA,CAMPINAS,RIO CLARO,ESTADUAL
1244,2023-03-28,16:34:55,L01-AUTOBAN,SPM330E,99.0,SUL,-22.88797241,-47.11348951,COLISÃO,COLISÃO-LATERAL,NÃO INFORMADO,AUTOMÓVEL=1|CAMINHÃO=1,CAMPINAS,CAMPINAS,CAMPINAS,ESTADUAL
1245,2023-03-28,16:57:13,L01-AUTOBAN,SP330,91.0,NORTE,-22.942859,-47.066539,COLISÃO,COLISÃO-TRASEIRA,NÃO INFORMADO,AUTOMÓVEL=2,CAMPINAS,CAMPINAS,CAMPINAS,ESTADUAL
1246,2023-03-28,17:23:30,L01-AUTOBAN,SP330,79.0,SUL,-23.037406,-47.009422,CHOQUE,CHOQUE-DEFENSA METÁLICA,NÃO INFORMADO,AUTOMÓVEL=1,VINHEDO,CAMPINAS,CAMPINAS,ESTADUAL
1250,2023-03-28,21:25:28,L01-AUTOBAN,SP330,113.3,NORTE,-22.8050593,-47.21797981,CHOQUE,CHOQUE-DEFENSA METÁLICA,NÃO INFORMADO,CARRETA=1,SUMARÉ,CAMPINAS,CAMPINAS,ESTADUAL
1251,2023-03-28,23:18:59,L01-AUTOBAN,SP330,23.3,SUL,-23.44142978,-46.78686404,CHOQUE,CHOQUE-DEFENSA METÁLICA,NÃO INFORMADO,AUTOMÓVEL=1,SÃO PAULO,REG. METROPOLITANA SÃO PAULO,SÃO PAULO,ESTADUAL
1255,2023-03-29,05:27:13,L01-AUTOBAN,SP330,140.5,SUL,-22.60799455,-47.35951711,COLISÃO,COLISÃO-LATERAL,NÃO INFORMADO,AUTOMÓVEL=1|CAMINHÃO=1,LIMEIRA,CAMPINAS,RIO CLARO,ESTADUAL
1256,2023-03-29,07:33:36,L01-AUTOBAN,SPI102/330,5.7,NORTE,-22.91334474,-47.13551222,COLISÃO,COLISÃO-LATERAL,NÃO INFORMADO,CARRETA=2,CAMPINAS,CAMPINAS,CAMPINAS,ESTADUAL
1257,2023-03-29,07:46:40,L01-AUTOBAN,SP330,25.0,NORTE,-23.426127,-46.787542,COLISÃO,COLISÃO-LATERAL,NÃO INFORMADO,AUTOMÓVEL=2|NÃO INFORMADO=1,SÃO PAULO,REG. METROPOLITANA SÃO PAULO,SÃO PAULO,ESTADUAL
1258,2023-03-29,07:51:02,L01-AUTOBAN,SP330,105.0,SUL,-22.8520883,-47.15678573,COLISÃO,COLISÃO-TRASEIRA,NÃO INFORMADO,AUTOMÓVEL=1|CAMINHÃO=1,CAMPINAS,CAMPINAS,CAMPINAS,ESTADUAL
1259,2023-03-29,07:52:09,L01-AUTOBAN,SP330,23.5,SUL,-23.43954278,-46.78673744,TOMBAMENTO,TOMBAMENTO-MOTO,NÃO INFORMADO,MOTO=1,SÃO PAULO,REG. METROPOLITANA SÃO PAULO,SÃO PAULO,ESTADUAL
1262,2023-03-29,15:48:07,L01-AUTOBAN,SP330,105.0,NORTE,-22.8517126,-47.15673745,ENGAVETAMENTO,ENGAVETAMENTO,NÃO INFORMADO,AUTOMÓVEL=3,CAMPINAS,CAMPINAS,CAMPINAS,ESTADUAL
1263,2023-03-29,15:59:14,L01-AUTOBAN,SP330,103.0,SUL,-22.862525,-47.139454,COLISÃO,COLISÃO-LATERAL,NÃO INFORMADO,AUTOMÓVEL=1|CARRETA=1,CAMPINAS,CAMPINAS,CAMPINAS,ESTADUAL
1264,2023-03-29,17:21:52,L01-AUTOBAN,SP330,63.1,NORTE,-23.15990874,-46.93220736,TOMBAMENTO,TOMBAMENTO-MOTO,NÃO INFORMADO,MOTO=1,JUNDIAÍ,CAMPINAS,CAMPINAS,ESTADUAL
1265,2023-03-29,17:52:21,L01-AUTOBAN,SP330,17.0,NORTE,-23.49032799,-46.76676035,TOMBAMENTO,TOMBAMENTO-MOTO,NÃO INFORMADO,MOTO=1,SÃO PAULO,REG. METROPOLITANA SÃO PAULO,SÃO PAULO,ESTADUAL
1267,2023-03-29,18:46:48,L01-AUTOBAN,SPM330E,57.0,SUL,-23.20600964,-46.89924002,COLISÃO,COLISÃO-FRONTAL,NÃO INFORMADO,AUTOMÓVEL=1|MOTO=1,JUNDIAÍ,CAMPINAS,CAMPINAS,ESTADUAL
1271,2023-03-29,22:20:44,L01-AUTOBAN,SP330,45.3,NORTE,-23.29631513,-46.8641895,CHOQUE,CHOQUE-DEFENSA METÁLICA,NÃO INFORMADO,UTILITÁRIO=1,CAJAMAR,REG. METROPOLITANA SÃO PAULO,SÃO PAULO,ESTADUAL
1272,2023-03-30,11:01:29,L01-AUTOBAN,SP330,146.1,NORTE,-22.560678,-47.366217,CHOQUE,CHOQUE-BARREIRA DE CONCRETO,NÃO INFORMADO,AUTOMÓVEL=1,LIMEIRA,CAMPINAS,RIO CLARO,ESTADUAL
1273,2023-03-30,13:04:01,L01-AUTOBAN,SP330,69.1,SUL,-23.11298002,-46.95820301,CHOQUE,CHOQUE-ELEMENTO DE DRENAGEM,NÃO INFORMADO,AUTOMÓVEL=1,JUNDIAÍ,CAMPINAS,CAMPINAS,ESTADUAL
1275,2023-03-30,16:35:40,L01-AUTOBAN,SP330,60.3,SUL,-23.17940892,-46.91372287,ENGAVETAMENTO,ENGAVETAMENTO,NÃO INFORMADO,AUTOMÓVEL=3,JUNDIAÍ,CAMPINAS,CAMPINAS,ESTADUAL
1276,2023-03-30,21:50:15,L01-AUTOBAN,SP330,114.8,NORTE,-22.7938795,-47.22522713,COLISÃO,COLISÃO-TRASEIRA,NÃO INFORMADO,BITREM/CVC=1|CARRETA=1,SUMARÉ,CAMPINAS,CAMPINAS,ESTADUAL
1278,2023-03-30,22:08:07,L01-AUTOBAN,SP330,69.42,NORTE,-23.1102405,-46.9597161,CHOQUE,CHOQUE-BARREIRA DE CONCRETO,NÃO INFORMADO,AUTOMÓVEL=1,JUNDIAÍ,CAMPINAS,CAMPINAS,ESTADUAL
1279,2023-03-30,22:32:22,L01-AUTOBAN,SP330,128.44,SUL,-22.70101373,-47.30620259,COLISÃO,COLISÃO-TRASEIRA,NÃO INFORMADO,BITREM/CVC=2,AMERICANA,CAMPINAS,RIO CLARO,ESTADUAL
1280,2023-03-31,01:10:16,L01-AUTOBAN,SP330,107.24,SUL,-22.83820185,-47.17241806,CHOQUE,CHOQUE-OBJETO NA PISTA,NÃO INFORMADO,AUTOMÓVEL=1|CARRETA=1,SUMARÉ,CAMPINAS,CAMPINAS,ESTADUAL
1286,2023-03-31,11:21:00,L01-AUTOBAN,SPM330E,96.0,SUL,-22.91179599,-47.10138738,COLISÃO,COLISÃO-TRASEIRA,NÃO INFORMADO,AUTOMÓVEL=1|CARRETA=1,CAMPINAS,CAMPINAS,CAMPINAS,ESTADUAL
1288,2023-03-31,13:51:07,L01-AUTOBAN,SP330,75.0,SUL,-23.068143,-46.988749,COLISÃO,COLISÃO-LATERAL,NÃO INFORMADO,CAMINHÃO=2,VINHEDO,CAMPINAS,CAMPINAS,ESTADUAL
1290,2023-03-31,15:04:34,L01-AUTOBAN,SP330,31.1,NORTE,-23.4005538,-46.83667321,ENGAVETAMENTO,ENGAVETAMENTO,NÃO INFORMADO,CARRETA=2|UTILITÁRIO=1,CAJAMAR,REG. METROPOLITANA SÃO PAULO,SÃO PAULO,ESTADUAL
1299,2023-04-01,09:58:18,L01-AUTOBAN,SP330,14.0,SUL,-23.50718726,-46.75003409,COLISÃO,COLISÃO-TRASEIRA,NÃO INFORMADO,MOTO=1|NÃO INFORMADO=1,SÃO PAULO,REG. METROPOLITANA SÃO PAULO,SÃO PAULO,ESTADUAL
1300,2023-04-01,12:11:14,L01-AUTOBAN,SP330,105.0,NORTE,-22.8517126,-47.15673745,COLISÃO,COLISÃO-LATERAL,NÃO INFORMADO,AUTOMÓVEL=1|MOTO=1,CAMPINAS,CAMPINAS,CAMPINAS,ESTADUAL
1301,2023-04-01,13:44:48,L01-AUTOBAN,SP330,103.0,NORTE,-22.86219711,-47.13924408,COLISÃO,COLISÃO-TRASEIRA,NÃO INFORMADO,AUTOMÓVEL=1|CARRETA=1,CAMPINAS,CAMPINAS,CAMPINAS,ESTADUAL
1302,2023-04-01,16:08:38,L01-AUTOBAN,SPM330D,116.0,NORTE,-22.78318009,-47.23063767,COLISÃO,COLISÃO-TRANSVERSAL,NÃO INFORMADO,AUTOMÓVEL=1|MOTO=1,NOVA ODESSA,CAMPINAS,RIO CLARO,ESTADUAL
1303,2023-04-01,19:17:42,L01-AUTOBAN,SPM330E,91.3,SUL,-22.9407008,-47.06803359,ATROPELAMENTO DE PEDESTRE,ATROP. PEDESTRE-MORADOR/TRABALHADOR/ESTUDANTE,NÃO INFORMADO,AUTOMÓVEL=1|NÃO SE APLICA=1,CAMPINAS,CAMPINAS,CAMPINAS,ESTADUAL
1304,2023-04-01,19:22:18,L01-AUTOBAN,SP330,154.2,NORTE,-22.4950476,-47.39924669,TOMBAMENTO,TOMBAMENTO-MOTO,NÃO INFORMADO,MOTO=1,CORDEIRÓPOLIS,CAMPINAS,RIO CLARO,ESTADUAL
1305,2023-04-01,19:53:27,L01-AUTOBAN,SP330,118.0,NORTE,-22.76886599,-47.24079788,ATROPELAMENTO DE PEDESTRE,ATROP. PEDESTRE-MORADOR/TRABALHADOR/ESTUDANTE,NÃO INFORMADO,NÃO INFORMADO=1|NÃO SE APLICA=1,NOVA ODESSA,CAMPINAS,RIO CLARO,ESTADUAL
1307,2023-04-02,09:28:16,L01-AUTOBAN,SP330,11.8,NORTE,-23.516179,-46.72591,COLISÃO,COLISÃO-LATERAL,NÃO INFORMADO,AUTOMÓVEL=1|MOTO=1,SÃO PAULO,REG. METROPOLITANA SÃO PAULO,SÃO PAULO,ESTADUAL
1309,2023-04-02,17:53:07,L01-AUTOBAN,SP330,12.0,NORTE,-23.50917461,-46.73062027,TOMBAMENTO,TOMBAMENTO-MOTO,NÃO INFORMADO,MOTO=1,SÃO PAULO,REG. METROPOLITANA SÃO PAULO,SÃO PAULO,ESTADUAL
1313,2023-04-03,07:10:23,L01-AUTOBAN,SP330,72.5,NORTE,-23.08644833,-46.97531209,COLISÃO,COLISÃO-TRASEIRA,NÃO INFORMADO,AUTOMÓVEL=1|UTILITÁRIO=1,LOUVEIRA,CAMPINAS,CAMPINAS,ESTADUAL
1314,2023-04-03,07:10:37,L01-AUTOBAN,SP330,72.5,NORTE,-23.08644833,-46.97531209,COLISÃO,COLISÃO-TRASEIRA,NÃO INFORMADO,AUTOMÓVEL=2,LOUVEIRA,CAMPINAS,CAMPINAS,ESTADUAL
1315,2023-04-03,07:15:54,L01-AUTOBAN,SP330,122.5,NORTE,-22.74332923,-47.26866589,CHOQUE,CHOQUE-BARREIRA DE CONCRETO,NÃO INFORMADO,AUTOMÓVEL=1,AMERICANA,CAMPINAS,RIO CLARO,ESTADUAL
1316,2023-04-03,07:26:21,L01-AUTOBAN,SP330,71.45,NORTE,-23.09432611,-46.97017504,ENGAVETAMENTO,ENGAVETAMENTO,NÃO INFORMADO,AUTOMÓVEL=3|UTILITÁRIO=1,LOUVEIRA,CAMPINAS,CAMPINAS,ESTADUAL
1317,2023-04-03,09:09:09,L01-AUTOBAN,SP330,68.0,NORTE,-23.1222553,-46.95426822,CHOQUE,CHOQUE-BARREIRA DE CONCRETO,NÃO INFORMADO,AUTOMÓVEL=1,JUNDIAÍ,CAMPINAS,CAMPINAS,ESTADUAL
1318,2023-04-03,10:33:27,L01-AUTOBAN,SP330,57.0,NORTE,-23.20593075,-46.89907372,COLISÃO,COLISÃO-LATERAL,NÃO INFORMADO,CAMINHÃO=1|UTILITÁRIO=1,JUNDIAÍ,CAMPINAS,CAMPINAS,ESTADUAL
1320,2023-04-03,17:34:39,L01-AUTOBAN,SP330,97.0,NORTE,-22.90407763,-47.10779786,COLISÃO,COLISÃO-LATERAL,NÃO INFORMADO,MOTO=2,CAMPINAS,CAMPINAS,CAMPINAS,ESTADUAL
1321,2023-04-03,18:41:28,L01-AUTOBAN,SP330,61.8,NORTE,-23.16995265,-46.92488944,COLISÃO,COLISÃO-TRASEIRA,NÃO INFORMADO,AUTOMÓVEL=2,JUNDIAÍ,CAMPINAS,CAMPINAS,ESTADUAL
1322,2023-04-03,19:50:33,L01-AUTOBAN,SPM330D,106.0,NORTE,-22.846507,-47.164055,ENGAVETAMENTO,ENGAVETAMENTO,NÃO INFORMADO,AUTOMÓVEL=1|CAMINHÃO=1|UTILITÁRIO=1,SUMARÉ,CAMPINAS,CAMPINAS,ESTADUAL
1326,2023-04-04,08:32:26,L01-AUTOBAN,SP330,101.0,SUL,-22.87408945,-47.12487817,ENGAVETAMENTO,ENGAVETAMENTO,NÃO INFORMADO,AUTOMÓVEL=2|UTILITÁRIO=1,CAMPINAS,CAMPINAS,CAMPINAS,ESTADUAL
1329,2023-04-04,08:57:18,L01-AUTOBAN,SP330,101.0,SUL,-22.87408945,-47.12487817,ENGAVETAMENTO,ENGAVETAMENTO,NÃO INFORMADO,AUTOMÓVEL=4,CAMPINAS,CAMPINAS,CAMPINAS,ESTADUAL
1330,2023-04-04,09:44:54,L01-AUTOBAN,SP330,129.2,SUL,-22.69522608,-47.3098272,COLISÃO,COLISÃO-LATERAL,NÃO INFORMADO,AUTOMÓVEL=1|CAMINHÃO=1,AMERICANA,CAMPINAS,RIO CLARO,ESTADUAL
1331,2023-04-04,10:26:32,L01-AUTOBAN,SP330,35.0,NORTE,-23.369218,-46.84502,ENGAVETAMENTO,ENGAVETAMENTO,NÃO INFORMADO,CAMINHÃO=2|NÃO INFORMADO=1,CAJAMAR,REG. METROPOLITANA SÃO PAULO,SÃO PAULO,ESTADUAL
1332,2023-04-04,11:36:15,L01-AUTOBAN,SP330,21.0,SUL,-23.46099256,-46.78144813,CHOQUE,CHOQUE-VEÍCULO PARADO NA PISTA,NÃO INFORMADO,AUTOMÓVEL=2,SÃO PAULO,REG. METROPOLITANA SÃO PAULO,SÃO PAULO,ESTADUAL
1334,2023-04-04,12:29:31,L01-AUTOBAN,SP330,21.2,SUL,-23.45940107,-46.78248775,COLISÃO,COLISÃO-TRASEIRA,NÃO INFORMADO,NÃO INFORMADO=1|VAN/PERUA=1,SÃO PAULO,REG. METROPOLITANA SÃO PAULO,SÃO PAULO,ESTADUAL
1335,2023-04-04,15:00:17,L01-AUTOBAN,SP330,37.0,NORTE,-23.3512985,-46.84660435,COLISÃO,COLISÃO-TRASEIRA,NÃO INFORMADO,MOTO=1|NÃO INFORMADO=1,CAJAMAR,REG. METROPOLITANA SÃO PAULO,SÃO PAULO,ESTADUAL
1336,2023-04-04,18:23:29,L01-AUTOBAN,SP330,92.0,NORTE,-22.93511642,-47.07138956,COLISÃO,COLISÃO-TRANSVERSAL,NÃO INFORMADO,AUTOMÓVEL=2,CAMPINAS,CAMPINAS,CAMPINAS,ESTADUAL
1337,2023-04-04,18:37:30,L01-AUTOBAN,SP330,25.0,NORTE,-23.426127,-46.787542,COLISÃO,COLISÃO-LATERAL,NÃO INFORMADO,MOTO=1|UTILITÁRIO=1,SÃO PAULO,REG. METROPOLITANA SÃO PAULO,SÃO PAULO,ESTADUAL
1338,2023-04-04,19:25:09,L01-AUTOBAN,SP330,17.0,NORTE,-23.49032799,-46.76676035,COLISÃO,COLISÃO-TRASEIRA,NÃO INFORMADO,UTILITÁRIO=2,SÃO PAULO,REG. METROPOLITANA SÃO PAULO,SÃO PAULO,ESTADUAL
1339,2023-04-05,01:41:39,L01-AUTOBAN,SPM330E,18.2,SUL,-23.48049475,-46.77146494,TOMBAMENTO,TOMBAMENTO-MOTO,NÃO INFORMADO,MOTO=1,OSASCO,REG. METROPOLITANA SÃO PAULO,SÃO PAULO,ESTADUAL
1340,2023-04-05,04:04:26,L01-AUTOBAN,SP330,33.5,SUL,-23.38033476,-46.83940012,CHOQUE,CHOQUE-ELEMENTO DE DRENAGEM,NÃO INFORMADO,AUTOMÓVEL=1,CAJAMAR,REG. METROPOLITANA SÃO PAULO,SÃO PAULO,ESTADUAL
1341,2023-04-05,05:19:20,L01-AUTOBAN,SP330,37.68,NORTE,-23.34696476,-46.84274497,CHOQUE,CHOQUE-SINALIZAÇÃO,NÃO INFORMADO,AUTOMÓVEL=1,CAJAMAR,REG. METROPOLITANA SÃO PAULO,SÃO PAULO,ESTADUAL
1346,2023-04-05,12:42:26,L01-AUTOBAN,SP330,60.6,NORTE,-23.1775769,-46.91558324,COLISÃO,COLISÃO-LATERAL,NÃO INFORMADO,AUTOMÓVEL=1|CARRETA=1,JUNDIAÍ,CAMPINAS,CAMPINAS,ESTADUAL
1349,2023-04-05,18:40:09,L01-AUTOBAN,SP330,67.0,NORTE,-23.13040025,-46.95047557,CHOQUE,CHOQUE-BARREIRA DE CONCRETO,NÃO INFORMADO,AUTOMÓVEL=1,JUNDIAÍ,CAMPINAS,CAMPINAS,ESTADUAL
1350,2023-04-05,19:27:13,L01-AUTOBAN,SPM330D,109.0,NORTE,-22.82737416,-47.18387604,COLISÃO,COLISÃO-TRASEIRA,NÃO INFORMADO,AUTOMÓVEL=2,SUMARÉ,CAMPINAS,CAMPINAS,ESTADUAL
1351,2023-04-06,01:59:33,L01-AUTOBAN,SP330,64.0,NORTE,-23.15321924,-46.93559468,COLISÃO,COLISÃO-TRASEIRA,NÃO INFORMADO,CARRETA=1|UTILITÁRIO=1,JUNDIAÍ,CAMPINAS,CAMPINAS,ESTADUAL
1353,2023-04-06,06:52:11,L01-AUTOBAN,SPM330D,54.0,NORTE,-23.22302831,-46.87753558,CHOQUE,CHOQUE-DEFENSA METÁLICA,NÃO INFORMADO,AUTOMÓVEL=1,JUNDIAÍ,CAMPINAS,CAMPINAS,ESTADUAL
1355,2023-04-06,08:24:43,L01-AUTOBAN,SP330,105.0,SUL,-22.8520883,-47.15678573,COLISÃO,COLISÃO-LATERAL,NÃO INFORMADO,AUTOMÓVEL=1|MOTO=1,CAMPINAS,CAMPINAS,CAMPINAS,ESTADUAL
1360,2023-04-06,13:33:13,L01-AUTOBAN,SP330,12.0,SUL,-23.50948451,-46.73040569,TOMBAMENTO,TOMBAMENTO-MOTO,NÃO INFORMADO,MOTO=1,SÃO PAULO,REG. METROPOLITANA SÃO PAULO,SÃO PAULO,ESTADUAL
1363,2023-04-06,14:36:56,L01-AUTOBAN,SP330,57.0,NORTE,-23.20593075,-46.89907372,COLISÃO,COLISÃO-LATERAL,NÃO INFORMADO,AUTOMÓVEL=1|CARRETA=1,JUNDIAÍ,CAMPINAS,CAMPINAS,ESTADUAL
1364,2023-04-06,14:40:28,L01-AUTOBAN,SP330,53.0,NORTE,-23.230639,-46.87295,ENGAVETAMENTO,ENGAVETAMENTO,NÃO INFORMADO,AUTOMÓVEL=3,JUNDIAÍ,CAMPINAS,CAMPINAS,ESTADUAL
1365,2023-04-06,16:11:53,L01-AUTOBAN,SP330,16.0,NORTE,-23.49409163,-46.75879955,COLISÃO,COLISÃO-TRASEIRA,NÃO INFORMADO,UTILITÁRIO=2,OSASCO,REG. METROPOLITANA SÃO PAULO,SÃO PAULO,ESTADUAL
1367,2023-04-06,17:07:38,L01-AUTOBAN,SP330,104.0,SUL,-22.85707606,-47.14874983,TOMBAMENTO,TOMBAMENTO-MOTO,NÃO INFORMADO,MOTO=1,CAMPINAS,CAMPINAS,CAMPINAS,ESTADUAL
1368,2023-04-06,17:12:08,L01-AUTOBAN,SPM330E,12.3,SUL,-23.50908458,-46.73329765,COLISÃO,COLISÃO-LATERAL,NÃO INFORMADO,AUTOMÓVEL=1|MOTO=1,SÃO PAULO,REG. METROPOLITANA SÃO PAULO,SÃO PAULO,ESTADUAL
1370,2023-04-06,17:41:50,L01-AUTOBAN,SP330,83.5,SUL,-23.00171062,-47.03061998,COLISÃO,COLISÃO-TRASEIRA,NÃO INFORMADO,AUTOMÓVEL=1|MOTO=1,VALINHOS,CAMPINAS,CAMPINAS,ESTADUAL
1371,2023-04-06,18:04:35,L01-AUTOBAN,SP330,128.3,SUL,-22.70201695,-47.30537422,COLISÃO,COLISÃO-TRASEIRA,NÃO INFORMADO,AUTOMÓVEL=1|NÃO INFORMADO=1,AMERICANA,CAMPINAS,RIO CLARO,ESTADUAL
1372,2023-04-06,18:40:50,L01-AUTOBAN,SP330,41.0,NORTE,-23.32336079,-46.84696376,COLISÃO,COLISÃO-FRONTAL,NÃO INFORMADO,BICICLETA=1|MOTO=1,CAJAMAR,REG. METROPOLITANA SÃO PAULO,SÃO PAULO,ESTADUAL
1373,2023-04-06,18:49:24,L01-AUTOBAN,SP330,106.6,SUL,-22.84263226,-47.1682248,ENGAVETAMENTO,ENGAVETAMENTO,NÃO INFORMADO,AUTOMÓVEL=3,SUMARÉ,CAMPINAS,CAMPINAS,ESTADUAL
1375,2023-04-06,19:44:22,L01-AUTOBAN,SP330,19.83,SUL,-23.46972246,-46.77797107,COLISÃO,COLISÃO-LATERAL,NÃO INFORMADO,MOTO=1|NÃO INFORMADO=1,OSASCO,REG. METROPOLITANA SÃO PAULO,SÃO PAULO,ESTADUAL
1377,2023-04-07,01:16:10,L01-AUTOBAN,SPM330E,107.3,SUL,-22.83778534,-47.1728098,CHOQUE,CHOQUE-DEFENSA METÁLICA,NÃO INFORMADO,CARRETA=1,SUMARÉ,CAMPINAS,CAMPINAS,ESTADUAL
1378,2023-04-07,04:53:46,L01-AUTOBAN,SPM330E,54.35,SUL,-23.22080592,-46.87984415,CHOQUE,CHOQUE-DEFENSA METÁLICA,NÃO INFORMADO,AUTOMÓVEL=1,JUNDIAÍ,CAMPINAS,CAMPINAS,ESTADUAL
1380,2023-04-07,05:25:08,L01-AUTOBAN,SPM330D,57.0,NORTE,-23.20593075,-46.89907372,CHOQUE,CHOQUE-DEFENSA METÁLICA,NÃO INFORMADO,AUTOMÓVEL=1,JUNDIAÍ,CAMPINAS,CAMPINAS,ESTADUAL
1384,2023-04-07,07:35:49,L01-AUTOBAN,SP330,115.0,NORTE,-22.79222084,-47.22608328,CHOQUE,CHOQUE-BARREIRA DE CONCRETO,NÃO INFORMADO,AUTOMÓVEL=1,SUMARÉ,CAMPINAS,CAMPINAS,ESTADUAL
1390,2023-04-07,11:00:30,L01-AUTOBAN,SP330,153.4,NORTE,-22.50203674,-47.39906752,COLISÃO,COLISÃO-LATERAL,NÃO INFORMADO,AUTOMÓVEL=2,CORDEIRÓPOLIS,CAMPINAS,RIO CLARO,ESTADUAL
1391,2023-04-07,11:00:57,L01-AUTOBAN,SP330,23.5,NORTE,-23.43944925,-46.78658456,COLISÃO,COLISÃO-LATERAL,NÃO INFORMADO,AUTOMÓVEL=1|BITREM/CVC=1,SÃO PAULO,REG. METROPOLITANA SÃO PAULO,SÃO PAULO,ESTADUAL
1392,2023-04-07,11:39:19,L01-AUTOBAN,SPM330E,92.6,SUL,-22.93196953,-47.07589968,CHOQUE,CHOQUE-BARREIRA DE CONCRETO,NÃO INFORMADO,AUTOMÓVEL=1,CAMPINAS,CAMPINAS,CAMPINAS,ESTADUAL
1394,2023-04-07,11:42:26,L01-AUTOBAN,SP330,20.2,SUL,-23.46732267,-46.77954269,CHOQUE,CHOQUE-BARREIRA DE CONCRETO,NÃO INFORMADO,AUTOMÓVEL=1,OSASCO,REG. METROPOLITANA SÃO PAULO,SÃO PAULO,ESTADUAL
1395,2023-04-07,12:16:30,L01-AUTOBAN,SP330,98.0,SUL,-22.89624517,-47.11095214,CHOQUE,CHOQUE-BARREIRA DE CONCRETO,NÃO INFORMADO,AUTOMÓVEL=1,CAMPINAS,CAMPINAS,CAMPINAS,ESTADUAL
1397,2023-04-07,12:21:39,L01-AUTOBAN,SPM330D,86.7,NORTE,-22.97724068,-47.04690999,CHOQUE,CHOQUE-MEIO FIO/CALÇAMENTO,NÃO INFORMADO,AUTOMÓVEL=1,CAMPINAS,CAMPINAS,CAMPINAS,ESTADUAL
1399,2023-04-07,13:09:52,L01-AUTOBAN,SP330,20.3,NORTE,-23.46647482,-46.7796328,ENGAVETAMENTO,ENGAVETAMENTO,NÃO INFORMADO,AUTOMÓVEL=2|NÃO INFORMADO=2,OSASCO,REG. METROPOLITANA SÃO PAULO,SÃO PAULO,ESTADUAL
1400,2023-04-07,14:31:39,L01-AUTOBAN,SP330,20.0,NORTE,-23.46894457,-46.77887321,CHOQUE,CHOQUE-TALUDE OU BARRANCO,NÃO INFORMADO,AUTOMÓVEL=1,OSASCO,REG. METROPOLITANA SÃO PAULO,SÃO PAULO,ESTADUAL
1402,2023-04-07,14:45:04,L01-AUTOBAN,SP330,20.0,NORTE,-23.46894457,-46.77887321,CHOQUE,CHOQUE-TALUDE OU BARRANCO,NÃO INFORMADO,AUTOMÓVEL=1,OSASCO,REG. METROPOLITANA SÃO PAULO,SÃO PAULO,ESTADUAL
1405,2023-04-07,15:00:48,L01-AUTOBAN,SP330,97.9,NORTE,-22.89669483,-47.11045325,CHOQUE,CHOQUE-BARREIRA DE CONCRETO,NÃO INFORMADO,AUTOMÓVEL=1,CAMPINAS,CAMPINAS,CAMPINAS,ESTADUAL
1407,2023-04-07,16:24:44,L01-AUTOBAN,SP330,19.9,NORTE,-23.46942137,-46.77824825,CHOQUE,CHOQUE-BARREIRA DE CONCRETO,NÃO INFORMADO,AUTOMÓVEL=1,OSASCO,REG. METROPOLITANA SÃO PAULO,SÃO PAULO,ESTADUAL
1412,2023-04-07,19:39:50,L01-AUTOBAN,SP330,25.5,SUL,-23.42658,-46.787612,COLISÃO,COLISÃO-TRASEIRA,NÃO INFORMADO,NÃO INFORMADO=1|UTILITÁRIO=1,SÃO PAULO,REG. METROPOLITANA SÃO PAULO,SÃO PAULO,ESTADUAL
1413,2023-04-07,20:19:52,L01-AUTOBAN,SP330,35.8,NORTE,-23.36197881,-46.8476992,COLISÃO,COLISÃO-LATERAL,NÃO INFORMADO,AUTOMÓVEL=1|CARRETA=1,CAJAMAR,REG. METROPOLITANA SÃO PAULO,SÃO PAULO,ESTADUAL
1415,2023-04-08,00:27:02,L01-AUTOBAN,SP330,103.7,SUL,-22.85871076,-47.14596105,CHOQUE,CHOQUE-ELEMENTO DE DRENAGEM,NÃO INFORMADO,AUTOMÓVEL=1,CAMPINAS,CAMPINAS,CAMPINAS,ESTADUAL
1416,2023-04-08,01:26:11,L01-AUTOBAN,SP330,114.3,NORTE,-22.79802621,-47.22308673,CHOQUE,CHOQUE-BARREIRA DE CONCRETO,NÃO INFORMADO,AUTOMÓVEL=1,SUMARÉ,CAMPINAS,CAMPINAS,ESTADUAL
1419,2023-04-08,11:54:22,L01-AUTOBAN,SPI102/330,6.88,NORTE,-22.921411704836,-47.131995137152,COLISÃO,COLISÃO-TRANSVERSAL,NÃO INFORMADO,AUTOMÓVEL=1|UTILITÁRIO=1,CAMPINAS,CAMPINAS,CAMPINAS,ESTADUAL
1420,2023-04-08,12:37:44,L01-AUTOBAN,SP330,120.13,SUL,-22.75608239,-47.25560193,CHOQUE,CHOQUE-SINALIZAÇÃO,NÃO INFORMADO,AUTOMÓVEL=1,AMERICANA,CAMPINAS,RIO CLARO,ESTADUAL
1421,2023-04-08,15:05:19,L01-AUTOBAN,SP330,19.9,NORTE,-23.46942137,-46.77824825,CHOQUE,CHOQUE-TALUDE OU BARRANCO,NÃO INFORMADO,AUTOMÓVEL=1,OSASCO,REG. METROPOLITANA SÃO PAULO,SÃO PAULO,ESTADUAL
1422,2023-04-08,18:17:54,L01-AUTOBAN,SP330,61.0,NORTE,-23.17529462,-46.91833198,ENGAVETAMENTO,ENGAVETAMENTO,NÃO INFORMADO,AUTOMÓVEL=1|NÃO INFORMADO=1|UTILITÁRIO=1,JUNDIAÍ,CAMPINAS,CAMPINAS,ESTADUAL
1424,2023-04-08,22:43:54,L01-AUTOBAN,SPM330E,106.88,SUL,-22.84069712,-47.17006329,COLISÃO,COLISÃO-TRASEIRA,NÃO INFORMADO,AUTOMÓVEL=1|MOTO=1,SUMARÉ,CAMPINAS,CAMPINAS,ESTADUAL
1426,2023-04-09,00:37:43,L01-AUTOBAN,SP330,149.5,SUL,-22.53398089,-47.38409221,COLISÃO,COLISÃO-LATERAL,NÃO INFORMADO,AUTOMÓVEL=2,LIMEIRA,CAMPINAS,RIO CLARO,ESTADUAL
1427,2023-04-09,06:03:37,L01-AUTOBAN,SPM330D,60.6,NORTE,-23.1775769,-46.91558324,CHOQUE,CHOQUE-MEIO FIO/CALÇAMENTO,NÃO INFORMADO,AUTOMÓVEL=1,JUNDIAÍ,CAMPINAS,CAMPINAS,ESTADUAL
1429,2023-04-09,08:36:45,L01-AUTOBAN,SP330,41.4,SUL,-23.32104154,-46.84957624,CHOQUE,CHOQUE-BARREIRA DE CONCRETO,NÃO INFORMADO,AUTOMÓVEL=1,CAJAMAR,REG. METROPOLITANA SÃO PAULO,SÃO PAULO,ESTADUAL
1430,2023-04-09,15:33:46,L01-AUTOBAN,SP330,92.0,NORTE,-22.93511642,-47.07138956,CHOQUE,CHOQUE-BARREIRA DE CONCRETO,NÃO INFORMADO,AUTOMÓVEL=1,CAMPINAS,CAMPINAS,CAMPINAS,ESTADUAL
1434,2023-04-09,20:44:11,L01-AUTOBAN,SP330,62.8,SUL,-23.16881442,-46.92661464,COLISÃO,COLISÃO-TRASEIRA,NÃO INFORMADO,AUTOMÓVEL=2,JUNDIAÍ,CAMPINAS,CAMPINAS,ESTADUAL
1435,2023-04-09,21:00:33,L01-AUTOBAN,SP330,131.97,NORTE,-22.67085611,-47.3132614,CHOQUE,CHOQUE-DEFENSA METÁLICA,NÃO INFORMADO,AUTOMÓVEL=1,LIMEIRA,CAMPINAS,RIO CLARO,ESTADUAL
1436,2023-04-09,21:15:21,L01-AUTOBAN,SP330,58.0,SUL,-23.19706558,-46.90382659,ENGAVETAMENTO,ENGAVETAMENTO,NÃO INFORMADO,AUTOMÓVEL=2|UTILITÁRIO=1,JUNDIAÍ,CAMPINAS,CAMPINAS,ESTADUAL
1437,2023-04-10,00:27:39,L01-AUTOBAN,SPM330D,100.5,NORTE,-22.87707221,-47.12116331,CHOQUE,CHOQUE-VEÍCULO PARADO NA PISTA,NÃO INFORMADO,AUTOMÓVEL=2,CAMPINAS,CAMPINAS,CAMPINAS,ESTADUAL
1438,2023-04-10,02:56:58,L01-AUTOBAN,SP330,67.1,SUL,-23.12982848,-46.95103186,COLISÃO,COLISÃO-LATERAL,NÃO INFORMADO,AUTOMÓVEL=1|CAMINHÃO=1,JUNDIAÍ,CAMPINAS,CAMPINAS,ESTADUAL
1439,2023-04-10,06:12:44,L01-AUTOBAN,SP330,112.0,SUL,-22.81384598,-47.20930338,ENGAVETAMENTO,ENGAVETAMENTO,NÃO INFORMADO,BITREM/CVC=1|CARRETA=2,SUMARÉ,CAMPINAS,CAMPINAS,ESTADUAL
1440,2023-04-10,07:22:23,L01-AUTOBAN,SP330,62.5,SUL,-23.16484669,-46.92926735,COLISÃO,COLISÃO-TRASEIRA,NÃO INFORMADO,AUTOMÓVEL=2,JUNDIAÍ,CAMPINAS,CAMPINAS,ESTADUAL
1441,2023-04-10,07:29:36,L01-AUTOBAN,SPM330E,95.82,SUL,-22.91325637,-47.10008479,COLISÃO,COLISÃO-TRASEIRA,NÃO INFORMADO,CAMINHÃO=1|MOTO=1,CAMPINAS,CAMPINAS,CAMPINAS,ESTADUAL
1444,2023-04-10,07:53:09,L01-AUTOBAN,SP330,61.0,SUL,-23.17530448,-46.91870213,COLISÃO,COLISÃO-TRASEIRA,NÃO INFORMADO,AUTOMÓVEL=1|MOTO=1,JUNDIAÍ,CAMPINAS,CAMPINAS,ESTADUAL
1445,2023-04-10,08:17:36,L01-AUTOBAN,SP330,61.1,SUL,-23.17465549,-46.91949337,COLISÃO,COLISÃO-LATERAL,NÃO INFORMADO,AUTOMÓVEL=1|CARRETA=1,JUNDIAÍ,CAMPINAS,CAMPINAS,ESTADUAL
1447,2023-04-10,09:11:15,L01-AUTOBAN,SPI102/330,0.9,SUL,-22.864917,-47.134613,COLISÃO,COLISÃO-LATERAL,NÃO INFORMADO,AUTOMÓVEL=1|CARRETA=1,CAMPINAS,CAMPINAS,CAMPINAS,ESTADUAL
1450,2023-04-10,13:53:05,L01-AUTOBAN,SP330,71.0,SUL,-23.09783725,-46.96810305,CHOQUE,CHOQUE-OBJETO NA PISTA,NÃO INFORMADO,MOTO=1,LOUVEIRA,CAMPINAS,CAMPINAS,ESTADUAL
1454,2023-04-10,18:37:36,L01-AUTOBAN,SP330,96.8,NORTE,-22.9055521,-47.106519,ENGAVETAMENTO,ENGAVETAMENTO,NÃO INFORMADO,AUTOMÓVEL=3,CAMPINAS,CAMPINAS,CAMPINAS,ESTADUAL
1458,2023-04-11,05:51:57,L01-AUTOBAN,SP330,36.0,SUL,-23.36049321,-46.84859991,COLISÃO,COLISÃO-TRASEIRA,NÃO INFORMADO,MOTO=1|UTILITÁRIO=1,CAJAMAR,REG. METROPOLITANA SÃO PAULO,SÃO PAULO,ESTADUAL
1459,2023-04-11,07:08:02,L01-AUTOBAN,SPM330D,91.5,NORTE,-22.93898771,-47.06896428,ENGAVETAMENTO,ENGAVETAMENTO,NÃO INFORMADO,AUTOMÓVEL=3|UTILITÁRIO=2,CAMPINAS,CAMPINAS,CAMPINAS,ESTADUAL
1460,2023-04-11,08:17:21,L01-AUTOBAN,SP330,103.0,NORTE,-22.86219711,-47.13924408,ENGAVETAMENTO,ENGAVETAMENTO,NÃO INFORMADO,AUTOMÓVEL=3|UTILITÁRIO=1,CAMPINAS,CAMPINAS,CAMPINAS,ESTADUAL
1461,2023-04-11,09:15:38,L01-AUTOBAN,SP330,100.0,SUL,-22.88052946,-47.11788297,COLISÃO,COLISÃO-TRASEIRA,NÃO INFORMADO,CAMINHÃO=1|NÃO INFORMADO=1,CAMPINAS,CAMPINAS,CAMPINAS,ESTADUAL
1462,2023-04-11,09:21:45,L01-AUTOBAN,SP330,53.0,SUL,-23.2309453,-46.87306702,CHOQUE,CHOQUE-VEÍCULO PARADO NA PISTA,NÃO INFORMADO,AUTOMÓVEL=1|ÔNIBUS=1,JUNDIAÍ,CAMPINAS,CAMPINAS,ESTADUAL
1463,2023-04-11,09:22:58,L01-AUTOBAN,SP330,70.3,NORTE,-23.1033759,-46.96422674,COLISÃO,COLISÃO-LATERAL,NÃO INFORMADO,AUTOMÓVEL=1|CARRETA=1,LOUVEIRA,CAMPINAS,CAMPINAS,ESTADUAL
1465,2023-04-11,12:58:55,L01-AUTOBAN,SP330,22.4,NORTE,-23.44955571,-46.78664732,COLISÃO,COLISÃO-TRASEIRA,NÃO INFORMADO,MOTO=1|ÔNIBUS=1,SÃO PAULO,REG. METROPOLITANA SÃO PAULO,SÃO PAULO,ESTADUAL
1467,2023-04-11,19:50:10,L01-AUTOBAN,SP330,94.0,SUL,-22.92488953,-47.08717167,COLISÃO,COLISÃO-LATERAL,NÃO INFORMADO,AUTOMÓVEL=1|NÃO INFORMADO=1,CAMPINAS,CAMPINAS,CAMPINAS,ESTADUAL
1469,2023-04-12,09:28:15,L01-AUTOBAN,SP330,97.9,SUL,-22.89705854,-47.11064154,TOMBAMENTO,TOMBAMENTO-MOTO,NÃO INFORMADO,CAMINHÃO=1|MOTO=1|NÃO INFORMADO=1,CAMPINAS,CAMPINAS,CAMPINAS,ESTADUAL
1470,2023-04-12,09:51:30,L01-AUTOBAN,SP330,131.3,NORTE,-22.67645743,-47.31148589,COLISÃO,COLISÃO-TRASEIRA,NÃO INFORMADO,AUTOMÓVEL=1|CARRETA=1,LIMEIRA,CAMPINAS,RIO CLARO,ESTADUAL
1471,2023-04-12,13:40:54,L01-AUTOBAN,SP330,137.0,SUL,-22.6309357,-47.33670831,CHOQUE,CHOQUE-VEÍCULO PARADO NA PISTA,NÃO INFORMADO,AUTOMÓVEL=2|UTILITÁRIO=1,LIMEIRA,CAMPINAS,RIO CLARO,ESTADUAL
1474,2023-04-12,22:56:38,L01-AUTOBAN,SP330,110.7,SUL,-22.81958078,-47.19897202,CHOQUE,CHOQUE-BARREIRA DE CONCRETO,NÃO INFORMADO,AUTOMÓVEL=1|NÃO INFORMADO=1,SUMARÉ,CAMPINAS,CAMPINAS,ESTADUAL
1475,2023-04-13,07:14:27,L01-AUTOBAN,SPM330E,103.1,SUL,-22.86198011,-47.14038357,COLISÃO,COLISÃO-TRASEIRA,NÃO INFORMADO,AUTOMÓVEL=1|MOTO=1,CAMPINAS,CAMPINAS,CAMPINAS,ESTADUAL
1477,2023-04-13,08:41:09,L01-AUTOBAN,SP330,92.0,SUL,-22.9351263,-47.07110524,CHOQUE,CHOQUE-BARREIRA DE CONCRETO,NÃO INFORMADO,UTILITÁRIO=1,CAMPINAS,CAMPINAS,CAMPINAS,ESTADUAL
1481,2023-04-13,15:01:41,L01-AUTOBAN,SPM330D,110.78,NORTE,-22.81879993,-47.19969838,ENGAVETAMENTO,ENGAVETAMENTO,NÃO INFORMADO,AUTOMÓVEL=3,SUMARÉ,CAMPINAS,CAMPINAS,ESTADUAL
1482,2023-04-13,15:25:50,L01-AUTOBAN,SPM330D,110.78,NORTE,-22.81879993,-47.19969838,COLISÃO,COLISÃO-TRASEIRA,NÃO INFORMADO,AUTOMÓVEL=1|NÃO INFORMADO=1,SUMARÉ,CAMPINAS,CAMPINAS,ESTADUAL
1484,2023-04-13,18:46:09,L01-AUTOBAN,SP330,63.0,SUL,-23.16087896,-46.93192005,ENGAVETAMENTO,ENGAVETAMENTO,NÃO INFORMADO,AUTOMÓVEL=2|UTILITÁRIO=1,JUNDIAÍ,CAMPINAS,CAMPINAS,ESTADUAL
1485,2023-04-13,19:03:22,L01-AUTOBAN,SP330,148.4,SUL,-22.54246607,-47.37825139,TOMBAMENTO,TOMBAMENTO,NÃO INFORMADO,CAMINHÃO=1,LIMEIRA,CAMPINAS,RIO CLARO,ESTADUAL
1486,2023-04-13,19:13:23,L01-AUTOBAN,SP330,16.0,SUL,-23.49426874,-46.7588371,CAPOTAMENTO,CAPOTAMENTO,NÃO INFORMADO,AUTOMÓVEL=1,OSASCO,REG. METROPOLITANA SÃO PAULO,SÃO PAULO,ESTADUAL
1487,2023-04-13,19:16:59,L01-AUTOBAN,SP330,106.72,NORTE,-22.84142773,-47.16893284,CHOQUE,CHOQUE-DEFENSA METÁLICA,NÃO INFORMADO,AUTOMÓVEL=1|ÔNIBUS=1,SUMARÉ,CAMPINAS,CAMPINAS,ESTADUAL
1488,2023-04-13,20:11:15,L01-AUTOBAN,SPM330E,103.32,SUL,-22.86078134,-47.14242866,CHOQUE,CHOQUE-MEIO FIO/CALÇAMENTO,NÃO INFORMADO,MOTO=1,CAMPINAS,CAMPINAS,CAMPINAS,ESTADUAL
1490,2023-04-14,08:05:58,L01-AUTOBAN,SP330,144.0,SUL,-22.57833713,-47.36697972,CHOQUE,CHOQUE-BARREIRA DE CONCRETO,NÃO INFORMADO,AUTOMÓVEL=1,LIMEIRA,CAMPINAS,RIO CLARO,ESTADUAL
1491,2023-04-14,08:12:14,L01-AUTOBAN,SP330,97.38,NORTE,-22.90096048,-47.10891902,COLISÃO,COLISÃO-LATERAL,NÃO INFORMADO,MOTO=1|NÃO INFORMADO=1,CAMPINAS,CAMPINAS,CAMPINAS,ESTADUAL
1492,2023-04-14,09:18:42,L01-AUTOBAN,SP330,91.8,NORTE,-22.93666491,-47.07041946,CHOQUE,CHOQUE-VEÍCULO PARADO NA PISTA,NÃO INFORMADO,AUTOMÓVEL=2,CAMPINAS,CAMPINAS,CAMPINAS,ESTADUAL
1493,2023-04-14,09:24:15,L01-AUTOBAN,SP330,101.4,SUL,-22.87179566,-47.12789811,ENGAVETAMENTO,ENGAVETAMENTO,NÃO INFORMADO,AUTOMÓVEL=2|CAMINHÃO=1,CAMPINAS,CAMPINAS,CAMPINAS,ESTADUAL
1494,2023-04-14,09:43:50,L01-AUTOBAN,SPM330D,86.0,NORTE,-22.982725,-47.043589,CHOQUE,CHOQUE-VEÍCULO PARADO NO ACOSTAMENTO,NÃO INFORMADO,AUTOMÓVEL=1,VALINHOS,CAMPINAS,CAMPINAS,ESTADUAL
1495,2023-04-14,10:02:49,L01-AUTOBAN,SPM330D,59.4,NORTE,-23.18575788,-46.90852476,CHOQUE,CHOQUE-DEFENSA METÁLICA,NÃO INFORMADO,UTILITÁRIO=1,JUNDIAÍ,CAMPINAS,CAMPINAS,ESTADUAL
1496,2023-04-14,10:43:09,L01-AUTOBAN,SP330,61.8,SUL,-23.17011244,-46.92503213,CHOQUE,CHOQUE-TALUDE OU BARRANCO,NÃO INFORMADO,UTILITÁRIO=1,JUNDIAÍ,CAMPINAS,CAMPINAS,ESTADUAL
1497,2023-04-14,11:14:18,L01-AUTOBAN,SPM330E,55.2,SUL,-23.21519465,-46.88558651,TOMBAMENTO,TOMBAMENTO-MOTO,NÃO INFORMADO,MOTO=1,JUNDIAÍ,CAMPINAS,CAMPINAS,ESTADUAL
1501,2023-04-14,15:21:01,L01-AUTOBAN,SP330,60.0,NORTE,-23.18100029,-46.91146016,COLISÃO,COLISÃO-LATERAL,NÃO INFORMADO,AUTOMÓVEL=1|CARRETA=1,JUNDIAÍ,CAMPINAS,CAMPINAS,ESTADUAL
1503,2023-04-14,15:27:02,L01-AUTOBAN,SP330,58.4,NORTE,-23.19371356,-46.90485228,CHOQUE,CHOQUE-BARREIRA DE CONCRETO,NÃO INFORMADO,AUTOMÓVEL=1,JUNDIAÍ,CAMPINAS,CAMPINAS,ESTADUAL
1509,2023-04-14,18:35:17,L01-AUTOBAN,SPM330E,99.0,SUL,-22.88797241,-47.11348951,ENGAVETAMENTO,ENGAVETAMENTO,NÃO INFORMADO,AUTOMÓVEL=2|NÃO INFORMADO=1,CAMPINAS,CAMPINAS,CAMPINAS,ESTADUAL
1512,2023-04-14,20:15:59,L01-AUTOBAN,SP330,101.8,SUL,-22.86950187,-47.13091806,ENGAVETAMENTO,ENGAVETAMENTO,NÃO INFORMADO,AUTOMÓVEL=3,CAMPINAS,CAMPINAS,CAMPINAS,ESTADUAL
1513,2023-04-14,23:57:38,L01-AUTOBAN,SPM330E,59.0,SUL,-23.18900852,-46.90679312,COLISÃO,COLISÃO-FRONTAL,NÃO INFORMADO,AUTOMÓVEL=2,JUNDIAÍ,CAMPINAS,CAMPINAS,ESTADUAL
1514,2023-04-15,00:13:42,L01-AUTOBAN,SP330,19.8,NORTE,-23.46989818,-46.77762329,CAPOTAMENTO,CAPOTAMENTO,NÃO INFORMADO,AUTOMÓVEL=1,OSASCO,REG. METROPOLITANA SÃO PAULO,SÃO PAULO,ESTADUAL
1515,2023-04-15,00:35:50,L01-AUTOBAN,SP330,33.5,SUL,-23.38033476,-46.83940012,COLISÃO,COLISÃO-TRASEIRA,NÃO INFORMADO,AUTOMÓVEL=1|CARRETA=1,CAJAMAR,REG. METROPOLITANA SÃO PAULO,SÃO PAULO,ESTADUAL
1516,2023-04-15,02:41:47,L01-AUTOBAN,SP330,18.8,SUL,-23.47540814,-46.77233398,CHOQUE,CHOQUE-BARREIRA DE CONCRETO,NÃO INFORMADO,AUTOMÓVEL=1,OSASCO,REG. METROPOLITANA SÃO PAULO,SÃO PAULO,ESTADUAL
1518,2023-04-15,05:33:40,L01-AUTOBAN,SP330,87.0,SUL,-22.9750532,-47.04846203,CHOQUE,CHOQUE-VEÍCULO PARADO NA PISTA,NÃO INFORMADO,AUTOMÓVEL=3|NÃO INFORMADO=2,CAMPINAS,CAMPINAS,CAMPINAS,ESTADUAL
1521,2023-04-15,12:27:54,L01-AUTOBAN,SPM330E,96.5,SUL,-22.91179599,-47.10138738,COLISÃO,COLISÃO-LATERAL,NÃO INFORMADO,AUTOMÓVEL=2|NÃO INFORMADO=1,CAMPINAS,CAMPINAS,CAMPINAS,ESTADUAL
1522,2023-04-15,18:23:38,L01-AUTOBAN,SPI102/330,6.6,NORTE,-22.915663,-47.135311,COLISÃO,COLISÃO-TRASEIRA,NÃO INFORMADO,MOTO=1|UTILITÁRIO=1,CAMPINAS,CAMPINAS,CAMPINAS,ESTADUAL
1524,2023-04-15,20:30:54,L01-AUTOBAN,SP330,68.28,NORTE,-23.11977428,-46.9552145,COLISÃO,COLISÃO-TRASEIRA,NÃO INFORMADO,AUTOMÓVEL=1|NÃO INFORMADO=1,JUNDIAÍ,CAMPINAS,CAMPINAS,ESTADUAL
1526,2023-04-15,21:41:38,L01-AUTOBAN,SP330,18.0,SUL,-23.4821903,-46.77117527,CHOQUE,CHOQUE-BARREIRA DE CONCRETO,NÃO INFORMADO,AUTOMÓVEL=2|MOTO=1,OSASCO,REG. METROPOLITANA SÃO PAULO,SÃO PAULO,ESTADUAL
1530,2023-04-16,06:29:40,L01-AUTOBAN,SP330,20.0,SUL,-23.4689052,-46.77906632,CHOQUE,CHOQUE-BARREIRA DE CONCRETO,NÃO INFORMADO,AUTOMÓVEL=1,OSASCO,REG. METROPOLITANA SÃO PAULO,SÃO PAULO,ESTADUAL
1534,2023-04-16,15:51:57,L01-AUTOBAN,SP330,59.0,SUL,-23.18900852,-46.90679312,COLISÃO,COLISÃO-TRASEIRA,NÃO INFORMADO,AUTOMÓVEL=1|MOTO=1,JUNDIAÍ,CAMPINAS,CAMPINAS,ESTADUAL
1535,2023-04-16,17:33:43,L01-AUTOBAN,SP330,75.8,NORTE,-23.052904,-46.999756,CHOQUE,CHOQUE-BARREIRA DE CONCRETO,NÃO INFORMADO,AUTOMÓVEL=2,VINHEDO,CAMPINAS,CAMPINAS,ESTADUAL
1536,2023-04-16,18:20:57,L01-AUTOBAN,SPI102/330,5.0,NORTE,-22.90690412,-47.13676572,CHOQUE,CHOQUE-ELEMENTO DE DRENAGEM,NÃO INFORMADO,AUTOMÓVEL=1,CAMPINAS,CAMPINAS,CAMPINAS,ESTADUAL
1539,2023-04-17,07:45:10,L01-AUTOBAN,SP330,153.0,NORTE,-22.50549005,-47.39893019,ENGAVETAMENTO,ENGAVETAMENTO,NÃO INFORMADO,CAMINHÃO=1|CARRETA=1|UTILITÁRIO=1,CORDEIRÓPOLIS,CAMPINAS,RIO CLARO,ESTADUAL
1540,2023-04-17,11:48:46,L01-AUTOBAN,SP330,117.0,NORTE,-22.77485099,-47.23484337,CHOQUE,CHOQUE-VEÍCULO PARADO NO ACOSTAMENTO,NÃO INFORMADO,CAMINHÃO=2,NOVA ODESSA,CAMPINAS,RIO CLARO,ESTADUAL
1542,2023-04-17,15:54:02,L01-AUTOBAN,SP330,120.0,SUL,-22.75697436,-47.25467026,CHOQUE,CHOQUE-BARREIRA DE CONCRETO,NÃO INFORMADO,VAN/PERUA=1,AMERICANA,CAMPINAS,RIO CLARO,ESTADUAL
1545,2023-04-17,17:53:05,L01-AUTOBAN,SP330,60.5,NORTE,-23.17814745,-46.91489607,COLISÃO,COLISÃO-TRASEIRA,NÃO INFORMADO,NÃO INFORMADO=1|UTILITÁRIO=1,JUNDIAÍ,CAMPINAS,CAMPINAS,ESTADUAL
1547,2023-04-17,18:33:26,L01-AUTOBAN,SP330,111.0,NORTE,-22.81770778,-47.20173419,COLISÃO,COLISÃO-TRASEIRA,NÃO INFORMADO,CAMINHÃO=1|NÃO INFORMADO=1,SUMARÉ,CAMPINAS,CAMPINAS,ESTADUAL
1548,2023-04-17,19:09:31,L01-AUTOBAN,SP330,106.3,NORTE,-22.84439062,-47.16608745,COLISÃO,COLISÃO-TRASEIRA,NÃO INFORMADO,AUTOMÓVEL=1|NÃO INFORMADO=1,SUMARÉ,CAMPINAS,CAMPINAS,ESTADUAL
1550,2023-04-17,20:04:31,L01-AUTOBAN,SP330,41.5,SUL,-23.32042233,-46.85017705,CHOQUE,CHOQUE-BARREIRA DE CONCRETO,NÃO INFORMADO,AUTOMÓVEL=1,CAJAMAR,REG. METROPOLITANA SÃO PAULO,SÃO PAULO,ESTADUAL
1551,2023-04-17,20:06:53,L01-AUTOBAN,SP330,116.8,NORTE,-22.77651679,-47.23400225,CHOQUE,CHOQUE-DEFENSA METÁLICA,NÃO INFORMADO,AUTOMÓVEL=2,NOVA ODESSA,CAMPINAS,RIO CLARO,ESTADUAL
1554,2023-04-18,06:49:48,L01-AUTOBAN,SPM330E,106.0,SUL,-22.84677902,-47.16428518,CHOQUE,CHOQUE-BARREIRA DE CONCRETO,NÃO INFORMADO,AUTOMÓVEL=1,SUMARÉ,CAMPINAS,CAMPINAS,ESTADUAL
1555,2023-04-18,08:12:00,L01-AUTOBAN,SP330,102.24,NORTE,-22.86612278,-47.13383394,TOMBAMENTO,TOMBAMENTO-MOTO,NÃO INFORMADO,MOTO=1,CAMPINAS,CAMPINAS,CAMPINAS,ESTADUAL
1556,2023-04-18,08:18:56,L01-AUTOBAN,SP330,111.0,SUL,-22.81811818,-47.20174491,ENGAVETAMENTO,ENGAVETAMENTO,NÃO INFORMADO,AUTOMÓVEL=3,SUMARÉ,CAMPINAS,CAMPINAS,ESTADUAL
1557,2023-04-18,08:32:42,L01-AUTOBAN,SP330,53.0,SUL,-23.2309453,-46.87306702,COLISÃO,COLISÃO-TRASEIRA,NÃO INFORMADO,AUTOMÓVEL=2,JUNDIAÍ,CAMPINAS,CAMPINAS,ESTADUAL
1559,2023-04-18,08:50:16,L01-AUTOBAN,SP330,68.0,SUL,-23.12264012,-46.95444524,COLISÃO,COLISÃO-TRASEIRA,NÃO INFORMADO,AUTOMÓVEL=1|UTILITÁRIO=1,JUNDIAÍ,CAMPINAS,CAMPINAS,ESTADUAL
1563,2023-04-18,10:31:16,L01-AUTOBAN,SPM330E,12.0,SUL,-23.50948451,-46.73040569,CHOQUE,CHOQUE-BARREIRA DE CONCRETO,NÃO INFORMADO,AUTOMÓVEL=1,SÃO PAULO,REG. METROPOLITANA SÃO PAULO,SÃO PAULO,ESTADUAL
1564,2023-04-18,10:45:58,L01-AUTOBAN,SPM330E,16.7,SUL,-23.49127603,-46.76460118,CHOQUE,CHOQUE-ELEMENTO DE DRENAGEM,NÃO INFORMADO,AUTOMÓVEL=1,OSASCO,REG. METROPOLITANA SÃO PAULO,SÃO PAULO,ESTADUAL
1567,2023-04-18,12:14:25,L01-AUTOBAN,SP330,60.74,NORTE,-23.17677808,-46.91654532,CHOQUE,CHOQUE-VEÍCULO PARADO NO ACOSTAMENTO,NÃO INFORMADO,CAMINHÃO=1|VIATURA CONCESSIONÁRIA=1,JUNDIAÍ,CAMPINAS,CAMPINAS,ESTADUAL
1568,2023-04-18,12:23:54,L01-AUTOBAN,SP330,62.3,SUL,-23.16643379,-46.92820626,ENGAVETAMENTO,ENGAVETAMENTO,NÃO INFORMADO,AUTOMÓVEL=3,JUNDIAÍ,CAMPINAS,CAMPINAS,ESTADUAL
1570,2023-04-18,12:37:14,L01-AUTOBAN,SP330,55.0,SUL,-23.21622998,-46.88403189,COLISÃO,COLISÃO-LATERAL,NÃO INFORMADO,AUTOMÓVEL=1|CAMINHÃO=1,JUNDIAÍ,CAMPINAS,CAMPINAS,ESTADUAL
1571,2023-04-18,14:04:56,L01-AUTOBAN,SPM330D,86.0,NORTE,-22.982725,-47.043589,CHOQUE,CHOQUE-MEIO FIO/CALÇAMENTO,NÃO INFORMADO,UTILITÁRIO=1,VALINHOS,CAMPINAS,CAMPINAS,ESTADUAL
1580,2023-04-18,16:43:32,L01-AUTOBAN,SP330,91.7,NORTE,-22.93743922,-47.06993437,ENGAVETAMENTO,ENGAVETAMENTO,NÃO INFORMADO,AUTOMÓVEL=2|UTILITÁRIO=1,CAMPINAS,CAMPINAS,CAMPINAS,ESTADUAL
1581,2023-04-18,17:13:59,L01-AUTOBAN,SPM330D,120.0,NORTE,-22.756649,-47.254609,CHOQUE,CHOQUE-BARREIRA DE CONCRETO,NÃO INFORMADO,AUTOMÓVEL=1,AMERICANA,CAMPINAS,RIO CLARO,ESTADUAL
1582,2023-04-18,17:28:07,L01-AUTOBAN,SP330,26.9,NORTE,-23.41647064,-46.80207646,CHOQUE,CHOQUE-BARREIRA DE CONCRETO,NÃO INFORMADO,CAMINHÃO=1,SÃO PAULO,REG. METROPOLITANA SÃO PAULO,SÃO PAULO,ESTADUAL
1584,2023-04-18,18:05:47,L01-AUTOBAN,SPM330D,53.0,NORTE,-23.230639,-46.87295,COLISÃO,COLISÃO-LATERAL,NÃO INFORMADO,AUTOMÓVEL=2,JUNDIAÍ,CAMPINAS,CAMPINAS,ESTADUAL
1587,2023-04-18,18:30:42,L01-AUTOBAN,SP330,107.56,SUL,-22.83598064,-47.17450717,ENGAVETAMENTO,ENGAVETAMENTO,NÃO INFORMADO,BITREM/CVC=1|CAMINHÃO=1|NÃO INFORMADO=1,SUMARÉ,CAMPINAS,CAMPINAS,ESTADUAL
1588,2023-04-18,19:40:59,L01-AUTOBAN,SPM330D,112.0,NORTE,-22.81371247,-47.20897079,COLISÃO,COLISÃO-TRASEIRA,NÃO INFORMADO,AUTOMÓVEL=1|NÃO INFORMADO=1,SUMARÉ,CAMPINAS,CAMPINAS,ESTADUAL
1589,2023-04-18,20:44:36,L01-AUTOBAN,SPM330D,113.7,NORTE,-22.80246216,-47.22016416,CHOQUE,CHOQUE-DEFENSA METÁLICA,NÃO INFORMADO,UTILITÁRIO=1,SUMARÉ,CAMPINAS,CAMPINAS,ESTADUAL
1594,2023-04-19,06:35:07,L01-AUTOBAN,SP330,24.7,SUL,-23.42905358,-46.78725468,COLISÃO,COLISÃO-LATERAL,NÃO INFORMADO,AUTOMÓVEL=1|MOTO=1,SÃO PAULO,REG. METROPOLITANA SÃO PAULO,SÃO PAULO,ESTADUAL
1596,2023-04-19,08:17:36,L01-AUTOBAN,SP330,14.6,SUL,-23.50282476,-46.7528311,COLISÃO,COLISÃO-LATERAL,NÃO INFORMADO,AUTOMÓVEL=1|MOTO=1,SÃO PAULO,REG. METROPOLITANA SÃO PAULO,SÃO PAULO,ESTADUAL
1597,2023-04-19,09:25:41,L01-AUTOBAN,SP330,70.8,SUL,-23.09946256,-46.96703555,COLISÃO,COLISÃO-TRASEIRA,NÃO INFORMADO,AUTOMÓVEL=1|MOTO=1,LOUVEIRA,CAMPINAS,CAMPINAS,ESTADUAL
1598,2023-04-19,09:30:50,L01-AUTOBAN,SP330,20.0,SUL,-23.4689052,-46.77906632,ENGAVETAMENTO,ENGAVETAMENTO,NÃO INFORMADO,NÃO INFORMADO=2|UTILITÁRIO=1,OSASCO,REG. METROPOLITANA SÃO PAULO,SÃO PAULO,ESTADUAL
1601,2023-04-19,14:02:30,L01-AUTOBAN,SPM330E,106.0,SUL,-22.84677902,-47.16428518,TOMBAMENTO,TOMBAMENTO-MOTO,NÃO INFORMADO,MOTO=1,SUMARÉ,CAMPINAS,CAMPINAS,ESTADUAL
1602,2023-04-19,14:14:23,L01-AUTOBAN,SP330,107.1,SUL,-22.83917363,-47.17150407,COLISÃO,COLISÃO-LATERAL,NÃO INFORMADO,CARRETA=1|UTILITÁRIO=1,SUMARÉ,CAMPINAS,CAMPINAS,ESTADUAL
1603,2023-04-19,16:29:16,L01-AUTOBAN,SP330,22.3,SUL,-23.45040269,-46.78676856,ENGAVETAMENTO,ENGAVETAMENTO,NÃO INFORMADO,CAMINHÃO=1|NÃO INFORMADO=1|ÔNIBUS=1,SÃO PAULO,REG. METROPOLITANA SÃO PAULO,SÃO PAULO,ESTADUAL
1608,2023-04-19,21:45:44,L01-AUTOBAN,SPM330E,93.8,SUL,-22.92588461,-47.08555656,CHOQUE,CHOQUE-VEÍCULO PARADO NA PISTA,NÃO INFORMADO,AUTOMÓVEL=1|CAMINHÃO=1,CAMPINAS,CAMPINAS,CAMPINAS,ESTADUAL
1611,2023-04-20,01:34:50,L01-AUTOBAN,SPM330D,94.75,NORTE,-22.92092082,-47.09231347,CAPOTAMENTO,CAPOTAMENTO,NÃO INFORMADO,AUTOMÓVEL=1,CAMPINAS,CAMPINAS,CAMPINAS,ESTADUAL
1614,2023-04-20,07:19:13,L01-AUTOBAN,SP330,105.0,SUL,-22.852088298342,-47.156785726547,COLISÃO,COLISÃO-TRASEIRA,NÃO INFORMADO,AUTOMÓVEL=1|MOTO=1,CAMPINAS,CAMPINAS,CAMPINAS,ESTADUAL
1615,2023-04-20,07:24:45,L01-AUTOBAN,SP330,101.0,NORTE,-22.87381266,-47.12474406,ENGAVETAMENTO,ENGAVETAMENTO,NÃO INFORMADO,AUTOMÓVEL=3,CAMPINAS,CAMPINAS,CAMPINAS,ESTADUAL
1619,2023-04-20,08:44:55,L01-AUTOBAN,SP330,62.2,SUL,-23.16722733,-46.92767573,COLISÃO,COLISÃO-TRASEIRA,NÃO INFORMADO,AUTOMÓVEL=1|MOTO=1,JUNDIAÍ,CAMPINAS,CAMPINAS,ESTADUAL
1623,2023-04-20,13:14:41,L01-AUTOBAN,SP330,12.6,NORTE,-23.5085418,-46.73557963,CHOQUE,CHOQUE-BARREIRA DE CONCRETO,NÃO INFORMADO,UTILITÁRIO=1,SÃO PAULO,REG. METROPOLITANA SÃO PAULO,SÃO PAULO,ESTADUAL
1626,2023-04-20,15:18:05,L01-AUTOBAN,SP330,100.7,SUL,-22.87602147,-47.12277959,CHOQUE,CHOQUE-VEÍCULO PARADO NA PISTA,NÃO INFORMADO,CARRETA=1|UTILITÁRIO=1,CAMPINAS,CAMPINAS,CAMPINAS,ESTADUAL
1627,2023-04-20,15:51:31,L01-AUTOBAN,SP330,103.5,SUL,-22.85980053,-47.14410191,COLISÃO,COLISÃO-TRASEIRA,NÃO INFORMADO,AUTOMÓVEL=1|CAMINHÃO=1,CAMPINAS,CAMPINAS,CAMPINAS,ESTADUAL
1633,2023-04-20,19:34:58,L01-AUTOBAN,SP330,84.8,NORTE,-22.99119245,-47.03770747,COLISÃO,COLISÃO-TRASEIRA,NÃO INFORMADO,AUTOMÓVEL=1|UTILITÁRIO=1,VALINHOS,CAMPINAS,CAMPINAS,ESTADUAL
1636,2023-04-21,04:55:35,L01-AUTOBAN,SPM330E,109.5,SUL,-22.82524973,-47.18838051,CHOQUE,CHOQUE-DEFENSA METÁLICA,NÃO INFORMADO,AUTOMÓVEL=1,SUMARÉ,CAMPINAS,CAMPINAS,ESTADUAL
1637,2023-04-21,05:05:00,L01-AUTOBAN,SP330,144.0,NORTE,-22.57825292,-47.36666858,COLISÃO,COLISÃO-TRASEIRA,NÃO INFORMADO,CARRETA=2,LIMEIRA,CAMPINAS,RIO CLARO,ESTADUAL
1639,2023-04-21,10:10:38,L01-AUTOBAN,SP330,13.9,SUL,-23.50728367,-46.74903524,CHOQUE,CHOQUE-BARREIRA DE CONCRETO,NÃO INFORMADO,AUTOMÓVEL=1,SÃO PAULO,REG. METROPOLITANA SÃO PAULO,SÃO PAULO,ESTADUAL
1642,2023-04-21,10:51:31,L01-AUTOBAN,SPM330D,111.0,NORTE,-22.81770778,-47.20173419,CHOQUE,CHOQUE-VEÍCULO PARADO NA PISTA,NÃO INFORMADO,AUTOMÓVEL=1|CAMINHÃO=1,SUMARÉ,CAMPINAS,CAMPINAS,ESTADUAL
1643,2023-04-21,10:58:38,L01-AUTOBAN,SP330,50.0,NORTE,-23.25685215,-46.86727881,COLISÃO,COLISÃO-TRASEIRA,NÃO INFORMADO,AUTOMÓVEL=1|NÃO INFORMADO=1,JUNDIAÍ,CAMPINAS,CAMPINAS,ESTADUAL
1647,2023-04-21,16:02:51,L01-AUTOBAN,SP330,124.7,NORTE,-22.72995661,-47.29007218,CHOQUE,CHOQUE-BARREIRA DE CONCRETO,NÃO INFORMADO,AUTOMÓVEL=1,AMERICANA,CAMPINAS,RIO CLARO,ESTADUAL
1648,2023-04-21,19:55:09,L01-AUTOBAN,SPM330E,25.0,SUL,-23.42658,-46.787612,COLISÃO,COLISÃO-LATERAL,NÃO INFORMADO,AUTOMÓVEL=1|CARRETA=1,SÃO PAULO,REG. METROPOLITANA SÃO PAULO,SÃO PAULO,ESTADUAL
1650,2023-04-22,06:52:57,L01-AUTOBAN,SP330,150.45,NORTE,-22.52633162,-47.38901668,CHOQUE,CHOQUE-TALUDE OU BARRANCO,NÃO INFORMADO,AUTOMÓVEL=1,LIMEIRA,CAMPINAS,RIO CLARO,ESTADUAL
1651,2023-04-22,13:19:48,L01-AUTOBAN,SP330,139.8,SUL,-22.61226277,-47.35518339,TOMBAMENTO,TOMBAMENTO-MOTO,NÃO INFORMADO,AUTOMÓVEL=1|MOTO=1,LIMEIRA,CAMPINAS,RIO CLARO,ESTADUAL
1653,2023-04-22,17:40:25,L01-AUTOBAN,SP330,49.5,SUL,-23.26116201,-46.86756313,CHOQUE,CHOQUE-BARREIRA DE CONCRETO,NÃO INFORMADO,AUTOMÓVEL=1,JUNDIAÍ,CAMPINAS,CAMPINAS,ESTADUAL
1656,2023-04-23,09:49:53,L01-AUTOBAN,SP330,70.4,SUL,-23.10271325,-46.9649005,TOMBAMENTO,TOMBAMENTO-MOTO,NÃO INFORMADO,MOTO=1,LOUVEIRA,CAMPINAS,CAMPINAS,ESTADUAL
1658,2023-04-23,15:59:25,L01-AUTOBAN,SPM330E,112.0,SUL,-22.81384598,-47.20930338,COLISÃO,COLISÃO-LATERAL,NÃO INFORMADO,AUTOMÓVEL=1|MOTO=1,SUMARÉ,CAMPINAS,CAMPINAS,ESTADUAL
1659,2023-04-23,17:29:11,L01-AUTOBAN,SP330,41.0,NORTE,-23.32336079,-46.84696376,COLISÃO,COLISÃO-TRASEIRA,NÃO INFORMADO,AUTOMÓVEL=1|MOTO=1,CAJAMAR,REG. METROPOLITANA SÃO PAULO,SÃO PAULO,ESTADUAL
1661,2023-04-23,19:21:58,L01-AUTOBAN,SP330,58.8,SUL,-23.19061994,-46.90619981,COLISÃO,COLISÃO-TRASEIRA,NÃO INFORMADO,AUTOMÓVEL=1|MOTO=1,JUNDIAÍ,CAMPINAS,CAMPINAS,ESTADUAL
1662,2023-04-23,20:03:25,L01-AUTOBAN,SP330,24.5,SUL,-23.43070264,-46.78701647,CHOQUE,CHOQUE-BARREIRA DE CONCRETO,NÃO INFORMADO,AUTOMÓVEL=1,SÃO PAULO,REG. METROPOLITANA SÃO PAULO,SÃO PAULO,ESTADUAL
1663,2023-04-23,20:42:53,L01-AUTOBAN,SP330,59.2,SUL,-23.1874404,-46.90775228,COLISÃO,COLISÃO-LATERAL,NÃO INFORMADO,AUTOMÓVEL=1|MOTO=1,JUNDIAÍ,CAMPINAS,CAMPINAS,ESTADUAL
1665,2023-04-24,05:11:47,L01-AUTOBAN,SPI102/330,2.1,NORTE,-22.88244408,-47.13073933,TOMBAMENTO,TOMBAMENTO,NÃO INFORMADO,CARRETA=1,CAMPINAS,CAMPINAS,CAMPINAS,ESTADUAL
1666,2023-04-24,06:03:59,L01-AUTOBAN,SPM330D,54.0,NORTE,-23.22302831,-46.87753558,CHOQUE,CHOQUE-MEIO FIO/CALÇAMENTO,NÃO INFORMADO,AUTOMÓVEL=1,JUNDIAÍ,CAMPINAS,CAMPINAS,ESTADUAL
1667,2023-04-24,08:13:25,L01-AUTOBAN,SP330,102.7,SUL,-22.86427402,-47.13734618,COLISÃO,COLISÃO-LATERAL,NÃO INFORMADO,AUTOMÓVEL=1|MOTO=1,CAMPINAS,CAMPINAS,CAMPINAS,ESTADUAL
1668,2023-04-24,10:32:02,L01-AUTOBAN,SP330,23.0,SUL,-23.44426027,-46.78705394,COLISÃO,COLISÃO-TRASEIRA,NÃO INFORMADO,CAMINHÃO=1|MOTO=1,SÃO PAULO,REG. METROPOLITANA SÃO PAULO,SÃO PAULO,ESTADUAL
1670,2023-04-24,11:51:14,L01-AUTOBAN,SPI102/330,5.0,NORTE,-22.90690412,-47.13676572,COLISÃO,COLISÃO-LATERAL,NÃO INFORMADO,AUTOMÓVEL=1|NÃO INFORMADO=1,CAMPINAS,CAMPINAS,CAMPINAS,ESTADUAL
1671,2023-04-24,14:07:16,L01-AUTOBAN,SP330,92.0,NORTE,-22.93511642,-47.07138956,COLISÃO,COLISÃO-LATERAL,NÃO INFORMADO,MOTO=1|NÃO INFORMADO=1,CAMPINAS,CAMPINAS,CAMPINAS,ESTADUAL
1674,2023-04-24,16:46:05,L01-AUTOBAN,SP330,32.0,NORTE,-23.39275,-46.835307,CHOQUE,CHOQUE-VEÍCULO PARADO NA PISTA,NÃO INFORMADO,AUTOMÓVEL=1|CARRETA=1,CAJAMAR,REG. METROPOLITANA SÃO PAULO,SÃO PAULO,ESTADUAL
1675,2023-04-25,00:20:30,L01-AUTOBAN,SPM330E,15.2,SUL,-23.4987869,-46.75552404,CHOQUE,CHOQUE-BARREIRA DE CONCRETO,NÃO INFORMADO,AUTOMÓVEL=1,SÃO PAULO,REG. METROPOLITANA SÃO PAULO,SÃO PAULO,ESTADUAL
1677,2023-04-25,05:51:26,L01-AUTOBAN,SP330,124.0,NORTE,-22.73388066,-47.28593409,COLISÃO,COLISÃO-TRANSVERSAL,NÃO INFORMADO,CARRETA=1|UTILITÁRIO=1,AMERICANA,CAMPINAS,RIO CLARO,ESTADUAL
1678,2023-04-25,06:56:08,L01-AUTOBAN,SP330,17.2,SUL,-23.48843281,-46.76789224,TOMBAMENTO,TOMBAMENTO-MOTO,NÃO INFORMADO,MOTO=1,OSASCO,REG. METROPOLITANA SÃO PAULO,SÃO PAULO,ESTADUAL
1679,2023-04-25,08:32:29,L01-AUTOBAN,SP330,78.3,SUL,-23.04292688,-47.00615581,COLISÃO,COLISÃO-LATERAL,NÃO INFORMADO,AUTOMÓVEL=1|ÔNIBUS=1,VINHEDO,CAMPINAS,CAMPINAS,ESTADUAL
1680,2023-04-25,08:47:08,L01-AUTOBAN,SP330,26.5,NORTE,-23.41826441,-46.79873765,TOMBAMENTO,TOMBAMENTO,NÃO INFORMADO,CAMINHÃO=1|ÔNIBUS=1,SÃO PAULO,REG. METROPOLITANA SÃO PAULO,SÃO PAULO,ESTADUAL
1682,2023-04-25,17:31:32,L01-AUTOBAN,SP330,61.0,SUL,-23.17530448,-46.91870213,COLISÃO,COLISÃO-LATERAL,NÃO INFORMADO,AUTOMÓVEL=1|MOTO=1,JUNDIAÍ,CAMPINAS,CAMPINAS,ESTADUAL
1684,2023-04-25,18:57:14,L01-AUTOBAN,SP330,118.0,SUL,-22.76903417,-47.24156499,COLISÃO,COLISÃO-TRASEIRA,NÃO INFORMADO,AUTOMÓVEL=2,NOVA ODESSA,CAMPINAS,RIO CLARO,ESTADUAL
1685,2023-04-26,06:43:07,L01-AUTOBAN,SPI102/330,4.0,NORTE,-22.89867649,-47.1364814,COLISÃO,COLISÃO-TRASEIRA,NÃO INFORMADO,AUTOMÓVEL=1|NÃO INFORMADO=1,CAMPINAS,CAMPINAS,CAMPINAS,ESTADUAL
1686,2023-04-26,07:41:25,L01-AUTOBAN,SP330,83.1,SUL,-23.00469313,-47.02857291,ENGAVETAMENTO,ENGAVETAMENTO,NÃO INFORMADO,AUTOMÓVEL=1|CAMINHÃO=1|VAN/PERUA=1,VALINHOS,CAMPINAS,CAMPINAS,ESTADUAL
1687,2023-04-26,09:26:49,L01-AUTOBAN,SP330,140.64,NORTE,-22.60720342,-47.35994758,CHOQUE,CHOQUE-BARREIRA DE CONCRETO,NÃO INFORMADO,AUTOMÓVEL=1|NÃO INFORMADO=1,LIMEIRA,CAMPINAS,RIO CLARO,ESTADUAL
1689,2023-04-26,10:10:07,L01-AUTOBAN,SPM330D,15.0,NORTE,-23.49985249,-46.75452411,COLISÃO,COLISÃO-TRASEIRA,NÃO INFORMADO,AUTOMÓVEL=1|CARRETA=1,SÃO PAULO,REG. METROPOLITANA SÃO PAULO,SÃO PAULO,ESTADUAL
1690,2023-04-26,10:47:32,L01-AUTOBAN,SP330,20.0,NORTE,-23.46894457,-46.77887321,TOMBAMENTO,TOMBAMENTO-MOTO,NÃO INFORMADO,MOTO=1,OSASCO,REG. METROPOLITANA SÃO PAULO,SÃO PAULO,ESTADUAL
1691,2023-04-26,11:18:58,L01-AUTOBAN,SP330,147.5,SUL,-22.54920155,-47.37359761,COLISÃO,COLISÃO-TRANSVERSAL,NÃO INFORMADO,NÃO INFORMADO=1|VAN/PERUA=1,LIMEIRA,CAMPINAS,RIO CLARO,ESTADUAL
1692,2023-04-26,12:38:57,L01-AUTOBAN,SP330,126.0,SUL,-22.71897751,-47.2950536,COLISÃO,COLISÃO-LATERAL,NÃO INFORMADO,AUTOMÓVEL=1|CAMINHÃO=1,AMERICANA,CAMPINAS,RIO CLARO,ESTADUAL
1694,2023-04-26,14:25:58,L01-AUTOBAN,SP330,86.0,SUL,-22.982725,-47.043589,COLISÃO,COLISÃO-TRASEIRA,NÃO INFORMADO,AUTOMÓVEL=1,VALINHOS,CAMPINAS,CAMPINAS,ESTADUAL
1695,2023-04-26,14:29:57,L01-AUTOBAN,SPM330E,87.4,SUL,-22.97150893,-47.05050052,COLISÃO,COLISÃO-LATERAL,NÃO INFORMADO,AUTOMÓVEL=1|CARRETA=1,CAMPINAS,CAMPINAS,CAMPINAS,ESTADUAL
1700,2023-04-26,17:21:16,L01-AUTOBAN,SP330,92.0,NORTE,-22.93511642,-47.07138956,CHOQUE,CHOQUE-BARREIRA DE CONCRETO,NÃO INFORMADO,AUTOMÓVEL=1,CAMPINAS,CAMPINAS,CAMPINAS,ESTADUAL
1701,2023-04-26,18:43:45,L01-AUTOBAN,SP330,108.0,SUL,-22.83292646,-47.17737973,COLISÃO,COLISÃO-TRASEIRA,NÃO INFORMADO,AUTOMÓVEL=1|NÃO INFORMADO=1,SUMARÉ,CAMPINAS,CAMPINAS,ESTADUAL
1703,2023-04-27,06:15:27,L01-AUTOBAN,SP330,107.0,NORTE,-22.83945246,-47.17082977,CHOQUE,CHOQUE-BARREIRA DE CONCRETO,NÃO INFORMADO,AUTOMÓVEL=1,SUMARÉ,CAMPINAS,CAMPINAS,ESTADUAL
1704,2023-04-27,07:53:37,L01-AUTOBAN,SP330,58.3,SUL,-23.19464847,-46.90471655,COLISÃO,COLISÃO-LATERAL,NÃO INFORMADO,AUTOMÓVEL=1|NÃO INFORMADO=1,JUNDIAÍ,CAMPINAS,CAMPINAS,ESTADUAL
1706,2023-04-27,17:54:11,L01-AUTOBAN,SPM330E,56.9,SUL,-23.206514,-46.89849652,CHOQUE,CHOQUE-DEFENSA METÁLICA,NÃO INFORMADO,AUTOMÓVEL=1,JUNDIAÍ,CAMPINAS,CAMPINAS,ESTADUAL
1708,2023-04-27,22:48:50,L01-AUTOBAN,SP330,36.0,SUL,-23.36049321,-46.84859991,COLISÃO,COLISÃO-TRASEIRA,NÃO INFORMADO,AUTOMÓVEL=1|NÃO INFORMADO=1,CAJAMAR,REG. METROPOLITANA SÃO PAULO,SÃO PAULO,ESTADUAL
1709,2023-04-27,23:41:04,L01-AUTOBAN,SP330,63.42,SUL,-23.15783591,-46.93348817,CHOQUE,CHOQUE-DEFENSA METÁLICA,NÃO INFORMADO,AUTOMÓVEL=1,JUNDIAÍ,CAMPINAS,CAMPINAS,ESTADUAL
1710,2023-04-28,00:15:54,L01-AUTOBAN,SP330,121.34,NORTE,-22.756649,-47.254609,CHOQUE,CHOQUE-BARREIRA DE CONCRETO,NÃO INFORMADO,AUTOMÓVEL=1,AMERICANA,CAMPINAS,RIO CLARO,ESTADUAL
1713,2023-04-28,05:52:29,L01-AUTOBAN,SP330,29.0,NORTE,-23.40924849,-46.82056546,COLISÃO,COLISÃO-TRASEIRA,NÃO INFORMADO,AUTOMÓVEL=2,SÃO PAULO,REG. METROPOLITANA SÃO PAULO,SÃO PAULO,ESTADUAL
1715,2023-04-28,07:18:18,L01-AUTOBAN,SP330,64.0,NORTE,-23.15321924,-46.93559468,COLISÃO,COLISÃO-TRASEIRA,NÃO INFORMADO,AUTOMÓVEL=1|MOTO=1,JUNDIAÍ,CAMPINAS,CAMPINAS,ESTADUAL
1716,2023-04-28,08:13:12,L01-AUTOBAN,SP330,112.0,SUL,-22.81384598,-47.20930338,ENGAVETAMENTO,ENGAVETAMENTO,NÃO INFORMADO,AUTOMÓVEL=1|MOTO=1|NÃO INFORMADO=1|VIATURA CONCESSIONÁRIA=1,SUMARÉ,CAMPINAS,CAMPINAS,ESTADUAL
1718,2023-04-28,10:05:15,L01-AUTOBAN,SP330,61.4,NORTE,-23.17262362,-46.92161073,CHOQUE,CHOQUE-TALUDE OU BARRANCO,NÃO INFORMADO,CAMINHÃO=1,JUNDIAÍ,CAMPINAS,CAMPINAS,ESTADUAL
1719,2023-04-28,10:17:33,L01-AUTOBAN,SP330,12.4,NORTE,-23.50866836,-46.73458776,TOMBAMENTO,TOMBAMENTO-MOTO,NÃO INFORMADO,AUTOMÓVEL=1|MOTO=1,SÃO PAULO,REG. METROPOLITANA SÃO PAULO,SÃO PAULO,ESTADUAL
1720,2023-04-28,10:29:09,L01-AUTOBAN,SPM330D,59.214,NORTE,-23.18723274,-46.90761478,TOMBAMENTO,TOMBAMENTO-MOTO,NÃO INFORMADO,MOTO=1,JUNDIAÍ,CAMPINAS,CAMPINAS,ESTADUAL
1721,2023-04-28,11:17:43,L01-AUTOBAN,SP330,35.5,NORTE,-23.36917275,-46.84503675,CHOQUE,CHOQUE-BARREIRA DE CONCRETO,NÃO INFORMADO,UTILITÁRIO=1,CAJAMAR,REG. METROPOLITANA SÃO PAULO,SÃO PAULO,ESTADUAL
1723,2023-04-28,12:15:59,L01-AUTOBAN,SP330,42.0,SUL,-23.31732623,-46.85318112,CHOQUE,CHOQUE-TALUDE OU BARRANCO,NÃO INFORMADO,AUTOMÓVEL=1,CAJAMAR,REG. METROPOLITANA SÃO PAULO,SÃO PAULO,ESTADUAL
1724,2023-04-28,13:39:24,L01-AUTOBAN,SP330,141.0,NORTE,-22.60524559,-47.36194253,CHOQUE,CHOQUE-BARREIRA DE CONCRETO,NÃO INFORMADO,AUTOMÓVEL=1,LIMEIRA,CAMPINAS,RIO CLARO,ESTADUAL
1727,2023-04-28,16:40:11,L01-AUTOBAN,SP330,99.0,NORTE,-22.88773025,-47.11325347,COLISÃO,COLISÃO-LATERAL,NÃO INFORMADO,MOTO=1|UTILITÁRIO=1,CAMPINAS,CAMPINAS,CAMPINAS,ESTADUAL
1728,2023-04-28,18:09:53,L01-AUTOBAN,SP330,107.16,NORTE,-22.8383537,-47.17184431,COLISÃO,COLISÃO-TRASEIRA,NÃO INFORMADO,UTILITÁRIO=2,SUMARÉ,CAMPINAS,CAMPINAS,ESTADUAL
1729,2023-04-28,18:52:53,L01-AUTOBAN,SP330,95.34,NORTE,-22.91689291,-47.09653524,COLISÃO,COLISÃO-TRASEIRA,NÃO INFORMADO,AUTOMÓVEL=1|UTILITÁRIO=1,CAMPINAS,CAMPINAS,CAMPINAS,ESTADUAL
1732,2023-04-28,19:42:50,L01-AUTOBAN,SPI102/330,3.35,NORTE,-22.89308086,-47.13418007,CHOQUE,CHOQUE-VEÍCULO PARADO NO ACOSTAMENTO,NÃO INFORMADO,CARRETA=1|UTILITÁRIO=1,CAMPINAS,CAMPINAS,CAMPINAS,ESTADUAL
1733,2023-04-28,23:17:36,L01-AUTOBAN,SPM330D,108.8,NORTE,-22.82841637,-47.18253495,ENGAVETAMENTO,ENGAVETAMENTO,NÃO INFORMADO,AUTOMÓVEL=3,SUMARÉ,CAMPINAS,CAMPINAS,ESTADUAL
1734,2023-04-29,03:47:38,L01-AUTOBAN,SPM330D,56.9,NORTE,-23.20642772,-46.89834149,CHOQUE,CHOQUE-DEFENSA METÁLICA,NÃO INFORMADO,AUTOMÓVEL=1,JUNDIAÍ,CAMPINAS,CAMPINAS,ESTADUAL
1736,2023-04-29,08:51:00,L01-AUTOBAN,SP330,112.0,SUL,-22.81384598,-47.20930338,TOMBAMENTO,TOMBAMENTO-MOTO,NÃO INFORMADO,MOTO=1,SUMARÉ,CAMPINAS,CAMPINAS,ESTADUAL
1738,2023-04-29,13:11:43,L01-AUTOBAN,SP330,71.1,NORTE,-23.09681138,-46.96855097,ATROPELAMENTO DE PEDESTRE,ATROP. PEDESTRE-USUÁRIO,NÃO INFORMADO,AUTOMÓVEL=1|NÃO SE APLICA=1,LOUVEIRA,CAMPINAS,CAMPINAS,ESTADUAL
1739,2023-04-29,17:26:13,L01-AUTOBAN,SP330,131.44,SUL,-22.67913875,-47.31100202,TOMBAMENTO,TOMBAMENTO-MOTO,NÃO INFORMADO,MOTO=1,LIMEIRA,CAMPINAS,RIO CLARO,ESTADUAL
1745,2023-04-30,00:14:57,L01-AUTOBAN,SPM330E,113.0,SUL,-22.80727918,-47.21642733,COLISÃO,COLISÃO-LATERAL,NÃO INFORMADO,AUTOMÓVEL=2,SUMARÉ,CAMPINAS,CAMPINAS,ESTADUAL
1746,2023-04-30,00:33:37,L01-AUTOBAN,SP330,98.8,NORTE,-22.88935908,-47.11275245,COLISÃO,COLISÃO-TRASEIRA,NÃO INFORMADO,AUTOMÓVEL=2,CAMPINAS,CAMPINAS,CAMPINAS,ESTADUAL
1747,2023-04-30,05:52:02,L01-AUTOBAN,SP330,118.0,NORTE,-22.76886599,-47.24079788,TOMBAMENTO,TOMBAMENTO-MOTO,NÃO INFORMADO,MOTO=1,NOVA ODESSA,CAMPINAS,RIO CLARO,ESTADUAL
1749,2023-04-30,13:44:23,L01-AUTOBAN,SP330,20.3,NORTE,-23.46647482,-46.7796328,COLISÃO,COLISÃO-TRASEIRA,NÃO INFORMADO,AUTOMÓVEL=1|MOTO=1,OSASCO,REG. METROPOLITANA SÃO PAULO,SÃO PAULO,ESTADUAL
1750,2023-04-30,15:20:43,L01-AUTOBAN,SP330,105.0,NORTE,-22.8517126,-47.15673745,CHOQUE,CHOQUE-DEFENSA METÁLICA,NÃO INFORMADO,AUTOMÓVEL=1|NÃO INFORMADO=1,CAMPINAS,CAMPINAS,CAMPINAS,ESTADUAL
1752,2023-05-01,13:20:16,L01-AUTOBAN,SP330,22.8,NORTE,-23.44609104,-46.78680396,COLISÃO,COLISÃO-LATERAL,NÃO INFORMADO,AUTOMÓVEL=1|CAMINHÃO=1,SÃO PAULO,REG. METROPOLITANA SÃO PAULO,SÃO PAULO,ESTADUAL
1753,2023-05-01,16:27:29,L01-AUTOBAN,SP330,85.7,NORTE,-22.98477342,-47.04217181,CHOQUE,CHOQUE-DEFENSA METÁLICA,NÃO INFORMADO,AUTOMÓVEL=1,VALINHOS,CAMPINAS,CAMPINAS,ESTADUAL
1759,2023-05-02,08:29:05,L01-AUTOBAN,SP330,61.5,NORTE,-23.17195589,-46.9224304,COLISÃO,COLISÃO-TRASEIRA,NÃO INFORMADO,AUTOMÓVEL=1|UTILITÁRIO=1,JUNDIAÍ,CAMPINAS,CAMPINAS,ESTADUAL
1761,2023-05-02,08:36:18,L01-AUTOBAN,SP330,37.5,SUL,-23.34801637,-46.84389808,COLISÃO,COLISÃO-TRASEIRA,NÃO INFORMADO,AUTOMÓVEL=2,CAJAMAR,REG. METROPOLITANA SÃO PAULO,SÃO PAULO,ESTADUAL
1763,2023-05-02,09:05:19,L01-AUTOBAN,SP330,61.7,NORTE,-23.17062039,-46.92406977,COLISÃO,COLISÃO-TRASEIRA,NÃO INFORMADO,AUTOMÓVEL=1|NÃO INFORMADO=1,JUNDIAÍ,CAMPINAS,CAMPINAS,ESTADUAL
1767,2023-05-02,12:42:12,L01-AUTOBAN,SP330,120.6,NORTE,-22.75272144,-47.25871412,TOMBAMENTO,TOMBAMENTO,NÃO INFORMADO,CAMINHÃO=1,AMERICANA,CAMPINAS,RIO CLARO,ESTADUAL
1768,2023-05-02,12:42:34,L01-AUTOBAN,SP330,20.0,SUL,-23.4689052,-46.77906632,CHOQUE,CHOQUE-OBJETO NA PISTA,NÃO INFORMADO,MOTO=1,OSASCO,REG. METROPOLITANA SÃO PAULO,SÃO PAULO,ESTADUAL
1769,2023-05-02,12:51:42,L01-AUTOBAN,SP330,152.5,SUL,-22.50989569,-47.39742011,COLISÃO,COLISÃO-TRASEIRA,NÃO INFORMADO,CARRETA=2,CORDEIRÓPOLIS,CAMPINAS,RIO CLARO,ESTADUAL
1770,2023-05-02,13:15:05,L01-AUTOBAN,SPI102/330,5.0,NORTE,-22.90690412,-47.13676572,TOMBAMENTO,TOMBAMENTO,NÃO INFORMADO,AUTOMÓVEL=1,CAMPINAS,CAMPINAS,CAMPINAS,ESTADUAL
1771,2023-05-02,13:57:20,L01-AUTOBAN,SP330,20.2,NORTE,-23.46729806,-46.77937961,COLISÃO,COLISÃO-TRASEIRA,NÃO INFORMADO,AUTOMÓVEL=1|UTILITÁRIO=1,OSASCO,REG. METROPOLITANA SÃO PAULO,SÃO PAULO,ESTADUAL
1772,2023-05-02,14:13:48,L01-AUTOBAN,SP330,23.2,NORTE,-23.44239492,-46.78676319,COLISÃO,COLISÃO-LATERAL,NÃO INFORMADO,AUTOMÓVEL=1|MOTO=1,SÃO PAULO,REG. METROPOLITANA SÃO PAULO,SÃO PAULO,ESTADUAL
1775,2023-05-02,15:58:04,L01-AUTOBAN,SPM330D,25.0,NORTE,-23.426127,-46.787542,COLISÃO,COLISÃO-LATERAL,NÃO INFORMADO,AUTOMÓVEL=1|MOTO=1,SÃO PAULO,REG. METROPOLITANA SÃO PAULO,SÃO PAULO,ESTADUAL
1776,2023-05-02,17:06:12,L01-AUTOBAN,SP330,92.24,NORTE,-22.93382046,-47.07320743,COLISÃO,COLISÃO-LATERAL,NÃO INFORMADO,AUTOMÓVEL=1|MOTO=1,CAMPINAS,CAMPINAS,CAMPINAS,ESTADUAL
1779,2023-05-02,17:49:24,L01-AUTOBAN,SPM330E,101.8,SUL,-22.86950187,-47.13091806,COLISÃO,COLISÃO-LATERAL,NÃO INFORMADO,AUTOMÓVEL=1|CAMINHÃO=1,CAMPINAS,CAMPINAS,CAMPINAS,ESTADUAL
1781,2023-05-02,18:42:00,L01-AUTOBAN,SP330,12.0,NORTE,-23.50917461,-46.73062027,TOMBAMENTO,TOMBAMENTO-MOTO,NÃO INFORMADO,MOTO=1,SÃO PAULO,REG. METROPOLITANA SÃO PAULO,SÃO PAULO,ESTADUAL
1782,2023-05-02,19:19:36,L01-AUTOBAN,SPM330D,14.0,NORTE,-23.507052,-46.749681,ATROPELAMENTO DE PEDESTRE,ATROP. PEDESTRE-MORADOR/TRABALHADOR/ESTUDANTE,NÃO INFORMADO,NÃO INFORMADO=1|NÃO SE APLICA=1,SÃO PAULO,REG. METROPOLITANA SÃO PAULO,SÃO PAULO,ESTADUAL
1783,2023-05-02,23:20:23,L01-AUTOBAN,SPM330E,101.68,SUL,-22.868355,-47.132428,CHOQUE,CHOQUE-MEIO FIO/CALÇAMENTO,NÃO INFORMADO,MOTO=1,CAMPINAS,CAMPINAS,CAMPINAS,ESTADUAL
1784,2023-05-03,01:54:19,L01-AUTOBAN,SP330,12.92,SUL,-23.50825807,-46.73927436,CHOQUE,CHOQUE-DEFENSA METÁLICA,NÃO INFORMADO,AUTOMÓVEL=1,SÃO PAULO,REG. METROPOLITANA SÃO PAULO,SÃO PAULO,ESTADUAL
1785,2023-05-03,06:33:07,L01-AUTOBAN,SP330,71.4,NORTE,-23.09468112,-46.96994305,COLISÃO,COLISÃO-LATERAL,NÃO INFORMADO,UTILITÁRIO=2,LOUVEIRA,CAMPINAS,CAMPINAS,ESTADUAL
1786,2023-05-03,06:46:25,L01-AUTOBAN,SP330,54.5,SUL,-23.21974992,-46.88081056,COLISÃO,COLISÃO-LATERAL,NÃO INFORMADO,MOTO=1|NÃO INFORMADO=1,JUNDIAÍ,CAMPINAS,CAMPINAS,ESTADUAL
1788,2023-05-03,15:53:12,L01-AUTOBAN,SP330,75.7,NORTE,-23.06255273,-46.99272418,TOMBAMENTO,TOMBAMENTO,NÃO INFORMADO,AUTOMÓVEL=1|MOTO=1,VINHEDO,CAMPINAS,CAMPINAS,ESTADUAL
1789,2023-05-03,17:25:03,L01-AUTOBAN,SP330,24.5,SUL,-23.43070264,-46.78701647,COLISÃO,COLISÃO-LATERAL,NÃO INFORMADO,MOTO=1|NÃO INFORMADO=1,SÃO PAULO,REG. METROPOLITANA SÃO PAULO,SÃO PAULO,ESTADUAL
1790,2023-05-03,17:57:19,L01-AUTOBAN,SP330,110.84,SUL,-22.81889824,-47.20026602,ATROPELAMENTO DE ANIMAL,ATROP. ANIMAL,NÃO INFORMADO,AUTOMÓVEL=1,SUMARÉ,CAMPINAS,CAMPINAS,ESTADUAL
1791,2023-05-03,18:23:39,L01-AUTOBAN,SP330,95.84,NORTE,-22.9127696,-47.10022328,ATROPELAMENTO DE PEDESTRE,ATROP. PEDESTRE-ANDARILHO,NÃO INFORMADO,MOTO=1|NÃO SE APLICA=1,CAMPINAS,CAMPINAS,CAMPINAS,ESTADUAL
1793,2023-05-04,00:54:41,L01-AUTOBAN,SP330,11.5,SUL,-23.5085418,-46.73557963,CHOQUE,CHOQUE-SINALIZAÇÃO,NÃO INFORMADO,ÔNIBUS=1,SÃO PAULO,REG. METROPOLITANA SÃO PAULO,SÃO PAULO,ESTADUAL
1794,2023-05-04,07:13:03,L01-AUTOBAN,SP330,105.9,SUL,-22.84730994,-47.16353525,COLISÃO,COLISÃO-TRASEIRA,NÃO INFORMADO,CARRETA=2,SUMARÉ,CAMPINAS,CAMPINAS,ESTADUAL
1795,2023-05-04,08:09:45,L01-AUTOBAN,SP330,70.0,NORTE,-23.10588499,-46.96257234,COLISÃO,COLISÃO-LATERAL,NÃO INFORMADO,AUTOMÓVEL=1|CARRETA=1,LOUVEIRA,CAMPINAS,CAMPINAS,ESTADUAL
1796,2023-05-04,08:32:40,L01-AUTOBAN,SP330,76.0,NORTE,-23.060072,-46.994586,CHOQUE,CHOQUE-BARREIRA DE CONCRETO,NÃO INFORMADO,AUTOMÓVEL=1,VINHEDO,CAMPINAS,CAMPINAS,ESTADUAL
1797,2023-05-04,09:08:18,L01-AUTOBAN,SP330,100.1,SUL,-22.87988547,-47.11858248,COLISÃO,COLISÃO-TRASEIRA,NÃO INFORMADO,AUTOMÓVEL=1|NÃO INFORMADO=1,CAMPINAS,CAMPINAS,CAMPINAS,ESTADUAL
1799,2023-05-04,18:18:52,L01-AUTOBAN,SP330,56.6,NORTE,-23.20791866,-46.89614474,COLISÃO,COLISÃO-LATERAL,NÃO INFORMADO,MOTO=1|NÃO INFORMADO=1,JUNDIAÍ,CAMPINAS,CAMPINAS,ESTADUAL
1800,2023-05-04,21:48:50,L01-AUTOBAN,SP330,102.14,SUL,-22.8675388,-47.13341164,CHOQUE,CHOQUE-DEFENSA METÁLICA,NÃO INFORMADO,AUTOMÓVEL=3,CAMPINAS,CAMPINAS,CAMPINAS,ESTADUAL
1801,2023-05-05,02:59:57,L01-AUTOBAN,SPM330D,112.1,NORTE,-22.81304195,-47.20970784,COLISÃO,COLISÃO-TRASEIRA,NÃO INFORMADO,AUTOMÓVEL=1|CAMINHÃO=1,SUMARÉ,CAMPINAS,CAMPINAS,ESTADUAL
1803,2023-05-05,11:13:11,L01-AUTOBAN,SPM330D,115.681,NORTE,-22.78606409,-47.22918482,TOMBAMENTO,TOMBAMENTO-MOTO,NÃO INFORMADO,MOTO=1,NOVA ODESSA,CAMPINAS,CAMPINAS,ESTADUAL
1804,2023-05-05,12:56:53,L01-AUTOBAN,SP330,121.0,SUL,-22.75011295,-47.26183712,COLISÃO,COLISÃO-TRASEIRA,NÃO INFORMADO,MOTO=1|UTILITÁRIO=1,AMERICANA,CAMPINAS,RIO CLARO,ESTADUAL
1805,2023-05-05,13:01:14,L01-AUTOBAN,SP330,110.7,SUL,-22.81958078,-47.19897202,COLISÃO,COLISÃO-TRASEIRA,NÃO INFORMADO,NÃO INFORMADO=1|UTILITÁRIO=1,SUMARÉ,CAMPINAS,CAMPINAS,ESTADUAL
1806,2023-05-05,13:28:10,L01-AUTOBAN,SP330,121.0,SUL,-22.75011295,-47.26183712,COLISÃO,COLISÃO-TRASEIRA,NÃO INFORMADO,AUTOMÓVEL=1|CARRETA=1,AMERICANA,CAMPINAS,RIO CLARO,ESTADUAL
1808,2023-05-05,16:43:33,L01-AUTOBAN,SPM330D,91.9,NORTE,-22.93589067,-47.07090451,COLISÃO,COLISÃO-TRANSVERSAL,NÃO INFORMADO,MOTO=1|VAN/PERUA=1,CAMPINAS,CAMPINAS,CAMPINAS,ESTADUAL
1809,2023-05-05,17:07:33,L01-AUTOBAN,SP330,137.4,SUL,-22.62823025,-47.339251,COLISÃO,COLISÃO-TRASEIRA,NÃO INFORMADO,AUTOMÓVEL=1|UTILITÁRIO=1,LIMEIRA,CAMPINAS,RIO CLARO,ESTADUAL
1811,2023-05-05,18:34:44,L01-AUTOBAN,SP330,92.1,SUL,-22.93460018,-47.07190431,ATROPELAMENTO DE PEDESTRE,ATROP. PEDESTRE-MORADOR/TRABALHADOR/ESTUDANTE,NÃO INFORMADO,AUTOMÓVEL=1|NÃO SE APLICA=1,CAMPINAS,CAMPINAS,CAMPINAS,ESTADUAL
1812,2023-05-05,18:42:49,L01-AUTOBAN,SPM330D,110.8,NORTE,-22.81870062,-47.19988349,COLISÃO,COLISÃO-TRASEIRA,NÃO INFORMADO,AUTOMÓVEL=1|UTILITÁRIO=1,SUMARÉ,CAMPINAS,CAMPINAS,ESTADUAL
1813,2023-05-05,19:11:26,L01-AUTOBAN,SPM330D,110.5,NORTE,-22.82018993,-47.19710737,COLISÃO,COLISÃO-TRASEIRA,NÃO INFORMADO,AUTOMÓVEL=1|MOTO=1,SUMARÉ,CAMPINAS,CAMPINAS,ESTADUAL
1814,2023-05-06,00:51:18,L01-AUTOBAN,SP330,106.6,SUL,-22.84263226,-47.1682248,CHOQUE,CHOQUE-BARREIRA DE CONCRETO,NÃO INFORMADO,MOTO=1,SUMARÉ,CAMPINAS,CAMPINAS,ESTADUAL
1815,2023-05-06,01:25:20,L01-AUTOBAN,SP330,97.14,NORTE,-22.9029292,-47.10821092,COLISÃO,COLISÃO-TRASEIRA,NÃO INFORMADO,AUTOMÓVEL=1|MOTO=1,CAMPINAS,CAMPINAS,CAMPINAS,ESTADUAL
1816,2023-05-06,01:33:14,L01-AUTOBAN,SP330,17.57,NORTE,-23.48581852,-46.76914537,CHOQUE,CHOQUE-DEFENSA METÁLICA,NÃO INFORMADO,AUTOMÓVEL=1,OSASCO,REG. METROPOLITANA SÃO PAULO,SÃO PAULO,ESTADUAL
1818,2023-05-06,03:12:43,L01-AUTOBAN,SPM330D,112.9,NORTE,-22.80767772,-47.21560444,TOMBAMENTO,TOMBAMENTO-MOTO,NÃO INFORMADO,CAMINHÃO=1|MOTO=1,SUMARÉ,CAMPINAS,CAMPINAS,ESTADUAL
1819,2023-05-06,04:59:50,L01-AUTOBAN,SP330,131.0,NORTE,-22.67896551,-47.31069088,CHOQUE,CHOQUE-DEFENSA METÁLICA,NÃO INFORMADO,AUTOMÓVEL=1,LIMEIRA,CAMPINAS,RIO CLARO,ESTADUAL
1821,2023-05-06,10:11:59,L01-AUTOBAN,SP330,63.0,NORTE,-23.160652,-46.931831,CHOQUE,CHOQUE-BARREIRA DE CONCRETO,NÃO INFORMADO,AUTOMÓVEL=1|NÃO INFORMADO=1,JUNDIAÍ,CAMPINAS,CAMPINAS,ESTADUAL
1822,2023-05-06,10:22:49,L01-AUTOBAN,SP330,88.28,SUL,-22.96417474,-47.05470578,COLISÃO,COLISÃO-TRASEIRA,NÃO INFORMADO,AUTOMÓVEL=1|UTILITÁRIO=1,CAMPINAS,CAMPINAS,CAMPINAS,ESTADUAL
1823,2023-05-06,10:43:42,L01-AUTOBAN,SP330,88.7,SUL,-22.96114803,-47.05642711,CHOQUE,CHOQUE-VEÍCULO PARADO NA PISTA,NÃO INFORMADO,AUTOMÓVEL=2,CAMPINAS,CAMPINAS,CAMPINAS,ESTADUAL
1824,2023-05-06,13:14:22,L01-AUTOBAN,SP330,123.4,NORTE,-22.73653156,-47.28033687,TOMBAMENTO,TOMBAMENTO,NÃO INFORMADO,MOTO=1,AMERICANA,CAMPINAS,RIO CLARO,ESTADUAL
1827,2023-05-06,15:33:46,L01-AUTOBAN,SP330,125.5,SUL,-22.7237573,-47.29354352,TOMBAMENTO,TOMBAMENTO-MOTO,NÃO INFORMADO,MOTO=1,AMERICANA,CAMPINAS,RIO CLARO,ESTADUAL
1828,2023-05-06,16:35:00,L01-AUTOBAN,SPM330E,110.32,SUL,-22.82143338,-47.19545974,COLISÃO,COLISÃO-TRASEIRA,NÃO INFORMADO,NÃO INFORMADO=1|UTILITÁRIO=1,SUMARÉ,CAMPINAS,CAMPINAS,ESTADUAL
1829,2023-05-06,19:04:36,L01-AUTOBAN,SP330,92.0,NORTE,-22.93511642,-47.07138956,QUEDA,"QUEDA-VEÍCULO EM RIBANCEIRA,PONTE OU VIADUTO",NÃO INFORMADO,UTILITÁRIO=1,CAMPINAS,CAMPINAS,CAMPINAS,ESTADUAL
1830,2023-05-06,19:07:31,L01-AUTOBAN,SPM330D,99.0,NORTE,-22.88773025,-47.11325347,COLISÃO,COLISÃO-TRASEIRA,NÃO INFORMADO,UTILITÁRIO=2,CAMPINAS,CAMPINAS,CAMPINAS,ESTADUAL
1831,2023-05-06,19:57:37,L01-AUTOBAN,SPM330D,107.1,NORTE,-22.83876576,-47.17146384,COLISÃO,COLISÃO-TRASEIRA,NÃO INFORMADO,AUTOMÓVEL=2,SUMARÉ,CAMPINAS,CAMPINAS,ESTADUAL
1836,2023-05-07,20:43:18,L01-AUTOBAN,SP330,97.38,NORTE,-22.90096048,-47.10891902,ATROPELAMENTO DE PEDESTRE,ATROP. PEDESTRE-USUÁRIO,NÃO INFORMADO,AUTOMÓVEL=1|NÃO INFORMADO=1|NÃO SE APLICA=1,CAMPINAS,CAMPINAS,CAMPINAS,ESTADUAL
1837,2023-05-07,22:09:04,L01-AUTOBAN,SP330,19.0,SUL,-23.4737126,-46.77262366,CHOQUE,CHOQUE-BARREIRA DE CONCRETO,NÃO INFORMADO,AUTOMÓVEL=1,OSASCO,REG. METROPOLITANA SÃO PAULO,SÃO PAULO,ESTADUAL
1838,2023-05-08,01:27:32,L01-AUTOBAN,SP330,52.4,NORTE,-23.23630613,-46.87057404,CHOQUE,CHOQUE-VEÍCULO PARADO NA PISTA,NÃO INFORMADO,AUTOMÓVEL=1|CARRETA=1,JUNDIAÍ,CAMPINAS,CAMPINAS,ESTADUAL
1840,2023-05-08,07:14:19,L01-AUTOBAN,SP330,109.86,SUL,-22.82362522,-47.191348,COLISÃO,COLISÃO-LATERAL,NÃO INFORMADO,AUTOMÓVEL=1|MOTO=1,SUMARÉ,CAMPINAS,CAMPINAS,ESTADUAL
1841,2023-05-08,07:26:15,L01-AUTOBAN,SP330,82.0,SUL,-23.01355126,-47.02328146,COLISÃO,COLISÃO-TRASEIRA,NÃO INFORMADO,AUTOMÓVEL=1|MOTO=1,VALINHOS,CAMPINAS,CAMPINAS,ESTADUAL
1842,2023-05-08,07:51:31,L01-AUTOBAN,SP330,95.0,NORTE,-22.91969673,-47.0940274,ENGAVETAMENTO,ENGAVETAMENTO,NÃO INFORMADO,CAMINHÃO=1|CARRETA=1|NÃO INFORMADO=1,CAMPINAS,CAMPINAS,CAMPINAS,ESTADUAL
1844,2023-05-08,09:19:36,L01-AUTOBAN,SP330,130.74,NORTE,-22.68135388,-47.31068391,COLISÃO,COLISÃO-LATERAL,NÃO INFORMADO,AUTOMÓVEL=1|MICRO-ÔNIBUS=1,LIMEIRA,CAMPINAS,RIO CLARO,ESTADUAL
1846,2023-05-08,18:23:31,L01-AUTOBAN,SP330,105.62,NORTE,-22.84848511,-47.16127435,ENGAVETAMENTO,ENGAVETAMENTO,NÃO INFORMADO,AUTOMÓVEL=2|UTILITÁRIO=1,SUMARÉ,CAMPINAS,CAMPINAS,ESTADUAL
1847,2023-05-09,01:49:43,L01-AUTOBAN,SP330,86.24,SUL,-22.98105498,-47.04490692,COLISÃO,COLISÃO-TRASEIRA,NÃO INFORMADO,CAMINHÃO=1|UTILITÁRIO=1,CAMPINAS,CAMPINAS,CAMPINAS,ESTADUAL
1848,2023-05-09,02:41:06,L01-AUTOBAN,SP330,148.0,NORTE,-22.545053,-47.37612,CHOQUE,CHOQUE-DEFENSA METÁLICA,NÃO INFORMADO,AUTOMÓVEL=1,LIMEIRA,CAMPINAS,RIO CLARO,ESTADUAL
1850,2023-05-09,07:43:21,L01-AUTOBAN,SPM330E,58.9,SUL,-23.18981422,-46.90649647,COLISÃO,COLISÃO-TRASEIRA,NÃO INFORMADO,AUTOMÓVEL=1|UTILITÁRIO=1|ÔNIBUS=1,JUNDIAÍ,CAMPINAS,CAMPINAS,ESTADUAL
1852,2023-05-09,08:58:43,L01-AUTOBAN,SP330,43.0,SUL,-23.31035042,-46.85740829,TOMBAMENTO,TOMBAMENTO,NÃO INFORMADO,AUTOMÓVEL=1,CAJAMAR,REG. METROPOLITANA SÃO PAULO,SÃO PAULO,ESTADUAL
1853,2023-05-09,09:11:37,L01-AUTOBAN,SP330,103.0,NORTE,-22.86219711,-47.13924408,COLISÃO,COLISÃO-TRASEIRA,NÃO INFORMADO,CAMINHÃO=2,CAMPINAS,CAMPINAS,CAMPINAS,ESTADUAL
1854,2023-05-09,09:13:44,L01-AUTOBAN,SPI102/330,3.0,SUL,-22.89008759,-47.13353634,COLISÃO,COLISÃO-TRASEIRA,NÃO INFORMADO,AUTOMÓVEL=1|CARRETA=1,CAMPINAS,CAMPINAS,CAMPINAS,ESTADUAL
1857,2023-05-09,13:39:01,L01-AUTOBAN,SPM330E,14.0,SUL,-23.50718726,-46.75003409,TOMBAMENTO,TOMBAMENTO-MOTO,NÃO INFORMADO,MOTO=1,SÃO PAULO,REG. METROPOLITANA SÃO PAULO,SÃO PAULO,ESTADUAL
1859,2023-05-09,17:32:16,L01-AUTOBAN,SPM330D,60.3,NORTE,-23.17928859,-46.9135217,COLISÃO,COLISÃO-TRASEIRA,NÃO INFORMADO,AUTOMÓVEL=2,JUNDIAÍ,CAMPINAS,CAMPINAS,ESTADUAL
1860,2023-05-09,17:51:29,L01-AUTOBAN,SP330,138.5,NORTE,-22.62071318,-47.34586805,TOMBAMENTO,TOMBAMENTO-MOTO,NÃO INFORMADO,MOTO=1,LIMEIRA,CAMPINAS,RIO CLARO,ESTADUAL
1862,2023-05-09,20:42:44,L01-AUTOBAN,SP330,55.26,SUL,-23.21488406,-46.88605287,CHOQUE,CHOQUE-DEFENSA METÁLICA,NÃO INFORMADO,AUTOMÓVEL=1,JUNDIAÍ,CAMPINAS,CAMPINAS,ESTADUAL
1865,2023-05-10,06:29:11,L01-AUTOBAN,SPM330E,108.25,SUL,-22.83157134,-47.17909955,COLISÃO,COLISÃO-TRASEIRA,NÃO INFORMADO,AUTOMÓVEL=1|UTILITÁRIO=1,SUMARÉ,CAMPINAS,CAMPINAS,ESTADUAL
1866,2023-05-10,10:01:45,L01-AUTOBAN,SP330,16.0,SUL,-23.49426874,-46.7588371,CHOQUE,CHOQUE-BARREIRA DE CONCRETO,NÃO INFORMADO,UTILITÁRIO=1,OSASCO,REG. METROPOLITANA SÃO PAULO,SÃO PAULO,ESTADUAL
1867,2023-05-10,10:23:13,L01-AUTOBAN,SP330,16.6,SUL,-23.49170356,-46.76377774,TOMBAMENTO,TOMBAMENTO-MOTO,NÃO INFORMADO,MOTO=1,OSASCO,REG. METROPOLITANA SÃO PAULO,SÃO PAULO,ESTADUAL
1869,2023-05-10,14:59:07,L01-AUTOBAN,SP330,57.0,NORTE,-23.20593075,-46.89907372,COLISÃO,COLISÃO-TRASEIRA,NÃO INFORMADO,AUTOMÓVEL=2,JUNDIAÍ,CAMPINAS,CAMPINAS,ESTADUAL
1871,2023-05-10,17:44:53,L01-AUTOBAN,SP330,51.6,NORTE,-23.24321896,-46.86777963,COLISÃO,COLISÃO-TRASEIRA,NÃO INFORMADO,AUTOMÓVEL=2,JUNDIAÍ,CAMPINAS,CAMPINAS,ESTADUAL
1873,2023-05-10,19:03:01,L01-AUTOBAN,SP330,120.0,SUL,-22.75697436,-47.25467026,COLISÃO,COLISÃO-TRASEIRA,NÃO INFORMADO,AUTOMÓVEL=1|NÃO INFORMADO=1,AMERICANA,CAMPINAS,RIO CLARO,ESTADUAL
1875,2023-05-11,03:23:33,L01-AUTOBAN,SPM330E,89.3,SUL,-22.95659871,-47.05901171,ATROPELAMENTO DE PEDESTRE,ATROP. PEDESTRE-USUÁRIO,NÃO INFORMADO,AUTOMÓVEL=1|ÔNIBUS=1,CAMPINAS,CAMPINAS,CAMPINAS,ESTADUAL
1876,2023-05-11,06:07:41,L01-AUTOBAN,SP330,25.7,SUL,-23.42260774,-46.79234707,TOMBAMENTO,TOMBAMENTO-MOTO,NÃO INFORMADO,MOTO=1,SÃO PAULO,REG. METROPOLITANA SÃO PAULO,SÃO PAULO,ESTADUAL
1877,2023-05-11,07:21:35,L01-AUTOBAN,SPM330D,115.0,NORTE,-22.79222084,-47.22608328,TOMBAMENTO,TOMBAMENTO,NÃO INFORMADO,CARRETA=1,SUMARÉ,CAMPINAS,CAMPINAS,ESTADUAL
1880,2023-05-11,12:33:24,L01-AUTOBAN,SP330,99.88,NORTE,-22.8812196,-47.11706306,CHOQUE,CHOQUE-BARREIRA DE CONCRETO,NÃO INFORMADO,AUTOMÓVEL=1,CAMPINAS,CAMPINAS,CAMPINAS,ESTADUAL
1883,2023-05-11,16:48:47,L01-AUTOBAN,SPM330D,112.0,NORTE,-22.81371247,-47.20897079,TOMBAMENTO,TOMBAMENTO-MOTO,NÃO INFORMADO,MOTO=1,SUMARÉ,CAMPINAS,CAMPINAS,ESTADUAL
1886,2023-05-11,17:24:16,L01-AUTOBAN,SP330,43.36,NORTE,-23.30754496,-46.85704586,COLISÃO,COLISÃO-LATERAL,NÃO INFORMADO,AUTOMÓVEL=1|NÃO INFORMADO=1|VAN/PERUA=1,CAJAMAR,REG. METROPOLITANA SÃO PAULO,SÃO PAULO,ESTADUAL
1892,2023-05-11,22:52:58,L01-AUTOBAN,SP330,61.0,SUL,-23.17530448,-46.91870213,COLISÃO,COLISÃO-TRASEIRA,NÃO INFORMADO,NÃO INFORMADO=1|UTILITÁRIO=1,JUNDIAÍ,CAMPINAS,CAMPINAS,ESTADUAL
1893,2023-05-12,00:54:14,L01-AUTOBAN,SPM330D,54.0,NORTE,-23.22302831,-46.87753558,COLISÃO,COLISÃO-TRASEIRA,NÃO INFORMADO,AUTOMÓVEL=1|ÔNIBUS=1,JUNDIAÍ,CAMPINAS,CAMPINAS,ESTADUAL
1894,2023-05-12,01:17:55,L01-AUTOBAN,SP330,89.74,NORTE,-22.95305804,-47.06079943,COLISÃO,COLISÃO-TRASEIRA,NÃO INFORMADO,CAMINHÃO=1|UTILITÁRIO=1,CAMPINAS,CAMPINAS,CAMPINAS,ESTADUAL
1895,2023-05-12,01:18:06,L01-AUTOBAN,SP330,78.5,SUL,-23.0413495,-47.007089,ATROPELAMENTO DE ANIMAL,ATROP. ANIMAL,NÃO INFORMADO,AUTOMÓVEL=1,VINHEDO,CAMPINAS,CAMPINAS,ESTADUAL
1896,2023-05-12,01:22:09,L01-AUTOBAN,SP330,17.1,NORTE,-23.48953685,-46.76717878,TOMBAMENTO,TOMBAMENTO-MOTO,NÃO INFORMADO,MOTO=1,SÃO PAULO,REG. METROPOLITANA SÃO PAULO,SÃO PAULO,ESTADUAL
1897,2023-05-12,01:42:59,L01-AUTOBAN,SP330,111.5,SUL,-22.81598208,-47.20552415,CHOQUE,CHOQUE-BARREIRA DE CONCRETO,NÃO INFORMADO,CAMINHÃO=1|VAN/PERUA=1,SUMARÉ,CAMPINAS,CAMPINAS,ESTADUAL
1899,2023-05-12,07:11:48,L01-AUTOBAN,SPM330D,17.5,NORTE,-23.48637231,-46.76885247,COLISÃO,COLISÃO-TRASEIRA,NÃO INFORMADO,AUTOMÓVEL=1|CARRETA=1|MOTO=1,OSASCO,REG. METROPOLITANA SÃO PAULO,SÃO PAULO,ESTADUAL
1901,2023-05-12,07:59:02,L01-AUTOBAN,SP330,61.5,NORTE,-23.17195589,-46.9224304,COLISÃO,COLISÃO-LATERAL,NÃO INFORMADO,AUTOMÓVEL=1|NÃO INFORMADO=1,JUNDIAÍ,CAMPINAS,CAMPINAS,ESTADUAL
1902,2023-05-12,08:04:26,L01-AUTOBAN,SP330,22.0,NORTE,-23.45302038,-46.78649068,COLISÃO,COLISÃO-LATERAL,NÃO INFORMADO,AUTOMÓVEL=1|MOTO=1,SÃO PAULO,REG. METROPOLITANA SÃO PAULO,SÃO PAULO,ESTADUAL
1903,2023-05-12,08:16:39,L01-AUTOBAN,SP330,107.1,SUL,-22.83917363,-47.17150407,COLISÃO,COLISÃO-TRASEIRA,NÃO INFORMADO,AUTOMÓVEL=1|MOTO=2|ÔNIBUS=1,SUMARÉ,CAMPINAS,CAMPINAS,ESTADUAL
1906,2023-05-12,17:05:05,L01-AUTOBAN,SP330,93.5,NORTE,-22.92946033,-47.07937452,ENGAVETAMENTO,ENGAVETAMENTO,NÃO INFORMADO,AUTOMÓVEL=1|CAMINHÃO=1|MOTO=1|NÃO INFORMADO=1,CAMPINAS,CAMPINAS,CAMPINAS,ESTADUAL
1909,2023-05-12,18:50:51,L01-AUTOBAN,SP330,19.5,NORTE,-23.47132858,-46.77574843,COLISÃO,COLISÃO-TRASEIRA,NÃO INFORMADO,AUTOMÓVEL=1|NÃO INFORMADO=1,OSASCO,REG. METROPOLITANA SÃO PAULO,SÃO PAULO,ESTADUAL
1910,2023-05-12,19:13:08,L01-AUTOBAN,SP330,12.0,NORTE,-23.50917461,-46.73062027,ENGAVETAMENTO,ENGAVETAMENTO,NÃO INFORMADO,AUTOMÓVEL=3,SÃO PAULO,REG. METROPOLITANA SÃO PAULO,SÃO PAULO,ESTADUAL
1911,2023-05-12,20:01:31,L01-AUTOBAN,SPM330D,95.7,NORTE,-22.91392412,-47.09919063,COLISÃO,COLISÃO-TRASEIRA,NÃO INFORMADO,AUTOMÓVEL=1|NÃO INFORMADO=1,CAMPINAS,CAMPINAS,CAMPINAS,ESTADUAL
1912,2023-05-13,01:13:53,L01-AUTOBAN,SP330,95.0,SUL,-22.91990919,-47.09415078,TOMBAMENTO,TOMBAMENTO-MOTO,NÃO INFORMADO,MOTO=1,CAMPINAS,CAMPINAS,CAMPINAS,ESTADUAL
1913,2023-05-13,01:33:38,L01-AUTOBAN,SP330,57.8,SUL,-23.1988544,-46.90290928,CHOQUE,CHOQUE-DEFENSA METÁLICA,NÃO INFORMADO,AUTOMÓVEL=1,JUNDIAÍ,CAMPINAS,CAMPINAS,ESTADUAL
1914,2023-05-13,02:06:09,L01-AUTOBAN,SP330,61.0,NORTE,-23.17529462,-46.91833198,ATROPELAMENTO DE PEDESTRE,ATROP. PEDESTRE-ANDARILHO,NÃO INFORMADO,NÃO INFORMADO=1|NÃO SE APLICA=1,JUNDIAÍ,CAMPINAS,CAMPINAS,ESTADUAL
1916,2023-05-13,09:02:08,L01-AUTOBAN,SPM330E,92.0,SUL,-22.9351263,-47.07110524,COLISÃO,COLISÃO-TRASEIRA,NÃO INFORMADO,AUTOMÓVEL=1|NÃO INFORMADO=1,CAMPINAS,CAMPINAS,CAMPINAS,ESTADUAL
1917,2023-05-13,09:25:22,L01-AUTOBAN,SPM330E,90.0,SUL,-22.95102833,-47.06217349,COLISÃO,COLISÃO-TRASEIRA,NÃO INFORMADO,AUTOMÓVEL=1|NÃO INFORMADO=1,CAMPINAS,CAMPINAS,CAMPINAS,ESTADUAL
1920,2023-05-13,13:49:24,L01-AUTOBAN,SP330,40.0,NORTE,-23.32842962,-46.83878839,TOMBAMENTO,TOMBAMENTO-MOTO,NÃO INFORMADO,MOTO=1,CAJAMAR,REG. METROPOLITANA SÃO PAULO,SÃO PAULO,ESTADUAL
1923,2023-05-13,17:06:47,L01-AUTOBAN,SPM330D,110.8,NORTE,-22.81870062,-47.19988349,COLISÃO,COLISÃO-TRASEIRA,NÃO INFORMADO,AUTOMÓVEL=1|MOTO=1,SUMARÉ,CAMPINAS,CAMPINAS,ESTADUAL
1925,2023-05-13,18:40:03,L01-AUTOBAN,SPM330D,96.0,NORTE,-22.91145011,-47.10140347,COLISÃO,COLISÃO-TRASEIRA,NÃO INFORMADO,AUTOMÓVEL=2,CAMPINAS,CAMPINAS,CAMPINAS,ESTADUAL
1926,2023-05-13,19:03:06,L01-AUTOBAN,SPM330D,93.7,NORTE,-22.92613013,-47.08470938,COLISÃO,COLISÃO-TRASEIRA,NÃO INFORMADO,AUTOMÓVEL=1|NÃO INFORMADO=1,CAMPINAS,CAMPINAS,CAMPINAS,ESTADUAL
1927,2023-05-13,19:21:00,L01-AUTOBAN,SPM330D,51.4,NORTE,-23.24478629,-46.86717443,COLISÃO,COLISÃO-LATERAL,NÃO INFORMADO,AUTOMÓVEL=1|MOTO=1,JUNDIAÍ,CAMPINAS,CAMPINAS,ESTADUAL
1928,2023-05-13,19:46:29,L01-AUTOBAN,SPM330E,94.24,SUL,-22.92369426,-47.08884664,COLISÃO,COLISÃO-LATERAL,NÃO INFORMADO,MOTO=1|NÃO INFORMADO=1,CAMPINAS,CAMPINAS,CAMPINAS,ESTADUAL
1929,2023-05-13,22:35:29,L01-AUTOBAN,SPM330D,89.9,NORTE,-22.95178161,-47.06151957,CHOQUE,CHOQUE-DEFENSA METÁLICA,NÃO INFORMADO,AUTOMÓVEL=2,CAMPINAS,CAMPINAS,CAMPINAS,ESTADUAL
1930,2023-05-13,23:56:17,L01-AUTOBAN,SP330,122.1,SUL,-22.74317946,-47.26934408,COLISÃO,COLISÃO-TRASEIRA,NÃO INFORMADO,MOTO=2,AMERICANA,CAMPINAS,RIO CLARO,ESTADUAL
1931,2023-05-14,00:00:04,L01-AUTOBAN,SP330,148.0,NORTE,-22.545053,-47.37612,COLISÃO,COLISÃO-TRANSVERSAL,NÃO INFORMADO,BICICLETA=1|MOTO=1,LIMEIRA,CAMPINAS,RIO CLARO,ESTADUAL
1933,2023-05-14,03:33:29,L01-AUTOBAN,SP330,64.6,SUL,-23.14823248,-46.9379518,ATROPELAMENTO DE ANIMAL,ATROP. ANIMAL,NÃO INFORMADO,AUTOMÓVEL=1,JUNDIAÍ,CAMPINAS,CAMPINAS,ESTADUAL
1934,2023-05-14,03:36:01,L01-AUTOBAN,SPM330D,54.4,NORTE,-23.22275519,-46.87778535,CHOQUE,CHOQUE-POSTE,NÃO INFORMADO,UTILITÁRIO=1,JUNDIAÍ,CAMPINAS,CAMPINAS,ESTADUAL
1936,2023-05-14,03:43:30,L01-AUTOBAN,SP330,82.0,SUL,-23.01355126,-47.02328146,CHOQUE,CHOQUE-BARREIRA DE CONCRETO,NÃO INFORMADO,AUTOMÓVEL=1,VALINHOS,CAMPINAS,CAMPINAS,ESTADUAL
1937,2023-05-14,05:37:02,L01-AUTOBAN,SP330,62.3,SUL,-23.16643379,-46.92820626,ATROPELAMENTO DE PEDESTRE,ATROP. PEDESTRE-MORADOR/TRABALHADOR/ESTUDANTE,NÃO INFORMADO,AUTOMÓVEL=2|NÃO SE APLICA=1,JUNDIAÍ,CAMPINAS,CAMPINAS,ESTADUAL
1938,2023-05-14,11:00:45,L01-AUTOBAN,SP330,25.0,NORTE,-23.426127,-46.787542,COLISÃO,COLISÃO-LATERAL,NÃO INFORMADO,AUTOMÓVEL=1|ÔNIBUS=1,SÃO PAULO,REG. METROPOLITANA SÃO PAULO,SÃO PAULO,ESTADUAL
1939,2023-05-14,12:09:45,L01-AUTOBAN,SP330,61.0,SUL,-23.17530448,-46.91870213,COLISÃO,COLISÃO-TRASEIRA,NÃO INFORMADO,AUTOMÓVEL=2,JUNDIAÍ,CAMPINAS,CAMPINAS,ESTADUAL
1940,2023-05-14,12:42:09,L01-AUTOBAN,SPM330E,112.8,SUL,-22.80859252,-47.21500256,COLISÃO,COLISÃO-TRANSVERSAL,NÃO INFORMADO,BICICLETA=1|MOTO=1,SUMARÉ,CAMPINAS,CAMPINAS,ESTADUAL
1942,2023-05-14,16:31:12,L01-AUTOBAN,SPM330D,18.1,NORTE,-23.48154622,-46.7711125,TOMBAMENTO,TOMBAMENTO,NÃO INFORMADO,CARRETA=1,OSASCO,REG. METROPOLITANA SÃO PAULO,SÃO PAULO,ESTADUAL
1944,2023-05-14,18:25:24,L01-AUTOBAN,SP330,117.7,SUL,-22.77087194,-47.23962247,CHOQUE,CHOQUE-PRAÇA MANUAL-(ENTRE VEÍCULOS),NÃO INFORMADO,AUTOMÓVEL=2,NOVA ODESSA,CAMPINAS,RIO CLARO,ESTADUAL
1945,2023-05-14,18:36:28,L01-AUTOBAN,SP330,106.94,SUL,-22.8402824,-47.17045728,COLISÃO,COLISÃO-TRASEIRA,NÃO INFORMADO,AUTOMÓVEL=1|UTILITÁRIO=1,SUMARÉ,CAMPINAS,CAMPINAS,ESTADUAL
1946,2023-05-14,22:34:57,L01-AUTOBAN,SP330,104.85,NORTE,-22.85247647,-47.15552177,CHOQUE,CHOQUE-SINALIZAÇÃO,NÃO INFORMADO,AUTOMÓVEL=1,CAMPINAS,CAMPINAS,CAMPINAS,ESTADUAL
1947,2023-05-14,23:31:33,L01-AUTOBAN,SP330,130.5,SUL,-22.68363287,-47.31103688,TOMBAMENTO,TOMBAMENTO-MOTO,NÃO INFORMADO,MOTO=1,LIMEIRA,CAMPINAS,RIO CLARO,ESTADUAL
1949,2023-05-15,06:59:36,L01-AUTOBAN,SP330,114.45,NORTE,-22.79678225,-47.22372882,COLISÃO,COLISÃO-TRASEIRA,NÃO INFORMADO,CAMINHÃO=1|UTILITÁRIO=1,SUMARÉ,CAMPINAS,CAMPINAS,ESTADUAL
1950,2023-05-15,07:45:15,L01-AUTOBAN,SP330,58.6,NORTE,-23.19211894,-46.90542411,COLISÃO,COLISÃO-TRASEIRA,NÃO INFORMADO,AUTOMÓVEL=1|UTILITÁRIO=1,JUNDIAÍ,CAMPINAS,CAMPINAS,ESTADUAL
1951,2023-05-15,08:07:47,L01-AUTOBAN,SPM330D,112.0,NORTE,-22.81371247,-47.20897079,COLISÃO,COLISÃO-FRONTAL,NÃO INFORMADO,UTILITÁRIO=1|ÔNIBUS=1,SUMARÉ,CAMPINAS,CAMPINAS,ESTADUAL
1952,2023-05-15,08:15:26,L01-AUTOBAN,SPM330D,101.8,NORTE,-22.86865247,-47.13064923,COLISÃO,COLISÃO-LATERAL,NÃO INFORMADO,AUTOMÓVEL=1|MOTO=1,CAMPINAS,CAMPINAS,CAMPINAS,ESTADUAL
1954,2023-05-15,13:18:24,L01-AUTOBAN,SP330,14.3,SUL,-23.50500601,-46.7514326,COLISÃO,COLISÃO-LATERAL,NÃO INFORMADO,AUTOMÓVEL=1|MOTO=1,SÃO PAULO,REG. METROPOLITANA SÃO PAULO,SÃO PAULO,ESTADUAL
1956,2023-05-15,14:26:23,L01-AUTOBAN,SP330,103.0,NORTE,-22.86219711,-47.13924408,COLISÃO,COLISÃO-TRASEIRA,NÃO INFORMADO,AUTOMÓVEL=1,CAMPINAS,CAMPINAS,CAMPINAS,ESTADUAL
1959,2023-05-15,18:20:23,L01-AUTOBAN,SPM330E,102.0,SUL,-22.868355,-47.132428,CHOQUE,CHOQUE-VEÍCULO PARADO NA PISTA,NÃO INFORMADO,AUTOMÓVEL=1|UTILITÁRIO=1,CAMPINAS,CAMPINAS,CAMPINAS,ESTADUAL
1960,2023-05-15,18:43:51,L01-AUTOBAN,SPM330E,13.68,SUL,-23.50749579,-46.74683776,CHOQUE,CHOQUE-OBJETO NA PISTA,NÃO INFORMADO,MOTO=1|UTILITÁRIO=1,SÃO PAULO,REG. METROPOLITANA SÃO PAULO,SÃO PAULO,ESTADUAL
1962,2023-05-15,21:44:37,L01-AUTOBAN,SP330,23.9,NORTE,-23.4355217,-46.78634638,COLISÃO,COLISÃO-LATERAL,NÃO INFORMADO,AUTOMÓVEL=1|CARRETA=1,SÃO PAULO,REG. METROPOLITANA SÃO PAULO,SÃO PAULO,ESTADUAL
1965,2023-05-16,07:45:57,L01-AUTOBAN,SP330,35.3,SUL,-23.36657957,-46.84630887,ENGAVETAMENTO,ENGAVETAMENTO,NÃO INFORMADO,CAMINHÃO=1|UTILITÁRIO=1|ÔNIBUS=1,CAJAMAR,REG. METROPOLITANA SÃO PAULO,SÃO PAULO,ESTADUAL
1967,2023-05-16,08:01:19,L01-AUTOBAN,SP330,100.9,SUL,-22.87473344,-47.12417866,ENGAVETAMENTO,ENGAVETAMENTO,NÃO INFORMADO,AUTOMÓVEL=4,CAMPINAS,CAMPINAS,CAMPINAS,ESTADUAL
1969,2023-05-16,11:26:26,L01-AUTOBAN,SP330,137.9,SUL,-22.62484838,-47.34242942,COLISÃO,COLISÃO-TRASEIRA,NÃO INFORMADO,AUTOMÓVEL=1|CARRETA=1,LIMEIRA,CAMPINAS,RIO CLARO,ESTADUAL
1970,2023-05-16,11:26:35,L01-AUTOBAN,SP330,21.9,SUL,-23.45383089,-46.78612643,ENGAVETAMENTO,ENGAVETAMENTO,NÃO INFORMADO,AUTOMÓVEL=2|UTILITÁRIO=1,SÃO PAULO,REG. METROPOLITANA SÃO PAULO,SÃO PAULO,ESTADUAL
1971,2023-05-16,15:11:18,L01-AUTOBAN,SP330,64.8,NORTE,-23.14615586,-46.93855585,TOMBAMENTO,TOMBAMENTO,NÃO INFORMADO,CARRETA=1,JUNDIAÍ,CAMPINAS,CAMPINAS,ESTADUAL
1972,2023-05-16,16:19:44,L01-AUTOBAN,SP330,31.0,NORTE,-23.40142089,-46.83682501,TOMBAMENTO,TOMBAMENTO-MOTO,NÃO INFORMADO,MOTO=1,CAJAMAR,REG. METROPOLITANA SÃO PAULO,SÃO PAULO,ESTADUAL
1973,2023-05-16,16:49:24,L01-AUTOBAN,SP330,31.0,NORTE,-23.40142089,-46.83682501,ENGAVETAMENTO,ENGAVETAMENTO,NÃO INFORMADO,CARRETA=1|UTILITÁRIO=1|VAN/PERUA=1,CAJAMAR,REG. METROPOLITANA SÃO PAULO,SÃO PAULO,ESTADUAL
1976,2023-05-16,19:19:49,L01-AUTOBAN,SPM330E,98.9,SUL,-22.88879967,-47.11323578,COLISÃO,COLISÃO-TRASEIRA,NÃO INFORMADO,AUTOMÓVEL=1|MOTO=1,CAMPINAS,CAMPINAS,CAMPINAS,ESTADUAL
1977,2023-05-17,07:38:16,L01-AUTOBAN,SP330,102.6,NORTE,-22.86426325,-47.13639664,COLISÃO,COLISÃO-LATERAL,NÃO INFORMADO,AUTOMÓVEL=1|CARRETA=1,CAMPINAS,CAMPINAS,CAMPINAS,ESTADUAL
1978,2023-05-17,09:52:29,L01-AUTOBAN,SP330,30.0,NORTE,-23.40510337,-46.82884812,COLISÃO,COLISÃO-LATERAL,NÃO INFORMADO,AUTOMÓVEL=1|NÃO INFORMADO=1,CAJAMAR,REG. METROPOLITANA SÃO PAULO,SÃO PAULO,ESTADUAL
1979,2023-05-17,11:52:31,L01-AUTOBAN,SP330,64.8,SUL,-23.14643208,-46.93871785,COLISÃO,COLISÃO-LATERAL,NÃO INFORMADO,AUTOMÓVEL=1|MOTO=1,JUNDIAÍ,CAMPINAS,CAMPINAS,ESTADUAL
1980,2023-05-17,16:37:32,L01-AUTOBAN,SP330,40.9,NORTE,-23.32386767,-46.84614624,COLISÃO,COLISÃO-TRASEIRA,NÃO INFORMADO,AUTOMÓVEL=1|UTILITÁRIO=1,CAJAMAR,REG. METROPOLITANA SÃO PAULO,SÃO PAULO,ESTADUAL
1982,2023-05-17,17:59:54,L01-AUTOBAN,SP330,107.4,SUL,-22.83709122,-47.17346264,ENGAVETAMENTO,ENGAVETAMENTO,NÃO INFORMADO,AUTOMÓVEL=1|NÃO INFORMADO=2,SUMARÉ,CAMPINAS,CAMPINAS,ESTADUAL
1983,2023-05-17,18:37:42,L01-AUTOBAN,SP330,106.9,SUL,-22.84055886,-47.17019464,COLISÃO,COLISÃO-LATERAL,NÃO INFORMADO,AUTOMÓVEL=1|CARRETA=1,SUMARÉ,CAMPINAS,CAMPINAS,ESTADUAL
1984,2023-05-17,18:43:54,L01-AUTOBAN,SP330,24.3,NORTE,-23.43201597,-46.78666338,COLISÃO,COLISÃO-TRASEIRA,NÃO INFORMADO,AUTOMÓVEL=1|NÃO INFORMADO=1,SÃO PAULO,REG. METROPOLITANA SÃO PAULO,SÃO PAULO,ESTADUAL
1985,2023-05-17,19:07:01,L01-AUTOBAN,SPM330D,104.8,NORTE,-22.85273107,-47.15511658,COLISÃO,COLISÃO-LATERAL,NÃO INFORMADO,CARRETA=1|NÃO INFORMADO=1,CAMPINAS,CAMPINAS,CAMPINAS,ESTADUAL
1986,2023-05-17,21:05:39,L01-AUTOBAN,SP330,66.8,NORTE,-23.13175682,-46.9491774,COLISÃO,COLISÃO-TRASEIRA,NÃO INFORMADO,AUTOMÓVEL=1|NÃO INFORMADO=1,JUNDIAÍ,CAMPINAS,CAMPINAS,ESTADUAL
1988,2023-05-18,01:01:46,L01-AUTOBAN,SP330,120.0,NORTE,-22.756649,-47.254609,TOMBAMENTO,TOMBAMENTO-MOTO,NÃO INFORMADO,MOTO=1,AMERICANA,CAMPINAS,RIO CLARO,ESTADUAL
1989,2023-05-18,05:35:47,L01-AUTOBAN,SP330,60.0,SUL,-23.18116795,-46.91158891,TOMBAMENTO,TOMBAMENTO-MOTO,NÃO INFORMADO,AUTOMÓVEL=1|MOTO=1|ÔNIBUS=1,JUNDIAÍ,CAMPINAS,CAMPINAS,ESTADUAL
1991,2023-05-18,06:23:42,L01-AUTOBAN,SPM330E,102.2,SUL,-22.86718902,-47.13383318,COLISÃO,COLISÃO-TRASEIRA,NÃO INFORMADO,MICRO-ÔNIBUS=1|ÔNIBUS=1,CAMPINAS,CAMPINAS,CAMPINAS,ESTADUAL
1993,2023-05-18,07:17:55,L01-AUTOBAN,SP330,94.0,SUL,-22.92488953,-47.08717167,ENGAVETAMENTO,ENGAVETAMENTO,NÃO INFORMADO,AUTOMÓVEL=1|NÃO INFORMADO=2,CAMPINAS,CAMPINAS,CAMPINAS,ESTADUAL
1996,2023-05-18,09:30:46,L01-AUTOBAN,SP330,131.5,NORTE,-22.67478542,-47.31201589,COLISÃO,COLISÃO-LATERAL,NÃO INFORMADO,AUTOMÓVEL=1|CARRETA=1,LIMEIRA,CAMPINAS,RIO CLARO,ESTADUAL
1997,2023-05-18,09:32:46,L01-AUTOBAN,SP330,105.0,NORTE,-22.8517126,-47.15673745,COLISÃO,COLISÃO-LATERAL,NÃO INFORMADO,AUTOMÓVEL=1|BITREM/CVC=1,CAMPINAS,CAMPINAS,CAMPINAS,ESTADUAL
1998,2023-05-18,10:07:14,L01-AUTOBAN,SP330,11.46,SUL,-23.50987561,-46.72945587,ENGAVETAMENTO,ENGAVETAMENTO,NÃO INFORMADO,AUTOMÓVEL=2|MOTO=2,SÃO PAULO,REG. METROPOLITANA SÃO PAULO,SÃO PAULO,ESTADUAL
2000,2023-05-18,13:13:17,L01-AUTOBAN,SPM330E,96.0,SUL,-22.91179599,-47.10138738,COLISÃO,COLISÃO-TRASEIRA,NÃO INFORMADO,AUTOMÓVEL=1|NÃO INFORMADO=1,CAMPINAS,CAMPINAS,CAMPINAS,ESTADUAL
2002,2023-05-18,14:16:15,L01-AUTOBAN,SP330,121.0,SUL,-22.75011295,-47.26183712,COLISÃO,COLISÃO-LATERAL,NÃO INFORMADO,AUTOMÓVEL=1|CARRETA=1,AMERICANA,CAMPINAS,RIO CLARO,ESTADUAL
2003,2023-05-18,14:36:48,L01-AUTOBAN,SP330,60.4,NORTE,-23.17871801,-46.9142089,COLISÃO,COLISÃO-TRASEIRA,NÃO INFORMADO,AUTOMÓVEL=1|NÃO INFORMADO=1|UTILITÁRIO=1,JUNDIAÍ,CAMPINAS,CAMPINAS,ESTADUAL
2006,2023-05-18,18:49:34,L01-AUTOBAN,SP330,86.3,NORTE,-22.98037454,-47.0450123,COLISÃO,COLISÃO-LATERAL,NÃO INFORMADO,MOTO=1|NÃO INFORMADO=2,CAMPINAS,CAMPINAS,CAMPINAS,ESTADUAL
2008,2023-05-19,00:27:04,L01-AUTOBAN,SP330,123.5,SUL,-22.73597052,-47.28212212,COLISÃO,COLISÃO-LATERAL,NÃO INFORMADO,AUTOMÓVEL=1|CARRETA=1,AMERICANA,CAMPINAS,RIO CLARO,ESTADUAL
2009,2023-05-19,02:24:49,L01-AUTOBAN,SP330,25.5,SUL,-23.42629627,-46.78795021,TOMBAMENTO,TOMBAMENTO-MOTO,NÃO INFORMADO,MOTO=1,SÃO PAULO,REG. METROPOLITANA SÃO PAULO,SÃO PAULO,ESTADUAL
2010,2023-05-19,06:51:31,L01-AUTOBAN,SP330,103.0,NORTE,-22.86219711,-47.13924408,ENGAVETAMENTO,ENGAVETAMENTO,NÃO INFORMADO,AUTOMÓVEL=2|CAMINHÃO=1,CAMPINAS,CAMPINAS,CAMPINAS,ESTADUAL
2011,2023-05-19,08:51:08,L01-AUTOBAN,SP330,113.0,SUL,-22.80727918,-47.21642733,ENGAVETAMENTO,ENGAVETAMENTO,NÃO INFORMADO,CAMINHÃO=3,SUMARÉ,CAMPINAS,CAMPINAS,ESTADUAL
2013,2023-05-19,11:42:04,L01-AUTOBAN,SP330,92.2,NORTE,-22.93403646,-47.07290444,TOMBAMENTO,TOMBAMENTO,NÃO INFORMADO,MOTO=1,CAMPINAS,CAMPINAS,CAMPINAS,ESTADUAL
2015,2023-05-19,15:24:42,L01-AUTOBAN,SPM330E,107.0,SUL,-22.83986774,-47.17085123,COLISÃO,COLISÃO-LATERAL,NÃO INFORMADO,AUTOMÓVEL=1|BITREM/CVC=1,SUMARÉ,CAMPINAS,CAMPINAS,ESTADUAL
2021,2023-05-19,18:55:26,L01-AUTOBAN,SPM330D,59.0,NORTE,-23.18892963,-46.90656781,COLISÃO,COLISÃO-LATERAL,NÃO INFORMADO,AUTOMÓVEL=2,JUNDIAÍ,CAMPINAS,CAMPINAS,ESTADUAL
2024,2023-05-19,19:45:13,L01-AUTOBAN,SPM330D,96.6,NORTE,-22.90702663,-47.1052401,COLISÃO,COLISÃO-LATERAL,NÃO INFORMADO,AUTOMÓVEL=1|MOTO=1,CAMPINAS,CAMPINAS,CAMPINAS,ESTADUAL
2025,2023-05-19,20:15:09,L01-AUTOBAN,SPM330E,95.0,SUL,-22.91990919,-47.09415078,COLISÃO,COLISÃO-TRASEIRA,NÃO INFORMADO,AUTOMÓVEL=2,CAMPINAS,CAMPINAS,CAMPINAS,ESTADUAL
2028,2023-05-20,03:31:29,L01-AUTOBAN,SP330,129.5,SUL,-22.6925639,-47.31029391,CHOQUE,CHOQUE-DEFENSA METÁLICA,NÃO INFORMADO,AUTOMÓVEL=1,AMERICANA,CAMPINAS,RIO CLARO,ESTADUAL
2029,2023-05-20,07:14:06,L01-AUTOBAN,SP330,121.1,NORTE,-22.74945216,-47.26213059,CHOQUE,CHOQUE-SINALIZAÇÃO,NÃO INFORMADO,AUTOMÓVEL=1,AMERICANA,CAMPINAS,RIO CLARO,ESTADUAL
2033,2023-05-20,11:14:00,L01-AUTOBAN,SP330,22.9,NORTE,-23.44522487,-46.78684312,TOMBAMENTO,TOMBAMENTO-MOTO,NÃO INFORMADO,MOTO=1,SÃO PAULO,REG. METROPOLITANA SÃO PAULO,SÃO PAULO,ESTADUAL
2035,2023-05-20,11:41:33,L01-AUTOBAN,SP330,52.7,NORTE,-23.23347257,-46.87176202,ENGAVETAMENTO,ENGAVETAMENTO,NÃO INFORMADO,AUTOMÓVEL=1|CARRETA=1|UTILITÁRIO=1,JUNDIAÍ,CAMPINAS,CAMPINAS,ESTADUAL
2039,2023-05-21,11:09:40,L01-AUTOBAN,SP330,44.5,SUL,-23.29962733,-46.86049283,TOMBAMENTO,TOMBAMENTO-MOTO,NÃO INFORMADO,MOTO=1,CAJAMAR,REG. METROPOLITANA SÃO PAULO,SÃO PAULO,ESTADUAL
2041,2023-05-21,12:03:18,L01-AUTOBAN,SP330,39.4,SUL,-23.33372179,-46.83757711,COLISÃO,COLISÃO-TRASEIRA,NÃO INFORMADO,AUTOMÓVEL=1|MOTO=1,CAJAMAR,REG. METROPOLITANA SÃO PAULO,SÃO PAULO,ESTADUAL
2043,2023-05-21,18:44:15,L01-AUTOBAN,SP330,23.0,NORTE,-23.4443587,-46.78688228,TOMBAMENTO,TOMBAMENTO-MOTO,NÃO INFORMADO,MOTO=1,SÃO PAULO,REG. METROPOLITANA SÃO PAULO,SÃO PAULO,ESTADUAL
2045,2023-05-21,20:10:51,L01-AUTOBAN,SP330,37.0,SUL,-23.351265,-46.846862,CHOQUE,CHOQUE-BARREIRA DE CONCRETO,NÃO INFORMADO,AUTOMÓVEL=1|BITREM/CVC=1,CAJAMAR,REG. METROPOLITANA SÃO PAULO,SÃO PAULO,ESTADUAL
2046,2023-05-21,20:27:48,L01-AUTOBAN,SPM330E,89.67,SUL,-22.9536544,-47.06068292,CHOQUE,CHOQUE-DEFENSA METÁLICA,NÃO INFORMADO,AUTOMÓVEL=1,CAMPINAS,CAMPINAS,CAMPINAS,ESTADUAL
2047,2023-05-21,23:24:14,L01-AUTOBAN,SPM330D,103.8,NORTE,-22.85788341,-47.14675524,CHOQUE,CHOQUE-BARREIRA DE CONCRETO,NÃO INFORMADO,AUTOMÓVEL=1,CAMPINAS,CAMPINAS,CAMPINAS,ESTADUAL
2049,2023-05-22,07:54:42,L01-AUTOBAN,SP330,103.5,NORTE,-22.85950105,-47.14393854,COLISÃO,COLISÃO-LATERAL,NÃO INFORMADO,AUTOMÓVEL=1|MOTO=1,CAMPINAS,CAMPINAS,CAMPINAS,ESTADUAL
2050,2023-05-22,07:56:52,L01-AUTOBAN,SP330,128.2,NORTE,-22.70383025,-47.30342746,CHOQUE,CHOQUE-DEFENSA METÁLICA,NÃO INFORMADO,AUTOMÓVEL=1,AMERICANA,CAMPINAS,RIO CLARO,ESTADUAL
2051,2023-05-22,08:36:19,L01-AUTOBAN,SP330,72.5,NORTE,-23.08644833,-46.97531209,COLISÃO,COLISÃO-TRASEIRA,NÃO INFORMADO,AUTOMÓVEL=2,LOUVEIRA,CAMPINAS,CAMPINAS,ESTADUAL
2052,2023-05-22,10:22:27,L01-AUTOBAN,SP330,136.0,SUL,-22.638337,-47.330187,TOMBAMENTO,TOMBAMENTO-MOTO,NÃO INFORMADO,MOTO=1,LIMEIRA,CAMPINAS,RIO CLARO,ESTADUAL
2054,2023-05-22,13:51:45,L01-AUTOBAN,SPM330D,113.0,NORTE,-22.80700721,-47.2163415,COLISÃO,COLISÃO-LATERAL,NÃO INFORMADO,MOTO=1|NÃO INFORMADO=2|UTILITÁRIO=1,SUMARÉ,CAMPINAS,CAMPINAS,ESTADUAL
2055,2023-05-22,15:18:14,L01-AUTOBAN,SP330,154.0,SUL,-22.49665839,-47.39961147,COLISÃO,COLISÃO-TRASEIRA,NÃO INFORMADO,CAMINHÃO=1|CARRETA=1,CORDEIRÓPOLIS,CAMPINAS,RIO CLARO,ESTADUAL
2058,2023-05-23,07:49:15,L01-AUTOBAN,SPM330E,104.26,SUL,-22.85577923,-47.15083918,COLISÃO,COLISÃO-TRASEIRA,NÃO INFORMADO,MOTO=1|UTILITÁRIO=1,CAMPINAS,CAMPINAS,CAMPINAS,ESTADUAL
2060,2023-05-23,08:51:23,L01-AUTOBAN,SPM330E,112.9,SUL,-22.80793585,-47.21571494,CAPOTAMENTO,CAPOTAMENTO,NÃO INFORMADO,AUTOMÓVEL=1,SUMARÉ,CAMPINAS,CAMPINAS,ESTADUAL
2061,2023-05-23,09:00:18,L01-AUTOBAN,SP330,109.0,SUL,-22.827506,-47.184259,COLISÃO,COLISÃO-TRASEIRA,NÃO INFORMADO,AUTOMÓVEL=2,SUMARÉ,CAMPINAS,CAMPINAS,ESTADUAL
2063,2023-05-23,12:51:27,L01-AUTOBAN,SP330,93.9,SUL,-22.92488953,-47.08717167,COLISÃO,COLISÃO-TRASEIRA,NÃO INFORMADO,CAMINHÃO=1|CARRETA=1,CAMPINAS,CAMPINAS,CAMPINAS,ESTADUAL
2064,2023-05-23,13:25:13,L01-AUTOBAN,SPM330D,91.0,NORTE,-22.942859,-47.066539,COLISÃO,COLISÃO-TRASEIRA,NÃO INFORMADO,AUTOMÓVEL=1|MOTO=1,CAMPINAS,CAMPINAS,CAMPINAS,ESTADUAL
2065,2023-05-23,13:30:30,L01-AUTOBAN,SP330,21.0,NORTE,-23.46071206,-46.78140521,TOMBAMENTO,TOMBAMENTO-MOTO,NÃO INFORMADO,MOTO=1,SÃO PAULO,REG. METROPOLITANA SÃO PAULO,SÃO PAULO,ESTADUAL
2066,2023-05-23,15:47:42,L01-AUTOBAN,SP330,27.7,NORTE,-23.41249703,-46.80865646,COLISÃO,COLISÃO-LATERAL,NÃO INFORMADO,CARRETA=3,SÃO PAULO,REG. METROPOLITANA SÃO PAULO,SÃO PAULO,ESTADUAL
2068,2023-05-23,17:10:25,L01-AUTOBAN,SP330,27.2,NORTE,-23.415015,-46.80455268,ENGAVETAMENTO,ENGAVETAMENTO,NÃO INFORMADO,AUTOMÓVEL=1|CAMINHÃO=1|UTILITÁRIO=1,SÃO PAULO,REG. METROPOLITANA SÃO PAULO,SÃO PAULO,ESTADUAL
2069,2023-05-23,21:04:47,L01-AUTOBAN,SP330,114.3,NORTE,-22.79802621,-47.22308673,COLISÃO,COLISÃO-LATERAL,NÃO INFORMADO,AUTOMÓVEL=2,SUMARÉ,CAMPINAS,CAMPINAS,ESTADUAL
2072,2023-05-24,08:16:31,L01-AUTOBAN,SP330,24.0,SUL,-23.43482528,-46.78642094,COLISÃO,COLISÃO-TRASEIRA,NÃO INFORMADO,AUTOMÓVEL=1|ÔNIBUS=1,SÃO PAULO,REG. METROPOLITANA SÃO PAULO,SÃO PAULO,ESTADUAL
2073,2023-05-24,08:19:19,L01-AUTOBAN,SP330,110.0,NORTE,-22.82267208,-47.19248056,COLISÃO,COLISÃO-TRASEIRA,NÃO INFORMADO,AUTOMÓVEL=1|MOTO=1|UTILITÁRIO=1,SUMARÉ,CAMPINAS,CAMPINAS,ESTADUAL
2075,2023-05-24,11:42:29,L01-AUTOBAN,SP330,20.9,NORTE,-23.46153532,-46.78115201,COLISÃO,COLISÃO-TRASEIRA,NÃO INFORMADO,MOTO=1|UTILITÁRIO=1,SÃO PAULO,REG. METROPOLITANA SÃO PAULO,SÃO PAULO,ESTADUAL
2076,2023-05-24,12:31:47,L01-AUTOBAN,SP330,26.0,SUL,-23.42090535,-46.79437637,COLISÃO,COLISÃO-TRASEIRA,NÃO INFORMADO,CAMINHÃO=1|CARRETA=1,SÃO PAULO,REG. METROPOLITANA SÃO PAULO,SÃO PAULO,ESTADUAL
2077,2023-05-24,15:39:40,L01-AUTOBAN,SP330,53.0,SUL,-23.2309453,-46.87306702,COLISÃO,COLISÃO-TRANSVERSAL,NÃO INFORMADO,MOTO=1|UTILITÁRIO=1,JUNDIAÍ,CAMPINAS,CAMPINAS,ESTADUAL
2079,2023-05-24,22:56:48,L01-AUTOBAN,SP330,143.38,SUL,-22.58415034,-47.36744535,COLISÃO,COLISÃO-TRASEIRA,NÃO INFORMADO,AUTOMÓVEL=1|CARRETA=1,LIMEIRA,CAMPINAS,RIO CLARO,ESTADUAL
2081,2023-05-25,01:41:34,L01-AUTOBAN,SP330,115.0,SUL,-22.79245328,-47.22631395,CHOQUE,CHOQUE-OBJETO NA PISTA,NÃO INFORMADO,MOTO=1,SUMARÉ,CAMPINAS,CAMPINAS,ESTADUAL
2082,2023-05-25,03:06:12,L01-AUTOBAN,SP330,141.2,NORTE,-22.60350433,-47.36261307,COLISÃO,COLISÃO-TRASEIRA,NÃO INFORMADO,AUTOMÓVEL=1|MOTO=1,LIMEIRA,CAMPINAS,RIO CLARO,ESTADUAL
2083,2023-05-25,07:14:48,L01-AUTOBAN,SP330,29.3,NORTE,-23.40800496,-46.82305025,ENGAVETAMENTO,ENGAVETAMENTO,NÃO INFORMADO,AUTOMÓVEL=3,SÃO PAULO,REG. METROPOLITANA SÃO PAULO,SÃO PAULO,ESTADUAL
2087,2023-05-25,09:24:51,L01-AUTOBAN,SPM330D,50.0,NORTE,-23.25685215,-46.86727881,TOMBAMENTO,TOMBAMENTO-MOTO,NÃO INFORMADO,MOTO=1,JUNDIAÍ,CAMPINAS,CAMPINAS,ESTADUAL
2093,2023-05-25,16:34:39,L01-AUTOBAN,SP330,19.0,NORTE,-23.4737126,-46.77262366,ENGAVETAMENTO,ENGAVETAMENTO,NÃO INFORMADO,AUTOMÓVEL=1|UTILITÁRIO=2,OSASCO,REG. METROPOLITANA SÃO PAULO,SÃO PAULO,ESTADUAL
2094,2023-05-25,17:15:28,L01-AUTOBAN,SPM330D,109.0,NORTE,-22.82737416,-47.18387604,TOMBAMENTO,TOMBAMENTO-MOTO,NÃO INFORMADO,MOTO=1,SUMARÉ,CAMPINAS,CAMPINAS,ESTADUAL
2095,2023-05-25,17:55:29,L01-AUTOBAN,SP330,17.0,NORTE,-23.49032799,-46.76676035,CHOQUE,CHOQUE-VEÍCULO PARADO NA PISTA,NÃO INFORMADO,AUTOMÓVEL=1|MOTO=1,SÃO PAULO,REG. METROPOLITANA SÃO PAULO,SÃO PAULO,ESTADUAL
2097,2023-05-25,18:28:00,L01-AUTOBAN,SP330,92.5,SUL,-22.9351263,-47.07110524,ENGAVETAMENTO,ENGAVETAMENTO,NÃO INFORMADO,AUTOMÓVEL=2|UTILITÁRIO=1,CAMPINAS,CAMPINAS,CAMPINAS,ESTADUAL
2098,2023-05-25,19:08:48,L01-AUTOBAN,SP330,131.2,NORTE,-22.6772935,-47.31122088,COLISÃO,COLISÃO-TRASEIRA,NÃO INFORMADO,CARRETA=1|UTILITÁRIO=1,LIMEIRA,CAMPINAS,RIO CLARO,ESTADUAL
2100,2023-05-25,20:47:45,L01-AUTOBAN,SP330,21.0,NORTE,-23.46071206,-46.78140521,COLISÃO,COLISÃO-LATERAL,NÃO INFORMADO,AUTOMÓVEL=1|NÃO INFORMADO=1,SÃO PAULO,REG. METROPOLITANA SÃO PAULO,SÃO PAULO,ESTADUAL
2102,2023-05-26,02:01:53,L01-AUTOBAN,SP330,97.5,NORTE,-22.89997608,-47.10927308,CHOQUE,CHOQUE-BARREIRA DE CONCRETO,NÃO INFORMADO,AUTOMÓVEL=1|UTILITÁRIO=1,CAMPINAS,CAMPINAS,CAMPINAS,ESTADUAL
2103,2023-05-26,03:24:06,L01-AUTOBAN,SP330,72.4,NORTE,-23.08724278,-46.97479512,COLISÃO,COLISÃO-TRASEIRA,NÃO INFORMADO,AUTOMÓVEL=1|MOTO=2,LOUVEIRA,CAMPINAS,CAMPINAS,ESTADUAL
2104,2023-05-26,05:36:13,L01-AUTOBAN,SP330,27.0,SUL,-23.4161748,-46.8031472,CHOQUE,CHOQUE-SINALIZAÇÃO,NÃO INFORMADO,MOTO=1,SÃO PAULO,REG. METROPOLITANA SÃO PAULO,SÃO PAULO,ESTADUAL
2107,2023-05-26,07:19:49,L01-AUTOBAN,SP330,25.5,NORTE,-23.42331681,-46.79105306,TOMBAMENTO,TOMBAMENTO-MOTO,NÃO INFORMADO,MOTO=1,SÃO PAULO,REG. METROPOLITANA SÃO PAULO,SÃO PAULO,ESTADUAL
2108,2023-05-26,10:15:45,L01-AUTOBAN,SP330,13.0,SUL,-23.50815142,-46.74004555,COLISÃO,COLISÃO-TRASEIRA,NÃO INFORMADO,AUTOMÓVEL=2,SÃO PAULO,REG. METROPOLITANA SÃO PAULO,SÃO PAULO,ESTADUAL
2109,2023-05-26,10:32:37,L01-AUTOBAN,SP330,21.2,NORTE,-23.45917372,-46.78242231,ENGAVETAMENTO,ENGAVETAMENTO,NÃO INFORMADO,AUTOMÓVEL=2|CARRETA=1,SÃO PAULO,REG. METROPOLITANA SÃO PAULO,SÃO PAULO,ESTADUAL
2116,2023-05-26,15:49:34,L01-AUTOBAN,SP330,103.0,NORTE,-22.86219711,-47.13924408,ENGAVETAMENTO,ENGAVETAMENTO,NÃO INFORMADO,AUTOMÓVEL=2|NÃO INFORMADO=1,CAMPINAS,CAMPINAS,CAMPINAS,ESTADUAL
2117,2023-05-26,16:34:43,L01-AUTOBAN,SP330,26.0,NORTE,-23.42050663,-46.79456413,COLISÃO,COLISÃO-LATERAL,NÃO INFORMADO,CAMINHÃO=1|ÔNIBUS=1,SÃO PAULO,REG. METROPOLITANA SÃO PAULO,SÃO PAULO,ESTADUAL
2120,2023-05-26,17:42:16,L01-AUTOBAN,SP330,100.7,NORTE,-22.87576841,-47.12259559,COLISÃO,COLISÃO-TRASEIRA,NÃO INFORMADO,AUTOMÓVEL=1|NÃO INFORMADO=1,CAMPINAS,CAMPINAS,CAMPINAS,ESTADUAL
2121,2023-05-26,17:48:03,L01-AUTOBAN,SP330,102.0,SUL,-22.868355,-47.132428,ENGAVETAMENTO,ENGAVETAMENTO,NÃO INFORMADO,AUTOMÓVEL=3,CAMPINAS,CAMPINAS,CAMPINAS,ESTADUAL
2122,2023-05-26,18:55:39,L01-AUTOBAN,SP330,68.774,SUL,-23.11576655,-46.9569614,COLISÃO,COLISÃO-TRASEIRA,NÃO INFORMADO,AUTOMÓVEL=1|NÃO INFORMADO=1,JUNDIAÍ,CAMPINAS,CAMPINAS,ESTADUAL
2123,2023-05-26,20:00:29,L01-AUTOBAN,SP330,96.7,NORTE,-22.9062894,-47.10587953,COLISÃO,COLISÃO-TRASEIRA,NÃO INFORMADO,AUTOMÓVEL=1|MOTO=1,CAMPINAS,CAMPINAS,CAMPINAS,ESTADUAL
2124,2023-05-26,22:27:41,L01-AUTOBAN,SP330,124.12,SUL,-22.73350065,-47.28663298,TOMBAMENTO,TOMBAMENTO-MOTO,NÃO INFORMADO,MOTO=1,AMERICANA,CAMPINAS,RIO CLARO,ESTADUAL
2126,2023-05-27,01:29:50,L01-AUTOBAN,SP330,82.0,NORTE,-23.0130822,-47.02276647,COLISÃO,COLISÃO-FRONTAL,NÃO INFORMADO,AUTOMÓVEL=2,VALINHOS,CAMPINAS,CAMPINAS,ESTADUAL
2128,2023-05-27,04:54:53,L01-AUTOBAN,SP330,25.0,NORTE,-23.426127,-46.787542,CHOQUE,CHOQUE-DEFENSA METÁLICA,NÃO INFORMADO,AUTOMÓVEL=1,SÃO PAULO,REG. METROPOLITANA SÃO PAULO,SÃO PAULO,ESTADUAL
2129,2023-05-27,07:14:32,L01-AUTOBAN,SPM330D,14.7,NORTE,-23.50201234,-46.75307118,CHOQUE,CHOQUE-BARREIRA DE CONCRETO,NÃO INFORMADO,AUTOMÓVEL=1,SÃO PAULO,REG. METROPOLITANA SÃO PAULO,SÃO PAULO,ESTADUAL
2130,2023-05-27,10:08:21,L01-AUTOBAN,SPM330E,54.0,SUL,-23.22326987,-46.87758923,TOMBAMENTO,TOMBAMENTO-MOTO,NÃO INFORMADO,MOTO=1,JUNDIAÍ,CAMPINAS,CAMPINAS,ESTADUAL
2131,2023-05-27,11:36:27,L01-AUTOBAN,SP330,58.0,SUL,-23.19706558,-46.90382659,ENGAVETAMENTO,ENGAVETAMENTO,NÃO INFORMADO,AUTOMÓVEL=2|NÃO INFORMADO=1,JUNDIAÍ,CAMPINAS,CAMPINAS,ESTADUAL
2132,2023-05-27,14:07:39,L01-AUTOBAN,SP330,14.0,SUL,-23.50718726,-46.75003409,CHOQUE,CHOQUE-BARREIRA DE CONCRETO,NÃO INFORMADO,AUTOMÓVEL=1,SÃO PAULO,REG. METROPOLITANA SÃO PAULO,SÃO PAULO,ESTADUAL
2133,2023-05-27,14:09:08,L01-AUTOBAN,SP330,62.0,SUL,-23.16881442,-46.92661464,CHOQUE,CHOQUE-VEÍCULO PARADO NA PISTA,NÃO INFORMADO,AUTOMÓVEL=5|MOTO=1|NÃO INFORMADO=1|UTILITÁRIO=2,JUNDIAÍ,CAMPINAS,CAMPINAS,ESTADUAL
2134,2023-05-27,14:22:27,L01-AUTOBAN,SP330,25.0,NORTE,-23.426127,-46.787542,TOMBAMENTO,TOMBAMENTO-MOTO,NÃO INFORMADO,MOTO=1,SÃO PAULO,REG. METROPOLITANA SÃO PAULO,SÃO PAULO,ESTADUAL
2135,2023-05-27,15:40:05,L01-AUTOBAN,SP330,22.5,SUL,-23.44864771,-46.78685009,COLISÃO,COLISÃO-TRASEIRA,NÃO INFORMADO,CAMINHÃO=1|MOTO=1,SÃO PAULO,REG. METROPOLITANA SÃO PAULO,SÃO PAULO,ESTADUAL
2136,2023-05-27,15:58:07,L01-AUTOBAN,SP330,103.4,SUL,-22.86034542,-47.14317235,CHOQUE,CHOQUE-VEÍCULO PARADO NA PISTA,NÃO INFORMADO,AUTOMÓVEL=2|CARRETA=1|UTILITÁRIO=1,CAMPINAS,CAMPINAS,CAMPINAS,ESTADUAL
2139,2023-05-27,23:01:04,L01-AUTOBAN,SP330,29.5,NORTE,-23.40717593,-46.82470679,ATROPELAMENTO DE ANIMAL,ATROP. ANIMAL,NÃO INFORMADO,AUTOMÓVEL=1,SÃO PAULO,REG. METROPOLITANA SÃO PAULO,SÃO PAULO,ESTADUAL
2140,2023-05-28,00:22:38,L01-AUTOBAN,SP330,72.8,NORTE,-23.08406491,-46.97686305,COLISÃO,COLISÃO-FRONTAL,NÃO INFORMADO,AUTOMÓVEL=2,LOUVEIRA,CAMPINAS,CAMPINAS,ESTADUAL
2141,2023-05-28,01:19:31,L01-AUTOBAN,SP330,41.95,SUL,-23.31763583,-46.85288072,CHOQUE,CHOQUE-MEIO FIO/CALÇAMENTO,NÃO INFORMADO,AUTOMÓVEL=1,CAJAMAR,REG. METROPOLITANA SÃO PAULO,SÃO PAULO,ESTADUAL
2142,2023-05-28,02:50:43,L01-AUTOBAN,SPM330E,93.7,SUL,-22.92638218,-47.08474895,ATROPELAMENTO DE PEDESTRE,ATROP. PEDESTRE-ANDARILHO,NÃO INFORMADO,AUTOMÓVEL=1|NÃO SE APLICA=1,CAMPINAS,CAMPINAS,CAMPINAS,ESTADUAL
2144,2023-05-28,17:50:02,L01-AUTOBAN,SPM330E,110.0,SUL,-22.82299347,-47.19250202,COLISÃO,COLISÃO-TRASEIRA,NÃO INFORMADO,AUTOMÓVEL=2,SUMARÉ,CAMPINAS,CAMPINAS,ESTADUAL
2145,2023-05-28,17:50:40,L01-AUTOBAN,SP330,47.85,SUL,-23.27531681,-46.87035987,CHOQUE,CHOQUE-VEÍCULO PARADO NO ACOSTAMENTO,NÃO INFORMADO,AUTOMÓVEL=2,JUNDIAÍ,CAMPINAS,CAMPINAS,ESTADUAL
2146,2023-05-28,17:55:41,L01-AUTOBAN,SP330,136.4,SUL,-22.63537653,-47.33279548,TOMBAMENTO,TOMBAMENTO-MOTO,NÃO INFORMADO,AUTOMÓVEL=4|MOTO=1,LIMEIRA,CAMPINAS,RIO CLARO,ESTADUAL
2147,2023-05-28,18:21:34,L01-AUTOBAN,SP330,105.66,SUL,-22.84858415,-47.1617354,ATROPELAMENTO DE PEDESTRE,ATROP. PEDESTRE-USUÁRIO,NÃO INFORMADO,AUTOMÓVEL=1|CARRETA=1,SUMARÉ,CAMPINAS,CAMPINAS,ESTADUAL
2150,2023-05-28,22:44:25,L01-AUTOBAN,SP330,19.9,NORTE,-23.46942137,-46.77824825,CHOQUE,CHOQUE-BARREIRA DE CONCRETO,NÃO INFORMADO,AUTOMÓVEL=2,OSASCO,REG. METROPOLITANA SÃO PAULO,SÃO PAULO,ESTADUAL
2152,2023-05-29,06:48:51,L01-AUTOBAN,SP330,144.6,NORTE,-22.57286156,-47.36624372,CHOQUE,CHOQUE-BARREIRA DE CONCRETO,NÃO INFORMADO,AUTOMÓVEL=1,LIMEIRA,CAMPINAS,RIO CLARO,ESTADUAL
2153,2023-05-29,07:14:31,L01-AUTOBAN,SP330,24.15,NORTE,-23.43327789,-46.78647511,COLISÃO,COLISÃO-TRASEIRA,NÃO INFORMADO,AUTOMÓVEL=2,SÃO PAULO,REG. METROPOLITANA SÃO PAULO,SÃO PAULO,ESTADUAL
2154,2023-05-29,07:30:36,L01-AUTOBAN,SP330,19.86,NORTE,-23.46961209,-46.77799827,CHOQUE,CHOQUE-TALUDE OU BARRANCO,NÃO INFORMADO,AUTOMÓVEL=1,OSASCO,REG. METROPOLITANA SÃO PAULO,SÃO PAULO,ESTADUAL
2155,2023-05-29,07:57:43,L01-AUTOBAN,SP330,66.0,NORTE,-23.13718321,-46.94398463,CHOQUE,CHOQUE-TALUDE OU BARRANCO,NÃO INFORMADO,AUTOMÓVEL=1,JUNDIAÍ,CAMPINAS,CAMPINAS,ESTADUAL
2157,2023-05-29,08:33:31,L01-AUTOBAN,SP330,92.0,SUL,-22.9351263,-47.07110524,COLISÃO,COLISÃO-TRASEIRA,NÃO INFORMADO,MOTO=1|UTILITÁRIO=1,CAMPINAS,CAMPINAS,CAMPINAS,ESTADUAL
2158,2023-05-29,11:03:02,L01-AUTOBAN,SP330,25.0,NORTE,-23.426127,-46.787542,ENGAVETAMENTO,ENGAVETAMENTO,NÃO INFORMADO,CAMINHÃO=2|CARRETA=1,SÃO PAULO,REG. METROPOLITANA SÃO PAULO,SÃO PAULO,ESTADUAL
2159,2023-05-29,12:46:06,L01-AUTOBAN,SP330,35.0,NORTE,-23.369218,-46.84502,COLISÃO,COLISÃO-TRASEIRA,NÃO INFORMADO,CAMINHÃO=1|NÃO INFORMADO=1,CAJAMAR,REG. METROPOLITANA SÃO PAULO,SÃO PAULO,ESTADUAL
2164,2023-05-29,17:36:36,L01-AUTOBAN,SP330,26.0,NORTE,-23.42028241,-46.79498147,COLISÃO,COLISÃO-TRASEIRA,NÃO INFORMADO,CAMINHÃO=1|MOTO=1,SÃO PAULO,REG. METROPOLITANA SÃO PAULO,SÃO PAULO,ESTADUAL
2165,2023-05-29,19:29:36,L01-AUTOBAN,SPM330D,101.8,NORTE,-22.86865247,-47.13064923,COLISÃO,COLISÃO-TRASEIRA,NÃO INFORMADO,MOTO=1|NÃO INFORMADO=1,CAMPINAS,CAMPINAS,CAMPINAS,ESTADUAL
2167,2023-05-30,07:57:22,L01-AUTOBAN,SP330,114.3,NORTE,-22.79802621,-47.22308673,COLISÃO,COLISÃO-TRASEIRA,NÃO INFORMADO,CARRETA=2,SUMARÉ,CAMPINAS,CAMPINAS,ESTADUAL
2168,2023-05-30,08:20:23,L01-AUTOBAN,SPM330D,110.0,NORTE,-22.82267208,-47.19248056,TOMBAMENTO,TOMBAMENTO,NÃO INFORMADO,AUTOMÓVEL=1,SUMARÉ,CAMPINAS,CAMPINAS,ESTADUAL
2169,2023-05-30,12:26:59,L01-AUTOBAN,SPM330D,95.85,NORTE,-22.91268712,-47.10029705,TOMBAMENTO,TOMBAMENTO-MOTO,NÃO INFORMADO,MOTO=1,CAMPINAS,CAMPINAS,CAMPINAS,ESTADUAL
2170,2023-05-30,17:23:06,L01-AUTOBAN,SP330,85.0,NORTE,-22.98955299,-47.03886509,COLISÃO,COLISÃO-TRASEIRA,NÃO INFORMADO,AUTOMÓVEL=1|MOTO=1,VALINHOS,CAMPINAS,CAMPINAS,ESTADUAL
2174,2023-05-30,17:38:47,L01-AUTOBAN,SP330,83.9,NORTE,-22.99852072,-47.03255654,COLISÃO,COLISÃO-LATERAL,NÃO INFORMADO,AUTOMÓVEL=1|NÃO INFORMADO=2,VALINHOS,CAMPINAS,CAMPINAS,ESTADUAL
2175,2023-05-30,17:46:25,L01-AUTOBAN,SP330,115.0,NORTE,-22.79222084,-47.22608328,CHOQUE,CHOQUE-DEFENSA METÁLICA,NÃO INFORMADO,AUTOMÓVEL=1,SUMARÉ,CAMPINAS,CAMPINAS,ESTADUAL
2177,2023-05-30,17:56:55,L01-AUTOBAN,SP330,85.0,NORTE,-22.98955299,-47.03886509,COLISÃO,COLISÃO-LATERAL,NÃO INFORMADO,AUTOMÓVEL=1|MOTO=1,VALINHOS,CAMPINAS,CAMPINAS,ESTADUAL
2180,2023-05-30,22:36:30,L01-AUTOBAN,SP330,31.1,NORTE,-23.4005538,-46.83667321,CHOQUE,CHOQUE-DEFENSA METÁLICA,NÃO INFORMADO,AUTOMÓVEL=1|NÃO INFORMADO=1,CAJAMAR,REG. METROPOLITANA SÃO PAULO,SÃO PAULO,ESTADUAL
2181,2023-05-30,23:18:40,L01-AUTOBAN,SP330,82.74,NORTE,-23.00743702,-47.02654559,CHOQUE,CHOQUE-ELEMENTO DE DRENAGEM,NÃO INFORMADO,AUTOMÓVEL=1,VALINHOS,CAMPINAS,CAMPINAS,ESTADUAL
2182,2023-05-30,23:27:40,L01-AUTOBAN,SP330,95.1,SUL,-22.91909788,-47.09487443,COLISÃO,COLISÃO-TRASEIRA,NÃO INFORMADO,UTILITÁRIO=2,CAMPINAS,CAMPINAS,CAMPINAS,ESTADUAL
2183,2023-05-30,23:53:06,L01-AUTOBAN,SPM330D,104.0,NORTE,-22.856805,-47.148633,CAPOTAMENTO,CAPOTAMENTO,NÃO INFORMADO,AUTOMÓVEL=1,CAMPINAS,CAMPINAS,CAMPINAS,ESTADUAL
2184,2023-05-31,03:38:41,L01-AUTOBAN,SPM330D,104.0,NORTE,-22.856805,-47.148633,CHOQUE,CHOQUE-TALUDE OU BARRANCO,NÃO INFORMADO,AUTOMÓVEL=1,CAMPINAS,CAMPINAS,CAMPINAS,ESTADUAL
2187,2023-05-31,07:06:28,L01-AUTOBAN,SP330,103.7,SUL,-22.85871076,-47.14596105,CHOQUE,CHOQUE-BARREIRA DE CONCRETO,NÃO INFORMADO,AUTOMÓVEL=1,CAMPINAS,CAMPINAS,CAMPINAS,ESTADUAL
2189,2023-05-31,07:58:44,L01-AUTOBAN,SP330,91.0,SUL,-22.9430899,-47.06671715,COLISÃO,COLISÃO-TRASEIRA,NÃO INFORMADO,AUTOMÓVEL=2,CAMPINAS,CAMPINAS,CAMPINAS,ESTADUAL
2190,2023-05-31,09:02:48,L01-AUTOBAN,SP330,19.8,NORTE,-23.46989818,-46.77762329,CHOQUE,CHOQUE-BARREIRA DE CONCRETO,NÃO INFORMADO,AUTOMÓVEL=1,OSASCO,REG. METROPOLITANA SÃO PAULO,SÃO PAULO,ESTADUAL
2192,2023-05-31,12:17:54,L01-AUTOBAN,SP330,38.8,NORTE,-23.3386957,-46.83733249,ENGAVETAMENTO,ENGAVETAMENTO,NÃO INFORMADO,AUTOMÓVEL=1|UTILITÁRIO=2,CAJAMAR,REG. METROPOLITANA SÃO PAULO,SÃO PAULO,ESTADUAL
2193,2023-05-31,12:50:00,L01-AUTOBAN,SP330,115.0,NORTE,-22.79222084,-47.22608328,CHOQUE,CHOQUE-BARREIRA DE CONCRETO,NÃO INFORMADO,UTILITÁRIO=1,SUMARÉ,CAMPINAS,CAMPINAS,ESTADUAL
2197,2023-05-31,16:33:04,L01-AUTOBAN,SP330,103.0,NORTE,-22.86219711,-47.13924408,COLISÃO,COLISÃO-TRASEIRA,NÃO INFORMADO,AUTOMÓVEL=1|NÃO INFORMADO=1,CAMPINAS,CAMPINAS,CAMPINAS,ESTADUAL
2200,2023-05-31,19:32:13,L01-AUTOBAN,SP330,60.4,SUL,-23.17882256,-46.91443421,COLISÃO,COLISÃO-LATERAL,NÃO INFORMADO,MOTO=1|NÃO INFORMADO=1,JUNDIAÍ,CAMPINAS,CAMPINAS,ESTADUAL
2201,2023-05-31,20:01:40,L01-AUTOBAN,SP330,39.18,SUL,-23.33565505,-46.83704839,ATROPELAMENTO DE PEDESTRE,ATROP. PEDESTRE-AMBULANTE,NÃO INFORMADO,AUTOMÓVEL=1|NÃO SE APLICA=1,CAJAMAR,REG. METROPOLITANA SÃO PAULO,SÃO PAULO,ESTADUAL
2204,2023-06-01,00:27:54,L01-AUTOBAN,SP330,130.34,SUL,-22.68507102,-47.31104804,CHOQUE,CHOQUE-OBJETO NA PISTA,NÃO INFORMADO,CARRETA=1,LIMEIRA,CAMPINAS,RIO CLARO,ESTADUAL
2205,2023-06-01,02:57:15,L01-AUTOBAN,SP330,130.34,SUL,-22.68507102,-47.31104804,CHOQUE,CHOQUE-OBJETO NA PISTA,NÃO INFORMADO,AUTOMÓVEL=1,LIMEIRA,CAMPINAS,RIO CLARO,ESTADUAL
2206,2023-06-01,07:22:15,L01-AUTOBAN,SP330,19.3,SUL,-23.47227038,-46.77455645,CHOQUE,CHOQUE-VEÍCULO PARADO NA PISTA,NÃO INFORMADO,AUTOMÓVEL=1|MOTO=1,OSASCO,REG. METROPOLITANA SÃO PAULO,SÃO PAULO,ESTADUAL
2207,2023-06-01,07:37:43,L01-AUTOBAN,SPM330D,93.85,NORTE,-22.92536161,-47.08594053,TOMBAMENTO,TOMBAMENTO-MOTO,NÃO INFORMADO,MOTO=1,CAMPINAS,CAMPINAS,CAMPINAS,ESTADUAL
2208,2023-06-01,09:08:48,L01-AUTOBAN,SP330,19.8,NORTE,-23.46989818,-46.77762329,CHOQUE,CHOQUE-TALUDE OU BARRANCO,NÃO INFORMADO,AUTOMÓVEL=1,OSASCO,REG. METROPOLITANA SÃO PAULO,SÃO PAULO,ESTADUAL
2209,2023-06-01,11:54:41,L01-AUTOBAN,SP330,35.3,NORTE,-23.36650331,-46.8460247,COLISÃO,COLISÃO-TRASEIRA,NÃO INFORMADO,CARRETA=2,CAJAMAR,REG. METROPOLITANA SÃO PAULO,SÃO PAULO,ESTADUAL
2210,2023-06-01,12:07:13,L01-AUTOBAN,SP330,95.1,SUL,-22.91990919,-47.09415078,COLISÃO,COLISÃO-LATERAL,NÃO INFORMADO,AUTOMÓVEL=1|CAMINHÃO=1,CAMPINAS,CAMPINAS,CAMPINAS,ESTADUAL
2212,2023-06-01,16:29:22,L01-AUTOBAN,SPM330D,24.5,NORTE,-23.4303334,-46.78691442,COLISÃO,COLISÃO-TRASEIRA,NÃO INFORMADO,AUTOMÓVEL=2|MOTO=1,SÃO PAULO,REG. METROPOLITANA SÃO PAULO,SÃO PAULO,ESTADUAL
2213,2023-06-01,16:41:45,L01-AUTOBAN,SP330,103.3,NORTE,-22.86057946,-47.14206078,COLISÃO,COLISÃO-LATERAL,NÃO INFORMADO,AUTOMÓVEL=1|BITREM/CVC=1,CAMPINAS,CAMPINAS,CAMPINAS,ESTADUAL
2214,2023-06-01,17:34:26,L01-AUTOBAN,SP330,21.2,NORTE,-23.46071206,-46.78140521,ENGAVETAMENTO,ENGAVETAMENTO,NÃO INFORMADO,AUTOMÓVEL=3|CAMINHÃO=1,SÃO PAULO,REG. METROPOLITANA SÃO PAULO,SÃO PAULO,ESTADUAL
2215,2023-06-01,18:02:03,L01-AUTOBAN,SPM330E,98.4,SUL,-22.89293605,-47.11196709,ENGAVETAMENTO,ENGAVETAMENTO,NÃO INFORMADO,AUTOMÓVEL=2|UTILITÁRIO=1,CAMPINAS,CAMPINAS,CAMPINAS,ESTADUAL
2217,2023-06-01,20:23:07,L01-AUTOBAN,SPI102/330,3.16,NORTE,-22.89144521,-47.13350737,CHOQUE,CHOQUE-VEÍCULO PARADO NA PISTA,NÃO INFORMADO,CARRETA=1|UTILITÁRIO=1,CAMPINAS,CAMPINAS,CAMPINAS,ESTADUAL
2222,2023-06-02,09:28:27,L01-AUTOBAN,SP330,81.0,NORTE,-23.02113008,-47.01787949,CHOQUE,CHOQUE-DEFENSA METÁLICA,NÃO INFORMADO,CAMINHÃO=1|NÃO INFORMADO=1,VALINHOS,CAMPINAS,CAMPINAS,ESTADUAL
2223,2023-06-02,13:22:51,L01-AUTOBAN,SPM330D,25.0,NORTE,-23.426127,-46.787542,ENGAVETAMENTO,ENGAVETAMENTO,NÃO INFORMADO,AUTOMÓVEL=1|CAMINHÃO=1|UTILITÁRIO=1,SÃO PAULO,REG. METROPOLITANA SÃO PAULO,SÃO PAULO,ESTADUAL
2224,2023-06-02,15:16:13,L01-AUTOBAN,SP330,61.6,SUL,-23.17141046,-46.92344962,COLISÃO,COLISÃO-LATERAL,NÃO INFORMADO,MOTO=1|UTILITÁRIO=1,JUNDIAÍ,CAMPINAS,CAMPINAS,ESTADUAL
2225,2023-06-02,16:32:13,L01-AUTOBAN,SP330,19.0,NORTE,-23.4737126,-46.77262366,COLISÃO,COLISÃO-LATERAL,NÃO INFORMADO,AUTOMÓVEL=1|MOTO=1|NÃO INFORMADO=1,OSASCO,REG. METROPOLITANA SÃO PAULO,SÃO PAULO,ESTADUAL
2226,2023-06-02,16:59:41,L01-AUTOBAN,SP330,25.0,NORTE,-23.426127,-46.787542,COLISÃO,COLISÃO-TRASEIRA,NÃO INFORMADO,MOTO=1|ÔNIBUS=1,SÃO PAULO,REG. METROPOLITANA SÃO PAULO,SÃO PAULO,ESTADUAL
2227,2023-06-02,17:22:24,L01-AUTOBAN,SPM330E,55.0,SUL,-23.21622998,-46.88403189,COLISÃO,COLISÃO-TRASEIRA,NÃO INFORMADO,AUTOMÓVEL=1|UTILITÁRIO=1,JUNDIAÍ,CAMPINAS,CAMPINAS,ESTADUAL
2229,2023-06-02,18:02:25,L01-AUTOBAN,SP330,130.5,SUL,-22.68363287,-47.31103688,COLISÃO,COLISÃO-TRASEIRA,NÃO INFORMADO,AUTOMÓVEL=1|NÃO INFORMADO=1,LIMEIRA,CAMPINAS,RIO CLARO,ESTADUAL
2230,2023-06-02,18:14:04,L01-AUTOBAN,SP330,131.1,SUL,-22.67830763,-47.31126274,COLISÃO,COLISÃO-TRASEIRA,NÃO INFORMADO,AUTOMÓVEL=1|MOTO=1,LIMEIRA,CAMPINAS,RIO CLARO,ESTADUAL
2231,2023-06-02,18:27:25,L01-AUTOBAN,SPM330D,96.75,NORTE,-22.90592075,-47.10619926,COLISÃO,COLISÃO-TRASEIRA,NÃO INFORMADO,MOTO=1|ÔNIBUS=1,CAMPINAS,CAMPINAS,CAMPINAS,ESTADUAL
2232,2023-06-02,18:51:53,L01-AUTOBAN,SP330,131.2,NORTE,-22.6772935,-47.31122088,ENGAVETAMENTO,ENGAVETAMENTO,NÃO INFORMADO,AUTOMÓVEL=2|UTILITÁRIO=1,LIMEIRA,CAMPINAS,RIO CLARO,ESTADUAL
2235,2023-06-02,20:40:04,L01-AUTOBAN,SP330,103.6,NORTE,-22.85896185,-47.14487742,COLISÃO,COLISÃO-TRASEIRA,NÃO INFORMADO,AUTOMÓVEL=1|NÃO INFORMADO=1,CAMPINAS,CAMPINAS,CAMPINAS,ESTADUAL
2236,2023-06-02,22:13:55,L01-AUTOBAN,SP330,57.3,SUL,-23.20332643,-46.90061599,ATROPELAMENTO DE ANIMAL,ATROP. ANIMAL,NÃO INFORMADO,AUTOMÓVEL=1,JUNDIAÍ,CAMPINAS,CAMPINAS,ESTADUAL
2237,2023-06-03,00:05:18,L01-AUTOBAN,SPM330D,109.6,NORTE,-22.82455292,-47.18903874,CHOQUE,CHOQUE-VEÍCULO PARADO NA PISTA,NÃO INFORMADO,UTILITÁRIO=1|VIATURA CONCESSIONÁRIA=1,SUMARÉ,CAMPINAS,CAMPINAS,ESTADUAL
2238,2023-06-03,06:16:28,L01-AUTOBAN,SP330,54.8,NORTE,-23.21756598,-46.88253092,COLISÃO,COLISÃO-TRASEIRA,NÃO INFORMADO,AUTOMÓVEL=1|CARRETA=1,JUNDIAÍ,CAMPINAS,CAMPINAS,ESTADUAL
2240,2023-06-03,08:51:08,L01-AUTOBAN,SPM330D,111.0,NORTE,-22.81770778,-47.20173419,COLISÃO,COLISÃO-LATERAL,NÃO INFORMADO,AUTOMÓVEL=2,SUMARÉ,CAMPINAS,CAMPINAS,ESTADUAL
2241,2023-06-03,10:51:09,L01-AUTOBAN,SPM330D,91.3,NORTE,-22.9405362,-47.06799418,COLISÃO,COLISÃO-TRASEIRA,NÃO INFORMADO,MOTO=1|NÃO INFORMADO=1,CAMPINAS,CAMPINAS,CAMPINAS,ESTADUAL
2243,2023-06-03,14:28:05,L01-AUTOBAN,SP330,80.62,NORTE,-23.02398358,-47.01607952,TOMBAMENTO,TOMBAMENTO,NÃO INFORMADO,MOTO=1,VALINHOS,CAMPINAS,CAMPINAS,ESTADUAL
2244,2023-06-03,16:05:37,L01-AUTOBAN,SP330,25.5,NORTE,-23.42331681,-46.79105306,TOMBAMENTO,TOMBAMENTO-MOTO,NÃO INFORMADO,MOTO=1,SÃO PAULO,REG. METROPOLITANA SÃO PAULO,SÃO PAULO,ESTADUAL
2246,2023-06-03,18:09:41,L01-AUTOBAN,SP330,73.0,SUL,-23.08262367,-46.9780755,CHOQUE,CHOQUE-SINALIZAÇÃO,NÃO INFORMADO,AUTOMÓVEL=1,LOUVEIRA,CAMPINAS,CAMPINAS,ESTADUAL
2249,2023-06-03,19:01:48,L01-AUTOBAN,SPM330E,104.2,SUL,-22.85607853,-47.15035698,COLISÃO,COLISÃO-TRASEIRA,NÃO INFORMADO,AUTOMÓVEL=1|MOTO=1,CAMPINAS,CAMPINAS,CAMPINAS,ESTADUAL
2253,2023-06-03,21:50:53,L01-AUTOBAN,SPM330D,88.0,NORTE,-22.96590114,-47.05342948,COLISÃO,COLISÃO-TRASEIRA,NÃO INFORMADO,AUTOMÓVEL=2,CAMPINAS,CAMPINAS,CAMPINAS,ESTADUAL
2254,2023-06-03,23:04:25,L01-AUTOBAN,SP330,83.0,SUL,-23.00543875,-47.02806115,CHOQUE,CHOQUE-SINALIZAÇÃO,NÃO INFORMADO,AUTOMÓVEL=1,VALINHOS,CAMPINAS,CAMPINAS,ESTADUAL
2257,2023-06-04,04:18:33,L01-AUTOBAN,SP330,65.0,NORTE,-23.14439004,-46.93929613,CHOQUE,CHOQUE-ELEMENTO DE DRENAGEM,NÃO INFORMADO,AUTOMÓVEL=1,JUNDIAÍ,CAMPINAS,CAMPINAS,ESTADUAL
2259,2023-06-04,08:41:51,L01-AUTOBAN,SPM330E,14.8,SUL,-23.5013706,-46.75376344,COLISÃO,COLISÃO-TRASEIRA,NÃO INFORMADO,AUTOMÓVEL=1|NÃO INFORMADO=1,SÃO PAULO,REG. METROPOLITANA SÃO PAULO,SÃO PAULO,ESTADUAL
2260,2023-06-04,11:58:43,L01-AUTOBAN,SPM330E,106.7,SUL,-22.84194115,-47.1688814,COLISÃO,COLISÃO-LATERAL,NÃO INFORMADO,AUTOMÓVEL=1|MOTO=1,SUMARÉ,CAMPINAS,CAMPINAS,ESTADUAL
2261,2023-06-04,12:08:42,L01-AUTOBAN,SPM330E,106.7,SUL,-22.84194115,-47.1688814,CHOQUE,CHOQUE-VEÍCULO PARADO NA PISTA,NÃO INFORMADO,MOTO=2,SUMARÉ,CAMPINAS,CAMPINAS,ESTADUAL
2265,2023-06-04,18:33:43,L01-AUTOBAN,SP330,33.0,SUL,-23.384694,-46.838601,CHOQUE,CHOQUE-VEÍCULO PARADO NA PISTA,NÃO INFORMADO,AUTOMÓVEL=1|UTILITÁRIO=1,CAJAMAR,REG. METROPOLITANA SÃO PAULO,SÃO PAULO,ESTADUAL
2267,2023-06-04,19:03:53,L01-AUTOBAN,SP330,62.7,SUL,-23.16325959,-46.93032843,COLISÃO,COLISÃO-TRASEIRA,NÃO INFORMADO,AUTOMÓVEL=1|NÃO INFORMADO=1,JUNDIAÍ,CAMPINAS,CAMPINAS,ESTADUAL
2268,2023-06-04,19:30:09,L01-AUTOBAN,SP330,84.34,NORTE,-22.99496332,-47.03504485,CHOQUE,CHOQUE-BARREIRA DE CONCRETO,NÃO INFORMADO,AUTOMÓVEL=1|NÃO INFORMADO=1,VALINHOS,CAMPINAS,CAMPINAS,ESTADUAL
2269,2023-06-04,20:05:03,L01-AUTOBAN,SP330,25.1,SUL,-23.42601253,-46.78828844,COLISÃO,COLISÃO-TRASEIRA,NÃO INFORMADO,AUTOMÓVEL=1|BITREM/CVC=1,SÃO PAULO,REG. METROPOLITANA SÃO PAULO,SÃO PAULO,ESTADUAL
2270,2023-06-05,04:14:55,L01-AUTOBAN,SPI102/330,3.0,NORTE,-22.89006782,-47.13294089,CHOQUE,CHOQUE-DEFENSA METÁLICA,NÃO INFORMADO,CARRETA=1,CAMPINAS,CAMPINAS,CAMPINAS,ESTADUAL
2271,2023-06-05,06:38:07,L01-AUTOBAN,SP330,25.2,SUL,-23.42544507,-46.78896488,COLISÃO,COLISÃO-TRASEIRA,NÃO INFORMADO,CARRETA=2,SÃO PAULO,REG. METROPOLITANA SÃO PAULO,SÃO PAULO,ESTADUAL
2272,2023-06-05,07:42:35,L01-AUTOBAN,SPM330E,86.26,SUL,-22.980897,-47.04500049,COLISÃO,COLISÃO-LATERAL,NÃO INFORMADO,AUTOMÓVEL=1|MOTO=1,CAMPINAS,CAMPINAS,CAMPINAS,ESTADUAL
2273,2023-06-05,07:58:20,L01-AUTOBAN,SP330,109.0,SUL,-22.827506,-47.184259,ENGAVETAMENTO,ENGAVETAMENTO,NÃO INFORMADO,AUTOMÓVEL=2|NÃO INFORMADO=1,SUMARÉ,CAMPINAS,CAMPINAS,ESTADUAL
2274,2023-06-05,08:31:45,L01-AUTOBAN,SPM330E,86.28,SUL,-22.98073909,-47.04509403,COLISÃO,COLISÃO-LATERAL,NÃO INFORMADO,AUTOMÓVEL=2,CAMPINAS,CAMPINAS,CAMPINAS,ESTADUAL
2277,2023-06-05,09:33:59,L01-AUTOBAN,SP330,111.0,SUL,-22.81811818,-47.20174491,COLISÃO,COLISÃO-TRASEIRA,NÃO INFORMADO,AUTOMÓVEL=1|UTILITÁRIO=1,SUMARÉ,CAMPINAS,CAMPINAS,ESTADUAL
2279,2023-06-05,14:54:06,L01-AUTOBAN,SP330,20.5,SUL,-23.46494888,-46.78025723,COLISÃO,COLISÃO-TRASEIRA,NÃO INFORMADO,CAMINHÃO=1|CARRETA=1,SÃO PAULO,REG. METROPOLITANA SÃO PAULO,SÃO PAULO,ESTADUAL
2280,2023-06-05,16:08:33,L01-AUTOBAN,SPI102/330,2.6,NORTE,-22.88667949,-47.13196242,ATROPELAMENTO DE ANIMAL,ATROP. ANIMAL,NÃO INFORMADO,AUTOMÓVEL=1,CAMPINAS,CAMPINAS,CAMPINAS,ESTADUAL
2281,2023-06-05,17:12:59,L01-AUTOBAN,SP330,92.0,NORTE,-22.93511642,-47.07138956,COLISÃO,COLISÃO-LATERAL,NÃO INFORMADO,AUTOMÓVEL=2,CAMPINAS,CAMPINAS,CAMPINAS,ESTADUAL
2282,2023-06-05,18:40:20,L01-AUTOBAN,SP330,20.3,NORTE,-23.46647482,-46.7796328,COLISÃO,COLISÃO-TRASEIRA,NÃO INFORMADO,MOTO=1|NÃO INFORMADO=1,OSASCO,REG. METROPOLITANA SÃO PAULO,SÃO PAULO,ESTADUAL
2283,2023-06-05,19:03:56,L01-AUTOBAN,SPM330E,114.0,SUL,-22.80082086,-47.22201705,TOMBAMENTO,TOMBAMENTO-MOTO,NÃO INFORMADO,MOTO=1,SUMARÉ,CAMPINAS,CAMPINAS,ESTADUAL
2284,2023-06-05,19:36:30,L01-AUTOBAN,SP330,110.0,SUL,-22.82299347,-47.19250202,TOMBAMENTO,TOMBAMENTO-MOTO,NÃO INFORMADO,MOTO=1,SUMARÉ,CAMPINAS,CAMPINAS,ESTADUAL
2285,2023-06-06,07:07:04,L01-AUTOBAN,SP330,24.3,SUL,-23.4323517,-46.78677826,COLISÃO,COLISÃO-TRASEIRA,NÃO INFORMADO,AUTOMÓVEL=2,SÃO PAULO,REG. METROPOLITANA SÃO PAULO,SÃO PAULO,ESTADUAL
2286,2023-06-06,08:56:33,L01-AUTOBAN,SPM330E,110.26,SUL,-22.82172588,-47.19490519,COLISÃO,COLISÃO-TRASEIRA,NÃO INFORMADO,AUTOMÓVEL=2,SUMARÉ,CAMPINAS,CAMPINAS,ESTADUAL
2288,2023-06-06,11:43:04,L01-AUTOBAN,SP330,82.3,NORTE,-23.01079359,-47.02429856,TOMBAMENTO,TOMBAMENTO-MOTO,NÃO INFORMADO,MOTO=1,VALINHOS,CAMPINAS,CAMPINAS,ESTADUAL
2295,2023-06-06,19:01:08,L01-AUTOBAN,SP330,20.5,NORTE,-23.46482832,-46.78013921,ENGAVETAMENTO,ENGAVETAMENTO,NÃO INFORMADO,AUTOMÓVEL=2|NÃO INFORMADO=2,SÃO PAULO,REG. METROPOLITANA SÃO PAULO,SÃO PAULO,ESTADUAL
2299,2023-06-07,05:50:19,L01-AUTOBAN,SP330,14.2,SUL,-23.50573309,-46.75096643,TOMBAMENTO,TOMBAMENTO-MOTO,NÃO INFORMADO,MOTO=1|NÃO INFORMADO=1,SÃO PAULO,REG. METROPOLITANA SÃO PAULO,SÃO PAULO,ESTADUAL
2302,2023-06-07,12:25:27,L01-AUTOBAN,SP330,98.0,NORTE,-22.89587453,-47.11074829,COLISÃO,COLISÃO-LATERAL,NÃO INFORMADO,AUTOMÓVEL=1|CARRETA=1,CAMPINAS,CAMPINAS,CAMPINAS,ESTADUAL
2303,2023-06-07,13:01:09,L01-AUTOBAN,SP330,18.0,NORTE,-23.48241663,-46.7709446,TOMBAMENTO,TOMBAMENTO-MOTO,NÃO INFORMADO,MOTO=1,OSASCO,REG. METROPOLITANA SÃO PAULO,SÃO PAULO,ESTADUAL
2304,2023-06-07,13:04:35,L01-AUTOBAN,SP330,52.0,SUL,-23.24023705,-46.86912417,CHOQUE,CHOQUE-DEFENSA METÁLICA,NÃO INFORMADO,AUTOMÓVEL=1|CAMINHÃO=1,JUNDIAÍ,CAMPINAS,CAMPINAS,ESTADUAL
2305,2023-06-07,13:09:02,L01-AUTOBAN,SP330,11.46,NORTE,-23.50987561,-46.72945587,COLISÃO,COLISÃO-LATERAL,NÃO INFORMADO,AUTOMÓVEL=1|CAMINHÃO=1,SÃO PAULO,REG. METROPOLITANA SÃO PAULO,SÃO PAULO,ESTADUAL
2306,2023-06-07,14:31:33,L01-AUTOBAN,SPM330D,95.8,NORTE,-22.91309941,-47.09992828,COLISÃO,COLISÃO-TRASEIRA,NÃO INFORMADO,AUTOMÓVEL=2,CAMPINAS,CAMPINAS,CAMPINAS,ESTADUAL
2309,2023-06-07,16:42:04,L01-AUTOBAN,SP330,109.7,SUL,-22.82434724,-47.19002909,CAPOTAMENTO,CAPOTAMENTO,NÃO INFORMADO,UTILITÁRIO=1,SUMARÉ,CAMPINAS,CAMPINAS,ESTADUAL
2310,2023-06-07,17:22:30,L01-AUTOBAN,SP330,38.0,NORTE,-23.34492536,-46.84092879,COLISÃO,COLISÃO-LATERAL,NÃO INFORMADO,AUTOMÓVEL=1|CARRETA=1,CAJAMAR,REG. METROPOLITANA SÃO PAULO,SÃO PAULO,ESTADUAL
2312,2023-06-07,18:43:03,L01-AUTOBAN,SP330,17.3,NORTE,-23.48795459,-46.76801562,COLISÃO,COLISÃO-TRASEIRA,NÃO INFORMADO,AUTOMÓVEL=1|MOTO=1,OSASCO,REG. METROPOLITANA SÃO PAULO,SÃO PAULO,ESTADUAL
2313,2023-06-07,18:46:27,L01-AUTOBAN,SPM330D,91.85,NORTE,-22.93627782,-47.07066197,COLISÃO,COLISÃO-TRASEIRA,NÃO INFORMADO,AUTOMÓVEL=1|MOTO=1,CAMPINAS,CAMPINAS,CAMPINAS,ESTADUAL
2320,2023-06-08,05:35:46,L01-AUTOBAN,SP330,131.94,NORTE,-22.67110691,-47.31318191,CHOQUE,CHOQUE-DEFENSA METÁLICA,NÃO INFORMADO,AUTOMÓVEL=1,LIMEIRA,CAMPINAS,RIO CLARO,ESTADUAL
2322,2023-06-08,06:31:16,L01-AUTOBAN,SP330,22.6,NORTE,-23.44782337,-46.78672564,COLISÃO,COLISÃO-TRASEIRA,NÃO INFORMADO,CAMINHÃO=1|CARRETA=1,SÃO PAULO,REG. METROPOLITANA SÃO PAULO,SÃO PAULO,ESTADUAL
2325,2023-06-08,07:40:09,L01-AUTOBAN,SP330,85.68,SUL,-22.98513108,-47.04223759,CHOQUE,CHOQUE-BARREIRA DE CONCRETO,NÃO INFORMADO,AUTOMÓVEL=1,VALINHOS,CAMPINAS,CAMPINAS,ESTADUAL
2329,2023-06-08,08:55:03,L01-AUTOBAN,SP330,102.38,SUL,-22.86613962,-47.13509786,TOMBAMENTO,TOMBAMENTO,NÃO INFORMADO,AUTOMÓVEL=1|CARRETA=1,CAMPINAS,CAMPINAS,CAMPINAS,ESTADUAL
2331,2023-06-08,11:09:40,L01-AUTOBAN,SP330,103.0,NORTE,-22.86219711,-47.13924408,COLISÃO,COLISÃO-TRANSVERSAL,NÃO INFORMADO,AUTOMÓVEL=1|CARRETA=1,CAMPINAS,CAMPINAS,CAMPINAS,ESTADUAL
2333,2023-06-08,13:21:05,L01-AUTOBAN,SPM330D,97.0,NORTE,-22.90407763,-47.10779786,CHOQUE,CHOQUE-BARREIRA DE CONCRETO,NÃO INFORMADO,AUTOMÓVEL=1,CAMPINAS,CAMPINAS,CAMPINAS,ESTADUAL
2334,2023-06-08,17:17:20,L01-AUTOBAN,SP330,125.6,NORTE,-22.72262223,-47.29361593,COLISÃO,COLISÃO-LATERAL,NÃO INFORMADO,AUTOMÓVEL=1|CARRETA=1,AMERICANA,CAMPINAS,RIO CLARO,ESTADUAL
2335,2023-06-08,19:56:02,L01-AUTOBAN,SPM330D,111.4,NORTE,-22.81610965,-47.20462884,CHOQUE,CHOQUE-BARREIRA DE CONCRETO,NÃO INFORMADO,AUTOMÓVEL=1,SUMARÉ,CAMPINAS,CAMPINAS,ESTADUAL
2336,2023-06-08,21:21:58,L01-AUTOBAN,SP330,119.0,SUL,-22.76349411,-47.24790037,TOMBAMENTO,TOMBAMENTO-MOTO,NÃO INFORMADO,MOTO=1,NOVA ODESSA,CAMPINAS,RIO CLARO,ESTADUAL
2339,2023-06-09,03:19:47,L01-AUTOBAN,SPM330E,109.0,SUL,-22.827506,-47.184259,COLISÃO,COLISÃO-TRASEIRA,NÃO INFORMADO,AUTOMÓVEL=1,SUMARÉ,CAMPINAS,CAMPINAS,ESTADUAL
2340,2023-06-09,08:02:26,L01-AUTOBAN,SP330,18.0,SUL,-23.4821903,-46.77117527,TOMBAMENTO,TOMBAMENTO-MOTO,NÃO INFORMADO,MOTO=1,OSASCO,REG. METROPOLITANA SÃO PAULO,SÃO PAULO,ESTADUAL
2341,2023-06-09,09:31:34,L01-AUTOBAN,SP330,146.0,SUL,-22.56092035,-47.36650229,COLISÃO,COLISÃO-TRASEIRA,NÃO INFORMADO,AUTOMÓVEL=1|CARRETA=1,LIMEIRA,CAMPINAS,RIO CLARO,ESTADUAL
2344,2023-06-09,13:45:02,L01-AUTOBAN,SP330,53.2,NORTE,-23.22911686,-46.87386712,COLISÃO,COLISÃO-TRASEIRA,NÃO INFORMADO,AUTOMÓVEL=2|MOTO=1,JUNDIAÍ,CAMPINAS,CAMPINAS,ESTADUAL
2345,2023-06-09,16:12:45,L01-AUTOBAN,SP330,97.0,SUL,-22.90437906,-47.10784614,COLISÃO,COLISÃO-LATERAL,NÃO INFORMADO,AUTOMÓVEL=1|MOTO=1,CAMPINAS,CAMPINAS,CAMPINAS,ESTADUAL
2348,2023-06-09,20:57:47,L01-AUTOBAN,SPM330E,92.0,SUL,-22.9351263,-47.07110524,ATROPELAMENTO DE PEDESTRE,ATROP. PEDESTRE-ANDARILHO,NÃO INFORMADO,NÃO INFORMADO=1|NÃO SE APLICA=1,CAMPINAS,CAMPINAS,CAMPINAS,ESTADUAL
2350,2023-06-09,22:02:18,L01-AUTOBAN,SP330,74.2,NORTE,-23.07365702,-46.98434318,COLISÃO,COLISÃO-LATERAL,NÃO INFORMADO,AUTOMÓVEL=1,VINHEDO,CAMPINAS,CAMPINAS,ESTADUAL
2352,2023-06-09,22:29:10,L01-AUTOBAN,SP330,20.5,SUL,-23.46494888,-46.78025723,COLISÃO,COLISÃO-LATERAL,NÃO INFORMADO,UTILITÁRIO=1|ÔNIBUS=1,SÃO PAULO,REG. METROPOLITANA SÃO PAULO,SÃO PAULO,ESTADUAL
2353,2023-06-09,23:06:30,L01-AUTOBAN,SP330,61.15,NORTE,-23.17429299,-46.91956152,CHOQUE,CHOQUE-BARREIRA DE CONCRETO,NÃO INFORMADO,AUTOMÓVEL=1,JUNDIAÍ,CAMPINAS,CAMPINAS,ESTADUAL
2355,2023-06-10,01:30:12,L01-AUTOBAN,SP330,103.0,NORTE,-22.86219711,-47.13924408,COLISÃO,COLISÃO-TRASEIRA,NÃO INFORMADO,NÃO INFORMADO=1|UTILITÁRIO=1,CAMPINAS,CAMPINAS,CAMPINAS,ESTADUAL
2357,2023-06-10,08:04:31,L01-AUTOBAN,SP330,107.5,SUL,-22.8363971,-47.17411548,COLISÃO,COLISÃO-LATERAL,NÃO INFORMADO,AUTOMÓVEL=1|NÃO INFORMADO=1,SUMARÉ,CAMPINAS,CAMPINAS,ESTADUAL
2360,2023-06-10,10:53:59,L01-AUTOBAN,SP330,101.74,SUL,-22.86984597,-47.13046503,TOMBAMENTO,TOMBAMENTO-MOTO,NÃO INFORMADO,MOTO=1,CAMPINAS,CAMPINAS,CAMPINAS,ESTADUAL
2365,2023-06-11,00:38:53,L01-AUTOBAN,SP330,82.8,SUL,-23.00706122,-47.02710523,CHOQUE,CHOQUE-SINALIZAÇÃO,NÃO INFORMADO,AUTOMÓVEL=1,VALINHOS,CAMPINAS,CAMPINAS,ESTADUAL
2366,2023-06-11,01:26:09,L01-AUTOBAN,SP330,47.6,SUL,-23.27736798,-46.87112296,COLISÃO,COLISÃO-FRONTAL,NÃO INFORMADO,AUTOMÓVEL=2,JUNDIAÍ,CAMPINAS,CAMPINAS,ESTADUAL
2368,2023-06-11,11:48:31,L01-AUTOBAN,SP330,60.0,SUL,-23.18116795,-46.91158891,COLISÃO,COLISÃO-TRASEIRA,NÃO INFORMADO,AUTOMÓVEL=2,JUNDIAÍ,CAMPINAS,CAMPINAS,ESTADUAL
2369,2023-06-11,14:32:51,L01-AUTOBAN,SPM330D,101.1,NORTE,-22.87316765,-47.12548219,CAPOTAMENTO,CAPOTAMENTO,NÃO INFORMADO,AUTOMÓVEL=1,CAMPINAS,CAMPINAS,CAMPINAS,ESTADUAL
2373,2023-06-11,16:00:43,L01-AUTOBAN,SP330,66.0,SUL,-23.13744959,-46.94407046,COLISÃO,COLISÃO-TRASEIRA,NÃO INFORMADO,AUTOMÓVEL=1|NÃO INFORMADO=1,JUNDIAÍ,CAMPINAS,CAMPINAS,ESTADUAL
2374,2023-06-11,16:21:03,L01-AUTOBAN,SP330,66.0,SUL,-23.13744959,-46.94407046,COLISÃO,COLISÃO-TRASEIRA,NÃO INFORMADO,MOTO=1|NÃO INFORMADO=1,JUNDIAÍ,CAMPINAS,CAMPINAS,ESTADUAL
2376,2023-06-11,18:29:30,L01-AUTOBAN,SP330,92.0,NORTE,-22.93511642,-47.07138956,CHOQUE,CHOQUE-BARREIRA DE CONCRETO,NÃO INFORMADO,AUTOMÓVEL=1,CAMPINAS,CAMPINAS,CAMPINAS,ESTADUAL
2377,2023-06-11,18:54:54,L01-AUTOBAN,SP330,65.18,SUL,-23.14333895,-46.94030947,ENGAVETAMENTO,ENGAVETAMENTO,NÃO INFORMADO,AUTOMÓVEL=2|CAMINHÃO=1,JUNDIAÍ,CAMPINAS,CAMPINAS,ESTADUAL
2379,2023-06-11,19:45:41,L01-AUTOBAN,SP330,55.96,SUL,-23.21126042,-46.891494,COLISÃO,COLISÃO-LATERAL,NÃO INFORMADO,AUTOMÓVEL=1|CARRETA=1,JUNDIAÍ,CAMPINAS,CAMPINAS,ESTADUAL
2380,2023-06-11,20:56:22,L01-AUTOBAN,SPM330E,57.588,SUL,-23.20075052,-46.90193693,CHOQUE,CHOQUE-ELEMENTO DE DRENAGEM,NÃO INFORMADO,AUTOMÓVEL=1,JUNDIAÍ,CAMPINAS,CAMPINAS,ESTADUAL
2382,2023-06-11,21:55:49,L01-AUTOBAN,SP330,90.52,SUL,-22.94690037,-47.06453617,ATROPELAMENTO DE PEDESTRE,ATROP. PEDESTRE-ANDARILHO,NÃO INFORMADO,AUTOMÓVEL=1|NÃO SE APLICA=1,CAMPINAS,CAMPINAS,CAMPINAS,ESTADUAL
2383,2023-06-12,05:43:28,L01-AUTOBAN,SP330,20.3,NORTE,-23.46647482,-46.7796328,COLISÃO,COLISÃO-LATERAL,NÃO INFORMADO,AUTOMÓVEL=1|CAMINHÃO=1,OSASCO,REG. METROPOLITANA SÃO PAULO,SÃO PAULO,ESTADUAL
2384,2023-06-12,07:16:25,L01-AUTOBAN,SP330,107.7,SUL,-22.83500886,-47.17542116,COLISÃO,COLISÃO-LATERAL,NÃO INFORMADO,AUTOMÓVEL=1|MOTO=1,SUMARÉ,CAMPINAS,CAMPINAS,ESTADUAL
2385,2023-06-12,07:28:37,L01-AUTOBAN,SP330,12.7,SUL,-23.50855135,-46.73715359,COLISÃO,COLISÃO-TRASEIRA,NÃO INFORMADO,AUTOMÓVEL=1|MOTO=1,SÃO PAULO,REG. METROPOLITANA SÃO PAULO,SÃO PAULO,ESTADUAL
2388,2023-06-12,09:22:47,L01-AUTOBAN,SP330,19.5,SUL,-23.4713089,-46.77584499,CHOQUE,CHOQUE-OBJETO NA PISTA,NÃO INFORMADO,MOTO=1|UTILITÁRIO=1,OSASCO,REG. METROPOLITANA SÃO PAULO,SÃO PAULO,ESTADUAL
2390,2023-06-12,11:27:34,L01-AUTOBAN,SPM330E,14.4,SUL,-23.50427893,-46.75189876,COLISÃO,COLISÃO-LATERAL,NÃO INFORMADO,AUTOMÓVEL=1|CARRETA=1,SÃO PAULO,REG. METROPOLITANA SÃO PAULO,SÃO PAULO,ESTADUAL
2392,2023-06-12,18:07:45,L01-AUTOBAN,SP330,21.0,NORTE,-23.46071206,-46.78140521,TOMBAMENTO,TOMBAMENTO-MOTO,NÃO INFORMADO,MOTO=1,SÃO PAULO,REG. METROPOLITANA SÃO PAULO,SÃO PAULO,ESTADUAL
2394,2023-06-12,19:35:19,L01-AUTOBAN,SPM330D,100.0,NORTE,-22.88033176,-47.11758256,CHOQUE,CHOQUE-VEÍCULO PARADO NA PISTA,NÃO INFORMADO,AUTOMÓVEL=1|ÔNIBUS=1,CAMPINAS,CAMPINAS,CAMPINAS,ESTADUAL
2396,2023-06-12,22:22:08,L01-AUTOBAN,SP330,114.6,NORTE,-22.79553822,-47.22437095,CHOQUE,CHOQUE-DEFENSA METÁLICA,NÃO INFORMADO,AUTOMÓVEL=1,SUMARÉ,CAMPINAS,CAMPINAS,ESTADUAL
2397,2023-06-13,05:18:28,L01-AUTOBAN,SP330,38.0,SUL,-23.34476775,-46.84093416,TOMBAMENTO,TOMBAMENTO-MOTO,NÃO INFORMADO,MOTO=1,CAJAMAR,REG. METROPOLITANA SÃO PAULO,SÃO PAULO,ESTADUAL
2399,2023-06-13,08:33:10,L01-AUTOBAN,SP330,118.4,NORTE,-22.76660643,-47.24359168,CHOQUE,CHOQUE-VEÍCULO PARADO NA PISTA,NÃO INFORMADO,AUTOMÓVEL=1|CARRETA=1,NOVA ODESSA,CAMPINAS,RIO CLARO,ESTADUAL
2400,2023-06-13,10:27:02,L01-AUTOBAN,SPI102/330,5.0,NORTE,-22.90690412,-47.13676572,CHOQUE,CHOQUE-BARREIRA DE CONCRETO,NÃO INFORMADO,AUTOMÓVEL=1,CAMPINAS,CAMPINAS,CAMPINAS,ESTADUAL
2401,2023-06-13,13:14:38,L01-AUTOBAN,SPM330D,103.0,NORTE,-22.86219711,-47.13924408,COLISÃO,COLISÃO-LATERAL,NÃO INFORMADO,AUTOMÓVEL=1|CARRETA=1,CAMPINAS,CAMPINAS,CAMPINAS,ESTADUAL
2404,2023-06-13,17:26:22,L01-AUTOBAN,SPM330D,101.7,NORTE,-22.87381266,-47.12474406,COLISÃO,COLISÃO-LATERAL,NÃO INFORMADO,MOTO=1|NÃO INFORMADO=1,CAMPINAS,CAMPINAS,CAMPINAS,ESTADUAL
2405,2023-06-13,19:59:00,L01-AUTOBAN,SP330,56.6,SUL,-23.20802713,-46.89626597,COLISÃO,COLISÃO-LATERAL,NÃO INFORMADO,AUTOMÓVEL=1|NÃO INFORMADO=1,JUNDIAÍ,CAMPINAS,CAMPINAS,ESTADUAL
2406,2023-06-13,21:07:37,L01-AUTOBAN,SP330,157.0,SUL,-22.46957013,-47.39929497,COLISÃO,COLISÃO-TRASEIRA,NÃO INFORMADO,AUTOMÓVEL=1|MOTO=1,CORDEIRÓPOLIS,CAMPINAS,RIO CLARO,ESTADUAL
2409,2023-06-14,06:05:20,L01-AUTOBAN,SP330,60.9,SUL,-23.17589082,-46.91799081,COLISÃO,COLISÃO-LATERAL,NÃO INFORMADO,AUTOMÓVEL=1|CARRETA=1,JUNDIAÍ,CAMPINAS,CAMPINAS,ESTADUAL
2411,2023-06-14,06:41:18,L01-AUTOBAN,SP330,124.3,NORTE,-22.7321989,-47.28770759,ENGAVETAMENTO,ENGAVETAMENTO,NÃO INFORMADO,AUTOMÓVEL=2|CAMINHÃO=1,AMERICANA,CAMPINAS,RIO CLARO,ESTADUAL
2412,2023-06-14,06:59:03,L01-AUTOBAN,SPM330D,103.2,NORTE,-22.8611187,-47.14112184,COLISÃO,COLISÃO-TRASEIRA,NÃO INFORMADO,AUTOMÓVEL=2,CAMPINAS,CAMPINAS,CAMPINAS,ESTADUAL
2413,2023-06-14,07:39:50,L01-AUTOBAN,SP330,98.0,NORTE,-22.89587453,-47.11074829,TOMBAMENTO,TOMBAMENTO,NÃO INFORMADO,AUTOMÓVEL=1,CAMPINAS,CAMPINAS,CAMPINAS,ESTADUAL
2416,2023-06-14,08:06:46,L01-AUTOBAN,SPM330D,86.0,NORTE,-22.982725,-47.043589,CHOQUE,CHOQUE-TALUDE OU BARRANCO,NÃO INFORMADO,AUTOMÓVEL=1,VALINHOS,CAMPINAS,CAMPINAS,ESTADUAL
2417,2023-06-14,08:37:02,L01-AUTOBAN,SP330,32.3,NORTE,-23.39033228,-46.83621945,CHOQUE,CHOQUE-BARREIRA DE CONCRETO,NÃO INFORMADO,AUTOMÓVEL=1,CAJAMAR,REG. METROPOLITANA SÃO PAULO,SÃO PAULO,ESTADUAL
2418,2023-06-14,08:43:31,L01-AUTOBAN,SP330,75.9,SUL,-23.068341,-46.98838,COLISÃO,COLISÃO-TRANSVERSAL,NÃO INFORMADO,AUTOMÓVEL=1|CARRETA=1,VINHEDO,CAMPINAS,CAMPINAS,ESTADUAL
2421,2023-06-14,09:04:53,L01-AUTOBAN,SP330,32.9,SUL,-23.38551179,-46.838297,COLISÃO,COLISÃO-TRASEIRA,NÃO INFORMADO,AUTOMÓVEL=1|CAMINHÃO=1,CAJAMAR,REG. METROPOLITANA SÃO PAULO,SÃO PAULO,ESTADUAL
2422,2023-06-14,09:24:42,L01-AUTOBAN,SP330,53.0,NORTE,-23.230639,-46.87295,CAPOTAMENTO,CAPOTAMENTO,NÃO INFORMADO,AUTOMÓVEL=1,JUNDIAÍ,CAMPINAS,CAMPINAS,ESTADUAL
2423,2023-06-14,09:36:13,L01-AUTOBAN,SP330,32.8,SUL,-23.38632961,-46.837993,CHOQUE,CHOQUE-BARREIRA DE CONCRETO,NÃO INFORMADO,CAMINHÃO=1,CAJAMAR,REG. METROPOLITANA SÃO PAULO,SÃO PAULO,ESTADUAL
2427,2023-06-14,12:30:51,L01-AUTOBAN,SPM330D,86.6,NORTE,-22.97802414,-47.04643557,CHOQUE,CHOQUE-DEFENSA METÁLICA,NÃO INFORMADO,AUTOMÓVEL=1,CAMPINAS,CAMPINAS,CAMPINAS,ESTADUAL
2430,2023-06-14,12:52:02,L01-AUTOBAN,SPM330D,86.6,NORTE,-22.97802414,-47.04643557,CHOQUE,CHOQUE-DEFENSA METÁLICA,NÃO INFORMADO,AUTOMÓVEL=1,CAMPINAS,CAMPINAS,CAMPINAS,ESTADUAL
2431,2023-06-14,13:51:28,L01-AUTOBAN,SP330,103.0,SUL,-22.862525,-47.139454,COLISÃO,COLISÃO-LATERAL,NÃO INFORMADO,CAMINHÃO=1|UTILITÁRIO=1,CAMPINAS,CAMPINAS,CAMPINAS,ESTADUAL
2432,2023-06-14,13:53:07,L01-AUTOBAN,SP330,41.5,SUL,-23.32042233,-46.85017705,CHOQUE,CHOQUE-ELEMENTO DE DRENAGEM,NÃO INFORMADO,AUTOMÓVEL=1,CAJAMAR,REG. METROPOLITANA SÃO PAULO,SÃO PAULO,ESTADUAL
2433,2023-06-14,14:06:27,L01-AUTOBAN,SPM330D,86.8,NORTE,-22.97645715,-47.04738444,CHOQUE,CHOQUE-TALUDE OU BARRANCO,NÃO INFORMADO,AUTOMÓVEL=1,CAMPINAS,CAMPINAS,CAMPINAS,ESTADUAL
2434,2023-06-14,14:27:05,L01-AUTOBAN,SP330,41.5,SUL,-23.32042233,-46.85017705,CHOQUE,CHOQUE-TALUDE OU BARRANCO,NÃO INFORMADO,AUTOMÓVEL=1,CAJAMAR,REG. METROPOLITANA SÃO PAULO,SÃO PAULO,ESTADUAL
2437,2023-06-14,15:19:37,L01-AUTOBAN,SP330,29.2,SUL,-23.40858881,-46.82238722,CHOQUE,CHOQUE-TALUDE OU BARRANCO,NÃO INFORMADO,AUTOMÓVEL=1,SÃO PAULO,REG. METROPOLITANA SÃO PAULO,SÃO PAULO,ESTADUAL
2438,2023-06-14,15:31:52,L01-AUTOBAN,SPI102/330,5.0,NORTE,-22.90690412,-47.13676572,CHOQUE,CHOQUE-ELEMENTO DE DRENAGEM,NÃO INFORMADO,UTILITÁRIO=1,CAMPINAS,CAMPINAS,CAMPINAS,ESTADUAL
2440,2023-06-14,16:36:15,L01-AUTOBAN,SPM330D,111.7,NORTE,-22.81491107,-47.20679978,TOMBAMENTO,TOMBAMENTO-MOTO,NÃO INFORMADO,MOTO=1,SUMARÉ,CAMPINAS,CAMPINAS,ESTADUAL
2442,2023-06-14,16:57:21,L01-AUTOBAN,SP330,41.0,SUL,-23.32351843,-46.84717298,CHOQUE,CHOQUE-MEIO FIO/CALÇAMENTO,NÃO INFORMADO,AUTOMÓVEL=1,CAJAMAR,REG. METROPOLITANA SÃO PAULO,SÃO PAULO,ESTADUAL
2444,2023-06-14,17:59:53,L01-AUTOBAN,SP330,60.7,NORTE,-23.17700632,-46.91627044,ENGAVETAMENTO,ENGAVETAMENTO,NÃO INFORMADO,AUTOMÓVEL=2|VAN/PERUA=1,JUNDIAÍ,CAMPINAS,CAMPINAS,ESTADUAL
2445,2023-06-14,18:03:26,L01-AUTOBAN,SP330,44.0,SUL,-23.30253176,-46.85674846,COLISÃO,COLISÃO-TRASEIRA,NÃO INFORMADO,AUTOMÓVEL=1|VAN/PERUA=1,CAJAMAR,REG. METROPOLITANA SÃO PAULO,SÃO PAULO,ESTADUAL
2447,2023-06-14,18:28:53,L01-AUTOBAN,SP330,36.2,NORTE,-23.35839489,-46.84801607,COLISÃO,COLISÃO-TRASEIRA,NÃO INFORMADO,AUTOMÓVEL=1|NÃO INFORMADO=1,CAJAMAR,REG. METROPOLITANA SÃO PAULO,SÃO PAULO,ESTADUAL
2454,2023-06-14,22:58:16,L01-AUTOBAN,SP330,92.0,NORTE,-22.93511642,-47.07138956,CHOQUE,CHOQUE-BARREIRA DE CONCRETO,NÃO INFORMADO,AUTOMÓVEL=1,CAMPINAS,CAMPINAS,CAMPINAS,ESTADUAL
2455,2023-06-14,23:10:50,L01-AUTOBAN,SP330,151.0,NORTE,-22.522222,-47.391803,ATROPELAMENTO DE ANIMAL,ATROP. ANIMAL,NÃO INFORMADO,AUTOMÓVEL=1,LIMEIRA,CAMPINAS,RIO CLARO,ESTADUAL
2456,2023-06-14,23:31:21,L01-AUTOBAN,SPM330D,86.6,NORTE,-22.97802414,-47.04643557,CHOQUE,CHOQUE-TALUDE OU BARRANCO,NÃO INFORMADO,AUTOMÓVEL=1,CAMPINAS,CAMPINAS,CAMPINAS,ESTADUAL
2457,2023-06-14,23:53:52,L01-AUTOBAN,SPM330E,92.0,SUL,-22.9351263,-47.07110524,CHOQUE,CHOQUE-BARREIRA DE CONCRETO,NÃO INFORMADO,AUTOMÓVEL=1,CAMPINAS,CAMPINAS,CAMPINAS,ESTADUAL
2459,2023-06-15,06:42:02,L01-AUTOBAN,SP330,58.0,NORTE,-23.19690287,-46.90370858,COLISÃO,COLISÃO-LATERAL,NÃO INFORMADO,AUTOMÓVEL=1|MOTO=1,JUNDIAÍ,CAMPINAS,CAMPINAS,ESTADUAL
2462,2023-06-15,08:35:36,L01-AUTOBAN,SPI102/330,4.1,SUL,-22.89965541,-47.13708705,CHOQUE,CHOQUE-TALUDE OU BARRANCO,NÃO INFORMADO,AUTOMÓVEL=1,CAMPINAS,CAMPINAS,CAMPINAS,ESTADUAL
2463,2023-06-15,08:49:23,L01-AUTOBAN,SP330,53.0,NORTE,-23.230639,-46.87295,COLISÃO,COLISÃO-LATERAL,NÃO INFORMADO,AUTOMÓVEL=1|MOTO=1,JUNDIAÍ,CAMPINAS,CAMPINAS,ESTADUAL
2464,2023-06-15,08:58:36,L01-AUTOBAN,SP330,92.16,NORTE,-22.93425242,-47.07260151,CHOQUE,CHOQUE-BARREIRA DE CONCRETO,NÃO INFORMADO,AUTOMÓVEL=1,CAMPINAS,CAMPINAS,CAMPINAS,ESTADUAL
2466,2023-06-15,09:30:46,L01-AUTOBAN,SP330,42.0,SUL,-23.31732623,-46.85318112,ENGAVETAMENTO,ENGAVETAMENTO,NÃO INFORMADO,AUTOMÓVEL=1|UTILITÁRIO=2,CAJAMAR,REG. METROPOLITANA SÃO PAULO,SÃO PAULO,ESTADUAL
2468,2023-06-15,10:54:19,L01-AUTOBAN,SP330,19.8,NORTE,-23.46989818,-46.77762329,CHOQUE,CHOQUE-BARREIRA DE CONCRETO,NÃO INFORMADO,AUTOMÓVEL=1,OSASCO,REG. METROPOLITANA SÃO PAULO,SÃO PAULO,ESTADUAL
2469,2023-06-15,11:10:52,L01-AUTOBAN,SP330,104.0,SUL,-22.85707606,-47.14874983,COLISÃO,COLISÃO-LATERAL,NÃO INFORMADO,AUTOMÓVEL=1|NÃO INFORMADO=1,CAMPINAS,CAMPINAS,CAMPINAS,ESTADUAL
2474,2023-06-15,13:51:49,L01-AUTOBAN,SP330,19.9,NORTE,-23.46942137,-46.77824825,CHOQUE,CHOQUE-BARREIRA DE CONCRETO,NÃO INFORMADO,AUTOMÓVEL=1,OSASCO,REG. METROPOLITANA SÃO PAULO,SÃO PAULO,ESTADUAL
2476,2023-06-15,16:32:29,L01-AUTOBAN,SPM330D,95.2,NORTE,-22.91804743,-47.09550259,TOMBAMENTO,TOMBAMENTO-MOTO,NÃO INFORMADO,MOTO=1,CAMPINAS,CAMPINAS,CAMPINAS,ESTADUAL
2477,2023-06-15,17:29:38,L01-AUTOBAN,SP330,106.8,NORTE,-22.84086335,-47.16947484,ENGAVETAMENTO,ENGAVETAMENTO,NÃO INFORMADO,AUTOMÓVEL=2|NÃO INFORMADO=3|UTILITÁRIO=2,SUMARÉ,CAMPINAS,CAMPINAS,ESTADUAL
2479,2023-06-15,18:42:26,L01-AUTOBAN,SP330,105.0,NORTE,-22.8517126,-47.15673745,ENGAVETAMENTO,ENGAVETAMENTO,NÃO INFORMADO,AUTOMÓVEL=1|NÃO INFORMADO=3,CAMPINAS,CAMPINAS,CAMPINAS,ESTADUAL
2480,2023-06-15,19:24:43,L01-AUTOBAN,SP330,26.6,SUL,-23.42062152,-46.79490262,TOMBAMENTO,TOMBAMENTO-MOTO,NÃO INFORMADO,MOTO=1,SÃO PAULO,REG. METROPOLITANA SÃO PAULO,SÃO PAULO,ESTADUAL
2481,2023-06-15,19:57:55,L01-AUTOBAN,SP330,102.0,NORTE,-22.86736245,-47.1321255,COLISÃO,COLISÃO-TRASEIRA,NÃO INFORMADO,AUTOMÓVEL=1|VIATURA CONCESSIONÁRIA=1,CAMPINAS,CAMPINAS,CAMPINAS,ESTADUAL
2486,2023-06-15,23:15:52,L01-AUTOBAN,SPM330D,86.8,NORTE,-22.97645715,-47.04738444,CHOQUE,CHOQUE-DEFENSA METÁLICA,NÃO INFORMADO,AUTOMÓVEL=1,CAMPINAS,CAMPINAS,CAMPINAS,ESTADUAL
2487,2023-06-15,23:32:10,L01-AUTOBAN,SP330,19.9,NORTE,-23.46942137,-46.77824825,CHOQUE,CHOQUE-BARREIRA DE CONCRETO,NÃO INFORMADO,UTILITÁRIO=1,OSASCO,REG. METROPOLITANA SÃO PAULO,SÃO PAULO,ESTADUAL
2489,2023-06-16,00:45:56,L01-AUTOBAN,SP330,92.0,NORTE,-22.93511642,-47.07138956,CHOQUE,CHOQUE-TALUDE OU BARRANCO,NÃO INFORMADO,AUTOMÓVEL=1,CAMPINAS,CAMPINAS,CAMPINAS,ESTADUAL
2490,2023-06-16,05:05:35,L01-AUTOBAN,SP330,99.5,SUL,-22.88425093,-47.11568624,CHOQUE,CHOQUE-BARREIRA DE CONCRETO,NÃO INFORMADO,AUTOMÓVEL=1,CAMPINAS,CAMPINAS,CAMPINAS,ESTADUAL
2493,2023-06-16,07:49:01,L01-AUTOBAN,SP330,41.0,SUL,-23.32351843,-46.84717298,CHOQUE,CHOQUE-BARREIRA DE CONCRETO,NÃO INFORMADO,AUTOMÓVEL=1,CAJAMAR,REG. METROPOLITANA SÃO PAULO,SÃO PAULO,ESTADUAL
2496,2023-06-16,19:09:03,L01-AUTOBAN,SP330,24.5,NORTE,-23.4303334,-46.78691442,ENGAVETAMENTO,ENGAVETAMENTO,NÃO INFORMADO,AUTOMÓVEL=3,SÃO PAULO,REG. METROPOLITANA SÃO PAULO,SÃO PAULO,ESTADUAL
2497,2023-06-16,19:14:25,L01-AUTOBAN,SP330,123.85,SUL,-22.73417751,-47.28589654,TOMBAMENTO,TOMBAMENTO-MOTO,NÃO INFORMADO,MOTO=1,AMERICANA,CAMPINAS,RIO CLARO,ESTADUAL
2498,2023-06-16,20:21:17,L01-AUTOBAN,SP330,121.2,NORTE,-22.74880126,-47.26281029,COLISÃO,COLISÃO-TRASEIRA,NÃO INFORMADO,AUTOMÓVEL=1|UTILITÁRIO=1,AMERICANA,CAMPINAS,RIO CLARO,ESTADUAL
2499,2023-06-16,21:43:42,L01-AUTOBAN,SP330,62.34,SUL,-23.16611637,-46.92841848,CHOQUE,CHOQUE-BARREIRA DE CONCRETO,NÃO INFORMADO,AUTOMÓVEL=2,JUNDIAÍ,CAMPINAS,CAMPINAS,ESTADUAL
2500,2023-06-17,00:49:20,L01-AUTOBAN,SP330,109.6,NORTE,-22.82455292,-47.18903874,COLISÃO,COLISÃO-TRASEIRA,NÃO INFORMADO,AUTOMÓVEL=1|NÃO INFORMADO=1,SUMARÉ,CAMPINAS,CAMPINAS,ESTADUAL
2502,2023-06-17,05:52:04,L01-AUTOBAN,SPM330D,104.2,NORTE,-22.85578654,-47.15025386,CHOQUE,CHOQUE-DEFENSA METÁLICA,NÃO INFORMADO,AUTOMÓVEL=1,CAMPINAS,CAMPINAS,CAMPINAS,ESTADUAL
2503,2023-06-17,09:08:42,L01-AUTOBAN,SP330,88.0,SUL,-22.96619255,-47.05355823,CHOQUE,CHOQUE-DEFENSA METÁLICA,NÃO INFORMADO,AUTOMÓVEL=1,CAMPINAS,CAMPINAS,CAMPINAS,ESTADUAL
2505,2023-06-17,14:34:51,L01-AUTOBAN,SP330,102.8,NORTE,-22.86323016,-47.13782038,ENGAVETAMENTO,ENGAVETAMENTO,NÃO INFORMADO,AUTOMÓVEL=2|CARRETA=1,CAMPINAS,CAMPINAS,CAMPINAS,ESTADUAL
2506,2023-06-17,14:59:34,L01-AUTOBAN,SP330,29.2,NORTE,-23.40841946,-46.822222,TOMBAMENTO,TOMBAMENTO-MOTO,NÃO INFORMADO,MOTO=1,SÃO PAULO,REG. METROPOLITANA SÃO PAULO,SÃO PAULO,ESTADUAL
2507,2023-06-17,15:05:27,L01-AUTOBAN,SP330,157.2,NORTE,-22.46774289,-47.39888299,COLISÃO,COLISÃO-TRASEIRA,NÃO INFORMADO,AUTOMÓVEL=1|CARRETA=1,CORDEIRÓPOLIS,CAMPINAS,RIO CLARO,ESTADUAL
2508,2023-06-17,15:40:36,L01-AUTOBAN,SPI102/330,0.8,NORTE,-22.864917,-47.134613,TOMBAMENTO,TOMBAMENTO-MOTO,NÃO INFORMADO,MOTO=1,CAMPINAS,CAMPINAS,CAMPINAS,ESTADUAL
2509,2023-06-17,15:57:29,L01-AUTOBAN,SP330,101.7,SUL,-22.87007535,-47.13016303,COLISÃO,COLISÃO-LATERAL,NÃO INFORMADO,AUTOMÓVEL=3,CAMPINAS,CAMPINAS,CAMPINAS,ESTADUAL
2510,2023-06-17,17:59:54,L01-AUTOBAN,SPI102/330,4.7,SUL,-22.90484696,-47.13724476,TOMBAMENTO,TOMBAMENTO-MOTO,NÃO INFORMADO,MOTO=1,CAMPINAS,CAMPINAS,CAMPINAS,ESTADUAL
2512,2023-06-17,18:06:51,L01-AUTOBAN,SP330,103.0,NORTE,-22.86219711,-47.13924408,COLISÃO,COLISÃO-TRASEIRA,NÃO INFORMADO,AUTOMÓVEL=2,CAMPINAS,CAMPINAS,CAMPINAS,ESTADUAL
2514,2023-06-17,21:01:02,L01-AUTOBAN,SPM330D,119.8,NORTE,-22.76316453,-47.24783698,ENGAVETAMENTO,ENGAVETAMENTO,NÃO INFORMADO,AUTOMÓVEL=2|UTILITÁRIO=1,NOVA ODESSA,CAMPINAS,RIO CLARO,ESTADUAL
2516,2023-06-18,01:19:53,L01-AUTOBAN,SP330,64.8,SUL,-23.14643208,-46.93871785,CHOQUE,CHOQUE-SINALIZAÇÃO,NÃO INFORMADO,AUTOMÓVEL=1,JUNDIAÍ,CAMPINAS,CAMPINAS,ESTADUAL
2517,2023-06-18,01:33:33,L01-AUTOBAN,SP330,97.0,NORTE,-22.90407763,-47.10779786,CHOQUE,CHOQUE-BARREIRA DE CONCRETO,NÃO INFORMADO,AUTOMÓVEL=1,CAMPINAS,CAMPINAS,CAMPINAS,ESTADUAL
2518,2023-06-18,06:15:31,L01-AUTOBAN,SP330,149.9,NORTE,-22.53047095,-47.38619497,COLISÃO,COLISÃO-LATERAL,NÃO INFORMADO,AUTOMÓVEL=1|CARRETA=1,LIMEIRA,CAMPINAS,RIO CLARO,ESTADUAL
2519,2023-06-18,10:29:38,L01-AUTOBAN,SPM330E,99.0,SUL,-22.88797241,-47.11348951,COLISÃO,COLISÃO-TRASEIRA,NÃO INFORMADO,AUTOMÓVEL=2,CAMPINAS,CAMPINAS,CAMPINAS,ESTADUAL
2523,2023-06-18,17:44:47,L01-AUTOBAN,SP330,26.0,NORTE,-23.42050663,-46.79456413,COLISÃO,COLISÃO-LATERAL,NÃO INFORMADO,MOTO=1|UTILITÁRIO=1,SÃO PAULO,REG. METROPOLITANA SÃO PAULO,SÃO PAULO,ESTADUAL
2525,2023-06-18,22:41:12,L01-AUTOBAN,SP330,37.0,SUL,-23.351265,-46.846862,COLISÃO,COLISÃO-TRASEIRA,NÃO INFORMADO,AUTOMÓVEL=1|MOTO=1,CAJAMAR,REG. METROPOLITANA SÃO PAULO,SÃO PAULO,ESTADUAL
2526,2023-06-18,23:24:07,L01-AUTOBAN,SPM330E,13.0,SUL,-23.50815142,-46.74004555,TOMBAMENTO,TOMBAMENTO-MOTO,NÃO INFORMADO,MOTO=1,SÃO PAULO,REG. METROPOLITANA SÃO PAULO,SÃO PAULO,ESTADUAL
2527,2023-06-19,00:25:58,L01-AUTOBAN,SP330,92.0,SUL,-22.9351263,-47.07110524,CHOQUE,CHOQUE-BARREIRA DE CONCRETO,NÃO INFORMADO,AUTOMÓVEL=1,CAMPINAS,CAMPINAS,CAMPINAS,ESTADUAL
2528,2023-06-19,01:29:40,L01-AUTOBAN,SPM330E,93.86,SUL,-22.92558609,-47.08604108,CHOQUE,CHOQUE-VEÍCULO PARADO NA PISTA,NÃO INFORMADO,MOTO=1|ÔNIBUS=1,CAMPINAS,CAMPINAS,CAMPINAS,ESTADUAL
2530,2023-06-19,05:20:01,L01-AUTOBAN,SP330,38.4,SUL,-23.34175535,-46.83920681,CHOQUE,CHOQUE-BARREIRA DE CONCRETO,NÃO INFORMADO,AUTOMÓVEL=1,CAJAMAR,REG. METROPOLITANA SÃO PAULO,SÃO PAULO,ESTADUAL
2531,2023-06-19,06:29:56,L01-AUTOBAN,SP330,38.8,NORTE,-23.3386957,-46.83733249,ATROPELAMENTO DE PEDESTRE,ATROP. PEDESTRE-MORADOR/TRABALHADOR/ESTUDANTE,NÃO INFORMADO,NÃO INFORMADO=1|NÃO SE APLICA=1,CAJAMAR,REG. METROPOLITANA SÃO PAULO,SÃO PAULO,ESTADUAL
2532,2023-06-19,08:01:55,L01-AUTOBAN,SP330,108.0,SUL,-22.83292646,-47.17737973,COLISÃO,COLISÃO-TRASEIRA,NÃO INFORMADO,MOTO=1|NÃO INFORMADO=1,SUMARÉ,CAMPINAS,CAMPINAS,ESTADUAL
2533,2023-06-19,08:17:36,L01-AUTOBAN,SP330,31.2,SUL,-23.39980957,-46.83668808,TOMBAMENTO,TOMBAMENTO-MOTO,NÃO INFORMADO,MOTO=1,CAJAMAR,REG. METROPOLITANA SÃO PAULO,SÃO PAULO,ESTADUAL
2535,2023-06-19,11:21:32,L01-AUTOBAN,SP330,119.0,SUL,-22.76349411,-47.24790037,CHOQUE,CHOQUE-ELEMENTO DE DRENAGEM,NÃO INFORMADO,CARRETA=1,NOVA ODESSA,CAMPINAS,RIO CLARO,ESTADUAL
2536,2023-06-19,14:20:32,L01-AUTOBAN,SP330,68.7,SUL,-23.11642376,-46.95672082,TOMBAMENTO,TOMBAMENTO-MOTO,NÃO INFORMADO,MOTO=1,JUNDIAÍ,CAMPINAS,CAMPINAS,ESTADUAL
2537,2023-06-19,17:26:14,L01-AUTOBAN,SP330,29.3,NORTE,-23.40800496,-46.82305025,COLISÃO,COLISÃO-LATERAL,NÃO INFORMADO,AUTOMÓVEL=1|NÃO INFORMADO=1,SÃO PAULO,REG. METROPOLITANA SÃO PAULO,SÃO PAULO,ESTADUAL
2539,2023-06-19,23:48:53,L01-AUTOBAN,SP330,72.34,NORTE,-23.0877195,-46.9744849,CHOQUE,CHOQUE-BARREIRA DE CONCRETO,NÃO INFORMADO,AUTOMÓVEL=1,LOUVEIRA,CAMPINAS,CAMPINAS,ESTADUAL
2541,2023-06-20,08:26:40,L01-AUTOBAN,SPM330E,96.5,SUL,-22.91179599,-47.10138738,TOMBAMENTO,TOMBAMENTO-MOTO,NÃO INFORMADO,MOTO=1,CAMPINAS,CAMPINAS,CAMPINAS,ESTADUAL
2542,2023-06-20,09:31:03,L01-AUTOBAN,SP330,152.0,NORTE,-22.51368188,-47.39537895,COLISÃO,COLISÃO-TRASEIRA,NÃO INFORMADO,BITREM/CVC=1|CAMINHÃO=1,LIMEIRA,CAMPINAS,RIO CLARO,ESTADUAL
2544,2023-06-20,19:11:53,L01-AUTOBAN,SPM330E,111.1,SUL,-22.81769097,-47.20250075,COLISÃO,COLISÃO-TRASEIRA,NÃO INFORMADO,AUTOMÓVEL=2,SUMARÉ,CAMPINAS,CAMPINAS,ESTADUAL
2545,2023-06-20,19:28:25,L01-AUTOBAN,SP330,153.1,NORTE,-22.50462666,-47.39896453,COLISÃO,COLISÃO-LATERAL,NÃO INFORMADO,AUTOMÓVEL=1|CARRETA=1,CORDEIRÓPOLIS,CAMPINAS,RIO CLARO,ESTADUAL
2546,2023-06-20,22:01:45,L01-AUTOBAN,SP330,30.0,SUL,-23.40530029,-46.82896614,COLISÃO,COLISÃO-LATERAL,NÃO INFORMADO,AUTOMÓVEL=1|MOTO=1,CAJAMAR,REG. METROPOLITANA SÃO PAULO,SÃO PAULO,ESTADUAL
2547,2023-06-20,22:22:48,L01-AUTOBAN,SP330,157.75,NORTE,-22.4627315,-47.39881217,TOMBAMENTO,TOMBAMENTO,NÃO INFORMADO,CARRETA=1,CORDEIRÓPOLIS,CAMPINAS,RIO CLARO,ESTADUAL
2550,2023-06-21,06:25:13,L01-AUTOBAN,SP330,59.65,SUL,-23.18391214,-46.90991039,COLISÃO,COLISÃO-TRASEIRA,NÃO INFORMADO,AUTOMÓVEL=1|MOTO=1,JUNDIAÍ,CAMPINAS,CAMPINAS,ESTADUAL
2551,2023-06-21,06:32:44,L01-AUTOBAN,SP330,37.8,NORTE,-23.34619999,-46.84206391,TOMBAMENTO,TOMBAMENTO-MOTO,NÃO INFORMADO,MOTO=1,CAJAMAR,REG. METROPOLITANA SÃO PAULO,SÃO PAULO,ESTADUAL
2552,2023-06-21,07:20:47,L01-AUTOBAN,SP330,31.1,SUL,-23.40067677,-46.83682897,COLISÃO,COLISÃO-LATERAL,NÃO INFORMADO,AUTOMÓVEL=1|CARRETA=1,CAJAMAR,REG. METROPOLITANA SÃO PAULO,SÃO PAULO,ESTADUAL
2553,2023-06-21,08:59:01,L01-AUTOBAN,SPM330E,98.0,SUL,-22.89624517,-47.11095214,COLISÃO,COLISÃO-TRASEIRA,NÃO INFORMADO,AUTOMÓVEL=2,CAMPINAS,CAMPINAS,CAMPINAS,ESTADUAL
2557,2023-06-21,13:45:53,L01-AUTOBAN,SPM330D,55.0,NORTE,-23.2162004,-46.88377976,COLISÃO,COLISÃO-LATERAL,NÃO INFORMADO,AUTOMÓVEL=1|ÔNIBUS=1,JUNDIAÍ,CAMPINAS,CAMPINAS,ESTADUAL
2559,2023-06-21,16:29:41,L01-AUTOBAN,SP330,81.0,SUL,-23.02168304,-47.01794386,CHOQUE,CHOQUE-BARREIRA DE CONCRETO,NÃO INFORMADO,CAMINHÃO=1,VALINHOS,CAMPINAS,CAMPINAS,ESTADUAL
2561,2023-06-21,16:41:14,L01-AUTOBAN,SP330,156.0,SUL,-22.47850266,-47.39994943,CHOQUE,CHOQUE-OBJETO NA PISTA,NÃO INFORMADO,AUTOMÓVEL=1|CAMINHÃO=1|UTILITÁRIO=1,CORDEIRÓPOLIS,CAMPINAS,RIO CLARO,ESTADUAL
2562,2023-06-21,17:41:16,L01-AUTOBAN,SP330,21.2,NORTE,-23.45917372,-46.78242231,ENGAVETAMENTO,ENGAVETAMENTO,NÃO INFORMADO,AUTOMÓVEL=5|CAMINHÃO=2|UTILITÁRIO=1|ÔNIBUS=1,SÃO PAULO,REG. METROPOLITANA SÃO PAULO,SÃO PAULO,ESTADUAL
2564,2023-06-21,20:26:51,L01-AUTOBAN,SP330,98.0,SUL,-22.89624517,-47.11095214,CHOQUE,CHOQUE-VEÍCULO PARADO NA PISTA,NÃO INFORMADO,AUTOMÓVEL=1|CAMINHÃO=1,CAMPINAS,CAMPINAS,CAMPINAS,ESTADUAL
2565,2023-06-21,22:08:47,L01-AUTOBAN,SPM330D,96.6,NORTE,-22.90702663,-47.1052401,COLISÃO,COLISÃO-TRASEIRA,NÃO INFORMADO,CAMINHÃO=2,CAMPINAS,CAMPINAS,CAMPINAS,ESTADUAL
2566,2023-06-21,23:43:56,L01-AUTOBAN,SP330,110.2,NORTE,-22.82167924,-47.19433126,COLISÃO,COLISÃO-LATERAL,NÃO INFORMADO,AUTOMÓVEL=1|NÃO INFORMADO=1,SUMARÉ,CAMPINAS,CAMPINAS,ESTADUAL
2567,2023-06-21,23:44:19,L01-AUTOBAN,SP330,122.5,SUL,-22.74117081,-47.27250695,CHOQUE,CHOQUE-ÁRVORE,NÃO INFORMADO,AUTOMÓVEL=1,AMERICANA,CAMPINAS,RIO CLARO,ESTADUAL
2569,2023-06-22,04:38:01,L01-AUTOBAN,SP330,57.8,NORTE,-23.19870845,-46.9027816,COLISÃO,COLISÃO-LATERAL,NÃO INFORMADO,CAMINHÃO=2,JUNDIAÍ,CAMPINAS,CAMPINAS,ESTADUAL
2570,2023-06-22,04:58:00,L01-AUTOBAN,SP330,48.8,NORTE,-23.26727751,-46.86792576,COLISÃO,COLISÃO-TRASEIRA,NÃO INFORMADO,CAMINHÃO=1|ÔNIBUS=1,JUNDIAÍ,CAMPINAS,CAMPINAS,ESTADUAL
2571,2023-06-22,07:08:01,L01-AUTOBAN,SP330,25.5,SUL,-23.42374267,-46.79099419,COLISÃO,COLISÃO-TRASEIRA,NÃO INFORMADO,AUTOMÓVEL=1|NÃO INFORMADO=1,SÃO PAULO,REG. METROPOLITANA SÃO PAULO,SÃO PAULO,ESTADUAL
2572,2023-06-22,10:31:34,L01-AUTOBAN,SP330,41.42,SUL,-23.32091772,-46.84969639,CHOQUE,CHOQUE-BARREIRA DE CONCRETO,NÃO INFORMADO,AUTOMÓVEL=1,CAJAMAR,REG. METROPOLITANA SÃO PAULO,SÃO PAULO,ESTADUAL
2573,2023-06-22,11:04:16,L01-AUTOBAN,SP330,62.0,NORTE,-23.16861715,-46.92652881,CHOQUE,CHOQUE-BARREIRA DE CONCRETO,NÃO INFORMADO,AUTOMÓVEL=1,JUNDIAÍ,CAMPINAS,CAMPINAS,ESTADUAL
2576,2023-06-22,14:06:06,L01-AUTOBAN,SP330,103.0,NORTE,-22.86219711,-47.13924408,COLISÃO,COLISÃO-LATERAL,NÃO INFORMADO,AUTOMÓVEL=1|CARRETA=1,CAMPINAS,CAMPINAS,CAMPINAS,ESTADUAL
2577,2023-06-22,14:52:27,L01-AUTOBAN,SP330,102.36,SUL,-22.8662562,-47.13495736,TOMBAMENTO,TOMBAMENTO-MOTO,NÃO INFORMADO,MOTO=1,CAMPINAS,CAMPINAS,CAMPINAS,ESTADUAL
2578,2023-06-22,15:05:12,L01-AUTOBAN,SP330,153.0,NORTE,-22.50549005,-47.39893019,CHOQUE,CHOQUE-BARREIRA DE CONCRETO,NÃO INFORMADO,CARRETA=1,CORDEIRÓPOLIS,CAMPINAS,RIO CLARO,ESTADUAL
2582,2023-06-22,22:58:02,L01-AUTOBAN,SP330,23.2,NORTE,-23.44239492,-46.78676319,CHOQUE,CHOQUE-BARREIRA DE CONCRETO,NÃO INFORMADO,AUTOMÓVEL=1,SÃO PAULO,REG. METROPOLITANA SÃO PAULO,SÃO PAULO,ESTADUAL
2583,2023-06-23,00:44:14,L01-AUTOBAN,SP330,61.2,SUL,-23.17400647,-46.92028463,COLISÃO,COLISÃO-LATERAL,NÃO INFORMADO,AUTOMÓVEL=1|MOTO=1,JUNDIAÍ,CAMPINAS,CAMPINAS,ESTADUAL
2585,2023-06-23,09:09:33,L01-AUTOBAN,SP330,15.1,SUL,-23.49935167,-46.75510991,CHOQUE,CHOQUE-TALUDE OU BARRANCO,NÃO INFORMADO,VAN/PERUA=1,SÃO PAULO,REG. METROPOLITANA SÃO PAULO,SÃO PAULO,ESTADUAL
2586,2023-06-23,09:32:43,L01-AUTOBAN,SP330,58.7,NORTE,-23.19132159,-46.90571004,COLISÃO,COLISÃO-TRASEIRA,NÃO INFORMADO,AUTOMÓVEL=2,JUNDIAÍ,CAMPINAS,CAMPINAS,ESTADUAL
2587,2023-06-23,10:09:44,L01-AUTOBAN,SP330,61.5,SUL,-23.17205945,-46.92265838,COLISÃO,COLISÃO-TRASEIRA,NÃO INFORMADO,AUTOMÓVEL=1|VAN/PERUA=1,JUNDIAÍ,CAMPINAS,CAMPINAS,ESTADUAL
2588,2023-06-23,10:10:23,L01-AUTOBAN,SPM330E,104.1,SUL,-22.8565773,-47.14955341,COLISÃO,COLISÃO-TRASEIRA,NÃO INFORMADO,AUTOMÓVEL=1|MOTO=1,CAMPINAS,CAMPINAS,CAMPINAS,ESTADUAL
2589,2023-06-23,10:45:10,L01-AUTOBAN,SP330,144.7,NORTE,-22.57196309,-47.36617291,TOMBAMENTO,TOMBAMENTO,NÃO INFORMADO,UTILITÁRIO=1,LIMEIRA,CAMPINAS,RIO CLARO,ESTADUAL
2590,2023-06-23,13:51:06,L01-AUTOBAN,SP330,106.5,SUL,-22.84332338,-47.16756821,ENGAVETAMENTO,ENGAVETAMENTO,NÃO INFORMADO,AUTOMÓVEL=3,SUMARÉ,CAMPINAS,CAMPINAS,ESTADUAL
2591,2023-06-23,15:09:13,L01-AUTOBAN,SPM330D,104.0,NORTE,-22.856805,-47.148633,CHOQUE,CHOQUE-BARREIRA DE CONCRETO,NÃO INFORMADO,UTILITÁRIO=1,CAMPINAS,CAMPINAS,CAMPINAS,ESTADUAL
2592,2023-06-23,15:29:26,L01-AUTOBAN,SP330,98.0,SUL,-22.89624517,-47.11095214,TOMBAMENTO,TOMBAMENTO-MOTO,NÃO INFORMADO,MOTO=1,CAMPINAS,CAMPINAS,CAMPINAS,ESTADUAL
2593,2023-06-23,15:54:09,L01-AUTOBAN,SPM330D,14.5,NORTE,-23.50345224,-46.75210256,COLISÃO,COLISÃO-TRASEIRA,NÃO INFORMADO,MOTO=1|NÃO INFORMADO=1,SÃO PAULO,REG. METROPOLITANA SÃO PAULO,SÃO PAULO,ESTADUAL
2594,2023-06-23,16:38:12,L01-AUTOBAN,SP330,15.5,SUL,-23.49709259,-46.75676644,CHOQUE,CHOQUE-BARREIRA DE CONCRETO,NÃO INFORMADO,VAN/PERUA=1,SÃO PAULO,REG. METROPOLITANA SÃO PAULO,SÃO PAULO,ESTADUAL
2601,2023-06-23,20:20:40,L01-AUTOBAN,SP330,24.5,SUL,-23.43070264,-46.78701647,CHOQUE,CHOQUE-BARREIRA DE CONCRETO,NÃO INFORMADO,AUTOMÓVEL=1,SÃO PAULO,REG. METROPOLITANA SÃO PAULO,SÃO PAULO,ESTADUAL
2602,2023-06-23,20:43:26,L01-AUTOBAN,SP330,19.4,SUL,-23.47178964,-46.77520072,CHOQUE,CHOQUE-BARREIRA DE CONCRETO,NÃO INFORMADO,CAMINHÃO=1,OSASCO,REG. METROPOLITANA SÃO PAULO,SÃO PAULO,ESTADUAL
2604,2023-06-24,01:26:49,L01-AUTOBAN,SPM330E,15.0,SUL,-23.49991644,-46.75469577,CHOQUE,CHOQUE-DEFENSA METÁLICA,NÃO INFORMADO,CAMINHÃO=1,SÃO PAULO,REG. METROPOLITANA SÃO PAULO,SÃO PAULO,ESTADUAL
2605,2023-06-24,03:57:51,L01-AUTOBAN,SP330,154.0,SUL,-22.49665839,-47.39961147,ATROPELAMENTO DE ANIMAL,ATROP. ANIMAL,NÃO INFORMADO,AUTOMÓVEL=1,CORDEIRÓPOLIS,CAMPINAS,RIO CLARO,ESTADUAL
2606,2023-06-24,04:46:39,L01-AUTOBAN,SPI102/330,5.0,SUL,-22.90744273,-47.13732362,COLISÃO,COLISÃO-LATERAL,NÃO INFORMADO,AUTOMÓVEL=1|CAMINHÃO=1,CAMPINAS,CAMPINAS,CAMPINAS,ESTADUAL
2608,2023-06-24,08:56:31,L01-AUTOBAN,SP330,49.0,NORTE,-23.2655655,-46.86749339,TOMBAMENTO,TOMBAMENTO-MOTO,NÃO INFORMADO,MOTO=1,JUNDIAÍ,CAMPINAS,CAMPINAS,ESTADUAL
2610,2023-06-24,12:57:19,L01-AUTOBAN,SP330,68.1,SUL,-23.12175207,-46.95477032,COLISÃO,COLISÃO-TRASEIRA,NÃO INFORMADO,CAMINHÃO=1|CARRETA=1,JUNDIAÍ,CAMPINAS,CAMPINAS,ESTADUAL
2611,2023-06-24,14:43:16,L01-AUTOBAN,SP330,21.0,NORTE,-23.46071206,-46.78140521,COLISÃO,COLISÃO-LATERAL,NÃO INFORMADO,AUTOMÓVEL=1|ÔNIBUS=1,SÃO PAULO,REG. METROPOLITANA SÃO PAULO,SÃO PAULO,ESTADUAL
2612,2023-06-24,17:22:45,L01-AUTOBAN,SP330,115.0,NORTE,-22.79222084,-47.22608328,CAPOTAMENTO,CAPOTAMENTO,NÃO INFORMADO,AUTOMÓVEL=1,SUMARÉ,CAMPINAS,CAMPINAS,ESTADUAL
2613,2023-06-24,18:27:24,L01-AUTOBAN,SP330,98.56,NORTE,-22.89131375,-47.11215119,CHOQUE,CHOQUE-BARREIRA DE CONCRETO,NÃO INFORMADO,UTILITÁRIO=1,CAMPINAS,CAMPINAS,CAMPINAS,ESTADUAL
2614,2023-06-24,19:28:06,L01-AUTOBAN,SP330,100.1,SUL,-22.87988547,-47.11858248,COLISÃO,COLISÃO-TRASEIRA,NÃO INFORMADO,AUTOMÓVEL=2,CAMPINAS,CAMPINAS,CAMPINAS,ESTADUAL
2617,2023-06-25,02:19:16,L01-AUTOBAN,SP330,98.0,NORTE,-22.89587453,-47.11074829,CHOQUE,CHOQUE-BARREIRA DE CONCRETO,NÃO INFORMADO,AUTOMÓVEL=1|NÃO INFORMADO=1,CAMPINAS,CAMPINAS,CAMPINAS,ESTADUAL
2618,2023-06-25,02:47:14,L01-AUTOBAN,SP330,115.274,NORTE,-22.78974366,-47.22733119,CHOQUE,CHOQUE-BARREIRA DE CONCRETO,NÃO INFORMADO,UTILITÁRIO=1,SUMARÉ,CAMPINAS,CAMPINAS,ESTADUAL
2619,2023-06-25,03:58:50,L01-AUTOBAN,SPM330D,102.0,NORTE,-22.86736245,-47.1321255,CHOQUE,CHOQUE-VEÍCULO PARADO NA PISTA,NÃO INFORMADO,AUTOMÓVEL=2,CAMPINAS,CAMPINAS,CAMPINAS,ESTADUAL
2622,2023-06-25,10:13:46,L01-AUTOBAN,SP330,41.0,NORTE,-23.32336079,-46.84696376,TOMBAMENTO,TOMBAMENTO-MOTO,NÃO INFORMADO,MOTO=1,CAJAMAR,REG. METROPOLITANA SÃO PAULO,SÃO PAULO,ESTADUAL
2624,2023-06-25,10:28:45,L01-AUTOBAN,SP330,90.5,NORTE,-22.94692144,-47.06425432,CHOQUE,CHOQUE-BARREIRA DE CONCRETO,NÃO INFORMADO,AUTOMÓVEL=1,CAMPINAS,CAMPINAS,CAMPINAS,ESTADUAL
2626,2023-06-25,12:18:44,L01-AUTOBAN,SP330,60.1,SUL,-23.18058161,-46.91230022,COLISÃO,COLISÃO-LATERAL,NÃO INFORMADO,MOTO=1|NÃO INFORMADO=1,JUNDIAÍ,CAMPINAS,CAMPINAS,ESTADUAL
2627,2023-06-25,13:46:38,L01-AUTOBAN,SP330,65.0,SUL,-23.14463174,-46.93948388,TOMBAMENTO,TOMBAMENTO-MOTO,NÃO INFORMADO,MOTO=1,JUNDIAÍ,CAMPINAS,CAMPINAS,ESTADUAL
2630,2023-06-25,16:02:19,L01-AUTOBAN,SP330,48.0,NORTE,-23.27412552,-46.86965525,TOMBAMENTO,TOMBAMENTO-MOTO,NÃO INFORMADO,MOTO=1,JUNDIAÍ,CAMPINAS,CAMPINAS,ESTADUAL
2631,2023-06-25,23:07:34,L01-AUTOBAN,SP330,101.4,SUL,-22.87179566,-47.12789811,COLISÃO,COLISÃO-TRASEIRA,NÃO INFORMADO,AUTOMÓVEL=2,CAMPINAS,CAMPINAS,CAMPINAS,ESTADUAL
2632,2023-06-26,06:17:02,L01-AUTOBAN,SP330,26.92,NORTE,-23.41638095,-46.8022434,COLISÃO,COLISÃO-LATERAL,NÃO INFORMADO,AUTOMÓVEL=1|MOTO=1,SÃO PAULO,REG. METROPOLITANA SÃO PAULO,SÃO PAULO,ESTADUAL
2634,2023-06-26,06:43:23,L01-AUTOBAN,SP330,60.2,SUL,-23.17999525,-46.91301156,COLISÃO,COLISÃO-TRASEIRA,NÃO INFORMADO,AUTOMÓVEL=1|UTILITÁRIO=1,JUNDIAÍ,CAMPINAS,CAMPINAS,ESTADUAL
2636,2023-06-26,08:11:40,L01-AUTOBAN,SP330,50.2,NORTE,-23.25506591,-46.86701585,COLISÃO,COLISÃO-TRASEIRA,NÃO INFORMADO,CAMINHÃO=2,JUNDIAÍ,CAMPINAS,CAMPINAS,ESTADUAL
2639,2023-06-26,11:56:45,L01-AUTOBAN,SP330,31.0,NORTE,-23.40142089,-46.83682501,COLISÃO,COLISÃO-LATERAL,NÃO INFORMADO,MOTO=1|NÃO INFORMADO=1,CAJAMAR,REG. METROPOLITANA SÃO PAULO,SÃO PAULO,ESTADUAL
2641,2023-06-26,12:58:47,L01-AUTOBAN,SP330,27.5,SUL,-23.41362483,-46.80726975,COLISÃO,COLISÃO-TRASEIRA,NÃO INFORMADO,MOTO=1|UTILITÁRIO=1,SÃO PAULO,REG. METROPOLITANA SÃO PAULO,SÃO PAULO,ESTADUAL
2645,2023-06-26,15:41:21,L01-AUTOBAN,SP330,53.0,SUL,-23.2309453,-46.87306702,COLISÃO,COLISÃO-LATERAL,NÃO INFORMADO,CAMINHÃO=1|MOTO=1,JUNDIAÍ,CAMPINAS,CAMPINAS,ESTADUAL
2646,2023-06-26,16:27:23,L01-AUTOBAN,SP330,61.0,NORTE,-23.17529462,-46.91833198,COLISÃO,COLISÃO-LATERAL,NÃO INFORMADO,CARRETA=1|ÔNIBUS=1,JUNDIAÍ,CAMPINAS,CAMPINAS,ESTADUAL
2647,2023-06-26,18:54:06,L01-AUTOBAN,SPM330D,96.9,NORTE,-22.90481487,-47.10715843,ENGAVETAMENTO,ENGAVETAMENTO,NÃO INFORMADO,AUTOMÓVEL=3,CAMPINAS,CAMPINAS,CAMPINAS,ESTADUAL
2648,2023-06-26,20:49:01,L01-AUTOBAN,SPI102/330,6.0,NORTE,-22.916105,-47.134975,CHOQUE,CHOQUE-VEÍCULO PARADO NA PISTA,NÃO INFORMADO,AUTOMÓVEL=2|NÃO INFORMADO=1,CAMPINAS,CAMPINAS,CAMPINAS,ESTADUAL
2649,2023-06-26,22:23:33,L01-AUTOBAN,SPI102/330,5.0,NORTE,-22.90690412,-47.13676572,TOMBAMENTO,TOMBAMENTO-MOTO,NÃO INFORMADO,MOTO=1,CAMPINAS,CAMPINAS,CAMPINAS,ESTADUAL
2650,2023-06-27,00:48:51,L01-AUTOBAN,SP330,127.8,SUL,-22.70560975,-47.30246295,COLISÃO,COLISÃO-TRASEIRA,NÃO INFORMADO,BITREM/CVC=1|CARRETA=1,AMERICANA,CAMPINAS,RIO CLARO,ESTADUAL
2651,2023-06-27,06:09:05,L01-AUTOBAN,SP330,132.15,NORTE,-22.66944222,-47.31413573,COLISÃO,COLISÃO-TRASEIRA,NÃO INFORMADO,CAMINHÃO=2,LIMEIRA,CAMPINAS,RIO CLARO,ESTADUAL
2655,2023-06-27,17:31:03,L01-AUTOBAN,SP330,57.8,SUL,-23.1988544,-46.90290928,CHOQUE,CHOQUE-BARREIRA DE CONCRETO,NÃO INFORMADO,AUTOMÓVEL=1,JUNDIAÍ,CAMPINAS,CAMPINAS,ESTADUAL
2656,2023-06-27,17:45:05,L01-AUTOBAN,SP330,148.5,NORTE,-22.541258,-47.3787185,COLISÃO,COLISÃO-TRASEIRA,NÃO INFORMADO,CAMINHÃO=1|CARRETA=1,LIMEIRA,CAMPINAS,RIO CLARO,ESTADUAL
2657,2023-06-27,17:52:44,L01-AUTOBAN,SP330,142.6,SUL,-22.59118715,-47.36689845,CAPOTAMENTO,CAPOTAMENTO,NÃO INFORMADO,AUTOMÓVEL=1,LIMEIRA,CAMPINAS,RIO CLARO,ESTADUAL
2664,2023-06-28,08:12:20,L01-AUTOBAN,SP330,12.4,SUL,-23.50895128,-46.73426163,COLISÃO,COLISÃO-TRASEIRA,NÃO INFORMADO,AUTOMÓVEL=1|MOTO=1,SÃO PAULO,REG. METROPOLITANA SÃO PAULO,SÃO PAULO,ESTADUAL
2665,2023-06-28,08:55:39,L01-AUTOBAN,SP330,11.8,SUL,-23.50987561,-46.72945587,COLISÃO,COLISÃO-TRASEIRA,NÃO INFORMADO,AUTOMÓVEL=1|MOTO=1,SÃO PAULO,REG. METROPOLITANA SÃO PAULO,SÃO PAULO,ESTADUAL
2666,2023-06-28,15:08:29,L01-AUTOBAN,SP330,98.0,NORTE,-22.89587453,-47.11074829,TOMBAMENTO,TOMBAMENTO-MOTO,NÃO INFORMADO,MOTO=1,CAMPINAS,CAMPINAS,CAMPINAS,ESTADUAL
2667,2023-06-28,16:19:31,L01-AUTOBAN,SP330,153.2,NORTE,-22.50376339,-47.39899886,COLISÃO,COLISÃO-TRASEIRA,NÃO INFORMADO,CARRETA=1|MOTO=1,CORDEIRÓPOLIS,CAMPINAS,RIO CLARO,ESTADUAL
2672,2023-06-28,19:55:59,L01-AUTOBAN,SP330,11.5,NORTE,-23.50987561,-46.72945587,TOMBAMENTO,TOMBAMENTO-MOTO,NÃO INFORMADO,MOTO=1,SÃO PAULO,REG. METROPOLITANA SÃO PAULO,SÃO PAULO,ESTADUAL
2675,2023-06-29,04:18:54,L01-AUTOBAN,SP330,119.0,SUL,-22.76349411,-47.24790037,COLISÃO,COLISÃO-TRASEIRA,NÃO INFORMADO,CAMINHÃO=1|UTILITÁRIO=1,NOVA ODESSA,CAMPINAS,RIO CLARO,ESTADUAL
2676,2023-06-29,06:14:32,L01-AUTOBAN,SP330,103.0,NORTE,-22.86219711,-47.13924408,COLISÃO,COLISÃO-LATERAL,NÃO INFORMADO,AUTOMÓVEL=1|BITREM/CVC=1,CAMPINAS,CAMPINAS,CAMPINAS,ESTADUAL
2677,2023-06-29,06:54:16,L01-AUTOBAN,SP330,82.4,SUL,-23.01030624,-47.02519334,ENGAVETAMENTO,ENGAVETAMENTO,NÃO INFORMADO,AUTOMÓVEL=3|UTILITÁRIO=1,VALINHOS,CAMPINAS,CAMPINAS,ESTADUAL
2680,2023-06-29,07:16:22,L01-AUTOBAN,SP330,102.0,NORTE,-22.86736245,-47.1321255,CHOQUE,CHOQUE-VEÍCULO PARADO NA PISTA,NÃO INFORMADO,AUTOMÓVEL=1|VAN/PERUA=1,CAMPINAS,CAMPINAS,CAMPINAS,ESTADUAL
2681,2023-06-29,08:05:42,L01-AUTOBAN,SP330,74.1,SUL,-23.075204,-46.98346647,COLISÃO,COLISÃO-TRASEIRA,NÃO INFORMADO,AUTOMÓVEL=1|MOTO=1,VINHEDO,CAMPINAS,CAMPINAS,ESTADUAL
2682,2023-06-29,11:17:55,L01-AUTOBAN,SP330,43.0,SUL,-23.31035042,-46.85740829,COLISÃO,COLISÃO-TRASEIRA,NÃO INFORMADO,AUTOMÓVEL=1|NÃO INFORMADO=1,CAJAMAR,REG. METROPOLITANA SÃO PAULO,SÃO PAULO,ESTADUAL
2684,2023-06-29,13:40:51,L01-AUTOBAN,SP330,18.0,SUL,-23.4821903,-46.77117527,COLISÃO,COLISÃO-TRASEIRA,NÃO INFORMADO,AUTOMÓVEL=2,OSASCO,REG. METROPOLITANA SÃO PAULO,SÃO PAULO,ESTADUAL
2686,2023-06-29,15:41:42,L01-AUTOBAN,SP330,59.1,SUL,-23.18822448,-46.90727269,CHOQUE,CHOQUE-DEFENSA METÁLICA,NÃO INFORMADO,UTILITÁRIO=1,JUNDIAÍ,CAMPINAS,CAMPINAS,ESTADUAL
2688,2023-06-29,19:02:29,L01-AUTOBAN,SP330,107.0,NORTE,-22.83945246,-47.17082977,COLISÃO,COLISÃO-TRASEIRA,NÃO INFORMADO,AUTOMÓVEL=1|CAMINHÃO=1,SUMARÉ,CAMPINAS,CAMPINAS,ESTADUAL
2691,2023-06-30,02:28:04,L01-AUTOBAN,SP330,98.0,NORTE,-22.89587453,-47.11074829,CHOQUE,CHOQUE-BARREIRA DE CONCRETO,NÃO INFORMADO,AUTOMÓVEL=1,CAMPINAS,CAMPINAS,CAMPINAS,ESTADUAL
2693,2023-06-30,07:56:14,L01-AUTOBAN,SP330,110.0,SUL,-22.82299347,-47.19250202,COLISÃO,COLISÃO-TRASEIRA,NÃO INFORMADO,AUTOMÓVEL=2|ÔNIBUS=1,SUMARÉ,CAMPINAS,CAMPINAS,ESTADUAL
2695,2023-06-30,12:27:42,L01-AUTOBAN,SP330,123.84,NORTE,-22.73458758,-47.28444146,COLISÃO,COLISÃO-LATERAL,NÃO INFORMADO,AUTOMÓVEL=1|NÃO INFORMADO=1|UTILITÁRIO=1,AMERICANA,CAMPINAS,RIO CLARO,ESTADUAL
2702,2023-06-30,17:22:31,L01-AUTOBAN,SP330,131.0,NORTE,-22.67896551,-47.31069088,ENGAVETAMENTO,ENGAVETAMENTO,NÃO INFORMADO,AUTOMÓVEL=2|NÃO INFORMADO=1,LIMEIRA,CAMPINAS,RIO CLARO,ESTADUAL
2703,2023-06-30,17:35:04,L01-AUTOBAN,SP330,103.3,NORTE,-22.86057946,-47.14206078,ENGAVETAMENTO,ENGAVETAMENTO,NÃO INFORMADO,AUTOMÓVEL=1|UTILITÁRIO=2,CAMPINAS,CAMPINAS,CAMPINAS,ESTADUAL
2708,2023-06-30,19:30:21,L01-AUTOBAN,SP330,152.0,SUL,-22.51410806,-47.39560425,COLISÃO,COLISÃO-LATERAL,NÃO INFORMADO,AUTOMÓVEL=1|CAMINHÃO=1,LIMEIRA,CAMPINAS,RIO CLARO,ESTADUAL
2709,2023-06-30,20:39:48,L01-AUTOBAN,SPM330E,95.0,SUL,-22.91990919,-47.09415078,COLISÃO,COLISÃO-TRASEIRA,NÃO INFORMADO,CAMINHÃO=1|UTILITÁRIO=1,CAMPINAS,CAMPINAS,CAMPINAS,ESTADUAL
2710,2023-06-30,21:00:16,L01-AUTOBAN,SPM330E,113.6,SUL,-22.8034042,-47.21978115,COLISÃO,COLISÃO-TRASEIRA,NÃO INFORMADO,AUTOMÓVEL=1|MOTO=1,SUMARÉ,CAMPINAS,CAMPINAS,ESTADUAL
2711,2023-06-30,21:13:12,L01-AUTOBAN,SPM330E,96.0,SUL,-22.91179599,-47.10138738,COLISÃO,COLISÃO-TRASEIRA,NÃO INFORMADO,AUTOMÓVEL=2,CAMPINAS,CAMPINAS,CAMPINAS,ESTADUAL
2712,2023-06-30,21:54:20,L01-AUTOBAN,SP330,67.0,NORTE,-23.13040025,-46.95047557,CHOQUE,CHOQUE-TALUDE OU BARRANCO,NÃO INFORMADO,AUTOMÓVEL=1,JUNDIAÍ,CAMPINAS,CAMPINAS,ESTADUAL
2713,2023-06-30,23:51:17,L01-AUTOBAN,SP330,97.7,NORTE,-22.89833549,-47.10986315,COLISÃO,COLISÃO-TRASEIRA,NÃO INFORMADO,UTILITÁRIO=1|ÔNIBUS=1,CAMPINAS,CAMPINAS,CAMPINAS,ESTADUAL
2716,2023-07-01,06:24:47,L01-AUTOBAN,SP330,30.9,NORTE,-23.40178914,-46.83602732,ENGAVETAMENTO,ENGAVETAMENTO,NÃO INFORMADO,AUTOMÓVEL=2|UTILITÁRIO=1,CAJAMAR,REG. METROPOLITANA SÃO PAULO,SÃO PAULO,ESTADUAL
2717,2023-07-01,07:27:55,L01-AUTOBAN,SP330,59.3,NORTE,-23.18655083,-46.90803551,COLISÃO,COLISÃO-TRASEIRA,NÃO INFORMADO,MOTO=1|UTILITÁRIO=1,JUNDIAÍ,CAMPINAS,CAMPINAS,ESTADUAL
2718,2023-07-01,10:48:26,L01-AUTOBAN,SP330,103.0,SUL,-22.862525,-47.139454,COLISÃO,COLISÃO-LATERAL,NÃO INFORMADO,AUTOMÓVEL=1|CAMINHÃO=1,CAMPINAS,CAMPINAS,CAMPINAS,ESTADUAL
2719,2023-07-01,11:34:32,L01-AUTOBAN,SP330,29.4,NORTE,-23.40759044,-46.82387852,CHOQUE,CHOQUE-BARREIRA DE CONCRETO,NÃO INFORMADO,CARRETA=1,SÃO PAULO,REG. METROPOLITANA SÃO PAULO,SÃO PAULO,ESTADUAL
2720,2023-07-01,12:53:06,L01-AUTOBAN,SP330,29.5,NORTE,-23.40717593,-46.82470679,TOMBAMENTO,TOMBAMENTO-MOTO,NÃO INFORMADO,MOTO=1,SÃO PAULO,REG. METROPOLITANA SÃO PAULO,SÃO PAULO,ESTADUAL
2721,2023-07-01,13:09:38,L01-AUTOBAN,SPM330E,110.88,SUL,-22.81870323,-47.20063574,CHOQUE,CHOQUE-SINALIZAÇÃO,NÃO INFORMADO,AUTOMÓVEL=1,SUMARÉ,CAMPINAS,CAMPINAS,ESTADUAL
2722,2023-07-01,13:53:37,L01-AUTOBAN,SP330,19.1,SUL,-23.47323185,-46.77326793,CAPOTAMENTO,CAPOTAMENTO,NÃO INFORMADO,AUTOMÓVEL=1,SÃO PAULO,REG. METROPOLITANA SÃO PAULO,SÃO PAULO,ESTADUAL
2723,2023-07-01,14:10:32,L01-AUTOBAN,SP330,22.5,NORTE,-23.44868954,-46.78668648,TOMBAMENTO,TOMBAMENTO-MOTO,NÃO INFORMADO,MOTO=1,SÃO PAULO,REG. METROPOLITANA SÃO PAULO,SÃO PAULO,ESTADUAL
2726,2023-07-01,18:33:06,L01-AUTOBAN,SPM330D,52.26,NORTE,-23.2376285,-46.87001964,COLISÃO,COLISÃO-LATERAL,NÃO INFORMADO,AUTOMÓVEL=1|NÃO INFORMADO=1,JUNDIAÍ,CAMPINAS,CAMPINAS,ESTADUAL
2729,2023-07-01,23:05:19,L01-AUTOBAN,SP330,115.1,NORTE,-22.79131678,-47.22653871,ATROPELAMENTO DE ANIMAL,ATROP. ANIMAL,NÃO INFORMADO,AUTOMÓVEL=1,SUMARÉ,CAMPINAS,CAMPINAS,ESTADUAL
2730,2023-07-02,01:05:17,L01-AUTOBAN,SPM330D,102.8,NORTE,-22.86323016,-47.13782038,TOMBAMENTO,TOMBAMENTO-MOTO,NÃO INFORMADO,MOTO=1,CAMPINAS,CAMPINAS,CAMPINAS,ESTADUAL
2735,2023-07-02,19:34:43,L01-AUTOBAN,SP330,121.42,NORTE,-22.74815032,-47.26349004,TOMBAMENTO,TOMBAMENTO-MOTO,NÃO INFORMADO,MOTO=1,AMERICANA,CAMPINAS,RIO CLARO,ESTADUAL
2736,2023-07-02,21:07:30,L01-AUTOBAN,SP330,25.3,NORTE,-23.42444089,-46.78964863,COLISÃO,COLISÃO-LATERAL,NÃO INFORMADO,AUTOMÓVEL=1|NÃO INFORMADO=1,SÃO PAULO,REG. METROPOLITANA SÃO PAULO,SÃO PAULO,ESTADUAL
2738,2023-07-02,23:47:41,L01-AUTOBAN,SP330,22.5,NORTE,-23.44868954,-46.78668648,COLISÃO,COLISÃO-LATERAL,NÃO INFORMADO,AUTOMÓVEL=2,SÃO PAULO,REG. METROPOLITANA SÃO PAULO,SÃO PAULO,ESTADUAL
2741,2023-07-03,09:41:50,L01-AUTOBAN,SPM330E,102.0,SUL,-22.868355,-47.132428,COLISÃO,COLISÃO-TRASEIRA,NÃO INFORMADO,AUTOMÓVEL=1|CAMINHÃO=1,CAMPINAS,CAMPINAS,CAMPINAS,ESTADUAL
2742,2023-07-03,11:06:02,L01-AUTOBAN,SP330,119.44,NORTE,-22.76032712,-47.25078609,TOMBAMENTO,TOMBAMENTO,NÃO INFORMADO,CARRETA=1,NOVA ODESSA,CAMPINAS,RIO CLARO,ESTADUAL
2743,2023-07-03,16:23:59,L01-AUTOBAN,SP330,30.0,NORTE,-23.40510337,-46.82884812,COLISÃO,COLISÃO-FRONTAL,NÃO INFORMADO,AUTOMÓVEL=2,CAJAMAR,REG. METROPOLITANA SÃO PAULO,SÃO PAULO,ESTADUAL
2753,2023-07-04,08:06:13,L01-AUTOBAN,SP330,24.0,SUL,-23.43482528,-46.78642094,COLISÃO,COLISÃO-TRASEIRA,NÃO INFORMADO,AUTOMÓVEL=2,SÃO PAULO,REG. METROPOLITANA SÃO PAULO,SÃO PAULO,ESTADUAL
2756,2023-07-04,14:13:17,L01-AUTOBAN,SP330,61.2,SUL,-23.17400647,-46.92028463,COLISÃO,COLISÃO-TRASEIRA,NÃO INFORMADO,MOTO=1|UTILITÁRIO=1,JUNDIAÍ,CAMPINAS,CAMPINAS,ESTADUAL
2759,2023-07-04,15:37:22,L01-AUTOBAN,SPM330E,95.94,SUL,-22.91228277,-47.1009532,COLISÃO,COLISÃO-TRASEIRA,NÃO INFORMADO,AUTOMÓVEL=1|MOTO=1,CAMPINAS,CAMPINAS,CAMPINAS,ESTADUAL
2761,2023-07-04,17:14:25,L01-AUTOBAN,SP330,83.9,NORTE,-22.99852072,-47.03255654,CHOQUE,CHOQUE-VEÍCULO PARADO NO ACOSTAMENTO,NÃO INFORMADO,CAMINHÃO=1|UTILITÁRIO=1,VALINHOS,CAMPINAS,CAMPINAS,ESTADUAL
2762,2023-07-04,19:06:44,L01-AUTOBAN,SP330,108.0,NORTE,-22.83258532,-47.17717052,COLISÃO,COLISÃO-TRASEIRA,NÃO INFORMADO,AUTOMÓVEL=1|UTILITÁRIO=1,SUMARÉ,CAMPINAS,CAMPINAS,ESTADUAL
2763,2023-07-05,01:14:38,L01-AUTOBAN,SPM330D,102.7,NORTE,-22.86374673,-47.13710848,COLISÃO,COLISÃO-TRASEIRA,NÃO INFORMADO,MOTO=1|NÃO INFORMADO=1,CAMPINAS,CAMPINAS,CAMPINAS,ESTADUAL
2765,2023-07-05,06:23:34,L01-AUTOBAN,SP330,82.3,SUL,-23.01111748,-47.02471538,TOMBAMENTO,TOMBAMENTO,NÃO INFORMADO,CAMINHÃO=1,VALINHOS,CAMPINAS,CAMPINAS,ESTADUAL
2767,2023-07-05,08:46:27,L01-AUTOBAN,SPI102/330,0.6,NORTE,-22.864917,-47.134613,CHOQUE,CHOQUE-BARREIRA DE CONCRETO,NÃO INFORMADO,AUTOMÓVEL=1,CAMPINAS,CAMPINAS,CAMPINAS,ESTADUAL
2770,2023-07-05,11:56:54,L01-AUTOBAN,SPM330D,113.8,NORTE,-22.80181283,-47.22071029,COLISÃO,COLISÃO-TRASEIRA,NÃO INFORMADO,AUTOMÓVEL=1|UTILITÁRIO=1,SUMARÉ,CAMPINAS,CAMPINAS,ESTADUAL
2771,2023-07-05,16:50:42,L01-AUTOBAN,SPM330D,102.26,NORTE,-22.86601945,-47.13397634,CHOQUE,CHOQUE-VEÍCULO PARADO NA PISTA,NÃO INFORMADO,MOTO=1|VIATURA CONCESSIONÁRIA=1,CAMPINAS,CAMPINAS,CAMPINAS,ESTADUAL
2772,2023-07-05,19:49:25,L01-AUTOBAN,SP330,113.84,NORTE,-22.80155316,-47.2209287,COLISÃO,COLISÃO-TRASEIRA,NÃO INFORMADO,CAMINHÃO=1|UTILITÁRIO=1,SUMARÉ,CAMPINAS,CAMPINAS,ESTADUAL
2773,2023-07-05,20:16:56,L01-AUTOBAN,SP330,113.74,NORTE,-22.80220244,-47.22038261,COLISÃO,COLISÃO-TRASEIRA,NÃO INFORMADO,NÃO INFORMADO=1|UTILITÁRIO=1,SUMARÉ,CAMPINAS,CAMPINAS,ESTADUAL
2776,2023-07-06,05:24:55,L01-AUTOBAN,SP330,116.1,SUL,-22.78268968,-47.23126636,COLISÃO,COLISÃO-FRONTAL,NÃO INFORMADO,AUTOMÓVEL=1|CAMINHÃO=1,NOVA ODESSA,CAMPINAS,RIO CLARO,ESTADUAL
2777,2023-07-06,06:21:24,L01-AUTOBAN,SP330,156.0,NORTE,-22.47856214,-47.39902675,CHOQUE,CHOQUE-VEÍCULO PARADO NA PISTA,NÃO INFORMADO,CARRETA=1|MOTO=1|VAN/PERUA=1,CORDEIRÓPOLIS,CAMPINAS,RIO CLARO,ESTADUAL
2778,2023-07-06,07:54:39,L01-AUTOBAN,SP330,29.3,NORTE,-23.40800496,-46.82305025,CHOQUE,CHOQUE-VEÍCULO PARADO NA PISTA,NÃO INFORMADO,AUTOMÓVEL=2,SÃO PAULO,REG. METROPOLITANA SÃO PAULO,SÃO PAULO,ESTADUAL
2783,2023-07-06,17:36:32,L01-AUTOBAN,SP330,53.0,SUL,-23.2309453,-46.87306702,COLISÃO,COLISÃO-TRASEIRA,NÃO INFORMADO,AUTOMÓVEL=1|NÃO INFORMADO=1,JUNDIAÍ,CAMPINAS,CAMPINAS,ESTADUAL
2784,2023-07-06,18:19:27,L01-AUTOBAN,SP330,93.0,NORTE,-22.92971652,-47.07896411,COLISÃO,COLISÃO-TRASEIRA,NÃO INFORMADO,AUTOMÓVEL=1|MOTO=1,CAMPINAS,CAMPINAS,CAMPINAS,ESTADUAL
2785,2023-07-06,19:14:07,L01-AUTOBAN,SP330,24.5,SUL,-23.43070264,-46.78701647,COLISÃO,COLISÃO-LATERAL,NÃO INFORMADO,CARRETA=1|UTILITÁRIO=1,SÃO PAULO,REG. METROPOLITANA SÃO PAULO,SÃO PAULO,ESTADUAL
2786,2023-07-06,19:52:41,L01-AUTOBAN,SP330,140.6,SUL,-22.6074152,-47.36007812,COLISÃO,COLISÃO-LATERAL,NÃO INFORMADO,MOTO=1|NÃO INFORMADO=1,LIMEIRA,CAMPINAS,RIO CLARO,ESTADUAL
2787,2023-07-06,22:52:53,L01-AUTOBAN,SPM330D,98.54,NORTE,-22.89147661,-47.11210109,CHOQUE,CHOQUE-BARREIRA DE CONCRETO,NÃO INFORMADO,AUTOMÓVEL=1,CAMPINAS,CAMPINAS,CAMPINAS,ESTADUAL
2788,2023-07-07,00:07:47,L01-AUTOBAN,SPM330D,87.7,NORTE,-22.96859789,-47.05190061,COLISÃO,COLISÃO-TRASEIRA,NÃO INFORMADO,MOTO=1|NÃO INFORMADO=1|UTILITÁRIO=1,CAMPINAS,CAMPINAS,CAMPINAS,ESTADUAL
2791,2023-07-07,08:40:00,L01-AUTOBAN,SPM330D,103.0,NORTE,-22.86219711,-47.13924408,COLISÃO,COLISÃO-TRASEIRA,NÃO INFORMADO,AUTOMÓVEL=1|NÃO INFORMADO=1,CAMPINAS,CAMPINAS,CAMPINAS,ESTADUAL
2793,2023-07-07,16:18:37,L01-AUTOBAN,SP330,61.5,SUL,-23.17205945,-46.92265838,COLISÃO,COLISÃO-LATERAL,NÃO INFORMADO,AUTOMÓVEL=1|MOTO=1,JUNDIAÍ,CAMPINAS,CAMPINAS,ESTADUAL
2794,2023-07-07,16:50:23,L01-AUTOBAN,SP330,20.7,NORTE,-23.46318181,-46.78064561,COLISÃO,COLISÃO-TRASEIRA,NÃO INFORMADO,MOTO=1|NÃO INFORMADO=1,SÃO PAULO,REG. METROPOLITANA SÃO PAULO,SÃO PAULO,ESTADUAL
2795,2023-07-07,17:06:21,L01-AUTOBAN,SP330,105.83,NORTE,-22.84739194,-47.16281103,CHOQUE,CHOQUE-DEFENSA METÁLICA,NÃO INFORMADO,UTILITÁRIO=1,SUMARÉ,CAMPINAS,CAMPINAS,ESTADUAL
2796,2023-07-07,17:54:07,L01-AUTOBAN,SP330,118.8,SUL,-22.76859096,-47.24207183,COLISÃO,COLISÃO-TRASEIRA,NÃO INFORMADO,AUTOMÓVEL=1|MOTO=1,NOVA ODESSA,CAMPINAS,RIO CLARO,ESTADUAL
2799,2023-07-07,18:30:31,L01-AUTOBAN,SP330,85.5,NORTE,-22.986139,-47.04122704,TOMBAMENTO,TOMBAMENTO-MOTO,NÃO INFORMADO,MOTO=1,VALINHOS,CAMPINAS,CAMPINAS,ESTADUAL
2803,2023-07-07,20:52:41,L01-AUTOBAN,SP330,12.0,NORTE,-23.50917461,-46.73062027,CHOQUE,CHOQUE-VEÍCULO PARADO NA PISTA,NÃO INFORMADO,AUTOMÓVEL=1|MOTO=1,SÃO PAULO,REG. METROPOLITANA SÃO PAULO,SÃO PAULO,ESTADUAL
2804,2023-07-07,21:06:17,L01-AUTOBAN,SP330,20.1,NORTE,-23.46812132,-46.77912641,COLISÃO,COLISÃO-TRASEIRA,NÃO INFORMADO,CAMINHÃO=1|CARRETA=1,OSASCO,REG. METROPOLITANA SÃO PAULO,SÃO PAULO,ESTADUAL
2805,2023-07-07,22:55:41,L01-AUTOBAN,SP330,22.0,NORTE,-23.45302038,-46.78649068,COLISÃO,COLISÃO-LATERAL,NÃO INFORMADO,AUTOMÓVEL=1|CARRETA=1,SÃO PAULO,REG. METROPOLITANA SÃO PAULO,SÃO PAULO,ESTADUAL
2806,2023-07-07,23:13:09,L01-AUTOBAN,SP330,14.42,NORTE,-23.5040282,-46.75171511,TOMBAMENTO,TOMBAMENTO-MOTO,NÃO INFORMADO,MOTO=1,SÃO PAULO,REG. METROPOLITANA SÃO PAULO,SÃO PAULO,ESTADUAL
2809,2023-07-08,02:08:22,L01-AUTOBAN,SP330,71.0,SUL,-23.09783725,-46.96810305,CHOQUE,CHOQUE-MEIO FIO/CALÇAMENTO,NÃO INFORMADO,AUTOMÓVEL=1,LOUVEIRA,CAMPINAS,CAMPINAS,ESTADUAL
2810,2023-07-08,05:48:57,L01-AUTOBAN,SP330,55.0,NORTE,-23.2162004,-46.88377976,CHOQUE,CHOQUE-BARREIRA DE CONCRETO,NÃO INFORMADO,UTILITÁRIO=1,JUNDIAÍ,CAMPINAS,CAMPINAS,ESTADUAL
2811,2023-07-08,06:07:23,L01-AUTOBAN,SPM330E,95.4,SUL,-22.9166639,-47.09704543,COLISÃO,COLISÃO-TRASEIRA,NÃO INFORMADO,AUTOMÓVEL=2,CAMPINAS,CAMPINAS,CAMPINAS,ESTADUAL
2815,2023-07-08,12:54:53,L01-AUTOBAN,SPM330E,94.0,SUL,-22.92488953,-47.08717167,ENGAVETAMENTO,ENGAVETAMENTO,NÃO INFORMADO,AUTOMÓVEL=2|CAMINHÃO=1,CAMPINAS,CAMPINAS,CAMPINAS,ESTADUAL
2816,2023-07-08,14:11:26,L01-AUTOBAN,SP330,26.0,SUL,-23.42090535,-46.79437637,TOMBAMENTO,TOMBAMENTO-MOTO,NÃO INFORMADO,MOTO=1,SÃO PAULO,REG. METROPOLITANA SÃO PAULO,SÃO PAULO,ESTADUAL
2817,2023-07-08,16:25:55,L01-AUTOBAN,SPM330D,14.0,NORTE,-23.507052,-46.749681,CHOQUE,CHOQUE-DEFENSA METÁLICA,NÃO INFORMADO,AUTOMÓVEL=1|UTILITÁRIO=1,SÃO PAULO,REG. METROPOLITANA SÃO PAULO,SÃO PAULO,ESTADUAL
2818,2023-07-08,17:29:18,L01-AUTOBAN,SP330,156.3,SUL,-22.47582287,-47.39975309,TOMBAMENTO,TOMBAMENTO-MOTO,NÃO INFORMADO,MOTO=1,CORDEIRÓPOLIS,CAMPINAS,RIO CLARO,ESTADUAL
2819,2023-07-08,18:42:22,L01-AUTOBAN,SP330,103.0,NORTE,-22.86219711,-47.13924408,COLISÃO,COLISÃO-LATERAL,NÃO INFORMADO,AUTOMÓVEL=1|CARRETA=1,CAMPINAS,CAMPINAS,CAMPINAS,ESTADUAL
2821,2023-07-08,19:23:49,L01-AUTOBAN,SP330,58.5,SUL,-23.19303705,-46.90530986,COLISÃO,COLISÃO-TRASEIRA,NÃO INFORMADO,AUTOMÓVEL=1|MOTO=1,JUNDIAÍ,CAMPINAS,CAMPINAS,ESTADUAL
2822,2023-07-08,19:54:44,L01-AUTOBAN,SP330,47.0,SUL,-23.28229078,-46.87295437,COLISÃO,COLISÃO-LATERAL,NÃO INFORMADO,AUTOMÓVEL=1|CAMINHÃO=1,JUNDIAÍ,CAMPINAS,CAMPINAS,ESTADUAL
2823,2023-07-08,22:39:33,L01-AUTOBAN,SP330,30.743,NORTE,-23.40236728,-46.83477495,CHOQUE,CHOQUE-BARREIRA DE CONCRETO,NÃO INFORMADO,AUTOMÓVEL=1,CAJAMAR,REG. METROPOLITANA SÃO PAULO,SÃO PAULO,ESTADUAL
2824,2023-07-08,22:57:13,L01-AUTOBAN,SP330,125.0,NORTE,-22.72827485,-47.29184568,COLISÃO,COLISÃO-FRONTAL,NÃO INFORMADO,UTILITÁRIO=1|ÔNIBUS=1,AMERICANA,CAMPINAS,RIO CLARO,ESTADUAL
2826,2023-07-09,05:15:16,L01-AUTOBAN,SP330,30.74,NORTE,-23.40237833,-46.83475102,CAPOTAMENTO,CAPOTAMENTO,NÃO INFORMADO,AUTOMÓVEL=1,CAJAMAR,REG. METROPOLITANA SÃO PAULO,SÃO PAULO,ESTADUAL
2828,2023-07-09,05:32:01,L01-AUTOBAN,SP330,41.0,SUL,-23.32351843,-46.84717298,CHOQUE,CHOQUE-BARREIRA DE CONCRETO,NÃO INFORMADO,AUTOMÓVEL=1,CAJAMAR,REG. METROPOLITANA SÃO PAULO,SÃO PAULO,ESTADUAL
2829,2023-07-09,05:55:57,L01-AUTOBAN,SP330,92.6,SUL,-22.93196953,-47.07589968,CHOQUE,CHOQUE-BARREIRA DE CONCRETO,NÃO INFORMADO,AUTOMÓVEL=1,CAMPINAS,CAMPINAS,CAMPINAS,ESTADUAL
2830,2023-07-09,06:21:07,L01-AUTOBAN,SP330,142.24,SUL,-22.59431363,-47.36614939,CHOQUE,CHOQUE-DEFENSA METÁLICA,NÃO INFORMADO,AUTOMÓVEL=1,LIMEIRA,CAMPINAS,RIO CLARO,ESTADUAL
2831,2023-07-09,06:27:51,L01-AUTOBAN,SPM330D,112.0,NORTE,-22.81371247,-47.20897079,CHOQUE,CHOQUE-DEFENSA METÁLICA,NÃO INFORMADO,AUTOMÓVEL=1,SUMARÉ,CAMPINAS,CAMPINAS,ESTADUAL
2832,2023-07-09,07:05:00,L01-AUTOBAN,SPI102/330,3.3,NORTE,-22.89265042,-47.13400304,CHOQUE,CHOQUE-VEÍCULO PARADO NO ACOSTAMENTO,NÃO INFORMADO,AUTOMÓVEL=1|UTILITÁRIO=1,CAMPINAS,CAMPINAS,CAMPINAS,ESTADUAL
2833,2023-07-09,07:27:01,L01-AUTOBAN,SP330,62.3,SUL,-23.16643379,-46.92820626,CHOQUE,CHOQUE-DEFENSA METÁLICA,NÃO INFORMADO,AUTOMÓVEL=1,JUNDIAÍ,CAMPINAS,CAMPINAS,ESTADUAL
2834,2023-07-09,07:42:58,L01-AUTOBAN,SP330,31.0,SUL,-23.40154397,-46.83696985,CAPOTAMENTO,CAPOTAMENTO,NÃO INFORMADO,AUTOMÓVEL=1,CAJAMAR,REG. METROPOLITANA SÃO PAULO,SÃO PAULO,ESTADUAL
2835,2023-07-09,07:51:39,L01-AUTOBAN,SP330,19.5,SUL,-23.4713089,-46.77584499,CHOQUE,CHOQUE-BARREIRA DE CONCRETO,NÃO INFORMADO,AUTOMÓVEL=1,OSASCO,REG. METROPOLITANA SÃO PAULO,SÃO PAULO,ESTADUAL
2837,2023-07-09,09:09:06,L01-AUTOBAN,SPM330E,114.8,SUL,-22.79412677,-47.22545458,CHOQUE,CHOQUE-BARREIRA DE CONCRETO,NÃO INFORMADO,AUTOMÓVEL=1,SUMARÉ,CAMPINAS,CAMPINAS,ESTADUAL
2839,2023-07-09,10:47:40,L01-AUTOBAN,SP330,92.0,NORTE,-22.93511642,-47.07138956,CHOQUE,CHOQUE-BARREIRA DE CONCRETO,NÃO INFORMADO,AUTOMÓVEL=1,CAMPINAS,CAMPINAS,CAMPINAS,ESTADUAL
2841,2023-07-09,11:21:13,L01-AUTOBAN,SP330,41.5,SUL,-23.32042233,-46.85017705,CHOQUE,CHOQUE-BARREIRA DE CONCRETO,NÃO INFORMADO,AUTOMÓVEL=1,CAJAMAR,REG. METROPOLITANA SÃO PAULO,SÃO PAULO,ESTADUAL
2842,2023-07-09,12:41:41,L01-AUTOBAN,SP330,21.5,SUL,-23.46095278,-46.78147411,COLISÃO,COLISÃO-LATERAL,NÃO INFORMADO,AUTOMÓVEL=2,SÃO PAULO,REG. METROPOLITANA SÃO PAULO,SÃO PAULO,ESTADUAL
2843,2023-07-09,12:52:23,L01-AUTOBAN,SP330,19.9,NORTE,-23.46942137,-46.77824825,CHOQUE,CHOQUE-TALUDE OU BARRANCO,NÃO INFORMADO,AUTOMÓVEL=2,OSASCO,REG. METROPOLITANA SÃO PAULO,SÃO PAULO,ESTADUAL
2844,2023-07-09,13:23:43,L01-AUTOBAN,SP330,19.9,NORTE,-23.46942137,-46.77824825,CHOQUE,CHOQUE-BARREIRA DE CONCRETO,NÃO INFORMADO,AUTOMÓVEL=1,OSASCO,REG. METROPOLITANA SÃO PAULO,SÃO PAULO,ESTADUAL
2846,2023-07-09,16:46:52,L01-AUTOBAN,SP330,106.7,SUL,-22.84677902,-47.16428518,COLISÃO,COLISÃO-LATERAL,NÃO INFORMADO,MOTO=1|NÃO INFORMADO=1,SUMARÉ,CAMPINAS,CAMPINAS,ESTADUAL
2849,2023-07-10,06:42:20,L01-AUTOBAN,SPM330E,101.0,SUL,-22.87408945,-47.12487817,COLISÃO,COLISÃO-TRASEIRA,NÃO INFORMADO,AUTOMÓVEL=2,CAMPINAS,CAMPINAS,CAMPINAS,ESTADUAL
2850,2023-07-10,06:54:16,L01-AUTOBAN,SP330,72.7,NORTE,-23.08485942,-46.97634604,COLISÃO,COLISÃO-TRASEIRA,NÃO INFORMADO,AUTOMÓVEL=1|UTILITÁRIO=1,LOUVEIRA,CAMPINAS,CAMPINAS,ESTADUAL
2851,2023-07-10,07:46:10,L01-AUTOBAN,SP330,100.2,SUL,-22.87924148,-47.11928199,COLISÃO,COLISÃO-LATERAL,NÃO INFORMADO,AUTOMÓVEL=1|MOTO=1,CAMPINAS,CAMPINAS,CAMPINAS,ESTADUAL
2855,2023-07-10,08:24:11,L01-AUTOBAN,SP330,31.0,NORTE,-23.40142089,-46.83682501,CHOQUE,CHOQUE-DEFENSA METÁLICA,NÃO INFORMADO,AUTOMÓVEL=1,CAJAMAR,REG. METROPOLITANA SÃO PAULO,SÃO PAULO,ESTADUAL
2856,2023-07-10,08:36:42,L01-AUTOBAN,SP330,31.0,NORTE,-23.40142089,-46.83682501,CHOQUE,CHOQUE-VEÍCULO PARADO NO ACOSTAMENTO,NÃO INFORMADO,UTILITÁRIO=1|VIATURA CONCESSIONÁRIA=1,CAJAMAR,REG. METROPOLITANA SÃO PAULO,SÃO PAULO,ESTADUAL
2857,2023-07-10,10:19:02,L01-AUTOBAN,SP330,103.0,NORTE,-22.86219711,-47.13924408,COLISÃO,COLISÃO-TRASEIRA,NÃO INFORMADO,AUTOMÓVEL=2,CAMPINAS,CAMPINAS,CAMPINAS,ESTADUAL
2859,2023-07-10,12:19:06,L01-AUTOBAN,SPM330E,110.7,SUL,-22.81958078,-47.19897202,COLISÃO,COLISÃO-LATERAL,NÃO INFORMADO,AUTOMÓVEL=1|NÃO INFORMADO=1,SUMARÉ,CAMPINAS,CAMPINAS,ESTADUAL
2862,2023-07-10,15:56:54,L01-AUTOBAN,SPM330D,110.0,NORTE,-22.82267208,-47.19248056,CHOQUE,CHOQUE-BARREIRA DE CONCRETO,NÃO INFORMADO,AUTOMÓVEL=1,SUMARÉ,CAMPINAS,CAMPINAS,ESTADUAL
2863,2023-07-10,16:14:03,L01-AUTOBAN,SP330,18.7,SUL,-23.4762559,-46.77218914,CHOQUE,CHOQUE-TALUDE OU BARRANCO,NÃO INFORMADO,AUTOMÓVEL=1,OSASCO,REG. METROPOLITANA SÃO PAULO,SÃO PAULO,ESTADUAL
2864,2023-07-10,16:31:20,L01-AUTOBAN,SP330,113.7,NORTE,-22.80246216,-47.22016416,CHOQUE,CHOQUE-DEFENSA METÁLICA,NÃO INFORMADO,AUTOMÓVEL=1,SUMARÉ,CAMPINAS,CAMPINAS,ESTADUAL
2865,2023-07-10,16:52:18,L01-AUTOBAN,SP330,18.7,SUL,-23.4762559,-46.77218914,CHOQUE,CHOQUE-TALUDE OU BARRANCO,NÃO INFORMADO,AUTOMÓVEL=1,OSASCO,REG. METROPOLITANA SÃO PAULO,SÃO PAULO,ESTADUAL
2866,2023-07-10,16:56:48,L01-AUTOBAN,SP330,55.95,NORTE,-23.2111655,-46.89135272,TOMBAMENTO,TOMBAMENTO,NÃO INFORMADO,UTILITÁRIO=1,JUNDIAÍ,CAMPINAS,CAMPINAS,ESTADUAL
2867,2023-07-10,16:58:06,L01-AUTOBAN,SP330,20.0,NORTE,-23.46894457,-46.77887321,TOMBAMENTO,TOMBAMENTO-MOTO,NÃO INFORMADO,MOTO=1,OSASCO,REG. METROPOLITANA SÃO PAULO,SÃO PAULO,ESTADUAL
2868,2023-07-10,18:26:49,L01-AUTOBAN,SP330,19.3,NORTE,-23.47228219,-46.77449852,ENGAVETAMENTO,ENGAVETAMENTO,NÃO INFORMADO,AUTOMÓVEL=3,OSASCO,REG. METROPOLITANA SÃO PAULO,SÃO PAULO,ESTADUAL
2869,2023-07-10,19:01:13,L01-AUTOBAN,SP330,85.5,NORTE,-22.986139,-47.04122704,COLISÃO,COLISÃO-TRASEIRA,NÃO INFORMADO,NÃO INFORMADO=1|UTILITÁRIO=1,VALINHOS,CAMPINAS,CAMPINAS,ESTADUAL
2870,2023-07-10,19:24:21,L01-AUTOBAN,SP330,29.0,NORTE,-23.40924849,-46.82056546,COLISÃO,COLISÃO-LATERAL,NÃO INFORMADO,AUTOMÓVEL=1|NÃO INFORMADO=1,SÃO PAULO,REG. METROPOLITANA SÃO PAULO,SÃO PAULO,ESTADUAL
2871,2023-07-10,22:24:28,L01-AUTOBAN,SP330,97.1,NORTE,-22.90325733,-47.1080929,CHOQUE,CHOQUE-VEÍCULO PARADO NA PISTA,NÃO INFORMADO,AUTOMÓVEL=2,CAMPINAS,CAMPINAS,CAMPINAS,ESTADUAL
2872,2023-07-10,23:31:29,L01-AUTOBAN,SP330,26.5,SUL,-23.42090535,-46.79437637,CHOQUE,"CHOQUE-PRAÇA AVI-(DEFENSA,ILHA,BARREIRA)",NÃO INFORMADO,CAMINHÃO=1,SÃO PAULO,REG. METROPOLITANA SÃO PAULO,SÃO PAULO,ESTADUAL
2873,2023-07-10,23:40:33,L01-AUTOBAN,SPM330D,16.0,NORTE,-23.49409163,-46.75879955,TOMBAMENTO,TOMBAMENTO-MOTO,NÃO INFORMADO,MOTO=1,OSASCO,REG. METROPOLITANA SÃO PAULO,SÃO PAULO,ESTADUAL
2874,2023-07-11,02:23:12,L01-AUTOBAN,SP330,146.0,NORTE,-22.560678,-47.366217,CHOQUE,CHOQUE-SINALIZAÇÃO,NÃO INFORMADO,MOTO=1,LIMEIRA,CAMPINAS,RIO CLARO,ESTADUAL
2876,2023-07-11,08:26:36,L01-AUTOBAN,SP330,92.0,NORTE,-22.93511642,-47.07138956,COLISÃO,COLISÃO-TRASEIRA,NÃO INFORMADO,AUTOMÓVEL=1|UTILITÁRIO=1,CAMPINAS,CAMPINAS,CAMPINAS,ESTADUAL
2877,2023-07-11,09:00:09,L01-AUTOBAN,SPM330D,94.26,NORTE,-22.92332002,-47.08895418,TOMBAMENTO,TOMBAMENTO-MOTO,NÃO INFORMADO,MOTO=1,CAMPINAS,CAMPINAS,CAMPINAS,ESTADUAL
2878,2023-07-11,09:37:36,L01-AUTOBAN,SPM330D,110.84,NORTE,-22.81850208,-47.20025357,COLISÃO,COLISÃO-TRASEIRA,NÃO INFORMADO,AUTOMÓVEL=2,SUMARÉ,CAMPINAS,CAMPINAS,ESTADUAL
2881,2023-07-11,15:20:56,L01-AUTOBAN,SP330,81.0,SUL,-23.02168304,-47.01794386,COLISÃO,COLISÃO-LATERAL,NÃO INFORMADO,AUTOMÓVEL=1|CARRETA=1,VALINHOS,CAMPINAS,CAMPINAS,ESTADUAL
2882,2023-07-11,17:31:16,L01-AUTOBAN,SP330,25.0,NORTE,-23.426127,-46.787542,COLISÃO,COLISÃO-TRASEIRA,NÃO INFORMADO,AUTOMÓVEL=1|CARRETA=1,SÃO PAULO,REG. METROPOLITANA SÃO PAULO,SÃO PAULO,ESTADUAL
2884,2023-07-11,18:59:58,L01-AUTOBAN,SP330,24.0,NORTE,-23.43453981,-46.78628683,COLISÃO,COLISÃO-TRASEIRA,NÃO INFORMADO,AUTOMÓVEL=2,SÃO PAULO,REG. METROPOLITANA SÃO PAULO,SÃO PAULO,ESTADUAL
2885,2023-07-11,19:56:16,L01-AUTOBAN,SP330,79.8,NORTE,-23.03033385,-47.01237538,COLISÃO,COLISÃO-TRASEIRA,NÃO INFORMADO,AUTOMÓVEL=2,VINHEDO,CAMPINAS,CAMPINAS,ESTADUAL
2886,2023-07-12,00:06:23,L01-AUTOBAN,SP330,75.0,SUL,-23.068143,-46.988749,ATROPELAMENTO DE PEDESTRE,ATROP. PEDESTRE-ANDARILHO,NÃO INFORMADO,NÃO INFORMADO=1|NÃO SE APLICA=1,VINHEDO,CAMPINAS,CAMPINAS,ESTADUAL
2887,2023-07-12,00:39:38,L01-AUTOBAN,SP330,20.8,NORTE,-23.46235857,-46.78089881,COLISÃO,COLISÃO-TRASEIRA,NÃO INFORMADO,MOTO=1|NÃO INFORMADO=1,SÃO PAULO,REG. METROPOLITANA SÃO PAULO,SÃO PAULO,ESTADUAL
2889,2023-07-12,05:40:30,L01-AUTOBAN,SP330,102.7,NORTE,-22.86374673,-47.13710848,COLISÃO,COLISÃO-TRASEIRA,NÃO INFORMADO,AUTOMÓVEL=1|CARRETA=1,CAMPINAS,CAMPINAS,CAMPINAS,ESTADUAL
2892,2023-07-12,09:18:36,L01-AUTOBAN,SP330,109.0,NORTE,-22.82737416,-47.18387604,COLISÃO,COLISÃO-TRASEIRA,NÃO INFORMADO,AUTOMÓVEL=1|NÃO INFORMADO=1,SUMARÉ,CAMPINAS,CAMPINAS,ESTADUAL
2893,2023-07-12,10:29:55,L01-AUTOBAN,SP330,59.0,NORTE,-23.188929625353,-46.906567811966,CHOQUE,CHOQUE-BARREIRA DE CONCRETO,NÃO INFORMADO,CARRETA=1,JUNDIAÍ,CAMPINAS,CAMPINAS,ESTADUAL
2894,2023-07-12,13:29:19,L01-AUTOBAN,SPM330E,102.2,SUL,-22.86718902,-47.13383318,TOMBAMENTO,TOMBAMENTO-MOTO,NÃO INFORMADO,MOTO=1,CAMPINAS,CAMPINAS,CAMPINAS,ESTADUAL
2895,2023-07-12,14:30:16,L01-AUTOBAN,SP330,53.3,NORTE,-23.2283558,-46.87432567,COLISÃO,COLISÃO-LATERAL,NÃO INFORMADO,AUTOMÓVEL=2,JUNDIAÍ,CAMPINAS,CAMPINAS,ESTADUAL
2897,2023-07-12,18:39:00,L01-AUTOBAN,SP330,106.9,NORTE,-22.84015791,-47.17015231,COLISÃO,COLISÃO-TRASEIRA,NÃO INFORMADO,AUTOMÓVEL=1|MOTO=1,SUMARÉ,CAMPINAS,CAMPINAS,ESTADUAL
2898,2023-07-12,19:05:02,L01-AUTOBAN,SP330,28.261,SUL,-23.41064058,-46.8138327,CHOQUE,CHOQUE-BARREIRA DE CONCRETO,NÃO INFORMADO,CARRETA=1,SÃO PAULO,REG. METROPOLITANA SÃO PAULO,SÃO PAULO,ESTADUAL
2901,2023-07-13,03:24:20,L01-AUTOBAN,SP330,142.7,SUL,-22.59031877,-47.36710651,CHOQUE,CHOQUE-BARREIRA DE CONCRETO,NÃO INFORMADO,UTILITÁRIO=1,LIMEIRA,CAMPINAS,RIO CLARO,ESTADUAL
2902,2023-07-13,05:02:38,L01-AUTOBAN,SP330,20.0,NORTE,-23.46894457,-46.77887321,COLISÃO,COLISÃO-TRASEIRA,NÃO INFORMADO,AUTOMÓVEL=1|CAMINHÃO=1,OSASCO,REG. METROPOLITANA SÃO PAULO,SÃO PAULO,ESTADUAL
2903,2023-07-13,07:12:18,L01-AUTOBAN,SP330,141.0,NORTE,-22.60524559,-47.36194253,COLISÃO,COLISÃO-LATERAL,NÃO INFORMADO,AUTOMÓVEL=1|CAMINHÃO=1,LIMEIRA,CAMPINAS,RIO CLARO,ESTADUAL
2904,2023-07-13,07:31:15,L01-AUTOBAN,SPM330D,96.6,NORTE,-22.90702663,-47.1052401,COLISÃO,COLISÃO-TRASEIRA,NÃO INFORMADO,AUTOMÓVEL=1|MOTO=1,CAMPINAS,CAMPINAS,CAMPINAS,ESTADUAL
2907,2023-07-13,10:06:56,L01-AUTOBAN,SP330,49.0,NORTE,-23.2655655,-46.86749339,CHOQUE,CHOQUE-DEFENSA METÁLICA,NÃO INFORMADO,UTILITÁRIO=1,JUNDIAÍ,CAMPINAS,CAMPINAS,ESTADUAL
2909,2023-07-13,12:48:41,L01-AUTOBAN,SP330,39.0,SUL,-23.33723679,-46.8366158,TOMBAMENTO,TOMBAMENTO-MOTO,NÃO INFORMADO,MOTO=1,CAJAMAR,REG. METROPOLITANA SÃO PAULO,SÃO PAULO,ESTADUAL
2910,2023-07-13,14:39:22,L01-AUTOBAN,SP330,41.0,SUL,-23.32351843,-46.84717298,COLISÃO,COLISÃO-LATERAL,NÃO INFORMADO,CARRETA=2,CAJAMAR,REG. METROPOLITANA SÃO PAULO,SÃO PAULO,ESTADUAL
2914,2023-07-13,18:18:48,L01-AUTOBAN,SPM330D,108.7,NORTE,-22.82893752,-47.18186436,ENGAVETAMENTO,ENGAVETAMENTO,NÃO INFORMADO,AUTOMÓVEL=2|UTILITÁRIO=2,SUMARÉ,CAMPINAS,CAMPINAS,ESTADUAL
2916,2023-07-13,18:46:46,L01-AUTOBAN,SP330,61.5,SUL,-23.17497999,-46.91909775,COLISÃO,COLISÃO-TRASEIRA,NÃO INFORMADO,AUTOMÓVEL=1|MOTO=1,JUNDIAÍ,CAMPINAS,CAMPINAS,ESTADUAL
2920,2023-07-14,02:24:35,L01-AUTOBAN,SPM330E,104.0,SUL,-22.85707606,-47.14874983,CHOQUE,CHOQUE-BARREIRA DE CONCRETO,NÃO INFORMADO,AUTOMÓVEL=1,CAMPINAS,CAMPINAS,CAMPINAS,ESTADUAL
2921,2023-07-14,07:18:26,L01-AUTOBAN,SP330,80.9,NORTE,-23.02113008,-47.01787949,COLISÃO,COLISÃO-TRASEIRA,NÃO INFORMADO,CAMINHÃO=1|CARRETA=1,VALINHOS,CAMPINAS,CAMPINAS,ESTADUAL
2924,2023-07-14,08:57:35,L01-AUTOBAN,SP330,103.0,NORTE,-22.86219711,-47.13924408,COLISÃO,COLISÃO-LATERAL,NÃO INFORMADO,AUTOMÓVEL=1|CARRETA=1,CAMPINAS,CAMPINAS,CAMPINAS,ESTADUAL
2925,2023-07-14,12:28:21,L01-AUTOBAN,SPM330E,98.0,SUL,-22.89624517,-47.11095214,COLISÃO,COLISÃO-TRASEIRA,NÃO INFORMADO,AUTOMÓVEL=1|UTILITÁRIO=1,CAMPINAS,CAMPINAS,CAMPINAS,ESTADUAL
2926,2023-07-14,12:44:59,L01-AUTOBAN,SP330,103.0,NORTE,-22.86219711,-47.13924408,COLISÃO,COLISÃO-LATERAL,NÃO INFORMADO,AUTOMÓVEL=1|BITREM/CVC=1|CAMINHÃO=1,CAMPINAS,CAMPINAS,CAMPINAS,ESTADUAL
2927,2023-07-14,13:43:43,L01-AUTOBAN,SP330,128.0,NORTE,-22.70383025,-47.30342746,COLISÃO,COLISÃO-LATERAL,NÃO INFORMADO,CAMINHÃO=1|MOTO=1|UTILITÁRIO=1,AMERICANA,CAMPINAS,RIO CLARO,ESTADUAL
2928,2023-07-14,13:45:52,L01-AUTOBAN,SPM330D,100.0,NORTE,-22.88033176,-47.11758256,TOMBAMENTO,TOMBAMENTO-MOTO,NÃO INFORMADO,MOTO=1,CAMPINAS,CAMPINAS,CAMPINAS,ESTADUAL
2931,2023-07-14,14:51:41,L01-AUTOBAN,SP330,25.3,SUL,-23.42487761,-46.78964131,COLISÃO,COLISÃO-LATERAL,NÃO INFORMADO,MOTO=1|NÃO INFORMADO=1,SÃO PAULO,REG. METROPOLITANA SÃO PAULO,SÃO PAULO,ESTADUAL
2934,2023-07-14,16:27:08,L01-AUTOBAN,SP330,62.46,SUL,-23.16516412,-46.92905513,COLISÃO,COLISÃO-TRASEIRA,NÃO INFORMADO,AUTOMÓVEL=1|MOTO=1,JUNDIAÍ,CAMPINAS,CAMPINAS,ESTADUAL
2937,2023-07-14,16:44:05,L01-AUTOBAN,SP330,56.1,SUL,-23.21054898,-46.89254843,COLISÃO,COLISÃO-LATERAL,NÃO INFORMADO,AUTOMÓVEL=1|CARRETA=1|UTILITÁRIO=1,JUNDIAÍ,CAMPINAS,CAMPINAS,ESTADUAL
2939,2023-07-14,18:18:43,L01-AUTOBAN,SPM330D,50.2,NORTE,-23.25506591,-46.86701585,ATROPELAMENTO DE ANIMAL,ATROP. ANIMAL,NÃO INFORMADO,AUTOMÓVEL=1,JUNDIAÍ,CAMPINAS,CAMPINAS,ESTADUAL
2940,2023-07-14,18:53:00,L01-AUTOBAN,SP330,107.0,SUL,-22.83986774,-47.17085123,COLISÃO,COLISÃO-TRASEIRA,NÃO INFORMADO,AUTOMÓVEL=1|UTILITÁRIO=1,SUMARÉ,CAMPINAS,CAMPINAS,ESTADUAL
2946,2023-07-15,08:15:03,L01-AUTOBAN,SP330,71.0,NORTE,-23.09752144,-46.96808696,CHOQUE,CHOQUE-DEFENSA METÁLICA,NÃO INFORMADO,AUTOMÓVEL=1,LOUVEIRA,CAMPINAS,CAMPINAS,ESTADUAL
2947,2023-07-15,10:28:33,L01-AUTOBAN,SP330,26.0,SUL,-23.42090535,-46.79437637,COLISÃO,COLISÃO-LATERAL,NÃO INFORMADO,BICICLETA=1|MOTO=1,SÃO PAULO,REG. METROPOLITANA SÃO PAULO,SÃO PAULO,ESTADUAL
2949,2023-07-15,12:49:05,L01-AUTOBAN,SP330,24.9,SUL,-23.42740453,-46.78749289,COLISÃO,COLISÃO-LATERAL,NÃO INFORMADO,AUTOMÓVEL=1,SÃO PAULO,REG. METROPOLITANA SÃO PAULO,SÃO PAULO,ESTADUAL
2951,2023-07-15,18:28:24,L01-AUTOBAN,SP330,157.6,SUL,-22.4641274,-47.39919779,COLISÃO,COLISÃO-TRASEIRA,NÃO INFORMADO,TRAÇÃO ANIMAL=1|ÔNIBUS=1,CORDEIRÓPOLIS,CAMPINAS,RIO CLARO,ESTADUAL
2952,2023-07-15,18:50:23,L01-AUTOBAN,SPM330D,115.1,NORTE,-22.79131678,-47.22653871,ATROPELAMENTO DE PEDESTRE,ATROP. PEDESTRE-ANDARILHO,NÃO INFORMADO,AUTOMÓVEL=1|NÃO SE APLICA=1,SUMARÉ,CAMPINAS,CAMPINAS,ESTADUAL
2955,2023-07-15,20:38:54,L01-AUTOBAN,SP330,109.0,NORTE,-22.82737416,-47.18387604,CHOQUE,CHOQUE-DEFENSA METÁLICA,NÃO INFORMADO,CARRETA=1,SUMARÉ,CAMPINAS,CAMPINAS,ESTADUAL
2956,2023-07-15,21:48:08,L01-AUTOBAN,SP330,24.6,SUL,-23.42987811,-46.78713558,COLISÃO,COLISÃO-TRASEIRA,NÃO INFORMADO,AUTOMÓVEL=1|MOTO=1,SÃO PAULO,REG. METROPOLITANA SÃO PAULO,SÃO PAULO,ESTADUAL
2957,2023-07-15,21:53:54,L01-AUTOBAN,SP330,92.0,NORTE,-22.93511642,-47.07138956,COLISÃO,COLISÃO-LATERAL,NÃO INFORMADO,MOTO=1|UTILITÁRIO=1,CAMPINAS,CAMPINAS,CAMPINAS,ESTADUAL
2958,2023-07-15,22:31:27,L01-AUTOBAN,SP330,123.68,SUL,-22.73866001,-47.27646053,COLISÃO,COLISÃO-TRASEIRA,NÃO INFORMADO,AUTOMÓVEL=2,AMERICANA,CAMPINAS,RIO CLARO,ESTADUAL
2959,2023-07-16,00:54:24,L01-AUTOBAN,SPM330E,57.76,SUL,-23.19921217,-46.90272581,CHOQUE,CHOQUE-SINALIZAÇÃO,NÃO INFORMADO,AUTOMÓVEL=1,JUNDIAÍ,CAMPINAS,CAMPINAS,ESTADUAL
2961,2023-07-16,09:05:19,L01-AUTOBAN,SP330,43.7,NORTE,-23.30477438,-46.85687077,COLISÃO,COLISÃO-TRASEIRA,NÃO INFORMADO,AUTOMÓVEL=2,CAJAMAR,REG. METROPOLITANA SÃO PAULO,SÃO PAULO,ESTADUAL
2962,2023-07-16,09:19:08,L01-AUTOBAN,SP330,102.9,NORTE,-22.86271363,-47.13853223,COLISÃO,COLISÃO-LATERAL,NÃO INFORMADO,AUTOMÓVEL=1|NÃO INFORMADO=1,CAMPINAS,CAMPINAS,CAMPINAS,ESTADUAL
2967,2023-07-16,18:07:40,L01-AUTOBAN,SP330,14.4,NORTE,-23.5041722,-46.75161824,TOMBAMENTO,TOMBAMENTO-MOTO,NÃO INFORMADO,MOTO=1,SÃO PAULO,REG. METROPOLITANA SÃO PAULO,SÃO PAULO,ESTADUAL
2970,2023-07-16,20:48:22,L01-AUTOBAN,SP330,143.45,SUL,-22.58349407,-47.36739278,COLISÃO,COLISÃO-TRASEIRA,NÃO INFORMADO,MOTO=1|NÃO INFORMADO=1,LIMEIRA,CAMPINAS,RIO CLARO,ESTADUAL
2971,2023-07-16,22:03:04,L01-AUTOBAN,SP330,73.7,NORTE,-23.07723302,-46.98170288,COLISÃO,COLISÃO-LATERAL,NÃO INFORMADO,UTILITÁRIO=2,VINHEDO,CAMPINAS,CAMPINAS,ESTADUAL
2972,2023-07-16,22:49:55,L01-AUTOBAN,SP330,101.1,NORTE,-22.87316765,-47.12548219,COLISÃO,COLISÃO-TRASEIRA,NÃO INFORMADO,AUTOMÓVEL=1|MOTO=1,CAMPINAS,CAMPINAS,CAMPINAS,ESTADUAL
2973,2023-07-17,00:20:20,L01-AUTOBAN,SPM330D,95.3,NORTE,-22.91722272,-47.09624024,CHOQUE,CHOQUE-BARREIRA DE CONCRETO,NÃO INFORMADO,AUTOMÓVEL=1,CAMPINAS,CAMPINAS,CAMPINAS,ESTADUAL
2974,2023-07-17,06:18:59,L01-AUTOBAN,SP330,24.0,SUL,-23.43482528,-46.78642094,COLISÃO,COLISÃO-FRONTAL,NÃO INFORMADO,AUTOMÓVEL=1|MOTO=1,SÃO PAULO,REG. METROPOLITANA SÃO PAULO,SÃO PAULO,ESTADUAL
2975,2023-07-17,07:03:18,L01-AUTOBAN,SPM330D,16.0,NORTE,-23.49409163,-46.75879955,ENGAVETAMENTO,ENGAVETAMENTO,NÃO INFORMADO,AUTOMÓVEL=3|UTILITÁRIO=1,OSASCO,REG. METROPOLITANA SÃO PAULO,SÃO PAULO,ESTADUAL
2978,2023-07-17,17:32:33,L01-AUTOBAN,SP330,62.4,SUL,-23.16564023,-46.92873681,ATROPELAMENTO DE PEDESTRE,ATROP. PEDESTRE-MORADOR/TRABALHADOR/ESTUDANTE,NÃO INFORMADO,NÃO SE APLICA=1|VAN/PERUA=1,JUNDIAÍ,CAMPINAS,CAMPINAS,ESTADUAL
2979,2023-07-17,18:33:52,L01-AUTOBAN,SP330,135.8,NORTE,-22.63974384,-47.3293183,ENGAVETAMENTO,ENGAVETAMENTO,NÃO INFORMADO,AUTOMÓVEL=1|MOTO=1|UTILITÁRIO=2,LIMEIRA,CAMPINAS,RIO CLARO,ESTADUAL
2980,2023-07-17,19:36:29,L01-AUTOBAN,SPM330D,18.8,NORTE,-23.47545341,-46.77228784,CHOQUE,CHOQUE-OBJETO NA PISTA,NÃO INFORMADO,MOTO=1,OSASCO,REG. METROPOLITANA SÃO PAULO,SÃO PAULO,ESTADUAL
2981,2023-07-17,20:26:42,L01-AUTOBAN,SP330,108.0,NORTE,-22.83258532,-47.17717052,COLISÃO,COLISÃO-TRASEIRA,NÃO INFORMADO,NÃO INFORMADO=1|UTILITÁRIO=1,SUMARÉ,CAMPINAS,CAMPINAS,ESTADUAL
2982,2023-07-17,23:48:44,L01-AUTOBAN,SP330,15.5,NORTE,-23.49697206,-46.75666183,COLISÃO,COLISÃO-LATERAL,NÃO INFORMADO,CAMINHÃO=1|UTILITÁRIO=1,SÃO PAULO,REG. METROPOLITANA SÃO PAULO,SÃO PAULO,ESTADUAL
2984,2023-07-18,06:28:12,L01-AUTOBAN,SP330,23.4,SUL,-23.44048628,-46.78680074,COLISÃO,COLISÃO-TRASEIRA,NÃO INFORMADO,CAMINHÃO=1|MOTO=1,SÃO PAULO,REG. METROPOLITANA SÃO PAULO,SÃO PAULO,ESTADUAL
2985,2023-07-18,07:02:54,L01-AUTOBAN,SP330,36.0,NORTE,-23.360169,-46.848369,COLISÃO,COLISÃO-TRASEIRA,NÃO INFORMADO,NÃO INFORMADO=1|UTILITÁRIO=1,CAJAMAR,REG. METROPOLITANA SÃO PAULO,SÃO PAULO,ESTADUAL
2986,2023-07-18,07:59:39,L01-AUTOBAN,SP330,97.3,NORTE,-22.90161668,-47.108683,COLISÃO,COLISÃO-TRASEIRA,NÃO INFORMADO,AUTOMÓVEL=1|CAMINHÃO=1,CAMPINAS,CAMPINAS,CAMPINAS,ESTADUAL
2987,2023-07-18,08:35:54,L01-AUTOBAN,SPM330D,96.7,NORTE,-22.9062894,-47.10587953,COLISÃO,COLISÃO-LATERAL,NÃO INFORMADO,MOTO=1|UTILITÁRIO=1,CAMPINAS,CAMPINAS,CAMPINAS,ESTADUAL
2988,2023-07-18,12:27:27,L01-AUTOBAN,SPI102/330,0.6,NORTE,-22.864917,-47.134613,COLISÃO,COLISÃO-TRASEIRA,NÃO INFORMADO,UTILITÁRIO=2,CAMPINAS,CAMPINAS,CAMPINAS,ESTADUAL
2989,2023-07-18,13:29:02,L01-AUTOBAN,SP330,97.9,SUL,-22.89705854,-47.11064154,COLISÃO,COLISÃO-LATERAL,NÃO INFORMADO,AUTOMÓVEL=1|MOTO=1,CAMPINAS,CAMPINAS,CAMPINAS,ESTADUAL
2990,2023-07-18,14:49:43,L01-AUTOBAN,SP330,153.2,NORTE,-22.50376339,-47.39899886,COLISÃO,COLISÃO-TRASEIRA,NÃO INFORMADO,CAMINHÃO=1|CARRETA=1,CORDEIRÓPOLIS,CAMPINAS,RIO CLARO,ESTADUAL
2991,2023-07-18,15:48:24,L01-AUTOBAN,SP330,148.4,NORTE,-22.54201705,-47.37819877,COLISÃO,COLISÃO-TRASEIRA,NÃO INFORMADO,CAMINHÃO=2,LIMEIRA,CAMPINAS,RIO CLARO,ESTADUAL
2993,2023-07-18,18:30:35,L01-AUTOBAN,SP330,121.8,NORTE,-22.74489579,-47.2668886,COLISÃO,COLISÃO-TRASEIRA,NÃO INFORMADO,AUTOMÓVEL=2|NÃO INFORMADO=1,AMERICANA,CAMPINAS,RIO CLARO,ESTADUAL
2994,2023-07-18,18:59:32,L01-AUTOBAN,SP330,107.7,NORTE,-22.83945246,-47.17082977,COLISÃO,COLISÃO-TRASEIRA,NÃO INFORMADO,AUTOMÓVEL=1|UTILITÁRIO=1,SUMARÉ,CAMPINAS,CAMPINAS,ESTADUAL
2995,2023-07-18,20:13:12,L01-AUTOBAN,SP330,72.15,SUL,-23.08944824,-46.97360239,TOMBAMENTO,TOMBAMENTO-MOTO,NÃO INFORMADO,MOTO=1,LOUVEIRA,CAMPINAS,CAMPINAS,ESTADUAL
2996,2023-07-18,20:54:44,L01-AUTOBAN,SPM330D,94.0,NORTE,-22.92459308,-47.08717167,ENGAVETAMENTO,ENGAVETAMENTO,NÃO INFORMADO,AUTOMÓVEL=3,CAMPINAS,CAMPINAS,CAMPINAS,ESTADUAL
2999,2023-07-19,06:50:37,L01-AUTOBAN,SP330,47.8,NORTE,-23.27569649,-46.87028611,CHOQUE,CHOQUE-TALUDE OU BARRANCO,NÃO INFORMADO,UTILITÁRIO=1,JUNDIAÍ,CAMPINAS,CAMPINAS,ESTADUAL
3000,2023-07-19,07:09:42,L01-AUTOBAN,SP330,102.5,NORTE,-22.86477978,-47.13568479,COLISÃO,COLISÃO-LATERAL,NÃO INFORMADO,MOTO=2,CAMPINAS,CAMPINAS,CAMPINAS,ESTADUAL
3003,2023-07-19,10:21:15,L01-AUTOBAN,SP330,128.0,SUL,-22.70416676,-47.30359912,CHOQUE,CHOQUE-DEFENSA METÁLICA,NÃO INFORMADO,MOTO=1,AMERICANA,CAMPINAS,RIO CLARO,ESTADUAL
3004,2023-07-19,14:05:52,L01-AUTOBAN,SP330,152.1,NORTE,-22.51286264,-47.39573409,ENGAVETAMENTO,ENGAVETAMENTO,NÃO INFORMADO,CAMINHÃO=2|ÔNIBUS=1,LIMEIRA,CAMPINAS,RIO CLARO,ESTADUAL
3005,2023-07-19,16:11:21,L01-AUTOBAN,SP330,153.3,NORTE,-22.5029,-47.39903319,COLISÃO,COLISÃO-LATERAL,NÃO INFORMADO,AUTOMÓVEL=1|BITREM/CVC=1,CORDEIRÓPOLIS,CAMPINAS,RIO CLARO,ESTADUAL
3006,2023-07-19,17:45:31,L01-AUTOBAN,SPM330E,113.3,SUL,-22.80534167,-47.21810426,TOMBAMENTO,TOMBAMENTO-MOTO,NÃO INFORMADO,MOTO=1,SUMARÉ,CAMPINAS,CAMPINAS,ESTADUAL
3007,2023-07-19,17:50:07,L01-AUTOBAN,SP330,126.8,SUL,-22.71290093,-47.29734529,COLISÃO,COLISÃO-TRASEIRA,NÃO INFORMADO,MOTO=1|NÃO INFORMADO=1,AMERICANA,CAMPINAS,RIO CLARO,ESTADUAL
3009,2023-07-19,23:35:42,L01-AUTOBAN,SP330,65.0,SUL,-23.14463174,-46.93948388,COLISÃO,COLISÃO-TRASEIRA,NÃO INFORMADO,AUTOMÓVEL=1|NÃO INFORMADO=1,JUNDIAÍ,CAMPINAS,CAMPINAS,ESTADUAL
3010,2023-07-20,06:11:49,L01-AUTOBAN,SPM330D,110.0,NORTE,-22.82267208,-47.19248056,COLISÃO,COLISÃO-TRASEIRA,NÃO INFORMADO,AUTOMÓVEL=1|CARRETA=1,SUMARÉ,CAMPINAS,CAMPINAS,ESTADUAL
3011,2023-07-20,06:26:28,L01-AUTOBAN,SP330,59.5,NORTE,-23.18496496,-46.90901399,CHOQUE,CHOQUE-OBJETO NA PISTA,NÃO INFORMADO,MOTO=1,JUNDIAÍ,CAMPINAS,CAMPINAS,ESTADUAL
3013,2023-07-20,11:21:18,L01-AUTOBAN,SP330,82.2,SUL,-23.01192878,-47.02423738,COLISÃO,COLISÃO-LATERAL,NÃO INFORMADO,MOTO=1|ÔNIBUS=1,VALINHOS,CAMPINAS,CAMPINAS,ESTADUAL
3014,2023-07-20,15:23:22,L01-AUTOBAN,SP330,36.0,NORTE,-23.360169,-46.848369,COLISÃO,COLISÃO-TRASEIRA,NÃO INFORMADO,CAMINHÃO=2,CAJAMAR,REG. METROPOLITANA SÃO PAULO,SÃO PAULO,ESTADUAL
3020,2023-07-21,04:46:36,L01-AUTOBAN,SP330,27.0,SUL,-23.4161748,-46.8031472,CHOQUE,CHOQUE-SINALIZAÇÃO,NÃO INFORMADO,MOTO=1,SÃO PAULO,REG. METROPOLITANA SÃO PAULO,SÃO PAULO,ESTADUAL
3021,2023-07-21,06:15:56,L01-AUTOBAN,SP330,139.15,NORTE,-22.61650458,-47.35001737,COLISÃO,COLISÃO-TRASEIRA,NÃO INFORMADO,BITREM/CVC=1|CAMINHÃO=1,LIMEIRA,CAMPINAS,RIO CLARO,ESTADUAL
3022,2023-07-21,06:20:06,L01-AUTOBAN,SP330,107.0,NORTE,-22.83945246,-47.17082977,CHOQUE,CHOQUE-DEFENSA METÁLICA,NÃO INFORMADO,AUTOMÓVEL=1,SUMARÉ,CAMPINAS,CAMPINAS,ESTADUAL
3023,2023-07-21,06:34:43,L01-AUTOBAN,SPM330D,15.0,NORTE,-23.49985249,-46.75452411,CHOQUE,CHOQUE-BARREIRA DE CONCRETO,NÃO INFORMADO,CAMINHÃO=1,SÃO PAULO,REG. METROPOLITANA SÃO PAULO,SÃO PAULO,ESTADUAL
3024,2023-07-21,07:53:12,L01-AUTOBAN,SP330,59.7,SUL,-23.18352012,-46.91015017,ENGAVETAMENTO,ENGAVETAMENTO,NÃO INFORMADO,AUTOMÓVEL=1|NÃO INFORMADO=2,JUNDIAÍ,CAMPINAS,CAMPINAS,ESTADUAL
3026,2023-07-21,11:41:25,L01-AUTOBAN,SP330,20.8,SUL,-23.46257509,-46.78097176,COLISÃO,COLISÃO-LATERAL,NÃO INFORMADO,AUTOMÓVEL=1|NÃO INFORMADO=1,SÃO PAULO,REG. METROPOLITANA SÃO PAULO,SÃO PAULO,ESTADUAL
3029,2023-07-21,15:31:30,L01-AUTOBAN,SP330,26.0,SUL,-23.42090535,-46.79437637,COLISÃO,COLISÃO-TRASEIRA,NÃO INFORMADO,CAMINHÃO=1|ÔNIBUS=1,SÃO PAULO,REG. METROPOLITANA SÃO PAULO,SÃO PAULO,ESTADUAL
3030,2023-07-21,15:55:05,L01-AUTOBAN,SP330,142.0,SUL,-22.596398,-47.36565,COLISÃO,COLISÃO-TRASEIRA,NÃO INFORMADO,UTILITÁRIO=2,LIMEIRA,CAMPINAS,RIO CLARO,ESTADUAL
3037,2023-07-21,19:05:02,L01-AUTOBAN,SP330,83.64,NORTE,-23.00052355,-47.03120362,COLISÃO,COLISÃO-TRASEIRA,NÃO INFORMADO,AUTOMÓVEL=1|MOTO=1,VALINHOS,CAMPINAS,CAMPINAS,ESTADUAL
3039,2023-07-21,20:55:37,L01-AUTOBAN,SP330,90.8,NORTE,-22.94448395,-47.06562514,COLISÃO,COLISÃO-TRASEIRA,NÃO INFORMADO,AUTOMÓVEL=1|MOTO=1,CAMPINAS,CAMPINAS,CAMPINAS,ESTADUAL
3040,2023-07-21,22:54:29,L01-AUTOBAN,SPM330E,108.9,SUL,-22.82804804,-47.18357108,CHOQUE,CHOQUE-SINALIZAÇÃO,NÃO INFORMADO,MOTO=1,SUMARÉ,CAMPINAS,CAMPINAS,ESTADUAL
3042,2023-07-22,04:47:11,L01-AUTOBAN,SPM330D,109.0,NORTE,-22.82737416,-47.18387604,COLISÃO,COLISÃO-FRONTAL,NÃO INFORMADO,AUTOMÓVEL=1,SUMARÉ,CAMPINAS,CAMPINAS,ESTADUAL
3043,2023-07-22,05:14:55,L01-AUTOBAN,SP330,101.5,SUL,-22.87122222,-47.12865308,CHOQUE,CHOQUE-BARREIRA DE CONCRETO,NÃO INFORMADO,AUTOMÓVEL=1,CAMPINAS,CAMPINAS,CAMPINAS,ESTADUAL
3044,2023-07-22,05:33:56,L01-AUTOBAN,SP330,23.0,SUL,-23.44426027,-46.78705394,ATROPELAMENTO DE PEDESTRE,ATROP. PEDESTRE-MORADOR/TRABALHADOR/ESTUDANTE,NÃO INFORMADO,NÃO INFORMADO=1|NÃO SE APLICA=1,SÃO PAULO,REG. METROPOLITANA SÃO PAULO,SÃO PAULO,ESTADUAL
3045,2023-07-22,09:57:31,L01-AUTOBAN,SP330,103.0,NORTE,-22.86219711,-47.13924408,COLISÃO,COLISÃO-LATERAL,NÃO INFORMADO,AUTOMÓVEL=1|CARRETA=1|UTILITÁRIO=1,CAMPINAS,CAMPINAS,CAMPINAS,ESTADUAL
3046,2023-07-22,19:15:54,L01-AUTOBAN,SP330,56.1,NORTE,-23.21040354,-46.89248352,COLISÃO,COLISÃO-TRASEIRA,NÃO INFORMADO,AUTOMÓVEL=1|UTILITÁRIO=1,JUNDIAÍ,CAMPINAS,CAMPINAS,ESTADUAL
3047,2023-07-22,19:44:17,L01-AUTOBAN,SP330,20.2,NORTE,-23.46729806,-46.77937961,ENGAVETAMENTO,ENGAVETAMENTO,NÃO INFORMADO,AUTOMÓVEL=4,OSASCO,REG. METROPOLITANA SÃO PAULO,SÃO PAULO,ESTADUAL
3048,2023-07-23,01:26:08,L01-AUTOBAN,SP330,138.45,NORTE,-22.62103135,-47.34556575,CHOQUE,CHOQUE-OBJETO NA PISTA,NÃO INFORMADO,AUTOMÓVEL=1,LIMEIRA,CAMPINAS,RIO CLARO,ESTADUAL
3049,2023-07-23,05:30:00,L01-AUTOBAN,SPI102/330,6.0,NORTE,-22.916105,-47.134975,CHOQUE,CHOQUE-SINALIZAÇÃO,NÃO INFORMADO,VAN/PERUA=1,CAMPINAS,CAMPINAS,CAMPINAS,ESTADUAL
3050,2023-07-23,05:56:06,L01-AUTOBAN,SP330,90.4,NORTE,-22.94773391,-47.06379739,CHOQUE,CHOQUE-VEÍCULO PARADO NA PISTA,NÃO INFORMADO,AUTOMÓVEL=2,CAMPINAS,CAMPINAS,CAMPINAS,ESTADUAL
3051,2023-07-23,07:53:32,L01-AUTOBAN,SPM330E,59.0,SUL,-23.18900852,-46.90679312,CHOQUE,CHOQUE-POSTE,NÃO INFORMADO,AUTOMÓVEL=1,JUNDIAÍ,CAMPINAS,CAMPINAS,ESTADUAL
3052,2023-07-23,08:08:18,L01-AUTOBAN,SP330,37.0,NORTE,-23.3512985,-46.84660435,COLISÃO,COLISÃO-TRASEIRA,NÃO INFORMADO,AUTOMÓVEL=1|MOTO=1,CAJAMAR,REG. METROPOLITANA SÃO PAULO,SÃO PAULO,ESTADUAL
3053,2023-07-23,09:42:31,L01-AUTOBAN,SP330,41.0,NORTE,-23.32336079,-46.84696376,COLISÃO,COLISÃO-LATERAL,NÃO INFORMADO,MOTO=2,CAJAMAR,REG. METROPOLITANA SÃO PAULO,SÃO PAULO,ESTADUAL
3054,2023-07-23,09:55:41,L01-AUTOBAN,SP330,79.0,SUL,-23.037406,-47.009422,ATROPELAMENTO DE ANIMAL,ATROP. ANIMAL,NÃO INFORMADO,AUTOMÓVEL=1,VINHEDO,CAMPINAS,CAMPINAS,ESTADUAL
3057,2023-07-23,16:26:29,L01-AUTOBAN,SP330,11.5,NORTE,-23.50987561,-46.72945587,CAPOTAMENTO,CAPOTAMENTO,NÃO INFORMADO,AUTOMÓVEL=2,SÃO PAULO,REG. METROPOLITANA SÃO PAULO,SÃO PAULO,ESTADUAL
3060,2023-07-23,17:32:12,L01-AUTOBAN,SP330,56.0,SUL,-23.21105335,-46.89180493,COLISÃO,COLISÃO-TRASEIRA,NÃO INFORMADO,AUTOMÓVEL=2,JUNDIAÍ,CAMPINAS,CAMPINAS,ESTADUAL
3061,2023-07-23,18:25:50,L01-AUTOBAN,SPM330D,112.7,NORTE,-22.80901881,-47.21413026,CHOQUE,CHOQUE-DEFENSA METÁLICA,NÃO INFORMADO,AUTOMÓVEL=1,SUMARÉ,CAMPINAS,CAMPINAS,ESTADUAL
3062,2023-07-23,22:11:10,L01-AUTOBAN,SPM330D,59.22,NORTE,-23.18892963,-46.90656781,ATROPELAMENTO DE PEDESTRE,ATROP. PEDESTRE-MORADOR/TRABALHADOR/ESTUDANTE,NÃO INFORMADO,MOTO=1|NÃO SE APLICA=1,JUNDIAÍ,CAMPINAS,CAMPINAS,ESTADUAL
3063,2023-07-24,02:19:49,L01-AUTOBAN,SP330,76.1,NORTE,-23.05935521,-46.99510299,ATROPELAMENTO DE ANIMAL,ATROP. ANIMAL,NÃO INFORMADO,AUTOMÓVEL=1,VINHEDO,CAMPINAS,CAMPINAS,ESTADUAL
3065,2023-07-24,06:31:38,L01-AUTOBAN,SP330,25.4,NORTE,-23.42387885,-46.79035085,COLISÃO,COLISÃO-LATERAL,NÃO INFORMADO,AUTOMÓVEL=1|CARRETA=1,SÃO PAULO,REG. METROPOLITANA SÃO PAULO,SÃO PAULO,ESTADUAL
3066,2023-07-24,09:08:34,L01-AUTOBAN,SP330,76.5,NORTE,-23.056488,-46.997171,COLISÃO,COLISÃO-LATERAL,NÃO INFORMADO,AUTOMÓVEL=1|NÃO INFORMADO=1,VINHEDO,CAMPINAS,CAMPINAS,ESTADUAL
3069,2023-07-24,13:02:01,L01-AUTOBAN,SPI102/330,1.94,SUL,-22.88105204,-47.13104038,COLISÃO,COLISÃO-TRASEIRA,NÃO INFORMADO,CAMINHÃO=1|CARRETA=1,CAMPINAS,CAMPINAS,CAMPINAS,ESTADUAL
3070,2023-07-24,13:39:54,L01-AUTOBAN,SP330,47.0,SUL,-23.28229078,-46.87295437,TOMBAMENTO,TOMBAMENTO-MOTO,NÃO INFORMADO,MOTO=1,JUNDIAÍ,CAMPINAS,CAMPINAS,ESTADUAL
3073,2023-07-24,18:09:22,L01-AUTOBAN,SP330,108.3,NORTE,-22.83102195,-47.17918219,COLISÃO,COLISÃO-TRASEIRA,NÃO INFORMADO,BITREM/CVC=1|CAMINHÃO=1,SUMARÉ,CAMPINAS,CAMPINAS,ESTADUAL
3074,2023-07-24,18:31:22,L01-AUTOBAN,SP330,103.7,NORTE,-22.85842265,-47.1458163,COLISÃO,COLISÃO-TRASEIRA,NÃO INFORMADO,AUTOMÓVEL=1|MOTO=1,CAMPINAS,CAMPINAS,CAMPINAS,ESTADUAL
3079,2023-07-25,03:37:26,L01-AUTOBAN,SP330,124.5,SUL,-22.7313573,-47.28896499,ATROPELAMENTO DE PEDESTRE,ATROP. PEDESTRE-MORADOR/TRABALHADOR/ESTUDANTE,NÃO INFORMADO,CARRETA=1|NÃO SE APLICA=1,AMERICANA,CAMPINAS,RIO CLARO,ESTADUAL
3080,2023-07-25,06:11:40,L01-AUTOBAN,SP330,136.0,SUL,-22.638337,-47.330187,ATROPELAMENTO DE PEDESTRE,ATROP. PEDESTRE-MORADOR/TRABALHADOR/ESTUDANTE,NÃO INFORMADO,MOTO=1|NÃO SE APLICA=1,LIMEIRA,CAMPINAS,RIO CLARO,ESTADUAL
3081,2023-07-25,07:01:11,L01-AUTOBAN,SPM330D,25.0,NORTE,-23.426127,-46.787542,TOMBAMENTO,TOMBAMENTO-MOTO,NÃO INFORMADO,MOTO=1,SÃO PAULO,REG. METROPOLITANA SÃO PAULO,SÃO PAULO,ESTADUAL
3083,2023-07-25,08:23:20,L01-AUTOBAN,SPM330E,95.0,SUL,-22.91990919,-47.09415078,COLISÃO,COLISÃO-TRASEIRA,NÃO INFORMADO,AUTOMÓVEL=1|MOTO=1,CAMPINAS,CAMPINAS,CAMPINAS,ESTADUAL
3085,2023-07-25,10:09:34,L01-AUTOBAN,SP330,103.8,NORTE,-22.85788341,-47.14675524,CHOQUE,CHOQUE-SINALIZAÇÃO,NÃO INFORMADO,UTILITÁRIO=1,CAMPINAS,CAMPINAS,CAMPINAS,ESTADUAL
3088,2023-07-26,06:07:14,L01-AUTOBAN,SPM330D,101.2,NORTE,-22.87252264,-47.12622032,CHOQUE,CHOQUE-MEIO FIO/CALÇAMENTO,NÃO INFORMADO,AUTOMÓVEL=1,CAMPINAS,CAMPINAS,CAMPINAS,ESTADUAL
3090,2023-07-26,08:19:32,L01-AUTOBAN,SP330,83.42,NORTE,-23.00221825,-47.03005885,COLISÃO,COLISÃO-TRANSVERSAL,NÃO INFORMADO,AUTOMÓVEL=3,VALINHOS,CAMPINAS,CAMPINAS,ESTADUAL
3096,2023-07-26,16:14:41,L01-AUTOBAN,SP330,61.0,SUL,-23.17530448,-46.91870213,ENGAVETAMENTO,ENGAVETAMENTO,NÃO INFORMADO,AUTOMÓVEL=2|UTILITÁRIO=1,JUNDIAÍ,CAMPINAS,CAMPINAS,ESTADUAL
3101,2023-07-27,07:07:14,L01-AUTOBAN,SP330,106.5,SUL,-22.84332338,-47.16756821,COLISÃO,COLISÃO-TRASEIRA,NÃO INFORMADO,AUTOMÓVEL=2,SUMARÉ,CAMPINAS,CAMPINAS,ESTADUAL
3102,2023-07-27,11:50:05,L01-AUTOBAN,SP330,36.0,SUL,-23.36049321,-46.84859991,CHOQUE,CHOQUE-SINALIZAÇÃO,NÃO INFORMADO,CAMINHÃO=1,CAJAMAR,REG. METROPOLITANA SÃO PAULO,SÃO PAULO,ESTADUAL
3104,2023-07-27,12:59:37,L01-AUTOBAN,SP330,36.0,NORTE,-23.360169,-46.848369,CHOQUE,CHOQUE-SINALIZAÇÃO,NÃO INFORMADO,ÔNIBUS=1,CAJAMAR,REG. METROPOLITANA SÃO PAULO,SÃO PAULO,ESTADUAL
3106,2023-07-27,16:21:28,L01-AUTOBAN,SP330,82.0,NORTE,-23.0130822,-47.02276647,ATROPELAMENTO DE PEDESTRE,ATROP. PEDESTRE-MORADOR/TRABALHADOR/ESTUDANTE,NÃO INFORMADO,MOTO=1|NÃO SE APLICA=1,VALINHOS,CAMPINAS,CAMPINAS,ESTADUAL
3108,2023-07-27,18:04:42,L01-AUTOBAN,SP330,104.7,NORTE,-22.85324034,-47.15430609,COLISÃO,COLISÃO-TRASEIRA,NÃO INFORMADO,AUTOMÓVEL=2,CAMPINAS,CAMPINAS,CAMPINAS,ESTADUAL
3112,2023-07-27,19:28:46,L01-AUTOBAN,SP330,107.7,NORTE,-22.83464548,-47.17526827,COLISÃO,COLISÃO-TRASEIRA,NÃO INFORMADO,AUTOMÓVEL=1|UTILITÁRIO=1,SUMARÉ,CAMPINAS,CAMPINAS,ESTADUAL
3113,2023-07-27,19:45:00,L01-AUTOBAN,SPM330D,110.9,NORTE,-22.8182042,-47.20080884,COLISÃO,COLISÃO-TRASEIRA,NÃO INFORMADO,AUTOMÓVEL=1|MOTO=1,SUMARÉ,CAMPINAS,CAMPINAS,ESTADUAL
3114,2023-07-28,03:10:00,L01-AUTOBAN,SPM330D,57.42,NORTE,-23.20213906,-46.90102035,CHOQUE,CHOQUE-TALUDE OU BARRANCO,NÃO INFORMADO,AUTOMÓVEL=1,JUNDIAÍ,CAMPINAS,CAMPINAS,ESTADUAL
3115,2023-07-28,03:40:00,L01-AUTOBAN,SP330,103.0,SUL,-22.862525,-47.139454,CHOQUE,CHOQUE-BARREIRA DE CONCRETO,NÃO INFORMADO,VIATURA CONCESSIONÁRIA=1,CAMPINAS,CAMPINAS,CAMPINAS,ESTADUAL
3116,2023-07-28,04:25:31,L01-AUTOBAN,SP330,25.2,SUL,-23.42544507,-46.78896488,ATROPELAMENTO DE PEDESTRE,ATROP. PEDESTRE-MORADOR/TRABALHADOR/ESTUDANTE,NÃO INFORMADO,AUTOMÓVEL=2|NÃO SE APLICA=1,SÃO PAULO,REG. METROPOLITANA SÃO PAULO,SÃO PAULO,ESTADUAL
3117,2023-07-28,07:01:44,L01-AUTOBAN,SP330,113.2,NORTE,-22.80570864,-47.21743367,COLISÃO,COLISÃO-LATERAL,NÃO INFORMADO,MOTO=2|UTILITÁRIO=1,SUMARÉ,CAMPINAS,CAMPINAS,ESTADUAL
3119,2023-07-28,07:50:29,L01-AUTOBAN,SP330,107.0,SUL,-22.83986774,-47.17085123,ENGAVETAMENTO,ENGAVETAMENTO,NÃO INFORMADO,AUTOMÓVEL=4,SUMARÉ,CAMPINAS,CAMPINAS,ESTADUAL
3124,2023-07-28,14:57:02,L01-AUTOBAN,SPM330E,101.0,SUL,-22.87408945,-47.12487817,TOMBAMENTO,TOMBAMENTO-MOTO,NÃO INFORMADO,MOTO=1,CAMPINAS,CAMPINAS,CAMPINAS,ESTADUAL
3125,2023-07-28,15:52:30,L01-AUTOBAN,SP330,109.0,SUL,-22.827506,-47.184259,ENGAVETAMENTO,ENGAVETAMENTO,NÃO INFORMADO,AUTOMÓVEL=2|UTILITÁRIO=1,SUMARÉ,CAMPINAS,CAMPINAS,ESTADUAL
3128,2023-07-28,18:12:21,L01-AUTOBAN,SP330,65.6,SUL,-23.14032246,-46.94223582,COLISÃO,COLISÃO-LATERAL,NÃO INFORMADO,AUTOMÓVEL=2|MOTO=1,JUNDIAÍ,CAMPINAS,CAMPINAS,ESTADUAL
3129,2023-07-28,18:58:58,L01-AUTOBAN,SP330,92.0,NORTE,-22.93511642,-47.07138956,COLISÃO,COLISÃO-LATERAL,NÃO INFORMADO,AUTOMÓVEL=1|NÃO INFORMADO=1|UTILITÁRIO=1,CAMPINAS,CAMPINAS,CAMPINAS,ESTADUAL
3131,2023-07-28,20:37:47,L01-AUTOBAN,SP330,63.1,NORTE,-23.15990874,-46.93220736,COLISÃO,COLISÃO-TRASEIRA,NÃO INFORMADO,AUTOMÓVEL=2,JUNDIAÍ,CAMPINAS,CAMPINAS,ESTADUAL
3136,2023-07-29,11:56:34,L01-AUTOBAN,SP330,97.9,NORTE,-22.89669483,-47.11045325,TOMBAMENTO,TOMBAMENTO-MOTO,NÃO INFORMADO,MOTO=1,CAMPINAS,CAMPINAS,CAMPINAS,ESTADUAL
3137,2023-07-29,18:04:25,L01-AUTOBAN,SP330,124.3,NORTE,-22.7321989,-47.28770759,COLISÃO,COLISÃO-TRASEIRA,NÃO INFORMADO,BICICLETA=1|VAN/PERUA=1,AMERICANA,CAMPINAS,RIO CLARO,ESTADUAL
3138,2023-07-29,18:20:51,L01-AUTOBAN,SPM330D,120.0,NORTE,-22.756649,-47.254609,COLISÃO,COLISÃO-TRASEIRA,NÃO INFORMADO,AUTOMÓVEL=1|MOTO=1,AMERICANA,CAMPINAS,RIO CLARO,ESTADUAL
3140,2023-07-29,21:53:16,L01-AUTOBAN,SP330,95.7,NORTE,-22.91392412,-47.09919063,CHOQUE,CHOQUE-BARREIRA DE CONCRETO,NÃO INFORMADO,AUTOMÓVEL=1,CAMPINAS,CAMPINAS,CAMPINAS,ESTADUAL
3141,2023-07-30,02:59:59,L01-AUTOBAN,SP330,31.0,NORTE,-23.40142089,-46.83682501,ATROPELAMENTO DE ANIMAL,ATROP. ANIMAL,NÃO INFORMADO,AUTOMÓVEL=1,CAJAMAR,REG. METROPOLITANA SÃO PAULO,SÃO PAULO,ESTADUAL
3142,2023-07-30,04:11:46,L01-AUTOBAN,SP330,66.0,SUL,-23.13744959,-46.94407046,CHOQUE,CHOQUE-DEFENSA METÁLICA,NÃO INFORMADO,AUTOMÓVEL=1,JUNDIAÍ,CAMPINAS,CAMPINAS,ESTADUAL
3143,2023-07-30,04:42:54,L01-AUTOBAN,SPM330D,15.9,NORTE,-23.49466771,-46.75837201,CHOQUE,CHOQUE-SINALIZAÇÃO,NÃO INFORMADO,AUTOMÓVEL=1,SÃO PAULO,REG. METROPOLITANA SÃO PAULO,SÃO PAULO,ESTADUAL
3144,2023-07-30,04:46:06,L01-AUTOBAN,SPM330E,112.0,SUL,-22.81384598,-47.20930338,CHOQUE,CHOQUE-SINALIZAÇÃO,NÃO INFORMADO,MOTO=1,SUMARÉ,CAMPINAS,CAMPINAS,ESTADUAL
3145,2023-07-30,07:09:02,L01-AUTOBAN,SP330,47.5,NORTE,-23.27805293,-46.87123239,CHOQUE,CHOQUE-BARREIRA DE CONCRETO,NÃO INFORMADO,AUTOMÓVEL=1,JUNDIAÍ,CAMPINAS,CAMPINAS,ESTADUAL
3146,2023-07-30,10:22:56,L01-AUTOBAN,SP330,64.9,NORTE,-23.14527295,-46.93892599,COLISÃO,COLISÃO-TRASEIRA,NÃO INFORMADO,MOTO=2,JUNDIAÍ,CAMPINAS,CAMPINAS,ESTADUAL
3147,2023-07-30,18:15:48,L01-AUTOBAN,SP330,29.3,SUL,-23.40941095,-46.82074249,CHOQUE,CHOQUE-VEÍCULO PARADO NA PISTA,NÃO INFORMADO,MOTO=1|ÔNIBUS=1,SÃO PAULO,REG. METROPOLITANA SÃO PAULO,SÃO PAULO,ESTADUAL
3151,2023-07-31,04:12:25,L01-AUTOBAN,SPM330D,108.0,NORTE,-22.83258532,-47.17717052,CAPOTAMENTO,CAPOTAMENTO,NÃO INFORMADO,AUTOMÓVEL=1|MOTO=1,SUMARÉ,CAMPINAS,CAMPINAS,ESTADUAL
3152,2023-07-31,05:47:42,L01-AUTOBAN,SP330,61.0,NORTE,-23.17529462,-46.91833198,ENGAVETAMENTO,ENGAVETAMENTO,NÃO INFORMADO,AUTOMÓVEL=2|NÃO INFORMADO=1,JUNDIAÍ,CAMPINAS,CAMPINAS,ESTADUAL
3153,2023-07-31,06:50:01,L01-AUTOBAN,SP330,108.94,NORTE,-22.82768682,-47.18347372,COLISÃO,COLISÃO-LATERAL,NÃO INFORMADO,CARRETA=1|UTILITÁRIO=1,SUMARÉ,CAMPINAS,CAMPINAS,ESTADUAL
3154,2023-07-31,10:23:07,L01-AUTOBAN,SP330,102.8,NORTE,-22.86323016,-47.13782038,COLISÃO,COLISÃO-LATERAL,NÃO INFORMADO,AUTOMÓVEL=1|CAMINHÃO=1,CAMPINAS,CAMPINAS,CAMPINAS,ESTADUAL
3155,2023-07-31,10:31:23,L01-AUTOBAN,SP330,102.6,NORTE,-22.86426325,-47.13639664,COLISÃO,COLISÃO-LATERAL,NÃO INFORMADO,AUTOMÓVEL=1|CARRETA=1,CAMPINAS,CAMPINAS,CAMPINAS,ESTADUAL
3157,2023-07-31,10:54:47,L01-AUTOBAN,SPM330D,119.4,NORTE,-22.76058985,-47.25051302,CHOQUE,CHOQUE-VEÍCULO PARADO NA PISTA,NÃO INFORMADO,CAMINHÃO=2|UTILITÁRIO=1,NOVA ODESSA,CAMPINAS,RIO CLARO,ESTADUAL
3160,2023-07-31,17:21:00,L01-AUTOBAN,SP330,97.0,SUL,-22.90437906,-47.10784614,ENGAVETAMENTO,ENGAVETAMENTO,NÃO INFORMADO,AUTOMÓVEL=4|UTILITÁRIO=1,CAMPINAS,CAMPINAS,CAMPINAS,ESTADUAL
3162,2023-07-31,19:00:09,L01-AUTOBAN,SP330,112.94,NORTE,-22.80740951,-47.21589927,COLISÃO,COLISÃO-LATERAL,NÃO INFORMADO,AUTOMÓVEL=2|NÃO INFORMADO=1,SUMARÉ,CAMPINAS,CAMPINAS,ESTADUAL
3163,2023-07-31,19:49:39,L01-AUTOBAN,SP330,144.2,SUL,-22.57652817,-47.36683703,ATROPELAMENTO DE PEDESTRE,ATROP. PEDESTRE-ANDARILHO,NÃO INFORMADO,NÃO INFORMADO=1|NÃO SE APLICA=1,LIMEIRA,CAMPINAS,RIO CLARO,ESTADUAL
3167,2023-08-01,08:21:22,L01-AUTOBAN,SP330,56.54,NORTE,-23.20821684,-46.89570541,COLISÃO,COLISÃO-TRASEIRA,NÃO INFORMADO,AUTOMÓVEL=1|UTILITÁRIO=1,JUNDIAÍ,CAMPINAS,CAMPINAS,ESTADUAL
3168,2023-08-01,08:53:22,L01-AUTOBAN,SP330,21.6,SUL,-23.4562181,-46.784567,COLISÃO,COLISÃO-TRASEIRA,NÃO INFORMADO,AUTOMÓVEL=1|MOTO=1,SÃO PAULO,REG. METROPOLITANA SÃO PAULO,SÃO PAULO,ESTADUAL
3172,2023-08-01,18:55:31,L01-AUTOBAN,SP330,11.9,NORTE,-23.17322708,-46.93125077,ENGAVETAMENTO,ENGAVETAMENTO,NÃO INFORMADO,AUTOMÓVEL=1|CAMINHÃO=1|UTILITÁRIO=1,SÃO PAULO,REG. METROPOLITANA SÃO PAULO,SÃO PAULO,ESTADUAL
3173,2023-08-01,20:16:44,L01-AUTOBAN,SPM330E,14.4,SUL,-23.50427893,-46.75189876,CHOQUE,CHOQUE-DEFENSA METÁLICA,NÃO INFORMADO,AUTOMÓVEL=1,SÃO PAULO,REG. METROPOLITANA SÃO PAULO,SÃO PAULO,ESTADUAL
3174,2023-08-01,21:32:49,L01-AUTOBAN,SPM330D,116.5,NORTE,-22.77901554,-47.23274052,COLISÃO,COLISÃO-LATERAL,NÃO INFORMADO,CAMINHÃO=1|UTILITÁRIO=1,NOVA ODESSA,CAMPINAS,RIO CLARO,ESTADUAL
3176,2023-08-02,02:38:32,L01-AUTOBAN,SPM330D,113.5,NORTE,-22.80376073,-47.21907198,COLISÃO,COLISÃO-TRASEIRA,NÃO INFORMADO,AUTOMÓVEL=1|UTILITÁRIO=1,SUMARÉ,CAMPINAS,CAMPINAS,ESTADUAL
3177,2023-08-02,04:09:49,L01-AUTOBAN,SP330,89.0,SUL,-22.95898606,-47.05765665,COLISÃO,COLISÃO-TRASEIRA,NÃO INFORMADO,CARRETA=1|NÃO INFORMADO=1,CAMPINAS,CAMPINAS,CAMPINAS,ESTADUAL
3178,2023-08-02,07:19:57,L01-AUTOBAN,SP330,117.5,NORTE,-22.77185849,-47.23782063,COLISÃO,COLISÃO-TRASEIRA,NÃO INFORMADO,AUTOMÓVEL=2,NOVA ODESSA,CAMPINAS,RIO CLARO,ESTADUAL
3180,2023-08-02,08:00:39,L01-AUTOBAN,SPM330E,99.0,SUL,-22.88797241,-47.11348951,COLISÃO,COLISÃO-LATERAL,NÃO INFORMADO,AUTOMÓVEL=1|MOTO=1,CAMPINAS,CAMPINAS,CAMPINAS,ESTADUAL
3182,2023-08-02,11:36:43,L01-AUTOBAN,SP330,35.0,SUL,-23.369188,-46.845327,CHOQUE,CHOQUE-BARREIRA DE CONCRETO,NÃO INFORMADO,CAMINHÃO=1,CAJAMAR,REG. METROPOLITANA SÃO PAULO,SÃO PAULO,ESTADUAL
3183,2023-08-02,11:53:33,L01-AUTOBAN,SPM330E,104.0,SUL,-22.85707606,-47.14874983,COLISÃO,COLISÃO-TRASEIRA,NÃO INFORMADO,AUTOMÓVEL=1|MOTO=1,CAMPINAS,CAMPINAS,CAMPINAS,ESTADUAL
3185,2023-08-02,17:19:55,L01-AUTOBAN,SP330,20.0,NORTE,-23.46894457,-46.77887321,COLISÃO,COLISÃO-TRASEIRA,NÃO INFORMADO,AUTOMÓVEL=2,OSASCO,REG. METROPOLITANA SÃO PAULO,SÃO PAULO,ESTADUAL
3186,2023-08-02,18:24:50,L01-AUTOBAN,SP330,32.0,NORTE,-23.39275,-46.835307,COLISÃO,COLISÃO-TRASEIRA,NÃO INFORMADO,AUTOMÓVEL=1|CAMINHÃO=1,CAJAMAR,REG. METROPOLITANA SÃO PAULO,SÃO PAULO,ESTADUAL
3187,2023-08-02,19:08:14,L01-AUTOBAN,SP330,32.62,NORTE,-23.38775337,-46.83719273,ENGAVETAMENTO,ENGAVETAMENTO,NÃO INFORMADO,AUTOMÓVEL=2|CAMINHÃO=2|UTILITÁRIO=2,CAJAMAR,REG. METROPOLITANA SÃO PAULO,SÃO PAULO,ESTADUAL
3189,2023-08-03,04:31:31,L01-AUTOBAN,SP330,27.0,SUL,-23.4161748,-46.8031472,CHOQUE,CHOQUE-SINALIZAÇÃO,NÃO INFORMADO,MOTO=1,SÃO PAULO,REG. METROPOLITANA SÃO PAULO,SÃO PAULO,ESTADUAL
3191,2023-08-03,08:11:30,L01-AUTOBAN,SP330,83.28,SUL,-23.00335101,-47.02949409,COLISÃO,COLISÃO-TRASEIRA,NÃO INFORMADO,AUTOMÓVEL=2,VALINHOS,CAMPINAS,CAMPINAS,ESTADUAL
3192,2023-08-03,08:37:30,L01-AUTOBAN,SP330,103.8,NORTE,-22.85788341,-47.14675524,COLISÃO,COLISÃO-LATERAL,NÃO INFORMADO,CARRETA=1|UTILITÁRIO=1,CAMPINAS,CAMPINAS,CAMPINAS,ESTADUAL
3193,2023-08-03,09:48:53,L01-AUTOBAN,SP330,62.7,SUL,-23.16325959,-46.93032843,COLISÃO,COLISÃO-TRASEIRA,NÃO INFORMADO,AUTOMÓVEL=1|MOTO=1,JUNDIAÍ,CAMPINAS,CAMPINAS,ESTADUAL
3194,2023-08-03,12:14:36,L01-AUTOBAN,SP330,21.0,NORTE,-23.46071206,-46.78140521,CHOQUE,CHOQUE-BARREIRA DE CONCRETO,NÃO INFORMADO,CARRETA=1,SÃO PAULO,REG. METROPOLITANA SÃO PAULO,SÃO PAULO,ESTADUAL
3196,2023-08-03,17:01:33,L01-AUTOBAN,SP330,103.0,NORTE,-22.86219711,-47.13924408,ENGAVETAMENTO,ENGAVETAMENTO,NÃO INFORMADO,AUTOMÓVEL=2|CARRETA=1,CAMPINAS,CAMPINAS,CAMPINAS,ESTADUAL
3198,2023-08-03,17:18:55,L01-AUTOBAN,SPM330D,91.0,NORTE,-22.942859,-47.066539,COLISÃO,COLISÃO-TRASEIRA,NÃO INFORMADO,AUTOMÓVEL=1|NÃO INFORMADO=1,CAMPINAS,CAMPINAS,CAMPINAS,ESTADUAL
3199,2023-08-03,17:25:15,L01-AUTOBAN,SP330,61.1,NORTE,-23.17462688,-46.91915165,TOMBAMENTO,TOMBAMENTO-MOTO,NÃO INFORMADO,MOTO=1,JUNDIAÍ,CAMPINAS,CAMPINAS,ESTADUAL
3201,2023-08-03,19:24:55,L01-AUTOBAN,SP330,61.0,SUL,-23.17530448,-46.91870213,COLISÃO,COLISÃO-TRASEIRA,NÃO INFORMADO,AUTOMÓVEL=1|MOTO=1,JUNDIAÍ,CAMPINAS,CAMPINAS,ESTADUAL
3202,2023-08-03,22:34:18,L01-AUTOBAN,SP330,66.5,SUL,-23.13403838,-46.94736153,COLISÃO,COLISÃO-LATERAL,NÃO INFORMADO,AUTOMÓVEL=2|MOTO=1,JUNDIAÍ,CAMPINAS,CAMPINAS,ESTADUAL
3203,2023-08-03,23:41:31,L01-AUTOBAN,SP330,22.3,NORTE,-23.45042188,-46.78660816,COLISÃO,COLISÃO-LATERAL,NÃO INFORMADO,AUTOMÓVEL=1|NÃO INFORMADO=1|ÔNIBUS=1,SÃO PAULO,REG. METROPOLITANA SÃO PAULO,SÃO PAULO,ESTADUAL
3204,2023-08-04,04:56:02,L01-AUTOBAN,SPM330D,59.2,NORTE,-23.18734375,-46.90754629,CHOQUE,CHOQUE-SINALIZAÇÃO,NÃO INFORMADO,AUTOMÓVEL=1,JUNDIAÍ,CAMPINAS,CAMPINAS,ESTADUAL
3208,2023-08-04,07:35:44,L01-AUTOBAN,SP330,101.0,SUL,-22.87408945,-47.12487817,ENGAVETAMENTO,ENGAVETAMENTO,NÃO INFORMADO,AUTOMÓVEL=2|NÃO INFORMADO=1,CAMPINAS,CAMPINAS,CAMPINAS,ESTADUAL
3209,2023-08-04,08:28:32,L01-AUTOBAN,SP330,103.5,NORTE,-22.85950105,-47.14393854,TOMBAMENTO,TOMBAMENTO-MOTO,NÃO INFORMADO,MOTO=1,CAMPINAS,CAMPINAS,CAMPINAS,ESTADUAL
3210,2023-08-04,13:52:51,L01-AUTOBAN,SP330,26.5,NORTE,-23.42028241,-46.79498147,COLISÃO,COLISÃO-TRASEIRA,NÃO INFORMADO,AUTOMÓVEL=1,SÃO PAULO,REG. METROPOLITANA SÃO PAULO,SÃO PAULO,ESTADUAL
3213,2023-08-04,17:57:33,L01-AUTOBAN,SP330,21.5,NORTE,-23.45686622,-46.78394794,CHOQUE,CHOQUE-VEÍCULO PARADO NA PISTA,NÃO INFORMADO,AUTOMÓVEL=1|NÃO INFORMADO=1,SÃO PAULO,REG. METROPOLITANA SÃO PAULO,SÃO PAULO,ESTADUAL
3215,2023-08-04,19:00:05,L01-AUTOBAN,SPM330D,102.37,NORTE,-22.86545126,-47.13475939,TOMBAMENTO,TOMBAMENTO-MOTO,NÃO INFORMADO,MOTO=1,CAMPINAS,CAMPINAS,CAMPINAS,ESTADUAL
3220,2023-08-05,01:09:38,L01-AUTOBAN,SP330,115.9,NORTE,-22.78408415,-47.23018224,ATROPELAMENTO DE ANIMAL,ATROP. ANIMAL,NÃO INFORMADO,AUTOMÓVEL=1,NOVA ODESSA,CAMPINAS,RIO CLARO,ESTADUAL
3224,2023-08-05,05:58:08,L01-AUTOBAN,SP330,35.25,NORTE,-23.36695575,-46.84585725,COLISÃO,COLISÃO-LATERAL,NÃO INFORMADO,CARRETA=1|UTILITÁRIO=1,CAJAMAR,REG. METROPOLITANA SÃO PAULO,SÃO PAULO,ESTADUAL
3226,2023-08-05,08:04:32,L01-AUTOBAN,SPM330D,18.1,NORTE,-23.48154622,-46.7711125,TOMBAMENTO,TOMBAMENTO-MOTO,NÃO INFORMADO,MOTO=1,OSASCO,REG. METROPOLITANA SÃO PAULO,SÃO PAULO,ESTADUAL
3229,2023-08-05,10:08:50,L01-AUTOBAN,SPM330E,107.45,SUL,-22.83674419,-47.17378903,CHOQUE,CHOQUE-BARREIRA DE CONCRETO,NÃO INFORMADO,AUTOMÓVEL=1,SUMARÉ,CAMPINAS,CAMPINAS,ESTADUAL
3230,2023-08-05,10:32:59,L01-AUTOBAN,SP330,15.5,NORTE,-23.49697206,-46.75666183,CHOQUE,CHOQUE-BARREIRA DE CONCRETO,NÃO INFORMADO,AUTOMÓVEL=1,SÃO PAULO,REG. METROPOLITANA SÃO PAULO,SÃO PAULO,ESTADUAL
3231,2023-08-05,11:40:50,L01-AUTOBAN,SP330,98.0,NORTE,-22.89587453,-47.11074829,COLISÃO,COLISÃO-TRASEIRA,NÃO INFORMADO,MOTO=1|NÃO INFORMADO=1,CAMPINAS,CAMPINAS,CAMPINAS,ESTADUAL
3232,2023-08-05,11:54:55,L01-AUTOBAN,SP330,62.0,NORTE,-23.16861715,-46.92652881,COLISÃO,COLISÃO-TRASEIRA,NÃO INFORMADO,AUTOMÓVEL=2,JUNDIAÍ,CAMPINAS,CAMPINAS,ESTADUAL
3233,2023-08-05,13:07:09,L01-AUTOBAN,SP330,149.5,SUL,-22.53398089,-47.38409221,COLISÃO,COLISÃO-TRASEIRA,NÃO INFORMADO,AUTOMÓVEL=1|MOTO=1,LIMEIRA,CAMPINAS,RIO CLARO,ESTADUAL
3235,2023-08-05,15:41:40,L01-AUTOBAN,SP330,69.75,SUL,-23.10791284,-46.96149811,COLISÃO,COLISÃO-LATERAL,NÃO INFORMADO,MOTO=1|UTILITÁRIO=1,LOUVEIRA,CAMPINAS,CAMPINAS,ESTADUAL
3236,2023-08-05,15:57:27,L01-AUTOBAN,SPI102/330,2.9,NORTE,-22.88922074,-47.13269627,TOMBAMENTO,TOMBAMENTO-MOTO,NÃO INFORMADO,MOTO=1,CAMPINAS,CAMPINAS,CAMPINAS,ESTADUAL
3237,2023-08-05,20:15:58,L01-AUTOBAN,SP330,122.1,NORTE,-22.74306449,-47.26908372,COLISÃO,COLISÃO-TRASEIRA,NÃO INFORMADO,AUTOMÓVEL=1|ÔNIBUS=1,AMERICANA,CAMPINAS,RIO CLARO,ESTADUAL
3239,2023-08-06,01:37:46,L01-AUTOBAN,SP330,130.1,NORTE,-22.68723306,-47.31066674,COLISÃO,COLISÃO-TRASEIRA,NÃO INFORMADO,ÔNIBUS=2,AMERICANA,CAMPINAS,RIO CLARO,ESTADUAL
3240,2023-08-06,02:47:07,L01-AUTOBAN,SP330,104.1,SUL,-22.8565773,-47.14955341,CHOQUE,CHOQUE-BARREIRA DE CONCRETO,NÃO INFORMADO,AUTOMÓVEL=1,CAMPINAS,CAMPINAS,CAMPINAS,ESTADUAL
3242,2023-08-06,03:47:25,L01-AUTOBAN,SPM330E,94.0,SUL,-22.92488953,-47.08717167,COLISÃO,COLISÃO-LATERAL,NÃO INFORMADO,AUTOMÓVEL=2,CAMPINAS,CAMPINAS,CAMPINAS,ESTADUAL
3243,2023-08-06,04:03:21,L01-AUTOBAN,SPM330D,56.9,NORTE,-23.20642772,-46.89834149,CHOQUE,CHOQUE-DEFENSA METÁLICA,NÃO INFORMADO,AUTOMÓVEL=2,JUNDIAÍ,CAMPINAS,CAMPINAS,ESTADUAL
3244,2023-08-06,05:15:02,L01-AUTOBAN,SPM330E,113.9,SUL,-22.80146669,-47.22145809,CHOQUE,CHOQUE-POSTE,NÃO INFORMADO,AUTOMÓVEL=1,SUMARÉ,CAMPINAS,CAMPINAS,ESTADUAL
3245,2023-08-06,07:06:35,L01-AUTOBAN,SP330,21.6,NORTE,-23.45609705,-46.78445649,CHOQUE,CHOQUE-TALUDE OU BARRANCO,NÃO INFORMADO,AUTOMÓVEL=1,SÃO PAULO,REG. METROPOLITANA SÃO PAULO,SÃO PAULO,ESTADUAL
3246,2023-08-06,08:07:50,L01-AUTOBAN,SP330,111.5,NORTE,-22.81571012,-47.20535249,CHOQUE,CHOQUE-BARREIRA DE CONCRETO,NÃO INFORMADO,AUTOMÓVEL=1,SUMARÉ,CAMPINAS,CAMPINAS,ESTADUAL
3247,2023-08-06,09:46:05,L01-AUTOBAN,SP330,69.7,NORTE,-23.10588499,-46.96257234,COLISÃO,COLISÃO-LATERAL,NÃO INFORMADO,AUTOMÓVEL=2,LOUVEIRA,CAMPINAS,CAMPINAS,ESTADUAL
3248,2023-08-06,10:14:12,L01-AUTOBAN,SP330,93.0,SUL,-22.929865,-47.079096,COLISÃO,COLISÃO-TRASEIRA,NÃO INFORMADO,AUTOMÓVEL=1|MOTO=1,CAMPINAS,CAMPINAS,CAMPINAS,ESTADUAL
3249,2023-08-06,11:15:37,L01-AUTOBAN,SP330,103.0,SUL,-22.862525,-47.139454,CAPOTAMENTO,CAPOTAMENTO,NÃO INFORMADO,AUTOMÓVEL=1,CAMPINAS,CAMPINAS,CAMPINAS,ESTADUAL
3250,2023-08-06,16:46:22,L01-AUTOBAN,SP330,150.0,NORTE,-22.529694,-47.386737,ENGAVETAMENTO,ENGAVETAMENTO,NÃO INFORMADO,AUTOMÓVEL=3,LIMEIRA,CAMPINAS,RIO CLARO,ESTADUAL
3252,2023-08-06,17:57:13,L01-AUTOBAN,SP330,36.82,SUL,-23.35292608,-46.84717482,CHOQUE,CHOQUE-SINALIZAÇÃO,NÃO INFORMADO,AUTOMÓVEL=1,CAJAMAR,REG. METROPOLITANA SÃO PAULO,SÃO PAULO,ESTADUAL
3256,2023-08-06,23:36:59,L01-AUTOBAN,SPM330E,99.0,SUL,-22.88797241,-47.11348951,COLISÃO,COLISÃO-TRASEIRA,NÃO INFORMADO,AUTOMÓVEL=2,CAMPINAS,CAMPINAS,CAMPINAS,ESTADUAL
3267,2023-08-07,18:41:52,L01-AUTOBAN,SP330,137.5,SUL,-22.62755383,-47.33988672,ENGAVETAMENTO,ENGAVETAMENTO,NÃO INFORMADO,AUTOMÓVEL=1|CAMINHÃO=1|UTILITÁRIO=1,LIMEIRA,CAMPINAS,RIO CLARO,ESTADUAL
3268,2023-08-07,18:52:11,L01-AUTOBAN,SP330,61.3,SUL,-23.17335747,-46.92107587,COLISÃO,COLISÃO-LATERAL,NÃO INFORMADO,AUTOMÓVEL=1|MOTO=1,JUNDIAÍ,CAMPINAS,CAMPINAS,ESTADUAL
3269,2023-08-07,18:55:05,L01-AUTOBAN,SP330,18.78,SUL,-23.47557769,-46.77230501,CHOQUE,CHOQUE-BARREIRA DE CONCRETO,NÃO INFORMADO,UTILITÁRIO=1,OSASCO,REG. METROPOLITANA SÃO PAULO,SÃO PAULO,ESTADUAL
3270,2023-08-07,19:18:25,L01-AUTOBAN,SP330,24.1,SUL,-23.43400075,-46.78654005,COLISÃO,COLISÃO-TRASEIRA,NÃO INFORMADO,AUTOMÓVEL=1|MOTO=1,SÃO PAULO,REG. METROPOLITANA SÃO PAULO,SÃO PAULO,ESTADUAL
3271,2023-08-07,19:27:44,L01-AUTOBAN,SP330,140.4,SUL,-22.60857389,-47.3589561,COLISÃO,COLISÃO-LATERAL,NÃO INFORMADO,AUTOMÓVEL=1|NÃO INFORMADO=1,LIMEIRA,CAMPINAS,RIO CLARO,ESTADUAL
3272,2023-08-07,21:08:53,L01-AUTOBAN,SP330,123.4,NORTE,-22.73653156,-47.28033687,COLISÃO,COLISÃO-LATERAL,NÃO INFORMADO,CAMINHÃO=1|MOTO=1,AMERICANA,CAMPINAS,RIO CLARO,ESTADUAL
3273,2023-08-07,21:52:09,L01-AUTOBAN,SP330,23.0,NORTE,-23.4443587,-46.78688228,ATROPELAMENTO DE ANIMAL,ATROP. ANIMAL,NÃO INFORMADO,AUTOMÓVEL=1,SÃO PAULO,REG. METROPOLITANA SÃO PAULO,SÃO PAULO,ESTADUAL
3275,2023-08-08,03:32:09,L01-AUTOBAN,SPI102/330,0.7,SUL,-22.864917,-47.134613,TOMBAMENTO,TOMBAMENTO-MOTO,NÃO INFORMADO,MOTO=1,CAMPINAS,CAMPINAS,CAMPINAS,ESTADUAL
3278,2023-08-08,07:28:11,L01-AUTOBAN,SP330,102.9,NORTE,-22.86271363,-47.13853223,COLISÃO,COLISÃO-LATERAL,NÃO INFORMADO,AUTOMÓVEL=1|CARRETA=1,CAMPINAS,CAMPINAS,CAMPINAS,ESTADUAL
3279,2023-08-08,08:19:10,L01-AUTOBAN,SP330,108.6,SUL,-22.82967419,-47.18150728,ENGAVETAMENTO,ENGAVETAMENTO,NÃO INFORMADO,MOTO=2|UTILITÁRIO=1,SUMARÉ,CAMPINAS,CAMPINAS,ESTADUAL
3280,2023-08-08,08:29:47,L01-AUTOBAN,SP330,156.1,SUL,-22.47760935,-47.39988398,TOMBAMENTO,TOMBAMENTO-MOTO,NÃO INFORMADO,MOTO=1,CORDEIRÓPOLIS,CAMPINAS,RIO CLARO,ESTADUAL
3282,2023-08-08,10:29:32,L01-AUTOBAN,SP330,13.3,SUL,-23.50786217,-46.74304211,COLISÃO,COLISÃO-TRASEIRA,NÃO INFORMADO,AUTOMÓVEL=1|MOTO=1,SÃO PAULO,REG. METROPOLITANA SÃO PAULO,SÃO PAULO,ESTADUAL
3286,2023-08-08,12:52:58,L01-AUTOBAN,SP330,43.0,SUL,-23.31035042,-46.85740829,CHOQUE,CHOQUE-ELEMENTO DE DRENAGEM,NÃO INFORMADO,AUTOMÓVEL=1,CAJAMAR,REG. METROPOLITANA SÃO PAULO,SÃO PAULO,ESTADUAL
3288,2023-08-08,16:09:16,L01-AUTOBAN,SP330,22.1,NORTE,-23.45302038,-46.78649068,TOMBAMENTO,TOMBAMENTO-MOTO,NÃO INFORMADO,MOTO=1,SÃO PAULO,REG. METROPOLITANA SÃO PAULO,SÃO PAULO,ESTADUAL
3289,2023-08-08,17:47:53,L01-AUTOBAN,SPM330E,92.0,SUL,-22.9351263,-47.07110524,TOMBAMENTO,TOMBAMENTO,NÃO INFORMADO,MOTO=1,CAMPINAS,CAMPINAS,CAMPINAS,ESTADUAL
3290,2023-08-08,17:50:37,L01-AUTOBAN,SP330,21.5,NORTE,-23.45686622,-46.78394794,COLISÃO,COLISÃO-TRASEIRA,NÃO INFORMADO,AUTOMÓVEL=1|ÔNIBUS=1,SÃO PAULO,REG. METROPOLITANA SÃO PAULO,SÃO PAULO,ESTADUAL
3291,2023-08-08,18:23:56,L01-AUTOBAN,SPM330D,122.78,NORTE,-22.73946378,-47.27476674,COLISÃO,COLISÃO-FRONTAL,NÃO INFORMADO,BICICLETA=1|MOTO=1,AMERICANA,CAMPINAS,RIO CLARO,ESTADUAL
3292,2023-08-08,20:37:59,L01-AUTOBAN,SP330,30.8,NORTE,-23.40215739,-46.83522963,TOMBAMENTO,TOMBAMENTO-MOTO,NÃO INFORMADO,MOTO=1,CAJAMAR,REG. METROPOLITANA SÃO PAULO,SÃO PAULO,ESTADUAL
3293,2023-08-08,22:13:35,L01-AUTOBAN,SP330,93.4,NORTE,-22.92459308,-47.08717167,TOMBAMENTO,TOMBAMENTO,NÃO INFORMADO,MOTO=1,CAMPINAS,CAMPINAS,CAMPINAS,ESTADUAL
3294,2023-08-09,01:29:43,L01-AUTOBAN,SP330,137.9,SUL,-22.62417196,-47.34306514,COLISÃO,COLISÃO-TRASEIRA,NÃO INFORMADO,CAMINHÃO=1|CARRETA=1,LIMEIRA,CAMPINAS,RIO CLARO,ESTADUAL
3298,2023-08-09,05:55:35,L01-AUTOBAN,SP330,63.4,NORTE,-23.15767889,-46.93333648,TOMBAMENTO,TOMBAMENTO-MOTO,NÃO INFORMADO,MOTO=1,JUNDIAÍ,CAMPINAS,CAMPINAS,ESTADUAL
3299,2023-08-09,06:44:55,L01-AUTOBAN,SPM330E,86.62,SUL,-22.97805406,-47.04668449,COLISÃO,COLISÃO-LATERAL,NÃO INFORMADO,CAMINHÃO=1|UTILITÁRIO=1,CAMPINAS,CAMPINAS,CAMPINAS,ESTADUAL
3301,2023-08-09,07:32:25,L01-AUTOBAN,SP330,22.2,SUL,-23.45128016,-46.78672779,COLISÃO,COLISÃO-TRASEIRA,NÃO INFORMADO,MOTO=2,SÃO PAULO,REG. METROPOLITANA SÃO PAULO,SÃO PAULO,ESTADUAL
3303,2023-08-09,07:43:31,L01-AUTOBAN,SP330,35.0,NORTE,-23.369218,-46.84502,COLISÃO,COLISÃO-LATERAL,NÃO INFORMADO,AUTOMÓVEL=1|NÃO INFORMADO=1,CAJAMAR,REG. METROPOLITANA SÃO PAULO,SÃO PAULO,ESTADUAL
3304,2023-08-09,09:08:19,L01-AUTOBAN,SPM330D,89.6,NORTE,-22.95417488,-47.06016933,COLISÃO,COLISÃO-TRASEIRA,NÃO INFORMADO,AUTOMÓVEL=1|NÃO INFORMADO=1,CAMPINAS,CAMPINAS,CAMPINAS,ESTADUAL
3306,2023-08-09,13:03:21,L01-AUTOBAN,SP330,138.0,SUL,-22.62417196,-47.34306514,COLISÃO,COLISÃO-TRASEIRA,NÃO INFORMADO,CAMINHÃO=1|MOTO=1,LIMEIRA,CAMPINAS,RIO CLARO,ESTADUAL
3307,2023-08-09,14:10:02,L01-AUTOBAN,SPM330D,94.14,NORTE,-22.9239076,-47.08813147,CHOQUE,CHOQUE-BARREIRA DE CONCRETO,NÃO INFORMADO,AUTOMÓVEL=1,CAMPINAS,CAMPINAS,CAMPINAS,ESTADUAL
3309,2023-08-09,17:53:22,L01-AUTOBAN,SP330,73.4,NORTE,-23.07947999,-46.98007181,TOMBAMENTO,TOMBAMENTO-MOTO,NÃO INFORMADO,MOTO=1,LOUVEIRA,CAMPINAS,CAMPINAS,ESTADUAL
3310,2023-08-09,18:27:08,L01-AUTOBAN,SP330,84.4,NORTE,-22.99447143,-47.03539217,COLISÃO,COLISÃO-TRASEIRA,NÃO INFORMADO,AUTOMÓVEL=1|UTILITÁRIO=1,VALINHOS,CAMPINAS,CAMPINAS,ESTADUAL
3311,2023-08-09,20:12:55,L01-AUTOBAN,SP330,20.0,NORTE,-23.46894457,-46.77887321,CHOQUE,CHOQUE-TALUDE OU BARRANCO,NÃO INFORMADO,AUTOMÓVEL=1,OSASCO,REG. METROPOLITANA SÃO PAULO,SÃO PAULO,ESTADUAL
3312,2023-08-09,20:17:39,L01-AUTOBAN,SP330,115.36,NORTE,-22.78896616,-47.22772286,CHOQUE,CHOQUE-BARREIRA DE CONCRETO,NÃO INFORMADO,AUTOMÓVEL=1,SUMARÉ,CAMPINAS,CAMPINAS,ESTADUAL
3313,2023-08-09,20:44:27,L01-AUTOBAN,SP330,20.7,SUL,-23.46336634,-46.78073359,COLISÃO,COLISÃO-TRASEIRA,NÃO INFORMADO,AUTOMÓVEL=1|MOTO=1,SÃO PAULO,REG. METROPOLITANA SÃO PAULO,SÃO PAULO,ESTADUAL
3314,2023-08-10,05:33:58,L01-AUTOBAN,SP330,103.0,SUL,-22.862525,-47.139454,COLISÃO,COLISÃO-LATERAL,NÃO INFORMADO,AUTOMÓVEL=1|MOTO=1|ÔNIBUS=1,CAMPINAS,CAMPINAS,CAMPINAS,ESTADUAL
3317,2023-08-10,08:18:07,L01-AUTOBAN,SP330,116.84,NORTE,-22.77618368,-47.23417045,CHOQUE,CHOQUE-DEFENSA METÁLICA,NÃO INFORMADO,AUTOMÓVEL=1,NOVA ODESSA,CAMPINAS,RIO CLARO,ESTADUAL
3318,2023-08-10,11:44:20,L01-AUTOBAN,SP330,14.0,SUL,-23.50728367,-46.74903524,COLISÃO,COLISÃO-LATERAL,NÃO INFORMADO,AUTOMÓVEL=1|CARRETA=2,SÃO PAULO,REG. METROPOLITANA SÃO PAULO,SÃO PAULO,ESTADUAL
3320,2023-08-10,13:21:06,L01-AUTOBAN,SPM330E,14.0,SUL,-23.50718726,-46.75003409,COLISÃO,COLISÃO-TRASEIRA,NÃO INFORMADO,AUTOMÓVEL=1|UTILITÁRIO=1,SÃO PAULO,REG. METROPOLITANA SÃO PAULO,SÃO PAULO,ESTADUAL
3321,2023-08-10,13:27:59,L01-AUTOBAN,SP330,150.1,NORTE,-22.52894675,-47.38724363,ENGAVETAMENTO,ENGAVETAMENTO,NÃO INFORMADO,AUTOMÓVEL=2|BITREM/CVC=1|CARRETA=2|UTILITÁRIO=2,LIMEIRA,CAMPINAS,RIO CLARO,ESTADUAL
3322,2023-08-10,14:29:54,L01-AUTOBAN,SP330,112.0,NORTE,-22.81371247,-47.20897079,COLISÃO,COLISÃO-LATERAL,NÃO INFORMADO,AUTOMÓVEL=1|CARRETA=1,SUMARÉ,CAMPINAS,CAMPINAS,ESTADUAL
3324,2023-08-10,17:33:23,L01-AUTOBAN,SP330,92.0,SUL,-22.9351263,-47.07110524,COLISÃO,COLISÃO-TRASEIRA,NÃO INFORMADO,AUTOMÓVEL=1|MOTO=1,CAMPINAS,CAMPINAS,CAMPINAS,ESTADUAL
3325,2023-08-10,18:13:41,L01-AUTOBAN,SP330,61.1,SUL,-23.17465549,-46.91949337,COLISÃO,COLISÃO-LATERAL,NÃO INFORMADO,AUTOMÓVEL=2|MOTO=1,JUNDIAÍ,CAMPINAS,CAMPINAS,ESTADUAL
3329,2023-08-11,05:01:44,L01-AUTOBAN,SP330,96.3,SUL,-22.90957089,-47.10332503,CHOQUE,CHOQUE-BARREIRA DE CONCRETO,NÃO INFORMADO,AUTOMÓVEL=2|NÃO INFORMADO=1,CAMPINAS,CAMPINAS,CAMPINAS,ESTADUAL
3330,2023-08-11,06:56:34,L01-AUTOBAN,SPM330D,53.7,NORTE,-23.22531151,-46.87615991,COLISÃO,COLISÃO-LATERAL,NÃO INFORMADO,MOTO=1|UTILITÁRIO=1,JUNDIAÍ,CAMPINAS,CAMPINAS,ESTADUAL
3332,2023-08-11,07:11:33,L01-AUTOBAN,SPM330D,52.6,NORTE,-23.23441711,-46.87136602,COLISÃO,COLISÃO-TRASEIRA,NÃO INFORMADO,AUTOMÓVEL=2,JUNDIAÍ,CAMPINAS,CAMPINAS,ESTADUAL
3339,2023-08-11,16:49:06,L01-AUTOBAN,SP330,108.9,NORTE,-22.82789527,-47.1832055,COLISÃO,COLISÃO-TRASEIRA,NÃO INFORMADO,AUTOMÓVEL=2,SUMARÉ,CAMPINAS,CAMPINAS,ESTADUAL
3340,2023-08-11,17:53:30,L01-AUTOBAN,SPM330D,95.5,NORTE,-22.91557342,-47.09771544,CHOQUE,CHOQUE-BARREIRA DE CONCRETO,NÃO INFORMADO,CAMINHÃO=1,CAMPINAS,CAMPINAS,CAMPINAS,ESTADUAL
3341,2023-08-11,18:22:13,L01-AUTOBAN,SP330,144.7,NORTE,-22.57196309,-47.36617291,COLISÃO,COLISÃO-LATERAL,NÃO INFORMADO,AUTOMÓVEL=1|CAMINHÃO=1,LIMEIRA,CAMPINAS,RIO CLARO,ESTADUAL
3344,2023-08-11,18:51:13,L01-AUTOBAN,SP330,144.0,NORTE,-22.57825292,-47.36666858,COLISÃO,COLISÃO-TRASEIRA,NÃO INFORMADO,AUTOMÓVEL=1|NÃO INFORMADO=1,LIMEIRA,CAMPINAS,RIO CLARO,ESTADUAL
3346,2023-08-11,19:44:02,L01-AUTOBAN,SP330,133.2,NORTE,-22.66132483,-47.31947381,ATROPELAMENTO DE ANIMAL,ATROP. ANIMAL,NÃO INFORMADO,AUTOMÓVEL=1,LIMEIRA,CAMPINAS,RIO CLARO,ESTADUAL
3348,2023-08-11,20:11:49,L01-AUTOBAN,SP330,85.5,NORTE,-22.986139,-47.04122704,COLISÃO,COLISÃO-TRASEIRA,NÃO INFORMADO,AUTOMÓVEL=1|NÃO INFORMADO=1,VALINHOS,CAMPINAS,CAMPINAS,ESTADUAL
3350,2023-08-11,20:37:18,L01-AUTOBAN,SP330,19.8,NORTE,-23.46989818,-46.77762329,CHOQUE,CHOQUE-BARREIRA DE CONCRETO,NÃO INFORMADO,AUTOMÓVEL=1,OSASCO,REG. METROPOLITANA SÃO PAULO,SÃO PAULO,ESTADUAL
3355,2023-08-12,01:33:53,L01-AUTOBAN,SP330,95.5,SUL,-22.91585259,-47.09776908,COLISÃO,COLISÃO-TRASEIRA,NÃO INFORMADO,AUTOMÓVEL=2,CAMPINAS,CAMPINAS,CAMPINAS,ESTADUAL
3357,2023-08-12,02:52:43,L01-AUTOBAN,SP330,57.7,SUL,-23.19974879,-46.90245062,CHOQUE,CHOQUE-DEFENSA METÁLICA,NÃO INFORMADO,AUTOMÓVEL=1,JUNDIAÍ,CAMPINAS,CAMPINAS,ESTADUAL
3360,2023-08-12,07:58:51,L01-AUTOBAN,SPM330E,101.48,SUL,-22.87133689,-47.12850211,COLISÃO,COLISÃO-LATERAL,NÃO INFORMADO,MOTO=1|NÃO INFORMADO=1,CAMPINAS,CAMPINAS,CAMPINAS,ESTADUAL
3361,2023-08-12,09:31:10,L01-AUTOBAN,SP330,20.3,SUL,-23.46653142,-46.77978086,COLISÃO,COLISÃO-TRASEIRA,NÃO INFORMADO,AUTOMÓVEL=1|MOTO=1,OSASCO,REG. METROPOLITANA SÃO PAULO,SÃO PAULO,ESTADUAL
3362,2023-08-12,10:28:56,L01-AUTOBAN,SPM330D,106.45,NORTE,-22.84333248,-47.16710363,CHOQUE,CHOQUE-DEFENSA METÁLICA,NÃO INFORMADO,AUTOMÓVEL=1,SUMARÉ,CAMPINAS,CAMPINAS,ESTADUAL
3363,2023-08-12,17:31:19,L01-AUTOBAN,SPM330D,110.0,NORTE,-22.82267208,-47.19248056,COLISÃO,COLISÃO-TRASEIRA,NÃO INFORMADO,AUTOMÓVEL=2,SUMARÉ,CAMPINAS,CAMPINAS,ESTADUAL
3364,2023-08-12,18:00:31,L01-AUTOBAN,SP330,125.0,NORTE,-22.72827485,-47.29184568,CHOQUE,CHOQUE-BARREIRA DE CONCRETO,NÃO INFORMADO,AUTOMÓVEL=1,AMERICANA,CAMPINAS,RIO CLARO,ESTADUAL
3365,2023-08-12,19:09:39,L01-AUTOBAN,SP330,39.0,SUL,-23.33723679,-46.8366158,COLISÃO,COLISÃO-TRASEIRA,NÃO INFORMADO,AUTOMÓVEL=1,CAJAMAR,REG. METROPOLITANA SÃO PAULO,SÃO PAULO,ESTADUAL
3367,2023-08-12,20:07:13,L01-AUTOBAN,SPM330E,93.0,SUL,-22.929865,-47.079096,CHOQUE,CHOQUE-BARREIRA DE CONCRETO,NÃO INFORMADO,AUTOMÓVEL=1,CAMPINAS,CAMPINAS,CAMPINAS,ESTADUAL
3368,2023-08-13,00:01:55,L01-AUTOBAN,SP330,26.4,SUL,-23.41901313,-46.7978847,COLISÃO,COLISÃO-TRASEIRA,NÃO INFORMADO,AUTOMÓVEL=2,SÃO PAULO,REG. METROPOLITANA SÃO PAULO,SÃO PAULO,ESTADUAL
3369,2023-08-13,00:31:26,L01-AUTOBAN,SP330,81.9,SUL,-23.01436443,-47.0227477,ATROPELAMENTO DE ANIMAL,ATROP. ANIMAL,NÃO INFORMADO,AUTOMÓVEL=1,VALINHOS,CAMPINAS,CAMPINAS,ESTADUAL
3370,2023-08-13,08:14:55,L01-AUTOBAN,SP330,20.3,NORTE,-23.46647482,-46.7796328,CHOQUE,CHOQUE-BARREIRA DE CONCRETO,NÃO INFORMADO,AUTOMÓVEL=1,OSASCO,REG. METROPOLITANA SÃO PAULO,SÃO PAULO,ESTADUAL
3373,2023-08-13,15:56:52,L01-AUTOBAN,SPM330E,112.0,SUL,-22.81384598,-47.20930338,COLISÃO,COLISÃO-LATERAL,NÃO INFORMADO,AUTOMÓVEL=2,SUMARÉ,CAMPINAS,CAMPINAS,ESTADUAL
3375,2023-08-13,17:36:13,L01-AUTOBAN,SPM330D,15.7,NORTE,-23.49985249,-46.75452411,COLISÃO,COLISÃO-TRASEIRA,NÃO INFORMADO,AUTOMÓVEL=1|CARRETA=1,SÃO PAULO,REG. METROPOLITANA SÃO PAULO,SÃO PAULO,ESTADUAL
3377,2023-08-13,20:04:59,L01-AUTOBAN,SPM330E,56.1,SUL,-23.21054898,-46.89254843,COLISÃO,COLISÃO-TRASEIRA,NÃO INFORMADO,AUTOMÓVEL=2,JUNDIAÍ,CAMPINAS,CAMPINAS,ESTADUAL
3379,2023-08-13,23:22:39,L01-AUTOBAN,SP330,12.7,NORTE,-23.50735195,-46.7464813,ATROPELAMENTO DE PEDESTRE,ATROP. PEDESTRE-ANDARILHO,NÃO INFORMADO,MOTO=1|NÃO SE APLICA=1,SÃO PAULO,REG. METROPOLITANA SÃO PAULO,SÃO PAULO,ESTADUAL
3380,2023-08-13,23:25:45,L01-AUTOBAN,SP330,70.8,SUL,-23.10433862,-46.96383296,COLISÃO,COLISÃO-LATERAL,NÃO INFORMADO,AUTOMÓVEL=2,LOUVEIRA,CAMPINAS,CAMPINAS,ESTADUAL
3384,2023-08-14,08:03:36,L01-AUTOBAN,SP330,118.5,SUL,-22.76626414,-47.24473268,COLISÃO,COLISÃO-TRASEIRA,NÃO INFORMADO,CAMINHÃO=1|MOTO=1,NOVA ODESSA,CAMPINAS,RIO CLARO,ESTADUAL
3385,2023-08-14,08:55:36,L01-AUTOBAN,SPM330D,110.0,NORTE,-22.82267208,-47.19248056,COLISÃO,COLISÃO-LATERAL,NÃO INFORMADO,AUTOMÓVEL=1|MOTO=1,SUMARÉ,CAMPINAS,CAMPINAS,ESTADUAL
3388,2023-08-14,12:17:48,L01-AUTOBAN,SP330,71.0,SUL,-23.09783725,-46.96810305,COLISÃO,COLISÃO-TRASEIRA,NÃO INFORMADO,CAMINHÃO=1|MOTO=1,LOUVEIRA,CAMPINAS,CAMPINAS,ESTADUAL
3389,2023-08-14,15:11:19,L01-AUTOBAN,SP330,57.0,SUL,-23.20600964,-46.89924002,COLISÃO,COLISÃO-LATERAL,NÃO INFORMADO,AUTOMÓVEL=1|NÃO INFORMADO=1,JUNDIAÍ,CAMPINAS,CAMPINAS,ESTADUAL
3392,2023-08-14,18:05:15,L01-AUTOBAN,SPM330D,50.2,NORTE,-23.25506591,-46.86701585,TOMBAMENTO,TOMBAMENTO-MOTO,NÃO INFORMADO,MOTO=1,JUNDIAÍ,CAMPINAS,CAMPINAS,ESTADUAL
3393,2023-08-14,18:38:04,L01-AUTOBAN,SP330,58.5,NORTE,-23.19291625,-46.90513819,COLISÃO,COLISÃO-LATERAL,NÃO INFORMADO,AUTOMÓVEL=1|MOTO=1,JUNDIAÍ,CAMPINAS,CAMPINAS,ESTADUAL
3395,2023-08-15,03:30:54,L01-AUTOBAN,SP330,125.57,NORTE,-22.72290485,-47.29352742,CHOQUE,CHOQUE-DEFENSA METÁLICA,NÃO INFORMADO,UTILITÁRIO=1,AMERICANA,CAMPINAS,RIO CLARO,ESTADUAL
3396,2023-08-15,05:32:11,L01-AUTOBAN,SP330,61.2,NORTE,-23.17395912,-46.91997135,CHOQUE,CHOQUE-BARREIRA DE CONCRETO,NÃO INFORMADO,AUTOMÓVEL=1,JUNDIAÍ,CAMPINAS,CAMPINAS,ESTADUAL
3397,2023-08-15,07:58:45,L01-AUTOBAN,SPM330D,55.0,NORTE,-23.2162004,-46.88377976,CHOQUE,CHOQUE-BARREIRA DE CONCRETO,NÃO INFORMADO,AUTOMÓVEL=1,JUNDIAÍ,CAMPINAS,CAMPINAS,ESTADUAL
3399,2023-08-15,17:11:43,L01-AUTOBAN,SP330,127.1,SUL,-22.71066032,-47.29848628,TOMBAMENTO,TOMBAMENTO-MOTO,NÃO INFORMADO,CARRETA=1|MOTO=1,AMERICANA,CAMPINAS,RIO CLARO,ESTADUAL
3400,2023-08-15,18:53:48,L01-AUTOBAN,SP330,21.5,NORTE,-23.45686622,-46.78394794,ENGAVETAMENTO,ENGAVETAMENTO,NÃO INFORMADO,AUTOMÓVEL=2|MOTO=1,SÃO PAULO,REG. METROPOLITANA SÃO PAULO,SÃO PAULO,ESTADUAL
3402,2023-08-16,10:35:32,L01-AUTOBAN,SP330,22.95,SUL,-23.44469901,-46.78703356,COLISÃO,COLISÃO-TRANSVERSAL,NÃO INFORMADO,BICICLETA=1|CAMINHÃO=1,SÃO PAULO,REG. METROPOLITANA SÃO PAULO,SÃO PAULO,ESTADUAL
3403,2023-08-16,12:34:16,L01-AUTOBAN,SP330,145.6,SUL,-22.56426903,-47.36640787,CHOQUE,CHOQUE-EQUIPAMENTO,NÃO INFORMADO,MOTO=1|UTILITÁRIO=1,LIMEIRA,CAMPINAS,RIO CLARO,ESTADUAL
3406,2023-08-16,16:36:00,L01-AUTOBAN,SP330,15.0,NORTE,-23.49985249,-46.75452411,TOMBAMENTO,TOMBAMENTO-MOTO,NÃO INFORMADO,MOTO=1,SÃO PAULO,REG. METROPOLITANA SÃO PAULO,SÃO PAULO,ESTADUAL
3409,2023-08-16,20:29:26,L01-AUTOBAN,SP330,87.6,NORTE,-22.96949679,-47.051391,CHOQUE,CHOQUE-BARREIRA DE CONCRETO,NÃO INFORMADO,AUTOMÓVEL=1,CAMPINAS,CAMPINAS,CAMPINAS,ESTADUAL
3411,2023-08-17,02:22:18,L01-AUTOBAN,SP330,118.1,NORTE,-22.76830111,-47.24149631,CHOQUE,CHOQUE-PRAÇA AVI-(ENTRE VEÍCULOS),NÃO INFORMADO,CARRETA=1|NÃO INFORMADO=1,NOVA ODESSA,CAMPINAS,RIO CLARO,ESTADUAL
3413,2023-08-17,08:04:38,L01-AUTOBAN,SP330,111.0,SUL,-22.81811818,-47.20174491,ENGAVETAMENTO,ENGAVETAMENTO,NÃO INFORMADO,AUTOMÓVEL=3|CAMINHÃO=1,SUMARÉ,CAMPINAS,CAMPINAS,ESTADUAL
3416,2023-08-17,15:07:07,L01-AUTOBAN,SP330,113.0,SUL,-22.80727918,-47.21642733,ENGAVETAMENTO,ENGAVETAMENTO,NÃO INFORMADO,BITREM/CVC=2|CAMINHÃO=1,SUMARÉ,CAMPINAS,CAMPINAS,ESTADUAL
3417,2023-08-17,15:24:45,L01-AUTOBAN,SP330,114.9,SUL,-22.79329003,-47.22588427,ENGAVETAMENTO,ENGAVETAMENTO,NÃO INFORMADO,AUTOMÓVEL=1|UTILITÁRIO=2,SUMARÉ,CAMPINAS,CAMPINAS,ESTADUAL
3418,2023-08-17,16:43:19,L01-AUTOBAN,SP330,11.7,NORTE,-23.50987561,-46.72945587,CHOQUE,CHOQUE-VEÍCULO PARADO NA PISTA,NÃO INFORMADO,AUTOMÓVEL=2|MOTO=1,SÃO PAULO,REG. METROPOLITANA SÃO PAULO,SÃO PAULO,ESTADUAL
3419,2023-08-17,17:17:37,L01-AUTOBAN,SP330,84.2,NORTE,-22.99611095,-47.03423451,COLISÃO,COLISÃO-TRASEIRA,NÃO INFORMADO,MOTO=1|NÃO INFORMADO=1,VALINHOS,CAMPINAS,CAMPINAS,ESTADUAL
3421,2023-08-17,18:44:10,L01-AUTOBAN,SPM330D,25.0,NORTE,-23.426127,-46.787542,COLISÃO,COLISÃO-TRASEIRA,NÃO INFORMADO,AUTOMÓVEL=1|CAMINHÃO=1,SÃO PAULO,REG. METROPOLITANA SÃO PAULO,SÃO PAULO,ESTADUAL
3422,2023-08-17,18:47:31,L01-AUTOBAN,SP330,29.0,NORTE,-23.40924849,-46.82056546,COLISÃO,COLISÃO-TRASEIRA,NÃO INFORMADO,AUTOMÓVEL=1|NÃO INFORMADO=1,SÃO PAULO,REG. METROPOLITANA SÃO PAULO,SÃO PAULO,ESTADUAL
3424,2023-08-17,22:40:49,L01-AUTOBAN,SPI102/330,6.3,SUL,-22.915663,-47.135311,CHOQUE,CHOQUE-DEFENSA METÁLICA,NÃO INFORMADO,AUTOMÓVEL=1,CAMPINAS,CAMPINAS,CAMPINAS,ESTADUAL
3428,2023-08-18,08:16:48,L01-AUTOBAN,SP330,125.0,NORTE,-22.72827485,-47.29184568,COLISÃO,COLISÃO-LATERAL,NÃO INFORMADO,AUTOMÓVEL=1,AMERICANA,CAMPINAS,RIO CLARO,ESTADUAL
3429,2023-08-18,10:03:29,L01-AUTOBAN,SP330,82.2,NORTE,-23.0115565,-47.02378784,COLISÃO,COLISÃO-LATERAL,NÃO INFORMADO,MOTO=1|UTILITÁRIO=1,VALINHOS,CAMPINAS,CAMPINAS,ESTADUAL
3431,2023-08-18,13:14:16,L01-AUTOBAN,SP330,114.28,NORTE,-22.79819211,-47.22300109,COLISÃO,COLISÃO-TRASEIRA,NÃO INFORMADO,AUTOMÓVEL=1|CARRETA=1,SUMARÉ,CAMPINAS,CAMPINAS,ESTADUAL
3432,2023-08-18,15:32:36,L01-AUTOBAN,SP330,116.0,NORTE,-22.78318009,-47.23063767,TOMBAMENTO,TOMBAMENTO-MOTO,NÃO INFORMADO,MOTO=1,NOVA ODESSA,CAMPINAS,RIO CLARO,ESTADUAL
3433,2023-08-18,18:07:18,L01-AUTOBAN,SP330,61.9,SUL,-23.16946342,-46.9258234,COLISÃO,COLISÃO-LATERAL,NÃO INFORMADO,AUTOMÓVEL=1|MOTO=1,JUNDIAÍ,CAMPINAS,CAMPINAS,ESTADUAL
3436,2023-08-18,22:10:41,L01-AUTOBAN,SPM330E,53.9,SUL,-23.2240374,-46.87713701,COLISÃO,COLISÃO-FRONTAL,NÃO INFORMADO,MOTO=1|NÃO INFORMADO=1,JUNDIAÍ,CAMPINAS,CAMPINAS,ESTADUAL
3437,2023-08-19,00:00:41,L01-AUTOBAN,SP330,131.26,NORTE,-22.67679191,-47.31137987,COLISÃO,COLISÃO-TRASEIRA,NÃO INFORMADO,BITREM/CVC=1|CARRETA=1,LIMEIRA,CAMPINAS,RIO CLARO,ESTADUAL
3438,2023-08-19,01:22:36,L01-AUTOBAN,SP330,21.9,NORTE,-23.45378955,-46.78598213,CHOQUE,CHOQUE-BARREIRA DE CONCRETO,NÃO INFORMADO,AUTOMÓVEL=1,SÃO PAULO,REG. METROPOLITANA SÃO PAULO,SÃO PAULO,ESTADUAL
3439,2023-08-19,02:43:32,L01-AUTOBAN,SPM330D,106.4,NORTE,-22.84368517,-47.16676492,COLISÃO,COLISÃO-TRASEIRA,NÃO INFORMADO,AUTOMÓVEL=1|UTILITÁRIO=1,SUMARÉ,CAMPINAS,CAMPINAS,ESTADUAL
3441,2023-08-19,05:03:53,L01-AUTOBAN,SP330,122.0,NORTE,-22.5335785,-47.384027,ATROPELAMENTO DE ANIMAL,ATROP. ANIMAL,NÃO INFORMADO,AUTOMÓVEL=1,AMERICANA,CAMPINAS,RIO CLARO,ESTADUAL
3443,2023-08-19,06:37:45,L01-AUTOBAN,SP330,108.2,SUL,-22.83184238,-47.17875556,CHOQUE,CHOQUE-DEFENSA METÁLICA,NÃO INFORMADO,AUTOMÓVEL=1,SUMARÉ,CAMPINAS,CAMPINAS,ESTADUAL
3444,2023-08-19,08:18:32,L01-AUTOBAN,SP330,47.5,NORTE,-23.27805293,-46.87123239,TOMBAMENTO,TOMBAMENTO-MOTO,NÃO INFORMADO,MOTO=1,JUNDIAÍ,CAMPINAS,CAMPINAS,ESTADUAL
3447,2023-08-19,11:01:40,L01-AUTOBAN,SP330,43.0,NORTE,-23.31047851,-46.85723126,TOMBAMENTO,TOMBAMENTO-MOTO,NÃO INFORMADO,MOTO=1,CAJAMAR,REG. METROPOLITANA SÃO PAULO,SÃO PAULO,ESTADUAL
3449,2023-08-19,17:48:03,L01-AUTOBAN,SP330,79.0,NORTE,-23.037112,-47.009306,CHOQUE,CHOQUE-BARREIRA DE CONCRETO,NÃO INFORMADO,MOTO=1,VINHEDO,CAMPINAS,CAMPINAS,ESTADUAL
3451,2023-08-19,19:42:49,L01-AUTOBAN,SP330,107.0,NORTE,-22.83945246,-47.17082977,CHOQUE,CHOQUE-BARREIRA DE CONCRETO,NÃO INFORMADO,AUTOMÓVEL=1,SUMARÉ,CAMPINAS,CAMPINAS,ESTADUAL
3452,2023-08-19,21:02:55,L01-AUTOBAN,SP330,98.0,NORTE,-22.89587453,-47.11074829,COLISÃO,COLISÃO-LATERAL,NÃO INFORMADO,AUTOMÓVEL=2,CAMPINAS,CAMPINAS,CAMPINAS,ESTADUAL
3454,2023-08-20,09:47:03,L01-AUTOBAN,SP330,26.9,NORTE,-23.41647064,-46.80207646,COLISÃO,COLISÃO-TRASEIRA,NÃO INFORMADO,AUTOMÓVEL=1|MOTO=1,SÃO PAULO,REG. METROPOLITANA SÃO PAULO,SÃO PAULO,ESTADUAL
3455,2023-08-20,15:05:38,L01-AUTOBAN,SP330,37.3,SUL,-23.34931583,-46.84508365,TOMBAMENTO,TOMBAMENTO,NÃO INFORMADO,MOTO=1,CAJAMAR,REG. METROPOLITANA SÃO PAULO,SÃO PAULO,ESTADUAL
3458,2023-08-20,19:45:56,L01-AUTOBAN,SP330,18.0,NORTE,-23.48241663,-46.7709446,COLISÃO,COLISÃO-TRASEIRA,NÃO INFORMADO,MOTO=1|NÃO INFORMADO=1,OSASCO,REG. METROPOLITANA SÃO PAULO,SÃO PAULO,ESTADUAL
3460,2023-08-20,22:55:14,L01-AUTOBAN,SP330,61.9,SUL,-23.16946342,-46.9258234,CHOQUE,CHOQUE-SINALIZAÇÃO,NÃO INFORMADO,AUTOMÓVEL=1,JUNDIAÍ,CAMPINAS,CAMPINAS,ESTADUAL
3463,2023-08-21,07:35:05,L01-AUTOBAN,SPM330D,110.8,NORTE,-22.81870062,-47.19988349,COLISÃO,COLISÃO-TRASEIRA,NÃO INFORMADO,AUTOMÓVEL=1|MOTO=1,SUMARÉ,CAMPINAS,CAMPINAS,ESTADUAL
3464,2023-08-21,07:46:39,L01-AUTOBAN,SPM330D,86.4,NORTE,-22.97959108,-47.04548672,COLISÃO,COLISÃO-LATERAL,NÃO INFORMADO,AUTOMÓVEL=1|MOTO=1,CAMPINAS,CAMPINAS,CAMPINAS,ESTADUAL
3465,2023-08-21,08:36:42,L01-AUTOBAN,SPI102/330,1.9,NORTE,-22.88064903,-47.1305843,TOMBAMENTO,TOMBAMENTO-MOTO,NÃO INFORMADO,MOTO=1,CAMPINAS,CAMPINAS,CAMPINAS,ESTADUAL
3466,2023-08-21,08:50:10,L01-AUTOBAN,SP330,112.9,SUL,-22.80793585,-47.21571494,TOMBAMENTO,TOMBAMENTO,NÃO INFORMADO,MOTO=1,SUMARÉ,CAMPINAS,CAMPINAS,ESTADUAL
3470,2023-08-21,16:43:39,L01-AUTOBAN,SP330,112.98,SUL,-22.8074105,-47.21628487,CHOQUE,CHOQUE-VEÍCULO PARADO NA PISTA,NÃO INFORMADO,BITREM/CVC=1|CAMINHÃO=2,SUMARÉ,CAMPINAS,CAMPINAS,ESTADUAL
3471,2023-08-21,18:52:19,L01-AUTOBAN,SP330,12.6,SUL,-23.50868466,-46.73618961,COLISÃO,COLISÃO-TRASEIRA,NÃO INFORMADO,MOTO=1|NÃO INFORMADO=1,SÃO PAULO,REG. METROPOLITANA SÃO PAULO,SÃO PAULO,ESTADUAL
3472,2023-08-21,19:03:12,L01-AUTOBAN,SP330,105.1,NORTE,-22.85119205,-47.15746919,COLISÃO,COLISÃO-TRASEIRA,NÃO INFORMADO,NÃO INFORMADO=1|UTILITÁRIO=1,CAMPINAS,CAMPINAS,CAMPINAS,ESTADUAL
3475,2023-08-22,01:00:14,L01-AUTOBAN,SP330,105.5,NORTE,-22.8491098,-47.16039622,CHOQUE,CHOQUE-VEÍCULO PARADO NO ACOSTAMENTO,NÃO INFORMADO,CAMINHÃO=1|CARRETA=1,CAMPINAS,CAMPINAS,CAMPINAS,ESTADUAL
3477,2023-08-22,06:48:34,L01-AUTOBAN,SP330,104.0,SUL,-22.85707606,-47.14874983,COLISÃO,COLISÃO-LATERAL,NÃO INFORMADO,AUTOMÓVEL=1|BITREM/CVC=1,CAMPINAS,CAMPINAS,CAMPINAS,ESTADUAL
3479,2023-08-22,09:10:39,L01-AUTOBAN,SP330,108.0,SUL,-22.83292646,-47.17737973,ENGAVETAMENTO,ENGAVETAMENTO,NÃO INFORMADO,AUTOMÓVEL=2|VAN/PERUA=2,SUMARÉ,CAMPINAS,CAMPINAS,ESTADUAL
3480,2023-08-22,10:08:13,L01-AUTOBAN,SP330,19.0,NORTE,-23.4737126,-46.77262366,CHOQUE,CHOQUE-DEFENSA METÁLICA,NÃO INFORMADO,VAN/PERUA=1,OSASCO,REG. METROPOLITANA SÃO PAULO,SÃO PAULO,ESTADUAL
3482,2023-08-22,11:41:38,L01-AUTOBAN,SP330,114.0,NORTE,-22.80051426,-47.22180247,COLISÃO,COLISÃO-TRASEIRA,NÃO INFORMADO,AUTOMÓVEL=1|NÃO INFORMADO=1,SUMARÉ,CAMPINAS,CAMPINAS,ESTADUAL
3483,2023-08-22,16:57:09,L01-AUTOBAN,SP330,59.0,SUL,-23.18900852,-46.90679312,TOMBAMENTO,TOMBAMENTO,NÃO INFORMADO,MOTO=1,JUNDIAÍ,CAMPINAS,CAMPINAS,ESTADUAL
3484,2023-08-22,17:30:29,L01-AUTOBAN,SP330,92.2,NORTE,-22.93403646,-47.07290444,ENGAVETAMENTO,ENGAVETAMENTO,NÃO INFORMADO,AUTOMÓVEL=1|CAMINHÃO=1|MOTO=1|NÃO INFORMADO=2,CAMPINAS,CAMPINAS,CAMPINAS,ESTADUAL
3485,2023-08-22,17:41:18,L01-AUTOBAN,SP330,21.5,NORTE,-23.45686622,-46.78394794,COLISÃO,COLISÃO-TRASEIRA,NÃO INFORMADO,NÃO INFORMADO=1|UTILITÁRIO=1,SÃO PAULO,REG. METROPOLITANA SÃO PAULO,SÃO PAULO,ESTADUAL
3486,2023-08-22,18:28:34,L01-AUTOBAN,SPM330D,99.0,NORTE,-22.88773025,-47.11325347,COLISÃO,COLISÃO-TRASEIRA,NÃO INFORMADO,AUTOMÓVEL=1|NÃO INFORMADO=1,CAMPINAS,CAMPINAS,CAMPINAS,ESTADUAL
3487,2023-08-22,19:40:26,L01-AUTOBAN,SPI102/330,2.6,SUL,-22.88668938,-47.1325171,COLISÃO,COLISÃO-TRASEIRA,NÃO INFORMADO,CAMINHÃO=1|CARRETA=1,CAMPINAS,CAMPINAS,CAMPINAS,ESTADUAL
3491,2023-08-23,12:12:54,L01-AUTOBAN,SP330,21.2,NORTE,-23.45917372,-46.78242231,COLISÃO,COLISÃO-TRASEIRA,NÃO INFORMADO,UTILITÁRIO=2,SÃO PAULO,REG. METROPOLITANA SÃO PAULO,SÃO PAULO,ESTADUAL
3494,2023-08-23,17:39:59,L01-AUTOBAN,SP330,21.0,NORTE,-23.46071206,-46.78140521,COLISÃO,COLISÃO-TRASEIRA,NÃO INFORMADO,MOTO=1|UTILITÁRIO=1,SÃO PAULO,REG. METROPOLITANA SÃO PAULO,SÃO PAULO,ESTADUAL
3495,2023-08-23,18:02:19,L01-AUTOBAN,SP330,38.0,NORTE,-23.34492536,-46.84092879,ATROPELAMENTO DE PEDESTRE,ATROP. PEDESTRE-USUÁRIO,NÃO INFORMADO,MOTO=1|NÃO SE APLICA=1,CAJAMAR,REG. METROPOLITANA SÃO PAULO,SÃO PAULO,ESTADUAL
3497,2023-08-23,19:18:19,L01-AUTOBAN,SP330,21.5,NORTE,-23.45686622,-46.78394794,ENGAVETAMENTO,ENGAVETAMENTO,NÃO INFORMADO,AUTOMÓVEL=1|NÃO INFORMADO=1|UTILITÁRIO=1,SÃO PAULO,REG. METROPOLITANA SÃO PAULO,SÃO PAULO,ESTADUAL
3498,2023-08-23,23:50:11,L01-AUTOBAN,SP330,28.5,SUL,-23.41024291,-46.8160674,COLISÃO,COLISÃO-LATERAL,NÃO INFORMADO,AUTOMÓVEL=1|NÃO INFORMADO=1,SÃO PAULO,REG. METROPOLITANA SÃO PAULO,SÃO PAULO,ESTADUAL
3499,2023-08-24,03:43:03,L01-AUTOBAN,SP330,103.5,NORTE,-22.85950105,-47.14393854,COLISÃO,COLISÃO-TRASEIRA,NÃO INFORMADO,CAMINHÃO=1|CARRETA=1,CAMPINAS,CAMPINAS,CAMPINAS,ESTADUAL
3501,2023-08-24,06:56:53,L01-AUTOBAN,SP330,125.0,NORTE,-22.72827485,-47.29184568,COLISÃO,COLISÃO-LATERAL,NÃO INFORMADO,BICICLETA=2,AMERICANA,CAMPINAS,RIO CLARO,ESTADUAL
3503,2023-08-24,07:58:03,L01-AUTOBAN,SP330,13.5,SUL,-23.50766934,-46.74503982,COLISÃO,COLISÃO-TRASEIRA,NÃO INFORMADO,AUTOMÓVEL=2|MOTO=1,SÃO PAULO,REG. METROPOLITANA SÃO PAULO,SÃO PAULO,ESTADUAL
3504,2023-08-24,09:12:14,L01-AUTOBAN,SP330,124.7,NORTE,-22.72995661,-47.29007218,TOMBAMENTO,TOMBAMENTO-MOTO,NÃO INFORMADO,MOTO=1,AMERICANA,CAMPINAS,RIO CLARO,ESTADUAL
3507,2023-08-24,10:47:23,L01-AUTOBAN,SPI102/330,2.1,NORTE,-22.88244408,-47.13073933,CHOQUE,CHOQUE-DEFENSA METÁLICA,NÃO INFORMADO,AUTOMÓVEL=1,CAMPINAS,CAMPINAS,CAMPINAS,ESTADUAL
3511,2023-08-24,15:38:31,L01-AUTOBAN,SPM330D,86.2,NORTE,-22.98115807,-47.04453784,CAPOTAMENTO,CAPOTAMENTO,NÃO INFORMADO,AUTOMÓVEL=1,CAMPINAS,CAMPINAS,CAMPINAS,ESTADUAL
3512,2023-08-24,15:39:52,L01-AUTOBAN,SP330,92.5,NORTE,-22.93241647,-47.07517684,QUEDA,"QUEDA-VEÍCULO EM RIBANCEIRA,PONTE OU VIADUTO",NÃO INFORMADO,AUTOMÓVEL=1,CAMPINAS,CAMPINAS,CAMPINAS,ESTADUAL
3513,2023-08-24,15:45:25,L01-AUTOBAN,SPM330D,89.26,NORTE,-22.9568872,-47.05863909,CHOQUE,CHOQUE-DEFENSA METÁLICA,NÃO INFORMADO,UTILITÁRIO=1,CAMPINAS,CAMPINAS,CAMPINAS,ESTADUAL
3516,2023-08-24,16:41:50,L01-AUTOBAN,SP330,57.7,NORTE,-23.19961123,-46.90231812,CAPOTAMENTO,CAPOTAMENTO,NÃO INFORMADO,UTILITÁRIO=1,JUNDIAÍ,CAMPINAS,CAMPINAS,ESTADUAL
3517,2023-08-24,17:30:51,L01-AUTOBAN,SP330,85.24,NORTE,-22.98791429,-47.03999882,COLISÃO,COLISÃO-TRASEIRA,NÃO INFORMADO,AUTOMÓVEL=1|CARRETA=2|NÃO INFORMADO=1,VALINHOS,CAMPINAS,CAMPINAS,ESTADUAL
3518,2023-08-24,17:48:25,L01-AUTOBAN,SP330,92.0,SUL,-22.9351263,-47.07110524,CHOQUE,CHOQUE-TALUDE OU BARRANCO,NÃO INFORMADO,AUTOMÓVEL=1,CAMPINAS,CAMPINAS,CAMPINAS,ESTADUAL
3522,2023-08-24,21:11:39,L01-AUTOBAN,SP330,131.8,NORTE,-22.67227733,-47.31281091,COLISÃO,COLISÃO-TRASEIRA,NÃO INFORMADO,CARRETA=2,LIMEIRA,CAMPINAS,RIO CLARO,ESTADUAL
3523,2023-08-25,01:05:31,L01-AUTOBAN,SP330,84.2,NORTE,-22.99611095,-47.03423451,COLISÃO,COLISÃO-TRASEIRA,NÃO INFORMADO,MOTO=1|NÃO INFORMADO=1,VALINHOS,CAMPINAS,CAMPINAS,ESTADUAL
3524,2023-08-25,02:12:07,L01-AUTOBAN,SP330,41.5,NORTE,-23.32020311,-46.85010731,CHOQUE,CHOQUE-BARREIRA DE CONCRETO,NÃO INFORMADO,AUTOMÓVEL=1,CAJAMAR,REG. METROPOLITANA SÃO PAULO,SÃO PAULO,ESTADUAL
3525,2023-08-25,06:38:30,L01-AUTOBAN,SP330,26.5,NORTE,-23.41826441,-46.79873765,COLISÃO,COLISÃO-TRASEIRA,NÃO INFORMADO,AUTOMÓVEL=1|VAN/PERUA=1,SÃO PAULO,REG. METROPOLITANA SÃO PAULO,SÃO PAULO,ESTADUAL
3528,2023-08-25,10:49:20,L01-AUTOBAN,SP330,61.0,NORTE,-23.17529462,-46.91833198,COLISÃO,COLISÃO-LATERAL,NÃO INFORMADO,AUTOMÓVEL=1|CAMINHÃO=1,JUNDIAÍ,CAMPINAS,CAMPINAS,ESTADUAL
3529,2023-08-25,12:10:10,L01-AUTOBAN,SPM330E,112.2,SUL,-22.81253264,-47.21072815,COLISÃO,COLISÃO-LATERAL,NÃO INFORMADO,AUTOMÓVEL=1|CARRETA=1,SUMARÉ,CAMPINAS,CAMPINAS,ESTADUAL
3530,2023-08-25,13:11:01,L01-AUTOBAN,SP330,12.0,SUL,-23.50948451,-46.73040569,COLISÃO,COLISÃO-TRASEIRA,NÃO INFORMADO,CAMINHÃO=2,SÃO PAULO,REG. METROPOLITANA SÃO PAULO,SÃO PAULO,ESTADUAL
3531,2023-08-25,13:18:12,L01-AUTOBAN,SP330,77.0,NORTE,-23.052904,-46.999756,TOMBAMENTO,TOMBAMENTO-MOTO,NÃO INFORMADO,MOTO=1,VINHEDO,CAMPINAS,CAMPINAS,ESTADUAL
3533,2023-08-25,14:43:41,L01-AUTOBAN,SP330,79.0,SUL,-23.037406,-47.009422,COLISÃO,COLISÃO-LATERAL,NÃO INFORMADO,CARRETA=1|UTILITÁRIO=1,VINHEDO,CAMPINAS,CAMPINAS,ESTADUAL
3536,2023-08-25,16:14:42,L01-AUTOBAN,SP330,120.4,NORTE,-22.75403061,-47.25734577,COLISÃO,COLISÃO-TRASEIRA,NÃO INFORMADO,AUTOMÓVEL=2,AMERICANA,CAMPINAS,RIO CLARO,ESTADUAL
3537,2023-08-25,16:53:37,L01-AUTOBAN,SP330,22.5,NORTE,-23.44868954,-46.78668648,COLISÃO,COLISÃO-TRASEIRA,NÃO INFORMADO,AUTOMÓVEL=2,SÃO PAULO,REG. METROPOLITANA SÃO PAULO,SÃO PAULO,ESTADUAL
3539,2023-08-25,18:24:23,L01-AUTOBAN,SP330,83.7,NORTE,-23.00006138,-47.03151582,COLISÃO,COLISÃO-TRASEIRA,NÃO INFORMADO,AUTOMÓVEL=1|MOTO=1,VALINHOS,CAMPINAS,CAMPINAS,ESTADUAL
3541,2023-08-25,18:52:12,L01-AUTOBAN,SP330,107.1,NORTE,-22.83876576,-47.17146384,COLISÃO,COLISÃO-TRASEIRA,NÃO INFORMADO,AUTOMÓVEL=1|NÃO INFORMADO=1,SUMARÉ,CAMPINAS,CAMPINAS,ESTADUAL
3543,2023-08-25,22:16:18,L01-AUTOBAN,SP330,11.67,NORTE,-23.50987561,-46.72945587,COLISÃO,COLISÃO-LATERAL,NÃO INFORMADO,AUTOMÓVEL=1|CAMINHÃO=1|MOTO=1,SÃO PAULO,REG. METROPOLITANA SÃO PAULO,SÃO PAULO,ESTADUAL
3544,2023-08-25,23:51:25,L01-AUTOBAN,SPM330D,99.1,NORTE,-22.88699041,-47.11368638,CHOQUE,CHOQUE-SINALIZAÇÃO,NÃO INFORMADO,MOTO=1,CAMPINAS,CAMPINAS,CAMPINAS,ESTADUAL
3545,2023-08-26,05:47:35,L01-AUTOBAN,SP330,58.7,NORTE,-23.19132159,-46.90571004,TOMBAMENTO,TOMBAMENTO-MOTO,NÃO INFORMADO,MOTO=1,JUNDIAÍ,CAMPINAS,CAMPINAS,ESTADUAL
3546,2023-08-26,06:25:25,L01-AUTOBAN,SP330,62.0,SUL,-23.16881442,-46.92661464,TOMBAMENTO,TOMBAMENTO,NÃO INFORMADO,MOTO=1,JUNDIAÍ,CAMPINAS,CAMPINAS,ESTADUAL
3548,2023-08-26,07:40:48,L01-AUTOBAN,SP330,18.7,SUL,-23.4762559,-46.77218914,CHOQUE,CHOQUE-TALUDE OU BARRANCO,NÃO INFORMADO,AUTOMÓVEL=1,OSASCO,REG. METROPOLITANA SÃO PAULO,SÃO PAULO,ESTADUAL
3549,2023-08-26,08:15:37,L01-AUTOBAN,SP330,35.32,SUL,-23.36640567,-46.84637433,CHOQUE,CHOQUE-DEFENSA METÁLICA,NÃO INFORMADO,AUTOMÓVEL=1,CAJAMAR,REG. METROPOLITANA SÃO PAULO,SÃO PAULO,ESTADUAL
3550,2023-08-26,08:51:43,L01-AUTOBAN,SP330,17.2,NORTE,-23.48874571,-46.7675972,COLISÃO,COLISÃO-TRASEIRA,NÃO INFORMADO,AUTOMÓVEL=1|UTILITÁRIO=1,OSASCO,REG. METROPOLITANA SÃO PAULO,SÃO PAULO,ESTADUAL
3552,2023-08-26,11:26:16,L01-AUTOBAN,SP330,76.2,NORTE,-23.05863842,-46.99561998,CHOQUE,CHOQUE-TALUDE OU BARRANCO,NÃO INFORMADO,AUTOMÓVEL=1,VINHEDO,CAMPINAS,CAMPINAS,ESTADUAL
3553,2023-08-26,11:33:53,L01-AUTOBAN,SP330,97.8,SUL,-22.89787192,-47.11033095,CHOQUE,CHOQUE-ELEMENTO DE DRENAGEM,NÃO INFORMADO,AUTOMÓVEL=1,CAMPINAS,CAMPINAS,CAMPINAS,ESTADUAL
3554,2023-08-26,12:02:10,L01-AUTOBAN,SP330,98.0,NORTE,-22.89587453,-47.11074829,COLISÃO,COLISÃO-LATERAL,NÃO INFORMADO,AUTOMÓVEL=1|NÃO INFORMADO=1,CAMPINAS,CAMPINAS,CAMPINAS,ESTADUAL
3555,2023-08-26,12:21:50,L01-AUTOBAN,SPM330D,86.6,NORTE,-22.97802414,-47.04643557,CHOQUE,CHOQUE-ÁRVORE,NÃO INFORMADO,AUTOMÓVEL=1,CAMPINAS,CAMPINAS,CAMPINAS,ESTADUAL
3556,2023-08-26,18:10:16,L01-AUTOBAN,SP330,131.3,NORTE,-22.67645743,-47.31148589,COLISÃO,COLISÃO-TRASEIRA,NÃO INFORMADO,AUTOMÓVEL=1|NÃO INFORMADO=1,LIMEIRA,CAMPINAS,RIO CLARO,ESTADUAL
3558,2023-08-26,19:13:44,L01-AUTOBAN,SPM330D,108.6,NORTE,-22.8315431,-47.1785116,TOMBAMENTO,TOMBAMENTO-MOTO,NÃO INFORMADO,MOTO=1,SUMARÉ,CAMPINAS,CAMPINAS,ESTADUAL
3559,2023-08-26,19:40:38,L01-AUTOBAN,SP330,58.5,SUL,-23.19303705,-46.90530986,COLISÃO,COLISÃO-TRASEIRA,NÃO INFORMADO,UTILITÁRIO=2,JUNDIAÍ,CAMPINAS,CAMPINAS,ESTADUAL
3563,2023-08-27,13:00:42,L01-AUTOBAN,SP330,98.0,NORTE,-22.89587453,-47.11074829,CHOQUE,CHOQUE-BARREIRA DE CONCRETO,NÃO INFORMADO,AUTOMÓVEL=1,CAMPINAS,CAMPINAS,CAMPINAS,ESTADUAL
3564,2023-08-27,13:02:27,L01-AUTOBAN,SP330,21.4,SUL,-23.45780959,-46.78352737,CHOQUE,CHOQUE-BARREIRA DE CONCRETO,NÃO INFORMADO,AUTOMÓVEL=1,SÃO PAULO,REG. METROPOLITANA SÃO PAULO,SÃO PAULO,ESTADUAL
3565,2023-08-27,13:52:42,L01-AUTOBAN,SP330,98.0,NORTE,-22.89587453,-47.11074829,CHOQUE,CHOQUE-BARREIRA DE CONCRETO,NÃO INFORMADO,AUTOMÓVEL=1,CAMPINAS,CAMPINAS,CAMPINAS,ESTADUAL
3567,2023-08-27,15:23:38,L01-AUTOBAN,SP330,92.0,NORTE,-22.93511642,-47.07138956,CHOQUE,CHOQUE-BARREIRA DE CONCRETO,NÃO INFORMADO,AUTOMÓVEL=1,CAMPINAS,CAMPINAS,CAMPINAS,ESTADUAL
3568,2023-08-27,16:24:40,L01-AUTOBAN,SPM330D,58.8,NORTE,-23.19052428,-46.90599596,CHOQUE,CHOQUE-SINALIZAÇÃO,NÃO INFORMADO,AUTOMÓVEL=1,JUNDIAÍ,CAMPINAS,CAMPINAS,ESTADUAL
3569,2023-08-27,16:38:25,L01-AUTOBAN,SP330,31.2,NORTE,-23.40012026,-46.83659731,CHOQUE,CHOQUE-DEFENSA METÁLICA,NÃO INFORMADO,AUTOMÓVEL=1,CAJAMAR,REG. METROPOLITANA SÃO PAULO,SÃO PAULO,ESTADUAL
3570,2023-08-27,17:06:56,L01-AUTOBAN,SP330,20.0,NORTE,-23.46894457,-46.77887321,CHOQUE,CHOQUE-BARREIRA DE CONCRETO,NÃO INFORMADO,UTILITÁRIO=1,OSASCO,REG. METROPOLITANA SÃO PAULO,SÃO PAULO,ESTADUAL
3571,2023-08-27,18:23:53,L01-AUTOBAN,SPM330D,95.2,NORTE,-22.91804743,-47.09550259,TOMBAMENTO,TOMBAMENTO-MOTO,NÃO INFORMADO,MOTO=1,CAMPINAS,CAMPINAS,CAMPINAS,ESTADUAL
3573,2023-08-27,18:58:21,L01-AUTOBAN,SP330,20.5,NORTE,-23.46482832,-46.78013921,CHOQUE,CHOQUE-BARREIRA DE CONCRETO,NÃO INFORMADO,AUTOMÓVEL=1,SÃO PAULO,REG. METROPOLITANA SÃO PAULO,SÃO PAULO,ESTADUAL
3575,2023-08-27,19:10:10,L01-AUTOBAN,SP330,20.0,NORTE,-23.46894457,-46.77887321,CHOQUE,CHOQUE-BARREIRA DE CONCRETO,NÃO INFORMADO,AUTOMÓVEL=1,OSASCO,REG. METROPOLITANA SÃO PAULO,SÃO PAULO,ESTADUAL
3576,2023-08-27,19:56:45,L01-AUTOBAN,SP330,18.6,SUL,-23.47710367,-46.7720443,CHOQUE,CHOQUE-BARREIRA DE CONCRETO,NÃO INFORMADO,AUTOMÓVEL=1,OSASCO,REG. METROPOLITANA SÃO PAULO,SÃO PAULO,ESTADUAL
3577,2023-08-27,20:59:09,L01-AUTOBAN,SP330,103.7,NORTE,-22.86219711,-47.13924408,COLISÃO,COLISÃO-LATERAL,NÃO INFORMADO,AUTOMÓVEL=2|NÃO INFORMADO=1,CAMPINAS,CAMPINAS,CAMPINAS,ESTADUAL
3578,2023-08-27,21:32:37,L01-AUTOBAN,SP330,58.0,SUL,-23.19706558,-46.90382659,CHOQUE,CHOQUE-DEFENSA METÁLICA,NÃO INFORMADO,AUTOMÓVEL=1,JUNDIAÍ,CAMPINAS,CAMPINAS,ESTADUAL
3579,2023-08-27,22:05:07,L01-AUTOBAN,SPM330D,58.0,NORTE,-23.19690287,-46.90370858,CHOQUE,CHOQUE-DEFENSA METÁLICA,NÃO INFORMADO,AUTOMÓVEL=1,JUNDIAÍ,CAMPINAS,CAMPINAS,ESTADUAL
3580,2023-08-27,22:32:02,L01-AUTOBAN,SPM330E,18.8,SUL,-23.47540814,-46.77233398,CHOQUE,CHOQUE-MEIO FIO/CALÇAMENTO,NÃO INFORMADO,MOTO=1,OSASCO,REG. METROPOLITANA SÃO PAULO,SÃO PAULO,ESTADUAL
3582,2023-08-28,05:43:04,L01-AUTOBAN,SP330,60.5,NORTE,-23.17814745,-46.91489607,TOMBAMENTO,TOMBAMENTO-MOTO,NÃO INFORMADO,MOTO=1,JUNDIAÍ,CAMPINAS,CAMPINAS,ESTADUAL
3583,2023-08-28,06:14:18,L01-AUTOBAN,SP330,22.1,SUL,-23.45215765,-46.78668702,ENGAVETAMENTO,ENGAVETAMENTO,NÃO INFORMADO,AUTOMÓVEL=2|NÃO INFORMADO=4,SÃO PAULO,REG. METROPOLITANA SÃO PAULO,SÃO PAULO,ESTADUAL
3584,2023-08-28,06:41:23,L01-AUTOBAN,SP330,26.0,SUL,-23.42090535,-46.79437637,COLISÃO,COLISÃO-LATERAL,NÃO INFORMADO,MOTO=1|VIATURA CONCESSIONÁRIA=1,SÃO PAULO,REG. METROPOLITANA SÃO PAULO,SÃO PAULO,ESTADUAL
3585,2023-08-28,07:42:22,L01-AUTOBAN,SP330,72.0,NORTE,-23.09042066,-46.97272718,TOMBAMENTO,TOMBAMENTO,NÃO INFORMADO,UTILITÁRIO=1,LOUVEIRA,CAMPINAS,CAMPINAS,ESTADUAL
3586,2023-08-28,07:44:14,L01-AUTOBAN,SP330,47.4,NORTE,-23.2788384,-46.87154781,CAPOTAMENTO,CAPOTAMENTO,NÃO INFORMADO,AUTOMÓVEL=1,JUNDIAÍ,CAMPINAS,CAMPINAS,ESTADUAL
3587,2023-08-28,08:02:40,L01-AUTOBAN,SP330,61.0,NORTE,-23.17529462,-46.91833198,COLISÃO,COLISÃO-LATERAL,NÃO INFORMADO,AUTOMÓVEL=1|MOTO=1,JUNDIAÍ,CAMPINAS,CAMPINAS,ESTADUAL
3589,2023-08-28,09:05:45,L01-AUTOBAN,SP330,112.99,NORTE,-22.80707427,-47.21626777,COLISÃO,COLISÃO-LATERAL,NÃO INFORMADO,AUTOMÓVEL=1,SUMARÉ,CAMPINAS,CAMPINAS,ESTADUAL
3590,2023-08-28,09:47:55,L01-AUTOBAN,SPM330D,15.0,NORTE,-23.49985249,-46.75452411,COLISÃO,COLISÃO-LATERAL,NÃO INFORMADO,CAMINHÃO=1|UTILITÁRIO=1,SÃO PAULO,REG. METROPOLITANA SÃO PAULO,SÃO PAULO,ESTADUAL
3591,2023-08-28,17:55:34,L01-AUTOBAN,SP330,24.5,NORTE,-23.4303334,-46.78691442,COLISÃO,COLISÃO-LATERAL,NÃO INFORMADO,AUTOMÓVEL=2|CAMINHÃO=1,SÃO PAULO,REG. METROPOLITANA SÃO PAULO,SÃO PAULO,ESTADUAL
3594,2023-08-29,07:31:28,L01-AUTOBAN,SPM330E,60.0,SUL,-23.18116795,-46.91158891,ATROPELAMENTO DE PEDESTRE,ATROP. PEDESTRE-MORADOR/TRABALHADOR/ESTUDANTE,NÃO INFORMADO,MOTO=1|NÃO SE APLICA=1,JUNDIAÍ,CAMPINAS,CAMPINAS,ESTADUAL
3595,2023-08-29,10:47:02,L01-AUTOBAN,SP330,60.1,SUL,-23.18058161,-46.91230022,COLISÃO,COLISÃO-TRASEIRA,NÃO INFORMADO,AUTOMÓVEL=1|UTILITÁRIO=1,JUNDIAÍ,CAMPINAS,CAMPINAS,ESTADUAL
3597,2023-08-29,15:36:13,L01-AUTOBAN,SP330,108.9,NORTE,-22.82789527,-47.1832055,CHOQUE,"CHOQUE-CERCAS, ALAMBRADOS, MOURÃO",NÃO INFORMADO,AUTOMÓVEL=1,SUMARÉ,CAMPINAS,CAMPINAS,ESTADUAL
3598,2023-08-29,15:37:03,L01-AUTOBAN,SP330,143.3,NORTE,-22.58477118,-47.36720556,TOMBAMENTO,TOMBAMENTO-MOTO,NÃO INFORMADO,MOTO=1,LIMEIRA,CAMPINAS,RIO CLARO,ESTADUAL
3599,2023-08-29,18:04:42,L01-AUTOBAN,SPM330E,55.9,SUL,-23.211571,-46.89102764,COLISÃO,COLISÃO-TRANSVERSAL,NÃO INFORMADO,AUTOMÓVEL=2|BICICLETA=1,JUNDIAÍ,CAMPINAS,CAMPINAS,ESTADUAL
3600,2023-08-29,18:13:08,L01-AUTOBAN,SP330,88.6,NORTE,-22.96173728,-47.05585312,COLISÃO,COLISÃO-TRASEIRA,NÃO INFORMADO,AUTOMÓVEL=1|MOTO=1,CAMPINAS,CAMPINAS,CAMPINAS,ESTADUAL
3601,2023-08-29,20:43:58,L01-AUTOBAN,SPM330E,106.0,SUL,-22.84677902,-47.16428518,TOMBAMENTO,TOMBAMENTO-MOTO,NÃO INFORMADO,MOTO=1,SUMARÉ,CAMPINAS,CAMPINAS,ESTADUAL
3602,2023-08-29,23:08:59,L01-AUTOBAN,SP330,130.6,SUL,-22.68812699,-47.31107175,CHOQUE,CHOQUE-OBJETO NA PISTA,NÃO INFORMADO,AUTOMÓVEL=1,LIMEIRA,CAMPINAS,RIO CLARO,ESTADUAL
3603,2023-08-29,23:29:33,L01-AUTOBAN,SP330,130.4,SUL,-22.68453175,-47.31104386,CHOQUE,CHOQUE-DEFENSA METÁLICA,NÃO INFORMADO,CARRETA=1|UTILITÁRIO=1,LIMEIRA,CAMPINAS,RIO CLARO,ESTADUAL
3606,2023-08-30,11:50:14,L01-AUTOBAN,SPM330E,98.6,SUL,-22.89128152,-47.11247456,COLISÃO,COLISÃO-TRANSVERSAL,NÃO INFORMADO,AUTOMÓVEL=1|NÃO INFORMADO=1,CAMPINAS,CAMPINAS,CAMPINAS,ESTADUAL
3607,2023-08-30,22:45:09,L01-AUTOBAN,SP330,127.5,SUL,-22.70777429,-47.30075866,COLISÃO,COLISÃO-TRASEIRA,NÃO INFORMADO,CAMINHÃO=1|UTILITÁRIO=1,AMERICANA,CAMPINAS,RIO CLARO,ESTADUAL
3608,2023-08-30,15:43:36,L01-AUTOBAN,SP330,118.0,SUL,-22.76903417,-47.24156499,COLISÃO,COLISÃO-TRASEIRA,NÃO INFORMADO,CAMINHÃO=2,NOVA ODESSA,CAMPINAS,RIO CLARO,ESTADUAL
3609,2023-08-30,23:51:58,L01-AUTOBAN,SP330,72.0,NORTE,-23.09042066,-46.97272718,CHOQUE,CHOQUE-BARREIRA DE CONCRETO,NÃO INFORMADO,AUTOMÓVEL=2|CAMINHÃO=1,LOUVEIRA,CAMPINAS,CAMPINAS,ESTADUAL
3611,2023-08-31,07:56:25,L01-AUTOBAN,SP330,24.2,SUL,-23.43317622,-46.78665915,COLISÃO,COLISÃO-LATERAL,NÃO INFORMADO,AUTOMÓVEL=2,SÃO PAULO,REG. METROPOLITANA SÃO PAULO,SÃO PAULO,ESTADUAL
3612,2023-08-31,12:15:55,L01-AUTOBAN,SP330,81.12,SUL,-23.02070721,-47.01858439,COLISÃO,COLISÃO-TRASEIRA,NÃO INFORMADO,UTILITÁRIO=2,VALINHOS,CAMPINAS,CAMPINAS,ESTADUAL
3613,2023-08-31,13:30:22,L01-AUTOBAN,SP330,48.8,NORTE,-23.26727751,-46.86792576,CHOQUE,CHOQUE-SINALIZAÇÃO,NÃO INFORMADO,AUTOMÓVEL=1,JUNDIAÍ,CAMPINAS,CAMPINAS,ESTADUAL
3614,2023-08-31,15:10:33,L01-AUTOBAN,SP330,66.88,SUL,-23.13144588,-46.94986272,CHOQUE,CHOQUE-DEFENSA METÁLICA,NÃO INFORMADO,MOTO=1,JUNDIAÍ,CAMPINAS,CAMPINAS,ESTADUAL
3616,2023-08-31,17:30:34,L01-AUTOBAN,SP330,20.8,NORTE,-23.46235857,-46.78089881,COLISÃO,COLISÃO-TRASEIRA,NÃO INFORMADO,AUTOMÓVEL=1|MOTO=1,SÃO PAULO,REG. METROPOLITANA SÃO PAULO,SÃO PAULO,ESTADUAL
3618,2023-08-31,19:04:10,L01-AUTOBAN,SP330,29.3,SUL,-23.40817775,-46.82320958,COLISÃO,COLISÃO-LATERAL,NÃO INFORMADO,MOTO=1|ÔNIBUS=1,SÃO PAULO,REG. METROPOLITANA SÃO PAULO,SÃO PAULO,ESTADUAL
3619,2023-08-31,19:32:46,L01-AUTOBAN,SP330,65.0,SUL,-23.14463174,-46.93948388,CHOQUE,CHOQUE-POSTE,NÃO INFORMADO,MOTO=1,JUNDIAÍ,CAMPINAS,CAMPINAS,ESTADUAL
3620,2023-08-31,19:40:54,L01-AUTOBAN,SPM330D,109.0,NORTE,-22.82737416,-47.18387604,COLISÃO,COLISÃO-LATERAL,NÃO INFORMADO,AUTOMÓVEL=1|CAMINHÃO=1,SUMARÉ,CAMPINAS,CAMPINAS,ESTADUAL
3621,2023-08-31,20:16:14,L01-AUTOBAN,SP330,49.0,NORTE,-23.2655655,-46.86749339,ATROPELAMENTO DE ANIMAL,ATROP. ANIMAL,NÃO INFORMADO,AUTOMÓVEL=1,JUNDIAÍ,CAMPINAS,CAMPINAS,ESTADUAL
3622,2023-09-01,00:36:07,L01-AUTOBAN,SPM330E,56.0,SUL,-23.21105335,-46.89180493,CHOQUE,CHOQUE-BARREIRA DE CONCRETO,NÃO INFORMADO,AUTOMÓVEL=1,JUNDIAÍ,CAMPINAS,CAMPINAS,ESTADUAL
3623,2023-09-01,02:02:51,L01-AUTOBAN,SP330,98.0,SUL,-22.89624517,-47.11095214,CHOQUE,CHOQUE-BARREIRA DE CONCRETO,NÃO INFORMADO,AUTOMÓVEL=1,CAMPINAS,CAMPINAS,CAMPINAS,ESTADUAL
3625,2023-09-01,05:16:16,L01-AUTOBAN,SP330,20.0,SUL,-23.4689052,-46.77906632,COLISÃO,COLISÃO-LATERAL,NÃO INFORMADO,AUTOMÓVEL=1|ÔNIBUS=1,OSASCO,REG. METROPOLITANA SÃO PAULO,SÃO PAULO,ESTADUAL
3629,2023-09-01,17:12:53,L01-AUTOBAN,SP330,106.7,NORTE,-22.84156885,-47.16879732,ENGAVETAMENTO,ENGAVETAMENTO,NÃO INFORMADO,AUTOMÓVEL=3|VAN/PERUA=1,SUMARÉ,CAMPINAS,CAMPINAS,ESTADUAL
3630,2023-09-01,17:17:17,L01-AUTOBAN,SP330,103.0,NORTE,-22.86219711,-47.13924408,COLISÃO,COLISÃO-LATERAL,NÃO INFORMADO,AUTOMÓVEL=1|CARRETA=1,CAMPINAS,CAMPINAS,CAMPINAS,ESTADUAL
3631,2023-09-01,18:57:49,L01-AUTOBAN,SP330,21.5,NORTE,-23.45686622,-46.78394794,COLISÃO,COLISÃO-TRASEIRA,NÃO INFORMADO,AUTOMÓVEL=1|MOTO=1,SÃO PAULO,REG. METROPOLITANA SÃO PAULO,SÃO PAULO,ESTADUAL
3634,2023-09-01,20:01:16,L01-AUTOBAN,SP330,115.1,SUL,-22.7915606,-47.2267667,CHOQUE,CHOQUE-VEÍCULO PARADO NO ACOSTAMENTO,NÃO INFORMADO,AUTOMÓVEL=2,SUMARÉ,CAMPINAS,CAMPINAS,ESTADUAL
3635,2023-09-01,22:31:13,L01-AUTOBAN,SP330,26.4,SUL,-23.41901313,-46.7978847,CHOQUE,CHOQUE-BARREIRA DE CONCRETO,NÃO INFORMADO,CAMINHÃO=1,SÃO PAULO,REG. METROPOLITANA SÃO PAULO,SÃO PAULO,ESTADUAL
3639,2023-09-02,00:44:38,L01-AUTOBAN,SPM330E,91.5,SUL,-22.9391081,-47.06891119,ATROPELAMENTO DE ANIMAL,ATROP. ANIMAL,NÃO INFORMADO,AUTOMÓVEL=1,CAMPINAS,CAMPINAS,CAMPINAS,ESTADUAL
3640,2023-09-02,01:07:45,L01-AUTOBAN,SPM330D,113.46,NORTE,-22.80402046,-47.21885354,COLISÃO,COLISÃO-LATERAL,NÃO INFORMADO,AUTOMÓVEL=2,SUMARÉ,CAMPINAS,CAMPINAS,ESTADUAL
3642,2023-09-02,03:40:41,L01-AUTOBAN,SP330,72.2,NORTE,-23.08883175,-46.97376113,ATROPELAMENTO DE ANIMAL,ATROP. ANIMAL,NÃO INFORMADO,AUTOMÓVEL=1,LOUVEIRA,CAMPINAS,CAMPINAS,ESTADUAL
3644,2023-09-02,06:00:01,L01-AUTOBAN,SPM330D,51.7,NORTE,-23.24243527,-46.86808225,COLISÃO,COLISÃO-TRASEIRA,NÃO INFORMADO,AUTOMÓVEL=1|MOTO=1,JUNDIAÍ,CAMPINAS,CAMPINAS,ESTADUAL
3645,2023-09-02,06:56:54,L01-AUTOBAN,SP330,86.0,SUL,-22.98295025,-47.04378426,TOMBAMENTO,TOMBAMENTO-MOTO,NÃO INFORMADO,MOTO=1,VALINHOS,CAMPINAS,CAMPINAS,ESTADUAL
3647,2023-09-02,14:30:21,L01-AUTOBAN,SP330,127.85,NORTE,-22.70490139,-47.30258255,COLISÃO,COLISÃO-TRASEIRA,NÃO INFORMADO,AUTOMÓVEL=1|UTILITÁRIO=1,AMERICANA,CAMPINAS,RIO CLARO,ESTADUAL
3650,2023-09-02,18:17:12,L01-AUTOBAN,SP330,34.6,NORTE,-23.37180681,-46.84305279,CHOQUE,CHOQUE-BARREIRA DE CONCRETO,NÃO INFORMADO,AUTOMÓVEL=1,CAJAMAR,REG. METROPOLITANA SÃO PAULO,SÃO PAULO,ESTADUAL
3653,2023-09-02,19:29:26,L01-AUTOBAN,SP330,29.5,NORTE,-23.40904124,-46.82097959,CHOQUE,CHOQUE-BARREIRA DE CONCRETO,NÃO INFORMADO,AUTOMÓVEL=1,SÃO PAULO,REG. METROPOLITANA SÃO PAULO,SÃO PAULO,ESTADUAL
3655,2023-09-02,20:58:17,L01-AUTOBAN,SP330,104.0,NORTE,-22.856805,-47.148633,COLISÃO,COLISÃO-LATERAL,NÃO INFORMADO,AUTOMÓVEL=1|CARRETA=1,CAMPINAS,CAMPINAS,CAMPINAS,ESTADUAL
3658,2023-09-02,22:20:50,L01-AUTOBAN,SP330,35.3,SUL,-23.36657957,-46.84630887,CHOQUE,CHOQUE-BARREIRA DE CONCRETO,NÃO INFORMADO,AUTOMÓVEL=1,CAJAMAR,REG. METROPOLITANA SÃO PAULO,SÃO PAULO,ESTADUAL
3659,2023-09-02,22:33:27,L01-AUTOBAN,SP330,122.8,NORTE,-22.73935786,-47.27493392,CHOQUE,CHOQUE-BARREIRA DE CONCRETO,NÃO INFORMADO,AUTOMÓVEL=1,AMERICANA,CAMPINAS,RIO CLARO,ESTADUAL
3660,2023-09-02,22:44:09,L01-AUTOBAN,SPM330D,23.7,NORTE,-23.43748547,-46.78646547,COLISÃO,COLISÃO-LATERAL,NÃO INFORMADO,AUTOMÓVEL=2,SÃO PAULO,REG. METROPOLITANA SÃO PAULO,SÃO PAULO,ESTADUAL
3662,2023-09-02,23:55:38,L01-AUTOBAN,SP330,46.0,SUL,-23.28830722,-46.86611474,CHOQUE,CHOQUE-BARREIRA DE CONCRETO,NÃO INFORMADO,AUTOMÓVEL=2,CAJAMAR,REG. METROPOLITANA SÃO PAULO,SÃO PAULO,ESTADUAL
3665,2023-09-03,00:50:40,L01-AUTOBAN,SP330,56.8,NORTE,-23.20692471,-46.89760923,CHOQUE,CHOQUE-DEFENSA METÁLICA,NÃO INFORMADO,AUTOMÓVEL=1,JUNDIAÍ,CAMPINAS,CAMPINAS,ESTADUAL
3666,2023-09-03,03:39:51,L01-AUTOBAN,SP330,104.0,NORTE,-22.856805,-47.148633,CHOQUE,CHOQUE-BARREIRA DE CONCRETO,NÃO INFORMADO,AUTOMÓVEL=1,CAMPINAS,CAMPINAS,CAMPINAS,ESTADUAL
3669,2023-09-03,14:00:17,L01-AUTOBAN,SP330,32.1,SUL,-23.39205421,-46.835865,COLISÃO,COLISÃO-TRASEIRA,NÃO INFORMADO,AUTOMÓVEL=1,CAJAMAR,REG. METROPOLITANA SÃO PAULO,SÃO PAULO,ESTADUAL
3670,2023-09-03,16:50:12,L01-AUTOBAN,SPM330E,89.95,SUL,-22.95142624,-47.06194763,CAPOTAMENTO,CAPOTAMENTO,NÃO INFORMADO,AUTOMÓVEL=1,CAMPINAS,CAMPINAS,CAMPINAS,ESTADUAL
3674,2023-09-03,22:42:15,L01-AUTOBAN,SPM330D,55.0,NORTE,-23.2162004,-46.88377976,CHOQUE,CHOQUE-BARREIRA DE CONCRETO,NÃO INFORMADO,AUTOMÓVEL=1,JUNDIAÍ,CAMPINAS,CAMPINAS,ESTADUAL
3677,2023-09-04,06:14:03,L01-AUTOBAN,SP330,98.0,NORTE,-22.89587453,-47.11074829,CHOQUE,CHOQUE-BARREIRA DE CONCRETO,NÃO INFORMADO,AUTOMÓVEL=1,CAMPINAS,CAMPINAS,CAMPINAS,ESTADUAL
3678,2023-09-04,06:50:36,L01-AUTOBAN,SP330,103.6,NORTE,-22.85896185,-47.14487742,TOMBAMENTO,TOMBAMENTO-MOTO,NÃO INFORMADO,MOTO=1,CAMPINAS,CAMPINAS,CAMPINAS,ESTADUAL
3679,2023-09-04,07:21:20,L01-AUTOBAN,SP330,106.8,SUL,-22.84124998,-47.16953804,COLISÃO,COLISÃO-TRASEIRA,NÃO INFORMADO,AUTOMÓVEL=1|BITREM/CVC=1,SUMARÉ,CAMPINAS,CAMPINAS,ESTADUAL
3680,2023-09-04,07:41:29,L01-AUTOBAN,SP330,147.8,NORTE,-22.54652958,-47.37509682,CHOQUE,CHOQUE-DEFENSA METÁLICA,NÃO INFORMADO,BITREM/CVC=1,LIMEIRA,CAMPINAS,RIO CLARO,ESTADUAL
3681,2023-09-04,10:23:44,L01-AUTOBAN,SP330,152.5,NORTE,-22.50958596,-47.39715457,CHOQUE,CHOQUE-PRAÇA AVI-(ENTRE VEÍCULOS),NÃO INFORMADO,AUTOMÓVEL=2,CORDEIRÓPOLIS,CAMPINAS,RIO CLARO,ESTADUAL
3685,2023-09-04,18:24:50,L01-AUTOBAN,SP330,83.0,SUL,-23.00543875,-47.02806115,COLISÃO,COLISÃO-TRASEIRA,NÃO INFORMADO,AUTOMÓVEL=2,VALINHOS,CAMPINAS,CAMPINAS,ESTADUAL
3686,2023-09-04,20:27:27,L01-AUTOBAN,SP330,69.0,SUL,-23.11375957,-46.95769608,COLISÃO,COLISÃO-TRASEIRA,NÃO INFORMADO,AUTOMÓVEL=2,JUNDIAÍ,CAMPINAS,CAMPINAS,ESTADUAL
3687,2023-09-04,22:56:32,L01-AUTOBAN,SP330,89.6,NORTE,-22.95417488,-47.06016933,COLISÃO,COLISÃO-TRASEIRA,NÃO INFORMADO,CAMINHÃO=1|CARRETA=1,CAMPINAS,CAMPINAS,CAMPINAS,ESTADUAL
3688,2023-09-05,00:32:58,L01-AUTOBAN,SP330,114.4,NORTE,-22.79719688,-47.2235148,ENGAVETAMENTO,ENGAVETAMENTO,NÃO INFORMADO,BITREM/CVC=1|CAMINHÃO=1|CARRETA=1,SUMARÉ,CAMPINAS,CAMPINAS,ESTADUAL
3689,2023-09-05,01:57:20,L01-AUTOBAN,SP330,92.4,NORTE,-22.93295645,-47.07441939,ATROPELAMENTO DE PEDESTRE,ATROP. PEDESTRE-ANDARILHO,NÃO INFORMADO,NÃO SE APLICA=1|UTILITÁRIO=1,CAMPINAS,CAMPINAS,CAMPINAS,ESTADUAL
3692,2023-09-05,06:29:47,L01-AUTOBAN,SP330,97.5,NORTE,-22.89997608,-47.10927308,COLISÃO,COLISÃO-LATERAL,NÃO INFORMADO,AUTOMÓVEL=1|MOTO=1,CAMPINAS,CAMPINAS,CAMPINAS,ESTADUAL
3694,2023-09-05,07:09:33,L01-AUTOBAN,SP330,59.9,NORTE,-23.18179321,-46.91097093,TOMBAMENTO,TOMBAMENTO-MOTO,NÃO INFORMADO,MOTO=1,JUNDIAÍ,CAMPINAS,CAMPINAS,ESTADUAL
3695,2023-09-05,08:08:13,L01-AUTOBAN,SP330,94.5,NORTE,-22.92214491,-47.09059954,COLISÃO,COLISÃO-LATERAL,NÃO INFORMADO,AUTOMÓVEL=1|MOTO=1,CAMPINAS,CAMPINAS,CAMPINAS,ESTADUAL
3699,2023-09-05,17:39:25,L01-AUTOBAN,SPM330E,56.0,SUL,-23.21105335,-46.89180493,CHOQUE,CHOQUE-DEFENSA METÁLICA,NÃO INFORMADO,AUTOMÓVEL=1,JUNDIAÍ,CAMPINAS,CAMPINAS,ESTADUAL
3701,2023-09-05,18:31:58,L01-AUTOBAN,SP330,83.3,NORTE,-23.00314259,-47.02943446,COLISÃO,COLISÃO-LATERAL,NÃO INFORMADO,BITREM/CVC=1|MOTO=1,VALINHOS,CAMPINAS,CAMPINAS,ESTADUAL
3702,2023-09-06,00:45:41,L01-AUTOBAN,SP330,104.1,NORTE,-22.85629577,-47.14944343,CHOQUE,CHOQUE-SINALIZAÇÃO,NÃO INFORMADO,MOTO=1,CAMPINAS,CAMPINAS,CAMPINAS,ESTADUAL
3705,2023-09-06,06:34:23,L01-AUTOBAN,SP330,81.0,SUL,-23.02168304,-47.01794386,COLISÃO,COLISÃO-LATERAL,NÃO INFORMADO,CAMINHÃO=1|NÃO INFORMADO=1,VALINHOS,CAMPINAS,CAMPINAS,ESTADUAL
3706,2023-09-06,07:06:30,L01-AUTOBAN,SPM330E,105.3,SUL,-22.8504955,-47.15903559,ENGAVETAMENTO,ENGAVETAMENTO,NÃO INFORMADO,AUTOMÓVEL=3,CAMPINAS,CAMPINAS,CAMPINAS,ESTADUAL
3707,2023-09-06,07:58:45,L01-AUTOBAN,SP330,13.8,SUL,-23.50738009,-46.74803639,COLISÃO,COLISÃO-LATERAL,NÃO INFORMADO,AUTOMÓVEL=1|MOTO=1,SÃO PAULO,REG. METROPOLITANA SÃO PAULO,SÃO PAULO,ESTADUAL
3708,2023-09-06,09:22:48,L01-AUTOBAN,SP330,19.8,NORTE,-23.46989818,-46.77762329,CHOQUE,CHOQUE-OBJETO NA PISTA,NÃO INFORMADO,MOTO=1,OSASCO,REG. METROPOLITANA SÃO PAULO,SÃO PAULO,ESTADUAL
3709,2023-09-06,10:06:23,L01-AUTOBAN,SP330,117.66,SUL,-22.77111693,-47.23936352,CHOQUE,CHOQUE-ILHA,NÃO INFORMADO,UTILITÁRIO=1,NOVA ODESSA,CAMPINAS,RIO CLARO,ESTADUAL
3711,2023-09-06,11:44:08,L01-AUTOBAN,SP330,61.0,NORTE,-23.17529462,-46.91833198,COLISÃO,COLISÃO-TRASEIRA,NÃO INFORMADO,AUTOMÓVEL=1|MOTO=1,JUNDIAÍ,CAMPINAS,CAMPINAS,ESTADUAL
3713,2023-09-06,13:07:56,L01-AUTOBAN,SP330,120.0,NORTE,-22.756649,-47.254609,TOMBAMENTO,TOMBAMENTO-MOTO,NÃO INFORMADO,MOTO=1,AMERICANA,CAMPINAS,RIO CLARO,ESTADUAL
3714,2023-09-06,13:15:38,L01-AUTOBAN,SP330,12.0,SUL,-23.50948451,-46.73040569,COLISÃO,COLISÃO-TRASEIRA,NÃO INFORMADO,AUTOMÓVEL=1|NÃO INFORMADO=1,SÃO PAULO,REG. METROPOLITANA SÃO PAULO,SÃO PAULO,ESTADUAL
3719,2023-09-06,17:21:47,L01-AUTOBAN,SP330,82.9,NORTE,-23.00621641,-47.02736271,ENGAVETAMENTO,ENGAVETAMENTO,NÃO INFORMADO,AUTOMÓVEL=3,VALINHOS,CAMPINAS,CAMPINAS,ESTADUAL
3720,2023-09-06,17:41:53,L01-AUTOBAN,SPM330D,114.7,NORTE,-22.79470889,-47.22479902,COLISÃO,COLISÃO-TRASEIRA,NÃO INFORMADO,MOTO=1|NÃO INFORMADO=1,SUMARÉ,CAMPINAS,CAMPINAS,ESTADUAL
3723,2023-09-06,18:41:28,L01-AUTOBAN,SP330,82.7,NORTE,-23.00774218,-47.0263413,TOMBAMENTO,TOMBAMENTO-MOTO,NÃO INFORMADO,MOTO=1,VALINHOS,CAMPINAS,CAMPINAS,ESTADUAL
3725,2023-09-06,18:51:43,L01-AUTOBAN,SP330,83.38,SUL,-23.00543875,-47.02806115,ENGAVETAMENTO,ENGAVETAMENTO,NÃO INFORMADO,AUTOMÓVEL=3,VALINHOS,CAMPINAS,CAMPINAS,ESTADUAL
3726,2023-09-06,19:31:50,L01-AUTOBAN,SP330,107.5,NORTE,-22.83601889,-47.17400014,COLISÃO,COLISÃO-TRASEIRA,NÃO INFORMADO,AUTOMÓVEL=2,SUMARÉ,CAMPINAS,CAMPINAS,ESTADUAL
3727,2023-09-06,19:57:24,L01-AUTOBAN,SP330,104.7,NORTE,-22.85324034,-47.15430609,COLISÃO,COLISÃO-LATERAL,NÃO INFORMADO,AUTOMÓVEL=1|MOTO=1,CAMPINAS,CAMPINAS,CAMPINAS,ESTADUAL
3729,2023-09-06,23:31:11,L01-AUTOBAN,SP330,141.76,NORTE,-22.59653918,-47.36529529,CHOQUE,CHOQUE-BARREIRA DE CONCRETO,NÃO INFORMADO,AUTOMÓVEL=2,LIMEIRA,CAMPINAS,RIO CLARO,ESTADUAL
3730,2023-09-07,00:01:21,L01-AUTOBAN,SP330,103.0,NORTE,-22.86219711,-47.13924408,COLISÃO,COLISÃO-TRASEIRA,NÃO INFORMADO,AUTOMÓVEL=1|CAMINHÃO=1,CAMPINAS,CAMPINAS,CAMPINAS,ESTADUAL
3731,2023-09-07,03:18:41,L01-AUTOBAN,SP330,98.0,NORTE,-22.89587453,-47.11074829,CHOQUE,CHOQUE-BARREIRA DE CONCRETO,NÃO INFORMADO,AUTOMÓVEL=1,CAMPINAS,CAMPINAS,CAMPINAS,ESTADUAL
3736,2023-09-07,09:47:15,L01-AUTOBAN,SP330,96.3,SUL,-22.90957089,-47.10332503,CHOQUE,CHOQUE-BARREIRA DE CONCRETO,NÃO INFORMADO,MOTO=1,CAMPINAS,CAMPINAS,CAMPINAS,ESTADUAL
3739,2023-09-07,11:04:54,L01-AUTOBAN,SP330,120.5,NORTE,-22.75337603,-47.25802994,CHOQUE,CHOQUE-BARREIRA DE CONCRETO,NÃO INFORMADO,AUTOMÓVEL=1,AMERICANA,CAMPINAS,RIO CLARO,ESTADUAL
3740,2023-09-07,12:04:18,L01-AUTOBAN,SP330,53.7,SUL,-23.22326987,-46.87758923,CHOQUE,CHOQUE-VEÍCULO PARADO NO ACOSTAMENTO,NÃO INFORMADO,AUTOMÓVEL=1|CARRETA=1|MOTO=1,JUNDIAÍ,CAMPINAS,CAMPINAS,ESTADUAL
3741,2023-09-07,13:47:00,L01-AUTOBAN,SP330,64.0,SUL,-23.15363356,-46.93565369,TOMBAMENTO,TOMBAMENTO-MOTO,NÃO INFORMADO,MOTO=1,JUNDIAÍ,CAMPINAS,CAMPINAS,ESTADUAL
3742,2023-09-07,16:44:59,L01-AUTOBAN,SP330,41.6,NORTE,-23.31957158,-46.85073601,CHOQUE,CHOQUE-DEFENSA METÁLICA,NÃO INFORMADO,AUTOMÓVEL=1,CAJAMAR,REG. METROPOLITANA SÃO PAULO,SÃO PAULO,ESTADUAL
3743,2023-09-07,18:41:58,L01-AUTOBAN,SPM330E,95.32,SUL,-22.91731297,-47.09646649,COLISÃO,COLISÃO-TRASEIRA,NÃO INFORMADO,AUTOMÓVEL=3,CAMPINAS,CAMPINAS,CAMPINAS,ESTADUAL
3744,2023-09-07,20:42:29,L01-AUTOBAN,SP330,55.26,SUL,-23.21488406,-46.88605287,CHOQUE,CHOQUE-DEFENSA METÁLICA,NÃO INFORMADO,AUTOMÓVEL=1,JUNDIAÍ,CAMPINAS,CAMPINAS,ESTADUAL
3745,2023-09-07,22:24:24,L01-AUTOBAN,SP330,74.7,NORTE,-23.07033452,-46.98686618,COLISÃO,COLISÃO-TRASEIRA,NÃO INFORMADO,AUTOMÓVEL=1|MOTO=1,VINHEDO,CAMPINAS,CAMPINAS,ESTADUAL
3746,2023-09-07,22:47:40,L01-AUTOBAN,SP330,58.5,SUL,-23.19303705,-46.90530986,COLISÃO,COLISÃO-LATERAL,NÃO INFORMADO,BICICLETA=1|NÃO INFORMADO=1,JUNDIAÍ,CAMPINAS,CAMPINAS,ESTADUAL
3747,2023-09-08,01:10:20,L01-AUTOBAN,SP330,97.22,NORTE,-22.90227294,-47.10844696,CHOQUE,CHOQUE-SINALIZAÇÃO,NÃO INFORMADO,MOTO=1,CAMPINAS,CAMPINAS,CAMPINAS,ESTADUAL
3750,2023-09-08,06:54:37,L01-AUTOBAN,SP330,26.1,NORTE,-23.42005818,-46.79539883,COLISÃO,COLISÃO-TRASEIRA,NÃO INFORMADO,AUTOMÓVEL=1|MOTO=1,SÃO PAULO,REG. METROPOLITANA SÃO PAULO,SÃO PAULO,ESTADUAL
3751,2023-09-08,07:17:30,L01-AUTOBAN,SPM330E,98.5,SUL,-22.89210879,-47.11222082,COLISÃO,COLISÃO-LATERAL,NÃO INFORMADO,AUTOMÓVEL=1|CARRETA=1,CAMPINAS,CAMPINAS,CAMPINAS,ESTADUAL
3752,2023-09-08,07:30:39,L01-AUTOBAN,SP330,26.0,SUL,-23.42090535,-46.79437637,TOMBAMENTO,TOMBAMENTO-MOTO,NÃO INFORMADO,MOTO=1,SÃO PAULO,REG. METROPOLITANA SÃO PAULO,SÃO PAULO,ESTADUAL
3759,2023-09-08,23:07:03,L01-AUTOBAN,SPM330D,57.7,NORTE,-23.19961123,-46.90231812,CHOQUE,CHOQUE-BARREIRA DE CONCRETO,NÃO INFORMADO,AUTOMÓVEL=3|UTILITÁRIO=1,JUNDIAÍ,CAMPINAS,CAMPINAS,ESTADUAL
3760,2023-09-09,00:37:43,L01-AUTOBAN,SPM330D,97.22,NORTE,-22.90227294,-47.10844696,CAPOTAMENTO,CAPOTAMENTO,NÃO INFORMADO,AUTOMÓVEL=1,CAMPINAS,CAMPINAS,CAMPINAS,ESTADUAL
3761,2023-09-09,08:10:23,L01-AUTOBAN,SPM330E,98.78,SUL,-22.88979242,-47.11293128,TOMBAMENTO,TOMBAMENTO-MOTO,NÃO INFORMADO,MOTO=1,CAMPINAS,CAMPINAS,CAMPINAS,ESTADUAL
3762,2023-09-09,08:49:26,L01-AUTOBAN,SPM330E,99.0,SUL,-22.88797241,-47.11348951,COLISÃO,COLISÃO-LATERAL,NÃO INFORMADO,AUTOMÓVEL=1|CAMINHÃO=1,CAMPINAS,CAMPINAS,CAMPINAS,ESTADUAL
3764,2023-09-09,10:18:09,L01-AUTOBAN,SP330,150.0,NORTE,-22.529694,-47.386737,ENGAVETAMENTO,ENGAVETAMENTO,NÃO INFORMADO,AUTOMÓVEL=1|BITREM/CVC=2,LIMEIRA,CAMPINAS,RIO CLARO,ESTADUAL
3765,2023-09-09,10:40:59,L01-AUTOBAN,SP330,40.3,NORTE,-23.32690898,-46.841241,COLISÃO,COLISÃO-LATERAL,NÃO INFORMADO,AUTOMÓVEL=1|NÃO INFORMADO=1,CAJAMAR,REG. METROPOLITANA SÃO PAULO,SÃO PAULO,ESTADUAL
3767,2023-09-09,16:44:39,L01-AUTOBAN,SPM330E,14.5,SUL,-23.50355185,-46.75236493,COLISÃO,COLISÃO-TRASEIRA,NÃO INFORMADO,AUTOMÓVEL=1|MOTO=1,SÃO PAULO,REG. METROPOLITANA SÃO PAULO,SÃO PAULO,ESTADUAL
3768,2023-09-10,00:47:19,L01-AUTOBAN,SP330,103.4,SUL,-22.86034542,-47.14317235,CHOQUE,CHOQUE-VEÍCULO PARADO NA PISTA,NÃO INFORMADO,AUTOMÓVEL=1|NÃO INFORMADO=1|UTILITÁRIO=1,CAMPINAS,CAMPINAS,CAMPINAS,ESTADUAL
3769,2023-09-10,05:29:32,L01-AUTOBAN,SPM330E,92.0,SUL,-22.9351263,-47.07110524,COLISÃO,COLISÃO-TRASEIRA,NÃO INFORMADO,AUTOMÓVEL=1|NÃO INFORMADO=1,CAMPINAS,CAMPINAS,CAMPINAS,ESTADUAL
3772,2023-09-10,14:25:03,L01-AUTOBAN,SP330,120.6,NORTE,-22.75272144,-47.25871412,COLISÃO,COLISÃO-LATERAL,NÃO INFORMADO,AUTOMÓVEL=1|BITREM/CVC=1,AMERICANA,CAMPINAS,RIO CLARO,ESTADUAL
3776,2023-09-11,07:05:48,L01-AUTOBAN,SPM330E,94.2,SUL,-22.92389347,-47.08856747,COLISÃO,COLISÃO-TRASEIRA,NÃO INFORMADO,AUTOMÓVEL=1|MOTO=1,CAMPINAS,CAMPINAS,CAMPINAS,ESTADUAL
3777,2023-09-11,07:50:10,L01-AUTOBAN,SP330,59.0,NORTE,-23.18892963,-46.90656781,COLISÃO,COLISÃO-TRASEIRA,NÃO INFORMADO,AUTOMÓVEL=1|MOTO=1,JUNDIAÍ,CAMPINAS,CAMPINAS,ESTADUAL
3778,2023-09-11,08:01:21,L01-AUTOBAN,SP330,105.78,SUL,-22.84794707,-47.16263529,COLISÃO,COLISÃO-LATERAL,NÃO INFORMADO,MOTO=1|NÃO INFORMADO=1,SUMARÉ,CAMPINAS,CAMPINAS,ESTADUAL
3779,2023-09-11,08:29:40,L01-AUTOBAN,SP330,97.7,NORTE,-22.89833549,-47.10986315,TOMBAMENTO,TOMBAMENTO-MOTO,NÃO INFORMADO,MOTO=1,CAMPINAS,CAMPINAS,CAMPINAS,ESTADUAL
3786,2023-09-11,17:06:55,L01-AUTOBAN,SPM330D,109.76,NORTE,-22.82380057,-47.1904155,CHOQUE,CHOQUE-DEFENSA METÁLICA,NÃO INFORMADO,CAMINHÃO=1|MOTO=1,SUMARÉ,CAMPINAS,CAMPINAS,ESTADUAL
3787,2023-09-11,18:58:27,L01-AUTOBAN,SP330,137.0,NORTE,-22.63063862,-47.3365581,TOMBAMENTO,TOMBAMENTO,NÃO INFORMADO,MOTO=1,LIMEIRA,CAMPINAS,RIO CLARO,ESTADUAL
3790,2023-09-11,22:11:02,L01-AUTOBAN,SP330,22.6,SUL,-23.44777022,-46.78689086,COLISÃO,COLISÃO-LATERAL,NÃO INFORMADO,MOTO=1|NÃO INFORMADO=1,SÃO PAULO,REG. METROPOLITANA SÃO PAULO,SÃO PAULO,ESTADUAL
3791,2023-09-12,03:03:41,L01-AUTOBAN,SP330,107.76,SUL,-22.83459235,-47.1758129,COLISÃO,COLISÃO-LATERAL,NÃO INFORMADO,CARRETA=2|ÔNIBUS=1,SUMARÉ,CAMPINAS,CAMPINAS,ESTADUAL
3793,2023-09-12,06:09:50,L01-AUTOBAN,SP330,92.96,NORTE,-22.92993252,-47.07866112,COLISÃO,COLISÃO-TRASEIRA,NÃO INFORMADO,MOTO=1|NÃO INFORMADO=1,CAMPINAS,CAMPINAS,CAMPINAS,ESTADUAL
3794,2023-09-12,07:39:17,L01-AUTOBAN,SP330,61.35,NORTE,-23.17295752,-46.92120086,COLISÃO,COLISÃO-TRASEIRA,NÃO INFORMADO,AUTOMÓVEL=1|MOTO=1,JUNDIAÍ,CAMPINAS,CAMPINAS,ESTADUAL
3795,2023-09-12,08:39:32,L01-AUTOBAN,SPI102/330,6.45,NORTE,-22.915663,-47.135311,CHOQUE,CHOQUE-VEÍCULO PARADO NO ACOSTAMENTO,NÃO INFORMADO,CAMINHÃO=1|CARRETA=1,CAMPINAS,CAMPINAS,CAMPINAS,ESTADUAL
3796,2023-09-12,09:36:51,L01-AUTOBAN,SP330,12.5,SUL,-23.50881797,-46.73522562,ENGAVETAMENTO,ENGAVETAMENTO,NÃO INFORMADO,AUTOMÓVEL=1|CAMINHÃO=1|CARRETA=1,SÃO PAULO,REG. METROPOLITANA SÃO PAULO,SÃO PAULO,ESTADUAL
3797,2023-09-12,11:51:39,L01-AUTOBAN,SP330,42.86,NORTE,-23.31139788,-46.85667401,COLISÃO,COLISÃO-TRASEIRA,NÃO INFORMADO,UTILITÁRIO=2,CAJAMAR,REG. METROPOLITANA SÃO PAULO,SÃO PAULO,ESTADUAL
3798,2023-09-12,12:37:41,L01-AUTOBAN,SPM330E,14.0,SUL,-23.50718726,-46.75003409,TOMBAMENTO,TOMBAMENTO-MOTO,NÃO INFORMADO,MOTO=1,SÃO PAULO,REG. METROPOLITANA SÃO PAULO,SÃO PAULO,ESTADUAL
3799,2023-09-12,18:44:19,L01-AUTOBAN,SPM330D,96.0,NORTE,-22.91145011,-47.10140347,ENGAVETAMENTO,ENGAVETAMENTO,NÃO INFORMADO,AUTOMÓVEL=2|UTILITÁRIO=1,CAMPINAS,CAMPINAS,CAMPINAS,ESTADUAL
3800,2023-09-12,19:00:47,L01-AUTOBAN,SP330,71.58,NORTE,-23.09340298,-46.97077829,COLISÃO,COLISÃO-TRASEIRA,NÃO INFORMADO,AUTOMÓVEL=1|CARRETA=1,LOUVEIRA,CAMPINAS,CAMPINAS,ESTADUAL
3801,2023-09-12,20:01:55,L01-AUTOBAN,SP330,99.5,NORTE,-22.88403101,-47.11541802,TOMBAMENTO,TOMBAMENTO-MOTO,NÃO INFORMADO,MOTO=1,CAMPINAS,CAMPINAS,CAMPINAS,ESTADUAL
3804,2023-09-12,22:54:15,L01-AUTOBAN,SPM330E,110.0,SUL,-22.82299347,-47.19250202,TOMBAMENTO,TOMBAMENTO-MOTO,NÃO INFORMADO,MOTO=1,SUMARÉ,CAMPINAS,CAMPINAS,ESTADUAL
3805,2023-09-13,00:30:08,L01-AUTOBAN,SP330,108.2,SUL,-22.83184238,-47.17875556,COLISÃO,COLISÃO-TRASEIRA,NÃO INFORMADO,AUTOMÓVEL=2,SUMARÉ,CAMPINAS,CAMPINAS,ESTADUAL
3807,2023-09-13,07:47:33,L01-AUTOBAN,SP330,22.0,SUL,-23.45303514,-46.78664625,COLISÃO,COLISÃO-TRASEIRA,NÃO INFORMADO,MOTO=1|UTILITÁRIO=1,SÃO PAULO,REG. METROPOLITANA SÃO PAULO,SÃO PAULO,ESTADUAL
3809,2023-09-13,08:15:05,L01-AUTOBAN,SP330,109.35,SUL,-22.82592662,-47.18714405,ENGAVETAMENTO,ENGAVETAMENTO,NÃO INFORMADO,AUTOMÓVEL=3,SUMARÉ,CAMPINAS,CAMPINAS,ESTADUAL
3810,2023-09-13,08:23:05,L01-AUTOBAN,SP330,108.2,SUL,-22.83184238,-47.17875556,COLISÃO,COLISÃO-TRASEIRA,NÃO INFORMADO,AUTOMÓVEL=1|MOTO=1,SUMARÉ,CAMPINAS,CAMPINAS,ESTADUAL
3812,2023-09-13,16:16:11,L01-AUTOBAN,SPM330E,102.4,SUL,-22.86602299,-47.13523841,COLISÃO,COLISÃO-TRASEIRA,NÃO INFORMADO,AUTOMÓVEL=1|UTILITÁRIO=1,CAMPINAS,CAMPINAS,CAMPINAS,ESTADUAL
3813,2023-09-13,16:49:58,L01-AUTOBAN,SP330,118.0,SUL,-22.76903417,-47.24156499,CHOQUE,CHOQUE-ILHA,NÃO INFORMADO,CAMINHÃO=1,NOVA ODESSA,CAMPINAS,RIO CLARO,ESTADUAL
3815,2023-09-14,07:48:42,L01-AUTOBAN,SP330,111.0,SUL,-22.81811818,-47.20174491,ENGAVETAMENTO,ENGAVETAMENTO,NÃO INFORMADO,AUTOMÓVEL=2|UTILITÁRIO=1,SUMARÉ,CAMPINAS,CAMPINAS,ESTADUAL
3816,2023-09-14,08:03:31,L01-AUTOBAN,SP330,36.5,SUL,-23.3558791,-46.84773096,TOMBAMENTO,TOMBAMENTO,NÃO INFORMADO,CARRETA=1,CAJAMAR,REG. METROPOLITANA SÃO PAULO,SÃO PAULO,ESTADUAL
3819,2023-09-14,11:07:52,L01-AUTOBAN,SPM330D,106.12,NORTE,-22.84566044,-47.16486799,TOMBAMENTO,TOMBAMENTO-MOTO,NÃO INFORMADO,MOTO=1,SUMARÉ,CAMPINAS,CAMPINAS,ESTADUAL
3820,2023-09-14,14:36:24,L01-AUTOBAN,SP330,98.0,SUL,-22.89624517,-47.11095214,CHOQUE,CHOQUE-BARREIRA DE CONCRETO,NÃO INFORMADO,AUTOMÓVEL=1,CAMPINAS,CAMPINAS,CAMPINAS,ESTADUAL
3821,2023-09-14,15:02:42,L01-AUTOBAN,SP330,26.0,NORTE,-23.42050663,-46.79456413,COLISÃO,CHOQUE-PRAÇA AVI-(ENTRE VEÍCULOS),NÃO INFORMADO,AUTOMÓVEL=2,SÃO PAULO,REG. METROPOLITANA SÃO PAULO,SÃO PAULO,ESTADUAL
3822,2023-09-14,15:26:20,L01-AUTOBAN,SP330,25.0,NORTE,-23.426127,-46.787542,COLISÃO,COLISÃO-TRASEIRA,NÃO INFORMADO,MOTO=1|NÃO INFORMADO=1,SÃO PAULO,REG. METROPOLITANA SÃO PAULO,SÃO PAULO,ESTADUAL
3827,2023-09-14,17:24:56,L01-AUTOBAN,SP330,97.0,SUL,-22.90437906,-47.10784614,CHOQUE,CHOQUE-BARREIRA DE CONCRETO,NÃO INFORMADO,AUTOMÓVEL=1,CAMPINAS,CAMPINAS,CAMPINAS,ESTADUAL
3828,2023-09-14,18:21:43,L01-AUTOBAN,SP330,83.6,NORTE,-23.00083168,-47.03099548,COLISÃO,COLISÃO-LATERAL,NÃO INFORMADO,CAMINHÃO=1|MOTO=1,VALINHOS,CAMPINAS,CAMPINAS,ESTADUAL
3831,2023-09-14,19:53:53,L01-AUTOBAN,SP330,60.1,SUL,-23.18058161,-46.91230022,TOMBAMENTO,TOMBAMENTO-MOTO,NÃO INFORMADO,MOTO=1,JUNDIAÍ,CAMPINAS,CAMPINAS,ESTADUAL
3832,2023-09-14,20:04:45,L01-AUTOBAN,SP330,61.5,SUL,-23.17205945,-46.92265838,COLISÃO,COLISÃO-LATERAL,NÃO INFORMADO,AUTOMÓVEL=1|CARRETA=1,JUNDIAÍ,CAMPINAS,CAMPINAS,ESTADUAL
3833,2023-09-14,20:28:38,L01-AUTOBAN,SPM330D,86.0,NORTE,-22.982725,-47.043589,CAPOTAMENTO,CAPOTAMENTO,NÃO INFORMADO,AUTOMÓVEL=1,VALINHOS,CAMPINAS,CAMPINAS,ESTADUAL
3834,2023-09-14,20:38:42,L01-AUTOBAN,SPM330E,92.0,SUL,-22.9351263,-47.07110524,CHOQUE,CHOQUE-TALUDE OU BARRANCO,NÃO INFORMADO,AUTOMÓVEL=1,CAMPINAS,CAMPINAS,CAMPINAS,ESTADUAL
3835,2023-09-14,20:39:03,L01-AUTOBAN,SP330,103.0,NORTE,-22.86219711,-47.13924408,CHOQUE,CHOQUE-BARREIRA DE CONCRETO,NÃO INFORMADO,AUTOMÓVEL=1,CAMPINAS,CAMPINAS,CAMPINAS,ESTADUAL
3838,2023-09-15,02:00:28,L01-AUTOBAN,SPM330E,16.0,SUL,-23.49426874,-46.7588371,COLISÃO,COLISÃO-FRONTAL,NÃO INFORMADO,AUTOMÓVEL=1|CAMINHÃO=1,OSASCO,REG. METROPOLITANA SÃO PAULO,SÃO PAULO,ESTADUAL
3841,2023-09-15,09:10:48,L01-AUTOBAN,SP330,95.6,NORTE,-22.91920196,-47.09446995,TOMBAMENTO,TOMBAMENTO-MOTO,NÃO INFORMADO,MOTO=1,CAMPINAS,CAMPINAS,CAMPINAS,ESTADUAL
3842,2023-09-15,11:51:34,L01-AUTOBAN,SPM330E,16.4,SUL,-23.49255862,-46.76213085,ATROPELAMENTO DE PEDESTRE,ATROP. PEDESTRE-MORADOR/TRABALHADOR/ESTUDANTE,NÃO INFORMADO,CAMINHÃO=1|NÃO SE APLICA=1,OSASCO,REG. METROPOLITANA SÃO PAULO,SÃO PAULO,ESTADUAL
3843,2023-09-15,12:31:37,L01-AUTOBAN,SP330,119.0,SUL,-22.76349411,-47.24790037,COLISÃO,COLISÃO-LATERAL,NÃO INFORMADO,AUTOMÓVEL=1|CARRETA=1,NOVA ODESSA,CAMPINAS,RIO CLARO,ESTADUAL
3845,2023-09-15,16:06:30,L01-AUTOBAN,SPM330E,112.0,SUL,-22.81384598,-47.20930338,COLISÃO,COLISÃO-LATERAL,NÃO INFORMADO,MOTO=1,SUMARÉ,CAMPINAS,CAMPINAS,ESTADUAL
3846,2023-09-15,16:37:58,L01-AUTOBAN,SP330,20.0,NORTE,-23.46894457,-46.77887321,ENGAVETAMENTO,ENGAVETAMENTO,NÃO INFORMADO,AUTOMÓVEL=3|NÃO INFORMADO=3,OSASCO,REG. METROPOLITANA SÃO PAULO,SÃO PAULO,ESTADUAL
3853,2023-09-15,20:11:10,L01-AUTOBAN,SP330,36.0,SUL,-23.36049321,-46.84859991,CHOQUE,CHOQUE-SINALIZAÇÃO,NÃO INFORMADO,BITREM/CVC=1,CAJAMAR,REG. METROPOLITANA SÃO PAULO,SÃO PAULO,ESTADUAL
3855,2023-09-15,21:42:42,L01-AUTOBAN,SPM330E,108.68,SUL,-22.82924054,-47.18205763,CHOQUE,CHOQUE-VEÍCULO PARADO NA PISTA,NÃO INFORMADO,AUTOMÓVEL=1|BICICLETA=1|NÃO INFORMADO=1|ÔNIBUS=1,SUMARÉ,CAMPINAS,CAMPINAS,ESTADUAL
3856,2023-09-15,22:20:00,L01-AUTOBAN,SP330,97.16,NORTE,-22.9027651,-47.10826994,COLISÃO,COLISÃO-LATERAL,NÃO INFORMADO,NÃO INFORMADO=1|UTILITÁRIO=1,CAMPINAS,CAMPINAS,CAMPINAS,ESTADUAL
3857,2023-09-16,02:54:15,L01-AUTOBAN,SP330,13.4,SUL,-23.50776575,-46.74404096,COLISÃO,COLISÃO-TRASEIRA,NÃO INFORMADO,AUTOMÓVEL=1|NÃO INFORMADO=1,SÃO PAULO,REG. METROPOLITANA SÃO PAULO,SÃO PAULO,ESTADUAL
3858,2023-09-16,02:57:42,L01-AUTOBAN,SP330,43.0,NORTE,-23.31047851,-46.85723126,CHOQUE,CHOQUE-BARREIRA DE CONCRETO,NÃO INFORMADO,AUTOMÓVEL=1,CAJAMAR,REG. METROPOLITANA SÃO PAULO,SÃO PAULO,ESTADUAL
3859,2023-09-16,03:17:15,L01-AUTOBAN,SP330,32.0,NORTE,-23.39275,-46.835307,COLISÃO,COLISÃO-TRASEIRA,NÃO INFORMADO,AUTOMÓVEL=1|NÃO INFORMADO=1,CAJAMAR,REG. METROPOLITANA SÃO PAULO,SÃO PAULO,ESTADUAL
3862,2023-09-16,08:49:35,L01-AUTOBAN,SP330,61.1,SUL,-23.17465549,-46.91949337,ENGAVETAMENTO,ENGAVETAMENTO,NÃO INFORMADO,AUTOMÓVEL=3,JUNDIAÍ,CAMPINAS,CAMPINAS,ESTADUAL
3865,2023-09-16,12:34:37,L01-AUTOBAN,SPI102/330,3.8,NORTE,-22.89695476,-47.1357733,COLISÃO,COLISÃO-TRASEIRA,NÃO INFORMADO,AUTOMÓVEL=1|MOTO=1,CAMPINAS,CAMPINAS,CAMPINAS,ESTADUAL
3867,2023-09-16,14:22:24,L01-AUTOBAN,SP330,59.9,SUL,-23.181952,-46.91110934,ENGAVETAMENTO,ENGAVETAMENTO,NÃO INFORMADO,AUTOMÓVEL=2|UTILITÁRIO=1,JUNDIAÍ,CAMPINAS,CAMPINAS,ESTADUAL
3868,2023-09-16,18:52:02,L01-AUTOBAN,SP330,87.15,NORTE,-22.97354184,-47.04909772,CHOQUE,CHOQUE-BARREIRA DE CONCRETO,NÃO INFORMADO,AUTOMÓVEL=1,CAMPINAS,CAMPINAS,CAMPINAS,ESTADUAL
3870,2023-09-16,19:41:57,L01-AUTOBAN,SP330,118.0,SUL,-22.76903417,-47.24156499,COLISÃO,COLISÃO-TRASEIRA,NÃO INFORMADO,AUTOMÓVEL=2,NOVA ODESSA,CAMPINAS,RIO CLARO,ESTADUAL
3872,2023-09-16,20:25:04,L01-AUTOBAN,SP330,21.3,NORTE,-23.45840456,-46.78293085,COLISÃO,COLISÃO-TRASEIRA,NÃO INFORMADO,AUTOMÓVEL=1|MOTO=2,SÃO PAULO,REG. METROPOLITANA SÃO PAULO,SÃO PAULO,ESTADUAL
3874,2023-09-16,22:41:04,L01-AUTOBAN,SP330,109.0,NORTE,-22.82737416,-47.18387604,CAPOTAMENTO,CAPOTAMENTO,NÃO INFORMADO,UTILITÁRIO=1,SUMARÉ,CAMPINAS,CAMPINAS,ESTADUAL
3876,2023-09-17,00:58:06,L01-AUTOBAN,SP330,72.0,NORTE,-23.09042066,-46.97272718,COLISÃO,COLISÃO-TRASEIRA,NÃO INFORMADO,AUTOMÓVEL=2,LOUVEIRA,CAMPINAS,CAMPINAS,ESTADUAL
3877,2023-09-17,02:26:14,L01-AUTOBAN,SP330,97.0,SUL,-22.90437906,-47.10784614,TOMBAMENTO,TOMBAMENTO-MOTO,NÃO INFORMADO,MOTO=1,CAMPINAS,CAMPINAS,CAMPINAS,ESTADUAL
3878,2023-09-17,04:25:43,L01-AUTOBAN,SP330,97.0,NORTE,-22.90407763,-47.10779786,CHOQUE,CHOQUE-BARREIRA DE CONCRETO,NÃO INFORMADO,AUTOMÓVEL=1|NÃO INFORMADO=1,CAMPINAS,CAMPINAS,CAMPINAS,ESTADUAL
3880,2023-09-17,12:14:54,L01-AUTOBAN,SPM330E,16.4,SUL,-23.49255862,-46.76213085,COLISÃO,COLISÃO-TRASEIRA,NÃO INFORMADO,AUTOMÓVEL=2,OSASCO,REG. METROPOLITANA SÃO PAULO,SÃO PAULO,ESTADUAL
3884,2023-09-17,20:00:23,L01-AUTOBAN,SP330,61.0,SUL,-23.17530448,-46.91870213,COLISÃO,COLISÃO-LATERAL,NÃO INFORMADO,AUTOMÓVEL=1|CARRETA=1,JUNDIAÍ,CAMPINAS,CAMPINAS,ESTADUAL
3885,2023-09-17,21:10:02,L01-AUTOBAN,SP330,62.0,SUL,-23.16881442,-46.92661464,COLISÃO,COLISÃO-LATERAL,NÃO INFORMADO,AUTOMÓVEL=2,JUNDIAÍ,CAMPINAS,CAMPINAS,ESTADUAL
3887,2023-09-17,22:15:24,L01-AUTOBAN,SP330,13.2,NORTE,-23.5077376,-46.7423674,COLISÃO,COLISÃO-TRASEIRA,NÃO INFORMADO,AUTOMÓVEL=2,SÃO PAULO,REG. METROPOLITANA SÃO PAULO,SÃO PAULO,ESTADUAL
3891,2023-09-18,07:51:34,L01-AUTOBAN,SP330,15.5,SUL,-23.49709259,-46.75676644,COLISÃO,COLISÃO-LATERAL,NÃO INFORMADO,AUTOMÓVEL=2,SÃO PAULO,REG. METROPOLITANA SÃO PAULO,SÃO PAULO,ESTADUAL
3892,2023-09-18,07:55:04,L01-AUTOBAN,SP330,35.5,NORTE,-23.3646935,-46.8466945,COLISÃO,COLISÃO-TRASEIRA,NÃO INFORMADO,AUTOMÓVEL=1|NÃO INFORMADO=1,CAJAMAR,REG. METROPOLITANA SÃO PAULO,SÃO PAULO,ESTADUAL
3896,2023-09-18,14:39:17,L01-AUTOBAN,SP330,107.35,SUL,-22.8374383,-47.17313619,ENGAVETAMENTO,ENGAVETAMENTO,NÃO INFORMADO,AUTOMÓVEL=1|NÃO INFORMADO=2,SUMARÉ,CAMPINAS,CAMPINAS,ESTADUAL
3898,2023-09-18,15:54:07,L01-AUTOBAN,SP330,21.0,NORTE,-23.46071206,-46.78140521,COLISÃO,COLISÃO-TRASEIRA,NÃO INFORMADO,AUTOMÓVEL=1|CAMINHÃO=1|CARRETA=1,SÃO PAULO,REG. METROPOLITANA SÃO PAULO,SÃO PAULO,ESTADUAL
3899,2023-09-18,18:23:06,L01-AUTOBAN,SPM330E,98.82,SUL,-22.88946151,-47.11303278,COLISÃO,COLISÃO-TRASEIRA,NÃO INFORMADO,AUTOMÓVEL=3,CAMPINAS,CAMPINAS,CAMPINAS,ESTADUAL
3900,2023-09-18,18:57:41,L01-AUTOBAN,SPM330D,95.0,NORTE,-22.91969673,-47.0940274,COLISÃO,COLISÃO-TRASEIRA,NÃO INFORMADO,CAMINHÃO=1|UTILITÁRIO=1,CAMPINAS,CAMPINAS,CAMPINAS,ESTADUAL
3901,2023-09-18,21:30:40,L01-AUTOBAN,SP330,32.74,NORTE,-23.38678626,-46.83755772,COLISÃO,COLISÃO-TRASEIRA,NÃO INFORMADO,AUTOMÓVEL=1|CAMINHÃO=1,CAJAMAR,REG. METROPOLITANA SÃO PAULO,SÃO PAULO,ESTADUAL
3902,2023-09-18,22:28:36,L01-AUTOBAN,SP330,60.0,SUL,-23.18116795,-46.91158891,CHOQUE,CHOQUE-VEÍCULO PARADO NA PISTA,NÃO INFORMADO,AUTOMÓVEL=1|NÃO INFORMADO=1,JUNDIAÍ,CAMPINAS,CAMPINAS,ESTADUAL
3903,2023-09-18,23:44:20,L01-AUTOBAN,SP330,30.7,NORTE,-23.40252563,-46.83443195,COLISÃO,COLISÃO-TRASEIRA,NÃO INFORMADO,AUTOMÓVEL=1|NÃO INFORMADO=1,CAJAMAR,REG. METROPOLITANA SÃO PAULO,SÃO PAULO,ESTADUAL
3904,2023-09-18,23:56:11,L01-AUTOBAN,SP330,116.3,SUL,-22.78101638,-47.23211608,TOMBAMENTO,TOMBAMENTO-MOTO,NÃO INFORMADO,MOTO=1,NOVA ODESSA,CAMPINAS,RIO CLARO,ESTADUAL
3905,2023-09-19,03:19:40,L01-AUTOBAN,SP330,84.55,SUL,-22.99346304,-47.03635349,CHOQUE,CHOQUE-DEFENSA METÁLICA,NÃO INFORMADO,AUTOMÓVEL=1,VALINHOS,CAMPINAS,CAMPINAS,ESTADUAL
3906,2023-09-19,04:41:37,L01-AUTOBAN,SP330,26.0,NORTE,-23.42050663,-46.79456413,CHOQUE,CHOQUE-PRAÇA CABINE,NÃO INFORMADO,CARRETA=1,SÃO PAULO,REG. METROPOLITANA SÃO PAULO,SÃO PAULO,ESTADUAL
3908,2023-09-19,06:31:06,L01-AUTOBAN,SP330,12.6,SUL,-23.50868466,-46.73618961,TOMBAMENTO,TOMBAMENTO-MOTO,NÃO INFORMADO,MOTO=1,SÃO PAULO,REG. METROPOLITANA SÃO PAULO,SÃO PAULO,ESTADUAL
3909,2023-09-19,07:39:33,L01-AUTOBAN,SP330,21.7,SUL,-23.45542236,-46.78508681,ENGAVETAMENTO,ENGAVETAMENTO,NÃO INFORMADO,AUTOMÓVEL=1|NÃO INFORMADO=2,SÃO PAULO,REG. METROPOLITANA SÃO PAULO,SÃO PAULO,ESTADUAL
3910,2023-09-19,08:00:26,L01-AUTOBAN,SP330,103.0,NORTE,-22.86219711,-47.13924408,COLISÃO,COLISÃO-LATERAL,NÃO INFORMADO,AUTOMÓVEL=1|BITREM/CVC=1,CAMPINAS,CAMPINAS,CAMPINAS,ESTADUAL
3913,2023-09-19,10:26:25,L01-AUTOBAN,SP330,135.0,NORTE,-22.64655639,-47.32634425,COLISÃO,COLISÃO-TRASEIRA,NÃO INFORMADO,AUTOMÓVEL=2,LIMEIRA,CAMPINAS,RIO CLARO,ESTADUAL
3914,2023-09-19,10:38:11,L01-AUTOBAN,SP330,103.0,SUL,-22.862525,-47.139454,COLISÃO,COLISÃO-TRASEIRA,NÃO INFORMADO,AUTOMÓVEL=1|CAMINHÃO=1,CAMPINAS,CAMPINAS,CAMPINAS,ESTADUAL
3919,2023-09-19,15:30:57,L01-AUTOBAN,SP330,64.8,SUL,-23.14643208,-46.93871785,COLISÃO,COLISÃO-TRASEIRA,NÃO INFORMADO,AUTOMÓVEL=1|MOTO=1,JUNDIAÍ,CAMPINAS,CAMPINAS,ESTADUAL
3920,2023-09-19,18:22:00,L01-AUTOBAN,SP330,97.0,NORTE,-22.90407763,-47.10779786,COLISÃO,COLISÃO-TRASEIRA,NÃO INFORMADO,AUTOMÓVEL=1|MOTO=1,CAMPINAS,CAMPINAS,CAMPINAS,ESTADUAL
3921,2023-09-19,19:04:03,L01-AUTOBAN,SP330,100.0,NORTE,-22.88033176,-47.11758256,TOMBAMENTO,TOMBAMENTO,NÃO INFORMADO,MOTO=1,CAMPINAS,CAMPINAS,CAMPINAS,ESTADUAL
3923,2023-09-20,02:21:35,L01-AUTOBAN,SP330,60.2,SUL,-23.17999525,-46.91301156,CHOQUE,CHOQUE-VEÍCULO PARADO NO ACOSTAMENTO,NÃO INFORMADO,CAMINHÃO=1|UTILITÁRIO=1,JUNDIAÍ,CAMPINAS,CAMPINAS,ESTADUAL
3925,2023-09-20,08:57:47,L01-AUTOBAN,SP330,126.5,SUL,-22.71517966,-47.2964859,TOMBAMENTO,TOMBAMENTO-MOTO,NÃO INFORMADO,MOTO=1,AMERICANA,CAMPINAS,RIO CLARO,ESTADUAL
3926,2023-09-20,09:11:29,L01-AUTOBAN,SP330,59.4,NORTE,-23.18575788,-46.90852476,ENGAVETAMENTO,ENGAVETAMENTO,NÃO INFORMADO,AUTOMÓVEL=2|NÃO INFORMADO=1|UTILITÁRIO=1,JUNDIAÍ,CAMPINAS,CAMPINAS,ESTADUAL
3927,2023-09-20,09:28:03,L01-AUTOBAN,SP330,113.6,NORTE,-22.80311145,-47.21961807,TOMBAMENTO,TOMBAMENTO-MOTO,NÃO INFORMADO,MOTO=1,SUMARÉ,CAMPINAS,CAMPINAS,ESTADUAL
3931,2023-09-20,16:53:35,L01-AUTOBAN,SP330,103.0,NORTE,-22.86219711,-47.13924408,COLISÃO,COLISÃO-LATERAL,NÃO INFORMADO,MOTO=1|NÃO INFORMADO=1,CAMPINAS,CAMPINAS,CAMPINAS,ESTADUAL
3932,2023-09-20,17:54:37,L01-AUTOBAN,SP330,96.84,NORTE,-22.90525725,-47.10677474,ENGAVETAMENTO,ENGAVETAMENTO,NÃO INFORMADO,AUTOMÓVEL=3|UTILITÁRIO=1,CAMPINAS,CAMPINAS,CAMPINAS,ESTADUAL
3933,2023-09-20,18:24:03,L01-AUTOBAN,SP330,148.0,NORTE,-22.545053,-47.37612,CAPOTAMENTO,CAPOTAMENTO,NÃO INFORMADO,AUTOMÓVEL=1,LIMEIRA,CAMPINAS,RIO CLARO,ESTADUAL
3938,2023-09-21,08:02:36,L01-AUTOBAN,SP330,83.4,SUL,-23.00245624,-47.03010822,COLISÃO,COLISÃO-LATERAL,NÃO INFORMADO,AUTOMÓVEL=1|MOTO=1,VALINHOS,CAMPINAS,CAMPINAS,ESTADUAL
3941,2023-09-21,10:13:28,L01-AUTOBAN,SP330,84.6,SUL,-22.99305222,-47.03664207,COLISÃO,COLISÃO-TRASEIRA,NÃO INFORMADO,CAMINHÃO=1|CARRETA=1,VALINHOS,CAMPINAS,CAMPINAS,ESTADUAL
3943,2023-09-21,11:00:50,L01-AUTOBAN,SP330,129.8,SUL,-22.68990173,-47.31076062,COLISÃO,COLISÃO-TRASEIRA,NÃO INFORMADO,AUTOMÓVEL=1|NÃO INFORMADO=1,AMERICANA,CAMPINAS,RIO CLARO,ESTADUAL
3944,2023-09-21,11:23:59,L01-AUTOBAN,SP330,117.8,NORTE,-22.77006297,-47.23960699,CHOQUE,CHOQUE-PRAÇA AVI-(ENTRE VEÍCULOS),NÃO INFORMADO,CARRETA=1|ÔNIBUS=1,NOVA ODESSA,CAMPINAS,RIO CLARO,ESTADUAL
3945,2023-09-21,12:04:09,L01-AUTOBAN,SP330,35.6,SUL,-23.36397114,-46.84729074,CHOQUE,CHOQUE-OBJETO NA PISTA,NÃO INFORMADO,MOTO=1|UTILITÁRIO=1,CAJAMAR,REG. METROPOLITANA SÃO PAULO,SÃO PAULO,ESTADUAL
3946,2023-09-21,12:57:04,L01-AUTOBAN,SP330,28.5,NORTE,-23.41089937,-46.81159105,COLISÃO,COLISÃO-LATERAL,NÃO INFORMADO,BITREM/CVC=1|CAMINHÃO=1,SÃO PAULO,REG. METROPOLITANA SÃO PAULO,SÃO PAULO,ESTADUAL
3949,2023-09-21,17:55:21,L01-AUTOBAN,SP330,54.0,SUL,-23.22326987,-46.87758923,COLISÃO,COLISÃO-LATERAL,NÃO INFORMADO,AUTOMÓVEL=1|MOTO=1,JUNDIAÍ,CAMPINAS,CAMPINAS,ESTADUAL
3954,2023-09-22,13:14:43,L01-AUTOBAN,SP330,52.2,SUL,-23.23837869,-46.86991275,COLISÃO,COLISÃO-LATERAL,NÃO INFORMADO,CARRETA=1|MOTO=1,JUNDIAÍ,CAMPINAS,CAMPINAS,ESTADUAL
3955,2023-09-22,14:36:12,L01-AUTOBAN,SP330,23.1,SUL,-23.44331677,-46.78699064,CHOQUE,CHOQUE-BARREIRA DE CONCRETO,NÃO INFORMADO,AUTOMÓVEL=1,SÃO PAULO,REG. METROPOLITANA SÃO PAULO,SÃO PAULO,ESTADUAL
3959,2023-09-22,17:30:57,L01-AUTOBAN,SP330,108.0,SUL,-22.83292646,-47.17737973,ENGAVETAMENTO,ENGAVETAMENTO,NÃO INFORMADO,AUTOMÓVEL=3,SUMARÉ,CAMPINAS,CAMPINAS,ESTADUAL
3962,2023-09-22,21:07:46,L01-AUTOBAN,SP330,13.26,SUL,-23.50790074,-46.74264257,COLISÃO,COLISÃO-LATERAL,NÃO INFORMADO,CAMINHÃO=1|UTILITÁRIO=1,SÃO PAULO,REG. METROPOLITANA SÃO PAULO,SÃO PAULO,ESTADUAL
3963,2023-09-22,21:55:55,L01-AUTOBAN,SP330,22.829,SUL,-23.44576077,-46.78698423,TOMBAMENTO,TOMBAMENTO-MOTO,NÃO INFORMADO,MOTO=1,SÃO PAULO,REG. METROPOLITANA SÃO PAULO,SÃO PAULO,ESTADUAL
3964,2023-09-22,23:23:13,L01-AUTOBAN,SPI102/330,5.0,NORTE,-22.90690412,-47.13676572,COLISÃO,COLISÃO-TRASEIRA,NÃO INFORMADO,AUTOMÓVEL=1|CARRETA=1,CAMPINAS,CAMPINAS,CAMPINAS,ESTADUAL
3965,2023-09-23,01:09:01,L01-AUTOBAN,SPI102/330,5.0,NORTE,-22.90690412,-47.13676572,CHOQUE,CHOQUE-VEÍCULO PARADO NO ACOSTAMENTO,NÃO INFORMADO,UTILITÁRIO=1|VIATURA CONCESSIONÁRIA=1,CAMPINAS,CAMPINAS,CAMPINAS,ESTADUAL
3966,2023-09-23,02:48:18,L01-AUTOBAN,SP330,58.1,NORTE,-23.19610556,-46.9039945,CHOQUE,CHOQUE-DEFENSA METÁLICA,NÃO INFORMADO,AUTOMÓVEL=1,JUNDIAÍ,CAMPINAS,CAMPINAS,ESTADUAL
3967,2023-09-23,02:52:12,L01-AUTOBAN,SPM330E,93.0,SUL,-22.929865,-47.079096,CHOQUE,CHOQUE-TALUDE OU BARRANCO,NÃO INFORMADO,AUTOMÓVEL=1,CAMPINAS,CAMPINAS,CAMPINAS,ESTADUAL
3969,2023-09-23,09:09:29,L01-AUTOBAN,SP330,30.0,NORTE,-23.40510337,-46.82884812,TOMBAMENTO,TOMBAMENTO,NÃO INFORMADO,MOTO=1,CAJAMAR,REG. METROPOLITANA SÃO PAULO,SÃO PAULO,ESTADUAL
3970,2023-09-23,13:08:27,L01-AUTOBAN,SP330,60.5,SUL,-23.17823622,-46.91514552,COLISÃO,COLISÃO-TRASEIRA,NÃO INFORMADO,NÃO INFORMADO=1|VAN/PERUA=1,JUNDIAÍ,CAMPINAS,CAMPINAS,ESTADUAL
3971,2023-09-23,14:02:35,L01-AUTOBAN,SP330,60.2,SUL,-23.17999525,-46.91301156,COLISÃO,COLISÃO-TRASEIRA,NÃO INFORMADO,AUTOMÓVEL=2,JUNDIAÍ,CAMPINAS,CAMPINAS,ESTADUAL
3972,2023-09-23,14:43:19,L01-AUTOBAN,SP330,11.46,NORTE,-23.50987561,-46.72945587,COLISÃO,COLISÃO-LATERAL,NÃO INFORMADO,MOTO=1|NÃO INFORMADO=1,SÃO PAULO,REG. METROPOLITANA SÃO PAULO,SÃO PAULO,ESTADUAL
3973,2023-09-23,16:04:37,L01-AUTOBAN,SP330,19.5,SUL,-23.4713089,-46.77584499,COLISÃO,COLISÃO-TRANSVERSAL,NÃO INFORMADO,AUTOMÓVEL=1|MOTO=1,OSASCO,REG. METROPOLITANA SÃO PAULO,SÃO PAULO,ESTADUAL
3974,2023-09-23,19:35:12,L01-AUTOBAN,SP330,40.14,SUL,-23.327759,-46.8401606,CHOQUE,CHOQUE-BARREIRA DE CONCRETO,NÃO INFORMADO,AUTOMÓVEL=1,CAJAMAR,REG. METROPOLITANA SÃO PAULO,SÃO PAULO,ESTADUAL
3975,2023-09-23,20:06:51,L01-AUTOBAN,SPM330E,53.7,SUL,-23.22557249,-46.87623257,COLISÃO,COLISÃO-FRONTAL,NÃO INFORMADO,AUTOMÓVEL=1|MOTO=1,JUNDIAÍ,CAMPINAS,CAMPINAS,ESTADUAL
3976,2023-09-23,20:47:22,L01-AUTOBAN,SP330,20.5,NORTE,-23.46482832,-46.78013921,COLISÃO,COLISÃO-TRASEIRA,NÃO INFORMADO,AUTOMÓVEL=1|NÃO INFORMADO=1,SÃO PAULO,REG. METROPOLITANA SÃO PAULO,SÃO PAULO,ESTADUAL
3978,2023-09-24,00:20:53,L01-AUTOBAN,SP330,11.5,NORTE,-23.50987561,-46.72945587,CHOQUE,CHOQUE-VEÍCULO PARADO NA PISTA,NÃO INFORMADO,AUTOMÓVEL=1|NÃO INFORMADO=1,SÃO PAULO,REG. METROPOLITANA SÃO PAULO,SÃO PAULO,ESTADUAL
3979,2023-09-24,01:31:04,L01-AUTOBAN,SP330,146.12,SUL,-22.55995376,-47.36704621,CAPOTAMENTO,CAPOTAMENTO,NÃO INFORMADO,AUTOMÓVEL=1,LIMEIRA,CAMPINAS,RIO CLARO,ESTADUAL
3980,2023-09-24,02:49:05,L01-AUTOBAN,SPM330D,110.0,NORTE,-22.82267208,-47.19248056,COLISÃO,COLISÃO-TRASEIRA,NÃO INFORMADO,AUTOMÓVEL=2,SUMARÉ,CAMPINAS,CAMPINAS,ESTADUAL
3981,2023-09-24,03:03:50,L01-AUTOBAN,SPM330E,110.2,SUL,-22.82201843,-47.19435057,CHOQUE,CHOQUE-ELEMENTO DE DRENAGEM,NÃO INFORMADO,AUTOMÓVEL=1,SUMARÉ,CAMPINAS,CAMPINAS,ESTADUAL
3982,2023-09-24,03:35:31,L01-AUTOBAN,SP330,69.6,NORTE,-23.10888879,-46.96060251,COLISÃO,COLISÃO-LATERAL,NÃO INFORMADO,AUTOMÓVEL=2,JUNDIAÍ,CAMPINAS,CAMPINAS,ESTADUAL
3983,2023-09-24,05:26:08,L01-AUTOBAN,SP330,113.0,SUL,-22.80727918,-47.21642733,ATROPELAMENTO DE ANIMAL,ATROP. ANIMAL,NÃO INFORMADO,MOTO=1,SUMARÉ,CAMPINAS,CAMPINAS,ESTADUAL
3984,2023-09-24,06:35:08,L01-AUTOBAN,SPM330D,104.13,NORTE,-22.856143,-47.14968656,CHOQUE,CHOQUE-DEFENSA METÁLICA,NÃO INFORMADO,AUTOMÓVEL=1,CAMPINAS,CAMPINAS,CAMPINAS,ESTADUAL
3986,2023-09-24,10:34:37,L01-AUTOBAN,SPI102/330,2.2,NORTE,-22.88329116,-47.13098395,CHOQUE,CHOQUE-BARREIRA DE CONCRETO,NÃO INFORMADO,AUTOMÓVEL=1,CAMPINAS,CAMPINAS,CAMPINAS,ESTADUAL
3987,2023-09-24,11:56:34,L01-AUTOBAN,SP330,28.7,SUL,-23.40991012,-46.81793744,TOMBAMENTO,TOMBAMENTO,NÃO INFORMADO,MOTO=1,SÃO PAULO,REG. METROPOLITANA SÃO PAULO,SÃO PAULO,ESTADUAL
3989,2023-09-24,18:18:46,L01-AUTOBAN,SP330,19.9,NORTE,-23.46942137,-46.77824825,TOMBAMENTO,TOMBAMENTO-MOTO,NÃO INFORMADO,MOTO=1,OSASCO,REG. METROPOLITANA SÃO PAULO,SÃO PAULO,ESTADUAL
3992,2023-09-24,19:54:38,L01-AUTOBAN,SP330,59.0,NORTE,-23.18892963,-46.90656781,COLISÃO,COLISÃO-TRASEIRA,NÃO INFORMADO,AUTOMÓVEL=1|MOTO=1,JUNDIAÍ,CAMPINAS,CAMPINAS,ESTADUAL
3995,2023-09-25,04:30:48,L01-AUTOBAN,SP330,112.0,NORTE,-22.81371247,-47.20897079,TOMBAMENTO,TOMBAMENTO-MOTO,NÃO INFORMADO,MOTO=1,SUMARÉ,CAMPINAS,CAMPINAS,ESTADUAL
3997,2023-09-25,06:25:16,L01-AUTOBAN,SPM330E,17.0,SUL,-23.48999344,-46.76707149,COLISÃO,COLISÃO-LATERAL,NÃO INFORMADO,AUTOMÓVEL=2,SÃO PAULO,REG. METROPOLITANA SÃO PAULO,SÃO PAULO,ESTADUAL
4003,2023-09-25,17:58:31,L01-AUTOBAN,SP330,103.6,SUL,-22.85925565,-47.14503148,COLISÃO,COLISÃO-TRASEIRA,NÃO INFORMADO,AUTOMÓVEL=1|NÃO INFORMADO=1,CAMPINAS,CAMPINAS,CAMPINAS,ESTADUAL
4006,2023-09-25,21:00:47,L01-AUTOBAN,SP330,104.26,NORTE,-22.85548097,-47.15074017,COLISÃO,COLISÃO-TRASEIRA,NÃO INFORMADO,AUTOMÓVEL=1|BICICLETA=1,CAMPINAS,CAMPINAS,CAMPINAS,ESTADUAL
4007,2023-09-25,22:54:14,L01-AUTOBAN,SP330,146.6,SUL,-22.55689272,-47.36876875,CHOQUE,CHOQUE-DEFENSA METÁLICA,NÃO INFORMADO,AUTOMÓVEL=1,LIMEIRA,CAMPINAS,RIO CLARO,ESTADUAL
4009,2023-09-26,04:24:26,L01-AUTOBAN,SP330,31.0,NORTE,-23.40142089,-46.83682501,CHOQUE,CHOQUE-BARREIRA DE CONCRETO,NÃO INFORMADO,AUTOMÓVEL=1|CARRETA=1,CAJAMAR,REG. METROPOLITANA SÃO PAULO,SÃO PAULO,ESTADUAL
4010,2023-09-26,04:39:00,L01-AUTOBAN,SP330,31.0,SUL,-23.40154397,-46.83696985,CHOQUE,CHOQUE-OBJETO NA PISTA,NÃO INFORMADO,AUTOMÓVEL=1|UTILITÁRIO=2,CAJAMAR,REG. METROPOLITANA SÃO PAULO,SÃO PAULO,ESTADUAL
4011,2023-09-26,06:09:37,L01-AUTOBAN,SPM330E,109.0,SUL,-22.827506,-47.184259,COLISÃO,COLISÃO-LATERAL,NÃO INFORMADO,AUTOMÓVEL=1|MOTO=1,SUMARÉ,CAMPINAS,CAMPINAS,ESTADUAL
4015,2023-09-26,08:55:13,L01-AUTOBAN,SP330,107.7,SUL,-22.83500886,-47.17542116,ENGAVETAMENTO,ENGAVETAMENTO,NÃO INFORMADO,AUTOMÓVEL=3,SUMARÉ,CAMPINAS,CAMPINAS,ESTADUAL
4016,2023-09-26,09:22:40,L01-AUTOBAN,SPM330E,108.0,SUL,-22.83292646,-47.17737973,TOMBAMENTO,TOMBAMENTO-MOTO,NÃO INFORMADO,MOTO=1,SUMARÉ,CAMPINAS,CAMPINAS,ESTADUAL
4019,2023-09-26,13:20:30,L01-AUTOBAN,SP330,136.4,SUL,-22.63537653,-47.33279548,CHOQUE,CHOQUE-BARREIRA DE CONCRETO,NÃO INFORMADO,CARRETA=1,LIMEIRA,CAMPINAS,RIO CLARO,ESTADUAL
4020,2023-09-26,17:23:07,L01-AUTOBAN,SPM330D,105.5,NORTE,-22.8491098,-47.16039622,COLISÃO,COLISÃO-TRASEIRA,NÃO INFORMADO,MOTO=1|NÃO INFORMADO=1|UTILITÁRIO=1,CAMPINAS,CAMPINAS,CAMPINAS,ESTADUAL
4022,2023-09-26,19:04:45,L01-AUTOBAN,SP330,26.36,NORTE,-23.41889223,-46.79756907,COLISÃO,COLISÃO-LATERAL,NÃO INFORMADO,MOTO=2,SÃO PAULO,REG. METROPOLITANA SÃO PAULO,SÃO PAULO,ESTADUAL
4025,2023-09-27,06:52:39,L01-AUTOBAN,SP330,23.0,SUL,-23.44426027,-46.78705394,COLISÃO,COLISÃO-TRASEIRA,NÃO INFORMADO,AUTOMÓVEL=1|CAMINHÃO=1,SÃO PAULO,REG. METROPOLITANA SÃO PAULO,SÃO PAULO,ESTADUAL
4026,2023-09-27,09:12:20,L01-AUTOBAN,SPM330D,99.8,NORTE,-22.88181144,-47.11671676,CHOQUE,CHOQUE-BARREIRA DE CONCRETO,NÃO INFORMADO,CAMINHÃO=1,CAMPINAS,CAMPINAS,CAMPINAS,ESTADUAL
4027,2023-09-27,10:43:20,L01-AUTOBAN,SP330,98.0,NORTE,-22.89587453,-47.11074829,TOMBAMENTO,TOMBAMENTO-MOTO,NÃO INFORMADO,MOTO=1,CAMPINAS,CAMPINAS,CAMPINAS,ESTADUAL
4028,2023-09-27,11:36:26,L01-AUTOBAN,SP330,42.35,NORTE,-23.31474702,-46.85464399,COLISÃO,COLISÃO-TRASEIRA,NÃO INFORMADO,AUTOMÓVEL=1|BITREM/CVC=1,CAJAMAR,REG. METROPOLITANA SÃO PAULO,SÃO PAULO,ESTADUAL
4029,2023-09-27,12:18:05,L01-AUTOBAN,SPM330E,17.0,SUL,-23.48999344,-46.76707149,COLISÃO,COLISÃO-TRASEIRA,NÃO INFORMADO,AUTOMÓVEL=1|CARRETA=1,SÃO PAULO,REG. METROPOLITANA SÃO PAULO,SÃO PAULO,ESTADUAL
4033,2023-09-27,17:10:43,L01-AUTOBAN,SP330,107.5,NORTE,-22.83601889,-47.17400014,COLISÃO,COLISÃO-TRASEIRA,NÃO INFORMADO,AUTOMÓVEL=2,SUMARÉ,CAMPINAS,CAMPINAS,ESTADUAL
4035,2023-09-27,18:51:23,L01-AUTOBAN,SP330,64.78,NORTE,-23.14633248,-46.9384818,CHOQUE,CHOQUE-DEFENSA METÁLICA,NÃO INFORMADO,CARRETA=1,JUNDIAÍ,CAMPINAS,CAMPINAS,ESTADUAL
4043,2023-09-28,05:04:02,L01-AUTOBAN,SP330,84.2,NORTE,-22.99611095,-47.03423451,TOMBAMENTO,TOMBAMENTO-MOTO,NÃO INFORMADO,MOTO=1,VALINHOS,CAMPINAS,CAMPINAS,ESTADUAL
4044,2023-09-28,05:32:55,L01-AUTOBAN,SP330,148.61,NORTE,-22.5404231,-47.37929017,TOMBAMENTO,TOMBAMENTO,NÃO INFORMADO,AUTOMÓVEL=1,LIMEIRA,CAMPINAS,RIO CLARO,ESTADUAL
4045,2023-09-28,11:38:46,L01-AUTOBAN,SP330,62.0,SUL,-23.16881442,-46.92661464,CHOQUE,CHOQUE-VEÍCULO PARADO NA PISTA,NÃO INFORMADO,CARRETA=1|MOTO=1,JUNDIAÍ,CAMPINAS,CAMPINAS,ESTADUAL
4046,2023-09-28,17:54:31,L01-AUTOBAN,SPI102/330,5.0,NORTE,-22.90690412,-47.13676572,CHOQUE,CHOQUE-TALUDE OU BARRANCO,NÃO INFORMADO,UTILITÁRIO=1,CAMPINAS,CAMPINAS,CAMPINAS,ESTADUAL
4048,2023-09-29,08:19:17,L01-AUTOBAN,SPI102/330,0.18,NORTE,-22.864917,-47.134613,CAPOTAMENTO,CAPOTAMENTO,NÃO INFORMADO,AUTOMÓVEL=1,CAMPINAS,CAMPINAS,CAMPINAS,ESTADUAL
4050,2023-09-29,15:36:04,L01-AUTOBAN,SPM330D,59.0,NORTE,-23.18892963,-46.90656781,CHOQUE,CHOQUE-SINALIZAÇÃO,NÃO INFORMADO,AUTOMÓVEL=2,JUNDIAÍ,CAMPINAS,CAMPINAS,ESTADUAL
4051,2023-09-29,17:42:36,L01-AUTOBAN,SP330,84.4,NORTE,-22.99447143,-47.03539217,ENGAVETAMENTO,ENGAVETAMENTO,NÃO INFORMADO,AUTOMÓVEL=4,VALINHOS,CAMPINAS,CAMPINAS,ESTADUAL
4053,2023-09-29,20:25:47,L01-AUTOBAN,SP330,111.3,SUL,-22.81683651,-47.20401248,CHOQUE,CHOQUE-BARREIRA DE CONCRETO,NÃO INFORMADO,UTILITÁRIO=1,SUMARÉ,CAMPINAS,CAMPINAS,ESTADUAL
4054,2023-09-29,23:10:26,L01-AUTOBAN,SP330,144.0,NORTE,-22.57825292,-47.36666858,COLISÃO,COLISÃO-TRASEIRA,NÃO INFORMADO,AUTOMÓVEL=1|CARRETA=1,LIMEIRA,CAMPINAS,RIO CLARO,ESTADUAL
4055,2023-09-30,00:32:33,L01-AUTOBAN,SPM330D,109.57,NORTE,-22.82469398,-47.18878062,ATROPELAMENTO DE PEDESTRE,ATROP. PEDESTRE-ANDARILHO,NÃO INFORMADO,AUTOMÓVEL=1|NÃO SE APLICA=1,SUMARÉ,CAMPINAS,CAMPINAS,ESTADUAL
4056,2023-09-30,02:16:25,L01-AUTOBAN,SP330,59.6,SUL,-23.18430419,-46.90967058,COLISÃO,COLISÃO-LATERAL,NÃO INFORMADO,AUTOMÓVEL=1|CARRETA=1,JUNDIAÍ,CAMPINAS,CAMPINAS,ESTADUAL
4057,2023-09-30,06:49:23,L01-AUTOBAN,SPM330E,56.9,SUL,-23.206514,-46.89849652,CAPOTAMENTO,CAPOTAMENTO,NÃO INFORMADO,AUTOMÓVEL=1,JUNDIAÍ,CAMPINAS,CAMPINAS,ESTADUAL
4059,2023-09-30,09:21:17,L01-AUTOBAN,SP330,110.0,SUL,-22.82299347,-47.19250202,COLISÃO,COLISÃO-LATERAL,NÃO INFORMADO,AUTOMÓVEL=1|NÃO INFORMADO=1,SUMARÉ,CAMPINAS,CAMPINAS,ESTADUAL
4060,2023-09-30,11:25:22,L01-AUTOBAN,SP330,11.5,NORTE,-23.50987561,-46.72945587,COLISÃO,COLISÃO-TRASEIRA,NÃO INFORMADO,MOTO=1|NÃO INFORMADO=1,SÃO PAULO,REG. METROPOLITANA SÃO PAULO,SÃO PAULO,ESTADUAL
4061,2023-09-30,12:08:41,L01-AUTOBAN,SPM330E,105.0,SUL,-22.8520883,-47.15678573,CHOQUE,CHOQUE-BARREIRA DE CONCRETO,NÃO INFORMADO,AUTOMÓVEL=1,CAMPINAS,CAMPINAS,CAMPINAS,ESTADUAL
4062,2023-09-30,13:54:42,L01-AUTOBAN,SP330,25.0,NORTE,-23.426127,-46.787542,TOMBAMENTO,TOMBAMENTO-MOTO,NÃO INFORMADO,MOTO=1,SÃO PAULO,REG. METROPOLITANA SÃO PAULO,SÃO PAULO,ESTADUAL
4065,2023-09-30,17:39:49,L01-AUTOBAN,SPM330D,98.5,NORTE,-22.89180239,-47.11200088,CHOQUE,CHOQUE-BARREIRA DE CONCRETO,NÃO INFORMADO,AUTOMÓVEL=1,CAMPINAS,CAMPINAS,CAMPINAS,ESTADUAL
4067,2023-09-30,19:20:59,L01-AUTOBAN,SP330,102.9,NORTE,-22.86271363,-47.13853223,COLISÃO,COLISÃO-LATERAL,NÃO INFORMADO,AUTOMÓVEL=1|CAMINHÃO=1,CAMPINAS,CAMPINAS,CAMPINAS,ESTADUAL
4068,2023-09-30,19:57:25,L01-AUTOBAN,SP330,56.55,SUL,-23.20827931,-46.89589422,CHOQUE,CHOQUE-ELEMENTO DE DRENAGEM,NÃO INFORMADO,AUTOMÓVEL=1,JUNDIAÍ,CAMPINAS,CAMPINAS,ESTADUAL
4069,2023-09-30,20:27:19,L01-AUTOBAN,SPI102/330,2.0,NORTE,-22.881597,-47.13049471,COLISÃO,COLISÃO-TRASEIRA,NÃO INFORMADO,AUTOMÓVEL=1,CAMPINAS,CAMPINAS,CAMPINAS,ESTADUAL
4070,2023-09-30,20:55:30,L01-AUTOBAN,SP330,120.0,NORTE,-22.756649,-47.254609,CHOQUE,CHOQUE-BARREIRA DE CONCRETO,NÃO INFORMADO,AUTOMÓVEL=1,AMERICANA,CAMPINAS,RIO CLARO,ESTADUAL
4071,2023-09-30,21:50:25,L01-AUTOBAN,SP330,96.17,SUL,-22.91053513,-47.10248536,COLISÃO,COLISÃO-TRASEIRA,NÃO INFORMADO,AUTOMÓVEL=1|MOTO=1,CAMPINAS,CAMPINAS,CAMPINAS,ESTADUAL
4072,2023-09-30,22:27:36,L01-AUTOBAN,SPM330E,93.0,SUL,-22.929865,-47.079096,COLISÃO,COLISÃO-LATERAL,NÃO INFORMADO,MOTO=1|NÃO INFORMADO=1,CAMPINAS,CAMPINAS,CAMPINAS,ESTADUAL
4073,2023-09-30,22:54:14,L01-AUTOBAN,SP330,92.4,NORTE,-22.93295645,-47.07441939,CHOQUE,CHOQUE-BARREIRA DE CONCRETO,NÃO INFORMADO,AUTOMÓVEL=1,CAMPINAS,CAMPINAS,CAMPINAS,ESTADUAL
4075,2023-10-01,01:24:25,L01-AUTOBAN,SP330,19.0,SUL,-23.4737126,-46.77262366,CHOQUE,CHOQUE-BARREIRA DE CONCRETO,NÃO INFORMADO,AUTOMÓVEL=1,OSASCO,REG. METROPOLITANA SÃO PAULO,SÃO PAULO,ESTADUAL
4076,2023-10-01,01:27:31,L01-AUTOBAN,SP330,63.2,SUL,-23.15942988,-46.93266678,ATROPELAMENTO DE ANIMAL,ATROP. ANIMAL,NÃO INFORMADO,AUTOMÓVEL=1,JUNDIAÍ,CAMPINAS,CAMPINAS,ESTADUAL
4078,2023-10-01,05:51:11,L01-AUTOBAN,SP330,103.8,SUL,-22.85816584,-47.14689069,CHOQUE,CHOQUE-BARREIRA DE CONCRETO,NÃO INFORMADO,AUTOMÓVEL=1,CAMPINAS,CAMPINAS,CAMPINAS,ESTADUAL
4079,2023-10-01,06:07:04,L01-AUTOBAN,SP330,104.7,NORTE,-22.85324034,-47.15430609,COLISÃO,COLISÃO-TRASEIRA,NÃO INFORMADO,AUTOMÓVEL=1|NÃO INFORMADO=1,CAMPINAS,CAMPINAS,CAMPINAS,ESTADUAL
4080,2023-10-01,06:47:43,L01-AUTOBAN,SP330,61.4,NORTE,-23.17262362,-46.92161073,TOMBAMENTO,TOMBAMENTO-MOTO,NÃO INFORMADO,MOTO=1,JUNDIAÍ,CAMPINAS,CAMPINAS,ESTADUAL
4081,2023-10-01,07:23:17,L01-AUTOBAN,SP330,92.5,SUL,-22.93249565,-47.07510062,COLISÃO,COLISÃO-TRANSVERSAL,NÃO INFORMADO,MOTO=1|NÃO INFORMADO=1,CAMPINAS,CAMPINAS,CAMPINAS,ESTADUAL
4082,2023-10-01,07:24:26,L01-AUTOBAN,SP330,61.4,NORTE,-23.17262362,-46.92161073,TOMBAMENTO,TOMBAMENTO-MOTO,NÃO INFORMADO,MOTO=1,JUNDIAÍ,CAMPINAS,CAMPINAS,ESTADUAL
4084,2023-10-01,09:12:45,L01-AUTOBAN,SP330,20.0,SUL,-23.4689052,-46.77906632,CHOQUE,CHOQUE-BARREIRA DE CONCRETO,NÃO INFORMADO,AUTOMÓVEL=1,OSASCO,REG. METROPOLITANA SÃO PAULO,SÃO PAULO,ESTADUAL
4086,2023-10-01,10:26:30,L01-AUTOBAN,SP330,20.0,NORTE,-23.46894457,-46.77887321,CHOQUE,CHOQUE-BARREIRA DE CONCRETO,NÃO INFORMADO,AUTOMÓVEL=1,OSASCO,REG. METROPOLITANA SÃO PAULO,SÃO PAULO,ESTADUAL
4089,2023-10-01,13:27:53,L01-AUTOBAN,SP330,30.75,NORTE,-23.40234151,-46.83483079,CHOQUE,CHOQUE-BARREIRA DE CONCRETO,NÃO INFORMADO,AUTOMÓVEL=1,CAJAMAR,REG. METROPOLITANA SÃO PAULO,SÃO PAULO,ESTADUAL
4091,2023-10-01,19:39:51,L01-AUTOBAN,SP330,144.5,SUL,-22.57381465,-47.36662298,ATROPELAMENTO DE ANIMAL,ATROP. ANIMAL,NÃO INFORMADO,AUTOMÓVEL=1,LIMEIRA,CAMPINAS,RIO CLARO,ESTADUAL
4092,2023-10-01,21:32:35,L01-AUTOBAN,SP330,34.55,NORTE,-23.3721304,-46.8428069,CHOQUE,CHOQUE-TALUDE OU BARRANCO,NÃO INFORMADO,AUTOMÓVEL=1,CAJAMAR,REG. METROPOLITANA SÃO PAULO,SÃO PAULO,ESTADUAL
4094,2023-10-02,00:59:44,L01-AUTOBAN,SP330,19.8,NORTE,-23.46989818,-46.77762329,CHOQUE,CHOQUE-BARREIRA DE CONCRETO,NÃO INFORMADO,AUTOMÓVEL=1,OSASCO,REG. METROPOLITANA SÃO PAULO,SÃO PAULO,ESTADUAL
4098,2023-10-02,08:15:54,L01-AUTOBAN,SP330,62.4,NORTE,-23.16224504,-46.93077056,COLISÃO,COLISÃO-TRASEIRA,NÃO INFORMADO,AUTOMÓVEL=1|MICRO-ÔNIBUS=1,JUNDIAÍ,CAMPINAS,CAMPINAS,ESTADUAL
4100,2023-10-02,14:47:17,L01-AUTOBAN,SPM330D,18.3,NORTE,-23.47980543,-46.77144831,TOMBAMENTO,TOMBAMENTO-MOTO,NÃO INFORMADO,MOTO=1,OSASCO,REG. METROPOLITANA SÃO PAULO,SÃO PAULO,ESTADUAL
4101,2023-10-02,15:03:19,L01-AUTOBAN,SP330,23.0,NORTE,-23.4443587,-46.78688228,COLISÃO,COLISÃO-LATERAL,NÃO INFORMADO,CAMINHÃO=2,SÃO PAULO,REG. METROPOLITANA SÃO PAULO,SÃO PAULO,ESTADUAL
4103,2023-10-02,17:27:28,L01-AUTOBAN,SP330,106.6,SUL,-22.84263226,-47.1682248,COLISÃO,COLISÃO-TRASEIRA,NÃO INFORMADO,AUTOMÓVEL=1|UTILITÁRIO=1,SUMARÉ,CAMPINAS,CAMPINAS,ESTADUAL
4105,2023-10-02,18:10:05,L01-AUTOBAN,SP330,61.0,SUL,-23.17530448,-46.91870213,COLISÃO,COLISÃO-TRASEIRA,NÃO INFORMADO,AUTOMÓVEL=1|MOTO=1,JUNDIAÍ,CAMPINAS,CAMPINAS,ESTADUAL
4106,2023-10-02,19:32:09,L01-AUTOBAN,SP330,90.9,SUL,-22.94388373,-47.06626279,CHOQUE,CHOQUE-VEÍCULO PARADO NO ACOSTAMENTO,NÃO INFORMADO,AUTOMÓVEL=1|CAMINHÃO=1,CAMPINAS,CAMPINAS,CAMPINAS,ESTADUAL
4108,2023-10-02,22:37:34,L01-AUTOBAN,SPM330E,107.2,SUL,-22.83847951,-47.17215691,CAPOTAMENTO,CAPOTAMENTO,NÃO INFORMADO,AUTOMÓVEL=1,SUMARÉ,CAMPINAS,CAMPINAS,ESTADUAL
4109,2023-10-03,01:22:03,L01-AUTOBAN,SPM330E,98.3,SUL,-22.89599699,-47.11102826,CHOQUE,CHOQUE-DEFENSA METÁLICA,NÃO INFORMADO,AUTOMÓVEL=1,CAMPINAS,CAMPINAS,CAMPINAS,ESTADUAL
4111,2023-10-03,05:12:56,L01-AUTOBAN,SP330,49.3,NORTE,-23.2629515,-46.86742902,CHOQUE,CHOQUE-DEFENSA METÁLICA,NÃO INFORMADO,CAMINHÃO=1,JUNDIAÍ,CAMPINAS,CAMPINAS,ESTADUAL
4113,2023-10-03,06:42:03,L01-AUTOBAN,SPM330E,111.3,SUL,-22.81683651,-47.20401248,ATROPELAMENTO DE ANIMAL,ATROP. ANIMAL,NÃO INFORMADO,AUTOMÓVEL=1,SUMARÉ,CAMPINAS,CAMPINAS,ESTADUAL
4114,2023-10-03,12:02:08,L01-AUTOBAN,SP330,104.0,NORTE,-22.856805,-47.148633,COLISÃO,COLISÃO-TRANSVERSAL,NÃO INFORMADO,AUTOMÓVEL=1|MOTO=1,CAMPINAS,CAMPINAS,CAMPINAS,ESTADUAL
4115,2023-10-03,15:46:13,L01-AUTOBAN,SPM330E,112.4,SUL,-22.8135833,-47.20958834,TOMBAMENTO,TOMBAMENTO-MOTO,NÃO INFORMADO,MOTO=1,SUMARÉ,CAMPINAS,CAMPINAS,ESTADUAL
4117,2023-10-03,16:40:38,L01-AUTOBAN,SP330,86.14,SUL,-22.98184467,-47.04443915,COLISÃO,COLISÃO-TRASEIRA,NÃO INFORMADO,CAMINHÃO=1|MOTO=1,CAMPINAS,CAMPINAS,CAMPINAS,ESTADUAL
4118,2023-10-03,18:22:29,L01-AUTOBAN,SPM330E,109.0,SUL,-22.827506,-47.184259,CHOQUE,CHOQUE-VEÍCULO PARADO NA PISTA,NÃO INFORMADO,AUTOMÓVEL=1|MOTO=1,SUMARÉ,CAMPINAS,CAMPINAS,ESTADUAL
4119,2023-10-03,19:59:25,L01-AUTOBAN,SP330,118.9,NORTE,-22.76378198,-47.24708391,TOMBAMENTO,TOMBAMENTO-MOTO,NÃO INFORMADO,MOTO=1,NOVA ODESSA,CAMPINAS,RIO CLARO,ESTADUAL
4121,2023-10-04,06:37:03,L01-AUTOBAN,SPM330E,14.5,SUL,-23.50355185,-46.75236493,TOMBAMENTO,TOMBAMENTO-MOTO,NÃO INFORMADO,MOTO=1,SÃO PAULO,REG. METROPOLITANA SÃO PAULO,SÃO PAULO,ESTADUAL
4122,2023-10-04,06:41:58,L01-AUTOBAN,SP330,104.2,NORTE,-22.85578654,-47.15025386,COLISÃO,COLISÃO-LATERAL,NÃO INFORMADO,AUTOMÓVEL=1|UTILITÁRIO=1,CAMPINAS,CAMPINAS,CAMPINAS,ESTADUAL
4124,2023-10-04,07:47:09,L01-AUTOBAN,SP330,103.8,NORTE,-22.85788341,-47.14675524,TOMBAMENTO,TOMBAMENTO-MOTO,NÃO INFORMADO,MOTO=1,CAMPINAS,CAMPINAS,CAMPINAS,ESTADUAL
4127,2023-10-04,08:42:39,L01-AUTOBAN,SP330,103.8,NORTE,-22.85788341,-47.14675524,ENGAVETAMENTO,ENGAVETAMENTO,NÃO INFORMADO,AUTOMÓVEL=1|NÃO INFORMADO=2,CAMPINAS,CAMPINAS,CAMPINAS,ESTADUAL
4129,2023-10-04,15:12:01,L01-AUTOBAN,SP330,60.0,SUL,-23.18116795,-46.91158891,COLISÃO,COLISÃO-TRASEIRA,NÃO INFORMADO,AUTOMÓVEL=2,JUNDIAÍ,CAMPINAS,CAMPINAS,ESTADUAL
4131,2023-10-04,17:06:44,L01-AUTOBAN,SP330,153.2,SUL,-22.50387837,-47.39931106,TOMBAMENTO,TOMBAMENTO,NÃO INFORMADO,CAMINHÃO=1,CORDEIRÓPOLIS,CAMPINAS,RIO CLARO,ESTADUAL
4133,2023-10-04,18:31:21,L01-AUTOBAN,SP330,124.7,SUL,-22.73022923,-47.29019235,CHOQUE,CHOQUE-VEÍCULO PARADO NA PISTA,NÃO INFORMADO,AUTOMÓVEL=1|CARRETA=1,AMERICANA,CAMPINAS,RIO CLARO,ESTADUAL
4134,2023-10-04,19:02:18,L01-AUTOBAN,SP330,47.4,NORTE,-23.2788384,-46.87154781,ENGAVETAMENTO,ENGAVETAMENTO,NÃO INFORMADO,AUTOMÓVEL=2|UTILITÁRIO=1,JUNDIAÍ,CAMPINAS,CAMPINAS,ESTADUAL
4135,2023-10-04,19:34:07,L01-AUTOBAN,SP330,31.0,NORTE,-23.40142089,-46.83682501,CHOQUE,CHOQUE-VEÍCULO PARADO NO ACOSTAMENTO,NÃO INFORMADO,VIATURA CONCESSIONÁRIA=1|ÔNIBUS=1,CAJAMAR,REG. METROPOLITANA SÃO PAULO,SÃO PAULO,ESTADUAL
4138,2023-10-05,07:12:40,L01-AUTOBAN,SP330,19.0,NORTE,-23.4737126,-46.77262366,CHOQUE,CHOQUE-TALUDE OU BARRANCO,NÃO INFORMADO,AUTOMÓVEL=1,OSASCO,REG. METROPOLITANA SÃO PAULO,SÃO PAULO,ESTADUAL
4139,2023-10-05,07:23:43,L01-AUTOBAN,SP330,64.5,NORTE,-23.14880464,-46.9374454,CHOQUE,CHOQUE-POSTE,NÃO INFORMADO,AUTOMÓVEL=1,JUNDIAÍ,CAMPINAS,CAMPINAS,ESTADUAL
4143,2023-10-05,08:09:42,L01-AUTOBAN,SP330,108.0,SUL,-22.83292646,-47.17737973,COLISÃO,COLISÃO-TRASEIRA,NÃO INFORMADO,AUTOMÓVEL=1|UTILITÁRIO=1,SUMARÉ,CAMPINAS,CAMPINAS,ESTADUAL
4146,2023-10-05,13:44:24,L01-AUTOBAN,SP330,142.4,NORTE,-22.59294946,-47.36615144,COLISÃO,COLISÃO-LATERAL,NÃO INFORMADO,AUTOMÓVEL=1|BITREM/CVC=1,LIMEIRA,CAMPINAS,RIO CLARO,ESTADUAL
4147,2023-10-05,13:54:01,L01-AUTOBAN,SPM330D,107.0,NORTE,-22.83945246,-47.17082977,COLISÃO,COLISÃO-TRASEIRA,NÃO INFORMADO,AUTOMÓVEL=1|ÔNIBUS=1,SUMARÉ,CAMPINAS,CAMPINAS,ESTADUAL
4150,2023-10-05,16:34:10,L01-AUTOBAN,SP330,25.0,SUL,-23.42658,-46.787612,COLISÃO,COLISÃO-TRASEIRA,NÃO INFORMADO,AUTOMÓVEL=1|CARRETA=1,SÃO PAULO,REG. METROPOLITANA SÃO PAULO,SÃO PAULO,ESTADUAL
4152,2023-10-05,19:03:14,L01-AUTOBAN,SP330,125.0,NORTE,-22.72827485,-47.29184568,CHOQUE,CHOQUE-VEÍCULO PARADO NA PISTA,NÃO INFORMADO,AUTOMÓVEL=2,AMERICANA,CAMPINAS,RIO CLARO,ESTADUAL
4153,2023-10-05,19:40:01,L01-AUTOBAN,SP330,15.7,NORTE,-23.49581989,-46.75751692,TOMBAMENTO,TOMBAMENTO-MOTO,NÃO INFORMADO,AUTOMÓVEL=1|MOTO=1|UTILITÁRIO=1,SÃO PAULO,REG. METROPOLITANA SÃO PAULO,SÃO PAULO,ESTADUAL
4154,2023-10-05,21:48:59,L01-AUTOBAN,SPM330E,94.0,SUL,-22.92488953,-47.08717167,CHOQUE,CHOQUE-BARREIRA DE CONCRETO,NÃO INFORMADO,AUTOMÓVEL=1|CAMINHÃO=1,CAMPINAS,CAMPINAS,CAMPINAS,ESTADUAL
4156,2023-10-05,23:06:55,L01-AUTOBAN,SP330,120.0,NORTE,-22.756649,-47.254609,CAPOTAMENTO,CAPOTAMENTO,NÃO INFORMADO,AUTOMÓVEL=1,AMERICANA,CAMPINAS,RIO CLARO,ESTADUAL
4158,2023-10-06,07:36:16,L01-AUTOBAN,SP330,58.8,NORTE,-23.19052428,-46.90599596,COLISÃO,COLISÃO-TRASEIRA,NÃO INFORMADO,AUTOMÓVEL=2,JUNDIAÍ,CAMPINAS,CAMPINAS,ESTADUAL
4161,2023-10-06,11:07:38,L01-AUTOBAN,SP330,35.0,NORTE,-23.369218,-46.84502,COLISÃO,COLISÃO-TRASEIRA,NÃO INFORMADO,AUTOMÓVEL=2,CAJAMAR,REG. METROPOLITANA SÃO PAULO,SÃO PAULO,ESTADUAL
4162,2023-10-06,14:21:06,L01-AUTOBAN,SPM330D,103.0,NORTE,-22.86219711,-47.13924408,TOMBAMENTO,TOMBAMENTO-MOTO,NÃO INFORMADO,MOTO=1,CAMPINAS,CAMPINAS,CAMPINAS,ESTADUAL
4164,2023-10-06,16:54:50,L01-AUTOBAN,SP330,117.0,NORTE,-22.77485099,-47.23484337,COLISÃO,COLISÃO-LATERAL,NÃO INFORMADO,AUTOMÓVEL=1|CAMINHÃO=1,NOVA ODESSA,CAMPINAS,RIO CLARO,ESTADUAL
4165,2023-10-06,17:03:39,L01-AUTOBAN,SP330,14.2,NORTE,-23.5074805,-46.74511,COLISÃO,COLISÃO-LATERAL,NÃO INFORMADO,AUTOMÓVEL=1|MOTO=1,SÃO PAULO,REG. METROPOLITANA SÃO PAULO,SÃO PAULO,ESTADUAL
4166,2023-10-06,17:05:07,L01-AUTOBAN,SP330,28.0,SUL,-23.41107487,-46.81139231,TOMBAMENTO,TOMBAMENTO-MOTO,NÃO INFORMADO,MOTO=1,SÃO PAULO,REG. METROPOLITANA SÃO PAULO,SÃO PAULO,ESTADUAL
4167,2023-10-06,17:22:11,L01-AUTOBAN,SP330,19.0,NORTE,-23.4737126,-46.77262366,COLISÃO,COLISÃO-LATERAL,NÃO INFORMADO,AUTOMÓVEL=2|CAMINHÃO=1,OSASCO,REG. METROPOLITANA SÃO PAULO,SÃO PAULO,ESTADUAL
4168,2023-10-06,17:34:55,L01-AUTOBAN,SP330,39.14,NORTE,-23.33591908,-46.83676311,ATROPELAMENTO DE PEDESTRE,ATROP. PEDESTRE-ANDARILHO,NÃO INFORMADO,AUTOMÓVEL=1|NÃO SE APLICA=1,CAJAMAR,REG. METROPOLITANA SÃO PAULO,SÃO PAULO,ESTADUAL
4169,2023-10-06,17:37:21,L01-AUTOBAN,SP330,68.17,NORTE,-23.12074898,-46.95484274,CHOQUE,CHOQUE-BARREIRA DE CONCRETO,NÃO INFORMADO,AUTOMÓVEL=1,JUNDIAÍ,CAMPINAS,CAMPINAS,ESTADUAL
4171,2023-10-06,19:26:20,L01-AUTOBAN,SPM330D,105.4,NORTE,-22.84963035,-47.15966448,COLISÃO,COLISÃO-TRASEIRA,NÃO INFORMADO,AUTOMÓVEL=1|MOTO=1,CAMPINAS,CAMPINAS,CAMPINAS,ESTADUAL
4172,2023-10-06,23:57:44,L01-AUTOBAN,SP330,74.5,NORTE,-23.0716635,-46.985857,COLISÃO,COLISÃO-TRASEIRA,NÃO INFORMADO,AUTOMÓVEL=2,VINHEDO,CAMPINAS,CAMPINAS,ESTADUAL
4173,2023-10-07,01:29:31,L01-AUTOBAN,SP330,24.45,NORTE,-23.43075404,-46.78685166,COLISÃO,COLISÃO-TRASEIRA,NÃO INFORMADO,AUTOMÓVEL=1|NÃO INFORMADO=1,SÃO PAULO,REG. METROPOLITANA SÃO PAULO,SÃO PAULO,ESTADUAL
4174,2023-10-07,09:16:36,L01-AUTOBAN,SPM330E,106.5,SUL,-22.84332338,-47.16756821,COLISÃO,COLISÃO-LATERAL,NÃO INFORMADO,MOTO=1|UTILITÁRIO=1,SUMARÉ,CAMPINAS,CAMPINAS,ESTADUAL
4175,2023-10-07,10:26:20,L01-AUTOBAN,SP330,119.0,NORTE,-22.7632171,-47.24778235,TOMBAMENTO,TOMBAMENTO-MOTO,NÃO INFORMADO,MOTO=1,NOVA ODESSA,CAMPINAS,RIO CLARO,ESTADUAL
4177,2023-10-07,13:43:57,L01-AUTOBAN,SP330,19.0,SUL,-23.4737126,-46.77262366,CHOQUE,CHOQUE-BARREIRA DE CONCRETO,NÃO INFORMADO,AUTOMÓVEL=1,OSASCO,REG. METROPOLITANA SÃO PAULO,SÃO PAULO,ESTADUAL
4178,2023-10-07,13:47:24,L01-AUTOBAN,SP330,122.0,SUL,-22.74368161,-47.26855338,CHOQUE,CHOQUE-SINALIZAÇÃO,NÃO INFORMADO,UTILITÁRIO=1,AMERICANA,CAMPINAS,RIO CLARO,ESTADUAL
4179,2023-10-07,14:32:09,L01-AUTOBAN,SP330,103.0,SUL,-22.862525,-47.139454,ENGAVETAMENTO,ENGAVETAMENTO,NÃO INFORMADO,AUTOMÓVEL=3,CAMPINAS,CAMPINAS,CAMPINAS,ESTADUAL
4181,2023-10-07,15:01:58,L01-AUTOBAN,SPM330D,49.8,NORTE,-23.25859483,-46.86732173,CHOQUE,CHOQUE-DEFENSA METÁLICA,NÃO INFORMADO,AUTOMÓVEL=1,JUNDIAÍ,CAMPINAS,CAMPINAS,ESTADUAL
4182,2023-10-07,15:07:11,L01-AUTOBAN,SPM330D,60.6,NORTE,-23.1775769,-46.91558324,COLISÃO,COLISÃO-TRASEIRA,NÃO INFORMADO,AUTOMÓVEL=2,JUNDIAÍ,CAMPINAS,CAMPINAS,ESTADUAL
4183,2023-10-07,15:58:36,L01-AUTOBAN,SP330,99.0,NORTE,-22.88773025,-47.11325347,CHOQUE,CHOQUE-BARREIRA DE CONCRETO,NÃO INFORMADO,AUTOMÓVEL=1,CAMPINAS,CAMPINAS,CAMPINAS,ESTADUAL
4184,2023-10-07,16:24:40,L01-AUTOBAN,SPM330E,92.0,SUL,-22.9351263,-47.07110524,COLISÃO,COLISÃO-TRASEIRA,NÃO INFORMADO,AUTOMÓVEL=3,CAMPINAS,CAMPINAS,CAMPINAS,ESTADUAL
4185,2023-10-07,17:14:11,L01-AUTOBAN,SP330,11.46,NORTE,-23.50987561,-46.72945587,CHOQUE,CHOQUE-BARREIRA DE CONCRETO,NÃO INFORMADO,AUTOMÓVEL=1,SÃO PAULO,REG. METROPOLITANA SÃO PAULO,SÃO PAULO,ESTADUAL
4186,2023-10-07,17:17:16,L01-AUTOBAN,SPM330D,102.4,NORTE,-22.8652963,-47.13497294,CHOQUE,CHOQUE-TALUDE OU BARRANCO,NÃO INFORMADO,UTILITÁRIO=1,CAMPINAS,CAMPINAS,CAMPINAS,ESTADUAL
4188,2023-10-07,19:08:46,L01-AUTOBAN,SP330,142.8,NORTE,-22.5958212,-47.36546653,COLISÃO,COLISÃO-TRASEIRA,NÃO INFORMADO,BICICLETA=1|NÃO INFORMADO=1,LIMEIRA,CAMPINAS,RIO CLARO,ESTADUAL
4189,2023-10-07,19:30:53,L01-AUTOBAN,SP330,93.84,NORTE,-22.92541285,-47.08585843,CHOQUE,CHOQUE-BARREIRA DE CONCRETO,NÃO INFORMADO,AUTOMÓVEL=1|UTILITÁRIO=1,CAMPINAS,CAMPINAS,CAMPINAS,ESTADUAL
4192,2023-10-07,21:34:07,L01-AUTOBAN,SP330,120.0,SUL,-22.75697436,-47.25467026,CHOQUE,CHOQUE-BARREIRA DE CONCRETO,NÃO INFORMADO,AUTOMÓVEL=1,AMERICANA,CAMPINAS,RIO CLARO,ESTADUAL
4194,2023-10-07,22:30:44,L01-AUTOBAN,SP330,113.48,SUL,-22.80417917,-47.21911041,CHOQUE,CHOQUE-BARREIRA DE CONCRETO,NÃO INFORMADO,AUTOMÓVEL=1,SUMARÉ,CAMPINAS,CAMPINAS,ESTADUAL
4195,2023-10-08,00:26:03,L01-AUTOBAN,SP330,58.5,SUL,-23.19303705,-46.90530986,COLISÃO,COLISÃO-LATERAL,NÃO INFORMADO,AUTOMÓVEL=2,JUNDIAÍ,CAMPINAS,CAMPINAS,ESTADUAL
4196,2023-10-08,02:15:47,L01-AUTOBAN,SPM330E,92.0,SUL,-22.9351263,-47.07110524,CHOQUE,CHOQUE-TALUDE OU BARRANCO,NÃO INFORMADO,AUTOMÓVEL=1,CAMPINAS,CAMPINAS,CAMPINAS,ESTADUAL
4197,2023-10-08,04:56:28,L01-AUTOBAN,SP330,97.0,SUL,-22.90437906,-47.10784614,CHOQUE,CHOQUE-SINALIZAÇÃO,NÃO INFORMADO,AUTOMÓVEL=1,CAMPINAS,CAMPINAS,CAMPINAS,ESTADUAL
4198,2023-10-08,05:49:34,L01-AUTOBAN,SPM330D,119.34,NORTE,-22.76098397,-47.25010339,TOMBAMENTO,TOMBAMENTO-MOTO,NÃO INFORMADO,MOTO=1,NOVA ODESSA,CAMPINAS,RIO CLARO,ESTADUAL
4199,2023-10-08,06:46:18,L01-AUTOBAN,SP330,31.0,NORTE,-23.40142089,-46.83682501,CHOQUE,CHOQUE-BARREIRA DE CONCRETO,NÃO INFORMADO,AUTOMÓVEL=1,CAJAMAR,REG. METROPOLITANA SÃO PAULO,SÃO PAULO,ESTADUAL
4200,2023-10-08,06:52:42,L01-AUTOBAN,SP330,92.0,NORTE,-22.93511642,-47.07138956,CHOQUE,CHOQUE-BARREIRA DE CONCRETO,NÃO INFORMADO,AUTOMÓVEL=1,CAMPINAS,CAMPINAS,CAMPINAS,ESTADUAL
4201,2023-10-08,07:06:27,L01-AUTOBAN,SP330,92.0,NORTE,-22.93511642,-47.07138956,CHOQUE,CHOQUE-BARREIRA DE CONCRETO,NÃO INFORMADO,AUTOMÓVEL=1,CAMPINAS,CAMPINAS,CAMPINAS,ESTADUAL
4203,2023-10-08,07:58:36,L01-AUTOBAN,SP330,149.8,NORTE,-22.53124778,-47.38565302,COLISÃO,COLISÃO-TRASEIRA,NÃO INFORMADO,AUTOMÓVEL=1|CARRETA=1,LIMEIRA,CAMPINAS,RIO CLARO,ESTADUAL
4204,2023-10-08,08:25:42,L01-AUTOBAN,SP330,35.0,NORTE,-23.369218,-46.84502,CHOQUE,CHOQUE-BARREIRA DE CONCRETO,NÃO INFORMADO,AUTOMÓVEL=1,CAJAMAR,REG. METROPOLITANA SÃO PAULO,SÃO PAULO,ESTADUAL
4205,2023-10-08,08:59:36,L01-AUTOBAN,SP330,19.8,SUL,-23.46986669,-46.77777779,CHOQUE,CHOQUE-BARREIRA DE CONCRETO,NÃO INFORMADO,AUTOMÓVEL=1,OSASCO,REG. METROPOLITANA SÃO PAULO,SÃO PAULO,ESTADUAL
4206,2023-10-08,10:08:57,L01-AUTOBAN,SPM330E,110.2,SUL,-22.82201843,-47.19435057,CHOQUE,CHOQUE-DEFENSA METÁLICA,NÃO INFORMADO,AUTOMÓVEL=1,SUMARÉ,CAMPINAS,CAMPINAS,ESTADUAL
4207,2023-10-08,10:44:22,L01-AUTOBAN,SP330,92.0,NORTE,-22.93511642,-47.07138956,CHOQUE,CHOQUE-ELEMENTO DE DRENAGEM,NÃO INFORMADO,AUTOMÓVEL=1,CAMPINAS,CAMPINAS,CAMPINAS,ESTADUAL
4208,2023-10-08,12:11:23,L01-AUTOBAN,SP330,19.94,NORTE,-23.46923065,-46.77849824,COLISÃO,COLISÃO-TRASEIRA,NÃO INFORMADO,AUTOMÓVEL=2,OSASCO,REG. METROPOLITANA SÃO PAULO,SÃO PAULO,ESTADUAL
4209,2023-10-08,12:59:17,L01-AUTOBAN,SP330,19.94,NORTE,-23.46923065,-46.77849824,CHOQUE,CHOQUE-TALUDE OU BARRANCO,NÃO INFORMADO,UTILITÁRIO=1,OSASCO,REG. METROPOLITANA SÃO PAULO,SÃO PAULO,ESTADUAL
4210,2023-10-08,15:28:02,L01-AUTOBAN,SP330,19.94,SUL,-23.46919365,-46.77867977,COLISÃO,COLISÃO-LATERAL,NÃO INFORMADO,CAMINHÃO=1|MOTO=1,OSASCO,REG. METROPOLITANA SÃO PAULO,SÃO PAULO,ESTADUAL
4211,2023-10-08,16:53:58,L01-AUTOBAN,SPM330D,57.9,NORTE,-23.19780564,-46.9032451,COLISÃO,COLISÃO-TRASEIRA,NÃO INFORMADO,AUTOMÓVEL=1|MOTO=1,JUNDIAÍ,CAMPINAS,CAMPINAS,ESTADUAL
4214,2023-10-08,19:55:01,L01-AUTOBAN,SP330,92.0,NORTE,-22.93511642,-47.07138956,CHOQUE,CHOQUE-TALUDE OU BARRANCO,NÃO INFORMADO,AUTOMÓVEL=1,CAMPINAS,CAMPINAS,CAMPINAS,ESTADUAL
4216,2023-10-08,21:01:28,L01-AUTOBAN,SP330,153.0,SUL,-22.50568333,-47.39923596,CHOQUE,CHOQUE-SINALIZAÇÃO,NÃO INFORMADO,AUTOMÓVEL=1,CORDEIRÓPOLIS,CAMPINAS,RIO CLARO,ESTADUAL
4218,2023-10-08,22:40:43,L01-AUTOBAN,SPM330E,92.0,SUL,-22.9351263,-47.07110524,CHOQUE,CHOQUE-SINALIZAÇÃO,NÃO INFORMADO,AUTOMÓVEL=1,CAMPINAS,CAMPINAS,CAMPINAS,ESTADUAL
4219,2023-10-09,00:51:22,L01-AUTOBAN,SP330,127.23,NORTE,-22.70932868,-47.29909034,COLISÃO,COLISÃO-FRONTAL,NÃO INFORMADO,AUTOMÓVEL=2,AMERICANA,CAMPINAS,RIO CLARO,ESTADUAL
4220,2023-10-09,05:58:51,L01-AUTOBAN,SP330,41.0,SUL,-23.32351843,-46.84717298,CHOQUE,CHOQUE-TALUDE OU BARRANCO,NÃO INFORMADO,AUTOMÓVEL=1,CAJAMAR,REG. METROPOLITANA SÃO PAULO,SÃO PAULO,ESTADUAL
4221,2023-10-09,06:10:39,L01-AUTOBAN,SP330,55.0,NORTE,-23.2162004,-46.88377976,CHOQUE,CHOQUE-DEFENSA METÁLICA,NÃO INFORMADO,AUTOMÓVEL=1,JUNDIAÍ,CAMPINAS,CAMPINAS,ESTADUAL
4222,2023-10-09,07:02:17,L01-AUTOBAN,SP330,55.5,NORTE,-23.21355045,-46.88776553,CHOQUE,CHOQUE-OBJETO NA PISTA,NÃO INFORMADO,AUTOMÓVEL=1,JUNDIAÍ,CAMPINAS,CAMPINAS,ESTADUAL
4223,2023-10-09,07:06:05,L01-AUTOBAN,SPM330D,113.7,NORTE,-22.80246216,-47.22016416,COLISÃO,COLISÃO-TRASEIRA,NÃO INFORMADO,AUTOMÓVEL=1|NÃO INFORMADO=1,SUMARÉ,CAMPINAS,CAMPINAS,ESTADUAL
4225,2023-10-09,07:45:28,L01-AUTOBAN,SP330,98.0,SUL,-22.89624517,-47.11095214,CHOQUE,CHOQUE-BARREIRA DE CONCRETO,NÃO INFORMADO,AUTOMÓVEL=1,CAMPINAS,CAMPINAS,CAMPINAS,ESTADUAL
4227,2023-10-09,08:06:52,L01-AUTOBAN,SP330,15.0,SUL,-23.49991644,-46.75469577,CHOQUE,CHOQUE-VEÍCULO PARADO NO ACOSTAMENTO,NÃO INFORMADO,AUTOMÓVEL=1|CAMINHÃO=1,SÃO PAULO,REG. METROPOLITANA SÃO PAULO,SÃO PAULO,ESTADUAL
4228,2023-10-09,08:09:29,L01-AUTOBAN,SP330,58.7,NORTE,-23.19132159,-46.90571004,COLISÃO,COLISÃO-LATERAL,NÃO INFORMADO,AUTOMÓVEL=2|MOTO=1,JUNDIAÍ,CAMPINAS,CAMPINAS,ESTADUAL
4229,2023-10-09,08:21:57,L01-AUTOBAN,SP330,59.841,NORTE,-23.18226105,-46.91068228,TOMBAMENTO,TOMBAMENTO-MOTO,NÃO INFORMADO,MOTO=1,JUNDIAÍ,CAMPINAS,CAMPINAS,ESTADUAL
4232,2023-10-09,09:16:29,L01-AUTOBAN,SP330,92.0,NORTE,-22.93511642,-47.07138956,COLISÃO,COLISÃO-LATERAL,NÃO INFORMADO,AUTOMÓVEL=1|CARRETA=1,CAMPINAS,CAMPINAS,CAMPINAS,ESTADUAL
4233,2023-10-09,09:51:14,L01-AUTOBAN,SPM330E,56.8,SUL,-23.20701838,-46.89775299,CHOQUE,CHOQUE-DEFENSA METÁLICA,NÃO INFORMADO,AUTOMÓVEL=1,JUNDIAÍ,CAMPINAS,CAMPINAS,ESTADUAL
4234,2023-10-09,15:01:00,L01-AUTOBAN,SP330,43.1,SUL,-23.30956857,-46.8573423,COLISÃO,COLISÃO-LATERAL,NÃO INFORMADO,MOTO=1|NÃO INFORMADO=1,CAJAMAR,REG. METROPOLITANA SÃO PAULO,SÃO PAULO,ESTADUAL
4235,2023-10-09,15:18:19,L01-AUTOBAN,SP330,92.0,SUL,-22.9351263,-47.07110524,COLISÃO,COLISÃO-TRASEIRA,NÃO INFORMADO,AUTOMÓVEL=1|MOTO=1,CAMPINAS,CAMPINAS,CAMPINAS,ESTADUAL
4236,2023-10-09,16:59:50,L01-AUTOBAN,SP330,11.5,NORTE,-23.50987561,-46.72945587,CHOQUE,CHOQUE-VEÍCULO PARADO NA PISTA,NÃO INFORMADO,AUTOMÓVEL=1|BICICLETA=1,SÃO PAULO,REG. METROPOLITANA SÃO PAULO,SÃO PAULO,ESTADUAL
4237,2023-10-09,17:51:37,L01-AUTOBAN,SP330,156.95,SUL,-22.47001679,-47.3993277,COLISÃO,COLISÃO-FRONTAL,NÃO INFORMADO,AUTOMÓVEL=1|BITREM/CVC=1,CORDEIRÓPOLIS,CAMPINAS,RIO CLARO,ESTADUAL
4239,2023-10-09,18:28:19,L01-AUTOBAN,SP330,113.42,NORTE,-22.80428018,-47.2186351,ENGAVETAMENTO,ENGAVETAMENTO,NÃO INFORMADO,AUTOMÓVEL=4,SUMARÉ,CAMPINAS,CAMPINAS,ESTADUAL
4240,2023-10-09,19:37:32,L01-AUTOBAN,SP330,58.48,SUL,-23.1931982,-46.90525052,COLISÃO,COLISÃO-LATERAL,NÃO INFORMADO,UTILITÁRIO=1|VIATURA CONCESSIONÁRIA=1,JUNDIAÍ,CAMPINAS,CAMPINAS,ESTADUAL
4241,2023-10-09,22:55:06,L01-AUTOBAN,SP330,148.0,NORTE,-22.545053,-47.37612,COLISÃO,COLISÃO-TRANSVERSAL,NÃO INFORMADO,AUTOMÓVEL=1|CARRETA=1,LIMEIRA,CAMPINAS,RIO CLARO,ESTADUAL
4243,2023-10-10,07:25:14,L01-AUTOBAN,SPM330E,106.5,SUL,-22.84332338,-47.16756821,COLISÃO,COLISÃO-LATERAL,NÃO INFORMADO,AUTOMÓVEL=1|MOTO=1,SUMARÉ,CAMPINAS,CAMPINAS,ESTADUAL
4244,2023-10-10,10:24:05,L01-AUTOBAN,SP330,34.7,SUL,-23.37122425,-46.84378867,TOMBAMENTO,TOMBAMENTO-MOTO,NÃO INFORMADO,MOTO=1,CAJAMAR,REG. METROPOLITANA SÃO PAULO,SÃO PAULO,ESTADUAL
4245,2023-10-10,15:49:13,L01-AUTOBAN,SP330,60.0,SUL,-23.18116795,-46.91158891,COLISÃO,COLISÃO-TRASEIRA,NÃO INFORMADO,AUTOMÓVEL=2,JUNDIAÍ,CAMPINAS,CAMPINAS,ESTADUAL
4247,2023-10-10,16:50:44,L01-AUTOBAN,SP330,96.3,SUL,-22.90957089,-47.10332503,COLISÃO,COLISÃO-TRASEIRA,NÃO INFORMADO,AUTOMÓVEL=2,CAMPINAS,CAMPINAS,CAMPINAS,ESTADUAL
4248,2023-10-10,17:32:12,L01-AUTOBAN,SP330,127.5,SUL,-22.70777429,-47.30075866,COLISÃO,COLISÃO-TRASEIRA,NÃO INFORMADO,MOTO=1|UTILITÁRIO=1,AMERICANA,CAMPINAS,RIO CLARO,ESTADUAL
4249,2023-10-10,17:33:38,L01-AUTOBAN,SP330,152.3,NORTE,-22.5112243,-47.39644433,CHOQUE,CHOQUE-VEÍCULO PARADO NA PISTA,NÃO INFORMADO,CARRETA=1|MOTO=1,LIMEIRA,CAMPINAS,RIO CLARO,ESTADUAL
4254,2023-10-11,07:42:53,L01-AUTOBAN,SP330,106.7,SUL,-22.84194115,-47.1688814,TOMBAMENTO,TOMBAMENTO-MOTO,NÃO INFORMADO,MOTO=1,SUMARÉ,CAMPINAS,CAMPINAS,ESTADUAL
4255,2023-10-11,09:49:18,L01-AUTOBAN,SPM330E,98.6,SUL,-22.89128152,-47.11247456,ENGAVETAMENTO,ENGAVETAMENTO,NÃO INFORMADO,UTILITÁRIO=3,CAMPINAS,CAMPINAS,CAMPINAS,ESTADUAL
4256,2023-10-11,10:32:35,L01-AUTOBAN,SPM330D,25.0,NORTE,-23.426127,-46.787542,COLISÃO,COLISÃO-TRASEIRA,NÃO INFORMADO,MICRO-ÔNIBUS=1|MOTO=1,SÃO PAULO,REG. METROPOLITANA SÃO PAULO,SÃO PAULO,ESTADUAL
4258,2023-10-11,10:44:36,L01-AUTOBAN,SPM330E,112.75,SUL,-22.80892088,-47.21464634,TOMBAMENTO,TOMBAMENTO-MOTO,NÃO INFORMADO,MOTO=1,SUMARÉ,CAMPINAS,CAMPINAS,ESTADUAL
4265,2023-10-11,21:03:41,L01-AUTOBAN,SP330,12.5,NORTE,-23.5085418,-46.73557963,COLISÃO,COLISÃO-TRANSVERSAL,NÃO INFORMADO,AUTOMÓVEL=1|BICICLETA=1,SÃO PAULO,REG. METROPOLITANA SÃO PAULO,SÃO PAULO,ESTADUAL
4266,2023-10-11,23:43:07,L01-AUTOBAN,SPM330E,109.5,SUL,-22.82524973,-47.18838051,COLISÃO,COLISÃO-LATERAL,NÃO INFORMADO,AUTOMÓVEL=1|ÔNIBUS=1,SUMARÉ,CAMPINAS,CAMPINAS,ESTADUAL
4269,2023-10-12,12:12:07,L01-AUTOBAN,SP330,20.6,NORTE,-23.46400506,-46.78039241,COLISÃO,COLISÃO-TRASEIRA,NÃO INFORMADO,AUTOMÓVEL=2,SÃO PAULO,REG. METROPOLITANA SÃO PAULO,SÃO PAULO,ESTADUAL
4272,2023-10-12,13:25:11,L01-AUTOBAN,SP330,56.5,NORTE,-23.20841563,-46.8954125,COLISÃO,COLISÃO-TRASEIRA,NÃO INFORMADO,AUTOMÓVEL=2,JUNDIAÍ,CAMPINAS,CAMPINAS,ESTADUAL
4273,2023-10-12,13:49:29,L01-AUTOBAN,SP330,25.0,NORTE,-23.426127,-46.787542,TOMBAMENTO,TOMBAMENTO-MOTO,NÃO INFORMADO,MOTO=1,SÃO PAULO,REG. METROPOLITANA SÃO PAULO,SÃO PAULO,ESTADUAL
4274,2023-10-12,16:19:14,L01-AUTOBAN,SPM330D,96.0,NORTE,-22.91145011,-47.10140347,ENGAVETAMENTO,ENGAVETAMENTO,NÃO INFORMADO,AUTOMÓVEL=4,CAMPINAS,CAMPINAS,CAMPINAS,ESTADUAL
4275,2023-10-12,16:24:20,L01-AUTOBAN,SPM330E,12.0,SUL,-23.50948451,-46.73040569,CAPOTAMENTO,CAPOTAMENTO,NÃO INFORMADO,AUTOMÓVEL=1,SÃO PAULO,REG. METROPOLITANA SÃO PAULO,SÃO PAULO,ESTADUAL
4277,2023-10-12,17:15:30,L01-AUTOBAN,SP330,98.0,NORTE,-22.89587453,-47.11074829,CHOQUE,CHOQUE-BARREIRA DE CONCRETO,NÃO INFORMADO,AUTOMÓVEL=1,CAMPINAS,CAMPINAS,CAMPINAS,ESTADUAL
4279,2023-10-12,17:52:09,L01-AUTOBAN,SP330,20.0,NORTE,-23.46894457,-46.77887321,CHOQUE,CHOQUE-BARREIRA DE CONCRETO,NÃO INFORMADO,AUTOMÓVEL=1,OSASCO,REG. METROPOLITANA SÃO PAULO,SÃO PAULO,ESTADUAL
4280,2023-10-12,18:04:20,L01-AUTOBAN,SP330,20.0,NORTE,-23.46894457,-46.77887321,CHOQUE,CHOQUE-TALUDE OU BARRANCO,NÃO INFORMADO,AUTOMÓVEL=1,OSASCO,REG. METROPOLITANA SÃO PAULO,SÃO PAULO,ESTADUAL
4281,2023-10-12,18:05:10,L01-AUTOBAN,SP330,92.4,SUL,-22.93302177,-47.07430156,CHOQUE,CHOQUE-BARREIRA DE CONCRETO,NÃO INFORMADO,AUTOMÓVEL=1,CAMPINAS,CAMPINAS,CAMPINAS,ESTADUAL
4282,2023-10-12,18:10:08,L01-AUTOBAN,SP330,34.6,NORTE,-23.37180681,-46.84305279,CHOQUE,CHOQUE-TALUDE OU BARRANCO,NÃO INFORMADO,AUTOMÓVEL=1,CAJAMAR,REG. METROPOLITANA SÃO PAULO,SÃO PAULO,ESTADUAL
4284,2023-10-12,21:24:42,L01-AUTOBAN,SP330,56.9,SUL,-23.206514,-46.89849652,CHOQUE,CHOQUE-VEÍCULO PARADO NO ACOSTAMENTO,NÃO INFORMADO,AUTOMÓVEL=2,JUNDIAÍ,CAMPINAS,CAMPINAS,ESTADUAL
4285,2023-10-12,21:42:51,L01-AUTOBAN,SP330,19.7,NORTE,-23.47037497,-46.77699835,CHOQUE,CHOQUE-BARREIRA DE CONCRETO,NÃO INFORMADO,AUTOMÓVEL=1,OSASCO,REG. METROPOLITANA SÃO PAULO,SÃO PAULO,ESTADUAL
4286,2023-10-12,21:44:16,L01-AUTOBAN,SP330,103.0,NORTE,-22.86219711,-47.13924408,CHOQUE,CHOQUE-DEFENSA METÁLICA,NÃO INFORMADO,AUTOMÓVEL=1,CAMPINAS,CAMPINAS,CAMPINAS,ESTADUAL
4287,2023-10-13,00:48:34,L01-AUTOBAN,SP330,137.6,SUL,-22.62687742,-47.34052245,COLISÃO,COLISÃO-TRASEIRA,NÃO INFORMADO,AUTOMÓVEL=2,LIMEIRA,CAMPINAS,RIO CLARO,ESTADUAL
4290,2023-10-13,06:26:24,L01-AUTOBAN,SP330,67.4,SUL,-23.12743234,-46.95216966,CHOQUE,CHOQUE-SINALIZAÇÃO,NÃO INFORMADO,AUTOMÓVEL=1,JUNDIAÍ,CAMPINAS,CAMPINAS,ESTADUAL
4291,2023-10-13,17:26:13,L01-AUTOBAN,SP330,97.2,NORTE,-22.90243704,-47.10838794,TOMBAMENTO,TOMBAMENTO-MOTO,NÃO INFORMADO,MOTO=1,CAMPINAS,CAMPINAS,CAMPINAS,ESTADUAL
4292,2023-10-13,19:17:04,L01-AUTOBAN,SP330,126.88,SUL,-22.71229332,-47.29757444,COLISÃO,COLISÃO-LATERAL,NÃO INFORMADO,AUTOMÓVEL=1|CAMINHÃO=1,AMERICANA,CAMPINAS,RIO CLARO,ESTADUAL
4293,2023-10-14,05:37:25,L01-AUTOBAN,SP330,100.54,NORTE,-22.87681144,-47.12144978,CHOQUE,CHOQUE-SINALIZAÇÃO,NÃO INFORMADO,MOTO=1,CAMPINAS,CAMPINAS,CAMPINAS,ESTADUAL
4294,2023-10-14,06:11:53,L01-AUTOBAN,SP330,33.0,NORTE,-23.38469091,-46.83834851,CHOQUE,CHOQUE-BARREIRA DE CONCRETO,NÃO INFORMADO,CARRETA=1,CAJAMAR,REG. METROPOLITANA SÃO PAULO,SÃO PAULO,ESTADUAL
4295,2023-10-14,06:43:23,L01-AUTOBAN,SPM330E,110.2,SUL,-22.82201843,-47.19435057,TOMBAMENTO,TOMBAMENTO-MOTO,NÃO INFORMADO,MOTO=1,SUMARÉ,CAMPINAS,CAMPINAS,ESTADUAL
4297,2023-10-14,18:33:39,L01-AUTOBAN,SP330,46.0,SUL,-23.28830722,-46.86611474,TOMBAMENTO,TOMBAMENTO-MOTO,NÃO INFORMADO,MOTO=1,CAJAMAR,REG. METROPOLITANA SÃO PAULO,SÃO PAULO,ESTADUAL
4298,2023-10-14,20:50:34,L01-AUTOBAN,SP330,137.2,SUL,-22.62958298,-47.33797965,COLISÃO,COLISÃO-FRONTAL,NÃO INFORMADO,UTILITÁRIO=1,LIMEIRA,CAMPINAS,RIO CLARO,ESTADUAL
4302,2023-10-15,01:30:07,L01-AUTOBAN,SP330,28.9,SUL,-23.40957734,-46.81980747,COLISÃO,COLISÃO-FRONTAL,NÃO INFORMADO,AUTOMÓVEL=1|UTILITÁRIO=1,SÃO PAULO,REG. METROPOLITANA SÃO PAULO,SÃO PAULO,ESTADUAL
4303,2023-10-15,10:22:25,L01-AUTOBAN,SP330,157.865,SUL,-22.46172355,-47.39915487,ATROPELAMENTO DE PEDESTRE,ATROP. PEDESTRE-MORADOR/TRABALHADOR/ESTUDANTE,NÃO INFORMADO,NÃO INFORMADO=1|NÃO SE APLICA=1,CORDEIRÓPOLIS,CAMPINAS,RIO CLARO,ESTADUAL
4306,2023-10-15,15:51:32,L01-AUTOBAN,SPM330D,103.4,NORTE,-22.86004026,-47.14299966,COLISÃO,COLISÃO-TRASEIRA,NÃO INFORMADO,AUTOMÓVEL=1|CAMINHÃO=1,CAMPINAS,CAMPINAS,CAMPINAS,ESTADUAL
4313,2023-10-16,08:54:11,L01-AUTOBAN,SP330,85.18,NORTE,-22.98832395,-47.03971539,ENGAVETAMENTO,ENGAVETAMENTO,NÃO INFORMADO,AUTOMÓVEL=1|UTILITÁRIO=1|VAN/PERUA=1,VALINHOS,CAMPINAS,CAMPINAS,ESTADUAL
4314,2023-10-16,09:17:42,L01-AUTOBAN,SP330,93.1,NORTE,-22.92920418,-47.07978486,ENGAVETAMENTO,ENGAVETAMENTO,NÃO INFORMADO,AUTOMÓVEL=2|UTILITÁRIO=1,CAMPINAS,CAMPINAS,CAMPINAS,ESTADUAL
4315,2023-10-16,10:41:19,L01-AUTOBAN,SPM330E,92.5,SUL,-22.93249565,-47.07510062,COLISÃO,COLISÃO-LATERAL,NÃO INFORMADO,AUTOMÓVEL=1|MOTO=1,CAMPINAS,CAMPINAS,CAMPINAS,ESTADUAL
4316,2023-10-16,16:23:46,L01-AUTOBAN,SPM330E,110.7,SUL,-22.81958078,-47.19897202,COLISÃO,COLISÃO-TRASEIRA,NÃO INFORMADO,AUTOMÓVEL=1|CAMINHÃO=1,SUMARÉ,CAMPINAS,CAMPINAS,ESTADUAL
4322,2023-10-17,07:27:57,L01-AUTOBAN,SP330,83.0,SUL,-23.00543875,-47.02806115,COLISÃO,COLISÃO-LATERAL,NÃO INFORMADO,AUTOMÓVEL=1|MOTO=1,VALINHOS,CAMPINAS,CAMPINAS,ESTADUAL
4324,2023-10-17,09:02:32,L01-AUTOBAN,SP330,21.5,SUL,-23.45701385,-46.78404719,COLISÃO,COLISÃO-TRASEIRA,NÃO INFORMADO,AUTOMÓVEL=1|MOTO=1,SÃO PAULO,REG. METROPOLITANA SÃO PAULO,SÃO PAULO,ESTADUAL
4326,2023-10-17,10:27:39,L01-AUTOBAN,SP330,108.0,SUL,-22.83292646,-47.17737973,ENGAVETAMENTO,ENGAVETAMENTO,NÃO INFORMADO,NÃO INFORMADO=4|UTILITÁRIO=1,SUMARÉ,CAMPINAS,CAMPINAS,ESTADUAL
4327,2023-10-17,11:58:01,L01-AUTOBAN,SP330,26.0,SUL,-23.42090535,-46.79437637,CHOQUE,CHOQUE-SINALIZAÇÃO,NÃO INFORMADO,UTILITÁRIO=1,SÃO PAULO,REG. METROPOLITANA SÃO PAULO,SÃO PAULO,ESTADUAL
4329,2023-10-17,14:34:39,L01-AUTOBAN,SP330,13.0,SUL,-23.50815142,-46.74004555,COLISÃO,COLISÃO-LATERAL,NÃO INFORMADO,AUTOMÓVEL=1|MOTO=1,SÃO PAULO,REG. METROPOLITANA SÃO PAULO,SÃO PAULO,ESTADUAL
4331,2023-10-17,18:26:15,L01-AUTOBAN,SPM330D,109.0,NORTE,-22.82737416,-47.18387604,COLISÃO,COLISÃO-TRASEIRA,NÃO INFORMADO,MOTO=2,SUMARÉ,CAMPINAS,CAMPINAS,ESTADUAL
4332,2023-10-17,19:27:31,L01-AUTOBAN,SPM330E,98.7,SUL,-22.89045426,-47.11272829,ENGAVETAMENTO,ENGAVETAMENTO,NÃO INFORMADO,AUTOMÓVEL=3,CAMPINAS,CAMPINAS,CAMPINAS,ESTADUAL
4335,2023-10-18,06:33:05,L01-AUTOBAN,SP330,70.8,SUL,-23.09946256,-46.96703555,COLISÃO,COLISÃO-LATERAL,NÃO INFORMADO,AUTOMÓVEL=1|UTILITÁRIO=1,LOUVEIRA,CAMPINAS,CAMPINAS,ESTADUAL
4336,2023-10-18,08:17:04,L01-AUTOBAN,SP330,117.4,NORTE,-22.77461159,-47.23508156,COLISÃO,COLISÃO-TRASEIRA,NÃO INFORMADO,AUTOMÓVEL=1|CAMINHÃO=1,NOVA ODESSA,CAMPINAS,RIO CLARO,ESTADUAL
4340,2023-10-18,10:53:31,L01-AUTOBAN,SP330,39.1,NORTE,-23.33626743,-46.83666891,CAPOTAMENTO,CAPOTAMENTO,NÃO INFORMADO,AUTOMÓVEL=1,CAJAMAR,REG. METROPOLITANA SÃO PAULO,SÃO PAULO,ESTADUAL
4341,2023-10-18,11:11:52,L01-AUTOBAN,SP330,49.0,NORTE,-23.2655655,-46.86749339,COLISÃO,COLISÃO-LATERAL,NÃO INFORMADO,AUTOMÓVEL=1|CARRETA=1|ÔNIBUS=1,JUNDIAÍ,CAMPINAS,CAMPINAS,ESTADUAL
4342,2023-10-18,11:23:39,L01-AUTOBAN,SP330,29.9,NORTE,-23.40551788,-46.82801985,COLISÃO,COLISÃO-TRASEIRA,NÃO INFORMADO,BITREM/CVC=1|NÃO INFORMADO=1,CAJAMAR,REG. METROPOLITANA SÃO PAULO,SÃO PAULO,ESTADUAL
4343,2023-10-18,11:40:48,L01-AUTOBAN,SPM330E,110.0,SUL,-22.82299347,-47.19250202,TOMBAMENTO,TOMBAMENTO-MOTO,NÃO INFORMADO,MOTO=1,SUMARÉ,CAMPINAS,CAMPINAS,ESTADUAL
4344,2023-10-18,11:59:31,L01-AUTOBAN,SP330,36.0,SUL,-23.36049321,-46.84859991,CHOQUE,CHOQUE-SINALIZAÇÃO,NÃO INFORMADO,CAMINHÃO=1,CAJAMAR,REG. METROPOLITANA SÃO PAULO,SÃO PAULO,ESTADUAL
4345,2023-10-18,14:31:12,L01-AUTOBAN,SP330,97.9,SUL,-22.89705854,-47.11064154,COLISÃO,COLISÃO-TRASEIRA,NÃO INFORMADO,AUTOMÓVEL=2,CAMPINAS,CAMPINAS,CAMPINAS,ESTADUAL
4346,2023-10-18,15:01:37,L01-AUTOBAN,SP330,112.64,SUL,-22.80964323,-47.2138627,COLISÃO,COLISÃO-TRASEIRA,NÃO INFORMADO,AUTOMÓVEL=1|VAN/PERUA=1,SUMARÉ,CAMPINAS,CAMPINAS,ESTADUAL
4351,2023-10-18,18:59:18,L01-AUTOBAN,SP330,53.7,NORTE,-23.22531151,-46.87615991,COLISÃO,COLISÃO-LATERAL,NÃO INFORMADO,AUTOMÓVEL=1|MOTO=1,JUNDIAÍ,CAMPINAS,CAMPINAS,ESTADUAL
4352,2023-10-18,19:29:17,L01-AUTOBAN,SP330,112.0,NORTE,-22.81371247,-47.20897079,ENGAVETAMENTO,ENGAVETAMENTO,NÃO INFORMADO,AUTOMÓVEL=3,SUMARÉ,CAMPINAS,CAMPINAS,ESTADUAL
4354,2023-10-18,22:31:17,L01-AUTOBAN,SPM330E,92.0,SUL,-22.9351263,-47.07110524,COLISÃO,COLISÃO-TRASEIRA,NÃO INFORMADO,AUTOMÓVEL=1|MOTO=1|UTILITÁRIO=1,CAMPINAS,CAMPINAS,CAMPINAS,ESTADUAL
4356,2023-10-19,08:39:11,L01-AUTOBAN,SP330,102.7,SUL,-22.86427402,-47.13734618,COLISÃO,COLISÃO-TRASEIRA,NÃO INFORMADO,CAMINHÃO=1|CARRETA=1,CAMPINAS,CAMPINAS,CAMPINAS,ESTADUAL
4357,2023-10-19,09:09:06,L01-AUTOBAN,SP330,147.2,NORTE,-22.55095942,-47.37202718,CHOQUE,CHOQUE-BARREIRA DE CONCRETO,NÃO INFORMADO,CAMINHÃO=1|UTILITÁRIO=1,LIMEIRA,CAMPINAS,RIO CLARO,ESTADUAL
4358,2023-10-19,10:30:37,L01-AUTOBAN,SP330,105.3,SUL,-22.8504955,-47.15903559,COLISÃO,COLISÃO-TRASEIRA,NÃO INFORMADO,AUTOMÓVEL=1|UTILITÁRIO=1,CAMPINAS,CAMPINAS,CAMPINAS,ESTADUAL
4359,2023-10-19,14:24:30,L01-AUTOBAN,SP330,128.55,NORTE,-22.69990255,-47.3066759,COLISÃO,COLISÃO-TRASEIRA,NÃO INFORMADO,AUTOMÓVEL=1|CARRETA=1,AMERICANA,CAMPINAS,RIO CLARO,ESTADUAL
4360,2023-10-19,15:20:07,L01-AUTOBAN,SP330,24.5,NORTE,-23.4303334,-46.78691442,COLISÃO,COLISÃO-TRASEIRA,NÃO INFORMADO,AUTOMÓVEL=1|UTILITÁRIO=1,SÃO PAULO,REG. METROPOLITANA SÃO PAULO,SÃO PAULO,ESTADUAL
4362,2023-10-19,17:19:32,L01-AUTOBAN,SPM330E,110.0,SUL,-22.82299347,-47.19250202,TOMBAMENTO,TOMBAMENTO,NÃO INFORMADO,CARRETA=1,SUMARÉ,CAMPINAS,CAMPINAS,ESTADUAL
4363,2023-10-19,17:55:03,L01-AUTOBAN,SP330,106.4,NORTE,-22.84368517,-47.16676492,COLISÃO,COLISÃO-LATERAL,NÃO INFORMADO,AUTOMÓVEL=3|NÃO INFORMADO=1|UTILITÁRIO=1,SUMARÉ,CAMPINAS,CAMPINAS,ESTADUAL
4365,2023-10-19,18:43:07,L01-AUTOBAN,SP330,82.0,SUL,-23.01355126,-47.02328146,ENGAVETAMENTO,ENGAVETAMENTO,NÃO INFORMADO,AUTOMÓVEL=3|CAMINHÃO=1|MOTO=1|NÃO INFORMADO=1,VALINHOS,CAMPINAS,CAMPINAS,ESTADUAL
4366,2023-10-19,18:47:39,L01-AUTOBAN,SP330,129.2,SUL,-22.69522608,-47.3098272,COLISÃO,COLISÃO-LATERAL,NÃO INFORMADO,AUTOMÓVEL=1|CARRETA=1,AMERICANA,CAMPINAS,RIO CLARO,ESTADUAL
4367,2023-10-19,19:36:51,L01-AUTOBAN,SP330,70.2,NORTE,-23.10421231,-46.96367524,TOMBAMENTO,TOMBAMENTO,NÃO INFORMADO,UTILITÁRIO=1,LOUVEIRA,CAMPINAS,CAMPINAS,ESTADUAL
4368,2023-10-20,07:40:28,L01-AUTOBAN,SP330,102.9,NORTE,-22.86271363,-47.13853223,ENGAVETAMENTO,ENGAVETAMENTO,NÃO INFORMADO,AUTOMÓVEL=2|UTILITÁRIO=1,CAMPINAS,CAMPINAS,CAMPINAS,ESTADUAL
4369,2023-10-20,08:39:14,L01-AUTOBAN,SPM330E,92.0,SUL,-22.9351263,-47.07110524,TOMBAMENTO,TOMBAMENTO-MOTO,NÃO INFORMADO,MOTO=1,CAMPINAS,CAMPINAS,CAMPINAS,ESTADUAL
4370,2023-10-20,08:47:04,L01-AUTOBAN,SPM330E,99.1,SUL,-22.88722812,-47.11392885,COLISÃO,COLISÃO-LATERAL,NÃO INFORMADO,BICICLETA=1|MOTO=1,CAMPINAS,CAMPINAS,CAMPINAS,ESTADUAL
4371,2023-10-20,09:40:40,L01-AUTOBAN,SP330,86.0,NORTE,-22.982725,-47.043589,TOMBAMENTO,TOMBAMENTO-MOTO,NÃO INFORMADO,MOTO=1,VALINHOS,CAMPINAS,CAMPINAS,ESTADUAL
4372,2023-10-20,10:24:31,L01-AUTOBAN,SP330,33.607,NORTE,-23.37922737,-46.83941287,COLISÃO,COLISÃO-TRASEIRA,NÃO INFORMADO,BITREM/CVC=1|CARRETA=1,CAJAMAR,REG. METROPOLITANA SÃO PAULO,SÃO PAULO,ESTADUAL
4373,2023-10-20,15:56:12,L01-AUTOBAN,SPM330D,25.0,NORTE,-23.426127,-46.787542,COLISÃO,COLISÃO-TRASEIRA,NÃO INFORMADO,AUTOMÓVEL=1|NÃO INFORMADO=1,SÃO PAULO,REG. METROPOLITANA SÃO PAULO,SÃO PAULO,ESTADUAL
4375,2023-10-20,17:37:58,L01-AUTOBAN,SP330,83.44,NORTE,-23.00206416,-47.03016294,ENGAVETAMENTO,ENGAVETAMENTO,NÃO INFORMADO,AUTOMÓVEL=1|NÃO INFORMADO=1|UTILITÁRIO=1,VALINHOS,CAMPINAS,CAMPINAS,ESTADUAL
4378,2023-10-20,20:42:37,L01-AUTOBAN,SP330,51.358,NORTE,-23.24511543,-46.86704734,COLISÃO,COLISÃO-TRASEIRA,NÃO INFORMADO,AUTOMÓVEL=2,JUNDIAÍ,CAMPINAS,CAMPINAS,ESTADUAL
4379,2023-10-20,21:40:57,L01-AUTOBAN,SPM330D,113.0,NORTE,-22.80700721,-47.2163415,CHOQUE,CHOQUE-DEFENSA METÁLICA,NÃO INFORMADO,AUTOMÓVEL=1,SUMARÉ,CAMPINAS,CAMPINAS,ESTADUAL
4380,2023-10-20,22:39:01,L01-AUTOBAN,SP330,24.5,SUL,-23.43070264,-46.78701647,CHOQUE,CHOQUE-VEÍCULO PARADO NA PISTA,NÃO INFORMADO,MOTO=1|ÔNIBUS=1,SÃO PAULO,REG. METROPOLITANA SÃO PAULO,SÃO PAULO,ESTADUAL
4381,2023-10-20,22:55:40,L01-AUTOBAN,SP330,12.0,NORTE,-23.50917461,-46.73062027,CHOQUE,CHOQUE-VEÍCULO PARADO NA PISTA,NÃO INFORMADO,AUTOMÓVEL=2,SÃO PAULO,REG. METROPOLITANA SÃO PAULO,SÃO PAULO,ESTADUAL
4382,2023-10-21,00:42:02,L01-AUTOBAN,SP330,28.9,NORTE,-23.40942227,-46.81962078,CHOQUE,CHOQUE-DEFENSA METÁLICA,NÃO INFORMADO,AUTOMÓVEL=1,SÃO PAULO,REG. METROPOLITANA SÃO PAULO,SÃO PAULO,ESTADUAL
4383,2023-10-21,05:13:56,L01-AUTOBAN,SP330,126.98,NORTE,-22.71112872,-47.29773485,CHOQUE,CHOQUE-BARREIRA DE CONCRETO,NÃO INFORMADO,AUTOMÓVEL=1,AMERICANA,CAMPINAS,RIO CLARO,ESTADUAL
4384,2023-10-21,09:32:44,L01-AUTOBAN,SP330,104.5,SUL,-22.85458218,-47.15276778,COLISÃO,COLISÃO-TRASEIRA,NÃO INFORMADO,MOTO=1|NÃO INFORMADO=1,CAMPINAS,CAMPINAS,CAMPINAS,ESTADUAL
4385,2023-10-21,11:49:03,L01-AUTOBAN,SP330,75.6,SUL,-23.06360881,-46.99218399,COLISÃO,COLISÃO-TRASEIRA,NÃO INFORMADO,AUTOMÓVEL=2,VINHEDO,CAMPINAS,CAMPINAS,ESTADUAL
4387,2023-10-21,13:45:19,L01-AUTOBAN,SP330,128.5,SUL,-22.70058379,-47.3065576,CHOQUE,CHOQUE-SINALIZAÇÃO,NÃO INFORMADO,AUTOMÓVEL=1,AMERICANA,CAMPINAS,RIO CLARO,ESTADUAL
4388,2023-10-21,14:54:52,L01-AUTOBAN,SPI102/330,6.6,SUL,-22.915663,-47.135311,COLISÃO,COLISÃO-TRASEIRA,NÃO INFORMADO,AUTOMÓVEL=2,CAMPINAS,CAMPINAS,CAMPINAS,ESTADUAL
4389,2023-10-21,17:14:03,L01-AUTOBAN,SPM330D,105.0,NORTE,-22.8517126,-47.15673745,COLISÃO,COLISÃO-LATERAL,NÃO INFORMADO,AUTOMÓVEL=1|UTILITÁRIO=1,CAMPINAS,CAMPINAS,CAMPINAS,ESTADUAL
4390,2023-10-21,18:05:56,L01-AUTOBAN,SPM330D,96.0,NORTE,-22.91145011,-47.10140347,COLISÃO,COLISÃO-LATERAL,NÃO INFORMADO,AUTOMÓVEL=1|ÔNIBUS=1,CAMPINAS,CAMPINAS,CAMPINAS,ESTADUAL
4391,2023-10-21,19:38:48,L01-AUTOBAN,SP330,12.8,NORTE,-23.50816212,-46.73855525,COLISÃO,COLISÃO-TRASEIRA,NÃO INFORMADO,CAMINHÃO=1|UTILITÁRIO=1,SÃO PAULO,REG. METROPOLITANA SÃO PAULO,SÃO PAULO,ESTADUAL
4393,2023-10-21,23:17:07,L01-AUTOBAN,SPM330E,104.7,SUL,-22.85358464,-47.15437493,COLISÃO,COLISÃO-LATERAL,NÃO INFORMADO,AUTOMÓVEL=2,CAMPINAS,CAMPINAS,CAMPINAS,ESTADUAL
4394,2023-10-22,00:28:50,L01-AUTOBAN,SP330,106.7,NORTE,-22.84156885,-47.16879732,CHOQUE,CHOQUE-BARREIRA DE CONCRETO,NÃO INFORMADO,AUTOMÓVEL=1,SUMARÉ,CAMPINAS,CAMPINAS,ESTADUAL
4395,2023-10-22,03:05:08,L01-AUTOBAN,SP330,96.5,SUL,-22.90808753,-47.10461676,CHOQUE,CHOQUE-BARREIRA DE CONCRETO,NÃO INFORMADO,AUTOMÓVEL=1,CAMPINAS,CAMPINAS,CAMPINAS,ESTADUAL
4402,2023-10-22,16:22:38,L01-AUTOBAN,SP330,140.0,NORTE,-22.610684,-47.356401,CHOQUE,CHOQUE-BARREIRA DE CONCRETO,NÃO INFORMADO,AUTOMÓVEL=1,LIMEIRA,CAMPINAS,RIO CLARO,ESTADUAL
4407,2023-10-22,21:35:12,L01-AUTOBAN,SPM330E,93.2,SUL,-22.92886992,-47.08071111,COLISÃO,COLISÃO-TRASEIRA,NÃO INFORMADO,AUTOMÓVEL=2,CAMPINAS,CAMPINAS,CAMPINAS,ESTADUAL
4408,2023-10-22,22:21:46,L01-AUTOBAN,SP330,45.0,NORTE,-23.29656523,-46.86413527,ATROPELAMENTO DE ANIMAL,ATROP. ANIMAL,NÃO INFORMADO,AUTOMÓVEL=1,CAJAMAR,REG. METROPOLITANA SÃO PAULO,SÃO PAULO,ESTADUAL
4410,2023-10-23,02:10:24,L01-AUTOBAN,SP330,98.4,SUL,-22.89293605,-47.11196709,ATROPELAMENTO DE ANIMAL,ATROP. ANIMAL,NÃO INFORMADO,AUTOMÓVEL=1|MOTO=1,CAMPINAS,CAMPINAS,CAMPINAS,ESTADUAL
4411,2023-10-23,04:09:44,L01-AUTOBAN,SPI102/330,5.74,SUL,-22.916773,-47.13535,COLISÃO,COLISÃO-TRASEIRA,NÃO INFORMADO,NÃO INFORMADO=1|UTILITÁRIO=1,CAMPINAS,CAMPINAS,CAMPINAS,ESTADUAL
4413,2023-10-23,04:58:07,L01-AUTOBAN,SP330,26.0,NORTE,-23.42050663,-46.79456413,COLISÃO,COLISÃO-TRASEIRA,NÃO INFORMADO,AUTOMÓVEL=1|NÃO INFORMADO=1,SÃO PAULO,REG. METROPOLITANA SÃO PAULO,SÃO PAULO,ESTADUAL
4414,2023-10-23,06:07:23,L01-AUTOBAN,SP330,125.0,SUL,-22.72853708,-47.29203343,CHOQUE,CHOQUE-BARREIRA DE CONCRETO,NÃO INFORMADO,AUTOMÓVEL=1,AMERICANA,CAMPINAS,RIO CLARO,ESTADUAL
4415,2023-10-23,07:29:33,L01-AUTOBAN,SPM330E,56.0,SUL,-23.21105335,-46.89180493,CHOQUE,CHOQUE-DEFENSA METÁLICA,NÃO INFORMADO,AUTOMÓVEL=1,JUNDIAÍ,CAMPINAS,CAMPINAS,ESTADUAL
4416,2023-10-23,07:40:16,L01-AUTOBAN,SPM330E,102.4,SUL,-22.86602299,-47.13523841,TOMBAMENTO,TOMBAMENTO-MOTO,NÃO INFORMADO,MOTO=1|NÃO INFORMADO=1,CAMPINAS,CAMPINAS,CAMPINAS,ESTADUAL
4417,2023-10-23,07:57:14,L01-AUTOBAN,SP330,101.0,SUL,-22.87408945,-47.12487817,COLISÃO,COLISÃO-TRASEIRA,NÃO INFORMADO,AUTOMÓVEL=1|MOTO=1,CAMPINAS,CAMPINAS,CAMPINAS,ESTADUAL
4419,2023-10-23,08:29:15,L01-AUTOBAN,SP330,131.4,SUL,-22.67581453,-47.31204484,CHOQUE,CHOQUE-DEFENSA METÁLICA,NÃO INFORMADO,AUTOMÓVEL=1,LIMEIRA,CAMPINAS,RIO CLARO,ESTADUAL
4424,2023-10-23,17:48:09,L01-AUTOBAN,SP330,96.8,NORTE,-22.9055521,-47.106519,COLISÃO,COLISÃO-TRASEIRA,NÃO INFORMADO,AUTOMÓVEL=1|CAMINHÃO=1,CAMPINAS,CAMPINAS,CAMPINAS,ESTADUAL
4426,2023-10-23,22:12:16,L01-AUTOBAN,SPM330D,59.0,NORTE,-23.18892963,-46.90656781,ATROPELAMENTO DE ANIMAL,ATROP. ANIMAL,NÃO INFORMADO,AUTOMÓVEL=1,JUNDIAÍ,CAMPINAS,CAMPINAS,ESTADUAL
4429,2023-10-24,07:20:31,L01-AUTOBAN,SP330,113.0,SUL,-22.80727918,-47.21642733,CHOQUE,CHOQUE-BARREIRA DE CONCRETO,NÃO INFORMADO,AUTOMÓVEL=1,SUMARÉ,CAMPINAS,CAMPINAS,ESTADUAL
4431,2023-10-24,11:42:49,L01-AUTOBAN,SP330,12.0,SUL,-23.50948451,-46.73040569,COLISÃO,COLISÃO-TRASEIRA,NÃO INFORMADO,AUTOMÓVEL=2,SÃO PAULO,REG. METROPOLITANA SÃO PAULO,SÃO PAULO,ESTADUAL
4433,2023-10-24,14:52:04,L01-AUTOBAN,SP330,37.0,NORTE,-23.3512985,-46.84660435,COLISÃO,COLISÃO-TRASEIRA,NÃO INFORMADO,CAMINHÃO=1|CARRETA=1,CAJAMAR,REG. METROPOLITANA SÃO PAULO,SÃO PAULO,ESTADUAL
4435,2023-10-24,17:25:18,L01-AUTOBAN,SPM330E,110.0,SUL,-22.82299347,-47.19250202,TOMBAMENTO,TOMBAMENTO-MOTO,NÃO INFORMADO,MOTO=1,SUMARÉ,CAMPINAS,CAMPINAS,ESTADUAL
4436,2023-10-24,18:12:48,L01-AUTOBAN,SPM330E,98.3,SUL,-22.89376331,-47.11171336,COLISÃO,COLISÃO-LATERAL,NÃO INFORMADO,AUTOMÓVEL=2|MOTO=1,CAMPINAS,CAMPINAS,CAMPINAS,ESTADUAL
4437,2023-10-24,18:54:36,L01-AUTOBAN,SPM330E,100.3,SUL,-22.87859743,-47.11998155,ENGAVETAMENTO,ENGAVETAMENTO,NÃO INFORMADO,AUTOMÓVEL=3,CAMPINAS,CAMPINAS,CAMPINAS,ESTADUAL
4438,2023-10-24,19:46:18,L01-AUTOBAN,SP330,104.0,NORTE,-22.856805,-47.148633,COLISÃO,COLISÃO-TRASEIRA,NÃO INFORMADO,AUTOMÓVEL=1|NÃO INFORMADO=1,CAMPINAS,CAMPINAS,CAMPINAS,ESTADUAL
4439,2023-10-24,23:23:22,L01-AUTOBAN,SP330,81.65,NORTE,-23.01589895,-47.02105603,ENGAVETAMENTO,ENGAVETAMENTO,NÃO INFORMADO,AUTOMÓVEL=1|CAMINHÃO=2,VALINHOS,CAMPINAS,CAMPINAS,ESTADUAL
4440,2023-10-25,07:13:06,L01-AUTOBAN,SP330,122.7,SUL,-22.7401665,-47.27408836,COLISÃO,COLISÃO-LATERAL,NÃO INFORMADO,AUTOMÓVEL=1|CARRETA=1,AMERICANA,CAMPINAS,RIO CLARO,ESTADUAL
4443,2023-10-25,12:08:29,L01-AUTOBAN,SP330,27.8,SUL,-23.41209486,-46.80974328,COLISÃO,COLISÃO-TRASEIRA,NÃO INFORMADO,AUTOMÓVEL=1|CARRETA=1,SÃO PAULO,REG. METROPOLITANA SÃO PAULO,SÃO PAULO,ESTADUAL
4445,2023-10-25,19:12:17,L01-AUTOBAN,SP330,60.84,SUL,-23.17624264,-46.91756401,COLISÃO,COLISÃO-TRASEIRA,NÃO INFORMADO,MOTO=1|UTILITÁRIO=1,JUNDIAÍ,CAMPINAS,CAMPINAS,ESTADUAL
4446,2023-10-25,20:32:32,L01-AUTOBAN,SPM330D,112.3,NORTE,-22.81170087,-47.21118202,TOMBAMENTO,TOMBAMENTO-MOTO,NÃO INFORMADO,MOTO=1,SUMARÉ,CAMPINAS,CAMPINAS,ESTADUAL
4449,2023-10-26,00:16:44,L01-AUTOBAN,SPM330E,113.5,SUL,-22.80405002,-47.21922219,ATROPELAMENTO DE ANIMAL,ATROP. ANIMAL,NÃO INFORMADO,AUTOMÓVEL=1|UTILITÁRIO=1,SUMARÉ,CAMPINAS,CAMPINAS,ESTADUAL
4450,2023-10-26,07:01:41,L01-AUTOBAN,SP330,16.0,SUL,-23.49426874,-46.7588371,CHOQUE,CHOQUE-BARREIRA DE CONCRETO,NÃO INFORMADO,UTILITÁRIO=1,OSASCO,REG. METROPOLITANA SÃO PAULO,SÃO PAULO,ESTADUAL
4451,2023-10-26,10:20:22,L01-AUTOBAN,SP330,149.5,NORTE,-22.5335785,-47.384027,COLISÃO,COLISÃO-TRASEIRA,NÃO INFORMADO,UTILITÁRIO=2,LIMEIRA,CAMPINAS,RIO CLARO,ESTADUAL
4452,2023-10-26,16:28:22,L01-AUTOBAN,SPM330D,18.0,NORTE,-23.48241663,-46.7709446,TOMBAMENTO,TOMBAMENTO-MOTO,NÃO INFORMADO,MOTO=1,OSASCO,REG. METROPOLITANA SÃO PAULO,SÃO PAULO,ESTADUAL
4462,2023-10-27,16:17:45,L01-AUTOBAN,SPM330D,58.0,NORTE,-23.19690287,-46.90370858,COLISÃO,COLISÃO-LATERAL,NÃO INFORMADO,MOTO=1|UTILITÁRIO=1,JUNDIAÍ,CAMPINAS,CAMPINAS,ESTADUAL
4465,2023-10-27,17:16:29,L01-AUTOBAN,SPM330D,91.0,NORTE,-22.942859,-47.066539,TOMBAMENTO,TOMBAMENTO-MOTO,NÃO INFORMADO,MOTO=1,CAMPINAS,CAMPINAS,CAMPINAS,ESTADUAL
4466,2023-10-27,17:53:03,L01-AUTOBAN,SP330,83.26,SUL,-23.00350011,-47.02939175,COLISÃO,COLISÃO-TRASEIRA,NÃO INFORMADO,AUTOMÓVEL=1|MOTO=1,VALINHOS,CAMPINAS,CAMPINAS,ESTADUAL
4467,2023-10-27,17:55:31,L01-AUTOBAN,SP330,58.0,NORTE,-23.19690287,-46.90370858,COLISÃO,COLISÃO-TRASEIRA,NÃO INFORMADO,AUTOMÓVEL=1|MOTO=1,JUNDIAÍ,CAMPINAS,CAMPINAS,ESTADUAL
4469,2023-10-27,18:55:25,L01-AUTOBAN,SP330,124.0,SUL,-22.73417751,-47.28589654,COLISÃO,COLISÃO-LATERAL,NÃO INFORMADO,AUTOMÓVEL=3,AMERICANA,CAMPINAS,RIO CLARO,ESTADUAL
4471,2023-10-27,19:08:18,L01-AUTOBAN,SP330,24.5,NORTE,-23.4303334,-46.78691442,COLISÃO,COLISÃO-TRASEIRA,NÃO INFORMADO,AUTOMÓVEL=2,SÃO PAULO,REG. METROPOLITANA SÃO PAULO,SÃO PAULO,ESTADUAL
4476,2023-10-27,22:11:57,L01-AUTOBAN,SP330,20.2,NORTE,-23.46729806,-46.77937961,COLISÃO,COLISÃO-TRASEIRA,NÃO INFORMADO,AUTOMÓVEL=1|MICRO-ÔNIBUS=1,OSASCO,REG. METROPOLITANA SÃO PAULO,SÃO PAULO,ESTADUAL
4479,2023-10-27,23:17:26,L01-AUTOBAN,SP330,92.4,SUL,-22.93302177,-47.07430156,TOMBAMENTO,TOMBAMENTO-MOTO,NÃO INFORMADO,MOTO=1,CAMPINAS,CAMPINAS,CAMPINAS,ESTADUAL
4480,2023-10-28,02:19:52,L01-AUTOBAN,SPM330D,57.0,NORTE,-23.20593075,-46.89907372,CHOQUE,CHOQUE-DEFENSA METÁLICA,NÃO INFORMADO,AUTOMÓVEL=1,JUNDIAÍ,CAMPINAS,CAMPINAS,ESTADUAL
4482,2023-10-28,05:00:32,L01-AUTOBAN,SPM330D,13.3,NORTE,-23.5076519,-46.7432816,TOMBAMENTO,TOMBAMENTO,NÃO INFORMADO,UTILITÁRIO=1,SÃO PAULO,REG. METROPOLITANA SÃO PAULO,SÃO PAULO,ESTADUAL
4483,2023-10-28,05:50:15,L01-AUTOBAN,SP330,83.0,SUL,-23.00543875,-47.02806115,COLISÃO,COLISÃO-TRASEIRA,NÃO INFORMADO,AUTOMÓVEL=2,VALINHOS,CAMPINAS,CAMPINAS,ESTADUAL
4484,2023-10-28,06:23:10,L01-AUTOBAN,SPM330D,103.8,NORTE,-22.85788341,-47.14675524,CHOQUE,CHOQUE-DEFENSA METÁLICA,NÃO INFORMADO,AUTOMÓVEL=1,CAMPINAS,CAMPINAS,CAMPINAS,ESTADUAL
4485,2023-10-28,06:26:52,L01-AUTOBAN,SP330,20.0,SUL,-23.4689052,-46.77906632,CHOQUE,CHOQUE-BARREIRA DE CONCRETO,NÃO INFORMADO,AUTOMÓVEL=1,OSASCO,REG. METROPOLITANA SÃO PAULO,SÃO PAULO,ESTADUAL
4486,2023-10-28,06:40:24,L01-AUTOBAN,SP330,157.0,NORTE,-22.46956517,-47.39890873,TOMBAMENTO,TOMBAMENTO-MOTO,NÃO INFORMADO,MOTO=1,CORDEIRÓPOLIS,CAMPINAS,RIO CLARO,ESTADUAL
4487,2023-10-28,07:07:26,L01-AUTOBAN,SP330,20.0,SUL,-23.4689052,-46.77906632,ENGAVETAMENTO,ENGAVETAMENTO,NÃO INFORMADO,AUTOMÓVEL=2|NÃO INFORMADO=1,OSASCO,REG. METROPOLITANA SÃO PAULO,SÃO PAULO,ESTADUAL
4488,2023-10-28,07:19:03,L01-AUTOBAN,SP330,20.0,NORTE,-23.46894457,-46.77887321,ENGAVETAMENTO,ENGAVETAMENTO,NÃO INFORMADO,AUTOMÓVEL=3,OSASCO,REG. METROPOLITANA SÃO PAULO,SÃO PAULO,ESTADUAL
4489,2023-10-28,10:00:17,L01-AUTOBAN,SP330,64.0,SUL,-23.15363356,-46.93565369,COLISÃO,COLISÃO-LATERAL,NÃO INFORMADO,AUTOMÓVEL=1|MOTO=1,JUNDIAÍ,CAMPINAS,CAMPINAS,ESTADUAL
4493,2023-10-28,22:16:03,L01-AUTOBAN,SP330,73.68,NORTE,-23.0773828,-46.98159416,CHOQUE,CHOQUE-DEFENSA METÁLICA,NÃO INFORMADO,AUTOMÓVEL=1,VINHEDO,CAMPINAS,CAMPINAS,ESTADUAL
4496,2023-10-29,00:23:46,L01-AUTOBAN,SP330,97.0,NORTE,-22.90407763,-47.10779786,TOMBAMENTO,TOMBAMENTO-MOTO,NÃO INFORMADO,MOTO=1,CAMPINAS,CAMPINAS,CAMPINAS,ESTADUAL
4497,2023-10-29,03:02:02,L01-AUTOBAN,SP330,56.2,NORTE,-23.20990655,-46.89321578,COLISÃO,COLISÃO-LATERAL,NÃO INFORMADO,CARRETA=1|UTILITÁRIO=1,JUNDIAÍ,CAMPINAS,CAMPINAS,ESTADUAL
4502,2023-10-29,14:26:45,L01-AUTOBAN,SP330,19.12,SUL,-23.4731357,-46.77339678,COLISÃO,COLISÃO-TRASEIRA,NÃO INFORMADO,AUTOMÓVEL=2,SÃO PAULO,REG. METROPOLITANA SÃO PAULO,SÃO PAULO,ESTADUAL
4506,2023-10-29,16:35:24,L01-AUTOBAN,SP330,15.0,NORTE,-23.49985249,-46.75452411,CHOQUE,CHOQUE-BARREIRA DE CONCRETO,NÃO INFORMADO,AUTOMÓVEL=1|MOTO=1,SÃO PAULO,REG. METROPOLITANA SÃO PAULO,SÃO PAULO,ESTADUAL
4509,2023-10-29,18:35:57,L01-AUTOBAN,SP330,36.0,NORTE,-23.360169,-46.848369,TOMBAMENTO,TOMBAMENTO-MOTO,NÃO INFORMADO,MOTO=1,CAJAMAR,REG. METROPOLITANA SÃO PAULO,SÃO PAULO,ESTADUAL
4511,2023-10-29,19:41:08,L01-AUTOBAN,SPM330E,108.2,SUL,-22.83184238,-47.17875556,CHOQUE,CHOQUE-DEFENSA METÁLICA,NÃO INFORMADO,NÃO INFORMADO=1|UTILITÁRIO=1,SUMARÉ,CAMPINAS,CAMPINAS,ESTADUAL
4512,2023-10-29,19:43:39,L01-AUTOBAN,SPM330D,115.0,NORTE,-22.79222084,-47.22608328,COLISÃO,COLISÃO-TRASEIRA,NÃO INFORMADO,AUTOMÓVEL=2,SUMARÉ,CAMPINAS,CAMPINAS,ESTADUAL
4513,2023-10-29,19:52:35,L01-AUTOBAN,SPM330D,50.39,NORTE,-23.25336901,-46.86676604,ATROPELAMENTO DE PEDESTRE,ATROP. PEDESTRE-USUÁRIO,NÃO INFORMADO,CAMINHÃO=1|NÃO INFORMADO=1,JUNDIAÍ,CAMPINAS,CAMPINAS,ESTADUAL
4514,2023-10-29,20:27:11,L01-AUTOBAN,SP330,41.6,NORTE,-23.31957158,-46.85073601,CHOQUE,CHOQUE-BARREIRA DE CONCRETO,NÃO INFORMADO,UTILITÁRIO=1,CAJAMAR,REG. METROPOLITANA SÃO PAULO,SÃO PAULO,ESTADUAL
4515,2023-10-29,21:37:03,L01-AUTOBAN,SP330,84.0,SUL,-22.9979825,-47.03317881,COLISÃO,COLISÃO-TRASEIRA,NÃO INFORMADO,AUTOMÓVEL=1|MOTO=1,VALINHOS,CAMPINAS,CAMPINAS,ESTADUAL
4517,2023-10-29,23:16:24,L01-AUTOBAN,SPM330E,13.8,SUL,-23.50738009,-46.74803639,CHOQUE,CHOQUE-BARREIRA DE CONCRETO,NÃO INFORMADO,AUTOMÓVEL=1,SÃO PAULO,REG. METROPOLITANA SÃO PAULO,SÃO PAULO,ESTADUAL
4522,2023-10-30,05:26:18,L01-AUTOBAN,SPM330D,101.5,NORTE,-22.87058755,-47.12843478,CHOQUE,CHOQUE-DEFENSA METÁLICA,NÃO INFORMADO,AUTOMÓVEL=1,CAMPINAS,CAMPINAS,CAMPINAS,ESTADUAL
4523,2023-10-30,06:00:14,L01-AUTOBAN,SP330,45.8,SUL,-23.29672289,-46.86423719,CHOQUE,CHOQUE-BARREIRA DE CONCRETO,NÃO INFORMADO,AUTOMÓVEL=1,CAJAMAR,REG. METROPOLITANA SÃO PAULO,SÃO PAULO,ESTADUAL
4524,2023-10-30,06:21:15,L01-AUTOBAN,SP330,112.6,NORTE,-22.80968932,-47.2133932,CHOQUE,CHOQUE-DEFENSA METÁLICA,NÃO INFORMADO,AUTOMÓVEL=1,SUMARÉ,CAMPINAS,CAMPINAS,ESTADUAL
4529,2023-10-30,08:27:46,L01-AUTOBAN,SP330,105.95,NORTE,-22.8467673,-47.1636891,COLISÃO,COLISÃO-TRASEIRA,NÃO INFORMADO,AUTOMÓVEL=2,SUMARÉ,CAMPINAS,CAMPINAS,ESTADUAL
4531,2023-10-30,15:11:27,L01-AUTOBAN,SP330,96.9,NORTE,-22.90481487,-47.10715843,CHOQUE,CHOQUE-EQUIPAMENTO,NÃO INFORMADO,AUTOMÓVEL=1,CAMPINAS,CAMPINAS,CAMPINAS,ESTADUAL
4532,2023-10-30,16:12:10,L01-AUTOBAN,SPM330D,113.449,NORTE,-22.80409189,-47.21879346,COLISÃO,COLISÃO-LATERAL,NÃO INFORMADO,AUTOMÓVEL=1|MOTO=1,SUMARÉ,CAMPINAS,CAMPINAS,ESTADUAL
4533,2023-10-30,18:55:42,L01-AUTOBAN,SP330,22.68,NORTE,-23.44713044,-46.78675697,COLISÃO,COLISÃO-LATERAL,NÃO INFORMADO,AUTOMÓVEL=1|MOTO=1,SÃO PAULO,REG. METROPOLITANA SÃO PAULO,SÃO PAULO,ESTADUAL
4537,2023-10-31,08:29:21,L01-AUTOBAN,SP330,11.46,NORTE,-23.50987561,-46.72945587,COLISÃO,COLISÃO-TRASEIRA,NÃO INFORMADO,AUTOMÓVEL=1|MOTO=1,SÃO PAULO,REG. METROPOLITANA SÃO PAULO,SÃO PAULO,ESTADUAL
4539,2023-10-31,11:09:03,L01-AUTOBAN,SP330,34.0,SUL,-23.37597552,-46.84019923,CHOQUE,CHOQUE-DEFENSA METÁLICA,NÃO INFORMADO,AUTOMÓVEL=1,CAJAMAR,REG. METROPOLITANA SÃO PAULO,SÃO PAULO,ESTADUAL
4540,2023-10-31,11:16:08,L01-AUTOBAN,SP330,86.85,NORTE,-22.97606545,-47.04762164,CHOQUE,CHOQUE-BARREIRA DE CONCRETO,NÃO INFORMADO,UTILITÁRIO=1,CAMPINAS,CAMPINAS,CAMPINAS,ESTADUAL
4541,2023-10-31,11:54:38,L01-AUTOBAN,SP330,108.5,SUL,-22.83021623,-47.18081936,COLISÃO,COLISÃO-LATERAL,NÃO INFORMADO,AUTOMÓVEL=1|CARRETA=1,SUMARÉ,CAMPINAS,CAMPINAS,ESTADUAL
4545,2023-10-31,15:25:55,L01-AUTOBAN,SP330,41.0,SUL,-23.32351843,-46.84717298,CHOQUE,CHOQUE-TALUDE OU BARRANCO,NÃO INFORMADO,AUTOMÓVEL=1,CAJAMAR,REG. METROPOLITANA SÃO PAULO,SÃO PAULO,ESTADUAL
4546,2023-10-31,17:25:12,L01-AUTOBAN,SP330,53.0,NORTE,-23.230639,-46.87295,COLISÃO,COLISÃO-LATERAL,NÃO INFORMADO,AUTOMÓVEL=2,JUNDIAÍ,CAMPINAS,CAMPINAS,ESTADUAL
4547,2023-10-31,17:49:04,L01-AUTOBAN,SP330,153.0,SUL,-22.50568333,-47.39923596,CHOQUE,CHOQUE-TALUDE OU BARRANCO,NÃO INFORMADO,UTILITÁRIO=1,CORDEIRÓPOLIS,CAMPINAS,RIO CLARO,ESTADUAL
4552,2023-11-01,04:58:59,L01-AUTOBAN,SP330,56.0,NORTE,-23.21090051,-46.89175129,COLISÃO,COLISÃO-TRASEIRA,NÃO INFORMADO,CAMINHÃO=2,JUNDIAÍ,CAMPINAS,CAMPINAS,ESTADUAL
4553,2023-11-01,07:24:25,L01-AUTOBAN,SP330,59.7,NORTE,-23.18337908,-46.90999246,COLISÃO,COLISÃO-LATERAL,NÃO INFORMADO,AUTOMÓVEL=1|MOTO=1,JUNDIAÍ,CAMPINAS,CAMPINAS,ESTADUAL
4554,2023-11-01,07:53:13,L01-AUTOBAN,SPM330D,15.5,NORTE,-23.49697206,-46.75666183,CHOQUE,CHOQUE-VEÍCULO PARADO NA PISTA,NÃO INFORMADO,AUTOMÓVEL=1|CARRETA=1,SÃO PAULO,REG. METROPOLITANA SÃO PAULO,SÃO PAULO,ESTADUAL
4556,2023-11-01,08:27:06,L01-AUTOBAN,SP330,109.0,NORTE,-22.82737416,-47.18387604,COLISÃO,COLISÃO-LATERAL,NÃO INFORMADO,AUTOMÓVEL=1|CARRETA=1,SUMARÉ,CAMPINAS,CAMPINAS,ESTADUAL
4557,2023-11-01,09:02:11,L01-AUTOBAN,SP330,58.0,SUL,-23.19706558,-46.90382659,ENGAVETAMENTO,ENGAVETAMENTO,NÃO INFORMADO,AUTOMÓVEL=3,JUNDIAÍ,CAMPINAS,CAMPINAS,ESTADUAL
4560,2023-11-01,11:36:58,L01-AUTOBAN,SP330,100.0,SUL,-22.88052946,-47.11788297,COLISÃO,COLISÃO-TRASEIRA,NÃO INFORMADO,CAMINHÃO=1|CARRETA=1,CAMPINAS,CAMPINAS,CAMPINAS,ESTADUAL
4561,2023-11-01,13:56:54,L01-AUTOBAN,SP330,23.0,NORTE,-23.4443587,-46.78688228,COLISÃO,COLISÃO-LATERAL,NÃO INFORMADO,MOTO=1|UTILITÁRIO=1,SÃO PAULO,REG. METROPOLITANA SÃO PAULO,SÃO PAULO,ESTADUAL
4563,2023-11-01,18:38:18,L01-AUTOBAN,SP330,52.3,NORTE,-23.23725068,-46.87017804,COLISÃO,COLISÃO-TRASEIRA,NÃO INFORMADO,AUTOMÓVEL=1|UTILITÁRIO=1,JUNDIAÍ,CAMPINAS,CAMPINAS,ESTADUAL
4564,2023-11-01,19:20:29,L01-AUTOBAN,SP330,84.5,NORTE,-22.9936517,-47.03597099,ENGAVETAMENTO,ENGAVETAMENTO,NÃO INFORMADO,AUTOMÓVEL=1|NÃO INFORMADO=2,VALINHOS,CAMPINAS,CAMPINAS,ESTADUAL
4566,2023-11-01,20:18:23,L01-AUTOBAN,SP330,106.2,NORTE,-22.84509611,-47.16540993,ENGAVETAMENTO,ENGAVETAMENTO,NÃO INFORMADO,AUTOMÓVEL=2|UTILITÁRIO=1,SUMARÉ,CAMPINAS,CAMPINAS,ESTADUAL
4568,2023-11-01,22:54:45,L01-AUTOBAN,SP330,59.6,SUL,-23.18430419,-46.90967058,COLISÃO,COLISÃO-LATERAL,NÃO INFORMADO,AUTOMÓVEL=2,JUNDIAÍ,CAMPINAS,CAMPINAS,ESTADUAL
4569,2023-11-02,02:33:03,L01-AUTOBAN,SP330,117.5,SUL,-22.76903417,-47.24156499,COLISÃO,COLISÃO-TRANSVERSAL,NÃO INFORMADO,AUTOMÓVEL=1|MOTO=1,NOVA ODESSA,CAMPINAS,RIO CLARO,ESTADUAL
4570,2023-11-02,03:50:01,L01-AUTOBAN,SPM330D,105.8,NORTE,-22.8475481,-47.16259151,COLISÃO,COLISÃO-TRASEIRA,NÃO INFORMADO,AUTOMÓVEL=1|NÃO INFORMADO=1,SUMARÉ,CAMPINAS,CAMPINAS,ESTADUAL
4571,2023-11-02,04:21:03,L01-AUTOBAN,SP330,53.0,NORTE,-23.230639,-46.87295,COLISÃO,COLISÃO-LATERAL,NÃO INFORMADO,AUTOMÓVEL=2,JUNDIAÍ,CAMPINAS,CAMPINAS,ESTADUAL
4572,2023-11-02,04:23:51,L01-AUTOBAN,SP330,73.4,SUL,-23.07968433,-46.98021055,CHOQUE,CHOQUE-BARREIRA DE CONCRETO,NÃO INFORMADO,AUTOMÓVEL=1,LOUVEIRA,CAMPINAS,CAMPINAS,ESTADUAL
4573,2023-11-02,04:37:10,L01-AUTOBAN,SPM330D,105.6,NORTE,-22.84858925,-47.16112797,TOMBAMENTO,TOMBAMENTO-MOTO,NÃO INFORMADO,MOTO=1,SUMARÉ,CAMPINAS,CAMPINAS,ESTADUAL
4575,2023-11-02,08:53:04,L01-AUTOBAN,SP330,57.8,NORTE,-23.19870845,-46.9027816,COLISÃO,COLISÃO-TRASEIRA,NÃO INFORMADO,AUTOMÓVEL=2,JUNDIAÍ,CAMPINAS,CAMPINAS,ESTADUAL
4578,2023-11-02,13:46:27,L01-AUTOBAN,SP330,104.0,SUL,-22.85707606,-47.14874983,TOMBAMENTO,TOMBAMENTO-MOTO,NÃO INFORMADO,MOTO=1,CAMPINAS,CAMPINAS,CAMPINAS,ESTADUAL
4579,2023-11-02,14:12:00,L01-AUTOBAN,SP330,87.0,NORTE,-22.97489022,-47.04833329,TOMBAMENTO,TOMBAMENTO,NÃO INFORMADO,BICICLETA=1,CAMPINAS,CAMPINAS,CAMPINAS,ESTADUAL
4580,2023-11-02,15:22:37,L01-AUTOBAN,SP330,59.0,NORTE,-23.18892963,-46.90656781,COLISÃO,COLISÃO-TRASEIRA,NÃO INFORMADO,AUTOMÓVEL=2,JUNDIAÍ,CAMPINAS,CAMPINAS,ESTADUAL
4583,2023-11-02,23:49:29,L01-AUTOBAN,SP330,109.5,NORTE,-22.82502312,-47.1881783,COLISÃO,COLISÃO-TRASEIRA,NÃO INFORMADO,AUTOMÓVEL=1|NÃO INFORMADO=1,SUMARÉ,CAMPINAS,CAMPINAS,ESTADUAL
4586,2023-11-03,02:40:44,L01-AUTOBAN,SP330,34.7,NORTE,-23.3711596,-46.8435446,CHOQUE,CHOQUE-BARREIRA DE CONCRETO,NÃO INFORMADO,AUTOMÓVEL=1,CAJAMAR,REG. METROPOLITANA SÃO PAULO,SÃO PAULO,ESTADUAL
4588,2023-11-03,09:05:19,L01-AUTOBAN,SP330,157.38,NORTE,-22.46610273,-47.39885981,COLISÃO,COLISÃO-TRASEIRA,NÃO INFORMADO,BITREM/CVC=1|MOTO=1,CORDEIRÓPOLIS,CAMPINAS,RIO CLARO,ESTADUAL
4589,2023-11-03,09:19:07,L01-AUTOBAN,SP330,86.0,SUL,-22.98295025,-47.04378426,COLISÃO,COLISÃO-TRASEIRA,NÃO INFORMADO,CAMINHÃO=1|MOTO=1,VALINHOS,CAMPINAS,CAMPINAS,ESTADUAL
4592,2023-11-03,17:46:41,L01-AUTOBAN,SP330,106.22,NORTE,-22.84495499,-47.16554546,ENGAVETAMENTO,ENGAVETAMENTO,NÃO INFORMADO,AUTOMÓVEL=1|NÃO INFORMADO=1|UTILITÁRIO=1,SUMARÉ,CAMPINAS,CAMPINAS,ESTADUAL
4593,2023-11-03,19:42:20,L01-AUTOBAN,SP330,135.0,SUL,-22.646597,-47.326602,ENGAVETAMENTO,ENGAVETAMENTO,NÃO INFORMADO,AUTOMÓVEL=3|UTILITÁRIO=2,LIMEIRA,CAMPINAS,RIO CLARO,ESTADUAL
4594,2023-11-03,19:48:21,L01-AUTOBAN,SPM330D,96.3,NORTE,-22.90923834,-47.10332181,TOMBAMENTO,TOMBAMENTO-MOTO,NÃO INFORMADO,MOTO=1,CAMPINAS,CAMPINAS,CAMPINAS,ESTADUAL
4596,2023-11-03,23:10:35,L01-AUTOBAN,SPM330E,107.0,SUL,-22.83986774,-47.17085123,COLISÃO,COLISÃO-TRASEIRA,NÃO INFORMADO,AUTOMÓVEL=1|NÃO INFORMADO=1,SUMARÉ,CAMPINAS,CAMPINAS,ESTADUAL
4597,2023-11-04,05:43:31,L01-AUTOBAN,SP330,92.0,NORTE,-22.93511642,-47.07138956,TOMBAMENTO,TOMBAMENTO-MOTO,NÃO INFORMADO,MOTO=1,CAMPINAS,CAMPINAS,CAMPINAS,ESTADUAL
4599,2023-11-04,10:25:39,L01-AUTOBAN,SPM330D,59.0,NORTE,-23.18892963,-46.90656781,COLISÃO,COLISÃO-TRASEIRA,NÃO INFORMADO,AUTOMÓVEL=2,JUNDIAÍ,CAMPINAS,CAMPINAS,ESTADUAL
4600,2023-11-04,10:48:08,L01-AUTOBAN,SP330,23.3,SUL,-23.44142978,-46.78686404,CHOQUE,CHOQUE-BARREIRA DE CONCRETO,NÃO INFORMADO,UTILITÁRIO=1,SÃO PAULO,REG. METROPOLITANA SÃO PAULO,SÃO PAULO,ESTADUAL
4601,2023-11-04,15:14:31,L01-AUTOBAN,SP330,22.5,NORTE,-23.44868954,-46.78668648,COLISÃO,COLISÃO-LATERAL,NÃO INFORMADO,AUTOMÓVEL=1|UTILITÁRIO=1,SÃO PAULO,REG. METROPOLITANA SÃO PAULO,SÃO PAULO,ESTADUAL
4603,2023-11-04,16:20:33,L01-AUTOBAN,SP330,23.0,SUL,-23.44426027,-46.78705394,COLISÃO,COLISÃO-TRASEIRA,NÃO INFORMADO,AUTOMÓVEL=1|CARRETA=1,SÃO PAULO,REG. METROPOLITANA SÃO PAULO,SÃO PAULO,ESTADUAL
4604,2023-11-04,16:35:46,L01-AUTOBAN,SP330,23.4,SUL,-23.44048628,-46.78680074,COLISÃO,COLISÃO-TRASEIRA,NÃO INFORMADO,AUTOMÓVEL=2,SÃO PAULO,REG. METROPOLITANA SÃO PAULO,SÃO PAULO,ESTADUAL
4606,2023-11-04,22:59:16,L01-AUTOBAN,SP330,62.5,SUL,-23.16484669,-46.92926735,COLISÃO,COLISÃO-TRASEIRA,NÃO INFORMADO,AUTOMÓVEL=2,JUNDIAÍ,CAMPINAS,CAMPINAS,ESTADUAL
4607,2023-11-04,23:17:18,L01-AUTOBAN,SPM330D,14.0,NORTE,-23.507052,-46.749681,CAPOTAMENTO,CAPOTAMENTO,NÃO INFORMADO,AUTOMÓVEL=1,SÃO PAULO,REG. METROPOLITANA SÃO PAULO,SÃO PAULO,ESTADUAL
4608,2023-11-04,23:24:50,L01-AUTOBAN,SPM330E,119.0,SUL,-22.76349411,-47.24790037,TOMBAMENTO,TOMBAMENTO-MOTO,NÃO INFORMADO,MOTO=1,NOVA ODESSA,CAMPINAS,RIO CLARO,ESTADUAL
4609,2023-11-04,23:36:03,L01-AUTOBAN,SP330,24.5,NORTE,-23.4303334,-46.78691442,COLISÃO,COLISÃO-TRASEIRA,NÃO INFORMADO,AUTOMÓVEL=1|UTILITÁRIO=1,SÃO PAULO,REG. METROPOLITANA SÃO PAULO,SÃO PAULO,ESTADUAL
4610,2023-11-05,00:20:45,L01-AUTOBAN,SPM330E,14.5,SUL,-23.50355185,-46.75236493,COLISÃO,COLISÃO-LATERAL,NÃO INFORMADO,CARRETA=1|UTILITÁRIO=1,SÃO PAULO,REG. METROPOLITANA SÃO PAULO,SÃO PAULO,ESTADUAL
4611,2023-11-05,04:27:12,L01-AUTOBAN,SPM330D,105.0,NORTE,-22.8517126,-47.15673745,CHOQUE,CHOQUE-BARREIRA DE CONCRETO,NÃO INFORMADO,AUTOMÓVEL=1,CAMPINAS,CAMPINAS,CAMPINAS,ESTADUAL
4612,2023-11-05,04:50:20,L01-AUTOBAN,SP330,126.6,SUL,-22.72853708,-47.29203343,ATROPELAMENTO DE ANIMAL,ATROP. ANIMAL,NÃO INFORMADO,UTILITÁRIO=1,AMERICANA,CAMPINAS,RIO CLARO,ESTADUAL
4613,2023-11-05,07:02:49,L01-AUTOBAN,SP330,29.5,NORTE,-23.40717593,-46.82470679,CHOQUE,CHOQUE-BARREIRA DE CONCRETO,NÃO INFORMADO,AUTOMÓVEL=1,SÃO PAULO,REG. METROPOLITANA SÃO PAULO,SÃO PAULO,ESTADUAL
4614,2023-11-05,07:09:38,L01-AUTOBAN,SP330,158.1,SUL,-22.45957724,-47.39911916,CHOQUE,CHOQUE-BARREIRA DE CONCRETO,NÃO INFORMADO,AUTOMÓVEL=1,CORDEIRÓPOLIS,CAMPINAS,RIO CLARO,ESTADUAL
4615,2023-11-05,13:57:48,L01-AUTOBAN,SP330,23.0,NORTE,-23.4443587,-46.78688228,COLISÃO,COLISÃO-LATERAL,NÃO INFORMADO,AUTOMÓVEL=1|UTILITÁRIO=1,SÃO PAULO,REG. METROPOLITANA SÃO PAULO,SÃO PAULO,ESTADUAL
4619,2023-11-05,21:30:22,L01-AUTOBAN,SP330,64.6,SUL,-23.15363356,-46.93565369,TOMBAMENTO,TOMBAMENTO-MOTO,NÃO INFORMADO,MOTO=1,JUNDIAÍ,CAMPINAS,CAMPINAS,ESTADUAL
4620,2023-11-05,21:48:07,L01-AUTOBAN,SP330,92.0,SUL,-22.9351263,-47.07110524,COLISÃO,COLISÃO-TRASEIRA,NÃO INFORMADO,AUTOMÓVEL=2,CAMPINAS,CAMPINAS,CAMPINAS,ESTADUAL
4621,2023-11-05,21:51:38,L01-AUTOBAN,SP330,143.0,NORTE,-22.58756475,-47.36743569,ATROPELAMENTO DE ANIMAL,ATROP. ANIMAL,NÃO INFORMADO,AUTOMÓVEL=1,LIMEIRA,CAMPINAS,RIO CLARO,ESTADUAL
4622,2023-11-06,06:27:13,L01-AUTOBAN,SP330,96.9,NORTE,-22.90481487,-47.10715843,TOMBAMENTO,TOMBAMENTO-MOTO,NÃO INFORMADO,MOTO=1,CAMPINAS,CAMPINAS,CAMPINAS,ESTADUAL
4623,2023-11-06,06:29:05,L01-AUTOBAN,SP330,28.4,SUL,-23.4104093,-46.81513238,CHOQUE,CHOQUE-TALUDE OU BARRANCO,NÃO INFORMADO,AUTOMÓVEL=1,SÃO PAULO,REG. METROPOLITANA SÃO PAULO,SÃO PAULO,ESTADUAL
4624,2023-11-06,06:39:23,L01-AUTOBAN,SPI102/330,1.6,SUL,-22.87799197,-47.13133585,TOMBAMENTO,TOMBAMENTO-MOTO,NÃO INFORMADO,MOTO=1,CAMPINAS,CAMPINAS,CAMPINAS,ESTADUAL
4625,2023-11-06,06:57:07,L01-AUTOBAN,SP330,97.5,NORTE,-22.89997608,-47.10927308,COLISÃO,COLISÃO-LATERAL,NÃO INFORMADO,AUTOMÓVEL=1|MOTO=1,CAMPINAS,CAMPINAS,CAMPINAS,ESTADUAL
4628,2023-11-06,13:04:47,L01-AUTOBAN,SP330,26.0,NORTE,-23.42050663,-46.79456413,COLISÃO,CHOQUE-PRAÇA AVI-(ENTRE VEÍCULOS),NÃO INFORMADO,CAMINHÃO=2,SÃO PAULO,REG. METROPOLITANA SÃO PAULO,SÃO PAULO,ESTADUAL
4629,2023-11-06,14:48:19,L01-AUTOBAN,SP330,58.4,SUL,-23.19384275,-46.90501321,COLISÃO,COLISÃO-TRASEIRA,NÃO INFORMADO,AUTOMÓVEL=1|MOTO=1,JUNDIAÍ,CAMPINAS,CAMPINAS,ESTADUAL
4630,2023-11-06,15:07:56,L01-AUTOBAN,SP330,36.0,SUL,-23.36049321,-46.84859991,CHOQUE,CHOQUE-BARREIRA DE CONCRETO,NÃO INFORMADO,CARRETA=1,CAJAMAR,REG. METROPOLITANA SÃO PAULO,SÃO PAULO,ESTADUAL
4632,2023-11-06,15:47:48,L01-AUTOBAN,SP330,106.16,NORTE,-22.84537825,-47.16513899,TOMBAMENTO,TOMBAMENTO-MOTO,NÃO INFORMADO,MOTO=1,SUMARÉ,CAMPINAS,CAMPINAS,ESTADUAL
4633,2023-11-06,17:46:19,L01-AUTOBAN,SP330,23.0,SUL,-23.44426027,-46.78705394,TOMBAMENTO,TOMBAMENTO-MOTO,NÃO INFORMADO,MOTO=1,SÃO PAULO,REG. METROPOLITANA SÃO PAULO,SÃO PAULO,ESTADUAL
4634,2023-11-06,18:02:15,L01-AUTOBAN,SP330,26.0,SUL,-23.42090535,-46.79437637,COLISÃO,COLISÃO-TRASEIRA,NÃO INFORMADO,AUTOMÓVEL=1|CARRETA=1,SÃO PAULO,REG. METROPOLITANA SÃO PAULO,SÃO PAULO,ESTADUAL
4635,2023-11-07,08:12:18,L01-AUTOBAN,SP330,122.0,NORTE,-22.743594,-47.268248,ENGAVETAMENTO,ENGAVETAMENTO,NÃO INFORMADO,MOTO=1|NÃO INFORMADO=1|UTILITÁRIO=1,AMERICANA,CAMPINAS,RIO CLARO,ESTADUAL
4636,2023-11-07,08:21:54,L01-AUTOBAN,SPM330D,111.0,NORTE,-22.81770778,-47.20173419,COLISÃO,COLISÃO-LATERAL,NÃO INFORMADO,MOTO=1|NÃO INFORMADO=1,SUMARÉ,CAMPINAS,CAMPINAS,ESTADUAL
4638,2023-11-07,10:19:23,L01-AUTOBAN,SPM330E,104.25,SUL,-22.85582912,-47.1507588,CHOQUE,CHOQUE-VEÍCULO PARADO NA PISTA,NÃO INFORMADO,CARRETA=1|UTILITÁRIO=1,CAMPINAS,CAMPINAS,CAMPINAS,ESTADUAL
4640,2023-11-07,12:09:03,L01-AUTOBAN,SP330,23.5,SUL,-23.43954278,-46.78673744,COLISÃO,COLISÃO-LATERAL,NÃO INFORMADO,AUTOMÓVEL=1|BITREM/CVC=1,SÃO PAULO,REG. METROPOLITANA SÃO PAULO,SÃO PAULO,ESTADUAL
4641,2023-11-07,17:00:08,L01-AUTOBAN,SP330,58.0,NORTE,-23.19690287,-46.90370858,COLISÃO,COLISÃO-LATERAL,NÃO INFORMADO,MOTO=1|NÃO INFORMADO=1,JUNDIAÍ,CAMPINAS,CAMPINAS,ESTADUAL
4644,2023-11-07,18:48:00,L01-AUTOBAN,SP330,82.2,SUL,-23.01192878,-47.02423738,ENGAVETAMENTO,ENGAVETAMENTO,NÃO INFORMADO,AUTOMÓVEL=3,VALINHOS,CAMPINAS,CAMPINAS,ESTADUAL
4645,2023-11-08,05:45:57,L01-AUTOBAN,SPM330E,90.7,SUL,-22.94547145,-47.06535404,TOMBAMENTO,TOMBAMENTO-MOTO,NÃO INFORMADO,MOTO=1,CAMPINAS,CAMPINAS,CAMPINAS,ESTADUAL
4646,2023-11-08,06:39:28,L01-AUTOBAN,SP330,84.0,SUL,-22.9979825,-47.03317881,COLISÃO,COLISÃO-LATERAL,NÃO INFORMADO,AUTOMÓVEL=1|MOTO=1,VALINHOS,CAMPINAS,CAMPINAS,ESTADUAL
4647,2023-11-08,07:09:02,L01-AUTOBAN,SPM330E,14.2,SUL,-23.50573309,-46.75096643,COLISÃO,COLISÃO-LATERAL,NÃO INFORMADO,AUTOMÓVEL=1|ÔNIBUS=1,SÃO PAULO,REG. METROPOLITANA SÃO PAULO,SÃO PAULO,ESTADUAL
4650,2023-11-08,10:13:18,L01-AUTOBAN,SP330,103.0,SUL,-22.862525,-47.139454,CHOQUE,CHOQUE-SINALIZAÇÃO,NÃO INFORMADO,AUTOMÓVEL=6|UTILITÁRIO=2,CAMPINAS,CAMPINAS,CAMPINAS,ESTADUAL
4653,2023-11-08,13:12:34,L01-AUTOBAN,SPM330E,95.5,SUL,-22.91585259,-47.09776908,COLISÃO,COLISÃO-LATERAL,NÃO INFORMADO,AUTOMÓVEL=1|MOTO=1|NÃO INFORMADO=1,CAMPINAS,CAMPINAS,CAMPINAS,ESTADUAL
4655,2023-11-08,19:04:15,L01-AUTOBAN,SP330,35.6,NORTE,-23.36378861,-46.84702939,COLISÃO,COLISÃO-TRASEIRA,NÃO INFORMADO,AUTOMÓVEL=2,CAJAMAR,REG. METROPOLITANA SÃO PAULO,SÃO PAULO,ESTADUAL
4656,2023-11-08,19:07:14,L01-AUTOBAN,SP330,72.3,NORTE,-23.09042066,-46.97272718,COLISÃO,COLISÃO-LATERAL,NÃO INFORMADO,AUTOMÓVEL=1|NÃO INFORMADO=1,LOUVEIRA,CAMPINAS,CAMPINAS,ESTADUAL
4657,2023-11-08,19:54:27,L01-AUTOBAN,SPM330D,100.2,NORTE,-22.87902796,-47.11901484,CHOQUE,CHOQUE-VEÍCULO PARADO NA PISTA,NÃO INFORMADO,AUTOMÓVEL=2,CAMPINAS,CAMPINAS,CAMPINAS,ESTADUAL
4658,2023-11-08,20:14:14,L01-AUTOBAN,SP330,103.0,NORTE,-22.86219711,-47.13924408,ENGAVETAMENTO,ENGAVETAMENTO,NÃO INFORMADO,AUTOMÓVEL=3|CAMINHÃO=1|NÃO INFORMADO=3,CAMPINAS,CAMPINAS,CAMPINAS,ESTADUAL
4660,2023-11-09,00:22:19,L01-AUTOBAN,SP330,138.8,SUL,-22.61903403,-47.34786739,COLISÃO,COLISÃO-TRASEIRA,NÃO INFORMADO,CAMINHÃO=2,LIMEIRA,CAMPINAS,RIO CLARO,ESTADUAL
4666,2023-11-09,15:15:20,L01-AUTOBAN,SP330,60.0,NORTE,-23.18100029,-46.91146016,COLISÃO,COLISÃO-TRANSVERSAL,NÃO INFORMADO,AUTOMÓVEL=1|CARRETA=1,JUNDIAÍ,CAMPINAS,CAMPINAS,ESTADUAL
4669,2023-11-09,17:00:58,L01-AUTOBAN,SP330,88.0,NORTE,-22.96590114,-47.05342948,TOMBAMENTO,TOMBAMENTO-MOTO,NÃO INFORMADO,MOTO=1,CAMPINAS,CAMPINAS,CAMPINAS,ESTADUAL
4671,2023-11-09,17:31:02,L01-AUTOBAN,SP330,97.4,NORTE,-22.90079638,-47.10897804,ENGAVETAMENTO,ENGAVETAMENTO,NÃO INFORMADO,AUTOMÓVEL=1|MOTO=2,CAMPINAS,CAMPINAS,CAMPINAS,ESTADUAL
4672,2023-11-09,17:49:35,L01-AUTOBAN,SP330,97.5,NORTE,-22.89997608,-47.10927308,COLISÃO,COLISÃO-LATERAL,NÃO INFORMADO,AUTOMÓVEL=1|MOTO=1,CAMPINAS,CAMPINAS,CAMPINAS,ESTADUAL
4676,2023-11-10,06:35:01,L01-AUTOBAN,SP330,106.9,SUL,-22.84055886,-47.17019464,ENGAVETAMENTO,ENGAVETAMENTO,NÃO INFORMADO,AUTOMÓVEL=1|NÃO INFORMADO=3,SUMARÉ,CAMPINAS,CAMPINAS,ESTADUAL
4677,2023-11-10,08:15:21,L01-AUTOBAN,SP330,111.2,SUL,-22.81726375,-47.20325658,COLISÃO,COLISÃO-TRASEIRA,NÃO INFORMADO,AUTOMÓVEL=1|NÃO INFORMADO=1,SUMARÉ,CAMPINAS,CAMPINAS,ESTADUAL
4682,2023-11-10,11:28:16,L01-AUTOBAN,SP330,45.4,NORTE,-23.29323048,-46.86485839,TOMBAMENTO,TOMBAMENTO-MOTO,NÃO INFORMADO,MOTO=1,CAJAMAR,REG. METROPOLITANA SÃO PAULO,SÃO PAULO,ESTADUAL
4688,2023-11-10,15:48:25,L01-AUTOBAN,SP330,36.0,SUL,-23.36049321,-46.84859991,COLISÃO,COLISÃO-LATERAL,NÃO INFORMADO,AUTOMÓVEL=1|MOTO=1,CAJAMAR,REG. METROPOLITANA SÃO PAULO,SÃO PAULO,ESTADUAL
4694,2023-11-11,06:54:03,L01-AUTOBAN,SP330,138.9,SUL,-22.61839185,-47.34846761,CHOQUE,CHOQUE-DEFENSA METÁLICA,NÃO INFORMADO,UTILITÁRIO=1,LIMEIRA,CAMPINAS,RIO CLARO,ESTADUAL
4697,2023-11-11,11:09:25,L01-AUTOBAN,SP330,134.2,NORTE,-22.65348733,-47.32351612,COLISÃO,COLISÃO-TRASEIRA,NÃO INFORMADO,AUTOMÓVEL=1|CARRETA=1,LIMEIRA,CAMPINAS,RIO CLARO,ESTADUAL
4698,2023-11-11,12:09:38,L01-AUTOBAN,SPM330D,57.6,NORTE,-23.20051404,-46.90185463,TOMBAMENTO,TOMBAMENTO-MOTO,NÃO INFORMADO,MOTO=1,JUNDIAÍ,CAMPINAS,CAMPINAS,ESTADUAL
4699,2023-11-11,13:57:56,L01-AUTOBAN,SP330,121.8,SUL,-22.74496786,-47.26721015,ENGAVETAMENTO,ENGAVETAMENTO,NÃO INFORMADO,AUTOMÓVEL=2|UTILITÁRIO=2,AMERICANA,CAMPINAS,RIO CLARO,ESTADUAL
4700,2023-11-11,15:36:49,L01-AUTOBAN,SPM330D,110.9,NORTE,-22.8182042,-47.20080884,COLISÃO,COLISÃO-LATERAL,NÃO INFORMADO,AUTOMÓVEL=1|MOTO=1,SUMARÉ,CAMPINAS,CAMPINAS,ESTADUAL
4704,2023-11-12,05:33:37,L01-AUTOBAN,SP330,70.2,NORTE,-23.10421231,-46.96367524,COLISÃO,COLISÃO-TRASEIRA,NÃO INFORMADO,AUTOMÓVEL=2,LOUVEIRA,CAMPINAS,CAMPINAS,ESTADUAL
4706,2023-11-12,16:00:08,L01-AUTOBAN,SP330,82.6,NORTE,-23.00850503,-47.02583062,COLISÃO,COLISÃO-LATERAL,NÃO INFORMADO,AUTOMÓVEL=1|CARRETA=1,VALINHOS,CAMPINAS,CAMPINAS,ESTADUAL
4707,2023-11-12,17:12:51,L01-AUTOBAN,SP330,82.3,SUL,-23.01111748,-47.02471538,COLISÃO,COLISÃO-TRASEIRA,NÃO INFORMADO,AUTOMÓVEL=1|NÃO INFORMADO=1,VALINHOS,CAMPINAS,CAMPINAS,ESTADUAL
4708,2023-11-12,18:56:42,L01-AUTOBAN,SP330,137.0,SUL,-22.6309357,-47.33670831,COLISÃO,COLISÃO-TRASEIRA,NÃO INFORMADO,AUTOMÓVEL=1|UTILITÁRIO=1,LIMEIRA,CAMPINAS,RIO CLARO,ESTADUAL
4709,2023-11-12,22:11:51,L01-AUTOBAN,SPM330E,103.8,SUL,-22.85816584,-47.14689069,CHOQUE,CHOQUE-VEÍCULO PARADO NA PISTA,NÃO INFORMADO,AUTOMÓVEL=2,CAMPINAS,CAMPINAS,CAMPINAS,ESTADUAL
4710,2023-11-13,02:52:30,L01-AUTOBAN,SP330,140.0,SUL,-22.61089109,-47.35671222,CHOQUE,CHOQUE-SINALIZAÇÃO,NÃO INFORMADO,AUTOMÓVEL=1,LIMEIRA,CAMPINAS,RIO CLARO,ESTADUAL
4711,2023-11-13,06:43:57,L01-AUTOBAN,SP330,46.1,NORTE,-23.28760359,-46.86662971,TOMBAMENTO,TOMBAMENTO,NÃO INFORMADO,MOTO=1,CAJAMAR,REG. METROPOLITANA SÃO PAULO,SÃO PAULO,ESTADUAL
4713,2023-11-13,07:41:41,L01-AUTOBAN,SP330,23.0,SUL,-23.44426027,-46.78705394,COLISÃO,COLISÃO-LATERAL,NÃO INFORMADO,AUTOMÓVEL=1|CARRETA=1,SÃO PAULO,REG. METROPOLITANA SÃO PAULO,SÃO PAULO,ESTADUAL
4714,2023-11-13,07:50:18,L01-AUTOBAN,SP330,96.2,NORTE,-22.90997564,-47.10268233,COLISÃO,COLISÃO-LATERAL,NÃO INFORMADO,AUTOMÓVEL=1|MOTO=1,CAMPINAS,CAMPINAS,CAMPINAS,ESTADUAL
4718,2023-11-13,10:55:17,L01-AUTOBAN,SPM330E,112.85,SUL,-22.80826421,-47.21535872,CHOQUE,CHOQUE-SINALIZAÇÃO,NÃO INFORMADO,AUTOMÓVEL=1,SUMARÉ,CAMPINAS,CAMPINAS,ESTADUAL
4719,2023-11-13,11:05:41,L01-AUTOBAN,SPM330E,14.0,SUL,-23.50718726,-46.75003409,COLISÃO,COLISÃO-LATERAL,NÃO INFORMADO,AUTOMÓVEL=1|UTILITÁRIO=1,SÃO PAULO,REG. METROPOLITANA SÃO PAULO,SÃO PAULO,ESTADUAL
4723,2023-11-13,15:53:49,L01-AUTOBAN,SP330,81.0,SUL,-23.02168304,-47.01794386,TOMBAMENTO,TOMBAMENTO-MOTO,NÃO INFORMADO,MOTO=1,VALINHOS,CAMPINAS,CAMPINAS,ESTADUAL
4727,2023-11-13,22:47:36,L01-AUTOBAN,SP330,55.9,NORTE,-23.21143049,-46.89095415,COLISÃO,COLISÃO-TRASEIRA,NÃO INFORMADO,AUTOMÓVEL=1|UTILITÁRIO=1,JUNDIAÍ,CAMPINAS,CAMPINAS,ESTADUAL
4729,2023-11-14,00:01:08,L01-AUTOBAN,SP330,130.5,SUL,-22.68363287,-47.31103688,COLISÃO,COLISÃO-TRASEIRA,NÃO INFORMADO,CAMINHÃO=1|CARRETA=1,LIMEIRA,CAMPINAS,RIO CLARO,ESTADUAL
4732,2023-11-14,07:04:58,L01-AUTOBAN,SP330,25.0,SUL,-23.42658,-46.787612,COLISÃO,COLISÃO-TRASEIRA,NÃO INFORMADO,AUTOMÓVEL=1|MOTO=1,SÃO PAULO,REG. METROPOLITANA SÃO PAULO,SÃO PAULO,ESTADUAL
4733,2023-11-14,07:35:37,L01-AUTOBAN,SP330,97.4,NORTE,-22.90079638,-47.10897804,COLISÃO,COLISÃO-LATERAL,NÃO INFORMADO,AUTOMÓVEL=1|MOTO=2|NÃO INFORMADO=1,CAMPINAS,CAMPINAS,CAMPINAS,ESTADUAL
4735,2023-11-14,13:41:40,L01-AUTOBAN,SP330,105.68,SUL,-22.84847799,-47.16188536,COLISÃO,COLISÃO-LATERAL,NÃO INFORMADO,AUTOMÓVEL=1|UTILITÁRIO=1,SUMARÉ,CAMPINAS,CAMPINAS,ESTADUAL
4736,2023-11-14,14:03:18,L01-AUTOBAN,SPM330E,111.0,SUL,-22.81811818,-47.20174491,COLISÃO,COLISÃO-LATERAL,NÃO INFORMADO,AUTOMÓVEL=1|NÃO INFORMADO=1,SUMARÉ,CAMPINAS,CAMPINAS,ESTADUAL
4738,2023-11-14,16:09:48,L01-AUTOBAN,SP330,149.8,NORTE,-22.53124778,-47.38565302,ENGAVETAMENTO,ENGAVETAMENTO,NÃO INFORMADO,AUTOMÓVEL=3,LIMEIRA,CAMPINAS,RIO CLARO,ESTADUAL
4740,2023-11-14,17:19:24,L01-AUTOBAN,SP330,106.9,NORTE,-22.84015791,-47.17015231,COLISÃO,COLISÃO-TRASEIRA,NÃO INFORMADO,AUTOMÓVEL=1|MOTO=1,SUMARÉ,CAMPINAS,CAMPINAS,ESTADUAL
4741,2023-11-14,19:27:13,L01-AUTOBAN,SP330,108.0,NORTE,-22.83258532,-47.17717052,COLISÃO,COLISÃO-TRASEIRA,NÃO INFORMADO,AUTOMÓVEL=1|NÃO INFORMADO=1,SUMARÉ,CAMPINAS,CAMPINAS,ESTADUAL
4743,2023-11-14,21:11:03,L01-AUTOBAN,SP330,92.0,NORTE,-22.93511642,-47.07138956,TOMBAMENTO,TOMBAMENTO-MOTO,NÃO INFORMADO,MOTO=1,CAMPINAS,CAMPINAS,CAMPINAS,ESTADUAL
4745,2023-11-14,21:23:30,L01-AUTOBAN,SPM330E,99.0,SUL,-22.88797241,-47.11348951,COLISÃO,COLISÃO-LATERAL,NÃO INFORMADO,CARRETA=1|UTILITÁRIO=1,CAMPINAS,CAMPINAS,CAMPINAS,ESTADUAL
4746,2023-11-14,23:28:20,L01-AUTOBAN,SP330,148.6,SUL,-22.54092999,-47.37929716,TOMBAMENTO,TOMBAMENTO,NÃO INFORMADO,UTILITÁRIO=1,LIMEIRA,CAMPINAS,RIO CLARO,ESTADUAL
4747,2023-11-15,04:37:56,L01-AUTOBAN,SP330,103.0,NORTE,-22.86219711,-47.13924408,CHOQUE,CHOQUE-VEÍCULO PARADO NO ACOSTAMENTO,NÃO INFORMADO,MOTO=1|VAN/PERUA=1,CAMPINAS,CAMPINAS,CAMPINAS,ESTADUAL
4750,2023-11-15,06:13:01,L01-AUTOBAN,SP330,73.2,NORTE,-23.08097802,-46.97898438,TOMBAMENTO,TOMBAMENTO,NÃO INFORMADO,UTILITÁRIO=1,LOUVEIRA,CAMPINAS,CAMPINAS,ESTADUAL
4751,2023-11-15,07:44:32,L01-AUTOBAN,SPM330D,16.0,NORTE,-23.49409163,-46.75879955,COLISÃO,COLISÃO-TRASEIRA,NÃO INFORMADO,BICICLETA=2,OSASCO,REG. METROPOLITANA SÃO PAULO,SÃO PAULO,ESTADUAL
4752,2023-11-15,08:52:26,L01-AUTOBAN,SP330,30.0,NORTE,-23.40510337,-46.82884812,COLISÃO,COLISÃO-TRASEIRA,NÃO INFORMADO,AUTOMÓVEL=1|MOTO=1,CAJAMAR,REG. METROPOLITANA SÃO PAULO,SÃO PAULO,ESTADUAL
4753,2023-11-15,09:08:21,L01-AUTOBAN,SPM330E,98.0,SUL,-22.89624517,-47.11095214,COLISÃO,COLISÃO-LATERAL,NÃO INFORMADO,AUTOMÓVEL=1|CARRETA=1,CAMPINAS,CAMPINAS,CAMPINAS,ESTADUAL
4755,2023-11-15,18:58:49,L01-AUTOBAN,SPM330D,88.0,NORTE,-22.96590114,-47.05342948,COLISÃO,COLISÃO-LATERAL,NÃO INFORMADO,AUTOMÓVEL=2,CAMPINAS,CAMPINAS,CAMPINAS,ESTADUAL
4756,2023-11-15,19:19:34,L01-AUTOBAN,SP330,12.0,NORTE,-23.50917461,-46.73062027,CHOQUE,CHOQUE-OBJETO NA PISTA,NÃO INFORMADO,MOTO=1,SÃO PAULO,REG. METROPOLITANA SÃO PAULO,SÃO PAULO,ESTADUAL
4757,2023-11-15,19:25:01,L01-AUTOBAN,SPM330E,13.8,SUL,-23.50738009,-46.74803639,COLISÃO,COLISÃO-TRASEIRA,NÃO INFORMADO,AUTOMÓVEL=1|UTILITÁRIO=1,SÃO PAULO,REG. METROPOLITANA SÃO PAULO,SÃO PAULO,ESTADUAL
4758,2023-11-15,19:30:50,L01-AUTOBAN,SPM330D,60.5,NORTE,-23.17814745,-46.91489607,TOMBAMENTO,TOMBAMENTO-MOTO,NÃO INFORMADO,MOTO=1,JUNDIAÍ,CAMPINAS,CAMPINAS,ESTADUAL
4759,2023-11-15,19:47:31,L01-AUTOBAN,SP330,113.8,SUL,-22.80211251,-47.22089912,COLISÃO,COLISÃO-TRASEIRA,NÃO INFORMADO,AUTOMÓVEL=1|UTILITÁRIO=1,SUMARÉ,CAMPINAS,CAMPINAS,ESTADUAL
4760,2023-11-15,20:01:22,L01-AUTOBAN,SP330,63.7,SUL,-23.15580717,-46.9345336,COLISÃO,COLISÃO-LATERAL,NÃO INFORMADO,UTILITÁRIO=1|ÔNIBUS=1,JUNDIAÍ,CAMPINAS,CAMPINAS,ESTADUAL
4762,2023-11-15,22:44:18,L01-AUTOBAN,SP330,36.8,SUL,-23.35311065,-46.84720958,TOMBAMENTO,TOMBAMENTO-MOTO,NÃO INFORMADO,MOTO=1,CAJAMAR,REG. METROPOLITANA SÃO PAULO,SÃO PAULO,ESTADUAL
4766,2023-11-16,05:15:34,L01-AUTOBAN,SP330,158.11,NORTE,-22.45940654,-47.39875875,COLISÃO,COLISÃO-TRASEIRA,NÃO INFORMADO,CARRETA=1|UTILITÁRIO=1,CORDEIRÓPOLIS,CAMPINAS,RIO CLARO,ESTADUAL
4767,2023-11-16,06:32:05,L01-AUTOBAN,SP330,82.4,NORTE,-23.01003073,-47.02480925,COLISÃO,COLISÃO-LATERAL,NÃO INFORMADO,AUTOMÓVEL=1|MOTO=1,VALINHOS,CAMPINAS,CAMPINAS,ESTADUAL
4768,2023-11-16,08:18:14,L01-AUTOBAN,SP330,97.9,SUL,-22.89705854,-47.11064154,COLISÃO,COLISÃO-TRASEIRA,NÃO INFORMADO,AUTOMÓVEL=2,CAMPINAS,CAMPINAS,CAMPINAS,ESTADUAL
4769,2023-11-16,08:22:04,L01-AUTOBAN,SP330,106.5,SUL,-22.84332338,-47.16756821,COLISÃO,COLISÃO-LATERAL,NÃO INFORMADO,AUTOMÓVEL=1|MOTO=1,SUMARÉ,CAMPINAS,CAMPINAS,ESTADUAL
4770,2023-11-16,10:56:30,L01-AUTOBAN,SP330,30.0,NORTE,-23.40510337,-46.82884812,COLISÃO,COLISÃO-LATERAL,NÃO INFORMADO,CARRETA=1|UTILITÁRIO=1,CAJAMAR,REG. METROPOLITANA SÃO PAULO,SÃO PAULO,ESTADUAL
4772,2023-11-16,13:07:00,L01-AUTOBAN,SP330,62.7,NORTE,-23.16304154,-46.93024035,CHOQUE,CHOQUE-VEÍCULO PARADO NO ACOSTAMENTO,NÃO INFORMADO,AUTOMÓVEL=1|BITREM/CVC=1,JUNDIAÍ,CAMPINAS,CAMPINAS,ESTADUAL
4773,2023-11-16,15:08:47,L01-AUTOBAN,SP330,20.1,NORTE,-23.46812132,-46.77912641,COLISÃO,COLISÃO-TRASEIRA,NÃO INFORMADO,AUTOMÓVEL=1|CARRETA=1,OSASCO,REG. METROPOLITANA SÃO PAULO,SÃO PAULO,ESTADUAL
4774,2023-11-16,15:58:46,L01-AUTOBAN,SP330,157.3,SUL,-22.46684876,-47.39924638,COLISÃO,COLISÃO-LATERAL,NÃO INFORMADO,AUTOMÓVEL=1|UTILITÁRIO=1,CORDEIRÓPOLIS,CAMPINAS,RIO CLARO,ESTADUAL
4775,2023-11-16,16:43:38,L01-AUTOBAN,SP330,157.0,SUL,-22.46957013,-47.39929497,COLISÃO,COLISÃO-LATERAL,NÃO INFORMADO,AUTOMÓVEL=1|MOTO=1,CORDEIRÓPOLIS,CAMPINAS,RIO CLARO,ESTADUAL
4779,2023-11-16,20:29:14,L01-AUTOBAN,SP330,20.2,NORTE,-23.46647482,-46.7796328,TOMBAMENTO,TOMBAMENTO-MOTO,NÃO INFORMADO,MOTO=1,OSASCO,REG. METROPOLITANA SÃO PAULO,SÃO PAULO,ESTADUAL
4782,2023-11-17,07:50:16,L01-AUTOBAN,SP330,60.0,SUL,-23.18116795,-46.91158891,COLISÃO,COLISÃO-TRASEIRA,NÃO INFORMADO,MOTO=1|VAN/PERUA=1,JUNDIAÍ,CAMPINAS,CAMPINAS,ESTADUAL
4783,2023-11-17,08:03:00,L01-AUTOBAN,SP330,103.0,NORTE,-22.86219711,-47.13924408,ENGAVETAMENTO,ENGAVETAMENTO,NÃO INFORMADO,AUTOMÓVEL=1|CARRETA=1|UTILITÁRIO=1,CAMPINAS,CAMPINAS,CAMPINAS,ESTADUAL
4787,2023-11-17,11:37:06,L01-AUTOBAN,SP330,127.15,SUL,-22.71029955,-47.29877035,COLISÃO,COLISÃO-TRASEIRA,NÃO INFORMADO,AUTOMÓVEL=1|NÃO INFORMADO=1,AMERICANA,CAMPINAS,RIO CLARO,ESTADUAL
4790,2023-11-17,14:55:58,L01-AUTOBAN,SP330,134.0,NORTE,-22.65522004,-47.3228091,COLISÃO,COLISÃO-LATERAL,NÃO INFORMADO,AUTOMÓVEL=1|BITREM/CVC=1,LIMEIRA,CAMPINAS,RIO CLARO,ESTADUAL
4792,2023-11-17,19:59:19,L01-AUTOBAN,SP330,66.0,NORTE,-23.13718321,-46.94398463,COLISÃO,COLISÃO-TRASEIRA,NÃO INFORMADO,AUTOMÓVEL=1|CAMINHÃO=1,JUNDIAÍ,CAMPINAS,CAMPINAS,ESTADUAL
4794,2023-11-17,21:18:28,L01-AUTOBAN,SP330,103.8,NORTE,-22.85788341,-47.14675524,CHOQUE,CHOQUE-BARREIRA DE CONCRETO,NÃO INFORMADO,AUTOMÓVEL=1,CAMPINAS,CAMPINAS,CAMPINAS,ESTADUAL
4795,2023-11-17,21:56:04,L01-AUTOBAN,SP330,58.8,NORTE,-23.19052428,-46.90599596,CHOQUE,CHOQUE-BARREIRA DE CONCRETO,NÃO INFORMADO,CARRETA=1,JUNDIAÍ,CAMPINAS,CAMPINAS,ESTADUAL
4796,2023-11-18,08:59:04,L01-AUTOBAN,SPM330D,106.78,NORTE,-22.84100447,-47.16933931,COLISÃO,COLISÃO-LATERAL,NÃO INFORMADO,AUTOMÓVEL=1|NÃO INFORMADO=1,SUMARÉ,CAMPINAS,CAMPINAS,ESTADUAL
4800,2023-11-18,20:33:03,L01-AUTOBAN,SPM330E,112.0,SUL,-22.81384598,-47.20930338,COLISÃO,COLISÃO-TRASEIRA,NÃO INFORMADO,AUTOMÓVEL=1|BICICLETA=1,SUMARÉ,CAMPINAS,CAMPINAS,ESTADUAL
4803,2023-11-19,00:45:37,L01-AUTOBAN,SP330,71.0,NORTE,-23.09752144,-46.96808696,CHOQUE,CHOQUE-DEFENSA METÁLICA,NÃO INFORMADO,AUTOMÓVEL=1,LOUVEIRA,CAMPINAS,CAMPINAS,ESTADUAL
4804,2023-11-19,01:32:28,L01-AUTOBAN,SP330,75.8,NORTE,-23.06172577,-46.99334482,TOMBAMENTO,TOMBAMENTO-MOTO,NÃO INFORMADO,MOTO=1,VINHEDO,CAMPINAS,CAMPINAS,ESTADUAL
4805,2023-11-19,01:51:34,L01-AUTOBAN,SP330,12.8,NORTE,-23.50816212,-46.73855525,CHOQUE,CHOQUE-SINALIZAÇÃO,NÃO INFORMADO,AUTOMÓVEL=1,SÃO PAULO,REG. METROPOLITANA SÃO PAULO,SÃO PAULO,ESTADUAL
4807,2023-11-19,04:14:31,L01-AUTOBAN,SP330,32.5,SUL,-23.388783,-46.837081,CHOQUE,CHOQUE-TALUDE OU BARRANCO,NÃO INFORMADO,CAMINHÃO=1,CAJAMAR,REG. METROPOLITANA SÃO PAULO,SÃO PAULO,ESTADUAL
4812,2023-11-19,13:19:37,L01-AUTOBAN,SP330,31.5,NORTE,-23.39708544,-46.83606601,CHOQUE,CHOQUE-BARREIRA DE CONCRETO,NÃO INFORMADO,AUTOMÓVEL=1,CAJAMAR,REG. METROPOLITANA SÃO PAULO,SÃO PAULO,ESTADUAL
4813,2023-11-19,13:30:19,L01-AUTOBAN,SPI102/330,4.5,SUL,-22.90311644,-47.13719219,TOMBAMENTO,TOMBAMENTO-MOTO,NÃO INFORMADO,MOTO=1,CAMPINAS,CAMPINAS,CAMPINAS,ESTADUAL
4814,2023-11-19,14:00:10,L01-AUTOBAN,SPM330D,94.0,NORTE,-22.92459308,-47.08717167,CHOQUE,CHOQUE-MEIO FIO/CALÇAMENTO,NÃO INFORMADO,AUTOMÓVEL=1,CAMPINAS,CAMPINAS,CAMPINAS,ESTADUAL
4816,2023-11-19,14:27:20,L01-AUTOBAN,SPM330E,17.0,SUL,-23.48999344,-46.76707149,CHOQUE,CHOQUE-BARREIRA DE CONCRETO,NÃO INFORMADO,AUTOMÓVEL=1,SÃO PAULO,REG. METROPOLITANA SÃO PAULO,SÃO PAULO,ESTADUAL
4817,2023-11-19,15:42:31,L01-AUTOBAN,SP330,92.0,NORTE,-22.93511642,-47.07138956,CHOQUE,CHOQUE-BARREIRA DE CONCRETO,NÃO INFORMADO,AUTOMÓVEL=1,CAMPINAS,CAMPINAS,CAMPINAS,ESTADUAL
4818,2023-11-19,15:44:08,L01-AUTOBAN,SPM330E,92.0,SUL,-22.9351263,-47.07110524,ENGAVETAMENTO,ENGAVETAMENTO,NÃO INFORMADO,AUTOMÓVEL=3,CAMPINAS,CAMPINAS,CAMPINAS,ESTADUAL
4819,2023-11-19,16:52:53,L01-AUTOBAN,SP330,20.0,SUL,-23.4689052,-46.77906632,CHOQUE,CHOQUE-BARREIRA DE CONCRETO,NÃO INFORMADO,AUTOMÓVEL=1,OSASCO,REG. METROPOLITANA SÃO PAULO,SÃO PAULO,ESTADUAL
4820,2023-11-19,17:09:07,L01-AUTOBAN,SP330,19.9,NORTE,-23.46942137,-46.77824825,CHOQUE,CHOQUE-TALUDE OU BARRANCO,NÃO INFORMADO,UTILITÁRIO=1,OSASCO,REG. METROPOLITANA SÃO PAULO,SÃO PAULO,ESTADUAL
4821,2023-11-19,17:16:10,L01-AUTOBAN,SP330,95.0,SUL,-22.91990919,-47.09415078,CHOQUE,CHOQUE-BARREIRA DE CONCRETO,NÃO INFORMADO,AUTOMÓVEL=1,CAMPINAS,CAMPINAS,CAMPINAS,ESTADUAL
4826,2023-11-19,19:02:43,L01-AUTOBAN,SPM330E,99.0,SUL,-22.88797241,-47.11348951,TOMBAMENTO,TOMBAMENTO-MOTO,NÃO INFORMADO,MOTO=1,CAMPINAS,CAMPINAS,CAMPINAS,ESTADUAL
4828,2023-11-19,19:30:16,L01-AUTOBAN,SP330,85.75,NORTE,-22.984432,-47.04240802,ENGAVETAMENTO,ENGAVETAMENTO,NÃO INFORMADO,AUTOMÓVEL=3|MOTO=1,VALINHOS,CAMPINAS,CAMPINAS,ESTADUAL
4829,2023-11-19,23:01:54,L01-AUTOBAN,SP330,23.72,NORTE,-23.4372891,-46.78645356,CHOQUE,CHOQUE-TALUDE OU BARRANCO,NÃO INFORMADO,AUTOMÓVEL=1,SÃO PAULO,REG. METROPOLITANA SÃO PAULO,SÃO PAULO,ESTADUAL
4830,2023-11-20,06:07:22,L01-AUTOBAN,SP330,19.9,NORTE,-23.46942137,-46.77824825,CAPOTAMENTO,CAPOTAMENTO,NÃO INFORMADO,AUTOMÓVEL=1,OSASCO,REG. METROPOLITANA SÃO PAULO,SÃO PAULO,ESTADUAL
4831,2023-11-20,06:31:19,L01-AUTOBAN,SPM330E,57.0,SUL,-23.20600964,-46.89924002,CHOQUE,"CHOQUE-CERCAS, ALAMBRADOS, MOURÃO",NÃO INFORMADO,AUTOMÓVEL=1,JUNDIAÍ,CAMPINAS,CAMPINAS,ESTADUAL
4832,2023-11-20,09:18:19,L01-AUTOBAN,SP330,76.4,NORTE,-23.05720479,-46.99665401,COLISÃO,COLISÃO-LATERAL,NÃO INFORMADO,BICICLETA=1|CAMINHÃO=1,VINHEDO,CAMPINAS,CAMPINAS,ESTADUAL
4833,2023-11-20,17:11:12,L01-AUTOBAN,SPM330D,15.1,NORTE,-23.4992764,-46.75495166,COLISÃO,COLISÃO-FRONTAL,NÃO INFORMADO,AUTOMÓVEL=2,SÃO PAULO,REG. METROPOLITANA SÃO PAULO,SÃO PAULO,ESTADUAL
4835,2023-11-20,19:26:29,L01-AUTOBAN,SP330,61.0,SUL,-23.17530448,-46.91870213,COLISÃO,COLISÃO-LATERAL,NÃO INFORMADO,MOTO=1|NÃO INFORMADO=1,JUNDIAÍ,CAMPINAS,CAMPINAS,ESTADUAL
4836,2023-11-20,19:29:14,L01-AUTOBAN,SPM330D,16.8,NORTE,-23.49108072,-46.76516818,COLISÃO,COLISÃO-TRASEIRA,NÃO INFORMADO,MOTO=1|NÃO INFORMADO=1,SÃO PAULO,REG. METROPOLITANA SÃO PAULO,SÃO PAULO,ESTADUAL
4837,2023-11-21,05:36:31,L01-AUTOBAN,SP330,73.7,NORTE,-23.07723302,-46.98170288,COLISÃO,COLISÃO-TRASEIRA,NÃO INFORMADO,CARRETA=2,VINHEDO,CAMPINAS,CAMPINAS,ESTADUAL
4842,2023-11-21,06:55:35,L01-AUTOBAN,SPM330D,101.36,NORTE,-22.87149058,-47.12740138,COLISÃO,COLISÃO-TRASEIRA,NÃO INFORMADO,MOTO=1|NÃO INFORMADO=1,CAMPINAS,CAMPINAS,CAMPINAS,ESTADUAL
4844,2023-11-21,07:30:58,L01-AUTOBAN,SPM330D,106.1,NORTE,-22.84580156,-47.16473247,COLISÃO,COLISÃO-TRASEIRA,NÃO INFORMADO,MOTO=2,SUMARÉ,CAMPINAS,CAMPINAS,ESTADUAL
4848,2023-11-21,08:04:34,L01-AUTOBAN,SP330,113.6,SUL,-22.8034042,-47.21978115,ENGAVETAMENTO,ENGAVETAMENTO,NÃO INFORMADO,AUTOMÓVEL=5|CARRETA=1|UTILITÁRIO=1,SUMARÉ,CAMPINAS,CAMPINAS,ESTADUAL
4850,2023-11-21,09:06:32,L01-AUTOBAN,SP330,106.3,SUL,-22.84470562,-47.16625502,CAPOTAMENTO,CAPOTAMENTO,NÃO INFORMADO,AUTOMÓVEL=1|UTILITÁRIO=1,SUMARÉ,CAMPINAS,CAMPINAS,ESTADUAL
4851,2023-11-21,09:46:36,L01-AUTOBAN,SP330,71.0,SUL,-23.09783725,-46.96810305,COLISÃO,COLISÃO-LATERAL,NÃO INFORMADO,AUTOMÓVEL=1|CAMINHÃO=1,LOUVEIRA,CAMPINAS,CAMPINAS,ESTADUAL
4854,2023-11-21,10:27:25,L01-AUTOBAN,SP330,144.0,NORTE,-22.57825292,-47.36666858,CHOQUE,CHOQUE-BARREIRA DE CONCRETO,NÃO INFORMADO,AUTOMÓVEL=1,LIMEIRA,CAMPINAS,RIO CLARO,ESTADUAL
4855,2023-11-21,11:24:32,L01-AUTOBAN,SP330,70.1,SUL,-23.10515128,-46.96329921,COLISÃO,COLISÃO-TRASEIRA,NÃO INFORMADO,CAMINHÃO=1|CARRETA=1,LOUVEIRA,CAMPINAS,CAMPINAS,ESTADUAL
4856,2023-11-21,12:17:49,L01-AUTOBAN,SP330,12.2,SUL,-23.50921789,-46.73233366,COLISÃO,COLISÃO-TRASEIRA,NÃO INFORMADO,CAMINHÃO=1|NÃO INFORMADO=1,SÃO PAULO,REG. METROPOLITANA SÃO PAULO,SÃO PAULO,ESTADUAL
4857,2023-11-21,12:20:33,L01-AUTOBAN,SPM330E,108.35,SUL,-22.8310293,-47.17978746,TOMBAMENTO,TOMBAMENTO-MOTO,NÃO INFORMADO,MOTO=1,SUMARÉ,CAMPINAS,CAMPINAS,ESTADUAL
4859,2023-11-21,14:43:51,L01-AUTOBAN,SP330,138.0,NORTE,-22.62389467,-47.3428452,COLISÃO,COLISÃO-TRASEIRA,NÃO INFORMADO,AUTOMÓVEL=1|UTILITÁRIO=1,LIMEIRA,CAMPINAS,RIO CLARO,ESTADUAL
4861,2023-11-21,16:09:42,L01-AUTOBAN,SP330,23.5,SUL,-23.43954278,-46.78673744,COLISÃO,COLISÃO-LATERAL,NÃO INFORMADO,AUTOMÓVEL=1|CARRETA=1,SÃO PAULO,REG. METROPOLITANA SÃO PAULO,SÃO PAULO,ESTADUAL
4862,2023-11-21,17:52:50,L01-AUTOBAN,SP330,62.42,SUL,-23.16548154,-46.9288429,COLISÃO,COLISÃO-LATERAL,NÃO INFORMADO,AUTOMÓVEL=1|MOTO=1,JUNDIAÍ,CAMPINAS,CAMPINAS,ESTADUAL
4864,2023-11-21,19:53:28,L01-AUTOBAN,SPM330D,101.8,NORTE,-22.86865247,-47.13064923,COLISÃO,COLISÃO-TRASEIRA,NÃO INFORMADO,AUTOMÓVEL=1|MOTO=1,CAMPINAS,CAMPINAS,CAMPINAS,ESTADUAL
4866,2023-11-22,06:03:05,L01-AUTOBAN,SP330,92.2,NORTE,-22.93403646,-47.07290444,TOMBAMENTO,TOMBAMENTO-MOTO,NÃO INFORMADO,MOTO=1,CAMPINAS,CAMPINAS,CAMPINAS,ESTADUAL
4868,2023-11-22,07:47:31,L01-AUTOBAN,SP330,102.3,NORTE,-22.86581283,-47.13426109,COLISÃO,COLISÃO-TRASEIRA,NÃO INFORMADO,AUTOMÓVEL=1|MOTO=1,CAMPINAS,CAMPINAS,CAMPINAS,ESTADUAL
4871,2023-11-22,17:43:11,L01-AUTOBAN,SP330,32.8,NORTE,-23.38630273,-46.8377402,ENGAVETAMENTO,ENGAVETAMENTO,NÃO INFORMADO,AUTOMÓVEL=3,CAJAMAR,REG. METROPOLITANA SÃO PAULO,SÃO PAULO,ESTADUAL
4874,2023-11-22,20:07:53,L01-AUTOBAN,SPM330D,108.4,NORTE,-22.83050085,-47.17985273,TOMBAMENTO,TOMBAMENTO-MOTO,NÃO INFORMADO,MOTO=1,SUMARÉ,CAMPINAS,CAMPINAS,ESTADUAL
4876,2023-11-22,22:11:30,L01-AUTOBAN,SPM330E,108.6,SUL,-22.82967419,-47.18150728,CHOQUE,CHOQUE-DEFENSA METÁLICA,NÃO INFORMADO,AUTOMÓVEL=1,SUMARÉ,CAMPINAS,CAMPINAS,ESTADUAL
4878,2023-11-23,07:34:35,L01-AUTOBAN,SP330,19.2,SUL,-23.47275111,-46.7739122,CHOQUE,CHOQUE-BARREIRA DE CONCRETO,NÃO INFORMADO,AUTOMÓVEL=1,OSASCO,REG. METROPOLITANA SÃO PAULO,SÃO PAULO,ESTADUAL
4879,2023-11-23,08:38:20,L01-AUTOBAN,SP330,63.7,NORTE,-23.15544906,-46.93446558,COLISÃO,COLISÃO-LATERAL,NÃO INFORMADO,AUTOMÓVEL=2,JUNDIAÍ,CAMPINAS,CAMPINAS,ESTADUAL
4880,2023-11-23,09:14:42,L01-AUTOBAN,SP330,12.0,SUL,-23.50948451,-46.73040569,COLISÃO,COLISÃO-LATERAL,NÃO INFORMADO,AUTOMÓVEL=1|MOTO=1,SÃO PAULO,REG. METROPOLITANA SÃO PAULO,SÃO PAULO,ESTADUAL
4885,2023-11-23,13:58:56,L01-AUTOBAN,SP330,63.1,NORTE,-23.15990874,-46.93220736,COLISÃO,COLISÃO-LATERAL,NÃO INFORMADO,AUTOMÓVEL=1|CARRETA=1,JUNDIAÍ,CAMPINAS,CAMPINAS,ESTADUAL
4886,2023-11-23,15:25:52,L01-AUTOBAN,SP330,20.0,NORTE,-23.46894457,-46.77887321,CHOQUE,CHOQUE-VEÍCULO PARADO NA PISTA,NÃO INFORMADO,AUTOMÓVEL=1|CAMINHÃO=1,OSASCO,REG. METROPOLITANA SÃO PAULO,SÃO PAULO,ESTADUAL
4887,2023-11-23,16:35:53,L01-AUTOBAN,SP330,45.8,SUL,-23.28999036,-46.86573922,TOMBAMENTO,TOMBAMENTO-MOTO,NÃO INFORMADO,MOTO=1,CAJAMAR,REG. METROPOLITANA SÃO PAULO,SÃO PAULO,ESTADUAL
4888,2023-11-23,16:47:36,L01-AUTOBAN,SP330,109.5,SUL,-22.82524973,-47.18838051,COLISÃO,COLISÃO-TRASEIRA,NÃO INFORMADO,AUTOMÓVEL=1|UTILITÁRIO=1,SUMARÉ,CAMPINAS,CAMPINAS,ESTADUAL
4889,2023-11-23,18:15:04,L01-AUTOBAN,SP330,104.0,NORTE,-22.856805,-47.148633,ENGAVETAMENTO,ENGAVETAMENTO,NÃO INFORMADO,UTILITÁRIO=2,CAMPINAS,CAMPINAS,CAMPINAS,ESTADUAL
4890,2023-11-23,18:35:29,L01-AUTOBAN,SP330,60.2,NORTE,-23.17985915,-46.91283453,COLISÃO,COLISÃO-TRASEIRA,NÃO INFORMADO,CARRETA=1|UTILITÁRIO=1,JUNDIAÍ,CAMPINAS,CAMPINAS,ESTADUAL
4891,2023-11-23,22:34:11,L01-AUTOBAN,SPM330D,16.0,NORTE,-23.49409163,-46.75879955,ENGAVETAMENTO,ENGAVETAMENTO,NÃO INFORMADO,AUTOMÓVEL=1|CARRETA=1|NÃO INFORMADO=1,OSASCO,REG. METROPOLITANA SÃO PAULO,SÃO PAULO,ESTADUAL
4893,2023-11-24,01:58:32,L01-AUTOBAN,SP330,75.515,SUL,-23.06425115,-46.99169737,COLISÃO,COLISÃO-TRASEIRA,NÃO INFORMADO,AUTOMÓVEL=1|MOTO=1,VINHEDO,CAMPINAS,CAMPINAS,ESTADUAL
4894,2023-11-24,04:01:01,L01-AUTOBAN,SP330,58.0,NORTE,-23.19690287,-46.90370858,COLISÃO,COLISÃO-TRASEIRA,NÃO INFORMADO,AUTOMÓVEL=1|UTILITÁRIO=1,JUNDIAÍ,CAMPINAS,CAMPINAS,ESTADUAL
4895,2023-11-24,04:44:52,L01-AUTOBAN,SP330,128.0,SUL,-22.70416676,-47.30359912,CHOQUE,CHOQUE-DEFENSA METÁLICA,NÃO INFORMADO,AUTOMÓVEL=1,AMERICANA,CAMPINAS,RIO CLARO,ESTADUAL
4896,2023-11-24,07:29:44,L01-AUTOBAN,SP330,105.0,SUL,-22.8520883,-47.15678573,TOMBAMENTO,TOMBAMENTO-MOTO,NÃO INFORMADO,AUTOMÓVEL=1,CAMPINAS,CAMPINAS,CAMPINAS,ESTADUAL
4898,2023-11-24,08:34:27,L01-AUTOBAN,SP330,99.0,NORTE,-22.88773025,-47.11325347,CHOQUE,CHOQUE-BARREIRA DE CONCRETO,NÃO INFORMADO,AUTOMÓVEL=1,CAMPINAS,CAMPINAS,CAMPINAS,ESTADUAL
4899,2023-11-24,09:25:37,L01-AUTOBAN,SP330,21.0,SUL,-23.46099256,-46.78144813,COLISÃO,COLISÃO-TRASEIRA,NÃO INFORMADO,MOTO=1,SÃO PAULO,REG. METROPOLITANA SÃO PAULO,SÃO PAULO,ESTADUAL
4900,2023-11-24,11:28:42,L01-AUTOBAN,SP330,13.62,SUL,-23.50755364,-46.74623845,COLISÃO,COLISÃO-LATERAL,NÃO INFORMADO,CAMINHÃO=1|MOTO=1,SÃO PAULO,REG. METROPOLITANA SÃO PAULO,SÃO PAULO,ESTADUAL
4901,2023-11-24,12:06:46,L01-AUTOBAN,SP330,15.0,SUL,-23.49991644,-46.75469577,COLISÃO,COLISÃO-TRASEIRA,NÃO INFORMADO,AUTOMÓVEL=1|CAMINHÃO=1,SÃO PAULO,REG. METROPOLITANA SÃO PAULO,SÃO PAULO,ESTADUAL
4903,2023-11-24,16:50:36,L01-AUTOBAN,SP330,110.0,SUL,-22.82299347,-47.19250202,ENGAVETAMENTO,ENGAVETAMENTO,NÃO INFORMADO,VAN/PERUA=1,SUMARÉ,CAMPINAS,CAMPINAS,ESTADUAL
4904,2023-11-24,17:38:36,L01-AUTOBAN,SPM330D,108.0,NORTE,-22.83258532,-47.17717052,TOMBAMENTO,TOMBAMENTO-MOTO,NÃO INFORMADO,MOTO=1,SUMARÉ,CAMPINAS,CAMPINAS,ESTADUAL
4911,2023-11-25,00:35:25,L01-AUTOBAN,SP330,116.0,NORTE,-22.78318009,-47.23063767,ATROPELAMENTO DE PEDESTRE,ATROP. PEDESTRE-ANDARILHO,NÃO INFORMADO,AUTOMÓVEL=1|NÃO SE APLICA=1,NOVA ODESSA,CAMPINAS,RIO CLARO,ESTADUAL
4912,2023-11-25,01:52:55,L01-AUTOBAN,SP330,46.5,SUL,-23.285299,-46.86953455,ATROPELAMENTO DE ANIMAL,ATROP. ANIMAL,NÃO INFORMADO,AUTOMÓVEL=1,CAJAMAR,REG. METROPOLITANA SÃO PAULO,SÃO PAULO,ESTADUAL
4914,2023-11-25,05:19:45,L01-AUTOBAN,SP330,19.6,NORTE,-23.47085178,-46.77637339,COLISÃO,COLISÃO-FRONTAL,NÃO INFORMADO,AUTOMÓVEL=2,OSASCO,REG. METROPOLITANA SÃO PAULO,SÃO PAULO,ESTADUAL
4915,2023-11-25,07:51:19,L01-AUTOBAN,SP330,90.9,NORTE,-22.94367148,-47.06608207,CHOQUE,CHOQUE-VEÍCULO PARADO NA PISTA,NÃO INFORMADO,AUTOMÓVEL=2,CAMPINAS,CAMPINAS,CAMPINAS,ESTADUAL
4916,2023-11-25,13:19:24,L01-AUTOBAN,SP330,11.5,NORTE,-23.17322708,-46.93125077,COLISÃO,COLISÃO-LATERAL,NÃO INFORMADO,AUTOMÓVEL=1|MOTO=1,SÃO PAULO,REG. METROPOLITANA SÃO PAULO,SÃO PAULO,ESTADUAL
4919,2023-11-25,17:00:29,L01-AUTOBAN,SP330,19.5,NORTE,-23.47132858,-46.77574843,CHOQUE,CHOQUE-TALUDE OU BARRANCO,NÃO INFORMADO,AUTOMÓVEL=1,OSASCO,REG. METROPOLITANA SÃO PAULO,SÃO PAULO,ESTADUAL
4920,2023-11-25,18:19:34,L01-AUTOBAN,SP330,19.6,NORTE,-23.47085178,-46.77637339,CHOQUE,CHOQUE-TALUDE OU BARRANCO,NÃO INFORMADO,AUTOMÓVEL=1|CAMINHÃO=1,OSASCO,REG. METROPOLITANA SÃO PAULO,SÃO PAULO,ESTADUAL
4922,2023-11-25,21:01:28,L01-AUTOBAN,SP330,82.8,SUL,-23.00706122,-47.02710523,CHOQUE,CHOQUE-BARREIRA DE CONCRETO,NÃO INFORMADO,AUTOMÓVEL=1,VALINHOS,CAMPINAS,CAMPINAS,ESTADUAL
4923,2023-11-25,23:42:29,L01-AUTOBAN,SP330,113.9,SUL,-22.80146669,-47.22145809,COLISÃO,COLISÃO-LATERAL,NÃO INFORMADO,AUTOMÓVEL=2,SUMARÉ,CAMPINAS,CAMPINAS,ESTADUAL
4924,2023-11-26,00:37:48,L01-AUTOBAN,SP330,58.58,NORTE,-23.19227837,-46.90536694,COLISÃO,COLISÃO-TRASEIRA,NÃO INFORMADO,AUTOMÓVEL=2,JUNDIAÍ,CAMPINAS,CAMPINAS,ESTADUAL
4925,2023-11-26,00:52:52,L01-AUTOBAN,SP330,152.73,SUL,-22.50795804,-47.39825539,CHOQUE,CHOQUE-OBJETO NA PISTA,NÃO INFORMADO,MOTO=1,CORDEIRÓPOLIS,CAMPINAS,RIO CLARO,ESTADUAL
4926,2023-11-26,03:05:21,L01-AUTOBAN,SP330,64.0,SUL,-23.15363356,-46.93565369,COLISÃO,COLISÃO-FRONTAL,NÃO INFORMADO,AUTOMÓVEL=1|MOTO=1,JUNDIAÍ,CAMPINAS,CAMPINAS,ESTADUAL
4928,2023-11-26,07:52:10,L01-AUTOBAN,SP330,19.8,NORTE,-23.46989818,-46.77762329,CHOQUE,CHOQUE-TALUDE OU BARRANCO,NÃO INFORMADO,AUTOMÓVEL=1,OSASCO,REG. METROPOLITANA SÃO PAULO,SÃO PAULO,ESTADUAL
4929,2023-11-26,10:36:24,L01-AUTOBAN,SP330,44.4,SUL,-23.30020821,-46.85974396,TOMBAMENTO,TOMBAMENTO-MOTO,NÃO INFORMADO,MOTO=1,CAJAMAR,REG. METROPOLITANA SÃO PAULO,SÃO PAULO,ESTADUAL
4931,2023-11-26,16:32:45,L01-AUTOBAN,SP330,20.5,NORTE,-23.46482832,-46.78013921,TOMBAMENTO,TOMBAMENTO-MOTO,NÃO INFORMADO,MOTO=1,SÃO PAULO,REG. METROPOLITANA SÃO PAULO,SÃO PAULO,ESTADUAL
4932,2023-11-26,19:13:25,L01-AUTOBAN,SP330,20.26,SUL,-23.46684791,-46.77968559,CHOQUE,CHOQUE-BARREIRA DE CONCRETO,NÃO INFORMADO,UTILITÁRIO=1,OSASCO,REG. METROPOLITANA SÃO PAULO,SÃO PAULO,ESTADUAL
4935,2023-11-27,03:36:54,L01-AUTOBAN,SP330,85.94,NORTE,-22.98313466,-47.04330558,CHOQUE,CHOQUE-ELEMENTO DE DRENAGEM,NÃO INFORMADO,AUTOMÓVEL=1,VALINHOS,CAMPINAS,CAMPINAS,ESTADUAL
4941,2023-11-27,11:05:39,L01-AUTOBAN,SP330,103.8,SUL,-22.85816584,-47.14689069,COLISÃO,COLISÃO-LATERAL,NÃO INFORMADO,AUTOMÓVEL=1|BITREM/CVC=1,CAMPINAS,CAMPINAS,CAMPINAS,ESTADUAL
4942,2023-11-27,12:32:02,L01-AUTOBAN,SP330,118.5,NORTE,-22.76604155,-47.24429011,COLISÃO,COLISÃO-TRASEIRA,NÃO INFORMADO,AUTOMÓVEL=1|MOTO=1,NOVA ODESSA,CAMPINAS,RIO CLARO,ESTADUAL
4943,2023-11-27,15:02:44,L01-AUTOBAN,SPM330E,106.2,SUL,-22.84539678,-47.16559837,CHOQUE,CHOQUE-DEFENSA METÁLICA,NÃO INFORMADO,CAMINHÃO=1,SUMARÉ,CAMPINAS,CAMPINAS,ESTADUAL
4944,2023-11-27,15:07:50,L01-AUTOBAN,SP330,133.15,NORTE,-22.6617064,-47.31926534,CHOQUE,CHOQUE-DEFENSA METÁLICA,NÃO INFORMADO,AUTOMÓVEL=1,LIMEIRA,CAMPINAS,RIO CLARO,ESTADUAL
4945,2023-11-27,16:29:32,L01-AUTOBAN,SP330,107.1,NORTE,-22.83938378,-47.17089319,ENGAVETAMENTO,ENGAVETAMENTO,NÃO INFORMADO,AUTOMÓVEL=3,SUMARÉ,CAMPINAS,CAMPINAS,ESTADUAL
4946,2023-11-27,16:50:20,L01-AUTOBAN,SP330,110.4,SUL,-22.82104335,-47.19619919,ENGAVETAMENTO,ENGAVETAMENTO,NÃO INFORMADO,AUTOMÓVEL=3|NÃO INFORMADO=1,SUMARÉ,CAMPINAS,CAMPINAS,ESTADUAL
4947,2023-11-27,17:33:59,L01-AUTOBAN,SP330,58.8,NORTE,-23.19052428,-46.90599596,COLISÃO,COLISÃO-TRASEIRA,NÃO INFORMADO,MOTO=1|NÃO INFORMADO=1,JUNDIAÍ,CAMPINAS,CAMPINAS,ESTADUAL
4953,2023-11-27,22:14:16,L01-AUTOBAN,SP330,142.7,SUL,-22.59031877,-47.36710651,ATROPELAMENTO DE ANIMAL,ATROP. ANIMAL,NÃO INFORMADO,AUTOMÓVEL=1,LIMEIRA,CAMPINAS,RIO CLARO,ESTADUAL
4956,2023-11-28,12:02:50,L01-AUTOBAN,SP330,110.0,SUL,-22.82299347,-47.19250202,COLISÃO,COLISÃO-TRASEIRA,NÃO INFORMADO,AUTOMÓVEL=1|UTILITÁRIO=1,SUMARÉ,CAMPINAS,CAMPINAS,ESTADUAL
4957,2023-11-28,15:10:42,L01-AUTOBAN,SP330,157.1,NORTE,-22.46865396,-47.39889586,COLISÃO,COLISÃO-TRASEIRA,NÃO INFORMADO,CARRETA=1|UTILITÁRIO=1,CORDEIRÓPOLIS,CAMPINAS,RIO CLARO,ESTADUAL
4960,2023-11-28,17:53:26,L01-AUTOBAN,SPM330D,14.7,NORTE,-23.50201234,-46.75307118,TOMBAMENTO,TOMBAMENTO-MOTO,NÃO INFORMADO,MOTO=1,SÃO PAULO,REG. METROPOLITANA SÃO PAULO,SÃO PAULO,ESTADUAL
4961,2023-11-28,20:39:24,L01-AUTOBAN,SP330,11.7,NORTE,-23.17322708,-46.93125077,CHOQUE,CHOQUE-VEÍCULO PARADO NA PISTA,NÃO INFORMADO,AUTOMÓVEL=2|UTILITÁRIO=1,SÃO PAULO,REG. METROPOLITANA SÃO PAULO,SÃO PAULO,ESTADUAL
4964,2023-11-29,02:04:23,L01-AUTOBAN,SP330,115.0,NORTE,-22.79222084,-47.22608328,CHOQUE,CHOQUE-BARREIRA DE CONCRETO,NÃO INFORMADO,AUTOMÓVEL=1,SUMARÉ,CAMPINAS,CAMPINAS,ESTADUAL
4965,2023-11-29,02:27:10,L01-AUTOBAN,SPM330E,14.3,SUL,-23.50500601,-46.7514326,COLISÃO,COLISÃO-LATERAL,NÃO INFORMADO,AUTOMÓVEL=1|NÃO INFORMADO=1,SÃO PAULO,REG. METROPOLITANA SÃO PAULO,SÃO PAULO,ESTADUAL
4966,2023-11-29,06:11:02,L01-AUTOBAN,SP330,69.0,SUL,-23.11375957,-46.95769608,CHOQUE,CHOQUE-TALUDE OU BARRANCO,NÃO INFORMADO,AUTOMÓVEL=1,JUNDIAÍ,CAMPINAS,CAMPINAS,ESTADUAL
4967,2023-11-29,06:20:30,L01-AUTOBAN,SP330,76.0,NORTE,-23.060072,-46.994586,CHOQUE,CHOQUE-BARREIRA DE CONCRETO,NÃO INFORMADO,AUTOMÓVEL=1,VINHEDO,CAMPINAS,CAMPINAS,ESTADUAL
4970,2023-11-29,08:10:19,L01-AUTOBAN,SP330,25.0,NORTE,-23.426127,-46.787542,COLISÃO,COLISÃO-LATERAL,NÃO INFORMADO,AUTOMÓVEL=1|CAMINHÃO=1,SÃO PAULO,REG. METROPOLITANA SÃO PAULO,SÃO PAULO,ESTADUAL
4972,2023-11-29,13:11:55,L01-AUTOBAN,SP330,97.5,SUL,-22.90031211,-47.10939914,COLISÃO,COLISÃO-LATERAL,NÃO INFORMADO,AUTOMÓVEL=1|MOTO=1,CAMPINAS,CAMPINAS,CAMPINAS,ESTADUAL
4973,2023-11-29,18:08:22,L01-AUTOBAN,SPM330D,58.8,NORTE,-23.19052428,-46.90599596,CHOQUE,CHOQUE-DEFENSA METÁLICA,NÃO INFORMADO,UTILITÁRIO=1,JUNDIAÍ,CAMPINAS,CAMPINAS,ESTADUAL
4974,2023-11-29,19:00:39,L01-AUTOBAN,SP330,149.16,NORTE,-22.53621993,-47.38218422,TOMBAMENTO,TOMBAMENTO,NÃO INFORMADO,CARRETA=1,LIMEIRA,CAMPINAS,RIO CLARO,ESTADUAL
4976,2023-11-29,19:55:49,L01-AUTOBAN,SP330,14.2,SUL,-23.50704184,-46.75012733,ATROPELAMENTO DE PEDESTRE,ATROP. PEDESTRE-USUÁRIO,NÃO INFORMADO,AUTOMÓVEL=2|NÃO SE APLICA=2,SÃO PAULO,REG. METROPOLITANA SÃO PAULO,SÃO PAULO,ESTADUAL
4980,2023-11-30,04:15:43,L01-AUTOBAN,SP330,26.491,SUL,-23.41858265,-46.79868284,CHOQUE,CHOQUE-SINALIZAÇÃO,NÃO INFORMADO,MOTO=1,SÃO PAULO,REG. METROPOLITANA SÃO PAULO,SÃO PAULO,ESTADUAL
4981,2023-11-30,06:53:46,L01-AUTOBAN,SP330,111.0,SUL,-22.81811818,-47.20174491,ENGAVETAMENTO,ENGAVETAMENTO,NÃO INFORMADO,AUTOMÓVEL=3,SUMARÉ,CAMPINAS,CAMPINAS,ESTADUAL
4982,2023-11-30,07:07:55,L01-AUTOBAN,SPM330E,57.8,SUL,-23.1988544,-46.90290928,COLISÃO,COLISÃO-TRASEIRA,NÃO INFORMADO,AUTOMÓVEL=1|MOTO=1,JUNDIAÍ,CAMPINAS,CAMPINAS,ESTADUAL
4983,2023-11-30,09:04:54,L01-AUTOBAN,SP330,21.5,SUL,-23.45701385,-46.78404719,COLISÃO,COLISÃO-TRASEIRA,NÃO INFORMADO,AUTOMÓVEL=2,SÃO PAULO,REG. METROPOLITANA SÃO PAULO,SÃO PAULO,ESTADUAL
4986,2023-11-30,10:27:17,L01-AUTOBAN,SP330,12.2,SUL,-23.50921789,-46.73233366,ENGAVETAMENTO,ENGAVETAMENTO,NÃO INFORMADO,AUTOMÓVEL=2|BITREM/CVC=1,SÃO PAULO,REG. METROPOLITANA SÃO PAULO,SÃO PAULO,ESTADUAL
4989,2023-11-30,16:53:11,L01-AUTOBAN,SP330,105.0,SUL,-22.8520883,-47.15678573,COLISÃO,COLISÃO-LATERAL,NÃO INFORMADO,AUTOMÓVEL=1|CARRETA=1,CAMPINAS,CAMPINAS,CAMPINAS,ESTADUAL
4991,2023-11-30,18:34:19,L01-AUTOBAN,SP330,143.0,NORTE,-22.58756475,-47.36743569,COLISÃO,COLISÃO-LATERAL,NÃO INFORMADO,AUTOMÓVEL=1|NÃO INFORMADO=1,LIMEIRA,CAMPINAS,RIO CLARO,ESTADUAL
4992,2023-11-30,18:40:52,L01-AUTOBAN,SPM330D,95.89,NORTE,-22.91235724,-47.1005921,TOMBAMENTO,TOMBAMENTO-MOTO,NÃO INFORMADO,MOTO=1,CAMPINAS,CAMPINAS,CAMPINAS,ESTADUAL
4993,2023-11-30,18:41:08,L01-AUTOBAN,SP330,62.0,SUL,-23.16881442,-46.92661464,COLISÃO,COLISÃO-LATERAL,NÃO INFORMADO,AUTOMÓVEL=1|MOTO=1,JUNDIAÍ,CAMPINAS,CAMPINAS,ESTADUAL
5000,2023-12-01,06:12:30,L01-AUTOBAN,SP330,104.2,SUL,-22.85607853,-47.15035698,COLISÃO,COLISÃO-LATERAL,NÃO INFORMADO,AUTOMÓVEL=1|NÃO INFORMADO=1,CAMPINAS,CAMPINAS,CAMPINAS,ESTADUAL
5001,2023-12-01,06:44:50,L01-AUTOBAN,SP330,63.9,NORTE,-23.15396251,-46.93521832,COLISÃO,COLISÃO-TRASEIRA,NÃO INFORMADO,CAMINHÃO=1|MOTO=1,JUNDIAÍ,CAMPINAS,CAMPINAS,ESTADUAL
5002,2023-12-01,08:42:40,L01-AUTOBAN,SP330,87.0,NORTE,-22.97489022,-47.04833329,CHOQUE,CHOQUE-DEFENSA METÁLICA,NÃO INFORMADO,UTILITÁRIO=1,CAMPINAS,CAMPINAS,CAMPINAS,ESTADUAL
5003,2023-12-01,09:09:00,L01-AUTOBAN,SP330,95.0,SUL,-22.91990919,-47.09415078,COLISÃO,COLISÃO-TRASEIRA,NÃO INFORMADO,AUTOMÓVEL=1|UTILITÁRIO=1,CAMPINAS,CAMPINAS,CAMPINAS,ESTADUAL
5005,2023-12-01,10:41:47,L01-AUTOBAN,SPM330E,17.0,SUL,-23.48999344,-46.76707149,COLISÃO,COLISÃO-LATERAL,NÃO INFORMADO,MOTO=1|NÃO INFORMADO=1,SÃO PAULO,REG. METROPOLITANA SÃO PAULO,SÃO PAULO,ESTADUAL
5006,2023-12-01,11:08:08,L01-AUTOBAN,SP330,55.2,SUL,-23.21519465,-46.88558651,COLISÃO,COLISÃO-LATERAL,NÃO INFORMADO,MOTO=1|UTILITÁRIO=1,JUNDIAÍ,CAMPINAS,CAMPINAS,ESTADUAL
5009,2023-12-01,14:17:52,L01-AUTOBAN,SP330,107.0,SUL,-22.83986774,-47.17085123,TOMBAMENTO,TOMBAMENTO-MOTO,NÃO INFORMADO,MOTO=1,SUMARÉ,CAMPINAS,CAMPINAS,ESTADUAL
5011,2023-12-01,18:00:23,L01-AUTOBAN,SP330,62.7,SUL,-23.16325959,-46.93032843,COLISÃO,COLISÃO-TRASEIRA,NÃO INFORMADO,AUTOMÓVEL=2,JUNDIAÍ,CAMPINAS,CAMPINAS,ESTADUAL
5012,2023-12-01,18:18:12,L01-AUTOBAN,SP330,20.1,SUL,-23.46811394,-46.77930451,COLISÃO,COLISÃO-LATERAL,NÃO INFORMADO,MOTO=1|NÃO INFORMADO=1,OSASCO,REG. METROPOLITANA SÃO PAULO,SÃO PAULO,ESTADUAL
5015,2023-12-01,20:18:30,L01-AUTOBAN,SP330,12.0,NORTE,-23.50917461,-46.73062027,COLISÃO,COLISÃO-LATERAL,NÃO INFORMADO,AUTOMÓVEL=1|NÃO INFORMADO=1,SÃO PAULO,REG. METROPOLITANA SÃO PAULO,SÃO PAULO,ESTADUAL
5017,2023-12-02,03:52:36,L01-AUTOBAN,SP330,56.0,NORTE,-23.21090051,-46.89175129,CHOQUE,CHOQUE-DEFENSA METÁLICA,NÃO INFORMADO,MOTO=1,JUNDIAÍ,CAMPINAS,CAMPINAS,ESTADUAL
5018,2023-12-02,08:05:57,L01-AUTOBAN,SP330,26.5,SUL,-23.41854007,-46.79876179,COLISÃO,COLISÃO-TRASEIRA,NÃO INFORMADO,AUTOMÓVEL=1|CARRETA=1,SÃO PAULO,REG. METROPOLITANA SÃO PAULO,SÃO PAULO,ESTADUAL
5019,2023-12-02,09:37:32,L01-AUTOBAN,SPM330D,103.0,NORTE,-22.86219711,-47.13924408,TOMBAMENTO,TOMBAMENTO-MOTO,NÃO INFORMADO,MOTO=1,CAMPINAS,CAMPINAS,CAMPINAS,ESTADUAL
5022,2023-12-02,17:52:05,L01-AUTOBAN,SPM330D,52.0,NORTE,-23.24008425,-46.86899006,COLISÃO,COLISÃO-TRASEIRA,NÃO INFORMADO,AUTOMÓVEL=1|MOTO=1,JUNDIAÍ,CAMPINAS,CAMPINAS,ESTADUAL
5025,2023-12-02,20:06:16,L01-AUTOBAN,SPM330E,93.5,SUL,-22.92737726,-47.08313384,TOMBAMENTO,TOMBAMENTO-MOTO,NÃO INFORMADO,MOTO=1,CAMPINAS,CAMPINAS,CAMPINAS,ESTADUAL
5028,2023-12-03,00:31:31,L01-AUTOBAN,SPM330D,14.5,NORTE,-23.50345224,-46.75210256,CHOQUE,CHOQUE-SINALIZAÇÃO,NÃO INFORMADO,AUTOMÓVEL=1,SÃO PAULO,REG. METROPOLITANA SÃO PAULO,SÃO PAULO,ESTADUAL
5029,2023-12-03,01:47:30,L01-AUTOBAN,SPM330E,92.0,SUL,-22.9351263,-47.07110524,TOMBAMENTO,TOMBAMENTO-MOTO,NÃO INFORMADO,MOTO=1,CAMPINAS,CAMPINAS,CAMPINAS,ESTADUAL
5030,2023-12-03,04:04:53,L01-AUTOBAN,SP330,109.8,SUL,-22.82714499,-47.18491846,CHOQUE,CHOQUE-VEÍCULO PARADO NO ACOSTAMENTO,NÃO INFORMADO,AUTOMÓVEL=1|CAMINHÃO=1,SUMARÉ,CAMPINAS,CAMPINAS,ESTADUAL
5031,2023-12-03,04:40:34,L01-AUTOBAN,SP330,12.1,NORTE,-23.50904805,-46.73161214,CAPOTAMENTO,CAPOTAMENTO,NÃO INFORMADO,AUTOMÓVEL=1,SÃO PAULO,REG. METROPOLITANA SÃO PAULO,SÃO PAULO,ESTADUAL
5032,2023-12-03,07:10:07,L01-AUTOBAN,SP330,102.0,SUL,-22.868355,-47.132428,COLISÃO,COLISÃO-TRASEIRA,NÃO INFORMADO,AUTOMÓVEL=1|NÃO INFORMADO=1,CAMPINAS,CAMPINAS,CAMPINAS,ESTADUAL
5036,2023-12-03,22:25:19,L01-AUTOBAN,SP330,61.3,NORTE,-23.17329139,-46.92079102,COLISÃO,COLISÃO-LATERAL,NÃO INFORMADO,AUTOMÓVEL=2|MOTO=1|NÃO INFORMADO=5,JUNDIAÍ,CAMPINAS,CAMPINAS,ESTADUAL
5040,2023-12-04,13:21:15,L01-AUTOBAN,SPM330E,94.5,SUL,-22.92464049,-47.08752065,COLISÃO,COLISÃO-TRASEIRA,NÃO INFORMADO,AUTOMÓVEL=1|NÃO INFORMADO=1,CAMPINAS,CAMPINAS,CAMPINAS,ESTADUAL
5042,2023-12-04,16:26:25,L01-AUTOBAN,SPI102/330,5.9,NORTE,-22.91518491,-47.13515407,CHOQUE,CHOQUE-DEFENSA METÁLICA,NÃO INFORMADO,CAMINHÃO=1,CAMPINAS,CAMPINAS,CAMPINAS,ESTADUAL
5043,2023-12-04,17:12:49,L01-AUTOBAN,SP330,82.7,NORTE,-23.00774218,-47.0263413,COLISÃO,COLISÃO-TRASEIRA,NÃO INFORMADO,AUTOMÓVEL=1|MOTO=1,VALINHOS,CAMPINAS,CAMPINAS,ESTADUAL
5044,2023-12-04,18:12:30,L01-AUTOBAN,SP330,106.0,NORTE,-22.846507,-47.164055,COLISÃO,COLISÃO-TRASEIRA,NÃO INFORMADO,AUTOMÓVEL=1|UTILITÁRIO=1,SUMARÉ,CAMPINAS,CAMPINAS,ESTADUAL
5046,2023-12-04,19:30:44,L01-AUTOBAN,SP330,83.82,SUL,-22.99932463,-47.03225763,COLISÃO,COLISÃO-TRASEIRA,NÃO INFORMADO,AUTOMÓVEL=2,VALINHOS,CAMPINAS,CAMPINAS,ESTADUAL
5050,2023-12-05,05:17:01,L01-AUTOBAN,SP330,153.0,SUL,-22.50568333,-47.39923596,CHOQUE,CHOQUE-DEFENSA METÁLICA,NÃO INFORMADO,BITREM/CVC=1,CORDEIRÓPOLIS,CAMPINAS,RIO CLARO,ESTADUAL
5051,2023-12-05,05:22:42,L01-AUTOBAN,SP330,24.0,NORTE,-23.43453981,-46.78628683,CHOQUE,CHOQUE-BARREIRA DE CONCRETO,NÃO INFORMADO,AUTOMÓVEL=1,SÃO PAULO,REG. METROPOLITANA SÃO PAULO,SÃO PAULO,ESTADUAL
5052,2023-12-05,05:52:17,L01-AUTOBAN,SPM330D,17.5,NORTE,-23.48993243,-46.76696956,CHOQUE,CHOQUE-MEIO FIO/CALÇAMENTO,NÃO INFORMADO,AUTOMÓVEL=1,SÃO PAULO,REG. METROPOLITANA SÃO PAULO,SÃO PAULO,ESTADUAL
5053,2023-12-05,07:44:38,L01-AUTOBAN,SPI102/330,0.0,SUL,-22.862525,-47.139454,COLISÃO,COLISÃO-TRASEIRA,NÃO INFORMADO,AUTOMÓVEL=1|MOTO=1,CAMPINAS,CAMPINAS,CAMPINAS,ESTADUAL
5054,2023-12-05,08:25:06,L01-AUTOBAN,SP330,19.5,SUL,-23.4713089,-46.77584499,TOMBAMENTO,TOMBAMENTO-MOTO,NÃO INFORMADO,MOTO=1,OSASCO,REG. METROPOLITANA SÃO PAULO,SÃO PAULO,ESTADUAL
5055,2023-12-05,10:51:01,L01-AUTOBAN,SP330,53.0,NORTE,-23.230639,-46.87295,COLISÃO,COLISÃO-TRANSVERSAL,NÃO INFORMADO,AUTOMÓVEL=1|CAMINHÃO=1,JUNDIAÍ,CAMPINAS,CAMPINAS,ESTADUAL
5056,2023-12-05,12:12:08,L01-AUTOBAN,SP330,61.0,NORTE,-23.17529462,-46.91833198,COLISÃO,COLISÃO-TRASEIRA,NÃO INFORMADO,CAMINHÃO=1|CARRETA=1,JUNDIAÍ,CAMPINAS,CAMPINAS,ESTADUAL
5057,2023-12-05,12:49:53,L01-AUTOBAN,SP330,117.5,NORTE,-22.77185849,-47.23782063,CHOQUE,CHOQUE-PRAÇA AVI-(ENTRE VEÍCULOS),NÃO INFORMADO,AUTOMÓVEL=1|CAMINHÃO=1|UTILITÁRIO=1,NOVA ODESSA,CAMPINAS,RIO CLARO,ESTADUAL
5058,2023-12-05,13:43:13,L01-AUTOBAN,SP330,62.9,NORTE,-23.1614485,-46.93130079,COLISÃO,COLISÃO-LATERAL,NÃO INFORMADO,AUTOMÓVEL=1|CARRETA=1,JUNDIAÍ,CAMPINAS,CAMPINAS,ESTADUAL
5060,2023-12-05,16:16:08,L01-AUTOBAN,SP330,137.9,NORTE,-22.62456911,-47.34221645,CHOQUE,CHOQUE-DEFENSA METÁLICA,NÃO INFORMADO,CAMINHÃO=1,LIMEIRA,CAMPINAS,RIO CLARO,ESTADUAL
5062,2023-12-05,17:27:54,L01-AUTOBAN,SPM330E,18.5,SUL,-23.47795145,-46.77189946,TOMBAMENTO,TOMBAMENTO-MOTO,NÃO INFORMADO,MOTO=1,OSASCO,REG. METROPOLITANA SÃO PAULO,SÃO PAULO,ESTADUAL
5063,2023-12-05,18:15:20,L01-AUTOBAN,SP330,61.7,SUL,-23.17076144,-46.92424089,COLISÃO,COLISÃO-LATERAL,NÃO INFORMADO,MOTO=1|NÃO INFORMADO=1,JUNDIAÍ,CAMPINAS,CAMPINAS,ESTADUAL
5066,2023-12-05,19:44:03,L01-AUTOBAN,SP330,104.5,NORTE,-22.8542588,-47.15268522,COLISÃO,COLISÃO-TRASEIRA,NÃO INFORMADO,AUTOMÓVEL=2,CAMPINAS,CAMPINAS,CAMPINAS,ESTADUAL
5067,2023-12-05,21:04:02,L01-AUTOBAN,SP330,98.82,SUL,-22.88946151,-47.11303278,TOMBAMENTO,TOMBAMENTO-MOTO,NÃO INFORMADO,MOTO=1,CAMPINAS,CAMPINAS,CAMPINAS,ESTADUAL
5069,2023-12-06,04:01:57,L01-AUTOBAN,SP330,103.44,NORTE,-22.85982457,-47.14337523,COLISÃO,COLISÃO-TRASEIRA,NÃO INFORMADO,CAMINHÃO=2,CAMPINAS,CAMPINAS,CAMPINAS,ESTADUAL
5070,2023-12-06,07:10:04,L01-AUTOBAN,SP330,100.2,SUL,-22.87924148,-47.11928199,COLISÃO,COLISÃO-TRASEIRA,NÃO INFORMADO,AUTOMÓVEL=1|MOTO=1,CAMPINAS,CAMPINAS,CAMPINAS,ESTADUAL
5071,2023-12-06,08:12:59,L01-AUTOBAN,SP330,59.9,SUL,-23.181952,-46.91110934,TOMBAMENTO,TOMBAMENTO-MOTO,NÃO INFORMADO,MOTO=1,JUNDIAÍ,CAMPINAS,CAMPINAS,ESTADUAL
5072,2023-12-06,08:16:10,L01-AUTOBAN,SP330,21.0,SUL,-23.46099256,-46.78144813,COLISÃO,COLISÃO-TRASEIRA,NÃO INFORMADO,AUTOMÓVEL=1|MOTO=1,SÃO PAULO,REG. METROPOLITANA SÃO PAULO,SÃO PAULO,ESTADUAL
5074,2023-12-06,10:22:29,L01-AUTOBAN,SP330,66.0,SUL,-23.13744959,-46.94407046,ATROPELAMENTO DE PEDESTRE,ATROP. PEDESTRE-USUÁRIO,NÃO INFORMADO,MOTO=1|NÃO SE APLICA=1|UTILITÁRIO=1,JUNDIAÍ,CAMPINAS,CAMPINAS,ESTADUAL
5075,2023-12-06,11:51:38,L01-AUTOBAN,SP330,26.0,NORTE,-23.42050663,-46.79456413,COLISÃO,COLISÃO-LATERAL,NÃO INFORMADO,AUTOMÓVEL=1|CARRETA=1,SÃO PAULO,REG. METROPOLITANA SÃO PAULO,SÃO PAULO,ESTADUAL
5076,2023-12-06,12:23:44,L01-AUTOBAN,SPM330E,120.0,SUL,-22.75697436,-47.25467026,CHOQUE,CHOQUE-BARREIRA DE CONCRETO,NÃO INFORMADO,AUTOMÓVEL=1,AMERICANA,CAMPINAS,RIO CLARO,ESTADUAL
5077,2023-12-06,14:14:30,L01-AUTOBAN,SP330,132.0,SUL,-22.67082806,-47.31360912,CAPOTAMENTO,CAPOTAMENTO,NÃO INFORMADO,AUTOMÓVEL=1,LIMEIRA,CAMPINAS,RIO CLARO,ESTADUAL
5079,2023-12-06,15:09:31,L01-AUTOBAN,SP330,24.5,NORTE,-23.4303334,-46.78691442,COLISÃO,COLISÃO-LATERAL,NÃO INFORMADO,CAMINHÃO=1|UTILITÁRIO=1,SÃO PAULO,REG. METROPOLITANA SÃO PAULO,SÃO PAULO,ESTADUAL
5081,2023-12-07,06:44:17,L01-AUTOBAN,SP330,82.68,SUL,-23.00803475,-47.02653165,COLISÃO,COLISÃO-TRASEIRA,NÃO INFORMADO,AUTOMÓVEL=2,VALINHOS,CAMPINAS,CAMPINAS,ESTADUAL
5084,2023-12-07,07:54:24,L01-AUTOBAN,SP330,113.9,SUL,-22.80146669,-47.22145809,COLISÃO,COLISÃO-LATERAL,NÃO INFORMADO,AUTOMÓVEL=1|CARRETA=1,SUMARÉ,CAMPINAS,CAMPINAS,ESTADUAL
5085,2023-12-07,08:43:00,L01-AUTOBAN,SP330,53.0,SUL,-23.2309453,-46.87306702,TOMBAMENTO,TOMBAMENTO-MOTO,NÃO INFORMADO,MOTO=1,JUNDIAÍ,CAMPINAS,CAMPINAS,ESTADUAL
5086,2023-12-07,08:57:23,L01-AUTOBAN,SP330,12.6,SUL,-23.50868466,-46.73618961,COLISÃO,COLISÃO-LATERAL,NÃO INFORMADO,MOTO=1|NÃO INFORMADO=1,SÃO PAULO,REG. METROPOLITANA SÃO PAULO,SÃO PAULO,ESTADUAL
5089,2023-12-07,15:01:25,L01-AUTOBAN,SP330,113.0,SUL,-22.80727918,-47.21642733,COLISÃO,COLISÃO-TRASEIRA,NÃO INFORMADO,AUTOMÓVEL=1|MOTO=1,SUMARÉ,CAMPINAS,CAMPINAS,ESTADUAL
5090,2023-12-07,16:52:49,L01-AUTOBAN,SP330,66.2,NORTE,-23.13582664,-46.9452828,TOMBAMENTO,TOMBAMENTO-MOTO,NÃO INFORMADO,MOTO=1,JUNDIAÍ,CAMPINAS,CAMPINAS,ESTADUAL
5091,2023-12-07,17:12:14,L01-AUTOBAN,SP330,102.12,NORTE,-22.86674259,-47.13297975,ENGAVETAMENTO,ENGAVETAMENTO,NÃO INFORMADO,UTILITÁRIO=4,CAMPINAS,CAMPINAS,CAMPINAS,ESTADUAL
5092,2023-12-07,19:41:46,L01-AUTOBAN,SP330,101.5,NORTE,-22.87058755,-47.12843478,COLISÃO,COLISÃO-TRASEIRA,NÃO INFORMADO,AUTOMÓVEL=1|NÃO INFORMADO=1,CAMPINAS,CAMPINAS,CAMPINAS,ESTADUAL
5093,2023-12-07,20:30:25,L01-AUTOBAN,SP330,149.0,SUL,-22.53785806,-47.38138855,COLISÃO,COLISÃO-TRASEIRA,NÃO INFORMADO,AUTOMÓVEL=1|CARRETA=1,LIMEIRA,CAMPINAS,RIO CLARO,ESTADUAL
5094,2023-12-07,22:15:38,L01-AUTOBAN,SP330,88.9,NORTE,-22.95965533,-47.05706496,CHOQUE,CHOQUE-DEFENSA METÁLICA,NÃO INFORMADO,AUTOMÓVEL=1,CAMPINAS,CAMPINAS,CAMPINAS,ESTADUAL
5096,2023-12-08,01:24:07,L01-AUTOBAN,SP330,25.4,NORTE,-23.42387885,-46.79035085,CHOQUE,CHOQUE-BARREIRA DE CONCRETO,NÃO INFORMADO,AUTOMÓVEL=1|ÔNIBUS=1,SÃO PAULO,REG. METROPOLITANA SÃO PAULO,SÃO PAULO,ESTADUAL
5097,2023-12-08,01:29:40,L01-AUTOBAN,SP330,23.7,NORTE,-23.43748547,-46.78646547,CHOQUE,CHOQUE-BARREIRA DE CONCRETO,NÃO INFORMADO,AUTOMÓVEL=1,SÃO PAULO,REG. METROPOLITANA SÃO PAULO,SÃO PAULO,ESTADUAL
5099,2023-12-08,06:58:01,L01-AUTOBAN,SP330,61.0,NORTE,-23.17529462,-46.91833198,COLISÃO,COLISÃO-TRASEIRA,NÃO INFORMADO,AUTOMÓVEL=1|NÃO INFORMADO=1,JUNDIAÍ,CAMPINAS,CAMPINAS,ESTADUAL
5100,2023-12-08,08:32:02,L01-AUTOBAN,SP330,82.0,SUL,-23.01355126,-47.02328146,COLISÃO,COLISÃO-TRASEIRA,NÃO INFORMADO,AUTOMÓVEL=1|UTILITÁRIO=1,VALINHOS,CAMPINAS,CAMPINAS,ESTADUAL
5103,2023-12-08,11:16:54,L01-AUTOBAN,SP330,78.0,SUL,-23.045293,-47.004756,COLISÃO,COLISÃO-LATERAL,NÃO INFORMADO,CARRETA=2,VINHEDO,CAMPINAS,CAMPINAS,ESTADUAL
5104,2023-12-08,13:09:39,L01-AUTOBAN,SPM330E,19.1,SUL,-23.4737126,-46.77262366,COLISÃO,COLISÃO-LATERAL,NÃO INFORMADO,CAMINHÃO=1|UTILITÁRIO=1,SÃO PAULO,REG. METROPOLITANA SÃO PAULO,SÃO PAULO,ESTADUAL
5107,2023-12-08,15:57:26,L01-AUTOBAN,SP330,152.4,NORTE,-22.5104052,-47.39679942,CHOQUE,CHOQUE-PRAÇA AVI-(ENTRE VEÍCULOS),NÃO INFORMADO,CAMINHÃO=1|CARRETA=1,CORDEIRÓPOLIS,CAMPINAS,RIO CLARO,ESTADUAL
5113,2023-12-08,18:33:34,L01-AUTOBAN,SP330,121.84,NORTE,-22.74463547,-47.26716044,TOMBAMENTO,TOMBAMENTO-MOTO,NÃO INFORMADO,MOTO=1,AMERICANA,CAMPINAS,RIO CLARO,ESTADUAL
5114,2023-12-08,20:08:32,L01-AUTOBAN,SP330,92.8,NORTE,-22.93079648,-47.07744923,CHOQUE,CHOQUE-SINALIZAÇÃO,NÃO INFORMADO,AUTOMÓVEL=1,CAMPINAS,CAMPINAS,CAMPINAS,ESTADUAL
5115,2023-12-08,20:46:59,L01-AUTOBAN,SP330,92.5,NORTE,-22.93241647,-47.07517684,TOMBAMENTO,TOMBAMENTO-MOTO,NÃO INFORMADO,MOTO=1,CAMPINAS,CAMPINAS,CAMPINAS,ESTADUAL
5116,2023-12-08,23:16:35,L01-AUTOBAN,SP330,131.2,NORTE,-22.6772935,-47.31122088,COLISÃO,COLISÃO-TRASEIRA,NÃO INFORMADO,CAMINHÃO=2,LIMEIRA,CAMPINAS,RIO CLARO,ESTADUAL
5117,2023-12-08,23:33:13,L01-AUTOBAN,SP330,131.0,NORTE,-22.67896551,-47.31069088,COLISÃO,COLISÃO-TRASEIRA,NÃO INFORMADO,AUTOMÓVEL=1|UTILITÁRIO=1,LIMEIRA,CAMPINAS,RIO CLARO,ESTADUAL
5118,2023-12-09,00:58:14,L01-AUTOBAN,SP330,21.4,NORTE,-23.45763539,-46.7834394,COLISÃO,COLISÃO-TRASEIRA,NÃO INFORMADO,CAMINHÃO=1|UTILITÁRIO=1,SÃO PAULO,REG. METROPOLITANA SÃO PAULO,SÃO PAULO,ESTADUAL
5121,2023-12-09,09:10:52,L01-AUTOBAN,SP330,68.7,SUL,-23.11642376,-46.95672082,COLISÃO,COLISÃO-LATERAL,NÃO INFORMADO,AUTOMÓVEL=1,JUNDIAÍ,CAMPINAS,CAMPINAS,ESTADUAL
5122,2023-12-09,09:49:35,L01-AUTOBAN,SP330,41.0,NORTE,-23.32336079,-46.84696376,ATROPELAMENTO DE PEDESTRE,ATROP. PEDESTRE-MORADOR/TRABALHADOR/ESTUDANTE,NÃO INFORMADO,AUTOMÓVEL=1|NÃO SE APLICA=1,CAJAMAR,REG. METROPOLITANA SÃO PAULO,SÃO PAULO,ESTADUAL
5124,2023-12-09,10:29:51,L01-AUTOBAN,SP330,61.18,NORTE,-23.17409267,-46.91980741,COLISÃO,COLISÃO-LATERAL,NÃO INFORMADO,CAMINHÃO=1|MOTO=1,JUNDIAÍ,CAMPINAS,CAMPINAS,ESTADUAL
5126,2023-12-09,12:25:39,L01-AUTOBAN,SP330,57.76,SUL,-23.19921217,-46.90272581,COLISÃO,COLISÃO-TRASEIRA,NÃO INFORMADO,AUTOMÓVEL=2|MOTO=1,JUNDIAÍ,CAMPINAS,CAMPINAS,ESTADUAL
5127,2023-12-09,14:55:54,L01-AUTOBAN,SP330,146.8,SUL,-22.55447612,-47.37012865,CHOQUE,CHOQUE-BARREIRA DE CONCRETO,NÃO INFORMADO,AUTOMÓVEL=1,LIMEIRA,CAMPINAS,RIO CLARO,ESTADUAL
5129,2023-12-09,15:44:21,L01-AUTOBAN,SP330,61.3,NORTE,-23.17329139,-46.92079102,COLISÃO,COLISÃO-TRASEIRA,NÃO INFORMADO,AUTOMÓVEL=2,JUNDIAÍ,CAMPINAS,CAMPINAS,ESTADUAL
5130,2023-12-09,17:07:57,L01-AUTOBAN,SP330,60.8,SUL,-23.17647718,-46.91727948,COLISÃO,COLISÃO-TRASEIRA,NÃO INFORMADO,AUTOMÓVEL=1|NÃO INFORMADO=1,JUNDIAÍ,CAMPINAS,CAMPINAS,ESTADUAL
5131,2023-12-09,18:03:46,L01-AUTOBAN,SP330,13.4,NORTE,-23.5075662,-46.7441958,COLISÃO,COLISÃO-LATERAL,NÃO INFORMADO,AUTOMÓVEL=1|MOTO=1|NÃO INFORMADO=1,SÃO PAULO,REG. METROPOLITANA SÃO PAULO,SÃO PAULO,ESTADUAL
5134,2023-12-10,01:17:13,L01-AUTOBAN,SP330,22.6,NORTE,-23.44782337,-46.78672564,COLISÃO,COLISÃO-TRANSVERSAL,NÃO INFORMADO,AUTOMÓVEL=2,SÃO PAULO,REG. METROPOLITANA SÃO PAULO,SÃO PAULO,ESTADUAL
5136,2023-12-10,02:32:12,L01-AUTOBAN,SP330,28.0,SUL,-23.41107487,-46.81139231,TOMBAMENTO,TOMBAMENTO-MOTO,NÃO INFORMADO,MOTO=1,SÃO PAULO,REG. METROPOLITANA SÃO PAULO,SÃO PAULO,ESTADUAL
5137,2023-12-10,04:18:02,L01-AUTOBAN,SP330,91.8,SUL,-22.936719,-47.07022764,ATROPELAMENTO DE ANIMAL,ATROP. ANIMAL,NÃO INFORMADO,AUTOMÓVEL=1,CAMPINAS,CAMPINAS,CAMPINAS,ESTADUAL
5140,2023-12-10,13:32:23,L01-AUTOBAN,SPM330E,97.6,SUL,-22.89949874,-47.10970973,COLISÃO,COLISÃO-TRASEIRA,NÃO INFORMADO,AUTOMÓVEL=2,CAMPINAS,CAMPINAS,CAMPINAS,ESTADUAL
5141,2023-12-10,13:47:06,L01-AUTOBAN,SP330,50.0,SUL,-23.25685708,-46.8674773,TOMBAMENTO,TOMBAMENTO-MOTO,NÃO INFORMADO,MOTO=1,JUNDIAÍ,CAMPINAS,CAMPINAS,ESTADUAL
5142,2023-12-10,15:04:10,L01-AUTOBAN,SP330,20.0,NORTE,-23.46894457,-46.77887321,COLISÃO,COLISÃO-TRASEIRA,NÃO INFORMADO,AUTOMÓVEL=1|UTILITÁRIO=1,OSASCO,REG. METROPOLITANA SÃO PAULO,SÃO PAULO,ESTADUAL
5143,2023-12-10,19:17:01,L01-AUTOBAN,SP330,84.5,NORTE,-22.9936517,-47.03597099,COLISÃO,COLISÃO-TRASEIRA,NÃO INFORMADO,AUTOMÓVEL=1|MOTO=1,VALINHOS,CAMPINAS,CAMPINAS,ESTADUAL
5144,2023-12-10,20:04:46,L01-AUTOBAN,SP330,141.7,NORTE,-22.59915113,-47.36428945,TOMBAMENTO,TOMBAMENTO-MOTO,NÃO INFORMADO,MOTO=1,LIMEIRA,CAMPINAS,RIO CLARO,ESTADUAL
5148,2023-12-10,20:55:06,L01-AUTOBAN,SP330,92.0,NORTE,-22.93511642,-47.07138956,CHOQUE,CHOQUE-ELEMENTO DE DRENAGEM,NÃO INFORMADO,AUTOMÓVEL=1,CAMPINAS,CAMPINAS,CAMPINAS,ESTADUAL
5149,2023-12-10,21:21:39,L01-AUTOBAN,SPI102/330,2.4,NORTE,-22.88498533,-47.13147318,TOMBAMENTO,TOMBAMENTO,NÃO INFORMADO,AUTOMÓVEL=1,CAMPINAS,CAMPINAS,CAMPINAS,ESTADUAL
5150,2023-12-10,21:57:19,L01-AUTOBAN,SP330,118.0,SUL,-22.76903417,-47.24156499,COLISÃO,COLISÃO-TRASEIRA,NÃO INFORMADO,AUTOMÓVEL=2,NOVA ODESSA,CAMPINAS,RIO CLARO,ESTADUAL
5151,2023-12-10,22:06:17,L01-AUTOBAN,SPM330D,23.8,NORTE,-23.43650359,-46.78640592,CHOQUE,CHOQUE-MEIO FIO/CALÇAMENTO,NÃO INFORMADO,AUTOMÓVEL=1,SÃO PAULO,REG. METROPOLITANA SÃO PAULO,SÃO PAULO,ESTADUAL
5154,2023-12-10,22:23:32,L01-AUTOBAN,SP330,23.7,NORTE,-23.43748547,-46.78646547,CHOQUE,CHOQUE-BARREIRA DE CONCRETO,NÃO INFORMADO,AUTOMÓVEL=1,SÃO PAULO,REG. METROPOLITANA SÃO PAULO,SÃO PAULO,ESTADUAL
5155,2023-12-11,00:11:06,L01-AUTOBAN,SP330,12.0,NORTE,-23.50917461,-46.73062027,CHOQUE,CHOQUE-BARREIRA DE CONCRETO,NÃO INFORMADO,AUTOMÓVEL=1,SÃO PAULO,REG. METROPOLITANA SÃO PAULO,SÃO PAULO,ESTADUAL
5156,2023-12-11,00:33:41,L01-AUTOBAN,SP330,20.1,SUL,-23.46811394,-46.77930451,CHOQUE,CHOQUE-BARREIRA DE CONCRETO,NÃO INFORMADO,AUTOMÓVEL=1,OSASCO,REG. METROPOLITANA SÃO PAULO,SÃO PAULO,ESTADUAL
5158,2023-12-11,01:41:15,L01-AUTOBAN,SP330,30.7,NORTE,-23.40252563,-46.83443195,COLISÃO,COLISÃO-TRASEIRA,NÃO INFORMADO,AUTOMÓVEL=1,CAJAMAR,REG. METROPOLITANA SÃO PAULO,SÃO PAULO,ESTADUAL
5160,2023-12-11,06:26:33,L01-AUTOBAN,SP330,133.7,SUL,-22.65774894,-47.32176873,CHOQUE,CHOQUE-DEFENSA METÁLICA,NÃO INFORMADO,CARRETA=1,LIMEIRA,CAMPINAS,RIO CLARO,ESTADUAL
5168,2023-12-11,13:58:37,L01-AUTOBAN,SPM330D,109.15,NORTE,-22.82666884,-47.18516673,TOMBAMENTO,TOMBAMENTO-MOTO,NÃO INFORMADO,MOTO=1,SUMARÉ,CAMPINAS,CAMPINAS,ESTADUAL
5170,2023-12-11,15:51:13,L01-AUTOBAN,SP330,102.5,NORTE,-22.86477978,-47.13568479,ENGAVETAMENTO,ENGAVETAMENTO,NÃO INFORMADO,AUTOMÓVEL=1|CAMINHÃO=1|UTILITÁRIO=1|ÔNIBUS=1,CAMPINAS,CAMPINAS,CAMPINAS,ESTADUAL
5171,2023-12-11,15:58:47,L01-AUTOBAN,SPM330D,50.75,NORTE,-23.25015379,-46.8662927,CHOQUE,CHOQUE-DEFENSA METÁLICA,NÃO INFORMADO,CARRETA=1,JUNDIAÍ,CAMPINAS,CAMPINAS,ESTADUAL
5172,2023-12-11,17:02:06,L01-AUTOBAN,SP330,97.54,NORTE,-22.89964795,-47.1093911,ENGAVETAMENTO,ENGAVETAMENTO,NÃO INFORMADO,AUTOMÓVEL=1|UTILITÁRIO=2,CAMPINAS,CAMPINAS,CAMPINAS,ESTADUAL
5176,2023-12-12,07:13:55,L01-AUTOBAN,SP330,21.0,SUL,-23.46099256,-46.78144813,TOMBAMENTO,TOMBAMENTO-MOTO,NÃO INFORMADO,MOTO=1,SÃO PAULO,REG. METROPOLITANA SÃO PAULO,SÃO PAULO,ESTADUAL
5180,2023-12-12,09:01:08,L01-AUTOBAN,SP330,106.0,SUL,-22.84677902,-47.16428518,ENGAVETAMENTO,ENGAVETAMENTO,NÃO INFORMADO,AUTOMÓVEL=4,SUMARÉ,CAMPINAS,CAMPINAS,ESTADUAL
5182,2023-12-12,09:39:33,L01-AUTOBAN,SP330,156.8,SUL,-22.47135661,-47.39942586,CAPOTAMENTO,CAPOTAMENTO,NÃO INFORMADO,UTILITÁRIO=1,CORDEIRÓPOLIS,CAMPINAS,RIO CLARO,ESTADUAL
5183,2023-12-12,10:59:37,L01-AUTOBAN,SP330,36.0,NORTE,-23.360169,-46.848369,CHOQUE,CHOQUE-SINALIZAÇÃO,NÃO INFORMADO,CAMINHÃO=1,CAJAMAR,REG. METROPOLITANA SÃO PAULO,SÃO PAULO,ESTADUAL
5184,2023-12-12,11:06:05,L01-AUTOBAN,SP330,60.4,NORTE,-23.17871801,-46.9142089,TOMBAMENTO,TOMBAMENTO-MOTO,NÃO INFORMADO,MOTO=1,JUNDIAÍ,CAMPINAS,CAMPINAS,ESTADUAL
5185,2023-12-12,13:24:32,L01-AUTOBAN,SP330,125.0,SUL,-22.72853708,-47.29203343,TOMBAMENTO,TOMBAMENTO-MOTO,NÃO INFORMADO,MOTO=1,AMERICANA,CAMPINAS,RIO CLARO,ESTADUAL
5187,2023-12-12,17:29:12,L01-AUTOBAN,SP330,91.0,NORTE,-22.942859,-47.066539,CHOQUE,CHOQUE-DEFENSA METÁLICA,NÃO INFORMADO,AUTOMÓVEL=1,CAMPINAS,CAMPINAS,CAMPINAS,ESTADUAL
5189,2023-12-12,18:34:26,L01-AUTOBAN,SP330,103.0,NORTE,-22.86219711,-47.13924408,CAPOTAMENTO,CAPOTAMENTO,NÃO INFORMADO,AUTOMÓVEL=2|CAMINHÃO=1,CAMPINAS,CAMPINAS,CAMPINAS,ESTADUAL
5190,2023-12-12,18:38:16,L01-AUTOBAN,SP330,118.25,SUL,-22.76764916,-47.24314883,COLISÃO,COLISÃO-LATERAL,NÃO INFORMADO,AUTOMÓVEL=1|NÃO INFORMADO=1,NOVA ODESSA,CAMPINAS,RIO CLARO,ESTADUAL
5191,2023-12-12,19:43:31,L01-AUTOBAN,SPM330D,104.9,NORTE,-22.85222183,-47.15592701,COLISÃO,COLISÃO-TRASEIRA,NÃO INFORMADO,MOTO=1|UTILITÁRIO=1,CAMPINAS,CAMPINAS,CAMPINAS,ESTADUAL
5192,2023-12-12,19:52:23,L01-AUTOBAN,SP330,118.0,NORTE,-22.76886599,-47.24079788,CHOQUE,CHOQUE-DEFENSA METÁLICA,NÃO INFORMADO,BITREM/CVC=1,NOVA ODESSA,CAMPINAS,RIO CLARO,ESTADUAL
5193,2023-12-12,20:22:11,L01-AUTOBAN,SPM330D,106.5,NORTE,-22.84297973,-47.16744239,COLISÃO,COLISÃO-LATERAL,NÃO INFORMADO,AUTOMÓVEL=1|CARRETA=1,SUMARÉ,CAMPINAS,CAMPINAS,ESTADUAL
5195,2023-12-12,21:32:33,L01-AUTOBAN,SP330,85.1,SUL,-22.98908384,-47.03943425,COLISÃO,COLISÃO-LATERAL,NÃO INFORMADO,AUTOMÓVEL=1|NÃO INFORMADO=1,VALINHOS,CAMPINAS,CAMPINAS,ESTADUAL
5196,2023-12-12,23:45:54,L01-AUTOBAN,SP330,139.0,SUL,-22.61774957,-47.34906793,ENGAVETAMENTO,ENGAVETAMENTO,NÃO INFORMADO,CAMINHÃO=1|CARRETA=2,LIMEIRA,CAMPINAS,RIO CLARO,ESTADUAL
5199,2023-12-13,07:23:37,L01-AUTOBAN,SP330,61.0,NORTE,-23.17529462,-46.91833198,COLISÃO,COLISÃO-TRASEIRA,NÃO INFORMADO,AUTOMÓVEL=2,JUNDIAÍ,CAMPINAS,CAMPINAS,ESTADUAL
5201,2023-12-13,11:37:01,L01-AUTOBAN,SPM330E,98.6,SUL,-22.89128152,-47.11247456,COLISÃO,COLISÃO-TRASEIRA,NÃO INFORMADO,AUTOMÓVEL=2,CAMPINAS,CAMPINAS,CAMPINAS,ESTADUAL
5203,2023-12-13,14:46:27,L01-AUTOBAN,SP330,149.6,NORTE,-22.53280155,-47.38456903,COLISÃO,COLISÃO-TRANSVERSAL,NÃO INFORMADO,AUTOMÓVEL=1|BITREM/CVC=1,LIMEIRA,CAMPINAS,RIO CLARO,ESTADUAL
5205,2023-12-13,17:30:41,L01-AUTOBAN,SP330,20.0,NORTE,-23.46894457,-46.77887321,COLISÃO,COLISÃO-LATERAL,NÃO INFORMADO,AUTOMÓVEL=1|MOTO=1,OSASCO,REG. METROPOLITANA SÃO PAULO,SÃO PAULO,ESTADUAL
5206,2023-12-13,18:30:17,L01-AUTOBAN,SP330,105.0,NORTE,-22.8517126,-47.15673745,ENGAVETAMENTO,ENGAVETAMENTO,NÃO INFORMADO,AUTOMÓVEL=2|UTILITÁRIO=1,CAMPINAS,CAMPINAS,CAMPINAS,ESTADUAL
5207,2023-12-13,19:25:02,L01-AUTOBAN,SP330,101.4,NORTE,-22.87123257,-47.12769664,ENGAVETAMENTO,ENGAVETAMENTO,NÃO INFORMADO,AUTOMÓVEL=3,CAMPINAS,CAMPINAS,CAMPINAS,ESTADUAL
5209,2023-12-13,22:43:15,L01-AUTOBAN,SP330,71.26,SUL,-23.09596922,-46.96932765,CHOQUE,CHOQUE-VEÍCULO PARADO NO ACOSTAMENTO,NÃO INFORMADO,CAMINHÃO=1|ÔNIBUS=1,LOUVEIRA,CAMPINAS,CAMPINAS,ESTADUAL
5213,2023-12-14,08:05:29,L01-AUTOBAN,SP330,111.0,SUL,-22.81811818,-47.20174491,COLISÃO,COLISÃO-LATERAL,NÃO INFORMADO,AUTOMÓVEL=1|MOTO=1,SUMARÉ,CAMPINAS,CAMPINAS,ESTADUAL
5214,2023-12-14,08:37:07,L01-AUTOBAN,SP330,12.5,SUL,-23.50881797,-46.73522562,COLISÃO,COLISÃO-TRASEIRA,NÃO INFORMADO,MOTO=1|NÃO INFORMADO=1,SÃO PAULO,REG. METROPOLITANA SÃO PAULO,SÃO PAULO,ESTADUAL
5215,2023-12-14,08:50:28,L01-AUTOBAN,SP330,109.0,NORTE,-22.82737416,-47.18387604,CHOQUE,CHOQUE-DEFENSA METÁLICA,NÃO INFORMADO,CAMINHÃO=1,SUMARÉ,CAMPINAS,CAMPINAS,ESTADUAL
5217,2023-12-14,08:58:32,L01-AUTOBAN,SP330,111.0,NORTE,-22.81770778,-47.20173419,ENGAVETAMENTO,ENGAVETAMENTO,NÃO INFORMADO,AUTOMÓVEL=2|UTILITÁRIO=1|VAN/PERUA=1,SUMARÉ,CAMPINAS,CAMPINAS,ESTADUAL
5219,2023-12-14,09:56:40,L01-AUTOBAN,SP330,82.5,NORTE,-23.00926788,-47.02531993,COLISÃO,COLISÃO-LATERAL,NÃO INFORMADO,AUTOMÓVEL=1|CARRETA=1|MOTO=1,VALINHOS,CAMPINAS,CAMPINAS,ESTADUAL
5220,2023-12-14,10:12:46,L01-AUTOBAN,SP330,67.0,SUL,-23.13062717,-46.9506526,CHOQUE,CHOQUE-TALUDE OU BARRANCO,NÃO INFORMADO,CAMINHÃO=1,JUNDIAÍ,CAMPINAS,CAMPINAS,ESTADUAL
5222,2023-12-14,12:01:44,L01-AUTOBAN,SP330,61.0,SUL,-23.17530448,-46.91870213,COLISÃO,COLISÃO-LATERAL,NÃO INFORMADO,AUTOMÓVEL=1|NÃO INFORMADO=1,JUNDIAÍ,CAMPINAS,CAMPINAS,ESTADUAL
5223,2023-12-14,12:38:43,L01-AUTOBAN,SP330,13.5,SUL,-23.50766934,-46.74503982,COLISÃO,COLISÃO-FRONTAL,NÃO INFORMADO,MOTO=2|NÃO INFORMADO=1,SÃO PAULO,REG. METROPOLITANA SÃO PAULO,SÃO PAULO,ESTADUAL
5225,2023-12-14,12:56:55,L01-AUTOBAN,SP330,104.0,SUL,-22.85707606,-47.14874983,COLISÃO,COLISÃO-LATERAL,NÃO INFORMADO,AUTOMÓVEL=1|MOTO=1,CAMPINAS,CAMPINAS,CAMPINAS,ESTADUAL
5227,2023-12-14,13:45:23,L01-AUTOBAN,SP330,46.9,NORTE,-23.28260513,-46.87212289,TOMBAMENTO,TOMBAMENTO-MOTO,NÃO INFORMADO,MOTO=1,CAJAMAR,REG. METROPOLITANA SÃO PAULO,SÃO PAULO,ESTADUAL
5228,2023-12-14,14:06:19,L01-AUTOBAN,SPM330E,56.0,SUL,-23.21105335,-46.89180493,COLISÃO,COLISÃO-LATERAL,NÃO INFORMADO,AUTOMÓVEL=1|NÃO INFORMADO=1,JUNDIAÍ,CAMPINAS,CAMPINAS,ESTADUAL
5229,2023-12-14,14:36:57,L01-AUTOBAN,SP330,72.5,NORTE,-23.08644833,-46.97531209,TOMBAMENTO,TOMBAMENTO,NÃO INFORMADO,NÃO INFORMADO=1|UTILITÁRIO=1,LOUVEIRA,CAMPINAS,CAMPINAS,ESTADUAL
5230,2023-12-14,15:45:45,L01-AUTOBAN,SP330,116.0,NORTE,-22.78318009,-47.23063767,COLISÃO,COLISÃO-TRASEIRA,NÃO INFORMADO,AUTOMÓVEL=1|MOTO=1,NOVA ODESSA,CAMPINAS,RIO CLARO,ESTADUAL
5231,2023-12-14,16:24:17,L01-AUTOBAN,SP330,54.5,SUL,-23.21974992,-46.88081056,COLISÃO,COLISÃO-TRASEIRA,NÃO INFORMADO,MOTO=1|NÃO INFORMADO=1,JUNDIAÍ,CAMPINAS,CAMPINAS,ESTADUAL
5233,2023-12-14,17:42:53,L01-AUTOBAN,SPM330D,100.0,NORTE,-22.88033176,-47.11758256,ENGAVETAMENTO,ENGAVETAMENTO,NÃO INFORMADO,CAMINHÃO=1|UTILITÁRIO=2,CAMPINAS,CAMPINAS,CAMPINAS,ESTADUAL
5236,2023-12-14,22:48:24,L01-AUTOBAN,SP330,102.4,NORTE,-22.8652963,-47.13497294,ENGAVETAMENTO,ENGAVETAMENTO,NÃO INFORMADO,AUTOMÓVEL=4,CAMPINAS,CAMPINAS,CAMPINAS,ESTADUAL
5239,2023-12-15,06:18:23,L01-AUTOBAN,SP330,153.4,NORTE,-22.50203674,-47.39906752,COLISÃO,COLISÃO-TRASEIRA,NÃO INFORMADO,CARRETA=1|MOTO=1,CORDEIRÓPOLIS,CAMPINAS,RIO CLARO,ESTADUAL
5240,2023-12-15,07:28:02,L01-AUTOBAN,SP330,12.0,SUL,-23.50948451,-46.73040569,COLISÃO,COLISÃO-TRASEIRA,NÃO INFORMADO,MOTO=1|UTILITÁRIO=1,SÃO PAULO,REG. METROPOLITANA SÃO PAULO,SÃO PAULO,ESTADUAL
5241,2023-12-15,07:41:35,L01-AUTOBAN,SP330,97.9,SUL,-22.89705854,-47.11064154,COLISÃO,COLISÃO-LATERAL,NÃO INFORMADO,MOTO=1|ÔNIBUS=1,CAMPINAS,CAMPINAS,CAMPINAS,ESTADUAL
5242,2023-12-15,07:50:32,L01-AUTOBAN,SP330,100.4,SUL,-22.87795344,-47.12068106,COLISÃO,COLISÃO-LATERAL,NÃO INFORMADO,AUTOMÓVEL=1|MOTO=1|NÃO INFORMADO=1,CAMPINAS,CAMPINAS,CAMPINAS,ESTADUAL
5243,2023-12-15,08:25:46,L01-AUTOBAN,SP330,111.1,SUL,-22.81769097,-47.20250075,COLISÃO,COLISÃO-TRASEIRA,NÃO INFORMADO,AUTOMÓVEL=2,SUMARÉ,CAMPINAS,CAMPINAS,ESTADUAL
5244,2023-12-15,10:11:24,L01-AUTOBAN,SP330,26.0,NORTE,-23.42050663,-46.79456413,COLISÃO,COLISÃO-LATERAL,NÃO INFORMADO,CARRETA=1|VAN/PERUA=1,SÃO PAULO,REG. METROPOLITANA SÃO PAULO,SÃO PAULO,ESTADUAL
5246,2023-12-15,12:45:30,L01-AUTOBAN,SP330,137.4,SUL,-22.62823025,-47.339251,COLISÃO,COLISÃO-LATERAL,NÃO INFORMADO,AUTOMÓVEL=1|CAMINHÃO=1,LIMEIRA,CAMPINAS,RIO CLARO,ESTADUAL
5247,2023-12-15,16:03:11,L01-AUTOBAN,SP330,120.5,NORTE,-22.756649,-47.254609,CHOQUE,CHOQUE-BARREIRA DE CONCRETO,NÃO INFORMADO,BITREM/CVC=1,AMERICANA,CAMPINAS,RIO CLARO,ESTADUAL
5248,2023-12-15,16:09:20,L01-AUTOBAN,SPM330D,16.9,NORTE,-23.49070436,-46.76596427,TOMBAMENTO,TOMBAMENTO-MOTO,NÃO INFORMADO,MOTO=1,SÃO PAULO,REG. METROPOLITANA SÃO PAULO,SÃO PAULO,ESTADUAL
5250,2023-12-15,17:43:54,L01-AUTOBAN,SP330,82.0,NORTE,-23.0130822,-47.02276647,COLISÃO,COLISÃO-LATERAL,NÃO INFORMADO,AUTOMÓVEL=1|CARRETA=1,VALINHOS,CAMPINAS,CAMPINAS,ESTADUAL
5251,2023-12-15,18:04:35,L01-AUTOBAN,SP330,61.5,SUL,-23.17205945,-46.92265838,COLISÃO,COLISÃO-TRASEIRA,NÃO INFORMADO,NÃO INFORMADO=1|UTILITÁRIO=1,JUNDIAÍ,CAMPINAS,CAMPINAS,ESTADUAL
5252,2023-12-15,18:04:39,L01-AUTOBAN,SP330,83.0,NORTE,-23.00545356,-47.0278734,COLISÃO,COLISÃO-TRASEIRA,NÃO INFORMADO,AUTOMÓVEL=1|MOTO=1,VALINHOS,CAMPINAS,CAMPINAS,ESTADUAL
5256,2023-12-15,20:40:24,L01-AUTOBAN,SP330,118.0,NORTE,-22.76886599,-47.24079788,COLISÃO,COLISÃO-TRASEIRA,NÃO INFORMADO,AUTOMÓVEL=1|NÃO INFORMADO=1,NOVA ODESSA,CAMPINAS,RIO CLARO,ESTADUAL
5259,2023-12-15,23:13:30,L01-AUTOBAN,SP330,73.5,NORTE,-23.078731,-46.9806155,COLISÃO,COLISÃO-LATERAL,NÃO INFORMADO,MOTO=1|NÃO INFORMADO=1,LOUVEIRA,CAMPINAS,CAMPINAS,ESTADUAL
5260,2023-12-15,23:50:51,L01-AUTOBAN,SP330,100.315,NORTE,-22.87827823,-47.11983845,COLISÃO,COLISÃO-TRASEIRA,NÃO INFORMADO,AUTOMÓVEL=2|MOTO=1|NÃO INFORMADO=1,CAMPINAS,CAMPINAS,CAMPINAS,ESTADUAL
5261,2023-12-16,02:35:57,L01-AUTOBAN,SP330,12.46,SUL,-23.50887129,-46.73484002,COLISÃO,COLISÃO-FRONTAL,NÃO INFORMADO,AUTOMÓVEL=2,SÃO PAULO,REG. METROPOLITANA SÃO PAULO,SÃO PAULO,ESTADUAL
5263,2023-12-16,13:11:50,L01-AUTOBAN,SP330,103.0,SUL,-22.862525,-47.139454,TOMBAMENTO,TOMBAMENTO-MOTO,NÃO INFORMADO,MOTO=1,CAMPINAS,CAMPINAS,CAMPINAS,ESTADUAL
5264,2023-12-16,13:57:27,L01-AUTOBAN,SP330,104.0,SUL,-22.85707606,-47.14874983,COLISÃO,COLISÃO-TRASEIRA,NÃO INFORMADO,AUTOMÓVEL=2,CAMPINAS,CAMPINAS,CAMPINAS,ESTADUAL
5266,2023-12-16,15:31:26,L01-AUTOBAN,SP330,15.5,NORTE,-23.49697206,-46.75666183,CHOQUE,CHOQUE-BARREIRA DE CONCRETO,NÃO INFORMADO,AUTOMÓVEL=1,SÃO PAULO,REG. METROPOLITANA SÃO PAULO,SÃO PAULO,ESTADUAL
5269,2023-12-16,16:06:15,L01-AUTOBAN,SP330,19.9,SUL,-23.46938595,-46.77842206,TOMBAMENTO,TOMBAMENTO-MOTO,NÃO INFORMADO,MOTO=1,OSASCO,REG. METROPOLITANA SÃO PAULO,SÃO PAULO,ESTADUAL
5270,2023-12-16,17:26:24,L01-AUTOBAN,SPM330E,25.0,SUL,-23.42658,-46.787612,TOMBAMENTO,TOMBAMENTO-MOTO,NÃO INFORMADO,MOTO=1,SÃO PAULO,REG. METROPOLITANA SÃO PAULO,SÃO PAULO,ESTADUAL
5272,2023-12-16,21:03:18,L01-AUTOBAN,SP330,36.5,NORTE,-23.35573375,-46.84748667,TOMBAMENTO,TOMBAMENTO-MOTO,NÃO INFORMADO,MOTO=1,CAJAMAR,REG. METROPOLITANA SÃO PAULO,SÃO PAULO,ESTADUAL
5273,2023-12-16,23:15:25,L01-AUTOBAN,SP330,63.0,SUL,-23.16087896,-46.93192005,CHOQUE,CHOQUE-VEÍCULO PARADO NO ACOSTAMENTO,NÃO INFORMADO,AUTOMÓVEL=1|CARRETA=1,JUNDIAÍ,CAMPINAS,CAMPINAS,ESTADUAL
5274,2023-12-17,02:10:12,L01-AUTOBAN,SP330,72.5,SUL,-23.08663813,-46.97544426,COLISÃO,COLISÃO-TRASEIRA,NÃO INFORMADO,AUTOMÓVEL=3,LOUVEIRA,CAMPINAS,CAMPINAS,ESTADUAL
5276,2023-12-17,07:24:04,L01-AUTOBAN,SP330,104.4,SUL,-22.85508095,-47.1519642,TOMBAMENTO,TOMBAMENTO-MOTO,NÃO INFORMADO,MOTO=1,CAMPINAS,CAMPINAS,CAMPINAS,ESTADUAL
5277,2023-12-17,09:40:02,L01-AUTOBAN,SP330,18.0,NORTE,-23.48241663,-46.7709446,TOMBAMENTO,TOMBAMENTO-MOTO,NÃO INFORMADO,MOTO=1,OSASCO,REG. METROPOLITANA SÃO PAULO,SÃO PAULO,ESTADUAL
5279,2023-12-17,12:04:36,L01-AUTOBAN,SP330,158.4,SUL,-22.45681223,-47.39907763,CAPOTAMENTO,CAPOTAMENTO,NÃO INFORMADO,AUTOMÓVEL=1,CORDEIRÓPOLIS,CAMPINAS,RIO CLARO,ESTADUAL
5280,2023-12-17,12:34:34,L01-AUTOBAN,SP330,45.34,SUL,-23.29386156,-46.86487556,COLISÃO,COLISÃO-TRASEIRA,NÃO INFORMADO,AUTOMÓVEL=1|MOTO=1,CAJAMAR,REG. METROPOLITANA SÃO PAULO,SÃO PAULO,ESTADUAL
5284,2023-12-17,17:09:52,L01-AUTOBAN,SP330,148.3,NORTE,-22.545053,-47.37612,COLISÃO,COLISÃO-LATERAL,NÃO INFORMADO,MOTO=1|UTILITÁRIO=1,LIMEIRA,CAMPINAS,RIO CLARO,ESTADUAL
5285,2023-12-17,17:31:49,L01-AUTOBAN,SP330,18.8,SUL,-23.47540814,-46.77233398,COLISÃO,COLISÃO-TRASEIRA,NÃO INFORMADO,AUTOMÓVEL=1|NÃO INFORMADO=1,OSASCO,REG. METROPOLITANA SÃO PAULO,SÃO PAULO,ESTADUAL
5286,2023-12-17,19:46:36,L01-AUTOBAN,SPM330D,99.0,NORTE,-22.88773025,-47.11325347,COLISÃO,COLISÃO-TRASEIRA,NÃO INFORMADO,NÃO INFORMADO=1|ÔNIBUS=1,CAMPINAS,CAMPINAS,CAMPINAS,ESTADUAL
5288,2023-12-18,00:52:59,L01-AUTOBAN,SP330,135.3,SUL,-22.64411897,-47.32767751,COLISÃO,COLISÃO-TRASEIRA,NÃO INFORMADO,AUTOMÓVEL=1|CAMINHÃO=1,LIMEIRA,CAMPINAS,RIO CLARO,ESTADUAL
5293,2023-12-18,08:42:10,L01-AUTOBAN,SP330,108.0,SUL,-22.83292646,-47.17737973,COLISÃO,COLISÃO-TRASEIRA,NÃO INFORMADO,NÃO INFORMADO=1|UTILITÁRIO=1,SUMARÉ,CAMPINAS,CAMPINAS,ESTADUAL
5294,2023-12-18,09:26:47,L01-AUTOBAN,SP330,44.4,SUL,-23.30020821,-46.85974396,COLISÃO,COLISÃO-LATERAL,NÃO INFORMADO,CAMINHÃO=2,CAJAMAR,REG. METROPOLITANA SÃO PAULO,SÃO PAULO,ESTADUAL
5295,2023-12-18,10:54:38,L01-AUTOBAN,SPM330D,112.3,NORTE,-22.81170087,-47.21118202,COLISÃO,COLISÃO-TRASEIRA,NÃO INFORMADO,AUTOMÓVEL=1|CARRETA=1,SUMARÉ,CAMPINAS,CAMPINAS,ESTADUAL
5296,2023-12-18,13:43:41,L01-AUTOBAN,SP330,148.5,NORTE,-22.541258,-47.3787185,TOMBAMENTO,TOMBAMENTO-MOTO,NÃO INFORMADO,MOTO=1,LIMEIRA,CAMPINAS,RIO CLARO,ESTADUAL
5298,2023-12-18,13:52:07,L01-AUTOBAN,SPM330D,112.5,NORTE,-22.81035984,-47.21265614,COLISÃO,COLISÃO-TRASEIRA,NÃO INFORMADO,AUTOMÓVEL=2,SUMARÉ,CAMPINAS,CAMPINAS,ESTADUAL
5300,2023-12-18,14:45:46,L01-AUTOBAN,SPM330D,112.5,NORTE,-22.81035984,-47.21265614,CHOQUE,CHOQUE-DEFENSA METÁLICA,NÃO INFORMADO,AUTOMÓVEL=1,SUMARÉ,CAMPINAS,CAMPINAS,ESTADUAL
5301,2023-12-18,15:27:22,L01-AUTOBAN,SP330,108.0,SUL,-22.83292646,-47.17737973,ENGAVETAMENTO,ENGAVETAMENTO,NÃO INFORMADO,AUTOMÓVEL=4,SUMARÉ,CAMPINAS,CAMPINAS,ESTADUAL
5303,2023-12-18,16:15:48,L01-AUTOBAN,SP330,49.0,SUL,-23.26546694,-46.86764896,COLISÃO,COLISÃO-LATERAL,NÃO INFORMADO,AUTOMÓVEL=1|CARRETA=1,JUNDIAÍ,CAMPINAS,CAMPINAS,ESTADUAL
5305,2023-12-18,23:56:41,L01-AUTOBAN,SP330,28.2,NORTE,-23.4106387,-46.81300808,COLISÃO,COLISÃO-TRASEIRA,NÃO INFORMADO,AUTOMÓVEL=1|MOTO=1,SÃO PAULO,REG. METROPOLITANA SÃO PAULO,SÃO PAULO,ESTADUAL
5307,2023-12-19,03:47:26,L01-AUTOBAN,SP330,53.4,SUL,-23.23091458,-46.87308512,COLISÃO,COLISÃO-TRASEIRA,NÃO INFORMADO,CARRETA=1|UTILITÁRIO=1,JUNDIAÍ,CAMPINAS,CAMPINAS,ESTADUAL
5308,2023-12-19,03:50:23,L01-AUTOBAN,SP330,124.44,NORTE,-22.73141409,-47.2885352,TOMBAMENTO,TOMBAMENTO-MOTO,NÃO INFORMADO,MOTO=1,AMERICANA,CAMPINAS,RIO CLARO,ESTADUAL
5310,2023-12-19,07:04:43,L01-AUTOBAN,SP330,99.1,SUL,-22.88722812,-47.11392885,ENGAVETAMENTO,ENGAVETAMENTO,NÃO INFORMADO,AUTOMÓVEL=3|NÃO INFORMADO=2,CAMPINAS,CAMPINAS,CAMPINAS,ESTADUAL
5313,2023-12-19,16:22:07,L01-AUTOBAN,SP330,157.0,NORTE,-22.46956517,-47.39890873,COLISÃO,COLISÃO-TRASEIRA,NÃO INFORMADO,CAMINHÃO=1|UTILITÁRIO=1,CORDEIRÓPOLIS,CAMPINAS,RIO CLARO,ESTADUAL
5314,2023-12-19,17:26:19,L01-AUTOBAN,SP330,102.8,NORTE,-22.86323016,-47.13782038,COLISÃO,COLISÃO-TRASEIRA,NÃO INFORMADO,AUTOMÓVEL=1|CAMINHÃO=2,CAMPINAS,CAMPINAS,CAMPINAS,ESTADUAL
5316,2023-12-19,19:49:42,L01-AUTOBAN,SPI102/330,2.0,NORTE,-22.881597,-47.13049471,TOMBAMENTO,TOMBAMENTO-MOTO,NÃO INFORMADO,MOTO=1,CAMPINAS,CAMPINAS,CAMPINAS,ESTADUAL
5317,2023-12-19,20:42:55,L01-AUTOBAN,SPM330D,108.97,NORTE,-22.82753049,-47.18367488,TOMBAMENTO,TOMBAMENTO-MOTO,NÃO INFORMADO,MOTO=1,SUMARÉ,CAMPINAS,CAMPINAS,ESTADUAL
5319,2023-12-20,07:56:25,L01-AUTOBAN,SP330,23.8,NORTE,-23.43650359,-46.78640592,CHOQUE,CHOQUE-BARREIRA DE CONCRETO,NÃO INFORMADO,CARRETA=1,SÃO PAULO,REG. METROPOLITANA SÃO PAULO,SÃO PAULO,ESTADUAL
5321,2023-12-20,08:09:35,L01-AUTOBAN,SPM330E,98.6,SUL,-22.89128152,-47.11247456,COLISÃO,COLISÃO-LATERAL,NÃO INFORMADO,AUTOMÓVEL=1|MOTO=1,CAMPINAS,CAMPINAS,CAMPINAS,ESTADUAL
5322,2023-12-20,08:51:14,L01-AUTOBAN,SP330,32.0,NORTE,-23.39275,-46.835307,COLISÃO,COLISÃO-TRASEIRA,NÃO INFORMADO,MOTO=1|NÃO INFORMADO=1,CAJAMAR,REG. METROPOLITANA SÃO PAULO,SÃO PAULO,ESTADUAL
5325,2023-12-20,12:33:47,L01-AUTOBAN,SP330,26.6,SUL,-23.42090535,-46.79437637,COLISÃO,COLISÃO-LATERAL,NÃO INFORMADO,AUTOMÓVEL=1|MOTO=1,SÃO PAULO,REG. METROPOLITANA SÃO PAULO,SÃO PAULO,ESTADUAL
5326,2023-12-20,14:32:07,L01-AUTOBAN,SP330,131.15,NORTE,-22.67771153,-47.31108837,COLISÃO,COLISÃO-TRASEIRA,NÃO INFORMADO,AUTOMÓVEL=2,LIMEIRA,CAMPINAS,RIO CLARO,ESTADUAL
5330,2023-12-20,16:39:20,L01-AUTOBAN,SP330,20.0,NORTE,-23.46894457,-46.77887321,ENGAVETAMENTO,ENGAVETAMENTO,NÃO INFORMADO,AUTOMÓVEL=2|UTILITÁRIO=1,OSASCO,REG. METROPOLITANA SÃO PAULO,SÃO PAULO,ESTADUAL
5335,2023-12-21,03:05:10,L01-AUTOBAN,SPM330D,96.5,NORTE,-22.90776387,-47.10460067,CHOQUE,CHOQUE-BARREIRA DE CONCRETO,NÃO INFORMADO,AUTOMÓVEL=2,CAMPINAS,CAMPINAS,CAMPINAS,ESTADUAL
5337,2023-12-21,07:09:56,L01-AUTOBAN,SP330,61.0,NORTE,-23.17529462,-46.91833198,COLISÃO,COLISÃO-TRASEIRA,NÃO INFORMADO,AUTOMÓVEL=2,JUNDIAÍ,CAMPINAS,CAMPINAS,ESTADUAL
5339,2023-12-21,09:52:12,L01-AUTOBAN,SPM330D,58.8,NORTE,-23.19052428,-46.90599596,TOMBAMENTO,TOMBAMENTO-MOTO,NÃO INFORMADO,MOTO=1,JUNDIAÍ,CAMPINAS,CAMPINAS,ESTADUAL
5342,2023-12-21,12:44:37,L01-AUTOBAN,SP330,75.7,NORTE,-23.06255273,-46.99272418,TOMBAMENTO,TOMBAMENTO-MOTO,NÃO INFORMADO,MOTO=1,VINHEDO,CAMPINAS,CAMPINAS,ESTADUAL
5344,2023-12-21,17:04:04,L01-AUTOBAN,SPM330D,59.2,NORTE,-23.18734375,-46.90754629,CHOQUE,CHOQUE-DEFENSA METÁLICA,NÃO INFORMADO,AUTOMÓVEL=1,JUNDIAÍ,CAMPINAS,CAMPINAS,ESTADUAL
5345,2023-12-21,17:11:22,L01-AUTOBAN,SP330,148.0,NORTE,-22.545053,-47.37612,TOMBAMENTO,TOMBAMENTO-MOTO,NÃO INFORMADO,MOTO=1|NÃO INFORMADO=1,LIMEIRA,CAMPINAS,RIO CLARO,ESTADUAL
5346,2023-12-21,17:51:07,L01-AUTOBAN,SPM330D,13.6,NORTE,-23.5073948,-46.7460242,COLISÃO,COLISÃO-LATERAL,NÃO INFORMADO,MOTO=1|NÃO INFORMADO=1,SÃO PAULO,REG. METROPOLITANA SÃO PAULO,SÃO PAULO,ESTADUAL
5347,2023-12-21,17:55:26,L01-AUTOBAN,SP330,143.42,SUL,-22.58377535,-47.36741531,COLISÃO,COLISÃO-TRASEIRA,NÃO INFORMADO,BITREM/CVC=1|NÃO INFORMADO=1,LIMEIRA,CAMPINAS,RIO CLARO,ESTADUAL
5348,2023-12-21,22:39:23,L01-AUTOBAN,SP330,63.0,SUL,-23.16087896,-46.93192005,COLISÃO,COLISÃO-LATERAL,NÃO INFORMADO,CAMINHÃO=1|UTILITÁRIO=1,JUNDIAÍ,CAMPINAS,CAMPINAS,ESTADUAL
5352,2023-12-22,02:03:43,L01-AUTOBAN,SP330,22.5,NORTE,-23.44868954,-46.78668648,TOMBAMENTO,TOMBAMENTO,NÃO INFORMADO,AUTOMÓVEL=1,SÃO PAULO,REG. METROPOLITANA SÃO PAULO,SÃO PAULO,ESTADUAL
5354,2023-12-22,06:15:09,L01-AUTOBAN,SP330,137.0,SUL,-22.6309357,-47.33670831,CHOQUE,CHOQUE-BARREIRA DE CONCRETO,NÃO INFORMADO,UTILITÁRIO=1,LIMEIRA,CAMPINAS,RIO CLARO,ESTADUAL
5355,2023-12-22,06:36:41,L01-AUTOBAN,SP330,102.3,SUL,-22.868355,-47.132428,COLISÃO,COLISÃO-LATERAL,NÃO INFORMADO,AUTOMÓVEL=1|CARRETA=1,CAMPINAS,CAMPINAS,CAMPINAS,ESTADUAL
5356,2023-12-22,07:57:58,L01-AUTOBAN,SP330,24.6,NORTE,-23.42949212,-46.78703993,TOMBAMENTO,TOMBAMENTO-MOTO,NÃO INFORMADO,MOTO=1,SÃO PAULO,REG. METROPOLITANA SÃO PAULO,SÃO PAULO,ESTADUAL
5358,2023-12-22,08:52:40,L01-AUTOBAN,SPM330E,13.5,SUL,-23.50766934,-46.74503982,CHOQUE,CHOQUE-ELEMENTO DE DRENAGEM,NÃO INFORMADO,AUTOMÓVEL=1,SÃO PAULO,REG. METROPOLITANA SÃO PAULO,SÃO PAULO,ESTADUAL
5359,2023-12-22,11:12:01,L01-AUTOBAN,SPM330E,115.5,SUL,-22.7920069,-47.22654034,CHOQUE,CHOQUE-BARREIRA DE CONCRETO,NÃO INFORMADO,AUTOMÓVEL=1,SUMARÉ,CAMPINAS,CAMPINAS,ESTADUAL
5360,2023-12-22,13:33:50,L01-AUTOBAN,SP330,98.5,NORTE,-22.89180239,-47.11200088,TOMBAMENTO,TOMBAMENTO-MOTO,NÃO INFORMADO,MOTO=1,CAMPINAS,CAMPINAS,CAMPINAS,ESTADUAL
5361,2023-12-22,15:46:32,L01-AUTOBAN,SPM330E,15.7,SUL,-23.49709259,-46.75676644,COLISÃO,COLISÃO-TRASEIRA,NÃO INFORMADO,AUTOMÓVEL=1|CAMINHÃO=1,SÃO PAULO,REG. METROPOLITANA SÃO PAULO,SÃO PAULO,ESTADUAL
5362,2023-12-22,16:03:17,L01-AUTOBAN,SP330,123.0,SUL,-22.73866001,-47.27646053,COLISÃO,COLISÃO-TRASEIRA,NÃO INFORMADO,AUTOMÓVEL=1|NÃO INFORMADO=1,AMERICANA,CAMPINAS,RIO CLARO,ESTADUAL
5363,2023-12-22,16:31:46,L01-AUTOBAN,SP330,21.4,NORTE,-23.46071206,-46.78140521,COLISÃO,COLISÃO-LATERAL,NÃO INFORMADO,AUTOMÓVEL=2|MOTO=1,SÃO PAULO,REG. METROPOLITANA SÃO PAULO,SÃO PAULO,ESTADUAL
5364,2023-12-22,17:42:53,L01-AUTOBAN,SP330,20.0,NORTE,-23.46894457,-46.77887321,COLISÃO,COLISÃO-TRASEIRA,NÃO INFORMADO,AUTOMÓVEL=1|MOTO=1,OSASCO,REG. METROPOLITANA SÃO PAULO,SÃO PAULO,ESTADUAL
5365,2023-12-22,18:14:27,L01-AUTOBAN,SP330,16.1,NORTE,-23.49371526,-46.75959564,COLISÃO,COLISÃO-TRASEIRA,NÃO INFORMADO,AUTOMÓVEL=2,OSASCO,REG. METROPOLITANA SÃO PAULO,SÃO PAULO,ESTADUAL
5366,2023-12-22,18:45:50,L01-AUTOBAN,SP330,19.3,NORTE,-23.47228219,-46.77449852,TOMBAMENTO,TOMBAMENTO-MOTO,NÃO INFORMADO,AUTOMÓVEL=2|MOTO=1,OSASCO,REG. METROPOLITANA SÃO PAULO,SÃO PAULO,ESTADUAL
5367,2023-12-22,20:45:08,L01-AUTOBAN,SP330,86.8,NORTE,-22.97645715,-47.04738444,CHOQUE,CHOQUE-BARREIRA DE CONCRETO,NÃO INFORMADO,AUTOMÓVEL=1|NÃO INFORMADO=1,CAMPINAS,CAMPINAS,CAMPINAS,ESTADUAL
5368,2023-12-22,20:48:07,L01-AUTOBAN,SP330,41.0,SUL,-23.32351843,-46.84717298,COLISÃO,COLISÃO-LATERAL,NÃO INFORMADO,AUTOMÓVEL=1|NÃO INFORMADO=1,CAJAMAR,REG. METROPOLITANA SÃO PAULO,SÃO PAULO,ESTADUAL
5374,2023-12-23,12:21:41,L01-AUTOBAN,SP330,16.5,NORTE,-23.49220981,-46.76277995,CHOQUE,CHOQUE-VEÍCULO PARADO NA PISTA,NÃO INFORMADO,AUTOMÓVEL=1|CAMINHÃO=1,OSASCO,REG. METROPOLITANA SÃO PAULO,SÃO PAULO,ESTADUAL
5375,2023-12-23,12:59:20,L01-AUTOBAN,SPM330E,92.0,SUL,-22.9351263,-47.07110524,COLISÃO,COLISÃO-LATERAL,NÃO INFORMADO,AUTOMÓVEL=2,CAMPINAS,CAMPINAS,CAMPINAS,ESTADUAL
5376,2023-12-23,15:22:06,L01-AUTOBAN,SPM330D,56.0,NORTE,-23.21090051,-46.89175129,COLISÃO,COLISÃO-LATERAL,NÃO INFORMADO,AUTOMÓVEL=1|MOTO=1,JUNDIAÍ,CAMPINAS,CAMPINAS,ESTADUAL
5379,2023-12-23,19:44:29,L01-AUTOBAN,SPM330E,56.7,SUL,-23.20752275,-46.8970095,CHOQUE,CHOQUE-SINALIZAÇÃO,NÃO INFORMADO,AUTOMÓVEL=1,JUNDIAÍ,CAMPINAS,CAMPINAS,ESTADUAL
5383,2023-12-23,21:33:06,L01-AUTOBAN,SPM330E,96.54,SUL,-22.90779084,-47.10487512,COLISÃO,COLISÃO-TRASEIRA,NÃO INFORMADO,AUTOMÓVEL=1|MOTO=1,CAMPINAS,CAMPINAS,CAMPINAS,ESTADUAL
5384,2023-12-23,21:38:29,L01-AUTOBAN,SPM330E,96.43,SUL,-22.90860671,-47.10416465,CHOQUE,CHOQUE-VEÍCULO PARADO NA PISTA,NÃO INFORMADO,AUTOMÓVEL=1|UTILITÁRIO=1,CAMPINAS,CAMPINAS,CAMPINAS,ESTADUAL
5385,2023-12-24,00:02:35,L01-AUTOBAN,SP330,98.3,NORTE,-22.89343122,-47.11149985,CHOQUE,CHOQUE-BARREIRA DE CONCRETO,NÃO INFORMADO,MOTO=1,CAMPINAS,CAMPINAS,CAMPINAS,ESTADUAL
5387,2023-12-24,01:31:08,L01-AUTOBAN,SP330,53.8,SUL,-23.23033125,-46.87342881,ATROPELAMENTO DE PEDESTRE,ATROP. PEDESTRE-MORADOR/TRABALHADOR/ESTUDANTE,NÃO INFORMADO,AUTOMÓVEL=1|NÃO SE APLICA=1,JUNDIAÍ,CAMPINAS,CAMPINAS,ESTADUAL
5388,2023-12-24,02:21:14,L01-AUTOBAN,SPM330E,116.0,SUL,-22.7835263,-47.23084152,CHOQUE,CHOQUE-MEIO FIO/CALÇAMENTO,NÃO INFORMADO,AUTOMÓVEL=1,NOVA ODESSA,CAMPINAS,RIO CLARO,ESTADUAL
5390,2023-12-24,04:13:16,L01-AUTOBAN,SPM330E,107.0,SUL,-22.83986774,-47.17085123,CHOQUE,CHOQUE-DEFENSA METÁLICA,NÃO INFORMADO,AUTOMÓVEL=1,SUMARÉ,CAMPINAS,CAMPINAS,ESTADUAL
5391,2023-12-24,05:31:31,L01-AUTOBAN,SPM330D,112.5,NORTE,-22.81035984,-47.21265614,CHOQUE,CHOQUE-BARREIRA DE CONCRETO,NÃO INFORMADO,MOTO=1,SUMARÉ,CAMPINAS,CAMPINAS,ESTADUAL
5396,2023-12-24,18:00:54,L01-AUTOBAN,SP330,114.7,NORTE,-22.79470889,-47.22479902,CHOQUE,CHOQUE-BARREIRA DE CONCRETO,NÃO INFORMADO,MOTO=1,SUMARÉ,CAMPINAS,CAMPINAS,ESTADUAL
5397,2023-12-24,22:50:08,L01-AUTOBAN,SP330,22.555,SUL,-23.44816509,-46.78687252,COLISÃO,COLISÃO-TRASEIRA,NÃO INFORMADO,AUTOMÓVEL=1|MOTO=1,SÃO PAULO,REG. METROPOLITANA SÃO PAULO,SÃO PAULO,ESTADUAL
5398,2023-12-25,01:30:05,L01-AUTOBAN,SP330,38.0,NORTE,-23.34492536,-46.84092879,ATROPELAMENTO DE ANIMAL,ATROP. ANIMAL,NÃO INFORMADO,AUTOMÓVEL=1,CAJAMAR,REG. METROPOLITANA SÃO PAULO,SÃO PAULO,ESTADUAL
5400,2023-12-25,04:00:29,L01-AUTOBAN,SP330,52.3,NORTE,-23.23725068,-46.87017804,CHOQUE,CHOQUE-SINALIZAÇÃO,NÃO INFORMADO,AUTOMÓVEL=1,JUNDIAÍ,CAMPINAS,CAMPINAS,ESTADUAL
5402,2023-12-25,08:39:38,L01-AUTOBAN,SP330,26.0,SUL,-23.42090535,-46.79437637,CHOQUE,CHOQUE-PRAÇA AVI-(ENTRE VEÍCULOS),NÃO INFORMADO,AUTOMÓVEL=1|NÃO INFORMADO=1,SÃO PAULO,REG. METROPOLITANA SÃO PAULO,SÃO PAULO,ESTADUAL
5405,2023-12-25,16:42:06,L01-AUTOBAN,SP330,103.6,NORTE,-22.856805,-47.148633,COLISÃO,COLISÃO-LATERAL,NÃO INFORMADO,AUTOMÓVEL=1|BITREM/CVC=1,CAMPINAS,CAMPINAS,CAMPINAS,ESTADUAL
5406,2023-12-25,17:27:54,L01-AUTOBAN,SP330,19.9,NORTE,-23.46942137,-46.77824825,CHOQUE,CHOQUE-TALUDE OU BARRANCO,NÃO INFORMADO,AUTOMÓVEL=1,OSASCO,REG. METROPOLITANA SÃO PAULO,SÃO PAULO,ESTADUAL
5410,2023-12-26,14:07:19,L01-AUTOBAN,SP330,53.0,NORTE,-23.230639,-46.87295,COLISÃO,COLISÃO-LATERAL,NÃO INFORMADO,AUTOMÓVEL=1|MOTO=1,JUNDIAÍ,CAMPINAS,CAMPINAS,ESTADUAL
5412,2023-12-26,14:57:09,L01-AUTOBAN,SP330,116.26,SUL,-22.78135104,-47.23194613,COLISÃO,COLISÃO-LATERAL,NÃO INFORMADO,CAMINHÃO=1|CARRETA=1,NOVA ODESSA,CAMPINAS,RIO CLARO,ESTADUAL
5413,2023-12-26,17:08:52,L01-AUTOBAN,SPM330D,17.0,NORTE,-23.49032799,-46.76676035,COLISÃO,COLISÃO-LATERAL,NÃO INFORMADO,AUTOMÓVEL=1|ÔNIBUS=1,SÃO PAULO,REG. METROPOLITANA SÃO PAULO,SÃO PAULO,ESTADUAL
5414,2023-12-26,22:30:27,L01-AUTOBAN,SP330,86.2,SUL,-22.98137086,-47.0447198,COLISÃO,COLISÃO-TRASEIRA,NÃO INFORMADO,CAMINHÃO=2,CAMPINAS,CAMPINAS,CAMPINAS,ESTADUAL
5416,2023-12-27,02:57:08,L01-AUTOBAN,SP330,38.0,NORTE,-23.34492536,-46.84092879,CHOQUE,CHOQUE-DEFENSA METÁLICA,NÃO INFORMADO,AUTOMÓVEL=1,CAJAMAR,REG. METROPOLITANA SÃO PAULO,SÃO PAULO,ESTADUAL
5417,2023-12-27,09:12:07,L01-AUTOBAN,SPM330D,106.5,NORTE,-22.846507,-47.164055,CHOQUE,CHOQUE-VEÍCULO PARADO NA PISTA,NÃO INFORMADO,CARRETA=1|TRATOR=1,SUMARÉ,CAMPINAS,CAMPINAS,ESTADUAL
5421,2023-12-27,15:07:49,L01-AUTOBAN,SP330,109.42,NORTE,-22.8253993,-47.18748992,COLISÃO,COLISÃO-LATERAL,NÃO INFORMADO,AUTOMÓVEL=1|CAMINHÃO=1,SUMARÉ,CAMPINAS,CAMPINAS,ESTADUAL
5422,2023-12-27,16:17:05,L01-AUTOBAN,SPM330D,113.0,NORTE,-22.80700721,-47.2163415,TOMBAMENTO,TOMBAMENTO,NÃO INFORMADO,UTILITÁRIO=1,SUMARÉ,CAMPINAS,CAMPINAS,ESTADUAL
5425,2023-12-28,02:39:13,L01-AUTOBAN,SP330,87.2,SUL,-22.9732811,-47.04948126,CAPOTAMENTO,CAPOTAMENTO,NÃO INFORMADO,UTILITÁRIO=1,CAMPINAS,CAMPINAS,CAMPINAS,ESTADUAL
5426,2023-12-28,06:09:58,L01-AUTOBAN,SP330,88.9,SUL,-22.95970669,-47.05724681,COLISÃO,COLISÃO-LATERAL,NÃO INFORMADO,AUTOMÓVEL=1|NÃO INFORMADO=1,CAMPINAS,CAMPINAS,CAMPINAS,ESTADUAL
5428,2023-12-28,09:05:05,L01-AUTOBAN,SP330,19.0,SUL,-23.4737126,-46.77262366,COLISÃO,COLISÃO-LATERAL,NÃO INFORMADO,MOTO=1|NÃO INFORMADO=1,OSASCO,REG. METROPOLITANA SÃO PAULO,SÃO PAULO,ESTADUAL
5430,2023-12-28,12:57:17,L01-AUTOBAN,SPM330E,119.16,SUL,-22.76245093,-47.24898357,CHOQUE,CHOQUE-BARREIRA DE CONCRETO,NÃO INFORMADO,MOTO=1,NOVA ODESSA,CAMPINAS,RIO CLARO,ESTADUAL
5432,2023-12-28,20:09:16,L01-AUTOBAN,SPM330D,89.8,NORTE,-22.95257935,-47.0610695,CHOQUE,CHOQUE-MEIO FIO/CALÇAMENTO,NÃO INFORMADO,UTILITÁRIO=1,CAMPINAS,CAMPINAS,CAMPINAS,ESTADUAL
5435,2023-12-29,01:40:12,L01-AUTOBAN,SP330,46.9,SUL,-23.28289241,-46.87227042,ATROPELAMENTO DE ANIMAL,ATROP. ANIMAL,NÃO INFORMADO,AUTOMÓVEL=1,CAJAMAR,REG. METROPOLITANA SÃO PAULO,SÃO PAULO,ESTADUAL
5438,2023-12-29,06:14:25,L01-AUTOBAN,SPM330E,102.0,SUL,-22.868355,-47.132428,ATROPELAMENTO DE ANIMAL,ATROP. ANIMAL,NÃO INFORMADO,AUTOMÓVEL=1,CAMPINAS,CAMPINAS,CAMPINAS,ESTADUAL
5440,2023-12-29,11:57:38,L01-AUTOBAN,SP330,98.0,SUL,-22.89624517,-47.11095214,COLISÃO,COLISÃO-LATERAL,NÃO INFORMADO,BICICLETA=1|UTILITÁRIO=1,CAMPINAS,CAMPINAS,CAMPINAS,ESTADUAL
5442,2023-12-29,19:30:09,L01-AUTOBAN,SP330,116.0,NORTE,-22.78318009,-47.23063767,CHOQUE,CHOQUE-DEFENSA METÁLICA,NÃO INFORMADO,AUTOMÓVEL=1,NOVA ODESSA,CAMPINAS,RIO CLARO,ESTADUAL
5444,2023-12-29,22:09:12,L01-AUTOBAN,SPM330E,94.82,SUL,-22.92080565,-47.09289454,COLISÃO,COLISÃO-LATERAL,NÃO INFORMADO,AUTOMÓVEL=2,CAMPINAS,CAMPINAS,CAMPINAS,ESTADUAL
5445,2023-12-29,22:46:40,L01-AUTOBAN,SPM330D,109.56,NORTE,-22.82474101,-47.18869455,CHOQUE,CHOQUE-VEÍCULO PARADO NA PISTA,NÃO INFORMADO,AUTOMÓVEL=3,SUMARÉ,CAMPINAS,CAMPINAS,ESTADUAL
5446,2023-12-30,06:10:18,L01-AUTOBAN,SP330,19.0,SUL,-23.4737126,-46.77262366,CHOQUE,CHOQUE-BARREIRA DE CONCRETO,NÃO INFORMADO,AUTOMÓVEL=1,OSASCO,REG. METROPOLITANA SÃO PAULO,SÃO PAULO,ESTADUAL
5448,2023-12-30,11:33:22,L01-AUTOBAN,SP330,20.1,SUL,-23.46811394,-46.77930451,CHOQUE,CHOQUE-BARREIRA DE CONCRETO,NÃO INFORMADO,VAN/PERUA=1,OSASCO,REG. METROPOLITANA SÃO PAULO,SÃO PAULO,ESTADUAL
5449,2023-12-30,12:13:52,L01-AUTOBAN,SP330,53.0,NORTE,-23.230639,-46.87295,COLISÃO,COLISÃO-LATERAL,NÃO INFORMADO,AUTOMÓVEL=1|MOTO=1,JUNDIAÍ,CAMPINAS,CAMPINAS,ESTADUAL
5450,2023-12-30,13:03:18,L01-AUTOBAN,SP330,125.24,NORTE,-22.72601382,-47.29255378,CAPOTAMENTO,CAPOTAMENTO,NÃO INFORMADO,AUTOMÓVEL=2,AMERICANA,CAMPINAS,RIO CLARO,ESTADUAL
5451,2023-12-30,15:46:02,L01-AUTOBAN,SP330,141.8,SUL,-22.61089109,-47.35671222,CHOQUE,CHOQUE-SINALIZAÇÃO,NÃO INFORMADO,AUTOMÓVEL=1,LIMEIRA,CAMPINAS,RIO CLARO,ESTADUAL
5452,2023-12-30,16:28:36,L01-AUTOBAN,SPM330E,99.0,SUL,-22.88797241,-47.11348951,COLISÃO,COLISÃO-TRASEIRA,NÃO INFORMADO,AUTOMÓVEL=1|CAMINHÃO=1,CAMPINAS,CAMPINAS,CAMPINAS,ESTADUAL
5453,2023-12-30,21:19:08,L01-AUTOBAN,SPM330D,109.0,NORTE,-22.82737416,-47.18387604,CHOQUE,CHOQUE-DEFENSA METÁLICA,NÃO INFORMADO,AUTOMÓVEL=1|ÔNIBUS=1,SUMARÉ,CAMPINAS,CAMPINAS,ESTADUAL
5454,2023-12-30,22:05:45,L01-AUTOBAN,SP330,72.5,NORTE,-23.08644833,-46.97531209,ATROPELAMENTO DE PEDESTRE,ATROP. PEDESTRE-AMBULANTE,NÃO INFORMADO,BICICLETA=1|CAMINHÃO=1,LOUVEIRA,CAMPINAS,CAMPINAS,ESTADUAL
5457,2023-12-31,20:57:47,L01-AUTOBAN,SPM330D,96.7,NORTE,-22.9062894,-47.10587953,CHOQUE,CHOQUE-BARREIRA DE CONCRETO,NÃO INFORMADO,AUTOMÓVEL=1|MOTO=1,CAMPINAS,CAMPINAS,CAMPINAS,ESTADUAL
5458,2023-12-31,21:56:49,L01-AUTOBAN,SP330,20.0,SUL,-23.4689052,-46.77906632,COLISÃO,COLISÃO-TRASEIRA,NÃO INFORMADO,AUTOMÓVEL=1|ÔNIBUS=1,OSASCO,REG. METROPOLITANA SÃO PAULO,SÃO PAULO,ESTADUAL
5459,2023-12-31,21:59:03,L01-AUTOBAN,SP330,58.6,NORTE,-23.19211894,-46.90542411,ATROPELAMENTO DE ANIMAL,ATROP. ANIMAL,NÃO INFORMADO,AUTOMÓVEL=1,JUNDIAÍ,CAMPINAS,CAMPINAS,ESTADUAL
11738,2023-01-01,08:49:14,L06-INTERVIAS,SP330,198.9,NORTE,-22.09716005,-47.41610998,COLISÃO,COLISÃO-TRASEIRA,IMPRUD. CONDUTOR,AUTOMÓVEL=2,SANTA CRUZ DA CONCEIÇÃO,CAMPINAS,RIO CLARO,ESTADUAL
11739,2023-01-01,14:50:36,L06-INTERVIAS,SP330,220.2,SUL,-21.91290003,-47.47497999,TOMBAMENTO,TOMBAMENTO,ESTOURO/FURO DE PNEU,MOTO=1,PORTO FERREIRA,CENTRAL,RIO CLARO,ESTADUAL
11744,2023-01-02,22:38:21,L06-INTERVIAS,SP330,211.8,NORTE,-21.98513997,-47.45010001,COLISÃO,COLISÃO-TRASEIRA,IMPRUD. CONDUTOR,CAMINHÃO=2,PIRASSUNUNGA,CAMPINAS,RIO CLARO,ESTADUAL
11746,2023-01-03,09:02:36,L06-INTERVIAS,SP330,212.5,SUL,-21.97925,-47.4524,COLISÃO,COLISÃO-TRASEIRA,IMPRUD. CONDUTOR,CAMINHÃO=2,PIRASSUNUNGA,CAMPINAS,RIO CLARO,ESTADUAL
11748,2023-01-03,20:58:18,L06-INTERVIAS,SP330,192.45,SUL,-22.15327503,-47.40127999,ATROPELAMENTO DE ANIMAL,ATROP. ANIMAL,ANIMAL NA RODOVIA,UTILITÁRIO=1,LEME,CAMPINAS,RIO CLARO,ESTADUAL
11749,2023-01-04,03:15:58,L06-INTERVIAS,SP330,218.4,NORTE,-21.92836005,-47.46945998,ATROPELAMENTO DE ANIMAL,ATROP. ANIMAL,ANIMAL NA RODOVIA,AUTOMÓVEL=1,PIRASSUNUNGA,CAMPINAS,RIO CLARO,ESTADUAL
11750,2023-01-04,06:40:13,L06-INTERVIAS,SP330,211.8,NORTE,-21.98513997,-47.45010001,CHOQUE,"CHOQUE - DEFENSA, BARREIRA OU ""SUBMARINO""",IMPRUD. CONDUTOR-LEVOU FECHADA,CAMINHÃO=1,PIRASSUNUNGA,CAMPINAS,RIO CLARO,ESTADUAL
11755,2023-01-05,09:37:57,L06-INTERVIAS,SP330,164.8,SUL,-22.39991998,-47.39016,OBJETO LANÇADO CONTRA O VEÍCULO,OBJETO LANÇADO CONTRA VEÍCULO,OBJETO LANÇADO,CAMINHONETE=1,ARARAS,CAMPINAS,RIO CLARO,ESTADUAL
11756,2023-01-06,16:34:56,L06-INTERVIAS,SP330,160.0,SUL,-22.4424,-47.3978,OBJETO LANÇADO CONTRA O VEÍCULO,OBJETO LANÇADO CONTRA VEÍCULO,OBJETO LANÇADO,AUTOMÓVEL=1,CORDEIRÓPOLIS,CAMPINAS,RIO CLARO,ESTADUAL
11757,2023-01-08,00:40:58,L06-INTERVIAS,SP330,172.0,NORTE,-22.3366,-47.39,CHOQUE,CHOQUE-ELEMENTO DE DRENAGEM,IMPRUD. CONDUTOR-DORMIR AO VOLANTE,AUTOMÓVEL=1,ARARAS,CAMPINAS,RIO CLARO,ESTADUAL
11758,2023-01-08,02:20:23,L06-INTERVIAS,SP330,219.2,SUL,-21.92312596,-47.47155801,ATROPELAMENTO DE ANIMAL,ATROP. ANIMAL,ANIMAL NA RODOVIA,AUTOMÓVEL=1,PIRASSUNUNGA,CAMPINAS,RIO CLARO,ESTADUAL
11760,2023-01-09,12:56:01,L06-INTERVIAS,SP330,217.0,SUL,-21.94045,-47.46565,COLISÃO,COLISÃO-LATERAL,IMPRUD. CONDUTOR-PERDA DE CONTROLE,AUTOMÓVEL=1|CAMINHÃO=1,PIRASSUNUNGA,CAMPINAS,RIO CLARO,ESTADUAL
11762,2023-01-09,23:46:39,L06-INTERVIAS,SP330,163.2,SUL,-22.41424003,-47.39048,ATROPELAMENTO DE ANIMAL,ATROP. ANIMAL,ANIMAL NA RODOVIA,AUTOMÓVEL=1,ARARAS,CAMPINAS,RIO CLARO,ESTADUAL
11765,2023-01-11,07:51:27,L06-INTERVIAS,SPI165/330,0.6,LESTE,-22.39652,-47.384,COLISÃO,COLISÃO-TRASEIRA,IMPRUDÊNCIA,AUTOMÓVEL=1|CAMINHÃO=1,ARARAS,CAMPINAS,RIO CLARO,ESTADUAL
11766,2023-01-11,16:12:14,L06-INTERVIAS,SP330,177.5,NORTE,-22.2872,-47.393,CHOQUE,CHOQUE-OBJETO NA PISTA,OBJETO NA PISTA,AUTOMÓVEL=1,ARARAS,CAMPINAS,RIO CLARO,ESTADUAL
11773,2023-01-14,00:31:43,L06-INTERVIAS,SP330,188.0,NORTE,-22.1931,-47.3972,COLISÃO,COLISÃO-LATERAL,IMPRUD. CONDUTOR-LEVOU FECHADA,AUTOMÓVEL=1|NÃO INFORMADO=1,LEME,CAMPINAS,RIO CLARO,ESTADUAL
11774,2023-01-14,10:25:13,L06-INTERVIAS,SP330,227.1,SUL,-21.85349995,-47.49494,TOMBAMENTO,TOMBAMENTO,IMPRUD. CONDUTOR-LEVOU FECHADA,MOTO=1|NÃO INFORMADO=1,PORTO FERREIRA,CENTRAL,RIO CLARO,ESTADUAL
11776,2023-01-14,20:08:31,L06-INTERVIAS,SP330,216.5,NORTE,-21.9447,-47.46385,ATROPELAMENTO DE ANIMAL,ATROP. ANIMAL,ANIMAL NA RODOVIA,CAMINHONETE=1,PIRASSUNUNGA,CAMPINAS,RIO CLARO,ESTADUAL
11778,2023-01-15,12:47:11,L06-INTERVIAS,SP330,165.0,NORTE,-22.3979,-47.3897,COLISÃO,COLISÃO-LATERAL,IMPRUDÊNCIA,AUTOMÓVEL=2,ARARAS,CAMPINAS,RIO CLARO,ESTADUAL
11779,2023-01-15,16:36:32,L06-INTERVIAS,SP330,222.3,NORTE,-21.89474997,-47.48087001,CHOQUE,"CHOQUE - DEFENSA, BARREIRA",IMPRUD. CONDUTOR-DORMIR AO VOLANTE,AUTOMÓVEL=1,PORTO FERREIRA,CENTRAL,RIO CLARO,ESTADUAL
11780,2023-01-15,19:59:46,L06-INTERVIAS,SP330,175.3,SUL,-22.30696997,-47.39177,ATROPELAMENTO DE ANIMAL,ATROP. ANIMAL,ANIMAL NA RODOVIA,AUTOMÓVEL=1,ARARAS,CAMPINAS,RIO CLARO,ESTADUAL
11781,2023-01-15,21:48:54,L06-INTERVIAS,SP330,239.0,SUL,-21.7674,-47.5495,CHOQUE,CHOQUE-SINALIZAÇÃO,ANIMAL NA RODOVIA,CAMINHÃO=1,SANTA RITA DO PASSA QUATRO,CENTRAL,RIBEIRÃO PRETO,ESTADUAL
11783,2023-01-16,11:56:13,L06-INTERVIAS,SP330,166.0,SUL,-22.3897,-47.394,CHOQUE,CHOQUE-OBJETO NA PISTA,OBJETO NA PISTA,AUTOMÓVEL=1,ARARAS,CAMPINAS,RIO CLARO,ESTADUAL
11784,2023-01-16,16:15:15,L06-INTERVIAS,SP330,216.6,NORTE,-21.94383995,-47.46414002,TOMBAMENTO,TOMBAMENTO,ESTOURO/FURO DE PNEU,MOTO=1,PIRASSUNUNGA,CAMPINAS,RIO CLARO,ESTADUAL
11785,2023-01-16,16:58:07,L06-INTERVIAS,SP330,208.3,SUL,-22.01527997,-47.44007001,CAPOTAMENTO,CAPOTAMENTO,IMPRUD. CONDUTOR-LEVOU FECHADA,CAMINHONETE=1,PIRASSUNUNGA,CAMPINAS,RIO CLARO,ESTADUAL
11786,2023-01-16,22:48:33,L06-INTERVIAS,SP330,170.0,NORTE,-22.35395,-47.39395,CHOQUE,CHOQUE-OBJETO NA PISTA,OBJETO NA PISTA,CAMINHÃO=1,ARARAS,CAMPINAS,RIO CLARO,ESTADUAL
11787,2023-01-17,10:53:40,L06-INTERVIAS,SP330,195.4,NORTE,-22.12814005,-47.40977999,OBJETO LANÇADO CONTRA O VEÍCULO,OBJETO LANÇADO CONTRA VEÍCULO,OBJETO LANÇADO,AUTOMÓVEL=1|NÃO INFORMADO=1,LEME,CAMPINAS,RIO CLARO,ESTADUAL
11789,2023-01-18,09:34:35,L06-INTERVIAS,SP330,180.2,NORTE,-22.26300003,-47.39056,COLISÃO,COLISÃO-TRASEIRA,IMPRUDÊNCIA,AUTOMÓVEL=1|NÃO INFORMADO=1,ARARAS,CAMPINAS,RIO CLARO,ESTADUAL
11791,2023-01-18,20:05:29,L06-INTERVIAS,SP330,209.2,SUL,-22.00768003,-47.44269999,COLISÃO,COLISÃO-TRASEIRA,IMPRUD. CONDUTOR-DORMIR AO VOLANTE,CAMINHÃO=2,PIRASSUNUNGA,CAMPINAS,RIO CLARO,ESTADUAL
11792,2023-01-19,07:21:04,L06-INTERVIAS,SP330,159.5,SUL,-22.4466,-47.39845,CHOQUE,"CHOQUE - DEFENSA, BARREIRA",IMPRUD. CONDUTOR-DORMIR AO VOLANTE,CAMINHÃO=1,CORDEIRÓPOLIS,CAMPINAS,RIO CLARO,ESTADUAL
11793,2023-01-19,10:33:33,L06-INTERVIAS,SP330,204.5,SUL,-22.0484,-47.4299,OBJETO LANÇADO CONTRA O VEÍCULO,OBJETO LANÇADO CONTRA VEÍCULO,OBRAS,CAMINHÃO=1,PIRASSUNUNGA,CAMPINAS,RIO CLARO,ESTADUAL
11794,2023-01-19,13:42:02,L06-INTERVIAS,SP330,198.0,SUL,-22.105,-47.4138,CAPOTAMENTO,CAPOTAMENTO,IMPRUD. CONDUTOR,AUTOMÓVEL=1,SANTA CRUZ DA CONCEIÇÃO,CAMPINAS,RIO CLARO,ESTADUAL
11795,2023-01-19,16:24:52,L06-INTERVIAS,SP330,176.5,NORTE,-22.2962,-47.39245,TOMBAMENTO,TOMBAMENTO,IMPRUD. CONDUTOR-PERDA DE CONTROLE,MOTO=1,ARARAS,CAMPINAS,RIO CLARO,ESTADUAL
11799,2023-01-20,07:05:53,L06-INTERVIAS,SP330,240.15,NORTE,-21.76068003,-47.55762996,COLISÃO,COLISÃO-TRASEIRA,IMPRUD. CONDUTOR,AUTOMÓVEL=1|CAMINHÃO=1,SANTA RITA DO PASSA QUATRO,CENTRAL,RIBEIRÃO PRETO,ESTADUAL
11800,2023-01-20,19:16:28,L06-INTERVIAS,SP330,225.3,SUL,-21.86915997,-47.48990001,COLISÃO,COLISÃO-LATERAL,IMPRUD. CONDUTOR-MUDANÇA DE FAIXA,AUTOMÓVEL=1|CAMINHÃO=1,PORTO FERREIRA,CENTRAL,RIO CLARO,ESTADUAL
11803,2023-01-21,17:14:55,L06-INTERVIAS,SP330,170.0,SUL,-22.3539,-47.3951,OBJETO LANÇADO CONTRA O VEÍCULO,OBJETO LANÇADO CONTRA VEÍCULO,OBJETO LANÇADO,AUTOMÓVEL=1,ARARAS,CAMPINAS,RIO CLARO,ESTADUAL
11804,2023-01-21,19:18:27,L06-INTERVIAS,SP330,226.7,SUL,-21.85698003,-47.49402999,ATROPELAMENTO DE PEDESTRE,ATROP. PEDESTRE-CICLISTA,CICLISTA NA RODOVIA,AUTOMÓVEL=1|BICICLETA=1|CAMINHONETE=1,PORTO FERREIRA,CENTRAL,RIO CLARO,ESTADUAL
11807,2023-01-24,02:51:41,L06-INTERVIAS,SP330,168.55,SUL,-22.36681497,-47.394855,CHOQUE,"CHOQUE - DEFENSA, BARREIRA OU ""SUBMARINO""",IMPRUD. CONDUTOR-LEVOU FECHADA,CAMINHÃO=1,ARARAS,CAMPINAS,RIO CLARO,ESTADUAL
11808,2023-01-24,04:15:23,L06-INTERVIAS,SP330,206.8,NORTE,-22.02821997,-47.43540001,CHOQUE,CHOQUE-SINALIZAÇÃO,IMPRUD. CONDUTOR-PERDA DE CONTROLE,AUTOMÓVEL=1,PIRASSUNUNGA,CAMPINAS,RIO CLARO,ESTADUAL
11810,2023-01-24,12:04:51,L06-INTERVIAS,SP330,181.76,NORTE,-22.24896005,-47.38998,CHOQUE,CHOQUE-VEÍCULO PARADO NA PISTA,IMPRUD. CONDUTOR,CAMINHÃO=2,LEME,CAMPINAS,RIO CLARO,ESTADUAL
11811,2023-01-24,16:16:01,L06-INTERVIAS,SP330,219.7,NORTE,-21.91711003,-47.47322999,CHOQUE,CHOQUE-ELEMENTO DE DRENAGEM,ESTOURO/FURO DE PNEU,AUTOMÓVEL=1,PIRASSUNUNGA,CAMPINAS,RIO CLARO,ESTADUAL
11813,2023-01-25,10:06:40,L06-INTERVIAS,SP330,217.0,SUL,-21.94045,-47.46565,OBJETO LANÇADO CONTRA O VEÍCULO,OBJETO LANÇADO CONTRA VEÍCULO,OBJETO LANÇADO,AUTOMÓVEL=1,PIRASSUNUNGA,CAMPINAS,RIO CLARO,ESTADUAL
11815,2023-01-26,13:29:06,L06-INTERVIAS,SP330,183.8,SUL,-22.23051997,-47.3915,COLISÃO,COLISÃO-LATERAL,IMPRUD. CONDUTOR-MUDANÇA DE FAIXA,AUTOMÓVEL=1|CAMINHÃO=1,LEME,CAMPINAS,RIO CLARO,ESTADUAL
11816,2023-01-26,16:11:38,L06-INTERVIAS,SP330,203.0,SUL,-22.0615,-47.4266,CHOQUE,CHOQUE-OBJETO NA PISTA,OBJETO NA PISTA,CAMINHONETE=1,PIRASSUNUNGA,CAMPINAS,RIO CLARO,ESTADUAL
11823,2023-01-30,06:00:39,L06-INTERVIAS,SPI165/330,0.6,OESTE,-22.39652,-47.384,COLISÃO,COLISÃO-LATERAL,IMPRUD. CONDUTOR-LEVOU FECHADA,CAMINHÃO=1|MOTO=1,ARARAS,CAMPINAS,RIO CLARO,ESTADUAL
11824,2023-01-30,07:08:15,L06-INTERVIAS,SP330,235.0,SUL,-21.7905,-47.5199,CHOQUE,"CHOQUE - DEFENSA, BARREIRA OU ""SUBMARINO""",CONDIÇÃO CLIMÁTICA,AUTOMÓVEL=1|CAMINHONETE=1,SANTA RITA DO PASSA QUATRO,CENTRAL,RIBEIRÃO PRETO,ESTADUAL
11825,2023-01-30,07:40:23,L06-INTERVIAS,SP330,192.1,SUL,-22.15624995,-47.40044001,CHOQUE,CHOQUE-ELEMENTO DE DRENAGEM,IMPRUD. CONDUTOR-PERDA DE CONTROLE,AUTOMÓVEL=1,LEME,CAMPINAS,RIO CLARO,ESTADUAL
11826,2023-01-30,07:41:25,L06-INTERVIAS,SP330,207.1,NORTE,-22.02561995,-47.43629002,CHOQUE,CHOQUE-SINALIZAÇÃO,IMPRUD. CONDUTOR-DORMIR AO VOLANTE,AUTOMÓVEL=1,PIRASSUNUNGA,CAMPINAS,RIO CLARO,ESTADUAL
11827,2023-01-30,08:39:27,L06-INTERVIAS,SP330,193.2,SUL,-22.14694003,-47.40341999,ENGAVETAMENTO,ENGAVETAMENTO,IMPRUDÊNCIA,AUTOMÓVEL=4,LEME,CAMPINAS,RIO CLARO,ESTADUAL
11828,2023-01-30,12:56:30,L06-INTERVIAS,SP330,160.7,SUL,-22.43631003,-47.39619001,COLISÃO,COLISÃO-LATERAL,IMPRUD. CONDUTOR-LEVOU FECHADA,AUTOMÓVEL=1|CAMINHONETE=1,ARARAS,CAMPINAS,RIO CLARO,ESTADUAL
11829,2023-01-30,21:23:36,L06-INTERVIAS,SP330,215.0,NORTE,-21.9583,-47.4589,COLISÃO,COLISÃO-TRANSVERSAL,IMPRUD. CONDUTOR-LEVOU FECHADA,AUTOMÓVEL=1|MOTO=1,PIRASSUNUNGA,CAMPINAS,RIO CLARO,ESTADUAL
11830,2023-01-31,05:26:56,L06-INTERVIAS,SP330,229.0,NORTE,-21.8362,-47.4951,CHOQUE,CHOQUE-POSTE,IMPRUD. CONDUTOR-DORMIR AO VOLANTE,AUTOMÓVEL=1,PORTO FERREIRA,CENTRAL,RIO CLARO,ESTADUAL
11838,2023-02-02,20:11:21,L06-INTERVIAS,SP330,185.44,NORTE,-22.21931274,-47.39227041,COLISÃO,COLISÃO-LATERAL,IMPRUD. CONDUTOR-FREADA BRUSCA,CAMINHÃO=2,LEME,CAMPINAS,RIO CLARO,ESTADUAL
11840,2023-02-04,00:14:57,L06-INTERVIAS,SP330,209.5,NORTE,-22.005,-47.4433,CHOQUE,"CHOQUE - DEFENSA, BARREIRA OU ""SUBMARINO""",IMPRUD. CONDUTOR-LEVOU FECHADA,CAMINHÃO=1,PIRASSUNUNGA,CAMPINAS,RIO CLARO,ESTADUAL
11841,2023-02-04,10:44:16,L06-INTERVIAS,SP330,168.0,NORTE,-22.3716,-47.3945,TOMBAMENTO,TOMBAMENTO,ESTOURO/FURO DE PNEU,MOTO=1,ARARAS,CAMPINAS,RIO CLARO,ESTADUAL
11843,2023-02-05,21:30:02,L06-INTERVIAS,SP330,198.8,NORTE,-22.09801997,-47.41582001,CHOQUE,CHOQUE-OBJETO NA PISTA,OBJETO NA PISTA,AUTOMÓVEL=1,SANTA CRUZ DA CONCEIÇÃO,CAMPINAS,RIO CLARO,ESTADUAL
11844,2023-02-05,21:30:57,L06-INTERVIAS,SP330,198.8,NORTE,-22.09801997,-47.41582001,CHOQUE,CHOQUE-OBJETO NA PISTA,OBJETO NA PISTA,AUTOMÓVEL=1,SANTA CRUZ DA CONCEIÇÃO,CAMPINAS,RIO CLARO,ESTADUAL
11845,2023-02-06,02:26:21,L06-INTERVIAS,SP330,184.359,NORTE,-22.22553316,-47.39162309,ATROPELAMENTO DE ANIMAL,ATROP. ANIMAL,ANIMAL NA RODOVIA,CAMINHONETE=1,LEME,CAMPINAS,RIO CLARO,ESTADUAL
11846,2023-02-06,15:03:40,L06-INTERVIAS,SP330,184.5,NORTE,-22.22425,-47.39175,OBJETO LANÇADO CONTRA O VEÍCULO,OBJETO LANÇADO CONTRA VEÍCULO,ROÇADA MECÂNICA/MANUAL,CAMINHONETE=1,LEME,CAMPINAS,RIO CLARO,ESTADUAL
11847,2023-02-07,15:20:28,L06-INTERVIAS,SP330,199.8,SUL,-22.08951997,-47.41912001,CHOQUE,CHOQUE-TALUDE OU BARRANCO,IMPRUD. CONDUTOR-PERDA DE CONTROLE,CAMINHÃO=1,SANTA CRUZ DA CONCEIÇÃO,CAMPINAS,RIO CLARO,ESTADUAL
11850,2023-02-07,22:53:25,L06-INTERVIAS,SP330,162.2,NORTE,-22.42326003,-47.39220001,CHOQUE,CHOQUE-OBJETO NA PISTA,OBJETO NA PISTA,AUTOMÓVEL=1,ARARAS,CAMPINAS,RIO CLARO,ESTADUAL
11853,2023-02-08,10:41:39,L06-INTERVIAS,SP330,167.0,NORTE,-22.381,-47.3941,COLISÃO,COLISÃO-LATERAL,IMPRUDÊNCIA,CAMINHÃO=2,ARARAS,CAMPINAS,RIO CLARO,ESTADUAL
11857,2023-02-09,18:49:04,L06-INTERVIAS,SP330,228.7,NORTE,-21.83896003,-47.49507,CHOQUE,CHOQUE-SINALIZAÇÃO,ESTOURO/FURO DE PNEU,AUTOMÓVEL=1,PORTO FERREIRA,CENTRAL,RIO CLARO,ESTADUAL
11858,2023-02-09,21:27:23,L06-INTERVIAS,SP330,199.8,SUL,-22.0964,-47.4168,CHOQUE,CHOQUE-OBJETO NA PISTA,OBJETO NA PISTA,CAMINHONETE=1,SANTA CRUZ DA CONCEIÇÃO,CAMPINAS,RIO CLARO,ESTADUAL
11859,2023-02-10,09:44:44,L06-INTERVIAS,SP330,188.0,SUL,-22.1931,-47.3976,CHOQUE,CHOQUE-ELEMENTO DE DRENAGEM,IMPRUD. CONDUTOR-PERDA DE CONTROLE,MOTO=1,LEME,CAMPINAS,RIO CLARO,ESTADUAL
11860,2023-02-10,17:37:01,L06-INTERVIAS,SP330,172.9,NORTE,-22.32850005,-47.38928,TOMBAMENTO,TOMBAMENTO,IMPRUD. CONDUTOR-LEVOU FECHADA,CAMINHONETE=1|MOTO=1,ARARAS,CAMPINAS,RIO CLARO,ESTADUAL
11863,2023-02-11,00:31:58,L06-INTERVIAS,SP330,213.9,NORTE,-21.96707005,-47.45620998,ATROPELAMENTO DE ANIMAL,ATROP. ANIMAL,ANIMAL NA RODOVIA,AUTOMÓVEL=1,PIRASSUNUNGA,CAMPINAS,RIO CLARO,ESTADUAL
11864,2023-02-11,06:50:00,L06-INTERVIAS,SP330,221.5,SUL,-21.9018,-47.4788,TOMBAMENTO,TOMBAMENTO,NÃO INFORMADO,CAMINHÃO=1,PORTO FERREIRA,CENTRAL,RIO CLARO,ESTADUAL
11865,2023-02-11,21:31:48,L06-INTERVIAS,SP330,180.0,NORTE,-22.2648,-47.3908,CHOQUE,CHOQUE-ELEMENTO DE DRENAGEM,IMPRUD. CONDUTOR,AUTOMÓVEL=1,ARARAS,CAMPINAS,RIO CLARO,ESTADUAL
11866,2023-02-12,08:19:53,L06-INTERVIAS,SP330,208.0,SUL,-22.0177,-47.4389,TOMBAMENTO,TOMBAMENTO,NÃO INFORMADO,MOTO=1,PIRASSUNUNGA,CAMPINAS,RIO CLARO,ESTADUAL
11868,2023-02-12,23:44:33,L06-INTERVIAS,SP330,163.0,SUL,-22.4162,-47.3906,CHOQUE,CHOQUE-OUTROS,IMPRUD. CONDUTOR,CAMINHÃO=2,ARARAS,CAMPINAS,RIO CLARO,ESTADUAL
11869,2023-02-13,11:36:33,L06-INTERVIAS,SP330,200.2,NORTE,-22.08604003,-47.41989999,COLISÃO,COLISÃO-LATERAL,IMPRUD. CONDUTOR,AUTOMÓVEL=1|CAMINHONETE=1,SANTA CRUZ DA CONCEIÇÃO,CAMPINAS,RIO CLARO,ESTADUAL
11872,2023-02-14,09:43:47,L06-INTERVIAS,SP330,185.3,NORTE,-22.21705997,-47.39268,COLISÃO,COLISÃO-TRASEIRA,IMPRUD. CONDUTOR,CAMINHÃO=1|MOTO=1,LEME,CAMPINAS,RIO CLARO,ESTADUAL
11876,2023-02-15,08:23:27,L06-INTERVIAS,SP330,159.0,NORTE,-22.4513,-47.3985,COLISÃO,COLISÃO-TRASEIRA,IMPRUD. CONDUTOR-LEVOU FECHADA,AUTOMÓVEL=1|NÃO INFORMADO=1,CORDEIRÓPOLIS,CAMPINAS,RIO CLARO,ESTADUAL
11877,2023-02-15,18:51:37,L06-INTERVIAS,SP330,181.6,NORTE,-22.25039995,-47.3899,CHOQUE,CHOQUE-OBJETO NA PISTA,OBJETO NA PISTA,AUTOMÓVEL=1,LEME,CAMPINAS,RIO CLARO,ESTADUAL
11878,2023-02-15,18:59:40,L06-INTERVIAS,SP330,181.6,NORTE,-22.25039995,-47.3899,CHOQUE,CHOQUE-OBJETO NA PISTA,OBJETO NA PISTA,CAMINHONETE=1,LEME,CAMPINAS,RIO CLARO,ESTADUAL
11879,2023-02-16,06:43:18,L06-INTERVIAS,SP330,196.22,SUL,-22.12081999,-47.411064,CHOQUE,CHOQUE-TALUDE OU BARRANCO,IMPRUD. CONDUTOR-LEVOU FECHADA,AUTOMÓVEL=1|CAMINHONETE=1,LEME,CAMPINAS,RIO CLARO,ESTADUAL
11882,2023-02-16,20:00:22,L06-INTERVIAS,SP330,199.0,SUL,-22.0964,-47.4168,OBJETO LANÇADO CONTRA O VEÍCULO,OBJETO LANÇADO CONTRA VEÍCULO,OBJETO LANÇADO,AUTOMÓVEL=1,SANTA CRUZ DA CONCEIÇÃO,CAMPINAS,RIO CLARO,ESTADUAL
11883,2023-02-17,00:48:55,L06-INTERVIAS,SP330,200.101,NORTE,-22.08691122,-47.41965249,COLISÃO,COLISÃO-TRASEIRA,IMPRUD. CONDUTOR-DORMIR AO VOLANTE,CAMINHÃO=2,SANTA CRUZ DA CONCEIÇÃO,CAMPINAS,RIO CLARO,ESTADUAL
11884,2023-02-17,03:24:40,L06-INTERVIAS,SP330,235.9,NORTE,-21.78518004,-47.52626996,COLISÃO,COLISÃO-TRASEIRA,IMPRUD. CONDUTOR-LEVOU FECHADA,CAMINHÃO=1|NÃO INFORMADO=1,SANTA RITA DO PASSA QUATRO,CENTRAL,RIBEIRÃO PRETO,ESTADUAL
11888,2023-02-19,05:39:01,L06-INTERVIAS,SP330,191.0,NORTE,-22.1661,-47.3993,COLISÃO,COLISÃO-TRASEIRA,IMPRUD. CONDUTOR-FAROL DESREGULADO/APAGADO,AUTOMÓVEL=2,LEME,CAMPINAS,RIO CLARO,ESTADUAL
11891,2023-02-21,22:37:11,L06-INTERVIAS,SP330,173.4,SUL,-22.32410005,-47.38999999,TOMBAMENTO,TOMBAMENTO,NÃO INFORMADO,MOTO=1,ARARAS,CAMPINAS,RIO CLARO,ESTADUAL
11892,2023-02-21,23:48:25,L06-INTERVIAS,SP330,236.7,SUL,-21.78080002,-47.53238998,COLISÃO,COLISÃO-TRASEIRA,IMPRUD. CONDUTOR-DORMIR AO VOLANTE,CAMINHONETE=1|CAMINHÃO=1,SANTA RITA DO PASSA QUATRO,CENTRAL,RIBEIRÃO PRETO,ESTADUAL
11893,2023-02-22,07:08:12,L06-INTERVIAS,SP330,186.0,SUL,-22.2109,-47.3942,TOMBAMENTO,TOMBAMENTO,IMPRUD. CONDUTOR-LEVOU FECHADA,MOTO=1|ÔNIBUS=1,LEME,CAMPINAS,RIO CLARO,ESTADUAL
11894,2023-02-22,08:28:58,L06-INTERVIAS,SP330,179.8,NORTE,-22.26657997,-47.39102,ENGAVETAMENTO,ENGAVETAMENTO,IMPRUDÊNCIA,AUTOMÓVEL=2|CAMINHONETE=1,ARARAS,CAMPINAS,RIO CLARO,ESTADUAL
11895,2023-02-22,16:47:46,L06-INTERVIAS,SP330,176.0,NORTE,-22.3007,-47.392,ATROPELAMENTO DE ANIMAL,ATROP. ANIMAL,ANIMAL NA RODOVIA,AUTOMÓVEL=1,ARARAS,CAMPINAS,RIO CLARO,ESTADUAL
11896,2023-02-22,16:52:48,L06-INTERVIAS,SP330,240.4,NORTE,-21.75948003,-47.55917996,ENGAVETAMENTO,ENGAVETAMENTO,TRÁFEGO-CONGESTIONAMENTO,AUTOMÓVEL=2|CAMINHONETE=1,SANTA RITA DO PASSA QUATRO,CENTRAL,RIBEIRÃO PRETO,ESTADUAL
11898,2023-02-23,10:18:53,L06-INTERVIAS,SP330,219.99,SUL,-21.91468695,-47.47437102,CHOQUE,"CHOQUE - DEFENSA, BARREIRA OU ""SUBMARINO""",IMPRUD. CONDUTOR-PERDA DE CONTROLE,CAMINHÃO=1,PORTO FERREIRA,CENTRAL,RIO CLARO,ESTADUAL
11899,2023-02-23,12:39:24,L06-INTERVIAS,SP330,167.95,NORTE,-22.37207003,-47.39448,TOMBAMENTO,TOMBAMENTO,PANE MECÂNICA/ELÉTRICA,MOTO=1,ARARAS,CAMPINAS,RIO CLARO,ESTADUAL
11900,2023-02-23,12:48:51,L06-INTERVIAS,SP330,200.0,SUL,-22.0878,-47.4197,CHOQUE,"CHOQUE - DEFENSA, BARREIRA",IMPRUD. CONDUTOR-PERDA DE CONTROLE,AUTOMÓVEL=1,SANTA CRUZ DA CONCEIÇÃO,CAMPINAS,RIO CLARO,ESTADUAL
11909,2023-02-25,20:18:02,L06-INTERVIAS,SP330,203.4,SUL,-22.05806005,-47.42747999,CHOQUE,CHOQUE-ELEMENTO DE DRENAGEM,IMPRUD. CONDUTOR-PERDA DE CONTROLE,AUTOMÓVEL=1,PIRASSUNUNGA,CAMPINAS,RIO CLARO,ESTADUAL
11915,2023-02-27,18:10:25,L06-INTERVIAS,SP330,172.95,NORTE,-22.32805003,-47.38924,CHOQUE,"CHOQUE - DEFENSA, BARREIRA",ESTOURO/FURO DE PNEU,AUTOMÓVEL=1,ARARAS,CAMPINAS,RIO CLARO,ESTADUAL
11917,2023-02-28,04:22:47,L06-INTERVIAS,SP330,181.0,SUL,-22.2558,-47.39,COLISÃO,COLISÃO-TRASEIRA,IMPRUD. CONDUTOR-DORMIR AO VOLANTE,CAMINHÃO=2,ARARAS,CAMPINAS,RIO CLARO,ESTADUAL
11919,2023-02-28,17:26:30,L06-INTERVIAS,SP330,191.5,SUL,-22.16615,-47.39965,OBJETO LANÇADO CONTRA O VEÍCULO,OBJETO LANÇADO CONTRA VEÍCULO,OBJETO LANÇADO,AUTOMÓVEL=1,LEME,CAMPINAS,RIO CLARO,ESTADUAL
11920,2023-02-28,19:18:17,L06-INTERVIAS,SP330,193.0,SUL,-22.1486,-47.4026,COLISÃO,COLISÃO-TRASEIRA,NÃO INFORMADO,CAMINHÃO=1|MOTO=1,LEME,CAMPINAS,RIO CLARO,ESTADUAL
11921,2023-02-28,23:38:50,L06-INTERVIAS,SP330,203.0,SUL,-22.0615,-47.4266,CHOQUE,CHOQUE-OBJETO NÃO IDENTIFICADO,OBJETO NA PISTA,AUTOMÓVEL=1,PIRASSUNUNGA,CAMPINAS,RIO CLARO,ESTADUAL
11924,2023-03-02,02:46:00,L06-INTERVIAS,SP330,180.1,SUL,-22.26380995,-47.39107999,ATROPELAMENTO DE ANIMAL,ATROP. ANIMAL,ANIMAL NA RODOVIA,AUTOMÓVEL=1,ARARAS,CAMPINAS,RIO CLARO,ESTADUAL
11925,2023-03-02,12:09:36,L06-INTERVIAS,SP330,181.4,NORTE,-22.25220005,-47.3898,COLISÃO,COLISÃO-TRASEIRA,IMPRUD. CONDUTOR-MUDANÇA DE FAIXA,CAMINHONETE=2,LEME,CAMPINAS,RIO CLARO,ESTADUAL
11926,2023-03-02,14:43:05,L06-INTERVIAS,SP330,164.24,NORTE,-22.4049,-47.3892,OBJETO LANÇADO CONTRA O VEÍCULO,OBJETO LANÇADO CONTRA VEÍCULO,PANE MECÂNICA,AUTOMÓVEL=1|CAMINHÃO=1,ARARAS,CAMPINAS,RIO CLARO,ESTADUAL
11927,2023-03-02,17:13:27,L06-INTERVIAS,SP330,226.8,NORTE,-21.85611997,-47.49402001,COLISÃO,COLISÃO-LATERAL,IMPRUD. CONDUTOR-LEVOU FECHADA,AUTOMÓVEL=1|CAMINHÃO=1,PORTO FERREIRA,CENTRAL,RIO CLARO,ESTADUAL
11935,2023-03-04,04:53:37,L06-INTERVIAS,SP330,170.0,SUL,-22.3539,-47.3951,ATROPELAMENTO DE ANIMAL,ATROP. ANIMAL,ANIMAL NA RODOVIA,AUTOMÓVEL=1,ARARAS,CAMPINAS,RIO CLARO,ESTADUAL
11940,2023-03-05,20:41:00,L06-INTERVIAS,SP330,184.0,SUL,-22.2287,-47.3916,CHOQUE,"CHOQUE - DEFENSA, BARREIRA",IMPRUD. CONDUTOR-PERDA DE CONTROLE,AUTOMÓVEL=1,LEME,CAMPINAS,RIO CLARO,ESTADUAL
11943,2023-03-06,21:28:11,L06-INTERVIAS,SP330,211.0,SUL,-21.9921,-47.448,ATROPELAMENTO DE ANIMAL,ATROP. ANIMAL,ANIMAL NA RODOVIA,AUTOMÓVEL=1,PIRASSUNUNGA,CAMPINAS,RIO CLARO,ESTADUAL
11946,2023-03-08,19:57:59,L06-INTERVIAS,SP330,165.0,SUL,-22.3983,-47.3902,CHOQUE,CHOQUE-OBJETO NA PISTA,OBJETO NA PISTA,AUTOMÓVEL=1,ARARAS,CAMPINAS,RIO CLARO,ESTADUAL
11947,2023-03-08,20:59:41,L06-INTERVIAS,SP330,166.0,SUL,-22.3897,-47.394,CHOQUE,CHOQUE-OBJETO NA PISTA,OBJETO NA PISTA,AUTOMÓVEL=1,ARARAS,CAMPINAS,RIO CLARO,ESTADUAL
11948,2023-03-09,17:53:41,L06-INTERVIAS,SP330,212.7,NORTE,-21.97745003,-47.45272999,CHOQUE,"CHOQUE - DEFENSA, BARREIRA OU ""SUBMARINO""",IMPRUD. CONDUTOR-LEVOU FECHADA,CAMINHONETE=1|CAMINHÃO=1,PIRASSUNUNGA,CAMPINAS,RIO CLARO,ESTADUAL
11951,2023-03-10,10:43:21,L06-INTERVIAS,SP330,170.8,SUL,-22.34669997,-47.39398,TOMBAMENTO,TOMBAMENTO,ÓLEO NA PISTA,MOTO=1,ARARAS,CAMPINAS,RIO CLARO,ESTADUAL
11952,2023-03-10,11:21:25,L06-INTERVIAS,SP330,186.7,SUL,-22.20467003,-47.39538999,COLISÃO,COLISÃO-LATERAL,IMPRUD. CONDUTOR,AUTOMÓVEL=1|CAMINHÃO=1,LEME,CAMPINAS,RIO CLARO,ESTADUAL
11954,2023-03-10,16:36:11,L06-INTERVIAS,SP330,188.4,NORTE,-22.18950005,-47.39759999,CHOQUE,CHOQUE-ÁRVORE,IMPRUD. CONDUTOR-PERDA DE CONTROLE,CAMINHONETE=1,LEME,CAMPINAS,RIO CLARO,ESTADUAL
11957,2023-03-10,22:18:39,L06-INTERVIAS,SP330,218.5,NORTE,-21.9275,-47.46975,CHOQUE,CHOQUE-OUTROS,OUTROS,AUTOMÓVEL=1,PIRASSUNUNGA,CAMPINAS,RIO CLARO,ESTADUAL
11959,2023-03-11,16:05:35,L06-INTERVIAS,SP330,225.0,SUL,-21.8718,-47.489,OBJETO LANÇADO CONTRA O VEÍCULO,OBJETO LANÇADO CONTRA VEÍCULO,OBJETO LANÇADO,AUTOMÓVEL=1,PORTO FERREIRA,CENTRAL,RIO CLARO,ESTADUAL
11960,2023-03-12,10:27:58,L06-INTERVIAS,SP330,175.5,NORTE,-22.3052,-47.39155,CHOQUE,CHOQUE-OBJETO NA PISTA,OBJETO NA PISTA,ÔNIBUS=1,ARARAS,CAMPINAS,RIO CLARO,ESTADUAL
11961,2023-03-12,18:38:43,L06-INTERVIAS,SP330,213.8,NORTE,-21.96793997,-47.45592001,CHOQUE,CHOQUE-OUTROS,PAVIMENTO RUIM/IRREGULAR,AUTOMÓVEL=1,PIRASSUNUNGA,CAMPINAS,RIO CLARO,ESTADUAL
11962,2023-03-13,20:42:26,L06-INTERVIAS,SP330,206.5,SUL,-22.0308,-47.43475,COLISÃO,COLISÃO-TRASEIRA,IMPRUD. CONDUTOR-LEVOU FECHADA,AUTOMÓVEL=1|CAMINHONETE=1,PIRASSUNUNGA,CAMPINAS,RIO CLARO,ESTADUAL
11963,2023-03-14,11:37:33,L06-INTERVIAS,SP330,192.5,SUL,-22.15285,-47.4014,ENGAVETAMENTO,ENGAVETAMENTO,OUTROS,AUTOMÓVEL=1|CAMINHONETE=1|NÃO INFORMADO=2,LEME,CAMPINAS,RIO CLARO,ESTADUAL
11967,2023-03-16,14:49:38,L06-INTERVIAS,SP330,200.0,NORTE,-22.0878,-47.4194,COLISÃO,COLISÃO-LATERAL,IMPRUD. CONDUTOR-MUDANÇA DE FAIXA,AUTOMÓVEL=1|CAMINHÃO=1,SANTA CRUZ DA CONCEIÇÃO,CAMPINAS,RIO CLARO,ESTADUAL
11969,2023-03-17,01:30:58,L06-INTERVIAS,SP330,234.85,NORTE,-21.79126996,-47.51857505,TOMBAMENTO,TOMBAMENTO,IMPRUD. CONDUTOR-DORMIR AO VOLANTE,AUTOMÓVEL=1|CAMINHÃO=2,SANTA RITA DO PASSA QUATRO,CENTRAL,RIBEIRÃO PRETO,ESTADUAL
11974,2023-03-18,13:51:11,L06-INTERVIAS,SP330,234.0,SUL,-21.7966,-47.5123,CHOQUE,CHOQUE-OBJETO NA PISTA,OBJETO NA PISTA,AUTOMÓVEL=1,SANTA RITA DO PASSA QUATRO,CENTRAL,RIBEIRÃO PRETO,ESTADUAL
11976,2023-03-18,19:31:35,L06-INTERVIAS,SP330,194.785,NORTE,-22.13352747,-47.40867651,COLISÃO,COLISÃO-FRONTAL,IMPRUD. CONDUTOR-TRAFEGAR NA CONTRAMÃO,AUTOMÓVEL=2|CAMINHÃO=1,LEME,CAMPINAS,RIO CLARO,ESTADUAL
11977,2023-03-18,21:14:07,L06-INTERVIAS,SP330,213.7,SUL,-21.96888003,-47.45592999,ATROPELAMENTO DE ANIMAL,ATROP. ANIMAL,ANIMAL NA RODOVIA,AUTOMÓVEL=1,PIRASSUNUNGA,CAMPINAS,RIO CLARO,ESTADUAL
11982,2023-03-20,09:10:25,L06-INTERVIAS,SP330,205.0,NORTE,-22.0439,-47.4307,OBJETO LANÇADO CONTRA O VEÍCULO,OBJETO LANÇADO CONTRA VEÍCULO,OBJETO LANÇADO,AUTOMÓVEL=1,PIRASSUNUNGA,CAMPINAS,RIO CLARO,ESTADUAL
11984,2023-03-20,18:01:10,L06-INTERVIAS,SP330,235.0,SUL,-21.7905,-47.5199,COLISÃO,COLISÃO-TRASEIRA,IMPRUD. CONDUTOR,CAMINHONETE=1|CAMINHÃO=1,SANTA RITA DO PASSA QUATRO,CENTRAL,RIBEIRÃO PRETO,ESTADUAL
11985,2023-03-20,18:27:25,L06-INTERVIAS,SP330,214.1,SUL,-21.96552995,-47.45710002,CHOQUE,CHOQUE-OBJETO NA PISTA,OBJETO NA PISTA,CAMINHONETE=1,PIRASSUNUNGA,CAMPINAS,RIO CLARO,ESTADUAL
11986,2023-03-20,23:26:54,L06-INTERVIAS,SP330,211.5,SUL,-21.98785,-47.44945,CHOQUE,CHOQUE-OBJETO NA PISTA,OBJETO NA PISTA,CAMINHONETE=1,PIRASSUNUNGA,CAMPINAS,RIO CLARO,ESTADUAL
11987,2023-03-20,23:28:02,L06-INTERVIAS,SP330,211.5,SUL,-21.98785,-47.44945,CHOQUE,CHOQUE-OBJETO NA PISTA,OBJETO NA PISTA,CAMINHONETE=1,PIRASSUNUNGA,CAMPINAS,RIO CLARO,ESTADUAL
11989,2023-03-21,10:11:22,L06-INTERVIAS,SP330,179.268,SUL,-22.27128795,-47.39200519,COLISÃO,COLISÃO-TRASEIRA,IMPRUD. CONDUTOR,MOTO=1|NÃO INFORMADO=1,ARARAS,CAMPINAS,RIO CLARO,ESTADUAL
11994,2023-03-22,22:42:30,L06-INTERVIAS,SP330,169.0,SUL,-22.3629,-47.3949,OBJETO LANÇADO CONTRA O VEÍCULO,OBJETO LANÇADO CONTRA VEÍCULO,OBJETO LANÇADO,CAMINHÃO=1,ARARAS,CAMPINAS,RIO CLARO,ESTADUAL
11997,2023-03-24,01:41:42,L06-INTERVIAS,SP330,207.0,NORTE,-22.0265,-47.436,CHOQUE,CHOQUE-ELEMENTO DE DRENAGEM,IMPRUD. CONDUTOR-DORMIR AO VOLANTE,AUTOMÓVEL=1,PIRASSUNUNGA,CAMPINAS,RIO CLARO,ESTADUAL
11999,2023-03-24,10:49:35,L06-INTERVIAS,SP330,193.3,SUL,-22.14610997,-47.40383001,COLISÃO,COLISÃO-TRASEIRA,IMPRUDÊNCIA,CAMINHONETE=1|NÃO INFORMADO=1,LEME,CAMPINAS,RIO CLARO,ESTADUAL
12000,2023-03-24,11:11:04,L06-INTERVIAS,SP330,171.3,NORTE,-22.34247997,-47.39237999,OBJETO LANÇADO CONTRA O VEÍCULO,OBJETO LANÇADO CONTRA VEÍCULO,ROÇADA MECÂNICA/MANUAL,AUTOMÓVEL=1,ARARAS,CAMPINAS,RIO CLARO,ESTADUAL
12002,2023-03-24,13:42:24,L06-INTERVIAS,SP330,190.9,NORTE,-22.16700005,-47.39924,COLISÃO,COLISÃO-TRASEIRA,IMPRUD. CONDUTOR,AUTOMÓVEL=1|CAMINHÃO=1,LEME,CAMPINAS,RIO CLARO,ESTADUAL
12003,2023-03-24,14:13:27,L06-INTERVIAS,SP330,203.0,NORTE,-22.0614,-47.4263,COLISÃO,COLISÃO-TRASEIRA,IMPRUDÊNCIA,AUTOMÓVEL=1|CAMINHONETE=1,PIRASSUNUNGA,CAMPINAS,RIO CLARO,ESTADUAL
12005,2023-03-24,16:41:48,L06-INTERVIAS,SP330,184.1,NORTE,-22.22788994,-47.39139001,COLISÃO,COLISÃO-LATERAL,IMPRUD. CONDUTOR-PERDA DE CONTROLE,AUTOMÓVEL=1|CAMINHÃO=1,LEME,CAMPINAS,RIO CLARO,ESTADUAL
12007,2023-03-25,01:50:43,L06-INTERVIAS,SP330,192.9,NORTE,-22.14926005,-47.40205999,COLISÃO,COLISÃO-LATERAL,IMPRUD. CONDUTOR-MUDANÇA DE FAIXA,AUTOMÓVEL=1|CAMINHONETE=1,LEME,CAMPINAS,RIO CLARO,ESTADUAL
12008,2023-03-25,04:44:21,L06-INTERVIAS,SP330,208.5,SUL,-22.0136,-47.44065,COLISÃO,COLISÃO-TRASEIRA,IMPRUD. CONDUTOR-DORMIR AO VOLANTE,CAMINHÃO=1|ÔNIBUS=1,PIRASSUNUNGA,CAMPINAS,RIO CLARO,ESTADUAL
12010,2023-03-25,22:16:36,L06-INTERVIAS,SP330,213.3,SUL,-21.97231997,-47.45477001,COLISÃO,COLISÃO-TRASEIRA,IMPRUD. CONDUTOR-DORMIR AO VOLANTE,AUTOMÓVEL=1|CAMINHÃO=1,PIRASSUNUNGA,CAMPINAS,RIO CLARO,ESTADUAL
12013,2023-03-26,17:00:24,L06-INTERVIAS,SP330,237.7,SUL,-21.77494002,-47.53987998,CHOQUE,CHOQUE-ELEMENTO DE DRENAGEM,IMPRUD. CONDUTOR,AUTOMÓVEL=1,SANTA RITA DO PASSA QUATRO,CENTRAL,RIBEIRÃO PRETO,ESTADUAL
12014,2023-03-26,20:24:51,L06-INTERVIAS,SP330,221.0,SUL,-21.9061,-47.4773,CHOQUE,CHOQUE-OBJETO NA PISTA,OBJETO NA PISTA,AUTOMÓVEL=1,PORTO FERREIRA,CENTRAL,RIO CLARO,ESTADUAL
12015,2023-03-26,21:05:54,L06-INTERVIAS,SP330,218.4,NORTE,-21.92836005,-47.46945998,CHOQUE,CHOQUE-OBJETO NA PISTA,OBJETO NA PISTA,AUTOMÓVEL=1,PIRASSUNUNGA,CAMPINAS,RIO CLARO,ESTADUAL
12018,2023-03-27,08:47:27,L06-INTERVIAS,SP330,213.0,SUL,-21.9749,-47.4539,CHOQUE,CHOQUE-ELEMENTO DE DRENAGEM,IMPRUD. CONDUTOR-DORMIR AO VOLANTE,AUTOMÓVEL=1,PIRASSUNUNGA,CAMPINAS,RIO CLARO,ESTADUAL
12019,2023-03-27,17:19:00,L06-INTERVIAS,SP330,215.0,SUL,-21.9586,-47.4598,CHOQUE,CHOQUE-OBJETO NA PISTA,OBJETO NA PISTA,AUTOMÓVEL=1,PIRASSUNUNGA,CAMPINAS,RIO CLARO,ESTADUAL
12021,2023-03-28,10:34:23,L06-INTERVIAS,SP330,227.0,SUL,-21.8544,-47.4949,COLISÃO,COLISÃO-TRASEIRA,IMPRUDÊNCIA,AUTOMÓVEL=1|CAMINHONETE=1|CAMINHÃO=1,PORTO FERREIRA,CENTRAL,RIO CLARO,ESTADUAL
12023,2023-03-29,09:44:54,L06-INTERVIAS,SP330,210.0,SUL,-22.0008,-47.4451,CHOQUE,"CHOQUE - DEFENSA, BARREIRA",OUTROS,AUTOMÓVEL=2,PIRASSUNUNGA,CAMPINAS,RIO CLARO,ESTADUAL
12025,2023-03-29,16:30:02,L06-INTERVIAS,SP330,165.87,NORTE,-22.39094004,-47.39291898,COLISÃO,COLISÃO-TRASEIRA,IMPRUD. CONDUTOR-MUDANÇA DE FAIXA,AUTOMÓVEL=1|CAMINHÃO=1,ARARAS,CAMPINAS,RIO CLARO,ESTADUAL
12026,2023-03-29,17:48:05,L06-INTERVIAS,SP330,188.0,SUL,-22.1931,-47.3976,CAPOTAMENTO,CAPOTAMENTO,IMPRUD. CONDUTOR-PERDA DE CONTROLE,AUTOMÓVEL=1,LEME,CAMPINAS,RIO CLARO,ESTADUAL
12030,2023-03-30,11:58:28,L06-INTERVIAS,SP330,217.0,SUL,-21.94045,-47.46565,OBJETO LANÇADO CONTRA O VEÍCULO,OBJETO LANÇADO CONTRA VEÍCULO,OBJETO NA PISTA,AUTOMÓVEL=1,PIRASSUNUNGA,CAMPINAS,RIO CLARO,ESTADUAL
12032,2023-03-31,05:13:26,L06-INTERVIAS,SP330,196.0,SUL,-22.1228,-47.4108,TOMBAMENTO,TOMBAMENTO,IMPRUD. CONDUTOR-LEVOU FECHADA,MOTO=1,LEME,CAMPINAS,RIO CLARO,ESTADUAL
12035,2023-03-31,10:27:36,L06-INTERVIAS,SP330,192.6,NORTE,-22.15183995,-47.40134001,OBJETO LANÇADO CONTRA O VEÍCULO,OBJETO LANÇADO CONTRA VEÍCULO,OBJETO LANÇADO,CAMINHONETE=1,LEME,CAMPINAS,RIO CLARO,ESTADUAL
12037,2023-03-31,21:42:30,L06-INTERVIAS,SP330,200.7,NORTE,-22.08718394,-47.41957502,COLISÃO,COLISÃO-LATERAL,IMPRUD. CONDUTOR,AUTOMÓVEL=2,SANTA CRUZ DA CONCEIÇÃO,CAMPINAS,RIO CLARO,ESTADUAL
12040,2023-04-04,07:23:10,L06-INTERVIAS,SP330,229.0,SUL,-21.836,-47.4954,COLISÃO,COLISÃO-LATERAL,IMPRUD. CONDUTOR,AUTOMÓVEL=1|MOTO=1,PORTO FERREIRA,CENTRAL,RIO CLARO,ESTADUAL
12041,2023-04-04,11:38:12,L06-INTERVIAS,SP330,206.0,NORTE,-22.0351,-47.433,CHOQUE,CHOQUE-OUTROS,IMPRUD. CONDUTOR,CAMINHÃO=2,PIRASSUNUNGA,CAMPINAS,RIO CLARO,ESTADUAL
12043,2023-04-04,16:07:48,L06-INTERVIAS,SP330,194.6,NORTE,-22.13509995,-47.40814002,CHOQUE,"CHOQUE - DEFENSA, BARREIRA OU ""SUBMARINO""",IMPRUD. CONDUTOR-PERDA DE CONTROLE,AUTOMÓVEL=1,LEME,CAMPINAS,RIO CLARO,ESTADUAL
12045,2023-04-06,06:53:46,L06-INTERVIAS,SPI165/330,3.0,OESTE,-22.3942,-47.3638,TOMBAMENTO,TOMBAMENTO,ESTOURO/FURO DE PNEU,MOTO=1,ARARAS,CAMPINAS,RIO CLARO,ESTADUAL
12046,2023-04-06,07:34:48,L06-INTERVIAS,SP330,189.5,SUL,-22.1796,-47.39865,COLISÃO,COLISÃO-TRASEIRA,IMPRUD. CONDUTOR-LEVOU FECHADA,CAMINHÃO=1|ÔNIBUS=1,LEME,CAMPINAS,RIO CLARO,ESTADUAL
12047,2023-04-06,19:34:13,L06-INTERVIAS,SP330,215.0,SUL,-21.9586,-47.4598,CHOQUE,"CHOQUE - DEFENSA, BARREIRA",IMPRUDÊNCIA,CAMINHÃO=1,PIRASSUNUNGA,CAMPINAS,RIO CLARO,ESTADUAL
12049,2023-04-07,10:41:47,L06-INTERVIAS,SP330,212.35,NORTE,-21.98042495,-47.45171502,COLISÃO,COLISÃO-TRASEIRA,IMPRUD. CONDUTOR,AUTOMÓVEL=1|NÃO INFORMADO=1,PIRASSUNUNGA,CAMPINAS,RIO CLARO,ESTADUAL
12050,2023-04-07,15:59:15,L06-INTERVIAS,SP330,171.2,NORTE,-22.34332003,-47.39272001,TOMBAMENTO,TOMBAMENTO,IMPRUD. CONDUTOR-PERDA DE CONTROLE,MOTO=1,ARARAS,CAMPINAS,RIO CLARO,ESTADUAL
12055,2023-04-10,19:23:42,L06-INTERVIAS,SP330,174.0,SUL,-22.3187,-47.3906,CHOQUE,CHOQUE-VEÍCULO PARADO NA PISTA,IMPRUDÊNCIA,CAMINHÃO=1|MOTO=1,ARARAS,CAMPINAS,RIO CLARO,ESTADUAL
12056,2023-04-11,09:59:20,L06-INTERVIAS,SP330,210.1,SUL,-21.99992995,-47.44539002,OBJETO LANÇADO CONTRA O VEÍCULO,OBJETO LANÇADO CONTRA VEÍCULO,OBJETO LANÇADO,CAMINHÃO=1,PIRASSUNUNGA,CAMPINAS,RIO CLARO,ESTADUAL
12059,2023-04-13,11:29:42,L06-INTERVIAS,SP330,163.185,SUL,-22.41438702,-47.390489,COLISÃO,COLISÃO-TRASEIRA,IMPRUDÊNCIA,CAMINHONETE=1|CAMINHÃO=1,ARARAS,CAMPINAS,RIO CLARO,ESTADUAL
12060,2023-04-14,10:21:56,L06-INTERVIAS,SP330,232.5,NORTE,-21.80615,-47.50255,COLISÃO,COLISÃO-LATERAL,CONDIÇÃO CLIMÁTICA,AUTOMÓVEL=1|CAMINHONETE=1,PORTO FERREIRA,CENTRAL,RIO CLARO,ESTADUAL
12063,2023-04-15,15:54:21,L06-INTERVIAS,SP330,213.7,SUL,-21.96888003,-47.45592999,CHOQUE,CHOQUE-OBJETO NA PISTA,OBJETO NA PISTA,AUTOMÓVEL=1,PIRASSUNUNGA,CAMPINAS,RIO CLARO,ESTADUAL
12068,2023-04-17,16:12:58,L06-INTERVIAS,SP330,175.667,NORTE,-22.30369693,-47.39170031,CHOQUE,"CHOQUE - DEFENSA, BARREIRA OU ""SUBMARINO""",PANE MECÂNICA/ELÉTRICA,CAMINHÃO=1,ARARAS,CAMPINAS,RIO CLARO,ESTADUAL
12069,2023-04-18,04:25:14,L06-INTERVIAS,SP330,167.1,NORTE,-22.38005994,-47.39414,CHOQUE,CHOQUE-OBJETO NA PISTA,OBJETO NA PISTA,CAMINHONETE=1,ARARAS,CAMPINAS,RIO CLARO,ESTADUAL
12071,2023-04-18,07:44:51,L06-INTERVIAS,SP330,175.1,SUL,-22.30878994,-47.39159001,TOMBAMENTO,TOMBAMENTO,IMPRUD. CONDUTOR-LEVOU FECHADA,MOTO=1,ARARAS,CAMPINAS,RIO CLARO,ESTADUAL
12072,2023-04-18,10:03:40,L06-INTERVIAS,SP330,181.76,NORTE,-22.24896005,-47.38998,CHOQUE,CHOQUE-VEÍCULO PARADO NA PISTA,IMPRUD. CONDUTOR,AUTOMÓVEL=1|CAMINHONETE=1,LEME,CAMPINAS,RIO CLARO,ESTADUAL
12073,2023-04-18,10:15:18,L06-INTERVIAS,SP330,215.0,SUL,-21.9586,-47.4598,CHOQUE,CHOQUE-VEÍCULO PARADO NA PISTA,IMPRUD. CONDUTOR,CAMINHÃO=2,PIRASSUNUNGA,CAMPINAS,RIO CLARO,ESTADUAL
12075,2023-04-19,03:52:03,L06-INTERVIAS,SP330,197.3,NORTE,-22.11112997,-47.41224001,CHOQUE,"CHOQUE - DEFENSA, BARREIRA OU ""SUBMARINO""",IMPRUD. CONDUTOR-PERDA DE CONTROLE,CAMINHÃO=1,SANTA CRUZ DA CONCEIÇÃO,CAMPINAS,RIO CLARO,ESTADUAL
12077,2023-04-19,16:38:02,L06-INTERVIAS,SP330,228.1,SUL,-21.84445994,-47.49531,COLISÃO,COLISÃO-TRASEIRA,IMPRUD. CONDUTOR,AUTOMÓVEL=2,PORTO FERREIRA,CENTRAL,RIO CLARO,ESTADUAL
12078,2023-04-19,20:49:38,L06-INTERVIAS,SP330,181.0,NORTE,-22.2558,-47.3896,CHOQUE,CHOQUE-OBJETO NA PISTA,OBJETO NA PISTA,AUTOMÓVEL=1,ARARAS,CAMPINAS,RIO CLARO,ESTADUAL
12079,2023-04-20,06:18:40,L06-INTERVIAS,SP330,221.0,SUL,-21.9061,-47.4773,CHOQUE,CHOQUE-OUTROS,PAVIMENTO RUIM/IRREGULAR,AUTOMÓVEL=1,PORTO FERREIRA,CENTRAL,RIO CLARO,ESTADUAL
12081,2023-04-20,18:09:26,L06-INTERVIAS,SPI165/330,0.3,LESTE,-22.39646,-47.3864,COLISÃO,COLISÃO-LATERAL,IMPRUD. CONDUTOR-LEVOU FECHADA,MOTO=2,ARARAS,CAMPINAS,RIO CLARO,ESTADUAL
12082,2023-04-20,18:52:33,L06-INTERVIAS,SP330,227.5,NORTE,-21.8499,-47.4948,ATROPELAMENTO DE PEDESTRE,ATROP. PEDESTRE-ANDARILHO,IMPRUD. PEDESTRE-USUÁRIO,AUTOMÓVEL=1|NÃO SE APLICA=1,PORTO FERREIRA,CENTRAL,RIO CLARO,ESTADUAL
12084,2023-04-21,04:27:24,L06-INTERVIAS,SP330,230.5,NORTE,-21.82285,-47.49575,ATROPELAMENTO DE ANIMAL,ATROP. ANIMAL,ANIMAL NA RODOVIA,AUTOMÓVEL=1,PORTO FERREIRA,CENTRAL,RIO CLARO,ESTADUAL
12085,2023-04-21,16:03:55,L06-INTERVIAS,SP330,213.7,SUL,-21.96888003,-47.45592999,CHOQUE,CHOQUE-OUTROS,PAVIMENTO RUIM/IRREGULAR,AUTOMÓVEL=1,PIRASSUNUNGA,CAMPINAS,RIO CLARO,ESTADUAL
12088,2023-04-21,20:34:19,L06-INTERVIAS,SP330,205.0,SUL,-22.0439,-47.431,ATROPELAMENTO DE ANIMAL,ATROP. ANIMAL,ANIMAL NA RODOVIA,AUTOMÓVEL=1,PIRASSUNUNGA,CAMPINAS,RIO CLARO,ESTADUAL
12090,2023-04-21,23:22:06,L06-INTERVIAS,SP330,220.25,SUL,-21.912475,-47.475125,ATROPELAMENTO DE ANIMAL,ATROP. ANIMAL,ANIMAL NA RODOVIA,AUTOMÓVEL=1,PORTO FERREIRA,CENTRAL,RIO CLARO,ESTADUAL
12092,2023-04-22,16:01:00,L06-INTERVIAS,SP330,192.0,NORTE,-22.157,-47.3999,TOMBAMENTO,TOMBAMENTO,ESTACIONAMENTO IRREGULAR,MOTO=1,LEME,CAMPINAS,RIO CLARO,ESTADUAL
12094,2023-04-22,20:36:14,L06-INTERVIAS,SP330,219.8,NORTE,-21.91623997,-47.47352001,CHOQUE,CHOQUE-OBJETO NA PISTA,OBJETO NA PISTA,AUTOMÓVEL=1,PIRASSUNUNGA,CAMPINAS,RIO CLARO,ESTADUAL
12096,2023-04-23,18:54:23,L06-INTERVIAS,SP330,167.72,NORTE,-22.37423199,-47.394388,ATROPELAMENTO DE PEDESTRE,ATROP. PEDESTRE-ANDARILHO,IMPRUD. PEDESTRE-USUÁRIO,AUTOMÓVEL=1|NÃO SE APLICA=1,ARARAS,CAMPINAS,RIO CLARO,ESTADUAL
12097,2023-04-23,23:09:53,L06-INTERVIAS,SP330,229.0,NORTE,-21.8362,-47.4951,CHOQUE,CHOQUE-SINALIZAÇÃO,IMPRUD. CONDUTOR-DORMIR AO VOLANTE,AUTOMÓVEL=1,PORTO FERREIRA,CENTRAL,RIO CLARO,ESTADUAL
12098,2023-04-24,02:24:21,L06-INTERVIAS,SP330,187.0,NORTE,-22.202,-47.3955,CHOQUE,CHOQUE-OBJETO NA PISTA,OBJETO NA PISTA,AUTOMÓVEL=1,LEME,CAMPINAS,RIO CLARO,ESTADUAL
12101,2023-04-24,13:48:19,L06-INTERVIAS,SP330,197.5,NORTE,-22.10935,-47.4126,CHOQUE,CHOQUE-OBJETO NA PISTA,OBJETO NA PISTA,AUTOMÓVEL=1,SANTA CRUZ DA CONCEIÇÃO,CAMPINAS,RIO CLARO,ESTADUAL
12105,2023-04-25,00:58:52,L06-INTERVIAS,SP330,205.36,SUL,-22.04073199,-47.431828,TOMBAMENTO,TOMBAMENTO,IMPRUD. CONDUTOR-PERDA DE CONTROLE,CAMINHÃO=1,PIRASSUNUNGA,CAMPINAS,RIO CLARO,ESTADUAL
12108,2023-04-26,06:35:38,L06-INTERVIAS,SP330,165.0,NORTE,-22.3979,-47.3897,TOMBAMENTO,TOMBAMENTO,ÓLEO NA PISTA,MOTO=1,ARARAS,CAMPINAS,RIO CLARO,ESTADUAL
12109,2023-04-26,07:56:05,L06-INTERVIAS,SP330,196.0,NORTE,-22.1228,-47.4105,TOMBAMENTO,TOMBAMENTO,PANE MECÂNICA/ELÉTRICA,MOTO=1,LEME,CAMPINAS,RIO CLARO,ESTADUAL
12111,2023-04-26,11:51:39,L06-INTERVIAS,SP330,165.97,SUL,-22.38995799,-47.393886,COLISÃO,COLISÃO-TRASEIRA,IMPRUD. CONDUTOR-PERDA DE CONTROLE,AUTOMÓVEL=1|NÃO INFORMADO=1,ARARAS,CAMPINAS,RIO CLARO,ESTADUAL
12113,2023-04-26,14:02:45,L06-INTERVIAS,SP330,173.5,SUL,-22.3232,-47.3901,TOMBAMENTO,TOMBAMENTO,IMPRUD. CONDUTOR-MUDANÇA DE FAIXA,MOTO=1,ARARAS,CAMPINAS,RIO CLARO,ESTADUAL
12115,2023-04-27,17:44:02,L06-INTERVIAS,SP330,218.5,SUL,-21.92755,-47.47005,CHOQUE,CHOQUE-OBJETO NA PISTA,OBJETO NA PISTA,CAMINHÃO=1,PIRASSUNUNGA,CAMPINAS,RIO CLARO,ESTADUAL
12116,2023-04-27,18:17:56,L06-INTERVIAS,SP330,185.3,SUL,-22.21712997,-47.39301001,COLISÃO,COLISÃO-LATERAL,IMPRUD. CONDUTOR-PERDA DE CONTROLE,AUTOMÓVEL=2,LEME,CAMPINAS,RIO CLARO,ESTADUAL
12123,2023-04-29,22:52:43,L06-INTERVIAS,SP330,203.4,NORTE,-22.05788005,-47.42717999,ATROPELAMENTO DE ANIMAL,ATROP. ANIMAL,ANIMAL NA RODOVIA,AUTOMÓVEL=1,PIRASSUNUNGA,CAMPINAS,RIO CLARO,ESTADUAL
12126,2023-04-30,08:20:17,L06-INTERVIAS,SP330,181.76,NORTE,-22.24896005,-47.38998,CHOQUE,CHOQUE-CANCELA DE PEDÁGIO,PANE MECÂNICA/ELÉTRICA,CAMINHÃO=1,LEME,CAMPINAS,RIO CLARO,ESTADUAL
12127,2023-04-30,18:42:42,L06-INTERVIAS,SP330,201.6,NORTE,-22.07323994,-47.42334001,COLISÃO,COLISÃO-TRASEIRA,IMPRUD. CONDUTOR-LEVOU FECHADA,AUTOMÓVEL=2,SANTA CRUZ DA CONCEIÇÃO,CAMPINAS,RIO CLARO,ESTADUAL
12129,2023-04-30,19:45:42,L06-INTERVIAS,SP330,192.8,NORTE,-22.15011997,-47.40182001,CHOQUE,"CHOQUE - DEFENSA, BARREIRA OU ""SUBMARINO""",IMPRUD. CONDUTOR-PERDA DE CONTROLE,AUTOMÓVEL=1,LEME,CAMPINAS,RIO CLARO,ESTADUAL
12132,2023-05-01,18:25:15,L06-INTERVIAS,SP330,176.0,NORTE,-22.3007,-47.392,ENGAVETAMENTO,ENGAVETAMENTO,IMPRUD. CONDUTOR,AUTOMÓVEL=2|CAMINHONETE=1,ARARAS,CAMPINAS,RIO CLARO,ESTADUAL
12133,2023-05-01,23:18:34,L06-INTERVIAS,SP330,213.8,SUL,-21.96801997,-47.45622001,ATROPELAMENTO DE ANIMAL,ATROP. ANIMAL,ANIMAL NA RODOVIA,AUTOMÓVEL=1,PIRASSUNUNGA,CAMPINAS,RIO CLARO,ESTADUAL
12134,2023-05-02,01:47:10,L06-INTERVIAS,SP330,200.3,NORTE,-22.08515997,-47.42015001,COLISÃO,COLISÃO-TRASEIRA,IMPRUD. CONDUTOR,CAMINHÃO=1|ÔNIBUS=1,SANTA CRUZ DA CONCEIÇÃO,CAMPINAS,RIO CLARO,ESTADUAL
12136,2023-05-02,07:21:06,L06-INTERVIAS,SP330,181.76,SUL,-22.24903605,-47.39083599,CHOQUE,CHOQUE-VEÍCULO PARADO NA PISTA,IMPRUD. CONDUTOR,AUTOMÓVEL=1|CAMINHÃO=1,LEME,CAMPINAS,RIO CLARO,ESTADUAL
12137,2023-05-03,08:15:05,L06-INTERVIAS,SP330,214.9,SUL,-21.95937005,-47.45949998,CHOQUE,CHOQUE-VEÍCULO PARADO NO ACOSTAMENTO,IMPRUD. CONDUTOR,CAMINHÃO=2,PIRASSUNUNGA,CAMPINAS,RIO CLARO,ESTADUAL
12139,2023-05-03,15:55:15,L06-INTERVIAS,SP330,160.8,NORTE,-22.43553997,-47.39557999,CHOQUE,CHOQUE-OBJETO NA PISTA,OBJETO NA PISTA,AUTOMÓVEL=1,ARARAS,CAMPINAS,RIO CLARO,ESTADUAL
12140,2023-05-03,16:05:07,L06-INTERVIAS,SP330,160.8,NORTE,-22.43553997,-47.39557999,CHOQUE,CHOQUE-OBJETO NA PISTA,OBJETO NA PISTA,AUTOMÓVEL=1,ARARAS,CAMPINAS,RIO CLARO,ESTADUAL
12142,2023-05-03,22:46:52,L06-INTERVIAS,SP330,163.2,SUL,-22.41410003,-47.38992,TOMBAMENTO,TOMBAMENTO,IMPRUD. CONDUTOR-PERDA DE CONTROLE,MOTO=1,ARARAS,CAMPINAS,RIO CLARO,ESTADUAL
12143,2023-05-04,11:51:10,L06-INTERVIAS,SP330,228.401,SUL,-21.84163059,-47.4953401,COLISÃO,COLISÃO-TRASEIRA,IMPRUD. CONDUTOR,CAMINHÃO=5,PORTO FERREIRA,CENTRAL,RIO CLARO,ESTADUAL
12144,2023-05-04,15:48:20,L06-INTERVIAS,SP330,207.4,NORTE,-22.02298005,-47.43715998,COLISÃO,COLISÃO-TRASEIRA,IMPRUD. CONDUTOR,AUTOMÓVEL=1|CAMINHÃO=1,PIRASSUNUNGA,CAMPINAS,RIO CLARO,ESTADUAL
12145,2023-05-04,21:08:52,L06-INTERVIAS,SP330,197.0,SUL,-22.1138,-47.412,CHOQUE,CHOQUE-OBJETO NA PISTA,OBJETO NA PISTA,AUTOMÓVEL=2,SANTA CRUZ DA CONCEIÇÃO,CAMPINAS,RIO CLARO,ESTADUAL
12146,2023-05-04,22:58:30,L06-INTERVIAS,SP330,180.0,NORTE,-22.2648,-47.3908,COLISÃO,COLISÃO-LATERAL,IMPRUD. CONDUTOR-LEVOU FECHADA,CAMINHONETE=1|NÃO INFORMADO=1,ARARAS,CAMPINAS,RIO CLARO,ESTADUAL
12147,2023-05-05,03:37:43,L06-INTERVIAS,SP330,240.0,NORTE,-21.7614,-47.5567,CHOQUE,CHOQUE-OBJETO NA PISTA,OBJETO NA PISTA,AUTOMÓVEL=1,SANTA RITA DO PASSA QUATRO,CENTRAL,RIBEIRÃO PRETO,ESTADUAL
12148,2023-05-05,18:23:41,L06-INTERVIAS,SP330,197.5,SUL,-22.1094,-47.4129,CHOQUE,CHOQUE-OBJETO NA PISTA,OBJETO NA PISTA,AUTOMÓVEL=1,SANTA CRUZ DA CONCEIÇÃO,CAMPINAS,RIO CLARO,ESTADUAL
12149,2023-05-05,18:38:42,L06-INTERVIAS,SP330,198.2,SUL,-22.10328003,-47.41439999,CHOQUE,CHOQUE-OBJETO NA PISTA,OBJETO NA PISTA,CAMINHONETE=1,SANTA CRUZ DA CONCEIÇÃO,CAMPINAS,RIO CLARO,ESTADUAL
12150,2023-05-05,18:45:38,L06-INTERVIAS,SP330,191.0,SUL,-22.1752,-47.3991,CHOQUE,CHOQUE-OBJETO NA PISTA,OBJETO NA PISTA,CAMINHÃO=1,LEME,CAMPINAS,RIO CLARO,ESTADUAL
12151,2023-05-06,01:42:16,L06-INTERVIAS,SP330,190.4,NORTE,-22.17150005,-47.39894,COLISÃO,COLISÃO-TRASEIRA,OUTROS,MOTO=1|NÃO INFORMADO=1,LEME,CAMPINAS,RIO CLARO,ESTADUAL
12153,2023-05-06,10:46:36,L06-INTERVIAS,SP330,181.76,NORTE,-22.24896005,-47.38998,CHOQUE,CHOQUE-OUTROS,PANE MECÂNICA/ELÉTRICA,CAMINHONETE=1,LEME,CAMPINAS,RIO CLARO,ESTADUAL
12157,2023-05-07,12:42:43,L06-INTERVIAS,SP330,162.5,NORTE,-22.42065,-47.39145,OBJETO LANÇADO CONTRA O VEÍCULO,OBJETO LANÇADO CONTRA VEÍCULO,OBRAS,AUTOMÓVEL=1,ARARAS,CAMPINAS,RIO CLARO,ESTADUAL
12158,2023-05-07,13:18:58,L06-INTERVIAS,SP330,189.0,NORTE,-22.1841,-47.3982,TOMBAMENTO,TOMBAMENTO,IMPRUD. CONDUTOR-PERDA DE CONTROLE,MOTO=1,LEME,CAMPINAS,RIO CLARO,ESTADUAL
12160,2023-05-07,22:35:28,L06-INTERVIAS,SP330,167.7,SUL,-22.37439003,-47.39474,COLISÃO,COLISÃO-TRASEIRA,IMPRUDÊNCIA,AUTOMÓVEL=1|CAMINHÃO=1,ARARAS,CAMPINAS,RIO CLARO,ESTADUAL
12161,2023-05-07,22:45:35,L06-INTERVIAS,SP330,226.0,NORTE,-21.863,-47.4917,COLISÃO,COLISÃO-TRASEIRA,NÃO INFORMADO,CAMINHÃO=2,PORTO FERREIRA,CENTRAL,RIO CLARO,ESTADUAL
12162,2023-05-08,13:59:02,L06-INTERVIAS,SP330,200.3,NORTE,-22.08515997,-47.42015001,COLISÃO,COLISÃO-TRASEIRA,IMPRUD. CONDUTOR,AUTOMÓVEL=1|CAMINHÃO=1,SANTA CRUZ DA CONCEIÇÃO,CAMPINAS,RIO CLARO,ESTADUAL
12163,2023-05-08,15:45:17,L06-INTERVIAS,SP330,164.9,SUL,-22.39911005,-47.39018,COLISÃO,COLISÃO-TRASEIRA,NÃO INFORMADO,CAMINHÃO=1|MOTO=1,ARARAS,CAMPINAS,RIO CLARO,ESTADUAL
12165,2023-05-09,11:57:49,L06-INTERVIAS,SP330,236.6,SUL,-21.78139996,-47.53162005,TOMBAMENTO,TOMBAMENTO,NÃO INFORMADO,CAMINHONETE=1,SANTA RITA DO PASSA QUATRO,CENTRAL,RIBEIRÃO PRETO,ESTADUAL
12166,2023-05-09,19:09:02,L06-INTERVIAS,SP330,184.95,SUL,-22.22024503,-47.392455,ATROPELAMENTO DE ANIMAL,ATROP. ANIMAL,ANIMAL NA RODOVIA,AUTOMÓVEL=1,LEME,CAMPINAS,RIO CLARO,ESTADUAL
12167,2023-05-09,19:59:58,L06-INTERVIAS,SP330,232.6,NORTE,-21.80539995,-47.50308003,CHOQUE,CHOQUE-OBJETO NA PISTA,OBJETO NA PISTA,AUTOMÓVEL=1,PORTO FERREIRA,CENTRAL,RIO CLARO,ESTADUAL
12168,2023-05-10,09:49:12,L06-INTERVIAS,SP330,225.3,NORTE,-21.86894997,-47.48967001,COLISÃO,COLISÃO-TRASEIRA,IMPRUD. CONDUTOR,CAMINHÃO=1|MOTO=1,PORTO FERREIRA,CENTRAL,RIO CLARO,ESTADUAL
12171,2023-05-10,19:01:37,L06-INTERVIAS,SP330,174.65,SUL,-22.31285005,-47.39118499,COLISÃO,COLISÃO-LATERAL,IMPRUD. CONDUTOR-LEVOU FECHADA,CAMINHONETE=1|NÃO INFORMADO=1,ARARAS,CAMPINAS,RIO CLARO,ESTADUAL
12173,2023-05-11,07:22:22,L06-INTERVIAS,SP330,233.0,NORTE,-21.8024,-47.5052,ATROPELAMENTO DE ANIMAL,ATROP. ANIMAL,ANIMAL NA RODOVIA,AUTOMÓVEL=1,SANTA RITA DO PASSA QUATRO,CENTRAL,RIBEIRÃO PRETO,ESTADUAL
12179,2023-05-13,11:20:54,L06-INTERVIAS,SP330,210.1,SUL,-21.99992995,-47.44539002,CHOQUE,CHOQUE-SINALIZAÇÃO,IMPRUD. CONDUTOR-PERDA DE CONTROLE,AUTOMÓVEL=1|NÃO SE APLICA=2,PIRASSUNUNGA,CAMPINAS,RIO CLARO,ESTADUAL
12180,2023-05-13,11:58:29,L06-INTERVIAS,SP330,177.7,NORTE,-22.28540003,-47.39304,COLISÃO,COLISÃO-TRASEIRA,IMPRUD. CONDUTOR,AUTOMÓVEL=1|NÃO INFORMADO=1,ARARAS,CAMPINAS,RIO CLARO,ESTADUAL
12181,2023-05-14,10:18:36,L06-INTERVIAS,SP330,164.0,NORTE,-22.4071,-47.3893,COLISÃO,COLISÃO-TRASEIRA,IMPRUD. CONDUTOR,MOTO=1|NÃO INFORMADO=1,ARARAS,CAMPINAS,RIO CLARO,ESTADUAL
12182,2023-05-14,11:18:02,L06-INTERVIAS,SP330,170.9,SUL,-22.34580005,-47.39384001,CHOQUE,CHOQUE-OBJETO NA PISTA,OBJETO NA PISTA,AUTOMÓVEL=3,ARARAS,CAMPINAS,RIO CLARO,ESTADUAL
12183,2023-05-14,14:46:51,L06-INTERVIAS,SP330,174.5,SUL,-22.3142,-47.39105,CHOQUE,CHOQUE-TALUDE OU BARRANCO,IMPRUD. CONDUTOR-PERDA DE CONTROLE,AUTOMÓVEL=1,ARARAS,CAMPINAS,RIO CLARO,ESTADUAL
12184,2023-05-14,18:34:28,L06-INTERVIAS,SP330,232.9,NORTE,-21.80315005,-47.50466997,ATROPELAMENTO DE ANIMAL,ATROP. ANIMAL,ANIMAL NA RODOVIA,AUTOMÓVEL=1,PORTO FERREIRA,CENTRAL,RIO CLARO,ESTADUAL
12185,2023-05-16,04:36:17,L06-INTERVIAS,SP330,228.0,SUL,-21.8454,-47.4953,ATROPELAMENTO DE ANIMAL,ATROP. ANIMAL,ANIMAL NA RODOVIA,AUTOMÓVEL=1,PORTO FERREIRA,CENTRAL,RIO CLARO,ESTADUAL
12186,2023-05-16,05:11:26,L06-INTERVIAS,SP330,215.0,SUL,-21.9586,-47.4598,CHOQUE,CHOQUE-CANCELA DE PEDÁGIO,FALHA DE EQUIP. PEDÁGIO-TAG,CAMINHÃO=1,PIRASSUNUNGA,CAMPINAS,RIO CLARO,ESTADUAL
12188,2023-05-16,09:51:40,L06-INTERVIAS,SP330,169.0,NORTE,-22.3629,-47.3945,COLISÃO,COLISÃO-TRASEIRA,IMPRUD. CONDUTOR,MOTO=1|NÃO INFORMADO=1,ARARAS,CAMPINAS,RIO CLARO,ESTADUAL
12189,2023-05-16,10:33:05,L06-INTERVIAS,SP330,161.6,SUL,-22.42841995,-47.39405999,COLISÃO,COLISÃO-TRASEIRA,IMPRUD. CONDUTOR,AUTOMÓVEL=1|CAMINHONETE=1,ARARAS,CAMPINAS,RIO CLARO,ESTADUAL
12190,2023-05-16,12:55:09,L06-INTERVIAS,SP330,183.98,NORTE,-22.22898004,-47.391288,CHOQUE,"CHOQUE - DEFENSA, BARREIRA OU ""SUBMARINO""",IMPRUD. CONDUTOR-PERDA DE CONTROLE,AUTOMÓVEL=1,LEME,CAMPINAS,RIO CLARO,ESTADUAL
12193,2023-05-17,07:40:45,L06-INTERVIAS,SP330,172.0,NORTE,-22.3366,-47.39,COLISÃO,COLISÃO-LATERAL,IMPRUD. CONDUTOR,AUTOMÓVEL=1|CAMINHÃO=1,ARARAS,CAMPINAS,RIO CLARO,ESTADUAL
12194,2023-05-17,07:56:30,L06-INTERVIAS,SP330,165.2,SUL,-22.39658003,-47.39095999,COLISÃO,COLISÃO-LATERAL,IMPRUD. CONDUTOR,CAMINHÃO=1|MOTO=1,ARARAS,CAMPINAS,RIO CLARO,ESTADUAL
12196,2023-05-17,12:31:32,L06-INTERVIAS,SP330,170.0,SUL,-22.3539,-47.3951,COLISÃO,COLISÃO-TRASEIRA,IMPRUD. CONDUTOR-MUDANÇA DE FAIXA,AUTOMÓVEL=1|CAMINHÃO=2,ARARAS,CAMPINAS,RIO CLARO,ESTADUAL
12200,2023-05-18,23:39:34,L06-INTERVIAS,SP330,237.95,SUL,-21.77349002,-47.54172998,COLISÃO,COLISÃO-TRASEIRA,IMPRUD. CONDUTOR,CAMINHÃO=2,SANTA RITA DO PASSA QUATRO,CENTRAL,RIBEIRÃO PRETO,ESTADUAL
12202,2023-05-19,07:34:23,L06-INTERVIAS,SP330,176.34,NORTE,-22.29764003,-47.392306,TOMBAMENTO,TOMBAMENTO,IMPRUD. CONDUTOR-PERDA DE CONTROLE,MOTO=1,ARARAS,CAMPINAS,RIO CLARO,ESTADUAL
12207,2023-05-21,16:32:16,L06-INTERVIAS,SP330,188.0,SUL,-22.1931,-47.3976,CHOQUE,CHOQUE-OBJETO NA PISTA,OBJETO NA PISTA,AUTOMÓVEL=1,LEME,CAMPINAS,RIO CLARO,ESTADUAL
12210,2023-05-21,22:07:25,L06-INTERVIAS,SP330,182.4,SUL,-22.24326006,-47.3911,COLISÃO,COLISÃO-TRASEIRA,IMPRUD. CONDUTOR-DORMIR AO VOLANTE,CAMINHÃO=2,LEME,CAMPINAS,RIO CLARO,ESTADUAL
12215,2023-05-22,16:13:07,L06-INTERVIAS,SP330,235.4,SUL,-21.78830003,-47.52273996,TOMBAMENTO,TOMBAMENTO,ESTOURO/FURO DE PNEU,MOTO=1,SANTA RITA DO PASSA QUATRO,CENTRAL,RIBEIRÃO PRETO,ESTADUAL
12216,2023-05-22,22:33:01,L06-INTERVIAS,SP330,184.0,NORTE,-22.2288,-47.3913,ATROPELAMENTO DE PEDESTRE,ATROP. PEDESTRE-OUTROS,IMPRUD. PEDESTRE-USUÁRIO,AUTOMÓVEL=1|NÃO SE APLICA=1,LEME,CAMPINAS,RIO CLARO,ESTADUAL
12217,2023-05-23,13:26:50,L06-INTERVIAS,SP330,190.0,SUL,-22.1751,-47.3987,OBJETO LANÇADO CONTRA O VEÍCULO,OBJETO LANÇADO CONTRA VEÍCULO,OBJETO LANÇADO,CAMINHONETE=1,LEME,CAMPINAS,RIO CLARO,ESTADUAL
12226,2023-05-26,17:42:53,L06-INTERVIAS,SP330,202.1,SUL,-22.06869995,-47.42480001,CHOQUE,CHOQUE-VEÍCULO PARADO NA PISTA,PANE MECÂNICA/ELÉTRICA,AUTOMÓVEL=1|CAMINHÃO=2,PIRASSUNUNGA,CAMPINAS,RIO CLARO,ESTADUAL
12227,2023-05-26,23:11:43,L06-INTERVIAS,SP330,162.5,NORTE,-22.42065,-47.39145,COLISÃO,COLISÃO-TRASEIRA,IMPRUD. CONDUTOR-PERDA DE CONTROLE,AUTOMÓVEL=1|CAMINHÃO=1,ARARAS,CAMPINAS,RIO CLARO,ESTADUAL
12234,2023-05-28,22:26:04,L06-INTERVIAS,SP330,166.2,NORTE,-22.38812003,-47.39354,COLISÃO,COLISÃO-TRASEIRA,IMPRUD. CONDUTOR-DORMIR AO VOLANTE,CAMINHÃO=2,ARARAS,CAMPINAS,RIO CLARO,ESTADUAL
12238,2023-05-30,04:41:15,L06-INTERVIAS,SP330,239.0,NORTE,-21.7672,-47.5493,CHOQUE,CHOQUE-OBJETO NA PISTA,OBJETO NA PISTA,AUTOMÓVEL=1,SANTA RITA DO PASSA QUATRO,CENTRAL,RIBEIRÃO PRETO,ESTADUAL
12242,2023-05-30,14:29:44,L06-INTERVIAS,SP330,199.4,SUL,-22.09296005,-47.41795998,COLISÃO,COLISÃO-LATERAL,IMPRUD. CONDUTOR-MUDANÇA DE FAIXA,AUTOMÓVEL=1|CAMINHÃO=1|MOTO=1,SANTA CRUZ DA CONCEIÇÃO,CAMPINAS,RIO CLARO,ESTADUAL
12243,2023-05-30,14:47:47,L06-INTERVIAS,SP330,200.0,NORTE,-22.0878,-47.4194,COLISÃO,COLISÃO-TRASEIRA,IMPRUD. CONDUTOR,CAMINHÃO=1|UTILITÁRIO=1,SANTA CRUZ DA CONCEIÇÃO,CAMPINAS,RIO CLARO,ESTADUAL
12246,2023-06-01,07:59:01,L06-INTERVIAS,SP330,163.352,SUL,-22.41275035,-47.3903888,COLISÃO,COLISÃO-TRASEIRA,CONDIÇÃO CLIMÁTICA,AUTOMÓVEL=1|NÃO INFORMADO=1,ARARAS,CAMPINAS,RIO CLARO,ESTADUAL
12248,2023-06-01,19:39:13,L06-INTERVIAS,SP330,198.5,NORTE,-22.1006,-47.41495,CHOQUE,CHOQUE-OBJETO NA PISTA,OBJETO NA PISTA,CAMINHONETE=1,SANTA CRUZ DA CONCEIÇÃO,CAMPINAS,RIO CLARO,ESTADUAL
12253,2023-06-03,02:02:19,L06-INTERVIAS,SP330,210.2,NORTE,-21.99898003,-47.44537999,CHOQUE,CHOQUE-SINALIZAÇÃO,IMPRUDÊNCIA,AUTOMÓVEL=1,PIRASSUNUNGA,CAMPINAS,RIO CLARO,ESTADUAL
12258,2023-06-04,07:54:38,L06-INTERVIAS,SP330,234.0,SUL,-21.7966,-47.5123,CHOQUE,CHOQUE-OBJETO NA PISTA,OBJETO NA PISTA,AUTOMÓVEL=1,SANTA RITA DO PASSA QUATRO,CENTRAL,RIBEIRÃO PRETO,ESTADUAL
12259,2023-06-04,13:48:04,L06-INTERVIAS,SP330,194.2,NORTE,-22.13850003,-47.40697999,OBJETO LANÇADO CONTRA O VEÍCULO,OBJETO LANÇADO CONTRA VEÍCULO,OBJETO NA PISTA,AUTOMÓVEL=1,LEME,CAMPINAS,RIO CLARO,ESTADUAL
12260,2023-06-04,14:32:59,L06-INTERVIAS,SP330,234.8,NORTE,-21.79155998,-47.51820002,CHOQUE,CHOQUE-OBJETO NA PISTA,OBJETO NA PISTA,AUTOMÓVEL=1,SANTA RITA DO PASSA QUATRO,CENTRAL,RIBEIRÃO PRETO,ESTADUAL
12261,2023-06-04,15:05:15,L06-INTERVIAS,SP330,234.8,NORTE,-21.79155998,-47.51820002,CHOQUE,CHOQUE-OBJETO NA PISTA,OBJETO NA PISTA,AUTOMÓVEL=1,SANTA RITA DO PASSA QUATRO,CENTRAL,RIBEIRÃO PRETO,ESTADUAL
12262,2023-06-04,19:23:36,L06-INTERVIAS,SP330,165.16,NORTE,-22.39661997,-47.39029201,COLISÃO,COLISÃO-TRASEIRA,IMPRUD. CONDUTOR,AUTOMÓVEL=1|MOTO=1,ARARAS,CAMPINAS,RIO CLARO,ESTADUAL
12264,2023-06-05,13:21:49,L06-INTERVIAS,SP330,209.5,NORTE,-22.005,-47.4433,TOMBAMENTO,TOMBAMENTO,IMPRUD. CONDUTOR-LEVOU FECHADA,MOTO=1,PIRASSUNUNGA,CAMPINAS,RIO CLARO,ESTADUAL
12266,2023-06-05,13:44:15,L06-INTERVIAS,SP330,212.72,SUL,-21.97733599,-47.45306,CHOQUE,"CHOQUE - DEFENSA, BARREIRA OU ""SUBMARINO""",IMPRUD. CONDUTOR,AUTOMÓVEL=1|CAMINHÃO=1,PIRASSUNUNGA,CAMPINAS,RIO CLARO,ESTADUAL
12267,2023-06-05,16:14:03,L06-INTERVIAS,SP330,226.0,NORTE,-21.863,-47.4917,COLISÃO,COLISÃO-TRASEIRA,IMPRUDÊNCIA,CAMINHÃO=2,PORTO FERREIRA,CENTRAL,RIO CLARO,ESTADUAL
12268,2023-06-05,16:54:02,L06-INTERVIAS,SP330,200.3,SUL,-22.08518997,-47.42045001,CHOQUE,CHOQUE-OBJETO NA PISTA,OBJETO NA PISTA,AUTOMÓVEL=1,SANTA CRUZ DA CONCEIÇÃO,CAMPINAS,RIO CLARO,ESTADUAL
12272,2023-06-06,19:35:28,L06-INTERVIAS,SP330,214.4,SUL,-21.96322005,-47.45799998,CHOQUE,CHOQUE-OBJETO NA PISTA,OBJETO NA PISTA,CAMINHÃO=1,PIRASSUNUNGA,CAMPINAS,RIO CLARO,ESTADUAL
12273,2023-06-07,04:37:20,L06-INTERVIAS,SP330,184.552,SUL,-22.22378718,-47.3920968,ATROPELAMENTO DE ANIMAL,ATROP. ANIMAL,ANIMAL NA RODOVIA,CAMINHÃO=1,LEME,CAMPINAS,RIO CLARO,ESTADUAL
12274,2023-06-07,14:41:52,L06-INTERVIAS,SP330,234.6,NORTE,-21.79271996,-47.51670005,CHOQUE,"CHOQUE - DEFENSA, BARREIRA OU ""SUBMARINO""",IMPRUD. CONDUTOR-PERDA DE CONTROLE,AUTOMÓVEL=1|NÃO INFORMADO=1,SANTA RITA DO PASSA QUATRO,CENTRAL,RIBEIRÃO PRETO,ESTADUAL
12280,2023-06-09,20:48:21,L06-INTERVIAS,SP330,187.3,NORTE,-22.19932997,-47.39601001,CHOQUE,"CHOQUE - DEFENSA, BARREIRA",IMPRUD. CONDUTOR-LEVOU FECHADA,AUTOMÓVEL=1|CAMINHÃO=1,LEME,CAMPINAS,RIO CLARO,ESTADUAL
12281,2023-06-09,23:08:15,L06-INTERVIAS,SP330,230.0,SUL,-21.8273,-47.4954,CHOQUE,CHOQUE-OBJETO NA PISTA,OBJETO NA PISTA,CAMINHONETE=1,PORTO FERREIRA,CENTRAL,RIO CLARO,ESTADUAL
12282,2023-06-10,02:42:10,L06-INTERVIAS,SP330,215.0,SUL,-21.9586,-47.4598,CHOQUE,CHOQUE-OUTROS,IMPRUD. CONDUTOR-EFETUAVA A RÉ,CAMINHÃO=1,PIRASSUNUNGA,CAMPINAS,RIO CLARO,ESTADUAL
12284,2023-06-10,21:41:06,L06-INTERVIAS,SP330,208.4,SUL,-22.01444005,-47.44035998,CHOQUE,CHOQUE-OBJETO NA PISTA,OBJETO NA PISTA,AUTOMÓVEL=2,PIRASSUNUNGA,CAMPINAS,RIO CLARO,ESTADUAL
12286,2023-06-11,21:45:50,L06-INTERVIAS,SP330,219.1,SUL,-21.92329124,-47.47150292,CHOQUE,CHOQUE-OBJETO NA PISTA,OBJETO NA PISTA,AUTOMÓVEL=2,PIRASSUNUNGA,CAMPINAS,RIO CLARO,ESTADUAL
12287,2023-06-12,00:34:33,L06-INTERVIAS,SP330,171.0,SUL,-22.3449,-47.3937,COLISÃO,COLISÃO-TRASEIRA,IMPRUD. CONDUTOR-MUDANÇA DE FAIXA,AUTOMÓVEL=1|CAMINHÃO=1,ARARAS,CAMPINAS,RIO CLARO,ESTADUAL
12291,2023-06-14,05:37:53,L06-INTERVIAS,SP330,216.95,SUL,-21.94088253,-47.46550249,COLISÃO,COLISÃO-LATERAL,IMPRUD. CONDUTOR-LEVOU FECHADA,AUTOMÓVEL=1|NÃO INFORMADO=1,PIRASSUNUNGA,CAMPINAS,RIO CLARO,ESTADUAL
12292,2023-06-14,05:46:22,L06-INTERVIAS,SP330,165.0,SUL,-22.3983,-47.3902,COLISÃO,COLISÃO-TRASEIRA,IMPRUD. CONDUTOR-FAROL DESREGULADO/APAGADO,CAMINHÃO=1|MOTO=1,ARARAS,CAMPINAS,RIO CLARO,ESTADUAL
12293,2023-06-14,10:09:37,L06-INTERVIAS,SP330,196.21,SUL,-22.12090994,-47.41105201,CHOQUE,CHOQUE-TALUDE OU BARRANCO,IMPRUD. CONDUTOR-PERDA DE CONTROLE,AUTOMÓVEL=1,LEME,CAMPINAS,RIO CLARO,ESTADUAL
12294,2023-06-14,19:53:31,L06-INTERVIAS,SP330,167.7,NORTE,-22.37442003,-47.39438,CHOQUE,CHOQUE-SINALIZAÇÃO,IMPRUD. CONDUTOR-PERDA DE CONTROLE,AUTOMÓVEL=1,ARARAS,CAMPINAS,RIO CLARO,ESTADUAL
12295,2023-06-15,10:12:30,L06-INTERVIAS,SP330,201.6,SUL,-22.07333994,-47.42364001,CHOQUE,"CHOQUE - DEFENSA, BARREIRA",IMPRUD. CONDUTOR-PERDA DE CONTROLE,AUTOMÓVEL=1,SANTA CRUZ DA CONCEIÇÃO,CAMPINAS,RIO CLARO,ESTADUAL
12300,2023-06-15,16:01:48,L06-INTERVIAS,SP330,187.2,NORTE,-22.20022003,-47.39583999,CHOQUE,"CHOQUE - DEFENSA, BARREIRA",IMPRUD. CONDUTOR-LEVOU FECHADA,AUTOMÓVEL=1,LEME,CAMPINAS,RIO CLARO,ESTADUAL
12302,2023-06-16,09:28:55,L06-INTERVIAS,SP330,223.0,SUL,-21.8888,-47.4832,OBJETO LANÇADO CONTRA O VEÍCULO,OBJETO LANÇADO CONTRA VEÍCULO,OBJETO LANÇADO,CAMINHONETE=1,PORTO FERREIRA,CENTRAL,RIO CLARO,ESTADUAL
12303,2023-06-16,11:24:35,L06-INTERVIAS,SP330,185.0,SUL,-22.2198,-47.3925,CHOQUE,CHOQUE-OBJETO NA PISTA,OBJETO NA PISTA,AUTOMÓVEL=1|NÃO INFORMADO=1,LEME,CAMPINAS,RIO CLARO,ESTADUAL
12304,2023-06-16,18:10:15,L06-INTERVIAS,SP330,204.0,NORTE,-22.0526,-47.4285,CHOQUE,CHOQUE-OBJETO NA PISTA,OBJETO NA PISTA,AUTOMÓVEL=1,PIRASSUNUNGA,CAMPINAS,RIO CLARO,ESTADUAL
12305,2023-06-16,18:27:04,L06-INTERVIAS,SP330,230.1,NORTE,-21.82640995,-47.49523001,CHOQUE,CHOQUE-OBJETO NA PISTA,OBJETO NA PISTA,CAMINHÃO=1,PORTO FERREIRA,CENTRAL,RIO CLARO,ESTADUAL
12306,2023-06-16,18:30:19,L06-INTERVIAS,SP330,204.0,NORTE,-22.0526,-47.4285,CHOQUE,CHOQUE-OBJETO NA PISTA,OBJETO NA PISTA,AUTOMÓVEL=1,PIRASSUNUNGA,CAMPINAS,RIO CLARO,ESTADUAL
12307,2023-06-16,19:55:16,L06-INTERVIAS,SP330,225.0,SUL,-21.8718,-47.489,CHOQUE,CHOQUE-OUTROS,PAVIMENTO RUIM/IRREGULAR,CAMINHÃO=1,PORTO FERREIRA,CENTRAL,RIO CLARO,ESTADUAL
12308,2023-06-17,04:59:37,L06-INTERVIAS,SP330,214.5,SUL,-21.96245,-47.4583,ATROPELAMENTO DE ANIMAL,ATROP. ANIMAL,ANIMAL NA RODOVIA,AUTOMÓVEL=1,PIRASSUNUNGA,CAMPINAS,RIO CLARO,ESTADUAL
12309,2023-06-17,15:41:25,L06-INTERVIAS,SP330,166.0,SUL,-22.3897,-47.394,COLISÃO,COLISÃO-TRASEIRA,IMPRUD. CONDUTOR-LEVOU FECHADA,AUTOMÓVEL=1|CAMINHÃO=1,ARARAS,CAMPINAS,RIO CLARO,ESTADUAL
12311,2023-06-18,05:10:46,L06-INTERVIAS,SP330,158.5,NORTE,-22.467,-47.3985,COLISÃO,COLISÃO-LATERAL,IMPRUD. CONDUTOR,CAMINHONETE=1|CAMINHÃO=1,CORDEIRÓPOLIS,CAMPINAS,RIO CLARO,ESTADUAL
12313,2023-06-18,19:22:59,L06-INTERVIAS,SP330,238.0,SUL,-21.7732,-47.5421,COLISÃO,COLISÃO-TRASEIRA,IMPRUD. CONDUTOR,CAMINHÃO=2,SANTA RITA DO PASSA QUATRO,CENTRAL,RIBEIRÃO PRETO,ESTADUAL
12315,2023-06-19,09:02:10,L06-INTERVIAS,SP330,176.5,SUL,-22.29615,-47.3928,TOMBAMENTO,TOMBAMENTO,ESTOURO/FURO DE PNEU,MOTO=1,ARARAS,CAMPINAS,RIO CLARO,ESTADUAL
12316,2023-06-19,23:50:30,L06-INTERVIAS,SP330,166.33,SUL,-22.38679598,-47.394198,CHOQUE,CHOQUE-OBJETO NA PISTA,OBJETO NA PISTA,AUTOMÓVEL=1,ARARAS,CAMPINAS,RIO CLARO,ESTADUAL
12317,2023-06-20,12:19:22,L06-INTERVIAS,SP330,212.8,NORTE,-21.97659997,-47.45302001,CHOQUE,CHOQUE-OUTROS,IMPRUD. CONDUTOR-PERDA DE CONTROLE,MOTO=1,PIRASSUNUNGA,CAMPINAS,RIO CLARO,ESTADUAL
12318,2023-06-21,00:41:00,L06-INTERVIAS,SP330,172.2,SUL,-22.33474003,-47.39024,CHOQUE,CHOQUE-OBJETO NA PISTA,OBJETO NA PISTA,AUTOMÓVEL=1,ARARAS,CAMPINAS,RIO CLARO,ESTADUAL
12319,2023-06-22,03:39:44,L06-INTERVIAS,SP330,164.3,SUL,-22.40396998,-47.39006,COLISÃO,COLISÃO-TRASEIRA,IMPRUD. CONDUTOR-DORMIR AO VOLANTE,CAMINHÃO=2,ARARAS,CAMPINAS,RIO CLARO,ESTADUAL
12322,2023-06-25,00:56:31,L06-INTERVIAS,SP330,188.4,NORTE,-22.18950005,-47.39759999,CHOQUE,"CHOQUE - DEFENSA, BARREIRA",IMPRUD. CONDUTOR-LEVOU FECHADA,AUTOMÓVEL=1,LEME,CAMPINAS,RIO CLARO,ESTADUAL
12323,2023-06-25,09:47:20,L06-INTERVIAS,SP330,205.62,NORTE,-22.03844404,-47.43212599,OBJETO LANÇADO CONTRA O VEÍCULO,OBJETO LANÇADO CONTRA VEÍCULO,OBJETO LANÇADO,AUTOMÓVEL=1,PIRASSUNUNGA,CAMPINAS,RIO CLARO,ESTADUAL
12326,2023-06-25,16:30:44,L06-INTERVIAS,SP330,167.7,NORTE,-22.37442003,-47.39438,COLISÃO,COLISÃO-TRASEIRA,IMPRUD. CONDUTOR-LEVOU FECHADA,CAMINHONETE=1|CAMINHÃO=1,ARARAS,CAMPINAS,RIO CLARO,ESTADUAL
12327,2023-06-25,19:30:42,L06-INTERVIAS,SP330,234.14,SUL,-21.79651455,-47.51240646,CHOQUE,CHOQUE-OBJETO NA PISTA,OBJETO NA PISTA,AUTOMÓVEL=1,SANTA RITA DO PASSA QUATRO,CENTRAL,RIBEIRÃO PRETO,ESTADUAL
12328,2023-06-26,15:56:09,L06-INTERVIAS,SP330,219.7,SUL,-21.91721003,-47.47352999,COLISÃO,COLISÃO-TRASEIRA,IMPRUD. CONDUTOR,CAMINHONETE=1|CAMINHÃO=1,PIRASSUNUNGA,CAMPINAS,RIO CLARO,ESTADUAL
12330,2023-06-27,15:53:23,L06-INTERVIAS,SP330,230.0,SUL,-21.8273,-47.4954,COLISÃO,COLISÃO-TRASEIRA,IMPRUD. CONDUTOR-LEVOU FECHADA,CAMINHÃO=1|NÃO INFORMADO=1,PORTO FERREIRA,CENTRAL,RIO CLARO,ESTADUAL
12331,2023-06-28,16:08:43,L06-INTERVIAS,SP330,221.0,SUL,-21.9061,-47.4773,OBJETO LANÇADO CONTRA O VEÍCULO,OBJETO LANÇADO CONTRA VEÍCULO,ROÇADA MECÂNICA/MANUAL,AUTOMÓVEL=1,PORTO FERREIRA,CENTRAL,RIO CLARO,ESTADUAL
12333,2023-06-29,01:48:00,L06-INTERVIAS,SP330,219.0,SUL,-21.9233,-47.4715,CHOQUE,CHOQUE-OBJETO NA PISTA,OBJETO NA PISTA,CAMINHÃO=1,PIRASSUNUNGA,CAMPINAS,RIO CLARO,ESTADUAL
12334,2023-06-30,12:19:16,L06-INTERVIAS,SP330,228.4,SUL,-21.84164006,-47.49534,COLISÃO,COLISÃO-LATERAL,IMPRUD. CONDUTOR-LEVOU FECHADA,CAMINHONETE=1|NÃO INFORMADO=1,PORTO FERREIRA,CENTRAL,RIO CLARO,ESTADUAL
12335,2023-06-30,12:28:36,L06-INTERVIAS,SP330,228.4,SUL,-21.84164006,-47.49534,TOMBAMENTO,TOMBAMENTO,VEÍCULO PARADO NA FAIXA,MOTO=1,PORTO FERREIRA,CENTRAL,RIO CLARO,ESTADUAL
12337,2023-06-30,19:55:43,L06-INTERVIAS,SP330,217.3,SUL,-21.93785497,-47.46653501,COLISÃO,COLISÃO-TRASEIRA,IMPRUD. CONDUTOR-MUDANÇA DE FAIXA,AUTOMÓVEL=1|CAMINHÃO=1,PIRASSUNUNGA,CAMPINAS,RIO CLARO,ESTADUAL
12341,2023-07-01,15:42:49,L06-INTERVIAS,SP330,237.0,NORTE,-21.7788,-47.5345,COLISÃO,COLISÃO-LATERAL,IMPRUD. CONDUTOR-MUDANÇA DE FAIXA,AUTOMÓVEL=1|CAMINHÃO=1,SANTA RITA DO PASSA QUATRO,CENTRAL,RIBEIRÃO PRETO,ESTADUAL
12343,2023-07-02,04:01:48,L06-INTERVIAS,SP330,194.6,NORTE,-22.13509995,-47.40814002,CAPOTAMENTO,CAPOTAMENTO,IMPRUD. CONDUTOR-PERDA DE CONTROLE,AUTOMÓVEL=1,LEME,CAMPINAS,RIO CLARO,ESTADUAL
12346,2023-07-03,09:15:43,L06-INTERVIAS,SP330,175.0,SUL,-22.3097,-47.3915,OBJETO LANÇADO CONTRA O VEÍCULO,OBJETO LANÇADO CONTRA VEÍCULO,OBJETO NA PISTA,AUTOMÓVEL=1,ARARAS,CAMPINAS,RIO CLARO,ESTADUAL
12347,2023-07-03,18:59:16,L06-INTERVIAS,SP330,174.9,SUL,-22.31060005,-47.39140999,CHOQUE,CHOQUE-OBJETO NA PISTA,OBJETO NA PISTA,AUTOMÓVEL=1,ARARAS,CAMPINAS,RIO CLARO,ESTADUAL
12348,2023-07-03,20:12:41,L06-INTERVIAS,SP330,174.9,SUL,-22.31060005,-47.39140999,CHOQUE,CHOQUE-OBJETO NA PISTA,OBJETO NA PISTA,AUTOMÓVEL=1,ARARAS,CAMPINAS,RIO CLARO,ESTADUAL
12349,2023-07-04,05:52:32,L06-INTERVIAS,SP330,165.0,NORTE,-22.3979,-47.3897,TOMBAMENTO,TOMBAMENTO,NÃO INFORMADO,MOTO=1,ARARAS,CAMPINAS,RIO CLARO,ESTADUAL
12354,2023-07-05,06:48:02,L06-INTERVIAS,SP330,206.9,SUL,-22.02736005,-47.43590998,TOMBAMENTO,TOMBAMENTO,IMPRUD. CONDUTOR-LEVOU FECHADA,MOTO=1,PIRASSUNUNGA,CAMPINAS,RIO CLARO,ESTADUAL
12357,2023-07-05,16:19:16,L06-INTERVIAS,SP330,175.0,NORTE,-22.3097,-47.3911,COLISÃO,COLISÃO-TRASEIRA,IMPRUD. CONDUTOR,CAMINHÃO=2,ARARAS,CAMPINAS,RIO CLARO,ESTADUAL
12358,2023-07-05,16:41:38,L06-INTERVIAS,SP330,167.0,SUL,-22.3809,-47.3946,CHOQUE,CHOQUE-OBJETO NA PISTA,OBJETO NA PISTA,AUTOMÓVEL=1,ARARAS,CAMPINAS,RIO CLARO,ESTADUAL
12360,2023-07-06,05:12:01,L06-INTERVIAS,SPI165/330,2.8,OESTE,-22.39474,-47.36528,COLISÃO,COLISÃO-LATERAL,IMPRUD. CONDUTOR,AUTOMÓVEL=1|MOTO=1,ARARAS,CAMPINAS,RIO CLARO,ESTADUAL
12362,2023-07-06,15:54:03,L06-INTERVIAS,SP330,226.7,SUL,-21.85698003,-47.49402999,COLISÃO,COLISÃO-TRASEIRA,IMPRUD. CONDUTOR-LEVOU FECHADA,CAMINHONETE=1|NÃO INFORMADO=1,PORTO FERREIRA,CENTRAL,RIO CLARO,ESTADUAL
12364,2023-07-07,10:09:05,L06-INTERVIAS,SP330,222.0,SUL,-21.8975,-47.4803,CHOQUE,CHOQUE-OBJETO NA PISTA,OBJETO NA PISTA,AUTOMÓVEL=1,PORTO FERREIRA,CENTRAL,RIO CLARO,ESTADUAL
12365,2023-07-07,16:57:27,L06-INTERVIAS,SP330,224.6,NORTE,-21.87493995,-47.48760002,OBJETO LANÇADO CONTRA O VEÍCULO,OBJETO LANÇADO CONTRA VEÍCULO,OBJETO LANÇADO,AUTOMÓVEL=1|CAMINHÃO=2|MOTO=2,PORTO FERREIRA,CENTRAL,RIO CLARO,ESTADUAL
12367,2023-07-08,00:13:13,L06-INTERVIAS,SP330,212.3,SUL,-21.98098997,-47.45180001,COLISÃO,COLISÃO-TRASEIRA,IMPRUDÊNCIA,CAMINHONETE=1|CAMINHÃO=1,PIRASSUNUNGA,CAMPINAS,RIO CLARO,ESTADUAL
12368,2023-07-08,05:31:39,L06-INTERVIAS,SP330,231.0,SUL,-21.8184,-47.4967,CHOQUE,CHOQUE-OBJETO NA PISTA,OBJETO NA PISTA,CAMINHONETE=1,PORTO FERREIRA,CENTRAL,RIO CLARO,ESTADUAL
12369,2023-07-08,05:35:07,L06-INTERVIAS,SP330,231.0,SUL,-21.8184,-47.4967,CHOQUE,CHOQUE-OBJETO NA PISTA,OBJETO NA PISTA,AUTOMÓVEL=1,PORTO FERREIRA,CENTRAL,RIO CLARO,ESTADUAL
12370,2023-07-08,05:35:17,L06-INTERVIAS,SP330,231.0,SUL,-21.8184,-47.4967,CHOQUE,CHOQUE-OBJETO NA PISTA,OBJETO NA PISTA,CAMINHONETE=1,PORTO FERREIRA,CENTRAL,RIO CLARO,ESTADUAL
12371,2023-07-08,05:35:24,L06-INTERVIAS,SP330,231.0,SUL,-21.8184,-47.4967,CHOQUE,CHOQUE-OBJETO NA PISTA,OBJETO NA PISTA,AUTOMÓVEL=1,PORTO FERREIRA,CENTRAL,RIO CLARO,ESTADUAL
12372,2023-07-08,17:35:39,L06-INTERVIAS,SP330,212.0,NORTE,-21.9834,-47.4507,CHOQUE,"CHOQUE - DEFENSA, BARREIRA OU ""SUBMARINO""",IMPRUD. CONDUTOR-DORMIR AO VOLANTE,CAMINHÃO=1,PIRASSUNUNGA,CAMPINAS,RIO CLARO,ESTADUAL
12373,2023-07-09,07:08:08,L06-INTERVIAS,SP330,163.2,SUL,-22.41424003,-47.39048,CHOQUE,"CHOQUE - DEFENSA, BARREIRA",IMPRUD. CONDUTOR-PERDA DE CONTROLE,AUTOMÓVEL=1,ARARAS,CAMPINAS,RIO CLARO,ESTADUAL
12374,2023-07-09,08:17:45,L06-INTERVIAS,SP330,202.6,NORTE,-22.06459995,-47.42550001,CHOQUE,CHOQUE-OBJETO NA PISTA,OBJETO NA PISTA,AUTOMÓVEL=2,PIRASSUNUNGA,CAMPINAS,RIO CLARO,ESTADUAL
12377,2023-07-10,04:36:17,L06-INTERVIAS,SP330,228.0,SUL,-21.8454,-47.4953,CHOQUE,CHOQUE-OBJETO NA PISTA,OBJETO NA PISTA,CAMINHÃO=1,PORTO FERREIRA,CENTRAL,RIO CLARO,ESTADUAL
12382,2023-07-12,23:12:49,L06-INTERVIAS,SP330,218.1,SUL,-21.93094995,-47.46889002,CHOQUE,CHOQUE-OBJETO NA PISTA,OBJETO NA PISTA,AUTOMÓVEL=1,PIRASSUNUNGA,CAMPINAS,RIO CLARO,ESTADUAL
12383,2023-07-13,15:04:42,L06-INTERVIAS,SP330,194.3,SUL,-22.13774997,-47.40757001,COLISÃO,COLISÃO-LATERAL,IMPRUD. CONDUTOR,AUTOMÓVEL=1|CAMINHÃO=1,LEME,CAMPINAS,RIO CLARO,ESTADUAL
12385,2023-07-14,22:18:33,L06-INTERVIAS,SP330,163.9,NORTE,-22.40784005,-47.38934,ATROPELAMENTO DE ANIMAL,ATROP. ANIMAL,ANIMAL NA RODOVIA,AUTOMÓVEL=1,ARARAS,CAMPINAS,RIO CLARO,ESTADUAL
12386,2023-07-14,23:37:35,L06-INTERVIAS,SP330,192.5,NORTE,-22.1527,-47.4011,TOMBAMENTO,TOMBAMENTO,IMPRUD. CONDUTOR-PERDA DE CONTROLE,MOTO=1,LEME,CAMPINAS,RIO CLARO,ESTADUAL
12387,2023-07-15,15:13:43,L06-INTERVIAS,SP330,195.5,NORTE,-22.12725,-47.4099,TOMBAMENTO,TOMBAMENTO,IMPRUD. CONDUTOR-LEVOU FECHADA,CAMINHÃO=1,LEME,CAMPINAS,RIO CLARO,ESTADUAL
12388,2023-07-15,16:28:58,L06-INTERVIAS,SP330,203.5,NORTE,-22.057,-47.4274,CHOQUE,CHOQUE-OBJETO NA PISTA,PANE MECÂNICA/ELÉTRICA,AUTOMÓVEL=1|CAMINHÃO=1,PIRASSUNUNGA,CAMPINAS,RIO CLARO,ESTADUAL
12389,2023-07-16,05:23:28,L06-INTERVIAS,SP330,211.4,NORTE,-21.98862005,-47.44889998,CHOQUE,CHOQUE-OBJETO NÃO IDENTIFICADO,OBJETO NA PISTA,AUTOMÓVEL=1,PIRASSUNUNGA,CAMPINAS,RIO CLARO,ESTADUAL
12390,2023-07-16,16:42:56,L06-INTERVIAS,SP330,192.497,NORTE,-22.15272585,-47.40109279,COLISÃO,COLISÃO-TRANSVERSAL,IMPRUD. CONDUTOR-MUDANÇA DE FAIXA,CAMINHÃO=1|MOTO=1,LEME,CAMPINAS,RIO CLARO,ESTADUAL
12391,2023-07-16,17:17:30,L06-INTERVIAS,SP330,229.0,SUL,-21.836,-47.4954,COLISÃO,COLISÃO-TRASEIRA,IMPRUD. CONDUTOR-DORMIR AO VOLANTE,AUTOMÓVEL=2,PORTO FERREIRA,CENTRAL,RIO CLARO,ESTADUAL
12393,2023-07-16,18:52:19,L06-INTERVIAS,SP330,227.0,SUL,-21.8544,-47.4949,COLISÃO,COLISÃO-TRASEIRA,IMPRUD. CONDUTOR,AUTOMÓVEL=1|CAMINHÃO=1,PORTO FERREIRA,CENTRAL,RIO CLARO,ESTADUAL
12398,2023-07-18,09:29:17,L06-INTERVIAS,SP330,182.1,NORTE,-22.24589995,-47.39016,COLISÃO,COLISÃO-LATERAL,IMPRUD. CONDUTOR,AUTOMÓVEL=1|CAMINHÃO=1,LEME,CAMPINAS,RIO CLARO,ESTADUAL
12399,2023-07-18,20:45:39,L06-INTERVIAS,SP330,209.2,SUL,-22.00768003,-47.44269999,CHOQUE,CHOQUE-OBJETO NA PISTA,OBJETO NA PISTA,AUTOMÓVEL=1,PIRASSUNUNGA,CAMPINAS,RIO CLARO,ESTADUAL
12400,2023-07-18,21:58:37,L06-INTERVIAS,SP330,216.0,NORTE,-21.949,-47.4624,CHOQUE,CHOQUE-ELEMENTO DE DRENAGEM,NÃO INFORMADO,CAMINHÃO=1,PIRASSUNUNGA,CAMPINAS,RIO CLARO,ESTADUAL
12402,2023-07-19,15:56:23,L06-INTERVIAS,SP330,188.0,NORTE,-22.1931,-47.3972,COLISÃO,COLISÃO-TRASEIRA,TRÁFEGO-CONGESTIONAMENTO,AUTOMÓVEL=1|CAMINHÃO=1,LEME,CAMPINAS,RIO CLARO,ESTADUAL
12403,2023-07-19,16:23:40,L06-INTERVIAS,SP330,179.6,NORTE,-22.26835995,-47.39123999,CHOQUE,CHOQUE-ELEMENTO DE DRENAGEM,IMPRUD. CONDUTOR-LEVOU FECHADA,CAMINHÃO=1,ARARAS,CAMPINAS,RIO CLARO,ESTADUAL
12404,2023-07-19,17:02:56,L06-INTERVIAS,SP330,215.4,SUL,-21.95480006,-47.46095998,CHOQUE,CHOQUE-OBJETO NA PISTA,OBJETO NA PISTA,CAMINHONETE=1,PIRASSUNUNGA,CAMPINAS,RIO CLARO,ESTADUAL
12406,2023-07-20,06:36:11,L06-INTERVIAS,SP330,190.3,SUL,-22.17513,-47.39882,COLISÃO,COLISÃO-TRASEIRA,IMPRUD. CONDUTOR,CAMINHÃO=1|NÃO INFORMADO=1,LEME,CAMPINAS,RIO CLARO,ESTADUAL
12407,2023-07-20,16:32:10,L06-INTERVIAS,SP330,200.0,NORTE,-22.0878,-47.4194,COLISÃO,COLISÃO-TRASEIRA,IMPRUD. CONDUTOR,AUTOMÓVEL=1|CAMINHONETE=1,SANTA CRUZ DA CONCEIÇÃO,CAMPINAS,RIO CLARO,ESTADUAL
12408,2023-07-21,00:30:49,L06-INTERVIAS,SP330,178.2,NORTE,-22.28090003,-47.39286,CHOQUE,CHOQUE-OBJETO NA PISTA,OBJETO NA PISTA,AUTOMÓVEL=1,ARARAS,CAMPINAS,RIO CLARO,ESTADUAL
12409,2023-07-21,11:58:39,L06-INTERVIAS,SP330,197.4,SUL,-22.11028005,-47.41271999,COLISÃO,COLISÃO-LATERAL,PANE MECÂNICA/ELÉTRICA,AUTOMÓVEL=1|CAMINHONETE=1,SANTA CRUZ DA CONCEIÇÃO,CAMPINAS,RIO CLARO,ESTADUAL
12410,2023-07-21,12:47:57,L06-INTERVIAS,SP330,224.0,SUL,-21.8802,-47.4862,CHOQUE,CHOQUE-ELEMENTO DE DRENAGEM,IMPRUD. CONDUTOR-LEVOU FECHADA,AUTOMÓVEL=1,PORTO FERREIRA,CENTRAL,RIO CLARO,ESTADUAL
12416,2023-07-22,19:56:09,L06-INTERVIAS,SP330,181.5,NORTE,-22.2513,-47.38985,CHOQUE,CHOQUE-OBJETO NA PISTA,OBJETO NA PISTA,AUTOMÓVEL=1,LEME,CAMPINAS,RIO CLARO,ESTADUAL
12419,2023-07-23,22:27:08,L06-INTERVIAS,SP330,210.0,NORTE,-22.0007,-47.4448,COLISÃO,COLISÃO-TRANSVERSAL,IMPRUD. CONDUTOR-DESRESPEITO À SINALIZAÇÃO,AUTOMÓVEL=2,PIRASSUNUNGA,CAMPINAS,RIO CLARO,ESTADUAL
12424,2023-07-25,07:34:46,L06-INTERVIAS,SP330,194.2,NORTE,-22.13850003,-47.40697999,COLISÃO,COLISÃO-TRASEIRA,IMPRUD. CONDUTOR-LEVOU FECHADA,AUTOMÓVEL=1|NÃO INFORMADO=1,LEME,CAMPINAS,RIO CLARO,ESTADUAL
12425,2023-07-25,16:09:05,L06-INTERVIAS,SP330,208.56,NORTE,-22.01299602,-47.44052399,TOMBAMENTO,TOMBAMENTO,ÓLEO NA PISTA,MOTO=1,PIRASSUNUNGA,CAMPINAS,RIO CLARO,ESTADUAL
12426,2023-07-25,16:22:42,L06-INTERVIAS,SP330,160.75,SUL,-22.435875,-47.396075,CHOQUE,"CHOQUE - DEFENSA, BARREIRA",ESTOURO/FURO DE PNEU,CAMINHONETE=1,ARARAS,CAMPINAS,RIO CLARO,ESTADUAL
12427,2023-07-25,20:47:06,L06-INTERVIAS,SP330,214.3,NORTE,-21.96382998,-47.45722001,ATROPELAMENTO DE ANIMAL,ATROP. ANIMAL,ANIMAL NA RODOVIA,AUTOMÓVEL=1,PIRASSUNUNGA,CAMPINAS,RIO CLARO,ESTADUAL
12429,2023-07-26,13:51:54,L06-INTERVIAS,SP330,164.689,SUL,-22.40081914,-47.3901378,CHOQUE,CHOQUE-OBJETO NA PISTA,OBJETO NA PISTA,CAMINHONETE=1,ARARAS,CAMPINAS,RIO CLARO,ESTADUAL
12431,2023-07-26,21:44:03,L06-INTERVIAS,SP330,178.5,SUL,-22.2782,-47.3929,CHOQUE,CHOQUE-OBJETO NA PISTA,OBJETO NA PISTA,AUTOMÓVEL=1,ARARAS,CAMPINAS,RIO CLARO,ESTADUAL
12436,2023-07-28,17:39:43,L06-INTERVIAS,SP330,165.0,NORTE,-22.3979,-47.3897,TOMBAMENTO,TOMBAMENTO,IMPRUD. CONDUTOR-PERDA DE CONTROLE,CAMINHÃO=1,ARARAS,CAMPINAS,RIO CLARO,ESTADUAL
12438,2023-07-28,18:11:49,L06-INTERVIAS,SP330,204.7,NORTE,-22.04651003,-47.43003999,CHOQUE,CHOQUE-OBJETO NA PISTA,OBJETO NA PISTA,AUTOMÓVEL=1,PIRASSUNUNGA,CAMPINAS,RIO CLARO,ESTADUAL
12439,2023-07-28,22:02:19,L06-INTERVIAS,SP330,233.9,NORTE,-21.79682004,-47.51149996,CHOQUE,CHOQUE-OBJETO NA PISTA,OBJETO NA PISTA,AUTOMÓVEL=1,SANTA RITA DO PASSA QUATRO,CENTRAL,RIBEIRÃO PRETO,ESTADUAL
12442,2023-07-29,10:26:12,L06-INTERVIAS,SP330,164.24,NORTE,-22.4049,-47.3892,COLISÃO,COLISÃO-LATERAL,IMPRUD. CONDUTOR,AUTOMÓVEL=1|CAMINHÃO=1,ARARAS,CAMPINAS,RIO CLARO,ESTADUAL
12445,2023-07-30,17:10:35,L06-INTERVIAS,SP330,161.1,SUL,-22.43281995,-47.39525999,ENGAVETAMENTO,ENGAVETAMENTO,IMPRUD. CONDUTOR,AUTOMÓVEL=3,ARARAS,CAMPINAS,RIO CLARO,ESTADUAL
12446,2023-07-30,17:27:33,L06-INTERVIAS,SP330,220.9,NORTE,-21.90685005,-47.47679998,CAPOTAMENTO,CAPOTAMENTO,IMPRUD. CONDUTOR-PERDA DE CONTROLE,CAMINHONETE=1,PORTO FERREIRA,CENTRAL,RIO CLARO,ESTADUAL
12447,2023-07-30,19:11:01,L06-INTERVIAS,SP330,227.8,SUL,-21.84719997,-47.49522,COLISÃO,COLISÃO-TRASEIRA,IMPRUD. CONDUTOR-FREADA BRUSCA,AUTOMÓVEL=2,PORTO FERREIRA,CENTRAL,RIO CLARO,ESTADUAL
12448,2023-07-31,08:43:56,L06-INTERVIAS,SP330,187.0,NORTE,-22.202,-47.3955,OBJETO LANÇADO CONTRA O VEÍCULO,OBJETO LANÇADO CONTRA VEÍCULO,OBJETO LANÇADO,AUTOMÓVEL=1,LEME,CAMPINAS,RIO CLARO,ESTADUAL
12451,2023-07-31,16:08:11,L06-INTERVIAS,SP330,165.8,NORTE,-22.39149998,-47.39266001,COLISÃO,COLISÃO-TRASEIRA,IMPRUD. CONDUTOR,CAMINHONETE=1|ÔNIBUS=1,ARARAS,CAMPINAS,RIO CLARO,ESTADUAL
12455,2023-08-02,18:38:32,L06-INTERVIAS,SP330,206.1,NORTE,-22.03423995,-47.43330002,CHOQUE,CHOQUE-ELEMENTO DE DRENAGEM,IMPRUD. CONDUTOR-LEVOU FECHADA,AUTOMÓVEL=1,PIRASSUNUNGA,CAMPINAS,RIO CLARO,ESTADUAL
12456,2023-08-02,21:12:35,L06-INTERVIAS,SP330,170.0,SUL,-22.3539,-47.3951,COLISÃO,COLISÃO-TRASEIRA,IMPRUD. CONDUTOR-MUDANÇA DE FAIXA,CAMINHÃO=2,ARARAS,CAMPINAS,RIO CLARO,ESTADUAL
12457,2023-08-03,02:13:17,L06-INTERVIAS,SP330,194.6,SUL,-22.13519995,-47.40844002,COLISÃO,COLISÃO-TRASEIRA,IMPRUD. CONDUTOR-MUDANÇA DE FAIXA,CAMINHÃO=1|NÃO INFORMADO=1,LEME,CAMPINAS,RIO CLARO,ESTADUAL
12458,2023-08-03,05:08:16,L06-INTERVIAS,SP330,210.0,NORTE,-22.0007,-47.4448,ATROPELAMENTO DE ANIMAL,ATROP. ANIMAL,ANIMAL NA RODOVIA,CAMINHÃO=1|MOTO=1,PIRASSUNUNGA,CAMPINAS,RIO CLARO,ESTADUAL
12459,2023-08-03,08:01:15,L06-INTERVIAS,SP330,181.4,NORTE,-22.25220005,-47.3898,COLISÃO,COLISÃO-LATERAL,IMPRUDÊNCIA,AUTOMÓVEL=2,LEME,CAMPINAS,RIO CLARO,ESTADUAL
12468,2023-08-06,00:19:06,L06-INTERVIAS,SP330,210.5,SUL,-21.99645,-47.44655,CHOQUE,CHOQUE-SINALIZAÇÃO,IMPRUD. CONDUTOR,CAMINHÃO=1,PIRASSUNUNGA,CAMPINAS,RIO CLARO,ESTADUAL
12469,2023-08-07,07:23:55,L06-INTERVIAS,SP330,186.73,NORTE,-22.20440304,-47.39504099,CHOQUE,"CHOQUE - DEFENSA, BARREIRA",IMPRUD. CONDUTOR-LEVOU FECHADA,AUTOMÓVEL=1,LEME,CAMPINAS,RIO CLARO,ESTADUAL
12471,2023-08-07,16:25:30,L06-INTERVIAS,SP330,222.2,NORTE,-21.89560003,-47.48057999,COLISÃO,COLISÃO-LATERAL,IMPRUD. CONDUTOR-MUDANÇA DE FAIXA,CAMINHÃO=1|MOTO=1,PORTO FERREIRA,CENTRAL,RIO CLARO,ESTADUAL
12474,2023-08-08,08:22:55,L06-INTERVIAS,SP330,181.76,NORTE,-22.24896005,-47.38998,CHOQUE,CHOQUE-VEÍCULO PARADO NA PISTA,FALHA DE EQUIP. PEDÁGIO-TAG,CAMINHÃO=2,LEME,CAMPINAS,RIO CLARO,ESTADUAL
12476,2023-08-09,07:40:58,L06-INTERVIAS,SP330,211.1,NORTE,-21.99122995,-47.44800002,CHOQUE,"CHOQUE - DEFENSA, BARREIRA OU ""SUBMARINO""",IMPRUD. CONDUTOR-LEVOU FECHADA,CAMINHONETE=1,PIRASSUNUNGA,CAMPINAS,RIO CLARO,ESTADUAL
12479,2023-08-09,21:54:42,L06-INTERVIAS,SP330,226.0,NORTE,-21.863,-47.4917,CHOQUE,CHOQUE-OBJETO NA PISTA,OBJETO NA PISTA,CAMINHÃO=1,PORTO FERREIRA,CENTRAL,RIO CLARO,ESTADUAL
12481,2023-08-10,10:26:36,L06-INTERVIAS,SP330,210.56,NORTE,-21.99588402,-47.44642399,COLISÃO,COLISÃO-LATERAL,PANE MECÂNICA/ELÉTRICA,CAMINHÃO=1|MOTO=1,PIRASSUNUNGA,CAMPINAS,RIO CLARO,ESTADUAL
12482,2023-08-10,10:44:20,L06-INTERVIAS,SP330,210.56,NORTE,-21.99588402,-47.44642399,CHOQUE,CHOQUE-OUTROS,IMPRUD. CONDUTOR,AUTOMÓVEL=1|CAMINHÃO=1,PIRASSUNUNGA,CAMPINAS,RIO CLARO,ESTADUAL
12483,2023-08-10,12:11:44,L06-INTERVIAS,SP330,187.5,NORTE,-22.19755,-47.39635,OBJETO LANÇADO CONTRA O VEÍCULO,OBJETO LANÇADO CONTRA VEÍCULO,ROÇADA MECÂNICA/MANUAL,AUTOMÓVEL=1,LEME,CAMPINAS,RIO CLARO,ESTADUAL
12484,2023-08-10,12:37:26,L06-INTERVIAS,SP330,160.1,SUL,-22.44152995,-47.39756999,COLISÃO,COLISÃO-LATERAL,IMPRUD. CONDUTOR-LEVOU FECHADA,AUTOMÓVEL=1|CAMINHÃO=1|NÃO INFORMADO=1,CORDEIRÓPOLIS,CAMPINAS,RIO CLARO,ESTADUAL
12485,2023-08-10,18:23:43,L06-INTERVIAS,SP330,228.0,NORTE,-21.8454,-47.495,CHOQUE,CHOQUE-OBJETO NÃO IDENTIFICADO,OBJETO NA PISTA,AUTOMÓVEL=1,PORTO FERREIRA,CENTRAL,RIO CLARO,ESTADUAL
12489,2023-08-11,22:38:32,L06-INTERVIAS,SP330,210.5,SUL,-22.00036497,-47.44524501,COLISÃO,COLISÃO-TRASEIRA,NÃO INFORMADO,CAMINHÃO=2,PIRASSUNUNGA,CAMPINAS,RIO CLARO,ESTADUAL
12492,2023-08-12,19:11:05,L06-INTERVIAS,SP330,173.9,NORTE,-22.31820507,-47.39024949,COLISÃO,COLISÃO-FRONTAL,IMPRUD. CONDUTOR-TRAFEGAR NA CONTRAMÃO,CAMINHONETE=2,ARARAS,CAMPINAS,RIO CLARO,ESTADUAL
12493,2023-08-12,19:43:35,L06-INTERVIAS,SP330,188.425,NORTE,-22.18927497,-47.397625,COLISÃO,COLISÃO-LATERAL,OUTROS,MOTO=1|NÃO INFORMADO=1,LEME,CAMPINAS,RIO CLARO,ESTADUAL
12494,2023-08-13,10:56:38,L06-INTERVIAS,SP330,173.0,NORTE,-22.3276,-47.3892,COLISÃO,COLISÃO-LATERAL,IMPRUD. CONDUTOR,AUTOMÓVEL=2,ARARAS,CAMPINAS,RIO CLARO,ESTADUAL
12496,2023-08-14,10:54:57,L06-INTERVIAS,SP330,198.0,NORTE,-22.1049,-47.4135,CHOQUE,CHOQUE-OBJETO NA PISTA,OBJETO NA PISTA,AUTOMÓVEL=1|ÔNIBUS=1,SANTA CRUZ DA CONCEIÇÃO,CAMPINAS,RIO CLARO,ESTADUAL
12497,2023-08-14,11:09:24,L06-INTERVIAS,SP330,199.0,SUL,-22.0964,-47.4168,OBJETO LANÇADO CONTRA O VEÍCULO,OBJETO LANÇADO CONTRA VEÍCULO,OBJETO LANÇADO,AUTOMÓVEL=1,SANTA CRUZ DA CONCEIÇÃO,CAMPINAS,RIO CLARO,ESTADUAL
12498,2023-08-14,13:10:17,L06-INTERVIAS,SP330,188.18,SUL,-22.19148007,-47.39777999,COLISÃO,COLISÃO-LATERAL,IMPRUD. CONDUTOR-DESRESPEITO À SINALIZAÇÃO,AUTOMÓVEL=1|CAMINHÃO=1,LEME,CAMPINAS,RIO CLARO,ESTADUAL
12500,2023-08-16,12:54:24,L06-INTERVIAS,SP330,194.7,SUL,-22.13435003,-47.40872999,CHOQUE,CHOQUE-POSTE,IMPRUD. CONDUTOR,CAMINHÃO=3,LEME,CAMPINAS,RIO CLARO,ESTADUAL
12501,2023-08-17,02:15:27,L06-INTERVIAS,SP330,194.4,SUL,-22.13690005,-47.40785998,COLISÃO,COLISÃO-TRASEIRA,NÃO INFORMADO,CAMINHÃO=2,LEME,CAMPINAS,RIO CLARO,ESTADUAL
12503,2023-08-17,12:11:08,L06-INTERVIAS,SP330,214.9,NORTE,-21.95909005,-47.45865999,COLISÃO,COLISÃO-LATERAL,IMPRUD. CONDUTOR,CAMINHÃO=1|MOTO=1,PIRASSUNUNGA,CAMPINAS,RIO CLARO,ESTADUAL
12504,2023-08-18,07:32:40,L06-INTERVIAS,SP330,210.5,NORTE,-21.9964,-47.44625,COLISÃO,COLISÃO-TRASEIRA,IMPRUDÊNCIA,CAMINHÃO=2,PIRASSUNUNGA,CAMPINAS,RIO CLARO,ESTADUAL
12505,2023-08-19,05:58:01,L06-INTERVIAS,SP330,220.7,SUL,-21.90865003,-47.47642999,CHOQUE,CHOQUE-OUTROS,IMPRUD. CONDUTOR-PERDA DE CONTROLE,AUTOMÓVEL=1,PORTO FERREIRA,CENTRAL,RIO CLARO,ESTADUAL
12506,2023-08-19,18:59:57,L06-INTERVIAS,SP330,168.9,SUL,-22.36377005,-47.39489,CHOQUE,CHOQUE-OBJETO NA PISTA,OBJETO NA PISTA,AUTOMÓVEL=1,ARARAS,CAMPINAS,RIO CLARO,ESTADUAL
12507,2023-08-19,19:52:05,L06-INTERVIAS,SP330,179.0,SUL,-22.2737,-47.3923,CHOQUE,CHOQUE-OBJETO NA PISTA,OBJETO NA PISTA,CAMINHONETE=1,ARARAS,CAMPINAS,RIO CLARO,ESTADUAL
12508,2023-08-20,14:27:04,L06-INTERVIAS,SPI165/330,2.5,LESTE,-22.39555,-47.3675,CHOQUE,CHOQUE-TALUDE OU BARRANCO,ESTOURO/FURO DE PNEU,AUTOMÓVEL=1,ARARAS,CAMPINAS,RIO CLARO,ESTADUAL
12509,2023-08-21,07:21:33,L06-INTERVIAS,SP330,221.0,SUL,-21.9061,-47.4773,CHOQUE,CHOQUE-OBJETO NA PISTA,OBJETO NA PISTA,AUTOMÓVEL=1,PORTO FERREIRA,CENTRAL,RIO CLARO,ESTADUAL
12510,2023-08-21,12:53:37,L06-INTERVIAS,SP330,169.304,SUL,-22.36016399,-47.3949608,ATROPELAMENTO DE PEDESTRE,ATROP. PEDESTRE-MORADOR,SUICÍDIO,CAMINHONETE=1|NÃO INFORMADO=1|NÃO SE APLICA=1,ARARAS,CAMPINAS,RIO CLARO,ESTADUAL
12511,2023-08-21,13:26:52,L06-INTERVIAS,SP330,197.624,SUL,-22.10830886,-47.41312319,CHOQUE,"CHOQUE - DEFENSA, BARREIRA",PANE MECÂNICA/ELÉTRICA,CAMINHÃO=1,SANTA CRUZ DA CONCEIÇÃO,CAMPINAS,RIO CLARO,ESTADUAL
12512,2023-08-21,22:54:43,L06-INTERVIAS,SPI165/330,0.76,OESTE,-22.396552,-47.38272,CHOQUE,CHOQUE-OBJETO NA PISTA,OBJETO NA PISTA,CAMINHONETE=1,ARARAS,CAMPINAS,RIO CLARO,ESTADUAL
12515,2023-08-22,22:50:14,L06-INTERVIAS,SPI165/330,0.54,OESTE,-22.396508,-47.38448,CHOQUE,CHOQUE-SINALIZAÇÃO,IMPRUD. CONDUTOR-PERDA DE CONTROLE,MOTO=1,ARARAS,CAMPINAS,RIO CLARO,ESTADUAL
12516,2023-08-23,12:37:52,L06-INTERVIAS,SP330,175.0,SUL,-22.3097,-47.3915,COLISÃO,COLISÃO-TRASEIRA,IMPRUD. CONDUTOR-MUDANÇA DE FAIXA,CAMINHÃO=1|ÔNIBUS=1,ARARAS,CAMPINAS,RIO CLARO,ESTADUAL
12517,2023-08-23,17:48:22,L06-INTERVIAS,SP330,181.95,NORTE,-22.24725003,-47.390075,COLISÃO,COLISÃO-LATERAL,IMPRUD. CONDUTOR,CAMINHÃO=2,LEME,CAMPINAS,RIO CLARO,ESTADUAL
12519,2023-08-24,03:26:39,L06-INTERVIAS,SP330,202.1,SUL,-22.06869995,-47.42480001,COLISÃO,COLISÃO-TRASEIRA,IMPRUD. CONDUTOR-DORMIR AO VOLANTE,CAMINHÃO=2,PIRASSUNUNGA,CAMPINAS,RIO CLARO,ESTADUAL
12520,2023-08-24,08:12:36,L06-INTERVIAS,SP330,179.5,NORTE,-22.26925,-47.39135,COLISÃO,COLISÃO-TRASEIRA,IMPRUD. CONDUTOR,CAMINHONETE=1|CAMINHÃO=1,ARARAS,CAMPINAS,RIO CLARO,ESTADUAL
12522,2023-08-24,17:03:44,L06-INTERVIAS,SP330,195.0,NORTE,-22.1317,-47.4093,CHOQUE,CHOQUE-OBJETO NA PISTA,OBJETO NA PISTA,AUTOMÓVEL=1,LEME,CAMPINAS,RIO CLARO,ESTADUAL
12523,2023-08-25,04:06:10,L06-INTERVIAS,SP330,230.5,SUL,-21.82285,-47.49605,ATROPELAMENTO DE ANIMAL,ATROP. ANIMAL,ANIMAL NA RODOVIA,AUTOMÓVEL=1,PORTO FERREIRA,CENTRAL,RIO CLARO,ESTADUAL
12524,2023-08-25,06:22:32,L06-INTERVIAS,SP330,165.4,SUL,-22.39486005,-47.39171998,ATROPELAMENTO DE ANIMAL,ATROP. ANIMAL,ANIMAL NA RODOVIA,AUTOMÓVEL=1,ARARAS,CAMPINAS,RIO CLARO,ESTADUAL
12528,2023-08-26,06:27:39,L06-INTERVIAS,SP330,234.0,SUL,-21.7966,-47.5123,CHOQUE,CHOQUE-OBJETO NA PISTA,OBJETO NA PISTA,AUTOMÓVEL=1,SANTA RITA DO PASSA QUATRO,CENTRAL,RIBEIRÃO PRETO,ESTADUAL
12535,2023-08-27,15:34:55,L06-INTERVIAS,SP330,187.0,SUL,-22.202,-47.3959,TOMBAMENTO,TOMBAMENTO,IMPRUD. CONDUTOR-PERDA DE CONTROLE,MOTO=1,LEME,CAMPINAS,RIO CLARO,ESTADUAL
12536,2023-08-27,16:24:39,L06-INTERVIAS,SP330,209.0,SUL,-22.0094,-47.4421,CHOQUE,CHOQUE-SINALIZAÇÃO,IMPRUD. CONDUTOR-PERDA DE CONTROLE,CAMINHÃO=1,PIRASSUNUNGA,CAMPINAS,RIO CLARO,ESTADUAL
12537,2023-08-27,18:27:47,L06-INTERVIAS,SP330,165.0,NORTE,-22.3979,-47.3897,CHOQUE,CHOQUE-OBJETO NA PISTA,OBJETO NA PISTA,AUTOMÓVEL=1|CAMINHÃO=1,ARARAS,CAMPINAS,RIO CLARO,ESTADUAL
12538,2023-08-27,19:16:45,L06-INTERVIAS,SP330,219.2,SUL,-21.92156003,-47.47207999,CHOQUE,CHOQUE-OBJETO NA PISTA,OBJETO NA PISTA,AUTOMÓVEL=1,PIRASSUNUNGA,CAMPINAS,RIO CLARO,ESTADUAL
12540,2023-08-27,20:17:17,L06-INTERVIAS,SP330,219.3,SUL,-21.92068997,-47.47237001,CHOQUE,CHOQUE-OBJETO NA PISTA,OBJETO NA PISTA,AUTOMÓVEL=1,PIRASSUNUNGA,CAMPINAS,RIO CLARO,ESTADUAL
12542,2023-08-28,19:50:32,L06-INTERVIAS,SP330,181.76,NORTE,-22.24896005,-47.38998,CHOQUE,CHOQUE-VEÍCULO PARADO NA PISTA,FALHA DE EQUIP. PEDÁGIO-PISTA AVI,CAMINHÃO=2,LEME,CAMPINAS,RIO CLARO,ESTADUAL
12543,2023-08-28,20:48:18,L06-INTERVIAS,SP330,225.8,SUL,-21.86475997,-47.49140001,COLISÃO,COLISÃO-LATERAL,IMPRUD. CONDUTOR,AUTOMÓVEL=1|CAMINHÃO=1,PORTO FERREIRA,CENTRAL,RIO CLARO,ESTADUAL
12544,2023-08-29,16:50:14,L06-INTERVIAS,SP330,189.3,NORTE,-22.18139997,-47.39835,TOMBAMENTO,TOMBAMENTO,ESTOURO/FURO DE PNEU,MOTO=1,LEME,CAMPINAS,RIO CLARO,ESTADUAL
12549,2023-09-01,14:29:33,L06-INTERVIAS,SP330,220.5,SUL,-47.47585297,-21.91035913,CHOQUE,CHOQUE-OBJETO NA PISTA,OBJETO NA PISTA,CAMINHÃO=1,PORTO FERREIRA,CENTRAL,RIO CLARO,ESTADUAL
12553,2023-09-01,21:01:18,L06-INTERVIAS,SP330,210.0,NORTE,-47.44479643,-22.00065536,CHOQUE,CHOQUE-OBJETO NA PISTA,OBJETO NA PISTA,AUTOMÓVEL=1,PIRASSUNUNGA,CAMPINAS,RIO CLARO,ESTADUAL
12555,2023-09-02,10:16:48,L06-INTERVIAS,SP330,197.8,SUL,-47.41352947,-22.10673991,TOMBAMENTO,TOMBAMENTO,IMPRUD. CONDUTOR,CAMINHÃO=1,SANTA CRUZ DA CONCEIÇÃO,CAMPINAS,RIO CLARO,ESTADUAL
12557,2023-09-02,21:44:14,L06-INTERVIAS,SP330,236.6,SUL,-47.53162506,-21.7814365,COLISÃO,COLISÃO-TRASEIRA,IMPRUDÊNCIA,CAMINHONETE=2,SANTA RITA DO PASSA QUATRO,CENTRAL,RIBEIRÃO PRETO,ESTADUAL
12558,2023-09-03,16:03:44,L06-INTERVIAS,SP330,196.0,NORTE,-47.41053335,-22.12280598,CHOQUE,CHOQUE-OBJETO NA PISTA,OBJETO NA PISTA,AUTOMÓVEL=1,LEME,CAMPINAS,RIO CLARO,ESTADUAL
12562,2023-09-03,21:10:23,L06-INTERVIAS,SP330,219.1,SUL,-47.47175846,-21.92243408,COLISÃO,COLISÃO-TRASEIRA,IMPRUD. CONDUTOR-LEVOU FECHADA,CAMINHÃO=2,PIRASSUNUNGA,CAMPINAS,RIO CLARO,ESTADUAL
12563,2023-09-04,08:29:55,L06-INTERVIAS,SP330,160.7,SUL,-47.39614789,-22.43630496,COLISÃO,COLISÃO-LATERAL,IMPRUDÊNCIA,AUTOMÓVEL=2,ARARAS,CAMPINAS,RIO CLARO,ESTADUAL
12564,2023-09-04,18:21:17,L06-INTERVIAS,SP330,181.76,NORTE,-47.38999142,-22.24898723,CHOQUE,CHOQUE-VEÍCULO PARADO NA PISTA,FALHA DE EQUIP. PEDÁGIO-PISTA AVI,AUTOMÓVEL=1|CAMINHÃO=1,LEME,CAMPINAS,RIO CLARO,ESTADUAL
12566,2023-09-05,06:58:14,L06-INTERVIAS,SP330,181.76,NORTE,-47.38999142,-22.24898723,CHOQUE,"CHOQUE - DEFENSA, BARREIRA",IMPRUD. CONDUTOR-FREADA BRUSCA,CAMINHÃO=1,LEME,CAMPINAS,RIO CLARO,ESTADUAL
12567,2023-09-05,07:38:56,L06-INTERVIAS,SP330,159.0,NORTE,-47.39857938,-22.45100652,COLISÃO,COLISÃO-LATERAL,IMPRUD. CONDUTOR-PERDA DE CONTROLE,AUTOMÓVEL=1|CAMINHÃO=1,CORDEIRÓPOLIS,CAMPINAS,RIO CLARO,ESTADUAL
12570,2023-09-06,20:14:31,L06-INTERVIAS,SP330,225.0,SUL,-21.87168547,-47.48905507,ATROPELAMENTO DE PEDESTRE,ATROP. PEDESTRE-OUTROS,IMPRUD. PEDESTRE-USUÁRIO,AUTOMÓVEL=1|NÃO SE APLICA=1,PORTO FERREIRA,CENTRAL,RIO CLARO,ESTADUAL
12571,2023-09-06,20:32:37,L06-INTERVIAS,SP330,239.5,SUL,-21.76449724,-47.55325478,ATROPELAMENTO DE PEDESTRE,ATROP. PEDESTRE-OUTROS,IMPRUD. PEDESTRE-USUÁRIO,AUTOMÓVEL=1|NÃO SE APLICA=1,SANTA RITA DO PASSA QUATRO,CENTRAL,RIBEIRÃO PRETO,ESTADUAL
12572,2023-09-07,03:50:53,L06-INTERVIAS,SP330,220.0,SUL,-21.91462036,-47.47437721,CHOQUE,"CHOQUE - DEFENSA, BARREIRA",CARGA MAL ACONDICIONADA,CAMINHÃO=2,PORTO FERREIRA,CENTRAL,RIO CLARO,ESTADUAL
12575,2023-09-07,21:00:55,L06-INTERVIAS,SP330,210.8,SUL,-21.99381058,-47.44743401,CHOQUE,CHOQUE-OBJETO NA PISTA,OBJETO NA PISTA,AUTOMÓVEL=1,PIRASSUNUNGA,CAMPINAS,RIO CLARO,ESTADUAL
12576,2023-09-07,21:03:50,L06-INTERVIAS,SP330,214.0,NORTE,-21.96618946,-47.45648453,ATROPELAMENTO DE ANIMAL,ATROP. ANIMAL,ANIMAL NA RODOVIA,AUTOMÓVEL=1,PIRASSUNUNGA,CAMPINAS,RIO CLARO,ESTADUAL
12577,2023-09-08,03:10:52,L06-INTERVIAS,SP330,172.0,SUL,-22.33649613,-47.39039897,COLISÃO,COLISÃO-TRASEIRA,NÃO INFORMADO,AUTOMÓVEL=1|CAMINHÃO=1,ARARAS,CAMPINAS,RIO CLARO,ESTADUAL
12578,2023-09-08,06:17:26,L06-INTERVIAS,SP330,229.9,NORTE,-21.82823798,-47.49511762,CAPOTAMENTO,CAPOTAMENTO,MAL SÚBITO DO CONDUTOR,AUTOMÓVEL=1,PORTO FERREIRA,CENTRAL,RIO CLARO,ESTADUAL
12581,2023-09-09,04:36:34,L06-INTERVIAS,SP330,208.3,SUL,-22.01526875,-47.44011195,CAPOTAMENTO,CAPOTAMENTO,NÃO INFORMADO,CAMINHONETE=1,PIRASSUNUNGA,CAMPINAS,RIO CLARO,ESTADUAL
12582,2023-09-09,10:38:51,L06-INTERVIAS,SP330,209.5,NORTE,-22.0049586,-47.44330529,CAPOTAMENTO,CAPOTAMENTO,PANE MECÂNICA/ELÉTRICA,AUTOMÓVEL=1,PIRASSUNUNGA,CAMPINAS,RIO CLARO,ESTADUAL
12583,2023-09-09,12:40:07,L06-INTERVIAS,SP330,199.0,SUL,-22.09641042,-47.41679702,CHOQUE,CHOQUE-OBJETO NA PISTA,OBJETO NA PISTA,AUTOMÓVEL=3|CAMINHONETE=1,SANTA CRUZ DA CONCEIÇÃO,CAMPINAS,RIO CLARO,ESTADUAL
12584,2023-09-09,16:28:07,L06-INTERVIAS,SP330,190.5,NORTE,-22.17064061,-47.39901079,CAPOTAMENTO,CAPOTAMENTO,IMPRUD. CONDUTOR-PERDA DE CONTROLE,AUTOMÓVEL=1,LEME,CAMPINAS,RIO CLARO,ESTADUAL
12587,2023-09-10,06:25:46,L06-INTERVIAS,SP330,202.2,SUL,-22.06786917,-47.4250765,COLISÃO,COLISÃO-TRASEIRA,IMPRUD. CONDUTOR-DORMIR AO VOLANTE,AUTOMÓVEL=1|CAMINHÃO=1,PIRASSUNUNGA,CAMPINAS,RIO CLARO,ESTADUAL
12588,2023-09-10,18:27:49,L06-INTERVIAS,SP330,192.0,SUL,-22.15702904,-47.40014361,CHOQUE,CHOQUE-OBJETO NA PISTA,OBJETO NA PISTA,MOTO=1,LEME,CAMPINAS,RIO CLARO,ESTADUAL
12591,2023-09-11,05:04:07,L06-INTERVIAS,SP330,210.6,NORTE,-21.99548179,-47.44656056,OBJETO LANÇADO CONTRA O VEÍCULO,OBJETO LANÇADO CONTRA VEÍCULO,OBJETO LANÇADO,CAMINHÃO=1,PIRASSUNUNGA,CAMPINAS,RIO CLARO,ESTADUAL
12594,2023-09-11,14:36:19,L06-INTERVIAS,SP330,197.4,NORTE,-22.11029104,-47.41246153,COLISÃO,COLISÃO-TRASEIRA,IMPRUD. CONDUTOR,AUTOMÓVEL=1|CAMINHONETE=1,SANTA CRUZ DA CONCEIÇÃO,CAMPINAS,RIO CLARO,ESTADUAL
12595,2023-09-11,15:03:30,L06-INTERVIAS,SP330,196.0,NORTE,-22.12280598,-47.41053335,COLISÃO,COLISÃO-TRASEIRA,IMPRUD. CONDUTOR,AUTOMÓVEL=2|CAMINHONETE=1,LEME,CAMPINAS,RIO CLARO,ESTADUAL
12598,2023-09-11,17:49:37,L06-INTERVIAS,SP330,208.85,SUL,-22.01061239,-47.44170891,COLISÃO,COLISÃO-LATERAL,IMPRUD. CONDUTOR,AUTOMÓVEL=1|CAMINHÃO=1,PIRASSUNUNGA,CAMPINAS,RIO CLARO,ESTADUAL
12599,2023-09-11,18:29:34,L06-INTERVIAS,SP330,227.6,NORTE,-21.84900887,-47.49482803,COLISÃO,COLISÃO-LATERAL,IMPRUD. CONDUTOR-LEVOU FECHADA,AUTOMÓVEL=1|MOTO=1,PORTO FERREIRA,CENTRAL,RIO CLARO,ESTADUAL
12600,2023-09-12,05:08:43,L06-INTERVIAS,SP330,207.0,SUL,-22.02660012,-47.43632537,TOMBAMENTO,TOMBAMENTO,ESTOURO/FURO DE PNEU,MOTO=1,PIRASSUNUNGA,CAMPINAS,RIO CLARO,ESTADUAL
12603,2023-09-13,00:48:37,L06-INTERVIAS,SP330,208.0,SUL,-22.0178086,-47.43924087,COLISÃO,COLISÃO-TRASEIRA,NÃO INFORMADO,AUTOMÓVEL=1|NÃO INFORMADO=1,PIRASSUNUNGA,CAMPINAS,RIO CLARO,ESTADUAL
12606,2023-09-13,16:45:46,L06-INTERVIAS,SP330,187.5,SUL,-22.19756923,-47.39672171,CHOQUE,"CHOQUE - DEFENSA, BARREIRA",MAL SÚBITO DO CONDUTOR,CAMINHÃO=1,LEME,CAMPINAS,RIO CLARO,ESTADUAL
12607,2023-09-13,20:39:49,L06-INTERVIAS,SP330,212.0,NORTE,-21.98333194,-47.45072762,CHOQUE,"CHOQUE - DEFENSA, BARREIRA",IMPRUD. CONDUTOR-DORMIR AO VOLANTE,CAMINHÃO=1,PIRASSUNUNGA,CAMPINAS,RIO CLARO,ESTADUAL
12609,2023-09-13,23:06:13,L06-INTERVIAS,SP330,216.0,SUL,-21.94909718,-47.46268273,CHOQUE,CHOQUE-OBJETO NA PISTA,OBJETO NA PISTA,AUTOMÓVEL=1,PIRASSUNUNGA,CAMPINAS,RIO CLARO,ESTADUAL
12613,2023-09-14,10:34:15,L06-INTERVIAS,SP330,181.76,NORTE,-22.24898723,-47.38999142,CHOQUE,"CHOQUE - DEFENSA, BARREIRA",IMPRUD. CONDUTOR,CAMINHÃO=1,LEME,CAMPINAS,RIO CLARO,ESTADUAL
12616,2023-09-15,14:55:50,L06-INTERVIAS,SP330,167.2,NORTE,-22.37922632,-47.39415006,TOMBAMENTO,TOMBAMENTO,ESTOURO/FURO DE PNEU,CAMINHONETE=1,ARARAS,CAMPINAS,RIO CLARO,ESTADUAL
12619,2023-09-16,15:14:16,L06-INTERVIAS,SP330,222.2,NORTE,-21.89567271,-47.48055143,COLISÃO,COLISÃO-LATERAL,IMPRUD. CONDUTOR,AUTOMÓVEL=1|CAMINHONETE=1,PORTO FERREIRA,CENTRAL,RIO CLARO,ESTADUAL
12620,2023-09-17,07:56:17,L06-INTERVIAS,SP330,179.8,NORTE,-22.26659728,-47.39100051,COLISÃO,COLISÃO-TRASEIRA,IMPRUD. CONDUTOR,AUTOMÓVEL=2,ARARAS,CAMPINAS,RIO CLARO,ESTADUAL
12621,2023-09-19,13:37:10,L06-INTERVIAS,SP330,190.0,SUL,-22.17513135,-47.3991039,CHOQUE,CHOQUE-OBJETO NA PISTA,OBJETO NA PISTA,AUTOMÓVEL=1,LEME,CAMPINAS,RIO CLARO,ESTADUAL
12622,2023-09-19,15:19:08,L06-INTERVIAS,SP330,181.76,SUL,-22.24897543,-47.39041169,TOMBAMENTO,TOMBAMENTO,IMPRUD. CONDUTOR,MOTO=1,LEME,CAMPINAS,RIO CLARO,ESTADUAL
12623,2023-09-19,17:02:50,L06-INTERVIAS,SP330,208.0,SUL,-22.0178086,-47.43924087,TOMBAMENTO,TOMBAMENTO,NÃO INFORMADO,MOTO=1,PIRASSUNUNGA,CAMPINAS,RIO CLARO,ESTADUAL
12624,2023-09-19,17:33:44,L06-INTERVIAS,SP330,172.1,NORTE,-22.33575942,-47.38992487,COLISÃO,COLISÃO-TRASEIRA,IMPRUD. CONDUTOR-LEVOU FECHADA,AUTOMÓVEL=1|CAMINHÃO=1,ARARAS,CAMPINAS,RIO CLARO,ESTADUAL
12625,2023-09-20,07:13:27,L06-INTERVIAS,SPI165/330,2.5,LESTE,-22.3956108,-47.36750481,COLISÃO,COLISÃO-TRANSVERSAL,IMPRUD. CONDUTOR-DESRESPEITO À SINALIZAÇÃO,AUTOMÓVEL=2,ARARAS,CAMPINAS,RIO CLARO,ESTADUAL
12627,2023-09-20,15:46:34,L06-INTERVIAS,SP330,205.0,NORTE,-22.0438679,-47.43069768,OBJETO LANÇADO CONTRA O VEÍCULO,OBJETO LANÇADO CONTRA VEÍCULO,ROÇADA MECÂNICA/MANUAL,AUTOMÓVEL=1,PIRASSUNUNGA,CAMPINAS,RIO CLARO,ESTADUAL
12628,2023-09-20,16:57:54,L06-INTERVIAS,SP330,190.2,SUL,-22.17331976,-47.39920598,COLISÃO,COLISÃO-TRASEIRA,IMPRUD. CONDUTOR,CAMINHÃO=2,LEME,CAMPINAS,RIO CLARO,ESTADUAL
12629,2023-09-20,18:51:43,L06-INTERVIAS,SP330,190.5,SUL,-22.1706023,-47.39935911,OBJETO LANÇADO CONTRA O VEÍCULO,OBJETO LANÇADO CONTRA VEÍCULO,OBJETO LANÇADO,CAMINHONETE=1,LEME,CAMPINAS,RIO CLARO,ESTADUAL
12630,2023-09-21,07:01:38,L06-INTERVIAS,SP330,219.7,NORTE,-21.91719523,-47.47324301,CHOQUE,"CHOQUE - DEFENSA, BARREIRA OU ""SUBMARINO""",NÃO INFORMADO,CAMINHONETE=1,PIRASSUNUNGA,CAMPINAS,RIO CLARO,ESTADUAL
12635,2023-09-22,18:25:37,L06-INTERVIAS,SP330,215.0,NORTE,-21.95829991,-47.45888632,CHOQUE,CHOQUE-CANCELA DE PEDÁGIO,FALHA DE EQUIP. PEDÁGIO-PISTA AVI,CAMINHÃO=1,PIRASSUNUNGA,CAMPINAS,RIO CLARO,ESTADUAL
12636,2023-09-22,18:50:51,L06-INTERVIAS,SP330,184.4,SUL,-22.22511497,-47.39198017,OBJETO LANÇADO CONTRA O VEÍCULO,OBJETO LANÇADO CONTRA VEÍCULO,OBJETO LANÇADO,AUTOMÓVEL=1,LEME,CAMPINAS,RIO CLARO,ESTADUAL
12637,2023-09-22,21:41:06,L06-INTERVIAS,SP330,225.0,NORTE,-21.87163001,-47.48872172,OBJETO LANÇADO CONTRA O VEÍCULO,OBJETO LANÇADO CONTRA VEÍCULO,OBJETO LANÇADO,AUTOMÓVEL=1,PORTO FERREIRA,CENTRAL,RIO CLARO,ESTADUAL
12639,2023-09-23,15:06:17,L06-INTERVIAS,SP330,164.8,NORTE,-22.40003018,-47.38966883,TOMBAMENTO,TOMBAMENTO,OBJETO NA PISTA,MOTO=1,ARARAS,CAMPINAS,RIO CLARO,ESTADUAL
12640,2023-09-23,17:51:07,L06-INTERVIAS,SP330,215.0,NORTE,-21.95829991,-47.45888632,COLISÃO,COLISÃO-TRASEIRA,IMPRUD. CONDUTOR,AUTOMÓVEL=1|CAMINHÃO=1,PIRASSUNUNGA,CAMPINAS,RIO CLARO,ESTADUAL
12641,2023-09-24,20:22:48,L06-INTERVIAS,SP330,187.44,NORTE,-22.19809132,-47.3962523,ATROPELAMENTO DE ANIMAL,ATROP. ANIMAL,ANIMAL NA RODOVIA,AUTOMÓVEL=1,LEME,CAMPINAS,RIO CLARO,ESTADUAL
12643,2023-09-25,05:34:35,L06-INTERVIAS,SP330,205.0,SUL,-22.04393999,-47.43105385,COLISÃO,COLISÃO-TRASEIRA,IMPRUD. CONDUTOR-LEVOU FECHADA,AUTOMÓVEL=1|CAMINHONETE=1,PIRASSUNUNGA,CAMPINAS,RIO CLARO,ESTADUAL
12645,2023-09-25,22:44:29,L06-INTERVIAS,SP330,235.5,SUL,-21.78780224,-47.52348594,CHOQUE,CHOQUE-OBJETO NA PISTA,OBJETO NA PISTA,AUTOMÓVEL=1,SANTA RITA DO PASSA QUATRO,CENTRAL,RIBEIRÃO PRETO,ESTADUAL
12646,2023-09-26,06:46:30,L06-INTERVIAS,SP330,200.0,NORTE,-22.0877537,-47.41935335,CHOQUE,"CHOQUE - DEFENSA, BARREIRA OU ""SUBMARINO""",PANE MECÂNICA/ELÉTRICA,CAMINHONETE=1,SANTA CRUZ DA CONCEIÇÃO,CAMPINAS,RIO CLARO,ESTADUAL
12648,2023-09-26,19:00:59,L06-INTERVIAS,SP330,165.8,NORTE,-22.39153592,-47.39259216,CHOQUE,CHOQUE-OBJETO NA PISTA,OBJETO NA PISTA,AUTOMÓVEL=2,ARARAS,CAMPINAS,RIO CLARO,ESTADUAL
12649,2023-09-27,07:52:55,L06-INTERVIAS,SPI165/330,2.5,LESTE,-22.3955745,-47.3675642,COLISÃO,COLISÃO-TRASEIRA,IMPRUD. CONDUTOR-DESRESPEITO À SINALIZAÇÃO,AUTOMÓVEL=1|MOTO=1,ARARAS,CAMPINAS,RIO CLARO,ESTADUAL
12650,2023-09-27,08:29:07,L06-INTERVIAS,SP330,180.3,NORTE,-22.26211537,-47.39042861,TOMBAMENTO,TOMBAMENTO,IMPRUD. CONDUTOR-PERDA DE CONTROLE,MOTO=1,ARARAS,CAMPINAS,RIO CLARO,ESTADUAL
12652,2023-09-27,18:58:25,L06-INTERVIAS,SP330,206.5,NORTE,-22.03075775,-47.43448296,COLISÃO,COLISÃO-TRASEIRA,VEÍCULO PARADO NA FAIXA,AUTOMÓVEL=2,PIRASSUNUNGA,CAMPINAS,RIO CLARO,ESTADUAL
12655,2023-09-28,06:28:05,L06-INTERVIAS,SP330,190.2,NORTE,-22.17335298,-47.39885138,CHOQUE,"CHOQUE - DEFENSA, BARREIRA OU ""SUBMARINO""",IMPRUD. CONDUTOR-PERDA DE CONTROLE,CAMINHONETE=1,LEME,CAMPINAS,RIO CLARO,ESTADUAL
12656,2023-09-28,09:21:54,L06-INTERVIAS,SP330,181.76,SUL,-22.24897543,-47.39041169,CHOQUE,CHOQUE-OBJETO NA PISTA,OBJETO NA PISTA,CAMINHONETE=1,LEME,CAMPINAS,RIO CLARO,ESTADUAL
12660,2023-09-30,11:15:03,L06-INTERVIAS,SP330,228.5,SUL,-21.84073801,-47.49537182,COLISÃO,COLISÃO-TRASEIRA,IMPRUD. CONDUTOR,AUTOMÓVEL=2,PORTO FERREIRA,CENTRAL,RIO CLARO,ESTADUAL
12661,2023-09-30,11:31:41,L06-INTERVIAS,SP330,191.0,NORTE,-22.16612002,-47.39927646,COLISÃO,COLISÃO-TRASEIRA,IMPRUD. CONDUTOR,AUTOMÓVEL=1|CAMINHÃO=1,LEME,CAMPINAS,RIO CLARO,ESTADUAL
12662,2023-09-30,16:22:34,L06-INTERVIAS,SP330,169.2,NORTE,-22.36112567,-47.3945667,COLISÃO,COLISÃO-TRASEIRA,PANE MECÂNICA/ELÉTRICA,MOTO=2,ARARAS,CAMPINAS,RIO CLARO,ESTADUAL
12665,2023-09-30,18:25:43,L06-INTERVIAS,SP330,161.2,SUL,-22.43192135,-47.39494414,COLISÃO,COLISÃO-LATERAL,IMPRUDÊNCIA,AUTOMÓVEL=2|CAMINHÃO=1,ARARAS,CAMPINAS,RIO CLARO,ESTADUAL
12667,2023-09-30,20:39:28,L06-INTERVIAS,SP330,179.6,NORTE,-22.2683856,-47.39122585,COLISÃO,COLISÃO-TRASEIRA,IMPRUD. CONDUTOR-DORMIR AO VOLANTE,AUTOMÓVEL=1|CAMINHÃO=1,ARARAS,CAMPINAS,RIO CLARO,ESTADUAL
12670,2023-10-01,06:10:43,L06-INTERVIAS,SP330,230.5,SUL,-21.82285269,-47.49610196,COLISÃO,COLISÃO-TRASEIRA,IMPRUD. CONDUTOR,AUTOMÓVEL=1|CAMINHONETE=1,PORTO FERREIRA,CENTRAL,RIO CLARO,ESTADUAL
12674,2023-10-03,20:06:08,L06-INTERVIAS,SP330,208.327,SUL,-22.01504023,-47.44019032,TOMBAMENTO,TOMBAMENTO,IMPRUD. CONDUTOR-PERDA DE CONTROLE,CAMINHONETE=1,PIRASSUNUNGA,CAMPINAS,RIO CLARO,ESTADUAL
12675,2023-10-04,01:10:10,L06-INTERVIAS,SP330,180.4,SUL,-22.26111008,-47.39074995,COLISÃO,COLISÃO-TRASEIRA,IMPRUD. CONDUTOR-DORMIR AO VOLANTE,CAMINHÃO=2,ARARAS,CAMPINAS,RIO CLARO,ESTADUAL
12676,2023-10-04,01:20:19,L06-INTERVIAS,SP330,168.0,SUL,-22.37157693,-47.394846,ATROPELAMENTO DE PEDESTRE,ATROP. PEDESTRE-SEM INFORMAÇÃO,IMPRUD. PEDESTRE-USUÁRIO,CAMINHÃO=2|NÃO SE APLICA=1,ARARAS,CAMPINAS,RIO CLARO,ESTADUAL
12677,2023-10-04,16:59:02,L06-INTERVIAS,SP330,210.0,SUL,-22.00075384,-47.44507937,CHOQUE,CHOQUE-SINALIZAÇÃO,MAL SÚBITO DO CONDUTOR,AUTOMÓVEL=1,PIRASSUNUNGA,CAMPINAS,RIO CLARO,ESTADUAL
12682,2023-10-06,10:23:27,L06-INTERVIAS,SP330,161.2,NORTE,-22.43206564,-47.39462392,OBJETO LANÇADO CONTRA O VEÍCULO,OBJETO LANÇADO CONTRA VEÍCULO,OBRAS,AUTOMÓVEL=1,ARARAS,CAMPINAS,RIO CLARO,ESTADUAL
12684,2023-10-06,16:19:31,L06-INTERVIAS,SP330,220.0,SUL,-21.91462036,-47.47437721,CHOQUE,CHOQUE-OBJETO NÃO IDENTIFICADO,OBJETO LANÇADO,AUTOMÓVEL=1,PORTO FERREIRA,CENTRAL,RIO CLARO,ESTADUAL
12689,2023-10-06,22:10:51,L06-INTERVIAS,SP330,201.55,SUL,-22.0737552,-47.42357551,COLISÃO,COLISÃO-TRASEIRA,IMPRUD. CONDUTOR-DORMIR AO VOLANTE,CAMINHÃO=2,SANTA CRUZ DA CONCEIÇÃO,CAMPINAS,RIO CLARO,ESTADUAL
12690,2023-10-07,01:31:13,L06-INTERVIAS,SP330,164.8,SUL,-22.40007412,-47.39014113,COLISÃO,COLISÃO-TRASEIRA,IMPRUD. CONDUTOR-MUDANÇA DE FAIXA,NÃO INFORMADO=1|ÔNIBUS=1,ARARAS,CAMPINAS,RIO CLARO,ESTADUAL
12691,2023-10-07,01:51:22,L06-INTERVIAS,SP330,180.0,SUL,-22.26469527,-47.39121053,COLISÃO,COLISÃO-TRASEIRA,NÃO INFORMADO,AUTOMÓVEL=1|NÃO INFORMADO=1,ARARAS,CAMPINAS,RIO CLARO,ESTADUAL
12692,2023-10-07,05:58:29,L06-INTERVIAS,SP330,190.0,SUL,-22.17513135,-47.3991039,CHOQUE,CHOQUE-OUTROS,OUTROS,AUTOMÓVEL=1,LEME,CAMPINAS,RIO CLARO,ESTADUAL
12693,2023-10-07,11:36:59,L06-INTERVIAS,SP330,202.9,NORTE,-22.06221958,-47.42607853,TOMBAMENTO,TOMBAMENTO,ESTOURO/FURO DE PNEU,MOTO=1,PIRASSUNUNGA,CAMPINAS,RIO CLARO,ESTADUAL
12695,2023-10-08,04:35:37,L06-INTERVIAS,SP330,172.276,NORTE,-22.33418053,-47.38977647,CAPOTAMENTO,CAPOTAMENTO,IMPRUD. CONDUTOR-LEVOU FECHADA,AUTOMÓVEL=1,ARARAS,CAMPINAS,RIO CLARO,ESTADUAL
12699,2023-10-08,18:30:47,L06-INTERVIAS,SP330,193.0,NORTE,-22.14841653,-47.40220595,CHOQUE,CHOQUE-OBJETO NA PISTA,OBJETO NA PISTA,CAMINHONETE=1,LEME,CAMPINAS,RIO CLARO,ESTADUAL
12703,2023-10-09,15:38:22,L06-INTERVIAS,SP330,162.0,NORTE,-22.42507114,-47.3927297,OBJETO LANÇADO CONTRA O VEÍCULO,OBJETO LANÇADO CONTRA VEÍCULO,OBJETO LANÇADO,AUTOMÓVEL=1,ARARAS,CAMPINAS,RIO CLARO,ESTADUAL
12705,2023-10-10,07:19:19,L06-INTERVIAS,SP330,232.1,SUL,-21.80925736,-47.50068793,TOMBAMENTO,TOMBAMENTO,IMPRUD. CONDUTOR-LEVOU FECHADA,MOTO=1,PORTO FERREIRA,CENTRAL,RIO CLARO,ESTADUAL
12707,2023-10-10,08:50:15,L06-INTERVIAS,SP330,224.8,SUL,-21.87339308,-47.48847635,CHOQUE,CHOQUE-VEÍCULO PARADO NO ACOSTAMENTO,IMPRUD. CONDUTOR,AUTOMÓVEL=1|BICICLETA=1,PORTO FERREIRA,CENTRAL,RIO CLARO,ESTADUAL
12710,2023-10-11,01:41:21,L06-INTERVIAS,SP330,196.5,NORTE,-22.1183151,-47.41113869,CHOQUE,"CHOQUE - DEFENSA, BARREIRA",IMPRUD. CONDUTOR-LEVOU FECHADA,ÔNIBUS=1,SANTA CRUZ DA CONCEIÇÃO,CAMPINAS,RIO CLARO,ESTADUAL
12712,2023-10-11,12:46:58,L06-INTERVIAS,SP330,238.0,SUL,-21.7732464,-47.5420829,COLISÃO,COLISÃO-TRASEIRA,IMPRUD. CONDUTOR-LEVOU FECHADA,AUTOMÓVEL=2,SANTA RITA DO PASSA QUATRO,CENTRAL,RIBEIRÃO PRETO,ESTADUAL
12713,2023-10-11,16:26:58,L06-INTERVIAS,SP330,180.8,NORTE,-22.25762607,-47.38985102,CHOQUE,CHOQUE-ELEMENTO DE DRENAGEM,IMPRUD. CONDUTOR-PERDA DE CONTROLE,CAMINHÃO=1,ARARAS,CAMPINAS,RIO CLARO,ESTADUAL
12715,2023-10-11,22:36:16,L06-INTERVIAS,SP330,184.1,NORTE,-22.2278587,-47.39130408,CHOQUE,CHOQUE-OBJETO NA PISTA,OBJETO NA PISTA,MOTO=1,LEME,CAMPINAS,RIO CLARO,ESTADUAL
12717,2023-10-12,01:45:45,L06-INTERVIAS,SP330,186.5,SUL,-22.2064394,-47.39501966,CHOQUE,CHOQUE-OBJETO NA PISTA,OBJETO NA PISTA,AUTOMÓVEL=2|ÔNIBUS=1,LEME,CAMPINAS,RIO CLARO,ESTADUAL
12719,2023-10-12,17:48:17,L06-INTERVIAS,SP330,188.1,SUL,-22.19219369,-47.39769452,COLISÃO,COLISÃO-TRASEIRA,IMPRUD. CONDUTOR-LEVOU FECHADA,AUTOMÓVEL=1|CAMINHÃO=1,LEME,CAMPINAS,RIO CLARO,ESTADUAL
12722,2023-10-13,16:27:42,L06-INTERVIAS,SP330,204.5,SUL,-22.04840515,-47.4299479,CHOQUE,CHOQUE-OBJETO NA PISTA,OBJETO NA PISTA,AUTOMÓVEL=1,PIRASSUNUNGA,CAMPINAS,RIO CLARO,ESTADUAL
12723,2023-10-14,07:33:14,L06-INTERVIAS,SP330,226.0,SUL,-21.86305824,-47.49198902,COLISÃO,COLISÃO-TRASEIRA,NÃO INFORMADO,AUTOMÓVEL=1|MOTO=1,PORTO FERREIRA,CENTRAL,RIO CLARO,ESTADUAL
12724,2023-10-14,18:02:05,L06-INTERVIAS,SP330,200.5,NORTE,-22.0833751,-47.42060295,CHOQUE,CHOQUE-VEÍCULO PARADO NA PISTA,VEÍCULO PARADO NA FAIXA,AUTOMÓVEL=2,SANTA CRUZ DA CONCEIÇÃO,CAMPINAS,RIO CLARO,ESTADUAL
12725,2023-10-15,00:30:44,L06-INTERVIAS,SP330,193.3,SUL,-22.14608308,-47.40381236,COLISÃO,COLISÃO-TRASEIRA,IMPRUD. CONDUTOR-DORMIR AO VOLANTE,CAMINHÃO=2,LEME,CAMPINAS,RIO CLARO,ESTADUAL
12726,2023-10-15,07:06:04,L06-INTERVIAS,SP330,184.2,SUL,-22.22692399,-47.3918123,CHOQUE,CHOQUE-OUTROS,IMPRUD. CONDUTOR-PERDA DE CONTROLE,AUTOMÓVEL=1,LEME,CAMPINAS,RIO CLARO,ESTADUAL
12727,2023-10-15,15:51:55,L06-INTERVIAS,SP330,197.65,SUL,-22.10807159,-47.413253,COLISÃO,COLISÃO-TRASEIRA,IMPRUD. CONDUTOR-FREADA BRUSCA,AUTOMÓVEL=2,SANTA CRUZ DA CONCEIÇÃO,CAMPINAS,RIO CLARO,ESTADUAL
12729,2023-10-15,19:53:58,L06-INTERVIAS,SP330,167.8,NORTE,-22.37375867,-47.39435619,COLISÃO,COLISÃO-LATERAL,IMPRUD. CONDUTOR,CAMINHONETE=1|ÔNIBUS=1,ARARAS,CAMPINAS,RIO CLARO,ESTADUAL
12733,2023-10-16,17:11:31,L06-INTERVIAS,SP330,237.1,NORTE,-21.7782506,-47.53516216,COLISÃO,COLISÃO-LATERAL,IMPRUD. CONDUTOR-LEVOU FECHADA,AUTOMÓVEL=1|ÔNIBUS=1,SANTA RITA DO PASSA QUATRO,CENTRAL,RIBEIRÃO PRETO,ESTADUAL
12735,2023-10-16,23:16:00,L06-INTERVIAS,SP330,235.9,NORTE,-21.7817527,-47.53065865,COLISÃO,COLISÃO-TRASEIRA,IMPRUD. CONDUTOR-DORMIR AO VOLANTE,AUTOMÓVEL=1|CAMINHÃO=1,SANTA RITA DO PASSA QUATRO,CENTRAL,RIBEIRÃO PRETO,ESTADUAL
12738,2023-10-18,11:01:06,L06-INTERVIAS,SP330,221.8,NORTE,-21.89912069,-47.47937987,ENGAVETAMENTO,ENGAVETAMENTO,OBRAS,CAMINHONETE=2|CAMINHÃO=1,PORTO FERREIRA,CENTRAL,RIO CLARO,ESTADUAL
12744,2023-10-20,07:10:00,L06-INTERVIAS,SP330,172.5,NORTE,-22.33217098,-47.38958759,CHOQUE,"CHOQUE - DEFENSA, BARREIRA",IMPRUD. CONDUTOR-LEVOU FECHADA,AUTOMÓVEL=1,ARARAS,CAMPINAS,RIO CLARO,ESTADUAL
12745,2023-10-20,15:26:05,L06-INTERVIAS,SP330,198.1,NORTE,-22.10412443,-47.41382718,COLISÃO,COLISÃO-TRASEIRA,IMPRUD. CONDUTOR,CAMINHÃO=3,SANTA CRUZ DA CONCEIÇÃO,CAMPINAS,RIO CLARO,ESTADUAL
12753,2023-10-22,19:31:28,L06-INTERVIAS,SP330,227.5,SUL,-21.84985386,-47.49515137,CHOQUE,CHOQUE-OBJETO NA PISTA,OBJETO NA PISTA,AUTOMÓVEL=1,PORTO FERREIRA,CENTRAL,RIO CLARO,ESTADUAL
12755,2023-10-23,08:03:50,L06-INTERVIAS,SP330,164.95,SUL,-22.39872532,-47.39017463,TOMBAMENTO,TOMBAMENTO,IMPRUD. CONDUTOR-LEVOU FECHADA,MOTO=1|NÃO INFORMADO=1,ARARAS,CAMPINAS,RIO CLARO,ESTADUAL
12756,2023-10-23,08:45:26,L06-INTERVIAS,SP330,205.7,SUL,-22.03777442,-47.43270628,TOMBAMENTO,TOMBAMENTO,IMPRUD. CONDUTOR-PERDA DE CONTROLE,MOTO=1,PIRASSUNUNGA,CAMPINAS,RIO CLARO,ESTADUAL
12767,2023-10-26,10:51:36,L06-INTERVIAS,SP330,173.8,SUL,-22.32046816,-47.39038294,TOMBAMENTO,TOMBAMENTO,ESTOURO/FURO DE PNEU,MOTO=1,ARARAS,CAMPINAS,RIO CLARO,ESTADUAL
12768,2023-10-26,18:55:16,L06-INTERVIAS,SP330,159.457,SUL,-22.4473045,-47.39843229,CHOQUE,CHOQUE-ELEMENTO DE DRENAGEM,IMPRUD. CONDUTOR-PERDA DE CONTROLE,AUTOMÓVEL=1,CORDEIRÓPOLIS,CAMPINAS,RIO CLARO,ESTADUAL
12769,2023-10-26,22:18:35,L06-INTERVIAS,SP330,179.8,NORTE,-22.26659728,-47.39100051,COLISÃO,COLISÃO-TRASEIRA,MAL SÚBITO DO CONDUTOR,CAMINHONETE=1|CAMINHÃO=1,ARARAS,CAMPINAS,RIO CLARO,ESTADUAL
12770,2023-10-27,02:03:04,L06-INTERVIAS,SP330,161.249,NORTE,-22.43163726,-47.39450791,CHOQUE,CHOQUE-OBJETO NA PISTA,OBJETO NA PISTA,AUTOMÓVEL=1,ARARAS,CAMPINAS,RIO CLARO,ESTADUAL
12771,2023-10-27,19:51:49,L06-INTERVIAS,SP330,223.85,NORTE,-21.88144327,-47.48540128,TOMBAMENTO,TOMBAMENTO,IMPRUD. CONDUTOR-FREADA BRUSCA,MOTO=1,PORTO FERREIRA,CENTRAL,RIO CLARO,ESTADUAL
12772,2023-10-28,08:44:30,L06-INTERVIAS,SP330,166.5,SUL,-22.38549978,-47.39419049,COLISÃO,COLISÃO-LATERAL,IMPRUD. CONDUTOR,AUTOMÓVEL=1|MOTO=1,ARARAS,CAMPINAS,RIO CLARO,ESTADUAL
12774,2023-10-29,00:42:43,L06-INTERVIAS,SP330,193.3,SUL,-22.14608308,-47.40381236,COLISÃO,COLISÃO-TRASEIRA,NÃO INFORMADO,CAMINHÃO=2,LEME,CAMPINAS,RIO CLARO,ESTADUAL
12781,2023-10-31,16:53:48,L06-INTERVIAS,SP330,221.7,NORTE,-21.89998635,-47.47908547,TOMBAMENTO,TOMBAMENTO,IMPRUD. CONDUTOR-PERDA DE CONTROLE,AUTOMÓVEL=1|MOTO=1,PORTO FERREIRA,CENTRAL,RIO CLARO,ESTADUAL
12782,2023-10-31,17:35:16,L06-INTERVIAS,SP330,221.3,NORTE,-21.90344877,-47.47790798,ENGAVETAMENTO,ENGAVETAMENTO,IMPRUD. CONDUTOR,AUTOMÓVEL=2|CAMINHONETE=1|CAMINHÃO=1,PORTO FERREIRA,CENTRAL,RIO CLARO,ESTADUAL
12784,2023-10-31,19:40:31,L06-INTERVIAS,SP330,193.0,NORTE,-22.14841653,-47.40220595,CHOQUE,CHOQUE-OUTROS,PAVIMENTO RUIM/IRREGULAR,AUTOMÓVEL=1,LEME,CAMPINAS,RIO CLARO,ESTADUAL
12785,2023-11-01,08:12:56,L06-INTERVIAS,SP330,215.0,NORTE,-21.95829991,-47.45888632,CHOQUE,CHOQUE-CANCELA DE PEDÁGIO,PANE MECÂNICA/ELÉTRICA,CAMINHÃO=1,PIRASSUNUNGA,CAMPINAS,RIO CLARO,ESTADUAL
12786,2023-11-01,14:22:08,L06-INTERVIAS,SP330,220.0,NORTE,-21.91461944,-47.47413529,CHOQUE,CHOQUE-OBJETO NA PISTA,OBJETO NA PISTA,CAMINHONETE=1,PORTO FERREIRA,CENTRAL,RIO CLARO,ESTADUAL
12787,2023-11-02,14:26:27,L06-INTERVIAS,SP330,225.0,NORTE,-21.87163001,-47.48872172,COLISÃO,COLISÃO-LATERAL,NÃO INFORMADO,AUTOMÓVEL=1|CAMINHÃO=1,PORTO FERREIRA,CENTRAL,RIO CLARO,ESTADUAL
12788,2023-11-03,03:18:06,L06-INTERVIAS,SP330,219.0,SUL,-21.92330233,-47.47146747,CHOQUE,CHOQUE-OBJETO NA PISTA,OBJETO NA PISTA,AUTOMÓVEL=1,PIRASSUNUNGA,CAMPINAS,RIO CLARO,ESTADUAL
12792,2023-11-04,11:06:32,L06-INTERVIAS,SP330,175.3,SUL,-22.30695442,-47.39171493,CHOQUE,"CHOQUE - DEFENSA, BARREIRA",ESTOURO/FURO DE PNEU,CAMINHÃO=1,ARARAS,CAMPINAS,RIO CLARO,ESTADUAL
12797,2023-11-06,05:09:31,L06-INTERVIAS,SP330,163.5,SUL,-22.41171541,-47.39028411,ATROPELAMENTO DE ANIMAL,ATROP. ANIMAL,ANIMAL NA RODOVIA,AUTOMÓVEL=1,ARARAS,CAMPINAS,RIO CLARO,ESTADUAL
12798,2023-11-06,10:43:58,L06-INTERVIAS,SP330,181.2,NORTE,-22.25402957,-47.38971773,CHOQUE,"CHOQUE - DEFENSA, BARREIRA",IMPRUD. CONDUTOR-PERDA DE CONTROLE,CAMINHÃO=1,ARARAS,CAMPINAS,RIO CLARO,ESTADUAL
12799,2023-11-06,16:40:43,L06-INTERVIAS,SP330,171.0,NORTE,-22.3450534,-47.39337304,COLISÃO,COLISÃO-LATERAL,IMPRUD. CONDUTOR,AUTOMÓVEL=1|CAMINHONETE=1,ARARAS,CAMPINAS,RIO CLARO,ESTADUAL
12800,2023-11-07,01:45:53,L06-INTERVIAS,SP330,195.0,NORTE,-22.13171685,-47.40930839,COLISÃO,COLISÃO-TRASEIRA,IMPRUD. CONDUTOR-DORMIR AO VOLANTE,AUTOMÓVEL=1|CAMINHÃO=1,LEME,CAMPINAS,RIO CLARO,ESTADUAL
12801,2023-11-07,12:39:00,L06-INTERVIAS,SP330,177.0,NORTE,-22.29166398,-47.39283202,COLISÃO,COLISÃO-LATERAL,IMPRUD. CONDUTOR,AUTOMÓVEL=1|CAMINHÃO=1,ARARAS,CAMPINAS,RIO CLARO,ESTADUAL
12802,2023-11-08,01:37:44,L06-INTERVIAS,SP330,181.8,SUL,-22.24861973,-47.39043026,CHOQUE,CHOQUE-OBJETO NA PISTA,OBJETO NA PISTA,AUTOMÓVEL=1,LEME,CAMPINAS,RIO CLARO,ESTADUAL
12803,2023-11-08,14:49:28,L06-INTERVIAS,SP330,162.0,SUL,-22.4248917,-47.39300792,OBJETO LANÇADO CONTRA O VEÍCULO,OBJETO LANÇADO CONTRA VEÍCULO,ROÇADA MECÂNICA/MANUAL,AUTOMÓVEL=1|TRATOR=1,ARARAS,CAMPINAS,RIO CLARO,ESTADUAL
12806,2023-11-10,02:58:35,L06-INTERVIAS,SP330,173.1,NORTE,-22.32678862,-47.38926357,COLISÃO,COLISÃO-TRASEIRA,IMPRUD. CONDUTOR-DORMIR AO VOLANTE,CAMINHÃO=2,ARARAS,CAMPINAS,RIO CLARO,ESTADUAL
12807,2023-11-10,14:10:18,L06-INTERVIAS,SP330,183.0,SUL,-22.23776826,-47.39113726,OBJETO LANÇADO CONTRA O VEÍCULO,OBJETO LANÇADO CONTRA VEÍCULO,OBJETO LANÇADO,AUTOMÓVEL=1,LEME,CAMPINAS,RIO CLARO,ESTADUAL
12811,2023-11-12,18:18:46,L06-INTERVIAS,SP330,224.5,NORTE,-21.87588706,-47.48728372,CHOQUE,CHOQUE-ÁRVORE,IMPRUD. CONDUTOR-PERDA DE CONTROLE,AUTOMÓVEL=1,PORTO FERREIRA,CENTRAL,RIO CLARO,ESTADUAL
12812,2023-11-12,20:58:12,L06-INTERVIAS,SP330,204.0,SUL,-22.05287031,-47.42884194,OBJETO LANÇADO CONTRA O VEÍCULO,OBJETO LANÇADO CONTRA VEÍCULO,OBJETO LANÇADO,AUTOMÓVEL=1|CAMINHÃO=1,PIRASSUNUNGA,CAMPINAS,RIO CLARO,ESTADUAL
12813,2023-11-12,21:22:11,L06-INTERVIAS,SP330,213.7,SUL,-21.96889485,-47.45593621,ATROPELAMENTO DE ANIMAL,ATROP. ANIMAL,ANIMAL NA RODOVIA,AUTOMÓVEL=1,PIRASSUNUNGA,CAMPINAS,RIO CLARO,ESTADUAL
12817,2023-11-15,12:21:32,L06-INTERVIAS,SP330,191.0,SUL,-22.16607324,-47.39961432,TOMBAMENTO,TOMBAMENTO,ESTOURO/FURO DE PNEU,MOTO=1,LEME,CAMPINAS,RIO CLARO,ESTADUAL
12818,2023-11-15,13:57:24,L06-INTERVIAS,SP330,231.2,SUL,-21.8167185,-47.49741581,CHOQUE,CHOQUE-OBJETO NA PISTA,OBJETO NA PISTA,AUTOMÓVEL=1,PORTO FERREIRA,CENTRAL,RIO CLARO,ESTADUAL
12823,2023-11-17,05:15:12,L06-INTERVIAS,SP330,206.0,SUL,-22.03513199,-47.43341447,TOMBAMENTO,TOMBAMENTO,ÓLEO NA PISTA,MOTO=1,PIRASSUNUNGA,CAMPINAS,RIO CLARO,ESTADUAL
12826,2023-11-17,21:19:33,L06-INTERVIAS,SP330,181.5,NORTE,-22.25132828,-47.38986436,TOMBAMENTO,TOMBAMENTO,OBJETO NA PISTA,MOTO=1,LEME,CAMPINAS,RIO CLARO,ESTADUAL
12829,2023-11-18,16:57:21,L06-INTERVIAS,SP330,223.1,SUL,-21.88804087,-47.48348244,TOMBAMENTO,TOMBAMENTO,ESTOURO/FURO DE PNEU,MOTO=1,PORTO FERREIRA,CENTRAL,RIO CLARO,ESTADUAL
12831,2023-11-18,22:38:41,L06-INTERVIAS,SP330,197.45,NORTE,-22.10984936,-47.41255122,COLISÃO,COLISÃO-TRASEIRA,PANE MECÂNICA/ELÉTRICA,CAMINHÃO=2,SANTA CRUZ DA CONCEIÇÃO,CAMPINAS,RIO CLARO,ESTADUAL
12833,2023-11-19,15:12:34,L06-INTERVIAS,SP330,167.8,SUL,-22.37346125,-47.39479419,COLISÃO,COLISÃO-TRASEIRA,IMPRUD. CONDUTOR,AUTOMÓVEL=1|CAMINHONETE=1,ARARAS,CAMPINAS,RIO CLARO,ESTADUAL
12834,2023-11-19,16:39:13,L06-INTERVIAS,SP330,240.4,NORTE,-21.7591761,-47.5596762,COLISÃO,COLISÃO-TRASEIRA,IMPRUDÊNCIA,AUTOMÓVEL=1|CAMINHÃO=1,SANTA RITA DO PASSA QUATRO,CENTRAL,RIBEIRÃO PRETO,ESTADUAL
12836,2023-11-21,07:53:53,L06-INTERVIAS,SP330,161.2,SUL,-22.43192135,-47.39494414,COLISÃO,COLISÃO-LATERAL,IMPRUDÊNCIA,CAMINHONETE=1|NÃO INFORMADO=1,ARARAS,CAMPINAS,RIO CLARO,ESTADUAL
12837,2023-11-21,12:13:42,L06-INTERVIAS,SP330,166.0,NORTE,-22.38987228,-47.39331612,OBJETO LANÇADO CONTRA O VEÍCULO,OBJETO LANÇADO CONTRA VEÍCULO,ROÇADA MECÂNICA/MANUAL,AUTOMÓVEL=1,ARARAS,CAMPINAS,RIO CLARO,ESTADUAL
12838,2023-11-21,16:04:11,L06-INTERVIAS,SP330,208.8,NORTE,-22.01091542,-47.44124705,TOMBAMENTO,TOMBAMENTO,IMPRUD. CONDUTOR-LEVOU FECHADA,CAMINHÃO=1,PIRASSUNUNGA,CAMPINAS,RIO CLARO,ESTADUAL
12840,2023-11-22,04:19:00,L06-INTERVIAS,SP330,238.2,SUL,-21.77209333,-47.54355766,ATROPELAMENTO DE ANIMAL,ATROP. ANIMAL,ANIMAL NA RODOVIA,AUTOMÓVEL=1,SANTA RITA DO PASSA QUATRO,CENTRAL,RIBEIRÃO PRETO,ESTADUAL
12841,2023-11-22,07:06:36,L06-INTERVIAS,SP330,208.0,SUL,-22.0178086,-47.43924087,COLISÃO,COLISÃO-LATERAL,IMPRUD. CONDUTOR-DORMIR AO VOLANTE,MOTO=1|NÃO INFORMADO=1,PIRASSUNUNGA,CAMPINAS,RIO CLARO,ESTADUAL
12846,2023-11-24,22:11:14,L06-INTERVIAS,SP330,207.8,NORTE,-22.0193171,-47.43837807,COLISÃO,COLISÃO-LATERAL,IMPRUD. CONDUTOR-MUDANÇA DE FAIXA,AUTOMÓVEL=1|CAMINHÃO=1,PIRASSUNUNGA,CAMPINAS,RIO CLARO,ESTADUAL
12847,2023-11-25,08:32:15,L06-INTERVIAS,SP330,182.0,NORTE,-22.24682617,-47.39010872,OBJETO LANÇADO CONTRA O VEÍCULO,OBJETO LANÇADO CONTRA VEÍCULO,OBJETO LANÇADO,CAMINHONETE=1,LEME,CAMPINAS,RIO CLARO,ESTADUAL
12851,2023-11-26,10:48:31,L06-INTERVIAS,SP330,180.1,NORTE,-22.26391106,-47.39065964,COLISÃO,COLISÃO-LATERAL,MAL SÚBITO DO CONDUTOR,AUTOMÓVEL=1|NÃO INFORMADO=1,ARARAS,CAMPINAS,RIO CLARO,ESTADUAL
12856,2023-11-28,07:36:18,L06-INTERVIAS,SP330,165.23,SUL,-22.39637251,-47.39101568,CHOQUE,CHOQUE-VEÍCULO PARADO NA PISTA,IMPRUD. CONDUTOR-DESRESPEITO À SINALIZAÇÃO,AUTOMÓVEL=2,ARARAS,CAMPINAS,RIO CLARO,ESTADUAL
12857,2023-11-28,13:46:13,L06-INTERVIAS,SP330,213.3,NORTE,-21.97228628,-47.45442207,TOMBAMENTO,TOMBAMENTO,PANE MECÂNICA/ELÉTRICA,CAMINHÃO=1,PIRASSUNUNGA,CAMPINAS,RIO CLARO,ESTADUAL
12858,2023-11-28,16:34:53,L06-INTERVIAS,SP330,174.0,NORTE,-22.31871846,-47.39014188,CHOQUE,CHOQUE-OBJETO NA PISTA,OBJETO NA PISTA,AUTOMÓVEL=1,ARARAS,CAMPINAS,RIO CLARO,ESTADUAL
12860,2023-11-29,19:20:16,L06-INTERVIAS,SP330,236.5,SUL,-21.78203771,-47.53085937,TOMBAMENTO,TOMBAMENTO,IMPRUD. CONDUTOR-LEVOU FECHADA,CAMINHÃO=1|MOTO=1,SANTA RITA DO PASSA QUATRO,CENTRAL,RIBEIRÃO PRETO,ESTADUAL
12863,2023-11-30,11:48:11,L06-INTERVIAS,SP330,228.5,SUL,-21.84073801,-47.49537182,CHOQUE,CHOQUE-VEÍCULO PARADO NA PISTA,IMPRUD. CONDUTOR,AUTOMÓVEL=1|CAMINHÃO=2,PORTO FERREIRA,CENTRAL,RIO CLARO,ESTADUAL
12865,2023-12-01,01:14:24,L06-INTERVIAS,SP330,198.5,SUL,-22.10068745,-47.41534755,CHOQUE,CHOQUE-OBJETO NA PISTA,OBJETO NA PISTA,AUTOMÓVEL=1,SANTA CRUZ DA CONCEIÇÃO,CAMPINAS,RIO CLARO,ESTADUAL
12866,2023-12-01,10:51:02,L06-INTERVIAS,SP330,230.0,SUL,-21.82730769,-47.49547423,CHOQUE,CHOQUE-VEÍCULO PARADO NA PISTA,IMPRUD. CONDUTOR,CAMINHONETE=1|CAMINHÃO=1,PORTO FERREIRA,CENTRAL,RIO CLARO,ESTADUAL
12868,2023-12-02,03:44:19,L06-INTERVIAS,SP330,237.0,SUL,-21.77903186,-47.53468762,CHOQUE,CHOQUE-OUTROS,PANE MECÂNICA/ELÉTRICA,CAMINHÃO=1,SANTA RITA DO PASSA QUATRO,CENTRAL,RIBEIRÃO PRETO,ESTADUAL
12869,2023-12-02,15:19:59,L06-INTERVIAS,SP330,181.76,NORTE,-22.24898723,-47.38999142,CHOQUE,CHOQUE-OBJETO NA PISTA,OBJETO NA PISTA,AUTOMÓVEL=1|NÃO SE APLICA=1,LEME,CAMPINAS,RIO CLARO,ESTADUAL
12871,2023-12-03,02:06:21,L06-INTERVIAS,SP330,221.0,NORTE,-21.90604564,-47.47702483,OBJETO LANÇADO CONTRA O VEÍCULO,OBJETO LANÇADO CONTRA VEÍCULO,OBJETO NA PISTA,AUTOMÓVEL=1|CAMINHÃO=1,PORTO FERREIRA,CENTRAL,RIO CLARO,ESTADUAL
12876,2023-12-05,14:44:47,L06-INTERVIAS,SP330,203.1,NORTE,-22.06054651,-47.4265038,COLISÃO,COLISÃO-TRASEIRA,NÃO INFORMADO,AUTOMÓVEL=1|CAMINHÃO=1,PIRASSUNUNGA,CAMPINAS,RIO CLARO,ESTADUAL
12877,2023-12-05,14:57:31,L06-INTERVIAS,SP330,202.5,NORTE,-22.06541589,-47.42525761,COLISÃO,COLISÃO-TRASEIRA,ACIDENTE,AUTOMÓVEL=1|NÃO INFORMADO=1,PIRASSUNUNGA,CAMPINAS,RIO CLARO,ESTADUAL
12878,2023-12-06,05:22:19,L06-INTERVIAS,SP330,188.4,NORTE,-22.18952363,-47.39760616,CHOQUE,CHOQUE-OBJETO NA PISTA,OBJETO NA PISTA,AUTOMÓVEL=1,LEME,CAMPINAS,RIO CLARO,ESTADUAL
12881,2023-12-06,06:58:05,L06-INTERVIAS,SP330,225.0,NORTE,-21.87163001,-47.48872172,OBJETO LANÇADO CONTRA O VEÍCULO,OBJETO LANÇADO CONTRA VEÍCULO,OBJETO LANÇADO,AUTOMÓVEL=1,PORTO FERREIRA,CENTRAL,RIO CLARO,ESTADUAL
12882,2023-12-06,08:02:52,L06-INTERVIAS,SP330,213.0,SUL,-21.97496486,-47.45389748,CHOQUE,"CHOQUE - DEFENSA, BARREIRA OU ""SUBMARINO""",IMPRUD. CONDUTOR-PERDA DE CONTROLE,AUTOMÓVEL=1,PIRASSUNUNGA,CAMPINAS,RIO CLARO,ESTADUAL
12883,2023-12-06,10:07:56,L06-INTERVIAS,SP330,225.5,SUL,-21.86737186,-47.49052205,TOMBAMENTO,TOMBAMENTO,IMPRUD. CONDUTOR,MOTO=1,PORTO FERREIRA,CENTRAL,RIO CLARO,ESTADUAL
12884,2023-12-06,17:58:25,L06-INTERVIAS,SP330,214.6,SUL,-21.96168787,-47.45857523,COLISÃO,COLISÃO-LATERAL,IMPRUD. CONDUTOR,AUTOMÓVEL=1|CAMINHÃO=1,PIRASSUNUNGA,CAMPINAS,RIO CLARO,ESTADUAL
12885,2023-12-06,19:13:13,L06-INTERVIAS,SP330,230.35,SUL,-21.82418914,-47.49591365,COLISÃO,COLISÃO-TRASEIRA,IMPRUD. CONDUTOR-MUDANÇA DE FAIXA,AUTOMÓVEL=1|CAMINHÃO=1,PORTO FERREIRA,CENTRAL,RIO CLARO,ESTADUAL
12887,2023-12-07,08:51:10,L06-INTERVIAS,SP330,197.5,SUL,-22.10940313,-47.41297656,CHOQUE,CHOQUE-ELEMENTO DE DRENAGEM,MAL SÚBITO DO CONDUTOR,AUTOMÓVEL=1,SANTA CRUZ DA CONCEIÇÃO,CAMPINAS,RIO CLARO,ESTADUAL
12889,2023-12-07,14:37:21,L06-INTERVIAS,SP330,223.38,SUL,-21.88560884,-47.48431591,TOMBAMENTO,TOMBAMENTO,IMPRUD. CONDUTOR-PERDA DE CONTROLE,MOTO=1,PORTO FERREIRA,CENTRAL,RIO CLARO,ESTADUAL
12895,2023-12-09,08:42:52,L06-INTERVIAS,SP330,193.3,NORTE,-22.14595267,-47.40345812,COLISÃO,COLISÃO-LATERAL,IMPRUD. CONDUTOR-LEVOU FECHADA,AUTOMÓVEL=1|CAMINHÃO=1,LEME,CAMPINAS,RIO CLARO,ESTADUAL
12896,2023-12-09,13:57:24,L06-INTERVIAS,SP330,211.7,SUL,-21.98608578,-47.45006153,COLISÃO,COLISÃO-LATERAL,IMPRUD. CONDUTOR-DORMIR AO VOLANTE,CAMINHONETE=1|CAMINHÃO=1,PIRASSUNUNGA,CAMPINAS,RIO CLARO,ESTADUAL
12898,2023-12-10,08:46:17,L06-INTERVIAS,SP330,174.4,NORTE,-22.31510727,-47.39050519,COLISÃO,COLISÃO-TRASEIRA,IMPRUD. CONDUTOR-FREADA BRUSCA,CAMINHÃO=1|NÃO INFORMADO=1,ARARAS,CAMPINAS,RIO CLARO,ESTADUAL
12899,2023-12-10,13:05:07,L06-INTERVIAS,SP330,211.3,SUL,-21.98950804,-47.44889648,CHOQUE,CHOQUE-OBJETO NA PISTA,OBJETO LANÇADO,AUTOMÓVEL=1|NÃO INFORMADO=1,PIRASSUNUNGA,CAMPINAS,RIO CLARO,ESTADUAL
12902,2023-12-11,06:52:35,L06-INTERVIAS,SP330,210.6,NORTE,-21.99548179,-47.44656056,COLISÃO,COLISÃO-TRASEIRA,IMPRUD. CONDUTOR,AUTOMÓVEL=1|MOTO=1,PIRASSUNUNGA,CAMPINAS,RIO CLARO,ESTADUAL
12903,2023-12-11,12:31:20,L06-INTERVIAS,SP330,204.7,NORTE,-22.04651207,-47.43003353,CHOQUE,CHOQUE-VEÍCULO PARADO NO ACOSTAMENTO,VEÍCULO PARADO NO ACOSTAMENTO,CAMINHÃO=2,PIRASSUNUNGA,CAMPINAS,RIO CLARO,ESTADUAL
12905,2023-12-11,20:31:03,L06-INTERVIAS,SP330,227.8,NORTE,-21.84720186,-47.49491841,CHOQUE,CHOQUE-OBJETO NA PISTA,OBJETO NA PISTA,AUTOMÓVEL=1,PORTO FERREIRA,CENTRAL,RIO CLARO,ESTADUAL
12906,2023-12-12,00:22:13,L06-INTERVIAS,SP330,205.0,NORTE,-22.0438679,-47.43069768,COLISÃO,COLISÃO-TRASEIRA,IMPRUD. CONDUTOR-DORMIR AO VOLANTE,CAMINHONETE=1|CAMINHÃO=1,PIRASSUNUNGA,CAMPINAS,RIO CLARO,ESTADUAL
12907,2023-12-12,03:16:08,L06-INTERVIAS,SP330,228.4,SUL,-21.8416468,-47.49536509,ATROPELAMENTO DE ANIMAL,ATROP. ANIMAL,ANIMAL NA RODOVIA,CAMINHONETE=1,PORTO FERREIRA,CENTRAL,RIO CLARO,ESTADUAL
12908,2023-12-12,11:18:00,L06-INTERVIAS,SP330,204.5,NORTE,-22.04827481,-47.42959077,OBJETO LANÇADO CONTRA O VEÍCULO,OBJETO LANÇADO CONTRA VEÍCULO,ROÇADA MECÂNICA/MANUAL,AUTOMÓVEL=1,PIRASSUNUNGA,CAMPINAS,RIO CLARO,ESTADUAL
12909,2023-12-12,20:37:59,L06-INTERVIAS,SP330,167.35,SUL,-22.377701,-47.39467763,CHOQUE,CHOQUE-OBJETO NA PISTA,OBJETO NA PISTA,AUTOMÓVEL=3,ARARAS,CAMPINAS,RIO CLARO,ESTADUAL
12911,2023-12-13,15:21:28,L06-INTERVIAS,SP330,181.76,SUL,-22.24897543,-47.39041169,CHOQUE,"CHOQUE - DEFENSA, BARREIRA",PANE MECÂNICA/ELÉTRICA,CAMINHÃO=1,LEME,CAMPINAS,RIO CLARO,ESTADUAL
12912,2023-12-13,18:02:22,L06-INTERVIAS,SP330,171.58,SUL,-22.34004369,-47.39178324,COLISÃO,COLISÃO-LATERAL,VEÍCULO PARADO NA FAIXA,CAMINHÃO=2,ARARAS,CAMPINAS,RIO CLARO,ESTADUAL
12914,2023-12-13,22:47:48,L06-INTERVIAS,SP330,195.7,NORTE,-22.12547927,-47.41016586,TOMBAMENTO,TOMBAMENTO,IMPRUD. CONDUTOR-DORMIR AO VOLANTE,CAMINHÃO=1,LEME,CAMPINAS,RIO CLARO,ESTADUAL
12918,2023-12-15,01:11:05,L06-INTERVIAS,SP330,180.4,NORTE,-22.26121759,-47.3903131,CHOQUE,"CHOQUE - DEFENSA, BARREIRA",IMPRUD. CONDUTOR-LEVOU FECHADA,CAMINHÃO=1,ARARAS,CAMPINAS,RIO CLARO,ESTADUAL
12919,2023-12-15,11:38:38,L06-INTERVIAS,SP330,235.0,SUL,-21.79056093,-47.51994076,TOMBAMENTO,TOMBAMENTO,PANE MECÂNICA/ELÉTRICA,CAMINHÃO=1,SANTA RITA DO PASSA QUATRO,CENTRAL,RIBEIRÃO PRETO,ESTADUAL
12920,2023-12-15,12:16:42,L06-INTERVIAS,SP330,239.1,SUL,-21.76688418,-47.55021643,CHOQUE,CHOQUE-OBJETO NA PISTA,OBJETO NA PISTA,AUTOMÓVEL=1,SANTA RITA DO PASSA QUATRO,CENTRAL,RIBEIRÃO PRETO,ESTADUAL
12924,2023-12-15,15:33:37,L06-INTERVIAS,SP330,221.5,SUL,-21.90177104,-47.47879364,COLISÃO,COLISÃO-TRASEIRA,PANE MECÂNICA/ELÉTRICA,CAMINHÃO=2,PORTO FERREIRA,CENTRAL,RIO CLARO,ESTADUAL
12925,2023-12-15,15:52:35,L06-INTERVIAS,SP330,206.5,NORTE,-22.03075775,-47.43448296,ATROPELAMENTO DE PEDESTRE,ATROP. PEDESTRE-AMBULANTE,IMPRUD. PEDESTRE-USUÁRIO,CAMINHÃO=1|NÃO SE APLICA=1,PIRASSUNUNGA,CAMPINAS,RIO CLARO,ESTADUAL
12926,2023-12-16,02:26:38,L06-INTERVIAS,SP330,209.0,NORTE,-22.00926183,-47.44181414,COLISÃO,COLISÃO-LATERAL,NÃO INFORMADO,CAMINHONETE=1|CAMINHÃO=1,PIRASSUNUNGA,CAMPINAS,RIO CLARO,ESTADUAL
12927,2023-12-16,07:42:37,L06-INTERVIAS,SP330,161.5,SUL,-22.42928522,-47.39421806,OBJETO LANÇADO CONTRA O VEÍCULO,OBJETO LANÇADO CONTRA VEÍCULO,OBJETO LANÇADO,AUTOMÓVEL=1|CAMINHÃO=1,ARARAS,CAMPINAS,RIO CLARO,ESTADUAL
12932,2023-12-17,11:47:47,L06-INTERVIAS,SP330,184.2,NORTE,-22.22696139,-47.39139448,CHOQUE,CHOQUE-OBJETO NA PISTA,PANE MECÂNICA/ELÉTRICA,CAMINHONETE=1|CAMINHÃO=1,LEME,CAMPINAS,RIO CLARO,ESTADUAL
12933,2023-12-18,14:37:39,L06-INTERVIAS,SP330,223.5,NORTE,-21.88447482,-47.4843642,TOMBAMENTO,TOMBAMENTO,IMPRUD. CONDUTOR-LEVOU FECHADA,MOTO=1,PORTO FERREIRA,CENTRAL,RIO CLARO,ESTADUAL
12935,2023-12-18,22:24:17,L06-INTERVIAS,SP330,172.7,NORTE,-22.33037676,-47.38941894,CHOQUE,CHOQUE-OBJETO NA PISTA,OBJETO NA PISTA,CAMINHÃO=1,ARARAS,CAMPINAS,RIO CLARO,ESTADUAL
12936,2023-12-19,03:36:53,L06-INTERVIAS,SP330,199.9,NORTE,-22.08861083,-47.41906112,COLISÃO,COLISÃO-TRASEIRA,IMPRUD. CONDUTOR-DORMIR AO VOLANTE,CAMINHÃO=2,SANTA CRUZ DA CONCEIÇÃO,CAMPINAS,RIO CLARO,ESTADUAL
12937,2023-12-19,06:38:08,L06-INTERVIAS,SP330,215.0,SUL,-21.95861761,-47.45975204,CHOQUE,CHOQUE-OUTROS,IMPRUD. CONDUTOR,CAMINHÃO=1,PIRASSUNUNGA,CAMPINAS,RIO CLARO,ESTADUAL
12938,2023-12-19,07:07:12,L06-INTERVIAS,SP330,204.95,SUL,-22.04393999,-47.43105385,TOMBAMENTO,TOMBAMENTO,NÃO INFORMADO,CAMINHÃO=1,PIRASSUNUNGA,CAMPINAS,RIO CLARO,ESTADUAL
12939,2023-12-19,11:18:06,L06-INTERVIAS,SP330,234.0,SUL,-21.79643945,-47.51242084,OBJETO LANÇADO CONTRA O VEÍCULO,OBJETO LANÇADO CONTRA VEÍCULO,OBJETO LANÇADO,CAMINHONETE=1,SANTA RITA DO PASSA QUATRO,CENTRAL,RIBEIRÃO PRETO,ESTADUAL
12940,2023-12-19,18:38:55,L06-INTERVIAS,SP330,166.0,NORTE,-22.38987228,-47.39331612,CHOQUE,CHOQUE-OBJETO NA PISTA,OBJETO NA PISTA,CAMINHONETE=1,ARARAS,CAMPINAS,RIO CLARO,ESTADUAL
12941,2023-12-20,02:07:48,L06-INTERVIAS,SP330,200.0,NORTE,-22.0877537,-47.41935335,COLISÃO,COLISÃO-TRASEIRA,IMPRUD. CONDUTOR,CAMINHÃO=2,SANTA CRUZ DA CONCEIÇÃO,CAMPINAS,RIO CLARO,ESTADUAL
12944,2023-12-21,17:48:23,L06-INTERVIAS,SP330,180.2,NORTE,-22.26301328,-47.39054413,OBJETO LANÇADO CONTRA O VEÍCULO,OBJETO LANÇADO CONTRA VEÍCULO,OBJETO NA PISTA,AUTOMÓVEL=1,ARARAS,CAMPINAS,RIO CLARO,ESTADUAL
12945,2023-12-21,17:49:00,L06-INTERVIAS,SP330,180.2,NORTE,-22.26301328,-47.39054413,CHOQUE,CHOQUE-OBJETO NA PISTA,OBJETO NA PISTA,AUTOMÓVEL=1,ARARAS,CAMPINAS,RIO CLARO,ESTADUAL
12946,2023-12-22,06:42:38,L06-INTERVIAS,SP330,190.6,NORTE,-22.16973643,-47.39906392,COLISÃO,COLISÃO-TRASEIRA,NÃO INFORMADO,AUTOMÓVEL=1|CAMINHONETE=1,LEME,CAMPINAS,RIO CLARO,ESTADUAL
12947,2023-12-22,13:35:18,L06-INTERVIAS,SP330,227.8,SUL,-21.84711053,-47.49526346,COLISÃO,COLISÃO-TRASEIRA,IMPRUD. CONDUTOR,AUTOMÓVEL=1|CAMINHONETE=1,PORTO FERREIRA,CENTRAL,RIO CLARO,ESTADUAL
12948,2023-12-22,17:13:04,L06-INTERVIAS,SP330,170.0,SUL,-22.35387049,-47.39510493,COLISÃO,COLISÃO-TRASEIRA,IMPRUD. CONDUTOR,AUTOMÓVEL=1|CAMINHONETE=1,ARARAS,CAMPINAS,RIO CLARO,ESTADUAL
12950,2023-12-23,09:34:13,L06-INTERVIAS,SP330,229.0,NORTE,-21.83621264,-47.49505688,CHOQUE,CHOQUE-ELEMENTO DE DRENAGEM,IMPRUD. CONDUTOR-DORMIR AO VOLANTE,CAMINHÃO=1,PORTO FERREIRA,CENTRAL,RIO CLARO,ESTADUAL
12951,2023-12-23,12:04:56,L06-INTERVIAS,SP330,165.858,NORTE,-22.39105347,-47.39280211,CHOQUE,CHOQUE-SINALIZAÇÃO,PANE MECÂNICA/ELÉTRICA,NÃO INFORMADO=1,ARARAS,CAMPINAS,RIO CLARO,ESTADUAL
12952,2023-12-23,14:04:06,L06-INTERVIAS,SP330,185.0,SUL,-22.21968776,-47.39248381,COLISÃO,COLISÃO-LATERAL,ESTOURO/FURO DE PNEU,AUTOMÓVEL=1|CAMINHÃO=1,LEME,CAMPINAS,RIO CLARO,ESTADUAL
12954,2023-12-25,02:04:21,L06-INTERVIAS,SP330,175.8,NORTE,-22.30246274,-47.39172469,ATROPELAMENTO DE ANIMAL,ATROP. ANIMAL,ANIMAL NA RODOVIA,AUTOMÓVEL=1,ARARAS,CAMPINAS,RIO CLARO,ESTADUAL
12955,2023-12-25,23:57:58,L06-INTERVIAS,SP330,161.9,NORTE,-22.4259455,-47.39296649,CHOQUE,CHOQUE-OBJETO NA PISTA,OBJETO NA PISTA,AUTOMÓVEL=1,ARARAS,CAMPINAS,RIO CLARO,ESTADUAL
12956,2023-12-26,01:49:10,L06-INTERVIAS,SP330,168.8,NORTE,-22.36472614,-47.39450599,CHOQUE,CHOQUE-VEÍCULO PARADO NA PISTA,VEÍCULO PARADO NA FAIXA,AUTOMÓVEL=1|NÃO INFORMADO=1,ARARAS,CAMPINAS,RIO CLARO,ESTADUAL
12957,2023-12-26,09:19:03,L06-INTERVIAS,SP330,177.8,SUL,-22.28445508,-47.39344467,CHOQUE,CHOQUE-OBJETO NA PISTA,OBJETO NA PISTA,AUTOMÓVEL=1,ARARAS,CAMPINAS,RIO CLARO,ESTADUAL
12959,2023-12-27,00:17:59,L06-INTERVIAS,SP330,190.2,SUL,-22.17331976,-47.39920598,CHOQUE,CHOQUE-SINALIZAÇÃO,IMPRUD. CONDUTOR-PERDA DE CONTROLE,CAMINHONETE=1,LEME,CAMPINAS,RIO CLARO,ESTADUAL
12963,2023-12-28,16:45:54,L06-INTERVIAS,SP330,180.0,NORTE,-22.26480897,-47.39077516,CHOQUE,CHOQUE-ELEMENTO DE DRENAGEM,IMPRUD. CONDUTOR-LEVOU FECHADA,AUTOMÓVEL=1|ÔNIBUS=1,ARARAS,CAMPINAS,RIO CLARO,ESTADUAL
12964,2023-12-28,19:33:03,L06-INTERVIAS,SP330,219.0,SUL,-21.92330233,-47.47146747,ATROPELAMENTO DE ANIMAL,ATROP. ANIMAL,ANIMAL NA RODOVIA,MOTO=1,PIRASSUNUNGA,CAMPINAS,RIO CLARO,ESTADUAL
12966,2023-12-28,21:49:24,L06-INTERVIAS,SP330,179.0,NORTE,-22.27375068,-47.39190191,CHOQUE,CHOQUE-OBJETO NÃO IDENTIFICADO,OBJETO NA PISTA,AUTOMÓVEL=1,ARARAS,CAMPINAS,RIO CLARO,ESTADUAL
12967,2023-12-29,06:16:25,L06-INTERVIAS,SP330,196.0,NORTE,-22.12280598,-47.41053335,COLISÃO,COLISÃO-TRASEIRA,IMPRUD. CONDUTOR-LEVOU FECHADA,CAMINHÃO=2,LEME,CAMPINAS,RIO CLARO,ESTADUAL
12968,2023-12-29,10:18:36,L06-INTERVIAS,SP330,211.0,NORTE,-21.99203283,-47.44773662,COLISÃO,COLISÃO-TRASEIRA,IMPRUD. CONDUTOR,AUTOMÓVEL=1|MOTO=1,PIRASSUNUNGA,CAMPINAS,RIO CLARO,ESTADUAL
12969,2023-12-30,03:15:13,L06-INTERVIAS,SP330,195.5,SUL,-22.12723276,-47.41026056,ATROPELAMENTO DE ANIMAL,ATROP. ANIMAL,ANIMAL NA RODOVIA,AUTOMÓVEL=1,LEME,CAMPINAS,RIO CLARO,ESTADUAL
12971,2023-12-31,12:55:17,L06-INTERVIAS,SP330,236.0,SUL,-21.78504355,-47.52703111,TOMBAMENTO,TOMBAMENTO,ESTOURO/FURO DE PNEU,MOTO=1,SANTA RITA DO PASSA QUATRO,CENTRAL,RIBEIRÃO PRETO,ESTADUAL
12972,2023-12-31,22:55:27,L06-INTERVIAS,SP330,171.3,NORTE,-22.34253433,-47.39236388,CHOQUE,CHOQUE-ELEMENTO DE DRENAGEM,IMPRUD. CONDUTOR-LEVOU FECHADA,AUTOMÓVEL=1,ARARAS,CAMPINAS,RIO CLARO,ESTADUAL
29686,2023-01-02,13:12:00,L28-ENTREVIAS,SP330,419.5,SUL,-20.27406813556293,-47.7977899372612,CHOQUE,CHOQUE-ELEMENTO DE DRENAGEM,IMPRUD. CONDUTOR-PERDA DE CONTROLE,AUTOMÓVEL=1,BURITIZAL,FRANCA,RIBEIRÃO PRETO,ESTADUAL
29688,2023-01-02,20:57:48,L28-ENTREVIAS,SP330,425.561,NORTE,-20.21442151307173,-47.78819552588656,CHOQUE,CHOQUE-DEFENSA METÁLICA,ANIMAL NA RODOVIA,UTILITÁRIO=1,ARAMINA,FRANCA,RIBEIRÃO PRETO,ESTADUAL
29696,2023-01-05,17:13:34,L28-ENTREVIAS,SP330,324.0,SUL,-21.06059261334133,-47.81956082430218,TOMBAMENTO,TOMBAMENTO-MOTO,IMPRUD. CONDUTOR-LEVOU FECHADA,MOTO=1,RIBEIRÃO PRETO,RIBEIRÃO PRETO,RIBEIRÃO PRETO,ESTADUAL
29705,2023-01-09,22:30:00,L28-ENTREVIAS,SP330,363.586,NORTE,-20.73866252808647,-47.89392334967946,CHOQUE,CHOQUE-TALUDE OU BARRANCO,IMPRUD. CONDUTOR-PERDA DE CONTROLE,CAMINHÃO=1,ORLÂNDIA,FRANCA,RIBEIRÃO PRETO,ESTADUAL
29709,2023-01-13,10:32:26,L28-ENTREVIAS,SP330,340.92,NORTE,-20.94087961451815,-47.88008506369994,COLISÃO,COLISÃO-TRANSVERSAL,MÁ CONSERVAÇÃO DO VEÍCULO,AUTOMÓVEL=2,JARDINÓPOLIS,RIBEIRÃO PRETO,RIBEIRÃO PRETO,ESTADUAL
29711,2023-01-14,16:22:00,L28-ENTREVIAS,SP330,367.0,NORTE,-20.70629637897071,-47.89245998033436,TOMBAMENTO,TOMBAMENTO-MOTO,ESTOURO/FURO DE PNEU,MOTO=1,ORLÂNDIA,FRANCA,RIBEIRÃO PRETO,ESTADUAL
29715,2023-01-17,20:54:00,L28-ENTREVIAS,SP330,352.817,NORTE,-20.80395514664245,-47.89164031850184,COLISÃO,COLISÃO-TRASEIRA,IMPRUD. CONDUTOR-FALTA DE ATENÇÃO,CAMINHÃO=1|ÔNIBUS=1,SALES OLIVEIRA,FRANCA,RIBEIRÃO PRETO,ESTADUAL
29719,2023-01-21,01:57:55,L28-ENTREVIAS,SP330,357.324,NORTE,-20.78836789671443,-47.89050213306056,CHOQUE,CHOQUE-OUTROS,IMPRUD. CONDUTOR-PERDA DE CONTROLE,AUTOMÓVEL=1,SALES OLIVEIRA,FRANCA,RIBEIRÃO PRETO,ESTADUAL
29722,2023-01-21,18:45:21,L28-ENTREVIAS,SPA327/330,1.186,LESTE,-21.04491652122631,-47.81353737248963,CHOQUE,CHOQUE-MEIO FIO/CALÇAMENTO,IMPRUD. CONDUTOR-PERDA DE CONTROLE,AUTOMÓVEL=1,JARDINÓPOLIS,RIBEIRÃO PRETO,RIBEIRÃO PRETO,ESTADUAL
29724,2023-01-21,19:26:01,L28-ENTREVIAS,SP330,449.0,SUL,-20.03527164776891,-47.78079747966585,COLISÃO,COLISÃO-TRASEIRA,IMPRUD. CONDUTOR-FALTA DE ATENÇÃO,MOTO=1|UTILITÁRIO=1,IGARAPAVA,FRANCA,RIBEIRÃO PRETO,ESTADUAL
29733,2023-01-24,14:49:10,L28-ENTREVIAS,SP330,417.0,SUL,-20.28120757833336,-47.79731786847458,TOMBAMENTO,TOMBAMENTO-VEÍCULOS PESADOS,IMPRUD. CONDUTOR-PERDA DE CONTROLE,CAMINHÃO=1,ITUVERAVA,FRANCA,RIBEIRÃO PRETO,ESTADUAL
29734,2023-01-26,18:06:00,L28-ENTREVIAS,SP330,318.6,NORTE,-21.11722524534491,-47.77698945868193,COLISÃO,COLISÃO-TRASEIRA,IMPRUD. CONDUTOR-FALTA DE ATENÇÃO,AUTOMÓVEL=2,RIBEIRÃO PRETO,RIBEIRÃO PRETO,RIBEIRÃO PRETO,ESTADUAL
29736,2023-01-27,13:43:12,L28-ENTREVIAS,SP330,421.6,NORTE,-20.24553370831519,-47.79806605506136,COLISÃO,COLISÃO-TRASEIRA,IMPRUD. CONDUTOR-FALTA DE ATENÇÃO,AUTOMÓVEL=1|CAMINHÃO=1,BURITIZAL,FRANCA,RIBEIRÃO PRETO,ESTADUAL
29739,2023-01-28,15:47:00,L28-ENTREVIAS,SP330,370.787,NORTE,-20.6833605062815,-47.88720661916187,CAPOTAMENTO,CAPOTAMENTO,IMPRUD. CONDUTOR-DORMIR AO VOLANTE,AUTOMÓVEL=1,ORLÂNDIA,FRANCA,RIBEIRÃO PRETO,ESTADUAL
29740,2023-01-29,06:16:45,L28-ENTREVIAS,SP330,340.1,SUL,-20.947011847237,-47.87714536261962,CHOQUE,CHOQUE-DEFENSA METÁLICA,IMPRUD. CONDUTOR-DORMIR AO VOLANTE,AUTOMÓVEL=1,JARDINÓPOLIS,RIBEIRÃO PRETO,RIBEIRÃO PRETO,ESTADUAL
29742,2023-01-29,18:21:59,L28-ENTREVIAS,SP330,325.27,NORTE,-21.07044899820049,-47.81152257960657,ENGAVETAMENTO,ENGAVETAMENTO,OBJETO NA PISTA,AUTOMÓVEL=2|UTILITÁRIO=1,JARDINÓPOLIS,RIBEIRÃO PRETO,RIBEIRÃO PRETO,ESTADUAL
29745,2023-01-30,14:07:48,L28-ENTREVIAS,SP330,361.5,NORTE,-20.75527786110506,-47.89263588935231,COLISÃO,COLISÃO-TRASEIRA,IMPRUD. CONDUTOR-EXCESSO DE VELOCIDADE,AUTOMÓVEL=1|CAMINHÃO=1,ORLÂNDIA,FRANCA,RIBEIRÃO PRETO,ESTADUAL
29749,2023-02-01,05:09:00,L28-ENTREVIAS,SP330,427.12,NORTE,-20.16962567983632,-47.7876805417557,TOMBAMENTO,TOMBAMENTO-VEÍCULOS PESADOS,IMPRUD. CONDUTOR-DORMIR AO VOLANTE,CAMINHÃO=1,ARAMINA,FRANCA,RIBEIRÃO PRETO,ESTADUAL
29751,2023-02-02,05:28:00,L28-ENTREVIAS,SP330,366.0,NORTE,-20.72275430793934,-47.89333394892145,COLISÃO,COLISÃO-TRASEIRA,IMPRUD. CONDUTOR-BAIXA VELOCIDADE,CAMINHÃO=2,ORLÂNDIA,FRANCA,RIBEIRÃO PRETO,ESTADUAL
29753,2023-02-03,09:32:00,L28-ENTREVIAS,SP330,428.15,NORTE,-20.18565772897572,-47.78604975867464,CHOQUE,CHOQUE-ELEMENTO DE DRENAGEM,ESTOURO/FURO DE PNEU,CAMINHÃO=1,ARAMINA,FRANCA,RIBEIRÃO PRETO,ESTADUAL
29756,2023-02-03,18:35:07,L28-ENTREVIAS,SP330,324.819,SUL,-21.07044899820049,-47.81152257960657,TOMBAMENTO,TOMBAMENTO-MOTO,ESTOURO/FURO DE PNEU,MOTO=1,RIBEIRÃO PRETO,RIBEIRÃO PRETO,RIBEIRÃO PRETO,ESTADUAL
29757,2023-02-03,21:52:00,L28-ENTREVIAS,SP330,443.5,NORTE,-20.04740695384831,-47.78169870189485,COLISÃO,COLISÃO-TRANSVERSAL,IMPRUD. CONDUTOR-FALTA DE ATENÇÃO,AUTOMÓVEL=1|CAMINHÃO=1,IGARAPAVA,FRANCA,RIBEIRÃO PRETO,ESTADUAL
29772,2023-02-07,02:30:19,L28-ENTREVIAS,SP330,326.67,NORTE,-21.06059261334133,-47.81956082430218,ATROPELAMENTO DE ANIMAL,ATROP. ANIMAL-SILVESTRE GRANDE PORTE,ANIMAL NA RODOVIA,MOTO=1,JARDINÓPOLIS,RIBEIRÃO PRETO,RIBEIRÃO PRETO,ESTADUAL
29776,2023-02-08,14:49:00,L28-ENTREVIAS,SP330,325.0,SUL,-21.07044899820049,-47.81152257960657,CHOQUE,CHOQUE-DEFENSA METÁLICA,PANE MECÂNICA,AUTOMÓVEL=1,RIBEIRÃO PRETO,RIBEIRÃO PRETO,RIBEIRÃO PRETO,ESTADUAL
29785,2023-02-10,02:16:00,L28-ENTREVIAS,SP330,325.757,NORTE,-21.06397259029118,-47.8168615453245,CHOQUE,CHOQUE-ELEMENTO DE DRENAGEM,IMPRUD. CONDUTOR-DORMIR AO VOLANTE,CAMINHÃO=1,JARDINÓPOLIS,RIBEIRÃO PRETO,RIBEIRÃO PRETO,ESTADUAL
29787,2023-02-10,20:52:52,L28-ENTREVIAS,SP330,326.196,NORTE,-21.11545071083561,-47.82509919771466,COLISÃO,COLISÃO-TRASEIRA,IMPRUD. CONDUTOR-DIST. INADEQUADA ENTRE VEÍC.,AUTOMÓVEL=2|MOTO=1|NÃO INFORMADO=1,JARDINÓPOLIS,RIBEIRÃO PRETO,RIBEIRÃO PRETO,ESTADUAL
29792,2023-02-12,11:25:52,L28-ENTREVIAS,SP330,403.75,NORTE,-20.39518577127289,-47.81890821964247,COLISÃO,COLISÃO-LATERAL,IMPRUD. CONDUTOR-FALTA DE ATENÇÃO,AUTOMÓVEL=1|MOTO=1,ITUVERAVA,FRANCA,RIBEIRÃO PRETO,ESTADUAL
29797,2023-02-15,04:28:00,L28-ENTREVIAS,SP330,421.0,SUL,-20.25945916048818,-47.80011701831472,TOMBAMENTO,TOMBAMENTO-VEÍCULOS PESADOS,PANE MECÂNICA/ELÉTRICA,CAMINHÃO=1,BURITIZAL,FRANCA,RIBEIRÃO PRETO,ESTADUAL
29800,2023-02-16,07:34:53,L28-ENTREVIAS,SP330,325.0,NORTE,-21.07044899820049,-47.81152257960657,CHOQUE,CHOQUE-VEÍCULO PARADO NA PISTA,OFUSCAMENTO (NATURAL OU OUTRO VEÍCULO),MOTO=1|UTILITÁRIO=1,RIBEIRÃO PRETO,RIBEIRÃO PRETO,RIBEIRÃO PRETO,ESTADUAL
29801,2023-02-16,21:00:13,L28-ENTREVIAS,SP330,380.82,SUL,-20.63751237264575,-47.88146577815338,CHOQUE,CHOQUE-DEFENSA METÁLICA,IMPRUD. CONDUTOR-PERDA DE CONTROLE,AUTOMÓVEL=1,SÃO JOAQUIM DA BARRA,FRANCA,RIBEIRÃO PRETO,ESTADUAL
29805,2023-02-17,13:21:59,L28-ENTREVIAS,SP330,326.0,SUL,-21.06397259029118,-47.8168615453245,CHOQUE,CHOQUE-DEFENSA METÁLICA,IMPRUD. CONDUTOR-PERDA DE CONTROLE,UTILITÁRIO=1,JARDINÓPOLIS,RIBEIRÃO PRETO,RIBEIRÃO PRETO,ESTADUAL
29816,2023-02-20,13:39:00,L28-ENTREVIAS,SP330,411.0,SUL,-20.34588792174577,-47.8107924016818,CHOQUE,CHOQUE-ELEMENTO DE DRENAGEM,IMPRUD. CONDUTOR-PERDA DE CONTROLE,CAMINHÃO=1,ITUVERAVA,FRANCA,RIBEIRÃO PRETO,ESTADUAL
29817,2023-02-20,20:11:00,L28-ENTREVIAS,SP330,430.53,NORTE,-20.16189103664962,-47.78845301795199,CHOQUE,CHOQUE-ELEMENTO DE DRENAGEM,IMPRUD. CONDUTOR-PERDA DE CONTROLE,AUTOMÓVEL=1,ARAMINA,FRANCA,RIBEIRÃO PRETO,ESTADUAL
29821,2023-02-22,23:16:31,L28-ENTREVIAS,SP330,416.5,SUL,-20.29537658784497,-47.79881990552292,CHOQUE,CHOQUE-DEFENSA METÁLICA,OFUSCAMENTO (NATURAL OU OUTRO VEÍCULO),UTILITÁRIO=1,ITUVERAVA,FRANCA,RIBEIRÃO PRETO,ESTADUAL
29832,2023-03-01,07:31:54,L28-ENTREVIAS,SPA327/330,5.1,LESTE,-21.0339873232326,-47.7906403605496,COLISÃO,COLISÃO-TRASEIRA,TRÁFEGO-LENTIDÃO,AUTOMÓVEL=1|MOTO=1,JARDINÓPOLIS,RIBEIRÃO PRETO,RIBEIRÃO PRETO,ESTADUAL
29835,2023-03-01,22:41:00,L28-ENTREVIAS,SP330,388.5,NORTE,-20.51662415254137,-47.83706353940512,COLISÃO,COLISÃO-TRASEIRA,IMPRUD. CONDUTOR-FALTA DE ATENÇÃO,CAMINHÃO=1|MOTO=1,SÃO JOAQUIM DA BARRA,FRANCA,RIBEIRÃO PRETO,ESTADUAL
29836,2023-03-02,07:26:00,L28-ENTREVIAS,SP330,420.0,SUL,-20.25945916048818,-47.80011701831472,CHOQUE,CHOQUE-TALUDE OU BARRANCO,IMPRUD. CONDUTOR-DORMIR AO VOLANTE,MOTO=1,BURITIZAL,FRANCA,RIBEIRÃO PRETO,ESTADUAL
29838,2023-03-02,21:46:32,L28-ENTREVIAS,SP330,327.13,SUL,-21.05692811779175,-47.82189971056317,CHOQUE,CHOQUE-SINALIZAÇÃO,IMPRUD. CONDUTOR-DORMIR AO VOLANTE,UTILITÁRIO=1,JARDINÓPOLIS,RIBEIRÃO PRETO,RIBEIRÃO PRETO,ESTADUAL
29847,2023-03-04,03:37:00,L28-ENTREVIAS,SP330,359.76,NORTE,-20.78836789671443,-47.89050213306056,TOMBAMENTO,TOMBAMENTO-VEÍCULOS PESADOS,IMPRUD. CONDUTOR-DORMIR AO VOLANTE,CAMINHÃO=1,ORLÂNDIA,FRANCA,RIBEIRÃO PRETO,ESTADUAL
29850,2023-03-06,16:17:00,L28-ENTREVIAS,SP330,388.109,SUL,-20.53471004514387,-47.84835027493978,CHOQUE,CHOQUE-EQUIPAMENTO,IMPRUD. CONDUTOR-DORMIR AO VOLANTE,UTILITÁRIO=1,SÃO JOAQUIM DA BARRA,FRANCA,RIBEIRÃO PRETO,ESTADUAL
29865,2023-03-09,14:36:25,L28-ENTREVIAS,SP330,442.19,SUL,-20.05736446129254,-47.78809308818636,COLISÃO,COLISÃO-TRASEIRA,IMPRUD. CONDUTOR-FALTA DE ATENÇÃO,CAMINHÃO=1|MOTO=1,IGARAPAVA,FRANCA,RIBEIRÃO PRETO,ESTADUAL
29871,2023-03-11,02:52:48,L28-ENTREVIAS,SP330,382.2,NORTE,-20.55283398330108,-47.86136876572749,COLISÃO,COLISÃO-TRASEIRA,IMPRUD. CONDUTOR-FALTA DE ATENÇÃO,MOTO=1|NÃO INFORMADO=1,SÃO JOAQUIM DA BARRA,FRANCA,RIBEIRÃO PRETO,ESTADUAL
29879,2023-03-12,13:15:35,L28-ENTREVIAS,SP330,324.0,NORTE,-21.08032000583904,-47.80358324092249,COLISÃO,COLISÃO-TRANSVERSAL,IMPRUD. CONDUTOR-PERDA DE CONTROLE,CAMINHÃO=2,RIBEIRÃO PRETO,RIBEIRÃO PRETO,RIBEIRÃO PRETO,ESTADUAL
29887,2023-03-20,14:51:29,L28-ENTREVIAS,SP330,396.5,SUL,-20.46685811131111,-47.83873664795518,CAPOTAMENTO,CAPOTAMENTO,IMPRUD. CONDUTOR-PERDA DE CONTROLE,AUTOMÓVEL=1,GUARÁ,FRANCA,RIBEIRÃO PRETO,ESTADUAL
29889,2023-03-21,17:21:01,L28-ENTREVIAS,SP330,401.8,SUL,-20.41876564401334,-47.82894934436844,CHOQUE,CHOQUE-SINALIZAÇÃO,IMPRUD. CONDUTOR-PERDA DE CONTROLE,AUTOMÓVEL=1,GUARÁ,FRANCA,RIBEIRÃO PRETO,ESTADUAL
29891,2023-03-22,06:43:00,L28-ENTREVIAS,SP330,364.6,SUL,-20.73866252808647,-47.89392334967946,CHOQUE,CHOQUE-SINALIZAÇÃO,IMPRUD. CONDUTOR-FALTA DE ATENÇÃO,AUTOMÓVEL=1,ORLÂNDIA,FRANCA,RIBEIRÃO PRETO,ESTADUAL
29894,2023-03-22,20:30:28,L28-ENTREVIAS,SP330,433.157,NORTE,-20.13832218248848,-47.79012671637728,COLISÃO,COLISÃO-TRASEIRA,IMPRUD. CONDUTOR-DORMIR AO VOLANTE,CAMINHÃO=1|UTILITÁRIO=1,ARAMINA,FRANCA,RIBEIRÃO PRETO,ESTADUAL
29896,2023-03-24,06:46:00,L28-ENTREVIAS,SP330,389.0,SUL,-20.52277359583428,-47.83968137540365,TOMBAMENTO,TOMBAMENTO-VEÍCULOS PESADOS,IMPRUD. CONDUTOR-PERDA DE CONTROLE,CAMINHÃO=1,SÃO JOAQUIM DA BARRA,FRANCA,RIBEIRÃO PRETO,ESTADUAL
29897,2023-03-24,13:00:55,L28-ENTREVIAS,SP330,430.8,SUL,-20.15455888549459,-47.78909674811556,TOMBAMENTO,TOMBAMENTO-MOTO,IMPRUD. CONDUTOR-PERDA DE CONTROLE,MOTO=1,ARAMINA,FRANCA,RIBEIRÃO PRETO,ESTADUAL
29926,2023-03-31,19:35:00,L28-ENTREVIAS,SP330,400.0,SUL,-20.42941230485705,-47.83338466910247,COLISÃO,COLISÃO-LATERAL,IMPRUD. CONDUTOR-PERDA DE CONTROLE,AUTOMÓVEL=1|CAMINHÃO=1|UTILITÁRIO=1,GUARÁ,FRANCA,RIBEIRÃO PRETO,ESTADUAL
29936,2023-04-04,10:23:00,L28-ENTREVIAS,SP330,411.2,SUL,-20.3325420670367,-47.80490356519557,COLISÃO,COLISÃO-TRASEIRA,IMPRUD. CONDUTOR-DORMIR AO VOLANTE,AUTOMÓVEL=1|CAMINHÃO=1,ITUVERAVA,FRANCA,RIBEIRÃO PRETO,ESTADUAL
29939,2023-04-05,22:12:58,L28-ENTREVIAS,SP330,334.0,NORTE,-20.99990821505369,-47.85062448352608,COLISÃO,COLISÃO-TRASEIRA,IMPRUD. CONDUTOR-FALTA DE ATENÇÃO,CAMINHÃO=2,JARDINÓPOLIS,RIBEIRÃO PRETO,RIBEIRÃO PRETO,ESTADUAL
29940,2023-04-05,19:20:02,L28-ENTREVIAS,SPA327/330,4.745,LESTE,-21.0339873232326,-47.7906403605496,ATROPELAMENTO DE PEDESTRE,ATROP. PEDESTRE-MORADOR,IMPRUD. PEDESTRE-USUÁRIO,MOTO=1|NÃO SE APLICA=1,JARDINÓPOLIS,RIBEIRÃO PRETO,RIBEIRÃO PRETO,ESTADUAL
29945,2023-04-07,07:54:00,L28-ENTREVIAS,SP330,417.785,SUL,-20.28120757833336,-47.79731786847458,COLISÃO,COLISÃO-LATERAL,IMPRUD. CONDUTOR-FREADA BRUSCA,CAMINHÃO=1|MOTO=1,ITUVERAVA,FRANCA,RIBEIRÃO PRETO,ESTADUAL
29949,2023-04-07,21:44:00,L28-ENTREVIAS,SP330,361.843,SUL,-20.80395514664245,-47.89164031850184,TOMBAMENTO,TOMBAMENTO-MOTO,IMPRUD. CONDUTOR-PERDA DE CONTROLE,MOTO=1,ORLÂNDIA,FRANCA,RIBEIRÃO PRETO,ESTADUAL
29951,2023-04-08,22:59:00,L28-ENTREVIAS,SP330,365.437,NORTE,-20.73065906261817,-47.89387163570494,COLISÃO,COLISÃO-TRASEIRA,IMPRUD. CONDUTOR-EXCESSO DE VELOCIDADE,AUTOMÓVEL=1|CAMINHÃO=1,ORLÂNDIA,FRANCA,RIBEIRÃO PRETO,ESTADUAL
29954,2023-04-09,19:14:02,L28-ENTREVIAS,SPA327/330,2.29,OESTE,-21.03536924176389,-47.79364443464628,COLISÃO,COLISÃO-TRANSVERSAL,IMPRUD. CONDUTOR-EMBRIAGUEZ,AUTOMÓVEL=1|UTILITÁRIO=1,JARDINÓPOLIS,RIBEIRÃO PRETO,RIBEIRÃO PRETO,ESTADUAL
29961,2023-04-12,10:32:00,L28-ENTREVIAS,SP330,414.8,SUL,-20.31746807175645,-47.80246770978317,CHOQUE,CHOQUE-DEFENSA METÁLICA,PANE MECÂNICA/ELÉTRICA,AUTOMÓVEL=1,ITUVERAVA,FRANCA,RIBEIRÃO PRETO,ESTADUAL
29965,2023-04-14,11:20:07,L28-ENTREVIAS,SP330,323.0,NORTE,-21.08715041068619,-47.79862311629399,COLISÃO,COLISÃO-TRASEIRA,IMPRUD. CONDUTOR-FALTA DE ATENÇÃO,AUTOMÓVEL=1|UTILITÁRIO=1,RIBEIRÃO PRETO,RIBEIRÃO PRETO,RIBEIRÃO PRETO,ESTADUAL
29966,2023-04-15,15:20:41,L28-ENTREVIAS,SP330,365.47,NORTE,-20.72275430793934,-47.89333394892145,CHOQUE,CHOQUE-TALUDE OU BARRANCO,IMPRUD. CONDUTOR-PERDA DE CONTROLE,UTILITÁRIO=1,ORLÂNDIA,FRANCA,RIBEIRÃO PRETO,ESTADUAL
29970,2023-04-16,11:12:56,L28-ENTREVIAS,SP330,322.0,SUL,-21.09421756485558,-47.79355910567387,CHOQUE,CHOQUE-DEFENSA METÁLICA,IMPRUD. CONDUTOR-PERDA DE CONTROLE,UTILITÁRIO=1,RIBEIRÃO PRETO,RIBEIRÃO PRETO,RIBEIRÃO PRETO,ESTADUAL
29976,2023-04-20,13:41:00,L28-ENTREVIAS,SP330,354.67,NORTE,-20.82804341675989,-47.89367373144155,CHOQUE,CHOQUE-DEFENSA METÁLICA,IMPRUD. CONDUTOR-PERDA DE CONTROLE,CAMINHÃO=1|NÃO INFORMADO=1,SALES OLIVEIRA,FRANCA,RIBEIRÃO PRETO,ESTADUAL
29984,2023-04-22,03:29:00,L28-ENTREVIAS,SP330,354.668,SUL,-20.84474954370549,-47.89504702245717,CHOQUE,CHOQUE-DEFENSA METÁLICA,IMPRUD. CONDUTOR-PERDA DE CONTROLE,AUTOMÓVEL=1,SALES OLIVEIRA,FRANCA,RIBEIRÃO PRETO,ESTADUAL
29985,2023-04-22,05:39:00,L28-ENTREVIAS,SP330,365.0,NORTE,-20.65989309798785,-47.88150869349762,CHOQUE,CHOQUE-DEFENSA METÁLICA,IMPRUD. CONDUTOR-PERDA DE CONTROLE,UTILITÁRIO=1,ORLÂNDIA,FRANCA,RIBEIRÃO PRETO,ESTADUAL
29987,2023-04-23,09:22:34,L28-ENTREVIAS,SP330,371.7,NORTE,-20.67569179504599,-47.88522578763738,CHOQUE,CHOQUE-SINALIZAÇÃO,IMPRUD. CONDUTOR-FALTA DE ATENÇÃO,AUTOMÓVEL=1,ORLÂNDIA,FRANCA,RIBEIRÃO PRETO,ESTADUAL
29988,2023-04-23,06:44:00,L28-ENTREVIAS,SP330,334.397,SUL,-21.0074001726547,-47.84686939090523,CHOQUE,CHOQUE-TALUDE OU BARRANCO,IMPRUD. CONDUTOR-PERDA DE CONTROLE,AUTOMÓVEL=1,JARDINÓPOLIS,RIBEIRÃO PRETO,RIBEIRÃO PRETO,ESTADUAL
29993,2023-04-24,15:58:12,L28-ENTREVIAS,SP330,375.92,SUL,-20.64506253274801,-47.88060747126861,TOMBAMENTO,TOMBAMENTO-MOTO,IMPRUD. CONDUTOR-LEVOU FECHADA,CAMINHÃO=1|MOTO=1,SÃO JOAQUIM DA BARRA,FRANCA,RIBEIRÃO PRETO,ESTADUAL
29994,2023-04-14,08:43:20,L28-ENTREVIAS,SP330,324.819,NORTE,-21.08032000583904,-47.80358324092249,CHOQUE,CHOQUE-BARREIRA DE CONCRETO,ESTOURO/FURO DE PNEU,CAMINHÃO=1,RIBEIRÃO PRETO,RIBEIRÃO PRETO,RIBEIRÃO PRETO,ESTADUAL
29997,2023-04-26,19:20:30,L28-ENTREVIAS,SP330,439.0,SUL,-20.08388339540906,-47.78902242061513,CHOQUE,CHOQUE-DEFENSA METÁLICA,IMPRUD. CONDUTOR-PERDA DE CONTROLE,AUTOMÓVEL=1,ARAMINA,FRANCA,RIBEIRÃO PRETO,ESTADUAL
30001,2023-04-27,23:35:00,L28-ENTREVIAS,SP330,420.994,SUL,-20.25945916048818,-47.80011701831472,COLISÃO,COLISÃO-TRASEIRA,IMPRUD. CONDUTOR-DORMIR AO VOLANTE,CAMINHÃO=2,BURITIZAL,FRANCA,RIBEIRÃO PRETO,ESTADUAL
30016,2023-05-01,20:10:25,L28-ENTREVIAS,SP330,376.855,SUL,-20.59296528302358,-47.88180188611939,COLISÃO,COLISÃO-TRASEIRA,IMPRUD. CONDUTOR-FALTA DE ATENÇÃO,CAMINHÃO=2,SÃO JOAQUIM DA BARRA,FRANCA,RIBEIRÃO PRETO,ESTADUAL
30024,2023-05-05,14:04:50,L28-ENTREVIAS,SP330,332.756,NORTE,-21.02628120971536,-47.83738509982857,CAPOTAMENTO,CAPOTAMENTO,ESTOURO/FURO DE PNEU,UTILITÁRIO=1,JARDINÓPOLIS,RIBEIRÃO PRETO,RIBEIRÃO PRETO,ESTADUAL
30026,2023-05-05,19:28:00,L28-ENTREVIAS,SP330,396.847,NORTE,-20.42941230485705,-47.83338466910247,COLISÃO,COLISÃO-FRONTAL,IMPRUD. CONDUTOR-TRAFEGAR NA CONTRAMÃO,AUTOMÓVEL=1|BICICLETA=1,GUARÁ,FRANCA,RIBEIRÃO PRETO,ESTADUAL
30030,2023-05-07,03:38:00,L28-ENTREVIAS,SP330,422.5,SUL,-20.21442151307173,-47.78819552588656,CHOQUE,CHOQUE-ELEMENTO DE DRENAGEM,IMPRUD. CONDUTOR-EMBRIAGUEZ,AUTOMÓVEL=1,BURITIZAL,FRANCA,RIBEIRÃO PRETO,ESTADUAL
30032,2023-05-06,22:30:00,L28-ENTREVIAS,SP330,422.411,SUL,-20.06294444739724,-47.78905527870776,COLISÃO,COLISÃO-TRASEIRA,IMPRUD. CONDUTOR-DORMIR AO VOLANTE,CAMINHÃO=2,BURITIZAL,FRANCA,RIBEIRÃO PRETO,ESTADUAL
30033,2023-05-07,17:20:23,L28-ENTREVIAS,SP330,329.0,NORTE,-21.04165417436274,-47.82962104927541,CHOQUE,CHOQUE-OAE (PILARES/TABULEIRO),IMPRUD. CONDUTOR-PERDA DE CONTROLE,AUTOMÓVEL=1,JARDINÓPOLIS,RIBEIRÃO PRETO,RIBEIRÃO PRETO,ESTADUAL
30037,2023-05-09,01:40:56,L28-ENTREVIAS,SPA327/330,4.4,LESTE,-21.0339873232326,-47.7906403605496,CHOQUE,CHOQUE-SINALIZAÇÃO,IMPRUD. CONDUTOR-DORMIR AO VOLANTE,AUTOMÓVEL=1,JARDINÓPOLIS,RIBEIRÃO PRETO,RIBEIRÃO PRETO,ESTADUAL
30042,2023-05-09,19:19:00,L28-ENTREVIAS,SP330,326.67,NORTE,-21.06397259029118,-47.8168615453245,COLISÃO,COLISÃO-TRASEIRA,IMPRUD. CONDUTOR-FALTA DE ATENÇÃO,AUTOMÓVEL=1|CAMINHÃO=1,JARDINÓPOLIS,RIBEIRÃO PRETO,RIBEIRÃO PRETO,ESTADUAL
30048,2023-05-12,09:22:02,L28-ENTREVIAS,SP330,401.485,NORTE,-20.42242551836013,-47.83046642569426,COLISÃO,COLISÃO-TRASEIRA,IMPRUD. CONDUTOR-FALTA DE ATENÇÃO,AUTOMÓVEL=1|CAMINHÃO=1,GUARÁ,FRANCA,RIBEIRÃO PRETO,ESTADUAL
30050,2023-05-12,15:50:06,L28-ENTREVIAS,SP330,319.58,NORTE,-21.11722524534491,-47.77698945868193,COLISÃO,COLISÃO-LATERAL,IMPRUD. CONDUTOR-FALTA DE ATENÇÃO,MOTO=1|UTILITÁRIO=1,RIBEIRÃO PRETO,RIBEIRÃO PRETO,RIBEIRÃO PRETO,ESTADUAL
30053,2023-05-12,20:39:09,L28-ENTREVIAS,SP330,326.67,NORTE,-21.06059261334133,-47.81956082430218,CHOQUE,CHOQUE-DEFENSA METÁLICA,IMPRUD. CONDUTOR-PERDA DE CONTROLE,AUTOMÓVEL=1,JARDINÓPOLIS,RIBEIRÃO PRETO,RIBEIRÃO PRETO,ESTADUAL
30054,2023-05-12,18:46:38,L28-ENTREVIAS,SP330,320.209,SUL,-21.11722524534491,-47.77698945868193,TOMBAMENTO,TOMBAMENTO-MOTO,IMPRUD. CONDUTOR-PERDA DE CONTROLE,CAMINHÃO=1|MOTO=1,RIBEIRÃO PRETO,RIBEIRÃO PRETO,RIBEIRÃO PRETO,ESTADUAL
30060,2023-05-13,22:18:48,L28-ENTREVIAS,SP330,379.234,NORTE,-20.59296528302358,-47.88180188611939,CAPOTAMENTO,CAPOTAMENTO,IMPRUD. CONDUTOR-EMBRIAGUEZ,AUTOMÓVEL=1,SÃO JOAQUIM DA BARRA,FRANCA,RIBEIRÃO PRETO,ESTADUAL
30062,2023-05-14,10:52:00,L28-ENTREVIAS,SP330,405.0,NORTE,-20.38793813174138,-47.81581088654339,CHOQUE,CHOQUE-EQUIPAMENTO,IMPRUD. CONDUTOR-FALTA DE ATENÇÃO,CAMINHÃO=1,ITUVERAVA,FRANCA,RIBEIRÃO PRETO,ESTADUAL
30066,2023-05-15,00:13:00,L28-ENTREVIAS,SP330,376.5,SUL,-20.62996703455516,-47.8822811696939,CHOQUE,CHOQUE-TALUDE OU BARRANCO,IMPRUD. CONDUTOR-PERDA DE CONTROLE,AUTOMÓVEL=1,SÃO JOAQUIM DA BARRA,FRANCA,RIBEIRÃO PRETO,ESTADUAL
30067,2023-05-15,08:03:07,L28-ENTREVIAS,SP330,321.1,NORTE,-21.10114425085008,-47.78851655272587,COLISÃO,COLISÃO-LATERAL,IMPRUD. CONDUTOR-FALTA DE ATENÇÃO,AUTOMÓVEL=1|NÃO INFORMADO=1,RIBEIRÃO PRETO,RIBEIRÃO PRETO,RIBEIRÃO PRETO,ESTADUAL
30068,2023-05-15,09:32:00,L28-ENTREVIAS,SP330,332.6,NORTE,-21.08715041068619,-47.79862311629399,COLISÃO,COLISÃO-TRASEIRA,IMPRUD. CONDUTOR-FALTA DE ATENÇÃO,AUTOMÓVEL=1|NÃO INFORMADO=1,JARDINÓPOLIS,RIBEIRÃO PRETO,RIBEIRÃO PRETO,ESTADUAL
30071,2023-05-16,05:47:00,L28-ENTREVIAS,SP330,366.379,NORTE,-20.72275430793934,-47.89333394892145,COLISÃO,COLISÃO-TRASEIRA,IMPRUD. CONDUTOR-PERDA DE CONTROLE,CAMINHÃO=2,ORLÂNDIA,FRANCA,RIBEIRÃO PRETO,ESTADUAL
30073,2023-05-16,08:15:59,L28-ENTREVIAS,SP330,433.157,NORTE,-20.13832218248848,-47.79012671637728,CHOQUE,CHOQUE-DEFENSA METÁLICA,IMPRUD. CONDUTOR-PERDA DE CONTROLE,AUTOMÓVEL=1,ARAMINA,FRANCA,RIBEIRÃO PRETO,ESTADUAL
30079,2023-05-19,14:44:00,L28-ENTREVIAS,SP330,377.0,NORTE,-20.6217333119193,-47.88313947657867,CHOQUE,CHOQUE-DEFENSA METÁLICA,IMPRUD. CONDUTOR-PERDA DE CONTROLE,ÔNIBUS=1,SÃO JOAQUIM DA BARRA,FRANCA,RIBEIRÃO PRETO,ESTADUAL
30082,2023-05-20,15:54:04,L28-ENTREVIAS,SP330,330.4,SUL,-21.04165417436274,-47.82962104927541,CHOQUE,CHOQUE-DEFENSA METÁLICA,IMPRUD. CONDUTOR-PERDA DE CONTROLE,UTILITÁRIO=1,JARDINÓPOLIS,RIBEIRÃO PRETO,RIBEIRÃO PRETO,ESTADUAL
30086,2023-05-22,16:51:00,L28-ENTREVIAS,SP330,448.0,SUL,-20.00581663217236,-47.7851539576075,COLISÃO,COLISÃO-TRASEIRA,IMPRUD. CONDUTOR-FALTA DE ATENÇÃO,UTILITÁRIO=2,IGARAPAVA,FRANCA,RIBEIRÃO PRETO,ESTADUAL
30091,2023-05-25,00:08:02,L28-ENTREVIAS,SP330,321.11,SUL,-21.10114425085008,-47.78851655272587,CHOQUE,CHOQUE-SINALIZAÇÃO,MAL SÚBITO DO CONDUTOR,CAMINHÃO=1,RIBEIRÃO PRETO,RIBEIRÃO PRETO,RIBEIRÃO PRETO,ESTADUAL
30092,2023-05-25,17:21:26,L28-ENTREVIAS,SP330,320.0,NORTE,-21.10801728324018,-47.78364133703886,COLISÃO,COLISÃO-TRASEIRA,IMPRUD. CONDUTOR-FALTA DE ATENÇÃO,MOTO=1|UTILITÁRIO=1,RIBEIRÃO PRETO,RIBEIRÃO PRETO,RIBEIRÃO PRETO,ESTADUAL
30094,2023-05-27,00:47:00,L28-ENTREVIAS,SP330,418.65,NORTE,-20.28120757833336,-47.79731786847458,COLISÃO,COLISÃO-TRASEIRA,IMPRUD. CONDUTOR-DORMIR AO VOLANTE,CAMINHÃO=1|NÃO INFORMADO=1,ITUVERAVA,FRANCA,RIBEIRÃO PRETO,ESTADUAL
30095,2023-05-27,19:22:16,L28-ENTREVIAS,SP330,320.65,NORTE,-21.1044473254755,-47.78613475112065,COLISÃO,COLISÃO-LATERAL,IMPRUD. CONDUTOR-FALTA DE ATENÇÃO,MOTO=1|NÃO INFORMADO=1,RIBEIRÃO PRETO,RIBEIRÃO PRETO,RIBEIRÃO PRETO,ESTADUAL
30097,2023-05-28,02:03:00,L28-ENTREVIAS,SP330,449.0,SUL,-19.99892077922489,-47.78618392586922,CHOQUE,CHOQUE-ELEMENTO DE DRENAGEM,IMPRUD. CONDUTOR-PERDA DE CONTROLE,AUTOMÓVEL=1,IGARAPAVA,FRANCA,RIBEIRÃO PRETO,ESTADUAL
30099,2023-05-29,10:48:56,L28-ENTREVIAS,SP330,444.95,NORTE,-20.04740695384831,-47.78169870189485,COLISÃO,COLISÃO-TRASEIRA,IMPRUD. CONDUTOR-LEVOU FECHADA,CAMINHÃO=1,IGARAPAVA,FRANCA,RIBEIRÃO PRETO,ESTADUAL
30102,2023-05-30,06:48:11,L28-ENTREVIAS,SP330,327.0,SUL,-21.05692811779175,-47.82189971056317,CAPOTAMENTO,CAPOTAMENTO,MAL SÚBITO DO CONDUTOR,AUTOMÓVEL=1,JARDINÓPOLIS,RIBEIRÃO PRETO,RIBEIRÃO PRETO,ESTADUAL
30107,2023-06-01,08:37:19,L28-ENTREVIAS,SP330,410.0,NORTE,-20.3325420670367,-47.80490356519557,CHOQUE,CHOQUE-TALUDE OU BARRANCO,IMPRUD. CONDUTOR-DORMIR AO VOLANTE,AUTOMÓVEL=1,ITUVERAVA,FRANCA,RIBEIRÃO PRETO,ESTADUAL
30109,2023-06-01,14:20:00,L28-ENTREVIAS,SP330,429.0,NORTE,-20.17772247351204,-47.78690806555941,CHOQUE,CHOQUE-DEFENSA METÁLICA,IMPRUD. CONDUTOR-PERDA DE CONTROLE,UTILITÁRIO=1,ARAMINA,FRANCA,RIBEIRÃO PRETO,ESTADUAL
30117,2023-06-04,16:09:35,L28-ENTREVIAS,SPA327/330,3.67,OESTE,-21.03675114747727,-47.79666996641507,CHOQUE,CHOQUE-DEFENSA METÁLICA,IMPRUD. CONDUTOR-PERDA DE CONTROLE,AUTOMÓVEL=1,JARDINÓPOLIS,RIBEIRÃO PRETO,RIBEIRÃO PRETO,ESTADUAL
30124,2023-06-07,07:44:42,L28-ENTREVIAS,SP330,319.0,SUL,-21.11722524534491,-47.77698945868193,COLISÃO,COLISÃO-TRASEIRA,IMPRUD. CONDUTOR-BAIXA VELOCIDADE,AUTOMÓVEL=1|UTILITÁRIO=1,RIBEIRÃO PRETO,RIBEIRÃO PRETO,RIBEIRÃO PRETO,ESTADUAL
30130,2023-06-08,04:12:00,L28-ENTREVIAS,SP330,449.5,NORTE,-19.99892077922489,-47.78618392586922,CHOQUE,CHOQUE-TALUDE OU BARRANCO,IMPRUD. CONDUTOR-LEVOU FECHADA,UTILITÁRIO=1,IGARAPAVA,FRANCA,RIBEIRÃO PRETO,ESTADUAL
30137,2023-06-09,18:34:00,L28-ENTREVIAS,SP330,320.209,NORTE,-21.10801728324018,-47.78364133703886,COLISÃO,COLISÃO-TRASEIRA,IMPRUD. CONDUTOR-FALTA DE ATENÇÃO,CAMINHÃO=1|MOTO=1,RIBEIRÃO PRETO,RIBEIRÃO PRETO,RIBEIRÃO PRETO,ESTADUAL
30141,2023-06-11,19:59:00,L28-ENTREVIAS,SP330,425.561,NORTE,-20.21442151307173,-47.78819552588656,COLISÃO,COLISÃO-TRASEIRA,IMPRUD. CONDUTOR-DORMIR AO VOLANTE,AUTOMÓVEL=3|CAMINHÃO=1,ARAMINA,FRANCA,RIBEIRÃO PRETO,ESTADUAL
30144,2023-06-12,15:41:35,L28-ENTREVIAS,SP330,426.4,NORTE,-20.19887573704645,-47.78574935126498,CHOQUE,CHOQUE-POSTE,IMPRUD. CONDUTOR-LEVOU FECHADA,AUTOMÓVEL=1|CAMINHÃO=1,ARAMINA,FRANCA,RIBEIRÃO PRETO,ESTADUAL
30145,2023-06-12,10:13:00,L28-ENTREVIAS,SP330,340.917,NORTE,-20.947011847237,-47.87714536261962,COLISÃO,COLISÃO-TRASEIRA,IMPRUD. CONDUTOR-FREADA BRUSCA,CAMINHÃO=1|MOTO=1,JARDINÓPOLIS,RIBEIRÃO PRETO,RIBEIRÃO PRETO,ESTADUAL
30148,2023-06-13,17:27:00,L28-ENTREVIAS,SP330,330.908,SUL,-21.03386351939818,-47.83354780327321,CAPOTAMENTO,CAPOTAMENTO,IMPRUD. CONDUTOR-PERDA DE CONTROLE,AUTOMÓVEL=1,JARDINÓPOLIS,RIBEIRÃO PRETO,RIBEIRÃO PRETO,ESTADUAL
30150,2023-06-14,00:32:00,L28-ENTREVIAS,SP330,349.96,NORTE,-20.88215666173855,-47.89763784229417,COLISÃO,COLISÃO-TRASEIRA,IMPRUD. CONDUTOR-FREADA BRUSCA,CAMINHÃO=1|ÔNIBUS=1,SALES OLIVEIRA,FRANCA,RIBEIRÃO PRETO,ESTADUAL
30152,2023-06-14,19:06:49,L28-ENTREVIAS,SP330,329.51,NORTE,-21.03776891150474,-47.83163807045461,CHOQUE,CHOQUE-OAE (PILARES/TABULEIRO),IMPRUD. CONDUTOR-PERDA DE CONTROLE,UTILITÁRIO=1,JARDINÓPOLIS,RIBEIRÃO PRETO,RIBEIRÃO PRETO,ESTADUAL
30160,2023-06-10,21:52:58,L28-ENTREVIAS,SP330,335.372,NORTE,-20.97827157450826,-47.86150352329048,TOMBAMENTO,TOMBAMENTO-VEÍCULOS PESADOS,IMPRUD. CONDUTOR-DORMIR AO VOLANTE,CAMINHÃO=1,JARDINÓPOLIS,RIBEIRÃO PRETO,RIBEIRÃO PRETO,ESTADUAL
30161,2023-06-17,00:23:45,L28-ENTREVIAS,SPA327/330,3.17,LESTE,-21.03999557138197,-47.80355787916532,ATROPELAMENTO DE PEDESTRE,ATROP. PEDESTRE-SEM INFORMAÇÃO,IMPRUD. CONDUTOR-EMBRIAGUEZ,AUTOMÓVEL=1|BICICLETA=1,JARDINÓPOLIS,RIBEIRÃO PRETO,RIBEIRÃO PRETO,ESTADUAL
30163,2023-06-17,07:09:00,L28-ENTREVIAS,SP330,355.0,SUL,-20.81165722221901,-47.89236040347742,COLISÃO,COLISÃO-TRASEIRA,IMPRUD. CONDUTOR-PERDA DE CONTROLE,AUTOMÓVEL=1,SALES OLIVEIRA,FRANCA,RIBEIRÃO PRETO,ESTADUAL
30164,2023-06-17,11:58:00,L28-ENTREVIAS,SP330,350.0,SUL,-20.86185376699442,-47.89646318480779,COLISÃO,COLISÃO-TRASEIRA,IMPRUD. CONDUTOR-FALTA DE ATENÇÃO,AUTOMÓVEL=1,SALES OLIVEIRA,FRANCA,RIBEIRÃO PRETO,ESTADUAL
30168,2023-06-18,07:57:00,L28-ENTREVIAS,SP330,322.0,SUL,-21.09421756485558,-47.79355910567387,CHOQUE,CHOQUE-SINALIZAÇÃO,IMPRUD. CONDUTOR-DORMIR AO VOLANTE,AUTOMÓVEL=1,RIBEIRÃO PRETO,RIBEIRÃO PRETO,RIBEIRÃO PRETO,ESTADUAL
30171,2023-06-19,14:11:00,L28-ENTREVIAS,SP330,401.0,NORTE,-20.42242551836013,-47.83046642569426,COLISÃO,COLISÃO-LATERAL,IMPRUD. CONDUTOR-BAIXA VELOCIDADE,CAMINHÃO=2,GUARÁ,FRANCA,RIBEIRÃO PRETO,ESTADUAL
30172,2023-06-19,15:13:00,L28-ENTREVIAS,SP330,409.608,SUL,-20.35188325090051,-47.81418271387662,CAPOTAMENTO,CAPOTAMENTO,IMPRUD. CONDUTOR-DORMIR AO VOLANTE,AUTOMÓVEL=1,ITUVERAVA,FRANCA,RIBEIRÃO PRETO,ESTADUAL
30174,2023-06-19,18:18:00,L28-ENTREVIAS,SP330,446.3,NORTE,-20.02083501551588,-47.78292946455022,CHOQUE,CHOQUE-ELEMENTO DE DRENAGEM,ESTOURO/FURO DE PNEU,UTILITÁRIO=1,IGARAPAVA,FRANCA,RIBEIRÃO PRETO,ESTADUAL
30175,2023-06-19,20:31:00,L28-ENTREVIAS,SP330,356.418,NORTE,-20.81165722221901,-47.89236040347742,ATROPELAMENTO DE ANIMAL,ATROP. ANIMAL-DOMÉSTICO PEQUENO PORTE,ANIMAL NA RODOVIA,AUTOMÓVEL=1,SALES OLIVEIRA,FRANCA,RIBEIRÃO PRETO,ESTADUAL
30180,2023-06-21,19:34:08,L28-ENTREVIAS,SP330,365.67,SUL,-20.72275430793934,-47.89333394892145,COLISÃO,COLISÃO-TRASEIRA,IMPRUD. CONDUTOR-USO CELULAR AO VOLANTE,AUTOMÓVEL=1|NÃO INFORMADO=1,ORLÂNDIA,FRANCA,RIBEIRÃO PRETO,ESTADUAL
30183,2023-06-22,17:34:00,L28-ENTREVIAS,SP330,405.0,SUL,-20.38793813174138,-47.81581088654339,CHOQUE,CHOQUE-DEFENSA METÁLICA,ESTOURO/FURO DE PNEU,UTILITÁRIO=1,ITUVERAVA,FRANCA,RIBEIRÃO PRETO,ESTADUAL
30188,2023-06-24,22:13:33,L28-ENTREVIAS,SPA327/330,5.5,LESTE,-21.03536924176389,-47.79364443464628,CHOQUE,CHOQUE-SINALIZAÇÃO,IMPRUD. CONDUTOR-EMBRIAGUEZ,UTILITÁRIO=1,JARDINÓPOLIS,RIBEIRÃO PRETO,RIBEIRÃO PRETO,ESTADUAL
30190,2023-06-26,07:40:14,L28-ENTREVIAS,SP330,318.5,NORTE,-21.10801728324018,-47.78364133703886,TOMBAMENTO,TOMBAMENTO-MOTO,IMPRUD. CONDUTOR-LEVOU FECHADA,MOTO=1,RIBEIRÃO PRETO,RIBEIRÃO PRETO,RIBEIRÃO PRETO,ESTADUAL
30196,2023-06-27,16:13:00,L28-ENTREVIAS,SP330,327.132,NORTE,-21.06397259029118,-47.8168615453245,ATROPELAMENTO DE PEDESTRE,ATROP. PEDESTRE-USUÁRIO,IMPRUD. CONDUTOR-FALTA DE ATENÇÃO,AUTOMÓVEL=1|MOTO=1,JARDINÓPOLIS,RIBEIRÃO PRETO,RIBEIRÃO PRETO,ESTADUAL
30202,2023-06-28,20:07:21,L28-ENTREVIAS,SP330,373.385,SUL,-20.62996703455516,-47.8822811696939,COLISÃO,COLISÃO-TRASEIRA,IMPRUD. CONDUTOR-FALTA DE ATENÇÃO,CAMINHÃO=2,ORLÂNDIA,FRANCA,RIBEIRÃO PRETO,ESTADUAL
30204,2023-06-29,06:17:00,L28-ENTREVIAS,SP330,329.0,SUL,-21.04165417436274,-47.82962104927541,ATROPELAMENTO DE ANIMAL,ATROP. ANIMAL-DOMÉSTICO GRANDE PORTE,ANIMAL NA RODOVIA,UTILITÁRIO=1,JARDINÓPOLIS,RIBEIRÃO PRETO,RIBEIRÃO PRETO,ESTADUAL
30207,2023-06-29,18:49:25,L28-ENTREVIAS,SP330,402.0,NORTE,-20.41526656188661,-47.8274473073201,COLISÃO,COLISÃO-TRASEIRA,IMPRUD. CONDUTOR-FALTA DE ATENÇÃO,CAMINHÃO=1|NÃO INFORMADO=1,GUARÁ,FRANCA,RIBEIRÃO PRETO,ESTADUAL
30208,2023-06-30,01:20:09,L28-ENTREVIAS,SP330,375.94,SUL,-20.62996703455516,-47.8822811696939,COLISÃO,COLISÃO-TRASEIRA,IMPRUD. CONDUTOR-FALTA DE ATENÇÃO,CAMINHÃO=1|UTILITÁRIO=1,SÃO JOAQUIM DA BARRA,FRANCA,RIBEIRÃO PRETO,ESTADUAL
30218,2023-07-02,19:44:00,L28-ENTREVIAS,SP330,322.996,NORTE,-21.06397259029118,-47.8168615453245,TOMBAMENTO,TOMBAMENTO-MOTO,IMPRUD. CONDUTOR-PERDA DE CONTROLE,MOTO=1,RIBEIRÃO PRETO,RIBEIRÃO PRETO,RIBEIRÃO PRETO,ESTADUAL
30220,2023-07-03,11:01:51,L28-ENTREVIAS,SP330,393.2,SUL,-20.49378278439047,-47.84389040640916,CHOQUE,CHOQUE-SINALIZAÇÃO,ESTOURO/FURO DE PNEU,AUTOMÓVEL=1|CAMINHÃO=1,GUARÁ,FRANCA,RIBEIRÃO PRETO,ESTADUAL
30225,2023-07-03,21:22:49,L28-ENTREVIAS,SP330,403.14,NORTE,-20.42941230485705,-47.83338466910247,COLISÃO,COLISÃO-TRASEIRA,IMPRUD. CONDUTOR-DORMIR AO VOLANTE,CAMINHÃO=2,GUARÁ,FRANCA,RIBEIRÃO PRETO,ESTADUAL
30228,2023-07-05,05:51:51,L28-ENTREVIAS,SP330,412.64,SUL,-20.32517925863136,-47.8038410007988,CHOQUE,CHOQUE-DEFENSA METÁLICA,IMPRUD. CONDUTOR-LEVOU FECHADA,UTILITÁRIO=1,ITUVERAVA,FRANCA,RIBEIRÃO PRETO,ESTADUAL
30230,2023-07-05,23:40:33,L28-ENTREVIAS,SP330,439.229,NORTE,-20.08388339540906,-47.78902242061513,COLISÃO,COLISÃO-TRASEIRA,IMPRUD. CONDUTOR-FALTA DE ATENÇÃO,CAMINHÃO=2,ARAMINA,FRANCA,RIBEIRÃO PRETO,ESTADUAL
30238,2023-07-06,20:37:33,L28-ENTREVIAS,SP330,389.8,NORTE,-20.51662415254137,-47.83706353940512,CHOQUE,CHOQUE-DEFENSA METÁLICA,IMPRUD. CONDUTOR-PERDA DE CONTROLE,CAMINHÃO=1,GUARÁ,FRANCA,RIBEIRÃO PRETO,ESTADUAL
30248,2023-07-08,00:00:00,L28-ENTREVIAS,SP330,328.548,SUL,-21.06397259029118,-47.8168615453245,COLISÃO,COLISÃO-TRASEIRA,IMPRUD. CONDUTOR-FAROL DESREGULADO/APAGADO,ÔNIBUS=2,JARDINÓPOLIS,RIBEIRÃO PRETO,RIBEIRÃO PRETO,ESTADUAL
30251,2023-07-10,13:21:00,L28-ENTREVIAS,SP330,410.0,NORTE,-20.34588792174577,-47.8107924016818,CHOQUE,CHOQUE-TALUDE OU BARRANCO,IMPRUD. CONDUTOR-DORMIR AO VOLANTE,AUTOMÓVEL=1,ITUVERAVA,FRANCA,RIBEIRÃO PRETO,ESTADUAL
30256,2023-07-12,04:35:29,L28-ENTREVIAS,SPA327/330,1.19,LESTE,-21.04745985589077,-47.81948114766663,CHOQUE,CHOQUE-DEFENSA METÁLICA,IMPRUD. CONDUTOR-PERDA DE CONTROLE,AUTOMÓVEL=1,JARDINÓPOLIS,RIBEIRÃO PRETO,RIBEIRÃO PRETO,ESTADUAL
30258,2023-07-12,18:55:02,L28-ENTREVIAS,SP330,345.95,NORTE,-20.91053539603357,-47.88929040503906,COLISÃO,COLISÃO-TRASEIRA,IMPRUD. CONDUTOR-FALTA DE ATENÇÃO,CAMINHÃO=2,SALES OLIVEIRA,FRANCA,RIBEIRÃO PRETO,ESTADUAL
30259,2023-07-13,14:52:25,L28-ENTREVIAS,SP330,389.61,NORTE,-20.52277359583428,-47.83968137540365,COLISÃO,COLISÃO-TRASEIRA,IMPRUD. CONDUTOR-FALTA DE ATENÇÃO,CAMINHÃO=1|UTILITÁRIO=1,GUARÁ,FRANCA,RIBEIRÃO PRETO,ESTADUAL
30264,2023-07-14,20:58:45,L28-ENTREVIAS,SP330,442.85,SUL,-20.0522850020063,-47.78496026805696,ATROPELAMENTO DE ANIMAL,ATROP. ANIMAL-DOMÉSTICO PEQUENO PORTE,ANIMAL NA RODOVIA,AUTOMÓVEL=1,IGARAPAVA,FRANCA,RIBEIRÃO PRETO,ESTADUAL
30271,2023-07-17,04:22:55,L28-ENTREVIAS,SP330,376.855,SUL,-20.60043730969814,-47.88343266920045,CHOQUE,CHOQUE-SINALIZAÇÃO,IMPRUD. CONDUTOR-PERDA DE CONTROLE,AUTOMÓVEL=1,SÃO JOAQUIM DA BARRA,FRANCA,RIBEIRÃO PRETO,ESTADUAL
30272,2023-07-17,19:57:59,L28-ENTREVIAS,SP330,426.402,NORTE,-20.19887573704645,-47.78574935126498,COLISÃO,COLISÃO-TRASEIRA,IMPRUD. CONDUTOR-FALTA DE ATENÇÃO,CAMINHÃO=1|UTILITÁRIO=1,ARAMINA,FRANCA,RIBEIRÃO PRETO,ESTADUAL
30275,2023-07-18,09:15:40,L28-ENTREVIAS,SP330,318.5,NORTE,-21.11722524534491,-47.77698945868193,COLISÃO,COLISÃO-LATERAL,IMPRUD. CONDUTOR-FALTA DE ATENÇÃO,AUTOMÓVEL=1|CAMINHÃO=1,RIBEIRÃO PRETO,RIBEIRÃO PRETO,RIBEIRÃO PRETO,ESTADUAL
30277,2023-07-18,14:12:07,L28-ENTREVIAS,SP330,333.21,SUL,-21.0074001726547,-47.84686939090523,COLISÃO,COLISÃO-TRASEIRA,IMPRUD. CONDUTOR-FALTA DE ATENÇÃO,CAMINHÃO=1|UTILITÁRIO=1,JARDINÓPOLIS,RIBEIRÃO PRETO,RIBEIRÃO PRETO,ESTADUAL
30280,2023-07-19,12:15:58,L28-ENTREVIAS,SP330,430.53,NORTE,-20.16962567983632,-47.7876805417557,TOMBAMENTO,TOMBAMENTO-VEÍCULOS PESADOS,ESTOURO/FURO DE PNEU,CAMINHÃO=1,ARAMINA,FRANCA,RIBEIRÃO PRETO,ESTADUAL
30281,2023-07-19,17:04:26,L28-ENTREVIAS,SP330,344.42,SUL,-20.91053539603357,-47.88929040503906,COLISÃO,COLISÃO-TRASEIRA,ANIMAL NA RODOVIA,AUTOMÓVEL=1|UTILITÁRIO=1,SALES OLIVEIRA,FRANCA,RIBEIRÃO PRETO,ESTADUAL
30283,2023-07-20,12:51:43,L28-ENTREVIAS,SP330,319.735,NORTE,-21.11722524534491,-47.77698945868193,COLISÃO,COLISÃO-LATERAL,IMPRUD. CONDUTOR-FALTA DE ATENÇÃO,AUTOMÓVEL=1|CAMINHÃO=1,RIBEIRÃO PRETO,RIBEIRÃO PRETO,RIBEIRÃO PRETO,ESTADUAL
30288,2023-07-22,01:21:00,L28-ENTREVIAS,SP330,366.379,NORTE,-20.73065906261817,-47.89387163570494,COLISÃO,COLISÃO-TRASEIRA,IMPRUD. CONDUTOR-FALTA DE ATENÇÃO,CAMINHÃO=1|UTILITÁRIO=1,ORLÂNDIA,FRANCA,RIBEIRÃO PRETO,ESTADUAL
30289,2023-07-22,11:50:00,L28-ENTREVIAS,SP330,340.5,SUL,-20.94087961451815,-47.88008506369994,CHOQUE,CHOQUE-TALUDE OU BARRANCO,PANE MECÂNICA,AUTOMÓVEL=1,JARDINÓPOLIS,RIBEIRÃO PRETO,RIBEIRÃO PRETO,ESTADUAL
30296,2023-07-24,00:38:00,L28-ENTREVIAS,SP330,349.35,SUL,-20.887624438669,-47.89621373912441,ATROPELAMENTO DE ANIMAL,ATROP. ANIMAL-SILVESTRE GRANDE PORTE,ANIMAL NA RODOVIA,AUTOMÓVEL=1,SALES OLIVEIRA,FRANCA,RIBEIRÃO PRETO,ESTADUAL
30303,2023-07-25,15:21:59,L28-ENTREVIAS,SP330,347.7,NORTE,-20.88215666173855,-47.89763784229417,CHOQUE,CHOQUE-DEFENSA METÁLICA,MAL SÚBITO DO CONDUTOR,AUTOMÓVEL=1,SALES OLIVEIRA,FRANCA,RIBEIRÃO PRETO,ESTADUAL
30309,2023-07-27,14:47:16,L28-ENTREVIAS,SP330,322.57,NORTE,-21.10114425085008,-47.78851655272587,TOMBAMENTO,TOMBAMENTO-MOTO,MÁ CONSERVAÇÃO DO VEÍCULO,MOTO=1,RIBEIRÃO PRETO,RIBEIRÃO PRETO,RIBEIRÃO PRETO,ESTADUAL
30310,2023-07-27,18:45:02,L28-ENTREVIAS,SPA410/330,0.1,OESTE,-22.67230037620235,-50.46101379067624,CHOQUE,CHOQUE-SINALIZAÇÃO,IMPRUD. CONDUTOR-PERDA DE CONTROLE,AUTOMÓVEL=1,ITUVERAVA,FRANCA,RIBEIRÃO PRETO,ESTADUAL
30315,2023-07-27,07:30:00,L28-ENTREVIAS,SP330,389.797,SUL,-20.53471004514387,-47.84835027493978,CHOQUE,CHOQUE-DEFENSA METÁLICA,IMPRUD. CONDUTOR-PERDA DE CONTROLE,CAMINHÃO=1,GUARÁ,FRANCA,RIBEIRÃO PRETO,ESTADUAL
30320,2023-07-30,19:13:00,L28-ENTREVIAS,SP330,380.8,NORTE,-20.60767470766025,-47.88434110621734,COLISÃO,COLISÃO-TRASEIRA,IMPRUD. CONDUTOR-EMBRIAGUEZ,AUTOMÓVEL=2,SÃO JOAQUIM DA BARRA,FRANCA,RIBEIRÃO PRETO,ESTADUAL
30321,2023-07-30,21:01:00,L28-ENTREVIAS,SP330,379.234,NORTE,-20.62996703455516,-47.8822811696939,TOMBAMENTO,TOMBAMENTO-VEÍCULOS PESADOS,IMPRUD. CONDUTOR-PERDA DE CONTROLE,CAMINHÃO=1,SÃO JOAQUIM DA BARRA,FRANCA,RIBEIRÃO PRETO,ESTADUAL
30324,2023-07-31,07:09:39,L28-ENTREVIAS,SPA327/330,3.9,LESTE,-21.03675114747727,-47.79666996641507,ATROPELAMENTO DE ANIMAL,ATROP. ANIMAL-DOMÉSTICO GRANDE PORTE,ANIMAL NA RODOVIA,AUTOMÓVEL=1,JARDINÓPOLIS,RIBEIRÃO PRETO,RIBEIRÃO PRETO,ESTADUAL
30325,2023-07-31,08:56:18,L28-ENTREVIAS,SP330,430.0,NORTE,-20.16962567983632,-47.7876805417557,CHOQUE,CHOQUE-DEFENSA METÁLICA,OBJETO NA PISTA,AUTOMÓVEL=1,ARAMINA,FRANCA,RIBEIRÃO PRETO,ESTADUAL
30328,2023-08-02,00:28:00,L28-ENTREVIAS,SP330,385.677,NORTE,-20.54781093407305,-47.85815011490962,COLISÃO,COLISÃO-TRASEIRA,IMPRUD. CONDUTOR-FALTA DE ATENÇÃO,CAMINHÃO=2,SÃO JOAQUIM DA BARRA,FRANCA,RIBEIRÃO PRETO,ESTADUAL
30330,2023-08-02,08:21:00,L28-ENTREVIAS,SPA327/330,2.29,OESTE,-21.0441354884772,-47.81212116612976,TOMBAMENTO,TOMBAMENTO-MOTO,IMPRUD. CONDUTOR-PERDA DE CONTROLE,MOTO=1,JARDINÓPOLIS,RIBEIRÃO PRETO,RIBEIRÃO PRETO,ESTADUAL
30331,2023-08-02,23:50:35,L28-ENTREVIAS,SP330,374.248,NORTE,-20.64506253274801,-47.88060747126861,CHOQUE,CHOQUE-VEÍCULO PARADO NO ACOSTAMENTO,IMPRUD. CONDUTOR-FALTA DE ATENÇÃO,CAMINHÃO=2,SÃO JOAQUIM DA BARRA,FRANCA,RIBEIRÃO PRETO,ESTADUAL
30332,2023-08-03,02:47:00,L28-ENTREVIAS,SP330,445.0,SUL,-20.02083501551588,-47.78292946455022,CHOQUE,CHOQUE-SINALIZAÇÃO,IMPRUD. CONDUTOR-DORMIR AO VOLANTE,AUTOMÓVEL=1,IGARAPAVA,FRANCA,RIBEIRÃO PRETO,ESTADUAL
30347,2023-08-05,17:29:38,L28-ENTREVIAS,SP330,377.76,SUL,-20.61365981494912,-47.8839548681192,TOMBAMENTO,TOMBAMENTO-MOTO,ESTOURO/FURO DE PNEU,MOTO=1,SÃO JOAQUIM DA BARRA,FRANCA,RIBEIRÃO PRETO,ESTADUAL
30362,2023-08-09,02:33:05,L28-ENTREVIAS,SP330,365.0,NORTE,-20.73065906261817,-47.89387163570494,COLISÃO,COLISÃO-TRASEIRA,IMPRUD. CONDUTOR-DORMIR AO VOLANTE,CAMINHÃO=1|UTILITÁRIO=1,ORLÂNDIA,FRANCA,RIBEIRÃO PRETO,ESTADUAL
30364,2023-08-09,14:46:00,L28-ENTREVIAS,SPA327/330,1.352,LESTE,-21.04607804953341,-47.81649853124207,CHOQUE,CHOQUE-DEFENSA METÁLICA,IMPRUD. CONDUTOR-DORMIR AO VOLANTE,AUTOMÓVEL=1,JARDINÓPOLIS,RIBEIRÃO PRETO,RIBEIRÃO PRETO,ESTADUAL
30378,2023-08-12,12:18:00,L28-ENTREVIAS,SP330,424.0,NORTE,-20.16962567983632,-47.7876805417557,CAPOTAMENTO,CAPOTAMENTO,IMPRUD. CONDUTOR-FALTA DE ATENÇÃO,AUTOMÓVEL=1,BURITIZAL,FRANCA,RIBEIRÃO PRETO,ESTADUAL
30379,2023-08-12,19:11:18,L28-ENTREVIAS,SPA327/330,2.0,OESTE,-21.0441354884772,-47.81212116612976,TOMBAMENTO,TOMBAMENTO-MOTO,IMPRUD. CONDUTOR-PERDA DE CONTROLE,MOTO=1,JARDINÓPOLIS,RIBEIRÃO PRETO,RIBEIRÃO PRETO,ESTADUAL
30383,2023-08-13,11:56:07,L28-ENTREVIAS,SP330,388.0,SUL,-20.53471004514387,-47.84835027493978,ATROPELAMENTO DE PEDESTRE,ATROP. PEDESTRE-ANDARILHO,IMPRUD. PEDESTRE-USUÁRIO,CAMINHÃO=1|NÃO SE APLICA=1,SÃO JOAQUIM DA BARRA,FRANCA,RIBEIRÃO PRETO,ESTADUAL
30385,2023-08-14,16:02:00,L28-ENTREVIAS,SP330,420.206,SUL,-20.25945916048818,-47.80011701831472,CHOQUE,CHOQUE-ELEMENTO DE DRENAGEM,MÁ CONSERVAÇÃO DO VEÍCULO,AUTOMÓVEL=1,BURITIZAL,FRANCA,RIBEIRÃO PRETO,ESTADUAL
30386,2023-08-15,14:48:53,L28-ENTREVIAS,SP330,321.3,NORTE,-21.09421756485558,-47.79355910567387,TOMBAMENTO,TOMBAMENTO-MOTO,MAL SÚBITO DO CONDUTOR,MOTO=1,RIBEIRÃO PRETO,RIBEIRÃO PRETO,RIBEIRÃO PRETO,ESTADUAL
30387,2023-08-15,15:09:00,L28-ENTREVIAS,SP330,333.1,SUL,-20.99990821505369,-47.85062448352608,TOMBAMENTO,TOMBAMENTO-VEÍCULOS PESADOS,IMPRUD. CONDUTOR-PERDA DE CONTROLE,MICRO-ÔNIBUS=1,JARDINÓPOLIS,RIBEIRÃO PRETO,RIBEIRÃO PRETO,ESTADUAL
30389,2023-08-16,18:38:00,L28-ENTREVIAS,SP330,328.0,SUL,-21.04944184434202,-47.82571575294973,TOMBAMENTO,TOMBAMENTO-MOTO,IMPRUD. CONDUTOR-EMBRIAGUEZ,MOTO=1,JARDINÓPOLIS,RIBEIRÃO PRETO,RIBEIRÃO PRETO,ESTADUAL
30394,2023-08-19,05:20:09,L28-ENTREVIAS,SP330,380.8,SUL,-20.63751237264575,-47.88146577815338,ATROPELAMENTO DE ANIMAL,ATROP. ANIMAL-DOMÉSTICO GRANDE PORTE,ANIMAL NA RODOVIA,AUTOMÓVEL=1,SÃO JOAQUIM DA BARRA,FRANCA,RIBEIRÃO PRETO,ESTADUAL
30397,2023-08-19,15:25:00,L28-ENTREVIAS,SP330,433.157,NORTE,-20.12978815295697,-47.79085627722933,COLISÃO,COLISÃO-TRASEIRA,IMPRUD. CONDUTOR-FALTA DE ATENÇÃO,CAMINHÃO=2,ARAMINA,FRANCA,RIBEIRÃO PRETO,ESTADUAL
30398,2023-08-19,18:21:00,L28-ENTREVIAS,SP330,354.668,SUL,-20.82804341675989,-47.89367373144155,CAPOTAMENTO,CAPOTAMENTO,IMPRUD. CONDUTOR-PERDA DE CONTROLE,AUTOMÓVEL=1,SALES OLIVEIRA,FRANCA,RIBEIRÃO PRETO,ESTADUAL
30403,2023-08-21,06:55:58,L28-ENTREVIAS,SP330,384.1,NORTE,-20.55950433745527,-47.86475907792232,CAPOTAMENTO,CAPOTAMENTO,IMPRUD. CONDUTOR-LEVOU FECHADA,AUTOMÓVEL=2,SÃO JOAQUIM DA BARRA,FRANCA,RIBEIRÃO PRETO,ESTADUAL
30406,2023-08-21,19:48:34,L28-ENTREVIAS,SP330,387.455,SUL,-20.54142137693465,-47.85345720090414,TOMBAMENTO,TOMBAMENTO-MOTO,ESTOURO/FURO DE PNEU,MOTO=1,SÃO JOAQUIM DA BARRA,FRANCA,RIBEIRÃO PRETO,ESTADUAL
30407,2023-08-21,23:56:53,L28-ENTREVIAS,SPA327/330,4.5,OESTE,-21.05692811779175,-47.82189971056317,ATROPELAMENTO DE PEDESTRE,ATROP. PEDESTRE-ANDARILHO,IMPRUD. PEDESTRE-USUÁRIO,AUTOMÓVEL=1|NÃO SE APLICA=1,JARDINÓPOLIS,RIBEIRÃO PRETO,RIBEIRÃO PRETO,ESTADUAL
30413,2023-08-23,06:41:00,L28-ENTREVIAS,SP330,321.0,NORTE,-21.10114425085008,-47.78851655272587,TOMBAMENTO,TOMBAMENTO-MOTO,ÓLEO NA PISTA,MOTO=1,RIBEIRÃO PRETO,RIBEIRÃO PRETO,RIBEIRÃO PRETO,ESTADUAL
30417,2023-08-23,21:50:17,L28-ENTREVIAS,SP330,365.47,NORTE,-20.72275430793934,-47.89333394892145,COLISÃO,COLISÃO-TRASEIRA,IMPRUD. CONDUTOR-DORMIR AO VOLANTE,CAMINHÃO=2,ORLÂNDIA,FRANCA,RIBEIRÃO PRETO,ESTADUAL
30421,2023-08-26,07:16:01,L28-ENTREVIAS,SP330,389.8,NORTE,-20.51662415254137,-47.83706353940512,CHOQUE,CHOQUE-DEFENSA METÁLICA,IMPRUD. CONDUTOR-PERDA DE CONTROLE,AUTOMÓVEL=1,GUARÁ,FRANCA,RIBEIRÃO PRETO,ESTADUAL
30422,2023-08-26,18:54:00,L28-ENTREVIAS,SP330,386.539,NORTE,-20.55283398330108,-47.86136876572749,TOMBAMENTO,TOMBAMENTO-MOTO,IMPRUD. CONDUTOR-EMBRIAGUEZ,AUTOMÓVEL=1|MOTO=1,SÃO JOAQUIM DA BARRA,FRANCA,RIBEIRÃO PRETO,ESTADUAL
30423,2023-08-27,03:57:09,L28-ENTREVIAS,SP330,385.26,SUL,-20.55950433745527,-47.86475907792232,TOMBAMENTO,TOMBAMENTO-VEÍCULOS PESADOS,IMPRUD. CONDUTOR-PERDA DE CONTROLE,CAMINHÃO=1,SÃO JOAQUIM DA BARRA,FRANCA,RIBEIRÃO PRETO,ESTADUAL
30424,2023-08-27,08:10:31,L28-ENTREVIAS,SPA327/330,0.2,OESTE,-21.05004696213165,-47.82535586996326,CHOQUE,CHOQUE-SINALIZAÇÃO,IMPRUD. CONDUTOR-PERDA DE CONTROLE,AUTOMÓVEL=1,JARDINÓPOLIS,RIBEIRÃO PRETO,RIBEIRÃO PRETO,ESTADUAL
30429,2023-08-29,06:43:59,L28-ENTREVIAS,SP330,416.99,NORTE,-20.28120757833336,-47.79731786847458,CHOQUE,CHOQUE-BARREIRA DE CONCRETO,IMPRUD. CONDUTOR-PERDA DE CONTROLE,AUTOMÓVEL=1,ITUVERAVA,FRANCA,RIBEIRÃO PRETO,ESTADUAL
30433,2023-08-30,22:05:00,L28-ENTREVIAS,SP330,418.65,SUL,-20.28120757833336,-47.79731786847458,COLISÃO,COLISÃO-TRASEIRA,PANE MECÂNICA/ELÉTRICA,CAMINHÃO=2,ITUVERAVA,FRANCA,RIBEIRÃO PRETO,ESTADUAL
30434,2023-08-31,06:34:53,L28-ENTREVIAS,SP330,337.0,NORTE,-20.97051768229229,-47.86534655511598,CAPOTAMENTO,CAPOTAMENTO,IMPRUD. CONDUTOR-DORMIR AO VOLANTE,UTILITÁRIO=1,JARDINÓPOLIS,RIBEIRÃO PRETO,RIBEIRÃO PRETO,ESTADUAL
30445,2023-09-05,12:56:00,L28-ENTREVIAS,SP330,405.422,NORTE,-20.39518577127289,-47.81890821964247,TOMBAMENTO,TOMBAMENTO-MOTO,IMPRUD. CONDUTOR-PERDA DE CONTROLE,MOTO=1,ITUVERAVA,FRANCA,RIBEIRÃO PRETO,ESTADUAL
30453,2023-09-07,05:53:00,L28-ENTREVIAS,SP330,322.0,NORTE,-21.09421756485558,-47.79355910567387,CAPOTAMENTO,CAPOTAMENTO,IMPRUD. CONDUTOR-PERDA DE CONTROLE,AUTOMÓVEL=1,RIBEIRÃO PRETO,RIBEIRÃO PRETO,RIBEIRÃO PRETO,ESTADUAL
30454,2023-09-05,17:07:00,L28-ENTREVIAS,SP330,337.284,NORTE,-20.97051768229229,-47.86534655511598,TOMBAMENTO,TOMBAMENTO-VEÍCULOS PESADOS,IMPRUD. CONDUTOR-PERDA DE CONTROLE,CAMINHÃO=1,JARDINÓPOLIS,RIBEIRÃO PRETO,RIBEIRÃO PRETO,ESTADUAL
30456,2023-09-08,02:30:46,L28-ENTREVIAS,SP330,377.757,NORTE,-20.64506253274801,-47.88060747126861,CAPOTAMENTO,CAPOTAMENTO,IMPRUD. CONDUTOR-PERDA DE CONTROLE,AUTOMÓVEL=1,SÃO JOAQUIM DA BARRA,FRANCA,RIBEIRÃO PRETO,ESTADUAL
30457,2023-09-08,09:20:16,L28-ENTREVIAS,SP330,376.855,SUL,-20.60767470766025,-47.88434110621734,COLISÃO,COLISÃO-TRASEIRA,IMPRUD. CONDUTOR-FALTA DE ATENÇÃO,UTILITÁRIO=2,SÃO JOAQUIM DA BARRA,FRANCA,RIBEIRÃO PRETO,ESTADUAL
30460,2023-09-10,11:41:32,L28-ENTREVIAS,SP330,375.94,NORTE,-20.62996703455516,-47.8822811696939,ATROPELAMENTO DE ANIMAL,ATROP. ANIMAL-DOMÉSTICO PEQUENO PORTE,ANIMAL NA RODOVIA,AUTOMÓVEL=1,SÃO JOAQUIM DA BARRA,FRANCA,RIBEIRÃO PRETO,ESTADUAL
30462,2023-09-10,16:27:52,L28-ENTREVIAS,SP330,431.0,SUL,-20.16189103664962,-47.78845301795199,COLISÃO,COLISÃO-TRASEIRA,IMPRUD. CONDUTOR-FALTA DE ATENÇÃO,AUTOMÓVEL=1|CAMINHÃO=1,ARAMINA,FRANCA,RIBEIRÃO PRETO,ESTADUAL
30463,2023-09-10,19:22:40,L28-ENTREVIAS,SP330,361.843,NORTE,-20.81963994840803,-47.89298708593373,CAPOTAMENTO,CAPOTAMENTO,IMPRUD. CONDUTOR-PERDA DE CONTROLE,AUTOMÓVEL=1,ORLÂNDIA,FRANCA,RIBEIRÃO PRETO,ESTADUAL
30469,2023-09-12,13:24:00,L28-ENTREVIAS,SP330,323.0,NORTE,-21.08715041068619,-47.79862311629399,COLISÃO,COLISÃO-TRASEIRA,IMPRUD. CONDUTOR-MANOBRA BRUSCA,AUTOMÓVEL=1|CAMINHÃO=1,RIBEIRÃO PRETO,RIBEIRÃO PRETO,RIBEIRÃO PRETO,ESTADUAL
30472,2023-09-12,19:09:27,L28-ENTREVIAS,SP330,320.0,SUL,-21.10801728324018,-47.78364133703886,TOMBAMENTO,TOMBAMENTO-MOTO,ESTOURO/FURO DE PNEU,MOTO=1,RIBEIRÃO PRETO,RIBEIRÃO PRETO,RIBEIRÃO PRETO,ESTADUAL
30482,2023-09-16,02:50:10,L28-ENTREVIAS,SP330,374.248,SUL,-20.64506253274801,-47.88060747126861,CHOQUE,CHOQUE-DEFENSA METÁLICA,IMPRUD. CONDUTOR-PERDA DE CONTROLE,AUTOMÓVEL=1,SÃO JOAQUIM DA BARRA,FRANCA,RIBEIRÃO PRETO,ESTADUAL
30485,2023-09-17,06:29:15,L28-ENTREVIAS,SP330,345.8,NORTE,-20.90253140518442,-47.89166471263515,CHOQUE,CHOQUE-MEIO FIO/CALÇAMENTO,IMPRUD. CONDUTOR-DORMIR AO VOLANTE,AUTOMÓVEL=1,SALES OLIVEIRA,FRANCA,RIBEIRÃO PRETO,ESTADUAL
30489,2023-09-18,21:10:15,L28-ENTREVIAS,SP330,323.123,SUL,-21.08715041068619,-47.79862311629399,ATROPELAMENTO DE ANIMAL,ATROP. ANIMAL-DOMÉSTICO PEQUENO PORTE,ANIMAL NA RODOVIA,AUTOMÓVEL=1,RIBEIRÃO PRETO,RIBEIRÃO PRETO,RIBEIRÃO PRETO,ESTADUAL
30494,2023-09-19,19:51:38,L28-ENTREVIAS,SP330,390.344,NORTE,-20.52277359583428,-47.83968137540365,ATROPELAMENTO DE ANIMAL,ATROP. ANIMAL-DOMÉSTICO GRANDE PORTE,ANIMAL NA RODOVIA,UTILITÁRIO=1,GUARÁ,FRANCA,RIBEIRÃO PRETO,ESTADUAL
30502,2023-09-21,21:00:14,L28-ENTREVIAS,SP330,349.0,NORTE,-20.87015188000463,-47.89712837264349,COLISÃO,COLISÃO-LATERAL,IMPRUD. CONDUTOR-FALTA DE ATENÇÃO,AUTOMÓVEL=2|CAMINHÃO=2,SALES OLIVEIRA,FRANCA,RIBEIRÃO PRETO,ESTADUAL
30511,2023-09-22,17:45:00,L28-ENTREVIAS,SP330,381.586,NORTE,-20.59296528302358,-47.88180188611939,COLISÃO,COLISÃO-LATERAL,IMPRUD. CONDUTOR-FALTA DE ATENÇÃO,AUTOMÓVEL=1|CAMINHÃO=1,SÃO JOAQUIM DA BARRA,FRANCA,RIBEIRÃO PRETO,ESTADUAL
30513,2023-09-24,01:33:00,L28-ENTREVIAS,SP330,369.63,SUL,-20.70629637897071,-47.89245998033436,ATROPELAMENTO DE ANIMAL,ATROP. ANIMAL-DOMÉSTICO GRANDE PORTE,ANIMAL NA RODOVIA,AUTOMÓVEL=1,ORLÂNDIA,FRANCA,RIBEIRÃO PRETO,ESTADUAL
30514,2023-09-24,05:38:00,L28-ENTREVIAS,SP330,408.853,SUL,-20.3627466772553,-47.81577058161344,COLISÃO,COLISÃO-TRASEIRA,IMPRUD. CONDUTOR-FAROL DESREGULADO/APAGADO,AUTOMÓVEL=1|ÔNIBUS=1,ITUVERAVA,FRANCA,RIBEIRÃO PRETO,ESTADUAL
30515,2023-09-24,20:27:00,L28-ENTREVIAS,SP330,388.1,NORTE,-20.53471004514387,-47.84835027493978,CAPOTAMENTO,CAPOTAMENTO,IMPRUD. CONDUTOR-PERDA DE CONTROLE,AUTOMÓVEL=1,SÃO JOAQUIM DA BARRA,FRANCA,RIBEIRÃO PRETO,ESTADUAL
30519,2023-09-25,11:48:00,L28-ENTREVIAS,SP330,342.4,SUL,-20.94087961451815,-47.88008506369994,CHOQUE,CHOQUE-OBJETO NA PISTA,OBJETO NA PISTA,UTILITÁRIO=1,JARDINÓPOLIS,RIBEIRÃO PRETO,RIBEIRÃO PRETO,ESTADUAL
30522,2023-09-25,19:36:00,L28-ENTREVIAS,SP330,387.0,NORTE,-20.54142137693465,-47.85345720090414,CHOQUE,CHOQUE-DEFENSA METÁLICA,PANE MECÂNICA,AUTOMÓVEL=1,SÃO JOAQUIM DA BARRA,FRANCA,RIBEIRÃO PRETO,ESTADUAL
30526,2023-09-26,04:43:00,L28-ENTREVIAS,SPA327/330,3.674,LESTE,-21.03675114747727,-47.79666996641507,ATROPELAMENTO DE ANIMAL,ATROP. ANIMAL-DOMÉSTICO GRANDE PORTE,ANIMAL NA RODOVIA,AUTOMÓVEL=1,JARDINÓPOLIS,RIBEIRÃO PRETO,RIBEIRÃO PRETO,ESTADUAL
30527,2023-09-27,10:23:23,L28-ENTREVIAS,SP330,425.0,SUL,-20.21442151307173,-47.78819552588656,COLISÃO,COLISÃO-TRASEIRA,IMPRUD. CONDUTOR-FALTA DE ATENÇÃO,CAMINHÃO=1|MOTO=1,BURITIZAL,FRANCA,RIBEIRÃO PRETO,ESTADUAL
30528,2023-09-27,16:04:09,L28-ENTREVIAS,SP330,400.3,SUL,-20.43640332188473,-47.8353656307263,CHOQUE,CHOQUE-TALUDE OU BARRANCO,IMPRUD. CONDUTOR-PERDA DE CONTROLE,AUTOMÓVEL=1,GUARÁ,FRANCA,RIBEIRÃO PRETO,ESTADUAL
30529,2023-09-27,14:59:38,L28-ENTREVIAS,SP330,392.0,SUL,-20.50113906878687,-47.84103653601731,TOMBAMENTO,TOMBAMENTO-VEÍCULOS PESADOS,IMPRUD. CONDUTOR-PERDA DE CONTROLE,CAMINHÃO=1,GUARÁ,FRANCA,RIBEIRÃO PRETO,ESTADUAL
30531,2023-09-28,03:46:22,L28-ENTREVIAS,SP330,398.582,NORTE,-20.45933626046277,-47.83699672304665,COLISÃO,COLISÃO-TRASEIRA,IMPRUD. CONDUTOR-LEVOU FECHADA,CAMINHÃO=2,GUARÁ,FRANCA,RIBEIRÃO PRETO,ESTADUAL
30541,2023-09-29,11:50:00,L28-ENTREVIAS,SP330,394.0,SUL,-20.48232696589614,-47.8424218094482,CHOQUE,CHOQUE-DEFENSA METÁLICA,PANE MECÂNICA/ELÉTRICA,CAMINHÃO=1,GUARÁ,FRANCA,RIBEIRÃO PRETO,ESTADUAL
30543,2023-09-30,20:44:12,L28-ENTREVIAS,SP330,377.76,NORTE,-20.61365981494912,-47.8839548681192,CHOQUE,CHOQUE-ELEMENTO DE DRENAGEM,IMPRUD. CONDUTOR-PERDA DE CONTROLE,AUTOMÓVEL=1,SÃO JOAQUIM DA BARRA,FRANCA,RIBEIRÃO PRETO,ESTADUAL
30545,2023-09-30,20:42:47,L28-ENTREVIAS,SP330,427.874,NORTE,-20.17772247351204,-47.78690806555941,CHOQUE,CHOQUE-DEFENSA METÁLICA,IMPRUD. CONDUTOR-PERDA DE CONTROLE,CAMINHÃO=1,ARAMINA,FRANCA,RIBEIRÃO PRETO,ESTADUAL
30548,2023-10-01,06:20:00,L28-ENTREVIAS,SP330,321.0,NORTE,-21.10114425085008,-47.78851655272587,CHOQUE,CHOQUE-ELEMENTO DE DRENAGEM,IMPRUD. CONDUTOR-FALTA DE ATENÇÃO,AUTOMÓVEL=1,RIBEIRÃO PRETO,RIBEIRÃO PRETO,RIBEIRÃO PRETO,ESTADUAL
30549,2023-10-01,20:08:44,L28-ENTREVIAS,SP330,346.293,NORTE,-20.91053539603357,-47.88929040503906,CHOQUE,CHOQUE-SINALIZAÇÃO,IMPRUD. CONDUTOR-PERDA DE CONTROLE,AUTOMÓVEL=1|CAMINHÃO=1,SALES OLIVEIRA,FRANCA,RIBEIRÃO PRETO,ESTADUAL
30554,2023-10-04,02:22:09,L28-ENTREVIAS,SP330,322.996,NORTE,-21.08715041068619,-47.79862311629399,CAPOTAMENTO,CAPOTAMENTO,IMPRUD. CONDUTOR-PERDA DE CONTROLE,UTILITÁRIO=1,RIBEIRÃO PRETO,RIBEIRÃO PRETO,RIBEIRÃO PRETO,ESTADUAL
30557,2023-10-05,10:34:00,L28-ENTREVIAS,SP330,405.0,SUL,-20.38793813174138,-47.81581088654339,COLISÃO,COLISÃO-LATERAL,IMPRUD. CONDUTOR-FALTA DE ATENÇÃO,AUTOMÓVEL=1|CAMINHÃO=1,ITUVERAVA,FRANCA,RIBEIRÃO PRETO,ESTADUAL
30560,2023-10-05,13:40:00,L28-ENTREVIAS,SP330,321.345,NORTE,-21.10114425085008,-47.78851655272587,CHOQUE,CHOQUE-VEÍCULO PARADO NO ACOSTAMENTO,PANE NO SISTEMA,CAMINHÃO=1|MOTO=1,RIBEIRÃO PRETO,RIBEIRÃO PRETO,RIBEIRÃO PRETO,ESTADUAL
30561,2023-10-05,22:31:52,L28-ENTREVIAS,SP330,377.577,SUL,-20.64506253274801,-47.88060747126861,CHOQUE,CHOQUE-ELEMENTO DE DRENAGEM,IMPRUD. CONDUTOR-DORMIR AO VOLANTE,CAMINHÃO=1,SÃO JOAQUIM DA BARRA,FRANCA,RIBEIRÃO PRETO,ESTADUAL
30562,2023-10-06,00:26:00,L28-ENTREVIAS,SP330,447.0,SUL,-20.00581663217236,-47.7851539576075,COLISÃO,COLISÃO-TRASEIRA,IMPRUD. CONDUTOR-MANOBRA BRUSCA,AUTOMÓVEL=1|CAMINHÃO=1,IGARAPAVA,FRANCA,RIBEIRÃO PRETO,ESTADUAL
30564,2023-10-06,07:53:14,L28-ENTREVIAS,SP330,322.0,NORTE,-21.08715041068619,-47.79862311629399,CHOQUE,CHOQUE-ELEMENTO DE DRENAGEM,IMPRUD. CONDUTOR-PERDA DE CONTROLE,MOTO=1,RIBEIRÃO PRETO,RIBEIRÃO PRETO,RIBEIRÃO PRETO,ESTADUAL
30568,2023-10-07,06:03:55,L28-ENTREVIAS,SP330,440.7,NORTE,-20.07616592534057,-47.78849737923266,CHOQUE,CHOQUE-ELEMENTO DE DRENAGEM,IMPRUD. CONDUTOR-PERDA DE CONTROLE,AUTOMÓVEL=1,ARAMINA,FRANCA,RIBEIRÃO PRETO,ESTADUAL
30576,2023-10-10,06:17:11,L28-ENTREVIAS,SP330,370.0,SUL,-20.6833605062815,-47.88720661916187,TOMBAMENTO,TOMBAMENTO-MOTO,PAVIMENTO RUIM/IRREGULAR,MOTO=1,ORLÂNDIA,FRANCA,RIBEIRÃO PRETO,ESTADUAL
30579,2023-10-12,07:55:00,L28-ENTREVIAS,SP330,360.941,SUL,-20.76336470306418,-47.89199588040018,CHOQUE,CHOQUE-SINALIZAÇÃO,IMPRUD. CONDUTOR-DORMIR AO VOLANTE,AUTOMÓVEL=1,ORLÂNDIA,FRANCA,RIBEIRÃO PRETO,ESTADUAL
30580,2023-10-12,14:38:33,L28-ENTREVIAS,SPA327/330,0.339,OESTE,-21.0441354884772,-47.81212116612976,TOMBAMENTO,TOMBAMENTO-MOTO,IMPRUD. CONDUTOR-LEVOU FECHADA,MOTO=1,JARDINÓPOLIS,RIBEIRÃO PRETO,RIBEIRÃO PRETO,ESTADUAL
30583,2023-10-14,03:56:00,L28-ENTREVIAS,SP330,405.0,NORTE,-20.38793813174138,-47.81581088654339,CHOQUE,CHOQUE-PROTEÇÃO DA CABINE DE PEDÁGIO,IMPRUD. CONDUTOR-DORMIR AO VOLANTE,UTILITÁRIO=1,ITUVERAVA,FRANCA,RIBEIRÃO PRETO,ESTADUAL
30587,2023-10-15,19:35:00,L28-ENTREVIAS,SP330,412.0,NORTE,-20.32517925863136,-47.8038410007988,CHOQUE,CHOQUE-DEFENSA METÁLICA,IMPRUD. CONDUTOR-PERDA DE CONTROLE,UTILITÁRIO=1,ITUVERAVA,FRANCA,RIBEIRÃO PRETO,ESTADUAL
30588,2023-10-15,23:16:58,L28-ENTREVIAS,SP330,438.336,SUL,-20.16189103664962,-47.78845301795199,CHOQUE,CHOQUE-VEÍCULO PARADO NA PISTA,VEÍCULO PARADO NA FAIXA,CAMINHÃO=2,ARAMINA,FRANCA,RIBEIRÃO PRETO,ESTADUAL
30590,2023-10-16,09:59:20,L28-ENTREVIAS,SP330,319.0,SUL,-21.11722524534491,-47.77698945868193,TOMBAMENTO,TOMBAMENTO-MOTO,PANE MECÂNICA/ELÉTRICA,MOTO=1,RIBEIRÃO PRETO,RIBEIRÃO PRETO,RIBEIRÃO PRETO,ESTADUAL
30591,2023-10-16,20:07:00,L28-ENTREVIAS,SP330,390.344,NORTE,-20.53471004514387,-47.84835027493978,CHOQUE,CHOQUE-OBJETO NA PISTA,OBJETO NA PISTA,AUTOMÓVEL=1,GUARÁ,FRANCA,RIBEIRÃO PRETO,ESTADUAL
30593,2023-10-17,11:20:34,L28-ENTREVIAS,SP330,325.27,SUL,-21.0770163947079,-47.80615816157679,COLISÃO,COLISÃO-TRASEIRA,IMPRUD. CONDUTOR-FALTA DE ATENÇÃO,CAMINHÃO=1|MOTO=1,JARDINÓPOLIS,RIBEIRÃO PRETO,RIBEIRÃO PRETO,ESTADUAL
30596,2023-10-17,19:21:11,L28-ENTREVIAS,SP330,322.53,SUL,-21.09067401966189,-47.79609111098393,TOMBAMENTO,TOMBAMENTO-MOTO,IMPRUD. CONDUTOR-PERDA DE CONTROLE,MOTO=1,RIBEIRÃO PRETO,RIBEIRÃO PRETO,RIBEIRÃO PRETO,ESTADUAL
30599,2023-10-18,18:57:00,L28-ENTREVIAS,SP330,376.855,NORTE,-20.62996703455516,-47.8822811696939,CHOQUE,CHOQUE-TALUDE OU BARRANCO,CONDIÇÃO CLIMÁTICA,CAMINHÃO=1,SÃO JOAQUIM DA BARRA,FRANCA,RIBEIRÃO PRETO,ESTADUAL
30602,2023-10-19,17:57:00,L28-ENTREVIAS,SP330,375.935,NORTE,-20.63751237264575,-47.88146577815338,COLISÃO,COLISÃO-TRASEIRA,IMPRUD. CONDUTOR-FALTA DE ATENÇÃO,AUTOMÓVEL=1|CAMINHÃO=1,SÃO JOAQUIM DA BARRA,FRANCA,RIBEIRÃO PRETO,ESTADUAL
30606,2023-10-18,16:18:00,L28-ENTREVIAS,SP330,333.68,SUL,-21.0074001726547,-47.84686939090523,CHOQUE,CHOQUE-DEFENSA METÁLICA,CONDIÇÃO CLIMÁTICA,CAMINHÃO=1,JARDINÓPOLIS,RIBEIRÃO PRETO,RIBEIRÃO PRETO,ESTADUAL
30609,2023-10-21,03:32:00,L28-ENTREVIAS,SP330,376.855,NORTE,-20.65989309798785,-47.88150869349762,TOMBAMENTO,TOMBAMENTO-MOTO,IMPRUD. CONDUTOR-PERDA DE CONTROLE,MOTO=1,SÃO JOAQUIM DA BARRA,FRANCA,RIBEIRÃO PRETO,ESTADUAL
30612,2023-10-21,20:08:59,L28-ENTREVIAS,SP330,324.36,NORTE,-21.0770163947079,-47.80615816157679,ATROPELAMENTO DE ANIMAL,ATROP. ANIMAL-SILVESTRE GRANDE PORTE,ANIMAL NA RODOVIA,AUTOMÓVEL=1,RIBEIRÃO PRETO,RIBEIRÃO PRETO,RIBEIRÃO PRETO,ESTADUAL
30621,2023-10-24,15:07:34,L28-ENTREVIAS,SP330,375.92,SUL,-20.64506253274801,-47.88060747126861,COLISÃO,COLISÃO-TRASEIRA,PANE MECÂNICA/ELÉTRICA,UTILITÁRIO=2,SÃO JOAQUIM DA BARRA,FRANCA,RIBEIRÃO PRETO,ESTADUAL
30625,2023-10-25,07:28:00,L28-ENTREVIAS,SP330,319.0,SUL,-21.11722524534491,-47.77698945868193,TOMBAMENTO,TOMBAMENTO-MOTO,ESTOURO/FURO DE PNEU,MOTO=1,RIBEIRÃO PRETO,RIBEIRÃO PRETO,RIBEIRÃO PRETO,ESTADUAL
30626,2023-10-25,20:38:36,L28-ENTREVIAS,SP330,319.735,NORTE,-21.10114425085008,-47.78851655272587,TOMBAMENTO,TOMBAMENTO-MOTO,ESTOURO/FURO DE PNEU,MOTO=1,RIBEIRÃO PRETO,RIBEIRÃO PRETO,RIBEIRÃO PRETO,ESTADUAL
30628,2023-10-26,02:28:00,L28-ENTREVIAS,SP330,407.601,SUL,-20.34588792174577,-47.8107924016818,TOMBAMENTO,TOMBAMENTO-VEÍCULOS PESADOS,IMPRUD. CONDUTOR-PERDA DE CONTROLE,CAMINHÃO=1,ITUVERAVA,FRANCA,RIBEIRÃO PRETO,ESTADUAL
30630,2023-10-26,07:15:00,L28-ENTREVIAS,SPA327/330,2.0,LESTE,-21.0441354884772,-47.81212116612976,COLISÃO,COLISÃO-TRASEIRA,IMPRUD. CONDUTOR-FALTA DE ATENÇÃO,MOTO=1|UTILITÁRIO=1,JARDINÓPOLIS,RIBEIRÃO PRETO,RIBEIRÃO PRETO,ESTADUAL
30639,2023-10-27,19:15:50,L28-ENTREVIAS,SP330,322.57,NORTE,-21.09772098688024,-47.79098418501958,TOMBAMENTO,TOMBAMENTO-MOTO,IMPRUD. CONDUTOR-PERDA DE CONTROLE,MOTO=1|UTILITÁRIO=1,RIBEIRÃO PRETO,RIBEIRÃO PRETO,RIBEIRÃO PRETO,ESTADUAL
30642,2023-10-27,22:36:00,L28-ENTREVIAS,SP330,416.161,SUL,-20.25945916048818,-47.80011701831472,TOMBAMENTO,TOMBAMENTO-VEÍCULOS PESADOS,IMPRUD. CONDUTOR-PERDA DE CONTROLE,CAMINHÃO=1,ITUVERAVA,FRANCA,RIBEIRÃO PRETO,ESTADUAL
30643,2023-10-28,12:52:40,L28-ENTREVIAS,SPA327/330,2.0,LESTE,-21.0441354884772,-47.81212116612976,CHOQUE,CHOQUE-POSTE,IMPRUD. CONDUTOR-DORMIR AO VOLANTE,AUTOMÓVEL=1,JARDINÓPOLIS,RIBEIRÃO PRETO,RIBEIRÃO PRETO,ESTADUAL
30644,2023-10-27,20:02:00,L28-ENTREVIAS,SP330,340.917,SUL,-20.947011847237,-47.87714536261962,CHOQUE,CHOQUE-SINALIZAÇÃO,CONDIÇÃO CLIMÁTICA,AUTOMÓVEL=1,JARDINÓPOLIS,RIBEIRÃO PRETO,RIBEIRÃO PRETO,ESTADUAL
30651,2023-10-29,19:14:38,L28-ENTREVIAS,SP330,319.0,SUL,-21.0770163947079,-47.80615816157679,COLISÃO,COLISÃO-TRASEIRA,IMPRUD. CONDUTOR-FALTA DE ATENÇÃO,AUTOMÓVEL=1|MOTO=1,RIBEIRÃO PRETO,RIBEIRÃO PRETO,RIBEIRÃO PRETO,ESTADUAL
30652,2023-10-30,02:28:48,L28-ENTREVIAS,SP330,374.248,NORTE,-20.65989309798785,-47.88150869349762,COLISÃO,COLISÃO-TRASEIRA,IMPRUD. CONDUTOR-DORMIR AO VOLANTE,CAMINHÃO=2,SÃO JOAQUIM DA BARRA,FRANCA,RIBEIRÃO PRETO,ESTADUAL
30655,2023-10-30,19:58:12,L28-ENTREVIAS,SP330,418.0,SUL,-20.28120757833336,-47.79731786847458,COLISÃO,COLISÃO-TRASEIRA,IMPRUD. CONDUTOR-FALTA DE ATENÇÃO,CAMINHÃO=1|UTILITÁRIO=1,ITUVERAVA,FRANCA,RIBEIRÃO PRETO,ESTADUAL
30660,2023-11-03,02:34:00,L28-ENTREVIAS,SP330,363.696,SUL,-20.75527786110506,-47.89263588935231,COLISÃO,COLISÃO-TRASEIRA,IMPRUD. CONDUTOR-FALTA DE ATENÇÃO,AUTOMÓVEL=1|NÃO INFORMADO=1,ORLÂNDIA,FRANCA,RIBEIRÃO PRETO,ESTADUAL
30662,2023-11-03,10:11:34,L28-ENTREVIAS,SP330,336.0,NORTE,-20.97827157450826,-47.86150352329048,CHOQUE,CHOQUE-DEFENSA METÁLICA,IMPRUD. CONDUTOR-PERDA DE CONTROLE,UTILITÁRIO=1,JARDINÓPOLIS,RIBEIRÃO PRETO,RIBEIRÃO PRETO,ESTADUAL
30666,2023-11-05,17:11:29,L28-ENTREVIAS,SP330,441.56,NORTE,-20.06294444739724,-47.78905527870776,COLISÃO,COLISÃO-LATERAL,IMPRUD. CONDUTOR-FALTA DE ATENÇÃO,AUTOMÓVEL=1|CAMINHÃO=1,IGARAPAVA,FRANCA,RIBEIRÃO PRETO,ESTADUAL
30667,2023-11-05,18:24:15,L28-ENTREVIAS,SP330,403.89,NORTE,-20.39518577127289,-47.81890821964247,CHOQUE,CHOQUE-DEFENSA METÁLICA,IMPRUD. CONDUTOR-PERDA DE CONTROLE,AUTOMÓVEL=1,ITUVERAVA,FRANCA,RIBEIRÃO PRETO,ESTADUAL
30669,2023-11-06,02:47:00,L28-ENTREVIAS,SP330,369.63,NORTE,-20.69853047477459,-47.89107510447701,ATROPELAMENTO DE ANIMAL,ATROP. ANIMAL-SILVESTRE GRANDE PORTE,ANIMAL NA RODOVIA,AUTOMÓVEL=1,ORLÂNDIA,FRANCA,RIBEIRÃO PRETO,ESTADUAL
30675,2023-11-06,19:46:00,L28-ENTREVIAS,SP330,418.0,SUL,-20.27406813556293,-47.7977899372612,COLISÃO,COLISÃO-TRASEIRA,IMPRUD. CONDUTOR-FALTA DE ATENÇÃO,AUTOMÓVEL=1|CAMINHÃO=1,ITUVERAVA,FRANCA,RIBEIRÃO PRETO,ESTADUAL
30676,2023-11-06,23:40:15,L28-ENTREVIAS,SP330,326.67,NORTE,-21.06397259029118,-47.8168615453245,COLISÃO,COLISÃO-TRASEIRA,IMPRUD. CONDUTOR-FALTA DE ATENÇÃO,CAMINHÃO=2,JARDINÓPOLIS,RIBEIRÃO PRETO,RIBEIRÃO PRETO,ESTADUAL
30682,2023-11-08,06:57:27,L28-ENTREVIAS,SP330,443.12,SUL,-20.192424531205,-47.78544894385531,CHOQUE,CHOQUE-DEFENSA METÁLICA,IMPRUD. CONDUTOR-PERDA DE CONTROLE,AUTOMÓVEL=1,IGARAPAVA,FRANCA,RIBEIRÃO PRETO,ESTADUAL
30684,2023-11-09,00:56:14,L28-ENTREVIAS,SP330,335.372,NORTE,-20.94087961451815,-47.88008506369994,CHOQUE,CHOQUE-VEÍCULO PARADO NO ACOSTAMENTO,PANE MECÂNICA/ELÉTRICA,CAMINHÃO=1|UTILITÁRIO=1,JARDINÓPOLIS,RIBEIRÃO PRETO,RIBEIRÃO PRETO,ESTADUAL
30686,2023-11-09,09:08:00,L28-ENTREVIAS,SP330,447.5,SUL,-20.02083501551588,-47.78292946455022,CHOQUE,CHOQUE-EQUIPAMENTO,IMPRUD. CONDUTOR-DORMIR AO VOLANTE,AUTOMÓVEL=1,IGARAPAVA,FRANCA,RIBEIRÃO PRETO,ESTADUAL
30688,2023-11-10,14:37:00,L28-ENTREVIAS,SP330,353.5,SUL,-20.82804341675989,-47.89367373144155,CHOQUE,CHOQUE-TALUDE OU BARRANCO,PANE MECÂNICA/ELÉTRICA,UTILITÁRIO=1,SALES OLIVEIRA,FRANCA,RIBEIRÃO PRETO,ESTADUAL
30697,2023-11-12,12:23:00,L28-ENTREVIAS,SP330,367.0,SUL,-20.70629637897071,-47.89245998033436,COLISÃO,COLISÃO-FRONTAL,IMPRUD. CONDUTOR-CONVERSÃO IRREGULAR,MOTO=1|UTILITÁRIO=1,ORLÂNDIA,FRANCA,RIBEIRÃO PRETO,ESTADUAL
30702,2023-11-13,17:48:00,L28-ENTREVIAS,SP330,382.45,NORTE,-20.57378181773871,-47.87189250802193,TOMBAMENTO,TOMBAMENTO-MOTO,IMPRUD. CONDUTOR-PERDA DE CONTROLE,MOTO=1,SÃO JOAQUIM DA BARRA,FRANCA,RIBEIRÃO PRETO,ESTADUAL
30703,2023-11-14,05:06:00,L28-ENTREVIAS,SP330,359.76,SUL,-20.7801071809436,-47.89099808265794,CHOQUE,CHOQUE-DEFENSA METÁLICA,PANE MECÂNICA/ELÉTRICA,CAMINHÃO=1,ORLÂNDIA,FRANCA,RIBEIRÃO PRETO,ESTADUAL
30707,2023-11-16,23:43:42,L28-ENTREVIAS,SP330,339.21,SUL,-20.9548471123227,-47.87324006629394,COLISÃO,COLISÃO-TRASEIRA,IMPRUD. CONDUTOR-FALTA DE ATENÇÃO,CAMINHÃO=2,JARDINÓPOLIS,RIBEIRÃO PRETO,RIBEIRÃO PRETO,ESTADUAL
30710,2023-11-17,14:29:00,L28-ENTREVIAS,SP330,355.558,SUL,-20.81963994840803,-47.89298708593373,COLISÃO,COLISÃO-LATERAL,IMPRUD. CONDUTOR-BAIXA VELOCIDADE,AUTOMÓVEL=1|CAMINHÃO=1|UTILITÁRIO=1,SALES OLIVEIRA,FRANCA,RIBEIRÃO PRETO,ESTADUAL
30719,2023-11-19,20:11:10,L28-ENTREVIAS,SPA327/330,0.339,LESTE,-21.05692811779175,-47.82189971056317,COLISÃO,COLISÃO-TRANSVERSAL,IMPRUD. CONDUTOR-EMBRIAGUEZ,AUTOMÓVEL=1|NÃO INFORMADO=1,JARDINÓPOLIS,RIBEIRÃO PRETO,RIBEIRÃO PRETO,ESTADUAL
30720,2023-11-19,20:42:00,L28-ENTREVIAS,SP330,358.156,NORTE,-20.80395514664245,-47.89164031850184,CHOQUE,CHOQUE-TALUDE OU BARRANCO,IMPRUD. CONDUTOR-PERDA DE CONTROLE,AUTOMÓVEL=1,ORLÂNDIA,FRANCA,RIBEIRÃO PRETO,ESTADUAL
30723,2023-11-20,14:51:00,L28-ENTREVIAS,SP330,400.1,SUL,-20.44004488251242,-47.83548246730937,CHOQUE,CHOQUE-ELEMENTO DE DRENAGEM,IMPRUD. CONDUTOR-PERDA DE CONTROLE,AUTOMÓVEL=1,GUARÁ,FRANCA,RIBEIRÃO PRETO,ESTADUAL
30730,2023-11-23,22:54:00,L28-ENTREVIAS,SPA327/330,1.857,OESTE,-21.04810445285567,-47.82095704717884,ATROPELAMENTO DE ANIMAL,ATROP. ANIMAL-DOMÉSTICO GRANDE PORTE,ANIMAL NA RODOVIA,MOTO=1,JARDINÓPOLIS,RIBEIRÃO PRETO,RIBEIRÃO PRETO,ESTADUAL
30733,2023-11-26,03:30:00,L28-ENTREVIAS,SP330,395.12,SUL,-20.49378278439047,-47.84389040640916,CHOQUE,CHOQUE-DEFENSA METÁLICA,IMPRUD. CONDUTOR-EMBRIAGUEZ,AUTOMÓVEL=1,GUARÁ,FRANCA,RIBEIRÃO PRETO,ESTADUAL
30735,2023-11-26,22:55:23,L28-ENTREVIAS,SP330,319.32,SUL,-21.11432279722051,-47.77911376822172,ATROPELAMENTO DE ANIMAL,ATROP. ANIMAL-DOMÉSTICO GRANDE PORTE,ANIMAL NA RODOVIA,AUTOMÓVEL=1,RIBEIRÃO PRETO,RIBEIRÃO PRETO,RIBEIRÃO PRETO,ESTADUAL
30740,2023-11-27,22:55:00,L28-ENTREVIAS,SP330,350.0,SUL,-20.86185376699442,-47.89646318480779,CHOQUE,CHOQUE-PROTEÇÃO DA CABINE DE PEDÁGIO,IMPRUD. CONDUTOR-FALTA DE ATENÇÃO,AUTOMÓVEL=1,SALES OLIVEIRA,FRANCA,RIBEIRÃO PRETO,ESTADUAL
30743,2023-11-28,20:41:19,L28-ENTREVIAS,SP330,327.132,NORTE,-21.05692811779175,-47.82189971056317,CHOQUE,CHOQUE-TALUDE OU BARRANCO,IMPRUD. CONDUTOR-DORMIR AO VOLANTE,UTILITÁRIO=1,JARDINÓPOLIS,RIBEIRÃO PRETO,RIBEIRÃO PRETO,ESTADUAL
30744,2023-11-29,02:24:34,L28-ENTREVIAS,SPA327/330,4.745,LESTE,-21.02978140536148,-47.78143501921048,CHOQUE,CHOQUE-MEIO FIO/CALÇAMENTO,IMPRUD. CONDUTOR-PERDA DE CONTROLE,UTILITÁRIO=1,JARDINÓPOLIS,RIBEIRÃO PRETO,RIBEIRÃO PRETO,ESTADUAL
30745,2023-11-29,08:18:34,L28-ENTREVIAS,SP330,370.787,SUL,-20.67569179504599,-47.88522578763738,TOMBAMENTO,TOMBAMENTO-VEÍCULOS PESADOS,IMPRUD. CONDUTOR-PERDA DE CONTROLE,CAMINHÃO=1,ORLÂNDIA,FRANCA,RIBEIRÃO PRETO,ESTADUAL
30763,2023-12-05,22:09:25,L28-ENTREVIAS,SP330,411.8,NORTE,-20.32517925863136,-47.8038410007988,COLISÃO,COLISÃO-TRASEIRA,IMPRUD. CONDUTOR-FALTA DE ATENÇÃO,AUTOMÓVEL=1|BICICLETA=1,ITUVERAVA,FRANCA,RIBEIRÃO PRETO,ESTADUAL
30764,2023-12-06,23:17:00,L28-ENTREVIAS,SPA327/330,0.169,OESTE,-21.04810445285567,-47.82095704717884,CHOQUE,CHOQUE-TALUDE OU BARRANCO,IMPRUD. CONDUTOR-LEVOU FECHADA,AUTOMÓVEL=1,JARDINÓPOLIS,RIBEIRÃO PRETO,RIBEIRÃO PRETO,ESTADUAL
30768,2023-12-08,21:57:00,L28-ENTREVIAS,SP330,425.561,NORTE,-20.20636690064272,-47.78686515021517,COLISÃO,COLISÃO-TRASEIRA,IMPRUD. CONDUTOR-DORMIR AO VOLANTE,CAMINHÃO=2,ARAMINA,FRANCA,RIBEIRÃO PRETO,ESTADUAL
30769,2023-12-09,02:11:00,L28-ENTREVIAS,SP330,357.324,NORTE,-20.80395514664245,-47.89164031850184,CHOQUE,CHOQUE-EQUIPAMENTO,IMPRUD. CONDUTOR-DORMIR AO VOLANTE,CAMINHÃO=1,SALES OLIVEIRA,FRANCA,RIBEIRÃO PRETO,ESTADUAL
30770,2023-12-09,06:39:12,L28-ENTREVIAS,SP330,442.19,SUL,-20.05736446129254,-47.78809308818636,TOMBAMENTO,TOMBAMENTO-VEÍCULOS PESADOS,IMPRUD. CONDUTOR-LEVOU FECHADA,CAMINHÃO=1,IGARAPAVA,FRANCA,RIBEIRÃO PRETO,ESTADUAL
30771,2023-12-09,14:25:27,L28-ENTREVIAS,SP330,323.2,NORTE,-21.06397259029118,-47.8168615453245,COLISÃO,COLISÃO-TRASEIRA,IMPRUD. CONDUTOR-FALTA DE ATENÇÃO,UTILITÁRIO=1|ÔNIBUS=1,RIBEIRÃO PRETO,RIBEIRÃO PRETO,RIBEIRÃO PRETO,ESTADUAL
30773,2023-12-09,22:50:00,L28-ENTREVIAS,SP330,386.539,NORTE,-20.55283398330108,-47.86136876572749,ATROPELAMENTO DE ANIMAL,ATROP. ANIMAL-DOMÉSTICO GRANDE PORTE,ANIMAL NA RODOVIA,AUTOMÓVEL=1,SÃO JOAQUIM DA BARRA,FRANCA,RIBEIRÃO PRETO,ESTADUAL
30776,2023-12-10,16:50:00,L28-ENTREVIAS,SP330,348.28,SUL,-20.887624438669,-47.89621373912441,COLISÃO,COLISÃO-TRASEIRA,CONDIÇÃO CLIMÁTICA,AUTOMÓVEL=1|MOTO=1,SALES OLIVEIRA,FRANCA,RIBEIRÃO PRETO,ESTADUAL
30777,2023-12-10,23:07:03,L28-ENTREVIAS,SP330,388.0,NORTE,-20.53471004514387,-47.84835027493978,CHOQUE,CHOQUE-DEFENSA METÁLICA,PISTA MOLHADA,ÔNIBUS=1,SÃO JOAQUIM DA BARRA,FRANCA,RIBEIRÃO PRETO,ESTADUAL
30780,2023-12-11,19:11:00,L28-ENTREVIAS,SP330,322.9,SUL,-21.10114425085008,-47.78851655272587,CHOQUE,CHOQUE-VEÍCULO PARADO NA PISTA,VEÍCULO PARADO NA FAIXA,AUTOMÓVEL=1|MOTO=1,RIBEIRÃO PRETO,RIBEIRÃO PRETO,RIBEIRÃO PRETO,ESTADUAL
30781,2023-12-11,20:53:31,L28-ENTREVIAS,SP330,333.21,SUL,-21.0074001726547,-47.84686939090523,COLISÃO,COLISÃO-LATERAL,IMPRUD. CONDUTOR-PERDA DE CONTROLE,AUTOMÓVEL=1|CAMINHÃO=1,JARDINÓPOLIS,RIBEIRÃO PRETO,RIBEIRÃO PRETO,ESTADUAL
30784,2023-12-12,23:53:38,L28-ENTREVIAS,SP330,387.455,NORTE,-20.54142137693465,-47.85345720090414,COLISÃO,COLISÃO-TRASEIRA,IMPRUD. CONDUTOR-DORMIR AO VOLANTE,UTILITÁRIO=2,SÃO JOAQUIM DA BARRA,FRANCA,RIBEIRÃO PRETO,ESTADUAL
30785,2023-12-12,22:38:33,L28-ENTREVIAS,SP330,335.373,NORTE,-21.01489556827631,-47.84304992526802,COLISÃO,COLISÃO-TRASEIRA,IMPRUD. CONDUTOR-FAROL DESREGULADO/APAGADO,CAMINHÃO=2,JARDINÓPOLIS,RIBEIRÃO PRETO,RIBEIRÃO PRETO,ESTADUAL
30788,2023-12-13,23:51:23,L28-ENTREVIAS,SP330,319.0,SUL,-21.11722524534491,-47.77698945868193,COLISÃO,COLISÃO-LATERAL,IMPRUD. CONDUTOR-FALTA DE ATENÇÃO,AUTOMÓVEL=1|UTILITÁRIO=1,RIBEIRÃO PRETO,RIBEIRÃO PRETO,RIBEIRÃO PRETO,ESTADUAL
30804,2023-12-16,08:17:00,L28-ENTREVIAS,SP330,445.0,SUL,-20.03527164776891,-47.78079747966585,COLISÃO,COLISÃO-TRASEIRA,IMPRUD. CONDUTOR-PERDA DE CONTROLE,NÃO INFORMADO=1|UTILITÁRIO=1,IGARAPAVA,FRANCA,RIBEIRÃO PRETO,ESTADUAL
30813,2023-12-18,09:04:00,L28-ENTREVIAS,SP330,431.348,NORTE,-20.14646088978785,-47.7896975629349,CHOQUE,CHOQUE-ELEMENTO DE DRENAGEM,IMPRUD. CONDUTOR-PERDA DE CONTROLE,AUTOMÓVEL=1,ARAMINA,FRANCA,RIBEIRÃO PRETO,ESTADUAL
30820,2023-12-18,22:21:00,L28-ENTREVIAS,SPA327/330,4.22,OESTE,-21.03999557138197,-47.80355787916532,ATROPELAMENTO DE ANIMAL,ATROP. ANIMAL-SILVESTRE GRANDE PORTE,ANIMAL NA RODOVIA,AUTOMÓVEL=1,JARDINÓPOLIS,RIBEIRÃO PRETO,RIBEIRÃO PRETO,ESTADUAL
30821,2023-12-19,15:36:00,L28-ENTREVIAS,SP330,324.819,NORTE,-21.08715041068619,-47.79862311629399,COLISÃO,COLISÃO-TRASEIRA,IMPRUD. CONDUTOR-DIST. INADEQUADA ENTRE VEÍC.,CAMINHÃO=2,RIBEIRÃO PRETO,RIBEIRÃO PRETO,RIBEIRÃO PRETO,ESTADUAL
30824,2023-12-20,08:18:39,L28-ENTREVIAS,SP330,384.205,NORTE,-20.55950433745527,-47.86475907792232,CHOQUE,CHOQUE-ELEMENTO DE DRENAGEM,IMPRUD. CONDUTOR-LEVOU FECHADA,AUTOMÓVEL=1,SÃO JOAQUIM DA BARRA,FRANCA,RIBEIRÃO PRETO,ESTADUAL
30829,2023-12-21,05:58:22,L28-ENTREVIAS,SP330,376.0,SUL,-20.65989309798785,-47.88150869349762,CHOQUE,CHOQUE-DEFENSA METÁLICA,IMPRUD. CONDUTOR-PERDA DE CONTROLE,AUTOMÓVEL=1,SÃO JOAQUIM DA BARRA,FRANCA,RIBEIRÃO PRETO,ESTADUAL
30830,2023-12-21,09:08:00,L28-ENTREVIAS,SP330,369.91,NORTE,-20.69082809350879,-47.88879448689868,CHOQUE,CHOQUE-ELEMENTO DE DRENAGEM,IMPRUD. CONDUTOR-FREADA BRUSCA,UTILITÁRIO=1,ORLÂNDIA,FRANCA,RIBEIRÃO PRETO,ESTADUAL
30831,2023-12-21,14:54:20,L28-ENTREVIAS,SP330,321.0,NORTE,-21.10114425085008,-47.78851655272587,TOMBAMENTO,TOMBAMENTO-MOTO,IMPRUD. CONDUTOR-EXCESSO DE VELOCIDADE,MOTO=1,RIBEIRÃO PRETO,RIBEIRÃO PRETO,RIBEIRÃO PRETO,ESTADUAL
30832,2023-12-21,15:50:00,L28-ENTREVIAS,SP330,322.966,SUL,-21.09421756485558,-47.79355910567387,COLISÃO,COLISÃO-TRASEIRA,IMPRUD. CONDUTOR-DORMIR AO VOLANTE,CAMINHÃO=1|UTILITÁRIO=1,RIBEIRÃO PRETO,RIBEIRÃO PRETO,RIBEIRÃO PRETO,ESTADUAL
30836,2023-12-13,00:16:00,L28-ENTREVIAS,SP330,433.157,NORTE,-20.16962567983632,-47.7876805417557,COLISÃO,COLISÃO-TRASEIRA,IMPRUD. CONDUTOR-FALTA DE ATENÇÃO,CAMINHÃO=2,ARAMINA,FRANCA,RIBEIRÃO PRETO,ESTADUAL
30837,2023-12-22,13:35:52,L28-ENTREVIAS,SP330,441.8,SUL,-20.06294444739724,-47.78905527870776,CHOQUE,CHOQUE-OBJETO NA PISTA,OBJETO NA PISTA,AUTOMÓVEL=1|UTILITÁRIO=1,IGARAPAVA,FRANCA,RIBEIRÃO PRETO,ESTADUAL
30838,2023-12-22,15:11:33,L28-ENTREVIAS,SP330,433.16,NORTE,-20.13832218248848,-47.79012671637728,COLISÃO,COLISÃO-LATERAL,ANIMAL NA RODOVIA,AUTOMÓVEL=1|UTILITÁRIO=2,ARAMINA,FRANCA,RIBEIRÃO PRETO,ESTADUAL
30839,2023-12-22,16:47:00,L28-ENTREVIAS,SP330,379.0,SUL,-20.60767470766025,-47.88434110621734,COLISÃO,COLISÃO-TRASEIRA,IMPRUD. CONDUTOR-FALTA DE ATENÇÃO,CAMINHÃO=1|UTILITÁRIO=1,SÃO JOAQUIM DA BARRA,FRANCA,RIBEIRÃO PRETO,ESTADUAL
30841,2023-12-23,03:17:53,L28-ENTREVIAS,SPA327/330,2.29,LESTE,-21.04491652122631,-47.81353737248963,TOMBAMENTO,TOMBAMENTO-MOTO,IMPRUD. CONDUTOR-EMBRIAGUEZ,MOTO=1,JARDINÓPOLIS,RIBEIRÃO PRETO,RIBEIRÃO PRETO,ESTADUAL
30843,2023-12-23,08:41:00,L28-ENTREVIAS,SP330,320.0,NORTE,-21.10801728324018,-47.78364133703886,COLISÃO,COLISÃO-TRASEIRA,IMPRUD. CONDUTOR-FALTA DE ATENÇÃO,AUTOMÓVEL=1|UTILITÁRIO=1,RIBEIRÃO PRETO,RIBEIRÃO PRETO,RIBEIRÃO PRETO,ESTADUAL
30846,2023-12-23,10:20:00,L28-ENTREVIAS,SP330,340.2,SUL,-21.05692811779175,-47.82189971056317,CHOQUE,CHOQUE-DEFENSA METÁLICA,IMPRUD. CONDUTOR-PERDA DE CONTROLE,AUTOMÓVEL=1,JARDINÓPOLIS,RIBEIRÃO PRETO,RIBEIRÃO PRETO,ESTADUAL
30847,2023-12-23,10:33:50,L28-ENTREVIAS,SP330,349.96,NORTE,-20.86185376699442,-47.89646318480779,COLISÃO,COLISÃO-TRASEIRA,IMPRUD. CONDUTOR-FALTA DE ATENÇÃO,AUTOMÓVEL=2,SALES OLIVEIRA,FRANCA,RIBEIRÃO PRETO,ESTADUAL
30849,2023-12-23,10:37:45,L28-ENTREVIAS,SP330,349.0,NORTE,-20.86185376699442,-47.89646318480779,ENGAVETAMENTO,ENGAVETAMENTO,IMPRUD. CONDUTOR-FALTA DE ATENÇÃO,AUTOMÓVEL=1|NÃO INFORMADO=2,SALES OLIVEIRA,FRANCA,RIBEIRÃO PRETO,ESTADUAL
30850,2023-12-22,10:12:00,L28-ENTREVIAS,SP330,438.0,NORTE,-20.10024067653798,-47.79001583974221,CHOQUE,CHOQUE-DEFENSA METÁLICA,IMPRUD. CONDUTOR-FALTA DE ATENÇÃO,AUTOMÓVEL=1,ARAMINA,FRANCA,RIBEIRÃO PRETO,ESTADUAL
30857,2023-12-25,18:44:00,L28-ENTREVIAS,SP330,320.652,SUL,-21.10114425085008,-47.78851655272587,CHOQUE,CHOQUE-OUTROS,IMPRUD. CONDUTOR-PERDA DE CONTROLE,AUTOMÓVEL=1,RIBEIRÃO PRETO,RIBEIRÃO PRETO,RIBEIRÃO PRETO,ESTADUAL
30867,2023-12-30,08:40:00,L28-ENTREVIAS,SP330,342.567,NORTE,-20.94087961451815,-47.88008506369994,TOMBAMENTO,TOMBAMENTO-VEÍCULOS PESADOS,ESTOURO/FURO DE PNEU,CAMINHÃO=1,JARDINÓPOLIS,RIBEIRÃO PRETO,RIBEIRÃO PRETO,ESTADUAL
30870,2023-12-30,22:17:00,L28-ENTREVIAS,SP330,361.843,NORTE,-20.76336470306418,-47.89199588040018,COLISÃO,COLISÃO-LATERAL,IMPRUD. CONDUTOR-MANOBRA BRUSCA,MOTO=1|NÃO INFORMADO=1|UTILITÁRIO=1,ORLÂNDIA,FRANCA,RIBEIRÃO PRETO,ESTADUAL
30877,2023-01-03,14:15:56,L29-VIAPAULISTA,SP330,304.7,NORTE,-21.23107529,-47.75937271,CHOQUE,CHOQUE-ELEMENTO DE DRENAGEM,IMPRUD. CONDUTOR-PERDA DE CONTROLE,AUTOMÓVEL=1,RIBEIRÃO PRETO,RIBEIRÃO PRETO,RIBEIRÃO PRETO,ESTADUAL
30881,2023-01-04,07:29:53,L29-VIAPAULISTA,SP330,315.0,SUL,-21.13899781,-47.76203254,ENGAVETAMENTO,ENGAVETAMENTO,IMPRUD. CONDUTOR-DIST. INADEQUADA ENTRE VEÍC.,AUTOMÓVEL=1|CAMINHÃO=1|MOTO=1,RIBEIRÃO PRETO,RIBEIRÃO PRETO,RIBEIRÃO PRETO,ESTADUAL
30886,2023-01-05,11:55:23,L29-VIAPAULISTA,SPA241/330,10.21,LESTE,-21.7192955,-47.47541809,COLISÃO,COLISÃO-TRANSVERSAL,CICLISTA NA RODOVIA,BICICLETA=1|MOTO=1,SANTA RITA DO PASSA QUATRO,CENTRAL,RIBEIRÃO PRETO,ESTADUAL
30891,2023-01-07,04:57:36,L29-VIAPAULISTA,SP330,307.5,SUL,-21.20635033,-47.75839996,CHOQUE,"CHOQUE - DEFENSA, BARREIRA OU ""SUBMARINO""",IMPRUD. CONDUTOR-PERDA DE CONTROLE,AUTOMÓVEL=1,RIBEIRÃO PRETO,RIBEIRÃO PRETO,RIBEIRÃO PRETO,ESTADUAL
30892,2023-01-07,06:19:21,L29-VIAPAULISTA,SP330,300.2,SUL,-21.27130127,-47.75563049,COLISÃO,COLISÃO-TRASEIRA,IMPRUD. CONDUTOR,AUTOMÓVEL=1|CAMINHÃO=1,CRAVINHOS,RIBEIRÃO PRETO,RIBEIRÃO PRETO,ESTADUAL
30893,2023-01-07,17:05:57,L29-VIAPAULISTA,SP330,307.2,NORTE,-21.20856986,-47.75838111,CHOQUE,CHOQUE-ELEMENTO DE DRENAGEM,IMPRUD. CONDUTOR-PERDA DE CONTROLE,AUTOMÓVEL=1,RIBEIRÃO PRETO,RIBEIRÃO PRETO,RIBEIRÃO PRETO,ESTADUAL
30894,2023-01-07,15:47:35,L29-VIAPAULISTA,SP330,303.8,SUL,-21.24027031,-47.75827836,CHOQUE,CHOQUE-VEÍCULO PARADO NA PISTA,IMPRUD. CONDUTOR-DIST. INADEQUADA ENTRE VEÍC.,CAMINHÃO=2,RIBEIRÃO PRETO,RIBEIRÃO PRETO,RIBEIRÃO PRETO,ESTADUAL
30896,2023-01-07,19:00:39,L29-VIAPAULISTA,SP330,307.3,SUL,-21.20795066,-47.7584365,CHOQUE,CHOQUE-ELEMENTO DE DRENAGEM,IMPRUD. CONDUTOR-PERDA DE CONTROLE,AUTOMÓVEL=1,RIBEIRÃO PRETO,RIBEIRÃO PRETO,RIBEIRÃO PRETO,ESTADUAL
30898,2023-01-09,03:01:54,L29-VIAPAULISTA,SP330,310.1,SUL,-21.18255334,-47.75704433,CHOQUE,"CHOQUE - DEFENSA, BARREIRA OU ""SUBMARINO""",IMPRUD. CONDUTOR-PERDA DE CONTROLE,AUTOMÓVEL=1,RIBEIRÃO PRETO,RIBEIRÃO PRETO,RIBEIRÃO PRETO,ESTADUAL
30904,2023-01-09,17:49:34,L29-VIAPAULISTA,SP330,310.0,NORTE,-21.18325233,-47.75705338,COLISÃO,COLISÃO-TRASEIRA,IMPRUD. CONDUTOR,AUTOMÓVEL=2,RIBEIRÃO PRETO,RIBEIRÃO PRETO,RIBEIRÃO PRETO,ESTADUAL
30908,2023-01-10,06:20:57,L29-VIAPAULISTA,SP330,297.0,NORTE,-21.29743333,-47.74362992,TOMBAMENTO,TOMBAMENTO,IMPRUD. CONDUTOR-PERDA DE CONTROLE,CAMINHONETE=1,CRAVINHOS,RIBEIRÃO PRETO,RIBEIRÃO PRETO,ESTADUAL
30909,2023-01-10,08:25:32,L29-VIAPAULISTA,SPA307/330,3.0,OESTE,-21.18945122,-47.78164291,COLISÃO,COLISÃO-TRASEIRA,IMPRUD. CONDUTOR-PERDA DE CONTROLE,AUTOMÓVEL=1|MOTO=1,RIBEIRÃO PRETO,RIBEIRÃO PRETO,RIBEIRÃO PRETO,ESTADUAL
30913,2023-01-10,18:10:40,L29-VIAPAULISTA,SP330,315.0,NORTE,-21.13899781,-47.76203254,COLISÃO,COLISÃO-TRASEIRA,IMPRUD. CONDUTOR,AUTOMÓVEL=1|CAMINHÃO=1,RIBEIRÃO PRETO,RIBEIRÃO PRETO,RIBEIRÃO PRETO,ESTADUAL
30914,2023-01-10,06:43:50,L29-VIAPAULISTA,SP330,282.0,SUL,-21.40661865,-47.67023792,CHOQUE,"CHOQUE - DEFENSA, BARREIRA OU ""SUBMARINO""",IMPRUD. CONDUTOR-PERDA DE CONTROLE,CAMINHÃO=2,SÃO SIMÃO,RIBEIRÃO PRETO,RIBEIRÃO PRETO,ESTADUAL
30916,2023-01-11,08:24:47,L29-VIAPAULISTA,SP330,317.0,NORTE,-21.12372256,-47.7722362,TOMBAMENTO,TOMBAMENTO,ESTOURO/FURO DE PNEU,MOTO=1,RIBEIRÃO PRETO,RIBEIRÃO PRETO,RIBEIRÃO PRETO,ESTADUAL
30923,2023-01-13,02:25:16,L29-VIAPAULISTA,SP330,312.45,NORTE,-21.1612587,-47.75615692,TOMBAMENTO,TOMBAMENTO,ÓLEO NA PISTA,MOTO=1,RIBEIRÃO PRETO,RIBEIRÃO PRETO,RIBEIRÃO PRETO,ESTADUAL
30924,2023-01-12,23:56:06,L29-VIAPAULISTA,SP330,301.45,SUL,-21.2601738,-47.75447083,COLISÃO,COLISÃO-TRASEIRA,IMPRUD. CONDUTOR,CAMINHÃO=2,RIBEIRÃO PRETO,RIBEIRÃO PRETO,RIBEIRÃO PRETO,ESTADUAL
30927,2023-01-13,06:45:26,L29-VIAPAULISTA,SP330,295.7,SUL,-21.30926334,-47.73829492,CHOQUE,CHOQUE-OBJETO NA PISTA,PANE MECÂNICA/ELÉTRICA,CAMINHÃO=1|UTILITÁRIO=1,CRAVINHOS,RIBEIRÃO PRETO,RIBEIRÃO PRETO,ESTADUAL
30932,2023-01-13,19:25:57,L29-VIAPAULISTA,SP330,281.7,NORTE,-21.40887833,-47.66847992,CHOQUE,"CHOQUE - DEFENSA, BARREIRA OU ""SUBMARINO""",IMPRUD. CONDUTOR-LEVOU FECHADA,CAMINHÃO=1,SÃO SIMÃO,RIBEIRÃO PRETO,RIBEIRÃO PRETO,ESTADUAL
30946,2023-01-16,16:44:55,L29-VIAPAULISTA,SP330,283.3,NORTE,-21.39870262,-47.67901611,CHOQUE,CHOQUE-VEÍCULO PARADO NA PISTA,VEÍCULO PARADO NA FAIXA,AUTOMÓVEL=1|CAMINHÃO=1,SÃO SIMÃO,RIBEIRÃO PRETO,RIBEIRÃO PRETO,ESTADUAL
30948,2023-01-17,14:47:56,L29-VIAPAULISTA,SP330,307.6,SUL,-21.20544967,-47.7583537,TOMBAMENTO,TOMBAMENTO,ÓLEO NA PISTA,MOTO=1,RIBEIRÃO PRETO,RIBEIRÃO PRETO,RIBEIRÃO PRETO,ESTADUAL
30951,2023-01-18,08:07:56,L29-VIAPAULISTA,SP330,316.0,SUL,-21.13120643,-47.76686411,COLISÃO,COLISÃO-TRASEIRA,IMPRUD. CONDUTOR-DIST. INADEQUADA ENTRE VEÍC.,AUTOMÓVEL=1|CAMINHONETE=1,RIBEIRÃO PRETO,RIBEIRÃO PRETO,RIBEIRÃO PRETO,ESTADUAL
30952,2023-01-18,08:31:01,L29-VIAPAULISTA,SP330,257.769,NORTE,-21.61545019,-47.61604623,CHOQUE,CHOQUE-OUTROS,IMPRUD. CONDUTOR-LEVOU FECHADA,AUTOMÓVEL=1,SANTA RITA DO PASSA QUATRO,CENTRAL,RIBEIRÃO PRETO,ESTADUAL
30955,2023-01-18,22:17:51,L29-VIAPAULISTA,SP330,290.5,NORTE,-21.35238617,-47.72409498,COLISÃO,COLISÃO-TRASEIRA,NÃO INFORMADO,CAMINHÃO=2,CRAVINHOS,RIBEIRÃO PRETO,RIBEIRÃO PRETO,ESTADUAL
30959,2023-01-19,17:21:04,L29-VIAPAULISTA,SP330,315.0,NORTE,-21.13899781,-47.76203254,TOMBAMENTO,TOMBAMENTO,IMPRUD. CONDUTOR-PERDA DE CONTROLE,MOTO=1,RIBEIRÃO PRETO,RIBEIRÃO PRETO,RIBEIRÃO PRETO,ESTADUAL
30960,2023-01-19,18:40:08,L29-VIAPAULISTA,SP330,309.0,NORTE,-21.19226397,-47.75752571,ENGAVETAMENTO,ENGAVETAMENTO,IMPRUD. CONDUTOR-DIST. INADEQUADA ENTRE VEÍC.,AUTOMÓVEL=2|NÃO INFORMADO=1,RIBEIRÃO PRETO,RIBEIRÃO PRETO,RIBEIRÃO PRETO,ESTADUAL
30962,2023-01-20,01:41:43,L29-VIAPAULISTA,SP330,261.9,SUL,-21.5796516,-47.62830678,ATROPELAMENTO DE ANIMAL,ATROP. ANIMAL,ANIMAL NA RODOVIA,AUTOMÓVEL=1,SÃO SIMÃO,RIBEIRÃO PRETO,RIBEIRÃO PRETO,ESTADUAL
30965,2023-01-20,13:56:23,L29-VIAPAULISTA,SP330,307.0,NORTE,-21.21028775,-47.75847123,CHOQUE,"CHOQUE - DEFENSA, BARREIRA OU ""SUBMARINO""",IMPRUD. CONDUTOR-PERDA DE CONTROLE,AUTOMÓVEL=1,RIBEIRÃO PRETO,RIBEIRÃO PRETO,RIBEIRÃO PRETO,ESTADUAL
30971,2023-01-21,07:28:26,L29-VIAPAULISTA,SP330,271.0,NORTE,-21.49916501,-47.64166221,CHOQUE,CHOQUE-OBJETO NA PISTA,OBJETO NA PISTA,BICICLETA=1,SÃO SIMÃO,RIBEIRÃO PRETO,RIBEIRÃO PRETO,ESTADUAL
30972,2023-01-21,13:25:35,L29-VIAPAULISTA,SP330,307.5,NORTE,-21.20587184,-47.75823958,CHOQUE,"CHOQUE - DEFENSA, BARREIRA OU ""SUBMARINO""",IMPRUD. CONDUTOR-PERDA DE CONTROLE,AUTOMÓVEL=1,RIBEIRÃO PRETO,RIBEIRÃO PRETO,RIBEIRÃO PRETO,ESTADUAL
30973,2023-01-21,14:31:54,L29-VIAPAULISTA,SPA307/330,2.89,OESTE,-21.18999405,-47.78088579,TOMBAMENTO,TOMBAMENTO,ESTOURO/FURO DE PNEU,MOTO=1,RIBEIRÃO PRETO,RIBEIRÃO PRETO,RIBEIRÃO PRETO,ESTADUAL
30977,2023-01-22,02:04:52,L29-VIAPAULISTA,SP330,318.1,SUL,-21.11579314,-47.778013,COLISÃO,COLISÃO-TRASEIRA,NÃO INFORMADO,CAMINHÃO=1|MOTO=1,RIBEIRÃO PRETO,RIBEIRÃO PRETO,RIBEIRÃO PRETO,ESTADUAL
30978,2023-01-22,14:42:15,L29-VIAPAULISTA,SP330,253.0,SUL,-21.65807187,-47.60906381,COLISÃO,COLISÃO-TRASEIRA,IMPRUD. CONDUTOR-DIST. INADEQUADA ENTRE VEÍC.,AUTOMÓVEL=1|CAMINHÃO=1,SANTA RITA DO PASSA QUATRO,CENTRAL,RIBEIRÃO PRETO,ESTADUAL
30981,2023-01-23,07:09:26,L29-VIAPAULISTA,SP330,300.0,SUL,-21.27264072,-47.75521972,COLISÃO,COLISÃO-LATERAL,IMPRUD. CONDUTOR,AUTOMÓVEL=2,CRAVINHOS,RIBEIRÃO PRETO,RIBEIRÃO PRETO,ESTADUAL
30983,2023-01-23,18:35:04,L29-VIAPAULISTA,SP330,268.6,NORTE,-21.52087063,-47.64297708,CHOQUE,CHOQUE-OUTROS,IMPRUD. CONDUTOR,AUTOMÓVEL=1,SÃO SIMÃO,RIBEIRÃO PRETO,RIBEIRÃO PRETO,ESTADUAL
30985,2023-01-24,07:30:42,L29-VIAPAULISTA,SP330,314.7,SUL,-21.14237298,-47.76069455,TOMBAMENTO,TOMBAMENTO,ESTOURO/FURO DE PNEU,MOTO=1,RIBEIRÃO PRETO,RIBEIRÃO PRETO,RIBEIRÃO PRETO,ESTADUAL
30986,2023-01-24,07:57:49,L29-VIAPAULISTA,SP330,315.0,NORTE,-21.13899781,-47.76203254,TOMBAMENTO,TOMBAMENTO,IMPRUD. CONDUTOR-LEVOU FECHADA,MOTO=1,RIBEIRÃO PRETO,RIBEIRÃO PRETO,RIBEIRÃO PRETO,ESTADUAL
30988,2023-01-24,05:28:18,L29-VIAPAULISTA,SP330,309.5,SUL,-21.18750721,-47.75740898,CHOQUE,CHOQUE-SINALIZAÇÃO,IMPRUD. CONDUTOR-DORMIR AO VOLANTE,CAMINHÃO=1,RIBEIRÃO PRETO,RIBEIRÃO PRETO,RIBEIRÃO PRETO,ESTADUAL
30989,2023-01-25,05:06:34,L29-VIAPAULISTA,SP330,265.6,NORTE,-21.54760338,-47.63885856,COLISÃO,COLISÃO-TRASEIRA,IMPRUD. CONDUTOR-DORMIR AO VOLANTE,CAMINHÃO=2,SÃO SIMÃO,RIBEIRÃO PRETO,RIBEIRÃO PRETO,ESTADUAL
30992,2023-01-25,07:57:58,L29-VIAPAULISTA,SP330,316.0,SUL,-21.13120643,-47.76686411,COLISÃO,COLISÃO-TRASEIRA,IMPRUD. CONDUTOR-LEVOU FECHADA,AUTOMÓVEL=2,RIBEIRÃO PRETO,RIBEIRÃO PRETO,RIBEIRÃO PRETO,ESTADUAL
30997,2023-01-26,18:11:45,L29-VIAPAULISTA,SP330,304.0,NORTE,-21.23729315,-47.75877455,CHOQUE,CHOQUE-MEIO FIO/CALÇAMENTO,IMPRUD. CONDUTOR-PERDA DE CONTROLE,AUTOMÓVEL=1,RIBEIRÃO PRETO,RIBEIRÃO PRETO,RIBEIRÃO PRETO,ESTADUAL
31006,2023-01-27,17:41:53,L29-VIAPAULISTA,SP330,315.1,SUL,-21.13838286,-47.76241613,ENGAVETAMENTO,ENGAVETAMENTO,IMPRUD. CONDUTOR-DIST. INADEQUADA ENTRE VEÍC.,AUTOMÓVEL=2|NÃO INFORMADO=1,RIBEIRÃO PRETO,RIBEIRÃO PRETO,RIBEIRÃO PRETO,ESTADUAL
31014,2023-01-29,17:59:32,L29-VIAPAULISTA,SP330,318.0,NORTE,-21.11623851,-47.77760782,CHOQUE,CHOQUE-TALUDE OU BARRANCO,IMPRUD. CONDUTOR-PERDA DE CONTROLE,AUTOMÓVEL=1,RIBEIRÃO PRETO,RIBEIRÃO PRETO,RIBEIRÃO PRETO,ESTADUAL
31017,2023-01-29,23:37:02,L29-VIAPAULISTA,SP330,295.8,NORTE,-21.30738842,-47.73896794,CHOQUE,"CHOQUE - DEFENSA, BARREIRA OU ""SUBMARINO""",IMPRUD. CONDUTOR-LEVOU FECHADA,CAMINHÃO=1,CRAVINHOS,RIBEIRÃO PRETO,RIBEIRÃO PRETO,ESTADUAL
31023,2023-01-31,07:26:28,L29-VIAPAULISTA,SP330,313.7,SUL,-21.15100082,-47.75779625,CHOQUE,"CHOQUE - DEFENSA, BARREIRA OU ""SUBMARINO""",IMPRUD. CONDUTOR-PERDA DE CONTROLE,AUTOMÓVEL=1,RIBEIRÃO PRETO,RIBEIRÃO PRETO,RIBEIRÃO PRETO,ESTADUAL
31027,2023-01-31,15:27:49,L29-VIAPAULISTA,SPA307/330,3.0,LESTE,-21.18945095,-47.78164317,CHOQUE,"CHOQUE - DEFENSA, BARREIRA OU ""SUBMARINO""",IMPRUD. CONDUTOR-PERDA DE CONTROLE,AUTOMÓVEL=1,RIBEIRÃO PRETO,RIBEIRÃO PRETO,RIBEIRÃO PRETO,ESTADUAL
31031,2023-02-01,21:26:15,L29-VIAPAULISTA,SP330,313.0,SUL,-21.15622499,-47.7565865,TOMBAMENTO,TOMBAMENTO,VEÍCULO PARADO NA FAIXA,AUTOMÓVEL=1|CAMINHÃO=1|MOTO=1,RIBEIRÃO PRETO,RIBEIRÃO PRETO,RIBEIRÃO PRETO,ESTADUAL
31032,2023-02-01,22:23:23,L29-VIAPAULISTA,SP330,291.3,SUL,-21.34557257,-47.72406363,CHOQUE,"CHOQUE - DEFENSA, BARREIRA OU ""SUBMARINO""",IMPRUD. CONDUTOR-PERDA DE CONTROLE,AUTOMÓVEL=1,CRAVINHOS,RIBEIRÃO PRETO,RIBEIRÃO PRETO,ESTADUAL
31034,2023-02-01,15:00:39,L29-VIAPAULISTA,SP330,267.0,NORTE,-21.53506481,-47.64118729,COLISÃO,COLISÃO-TRASEIRA,IMPRUD. CONDUTOR-FREADA BRUSCA,AUTOMÓVEL=1|CAMINHÃO=1,SÃO SIMÃO,RIBEIRÃO PRETO,RIBEIRÃO PRETO,ESTADUAL
31042,2023-02-03,16:41:26,L29-VIAPAULISTA,SP330,308.4,NORTE,-21.19776136,-47.75781411,COLISÃO,COLISÃO-TRASEIRA,IMPRUD. CONDUTOR-DIST. INADEQUADA ENTRE VEÍC.,AUTOMÓVEL=1|CAMINHÃO=1,RIBEIRÃO PRETO,RIBEIRÃO PRETO,RIBEIRÃO PRETO,ESTADUAL
31045,2023-02-03,23:06:22,L29-VIAPAULISTA,SP330,281.0,SUL,-21.41393659,-47.66460571,CHOQUE,"CHOQUE - DEFENSA, BARREIRA OU ""SUBMARINO""",PANE MECÂNICA/ELÉTRICA,ÔNIBUS=1,SÃO SIMÃO,RIBEIRÃO PRETO,RIBEIRÃO PRETO,ESTADUAL
31058,2023-02-07,17:51:31,L29-VIAPAULISTA,SP330,311.8,NORTE,-21.16706722,-47.7562126,COLISÃO,COLISÃO-TRASEIRA,IMPRUD. CONDUTOR-DIST. INADEQUADA ENTRE VEÍC.,AUTOMÓVEL=1|CAMINHONETE=1,RIBEIRÃO PRETO,RIBEIRÃO PRETO,RIBEIRÃO PRETO,ESTADUAL
31061,2023-02-08,17:28:34,L29-VIAPAULISTA,SP330,311.76,NORTE,-21.16743491,-47.75623067,COLISÃO,COLISÃO-TRASEIRA,IMPRUD. CONDUTOR-DIST. INADEQUADA ENTRE VEÍC.,CAMINHONETE=1|CAMINHÃO=1,RIBEIRÃO PRETO,RIBEIRÃO PRETO,RIBEIRÃO PRETO,ESTADUAL
31062,2023-02-08,18:32:13,L29-VIAPAULISTA,SP330,309.0,NORTE,-21.19226397,-47.75752571,CHOQUE,CHOQUE-SINALIZAÇÃO,IMPRUD. CONDUTOR-DIST. INADEQUADA ENTRE VEÍC.,CAMINHONETE=1,RIBEIRÃO PRETO,RIBEIRÃO PRETO,RIBEIRÃO PRETO,ESTADUAL
31063,2023-02-08,22:33:24,L29-VIAPAULISTA,SP330,307.0,NORTE,-21.21028775,-47.75847123,CHOQUE,CHOQUE-TALUDE OU BARRANCO,IMPRUD. CONDUTOR-PERDA DE CONTROLE,CAMINHÃO=1,RIBEIRÃO PRETO,RIBEIRÃO PRETO,RIBEIRÃO PRETO,ESTADUAL
31064,2023-02-08,21:41:00,L29-VIAPAULISTA,SP330,306.0,SUL,-21.21930227,-47.75887261,CHOQUE,CHOQUE-VEÍCULO PARADO NO ACOSTAMENTO,IMPRUD. CONDUTOR,AUTOMÓVEL=1|NÃO INFORMADO=1,RIBEIRÃO PRETO,RIBEIRÃO PRETO,RIBEIRÃO PRETO,ESTADUAL
31065,2023-02-09,10:45:22,L29-VIAPAULISTA,SP330,304.1,SUL,-21.23665556,-47.75891993,CHOQUE,CHOQUE-OUTROS,IMPRUD. CONDUTOR,CAMINHÃO=1,RIBEIRÃO PRETO,RIBEIRÃO PRETO,RIBEIRÃO PRETO,ESTADUAL
31071,2023-02-09,19:16:27,L29-VIAPAULISTA,SP330,307.5,SUL,-21.20635092,-47.75840115,COLISÃO,COLISÃO-LATERAL,IMPRUD. CONDUTOR,CAMINHONETE=1|MOTO=1,RIBEIRÃO PRETO,RIBEIRÃO PRETO,RIBEIRÃO PRETO,ESTADUAL
31072,2023-02-09,19:24:54,L29-VIAPAULISTA,SP330,273.25,NORTE,-21.47900602,-47.64045904,ATROPELAMENTO DE PEDESTRE,ATROP. PEDESTRE-ANDARILHO,IMPRUD. PEDESTRE-USUÁRIO,AUTOMÓVEL=1|NÃO SE APLICA=1,SÃO SIMÃO,RIBEIRÃO PRETO,RIBEIRÃO PRETO,ESTADUAL
31082,2023-02-10,16:33:41,L29-VIAPAULISTA,SP330,248.75,SUL,-21.69487011,-47.59827943,COLISÃO,COLISÃO-TRASEIRA,IMPRUD. CONDUTOR,AUTOMÓVEL=1|CAMINHONETE=1,SANTA RITA DO PASSA QUATRO,CENTRAL,RIBEIRÃO PRETO,ESTADUAL
31086,2023-02-11,06:05:17,L29-VIAPAULISTA,SP330,287.1,SUL,-21.37803855,-47.70692605,CHOQUE,"CHOQUE - DEFENSA, BARREIRA OU ""SUBMARINO""",IMPRUD. CONDUTOR-DORMIR AO VOLANTE,AUTOMÓVEL=1,CRAVINHOS,RIBEIRÃO PRETO,RIBEIRÃO PRETO,ESTADUAL
31092,2023-02-11,22:21:13,L29-VIAPAULISTA,SP330,285.2,SUL,-21.39166747,-47.69538248,CHOQUE,CHOQUE-ELEMENTO DE DRENAGEM,CONDIÇÃO CLIMÁTICA,AUTOMÓVEL=1,CRAVINHOS,RIBEIRÃO PRETO,RIBEIRÃO PRETO,ESTADUAL
31095,2023-02-12,10:41:58,L29-VIAPAULISTA,SP330,315.5,NORTE,-21.13510213,-47.76423814,TOMBAMENTO,TOMBAMENTO,IMPRUD. CONDUTOR-PERDA DE CONTROLE,MOTO=1,RIBEIRÃO PRETO,RIBEIRÃO PRETO,RIBEIRÃO PRETO,ESTADUAL
31100,2023-02-13,21:41:14,L29-VIAPAULISTA,SP330,302.5,SUL,-21.25152607,-47.75565146,CAPOTAMENTO,CAPOTAMENTO,IMPRUD. CONDUTOR-PERDA DE CONTROLE,AUTOMÓVEL=1,RIBEIRÃO PRETO,RIBEIRÃO PRETO,RIBEIRÃO PRETO,ESTADUAL
31101,2023-02-14,02:44:03,L29-VIAPAULISTA,SP330,302.6,SUL,-21.25064462,-47.75585719,ATROPELAMENTO DE ANIMAL,ATROP. ANIMAL,ANIMAL NA RODOVIA,CAMINHÃO=1,RIBEIRÃO PRETO,RIBEIRÃO PRETO,RIBEIRÃO PRETO,ESTADUAL
31104,2023-02-14,14:34:38,L29-VIAPAULISTA,SP330,253.0,NORTE,-21.65807187,-47.60906381,CHOQUE,CHOQUE-OBJETO NA PISTA,OBJETO NA PISTA,CAMINHONETE=1,SANTA RITA DO PASSA QUATRO,CENTRAL,RIBEIRÃO PRETO,ESTADUAL
31106,2023-02-15,08:04:50,L29-VIAPAULISTA,SP330,311.4,SUL,-21.171687,-47.75655331,COLISÃO,COLISÃO-TRASEIRA,IMPRUD. CONDUTOR-DIST. INADEQUADA ENTRE VEÍC.,MOTO=2|NÃO INFORMADO=1,RIBEIRÃO PRETO,RIBEIRÃO PRETO,RIBEIRÃO PRETO,ESTADUAL
31111,2023-02-16,08:01:03,L29-VIAPAULISTA,SP330,309.5,SUL,-21.18750721,-47.75740898,COLISÃO,COLISÃO-TRASEIRA,IMPRUD. CONDUTOR-DIST. INADEQUADA ENTRE VEÍC.,AUTOMÓVEL=1|MOTO=1,RIBEIRÃO PRETO,RIBEIRÃO PRETO,RIBEIRÃO PRETO,ESTADUAL
31113,2023-02-16,16:26:01,L29-VIAPAULISTA,SP330,318.0,NORTE,-21.11623851,-47.77760782,TOMBAMENTO,TOMBAMENTO,ESTOURO/FURO DE PNEU,MOTO=1,RIBEIRÃO PRETO,RIBEIRÃO PRETO,RIBEIRÃO PRETO,ESTADUAL
31114,2023-02-16,15:13:24,L29-VIAPAULISTA,SP330,282.0,SUL,-21.41393659,-47.66460571,COLISÃO,COLISÃO-LATERAL,IMPRUD. CONDUTOR,AUTOMÓVEL=1|NÃO INFORMADO=1,SÃO SIMÃO,RIBEIRÃO PRETO,RIBEIRÃO PRETO,ESTADUAL
31115,2023-02-16,18:08:47,L29-VIAPAULISTA,SP330,317.0,NORTE,-21.12372256,-47.7722362,TOMBAMENTO,TOMBAMENTO,IMPRUD. CONDUTOR-LEVOU FECHADA,MOTO=1,RIBEIRÃO PRETO,RIBEIRÃO PRETO,RIBEIRÃO PRETO,ESTADUAL
31118,2023-02-16,21:30:10,L29-VIAPAULISTA,SP330,309.9,NORTE,-21.18416984,-47.75710106,COLISÃO,COLISÃO-TRASEIRA,IMPRUD. CONDUTOR,AUTOMÓVEL=1|NÃO INFORMADO=1,RIBEIRÃO PRETO,RIBEIRÃO PRETO,RIBEIRÃO PRETO,ESTADUAL
31119,2023-02-16,20:32:03,L29-VIAPAULISTA,SP330,241.6,NORTE,-21.75210972,-47.56860195,COLISÃO,COLISÃO-TRASEIRA,OBRAS,AUTOMÓVEL=2|CAMINHÃO=1,SANTA RITA DO PASSA QUATRO,CENTRAL,RIBEIRÃO PRETO,ESTADUAL
31120,2023-02-17,11:56:09,L29-VIAPAULISTA,SP330,312.2,SUL,-21.16381375,-47.75617866,TOMBAMENTO,TOMBAMENTO,IMPRUD. CONDUTOR-PERDA DE CONTROLE,MOTO=1,RIBEIRÃO PRETO,RIBEIRÃO PRETO,RIBEIRÃO PRETO,ESTADUAL
31123,2023-02-17,17:53:23,L29-VIAPAULISTA,SP330,253.0,NORTE,-21.65807187,-47.60906381,CHOQUE,"CHOQUE - DEFENSA, BARREIRA OU ""SUBMARINO""",IMPRUD. CONDUTOR,CAMINHÃO=1,SANTA RITA DO PASSA QUATRO,CENTRAL,RIBEIRÃO PRETO,ESTADUAL
31125,2023-02-18,00:12:53,L29-VIAPAULISTA,SP330,252.3,SUL,-21.6642364,-47.60809945,COLISÃO,COLISÃO-TRASEIRA,IMPRUD. CONDUTOR,AUTOMÓVEL=1|CAMINHONETE=1,SANTA RITA DO PASSA QUATRO,CENTRAL,RIBEIRÃO PRETO,ESTADUAL
31127,2023-02-18,07:56:31,L29-VIAPAULISTA,SP330,315.2,NORTE,-21.13749195,-47.7628851,TOMBAMENTO,TOMBAMENTO,IMPRUD. CONDUTOR,MOTO=1,RIBEIRÃO PRETO,RIBEIRÃO PRETO,RIBEIRÃO PRETO,ESTADUAL
31129,2023-02-18,13:14:25,L29-VIAPAULISTA,SP330,317.2,NORTE,-21.12231543,-47.77324619,COLISÃO,COLISÃO-LATERAL,IMPRUD. CONDUTOR-MUDANÇA DE FAIXA,AUTOMÓVEL=1|CAMINHÃO=1,RIBEIRÃO PRETO,RIBEIRÃO PRETO,RIBEIRÃO PRETO,ESTADUAL
31131,2023-02-18,13:19:31,L29-VIAPAULISTA,SP330,307.5,SUL,-21.20635092,-47.75840115,CHOQUE,CHOQUE-ELEMENTO DE DRENAGEM,IMPRUD. CONDUTOR-PERDA DE CONTROLE,AUTOMÓVEL=1,RIBEIRÃO PRETO,RIBEIRÃO PRETO,RIBEIRÃO PRETO,ESTADUAL
31132,2023-02-18,15:05:04,L29-VIAPAULISTA,SP330,310.0,SUL,-21.18325207,-47.75705291,COLISÃO,COLISÃO-LATERAL,IMPRUD. CONDUTOR,MOTO=2,RIBEIRÃO PRETO,RIBEIRÃO PRETO,RIBEIRÃO PRETO,ESTADUAL
31143,2023-02-20,01:37:34,L29-VIAPAULISTA,SP330,307.5,NORTE,-21.20587184,-47.75823958,CHOQUE,"CHOQUE - DEFENSA, BARREIRA OU ""SUBMARINO""",IMPRUD. CONDUTOR-PERDA DE CONTROLE,AUTOMÓVEL=1,RIBEIRÃO PRETO,RIBEIRÃO PRETO,RIBEIRÃO PRETO,ESTADUAL
31147,2023-02-20,19:25:58,L29-VIAPAULISTA,SP330,281.0,NORTE,-21.41393659,-47.66460571,CHOQUE,CHOQUE-VEÍCULO PARADO NA PISTA,IMPRUD. CONDUTOR,AUTOMÓVEL=1|CAMINHONETE=1,SÃO SIMÃO,RIBEIRÃO PRETO,RIBEIRÃO PRETO,ESTADUAL
31153,2023-02-22,08:31:54,L29-VIAPAULISTA,SP330,311.8,SUL,-21.16830318,-47.75639776,TOMBAMENTO,TOMBAMENTO,IMPRUD. CONDUTOR-PERDA DE CONTROLE,MOTO=1,RIBEIRÃO PRETO,RIBEIRÃO PRETO,RIBEIRÃO PRETO,ESTADUAL
31155,2023-02-22,14:50:05,L29-VIAPAULISTA,SP330,307.7,SUL,-21.20454841,-47.75830624,TOMBAMENTO,TOMBAMENTO,ESTOURO/FURO DE PNEU,MOTO=1,RIBEIRÃO PRETO,RIBEIRÃO PRETO,RIBEIRÃO PRETO,ESTADUAL
31157,2023-02-23,07:11:24,L29-VIAPAULISTA,SP330,313.0,SUL,-21.15622499,-47.7565865,COLISÃO,COLISÃO-TRASEIRA,IMPRUD. CONDUTOR-DIST. INADEQUADA ENTRE VEÍC.,CAMINHONETE=1|NÃO INFORMADO=1,RIBEIRÃO PRETO,RIBEIRÃO PRETO,RIBEIRÃO PRETO,ESTADUAL
31160,2023-02-23,16:36:22,L29-VIAPAULISTA,SP330,307.5,SUL,-21.20635092,-47.75840115,COLISÃO,COLISÃO-TRASEIRA,IMPRUD. CONDUTOR-DIST. INADEQUADA ENTRE VEÍC.,CAMINHONETE=1|CAMINHÃO=1,RIBEIRÃO PRETO,RIBEIRÃO PRETO,RIBEIRÃO PRETO,ESTADUAL
31161,2023-02-23,17:23:57,L29-VIAPAULISTA,SP330,311.8,NORTE,-21.16706722,-47.7562126,ENGAVETAMENTO,ENGAVETAMENTO,IMPRUD. CONDUTOR-DIST. INADEQUADA ENTRE VEÍC.,AUTOMÓVEL=1|CAMINHONETE=2,RIBEIRÃO PRETO,RIBEIRÃO PRETO,RIBEIRÃO PRETO,ESTADUAL
31163,2023-02-23,18:54:29,L29-VIAPAULISTA,SP330,308.5,SUL,-21.19713192,-47.75791576,COLISÃO,COLISÃO-LATERAL,IMPRUD. CONDUTOR,AUTOMÓVEL=1|CAMINHÃO=1,RIBEIRÃO PRETO,RIBEIRÃO PRETO,RIBEIRÃO PRETO,ESTADUAL
31164,2023-02-23,15:59:01,L29-VIAPAULISTA,SP330,308.3,SUL,-21.19880695,-47.75795626,CHOQUE,"CHOQUE - DEFENSA, BARREIRA OU ""SUBMARINO""",IMPRUD. CONDUTOR-DIST. INADEQUADA ENTRE VEÍC.,CAMINHÃO=1,RIBEIRÃO PRETO,RIBEIRÃO PRETO,RIBEIRÃO PRETO,ESTADUAL
31166,2023-02-24,02:34:31,L29-VIAPAULISTA,SP330,290.4,NORTE,-21.35327011,-47.7238985,CHOQUE,"CHOQUE - DEFENSA, BARREIRA OU ""SUBMARINO""",IMPRUD. CONDUTOR-LEVOU FECHADA,CAMINHÃO=1,CRAVINHOS,RIBEIRÃO PRETO,RIBEIRÃO PRETO,ESTADUAL
31171,2023-02-24,16:17:27,L29-VIAPAULISTA,SP330,299.0,NORTE,-21.28090889,-47.75136651,CHOQUE,"CHOQUE - DEFENSA, BARREIRA OU ""SUBMARINO""",PANE MECÂNICA/ELÉTRICA,CAMINHONETE=1,CRAVINHOS,RIBEIRÃO PRETO,RIBEIRÃO PRETO,ESTADUAL
31184,2023-02-27,06:10:08,L29-VIAPAULISTA,SP330,313.6,NORTE,-21.15097554,-47.75760901,CHOQUE,"CHOQUE - DEFENSA, BARREIRA OU ""SUBMARINO""",ANIMAL NA RODOVIA,AUTOMÓVEL=1,RIBEIRÃO PRETO,RIBEIRÃO PRETO,RIBEIRÃO PRETO,ESTADUAL
31185,2023-02-27,08:38:43,L29-VIAPAULISTA,SP330,311.5,SUL,-21.17100662,-47.75654009,COLISÃO,COLISÃO-LATERAL,IMPRUD. CONDUTOR,AUTOMÓVEL=1|CAMINHÃO=1,RIBEIRÃO PRETO,RIBEIRÃO PRETO,RIBEIRÃO PRETO,ESTADUAL
31189,2023-02-27,18:20:21,L29-VIAPAULISTA,SP330,307.7,SUL,-21.20454841,-47.75830624,COLISÃO,COLISÃO-TRASEIRA,IMPRUD. CONDUTOR-DIST. INADEQUADA ENTRE VEÍC.,AUTOMÓVEL=2,RIBEIRÃO PRETO,RIBEIRÃO PRETO,RIBEIRÃO PRETO,ESTADUAL
31190,2023-02-27,20:22:18,L29-VIAPAULISTA,SP330,243.1,NORTE,-21.7428671,-47.5778037,CHOQUE,"CHOQUE - DEFENSA, BARREIRA OU ""SUBMARINO""",CONDIÇÃO CLIMÁTICA,AUTOMÓVEL=3,SANTA RITA DO PASSA QUATRO,CENTRAL,RIBEIRÃO PRETO,ESTADUAL
31194,2023-02-28,22:23:40,L29-VIAPAULISTA,SP330,318.0,SUL,-21.11623851,-47.77760782,ENGAVETAMENTO,ENGAVETAMENTO,IMPRUD. CONDUTOR,CAMINHONETE=1|CAMINHÃO=2,RIBEIRÃO PRETO,RIBEIRÃO PRETO,RIBEIRÃO PRETO,ESTADUAL
31196,2023-03-01,17:36:01,L29-VIAPAULISTA,SPA307/330,3.0,OESTE,-21.18945095,-47.78164317,ENGAVETAMENTO,ENGAVETAMENTO,IMPRUD. CONDUTOR-DIST. INADEQUADA ENTRE VEÍC.,AUTOMÓVEL=3,RIBEIRÃO PRETO,RIBEIRÃO PRETO,RIBEIRÃO PRETO,ESTADUAL
31201,2023-03-02,17:03:48,L29-VIAPAULISTA,SP330,253.0,SUL,-21.65807187,-47.60906381,CHOQUE,CHOQUE-VEÍCULO PARADO NA PISTA,DERRAPAGEM,CAMINHÃO=2,SANTA RITA DO PASSA QUATRO,CENTRAL,RIBEIRÃO PRETO,ESTADUAL
31206,2023-03-03,05:16:02,L29-VIAPAULISTA,SP330,315.1,NORTE,-21.13828864,-47.76243405,COLISÃO,COLISÃO-TRASEIRA,IMPRUD. CONDUTOR-DIST. INADEQUADA ENTRE VEÍC.,MOTO=1|NÃO INFORMADO=1,RIBEIRÃO PRETO,RIBEIRÃO PRETO,RIBEIRÃO PRETO,ESTADUAL
31211,2023-03-04,07:40:29,L29-VIAPAULISTA,SP330,316.2,NORTE,-21.12979932,-47.76787417,CHOQUE,"CHOQUE - DEFENSA, BARREIRA OU ""SUBMARINO""",IMPRUD. CONDUTOR,AUTOMÓVEL=2,RIBEIRÃO PRETO,RIBEIRÃO PRETO,RIBEIRÃO PRETO,ESTADUAL
31215,2023-03-04,19:15:41,L29-VIAPAULISTA,SP330,286.0,SUL,-21.38585693,-47.70055093,CHOQUE,CHOQUE-ELEMENTO DE DRENAGEM,IMPRUD. CONDUTOR-PERDA DE CONTROLE,CAMINHONETE=1,CRAVINHOS,RIBEIRÃO PRETO,RIBEIRÃO PRETO,ESTADUAL
31218,2023-03-04,17:59:44,L29-VIAPAULISTA,SP330,289.0,NORTE,-21.36427508,-47.71799067,CHOQUE,"CHOQUE - DEFENSA, BARREIRA OU ""SUBMARINO""",IMPRUD. CONDUTOR-LEVOU FECHADA,CAMINHÃO=1,CRAVINHOS,RIBEIRÃO PRETO,RIBEIRÃO PRETO,ESTADUAL
31231,2023-03-06,19:31:53,L29-VIAPAULISTA,SP330,303.1,NORTE,-21.24532475,-47.7569106,CHOQUE,CHOQUE-VEÍCULO PARADO NA PISTA,VEÍCULO PARADO NA FAIXA,CAMINHONETE=1|CAMINHÃO=1,RIBEIRÃO PRETO,RIBEIRÃO PRETO,RIBEIRÃO PRETO,ESTADUAL
31235,2023-03-07,18:03:56,L29-VIAPAULISTA,SPA307/330,3.0,OESTE,-21.18945095,-47.78164317,ENGAVETAMENTO,ENGAVETAMENTO,PANE MECÂNICA/ELÉTRICA,AUTOMÓVEL=3,RIBEIRÃO PRETO,RIBEIRÃO PRETO,RIBEIRÃO PRETO,ESTADUAL
31237,2023-03-07,22:39:27,L29-VIAPAULISTA,SP330,290.7,SUL,-21.35113178,-47.72428435,COLISÃO,COLISÃO-TRASEIRA,IMPRUD. CONDUTOR,CAMINHÃO=2,CRAVINHOS,RIBEIRÃO PRETO,RIBEIRÃO PRETO,ESTADUAL
31238,2023-03-08,00:00:43,L29-VIAPAULISTA,SP330,295.0,SUL,-21.31395717,-47.73589137,CHOQUE,CHOQUE-ELEMENTO DE DRENAGEM,DERRAPAGEM,AUTOMÓVEL=1,CRAVINHOS,RIBEIRÃO PRETO,RIBEIRÃO PRETO,ESTADUAL
31239,2023-03-08,08:49:06,L29-VIAPAULISTA,SPA307/330,3.0,LESTE,-21.18945095,-47.78164317,COLISÃO,COLISÃO-LATERAL,IMPRUD. CONDUTOR-DIST. INADEQUADA ENTRE VEÍC.,AUTOMÓVEL=1|MOTO=1,RIBEIRÃO PRETO,RIBEIRÃO PRETO,RIBEIRÃO PRETO,ESTADUAL
31243,2023-03-08,16:07:53,L29-VIAPAULISTA,SP330,278.0,NORTE,-21.4374891,-47.6509083,CHOQUE,CHOQUE-OUTROS,PANE MECÂNICA/ELÉTRICA,CAMINHÃO=1,SÃO SIMÃO,RIBEIRÃO PRETO,RIBEIRÃO PRETO,ESTADUAL
31244,2023-03-08,22:12:45,L29-VIAPAULISTA,SP330,313.4,SUL,-21.1534608,-47.75719655,COLISÃO,COLISÃO-LATERAL,IMPRUD. CONDUTOR-DESRESPEITO À SINALIZAÇÃO,CAMINHÃO=1|MOTO=1,RIBEIRÃO PRETO,RIBEIRÃO PRETO,RIBEIRÃO PRETO,ESTADUAL
31245,2023-03-09,01:53:47,L29-VIAPAULISTA,SP330,308.0,SUL,-21.20127586,-47.75799848,CHOQUE,"CHOQUE - DEFENSA, BARREIRA OU ""SUBMARINO""",IMPRUD. CONDUTOR-DORMIR AO VOLANTE,AUTOMÓVEL=1,RIBEIRÃO PRETO,RIBEIRÃO PRETO,RIBEIRÃO PRETO,ESTADUAL
31248,2023-03-09,20:29:38,L29-VIAPAULISTA,SP330,294.0,SUL,-21.32221886,-47.73202137,ATROPELAMENTO DE ANIMAL,ATROP. ANIMAL,ANIMAL NA RODOVIA,AUTOMÓVEL=1,CRAVINHOS,RIBEIRÃO PRETO,RIBEIRÃO PRETO,ESTADUAL
31256,2023-03-10,19:05:03,L29-VIAPAULISTA,SP330,293.0,NORTE,-21.3304804,-47.72815088,CHOQUE,"CHOQUE - DEFENSA, BARREIRA OU ""SUBMARINO""",IMPRUD. CONDUTOR-PERDA DE CONTROLE,AUTOMÓVEL=1,CRAVINHOS,RIBEIRÃO PRETO,RIBEIRÃO PRETO,ESTADUAL
31282,2023-03-15,16:56:28,L29-VIAPAULISTA,SP330,249.0,SUL,-21.69254437,-47.5987419,COLISÃO,COLISÃO-TRASEIRA,IMPRUD. CONDUTOR,AUTOMÓVEL=1|CAMINHÃO=1,SANTA RITA DO PASSA QUATRO,CENTRAL,RIBEIRÃO PRETO,ESTADUAL
31283,2023-03-15,16:00:31,L29-VIAPAULISTA,SP330,313.0,NORTE,-21.15622499,-47.7565865,CHOQUE,CHOQUE-ELEMENTO DE DRENAGEM,IMPRUD. CONDUTOR-PERDA DE CONTROLE,AUTOMÓVEL=1,RIBEIRÃO PRETO,RIBEIRÃO PRETO,RIBEIRÃO PRETO,ESTADUAL
31295,2023-03-17,04:55:18,L29-VIAPAULISTA,SP330,314.1,NORTE,-21.14664653,-47.75884959,CHOQUE,CHOQUE-VEÍCULO PARADO NO ACOSTAMENTO,NÃO INFORMADO,AUTOMÓVEL=2,RIBEIRÃO PRETO,RIBEIRÃO PRETO,RIBEIRÃO PRETO,ESTADUAL
31297,2023-03-17,16:56:55,L29-VIAPAULISTA,SP330,247.5,SUL,-21.7055182,-47.59439632,CHOQUE,CHOQUE-ELEMENTO DE DRENAGEM,MAL SÚBITO DO CONDUTOR,CAMINHÃO=1,SANTA RITA DO PASSA QUATRO,CENTRAL,RIBEIRÃO PRETO,ESTADUAL
31299,2023-03-17,17:52:26,L29-VIAPAULISTA,SP330,286.0,SUL,-21.38585693,-47.70055093,CHOQUE,"CHOQUE - DEFENSA, BARREIRA OU ""SUBMARINO""",IMPRUD. CONDUTOR-PERDA DE CONTROLE,AUTOMÓVEL=1,CRAVINHOS,RIBEIRÃO PRETO,RIBEIRÃO PRETO,ESTADUAL
31303,2023-03-18,15:54:03,L29-VIAPAULISTA,SP330,307.3,SUL,-21.21028775,-47.75847123,CHOQUE,"CHOQUE - DEFENSA, BARREIRA OU ""SUBMARINO""",IMPRUD. CONDUTOR-PERDA DE CONTROLE,MOTO=1,RIBEIRÃO PRETO,RIBEIRÃO PRETO,RIBEIRÃO PRETO,ESTADUAL
31304,2023-03-18,18:14:36,L29-VIAPAULISTA,SP330,311.5,NORTE,-21.17387989,-47.75656119,COLISÃO,COLISÃO-TRASEIRA,IMPRUD. CONDUTOR-PERDA DE CONTROLE,AUTOMÓVEL=2,RIBEIRÃO PRETO,RIBEIRÃO PRETO,RIBEIRÃO PRETO,ESTADUAL
31310,2023-03-20,02:00:11,L29-VIAPAULISTA,SP330,293.5,NORTE,-21.32644873,-47.73003977,TOMBAMENTO,TOMBAMENTO,IMPRUD. CONDUTOR-PERDA DE CONTROLE,MOTO=1,CRAVINHOS,RIBEIRÃO PRETO,RIBEIRÃO PRETO,ESTADUAL
31317,2023-03-20,20:42:33,L29-VIAPAULISTA,SP330,256.96,NORTE,-21.630452,-47.61355612,CHOQUE,CHOQUE-VEÍCULO PARADO NA PISTA,PANE MECÂNICA/ELÉTRICA,CAMINHÃO=2,SANTA RITA DO PASSA QUATRO,CENTRAL,RIBEIRÃO PRETO,ESTADUAL
31319,2023-03-21,09:43:32,L29-VIAPAULISTA,SP330,244.0,NORTE,-21.73523428,-47.5831591,COLISÃO,COLISÃO-TRASEIRA,IMPRUD. CONDUTOR-DIST. INADEQUADA ENTRE VEÍC.,AUTOMÓVEL=1|NÃO INFORMADO=1,SANTA RITA DO PASSA QUATRO,CENTRAL,RIBEIRÃO PRETO,ESTADUAL
31321,2023-03-21,16:58:38,L29-VIAPAULISTA,SP330,285.1,NORTE,-21.39204344,-47.6947488,COLISÃO,COLISÃO-TRASEIRA,IMPRUD. CONDUTOR,CAMINHÃO=2,CRAVINHOS,RIBEIRÃO PRETO,RIBEIRÃO PRETO,ESTADUAL
31322,2023-03-21,17:27:00,L29-VIAPAULISTA,SP330,256.2,SUL,-21.62945065,-47.61380709,TOMBAMENTO,TOMBAMENTO,PANE MECÂNICA/ELÉTRICA,MOTO=1,SANTA RITA DO PASSA QUATRO,CENTRAL,RIBEIRÃO PRETO,ESTADUAL
31325,2023-03-21,23:31:41,L29-VIAPAULISTA,SP330,316.1,SUL,-21.13060634,-47.76734351,TOMBAMENTO,TOMBAMENTO,ESTOURO/FURO DE PNEU,MOTO=1,RIBEIRÃO PRETO,RIBEIRÃO PRETO,RIBEIRÃO PRETO,ESTADUAL
31327,2023-03-22,07:05:08,L29-VIAPAULISTA,SP330,317.0,SUL,-21.12372256,-47.7722362,COLISÃO,COLISÃO-TRASEIRA,IMPRUD. CONDUTOR-DIST. INADEQUADA ENTRE VEÍC.,CAMINHONETE=1|NÃO INFORMADO=1,RIBEIRÃO PRETO,RIBEIRÃO PRETO,RIBEIRÃO PRETO,ESTADUAL
31329,2023-03-22,15:44:16,L29-VIAPAULISTA,SP330,301.0,NORTE,-21.2638089,-47.75509484,CHOQUE,CHOQUE-ELEMENTO DE DRENAGEM,CONDIÇÃO CLIMÁTICA,CAMINHONETE=1,RIBEIRÃO PRETO,RIBEIRÃO PRETO,RIBEIRÃO PRETO,ESTADUAL
31330,2023-03-23,08:05:34,L29-VIAPAULISTA,SP330,310.5,NORTE,-21.17883633,-47.75682123,ENGAVETAMENTO,ENGAVETAMENTO,IMPRUD. CONDUTOR-DIST. INADEQUADA ENTRE VEÍC.,AUTOMÓVEL=3|CAMINHONETE=1,RIBEIRÃO PRETO,RIBEIRÃO PRETO,RIBEIRÃO PRETO,ESTADUAL
31331,2023-03-23,07:58:56,L29-VIAPAULISTA,SP330,311.8,NORTE,-21.16706722,-47.7562126,ENGAVETAMENTO,ENGAVETAMENTO,IMPRUD. CONDUTOR-DIST. INADEQUADA ENTRE VEÍC.,CAMINHONETE=2|CAMINHÃO=1,RIBEIRÃO PRETO,RIBEIRÃO PRETO,RIBEIRÃO PRETO,ESTADUAL
31335,2023-03-23,19:46:18,L29-VIAPAULISTA,SP330,318.0,NORTE,-21.11623851,-47.77760782,COLISÃO,COLISÃO-LATERAL,IMPRUD. CONDUTOR,CAMINHONETE=1|CAMINHÃO=1,RIBEIRÃO PRETO,RIBEIRÃO PRETO,RIBEIRÃO PRETO,ESTADUAL
31336,2023-03-23,17:27:30,L29-VIAPAULISTA,SP330,250.6,SUL,-21.67908144,-47.60403586,COLISÃO,COLISÃO-TRASEIRA,IMPRUD. CONDUTOR,CAMINHÃO=2,SANTA RITA DO PASSA QUATRO,CENTRAL,RIBEIRÃO PRETO,ESTADUAL
31338,2023-03-24,15:17:32,L29-VIAPAULISTA,SP330,295.0,SUL,-21.31395717,-47.73589137,CHOQUE,"CHOQUE - DEFENSA, BARREIRA OU ""SUBMARINO""",IMPRUD. CONDUTOR-PERDA DE CONTROLE,CAMINHÃO=1,CRAVINHOS,RIBEIRÃO PRETO,RIBEIRÃO PRETO,ESTADUAL
31344,2023-03-25,20:07:08,L29-VIAPAULISTA,SP330,302.8,SUL,-21.24888197,-47.75626859,ATROPELAMENTO DE ANIMAL,ATROP. ANIMAL,ANIMAL NA RODOVIA,CAMINHONETE=1,RIBEIRÃO PRETO,RIBEIRÃO PRETO,RIBEIRÃO PRETO,ESTADUAL
31348,2023-03-26,22:09:17,L29-VIAPAULISTA,SP330,317.8,SUL,-21.11854325,-47.7761839,COLISÃO,COLISÃO-TRASEIRA,IMPRUD. CONDUTOR,AUTOMÓVEL=2,RIBEIRÃO PRETO,RIBEIRÃO PRETO,RIBEIRÃO PRETO,ESTADUAL
31353,2023-03-28,14:54:39,L29-VIAPAULISTA,SP330,307.0,NORTE,-21.21028775,-47.75847123,CHOQUE,CHOQUE-VEÍCULO PARADO NO ACOSTAMENTO,IMPRUD. CONDUTOR-PERDA DE CONTROLE,AUTOMÓVEL=1|MOTO=1,RIBEIRÃO PRETO,RIBEIRÃO PRETO,RIBEIRÃO PRETO,ESTADUAL
31360,2023-03-29,14:15:36,L29-VIAPAULISTA,SP330,295.9,SUL,-21.3076109,-47.73906822,COLISÃO,COLISÃO-TRASEIRA,IMPRUD. CONDUTOR-DIST. INADEQUADA ENTRE VEÍC.,CAMINHÃO=2,CRAVINHOS,RIBEIRÃO PRETO,RIBEIRÃO PRETO,ESTADUAL
31364,2023-03-29,23:17:36,L29-VIAPAULISTA,SP330,313.8,NORTE,-21.14919123,-47.75809127,TOMBAMENTO,TOMBAMENTO,IMPRUD. CONDUTOR-LEVOU FECHADA,MOTO=1,RIBEIRÃO PRETO,RIBEIRÃO PRETO,RIBEIRÃO PRETO,ESTADUAL
31365,2023-03-30,01:29:33,L29-VIAPAULISTA,SP330,317.0,NORTE,-21.12372256,-47.7722362,CHOQUE,"CHOQUE - DEFENSA, BARREIRA OU ""SUBMARINO""",ESTOURO/FURO DE PNEU,AUTOMÓVEL=1,RIBEIRÃO PRETO,RIBEIRÃO PRETO,RIBEIRÃO PRETO,ESTADUAL
31381,2023-04-01,08:10:21,L29-VIAPAULISTA,SP330,309.0,NORTE,-21.19226397,-47.75752571,COLISÃO,COLISÃO-TRASEIRA,IMPRUD. CONDUTOR,AUTOMÓVEL=1|CAMINHÃO=1,RIBEIRÃO PRETO,RIBEIRÃO PRETO,RIBEIRÃO PRETO,ESTADUAL
31382,2023-04-01,10:47:07,L29-VIAPAULISTA,SP330,317.0,SUL,-21.12372256,-47.7722362,CHOQUE,CHOQUE-OUTROS,IMPRUD. CONDUTOR-PERDA DE CONTROLE,AUTOMÓVEL=1,RIBEIRÃO PRETO,RIBEIRÃO PRETO,RIBEIRÃO PRETO,ESTADUAL
31383,2023-04-01,12:31:05,L29-VIAPAULISTA,SP330,265.0,NORTE,-21.55276183,-47.63752731,CHOQUE,CHOQUE-ELEMENTO DE DRENAGEM,IMPRUD. CONDUTOR,CAMINHÃO=1,SÃO SIMÃO,RIBEIRÃO PRETO,RIBEIRÃO PRETO,ESTADUAL
31384,2023-04-01,15:36:21,L29-VIAPAULISTA,SPA307/330,0.1,LESTE,-21.21028775,-47.75847123,TOMBAMENTO,TOMBAMENTO,ESTOURO/FURO DE PNEU,MOTO=1,RIBEIRÃO PRETO,RIBEIRÃO PRETO,RIBEIRÃO PRETO,ESTADUAL
31386,2023-04-03,02:14:21,L29-VIAPAULISTA,SP330,302.33,NORTE,-21.25211217,-47.75532796,CHOQUE,"CHOQUE - DEFENSA, BARREIRA OU ""SUBMARINO""",NÃO INFORMADO,MOTO=1,RIBEIRÃO PRETO,RIBEIRÃO PRETO,RIBEIRÃO PRETO,ESTADUAL
31391,2023-04-03,20:31:55,L29-VIAPAULISTA,SP330,311.0,NORTE,-21.17424017,-47.75658009,COLISÃO,COLISÃO-TRASEIRA,IMPRUD. CONDUTOR-LEVOU FECHADA,AUTOMÓVEL=1|MOTO=2,RIBEIRÃO PRETO,RIBEIRÃO PRETO,RIBEIRÃO PRETO,ESTADUAL
31392,2023-04-04,07:40:55,L29-VIAPAULISTA,SP330,308.0,SUL,-21.20127586,-47.75799848,ENGAVETAMENTO,ENGAVETAMENTO,IMPRUD. CONDUTOR-DIST. INADEQUADA ENTRE VEÍC.,AUTOMÓVEL=2|CAMINHÃO=1,RIBEIRÃO PRETO,RIBEIRÃO PRETO,RIBEIRÃO PRETO,ESTADUAL
31395,2023-04-04,17:35:39,L29-VIAPAULISTA,SP330,312.0,NORTE,-21.16522766,-47.75612218,TOMBAMENTO,TOMBAMENTO,ESTOURO/FURO DE PNEU,MOTO=1,RIBEIRÃO PRETO,RIBEIRÃO PRETO,RIBEIRÃO PRETO,ESTADUAL
31401,2023-04-05,20:20:55,L29-VIAPAULISTA,SP330,245.4,SUL,-21.72320374,-47.58789797,CHOQUE,CHOQUE-ELEMENTO DE DRENAGEM,ESTOURO/FURO DE PNEU,CAMINHONETE=1,SANTA RITA DO PASSA QUATRO,CENTRAL,RIBEIRÃO PRETO,ESTADUAL
31403,2023-04-05,21:04:28,L29-VIAPAULISTA,SP330,246.5,SUL,-21.71408228,-47.59127264,COLISÃO,COLISÃO-TRASEIRA,IMPRUD. CONDUTOR,CAMINHÃO=2,SANTA RITA DO PASSA QUATRO,CENTRAL,RIBEIRÃO PRETO,ESTADUAL
31404,2023-04-06,07:48:42,L29-VIAPAULISTA,SP330,315.0,NORTE,-21.13899781,-47.76203254,COLISÃO,COLISÃO-TRASEIRA,IMPRUD. CONDUTOR-DIST. INADEQUADA ENTRE VEÍC.,AUTOMÓVEL=2,RIBEIRÃO PRETO,RIBEIRÃO PRETO,RIBEIRÃO PRETO,ESTADUAL
31405,2023-04-06,07:52:28,L29-VIAPAULISTA,SPA307/330,0.5,OESTE,-21.20279011,-47.76304268,COLISÃO,COLISÃO-LATERAL,IMPRUD. CONDUTOR,AUTOMÓVEL=1|MOTO=1,RIBEIRÃO PRETO,RIBEIRÃO PRETO,RIBEIRÃO PRETO,ESTADUAL
31406,2023-04-06,14:08:36,L29-VIAPAULISTA,SP330,274.0,NORTE,-21.47213993,-47.64026675,COLISÃO,COLISÃO-LATERAL,IMPRUD. CONDUTOR-LEVOU FECHADA,AUTOMÓVEL=1|NÃO INFORMADO=1,SÃO SIMÃO,RIBEIRÃO PRETO,RIBEIRÃO PRETO,ESTADUAL
31410,2023-04-06,21:50:33,L29-VIAPAULISTA,SP330,316.0,NORTE,-21.13120643,-47.76686411,CHOQUE,"CHOQUE - DEFENSA, BARREIRA OU ""SUBMARINO""",ESTOURO/FURO DE PNEU,AUTOMÓVEL=1,RIBEIRÃO PRETO,RIBEIRÃO PRETO,RIBEIRÃO PRETO,ESTADUAL
31417,2023-04-08,03:40:07,L29-VIAPAULISTA,SP330,308.0,NORTE,-21.20127586,-47.75799848,TOMBAMENTO,TOMBAMENTO,IMPRUD. CONDUTOR-DORMIR AO VOLANTE,CAMINHÃO=1,RIBEIRÃO PRETO,RIBEIRÃO PRETO,RIBEIRÃO PRETO,ESTADUAL
31418,2023-04-08,14:50:22,L29-VIAPAULISTA,SPA318/330,0.4,NORTE,-21.12444783,-47.78575826,CHOQUE,"CHOQUE - DEFENSA, BARREIRA OU ""SUBMARINO""",IMPRUD. CONDUTOR-PERDA DE CONTROLE,MOTO=1,RIBEIRÃO PRETO,RIBEIRÃO PRETO,RIBEIRÃO PRETO,ESTADUAL
31424,2023-04-10,07:51:32,L29-VIAPAULISTA,SP330,310.0,NORTE,-21.18325207,-47.75705291,COLISÃO,COLISÃO-TRASEIRA,IMPRUD. CONDUTOR-DESRESPEITO À SINALIZAÇÃO,CAMINHONETE=1|MOTO=1,RIBEIRÃO PRETO,RIBEIRÃO PRETO,RIBEIRÃO PRETO,ESTADUAL
31428,2023-04-10,16:48:00,L29-VIAPAULISTA,SP330,298.0,SUL,-21.28917119,-47.74749845,COLISÃO,COLISÃO-TRASEIRA,IMPRUD. CONDUTOR,AUTOMÓVEL=1|NÃO INFORMADO=1,CRAVINHOS,RIBEIRÃO PRETO,RIBEIRÃO PRETO,ESTADUAL
31433,2023-04-11,12:37:02,L29-VIAPAULISTA,SP330,273.58,NORTE,-21.47601809,-47.64031437,COLISÃO,COLISÃO-TRASEIRA,IMPRUD. CONDUTOR,CAMINHONETE=1|CAMINHÃO=1,SÃO SIMÃO,RIBEIRÃO PRETO,RIBEIRÃO PRETO,ESTADUAL
31438,2023-04-12,07:46:49,L29-VIAPAULISTA,SP330,311.0,SUL,-21.17424017,-47.75658009,COLISÃO,COLISÃO-TRASEIRA,IMPRUD. CONDUTOR-DIST. INADEQUADA ENTRE VEÍC.,AUTOMÓVEL=1|MOTO=1,RIBEIRÃO PRETO,RIBEIRÃO PRETO,RIBEIRÃO PRETO,ESTADUAL
31443,2023-04-12,07:29:13,L29-VIAPAULISTA,SP330,253.1,NORTE,-21.6571845,-47.60919915,COLISÃO,COLISÃO-LATERAL,IMPRUD. CONDUTOR-DORMIR AO VOLANTE,CAMINHONETE=1|CAMINHÃO=1,SANTA RITA DO PASSA QUATRO,CENTRAL,RIBEIRÃO PRETO,ESTADUAL
31444,2023-04-12,16:13:02,L29-VIAPAULISTA,SP330,307.0,NORTE,-21.21028775,-47.75847123,COLISÃO,COLISÃO-TRASEIRA,IMPRUD. CONDUTOR,MOTO=1|NÃO INFORMADO=1,RIBEIRÃO PRETO,RIBEIRÃO PRETO,RIBEIRÃO PRETO,ESTADUAL
31449,2023-04-14,08:04:40,L29-VIAPAULISTA,SP330,266.0,SUL,-21.54395319,-47.63953655,COLISÃO,COLISÃO-TRASEIRA,IMPRUD. CONDUTOR,CAMINHÃO=2,SÃO SIMÃO,RIBEIRÃO PRETO,RIBEIRÃO PRETO,ESTADUAL
31451,2023-04-14,15:28:30,L29-VIAPAULISTA,SP330,274.1,NORTE,-21.47213993,-47.64026675,COLISÃO,COLISÃO-LATERAL,IMPRUD. CONDUTOR-PERDA DE CONTROLE,CAMINHONETE=1|CAMINHÃO=1,SÃO SIMÃO,RIBEIRÃO PRETO,RIBEIRÃO PRETO,ESTADUAL
31455,2023-04-14,18:49:21,L29-VIAPAULISTA,SP330,280.0,SUL,-21.42119184,-47.65888058,COLISÃO,COLISÃO-TRASEIRA,IMPRUD. CONDUTOR,CAMINHÃO=2,SÃO SIMÃO,RIBEIRÃO PRETO,RIBEIRÃO PRETO,ESTADUAL
31456,2023-04-15,05:12:17,L29-VIAPAULISTA,SPA241/330,8.4,OESTE,-21.72852264,-47.48906248,ATROPELAMENTO DE PEDESTRE,ATROP. PEDESTRE-MORADOR,IMPRUD. PEDESTRE-USUÁRIO,NÃO INFORMADO=1|NÃO SE APLICA=1,SANTA RITA DO PASSA QUATRO,CENTRAL,RIBEIRÃO PRETO,ESTADUAL
31460,2023-04-15,16:19:29,L29-VIAPAULISTA,SP330,315.5,NORTE,-21.13510213,-47.76423814,CHOQUE,CHOQUE-ELEMENTO DE DRENAGEM,IMPRUD. CONDUTOR-LEVOU FECHADA,AUTOMÓVEL=1,RIBEIRÃO PRETO,RIBEIRÃO PRETO,RIBEIRÃO PRETO,ESTADUAL
31465,2023-04-15,21:59:45,L29-VIAPAULISTA,SP330,244.35,SUL,-21.73237325,-47.58448861,ATROPELAMENTO DE ANIMAL,ATROP. ANIMAL,ANIMAL NA RODOVIA,AUTOMÓVEL=1,SANTA RITA DO PASSA QUATRO,CENTRAL,RIBEIRÃO PRETO,ESTADUAL
31473,2023-04-17,09:48:31,L29-VIAPAULISTA,SP330,247.0,NORTE,-21.70962128,-47.59251196,CHOQUE,"CHOQUE - DEFENSA, BARREIRA OU ""SUBMARINO""",PANE MECÂNICA/ELÉTRICA,CAMINHÃO=1,SANTA RITA DO PASSA QUATRO,CENTRAL,RIBEIRÃO PRETO,ESTADUAL
31477,2023-04-18,07:01:17,L29-VIAPAULISTA,SP330,312.23,SUL,-21.16360169,-47.75618713,ENGAVETAMENTO,ENGAVETAMENTO,IMPRUD. CONDUTOR-DIST. INADEQUADA ENTRE VEÍC.,AUTOMÓVEL=2|NÃO INFORMADO=1,RIBEIRÃO PRETO,RIBEIRÃO PRETO,RIBEIRÃO PRETO,ESTADUAL
31478,2023-04-18,07:34:29,L29-VIAPAULISTA,SP330,318.1,SUL,-21.11579314,-47.778013,COLISÃO,COLISÃO-FRONTAL,IMPRUD. CONDUTOR,CAMINHONETE=1|CAMINHÃO=1,RIBEIRÃO PRETO,RIBEIRÃO PRETO,RIBEIRÃO PRETO,ESTADUAL
31481,2023-04-18,18:13:00,L29-VIAPAULISTA,SP330,317.5,NORTE,-21.12007033,-47.77485765,COLISÃO,COLISÃO-LATERAL,IMPRUD. CONDUTOR-LEVOU FECHADA,AUTOMÓVEL=1|CAMINHÃO=2,RIBEIRÃO PRETO,RIBEIRÃO PRETO,RIBEIRÃO PRETO,ESTADUAL
31486,2023-04-19,06:37:33,L29-VIAPAULISTA,SP330,289.5,NORTE,-21.36076697,-47.72081488,COLISÃO,COLISÃO-TRASEIRA,IMPRUD. CONDUTOR,AUTOMÓVEL=1|CAMINHÃO=1,CRAVINHOS,RIBEIRÃO PRETO,RIBEIRÃO PRETO,ESTADUAL
31487,2023-04-19,10:48:51,L29-VIAPAULISTA,SP330,317.3,NORTE,-21.12156722,-47.77378324,COLISÃO,COLISÃO-FRONTAL,PANE MECÂNICA/ELÉTRICA,CAMINHONETE=1|CAMINHÃO=1,RIBEIRÃO PRETO,RIBEIRÃO PRETO,RIBEIRÃO PRETO,ESTADUAL
31488,2023-04-19,12:28:22,L29-VIAPAULISTA,SP330,318.3,SUL,-21.11480865,-47.77886412,COLISÃO,COLISÃO-LATERAL,IMPRUD. CONDUTOR,CAMINHÃO=1|NÃO INFORMADO=1,RIBEIRÃO PRETO,RIBEIRÃO PRETO,RIBEIRÃO PRETO,ESTADUAL
31493,2023-04-20,07:23:47,L29-VIAPAULISTA,SP330,289.0,NORTE,-21.36427508,-47.71799067,COLISÃO,COLISÃO-TRASEIRA,IMPRUD. CONDUTOR-DIST. INADEQUADA ENTRE VEÍC.,AUTOMÓVEL=1|NÃO INFORMADO=1,CRAVINHOS,RIBEIRÃO PRETO,RIBEIRÃO PRETO,ESTADUAL
31494,2023-04-20,07:38:11,L29-VIAPAULISTA,SP330,302.5,SUL,-21.25152607,-47.75565146,COLISÃO,COLISÃO-LATERAL,IMPRUD. CONDUTOR,AUTOMÓVEL=1|CAMINHÃO=1,RIBEIRÃO PRETO,RIBEIRÃO PRETO,RIBEIRÃO PRETO,ESTADUAL
31502,2023-04-20,18:50:16,L29-VIAPAULISTA,SP330,314.0,SUL,-21.14740664,-47.7585736,COLISÃO,COLISÃO-TRASEIRA,IMPRUD. CONDUTOR-DIST. INADEQUADA ENTRE VEÍC.,AUTOMÓVEL=2,RIBEIRÃO PRETO,RIBEIRÃO PRETO,RIBEIRÃO PRETO,ESTADUAL
31503,2023-04-20,18:05:54,L29-VIAPAULISTA,SP330,309.0,NORTE,-21.19226397,-47.75752571,COLISÃO,COLISÃO-LATERAL,IMPRUD. CONDUTOR,AUTOMÓVEL=1|CAMINHÃO=1,RIBEIRÃO PRETO,RIBEIRÃO PRETO,RIBEIRÃO PRETO,ESTADUAL
31506,2023-04-20,20:08:37,L29-VIAPAULISTA,SP330,278.5,SUL,-21.43390612,-47.65227906,CHOQUE,"CHOQUE - DEFENSA, BARREIRA OU ""SUBMARINO""",IMPRUD. CONDUTOR,AUTOMÓVEL=2,SÃO SIMÃO,RIBEIRÃO PRETO,RIBEIRÃO PRETO,ESTADUAL
31511,2023-04-21,18:37:59,L29-VIAPAULISTA,SPA307/330,2.0,LESTE,-21.19471405,-47.7743033,CHOQUE,"CHOQUE - DEFENSA, BARREIRA OU ""SUBMARINO""",OFUSCAMENTO (NATURAL OU OUTRO VEÍCULO),AUTOMÓVEL=1,RIBEIRÃO PRETO,RIBEIRÃO PRETO,RIBEIRÃO PRETO,ESTADUAL
31515,2023-04-21,21:25:24,L29-VIAPAULISTA,SP330,316.4,SUL,-21.12880625,-47.76878156,CHOQUE,"CHOQUE - DEFENSA, BARREIRA OU ""SUBMARINO""",IMPRUD. CONDUTOR,MOTO=1,RIBEIRÃO PRETO,RIBEIRÃO PRETO,RIBEIRÃO PRETO,ESTADUAL
31518,2023-04-21,23:58:27,L29-VIAPAULISTA,SP330,272.5,NORTE,-21.48576225,-47.64085164,COLISÃO,COLISÃO-TRASEIRA,IMPRUD. CONDUTOR,CAMINHONETE=1|CAMINHÃO=1,SÃO SIMÃO,RIBEIRÃO PRETO,RIBEIRÃO PRETO,ESTADUAL
31520,2023-04-22,14:51:57,L29-VIAPAULISTA,SP330,317.3,NORTE,-21.12156722,-47.77378324,COLISÃO,COLISÃO-TRASEIRA,OBJETO NA PISTA,AUTOMÓVEL=1|CAMINHÃO=2,RIBEIRÃO PRETO,RIBEIRÃO PRETO,RIBEIRÃO PRETO,ESTADUAL
31524,2023-04-22,23:13:29,L29-VIAPAULISTA,SP330,317.7,SUL,-21.11929148,-47.77564689,CHOQUE,"CHOQUE - DEFENSA, BARREIRA OU ""SUBMARINO""",IMPRUD. CONDUTOR-PERDA DE CONTROLE,AUTOMÓVEL=1,RIBEIRÃO PRETO,RIBEIRÃO PRETO,RIBEIRÃO PRETO,ESTADUAL
31527,2023-04-23,07:23:27,L29-VIAPAULISTA,SP330,298.0,SUL,-21.28917119,-47.74749845,CHOQUE,CHOQUE-OBJETO NA PISTA,OBJETO NA PISTA,AUTOMÓVEL=1|CAMINHÃO=1,CRAVINHOS,RIBEIRÃO PRETO,RIBEIRÃO PRETO,ESTADUAL
31531,2023-04-23,20:18:39,L29-VIAPAULISTA,SP330,317.0,SUL,-21.12372256,-47.7722362,COLISÃO,COLISÃO-TRASEIRA,IMPRUD. CONDUTOR-LEVOU FECHADA,AUTOMÓVEL=1|MOTO=1,RIBEIRÃO PRETO,RIBEIRÃO PRETO,RIBEIRÃO PRETO,ESTADUAL
31535,2023-04-24,08:02:06,L29-VIAPAULISTA,SP330,307.8,SUL,-21.20364743,-47.75825881,COLISÃO,COLISÃO-TRASEIRA,IMPRUD. CONDUTOR-DIST. INADEQUADA ENTRE VEÍC.,AUTOMÓVEL=1|CAMINHÃO=1,RIBEIRÃO PRETO,RIBEIRÃO PRETO,RIBEIRÃO PRETO,ESTADUAL
31537,2023-04-24,10:59:48,L29-VIAPAULISTA,SP330,316.6,SUL,-21.12741915,-47.76981322,TOMBAMENTO,TOMBAMENTO,ESTOURO/FURO DE PNEU,MOTO=1,RIBEIRÃO PRETO,RIBEIRÃO PRETO,RIBEIRÃO PRETO,ESTADUAL
31541,2023-04-24,21:46:49,L29-VIAPAULISTA,SP330,242.2,NORTE,-21.74826254,-47.57265899,CHOQUE,CHOQUE-SINALIZAÇÃO,ANIMAL NA RODOVIA,AUTOMÓVEL=1,SANTA RITA DO PASSA QUATRO,CENTRAL,RIBEIRÃO PRETO,ESTADUAL
31543,2023-04-25,08:07:14,L29-VIAPAULISTA,SP330,308.0,SUL,-21.20127586,-47.75799848,TOMBAMENTO,TOMBAMENTO,IMPRUD. CONDUTOR-LEVOU FECHADA,MOTO=1|NÃO INFORMADO=1,RIBEIRÃO PRETO,RIBEIRÃO PRETO,RIBEIRÃO PRETO,ESTADUAL
31544,2023-04-25,04:22:48,L29-VIAPAULISTA,SP330,248.9,SUL,-21.69358934,-47.59874646,COLISÃO,COLISÃO-TRASEIRA,MAL SÚBITO DO CONDUTOR,CAMINHÃO=2,SANTA RITA DO PASSA QUATRO,CENTRAL,RIBEIRÃO PRETO,ESTADUAL
31547,2023-04-26,01:45:30,L29-VIAPAULISTA,SP330,287.5,NORTE,-21.37515984,-47.70919589,CHOQUE,"CHOQUE - DEFENSA, BARREIRA OU ""SUBMARINO""",IMPRUD. CONDUTOR-EFETUAVA A RÉ,CAMINHÃO=1,CRAVINHOS,RIBEIRÃO PRETO,RIBEIRÃO PRETO,ESTADUAL
31548,2023-04-26,11:00:58,L29-VIAPAULISTA,SP330,307.5,NORTE,-21.20587184,-47.75823958,CHOQUE,"CHOQUE - DEFENSA, BARREIRA OU ""SUBMARINO""",CONDIÇÃO CLIMÁTICA,CAMINHÃO=1,RIBEIRÃO PRETO,RIBEIRÃO PRETO,RIBEIRÃO PRETO,ESTADUAL
31551,2023-04-27,14:11:16,L29-VIAPAULISTA,SP330,306.0,NORTE,-21.21930227,-47.75887261,TOMBAMENTO,TOMBAMENTO,ÓLEO NA PISTA,CAMINHONETE=1|MOTO=1,RIBEIRÃO PRETO,RIBEIRÃO PRETO,RIBEIRÃO PRETO,ESTADUAL
31555,2023-04-28,07:45:10,L29-VIAPAULISTA,SP330,317.0,SUL,-21.12372256,-47.7722362,COLISÃO,COLISÃO-TRASEIRA,IMPRUD. CONDUTOR-LEVOU FECHADA,CAMINHONETE=1|MOTO=1,RIBEIRÃO PRETO,RIBEIRÃO PRETO,RIBEIRÃO PRETO,ESTADUAL
31557,2023-04-28,07:19:57,L29-VIAPAULISTA,SP330,284.2,NORTE,-21.3955838,-47.68646499,COLISÃO,COLISÃO-TRASEIRA,IMPRUD. CONDUTOR-DIST. INADEQUADA ENTRE VEÍC.,CAMINHÃO=2,SÃO SIMÃO,RIBEIRÃO PRETO,RIBEIRÃO PRETO,ESTADUAL
31558,2023-04-28,07:34:32,L29-VIAPAULISTA,SP330,284.15,NORTE,-21.3955838,-47.68646499,COLISÃO,COLISÃO-TRASEIRA,IMPRUD. CONDUTOR-DIST. INADEQUADA ENTRE VEÍC.,CAMINHÃO=2,SÃO SIMÃO,RIBEIRÃO PRETO,RIBEIRÃO PRETO,ESTADUAL
31565,2023-04-28,17:36:29,L29-VIAPAULISTA,SP330,310.2,NORTE,-21.18325207,-47.75705291,COLISÃO,COLISÃO-TRASEIRA,IMPRUD. CONDUTOR-DIST. INADEQUADA ENTRE VEÍC.,AUTOMÓVEL=1|CAMINHONETE=1,RIBEIRÃO PRETO,RIBEIRÃO PRETO,RIBEIRÃO PRETO,ESTADUAL
31567,2023-04-28,19:56:41,L29-VIAPAULISTA,SP330,315.0,NORTE,-21.13899781,-47.76203254,CHOQUE,CHOQUE-SINALIZAÇÃO,IMPRUD. CONDUTOR,CAMINHONETE=1,RIBEIRÃO PRETO,RIBEIRÃO PRETO,RIBEIRÃO PRETO,ESTADUAL
31569,2023-04-28,19:37:55,L29-VIAPAULISTA,SP330,315.9,SUL,-21.13283616,-47.76597178,ATROPELAMENTO DE PEDESTRE,ATROP. PEDESTRE-CICLISTA,IMPRUD. CONDUTOR,BICICLETA=1|ÔNIBUS=1,RIBEIRÃO PRETO,RIBEIRÃO PRETO,RIBEIRÃO PRETO,ESTADUAL
31570,2023-04-28,19:02:46,L29-VIAPAULISTA,SP330,311.8,NORTE,-21.16706722,-47.7562126,COLISÃO,COLISÃO-LATERAL,IMPRUD. CONDUTOR-MUDANÇA DE FAIXA,AUTOMÓVEL=1|CAMINHÃO=1,RIBEIRÃO PRETO,RIBEIRÃO PRETO,RIBEIRÃO PRETO,ESTADUAL
31571,2023-04-28,19:59:11,L29-VIAPAULISTA,SP330,302.0,SUL,-21.25492402,-47.75467227,COLISÃO,COLISÃO-TRASEIRA,IMPRUD. CONDUTOR,AUTOMÓVEL=1|CAMINHÃO=1,RIBEIRÃO PRETO,RIBEIRÃO PRETO,RIBEIRÃO PRETO,ESTADUAL
31573,2023-04-29,16:46:41,L29-VIAPAULISTA,SP330,307.5,SUL,-21.20635092,-47.75840115,COLISÃO,COLISÃO-TRASEIRA,IMPRUD. CONDUTOR,AUTOMÓVEL=1|NÃO INFORMADO=1,RIBEIRÃO PRETO,RIBEIRÃO PRETO,RIBEIRÃO PRETO,ESTADUAL
31574,2023-04-29,17:57:34,L29-VIAPAULISTA,SP330,243.0,NORTE,-21.7428671,-47.5778037,CHOQUE,CHOQUE-ELEMENTO DE DRENAGEM,IMPRUD. CONDUTOR-LEVOU FECHADA,AUTOMÓVEL=1,SANTA RITA DO PASSA QUATRO,CENTRAL,RIBEIRÃO PRETO,ESTADUAL
31576,2023-04-29,22:21:45,L29-VIAPAULISTA,SP330,313.4,NORTE,-21.15275688,-47.75721475,CHOQUE,CHOQUE-VEÍCULO PARADO NO ACOSTAMENTO,IMPRUD. CONDUTOR-LEVOU FECHADA,AUTOMÓVEL=1|CAMINHÃO=1,RIBEIRÃO PRETO,RIBEIRÃO PRETO,RIBEIRÃO PRETO,ESTADUAL
31582,2023-04-30,11:51:09,L29-VIAPAULISTA,SP330,308.0,NORTE,-21.20127586,-47.75799848,COLISÃO,COLISÃO-LATERAL,IMPRUD. CONDUTOR,AUTOMÓVEL=1|CAMINHÃO=1,RIBEIRÃO PRETO,RIBEIRÃO PRETO,RIBEIRÃO PRETO,ESTADUAL
31591,2023-04-28,06:52:01,L29-VIAPAULISTA,SP330,285.0,SUL,-21.39254646,-47.6941865,COLISÃO,COLISÃO-TRASEIRA,CONDIÇÃO CLIMÁTICA,CAMINHÃO=2,CRAVINHOS,RIBEIRÃO PRETO,RIBEIRÃO PRETO,ESTADUAL
31592,2023-05-02,07:50:12,L29-VIAPAULISTA,SP330,315.2,SUL,-21.13776791,-47.76279971,COLISÃO,COLISÃO-LATERAL,IMPRUD. CONDUTOR-MUDANÇA DE FAIXA,AUTOMÓVEL=1|MOTO=1,RIBEIRÃO PRETO,RIBEIRÃO PRETO,RIBEIRÃO PRETO,ESTADUAL
31593,2023-05-02,08:06:17,L29-VIAPAULISTA,SP330,309.5,NORTE,-21.19226397,-47.75752571,COLISÃO,COLISÃO-TRASEIRA,IMPRUD. CONDUTOR-DIST. INADEQUADA ENTRE VEÍC.,CAMINHONETE=2,RIBEIRÃO PRETO,RIBEIRÃO PRETO,RIBEIRÃO PRETO,ESTADUAL
31595,2023-05-03,00:04:39,L29-VIAPAULISTA,SP330,301.0,SUL,-21.2638089,-47.75509484,COLISÃO,COLISÃO-TRASEIRA,NÃO INFORMADO,MOTO=1|NÃO INFORMADO=1,RIBEIRÃO PRETO,RIBEIRÃO PRETO,RIBEIRÃO PRETO,ESTADUAL
31599,2023-05-03,09:29:49,L29-VIAPAULISTA,SP330,303.0,SUL,-21.24610943,-47.75672765,COLISÃO,COLISÃO-LATERAL,IMPRUD. CONDUTOR,CAMINHONETE=1|CAMINHÃO=1,RIBEIRÃO PRETO,RIBEIRÃO PRETO,RIBEIRÃO PRETO,ESTADUAL
31602,2023-05-03,19:04:12,L29-VIAPAULISTA,SP330,313.0,SUL,-21.15622499,-47.7565865,COLISÃO,COLISÃO-TRASEIRA,IMPRUD. CONDUTOR-DIST. INADEQUADA ENTRE VEÍC.,AUTOMÓVEL=2,RIBEIRÃO PRETO,RIBEIRÃO PRETO,RIBEIRÃO PRETO,ESTADUAL
31603,2023-05-03,21:48:28,L29-VIAPAULISTA,SP330,259.2,SUL,-21.6031012,-47.6199823,COLISÃO,COLISÃO-TRASEIRA,IMPRUD. CONDUTOR,CAMINHÃO=2,SANTA RITA DO PASSA QUATRO,CENTRAL,RIBEIRÃO PRETO,ESTADUAL
31604,2023-05-04,07:50:47,L29-VIAPAULISTA,SP330,313.4,SUL,-21.1534608,-47.75719655,COLISÃO,COLISÃO-TRASEIRA,IMPRUD. CONDUTOR-MUDANÇA DE FAIXA,AUTOMÓVEL=1|MOTO=1,RIBEIRÃO PRETO,RIBEIRÃO PRETO,RIBEIRÃO PRETO,ESTADUAL
31609,2023-05-05,16:33:34,L29-VIAPAULISTA,SP330,313.2,SUL,-21.15484279,-47.75689155,COLISÃO,COLISÃO-LATERAL,IMPRUD. CONDUTOR,AUTOMÓVEL=1|CAMINHÃO=1,RIBEIRÃO PRETO,RIBEIRÃO PRETO,RIBEIRÃO PRETO,ESTADUAL
31610,2023-05-05,17:43:49,L29-VIAPAULISTA,SP330,314.0,SUL,-21.14740664,-47.7585736,COLISÃO,COLISÃO-TRASEIRA,IMPRUD. CONDUTOR-DIST. INADEQUADA ENTRE VEÍC.,AUTOMÓVEL=2,RIBEIRÃO PRETO,RIBEIRÃO PRETO,RIBEIRÃO PRETO,ESTADUAL
31613,2023-05-06,08:30:29,L29-VIAPAULISTA,SP330,304.0,NORTE,-21.23729315,-47.75877455,CHOQUE,CHOQUE-MEIO FIO/CALÇAMENTO,IMPRUD. CONDUTOR-PERDA DE CONTROLE,AUTOMÓVEL=1,RIBEIRÃO PRETO,RIBEIRÃO PRETO,RIBEIRÃO PRETO,ESTADUAL
31616,2023-05-06,15:12:35,L29-VIAPAULISTA,SP330,308.0,NORTE,-21.20127586,-47.75799848,COLISÃO,COLISÃO-LATERAL,IMPRUD. CONDUTOR-LEVOU FECHADA,AUTOMÓVEL=1|NÃO INFORMADO=1,RIBEIRÃO PRETO,RIBEIRÃO PRETO,RIBEIRÃO PRETO,ESTADUAL
31620,2023-05-07,14:39:45,L29-VIAPAULISTA,SP330,315.5,SUL,-21.13591703,-47.76395518,COLISÃO,COLISÃO-TRASEIRA,OBRAS,AUTOMÓVEL=1|NÃO INFORMADO=1,RIBEIRÃO PRETO,RIBEIRÃO PRETO,RIBEIRÃO PRETO,ESTADUAL
31623,2023-05-08,01:15:49,L29-VIAPAULISTA,SP330,297.5,SUL,-21.29435681,-47.74526991,COLISÃO,COLISÃO-TRASEIRA,IMPRUD. CONDUTOR,AUTOMÓVEL=2,CRAVINHOS,RIBEIRÃO PRETO,RIBEIRÃO PRETO,ESTADUAL
31626,2023-05-08,17:34:26,L29-VIAPAULISTA,SP330,311.85,NORTE,-21.16660719,-47.75618998,TOMBAMENTO,TOMBAMENTO,ESTOURO/FURO DE PNEU,MOTO=1,RIBEIRÃO PRETO,RIBEIRÃO PRETO,RIBEIRÃO PRETO,ESTADUAL
31629,2023-05-08,19:19:32,L29-VIAPAULISTA,SP330,305.0,NORTE,-21.22831407,-47.75934717,TOMBAMENTO,TOMBAMENTO,PANE MECÂNICA/ELÉTRICA,MOTO=1,RIBEIRÃO PRETO,RIBEIRÃO PRETO,RIBEIRÃO PRETO,ESTADUAL
31632,2023-05-09,18:43:31,L29-VIAPAULISTA,SP330,264.4,NORTE,-21.55802599,-47.6356842,COLISÃO,COLISÃO-TRASEIRA,IMPRUD. CONDUTOR-PERDA DE CONTROLE,AUTOMÓVEL=1|MOTO=1,SÃO SIMÃO,RIBEIRÃO PRETO,RIBEIRÃO PRETO,ESTADUAL
31634,2023-05-10,03:32:04,L29-VIAPAULISTA,SP330,276.1,NORTE,-21.45404397,-47.64567253,TOMBAMENTO,TOMBAMENTO,IMPRUD. CONDUTOR-LEVOU FECHADA,CAMINHÃO=1,SÃO SIMÃO,RIBEIRÃO PRETO,RIBEIRÃO PRETO,ESTADUAL
31635,2023-05-10,11:24:28,L29-VIAPAULISTA,SP330,307.5,SUL,-21.20635092,-47.75840115,CHOQUE,CHOQUE-OBJETO NA PISTA,OBJETO NA PISTA,MOTO=1,RIBEIRÃO PRETO,RIBEIRÃO PRETO,RIBEIRÃO PRETO,ESTADUAL
31639,2023-05-11,11:58:33,L29-VIAPAULISTA,SP330,297.5,SUL,-21.29435681,-47.74526991,COLISÃO,COLISÃO-TRASEIRA,IMPRUD. CONDUTOR-DIST. INADEQUADA ENTRE VEÍC.,AUTOMÓVEL=1|CAMINHÃO=1,CRAVINHOS,RIBEIRÃO PRETO,RIBEIRÃO PRETO,ESTADUAL
31641,2023-05-11,17:16:52,L29-VIAPAULISTA,SP330,310.8,NORTE,-21.17607948,-47.75667659,COLISÃO,COLISÃO-TRASEIRA,IMPRUD. CONDUTOR-DIST. INADEQUADA ENTRE VEÍC.,AUTOMÓVEL=1|NÃO INFORMADO=1,RIBEIRÃO PRETO,RIBEIRÃO PRETO,RIBEIRÃO PRETO,ESTADUAL
31642,2023-05-11,18:23:04,L29-VIAPAULISTA,SP330,313.8,NORTE,-21.14919123,-47.75809127,COLISÃO,COLISÃO-LATERAL,IMPRUD. CONDUTOR-PERDA DE CONTROLE,BICICLETA=1|NÃO INFORMADO=1,RIBEIRÃO PRETO,RIBEIRÃO PRETO,RIBEIRÃO PRETO,ESTADUAL
31647,2023-05-12,11:45:13,L29-VIAPAULISTA,SP330,258.8,SUL,-21.60693929,-47.61874712,COLISÃO,COLISÃO-TRASEIRA,IMPRUD. CONDUTOR-MUDANÇA DE FAIXA,AUTOMÓVEL=1|CAMINHÃO=1,SANTA RITA DO PASSA QUATRO,CENTRAL,RIBEIRÃO PRETO,ESTADUAL
31652,2023-05-12,18:54:17,L29-VIAPAULISTA,SP330,307.9,NORTE,-21.20219552,-47.75804672,COLISÃO,COLISÃO-LATERAL,IMPRUD. CONDUTOR,AUTOMÓVEL=1|CAMINHÃO=1,RIBEIRÃO PRETO,RIBEIRÃO PRETO,RIBEIRÃO PRETO,ESTADUAL
31659,2023-05-13,11:07:22,L29-VIAPAULISTA,SP330,242.0,SUL,-21.74960287,-47.57138089,CHOQUE,"CHOQUE - DEFENSA, BARREIRA OU ""SUBMARINO""",IMPRUD. CONDUTOR-LEVOU FECHADA,CAMINHONETE=1,SANTA RITA DO PASSA QUATRO,CENTRAL,RIBEIRÃO PRETO,ESTADUAL
31660,2023-05-13,13:34:20,L29-VIAPAULISTA,SP330,310.2,SUL,-21.18185462,-47.75703574,COLISÃO,COLISÃO-TRASEIRA,IMPRUD. CONDUTOR-DIST. INADEQUADA ENTRE VEÍC.,CAMINHONETE=1|CAMINHÃO=1,RIBEIRÃO PRETO,RIBEIRÃO PRETO,RIBEIRÃO PRETO,ESTADUAL
31667,2023-05-14,19:06:12,L29-VIAPAULISTA,SPA241/330,8.0,LESTE,-21.73021781,-47.49240201,COLISÃO,COLISÃO-TRASEIRA,IMPRUD. CONDUTOR-DESRESPEITO À SINALIZAÇÃO,AUTOMÓVEL=1|MOTO=1,SANTA RITA DO PASSA QUATRO,CENTRAL,RIBEIRÃO PRETO,ESTADUAL
31668,2023-05-14,20:20:51,L29-VIAPAULISTA,SP330,306.0,SUL,-21.21930227,-47.75887261,CHOQUE,"CHOQUE - DEFENSA, BARREIRA OU ""SUBMARINO""",IMPRUD. CONDUTOR-LEVOU FECHADA,AUTOMÓVEL=1,RIBEIRÃO PRETO,RIBEIRÃO PRETO,RIBEIRÃO PRETO,ESTADUAL
31670,2023-05-15,14:15:42,L29-VIAPAULISTA,SP330,317.0,SUL,-21.12372256,-47.7722362,COLISÃO,COLISÃO-TRANSVERSAL,CICLISTA NA RODOVIA,BICICLETA=1|MOTO=1,RIBEIRÃO PRETO,RIBEIRÃO PRETO,RIBEIRÃO PRETO,ESTADUAL
31678,2023-05-16,10:54:38,L29-VIAPAULISTA,SP330,245.0,SUL,-21.72669774,-47.58628027,CHOQUE,CHOQUE-OUTROS,PANE MECÂNICA,CAMINHONETE=1|MOTO=1,SANTA RITA DO PASSA QUATRO,CENTRAL,RIBEIRÃO PRETO,ESTADUAL
31683,2023-05-16,21:54:54,L29-VIAPAULISTA,SP330,275.5,SUL,-21.45978231,-47.64398028,COLISÃO,COLISÃO-TRASEIRA,IMPRUD. CONDUTOR,CAMINHÃO=2,SÃO SIMÃO,RIBEIRÃO PRETO,RIBEIRÃO PRETO,ESTADUAL
31685,2023-05-17,13:07:55,L29-VIAPAULISTA,SP330,265.0,NORTE,-21.55276183,-47.63752731,COLISÃO,COLISÃO-LATERAL,IMPRUD. CONDUTOR,NÃO INFORMADO=1|ÔNIBUS=1,SÃO SIMÃO,RIBEIRÃO PRETO,RIBEIRÃO PRETO,ESTADUAL
31688,2023-05-18,15:59:17,L29-VIAPAULISTA,SP330,289.2,NORTE,-21.36292794,-47.71907519,COLISÃO,COLISÃO-TRASEIRA,IMPRUD. CONDUTOR,CAMINHÃO=2,CRAVINHOS,RIBEIRÃO PRETO,RIBEIRÃO PRETO,ESTADUAL
31697,2023-05-19,18:05:30,L29-VIAPAULISTA,SP330,314.0,SUL,-21.14740664,-47.7585736,COLISÃO,COLISÃO-TRASEIRA,IMPRUD. CONDUTOR,CAMINHÃO=1|ÔNIBUS=1,RIBEIRÃO PRETO,RIBEIRÃO PRETO,RIBEIRÃO PRETO,ESTADUAL
31699,2023-05-19,20:01:41,L29-VIAPAULISTA,SP330,294.0,SUL,-21.32221886,-47.73202137,COLISÃO,COLISÃO-TRASEIRA,IMPRUD. CONDUTOR,CAMINHÃO=2,CRAVINHOS,RIBEIRÃO PRETO,RIBEIRÃO PRETO,ESTADUAL
31702,2023-05-20,00:56:58,L29-VIAPAULISTA,SPA307/330,0.4,LESTE,-21.20323423,-47.76268201,COLISÃO,COLISÃO-LATERAL,IMPRUD. CONDUTOR-DESRESPEITO À SINALIZAÇÃO,AUTOMÓVEL=1|MOTO=1,RIBEIRÃO PRETO,RIBEIRÃO PRETO,RIBEIRÃO PRETO,ESTADUAL
31704,2023-05-20,16:57:48,L29-VIAPAULISTA,SP330,316.0,SUL,-21.13120643,-47.76686411,COLISÃO,COLISÃO-TRASEIRA,IMPRUD. CONDUTOR-LEVOU FECHADA,AUTOMÓVEL=2,RIBEIRÃO PRETO,RIBEIRÃO PRETO,RIBEIRÃO PRETO,ESTADUAL
31712,2023-05-21,14:06:53,L29-VIAPAULISTA,SP330,252.0,NORTE,-21.66679926,-47.60755994,CHOQUE,"CHOQUE - DEFENSA, BARREIRA OU ""SUBMARINO""",IMPRUD. CONDUTOR-PERDA DE CONTROLE,AUTOMÓVEL=1|CAMINHÃO=1,SANTA RITA DO PASSA QUATRO,CENTRAL,RIBEIRÃO PRETO,ESTADUAL
31715,2023-05-22,00:16:27,L29-VIAPAULISTA,SP330,270.0,SUL,-21.50817215,-47.64220785,COLISÃO,COLISÃO-TRASEIRA,IMPRUD. CONDUTOR,CAMINHONETE=1|CAMINHÃO=1,SÃO SIMÃO,RIBEIRÃO PRETO,RIBEIRÃO PRETO,ESTADUAL
31718,2023-05-22,06:15:23,L29-VIAPAULISTA,SP330,313.8,SUL,-21.15012317,-47.75801737,COLISÃO,COLISÃO-LATERAL,IMPRUD. CONDUTOR-DIST. INADEQUADA ENTRE VEÍC.,AUTOMÓVEL=1|CAMINHÃO=1,RIBEIRÃO PRETO,RIBEIRÃO PRETO,RIBEIRÃO PRETO,ESTADUAL
31723,2023-05-23,17:33:48,L29-VIAPAULISTA,SP330,311.0,NORTE,-21.17424017,-47.75658009,COLISÃO,COLISÃO-TRASEIRA,IMPRUD. CONDUTOR,AUTOMÓVEL=1|NÃO INFORMADO=1,RIBEIRÃO PRETO,RIBEIRÃO PRETO,RIBEIRÃO PRETO,ESTADUAL
31724,2023-05-23,17:41:29,L29-VIAPAULISTA,SP330,295.0,NORTE,-21.31395717,-47.73589137,CHOQUE,CHOQUE-TALUDE OU BARRANCO,IMPRUD. CONDUTOR-PERDA DE CONTROLE,AUTOMÓVEL=1,CRAVINHOS,RIBEIRÃO PRETO,RIBEIRÃO PRETO,ESTADUAL
31725,2023-05-23,18:07:23,L29-VIAPAULISTA,SP330,295.0,SUL,-21.31395717,-47.73589137,TOMBAMENTO,TOMBAMENTO,NÃO INFORMADO,MOTO=1,CRAVINHOS,RIBEIRÃO PRETO,RIBEIRÃO PRETO,ESTADUAL
31727,2023-05-23,16:32:38,L29-VIAPAULISTA,SP330,245.0,SUL,-21.72669774,-47.58628027,COLISÃO,COLISÃO-TRASEIRA,IMPRUD. CONDUTOR-MUDANÇA DE FAIXA,CAMINHÃO=2,SANTA RITA DO PASSA QUATRO,CENTRAL,RIBEIRÃO PRETO,ESTADUAL
31733,2023-05-24,14:32:34,L29-VIAPAULISTA,SP330,253.0,NORTE,-21.65807187,-47.60906381,CHOQUE,"CHOQUE - DEFENSA, BARREIRA OU ""SUBMARINO""",MAL SÚBITO DO CONDUTOR,AUTOMÓVEL=1,SANTA RITA DO PASSA QUATRO,CENTRAL,RIBEIRÃO PRETO,ESTADUAL
31738,2023-05-25,16:17:48,L29-VIAPAULISTA,SP330,308.3,NORTE,-21.19866261,-47.75786139,TOMBAMENTO,TOMBAMENTO,IMPRUD. CONDUTOR-LEVOU FECHADA,MOTO=1,RIBEIRÃO PRETO,RIBEIRÃO PRETO,RIBEIRÃO PRETO,ESTADUAL
31751,2023-05-27,01:03:25,L29-VIAPAULISTA,SP330,256.0,NORTE,-21.63113851,-47.61344309,TOMBAMENTO,TOMBAMENTO,OBJETO NA PISTA,BICICLETA=1,SANTA RITA DO PASSA QUATRO,CENTRAL,RIBEIRÃO PRETO,ESTADUAL
31759,2023-05-29,00:39:33,L29-VIAPAULISTA,SP330,307.7,NORTE,-21.20403455,-47.7581432,CHOQUE,"CHOQUE - DEFENSA, BARREIRA OU ""SUBMARINO""",ESTOURO/FURO DE PNEU,AUTOMÓVEL=1,RIBEIRÃO PRETO,RIBEIRÃO PRETO,RIBEIRÃO PRETO,ESTADUAL
31760,2023-05-29,04:54:43,L29-VIAPAULISTA,SPA307/330,2.0,OESTE,-21.19471405,-47.7743033,CHOQUE,"CHOQUE - DEFENSA, BARREIRA OU ""SUBMARINO""",IMPRUD. CONDUTOR,AUTOMÓVEL=1,RIBEIRÃO PRETO,RIBEIRÃO PRETO,RIBEIRÃO PRETO,ESTADUAL
31770,2023-05-30,19:28:28,L29-VIAPAULISTA,SP330,307.0,SUL,-21.21028775,-47.75847123,CHOQUE,CHOQUE-ELEMENTO DE DRENAGEM,IMPRUD. CONDUTOR-LEVOU FECHADA,AUTOMÓVEL=1,RIBEIRÃO PRETO,RIBEIRÃO PRETO,RIBEIRÃO PRETO,ESTADUAL
31771,2023-05-30,22:26:43,L29-VIAPAULISTA,SP330,313.3,NORTE,-21.15364623,-47.75705364,TOMBAMENTO,TOMBAMENTO,CONDIÇÃO CLIMÁTICA,MOTO=1,RIBEIRÃO PRETO,RIBEIRÃO PRETO,RIBEIRÃO PRETO,ESTADUAL
31772,2023-05-30,23:29:53,L29-VIAPAULISTA,SP330,276.9,NORTE,-21.44701935,-47.6478574,CHOQUE,"CHOQUE - DEFENSA, BARREIRA OU ""SUBMARINO""",CONDIÇÃO CLIMÁTICA,AUTOMÓVEL=1|NÃO INFORMADO=1,SÃO SIMÃO,RIBEIRÃO PRETO,RIBEIRÃO PRETO,ESTADUAL
31773,2023-05-31,07:06:06,L29-VIAPAULISTA,SPA307/330,2.5,LESTE,-21.19195017,-47.77850433,COLISÃO,COLISÃO-FRONTAL,IMPRUD. CONDUTOR,AUTOMÓVEL=1|MOTO=1,RIBEIRÃO PRETO,RIBEIRÃO PRETO,RIBEIRÃO PRETO,ESTADUAL
31778,2023-06-02,06:32:02,L29-VIAPAULISTA,SP330,255.0,SUL,-21.6400547,-47.61197483,COLISÃO,COLISÃO-TRASEIRA,IMPRUD. CONDUTOR-DORMIR AO VOLANTE,CAMINHONETE=1|CAMINHÃO=1,SANTA RITA DO PASSA QUATRO,CENTRAL,RIBEIRÃO PRETO,ESTADUAL
31780,2023-06-02,18:28:33,L29-VIAPAULISTA,SP330,316.0,SUL,-21.13120643,-47.76686411,ENGAVETAMENTO,ENGAVETAMENTO,IMPRUD. CONDUTOR-DIST. INADEQUADA ENTRE VEÍC.,AUTOMÓVEL=3,RIBEIRÃO PRETO,RIBEIRÃO PRETO,RIBEIRÃO PRETO,ESTADUAL
31781,2023-06-02,18:13:59,L29-VIAPAULISTA,SP330,314.37,SUL,-21.14493193,-47.75959154,ENGAVETAMENTO,ENGAVETAMENTO,IMPRUD. CONDUTOR-DIST. INADEQUADA ENTRE VEÍC.,AUTOMÓVEL=4,RIBEIRÃO PRETO,RIBEIRÃO PRETO,RIBEIRÃO PRETO,ESTADUAL
31783,2023-06-03,14:30:40,L29-VIAPAULISTA,SP330,314.0,NORTE,-21.14740664,-47.7585736,COLISÃO,COLISÃO-LATERAL,IMPRUD. CONDUTOR-MUDANÇA DE FAIXA,AUTOMÓVEL=1|CAMINHÃO=1,RIBEIRÃO PRETO,RIBEIRÃO PRETO,RIBEIRÃO PRETO,ESTADUAL
31793,2023-06-04,21:29:55,L29-VIAPAULISTA,SPA241/330,4.0,LESTE,-21.73943641,-47.52985803,TOMBAMENTO,TOMBAMENTO,IMPRUD. CONDUTOR,AUTOMÓVEL=1,SANTA RITA DO PASSA QUATRO,CENTRAL,RIBEIRÃO PRETO,ESTADUAL
31798,2023-06-06,07:19:54,L29-VIAPAULISTA,SP330,307.5,NORTE,-21.20587184,-47.75823958,COLISÃO,COLISÃO-TRASEIRA,IMPRUD. CONDUTOR-DIST. INADEQUADA ENTRE VEÍC.,CAMINHONETE=1|MOTO=1,RIBEIRÃO PRETO,RIBEIRÃO PRETO,RIBEIRÃO PRETO,ESTADUAL
31799,2023-06-06,08:42:00,L29-VIAPAULISTA,SP330,308.0,SUL,-21.20127586,-47.75799848,COLISÃO,COLISÃO-TRASEIRA,IMPRUD. CONDUTOR-DIST. INADEQUADA ENTRE VEÍC.,AUTOMÓVEL=1|NÃO INFORMADO=1,RIBEIRÃO PRETO,RIBEIRÃO PRETO,RIBEIRÃO PRETO,ESTADUAL
31803,2023-06-06,22:45:09,L29-VIAPAULISTA,SPA241/330,11.25,LESTE,-21.71452384,-47.46929939,CHOQUE,CHOQUE-MEIO FIO/CALÇAMENTO,IMPRUD. CONDUTOR,AUTOMÓVEL=1,SANTA RITA DO PASSA QUATRO,CENTRAL,RIBEIRÃO PRETO,ESTADUAL
31804,2023-06-07,07:03:38,L29-VIAPAULISTA,SP330,312.0,SUL,-21.16522766,-47.75612218,ENGAVETAMENTO,ENGAVETAMENTO,IMPRUD. CONDUTOR,AUTOMÓVEL=2|NÃO INFORMADO=2,RIBEIRÃO PRETO,RIBEIRÃO PRETO,RIBEIRÃO PRETO,ESTADUAL
31811,2023-06-07,17:32:48,L29-VIAPAULISTA,SP330,314.2,SUL,-21.14606886,-47.75912388,COLISÃO,COLISÃO-TRASEIRA,IMPRUD. CONDUTOR-DIST. INADEQUADA ENTRE VEÍC.,AUTOMÓVEL=1|CAMINHONETE=1,RIBEIRÃO PRETO,RIBEIRÃO PRETO,RIBEIRÃO PRETO,ESTADUAL
31812,2023-06-07,21:05:45,L29-VIAPAULISTA,SP330,299.7,SUL,-21.27618563,-47.75376998,COLISÃO,COLISÃO-TRASEIRA,IMPRUD. CONDUTOR,AUTOMÓVEL=1|CAMINHÃO=1,CRAVINHOS,RIBEIRÃO PRETO,RIBEIRÃO PRETO,ESTADUAL
31813,2023-06-07,17:49:43,L29-VIAPAULISTA,SP330,309.0,NORTE,-21.19226397,-47.75752571,ENGAVETAMENTO,ENGAVETAMENTO,IMPRUD. CONDUTOR-DIST. INADEQUADA ENTRE VEÍC.,AUTOMÓVEL=1|CAMINHONETE=1|CAMINHÃO=1,RIBEIRÃO PRETO,RIBEIRÃO PRETO,RIBEIRÃO PRETO,ESTADUAL
31815,2023-06-07,18:22:16,L29-VIAPAULISTA,SP330,316.0,SUL,-21.13120643,-47.76686411,ENGAVETAMENTO,ENGAVETAMENTO,IMPRUD. CONDUTOR,AUTOMÓVEL=2|CAMINHONETE=1,RIBEIRÃO PRETO,RIBEIRÃO PRETO,RIBEIRÃO PRETO,ESTADUAL
31816,2023-06-08,04:21:38,L29-VIAPAULISTA,SP330,318.25,SUL,-21.11512515,-47.77862072,ATROPELAMENTO DE ANIMAL,ATROP. ANIMAL,ANIMAL NA RODOVIA,AUTOMÓVEL=1,RIBEIRÃO PRETO,RIBEIRÃO PRETO,RIBEIRÃO PRETO,ESTADUAL
31821,2023-06-08,18:59:35,L29-VIAPAULISTA,SP330,307.0,SUL,-21.21028775,-47.75847123,CHOQUE,"CHOQUE - DEFENSA, BARREIRA OU ""SUBMARINO""",IMPRUD. CONDUTOR,AUTOMÓVEL=1,RIBEIRÃO PRETO,RIBEIRÃO PRETO,RIBEIRÃO PRETO,ESTADUAL
31828,2023-06-09,06:49:09,L29-VIAPAULISTA,SP330,300.9,SUL,-21.26568538,-47.75565311,COLISÃO,COLISÃO-TRASEIRA,MAL SÚBITO DO CONDUTOR,MOTO=1|NÃO INFORMADO=1,RIBEIRÃO PRETO,RIBEIRÃO PRETO,RIBEIRÃO PRETO,ESTADUAL
31829,2023-06-09,07:35:53,L29-VIAPAULISTA,SPA307/330,0.0,LESTE,-21.2057688,-47.75843094,COLISÃO,COLISÃO-TRASEIRA,IMPRUD. CONDUTOR-DIST. INADEQUADA ENTRE VEÍC.,AUTOMÓVEL=1|MOTO=1,RIBEIRÃO PRETO,RIBEIRÃO PRETO,RIBEIRÃO PRETO,ESTADUAL
31831,2023-06-10,00:24:01,L29-VIAPAULISTA,SP330,313.0,NORTE,-21.15622499,-47.7565865,CHOQUE,"CHOQUE - DEFENSA, BARREIRA OU ""SUBMARINO""",ESTOURO/FURO DE PNEU,AUTOMÓVEL=1,RIBEIRÃO PRETO,RIBEIRÃO PRETO,RIBEIRÃO PRETO,ESTADUAL
31839,2023-06-11,17:34:06,L29-VIAPAULISTA,SP330,315.2,NORTE,-21.13749195,-47.7628851,TOMBAMENTO,TOMBAMENTO,NÃO INFORMADO,MOTO=1,RIBEIRÃO PRETO,RIBEIRÃO PRETO,RIBEIRÃO PRETO,ESTADUAL
31842,2023-06-11,20:43:06,L29-VIAPAULISTA,SP330,303.5,SUL,-21.24610943,-47.75672765,COLISÃO,COLISÃO-TRASEIRA,IMPRUD. CONDUTOR,AUTOMÓVEL=2,RIBEIRÃO PRETO,RIBEIRÃO PRETO,RIBEIRÃO PRETO,ESTADUAL
31844,2023-06-12,05:20:40,L29-VIAPAULISTA,SP330,308.8,NORTE,-21.19410328,-47.7576222,CHOQUE,"CHOQUE - DEFENSA, BARREIRA OU ""SUBMARINO""",ANIMAL NA RODOVIA,AUTOMÓVEL=1,RIBEIRÃO PRETO,RIBEIRÃO PRETO,RIBEIRÃO PRETO,ESTADUAL
31846,2023-06-13,01:07:42,L29-VIAPAULISTA,SP330,267.15,SUL,-21.53401965,-47.64144046,COLISÃO,COLISÃO-TRASEIRA,IMPRUD. CONDUTOR,CAMINHÃO=2,SÃO SIMÃO,RIBEIRÃO PRETO,RIBEIRÃO PRETO,ESTADUAL
31849,2023-06-13,21:21:19,L29-VIAPAULISTA,SP330,289.0,NORTE,-21.36427508,-47.71799067,COLISÃO,COLISÃO-TRASEIRA,IMPRUD. CONDUTOR,CAMINHÃO=2,CRAVINHOS,RIBEIRÃO PRETO,RIBEIRÃO PRETO,ESTADUAL
31850,2023-06-14,01:27:16,L29-VIAPAULISTA,SP330,299.58,NORTE,-21.27620129,-47.75356777,COLISÃO,COLISÃO-TRASEIRA,IMPRUD. CONDUTOR,CAMINHONETE=1|CAMINHÃO=1,CRAVINHOS,RIBEIRÃO PRETO,RIBEIRÃO PRETO,ESTADUAL
31851,2023-06-14,01:48:58,L29-VIAPAULISTA,SP330,299.58,NORTE,-21.27620129,-47.75356777,CHOQUE,CHOQUE-OBJETO NA PISTA,ACIDENTE,CAMINHONETE=1,CRAVINHOS,RIBEIRÃO PRETO,RIBEIRÃO PRETO,ESTADUAL
31857,2023-06-15,14:17:47,L29-VIAPAULISTA,SP330,241.0,SUL,-21.75562736,-47.56421375,CHOQUE,CHOQUE-ELEMENTO DE DRENAGEM,CONDIÇÃO CLIMÁTICA,CAMINHÃO=1,SANTA RITA DO PASSA QUATRO,CENTRAL,RIBEIRÃO PRETO,ESTADUAL
31858,2023-06-15,18:43:47,L29-VIAPAULISTA,SP330,307.5,NORTE,-21.20587184,-47.75823958,COLISÃO,COLISÃO-TRASEIRA,IMPRUD. CONDUTOR-DIST. INADEQUADA ENTRE VEÍC.,AUTOMÓVEL=1|NÃO INFORMADO=1,RIBEIRÃO PRETO,RIBEIRÃO PRETO,RIBEIRÃO PRETO,ESTADUAL
31862,2023-06-16,10:23:50,L29-VIAPAULISTA,SP330,247.9,SUL,-21.70210952,-47.59563946,ATROPELAMENTO DE PEDESTRE,ATROP. PEDESTRE-ANDARILHO,IMPRUD. PEDESTRE-USUÁRIO,CAMINHÃO=1|NÃO SE APLICA=1,SANTA RITA DO PASSA QUATRO,CENTRAL,RIBEIRÃO PRETO,ESTADUAL
31863,2023-06-16,14:13:00,L29-VIAPAULISTA,SP330,247.0,SUL,-21.70962128,-47.59251196,COLISÃO,COLISÃO-LATERAL,IMPRUD. CONDUTOR,AUTOMÓVEL=1|CAMINHÃO=1,SANTA RITA DO PASSA QUATRO,CENTRAL,RIBEIRÃO PRETO,ESTADUAL
31865,2023-06-17,05:09:04,L29-VIAPAULISTA,SP330,315.15,NORTE,-21.13789042,-47.76265951,COLISÃO,COLISÃO-TRASEIRA,IMPRUD. CONDUTOR,AUTOMÓVEL=1|CAMINHÃO=1,RIBEIRÃO PRETO,RIBEIRÃO PRETO,RIBEIRÃO PRETO,ESTADUAL
31872,2023-06-13,18:41:27,L29-VIAPAULISTA,SP330,307.0,NORTE,-21.21028775,-47.75847123,COLISÃO,COLISÃO-LATERAL,IMPRUD. CONDUTOR,AUTOMÓVEL=1|CAMINHÃO=1,RIBEIRÃO PRETO,RIBEIRÃO PRETO,RIBEIRÃO PRETO,ESTADUAL
31878,2023-06-18,04:50:57,L29-VIAPAULISTA,SP330,268.0,NORTE,-21.52617636,-47.64283763,CAPOTAMENTO,CAPOTAMENTO,IMPRUD. CONDUTOR-DORMIR AO VOLANTE,AUTOMÓVEL=1,SÃO SIMÃO,RIBEIRÃO PRETO,RIBEIRÃO PRETO,ESTADUAL
31879,2023-06-18,08:06:07,L29-VIAPAULISTA,SP330,315.207,NORTE,-21.13743628,-47.76291662,TOMBAMENTO,TOMBAMENTO,CONDIÇÃO CLIMÁTICA,MOTO=1,RIBEIRÃO PRETO,RIBEIRÃO PRETO,RIBEIRÃO PRETO,ESTADUAL
31886,2023-06-20,08:30:36,L29-VIAPAULISTA,SP330,294.6,NORTE,-21.31734302,-47.7343054,COLISÃO,COLISÃO-LATERAL,ESTOURO/FURO DE PNEU,AUTOMÓVEL=1|CAMINHÃO=1,CRAVINHOS,RIBEIRÃO PRETO,RIBEIRÃO PRETO,ESTADUAL
31891,2023-06-21,07:37:48,L29-VIAPAULISTA,SP330,313.8,SUL,-21.15012317,-47.75801737,CHOQUE,CHOQUE-MEIO FIO/CALÇAMENTO,IMPRUD. CONDUTOR-PERDA DE CONTROLE,AUTOMÓVEL=2,RIBEIRÃO PRETO,RIBEIRÃO PRETO,RIBEIRÃO PRETO,ESTADUAL
31892,2023-06-21,07:56:22,L29-VIAPAULISTA,SP330,310.8,NORTE,-21.17607948,-47.75667659,CHOQUE,"CHOQUE - DEFENSA, BARREIRA OU ""SUBMARINO""",IMPRUD. CONDUTOR-FREADA BRUSCA,AUTOMÓVEL=1,RIBEIRÃO PRETO,RIBEIRÃO PRETO,RIBEIRÃO PRETO,ESTADUAL
31897,2023-06-22,07:37:19,L29-VIAPAULISTA,SP330,310.0,NORTE,-21.18325207,-47.75705291,COLISÃO,COLISÃO-TRASEIRA,IMPRUD. CONDUTOR-DIST. INADEQUADA ENTRE VEÍC.,AUTOMÓVEL=2,RIBEIRÃO PRETO,RIBEIRÃO PRETO,RIBEIRÃO PRETO,ESTADUAL
31914,2023-06-24,19:20:21,L29-VIAPAULISTA,SP330,292.0,SUL,-21.33882159,-47.72450645,TOMBAMENTO,TOMBAMENTO,ESTOURO/FURO DE PNEU,MOTO=1|NÃO INFORMADO=1,CRAVINHOS,RIBEIRÃO PRETO,RIBEIRÃO PRETO,ESTADUAL
31916,2023-06-24,19:50:09,L29-VIAPAULISTA,SPA307/330,3.0,OESTE,-21.18945095,-47.78164317,CHOQUE,CHOQUE-VEÍCULO PARADO NA PISTA,VEÍCULO PARADO NA FAIXA,AUTOMÓVEL=1|CAMINHONETE=1,RIBEIRÃO PRETO,RIBEIRÃO PRETO,RIBEIRÃO PRETO,ESTADUAL
31926,2023-06-26,18:41:50,L29-VIAPAULISTA,SP330,304.0,SUL,-21.23729315,-47.75877455,CHOQUE,CHOQUE-POSTE,IMPRUD. CONDUTOR,AUTOMÓVEL=1,RIBEIRÃO PRETO,RIBEIRÃO PRETO,RIBEIRÃO PRETO,ESTADUAL
31927,2023-06-26,20:33:47,L29-VIAPAULISTA,SP330,282.0,SUL,-21.40661865,-47.67023792,COLISÃO,COLISÃO-TRASEIRA,IMPRUD. CONDUTOR,AUTOMÓVEL=2,SÃO SIMÃO,RIBEIRÃO PRETO,RIBEIRÃO PRETO,ESTADUAL
31928,2023-06-27,00:33:52,L29-VIAPAULISTA,SP330,262.7,NORTE,-21.57292757,-47.63046588,COLISÃO,COLISÃO-TRASEIRA,IMPRUD. CONDUTOR-DORMIR AO VOLANTE,CAMINHÃO=2,SÃO SIMÃO,RIBEIRÃO PRETO,RIBEIRÃO PRETO,ESTADUAL
31930,2023-06-27,07:45:34,L29-VIAPAULISTA,SP330,308.0,SUL,-21.20127586,-47.75799848,COLISÃO,COLISÃO-LATERAL,IMPRUD. CONDUTOR,AUTOMÓVEL=1|MOTO=1,RIBEIRÃO PRETO,RIBEIRÃO PRETO,RIBEIRÃO PRETO,ESTADUAL
31935,2023-06-28,15:33:11,L29-VIAPAULISTA,SP330,307.0,NORTE,-21.20127586,-47.75799848,COLISÃO,COLISÃO-LATERAL,IMPRUD. CONDUTOR,CAMINHONETE=1|MOTO=1,RIBEIRÃO PRETO,RIBEIRÃO PRETO,RIBEIRÃO PRETO,ESTADUAL
31936,2023-06-29,10:32:11,L29-VIAPAULISTA,SP330,313.75,NORTE,-21.14963724,-47.75797072,COLISÃO,COLISÃO-TRASEIRA,IMPRUD. CONDUTOR,AUTOMÓVEL=1|CAMINHÃO=1,RIBEIRÃO PRETO,RIBEIRÃO PRETO,RIBEIRÃO PRETO,ESTADUAL
31937,2023-06-29,13:02:44,L29-VIAPAULISTA,SP330,311.0,SUL,-21.17424017,-47.75658009,CHOQUE,"CHOQUE - DEFENSA, BARREIRA OU ""SUBMARINO""",IMPRUD. CONDUTOR-LEVOU FECHADA,AUTOMÓVEL=1,RIBEIRÃO PRETO,RIBEIRÃO PRETO,RIBEIRÃO PRETO,ESTADUAL
31939,2023-06-29,19:18:08,L29-VIAPAULISTA,SP330,312.0,SUL,-21.16522766,-47.75612218,TOMBAMENTO,TOMBAMENTO,IMPRUD. CONDUTOR,BICICLETA=1,RIBEIRÃO PRETO,RIBEIRÃO PRETO,RIBEIRÃO PRETO,ESTADUAL
31945,2023-06-30,15:57:13,L29-VIAPAULISTA,SP330,246.9,SUL,-21.71066688,-47.59251843,CHOQUE,"CHOQUE - DEFENSA, BARREIRA OU ""SUBMARINO""",IMPRUD. CONDUTOR-LEVOU FECHADA,CAMINHÃO=1,SANTA RITA DO PASSA QUATRO,CENTRAL,RIBEIRÃO PRETO,ESTADUAL
31951,2023-07-01,12:12:04,L29-VIAPAULISTA,SP330,300.8,SUL,-21.26657337,-47.7557816,COLISÃO,COLISÃO-TRASEIRA,IMPRUD. CONDUTOR-DIST. INADEQUADA ENTRE VEÍC.,AUTOMÓVEL=1|MOTO=1,RIBEIRÃO PRETO,RIBEIRÃO PRETO,RIBEIRÃO PRETO,ESTADUAL
31954,2023-07-02,10:42:47,L29-VIAPAULISTA,SP330,246.6,NORTE,-21.71317144,-47.59121655,COLISÃO,COLISÃO-TRASEIRA,IMPRUD. CONDUTOR-DORMIR AO VOLANTE,AUTOMÓVEL=1|CAMINHONETE=1,SANTA RITA DO PASSA QUATRO,CENTRAL,RIBEIRÃO PRETO,ESTADUAL
31956,2023-07-02,20:45:20,L29-VIAPAULISTA,SPA318/330,1.0,SUL,-21.119958,-47.78591,COLISÃO,COLISÃO-LATERAL,VEÍCULO PARADO NA FAIXA,AUTOMÓVEL=3,RIBEIRÃO PRETO,RIBEIRÃO PRETO,RIBEIRÃO PRETO,ESTADUAL
31960,2023-07-03,12:15:09,L29-VIAPAULISTA,SP330,311.8,SUL,-21.16830318,-47.75639776,COLISÃO,COLISÃO-TRASEIRA,IMPRUD. CONDUTOR-DIST. INADEQUADA ENTRE VEÍC.,AUTOMÓVEL=1|CAMINHONETE=1,RIBEIRÃO PRETO,RIBEIRÃO PRETO,RIBEIRÃO PRETO,ESTADUAL
31962,2023-07-03,17:08:20,L29-VIAPAULISTA,SP330,310.0,SUL,-21.18325207,-47.75705291,TOMBAMENTO,TOMBAMENTO,IMPRUD. CONDUTOR-LEVOU FECHADA,MOTO=1,RIBEIRÃO PRETO,RIBEIRÃO PRETO,RIBEIRÃO PRETO,ESTADUAL
31971,2023-07-05,19:43:48,L29-VIAPAULISTA,SPA241/330,1.0,LESTE,-21.75095013,-47.5560953,COLISÃO,COLISÃO-LATERAL,IMPRUD. CONDUTOR,AUTOMÓVEL=1|NÃO INFORMADO=1,SANTA RITA DO PASSA QUATRO,CENTRAL,RIBEIRÃO PRETO,ESTADUAL
31975,2023-07-06,11:11:15,L29-VIAPAULISTA,SP330,248.0,SUL,-21.70108288,-47.59562715,CHOQUE,CHOQUE-ELEMENTO DE DRENAGEM,IMPRUD. CONDUTOR-PERDA DE CONTROLE,AUTOMÓVEL=1,SANTA RITA DO PASSA QUATRO,CENTRAL,RIBEIRÃO PRETO,ESTADUAL
31982,2023-07-07,18:15:27,L29-VIAPAULISTA,SP330,312.0,SUL,-21.16522766,-47.75612218,TOMBAMENTO,TOMBAMENTO,IMPRUD. CONDUTOR-LEVOU FECHADA,MOTO=1,RIBEIRÃO PRETO,RIBEIRÃO PRETO,RIBEIRÃO PRETO,ESTADUAL
32000,2023-07-10,19:09:08,L29-VIAPAULISTA,SP330,317.1,SUL,-21.12313967,-47.77270178,CHOQUE,"CHOQUE - DEFENSA, BARREIRA OU ""SUBMARINO""",IMPRUD. CONDUTOR-LEVOU FECHADA,AUTOMÓVEL=1,RIBEIRÃO PRETO,RIBEIRÃO PRETO,RIBEIRÃO PRETO,ESTADUAL
32002,2023-07-11,00:17:56,L29-VIAPAULISTA,SP330,313.8,NORTE,-21.14919123,-47.75809127,TOMBAMENTO,TOMBAMENTO,ÓLEO NA PISTA,MOTO=1,RIBEIRÃO PRETO,RIBEIRÃO PRETO,RIBEIRÃO PRETO,ESTADUAL
32009,2023-07-12,14:36:14,L29-VIAPAULISTA,SP330,305.0,SUL,-21.22831407,-47.75934717,CHOQUE,CHOQUE-OBJETO NA PISTA,OBJETO NA PISTA,AUTOMÓVEL=1,RIBEIRÃO PRETO,RIBEIRÃO PRETO,RIBEIRÃO PRETO,ESTADUAL
32010,2023-07-12,05:59:38,L29-VIAPAULISTA,SP330,300.5,NORTE,-21.26831672,-47.75600601,COLISÃO,COLISÃO-TRASEIRA,IMPRUD. CONDUTOR,CAMINHÃO=2,RIBEIRÃO PRETO,RIBEIRÃO PRETO,RIBEIRÃO PRETO,ESTADUAL
32012,2023-07-13,07:42:48,L29-VIAPAULISTA,SP330,315.2,SUL,-21.13776791,-47.76279971,COLISÃO,COLISÃO-TRASEIRA,IMPRUD. CONDUTOR,AUTOMÓVEL=1|MOTO=1,RIBEIRÃO PRETO,RIBEIRÃO PRETO,RIBEIRÃO PRETO,ESTADUAL
32015,2023-07-13,18:25:24,L29-VIAPAULISTA,SP330,272.1,SUL,-21.48934474,-47.64110895,COLISÃO,COLISÃO-TRASEIRA,IMPRUD. CONDUTOR-DIST. INADEQUADA ENTRE VEÍC.,CAMINHÃO=2,SÃO SIMÃO,RIBEIRÃO PRETO,RIBEIRÃO PRETO,ESTADUAL
32016,2023-07-13,21:27:04,L29-VIAPAULISTA,SP330,307.6,NORTE,-21.2049542,-47.75819144,CHOQUE,"CHOQUE - DEFENSA, BARREIRA OU ""SUBMARINO""",IMPRUD. CONDUTOR,AUTOMÓVEL=1,RIBEIRÃO PRETO,RIBEIRÃO PRETO,RIBEIRÃO PRETO,ESTADUAL
32017,2023-07-14,00:16:51,L29-VIAPAULISTA,SP330,308.7,NORTE,-21.19502265,-47.75767044,CHOQUE,CHOQUE-SINALIZAÇÃO,IMPRUD. CONDUTOR-PERDA DE CONTROLE,AUTOMÓVEL=1,RIBEIRÃO PRETO,RIBEIRÃO PRETO,RIBEIRÃO PRETO,ESTADUAL
32019,2023-07-14,08:27:12,L29-VIAPAULISTA,SP330,316.2,NORTE,-21.12979932,-47.76787417,CHOQUE,CHOQUE-OUTROS,PANE MECÂNICA/ELÉTRICA,AUTOMÓVEL=1,RIBEIRÃO PRETO,RIBEIRÃO PRETO,RIBEIRÃO PRETO,ESTADUAL
32020,2023-07-14,08:03:35,L29-VIAPAULISTA,SP330,316.2,NORTE,-21.12979932,-47.76787417,CHOQUE,CHOQUE-VEÍCULO PARADO NA PISTA,VEÍCULO PARADO NA FAIXA,AUTOMÓVEL=1|CAMINHÃO=1|MOTO=1,RIBEIRÃO PRETO,RIBEIRÃO PRETO,RIBEIRÃO PRETO,ESTADUAL
32021,2023-07-14,14:10:24,L29-VIAPAULISTA,SP330,275.0,SUL,-21.46340767,-47.64259265,CHOQUE,CHOQUE-VEÍCULO PARADO NA PISTA,VEÍCULO PARADO NA FAIXA,AUTOMÓVEL=2,SÃO SIMÃO,RIBEIRÃO PRETO,RIBEIRÃO PRETO,ESTADUAL
32022,2023-07-14,17:10:58,L29-VIAPAULISTA,SP330,314.0,SUL,-21.14740664,-47.7585736,COLISÃO,COLISÃO-TRASEIRA,IMPRUD. CONDUTOR-DIST. INADEQUADA ENTRE VEÍC.,AUTOMÓVEL=2,RIBEIRÃO PRETO,RIBEIRÃO PRETO,RIBEIRÃO PRETO,ESTADUAL
32023,2023-07-14,17:43:45,L29-VIAPAULISTA,SP330,315.0,SUL,-21.13899781,-47.76203254,COLISÃO,COLISÃO-TRASEIRA,IMPRUD. CONDUTOR-DIST. INADEQUADA ENTRE VEÍC.,AUTOMÓVEL=1|CAMINHONETE=1,RIBEIRÃO PRETO,RIBEIRÃO PRETO,RIBEIRÃO PRETO,ESTADUAL
32024,2023-07-14,18:35:21,L29-VIAPAULISTA,SP330,317.0,SUL,-21.12372256,-47.7722362,TOMBAMENTO,TOMBAMENTO,IMPRUD. CONDUTOR-LEVOU FECHADA,MOTO=1,RIBEIRÃO PRETO,RIBEIRÃO PRETO,RIBEIRÃO PRETO,ESTADUAL
32029,2023-07-14,19:02:41,L29-VIAPAULISTA,SP330,304.0,NORTE,-21.23729315,-47.75877455,ATROPELAMENTO DE PEDESTRE,ATROP. PEDESTRE-USUÁRIO,IMPRUD. PEDESTRE-USUÁRIO,AUTOMÓVEL=1|NÃO SE APLICA=1,RIBEIRÃO PRETO,RIBEIRÃO PRETO,RIBEIRÃO PRETO,ESTADUAL
32030,2023-07-15,15:16:13,L29-VIAPAULISTA,SP330,318.0,SUL,-21.11623851,-47.77760782,COLISÃO,COLISÃO-TRASEIRA,IMPRUD. CONDUTOR,CAMINHONETE=1|MOTO=1,RIBEIRÃO PRETO,RIBEIRÃO PRETO,RIBEIRÃO PRETO,ESTADUAL
32034,2023-07-16,04:15:22,L29-VIAPAULISTA,SP330,284.25,NORTE,-21.39524843,-47.6873594,ATROPELAMENTO DE ANIMAL,ATROP. ANIMAL,ANIMAL NA RODOVIA,CAMINHONETE=1,SÃO SIMÃO,RIBEIRÃO PRETO,RIBEIRÃO PRETO,ESTADUAL
32040,2023-07-17,07:53:26,L29-VIAPAULISTA,SP330,311.5,SUL,-21.17100662,-47.75654009,COLISÃO,COLISÃO-TRASEIRA,IMPRUD. CONDUTOR,AUTOMÓVEL=2,RIBEIRÃO PRETO,RIBEIRÃO PRETO,RIBEIRÃO PRETO,ESTADUAL
32044,2023-07-17,18:19:19,L29-VIAPAULISTA,SP330,314.2,SUL,-21.14606886,-47.75912388,COLISÃO,COLISÃO-TRASEIRA,IMPRUD. CONDUTOR-DIST. INADEQUADA ENTRE VEÍC.,CAMINHONETE=1|MOTO=1,RIBEIRÃO PRETO,RIBEIRÃO PRETO,RIBEIRÃO PRETO,ESTADUAL
32051,2023-07-19,09:11:30,L29-VIAPAULISTA,SP330,312.0,SUL,-21.16522766,-47.75612218,ENGAVETAMENTO,ENGAVETAMENTO,PANE MECÂNICA/ELÉTRICA,CAMINHONETE=1|CAMINHÃO=1|NÃO INFORMADO=1,RIBEIRÃO PRETO,RIBEIRÃO PRETO,RIBEIRÃO PRETO,ESTADUAL
32056,2023-07-20,08:49:48,L29-VIAPAULISTA,SP330,308.8,NORTE,-21.19410328,-47.7576222,CHOQUE,CHOQUE-SINALIZAÇÃO,IMPRUD. CONDUTOR-PERDA DE CONTROLE,AUTOMÓVEL=1,RIBEIRÃO PRETO,RIBEIRÃO PRETO,RIBEIRÃO PRETO,ESTADUAL
32067,2023-07-22,01:37:38,L29-VIAPAULISTA,SP330,242.0,SUL,-21.74960287,-47.57138089,CHOQUE,CHOQUE-OUTROS,IMPRUD. CONDUTOR,CAMINHÃO=1,SANTA RITA DO PASSA QUATRO,CENTRAL,RIBEIRÃO PRETO,ESTADUAL
32068,2023-07-22,02:19:12,L29-VIAPAULISTA,SPA307/330,2.5,LESTE,-21.19195017,-47.77850433,TOMBAMENTO,TOMBAMENTO,IMPRUD. CONDUTOR-PERDA DE CONTROLE,MOTO=1,RIBEIRÃO PRETO,RIBEIRÃO PRETO,RIBEIRÃO PRETO,ESTADUAL
32074,2023-07-22,18:53:26,L29-VIAPAULISTA,SP330,305.0,SUL,-21.22831407,-47.75934717,CHOQUE,CHOQUE-ELEMENTO DE DRENAGEM,MAL SÚBITO DO CONDUTOR,CAMINHONETE=1,RIBEIRÃO PRETO,RIBEIRÃO PRETO,RIBEIRÃO PRETO,ESTADUAL
32077,2023-07-23,02:42:31,L29-VIAPAULISTA,SPA241/330,8.0,OESTE,-21.73021781,-47.49240201,TOMBAMENTO,TOMBAMENTO,IMPRUD. CONDUTOR-PERDA DE CONTROLE,CAMINHÃO=1,SANTA RITA DO PASSA QUATRO,CENTRAL,RIBEIRÃO PRETO,ESTADUAL
32079,2023-07-23,12:37:19,L29-VIAPAULISTA,SP330,281.5,SUL,-21.41178998,-47.66644547,COLISÃO,COLISÃO-TRASEIRA,IMPRUD. CONDUTOR-DIST. INADEQUADA ENTRE VEÍC.,AUTOMÓVEL=1|CAMINHONETE=1,SÃO SIMÃO,RIBEIRÃO PRETO,RIBEIRÃO PRETO,ESTADUAL
32080,2023-07-24,06:26:24,L29-VIAPAULISTA,SP330,307.7,NORTE,-21.20403455,-47.7581432,TOMBAMENTO,TOMBAMENTO,ÓLEO NA PISTA,MOTO=1,RIBEIRÃO PRETO,RIBEIRÃO PRETO,RIBEIRÃO PRETO,ESTADUAL
32081,2023-07-24,12:27:38,L29-VIAPAULISTA,SP330,307.0,NORTE,-21.21028775,-47.75847123,COLISÃO,COLISÃO-TRASEIRA,IMPRUD. CONDUTOR-DIST. INADEQUADA ENTRE VEÍC.,AUTOMÓVEL=1|MOTO=1,RIBEIRÃO PRETO,RIBEIRÃO PRETO,RIBEIRÃO PRETO,ESTADUAL
32082,2023-07-24,17:24:43,L29-VIAPAULISTA,SP330,312.0,NORTE,-21.16522766,-47.75612218,COLISÃO,COLISÃO-TRASEIRA,IMPRUD. CONDUTOR-FREADA BRUSCA,AUTOMÓVEL=1|CAMINHONETE=1,RIBEIRÃO PRETO,RIBEIRÃO PRETO,RIBEIRÃO PRETO,ESTADUAL
32083,2023-07-25,00:30:05,L29-VIAPAULISTA,SP330,307.5,NORTE,-21.20587184,-47.75823958,CHOQUE,"CHOQUE - DEFENSA, BARREIRA OU ""SUBMARINO""",IMPRUD. CONDUTOR,CAMINHONETE=1,RIBEIRÃO PRETO,RIBEIRÃO PRETO,RIBEIRÃO PRETO,ESTADUAL
32084,2023-07-25,04:28:23,L29-VIAPAULISTA,SP330,259.0,NORTE,-21.60488606,-47.61926983,CHOQUE,CHOQUE-SINALIZAÇÃO,IMPRUD. CONDUTOR,CAMINHÃO=1,SANTA RITA DO PASSA QUATRO,CENTRAL,RIBEIRÃO PRETO,ESTADUAL
32089,2023-07-25,18:10:15,L29-VIAPAULISTA,SP330,313.25,SUL,-21.15449734,-47.75696779,COLISÃO,COLISÃO-TRASEIRA,IMPRUD. CONDUTOR-LEVOU FECHADA,MOTO=1|NÃO INFORMADO=1,RIBEIRÃO PRETO,RIBEIRÃO PRETO,RIBEIRÃO PRETO,ESTADUAL
32094,2023-07-26,06:56:38,L29-VIAPAULISTA,SP330,276.0,SUL,-21.45478548,-47.64542869,CHOQUE,CHOQUE-OBJETO NA PISTA,IMPRUD. CONDUTOR-PERDA DE CONTROLE,AUTOMÓVEL=1,SÃO SIMÃO,RIBEIRÃO PRETO,RIBEIRÃO PRETO,ESTADUAL
32096,2023-07-26,07:43:18,L29-VIAPAULISTA,SP330,310.0,SUL,-21.18325207,-47.75705291,COLISÃO,COLISÃO-TRASEIRA,IMPRUD. CONDUTOR-DIST. INADEQUADA ENTRE VEÍC.,AUTOMÓVEL=1|MOTO=1,RIBEIRÃO PRETO,RIBEIRÃO PRETO,RIBEIRÃO PRETO,ESTADUAL
32097,2023-07-26,08:01:44,L29-VIAPAULISTA,SP330,298.0,NORTE,-21.28917119,-47.74749845,ENGAVETAMENTO,ENGAVETAMENTO,IMPRUD. CONDUTOR-DIST. INADEQUADA ENTRE VEÍC.,AUTOMÓVEL=3|CAMINHONETE=1|CAMINHÃO=1,CRAVINHOS,RIBEIRÃO PRETO,RIBEIRÃO PRETO,ESTADUAL
32103,2023-07-27,06:54:30,L29-VIAPAULISTA,SP330,302.0,SUL,-21.25492402,-47.75467227,COLISÃO,COLISÃO-TRASEIRA,NÃO INFORMADO,AUTOMÓVEL=1|CAMINHÃO=1,RIBEIRÃO PRETO,RIBEIRÃO PRETO,RIBEIRÃO PRETO,ESTADUAL
32108,2023-07-28,08:28:47,L29-VIAPAULISTA,SP330,309.0,NORTE,-21.19226397,-47.75752571,COLISÃO,COLISÃO-LATERAL,IMPRUD. CONDUTOR,AUTOMÓVEL=1|CAMINHÃO=1,RIBEIRÃO PRETO,RIBEIRÃO PRETO,RIBEIRÃO PRETO,ESTADUAL
32109,2023-07-28,18:01:46,L29-VIAPAULISTA,SP330,314.5,SUL,-21.14404409,-47.75995937,COLISÃO,COLISÃO-TRASEIRA,IMPRUD. CONDUTOR-LEVOU FECHADA,AUTOMÓVEL=1|MOTO=1,RIBEIRÃO PRETO,RIBEIRÃO PRETO,RIBEIRÃO PRETO,ESTADUAL
32113,2023-07-29,19:00:57,L29-VIAPAULISTA,SP330,291.0,NORTE,-21.34778925,-47.72402795,CHOQUE,CHOQUE-OUTROS,OBJETO NA PISTA,MOTO=1,CRAVINHOS,RIBEIRÃO PRETO,RIBEIRÃO PRETO,ESTADUAL
32117,2023-07-30,10:10:33,L29-VIAPAULISTA,SP330,241.5,SUL,-21.75249849,-47.5684727,CHOQUE,"CHOQUE - DEFENSA, BARREIRA OU ""SUBMARINO""",ESTOURO/FURO DE PNEU,CAMINHONETE=1,SANTA RITA DO PASSA QUATRO,CENTRAL,RIBEIRÃO PRETO,ESTADUAL
32121,2023-07-31,07:39:45,L29-VIAPAULISTA,SP330,315.5,SUL,-21.13591703,-47.76395518,ENGAVETAMENTO,ENGAVETAMENTO,IMPRUD. CONDUTOR,AUTOMÓVEL=3|CAMINHONETE=1,RIBEIRÃO PRETO,RIBEIRÃO PRETO,RIBEIRÃO PRETO,ESTADUAL
32122,2023-07-31,09:29:40,L29-VIAPAULISTA,SP330,316.0,SUL,-21.13120643,-47.76686411,COLISÃO,COLISÃO-TRASEIRA,IMPRUD. CONDUTOR,CAMINHONETE=1|NÃO INFORMADO=1,RIBEIRÃO PRETO,RIBEIRÃO PRETO,RIBEIRÃO PRETO,ESTADUAL
32124,2023-07-31,18:07:07,L29-VIAPAULISTA,SP330,313.59,SUL,-21.1519666,-47.75755293,COLISÃO,COLISÃO-LATERAL,IMPRUD. CONDUTOR-DIST. INADEQUADA ENTRE VEÍC.,AUTOMÓVEL=2,RIBEIRÃO PRETO,RIBEIRÃO PRETO,RIBEIRÃO PRETO,ESTADUAL
32130,2023-08-01,06:53:04,L29-VIAPAULISTA,SP330,313.0,SUL,-21.15622499,-47.7565865,COLISÃO,COLISÃO-LATERAL,IMPRUD. CONDUTOR-LEVOU FECHADA,AUTOMÓVEL=1|MOTO=1,RIBEIRÃO PRETO,RIBEIRÃO PRETO,RIBEIRÃO PRETO,ESTADUAL
32131,2023-08-01,07:02:25,L29-VIAPAULISTA,SP330,316.0,SUL,-21.13120643,-47.76686411,ENGAVETAMENTO,ENGAVETAMENTO,IMPRUD. CONDUTOR-DIST. INADEQUADA ENTRE VEÍC.,AUTOMÓVEL=2|CAMINHONETE=1,RIBEIRÃO PRETO,RIBEIRÃO PRETO,RIBEIRÃO PRETO,ESTADUAL
32142,2023-08-03,02:56:47,L29-VIAPAULISTA,SP330,303.0,SUL,-21.24610943,-47.75672765,CHOQUE,"CHOQUE - DEFENSA, BARREIRA OU ""SUBMARINO""",IMPRUD. CONDUTOR-LEVOU FECHADA,CAMINHÃO=1,RIBEIRÃO PRETO,RIBEIRÃO PRETO,RIBEIRÃO PRETO,ESTADUAL
32146,2023-08-03,07:50:36,L29-VIAPAULISTA,SP330,315.0,SUL,-21.13899781,-47.76203254,ENGAVETAMENTO,ENGAVETAMENTO,IMPRUD. CONDUTOR-DIST. INADEQUADA ENTRE VEÍC.,AUTOMÓVEL=2|CAMINHÃO=1,RIBEIRÃO PRETO,RIBEIRÃO PRETO,RIBEIRÃO PRETO,ESTADUAL
32147,2023-08-03,07:45:28,L29-VIAPAULISTA,SPA307/330,2.0,OESTE,-21.19471405,-47.7743033,ENGAVETAMENTO,ENGAVETAMENTO,IMPRUD. CONDUTOR,AUTOMÓVEL=3,RIBEIRÃO PRETO,RIBEIRÃO PRETO,RIBEIRÃO PRETO,ESTADUAL
32151,2023-08-03,18:06:27,L29-VIAPAULISTA,SP330,314.0,SUL,-21.14740664,-47.7585736,COLISÃO,COLISÃO-TRASEIRA,IMPRUD. CONDUTOR,AUTOMÓVEL=1|NÃO INFORMADO=1,RIBEIRÃO PRETO,RIBEIRÃO PRETO,RIBEIRÃO PRETO,ESTADUAL
32157,2023-08-04,07:50:41,L29-VIAPAULISTA,SP330,311.5,SUL,-21.17100662,-47.75654009,COLISÃO,COLISÃO-LATERAL,IMPRUD. CONDUTOR-LEVOU FECHADA,CAMINHONETE=1|MOTO=1,RIBEIRÃO PRETO,RIBEIRÃO PRETO,RIBEIRÃO PRETO,ESTADUAL
32158,2023-08-04,08:22:42,L29-VIAPAULISTA,SP330,307.5,SUL,-21.20635092,-47.75840115,TOMBAMENTO,TOMBAMENTO,ÓLEO NA PISTA,MOTO=1,RIBEIRÃO PRETO,RIBEIRÃO PRETO,RIBEIRÃO PRETO,ESTADUAL
32159,2023-08-04,08:50:46,L29-VIAPAULISTA,SP330,307.5,SUL,-21.20635092,-47.75840115,CHOQUE,CHOQUE-ELEMENTO DE DRENAGEM,ÓLEO NA PISTA,AUTOMÓVEL=1,RIBEIRÃO PRETO,RIBEIRÃO PRETO,RIBEIRÃO PRETO,ESTADUAL
32160,2023-08-04,09:10:21,L29-VIAPAULISTA,SP330,296.5,NORTE,-21.30166344,-47.74164906,TOMBAMENTO,TOMBAMENTO,ESTOURO/FURO DE PNEU,MOTO=1,CRAVINHOS,RIBEIRÃO PRETO,RIBEIRÃO PRETO,ESTADUAL
32164,2023-08-04,18:24:40,L29-VIAPAULISTA,SP330,310.0,SUL,-21.18325207,-47.75705291,TOMBAMENTO,TOMBAMENTO,IMPRUD. CONDUTOR-PERDA DE CONTROLE,MOTO=1,RIBEIRÃO PRETO,RIBEIRÃO PRETO,RIBEIRÃO PRETO,ESTADUAL
32165,2023-08-04,18:45:29,L29-VIAPAULISTA,SP330,310.0,SUL,-21.18325207,-47.75705291,COLISÃO,COLISÃO-TRASEIRA,IMPRUD. CONDUTOR,CAMINHONETE=1|MOTO=1,RIBEIRÃO PRETO,RIBEIRÃO PRETO,RIBEIRÃO PRETO,ESTADUAL
32167,2023-08-04,20:07:14,L29-VIAPAULISTA,SP330,312.2,NORTE,-21.16351382,-47.75613744,CHOQUE,"CHOQUE - DEFENSA, BARREIRA OU ""SUBMARINO""",IMPRUD. CONDUTOR-PERDA DE CONTROLE,CAMINHONETE=1,RIBEIRÃO PRETO,RIBEIRÃO PRETO,RIBEIRÃO PRETO,ESTADUAL
32168,2023-08-04,23:58:53,L29-VIAPAULISTA,SP330,306.0,NORTE,-21.21930227,-47.75887261,COLISÃO,COLISÃO-TRASEIRA,IMPRUD. CONDUTOR,CAMINHÃO=1|NÃO INFORMADO=1,RIBEIRÃO PRETO,RIBEIRÃO PRETO,RIBEIRÃO PRETO,ESTADUAL
32169,2023-08-05,09:05:12,L29-VIAPAULISTA,SP330,310.0,SUL,-21.18325207,-47.75705291,COLISÃO,COLISÃO-LATERAL,IMPRUD. CONDUTOR,AUTOMÓVEL=1|CAMINHÃO=1,RIBEIRÃO PRETO,RIBEIRÃO PRETO,RIBEIRÃO PRETO,ESTADUAL
32170,2023-08-05,10:52:50,L29-VIAPAULISTA,SP330,304.0,SUL,-21.23729315,-47.75877455,COLISÃO,COLISÃO-TRASEIRA,IMPRUD. CONDUTOR-DIST. INADEQUADA ENTRE VEÍC.,AUTOMÓVEL=1|CAMINHÃO=1,RIBEIRÃO PRETO,RIBEIRÃO PRETO,RIBEIRÃO PRETO,ESTADUAL
32171,2023-08-05,10:19:09,L29-VIAPAULISTA,SP330,281.0,NORTE,-21.41393659,-47.66460571,COLISÃO,COLISÃO-TRASEIRA,IMPRUD. CONDUTOR,AUTOMÓVEL=1|NÃO INFORMADO=1,SÃO SIMÃO,RIBEIRÃO PRETO,RIBEIRÃO PRETO,ESTADUAL
32172,2023-08-05,10:06:58,L29-VIAPAULISTA,SP330,303.6,SUL,-21.242033,-47.75786701,COLISÃO,COLISÃO-TRASEIRA,IMPRUD. CONDUTOR,AUTOMÓVEL=1|CAMINHONETE=1,RIBEIRÃO PRETO,RIBEIRÃO PRETO,RIBEIRÃO PRETO,ESTADUAL
32173,2023-08-05,13:09:26,L29-VIAPAULISTA,SP330,309.0,NORTE,-21.19226397,-47.75752571,CHOQUE,"CHOQUE - DEFENSA, BARREIRA OU ""SUBMARINO""",IMPRUD. CONDUTOR-PERDA DE CONTROLE,AUTOMÓVEL=1,RIBEIRÃO PRETO,RIBEIRÃO PRETO,RIBEIRÃO PRETO,ESTADUAL
32174,2023-08-05,19:33:49,L29-VIAPAULISTA,SPA241/330,9.95,LESTE,-21.7207293,-47.47726631,CHOQUE,CHOQUE-ELEMENTO DE DRENAGEM,IMPRUD. CONDUTOR,AUTOMÓVEL=1,SANTA RITA DO PASSA QUATRO,CENTRAL,RIBEIRÃO PRETO,ESTADUAL
32177,2023-08-06,08:35:25,L29-VIAPAULISTA,SP330,304.0,NORTE,-21.23729315,-47.75877455,CHOQUE,CHOQUE-TALUDE OU BARRANCO,MAL SÚBITO DO CONDUTOR,AUTOMÓVEL=1,RIBEIRÃO PRETO,RIBEIRÃO PRETO,RIBEIRÃO PRETO,ESTADUAL
32178,2023-08-06,08:06:27,L29-VIAPAULISTA,SP330,309.0,SUL,-21.19226397,-47.75752571,CAPOTAMENTO,CAPOTAMENTO,IMPRUD. CONDUTOR-PERDA DE CONTROLE,AUTOMÓVEL=1,RIBEIRÃO PRETO,RIBEIRÃO PRETO,RIBEIRÃO PRETO,ESTADUAL
32185,2023-08-07,06:29:28,L29-VIAPAULISTA,SP330,301.0,SUL,-21.2638089,-47.75509484,COLISÃO,COLISÃO-LATERAL,IMPRUD. CONDUTOR-MUDANÇA DE FAIXA,AUTOMÓVEL=1|MOTO=1,RIBEIRÃO PRETO,RIBEIRÃO PRETO,RIBEIRÃO PRETO,ESTADUAL
32189,2023-08-07,17:09:13,L29-VIAPAULISTA,SP330,309.9,NORTE,-21.18416984,-47.75710106,TOMBAMENTO,TOMBAMENTO,IMPRUD. CONDUTOR-PERDA DE CONTROLE,MOTO=1|ÔNIBUS=1,RIBEIRÃO PRETO,RIBEIRÃO PRETO,RIBEIRÃO PRETO,ESTADUAL
32190,2023-08-08,10:33:21,L29-VIAPAULISTA,SP330,307.5,NORTE,-21.20587184,-47.75823958,TOMBAMENTO,TOMBAMENTO,NÃO INFORMADO,MOTO=1,RIBEIRÃO PRETO,RIBEIRÃO PRETO,RIBEIRÃO PRETO,ESTADUAL
32201,2023-08-11,17:35:52,L29-VIAPAULISTA,SP330,312.6,SUL,-21.16071957,-47.75634676,COLISÃO,COLISÃO-LATERAL,IMPRUD. CONDUTOR,AUTOMÓVEL=2,RIBEIRÃO PRETO,RIBEIRÃO PRETO,RIBEIRÃO PRETO,ESTADUAL
32203,2023-08-11,16:18:58,L29-VIAPAULISTA,SP330,310.8,NORTE,-21.17607948,-47.75667659,CHOQUE,"CHOQUE - DEFENSA, BARREIRA OU ""SUBMARINO""",IMPRUD. CONDUTOR-DIST. INADEQUADA ENTRE VEÍC.,CAMINHÃO=1,RIBEIRÃO PRETO,RIBEIRÃO PRETO,RIBEIRÃO PRETO,ESTADUAL
32204,2023-08-11,19:15:59,L29-VIAPAULISTA,SP330,308.0,SUL,-21.20127586,-47.75799848,COLISÃO,COLISÃO-TRASEIRA,IMPRUD. CONDUTOR,AUTOMÓVEL=2,RIBEIRÃO PRETO,RIBEIRÃO PRETO,RIBEIRÃO PRETO,ESTADUAL
32208,2023-08-12,19:16:22,L29-VIAPAULISTA,SP330,314.0,NORTE,-21.14740664,-47.7585736,COLISÃO,COLISÃO-TRASEIRA,IMPRUD. CONDUTOR,AUTOMÓVEL=2,RIBEIRÃO PRETO,RIBEIRÃO PRETO,RIBEIRÃO PRETO,ESTADUAL
32210,2023-08-13,16:29:40,L29-VIAPAULISTA,SP330,307.0,SUL,-21.21028775,-47.75847123,COLISÃO,COLISÃO-LATERAL,IMPRUD. CONDUTOR,AUTOMÓVEL=1|MOTO=1,RIBEIRÃO PRETO,RIBEIRÃO PRETO,RIBEIRÃO PRETO,ESTADUAL
32214,2023-08-14,02:07:01,L29-VIAPAULISTA,SP330,313.8,NORTE,-21.14919123,-47.75809127,COLISÃO,COLISÃO-FRONTAL,IMPRUD. CONDUTOR-TRAFEGAR NA CONTRAMÃO,AUTOMÓVEL=2,RIBEIRÃO PRETO,RIBEIRÃO PRETO,RIBEIRÃO PRETO,ESTADUAL
32215,2023-08-14,06:30:05,L29-VIAPAULISTA,SP330,244.0,NORTE,-21.73523428,-47.5831591,CHOQUE,CHOQUE-ELEMENTO DE DRENAGEM,IMPRUD. CONDUTOR-DORMIR AO VOLANTE,AUTOMÓVEL=1,SANTA RITA DO PASSA QUATRO,CENTRAL,RIBEIRÃO PRETO,ESTADUAL
32216,2023-08-14,09:06:41,L29-VIAPAULISTA,SP330,315.0,NORTE,-21.13899781,-47.76203254,COLISÃO,COLISÃO-TRASEIRA,IMPRUD. CONDUTOR,AUTOMÓVEL=2,RIBEIRÃO PRETO,RIBEIRÃO PRETO,RIBEIRÃO PRETO,ESTADUAL
32217,2023-08-14,08:56:32,L29-VIAPAULISTA,SP330,311.0,SUL,-21.17424017,-47.75658009,COLISÃO,COLISÃO-TRASEIRA,IMPRUD. CONDUTOR,AUTOMÓVEL=1|MOTO=1,RIBEIRÃO PRETO,RIBEIRÃO PRETO,RIBEIRÃO PRETO,ESTADUAL
32218,2023-08-14,14:48:06,L29-VIAPAULISTA,SPA307/330,3.0,OESTE,-21.18945095,-47.78164317,COLISÃO,COLISÃO-TRASEIRA,IMPRUD. CONDUTOR-LEVOU FECHADA,AUTOMÓVEL=1|MOTO=1,RIBEIRÃO PRETO,RIBEIRÃO PRETO,RIBEIRÃO PRETO,ESTADUAL
32225,2023-08-15,01:07:05,L29-VIAPAULISTA,SP330,304.0,NORTE,-21.23729315,-47.75877455,CHOQUE,"CHOQUE - DEFENSA, BARREIRA OU ""SUBMARINO""",IMPRUD. CONDUTOR-DORMIR AO VOLANTE,CAMINHÃO=1,RIBEIRÃO PRETO,RIBEIRÃO PRETO,RIBEIRÃO PRETO,ESTADUAL
32227,2023-08-15,14:45:42,L29-VIAPAULISTA,SP330,313.0,NORTE,-21.15622499,-47.7565865,CHOQUE,CHOQUE-ELEMENTO DE DRENAGEM,IMPRUD. CONDUTOR,AUTOMÓVEL=1,RIBEIRÃO PRETO,RIBEIRÃO PRETO,RIBEIRÃO PRETO,ESTADUAL
32229,2023-08-15,17:40:03,L29-VIAPAULISTA,SP330,317.0,SUL,-21.12372256,-47.7722362,COLISÃO,COLISÃO-LATERAL,IMPRUD. CONDUTOR-MUDANÇA DE FAIXA,AUTOMÓVEL=1|CAMINHÃO=1,RIBEIRÃO PRETO,RIBEIRÃO PRETO,RIBEIRÃO PRETO,ESTADUAL
32230,2023-08-15,18:15:37,L29-VIAPAULISTA,SP330,311.0,NORTE,-21.17424017,-47.75658009,TOMBAMENTO,TOMBAMENTO,ÓLEO NA PISTA,MOTO=1,RIBEIRÃO PRETO,RIBEIRÃO PRETO,RIBEIRÃO PRETO,ESTADUAL
32232,2023-08-15,15:43:10,L29-VIAPAULISTA,SP330,314.4,NORTE,-21.14408504,-47.75977966,COLISÃO,COLISÃO-LATERAL,MAL SÚBITO DO CONDUTOR,AUTOMÓVEL=1|CAMINHONETE=1|MOTO=1,RIBEIRÃO PRETO,RIBEIRÃO PRETO,RIBEIRÃO PRETO,ESTADUAL
32235,2023-08-16,07:16:22,L29-VIAPAULISTA,SP330,318.0,SUL,-21.11623851,-47.77760782,CHOQUE,CHOQUE-SINALIZAÇÃO,IMPRUD. CONDUTOR-LEVOU FECHADA,AUTOMÓVEL=1,RIBEIRÃO PRETO,RIBEIRÃO PRETO,RIBEIRÃO PRETO,ESTADUAL
32236,2023-08-16,16:54:21,L29-VIAPAULISTA,SP330,294.0,SUL,-21.32221886,-47.73202137,COLISÃO,COLISÃO-TRASEIRA,IMPRUD. CONDUTOR-FREADA BRUSCA,AUTOMÓVEL=2,CRAVINHOS,RIBEIRÃO PRETO,RIBEIRÃO PRETO,ESTADUAL
32237,2023-08-16,19:20:07,L29-VIAPAULISTA,SP330,315.3,NORTE,-21.13669551,-47.76333602,COLISÃO,COLISÃO-LATERAL,IMPRUD. CONDUTOR,AUTOMÓVEL=1|MOTO=1,RIBEIRÃO PRETO,RIBEIRÃO PRETO,RIBEIRÃO PRETO,ESTADUAL
32247,2023-08-19,04:40:27,L29-VIAPAULISTA,SP330,312.2,NORTE,-21.16351382,-47.75613744,CHOQUE,"CHOQUE - DEFENSA, BARREIRA OU ""SUBMARINO""",PANE MECÂNICA/ELÉTRICA,AUTOMÓVEL=1,RIBEIRÃO PRETO,RIBEIRÃO PRETO,RIBEIRÃO PRETO,ESTADUAL
32252,2023-08-19,16:34:18,L29-VIAPAULISTA,SPA241/330,5.2,LESTE,-21.73582387,-47.51890197,COLISÃO,COLISÃO-TRASEIRA,IMPRUD. CONDUTOR,AUTOMÓVEL=1|CAMINHÃO=1,SANTA RITA DO PASSA QUATRO,CENTRAL,RIBEIRÃO PRETO,ESTADUAL
32253,2023-08-19,18:16:04,L29-VIAPAULISTA,SP330,314.3,NORTE,-21.14493895,-47.7594696,TOMBAMENTO,TOMBAMENTO,PANE MECÂNICA/ELÉTRICA,MOTO=1,RIBEIRÃO PRETO,RIBEIRÃO PRETO,RIBEIRÃO PRETO,ESTADUAL
32254,2023-08-19,18:21:08,L29-VIAPAULISTA,SP330,307.5,NORTE,-21.20587184,-47.75823958,TOMBAMENTO,TOMBAMENTO,IMPRUD. CONDUTOR-PERDA DE CONTROLE,MOTO=1,RIBEIRÃO PRETO,RIBEIRÃO PRETO,RIBEIRÃO PRETO,ESTADUAL
32257,2023-08-19,22:36:12,L29-VIAPAULISTA,SP330,245.0,SUL,-21.72669774,-47.58628027,COLISÃO,COLISÃO-TRASEIRA,IMPRUD. CONDUTOR-LEVOU FECHADA,AUTOMÓVEL=1|CAMINHONETE=1,SANTA RITA DO PASSA QUATRO,CENTRAL,RIBEIRÃO PRETO,ESTADUAL
32263,2023-08-20,09:41:07,L29-VIAPAULISTA,SP330,307.5,SUL,-21.20635092,-47.75840115,CHOQUE,CHOQUE-ELEMENTO DE DRENAGEM,IMPRUD. CONDUTOR-PERDA DE CONTROLE,AUTOMÓVEL=1,RIBEIRÃO PRETO,RIBEIRÃO PRETO,RIBEIRÃO PRETO,ESTADUAL
32264,2023-08-20,09:40:43,L29-VIAPAULISTA,SPA307/330,0.34,OESTE,-21.20369857,-47.76157197,CHOQUE,"CHOQUE - DEFENSA, BARREIRA OU ""SUBMARINO""",IMPRUD. CONDUTOR-PERDA DE CONTROLE,AUTOMÓVEL=1,RIBEIRÃO PRETO,RIBEIRÃO PRETO,RIBEIRÃO PRETO,ESTADUAL
32265,2023-08-20,09:09:44,L29-VIAPAULISTA,SP330,312.0,SUL,-21.16522766,-47.75612218,CHOQUE,"CHOQUE - DEFENSA, BARREIRA OU ""SUBMARINO""",IMPRUD. CONDUTOR-PERDA DE CONTROLE,AUTOMÓVEL=1|CAMINHÃO=1,RIBEIRÃO PRETO,RIBEIRÃO PRETO,RIBEIRÃO PRETO,ESTADUAL
32266,2023-08-20,09:59:15,L29-VIAPAULISTA,SP330,307.26,NORTE,-21.20803025,-47.75835281,CHOQUE,"CHOQUE - DEFENSA, BARREIRA OU ""SUBMARINO""",IMPRUD. CONDUTOR-PERDA DE CONTROLE,AUTOMÓVEL=1,RIBEIRÃO PRETO,RIBEIRÃO PRETO,RIBEIRÃO PRETO,ESTADUAL
32269,2023-08-21,06:38:46,L29-VIAPAULISTA,SP330,311.0,SUL,-21.17424017,-47.75658009,COLISÃO,COLISÃO-TRASEIRA,IMPRUD. CONDUTOR-DIST. INADEQUADA ENTRE VEÍC.,AUTOMÓVEL=1|MOTO=1,RIBEIRÃO PRETO,RIBEIRÃO PRETO,RIBEIRÃO PRETO,ESTADUAL
32273,2023-08-22,08:19:32,L29-VIAPAULISTA,SP330,266.5,SUL,-21.54034635,-47.64039561,COLISÃO,COLISÃO-TRASEIRA,IMPRUD. CONDUTOR-DIST. INADEQUADA ENTRE VEÍC.,AUTOMÓVEL=2,SÃO SIMÃO,RIBEIRÃO PRETO,RIBEIRÃO PRETO,ESTADUAL
32275,2023-08-22,17:41:58,L29-VIAPAULISTA,SPA307/330,2.8,OESTE,-21.19043841,-47.78026611,COLISÃO,COLISÃO-TRASEIRA,IMPRUD. CONDUTOR-DIST. INADEQUADA ENTRE VEÍC.,AUTOMÓVEL=1|MOTO=1,RIBEIRÃO PRETO,RIBEIRÃO PRETO,RIBEIRÃO PRETO,ESTADUAL
32280,2023-08-23,18:12:32,L29-VIAPAULISTA,SP330,315.0,SUL,-21.13899781,-47.76203254,COLISÃO,COLISÃO-TRASEIRA,IMPRUD. CONDUTOR-DIST. INADEQUADA ENTRE VEÍC.,AUTOMÓVEL=2,RIBEIRÃO PRETO,RIBEIRÃO PRETO,RIBEIRÃO PRETO,ESTADUAL
32281,2023-08-23,18:21:06,L29-VIAPAULISTA,SP330,315.5,NORTE,-21.13510213,-47.76423814,TOMBAMENTO,TOMBAMENTO,IMPRUD. CONDUTOR-LEVOU FECHADA,MOTO=1,RIBEIRÃO PRETO,RIBEIRÃO PRETO,RIBEIRÃO PRETO,ESTADUAL
32283,2023-08-23,18:31:16,L29-VIAPAULISTA,SP330,269.0,SUL,-21.51717929,-47.64275347,COLISÃO,COLISÃO-TRASEIRA,IMPRUD. CONDUTOR,AUTOMÓVEL=1|CAMINHONETE=1,SÃO SIMÃO,RIBEIRÃO PRETO,RIBEIRÃO PRETO,ESTADUAL
32285,2023-08-24,06:02:37,L29-VIAPAULISTA,SP330,299.3,NORTE,-21.27852937,-47.75248038,COLISÃO,COLISÃO-TRASEIRA,NÃO INFORMADO,CAMINHÃO=2,CRAVINHOS,RIBEIRÃO PRETO,RIBEIRÃO PRETO,ESTADUAL
32289,2023-08-25,00:41:00,L29-VIAPAULISTA,SP330,307.5,NORTE,-21.20587184,-47.75823958,CHOQUE,"CHOQUE - DEFENSA, BARREIRA OU ""SUBMARINO""",IMPRUD. CONDUTOR-PERDA DE CONTROLE,AUTOMÓVEL=1,RIBEIRÃO PRETO,RIBEIRÃO PRETO,RIBEIRÃO PRETO,ESTADUAL
32292,2023-08-25,18:29:08,L29-VIAPAULISTA,SP330,314.0,SUL,-21.14740664,-47.7585736,COLISÃO,COLISÃO-TRASEIRA,IMPRUD. CONDUTOR-DIST. INADEQUADA ENTRE VEÍC.,AUTOMÓVEL=2,RIBEIRÃO PRETO,RIBEIRÃO PRETO,RIBEIRÃO PRETO,ESTADUAL
32297,2023-08-26,07:38:11,L29-VIAPAULISTA,SP330,275.0,NORTE,-21.46340767,-47.64259265,COLISÃO,COLISÃO-TRASEIRA,IMPRUD. CONDUTOR,CAMINHÃO=2,SÃO SIMÃO,RIBEIRÃO PRETO,RIBEIRÃO PRETO,ESTADUAL
32299,2023-08-26,15:25:43,L29-VIAPAULISTA,SP330,311.0,NORTE,-21.17424017,-47.75658009,COLISÃO,COLISÃO-TRASEIRA,IMPRUD. CONDUTOR-DIST. INADEQUADA ENTRE VEÍC.,AUTOMÓVEL=1|MOTO=1,RIBEIRÃO PRETO,RIBEIRÃO PRETO,RIBEIRÃO PRETO,ESTADUAL
32300,2023-08-26,14:59:14,L29-VIAPAULISTA,SP330,311.0,NORTE,-21.17424017,-47.75658009,ENGAVETAMENTO,ENGAVETAMENTO,IMPRUD. CONDUTOR-DIST. INADEQUADA ENTRE VEÍC.,AUTOMÓVEL=3|CAMINHONETE=1,RIBEIRÃO PRETO,RIBEIRÃO PRETO,RIBEIRÃO PRETO,ESTADUAL
32301,2023-08-26,15:53:32,L29-VIAPAULISTA,SP330,311.0,NORTE,-21.17424017,-47.75658009,COLISÃO,COLISÃO-LATERAL,IMPRUD. CONDUTOR-PERDA DE CONTROLE,AUTOMÓVEL=1|NÃO INFORMADO=1,RIBEIRÃO PRETO,RIBEIRÃO PRETO,RIBEIRÃO PRETO,ESTADUAL
32303,2023-08-26,21:15:30,L29-VIAPAULISTA,SP330,307.3,NORTE,-21.2076707,-47.75833395,CHOQUE,"CHOQUE - DEFENSA, BARREIRA OU ""SUBMARINO""",IMPRUD. CONDUTOR-PERDA DE CONTROLE,AUTOMÓVEL=1,RIBEIRÃO PRETO,RIBEIRÃO PRETO,RIBEIRÃO PRETO,ESTADUAL
32307,2023-08-27,13:56:13,L29-VIAPAULISTA,SP330,311.0,SUL,-21.17424017,-47.75658009,CHOQUE,CHOQUE-MEIO FIO/CALÇAMENTO,IMPRUD. CONDUTOR,CAMINHONETE=1,RIBEIRÃO PRETO,RIBEIRÃO PRETO,RIBEIRÃO PRETO,ESTADUAL
32310,2023-08-27,17:32:08,L29-VIAPAULISTA,SP330,307.5,NORTE,-21.20587184,-47.75823958,TOMBAMENTO,TOMBAMENTO,DERRAPAGEM,MOTO=1,RIBEIRÃO PRETO,RIBEIRÃO PRETO,RIBEIRÃO PRETO,ESTADUAL
32311,2023-08-28,08:00:25,L29-VIAPAULISTA,SP330,315.0,NORTE,-21.13899781,-47.76203254,COLISÃO,COLISÃO-TRASEIRA,IMPRUD. CONDUTOR,AUTOMÓVEL=1|MOTO=1,RIBEIRÃO PRETO,RIBEIRÃO PRETO,RIBEIRÃO PRETO,ESTADUAL
32319,2023-08-31,09:35:51,L29-VIAPAULISTA,SP330,307.0,SUL,-21.21028775,-47.75847123,CHOQUE,CHOQUE-ELEMENTO DE DRENAGEM,IMPRUD. CONDUTOR-PERDA DE CONTROLE,AUTOMÓVEL=1,RIBEIRÃO PRETO,RIBEIRÃO PRETO,RIBEIRÃO PRETO,ESTADUAL
32320,2023-08-31,08:49:23,L29-VIAPAULISTA,SP330,312.0,SUL,-21.16522766,-47.75612218,CHOQUE,"CHOQUE - DEFENSA, BARREIRA OU ""SUBMARINO""",IMPRUD. CONDUTOR-LEVOU FECHADA,MOTO=1,RIBEIRÃO PRETO,RIBEIRÃO PRETO,RIBEIRÃO PRETO,ESTADUAL
32321,2023-08-31,07:31:48,L29-VIAPAULISTA,SP330,307.0,NORTE,-21.21028775,-47.75847123,CHOQUE,"CHOQUE - DEFENSA, BARREIRA OU ""SUBMARINO""",CONDIÇÃO CLIMÁTICA,CAMINHÃO=1,RIBEIRÃO PRETO,RIBEIRÃO PRETO,RIBEIRÃO PRETO,ESTADUAL
32331,2023-09-02,08:17:34,L29-VIAPAULISTA,SP330,242.5,SUL,-21.74625714,-47.57483792,CHOQUE,"CHOQUE - DEFENSA, BARREIRA OU ""SUBMARINO""",IMPRUD. CONDUTOR-LEVOU FECHADA,CAMINHÃO=1,SANTA RITA DO PASSA QUATRO,CENTRAL,RIBEIRÃO PRETO,ESTADUAL
32332,2023-09-01,00:13:39,L29-VIAPAULISTA,SP330,277.7,SUL,-21.44079602,-47.65001674,COLISÃO,COLISÃO-TRASEIRA,IMPRUD. CONDUTOR-DIST. INADEQUADA ENTRE VEÍC.,CAMINHÃO=2,SÃO SIMÃO,RIBEIRÃO PRETO,RIBEIRÃO PRETO,ESTADUAL
32333,2023-09-02,13:12:45,L29-VIAPAULISTA,SP330,248.0,SUL,-21.70108288,-47.59562715,TOMBAMENTO,TOMBAMENTO,IMPRUD. CONDUTOR,MOTO=1,SANTA RITA DO PASSA QUATRO,CENTRAL,RIBEIRÃO PRETO,ESTADUAL
32334,2023-09-02,12:38:18,L29-VIAPAULISTA,SP330,309.0,NORTE,-21.19226397,-47.75752571,ENGAVETAMENTO,ENGAVETAMENTO,IMPRUD. CONDUTOR-DIST. INADEQUADA ENTRE VEÍC.,AUTOMÓVEL=5,RIBEIRÃO PRETO,RIBEIRÃO PRETO,RIBEIRÃO PRETO,ESTADUAL
32337,2023-09-02,15:33:48,L29-VIAPAULISTA,SP330,274.0,SUL,-21.47213993,-47.64026675,TOMBAMENTO,TOMBAMENTO,ESTOURO/FURO DE PNEU,MOTO=1,SÃO SIMÃO,RIBEIRÃO PRETO,RIBEIRÃO PRETO,ESTADUAL
32338,2023-09-02,15:48:02,L29-VIAPAULISTA,SP330,313.8,SUL,-21.15012317,-47.75801737,TOMBAMENTO,TOMBAMENTO,IMPRUD. CONDUTOR-EXCESSO DE VELOCIDADE,MOTO=1,RIBEIRÃO PRETO,RIBEIRÃO PRETO,RIBEIRÃO PRETO,ESTADUAL
32345,2023-09-04,01:52:22,L29-VIAPAULISTA,SP330,301.25,SUL,-21.26180557,-47.75471822,COLISÃO,COLISÃO-TRASEIRA,IMPRUD. CONDUTOR,AUTOMÓVEL=1|CAMINHÃO=1,RIBEIRÃO PRETO,RIBEIRÃO PRETO,RIBEIRÃO PRETO,ESTADUAL
32349,2023-09-04,23:18:02,L29-VIAPAULISTA,SP330,270.7,SUL,-21.50267959,-47.64204007,ATROPELAMENTO DE PEDESTRE,ATROP. PEDESTRE-USUÁRIO,PANE MECÂNICA/ELÉTRICA,CAMINHÃO=1,SÃO SIMÃO,RIBEIRÃO PRETO,RIBEIRÃO PRETO,ESTADUAL
32350,2023-09-05,07:18:57,L29-VIAPAULISTA,SP330,294.503,NORTE,-21.31816241,-47.73392159,CHOQUE,"CHOQUE - DEFENSA, BARREIRA OU ""SUBMARINO""",IMPRUD. CONDUTOR-LEVOU FECHADA,CAMINHONETE=1,CRAVINHOS,RIBEIRÃO PRETO,RIBEIRÃO PRETO,ESTADUAL
32351,2023-09-05,08:18:42,L29-VIAPAULISTA,SP330,315.0,NORTE,-21.13899781,-47.76203254,TOMBAMENTO,TOMBAMENTO,CONDIÇÃO CLIMÁTICA,MOTO=1,RIBEIRÃO PRETO,RIBEIRÃO PRETO,RIBEIRÃO PRETO,ESTADUAL
32353,2023-09-05,04:54:43,L29-VIAPAULISTA,SP330,286.0,NORTE,-21.38585693,-47.70055093,COLISÃO,COLISÃO-TRASEIRA,NÃO INFORMADO,CAMINHÃO=1|ÔNIBUS=1,CRAVINHOS,RIBEIRÃO PRETO,RIBEIRÃO PRETO,ESTADUAL
32356,2023-09-05,14:56:16,L29-VIAPAULISTA,SP330,315.0,NORTE,-21.13899781,-47.76203254,TOMBAMENTO,TOMBAMENTO,ÓLEO NA PISTA,MOTO=1,RIBEIRÃO PRETO,RIBEIRÃO PRETO,RIBEIRÃO PRETO,ESTADUAL
32360,2023-09-05,21:28:52,L29-VIAPAULISTA,SP330,257.2,NORTE,-21.62060843,-47.61517676,COLISÃO,COLISÃO-TRASEIRA,IMPRUD. CONDUTOR,AUTOMÓVEL=1|CAMINHÃO=1,SANTA RITA DO PASSA QUATRO,CENTRAL,RIBEIRÃO PRETO,ESTADUAL
32363,2023-09-06,07:45:25,L29-VIAPAULISTA,SP330,317.0,SUL,-21.12372256,-47.7722362,COLISÃO,COLISÃO-LATERAL,IMPRUD. CONDUTOR,AUTOMÓVEL=1|MOTO=1,RIBEIRÃO PRETO,RIBEIRÃO PRETO,RIBEIRÃO PRETO,ESTADUAL
32364,2023-09-06,08:14:17,L29-VIAPAULISTA,SPA241/330,9.0,LESTE,-21.72597988,-47.48405318,CHOQUE,"CHOQUE - DEFENSA, BARREIRA OU ""SUBMARINO""",IMPRUD. CONDUTOR,TRATOR=1,SANTA RITA DO PASSA QUATRO,CENTRAL,RIBEIRÃO PRETO,ESTADUAL
32369,2023-09-06,15:38:34,L29-VIAPAULISTA,SP330,306.0,SUL,-21.21930227,-47.75887261,TOMBAMENTO,TOMBAMENTO,IMPRUD. CONDUTOR-PERDA DE CONTROLE,MOTO=1,RIBEIRÃO PRETO,RIBEIRÃO PRETO,RIBEIRÃO PRETO,ESTADUAL
32370,2023-09-06,18:49:49,L29-VIAPAULISTA,SP330,315.5,SUL,-21.13591703,-47.76395518,COLISÃO,COLISÃO-TRASEIRA,IMPRUD. CONDUTOR-DIST. INADEQUADA ENTRE VEÍC.,AUTOMÓVEL=2,RIBEIRÃO PRETO,RIBEIRÃO PRETO,RIBEIRÃO PRETO,ESTADUAL
32371,2023-09-06,23:29:49,L29-VIAPAULISTA,SP330,256.0,NORTE,-21.63113851,-47.61344309,CHOQUE,CHOQUE-OUTROS,RETORNO IRREGULAR,CAMINHÃO=1,SANTA RITA DO PASSA QUATRO,CENTRAL,RIBEIRÃO PRETO,ESTADUAL
32372,2023-09-07,01:04:38,L29-VIAPAULISTA,SP330,248.0,SUL,-21.70108288,-47.59562715,COLISÃO,COLISÃO-TRASEIRA,IMPRUD. CONDUTOR,CAMINHONETE=1|NÃO INFORMADO=1,SANTA RITA DO PASSA QUATRO,CENTRAL,RIBEIRÃO PRETO,ESTADUAL
32378,2023-09-08,10:22:50,L29-VIAPAULISTA,SP330,297.0,NORTE,-21.29743333,-47.74362992,CHOQUE,CHOQUE-ELEMENTO DE DRENAGEM,ESTOURO/FURO DE PNEU,AUTOMÓVEL=1,CRAVINHOS,RIBEIRÃO PRETO,RIBEIRÃO PRETO,ESTADUAL
32379,2023-09-08,10:32:31,L29-VIAPAULISTA,SP330,315.2,NORTE,-21.13749195,-47.7628851,COLISÃO,COLISÃO-FRONTAL,IMPRUD. CONDUTOR-PERDA DE CONTROLE,MOTO=2,RIBEIRÃO PRETO,RIBEIRÃO PRETO,RIBEIRÃO PRETO,ESTADUAL
32384,2023-09-09,09:56:28,L29-VIAPAULISTA,SP330,242.65,SUL,-21.74524594,-47.57580024,CHOQUE,"CHOQUE - DEFENSA, BARREIRA OU ""SUBMARINO""",PANE MECÂNICA/ELÉTRICA,CAMINHÃO=1,SANTA RITA DO PASSA QUATRO,CENTRAL,RIBEIRÃO PRETO,ESTADUAL
32385,2023-09-09,11:32:24,L29-VIAPAULISTA,SP330,248.35,SUL,-21.69823149,-47.59694433,COLISÃO,COLISÃO-LATERAL,IMPRUD. CONDUTOR,AUTOMÓVEL=2,SANTA RITA DO PASSA QUATRO,CENTRAL,RIBEIRÃO PRETO,ESTADUAL
32388,2023-09-09,19:18:06,L29-VIAPAULISTA,SPA307/330,2.0,OESTE,-21.19471405,-47.7743033,COLISÃO,COLISÃO-TRASEIRA,IMPRUD. CONDUTOR,AUTOMÓVEL=1|MOTO=1,RIBEIRÃO PRETO,RIBEIRÃO PRETO,RIBEIRÃO PRETO,ESTADUAL
32394,2023-09-10,06:06:23,L29-VIAPAULISTA,SP330,263.2,SUL,-21.56848051,-47.63210268,CHOQUE,"CHOQUE - DEFENSA, BARREIRA OU ""SUBMARINO""",IMPRUD. CONDUTOR-DORMIR AO VOLANTE,AUTOMÓVEL=1,SÃO SIMÃO,RIBEIRÃO PRETO,RIBEIRÃO PRETO,ESTADUAL
32401,2023-09-11,13:34:20,L29-VIAPAULISTA,SP330,301.7,SUL,-21.25792299,-47.75454996,COLISÃO,COLISÃO-TRASEIRA,IMPRUD. CONDUTOR,CAMINHÃO=2,RIBEIRÃO PRETO,RIBEIRÃO PRETO,RIBEIRÃO PRETO,ESTADUAL
32406,2023-09-12,17:36:39,L29-VIAPAULISTA,SP330,267.0,NORTE,-21.53506481,-47.64118729,COLISÃO,COLISÃO-TRASEIRA,IMPRUD. CONDUTOR,CAMINHÃO=2,SÃO SIMÃO,RIBEIRÃO PRETO,RIBEIRÃO PRETO,ESTADUAL
32408,2023-09-13,06:52:01,L29-VIAPAULISTA,SP330,307.7,NORTE,-21.20403455,-47.7581432,TOMBAMENTO,TOMBAMENTO,ÓLEO NA PISTA,MOTO=1,RIBEIRÃO PRETO,RIBEIRÃO PRETO,RIBEIRÃO PRETO,ESTADUAL
32412,2023-09-14,09:24:35,L29-VIAPAULISTA,SP330,266.4,NORTE,-21.54051345,-47.64017541,TOMBAMENTO,TOMBAMENTO,ESTOURO/FURO DE PNEU,MOTO=1,SÃO SIMÃO,RIBEIRÃO PRETO,RIBEIRÃO PRETO,ESTADUAL
32413,2023-09-14,12:45:14,L29-VIAPAULISTA,SP330,307.435,NORTE,-21.20645645,-47.75827025,TOMBAMENTO,TOMBAMENTO,ÓLEO NA PISTA,MOTO=1,RIBEIRÃO PRETO,RIBEIRÃO PRETO,RIBEIRÃO PRETO,ESTADUAL
32414,2023-09-14,11:53:44,L29-VIAPAULISTA,SP330,299.15,SUL,-21.28002159,-47.75184601,CHOQUE,CHOQUE-VEÍCULO PARADO NO ACOSTAMENTO,VEÍCULO PARADO NA FAIXA,BICICLETA=1|CAMINHÃO=1,CRAVINHOS,RIBEIRÃO PRETO,RIBEIRÃO PRETO,ESTADUAL
32415,2023-09-14,16:08:16,L29-VIAPAULISTA,SP330,311.8,SUL,-21.16830318,-47.75639776,TOMBAMENTO,TOMBAMENTO,ÓLEO NA PISTA,MOTO=1,RIBEIRÃO PRETO,RIBEIRÃO PRETO,RIBEIRÃO PRETO,ESTADUAL
32416,2023-09-14,18:05:30,L29-VIAPAULISTA,SP330,310.0,NORTE,-21.18325207,-47.75705291,COLISÃO,COLISÃO-LATERAL,IMPRUD. CONDUTOR,AUTOMÓVEL=1|CAMINHÃO=1,RIBEIRÃO PRETO,RIBEIRÃO PRETO,RIBEIRÃO PRETO,ESTADUAL
32419,2023-09-14,20:54:08,L29-VIAPAULISTA,SP330,311.0,SUL,-21.17424017,-47.75658009,CHOQUE,"CHOQUE - DEFENSA, BARREIRA OU ""SUBMARINO""",IMPRUD. CONDUTOR-LEVOU FECHADA,AUTOMÓVEL=1,RIBEIRÃO PRETO,RIBEIRÃO PRETO,RIBEIRÃO PRETO,ESTADUAL
32420,2023-09-14,21:51:16,L29-VIAPAULISTA,SP330,298.0,NORTE,-21.28917119,-47.74749845,COLISÃO,COLISÃO-LATERAL,IMPRUD. CONDUTOR-MUDANÇA DE FAIXA,AUTOMÓVEL=1|CAMINHÃO=1,CRAVINHOS,RIBEIRÃO PRETO,RIBEIRÃO PRETO,ESTADUAL
32422,2023-09-15,13:03:08,L29-VIAPAULISTA,SP330,313.8,NORTE,-21.14919123,-47.75809127,CHOQUE,CHOQUE-MEIO FIO/CALÇAMENTO,IMPRUD. CONDUTOR,AUTOMÓVEL=1,RIBEIRÃO PRETO,RIBEIRÃO PRETO,RIBEIRÃO PRETO,ESTADUAL
32425,2023-09-15,18:26:59,L29-VIAPAULISTA,SP330,313.7,SUL,-21.15100082,-47.75779625,COLISÃO,COLISÃO-TRASEIRA,IMPRUD. CONDUTOR-DIST. INADEQUADA ENTRE VEÍC.,AUTOMÓVEL=2,RIBEIRÃO PRETO,RIBEIRÃO PRETO,RIBEIRÃO PRETO,ESTADUAL
32429,2023-09-15,21:52:12,L29-VIAPAULISTA,SP330,264.7,SUL,-21.55606637,-47.6365656,COLISÃO,COLISÃO-TRASEIRA,IMPRUD. CONDUTOR-MUDANÇA DE FAIXA,AUTOMÓVEL=1|MOTO=1,SÃO SIMÃO,RIBEIRÃO PRETO,RIBEIRÃO PRETO,ESTADUAL
32433,2023-09-16,12:52:22,L29-VIAPAULISTA,SP330,313.8,NORTE,-21.14919123,-47.75809127,CHOQUE,CHOQUE-OUTROS,IMPRUD. CONDUTOR,CAMINHÃO=1,RIBEIRÃO PRETO,RIBEIRÃO PRETO,RIBEIRÃO PRETO,ESTADUAL
32434,2023-09-16,14:31:43,L29-VIAPAULISTA,SP330,315.3,NORTE,-21.13669551,-47.76333602,ENGAVETAMENTO,ENGAVETAMENTO,IMPRUD. CONDUTOR,CAMINHÃO=3,RIBEIRÃO PRETO,RIBEIRÃO PRETO,RIBEIRÃO PRETO,ESTADUAL
32435,2023-09-17,03:58:50,L29-VIAPAULISTA,SP330,318.0,SUL,-21.13120643,-47.76686411,CAPOTAMENTO,CAPOTAMENTO,IMPRUD. PEDESTRE-USUÁRIO,CAMINHONETE=1,RIBEIRÃO PRETO,RIBEIRÃO PRETO,RIBEIRÃO PRETO,ESTADUAL
32438,2023-09-17,17:54:16,L29-VIAPAULISTA,SP330,307.0,NORTE,-21.21028775,-47.75847123,CHOQUE,"CHOQUE - DEFENSA, BARREIRA OU ""SUBMARINO""",IMPRUD. CONDUTOR,AUTOMÓVEL=1,RIBEIRÃO PRETO,RIBEIRÃO PRETO,RIBEIRÃO PRETO,ESTADUAL
32441,2023-09-17,21:40:17,L29-VIAPAULISTA,SP330,310.7,SUL,-21.1778914,-47.75690264,CHOQUE,"CHOQUE - DEFENSA, BARREIRA OU ""SUBMARINO""",IMPRUD. CONDUTOR-PERDA DE CONTROLE,CAMINHONETE=1,RIBEIRÃO PRETO,RIBEIRÃO PRETO,RIBEIRÃO PRETO,ESTADUAL
32444,2023-09-18,11:55:59,L29-VIAPAULISTA,SP330,302.0,SUL,-21.25492402,-47.75467227,COLISÃO,COLISÃO-TRASEIRA,IMPRUD. CONDUTOR-DIST. INADEQUADA ENTRE VEÍC.,CAMINHÃO=1|MOTO=1,RIBEIRÃO PRETO,RIBEIRÃO PRETO,RIBEIRÃO PRETO,ESTADUAL
32445,2023-09-18,13:36:31,L29-VIAPAULISTA,SP330,297.0,NORTE,-21.29743333,-47.74362992,CHOQUE,"CHOQUE - DEFENSA, BARREIRA OU ""SUBMARINO""",ESTOURO/FURO DE PNEU,CAMINHÃO=1,CRAVINHOS,RIBEIRÃO PRETO,RIBEIRÃO PRETO,ESTADUAL
32447,2023-09-19,09:56:07,L29-VIAPAULISTA,SP330,281.0,SUL,-21.41393659,-47.66460571,COLISÃO,COLISÃO-TRASEIRA,MAL SÚBITO DO CONDUTOR,AUTOMÓVEL=2,SÃO SIMÃO,RIBEIRÃO PRETO,RIBEIRÃO PRETO,ESTADUAL
32448,2023-09-19,18:25:52,L29-VIAPAULISTA,SP330,313.0,SUL,-21.15622499,-47.7565865,COLISÃO,COLISÃO-LATERAL,IMPRUD. CONDUTOR-MUDANÇA DE FAIXA,AUTOMÓVEL=1|MOTO=1,RIBEIRÃO PRETO,RIBEIRÃO PRETO,RIBEIRÃO PRETO,ESTADUAL
32450,2023-09-20,07:42:22,L29-VIAPAULISTA,SP330,280.0,NORTE,-21.42119184,-47.65888058,COLISÃO,COLISÃO-TRASEIRA,IMPRUD. CONDUTOR-LEVOU FECHADA,AUTOMÓVEL=1|CAMINHÃO=1,SÃO SIMÃO,RIBEIRÃO PRETO,RIBEIRÃO PRETO,ESTADUAL
32452,2023-09-20,07:47:06,L29-VIAPAULISTA,SP330,311.7,NORTE,-21.16798672,-47.75625779,TOMBAMENTO,TOMBAMENTO,IMPRUD. CONDUTOR-PERDA DE CONTROLE,MOTO=1,RIBEIRÃO PRETO,RIBEIRÃO PRETO,RIBEIRÃO PRETO,ESTADUAL
32457,2023-09-21,09:03:19,L29-VIAPAULISTA,SP330,307.0,SUL,-21.21028775,-47.75847123,CHOQUE,"CHOQUE - DEFENSA, BARREIRA OU ""SUBMARINO""",IMPRUD. CONDUTOR-PERDA DE CONTROLE,AUTOMÓVEL=1,RIBEIRÃO PRETO,RIBEIRÃO PRETO,RIBEIRÃO PRETO,ESTADUAL
32458,2023-09-21,08:43:30,L29-VIAPAULISTA,SP330,315.1,NORTE,-21.13828864,-47.76243405,COLISÃO,COLISÃO-LATERAL,IMPRUD. CONDUTOR,AUTOMÓVEL=1|CAMINHÃO=1,RIBEIRÃO PRETO,RIBEIRÃO PRETO,RIBEIRÃO PRETO,ESTADUAL
32461,2023-09-21,12:45:30,L29-VIAPAULISTA,SP330,246.0,NORTE,-21.71815957,-47.58939633,CHOQUE,CHOQUE-ELEMENTO DE DRENAGEM,IMPRUD. CONDUTOR-PERDA DE CONTROLE,AUTOMÓVEL=1,SANTA RITA DO PASSA QUATRO,CENTRAL,RIBEIRÃO PRETO,ESTADUAL
32464,2023-09-22,03:37:47,L29-VIAPAULISTA,SP330,315.0,NORTE,-21.13899781,-47.76203254,TOMBAMENTO,TOMBAMENTO,IMPRUD. CONDUTOR-LEVOU FECHADA,MOTO=1,RIBEIRÃO PRETO,RIBEIRÃO PRETO,RIBEIRÃO PRETO,ESTADUAL
32466,2023-09-22,05:32:14,L29-VIAPAULISTA,SP330,294.27,SUL,-21.32064256,-47.73288327,COLISÃO,COLISÃO-TRASEIRA,IMPRUD. CONDUTOR-DORMIR AO VOLANTE,CAMINHÃO=1|NÃO INFORMADO=1,CRAVINHOS,RIBEIRÃO PRETO,RIBEIRÃO PRETO,ESTADUAL
32470,2023-09-22,18:38:26,L29-VIAPAULISTA,SP330,315.0,SUL,-21.13899781,-47.76203254,COLISÃO,COLISÃO-TRASEIRA,IMPRUD. CONDUTOR-DIST. INADEQUADA ENTRE VEÍC.,AUTOMÓVEL=1|CAMINHONETE=1,RIBEIRÃO PRETO,RIBEIRÃO PRETO,RIBEIRÃO PRETO,ESTADUAL
32475,2023-09-23,08:00:43,L29-VIAPAULISTA,SP330,313.8,SUL,-21.15012317,-47.75801737,CHOQUE,CHOQUE-ELEMENTO DE DRENAGEM,IMPRUD. CONDUTOR,MOTO=1,RIBEIRÃO PRETO,RIBEIRÃO PRETO,RIBEIRÃO PRETO,ESTADUAL
32476,2023-09-23,10:30:57,L29-VIAPAULISTA,SP330,311.762,NORTE,-21.16741666,-47.75622977,TOMBAMENTO,TOMBAMENTO,ÓLEO NA PISTA,MOTO=1,RIBEIRÃO PRETO,RIBEIRÃO PRETO,RIBEIRÃO PRETO,ESTADUAL
32483,2023-09-24,05:07:34,L29-VIAPAULISTA,SP330,305.9,NORTE,-21.22022192,-47.75892104,CHOQUE,"CHOQUE - DEFENSA, BARREIRA OU ""SUBMARINO""",IMPRUD. CONDUTOR-PERDA DE CONTROLE,AUTOMÓVEL=1,RIBEIRÃO PRETO,RIBEIRÃO PRETO,RIBEIRÃO PRETO,ESTADUAL
32484,2023-09-24,06:36:25,L29-VIAPAULISTA,SPA318/330,1.2,NORTE,-21.11844867,-47.78492214,TOMBAMENTO,TOMBAMENTO,OBJETO NA PISTA,MOTO=1,RIBEIRÃO PRETO,RIBEIRÃO PRETO,RIBEIRÃO PRETO,ESTADUAL
32489,2023-09-24,21:57:43,L29-VIAPAULISTA,SP330,315.3,NORTE,-21.13669551,-47.76333602,CHOQUE,CHOQUE-ELEMENTO DE DRENAGEM,IMPRUD. CONDUTOR-PERDA DE CONTROLE,AUTOMÓVEL=1,RIBEIRÃO PRETO,RIBEIRÃO PRETO,RIBEIRÃO PRETO,ESTADUAL
32495,2023-09-25,23:11:43,L29-VIAPAULISTA,SP330,311.0,SUL,-21.17424017,-47.75658009,CHOQUE,"CHOQUE - DEFENSA, BARREIRA OU ""SUBMARINO""",IMPRUD. CONDUTOR-DORMIR AO VOLANTE,AUTOMÓVEL=1,RIBEIRÃO PRETO,RIBEIRÃO PRETO,RIBEIRÃO PRETO,ESTADUAL
32498,2023-09-26,16:05:44,L29-VIAPAULISTA,SP330,244.0,SUL,-21.73523428,-47.5831591,COLISÃO,COLISÃO-TRASEIRA,IMPRUD. CONDUTOR-DIST. INADEQUADA ENTRE VEÍC.,AUTOMÓVEL=1|CAMINHÃO=1,SANTA RITA DO PASSA QUATRO,CENTRAL,RIBEIRÃO PRETO,ESTADUAL
32502,2023-09-27,07:34:47,L29-VIAPAULISTA,SP330,307.0,NORTE,-21.21028775,-47.75847123,CHOQUE,CHOQUE-OBJETO NA PISTA,OBJETO NA PISTA,AUTOMÓVEL=1,RIBEIRÃO PRETO,RIBEIRÃO PRETO,RIBEIRÃO PRETO,ESTADUAL
32503,2023-09-27,09:58:24,L29-VIAPAULISTA,SP330,315.0,SUL,-21.13899781,-47.76203254,COLISÃO,COLISÃO-TRASEIRA,IMPRUD. CONDUTOR-DIST. INADEQUADA ENTRE VEÍC.,AUTOMÓVEL=1|NÃO INFORMADO=1,RIBEIRÃO PRETO,RIBEIRÃO PRETO,RIBEIRÃO PRETO,ESTADUAL
32504,2023-09-27,10:47:55,L29-VIAPAULISTA,SP330,307.0,SUL,-21.21028775,-47.75847123,COLISÃO,COLISÃO-TRASEIRA,IMPRUD. CONDUTOR-DIST. INADEQUADA ENTRE VEÍC.,AUTOMÓVEL=2,RIBEIRÃO PRETO,RIBEIRÃO PRETO,RIBEIRÃO PRETO,ESTADUAL
32506,2023-09-28,10:14:07,L29-VIAPAULISTA,SPA307/330,3.0,LESTE,-21.18945095,-47.78164317,COLISÃO,COLISÃO-TRASEIRA,IMPRUD. CONDUTOR-DIST. INADEQUADA ENTRE VEÍC.,AUTOMÓVEL=2,RIBEIRÃO PRETO,RIBEIRÃO PRETO,RIBEIRÃO PRETO,ESTADUAL
32508,2023-09-28,13:05:03,L29-VIAPAULISTA,SP330,306.0,NORTE,-21.21930227,-47.75887261,CHOQUE,CHOQUE-SINALIZAÇÃO,IMPRUD. CONDUTOR-PERDA DE CONTROLE,AUTOMÓVEL=1,RIBEIRÃO PRETO,RIBEIRÃO PRETO,RIBEIRÃO PRETO,ESTADUAL
32509,2023-09-27,21:53:59,L29-VIAPAULISTA,SP330,301.45,NORTE,-21.2599194,-47.75427033,COLISÃO,COLISÃO-TRASEIRA,NÃO INFORMADO,CAMINHÃO=2,RIBEIRÃO PRETO,RIBEIRÃO PRETO,RIBEIRÃO PRETO,ESTADUAL
32511,2023-09-29,10:25:12,L29-VIAPAULISTA,SP330,287.962,SUL,-21.37194329,-47.71191434,CHOQUE,CHOQUE-VEÍCULO PARADO NO ACOSTAMENTO,IMPRUD. CONDUTOR-PERDA DE CONTROLE,CAMINHONETE=1|CAMINHÃO=1,CRAVINHOS,RIBEIRÃO PRETO,RIBEIRÃO PRETO,ESTADUAL
32512,2023-09-29,15:16:28,L29-VIAPAULISTA,SP330,304.12,NORTE,-21.23631659,-47.75890894,CHOQUE,CHOQUE-OUTROS,ESTOURO/FURO DE PNEU,AUTOMÓVEL=1,RIBEIRÃO PRETO,RIBEIRÃO PRETO,RIBEIRÃO PRETO,ESTADUAL
32513,2023-09-28,03:46:21,L29-VIAPAULISTA,SP330,270.7,NORTE,-21.50193345,-47.64182992,TOMBAMENTO,TOMBAMENTO,IMPRUD. CONDUTOR-PERDA DE CONTROLE,CAMINHÃO=1,SÃO SIMÃO,RIBEIRÃO PRETO,RIBEIRÃO PRETO,ESTADUAL
32518,2023-09-29,20:34:37,L29-VIAPAULISTA,SP330,311.576,SUL,-21.17032182,-47.75650404,CHOQUE,"CHOQUE - DEFENSA, BARREIRA OU ""SUBMARINO""",NÃO INFORMADO,AUTOMÓVEL=1,RIBEIRÃO PRETO,RIBEIRÃO PRETO,RIBEIRÃO PRETO,ESTADUAL
32519,2023-09-29,16:26:03,L29-VIAPAULISTA,SP330,246.4,SUL,-21.72669774,-47.58628027,COLISÃO,COLISÃO-TRASEIRA,IMPRUD. CONDUTOR,CAMINHÃO=2,SANTA RITA DO PASSA QUATRO,CENTRAL,RIBEIRÃO PRETO,ESTADUAL
32520,2023-09-30,00:27:47,L29-VIAPAULISTA,SP330,258.6,SUL,-21.60865369,-47.61814636,CHOQUE,"CHOQUE - DEFENSA, BARREIRA OU ""SUBMARINO""",IMPRUD. CONDUTOR-DORMIR AO VOLANTE,CAMINHONETE=1,SANTA RITA DO PASSA QUATRO,CENTRAL,RIBEIRÃO PRETO,ESTADUAL
32529,2023-10-01,05:08:04,L29-VIAPAULISTA,SP330,305.0,NORTE,-21.22831407,-47.75934717,ATROPELAMENTO DE ANIMAL,ATROP. ANIMAL,ANIMAL NA RODOVIA,CAMINHÃO=1,RIBEIRÃO PRETO,RIBEIRÃO PRETO,RIBEIRÃO PRETO,ESTADUAL
32530,2023-10-01,14:38:22,L29-VIAPAULISTA,SP330,265.85,SUL,-21.54567097,-47.6394082,COLISÃO,COLISÃO-TRASEIRA,IMPRUD. CONDUTOR,CAMINHÃO=2,SÃO SIMÃO,RIBEIRÃO PRETO,RIBEIRÃO PRETO,ESTADUAL
32531,2023-10-01,17:58:09,L29-VIAPAULISTA,SP330,301.0,NORTE,-21.2638089,-47.75509484,COLISÃO,COLISÃO-TRASEIRA,IMPRUD. CONDUTOR,AUTOMÓVEL=3,RIBEIRÃO PRETO,RIBEIRÃO PRETO,RIBEIRÃO PRETO,ESTADUAL
32533,2023-10-01,21:11:31,L29-VIAPAULISTA,SP330,295.3,NORTE,-21.31157782,-47.7370058,COLISÃO,COLISÃO-TRASEIRA,IMPRUD. CONDUTOR-DIST. INADEQUADA ENTRE VEÍC.,AUTOMÓVEL=1|CAMINHÃO=1,CRAVINHOS,RIBEIRÃO PRETO,RIBEIRÃO PRETO,ESTADUAL
32534,2023-10-02,09:12:35,L29-VIAPAULISTA,SP330,310.2,SUL,-21.18185462,-47.75703574,COLISÃO,COLISÃO-TRASEIRA,IMPRUD. CONDUTOR,AUTOMÓVEL=2,RIBEIRÃO PRETO,RIBEIRÃO PRETO,RIBEIRÃO PRETO,ESTADUAL
32536,2023-10-02,17:07:35,L29-VIAPAULISTA,SP330,298.5,NORTE,-21.28513915,-47.74938615,COLISÃO,COLISÃO-TRASEIRA,IMPRUD. CONDUTOR,AUTOMÓVEL=1|CAMINHÃO=1,CRAVINHOS,RIBEIRÃO PRETO,RIBEIRÃO PRETO,ESTADUAL
32537,2023-10-02,19:45:31,L29-VIAPAULISTA,SP330,308.0,NORTE,-21.20127586,-47.75799848,CHOQUE,"CHOQUE - DEFENSA, BARREIRA OU ""SUBMARINO""",IMPRUD. CONDUTOR,AUTOMÓVEL=1,RIBEIRÃO PRETO,RIBEIRÃO PRETO,RIBEIRÃO PRETO,ESTADUAL
32539,2023-10-03,02:02:33,L29-VIAPAULISTA,SP330,316.0,NORTE,-21.13120643,-47.76686411,ATROPELAMENTO DE ANIMAL,ATROP. ANIMAL,ANIMAL NA RODOVIA,CAMINHONETE=1,RIBEIRÃO PRETO,RIBEIRÃO PRETO,RIBEIRÃO PRETO,ESTADUAL
32541,2023-10-03,13:23:41,L29-VIAPAULISTA,SP330,295.2,SUL,-21.31274505,-47.73654224,CHOQUE,"CHOQUE - DEFENSA, BARREIRA OU ""SUBMARINO""",IMPRUD. CONDUTOR-LEVOU FECHADA,CAMINHONETE=1,CRAVINHOS,RIBEIRÃO PRETO,RIBEIRÃO PRETO,ESTADUAL
32542,2023-10-03,14:02:44,L29-VIAPAULISTA,SP330,245.9,NORTE,-21.71904717,-47.58907241,COLISÃO,COLISÃO-TRASEIRA,IMPRUD. CONDUTOR-DIST. INADEQUADA ENTRE VEÍC.,CAMINHÃO=1|NÃO INFORMADO=1,SANTA RITA DO PASSA QUATRO,CENTRAL,RIBEIRÃO PRETO,ESTADUAL
32549,2023-10-04,14:25:40,L29-VIAPAULISTA,SP330,307.0,NORTE,-21.21028775,-47.75847123,CHOQUE,"CHOQUE - DEFENSA, BARREIRA OU ""SUBMARINO""",IMPRUD. CONDUTOR,CAMINHÃO=1,RIBEIRÃO PRETO,RIBEIRÃO PRETO,RIBEIRÃO PRETO,ESTADUAL
32550,2023-10-04,20:57:52,L29-VIAPAULISTA,SP330,307.0,SUL,-21.21028775,-47.75847123,TOMBAMENTO,TOMBAMENTO,IMPRUD. CONDUTOR-PERDA DE CONTROLE,MOTO=1,RIBEIRÃO PRETO,RIBEIRÃO PRETO,RIBEIRÃO PRETO,ESTADUAL
32551,2023-10-05,07:42:46,L29-VIAPAULISTA,SP330,315.0,SUL,-21.13899781,-47.76203254,COLISÃO,COLISÃO-TRASEIRA,IMPRUD. CONDUTOR,AUTOMÓVEL=2,RIBEIRÃO PRETO,RIBEIRÃO PRETO,RIBEIRÃO PRETO,ESTADUAL
32552,2023-10-05,07:35:57,L29-VIAPAULISTA,SP330,281.0,SUL,-21.41393659,-47.66460571,CHOQUE,CHOQUE-VEÍCULO PARADO NA PISTA,VEÍCULO PARADO NA FAIXA,AUTOMÓVEL=1|NÃO INFORMADO=1,SÃO SIMÃO,RIBEIRÃO PRETO,RIBEIRÃO PRETO,ESTADUAL
32553,2023-10-05,09:46:51,L29-VIAPAULISTA,SP330,281.0,NORTE,-21.41393659,-47.66460571,CHOQUE,"CHOQUE - DEFENSA, BARREIRA OU ""SUBMARINO""",OBJETO NA PISTA,CAMINHÃO=1,SÃO SIMÃO,RIBEIRÃO PRETO,RIBEIRÃO PRETO,ESTADUAL
32554,2023-10-05,15:39:49,L29-VIAPAULISTA,SP330,241.1,NORTE,-21.75505372,-47.56494642,CHOQUE,CHOQUE-ELEMENTO DE DRENAGEM,IMPRUD. CONDUTOR-LEVOU FECHADA,AUTOMÓVEL=1,SANTA RITA DO PASSA QUATRO,CENTRAL,RIBEIRÃO PRETO,ESTADUAL
32555,2023-10-05,18:42:07,L29-VIAPAULISTA,SP330,311.0,SUL,-21.17424017,-47.75658009,ENGAVETAMENTO,ENGAVETAMENTO,IMPRUD. CONDUTOR,AUTOMÓVEL=4|NÃO INFORMADO=1,RIBEIRÃO PRETO,RIBEIRÃO PRETO,RIBEIRÃO PRETO,ESTADUAL
32559,2023-10-06,08:49:54,L29-VIAPAULISTA,SP330,310.0,NORTE,-21.18325207,-47.75705291,COLISÃO,COLISÃO-TRASEIRA,IMPRUD. CONDUTOR-DIST. INADEQUADA ENTRE VEÍC.,AUTOMÓVEL=1|NÃO INFORMADO=1,RIBEIRÃO PRETO,RIBEIRÃO PRETO,RIBEIRÃO PRETO,ESTADUAL
32560,2023-10-06,08:37:37,L29-VIAPAULISTA,SP330,316.0,SUL,-21.13120643,-47.76686411,CHOQUE,"CHOQUE - DEFENSA, BARREIRA OU ""SUBMARINO""",IMPRUD. CONDUTOR-DIST. INADEQUADA ENTRE VEÍC.,CAMINHÃO=1,RIBEIRÃO PRETO,RIBEIRÃO PRETO,RIBEIRÃO PRETO,ESTADUAL
32561,2023-10-06,11:59:25,L29-VIAPAULISTA,SP330,281.0,NORTE,-21.41393659,-47.66460571,COLISÃO,COLISÃO-LATERAL,IMPRUD. CONDUTOR-LEVOU FECHADA,AUTOMÓVEL=2,SÃO SIMÃO,RIBEIRÃO PRETO,RIBEIRÃO PRETO,ESTADUAL
32564,2023-10-06,14:50:56,L29-VIAPAULISTA,SP330,302.0,SUL,-21.25492402,-47.75467227,COLISÃO,COLISÃO-TRASEIRA,IMPRUD. CONDUTOR,CAMINHÃO=1|NÃO INFORMADO=1,RIBEIRÃO PRETO,RIBEIRÃO PRETO,RIBEIRÃO PRETO,ESTADUAL
32576,2023-10-07,22:58:51,L29-VIAPAULISTA,SP330,307.5,NORTE,-21.20587184,-47.75823958,CHOQUE,"CHOQUE - DEFENSA, BARREIRA OU ""SUBMARINO""",IMPRUD. CONDUTOR-PERDA DE CONTROLE,AUTOMÓVEL=1,RIBEIRÃO PRETO,RIBEIRÃO PRETO,RIBEIRÃO PRETO,ESTADUAL
32578,2023-10-08,07:16:39,L29-VIAPAULISTA,SP330,316.2,NORTE,-21.12979932,-47.76787417,TOMBAMENTO,TOMBAMENTO,IMPRUD. CONDUTOR,MOTO=1,RIBEIRÃO PRETO,RIBEIRÃO PRETO,RIBEIRÃO PRETO,ESTADUAL
32580,2023-10-08,08:41:56,L29-VIAPAULISTA,SP330,307.0,NORTE,-21.21028775,-47.75847123,CHOQUE,"CHOQUE - DEFENSA, BARREIRA OU ""SUBMARINO""",IMPRUD. CONDUTOR,AUTOMÓVEL=1,RIBEIRÃO PRETO,RIBEIRÃO PRETO,RIBEIRÃO PRETO,ESTADUAL
32589,2023-10-09,07:25:08,L29-VIAPAULISTA,SP330,316.4,SUL,-21.12880625,-47.76878156,COLISÃO,COLISÃO-TRASEIRA,IMPRUD. CONDUTOR-DIST. INADEQUADA ENTRE VEÍC.,CAMINHONETE=2,RIBEIRÃO PRETO,RIBEIRÃO PRETO,RIBEIRÃO PRETO,ESTADUAL
32590,2023-10-09,07:39:37,L29-VIAPAULISTA,SP330,317.0,SUL,-21.12372256,-47.7722362,COLISÃO,COLISÃO-TRASEIRA,IMPRUD. CONDUTOR-DIST. INADEQUADA ENTRE VEÍC.,AUTOMÓVEL=2,RIBEIRÃO PRETO,RIBEIRÃO PRETO,RIBEIRÃO PRETO,ESTADUAL
32594,2023-10-10,00:54:15,L29-VIAPAULISTA,SP330,282.3,NORTE,-21.40458064,-47.67188539,CHOQUE,"CHOQUE - DEFENSA, BARREIRA OU ""SUBMARINO""",IMPRUD. CONDUTOR-DORMIR AO VOLANTE,CAMINHONETE=1,SÃO SIMÃO,RIBEIRÃO PRETO,RIBEIRÃO PRETO,ESTADUAL
32596,2023-10-10,11:44:03,L29-VIAPAULISTA,SP330,275.0,SUL,-21.46340767,-47.64259265,CHOQUE,"CHOQUE - DEFENSA, BARREIRA OU ""SUBMARINO""",IMPRUD. CONDUTOR-MUDANÇA DE FAIXA,AUTOMÓVEL=1|ÔNIBUS=1,SÃO SIMÃO,RIBEIRÃO PRETO,RIBEIRÃO PRETO,ESTADUAL
32598,2023-10-10,17:22:41,L29-VIAPAULISTA,SP330,309.0,NORTE,-21.19226397,-47.75752571,COLISÃO,COLISÃO-TRASEIRA,IMPRUD. CONDUTOR,CAMINHÃO=2,RIBEIRÃO PRETO,RIBEIRÃO PRETO,RIBEIRÃO PRETO,ESTADUAL
32599,2023-10-10,17:18:05,L29-VIAPAULISTA,SP330,311.0,NORTE,-21.17424017,-47.75658009,COLISÃO,COLISÃO-TRASEIRA,IMPRUD. CONDUTOR-DIST. INADEQUADA ENTRE VEÍC.,AUTOMÓVEL=2,RIBEIRÃO PRETO,RIBEIRÃO PRETO,RIBEIRÃO PRETO,ESTADUAL
32602,2023-10-11,07:49:22,L29-VIAPAULISTA,SP330,317.0,SUL,-21.12372256,-47.7722362,ENGAVETAMENTO,ENGAVETAMENTO,IMPRUD. CONDUTOR,AUTOMÓVEL=3,RIBEIRÃO PRETO,RIBEIRÃO PRETO,RIBEIRÃO PRETO,ESTADUAL
32606,2023-10-11,13:58:06,L29-VIAPAULISTA,SP330,253.0,NORTE,-21.65807187,-47.60906381,CHOQUE,CHOQUE-VEÍCULO PARADO NA PISTA,IMPRUD. CONDUTOR,CAMINHÃO=1|MOTO=1,SANTA RITA DO PASSA QUATRO,CENTRAL,RIBEIRÃO PRETO,ESTADUAL
32617,2023-10-12,20:37:18,L29-VIAPAULISTA,SP330,296.2,NORTE,-21.30414193,-47.74048836,CHOQUE,CHOQUE-OBJETO NA PISTA,OBJETO NA PISTA,CAMINHÃO=1,CRAVINHOS,RIBEIRÃO PRETO,RIBEIRÃO PRETO,ESTADUAL
32619,2023-10-13,06:36:52,L29-VIAPAULISTA,SP330,307.0,NORTE,-21.21028775,-47.75847123,TOMBAMENTO,TOMBAMENTO,CONDIÇÃO CLIMÁTICA,MOTO=1,RIBEIRÃO PRETO,RIBEIRÃO PRETO,RIBEIRÃO PRETO,ESTADUAL
32620,2023-10-13,06:52:13,L29-VIAPAULISTA,SP330,312.0,NORTE,-21.16522766,-47.75612218,COLISÃO,COLISÃO-TRANSVERSAL,IMPRUD. CONDUTOR-TRAFEGAR NA CONTRAMÃO,AUTOMÓVEL=1|BICICLETA=1,RIBEIRÃO PRETO,RIBEIRÃO PRETO,RIBEIRÃO PRETO,ESTADUAL
32628,2023-10-14,22:35:18,L29-VIAPAULISTA,SP330,281.0,NORTE,-21.41393659,-47.66460571,CHOQUE,CHOQUE-VEÍCULO PARADO NA PISTA,IMPRUD. CONDUTOR-PERDA DE CONTROLE,AUTOMÓVEL=1|CAMINHONETE=1,SÃO SIMÃO,RIBEIRÃO PRETO,RIBEIRÃO PRETO,ESTADUAL
32630,2023-10-15,07:33:03,L29-VIAPAULISTA,SP330,307.0,NORTE,-21.21028775,-47.75847123,CHOQUE,"CHOQUE - DEFENSA, BARREIRA OU ""SUBMARINO""",NÃO INFORMADO,AUTOMÓVEL=1,RIBEIRÃO PRETO,RIBEIRÃO PRETO,RIBEIRÃO PRETO,ESTADUAL
32632,2023-10-16,00:42:23,L29-VIAPAULISTA,SP330,316.0,SUL,-21.13120643,-47.76686411,CHOQUE,"CHOQUE - DEFENSA, BARREIRA OU ""SUBMARINO""",IMPRUD. CONDUTOR-PERDA DE CONTROLE,AUTOMÓVEL=1,RIBEIRÃO PRETO,RIBEIRÃO PRETO,RIBEIRÃO PRETO,ESTADUAL
32633,2023-10-16,07:24:51,L29-VIAPAULISTA,SP330,311.0,SUL,-21.17424017,-47.75658009,COLISÃO,COLISÃO-TRASEIRA,IMPRUD. CONDUTOR-DIST. INADEQUADA ENTRE VEÍC.,AUTOMÓVEL=1|MOTO=1,RIBEIRÃO PRETO,RIBEIRÃO PRETO,RIBEIRÃO PRETO,ESTADUAL
32637,2023-10-16,07:26:45,L29-VIAPAULISTA,SP330,309.678,SUL,-21.18590306,-47.75732451,ENGAVETAMENTO,ENGAVETAMENTO,IMPRUD. CONDUTOR-DIST. INADEQUADA ENTRE VEÍC.,AUTOMÓVEL=1|MOTO=2,RIBEIRÃO PRETO,RIBEIRÃO PRETO,RIBEIRÃO PRETO,ESTADUAL
32638,2023-10-16,08:18:24,L29-VIAPAULISTA,SP330,254.0,SUL,-21.64897085,-47.61050631,CAPOTAMENTO,CAPOTAMENTO,PANE MECÂNICA/ELÉTRICA,AUTOMÓVEL=1,SANTA RITA DO PASSA QUATRO,CENTRAL,RIBEIRÃO PRETO,ESTADUAL
32643,2023-10-16,13:52:03,L29-VIAPAULISTA,SP330,302.4,NORTE,-21.25149508,-47.75547186,CHOQUE,"CHOQUE - DEFENSA, BARREIRA OU ""SUBMARINO""",PANE MECÂNICA/ELÉTRICA,CAMINHÃO=1,RIBEIRÃO PRETO,RIBEIRÃO PRETO,RIBEIRÃO PRETO,ESTADUAL
32648,2023-10-16,12:04:54,L29-VIAPAULISTA,SP330,308.0,NORTE,-21.20127586,-47.75799848,COLISÃO,COLISÃO-LATERAL,IMPRUD. CONDUTOR,MOTO=2,RIBEIRÃO PRETO,RIBEIRÃO PRETO,RIBEIRÃO PRETO,ESTADUAL
32650,2023-10-17,10:35:29,L29-VIAPAULISTA,SP330,307.0,SUL,-21.21028775,-47.75847123,CHOQUE,CHOQUE-VEÍCULO PARADO NO ACOSTAMENTO,VEÍCULO PARADO NA FAIXA,CAMINHÃO=1|MOTO=1,RIBEIRÃO PRETO,RIBEIRÃO PRETO,RIBEIRÃO PRETO,ESTADUAL
32661,2023-10-18,14:11:09,L29-VIAPAULISTA,SP330,312.0,SUL,-21.16522766,-47.75612218,TOMBAMENTO,TOMBAMENTO,ESTOURO/FURO DE PNEU,MOTO=1,RIBEIRÃO PRETO,RIBEIRÃO PRETO,RIBEIRÃO PRETO,ESTADUAL
32664,2023-10-18,18:47:36,L29-VIAPAULISTA,SP330,313.2,SUL,-21.15484279,-47.75689155,COLISÃO,COLISÃO-TRASEIRA,IMPRUD. CONDUTOR-DIST. INADEQUADA ENTRE VEÍC.,CAMINHONETE=1|MOTO=1,RIBEIRÃO PRETO,RIBEIRÃO PRETO,RIBEIRÃO PRETO,ESTADUAL
32665,2023-10-18,23:25:44,L29-VIAPAULISTA,SP330,304.0,SUL,-21.23729315,-47.75877455,CHOQUE,CHOQUE-POSTE,IMPRUD. CONDUTOR-PERDA DE CONTROLE,AUTOMÓVEL=1,RIBEIRÃO PRETO,RIBEIRÃO PRETO,RIBEIRÃO PRETO,ESTADUAL
32669,2023-10-19,12:29:08,L29-VIAPAULISTA,SP330,245.0,NORTE,-21.72669774,-47.58628027,CHOQUE,"CHOQUE - DEFENSA, BARREIRA OU ""SUBMARINO""",IMPRUD. CONDUTOR-DORMIR AO VOLANTE,MOTO=1,SANTA RITA DO PASSA QUATRO,CENTRAL,RIBEIRÃO PRETO,ESTADUAL
32670,2023-10-19,09:21:11,L29-VIAPAULISTA,SP330,268.2,NORTE,-21.52449229,-47.64290833,TOMBAMENTO,TOMBAMENTO,IMPRUD. CONDUTOR-PERDA DE CONTROLE,CAMINHÃO=1,SÃO SIMÃO,RIBEIRÃO PRETO,RIBEIRÃO PRETO,ESTADUAL
32674,2023-10-20,01:17:39,L29-VIAPAULISTA,SP330,307.5,NORTE,-21.20587184,-47.75823958,TOMBAMENTO,TOMBAMENTO,ÓLEO NA PISTA,MOTO=1,RIBEIRÃO PRETO,RIBEIRÃO PRETO,RIBEIRÃO PRETO,ESTADUAL
32679,2023-10-21,11:23:11,L29-VIAPAULISTA,SP330,252.1,SUL,-21.66594493,-47.60773979,CHOQUE,"CHOQUE - DEFENSA, BARREIRA OU ""SUBMARINO""",IMPRUD. CONDUTOR-LEVOU FECHADA,AUTOMÓVEL=1,SANTA RITA DO PASSA QUATRO,CENTRAL,RIBEIRÃO PRETO,ESTADUAL
32684,2023-10-21,21:36:11,L29-VIAPAULISTA,SP330,313.2,NORTE,-21.15453531,-47.75689259,CHOQUE,CHOQUE-VEÍCULO PARADO NA PISTA,IMPRUD. CONDUTOR,AUTOMÓVEL=1|MOTO=1,RIBEIRÃO PRETO,RIBEIRÃO PRETO,RIBEIRÃO PRETO,ESTADUAL
32687,2023-10-22,05:30:03,L29-VIAPAULISTA,SP330,318.0,NORTE,-21.11623851,-47.77760782,CHOQUE,"CHOQUE - DEFENSA, BARREIRA OU ""SUBMARINO""",IMPRUD. CONDUTOR,AUTOMÓVEL=1,RIBEIRÃO PRETO,RIBEIRÃO PRETO,RIBEIRÃO PRETO,ESTADUAL
32688,2023-10-22,06:59:50,L29-VIAPAULISTA,SP330,316.0,NORTE,-21.13120643,-47.76686411,CHOQUE,CHOQUE-MEIO FIO/CALÇAMENTO,IMPRUD. CONDUTOR-DORMIR AO VOLANTE,AUTOMÓVEL=1,RIBEIRÃO PRETO,RIBEIRÃO PRETO,RIBEIRÃO PRETO,ESTADUAL
32695,2023-10-24,04:00:59,L29-VIAPAULISTA,SP330,246.85,NORTE,-21.71095256,-47.59202619,COLISÃO,COLISÃO-TRASEIRA,IMPRUD. CONDUTOR,CAMINHÃO=2,SANTA RITA DO PASSA QUATRO,CENTRAL,RIBEIRÃO PRETO,ESTADUAL
32697,2023-10-25,07:15:09,L29-VIAPAULISTA,SP330,309.0,SUL,-21.19226397,-47.75752571,COLISÃO,COLISÃO-TRASEIRA,IMPRUD. CONDUTOR-DIST. INADEQUADA ENTRE VEÍC.,AUTOMÓVEL=2,RIBEIRÃO PRETO,RIBEIRÃO PRETO,RIBEIRÃO PRETO,ESTADUAL
32698,2023-10-25,09:30:58,L29-VIAPAULISTA,SP330,311.9,SUL,-21.16740195,-47.75635031,TOMBAMENTO,TOMBAMENTO,ÓLEO NA PISTA,MOTO=1,RIBEIRÃO PRETO,RIBEIRÃO PRETO,RIBEIRÃO PRETO,ESTADUAL
32699,2023-10-25,14:02:32,L29-VIAPAULISTA,SP330,311.5,NORTE,-21.16982443,-47.75634841,COLISÃO,COLISÃO-TRASEIRA,IMPRUD. CONDUTOR-DIST. INADEQUADA ENTRE VEÍC.,CAMINHONETE=1|CAMINHÃO=1,RIBEIRÃO PRETO,RIBEIRÃO PRETO,RIBEIRÃO PRETO,ESTADUAL
32701,2023-10-26,07:03:55,L29-VIAPAULISTA,SP330,243.0,SUL,-21.7428671,-47.5778037,COLISÃO,COLISÃO-TRASEIRA,IMPRUD. CONDUTOR-DIST. INADEQUADA ENTRE VEÍC.,CAMINHÃO=1|NÃO INFORMADO=1,SANTA RITA DO PASSA QUATRO,CENTRAL,RIBEIRÃO PRETO,ESTADUAL
32702,2023-10-26,08:23:03,L29-VIAPAULISTA,SP330,312.0,NORTE,-21.16522766,-47.75612218,CHOQUE,CHOQUE-VEÍCULO PARADO NA PISTA,IMPRUD. CONDUTOR,AUTOMÓVEL=1|MOTO=1,RIBEIRÃO PRETO,RIBEIRÃO PRETO,RIBEIRÃO PRETO,ESTADUAL
32704,2023-10-26,13:12:23,L29-VIAPAULISTA,SP330,289.2,SUL,-21.3631889,-47.71896511,ATROPELAMENTO DE ANIMAL,ATROP. ANIMAL,ANIMAL NA RODOVIA,AUTOMÓVEL=1,CRAVINHOS,RIBEIRÃO PRETO,RIBEIRÃO PRETO,ESTADUAL
32705,2023-10-26,14:12:02,L29-VIAPAULISTA,SP330,311.8,NORTE,-21.16706722,-47.7562126,CHOQUE,CHOQUE-VEÍCULO PARADO NO ACOSTAMENTO,IMPRUD. CONDUTOR,CAMINHONETE=1|CAMINHÃO=1,RIBEIRÃO PRETO,RIBEIRÃO PRETO,RIBEIRÃO PRETO,ESTADUAL
32712,2023-10-27,07:17:41,L29-VIAPAULISTA,SPA307/330,3.0,OESTE,-21.18945095,-47.78164317,ENGAVETAMENTO,ENGAVETAMENTO,PANE MECÂNICA/ELÉTRICA,AUTOMÓVEL=2|NÃO INFORMADO=1|UTILITÁRIO=1,RIBEIRÃO PRETO,RIBEIRÃO PRETO,RIBEIRÃO PRETO,ESTADUAL
32714,2023-10-27,13:55:52,L29-VIAPAULISTA,SPA307/330,2.9,OESTE,-21.18994468,-47.78095464,ENGAVETAMENTO,ENGAVETAMENTO,IMPRUD. CONDUTOR-DIST. INADEQUADA ENTRE VEÍC.,AUTOMÓVEL=3,RIBEIRÃO PRETO,RIBEIRÃO PRETO,RIBEIRÃO PRETO,ESTADUAL
32718,2023-10-27,17:01:57,L29-VIAPAULISTA,SP330,315.0,NORTE,-21.13899781,-47.76203254,COLISÃO,COLISÃO-TRASEIRA,IMPRUD. CONDUTOR-DIST. INADEQUADA ENTRE VEÍC.,AUTOMÓVEL=1|CAMINHONETE=1,RIBEIRÃO PRETO,RIBEIRÃO PRETO,RIBEIRÃO PRETO,ESTADUAL
32719,2023-10-27,17:04:27,L29-VIAPAULISTA,SP330,317.0,NORTE,-21.12372256,-47.7722362,COLISÃO,COLISÃO-TRASEIRA,IMPRUD. CONDUTOR-DIST. INADEQUADA ENTRE VEÍC.,CAMINHONETE=1|CAMINHÃO=1,RIBEIRÃO PRETO,RIBEIRÃO PRETO,RIBEIRÃO PRETO,ESTADUAL
32726,2023-10-28,08:55:52,L29-VIAPAULISTA,SP330,290.685,NORTE,-21.35068762,-47.72408369,COLISÃO,COLISÃO-LATERAL,IMPRUD. CONDUTOR-MUDANÇA DE FAIXA,AUTOMÓVEL=1|CAMINHÃO=1,CRAVINHOS,RIBEIRÃO PRETO,RIBEIRÃO PRETO,ESTADUAL
32729,2023-10-28,13:32:48,L29-VIAPAULISTA,SP330,247.3,NORTE,-21.70722195,-47.59338738,COLISÃO,COLISÃO-LATERAL,IMPRUD. CONDUTOR-MUDANÇA DE FAIXA,AUTOMÓVEL=1|NÃO INFORMADO=2,SANTA RITA DO PASSA QUATRO,CENTRAL,RIBEIRÃO PRETO,ESTADUAL
32731,2023-10-28,19:17:02,L29-VIAPAULISTA,SP330,313.8,SUL,-21.15012317,-47.75801737,CHOQUE,CHOQUE-ELEMENTO DE DRENAGEM,IMPRUD. CONDUTOR-PERDA DE CONTROLE,AUTOMÓVEL=1,RIBEIRÃO PRETO,RIBEIRÃO PRETO,RIBEIRÃO PRETO,ESTADUAL
32733,2023-10-28,22:49:47,L29-VIAPAULISTA,SP330,307.8,NORTE,-21.20311517,-47.75809497,CHOQUE,"CHOQUE - DEFENSA, BARREIRA OU ""SUBMARINO""",IMPRUD. CONDUTOR-PERDA DE CONTROLE,AUTOMÓVEL=1,RIBEIRÃO PRETO,RIBEIRÃO PRETO,RIBEIRÃO PRETO,ESTADUAL
32735,2023-10-29,02:18:30,L29-VIAPAULISTA,SP330,311.8,SUL,-21.16830318,-47.75639776,CHOQUE,CHOQUE-VEÍCULO PARADO NA PISTA,VEÍCULO PARADO NA FAIXA,AUTOMÓVEL=2|CAMINHONETE=1,RIBEIRÃO PRETO,RIBEIRÃO PRETO,RIBEIRÃO PRETO,ESTADUAL
32738,2023-10-30,03:41:14,L29-VIAPAULISTA,SP330,248.7,NORTE,-21.69521271,-47.59776856,COLISÃO,COLISÃO-TRASEIRA,IMPRUD. CONDUTOR-DIST. INADEQUADA ENTRE VEÍC.,CAMINHÃO=2,SANTA RITA DO PASSA QUATRO,CENTRAL,RIBEIRÃO PRETO,ESTADUAL
32741,2023-10-30,15:08:33,L29-VIAPAULISTA,SPA241/330,8.0,OESTE,-21.73021781,-47.49240201,COLISÃO,COLISÃO-TRASEIRA,PANE MECÂNICA/ELÉTRICA,CAMINHÃO=2,SANTA RITA DO PASSA QUATRO,CENTRAL,RIBEIRÃO PRETO,ESTADUAL
32743,2023-10-31,15:37:18,L29-VIAPAULISTA,SP330,268.1,NORTE,-21.52539286,-47.64287052,CHOQUE,CHOQUE-SINALIZAÇÃO,PANE MECÂNICA/ELÉTRICA,CAMINHÃO=1,SÃO SIMÃO,RIBEIRÃO PRETO,RIBEIRÃO PRETO,ESTADUAL
32745,2023-10-31,20:02:53,L29-VIAPAULISTA,SP330,247.0,NORTE,-21.70962128,-47.59251196,TOMBAMENTO,TOMBAMENTO,PANE MECÂNICA/ELÉTRICA,CAMINHÃO=1,SANTA RITA DO PASSA QUATRO,CENTRAL,RIBEIRÃO PRETO,ESTADUAL
32749,2023-11-01,08:10:23,L29-VIAPAULISTA,SPA307/330,1.5,OESTE,-21.19744418,-47.77049552,COLISÃO,COLISÃO-TRASEIRA,IMPRUD. CONDUTOR-DIST. INADEQUADA ENTRE VEÍC.,AUTOMÓVEL=1|MOTO=1,RIBEIRÃO PRETO,RIBEIRÃO PRETO,RIBEIRÃO PRETO,ESTADUAL
32758,2023-11-03,14:45:08,L29-VIAPAULISTA,SP330,268.0,SUL,-21.52617636,-47.64283763,COLISÃO,COLISÃO-LATERAL,IMPRUD. CONDUTOR,CAMINHONETE=1|CAMINHÃO=1,SÃO SIMÃO,RIBEIRÃO PRETO,RIBEIRÃO PRETO,ESTADUAL
32759,2023-11-03,17:41:26,L29-VIAPAULISTA,SP330,281.0,NORTE,-21.41393659,-47.66460571,CHOQUE,"CHOQUE - DEFENSA, BARREIRA OU ""SUBMARINO""",CONDIÇÃO CLIMÁTICA,CAMINHONETE=1,SÃO SIMÃO,RIBEIRÃO PRETO,RIBEIRÃO PRETO,ESTADUAL
32762,2023-11-04,06:58:17,L29-VIAPAULISTA,SP330,307.5,NORTE,-21.20587184,-47.75823958,CHOQUE,"CHOQUE - DEFENSA, BARREIRA OU ""SUBMARINO""",ÓLEO NA PISTA,AUTOMÓVEL=1,RIBEIRÃO PRETO,RIBEIRÃO PRETO,RIBEIRÃO PRETO,ESTADUAL
32767,2023-11-05,04:55:20,L29-VIAPAULISTA,SP330,311.8,SUL,-21.16830318,-47.75639776,CHOQUE,"CHOQUE - DEFENSA, BARREIRA OU ""SUBMARINO""",IMPRUD. CONDUTOR-DORMIR AO VOLANTE,AUTOMÓVEL=1,RIBEIRÃO PRETO,RIBEIRÃO PRETO,RIBEIRÃO PRETO,ESTADUAL
32771,2023-11-05,10:10:25,L29-VIAPAULISTA,SP330,299.0,SUL,-21.28090889,-47.75136651,TOMBAMENTO,TOMBAMENTO,IMPRUD. CONDUTOR-LEVOU FECHADA,MOTO=1,CRAVINHOS,RIBEIRÃO PRETO,RIBEIRÃO PRETO,ESTADUAL
32773,2023-11-06,05:26:45,L29-VIAPAULISTA,SP330,307.1,NORTE,-21.20946929,-47.7584283,CHOQUE,"CHOQUE - DEFENSA, BARREIRA OU ""SUBMARINO""",IMPRUD. CONDUTOR-PERDA DE CONTROLE,AUTOMÓVEL=1,RIBEIRÃO PRETO,RIBEIRÃO PRETO,RIBEIRÃO PRETO,ESTADUAL
32774,2023-11-06,22:55:20,L29-VIAPAULISTA,SP330,313.85,NORTE,-21.14874494,-47.75821189,CHOQUE,CHOQUE-ELEMENTO DE DRENAGEM,ESTOURO/FURO DE PNEU,MOTO=1,RIBEIRÃO PRETO,RIBEIRÃO PRETO,RIBEIRÃO PRETO,ESTADUAL
32775,2023-11-07,07:41:49,L29-VIAPAULISTA,SP330,316.0,SUL,-21.13120643,-47.76686411,ENGAVETAMENTO,ENGAVETAMENTO,IMPRUD. CONDUTOR-DIST. INADEQUADA ENTRE VEÍC.,AUTOMÓVEL=2|CAMINHONETE=1,RIBEIRÃO PRETO,RIBEIRÃO PRETO,RIBEIRÃO PRETO,ESTADUAL
32776,2023-11-07,09:18:06,L29-VIAPAULISTA,SP330,316.6,NORTE,-21.12678963,-47.7700346,COLISÃO,COLISÃO-TRASEIRA,IMPRUD. CONDUTOR-DIST. INADEQUADA ENTRE VEÍC.,CAMINHONETE=1|CAMINHÃO=1,RIBEIRÃO PRETO,RIBEIRÃO PRETO,RIBEIRÃO PRETO,ESTADUAL
32777,2023-11-07,15:03:40,L29-VIAPAULISTA,SP330,316.0,NORTE,-21.13120643,-47.76686411,TOMBAMENTO,TOMBAMENTO,IMPRUD. CONDUTOR-LEVOU FECHADA,MOTO=2,RIBEIRÃO PRETO,RIBEIRÃO PRETO,RIBEIRÃO PRETO,ESTADUAL
32778,2023-11-07,23:09:45,L29-VIAPAULISTA,SP330,315.6,SUL,-21.13514675,-47.76445937,TOMBAMENTO,TOMBAMENTO,ESTOURO/FURO DE PNEU,MOTO=1,RIBEIRÃO PRETO,RIBEIRÃO PRETO,RIBEIRÃO PRETO,ESTADUAL
32780,2023-11-08,04:58:39,L29-VIAPAULISTA,SP330,242.4,NORTE,-21.74691542,-47.57394357,ATROPELAMENTO DE ANIMAL,ATROP. ANIMAL,ANIMAL NA RODOVIA,CAMINHONETE=1,SANTA RITA DO PASSA QUATRO,CENTRAL,RIBEIRÃO PRETO,ESTADUAL
32781,2023-11-08,07:27:14,L29-VIAPAULISTA,SP330,315.0,NORTE,-21.13899781,-47.76203254,COLISÃO,COLISÃO-TRASEIRA,IMPRUD. CONDUTOR,AUTOMÓVEL=2,RIBEIRÃO PRETO,RIBEIRÃO PRETO,RIBEIRÃO PRETO,ESTADUAL
32782,2023-11-08,13:23:46,L29-VIAPAULISTA,SPA307/330,3.101,LESTE,-21.18873423,-47.78289285,COLISÃO,COLISÃO-LATERAL,IMPRUD. CONDUTOR,AUTOMÓVEL=1|MOTO=1,RIBEIRÃO PRETO,RIBEIRÃO PRETO,RIBEIRÃO PRETO,ESTADUAL
32783,2023-11-08,16:17:59,L29-VIAPAULISTA,SP330,310.0,NORTE,-21.18325207,-47.75705291,TOMBAMENTO,TOMBAMENTO,IMPRUD. CONDUTOR,MOTO=1,RIBEIRÃO PRETO,RIBEIRÃO PRETO,RIBEIRÃO PRETO,ESTADUAL
32785,2023-11-08,17:35:16,L29-VIAPAULISTA,SP330,307.0,NORTE,-21.21028775,-47.75847123,COLISÃO,COLISÃO-LATERAL,IMPRUD. CONDUTOR,AUTOMÓVEL=1|CAMINHÃO=1,RIBEIRÃO PRETO,RIBEIRÃO PRETO,RIBEIRÃO PRETO,ESTADUAL
32786,2023-11-08,13:55:42,L29-VIAPAULISTA,SP330,254.0,NORTE,-21.64897085,-47.61050631,COLISÃO,COLISÃO-TRASEIRA,PANE MECÂNICA/ELÉTRICA,CAMINHÃO=2,SANTA RITA DO PASSA QUATRO,CENTRAL,RIBEIRÃO PRETO,ESTADUAL
32787,2023-11-09,01:46:35,L29-VIAPAULISTA,SP330,264.8,SUL,-21.55520923,-47.63686567,COLISÃO,COLISÃO-LATERAL,IMPRUD. CONDUTOR,AUTOMÓVEL=1|CAMINHÃO=1,SÃO SIMÃO,RIBEIRÃO PRETO,RIBEIRÃO PRETO,ESTADUAL
32789,2023-11-09,10:38:30,L29-VIAPAULISTA,SP330,317.0,NORTE,-21.12372256,-47.7722362,TOMBAMENTO,TOMBAMENTO,IMPRUD. CONDUTOR,MOTO=1,RIBEIRÃO PRETO,RIBEIRÃO PRETO,RIBEIRÃO PRETO,ESTADUAL
32791,2023-11-09,14:35:30,L29-VIAPAULISTA,SP330,312.0,SUL,-21.16522766,-47.75612218,COLISÃO,COLISÃO-TRASEIRA,IMPRUD. CONDUTOR,AUTOMÓVEL=1|CAMINHÃO=1,RIBEIRÃO PRETO,RIBEIRÃO PRETO,RIBEIRÃO PRETO,ESTADUAL
32793,2023-11-10,00:01:39,L29-VIAPAULISTA,SP330,244.95,NORTE,-21.72714153,-47.58611829,COLISÃO,COLISÃO-TRASEIRA,IMPRUD. CONDUTOR-LEVOU FECHADA,AUTOMÓVEL=1|NÃO INFORMADO=1,SANTA RITA DO PASSA QUATRO,CENTRAL,RIBEIRÃO PRETO,ESTADUAL
32796,2023-11-09,20:32:30,L29-VIAPAULISTA,SP330,314.0,SUL,-21.14740664,-47.7585736,CHOQUE,CHOQUE-VEÍCULO PARADO NA PISTA,VEÍCULO PARADO NA FAIXA,AUTOMÓVEL=1|CAMINHONETE=1,RIBEIRÃO PRETO,RIBEIRÃO PRETO,RIBEIRÃO PRETO,ESTADUAL
32797,2023-11-10,04:54:59,L29-VIAPAULISTA,SP330,308.0,SUL,-21.20127586,-47.75799848,TOMBAMENTO,TOMBAMENTO,NÃO INFORMADO,MOTO=1,RIBEIRÃO PRETO,RIBEIRÃO PRETO,RIBEIRÃO PRETO,ESTADUAL
32800,2023-11-10,16:59:22,L29-VIAPAULISTA,SP330,253.0,SUL,-21.65807187,-47.60906381,CHOQUE,CHOQUE-VEÍCULO PARADO NA PISTA,IMPRUD. CONDUTOR,AUTOMÓVEL=2|CAMINHÃO=1,SANTA RITA DO PASSA QUATRO,CENTRAL,RIBEIRÃO PRETO,ESTADUAL
32805,2023-11-11,13:35:31,L29-VIAPAULISTA,SPA307/330,2.0,OESTE,-21.19471405,-47.7743033,COLISÃO,COLISÃO-LATERAL,IMPRUD. CONDUTOR,AUTOMÓVEL=1|NÃO INFORMADO=1,RIBEIRÃO PRETO,RIBEIRÃO PRETO,RIBEIRÃO PRETO,ESTADUAL
32808,2023-11-11,20:57:32,L29-VIAPAULISTA,SP330,301.0,NORTE,-21.2638089,-47.75509484,COLISÃO,COLISÃO-TRASEIRA,IMPRUD. CONDUTOR,AUTOMÓVEL=1|CAMINHÃO=1,RIBEIRÃO PRETO,RIBEIRÃO PRETO,RIBEIRÃO PRETO,ESTADUAL
32809,2023-11-12,07:28:14,L29-VIAPAULISTA,SP330,307.9,NORTE,-21.20219552,-47.75804672,CHOQUE,CHOQUE-OUTROS,IMPRUD. CONDUTOR-DORMIR AO VOLANTE,CAMINHONETE=1,RIBEIRÃO PRETO,RIBEIRÃO PRETO,RIBEIRÃO PRETO,ESTADUAL
32819,2023-11-13,06:17:59,L29-VIAPAULISTA,SP330,291.0,NORTE,-21.34778925,-47.72402795,TOMBAMENTO,TOMBAMENTO,IMPRUD. CONDUTOR-PERDA DE CONTROLE,MOTO=1,CRAVINHOS,RIBEIRÃO PRETO,RIBEIRÃO PRETO,ESTADUAL
32822,2023-11-14,07:15:10,L29-VIAPAULISTA,SP330,314.0,NORTE,-21.14740664,-47.7585736,COLISÃO,COLISÃO-LATERAL,IMPRUD. CONDUTOR,AUTOMÓVEL=1|CAMINHÃO=1,RIBEIRÃO PRETO,RIBEIRÃO PRETO,RIBEIRÃO PRETO,ESTADUAL
32825,2023-11-14,12:32:48,L29-VIAPAULISTA,SP330,243.0,NORTE,-21.7428671,-47.5778037,CHOQUE,"CHOQUE - DEFENSA, BARREIRA OU ""SUBMARINO""",IMPRUD. CONDUTOR-DORMIR AO VOLANTE,AUTOMÓVEL=1,SANTA RITA DO PASSA QUATRO,CENTRAL,RIBEIRÃO PRETO,ESTADUAL
32826,2023-11-14,15:49:54,L29-VIAPAULISTA,SP330,315.5,SUL,-21.13591703,-47.76395518,COLISÃO,COLISÃO-TRASEIRA,IMPRUD. CONDUTOR-DIST. INADEQUADA ENTRE VEÍC.,CAMINHONETE=1|CAMINHÃO=1,RIBEIRÃO PRETO,RIBEIRÃO PRETO,RIBEIRÃO PRETO,ESTADUAL
32828,2023-11-15,02:00:12,L29-VIAPAULISTA,SP330,313.2,SUL,-21.15484279,-47.75689155,COLISÃO,COLISÃO-LATERAL,IMPRUD. CONDUTOR,AUTOMÓVEL=1|CAMINHÃO=1,RIBEIRÃO PRETO,RIBEIRÃO PRETO,RIBEIRÃO PRETO,ESTADUAL
32830,2023-11-15,10:31:18,L29-VIAPAULISTA,SP330,303.555,SUL,-21.24242976,-47.75777442,COLISÃO,COLISÃO-LATERAL,IMPRUD. CONDUTOR,AUTOMÓVEL=1|CAMINHÃO=1,RIBEIRÃO PRETO,RIBEIRÃO PRETO,RIBEIRÃO PRETO,ESTADUAL
32831,2023-11-15,10:57:29,L29-VIAPAULISTA,SP330,313.0,NORTE,-21.15622499,-47.7565865,COLISÃO,COLISÃO-TRASEIRA,IMPRUD. CONDUTOR-DIST. INADEQUADA ENTRE VEÍC.,AUTOMÓVEL=1|CAMINHONETE=1,RIBEIRÃO PRETO,RIBEIRÃO PRETO,RIBEIRÃO PRETO,ESTADUAL
32832,2023-11-15,10:49:49,L29-VIAPAULISTA,SP330,303.55,SUL,-21.24247387,-47.75776413,COLISÃO,COLISÃO-TRASEIRA,IMPRUD. CONDUTOR-DIST. INADEQUADA ENTRE VEÍC.,AUTOMÓVEL=1|CAMINHÃO=1,RIBEIRÃO PRETO,RIBEIRÃO PRETO,RIBEIRÃO PRETO,ESTADUAL
32838,2023-11-15,18:52:34,L29-VIAPAULISTA,SP330,307.0,NORTE,-21.21028775,-47.75847123,TOMBAMENTO,TOMBAMENTO,ESTOURO/FURO DE PNEU,MOTO=1,RIBEIRÃO PRETO,RIBEIRÃO PRETO,RIBEIRÃO PRETO,ESTADUAL
32848,2023-11-17,06:03:09,L29-VIAPAULISTA,SPA307/330,0.334,OESTE,-21.20373318,-47.76151462,TOMBAMENTO,TOMBAMENTO,ESTOURO/FURO DE PNEU,MOTO=1,RIBEIRÃO PRETO,RIBEIRÃO PRETO,RIBEIRÃO PRETO,ESTADUAL
32850,2023-11-17,16:41:05,L29-VIAPAULISTA,SP330,307.35,NORTE,-21.20722085,-47.75831035,TOMBAMENTO,TOMBAMENTO,ÓLEO NA PISTA,MOTO=1,RIBEIRÃO PRETO,RIBEIRÃO PRETO,RIBEIRÃO PRETO,ESTADUAL
32853,2023-11-17,22:59:38,L29-VIAPAULISTA,SP330,249.0,SUL,-21.69254437,-47.5987419,COLISÃO,COLISÃO-TRASEIRA,IMPRUD. CONDUTOR,CAMINHÃO=2,SANTA RITA DO PASSA QUATRO,CENTRAL,RIBEIRÃO PRETO,ESTADUAL
32855,2023-11-18,04:33:57,L29-VIAPAULISTA,SP330,247.0,NORTE,-21.70962128,-47.59251196,COLISÃO,COLISÃO-TRASEIRA,IMPRUD. CONDUTOR-DORMIR AO VOLANTE,CAMINHÃO=2,SANTA RITA DO PASSA QUATRO,CENTRAL,RIBEIRÃO PRETO,ESTADUAL
32861,2023-11-19,01:22:00,L29-VIAPAULISTA,SP330,307.55,NORTE,-21.20541417,-47.75821557,TOMBAMENTO,TOMBAMENTO,IMPRUD. CONDUTOR,MOTO=1,RIBEIRÃO PRETO,RIBEIRÃO PRETO,RIBEIRÃO PRETO,ESTADUAL
32862,2023-11-19,03:50:34,L29-VIAPAULISTA,SP330,307.55,SUL,-21.20590043,-47.75837743,TOMBAMENTO,TOMBAMENTO,ESTOURO/FURO DE PNEU,MOTO=1,RIBEIRÃO PRETO,RIBEIRÃO PRETO,RIBEIRÃO PRETO,ESTADUAL
32863,2023-11-19,04:09:05,L29-VIAPAULISTA,SP330,314.35,NORTE,-21.14451187,-47.75962468,CHOQUE,"CHOQUE - DEFENSA, BARREIRA OU ""SUBMARINO""",IMPRUD. CONDUTOR,AUTOMÓVEL=1,RIBEIRÃO PRETO,RIBEIRÃO PRETO,RIBEIRÃO PRETO,ESTADUAL
32864,2023-11-19,17:14:57,L29-VIAPAULISTA,SP330,307.0,SUL,-21.21028775,-47.75847123,CHOQUE,"CHOQUE - DEFENSA, BARREIRA OU ""SUBMARINO""",IMPRUD. CONDUTOR,AUTOMÓVEL=1,RIBEIRÃO PRETO,RIBEIRÃO PRETO,RIBEIRÃO PRETO,ESTADUAL
32865,2023-11-19,17:33:08,L29-VIAPAULISTA,SP330,307.0,NORTE,-21.21028775,-47.75847123,CHOQUE,"CHOQUE - DEFENSA, BARREIRA OU ""SUBMARINO""",IMPRUD. CONDUTOR,AUTOMÓVEL=1,RIBEIRÃO PRETO,RIBEIRÃO PRETO,RIBEIRÃO PRETO,ESTADUAL
32868,2023-11-19,16:24:51,L29-VIAPAULISTA,SP330,240.5,NORTE,-21.75853022,-47.56050581,COLISÃO,COLISÃO-TRASEIRA,IMPRUD. CONDUTOR,AUTOMÓVEL=1|CAMINHÃO=1,SANTA RITA DO PASSA QUATRO,CENTRAL,RIBEIRÃO PRETO,ESTADUAL
32869,2023-11-20,18:11:38,L29-VIAPAULISTA,SP330,307.0,NORTE,-21.21028775,-47.75847123,CHOQUE,"CHOQUE - DEFENSA, BARREIRA OU ""SUBMARINO""",IMPRUD. CONDUTOR-PERDA DE CONTROLE,AUTOMÓVEL=1,RIBEIRÃO PRETO,RIBEIRÃO PRETO,RIBEIRÃO PRETO,ESTADUAL
32874,2023-11-21,14:31:32,L29-VIAPAULISTA,SP330,282.9,NORTE,-21.40060551,-47.67594894,CHOQUE,"CHOQUE - DEFENSA, BARREIRA OU ""SUBMARINO""",ESTOURO/FURO DE PNEU,UTILITÁRIO=1,SÃO SIMÃO,RIBEIRÃO PRETO,RIBEIRÃO PRETO,ESTADUAL
32875,2023-11-21,16:11:29,L29-VIAPAULISTA,SP330,265.0,NORTE,-21.55276183,-47.63752731,CHOQUE,CHOQUE-VEÍCULO PARADO NA PISTA,IMPRUD. CONDUTOR,CAMINHÃO=2,SÃO SIMÃO,RIBEIRÃO PRETO,RIBEIRÃO PRETO,ESTADUAL
32876,2023-11-21,18:50:35,L29-VIAPAULISTA,SP330,313.0,NORTE,-21.15622499,-47.7565865,CHOQUE,CHOQUE-VEÍCULO PARADO NA PISTA,VEÍCULO PARADO NA FAIXA,AUTOMÓVEL=1|MOTO=1,RIBEIRÃO PRETO,RIBEIRÃO PRETO,RIBEIRÃO PRETO,ESTADUAL
32878,2023-11-22,18:02:36,L29-VIAPAULISTA,SP330,309.65,NORTE,-21.18646412,-47.75722143,TOMBAMENTO,TOMBAMENTO,IMPRUD. CONDUTOR-LEVOU FECHADA,MOTO=1,RIBEIRÃO PRETO,RIBEIRÃO PRETO,RIBEIRÃO PRETO,ESTADUAL
32882,2023-11-23,08:18:39,L29-VIAPAULISTA,SP330,310.0,SUL,-21.18325207,-47.75705291,ENGAVETAMENTO,ENGAVETAMENTO,IMPRUD. CONDUTOR,AUTOMÓVEL=3|CAMINHONETE=1,RIBEIRÃO PRETO,RIBEIRÃO PRETO,RIBEIRÃO PRETO,ESTADUAL
32887,2023-11-24,07:34:45,L29-VIAPAULISTA,SP330,282.3,SUL,-21.40505487,-47.67161241,COLISÃO,COLISÃO-LATERAL,IMPRUD. CONDUTOR,CAMINHÃO=1|NÃO INFORMADO=1,SÃO SIMÃO,RIBEIRÃO PRETO,RIBEIRÃO PRETO,ESTADUAL
32888,2023-11-24,08:15:38,L29-VIAPAULISTA,SP330,316.91,NORTE,-21.13061513,-47.76728856,CHOQUE,CHOQUE-ELEMENTO DE DRENAGEM,IMPRUD. CONDUTOR-LEVOU FECHADA,AUTOMÓVEL=1,RIBEIRÃO PRETO,RIBEIRÃO PRETO,RIBEIRÃO PRETO,ESTADUAL
32895,2023-11-24,21:29:14,L29-VIAPAULISTA,SP330,247.0,NORTE,-21.70962128,-47.59251196,COLISÃO,COLISÃO-TRASEIRA,DERRAPAGEM,CAMINHÃO=2,SANTA RITA DO PASSA QUATRO,CENTRAL,RIBEIRÃO PRETO,ESTADUAL
32896,2023-11-25,02:08:07,L29-VIAPAULISTA,SP330,305.57,SUL,-21.22434738,-47.75934862,CHOQUE,CHOQUE-VEÍCULO PARADO NA PISTA,OBJETO NA PISTA,MOTO=1,RIBEIRÃO PRETO,RIBEIRÃO PRETO,RIBEIRÃO PRETO,ESTADUAL
32899,2023-11-25,23:39:29,L29-VIAPAULISTA,SP330,317.2,SUL,-21.12255677,-47.77316736,CHOQUE,"CHOQUE - DEFENSA, BARREIRA OU ""SUBMARINO""",NÃO INFORMADO,AUTOMÓVEL=1,RIBEIRÃO PRETO,RIBEIRÃO PRETO,RIBEIRÃO PRETO,ESTADUAL
32900,2023-11-26,05:06:29,L29-VIAPAULISTA,SP330,243.0,SUL,-21.7428671,-47.5778037,CHOQUE,"CHOQUE - DEFENSA, BARREIRA OU ""SUBMARINO""",IMPRUD. CONDUTOR-PERDA DE CONTROLE,AUTOMÓVEL=1,SANTA RITA DO PASSA QUATRO,CENTRAL,RIBEIRÃO PRETO,ESTADUAL
32902,2023-11-26,11:40:01,L29-VIAPAULISTA,SP330,312.0,NORTE,-21.16522766,-47.75612218,COLISÃO,COLISÃO-TRASEIRA,IMPRUD. CONDUTOR-DIST. INADEQUADA ENTRE VEÍC.,AUTOMÓVEL=1|MOTO=1,RIBEIRÃO PRETO,RIBEIRÃO PRETO,RIBEIRÃO PRETO,ESTADUAL
32903,2023-11-26,14:55:52,L29-VIAPAULISTA,SPA318/330,1.0,SUL,-21.119958,-47.78591,TOMBAMENTO,TOMBAMENTO,IMPRUD. CONDUTOR,BICICLETA=1,RIBEIRÃO PRETO,RIBEIRÃO PRETO,RIBEIRÃO PRETO,ESTADUAL
32906,2023-11-27,08:16:25,L29-VIAPAULISTA,SPA307/330,3.0,OESTE,-21.18945095,-47.78164317,COLISÃO,COLISÃO-TRASEIRA,IMPRUD. CONDUTOR-DIST. INADEQUADA ENTRE VEÍC.,AUTOMÓVEL=2,RIBEIRÃO PRETO,RIBEIRÃO PRETO,RIBEIRÃO PRETO,ESTADUAL
32916,2023-11-28,11:41:14,L29-VIAPAULISTA,SPA307/330,2.0,LESTE,-21.19471405,-47.7743033,COLISÃO,COLISÃO-TRASEIRA,IMPRUD. CONDUTOR-DIST. INADEQUADA ENTRE VEÍC.,AUTOMÓVEL=2,RIBEIRÃO PRETO,RIBEIRÃO PRETO,RIBEIRÃO PRETO,ESTADUAL
32922,2023-11-29,13:14:00,L29-VIAPAULISTA,SP330,307.3,SUL,-21.20795066,-47.7584365,TOMBAMENTO,TOMBAMENTO,ESTOURO/FURO DE PNEU,MOTO=1,RIBEIRÃO PRETO,RIBEIRÃO PRETO,RIBEIRÃO PRETO,ESTADUAL
32925,2023-11-29,16:12:21,L29-VIAPAULISTA,SP330,314.0,SUL,-21.14740664,-47.7585736,COLISÃO,COLISÃO-TRASEIRA,IMPRUD. CONDUTOR,AUTOMÓVEL=1|CAMINHÃO=1,RIBEIRÃO PRETO,RIBEIRÃO PRETO,RIBEIRÃO PRETO,ESTADUAL
32926,2023-11-29,14:30:07,L29-VIAPAULISTA,SP330,314.0,SUL,-21.14740664,-47.7585736,CHOQUE,CHOQUE-OUTROS,IMPRUD. CONDUTOR,CAMINHÃO=1,RIBEIRÃO PRETO,RIBEIRÃO PRETO,RIBEIRÃO PRETO,ESTADUAL
32928,2023-11-29,19:57:51,L29-VIAPAULISTA,SP330,310.0,NORTE,-21.18325207,-47.75705291,COLISÃO,COLISÃO-TRASEIRA,IMPRUD. CONDUTOR-PERDA DE CONTROLE,AUTOMÓVEL=1|BICICLETA=1,RIBEIRÃO PRETO,RIBEIRÃO PRETO,RIBEIRÃO PRETO,ESTADUAL
32935,2023-12-01,05:54:33,L29-VIAPAULISTA,SP330,286.0,NORTE,-21.38585693,-47.70055093,CHOQUE,"CHOQUE - DEFENSA, BARREIRA OU ""SUBMARINO""",IMPRUD. CONDUTOR-LEVOU FECHADA,CAMINHONETE=1,CRAVINHOS,RIBEIRÃO PRETO,RIBEIRÃO PRETO,ESTADUAL
32937,2023-12-01,08:03:28,L29-VIAPAULISTA,SP330,316.5,SUL,-21.12816759,-47.769276,COLISÃO,COLISÃO-TRASEIRA,IMPRUD. CONDUTOR-DIST. INADEQUADA ENTRE VEÍC.,AUTOMÓVEL=1|UTILITÁRIO=1,RIBEIRÃO PRETO,RIBEIRÃO PRETO,RIBEIRÃO PRETO,ESTADUAL
32940,2023-12-01,17:31:35,L29-VIAPAULISTA,SP330,308.0,NORTE,-21.20127586,-47.75799848,TOMBAMENTO,TOMBAMENTO,ESTOURO/FURO DE PNEU,MOTO=1,RIBEIRÃO PRETO,RIBEIRÃO PRETO,RIBEIRÃO PRETO,ESTADUAL
32942,2023-12-01,21:28:14,L29-VIAPAULISTA,SP330,262.0,NORTE,-21.57916737,-47.6282804,COLISÃO,COLISÃO-LATERAL,IMPRUD. CONDUTOR,AUTOMÓVEL=1|NÃO INFORMADO=1,SÃO SIMÃO,RIBEIRÃO PRETO,RIBEIRÃO PRETO,ESTADUAL
32944,2023-12-02,11:02:12,L29-VIAPAULISTA,SPA307/330,3.0,OESTE,-21.18945095,-47.78164317,COLISÃO,COLISÃO-TRASEIRA,IMPRUD. CONDUTOR,AUTOMÓVEL=1|MOTO=1,RIBEIRÃO PRETO,RIBEIRÃO PRETO,RIBEIRÃO PRETO,ESTADUAL
32947,2023-12-02,16:44:44,L29-VIAPAULISTA,SP330,304.0,NORTE,-21.23729315,-47.75877455,CHOQUE,CHOQUE-ELEMENTO DE DRENAGEM,IMPRUD. CONDUTOR,AUTOMÓVEL=1,RIBEIRÃO PRETO,RIBEIRÃO PRETO,RIBEIRÃO PRETO,ESTADUAL
32949,2023-12-03,03:06:03,L29-VIAPAULISTA,SP330,312.91,NORTE,-21.15705015,-47.75650859,CAPOTAMENTO,CAPOTAMENTO,IMPRUD. CONDUTOR-FAROL DESREGULADO/APAGADO,AUTOMÓVEL=1,RIBEIRÃO PRETO,RIBEIRÃO PRETO,RIBEIRÃO PRETO,ESTADUAL
32950,2023-12-02,22:11:20,L29-VIAPAULISTA,SP330,289.3,NORTE,-21.36220776,-47.71965497,COLISÃO,COLISÃO-FRONTAL,IMPRUD. CONDUTOR-DORMIR AO VOLANTE,CAMINHÃO=2,CRAVINHOS,RIBEIRÃO PRETO,RIBEIRÃO PRETO,ESTADUAL
32952,2023-12-03,13:13:12,L29-VIAPAULISTA,SP330,310.5,SUL,-21.17969383,-47.75699755,COLISÃO,COLISÃO-TRASEIRA,IMPRUD. CONDUTOR,AUTOMÓVEL=1|CAMINHONETE=1,RIBEIRÃO PRETO,RIBEIRÃO PRETO,RIBEIRÃO PRETO,ESTADUAL
32955,2023-12-03,20:13:23,L29-VIAPAULISTA,SP330,316.32,SUL,-21.12880625,-47.76878156,CHOQUE,"CHOQUE - DEFENSA, BARREIRA OU ""SUBMARINO""",IMPRUD. CONDUTOR-PERDA DE CONTROLE,MOTO=1,RIBEIRÃO PRETO,RIBEIRÃO PRETO,RIBEIRÃO PRETO,ESTADUAL
32964,2023-12-05,03:56:32,L29-VIAPAULISTA,SP330,246.29,NORTE,-21.71584573,-47.59024068,CHOQUE,CHOQUE-SINALIZAÇÃO,IMPRUD. CONDUTOR-PERDA DE CONTROLE,CAMINHÃO=1,SANTA RITA DO PASSA QUATRO,CENTRAL,RIBEIRÃO PRETO,ESTADUAL
32972,2023-12-07,02:52:19,L29-VIAPAULISTA,SP330,245.94,NORTE,-21.71869207,-47.589202,COLISÃO,COLISÃO-TRASEIRA,IMPRUD. CONDUTOR,CAMINHÃO=2,SANTA RITA DO PASSA QUATRO,CENTRAL,RIBEIRÃO PRETO,ESTADUAL
32973,2023-12-07,07:05:32,L29-VIAPAULISTA,SP330,314.0,SUL,-21.14740664,-47.7585736,ENGAVETAMENTO,ENGAVETAMENTO,IMPRUD. CONDUTOR-DIST. INADEQUADA ENTRE VEÍC.,AUTOMÓVEL=1|CAMINHONETE=1|CAMINHÃO=1,RIBEIRÃO PRETO,RIBEIRÃO PRETO,RIBEIRÃO PRETO,ESTADUAL
32976,2023-12-08,08:13:13,L29-VIAPAULISTA,SP330,312.2,NORTE,-21.16351382,-47.75613744,COLISÃO,COLISÃO-TRASEIRA,IMPRUD. CONDUTOR-DIST. INADEQUADA ENTRE VEÍC.,AUTOMÓVEL=1|CAMINHONETE=1,RIBEIRÃO PRETO,RIBEIRÃO PRETO,RIBEIRÃO PRETO,ESTADUAL
32977,2023-12-08,08:42:40,L29-VIAPAULISTA,SP330,312.0,NORTE,-21.16522766,-47.75612218,COLISÃO,COLISÃO-FRONTAL,IMPRUD. CONDUTOR-DIST. INADEQUADA ENTRE VEÍC.,CAMINHONETE=2,RIBEIRÃO PRETO,RIBEIRÃO PRETO,RIBEIRÃO PRETO,ESTADUAL
32980,2023-12-08,17:44:18,L29-VIAPAULISTA,SP330,314.0,SUL,-21.14740664,-47.7585736,ENGAVETAMENTO,ENGAVETAMENTO,IMPRUD. CONDUTOR-DIST. INADEQUADA ENTRE VEÍC.,AUTOMÓVEL=4,RIBEIRÃO PRETO,RIBEIRÃO PRETO,RIBEIRÃO PRETO,ESTADUAL
32986,2023-12-09,21:26:12,L29-VIAPAULISTA,SP330,315.539,SUL,-21.13561663,-47.7641518,COLISÃO,COLISÃO-TRASEIRA,IMPRUD. CONDUTOR-PERDA DE CONTROLE,BICICLETA=1,RIBEIRÃO PRETO,RIBEIRÃO PRETO,RIBEIRÃO PRETO,ESTADUAL
32989,2023-12-10,04:54:05,L29-VIAPAULISTA,SP330,316.3,SUL,-21.12940634,-47.76830216,ATROPELAMENTO DE PEDESTRE,ATROP. PEDESTRE-ANDARILHO,IMPRUD. PEDESTRE-USUÁRIO,AUTOMÓVEL=1|NÃO SE APLICA=1,RIBEIRÃO PRETO,RIBEIRÃO PRETO,RIBEIRÃO PRETO,ESTADUAL
32997,2023-12-10,21:34:35,L29-VIAPAULISTA,SP330,247.0,NORTE,-21.70962128,-47.59251196,COLISÃO,COLISÃO-TRASEIRA,IMPRUD. CONDUTOR,CAMINHÃO=2,SANTA RITA DO PASSA QUATRO,CENTRAL,RIBEIRÃO PRETO,ESTADUAL
33002,2023-12-11,17:41:40,L29-VIAPAULISTA,SP330,300.0,SUL,-21.27264072,-47.75521972,COLISÃO,COLISÃO-TRASEIRA,IMPRUD. CONDUTOR,CAMINHÃO=1|MOTO=1,CRAVINHOS,RIBEIRÃO PRETO,RIBEIRÃO PRETO,ESTADUAL
33003,2023-12-11,19:34:54,L29-VIAPAULISTA,SP330,308.0,NORTE,-21.20127586,-47.75799848,TOMBAMENTO,TOMBAMENTO,CONDIÇÃO CLIMÁTICA,MOTO=1,RIBEIRÃO PRETO,RIBEIRÃO PRETO,RIBEIRÃO PRETO,ESTADUAL
33010,2023-12-13,10:39:24,L29-VIAPAULISTA,SP330,309.0,NORTE,-21.19226397,-47.75752571,COLISÃO,COLISÃO-TRASEIRA,IMPRUD. CONDUTOR,AUTOMÓVEL=1|CAMINHÃO=1,RIBEIRÃO PRETO,RIBEIRÃO PRETO,RIBEIRÃO PRETO,ESTADUAL
33011,2023-12-13,16:40:42,L29-VIAPAULISTA,SP330,317.0,SUL,-21.12372256,-47.7722362,CHOQUE,"CHOQUE - DEFENSA, BARREIRA OU ""SUBMARINO""",IMPRUD. CONDUTOR-LEVOU FECHADA,AUTOMÓVEL=1,RIBEIRÃO PRETO,RIBEIRÃO PRETO,RIBEIRÃO PRETO,ESTADUAL
33013,2023-12-13,17:41:04,L29-VIAPAULISTA,SP330,311.1,NORTE,-21.17342913,-47.75653754,ENGAVETAMENTO,ENGAVETAMENTO,IMPRUD. CONDUTOR-DIST. INADEQUADA ENTRE VEÍC.,AUTOMÓVEL=3|CAMINHÃO=1,RIBEIRÃO PRETO,RIBEIRÃO PRETO,RIBEIRÃO PRETO,ESTADUAL
33014,2023-12-14,00:45:40,L29-VIAPAULISTA,SP330,254.5,SUL,-21.64519877,-47.61129349,COLISÃO,COLISÃO-TRASEIRA,IMPRUD. CONDUTOR,CAMINHÃO=2,SANTA RITA DO PASSA QUATRO,CENTRAL,RIBEIRÃO PRETO,ESTADUAL
33016,2023-12-15,02:05:26,L29-VIAPAULISTA,SP330,288.4,SUL,-21.36931976,-47.71410787,CHOQUE,"CHOQUE - DEFENSA, BARREIRA OU ""SUBMARINO""",IMPRUD. CONDUTOR-DORMIR AO VOLANTE,AUTOMÓVEL=1,CRAVINHOS,RIBEIRÃO PRETO,RIBEIRÃO PRETO,ESTADUAL
33017,2023-12-15,07:21:47,L29-VIAPAULISTA,SP330,313.7,SUL,-21.15100082,-47.75779625,COLISÃO,COLISÃO-TRASEIRA,IMPRUD. CONDUTOR-DIST. INADEQUADA ENTRE VEÍC.,AUTOMÓVEL=2,RIBEIRÃO PRETO,RIBEIRÃO PRETO,RIBEIRÃO PRETO,ESTADUAL
33020,2023-12-15,17:34:57,L29-VIAPAULISTA,SP330,310.0,NORTE,-21.18325207,-47.75705291,ENGAVETAMENTO,ENGAVETAMENTO,IMPRUD. CONDUTOR-DIST. INADEQUADA ENTRE VEÍC.,AUTOMÓVEL=1|CAMINHONETE=2|CAMINHÃO=2,RIBEIRÃO PRETO,RIBEIRÃO PRETO,RIBEIRÃO PRETO,ESTADUAL
33022,2023-12-15,21:10:50,L29-VIAPAULISTA,SP330,242.8,NORTE,-21.74421697,-47.5765166,TOMBAMENTO,TOMBAMENTO,ESTOURO/FURO DE PNEU,CAMINHONETE=1,SANTA RITA DO PASSA QUATRO,CENTRAL,RIBEIRÃO PRETO,ESTADUAL
33023,2023-12-16,00:59:11,L29-VIAPAULISTA,SP330,280.0,SUL,-21.42119184,-47.65888058,CHOQUE,CHOQUE-OBJETO NA PISTA,OBJETO NA PISTA,AUTOMÓVEL=1,SÃO SIMÃO,RIBEIRÃO PRETO,RIBEIRÃO PRETO,ESTADUAL
33030,2023-12-16,15:05:24,L29-VIAPAULISTA,SP330,250.5,SUL,-21.6799354,-47.60372457,COLISÃO,COLISÃO-TRASEIRA,IMPRUD. CONDUTOR-MUDANÇA DE FAIXA,AUTOMÓVEL=1|CAMINHÃO=2,SANTA RITA DO PASSA QUATRO,CENTRAL,RIBEIRÃO PRETO,ESTADUAL
33031,2023-12-16,19:56:09,L29-VIAPAULISTA,SP330,310.0,SUL,-21.18325207,-47.75705291,TOMBAMENTO,TOMBAMENTO,ESTOURO/FURO DE PNEU,MOTO=1,RIBEIRÃO PRETO,RIBEIRÃO PRETO,RIBEIRÃO PRETO,ESTADUAL
33032,2023-12-16,23:49:39,L29-VIAPAULISTA,SP330,300.5,SUL,-21.26923706,-47.75616702,ATROPELAMENTO DE ANIMAL,ATROP. ANIMAL,ANIMAL NA RODOVIA,CAMINHONETE=1,RIBEIRÃO PRETO,RIBEIRÃO PRETO,RIBEIRÃO PRETO,ESTADUAL
33034,2023-12-17,06:15:06,L29-VIAPAULISTA,SP330,314.0,NORTE,-21.14740664,-47.7585736,CHOQUE,"CHOQUE - DEFENSA, BARREIRA OU ""SUBMARINO""",NÃO INFORMADO,CAMINHONETE=1,RIBEIRÃO PRETO,RIBEIRÃO PRETO,RIBEIRÃO PRETO,ESTADUAL
33040,2023-12-17,19:00:37,L29-VIAPAULISTA,SP330,314.0,NORTE,-21.14740664,-47.7585736,COLISÃO,COLISÃO-FRONTAL,IMPRUD. CONDUTOR-TRAFEGAR NA CONTRAMÃO,BICICLETA=1|MOTO=1,RIBEIRÃO PRETO,RIBEIRÃO PRETO,RIBEIRÃO PRETO,ESTADUAL
33042,2023-12-18,06:28:37,L29-VIAPAULISTA,SP330,274.9,NORTE,-21.46429483,-47.64230099,COLISÃO,COLISÃO-TRASEIRA,NÃO INFORMADO,CAMINHONETE=1|CAMINHÃO=1,SÃO SIMÃO,RIBEIRÃO PRETO,RIBEIRÃO PRETO,ESTADUAL
33047,2023-12-18,17:54:48,L29-VIAPAULISTA,SP330,279.0,SUL,-21.42895522,-47.65401289,CHOQUE,"CHOQUE - DEFENSA, BARREIRA OU ""SUBMARINO""",IMPRUD. CONDUTOR-PERDA DE CONTROLE,CAMINHONETE=1,SÃO SIMÃO,RIBEIRÃO PRETO,RIBEIRÃO PRETO,ESTADUAL
33048,2023-12-18,17:33:12,L29-VIAPAULISTA,SP330,310.0,NORTE,-21.18325207,-47.75705291,COLISÃO,COLISÃO-TRASEIRA,IMPRUD. CONDUTOR-DIST. INADEQUADA ENTRE VEÍC.,CAMINHONETE=1|MOTO=1,RIBEIRÃO PRETO,RIBEIRÃO PRETO,RIBEIRÃO PRETO,ESTADUAL
33049,2023-12-18,19:10:58,L29-VIAPAULISTA,SP330,308.0,NORTE,-21.20127586,-47.75799848,TOMBAMENTO,TOMBAMENTO,IMPRUD. CONDUTOR-PERDA DE CONTROLE,MOTO=1,RIBEIRÃO PRETO,RIBEIRÃO PRETO,RIBEIRÃO PRETO,ESTADUAL
33054,2023-12-19,17:38:13,L29-VIAPAULISTA,SPA307/330,3.0,OESTE,-21.18945095,-47.78164317,COLISÃO,COLISÃO-TRASEIRA,IMPRUD. CONDUTOR-DIST. INADEQUADA ENTRE VEÍC.,AUTOMÓVEL=1|CAMINHONETE=1,RIBEIRÃO PRETO,RIBEIRÃO PRETO,RIBEIRÃO PRETO,ESTADUAL
33060,2023-12-21,01:18:59,L29-VIAPAULISTA,SP330,304.45,SUL,-21.23442409,-47.75942876,CHOQUE,"CHOQUE - DEFENSA, BARREIRA OU ""SUBMARINO""",IMPRUD. CONDUTOR-DORMIR AO VOLANTE,AUTOMÓVEL=1,RIBEIRÃO PRETO,RIBEIRÃO PRETO,RIBEIRÃO PRETO,ESTADUAL
33061,2023-12-21,05:51:47,L29-VIAPAULISTA,SP330,247.0,NORTE,-21.70962128,-47.59251196,COLISÃO,COLISÃO-TRASEIRA,IMPRUD. CONDUTOR,CAMINHONETE=1|CAMINHÃO=1,SANTA RITA DO PASSA QUATRO,CENTRAL,RIBEIRÃO PRETO,ESTADUAL
33062,2023-12-21,07:23:20,L29-VIAPAULISTA,SP330,312.0,SUL,-21.16522766,-47.75612218,TOMBAMENTO,TOMBAMENTO,ESTOURO/FURO DE PNEU,MOTO=1,RIBEIRÃO PRETO,RIBEIRÃO PRETO,RIBEIRÃO PRETO,ESTADUAL
33066,2023-12-21,14:04:48,L29-VIAPAULISTA,SP330,308.0,SUL,-21.20127586,-47.75799848,COLISÃO,COLISÃO-LATERAL,IMPRUD. CONDUTOR,AUTOMÓVEL=1|CAMINHÃO=1,RIBEIRÃO PRETO,RIBEIRÃO PRETO,RIBEIRÃO PRETO,ESTADUAL
33067,2023-12-21,12:27:46,L29-VIAPAULISTA,SP330,310.0,NORTE,-21.18325207,-47.75705291,COLISÃO,COLISÃO-LATERAL,IMPRUD. CONDUTOR,AUTOMÓVEL=1|CAMINHÃO=1,RIBEIRÃO PRETO,RIBEIRÃO PRETO,RIBEIRÃO PRETO,ESTADUAL
33068,2023-12-21,16:42:42,L29-VIAPAULISTA,SP330,315.0,NORTE,-21.13899781,-47.76203254,COLISÃO,COLISÃO-LATERAL,IMPRUD. CONDUTOR-DIST. INADEQUADA ENTRE VEÍC.,AUTOMÓVEL=1|NÃO INFORMADO=1,RIBEIRÃO PRETO,RIBEIRÃO PRETO,RIBEIRÃO PRETO,ESTADUAL
33069,2023-12-21,17:17:58,L29-VIAPAULISTA,SP330,311.0,NORTE,-21.17424017,-47.75658009,COLISÃO,COLISÃO-TRASEIRA,IMPRUD. CONDUTOR-DIST. INADEQUADA ENTRE VEÍC.,AUTOMÓVEL=1|MOTO=1,RIBEIRÃO PRETO,RIBEIRÃO PRETO,RIBEIRÃO PRETO,ESTADUAL
33070,2023-12-21,18:21:29,L29-VIAPAULISTA,SP330,310.0,NORTE,-21.18325207,-47.75705291,COLISÃO,COLISÃO-TRASEIRA,IMPRUD. CONDUTOR-DIST. INADEQUADA ENTRE VEÍC.,AUTOMÓVEL=1|MOTO=1,RIBEIRÃO PRETO,RIBEIRÃO PRETO,RIBEIRÃO PRETO,ESTADUAL
33071,2023-12-21,19:22:07,L29-VIAPAULISTA,SP330,314.0,NORTE,-21.14740664,-47.7585736,TOMBAMENTO,TOMBAMENTO,ESTOURO/FURO DE PNEU,MOTO=1,RIBEIRÃO PRETO,RIBEIRÃO PRETO,RIBEIRÃO PRETO,ESTADUAL
33072,2023-12-22,05:22:07,L29-VIAPAULISTA,SP330,310.6,SUL,-21.17879261,-47.75695009,TOMBAMENTO,TOMBAMENTO,ÓLEO NA PISTA,MOTO=2,RIBEIRÃO PRETO,RIBEIRÃO PRETO,RIBEIRÃO PRETO,ESTADUAL
33073,2023-12-22,02:01:05,L29-VIAPAULISTA,SP330,273.85,SUL,-21.4741145,-47.64042808,CHOQUE,CHOQUE-TALUDE OU BARRANCO,CONDIÇÃO CLIMÁTICA,AUTOMÓVEL=2|CAMINHÃO=1|ÔNIBUS=1,SÃO SIMÃO,RIBEIRÃO PRETO,RIBEIRÃO PRETO,ESTADUAL
33076,2023-12-22,11:45:29,L29-VIAPAULISTA,SP330,281.0,SUL,-21.41393659,-47.66460571,COLISÃO,COLISÃO-TRASEIRA,IMPRUD. CONDUTOR,CAMINHONETE=1|NÃO INFORMADO=1,SÃO SIMÃO,RIBEIRÃO PRETO,RIBEIRÃO PRETO,ESTADUAL
33079,2023-12-22,15:36:10,L29-VIAPAULISTA,SPA318/330,1.0,NORTE,-21.119958,-47.78591,TOMBAMENTO,TOMBAMENTO,IMPRUD. CONDUTOR-LEVOU FECHADA,MOTO=1,RIBEIRÃO PRETO,RIBEIRÃO PRETO,RIBEIRÃO PRETO,ESTADUAL
33080,2023-12-22,16:28:22,L29-VIAPAULISTA,SP330,307.0,NORTE,-21.21028775,-47.75847123,TOMBAMENTO,TOMBAMENTO,ÓLEO NA PISTA,MOTO=1,RIBEIRÃO PRETO,RIBEIRÃO PRETO,RIBEIRÃO PRETO,ESTADUAL
33082,2023-12-22,16:11:33,L29-VIAPAULISTA,SP330,301.0,SUL,-21.2638089,-47.75509484,COLISÃO,COLISÃO-TRASEIRA,IMPRUD. CONDUTOR-DORMIR AO VOLANTE,CAMINHONETE=1|CAMINHÃO=1,RIBEIRÃO PRETO,RIBEIRÃO PRETO,RIBEIRÃO PRETO,ESTADUAL
33083,2023-12-22,16:37:55,L29-VIAPAULISTA,SP330,308.0,SUL,-21.20127586,-47.75799848,COLISÃO,COLISÃO-TRASEIRA,IMPRUD. CONDUTOR-DIST. INADEQUADA ENTRE VEÍC.,AUTOMÓVEL=2,RIBEIRÃO PRETO,RIBEIRÃO PRETO,RIBEIRÃO PRETO,ESTADUAL
33087,2023-12-23,06:10:23,L29-VIAPAULISTA,SP330,248.8,NORTE,-21.69432322,-47.59809302,CHOQUE,CHOQUE-OUTROS,IMPRUD. CONDUTOR-PERDA DE CONTROLE,AUTOMÓVEL=1|CAMINHÃO=1,SANTA RITA DO PASSA QUATRO,CENTRAL,RIBEIRÃO PRETO,ESTADUAL
33088,2023-12-23,06:04:13,L29-VIAPAULISTA,SP330,247.0,NORTE,-21.70962128,-47.59251196,COLISÃO,COLISÃO-LATERAL,IMPRUD. CONDUTOR,AUTOMÓVEL=1|CAMINHONETE=1|CAMINHÃO=1,SANTA RITA DO PASSA QUATRO,CENTRAL,RIBEIRÃO PRETO,ESTADUAL
33089,2023-12-23,08:45:08,L29-VIAPAULISTA,SP330,253.0,NORTE,-21.65807187,-47.60906381,COLISÃO,COLISÃO-TRASEIRA,IMPRUD. CONDUTOR-DIST. INADEQUADA ENTRE VEÍC.,AUTOMÓVEL=2,SANTA RITA DO PASSA QUATRO,CENTRAL,RIBEIRÃO PRETO,ESTADUAL
33090,2023-12-23,10:48:25,L29-VIAPAULISTA,SP330,311.0,SUL,-21.17424017,-47.75658009,COLISÃO,COLISÃO-TRASEIRA,IMPRUD. CONDUTOR,AUTOMÓVEL=2,RIBEIRÃO PRETO,RIBEIRÃO PRETO,RIBEIRÃO PRETO,ESTADUAL
33091,2023-12-23,12:08:57,L29-VIAPAULISTA,SP330,279.0,NORTE,-21.42895522,-47.65401289,CHOQUE,CHOQUE-ELEMENTO DE DRENAGEM,IMPRUD. CONDUTOR-LEVOU FECHADA,CAMINHÃO=1,SÃO SIMÃO,RIBEIRÃO PRETO,RIBEIRÃO PRETO,ESTADUAL
33092,2023-12-23,14:36:30,L29-VIAPAULISTA,SP330,307.0,SUL,-21.21028775,-47.75847123,CHOQUE,CHOQUE-ELEMENTO DE DRENAGEM,CONDIÇÃO CLIMÁTICA,AUTOMÓVEL=1,RIBEIRÃO PRETO,RIBEIRÃO PRETO,RIBEIRÃO PRETO,ESTADUAL
33094,2023-12-23,19:41:55,L29-VIAPAULISTA,SP330,245.0,SUL,-21.72669774,-47.58628027,COLISÃO,COLISÃO-TRASEIRA,IMPRUD. CONDUTOR,AUTOMÓVEL=1|CAMINHÃO=1,SANTA RITA DO PASSA QUATRO,CENTRAL,RIBEIRÃO PRETO,ESTADUAL
33102,2023-12-25,15:19:30,L29-VIAPAULISTA,SP330,302.0,NORTE,-21.25492402,-47.75467227,COLISÃO,COLISÃO-TRASEIRA,IMPRUD. CONDUTOR-DORMIR AO VOLANTE,AUTOMÓVEL=2,RIBEIRÃO PRETO,RIBEIRÃO PRETO,RIBEIRÃO PRETO,ESTADUAL
33105,2023-12-26,15:09:44,L29-VIAPAULISTA,SP330,307.0,NORTE,-21.21028775,-47.75847123,CHOQUE,"CHOQUE - DEFENSA, BARREIRA OU ""SUBMARINO""",CONDIÇÃO CLIMÁTICA,CAMINHONETE=1,RIBEIRÃO PRETO,RIBEIRÃO PRETO,RIBEIRÃO PRETO,ESTADUAL
33107,2023-12-27,10:05:38,L29-VIAPAULISTA,SP330,312.0,NORTE,-21.16522766,-47.75612218,COLISÃO,COLISÃO-LATERAL,IMPRUD. CONDUTOR,CAMINHÃO=1|MOTO=1,RIBEIRÃO PRETO,RIBEIRÃO PRETO,RIBEIRÃO PRETO,ESTADUAL
33109,2023-12-27,19:08:30,L29-VIAPAULISTA,SP330,317.0,NORTE,-21.12372256,-47.7722362,COLISÃO,COLISÃO-TRASEIRA,IMPRUD. CONDUTOR,MOTO=2,RIBEIRÃO PRETO,RIBEIRÃO PRETO,RIBEIRÃO PRETO,ESTADUAL
33111,2023-12-28,05:40:28,L29-VIAPAULISTA,SP330,312.5,SUL,-21.16162113,-47.75627826,COLISÃO,COLISÃO-TRASEIRA,IMPRUD. CONDUTOR-LEVOU FECHADA,MOTO=2,RIBEIRÃO PRETO,RIBEIRÃO PRETO,RIBEIRÃO PRETO,ESTADUAL
33112,2023-12-28,06:23:21,L29-VIAPAULISTA,SP330,253.0,NORTE,-21.65807187,-47.60906381,COLISÃO,COLISÃO-TRASEIRA,IMPRUD. CONDUTOR-DIST. INADEQUADA ENTRE VEÍC.,CAMINHONETE=1|ÔNIBUS=1,SANTA RITA DO PASSA QUATRO,CENTRAL,RIBEIRÃO PRETO,ESTADUAL
33120,2023-12-30,08:05:48,L29-VIAPAULISTA,SP330,253.0,NORTE,-21.65807187,-47.60906381,COLISÃO,COLISÃO-TRASEIRA,IMPRUD. CONDUTOR,AUTOMÓVEL=2,SANTA RITA DO PASSA QUATRO,CENTRAL,RIBEIRÃO PRETO,ESTADUAL
33124,2023-12-30,13:01:32,L29-VIAPAULISTA,SP330,307.5,NORTE,-21.20587184,-47.75823958,TOMBAMENTO,TOMBAMENTO,IMPRUD. CONDUTOR-PERDA DE CONTROLE,MOTO=1,RIBEIRÃO PRETO,RIBEIRÃO PRETO,RIBEIRÃO PRETO,ESTADUAL
33127,2023-12-31,02:06:25,L29-VIAPAULISTA,SP330,290.8,NORTE,-21.34962958,-47.72406334,COLISÃO,COLISÃO-LATERAL,IMPRUD. CONDUTOR-LEVOU FECHADA,AUTOMÓVEL=1|NÃO INFORMADO=1,CRAVINHOS,RIBEIRÃO PRETO,RIBEIRÃO PRETO,ESTADUAL
33131,2023-12-31,14:58:57,L29-VIAPAULISTA,SP330,307.0,NORTE,-21.21028775,-47.75847123,CHOQUE,"CHOQUE - DEFENSA, BARREIRA OU ""SUBMARINO""",PANE MECÂNICA/ELÉTRICA,AUTOMÓVEL=1,RIBEIRÃO PRETO,RIBEIRÃO PRETO,RIBEIRÃO PRETO,ESTADUAL
33132,2023-12-31,14:41:31,L29-VIAPAULISTA,SP330,307.0,NORTE,-21.21028775,-47.75847123,CHOQUE,CHOQUE-ELEMENTO DE DRENAGEM,CONDIÇÃO CLIMÁTICA,AUTOMÓVEL=1,RIBEIRÃO PRETO,RIBEIRÃO PRETO,RIBEIRÃO PRETO,ESTADUAL
33133,2023-12-31,15:26:08,L29-VIAPAULISTA,SP330,307.0,NORTE,-21.21028775,-47.75847123,CHOQUE,"CHOQUE - DEFENSA, BARREIRA OU ""SUBMARINO""",IMPRUD. CONDUTOR-PERDA DE CONTROLE,AUTOMÓVEL=1,RIBEIRÃO PRETO,RIBEIRÃO PRETO,RIBEIRÃO PRETO,ESTADUAL
37955,2023-01-25,21:45:25,L01-AUTOBAN,SPM330D,120.6,NORTE,-22.75272144,-47.25871412,TOMBAMENTO,TOMBAMENTO-MOTO,NÃO INFORMADO,MOTO=1,AMERICANA,NÃO INFORMADO,NÃO INFORMADO,NÃO INFORMADO
37956,2023-01-27,20:17:44,L01-AUTOBAN,SPM330E,25.6,SUL,-23.42317521,-46.79167063,COLISÃO,COLISÃO-LATERAL,NÃO INFORMADO,AUTOMÓVEL=1|NÃO INFORMADO=1,SÃO PAULO,NÃO INFORMADO,NÃO INFORMADO,NÃO INFORMADO
37957,2023-03-12,03:35:56,L01-AUTOBAN,SPM330E,25.3,SUL,-23.42487761,-46.78964131,CHOQUE,CHOQUE-DEFENSA METÁLICA,NÃO INFORMADO,AUTOMÓVEL=1,SÃO PAULO,NÃO INFORMADO,NÃO INFORMADO,NÃO INFORMADO
37958,2023-03-16,19:25:14,L01-AUTOBAN,SPM330D,25.3,NORTE,-23.42444089,-46.78964863,CHOQUE,CHOQUE-MEIO FIO/CALÇAMENTO,NÃO INFORMADO,UTILITÁRIO=1,SÃO PAULO,NÃO INFORMADO,NÃO INFORMADO,NÃO INFORMADO
37959,2023-06-01,05:39:37,L01-AUTOBAN,SPM330D,36.0,NORTE,-23.360169,-46.848369,COLISÃO,COLISÃO-FRONTAL,NÃO INFORMADO,AUTOMÓVEL=1|UTILITÁRIO=1,CAJAMAR,NÃO INFORMADO,NÃO INFORMADO,NÃO INFORMADO
37960,2023-06-10,20:47:15,L01-AUTOBAN,SPM330D,25.5,NORTE,-23.42331681,-46.79105306,CHOQUE,CHOQUE-MEIO FIO/CALÇAMENTO,NÃO INFORMADO,AUTOMÓVEL=1|MOTO=1,SÃO PAULO,NÃO INFORMADO,NÃO INFORMADO,NÃO INFORMADO
37961,2023-06-18,01:59:10,L01-AUTOBAN,SPM330E,25.4,SUL,-23.42431014,-46.79031775,CHOQUE,CHOQUE-DEFENSA METÁLICA,NÃO INFORMADO,AUTOMÓVEL=1,SÃO PAULO,NÃO INFORMADO,NÃO INFORMADO,NÃO INFORMADO
37962,2023-06-21,15:13:00,L01-AUTOBAN,SPM330D,25.4,NORTE,-23.42387885,-46.79035085,COLISÃO,COLISÃO-LATERAL,NÃO INFORMADO,AUTOMÓVEL=1|CARRETA=1,SÃO PAULO,NÃO INFORMADO,NÃO INFORMADO,NÃO INFORMADO
37963,2023-06-28,05:43:17,L01-AUTOBAN,SPM330D,25.4,NORTE,-23.42387885,-46.79035085,COLISÃO,COLISÃO-TRASEIRA,NÃO INFORMADO,MOTO=2,SÃO PAULO,NÃO INFORMADO,NÃO INFORMADO,NÃO INFORMADO
37964,2023-07-04,21:22:29,L01-AUTOBAN,SPM330D,25.5,NORTE,-23.42331681,-46.79105306,CHOQUE,CHOQUE-MEIO FIO/CALÇAMENTO,NÃO INFORMADO,AUTOMÓVEL=1,SÃO PAULO,NÃO INFORMADO,NÃO INFORMADO,NÃO INFORMADO
37965,2023-07-09,11:36:11,L01-AUTOBAN,SPM330D,25.4,NORTE,-23.42387885,-46.79035085,CHOQUE,CHOQUE-DEFENSA METÁLICA,NÃO INFORMADO,MOTO=1,SÃO PAULO,NÃO INFORMADO,NÃO INFORMADO,NÃO INFORMADO
37966,2023-07-15,00:04:44,L01-AUTOBAN,SPM330D,60.0,NORTE,-23.18100029,-46.91146016,CHOQUE,CHOQUE-DEFENSA METÁLICA,NÃO INFORMADO,AUTOMÓVEL=2,JUNDIAÍ,NÃO INFORMADO,NÃO INFORMADO,NÃO INFORMADO
37967,2023-07-15,13:30:27,L01-AUTOBAN,SPM330D,60.0,NORTE,-23.18100029,-46.91146016,COLISÃO,COLISÃO-LATERAL,NÃO INFORMADO,AUTOMÓVEL=1|MOTO=1,JUNDIAÍ,NÃO INFORMADO,NÃO INFORMADO,NÃO INFORMADO
37968,2023-09-09,10:57:13,L01-AUTOBAN,SPM330E,120.1,SUL,-22.75628823,-47.25538694,TOMBAMENTO,TOMBAMENTO-MOTO,NÃO INFORMADO,MOTO=1,AMERICANA,NÃO INFORMADO,NÃO INFORMADO,NÃO INFORMADO
37969,2023-09-10,01:21:45,L01-AUTOBAN,SPM330D,25.3,NORTE,-23.42444089,-46.78964863,CHOQUE,CHOQUE-MEIO FIO/CALÇAMENTO,NÃO INFORMADO,AUTOMÓVEL=1,SÃO PAULO,NÃO INFORMADO,NÃO INFORMADO,NÃO INFORMADO
37970,2023-09-16,04:12:26,L01-AUTOBAN,SPM330E,25.4,SUL,-23.42431014,-46.79031775,CHOQUE,CHOQUE-TALUDE OU BARRANCO,NÃO INFORMADO,MOTO=1,SÃO PAULO,NÃO INFORMADO,NÃO INFORMADO,NÃO INFORMADO
37971,2023-10-07,13:40:30,L01-AUTOBAN,SPM330E,97.7,SUL,-22.89868536,-47.11002033,CHOQUE,CHOQUE-BARREIRA DE CONCRETO,NÃO INFORMADO,AUTOMÓVEL=1,CAMPINAS,NÃO INFORMADO,NÃO INFORMADO,NÃO INFORMADO
37972,2023-10-16,15:08:44,L01-AUTOBAN,SPM330E,11.5,SUL,-23.50987561,-46.72945587,TOMBAMENTO,TOMBAMENTO-MOTO,NÃO INFORMADO,MOTO=1,SÃO PAULO,NÃO INFORMADO,NÃO INFORMADO,NÃO INFORMADO
37973,2023-10-23,09:33:44,L01-AUTOBAN,SPM330E,11.5,SUL,-23.50987561,-46.72945587,ENGAVETAMENTO,ENGAVETAMENTO,NÃO INFORMADO,AUTOMÓVEL=2|CAMINHÃO=1,SÃO PAULO,NÃO INFORMADO,NÃO INFORMADO,NÃO INFORMADO
37974,2023-10-26,18:26:18,L01-AUTOBAN,SPM330D,119.0,NORTE,-22.7632171,-47.24778235,TOMBAMENTO,TOMBAMENTO-MOTO,NÃO INFORMADO,MOTO=1,NOVA ODESSA,NÃO INFORMADO,NÃO INFORMADO,NÃO INFORMADO
37975,2023-11-03,18:08:23,L01-AUTOBAN,SPM330D,25.54,NORTE,-23.42309199,-46.79133396,COLISÃO,COLISÃO-LATERAL,NÃO INFORMADO,CAMINHÃO=1|MOTO=1,SÃO PAULO,NÃO INFORMADO,NÃO INFORMADO,NÃO INFORMADO
37976,2023-11-17,18:48:59,L01-AUTOBAN,SPM330D,60.0,NORTE,-23.18100029,-46.91146016,TOMBAMENTO,TOMBAMENTO-MOTO,NÃO INFORMADO,MOTO=1,JUNDIAÍ,NÃO INFORMADO,NÃO INFORMADO,NÃO INFORMADO
37977,2023-11-19,07:30:07,L01-AUTOBAN,SPM330D,25.5,NORTE,-23.42331681,-46.79105306,CHOQUE,CHOQUE-DEFENSA METÁLICA,NÃO INFORMADO,AUTOMÓVEL=1,SÃO PAULO,NÃO INFORMADO,NÃO INFORMADO,NÃO INFORMADO
37978,2023-11-22,17:22:41,L01-AUTOBAN,SPM330D,59.8,NORTE,-23.18258616,-46.91048169,COLISÃO,COLISÃO-LATERAL,NÃO INFORMADO,AUTOMÓVEL=1|MOTO=1,JUNDIAÍ,NÃO INFORMADO,NÃO INFORMADO,NÃO INFORMADO
37979,2023-12-16,17:26:53,L01-AUTOBAN,SPM330D,25.4,NORTE,-23.42387885,-46.79035085,TOMBAMENTO,TOMBAMENTO-MOTO,NÃO INFORMADO,MOTO=1,SÃO PAULO,NÃO INFORMADO,NÃO INFORMADO,NÃO INFORMADO
38042,2023-01-27,23:10:55,L29-VIAPAULISTA,SPA307/330,3.5,LESTE,-21.18909614,-47.78226182,ENGAVETAMENTO,ENGAVETAMENTO,IMPRUD. CONDUTOR-LEVOU FECHADA,AUTOMÓVEL=2|MOTO=2,RIBEIRÃO PRETO,NÃO INFORMADO,NÃO INFORMADO,NÃO INFORMADO
