DATAHORA,CHUVA,VENTO,RAJADA,CODIGO_TEMPO
2023-01-01 00:42:28,0.0,5.6,11.2,0
2023-01-01 05:06:43,0.0,8.0,13.0,0
2023-01-01 05:44:07,0.0,6.4,11.2,0
2023-01-01 08:49:14,0.0,6.9,18.0,0
2023-01-01 14:50:36,0.0,6.3,17.6,3
2023-01-01 19:52:57,0.0,10.5,18.7,1
2023-01-01 20:28:06,0.0,7.7,14.0,0
2023-01-01 21:57:35,0.0,6.9,16.2,0
2023-01-02 00:27:28,0.0,6.5,13.0,2
2023-01-02 01:36:05,0.0,5.4,15.8,0
2023-01-02 06:11:12,0.0,8.3,12.6,3
2023-01-02 07:05:29,0.0,4.3,12.2,3
2023-01-02 09:01:18,0.0,12.2,27.4,3
2023-01-02 09:59:43,0.0,14.1,25.2,3
2023-01-02 13:12:00,0.1,11.6,28.1,51
2023-01-02 15:39:37,0.1,9.1,25.6,51
2023-01-02 18:54:38,0.0,11.4,24.8,3
2023-01-02 19:33:09,0.0,7.6,20.9,3
2023-01-02 20:57:48,0.4,11.8,25.9,51
2023-01-02 22:38:21,0.0,6.9,13.3,3
2023-01-03 09:02:36,0.0,13.1,27.7,3
2023-01-03 10:11:58,0.1,20.9,39.2,51
2023-01-03 12:10:36,0.0,16.3,38.9,3
2023-01-03 14:15:56,0.0,14.2,35.6,3
2023-01-03 17:02:30,0.1,7.8,19.8,51
2023-01-03 18:13:00,4.1,9.5,20.2,63
2023-01-03 18:18:41,0.3,5.8,20.5,51
2023-01-03 20:58:18,0.0,5.9,9.7,3
2023-01-04 03:15:58,0.0,8.7,14.8,3
2023-01-04 06:40:13,0.0,10.5,18.4,3
2023-01-04 07:29:53,2.2,9.8,20.2,61
2023-01-04 07:50:31,0.0,13.2,26.3,3
2023-01-04 11:06:39,0.4,18.1,36.4,51
2023-01-04 11:17:00,0.2,19.9,41.8,51
2023-01-04 15:15:54,0.1,15.1,38.2,51
2023-01-04 15:28:02,0.1,13.2,37.4,51
2023-01-04 15:58:06,0.2,15.7,40.0,51
2023-01-04 23:28:26,0.8,16.6,28.1,53
2023-01-05 06:47:29,0.7,15.3,25.6,53
2023-01-05 06:53:57,2.0,14.3,27.4,61
2023-01-05 07:45:01,1.5,16.2,29.9,61
2023-01-05 09:37:57,0.1,12.4,24.8,51
2023-01-05 11:55:23,0.4,6.5,16.2,51
2023-01-05 14:53:06,0.1,14.9,32.0,51
2023-01-05 16:53:21,0.0,20.8,38.5,3
2023-01-05 17:07:53,0.3,18.6,39.6,51
2023-01-05 17:13:34,2.2,14.5,27.7,61
2023-01-05 17:42:53,0.2,16.7,36.0,51
2023-01-05 21:41:18,0.1,20.6,36.7,51
2023-01-06 03:33:28,0.3,16.1,28.4,51
2023-01-06 10:43:05,0.2,21.6,48.6,51
2023-01-06 10:47:21,0.8,23.0,47.9,53
2023-01-06 16:34:56,0.0,22.6,45.4,3
2023-01-06 18:26:43,0.0,23.8,46.1,3
2023-01-06 19:44:07,0.0,22.9,46.1,3
2023-01-06 19:57:03,0.0,22.9,46.1,3
2023-01-06 22:19:12,0.0,16.6,39.2,3
2023-01-06 23:03:14,0.0,18.0,34.6,3
2023-01-07 01:24:28,0.0,17.1,40.7,3
2023-01-07 01:27:29,0.0,17.1,33.5,3
2023-01-07 04:09:22,0.0,22.2,40.0,3
2023-01-07 04:57:36,0.6,13.8,24.8,53
2023-01-07 06:19:21,0.6,13.2,26.3,53
2023-01-07 10:14:37,0.0,20.7,41.8,3
2023-01-07 15:47:35,0.0,13.8,30.2,3
2023-01-07 17:05:57,0.0,16.0,31.7,3
2023-01-07 19:00:39,0.0,11.6,26.6,3
2023-01-08 00:40:58,0.0,16.2,32.0,3
2023-01-08 02:20:23,0.0,14.2,27.0,3
2023-01-08 18:33:52,0.1,15.9,28.8,51
2023-01-08 18:54:00,0.0,17.6,30.6,3
2023-01-08 19:05:08,0.0,14.0,25.9,3
2023-01-08 19:06:39,0.1,14.2,33.8,51
2023-01-08 21:19:12,0.1,16.1,30.2,51
2023-01-08 22:15:08,0.0,13.0,24.8,3
2023-01-08 22:52:37,0.0,14.7,28.1,3
2023-01-08 23:56:28,0.0,16.3,32.8,3
2023-01-09 03:01:54,2.3,9.7,18.7,61
2023-01-09 03:52:08,0.0,13.2,22.0,3
2023-01-09 06:28:27,0.0,12.9,22.7,3
2023-01-09 08:20:30,0.0,14.2,27.0,3
2023-01-09 12:56:01,0.2,7.6,27.0,51
2023-01-09 15:30:33,2.9,9.1,28.4,63
2023-01-09 15:39:35,0.1,5.4,20.2,51
2023-01-09 16:32:54,5.4,6.4,22.0,63
2023-01-09 17:49:34,0.2,4.7,23.8,51
2023-01-09 18:10:33,0.9,8.6,17.3,53
2023-01-09 22:30:00,0.2,5.0,13.0,51
2023-01-09 23:46:39,0.2,7.6,15.8,51
2023-01-10 06:20:57,0.9,7.4,15.1,53
2023-01-10 06:43:50,0.3,6.1,11.9,51
2023-01-10 06:54:07,0.0,6.0,9.7,3
2023-01-10 08:13:01,0.1,5.4,12.2,51
2023-01-10 08:17:36,0.0,9.7,17.3,3
2023-01-10 08:25:32,0.4,11.8,21.2,51
2023-01-10 12:04:13,0.3,14.1,32.8,51
2023-01-10 13:56:19,0.3,12.0,32.8,51
2023-01-10 14:23:34,0.3,12.8,32.0,51
2023-01-10 18:10:40,0.0,3.8,23.4,3
2023-01-10 18:39:57,0.1,0.5,12.2,51
2023-01-10 22:32:28,0.0,5.6,7.6,3
2023-01-10 23:27:11,0.0,4.7,12.6,3
2023-01-11 02:30:01,0.0,6.4,9.4,3
2023-01-11 06:44:11,0.0,7.3,12.2,3
2023-01-11 07:51:27,0.1,8.2,15.5,51
2023-01-11 07:53:39,0.0,9.8,20.5,3
2023-01-11 08:21:59,0.1,7.6,15.5,51
2023-01-11 08:24:47,0.1,9.0,18.4,51
2023-01-11 08:40:30,0.0,10.0,19.4,3
2023-01-11 11:42:42,0.9,23.2,37.8,53
2023-01-11 11:54:32,0.7,24.8,40.0,53
2023-01-11 12:20:31,0.8,22.2,40.3,53
2023-01-11 16:12:14,3.8,8.3,31.0,63
2023-01-11 18:25:20,0.0,5.6,22.7,3
2023-01-12 02:43:56,0.0,6.6,11.5,3
2023-01-12 04:49:02,0.0,11.4,20.9,3
2023-01-12 10:08:31,0.1,20.7,40.3,51
2023-01-12 13:06:37,4.2,20.1,36.0,63
2023-01-12 15:24:32,1.0,6.7,34.2,55
2023-01-12 22:09:37,0.0,5.2,13.0,3
2023-01-12 23:35:25,0.0,6.0,14.8,2
2023-01-12 23:56:06,0.0,5.0,11.9,2
2023-01-13 01:44:12,0.0,6.0,8.3,1
2023-01-13 02:25:16,0.0,6.4,12.6,3
2023-01-13 06:29:32,0.0,12.4,20.2,3
2023-01-13 06:45:26,1.7,1.8,14.0,61
2023-01-13 07:24:53,0.0,17.4,32.4,3
2023-01-13 10:32:26,0.2,10.4,25.9,51
2023-01-13 17:44:03,2.6,6.9,25.2,63
2023-01-13 19:25:57,0.0,4.8,13.3,3
2023-01-13 22:17:42,3.1,8.9,17.6,63
2023-01-13 22:39:15,3.3,8.4,17.6,63
2023-01-14 00:31:43,0.4,5.6,13.7,51
2023-01-14 05:21:29,0.2,14.2,29.5,51
2023-01-14 05:41:37,0.2,14.2,29.5,51
2023-01-14 08:07:32,0.0,18.4,34.9,3
2023-01-14 10:25:13,0.1,13.1,28.1,51
2023-01-14 14:06:59,0.0,18.7,41.0,3
2023-01-14 15:17:10,0.0,12.9,37.8,3
2023-01-14 15:56:00,0.1,13.7,32.0,51
2023-01-14 16:22:00,0.0,9.5,24.8,1
2023-01-14 20:08:31,0.0,7.3,12.2,3
2023-01-14 20:15:19,0.0,4.1,10.8,3
2023-01-14 21:19:42,0.0,3.9,11.9,3
2023-01-15 02:43:12,0.0,5.4,8.3,3
2023-01-15 07:41:45,0.0,6.3,13.0,3
2023-01-15 12:47:11,0.0,11.0,29.9,3
2023-01-15 16:36:32,2.4,6.4,28.1,61
2023-01-15 17:40:17,0.1,6.1,23.0,51
2023-01-15 19:38:18,0.0,4.8,10.1,3
2023-01-15 19:59:46,0.0,3.2,10.1,3
2023-01-15 21:48:54,0.0,4.9,7.6,3
2023-01-15 22:48:14,0.1,7.4,18.0,51
2023-01-16 06:09:33,0.0,3.3,3.2,3
2023-01-16 07:51:19,0.0,4.7,11.2,3
2023-01-16 09:15:27,0.0,5.1,14.8,3
2023-01-16 09:29:44,0.0,5.1,14.8,3
2023-01-16 11:56:13,0.0,4.2,17.6,3
2023-01-16 15:46:37,0.1,2.6,18.7,51
2023-01-16 16:15:15,1.4,9.2,26.3,61
2023-01-16 16:44:55,0.1,6.4,27.0,51
2023-01-16 16:58:07,2.2,11.3,28.1,61
2023-01-16 17:57:21,0.3,1.3,25.2,51
2023-01-16 19:08:25,0.1,1.3,7.9,51
2023-01-16 19:51:10,0.1,6.1,21.2,51
2023-01-16 22:48:33,0.0,6.5,12.6,3
2023-01-17 04:00:16,0.0,10.3,17.6,3
2023-01-17 08:31:48,0.0,10.1,19.8,2
2023-01-17 10:53:40,0.0,9.9,23.8,3
2023-01-17 11:36:18,0.0,7.9,20.5,0
2023-01-17 11:49:54,0.2,10.1,24.8,51
2023-01-17 14:47:56,0.0,3.7,15.1,1
2023-01-17 18:27:27,1.5,11.3,34.6,61
2023-01-17 18:40:42,1.5,11.3,34.6,61
2023-01-17 18:51:49,0.2,11.7,27.0,51
2023-01-17 20:54:00,0.0,9.8,17.3,3
2023-01-18 07:26:26,0.0,12.2,24.8,3
2023-01-18 08:07:56,0.0,7.1,17.6,1
2023-01-18 08:31:01,0.0,11.3,24.8,3
2023-01-18 08:37:15,0.0,7.2,19.4,0
2023-01-18 09:34:35,0.0,5.4,14.4,0
2023-01-18 11:10:15,0.0,8.7,22.7,0
2023-01-18 16:11:07,0.0,3.7,19.8,2
2023-01-18 17:03:23,0.1,11.0,25.6,51
2023-01-18 18:25:29,0.2,14.8,32.4,51
2023-01-18 18:29:23,0.0,11.5,33.8,3
2023-01-18 18:39:24,0.1,5.6,32.8,51
2023-01-18 19:46:07,0.0,5.8,14.0,3
2023-01-18 20:05:29,0.0,9.3,19.1,3
2023-01-18 21:58:36,0.0,14.3,22.3,0
2023-01-18 22:17:51,0.0,8.8,23.0,3
2023-01-18 23:37:43,0.0,10.5,23.8,1
2023-01-19 01:39:18,0.0,10.5,18.0,2
2023-01-19 05:03:40,0.0,6.2,14.0,3
2023-01-19 07:21:04,0.0,1.9,8.3,3
2023-01-19 10:33:33,0.0,12.2,27.7,3
2023-01-19 13:42:02,0.0,6.3,23.8,3
2023-01-19 16:00:57,0.3,10.1,20.2,51
2023-01-19 16:24:52,0.0,8.6,19.4,2
2023-01-19 17:01:18,6.1,19.7,42.1,63
2023-01-19 17:04:41,0.2,14.0,28.4,51
2023-01-19 17:21:04,0.2,5.9,15.1,51
2023-01-19 18:40:08,0.0,5.3,12.6,3
2023-01-19 20:10:05,0.0,5.7,7.9,2
2023-01-20 01:41:43,0.7,5.8,9.7,53
2023-01-20 07:05:53,0.0,4.0,9.7,3
2023-01-20 09:53:01,0.1,11.9,19.4,51
2023-01-20 13:56:23,0.1,16.1,38.9,51
2023-01-20 14:11:00,6.2,10.0,23.0,63
2023-01-20 15:24:18,2.9,13.6,37.1,63
2023-01-20 19:16:28,0.9,4.2,13.0,53
2023-01-20 21:33:50,0.0,9.0,4.3,2
2023-01-20 23:30:12,0.0,9.1,16.6,3
2023-01-21 01:16:40,0.0,5.8,9.7,0
2023-01-21 01:57:55,0.0,10.5,18.7,0
2023-01-21 03:00:21,0.0,5.6,10.8,3
2023-01-21 05:35:18,0.0,9.0,19.4,3
2023-01-21 07:28:26,0.0,8.8,20.2,3
2023-01-21 09:01:27,0.2,14.3,23.0,51
2023-01-21 10:25:34,0.2,14.0,32.4,51
2023-01-21 13:25:35,2.4,20.4,40.3,61
2023-01-21 14:31:54,0.9,11.2,40.7,53
2023-01-21 17:14:55,0.0,6.2,28.1,3
2023-01-21 17:36:21,0.8,3.3,28.8,53
2023-01-21 18:45:21,0.1,9.2,22.0,51
2023-01-21 19:18:27,0.0,5.6,11.5,2
2023-01-21 19:26:01,0.3,4.1,12.2,51
2023-01-21 20:07:23,0.0,4.9,7.6,3
2023-01-21 20:46:37,0.0,5.5,9.0,3
2023-01-21 22:57:32,0.0,1.8,4.0,3
2023-01-21 23:47:26,0.5,9.2,23.8,53
2023-01-22 02:04:52,0.4,7.5,13.7,51
2023-01-22 02:56:02,0.0,11.5,18.4,3
2023-01-22 03:23:38,0.0,8.3,15.8,3
2023-01-22 03:35:42,0.0,10.3,20.5,3
2023-01-22 14:42:15,0.2,8.7,26.3,51
2023-01-22 19:04:41,0.0,4.8,7.2,0
2023-01-23 01:29:57,0.0,7.6,13.3,1
2023-01-23 05:00:14,0.0,6.1,15.5,1
2023-01-23 05:18:26,0.0,6.0,10.1,3
2023-01-23 07:03:43,0.0,11.2,21.6,3
2023-01-23 07:09:26,1.2,8.1,16.9,55
2023-01-23 09:58:43,0.1,13.0,25.2,51
2023-01-23 15:17:04,0.0,9.8,24.8,3
2023-01-23 15:54:17,0.0,14.3,29.5,3
2023-01-23 16:15:37,0.4,9.5,29.2,51
2023-01-23 16:17:29,0.8,14.8,26.6,53
2023-01-23 17:49:38,1.0,7.9,27.7,55
2023-01-23 18:03:54,3.2,2.9,18.4,63
2023-01-23 18:06:26,4.1,0.4,14.4,63
2023-01-23 18:35:04,0.2,5.8,15.1,51
2023-01-23 18:57:37,2.9,3.6,14.8,63
2023-01-23 23:18:12,3.5,9.4,17.6,63
2023-01-24 02:51:41,0.0,3.5,10.4,3
2023-01-24 04:15:23,0.0,5.2,11.2,3
2023-01-24 05:28:18,0.1,5.2,10.1,51
2023-01-24 06:31:32,0.0,5.8,8.6,3
2023-01-24 07:03:55,0.0,12.5,20.9,3
2023-01-24 07:30:42,0.0,10.9,20.5,3
2023-01-24 07:57:49,0.0,10.9,20.5,3
2023-01-24 10:47:59,0.1,5.8,19.1,51
2023-01-24 12:04:51,0.0,5.6,18.7,3
2023-01-24 14:36:34,0.0,7.6,22.3,3
2023-01-24 14:49:10,0.0,8.0,22.7,3
2023-01-24 15:37:54,0.3,10.9,25.9,51
2023-01-24 16:04:47,0.8,9.6,21.2,53
2023-01-24 16:16:01,0.2,4.4,25.2,51
2023-01-24 21:15:35,0.0,9.2,22.0,0
2023-01-24 22:00:31,0.0,7.3,16.9,3
2023-01-25 00:22:30,0.0,9.6,18.4,0
2023-01-25 05:06:34,0.0,3.6,7.9,0
2023-01-25 06:33:35,0.0,12.2,22.7,3
2023-01-25 07:49:38,0.0,13.0,24.8,2
2023-01-25 07:57:58,0.0,2.2,9.0,3
2023-01-25 08:36:53,0.0,4.7,14.0,0
2023-01-25 10:06:40,0.0,2.3,12.6,0
2023-01-25 11:45:37,0.0,5.5,16.6,0
2023-01-25 13:48:48,0.0,12.2,29.9,0
2023-01-25 14:43:08,0.0,9.6,21.2,0
2023-01-25 17:49:37,0.0,17.6,31.7,1
2023-01-25 18:11:17,0.0,19.0,32.0,0
2023-01-25 19:58:28,0.0,19.1,32.8,0
2023-01-25 21:45:25,0.0,16.5,33.1,0
2023-01-26 01:50:32,0.0,19.0,33.1,0
2023-01-26 07:51:47,0.0,8.5,15.5,0
2023-01-26 07:59:02,0.0,13.9,24.5,0
2023-01-26 08:17:54,0.0,9.7,22.0,0
2023-01-26 13:28:44,0.0,11.7,28.4,3
2023-01-26 13:29:06,0.0,2.1,15.5,0
2023-01-26 15:17:44,0.0,13.8,28.4,3
2023-01-26 16:11:38,0.0,8.7,19.1,3
2023-01-26 18:06:00,0.0,5.2,18.4,3
2023-01-26 18:11:45,0.0,6.8,18.7,3
2023-01-26 23:31:44,0.0,9.6,19.1,0
2023-01-27 06:54:25,0.0,10.6,19.4,0
2023-01-27 08:41:08,0.0,10.4,20.2,1
2023-01-27 13:43:12,0.8,6.1,28.8,53
2023-01-27 15:40:34,0.0,2.0,17.6,0
2023-01-27 16:01:23,0.1,14.2,29.5,51
2023-01-27 17:41:53,0.0,5.4,14.0,1
2023-01-27 20:17:44,0.0,12.9,29.2,1
2023-01-27 23:10:55,1.8,10.2,16.9,61
2023-01-28 00:30:43,0.0,18.1,32.8,0
2023-01-28 07:25:12,0.0,6.0,12.6,1
2023-01-28 11:23:46,0.1,14.0,27.7,51
2023-01-28 12:41:21,0.3,13.0,28.8,51
2023-01-28 14:56:45,0.1,6.4,19.4,51
2023-01-28 15:47:00,0.1,9.9,28.8,51
2023-01-29 06:16:45,0.0,6.3,7.9,3
2023-01-29 09:30:58,0.0,11.4,25.9,1
2023-01-29 14:19:21,0.0,12.0,26.6,0
2023-01-29 15:15:28,1.4,15.8,31.0,61
2023-01-29 15:43:22,0.0,13.5,32.4,2
2023-01-29 17:59:32,6.8,8.2,22.7,63
2023-01-29 18:21:59,3.2,5.8,15.1,63
2023-01-29 18:40:23,0.0,9.9,18.7,1
2023-01-29 22:41:47,0.0,8.9,18.4,2
2023-01-29 23:37:02,0.0,9.4,19.8,3
2023-01-30 06:00:39,0.0,6.3,11.2,3
2023-01-30 07:08:15,0.0,3.0,7.9,3
2023-01-30 07:31:55,0.1,6.4,13.3,51
2023-01-30 07:40:23,0.0,6.2,11.5,3
2023-01-30 07:41:25,0.0,5.5,10.8,3
2023-01-30 07:43:25,0.1,6.4,13.3,51
2023-01-30 08:39:27,0.0,6.5,15.1,2
2023-01-30 09:03:04,0.2,12.1,25.2,51
2023-01-30 12:56:30,0.1,13.1,29.9,51
2023-01-30 14:07:48,0.0,5.8,20.2,3
2023-01-30 15:25:46,0.2,17.3,36.7,51
2023-01-30 15:37:14,0.1,11.8,28.8,51
2023-01-30 17:05:16,5.2,9.3,32.0,63
2023-01-30 18:25:57,0.2,3.2,19.4,51
2023-01-30 21:23:36,0.0,7.4,9.7,3
2023-01-30 22:38:05,0.3,13.3,23.0,51
2023-01-31 05:26:56,0.0,4.7,8.6,3
2023-01-31 07:26:28,0.0,4.6,9.0,3
2023-01-31 07:28:34,0.0,12.3,22.7,3
2023-01-31 07:39:42,0.0,7.6,15.1,3
2023-01-31 07:42:18,0.0,8.3,16.9,3
2023-01-31 08:13:04,0.0,18.9,32.4,3
2023-01-31 14:42:41,0.0,18.2,45.0,3
2023-01-31 15:27:49,0.0,11.6,27.7,3
2023-01-31 16:57:33,0.1,12.7,35.3,51
2023-01-31 17:41:34,0.2,7.9,18.7,51
2023-01-31 18:12:55,0.3,3.0,16.6,51
2023-01-31 18:26:05,0.3,3.0,16.6,51
2023-01-31 18:38:01,1.6,3.6,15.5,61
2023-01-31 21:30:27,1.3,5.2,16.9,61
2023-02-01 00:42:58,0.1,2.6,7.2,51
2023-02-01 05:09:00,0.0,9.2,15.1,3
2023-02-01 09:09:28,0.1,7.4,18.0,51
2023-02-01 09:41:31,0.1,5.7,19.1,51
2023-02-01 10:31:57,0.3,8.2,17.6,51
2023-02-01 14:02:59,0.0,12.1,31.3,3
2023-02-01 15:00:39,0.1,7.8,22.7,51
2023-02-01 21:26:15,0.0,4.3,11.2,3
2023-02-01 22:23:23,1.2,5.1,10.4,55
2023-02-01 22:50:16,0.1,5.8,13.7,51
2023-02-02 05:28:00,0.0,11.3,19.8,3
2023-02-02 13:52:43,0.0,14.9,32.8,0
2023-02-02 17:44:41,10.4,12.7,25.6,65
2023-02-02 18:51:08,0.1,3.5,25.9,51
2023-02-02 20:11:21,1.5,5.0,9.0,61
2023-02-02 20:16:27,5.2,11.3,20.2,63
2023-02-02 22:59:43,0.6,7.6,15.5,53
2023-02-03 01:49:36,0.0,7.7,13.0,3
2023-02-03 07:00:11,0.0,10.2,16.9,3
2023-02-03 09:32:00,0.0,7.8,26.6,3
2023-02-03 10:30:20,0.1,18.4,34.2,51
2023-02-03 15:17:04,0.1,15.6,39.2,51
2023-02-03 16:41:26,0.0,11.5,28.1,1
2023-02-03 18:35:07,0.0,6.8,19.8,2
2023-02-03 18:40:46,0.0,10.4,36.0,2
2023-02-03 21:21:32,0.0,9.5,11.5,3
2023-02-03 21:52:00,0.0,9.2,13.0,3
2023-02-03 22:57:50,0.1,9.8,19.8,51
2023-02-03 23:06:22,0.6,8.2,25.9,53
2023-02-04 00:14:57,0.4,17.2,31.3,51
2023-02-04 06:27:32,0.0,14.3,24.5,3
2023-02-04 09:32:35,0.0,20.8,41.0,3
2023-02-04 10:36:07,0.0,17.4,36.0,3
2023-02-04 10:44:16,0.0,18.8,38.2,3
2023-02-04 13:10:27,0.1,23.2,55.1,51
2023-02-04 18:15:46,0.4,13.5,30.2,51
2023-02-05 05:45:18,0.0,12.7,20.9,3
2023-02-05 08:29:12,0.0,14.3,28.4,3
2023-02-05 16:10:58,0.1,14.7,42.5,51
2023-02-05 16:44:16,0.1,15.2,38.9,51
2023-02-05 16:54:20,0.1,16.1,38.5,51
2023-02-05 21:30:02,0.0,4.9,8.3,3
2023-02-05 21:30:57,0.0,4.9,8.3,3
2023-02-06 00:44:05,0.0,4.3,6.8,1
2023-02-06 02:26:21,0.0,5.8,8.3,1
2023-02-06 09:14:18,0.0,4.9,18.4,3
2023-02-06 14:41:02,2.1,8.2,36.7,61
2023-02-06 15:03:40,1.2,11.2,28.4,55
2023-02-06 15:36:35,0.0,10.5,24.8,3
2023-02-06 17:25:52,1.3,6.2,28.4,61
2023-02-06 23:51:23,0.0,4.7,10.8,2
2023-02-07 02:30:19,0.0,5.0,8.6,3
2023-02-07 03:10:27,0.0,5.5,6.8,0
2023-02-07 07:07:09,0.0,5.1,11.2,3
2023-02-07 07:07:57,0.0,4.0,9.7,1
2023-02-07 15:20:28,0.1,9.6,26.3,51
2023-02-07 16:13:40,0.4,9.4,20.9,51
2023-02-07 17:15:41,1.5,10.1,21.6,61
2023-02-07 17:51:31,0.0,8.8,22.7,3
2023-02-07 22:53:25,0.0,3.0,18.7,3
2023-02-08 03:25:48,0.4,5.8,14.8,51
2023-02-08 05:45:03,0.0,5.9,11.9,3
2023-02-08 05:58:48,0.0,3.9,6.5,3
2023-02-08 07:15:50,0.0,7.8,14.4,1
2023-02-08 09:29:38,0.0,5.6,17.3,3
2023-02-08 10:24:59,0.0,6.4,18.0,0
2023-02-08 10:41:39,0.0,2.9,15.8,0
2023-02-08 14:38:04,0.1,11.2,25.9,51
2023-02-08 14:49:00,0.0,8.0,20.5,1
2023-02-08 17:28:34,0.2,8.5,21.6,51
2023-02-08 18:16:00,0.1,6.1,17.3,51
2023-02-08 18:32:13,0.3,4.9,16.6,51
2023-02-08 21:41:00,0.0,9.9,14.4,1
2023-02-08 22:33:24,0.0,6.9,18.4,1
2023-02-09 10:45:22,0.0,6.4,19.1,0
2023-02-09 15:28:34,0.0,10.5,22.7,2
2023-02-09 17:42:21,0.3,6.9,14.8,51
2023-02-09 18:49:04,0.1,9.7,14.0,51
2023-02-09 18:59:02,0.0,2.5,14.8,1
2023-02-09 19:16:27,0.0,5.3,19.8,3
2023-02-09 19:24:54,0.7,4.3,25.2,53
2023-02-09 19:37:11,0.0,7.2,20.9,1
2023-02-09 19:48:01,0.4,10.5,16.6,51
2023-02-09 21:27:23,0.0,6.4,19.1,1
2023-02-09 22:59:29,0.0,11.2,24.5,1
2023-02-10 02:16:00,0.0,5.7,7.6,0
2023-02-10 06:34:53,0.0,5.0,9.4,2
2023-02-10 08:50:09,0.0,6.8,15.1,3
2023-02-10 09:44:44,0.0,9.5,20.5,1
2023-02-10 10:56:16,0.0,13.4,29.9,3
2023-02-10 14:43:33,0.1,9.9,25.2,51
2023-02-10 16:33:41,0.1,10.8,24.1,51
2023-02-10 17:33:19,1.6,11.7,22.7,61
2023-02-10 17:37:01,0.2,7.6,16.9,51
2023-02-10 20:52:52,0.0,4.3,6.1,2
2023-02-10 21:26:13,0.1,8.7,7.9,51
2023-02-10 21:29:42,0.2,5.8,9.7,51
2023-02-10 22:08:44,1.0,7.6,13.7,55
2023-02-10 23:12:34,0.0,6.1,16.6,3
2023-02-11 00:31:58,0.1,4.1,12.6,51
2023-02-11 05:43:59,0.1,5.1,9.4,51
2023-02-11 06:05:17,0.5,6.8,13.7,53
2023-02-11 06:50:00,0.3,9.7,16.2,51
2023-02-11 09:57:53,2.3,7.3,16.9,61
2023-02-11 11:17:32,0.2,15.1,27.0,51
2023-02-11 12:05:03,0.3,10.1,21.2,51
2023-02-11 15:35:40,0.0,11.2,27.4,2
2023-02-11 16:11:51,0.0,11.8,29.2,2
2023-02-11 16:26:05,0.0,8.7,28.1,3
2023-02-11 16:30:43,0.0,10.0,29.5,2
2023-02-11 21:31:48,0.0,5.0,13.7,2
2023-02-11 22:21:13,0.0,7.3,15.1,3
2023-02-12 05:40:02,0.0,4.3,8.6,3
2023-02-12 05:40:31,0.0,4.9,9.7,2
2023-02-12 08:19:53,0.0,9.1,19.4,3
2023-02-12 10:41:58,0.9,4.6,13.7,53
2023-02-12 11:25:52,0.1,9.7,25.6,51
2023-02-12 16:43:15,0.0,4.9,27.0,2
2023-02-12 18:33:48,7.4,0.7,16.6,63
2023-02-12 18:34:27,5.5,7.7,20.5,63
2023-02-12 21:16:50,0.4,2.5,10.1,51
2023-02-12 22:03:58,0.2,2.4,9.0,51
2023-02-12 23:44:33,1.0,2.1,6.5,55
2023-02-13 00:06:29,1.7,7.2,13.7,61
2023-02-13 02:56:21,0.0,5.6,13.7,1
2023-02-13 06:20:57,0.0,2.9,6.1,3
2023-02-13 06:36:36,0.0,4.0,7.6,3
2023-02-13 07:53:37,0.0,5.4,9.7,3
2023-02-13 11:36:33,0.0,8.1,19.8,3
2023-02-13 14:38:01,0.0,9.4,28.8,3
2023-02-13 14:44:25,0.0,12.7,34.2,3
2023-02-13 15:00:34,0.0,13.9,31.3,3
2023-02-13 16:33:45,0.2,8.4,28.4,51
2023-02-13 18:07:24,0.0,5.6,24.5,2
2023-02-13 21:41:14,0.0,6.8,9.7,3
2023-02-14 02:44:03,0.0,5.4,9.4,3
2023-02-14 02:50:53,0.0,6.6,7.9,2
2023-02-14 03:16:56,0.0,5.4,7.2,3
2023-02-14 06:13:04,0.0,5.6,9.0,2
2023-02-14 07:41:04,0.0,9.7,18.4,1
2023-02-14 08:21:12,0.0,6.5,15.5,3
2023-02-14 09:43:47,0.0,6.2,18.0,3
2023-02-14 14:34:38,0.0,12.3,29.2,1
2023-02-14 16:23:45,0.9,11.3,34.2,53
2023-02-14 17:53:00,7.4,12.4,23.4,63
2023-02-14 21:58:41,1.5,3.0,15.5,61
2023-02-15 04:28:00,0.0,6.4,11.9,3
2023-02-15 07:07:14,0.0,12.5,19.8,1
2023-02-15 07:24:07,0.0,11.0,17.6,1
2023-02-15 08:04:50,0.0,3.8,12.6,2
2023-02-15 08:23:27,0.0,10.1,22.7,3
2023-02-15 16:01:46,0.1,13.0,47.5,51
2023-02-15 16:25:05,0.0,0.4,20.2,3
2023-02-15 17:37:27,0.0,12.6,28.1,3
2023-02-15 18:04:40,0.0,0.8,9.0,3
2023-02-15 18:06:05,0.0,5.0,9.7,3
2023-02-15 18:32:03,0.0,0.8,9.0,3
2023-02-15 18:51:37,0.0,14.3,28.4,3
2023-02-15 18:59:40,0.0,14.3,28.4,3
2023-02-15 19:35:54,0.0,5.5,12.6,3
2023-02-16 06:43:18,0.0,10.0,17.6,3
2023-02-16 07:34:53,0.0,7.2,14.4,3
2023-02-16 07:37:59,0.0,11.2,18.7,3
2023-02-16 08:01:03,0.0,6.4,14.0,3
2023-02-16 09:52:51,0.0,20.6,37.4,3
2023-02-16 12:00:04,0.0,16.8,41.4,3
2023-02-16 15:13:24,0.0,13.1,29.5,3
2023-02-16 16:26:01,0.1,13.0,30.2,51
2023-02-16 16:46:21,0.2,13.1,39.2,51
2023-02-16 18:08:47,0.0,8.4,26.6,3
2023-02-16 20:00:22,5.5,3.0,10.1,63
2023-02-16 20:32:03,0.5,6.5,15.8,53
2023-02-16 21:00:13,0.0,6.1,9.4,3
2023-02-16 21:30:10,0.0,7.4,9.7,3
2023-02-16 21:46:19,0.0,12.8,26.3,3
2023-02-17 00:48:55,0.5,5.7,12.2,53
2023-02-17 03:24:40,0.0,4.5,9.0,3
2023-02-17 07:05:28,0.0,12.9,20.9,3
2023-02-17 07:54:15,0.0,11.5,19.1,3
2023-02-17 08:53:24,0.0,13.7,24.8,3
2023-02-17 11:56:09,0.0,8.2,26.3,3
2023-02-17 13:21:59,0.0,11.8,31.0,2
2023-02-17 14:17:09,0.0,17.7,41.8,3
2023-02-17 14:17:31,0.0,20.5,43.2,3
2023-02-17 14:18:40,0.0,25.0,54.7,3
2023-02-17 15:55:59,0.0,20.6,44.6,3
2023-02-17 16:42:54,0.0,26.5,51.8,3
2023-02-17 17:15:26,0.0,15.1,37.8,1
2023-02-17 17:53:23,0.7,11.5,44.6,53
2023-02-17 18:12:00,0.0,14.0,31.7,2
2023-02-17 18:58:51,0.0,11.3,28.4,2
2023-02-17 20:37:24,0.0,5.8,12.2,3
2023-02-17 21:44:21,0.0,7.4,11.5,3
2023-02-18 00:12:53,0.0,7.1,14.0,3
2023-02-18 00:58:38,0.0,4.8,7.9,3
2023-02-18 03:10:34,0.0,5.5,13.0,3
2023-02-18 03:15:11,0.0,7.4,15.5,3
2023-02-18 03:41:29,0.0,6.1,10.1,3
2023-02-18 07:48:27,0.0,6.2,11.9,3
2023-02-18 07:53:46,0.0,5.9,10.1,3
2023-02-18 07:56:31,0.0,3.2,11.5,3
2023-02-18 09:41:23,0.0,4.2,13.3,3
2023-02-18 12:19:44,0.2,2.3,9.7,51
2023-02-18 13:14:25,0.0,4.8,19.1,3
2023-02-18 13:19:31,0.0,3.8,19.1,3
2023-02-18 14:00:00,0.2,5.4,13.3,51
2023-02-18 14:02:17,0.0,5.1,13.3,3
2023-02-18 14:32:15,0.1,18.6,30.6,51
2023-02-18 15:05:04,9.0,10.4,23.4,65
2023-02-18 16:18:44,0.0,27.0,43.9,3
2023-02-18 16:28:06,0.0,27.0,43.9,3
2023-02-18 18:55:33,0.9,10.1,23.8,53
2023-02-18 22:08:22,0.1,26.0,50.0,51
2023-02-18 23:50:41,0.3,22.4,45.7,51
2023-02-19 02:28:16,1.9,21.1,40.7,61
2023-02-19 03:12:54,2.5,14.8,26.6,63
2023-02-19 05:24:39,1.3,11.8,20.5,61
2023-02-19 05:39:01,0.1,15.9,28.8,51
2023-02-19 08:58:34,1.1,10.2,23.0,55
2023-02-19 09:02:07,3.1,16.2,14.0,63
2023-02-19 09:24:11,3.1,16.2,14.0,63
2023-02-19 09:31:46,3.4,17.7,33.5,63
2023-02-19 14:03:23,0.2,21.5,42.8,51
2023-02-19 16:17:10,0.1,20.5,44.3,51
2023-02-19 16:17:54,0.0,20.0,38.9,3
2023-02-19 20:53:49,0.0,17.6,32.4,3
2023-02-19 23:40:26,0.0,15.8,27.0,3
2023-02-20 00:19:47,0.0,8.9,21.2,3
2023-02-20 01:37:34,0.0,14.1,25.9,0
2023-02-20 08:56:52,0.0,8.7,19.1,0
2023-02-20 13:39:00,0.0,8.0,28.1,1
2023-02-20 15:33:34,0.1,5.1,25.2,51
2023-02-20 19:25:58,0.0,5.0,7.6,1
2023-02-20 19:52:16,0.4,5.1,12.2,51
2023-02-20 20:11:00,0.0,5.9,9.7,1
2023-02-20 20:40:15,0.2,4.3,8.6,51
2023-02-20 22:21:47,0.1,7.9,16.6,51
2023-02-21 04:51:34,0.0,10.3,20.2,3
2023-02-21 13:44:51,4.9,19.1,37.8,63
2023-02-21 15:49:29,6.3,10.7,40.3,63
2023-02-21 17:21:49,3.7,8.9,22.7,63
2023-02-21 19:16:15,0.1,6.1,15.8,51
2023-02-21 20:38:58,0.1,4.5,9.4,51
2023-02-21 20:56:38,1.1,2.7,6.8,55
2023-02-21 21:59:54,0.5,8.0,4.3,53
2023-02-21 22:29:10,0.1,3.6,15.1,51
2023-02-21 22:34:33,0.4,8.7,15.5,51
2023-02-21 22:37:11,0.6,4.5,7.9,53
2023-02-21 23:48:25,0.0,3.7,8.6,3
2023-02-22 07:08:12,0.0,5.7,8.6,3
2023-02-22 08:28:58,0.0,4.3,12.2,3
2023-02-22 08:31:54,0.0,8.6,17.6,3
2023-02-22 14:50:05,0.0,2.5,17.6,1
2023-02-22 16:47:46,0.0,3.8,17.6,0
2023-02-22 16:52:48,0.0,1.3,11.5,1
2023-02-22 17:36:36,0.0,8.1,14.8,1
2023-02-22 18:35:00,0.0,6.0,15.8,1
2023-02-22 19:43:15,0.0,8.4,13.7,2
2023-02-22 23:16:31,0.0,5.1,9.0,2
2023-02-23 07:11:24,0.3,5.2,11.2,51
2023-02-23 07:18:20,0.0,7.3,14.8,3
2023-02-23 08:06:26,0.0,7.7,18.4,3
2023-02-23 10:18:53,0.0,8.0,20.5,3
2023-02-23 10:32:37,0.0,6.6,18.7,3
2023-02-23 10:41:55,0.0,5.6,19.1,3
2023-02-23 12:10:02,0.0,10.0,25.2,3
2023-02-23 12:39:24,0.0,10.4,25.9,3
2023-02-23 12:48:51,0.1,9.3,25.9,51
2023-02-23 15:59:01,0.0,8.5,20.9,3
2023-02-23 16:24:13,0.3,10.9,22.7,51
2023-02-23 16:36:22,0.1,6.0,20.9,51
2023-02-23 17:23:57,0.0,3.4,18.4,3
2023-02-23 18:54:29,0.0,5.1,9.0,3
2023-02-24 00:30:20,0.0,5.8,7.9,3
2023-02-24 02:34:31,0.1,2.2,6.8,51
2023-02-24 03:57:08,0.0,5.8,10.8,3
2023-02-24 08:13:26,0.1,8.6,17.6,51
2023-02-24 11:52:06,0.1,15.5,34.2,51
2023-02-24 12:25:27,0.1,17.4,39.2,51
2023-02-24 14:47:21,0.0,20.2,38.5,2
2023-02-24 15:07:38,0.0,13.9,33.1,3
2023-02-24 16:17:27,0.1,11.5,28.1,51
2023-02-24 18:56:14,0.3,1.8,16.9,51
2023-02-24 21:06:54,0.0,6.9,12.2,3
2023-02-24 22:18:32,0.0,4.7,12.2,3
2023-02-25 03:00:48,0.0,5.2,8.6,3
2023-02-25 09:24:15,0.0,13.7,23.4,3
2023-02-25 14:10:45,0.1,18.9,44.6,51
2023-02-25 17:02:06,0.0,15.0,35.6,3
2023-02-25 20:18:02,0.0,3.2,7.6,3
2023-02-25 20:29:05,0.0,5.0,14.4,2
2023-02-25 21:07:16,0.0,10.0,14.8,0
2023-02-26 00:13:36,0.0,5.8,11.2,0
2023-02-26 03:47:51,0.0,9.3,16.9,3
2023-02-26 05:22:41,0.0,6.0,10.1,0
2023-02-26 07:01:56,0.0,11.1,17.6,0
2023-02-26 20:41:33,0.1,3.3,22.3,51
2023-02-26 21:45:15,0.0,2.3,11.2,3
2023-02-26 23:16:33,0.0,4.7,6.5,3
2023-02-27 06:10:08,0.0,6.4,11.2,3
2023-02-27 08:38:43,0.0,7.2,16.6,2
2023-02-27 13:19:16,0.0,8.4,23.8,2
2023-02-27 16:20:55,0.2,18.1,37.1,51
2023-02-27 17:11:41,0.0,17.4,29.9,3
2023-02-27 18:08:48,0.0,17.8,32.4,3
2023-02-27 18:10:25,0.0,5.7,29.9,1
2023-02-27 18:20:21,0.0,10.9,22.7,1
2023-02-27 20:22:18,0.0,6.9,13.7,1
2023-02-27 22:30:38,0.0,17.1,38.9,3
2023-02-28 04:22:47,0.0,8.1,18.0,3
2023-02-28 05:30:08,0.0,9.8,22.3,3
2023-02-28 05:35:20,0.0,16.9,31.0,3
2023-02-28 15:35:12,2.3,11.4,36.4,61
2023-02-28 16:25:01,0.3,10.0,25.6,51
2023-02-28 17:26:30,0.0,11.8,21.2,3
2023-02-28 19:18:17,0.1,3.8,16.9,51
2023-02-28 19:20:15,0.0,11.8,26.3,3
2023-02-28 22:23:40,0.0,13.3,25.6,0
2023-02-28 23:38:50,0.0,7.8,14.8,0
2023-03-01 07:08:31,0.0,10.0,17.3,3
2023-03-01 07:31:54,0.0,9.5,17.6,3
2023-03-01 07:40:02,0.0,7.4,14.0,3
2023-03-01 08:23:09,0.0,2.2,9.7,3
2023-03-01 08:24:24,0.0,5.2,14.8,3
2023-03-01 10:03:52,0.0,5.4,16.6,2
2023-03-01 15:43:17,0.0,5.9,17.3,3
2023-03-01 17:36:01,0.0,1.6,11.9,0
2023-03-01 22:41:00,0.0,3.9,12.6,3
2023-03-02 02:46:00,0.0,4.9,8.6,0
2023-03-02 04:40:27,0.0,4.0,8.3,0
2023-03-02 06:29:48,0.0,4.1,7.9,3
2023-03-02 07:26:00,0.0,6.9,11.9,3
2023-03-02 07:54:47,0.0,6.3,13.0,3
2023-03-02 12:09:36,0.0,3.1,15.8,3
2023-03-02 14:43:05,0.0,3.8,14.4,2
2023-03-02 17:03:48,0.0,5.4,22.3,1
2023-03-02 17:13:27,0.2,5.4,27.0,51
2023-03-02 21:46:32,0.0,11.1,12.2,3
2023-03-02 22:50:38,0.0,5.8,8.3,3
2023-03-03 05:16:02,0.0,5.6,12.2,0
2023-03-03 06:14:13,0.0,1.3,2.5,3
2023-03-03 06:51:48,0.0,5.0,9.4,1
2023-03-03 07:08:13,0.0,6.6,13.0,0
2023-03-03 07:46:44,0.0,6.6,13.0,0
2023-03-03 08:12:04,0.0,8.2,16.9,0
2023-03-03 16:04:39,1.1,11.2,24.5,55
2023-03-03 21:17:42,0.4,10.1,18.0,51
2023-03-04 03:37:00,0.0,14.8,27.7,2
2023-03-04 04:23:00,3.5,10.6,18.7,63
2023-03-04 04:53:37,0.0,7.1,16.6,1
2023-03-04 07:36:52,0.1,11.6,19.4,51
2023-03-04 07:40:29,0.1,7.3,16.2,51
2023-03-04 07:51:22,0.1,11.6,19.4,51
2023-03-04 10:14:35,0.0,10.6,23.0,3
2023-03-04 16:20:10,0.1,7.9,25.2,51
2023-03-04 17:59:44,0.0,1.9,25.6,3
2023-03-04 19:15:41,0.0,2.7,5.0,3
2023-03-04 19:37:49,0.7,6.0,22.3,53
2023-03-04 20:15:17,0.9,6.4,12.2,53
2023-03-04 21:24:11,0.4,9.2,14.0,51
2023-03-04 21:44:47,0.1,14.3,17.3,51
2023-03-04 22:29:00,0.0,8.4,15.1,3
2023-03-04 23:40:12,0.1,8.9,21.2,51
2023-03-05 00:09:09,0.0,9.7,20.2,1
2023-03-05 05:21:38,0.0,7.7,15.1,3
2023-03-05 08:25:01,0.0,17.8,28.8,3
2023-03-05 11:04:16,0.0,20.4,49.7,3
2023-03-05 20:32:53,0.0,9.6,19.8,1
2023-03-05 20:41:00,0.0,10.0,18.4,2
2023-03-05 22:05:37,0.0,13.8,23.0,1
2023-03-05 23:57:21,7.1,6.0,23.0,63
2023-03-06 01:09:52,0.0,4.1,9.4,3
2023-03-06 01:23:26,0.0,6.2,15.5,2
2023-03-06 06:55:55,0.0,7.6,15.8,3
2023-03-06 07:38:32,0.0,12.2,19.4,3
2023-03-06 09:25:30,0.0,15.6,40.7,3
2023-03-06 11:38:35,0.1,17.5,38.9,51
2023-03-06 11:39:45,0.1,18.3,42.5,51
2023-03-06 16:17:00,0.0,8.6,29.5,1
2023-03-06 16:46:30,0.0,10.2,26.6,3
2023-03-06 17:44:30,0.0,5.4,11.9,2
2023-03-06 17:54:47,0.0,10.9,28.4,2
2023-03-06 17:56:22,0.0,8.9,23.8,3
2023-03-06 19:31:53,0.0,6.3,16.6,3
2023-03-06 21:28:11,0.0,8.0,7.2,2
2023-03-06 22:36:24,3.3,12.7,36.0,63
2023-03-06 23:15:02,0.0,6.2,23.4,0
2023-03-07 01:54:00,0.0,8.3,13.7,0
2023-03-07 07:14:59,0.0,11.3,16.9,0
2023-03-07 10:48:02,0.0,12.6,26.6,0
2023-03-07 11:52:29,0.0,19.3,44.6,0
2023-03-07 13:28:27,0.4,12.6,40.0,51
2023-03-07 14:13:31,2.9,8.4,34.9,63
2023-03-07 16:51:00,0.0,12.5,26.6,1
2023-03-07 18:03:56,0.0,7.9,23.8,3
2023-03-07 18:16:43,0.0,6.1,17.3,2
2023-03-07 19:13:29,0.0,6.8,13.3,3
2023-03-07 22:39:27,0.0,7.6,17.3,3
2023-03-08 00:00:43,0.0,4.7,16.9,3
2023-03-08 07:14:44,0.0,5.2,10.1,1
2023-03-08 08:26:43,0.0,4.3,11.9,2
2023-03-08 08:49:06,0.0,11.2,23.0,1
2023-03-08 12:44:02,0.0,10.5,25.9,0
2023-03-08 15:30:31,2.6,9.4,21.2,63
2023-03-08 16:07:53,0.0,6.8,19.8,3
2023-03-08 18:25:48,0.0,6.3,18.7,1
2023-03-08 19:57:59,0.0,7.1,23.4,3
2023-03-08 20:59:41,0.0,5.5,13.0,3
2023-03-08 21:58:05,0.0,4.7,14.8,3
2023-03-08 22:12:45,0.7,5.5,12.6,53
2023-03-09 01:53:47,0.0,8.3,16.2,3
2023-03-09 05:51:03,0.0,2.3,5.8,3
2023-03-09 06:19:06,0.0,5.1,9.7,3
2023-03-09 13:20:42,0.0,9.6,24.5,1
2023-03-09 14:28:26,0.1,7.1,20.2,51
2023-03-09 14:36:25,0.0,7.7,20.2,2
2023-03-09 17:53:41,0.3,8.7,21.2,51
2023-03-09 19:21:57,1.2,5.7,14.8,55
2023-03-09 20:29:38,7.7,7.2,14.0,65
2023-03-09 21:04:59,0.0,3.3,9.4,3
2023-03-09 21:13:41,0.1,5.4,9.4,51
2023-03-10 06:35:31,0.0,3.8,5.8,3
2023-03-10 08:31:03,0.0,5.6,13.0,3
2023-03-10 09:20:18,0.0,6.7,17.6,3
2023-03-10 10:33:47,0.0,6.2,16.9,3
2023-03-10 10:43:21,0.0,3.2,13.3,3
2023-03-10 10:47:10,0.0,5.4,17.6,3
2023-03-10 11:21:25,0.0,4.8,15.1,3
2023-03-10 12:31:47,0.0,2.6,16.9,3
2023-03-10 12:59:23,0.0,5.6,14.0,2
2023-03-10 14:40:49,0.1,6.6,16.6,51
2023-03-10 15:20:24,0.0,4.8,19.4,1
2023-03-10 16:36:11,0.1,16.9,31.0,51
2023-03-10 17:07:47,0.9,7.3,34.9,53
2023-03-10 19:05:03,0.0,3.4,10.1,3
2023-03-10 19:45:31,3.1,5.1,10.8,63
2023-03-10 20:02:48,3.3,7.0,14.0,63
2023-03-10 22:02:39,1.3,6.8,13.7,61
2023-03-10 22:18:39,0.3,5.9,12.2,51
2023-03-11 02:50:46,2.0,5.0,14.8,61
2023-03-11 02:52:48,0.0,4.3,7.6,3
2023-03-11 06:33:13,0.0,4.7,7.2,3
2023-03-11 11:49:01,0.2,8.3,23.0,51
2023-03-11 14:33:54,2.2,7.6,24.5,61
2023-03-11 15:16:15,0.0,2.6,13.0,3
2023-03-11 16:05:35,0.0,5.9,21.6,3
2023-03-11 21:47:33,0.0,4.1,12.6,3
2023-03-11 22:47:47,0.4,3.3,5.4,51
2023-03-12 01:59:19,0.1,4.3,7.9,51
2023-03-12 02:11:45,0.0,3.0,8.6,3
2023-03-12 02:21:39,0.1,2.5,4.3,51
2023-03-12 02:38:15,0.0,2.9,7.2,3
2023-03-12 03:35:56,0.2,3.6,7.9,51
2023-03-12 06:40:39,0.0,3.7,6.5,3
2023-03-12 09:43:25,0.2,2.4,16.6,51
2023-03-12 10:27:58,0.1,5.5,17.3,51
2023-03-12 13:03:22,0.1,2.5,13.0,51
2023-03-12 13:15:35,0.0,4.5,18.4,3
2023-03-12 14:07:16,11.7,4.8,16.6,65
2023-03-12 14:53:12,0.0,2.3,13.0,2
2023-03-12 15:51:20,0.1,3.3,13.7,51
2023-03-12 16:02:26,0.0,5.9,14.4,2
2023-03-12 16:11:29,0.0,5.9,14.4,2
2023-03-12 18:38:43,0.0,5.2,9.4,3
2023-03-12 19:58:18,0.0,14.8,27.0,3
2023-03-12 20:39:08,0.0,13.0,25.6,3
2023-03-12 21:23:15,0.0,6.3,21.2,3
2023-03-12 23:34:39,0.0,7.6,14.0,3
2023-03-13 06:50:07,0.0,10.0,19.4,3
2023-03-13 07:01:45,0.0,11.3,18.4,3
2023-03-13 07:19:46,0.0,8.0,16.2,3
2023-03-13 07:59:18,0.0,8.0,11.5,3
2023-03-13 08:40:04,0.0,3.8,11.5,3
2023-03-13 09:53:14,0.0,10.1,18.4,3
2023-03-13 12:45:56,0.4,9.6,23.8,51
2023-03-13 13:59:26,0.0,9.0,23.0,2
2023-03-13 14:48:45,4.2,2.7,14.0,63
2023-03-13 20:42:26,0.0,3.6,9.0,3
2023-03-13 22:04:39,0.2,6.1,15.8,51
2023-03-13 22:29:03,0.4,7.7,16.2,51
2023-03-14 01:00:20,0.0,9.2,15.8,3
2023-03-14 09:28:47,0.3,4.8,14.4,51
2023-03-14 11:37:33,0.1,7.1,18.0,51
2023-03-14 11:45:20,0.0,8.4,20.2,3
2023-03-14 12:02:17,0.0,8.2,22.7,3
2023-03-14 14:42:14,0.0,4.0,18.7,3
2023-03-14 15:15:44,0.0,1.5,14.8,3
2023-03-14 16:39:50,0.0,6.3,14.0,3
2023-03-14 16:51:33,8.2,14.0,28.8,65
2023-03-14 18:19:41,1.0,9.7,21.6,55
2023-03-14 18:56:28,0.6,6.3,20.5,53
2023-03-14 19:28:06,0.2,7.1,18.7,51
2023-03-14 20:27:13,0.0,9.5,17.3,3
2023-03-14 22:48:31,0.2,1.5,2.9,51
2023-03-15 06:59:00,0.0,1.8,4.7,3
2023-03-15 09:24:04,0.0,7.8,20.2,1
2023-03-15 10:51:47,0.1,9.8,24.1,51
2023-03-15 11:13:26,0.0,6.4,18.7,3
2023-03-15 11:47:39,0.0,6.3,18.7,3
2023-03-15 13:42:32,0.1,5.1,15.1,51
2023-03-15 16:00:31,0.0,9.0,24.1,3
2023-03-15 16:56:28,0.0,9.3,22.0,3
2023-03-15 20:17:01,0.0,15.5,28.4,3
2023-03-15 22:19:33,0.0,14.8,24.8,3
2023-03-15 22:23:09,0.0,12.0,22.7,3
2023-03-16 06:31:12,0.0,6.8,12.2,3
2023-03-16 07:09:40,0.0,10.2,19.4,1
2023-03-16 10:14:39,0.0,2.5,14.8,1
2023-03-16 14:49:38,0.0,2.6,15.8,3
2023-03-16 15:07:32,0.0,9.0,21.2,3
2023-03-16 17:55:17,0.3,6.6,20.9,51
2023-03-16 19:25:14,0.0,13.4,32.8,0
2023-03-16 21:14:09,0.0,16.2,30.2,0
2023-03-16 21:30:22,0.0,17.8,32.0,0
2023-03-17 00:40:00,0.0,11.5,25.9,3
2023-03-17 01:30:58,0.0,8.9,16.9,3
2023-03-17 04:55:18,0.0,9.6,19.1,3
2023-03-17 05:01:59,0.0,8.8,14.8,3
2023-03-17 05:28:48,0.0,8.8,14.8,3
2023-03-17 07:22:32,0.0,10.6,16.2,3
2023-03-17 09:31:49,0.0,6.5,18.7,2
2023-03-17 10:09:47,0.0,9.3,24.1,0
2023-03-17 16:56:55,0.0,6.0,14.4,3
2023-03-17 17:52:26,0.0,6.1,17.6,3
2023-03-17 18:03:45,0.0,9.8,16.2,0
2023-03-17 20:20:56,0.0,9.0,13.7,3
2023-03-17 21:07:51,0.0,10.2,22.0,0
2023-03-17 21:35:19,0.0,17.8,32.8,0
2023-03-17 22:22:29,0.0,13.5,29.5,3
2023-03-18 00:36:50,0.0,13.0,25.6,3
2023-03-18 13:51:11,0.0,7.7,21.6,3
2023-03-18 14:20:30,0.0,1.1,13.7,0
2023-03-18 15:54:03,0.0,5.9,17.3,0
2023-03-18 17:25:00,0.0,3.8,10.1,1
2023-03-18 17:42:55,0.0,3.3,8.3,1
2023-03-18 18:14:36,0.0,5.6,10.8,0
2023-03-18 19:31:35,0.0,6.1,10.1,0
2023-03-18 21:14:07,0.0,7.4,14.0,0
2023-03-19 05:14:01,0.0,11.7,21.6,0
2023-03-19 05:38:39,0.0,7.4,14.0,0
2023-03-19 18:15:17,0.0,5.6,11.9,2
2023-03-19 21:54:59,0.0,14.5,24.5,1
2023-03-20 01:11:00,0.0,4.5,6.8,3
2023-03-20 02:00:11,0.0,9.0,18.7,3
2023-03-20 07:13:22,0.0,8.5,13.7,0
2023-03-20 08:12:21,0.0,7.3,15.1,0
2023-03-20 08:14:03,0.0,7.3,15.1,0
2023-03-20 09:10:25,0.0,7.4,18.4,0
2023-03-20 09:16:43,0.0,10.5,20.9,0
2023-03-20 13:40:20,0.0,12.8,28.8,0
2023-03-20 14:51:29,0.0,2.5,18.7,1
2023-03-20 16:38:47,0.6,10.0,19.1,53
2023-03-20 18:01:10,7.2,7.8,19.8,63
2023-03-20 18:27:25,0.0,4.6,27.0,2
2023-03-20 20:42:33,0.1,3.3,9.4,51
2023-03-20 23:26:54,0.0,3.3,6.5,1
2023-03-20 23:28:02,0.0,3.3,6.5,1
2023-03-21 05:19:41,0.0,8.2,13.7,3
2023-03-21 07:42:45,0.0,4.9,9.7,3
2023-03-21 09:43:32,0.0,4.7,16.9,0
2023-03-21 10:11:22,0.0,3.3,14.4,0
2023-03-21 10:11:48,0.0,1.0,11.2,1
2023-03-21 10:55:37,0.0,3.0,14.8,0
2023-03-21 16:28:16,0.0,14.5,29.9,2
2023-03-21 16:58:38,0.0,2.7,13.7,1
2023-03-21 17:21:01,0.1,7.2,15.8,51
2023-03-21 17:27:00,0.3,3.5,15.5,51
2023-03-21 19:50:52,0.0,9.9,15.5,0
2023-03-21 22:53:17,0.0,13.0,22.7,1
2023-03-21 23:31:41,0.0,8.5,15.5,1
2023-03-22 02:44:27,0.0,16.6,29.2,0
2023-03-22 06:43:00,0.0,11.9,20.9,0
2023-03-22 07:05:08,0.0,8.9,15.8,0
2023-03-22 10:07:09,0.0,7.1,18.4,3
2023-03-22 13:05:26,0.0,2.6,16.9,3
2023-03-22 14:25:30,0.0,4.3,16.6,3
2023-03-22 15:44:16,0.0,3.6,15.1,1
2023-03-22 15:52:48,0.0,3.8,16.6,1
2023-03-22 17:54:05,0.0,4.6,15.1,0
2023-03-22 18:07:50,0.0,16.1,35.3,0
2023-03-22 18:14:19,0.0,18.2,33.8,0
2023-03-22 19:19:48,0.0,12.8,30.2,0
2023-03-22 20:30:28,0.0,12.3,21.2,1
2023-03-22 22:42:30,0.0,11.2,20.2,0
2023-03-23 05:23:27,0.0,15.8,31.0,0
2023-03-23 06:22:05,0.0,8.7,17.6,3
2023-03-23 07:31:52,0.0,15.4,26.3,3
2023-03-23 07:58:56,0.0,11.9,22.3,0
2023-03-23 08:05:34,0.0,14.4,32.8,0
2023-03-23 12:10:15,0.0,7.1,20.2,1
2023-03-23 13:42:50,0.0,2.0,14.8,0
2023-03-23 17:27:30,0.0,5.9,13.0,3
2023-03-23 19:46:18,0.0,11.3,23.8,2
2023-03-23 23:10:06,0.0,8.7,18.4,1
2023-03-24 01:41:42,0.0,2.9,6.1,3
2023-03-24 06:46:00,0.0,6.4,11.5,0
2023-03-24 10:49:35,0.0,10.4,23.8,0
2023-03-24 11:11:04,0.0,10.2,24.5,0
2023-03-24 13:00:55,0.0,1.5,13.3,0
2023-03-24 13:42:24,0.0,3.4,18.7,1
2023-03-24 13:45:30,0.0,5.6,20.5,1
2023-03-24 14:13:27,0.0,3.8,15.5,0
2023-03-24 15:17:32,0.0,5.1,15.1,0
2023-03-24 16:12:36,0.0,6.9,20.9,3
2023-03-24 16:40:35,0.0,5.7,15.5,1
2023-03-24 16:41:48,0.0,4.2,13.7,0
2023-03-24 19:11:34,0.0,5.1,6.5,3
2023-03-24 19:16:22,0.0,6.6,13.3,2
2023-03-24 21:40:00,0.0,11.3,16.2,3
2023-03-24 23:00:45,0.0,15.5,26.3,0
2023-03-25 01:44:29,0.0,11.2,24.8,1
2023-03-25 01:50:43,0.0,11.6,18.7,1
2023-03-25 04:44:21,0.0,10.0,20.9,0
2023-03-25 06:19:24,0.0,6.6,9.4,3
2023-03-25 09:00:12,0.0,1.8,15.1,1
2023-03-25 13:50:35,0.0,5.4,19.1,2
2023-03-25 20:07:08,0.0,4.6,8.3,1
2023-03-25 22:03:01,0.0,3.6,7.6,2
2023-03-25 22:16:36,0.0,8.3,13.3,3
2023-03-25 23:02:54,0.0,5.4,9.0,2
2023-03-26 07:51:39,0.0,9.4,18.0,3
2023-03-26 14:49:03,0.0,15.7,37.4,2
2023-03-26 17:00:24,0.0,6.5,19.4,0
2023-03-26 18:19:45,0.0,5.8,22.3,1
2023-03-26 19:01:46,0.0,7.6,11.2,2
2023-03-26 19:17:21,0.0,6.8,10.8,3
2023-03-26 19:21:58,0.0,7.7,10.8,3
2023-03-26 20:06:44,0.0,3.2,4.7,3
2023-03-26 20:24:51,0.0,5.9,10.1,0
2023-03-26 21:05:54,0.0,6.2,12.2,0
2023-03-26 22:09:17,0.0,5.1,5.8,3
2023-03-27 02:27:59,0.0,3.9,15.1,3
2023-03-27 02:32:19,0.0,6.5,13.7,3
2023-03-27 06:48:20,0.0,13.0,20.5,3
2023-03-27 08:47:27,0.0,11.8,23.4,3
2023-03-27 13:45:11,1.1,16.6,37.4,55
2023-03-27 17:19:00,0.1,12.8,31.0,51
2023-03-27 17:30:16,0.0,20.9,44.6,3
2023-03-27 17:52:59,0.0,19.9,36.4,3
2023-03-27 18:34:38,0.0,17.6,34.6,3
2023-03-28 06:24:46,0.0,7.0,14.0,3
2023-03-28 06:55:35,0.0,8.9,23.4,3
2023-03-28 08:55:05,0.0,15.5,32.0,3
2023-03-28 09:16:12,0.0,10.2,23.4,1
2023-03-28 10:34:23,0.0,9.9,23.4,3
2023-03-28 12:49:48,0.0,5.5,18.4,3
2023-03-28 14:54:39,0.0,3.1,18.4,1
2023-03-28 15:34:55,0.0,7.6,19.1,3
2023-03-28 15:49:20,0.0,3.3,14.8,3
2023-03-28 16:34:55,0.0,3.5,18.7,3
2023-03-28 16:57:13,0.1,4.7,19.1,51
2023-03-28 17:23:30,1.0,9.1,22.7,55
2023-03-28 21:25:28,0.0,10.8,15.5,3
2023-03-28 23:18:59,0.0,8.8,28.1,3
2023-03-29 05:27:13,0.0,5.6,8.3,3
2023-03-29 07:33:36,0.0,7.3,10.8,3
2023-03-29 07:46:40,0.0,2.5,5.8,1
2023-03-29 07:51:02,0.0,6.6,8.6,3
2023-03-29 07:52:09,0.0,2.5,5.8,1
2023-03-29 09:44:54,0.0,9.7,22.0,0
2023-03-29 14:15:36,0.1,4.0,20.5,51
2023-03-29 15:48:07,0.1,11.0,23.4,51
2023-03-29 15:59:14,0.0,11.1,24.8,1
2023-03-29 16:30:02,0.0,9.4,21.2,2
2023-03-29 17:21:52,9.2,6.9,18.4,65
2023-03-29 17:48:05,0.8,4.0,18.4,53
2023-03-29 17:52:21,0.0,9.5,23.0,2
2023-03-29 18:46:48,0.1,2.9,14.0,51
2023-03-29 22:20:44,0.0,5.2,7.6,3
2023-03-29 23:17:36,0.1,6.5,13.3,51
2023-03-30 01:29:33,0.1,4.2,9.0,51
2023-03-30 11:01:29,0.0,11.6,25.9,0
2023-03-30 11:58:28,0.0,9.0,22.3,0
2023-03-30 13:04:01,0.0,13.3,29.9,0
2023-03-30 16:35:40,0.1,11.2,28.4,51
2023-03-30 21:50:15,0.0,6.9,18.7,0
2023-03-30 22:08:07,0.0,4.7,7.9,3
2023-03-30 22:32:22,0.0,6.0,11.9,2
2023-03-31 01:10:16,0.0,6.6,9.0,1
2023-03-31 05:13:26,0.0,7.7,13.0,2
2023-03-31 10:27:36,0.0,10.1,23.0,3
2023-03-31 11:21:00,0.0,11.1,24.8,3
2023-03-31 13:51:07,0.0,16.5,32.8,1
2023-03-31 15:04:34,0.2,13.1,32.0,51
2023-03-31 19:35:00,0.0,5.4,8.3,1
2023-03-31 21:42:30,0.0,6.0,11.2,2
2023-04-01 08:10:21,0.0,2.6,10.1,0
2023-04-01 09:58:18,0.0,6.2,17.6,3
2023-04-01 10:47:07,0.0,1.3,11.5,0
2023-04-01 12:11:14,0.0,7.7,20.5,0
2023-04-01 12:31:05,0.0,6.3,21.2,1
2023-04-01 13:44:48,0.0,9.9,24.1,0
2023-04-01 15:36:21,0.0,9.0,20.5,0
2023-04-01 16:08:38,0.0,9.1,20.2,0
2023-04-01 19:17:42,0.0,15.8,25.6,1
2023-04-01 19:22:18,0.0,5.7,9.7,1
2023-04-01 19:53:27,0.0,7.4,11.2,1
2023-04-02 09:28:16,0.1,15.5,31.0,51
2023-04-02 17:53:07,0.0,19.6,33.5,2
2023-04-03 02:14:21,0.0,11.0,23.4,0
2023-04-03 07:10:23,0.0,18.1,30.6,2
2023-04-03 07:10:37,0.0,18.1,30.6,2
2023-04-03 07:15:54,0.0,10.1,16.2,0
2023-04-03 07:26:21,0.0,18.1,30.6,2
2023-04-03 09:09:09,0.0,12.7,30.2,0
2023-04-03 10:33:27,0.0,6.5,20.2,0
2023-04-03 17:34:39,0.0,7.1,20.2,1
2023-04-03 18:41:28,0.0,8.9,14.4,1
2023-04-03 19:50:33,0.0,6.6,8.3,1
2023-04-03 20:31:55,0.0,6.6,10.4,0
2023-04-04 07:23:10,0.0,4.7,9.7,0
2023-04-04 07:40:55,0.0,7.9,13.3,0
2023-04-04 08:32:26,0.0,7.6,17.3,0
2023-04-04 08:57:18,0.0,7.6,17.3,0
2023-04-04 09:44:54,0.0,2.2,11.2,0
2023-04-04 10:23:00,0.0,6.4,17.6,0
2023-04-04 10:26:32,0.0,6.2,18.7,0
2023-04-04 11:36:15,0.0,8.7,23.0,1
2023-04-04 11:38:12,0.1,9.3,23.8,51
2023-04-04 12:29:31,0.0,10.1,24.8,0
2023-04-04 15:00:17,0.0,9.7,23.8,1
2023-04-04 16:07:48,0.2,2.3,11.9,51
2023-04-04 17:35:39,0.0,3.1,11.2,1
2023-04-04 18:23:29,0.0,4.0,13.3,0
2023-04-04 18:37:30,0.0,10.7,42.8,0
2023-04-04 19:25:09,0.0,11.6,22.7,0
2023-04-05 01:41:39,0.0,3.8,7.9,3
2023-04-05 04:04:26,0.0,2.7,9.4,3
2023-04-05 05:19:20,0.0,2.5,6.1,3
2023-04-05 12:42:26,0.0,4.7,21.2,0
2023-04-05 18:40:09,0.0,17.2,32.4,0
2023-04-05 19:20:02,0.0,4.6,10.1,1
2023-04-05 19:27:13,0.0,20.9,34.6,0
2023-04-05 20:20:55,0.4,14.0,22.3,51
2023-04-05 21:04:28,2.0,13.4,33.8,61
2023-04-05 22:12:58,0.0,12.5,23.4,1
2023-04-06 01:59:33,0.0,14.3,29.2,3
2023-04-06 06:52:11,0.0,9.5,22.0,3
2023-04-06 06:53:46,0.0,9.5,16.9,0
2023-04-06 07:34:48,0.0,9.0,14.8,0
2023-04-06 07:48:42,0.0,12.7,23.0,2
2023-04-06 07:52:28,0.0,14.1,25.2,2
2023-04-06 08:24:43,0.0,11.5,22.3,0
2023-04-06 13:33:13,0.1,10.1,22.3,51
2023-04-06 14:08:36,0.0,6.9,21.6,3
2023-04-06 14:36:56,0.0,5.9,18.4,2
2023-04-06 14:40:28,0.0,5.9,18.4,2
2023-04-06 16:11:53,0.1,20.9,37.8,51
2023-04-06 17:07:38,0.5,21.1,38.2,53
2023-04-06 17:12:08,0.0,21.5,36.7,3
2023-04-06 17:41:50,0.7,17.4,33.5,53
2023-04-06 18:04:35,0.3,19.7,36.0,51
2023-04-06 18:40:50,0.0,17.1,32.8,3
2023-04-06 18:49:24,0.0,17.1,35.6,3
2023-04-06 19:34:13,0.0,5.4,15.1,3
2023-04-06 19:44:22,0.0,15.6,35.3,3
2023-04-06 21:50:33,0.4,3.8,16.6,51
2023-04-07 01:16:10,0.0,14.0,26.3,3
2023-04-07 04:53:46,0.4,7.6,18.4,51
2023-04-07 05:25:08,0.4,5.9,16.9,51
2023-04-07 07:35:49,1.6,5.5,11.2,61
2023-04-07 07:54:00,1.5,4.7,10.1,61
2023-04-07 10:41:47,1.4,10.2,19.4,61
2023-04-07 11:00:30,0.3,9.4,19.1,51
2023-04-07 11:00:57,1.3,7.2,16.9,61
2023-04-07 11:39:19,1.2,8.6,16.2,55
2023-04-07 11:42:26,1.3,7.2,16.9,61
2023-04-07 12:16:30,0.4,9.8,20.2,51
2023-04-07 12:21:39,0.6,11.2,22.7,53
2023-04-07 13:09:52,0.2,8.2,29.2,51
2023-04-07 14:31:39,0.2,5.7,24.5,51
2023-04-07 14:45:04,0.2,5.7,24.5,51
2023-04-07 15:00:48,0.0,7.8,29.5,3
2023-04-07 15:59:15,0.0,9.2,33.5,2
2023-04-07 16:24:44,0.1,1.8,20.9,51
2023-04-07 19:39:50,0.8,10.4,25.9,53
2023-04-07 20:19:52,0.4,7.9,16.2,51
2023-04-07 21:44:00,3.3,3.9,13.0,63
2023-04-08 00:27:02,0.0,7.4,14.4,3
2023-04-08 01:26:11,0.0,5.8,11.2,3
2023-04-08 03:40:07,0.0,4.8,11.9,3
2023-04-08 11:54:22,0.1,7.2,23.8,51
2023-04-08 12:37:44,0.0,2.7,15.5,3
2023-04-08 14:50:22,0.0,8.1,20.5,1
2023-04-08 15:05:19,0.3,20.3,41.0,51
2023-04-08 18:17:54,0.0,17.6,36.0,3
2023-04-08 22:43:54,0.3,12.3,20.5,51
2023-04-08 22:59:00,0.8,5.0,13.0,53
2023-04-09 00:37:43,0.1,14.2,26.3,51
2023-04-09 06:03:37,0.0,16.9,32.4,3
2023-04-09 08:36:45,0.0,16.4,34.6,3
2023-04-09 15:33:46,0.0,13.1,28.8,3
2023-04-09 19:14:02,0.0,11.2,20.9,2
2023-04-09 20:44:11,0.0,15.0,30.6,0
2023-04-09 21:00:33,0.0,13.6,23.8,0
2023-04-09 21:15:21,0.0,16.4,30.6,1
2023-04-10 00:27:39,0.0,22.4,39.2,0
2023-04-10 02:56:58,0.0,15.6,30.6,0
2023-04-10 06:12:44,0.0,7.8,13.3,0
2023-04-10 07:22:23,0.0,14.0,25.9,0
2023-04-10 07:29:36,0.0,17.1,28.1,0
2023-04-10 07:51:32,0.0,10.4,18.0,0
2023-04-10 07:53:09,0.0,14.0,25.9,0
2023-04-10 08:17:36,0.0,14.3,29.5,0
2023-04-10 09:11:15,0.0,18.0,34.9,0
2023-04-10 13:53:05,0.0,15.0,34.2,0
2023-04-10 16:48:00,0.0,7.7,18.0,1
2023-04-10 18:37:36,0.0,21.1,36.4,0
2023-04-10 19:23:42,0.0,11.3,19.4,0
2023-04-11 05:51:57,0.0,5.6,11.5,3
2023-04-11 07:08:02,0.0,14.7,27.4,0
2023-04-11 08:17:21,0.0,7.8,20.9,0
2023-04-11 09:15:38,0.0,7.6,17.3,0
2023-04-11 09:21:45,0.0,5.4,18.4,0
2023-04-11 09:22:58,0.0,9.5,26.3,0
2023-04-11 09:59:20,0.0,5.6,12.6,0
2023-04-11 12:37:02,0.1,10.2,30.2,51
2023-04-11 12:58:55,0.0,3.9,16.2,1
2023-04-11 19:50:10,0.0,6.6,10.1,0
2023-04-12 07:29:13,0.0,6.6,13.3,3
2023-04-12 07:46:49,0.8,8.0,15.8,53
2023-04-12 09:28:15,0.0,11.4,22.3,2
2023-04-12 09:51:30,0.0,6.6,16.2,3
2023-04-12 10:32:00,1.0,7.9,20.9,55
2023-04-12 13:40:54,0.0,10.4,28.1,3
2023-04-12 16:13:02,0.2,4.3,18.4,51
2023-04-12 22:56:38,0.0,6.1,10.1,2
2023-04-13 07:14:27,0.0,7.1,11.2,2
2023-04-13 08:41:09,0.0,3.8,11.5,3
2023-04-13 11:29:42,0.0,8.2,25.2,0
2023-04-13 15:01:41,0.0,8.2,22.0,1
2023-04-13 15:25:50,0.0,8.2,22.0,1
2023-04-13 18:46:09,0.0,4.0,10.8,0
2023-04-13 19:03:22,0.0,5.8,7.9,1
2023-04-13 19:13:23,0.0,8.9,23.0,1
2023-04-13 19:16:59,0.0,6.0,10.8,1
2023-04-13 20:11:15,0.0,4.1,7.9,1
2023-04-14 08:04:40,0.0,5.7,14.4,3
2023-04-14 08:05:58,0.4,6.3,12.6,51
2023-04-14 08:12:14,0.4,8.9,19.4,51
2023-04-14 08:43:20,0.0,2.8,10.4,3
2023-04-14 09:18:42,0.0,4.5,16.9,3
2023-04-14 09:24:15,0.0,5.8,18.0,3
2023-04-14 09:43:50,0.0,4.5,16.9,3
2023-04-14 10:02:49,0.9,11.1,24.8,53
2023-04-14 10:21:56,0.4,11.2,23.0,51
2023-04-14 10:43:09,0.9,11.1,24.8,53
2023-04-14 11:14:18,0.5,10.2,31.7,53
2023-04-14 11:20:07,0.3,8.2,24.1,51
2023-04-14 15:21:01,0.1,10.5,27.0,51
2023-04-14 15:27:02,0.1,10.5,27.0,51
2023-04-14 15:28:30,2.1,8.2,33.8,61
2023-04-14 18:35:17,0.3,5.9,11.2,51
2023-04-14 18:49:21,1.9,3.1,10.8,61
2023-04-14 20:15:59,0.2,4.4,14.0,51
2023-04-14 23:57:38,0.2,6.8,15.8,51
2023-04-15 00:13:42,0.0,8.0,15.5,2
2023-04-15 00:35:50,0.0,4.9,10.4,3
2023-04-15 02:41:47,0.0,10.4,19.4,3
2023-04-15 05:12:17,0.0,1.8,5.8,3
2023-04-15 05:33:40,0.0,4.3,9.0,3
2023-04-15 12:27:54,0.0,7.1,19.1,2
2023-04-15 15:20:41,0.0,9.2,22.7,3
2023-04-15 15:54:21,0.0,11.2,26.3,0
2023-04-15 16:19:29,0.0,8.0,18.4,1
2023-04-15 18:23:38,0.2,12.7,23.0,51
2023-04-15 20:30:54,0.0,17.7,31.3,0
2023-04-15 21:41:38,0.0,10.5,28.1,3
2023-04-15 21:59:45,0.0,9.7,23.4,1
2023-04-16 06:29:40,0.0,8.8,19.4,3
2023-04-16 11:12:56,0.0,5.8,19.8,3
2023-04-16 15:51:57,0.0,4.4,14.8,1
2023-04-16 17:33:43,0.0,2.6,10.8,1
2023-04-16 18:20:57,0.0,5.6,6.8,0
2023-04-17 07:45:10,0.0,12.8,23.0,3
2023-04-17 09:48:31,0.0,9.9,20.9,3
2023-04-17 11:48:46,0.0,19.1,37.1,0
2023-04-17 15:54:02,0.4,17.4,37.8,51
2023-04-17 16:12:58,0.3,13.6,37.8,51
2023-04-17 17:53:05,0.3,11.6,25.2,51
2023-04-17 18:33:26,0.7,3.6,19.1,53
2023-04-17 19:09:31,0.1,3.7,6.5,51
2023-04-17 20:04:31,0.0,9.7,17.6,3
2023-04-17 20:06:53,0.0,7.6,12.6,3
2023-04-18 04:25:14,0.0,12.3,22.7,3
2023-04-18 06:49:48,0.6,11.2,23.8,53
2023-04-18 07:01:17,0.0,6.2,13.0,3
2023-04-18 07:34:29,0.0,6.2,13.0,3
2023-04-18 07:44:51,4.6,2.6,12.6,63
2023-04-18 08:12:00,2.7,11.7,29.2,63
2023-04-18 08:18:56,3.7,10.5,26.6,63
2023-04-18 08:32:42,2.1,15.8,42.5,61
2023-04-18 08:50:16,2.4,13.3,34.2,61
2023-04-18 10:03:40,0.0,16.9,46.1,3
2023-04-18 10:15:18,0.0,20.7,45.7,3
2023-04-18 10:31:16,0.1,28.0,44.3,51
2023-04-18 10:45:58,0.1,28.1,44.6,51
2023-04-18 12:14:25,1.3,17.8,50.0,61
2023-04-18 12:23:54,1.3,17.8,50.0,61
2023-04-18 12:37:14,0.2,18.0,56.5,51
2023-04-18 14:04:56,2.6,10.7,58.7,63
2023-04-18 16:43:32,0.6,15.3,40.3,53
2023-04-18 17:13:59,0.0,20.8,32.4,3
2023-04-18 17:28:07,7.1,12.1,40.7,63
2023-04-18 18:05:47,1.9,14.2,47.5,61
2023-04-18 18:13:00,0.0,10.2,24.5,3
2023-04-18 18:30:42,1.8,16.9,38.9,61
2023-04-18 19:40:59,1.1,17.2,37.1,55
2023-04-18 20:44:36,2.4,13.8,37.1,61
2023-04-19 03:52:03,8.3,11.8,30.6,65
2023-04-19 06:35:07,0.0,7.6,14.8,3
2023-04-19 06:37:33,1.4,9.8,29.5,61
2023-04-19 08:17:36,0.0,11.6,20.5,3
2023-04-19 09:25:41,0.1,12.6,28.1,51
2023-04-19 09:30:50,0.0,12.7,25.9,3
2023-04-19 10:48:51,0.2,17.0,37.1,51
2023-04-19 12:28:22,0.0,13.9,33.8,2
2023-04-19 14:02:30,0.0,15.9,29.9,3
2023-04-19 14:14:23,0.0,15.9,29.9,3
2023-04-19 16:29:16,0.0,18.5,37.4,3
2023-04-19 16:38:02,0.0,14.8,30.6,1
2023-04-19 20:49:38,0.0,12.6,22.3,3
2023-04-19 21:45:44,0.0,17.7,23.0,3
2023-04-20 01:34:50,0.0,10.9,22.7,3
2023-04-20 06:18:40,0.0,5.9,9.0,1
2023-04-20 07:19:13,0.0,4.3,11.9,3
2023-04-20 07:23:47,0.0,5.1,13.7,0
2023-04-20 07:24:45,0.0,2.5,9.4,2
2023-04-20 07:38:11,0.0,4.7,11.5,2
2023-04-20 08:44:55,0.0,4.7,13.3,0
2023-04-20 13:14:41,0.0,10.8,23.8,3
2023-04-20 13:41:00,0.0,8.0,24.5,0
2023-04-20 15:18:05,0.0,8.7,22.0,2
2023-04-20 15:51:31,0.0,8.7,22.0,2
2023-04-20 18:05:54,0.0,7.3,12.2,0
2023-04-20 18:09:26,0.0,10.3,19.4,0
2023-04-20 18:50:16,0.0,6.9,11.5,0
2023-04-20 18:52:33,0.0,6.9,11.5,1
2023-04-20 19:34:58,0.0,9.3,12.6,0
2023-04-20 20:08:37,0.0,9.5,12.6,0
2023-04-21 04:27:24,0.0,11.0,21.6,0
2023-04-21 04:55:35,0.0,16.3,27.4,0
2023-04-21 05:05:00,0.0,8.3,14.8,0
2023-04-21 10:10:38,0.0,17.0,31.3,1
2023-04-21 10:51:31,0.0,17.6,32.8,0
2023-04-21 10:58:38,0.0,16.1,37.8,0
2023-04-21 16:02:51,0.0,12.7,23.0,0
2023-04-21 16:03:55,0.0,8.4,19.4,0
2023-04-21 18:37:59,0.0,9.0,11.5,0
2023-04-21 19:55:09,0.0,14.8,30.2,0
2023-04-21 20:34:19,0.0,13.0,25.2,0
2023-04-21 21:25:24,0.0,11.4,20.2,0
2023-04-21 23:22:06,0.0,10.8,19.1,0
2023-04-21 23:58:27,0.0,10.3,22.0,0
2023-04-22 03:29:00,0.0,7.4,20.5,0
2023-04-22 05:39:00,0.0,10.2,19.1,0
2023-04-22 06:52:57,0.0,8.9,16.9,0
2023-04-22 13:19:48,0.0,9.2,22.3,0
2023-04-22 14:51:57,0.0,8.8,24.5,1
2023-04-22 16:01:00,0.0,9.4,18.4,0
2023-04-22 17:40:25,0.0,9.3,24.5,0
2023-04-22 20:36:14,0.0,12.0,22.7,0
2023-04-22 23:13:29,0.0,8.7,15.8,0
2023-04-23 06:44:00,0.0,8.5,15.1,0
2023-04-23 07:23:27,0.0,10.8,20.9,0
2023-04-23 09:22:34,0.0,15.2,30.2,0
2023-04-23 09:49:53,0.0,10.6,23.8,0
2023-04-23 15:59:25,0.0,10.0,20.2,2
2023-04-23 17:29:11,0.0,14.8,32.8,0
2023-04-23 18:54:23,0.0,7.2,13.0,0
2023-04-23 19:21:58,0.0,16.3,32.4,0
2023-04-23 20:03:25,0.0,11.8,23.8,0
2023-04-23 20:18:39,0.0,8.4,17.3,0
2023-04-23 20:42:53,0.0,15.5,31.0,0
2023-04-23 23:09:53,0.0,6.5,10.8,0
2023-04-24 02:24:21,0.0,7.0,13.0,0
2023-04-24 05:11:47,0.0,12.4,23.4,0
2023-04-24 06:03:59,0.0,6.3,15.1,2
2023-04-24 08:02:06,0.0,12.6,24.5,0
2023-04-24 08:13:25,0.0,8.0,17.3,0
2023-04-24 10:32:02,0.0,11.5,26.3,0
2023-04-24 10:59:48,0.0,13.8,31.0,0
2023-04-24 11:51:14,0.0,3.3,16.2,0
2023-04-24 13:48:19,0.0,5.1,17.3,0
2023-04-24 14:07:16,0.0,8.5,20.2,0
2023-04-24 15:58:12,0.0,10.8,24.1,0
2023-04-24 16:46:05,0.0,17.4,35.6,0
2023-04-24 21:46:49,0.0,11.0,18.0,0
2023-04-25 00:20:30,0.0,6.4,11.5,0
2023-04-25 00:58:52,0.0,9.3,16.2,0
2023-04-25 04:22:48,0.0,7.0,14.8,3
2023-04-25 05:51:26,0.0,7.3,9.7,0
2023-04-25 06:56:08,0.0,6.4,13.0,3
2023-04-25 08:07:14,0.0,11.5,21.6,1
2023-04-25 08:32:29,0.0,9.7,20.9,0
2023-04-25 08:47:08,0.0,2.1,10.1,0
2023-04-25 17:31:32,0.0,2.5,15.8,3
2023-04-25 18:57:14,0.0,6.0,9.0,3
2023-04-26 01:45:30,0.0,6.6,14.8,3
2023-04-26 06:35:38,0.0,7.4,13.0,3
2023-04-26 06:43:07,0.0,8.4,13.0,3
2023-04-26 07:41:25,0.0,6.6,12.6,3
2023-04-26 07:56:05,0.0,8.5,15.1,3
2023-04-26 09:26:49,0.0,3.6,13.3,3
2023-04-26 10:10:07,0.0,15.3,26.6,3
2023-04-26 10:47:32,0.0,12.7,27.4,3
2023-04-26 11:00:58,2.1,5.9,28.1,61
2023-04-26 11:18:58,0.8,12.5,25.2,53
2023-04-26 11:51:39,2.7,8.6,28.4,63
2023-04-26 12:38:57,3.0,9.3,25.6,63
2023-04-26 14:02:45,1.4,7.6,15.1,61
2023-04-26 14:25:58,3.4,15.2,27.7,63
2023-04-26 14:29:57,3.4,15.2,27.7,63
2023-04-26 17:21:16,0.0,10.8,24.1,1
2023-04-26 18:43:45,0.1,7.1,14.4,51
2023-04-26 19:20:30,0.0,5.4,7.6,2
2023-04-27 06:15:27,0.0,5.2,9.0,3
2023-04-27 07:53:37,0.0,8.1,16.2,3
2023-04-27 14:11:16,0.1,9.7,26.6,51
2023-04-27 17:44:02,0.0,5.8,18.4,2
2023-04-27 17:54:11,0.0,6.0,18.4,2
2023-04-27 18:17:56,0.4,3.3,8.6,51
2023-04-27 22:48:50,0.2,7.4,14.0,51
2023-04-27 23:35:00,0.1,4.0,10.8,51
2023-04-27 23:41:04,1.3,4.9,8.6,61
2023-04-28 00:15:54,0.3,3.1,6.5,51
2023-04-28 05:52:29,0.2,9.0,16.6,51
2023-04-28 06:52:01,0.0,5.9,9.4,0
2023-04-28 07:18:18,0.0,13.5,25.2,3
2023-04-28 07:19:57,0.0,5.8,8.6,0
2023-04-28 07:34:32,0.0,5.8,8.6,0
2023-04-28 07:45:10,0.0,7.5,13.0,0
2023-04-28 08:13:12,0.0,7.9,17.3,3
2023-04-28 10:05:15,0.0,15.3,29.5,3
2023-04-28 10:17:33,0.1,14.3,24.5,51
2023-04-28 10:29:09,0.0,15.3,29.5,3
2023-04-28 11:17:43,0.1,13.4,28.8,51
2023-04-28 12:15:59,0.2,11.4,24.8,51
2023-04-28 13:39:24,0.1,5.2,18.4,51
2023-04-28 16:40:11,0.1,16.5,31.0,51
2023-04-28 17:36:29,0.0,9.2,19.8,1
2023-04-28 18:09:53,0.0,12.2,26.3,2
2023-04-28 18:52:53,0.0,13.5,27.0,2
2023-04-28 19:02:46,0.0,6.6,10.1,2
2023-04-28 19:37:55,0.0,6.6,10.1,2
2023-04-28 19:42:50,0.0,15.0,25.2,3
2023-04-28 19:56:41,0.0,6.6,10.1,2
2023-04-28 19:59:11,0.0,6.1,10.1,2
2023-04-28 23:17:36,0.0,11.5,19.4,0
2023-04-29 03:47:38,0.0,9.9,23.4,3
2023-04-29 08:51:00,0.0,6.2,16.2,0
2023-04-29 13:11:43,0.1,5.7,18.7,51
2023-04-29 16:46:41,0.0,5.8,15.5,0
2023-04-29 17:26:13,0.0,7.1,13.3,0
2023-04-29 17:57:34,0.0,8.2,18.0,2
2023-04-29 22:21:45,0.0,6.4,11.5,0
2023-04-29 22:52:43,0.0,10.9,22.7,0
2023-04-30 00:14:57,0.0,11.0,23.4,0
2023-04-30 00:33:37,0.0,16.7,29.5,1
2023-04-30 05:52:02,0.0,6.6,11.9,0
2023-04-30 08:20:17,0.0,3.4,11.5,2
2023-04-30 11:51:09,0.0,6.6,19.8,0
2023-04-30 13:44:23,0.0,3.9,15.1,0
2023-04-30 15:20:43,0.0,5.4,18.7,0
2023-04-30 18:42:42,0.0,7.7,8.6,1
2023-04-30 19:45:42,0.0,6.6,10.1,3
2023-05-01 13:20:16,0.0,12.3,27.7,1
2023-05-01 16:27:29,0.0,7.3,19.4,0
2023-05-01 18:25:15,0.0,9.7,15.8,1
2023-05-01 20:10:25,0.0,6.3,11.9,0
2023-05-01 23:18:34,0.0,8.7,16.6,1
2023-05-02 01:47:10,0.0,5.5,10.8,1
2023-05-02 07:21:06,0.0,1.6,8.3,0
2023-05-02 07:50:12,0.0,10.0,16.9,0
2023-05-02 08:06:17,0.0,8.6,18.0,0
2023-05-02 08:29:05,0.0,7.2,17.3,3
2023-05-02 08:36:18,0.0,4.4,12.6,1
2023-05-02 09:05:19,0.0,6.6,18.4,1
2023-05-02 12:42:12,0.0,9.7,22.3,0
2023-05-02 12:42:34,0.0,5.8,18.0,0
2023-05-02 12:51:42,0.0,11.2,25.6,0
2023-05-02 13:15:05,0.0,11.2,24.8,0
2023-05-02 13:57:20,0.0,6.4,18.4,1
2023-05-02 14:13:48,0.0,6.7,18.4,1
2023-05-02 15:58:04,0.0,7.4,18.4,1
2023-05-02 17:06:12,0.0,3.3,16.6,0
2023-05-02 17:49:24,0.0,1.9,15.5,0
2023-05-02 18:42:00,0.0,14.3,23.4,1
2023-05-02 19:19:36,0.0,11.0,22.3,2
2023-05-02 23:20:23,0.0,13.1,24.1,1
2023-05-03 00:04:39,0.0,5.7,9.7,3
2023-05-03 01:54:19,0.0,4.0,6.1,2
2023-05-03 06:33:07,0.0,10.8,18.7,3
2023-05-03 06:46:25,0.0,3.9,10.8,3
2023-05-03 08:15:05,0.0,4.1,11.5,0
2023-05-03 09:29:49,0.0,6.0,15.1,0
2023-05-03 15:53:12,0.0,8.9,21.2,0
2023-05-03 15:55:15,0.0,8.2,24.5,0
2023-05-03 16:05:07,0.0,5.3,19.4,0
2023-05-03 17:25:03,0.0,6.6,13.3,1
2023-05-03 17:57:19,0.0,3.8,16.2,0
2023-05-03 18:23:39,0.0,3.6,6.1,0
2023-05-03 19:04:12,0.0,6.9,12.2,0
2023-05-03 21:48:28,0.0,5.5,10.8,0
2023-05-03 22:46:52,0.0,4.7,12.2,0
2023-05-04 00:54:41,0.0,3.1,7.6,3
2023-05-04 07:13:03,0.0,5.4,9.7,1
2023-05-04 07:50:47,0.0,8.7,14.8,0
2023-05-04 08:09:45,0.0,10.3,20.2,3
2023-05-04 08:32:40,0.0,10.3,20.2,3
2023-05-04 09:08:18,0.0,3.7,10.8,2
2023-05-04 11:51:10,0.0,7.9,22.3,0
2023-05-04 15:48:20,0.0,6.8,18.4,0
2023-05-04 18:18:52,0.0,6.6,12.2,2
2023-05-04 21:08:52,0.0,4.5,14.4,3
2023-05-04 21:48:50,0.0,8.2,15.1,3
2023-05-04 22:58:30,0.0,2.6,6.1,3
2023-05-05 02:59:57,0.0,7.2,9.7,3
2023-05-05 03:37:43,0.0,6.8,12.6,3
2023-05-05 11:13:11,0.0,3.8,15.1,3
2023-05-05 12:56:53,0.0,4.6,16.2,3
2023-05-05 13:01:14,0.0,1.6,14.0,2
2023-05-05 13:28:10,0.0,4.2,15.8,3
2023-05-05 14:04:50,0.0,2.9,14.4,0
2023-05-05 16:33:34,0.0,7.3,16.9,0
2023-05-05 16:43:33,0.0,6.0,12.6,2
2023-05-05 17:07:33,0.0,1.9,9.4,0
2023-05-05 17:43:49,0.0,5.9,16.2,2
2023-05-05 18:23:41,0.0,5.7,6.8,1
2023-05-05 18:34:44,0.0,6.7,8.6,2
2023-05-05 18:38:42,0.0,5.7,6.8,1
2023-05-05 18:42:49,0.0,7.3,8.6,2
2023-05-05 18:45:38,0.0,4.5,5.8,1
2023-05-05 19:11:26,0.0,5.8,9.0,2
2023-05-05 19:28:00,0.0,9.2,15.8,1
2023-05-06 00:51:18,0.0,13.5,22.7,1
2023-05-06 01:25:20,0.0,15.5,27.0,0
2023-05-06 01:33:14,0.0,4.3,8.3,3
2023-05-06 01:42:16,0.0,9.4,11.9,0
2023-05-06 03:12:43,0.0,9.6,16.6,1
2023-05-06 04:59:50,0.0,6.3,11.2,0
2023-05-06 08:30:29,0.0,10.4,20.5,0
2023-05-06 10:11:59,0.0,10.2,26.3,1
2023-05-06 10:22:49,0.0,9.0,25.2,1
2023-05-06 10:43:42,0.0,9.0,25.2,1
2023-05-06 10:46:36,0.0,1.5,11.5,3
2023-05-06 13:14:22,0.0,1.8,13.3,1
2023-05-06 15:12:35,0.0,9.2,20.9,3
2023-05-06 15:33:46,0.0,1.5,11.9,3
2023-05-06 16:35:00,0.0,2.8,9.7,3
2023-05-06 19:04:36,0.0,11.5,20.2,3
2023-05-06 19:07:31,0.0,9.5,15.5,3
2023-05-06 19:57:37,0.0,7.2,11.2,2
2023-05-06 22:30:00,0.0,10.4,21.2,1
2023-05-07 03:38:00,0.0,3.6,9.4,3
2023-05-07 12:42:43,0.0,7.4,20.5,3
2023-05-07 13:18:58,0.0,8.0,22.0,3
2023-05-07 14:39:45,0.0,9.4,25.2,3
2023-05-07 17:20:23,0.0,6.7,17.6,1
2023-05-07 20:43:18,0.0,8.4,14.4,0
2023-05-07 22:09:04,0.0,5.3,14.0,3
2023-05-07 22:35:28,0.0,6.9,13.7,0
2023-05-07 22:45:35,0.0,5.4,10.1,3
2023-05-08 01:15:49,0.0,6.9,14.8,3
2023-05-08 01:27:32,0.0,3.2,5.0,1
2023-05-08 07:14:19,0.0,6.9,10.4,0
2023-05-08 07:26:15,0.0,7.3,11.2,0
2023-05-08 07:51:31,0.0,8.0,11.9,0
2023-05-08 09:19:36,0.0,6.6,17.3,0
2023-05-08 13:59:02,0.0,5.1,20.5,2
2023-05-08 15:45:17,0.0,5.5,18.0,2
2023-05-08 17:34:26,0.0,2.3,7.2,1
2023-05-08 18:23:31,0.0,4.4,6.8,0
2023-05-08 19:19:32,0.0,3.0,4.7,3
2023-05-09 01:40:56,0.0,6.5,8.6,3
2023-05-09 01:49:43,0.0,4.0,7.9,1
2023-05-09 02:41:06,0.0,6.1,10.1,3
2023-05-09 07:43:21,0.0,5.2,9.0,3
2023-05-09 08:58:43,0.0,3.0,8.6,3
2023-05-09 09:11:37,0.0,4.8,9.7,3
2023-05-09 09:13:44,0.0,4.8,9.7,3
2023-05-09 11:57:49,0.0,5.0,15.5,3
2023-05-09 13:39:01,0.0,5.6,16.9,3
2023-05-09 17:32:16,0.0,12.3,25.2,3
2023-05-09 17:51:29,0.0,3.9,13.0,3
2023-05-09 18:43:31,0.0,6.1,9.4,3
2023-05-09 19:09:02,0.0,7.1,15.1,3
2023-05-09 19:19:00,0.0,6.6,10.8,3
2023-05-09 19:59:58,0.0,6.8,14.4,3
2023-05-09 20:42:44,0.0,10.3,22.3,3
2023-05-10 03:32:04,0.0,9.2,22.0,3
2023-05-10 06:29:11,0.0,5.8,10.8,3
2023-05-10 09:49:12,0.0,8.6,20.5,3
2023-05-10 10:01:45,0.1,9.2,20.2,51
2023-05-10 10:23:13,0.1,9.2,20.2,51
2023-05-10 11:24:28,0.0,7.0,20.9,3
2023-05-10 14:59:07,0.2,2.0,27.4,51
2023-05-10 17:44:53,0.3,8.2,23.0,51
2023-05-10 19:01:37,0.7,11.9,25.9,53
2023-05-10 19:03:01,0.0,6.6,9.0,2
2023-05-11 03:23:33,0.0,6.6,12.2,1
2023-05-11 06:07:41,0.0,2.5,7.6,1
2023-05-11 07:21:35,0.0,3.8,9.4,1
2023-05-11 07:22:22,0.0,5.4,7.9,3
2023-05-11 11:58:33,0.2,6.6,19.8,51
2023-05-11 12:33:24,0.0,10.7,25.6,0
2023-05-11 16:48:47,0.0,11.0,24.8,0
2023-05-11 17:16:52,0.0,8.7,23.8,0
2023-05-11 17:24:16,0.0,4.2,15.5,0
2023-05-11 18:23:04,0.0,5.6,15.1,0
2023-05-11 22:52:58,0.0,15.9,31.0,3
2023-05-12 00:54:14,0.0,12.0,30.6,3
2023-05-12 01:17:55,0.0,18.1,32.8,1
2023-05-12 01:18:06,0.0,17.6,31.0,1
2023-05-12 01:22:09,0.0,10.0,16.9,2
2023-05-12 01:42:59,0.0,11.7,20.9,0
2023-05-12 07:11:48,0.0,14.7,24.8,3
2023-05-12 07:59:02,0.0,15.5,29.9,3
2023-05-12 08:04:26,0.0,13.7,27.7,1
2023-05-12 08:16:39,0.0,15.8,28.4,0
2023-05-12 09:22:02,0.0,1.9,9.7,1
2023-05-12 11:45:13,0.0,8.4,26.6,1
2023-05-12 15:50:06,0.0,7.5,18.4,0
2023-05-12 17:05:05,0.0,10.5,24.5,0
2023-05-12 18:46:38,0.0,7.6,14.4,0
2023-05-12 18:50:51,0.0,16.1,33.5,0
2023-05-12 18:54:17,0.0,2.4,9.4,0
2023-05-12 19:13:08,0.0,15.5,25.2,1
2023-05-12 20:01:31,0.0,16.6,29.2,0
2023-05-12 20:39:09,0.0,9.8,10.1,0
2023-05-13 01:13:53,0.0,15.1,26.6,0
2023-05-13 01:33:38,0.0,11.5,23.8,3
2023-05-13 02:06:09,0.0,13.0,25.6,3
2023-05-13 09:02:08,0.0,15.1,32.8,0
2023-05-13 09:25:22,0.0,15.1,32.8,0
2023-05-13 11:07:22,0.0,6.9,20.9,0
2023-05-13 11:20:54,0.0,6.9,20.9,0
2023-05-13 11:58:29,0.0,6.0,18.7,0
2023-05-13 13:34:20,0.0,4.7,16.6,0
2023-05-13 13:49:24,0.0,3.1,15.8,1
2023-05-13 17:06:47,0.0,11.0,20.5,0
2023-05-13 18:40:03,0.0,7.7,16.6,0
2023-05-13 19:03:06,0.0,7.0,11.2,0
2023-05-13 19:21:00,0.0,12.8,30.2,1
2023-05-13 19:46:29,0.0,7.0,11.2,0
2023-05-13 22:18:48,0.0,9.5,17.3,0
2023-05-13 22:35:29,0.0,15.8,27.4,0
2023-05-13 23:56:17,0.0,11.7,19.4,0
2023-05-14 00:00:04,0.0,6.4,13.3,0
2023-05-14 03:33:29,0.0,9.2,19.1,2
2023-05-14 03:36:01,0.0,6.3,14.4,3
2023-05-14 03:43:30,0.0,13.7,24.8,2
2023-05-14 05:37:02,0.0,7.9,14.8,1
2023-05-14 10:18:36,0.0,1.6,11.9,0
2023-05-14 10:52:00,0.0,2.6,11.9,0
2023-05-14 11:00:45,0.0,1.1,12.6,0
2023-05-14 11:18:02,0.0,2.0,13.0,0
2023-05-14 12:09:45,0.0,4.1,16.2,0
2023-05-14 12:42:09,0.0,2.8,15.5,0
2023-05-14 14:46:51,0.0,2.3,12.6,0
2023-05-14 16:31:12,0.0,7.6,18.7,0
2023-05-14 18:25:24,0.0,6.5,10.1,0
2023-05-14 18:34:28,0.0,5.0,5.0,0
2023-05-14 18:36:28,0.0,7.4,12.2,0
2023-05-14 19:06:12,0.0,7.6,11.9,0
2023-05-14 20:20:51,0.0,7.3,14.4,0
2023-05-14 22:34:57,0.0,7.3,11.5,0
2023-05-14 23:31:33,0.0,9.5,12.2,1
2023-05-15 00:13:00,0.0,8.9,16.2,0
2023-05-15 06:59:36,0.0,9.2,11.2,3
2023-05-15 07:45:15,0.0,8.4,17.3,3
2023-05-15 08:03:07,0.0,10.1,18.7,0
2023-05-15 08:07:47,0.0,3.6,12.2,3
2023-05-15 08:15:26,0.0,7.4,18.7,3
2023-05-15 09:32:00,0.0,8.9,19.1,0
2023-05-15 13:18:24,0.0,9.4,21.6,3
2023-05-15 14:15:42,0.0,5.8,19.8,0
2023-05-15 14:26:23,0.0,8.3,21.6,3
2023-05-15 18:20:23,0.0,8.2,11.2,3
2023-05-15 18:43:51,0.0,7.8,13.3,3
2023-05-15 21:44:37,0.0,7.0,11.9,3
2023-05-16 04:36:17,0.0,5.8,9.4,0
2023-05-16 05:11:26,0.0,6.2,10.4,0
2023-05-16 05:47:00,0.0,10.1,18.4,0
2023-05-16 07:45:57,0.0,5.1,9.0,0
2023-05-16 08:01:19,0.0,7.0,15.1,0
2023-05-16 08:15:59,0.0,3.3,8.3,0
2023-05-16 09:51:40,0.0,2.9,9.7,0
2023-05-16 10:33:05,0.0,5.9,16.2,0
2023-05-16 10:54:38,0.0,8.9,22.7,0
2023-05-16 11:26:26,0.0,5.4,16.6,0
2023-05-16 11:26:35,0.0,11.4,26.6,0
2023-05-16 12:55:09,0.0,11.2,25.6,0
2023-05-16 15:11:18,0.0,10.1,23.0,0
2023-05-16 16:19:44,0.0,16.9,35.6,0
2023-05-16 16:49:24,0.0,16.9,35.6,0
2023-05-16 19:19:49,0.0,18.4,30.6,0
2023-05-16 21:54:54,0.0,11.8,24.5,0
2023-05-17 07:38:16,0.0,9.2,16.9,0
2023-05-17 07:40:45,0.0,8.6,16.6,0
2023-05-17 07:56:30,0.0,9.2,17.3,1
2023-05-17 09:52:29,0.1,15.3,34.6,51
2023-05-17 11:52:31,0.0,16.1,38.5,1
2023-05-17 12:31:32,0.0,13.0,31.3,0
2023-05-17 13:07:55,0.0,10.9,31.3,0
2023-05-17 16:37:32,0.0,15.4,33.1,0
2023-05-17 17:59:54,0.0,15.3,29.2,0
2023-05-17 18:37:42,0.0,15.2,25.6,0
2023-05-17 18:43:54,0.0,13.6,32.4,0
2023-05-17 19:07:01,0.0,17.4,28.4,0
2023-05-17 21:05:39,0.0,16.5,33.5,0
2023-05-18 01:01:46,0.0,7.6,15.5,2
2023-05-18 05:35:47,0.0,13.7,25.9,0
2023-05-18 06:23:42,0.0,19.7,33.8,1
2023-05-18 07:17:55,0.0,22.6,39.6,0
2023-05-18 09:30:46,0.0,7.3,21.6,0
2023-05-18 09:32:46,0.0,9.9,24.1,0
2023-05-18 10:07:14,0.0,13.1,25.6,1
2023-05-18 13:13:17,0.0,12.2,28.4,0
2023-05-18 14:16:15,0.0,10.1,24.5,0
2023-05-18 14:36:48,0.0,13.2,31.0,0
2023-05-18 15:59:17,0.0,4.9,19.1,0
2023-05-18 18:49:34,0.0,10.2,17.3,0
2023-05-18 23:39:34,0.0,6.6,11.9,0
2023-05-19 00:27:04,0.0,9.1,15.8,0
2023-05-19 02:24:49,0.0,7.6,15.8,0
2023-05-19 06:51:31,0.0,10.7,20.2,0
2023-05-19 07:34:23,0.0,3.8,10.8,3
2023-05-19 08:51:08,0.0,5.4,13.0,0
2023-05-19 11:42:04,0.0,3.4,19.4,0
2023-05-19 14:44:00,0.0,3.7,13.3,0
2023-05-19 15:24:42,0.0,5.4,17.3,0
2023-05-19 18:05:30,0.0,9.0,11.2,0
2023-05-19 18:55:26,0.0,9.5,17.6,0
2023-05-19 19:45:13,0.0,7.2,11.2,0
2023-05-19 20:01:41,0.0,6.0,13.0,0
2023-05-19 20:15:09,0.0,12.1,19.8,0
2023-05-20 00:56:58,0.0,11.0,20.5,0
2023-05-20 03:31:29,0.0,7.0,10.1,0
2023-05-20 07:14:06,0.0,6.5,8.3,0
2023-05-20 11:14:00,0.0,3.7,16.6,1
2023-05-20 11:41:33,0.0,4.7,18.0,1
2023-05-20 15:54:04,0.0,1.6,10.4,1
2023-05-20 16:57:48,0.0,3.4,11.9,0
2023-05-21 11:09:40,0.0,9.8,23.4,1
2023-05-21 12:03:18,0.0,11.1,26.6,3
2023-05-21 14:06:53,0.0,6.3,21.6,2
2023-05-21 16:32:16,0.0,10.0,22.0,3
2023-05-21 18:44:15,0.0,8.4,12.2,3
2023-05-21 20:10:51,0.0,5.7,7.6,3
2023-05-21 20:27:48,0.0,9.1,15.1,3
2023-05-21 22:07:25,0.0,9.7,21.2,3
2023-05-21 23:24:14,0.0,10.2,18.0,3
2023-05-22 00:16:27,0.0,9.4,22.7,3
2023-05-22 06:15:23,0.0,9.6,18.7,3
2023-05-22 07:54:42,0.0,7.9,13.3,3
2023-05-22 07:56:52,0.0,8.4,13.3,3
2023-05-22 08:36:19,0.0,10.2,18.7,3
2023-05-22 10:22:27,0.0,9.2,21.2,3
2023-05-22 13:51:45,0.0,15.0,34.6,3
2023-05-22 15:18:14,0.0,10.0,25.9,3
2023-05-22 16:13:07,0.0,4.7,16.9,3
2023-05-22 16:51:00,0.0,3.5,13.0,3
2023-05-22 22:33:01,0.0,7.4,13.0,0
2023-05-23 07:49:15,0.0,7.4,8.6,0
2023-05-23 08:51:23,0.0,5.5,11.9,0
2023-05-23 09:00:18,0.0,3.6,10.8,0
2023-05-23 12:51:27,0.0,4.2,15.1,0
2023-05-23 13:25:13,0.0,7.0,18.7,0
2023-05-23 13:26:50,0.0,2.9,13.3,0
2023-05-23 13:30:30,0.0,6.9,19.8,0
2023-05-23 15:47:42,0.0,10.7,25.2,0
2023-05-23 16:32:38,0.0,8.7,21.2,0
2023-05-23 17:10:25,0.0,5.1,20.5,0
2023-05-23 17:33:48,0.0,6.8,18.4,0
2023-05-23 17:41:29,0.0,10.3,29.5,0
2023-05-23 18:07:23,0.0,9.3,22.3,0
2023-05-23 21:04:47,0.0,8.7,18.4,0
2023-05-24 08:16:31,0.0,7.8,16.6,0
2023-05-24 08:19:19,0.0,7.1,13.7,0
2023-05-24 11:42:29,0.0,11.4,27.0,0
2023-05-24 12:31:47,0.0,8.4,23.0,0
2023-05-24 14:32:34,0.0,13.8,33.1,1
2023-05-24 15:39:40,0.0,10.9,30.6,1
2023-05-24 22:56:48,0.0,8.5,12.2,0
2023-05-25 00:08:02,0.0,12.3,23.0,0
2023-05-25 01:41:34,0.0,7.1,11.5,0
2023-05-25 03:06:12,0.0,7.2,11.5,0
2023-05-25 07:14:48,0.0,5.5,9.0,3
2023-05-25 09:24:51,0.0,7.9,18.7,0
2023-05-25 16:17:48,0.0,11.5,23.8,1
2023-05-25 16:34:39,0.0,7.6,19.4,1
2023-05-25 17:15:28,0.0,4.7,16.6,0
2023-05-25 17:21:26,0.0,8.8,22.3,1
2023-05-25 17:55:29,0.0,4.0,16.6,2
2023-05-25 18:28:00,0.0,7.6,10.8,1
2023-05-25 19:08:48,0.0,8.8,11.9,1
2023-05-25 20:47:45,0.0,9.4,21.2,0
2023-05-26 02:01:53,0.0,11.8,19.4,0
2023-05-26 03:24:06,0.0,10.5,18.0,0
2023-05-26 05:36:13,0.0,6.6,11.2,0
2023-05-26 07:19:49,0.0,5.2,10.8,0
2023-05-26 10:15:45,0.0,5.1,14.4,0
2023-05-26 10:32:37,0.0,8.0,20.5,0
2023-05-26 15:49:34,0.0,11.2,26.6,0
2023-05-26 16:34:43,0.0,12.0,29.5,2
2023-05-26 17:42:16,0.0,6.6,19.8,0
2023-05-26 17:42:53,0.0,7.3,19.8,0
2023-05-26 17:48:03,0.0,6.6,19.8,0
2023-05-26 18:55:39,0.0,5.1,10.4,1
2023-05-26 20:00:29,0.0,10.8,16.9,3
2023-05-26 22:27:41,0.0,8.9,16.6,1
2023-05-26 23:11:43,0.0,10.0,20.2,3
2023-05-27 00:47:00,0.0,9.4,21.6,1
2023-05-27 01:03:25,0.0,13.2,24.8,1
2023-05-27 01:29:50,0.0,8.2,14.0,3
2023-05-27 04:54:53,0.0,9.5,14.4,2
2023-05-27 07:14:32,0.0,7.6,10.1,2
2023-05-27 10:08:21,0.0,9.4,24.5,0
2023-05-27 11:36:27,0.0,15.0,32.8,2
2023-05-27 14:07:39,0.0,16.6,30.2,0
2023-05-27 14:09:08,0.0,13.5,32.8,1
2023-05-27 14:22:27,0.0,14.0,32.0,0
2023-05-27 15:40:05,0.0,13.5,31.0,0
2023-05-27 15:58:07,0.0,12.0,28.8,2
2023-05-27 19:22:16,0.0,7.6,14.4,0
2023-05-27 23:01:04,0.0,5.2,8.3,0
2023-05-28 00:22:38,0.0,7.0,11.9,1
2023-05-28 01:19:31,0.0,5.8,9.4,1
2023-05-28 02:03:00,0.0,10.0,20.2,0
2023-05-28 02:50:43,0.0,5.2,10.1,3
2023-05-28 17:50:02,0.6,12.5,19.8,53
2023-05-28 17:50:40,0.2,9.2,15.8,51
2023-05-28 17:55:41,0.3,10.3,18.7,51
2023-05-28 18:21:34,0.1,11.8,20.2,51
2023-05-28 22:26:04,0.0,12.3,22.7,3
2023-05-28 22:44:25,0.1,16.2,29.5,51
2023-05-29 00:39:33,0.0,12.3,22.3,3
2023-05-29 04:54:43,0.0,13.7,25.9,3
2023-05-29 06:48:51,0.0,5.8,10.1,3
2023-05-29 07:14:31,0.0,13.8,27.4,3
2023-05-29 07:30:36,0.0,13.8,27.4,3
2023-05-29 07:57:43,0.0,16.4,32.0,3
2023-05-29 08:33:31,0.0,17.6,33.5,1
2023-05-29 10:48:56,0.0,9.4,22.3,2
2023-05-29 11:03:02,0.1,20.2,42.8,51
2023-05-29 12:46:06,0.0,18.1,41.4,3
2023-05-29 17:36:36,0.0,15.3,31.7,3
2023-05-29 19:29:36,0.0,18.4,32.0,0
2023-05-30 04:41:15,0.0,8.9,18.7,3
2023-05-30 06:48:11,0.0,13.0,23.4,3
2023-05-30 07:57:22,0.0,19.2,32.4,3
2023-05-30 08:20:23,0.0,19.7,33.8,3
2023-05-30 12:26:59,0.0,18.0,39.2,3
2023-05-30 14:29:44,0.0,6.4,23.0,3
2023-05-30 14:47:47,0.0,6.4,23.0,3
2023-05-30 17:23:06,0.0,11.4,27.0,3
2023-05-30 17:38:47,0.0,11.4,27.0,3
2023-05-30 17:46:25,0.0,13.0,26.6,3
2023-05-30 17:56:55,0.0,11.4,27.0,3
2023-05-30 19:28:28,4.4,14.2,29.2,63
2023-05-30 22:26:43,5.7,14.3,30.2,63
2023-05-30 22:36:30,0.9,7.9,18.7,53
2023-05-30 23:18:40,2.2,13.6,25.6,61
2023-05-30 23:27:40,2.8,12.6,23.4,63
2023-05-30 23:29:53,7.3,13.7,30.2,63
2023-05-30 23:53:06,2.8,12.6,23.4,63
2023-05-31 03:38:41,1.0,6.1,16.6,55
2023-05-31 07:06:06,0.4,9.0,19.4,51
2023-05-31 07:06:28,2.7,7.4,18.7,63
2023-05-31 07:58:44,2.8,12.1,22.3,63
2023-05-31 09:02:48,1.1,8.2,20.9,55
2023-05-31 12:17:54,0.1,6.2,17.3,51
2023-05-31 12:50:00,0.0,3.2,13.7,3
2023-05-31 16:33:04,0.1,7.5,18.7,51
2023-05-31 19:32:13,0.0,4.3,8.6,1
2023-05-31 20:01:40,0.0,6.2,7.6,1
2023-06-01 00:27:54,0.0,6.6,7.6,0
2023-06-01 02:57:15,0.0,6.3,11.5,0
2023-06-01 05:39:37,0.0,3.1,6.1,3
2023-06-01 07:22:15,0.0,4.9,8.3,3
2023-06-01 07:37:43,0.0,5.4,10.8,1
2023-06-01 07:59:01,0.0,7.4,14.8,3
2023-06-01 08:37:19,0.0,5.4,13.0,1
2023-06-01 09:08:48,0.2,1.5,18.7,51
2023-06-01 11:54:41,0.1,3.7,13.3,51
2023-06-01 12:07:13,0.1,6.1,16.6,51
2023-06-01 14:20:00,0.0,6.4,18.0,1
2023-06-01 16:29:22,0.0,9.0,20.9,2
2023-06-01 16:41:45,0.0,8.6,18.7,1
2023-06-01 17:34:26,0.0,8.6,19.1,1
2023-06-01 18:02:03,0.0,10.5,17.3,0
2023-06-01 19:39:13,0.0,11.5,19.8,0
2023-06-01 20:23:07,0.0,7.2,13.3,0
2023-06-02 06:32:02,0.0,10.0,19.8,1
2023-06-02 09:28:27,0.0,17.0,36.0,0
2023-06-02 13:22:51,0.0,12.1,28.4,0
2023-06-02 15:16:13,0.0,11.6,24.8,0
2023-06-02 16:32:13,0.0,10.5,24.1,0
2023-06-02 16:59:41,0.0,10.5,24.1,0
2023-06-02 17:22:24,0.0,9.7,29.5,0
2023-06-02 18:02:25,0.0,10.1,12.6,0
2023-06-02 18:13:59,0.0,8.3,11.9,0
2023-06-02 18:14:04,0.0,10.1,12.6,0
2023-06-02 18:27:25,0.0,9.7,16.2,0
2023-06-02 18:28:33,0.0,8.3,11.9,0
2023-06-02 18:51:53,0.0,10.1,12.6,0
2023-06-02 20:40:04,0.0,12.6,20.9,0
2023-06-02 22:13:55,0.0,10.9,24.8,3
2023-06-03 00:05:18,0.0,12.3,20.5,0
2023-06-03 02:02:19,0.0,6.3,8.6,0
2023-06-03 06:16:28,0.0,5.8,14.4,3
2023-06-03 08:51:08,0.0,7.6,14.8,0
2023-06-03 10:51:09,0.0,5.8,17.3,0
2023-06-03 14:28:05,0.0,1.8,13.3,0
2023-06-03 14:30:40,0.0,10.5,25.9,0
2023-06-03 16:05:37,0.0,2.9,7.6,0
2023-06-03 18:09:41,0.0,7.3,9.4,0
2023-06-03 19:01:48,0.0,9.7,12.2,0
2023-06-03 21:50:53,0.0,5.1,9.4,0
2023-06-03 23:04:25,0.0,8.7,11.2,0
2023-06-04 04:18:33,0.0,8.1,10.8,0
2023-06-04 07:54:38,0.0,6.1,10.8,0
2023-06-04 08:41:51,0.0,6.0,11.5,0
2023-06-04 11:58:43,0.0,10.0,22.3,0
2023-06-04 12:08:42,0.0,9.4,22.7,0
2023-06-04 13:48:04,0.0,6.0,20.5,0
2023-06-04 14:32:59,0.0,1.4,11.9,0
2023-06-04 15:05:15,0.0,0.8,9.4,0
2023-06-04 16:09:35,0.0,2.9,9.4,0
2023-06-04 18:33:43,0.0,9.0,11.2,0
2023-06-04 19:03:53,0.0,6.1,9.4,0
2023-06-04 19:23:36,0.0,7.1,9.0,0
2023-06-04 19:30:09,0.0,2.6,6.1,0
2023-06-04 20:05:03,0.0,6.8,11.5,0
2023-06-04 21:29:55,0.0,6.3,10.4,0
2023-06-05 04:14:55,0.0,5.5,10.8,0
2023-06-05 06:38:07,0.0,2.5,3.6,0
2023-06-05 07:42:35,0.0,8.0,15.1,0
2023-06-05 07:58:20,0.0,7.5,9.0,0
2023-06-05 08:31:45,0.0,7.6,15.1,0
2023-06-05 09:33:59,0.0,5.9,14.4,0
2023-06-05 13:21:49,0.0,3.3,17.3,0
2023-06-05 13:44:15,0.0,2.3,14.8,0
2023-06-05 14:54:06,0.0,4.9,15.5,0
2023-06-05 16:08:33,0.0,5.9,14.4,0
2023-06-05 16:14:03,0.0,4.5,10.8,0
2023-06-05 16:54:02,0.0,5.5,13.0,0
2023-06-05 17:12:59,0.0,5.9,11.2,0
2023-06-05 18:40:20,0.0,12.3,28.1,1
2023-06-05 19:03:56,0.0,8.4,11.5,0
2023-06-05 19:36:30,0.0,8.6,11.9,1
2023-06-06 07:07:04,0.0,6.0,13.7,3
2023-06-06 07:19:54,0.0,12.8,22.7,0
2023-06-06 08:42:00,0.0,15.0,25.2,0
2023-06-06 08:56:33,0.0,10.3,19.4,0
2023-06-06 11:43:04,0.0,6.9,24.5,0
2023-06-06 19:01:08,0.0,10.4,21.2,0
2023-06-06 19:35:28,0.0,5.0,8.6,0
2023-06-06 22:45:09,0.0,13.5,25.6,0
2023-06-07 04:37:20,0.0,6.9,11.5,0
2023-06-07 05:50:19,0.0,6.2,12.6,3
2023-06-07 07:03:38,0.0,12.1,21.2,0
2023-06-07 07:44:42,0.0,12.1,21.2,0
2023-06-07 12:25:27,0.0,9.0,23.8,0
2023-06-07 13:01:09,0.0,8.7,23.0,0
2023-06-07 13:04:35,0.0,8.5,22.3,0
2023-06-07 13:09:02,0.0,11.0,23.0,0
2023-06-07 14:31:33,0.0,6.7,20.2,0
2023-06-07 14:41:52,0.0,5.7,18.4,0
2023-06-07 16:42:04,0.0,4.3,13.3,0
2023-06-07 17:22:30,0.0,7.8,13.3,0
2023-06-07 17:32:48,0.0,5.4,9.4,0
2023-06-07 17:49:43,0.0,5.4,10.4,0
2023-06-07 18:22:16,0.0,7.6,13.0,0
2023-06-07 18:43:03,0.0,10.5,12.6,0
2023-06-07 18:46:27,0.0,6.1,7.9,0
2023-06-07 21:05:45,0.0,7.4,11.2,0
2023-06-08 04:12:00,0.0,12.3,23.0,0
2023-06-08 04:21:38,0.0,10.2,18.7,0
2023-06-08 05:35:46,0.0,6.1,10.4,0
2023-06-08 06:31:16,0.0,2.9,4.3,0
2023-06-08 07:40:09,0.0,9.9,16.6,0
2023-06-08 08:55:03,0.0,7.6,14.0,0
2023-06-08 11:09:40,0.0,5.5,18.0,0
2023-06-08 13:21:05,0.0,3.1,14.0,0
2023-06-08 17:17:20,0.0,1.0,9.4,0
2023-06-08 18:59:35,0.0,7.9,11.9,0
2023-06-08 19:56:02,0.0,3.9,4.0,0
2023-06-08 21:21:58,0.0,7.6,10.4,0
2023-06-09 03:19:47,0.0,7.2,12.2,0
2023-06-09 06:49:09,0.0,9.4,18.7,0
2023-06-09 07:35:53,0.0,11.4,19.8,0
2023-06-09 08:02:26,0.0,13.7,24.5,0
2023-06-09 09:31:34,0.0,9.3,20.5,0
2023-06-09 13:45:02,0.0,16.8,38.5,0
2023-06-09 16:12:45,0.0,14.0,28.1,0
2023-06-09 18:34:00,0.0,4.7,7.2,0
2023-06-09 20:48:21,0.0,10.7,13.7,0
2023-06-09 20:57:47,0.0,8.7,16.2,0
2023-06-09 22:02:18,0.0,10.2,15.1,0
2023-06-09 22:29:10,0.0,10.5,19.1,0
2023-06-09 23:06:30,0.0,9.3,14.4,0
2023-06-09 23:08:15,0.0,1.1,3.2,0
2023-06-10 00:24:01,0.0,8.0,13.7,0
2023-06-10 01:30:12,0.0,9.9,16.6,0
2023-06-10 02:42:10,0.0,1.8,5.0,0
2023-06-10 08:04:31,0.0,10.2,16.9,0
2023-06-10 10:53:59,0.0,12.4,26.6,0
2023-06-10 20:47:15,0.0,8.3,15.5,0
2023-06-10 21:41:06,0.0,7.1,13.3,0
2023-06-10 21:52:58,0.0,4.6,13.3,0
2023-06-11 00:38:53,0.0,7.6,11.9,0
2023-06-11 01:26:09,0.0,7.3,11.9,0
2023-06-11 11:48:31,0.0,20.0,41.0,0
2023-06-11 14:32:51,0.0,18.1,35.3,3
2023-06-11 16:00:43,0.0,16.1,39.2,0
2023-06-11 16:21:03,0.0,16.1,39.2,0
2023-06-11 17:34:06,0.0,6.3,17.6,0
2023-06-11 18:29:30,0.0,9.0,12.2,0
2023-06-11 18:54:54,0.0,7.6,19.8,0
2023-06-11 19:45:41,0.0,6.9,19.1,0
2023-06-11 19:59:00,0.0,8.4,10.8,0
2023-06-11 20:43:06,0.0,10.6,14.8,0
2023-06-11 20:56:22,0.0,8.2,16.9,0
2023-06-11 21:45:50,0.0,6.6,10.8,0
2023-06-11 21:55:49,0.0,7.3,12.2,0
2023-06-12 00:34:33,0.0,10.2,12.2,0
2023-06-12 05:20:40,0.0,10.2,18.0,0
2023-06-12 05:43:28,0.0,6.4,10.1,0
2023-06-12 07:16:25,0.0,8.7,13.3,0
2023-06-12 07:28:37,0.0,3.4,6.5,3
2023-06-12 09:22:47,0.0,3.3,14.8,0
2023-06-12 10:13:00,0.0,0.4,8.3,0
2023-06-12 11:27:34,0.0,5.9,15.1,0
2023-06-12 15:41:35,0.0,6.3,18.4,0
2023-06-12 18:07:45,0.0,19.7,39.6,3
2023-06-12 19:35:19,0.0,9.0,16.6,3
2023-06-12 22:22:08,0.0,15.5,34.6,1
2023-06-13 01:07:42,0.0,14.7,26.3,1
2023-06-13 05:18:28,0.0,16.2,30.6,3
2023-06-13 08:33:10,0.0,15.8,27.7,3
2023-06-13 10:27:02,0.0,20.8,37.8,3
2023-06-13 13:14:38,0.0,20.7,40.0,1
2023-06-13 17:26:22,0.0,19.6,36.4,3
2023-06-13 17:27:00,0.0,6.5,16.6,3
2023-06-13 18:41:27,0.0,11.7,21.2,3
2023-06-13 19:59:00,0.0,18.3,38.9,3
2023-06-13 21:07:37,0.0,15.1,31.3,2
2023-06-13 21:21:19,0.0,14.1,24.8,1
2023-06-14 00:32:00,0.0,12.8,23.8,0
2023-06-14 01:27:16,0.0,12.1,24.1,3
2023-06-14 01:48:58,0.0,12.1,24.1,3
2023-06-14 05:37:53,0.0,14.1,24.8,3
2023-06-14 05:46:22,0.0,12.5,23.4,3
2023-06-14 06:05:20,1.7,14.9,30.6,61
2023-06-14 06:41:18,0.0,15.0,24.8,3
2023-06-14 06:59:03,5.5,16.9,29.5,63
2023-06-14 07:39:50,2.3,16.8,29.2,61
2023-06-14 08:06:46,1.0,17.8,32.0,55
2023-06-14 08:37:02,2.0,11.7,22.3,61
2023-06-14 08:43:31,1.8,17.0,30.6,61
2023-06-14 09:04:53,2.0,9.0,22.7,61
2023-06-14 09:24:42,2.0,10.4,27.4,61
2023-06-14 09:36:13,2.0,9.0,22.7,61
2023-06-14 10:09:37,0.7,11.8,23.4,53
2023-06-14 12:30:51,1.0,10.6,19.4,55
2023-06-14 12:52:02,1.0,10.6,19.4,55
2023-06-14 13:51:28,0.3,10.6,23.4,51
2023-06-14 13:53:07,0.4,7.8,18.4,51
2023-06-14 14:06:27,0.5,10.6,26.3,53
2023-06-14 14:27:05,0.5,11.4,23.4,53
2023-06-14 15:19:37,0.8,9.1,25.6,53
2023-06-14 15:31:52,0.6,6.8,17.3,53
2023-06-14 16:36:15,0.3,9.8,18.4,51
2023-06-14 16:57:21,0.6,6.1,15.8,53
2023-06-14 17:59:53,0.5,10.5,19.4,53
2023-06-14 18:03:26,0.5,8.6,16.9,53
2023-06-14 18:28:53,0.5,7.7,15.8,53
2023-06-14 19:06:49,5.5,6.8,11.2,63
2023-06-14 19:53:31,2.7,9.3,16.6,63
2023-06-14 22:58:16,0.2,10.5,19.1,51
2023-06-14 23:10:50,0.5,7.1,14.4,53
2023-06-14 23:31:21,0.2,12.8,22.0,51
2023-06-14 23:53:52,0.2,12.8,22.0,51
2023-06-15 06:42:02,0.0,4.6,10.1,3
2023-06-15 08:35:36,0.0,6.6,11.5,3
2023-06-15 08:49:23,0.0,5.4,12.2,3
2023-06-15 08:58:36,0.0,7.7,13.7,3
2023-06-15 09:30:46,0.0,7.3,11.5,3
2023-06-15 10:12:30,0.4,4.3,9.7,51
2023-06-15 10:54:19,1.4,10.4,19.4,61
2023-06-15 11:10:52,2.0,1.1,5.4,61
2023-06-15 13:51:49,1.8,11.4,25.6,61
2023-06-15 14:17:47,1.3,9.3,20.2,61
2023-06-15 16:01:48,2.1,11.0,19.8,61
2023-06-15 16:32:29,1.4,12.0,19.8,61
2023-06-15 17:29:38,0.6,12.4,25.2,53
2023-06-15 18:42:26,0.5,9.7,19.8,53
2023-06-15 18:43:47,1.0,9.3,18.0,55
2023-06-15 19:24:43,0.1,13.0,26.6,51
2023-06-15 19:57:55,0.2,9.5,17.6,51
2023-06-15 23:15:52,0.0,11.2,22.3,3
2023-06-15 23:32:10,0.0,16.5,33.1,3
2023-06-16 00:45:56,0.0,11.0,20.5,3
2023-06-16 05:05:35,0.0,9.0,17.6,3
2023-06-16 07:49:01,0.0,13.2,25.9,3
2023-06-16 09:28:55,0.0,10.0,19.8,3
2023-06-16 10:23:50,0.0,9.4,21.2,3
2023-06-16 11:24:35,0.0,10.4,23.4,3
2023-06-16 14:13:00,0.0,9.2,22.0,3
2023-06-16 18:10:15,0.0,8.2,22.7,0
2023-06-16 18:27:04,0.0,7.2,18.0,3
2023-06-16 18:30:19,0.0,8.2,22.7,0
2023-06-16 19:09:03,0.0,11.5,23.8,1
2023-06-16 19:14:25,0.0,7.6,14.4,0
2023-06-16 19:55:16,0.0,6.0,13.3,1
2023-06-16 20:21:17,0.0,8.9,12.6,0
2023-06-16 21:43:42,0.0,8.7,11.5,0
2023-06-17 00:23:45,0.0,2.9,4.7,3
2023-06-17 00:49:20,0.0,8.2,11.9,2
2023-06-17 04:59:37,0.0,7.1,11.5,1
2023-06-17 05:09:04,0.0,4.7,10.1,3
2023-06-17 05:52:04,0.0,4.0,5.8,2
2023-06-17 07:09:00,0.0,3.9,7.2,3
2023-06-17 09:08:42,0.0,2.3,9.4,3
2023-06-17 11:58:00,0.0,6.3,18.4,2
2023-06-17 14:34:51,0.0,5.7,17.3,2
2023-06-17 14:59:34,0.0,6.3,19.8,1
2023-06-17 15:05:27,0.0,5.0,15.5,1
2023-06-17 15:40:36,0.0,6.1,16.6,0
2023-06-17 15:41:25,0.0,4.3,14.0,1
2023-06-17 15:57:29,0.0,6.1,16.6,0
2023-06-17 17:59:54,0.0,6.6,15.5,0
2023-06-17 18:06:51,0.0,7.0,11.5,0
2023-06-17 21:01:02,0.0,5.2,6.5,0
2023-06-18 01:19:53,0.0,7.4,14.4,2
2023-06-18 01:33:33,0.0,10.8,18.0,0
2023-06-18 01:59:10,0.0,5.6,10.8,3
2023-06-18 04:50:57,0.0,7.1,13.0,0
2023-06-18 05:10:46,0.0,8.6,10.8,0
2023-06-18 06:15:31,0.0,8.1,10.8,0
2023-06-18 07:57:00,0.0,7.9,13.7,0
2023-06-18 08:06:07,0.0,8.3,16.6,0
2023-06-18 10:29:38,0.0,9.7,23.8,1
2023-06-18 17:44:47,0.0,5.8,17.6,0
2023-06-18 19:22:59,0.0,6.9,12.6,0
2023-06-18 22:41:12,0.0,11.2,26.3,3
2023-06-18 23:24:07,0.0,7.9,16.6,1
2023-06-19 00:25:58,0.0,20.8,36.0,3
2023-06-19 01:29:40,0.0,20.5,36.0,2
2023-06-19 05:20:01,0.0,8.8,19.8,3
2023-06-19 06:29:56,0.0,9.7,19.8,3
2023-06-19 08:01:55,0.0,15.5,25.6,1
2023-06-19 08:17:36,0.0,13.2,26.6,3
2023-06-19 09:02:10,0.0,5.8,16.6,0
2023-06-19 11:21:32,0.0,9.2,22.3,0
2023-06-19 14:11:00,0.0,5.4,18.0,0
2023-06-19 14:20:32,0.0,10.0,25.6,0
2023-06-19 15:13:00,0.0,5.8,15.8,0
2023-06-19 17:26:14,0.0,14.3,28.8,0
2023-06-19 18:18:00,0.0,6.9,16.2,0
2023-06-19 20:31:00,0.0,8.3,13.3,0
2023-06-19 23:48:53,0.0,16.3,29.2,3
2023-06-19 23:50:30,0.0,11.3,22.3,0
2023-06-20 08:26:40,0.0,11.9,22.3,0
2023-06-20 08:30:36,0.0,14.2,27.4,0
2023-06-20 09:31:03,0.0,6.2,13.3,0
2023-06-20 12:19:22,0.0,7.1,19.1,0
2023-06-20 19:11:53,0.0,6.6,7.9,0
2023-06-20 19:28:25,0.0,10.9,13.0,0
2023-06-20 22:01:45,0.0,6.1,10.1,0
2023-06-20 22:22:48,0.0,9.3,15.1,0
2023-06-21 00:41:00,0.0,6.4,11.2,0
2023-06-21 06:25:13,0.0,7.0,12.6,0
2023-06-21 06:32:44,0.0,7.7,12.6,0
2023-06-21 07:20:47,0.0,8.7,10.8,0
2023-06-21 07:37:48,0.0,12.5,21.6,0
2023-06-21 07:56:22,0.0,12.4,22.0,0
2023-06-21 08:59:01,0.0,12.7,20.2,0
2023-06-21 13:45:53,0.0,8.1,22.3,0
2023-06-21 15:13:00,0.0,7.7,19.8,0
2023-06-21 16:29:41,0.0,6.1,16.2,0
2023-06-21 16:41:14,0.0,5.1,17.3,0
2023-06-21 17:41:16,0.0,7.1,13.0,0
2023-06-21 19:34:08,0.0,1.8,4.0,1
2023-06-21 20:26:51,0.0,4.7,5.8,1
2023-06-21 22:08:47,0.0,9.7,15.1,2
2023-06-21 23:43:56,0.0,10.2,16.2,3
2023-06-21 23:44:19,0.0,11.3,18.4,3
2023-06-22 03:39:44,0.0,8.0,18.4,3
2023-06-22 04:38:01,0.0,6.1,10.8,3
2023-06-22 04:58:00,0.0,6.6,14.8,3
2023-06-22 07:08:01,0.0,8.7,16.2,3
2023-06-22 07:37:19,0.0,9.5,16.9,3
2023-06-22 10:31:34,0.0,9.5,22.3,3
2023-06-22 11:04:16,0.0,9.4,22.7,2
2023-06-22 14:06:06,0.0,11.9,26.3,3
2023-06-22 14:52:27,0.0,11.9,26.3,3
2023-06-22 15:05:12,0.0,10.1,24.5,3
2023-06-22 17:34:00,0.0,2.5,6.1,2
2023-06-22 22:58:02,0.0,7.5,13.0,0
2023-06-23 00:44:14,0.0,7.2,10.1,2
2023-06-23 09:09:33,0.0,10.8,18.7,3
2023-06-23 09:32:43,0.0,5.1,12.6,3
2023-06-23 10:09:44,0.0,7.2,18.4,3
2023-06-23 10:10:23,0.0,10.2,21.2,3
2023-06-23 10:45:10,0.0,11.0,22.7,3
2023-06-23 13:51:06,0.0,13.5,25.9,1
2023-06-23 15:09:13,0.0,12.8,28.4,3
2023-06-23 15:29:26,0.0,12.8,28.4,3
2023-06-23 15:54:09,0.0,17.8,30.2,2
2023-06-23 16:38:12,0.0,16.1,31.0,1
2023-06-23 20:20:40,0.0,9.0,18.0,3
2023-06-23 20:43:26,0.0,9.0,18.0,3
2023-06-24 01:26:49,0.0,7.0,10.1,0
2023-06-24 03:57:51,0.0,9.2,17.3,3
2023-06-24 04:46:39,0.0,9.5,15.5,0
2023-06-24 08:56:31,0.0,5.8,15.1,0
2023-06-24 12:57:19,0.0,11.8,25.6,0
2023-06-24 14:43:16,0.0,11.2,27.7,0
2023-06-24 17:22:45,0.0,5.2,11.5,0
2023-06-24 18:27:24,0.0,3.5,5.8,0
2023-06-24 19:20:21,0.0,6.0,10.4,3
2023-06-24 19:28:06,0.0,2.4,4.7,0
2023-06-24 19:50:09,0.0,6.6,11.5,3
2023-06-24 22:13:33,0.0,7.7,13.0,3
2023-06-25 00:56:31,0.0,7.0,11.9,3
2023-06-25 02:19:16,0.0,8.5,16.2,0
2023-06-25 02:47:14,0.0,7.1,14.4,0
2023-06-25 03:58:50,0.0,8.0,14.0,0
2023-06-25 09:47:20,0.0,6.5,13.0,0
2023-06-25 10:13:46,0.0,5.6,16.2,0
2023-06-25 10:28:45,0.0,8.4,19.1,0
2023-06-25 12:18:44,0.0,8.8,22.0,0
2023-06-25 13:46:38,0.0,9.6,23.8,0
2023-06-25 16:02:19,0.0,5.2,19.4,0
2023-06-25 16:30:44,0.0,4.1,15.5,0
2023-06-25 19:30:42,0.0,9.5,13.3,0
2023-06-25 23:07:34,0.0,6.7,11.5,0
2023-06-26 06:17:02,0.0,8.2,14.4,0
2023-06-26 06:43:23,0.0,7.3,10.8,0
2023-06-26 07:40:14,0.0,12.0,21.2,0
2023-06-26 08:11:40,0.0,5.4,12.2,0
2023-06-26 11:56:45,0.0,7.8,20.2,0
2023-06-26 12:58:47,0.0,7.1,22.0,0
2023-06-26 15:41:21,0.0,5.1,15.8,0
2023-06-26 15:56:09,0.0,9.4,23.4,0
2023-06-26 16:27:23,0.0,3.1,11.9,0
2023-06-26 18:41:50,0.0,7.6,13.7,0
2023-06-26 18:54:06,0.0,9.8,11.9,0
2023-06-26 20:33:47,0.0,8.7,12.6,0
2023-06-26 20:49:01,0.0,6.8,8.6,0
2023-06-26 22:23:33,0.0,7.6,12.2,0
2023-06-27 00:33:52,0.0,12.2,23.0,0
2023-06-27 00:48:51,0.0,7.0,11.5,0
2023-06-27 06:09:05,0.0,5.7,9.7,0
2023-06-27 07:45:34,0.0,10.3,17.6,0
2023-06-27 15:53:23,0.0,7.4,21.6,0
2023-06-27 16:13:00,0.0,4.9,14.8,0
2023-06-27 17:31:03,0.0,6.6,24.8,0
2023-06-27 17:45:05,0.0,6.7,15.8,0
2023-06-27 17:52:44,0.0,6.9,14.4,0
2023-06-28 05:43:17,0.0,11.5,20.5,0
2023-06-28 08:12:20,0.0,12.8,19.1,0
2023-06-28 08:55:39,0.0,12.8,19.1,0
2023-06-28 15:08:29,0.0,13.7,28.8,0
2023-06-28 15:33:11,0.0,8.6,22.0,0
2023-06-28 16:08:43,0.0,7.7,21.2,0
2023-06-28 16:19:31,0.0,8.0,23.8,0
2023-06-28 19:55:59,0.0,7.5,11.9,0
2023-06-28 20:07:21,0.0,6.5,13.3,0
2023-06-29 01:48:00,0.0,5.8,6.5,0
2023-06-29 04:18:54,0.0,9.1,10.8,0
2023-06-29 06:14:32,0.0,7.8,11.9,0
2023-06-29 06:17:00,0.0,9.2,15.8,0
2023-06-29 06:54:16,0.0,12.1,20.5,0
2023-06-29 07:16:22,0.0,13.0,19.8,0
2023-06-29 08:05:42,0.0,12.8,22.0,0
2023-06-29 10:32:11,0.0,6.4,18.0,0
2023-06-29 11:17:55,0.0,12.2,29.9,1
2023-06-29 13:02:44,0.0,8.0,24.1,0
2023-06-29 13:40:51,0.0,11.5,28.8,3
2023-06-29 15:41:42,0.0,13.2,27.0,1
2023-06-29 18:49:25,0.0,7.9,10.8,0
2023-06-29 19:02:29,0.0,21.7,38.5,0
2023-06-29 19:18:08,0.0,9.1,19.4,0
2023-06-30 01:20:09,0.0,12.0,22.0,0
2023-06-30 02:28:04,0.0,19.7,33.8,1
2023-06-30 07:56:14,0.0,7.5,12.2,0
2023-06-30 12:19:16,0.0,7.4,20.5,0
2023-06-30 12:27:42,0.0,5.2,17.3,0
2023-06-30 12:28:36,0.0,7.4,20.5,0
2023-06-30 15:57:13,0.0,2.3,14.8,0
2023-06-30 17:22:31,0.0,5.2,6.1,0
2023-06-30 17:35:04,0.0,4.8,11.9,0
2023-06-30 19:30:21,0.0,9.5,12.6,0
2023-06-30 19:55:43,0.0,7.3,15.5,0
2023-06-30 20:39:48,0.0,6.8,10.4,0
2023-06-30 21:00:16,0.0,12.6,18.4,0
2023-06-30 21:13:12,0.0,15.5,25.9,0
2023-06-30 21:54:20,0.0,10.2,18.7,0
2023-06-30 23:51:17,0.0,14.8,27.4,0
2023-07-01 06:24:47,0.0,3.4,8.3,3
2023-07-01 07:27:55,0.0,7.9,16.6,3
2023-07-01 10:48:26,0.0,3.4,14.0,0
2023-07-01 11:34:32,0.0,6.2,18.7,0
2023-07-01 12:12:04,0.0,5.9,19.4,0
2023-07-01 12:53:06,0.0,9.4,24.1,0
2023-07-01 13:09:38,0.0,7.0,19.8,0
2023-07-01 13:53:37,0.0,10.1,25.9,1
2023-07-01 14:10:32,0.1,11.0,26.6,51
2023-07-01 15:42:49,0.0,3.2,11.2,0
2023-07-01 18:33:06,0.0,7.6,19.4,1
2023-07-01 23:05:19,0.0,9.2,16.9,0
2023-07-02 01:05:17,0.0,10.3,20.2,0
2023-07-02 04:01:48,0.0,6.1,10.8,0
2023-07-02 10:42:47,0.0,9.7,24.1,0
2023-07-02 19:34:43,0.0,10.0,15.1,1
2023-07-02 19:44:00,0.0,7.9,10.1,0
2023-07-02 20:45:20,0.0,6.4,11.2,0
2023-07-02 21:07:30,0.0,10.9,22.0,3
2023-07-02 23:47:41,0.0,12.3,24.1,3
2023-07-03 09:15:43,0.0,8.9,20.5,0
2023-07-03 09:41:50,0.0,13.7,31.3,0
2023-07-03 11:01:51,0.0,11.6,25.2,0
2023-07-03 11:06:02,0.0,14.4,29.9,0
2023-07-03 12:15:09,0.0,12.3,28.8,0
2023-07-03 16:23:59,0.0,17.3,35.6,2
2023-07-03 17:08:20,0.0,5.5,15.5,0
2023-07-03 18:59:16,0.0,9.4,19.1,0
2023-07-03 20:12:41,0.0,12.4,20.9,0
2023-07-03 21:22:49,0.0,14.3,19.4,0
2023-07-04 05:52:32,0.0,5.1,9.0,0
2023-07-04 08:06:13,0.0,10.9,22.7,3
2023-07-04 14:13:17,0.0,5.0,18.4,0
2023-07-04 15:37:22,0.0,7.0,20.2,0
2023-07-04 17:14:25,0.0,4.6,16.2,0
2023-07-04 19:06:44,0.0,7.2,8.3,0
2023-07-04 21:22:29,0.0,6.7,14.4,0
2023-07-05 01:14:38,0.0,8.1,13.3,0
2023-07-05 05:51:51,0.0,9.1,16.9,0
2023-07-05 06:23:34,0.0,12.1,20.9,0
2023-07-05 06:48:02,0.0,8.1,10.8,0
2023-07-05 08:46:27,0.0,10.6,17.6,0
2023-07-05 11:56:54,0.0,12.0,25.6,0
2023-07-05 16:19:16,0.0,6.6,17.6,0
2023-07-05 16:41:38,0.0,6.7,16.9,0
2023-07-05 16:50:42,0.0,8.6,18.7,0
2023-07-05 19:43:48,0.0,7.3,13.0,0
2023-07-05 19:49:25,0.0,8.7,10.8,0
2023-07-05 20:16:56,0.0,8.2,11.5,0
2023-07-05 23:40:33,0.0,14.8,26.3,0
2023-07-06 05:12:01,0.0,7.7,14.8,0
2023-07-06 05:24:55,0.0,8.4,13.3,0
2023-07-06 06:21:24,0.0,9.2,16.6,0
2023-07-06 07:54:39,0.0,7.8,13.0,0
2023-07-06 11:11:15,0.0,10.2,26.6,2
2023-07-06 15:54:03,0.0,5.4,19.1,0
2023-07-06 17:36:32,0.0,5.8,23.4,0
2023-07-06 18:19:27,0.0,9.4,11.5,0
2023-07-06 19:14:07,0.0,7.8,11.5,0
2023-07-06 19:52:41,0.0,9.5,15.8,0
2023-07-06 20:37:33,0.0,7.2,11.5,0
2023-07-06 22:52:53,0.0,9.4,15.1,0
2023-07-07 00:07:47,0.0,14.2,24.5,0
2023-07-07 08:40:00,0.0,12.3,19.8,0
2023-07-07 10:09:05,0.0,5.0,14.8,3
2023-07-07 16:18:37,0.0,9.9,25.6,3
2023-07-07 16:50:23,0.0,11.7,29.5,2
2023-07-07 16:57:27,0.0,3.8,15.8,3
2023-07-07 17:06:21,0.0,5.9,14.8,2
2023-07-07 17:54:07,0.0,6.3,13.7,1
2023-07-07 18:15:27,0.0,5.7,6.8,3
2023-07-07 18:30:31,0.0,9.5,12.2,0
2023-07-07 20:52:41,0.0,7.2,10.1,0
2023-07-07 21:06:17,0.0,7.6,13.3,1
2023-07-07 22:55:41,0.0,8.3,14.8,2
2023-07-07 23:13:09,0.0,9.3,13.7,2
2023-07-08 00:00:00,0.0,7.3,11.2,3
2023-07-08 00:13:13,0.0,6.9,7.6,3
2023-07-08 02:08:22,0.0,4.2,9.0,3
2023-07-08 05:31:39,0.0,3.4,4.0,3
2023-07-08 05:35:07,0.0,3.4,4.0,3
2023-07-08 05:35:17,0.0,3.4,4.0,3
2023-07-08 05:35:24,0.0,3.4,4.0,3
2023-07-08 05:48:57,0.0,7.6,13.3,1
2023-07-08 06:07:23,0.0,11.4,18.7,1
2023-07-08 12:54:53,0.0,19.7,37.8,1
2023-07-08 14:11:26,0.0,21.4,45.0,1
2023-07-08 16:25:55,0.0,27.8,47.2,0
2023-07-08 17:29:18,0.0,6.6,26.6,0
2023-07-08 17:35:39,0.0,10.0,27.4,0
2023-07-08 18:42:22,0.0,9.0,13.3,1
2023-07-08 19:23:49,0.0,6.8,17.6,2
2023-07-08 19:54:44,0.0,7.1,14.8,1
2023-07-08 22:39:33,0.8,20.7,37.1,53
2023-07-08 22:57:13,0.0,5.1,9.7,3
2023-07-09 05:15:16,0.1,1.0,6.5,51
2023-07-09 05:32:01,0.1,2.5,7.2,51
2023-07-09 05:55:57,0.0,7.4,12.2,3
2023-07-09 06:21:07,0.0,5.9,9.7,3
2023-07-09 06:27:51,0.0,7.1,16.2,3
2023-07-09 07:05:00,0.0,8.4,15.8,3
2023-07-09 07:08:08,0.0,8.3,14.0,2
2023-07-09 07:27:01,0.8,2.9,6.8,53
2023-07-09 07:42:58,1.4,2.2,4.0,61
2023-07-09 07:51:39,0.9,1.4,3.6,53
2023-07-09 08:17:45,0.0,8.3,15.5,2
2023-07-09 09:09:06,0.5,5.5,16.6,53
2023-07-09 10:47:40,0.5,5.1,13.3,53
2023-07-09 11:21:13,0.1,4.7,11.9,51
2023-07-09 11:36:11,0.1,6.3,14.4,51
2023-07-09 12:41:41,0.8,8.4,19.1,53
2023-07-09 12:52:23,0.8,8.4,19.1,53
2023-07-09 13:23:43,0.3,8.7,18.7,51
2023-07-09 16:46:52,1.7,6.9,24.5,61
2023-07-10 04:36:17,0.0,4.3,10.8,2
2023-07-10 06:42:20,0.0,6.5,10.8,3
2023-07-10 06:54:16,0.0,11.3,20.5,3
2023-07-10 07:46:10,0.0,6.0,11.5,3
2023-07-10 08:24:11,0.0,4.0,10.8,3
2023-07-10 08:36:42,0.0,4.0,10.8,3
2023-07-10 10:19:02,0.0,9.2,18.7,2
2023-07-10 12:19:06,0.0,9.4,20.5,3
2023-07-10 13:21:00,0.0,6.6,18.0,1
2023-07-10 15:56:54,0.0,10.8,21.2,3
2023-07-10 16:14:03,0.0,11.7,27.7,3
2023-07-10 16:31:20,0.0,8.8,20.5,3
2023-07-10 16:52:18,0.0,11.7,27.7,3
2023-07-10 16:56:48,0.0,9.7,24.8,3
2023-07-10 16:58:06,0.0,11.7,27.7,3
2023-07-10 18:26:49,0.0,5.0,11.5,3
2023-07-10 19:01:13,0.0,6.9,11.5,3
2023-07-10 19:09:08,0.0,9.7,11.9,3
2023-07-10 19:24:21,0.0,3.6,6.8,3
2023-07-10 22:24:28,0.0,8.2,13.0,3
2023-07-10 23:31:29,0.0,7.0,12.6,3
2023-07-10 23:40:33,0.0,7.2,11.2,3
2023-07-11 00:17:56,0.0,6.9,11.9,3
2023-07-11 02:23:12,0.0,7.5,12.2,2
2023-07-11 08:26:36,0.0,8.9,14.0,0
2023-07-11 09:00:09,0.0,11.3,15.8,1
2023-07-11 09:37:36,0.0,8.6,15.5,1
2023-07-11 15:20:56,0.0,11.2,24.1,2
2023-07-11 17:31:16,0.0,5.2,16.2,1
2023-07-11 18:59:58,0.0,3.9,12.2,3
2023-07-11 19:56:16,0.0,3.7,7.6,1
2023-07-12 00:06:23,0.0,12.9,24.8,2
2023-07-12 00:39:38,0.0,7.7,18.4,3
2023-07-12 04:35:29,0.0,6.1,10.1,0
2023-07-12 05:40:30,0.0,7.7,15.5,0
2023-07-12 05:59:38,0.0,6.9,11.5,0
2023-07-12 09:18:36,0.0,8.9,20.2,0
2023-07-12 10:29:55,0.0,4.0,13.3,0
2023-07-12 13:29:19,0.0,18.5,35.3,0
2023-07-12 14:30:16,0.0,24.0,51.8,2
2023-07-12 14:36:14,0.0,17.7,36.4,0
2023-07-12 18:39:00,0.0,9.4,15.8,1
2023-07-12 18:55:02,0.0,8.0,13.3,1
2023-07-12 19:05:02,0.0,10.5,19.4,0
2023-07-12 23:12:49,0.0,10.2,18.7,0
2023-07-13 03:24:20,0.0,16.8,30.2,3
2023-07-13 05:02:38,0.0,28.1,55.1,2
2023-07-13 07:12:18,0.0,14.0,34.6,2
2023-07-13 07:31:15,0.0,13.0,22.3,3
2023-07-13 07:42:48,0.0,10.2,18.7,3
2023-07-13 10:06:56,0.0,26.2,56.9,0
2023-07-13 12:48:41,0.0,28.4,58.7,0
2023-07-13 14:39:22,0.0,26.0,56.2,0
2023-07-13 14:52:25,0.0,12.6,26.3,0
2023-07-13 15:04:42,0.0,20.1,42.8,0
2023-07-13 18:18:48,0.0,14.8,25.6,2
2023-07-13 18:25:24,0.0,13.9,29.9,3
2023-07-13 18:46:46,0.0,13.3,31.3,2
2023-07-13 21:27:04,2.0,14.9,40.3,61
2023-07-14 00:16:51,2.2,4.3,11.5,61
2023-07-14 02:24:35,0.0,15.2,25.9,3
2023-07-14 07:18:26,0.0,5.3,12.6,0
2023-07-14 08:03:35,0.0,6.1,12.6,0
2023-07-14 08:27:12,0.0,6.1,12.6,0
2023-07-14 08:57:35,0.0,7.5,15.5,0
2023-07-14 12:28:21,0.0,7.2,21.2,0
2023-07-14 12:44:59,0.0,7.2,21.2,0
2023-07-14 13:43:43,0.0,6.6,20.5,0
2023-07-14 13:45:52,0.0,5.8,21.2,0
2023-07-14 14:10:24,0.0,3.7,18.7,0
2023-07-14 14:51:41,0.0,9.4,25.9,0
2023-07-14 16:27:08,0.0,9.9,22.0,0
2023-07-14 16:44:05,0.0,9.3,24.1,0
2023-07-14 17:10:58,0.0,2.6,9.7,0
2023-07-14 17:43:45,0.0,2.6,9.7,0
2023-07-14 18:18:43,0.0,12.7,25.6,0
2023-07-14 18:35:21,0.0,5.5,6.5,0
2023-07-14 18:53:00,0.0,7.8,15.8,0
2023-07-14 19:02:41,0.0,6.6,11.2,0
2023-07-14 20:58:45,0.0,7.7,11.9,0
2023-07-14 22:18:33,0.0,10.7,18.7,0
2023-07-14 23:37:35,0.0,10.9,20.5,0
2023-07-15 00:04:44,0.0,13.0,23.4,1
2023-07-15 08:15:03,0.0,16.9,32.8,0
2023-07-15 10:28:33,0.0,9.9,24.8,0
2023-07-15 12:49:05,0.0,10.1,28.8,0
2023-07-15 13:30:27,0.0,5.6,20.5,0
2023-07-15 15:13:43,0.0,5.4,18.0,0
2023-07-15 15:16:13,0.0,4.6,16.9,0
2023-07-15 16:28:58,0.0,2.7,13.0,0
2023-07-15 18:28:24,0.0,3.6,5.8,0
2023-07-15 18:50:23,0.0,5.3,6.1,0
2023-07-15 20:38:54,0.0,7.6,11.9,0
2023-07-15 21:48:08,0.0,8.9,17.3,1
2023-07-15 21:53:54,0.0,6.4,12.2,0
2023-07-15 22:31:27,0.0,8.4,14.8,0
2023-07-16 00:54:24,0.0,7.8,14.4,2
2023-07-16 04:15:22,0.0,8.0,14.0,0
2023-07-16 05:23:28,0.0,6.3,7.9,0
2023-07-16 09:05:19,0.0,4.0,16.6,1
2023-07-16 09:19:08,0.0,5.2,22.0,1
2023-07-16 16:42:56,0.0,6.4,19.1,2
2023-07-16 17:17:30,0.0,5.2,19.8,3
2023-07-16 18:07:40,0.0,6.9,10.4,1
2023-07-16 18:52:19,0.0,10.5,13.0,1
2023-07-16 20:48:22,0.0,9.4,14.0,0
2023-07-16 22:03:04,0.0,6.2,7.2,2
2023-07-16 22:49:55,0.0,5.4,9.7,0
2023-07-17 00:20:20,0.0,5.5,10.1,3
2023-07-17 04:22:55,0.0,6.0,11.2,0
2023-07-17 06:18:59,0.9,5.6,10.1,53
2023-07-17 07:03:18,0.0,5.7,9.0,2
2023-07-17 07:53:26,0.0,5.0,8.3,1
2023-07-17 17:32:33,0.0,4.8,18.4,1
2023-07-17 18:19:19,0.0,5.8,8.6,0
2023-07-17 18:33:52,0.0,6.6,10.8,2
2023-07-17 19:36:29,0.0,13.5,33.1,3
2023-07-17 19:57:59,0.0,2.5,5.8,1
2023-07-17 20:26:42,0.0,6.9,10.8,1
2023-07-17 23:48:44,0.0,6.4,14.4,3
2023-07-18 06:28:12,0.0,7.6,16.9,3
2023-07-18 07:02:54,0.0,6.9,14.8,3
2023-07-18 07:59:39,0.0,1.6,7.6,3
2023-07-18 08:35:54,0.0,2.1,5.8,3
2023-07-18 09:15:40,0.0,6.4,16.2,0
2023-07-18 09:29:17,0.0,3.9,9.7,3
2023-07-18 12:27:27,0.0,11.8,27.0,3
2023-07-18 13:29:02,0.0,10.8,27.4,3
2023-07-18 14:12:07,0.0,9.4,20.5,2
2023-07-18 14:49:43,0.0,10.8,27.4,3
2023-07-18 15:48:24,0.0,12.6,27.7,3
2023-07-18 18:30:35,0.0,18.1,32.4,2
2023-07-18 18:59:32,0.0,20.6,34.9,2
2023-07-18 20:13:12,0.0,23.6,43.6,3
2023-07-18 20:45:39,0.0,18.0,36.0,3
2023-07-18 20:54:44,0.0,25.4,45.7,3
2023-07-18 21:58:37,0.0,18.9,35.6,3
2023-07-19 06:50:37,0.0,12.3,26.6,3
2023-07-19 07:09:42,0.0,20.4,35.6,3
2023-07-19 09:11:30,0.0,15.3,28.4,2
2023-07-19 10:21:15,0.0,20.4,40.3,3
2023-07-19 12:15:58,0.0,7.7,20.9,3
2023-07-19 14:05:52,0.0,15.2,34.9,0
2023-07-19 15:56:23,0.0,15.1,31.3,2
2023-07-19 16:11:21,0.0,20.4,40.0,0
2023-07-19 16:23:40,0.0,16.4,33.1,0
2023-07-19 17:02:56,0.0,17.4,35.3,1
2023-07-19 17:04:26,0.0,11.3,23.8,3
2023-07-19 17:45:31,0.0,22.1,41.4,1
2023-07-19 17:50:07,0.0,22.0,42.5,0
2023-07-19 23:35:42,0.0,19.6,40.7,1
2023-07-20 06:11:49,0.0,12.9,20.9,0
2023-07-20 06:26:28,0.0,16.9,31.7,3
2023-07-20 06:36:11,0.0,7.6,15.8,0
2023-07-20 08:49:48,0.0,15.0,31.3,0
2023-07-20 11:21:18,0.0,20.9,45.0,0
2023-07-20 12:51:43,0.0,16.6,36.0,0
2023-07-20 15:23:22,0.0,11.3,27.4,0
2023-07-20 16:32:10,0.0,7.2,20.9,0
2023-07-21 00:30:49,0.0,7.1,9.4,0
2023-07-21 04:46:36,0.0,5.2,8.3,2
2023-07-21 06:15:56,0.0,8.4,10.8,0
2023-07-21 06:20:06,0.0,6.5,10.1,0
2023-07-21 06:34:43,0.0,10.1,16.6,3
2023-07-21 07:53:12,0.0,10.9,19.1,3
2023-07-21 11:41:25,0.0,5.2,18.4,0
2023-07-21 11:58:39,0.0,11.2,25.9,0
2023-07-21 12:47:57,0.0,13.4,30.6,0
2023-07-21 15:31:30,0.0,7.7,19.1,1
2023-07-21 15:55:05,0.0,5.1,15.1,0
2023-07-21 19:05:02,0.0,15.1,26.3,0
2023-07-21 20:55:37,0.0,10.7,18.0,0
2023-07-21 22:54:29,0.0,8.9,16.9,0
2023-07-22 01:21:00,0.0,15.9,28.8,0
2023-07-22 01:37:38,0.0,6.9,12.6,0
2023-07-22 02:19:12,0.0,11.7,20.9,0
2023-07-22 04:47:11,0.0,6.5,11.2,0
2023-07-22 05:14:55,0.0,6.5,13.7,0
2023-07-22 05:33:56,0.0,5.1,9.0,1
2023-07-22 09:57:31,0.0,5.8,14.4,0
2023-07-22 11:50:00,0.0,10.3,24.5,0
2023-07-22 18:53:26,0.0,7.4,14.4,0
2023-07-22 19:15:54,0.0,3.8,5.8,0
2023-07-22 19:44:17,0.0,7.9,18.0,0
2023-07-22 19:56:09,0.0,9.7,12.2,0
2023-07-23 01:26:08,0.0,9.2,17.6,0
2023-07-23 02:42:31,0.0,18.4,35.3,0
2023-07-23 05:30:00,0.0,12.0,19.8,0
2023-07-23 05:56:06,0.0,11.5,20.2,0
2023-07-23 07:53:32,0.0,7.6,13.0,0
2023-07-23 08:08:18,0.0,9.7,17.6,0
2023-07-23 09:42:31,0.0,9.2,19.1,0
2023-07-23 09:55:41,0.0,6.1,16.6,0
2023-07-23 12:37:19,0.0,11.0,28.1,0
2023-07-23 16:26:29,0.0,9.0,15.8,3
2023-07-23 17:32:12,0.0,3.4,10.8,1
2023-07-23 18:25:50,0.0,9.1,9.7,0
2023-07-23 22:11:10,0.0,7.2,12.6,0
2023-07-23 22:27:08,0.0,10.4,13.7,0
2023-07-24 00:38:00,0.0,12.5,22.3,0
2023-07-24 02:19:49,0.0,11.3,19.4,0
2023-07-24 06:26:24,0.0,8.4,16.6,0
2023-07-24 06:31:38,0.0,7.2,13.7,0
2023-07-24 09:08:34,0.0,8.2,24.1,0
2023-07-24 12:27:38,0.0,11.1,27.7,0
2023-07-24 13:02:01,0.0,7.2,21.6,0
2023-07-24 13:39:54,0.0,6.3,18.4,0
2023-07-24 17:24:43,0.0,10.1,19.1,0
2023-07-24 18:09:22,0.0,7.8,8.6,0
2023-07-24 18:31:22,0.0,8.1,11.5,0
2023-07-25 00:30:05,0.0,7.3,14.8,0
2023-07-25 03:37:26,0.0,9.2,12.6,0
2023-07-25 04:28:23,0.0,8.7,14.4,0
2023-07-25 06:11:40,0.0,6.2,10.4,0
2023-07-25 07:01:11,0.0,7.3,11.2,0
2023-07-25 07:34:46,0.0,6.5,8.3,0
2023-07-25 08:23:20,0.0,7.8,14.4,0
2023-07-25 10:09:34,0.0,11.3,24.8,0
2023-07-25 15:21:59,0.0,3.3,15.5,1
2023-07-25 16:09:05,0.0,5.8,15.8,1
2023-07-25 16:22:42,0.0,6.9,16.9,2
2023-07-25 18:10:15,0.0,6.4,10.8,1
2023-07-25 20:47:06,0.0,6.7,11.9,0
2023-07-26 06:07:14,0.0,6.3,12.6,0
2023-07-26 06:56:38,0.0,10.9,21.6,0
2023-07-26 07:43:18,0.0,9.2,15.8,0
2023-07-26 08:01:44,0.0,11.6,20.9,0
2023-07-26 08:19:32,0.0,9.6,18.7,0
2023-07-26 13:51:54,0.0,11.2,28.8,0
2023-07-26 16:14:41,0.0,11.0,27.0,0
2023-07-26 21:44:03,0.0,10.7,12.2,1
2023-07-27 06:54:30,0.0,8.0,14.0,0
2023-07-27 07:07:14,0.0,8.6,11.2,0
2023-07-27 07:30:00,0.0,9.0,15.1,0
2023-07-27 11:50:05,0.0,3.8,14.4,1
2023-07-27 12:59:37,0.0,1.3,13.3,0
2023-07-27 14:47:16,0.0,9.3,22.3,0
2023-07-27 16:21:28,0.0,10.9,17.6,3
2023-07-27 18:04:42,0.0,23.4,43.2,1
2023-07-27 18:45:02,0.0,4.4,10.1,2
2023-07-27 19:28:46,0.0,19.9,38.9,0
2023-07-27 19:45:00,0.0,19.9,38.9,0
2023-07-28 03:10:00,0.0,8.9,19.1,3
2023-07-28 03:40:00,0.0,15.9,32.0,1
2023-07-28 04:25:31,0.0,9.3,17.6,3
2023-07-28 07:01:44,0.0,5.8,9.0,0
2023-07-28 07:50:29,0.0,6.1,9.7,0
2023-07-28 08:28:47,0.0,11.9,21.2,0
2023-07-28 14:57:02,0.0,13.8,32.0,0
2023-07-28 15:52:30,0.0,11.9,28.4,1
2023-07-28 17:39:43,0.0,8.1,20.9,2
2023-07-28 18:01:46,0.0,7.6,11.9,1
2023-07-28 18:11:49,0.0,6.9,10.8,2
2023-07-28 18:12:21,0.0,12.4,19.1,2
2023-07-28 18:58:58,0.0,12.3,19.1,3
2023-07-28 20:37:47,0.0,9.2,20.2,2
2023-07-28 22:02:19,0.0,9.1,28.4,0
2023-07-29 10:26:12,0.0,15.8,35.6,2
2023-07-29 11:56:34,0.0,20.6,41.4,3
2023-07-29 18:04:25,0.0,20.0,35.3,0
2023-07-29 18:20:51,0.0,20.0,35.3,0
2023-07-29 19:00:57,0.0,10.1,18.0,0
2023-07-29 21:53:16,0.0,20.7,32.8,0
2023-07-30 02:59:59,0.0,15.8,31.0,3
2023-07-30 04:11:46,0.0,16.4,31.7,3
2023-07-30 04:42:54,0.0,16.3,27.0,3
2023-07-30 04:46:06,0.0,11.3,19.4,0
2023-07-30 07:09:02,0.0,10.6,26.6,3
2023-07-30 10:10:33,0.0,9.4,24.5,0
2023-07-30 10:22:56,0.0,14.6,33.8,2
2023-07-30 17:10:35,0.0,3.8,10.4,0
2023-07-30 17:27:33,0.0,3.7,10.1,0
2023-07-30 18:15:48,0.0,12.6,22.3,0
2023-07-30 19:11:01,0.0,8.3,15.1,0
2023-07-30 19:13:00,0.0,11.0,23.8,0
2023-07-30 21:01:00,0.0,10.2,22.0,0
2023-07-31 04:12:25,0.0,7.9,10.1,0
2023-07-31 05:47:42,0.0,10.2,19.8,3
2023-07-31 06:50:01,0.0,5.0,9.7,1
2023-07-31 07:09:39,0.0,9.3,16.2,0
2023-07-31 07:39:45,0.0,10.2,17.3,0
2023-07-31 08:43:56,0.0,7.2,16.2,1
2023-07-31 08:56:18,0.0,5.5,11.2,0
2023-07-31 09:29:40,0.0,9.7,22.0,0
2023-07-31 10:23:07,0.0,4.1,15.8,0
2023-07-31 10:31:23,0.0,4.1,15.8,0
2023-07-31 10:54:47,0.0,2.6,13.0,2
2023-07-31 16:08:11,0.0,1.0,8.6,0
2023-07-31 17:21:00,0.0,8.0,18.7,0
2023-07-31 18:07:07,0.0,8.7,14.0,0
2023-07-31 19:00:09,0.0,8.0,16.6,0
2023-07-31 19:49:39,0.0,8.3,13.7,0
2023-08-01 06:53:04,0.0,9.5,18.0,0
2023-08-01 07:02:25,0.0,10.2,17.3,0
2023-08-01 08:21:22,0.0,10.0,21.2,3
2023-08-01 08:53:22,0.0,9.8,20.2,3
2023-08-01 18:55:31,0.0,5.2,5.8,0
2023-08-01 20:16:44,0.0,11.0,20.2,1
2023-08-01 21:32:49,0.0,7.3,16.6,0
2023-08-02 00:28:00,0.0,9.2,15.8,0
2023-08-02 02:38:32,0.0,8.3,10.8,0
2023-08-02 04:09:49,0.0,8.0,18.0,0
2023-08-02 07:19:57,0.0,8.2,11.9,0
2023-08-02 08:00:39,0.0,7.2,13.3,0
2023-08-02 08:21:00,0.0,7.9,15.5,0
2023-08-02 11:36:43,0.0,3.1,13.3,0
2023-08-02 11:53:33,0.0,7.3,20.2,0
2023-08-02 17:19:55,0.0,6.0,19.1,0
2023-08-02 18:24:50,0.0,9.8,12.6,0
2023-08-02 18:38:32,0.0,8.0,13.7,0
2023-08-02 19:08:14,0.0,9.2,12.6,0
2023-08-02 21:12:35,0.0,8.7,11.9,0
2023-08-02 23:50:35,0.0,11.2,19.4,0
2023-08-03 02:13:17,0.0,4.8,5.8,0
2023-08-03 02:47:00,0.0,10.1,18.4,0
2023-08-03 02:56:47,0.0,7.6,11.9,0
2023-08-03 04:31:31,0.0,7.1,12.6,0
2023-08-03 05:08:16,0.0,5.8,7.6,0
2023-08-03 07:45:28,0.0,6.8,14.0,0
2023-08-03 07:50:36,0.0,8.4,16.2,0
2023-08-03 08:01:15,0.0,8.9,15.1,0
2023-08-03 08:11:30,0.0,6.8,13.7,0
2023-08-03 08:37:30,0.0,9.5,16.2,0
2023-08-03 09:48:53,0.0,2.3,11.2,0
2023-08-03 12:14:36,0.0,13.5,31.3,0
2023-08-03 17:01:33,0.0,5.0,14.4,0
2023-08-03 17:18:55,0.0,6.8,16.9,0
2023-08-03 17:25:15,0.0,4.7,18.0,0
2023-08-03 18:06:27,0.0,7.8,8.6,0
2023-08-03 19:24:55,0.0,8.4,12.6,0
2023-08-03 22:34:18,0.0,9.2,16.2,0
2023-08-03 23:41:31,0.0,6.6,13.7,0
2023-08-04 04:56:02,0.0,12.5,22.7,0
2023-08-04 07:35:44,0.0,14.8,28.8,0
2023-08-04 07:50:41,0.0,9.7,16.6,0
2023-08-04 08:22:42,0.0,12.1,21.6,0
2023-08-04 08:28:32,0.0,11.9,24.5,0
2023-08-04 08:50:46,0.0,12.1,21.6,0
2023-08-04 09:10:21,0.0,9.6,20.5,0
2023-08-04 13:52:51,0.0,5.3,20.9,0
2023-08-04 17:57:33,0.0,6.4,17.6,0
2023-08-04 18:24:40,0.0,8.0,9.4,0
2023-08-04 18:45:29,0.0,8.0,9.4,0
2023-08-04 19:00:05,0.0,7.9,13.7,0
2023-08-04 20:07:14,0.0,7.3,11.9,0
2023-08-04 23:58:53,0.0,6.6,9.4,0
2023-08-05 01:09:38,0.0,7.3,10.8,0
2023-08-05 05:58:08,0.0,3.0,7.6,3
2023-08-05 08:04:32,0.0,2.4,10.4,3
2023-08-05 09:05:12,0.0,8.0,19.4,0
2023-08-05 10:06:58,0.0,9.0,22.0,0
2023-08-05 10:08:50,0.0,2.1,12.6,0
2023-08-05 10:19:09,0.0,9.4,22.7,0
2023-08-05 10:32:59,0.0,5.4,16.2,0
2023-08-05 10:52:50,0.0,9.0,22.0,0
2023-08-05 11:40:50,0.0,3.1,17.3,0
2023-08-05 11:54:55,0.0,3.7,17.6,0
2023-08-05 13:07:09,0.0,3.8,17.3,0
2023-08-05 13:09:26,0.0,3.7,18.0,0
2023-08-05 15:41:40,0.0,4.5,15.8,0
2023-08-05 15:57:27,0.0,6.8,18.0,0
2023-08-05 17:29:38,0.0,2.4,7.6,0
2023-08-05 19:33:49,0.0,8.1,15.1,0
2023-08-05 20:15:58,0.0,7.2,13.3,0
2023-08-06 00:19:06,0.0,6.5,14.0,0
2023-08-06 01:37:46,0.0,9.8,12.2,0
2023-08-06 02:47:07,0.0,10.3,20.9,0
2023-08-06 03:47:25,0.0,17.1,32.8,0
2023-08-06 04:03:21,0.0,4.8,10.1,0
2023-08-06 05:15:02,0.0,8.8,13.7,0
2023-08-06 07:06:35,0.0,5.4,10.4,0
2023-08-06 08:06:27,0.0,13.1,23.4,0
2023-08-06 08:07:50,0.0,10.5,16.9,0
2023-08-06 08:35:25,0.0,13.0,23.8,0
2023-08-06 09:46:05,0.0,9.4,24.5,0
2023-08-06 10:14:12,0.0,8.4,20.2,0
2023-08-06 11:15:37,0.0,13.1,28.4,0
2023-08-06 16:46:22,0.0,9.0,22.0,0
2023-08-06 17:57:13,0.0,5.6,18.0,0
2023-08-06 23:36:59,0.0,14.0,25.6,0
2023-08-07 06:29:28,0.0,6.8,12.2,0
2023-08-07 07:23:55,0.0,9.7,15.8,0
2023-08-07 16:25:30,0.0,9.7,26.3,0
2023-08-07 17:09:13,0.0,4.7,18.0,0
2023-08-07 18:41:52,0.0,10.9,13.0,0
2023-08-07 18:52:11,0.0,6.4,13.7,0
2023-08-07 18:55:05,0.0,7.3,24.8,0
2023-08-07 19:18:25,0.0,7.8,13.3,0
2023-08-07 19:27:44,0.0,2.6,7.9,0
2023-08-07 21:08:53,0.0,6.6,11.2,0
2023-08-07 21:52:09,0.0,8.6,7.9,0
2023-08-08 03:32:09,0.0,27.7,48.2,2
2023-08-08 07:28:11,0.0,22.0,38.5,1
2023-08-08 08:19:10,0.0,20.0,33.5,0
2023-08-08 08:22:55,0.0,15.2,32.4,0
2023-08-08 08:29:47,0.0,17.1,33.5,0
2023-08-08 10:29:32,0.1,20.6,34.2,51
2023-08-08 10:33:21,0.0,12.8,28.8,0
2023-08-08 12:52:58,0.1,20.3,43.2,51
2023-08-08 16:09:16,0.0,21.6,45.4,3
2023-08-08 17:47:53,0.0,23.7,44.3,1
2023-08-08 17:50:37,0.0,22.4,44.6,3
2023-08-08 18:23:56,0.0,21.6,39.2,0
2023-08-08 20:37:59,0.0,22.3,44.3,3
2023-08-08 22:13:35,0.0,24.5,45.4,3
2023-08-09 01:29:43,0.0,11.8,22.7,3
2023-08-09 02:33:05,0.0,21.7,40.0,0
2023-08-09 05:55:35,0.0,15.7,30.6,3
2023-08-09 06:44:55,0.0,21.6,40.3,0
2023-08-09 07:32:25,0.0,16.9,36.0,3
2023-08-09 07:40:58,0.0,3.2,6.8,3
2023-08-09 07:43:31,0.0,12.9,26.6,3
2023-08-09 09:08:19,0.0,13.0,29.9,0
2023-08-09 13:03:21,0.0,11.9,27.7,0
2023-08-09 14:10:02,0.0,14.5,33.8,0
2023-08-09 14:46:00,0.0,13.5,30.2,0
2023-08-09 17:53:22,0.0,4.0,26.3,3
2023-08-09 18:27:08,0.3,17.7,25.9,51
2023-08-09 20:12:55,0.1,9.8,32.8,51
2023-08-09 20:17:39,0.0,15.3,25.2,1
2023-08-09 20:44:27,0.1,9.8,32.8,51
2023-08-09 21:54:42,0.0,10.5,18.4,0
2023-08-10 05:33:58,0.0,16.6,27.7,0
2023-08-10 08:18:07,0.0,15.7,28.1,0
2023-08-10 10:26:36,0.0,15.3,33.1,0
2023-08-10 10:44:20,0.0,15.3,33.1,0
2023-08-10 11:44:20,0.0,12.6,23.0,3
2023-08-10 12:11:44,0.0,20.2,42.8,0
2023-08-10 12:37:26,0.0,20.1,43.6,0
2023-08-10 13:21:06,0.0,1.8,25.2,3
2023-08-10 13:27:59,0.0,18.1,41.4,0
2023-08-10 14:29:54,0.0,16.8,34.6,0
2023-08-10 17:33:23,0.0,7.4,25.9,0
2023-08-10 18:13:41,0.0,8.7,15.5,0
2023-08-10 18:23:43,0.0,7.2,11.5,0
2023-08-11 05:01:44,0.0,15.6,25.6,0
2023-08-11 06:56:34,0.0,7.4,16.9,0
2023-08-11 07:11:33,0.0,7.1,17.6,0
2023-08-11 16:18:58,0.0,9.5,25.2,0
2023-08-11 16:49:06,0.0,12.1,27.4,0
2023-08-11 17:35:52,0.0,5.2,19.4,0
2023-08-11 17:53:30,0.0,6.9,20.5,1
2023-08-11 18:22:13,0.0,6.4,10.8,1
2023-08-11 18:51:13,0.0,6.4,10.8,1
2023-08-11 19:15:59,0.0,5.1,11.9,0
2023-08-11 19:44:02,0.0,7.9,8.3,2
2023-08-11 20:11:49,0.0,16.5,28.8,0
2023-08-11 20:37:18,0.0,4.4,18.4,2
2023-08-11 22:38:32,0.0,9.5,21.2,0
2023-08-12 01:33:53,0.0,7.8,10.1,0
2023-08-12 02:52:43,0.0,4.7,7.9,0
2023-08-12 07:58:51,0.0,9.2,13.7,0
2023-08-12 09:31:10,0.0,8.0,16.9,0
2023-08-12 10:28:56,0.0,7.4,20.9,2
2023-08-12 12:18:00,0.0,10.0,29.2,3
2023-08-12 17:31:19,0.5,14.5,23.8,53
2023-08-12 18:00:31,0.0,24.8,58.7,3
2023-08-12 19:09:39,0.2,4.7,17.3,51
2023-08-12 19:11:05,1.2,15.6,50.4,55
2023-08-12 19:11:18,0.0,9.4,11.9,3
2023-08-12 19:16:22,0.0,7.9,11.2,3
2023-08-12 19:43:35,0.0,16.5,51.1,3
2023-08-12 20:07:13,0.1,17.5,35.3,51
2023-08-13 00:01:55,0.0,5.2,9.4,3
2023-08-13 00:31:26,0.0,12.6,26.6,3
2023-08-13 08:14:55,0.1,22.4,43.6,51
2023-08-13 10:56:38,0.0,16.9,38.5,3
2023-08-13 11:56:07,0.0,3.3,13.3,2
2023-08-13 15:56:52,0.0,22.9,42.5,3
2023-08-13 16:29:40,0.0,3.4,15.1,3
2023-08-13 17:36:13,0.0,23.7,40.0,3
2023-08-13 20:04:59,0.0,17.0,34.2,3
2023-08-13 23:22:39,0.0,16.8,28.4,3
2023-08-13 23:25:45,0.0,23.5,41.8,3
2023-08-14 02:07:01,0.0,11.8,25.2,3
2023-08-14 06:30:05,0.0,9.1,18.0,3
2023-08-14 08:03:36,0.0,6.8,15.8,3
2023-08-14 08:55:36,0.0,7.4,17.6,3
2023-08-14 08:56:32,0.0,12.3,24.5,3
2023-08-14 09:06:41,0.0,13.4,28.1,2
2023-08-14 10:54:57,0.0,3.3,14.4,2
2023-08-14 11:09:24,0.0,6.9,20.5,1
2023-08-14 12:17:48,0.0,4.4,22.3,3
2023-08-14 13:10:17,0.0,5.4,20.2,3
2023-08-14 14:48:06,0.0,2.2,16.2,3
2023-08-14 15:11:19,0.0,9.8,26.3,3
2023-08-14 16:02:00,0.0,5.3,16.6,3
2023-08-14 18:05:15,0.0,11.1,24.5,3
2023-08-14 18:38:04,0.0,12.3,27.4,3
2023-08-15 01:07:05,0.0,3.9,7.6,2
2023-08-15 03:30:54,0.0,5.5,12.2,2
2023-08-15 05:32:11,0.0,10.8,20.2,3
2023-08-15 07:58:45,0.0,8.4,17.6,3
2023-08-15 14:45:42,0.0,8.6,22.7,3
2023-08-15 14:48:53,0.0,6.8,19.1,3
2023-08-15 15:09:00,0.3,15.8,29.5,51
2023-08-15 15:43:10,0.4,12.9,28.8,51
2023-08-15 17:11:43,0.0,3.1,8.3,3
2023-08-15 17:40:03,0.0,16.6,39.6,3
2023-08-15 18:15:37,0.0,8.3,29.2,3
2023-08-15 18:53:48,0.0,14.8,35.6,3
2023-08-16 07:16:22,0.0,10.5,18.7,3
2023-08-16 10:35:32,0.0,6.2,18.4,3
2023-08-16 12:34:16,0.0,6.9,20.5,3
2023-08-16 12:54:24,0.1,14.1,32.0,51
2023-08-16 16:36:00,0.0,2.2,10.1,3
2023-08-16 16:54:21,0.0,13.5,30.2,3
2023-08-16 18:38:00,0.0,6.8,15.8,3
2023-08-16 19:20:07,0.0,12.0,22.3,3
2023-08-16 20:29:26,0.0,6.5,10.8,1
2023-08-17 02:15:27,0.0,8.9,11.5,1
2023-08-17 02:22:18,0.0,7.7,12.2,1
2023-08-17 08:04:38,0.0,10.5,19.1,0
2023-08-17 12:11:08,0.0,10.5,27.7,0
2023-08-17 15:07:07,0.0,9.0,21.6,0
2023-08-17 15:24:45,0.0,9.0,21.6,0
2023-08-17 16:43:19,0.0,10.1,18.0,3
2023-08-17 17:17:37,0.0,10.8,21.6,1
2023-08-17 18:44:10,0.0,7.2,17.3,0
2023-08-17 18:47:31,0.0,6.5,15.5,0
2023-08-17 22:40:49,0.0,10.0,15.5,1
2023-08-18 07:32:40,0.0,6.0,12.2,0
2023-08-18 08:16:48,0.0,11.7,19.4,0
2023-08-18 10:03:29,0.0,21.2,40.7,0
2023-08-18 13:14:16,0.0,17.8,36.7,0
2023-08-18 15:32:36,0.0,15.3,31.7,0
2023-08-18 18:07:18,0.0,9.6,18.7,0
2023-08-18 22:10:41,0.0,8.8,23.4,0
2023-08-19 00:00:41,0.0,12.3,20.2,0
2023-08-19 01:22:36,0.0,16.2,31.7,0
2023-08-19 02:43:32,0.0,14.7,23.8,0
2023-08-19 04:40:27,0.0,5.1,7.9,1
2023-08-19 05:03:53,0.0,13.8,28.4,3
2023-08-19 05:20:09,0.0,7.6,14.0,0
2023-08-19 05:58:01,0.0,10.9,26.3,3
2023-08-19 06:37:45,0.0,13.4,26.3,3
2023-08-19 08:18:32,0.0,9.1,25.6,3
2023-08-19 11:01:40,0.0,13.9,31.7,1
2023-08-19 15:25:00,0.0,11.5,28.1,1
2023-08-19 16:34:18,0.0,13.5,32.8,3
2023-08-19 17:48:03,0.0,17.3,34.6,3
2023-08-19 18:16:04,0.0,8.7,23.0,3
2023-08-19 18:21:00,0.0,5.7,19.4,3
2023-08-19 18:21:08,0.0,8.8,22.0,3
2023-08-19 18:59:57,0.0,6.2,16.6,3
2023-08-19 19:42:49,0.0,6.7,10.4,3
2023-08-19 19:52:05,0.0,7.7,23.8,3
2023-08-19 21:02:55,0.0,8.1,9.4,3
2023-08-19 22:36:12,0.0,4.4,9.4,3
2023-08-20 09:09:44,0.1,9.1,19.4,51
2023-08-20 09:40:43,0.3,8.6,20.9,51
2023-08-20 09:41:07,0.3,8.6,20.9,51
2023-08-20 09:47:03,0.0,3.6,10.8,3
2023-08-20 09:59:15,0.3,8.6,20.9,51
2023-08-20 14:27:04,0.0,6.2,18.7,3
2023-08-20 15:05:38,0.0,10.0,27.7,3
2023-08-20 19:45:56,0.0,12.3,22.3,3
2023-08-20 22:55:14,0.0,7.2,15.1,3
2023-08-21 06:38:46,0.0,4.7,9.0,3
2023-08-21 06:55:58,0.0,5.4,8.3,3
2023-08-21 07:21:33,0.0,5.6,9.0,3
2023-08-21 07:35:05,0.0,9.3,14.4,0
2023-08-21 07:46:39,0.0,12.8,21.2,0
2023-08-21 08:36:42,0.0,10.8,21.2,0
2023-08-21 08:50:10,0.0,9.8,19.4,0
2023-08-21 12:53:37,0.0,11.5,29.5,0
2023-08-21 13:26:52,0.0,10.8,29.9,0
2023-08-21 16:43:39,0.0,14.1,29.2,0
2023-08-21 18:52:19,0.0,7.1,16.6,0
2023-08-21 19:03:12,0.0,9.2,12.6,0
2023-08-21 19:48:34,0.0,5.3,9.4,0
2023-08-21 22:54:43,0.0,1.8,3.2,0
2023-08-21 23:56:53,0.0,7.9,14.0,0
2023-08-22 01:00:14,0.0,6.9,13.0,0
2023-08-22 06:48:34,0.0,11.2,18.7,0
2023-08-22 08:19:32,0.0,13.5,27.4,0
2023-08-22 09:10:39,0.0,11.4,20.5,0
2023-08-22 10:08:13,0.0,17.5,37.1,0
2023-08-22 11:41:38,0.0,16.8,33.1,0
2023-08-22 16:57:09,0.0,17.1,35.6,0
2023-08-22 17:30:29,0.0,12.4,31.7,0
2023-08-22 17:41:18,0.0,13.5,35.6,0
2023-08-22 17:41:58,0.0,6.4,19.1,0
2023-08-22 18:28:34,0.0,8.0,20.2,1
2023-08-22 19:40:26,0.0,9.8,15.5,0
2023-08-22 22:50:14,0.0,10.1,20.2,0
2023-08-23 06:41:00,0.0,1.5,7.6,0
2023-08-23 12:12:54,0.0,26.9,56.9,0
2023-08-23 12:37:52,0.0,17.3,36.7,0
2023-08-23 17:39:59,0.0,17.6,46.4,0
2023-08-23 17:48:22,0.0,8.3,32.4,1
2023-08-23 18:02:19,0.0,9.2,27.0,0
2023-08-23 18:12:32,0.0,9.1,17.3,0
2023-08-23 18:21:06,0.0,9.1,17.3,0
2023-08-23 18:31:16,0.0,9.3,24.8,0
2023-08-23 19:18:19,0.0,10.5,20.9,0
2023-08-23 21:50:17,0.0,7.9,10.4,0
2023-08-23 23:50:11,0.0,14.2,25.6,0
2023-08-24 03:26:39,0.0,8.0,13.3,3
2023-08-24 03:43:03,0.0,8.5,18.4,0
2023-08-24 06:02:37,0.0,8.6,16.2,1
2023-08-24 06:56:53,0.0,11.5,14.4,1
2023-08-24 07:58:03,0.0,10.1,15.8,0
2023-08-24 08:12:36,0.0,10.2,19.4,0
2023-08-24 09:12:14,0.0,9.2,20.2,1
2023-08-24 10:47:23,0.0,14.8,31.0,0
2023-08-24 15:38:31,0.1,29.4,54.7,51
2023-08-24 15:39:52,0.1,29.4,54.7,51
2023-08-24 15:45:25,0.1,29.4,54.7,51
2023-08-24 16:41:50,0.3,20.9,54.7,51
2023-08-24 17:03:44,0.0,16.1,38.9,0
2023-08-24 17:30:51,0.0,11.2,42.8,0
2023-08-24 17:48:25,0.0,15.4,45.7,1
2023-08-24 21:11:39,0.0,6.5,24.5,1
2023-08-25 00:41:00,0.0,3.5,8.3,0
2023-08-25 01:05:31,0.0,3.5,13.0,0
2023-08-25 02:12:07,0.0,8.9,17.6,3
2023-08-25 04:06:10,0.0,7.6,14.4,3
2023-08-25 06:22:32,0.0,9.2,15.5,0
2023-08-25 06:38:30,0.0,14.2,28.1,3
2023-08-25 10:49:20,0.0,11.7,29.9,0
2023-08-25 12:10:10,0.0,1.5,19.4,0
2023-08-25 13:11:01,0.0,9.4,22.0,2
2023-08-25 13:18:12,0.0,3.1,14.8,0
2023-08-25 14:43:41,0.0,7.6,19.4,1
2023-08-25 16:14:42,0.0,21.0,37.4,2
2023-08-25 16:53:37,0.0,23.2,48.6,3
2023-08-25 18:24:23,0.0,21.9,38.2,3
2023-08-25 18:29:08,0.0,10.6,23.0,1
2023-08-25 18:52:12,0.0,19.1,34.9,3
2023-08-25 22:16:18,0.0,13.4,23.0,2
2023-08-25 23:51:25,0.0,19.0,33.1,0
2023-08-26 05:47:35,2.1,21.4,40.0,61
2023-08-26 06:25:25,0.1,20.9,40.0,51
2023-08-26 06:27:39,0.0,14.3,30.2,0
2023-08-26 07:16:01,0.0,3.8,6.8,0
2023-08-26 07:38:11,0.0,13.8,27.4,0
2023-08-26 07:40:48,1.2,17.7,37.4,55
2023-08-26 08:15:37,0.1,18.1,37.4,51
2023-08-26 08:51:43,0.2,21.8,37.4,51
2023-08-26 11:26:16,0.5,24.2,49.7,53
2023-08-26 11:33:53,1.5,21.7,45.4,61
2023-08-26 12:02:10,0.6,20.6,40.3,53
2023-08-26 12:21:50,0.9,22.5,42.1,53
2023-08-26 14:59:14,0.0,14.8,33.8,3
2023-08-26 15:25:43,0.0,15.4,33.8,3
2023-08-26 15:53:32,0.0,15.4,33.8,3
2023-08-26 18:10:16,0.1,17.2,34.6,51
2023-08-26 18:54:00,0.0,12.9,30.2,1
2023-08-26 19:13:44,0.1,19.2,32.4,51
2023-08-26 19:40:38,0.1,22.5,43.9,51
2023-08-26 21:15:30,0.0,15.7,30.6,1
2023-08-27 03:57:09,1.4,11.6,26.3,61
2023-08-27 08:10:31,0.2,11.6,24.8,51
2023-08-27 13:00:42,0.1,21.4,43.6,51
2023-08-27 13:02:27,0.2,20.6,42.1,51
2023-08-27 13:52:42,0.1,21.4,43.6,51
2023-08-27 13:56:13,0.0,12.0,26.6,3
2023-08-27 15:23:38,5.0,20.4,45.4,63
2023-08-27 15:34:55,0.1,15.5,30.2,51
2023-08-27 16:24:39,0.1,18.8,36.7,51
2023-08-27 16:24:40,3.2,19.9,40.7,63
2023-08-27 16:38:25,0.2,21.2,43.6,51
2023-08-27 17:06:56,0.1,19.2,39.2,51
2023-08-27 17:32:08,0.0,13.7,32.0,2
2023-08-27 18:23:53,0.1,21.9,38.9,51
2023-08-27 18:27:47,0.0,17.0,36.0,3
2023-08-27 18:58:21,0.3,17.2,37.4,51
2023-08-27 19:10:10,0.5,17.5,32.8,53
2023-08-27 19:16:45,0.0,16.2,32.0,3
2023-08-27 19:56:45,0.5,17.5,32.8,53
2023-08-27 20:17:17,0.3,12.6,29.9,51
2023-08-27 20:59:09,0.0,22.6,39.2,3
2023-08-27 21:32:37,0.4,17.3,33.8,51
2023-08-27 22:05:07,0.4,16.8,32.8,51
2023-08-27 22:32:02,0.1,14.0,27.0,51
2023-08-28 05:43:04,0.0,16.6,32.0,3
2023-08-28 06:14:18,0.0,15.0,28.1,3
2023-08-28 06:41:23,0.0,13.5,25.9,3
2023-08-28 07:42:22,0.0,19.5,35.3,3
2023-08-28 07:44:14,0.0,13.0,25.6,3
2023-08-28 08:00:25,0.0,12.8,25.2,3
2023-08-28 08:02:40,0.0,17.4,33.1,3
2023-08-28 09:05:45,0.0,15.3,29.9,2
2023-08-28 09:47:55,0.0,21.9,37.8,3
2023-08-28 17:55:34,0.0,17.2,34.6,3
2023-08-28 19:50:32,0.0,15.7,28.1,0
2023-08-28 20:48:18,0.0,14.9,27.4,0
2023-08-29 06:43:59,0.0,3.8,7.6,0
2023-08-29 07:31:28,0.0,10.2,19.8,2
2023-08-29 10:47:02,0.0,7.8,20.9,1
2023-08-29 15:36:13,0.1,6.0,16.2,51
2023-08-29 15:37:03,0.1,2.5,12.2,51
2023-08-29 16:50:14,0.0,6.5,17.6,0
2023-08-29 18:04:42,0.0,13.2,33.1,2
2023-08-29 18:13:08,0.0,7.0,10.8,1
2023-08-29 20:43:58,0.0,19.1,32.8,0
2023-08-29 23:08:59,0.0,9.4,16.9,0
2023-08-29 23:29:33,0.0,9.4,16.9,0
2023-08-30 11:50:14,0.0,7.7,22.0,0
2023-08-30 15:43:36,0.0,9.4,22.3,0
2023-08-30 22:05:00,0.0,10.2,19.1,2
2023-08-30 22:45:09,0.0,14.8,27.4,0
2023-08-30 23:51:58,0.0,15.5,27.0,0
2023-08-31 06:34:53,0.0,6.6,14.4,3
2023-08-31 07:31:48,0.0,11.0,19.4,3
2023-08-31 07:56:25,0.0,3.1,9.0,1
2023-08-31 08:49:23,0.0,10.2,21.2,3
2023-08-31 09:35:51,0.8,10.4,29.2,53
2023-08-31 12:15:55,0.0,2.9,13.7,0
2023-08-31 13:30:22,0.0,11.0,26.6,1
2023-08-31 15:10:33,0.0,10.0,25.9,1
2023-08-31 17:30:34,0.0,14.6,34.9,0
2023-08-31 19:04:10,0.0,10.7,25.2,0
2023-08-31 19:32:46,0.0,11.3,22.7,1
2023-08-31 19:40:54,0.0,11.3,16.6,1
2023-08-31 20:16:14,0.0,9.4,19.4,0
2023-09-01 00:13:39,0.0,12.6,22.3,3
2023-09-01 00:36:07,0.0,6.3,15.8,3
2023-09-01 02:02:51,0.0,17.2,29.9,0
2023-09-01 05:16:16,0.0,4.8,10.4,2
2023-09-01 14:29:33,0.0,28.4,35.6,0
2023-09-01 17:12:53,0.0,2.0,8.3,0
2023-09-01 17:17:17,0.0,3.8,9.0,0
2023-09-01 18:57:49,0.0,14.3,33.5,0
2023-09-01 20:01:16,0.0,8.5,13.3,2
2023-09-01 21:01:18,0.0,45.1,56.9,3
2023-09-01 22:31:13,0.0,7.9,14.8,0
2023-09-02 00:44:38,0.0,12.4,23.0,3
2023-09-02 01:07:45,0.0,10.2,19.4,3
2023-09-02 03:40:41,0.0,11.2,20.9,3
2023-09-02 06:00:01,0.0,7.0,18.0,3
2023-09-02 06:56:54,0.0,13.9,25.6,3
2023-09-02 08:17:34,0.0,9.4,29.9,2
2023-09-02 10:16:48,0.0,33.5,42.1,3
2023-09-02 12:38:18,0.0,18.8,44.3,3
2023-09-02 13:12:45,0.0,16.6,45.4,3
2023-09-02 14:30:21,0.0,18.5,43.2,3
2023-09-02 15:33:48,0.0,13.6,36.0,3
2023-09-02 15:48:02,0.0,12.7,31.0,3
2023-09-02 18:17:12,6.8,18.5,33.8,63
2023-09-02 19:29:26,1.4,9.7,36.7,61
2023-09-02 20:58:17,0.0,8.3,23.0,3
2023-09-02 21:44:14,0.0,29.2,34.2,3
2023-09-02 22:20:50,2.8,3.6,21.6,63
2023-09-02 22:33:27,0.5,9.4,17.6,53
2023-09-02 22:44:09,1.2,0.8,23.4,55
2023-09-02 23:55:38,1.5,4.4,10.8,61
2023-09-03 00:50:40,0.1,6.8,12.2,51
2023-09-03 03:39:51,0.0,10.1,16.2,3
2023-09-03 14:00:17,0.3,18.0,40.7,51
2023-09-03 16:03:44,0.5,43.9,56.9,53
2023-09-03 16:50:12,0.0,8.6,28.4,3
2023-09-03 21:10:23,0.0,37.8,43.2,3
2023-09-03 22:42:15,0.0,3.9,11.5,3
2023-09-04 01:52:22,0.0,7.2,12.6,3
2023-09-04 06:14:03,0.0,9.8,16.6,3
2023-09-04 06:50:36,0.0,9.8,16.6,3
2023-09-04 07:21:20,0.0,9.5,14.0,3
2023-09-04 07:41:29,0.0,12.4,20.9,3
2023-09-04 08:29:55,0.0,35.2,49.3,3
2023-09-04 10:23:44,0.1,14.7,34.9,51
2023-09-04 18:21:17,0.1,36.3,46.1,51
2023-09-04 18:24:50,0.0,10.4,23.4,3
2023-09-04 20:27:27,0.0,9.8,14.4,3
2023-09-04 22:56:32,0.0,11.7,21.2,1
2023-09-04 23:18:02,0.0,5.9,15.1,3
2023-09-05 00:32:58,0.0,11.9,18.4,2
2023-09-05 01:57:20,0.0,6.2,14.0,2
2023-09-05 04:54:43,0.0,9.0,15.8,3
2023-09-05 06:29:47,0.0,6.4,7.9,2
2023-09-05 06:58:14,0.0,14.6,23.0,3
2023-09-05 07:09:33,0.0,6.2,9.7,3
2023-09-05 07:18:57,0.0,3.8,8.3,2
2023-09-05 07:38:56,0.0,14.2,20.2,3
2023-09-05 08:08:13,0.0,8.9,17.3,3
2023-09-05 08:18:42,0.0,3.7,15.5,1
2023-09-05 12:56:00,0.2,6.1,20.9,51
2023-09-05 14:56:16,0.0,5.8,16.6,3
2023-09-05 17:07:00,0.0,7.2,14.8,3
2023-09-05 17:39:25,0.0,20.1,43.9,3
2023-09-05 18:31:58,0.0,25.2,45.7,3
2023-09-05 21:28:52,0.0,16.4,9.4,3
2023-09-06 00:45:41,0.0,22.4,38.2,3
2023-09-06 06:34:23,0.0,25.9,46.8,2
2023-09-06 07:06:30,0.0,18.0,28.4,3
2023-09-06 07:45:25,0.0,13.0,27.0,0
2023-09-06 07:58:45,0.0,21.3,33.8,3
2023-09-06 08:14:17,0.0,11.7,25.9,1
2023-09-06 09:22:48,0.1,24.5,47.5,51
2023-09-06 10:06:23,0.0,22.4,43.2,3
2023-09-06 11:44:08,0.0,26.6,54.0,3
2023-09-06 13:07:56,0.0,20.4,42.5,3
2023-09-06 13:15:38,0.1,24.4,43.2,51
2023-09-06 15:38:34,0.0,12.9,28.4,3
2023-09-06 17:21:47,0.0,28.8,52.2,3
2023-09-06 17:41:53,0.0,25.5,45.7,3
2023-09-06 18:41:28,0.0,29.3,52.9,3
2023-09-06 18:49:49,0.0,11.1,25.2,3
2023-09-06 18:51:43,0.0,29.3,52.9,3
2023-09-06 19:31:50,0.0,23.5,39.6,3
2023-09-06 19:57:24,0.0,23.5,39.6,3
2023-09-06 20:14:31,0.0,17.4,32.0,3
2023-09-06 20:32:37,0.0,17.6,33.1,3
2023-09-06 23:29:49,0.0,13.8,30.2,2
2023-09-06 23:31:11,0.0,16.0,30.2,3
2023-09-07 00:01:21,0.0,28.3,50.0,3
2023-09-07 01:04:38,0.0,10.5,21.2,3
2023-09-07 03:18:41,0.0,23.3,42.1,3
2023-09-07 03:50:53,0.0,7.3,14.8,3
2023-09-07 05:53:00,0.0,14.3,28.1,1
2023-09-07 09:47:15,0.0,10.9,26.3,3
2023-09-07 11:04:54,0.0,11.4,27.0,3
2023-09-07 12:04:18,0.0,14.1,32.8,3
2023-09-07 13:47:00,0.0,9.8,30.6,3
2023-09-07 16:44:59,0.0,9.4,22.0,3
2023-09-07 18:41:58,0.0,15.1,29.9,3
2023-09-07 20:42:29,0.0,9.0,21.2,3
2023-09-07 21:00:55,0.0,7.2,18.4,3
2023-09-07 21:03:50,0.0,7.2,15.1,3
2023-09-07 22:24:24,0.0,11.2,18.7,3
2023-09-07 22:47:40,0.0,8.5,15.1,3
2023-09-08 01:10:20,0.0,17.1,28.1,3
2023-09-08 02:30:46,0.0,13.1,24.1,0
2023-09-08 03:10:52,0.0,9.2,15.5,3
2023-09-08 06:17:26,0.0,20.4,38.2,1
2023-09-08 06:54:37,0.0,14.2,25.6,3
2023-09-08 07:17:30,0.0,15.8,25.9,1
2023-09-08 07:30:39,0.0,15.1,27.7,3
2023-09-08 09:20:16,0.0,15.3,29.9,0
2023-09-08 10:22:50,0.0,17.7,38.9,2
2023-09-08 10:32:31,0.0,18.3,37.8,1
2023-09-08 23:07:03,0.0,7.9,17.3,3
2023-09-09 00:37:43,0.0,15.9,28.4,3
2023-09-09 04:36:34,0.0,5.6,11.9,3
2023-09-09 08:10:23,0.0,9.7,18.4,2
2023-09-09 08:49:26,0.0,9.7,18.4,2
2023-09-09 09:56:28,0.0,4.5,16.9,0
2023-09-09 10:18:09,0.0,4.4,15.8,3
2023-09-09 10:38:51,0.0,5.5,19.1,3
2023-09-09 10:40:59,0.0,14.7,32.8,3
2023-09-09 10:57:13,0.0,5.0,16.9,3
2023-09-09 11:32:24,0.0,2.3,13.7,1
2023-09-09 12:40:07,0.0,8.9,23.8,3
2023-09-09 16:28:07,0.0,13.4,37.8,3
2023-09-09 16:44:39,0.0,20.1,32.8,3
2023-09-09 19:18:06,0.0,3.3,15.1,3
2023-09-10 00:47:19,0.0,5.7,13.0,3
2023-09-10 01:21:45,0.0,3.8,8.6,3
2023-09-10 05:29:32,0.0,6.4,12.6,2
2023-09-10 06:06:23,0.0,11.8,23.4,0
2023-09-10 06:25:46,0.0,9.4,22.0,3
2023-09-10 11:41:32,0.0,11.7,31.3,0
2023-09-10 14:25:03,0.0,4.5,15.1,3
2023-09-10 16:27:52,0.0,8.3,18.0,0
2023-09-10 18:27:49,0.0,8.6,14.8,1
2023-09-10 19:22:40,0.0,6.2,8.3,0
2023-09-11 05:04:07,0.0,9.4,12.2,0
2023-09-11 07:05:48,0.0,9.7,17.3,0
2023-09-11 07:50:10,0.0,11.3,20.9,0
2023-09-11 08:01:21,0.0,9.9,18.4,0
2023-09-11 08:29:40,0.0,8.2,16.9,0
2023-09-11 13:34:20,0.0,15.0,38.5,0
2023-09-11 14:36:19,0.0,12.5,31.3,0
2023-09-11 15:03:30,0.0,12.0,28.8,0
2023-09-11 17:06:55,0.0,7.3,18.7,0
2023-09-11 17:49:37,0.0,10.0,25.6,0
2023-09-11 18:29:34,0.0,9.7,16.2,0
2023-09-11 18:58:27,0.0,8.5,9.7,0
2023-09-11 22:11:02,0.0,4.3,8.6,0
2023-09-12 03:03:41,0.0,12.0,19.4,0
2023-09-12 05:08:43,0.0,7.4,13.0,0
2023-09-12 06:09:50,0.0,12.1,22.0,0
2023-09-12 07:39:17,0.0,8.7,14.8,0
2023-09-12 08:39:32,0.0,12.5,23.8,0
2023-09-12 09:36:51,0.0,17.0,25.2,0
2023-09-12 11:51:39,0.0,11.7,28.8,0
2023-09-12 12:37:41,0.0,11.8,28.4,0
2023-09-12 13:24:00,0.0,8.5,25.2,0
2023-09-12 17:36:39,0.0,6.3,17.3,0
2023-09-12 18:44:19,0.0,7.5,13.3,0
2023-09-12 19:00:47,0.0,6.2,8.3,0
2023-09-12 19:09:27,0.0,7.6,9.0,0
2023-09-12 20:01:55,0.0,10.0,15.8,0
2023-09-12 22:54:15,0.0,8.1,16.2,0
2023-09-13 00:30:08,0.0,7.9,12.2,0
2023-09-13 00:48:37,0.0,7.4,13.0,0
2023-09-13 06:52:01,0.0,7.8,15.1,0
2023-09-13 07:47:33,0.0,13.6,23.8,0
2023-09-13 08:15:05,0.0,11.9,22.3,0
2023-09-13 08:23:05,0.0,11.9,22.3,0
2023-09-13 16:16:11,0.0,17.3,36.4,0
2023-09-13 16:45:46,0.0,19.1,36.0,1
2023-09-13 16:49:58,0.0,17.4,34.9,0
2023-09-13 20:39:49,0.0,8.2,13.3,2
2023-09-13 23:06:13,0.0,22.0,40.3,2
2023-09-14 07:48:42,0.0,11.2,18.0,2
2023-09-14 08:03:31,0.0,9.6,20.9,3
2023-09-14 09:24:35,0.0,9.4,24.5,1
2023-09-14 10:34:15,0.6,15.0,32.0,53
2023-09-14 11:07:52,0.3,20.2,38.9,51
2023-09-14 11:53:44,0.0,17.7,39.2,3
2023-09-14 12:45:14,0.0,19.6,40.7,3
2023-09-14 14:36:24,0.5,18.9,36.0,53
2023-09-14 15:02:42,1.0,13.3,32.4,55
2023-09-14 15:26:20,1.0,15.5,33.1,55
2023-09-14 16:08:16,0.0,12.0,30.6,3
2023-09-14 17:24:56,0.9,11.2,22.0,53
2023-09-14 18:05:30,0.8,9.7,23.0,53
2023-09-14 18:21:43,0.4,10.1,18.7,51
2023-09-14 19:53:53,1.0,5.4,19.4,55
2023-09-14 20:04:45,0.0,4.5,9.7,3
2023-09-14 20:28:38,0.1,5.2,12.6,51
2023-09-14 20:38:42,0.1,5.2,12.6,51
2023-09-14 20:39:03,0.0,3.5,15.8,3
2023-09-14 20:54:08,0.4,10.1,24.1,51
2023-09-14 21:51:16,0.4,5.1,20.2,51
2023-09-15 02:00:28,0.0,10.4,18.7,3
2023-09-15 09:10:48,0.0,16.7,34.9,1
2023-09-15 11:51:34,0.0,12.5,27.4,2
2023-09-15 12:31:37,0.0,5.7,22.7,0
2023-09-15 13:03:08,0.0,4.7,19.1,1
2023-09-15 14:55:50,0.0,4.6,19.4,0
2023-09-15 16:06:30,0.0,9.4,20.2,0
2023-09-15 16:37:58,0.0,15.9,31.7,0
2023-09-15 18:26:59,0.0,8.8,10.4,0
2023-09-15 20:11:10,0.0,15.1,29.9,3
2023-09-15 21:42:42,0.0,17.2,35.3,0
2023-09-15 21:52:12,0.0,13.1,19.8,0
2023-09-15 22:20:00,0.0,17.9,34.2,0
2023-09-16 02:50:10,0.0,12.4,22.3,0
2023-09-16 02:54:15,0.0,7.6,28.1,0
2023-09-16 02:57:42,0.0,7.7,14.0,3
2023-09-16 03:17:15,0.0,3.7,10.8,3
2023-09-16 04:12:26,0.0,2.5,5.0,3
2023-09-16 08:49:35,0.0,6.7,17.6,0
2023-09-16 12:34:37,0.0,9.1,23.0,0
2023-09-16 12:52:22,0.0,4.7,16.9,0
2023-09-16 14:22:24,0.0,15.1,32.0,0
2023-09-16 14:31:43,0.0,6.6,20.5,0
2023-09-16 15:14:16,0.0,8.2,25.6,0
2023-09-16 18:52:02,0.0,8.2,9.0,0
2023-09-16 19:41:57,0.0,5.8,8.6,0
2023-09-16 20:25:04,0.0,3.7,9.4,0
2023-09-16 22:41:04,0.0,7.4,11.2,0
2023-09-17 00:58:06,0.0,6.6,12.2,0
2023-09-17 02:26:14,0.0,7.9,12.6,0
2023-09-17 03:58:50,0.0,4.4,7.9,0
2023-09-17 04:25:43,0.0,7.0,11.9,0
2023-09-17 06:29:15,0.0,7.0,11.2,0
2023-09-17 07:56:17,0.0,6.2,11.5,0
2023-09-17 12:14:54,0.0,13.5,28.1,0
2023-09-17 17:54:16,0.0,6.6,15.5,1
2023-09-17 20:00:23,0.0,2.5,4.7,0
2023-09-17 21:10:02,0.0,3.7,6.8,0
2023-09-17 21:40:17,0.0,8.6,9.7,3
2023-09-17 22:15:24,0.0,7.0,11.9,0
2023-09-18 07:51:34,0.0,11.9,17.6,0
2023-09-18 07:55:04,0.0,12.0,21.2,0
2023-09-18 11:55:59,0.0,9.0,25.2,1
2023-09-18 13:36:31,0.0,4.8,19.8,3
2023-09-18 14:39:17,0.0,18.0,34.9,1
2023-09-18 15:54:07,0.0,9.4,29.2,1
2023-09-18 18:23:06,0.0,6.5,12.6,3
2023-09-18 18:57:41,0.0,6.5,12.6,3
2023-09-18 21:10:15,0.0,7.1,9.4,1
2023-09-18 21:30:40,0.0,6.0,7.6,3
2023-09-18 22:28:36,0.0,8.5,17.3,1
2023-09-18 23:44:20,0.1,5.1,19.8,51
2023-09-18 23:56:11,0.0,5.8,17.6,1
2023-09-19 03:19:40,0.0,3.6,7.2,0
2023-09-19 04:41:37,0.0,3.0,4.3,1
2023-09-19 06:31:06,0.0,6.1,7.2,1
2023-09-19 07:39:33,0.0,6.9,10.4,0
2023-09-19 08:00:26,0.0,3.1,12.6,1
2023-09-19 09:56:07,0.0,12.9,23.8,0
2023-09-19 10:26:25,0.0,5.9,17.6,1
2023-09-19 10:38:11,0.0,4.0,14.4,1
2023-09-19 13:37:10,0.0,5.4,20.2,0
2023-09-19 15:19:08,0.0,2.9,13.3,0
2023-09-19 15:30:57,0.0,2.6,13.0,1
2023-09-19 17:02:50,0.0,7.1,16.2,0
2023-09-19 17:33:44,0.0,7.9,16.6,0
2023-09-19 18:22:00,0.0,12.4,20.2,1
2023-09-19 18:25:52,0.0,8.8,19.4,0
2023-09-19 19:04:03,0.0,15.3,24.1,2
2023-09-19 19:51:38,0.0,4.3,10.8,0
2023-09-20 02:21:35,0.0,14.1,28.4,0
2023-09-20 07:13:27,0.0,3.3,7.6,0
2023-09-20 07:42:22,0.0,14.1,25.9,0
2023-09-20 07:47:06,0.0,10.7,18.7,0
2023-09-20 08:57:47,0.0,5.4,14.0,0
2023-09-20 09:11:29,0.0,9.3,20.9,3
2023-09-20 09:28:03,0.0,7.4,17.6,0
2023-09-20 15:46:34,0.0,6.8,19.8,3
2023-09-20 16:53:35,0.0,9.9,21.6,0
2023-09-20 16:57:54,0.0,8.0,18.4,0
2023-09-20 17:54:37,0.0,10.8,21.6,0
2023-09-20 18:24:03,0.0,7.6,16.6,0
2023-09-20 18:51:43,0.0,6.3,11.5,0
2023-09-21 07:01:38,0.0,4.6,9.7,0
2023-09-21 08:02:36,0.0,15.0,30.2,0
2023-09-21 08:43:30,0.0,11.5,23.4,0
2023-09-21 09:03:19,0.0,11.9,29.9,0
2023-09-21 10:13:28,0.0,6.4,23.8,0
2023-09-21 11:00:50,0.0,6.6,19.8,0
2023-09-21 11:23:59,0.0,6.8,20.9,0
2023-09-21 12:04:09,0.0,6.0,19.1,1
2023-09-21 12:45:30,0.0,9.2,27.0,0
2023-09-21 12:57:04,0.0,7.2,21.6,1
2023-09-21 17:55:21,0.0,5.9,25.9,0
2023-09-21 21:00:14,0.0,6.3,8.6,0
2023-09-22 03:37:47,0.0,6.7,11.9,0
2023-09-22 05:32:14,0.0,9.6,19.8,0
2023-09-22 13:14:43,0.0,11.0,28.8,3
2023-09-22 14:36:12,0.0,12.6,33.5,0
2023-09-22 17:30:57,0.0,5.4,14.0,1
2023-09-22 17:45:00,0.0,3.3,11.9,2
2023-09-22 18:25:37,0.0,13.6,22.7,1
2023-09-22 18:38:26,0.0,3.3,5.8,1
2023-09-22 18:50:51,0.0,6.8,24.5,0
2023-09-22 21:07:46,0.0,13.7,27.0,3
2023-09-22 21:41:06,0.0,9.4,9.7,3
2023-09-22 21:55:55,0.0,14.0,31.7,2
2023-09-22 23:23:13,0.0,13.4,25.6,3
2023-09-23 01:09:01,0.0,10.2,17.3,2
2023-09-23 02:48:18,0.0,9.4,15.8,1
2023-09-23 02:52:12,0.0,13.0,22.3,1
2023-09-23 08:00:43,0.0,4.6,15.8,0
2023-09-23 09:09:29,0.0,5.4,17.3,3
2023-09-23 10:30:57,0.0,6.6,19.1,0
2023-09-23 13:08:27,0.0,5.8,18.4,2
2023-09-23 14:02:35,0.0,6.5,19.1,1
2023-09-23 14:43:19,0.0,8.4,21.6,0
2023-09-23 15:06:17,0.0,8.6,20.9,1
