DATAHORA,CHUVA,VENTO,RAJADA,CODIGO_TEMPO
2021-01-01 00:13:00,0.3,8.2,15.8,51
2021-01-01 02:34:00,0.0,6.1,18.0,3
2021-01-01 06:37:00,0.0,1.8,3.2,2
2021-01-01 08:06:00,0.4,6.4,12.2,51
2021-01-01 09:00:00,0.5,4.2,19.1,53
2021-01-01 13:08:00,0.0,7.6,22.0,3
2021-01-01 13:45:00,0.0,7.3,20.5,3
2021-01-01 20:18:00,0.2,5.2,10.8,51
2021-01-01 22:03:00,0.1,4.2,7.9,51
2021-01-01 23:27:00,0.0,9.8,20.2,0
2021-01-02 02:57:00,0.0,5.1,9.4,1
2021-01-02 04:52:00,0.0,5.1,10.1,1
2021-01-02 15:03:00,4.6,16.7,32.8,63
2021-01-02 18:49:00,0.1,18.1,41.0,51
2021-01-02 20:28:00,0.0,12.9,32.4,3
2021-01-03 03:20:00,0.0,13.0,22.7,0
2021-01-03 06:31:00,0.0,6.4,11.5,0
2021-01-03 17:29:00,0.0,10.8,26.3,1
2021-01-03 22:20:00,0.0,11.4,21.2,0
2021-01-03 22:45:00,0.0,6.9,14.0,1
2021-01-03 23:06:00,0.0,9.5,18.0,0
2021-01-03 23:51:00,0.0,9.2,20.5,0
2021-01-04 00:56:00,0.0,11.6,22.0,0
2021-01-04 02:56:00,0.0,7.3,17.6,0
2021-01-04 03:04:00,0.0,9.8,22.0,3
2021-01-04 10:48:00,0.0,11.3,36.4,0
2021-01-04 13:54:00,0.0,13.0,34.6,1
2021-01-04 13:59:00,0.0,8.5,25.9,1
2021-01-04 15:53:00,0.0,9.5,33.8,1
2021-01-04 19:24:00,0.0,11.3,30.6,3
2021-01-04 21:46:00,0.2,8.2,14.0,51
2021-01-04 23:40:00,0.0,3.7,5.8,3
2021-01-05 07:34:00,0.0,6.2,17.3,3
2021-01-05 08:04:00,0.0,9.6,20.9,3
2021-01-05 08:49:00,0.0,10.2,23.8,2
2021-01-05 10:36:00,0.0,11.2,27.4,3
2021-01-05 15:07:00,0.0,7.5,24.8,3
2021-01-05 15:42:00,0.7,7.7,29.2,53
2021-01-05 17:08:00,0.0,8.5,20.2,3
2021-01-05 17:26:00,0.0,6.1,24.5,3
2021-01-05 17:53:00,0.0,6.8,25.6,1
2021-01-05 18:42:00,0.0,7.2,15.5,2
2021-01-05 21:19:00,0.0,4.5,7.6,3
2021-01-06 07:37:00,0.0,8.4,18.4,2
2021-01-06 07:57:00,0.0,10.2,19.8,3
2021-01-06 12:41:00,0.1,16.1,46.4,51
2021-01-06 13:00:00,0.0,16.8,46.4,2
2021-01-06 13:09:00,0.0,16.8,46.4,2
2021-01-06 14:33:00,0.0,14.4,37.1,3
2021-01-06 17:01:00,0.1,7.2,29.2,51
2021-01-06 17:34:00,0.0,7.0,28.8,3
2021-01-06 17:50:00,0.2,1.0,18.7,51
2021-01-06 22:27:00,0.3,9.4,19.4,51
2021-01-06 22:27:00,0.2,10.3,19.8,51
2021-01-06 23:45:00,0.0,10.2,18.0,3
2021-01-07 00:27:00,0.0,4.6,6.1,3
2021-01-07 00:49:00,0.0,9.6,18.0,3
2021-01-07 03:49:00,0.0,7.6,13.7,3
2021-01-07 07:22:00,0.0,9.6,24.1,3
2021-01-07 10:05:00,0.1,12.5,36.4,51
2021-01-07 11:51:00,0.0,14.4,41.0,3
2021-01-07 14:28:00,0.1,13.6,40.3,51
2021-01-07 20:00:00,0.0,13.1,23.0,3
2021-01-07 20:39:00,1.2,6.8,12.6,55
2021-01-07 20:40:00,0.2,7.0,13.7,51
2021-01-07 21:04:00,0.6,8.0,22.0,53
2021-01-07 21:37:00,0.0,2.9,9.7,3
2021-01-08 00:53:00,0.1,10.9,20.2,51
2021-01-08 05:02:00,0.0,8.1,19.4,3
2021-01-08 07:03:00,0.0,7.6,15.8,3
2021-01-08 10:03:00,0.1,10.8,25.2,51
2021-01-08 12:00:00,0.0,9.7,32.8,1
2021-01-08 12:03:00,0.0,10.3,35.6,3
2021-01-08 14:21:00,0.0,3.0,24.8,3
2021-01-08 15:48:00,1.0,11.2,28.8,55
2021-01-08 16:36:00,1.0,7.2,27.7,55
2021-01-08 19:44:00,3.1,8.4,19.4,63
2021-01-08 20:30:00,2.5,0.8,11.2,63
2021-01-08 21:28:00,2.9,4.2,14.8,63
2021-01-08 22:20:00,0.2,6.6,14.8,51
2021-01-09 00:08:00,0.1,4.5,9.4,51
2021-01-09 00:30:00,0.0,11.3,20.2,3
2021-01-09 00:33:00,0.0,4.7,10.1,3
2021-01-09 01:28:00,0.2,2.9,9.7,51
2021-01-09 04:56:00,0.1,6.1,11.5,51
2021-01-09 05:14:00,0.0,3.7,7.2,2
2021-01-09 08:11:00,0.0,6.9,17.6,3
2021-01-09 08:18:00,0.0,6.9,17.6,3
2021-01-09 08:54:00,0.0,2.6,11.9,2
2021-01-09 10:17:00,0.2,5.5,18.7,51
2021-01-09 12:43:00,0.2,6.4,20.2,51
2021-01-09 13:38:00,0.1,5.6,22.0,51
2021-01-09 14:15:00,0.2,11.8,27.4,51
2021-01-09 14:52:00,2.1,8.7,26.3,61
2021-01-09 15:16:00,0.1,7.6,22.7,51
2021-01-09 15:18:00,0.1,7.6,22.7,51
2021-01-09 22:28:00,0.0,13.8,25.2,3
2021-01-10 02:27:00,0.0,8.7,18.4,3
2021-01-10 02:35:00,0.0,4.6,8.6,3
2021-01-10 06:13:00,3.1,7.9,14.8,63
2021-01-10 08:57:00,0.0,12.4,26.3,3
2021-01-10 13:16:00,0.6,6.9,22.3,53
2021-01-10 13:23:00,0.2,6.3,24.5,51
2021-01-10 16:56:00,5.8,6.1,19.8,63
2021-01-10 16:58:00,1.7,2.1,19.8,61
2021-01-10 17:14:00,7.9,2.6,20.2,65
2021-01-10 17:40:00,1.2,15.0,33.5,55
2021-01-10 17:59:00,10.3,4.8,20.5,65
2021-01-10 18:28:00,0.0,12.7,29.5,3
2021-01-10 19:16:00,0.2,3.7,15.1,51
2021-01-10 20:33:00,0.2,12.6,23.8,51
2021-01-11 00:41:00,0.0,4.1,7.6,3
2021-01-11 06:11:00,0.0,7.1,11.9,3
2021-01-11 09:47:00,0.0,8.0,23.0,3
2021-01-11 10:13:00,0.2,11.5,24.8,51
2021-01-11 14:47:00,0.1,3.7,21.2,51
2021-01-11 15:05:00,0.0,2.3,17.3,3
2021-01-11 16:53:00,0.0,1.0,16.6,3
2021-01-11 17:18:00,0.2,4.2,14.4,51
2021-01-11 17:30:00,0.0,4.8,16.2,2
2021-01-11 17:33:00,1.6,2.5,15.1,61
2021-01-11 17:43:00,1.6,2.5,15.1,61
2021-01-11 18:03:00,5.4,6.0,13.7,63
2021-01-11 21:38:00,0.1,6.1,20.9,51
2021-01-12 02:15:00,0.0,2.8,4.3,3
2021-01-12 03:12:00,0.0,10.9,19.4,2
2021-01-12 05:34:00,0.0,5.5,14.8,3
2021-01-12 05:43:00,1.4,0.5,2.5,61
2021-01-12 06:15:00,0.9,1.8,5.4,53
2021-01-12 06:50:00,0.2,2.5,7.2,51
2021-01-12 11:55:00,0.1,6.4,19.8,51
2021-01-12 12:25:00,0.1,9.2,23.8,51
2021-01-12 13:40:00,0.1,10.8,27.4,51
2021-01-12 14:06:00,9.8,7.4,23.8,65
2021-01-12 14:07:00,1.6,5.7,21.2,61
2021-01-12 14:31:00,4.4,6.6,27.0,63
2021-01-12 14:48:00,1.6,5.7,21.2,61
2021-01-12 15:40:00,2.2,0.0,17.6,61
2021-01-12 16:15:00,1.4,9.9,22.0,61
2021-01-12 18:34:00,0.0,6.8,17.3,3
2021-01-12 19:06:00,0.0,3.8,16.6,3
2021-01-12 19:16:00,0.0,4.7,7.9,3
2021-01-12 20:29:00,0.6,4.7,11.9,53
2021-01-12 21:24:00,0.4,0.5,11.2,51
2021-01-12 21:33:00,0.0,7.2,14.4,3
2021-01-12 23:15:00,0.0,3.4,6.8,3
2021-01-13 00:20:00,2.0,4.9,9.7,61
2021-01-13 02:35:00,1.0,1.8,6.5,55
2021-01-13 02:52:00,0.2,6.1,10.8,51
2021-01-13 04:42:00,0.0,4.8,7.2,3
2021-01-13 07:27:00,0.0,8.8,16.2,2
2021-01-13 09:30:00,0.1,4.0,24.1,51
2021-01-13 14:33:00,0.1,9.4,22.3,51
2021-01-13 14:44:00,0.1,6.1,18.7,51
2021-01-13 17:35:00,0.8,8.5,21.2,53
2021-01-13 18:26:00,2.4,12.1,18.0,61
2021-01-13 18:30:00,0.6,14.7,38.9,53
2021-01-13 20:51:00,1.1,11.8,22.3,55
2021-01-14 01:16:00,0.0,9.1,16.2,3
2021-01-14 05:08:00,0.0,10.5,21.6,2
2021-01-14 05:29:00,0.2,6.2,13.0,51
2021-01-14 06:55:00,0.0,8.4,20.2,3
2021-01-14 10:27:00,0.0,9.0,22.3,1
2021-01-14 10:43:00,0.0,9.7,21.6,3
2021-01-14 12:18:00,0.0,7.9,27.4,0
2021-01-14 15:34:00,0.0,10.5,22.0,3
2021-01-14 15:45:00,0.0,10.5,22.0,3
2021-01-14 23:07:00,0.2,13.0,23.0,51
2021-01-15 05:30:00,0.0,4.6,9.7,1
2021-01-15 06:47:00,0.0,10.9,20.9,3
2021-01-15 10:43:00,0.0,10.5,23.4,1
2021-01-15 14:01:00,6.1,10.1,24.8,63
2021-01-15 16:33:00,0.2,3.2,15.1,51
2021-01-15 17:29:00,0.0,2.6,11.2,3
2021-01-15 22:40:00,0.5,3.3,13.7,53
2021-01-15 22:50:00,0.1,4.4,9.7,51
2021-01-15 23:27:00,0.0,7.1,14.8,3
2021-01-15 23:27:00,0.4,5.0,15.8,51
2021-01-16 02:26:00,0.0,7.1,14.0,3
2021-01-16 04:57:00,0.0,5.8,16.9,1
2021-01-16 05:15:00,0.0,8.0,16.2,1
2021-01-16 05:22:00,0.0,9.1,15.8,0
2021-01-16 05:45:00,0.0,5.4,9.0,1
2021-01-16 06:24:00,0.0,9.0,15.8,1
2021-01-16 07:30:00,0.0,10.5,20.2,0
2021-01-16 08:36:00,0.0,9.0,24.1,0
2021-01-16 10:22:00,0.1,14.1,32.4,51
2021-01-16 10:49:00,0.1,13.7,32.0,51
2021-01-16 16:18:00,0.0,7.6,25.6,3
2021-01-16 17:30:00,0.0,10.0,29.5,3
2021-01-16 18:00:00,0.6,9.2,29.2,53
2021-01-16 18:49:00,0.0,7.3,20.5,3
2021-01-16 20:14:00,0.0,10.5,20.2,3
2021-01-16 20:16:00,0.0,8.8,16.9,3
2021-01-16 21:06:00,0.0,10.0,15.1,3
2021-01-16 22:08:00,0.0,6.8,12.6,3
2021-01-17 02:12:00,0.2,12.0,19.8,51
2021-01-17 03:01:00,0.0,10.2,17.6,3
2021-01-17 03:40:00,0.0,2.2,5.8,3
2021-01-17 08:02:00,0.1,9.4,20.9,51
2021-01-17 11:24:00,0.0,19.0,41.0,3
2021-01-17 17:31:00,0.4,6.7,27.7,51
2021-01-17 19:47:00,0.0,4.7,14.8,3
2021-01-17 21:50:00,0.0,1.6,15.5,2
2021-01-17 22:59:00,0.6,1.8,4.3,53
2021-01-18 06:23:00,0.0,11.8,22.0,3
2021-01-18 06:34:00,0.0,11.8,22.0,3
2021-01-18 07:27:00,0.0,11.0,19.8,3
2021-01-18 10:17:00,0.1,14.9,32.8,51
2021-01-18 15:08:00,0.0,10.5,28.4,3
2021-01-18 15:27:00,0.1,10.2,31.0,51
2021-01-18 17:31:00,0.0,2.9,22.0,3
2021-01-18 18:05:00,0.0,3.7,8.6,3
2021-01-18 18:13:00,0.0,3.7,8.6,3
2021-01-18 18:23:00,0.1,5.4,15.8,51
2021-01-18 20:20:00,2.1,4.3,14.8,61
2021-01-18 20:52:00,0.1,10.2,24.1,51
2021-01-18 23:11:00,0.4,3.9,13.3,51
2021-01-19 05:53:00,0.0,4.0,10.8,3
2021-01-19 07:52:00,0.0,8.1,16.2,3
2021-01-19 09:42:00,0.0,5.1,20.2,3
2021-01-19 14:15:00,0.9,7.9,29.5,53
2021-01-19 15:49:00,0.4,2.2,23.4,51
2021-01-19 17:14:00,0.0,9.7,25.2,3
2021-01-19 23:28:00,0.1,9.7,22.0,51
2021-01-20 00:00:00,0.0,11.4,21.6,2
2021-01-20 00:26:00,0.0,10.4,19.8,0
2021-01-20 03:09:00,0.0,5.2,12.6,3
2021-01-20 05:33:00,0.0,12.1,24.5,3
2021-01-20 06:18:00,0.0,7.0,19.1,3
2021-01-20 08:33:00,0.0,6.6,16.6,3
2021-01-20 09:32:00,0.0,6.6,16.6,1
2021-01-20 11:15:00,0.0,10.4,30.2,2
2021-01-20 13:48:00,0.0,10.7,29.2,3
2021-01-20 14:29:00,0.0,5.9,19.1,2
2021-01-20 15:59:00,0.1,5.5,22.7,51
2021-01-20 20:48:00,0.0,13.4,24.1,3
2021-01-21 07:26:00,0.0,12.6,23.0,3
2021-01-21 07:26:00,0.0,7.2,19.4,3
2021-01-21 07:55:00,0.0,11.3,22.7,3
2021-01-21 08:17:00,0.0,8.4,22.0,3
2021-01-21 08:51:00,0.0,13.2,26.3,3
2021-01-21 09:35:00,0.0,10.6,29.2,3
2021-01-21 14:02:00,0.0,6.4,22.0,2
2021-01-21 16:21:00,0.0,17.2,40.3,3
2021-01-21 17:10:00,0.0,8.8,16.9,2
2021-01-21 19:49:00,0.0,7.5,13.0,0
2021-01-22 01:22:00,0.0,12.7,21.6,1
2021-01-22 02:15:00,0.0,20.0,35.3,3
2021-01-22 06:58:00,0.0,11.4,27.0,2
2021-01-22 07:13:00,0.0,6.4,13.3,3
2021-01-22 07:31:00,0.0,5.2,11.9,3
2021-01-22 08:05:00,0.0,12.5,25.6,3
2021-01-22 14:29:00,0.0,1.0,14.8,2
2021-01-22 15:15:00,0.0,2.6,18.4,1
2021-01-22 15:55:00,0.3,12.1,24.1,51
2021-01-22 18:16:00,0.0,12.4,24.5,3
2021-01-22 18:24:00,0.2,15.0,31.3,51
2021-01-22 18:41:00,0.2,15.0,31.3,51
2021-01-22 19:22:00,0.0,14.5,29.9,3
2021-01-22 20:12:00,0.0,9.0,17.3,2
2021-01-22 22:11:00,0.0,9.2,18.4,3
2021-01-22 22:19:00,0.0,19.6,36.7,3
2021-01-23 07:32:00,0.0,16.6,30.6,3
2021-01-23 08:45:00,0.0,12.9,26.6,3
2021-01-23 11:17:00,0.0,12.5,27.4,3
2021-01-23 14:46:00,0.1,9.7,25.6,51
2021-01-23 18:02:00,0.0,10.7,18.0,3
2021-01-23 18:55:00,0.0,12.8,22.3,3
2021-01-23 19:36:00,0.0,11.8,21.2,3
2021-01-23 21:33:00,0.0,11.2,20.2,3
2021-01-23 23:20:00,0.0,4.1,6.8,3
2021-01-24 00:24:00,0.0,9.6,20.2,3
2021-01-24 01:57:00,0.0,7.3,18.7,3
2021-01-24 02:31:00,0.0,5.2,7.9,3
2021-01-24 03:52:00,0.0,9.5,17.6,3
2021-01-24 04:08:00,0.0,5.9,9.7,3
2021-01-24 04:26:00,0.0,5.4,11.5,3
2021-01-24 05:41:00,0.0,7.2,11.9,3
2021-01-24 05:48:00,0.0,8.4,14.4,3
2021-01-24 06:46:00,0.0,9.3,15.1,3
2021-01-24 11:19:00,0.0,9.7,31.3,3
2021-01-24 14:14:00,0.0,6.0,22.3,2
2021-01-24 15:54:00,0.6,5.8,18.7,53
2021-01-24 19:15:00,0.0,6.1,9.7,3
2021-01-24 20:29:00,0.0,7.3,15.8,3
2021-01-24 21:35:00,0.0,12.3,15.5,3
2021-01-24 22:27:00,0.0,11.8,24.1,3
2021-01-25 02:00:00,0.0,4.7,9.0,3
2021-01-25 07:31:00,0.0,10.8,18.0,3
2021-01-25 07:46:00,0.0,9.1,17.6,3
2021-01-25 08:01:00,0.0,9.8,22.0,3
2021-01-25 08:11:00,0.0,5.8,14.4,3
2021-01-25 09:23:00,0.0,13.6,29.9,3
2021-01-25 09:50:00,0.0,13.6,29.9,3
2021-01-25 13:19:00,0.0,10.5,28.4,3
2021-01-25 19:10:00,0.0,6.9,17.3,3
2021-01-25 20:02:00,0.0,6.5,12.6,3
2021-01-25 22:00:00,0.0,10.7,25.2,3
2021-01-25 23:38:00,0.0,6.0,17.6,3
2021-01-25 23:53:00,2.3,9.0,17.3,61
2021-01-26 01:28:00,10.1,2.9,15.5,65
2021-01-26 07:15:00,0.0,10.2,19.8,3
2021-01-26 07:59:00,0.0,12.0,20.5,3
2021-01-26 08:48:00,0.0,9.4,21.2,3
2021-01-26 08:59:00,0.0,9.4,22.0,2
2021-01-26 11:24:00,0.0,13.4,37.4,3
2021-01-26 14:32:00,0.0,9.2,29.5,3
2021-01-26 16:45:00,0.0,7.2,22.3,3
2021-01-26 17:13:00,0.0,9.0,18.7,3
2021-01-26 17:17:00,0.0,9.7,21.6,2
2021-01-26 17:19:00,0.3,6.8,17.6,51
2021-01-26 19:33:00,0.0,8.9,16.9,3
2021-01-26 20:07:00,0.0,4.4,15.8,3
2021-01-26 20:42:00,0.0,7.1,14.0,3
2021-01-26 21:59:00,0.0,5.1,6.5,3
2021-01-27 02:03:00,0.1,4.1,11.9,51
2021-01-27 06:57:00,0.0,7.2,14.0,3
2021-01-27 07:12:00,0.0,8.8,17.3,3
2021-01-27 08:18:00,0.0,3.1,11.9,2
2021-01-27 13:22:00,0.0,18.3,40.3,3
2021-01-27 14:27:00,0.5,16.9,40.7,53
2021-01-27 15:43:00,0.0,11.9,33.1,3
2021-01-27 19:48:00,0.0,6.1,14.4,3
2021-01-27 22:30:00,0.0,3.0,4.0,3
2021-01-27 23:35:00,0.0,4.1,5.8,3
2021-01-27 23:46:00,0.0,6.5,15.1,3
2021-01-28 05:25:00,0.0,4.8,10.4,3
2021-01-28 05:47:00,0.0,5.9,12.2,3
2021-01-28 06:16:00,0.0,4.9,9.0,3
2021-01-28 07:47:00,0.0,9.2,17.3,3
2021-01-28 12:44:00,0.0,14.3,40.3,3
2021-01-28 12:56:00,0.0,14.8,41.8,3
2021-01-28 15:04:00,0.0,5.6,20.2,2
2021-01-28 16:39:00,1.0,10.9,25.9,55
2021-01-28 17:14:00,0.9,7.2,22.0,53
2021-01-28 17:17:00,0.0,2.6,24.8,2
2021-01-28 17:18:00,1.9,4.1,25.2,61
2021-01-28 18:03:00,0.2,1.8,18.0,51
2021-01-28 22:02:00,0.0,4.0,7.2,3
2021-01-29 04:39:00,0.0,1.6,6.1,3
2021-01-29 08:04:00,0.0,6.1,15.1,3
2021-01-29 12:17:00,0.0,15.3,37.4,3
2021-01-29 13:53:00,0.0,14.2,31.0,3
2021-01-29 13:59:00,0.0,12.2,29.9,3
2021-01-29 14:01:00,0.0,11.2,29.9,3
2021-01-29 14:03:00,0.0,12.1,32.8,3
2021-01-29 14:50:00,0.0,8.8,25.9,3
2021-01-29 15:11:00,0.1,13.1,33.8,51
2021-01-29 15:50:00,0.0,12.4,29.5,2
2021-01-29 17:04:00,0.0,10.3,30.2,1
2021-01-29 18:22:00,0.0,9.8,23.0,2
2021-01-29 18:56:00,0.0,13.8,26.3,3
2021-01-29 22:01:00,0.0,8.6,14.4,2
2021-01-29 22:33:00,0.0,8.0,13.0,3
2021-01-29 23:10:00,0.0,8.7,14.8,3
2021-01-30 01:19:00,0.0,7.8,10.1,3
2021-01-30 08:14:00,0.0,6.3,17.3,2
2021-01-30 11:45:00,0.0,14.4,29.2,2
2021-01-30 13:30:00,0.0,12.9,33.1,1
2021-01-30 14:48:00,0.0,8.4,27.4,0
2021-01-30 15:41:00,0.0,12.0,34.6,1
2021-01-30 19:25:00,0.0,13.5,23.8,3
2021-01-30 19:31:00,0.0,6.1,10.1,3
2021-01-30 20:28:00,0.0,8.2,13.3,0
2021-01-30 21:48:00,0.0,7.4,24.8,3
2021-01-30 22:45:00,0.0,7.6,15.1,3
2021-01-31 02:32:00,0.0,6.6,11.9,3
2021-01-31 02:55:00,0.0,10.9,21.2,3
2021-01-31 04:18:00,0.0,7.2,13.0,3
2021-01-31 06:18:00,0.0,5.1,10.4,3
2021-01-31 14:53:00,0.0,11.8,36.7,3
2021-01-31 17:35:00,0.0,13.8,29.2,3
2021-01-31 18:07:00,0.0,8.7,18.4,3
2021-01-31 19:08:00,0.0,4.7,11.9,2
2021-01-31 20:06:00,0.0,5.3,8.6,2
2021-01-31 22:56:00,0.9,8.3,17.6,53
2021-01-31 23:24:00,0.9,2.6,10.1,53
2021-02-01 02:59:00,0.0,4.7,11.9,3
2021-02-01 06:07:00,0.0,10.2,23.4,3
2021-02-01 15:41:00,0.1,5.1,27.4,51
2021-02-01 17:51:00,0.1,4.0,11.2,51
2021-02-01 18:34:00,0.2,4.7,9.0,51
2021-02-01 20:01:00,0.1,5.6,14.0,51
2021-02-02 07:56:00,0.0,5.0,13.0,3
2021-02-02 08:53:00,0.0,4.8,15.1,3
2021-02-02 12:59:00,0.0,8.4,26.3,0
2021-02-02 13:03:00,0.0,6.9,21.2,3
2021-02-02 15:22:00,1.5,12.1,25.2,61
2021-02-02 16:34:00,1.0,12.2,37.1,55
2021-02-02 16:43:00,0.0,2.2,20.2,3
2021-02-02 17:27:00,0.9,14.9,34.9,53
2021-02-02 17:52:00,0.9,14.9,34.9,53
2021-02-02 18:20:00,0.2,12.9,29.9,51
2021-02-02 18:39:00,1.1,4.8,22.0,55
2021-02-02 20:38:00,1.1,3.1,17.3,55
2021-02-02 21:22:00,0.2,7.2,15.5,51
2021-02-02 22:20:00,0.0,4.6,8.3,3
2021-02-02 23:49:00,0.0,5.0,8.6,3
2021-02-03 01:42:00,0.0,5.8,10.8,2
2021-02-03 02:51:00,0.0,5.4,12.2,2
2021-02-03 07:40:00,0.0,5.9,13.7,3
2021-02-03 08:31:00,0.0,4.0,13.0,3
2021-02-03 08:53:00,0.0,5.9,16.6,2
2021-02-03 09:27:00,0.0,4.2,18.0,0
2021-02-03 16:47:00,0.1,2.2,31.3,51
2021-02-03 17:09:00,0.1,14.0,28.4,51
2021-02-03 17:51:00,0.0,9.0,20.5,2
2021-02-03 20:22:00,0.1,3.8,8.6,51
2021-02-03 22:27:00,0.0,7.8,13.3,3
2021-02-03 23:17:00,0.0,2.2,15.1,3
2021-02-04 05:09:00,0.0,5.8,10.4,3
2021-02-04 05:33:00,0.0,10.2,19.1,3
2021-02-04 06:51:00,0.0,11.6,22.3,3
2021-02-04 07:56:00,0.0,5.1,12.6,3
2021-02-04 08:03:00,0.0,11.2,25.6,3
2021-02-04 08:12:00,0.0,9.0,22.0,3
2021-02-04 08:43:00,0.0,10.5,23.4,2
2021-02-04 10:25:00,0.0,6.8,25.9,2
2021-02-04 10:34:00,0.2,8.2,25.6,51
2021-02-04 11:57:00,0.0,11.2,34.6,3
2021-02-04 14:25:00,0.0,11.6,37.1,3
2021-02-04 15:03:00,1.3,14.8,37.1,61
2021-02-04 15:39:00,0.1,12.2,32.8,51
2021-02-04 16:33:00,0.7,9.3,33.5,53
2021-02-04 17:04:00,0.0,13.8,28.4,3
2021-02-04 18:20:00,0.0,9.7,32.0,3
2021-02-04 19:03:00,0.0,7.6,20.9,2
2021-02-04 20:13:00,0.5,11.5,23.8,53
2021-02-05 04:49:00,0.1,5.6,13.0,51
2021-02-05 05:42:00,0.1,7.0,20.2,51
2021-02-05 06:16:00,0.3,4.5,16.9,51
2021-02-05 06:44:00,0.1,6.0,21.6,51
2021-02-05 07:15:00,0.1,8.8,19.8,51
2021-02-05 08:06:00,0.2,8.2,27.0,51
2021-02-05 09:39:00,0.3,5.9,21.2,51
2021-02-05 14:34:00,0.4,18.7,44.3,51
2021-02-05 15:04:00,0.9,10.4,39.6,53
2021-02-05 15:47:00,0.1,10.1,40.7,51
2021-02-05 16:09:00,0.3,4.7,28.4,51
2021-02-05 16:30:00,2.4,12.8,32.4,61
2021-02-05 16:37:00,1.0,8.2,29.5,55
2021-02-05 16:45:00,2.4,12.8,32.4,61
2021-02-05 17:14:00,5.7,8.9,36.7,63
2021-02-05 17:23:00,15.5,9.2,23.0,65
2021-02-05 17:57:00,0.9,18.9,33.1,53
2021-02-05 18:23:00,10.9,7.8,28.4,65
2021-02-05 18:41:00,6.1,6.9,25.2,63
2021-02-05 18:53:00,8.9,6.0,23.4,65
2021-02-05 19:51:00,0.1,14.8,29.2,51
2021-02-05 19:55:00,0.1,14.8,29.2,51
2021-02-05 20:39:00,0.0,2.7,10.8,0
2021-02-05 22:13:00,0.2,7.9,19.4,51
2021-02-05 22:21:00,0.0,7.6,18.4,0
2021-02-05 22:28:00,0.4,5.9,15.5,51
2021-02-05 23:11:00,0.2,10.1,18.0,51
2021-02-05 23:15:00,0.2,10.1,18.0,51
2021-02-05 23:56:00,0.0,10.2,21.6,1
2021-02-06 00:43:00,0.3,6.6,12.6,51
2021-02-06 03:25:00,0.0,8.2,15.5,0
2021-02-06 04:16:00,0.0,5.2,11.9,0
2021-02-06 04:36:00,0.0,5.2,11.9,0
2021-02-06 05:03:00,0.0,5.9,9.7,0
2021-02-06 09:52:00,0.0,6.3,21.6,2
2021-02-06 09:53:00,0.0,5.1,20.2,3
2021-02-06 12:19:00,0.3,12.3,37.4,51
2021-02-06 12:57:00,0.1,16.4,36.7,51
2021-02-06 15:28:00,0.0,17.6,38.5,1
2021-02-06 15:39:00,0.1,13.7,34.6,51
2021-02-06 17:27:00,0.0,12.0,27.4,0
2021-02-06 20:21:00,0.0,16.3,38.2,0
2021-02-06 23:21:00,0.0,14.5,32.8,0
2021-02-06 23:55:00,0.0,21.3,40.3,0
2021-02-07 00:51:00,0.0,21.4,38.2,0
2021-02-07 02:03:00,0.0,8.9,19.8,0
2021-02-07 02:34:00,0.0,14.0,33.1,3
2021-02-07 03:37:00,0.0,17.3,34.2,3
2021-02-07 03:57:00,0.1,14.3,29.2,51
2021-02-07 05:01:00,0.0,9.2,22.7,0
2021-02-07 06:15:00,0.1,11.5,23.0,51
2021-02-07 06:48:00,0.1,12.2,20.9,51
2021-02-07 11:17:00,0.2,8.0,26.3,51
2021-02-07 12:47:00,0.2,8.5,27.4,51
2021-02-07 18:09:00,0.0,5.7,20.9,1
2021-02-07 19:22:00,0.0,22.2,46.1,1
2021-02-07 22:07:00,0.0,9.7,21.2,0
2021-02-08 04:59:00,0.0,12.3,23.8,0
2021-02-08 07:57:00,0.0,13.0,22.3,0
2021-02-08 08:08:00,0.0,14.2,28.1,0
2021-02-08 09:07:00,0.0,15.3,36.4,0
2021-02-08 16:05:00,0.0,10.3,23.8,0
2021-02-08 17:32:00,0.0,20.1,38.9,1
2021-02-08 18:29:00,0.0,20.9,39.2,0
2021-02-08 20:41:00,0.0,19.1,39.2,0
2021-02-08 20:54:00,0.0,19.1,39.2,0
2021-02-09 02:13:00,0.0,10.5,22.7,0
2021-02-09 08:29:00,0.0,10.8,24.1,0
2021-02-09 08:36:00,0.0,10.0,23.0,0
2021-02-09 08:41:00,0.0,13.2,29.5,0
2021-02-09 15:00:00,0.1,10.5,25.9,51
2021-02-09 15:43:00,0.0,2.4,13.3,1
2021-02-09 16:37:00,0.1,6.2,16.2,51
2021-02-09 17:23:00,0.1,23.7,44.6,51
2021-02-09 17:51:00,0.0,11.9,25.2,1
2021-02-09 18:02:00,0.0,23.2,46.8,1
2021-02-09 18:50:00,0.2,12.5,26.3,51
2021-02-09 19:35:00,0.0,21.5,43.9,1
2021-02-09 21:18:00,0.0,19.6,33.5,1
2021-02-09 23:17:00,0.0,11.1,22.7,3
2021-02-09 23:50:00,0.0,13.5,27.4,3
2021-02-10 06:04:00,0.0,6.8,15.8,2
2021-02-10 06:35:00,0.0,6.8,15.8,2
2021-02-10 07:35:00,0.0,10.9,22.3,2
2021-02-10 07:45:00,0.0,12.7,24.1,1
2021-02-10 08:50:00,0.0,14.1,30.2,1
2021-02-10 10:31:00,0.0,8.2,27.4,1
2021-02-10 10:53:00,0.0,11.2,24.1,2
2021-02-10 13:53:00,0.0,2.5,17.6,3
2021-02-10 15:36:00,0.0,1.4,13.7,1
2021-02-10 15:59:00,0.0,10.5,27.7,1
2021-02-10 16:48:00,0.1,15.5,41.4,51
2021-02-10 17:35:00,0.1,23.0,44.3,51
2021-02-10 17:47:00,0.4,23.5,45.7,51
2021-02-10 17:51:00,0.0,17.9,38.9,1
2021-02-10 17:55:00,0.1,16.6,35.3,51
2021-02-10 18:04:00,0.0,18.4,35.6,2
2021-02-10 18:12:00,0.0,18.6,42.1,2
2021-02-10 18:59:00,0.0,4.9,14.0,1
2021-02-10 20:04:00,0.0,14.1,29.5,2
2021-02-10 20:35:00,0.0,13.7,27.4,1
2021-02-11 06:01:00,0.0,4.0,9.7,2
2021-02-11 07:25:00,0.0,6.3,13.0,2
2021-02-11 08:24:00,0.1,4.3,13.3,51
2021-02-11 11:35:00,0.1,4.7,15.5,51
2021-02-11 12:11:00,2.6,11.6,33.8,63
2021-02-11 13:49:00,6.4,7.3,26.6,63
2021-02-11 14:39:00,0.1,6.1,26.3,51
2021-02-11 15:11:00,0.2,9.1,24.8,51
2021-02-11 15:22:00,0.2,9.1,24.8,51
2021-02-11 16:25:00,0.4,12.7,29.9,51
2021-02-11 16:39:00,1.7,7.1,22.7,61
2021-02-11 18:27:00,0.2,11.2,19.8,51
2021-02-11 19:58:00,0.0,10.8,20.5,3
2021-02-12 05:27:00,0.0,8.3,14.4,3
2021-02-12 07:08:00,0.0,9.7,16.9,3
2021-02-12 07:17:00,0.0,3.9,10.1,3
2021-02-12 08:04:00,0.0,11.8,23.0,3
2021-02-12 10:43:00,0.0,11.3,25.6,3
2021-02-12 12:31:00,0.0,12.3,35.6,3
2021-02-12 15:04:00,0.1,6.1,32.4,51
2021-02-12 16:12:00,0.3,10.7,28.1,51
2021-02-12 17:40:00,0.1,4.0,19.1,51
2021-02-12 17:50:00,0.0,6.4,23.8,3
2021-02-12 18:02:00,0.0,6.8,22.3,3
2021-02-12 18:38:00,0.0,6.7,23.8,3
2021-02-12 18:53:00,0.0,6.8,22.3,3
2021-02-12 18:55:00,0.0,6.1,18.0,3
2021-02-12 19:31:00,4.2,2.9,9.0,63
2021-02-13 01:03:00,2.3,9.1,23.4,61
2021-02-13 01:38:00,0.3,7.9,14.8,51
2021-02-13 02:29:00,3.1,4.4,16.2,63
2021-02-13 05:00:00,0.7,8.7,22.3,53
2021-02-13 05:18:00,0.6,5.8,18.0,53
2021-02-13 07:35:00,1.0,8.0,15.1,55
2021-02-13 08:00:00,0.4,10.4,20.5,51
2021-02-13 08:10:00,0.3,10.1,19.8,51
2021-02-13 09:14:00,0.0,7.9,32.8,3
2021-02-13 09:20:00,0.6,13.2,22.7,53
2021-02-13 10:53:00,0.5,12.2,26.6,53
2021-02-13 11:06:00,0.1,13.0,29.9,51
2021-02-13 11:37:00,0.1,13.0,29.9,51
2021-02-13 12:43:00,0.1,9.8,33.5,51
2021-02-13 12:54:00,0.0,8.2,32.0,3
2021-02-13 13:15:00,0.5,6.1,28.8,53
2021-02-13 13:44:00,0.3,8.4,32.4,51
2021-02-13 13:47:00,0.5,6.1,32.4,53
2021-02-13 13:59:00,0.1,9.5,33.5,51
2021-02-13 14:45:00,1.0,13.8,33.8,55
2021-02-13 14:49:00,1.5,10.5,31.3,61
2021-02-13 14:55:00,0.8,13.3,34.2,53
2021-02-13 14:59:00,1.0,13.3,34.6,55
2021-02-13 15:03:00,1.6,8.7,29.5,61
2021-02-13 15:12:00,2.1,8.7,34.2,61
2021-02-13 16:57:00,0.2,10.6,28.8,51
2021-02-13 17:01:00,0.1,7.1,20.2,51
2021-02-13 17:03:00,0.1,2.2,21.2,51
2021-02-13 17:09:00,0.2,9.6,26.6,51
2021-02-13 17:19:00,0.0,4.9,24.8,3
2021-02-13 17:36:00,0.1,10.4,23.0,51
2021-02-13 18:04:00,0.0,6.6,12.6,3
2021-02-13 18:17:00,0.0,7.1,22.3,3
2021-02-13 18:19:00,0.0,7.1,22.3,3
2021-02-13 18:45:00,0.0,7.1,22.3,3
2021-02-13 20:06:00,0.1,5.4,8.6,51
2021-02-13 20:23:00,0.0,8.0,14.8,1
2021-02-14 00:18:00,0.0,6.8,10.4,3
2021-02-14 07:15:00,0.0,10.9,18.7,2
2021-02-14 09:42:00,0.0,4.7,16.2,0
2021-02-14 12:22:00,0.2,13.0,31.3,51
2021-02-14 14:42:00,0.3,13.9,31.7,51
2021-02-14 22:21:00,0.0,6.6,7.2,3
2021-02-14 22:51:00,0.0,4.0,7.6,3
2021-02-14 22:56:00,0.0,6.4,9.0,3
2021-02-14 23:07:00,0.0,5.7,10.4,3
2021-02-14 23:15:00,1.0,4.5,8.3,55
2021-02-14 23:21:00,0.0,5.5,8.6,3
2021-02-15 17:08:00,0.0,6.8,22.7,1
2021-02-15 19:36:00,0.2,1.5,19.8,51
2021-02-15 21:54:00,0.0,5.2,10.8,3
2021-02-15 22:10:00,0.0,7.9,14.8,1
2021-02-16 03:53:00,0.0,3.8,5.4,2
2021-02-16 08:05:00,0.0,6.2,16.6,0
2021-02-16 10:22:00,0.2,9.5,29.9,51
2021-02-16 10:31:00,0.1,12.0,34.6,51
2021-02-16 10:47:00,0.2,9.5,29.9,51
2021-02-16 12:15:00,0.1,11.7,31.3,51
2021-02-16 17:43:00,0.0,6.9,21.6,1
2021-02-16 17:45:00,0.0,9.0,24.8,0
2021-02-16 18:42:00,0.0,7.6,18.7,1
2021-02-16 18:43:00,0.0,4.5,22.7,2
2021-02-16 20:08:00,0.0,6.1,9.4,2
2021-02-16 20:51:00,0.0,5.7,9.4,3
2021-02-16 23:15:00,0.0,2.4,7.9,3
2021-02-17 02:11:00,0.0,6.2,12.2,2
2021-02-17 04:24:00,0.0,5.8,11.5,2
2021-02-17 11:21:00,0.0,7.1,27.4,3
2021-02-17 15:30:00,0.0,5.0,24.8,2
2021-02-17 15:53:00,0.3,10.5,40.0,51
2021-02-17 15:56:00,0.0,8.4,26.6,1
2021-02-17 15:56:00,0.1,11.4,24.5,51
2021-02-17 15:57:00,0.0,5.0,24.8,2
2021-02-17 16:27:00,0.0,6.6,27.4,2
2021-02-17 16:58:00,1.3,7.0,28.1,61
2021-02-17 17:05:00,0.0,4.7,17.6,2
2021-02-17 17:20:00,0.0,5.7,20.5,3
2021-02-17 19:31:00,0.0,3.4,11.9,1
2021-02-17 22:16:00,0.0,7.9,14.8,2
2021-02-17 22:20:00,0.0,4.8,7.9,2
2021-02-17 23:14:00,0.0,12.4,22.7,3
2021-02-18 01:46:00,0.0,7.7,18.0,1
2021-02-18 08:26:00,0.0,9.0,18.4,0
2021-02-18 17:12:00,0.3,13.7,29.5,51
2021-02-18 18:16:00,0.2,4.4,25.2,51
2021-02-18 19:14:00,0.6,12.2,29.9,53
2021-02-18 20:38:00,0.3,14.3,25.9,51
2021-02-18 20:52:00,0.1,6.6,14.0,51
2021-02-18 20:59:00,0.0,4.4,7.9,1
2021-02-19 00:47:00,0.0,7.2,16.2,0
2021-02-19 01:56:00,0.0,6.4,14.0,0
2021-02-19 05:02:00,0.0,5.5,12.2,1
2021-02-19 05:17:00,0.0,3.7,4.7,0
2021-02-19 05:27:00,0.0,3.7,4.7,0
2021-02-19 06:16:00,0.0,5.8,7.6,3
2021-02-19 07:36:00,0.0,6.5,13.7,3
2021-02-19 08:18:00,0.0,2.9,11.5,0
2021-02-19 11:24:00,0.0,3.9,17.6,1
2021-02-19 11:49:00,0.0,4.0,15.8,1
2021-02-19 12:41:00,0.0,6.1,18.7,1
2021-02-19 13:44:00,0.0,10.2,25.2,1
2021-02-19 15:01:00,0.0,7.6,23.0,0
2021-02-19 16:15:00,0.0,9.2,21.2,0
2021-02-19 16:17:00,0.0,8.2,22.0,0
2021-02-19 16:49:00,0.0,6.7,19.1,0
2021-02-19 17:24:00,0.0,9.2,17.3,0
2021-02-19 17:24:00,0.0,20.0,42.5,0
2021-02-19 18:26:00,0.0,16.4,43.2,0
2021-02-19 21:47:00,0.0,12.5,31.3,1
2021-02-19 22:39:00,0.0,5.0,10.1,1
2021-02-19 22:57:00,0.0,9.8,19.4,0
2021-02-19 23:24:00,0.0,17.1,31.0,0
2021-02-20 04:00:00,0.0,8.0,10.8,0
2021-02-20 07:49:00,0.0,3.6,10.4,0
2021-02-20 08:01:00,0.0,10.1,23.8,1
2021-02-20 09:35:00,0.0,6.4,14.4,2
2021-02-20 13:27:00,0.0,1.1,17.3,2
2021-02-20 15:27:00,0.0,4.7,14.8,2
2021-02-20 17:06:00,0.0,18.7,32.0,0
2021-02-20 21:52:00,0.0,10.7,24.1,1
2021-02-20 22:27:00,0.0,19.5,35.3,0
2021-02-20 22:44:00,0.0,16.9,33.5,1
2021-02-20 23:04:00,0.0,17.4,33.8,1
2021-02-20 23:20:00,0.0,8.9,21.6,0
2021-02-21 03:39:00,0.0,12.0,22.3,1
2021-02-21 04:10:00,0.0,6.9,11.9,0
2021-02-21 07:29:00,0.0,4.7,13.0,0
2021-02-21 09:14:00,0.0,4.0,15.8,0
2021-02-21 15:31:00,0.3,9.7,23.4,51
2021-02-21 19:48:00,0.0,6.1,13.0,1
2021-02-21 19:54:00,0.0,6.2,14.8,1
2021-02-21 20:33:00,0.0,22.6,42.1,0
2021-02-22 00:33:00,0.0,12.0,22.3,2
2021-02-22 00:44:00,0.0,18.4,34.9,0
2021-02-22 07:54:00,0.0,13.0,25.9,2
2021-02-22 08:07:00,0.0,10.5,24.1,0
2021-02-22 13:28:00,0.0,6.1,19.4,1
2021-02-22 14:02:00,0.0,3.6,19.4,1
2021-02-22 17:36:00,0.0,19.3,36.0,1
2021-02-22 23:03:00,0.0,10.4,22.7,3
2021-02-23 01:27:00,0.0,10.1,24.1,0
2021-02-23 06:43:00,0.0,6.0,8.3,3
2021-02-23 07:27:00,0.0,8.2,15.5,0
2021-02-23 08:08:00,0.0,4.5,14.0,0
2021-02-23 15:51:00,0.0,5.6,18.7,1
2021-02-23 16:48:00,0.0,5.4,16.9,1
2021-02-23 20:25:00,0.0,3.8,9.4,1
2021-02-23 20:31:00,0.0,9.4,16.6,1
2021-02-23 20:44:00,0.0,6.3,11.2,1
2021-02-23 21:06:00,0.0,7.0,13.7,0
2021-02-23 21:10:00,0.0,4.9,14.0,0
2021-02-23 21:50:00,0.0,8.8,13.7,0
2021-02-23 23:31:00,0.0,7.4,9.7,0
2021-02-23 23:50:00,0.0,9.4,15.5,0
2021-02-24 06:13:00,0.0,8.1,10.8,0
2021-02-24 08:17:00,0.0,4.6,13.0,1
2021-02-24 08:35:00,0.0,6.6,16.9,1
2021-02-24 09:52:00,0.0,6.9,18.0,2
2021-02-24 10:14:00,0.0,6.9,20.2,0
2021-02-24 11:54:00,0.0,11.8,28.1,1
2021-02-24 14:09:00,0.0,7.6,23.0,1
2021-02-24 14:19:00,0.0,7.6,22.7,2
2021-02-24 17:22:00,0.0,6.4,14.0,3
2021-02-24 17:33:00,0.0,14.5,31.7,3
2021-02-24 17:41:00,0.0,11.9,23.8,3
2021-02-24 17:53:00,0.0,8.4,19.8,3
2021-02-24 18:13:00,0.0,15.2,27.4,3
2021-02-24 18:25:00,0.0,13.5,23.8,3
2021-02-24 18:31:00,0.0,15.2,27.4,3
2021-02-24 19:41:00,0.0,12.0,31.7,3
2021-02-24 22:01:00,0.0,10.6,22.3,3
2021-02-25 07:28:00,0.0,7.3,14.8,3
2021-02-25 07:34:00,0.0,10.0,17.6,2
2021-02-25 07:36:00,0.0,10.7,19.1,2
2021-02-25 07:37:00,0.0,7.3,14.8,3
2021-02-25 07:42:00,0.0,10.0,17.6,2
2021-02-25 07:49:00,0.0,10.3,18.0,2
2021-02-25 07:56:00,0.1,8.2,21.6,51
2021-02-25 09:00:00,0.5,6.2,22.7,53
2021-02-25 13:52:00,0.2,13.5,42.5,51
2021-02-25 16:50:00,0.1,6.2,25.9,51
2021-02-25 17:34:00,2.7,11.2,26.6,63
2021-02-25 20:13:00,0.6,8.0,16.2,53
2021-02-25 21:36:00,0.6,11.4,19.8,53
2021-02-26 01:26:00,0.0,6.8,16.9,2
2021-02-26 04:13:00,0.0,6.2,11.9,1
2021-02-26 04:32:00,0.0,5.7,11.2,3
2021-02-26 06:13:00,0.1,5.8,15.8,51
2021-02-26 06:48:00,0.5,8.1,22.0,53
2021-02-26 07:18:00,0.0,13.5,24.5,0
2021-02-26 11:15:00,4.7,6.4,18.7,63
2021-02-26 11:32:00,0.1,2.4,30.2,51
2021-02-26 11:48:00,2.5,6.4,23.0,63
2021-02-26 12:00:00,0.0,5.4,16.2,3
2021-02-26 12:46:00,6.4,6.3,18.4,63
2021-02-26 14:15:00,0.0,4.1,28.8,3
2021-02-26 14:58:00,0.1,5.2,28.4,51
2021-02-26 15:59:00,0.0,4.7,14.4,3
2021-02-26 16:23:00,0.0,8.1,26.6,3
2021-02-26 16:49:00,0.0,8.2,27.4,3
2021-02-26 17:16:00,0.4,9.0,23.8,51
2021-02-26 17:49:00,0.0,8.6,19.8,3
2021-02-26 17:52:00,0.2,8.0,20.5,51
2021-02-26 19:18:00,0.0,12.3,20.9,3
2021-02-26 19:35:00,0.1,11.1,20.2,51
2021-02-26 20:26:00,0.0,7.1,14.0,2
2021-02-26 21:17:00,0.0,6.3,13.7,2
2021-02-26 21:39:00,0.0,4.4,13.0,1
2021-02-26 21:55:00,0.0,4.0,11.9,3
2021-02-26 21:55:00,0.0,6.3,13.7,2
2021-02-26 22:47:00,0.0,5.1,10.4,2
2021-02-26 23:22:00,0.0,4.0,18.0,1
2021-02-26 23:33:00,0.0,8.8,16.6,0
2021-02-26 23:43:00,0.1,1.6,6.1,51
2021-02-27 00:50:00,0.0,6.1,10.4,3
2021-02-27 00:56:00,0.0,7.4,10.1,1
2021-02-27 06:36:00,0.0,4.1,9.7,1
2021-02-27 07:01:00,0.2,6.3,16.9,51
2021-02-27 07:49:00,0.0,8.8,14.8,1
2021-02-27 11:57:00,0.2,6.5,28.1,51
2021-02-27 12:00:00,0.1,10.8,25.2,51
2021-02-27 12:17:00,0.1,4.6,26.3,51
2021-02-27 12:33:00,0.1,3.7,27.4,51
2021-02-27 13:42:00,0.8,5.2,27.7,53
2021-02-27 13:44:00,0.1,1.6,27.0,51
2021-02-27 14:31:00,0.1,7.4,26.3,51
2021-02-27 14:57:00,0.1,7.4,26.3,51
2021-02-27 18:24:00,2.4,11.1,29.9,61
2021-02-27 19:02:00,0.4,8.4,18.7,51
2021-02-27 20:50:00,0.1,9.2,18.4,51
2021-02-27 22:04:00,1.5,11.6,27.0,61
2021-02-27 22:47:00,0.4,14.1,24.5,51
2021-02-27 23:25:00,0.4,12.2,31.0,51
2021-02-27 23:59:00,0.4,12.2,31.0,51
2021-02-28 01:34:00,0.2,6.3,14.4,51
2021-02-28 13:18:00,0.0,4.0,32.8,3
2021-02-28 13:31:00,0.0,9.6,24.5,3
2021-02-28 15:41:00,0.0,2.3,11.5,3
2021-02-28 15:53:00,3.2,10.3,22.3,63
2021-02-28 16:32:00,0.0,12.2,33.8,1
2021-02-28 17:31:00,0.0,9.3,27.7,2
2021-02-28 19:49:00,0.0,11.2,18.7,3
2021-02-28 20:25:00,0.2,7.2,14.8,51
2021-02-28 21:31:00,0.0,7.6,9.4,2
2021-03-01 03:56:00,0.0,7.2,12.2,1
2021-03-01 12:55:00,0.2,10.6,33.8,51
2021-03-01 17:30:00,0.0,5.2,16.2,2
2021-03-01 21:45:00,0.0,9.7,24.1,3
2021-03-02 01:15:00,0.0,8.7,18.0,3
2021-03-02 04:12:00,0.0,6.8,16.9,0
2021-03-02 07:28:00,0.0,10.3,17.6,2
2021-03-02 10:14:00,0.0,11.8,31.3,3
2021-03-02 12:10:00,0.0,9.1,29.2,3
2021-03-02 13:29:00,0.0,12.0,31.0,3
2021-03-02 14:31:00,0.0,9.5,24.8,2
2021-03-02 14:34:00,0.0,8.8,27.4,1
2021-03-02 17:22:00,0.0,2.6,9.4,2
2021-03-02 17:34:00,0.0,8.2,19.8,3
2021-03-03 00:58:00,0.1,4.0,12.6,51
2021-03-03 10:02:00,0.0,12.0,26.6,2
2021-03-03 10:03:00,0.0,8.8,22.0,2
2021-03-03 12:14:00,0.0,15.4,32.0,3
2021-03-03 14:04:00,0.0,8.6,26.6,3
2021-03-03 17:48:00,0.0,11.3,22.7,3
2021-03-03 18:22:00,0.9,9.0,26.3,53
2021-03-03 18:30:00,0.9,9.0,26.3,53
2021-03-03 19:07:00,0.0,6.6,23.4,3
2021-03-03 19:09:00,0.0,5.8,14.4,3
2021-03-03 19:47:00,0.0,8.2,19.1,3
2021-03-03 20:35:00,0.0,10.2,19.4,3
2021-03-03 23:30:00,0.0,6.8,12.6,3
2021-03-04 01:47:00,0.0,6.9,13.3,3
2021-03-04 04:35:00,0.0,10.4,19.1,2
2021-03-04 04:35:00,0.0,10.4,19.1,2
2021-03-04 04:43:00,0.0,3.9,7.9,3
2021-03-04 06:50:00,0.0,5.2,8.6,3
2021-03-04 07:25:00,0.0,6.8,13.0,2
2021-03-04 07:27:00,0.0,6.8,13.0,2
2021-03-04 09:29:00,0.0,3.5,17.3,1
2021-03-04 14:18:00,0.1,12.7,42.1,51
2021-03-04 15:18:00,0.1,7.9,32.0,51
2021-03-04 15:34:00,0.6,12.3,41.4,53
2021-03-04 18:52:00,1.7,15.6,34.2,61
2021-03-04 21:23:00,0.0,6.8,16.6,3
2021-03-04 22:06:00,0.0,13.2,26.6,3
2021-03-05 01:29:00,0.0,10.9,19.1,3
2021-03-05 01:35:00,0.0,19.0,31.7,3
2021-03-05 06:15:00,0.0,17.1,33.8,3
2021-03-05 06:57:00,0.0,15.5,27.0,3
2021-03-05 07:21:00,0.0,17.3,30.2,3
2021-03-05 07:33:00,0.0,18.6,36.7,3
2021-03-05 07:37:00,0.0,6.6,12.6,3
2021-03-05 08:47:00,0.1,17.7,32.0,51
2021-03-05 10:25:00,0.4,18.7,51.1,51
2021-03-05 10:42:00,0.4,18.7,51.1,51
2021-03-05 13:01:00,1.5,23.7,64.8,61
2021-03-05 13:48:00,2.2,25.1,63.7,61
2021-03-05 15:08:00,2.7,21.4,57.6,63
2021-03-05 15:09:00,2.1,19.3,56.5,61
2021-03-05 15:12:00,2.1,19.3,56.5,61
2021-03-05 15:15:00,2.1,19.3,56.5,61
2021-03-05 15:15:00,0.1,24.0,54.4,51
2021-03-05 15:43:00,2.7,21.4,57.6,63
2021-03-05 16:32:00,0.0,20.2,48.2,3
2021-03-05 16:59:00,0.1,20.9,55.1,51
2021-03-05 17:00:00,1.1,14.1,49.7,55
2021-03-05 17:14:00,1.1,14.1,49.7,55
2021-03-05 17:19:00,0.7,10.6,48.6,53
2021-03-05 18:18:00,0.1,11.0,31.3,51
2021-03-05 18:29:00,0.1,11.0,31.3,51
2021-03-05 18:43:00,0.4,17.0,42.5,51
2021-03-05 18:53:00,2.7,9.7,45.0,63
2021-03-05 20:41:00,4.2,3.1,18.0,63
2021-03-05 21:12:00,0.3,11.5,23.4,51
2021-03-05 22:00:00,1.9,11.2,35.6,61
2021-03-06 05:33:00,0.4,13.1,26.3,51
2021-03-06 06:12:00,0.1,16.3,29.2,51
2021-03-06 06:44:00,1.1,11.9,32.0,55
2021-03-06 06:49:00,0.6,7.9,20.5,53
2021-03-06 07:51:00,0.8,10.8,24.1,53
2021-03-06 08:07:00,0.7,9.7,18.7,53
2021-03-06 08:19:00,0.7,9.5,20.9,53
2021-03-06 08:20:00,0.2,16.6,33.5,51
2021-03-06 08:56:00,0.1,19.1,32.0,51
2021-03-06 09:04:00,0.2,14.4,38.5,51
2021-03-06 09:28:00,0.2,12.3,32.4,51
2021-03-06 11:42:00,0.2,9.7,39.2,51
2021-03-06 14:34:00,0.1,15.7,45.0,51
2021-03-06 15:07:00,3.9,11.2,31.7,63
2021-03-06 17:54:00,6.9,7.9,24.5,63
2021-03-06 18:07:00,0.2,11.8,36.0,51
2021-03-06 18:46:00,2.0,5.9,29.9,61
2021-03-06 19:43:00,0.4,5.6,9.7,51
2021-03-06 19:54:00,0.0,7.9,19.1,3
2021-03-06 20:52:00,0.7,2.3,9.0,53
2021-03-06 23:46:00,0.3,7.3,21.6,51
2021-03-07 00:14:00,0.4,6.1,12.2,51
2021-03-07 00:28:00,0.0,4.3,9.7,3
2021-03-07 03:30:00,0.0,4.3,10.8,3
2021-03-07 06:13:00,1.2,4.7,7.2,55
2021-03-07 06:51:00,0.0,4.8,9.0,3
2021-03-07 07:51:00,0.4,5.8,10.8,51
2021-03-07 08:01:00,0.2,7.6,18.7,51
2021-03-07 08:30:00,0.1,9.4,18.7,51
2021-03-07 10:37:00,0.2,5.4,20.2,51
2021-03-07 13:13:00,0.1,3.8,26.6,51
2021-03-07 13:25:00,0.0,3.2,18.0,3
2021-03-07 13:32:00,6.5,14.1,35.6,63
2021-03-07 15:19:00,0.1,6.5,24.8,51
2021-03-07 17:07:00,0.4,13.4,29.2,51
2021-03-07 17:34:00,0.4,13.4,29.2,51
2021-03-07 17:50:00,0.4,13.4,29.2,51
2021-03-07 18:08:00,1.0,7.4,20.5,55
2021-03-07 19:05:00,3.1,0.7,10.1,63
2021-03-07 19:51:00,0.2,4.5,8.3,51
2021-03-08 00:34:00,0.0,4.1,8.6,3
2021-03-08 01:45:00,0.0,4.6,12.2,3
2021-03-08 04:48:00,0.1,2.6,9.0,51
2021-03-08 06:14:00,0.0,4.7,10.4,3
2021-03-08 06:42:00,0.0,6.0,12.6,3
2021-03-08 07:34:00,0.0,4.0,9.4,3
2021-03-08 13:54:00,0.1,2.5,15.5,51
2021-03-08 14:10:00,0.2,3.8,21.2,51
2021-03-08 15:06:00,0.1,0.4,19.1,51
2021-03-08 16:58:00,0.1,4.8,16.9,51
2021-03-08 17:59:00,0.0,7.1,22.3,3
2021-03-08 19:10:00,0.1,12.5,20.5,51
2021-03-08 21:21:00,0.0,6.5,12.2,2
2021-03-09 11:24:00,0.1,4.9,18.7,51
2021-03-09 16:22:00,0.0,14.2,29.2,2
2021-03-09 19:21:00,0.0,5.0,8.3,2
2021-03-09 22:15:00,0.0,4.5,8.3,3
2021-03-10 01:33:00,0.0,1.8,5.4,0
2021-03-10 07:40:00,0.0,2.8,8.3,3
2021-03-10 08:33:00,0.0,2.2,10.8,2
2021-03-10 08:58:00,0.0,3.9,13.0,0
2021-03-10 08:59:00,0.0,2.9,11.9,3
2021-03-10 10:14:00,0.0,6.0,19.1,2
2021-03-10 10:39:00,0.0,4.8,18.0,2
2021-03-10 12:54:00,0.0,3.6,16.2,0
2021-03-11 00:18:00,0.0,12.6,25.9,1
2021-03-11 02:17:00,0.0,4.7,8.3,0
2021-03-11 05:10:00,0.0,6.9,12.2,0
2021-03-11 05:49:00,0.0,5.8,8.3,1
2021-03-11 06:08:00,0.0,10.3,18.4,3
2021-03-11 11:21:00,0.0,11.6,29.2,1
2021-03-11 12:54:00,0.1,15.3,41.0,51
2021-03-11 13:34:00,0.1,15.0,36.4,51
2021-03-11 15:10:00,0.0,11.4,38.9,0
2021-03-11 17:43:00,0.1,5.6,33.1,51
2021-03-11 19:55:00,0.0,4.6,6.1,1
2021-03-11 20:20:00,0.0,6.3,7.9,2
2021-03-12 02:09:00,0.0,7.1,13.7,1
2021-03-12 07:54:00,0.0,8.4,14.4,0
2021-03-12 08:11:00,0.0,1.0,14.0,0
2021-03-12 08:22:00,0.1,9.2,19.1,51
2021-03-12 09:32:00,0.0,8.3,23.8,0
2021-03-12 11:47:00,0.1,6.6,20.5,51
2021-03-12 13:10:00,0.0,9.8,24.1,1
2021-03-12 13:38:00,0.1,9.3,22.7,51
2021-03-12 15:17:00,0.0,11.3,28.8,1
2021-03-12 19:33:00,0.0,10.4,29.9,0
2021-03-12 22:17:00,0.0,12.7,22.3,0
2021-03-13 00:57:00,0.0,8.0,20.5,0
2021-03-13 05:06:00,0.0,5.8,10.4,0
2021-03-13 05:44:00,0.0,8.8,10.8,0
2021-03-13 06:05:00,0.0,7.0,10.8,3
2021-03-13 09:06:00,0.0,9.4,25.6,1
2021-03-13 09:24:00,0.0,6.5,21.2,0
2021-03-13 11:36:00,0.0,4.6,19.4,0
2021-03-13 12:47:00,0.1,3.8,20.2,51
2021-03-13 12:55:00,0.0,2.3,16.9,1
2021-03-13 13:06:00,0.0,2.1,12.2,3
2021-03-13 14:52:00,0.0,4.7,16.6,3
2021-03-13 17:47:00,0.0,20.1,34.2,0
2021-03-13 21:42:00,0.0,15.1,31.7,0
2021-03-13 22:14:00,0.0,9.6,18.7,2
2021-03-13 23:27:00,0.0,9.2,16.9,0
2021-03-14 00:17:00,0.0,7.9,15.1,0
2021-03-14 05:51:00,0.0,6.0,9.4,2
2021-03-14 16:35:00,0.0,4.0,17.3,1
2021-03-14 16:56:00,0.0,3.3,16.6,3
2021-03-14 18:13:00,0.0,13.0,19.4,1
2021-03-14 20:05:00,0.0,4.7,7.6,2
2021-03-14 22:05:00,0.0,5.6,15.1,1
2021-03-14 22:25:00,0.2,7.6,13.3,51
2021-03-15 05:44:00,0.0,5.3,9.0,0
2021-03-15 06:10:00,0.0,4.7,9.7,2
2021-03-15 06:52:00,0.0,5.5,9.4,0
2021-03-15 10:08:00,0.0,4.0,16.9,2
2021-03-15 16:22:00,0.1,2.2,15.5,51
2021-03-15 16:43:00,0.1,17.3,29.5,51
2021-03-15 17:17:00,0.1,6.9,16.2,51
2021-03-16 06:59:00,0.0,12.1,20.5,0
2021-03-16 14:52:00,0.0,7.9,24.1,1
2021-03-16 15:11:00,0.0,3.7,19.4,1
2021-03-16 17:41:00,0.1,6.0,13.0,51
2021-03-16 17:47:00,0.1,6.0,13.0,51
2021-03-16 18:03:00,0.0,4.0,19.4,1
2021-03-16 19:26:00,0.0,10.2,18.4,1
2021-03-16 19:56:00,0.0,5.0,14.4,1
2021-03-17 08:34:00,0.0,7.7,18.0,1
2021-03-17 11:27:00,0.0,11.3,29.5,2
2021-03-17 11:58:00,0.0,14.0,32.0,3
2021-03-17 12:03:00,0.1,11.8,29.5,51
2021-03-17 15:33:00,0.7,14.7,30.6,53
2021-03-17 17:04:00,0.1,11.4,24.1,51
2021-03-17 19:34:00,0.0,5.2,9.0,3
2021-03-17 19:40:00,0.0,2.1,3.6,3
2021-03-17 20:44:00,0.0,5.2,9.4,3
2021-03-17 23:13:00,0.0,2.6,6.8,3
2021-03-17 23:48:00,0.0,2.6,6.8,3
2021-03-18 07:33:00,0.2,8.0,23.4,51
2021-03-18 07:39:00,0.2,7.1,22.7,51
2021-03-18 08:00:00,0.0,1.1,8.6,3
2021-03-18 08:15:00,0.1,8.0,16.9,51
2021-03-18 08:54:00,0.0,3.6,10.4,3
2021-03-18 09:34:00,0.0,7.5,23.0,2
2021-03-18 14:07:00,0.1,6.8,27.7,51
2021-03-18 15:52:00,0.1,2.3,12.2,51
2021-03-18 17:17:00,0.0,5.2,11.9,3
2021-03-18 17:20:00,0.0,4.3,10.4,3
2021-03-18 18:51:00,0.0,3.1,17.3,3
2021-03-18 19:12:00,0.0,10.2,20.5,3
2021-03-18 19:40:00,0.0,3.7,7.6,3
2021-03-18 20:49:00,0.0,3.7,6.5,3
2021-03-18 23:06:00,0.0,14.1,26.6,3
2021-03-19 03:15:00,0.0,8.0,15.1,1
2021-03-19 04:13:00,0.0,13.1,26.3,3
2021-03-19 11:21:00,0.0,7.4,22.3,1
2021-03-19 14:17:00,0.0,2.5,16.9,1
2021-03-19 15:25:00,0.0,4.4,15.8,2
2021-03-19 16:59:00,0.0,1.1,16.2,2
2021-03-19 17:02:00,1.9,14.8,24.8,61
2021-03-19 17:08:00,0.0,3.5,10.4,2
2021-03-19 17:59:00,0.0,6.1,12.2,2
2021-03-19 19:02:00,0.3,13.0,20.9,51
2021-03-19 19:24:00,0.0,11.2,19.8,2
2021-03-19 19:45:00,0.0,11.2,20.2,2
2021-03-19 21:03:00,0.0,15.7,32.8,1
2021-03-19 22:37:00,0.0,7.0,16.6,1
2021-03-19 23:21:00,0.0,12.7,23.8,1
2021-03-19 23:56:00,0.0,14.6,28.1,0
2021-03-20 07:30:00,0.0,9.8,19.4,2
2021-03-20 09:46:00,0.0,4.8,14.0,0
2021-03-20 17:36:00,0.3,10.1,27.0,51
2021-03-20 19:27:00,0.0,9.6,15.5,1
2021-03-20 19:38:00,0.0,14.8,28.4,1
2021-03-20 19:40:00,0.0,6.8,14.8,3
2021-03-20 19:47:00,0.0,6.6,13.0,1
2021-03-21 06:11:00,0.0,8.1,14.4,0
2021-03-21 07:50:00,0.0,8.2,14.8,0
2021-03-21 18:15:00,0.0,5.7,10.8,0
2021-03-21 19:08:00,0.0,8.5,10.1,0
2021-03-21 20:27:00,0.0,9.4,17.3,0
2021-03-21 21:23:00,0.0,7.4,13.0,0
2021-03-22 04:14:00,0.0,3.2,4.3,0
2021-03-22 07:05:00,0.0,4.9,9.0,0
2021-03-22 08:09:00,0.0,0.7,11.2,1
2021-03-22 08:17:00,0.0,9.5,22.3,0
2021-03-22 08:39:00,0.0,4.4,12.6,0
2021-03-22 11:28:00,0.0,3.6,20.5,0
2021-03-22 12:24:00,0.0,2.6,17.3,1
2021-03-22 16:58:00,0.0,5.2,15.8,1
2021-03-22 18:55:00,0.0,16.3,35.6,0
2021-03-22 19:38:00,0.0,9.4,11.5,0
2021-03-22 20:20:00,0.0,9.8,11.9,0
2021-03-22 22:25:00,0.0,14.5,25.9,0
2021-03-23 06:04:00,0.0,5.4,12.6,0
2021-03-23 11:50:00,0.0,3.7,18.0,3
2021-03-23 15:55:00,0.0,2.5,14.4,3
2021-03-23 17:34:00,0.0,3.3,11.2,0
2021-03-23 21:41:00,0.0,6.1,14.8,3
2021-03-24 06:54:00,0.0,4.7,7.9,2
2021-03-24 08:32:00,0.0,8.1,22.3,3
2021-03-24 11:34:00,0.0,0.4,12.2,1
2021-03-24 12:43:00,0.0,5.4,18.4,2
2021-03-24 12:45:00,0.0,6.0,25.2,3
2021-03-24 14:59:00,0.0,1.8,15.5,3
2021-03-24 16:54:00,0.0,8.4,19.1,1
2021-03-24 18:18:00,0.0,10.3,24.8,1
2021-03-24 19:45:00,0.0,18.9,32.4,0
2021-03-24 19:54:00,0.0,7.3,8.6,3
2021-03-24 22:21:00,0.0,14.1,26.6,0
2021-03-25 00:11:00,0.0,11.1,21.6,1
2021-03-25 03:47:00,0.0,6.2,11.9,3
2021-03-25 04:19:00,0.0,15.0,28.4,3
2021-03-25 06:08:00,0.0,17.0,31.3,0
2021-03-25 09:24:00,0.0,7.1,25.6,0
2021-03-25 09:32:00,0.0,12.3,26.6,2
2021-03-25 12:48:00,0.0,5.4,20.5,1
2021-03-25 14:07:00,0.0,2.4,16.6,1
2021-03-25 14:38:00,0.0,6.0,21.2,2
2021-03-25 14:59:00,0.2,6.9,20.5,51
2021-03-25 15:26:00,0.0,2.9,15.1,1
2021-03-25 15:32:00,0.0,3.3,14.0,1
2021-03-25 17:09:00,0.0,9.7,22.3,1
2021-03-25 17:11:00,0.0,13.5,25.9,1
2021-03-25 17:27:00,0.0,4.1,13.7,1
2021-03-25 18:58:00,0.0,13.7,30.2,1
2021-03-25 19:16:00,0.0,5.8,13.0,1
2021-03-25 19:32:00,0.0,7.1,11.5,0
2021-03-25 20:31:00,0.0,9.6,16.9,1
2021-03-25 20:44:00,0.0,3.3,9.0,1
2021-03-25 20:51:00,0.0,7.8,13.7,1
2021-03-25 22:45:00,0.0,11.7,19.4,0
2021-03-26 06:57:00,0.0,9.1,17.3,2
2021-03-26 08:29:00,0.0,5.9,17.3,3
2021-03-26 10:58:00,0.0,9.7,25.6,3
2021-03-26 11:13:00,0.0,3.1,15.5,0
2021-03-26 12:53:00,0.1,6.5,25.9,51
2021-03-26 17:55:00,0.0,4.3,15.5,1
2021-03-26 18:39:00,0.0,8.9,14.8,1
2021-03-26 19:24:00,0.0,5.6,5.8,1
2021-03-26 19:31:00,0.0,11.3,23.4,0
2021-03-26 21:39:00,0.0,2.9,18.0,1
2021-03-26 22:29:00,0.0,4.1,14.0,1
2021-03-26 23:30:00,0.0,4.6,12.6,2
2021-03-26 23:33:00,0.0,4.3,18.0,1
2021-03-27 00:06:00,0.0,7.1,11.9,1
2021-03-27 03:28:00,0.0,4.3,7.2,0
2021-03-27 09:49:00,0.0,11.9,25.2,2
2021-03-27 10:12:00,0.0,8.2,22.7,2
2021-03-27 11:54:00,0.0,7.2,22.3,1
2021-03-27 13:40:00,0.0,5.2,21.6,1
2021-03-27 13:43:00,0.0,8.4,24.8,0
2021-03-27 13:51:00,0.0,6.7,24.5,1
2021-03-27 15:27:00,0.0,8.4,24.8,1
2021-03-27 18:19:00,0.0,4.7,25.6,2
2021-03-27 20:45:00,2.0,8.5,18.0,61
2021-03-27 21:37:00,0.0,10.3,6.1,3
2021-03-27 23:07:00,0.0,9.7,19.4,1
2021-03-27 23:42:00,0.0,3.3,6.1,3
2021-03-28 02:01:00,0.0,6.4,10.4,3
2021-03-28 19:19:00,0.0,9.2,18.0,2
2021-03-28 21:51:00,0.0,6.0,9.4,2
2021-03-29 08:45:00,0.0,3.1,13.0,0
2021-03-29 09:37:00,0.0,4.0,17.3,0
2021-03-29 12:15:00,0.1,0.8,14.8,51
2021-03-29 13:03:00,0.0,2.2,15.1,1
2021-03-29 14:36:00,0.0,8.3,23.8,1
2021-03-29 18:38:00,0.0,8.4,20.5,1
2021-03-29 19:27:00,0.0,5.8,11.5,1
2021-03-29 20:49:00,0.1,4.5,12.2,51
2021-03-29 21:25:00,2.2,6.9,11.5,61
2021-03-29 22:53:00,0.0,7.8,12.6,2
2021-03-30 07:42:00,0.0,7.1,13.0,0
2021-03-30 14:29:00,0.0,19.5,41.8,1
2021-03-30 15:21:00,0.0,16.9,40.3,1
2021-03-30 15:54:00,0.0,22.1,43.6,1
2021-03-30 16:55:00,0.0,19.1,44.6,1
2021-03-30 17:03:00,0.0,17.2,41.4,1
2021-03-30 19:14:00,0.2,9.7,42.8,51
2021-03-30 19:23:00,0.1,12.4,29.9,51
2021-03-30 20:59:00,0.0,3.3,10.8,1
2021-03-30 22:15:00,0.0,5.3,17.6,0
2021-03-31 00:05:00,0.0,4.4,7.2,1
2021-03-31 02:37:00,0.0,2.6,6.1,3
2021-03-31 06:38:00,0.0,2.0,5.0,0
2021-03-31 08:40:00,0.0,1.8,10.8,0
2021-03-31 12:18:00,0.1,12.0,29.2,51
2021-03-31 15:44:00,0.0,21.3,43.9,2
2021-03-31 15:58:00,0.1,16.0,40.0,51
2021-03-31 16:28:00,0.0,18.1,39.2,3
2021-03-31 16:32:00,0.0,17.8,43.9,1
2021-03-31 17:15:00,0.0,16.8,36.4,0
2021-03-31 17:16:00,0.0,12.5,38.2,1
2021-03-31 17:17:00,0.0,13.8,33.1,0
2021-03-31 18:53:00,0.0,11.2,26.3,1
2021-03-31 19:14:00,0.0,6.1,22.7,1
2021-03-31 19:57:00,0.0,8.4,16.9,1
2021-03-31 22:59:00,0.0,8.2,17.3,0
2021-04-01 04:48:00,0.0,3.3,5.0,0
2021-04-01 11:51:00,0.0,2.9,17.3,2
2021-04-01 16:57:00,0.0,16.1,35.3,0
2021-04-01 18:29:00,0.0,7.1,13.0,3
2021-04-01 20:41:00,0.0,22.5,42.5,0
2021-04-02 01:02:00,0.0,16.6,30.2,0
2021-04-02 02:30:00,0.0,7.6,16.2,3
2021-04-02 02:45:00,0.0,12.2,24.5,0
2021-04-02 05:15:00,0.0,5.9,9.4,0
2021-04-02 07:57:00,0.0,8.1,16.2,3
2021-04-02 09:02:00,0.0,10.2,27.0,0
2021-04-02 11:47:00,0.0,9.5,29.9,3
2021-04-02 17:32:00,0.0,8.5,21.6,0
2021-04-02 20:03:00,0.0,23.2,43.2,0
2021-04-02 21:02:00,0.0,19.5,40.3,0
2021-04-02 21:42:00,0.0,17.9,39.6,0
2021-04-02 21:54:00,0.0,17.9,39.6,0
2021-04-02 23:03:00,0.0,8.8,18.7,0
2021-04-03 06:53:00,0.0,10.8,21.6,0
2021-04-03 07:46:00,0.0,7.4,14.0,0
2021-04-03 11:54:00,0.0,6.6,20.5,1
2021-04-03 13:10:00,0.0,9.8,25.6,2
2021-04-03 17:23:00,0.0,8.7,23.8,0
2021-04-03 20:08:00,0.0,21.8,46.4,1
2021-04-03 21:34:00,0.0,10.0,33.5,3
2021-04-03 23:09:00,0.0,16.6,31.7,1
2021-04-04 00:53:00,0.0,17.1,31.7,1
2021-04-04 06:31:00,0.0,16.9,30.2,3
2021-04-04 11:45:00,0.0,10.9,34.9,3
2021-04-04 18:57:00,0.0,18.8,47.2,0
2021-04-04 19:02:00,0.0,12.2,28.4,0
2021-04-04 20:49:00,0.0,19.6,49.0,2
2021-04-04 20:55:00,0.0,8.0,14.4,1
2021-04-04 21:26:00,0.0,23.7,51.8,2
2021-04-04 22:17:00,0.0,10.5,19.4,2
2021-04-04 22:39:00,0.0,23.8,43.2,0
2021-04-05 00:15:00,0.0,20.0,36.7,3
2021-04-05 00:41:00,0.0,11.8,23.0,3
2021-04-05 03:59:00,0.0,6.8,15.1,3
2021-04-05 11:46:00,0.1,11.8,33.1,51
2021-04-05 17:10:00,0.0,5.6,16.2,1
2021-04-05 21:38:00,0.0,7.7,14.0,1
2021-04-05 21:54:00,0.0,18.2,36.0,2
2021-04-05 21:57:00,0.0,12.7,24.8,0
2021-04-05 22:41:00,0.0,6.4,13.7,1
2021-04-06 02:59:00,0.0,14.5,27.7,0
2021-04-06 08:19:00,0.0,9.2,21.6,2
2021-04-06 08:35:00,0.0,7.8,16.9,2
2021-04-06 10:09:00,0.1,9.0,34.6,51
2021-04-06 10:44:00,0.1,9.8,36.0,51
2021-04-06 13:42:00,0.4,7.7,29.5,51
2021-04-06 14:52:00,1.1,8.2,28.4,55
2021-04-06 15:40:00,0.3,10.0,28.1,51
2021-04-06 16:45:00,0.8,13.5,25.6,53
2021-04-06 17:00:00,0.2,2.8,21.6,51
2021-04-06 17:50:00,1.6,15.8,32.0,61
2021-04-06 17:51:00,0.3,9.2,19.4,51
2021-04-06 18:10:00,1.2,12.5,25.2,55
2021-04-06 19:35:00,2.0,10.0,23.0,61
2021-04-06 20:50:00,2.4,13.9,26.3,61
2021-04-06 22:00:00,0.3,15.6,29.2,51
2021-04-06 22:20:00,0.2,10.6,21.2,51
2021-04-06 23:42:00,0.2,10.0,20.5,51
2021-04-07 05:43:00,0.0,8.0,16.6,2
2021-04-07 07:39:00,0.0,8.7,15.8,0
2021-04-07 11:13:00,0.1,7.9,22.7,51
2021-04-07 12:54:00,0.0,11.2,26.6,2
2021-04-07 18:32:00,0.0,10.5,21.2,0
2021-04-07 20:50:00,0.0,23.0,42.5,1
2021-04-08 01:31:00,0.0,14.0,32.8,0
2021-04-08 03:23:00,0.0,11.6,22.0,0
2021-04-08 06:46:00,0.0,7.2,14.0,0
2021-04-08 07:45:00,0.0,9.1,13.7,0
2021-04-08 07:47:00,0.0,13.1,25.2,0
2021-04-08 08:36:00,0.0,15.0,33.1,0
2021-04-08 16:10:00,0.0,9.8,26.3,0
2021-04-08 17:34:00,0.0,11.7,21.6,1
2021-04-08 18:25:00,0.0,11.1,30.2,0
2021-04-08 21:20:00,0.0,12.3,30.2,0
2021-04-09 00:48:00,0.0,10.8,26.3,0
2021-04-09 02:45:00,0.0,7.0,10.1,0
2021-04-09 05:26:00,0.0,6.2,10.8,0
2021-04-09 07:16:00,0.0,6.6,12.2,0
2021-04-09 08:05:00,0.0,12.2,25.2,0
2021-04-09 08:06:00,0.0,12.6,27.0,0
2021-04-09 08:42:00,0.0,3.2,13.0,0
2021-04-09 12:08:00,0.0,3.8,22.0,1
2021-04-09 13:05:00,0.0,4.6,21.2,0
2021-04-09 13:48:00,0.0,9.2,28.4,0
2021-04-09 15:15:00,0.0,5.3,18.7,1
2021-04-09 19:58:00,0.0,15.1,27.4,0
2021-04-09 20:19:00,0.0,9.2,20.9,0
2021-04-10 01:09:00,0.0,10.6,18.4,0
2021-04-10 01:31:00,0.0,9.2,16.6,0
2021-04-10 01:56:00,0.0,8.3,15.1,0
2021-04-10 07:53:00,0.0,9.2,14.0,0
2021-04-10 08:34:00,0.0,10.8,22.7,0
2021-04-10 11:54:00,0.0,7.7,23.0,0
2021-04-10 14:27:00,0.0,9.1,27.4,0
2021-04-10 17:36:00,0.0,4.0,18.0,0
2021-04-10 19:31:00,0.0,4.7,6.1,0
2021-04-10 19:35:00,0.0,2.3,3.2,0
2021-04-10 21:24:00,0.0,7.2,23.8,0
2021-04-10 22:16:00,0.0,6.1,15.8,0
2021-04-10 22:21:00,0.0,10.9,17.6,0
2021-04-10 22:26:00,0.0,11.3,21.6,0
2021-04-10 22:42:00,0.0,6.1,15.8,0
2021-04-11 01:32:00,0.0,7.2,15.8,0
2021-04-11 04:56:00,0.0,9.5,16.9,0
2021-04-11 08:07:00,0.0,12.5,24.1,1
2021-04-11 08:38:00,0.0,7.6,19.1,0
2021-04-11 10:03:00,0.0,10.1,26.3,2
2021-04-11 10:37:00,0.0,8.0,21.2,0
2021-04-11 21:42:00,0.0,8.4,13.3,0
2021-04-11 21:46:00,0.0,10.6,12.2,0
2021-04-11 21:52:00,0.0,3.6,6.1,0
2021-04-12 10:38:00,0.0,7.8,24.8,1
2021-04-12 12:09:00,0.0,7.6,23.0,0
2021-04-12 12:30:00,0.0,12.0,32.4,1
2021-04-12 12:40:00,0.0,3.9,20.9,0
2021-04-12 14:26:00,0.0,5.6,18.7,1
2021-04-12 15:37:00,0.0,5.6,21.2,3
2021-04-12 17:29:00,0.0,5.7,20.9,2
2021-04-12 17:35:00,0.1,19.1,40.7,51
2021-04-12 18:57:00,0.0,8.4,17.3,3
2021-04-13 03:34:00,0.2,10.1,19.4,51
2021-04-13 05:16:00,0.5,17.7,29.5,53
2021-04-13 07:48:00,0.1,14.1,24.8,51
2021-04-13 08:19:00,0.3,15.8,28.4,51
2021-04-13 09:57:00,0.2,16.1,37.4,51
2021-04-13 11:43:00,0.2,15.6,36.4,51
2021-04-13 15:41:00,0.1,12.3,29.5,51
2021-04-13 16:29:00,0.0,11.8,28.8,1
2021-04-13 17:19:00,0.0,18.9,38.2,2
2021-04-13 17:19:00,0.0,18.5,38.9,1
2021-04-13 19:18:00,0.0,15.6,37.4,1
2021-04-13 21:53:00,0.0,14.6,32.0,0
2021-04-14 06:15:00,0.0,11.2,23.0,1
2021-04-14 07:42:00,0.0,9.7,17.6,0
2021-04-14 09:04:00,0.0,18.9,36.0,2
2021-04-14 13:00:00,0.0,4.4,25.2,2
2021-04-14 13:05:00,0.0,4.4,25.2,2
2021-04-14 15:10:00,0.0,3.6,15.5,2
2021-04-15 06:55:00,0.0,19.6,36.0,2
2021-04-15 07:48:00,0.0,7.1,11.5,1
2021-04-15 08:13:00,0.0,13.9,29.5,0
2021-04-15 08:16:00,0.0,13.9,29.5,0
2021-04-15 08:20:00,0.0,11.9,25.2,2
2021-04-15 09:05:00,0.0,12.6,25.9,3
2021-04-15 13:14:00,0.0,3.3,19.1,3
2021-04-15 21:31:00,0.0,8.9,8.3,1
2021-04-16 05:45:00,0.0,7.2,16.2,0
2021-04-16 05:57:00,0.0,7.2,16.2,0
2021-04-16 08:38:00,0.0,8.0,20.5,0
2021-04-16 10:02:00,0.0,2.1,11.5,2
2021-04-16 12:53:00,0.1,6.8,28.1,51
2021-04-16 13:08:00,0.0,8.0,28.1,1
2021-04-16 16:50:00,0.0,6.2,17.6,2
2021-04-16 20:22:00,0.0,8.7,20.9,0
2021-04-16 20:37:00,0.0,8.0,14.4,2
2021-04-16 21:25:00,0.0,11.1,9.0,1
2021-04-16 22:51:00,0.0,6.4,10.1,2
2021-04-17 05:14:00,0.0,7.3,12.6,3
2021-04-17 05:52:00,0.0,5.7,10.1,3
2021-04-17 11:28:00,0.0,11.8,28.1,3
2021-04-17 12:49:00,0.0,11.1,28.8,3
2021-04-17 15:39:00,0.0,7.5,25.9,3
2021-04-17 18:32:00,0.2,5.4,19.4,51
2021-04-17 19:08:00,0.2,5.9,12.2,51
2021-04-17 21:08:00,0.1,10.5,12.2,51
2021-04-17 21:43:00,0.2,9.3,14.0,51
2021-04-18 01:17:00,0.0,10.3,17.6,3
2021-04-18 01:36:00,0.4,10.3,24.1,51
2021-04-18 06:21:00,0.1,4.0,9.0,51
2021-04-18 14:33:00,0.0,11.9,35.3,2
2021-04-18 14:37:00,11.3,11.7,28.4,65
2021-04-18 19:01:00,0.0,8.8,14.8,1
2021-04-18 19:57:00,0.0,8.7,24.1,1
2021-04-19 02:52:00,0.0,5.3,9.7,2
2021-04-19 03:52:00,0.0,8.8,16.6,0
2021-04-19 08:56:00,0.0,13.0,28.4,3
2021-04-19 08:59:00,0.0,12.0,25.2,0
2021-04-19 09:48:00,0.0,12.7,28.1,2
2021-04-19 09:49:00,0.0,13.0,28.1,1
2021-04-19 10:03:00,0.0,12.8,31.7,2
2021-04-19 11:22:00,0.0,11.5,33.1,0
2021-04-19 12:20:00,0.1,10.8,25.6,51
2021-04-19 12:33:00,0.0,9.0,28.4,0
2021-04-19 12:50:00,0.3,12.2,34.9,51
2021-04-19 15:08:00,0.0,16.6,37.1,3
2021-04-19 18:16:00,0.0,15.5,36.4,0
2021-04-19 18:26:00,0.0,17.3,32.0,1
2021-04-19 19:14:00,0.0,13.2,28.1,0
2021-04-19 20:33:00,0.0,13.7,28.4,0
2021-04-19 21:13:00,0.0,12.7,26.3,0
2021-04-19 23:51:00,0.0,8.2,15.1,0
2021-04-20 06:07:00,0.0,5.8,11.2,1
2021-04-20 07:54:00,0.0,9.6,16.9,0
2021-04-20 08:27:00,0.1,17.0,34.9,51
2021-04-20 08:44:00,0.1,16.3,28.4,51
2021-04-20 11:08:00,0.4,20.0,38.2,51
2021-04-20 13:57:00,0.1,16.4,39.2,51
2021-04-20 17:26:00,0.2,17.3,34.6,51
2021-04-20 17:36:00,0.0,19.0,38.2,0
2021-04-20 18:49:00,0.0,17.1,30.2,1
2021-04-20 19:14:00,0.0,16.8,33.8,0
2021-04-20 19:39:00,0.0,17.6,32.4,0
2021-04-21 04:10:00,0.0,14.3,25.9,0
2021-04-21 05:22:00,0.0,7.3,10.1,0
2021-04-21 19:15:00,0.1,13.2,28.8,51
2021-04-22 05:05:00,0.0,8.2,16.6,0
2021-04-22 08:50:00,0.0,9.7,25.2,1
2021-04-22 10:09:00,0.0,16.8,37.4,3
2021-04-22 11:30:00,0.0,10.7,29.5,0
2021-04-22 11:55:00,0.0,15.4,35.6,3
2021-04-22 18:36:00,0.0,15.9,34.2,0
2021-04-22 19:03:00,0.0,18.0,39.2,0
2021-04-22 19:14:00,0.0,15.1,29.5,1
2021-04-22 22:09:00,0.0,15.4,27.4,0
2021-04-23 02:48:00,0.0,12.2,24.1,0
2021-04-23 05:03:00,0.0,9.4,20.9,3
2021-04-23 07:16:00,0.0,11.4,22.7,0
2021-04-23 07:30:00,0.0,10.6,19.1,1
2021-04-23 12:16:00,0.0,5.9,19.4,0
2021-04-23 15:44:00,0.0,3.5,15.8,0
2021-04-23 16:35:00,0.0,6.4,16.9,1
2021-04-23 18:21:00,0.0,15.1,33.8,0
2021-04-23 18:31:00,0.0,8.6,9.4,0
2021-04-23 18:43:00,0.0,7.3,8.3,0
2021-04-23 19:43:00,0.0,8.4,12.6,0
2021-04-23 19:59:00,0.0,8.4,12.6,0
2021-04-23 20:35:00,0.0,14.1,21.2,0
2021-04-24 01:47:00,0.0,12.0,27.4,0
2021-04-24 03:56:00,0.0,5.2,11.2,3
2021-04-24 03:59:00,0.0,13.7,24.1,0
2021-04-24 06:02:00,0.0,10.6,20.5,0
2021-04-24 07:32:00,0.0,5.8,9.7,0
2021-04-24 09:28:00,0.0,2.7,18.4,1
2021-04-24 10:23:00,0.0,0.5,13.7,2
2021-04-24 13:49:00,0.0,7.6,23.4,0
2021-04-24 13:59:00,0.0,9.2,24.8,0
2021-04-24 16:03:00,0.0,4.8,20.2,0
2021-04-24 22:03:00,0.0,6.2,16.9,3
2021-04-24 22:16:00,0.0,7.4,15.8,2
2021-04-24 22:34:00,0.0,10.2,21.6,3
2021-04-25 05:12:00,0.0,7.2,14.8,3
2021-04-25 06:19:00,0.0,4.3,9.0,1
2021-04-25 06:20:00,0.0,6.2,10.4,2
2021-04-25 17:43:00,0.0,6.3,18.0,3
2021-04-25 20:10:00,0.0,6.0,10.8,2
2021-04-25 20:38:00,0.0,6.6,10.8,1
2021-04-26 02:32:00,0.0,5.0,5.8,3
2021-04-26 07:47:00,0.0,9.4,16.9,1
2021-04-26 16:20:00,0.0,8.7,21.6,3
2021-04-26 17:29:00,0.0,4.0,15.5,3
2021-04-26 19:01:00,0.0,10.3,21.2,1
2021-04-26 22:23:00,0.0,15.3,27.4,1
2021-04-27 09:42:00,0.1,11.3,25.9,51
2021-04-27 10:06:00,0.4,15.2,28.1,51
2021-04-27 13:08:00,0.2,7.2,31.0,51
2021-04-27 15:39:00,0.0,10.8,27.4,1
2021-04-27 17:53:00,0.2,15.9,32.4,51
2021-04-27 19:57:00,0.0,12.7,21.6,0
2021-04-27 20:49:00,0.0,14.3,34.6,3
2021-04-28 00:40:00,0.0,17.3,31.3,0
2021-04-28 07:24:00,0.0,5.8,10.8,0
2021-04-28 07:39:00,0.0,7.8,13.3,0
2021-04-28 08:10:00,0.0,15.5,31.0,0
2021-04-28 10:17:00,0.0,7.4,23.4,0
2021-04-28 11:55:00,0.0,4.7,16.9,0
2021-04-28 14:41:00,0.0,10.4,26.6,0
2021-04-29 00:12:00,0.0,17.6,30.6,0
2021-04-29 01:57:00,0.0,12.7,24.1,0
2021-04-29 03:57:00,0.0,19.4,35.6,0
2021-04-29 08:32:00,0.0,18.6,34.9,0
2021-04-29 15:24:00,0.0,16.2,33.8,0
2021-04-29 17:27:00,0.0,8.6,19.8,2
2021-04-29 21:45:00,0.0,20.2,39.6,0
2021-04-30 00:16:00,0.0,14.7,32.0,3
2021-04-30 01:33:00,0.0,6.1,9.0,3
2021-04-30 07:42:00,0.0,14.2,27.4,1
2021-04-30 08:18:00,0.0,14.8,30.6,0
2021-04-30 08:54:00,0.0,14.2,28.4,0
2021-04-30 12:38:00,0.0,10.6,28.8,3
2021-04-30 13:09:00,0.0,15.8,39.6,0
2021-04-30 13:16:00,0.0,16.7,40.0,2
2021-04-30 14:17:00,0.0,12.9,31.7,2
2021-04-30 15:21:00,0.0,8.3,27.4,3
2021-04-30 15:27:00,0.0,12.3,34.9,3
2021-04-30 18:09:00,0.0,17.2,30.2,3
2021-04-30 18:09:00,0.0,15.7,34.9,3
2021-04-30 18:38:00,0.0,6.3,18.0,2
2021-04-30 19:34:00,0.0,15.0,28.8,3
2021-04-30 20:27:00,0.0,9.1,25.2,3
2021-04-30 21:44:00,0.0,11.0,27.0,3
2021-04-30 21:50:00,0.0,12.6,23.8,3
2021-05-01 00:04:00,0.0,22.5,41.0,3
2021-05-01 00:43:00,0.0,11.2,22.3,3
2021-05-01 01:00:00,0.0,8.9,19.8,3
2021-05-01 03:17:00,0.0,14.2,28.8,3
2021-05-01 04:28:00,0.0,7.5,14.4,3
2021-05-01 05:39:00,0.0,9.1,18.0,3
2021-05-01 06:03:00,0.0,8.2,21.6,3
2021-05-01 06:19:00,0.0,8.9,16.2,3
2021-05-01 15:56:00,0.0,11.0,27.7,3
2021-05-01 16:19:00,0.0,9.1,20.9,3
2021-05-01 18:55:00,0.0,16.9,28.4,3
2021-05-01 19:17:00,0.0,16.5,29.2,3
2021-05-01 19:44:00,0.0,16.5,29.2,3
2021-05-01 20:27:00,0.0,6.2,9.4,3
2021-05-01 21:00:00,0.0,8.0,19.1,3
2021-05-02 03:37:00,0.0,12.8,23.0,3
2021-05-02 11:42:00,0.0,2.0,16.2,2
2021-05-02 15:22:00,0.0,1.9,15.5,0
2021-05-02 17:57:00,0.0,6.1,14.8,0
2021-05-02 18:25:00,0.0,2.6,3.6,0
2021-05-02 18:59:00,0.0,8.4,11.9,0
2021-05-02 19:14:00,0.0,13.7,27.4,0
2021-05-02 19:17:00,0.0,9.4,24.8,0
2021-05-02 21:34:00,0.0,5.0,13.3,2
2021-05-02 21:39:00,0.0,9.6,19.8,0
2021-05-03 02:51:00,0.0,4.6,5.8,0
2021-05-03 07:33:00,0.0,5.1,11.2,3
2021-05-03 08:01:00,0.0,2.7,10.8,0
2021-05-03 08:41:00,0.0,7.6,20.5,0
2021-05-03 09:10:00,0.0,2.9,12.2,0
2021-05-03 10:42:00,0.0,6.0,18.7,0
2021-05-03 11:43:00,0.0,6.9,21.6,0
2021-05-03 16:23:00,0.0,1.8,13.7,0
2021-05-03 16:37:00,0.0,4.1,15.1,0
2021-05-03 17:25:00,0.0,2.2,11.5,0
2021-05-03 18:45:00,0.0,9.2,29.2,0
2021-05-03 19:24:00,0.0,9.4,11.2,0
2021-05-04 01:52:00,0.0,13.4,24.1,0
2021-05-04 06:02:00,0.0,17.9,32.4,0
2021-05-04 06:55:00,0.0,8.0,18.0,0
2021-05-04 08:54:00,0.0,10.5,22.0,0
2021-05-04 10:53:00,0.0,10.9,26.3,0
2021-05-04 11:32:00,0.0,10.4,25.9,1
2021-05-04 13:38:00,0.0,6.2,22.3,3
2021-05-04 14:57:00,0.0,7.6,25.2,0
2021-05-04 15:22:00,0.0,10.5,28.1,2
2021-05-04 15:34:00,0.0,10.7,28.4,1
2021-05-04 15:45:00,0.0,8.0,23.8,0
2021-05-04 17:22:00,0.0,3.3,14.4,3
2021-05-04 17:26:00,0.0,2.3,8.6,0
2021-05-04 17:55:00,0.0,6.0,20.9,1
2021-05-04 18:45:00,0.0,6.4,10.1,0
2021-05-04 19:42:00,0.0,4.3,10.8,0
2021-05-04 20:04:00,0.0,9.4,13.0,2
2021-05-04 23:51:00,0.0,3.5,6.1,0
2021-05-05 05:24:00,0.0,6.0,10.1,0
2021-05-05 06:44:00,0.0,6.8,11.9,0
2021-05-05 10:30:00,0.0,5.4,18.4,0
2021-05-05 12:30:00,0.0,4.3,18.4,2
2021-05-05 13:22:00,0.0,5.1,21.2,1
2021-05-05 13:50:00,0.0,5.1,21.2,1
2021-05-05 14:14:00,0.0,4.8,16.6,0
2021-05-05 17:50:00,0.0,3.1,14.0,0
2021-05-05 18:30:00,0.0,8.6,13.7,1
2021-05-05 19:01:00,0.0,6.9,15.1,0
2021-05-05 19:02:00,0.0,9.6,31.0,1
2021-05-05 20:30:00,0.0,6.5,23.8,3
2021-05-05 22:50:00,0.0,0.8,4.3,0
2021-05-06 02:58:00,0.0,5.6,13.7,1
2021-05-06 05:24:00,0.0,3.3,8.3,0
2021-05-06 06:30:00,0.0,6.8,9.0,0
2021-05-06 06:48:00,0.0,9.3,16.9,0
2021-05-06 07:18:00,0.0,5.0,9.0,0
2021-05-06 17:26:00,0.0,13.0,22.0,3
2021-05-06 17:26:00,0.0,14.8,26.6,3
2021-05-06 18:03:00,0.0,12.7,26.3,2
2021-05-06 18:12:00,0.0,6.4,13.7,0
2021-05-06 18:32:00,0.0,12.0,22.3,3
2021-05-06 18:34:00,0.0,12.0,22.3,3
2021-05-06 19:05:00,0.0,8.5,13.7,0
2021-05-06 23:20:00,0.0,7.9,15.1,1
2021-05-07 00:01:00,0.0,4.7,7.2,1
2021-05-07 02:52:00,0.0,19.2,40.7,0
2021-05-07 06:53:00,0.0,19.1,34.6,1
2021-05-07 07:18:00,0.0,12.4,25.2,3
2021-05-07 07:21:00,0.1,14.2,28.4,51
2021-05-07 07:46:00,0.0,17.9,33.8,1
2021-05-07 07:59:00,0.0,5.2,11.2,0
2021-05-07 15:02:00,0.0,19.4,40.3,3
2021-05-07 15:43:00,0.0,10.5,30.2,1
2021-05-07 17:12:00,0.0,18.7,40.0,3
2021-05-07 17:16:00,0.0,17.8,42.1,3
2021-05-07 17:47:00,0.0,19.7,36.0,3
2021-05-07 18:29:00,0.0,16.6,36.7,3
2021-05-07 19:27:00,0.0,19.4,38.2,2
2021-05-07 19:31:00,0.0,6.6,12.2,0
2021-05-07 19:38:00,0.0,8.0,13.7,1
2021-05-07 19:50:00,0.0,19.2,36.0,2
2021-05-07 21:45:00,0.0,18.0,31.7,2
2021-05-07 22:20:00,0.0,7.0,11.5,0
2021-05-07 23:23:00,0.0,17.6,31.3,1
2021-05-08 03:29:00,0.0,19.3,34.2,1
2021-05-08 04:07:00,0.0,18.3,38.2,0
2021-05-08 05:19:00,0.0,20.7,37.1,0
2021-05-08 07:06:00,0.0,15.9,30.2,0
2021-05-08 09:13:00,0.1,18.3,41.4,51
2021-05-08 09:21:00,0.0,10.7,27.7,0
2021-05-08 12:32:00,0.0,7.8,26.3,1
2021-05-08 13:04:00,0.0,5.5,23.4,2
2021-05-08 15:03:00,0.0,4.6,16.2,0
2021-05-08 16:12:00,0.0,7.4,17.6,0
2021-05-08 17:53:00,0.0,18.9,33.5,1
2021-05-08 18:38:00,0.0,23.1,42.8,0
2021-05-08 19:56:00,0.0,10.9,18.4,0
2021-05-08 20:15:00,0.0,18.3,37.4,3
2021-05-08 20:39:00,0.0,14.3,29.2,3
2021-05-08 21:56:00,0.0,9.8,18.0,0
2021-05-08 22:17:00,0.0,10.3,18.7,0
2021-05-09 02:30:00,0.0,12.7,25.2,3
2021-05-09 03:42:00,0.0,13.4,22.7,3
2021-05-09 05:44:00,0.0,15.4,33.5,0
2021-05-09 07:13:00,0.0,11.4,22.3,3
2021-05-09 08:29:00,0.0,14.9,29.2,0
2021-05-09 12:29:00,0.0,11.6,33.5,0
2021-05-09 17:16:00,0.0,1.5,10.1,1
2021-05-09 19:43:00,0.0,13.5,31.0,2
2021-05-09 23:03:00,0.0,11.7,22.7,1
2021-05-09 23:13:00,0.0,14.3,27.7,2
2021-05-10 00:04:00,0.0,20.6,36.4,0
2021-05-10 06:17:00,0.0,7.0,13.7,1
2021-05-10 06:50:00,0.0,7.2,13.0,0
2021-05-10 07:13:00,0.0,7.8,11.5,0
2021-05-10 07:53:00,0.0,12.5,23.4,0
2021-05-10 08:01:00,0.0,12.9,27.0,0
2021-05-10 09:59:00,0.0,6.6,17.3,0
2021-05-10 10:00:00,0.0,5.4,18.7,0
2021-05-10 11:58:00,0.0,12.6,30.2,0
2021-05-10 14:16:00,0.0,10.1,24.5,3
2021-05-10 16:02:00,0.0,0.7,9.7,2
2021-05-10 17:20:00,0.0,6.1,16.6,2
2021-05-10 17:59:00,0.0,4.5,19.1,2
2021-05-10 18:27:00,0.0,12.5,24.1,2
2021-05-10 18:35:00,0.0,13.1,24.5,2
2021-05-10 18:48:00,0.0,4.8,19.1,2
2021-05-10 18:56:00,0.0,8.9,19.4,3
2021-05-10 18:56:00,0.0,6.1,7.9,1
2021-05-10 21:45:00,0.0,4.7,9.4,3
2021-05-10 22:05:00,0.0,6.1,11.9,1
2021-05-11 00:29:00,0.0,5.0,8.3,1
2021-05-11 01:41:00,0.0,8.8,16.2,1
2021-05-11 02:33:00,0.0,4.6,8.3,1
2021-05-11 06:49:00,0.0,6.1,8.3,0
2021-05-11 06:50:00,0.0,6.7,13.3,2
2021-05-11 07:07:00,0.0,6.5,12.6,2
2021-05-11 13:32:00,0.0,13.4,29.9,3
2021-05-11 14:51:00,0.0,15.4,32.8,3
2021-05-11 14:56:00,0.0,10.6,27.7,3
2021-05-11 16:36:00,0.0,13.0,36.7,3
2021-05-11 17:16:00,0.0,5.8,30.2,2
2021-05-11 17:25:00,0.0,4.7,21.6,3
2021-05-11 18:12:00,0.0,8.7,23.0,2
2021-05-11 19:03:00,0.0,5.4,15.1,2
2021-05-11 19:14:00,0.0,5.1,15.8,3
2021-05-11 20:01:00,0.0,11.4,29.2,1
2021-05-11 21:59:00,0.0,7.8,10.8,1
2021-05-11 22:16:00,0.0,5.2,9.7,2
2021-05-12 01:33:00,0.0,4.3,7.9,1
2021-05-12 03:12:00,0.0,9.0,15.8,0
2021-05-12 05:40:00,0.0,7.1,10.4,1
2021-05-12 06:33:00,0.0,8.1,10.1,3
2021-05-12 08:31:00,0.0,2.1,11.2,3
2021-05-12 17:00:00,0.0,4.3,20.2,1
2021-05-12 17:12:00,0.2,20.2,45.0,51
2021-05-12 19:23:00,1.4,14.9,33.1,61
2021-05-12 19:49:00,1.3,16.2,33.1,61
2021-05-12 20:31:00,0.0,8.6,11.5,1
2021-05-13 00:40:00,0.0,14.4,33.8,1
2021-05-13 05:26:00,0.0,11.2,24.5,2
2021-05-13 06:08:00,0.0,20.8,40.0,0
2021-05-13 06:52:00,0.0,15.0,29.5,3
2021-05-13 07:41:00,0.0,19.9,34.6,0
2021-05-13 08:16:00,0.0,12.1,25.2,1
2021-05-13 08:26:00,0.0,15.3,28.4,0
2021-05-13 08:28:00,0.0,11.8,24.8,1
2021-05-13 13:42:00,0.0,16.0,35.6,3
2021-05-13 14:20:00,0.0,15.0,30.6,3
2021-05-13 15:12:00,0.0,7.1,19.8,1
2021-05-13 17:18:00,0.0,16.3,33.8,2
2021-05-13 17:36:00,0.0,17.0,37.4,0
2021-05-13 19:49:00,0.0,18.1,32.0,0
2021-05-13 22:13:00,0.0,13.5,31.0,1
2021-05-13 22:51:00,0.0,19.3,34.9,1
2021-05-14 10:53:00,0.0,12.9,36.4,0
2021-05-14 13:41:00,0.0,7.0,25.2,2
2021-05-14 14:49:00,0.0,3.2,16.6,3
2021-05-14 15:31:00,0.0,3.2,12.6,2
2021-05-14 17:00:00,0.0,10.5,22.3,2
2021-05-14 17:09:00,0.0,4.2,11.5,2
2021-05-14 17:40:00,0.0,10.5,22.3,2
2021-05-14 18:30:00,0.0,5.1,10.1,2
2021-05-14 19:37:00,0.0,4.4,9.4,2
2021-05-15 00:40:00,0.0,10.7,19.8,1
2021-05-15 02:25:00,0.0,8.0,16.6,3
2021-05-15 05:36:00,0.0,12.6,25.2,2
2021-05-15 07:15:00,0.0,3.1,7.9,0
2021-05-15 10:39:00,0.1,5.7,16.9,51
2021-05-15 15:29:00,0.0,1.8,26.3,1
2021-05-15 17:43:00,0.0,7.2,14.8,1
2021-05-15 17:45:00,0.0,5.8,19.4,1
2021-05-15 18:39:00,0.0,5.2,9.7,1
2021-05-15 18:58:00,0.1,4.3,11.2,51
2021-05-15 19:30:00,0.1,8.2,14.8,51
2021-05-15 19:45:00,0.0,10.5,17.6,0
2021-05-15 22:57:00,0.0,4.3,13.3,1
2021-05-15 23:49:00,0.0,6.5,11.9,1
2021-05-16 00:54:00,0.0,12.2,21.2,0
2021-05-16 01:54:00,0.0,7.2,14.8,0
2021-05-16 05:31:00,0.0,6.8,9.0,1
2021-05-16 10:57:00,0.0,6.4,17.3,3
2021-05-16 11:03:00,0.0,5.6,21.2,3
2021-05-16 15:52:00,0.0,6.4,18.0,2
2021-05-16 23:15:00,0.0,9.9,22.3,0
2021-05-17 04:00:00,0.0,8.3,16.6,2
2021-05-17 08:23:00,0.0,4.6,13.7,3
2021-05-17 11:51:00,0.0,7.9,23.0,1
2021-05-17 16:25:00,0.0,8.4,25.6,1
2021-05-17 19:14:00,0.0,3.0,9.0,3
2021-05-18 04:13:00,0.0,5.4,8.3,3
2021-05-18 06:34:00,0.0,3.5,7.9,0
2021-05-18 09:54:00,0.0,1.3,10.4,0
2021-05-18 10:33:00,0.0,1.9,12.6,1
2021-05-18 12:27:00,0.0,3.6,18.7,2
2021-05-18 18:12:00,0.0,8.4,11.2,1
2021-05-18 18:20:00,0.0,5.8,9.7,0
2021-05-18 18:33:00,0.0,5.8,9.7,0
2021-05-18 18:34:00,0.0,7.1,10.8,1
2021-05-18 19:24:00,0.0,8.6,14.4,0
2021-05-18 20:13:00,0.0,6.1,11.9,0
2021-05-18 20:31:00,0.0,9.4,11.5,0
2021-05-19 01:56:00,0.0,7.3,13.3,0
2021-05-19 03:13:00,0.0,5.5,12.6,0
2021-05-19 05:45:00,0.0,4.3,10.1,3
2021-05-19 06:16:00,0.0,10.8,20.5,3
2021-05-19 07:14:00,0.0,3.9,8.3,0
2021-05-19 08:27:00,0.0,1.5,9.4,0
2021-05-19 16:04:00,0.0,8.2,24.5,3
2021-05-19 16:53:00,0.0,11.3,25.6,2
2021-05-19 17:35:00,0.0,5.4,20.5,0
2021-05-19 18:09:00,0.0,7.1,12.6,1
2021-05-19 18:37:00,0.0,6.5,11.2,0
2021-05-19 18:38:00,0.0,7.3,11.2,0
2021-05-19 18:59:00,0.0,12.6,21.2,0
2021-05-20 01:30:00,0.0,6.6,11.5,0
2021-05-20 01:31:00,0.0,3.0,7.9,0
2021-05-20 07:00:00,0.0,6.1,10.8,0
2021-05-20 08:28:00,0.0,5.4,12.6,0
2021-05-20 09:53:00,0.0,7.4,15.5,0
2021-05-20 12:49:00,0.0,7.7,21.6,0
2021-05-20 13:28:00,0.0,13.0,28.8,0
2021-05-20 17:56:00,0.0,5.9,19.1,2
2021-05-20 18:41:00,0.0,8.2,12.6,0
2021-05-20 18:48:00,0.0,11.9,17.3,0
2021-05-20 19:00:00,0.0,7.2,10.8,3
2021-05-20 19:18:00,0.0,10.5,12.6,0
2021-05-20 21:55:00,0.0,5.7,14.8,0
2021-05-20 22:14:00,0.0,5.9,13.3,0
2021-05-21 01:01:00,0.0,6.1,13.3,1
2021-05-21 01:54:00,0.0,8.2,15.5,0
2021-05-21 03:15:00,0.0,3.1,7.2,3
2021-05-21 03:38:00,0.0,6.6,11.9,0
2021-05-21 05:46:00,0.0,11.9,21.2,0
2021-05-21 08:00:00,0.0,5.4,12.6,0
2021-05-21 08:04:00,0.0,3.1,9.7,0
2021-05-21 11:26:00,0.0,10.4,25.6,2
2021-05-21 16:44:00,0.0,9.7,29.9,1
2021-05-21 16:57:00,0.0,9.7,29.9,1
2021-05-21 17:01:00,0.0,6.6,17.6,2
2021-05-21 19:40:00,0.0,6.5,10.1,3
2021-05-21 19:47:00,0.0,7.9,11.9,2
2021-05-21 20:41:00,0.0,8.4,16.2,0
2021-05-21 23:52:00,0.0,5.0,9.4,0
2021-05-22 00:00:00,0.0,8.2,13.3,1
2021-05-22 01:49:00,0.0,12.9,23.4,2
2021-05-22 03:07:00,0.0,14.5,27.0,3
2021-05-22 04:49:00,0.0,9.7,20.9,3
2021-05-22 06:44:00,0.0,15.7,27.0,2
2021-05-22 10:04:00,0.1,5.5,22.0,51
2021-05-22 10:56:00,0.1,5.5,22.0,51
2021-05-22 12:00:00,2.0,12.8,28.1,61
2021-05-22 12:01:00,2.7,13.4,47.9,63
2021-05-22 12:13:00,2.7,13.4,47.9,63
2021-05-22 14:16:00,0.1,12.9,47.9,51
2021-05-22 14:19:00,5.9,14.7,26.6,63
2021-05-22 14:24:00,4.8,8.9,38.2,63
2021-05-22 14:42:00,5.9,14.5,27.4,63
2021-05-22 14:46:00,0.0,12.0,26.6,3
2021-05-22 14:49:00,3.3,10.5,43.6,63
2021-05-22 14:50:00,5.9,11.9,21.2,63
2021-05-22 15:19:00,0.8,11.7,29.9,53
2021-05-22 15:53:00,2.5,13.0,32.0,63
2021-05-22 16:03:00,0.1,10.5,18.4,51
2021-05-22 17:25:00,1.4,5.8,29.2,61
2021-05-22 17:26:00,1.4,5.8,29.2,61
2021-05-22 17:49:00,0.0,7.5,15.1,3
2021-05-22 21:06:00,0.0,13.0,16.2,3
2021-05-22 21:12:00,0.0,13.3,20.9,3
2021-05-22 21:12:00,0.2,7.6,13.7,51
2021-05-23 01:23:00,0.0,9.3,18.0,3
2021-05-23 08:15:00,0.0,1.9,6.5,3
2021-05-23 14:28:00,0.1,25.6,49.3,51
2021-05-23 14:31:00,0.1,23.7,47.2,51
2021-05-23 15:06:00,0.3,21.4,48.6,51
2021-05-23 15:20:00,0.3,21.4,48.6,51
2021-05-23 15:34:00,0.3,21.4,48.6,51
2021-05-23 16:41:00,0.1,17.4,39.2,51
2021-05-23 18:16:00,0.1,9.8,24.5,51
2021-05-23 18:29:00,0.0,14.3,34.6,2
2021-05-23 19:22:00,0.1,9.3,15.8,51
2021-05-23 19:22:00,0.1,6.0,12.6,51
2021-05-23 21:02:00,0.0,9.1,10.4,3
2021-05-23 21:52:00,0.2,13.6,18.0,51
2021-05-23 23:03:00,0.0,17.3,34.2,3
2021-05-24 06:17:00,0.0,6.0,15.1,3
2021-05-24 06:57:00,0.0,4.5,9.0,3
2021-05-24 07:29:00,0.0,5.6,12.2,3
2021-05-24 07:56:00,0.0,5.9,14.0,3
2021-05-24 11:40:00,0.0,6.4,20.2,3
2021-05-24 15:59:00,0.0,8.9,22.0,0
2021-05-24 16:03:00,0.0,10.0,23.8,1
2021-05-24 16:42:00,0.0,13.2,33.1,0
2021-05-24 19:07:00,0.0,6.8,13.0,1
2021-05-24 19:25:00,0.0,11.4,14.4,0
2021-05-24 21:23:00,0.0,7.2,9.0,3
2021-05-25 00:58:00,0.0,5.4,9.4,2
2021-05-25 01:09:00,0.0,3.1,6.5,3
2021-05-25 03:52:00,0.0,3.3,7.6,3
2021-05-25 08:50:00,0.0,10.5,19.4,3
2021-05-25 10:16:00,0.0,3.4,13.7,1
2021-05-25 10:51:00,0.0,3.4,13.3,1
2021-05-25 12:24:00,0.0,1.8,14.0,0
2021-05-25 18:22:00,0.0,9.8,11.5,2
2021-05-25 18:28:00,0.0,10.7,16.2,3
2021-05-25 22:23:00,0.0,8.0,11.2,0
2021-05-25 23:49:00,0.0,7.9,14.8,1
2021-05-26 07:39:00,0.0,3.2,7.2,0
2021-05-26 07:41:00,0.0,6.0,9.4,0
2021-05-26 09:32:00,0.0,4.4,11.2,0
2021-05-26 09:40:00,0.0,5.4,14.4,0
2021-05-26 12:05:00,0.0,1.1,11.2,1
2021-05-26 15:44:00,0.0,7.4,22.7,1
2021-05-26 17:43:00,0.0,4.5,15.1,1
2021-05-26 18:18:00,0.0,7.6,12.6,0
2021-05-26 18:54:00,0.0,8.6,10.1,0
2021-05-26 18:56:00,0.0,7.2,11.9,0
2021-05-26 19:51:00,0.0,7.6,10.8,0
2021-05-26 19:52:00,0.0,7.0,10.4,0
2021-05-26 22:42:00,0.0,8.0,16.6,1
2021-05-26 22:45:00,0.0,8.0,16.6,1
2021-05-26 23:30:00,0.0,8.5,14.4,0
2021-05-26 23:48:00,0.0,5.6,7.9,1
2021-05-27 06:27:00,0.0,6.9,10.1,2
2021-05-27 14:36:00,0.0,5.0,16.6,2
2021-05-27 16:54:00,0.0,9.0,22.0,2
2021-05-27 18:20:00,0.0,7.6,9.4,3
2021-05-27 18:28:00,0.0,6.8,9.7,1
2021-05-28 00:32:00,0.0,9.8,16.9,3
2021-05-28 03:51:00,0.0,8.7,13.3,1
2021-05-28 04:56:00,0.0,9.3,16.6,0
2021-05-28 05:38:00,0.0,8.7,11.9,2
2021-05-28 13:53:00,0.0,12.1,27.4,3
2021-05-28 15:37:00,0.0,15.1,32.0,2
2021-05-28 17:11:00,0.0,5.6,21.2,3
2021-05-28 18:02:00,0.0,8.0,11.5,3
2021-05-28 18:51:00,0.0,9.4,17.3,2
2021-05-28 20:36:00,0.0,13.1,23.8,0
2021-05-29 00:01:00,0.0,10.2,20.5,1
2021-05-29 01:20:00,0.0,6.9,14.0,2
2021-05-29 03:10:00,0.0,17.0,30.6,0
2021-05-29 07:17:00,0.1,14.0,36.7,51
2021-05-29 07:46:00,0.0,32.5,53.3,0
2021-05-29 09:00:00,0.0,9.6,29.9,0
2021-05-29 11:52:00,0.0,20.4,58.0,2
2021-05-29 14:54:00,0.0,34.9,61.2,3
2021-05-29 15:06:00,0.0,31.8,61.6,3
2021-05-29 15:07:00,0.0,31.8,61.6,3
2021-05-29 15:07:00,0.0,23.9,47.5,2
2021-05-29 18:23:00,0.0,8.4,19.4,1
2021-05-29 18:59:00,0.0,6.5,25.9,2
2021-05-29 21:08:00,0.0,7.1,11.5,0
2021-05-29 21:19:00,0.0,3.2,9.4,0
2021-05-29 21:53:00,0.0,3.2,9.4,0
2021-05-29 22:19:00,0.0,7.9,14.4,2
2021-05-29 23:39:00,0.0,8.4,12.6,0
2021-05-30 00:09:00,0.0,4.2,9.4,3
2021-05-30 00:14:00,0.0,3.4,8.3,0
2021-05-30 03:25:00,0.0,6.8,9.4,0
2021-05-30 05:56:00,0.0,6.2,8.6,3
2021-05-30 15:11:00,0.5,11.9,25.2,53
2021-05-30 17:08:00,0.0,6.9,17.3,3
2021-05-30 17:11:00,0.5,7.7,16.2,53
2021-05-30 17:15:00,0.0,12.5,27.7,2
2021-05-30 18:37:00,0.0,6.9,15.1,3
2021-05-30 19:37:00,0.0,8.1,14.8,1
2021-05-30 19:54:00,0.1,10.2,19.4,51
2021-05-30 21:40:00,0.0,2.9,20.5,2
2021-05-30 22:33:00,0.0,10.6,20.5,1
2021-05-31 06:27:00,0.2,6.9,11.2,51
2021-05-31 06:36:00,0.0,5.8,8.6,3
2021-05-31 06:45:00,0.0,7.6,14.4,3
2021-05-31 06:55:00,0.0,5.6,10.4,3
2021-05-31 09:07:00,0.1,4.1,10.1,51
2021-05-31 09:14:00,0.1,4.1,10.1,51
2021-05-31 16:21:00,0.0,5.8,23.0,2
2021-05-31 17:25:00,0.0,1.5,13.0,2
2021-05-31 19:53:00,0.1,6.6,19.8,51
2021-06-01 00:35:00,0.0,5.8,10.8,0
2021-06-01 05:11:00,0.0,6.5,8.3,1
2021-06-01 09:40:00,0.0,2.6,17.6,3
2021-06-01 11:09:00,0.0,2.2,13.7,0
2021-06-01 12:06:00,0.0,3.9,16.6,0
2021-06-01 12:55:00,0.0,5.1,18.7,0
2021-06-01 13:38:00,0.0,2.1,16.2,3
2021-06-01 15:49:00,0.0,3.1,13.3,0
2021-06-01 15:53:00,0.0,8.3,23.0,0
2021-06-01 18:33:00,0.0,6.4,10.1,0
2021-06-01 18:38:00,0.0,6.5,10.4,0
2021-06-01 18:39:00,0.0,8.0,14.4,0
2021-06-01 19:57:00,0.0,6.6,16.6,0
2021-06-01 23:03:00,0.0,8.6,14.8,0
2021-06-02 00:59:00,0.0,8.4,15.5,0
2021-06-02 06:22:00,0.0,6.9,10.1,0
2021-06-02 08:01:00,0.0,8.2,16.2,0
2021-06-02 09:29:00,0.0,5.9,14.8,0
2021-06-02 10:01:00,0.0,11.4,26.6,0
2021-06-02 11:19:00,0.0,8.9,24.5,0
2021-06-02 12:50:00,0.0,9.1,24.1,0
2021-06-02 17:38:00,0.0,4.1,13.3,1
2021-06-02 18:02:00,0.0,7.0,8.3,0
2021-06-02 20:33:00,0.0,4.2,10.8,0
2021-06-02 21:03:00,0.0,5.7,7.6,0
2021-06-02 21:42:00,0.0,6.4,7.6,0
2021-06-02 23:17:00,0.0,4.8,8.6,0
2021-06-03 00:15:00,0.0,5.1,8.6,0
2021-06-03 03:54:00,0.0,1.9,7.9,0
2021-06-03 05:40:00,0.0,2.9,6.5,0
2021-06-03 11:02:00,0.0,2.3,13.7,0
2021-06-03 15:42:00,0.0,4.1,15.5,0
2021-06-03 16:27:00,0.0,5.7,15.8,0
2021-06-03 17:11:00,0.0,0.5,6.5,0
2021-06-03 17:14:00,0.0,12.2,30.6,0
2021-06-03 18:17:00,0.0,8.6,13.7,0
2021-06-03 19:06:00,0.0,7.8,15.1,0
2021-06-03 19:22:00,0.0,13.2,20.5,0
2021-06-03 19:45:00,0.0,7.4,14.0,0
2021-06-04 01:58:00,0.0,6.2,17.6,0
2021-06-04 07:38:00,0.0,9.6,19.1,3
2021-06-04 07:38:00,0.0,6.6,13.7,0
2021-06-04 07:52:00,0.0,5.2,9.7,0
2021-06-04 08:38:00,0.0,2.9,9.0,0
2021-06-04 09:30:00,0.0,13.3,28.8,0
2021-06-04 10:37:00,0.0,14.7,33.1,0
2021-06-04 12:40:00,0.0,15.9,35.6,0
2021-06-04 16:13:00,0.0,13.5,29.5,0
2021-06-04 17:18:00,0.0,5.1,17.6,1
2021-06-04 17:37:00,0.0,5.1,17.6,1
2021-06-04 20:24:00,0.0,10.9,23.4,0
2021-06-04 20:28:00,0.0,10.4,22.3,0
2021-06-05 00:14:00,0.0,7.6,15.8,0
2021-06-05 07:08:00,0.0,9.0,18.0,0
2021-06-05 09:46:00,0.0,16.3,31.0,0
2021-06-05 12:36:00,0.0,8.2,24.8,0
2021-06-06 00:25:00,0.0,8.0,13.0,1
2021-06-06 01:27:00,0.0,10.0,19.8,1
2021-06-06 03:08:00,0.0,8.5,14.8,0
2021-06-06 09:24:00,0.0,5.6,16.2,3
2021-06-06 10:35:00,0.0,9.5,22.0,1
2021-06-06 15:46:00,0.0,8.1,20.5,1
2021-06-06 16:41:00,0.0,2.5,11.9,1
2021-06-06 17:18:00,0.0,4.4,16.2,3
2021-06-06 19:21:00,0.0,7.9,12.6,3
2021-06-06 19:48:00,0.0,4.6,7.2,2
2021-06-06 19:48:00,0.0,8.8,14.4,3
2021-06-07 07:38:00,0.0,11.0,17.6,0
2021-06-07 08:01:00,0.0,9.2,19.8,0
2021-06-07 08:04:00,0.0,11.6,22.7,0
2021-06-07 12:28:00,0.0,3.6,13.3,3
2021-06-07 16:49:00,0.2,10.6,34.9,51
2021-06-07 17:18:00,1.0,7.7,24.5,55
2021-06-07 17:23:00,0.0,5.7,16.9,1
2021-06-07 17:51:00,0.0,5.7,16.9,1
2021-06-07 18:10:00,0.1,9.6,17.6,51
2021-06-07 18:17:00,0.1,7.6,14.4,51
2021-06-07 18:44:00,0.9,12.5,25.9,53
2021-06-07 19:12:00,0.0,8.3,15.5,3
2021-06-07 19:34:00,0.0,11.2,22.0,3
2021-06-07 19:56:00,0.0,11.2,22.0,3
2021-06-07 20:13:00,0.2,10.9,30.2,51
2021-06-07 20:14:00,0.3,9.0,18.0,51
2021-06-07 20:42:00,0.0,2.9,6.8,1
2021-06-08 06:51:00,0.0,11.0,20.9,0
2021-06-08 07:28:00,0.0,6.9,15.5,3
2021-06-08 08:15:00,0.0,12.4,24.1,1
2021-06-08 08:32:00,0.0,12.4,24.1,1
2021-06-08 09:51:00,0.0,15.1,32.4,2
2021-06-08 10:59:00,0.0,11.8,27.7,0
2021-06-08 18:43:00,0.0,9.2,20.2,3
2021-06-08 19:16:00,0.0,9.3,18.4,3
2021-06-09 00:51:00,0.0,7.7,15.5,2
2021-06-09 09:50:00,0.0,11.3,24.1,2
2021-06-09 14:44:00,0.0,2.1,15.1,0
2021-06-09 15:22:00,0.0,2.3,19.4,0
2021-06-09 15:44:00,0.0,1.5,11.2,0
2021-06-09 17:47:00,0.0,6.6,14.0,1
2021-06-09 19:01:00,0.0,12.6,20.2,1
2021-06-10 05:40:00,0.0,14.0,29.9,1
2021-06-10 05:48:00,0.0,5.5,11.5,2
2021-06-10 06:41:00,0.0,9.5,16.9,1
2021-06-10 08:33:00,0.0,12.7,24.8,2
2021-06-10 09:19:00,0.0,9.2,19.8,3
2021-06-10 10:17:00,0.0,7.9,22.7,3
2021-06-10 13:01:00,1.0,5.5,15.8,55
2021-06-10 15:07:00,0.5,5.2,13.7,53
2021-06-10 16:22:00,0.5,7.1,14.4,53
2021-06-10 16:22:00,0.7,1.8,11.5,53
2021-06-10 16:34:00,0.7,1.8,11.5,53
2021-06-10 17:42:00,0.5,1.3,10.8,53
2021-06-10 18:08:00,0.0,11.3,20.5,3
2021-06-10 18:10:00,0.5,4.0,6.5,53
2021-06-10 18:54:00,0.5,4.7,7.2,53
2021-06-10 19:10:00,0.6,5.3,8.6,53
2021-06-10 19:21:00,0.6,5.3,8.6,53
2021-06-10 19:26:00,0.9,6.0,11.2,53
2021-06-10 19:32:00,0.6,5.3,8.6,53
2021-06-10 19:33:00,0.0,11.9,22.7,3
2021-06-10 19:34:00,0.6,5.3,8.6,53
2021-06-10 20:10:00,0.3,6.3,14.8,51
2021-06-10 21:48:00,0.7,9.7,15.8,53
2021-06-10 22:14:00,1.0,5.3,9.0,55
2021-06-10 22:49:00,0.8,11.1,19.4,53
2021-06-10 22:55:00,0.9,9.2,19.1,53
2021-06-10 23:06:00,0.6,7.7,13.7,53
2021-06-11 00:44:00,0.1,7.2,13.0,51
2021-06-11 07:15:00,0.0,4.6,8.3,3
2021-06-11 07:50:00,0.0,5.5,11.5,3
2021-06-11 10:41:00,0.0,7.2,19.4,3
2021-06-11 11:59:00,0.6,5.6,15.5,53
2021-06-11 14:02:00,0.0,10.0,23.4,3
2021-06-11 16:18:00,0.0,6.0,14.0,3
2021-06-11 16:21:00,0.0,11.6,26.3,3
2021-06-11 17:36:00,0.0,9.8,22.7,3
2021-06-11 20:13:00,0.0,10.2,18.0,3
2021-06-12 00:44:00,0.0,8.8,15.8,3
2021-06-12 01:42:00,0.0,7.8,13.3,3
2021-06-12 03:00:00,0.0,6.6,15.1,3
2021-06-12 13:36:00,0.0,5.7,20.2,1
2021-06-12 15:28:00,0.0,7.6,20.2,0
2021-06-12 16:02:00,0.0,8.4,19.8,0
2021-06-12 20:30:00,0.0,10.5,16.2,0
2021-06-12 22:32:00,0.0,14.1,24.5,0
2021-06-12 22:59:00,0.0,14.1,24.5,0
2021-06-13 15:54:00,0.0,8.9,22.7,0
2021-06-13 18:22:00,0.0,9.2,14.4,0
2021-06-13 18:32:00,0.0,10.2,17.6,0
2021-06-13 19:51:00,0.0,19.9,34.6,0
2021-06-13 20:06:00,0.0,22.1,38.9,0
2021-06-13 21:59:00,0.0,21.2,40.0,0
2021-06-13 22:37:00,0.0,10.8,22.0,0
2021-06-13 23:42:00,0.0,15.3,27.4,0
2021-06-14 04:51:00,0.0,7.8,15.8,0
2021-06-14 07:22:00,0.0,6.1,14.4,1
2021-06-14 10:18:00,0.0,9.1,23.0,0
2021-06-14 13:38:00,0.0,7.3,24.8,0
2021-06-14 14:26:00,0.0,2.1,13.7,0
2021-06-14 16:01:00,0.0,1.6,11.2,0
2021-06-14 20:27:00,0.0,6.4,17.3,0
2021-06-15 08:19:00,0.0,6.5,16.6,3
2021-06-15 08:59:00,0.0,10.3,20.5,1
2021-06-15 09:16:00,0.0,2.3,10.1,0
2021-06-15 09:49:00,0.0,1.1,11.9,0
2021-06-15 12:03:00,0.0,2.9,15.5,0
2021-06-15 12:13:00,0.0,4.8,18.0,0
2021-06-15 12:26:00,0.0,4.8,18.0,0
2021-06-15 16:31:00,0.0,9.1,20.9,0
2021-06-15 16:42:00,0.0,5.6,14.8,0
2021-06-15 17:09:00,0.0,5.4,19.1,1
2021-06-15 17:15:00,0.0,5.6,14.0,0
2021-06-15 17:38:00,0.0,6.2,19.4,0
2021-06-15 18:25:00,0.0,8.7,11.5,0
2021-06-15 19:10:00,0.0,6.8,10.8,0
2021-06-16 01:16:00,0.0,11.2,17.6,3
2021-06-16 06:08:00,0.0,14.0,25.2,0
2021-06-16 07:10:00,0.0,8.9,15.1,0
2021-06-16 09:25:00,0.0,16.8,36.4,2
2021-06-16 12:49:00,0.0,7.2,21.6,0
2021-06-16 15:44:00,0.0,7.0,19.1,1
2021-06-16 16:43:00,0.0,7.6,21.2,0
2021-06-16 17:20:00,0.0,14.7,32.8,1
2021-06-16 17:43:00,0.0,5.5,19.1,0
2021-06-16 20:07:00,0.0,15.5,26.3,0
2021-06-17 01:37:00,0.0,8.4,15.1,0
2021-06-17 05:03:00,0.0,10.2,20.5,3
2021-06-17 06:23:00,0.0,9.6,20.5,0
2021-06-17 06:23:00,0.0,9.6,20.5,0
2021-06-17 07:30:00,0.0,8.9,17.3,3
2021-06-17 08:00:00,0.0,10.3,22.0,0
2021-06-17 09:21:00,0.0,10.5,25.2,0
2021-06-17 15:24:00,0.0,8.7,22.7,0
2021-06-17 18:18:00,0.0,6.5,10.8,0
2021-06-17 18:35:00,0.0,11.6,20.5,0
2021-06-17 20:14:00,0.0,16.9,29.2,0
2021-06-17 22:17:00,0.0,7.1,16.6,3
2021-06-18 03:42:00,0.0,16.9,30.6,2
2021-06-18 05:19:00,0.0,8.2,16.2,3
2021-06-18 05:26:00,0.0,8.2,16.2,3
2021-06-18 08:10:00,0.0,6.1,13.0,3
2021-06-18 08:18:00,0.0,12.4,24.5,1
2021-06-18 08:54:00,0.0,10.7,18.7,3
2021-06-18 09:41:00,0.0,11.2,26.3,1
2021-06-18 10:22:00,0.0,5.4,16.2,2
2021-06-18 13:23:00,0.0,3.3,11.2,3
2021-06-18 13:39:00,0.0,5.2,16.9,3
2021-06-18 14:01:00,0.0,4.8,17.3,0
2021-06-18 14:05:00,0.0,4.4,13.0,3
2021-06-18 14:16:00,0.0,4.4,13.0,3
2021-06-18 17:03:00,0.0,6.9,19.1,2
2021-06-18 18:10:00,0.0,9.4,14.0,2
2021-06-18 18:13:00,0.0,15.0,29.5,1
2021-06-18 18:27:00,0.0,5.7,9.4,1
2021-06-18 18:27:00,0.0,9.4,14.0,2
2021-06-18 18:37:00,0.0,11.5,21.2,0
2021-06-18 19:05:00,0.0,11.6,26.3,1
2021-06-18 22:59:00,0.0,8.1,14.8,1
2021-06-19 01:11:00,0.0,10.6,20.5,0
2021-06-19 03:27:00,0.0,11.6,23.4,3
2021-06-19 04:08:00,0.0,12.5,25.6,1
2021-06-19 06:38:00,0.0,12.8,22.0,1
2021-06-19 07:39:00,0.0,11.6,23.0,2
2021-06-19 07:49:00,0.0,10.0,16.6,1
2021-06-19 10:00:00,0.0,13.3,32.8,0
2021-06-19 13:27:00,0.0,8.0,27.7,3
2021-06-19 18:31:00,0.0,11.8,23.8,2
2021-06-19 18:32:00,0.0,6.4,10.4,3
2021-06-19 18:50:00,0.0,7.3,19.4,1
2021-06-19 19:25:00,0.0,6.8,11.5,0
2021-06-19 19:38:00,0.0,12.4,22.7,1
2021-06-19 19:51:00,0.0,6.9,12.6,0
2021-06-19 20:10:00,0.0,9.6,19.1,0
2021-06-19 20:23:00,0.0,7.3,11.9,1
2021-06-19 22:16:00,0.0,6.5,11.2,2
2021-06-19 23:32:00,0.6,5.8,13.0,53
2021-06-19 23:33:00,0.0,8.7,14.4,1
2021-06-20 00:30:00,0.0,7.1,12.6,1
2021-06-20 01:03:00,0.6,6.2,16.2,53
2021-06-20 01:13:00,0.1,7.1,18.4,51
2021-06-20 01:31:00,0.0,7.7,18.0,2
2021-06-20 02:13:00,0.0,6.6,15.8,2
2021-06-20 02:40:00,0.0,4.7,18.7,2
2021-06-20 03:04:00,0.0,7.8,22.0,1
2021-06-20 07:04:00,0.0,2.2,6.1,2
2021-06-20 07:36:00,0.0,3.0,4.7,2
2021-06-20 13:58:00,0.0,28.3,48.6,1
2021-06-20 18:10:00,0.0,14.8,27.4,1
2021-06-20 19:32:00,0.0,8.0,14.8,1
2021-06-20 22:39:00,0.0,6.2,16.2,0
2021-06-21 00:47:00,0.0,9.5,18.0,0
2021-06-21 04:32:00,0.0,13.8,24.5,0
2021-06-21 07:53:00,0.0,5.6,12.2,3
2021-06-21 08:40:00,0.0,4.3,11.9,3
2021-06-21 08:50:00,0.0,4.1,9.4,3
2021-06-21 17:42:00,0.0,5.0,13.7,2
2021-06-21 18:09:00,0.0,8.9,15.5,1
2021-06-21 18:14:00,0.0,8.9,15.5,1
2021-06-21 20:44:00,0.0,10.2,17.3,3
2021-06-21 21:46:00,0.0,7.1,14.0,3
2021-06-22 02:34:00,0.0,6.0,11.5,0
2021-06-22 04:39:00,0.0,15.5,27.7,1
2021-06-22 06:21:00,0.1,5.6,39.6,51
2021-06-22 06:47:00,0.0,6.4,14.0,1
2021-06-22 06:56:00,0.0,10.7,21.2,0
2021-06-22 07:12:00,0.5,7.9,45.4,53
2021-06-22 07:58:00,0.5,7.9,45.4,53
2021-06-22 08:05:00,0.1,14.8,52.9,51
2021-06-22 09:00:00,0.7,5.2,45.0,53
2021-06-22 09:44:00,2.1,4.0,40.0,61
2021-06-22 10:05:00,0.0,1.8,11.5,3
2021-06-22 10:49:00,0.1,1.9,12.2,51
2021-06-22 11:12:00,0.4,5.2,32.4,51
2021-06-22 13:31:00,0.3,3.9,18.0,51
2021-06-22 16:14:00,0.1,10.2,20.2,51
2021-06-22 18:35:00,0.0,7.9,15.1,1
2021-06-22 18:56:00,0.0,14.7,27.0,3
2021-06-22 18:56:00,0.0,9.5,17.6,1
2021-06-22 19:01:00,0.0,10.9,16.2,1
2021-06-22 19:02:00,0.0,13.8,27.4,3
2021-06-22 19:57:00,0.0,13.8,27.4,3
2021-06-22 20:03:00,0.0,15.9,26.6,3
2021-06-22 20:45:00,0.0,12.4,19.1,0
2021-06-22 20:57:00,0.0,6.9,16.2,0
2021-06-23 04:52:00,0.0,12.5,23.8,0
2021-06-23 08:30:00,0.0,19.3,31.0,0
2021-06-23 11:08:00,0.0,13.8,33.8,1
2021-06-23 11:20:00,0.0,13.8,33.8,1
2021-06-23 15:32:00,0.0,14.7,33.8,1
2021-06-23 16:03:00,0.0,6.5,17.6,0
2021-06-23 16:37:00,0.0,9.2,21.2,3
2021-06-23 17:29:00,0.0,7.9,20.9,1
2021-06-23 18:11:00,0.0,8.9,16.9,0
2021-06-23 18:16:00,0.0,8.9,16.9,0
2021-06-23 18:27:00,0.0,7.6,15.5,0
2021-06-23 18:36:00,0.0,7.6,15.5,0
2021-06-23 18:48:00,0.0,8.2,13.7,0
2021-06-23 19:16:00,0.0,7.9,16.6,0
2021-06-24 01:25:00,0.0,10.4,17.6,3
2021-06-24 02:43:00,0.0,5.2,10.8,1
2021-06-24 07:13:00,0.0,9.7,18.0,0
2021-06-24 09:21:00,0.0,8.5,19.4,2
2021-06-24 09:41:00,0.0,10.5,21.2,1
2021-06-24 10:14:00,0.0,12.3,27.7,2
2021-06-24 13:15:00,0.0,11.6,27.0,2
2021-06-24 16:09:00,0.0,7.7,22.3,0
2021-06-24 17:03:00,0.0,5.6,14.4,3
2021-06-24 18:04:00,0.0,7.6,10.4,0
2021-06-24 18:13:00,0.0,6.9,11.5,3
2021-06-24 18:44:00,0.0,3.6,6.8,0
2021-06-24 18:46:00,0.0,6.9,11.5,3
2021-06-24 18:54:00,0.0,8.1,12.2,3
2021-06-24 19:34:00,0.0,6.0,9.4,0
2021-06-24 23:28:00,0.0,8.5,13.3,3
2021-06-25 03:48:00,0.0,4.5,5.4,3
2021-06-25 05:19:00,0.0,9.1,18.0,3
2021-06-25 06:52:00,0.0,8.2,16.2,1
2021-06-25 07:17:00,0.0,7.8,12.6,0
2021-06-25 07:37:00,0.0,11.0,19.8,2
2021-06-25 07:40:00,0.0,9.0,16.9,2
2021-06-25 07:42:00,0.0,11.7,24.8,0
2021-06-25 08:39:00,0.0,3.4,14.0,1
2021-06-25 13:47:00,0.0,9.7,23.0,2
2021-06-25 14:50:00,0.0,11.1,26.6,1
2021-06-25 16:38:00,0.0,9.0,22.0,1
2021-06-25 16:41:00,0.0,5.0,15.5,2
2021-06-25 17:03:00,0.0,7.1,18.7,1
2021-06-25 17:21:00,0.0,10.1,17.3,1
2021-06-25 18:27:00,0.0,0.7,8.3,1
2021-06-25 18:32:00,0.0,7.3,12.6,1
2021-06-25 18:55:00,0.0,8.2,16.9,0
2021-06-25 19:39:00,0.0,7.4,11.2,0
2021-06-25 21:49:00,0.0,6.9,12.6,1
2021-06-25 23:28:00,0.0,7.6,15.1,2
2021-06-26 06:01:00,0.0,6.5,10.4,2
2021-06-26 06:07:00,0.0,6.5,10.4,2
2021-06-26 06:08:00,0.0,9.8,20.5,0
2021-06-26 07:21:00,0.0,12.4,24.5,2
2021-06-26 07:32:00,0.0,11.4,22.0,0
2021-06-26 15:35:00,0.0,13.0,31.0,2
2021-06-26 18:59:00,0.0,8.7,15.8,1
2021-06-26 18:59:00,0.0,8.4,14.0,2
2021-06-26 21:01:00,0.0,10.0,24.5,3
2021-06-26 23:45:00,0.0,7.9,13.0,3
2021-06-27 05:40:00,0.0,15.7,27.0,2
2021-06-27 15:31:00,0.0,17.0,38.2,0
2021-06-27 18:02:00,0.0,9.5,16.2,0
2021-06-27 18:29:00,0.0,9.5,16.2,0
2021-06-27 18:34:00,0.0,9.5,16.2,0
2021-06-28 01:57:00,0.0,7.9,13.3,1
2021-06-28 04:51:00,0.0,10.4,18.7,1
2021-06-28 04:54:00,0.0,9.3,15.8,1
2021-06-28 06:15:00,0.0,9.5,17.6,0
2021-06-28 07:48:00,0.0,3.4,15.5,1
2021-06-28 08:06:00,0.0,1.8,13.3,2
2021-06-28 11:37:00,0.0,8.8,22.3,2
2021-06-28 11:45:00,0.0,11.9,28.4,3
2021-06-28 12:40:00,0.0,12.3,28.4,3
2021-06-28 15:20:00,0.0,8.6,23.8,3
2021-06-28 15:45:00,0.0,7.9,20.9,2
2021-06-28 15:52:00,0.0,16.8,29.5,3
2021-06-28 18:24:00,0.0,8.7,11.2,0
2021-06-28 18:37:00,0.0,19.4,36.4,3
2021-06-28 19:53:00,0.0,7.9,12.2,1
2021-06-28 22:05:00,0.0,6.6,20.2,1
2021-06-28 22:28:00,0.0,18.9,36.4,1
2021-06-29 00:21:00,0.0,6.2,11.5,0
2021-06-29 07:22:00,0.0,9.2,19.8,3
2021-06-29 07:33:00,0.0,10.8,18.4,3
2021-06-29 08:25:00,0.1,10.4,22.3,51
2021-06-29 12:21:00,0.0,12.7,29.2,3
2021-06-29 18:42:00,0.0,9.8,23.4,3
2021-06-29 19:04:00,0.0,7.8,21.6,0
2021-06-29 19:11:00,0.0,7.3,18.0,0
2021-06-29 20:19:00,0.0,10.2,19.1,3
2021-06-29 22:05:00,0.0,6.2,15.1,3
2021-06-30 00:50:00,0.0,7.0,13.7,2
2021-06-30 06:19:00,0.0,4.7,7.9,3
2021-06-30 07:40:00,0.0,1.8,7.2,3
2021-06-30 08:16:00,0.0,0.8,6.5,3
2021-06-30 13:35:00,0.0,6.5,20.9,2
2021-06-30 13:49:00,0.0,6.5,20.9,2
2021-06-30 15:29:00,0.0,12.4,25.9,0
2021-06-30 16:23:00,0.0,9.0,22.3,0
2021-06-30 16:27:00,0.0,9.0,22.3,0
2021-06-30 17:10:00,0.0,11.0,22.3,0
2021-06-30 17:31:00,0.0,4.0,16.9,3
2021-06-30 17:44:00,0.0,9.8,20.9,0
2021-06-30 19:12:00,0.0,16.2,28.4,0
2021-06-30 20:30:00,0.0,18.8,32.8,0
2021-06-30 20:45:00,0.0,10.8,19.4,0
2021-07-01 05:04:00,0.0,8.7,17.6,2
2021-07-01 05:59:00,0.0,12.1,24.1,3
2021-07-01 07:15:00,0.0,17.3,29.9,0
2021-07-01 07:45:00,0.0,7.9,16.9,0
2021-07-01 08:50:00,0.0,13.6,23.0,0
2021-07-01 11:12:00,0.0,18.9,42.8,0
2021-07-01 11:50:00,0.0,18.9,42.8,0
2021-07-01 17:08:00,0.0,14.1,28.1,0
2021-07-01 18:01:00,0.0,10.2,21.6,0
2021-07-01 18:39:00,0.0,9.1,19.8,0
2021-07-01 19:35:00,0.0,13.7,25.9,0
2021-07-01 22:46:00,0.0,22.7,40.0,0
2021-07-02 04:35:00,0.0,6.4,9.7,0
2021-07-02 04:43:00,0.0,11.8,23.8,2
2021-07-02 06:04:00,0.0,6.0,8.3,3
2021-07-02 06:57:00,0.0,11.4,21.2,1
2021-07-02 07:14:00,0.0,10.9,19.8,0
2021-07-02 07:25:00,0.0,7.3,15.5,1
2021-07-02 08:54:00,0.0,11.6,20.2,0
2021-07-02 09:31:00,0.0,11.9,27.0,0
2021-07-02 10:39:00,0.0,5.0,17.3,0
2021-07-02 11:57:00,0.0,9.1,24.5,0
2021-07-02 12:01:00,0.0,9.2,25.9,0
2021-07-02 15:47:00,0.0,6.2,21.2,0
2021-07-02 17:10:00,0.0,5.5,15.1,0
2021-07-02 17:40:00,0.0,4.9,10.4,0
2021-07-02 17:47:00,0.0,5.4,15.1,0
2021-07-02 18:05:00,0.0,8.7,14.4,0
2021-07-02 18:29:00,0.0,2.7,5.0,0
2021-07-02 19:45:00,0.0,7.2,12.6,0
2021-07-02 22:14:00,0.0,9.7,12.6,0
2021-07-02 22:33:00,0.0,9.7,12.6,0
2021-07-03 00:20:00,0.0,12.6,25.2,1
2021-07-03 01:01:00,0.0,2.5,11.9,0
2021-07-03 02:41:00,0.0,4.8,6.5,0
2021-07-03 04:00:00,0.0,7.3,13.3,0
2021-07-03 04:21:00,0.0,6.9,10.8,0
2021-07-03 05:48:00,0.0,3.7,7.6,0
2021-07-03 12:45:00,0.0,6.4,19.8,2
2021-07-03 14:05:00,0.0,3.7,14.8,0
2021-07-03 21:24:00,0.0,17.1,23.0,3
2021-07-03 21:53:00,0.0,14.1,27.7,3
2021-07-03 22:44:00,0.0,8.2,13.3,0
2021-07-03 23:48:00,0.0,6.0,10.8,0
2021-07-04 03:06:00,0.0,13.8,27.4,3
2021-07-04 04:36:00,0.0,10.2,20.2,2
2021-07-04 06:13:00,0.0,6.2,12.6,0
2021-07-04 08:33:00,0.0,15.2,28.4,0
2021-07-04 13:47:00,0.0,6.2,23.4,1
2021-07-04 14:42:00,0.0,10.1,28.1,1
2021-07-04 20:26:00,0.0,14.3,28.8,3
2021-07-04 20:39:00,0.0,11.7,21.6,0
2021-07-04 21:46:00,0.0,10.5,20.5,0
2021-07-04 23:32:00,0.0,20.3,36.7,0
2021-07-05 01:11:00,0.0,7.1,14.0,0
2021-07-05 06:59:00,0.0,10.4,20.2,2
2021-07-05 07:18:00,0.0,12.7,24.5,0
2021-07-05 17:16:00,0.0,5.1,18.0,1
2021-07-05 18:10:00,0.0,4.3,6.1,0
2021-07-05 18:25:00,0.0,13.5,25.9,1
2021-07-05 18:34:00,0.0,13.3,27.7,1
2021-07-05 19:27:00,0.0,11.5,24.8,1
2021-07-05 19:53:00,0.0,11.5,24.8,1
2021-07-05 19:53:00,0.0,13.1,21.2,2
2021-07-05 20:44:00,0.0,4.6,5.8,0
2021-07-05 22:31:00,0.0,9.4,24.8,0
2021-07-06 02:01:00,0.0,16.4,28.4,0
2021-07-06 02:15:00,0.0,17.9,33.5,0
2021-07-06 03:27:00,0.0,13.2,24.1,0
2021-07-06 05:47:00,0.0,15.4,29.5,0
2021-07-06 05:48:00,0.0,13.0,25.6,0
2021-07-06 06:06:00,0.0,6.1,11.2,3
2021-07-06 07:39:00,0.0,11.6,23.0,0
2021-07-06 07:46:00,0.0,13.0,25.2,0
2021-07-06 08:51:00,0.0,10.6,20.9,0
2021-07-06 13:12:00,0.0,5.4,19.8,2
2021-07-06 13:52:00,0.0,2.5,17.3,2
2021-07-06 17:20:00,0.0,16.3,32.4,1
2021-07-06 18:28:00,0.0,18.2,29.5,2
2021-07-06 21:13:00,0.0,12.3,25.6,3
2021-07-07 00:21:00,0.0,17.1,31.3,0
2021-07-07 06:28:00,0.0,9.2,11.5,0
2021-07-07 16:09:00,0.0,2.7,14.0,0
2021-07-07 17:31:00,0.0,13.6,36.0,0
2021-07-07 18:06:00,0.0,9.1,12.6,0
2021-07-07 18:20:00,0.0,8.4,11.5,0
2021-07-07 18:36:00,0.0,8.0,11.9,0
2021-07-07 18:39:00,0.0,8.2,13.7,0
2021-07-07 18:53:00,0.0,7.4,13.7,0
2021-07-07 20:02:00,0.0,16.0,26.3,0
2021-07-07 21:48:00,0.0,10.5,13.3,0
2021-07-07 22:44:00,0.0,10.8,19.8,0
2021-07-07 23:50:00,0.0,11.5,21.6,0
2021-07-08 00:17:00,0.0,12.3,21.2,0
2021-07-08 06:48:00,0.0,8.3,15.5,0
2021-07-08 06:54:00,0.0,8.5,16.6,2
2021-07-08 07:25:00,0.0,8.3,11.2,0
2021-07-08 08:17:00,0.0,6.5,15.8,0
2021-07-08 08:20:00,0.0,6.5,15.8,0
2021-07-08 13:08:00,0.0,9.9,26.3,0
2021-07-08 13:44:00,0.0,8.2,23.8,0
2021-07-08 13:46:00,0.0,2.7,14.8,0
2021-07-08 14:54:00,0.0,9.4,24.1,0
2021-07-08 15:03:00,0.0,7.7,27.0,0
2021-07-08 16:04:00,0.0,3.6,13.3,0
2021-07-08 17:19:00,0.0,3.8,16.2,0
2021-07-08 17:34:00,0.0,1.3,9.0,0
2021-07-08 17:40:00,0.0,4.6,15.5,0
2021-07-08 18:14:00,0.0,8.0,13.3,0
2021-07-08 18:21:00,0.0,8.0,11.9,0
2021-07-08 19:07:00,0.0,12.9,36.0,3
2021-07-08 19:58:00,0.0,7.9,11.9,0
2021-07-08 20:34:00,0.0,13.8,30.2,2
2021-07-08 21:51:00,0.0,7.9,9.4,0
2021-07-09 00:26:00,0.0,21.0,37.4,0
2021-07-09 03:09:00,0.0,6.4,10.1,0
2021-07-09 06:08:00,0.0,4.4,9.0,0
2021-07-09 06:08:00,0.0,9.6,19.4,0
2021-07-09 06:33:00,0.0,11.0,20.5,0
2021-07-09 09:12:00,0.0,7.2,18.0,0
2021-07-09 11:46:00,0.0,10.4,28.4,0
2021-07-09 13:34:00,0.0,5.4,23.4,0
2021-07-09 14:46:00,0.0,3.6,18.4,0
2021-07-09 14:54:00,0.0,4.7,19.1,0
2021-07-09 18:47:00,0.0,7.4,10.4,0
2021-07-09 19:00:00,0.0,9.4,19.1,0
2021-07-09 19:13:00,0.0,11.8,25.9,0
2021-07-09 19:15:00,0.0,12.4,19.1,0
2021-07-09 19:40:00,0.0,9.9,18.7,0
2021-07-10 00:59:00,0.0,7.1,9.4,0
2021-07-10 04:41:00,0.0,5.9,12.2,0
2021-07-10 12:35:00,0.0,7.3,23.0,0
2021-07-10 12:37:00,0.0,7.0,21.2,0
2021-07-10 13:49:00,0.0,5.5,23.8,0
2021-07-10 14:14:00,0.0,1.8,15.5,0
2021-07-10 15:20:00,0.0,2.0,15.5,0
2021-07-10 21:30:00,0.0,7.6,11.5,0
2021-07-10 21:36:00,0.0,6.1,13.3,0
2021-07-10 21:39:00,0.0,8.0,10.4,0
2021-07-10 22:05:00,0.0,7.3,15.1,0
2021-07-11 01:15:00,0.0,5.6,11.2,1
2021-07-11 01:42:00,0.0,6.9,12.6,0
2021-07-11 03:59:00,0.0,8.2,15.1,0
2021-07-11 06:03:00,0.0,6.5,9.4,0
2021-07-11 06:27:00,0.0,4.7,7.9,0
2021-07-11 07:40:00,0.0,4.7,9.0,0
2021-07-11 08:12:00,0.0,7.6,15.1,0
2021-07-11 09:00:00,0.0,2.7,11.5,0
2021-07-11 11:56:00,0.0,10.5,24.5,0
2021-07-11 12:18:00,0.0,3.6,16.2,0
2021-07-11 13:55:00,0.0,2.6,14.0,1
2021-07-11 14:49:00,0.0,3.9,19.8,0
2021-07-11 15:29:00,0.0,2.7,13.3,0
2021-07-11 16:05:00,0.0,1.6,11.2,0
2021-07-11 18:26:00,0.0,9.8,12.2,0
2021-07-11 18:40:00,0.0,8.5,11.5,0
2021-07-11 20:01:00,0.0,6.4,18.4,1
2021-07-11 20:12:00,0.0,9.5,22.0,1
2021-07-11 20:29:00,0.0,7.0,14.0,0
2021-07-11 20:54:00,0.0,5.5,6.5,0
2021-07-11 22:41:00,0.0,12.8,18.7,0
2021-07-12 05:23:00,0.0,7.4,10.8,0
2021-07-12 06:01:00,0.0,8.0,15.1,0
2021-07-12 06:33:00,0.0,9.2,11.9,0
2021-07-12 10:24:00,0.0,11.5,26.6,0
2021-07-12 11:26:00,0.0,14.5,32.4,0
2021-07-12 12:06:00,0.0,7.3,22.0,0
2021-07-12 12:19:00,0.0,7.3,22.0,0
2021-07-12 19:27:00,0.0,8.0,15.1,0
2021-07-12 20:58:00,0.0,9.0,20.9,0
2021-07-13 02:43:00,0.0,7.8,15.8,0
2021-07-13 03:00:00,0.0,10.1,18.4,0
2021-07-13 06:28:00,0.0,8.6,13.7,0
2021-07-13 07:47:00,0.0,9.6,13.0,0
2021-07-13 10:13:00,0.0,12.0,26.3,0
2021-07-13 14:42:00,0.0,5.9,21.6,0
2021-07-13 17:26:00,0.0,8.4,20.5,0
2021-07-13 19:57:00,0.0,3.1,6.5,1
2021-07-13 21:29:00,0.0,9.4,20.5,0
2021-07-13 22:39:00,0.0,10.2,18.7,2
2021-07-13 23:34:00,0.0,8.0,13.0,2
2021-07-14 07:53:00,0.0,10.5,19.1,0
2021-07-14 10:17:00,0.0,13.5,30.6,0
2021-07-14 15:23:00,0.0,4.5,19.1,0
2021-07-14 17:54:00,0.0,8.3,23.4,0
2021-07-14 18:27:00,0.0,8.4,14.8,0
2021-07-14 18:31:00,0.0,8.9,18.7,0
2021-07-14 18:35:00,0.0,5.9,8.3,0
2021-07-14 18:45:00,0.0,9.4,14.0,0
2021-07-14 18:47:00,0.0,5.9,8.3,0
2021-07-15 06:58:00,0.0,4.9,5.8,0
2021-07-15 07:18:00,0.0,14.4,25.2,1
2021-07-15 07:38:00,0.0,9.9,16.2,1
2021-07-15 08:24:00,0.0,9.4,16.9,1
2021-07-15 15:00:00,0.0,10.5,25.6,0
2021-07-15 15:56:00,0.0,15.1,31.7,1
2021-07-15 17:33:00,0.0,7.4,32.4,1
2021-07-15 18:23:00,0.0,9.4,14.0,3
2021-07-15 19:19:00,0.0,8.0,16.2,2
2021-07-15 19:40:00,0.0,8.9,12.6,2
2021-07-15 19:49:00,0.0,10.6,13.7,2
2021-07-15 22:17:00,0.0,9.4,16.2,0
2021-07-15 22:59:00,0.0,12.4,23.8,3
2021-07-15 23:12:00,0.0,9.3,14.8,0
2021-07-15 23:56:00,0.0,11.2,20.2,0
2021-07-16 07:37:00,0.0,5.8,9.4,0
2021-07-16 08:04:00,0.0,11.1,19.1,1
2021-07-16 08:09:00,0.0,13.6,29.5,1
2021-07-16 12:02:00,0.0,6.6,23.4,3
2021-07-16 13:26:00,0.0,7.8,22.3,3
2021-07-16 13:37:00,0.0,3.6,14.0,2
2021-07-16 20:13:00,0.0,12.3,31.7,3
2021-07-16 20:33:00,0.0,8.7,15.8,1
2021-07-16 20:57:00,0.0,14.3,26.6,3
2021-07-16 23:04:00,0.0,6.1,15.8,1
2021-07-17 00:43:00,0.0,16.8,34.2,2
2021-07-17 06:24:00,0.0,10.0,18.0,1
2021-07-17 06:34:00,0.0,7.5,16.9,3
2021-07-17 07:46:00,0.0,3.7,10.1,3
2021-07-17 09:46:00,0.0,10.3,13.3,0
2021-07-17 11:53:00,0.0,3.2,16.2,0
2021-07-17 16:08:00,0.0,12.4,29.2,0
2021-07-17 19:18:00,0.0,12.6,21.2,0
2021-07-17 22:26:00,0.0,5.5,12.6,1
2021-07-18 01:15:00,0.0,6.8,14.0,1
2021-07-18 03:50:00,0.0,4.2,8.6,0
2021-07-18 07:52:00,0.0,6.0,10.4,0
2021-07-18 10:50:00,0.0,5.8,19.1,2
2021-07-18 14:06:00,0.0,15.4,35.3,3
2021-07-18 18:32:00,0.0,8.1,22.7,1
2021-07-18 19:39:00,0.0,15.0,25.9,1
2021-07-18 20:09:00,0.0,7.6,16.9,0
2021-07-18 20:12:00,0.0,9.5,19.1,0
2021-07-19 00:02:00,0.0,10.5,23.8,0
2021-07-19 04:18:00,0.0,8.1,15.1,0
2021-07-19 07:40:00,0.0,7.6,10.8,0
2021-07-19 10:32:00,0.0,4.5,20.2,0
2021-07-19 13:45:00,0.0,10.0,27.7,0
2021-07-19 14:51:00,0.0,9.8,25.9,2
2021-07-19 16:32:00,0.0,12.6,29.2,3
2021-07-19 17:43:00,0.0,7.8,23.0,2
2021-07-19 18:13:00,0.0,8.9,13.7,3
2021-07-19 18:22:00,0.0,6.6,14.8,3
2021-07-19 19:13:00,0.0,9.0,12.6,3
2021-07-20 00:35:00,0.0,8.7,20.2,0
2021-07-20 05:52:00,0.0,7.8,15.1,2
2021-07-20 06:59:00,0.0,9.4,14.4,1
2021-07-20 09:14:00,0.0,12.6,27.4,1
2021-07-20 09:25:00,0.0,9.2,19.1,1
2021-07-20 11:31:00,0.0,11.5,30.2,2
2021-07-20 12:09:00,0.0,16.6,35.6,3
2021-07-20 17:02:00,0.0,13.0,32.8,3
2021-07-20 18:42:00,0.0,13.8,28.1,3
2021-07-20 20:45:00,0.0,17.8,31.0,3
2021-07-20 22:19:00,0.0,11.6,21.6,3
2021-07-20 23:12:00,0.0,5.8,12.2,3
2021-07-21 01:13:00,0.0,7.8,18.0,3
2021-07-21 08:51:00,0.0,11.2,20.5,3
2021-07-21 11:20:00,0.0,4.6,16.2,3
2021-07-21 13:30:00,0.0,2.3,16.2,2
2021-07-21 14:33:00,0.0,5.1,19.8,2
2021-07-21 17:05:00,0.0,5.2,17.6,0
2021-07-21 17:08:00,0.0,5.7,15.5,0
2021-07-21 19:32:00,0.0,11.9,19.8,0
2021-07-21 21:37:00,0.0,7.4,13.3,0
2021-07-22 00:04:00,0.0,7.2,11.2,0
2021-07-22 00:14:00,0.0,10.4,14.4,0
2021-07-22 04:23:00,0.0,9.4,17.6,0
2021-07-22 05:00:00,0.0,14.5,27.4,0
2021-07-22 05:41:00,0.0,7.4,14.8,0
2021-07-22 06:53:00,0.0,15.1,25.9,0
2021-07-22 07:30:00,0.0,7.9,11.9,0
2021-07-22 08:18:00,0.0,22.0,37.4,0
2021-07-22 15:42:00,0.0,10.1,25.6,1
2021-07-22 16:13:00,0.0,11.0,22.3,0
2021-07-22 17:40:00,0.0,6.6,18.7,0
2021-07-22 19:52:00,0.0,13.0,28.1,1
2021-07-22 19:52:00,0.0,15.6,27.0,0
2021-07-22 20:46:00,0.0,11.2,24.8,2
2021-07-22 23:09:00,0.0,17.3,34.2,0
2021-07-23 06:13:00,0.0,7.2,11.2,0
2021-07-23 06:14:00,0.0,13.9,28.4,0
2021-07-23 07:27:00,0.0,14.2,27.0,0
2021-07-23 07:34:00,0.0,6.8,15.5,0
2021-07-23 07:48:00,0.0,15.0,28.8,0
2021-07-23 07:49:00,0.0,6.3,13.7,1
2021-07-23 10:13:00,0.0,3.2,16.2,0
2021-07-23 14:45:00,0.0,7.9,22.0,0
2021-07-23 15:31:00,0.0,8.9,22.0,0
2021-07-23 16:33:00,0.0,5.4,17.3,0
2021-07-23 16:53:00,0.0,9.2,21.6,0
2021-07-23 16:58:00,0.0,10.4,26.3,0
2021-07-23 18:46:00,0.0,8.3,13.0,0
2021-07-23 18:58:00,0.0,9.3,14.8,0
2021-07-23 20:43:00,0.0,5.0,12.6,0
2021-07-23 20:55:00,0.0,11.7,26.6,0
2021-07-23 21:00:00,0.0,8.3,21.6,0
2021-07-23 21:21:00,0.0,9.4,13.7,0
2021-07-23 22:23:00,0.0,9.2,20.2,0
2021-07-24 01:13:00,0.0,8.2,12.6,0
2021-07-24 01:43:00,0.0,10.4,18.0,0
2021-07-24 02:20:00,0.0,10.0,17.6,0
2021-07-24 03:28:00,0.0,6.6,11.5,0
2021-07-24 06:20:00,0.0,10.5,24.5,0
2021-07-24 06:49:00,0.0,8.7,22.7,0
2021-07-24 06:49:00,0.0,8.7,22.7,0
2021-07-24 12:30:00,0.0,7.9,25.2,0
2021-07-24 15:39:00,0.0,7.3,23.4,0
2021-07-24 19:38:00,0.0,4.4,11.9,0
2021-07-24 20:02:00,0.0,10.7,14.0,0
2021-07-24 21:06:00,0.0,12.7,25.9,0
2021-07-24 21:14:00,0.0,9.4,20.9,0
2021-07-25 00:28:00,0.0,8.2,14.0,0
2021-07-25 02:08:00,0.0,10.3,18.0,0
2021-07-25 03:17:00,0.0,8.7,15.1,0
2021-07-25 07:28:00,0.0,10.3,19.4,0
2021-07-25 15:28:00,0.0,16.9,34.2,0
2021-07-25 17:03:00,0.0,9.1,28.8,0
2021-07-25 17:17:00,0.0,5.6,19.1,0
2021-07-25 17:57:00,0.0,7.6,25.9,0
2021-07-25 19:09:00,0.0,5.8,12.6,0
2021-07-25 20:14:00,0.0,5.1,9.7,0
2021-07-25 20:18:00,0.0,5.4,6.5,0
2021-07-25 20:51:00,0.0,7.0,10.1,0
2021-07-25 22:04:00,0.0,9.8,17.6,0
2021-07-26 03:00:00,0.0,9.7,13.0,0
2021-07-26 03:07:00,0.0,12.7,25.9,0
2021-07-26 03:21:00,0.0,12.7,25.9,0
2021-07-26 07:08:00,0.0,14.9,27.4,0
2021-07-26 07:36:00,0.0,9.0,15.1,0
2021-07-26 08:21:00,0.0,12.3,19.8,0
2021-07-26 08:50:00,0.0,11.8,22.3,0
2021-07-26 13:56:00,0.0,11.5,29.5,0
2021-07-26 14:46:00,0.0,15.6,36.7,0
2021-07-26 15:55:00,0.0,8.9,25.9,0
2021-07-26 17:00:00,0.0,12.7,32.0,0
2021-07-26 17:46:00,0.0,12.3,32.0,0
2021-07-26 18:25:00,0.0,9.6,20.5,0
2021-07-26 18:29:00,0.0,11.1,14.0,0
2021-07-26 19:46:00,0.0,8.4,14.8,0
2021-07-26 19:57:00,0.0,11.9,19.4,0
2021-07-26 20:57:00,0.0,11.6,20.2,0
2021-07-27 06:08:00,0.0,7.9,12.6,0
2021-07-27 07:18:00,0.0,12.5,24.5,0
2021-07-27 08:09:00,0.0,15.1,25.6,0
2021-07-27 08:19:00,0.0,22.0,35.3,0
2021-07-27 10:06:00,0.0,20.2,42.8,0
2021-07-27 10:31:00,0.0,17.8,34.6,0
2021-07-27 11:06:00,0.0,20.2,40.7,0
2021-07-27 15:33:00,0.0,23.2,44.3,0
2021-07-27 17:34:00,0.0,8.7,37.1,2
2021-07-27 17:40:00,0.0,10.2,34.9,3
2021-07-27 17:46:00,0.0,7.2,36.7,2
2021-07-27 21:32:00,0.0,15.2,44.3,3
2021-07-27 23:19:00,0.0,14.1,27.7,3
2021-07-28 00:20:00,0.3,10.9,41.4,51
2021-07-28 07:09:00,0.2,17.3,31.7,51
2021-07-28 07:38:00,0.2,17.3,37.8,51
2021-07-28 07:44:00,0.1,5.2,10.1,51
2021-07-28 08:07:00,0.0,16.0,31.7,3
2021-07-28 08:50:00,0.0,16.0,31.7,3
2021-07-28 09:42:00,0.1,16.1,30.6,51
2021-07-28 09:47:00,0.7,12.7,30.6,53
2021-07-28 12:00:00,1.1,11.9,25.9,55
2021-07-28 14:02:00,0.9,10.8,28.4,53
2021-07-28 14:05:00,1.7,16.1,33.5,61
2021-07-28 15:44:00,1.1,5.4,21.6,55
2021-07-28 16:05:00,0.3,8.2,22.7,51
2021-07-28 16:34:00,0.1,7.3,16.6,51
2021-07-28 18:16:00,0.0,8.3,16.9,3
2021-07-28 20:28:00,0.2,11.5,23.8,51
2021-07-28 20:40:00,0.3,10.2,24.8,51
2021-07-28 20:43:00,0.0,16.6,32.0,3
2021-07-28 21:18:00,0.1,15.3,21.6,51
2021-07-28 23:59:00,0.0,14.2,29.5,2
2021-07-29 05:39:00,0.0,6.0,14.4,0
2021-07-29 07:47:00,0.0,6.2,12.2,0
2021-07-29 07:52:00,0.0,7.3,10.8,0
2021-07-29 07:56:00,0.0,6.9,14.4,0
2021-07-29 08:04:00,0.0,4.8,12.2,0
2021-07-29 08:36:00,0.0,7.4,20.9,0
2021-07-29 09:51:00,0.0,5.2,20.2,0
2021-07-29 10:01:00,0.0,4.2,18.4,0
2021-07-29 10:37:00,0.0,2.2,15.5,0
2021-07-29 10:45:00,0.0,6.6,27.4,0
2021-07-29 13:00:00,0.0,8.0,24.1,0
2021-07-29 13:15:00,0.0,8.5,25.9,0
2021-07-29 15:30:00,0.0,2.2,15.1,0
2021-07-29 16:05:00,0.0,9.1,25.6,0
2021-07-29 16:25:00,0.0,9.0,20.9,0
2021-07-29 17:45:00,0.0,8.5,21.6,0
2021-07-29 17:56:00,0.0,2.5,10.4,0
2021-07-29 18:02:00,0.0,6.6,14.8,0
2021-07-29 20:39:00,0.0,7.2,13.3,0
2021-07-29 23:38:00,0.0,7.0,16.9,0
2021-07-29 23:59:00,0.0,6.9,13.7,0
2021-07-30 01:01:00,0.0,8.4,14.8,0
2021-07-30 01:44:00,0.0,5.3,12.6,0
2021-07-30 07:22:00,0.0,14.1,27.4,1
2021-07-30 13:17:00,0.0,15.3,33.8,2
2021-07-30 15:10:00,0.0,7.7,23.0,2
2021-07-30 15:26:00,0.0,17.4,40.3,3
2021-07-30 16:56:00,0.0,19.5,42.1,2
2021-07-30 16:57:00,0.0,12.0,25.6,2
2021-07-30 17:05:00,0.0,7.0,19.4,1
2021-07-30 17:33:00,0.0,14.6,31.3,2
2021-07-30 18:14:00,0.0,19.0,33.1,2
2021-07-30 19:22:00,0.0,13.2,24.5,0
2021-07-30 20:57:00,0.0,15.8,32.0,2
2021-07-30 21:33:00,0.0,18.5,34.6,1
2021-07-30 21:56:00,0.0,23.6,46.1,3
2021-07-30 23:40:00,0.0,14.3,29.2,2
2021-07-31 00:18:00,0.0,18.2,34.9,0
2021-07-31 04:00:00,0.0,19.2,39.6,0
2021-07-31 07:48:00,0.0,24.8,43.9,3
2021-07-31 09:21:00,0.0,14.8,32.8,2
2021-07-31 12:04:00,0.0,15.8,37.4,2
2021-07-31 12:21:00,0.0,16.9,36.7,3
2021-07-31 12:49:00,0.0,15.9,39.2,3
2021-07-31 12:56:00,0.0,14.6,31.3,3
2021-07-31 13:50:00,0.0,9.8,27.7,3
2021-07-31 14:23:00,0.0,8.1,24.1,3
2021-07-31 16:03:00,0.0,15.9,30.6,3
2021-07-31 16:03:00,0.0,9.9,23.8,2
2021-07-31 17:41:00,0.0,15.9,36.0,3
2021-07-31 19:23:00,0.0,14.7,36.4,2
2021-07-31 21:06:00,0.0,25.1,46.8,3
2021-07-31 23:06:00,0.0,26.7,48.6,3
2021-08-01 00:58:00,0.0,18.4,34.6,3
2021-08-01 01:14:00,0.0,13.8,29.2,1
2021-08-01 01:59:00,0.0,17.5,34.9,1
2021-08-01 05:09:00,0.0,20.4,41.8,1
2021-08-01 06:29:00,0.0,12.2,24.8,3
2021-08-01 10:33:00,0.0,7.4,22.0,3
2021-08-01 15:43:00,0.0,4.7,17.3,3
2021-08-01 17:26:00,0.0,10.2,20.5,2
2021-08-01 18:14:00,0.0,8.7,11.2,0
2021-08-02 07:54:00,0.0,8.9,17.6,0
2021-08-02 12:18:00,0.0,5.1,19.4,0
2021-08-02 23:11:00,0.0,10.5,27.7,3
2021-08-03 10:06:00,0.0,19.5,41.8,0
2021-08-03 10:36:00,0.0,18.5,37.4,0
2021-08-03 12:00:00,0.0,13.6,36.0,3
2021-08-03 13:30:00,0.0,13.2,35.3,1
2021-08-03 13:39:00,0.0,7.3,25.2,3
2021-08-03 17:17:00,0.0,17.9,42.5,3
2021-08-03 17:44:00,0.0,12.6,27.4,2
2021-08-03 18:20:00,0.0,13.6,24.5,3
2021-08-03 19:09:00,0.0,23.0,39.6,3
2021-08-03 21:10:00,0.0,13.1,25.2,2
2021-08-03 21:17:00,0.0,12.6,31.0,3
2021-08-03 21:59:00,0.0,14.3,25.9,2
2021-08-04 00:56:00,0.0,13.2,26.6,3
2021-08-04 09:21:00,0.0,16.9,37.8,0
2021-08-04 14:30:00,0.0,12.8,33.1,1
2021-08-04 16:50:00,0.0,19.3,42.5,3
2021-08-04 17:26:00,0.0,20.7,39.6,0
2021-08-04 18:14:00,0.0,21.5,39.2,3
2021-08-04 18:32:00,0.0,12.5,24.1,0
2021-08-04 18:33:00,0.0,11.5,20.2,3
2021-08-04 18:59:00,0.0,21.3,38.2,3
2021-08-04 20:29:00,0.0,15.1,25.2,3
2021-08-04 20:55:00,0.0,13.8,29.5,3
2021-08-05 05:13:00,0.0,10.7,25.2,3
2021-08-05 08:35:00,0.0,14.0,27.0,3
2021-08-05 08:52:00,0.0,14.0,27.0,3
2021-08-05 13:17:00,0.0,5.4,19.4,3
2021-08-05 13:18:00,0.0,9.7,27.0,3
2021-08-05 14:15:00,0.0,6.0,19.4,3
2021-08-05 18:37:00,0.0,15.5,28.4,2
2021-08-05 19:10:00,0.0,16.6,36.7,1
2021-08-05 19:38:00,0.0,16.6,36.7,1
2021-08-05 19:53:00,0.0,13.8,28.1,2
2021-08-05 22:56:00,0.0,15.1,32.0,3
2021-08-06 00:45:00,0.0,10.9,19.4,3
2021-08-06 06:39:00,0.0,6.6,11.9,3
2021-08-06 07:29:00,0.0,16.2,30.2,2
2021-08-06 07:42:00,0.0,12.3,26.6,0
2021-08-06 09:56:00,0.0,12.0,20.9,3
2021-08-06 10:15:00,0.0,11.9,27.7,1
2021-08-06 11:33:00,0.0,9.7,26.3,2
2021-08-06 12:19:00,0.0,11.4,32.0,2
2021-08-06 12:26:00,0.0,7.2,21.6,2
2021-08-06 12:55:00,0.0,9.8,29.5,3
2021-08-06 14:02:00,0.0,9.5,24.1,3
2021-08-06 15:29:00,0.0,9.0,23.8,3
2021-08-06 16:12:00,0.0,7.9,21.2,1
2021-08-06 16:18:00,0.0,10.9,24.1,3
2021-08-06 18:30:00,0.0,15.2,32.8,3
2021-08-06 18:55:00,0.0,11.6,33.8,2
2021-08-06 19:04:00,0.0,14.7,30.2,3
2021-08-06 19:30:00,0.0,14.8,24.5,3
2021-08-06 19:37:00,0.0,12.8,27.0,3
2021-08-06 19:43:00,0.0,17.1,28.8,3
2021-08-06 20:25:00,0.0,15.3,33.5,3
2021-08-06 20:46:00,0.0,12.2,31.3,3
2021-08-06 22:46:00,0.0,14.5,25.2,1
2021-08-06 23:20:00,0.0,11.3,21.6,3
2021-08-06 23:50:00,0.0,9.7,23.0,1
2021-08-07 00:40:00,0.0,8.0,16.9,2
2021-08-07 04:08:00,0.0,6.8,12.2,2
2021-08-07 05:46:00,0.0,16.5,32.4,2
2021-08-07 06:49:00,0.0,6.3,14.8,3
2021-08-07 06:59:00,0.0,15.9,30.2,0
2021-08-07 09:15:00,0.0,8.0,20.5,1
2021-08-07 10:38:00,0.0,10.2,26.3,2
2021-08-07 12:54:00,0.0,5.3,22.3,2
2021-08-07 13:14:00,0.0,8.4,26.6,1
2021-08-07 14:07:00,0.0,5.1,18.7,1
2021-08-07 14:52:00,0.0,7.6,23.8,1
2021-08-07 18:55:00,0.0,7.1,13.7,1
2021-08-07 19:06:00,0.0,10.0,22.3,2
2021-08-07 19:21:00,0.0,9.7,16.6,2
2021-08-07 20:23:00,0.0,9.2,18.0,3
2021-08-07 21:35:00,0.0,12.5,25.2,3
2021-08-07 22:03:00,0.0,12.3,23.4,1
2021-08-08 01:52:00,0.0,5.0,9.4,2
2021-08-08 06:48:00,0.0,7.7,18.4,1
2021-08-08 09:10:00,0.0,4.1,17.6,1
2021-08-08 09:58:00,0.0,13.8,26.6,0
2021-08-08 11:14:00,0.0,9.7,26.3,0
2021-08-08 19:02:00,0.0,14.1,28.1,1
2021-08-08 19:48:00,0.0,7.1,9.4,1
2021-08-08 22:25:00,0.0,8.6,17.3,0
2021-08-08 23:19:00,0.0,6.4,10.8,0
2021-08-08 23:33:00,0.0,10.7,19.8,2
2021-08-08 23:45:00,0.0,9.8,18.7,0
2021-08-09 00:37:00,0.0,9.6,18.4,0
2021-08-09 05:40:00,0.0,6.6,17.3,1
2021-08-09 06:38:00,0.0,7.4,13.0,0
2021-08-09 08:51:00,0.0,9.9,19.8,0
2021-08-09 10:03:00,0.0,10.0,24.8,0
2021-08-09 13:58:00,0.0,5.0,19.1,3
2021-08-09 19:41:00,0.0,10.5,14.4,0
2021-08-09 20:05:00,0.0,7.2,13.0,0
2021-08-09 23:33:00,0.0,8.1,9.4,0
2021-08-10 05:59:00,0.0,6.5,10.8,0
2021-08-10 07:31:00,0.0,6.4,12.6,0
2021-08-10 07:44:00,0.0,9.0,16.6,0
2021-08-10 08:05:00,0.0,8.4,17.6,0
2021-08-10 08:55:00,0.0,9.2,18.7,0
2021-08-10 09:43:00,0.0,10.0,20.5,0
2021-08-10 11:54:00,0.0,10.5,25.9,2
2021-08-10 13:42:00,0.0,9.2,25.6,3
2021-08-10 14:02:00,0.0,13.6,34.2,3
2021-08-10 15:33:00,0.0,8.2,23.0,3
2021-08-10 15:45:00,0.0,9.2,25.9,3
2021-08-10 15:59:00,0.0,8.2,23.0,3
2021-08-10 16:18:00,0.0,7.3,20.9,3
2021-08-10 18:02:00,0.0,7.9,11.9,3
2021-08-10 18:42:00,0.0,7.9,11.5,3
2021-08-10 19:27:00,0.0,3.3,10.8,0
2021-08-10 19:42:00,0.0,8.0,12.2,1
2021-08-10 20:23:00,0.0,7.6,15.8,2
2021-08-11 06:11:00,0.0,13.3,25.2,3
2021-08-11 06:37:00,0.0,5.1,8.3,0
2021-08-11 07:28:00,0.0,12.3,20.2,3
2021-08-11 07:52:00,0.0,19.3,32.0,1
2021-08-11 09:11:00,0.0,7.6,19.1,0
2021-08-11 10:36:00,0.0,5.6,19.1,0
2021-08-11 10:51:00,0.0,6.1,21.2,0
2021-08-11 12:17:00,0.0,8.4,23.4,0
2021-08-11 17:44:00,0.0,19.3,43.2,3
2021-08-11 18:51:00,0.0,12.0,23.0,1
2021-08-11 19:14:00,0.0,20.3,37.8,0
2021-08-11 22:55:00,0.0,14.9,34.2,1
2021-08-11 23:22:00,0.0,13.4,29.2,1
2021-08-11 23:23:00,0.0,13.4,29.2,1
2021-08-12 08:06:00,0.0,20.2,40.3,3
2021-08-12 08:11:00,0.0,4.6,12.2,0
2021-08-12 10:28:00,0.0,18.9,41.0,3
2021-08-12 11:07:00,0.0,13.3,36.0,0
2021-08-12 17:33:00,0.0,25.2,46.4,0
2021-08-12 18:53:00,0.0,13.4,23.4,0
2021-08-12 23:34:00,0.0,13.4,30.2,0
2021-08-13 04:48:00,0.0,13.9,26.6,0
2021-08-13 06:33:00,0.0,13.5,27.4,3
2021-08-13 07:17:00,0.0,12.0,26.3,3
2021-08-13 07:26:00,0.0,15.3,26.6,0
2021-08-13 14:08:00,0.0,1.3,18.7,1
2021-08-13 14:18:00,0.0,18.6,42.5,2
2021-08-13 17:23:00,0.0,22.5,43.6,0
2021-08-13 19:17:00,0.0,19.7,40.7,0
2021-08-13 19:21:00,0.0,17.5,35.3,3
2021-08-13 22:07:00,0.0,19.6,39.2,1
2021-08-13 22:08:00,0.0,14.3,30.2,0
2021-08-13 22:46:00,0.0,22.3,40.0,0
2021-08-14 02:32:00,0.0,13.0,24.5,2
2021-08-14 02:33:00,0.0,12.7,23.4,0
2021-08-14 03:24:00,0.0,9.9,20.5,2
2021-08-14 04:00:00,0.0,16.3,32.8,3
2021-08-14 07:55:00,0.0,6.6,12.2,2
2021-08-14 09:56:00,0.0,9.5,24.5,2
2021-08-14 18:20:00,0.0,7.6,19.1,0
2021-08-14 18:57:00,0.0,16.3,25.9,1
2021-08-14 19:41:00,0.0,15.6,29.5,0
2021-08-14 21:47:00,0.0,20.3,37.4,0
2021-08-15 03:15:00,0.0,12.0,22.3,0
2021-08-15 04:58:00,0.0,8.1,14.4,0
2021-08-15 05:00:00,0.0,15.1,26.3,0
2021-08-15 06:15:00,0.0,6.6,13.7,0
2021-08-15 09:19:00,0.0,8.4,25.2,0
2021-08-15 10:12:00,0.0,9.7,27.7,0
2021-08-15 13:53:00,0.0,6.9,25.2,0
2021-08-15 14:11:00,0.0,2.3,14.0,1
2021-08-15 19:12:00,0.0,13.2,28.4,3
2021-08-15 20:54:00,0.0,8.2,10.8,2
2021-08-16 04:24:00,0.0,6.3,8.6,1
2021-08-16 07:40:00,0.0,9.3,17.3,0
2021-08-16 07:45:00,0.0,5.6,10.8,1
2021-08-16 07:50:00,0.0,4.6,9.0,1
2021-08-16 14:01:00,0.0,9.4,24.5,1
2021-08-16 17:20:00,0.0,15.0,31.3,3
2021-08-16 17:38:00,0.0,16.6,31.7,1
2021-08-16 17:48:00,0.0,8.2,28.1,1
2021-08-16 18:02:00,0.0,10.3,25.2,0
2021-08-16 23:22:00,0.0,5.5,17.3,0
2021-08-17 01:17:00,0.0,7.8,14.0,0
2021-08-17 07:38:00,0.0,10.8,22.0,0
2021-08-17 08:29:00,0.0,9.8,19.4,0
2021-08-17 11:03:00,0.0,9.4,25.6,1
2021-08-17 11:28:00,0.0,6.2,18.7,0
2021-08-17 12:48:00,0.0,6.3,27.4,1
2021-08-17 14:11:00,0.0,7.0,22.0,1
2021-08-17 15:13:00,0.0,4.0,19.1,1
2021-08-17 16:45:00,0.0,2.9,13.0,1
2021-08-17 17:32:00,0.0,4.1,13.3,2
2021-08-17 18:36:00,0.0,8.8,10.4,1
2021-08-17 18:58:00,0.0,6.8,11.5,0
2021-08-17 23:49:00,0.0,8.0,12.2,0
2021-08-18 06:35:00,0.0,9.8,17.6,0
2021-08-18 08:36:00,0.0,6.9,14.8,0
2021-08-18 09:25:00,0.0,9.5,18.7,0
2021-08-18 11:00:00,0.0,10.2,25.6,0
2021-08-18 12:29:00,0.0,7.4,25.9,0
2021-08-18 12:30:00,0.0,2.9,17.6,0
2021-08-18 18:22:00,0.0,7.7,13.7,0
2021-08-18 23:47:00,0.0,11.7,19.8,0
2021-08-19 03:13:00,0.0,8.2,16.6,0
2021-08-19 04:37:00,0.0,8.0,11.5,0
2021-08-19 07:55:00,0.0,12.2,22.3,0
2021-08-19 08:49:00,0.0,6.6,16.9,0
2021-08-19 11:09:00,0.0,11.6,29.2,0
2021-08-19 12:47:00,0.0,12.9,37.1,0
2021-08-19 15:41:00,0.0,13.1,32.4,0
2021-08-19 16:20:00,0.0,4.0,16.6,0
2021-08-19 16:34:00,0.0,2.2,14.0,0
2021-08-19 17:02:00,0.0,3.3,14.4,0
2021-08-19 19:06:00,0.0,7.4,15.1,0
2021-08-19 19:37:00,0.0,13.3,23.8,0
2021-08-19 21:38:00,0.0,11.2,20.5,0
2021-08-20 00:27:00,0.0,9.1,15.1,0
2021-08-20 06:26:00,0.0,13.8,25.9,0
2021-08-20 07:59:00,0.0,13.8,22.0,0
2021-08-20 09:10:00,0.0,17.2,34.6,0
2021-08-20 09:43:00,0.0,13.4,28.1,0
2021-08-20 11:46:00,0.0,12.7,33.5,0
2021-08-20 12:18:00,0.0,8.7,28.1,0
2021-08-20 13:18:00,0.0,6.9,28.8,0
2021-08-20 15:39:00,0.0,5.6,23.0,0
2021-08-20 19:34:00,0.0,1.1,10.8,0
2021-08-20 19:59:00,0.0,7.0,12.6,0
2021-08-20 21:14:00,0.0,7.2,13.7,0
2021-08-20 23:51:00,0.0,5.9,11.2,0
2021-08-21 00:00:00,0.0,9.7,22.7,0
2021-08-21 00:24:00,0.0,8.0,14.4,0
2021-08-21 00:48:00,0.0,8.4,14.4,0
2021-08-21 00:52:00,0.0,9.1,15.8,0
2021-08-21 01:09:00,0.0,8.4,15.5,0
2021-08-21 01:37:00,0.0,7.6,9.0,0
2021-08-21 01:41:00,0.0,6.2,11.5,0
2021-08-21 03:00:00,0.0,3.9,5.8,0
2021-08-21 05:37:00,0.0,5.6,9.7,0
2021-08-21 08:42:00,0.0,5.9,13.7,0
2021-08-21 10:14:00,0.0,5.0,18.4,0
2021-08-21 11:17:00,0.0,5.6,19.8,0
2021-08-21 12:35:00,0.0,3.4,18.4,0
2021-08-21 17:03:00,0.0,5.7,21.6,0
2021-08-21 19:03:00,0.0,16.3,28.8,0
2021-08-21 19:55:00,0.0,11.6,20.5,0
2021-08-21 23:31:00,0.0,9.3,18.7,0
2021-08-21 23:44:00,0.0,7.2,20.5,0
2021-08-22 00:34:00,0.0,7.8,16.2,0
2021-08-22 01:50:00,0.0,10.8,19.1,0
2021-08-22 04:18:00,0.0,14.0,23.4,0
2021-08-22 05:19:00,0.0,13.0,24.5,0
2021-08-22 06:06:00,0.0,8.0,15.8,0
2021-08-22 06:59:00,0.0,12.1,23.4,0
2021-08-22 07:46:00,0.0,8.8,16.2,0
2021-08-22 09:58:00,0.0,13.0,31.0,0
2021-08-22 13:23:00,0.0,8.3,29.9,0
2021-08-22 16:32:00,0.0,9.6,28.4,0
2021-08-22 17:14:00,0.0,5.8,23.0,0
2021-08-22 17:30:00,0.0,5.4,24.8,0
2021-08-22 22:39:00,0.0,10.2,17.3,0
2021-08-23 05:32:00,0.0,13.2,22.7,0
2021-08-23 05:54:00,0.0,12.9,28.1,0
2021-08-23 07:38:00,0.0,7.6,15.1,0
2021-08-23 08:10:00,0.0,16.1,30.6,0
2021-08-23 08:20:00,0.0,13.2,27.0,0
2021-08-23 09:21:00,0.0,12.2,29.2,0
2021-08-23 10:23:00,0.0,14.3,30.6,0
2021-08-23 12:35:00,0.0,7.7,27.7,0
2021-08-23 16:07:00,0.0,3.4,18.7,0
2021-08-23 18:44:00,0.0,9.3,13.0,0
2021-08-23 18:55:00,0.0,4.9,5.4,1
2021-08-23 19:00:00,0.0,7.7,11.2,0
2021-08-23 19:02:00,0.0,10.5,17.6,0
2021-08-23 21:14:00,0.0,7.6,25.6,0
2021-08-23 21:45:00,0.0,7.9,10.8,2
2021-08-24 02:14:00,0.0,7.2,13.3,0
2021-08-24 04:43:00,0.0,7.2,14.4,0
2021-08-24 05:44:00,0.0,8.8,12.6,0
2021-08-24 07:29:00,0.0,10.7,20.2,1
2021-08-24 07:48:00,0.0,9.9,15.8,0
2021-08-24 07:58:00,0.0,9.0,15.8,0
2021-08-24 08:00:00,0.0,12.8,23.0,0
2021-08-24 09:47:00,0.0,10.5,26.6,0
2021-08-24 12:08:00,0.0,13.1,34.9,0
2021-08-24 13:29:00,0.0,2.5,21.6,0
2021-08-24 15:55:00,0.0,6.1,23.4,0
2021-08-24 17:09:00,0.0,7.7,14.8,0
2021-08-24 18:21:00,0.0,9.2,14.8,0
2021-08-24 19:00:00,0.0,11.3,25.9,0
2021-08-24 19:21:00,0.0,7.4,15.1,2
2021-08-24 19:23:00,0.0,6.6,16.9,0
2021-08-25 01:07:00,0.0,7.1,11.5,0
2021-08-25 01:35:00,0.0,11.5,25.6,0
2021-08-25 08:29:00,0.0,8.6,19.1,0
2021-08-25 11:39:00,0.0,15.5,36.0,3
2021-08-25 13:50:00,0.0,11.9,33.8,3
2021-08-25 20:33:00,0.0,7.6,18.4,0
2021-08-25 20:41:00,0.0,9.7,16.9,0
2021-08-26 07:19:00,0.0,17.9,28.1,0
2021-08-26 07:21:00,0.0,7.2,15.8,0
2021-08-26 07:32:00,0.0,7.2,15.8,0
2021-08-26 08:41:00,0.0,17.8,33.1,1
2021-08-26 09:31:00,0.0,16.2,37.1,1
2021-08-26 15:31:00,0.0,14.1,36.4,3
2021-08-26 16:25:00,0.0,13.2,33.1,2
2021-08-26 16:37:00,0.0,19.3,37.1,3
2021-08-26 18:16:00,0.0,7.8,14.8,3
2021-08-26 18:18:00,0.0,8.4,25.9,3
2021-08-26 18:37:00,0.0,8.4,25.9,3
2021-08-26 18:50:00,0.0,9.0,12.2,3
2021-08-26 23:46:00,0.0,25.0,46.4,0
2021-08-27 05:14:00,0.0,23.0,43.6,3
2021-08-27 05:17:00,0.0,10.3,21.2,0
2021-08-27 12:37:00,0.0,20.7,46.4,3
2021-08-27 16:59:00,0.0,14.2,30.2,1
2021-08-27 18:43:00,0.0,20.0,43.6,3
2021-08-27 19:45:00,0.0,25.9,47.5,3
2021-08-27 20:16:00,0.0,26.2,48.2,3
2021-08-27 21:05:00,0.1,21.7,38.9,51
2021-08-28 00:02:00,1.1,14.5,29.5,55
2021-08-28 02:00:00,0.0,14.8,36.0,1
2021-08-28 07:26:00,0.4,19.4,35.3,51
2021-08-28 07:55:00,0.4,19.4,35.3,51
2021-08-28 08:04:00,0.3,10.9,29.5,51
2021-08-28 08:05:00,0.0,16.6,34.6,2
2021-08-28 08:14:00,0.1,11.7,23.0,51
2021-08-28 08:38:00,0.2,17.0,34.9,51
2021-08-28 09:49:00,0.1,13.7,31.3,51
2021-08-28 09:57:00,0.3,16.8,38.2,51
2021-08-28 10:01:00,4.3,16.3,30.6,63
2021-08-28 10:26:00,2.7,7.9,19.4,63
2021-08-28 10:39:00,2.7,7.9,19.4,63
2021-08-28 11:47:00,1.9,14.8,31.0,61
2021-08-28 11:47:00,0.0,12.5,32.4,3
2021-08-28 12:01:00,1.6,11.0,20.2,61
2021-08-28 12:26:00,0.8,13.7,28.8,53
2021-08-28 12:45:00,2.5,12.5,25.2,63
2021-08-28 12:48:00,0.9,13.3,25.9,53
2021-08-28 12:59:00,4.5,11.8,25.6,63
2021-08-28 14:51:00,1.7,14.8,31.7,61
2021-08-28 15:14:00,0.3,16.5,35.3,51
2021-08-28 16:52:00,0.0,11.0,22.3,3
2021-08-28 18:41:00,0.0,16.1,28.1,2
2021-08-28 20:54:00,0.0,12.9,25.6,3
2021-08-28 20:55:00,0.0,10.5,22.0,1
2021-08-28 21:39:00,0.0,11.5,25.6,1
2021-08-28 21:45:00,0.0,9.4,21.6,3
2021-08-28 22:01:00,0.0,12.0,25.9,3
2021-08-28 22:46:00,0.0,10.4,22.7,3
2021-08-29 04:15:00,0.0,11.3,20.2,1
2021-08-29 04:20:00,0.0,11.8,21.2,1
2021-08-29 04:49:00,0.0,15.4,28.8,1
2021-08-29 04:54:00,0.0,15.8,32.8,2
2021-08-29 05:07:00,0.0,20.2,36.4,1
2021-08-29 10:58:00,0.1,20.3,39.6,51
2021-08-29 12:58:00,0.1,15.9,34.6,51
2021-08-29 15:26:00,0.0,18.4,34.9,3
2021-08-29 15:56:00,0.0,18.4,34.9,3
2021-08-29 20:09:00,0.0,20.7,36.7,3
2021-08-30 07:02:00,0.0,13.0,27.4,0
2021-08-30 07:51:00,0.0,13.6,27.4,1
2021-08-30 08:07:00,0.0,16.1,28.8,1
2021-08-30 10:27:00,0.0,21.0,41.4,0
2021-08-30 12:43:00,0.0,22.6,55.1,2
2021-08-30 13:52:00,0.1,13.9,35.6,51
2021-08-30 15:31:00,0.0,12.8,31.0,1
2021-08-30 17:04:00,0.0,22.2,49.7,1
2021-08-30 18:12:00,0.0,6.1,25.6,1
2021-08-30 18:19:00,0.0,20.9,45.7,0
2021-08-30 18:23:00,0.0,6.1,25.6,1
2021-08-30 18:27:00,0.0,5.9,24.1,1
2021-08-30 18:58:00,0.0,23.4,43.6,0
2021-08-30 19:02:00,0.0,21.3,42.8,0
2021-08-31 05:11:00,0.0,9.0,16.6,0
2021-08-31 05:42:00,0.0,9.9,20.2,0
2021-08-31 08:12:00,0.0,20.2,40.7,0
2021-08-31 08:33:00,0.0,14.9,27.4,0
2021-08-31 08:44:00,0.0,14.9,27.4,0
2021-08-31 09:18:00,0.0,8.5,24.5,0
2021-08-31 10:13:00,0.0,9.3,26.6,0
2021-08-31 12:24:00,0.0,15.1,33.8,0
2021-08-31 14:22:00,0.0,9.5,25.6,0
2021-08-31 14:22:00,0.0,12.7,31.3,3
2021-08-31 15:02:00,0.0,20.9,45.4,2
2021-08-31 16:15:00,0.0,18.4,38.9,3
2021-08-31 16:46:00,0.0,16.7,33.8,1
2021-08-31 17:44:00,0.0,21.8,43.9,0
2021-08-31 18:58:00,0.0,18.3,41.4,0
2021-08-31 18:59:00,0.0,7.4,22.3,2
2021-08-31 19:28:00,0.0,20.4,40.0,0
2021-08-31 23:24:00,0.0,12.2,30.6,0
2021-09-01 04:37:00,0.0,15.7,32.0,0
2021-09-01 06:22:00,0.0,4.8,7.9,0
2021-09-01 07:04:00,0.0,13.3,21.6,0
2021-09-01 07:24:00,0.0,10.7,20.2,3
2021-09-01 07:45:00,0.0,17.6,30.6,0
2021-09-01 10:55:00,0.0,6.9,24.5,0
2021-09-01 13:09:00,0.0,12.8,33.1,0
2021-09-01 15:31:00,0.0,15.4,35.3,0
2021-09-01 16:16:00,0.0,5.9,18.7,0
2021-09-01 16:35:00,0.0,6.5,18.0,0
2021-09-01 17:56:00,0.0,11.3,21.6,0
2021-09-01 18:28:00,0.0,14.0,38.2,0
2021-09-01 18:44:00,0.0,14.0,38.2,0
2021-09-01 19:14:00,0.0,17.4,35.6,0
2021-09-01 20:16:00,0.0,13.8,24.8,3
2021-09-01 22:06:00,0.0,11.5,20.9,0
2021-09-01 23:04:00,0.0,17.2,31.7,0
2021-09-02 06:29:00,0.0,7.1,11.5,2
2021-09-02 06:57:00,0.0,7.0,14.0,0
2021-09-02 08:54:00,0.0,18.3,37.4,2
2021-09-02 09:36:00,0.0,9.9,20.9,0
2021-09-02 12:32:00,0.0,11.5,33.1,0
2021-09-02 12:37:00,0.0,9.1,28.4,2
2021-09-02 13:53:00,0.0,6.6,25.2,0
2021-09-02 16:51:00,0.0,5.4,23.8,2
2021-09-02 18:00:00,0.0,3.8,8.6,2
2021-09-02 19:15:00,0.0,10.5,16.2,2
2021-09-02 21:02:00,0.0,7.6,11.2,2
2021-09-02 23:25:00,0.0,6.4,13.3,3
2021-09-03 00:12:00,0.0,12.0,22.3,3
2021-09-03 01:30:00,0.0,8.0,11.5,3
2021-09-03 04:53:00,0.0,10.6,18.0,2
2021-09-03 08:02:00,0.0,7.5,17.6,1
2021-09-03 08:33:00,0.0,10.1,22.7,1
2021-09-03 13:22:00,0.0,8.9,28.4,1
2021-09-03 15:10:00,0.0,8.2,24.1,2
2021-09-03 15:30:00,0.0,11.2,30.2,0
2021-09-03 17:33:00,0.0,5.4,21.6,0
2021-09-03 17:38:00,0.0,5.4,21.6,0
2021-09-03 17:53:00,0.0,9.0,22.0,0
2021-09-03 18:01:00,0.0,7.1,14.0,0
2021-09-03 18:40:00,0.0,6.0,11.9,0
2021-09-03 18:50:00,0.0,6.0,11.9,0
2021-09-03 19:25:00,0.0,4.0,8.3,1
2021-09-03 20:26:00,0.0,8.1,9.7,1
2021-09-03 20:32:00,0.0,6.9,13.0,0
2021-09-03 23:22:00,0.0,5.5,11.9,0
2021-09-03 23:22:00,0.0,10.4,18.0,0
2021-09-04 02:45:00,0.0,6.4,10.1,0
2021-09-04 04:29:00,0.0,6.2,7.6,0
2021-09-04 08:14:00,0.0,3.8,12.2,0
2021-09-04 11:16:00,0.0,9.2,28.4,0
2021-09-04 15:43:00,0.0,2.6,15.8,0
2021-09-04 17:59:00,0.0,6.6,15.1,0
2021-09-05 00:10:00,0.0,16.9,32.8,0
2021-09-05 05:23:00,0.0,8.0,10.8,0
2021-09-05 05:28:00,0.0,7.9,18.0,0
2021-09-05 06:43:00,0.0,8.0,13.7,0
2021-09-05 13:13:00,0.0,11.9,27.7,0
2021-09-05 13:42:00,0.0,13.8,32.0,0
2021-09-05 15:30:00,0.0,15.8,41.4,1
2021-09-05 16:08:00,0.0,16.4,36.0,2
2021-09-05 22:36:00,0.0,6.8,18.4,0
2021-09-06 05:40:00,0.0,22.2,39.6,0
2021-09-06 11:45:00,0.0,13.5,37.8,0
2021-09-06 14:20:00,0.0,9.0,25.6,0
2021-09-06 16:52:00,0.0,18.2,42.1,0
2021-09-06 17:41:00,0.0,17.6,31.7,0
2021-09-06 18:08:00,0.0,8.9,15.8,0
2021-09-06 18:15:00,0.0,24.7,44.6,0
2021-09-06 18:23:00,0.0,9.4,21.2,0
2021-09-06 18:26:00,0.0,24.7,43.2,0
2021-09-06 20:01:00,0.0,28.8,50.8,0
2021-09-06 21:14:00,0.0,30.1,54.0,0
2021-09-07 14:39:00,0.0,5.2,23.4,3
2021-09-07 14:49:00,0.0,8.8,28.4,2
2021-09-07 19:23:00,0.0,13.3,33.5,3
2021-09-07 21:37:00,0.0,22.9,36.0,0
2021-09-07 22:26:00,0.0,24.4,46.4,0
2021-09-07 22:53:00,0.0,25.6,45.4,0
2021-09-07 23:11:00,0.0,24.5,47.5,0
2021-09-08 02:07:00,0.0,12.6,27.0,0
2021-09-08 06:33:00,0.0,14.9,31.3,1
2021-09-08 13:51:00,0.0,16.4,37.8,2
2021-09-08 13:52:00,0.0,23.2,47.5,2
2021-09-08 14:27:00,0.0,20.9,46.1,2
2021-09-08 18:11:00,0.0,8.8,28.1,2
2021-09-08 20:50:00,0.0,6.4,10.1,1
2021-09-08 21:17:00,0.0,10.9,13.7,2
2021-09-08 22:29:00,0.0,7.0,13.0,1
2021-09-09 04:16:00,0.0,13.4,25.2,0
2021-09-09 05:14:00,0.0,6.5,14.4,1
2021-09-09 07:40:00,0.0,10.2,17.3,1
2021-09-09 08:53:00,0.0,5.2,17.3,0
2021-09-09 09:49:00,0.0,11.4,24.5,2
2021-09-09 10:40:00,0.0,14.4,33.1,1
2021-09-09 11:13:00,0.0,13.0,33.5,2
2021-09-09 11:38:00,0.0,13.0,33.5,2
2021-09-09 13:14:00,0.0,20.9,43.2,3
2021-09-09 15:31:00,0.0,15.2,33.5,3
2021-09-09 15:36:00,0.0,15.2,33.5,3
2021-09-09 16:23:00,0.0,13.0,36.4,3
2021-09-09 16:50:00,0.0,15.3,38.5,3
2021-09-09 16:51:00,0.0,19.2,46.4,3
2021-09-09 17:00:00,0.0,9.1,31.0,3
2021-09-09 17:16:00,0.0,9.7,35.6,3
2021-09-09 17:36:00,0.0,9.1,31.0,3
2021-09-09 18:08:00,0.0,4.3,22.3,3
2021-09-09 23:47:00,0.0,4.2,7.2,0
2021-09-10 03:50:00,0.0,6.0,14.4,3
2021-09-10 05:48:00,0.1,3.2,15.1,51
2021-09-10 06:02:00,0.0,2.2,4.3,3
2021-09-10 06:50:00,0.4,6.1,27.0,51
2021-09-10 06:50:00,0.3,5.7,25.6,51
2021-09-10 06:54:00,0.4,3.7,17.3,51
2021-09-10 06:59:00,0.0,3.1,5.8,3
2021-09-10 07:45:00,0.3,6.8,22.7,51
2021-09-10 12:25:00,0.1,4.6,15.1,51
2021-09-10 13:58:00,0.5,10.0,29.2,53
2021-09-10 14:07:00,0.0,11.5,30.2,3
2021-09-10 18:06:00,0.0,6.2,18.4,2
2021-09-10 19:26:00,0.0,5.8,7.9,3
2021-09-10 22:07:00,0.0,3.9,19.4,3
2021-09-10 23:28:00,0.0,4.0,18.7,3
2021-09-11 00:16:00,0.0,5.7,11.2,3
2021-09-11 00:51:00,0.0,10.1,22.7,3
2021-09-11 01:16:00,0.2,3.0,5.0,51
2021-09-11 01:47:00,0.1,5.2,11.2,51
2021-09-11 03:22:00,0.0,4.7,6.8,3
2021-09-11 04:35:00,0.0,8.1,19.8,2
2021-09-11 05:31:00,0.1,3.4,5.8,51
2021-09-11 09:41:00,0.0,6.4,19.1,3
2021-09-11 15:54:00,0.0,9.4,24.8,2
2021-09-11 15:57:00,0.2,12.9,27.4,51
2021-09-11 22:41:00,0.1,18.6,34.9,51
2021-09-11 23:19:00,0.3,19.6,36.4,51
2021-09-12 02:17:00,0.0,14.8,30.2,2
2021-09-12 13:55:00,0.0,6.6,20.5,0
2021-09-12 18:46:00,0.0,11.2,28.4,1
2021-09-12 19:04:00,0.0,12.6,25.9,0
2021-09-12 21:14:00,0.0,12.2,24.1,0
2021-09-12 22:37:00,0.0,7.6,19.1,1
2021-09-13 05:39:00,0.0,10.8,18.7,1
2021-09-13 06:57:00,0.0,9.2,18.7,2
2021-09-13 07:29:00,0.0,13.3,21.6,2
2021-09-13 07:36:00,0.0,9.7,23.4,2
2021-09-13 08:02:00,0.0,7.1,16.6,3
2021-09-13 08:59:00,0.0,9.7,22.3,0
2021-09-13 10:36:00,0.0,18.6,38.9,3
2021-09-13 12:33:00,0.0,19.7,41.0,3
2021-09-13 16:20:00,0.0,13.5,33.5,2
2021-09-13 16:55:00,0.0,12.7,34.6,2
2021-09-13 18:35:00,0.0,8.3,15.5,3
2021-09-13 18:53:00,0.0,10.7,22.7,0
2021-09-13 20:50:00,0.0,11.0,20.5,0
2021-09-14 02:39:00,0.0,11.6,24.1,3
2021-09-14 06:55:00,0.0,13.1,22.7,0
2021-09-14 07:37:00,0.0,11.5,19.4,1
2021-09-14 08:29:00,0.0,16.1,31.3,1
2021-09-14 18:39:00,0.0,8.1,26.3,1
2021-09-14 20:24:00,0.0,5.8,10.8,3
2021-09-14 23:03:00,0.0,4.3,13.7,3
2021-09-15 06:37:00,0.0,8.4,10.8,3
2021-09-15 07:28:00,0.0,8.8,16.2,3
2021-09-15 07:52:00,0.0,7.2,14.0,2
2021-09-15 09:21:00,0.0,9.0,24.5,2
2021-09-15 09:58:00,0.0,4.5,18.7,3
2021-09-15 11:26:00,0.0,11.8,28.8,2
2021-09-15 13:29:00,0.0,11.6,27.4,3
2021-09-15 15:27:00,0.1,24.0,45.0,51
2021-09-15 15:39:00,0.0,0.4,13.7,2
2021-09-15 18:01:00,0.0,25.6,47.2,3
2021-09-15 18:11:00,0.0,19.6,44.3,3
2021-09-15 19:48:00,0.0,23.0,43.2,3
2021-09-15 21:50:00,0.0,20.6,39.2,3
2021-09-15 22:49:00,0.0,19.0,36.0,3
2021-09-16 01:27:00,0.0,16.6,30.2,3
2021-09-16 01:29:00,0.0,18.1,37.4,3
2021-09-16 07:17:00,0.0,14.4,29.5,3
2021-09-16 08:04:00,0.0,17.2,35.6,1
2021-09-16 15:12:00,0.0,20.3,39.2,3
2021-09-16 17:06:00,0.0,27.1,50.4,3
2021-09-16 19:25:00,0.0,26.0,50.0,2
2021-09-16 21:19:00,0.0,32.0,52.9,0
2021-09-16 22:40:00,0.0,28.7,55.4,0
2021-09-17 01:20:00,0.0,18.4,35.3,3
2021-09-17 06:31:00,0.0,14.1,31.3,3
2021-09-17 07:59:00,0.0,15.4,33.5,2
2021-09-17 08:06:00,0.0,15.9,34.9,1
2021-09-17 10:12:00,0.0,13.2,34.2,0
2021-09-17 12:08:00,0.0,4.0,21.2,1
2021-09-17 12:23:00,0.0,13.6,36.7,0
2021-09-17 13:27:00,0.0,5.4,21.2,2
2021-09-17 13:31:00,0.0,12.8,33.1,0
2021-09-17 15:19:00,0.0,6.5,17.6,2
2021-09-17 16:18:00,0.0,2.6,13.0,1
2021-09-17 16:29:00,0.0,2.6,13.0,1
2021-09-17 16:50:00,0.0,17.3,36.7,1
2021-09-17 17:45:00,0.0,5.6,20.2,2
2021-09-17 17:47:00,0.0,7.9,20.2,1
2021-09-17 18:28:00,0.0,5.9,16.6,1
2021-09-17 19:46:00,0.0,13.9,27.7,1
2021-09-17 21:55:00,0.0,15.5,7.6,1
2021-09-17 23:04:00,0.0,11.7,22.3,1
2021-09-18 00:01:00,0.0,12.2,23.0,1
2021-09-18 04:54:00,0.0,11.8,24.8,0
2021-09-18 04:57:00,0.0,11.8,24.8,0
2021-09-18 05:02:00,0.0,8.7,9.7,0
2021-09-18 05:44:00,0.0,2.8,3.6,0
2021-09-18 06:30:00,0.0,3.6,5.0,0
2021-09-18 07:11:00,0.0,4.0,10.8,0
2021-09-18 08:27:00,0.0,13.6,28.4,0
2021-09-18 08:39:00,0.0,9.2,22.0,0
2021-09-18 09:59:00,0.0,8.7,23.0,0
2021-09-18 11:08:00,0.0,13.8,31.3,0
2021-09-18 14:56:00,0.0,10.8,29.5,1
2021-09-18 16:56:00,0.0,6.1,21.6,1
2021-09-18 17:10:00,0.0,18.0,37.4,1
2021-09-18 17:20:00,0.0,18.0,37.4,1
2021-09-18 19:06:00,0.0,11.4,29.9,1
2021-09-18 19:42:00,0.0,11.5,23.8,1
2021-09-18 20:24:00,0.0,5.6,9.0,3
2021-09-18 20:58:00,0.0,9.2,15.8,0
2021-09-18 22:00:00,0.0,16.9,28.8,0
2021-09-19 00:04:00,0.0,19.3,34.9,0
2021-09-19 06:18:00,0.0,8.6,11.2,0
2021-09-19 07:31:00,0.0,10.6,19.4,0
2021-09-19 13:15:00,0.0,0.8,14.0,1
2021-09-19 16:08:00,0.0,8.1,20.5,1
2021-09-19 17:47:00,0.0,12.1,23.4,2
2021-09-19 19:16:00,0.0,11.9,28.4,0
2021-09-19 20:00:00,0.0,10.3,25.9,1
2021-09-19 20:21:00,0.0,19.8,36.4,1
2021-09-19 21:08:00,0.0,13.3,27.7,1
2021-09-19 21:40:00,0.0,16.0,29.5,1
2021-09-20 01:01:00,0.0,8.7,17.6,1
2021-09-20 01:04:00,0.0,8.2,17.6,1
2021-09-20 04:36:00,0.0,12.6,24.1,2
2021-09-20 05:12:00,0.0,6.0,13.0,2
2021-09-20 06:00:00,0.0,18.5,36.0,3
2021-09-20 07:28:00,0.0,6.8,13.7,1
2021-09-20 07:29:00,0.0,9.0,16.2,1
2021-09-20 07:54:00,0.0,9.0,16.2,1
2021-09-20 07:56:00,0.0,9.5,19.1,0
2021-09-20 08:25:00,0.0,7.4,18.4,1
2021-09-20 10:39:00,0.0,10.7,27.7,2
2021-09-20 11:30:00,0.0,13.6,37.8,2
2021-09-20 14:14:00,0.0,11.0,29.5,0
2021-09-20 15:54:00,0.0,9.7,23.4,1
2021-09-20 16:07:00,0.0,8.7,24.5,1
2021-09-20 17:23:00,0.0,5.0,21.2,1
2021-09-20 20:19:00,0.0,5.4,13.0,0
2021-09-20 20:31:00,0.0,5.8,9.7,1
2021-09-21 06:37:00,0.0,6.6,10.1,1
2021-09-21 06:48:00,0.0,5.6,10.1,0
2021-09-21 07:28:00,0.0,5.7,10.4,1
2021-09-21 09:46:00,0.0,10.7,27.0,1
2021-09-21 12:30:00,0.0,9.0,26.3,1
2021-09-21 13:16:00,0.0,12.9,29.9,1
2021-09-21 16:42:00,0.0,18.8,35.3,2
2021-09-21 17:33:00,0.0,26.8,47.9,3
2021-09-21 18:46:00,0.0,25.8,54.0,1
2021-09-21 19:24:00,0.0,10.0,20.2,1
2021-09-21 19:49:00,0.0,12.1,31.0,1
2021-09-21 20:07:00,0.0,32.8,60.8,1
2021-09-21 20:22:00,0.0,23.5,51.5,0
2021-09-21 20:50:00,0.0,24.4,50.8,0
2021-09-22 06:47:00,0.0,19.7,42.5,0
2021-09-22 11:33:00,0.0,24.2,55.1,3
2021-09-22 13:54:00,0.0,25.3,51.1,1
2021-09-22 15:25:00,0.0,25.0,53.6,2
2021-09-22 16:11:00,0.0,21.5,46.1,0
2021-09-22 17:03:00,0.0,20.6,46.1,2
2021-09-22 18:53:00,0.0,26.1,47.9,0
2021-09-22 19:04:00,0.0,23.5,45.4,0
2021-09-22 19:17:00,0.0,23.5,45.4,0
2021-09-22 19:25:00,0.0,23.5,45.4,0
2021-09-23 00:23:00,0.0,17.6,39.2,0
2021-09-23 01:37:00,0.0,24.4,50.8,0
2021-09-23 04:34:00,0.0,18.5,36.7,2
2021-09-23 05:26:00,0.0,11.7,22.7,0
2021-09-23 06:35:00,0.0,22.7,42.1,0
2021-09-23 07:21:00,0.0,23.2,41.8,0
2021-09-23 08:34:00,0.0,23.0,45.7,0
2021-09-23 10:33:00,0.0,15.5,36.7,0
2021-09-23 10:45:00,0.0,20.5,47.2,0
2021-09-23 16:38:00,0.0,8.2,21.6,0
2021-09-23 17:08:00,0.0,24.0,45.4,1
2021-09-23 19:39:00,0.0,22.6,43.9,3
2021-09-23 20:36:00,0.0,18.0,37.8,2
2021-09-23 21:38:00,0.0,21.2,40.0,3
2021-09-23 23:11:00,0.0,14.8,29.9,0
2021-09-23 23:39:00,0.0,13.8,28.8,1
2021-09-24 01:45:00,0.0,13.2,25.6,0
2021-09-24 06:47:00,0.0,9.1,19.4,1
2021-09-24 06:59:00,0.0,11.9,23.8,2
2021-09-24 07:09:00,0.0,8.9,16.9,2
2021-09-24 08:15:00,0.0,6.9,19.1,2
2021-09-24 08:15:00,0.0,4.0,15.1,2
2021-09-24 08:27:00,0.0,8.0,21.6,1
2021-09-24 10:56:00,0.0,7.7,23.4,0
2021-09-24 13:29:00,0.0,12.4,32.8,0
2021-09-24 14:22:00,0.0,11.1,32.4,1
2021-09-24 14:48:00,0.0,5.4,22.0,0
2021-09-24 18:01:00,0.0,18.8,47.2,3
2021-09-24 18:38:00,0.0,11.8,27.0,2
2021-09-24 19:10:00,0.0,11.7,24.8,2
2021-09-24 20:24:00,0.0,12.7,23.0,2
2021-09-24 21:08:00,0.0,16.4,44.3,2
2021-09-24 22:06:00,0.0,11.5,29.2,3
2021-09-24 22:59:00,0.0,23.8,46.8,3
2021-09-25 03:29:00,0.0,12.7,26.3,0
2021-09-25 05:52:00,0.1,4.4,10.1,51
2021-09-25 07:46:00,0.0,14.3,26.6,1
2021-09-25 11:28:00,0.0,8.6,23.8,2
2021-09-25 14:37:00,0.0,5.2,25.2,1
2021-09-25 16:28:00,0.1,12.5,31.0,51
2021-09-25 18:33:00,0.0,14.4,25.6,2
2021-09-25 23:52:00,0.0,10.0,23.0,0
2021-09-26 00:41:00,0.0,18.9,37.1,0
2021-09-26 01:06:00,0.0,14.2,28.8,0
2021-09-26 02:56:00,0.0,6.4,8.3,0
2021-09-26 05:07:00,0.0,4.6,9.0,0
2021-09-26 07:08:00,0.0,6.1,12.6,1
2021-09-26 07:36:00,0.0,2.8,9.4,0
2021-09-26 08:22:00,0.0,5.4,19.4,0
2021-09-26 13:41:00,0.0,8.1,27.4,2
2021-09-26 14:58:00,0.2,15.1,31.3,51
2021-09-26 15:51:00,0.3,7.8,37.1,51
2021-09-26 17:02:00,0.0,11.3,22.3,0
2021-09-26 20:48:00,0.0,5.7,9.7,0
2021-09-26 21:28:00,0.0,9.9,12.6,1
2021-09-27 10:00:00,0.0,7.2,23.0,0
2021-09-27 10:48:00,0.0,8.7,25.2,1
2021-09-27 14:26:00,0.0,2.5,18.0,0
2021-09-27 15:25:00,0.0,1.4,14.8,1
2021-09-27 20:33:00,0.0,8.0,18.7,0
2021-09-27 21:03:00,0.0,20.5,37.8,0
2021-09-27 22:41:00,0.0,10.1,16.9,0
2021-09-28 07:03:00,0.0,4.4,13.0,0
2021-09-28 07:07:00,0.0,10.8,21.6,0
2021-09-28 13:51:00,0.0,4.0,19.8,0
2021-09-28 16:51:00,0.0,3.3,19.4,1
2021-09-28 19:22:00,0.0,8.7,9.4,2
2021-09-29 09:41:00,0.0,13.0,19.1,0
2021-09-29 12:43:00,0.0,10.7,30.6,2
2021-09-29 13:02:00,0.0,12.6,33.8,0
2021-09-29 16:09:00,0.0,12.4,32.0,1
2021-09-29 18:29:00,0.0,6.4,21.6,2
2021-09-29 18:58:00,0.0,19.2,44.6,3
2021-09-29 23:37:00,0.0,17.8,43.2,3
2021-09-30 07:50:00,0.0,15.6,32.0,0
2021-09-30 09:23:00,0.0,21.5,45.7,0
2021-09-30 10:08:00,0.0,17.4,41.4,3
2021-09-30 16:27:00,0.0,11.6,26.6,2
2021-09-30 17:28:00,0.0,8.0,20.9,1
2021-09-30 17:58:00,0.0,20.4,43.2,3
2021-10-01 00:09:00,0.0,15.8,33.1,0
2021-10-01 04:05:00,0.0,9.0,10.8,0
2021-10-01 05:43:00,0.0,12.0,21.6,0
2021-10-01 09:39:44,0.0,12.8,31.3,0
2021-10-01 10:38:00,0.0,14.7,35.3,2
2021-10-01 12:48:42,0.0,14.4,43.6,1
2021-10-01 13:57:15,0.0,17.8,42.5,2
2021-10-01 14:05:00,0.0,13.5,36.0,1
2021-10-01 14:44:00,0.0,6.3,30.2,3
2021-10-01 14:46:00,0.0,17.3,45.4,3
2021-10-01 15:19:02,0.1,9.0,38.9,51
2021-10-01 17:20:00,0.1,7.1,36.0,51
2021-10-01 17:57:00,0.5,8.2,34.6,53
2021-10-01 18:54:00,0.4,6.8,33.5,51
2021-10-01 18:59:00,0.9,8.5,24.8,53
2021-10-01 19:41:00,0.1,7.9,18.0,51
2021-10-01 19:57:58,0.0,6.7,15.1,3
2021-10-01 20:11:00,0.0,5.5,9.0,3
2021-10-01 20:39:00,0.0,6.7,27.7,3
2021-10-01 21:00:00,0.0,10.1,10.4,3
2021-10-01 21:22:00,0.0,13.1,9.4,3
2021-10-01 22:07:21,2.7,12.0,25.2,63
2021-10-02 00:09:00,0.0,6.6,15.5,3
2021-10-02 01:14:00,0.0,8.6,17.6,3
2021-10-02 02:54:00,0.0,8.0,15.5,3
2021-10-02 08:12:59,0.0,7.6,20.5,1
2021-10-02 09:00:00,0.0,9.3,18.7,1
2021-10-02 11:25:16,0.0,6.4,20.2,3
2021-10-02 17:41:00,0.3,7.3,22.0,51
2021-10-02 18:17:59,0.0,3.7,17.3,3
2021-10-02 19:14:03,0.0,4.8,9.4,3
2021-10-02 20:04:12,0.0,6.8,12.6,3
2021-10-02 20:42:00,0.0,6.7,15.1,1
2021-10-02 22:23:00,0.0,7.6,13.0,2
2021-10-03 00:21:00,0.0,4.7,8.6,3
2021-10-03 00:26:00,0.0,4.6,12.6,3
2021-10-03 02:50:39,0.0,9.8,18.7,1
2021-10-03 06:02:00,0.0,14.0,25.6,2
2021-10-03 06:18:28,0.0,11.2,21.2,0
2021-10-03 06:44:00,0.0,12.8,22.0,2
2021-10-03 13:34:00,0.0,17.6,41.8,2
2021-10-03 13:42:00,1.0,8.3,28.4,55
2021-10-03 13:54:00,1.0,8.3,28.4,55
2021-10-03 14:08:00,1.4,12.6,35.6,61
2021-10-03 15:21:53,0.0,14.6,45.0,3
2021-10-03 15:27:00,1.5,9.8,30.6,61
2021-10-03 16:01:00,1.8,4.0,28.1,61
2021-10-03 16:09:00,0.0,17.9,40.7,1
2021-10-03 16:33:04,0.0,17.3,38.5,3
2021-10-03 18:03:00,1.0,6.5,31.0,55
2021-10-03 19:08:00,0.6,7.6,28.8,53
2021-10-03 19:18:00,0.3,9.0,25.9,51
2021-10-03 19:23:00,1.7,11.5,38.5,61
2021-10-03 20:20:00,0.7,11.4,22.3,53
2021-10-03 20:34:00,0.4,8.4,23.0,51
2021-10-03 20:59:00,0.8,10.2,20.9,53
2021-10-04 00:13:59,0.3,7.0,34.9,51
2021-10-04 01:15:00,0.3,6.7,12.6,51
2021-10-04 02:59:00,0.2,10.9,18.7,51
2021-10-04 07:20:00,0.0,6.4,13.7,3
2021-10-04 07:28:00,0.0,8.5,16.9,3
2021-10-04 07:58:00,0.0,11.9,20.9,3
2021-10-04 12:24:00,0.2,9.7,37.8,51
2021-10-04 13:32:00,0.9,14.2,59.4,53
2021-10-04 17:51:00,0.0,5.1,15.1,3
2021-10-04 18:07:00,1.0,12.9,41.8,55
2021-10-04 21:48:00,0.5,7.1,24.8,53
2021-10-04 23:51:00,0.1,17.6,31.7,51
2021-10-05 10:42:00,0.0,16.8,40.0,3
2021-10-05 10:44:00,0.0,12.7,29.2,3
2021-10-05 11:23:00,0.0,5.8,23.0,2
2021-10-05 11:40:57,0.0,7.2,24.1,0
2021-10-05 11:47:00,0.0,12.1,29.2,3
2021-10-05 19:15:00,0.0,17.6,36.7,1
2021-10-06 01:32:00,0.0,11.8,22.3,2
2021-10-06 02:59:29,0.0,12.6,24.5,0
2021-10-06 03:03:50,0.0,12.0,23.8,0
2021-10-06 08:13:00,0.0,8.7,20.9,1
2021-10-06 09:49:00,0.0,13.3,33.5,0
2021-10-06 11:24:00,0.0,9.2,25.6,0
2021-10-06 13:19:48,0.0,7.8,24.5,0
2021-10-06 16:01:56,0.0,4.1,15.5,2
2021-10-06 18:02:00,0.0,9.4,18.4,2
2021-10-06 18:44:00,0.0,5.2,9.4,3
2021-10-06 18:58:00,0.0,14.5,40.3,3
2021-10-06 19:26:00,0.0,7.7,11.5,3
2021-10-06 19:35:00,0.0,12.7,29.2,3
2021-10-06 19:35:00,0.0,9.4,19.1,1
2021-10-06 20:29:00,0.0,17.4,34.9,3
2021-10-06 21:01:00,0.0,20.7,30.6,3
2021-10-06 21:03:00,0.1,13.3,15.1,51
2021-10-06 22:00:00,0.0,13.2,37.8,1
2021-10-06 23:51:00,0.2,15.8,28.4,51
2021-10-06 23:57:00,0.0,16.6,33.5,3
2021-10-07 04:13:32,0.0,5.2,10.8,1
2021-10-07 07:54:00,1.5,9.1,18.7,61
2021-10-07 09:39:00,0.0,5.2,16.2,3
2021-10-07 13:35:00,0.4,12.2,27.7,51
2021-10-07 18:44:29,0.0,3.8,10.1,3
2021-10-07 19:11:00,0.0,18.3,37.1,3
2021-10-07 19:21:00,0.0,22.2,39.6,3
2021-10-07 19:58:00,0.0,16.9,36.0,3
2021-10-07 21:14:29,0.0,18.7,32.4,3
2021-10-08 00:15:00,0.0,18.6,37.4,3
2021-10-08 06:19:00,0.0,15.3,29.5,0
2021-10-08 06:20:00,0.0,15.3,29.5,0
2021-10-08 06:55:00,0.0,10.2,18.0,0
2021-10-08 07:09:00,0.0,14.0,24.1,0
2021-10-08 09:25:00,0.0,20.3,42.8,0
2021-10-08 12:46:00,0.0,15.9,37.4,0
2021-10-08 13:45:00,0.0,13.8,34.9,0
2021-10-08 15:25:47,0.0,3.2,18.4,2
2021-10-08 15:49:00,0.0,8.4,24.1,2
2021-10-08 16:41:00,0.0,21.4,48.2,0
2021-10-08 16:50:49,0.0,5.8,19.1,2
2021-10-08 18:23:43,0.0,10.6,26.3,1
2021-10-08 18:43:00,0.0,21.7,41.8,0
2021-10-08 18:44:00,0.0,21.6,45.4,1
2021-10-08 19:11:00,0.0,24.4,43.2,1
2021-10-08 19:48:47,0.0,11.0,20.9,1
2021-10-08 20:25:00,0.0,20.6,42.1,3
2021-10-08 20:32:00,0.0,7.6,13.7,1
2021-10-09 00:52:00,0.0,21.9,41.0,2
2021-10-09 01:28:00,0.0,17.1,27.7,3
2021-10-09 01:39:00,0.0,14.5,33.1,3
2021-10-09 02:30:08,0.0,11.9,23.8,1
2021-10-09 02:51:00,0.0,22.0,40.0,3
2021-10-09 08:22:00,0.0,9.7,26.3,0
2021-10-09 10:26:28,0.0,12.0,33.5,2
2021-10-09 14:18:00,0.0,9.0,31.3,3
2021-10-09 15:59:00,0.0,13.4,29.9,3
2021-10-09 16:22:00,0.1,17.7,34.6,51
2021-10-09 16:44:00,0.0,19.2,41.4,3
2021-10-09 18:05:00,0.0,18.4,40.3,3
2021-10-09 18:07:00,0.0,18.4,40.3,3
2021-10-09 19:03:00,0.0,13.6,24.1,3
2021-10-09 20:57:00,0.3,15.8,38.5,51
2021-10-09 21:00:00,0.2,16.5,36.7,51
2021-10-09 22:57:00,0.7,12.9,28.4,53
2021-10-09 23:34:00,0.6,14.4,28.4,53
2021-10-09 23:48:00,1.2,13.4,28.1,55
2021-10-10 00:05:00,0.5,12.2,26.6,53
2021-10-10 03:17:00,0.3,12.7,24.8,51
2021-10-10 04:48:00,0.1,15.9,32.4,51
2021-10-10 05:12:00,0.0,16.6,29.5,3
2021-10-10 06:05:00,0.0,11.5,18.7,3
2021-10-10 06:36:00,0.0,7.4,14.4,3
2021-10-10 06:42:00,0.0,11.0,21.6,3
2021-10-10 14:41:00,0.1,20.0,42.8,51
2021-10-10 14:53:00,1.9,6.8,18.7,61
2021-10-10 15:14:00,0.0,20.1,42.1,3
2021-10-10 15:17:31,2.7,10.4,26.3,63
2021-10-10 17:10:00,1.9,16.4,28.4,61
2021-10-10 22:38:06,0.8,13.7,24.5,53
2021-10-10 23:04:00,0.3,20.4,36.7,51
2021-10-11 00:11:00,0.1,19.1,37.4,51
2021-10-11 00:37:00,0.2,15.2,32.0,51
2021-10-11 02:50:28,0.0,11.5,25.9,3
2021-10-11 04:55:00,0.1,16.4,32.4,51
2021-10-11 05:01:00,0.1,17.6,34.2,51
2021-10-11 06:36:00,0.0,17.7,36.4,3
2021-10-11 08:11:00,0.0,19.2,37.1,1
2021-10-11 11:24:00,0.8,17.6,38.5,53
2021-10-11 12:57:00,0.3,4.7,21.6,51
2021-10-11 14:41:00,0.1,16.3,37.1,51
2021-10-11 18:31:00,0.0,13.4,28.4,2
2021-10-11 20:23:09,0.0,11.9,26.6,0
2021-10-11 20:32:10,0.0,9.9,19.4,1
2021-10-12 04:24:00,0.0,6.7,11.9,1
2021-10-12 04:59:00,0.0,8.8,18.7,2
2021-10-12 10:14:00,0.0,8.0,23.8,3
2021-10-12 16:09:35,0.0,6.2,16.6,0
2021-10-12 17:09:41,0.0,3.3,9.0,1
2021-10-12 17:47:00,0.0,8.4,15.5,1
2021-10-12 20:26:00,0.0,11.0,20.5,1
2021-10-12 20:32:00,0.0,10.4,16.6,0
2021-10-12 21:28:00,0.0,17.7,21.2,0
2021-10-12 22:08:00,0.0,17.7,31.0,0
2021-10-12 23:01:00,0.0,18.5,33.5,0
2021-10-13 00:35:00,0.0,7.2,14.8,0
2021-10-13 01:46:00,0.0,6.8,11.5,3
2021-10-13 07:18:00,0.0,10.0,19.8,0
2021-10-13 07:26:00,0.0,11.1,19.4,0
2021-10-13 07:47:00,0.0,8.4,18.0,0
2021-10-13 08:16:00,0.0,14.3,27.0,0
2021-10-13 09:58:00,0.0,10.4,26.6,0
2021-10-13 17:10:00,0.0,5.5,11.5,0
2021-10-13 17:59:00,0.0,5.5,16.2,1
2021-10-13 19:35:00,0.0,14.2,31.3,2
2021-10-14 04:00:11,0.0,8.7,13.3,3
2021-10-14 04:03:00,0.0,6.8,9.7,3
2021-10-14 06:52:55,0.0,10.9,19.8,3
2021-10-14 07:06:00,0.0,17.1,28.1,3
2021-10-14 07:10:00,0.0,9.5,18.0,3
2021-10-14 07:28:00,0.0,11.9,19.8,3
2021-10-14 08:11:00,0.0,10.9,24.5,3
2021-10-14 08:31:00,0.0,18.7,32.4,3
2021-10-14 11:25:25,0.0,22.5,47.2,3
2021-10-14 18:23:00,0.1,14.2,23.4,51
2021-10-14 20:20:00,0.0,9.4,24.5,3
2021-10-14 20:58:00,0.0,7.9,25.9,3
2021-10-14 21:23:17,0.0,11.7,24.5,3
2021-10-14 22:54:56,0.0,10.8,19.4,3
2021-10-14 23:43:00,0.0,18.1,33.8,3
2021-10-14 23:55:00,0.0,18.1,33.8,3
2021-10-15 00:00:00,0.0,7.3,16.6,3
2021-10-15 01:55:07,0.0,9.8,20.9,3
2021-10-15 07:04:00,0.0,7.1,14.8,3
2021-10-15 08:03:00,0.0,10.6,21.2,3
2021-10-15 08:52:00,0.0,11.3,24.1,2
2021-10-15 10:39:00,0.0,18.7,40.0,2
2021-10-15 11:12:00,0.0,17.3,37.8,2
2021-10-15 11:37:00,0.0,18.9,41.0,3
2021-10-15 12:00:00,0.0,19.5,42.1,3
2021-10-15 12:24:00,0.0,17.2,40.7,3
2021-10-15 13:28:00,0.0,19.7,42.8,3
2021-10-15 14:05:00,0.2,15.9,38.5,51
2021-10-15 14:38:00,0.0,17.4,42.5,3
2021-10-15 16:15:40,0.2,17.9,37.4,51
2021-10-15 16:32:29,0.0,13.0,34.2,3
2021-10-15 17:41:00,0.0,3.5,18.0,3
2021-10-15 18:32:00,1.3,4.1,31.7,61
2021-10-15 19:01:18,1.6,12.2,40.0,61
2021-10-15 19:06:00,0.5,3.1,14.0,53
2021-10-15 22:25:00,1.5,1.8,18.4,61
2021-10-15 22:57:00,4.0,4.7,25.6,63
2021-10-15 23:44:00,0.1,16.8,29.9,51
2021-10-15 23:52:25,0.3,4.5,10.1,51
2021-10-16 01:35:00,0.9,13.6,25.2,53
2021-10-16 06:56:00,0.6,7.6,18.7,53
2021-10-16 09:38:00,0.0,18.8,41.8,1
2021-10-16 11:05:59,0.0,12.1,29.2,2
2021-10-16 11:13:24,0.0,12.1,29.2,2
2021-10-16 11:44:00,0.0,11.3,29.9,3
2021-10-16 12:19:00,0.2,12.4,31.3,51
2021-10-16 16:58:47,0.5,11.5,31.7,53
2021-10-16 17:34:00,0.7,16.0,35.3,53
2021-10-16 17:43:00,0.5,18.1,38.5,53
2021-10-16 18:27:00,0.0,3.3,10.1,3
2021-10-16 19:27:00,0.1,16.6,33.1,51
2021-10-16 22:08:00,0.0,23.5,40.7,3
2021-10-16 23:15:00,0.0,18.6,33.8,3
2021-10-16 23:36:00,0.0,17.1,37.8,3
2021-10-17 01:08:14,0.2,9.0,18.7,51
2021-10-17 03:01:00,0.0,17.3,34.6,3
2021-10-17 05:03:00,0.0,15.0,33.1,3
2021-10-17 05:44:00,0.0,16.6,33.1,3
2021-10-17 05:46:00,0.0,11.1,20.5,3
2021-10-17 06:02:00,0.0,12.8,20.2,3
2021-10-17 07:26:00,0.0,16.1,27.4,0
2021-10-17 07:49:48,0.0,11.6,23.8,2
2021-10-17 10:24:00,0.0,12.8,29.2,3
2021-10-17 11:59:00,0.0,15.8,26.6,3
2021-10-17 14:26:58,0.2,4.2,12.6,51
2021-10-17 14:36:17,0.2,4.2,12.6,51
2021-10-17 18:31:00,0.0,18.7,39.6,3
2021-10-17 20:29:00,0.0,19.1,33.8,3
2021-10-17 22:14:00,0.0,13.0,32.8,3
2021-10-18 06:20:00,1.1,15.4,33.1,55
2021-10-18 08:26:00,1.2,14.0,32.4,55
2021-10-18 08:32:00,3.0,15.3,25.9,63
2021-10-18 09:46:00,0.5,19.0,37.8,53
2021-10-18 10:05:00,3.9,14.5,30.6,63
2021-10-18 13:42:00,0.3,19.4,38.9,51
2021-10-18 14:29:00,0.6,15.3,29.9,53
2021-10-18 15:01:00,0.4,17.1,37.1,51
2021-10-18 17:38:41,0.0,15.3,30.2,1
2021-10-18 22:09:00,0.1,14.9,29.9,51
2021-10-19 00:12:00,0.0,21.0,37.8,3
2021-10-19 08:09:00,0.0,17.8,34.9,3
2021-10-19 14:23:00,0.2,21.9,43.6,51
2021-10-19 14:29:00,0.7,21.3,43.6,53
2021-10-19 16:53:46,0.0,18.8,40.7,3
2021-10-19 17:34:00,0.5,23.4,49.3,53
2021-10-19 17:52:00,0.2,21.9,45.4,51
2021-10-19 18:15:14,0.1,1.8,19.8,51
2021-10-19 18:50:00,0.4,18.9,49.0,51
2021-10-19 18:59:00,0.4,18.9,49.0,51
2021-10-19 20:22:00,0.1,30.1,53.3,51
2021-10-19 20:50:00,0.1,25.3,46.8,51
2021-10-19 23:25:00,0.1,19.2,39.6,51
2021-10-19 23:47:00,0.1,24.2,41.0,51
2021-10-20 06:48:00,0.0,16.8,33.5,3
2021-10-20 07:33:59,0.0,12.3,25.2,0
2021-10-20 07:47:00,0.0,17.1,33.5,3
2021-10-20 08:05:22,0.0,14.4,30.2,0
2021-10-20 09:52:00,0.0,13.2,25.9,3
2021-10-20 11:22:00,0.0,19.1,46.4,3
2021-10-20 14:30:00,0.0,22.7,44.6,3
2021-10-20 15:00:00,0.0,21.2,38.2,3
2021-10-20 15:19:00,0.0,21.2,38.2,3
2021-10-20 17:44:00,0.0,21.1,39.2,1
2021-10-20 18:23:00,0.0,19.6,41.4,3
2021-10-20 19:05:00,0.0,18.2,31.7,0
2021-10-20 19:19:27,0.0,13.7,27.4,0
2021-10-20 19:43:00,0.0,20.6,40.7,0
2021-10-20 20:19:00,0.0,13.7,25.6,0
2021-10-20 20:58:00,0.0,19.9,34.2,1
2021-10-21 02:40:00,0.0,7.2,9.7,3
2021-10-21 06:33:00,0.0,12.4,19.1,3
2021-10-21 06:41:00,0.0,12.4,19.1,3
2021-10-21 07:13:00,0.0,18.8,34.9,3
2021-10-21 07:35:43,0.0,12.6,24.1,0
2021-10-21 07:42:00,0.0,15.6,28.8,3
2021-10-21 11:15:56,0.0,2.2,23.4,1
2021-10-21 11:31:00,0.1,3.0,17.6,51
2021-10-21 11:49:00,0.0,5.4,25.9,2
2021-10-21 16:01:00,0.0,6.6,15.8,0
2021-10-21 17:25:45,0.0,8.3,17.6,1
2021-10-21 17:52:00,0.0,8.9,15.8,1
2021-10-21 20:02:00,0.0,22.3,39.6,0
2021-10-21 20:45:00,0.0,14.3,28.8,2
2021-10-21 20:49:00,0.0,17.7,34.2,0
2021-10-21 21:13:00,0.0,18.1,30.6,0
2021-10-21 21:42:00,0.0,20.6,36.7,0
2021-10-21 23:41:00,0.0,9.5,14.4,0
2021-10-22 06:27:00,0.0,6.3,10.4,3
2021-10-22 06:54:00,0.0,12.3,22.3,0
2021-10-22 07:00:00,0.0,10.4,21.6,0
2021-10-22 07:27:00,0.0,7.5,15.1,3
2021-10-22 07:59:00,0.0,10.4,21.6,0
2021-10-22 08:11:00,0.0,7.2,19.4,0
2021-10-22 12:23:00,0.0,7.6,20.5,1
2021-10-22 12:31:00,0.0,5.8,18.4,1
2021-10-22 17:38:00,0.0,6.8,11.9,0
2021-10-22 18:51:00,0.0,8.5,14.0,0
2021-10-22 19:59:00,0.0,9.5,29.9,0
2021-10-23 01:35:00,0.0,22.2,40.7,0
2021-10-23 02:32:31,0.0,6.7,11.2,0
2021-10-23 03:05:00,0.0,15.3,28.8,0
2021-10-23 04:21:00,0.0,7.0,16.2,0
2021-10-23 04:30:55,0.0,5.9,9.4,0
2021-10-23 04:47:00,0.0,15.7,31.3,0
2021-10-23 08:18:00,0.0,6.3,17.3,0
2021-10-23 08:26:00,0.0,6.3,17.3,0
2021-10-23 13:07:00,0.0,19.5,46.4,1
2021-10-23 13:14:00,0.0,21.9,40.7,0
2021-10-23 13:52:00,0.0,19.5,46.4,1
2021-10-23 16:16:00,0.0,16.9,36.0,3
2021-10-23 16:42:00,0.0,15.3,37.4,1
2021-10-23 17:09:00,0.0,8.9,29.2,3
2021-10-24 00:53:00,0.0,12.9,22.7,3
2021-10-24 01:17:00,0.0,19.9,28.4,3
2021-10-24 02:15:00,0.0,13.2,32.8,3
2021-10-24 03:23:32,0.3,15.1,43.2,51
2021-10-24 04:09:00,1.2,4.1,24.1,55
2021-10-24 05:10:00,1.7,6.6,33.5,61
2021-10-24 07:11:29,0.0,3.1,11.9,3
2021-10-24 09:25:00,0.0,10.4,40.7,3
2021-10-24 11:21:21,0.8,8.0,18.7,53
2021-10-24 15:04:00,0.0,9.5,24.5,3
2021-10-24 17:20:00,0.1,9.1,21.2,51
2021-10-24 18:50:00,0.0,21.1,42.8,3
2021-10-24 18:51:00,0.0,6.8,27.0,3
2021-10-24 19:12:00,0.0,7.3,18.7,3
2021-10-24 20:28:00,0.0,17.2,36.7,3
2021-10-24 20:58:00,0.0,17.2,36.7,3
2021-10-24 22:53:38,0.0,3.6,6.8,3
2021-10-25 01:15:00,0.0,23.9,42.8,3
2021-10-25 01:52:00,0.0,18.9,37.4,3
2021-10-25 07:06:00,0.0,17.7,29.5,3
2021-10-25 07:10:00,0.0,22.1,40.7,0
2021-10-25 09:52:00,0.0,14.0,33.8,0
2021-10-25 11:51:00,0.0,17.6,41.4,3
2021-10-25 15:28:00,0.0,11.7,29.2,1
2021-10-25 16:50:00,0.0,12.1,24.1,3
2021-10-25 18:18:00,0.0,6.4,13.3,2
2021-10-25 18:46:00,0.0,2.9,11.2,2
2021-10-25 19:11:00,0.0,17.4,36.0,0
2021-10-25 19:15:00,0.0,16.6,31.7,1
2021-10-25 19:50:00,0.0,17.8,37.4,1
2021-10-25 20:03:33,0.0,2.9,11.5,1
2021-10-26 00:15:37,0.0,8.1,18.0,2
2021-10-26 02:49:00,0.0,5.2,11.2,1
2021-10-26 03:21:19,0.0,11.3,24.1,2
2021-10-26 07:51:00,0.0,8.9,19.1,0
2021-10-26 11:37:00,0.0,4.0,19.1,0
2021-10-26 11:46:00,0.0,8.0,22.0,1
2021-10-26 16:22:00,1.3,15.8,29.2,61
2021-10-26 17:23:00,0.4,18.4,37.4,51
2021-10-26 17:25:00,7.6,4.7,21.6,65
2021-10-26 17:33:21,0.1,6.6,19.1,51
2021-10-26 20:36:32,0.0,11.0,19.4,2
2021-10-27 00:02:48,0.0,9.0,20.2,3
2021-10-27 02:27:00,1.1,14.8,32.4,55
2021-10-27 06:16:00,0.0,9.0,16.2,3
2021-10-27 06:48:00,0.0,7.4,15.8,3
2021-10-27 10:24:00,0.1,10.1,27.4,51
2021-10-27 13:10:00,0.1,6.0,16.2,51
2021-10-27 14:06:00,3.7,20.5,38.5,63
2021-10-27 16:08:00,1.8,18.1,39.6,61
2021-10-27 16:29:00,1.8,18.1,39.6,61
2021-10-27 17:29:43,3.8,5.0,11.9,63
2021-10-27 18:17:00,0.9,14.5,29.2,53
2021-10-27 18:21:00,1.2,7.0,19.8,55
2021-10-27 19:30:00,0.5,11.8,25.6,53
2021-10-27 20:11:00,3.8,12.6,21.2,63
2021-10-27 21:33:00,0.7,15.3,32.0,53
2021-10-27 21:38:00,1.0,11.0,19.8,55
2021-10-28 02:14:48,2.6,11.5,21.2,63
2021-10-28 04:16:00,0.1,10.7,23.8,51
2021-10-28 06:59:00,0.0,7.5,11.5,3
2021-10-28 07:03:44,0.0,6.0,12.6,3
2021-10-28 11:12:00,0.0,8.4,24.5,3
2021-10-28 11:33:00,0.0,9.1,23.0,3
2021-10-28 12:30:00,0.0,5.1,15.8,3
2021-10-28 15:25:00,0.9,9.4,20.2,53
2021-10-28 17:25:00,0.2,10.0,26.3,51
2021-10-28 18:46:03,0.0,6.1,14.8,3
2021-10-28 20:30:18,0.4,9.2,22.3,51
2021-10-28 20:59:33,0.0,14.5,25.9,3
2021-10-28 23:02:00,0.0,13.0,23.4,3
2021-10-29 01:26:00,0.0,14.7,27.7,3
2021-10-29 05:37:00,0.0,7.9,13.3,3
2021-10-29 06:58:40,0.0,12.0,22.3,3
2021-10-29 07:18:11,0.0,10.4,20.9,0
2021-10-29 07:32:52,0.0,10.4,20.9,0
2021-10-29 07:59:40,0.0,10.4,20.9,0
2021-10-29 09:11:00,0.0,8.0,18.0,0
2021-10-29 10:08:25,0.0,10.2,27.0,2
2021-10-29 12:32:00,0.0,7.6,21.2,1
2021-10-29 13:30:00,0.0,6.5,18.7,0
2021-10-29 16:35:00,0.4,17.8,34.9,51
2021-10-29 16:41:00,0.1,16.4,31.0,51
2021-10-29 18:56:00,0.0,17.7,40.7,1
2021-10-29 19:05:00,0.0,16.8,33.5,2
2021-10-29 19:23:41,0.0,14.5,29.9,0
2021-10-29 20:28:00,0.0,20.8,37.1,2
2021-10-29 21:09:00,0.0,16.6,37.4,3
2021-10-29 21:24:00,0.0,21.8,38.2,3
2021-10-29 21:48:00,0.1,7.0,9.7,51
2021-10-30 05:20:00,0.0,10.7,19.8,3
2021-10-30 05:38:00,0.0,14.7,26.3,2
2021-10-30 09:02:24,0.0,15.2,32.0,0
2021-10-30 09:33:27,0.0,1.9,15.8,0
2021-10-30 14:00:00,0.6,10.2,23.8,53
2021-10-30 14:54:00,0.2,8.8,20.5,51
2021-10-30 23:22:00,0.0,16.1,29.9,3
2021-10-31 00:47:00,0.0,19.9,39.2,3
2021-10-31 03:21:49,0.3,7.2,15.1,51
2021-10-31 04:36:12,0.1,6.8,13.3,51
2021-10-31 05:44:23,1.8,7.3,16.2,61
2021-10-31 06:00:00,0.0,10.4,19.4,3
2021-10-31 06:34:00,0.1,12.9,22.0,51
2021-10-31 06:40:00,4.5,8.2,16.2,63
2021-10-31 06:59:00,0.0,7.8,12.6,3
2021-10-31 08:03:00,0.1,8.5,16.2,51
2021-10-31 08:16:00,0.0,12.2,27.0,3
2021-10-31 08:22:12,2.7,5.5,13.3,63
2021-10-31 08:28:00,1.4,6.6,15.1,61
2021-10-31 10:47:00,0.6,7.4,27.4,53
2021-10-31 10:54:00,2.3,4.7,20.9,61
2021-10-31 13:06:00,1.5,9.9,24.8,61
2021-10-31 13:17:00,2.0,7.6,18.0,61
2021-10-31 13:22:47,1.7,10.8,23.4,61
2021-10-31 13:28:00,1.4,7.6,16.6,61
2021-10-31 14:31:00,0.8,4.9,11.9,53
2021-10-31 14:32:00,0.8,4.9,11.9,53
2021-10-31 14:40:00,0.5,10.3,20.5,53
2021-10-31 15:23:00,0.8,10.3,18.0,53
2021-10-31 15:26:00,0.5,7.0,16.9,53
2021-10-31 16:04:00,0.8,14.3,24.8,53
2021-10-31 21:01:00,0.0,13.8,28.4,3
2021-11-01 00:46:00,0.2,15.5,28.1,51
2021-11-01 02:31:00,2.7,17.5,31.0,63
2021-11-01 05:05:10,9.5,9.4,21.6,65
2021-11-01 05:15:00,2.7,10.6,17.6,63
2021-11-01 07:52:00,0.3,17.1,29.5,51
2021-11-01 07:58:46,0.0,4.0,10.1,3
2021-11-01 08:48:00,1.9,13.0,27.7,61
2021-11-01 09:23:00,0.1,14.0,30.6,51
2021-11-01 10:41:00,0.2,13.1,29.9,51
2021-11-01 12:04:32,0.1,3.2,19.4,51
2021-11-01 13:56:00,0.2,11.7,31.0,51
2021-11-01 15:11:41,0.0,8.4,26.3,2
2021-11-01 15:44:26,1.4,5.1,22.7,61
2021-11-01 17:26:00,4.6,11.9,23.8,63
2021-11-01 17:53:00,0.6,7.3,25.2,53
2021-11-01 20:37:00,0.0,15.6,28.1,3
2021-11-02 03:02:00,0.0,9.9,16.9,0
2021-11-02 04:08:00,0.0,9.4,17.3,0
2021-11-02 05:29:00,0.0,8.8,14.4,0
2021-11-02 06:41:00,0.0,13.8,26.3,3
2021-11-02 06:43:21,0.0,7.4,13.0,0
2021-11-02 07:42:00,0.1,18.6,30.6,51
2021-11-02 10:08:10,0.0,4.1,19.4,2
2021-11-02 18:13:00,0.0,17.8,47.2,1
2021-11-02 18:26:00,0.0,21.9,38.9,0
2021-11-02 18:46:00,0.0,21.7,36.0,0
2021-11-02 21:07:00,0.0,21.1,36.7,1
2021-11-02 21:54:00,0.0,12.0,29.2,3
2021-11-02 21:57:00,0.0,21.1,36.7,1
2021-11-03 06:38:00,0.0,16.6,29.5,2
2021-11-03 07:48:00,0.0,12.4,21.2,1
2021-11-03 08:10:00,0.0,20.5,38.2,1
2021-11-03 08:29:49,0.0,9.8,23.0,3
2021-11-03 09:18:00,0.0,15.1,36.0,0
2021-11-03 09:55:00,0.0,16.9,36.7,1
2021-11-03 14:19:00,0.0,8.3,20.2,2
2021-11-03 16:09:05,0.0,9.4,23.0,0
2021-11-03 17:18:00,0.0,13.7,30.6,0
2021-11-03 19:05:01,0.0,9.4,23.8,0
2021-11-04 07:12:00,0.0,3.3,12.2,0
2021-11-04 13:27:00,0.0,9.0,23.0,0
2021-11-04 14:30:00,0.0,6.1,17.3,0
2021-11-04 16:00:49,0.0,11.4,28.4,0
2021-11-04 19:38:00,0.0,10.5,20.2,0
2021-11-05 02:01:00,0.0,5.0,9.4,1
2021-11-05 04:36:00,0.0,12.9,22.7,3
2021-11-05 05:26:40,0.0,9.3,18.0,0
2021-11-05 10:04:04,0.0,9.7,26.6,0
2021-11-05 11:30:00,0.0,11.5,28.1,0
2021-11-05 11:53:00,0.0,11.5,28.1,0
2021-11-05 13:53:00,0.0,10.5,24.5,1
2021-11-05 14:05:07,0.0,8.9,23.4,3
2021-11-05 14:50:00,0.0,12.7,27.4,3
2021-11-05 14:51:36,0.0,7.5,20.5,3
2021-11-05 15:03:00,0.0,8.4,22.0,3
2021-11-05 15:07:32,0.0,12.2,27.4,3
2021-11-05 17:58:00,0.0,13.8,28.4,0
2021-11-05 18:01:00,0.0,11.8,24.8,0
2021-11-05 18:14:00,0.0,7.2,20.5,0
2021-11-05 18:27:00,0.0,11.7,26.6,0
2021-11-05 18:30:00,0.0,14.7,31.0,0
2021-11-05 19:06:00,0.0,13.7,27.4,0
2021-11-05 20:10:51,0.0,11.6,22.3,0
2021-11-05 20:15:00,0.0,11.9,24.8,0
2021-11-05 21:37:02,0.0,10.1,22.0,0
2021-11-05 21:40:00,0.0,10.4,19.4,0
2021-11-06 00:08:00,0.0,6.7,17.3,1
2021-11-06 00:31:00,0.0,5.4,8.6,1
2021-11-06 03:32:00,0.0,7.4,14.4,3
2021-11-06 13:55:08,0.0,6.6,24.1,3
2021-11-06 16:18:00,0.0,12.6,24.1,3
2021-11-06 18:32:59,0.0,9.3,23.8,1
2021-11-06 21:11:00,0.0,20.4,29.5,3
2021-11-06 22:12:00,0.0,15.7,26.3,3
2021-11-06 22:27:00,0.0,20.7,34.9,3
2021-11-06 22:53:00,0.0,23.5,40.7,3
2021-11-07 00:29:00,0.0,11.2,21.6,3
2021-11-07 04:52:00,0.0,22.7,42.1,1
2021-11-07 06:39:00,0.0,10.3,17.3,0
2021-11-07 15:33:00,0.0,22.7,38.9,1
2021-11-07 17:03:00,0.0,12.9,29.9,1
2021-11-07 18:06:41,0.0,11.7,26.6,0
2021-11-07 18:58:00,0.0,20.9,43.6,0
2021-11-07 21:02:00,0.0,6.2,27.7,1
2021-11-07 21:42:00,0.0,17.4,34.6,0
2021-11-07 21:52:00,0.0,13.3,24.1,2
2021-11-07 22:43:00,0.0,25.1,45.4,0
2021-11-07 23:18:00,0.0,13.8,28.1,0
2021-11-08 07:27:00,0.0,12.9,27.7,2
2021-11-08 10:34:28,0.0,5.4,19.1,2
2021-11-08 15:16:00,0.0,9.5,22.3,2
2021-11-08 18:10:34,0.0,10.0,21.2,2
2021-11-08 18:14:00,0.0,23.1,39.2,2
2021-11-08 18:18:00,0.0,23.8,45.4,2
2021-11-08 20:44:00,0.0,13.8,33.5,3
2021-11-09 05:15:00,0.0,14.5,27.4,0
2021-11-09 12:25:00,0.0,5.4,19.1,1
2021-11-09 15:46:00,0.0,18.5,41.0,3
2021-11-09 16:04:00,0.0,20.2,41.0,2
2021-11-09 16:04:27,0.0,11.9,24.5,2
2021-11-09 18:27:00,0.0,22.5,38.9,1
2021-11-09 20:34:00,0.0,15.8,33.5,3
2021-11-10 02:09:19,0.2,9.4,24.1,51
2021-11-10 02:27:00,0.0,12.3,22.0,3
2021-11-10 05:20:00,0.0,10.0,20.9,3
2021-11-10 06:57:00,0.0,12.5,21.2,2
2021-11-10 07:41:00,0.0,18.2,36.7,3
2021-11-10 08:04:00,0.0,16.3,36.0,2
2021-11-10 08:10:00,0.0,14.3,31.0,3
2021-11-10 09:41:55,0.0,8.9,25.9,1
2021-11-10 11:22:28,0.0,6.0,21.6,3
2021-11-10 14:52:00,0.0,27.3,45.7,3
2021-11-10 18:01:42,0.0,6.0,11.2,0
2021-11-10 18:08:00,1.2,11.7,30.6,55
2021-11-10 18:08:53,0.0,6.8,14.4,3
2021-11-10 18:18:00,0.0,23.2,47.5,3
2021-11-10 18:19:04,0.0,8.4,18.0,3
2021-11-10 18:57:00,0.0,21.1,46.8,3
2021-11-10 19:16:39,0.0,12.2,27.0,3
2021-11-10 21:24:39,0.0,14.8,34.9,3
2021-11-11 01:21:25,0.0,10.6,26.6,3
2021-11-11 03:56:00,0.0,20.1,36.4,3
2021-11-11 06:53:00,0.0,18.0,32.4,3
2021-11-11 07:23:00,0.0,19.3,41.0,3
2021-11-11 11:02:41,1.2,12.3,24.5,55
2021-11-11 17:37:21,0.4,11.2,23.8,51
2021-11-11 18:21:00,0.4,22.7,39.6,51
2021-11-11 18:46:11,0.1,12.0,23.4,51
2021-11-11 19:14:08,0.0,11.5,22.7,3
2021-11-11 19:17:00,2.4,1.1,9.4,61
2021-11-11 19:27:00,0.2,20.4,33.8,51
2021-11-11 20:58:50,0.3,17.7,32.0,51
2021-11-11 21:43:00,0.0,18.2,31.3,3
2021-11-11 21:58:10,0.1,13.8,26.6,51
2021-11-11 23:02:00,0.0,15.0,31.3,3
2021-11-11 23:52:24,0.0,11.8,25.6,3
2021-11-12 06:21:22,0.0,14.3,26.6,3
2021-11-12 06:56:00,0.0,15.8,27.0,3
2021-11-12 07:09:00,0.0,28.3,50.4,3
2021-11-12 08:52:00,0.0,27.9,51.1,3
2021-11-12 08:54:52,0.0,13.5,29.9,3
2021-11-12 09:12:07,0.0,13.4,29.5,3
2021-11-12 09:36:22,0.0,13.6,30.2,3
2021-11-12 10:26:00,0.0,20.9,41.0,3
2021-11-12 16:41:00,0.0,15.9,34.6,3
2021-11-12 17:46:00,0.0,22.9,45.4,3
2021-11-12 20:00:00,0.0,20.4,47.9,0
2021-11-12 22:55:00,0.0,23.6,42.8,2
2021-11-13 04:51:00,0.0,15.6,29.5,3
2021-11-13 06:57:00,0.0,12.0,18.7,3
2021-11-13 10:03:55,0.0,8.9,24.8,3
2021-11-13 12:15:00,0.0,16.1,40.3,0
2021-11-13 15:39:00,0.0,20.4,42.8,0
2021-11-13 17:14:00,0.0,23.7,41.0,3
2021-11-13 17:38:21,0.0,13.8,30.2,3
2021-11-13 18:08:00,0.0,24.0,41.0,3
2021-11-13 18:17:51,0.0,5.3,19.1,0
2021-11-13 18:47:00,0.0,24.3,41.0,2
2021-11-13 19:07:00,0.0,23.5,43.2,0
2021-11-13 20:04:37,0.0,21.3,39.6,0
2021-11-13 23:18:00,0.0,17.9,37.4,1
2021-11-14 03:39:13,0.0,9.9,21.6,3
2021-11-14 05:55:00,0.0,6.4,10.1,0
2021-11-14 05:56:00,0.0,10.7,21.6,0
2021-11-14 06:58:00,0.0,8.9,16.2,0
2021-11-14 14:14:22,0.0,5.4,21.2,0
2021-11-14 14:59:00,0.0,1.6,13.7,0
2021-11-14 17:39:00,0.0,22.6,46.4,3
2021-11-14 18:58:00,0.0,20.5,46.1,2
2021-11-14 21:15:00,0.0,8.0,17.6,1
2021-11-14 22:39:00,0.0,27.9,49.7,3
2021-11-14 23:06:00,0.0,12.4,30.2,3
2021-11-14 23:33:00,0.0,23.8,41.0,3
2021-11-15 00:55:00,0.0,23.9,43.9,3
2021-11-15 01:32:00,0.0,11.8,23.8,3
2021-11-15 05:31:00,0.0,10.1,19.8,3
2021-11-15 09:20:00,0.0,13.5,29.5,1
2021-11-15 11:38:00,0.0,7.0,25.9,3
2021-11-15 23:05:00,0.0,18.0,37.8,3
2021-11-16 01:31:00,0.0,12.9,22.3,3
2021-11-16 07:54:32,0.0,5.5,13.7,3
2021-11-16 08:02:00,0.0,15.3,30.2,3
2021-11-16 08:03:00,0.0,13.4,28.1,3
2021-11-16 08:04:00,0.0,8.9,23.0,3
2021-11-16 08:43:12,0.0,11.8,25.2,3
2021-11-16 10:39:00,0.0,12.4,29.9,2
2021-11-16 11:13:19,0.0,7.6,28.4,1
2021-11-16 17:14:00,0.0,11.6,24.8,1
2021-11-17 04:58:00,0.0,5.9,10.8,1
2021-11-17 05:12:39,0.0,6.3,10.4,1
2021-11-17 05:51:00,0.0,13.4,27.4,0
2021-11-17 06:53:00,0.0,8.8,15.1,2
2021-11-17 06:56:00,0.0,9.7,16.6,1
2021-11-17 07:07:00,0.0,7.1,16.2,2
2021-11-17 08:10:00,0.0,16.6,36.0,1
2021-11-17 10:35:00,0.0,17.3,39.2,2
2021-11-17 13:46:00,0.0,9.0,27.4,1
2021-11-17 16:12:00,0.0,1.3,14.4,3
2021-11-17 19:18:33,0.0,5.7,9.7,3
2021-11-17 19:20:25,0.0,9.3,15.1,3
2021-11-18 04:10:51,0.0,6.6,11.2,3
2021-11-18 04:35:50,0.0,8.7,15.8,3
2021-11-18 06:07:00,1.8,5.6,20.2,61
2021-11-18 07:10:00,0.3,5.9,22.7,51
2021-11-18 07:48:05,1.1,4.8,11.5,55
2021-11-18 08:34:00,0.4,8.2,18.0,51
2021-11-18 08:41:00,0.0,15.2,32.0,3
2021-11-18 08:54:00,0.1,10.8,24.5,51
2021-11-18 08:55:00,0.3,6.7,16.9,51
2021-11-18 09:03:00,0.4,5.9,22.3,51
2021-11-18 10:00:00,0.2,11.6,22.7,51
2021-11-18 10:36:00,1.1,12.2,28.4,55
2021-11-18 10:38:00,0.9,9.2,21.6,53
2021-11-18 10:43:31,0.4,10.5,29.2,51
2021-11-18 10:47:00,0.9,9.2,21.6,53
2021-11-18 10:50:00,0.9,9.2,21.6,53
2021-11-18 11:46:00,0.3,12.3,25.2,51
2021-11-18 12:42:38,0.0,14.7,37.1,2
2021-11-18 13:10:27,4.3,16.1,37.8,63
2021-11-18 13:24:00,0.8,14.7,37.4,53
2021-11-18 13:36:00,0.2,17.4,34.6,51
2021-11-18 14:29:00,4.4,13.8,36.4,63
2021-11-18 14:56:00,3.0,10.4,37.8,63
2021-11-18 15:29:15,4.8,8.2,33.5,63
2021-11-18 16:18:13,0.1,13.2,28.1,51
2021-11-18 16:23:18,4.8,10.2,30.6,63
2021-11-18 17:03:00,0.9,11.4,23.4,53
2021-11-18 17:08:00,0.9,11.4,23.4,53
2021-11-18 18:39:42,1.6,6.3,14.0,61
2021-11-18 20:17:00,0.1,8.1,14.4,51
2021-11-18 22:12:00,0.5,11.4,24.1,53
2021-11-19 00:14:00,1.0,14.2,24.8,55
2021-11-19 00:19:00,0.3,8.2,18.0,51
2021-11-19 05:38:24,1.9,16.1,30.6,61
2021-11-19 07:15:46,0.3,11.2,20.9,51
2021-11-19 07:16:39,0.6,17.7,33.8,53
2021-11-19 07:36:00,0.1,10.4,20.5,51
2021-11-19 08:53:35,1.2,15.0,29.9,55
2021-11-19 09:11:00,0.2,6.6,19.8,51
2021-11-19 10:33:00,0.3,8.0,21.6,51
2021-11-19 10:38:00,0.9,9.4,22.7,53
2021-11-19 13:56:00,0.6,8.7,21.6,53
2021-11-19 13:57:00,2.6,7.0,39.2,63
2021-11-19 14:46:00,0.4,9.8,25.9,51
2021-11-19 17:43:00,0.3,18.7,36.7,51
2021-11-19 17:56:57,0.6,4.4,28.4,53
2021-11-19 18:02:23,0.5,3.6,12.6,53
2021-11-19 18:25:00,0.2,8.0,20.5,51
2021-11-20 00:35:42,0.1,14.9,27.0,51
2021-11-20 02:47:00,0.0,17.3,31.0,3
2021-11-20 02:50:00,0.0,18.5,33.1,3
2021-11-20 03:54:00,0.0,14.7,27.0,3
2021-11-20 06:40:00,0.0,14.4,25.2,1
2021-11-20 07:43:54,0.0,11.8,24.5,1
2021-11-20 07:59:00,0.0,24.5,46.4,3
2021-11-20 08:19:00,0.0,22.7,41.4,3
2021-11-20 14:14:00,0.0,20.3,38.2,2
2021-11-20 19:14:00,0.0,4.0,7.2,3
2021-11-20 19:41:00,0.0,24.8,44.6,0
2021-11-20 22:06:00,0.0,18.8,33.5,0
2021-11-21 00:17:00,0.0,14.5,36.4,0
2021-11-21 02:18:18,0.0,13.2,25.9,0
2021-11-21 03:46:00,0.0,18.4,34.2,0
2021-11-21 06:30:00,0.0,10.9,19.4,0
2021-11-21 06:46:00,0.0,17.6,31.3,0
2021-11-21 08:02:00,0.0,3.1,12.2,0
2021-11-21 11:17:00,0.1,5.8,20.2,51
2021-11-21 11:42:45,0.0,7.6,25.2,1
2021-11-21 14:17:08,0.0,9.5,23.4,1
2021-11-21 17:47:00,0.0,16.9,37.1,0
2021-11-21 17:49:00,0.0,17.7,37.8,0
2021-11-21 20:25:00,0.0,22.5,38.9,0
2021-11-21 22:40:00,0.0,13.8,32.8,3
2021-11-21 23:17:00,0.0,15.7,28.8,0
2021-11-22 01:45:00,0.0,14.5,30.2,0
2021-11-22 07:27:00,0.0,3.1,13.3,0
2021-11-22 08:14:00,0.0,5.5,17.3,3
2021-11-22 09:43:00,0.0,1.9,13.3,0
2021-11-22 17:22:44,0.0,9.0,19.8,0
2021-11-22 20:32:00,0.0,7.9,13.3,1
2021-11-22 23:24:00,0.0,7.1,16.6,1
2021-11-23 02:09:24,0.0,8.7,18.4,0
2021-11-23 07:37:00,0.0,6.2,13.3,3
2021-11-23 07:55:00,0.0,7.6,15.8,3
2021-11-23 09:11:00,0.0,9.4,23.0,3
2021-11-23 13:19:00,0.0,13.1,29.5,2
2021-11-23 14:19:12,0.0,9.9,24.1,2
2021-11-23 15:20:00,0.0,10.8,23.4,3
2021-11-23 15:48:41,0.0,2.2,12.6,2
2021-11-23 16:16:00,0.0,9.0,21.2,3
2021-11-23 16:23:00,0.0,19.2,34.6,3
2021-11-23 16:42:46,0.0,6.9,15.5,3
2021-11-23 17:42:02,0.0,11.9,28.4,3
2021-11-23 17:46:51,0.0,15.1,33.8,3
2021-11-23 18:05:12,0.0,8.3,25.2,3
2021-11-23 20:41:31,0.0,8.3,15.5,3
2021-11-23 21:10:13,0.0,9.4,11.2,3
2021-11-24 01:20:00,0.0,12.8,24.1,3
2021-11-24 04:48:00,0.0,10.7,19.1,2
2021-11-24 06:51:00,0.0,14.9,23.8,3
2021-11-24 07:17:43,0.0,16.3,31.7,3
2021-11-24 09:10:00,0.0,11.5,27.4,1
2021-11-24 09:17:18,0.0,13.4,29.5,3
2021-11-24 11:42:57,0.0,10.1,28.1,3
2021-11-24 12:44:00,0.0,14.1,34.6,3
2021-11-24 14:07:00,0.0,15.6,30.2,2
2021-11-24 14:23:00,0.0,6.9,23.4,3
2021-11-24 16:32:00,0.0,12.0,25.2,1
2021-11-24 17:03:14,0.0,5.8,17.3,3
2021-11-24 17:56:52,0.0,5.2,15.1,2
2021-11-24 19:47:12,0.0,7.4,7.2,1
2021-11-24 23:52:00,0.0,14.3,32.0,3
2021-11-25 00:06:00,0.0,12.2,28.4,3
2021-11-25 01:27:00,0.0,19.5,37.8,0
2021-11-25 06:03:29,0.0,5.8,10.8,0
2021-11-25 07:17:00,0.0,11.5,23.4,0
2021-11-25 07:59:00,0.0,11.7,26.3,0
2021-11-25 11:40:18,0.0,10.8,27.7,1
2021-11-25 11:44:00,0.0,8.0,22.7,0
2021-11-25 13:29:00,0.0,10.0,25.6,0
2021-11-25 17:02:00,0.0,10.2,23.4,3
2021-11-25 17:40:00,0.0,8.3,22.0,3
2021-11-25 18:10:00,0.0,2.8,11.5,3
2021-11-25 19:54:00,0.0,12.3,22.7,3
2021-11-25 22:15:00,0.0,6.6,9.4,3
2021-11-25 22:18:00,0.0,5.1,11.9,3
2021-11-26 03:38:00,0.0,9.4,21.2,3
2021-11-26 04:06:00,0.0,5.4,15.8,3
2021-11-26 06:48:00,0.9,12.8,25.2,53
2021-11-26 07:11:00,4.1,11.4,19.1,63
2021-11-26 07:33:00,0.2,17.7,34.9,51
2021-11-26 08:33:00,0.2,24.8,40.3,51
2021-11-26 13:02:44,0.0,17.7,38.9,3
2021-11-26 14:04:00,0.1,25.9,63.4,51
2021-11-26 14:37:00,0.1,18.8,46.4,51
2021-11-26 15:06:00,0.0,25.8,65.5,3
2021-11-26 16:23:00,0.1,22.2,52.9,51
2021-11-26 16:58:00,0.1,21.2,45.0,51
2021-11-26 17:14:00,1.0,20.3,40.3,55
2021-11-26 17:21:00,1.0,20.3,40.3,55
2021-11-26 17:31:00,1.0,20.3,40.3,55
2021-11-26 17:38:18,3.8,18.1,37.4,63
2021-11-26 17:50:39,3.8,18.1,37.4,63
2021-11-26 17:54:00,1.0,20.3,40.3,55
2021-11-26 17:54:00,1.0,20.3,40.3,55
2021-11-26 18:10:00,4.2,10.5,28.4,63
2021-11-26 18:18:00,2.2,10.9,32.0,61
2021-11-26 18:29:00,0.1,20.0,45.7,51
2021-11-26 19:43:00,10.7,7.3,20.9,65
2021-11-26 19:43:00,0.1,10.8,38.5,51
2021-11-26 20:15:00,1.3,14.8,26.6,61
2021-11-26 20:45:00,1.3,14.8,26.6,61
2021-11-26 23:40:00,0.0,15.0,25.9,0
2021-11-26 23:46:00,0.0,15.4,25.6,0
2021-11-27 00:38:00,0.0,16.4,36.7,0
2021-11-27 04:54:00,0.3,9.5,16.9,51
2021-11-27 05:38:36,0.0,11.3,24.1,1
2021-11-27 09:53:00,0.0,15.5,36.0,1
2021-11-27 09:55:00,0.1,17.0,35.6,51
2021-11-27 11:55:00,0.0,20.6,43.9,0
2021-11-27 20:34:00,0.0,13.3,33.8,0
2021-11-27 22:39:29,0.0,6.6,14.4,0
2021-11-28 00:15:00,0.0,12.8,23.0,0
2021-11-28 02:06:00,0.0,5.2,10.1,0
2021-11-28 14:10:00,0.0,13.0,27.4,0
2021-11-28 16:28:58,0.0,18.8,38.2,3
2021-11-28 16:35:26,0.0,18.8,38.2,3
2021-11-28 20:23:00,0.0,7.2,25.6,3
2021-11-28 21:07:00,0.0,5.7,18.0,3
2021-11-28 21:27:00,0.0,5.0,21.6,3
2021-11-28 22:00:00,0.0,8.3,11.2,3
2021-11-28 22:06:00,0.0,8.9,10.8,3
2021-11-29 01:21:00,0.0,5.4,9.4,3
2021-11-29 06:26:00,0.0,2.9,5.4,3
2021-11-29 06:37:00,0.0,8.4,14.4,3
2021-11-29 08:19:39,0.0,10.0,22.3,3
2021-11-29 08:44:00,0.0,8.9,22.3,2
2021-11-29 18:52:28,0.0,7.3,23.4,3
2021-11-29 19:07:00,0.0,6.9,19.4,3
2021-11-30 00:46:00,2.4,12.2,37.8,61
2021-11-30 06:31:00,4.8,7.2,24.8,63
2021-11-30 06:45:00,8.9,10.7,27.4,65
2021-11-30 07:25:00,1.2,4.7,17.3,55
2021-11-30 08:02:00,0.8,6.6,16.9,53
2021-11-30 15:11:00,0.3,13.4,29.2,51
2021-11-30 17:29:00,2.5,8.4,23.4,63
2021-11-30 19:52:00,0.0,8.2,15.5,3
2021-11-30 21:19:24,0.1,7.5,14.4,51
2021-11-30 22:32:23,0.1,4.4,13.7,51
2021-12-01 02:55:00,0.0,6.3,16.6,0
2021-12-01 07:20:00,0.1,5.6,12.6,51
2021-12-01 12:02:00,0.0,7.2,20.2,1
2021-12-01 14:14:00,0.2,10.9,23.0,51
2021-12-01 23:36:36,0.0,8.0,18.4,0
2021-12-02 01:54:00,0.0,11.0,24.1,1
2021-12-02 04:56:00,0.0,8.9,19.1,3
2021-12-02 06:22:00,0.0,11.8,24.5,0
2021-12-02 07:16:00,0.0,9.4,18.4,0
2021-12-02 08:46:00,0.0,10.5,22.3,3
2021-12-02 09:21:00,0.0,10.2,25.2,0
2021-12-02 09:50:00,0.0,10.5,23.0,3
2021-12-02 11:47:00,0.0,7.2,27.0,3
2021-12-02 11:53:00,0.0,8.7,26.3,3
2021-12-02 13:12:00,0.0,0.8,11.2,2
2021-12-02 13:38:43,0.0,4.1,16.6,2
2021-12-02 14:51:00,0.0,4.2,16.2,2
2021-12-02 17:35:00,0.0,19.7,40.3,3
2021-12-02 18:34:00,0.0,18.8,41.0,1
2021-12-03 02:09:00,0.0,10.7,20.5,0
2021-12-03 09:41:00,0.0,12.6,27.0,1
2021-12-03 10:45:00,0.0,14.5,32.8,1
2021-12-03 10:55:00,0.0,14.5,32.8,1
2021-12-03 11:56:00,0.0,12.2,32.4,1
2021-12-03 15:17:00,0.0,19.7,37.1,1
2021-12-03 18:52:00,0.0,20.2,38.2,0
2021-12-03 20:44:00,0.0,16.4,34.9,3
2021-12-03 22:30:00,0.0,26.6,46.4,0
2021-12-03 23:44:00,0.0,16.8,40.3,1
2021-12-04 02:14:00,0.0,20.8,39.2,1
2021-12-04 02:20:00,0.0,13.3,27.7,3
2021-12-04 03:19:20,0.0,15.5,30.6,0
2021-12-04 03:25:00,0.0,16.2,34.9,2
2021-12-04 07:23:00,0.0,17.1,34.9,1
2021-12-04 10:32:00,0.0,8.6,29.2,1
2021-12-04 12:04:00,0.3,6.6,24.1,51
2021-12-04 12:57:00,0.0,8.7,26.3,1
2021-12-04 17:19:00,0.0,8.3,16.2,0
2021-12-04 19:15:00,0.0,23.9,43.2,0
2021-12-04 19:36:00,0.0,26.1,42.5,0
2021-12-04 20:23:55,0.0,7.1,11.2,0
2021-12-04 20:28:00,0.0,18.9,40.7,3
2021-12-04 22:42:00,0.0,22.3,41.0,0
2021-12-04 22:48:42,0.0,9.4,16.6,0
2021-12-04 23:03:56,0.0,15.9,33.8,0
2021-12-05 00:17:00,0.0,8.4,16.9,1
2021-12-05 01:02:00,0.0,23.5,43.6,3
2021-12-05 06:05:00,0.0,12.3,19.4,2
2021-12-05 08:25:05,0.0,10.0,22.7,3
2021-12-05 15:29:49,0.0,9.0,24.8,1
2021-12-05 17:04:00,0.3,17.8,37.4,51
2021-12-05 17:55:00,0.1,11.3,26.3,51
2021-12-05 20:48:04,0.0,7.6,14.8,2
2021-12-06 00:19:00,0.0,10.6,18.0,1
2021-12-06 00:55:00,0.0,10.2,17.3,1
2021-12-06 06:19:48,0.0,6.3,12.6,1
2021-12-06 06:35:10,0.0,0.8,5.8,0
2021-12-06 07:33:00,0.0,8.0,17.6,3
2021-12-06 07:50:00,0.0,9.6,19.8,0
2021-12-06 08:42:00,0.0,3.8,14.4,2
2021-12-06 08:43:41,0.0,7.1,18.7,0
2021-12-06 11:54:46,0.1,4.0,20.2,51
2021-12-06 13:50:15,0.0,5.4,18.0,0
2021-12-06 15:13:00,1.3,17.9,39.2,61
2021-12-06 19:10:00,0.0,23.2,41.4,1
2021-12-06 19:43:00,0.0,19.5,44.6,2
2021-12-06 21:29:39,0.0,14.7,34.2,1
2021-12-07 01:26:00,0.0,13.3,32.4,1
2021-12-07 02:09:04,0.0,11.1,28.4,3
2021-12-07 04:19:00,0.0,9.8,16.6,0
2021-12-07 07:50:27,0.0,13.5,26.3,1
2021-12-07 08:02:39,0.0,14.5,30.6,3
2021-12-07 09:04:00,0.2,19.2,33.5,51
2021-12-07 13:08:00,4.2,33.2,54.4,63
2021-12-07 13:46:00,0.1,28.2,55.8,51
2021-12-07 14:10:00,0.8,24.4,49.7,53
2021-12-07 14:51:00,0.1,22.7,49.7,51
2021-12-07 16:49:00,0.1,29.3,57.6,51
2021-12-07 17:29:12,0.0,16.2,34.2,1
2021-12-07 23:34:00,0.1,20.1,43.6,51
2021-12-08 05:31:00,0.0,20.6,36.7,3
2021-12-08 05:57:00,0.1,15.8,33.1,51
2021-12-08 06:12:00,0.0,14.7,26.3,0
2021-12-08 07:45:14,0.0,12.0,25.2,1
2021-12-08 08:52:00,0.0,22.5,47.5,2
2021-12-08 14:44:00,0.1,19.2,42.1,51
2021-12-08 15:03:00,0.3,21.1,43.6,51
2021-12-08 17:09:00,0.0,23.2,44.6,0
2021-12-08 17:25:01,0.0,7.4,27.4,1
2021-12-08 18:24:37,0.0,15.3,38.9,1
2021-12-08 19:07:00,0.0,19.0,42.8,2
2021-12-08 21:19:00,0.0,19.0,31.3,0
2021-12-08 22:01:18,0.0,14.5,28.4,0
2021-12-08 23:08:00,0.0,15.9,29.2,0
2021-12-09 03:02:28,0.0,9.9,19.8,0
2021-12-09 07:12:40,0.0,13.3,27.7,0
2021-12-09 07:29:00,0.0,12.3,25.9,3
2021-12-09 15:45:29,0.0,11.1,25.6,1
2021-12-09 15:47:37,0.0,10.7,24.8,2
2021-12-09 17:49:33,0.0,10.7,23.4,0
2021-12-09 19:37:00,0.0,14.6,25.6,0
2021-12-09 19:54:00,0.0,15.1,21.6,0
2021-12-09 20:40:16,0.0,13.8,26.3,0
2021-12-09 20:46:00,0.0,21.4,38.2,0
2021-12-10 04:09:00,0.0,4.8,12.6,3
2021-12-10 06:30:00,0.0,8.4,14.0,0
2021-12-10 06:58:00,0.0,11.0,21.2,3
2021-12-10 07:17:00,0.0,6.6,15.8,0
2021-12-10 07:30:00,0.0,6.6,15.8,0
2021-12-10 07:48:54,0.0,11.9,24.5,0
2021-12-10 08:04:00,0.0,7.3,19.8,0
2021-12-10 08:56:00,0.0,8.4,20.9,0
2021-12-10 09:56:00,0.0,5.6,19.4,0
2021-12-10 10:30:00,0.0,6.6,19.1,0
2021-12-10 11:04:00,0.0,5.6,19.4,0
2021-12-10 15:20:17,0.0,5.6,19.8,0
2021-12-10 16:53:22,0.0,3.0,11.2,0
2021-12-10 17:46:57,0.0,4.9,20.2,0
2021-12-10 18:17:00,0.0,18.5,43.9,0
2021-12-10 20:17:00,0.0,13.4,25.9,0
2021-12-10 21:00:00,0.0,7.1,18.7,0
2021-12-11 00:27:00,0.0,14.8,29.5,2
2021-12-11 00:27:00,0.0,8.5,15.1,1
2021-12-11 00:38:00,0.0,7.9,15.5,3
2021-12-11 01:24:00,0.0,11.0,21.6,3
2021-12-11 01:25:00,0.0,15.8,28.1,2
2021-12-11 03:18:15,0.0,9.2,16.6,0
2021-12-11 04:16:00,0.0,17.1,30.6,0
2021-12-11 04:39:41,0.0,7.6,17.6,0
2021-12-11 09:52:00,0.0,8.2,22.3,0
2021-12-11 11:08:25,0.0,9.3,24.8,1
2021-12-11 11:38:00,0.0,8.0,24.5,0
2021-12-11 13:16:00,0.0,7.3,19.1,0
2021-12-11 14:44:00,0.0,8.2,24.5,2
2021-12-11 17:52:00,0.0,12.1,24.8,1
2021-12-11 18:34:00,0.0,11.8,18.0,2
2021-12-11 20:56:00,0.0,11.5,20.2,2
2021-12-11 21:49:00,0.0,20.4,42.8,2
2021-12-12 00:33:28,0.0,6.1,10.1,3
2021-12-12 00:42:00,0.0,8.8,21.6,3
2021-12-12 03:16:00,0.0,7.8,12.2,3
2021-12-12 05:13:00,0.0,9.4,18.7,2
2021-12-12 05:31:00,0.0,2.9,7.9,3
2021-12-12 08:06:00,0.0,1.1,10.1,3
2021-12-12 10:47:43,2.2,10.0,28.1,61
2021-12-12 14:57:00,0.5,18.3,51.5,53
2021-12-12 18:19:00,0.0,13.5,23.4,3
2021-12-12 19:25:00,0.1,5.2,17.6,51
2021-12-12 21:21:00,0.0,6.0,15.8,3
2021-12-12 22:19:03,0.0,8.3,20.9,3
2021-12-12 22:27:42,0.0,5.9,17.3,3
2021-12-13 04:06:02,0.1,9.2,20.5,51
2021-12-13 06:04:00,0.1,5.7,9.4,51
2021-12-13 06:36:00,0.3,11.2,18.0,51
2021-12-13 06:58:00,0.8,11.3,17.6,53
2021-12-13 08:04:00,0.0,9.5,21.6,3
2021-12-13 08:27:00,0.6,12.1,24.8,53
2021-12-13 09:23:00,0.1,16.6,22.3,51
2021-12-13 15:05:00,0.0,5.0,20.5,3
2021-12-13 15:12:00,0.0,4.9,18.7,3
2021-12-13 15:31:00,0.0,15.4,28.4,3
2021-12-13 16:19:00,0.0,6.4,19.4,3
2021-12-13 16:23:00,0.7,13.6,34.9,53
2021-12-13 17:09:00,1.2,9.1,28.1,55
2021-12-13 17:55:00,0.0,10.4,32.4,3
2021-12-13 19:09:00,0.1,5.4,15.1,51
2021-12-13 19:28:00,0.1,5.4,15.1,51
2021-12-13 19:44:00,0.0,6.4,18.7,3
2021-12-13 19:53:00,0.0,13.5,23.4,3
2021-12-13 22:36:00,0.8,13.7,28.8,53
2021-12-13 23:14:00,0.5,6.6,19.1,53
2021-12-13 23:28:00,1.8,6.8,20.2,61
2021-12-14 01:30:00,1.1,12.7,27.4,55
2021-12-14 03:49:00,0.2,7.2,21.2,51
2021-12-14 05:19:00,0.4,7.2,16.2,51
2021-12-14 07:18:32,0.5,8.4,17.3,53
2021-12-14 07:25:11,0.5,8.4,17.3,53
2021-12-14 08:05:00,0.6,11.7,29.2,53
2021-12-14 11:22:00,0.0,13.8,29.9,3
2021-12-14 11:40:30,0.0,10.5,29.2,3
2021-12-14 13:31:19,0.2,11.2,31.3,51
2021-12-14 15:43:00,3.9,4.7,28.1,63
2021-12-14 17:38:00,0.2,17.6,33.1,51
2021-12-14 18:25:00,0.0,7.3,20.2,3
2021-12-14 19:29:00,5.4,10.6,18.0,63
2021-12-14 21:13:00,2.5,3.6,13.0,63
2021-12-14 21:23:00,3.6,10.2,10.4,63
2021-12-14 22:18:00,0.5,9.4,16.9,53
2021-12-15 00:41:19,0.3,9.5,18.7,51
2021-12-15 04:39:00,0.7,3.6,9.0,53
2021-12-15 07:08:00,0.2,5.9,12.2,51
2021-12-15 07:20:00,0.3,5.8,11.5,51
2021-12-15 07:58:42,0.2,8.0,15.1,51
2021-12-15 08:11:00,0.5,6.5,18.4,53
2021-12-15 08:53:57,0.3,9.5,22.0,51
2021-12-15 10:16:21,1.0,11.7,25.6,55
2021-12-15 10:22:29,1.0,11.7,25.6,55
2021-12-15 11:06:55,1.6,13.1,30.2,61
2021-12-15 11:42:00,0.0,15.1,28.1,3
2021-12-15 13:52:00,1.6,18.6,36.7,61
2021-12-15 14:30:00,1.2,17.6,42.1,55
2021-12-15 14:31:00,1.3,18.2,40.0,61
2021-12-15 15:12:00,0.8,17.3,36.7,53
2021-12-15 16:10:00,0.3,15.9,34.6,51
2021-12-15 16:14:54,0.5,11.3,20.5,53
2021-12-15 16:43:00,0.7,13.6,30.6,53
2021-12-15 16:49:00,0.7,13.6,30.6,53
2021-12-15 17:19:00,0.0,13.3,27.0,3
2021-12-15 17:22:00,0.9,14.9,30.2,53
2021-12-15 17:52:00,1.1,13.6,27.4,55
2021-12-15 19:41:37,0.6,9.0,20.9,53
2021-12-15 19:54:00,0.7,5.5,11.5,53
2021-12-15 19:56:50,0.9,8.0,19.8,53
2021-12-15 21:42:00,0.1,5.2,15.1,51
2021-12-15 22:15:00,1.4,4.3,11.5,61
2021-12-15 22:17:00,1.4,8.0,15.8,61
2021-12-15 22:39:32,0.4,8.4,16.9,51
2021-12-15 23:09:00,1.3,5.4,13.3,61
2021-12-15 23:18:00,0.6,4.6,10.8,53
2021-12-16 02:20:00,1.1,5.9,16.9,55
2021-12-16 03:47:00,0.1,8.1,12.6,51
2021-12-16 05:58:00,0.0,9.0,15.8,3
2021-12-16 06:03:27,0.1,9.3,16.6,51
2021-12-16 06:26:00,0.0,8.6,16.6,3
2021-12-16 06:56:00,0.0,8.6,16.6,3
2021-12-16 07:44:59,0.0,5.8,13.3,3
2021-12-16 09:17:08,0.0,5.0,14.0,3
2021-12-16 11:51:00,0.1,14.2,34.2,51
2021-12-16 13:55:00,0.0,15.7,33.1,3
2021-12-16 15:43:44,0.3,13.8,37.4,51
2021-12-16 16:15:00,2.0,15.5,30.2,61
2021-12-16 17:23:00,0.2,0.0,12.2,51
2021-12-16 19:42:26,1.1,7.2,13.7,55
2021-12-16 21:18:00,0.0,6.4,7.2,3
2021-12-16 23:05:00,0.0,7.2,20.5,1
2021-12-16 23:25:00,0.1,6.3,18.4,51
2021-12-17 01:01:00,1.8,5.6,16.6,61
2021-12-17 03:01:00,0.1,4.9,7.6,51
2021-12-17 03:15:00,0.1,4.9,7.6,51
2021-12-17 03:54:00,5.7,3.8,8.3,63
2021-12-17 06:33:23,0.0,2.6,5.8,3
2021-12-17 08:31:34,0.0,5.8,15.5,2
2021-12-17 08:56:00,0.0,0.8,9.7,2
2021-12-17 10:38:00,0.1,4.3,16.6,51
2021-12-17 15:44:39,12.9,11.1,26.6,65
2021-12-17 15:47:00,0.1,7.4,20.9,51
2021-12-17 16:51:00,3.1,14.0,29.9,63
2021-12-17 18:11:00,1.4,12.6,23.0,61
2021-12-17 18:18:42,0.1,7.6,13.3,51
2021-12-17 19:13:54,1.2,6.7,9.4,55
2021-12-17 20:24:00,0.0,16.5,29.2,1
2021-12-17 22:14:00,0.0,16.2,30.6,2
2021-12-17 23:03:00,0.0,15.6,28.1,1
2021-12-17 23:54:02,0.0,6.1,10.4,3
2021-12-18 00:29:00,0.0,11.4,20.2,2
2021-12-18 02:31:00,0.0,11.3,23.0,3
2021-12-18 03:03:00,0.0,14.1,32.0,2
2021-12-18 04:46:00,0.0,17.2,31.3,3
2021-12-18 05:36:00,0.0,12.3,20.5,3
2021-12-18 05:44:32,0.0,7.6,15.5,0
2021-12-18 06:08:00,0.7,4.6,10.1,53
2021-12-18 09:41:00,0.0,14.1,28.8,0
2021-12-18 10:02:00,0.0,15.3,30.6,3
2021-12-18 10:59:00,0.0,17.3,38.5,3
2021-12-18 12:27:00,0.3,16.5,36.4,51
2021-12-18 20:01:00,0.0,16.9,36.7,2
2021-12-18 20:53:00,0.0,18.3,34.6,0
2021-12-18 21:58:00,0.0,17.3,31.0,0
2021-12-18 23:51:00,0.0,16.4,32.4,0
2021-12-19 00:55:00,0.0,21.1,40.3,0
2021-12-19 01:43:11,0.0,16.6,33.1,0
2021-12-19 09:36:00,0.1,17.9,37.4,51
2021-12-19 17:31:22,0.0,14.1,32.4,0
2021-12-19 20:31:00,0.0,16.3,36.7,1
2021-12-19 20:43:43,0.0,22.1,42.1,0
2021-12-19 20:48:50,0.0,22.1,42.1,0
2021-12-20 09:38:00,0.0,14.2,29.9,0
2021-12-20 10:34:00,0.0,11.8,30.2,1
2021-12-20 11:51:00,0.0,7.6,25.9,0
2021-12-20 21:19:00,0.0,12.3,17.6,0
2021-12-21 02:02:37,0.0,9.2,16.2,3
2021-12-21 06:48:00,0.0,10.0,15.5,1
2021-12-21 13:23:10,0.0,5.9,20.2,1
2021-12-21 13:28:19,0.0,4.2,17.3,3
2021-12-21 14:35:41,0.0,2.9,13.3,1
2021-12-21 14:37:00,0.0,4.4,18.7,0
2021-12-21 15:40:33,0.0,4.0,14.4,2
2021-12-21 16:25:00,0.0,3.5,22.7,1
2021-12-21 16:34:56,0.0,2.5,15.8,1
2021-12-21 17:40:00,0.0,5.1,19.1,0
2021-12-21 18:16:00,0.0,8.7,15.1,1
2021-12-21 18:18:00,0.0,1.1,13.0,0
2021-12-21 20:08:00,0.0,5.5,6.5,0
2021-12-21 22:50:00,0.0,10.7,28.4,0
2021-12-21 23:37:00,0.0,10.9,20.5,0
2021-12-22 02:39:00,0.0,5.4,14.4,0
2021-12-22 08:33:00,0.0,1.5,8.6,0
2021-12-22 11:02:27,0.2,12.5,33.5,51
2021-12-22 11:20:00,0.0,14.7,29.9,1
2021-12-22 12:21:00,0.0,15.4,33.8,1
2021-12-22 13:42:14,0.1,13.1,30.2,51
2021-12-22 14:24:58,0.1,12.0,29.9,51
2021-12-22 14:34:07,0.0,13.5,31.3,2
2021-12-22 14:41:08,0.0,13.1,29.9,1
2021-12-22 15:58:00,0.0,15.8,31.0,3
2021-12-22 17:36:43,0.1,11.6,28.4,51
2021-12-22 19:13:32,0.0,5.8,8.3,1
2021-12-22 20:09:00,0.0,5.6,10.1,1
2021-12-22 20:14:49,1.6,17.7,25.6,61
2021-12-23 00:00:00,0.0,5.8,9.0,1
2021-12-23 00:01:00,2.6,9.4,29.9,63
2021-12-23 05:35:36,0.1,6.8,13.3,51
2021-12-23 05:41:00,2.6,15.8,26.6,63
2021-12-23 08:00:00,0.0,14.5,29.2,3
2021-12-23 10:51:01,0.0,8.9,25.9,3
2021-12-23 11:27:00,0.0,12.3,28.4,3
2021-12-23 14:43:00,0.2,18.4,40.0,51
2021-12-23 19:40:00,0.1,7.2,17.3,51
2021-12-23 19:58:00,0.0,7.8,22.3,3
2021-12-23 20:13:00,0.0,19.5,41.0,0
2021-12-23 20:55:00,0.0,19.9,39.6,0
2021-12-23 22:27:00,0.0,13.8,34.6,0
2021-12-23 23:24:00,0.0,10.7,27.0,0
2021-12-24 00:59:47,0.0,18.9,43.9,0
2021-12-24 03:32:31,0.0,8.7,15.8,0
2021-12-24 05:03:00,0.0,5.1,13.0,3
2021-12-24 05:07:00,0.0,13.5,26.6,3
2021-12-24 05:31:00,0.0,5.1,13.0,3
2021-12-24 06:50:57,0.0,11.9,21.6,0
2021-12-24 13:11:00,0.0,8.1,25.6,0
2021-12-24 14:40:00,0.0,18.7,40.3,3
2021-12-24 21:14:07,0.0,16.3,37.4,0
2021-12-25 01:05:00,0.0,24.3,41.8,0
2021-12-25 02:05:00,0.0,11.0,20.9,3
2021-12-25 03:23:00,0.0,12.1,24.5,3
2021-12-25 03:24:00,0.0,18.4,33.8,0
2021-12-25 04:07:00,0.0,14.2,31.7,0
2021-12-25 04:37:00,0.0,6.1,16.6,0
2021-12-25 07:04:00,0.0,15.2,29.9,2
2021-12-25 17:39:00,0.0,20.3,41.0,1
2021-12-25 22:12:00,0.0,7.3,11.2,0
2021-12-26 10:36:00,0.0,13.4,29.9,1
2021-12-26 11:58:00,0.0,13.2,36.7,1
2021-12-26 14:27:00,0.0,8.4,22.0,0
2021-12-26 16:29:45,0.0,9.1,20.5,1
2021-12-26 16:58:51,0.0,2.6,18.0,1
2021-12-26 17:28:00,0.0,13.4,26.6,1
2021-12-26 18:25:27,0.0,4.5,11.2,1
2021-12-26 18:57:53,0.0,14.5,30.2,2
2021-12-26 21:55:11,0.0,9.6,19.1,0
2021-12-27 15:02:00,0.0,12.6,25.9,2
2021-12-27 15:40:07,0.1,15.1,31.7,51
2021-12-27 16:44:00,0.0,8.3,26.6,2
2021-12-27 19:27:03,0.0,5.5,22.3,1
2021-12-28 02:42:00,0.0,13.9,25.9,1
2021-12-28 03:25:14,0.0,10.1,24.1,0
2021-12-28 05:33:00,0.0,10.0,16.9,0
2021-12-28 07:21:00,0.0,8.4,20.2,0
2021-12-28 07:39:00,0.0,8.7,18.4,0
2021-12-28 08:28:03,0.0,11.9,25.2,2
2021-12-28 09:25:45,0.0,4.5,29.5,3
2021-12-28 09:29:00,0.0,7.3,19.1,1
2021-12-28 14:43:06,0.1,11.5,27.7,51
2021-12-28 15:26:00,9.0,12.2,28.4,65
2021-12-28 15:39:10,1.2,14.5,41.8,55
2021-12-28 16:09:56,0.1,4.4,44.6,51
2021-12-28 16:21:29,0.1,5.9,31.7,51
2021-12-28 18:25:00,0.3,4.1,12.6,51
2021-12-28 21:43:55,0.1,8.0,22.0,51
2021-12-29 06:34:00,0.0,6.0,9.0,0
2021-12-29 08:03:00,0.0,9.2,19.4,1
2021-12-29 09:16:21,0.0,10.7,21.2,2
2021-12-29 11:38:24,0.0,8.7,27.4,0
2021-12-29 16:41:00,2.0,20.3,51.1,61
2021-12-29 17:04:26,0.0,7.9,19.1,3
2021-12-29 17:16:40,0.0,7.9,19.1,3
2021-12-29 18:35:00,0.0,11.1,29.5,3
2021-12-29 21:09:08,0.1,4.3,12.6,51
2021-12-29 21:36:00,0.0,6.2,15.1,3
2021-12-29 21:40:00,0.0,20.3,35.6,3
2021-12-30 03:52:00,0.0,7.7,21.6,3
2021-12-30 07:55:00,0.0,12.7,25.6,3
2021-12-30 08:58:07,0.2,6.8,14.8,51
2021-12-30 09:16:00,0.0,6.8,20.5,3
2021-12-30 10:07:59,0.1,10.2,20.2,51
2021-12-30 10:12:00,0.2,5.2,14.0,51
2021-12-30 10:59:00,0.2,5.2,14.0,51
2021-12-30 11:24:00,0.2,8.2,20.2,51
2021-12-30 11:43:41,0.2,5.9,20.5,51
2021-12-30 12:32:57,0.3,10.5,25.2,51
2021-12-30 13:24:46,0.4,8.2,22.3,51
2021-12-30 13:36:00,0.3,8.7,23.4,51
2021-12-30 13:37:48,0.6,8.2,20.5,53
2021-12-30 14:45:00,0.1,7.9,21.2,51
2021-12-30 16:21:00,0.0,7.9,22.0,3
2021-12-30 16:30:00,2.7,10.2,22.0,63
2021-12-30 16:31:00,0.0,7.9,22.0,3
2021-12-30 19:38:00,0.3,13.9,21.6,51
2021-12-30 20:09:00,0.3,11.6,29.9,51
2021-12-30 20:36:00,2.5,11.5,23.4,63
2021-12-30 21:19:00,0.3,5.4,24.5,51
2021-12-30 21:48:00,0.2,9.3,21.6,51
2021-12-31 04:11:00,0.0,4.4,8.3,0
2021-12-31 05:07:52,0.0,5.6,10.8,0
2021-12-31 05:10:00,0.0,5.6,16.2,3
2021-12-31 05:43:00,0.0,4.7,10.1,3
2021-12-31 07:42:00,0.0,3.6,11.5,1
2021-12-31 07:49:18,0.1,4.9,10.8,51
2021-12-31 09:14:23,0.1,9.5,25.2,51
2021-12-31 11:30:00,0.3,17.0,37.8,51
2021-12-31 11:47:00,0.8,20.9,37.8,53
2021-12-31 12:41:39,0.6,18.5,36.4,53
2021-12-31 14:01:08,0.1,14.7,33.1,51
2021-12-31 14:03:00,8.4,12.5,37.8,65
2021-12-31 14:40:00,3.0,22.0,41.0,63
2021-12-31 16:02:58,0.6,7.0,42.5,53
2021-12-31 17:24:00,0.3,7.9,28.4,51
2021-12-31 18:08:00,1.3,3.6,17.3,61
2021-12-31 19:44:00,0.4,6.5,11.5,51
2021-12-31 19:54:00,0.4,6.5,11.5,51
2021-12-31 19:55:00,0.4,6.5,11.5,51
2021-12-31 20:17:00,2.1,6.9,18.0,61
2021-12-31 20:27:00,0.1,6.4,13.7,51
2021-12-31 20:30:00,0.2,8.3,15.1,51
2021-12-31 21:15:24,0.0,9.2,14.4,1
2021-12-31 21:16:37,0.0,9.2,14.4,1
