DATAHORA,CHUVA,VENTO,RAJADA,CODIGO_TEMPO
2025-01-01 01:12:47,0.0,6.5,13.0,0
2025-01-01 02:52:11,0.0,11.4,24.8,0
2025-01-01 04:11:25,0.0,6.0,12.2,0
2025-01-01 05:22:05,0.0,6.1,12.2,0
2025-01-01 06:51:06,0.0,4.6,8.3,0
2025-01-01 09:12:55,0.0,5.0,18.0,0
2025-01-01 12:30:23,0.0,8.6,26.6,1
2025-01-01 19:59:02,0.1,7.2,33.1,51
2025-01-01 23:17:56,1.4,9.3,27.4,61
2025-01-02 02:40:19,0.0,6.6,16.2,3
2025-01-02 05:03:22,0.0,4.0,13.7,2
2025-01-02 05:23:40,0.0,4.8,12.2,3
2025-01-02 07:35:24,0.0,7.0,18.4,0
2025-01-02 07:40:27,0.0,7.3,15.5,0
2025-01-02 08:35:57,0.0,8.8,23.4,0
2025-01-02 12:42:53,0.0,12.3,33.8,1
2025-01-02 13:22:34,0.1,14.7,32.0,51
2025-01-02 13:27:21,0.1,14.7,32.0,51
2025-01-02 16:02:39,0.3,5.5,22.7,51
2025-01-02 17:22:58,0.0,3.7,17.6,2
2025-01-02 18:17:51,0.0,5.6,14.0,3
2025-01-02 18:27:57,0.0,5.2,13.7,3
2025-01-02 18:46:48,0.0,4.9,15.5,3
2025-01-02 22:41:08,0.0,5.6,10.4,3
2025-01-03 00:37:17,0.0,3.8,12.2,1
2025-01-03 06:54:00,0.3,12.1,25.6,51
2025-01-03 06:58:31,0.0,7.6,14.0,3
2025-01-03 07:11:46,5.3,1.5,10.8,63
2025-01-03 09:11:27,0.0,7.2,27.7,3
2025-01-03 10:09:52,0.1,11.9,31.7,51
2025-01-03 11:19:08,0.1,12.1,32.8,51
2025-01-03 12:14:49,0.3,14.1,32.4,51
2025-01-03 14:24:24,10.3,11.7,43.2,65
2025-01-03 14:41:45,1.0,9.4,42.5,55
2025-01-03 15:56:30,0.0,4.8,23.4,1
2025-01-03 18:09:10,3.5,2.8,20.2,63
2025-01-03 20:11:06,0.0,5.2,18.4,2
2025-01-04 00:33:31,0.0,5.5,10.4,1
2025-01-04 03:44:00,0.0,8.2,16.2,3
2025-01-04 04:26:07,0.0,6.1,14.0,3
2025-01-04 04:26:49,0.0,11.8,22.0,2
2025-01-04 05:00:59,0.0,5.6,9.4,3
2025-01-04 06:23:09,1.4,9.4,24.5,61
2025-01-04 08:49:06,0.1,9.1,23.0,51
2025-01-04 09:23:03,0.0,9.4,23.8,3
2025-01-04 13:20:17,0.0,10.1,24.5,3
2025-01-04 14:02:35,1.8,10.3,36.0,61
2025-01-04 14:15:34,0.0,8.7,28.1,3
2025-01-04 14:47:40,0.0,8.7,28.1,3
2025-01-04 16:06:50,5.3,5.8,22.7,63
2025-01-04 18:19:37,0.0,7.2,18.4,3
2025-01-04 18:34:30,0.0,5.0,19.1,2
2025-01-04 21:25:31,0.0,4.6,14.8,3
2025-01-05 06:27:49,0.0,7.2,19.4,0
2025-01-05 09:02:14,0.0,11.9,30.2,3
2025-01-05 14:38:44,0.0,15.7,34.2,0
2025-01-05 16:25:38,0.0,13.3,37.1,1
2025-01-05 17:55:51,0.4,11.8,33.8,51
2025-01-05 19:25:56,0.0,3.1,7.6,0
2025-01-05 23:03:59,0.0,13.9,31.0,0
2025-01-06 03:56:17,0.0,6.9,15.1,0
2025-01-06 08:34:34,0.1,8.0,21.2,51
2025-01-06 09:22:19,0.0,7.6,20.2,2
2025-01-06 11:51:10,0.2,13.8,34.6,51
2025-01-06 12:09:35,0.0,18.7,46.1,3
2025-01-06 12:34:51,0.0,10.7,29.2,3
2025-01-06 15:36:55,0.0,11.0,24.5,3
2025-01-06 16:29:15,0.2,10.8,40.7,51
2025-01-07 01:41:13,0.0,10.5,21.2,0
2025-01-07 02:20:01,0.0,3.9,7.6,0
2025-01-07 06:21:31,0.0,5.6,11.9,3
2025-01-07 07:37:31,0.0,3.8,11.9,3
2025-01-07 08:23:39,0.0,4.0,17.3,3
2025-01-07 09:42:23,0.0,8.2,21.2,3
2025-01-07 09:44:00,0.1,9.8,22.0,51
2025-01-07 12:20:41,0.1,6.9,27.4,51
2025-01-07 13:31:59,0.0,10.3,29.5,0
2025-01-07 15:51:18,1.3,6.8,34.6,61
2025-01-07 16:30:12,0.0,8.2,25.6,2
2025-01-07 17:35:09,0.0,14.6,37.1,2
2025-01-07 18:17:36,0.0,8.3,31.3,2
2025-01-08 06:30:57,0.0,6.1,11.5,0
2025-01-08 08:40:18,0.0,5.9,18.4,0
2025-01-08 13:11:00,0.0,6.2,20.9,1
2025-01-08 14:40:41,0.0,4.6,20.2,1
2025-01-08 14:57:24,0.1,6.2,22.0,51
2025-01-08 15:53:26,0.0,1.0,16.6,3
2025-01-08 19:33:19,0.0,11.5,25.6,1
2025-01-08 21:09:12,0.0,11.8,22.3,0
2025-01-08 22:38:10,0.0,11.9,23.0,0
2025-01-09 08:09:49,0.0,6.1,18.7,0
2025-01-09 08:41:59,0.0,12.0,29.5,3
2025-01-09 09:21:14,0.0,8.9,28.8,0
2025-01-09 10:48:55,0.0,2.5,18.7,0
2025-01-09 12:43:02,0.0,2.1,19.4,2
2025-01-09 13:31:00,0.0,11.4,26.3,1
2025-01-09 17:26:10,0.0,14.9,37.4,1
2025-01-09 17:31:31,0.2,17.8,42.1,51
2025-01-09 18:38:46,2.1,6.8,20.2,61
2025-01-09 18:39:55,0.0,15.8,39.2,1
2025-01-09 19:59:49,0.0,13.1,34.9,0
2025-01-09 23:47:31,0.0,13.6,31.3,0
2025-01-10 04:30:36,0.0,6.6,12.6,0
2025-01-10 06:46:58,0.0,6.1,10.8,3
2025-01-10 07:08:07,0.0,13.7,28.4,0
2025-01-10 07:13:32,0.0,5.7,15.5,0
2025-01-10 07:20:00,0.0,13.7,28.4,0
2025-01-10 07:20:42,0.0,11.8,27.0,0
2025-01-10 07:50:20,0.0,6.7,15.1,0
2025-01-10 08:08:36,0.0,7.0,18.4,1
2025-01-10 09:23:47,0.0,4.5,18.0,0
2025-01-10 10:29:36,0.2,8.7,22.7,51
2025-01-10 11:52:53,0.1,1.8,15.8,51
2025-01-10 14:56:43,0.1,6.0,20.5,51
2025-01-10 16:55:09,0.1,8.0,22.3,51
2025-01-10 16:57:40,0.0,8.5,26.3,0
2025-01-10 18:34:12,0.0,9.9,24.1,0
2025-01-10 21:40:09,0.0,8.1,18.0,0
2025-01-10 21:53:47,0.0,4.1,6.5,0
2025-01-10 22:43:59,0.0,14.3,36.4,0
2025-01-10 23:58:27,0.0,13.8,33.1,0
2025-01-11 03:00:47,0.0,6.9,11.9,0
2025-01-11 04:03:00,0.0,4.9,8.6,0
2025-01-11 11:10:55,0.0,3.4,22.0,0
2025-01-11 19:05:52,0.0,11.0,29.2,2
2025-01-11 20:21:29,0.0,13.4,29.5,2
2025-01-12 01:15:03,0.0,12.3,24.5,3
2025-01-12 11:44:41,0.0,2.0,20.9,0
2025-01-12 13:22:16,0.0,7.8,22.7,1
2025-01-13 01:00:33,0.0,8.2,14.0,0
2025-01-13 01:17:34,0.0,8.2,14.0,0
2025-01-13 06:38:22,0.0,8.5,19.1,0
2025-01-13 07:21:07,0.0,6.9,18.0,0
2025-01-13 08:19:01,0.0,6.6,20.2,0
2025-01-13 10:24:57,0.1,12.0,32.8,51
2025-01-13 11:53:27,0.0,8.7,30.2,0
2025-01-13 16:14:44,0.0,16.3,43.6,1
2025-01-13 17:09:13,0.0,15.0,37.4,0
2025-01-13 17:44:25,0.0,17.5,39.2,1
2025-01-13 18:48:06,0.0,14.5,35.6,1
2025-01-14 05:36:14,0.0,4.3,10.4,1
2025-01-14 07:01:35,0.0,12.7,25.9,2
2025-01-14 07:54:36,0.0,9.4,22.3,1
2025-01-14 08:20:37,0.0,10.7,27.7,0
2025-01-14 08:32:36,0.0,5.1,18.0,0
2025-01-14 09:47:35,0.0,2.5,14.8,0
2025-01-14 10:03:02,0.2,6.5,21.6,51
2025-01-14 10:26:31,0.0,2.4,18.7,2
2025-01-14 12:14:20,0.0,3.6,17.6,1
2025-01-14 13:30:00,0.0,4.8,15.8,3
2025-01-14 18:01:22,0.0,14.6,29.5,1
2025-01-14 18:29:47,0.0,16.2,38.5,1
2025-01-14 19:28:09,0.0,19.5,46.1,0
2025-01-14 23:42:21,0.0,15.0,29.9,0
2025-01-15 06:34:12,0.0,10.3,21.6,0
2025-01-15 07:02:53,0.0,8.8,21.2,1
2025-01-15 08:17:04,0.1,8.4,23.8,51
2025-01-15 09:53:38,0.0,6.7,22.7,1
2025-01-15 11:10:01,0.2,8.8,31.3,51
2025-01-15 12:03:41,0.4,11.8,33.5,51
2025-01-15 12:12:39,0.0,16.3,36.0,3
2025-01-15 12:44:50,0.0,9.4,29.5,3
2025-01-15 13:14:48,0.7,8.3,33.5,53
2025-01-15 17:14:21,2.5,8.8,27.0,63
2025-01-15 19:19:37,2.9,12.4,25.2,63
2025-01-15 21:12:52,2.4,7.8,20.5,61
2025-01-16 02:37:59,0.0,12.5,24.8,3
2025-01-16 06:32:51,0.0,11.9,22.3,3
2025-01-16 08:12:32,0.0,11.6,27.4,1
2025-01-16 11:18:32,0.1,7.3,32.8,51
2025-01-16 12:51:00,0.0,19.1,47.9,3
2025-01-16 13:56:41,0.1,14.6,35.3,51
2025-01-16 14:40:00,0.1,16.1,37.1,51
2025-01-16 15:12:18,0.0,10.6,34.9,3
2025-01-16 15:28:30,1.1,7.3,33.1,55
2025-01-16 16:02:38,0.4,7.8,20.9,51
2025-01-16 16:08:36,0.6,12.7,42.8,53
2025-01-16 16:21:04,1.0,12.9,40.0,55
2025-01-16 16:41:14,0.2,11.7,26.6,51
2025-01-16 17:18:03,0.1,8.0,30.2,51
2025-01-16 17:34:36,0.0,4.1,28.1,3
2025-01-16 17:50:15,0.0,7.0,18.4,3
2025-01-16 17:52:13,0.1,8.0,30.2,51
2025-01-16 18:04:59,1.7,6.1,27.7,61
2025-01-16 18:08:44,0.3,3.7,25.6,51
2025-01-16 20:00:30,0.0,7.0,12.2,3
2025-01-16 21:15:40,0.7,13.2,25.6,53
2025-01-16 21:23:54,0.9,6.2,13.3,53
2025-01-16 21:34:18,0.5,9.0,29.5,53
2025-01-16 22:58:56,1.8,12.4,24.5,61
2025-01-16 23:01:56,1.3,9.4,21.2,61
2025-01-16 23:30:29,1.2,8.4,19.1,55
2025-01-17 05:03:45,0.0,10.1,18.0,3
2025-01-17 07:50:31,0.0,12.1,22.0,3
2025-01-17 08:13:31,0.0,15.6,30.2,3
2025-01-17 10:23:06,0.3,10.0,27.4,51
2025-01-17 18:45:38,0.0,0.0,6.1,3
2025-01-17 19:21:47,0.1,1.8,18.7,51
2025-01-17 20:05:40,0.0,3.5,9.0,3
2025-01-17 21:36:00,0.6,6.5,18.7,53
2025-01-18 01:27:00,0.5,5.8,16.6,53
2025-01-18 01:57:20,0.7,7.2,11.5,53
2025-01-18 02:00:47,0.1,8.5,18.0,51
2025-01-18 02:03:24,0.1,8.5,19.1,51
2025-01-18 02:26:04,0.7,7.2,31.3,53
2025-01-18 05:09:53,0.0,2.2,10.4,3
2025-01-18 19:29:10,0.0,5.9,11.5,0
2025-01-18 20:41:27,0.0,5.3,8.3,3
2025-01-18 20:57:50,0.0,4.0,8.3,2
2025-01-19 01:56:41,0.0,3.1,6.1,3
2025-01-19 02:48:55,0.0,0.3,2.2,0
2025-01-19 04:21:10,0.0,0.6,2.5,1
2025-01-19 14:08:05,0.3,11.8,32.4,51
2025-01-19 14:50:55,0.0,8.4,25.9,1
2025-01-19 15:14:02,0.6,11.1,31.3,53
2025-01-19 19:05:33,0.0,4.1,10.1,3
2025-01-19 20:11:24,2.9,7.7,25.2,63
2025-01-19 21:29:07,0.0,5.1,12.6,0
2025-01-19 21:58:59,0.1,0.4,20.9,51
2025-01-20 08:24:21,0.0,7.9,20.5,3
2025-01-20 08:58:45,0.0,7.9,20.5,3
2025-01-20 10:29:40,0.0,15.7,42.5,0
2025-01-20 13:54:33,0.1,14.3,35.6,51
2025-01-20 14:48:00,0.0,10.5,28.4,0
2025-01-20 16:48:12,0.0,16.1,38.2,0
2025-01-20 17:11:01,0.0,10.7,30.2,3
2025-01-20 19:26:53,0.0,4.0,19.4,1
2025-01-20 19:27:46,0.0,7.8,27.4,0
2025-01-20 20:14:11,0.0,5.9,14.8,0
2025-01-21 01:06:02,0.0,5.7,12.6,0
2025-01-21 01:36:05,0.0,11.7,21.6,0
2025-01-21 06:03:09,0.0,10.0,20.9,3
2025-01-21 06:53:20,0.0,7.3,15.8,3
2025-01-21 07:29:02,0.0,7.5,16.9,3
2025-01-21 07:38:13,0.0,9.8,20.9,3
2025-01-21 07:48:40,0.0,6.7,14.8,3
2025-01-21 08:38:50,0.0,7.4,19.4,3
2025-01-21 09:42:04,0.0,8.5,23.4,3
2025-01-21 10:43:28,0.0,16.9,42.5,3
2025-01-21 10:50:02,0.0,20.4,52.2,1
2025-01-21 11:33:50,0.1,15.3,39.2,51
2025-01-21 11:53:23,0.1,15.5,40.7,51
2025-01-21 13:23:30,0.1,16.1,40.7,51
2025-01-21 13:29:21,0.3,17.3,33.5,51
2025-01-21 13:46:31,0.1,16.1,40.7,51
2025-01-21 17:13:44,0.0,8.6,24.1,0
2025-01-21 18:14:10,0.0,5.2,23.4,3
2025-01-21 18:29:24,0.0,7.0,21.6,1
2025-01-21 22:28:48,0.0,4.1,7.6,3
2025-01-22 00:18:08,0.0,1.8,4.3,2
2025-01-22 00:58:58,0.0,2.4,7.6,1
2025-01-22 02:15:34,0.0,2.9,6.5,3
2025-01-22 03:36:47,0.0,3.2,9.4,3
2025-01-22 07:56:45,0.0,4.6,9.7,3
2025-01-22 14:35:01,0.0,3.5,18.7,1
2025-01-22 15:20:09,0.1,5.9,27.4,51
2025-01-22 19:34:35,6.3,1.7,20.2,63
2025-01-22 19:51:13,0.0,4.4,14.0,3
2025-01-22 23:23:36,0.7,1.9,12.2,53
2025-01-23 03:49:34,0.0,1.2,2.2,3
2025-01-23 05:50:19,0.0,4.6,6.1,3
2025-01-23 05:53:00,0.0,8.2,18.4,3
2025-01-23 07:05:00,0.0,4.2,9.4,3
2025-01-23 09:28:31,0.0,0.9,12.6,2
2025-01-23 11:01:51,0.0,1.7,10.8,3
2025-01-23 11:55:30,0.0,6.3,22.7,0
2025-01-23 13:34:25,0.0,9.0,22.7,3
2025-01-23 14:20:05,0.0,4.2,27.0,3
2025-01-23 18:08:27,0.0,5.6,14.4,2
2025-01-23 18:25:57,0.0,9.8,25.2,2
2025-01-23 21:57:56,0.0,5.9,19.1,1
2025-01-24 00:09:31,0.0,8.1,13.3,2
2025-01-24 01:46:20,0.0,7.2,11.9,0
2025-01-24 04:39:33,0.0,1.8,7.9,3
2025-01-24 07:32:06,0.0,4.5,11.9,3
2025-01-24 08:04:40,0.0,9.4,22.7,3
2025-01-24 08:17:48,0.0,9.4,22.7,3
2025-01-24 09:44:19,0.0,3.6,15.8,1
2025-01-24 11:05:00,0.0,6.8,23.8,1
2025-01-24 13:49:34,0.0,7.3,22.0,0
2025-01-24 14:21:33,0.0,4.0,22.7,0
2025-01-24 16:01:49,0.0,4.6,22.0,2
2025-01-24 16:25:02,0.0,3.3,14.0,2
2025-01-24 20:07:57,0.0,2.9,8.3,3
2025-01-24 20:55:59,0.0,6.1,11.2,3
2025-01-24 23:47:00,0.0,7.7,15.8,3
2025-01-25 01:11:54,0.0,1.5,3.2,3
2025-01-25 04:14:38,0.0,4.4,9.0,3
2025-01-25 04:53:34,0.0,3.4,4.7,3
2025-01-25 07:24:07,0.0,7.8,16.9,1
2025-01-25 08:07:47,0.0,4.7,14.0,3
2025-01-25 08:59:28,0.0,2.9,11.2,3
2025-01-25 09:51:23,0.0,9.1,25.2,2
2025-01-25 15:20:49,0.1,7.9,37.8,51
2025-01-25 15:28:15,1.0,7.9,25.6,55
2025-01-25 20:57:32,0.0,4.5,8.3,3
2025-01-25 21:14:56,1.0,3.9,10.1,55
2025-01-26 00:42:37,0.4,7.4,16.2,51
2025-01-26 03:55:08,0.0,9.4,18.4,3
2025-01-26 05:31:50,0.0,8.1,19.8,3
2025-01-26 09:17:14,0.0,8.4,20.9,3
2025-01-26 13:22:09,0.0,10.6,30.2,3
2025-01-26 13:45:49,0.0,13.0,35.3,3
2025-01-26 14:27:11,0.0,10.5,33.1,3
2025-01-26 15:26:32,7.6,15.3,38.2,65
2025-01-26 15:55:01,0.1,6.0,26.6,51
2025-01-26 16:23:33,0.0,1.5,11.2,3
2025-01-26 18:21:37,0.5,4.8,16.6,53
2025-01-26 20:42:10,0.8,6.1,13.0,53
2025-01-26 21:53:02,0.2,3.7,16.6,51
2025-01-27 05:03:26,0.2,0.6,3.2,51
2025-01-27 05:32:26,0.0,0.6,0.7,3
2025-01-27 07:48:09,0.0,3.8,11.5,3
2025-01-27 08:12:45,0.0,4.4,15.1,3
2025-01-27 12:37:34,0.1,7.9,23.0,51
2025-01-27 12:53:33,0.2,10.3,29.2,51
2025-01-27 13:55:06,0.0,8.3,24.1,3
2025-01-27 14:24:03,5.3,8.6,23.0,63
2025-01-27 14:52:38,1.9,9.6,26.6,61
2025-01-27 15:00:43,2.9,1.0,23.4,63
2025-01-27 15:16:55,0.2,1.1,25.9,51
2025-01-27 16:07:47,0.1,0.4,18.7,51
2025-01-27 16:09:10,0.1,0.4,18.7,51
2025-01-27 16:12:28,0.1,1.9,18.4,51
2025-01-27 16:15:34,0.1,0.4,18.7,51
2025-01-27 17:22:43,0.9,2.7,15.5,53
2025-01-27 17:46:51,3.9,6.4,17.3,63
2025-01-27 18:30:32,0.1,4.9,13.0,51
2025-01-27 19:29:21,0.0,5.1,17.3,3
2025-01-27 19:53:49,1.6,6.9,14.8,61
2025-01-28 03:06:50,0.0,5.2,9.4,3
2025-01-28 05:58:58,0.1,6.4,10.8,51
2025-01-28 07:02:53,0.0,3.1,9.7,3
2025-01-28 07:32:00,0.1,4.2,12.2,51
2025-01-28 07:50:29,0.0,5.1,13.0,3
2025-01-28 08:41:18,0.0,5.8,15.1,3
2025-01-28 08:44:13,0.1,7.0,18.0,51
2025-01-28 12:15:59,0.1,9.6,26.3,51
2025-01-28 13:11:38,0.0,9.0,26.3,2
2025-01-28 16:41:16,0.5,2.2,14.4,53
2025-01-28 17:45:20,0.0,4.2,22.7,3
2025-01-28 19:12:05,1.7,7.9,16.6,61
2025-01-28 20:39:00,0.0,3.9,8.3,3
2025-01-29 02:42:26,0.0,0.4,5.0,3
2025-01-29 07:51:17,0.0,4.8,12.2,1
2025-01-29 09:16:01,0.0,4.7,17.3,1
2025-01-29 14:10:42,0.7,8.6,25.6,53
2025-01-29 15:09:41,6.1,5.7,20.2,63
2025-01-29 15:46:15,0.2,5.0,23.8,51
2025-01-29 15:56:15,0.0,6.0,16.6,3
2025-01-29 17:17:40,4.9,16.6,33.5,63
2025-01-29 21:59:50,0.3,6.6,13.3,51
2025-01-30 04:38:16,0.0,4.2,9.4,3
2025-01-30 05:11:12,0.7,4.1,12.6,53
2025-01-30 07:59:06,0.0,10.2,19.8,3
2025-01-30 09:26:51,0.1,8.3,23.4,51
2025-01-30 09:46:42,0.1,14.6,31.0,51
2025-01-30 14:32:28,0.4,6.0,24.5,51
2025-01-30 15:11:19,9.5,15.3,33.8,65
2025-01-30 18:11:32,0.4,7.0,19.4,51
2025-01-30 19:19:22,0.1,4.5,14.0,51
2025-01-30 20:28:53,4.4,5.3,17.3,63
2025-01-30 20:48:07,4.4,5.3,17.3,63
2025-01-30 21:24:46,1.0,4.7,9.0,55
2025-01-30 21:59:42,3.3,7.5,15.5,63
2025-01-30 23:19:14,0.9,6.8,15.5,53
2025-01-31 01:03:45,0.2,10.2,21.2,51
2025-01-31 05:35:13,2.8,5.2,11.2,63
2025-01-31 05:49:40,0.9,6.8,13.3,53
2025-01-31 06:08:16,1.0,10.0,23.0,55
2025-01-31 06:54:07,2.2,10.3,20.9,61
2025-01-31 07:03:09,1.6,14.3,28.4,61
2025-01-31 07:29:23,0.5,13.1,24.5,53
2025-01-31 07:38:47,0.5,13.1,24.5,53
2025-01-31 08:23:06,0.4,15.8,32.0,51
2025-01-31 10:46:42,0.5,8.5,27.4,53
2025-01-31 11:50:55,0.3,10.5,25.6,51
2025-01-31 13:09:52,0.6,14.0,31.3,53
2025-01-31 16:43:17,2.4,5.9,23.0,61
2025-01-31 16:44:55,0.8,7.8,30.6,53
2025-01-31 18:24:13,0.9,3.6,15.5,53
2025-01-31 18:37:31,1.1,6.1,17.3,55
2025-01-31 19:47:11,0.1,5.0,16.2,51
2025-01-31 20:27:49,1.6,4.2,17.6,61
2025-01-31 22:24:34,1.7,6.0,12.2,61
2025-01-31 22:40:27,0.7,7.5,13.0,53
2025-01-31 22:56:02,0.7,7.5,13.0,53
2025-02-01 00:59:40,1.6,9.0,15.5,61
2025-02-01 01:18:53,1.3,9.7,21.6,61
2025-02-01 04:42:00,1.1,9.0,17.6,55
2025-02-01 05:31:23,0.6,7.8,16.2,53
2025-02-01 06:18:20,1.2,7.8,15.5,55
2025-02-01 07:42:22,0.6,10.2,18.7,53
2025-02-01 10:23:46,0.9,11.4,26.3,53
2025-02-01 11:47:42,0.1,13.8,29.9,51
2025-02-01 18:07:36,0.0,3.8,12.6,3
2025-02-02 02:21:32,0.4,9.3,17.6,51
2025-02-02 03:34:54,0.1,8.3,15.8,51
2025-02-02 04:04:27,0.6,7.2,17.6,53
2025-02-02 04:55:58,0.0,9.2,18.7,3
2025-02-02 07:52:40,0.5,13.9,24.8,53
2025-02-02 13:52:48,0.0,12.3,36.7,3
2025-02-02 14:49:12,0.3,8.1,27.0,51
2025-02-02 17:01:24,0.0,2.6,15.8,3
2025-02-02 19:47:45,3.3,4.7,16.6,63
2025-02-02 21:18:19,0.1,8.4,15.5,51
2025-02-02 21:22:23,0.7,4.5,11.2,53
2025-02-02 21:59:38,1.1,7.5,14.4,55
2025-02-02 22:11:21,0.2,9.8,18.7,51
2025-02-02 23:52:52,0.4,10.4,22.7,51
2025-02-03 05:02:54,0.8,3.6,7.2,53
2025-02-03 05:19:01,0.1,10.3,20.2,51
2025-02-03 07:42:16,0.0,13.1,29.5,3
2025-02-03 08:00:16,0.0,13.9,29.2,3
2025-02-03 08:46:35,0.0,13.7,31.3,3
2025-02-03 11:43:08,0.0,16.2,40.7,3
2025-02-03 14:06:22,1.3,17.8,39.6,61
2025-02-03 15:27:12,0.0,13.1,33.1,3
2025-02-03 15:51:32,0.0,9.8,34.6,3
2025-02-03 15:53:04,0.0,13.8,39.2,3
2025-02-03 17:28:29,1.3,5.0,23.0,61
2025-02-03 17:35:35,1.2,11.9,40.0,55
2025-02-03 23:29:52,1.0,6.3,11.9,55
2025-02-04 00:20:46,0.0,9.5,19.4,3
2025-02-04 06:31:12,0.0,4.7,14.8,3
2025-02-04 06:37:29,0.0,4.2,11.2,3
2025-02-04 07:07:31,0.0,6.4,17.3,3
2025-02-04 07:51:24,0.0,7.6,13.7,3
2025-02-04 08:03:57,0.0,5.2,14.4,3
2025-02-04 11:07:47,0.0,8.6,19.1,3
2025-02-04 15:12:00,0.1,14.6,43.2,51
2025-02-04 18:04:03,0.0,1.4,9.0,3
2025-02-04 18:19:26,0.0,3.3,17.3,3
2025-02-05 06:41:00,0.0,9.4,22.7,3
2025-02-05 06:53:27,0.7,7.1,16.2,53
2025-02-05 06:55:29,0.7,7.1,16.2,53
2025-02-05 11:01:00,0.0,9.7,29.9,3
2025-02-05 13:00:50,0.1,12.0,35.6,51
2025-02-05 15:01:32,0.8,12.2,37.1,53
2025-02-05 23:25:29,0.0,2.0,2.9,3
2025-02-06 00:06:32,0.0,1.7,6.8,3
2025-02-06 05:32:17,0.0,4.1,10.4,3
2025-02-06 06:07:37,0.0,4.3,7.6,3
2025-02-06 07:25:47,0.0,6.6,15.8,3
2025-02-06 09:51:28,0.0,2.5,11.2,3
2025-02-06 13:56:05,0.0,6.5,23.8,1
2025-02-06 16:42:37,0.0,8.4,26.3,3
2025-02-06 17:12:42,0.5,6.8,16.2,53
2025-02-06 18:01:19,0.0,2.3,9.7,3
2025-02-06 18:28:09,0.0,5.6,12.6,3
2025-02-06 19:31:53,0.0,4.0,7.9,1
2025-02-06 20:38:08,0.0,0.5,4.0,0
2025-02-06 22:21:22,0.0,7.7,21.6,2
2025-02-06 23:31:12,0.1,1.3,19.4,51
2025-02-07 01:31:59,0.0,5.6,15.5,0
2025-02-07 03:08:45,0.0,1.0,8.6,1
2025-02-07 06:17:43,0.0,1.1,6.5,3
2025-02-07 06:17:58,0.0,1.1,6.5,3
2025-02-07 06:54:46,0.0,0.6,1.8,1
2025-02-07 07:16:37,0.0,3.5,12.2,0
2025-02-07 07:38:04,0.0,4.1,11.2,0
2025-02-07 07:39:15,0.0,5.3,12.2,3
2025-02-07 08:01:59,0.0,2.1,11.2,0
2025-02-07 08:49:00,0.0,6.2,16.2,0
2025-02-07 10:20:06,0.0,1.8,12.6,0
2025-02-07 10:31:23,0.0,8.3,23.0,0
2025-02-07 11:14:11,0.0,2.3,13.3,0
2025-02-07 13:22:40,0.0,3.6,17.3,2
2025-02-07 16:01:00,0.1,8.5,19.1,51
2025-02-07 16:47:03,0.3,4.3,28.1,51
2025-02-07 16:56:49,0.1,4.2,24.5,51
2025-02-07 18:11:05,2.2,2.6,28.8,61
2025-02-07 18:59:31,0.0,6.0,25.2,3
2025-02-07 20:03:40,0.0,7.8,16.6,2
2025-02-07 20:57:26,0.0,6.6,14.8,2
2025-02-07 21:00:00,0.0,7.1,16.2,3
2025-02-07 22:35:37,0.0,4.6,8.6,2
2025-02-08 00:10:33,0.0,5.2,10.8,0
2025-02-08 02:48:16,0.0,8.0,17.3,0
2025-02-08 04:11:02,0.0,9.6,16.6,0
2025-02-08 06:15:55,0.0,13.5,23.4,0
2025-02-08 06:35:03,0.0,7.6,14.0,1
2025-02-08 09:33:43,0.0,9.7,21.6,1
2025-02-08 13:04:45,0.0,9.3,28.4,1
2025-02-08 13:36:00,0.0,12.2,30.2,0
2025-02-08 16:12:03,0.2,15.7,36.7,51
2025-02-08 17:46:44,0.1,15.6,36.4,51
2025-02-08 19:32:55,0.0,11.5,28.1,1
2025-02-08 20:50:48,0.0,12.7,22.7,3
2025-02-08 22:44:46,0.0,14.1,30.2,1
2025-02-09 03:13:34,0.0,12.7,27.4,0
2025-02-09 12:34:03,0.0,5.0,19.8,2
2025-02-09 13:11:49,0.0,7.2,22.0,2
2025-02-09 15:23:40,0.1,4.1,15.5,51
2025-02-09 17:19:53,0.1,14.5,33.8,51
2025-02-09 18:05:43,0.0,2.9,10.4,3
2025-02-09 20:27:00,0.0,5.2,13.0,0
2025-02-10 05:25:00,0.0,5.2,9.0,1
2025-02-10 07:09:51,0.0,6.5,13.0,0
2025-02-10 07:26:33,0.0,4.3,9.0,3
2025-02-10 07:33:49,0.0,8.0,15.1,0
2025-02-10 08:50:19,0.0,7.9,20.5,1
2025-02-10 09:02:51,0.0,9.8,27.0,3
2025-02-10 10:32:25,0.0,9.3,25.2,2
2025-02-10 14:35:05,0.0,7.8,23.0,3
2025-02-10 15:04:18,0.0,6.1,20.2,3
2025-02-10 15:09:49,0.0,5.7,19.1,3
2025-02-10 17:09:26,1.4,1.7,14.0,61
2025-02-10 17:25:51,0.5,7.3,18.7,53
2025-02-10 17:33:17,0.1,1.9,17.6,51
2025-02-10 18:51:36,0.0,7.3,19.1,3
2025-02-10 19:33:12,0.0,3.5,14.0,3
2025-02-10 20:47:21,0.0,3.4,9.0,3
2025-02-10 21:25:22,0.0,3.1,6.5,3
2025-02-11 04:56:20,0.0,5.9,11.2,1
2025-02-11 05:10:00,0.0,2.5,3.6,3
2025-02-11 06:11:40,0.0,5.1,11.9,3
2025-02-11 07:51:36,0.0,8.6,15.8,0
2025-02-11 08:23:35,0.0,5.6,15.8,3
2025-02-11 09:54:09,0.0,8.6,20.5,3
2025-02-11 10:13:32,0.0,9.0,22.7,2
2025-02-11 12:46:00,0.0,3.9,21.6,3
2025-02-11 16:12:40,0.0,8.2,18.0,3
2025-02-12 06:36:40,0.0,3.1,5.0,3
2025-02-12 06:48:52,0.0,5.4,10.4,0
2025-02-12 08:02:44,0.0,8.1,20.5,3
2025-02-12 08:55:36,0.0,6.0,18.0,3
2025-02-12 14:26:11,0.0,7.8,22.7,3
2025-02-12 14:59:11,0.0,9.5,28.1,3
2025-02-12 17:44:46,0.0,7.1,21.2,3
2025-02-13 00:04:44,6.5,4.6,23.4,63
2025-02-13 06:58:10,0.0,2.0,4.7,1
2025-02-13 07:10:42,0.0,4.9,12.6,2
2025-02-13 07:41:55,0.0,0.8,6.8,1
2025-02-13 07:54:58,0.0,6.2,13.0,3
2025-02-13 08:15:14,0.0,0.2,8.3,1
2025-02-13 10:43:13,0.0,2.2,10.8,0
2025-02-13 11:02:49,0.0,7.7,28.1,1
2025-02-13 11:39:40,0.1,9.8,27.0,51
2025-02-13 14:32:12,0.0,7.8,24.5,1
2025-02-13 15:50:02,0.0,7.2,24.1,2
2025-02-13 16:17:16,0.0,2.4,20.5,3
2025-02-13 17:36:04,0.0,4.2,21.2,3
2025-02-13 18:08:25,0.0,5.2,30.2,3
2025-02-13 18:52:25,0.0,5.2,30.2,3
2025-02-13 20:22:03,0.0,2.2,9.4,3
2025-02-14 03:33:31,0.0,3.0,9.4,3
2025-02-14 07:13:12,0.0,0.8,6.1,0
2025-02-14 08:01:56,0.0,3.2,12.6,0
2025-02-14 09:53:06,0.0,0.6,11.9,0
2025-02-14 11:22:22,0.0,8.1,24.1,1
2025-02-14 12:39:06,0.0,6.7,22.3,0
2025-02-14 12:54:57,0.0,6.7,24.1,0
2025-02-14 13:38:51,0.0,7.0,21.2,0
2025-02-14 14:04:10,0.4,7.0,27.7,51
2025-02-14 16:07:04,0.1,5.8,22.0,51
2025-02-14 17:22:25,1.8,6.1,25.6,61
2025-02-14 17:41:00,0.0,3.6,13.3,2
2025-02-14 17:42:12,0.7,6.4,19.8,53
2025-02-14 18:00:35,0.0,10.2,24.5,3
2025-02-14 19:03:18,0.0,4.9,19.4,3
2025-02-14 19:29:58,0.0,4.9,19.4,3
2025-02-14 21:46:39,0.0,7.3,14.0,3
2025-02-14 23:26:48,0.0,7.0,13.7,2
2025-02-14 23:38:32,0.0,7.7,14.4,3
2025-02-14 23:48:56,0.0,4.2,10.1,3
2025-02-15 00:24:14,0.0,3.3,8.3,3
2025-02-15 01:13:06,0.0,4.1,9.4,0
2025-02-15 04:34:01,0.0,7.8,13.7,0
2025-02-15 05:04:15,0.0,4.8,9.7,0
2025-02-15 05:44:04,0.0,3.1,6.1,0
2025-02-15 07:51:21,0.0,7.8,16.6,0
2025-02-15 08:21:23,0.0,4.7,13.0,0
2025-02-15 15:51:42,0.0,7.3,20.5,1
2025-02-15 17:42:41,0.3,6.1,23.4,51
2025-02-15 18:00:00,0.0,4.8,16.9,3
2025-02-15 21:01:07,0.0,6.7,14.0,2
2025-02-15 21:19:35,0.0,4.5,7.9,3
2025-02-15 23:02:39,0.0,11.0,27.0,2
2025-02-15 23:02:46,0.0,5.4,9.7,2
2025-02-16 01:02:52,0.0,3.1,9.7,3
2025-02-16 02:58:18,0.0,7.4,14.8,3
2025-02-16 04:40:00,0.0,2.4,4.0,2
2025-02-16 06:25:37,0.0,3.9,11.2,3
2025-02-16 10:28:18,0.0,13.9,37.4,3
2025-02-16 11:28:50,0.1,14.5,38.5,51
2025-02-16 12:43:27,0.0,15.3,39.6,0
2025-02-16 14:16:29,0.0,12.5,29.9,3
2025-02-16 15:50:08,0.0,9.2,31.0,3
2025-02-16 16:37:40,0.0,13.2,35.3,3
2025-02-16 17:11:50,0.0,10.8,31.3,3
2025-02-16 19:33:01,0.0,0.7,9.4,3
2025-02-16 20:39:55,0.0,1.7,10.8,3
2025-02-16 21:08:10,0.0,2.8,5.4,3
2025-02-16 21:10:27,0.0,9.4,16.6,0
2025-02-16 21:56:34,0.0,7.5,17.3,0
2025-02-16 22:00:17,0.0,4.5,8.6,3
2025-02-17 00:35:55,0.0,5.8,9.0,0
2025-02-17 06:54:31,0.0,4.7,11.2,0
2025-02-17 07:19:41,0.0,3.6,9.4,0
2025-02-17 07:41:48,0.0,7.6,15.5,0
2025-02-17 07:42:05,0.0,4.5,7.6,0
2025-02-17 08:07:04,0.0,7.2,20.2,0
2025-02-17 08:14:58,0.0,6.3,18.4,0
2025-02-17 09:10:00,0.0,3.2,13.3,0
2025-02-17 09:53:22,0.0,7.2,19.1,0
2025-02-17 10:12:33,0.0,11.0,30.6,0
2025-02-17 14:42:15,0.0,11.4,33.5,0
2025-02-17 14:52:54,0.0,11.9,34.9,0
2025-02-17 18:28:47,0.0,10.2,31.7,0
2025-02-17 21:44:21,0.0,8.2,15.5,0
2025-02-18 00:46:42,0.0,4.8,8.3,0
2025-02-18 01:55:39,0.3,7.0,11.5,51
2025-02-18 08:26:11,0.0,0.7,10.4,0
2025-02-18 09:11:18,0.0,7.7,20.2,1
2025-02-18 09:39:14,0.0,4.2,18.4,0
2025-02-18 11:18:54,0.0,6.7,24.1,1
2025-02-18 12:15:31,0.0,6.0,22.3,1
2025-02-18 16:11:16,0.3,6.2,16.2,51
2025-02-18 18:07:00,0.0,6.3,29.9,1
2025-02-18 18:34:44,3.1,6.3,13.3,63
2025-02-18 21:51:44,0.0,9.7,17.3,1
2025-02-18 22:14:45,0.0,3.3,13.7,3
2025-02-18 22:27:01,0.0,5.7,16.9,3
2025-02-19 01:14:13,0.0,6.3,17.3,3
2025-02-19 03:54:00,0.0,2.0,7.2,3
2025-02-19 06:59:16,0.0,2.2,5.0,3
2025-02-19 07:44:29,0.0,4.9,15.5,0
2025-02-19 08:04:06,0.0,1.3,9.7,3
2025-02-19 09:31:58,0.0,5.8,19.1,0
2025-02-19 12:55:29,0.0,11.9,32.8,1
2025-02-19 13:21:56,0.0,8.7,30.6,0
2025-02-19 16:20:11,1.2,7.9,27.0,55
2025-02-19 17:13:42,0.0,4.7,19.4,2
2025-02-19 17:41:36,0.0,12.5,26.6,1
2025-02-19 18:01:20,0.0,0.0,6.8,2
2025-02-19 18:07:17,0.5,3.9,22.3,53
2025-02-19 18:23:43,0.0,3.9,13.7,1
2025-02-19 18:30:40,0.0,5.5,11.9,2
2025-02-19 18:55:02,0.0,2.7,12.6,2
2025-02-19 19:48:12,0.0,2.2,11.9,3
2025-02-19 21:59:39,6.8,15.2,31.7,63
2025-02-20 04:10:06,0.0,5.8,17.3,1
2025-02-20 07:53:33,0.0,9.2,15.8,0
2025-02-20 08:10:34,0.0,3.0,12.2,2
2025-02-20 08:38:18,0.0,5.4,15.8,3
2025-02-20 08:42:42,0.0,5.1,15.8,1
2025-02-20 09:57:27,0.0,4.7,15.8,2
2025-02-20 13:19:01,0.0,7.7,29.5,2
2025-02-20 15:22:54,0.3,5.3,24.5,51
2025-02-20 15:54:52,0.0,2.4,21.6,3
2025-02-20 19:43:00,0.0,7.2,16.2,3
2025-02-20 23:32:32,0.0,4.1,9.0,3
2025-02-20 23:44:55,0.0,4.1,9.0,3
2025-02-21 03:35:40,0.0,7.4,13.3,3
2025-02-21 05:10:48,0.0,9.2,15.5,0
2025-02-21 06:57:47,0.0,10.0,20.2,3
2025-02-21 07:39:22,0.0,8.0,15.8,3
2025-02-21 11:14:25,0.1,4.7,24.5,51
2025-02-21 11:20:50,0.0,3.6,22.7,1
2025-02-21 14:45:50,0.0,1.8,15.5,1
2025-02-21 15:22:38,1.2,7.7,22.7,55
2025-02-21 16:33:00,1.0,9.2,29.9,55
2025-02-21 16:36:34,0.0,11.2,26.3,1
2025-02-21 17:07:29,0.0,13.6,28.4,2
2025-02-21 17:51:00,0.0,6.8,18.7,1
2025-02-21 18:00:56,0.0,7.5,19.8,3
2025-02-21 18:02:29,0.0,12.0,32.0,2
2025-02-21 18:31:31,0.0,7.5,19.8,3
2025-02-21 19:39:15,0.0,10.4,21.6,3
2025-02-21 20:59:19,0.0,10.8,19.4,2
2025-02-21 23:32:43,0.0,4.8,8.6,0
2025-02-22 01:07:21,0.0,12.8,24.8,0
2025-02-22 02:04:00,0.0,7.4,18.0,3
2025-02-22 05:35:24,0.0,8.5,17.6,3
2025-02-22 08:12:34,0.0,13.7,30.2,3
2025-02-22 09:08:56,0.0,10.9,27.7,3
2025-02-22 13:08:52,0.0,9.2,25.6,1
2025-02-22 16:09:45,0.1,8.5,23.4,51
2025-02-22 16:48:05,0.0,6.7,20.5,1
2025-02-22 17:12:28,0.0,7.1,17.3,1
2025-02-22 17:17:46,1.5,7.4,29.2,61
2025-02-22 17:40:18,1.5,7.4,29.2,61
2025-02-22 18:50:51,0.0,8.6,27.4,0
2025-02-22 21:19:34,0.0,10.0,20.5,0
2025-02-22 23:26:54,0.0,12.0,21.2,1
2025-02-23 02:16:21,0.0,11.3,23.4,0
2025-02-23 04:54:20,0.0,11.4,23.4,1
2025-02-23 05:20:47,0.0,7.6,15.1,0
2025-02-23 09:02:21,0.0,14.5,33.1,1
2025-02-23 09:09:27,0.0,11.4,26.3,0
2025-02-23 15:28:03,0.0,6.3,19.1,0
2025-02-23 16:47:02,0.0,11.0,29.2,1
2025-02-23 19:42:50,0.0,11.8,24.8,1
2025-02-23 20:03:18,0.0,10.0,21.2,1
2025-02-23 20:52:50,0.0,8.7,17.3,1
2025-02-23 22:38:24,0.0,14.4,27.4,2
2025-02-24 03:23:20,0.0,9.1,21.2,2
2025-02-24 07:47:58,0.0,10.3,21.6,3
2025-02-24 09:01:29,0.0,9.8,27.4,3
2025-02-24 10:12:39,0.0,14.3,37.4,3
2025-02-24 10:35:49,0.0,14.6,32.8,3
2025-02-24 14:01:39,0.0,8.7,29.5,3
2025-02-24 18:09:27,0.0,10.7,27.4,3
2025-02-24 18:18:01,0.0,10.7,27.4,3
2025-02-24 18:25:59,0.0,6.0,17.6,2
2025-02-24 20:29:57,0.0,7.1,12.6,3
2025-02-24 20:39:51,0.0,8.4,22.3,3
2025-02-24 22:44:40,0.0,7.4,15.1,3
2025-02-24 23:02:42,0.0,8.5,15.5,3
2025-02-25 03:58:22,0.0,8.5,15.5,1
2025-02-25 04:04:54,0.0,5.5,12.6,3
2025-02-25 05:32:36,0.0,6.8,11.2,0
2025-02-25 07:57:20,0.0,7.7,15.1,3
2025-02-25 08:14:04,0.0,8.5,23.0,0
2025-02-25 10:03:12,0.0,12.3,31.7,0
2025-02-25 15:17:00,0.0,14.1,32.4,3
2025-02-25 15:27:00,0.2,12.0,29.9,51
2025-02-25 16:59:55,0.0,8.5,24.1,0
2025-02-25 17:45:28,0.0,12.3,32.4,0
2025-02-25 18:45:52,0.0,11.9,31.3,0
2025-02-25 20:29:02,0.0,4.8,11.2,3
2025-02-26 00:28:04,0.0,9.2,18.4,0
2025-02-26 02:00:29,0.0,8.3,16.2,0
2025-02-26 02:52:42,0.0,8.3,16.2,0
2025-02-26 04:52:00,0.0,6.0,10.1,2
2025-02-26 06:13:14,0.0,4.9,9.4,0
2025-02-26 07:30:51,0.0,9.7,16.2,3
2025-02-26 07:51:28,0.0,6.5,16.6,0
2025-02-26 08:08:18,0.0,9.7,22.0,1
2025-02-26 08:51:22,0.0,10.4,26.3,0
2025-02-26 13:54:23,0.0,8.6,28.1,1
2025-02-26 14:35:56,0.0,6.5,23.8,0
2025-02-26 14:35:59,0.0,4.6,23.4,0
2025-02-26 16:58:53,0.0,5.0,19.1,1
2025-02-26 17:07:33,0.0,5.5,18.0,1
2025-02-26 17:35:00,0.0,5.9,18.7,0
2025-02-26 17:39:24,0.0,7.6,19.1,0
2025-02-26 17:51:43,0.0,8.2,23.4,1
2025-02-26 18:10:26,0.0,8.1,20.9,1
2025-02-26 19:35:28,0.0,9.0,23.8,0
2025-02-26 21:17:58,0.0,6.9,14.0,1
2025-02-26 22:54:16,0.0,7.3,13.7,1
2025-02-27 04:16:47,0.0,7.9,13.3,0
2025-02-27 06:38:58,0.0,7.6,14.4,0
2025-02-27 08:53:12,0.0,4.5,15.1,0
2025-02-27 09:28:24,0.0,8.7,24.8,0
2025-02-27 12:01:18,0.0,7.2,27.7,3
2025-02-27 14:17:42,0.1,4.5,17.3,51
2025-02-27 19:28:58,0.0,3.4,7.6,1
2025-02-27 23:54:51,0.0,13.8,27.7,0
2025-02-28 01:11:12,0.0,12.8,25.9,0
2025-02-28 04:05:02,0.0,5.5,11.5,0
2025-02-28 04:57:27,0.0,5.0,9.0,0
2025-02-28 06:41:09,0.0,4.1,7.2,0
2025-02-28 10:01:31,0.0,14.0,32.0,0
2025-02-28 11:30:24,0.0,7.8,25.9,1
2025-02-28 11:57:48,0.0,11.3,27.7,0
2025-02-28 13:16:58,0.0,6.2,24.8,3
2025-02-28 13:44:29,0.0,7.3,23.4,3
2025-02-28 16:07:25,0.0,5.8,21.6,1
2025-02-28 16:36:06,0.1,2.0,17.3,51
2025-02-28 17:15:45,0.0,3.1,15.8,1
2025-02-28 17:25:42,0.0,6.1,23.8,1
2025-02-28 18:19:51,0.0,6.7,26.6,1
2025-02-28 21:29:47,0.0,9.1,19.4,0
2025-02-28 22:28:26,0.0,12.5,26.6,0
2025-03-01 01:09:00,0.0,7.4,11.9,0
2025-03-01 02:20:46,0.0,11.3,21.2,0
2025-03-01 03:29:43,0.0,11.4,21.2,0
2025-03-01 04:23:06,0.0,8.7,17.3,0
2025-03-01 04:58:02,0.0,8.2,15.1,0
2025-03-01 05:02:54,0.0,7.1,16.9,0
2025-03-01 06:19:47,0.0,12.9,23.4,0
2025-03-01 08:01:19,0.0,10.9,26.3,0
2025-03-01 11:24:00,0.0,12.9,30.2,0
2025-03-01 12:56:19,0.0,12.9,30.6,0
2025-03-01 15:25:59,0.0,12.8,30.6,0
2025-03-01 15:33:00,0.0,9.9,22.3,3
2025-03-01 17:22:55,0.0,14.2,38.9,0
2025-03-01 22:00:58,0.0,14.8,32.4,0
2025-03-02 01:34:26,0.0,4.9,13.0,1
2025-03-02 05:13:26,0.0,4.6,11.2,0
2025-03-02 06:39:11,0.0,2.9,8.3,0
2025-03-02 10:08:05,0.0,11.6,27.0,2
2025-03-02 11:45:44,0.0,12.1,28.8,2
2025-03-02 11:57:15,0.0,10.5,33.1,3
2025-03-02 18:46:01,0.0,7.0,19.4,3
2025-03-02 19:23:07,0.0,8.3,24.5,1
2025-03-02 19:26:14,0.0,8.9,29.2,0
2025-03-02 20:21:48,0.0,12.1,28.8,0
2025-03-02 20:51:03,0.0,8.7,28.8,0
2025-03-02 23:44:17,0.0,10.6,23.0,0
2025-03-03 03:08:39,0.0,11.8,22.7,0
2025-03-03 10:59:36,0.0,5.4,21.2,0
2025-03-03 11:17:25,0.0,2.9,20.5,1
2025-03-03 12:21:43,0.0,9.0,24.8,0
2025-03-03 18:47:11,0.0,10.3,24.5,1
2025-03-03 21:04:54,0.0,10.4,27.4,0
2025-03-03 23:19:00,0.0,11.6,21.6,0
2025-03-04 05:21:14,0.0,7.9,15.5,0
2025-03-04 06:40:22,0.0,10.5,20.5,0
2025-03-04 09:09:09,0.0,7.9,22.3,0
2025-03-04 10:11:37,0.0,15.8,37.1,0
2025-03-04 12:17:49,0.0,12.6,32.0,0
2025-03-04 12:53:29,0.0,9.6,34.6,0
2025-03-04 14:20:27,0.0,9.6,28.8,1
2025-03-05 01:08:14,0.0,9.6,23.4,3
2025-03-05 02:04:24,0.0,9.7,18.4,3
2025-03-05 03:09:33,0.0,13.7,27.7,0
2025-03-05 08:19:11,0.0,7.4,20.9,0
2025-03-05 09:25:21,0.0,9.8,24.1,3
2025-03-05 14:11:25,0.1,11.1,29.9,51
2025-03-05 14:48:34,0.0,8.3,27.0,0
2025-03-05 15:56:00,0.1,7.7,24.8,51
2025-03-05 16:20:32,0.0,7.8,24.1,1
2025-03-05 17:16:31,0.0,8.8,19.8,3
2025-03-05 18:48:03,0.0,7.5,22.7,0
2025-03-05 22:34:54,0.0,15.0,33.8,0
2025-03-05 22:45:00,0.0,7.6,17.3,0
2025-03-06 06:47:32,0.0,8.8,22.7,0
2025-03-06 07:59:17,0.0,9.0,19.1,0
2025-03-06 08:22:34,0.0,4.6,16.2,0
2025-03-06 14:03:02,0.0,10.6,32.0,0
2025-03-06 14:44:15,0.0,11.6,36.4,0
2025-03-06 17:22:39,0.0,9.7,19.1,1
2025-03-06 18:48:48,0.0,8.8,16.2,1
2025-03-06 19:57:46,0.0,12.1,21.6,0
2025-03-07 06:53:18,0.0,10.0,23.0,0
2025-03-07 07:26:49,0.0,6.6,15.8,0
2025-03-07 08:39:18,0.0,10.9,27.7,0
2025-03-07 10:43:46,0.0,7.4,21.2,0
2025-03-07 10:53:10,0.0,7.4,21.2,0
2025-03-07 13:44:48,0.0,12.9,37.1,0
2025-03-07 14:43:01,0.0,13.8,33.1,0
2025-03-07 15:30:52,0.0,13.1,31.3,0
2025-03-07 19:26:06,0.0,4.5,14.8,1
2025-03-07 22:30:19,0.0,7.0,18.0,0
2025-03-07 22:58:45,0.0,7.1,15.1,0
2025-03-07 23:11:05,0.0,11.9,31.7,0
2025-03-08 05:49:00,0.0,7.6,15.8,0
2025-03-08 08:10:39,0.0,5.2,17.6,0
2025-03-08 08:21:24,0.0,3.0,14.4,0
2025-03-08 08:40:55,0.0,3.5,11.9,0
2025-03-08 09:48:53,0.0,5.6,21.2,0
2025-03-08 11:12:39,0.0,8.6,25.6,1
2025-03-08 14:04:51,0.0,3.4,20.2,1
2025-03-08 16:38:26,0.4,8.3,24.5,51
2025-03-08 20:55:40,0.0,7.8,23.8,1
2025-03-08 23:23:07,0.0,6.1,17.6,0
2025-03-09 00:42:54,0.0,6.6,13.7,0
2025-03-09 05:33:33,0.0,2.6,5.4,0
2025-03-09 06:13:13,0.0,0.9,5.8,3
2025-03-09 06:19:07,0.0,0.5,5.0,0
2025-03-09 06:20:18,0.0,0.9,5.8,3
2025-03-09 17:06:12,0.0,8.5,19.8,1
2025-03-09 18:55:43,0.0,5.6,19.1,1
2025-03-09 20:21:25,0.0,7.8,20.9,0
2025-03-09 21:56:15,0.0,12.0,21.2,0
2025-03-10 05:08:09,0.0,8.2,20.9,3
2025-03-10 06:55:20,0.0,6.2,12.6,3
2025-03-10 14:45:03,0.0,4.3,19.4,1
2025-03-10 15:01:32,0.0,11.4,34.9,3
2025-03-10 15:09:00,0.1,9.2,26.6,51
2025-03-10 15:12:07,0.0,9.0,25.9,3
2025-03-10 16:32:55,0.5,4.6,22.0,53
2025-03-10 16:45:31,2.4,13.4,30.6,61
2025-03-10 21:19:08,0.0,7.9,15.8,3
2025-03-10 21:29:19,0.0,6.4,13.0,3
2025-03-11 08:16:01,0.0,5.0,14.8,3
2025-03-11 11:42:22,0.0,5.6,23.8,1
2025-03-11 11:52:15,0.0,6.2,22.7,2
2025-03-11 18:56:23,0.1,8.4,19.8,51
2025-03-11 19:05:32,0.1,4.7,15.1,51
2025-03-11 19:41:48,0.2,5.7,19.1,51
2025-03-11 20:23:36,0.0,3.9,9.7,3
2025-03-11 21:20:19,0.0,5.1,12.2,3
2025-03-11 22:38:41,0.0,8.7,18.7,3
2025-03-11 23:00:07,0.0,11.3,23.0,3
2025-03-12 01:36:49,0.0,12.3,22.7,0
2025-03-12 04:36:09,0.0,11.1,26.6,3
2025-03-12 07:15:58,0.0,4.3,9.7,2
2025-03-12 07:32:00,0.0,7.9,17.3,1
2025-03-12 08:09:58,0.0,5.3,14.8,3
2025-03-12 08:10:20,0.0,4.1,13.7,3
2025-03-12 10:58:55,0.0,5.4,19.1,2
2025-03-12 13:56:08,0.1,7.9,24.1,51
2025-03-12 19:28:30,3.5,3.5,15.8,63
2025-03-12 20:28:00,0.0,12.9,24.5,3
2025-03-13 05:13:45,0.0,5.4,10.1,3
2025-03-13 08:21:55,0.0,6.2,19.1,3
2025-03-13 09:31:26,0.0,6.4,20.2,0
2025-03-13 10:16:12,0.0,6.3,19.8,3
2025-03-13 12:55:52,0.0,8.6,27.0,2
2025-03-13 15:16:30,0.0,9.0,25.2,1
2025-03-13 15:43:18,2.6,7.2,28.4,63
2025-03-13 16:55:52,0.1,10.2,24.8,51
2025-03-13 17:43:47,0.1,11.8,28.1,51
2025-03-13 18:58:16,0.4,9.8,25.6,51
2025-03-13 20:15:57,0.0,5.8,14.4,3
2025-03-13 21:31:54,0.0,5.5,10.1,2
2025-03-13 22:31:27,0.0,1.7,7.6,1
2025-03-14 00:16:13,0.0,4.0,10.8,0
2025-03-14 00:40:57,0.4,2.7,23.8,51
2025-03-14 01:04:34,0.1,4.7,12.6,51
2025-03-14 01:21:44,0.5,2.2,6.8,53
2025-03-14 06:23:12,0.0,2.7,5.8,3
2025-03-14 08:39:13,0.0,3.9,14.0,1
2025-03-14 08:58:06,0.0,3.2,11.9,3
2025-03-14 12:22:51,0.0,3.5,18.0,0
2025-03-14 14:53:05,0.0,6.7,25.6,3
2025-03-14 15:47:06,0.1,8.6,19.4,51
2025-03-14 16:27:00,0.0,11.9,28.1,2
2025-03-14 17:10:13,0.1,8.8,29.2,51
2025-03-14 17:23:35,0.0,7.0,24.5,2
2025-03-14 17:43:59,0.1,7.6,27.0,51
2025-03-14 18:11:45,0.0,4.6,17.3,2
2025-03-14 19:19:48,0.0,3.6,23.4,3
2025-03-14 21:45:21,0.0,6.9,19.1,2
2025-03-14 21:57:24,0.0,6.9,19.1,2
2025-03-14 22:27:32,0.0,10.7,24.8,1
2025-03-14 23:00:14,0.0,12.7,29.2,1
2025-03-15 01:42:46,0.0,6.8,15.5,2
2025-03-15 05:07:07,0.0,8.5,17.3,0
2025-03-15 09:43:00,0.0,6.1,19.1,0
2025-03-15 10:30:02,0.0,7.1,26.6,0
2025-03-15 12:56:55,0.0,2.1,16.9,1
2025-03-15 16:30:38,0.7,10.5,45.4,53
2025-03-15 17:39:55,2.2,13.8,31.7,61
2025-03-15 18:05:02,0.0,6.4,18.4,3
2025-03-15 21:29:36,0.0,10.9,23.4,3
2025-03-15 21:59:50,0.0,11.9,21.6,3
2025-03-16 05:19:20,0.0,9.7,23.8,3
2025-03-16 05:33:27,0.0,9.3,17.3,0
2025-03-16 06:09:30,0.0,9.4,18.0,0
2025-03-16 06:18:44,0.0,8.8,18.4,3
2025-03-16 06:41:19,0.0,9.4,18.0,0
2025-03-16 13:02:31,0.6,9.1,25.6,53
2025-03-16 13:40:53,0.0,7.0,21.2,3
2025-03-16 14:08:51,0.0,2.8,19.1,3
2025-03-16 15:15:27,0.1,1.5,20.9,51
2025-03-16 15:35:46,0.0,4.3,19.4,2
2025-03-16 16:15:21,0.8,13.3,29.5,53
2025-03-16 18:54:05,8.4,8.6,28.8,65
2025-03-16 19:01:07,0.1,10.2,18.0,51
2025-03-16 19:08:41,0.1,10.2,18.0,51
2025-03-16 21:20:50,0.0,14.7,33.5,2
2025-03-16 23:52:01,0.1,9.2,19.8,51
2025-03-17 00:58:48,0.4,11.2,22.3,51
2025-03-17 03:53:26,0.0,7.7,18.0,3
2025-03-17 04:27:13,0.0,6.0,10.4,1
2025-03-17 06:17:00,0.0,3.9,11.9,3
2025-03-17 10:14:55,0.0,5.1,21.2,3
2025-03-17 11:28:04,0.1,8.9,27.4,51
2025-03-17 12:18:42,0.0,7.9,24.8,3
2025-03-17 12:20:32,0.2,4.0,28.8,51
2025-03-17 13:39:43,0.0,6.4,16.9,3
2025-03-17 13:41:51,0.1,6.7,23.4,51
2025-03-17 14:21:39,0.0,5.8,18.7,3
2025-03-17 17:57:08,0.1,6.5,20.2,51
2025-03-17 18:58:32,0.0,7.8,16.9,3
2025-03-17 19:43:10,0.0,6.6,15.8,1
2025-03-18 05:31:24,0.0,6.1,17.6,0
2025-03-18 05:41:18,0.0,0.6,1.4,2
2025-03-18 13:52:44,0.0,6.4,25.2,2
2025-03-18 15:21:30,0.0,6.5,29.5,3
2025-03-18 18:18:34,4.3,4.2,16.6,63
2025-03-18 19:19:53,1.5,2.6,6.1,61
2025-03-18 21:01:42,0.6,5.9,13.3,53
2025-03-18 22:44:11,0.9,5.0,18.4,53
2025-03-18 23:59:41,0.0,4.2,15.8,3
2025-03-19 06:38:35,0.0,5.6,11.5,3
2025-03-19 14:49:12,0.0,8.0,21.6,3
2025-03-19 16:26:34,0.0,17.0,41.4,2
2025-03-19 18:33:29,1.9,10.6,28.8,61
2025-03-19 18:46:12,0.1,14.2,39.2,51
2025-03-19 20:54:30,0.0,17.6,35.6,1
2025-03-19 21:40:02,0.0,11.8,26.3,1
2025-03-19 21:52:44,0.0,13.1,23.0,0
2025-03-19 21:59:50,0.0,12.1,24.5,1
2025-03-20 01:40:14,0.0,9.3,19.4,3
2025-03-20 02:27:32,0.0,9.0,23.4,3
2025-03-20 04:58:02,0.0,10.9,20.5,0
2025-03-20 05:31:15,0.0,8.1,19.4,3
2025-03-20 06:54:14,0.0,8.7,17.6,0
2025-03-20 07:24:56,0.0,11.1,22.0,0
2025-03-20 07:42:37,0.0,10.8,24.8,3
2025-03-20 07:48:44,0.0,7.7,18.7,2
2025-03-20 09:45:49,0.0,12.4,27.4,0
2025-03-20 10:37:12,0.0,13.3,30.6,0
2025-03-20 17:06:03,0.0,10.0,23.4,0
2025-03-20 17:20:33,0.0,8.3,20.2,1
2025-03-20 17:59:42,0.0,14.6,31.3,0
2025-03-20 18:18:00,0.1,5.2,19.8,51
2025-03-20 18:59:16,0.0,12.9,27.7,0
2025-03-20 21:39:44,0.0,17.2,33.5,0
2025-03-20 21:41:23,0.0,14.5,31.7,0
2025-03-20 21:52:31,0.0,8.5,14.4,0
2025-03-20 22:53:03,0.0,17.6,39.2,0
2025-03-21 04:03:33,0.0,7.1,16.2,3
2025-03-21 05:00:01,0.0,8.2,16.9,0
2025-03-21 05:16:00,0.0,9.8,17.6,0
2025-03-21 07:50:56,0.0,11.8,25.2,0
2025-03-21 08:20:37,0.0,5.4,19.8,0
2025-03-21 09:22:18,0.0,4.7,17.6,0
2025-03-21 09:56:19,0.0,4.2,18.0,0
2025-03-21 10:11:29,0.0,1.7,13.7,0
2025-03-21 11:14:15,0.0,7.9,23.4,0
2025-03-21 12:18:26,0.0,5.4,20.9,0
2025-03-21 12:45:44,0.0,9.1,29.9,1
2025-03-21 17:47:00,0.0,5.1,16.9,0
2025-03-21 17:48:11,0.0,11.7,31.0,1
2025-03-21 18:43:49,0.0,8.0,20.9,0
2025-03-21 18:49:42,0.0,14.0,41.0,1
2025-03-21 18:59:21,0.0,17.2,39.6,1
2025-03-21 19:13:01,0.0,23.7,47.5,0
2025-03-21 19:23:22,0.0,15.3,39.2,0
2025-03-21 19:33:53,0.0,6.9,22.7,0
2025-03-21 19:36:06,0.0,23.7,47.5,0
2025-03-21 20:53:23,0.0,1.5,6.8,0
2025-03-21 21:24:58,0.0,9.5,22.7,1
2025-03-21 22:48:29,0.0,9.4,22.0,0
2025-03-21 22:51:10,0.0,19.2,44.3,0
2025-03-22 02:30:14,0.0,8.1,22.7,0
2025-03-22 03:59:58,0.0,7.3,16.9,0
2025-03-22 06:10:00,0.0,4.9,13.0,0
2025-03-22 06:11:33,0.0,11.3,23.4,0
2025-03-22 06:49:32,0.0,6.3,14.4,0
2025-03-22 06:55:09,0.0,6.6,14.0,0
2025-03-22 09:46:55,0.0,8.5,23.0,0
2025-03-22 13:08:04,0.0,10.6,32.0,1
2025-03-22 14:58:34,0.0,6.0,24.1,0
2025-03-22 17:26:27,0.0,7.8,21.6,2
2025-03-22 18:49:26,0.0,0.8,6.8,1
2025-03-22 21:27:21,0.0,1.3,5.4,2
2025-03-22 21:33:44,0.0,0.0,10.4,2
2025-03-22 22:25:44,0.0,1.3,4.3,2
2025-03-23 00:14:56,0.0,6.5,10.4,0
2025-03-23 04:29:36,0.0,7.6,13.7,3
2025-03-23 05:47:12,0.0,12.3,27.4,0
2025-03-23 05:54:03,0.0,6.3,14.8,0
2025-03-23 06:32:33,0.0,5.2,13.0,1
2025-03-23 06:59:51,0.0,5.2,13.0,1
2025-03-23 13:11:54,0.1,5.4,27.7,51
2025-03-23 16:15:38,1.8,6.8,21.2,61
2025-03-23 17:03:40,0.6,4.6,21.2,53
2025-03-23 17:29:19,0.9,6.2,22.3,53
2025-03-23 19:27:55,1.4,6.0,11.9,61
2025-03-23 19:43:28,0.2,1.1,15.8,51
2025-03-23 19:55:54,1.4,6.0,11.9,61
2025-03-23 20:00:47,0.5,13.9,23.8,53
2025-03-23 20:39:01,0.1,4.8,12.2,51
2025-03-23 20:40:46,0.0,3.5,8.3,3
2025-03-23 23:17:33,0.0,8.2,17.3,2
2025-03-24 07:16:47,0.0,3.7,8.3,3
2025-03-24 07:37:43,0.0,4.1,9.4,0
2025-03-24 09:46:37,0.0,4.4,15.8,2
2025-03-24 09:51:00,0.0,6.7,16.9,3
2025-03-24 11:10:35,0.1,8.2,25.6,51
2025-03-24 16:42:14,0.0,9.2,24.1,3
2025-03-24 17:12:58,0.2,7.2,18.7,51
2025-03-24 17:14:34,3.5,3.5,19.1,63
2025-03-24 17:36:52,0.6,3.5,15.1,53
2025-03-24 18:01:17,2.3,6.6,27.4,61
2025-03-24 18:51:34,0.0,5.7,19.4,1
2025-03-24 20:31:29,0.0,6.0,12.2,1
2025-03-24 23:11:41,0.0,4.8,10.8,0
2025-03-25 00:18:46,0.0,8.9,16.9,1
2025-03-25 01:48:07,1.2,8.5,14.8,55
2025-03-25 07:56:30,0.0,2.5,7.2,1
2025-03-25 09:35:25,0.0,6.6,18.0,1
2025-03-25 10:15:44,0.0,7.6,25.6,0
2025-03-25 11:19:00,0.0,7.4,20.9,0
2025-03-25 11:38:42,0.1,3.2,15.5,51
2025-03-25 12:21:04,0.0,2.7,20.2,0
2025-03-25 13:30:19,0.0,1.3,18.7,1
2025-03-25 14:33:50,0.0,8.0,24.5,1
2025-03-25 18:11:00,0.0,5.2,16.9,2
2025-03-25 18:49:26,0.1,6.8,15.5,51
2025-03-25 20:43:00,0.0,8.5,14.4,2
2025-03-26 12:55:39,0.0,4.5,18.4,3
2025-03-26 13:36:05,0.3,9.2,25.2,51
2025-03-26 16:14:00,0.0,2.7,16.2,0
2025-03-26 17:52:57,0.0,8.0,16.6,1
2025-03-26 20:08:28,0.0,11.4,20.9,2
2025-03-26 22:47:23,0.0,9.5,19.8,0
2025-03-27 01:47:00,0.0,11.3,18.4,0
2025-03-27 04:45:42,0.0,12.1,25.6,0
2025-03-27 06:45:55,0.0,11.4,20.9,0
2025-03-27 06:56:42,0.0,6.5,13.3,0
2025-03-27 09:53:39,0.0,10.3,22.7,0
2025-03-27 12:37:48,0.3,6.6,22.3,51
2025-03-27 14:01:03,0.0,9.1,23.4,0
2025-03-27 14:49:37,0.0,6.1,24.1,1
2025-03-27 15:54:02,0.0,5.2,15.8,0
2025-03-27 19:04:46,0.0,12.3,25.6,0
2025-03-28 00:08:42,0.0,12.2,26.3,3
2025-03-28 01:08:25,0.0,9.2,19.4,0
2025-03-28 05:51:04,0.0,8.0,17.3,3
2025-03-28 14:31:41,0.0,8.1,26.3,1
2025-03-28 17:55:56,0.0,7.8,16.9,0
2025-03-28 19:12:43,0.0,4.2,7.6,3
2025-03-28 23:29:00,0.0,4.1,14.8,2
2025-03-29 00:02:28,0.0,6.7,14.0,3
2025-03-29 00:44:52,0.0,9.2,17.6,2
2025-03-29 08:54:44,0.0,6.6,16.2,0
2025-03-29 10:06:20,0.3,7.9,30.6,51
2025-03-29 10:29:08,0.0,2.9,16.6,0
2025-03-29 14:07:36,1.2,5.7,35.6,55
2025-03-29 15:55:30,0.2,4.6,17.6,51
2025-03-29 17:24:18,0.0,4.2,18.7,1
2025-03-29 19:04:52,0.0,5.7,11.5,1
2025-03-29 19:31:57,1.0,7.4,14.8,55
2025-03-29 20:11:05,0.0,4.9,8.6,1
2025-03-29 20:43:00,0.0,8.7,16.6,0
2025-03-29 21:25:03,0.0,4.1,7.2,0
2025-03-29 21:48:31,0.0,4.1,7.2,0
2025-03-30 01:45:53,0.0,6.6,14.8,1
2025-03-30 03:50:35,0.0,14.4,27.4,0
2025-03-30 05:58:00,0.0,9.6,18.4,0
2025-03-30 06:20:04,0.0,8.6,15.5,0
2025-03-30 08:15:48,0.0,3.7,12.2,0
2025-03-30 14:40:06,0.7,11.5,46.1,53
2025-03-30 14:47:01,0.0,2.3,15.8,3
2025-03-30 17:43:45,0.3,1.5,28.1,51
2025-03-30 17:45:02,0.0,5.0,38.5,3
2025-03-30 17:49:02,0.0,5.1,14.0,3
2025-03-30 18:35:43,0.0,10.3,21.2,3
2025-03-30 19:18:16,0.0,0.9,10.4,3
2025-03-31 06:21:00,0.0,6.6,13.7,3
2025-03-31 07:03:25,0.0,8.4,16.6,3
2025-03-31 08:54:10,0.0,6.3,16.9,3
2025-03-31 10:39:15,1.8,9.8,23.8,61
2025-03-31 11:15:05,0.0,11.7,30.6,2
2025-03-31 11:59:41,0.9,5.9,20.9,53
2025-03-31 12:46:15,1.6,14.6,37.1,61
2025-03-31 14:01:15,1.1,6.5,17.3,55
2025-03-31 14:38:27,0.1,7.4,18.4,51
2025-03-31 19:06:36,0.0,4.1,15.5,3
2025-03-31 21:30:55,0.7,2.3,6.5,53
2025-04-01 01:02:00,0.0,2.9,6.1,3
2025-04-01 07:17:30,0.0,5.7,13.0,3
2025-04-01 08:14:09,0.0,5.1,15.5,3
2025-04-01 08:35:44,0.0,3.5,11.5,3
2025-04-01 17:08:32,0.1,10.3,31.3,51
2025-04-01 19:42:57,0.3,10.7,23.0,51
2025-04-01 19:47:40,0.0,7.8,16.2,2
2025-04-01 19:50:44,0.1,9.3,34.9,51
2025-04-01 22:12:43,0.0,6.8,13.0,3
2025-04-02 04:32:20,0.0,5.0,14.8,3
2025-04-02 05:03:21,0.0,0.8,10.4,3
2025-04-02 05:23:45,0.0,0.4,7.2,3
2025-04-02 06:31:41,0.0,5.3,11.5,3
2025-04-02 06:40:49,0.0,9.4,20.2,3
2025-04-02 07:44:41,0.0,6.4,14.0,3
2025-04-02 11:27:50,0.0,10.9,33.5,0
2025-04-02 13:52:16,0.0,11.4,33.8,1
2025-04-02 14:44:21,0.0,5.7,21.6,3
2025-04-02 15:05:54,0.1,10.8,30.6,51
2025-04-02 15:26:03,0.0,7.7,24.5,3
2025-04-02 15:41:40,0.0,11.1,29.9,3
2025-04-02 15:47:53,0.0,12.5,29.5,3
2025-04-02 16:12:13,0.8,6.1,33.8,53
2025-04-02 16:27:55,0.5,5.6,22.0,53
2025-04-02 17:19:33,0.1,9.3,33.5,51
2025-04-02 19:14:29,0.0,7.8,20.9,3
2025-04-02 19:50:44,1.2,1.5,18.4,55
2025-04-02 20:02:30,0.0,5.0,12.2,3
2025-04-03 02:07:49,0.0,3.1,6.1,1
2025-04-03 04:59:30,0.0,2.7,5.4,3
2025-04-03 05:28:00,0.0,1.4,5.8,3
2025-04-03 05:38:03,0.0,4.2,7.6,2
2025-04-03 11:01:53,0.1,3.2,19.1,51
2025-04-03 11:15:34,0.0,4.1,17.3,0
2025-04-03 14:15:24,1.6,9.4,25.6,61
2025-04-03 16:51:27,0.0,4.6,25.6,2
2025-04-03 18:08:32,0.5,4.3,19.1,53
2025-04-03 18:22:11,8.6,11.5,22.7,65
2025-04-03 19:56:45,1.6,4.1,27.0,61
2025-04-03 20:51:59,0.0,4.0,6.1,2
2025-04-03 22:15:19,0.9,8.8,29.2,53
2025-04-03 23:20:12,0.0,3.6,6.1,3
2025-04-03 23:31:15,0.0,2.2,6.1,3
2025-04-04 01:21:49,0.0,0.5,4.0,3
2025-04-04 09:09:53,0.0,1.2,10.8,3
2025-04-04 10:25:29,0.0,3.6,13.3,2
2025-04-04 12:09:15,0.1,4.9,20.2,51
2025-04-04 12:14:01,0.0,6.6,21.6,1
2025-04-04 13:35:45,0.1,12.5,29.2,51
2025-04-04 15:26:23,1.7,8.8,43.2,61
2025-04-04 16:32:24,1.1,17.5,33.8,55
2025-04-04 17:08:46,0.0,14.4,32.4,3
2025-04-04 17:21:03,0.0,13.5,35.6,3
2025-04-04 18:32:20,0.0,16.8,35.6,1
2025-04-04 18:42:56,0.0,15.4,34.2,1
2025-04-04 19:15:03,4.7,7.0,29.9,63
2025-04-04 22:40:27,0.0,19.2,36.0,1
2025-04-04 22:44:11,0.0,19.2,36.0,1
2025-04-04 23:31:53,0.0,20.4,38.2,1
2025-04-05 00:18:00,0.0,15.8,37.4,1
2025-04-05 00:21:38,0.1,19.1,40.3,51
2025-04-05 01:40:57,0.0,19.1,43.9,3
2025-04-05 03:09:21,0.0,16.3,37.8,2
2025-04-05 04:06:12,0.0,14.8,33.1,2
2025-04-05 05:19:20,0.0,15.5,33.8,2
2025-04-05 09:46:12,0.0,23.5,44.6,0
2025-04-05 14:36:51,0.0,25.3,48.6,3
2025-04-05 15:31:10,0.1,20.3,47.5,51
2025-04-05 19:57:14,0.0,18.4,40.3,2
2025-04-05 20:25:45,0.0,25.6,50.0,2
2025-04-05 21:53:56,0.0,22.1,44.3,1
2025-04-05 23:45:02,0.0,20.6,41.0,0
2025-04-06 02:26:14,0.0,13.4,28.4,0
2025-04-06 05:16:10,0.0,10.4,22.3,0
2025-04-06 11:35:02,0.0,13.3,32.8,0
2025-04-06 14:12:02,0.0,14.8,35.3,1
2025-04-06 18:53:37,0.0,16.6,37.4,2
2025-04-06 19:27:30,0.0,11.5,19.8,3
2025-04-06 20:09:45,0.0,18.8,40.3,2
2025-04-06 20:23:52,0.0,14.9,33.5,1
2025-04-06 20:37:56,0.0,18.8,40.3,2
2025-04-06 20:46:31,0.0,14.9,33.5,1
2025-04-07 02:03:00,0.0,12.4,28.8,3
2025-04-07 05:28:26,0.0,13.6,29.9,3
2025-04-07 06:26:02,0.0,13.6,30.6,3
2025-04-07 06:39:56,0.0,18.9,40.7,3
2025-04-07 06:48:09,0.0,22.7,43.6,2
2025-04-07 06:51:34,0.0,15.3,33.1,0
2025-04-07 07:48:00,0.0,10.3,18.4,3
2025-04-07 08:42:05,0.0,9.6,20.9,0
2025-04-07 15:52:09,0.0,7.9,24.8,1
2025-04-07 16:16:33,0.0,9.0,25.2,1
2025-04-07 16:41:51,0.0,10.0,26.6,1
2025-04-08 01:12:43,0.0,7.6,15.1,1
2025-04-08 01:26:18,0.0,7.6,15.1,1
2025-04-08 07:03:50,0.0,6.6,11.5,0
2025-04-08 08:00:59,0.0,12.1,27.7,0
2025-04-08 09:41:08,0.0,3.3,13.3,0
2025-04-08 14:32:46,0.0,12.6,30.2,2
2025-04-08 15:53:20,0.0,12.2,31.3,2
2025-04-08 16:33:49,0.0,11.7,29.2,0
2025-04-08 17:00:03,0.0,4.8,24.8,0
2025-04-08 18:02:06,0.0,7.6,23.0,1
2025-04-08 20:41:25,0.0,7.3,15.1,3
2025-04-08 21:19:14,0.0,6.6,14.8,3
2025-04-09 01:49:55,0.0,3.2,6.5,3
2025-04-09 04:27:00,0.0,8.9,15.5,3
2025-04-09 05:19:28,0.0,4.6,9.7,1
2025-04-09 06:43:10,0.0,8.7,15.5,1
2025-04-09 06:51:20,0.0,8.7,15.5,1
2025-04-09 08:41:51,0.0,3.1,12.6,0
2025-04-09 12:04:44,0.0,13.5,36.4,3
2025-04-09 14:10:16,0.5,11.1,34.6,53
2025-04-09 16:03:54,0.3,12.7,36.0,51
2025-04-09 16:10:32,0.1,8.6,26.3,51
2025-04-09 17:22:14,0.1,8.2,20.9,51
2025-04-09 19:31:02,3.4,10.0,30.6,63
2025-04-09 20:01:55,0.6,4.9,11.5,53
2025-04-09 23:09:15,0.0,0.3,7.2,3
2025-04-10 01:08:14,0.0,6.0,13.3,1
2025-04-10 01:22:15,0.0,3.4,5.8,3
2025-04-10 04:45:06,0.0,6.1,10.8,1
2025-04-10 08:28:35,0.1,8.0,19.1,51
2025-04-10 08:52:26,0.0,6.9,16.2,3
2025-04-10 12:08:48,0.1,5.3,20.9,51
2025-04-10 14:43:42,0.0,9.8,26.3,3
2025-04-10 17:10:37,3.8,6.6,25.6,63
2025-04-10 17:48:29,0.0,7.3,25.2,2
2025-04-10 19:38:49,0.0,7.0,16.2,1
2025-04-10 19:56:59,0.1,5.7,10.1,51
2025-04-10 23:21:18,0.0,8.9,18.4,1
2025-04-11 04:20:14,0.0,6.7,12.2,0
2025-04-11 05:20:44,0.0,5.3,9.7,0
2025-04-11 06:48:50,0.0,4.1,9.7,1
2025-04-11 07:44:12,0.0,11.1,21.6,3
2025-04-11 08:17:08,0.0,8.4,22.3,1
2025-04-11 10:46:24,0.0,7.2,20.9,0
2025-04-11 11:07:49,0.0,4.9,21.6,0
2025-04-11 14:26:02,0.1,4.7,17.3,51
2025-04-11 16:02:14,0.0,8.7,23.0,0
2025-04-11 16:23:16,0.0,7.6,21.2,1
2025-04-11 17:09:00,0.3,13.4,33.5,51
2025-04-11 18:23:27,0.0,11.9,31.7,1
2025-04-11 19:10:08,0.0,12.3,31.3,1
2025-04-11 19:11:30,0.0,6.5,10.8,0
2025-04-11 21:06:47,0.0,9.9,22.0,3
2025-04-11 22:43:14,0.0,13.1,31.7,0
2025-04-11 22:55:44,0.0,8.0,19.8,0
2025-04-11 23:46:46,0.0,11.5,28.4,0
2025-04-12 00:28:56,0.0,15.0,29.9,2
2025-04-12 02:44:52,0.0,10.3,21.6,0
2025-04-12 03:10:48,0.0,9.6,18.7,0
2025-04-12 08:51:20,0.0,4.5,15.8,0
2025-04-12 09:49:39,0.0,8.3,19.8,0
2025-04-12 11:26:23,0.0,5.7,18.0,1
2025-04-12 16:48:42,0.0,3.4,16.6,3
2025-04-12 17:37:49,0.0,9.2,28.4,1
2025-04-12 18:38:29,0.0,1.6,11.9,1
2025-04-12 23:59:36,0.0,12.0,24.8,3
2025-04-13 00:06:33,0.0,13.3,28.8,3
2025-04-13 03:34:49,0.0,1.7,5.8,3
2025-04-13 08:17:05,0.0,6.9,17.3,3
2025-04-13 08:43:23,0.0,3.8,11.9,3
2025-04-13 10:19:38,0.0,9.9,25.2,3
2025-04-13 10:22:09,0.0,10.6,28.1,3
2025-04-13 16:23:12,0.0,10.3,31.7,2
2025-04-14 06:12:00,0.0,1.4,10.4,1
2025-04-14 13:17:50,0.0,9.6,27.7,3
2025-04-14 13:24:57,0.3,9.3,26.6,51
2025-04-14 14:31:31,0.1,7.1,18.7,51
2025-04-14 15:11:11,0.0,8.5,23.4,0
2025-04-14 15:11:26,0.0,8.5,23.4,0
2025-04-14 15:25:26,0.5,9.4,23.0,53
2025-04-14 15:59:11,0.0,13.4,32.8,0
2025-04-14 16:51:00,0.2,8.8,22.7,51
2025-04-14 17:06:53,0.0,9.3,20.2,0
2025-04-14 18:20:32,0.0,11.0,26.3,0
2025-04-14 18:47:35,0.0,6.3,18.4,1
2025-04-14 19:45:13,0.0,13.6,29.9,0
2025-04-14 20:53:04,0.0,10.6,19.1,3
2025-04-14 23:16:55,0.0,7.9,17.6,0
2025-04-15 00:41:53,0.0,7.1,20.2,0
2025-04-15 01:38:22,0.0,11.4,27.4,2
2025-04-15 04:22:35,0.0,8.9,15.5,2
2025-04-15 05:07:59,0.0,11.3,23.0,1
2025-04-15 07:49:17,0.0,10.4,20.9,0
2025-04-15 08:05:45,0.0,6.2,17.6,1
2025-04-15 08:12:56,0.0,4.5,12.2,0
2025-04-15 08:27:14,0.0,13.1,30.6,0
2025-04-15 10:12:25,0.0,6.0,19.1,0
2025-04-15 11:49:46,0.0,4.7,19.1,1
2025-04-15 14:00:36,0.0,1.6,15.8,3
2025-04-15 14:40:30,0.0,4.2,15.8,3
2025-04-15 15:10:33,0.3,13.8,28.1,51
2025-04-15 15:29:12,0.0,6.2,18.7,3
2025-04-15 18:05:34,0.6,6.8,14.8,53
2025-04-15 18:57:38,0.0,3.3,12.6,3
2025-04-15 19:45:16,0.3,10.4,18.7,51
2025-04-16 00:20:00,4.2,8.8,20.5,63
2025-04-16 02:54:31,0.4,5.1,17.3,51
2025-04-16 05:43:41,0.1,3.3,9.7,51
2025-04-16 06:26:01,0.0,0.7,4.3,3
2025-04-16 06:59:56,0.0,4.9,13.7,3
2025-04-16 08:15:04,0.2,6.9,14.8,51
2025-04-16 08:34:34,0.1,4.6,14.0,51
2025-04-16 08:52:00,0.0,4.1,12.2,3
2025-04-16 09:32:56,0.1,6.7,16.6,51
2025-04-16 15:07:05,0.0,5.6,23.4,3
2025-04-16 15:33:23,0.1,2.5,15.1,51
2025-04-16 17:30:34,1.3,5.7,16.2,61
2025-04-16 17:41:01,0.0,3.0,17.3,0
2025-04-16 18:57:08,0.1,6.3,16.2,51
2025-04-16 19:34:00,0.0,6.7,11.5,3
2025-04-16 19:41:26,0.0,1.1,1.8,1
2025-04-16 21:41:00,0.1,3.1,12.2,51
2025-04-16 21:51:26,0.0,6.8,16.6,0
2025-04-17 02:18:19,0.0,5.7,11.5,1
2025-04-17 02:36:40,0.0,5.4,11.2,3
2025-04-17 06:45:16,0.0,3.5,8.3,3
2025-04-17 07:33:45,0.0,5.1,7.9,0
2025-04-17 07:35:01,0.0,5.1,7.9,0
2025-04-17 07:53:31,0.0,4.5,7.6,0
2025-04-17 09:46:41,0.0,2.7,14.8,0
2025-04-17 11:49:13,0.0,5.8,20.5,0
2025-04-17 11:59:59,0.0,3.4,17.3,1
2025-04-17 16:29:54,0.0,5.1,15.5,3
2025-04-17 16:34:44,0.0,9.9,27.7,3
2025-04-17 17:54:52,0.1,7.9,17.6,51
2025-04-17 18:23:01,0.0,1.3,4.0,3
2025-04-17 18:40:18,0.0,1.3,10.1,3
2025-04-17 19:53:17,0.0,5.9,10.4,3
2025-04-17 20:12:27,0.0,8.9,16.2,3
2025-04-17 20:22:59,0.0,11.0,21.6,3
2025-04-17 20:57:52,0.0,8.1,21.2,3
2025-04-17 21:10:26,0.0,11.5,23.4,1
2025-04-17 23:36:45,0.0,7.0,12.6,2
2025-04-18 02:16:53,0.0,9.2,21.6,1
2025-04-18 03:52:26,0.0,5.7,10.4,3
2025-04-18 04:19:49,0.0,2.0,5.0,3
2025-04-18 04:25:54,0.0,7.0,12.6,3
2025-04-18 04:54:10,0.0,7.7,16.9,2
2025-04-18 05:25:00,0.0,5.5,10.4,3
2025-04-18 06:22:06,0.0,3.9,10.4,3
2025-04-18 07:54:31,0.0,8.0,15.8,2
2025-04-18 09:41:03,0.0,6.5,20.5,3
2025-04-18 10:09:14,0.0,3.8,15.1,3
2025-04-18 11:02:17,0.1,5.2,20.9,51
2025-04-18 11:22:50,0.1,5.2,20.9,51
2025-04-18 13:13:00,0.0,7.1,19.8,3
2025-04-18 13:51:53,2.9,4.5,23.8,63
2025-04-18 13:55:18,1.2,7.6,27.0,55
2025-04-18 20:04:58,0.0,3.3,7.6,3
2025-04-18 20:37:00,0.8,3.4,9.7,53
2025-04-18 21:36:21,0.0,0.3,7.6,3
2025-04-18 23:02:06,0.0,7.4,16.6,3
2025-04-19 00:08:30,0.0,2.8,11.5,3
2025-04-19 08:06:35,0.0,12.8,28.1,3
2025-04-19 11:07:03,0.2,8.2,25.2,51
2025-04-19 11:43:58,0.0,11.4,31.7,1
2025-04-19 13:45:42,2.7,10.7,28.1,63
2025-04-19 14:07:57,1.3,12.0,30.6,61
2025-04-19 17:38:25,0.0,6.3,21.6,2
2025-04-19 18:31:47,0.0,3.8,11.9,2
2025-04-19 20:54:27,0.0,7.1,17.6,2
2025-04-19 20:59:36,0.0,2.2,5.8,2
2025-04-19 22:35:24,0.0,3.2,6.8,1
2025-04-19 22:59:26,0.0,3.2,8.6,2
2025-04-20 00:15:41,0.0,5.8,11.2,3
2025-04-20 00:45:23,0.0,0.3,2.2,1
2025-04-20 06:30:23,0.0,8.9,18.7,3
2025-04-20 06:46:50,0.0,8.9,18.7,3
2025-04-20 11:01:09,0.1,9.4,26.3,51
2025-04-20 20:19:02,0.0,12.8,27.4,0
2025-04-20 21:14:42,0.0,13.6,31.7,3
2025-04-21 00:59:07,0.0,13.8,25.9,0
2025-04-21 05:24:59,0.0,7.5,16.6,3
2025-04-21 07:13:08,0.0,10.1,20.5,2
2025-04-21 07:16:44,0.0,8.3,13.0,0
2025-04-21 09:00:38,0.0,13.4,33.1,2
2025-04-21 10:42:04,0.0,8.8,25.6,0
2025-04-21 13:42:07,0.0,4.3,15.5,1
2025-04-21 14:03:26,0.1,7.7,21.6,51
2025-04-21 14:48:03,0.0,7.0,22.3,0
2025-04-21 14:56:53,0.0,7.0,22.3,0
2025-04-21 15:56:55,0.0,8.0,19.8,0
2025-04-21 16:00:58,0.0,14.6,34.9,3
2025-04-21 16:08:39,0.0,14.5,31.0,3
2025-04-21 16:33:35,0.0,7.0,15.8,0
2025-04-21 17:48:17,0.0,8.6,21.6,0
2025-04-21 18:12:00,0.0,3.2,11.9,0
2025-04-21 18:47:49,0.0,11.3,33.5,1
2025-04-21 19:34:41,0.0,14.7,24.5,2
2025-04-21 19:55:34,0.0,11.2,25.2,1
2025-04-21 21:15:18,0.0,13.6,29.9,0
2025-04-22 01:41:55,0.0,18.9,36.7,3
2025-04-22 03:53:41,0.0,10.1,25.2,3
2025-04-22 06:32:02,0.0,6.6,16.6,3
2025-04-22 07:41:27,0.0,14.6,29.9,3
2025-04-22 07:59:26,0.0,10.7,24.5,3
2025-04-22 08:03:10,0.0,10.0,22.7,0
2025-04-22 08:54:02,0.0,12.4,28.1,3
2025-04-22 10:57:43,0.0,9.1,26.3,0
2025-04-22 15:53:50,0.0,5.6,15.8,3
2025-04-22 16:20:52,0.0,12.3,27.0,3
2025-04-22 17:09:43,0.0,6.5,19.4,3
2025-04-22 17:19:45,0.0,8.1,18.4,3
2025-04-22 17:58:56,0.0,6.0,18.4,3
2025-04-22 18:19:43,0.0,13.5,30.2,3
2025-04-22 18:47:00,0.0,12.1,21.2,0
2025-04-22 19:04:56,0.0,13.4,26.3,2
2025-04-22 19:14:25,0.0,10.1,16.9,2
2025-04-22 23:11:36,0.0,12.9,28.8,0
2025-04-23 00:02:50,0.0,7.4,18.4,3
2025-04-23 02:45:56,0.0,9.4,18.0,3
2025-04-23 07:58:16,0.0,9.1,20.5,3
2025-04-23 08:40:50,0.0,5.6,16.9,2
2025-04-23 14:20:26,0.0,6.7,21.6,3
2025-04-23 15:43:31,0.0,3.6,19.1,3
2025-04-23 16:39:53,0.0,3.4,15.5,3
2025-04-23 21:55:42,0.0,15.9,36.4,2
2025-04-23 23:24:47,0.0,9.7,24.8,2
2025-04-23 23:37:18,0.0,2.2,4.3,3
2025-04-24 03:21:57,0.0,2.7,4.7,1
2025-04-24 05:51:38,0.0,2.3,3.6,3
2025-04-24 06:02:40,0.0,5.3,10.8,3
2025-04-24 06:10:00,0.0,3.1,7.6,3
2025-04-24 08:39:09,0.0,5.1,13.7,3
2025-04-24 09:35:54,0.0,9.4,22.0,3
2025-04-24 10:01:49,0.0,9.7,23.0,3
2025-04-24 11:50:17,0.2,12.0,30.2,51
2025-04-24 13:01:50,0.2,10.4,31.0,51
2025-04-24 15:33:00,0.2,11.0,32.4,51
2025-04-24 15:34:21,0.0,9.9,26.6,3
2025-04-24 19:22:38,1.6,5.1,9.7,61
2025-04-24 20:01:24,0.6,5.8,12.6,53
2025-04-24 21:21:35,0.2,6.5,13.7,51
2025-04-25 00:04:10,1.4,8.2,15.8,61
2025-04-25 00:36:59,0.5,5.3,10.1,53
2025-04-25 06:27:01,0.6,10.9,20.5,53
2025-04-25 06:35:58,0.4,9.2,20.5,51
2025-04-25 07:55:13,0.1,3.2,7.2,51
2025-04-25 08:00:29,0.6,6.1,12.2,53
2025-04-25 09:38:48,0.0,2.4,10.1,3
2025-04-25 11:57:46,0.1,9.5,21.6,51
2025-04-25 15:51:08,1.5,8.7,24.8,61
2025-04-25 16:19:55,1.1,4.6,18.0,55
2025-04-25 17:00:28,0.2,3.9,11.5,51
2025-04-25 18:20:12,0.2,1.3,11.5,51
2025-04-25 19:02:22,0.4,2.2,11.9,51
2025-04-25 19:06:19,0.0,3.2,6.5,3
2025-04-25 20:03:39,0.0,4.2,7.6,3
2025-04-25 20:47:51,0.0,4.0,7.6,3
2025-04-25 22:21:53,0.1,3.3,7.6,51
2025-04-25 22:23:37,0.0,2.7,8.6,3
2025-04-26 04:25:47,0.0,4.1,8.3,0
2025-04-26 07:20:04,0.0,5.3,10.4,0
2025-04-26 12:12:53,0.2,9.3,25.6,51
2025-04-26 16:29:08,0.0,4.9,20.2,1
2025-04-27 06:10:25,0.0,6.5,13.7,3
2025-04-27 06:27:04,0.0,4.2,7.9,3
2025-04-27 08:24:47,0.0,7.6,17.3,3
2025-04-27 09:44:30,0.0,5.2,14.0,3
2025-04-27 10:11:58,0.0,3.6,14.8,3
2025-04-27 16:12:24,0.0,6.0,21.2,3
2025-04-27 17:28:52,0.0,4.2,15.1,2
2025-04-27 17:35:31,0.0,4.2,16.6,0
2025-04-27 20:16:31,0.0,2.0,6.5,3
2025-04-28 06:55:13,0.0,3.3,6.8,3
2025-04-28 07:09:34,0.0,4.8,9.4,3
2025-04-28 07:15:32,0.0,3.0,6.8,3
2025-04-28 08:11:06,1.8,7.4,16.2,61
2025-04-28 09:13:50,0.3,5.0,14.4,51
2025-04-28 11:21:27,0.3,8.6,22.7,51
2025-04-28 12:30:14,0.3,11.1,26.6,51
2025-04-28 16:16:29,0.3,6.2,23.0,51
2025-04-28 21:25:06,0.0,0.5,11.9,3
2025-04-29 06:37:57,0.0,8.9,15.1,3
2025-04-29 06:50:09,0.0,10.8,19.4,0
2025-04-29 07:09:35,0.0,8.7,17.3,2
2025-04-29 07:20:54,0.0,11.2,19.1,1
2025-04-29 07:46:43,0.0,12.4,25.2,1
2025-04-29 08:00:50,0.0,7.8,22.7,0
2025-04-29 08:21:24,0.0,9.3,25.2,1
2025-04-29 11:43:25,0.0,8.5,28.8,3
2025-04-29 13:04:08,0.1,2.6,16.2,51
2025-04-29 13:59:00,0.0,5.0,16.6,2
2025-04-29 16:39:07,0.0,12.4,26.3,2
2025-04-29 17:36:03,0.0,7.0,22.0,3
2025-04-29 18:39:05,0.0,5.2,12.6,0
2025-04-29 19:14:10,0.0,4.9,10.1,0
2025-04-29 20:13:14,0.0,9.7,24.1,3
2025-04-29 23:08:11,0.0,8.9,20.9,2
2025-04-30 07:04:54,0.0,8.4,17.3,3
2025-04-30 07:23:34,0.0,12.5,28.1,2
2025-04-30 07:45:43,0.0,14.3,29.9,0
2025-04-30 08:06:44,0.0,11.1,28.1,0
2025-04-30 08:39:30,0.0,10.4,24.1,0
2025-04-30 09:04:22,0.0,9.1,24.5,0
2025-04-30 10:12:43,0.0,9.6,29.2,0
2025-04-30 11:00:02,0.0,7.5,25.6,0
2025-04-30 15:34:03,0.0,7.1,19.1,0
2025-04-30 16:39:54,0.0,10.4,24.5,0
2025-04-30 17:08:50,0.0,6.5,16.9,0
2025-04-30 17:22:35,0.0,5.5,18.4,0
2025-04-30 17:26:06,0.0,10.3,24.5,0
2025-04-30 18:14:05,0.0,6.7,11.2,0
2025-04-30 18:31:54,0.0,8.6,16.6,0
2025-04-30 18:50:34,0.0,3.2,4.3,0
2025-04-30 19:13:39,0.0,6.9,14.8,0
2025-04-30 19:51:21,0.0,8.5,17.3,0
2025-04-30 20:20:29,0.0,7.7,16.2,0
2025-04-30 21:35:00,0.0,14.8,33.5,0
2025-04-30 23:34:13,0.0,19.2,37.1,0
2025-05-01 03:51:55,0.0,9.7,20.9,3
2025-05-01 11:48:03,0.0,6.9,21.6,0
2025-05-01 20:51:17,0.0,7.9,12.2,0
2025-05-01 21:33:52,0.0,13.0,21.2,0
2025-05-02 04:49:12,0.0,9.4,16.2,0
2025-05-02 09:48:00,0.0,8.4,23.4,0
2025-05-02 10:40:00,0.0,8.3,23.0,0
2025-05-02 11:43:56,0.0,9.9,28.8,0
2025-05-02 14:30:00,0.0,6.6,20.9,0
2025-05-02 14:58:51,0.0,1.9,14.8,0
2025-05-02 16:22:39,0.0,5.3,14.8,0
2025-05-02 21:11:09,0.0,13.3,27.4,0
2025-05-02 21:29:26,0.0,8.7,16.6,0
2025-05-02 22:37:31,0.0,11.5,19.4,0
2025-05-03 10:15:00,0.0,11.1,25.2,0
2025-05-03 13:43:10,0.0,5.7,20.9,3
2025-05-03 14:34:00,0.0,6.4,19.1,3
2025-05-03 18:20:33,0.0,8.0,15.8,0
2025-05-03 18:41:13,0.0,8.0,15.8,0
2025-05-03 21:25:04,0.0,12.5,25.2,0
2025-05-03 22:02:54,0.0,11.9,26.3,0
2025-05-03 22:50:00,0.0,5.5,9.7,0
2025-05-04 03:19:52,0.0,5.7,10.8,3
2025-05-04 17:56:29,0.0,5.5,15.1,3
2025-05-04 19:35:47,0.0,6.4,11.2,3
2025-05-04 21:25:59,0.0,15.9,30.2,3
2025-05-05 00:21:46,0.0,16.9,33.8,3
2025-05-05 01:29:05,0.0,13.6,29.9,3
2025-05-05 02:56:19,0.0,7.5,14.8,3
2025-05-05 07:08:33,0.0,6.2,12.6,3
2025-05-05 07:36:44,0.0,12.5,23.4,3
2025-05-05 08:21:12,0.0,5.8,16.2,0
2025-05-05 11:56:55,0.0,5.8,20.5,0
2025-05-05 13:43:25,0.0,6.1,19.1,1
2025-05-05 14:57:25,0.0,3.5,17.3,1
2025-05-05 15:21:07,0.0,5.6,18.7,1
2025-05-05 16:02:03,0.0,9.0,22.3,0
2025-05-05 17:29:24,0.0,3.6,12.2,1
2025-05-05 17:36:08,0.0,9.2,23.0,2
2025-05-05 18:45:34,0.0,7.9,16.9,0
2025-05-05 21:24:26,0.0,6.9,13.7,1
2025-05-06 06:09:34,0.0,10.9,21.2,0
2025-05-06 08:27:57,0.0,9.7,19.8,0
2025-05-06 09:09:34,0.0,1.7,12.2,0
2025-05-06 10:35:11,0.0,9.2,26.3,0
2025-05-06 10:42:40,0.0,13.5,34.2,0
2025-05-06 12:46:14,0.0,9.8,28.8,1
2025-05-06 14:21:56,0.0,3.5,16.9,3
2025-05-06 15:18:36,0.0,0.7,9.7,2
2025-05-06 15:38:25,0.0,2.2,12.2,2
2025-05-06 16:11:33,0.0,4.8,14.0,1
2025-05-06 17:31:01,0.0,2.7,13.0,1
2025-05-06 17:50:18,0.0,6.0,14.0,0
2025-05-06 18:37:43,0.0,1.4,8.6,1
2025-05-06 18:47:29,0.0,7.6,18.0,0
2025-05-06 19:04:20,0.0,1.6,4.3,3
2025-05-06 19:15:03,0.0,1.7,15.1,2
2025-05-06 19:40:09,0.0,4.8,11.2,3
2025-05-06 20:01:47,0.0,3.8,11.2,3
2025-05-06 23:37:04,0.0,11.5,20.2,0
2025-05-07 03:04:21,0.0,3.0,6.1,0
2025-05-07 05:18:56,0.0,2.0,3.2,0
2025-05-07 06:45:37,0.0,6.3,12.6,0
2025-05-07 07:21:10,0.0,11.3,20.2,0
2025-05-07 07:31:40,0.0,5.8,9.0,0
2025-05-07 07:31:48,0.0,7.0,12.2,0
2025-05-07 07:43:51,0.0,9.4,17.3,0
2025-05-07 08:12:41,0.0,9.8,19.4,0
2025-05-07 08:35:58,0.0,2.4,10.8,0
2025-05-07 08:54:38,0.0,6.1,16.2,0
2025-05-07 09:30:07,0.0,6.4,19.4,0
2025-05-07 12:17:02,0.0,10.9,29.9,0
2025-05-07 14:24:10,0.0,6.2,18.4,2
2025-05-07 15:58:12,0.0,7.6,21.2,3
2025-05-07 18:44:07,0.0,9.8,24.8,0
2025-05-07 19:16:34,0.0,6.5,13.7,0
2025-05-07 19:32:03,0.0,5.8,11.9,0
2025-05-07 19:36:33,0.0,7.0,13.7,1
2025-05-08 07:36:45,0.0,8.5,15.8,0
2025-05-08 08:10:29,0.0,4.3,12.6,0
2025-05-08 08:24:08,0.0,8.4,17.6,1
2025-05-08 10:45:15,0.0,4.2,16.9,3
2025-05-08 11:53:46,0.0,7.7,24.1,2
2025-05-08 15:03:38,0.0,9.4,27.0,1
2025-05-08 17:14:54,0.0,3.8,14.4,0
2025-05-08 18:54:19,0.0,3.3,10.4,0
2025-05-08 19:01:18,0.0,4.7,9.4,0
2025-05-08 21:41:18,0.0,7.6,14.8,0
2025-05-09 03:34:58,0.0,5.5,9.7,0
2025-05-09 07:04:01,0.0,7.1,13.3,2
2025-05-09 09:00:38,0.0,8.0,20.2,0
2025-05-09 09:05:49,0.0,7.8,22.0,0
2025-05-09 09:19:40,0.0,8.0,20.9,0
2025-05-09 10:42:55,0.0,13.1,32.8,1
2025-05-09 14:07:27,0.0,6.7,19.8,0
2025-05-09 16:19:17,0.0,9.9,22.0,0
2025-05-09 16:28:38,0.0,15.4,40.0,3
2025-05-09 17:00:07,0.0,12.8,28.8,0
2025-05-09 18:59:38,0.0,9.6,28.1,0
2025-05-09 19:26:45,0.0,8.1,15.1,0
2025-05-09 19:27:44,0.0,8.6,16.9,1
2025-05-09 20:03:55,0.0,4.4,7.6,0
2025-05-09 20:23:51,0.0,1.8,10.4,0
2025-05-09 21:17:51,0.0,7.6,13.3,0
2025-05-09 21:39:03,0.0,12.6,22.0,0
2025-05-09 23:20:59,0.0,11.6,20.9,1
2025-05-10 03:32:12,0.0,11.5,20.5,2
2025-05-10 05:22:16,0.0,11.3,21.6,3
2025-05-10 06:57:00,0.0,8.7,14.8,0
2025-05-10 07:47:35,0.0,11.2,21.6,3
2025-05-10 07:48:23,0.0,9.8,19.1,3
2025-05-10 11:42:34,0.0,12.1,26.6,3
2025-05-10 12:01:59,0.0,11.7,31.0,3
2025-05-10 15:54:27,0.2,11.1,25.9,51
2025-05-10 17:24:53,0.0,9.8,27.7,3
2025-05-10 18:26:00,0.0,4.5,7.2,3
2025-05-10 19:58:55,0.0,5.3,9.0,3
2025-05-10 23:42:38,0.2,10.1,21.2,51
2025-05-10 23:58:47,0.2,10.1,21.2,51
2025-05-11 00:59:50,0.0,15.9,32.4,3
2025-05-11 01:22:05,0.1,12.3,25.2,51
2025-05-11 02:16:21,0.0,11.3,25.2,3
2025-05-11 02:36:07,0.0,17.6,33.1,3
2025-05-11 03:08:22,0.0,10.6,23.4,3
2025-05-11 04:14:41,0.0,7.8,14.0,0
2025-05-11 04:34:28,0.0,7.8,14.0,0
2025-05-11 10:31:39,0.1,14.1,34.6,51
2025-05-11 13:10:00,0.0,4.0,16.9,0
2025-05-11 19:31:45,0.0,15.3,33.8,0
2025-05-11 19:41:55,0.0,19.6,42.8,0
2025-05-11 19:52:12,0.0,10.4,28.1,3
2025-05-11 19:58:19,0.0,19.6,42.8,0
2025-05-12 05:44:38,0.0,16.5,35.6,0
2025-05-12 06:24:19,0.0,9.0,18.0,3
2025-05-12 07:04:22,0.0,14.5,32.8,3
2025-05-12 10:34:30,0.0,10.1,27.0,3
2025-05-12 13:17:50,0.0,9.9,27.4,1
2025-05-12 15:46:00,0.0,9.6,21.6,1
2025-05-12 17:43:27,0.2,9.0,25.9,51
2025-05-12 17:55:06,0.0,11.1,30.2,0
2025-05-12 20:15:22,0.0,13.6,27.7,0
2025-05-12 23:37:35,0.0,10.3,19.4,3
2025-05-13 00:13:00,0.0,9.6,18.0,3
2025-05-13 05:26:52,0.0,10.8,22.3,3
2025-05-13 06:10:26,0.0,5.1,7.9,0
2025-05-13 09:00:53,0.0,9.6,25.9,3
2025-05-13 09:56:29,0.0,12.5,31.0,0
2025-05-13 10:05:40,0.0,5.8,22.7,0
2025-05-13 10:14:00,0.0,5.8,22.7,0
2025-05-13 10:22:56,0.0,5.8,22.7,0
2025-05-13 10:42:44,0.0,10.5,28.1,1
2025-05-13 11:32:06,0.0,11.9,31.0,3
2025-05-13 12:38:48,0.0,9.7,28.1,0
2025-05-13 12:39:57,0.0,6.8,21.6,0
2025-05-13 13:14:26,0.0,9.1,25.9,1
2025-05-14 01:26:35,0.0,8.8,21.2,0
2025-05-14 01:58:34,0.0,7.3,13.7,0
2025-05-14 07:33:07,0.0,11.3,22.0,0
2025-05-14 08:43:00,0.0,14.2,31.0,0
2025-05-14 11:01:20,0.0,11.2,30.6,0
2025-05-14 12:15:19,0.0,6.2,25.6,0
2025-05-14 14:29:03,0.0,8.4,25.6,0
2025-05-14 17:38:33,0.0,5.3,11.9,3
2025-05-14 17:50:07,0.0,11.5,29.9,3
2025-05-14 18:13:43,0.0,8.1,15.8,1
2025-05-14 18:19:56,0.0,12.1,26.3,0
2025-05-14 18:19:59,0.0,1.5,11.5,1
2025-05-14 18:26:00,0.0,11.5,31.7,0
2025-05-14 19:09:14,0.0,9.9,21.6,1
2025-05-14 19:59:13,0.0,12.5,25.6,0
2025-05-14 21:33:09,0.0,6.5,14.4,1
2025-05-15 00:39:35,0.0,7.1,13.0,0
2025-05-15 03:16:18,0.0,13.0,25.9,0
2025-05-15 03:54:02,0.0,12.5,27.4,0
2025-05-15 04:19:54,0.0,8.7,16.9,0
2025-05-15 13:25:38,0.0,8.6,24.5,2
2025-05-15 14:39:42,0.0,7.8,24.1,3
2025-05-15 16:24:38,0.0,5.6,19.8,2
2025-05-15 16:35:30,0.0,8.3,23.0,0
2025-05-15 18:18:47,0.0,11.7,23.8,1
2025-05-15 18:53:23,0.0,7.5,13.3,1
2025-05-15 19:21:50,0.0,8.7,18.4,0
2025-05-15 19:39:01,0.0,9.2,16.9,2
2025-05-15 19:51:21,0.0,9.5,19.1,0
2025-05-15 21:55:13,0.0,8.1,16.2,0
2025-05-16 02:45:37,0.0,12.1,23.4,0
2025-05-16 03:27:04,0.0,9.0,17.3,0
2025-05-16 08:12:42,0.0,7.5,15.8,0
2025-05-16 09:32:23,0.0,9.0,22.3,0
2025-05-16 09:43:00,0.0,7.2,16.9,0
2025-05-16 09:55:32,0.0,7.0,18.7,0
2025-05-16 15:22:55,0.0,5.7,18.0,0
2025-05-16 16:38:05,0.0,6.6,19.1,0
2025-05-16 17:11:54,0.0,5.4,18.0,0
2025-05-16 17:12:20,0.0,6.1,20.2,0
2025-05-16 17:17:44,0.0,7.7,19.1,0
2025-05-16 18:51:46,0.0,0.6,10.1,0
2025-05-16 19:43:50,0.0,5.4,10.4,0
2025-05-16 21:44:46,0.0,7.3,19.4,0
2025-05-16 22:34:04,0.0,8.1,15.1,0
2025-05-17 07:41:21,0.0,4.0,7.6,0
2025-05-17 14:32:03,0.0,9.3,28.4,1
2025-05-17 17:39:00,0.0,8.2,19.1,1
2025-05-17 19:50:35,0.0,4.8,9.7,3
2025-05-17 21:59:57,0.0,6.2,12.2,3
2025-05-17 23:12:42,0.0,19.1,34.2,0
2025-05-18 00:00:00,0.0,9.7,18.4,3
2025-05-18 02:47:30,0.0,3.1,6.5,3
2025-05-18 07:00:05,0.0,8.0,15.1,2
2025-05-18 11:33:03,0.0,10.3,28.4,3
2025-05-18 14:50:20,0.0,7.7,27.0,3
2025-05-18 16:07:01,0.0,5.8,16.2,0
2025-05-18 23:29:29,0.0,11.8,24.5,0
2025-05-19 00:13:27,0.0,11.4,24.5,0
2025-05-19 04:13:44,0.0,9.3,17.3,0
2025-05-19 04:43:03,0.0,9.3,17.3,0
2025-05-19 05:10:02,0.0,6.7,12.2,1
2025-05-19 08:13:24,0.0,4.2,12.2,1
2025-05-19 14:50:41,0.0,6.4,23.0,2
2025-05-19 15:02:43,0.0,5.0,21.2,3
2025-05-19 16:46:27,0.0,5.5,15.5,0
2025-05-19 16:58:35,0.0,4.1,12.2,0
2025-05-19 17:42:47,0.0,6.2,12.2,0
2025-05-19 19:13:07,0.0,6.5,9.4,0
2025-05-19 20:03:31,0.0,2.8,5.8,0
2025-05-19 21:26:28,0.0,4.8,11.9,0
2025-05-19 22:04:00,0.0,7.8,12.6,0
2025-05-19 22:31:04,0.0,9.6,16.6,0
2025-05-19 22:37:00,0.0,15.8,27.0,0
2025-05-20 03:26:02,0.0,4.2,14.0,0
2025-05-20 04:57:55,0.0,4.7,10.1,0
2025-05-20 06:23:38,0.0,4.1,9.4,0
2025-05-20 06:45:17,0.0,4.1,9.4,0
2025-05-20 10:14:09,0.0,6.8,21.6,0
2025-05-20 10:23:11,0.0,8.0,22.3,0
2025-05-20 14:38:50,0.0,8.7,26.6,0
2025-05-20 16:20:10,0.0,6.0,22.0,0
2025-05-20 17:19:29,0.0,5.1,19.8,0
2025-05-20 18:55:02,0.0,2.3,7.2,0
2025-05-20 19:24:09,0.0,3.8,7.9,0
2025-05-20 20:02:01,0.0,0.7,1.8,0
2025-05-20 21:20:51,0.0,4.4,8.3,0
2025-05-20 21:23:57,0.0,4.4,8.3,0
2025-05-20 22:18:27,0.0,1.1,2.9,0
2025-05-21 00:32:50,0.0,5.3,8.3,2
2025-05-21 00:44:39,0.0,1.8,7.6,0
2025-05-21 00:50:32,0.0,2.0,4.7,0
2025-05-21 04:43:52,0.0,4.5,11.5,0
2025-05-21 07:02:00,0.0,6.3,11.2,0
2025-05-21 07:41:07,0.0,2.5,4.0,0
2025-05-21 07:58:00,0.0,5.8,10.1,2
2025-05-21 09:06:34,0.0,4.7,13.7,0
2025-05-21 09:36:41,0.0,5.7,16.2,0
2025-05-21 09:58:20,0.0,1.6,9.7,0
2025-05-21 10:08:41,0.0,3.1,14.0,0
2025-05-21 10:49:19,0.0,4.7,15.8,0
2025-05-21 15:07:18,0.1,3.5,13.0,51
2025-05-21 16:00:41,0.0,4.6,14.0,2
2025-05-21 16:22:06,0.0,4.9,17.6,0
2025-05-21 18:22:04,0.0,1.3,4.3,0
2025-05-21 22:03:18,0.0,3.2,6.5,0
2025-05-21 22:51:19,0.0,4.8,8.3,0
2025-05-21 23:55:26,0.0,10.1,19.4,0
2025-05-22 05:45:05,0.0,3.2,4.7,0
2025-05-22 06:40:12,0.0,1.8,4.7,0
2025-05-22 07:17:21,0.0,1.4,3.2,0
2025-05-22 07:23:03,0.0,3.4,9.0,0
2025-05-22 08:19:25,0.0,7.7,18.0,0
2025-05-22 10:37:54,0.0,9.5,20.9,0
2025-05-22 13:47:56,0.2,6.5,23.0,51
2025-05-22 16:24:31,4.0,9.4,24.1,63
2025-05-22 17:06:55,0.0,8.9,23.4,0
2025-05-22 18:35:00,0.0,7.7,16.6,0
2025-05-22 18:39:16,0.1,4.0,28.4,51
2025-05-22 18:46:19,0.0,8.0,14.8,0
2025-05-22 19:33:50,0.0,3.1,14.0,0
2025-05-22 22:12:00,0.0,7.3,14.4,0
2025-05-22 22:15:31,0.0,8.0,16.9,0
2025-05-22 22:46:50,0.0,9.6,19.8,2
2025-05-23 07:19:14,0.0,6.0,11.9,3
2025-05-23 07:46:23,0.0,9.8,19.1,0
2025-05-23 09:29:43,0.0,9.5,23.4,1
2025-05-23 09:33:58,0.0,14.0,30.6,2
2025-05-23 09:50:44,0.0,9.9,23.8,1
2025-05-23 15:35:47,0.0,7.8,24.1,2
2025-05-23 16:19:29,0.0,8.8,25.2,0
2025-05-23 17:01:29,0.1,12.4,28.4,51
2025-05-23 17:05:04,0.1,11.4,28.8,51
2025-05-23 19:25:51,0.1,10.0,24.1,51
2025-05-23 19:27:55,0.0,15.5,29.5,0
2025-05-23 19:31:54,0.0,9.8,22.7,2
2025-05-23 19:35:21,0.0,10.6,21.2,1
2025-05-23 19:54:12,0.0,11.8,25.6,1
2025-05-23 22:57:42,0.0,9.4,18.7,1
2025-05-24 00:57:21,0.0,9.5,20.5,0
2025-05-24 01:41:31,0.0,9.7,17.6,0
2025-05-24 02:01:02,0.0,14.6,31.3,1
2025-05-24 04:47:41,0.0,13.1,32.0,3
2025-05-24 06:46:06,0.0,9.3,23.0,3
2025-05-24 07:40:52,0.0,9.0,21.2,3
2025-05-24 14:27:28,0.0,3.5,17.6,1
2025-05-24 16:18:26,0.0,7.9,19.8,0
2025-05-24 16:21:28,0.0,2.1,10.8,2
2025-05-24 20:42:12,0.0,11.3,21.6,0
2025-05-25 00:19:10,0.0,7.2,20.5,0
2025-05-25 02:28:03,0.0,10.4,18.4,0
2025-05-25 04:32:54,0.0,16.1,32.0,0
2025-05-25 07:10:51,0.0,9.9,18.7,0
2025-05-25 10:18:01,0.0,4.2,15.5,1
2025-05-25 11:22:59,0.0,8.1,24.5,0
2025-05-25 15:21:30,0.0,6.5,20.5,2
2025-05-25 17:42:46,0.0,5.8,9.7,0
2025-05-25 18:27:10,0.0,7.4,16.2,1
2025-05-25 21:33:28,0.0,5.2,9.7,0
2025-05-25 23:48:27,0.0,3.2,7.9,0
2025-05-26 00:02:59,0.0,11.9,24.1,0
2025-05-26 02:21:11,0.0,8.5,18.0,0
2025-05-26 05:56:34,0.0,2.2,4.3,0
2025-05-26 06:31:15,0.0,7.5,14.4,0
2025-05-26 08:26:17,0.0,9.5,19.4,3
2025-05-26 10:11:33,0.0,11.8,26.3,1
2025-05-26 11:30:05,0.0,9.2,26.6,1
2025-05-26 12:51:34,0.0,12.7,28.4,0
2025-05-26 13:25:37,0.0,11.4,27.4,1
2025-05-26 16:13:46,0.0,5.9,18.4,0
2025-05-26 16:26:08,0.0,11.2,24.5,0
2025-05-26 16:38:06,0.0,10.7,26.6,0
2025-05-26 16:41:58,0.0,6.3,16.9,3
2025-05-26 17:37:59,0.0,5.4,21.2,3
2025-05-26 18:56:42,0.0,3.5,6.5,0
2025-05-27 00:09:17,0.0,13.6,25.6,2
2025-05-27 02:05:27,0.0,5.7,11.2,3
2025-05-27 05:46:31,0.0,8.3,16.2,3
2025-05-27 06:21:15,0.0,5.5,8.6,3
2025-05-27 07:24:52,0.0,7.5,12.2,3
2025-05-27 07:26:28,0.0,11.3,23.0,3
2025-05-27 07:30:20,0.0,10.4,18.0,3
2025-05-27 10:14:22,0.0,13.1,33.8,3
2025-05-27 13:59:40,0.0,17.0,43.6,3
2025-05-27 16:31:52,0.0,17.5,41.0,3
2025-05-27 18:02:16,0.0,3.5,15.8,3
2025-05-27 18:19:56,0.0,10.5,27.0,3
2025-05-27 18:58:08,0.0,11.7,29.5,3
2025-05-28 06:22:11,0.0,16.6,31.3,3
2025-05-28 08:01:16,0.0,16.5,37.4,3
2025-05-28 08:10:32,0.0,18.7,34.2,3
2025-05-28 08:26:35,0.0,10.9,24.8,3
2025-05-28 12:53:24,0.4,32.1,69.5,51
2025-05-28 12:56:03,0.4,30.2,67.7,51
2025-05-28 15:16:26,0.0,14.7,42.1,3
2025-05-28 15:55:49,0.0,14.7,42.1,3
2025-05-28 17:15:57,0.0,18.2,45.4,3
2025-05-28 17:41:00,0.0,11.3,27.0,3
2025-05-28 17:50:39,0.0,16.0,36.7,3
2025-05-28 17:58:52,0.0,18.3,35.6,3
2025-05-28 18:00:25,0.1,17.2,36.7,51
2025-05-28 20:31:10,0.2,13.2,27.4,51
2025-05-28 20:57:45,0.8,13.6,26.3,53
2025-05-28 22:38:09,0.1,12.9,29.5,51
2025-05-29 01:34:39,0.1,18.2,41.8,51
2025-05-29 03:38:27,0.3,16.5,47.2,51
2025-05-29 05:22:29,0.2,14.4,29.2,51
2025-05-29 06:32:04,0.2,10.6,30.6,51
2025-05-29 07:31:13,0.1,13.2,28.4,51
2025-05-29 07:47:52,0.3,9.3,27.0,51
2025-05-29 08:05:37,0.0,7.9,18.7,3
2025-05-29 08:53:15,0.0,8.2,19.1,3
2025-05-29 11:49:41,0.0,10.7,28.4,2
2025-05-29 14:59:47,0.0,18.1,38.5,3
2025-05-30 00:27:42,0.0,0.8,3.6,2
2025-05-30 01:57:32,0.0,0.7,1.8,3
2025-05-30 03:15:08,0.0,1.0,2.5,0
2025-05-30 06:05:18,0.0,3.1,5.8,0
2025-05-30 08:56:48,0.0,0.7,8.6,0
2025-05-30 09:53:50,0.0,2.7,11.9,0
2025-05-30 16:11:42,0.0,3.7,16.6,0
2025-05-30 16:16:06,0.0,3.8,12.2,0
2025-05-30 17:26:02,0.0,2.9,9.4,0
2025-05-30 17:48:56,0.0,2.9,11.5,0
2025-05-30 23:03:40,0.0,7.1,22.0,0
2025-05-31 05:54:25,0.0,6.9,16.6,3
2025-05-31 06:07:18,0.0,6.7,17.6,3
2025-05-31 10:44:59,0.0,2.4,14.8,0
2025-05-31 13:15:33,0.0,8.1,27.0,0
2025-05-31 14:53:09,0.0,11.5,30.2,0
2025-05-31 19:58:13,0.0,4.3,9.0,0
2025-05-31 20:01:13,0.0,4.0,8.6,0
2025-05-31 23:09:15,0.0,4.3,8.3,0
2025-06-01 01:28:33,0.0,3.6,7.6,0
2025-06-01 01:37:21,0.0,5.0,10.1,0
2025-06-01 03:18:44,0.0,5.4,9.7,0
2025-06-01 08:02:18,0.0,7.1,14.4,0
2025-06-01 08:07:09,0.0,3.2,10.1,3
2025-06-01 12:45:00,0.0,6.0,23.4,0
2025-06-01 18:25:30,0.0,12.6,20.9,0
2025-06-01 21:06:30,0.0,11.3,22.0,0
2025-06-01 21:07:46,0.0,14.1,31.7,0
2025-06-01 21:46:15,0.0,14.1,31.7,0
2025-06-01 22:11:03,0.0,7.2,15.5,0
2025-06-02 06:36:57,0.0,8.1,18.0,3
2025-06-02 07:54:54,0.0,11.4,24.8,0
2025-06-02 10:37:10,0.0,8.5,25.9,0
2025-06-02 16:40:39,0.0,3.2,12.2,1
2025-06-02 18:35:52,0.0,8.3,14.4,1
2025-06-02 18:48:46,0.0,7.6,13.7,0
2025-06-02 20:02:29,0.0,12.4,26.3,1
2025-06-02 21:13:52,0.0,6.7,14.0,0
2025-06-03 00:18:02,0.0,5.1,11.2,3
2025-06-03 06:40:56,0.0,6.3,14.0,3
2025-06-03 07:08:52,0.0,3.5,12.2,3
2025-06-03 07:55:32,0.0,4.6,9.7,3
2025-06-03 09:16:24,0.4,4.2,11.9,51
2025-06-03 09:39:37,0.5,2.4,10.4,53
2025-06-03 09:55:58,0.1,2.7,9.4,51
2025-06-03 10:10:10,0.6,6.9,20.5,53
2025-06-03 10:42:05,0.1,11.2,33.8,51
2025-06-03 11:28:33,0.0,8.4,23.0,1
2025-06-03 12:53:57,0.3,9.8,22.7,51
2025-06-03 17:32:07,0.0,4.3,18.7,1
2025-06-03 17:33:22,0.0,4.8,19.4,3
2025-06-03 17:46:00,0.0,4.8,19.4,3
2025-06-03 17:54:58,0.0,9.5,26.6,2
2025-06-03 18:31:13,0.0,1.3,14.8,1
2025-06-03 19:05:02,0.0,1.9,4.3,2
2025-06-03 23:51:44,0.0,9.1,20.5,0
2025-06-04 06:31:45,0.0,12.2,22.3,0
2025-06-04 07:07:16,0.0,4.6,8.6,0
2025-06-04 07:18:03,0.0,4.3,9.7,0
2025-06-04 08:10:55,0.0,13.9,24.8,0
2025-06-04 08:56:54,0.0,6.8,13.7,0
2025-06-04 10:24:07,0.0,12.5,27.0,0
2025-06-04 10:27:00,0.0,2.7,11.2,0
2025-06-04 18:45:45,0.0,5.3,7.9,3
2025-06-04 19:28:20,0.0,3.7,7.6,3
2025-06-05 04:44:05,0.0,6.3,13.3,3
2025-06-05 06:33:52,0.0,8.9,14.8,3
2025-06-05 07:47:07,0.0,7.9,13.7,3
2025-06-05 07:57:44,0.0,7.9,13.7,3
2025-06-05 08:42:11,0.0,7.6,16.9,3
2025-06-05 11:24:30,0.0,13.8,31.7,3
2025-06-05 16:23:00,0.0,13.4,29.5,3
2025-06-05 18:49:26,0.8,3.8,50.8,53
2025-06-05 20:18:00,0.0,4.9,7.2,3
2025-06-05 21:10:14,0.0,10.1,20.2,3
2025-06-05 21:56:10,0.0,2.2,8.6,3
2025-06-05 23:09:10,0.0,3.3,10.4,3
2025-06-06 01:48:25,0.0,6.7,14.8,3
2025-06-06 06:07:39,0.0,6.5,18.0,3
2025-06-06 09:44:07,0.0,5.4,16.2,3
2025-06-06 09:56:45,0.1,0.8,9.4,51
2025-06-06 11:31:20,0.0,3.9,15.1,3
2025-06-06 11:47:18,0.0,2.9,15.1,3
2025-06-06 13:41:48,0.2,4.9,22.3,51
2025-06-06 14:26:54,0.0,6.7,23.4,1
2025-06-06 14:42:12,0.1,4.5,20.2,51
2025-06-06 17:28:32,0.0,5.9,15.5,3
2025-06-06 17:51:25,0.0,3.4,17.6,0
2025-06-06 18:09:53,0.0,5.0,11.9,1
2025-06-06 18:18:36,0.0,7.7,14.8,0
2025-06-06 18:19:53,0.0,6.4,13.3,3
2025-06-06 18:49:16,0.0,5.6,9.4,2
2025-06-06 19:41:02,0.0,6.8,18.0,3
2025-06-06 20:00:43,0.1,6.4,12.2,51
2025-06-06 20:05:30,0.0,2.9,4.0,2
2025-06-06 20:07:52,0.0,5.6,12.6,0
2025-06-06 20:31:28,0.6,12.3,29.5,53
2025-06-06 22:05:43,0.0,5.3,9.7,3
2025-06-06 23:19:10,0.0,9.5,21.2,0
2025-06-07 00:42:22,0.0,7.9,16.9,0
2025-06-07 00:47:00,0.0,9.0,15.8,0
2025-06-07 03:06:00,0.0,5.4,12.6,0
2025-06-07 05:06:29,0.0,5.4,9.4,0
2025-06-07 05:55:57,0.0,6.1,11.9,0
2025-06-07 06:24:34,0.0,7.1,16.6,3
2025-06-07 07:15:06,0.0,6.0,10.4,0
2025-06-07 08:15:16,0.0,10.7,27.4,1
2025-06-07 12:33:56,0.0,1.7,8.3,3
2025-06-07 12:42:37,0.0,1.1,13.7,3
2025-06-07 13:17:13,0.0,0.9,7.2,3
2025-06-07 13:42:06,0.0,7.0,22.7,3
2025-06-07 13:56:16,0.0,8.9,22.0,2
2025-06-07 13:57:35,0.0,3.3,12.2,3
2025-06-07 17:33:20,0.0,5.5,18.4,0
2025-06-07 19:27:32,0.0,4.9,8.6,3
2025-06-07 21:22:30,0.0,5.4,11.5,3
2025-06-07 21:59:31,0.0,0.6,2.9,0
2025-06-07 23:16:26,0.0,1.3,3.2,3
2025-06-08 00:26:24,0.0,3.1,6.1,3
2025-06-08 00:42:16,0.0,3.8,6.1,0
2025-06-08 01:54:00,0.0,7.6,19.1,1
2025-06-08 05:20:52,0.0,7.0,13.0,3
2025-06-08 05:20:54,0.0,7.0,13.0,3
2025-06-08 12:04:12,0.2,8.7,22.3,51
2025-06-08 13:00:21,0.0,12.0,29.5,3
2025-06-08 13:01:06,0.0,12.2,31.7,3
2025-06-08 15:02:05,0.0,15.5,33.8,2
2025-06-08 16:15:37,0.0,12.7,35.6,3
2025-06-08 21:31:15,0.0,8.3,28.4,3
2025-06-08 23:02:39,0.0,6.5,17.3,3
2025-06-08 23:05:37,0.4,1.8,17.3,51
2025-06-09 03:51:24,0.0,4.4,10.4,3
2025-06-09 07:12:14,3.4,3.1,10.1,63
2025-06-09 07:37:58,0.2,3.1,4.7,51
2025-06-09 08:04:57,0.9,3.5,11.2,53
2025-06-09 09:02:19,1.0,2.5,8.6,55
2025-06-09 12:43:38,0.1,5.0,19.4,51
2025-06-09 14:02:52,0.0,12.0,28.8,2
2025-06-09 17:52:40,0.1,2.9,25.2,51
2025-06-09 17:52:51,0.1,2.9,25.2,51
2025-06-09 18:49:11,0.1,4.4,10.4,51
2025-06-09 22:06:36,0.3,1.5,8.6,51
2025-06-09 22:46:04,0.0,3.8,9.7,3
2025-06-10 01:17:40,0.0,2.9,5.4,1
2025-06-10 06:19:07,0.0,6.7,15.1,3
2025-06-10 06:47:33,0.0,4.6,8.3,3
2025-06-10 07:15:55,0.1,6.6,13.3,51
2025-06-10 11:43:10,0.1,9.3,26.6,51
2025-06-10 12:49:55,0.1,4.0,20.2,51
2025-06-10 13:37:44,0.0,4.2,14.4,2
2025-06-10 15:10:21,0.0,4.2,13.3,2
2025-06-10 17:42:54,0.0,7.1,18.0,1
2025-06-10 18:28:26,0.0,6.1,13.7,2
2025-06-10 21:57:20,0.0,12.7,26.3,0
2025-06-11 00:00:14,0.0,12.7,27.4,0
2025-06-11 07:22:58,0.0,6.6,14.0,3
2025-06-11 07:34:57,0.0,7.2,16.2,3
2025-06-11 09:49:24,0.0,9.1,24.1,1
2025-06-11 10:33:47,0.1,11.3,28.1,51
2025-06-11 14:34:39,0.0,12.0,27.7,1
2025-06-11 15:59:15,0.0,13.5,33.8,2
2025-06-11 18:12:11,0.0,9.5,19.8,0
2025-06-11 18:31:52,0.0,9.9,16.9,0
2025-06-11 20:29:48,0.0,16.4,35.6,0
2025-06-11 21:16:55,0.0,19.9,36.7,0
2025-06-11 22:18:22,0.0,15.9,35.6,0
2025-06-12 03:29:40,0.0,6.5,11.9,3
2025-06-12 06:42:18,0.1,10.0,22.3,51
2025-06-12 07:23:45,0.0,12.5,24.5,0
2025-06-12 11:21:29,0.0,12.1,29.9,0
2025-06-12 14:15:36,0.0,10.4,26.3,0
2025-06-12 14:59:14,0.0,13.3,31.0,0
2025-06-12 15:19:58,0.0,11.1,28.8,0
2025-06-12 15:20:15,0.0,11.4,25.6,0
2025-06-12 15:31:25,0.0,12.3,32.4,0
2025-06-12 15:39:49,0.0,12.3,32.4,0
2025-06-12 16:41:25,0.0,10.9,22.7,0
2025-06-12 16:52:59,0.0,17.1,35.6,0
2025-06-12 17:27:45,0.0,9.8,28.8,0
2025-06-12 17:50:57,0.0,13.9,37.8,1
2025-06-12 18:35:58,0.0,12.2,29.2,0
2025-06-12 19:08:36,0.0,17.7,34.9,0
2025-06-12 20:28:05,0.0,12.1,22.7,0
2025-06-13 00:04:09,0.0,7.8,13.0,0
2025-06-13 05:23:31,0.0,18.1,32.8,0
2025-06-13 05:33:59,0.0,5.5,8.6,0
2025-06-13 06:04:51,0.0,10.5,18.4,0
2025-06-13 06:50:22,0.0,15.5,31.3,0
2025-06-13 06:55:38,0.0,15.5,31.3,0
2025-06-13 07:11:46,0.0,10.4,20.5,0
2025-06-13 07:28:47,0.0,8.9,16.2,0
2025-06-13 07:49:12,0.0,15.5,29.2,0
2025-06-13 08:20:44,0.0,9.0,17.3,0
2025-06-13 09:23:33,0.0,12.7,32.0,1
2025-06-13 09:57:55,0.0,9.0,20.5,0
2025-06-13 10:22:36,0.0,12.7,32.4,0
2025-06-13 12:13:05,0.0,4.9,17.3,0
2025-06-13 12:37:37,0.0,11.4,31.0,0
2025-06-13 14:48:24,0.0,8.9,25.6,3
2025-06-13 15:41:38,0.0,8.3,23.8,2
2025-06-13 16:47:53,0.0,8.5,19.8,3
2025-06-13 17:40:40,0.0,7.6,22.0,2
2025-06-13 18:03:09,0.0,7.8,16.2,3
2025-06-13 19:15:22,0.0,12.1,24.1,1
2025-06-13 19:19:38,0.0,7.6,15.5,3
2025-06-13 19:43:55,0.0,7.6,15.5,3
2025-06-13 19:46:53,0.0,13.6,24.8,2
2025-06-13 21:01:15,0.0,11.7,23.4,3
2025-06-13 21:49:41,0.0,10.9,22.0,3
2025-06-13 22:00:33,0.0,15.3,29.9,0
2025-06-14 01:54:42,0.0,7.3,13.0,1
2025-06-14 06:17:56,0.0,10.5,20.2,3
2025-06-14 10:47:40,0.0,10.3,26.3,3
2025-06-14 12:39:57,0.0,9.0,25.6,3
2025-06-14 13:21:46,0.0,13.4,35.3,3
2025-06-14 14:35:41,0.0,14.2,34.2,1
2025-06-14 16:56:46,0.0,9.7,23.8,3
2025-06-14 17:47:30,0.0,11.6,29.5,0
2025-06-14 18:52:06,0.0,9.3,18.4,3
2025-06-14 18:58:46,0.0,8.8,21.6,3
2025-06-14 19:27:43,0.0,10.1,20.2,3
2025-06-15 05:40:03,0.0,19.5,34.6,3
2025-06-15 19:45:58,0.0,6.1,13.7,3
2025-06-15 20:39:29,0.0,5.4,12.6,3
2025-06-15 21:14:54,0.0,9.3,16.2,0
2025-06-15 21:36:49,0.0,5.4,11.9,0
2025-06-15 22:33:20,0.0,8.6,20.2,0
2025-06-15 23:09:10,0.0,4.8,13.0,0
2025-06-16 01:29:32,0.0,6.5,14.0,0
2025-06-16 08:14:23,0.0,5.3,10.8,0
2025-06-16 09:54:32,0.0,9.0,20.2,0
2025-06-16 14:06:50,0.0,7.6,20.9,0
2025-06-16 15:09:05,0.0,4.4,14.4,1
2025-06-16 15:40:34,0.0,2.2,14.4,0
2025-06-16 16:54:06,0.0,1.6,13.7,0
2025-06-16 18:29:15,0.0,2.3,7.2,0
2025-06-16 18:49:35,0.0,3.5,11.5,0
2025-06-17 00:33:24,0.0,8.2,14.4,0
2025-06-17 04:44:09,0.0,8.9,16.2,0
2025-06-17 06:14:00,0.0,9.9,18.4,2
2025-06-17 07:36:31,0.0,6.8,10.4,0
2025-06-17 09:50:56,0.0,4.1,12.6,0
2025-06-17 10:50:52,0.0,8.5,23.0,0
2025-06-17 13:44:40,0.0,8.7,27.4,0
2025-06-17 17:22:50,0.0,5.4,18.7,0
2025-06-17 18:23:11,0.0,5.6,10.1,0
2025-06-17 18:24:29,0.0,1.0,4.7,0
2025-06-17 19:11:16,0.0,8.1,16.6,0
2025-06-17 19:15:25,0.0,8.1,16.6,0
2025-06-17 22:08:13,0.0,10.9,19.1,1
2025-06-18 03:08:24,0.0,7.7,15.1,0
2025-06-18 04:58:56,0.0,6.4,11.2,0
2025-06-18 07:40:46,0.0,9.3,18.0,1
2025-06-18 08:06:25,0.0,7.9,16.2,0
2025-06-18 08:06:37,0.0,10.0,18.4,1
2025-06-18 09:17:44,0.0,6.7,17.6,1
2025-06-18 10:54:15,0.0,8.4,20.2,0
2025-06-18 14:06:28,0.0,14.2,30.2,1
2025-06-18 16:49:34,0.0,11.3,31.7,0
2025-06-18 16:59:35,0.0,12.9,36.0,0
2025-06-18 17:01:20,0.0,9.7,30.2,1
2025-06-18 17:34:24,0.0,5.2,16.6,0
2025-06-18 18:06:18,0.0,9.2,22.3,0
2025-06-18 18:11:17,0.0,2.7,6.1,1
2025-06-18 18:56:34,0.0,10.1,19.8,0
2025-06-18 19:25:50,0.0,5.5,13.0,0
2025-06-18 19:36:40,0.0,7.6,14.8,0
2025-06-18 21:26:40,0.0,1.2,4.3,0
2025-06-18 22:13:28,0.0,5.7,7.6,0
2025-06-19 01:21:13,0.0,1.3,6.8,0
2025-06-19 04:41:33,0.0,8.6,18.7,1
2025-06-19 06:28:18,0.0,7.1,11.5,0
2025-06-19 08:59:00,0.0,8.6,15.5,1
2025-06-19 10:59:22,0.0,9.3,22.0,1
2025-06-19 11:29:07,0.0,8.6,21.6,1
2025-06-19 12:58:29,0.0,6.6,19.1,2
2025-06-19 13:10:47,0.0,6.7,23.8,1
2025-06-19 13:28:00,0.0,8.2,23.8,2
2025-06-19 14:55:09,0.0,11.2,25.6,3
2025-06-19 16:54:25,0.0,9.2,19.8,3
2025-06-19 17:22:09,0.0,6.1,17.3,3
2025-06-19 18:52:32,0.0,2.9,6.8,1
2025-06-19 20:14:17,0.0,6.6,10.8,1
2025-06-19 22:56:31,0.0,6.9,15.5,2
2025-06-20 04:27:32,0.0,1.3,4.0,1
2025-06-20 05:17:37,0.0,5.8,10.8,0
2025-06-20 05:31:28,0.0,5.6,10.8,0
2025-06-20 13:33:39,0.0,7.9,22.0,2
2025-06-20 14:24:52,0.0,14.5,37.4,1
2025-06-20 17:45:50,0.0,9.4,24.8,3
2025-06-20 17:55:36,0.0,11.1,31.7,3
2025-06-20 23:10:33,0.0,8.2,15.8,0
2025-06-21 09:19:44,0.0,4.2,11.9,2
2025-06-21 11:19:16,0.0,11.6,26.6,0
2025-06-21 12:37:13,0.0,12.2,40.3,1
2025-06-21 13:28:34,0.0,8.9,22.7,3
2025-06-21 15:20:00,0.0,12.8,28.4,1
2025-06-21 17:21:48,0.0,4.9,22.0,1
2025-06-21 23:52:43,0.0,3.7,8.3,3
2025-06-22 00:08:05,0.0,2.5,9.7,3
2025-06-22 08:27:22,0.0,4.8,11.5,3
2025-06-22 12:13:32,0.0,5.2,18.7,2
2025-06-22 19:10:06,0.0,6.1,11.9,3
2025-06-22 19:56:49,0.0,6.1,11.9,3
2025-06-22 22:39:46,0.0,10.7,20.9,3
2025-06-23 05:58:29,0.0,5.7,10.8,2
2025-06-23 07:00:45,0.0,6.7,11.9,3
2025-06-23 07:11:42,0.0,16.1,32.8,1
2025-06-23 08:41:49,0.0,14.4,24.1,3
2025-06-23 11:03:25,0.0,16.0,33.1,0
2025-06-23 11:20:10,0.0,17.3,38.9,3
2025-06-23 12:07:28,0.1,13.3,35.3,51
2025-06-23 12:28:46,0.3,15.5,36.4,51
2025-06-23 14:13:07,0.1,16.0,36.7,51
2025-06-23 14:39:24,0.2,30.0,67.3,51
2025-06-23 15:42:53,0.0,16.1,33.8,3
2025-06-23 15:56:39,4.1,15.4,37.8,63
2025-06-23 16:23:43,1.8,18.8,41.0,61
2025-06-23 17:19:52,1.2,16.9,36.0,55
2025-06-23 18:19:21,0.6,14.6,46.1,53
2025-06-23 20:45:42,0.4,19.3,42.8,51
2025-06-23 21:14:45,0.1,19.3,42.5,51
2025-06-23 22:35:38,0.5,18.5,37.4,53
2025-06-23 23:55:59,2.6,14.7,38.5,63
2025-06-24 01:36:53,0.6,18.1,33.8,53
2025-06-24 01:55:14,1.0,19.0,34.6,55
2025-06-24 05:07:47,0.0,16.7,40.3,3
2025-06-24 06:30:58,0.0,10.4,25.6,3
2025-06-24 07:54:28,0.0,6.3,20.9,3
2025-06-24 09:49:39,0.0,18.6,38.2,3
2025-06-24 15:57:28,0.0,7.5,22.3,0
2025-06-24 17:11:13,0.0,6.4,20.9,0
2025-06-24 17:41:21,0.0,5.2,18.0,0
2025-06-24 18:09:16,0.0,4.8,18.0,0
2025-06-24 18:11:38,0.0,4.5,10.8,0
2025-06-24 20:44:59,0.0,4.2,10.4,0
2025-06-24 23:57:27,0.0,4.8,8.6,0
2025-06-25 06:58:59,0.0,9.7,18.7,0
2025-06-25 07:50:19,0.0,3.9,6.5,0
2025-06-25 11:07:52,0.0,5.4,17.6,0
2025-06-25 14:17:36,0.0,7.6,20.9,0
2025-06-25 16:32:14,0.0,4.4,15.8,0
2025-06-25 16:45:17,0.0,3.1,10.4,0
2025-06-25 18:24:40,0.0,0.2,1.8,0
2025-06-25 18:44:15,0.0,9.0,16.2,0
2025-06-25 19:32:45,0.0,2.8,5.0,0
2025-06-25 20:07:20,0.0,5.2,11.5,0
2025-06-25 22:27:10,0.0,5.3,7.2,0
2025-06-26 07:31:27,0.0,10.8,20.9,0
2025-06-26 07:43:13,0.0,7.6,18.4,0
2025-06-26 09:55:38,0.0,16.7,32.0,0
2025-06-26 11:38:16,0.0,13.1,32.0,0
2025-06-26 15:20:35,0.0,15.8,36.7,0
2025-06-26 18:05:08,0.0,9.5,20.5,0
2025-06-26 18:14:27,0.0,9.7,18.7,0
2025-06-26 19:19:16,0.0,12.7,23.0,0
2025-06-26 20:00:17,0.0,11.5,23.0,0
2025-06-26 20:43:32,0.0,11.5,23.0,0
2025-06-26 22:31:00,0.0,15.2,27.0,0
2025-06-26 22:42:52,0.0,4.9,15.1,1
2025-06-27 03:55:17,0.0,7.3,16.2,0
2025-06-27 05:17:38,0.1,7.8,13.3,51
2025-06-27 07:07:25,0.0,8.2,13.7,1
2025-06-27 07:43:58,0.0,9.9,19.1,2
2025-06-27 08:16:10,0.0,7.8,14.4,0
2025-06-27 08:18:21,0.0,6.4,11.9,0
2025-06-27 09:59:00,0.0,6.0,15.5,3
2025-06-27 12:54:23,0.0,7.9,21.2,1
2025-06-27 14:13:20,0.2,9.3,25.2,51
2025-06-27 14:42:47,0.3,8.2,26.3,51
2025-06-27 16:22:15,0.3,10.2,26.3,51
2025-06-27 17:36:52,3.0,15.5,29.9,63
2025-06-27 18:30:53,0.5,9.4,18.7,53
2025-06-27 18:54:07,0.3,7.3,32.0,51
2025-06-27 20:20:47,0.0,9.6,18.0,1
2025-06-27 20:56:31,0.0,9.6,18.0,1
2025-06-28 05:22:45,0.0,4.0,8.3,3
2025-06-28 07:20:59,0.0,2.6,5.4,3
2025-06-28 10:54:08,0.0,8.3,19.8,0
2025-06-28 12:27:12,0.0,16.6,32.8,0
2025-06-28 16:01:06,0.0,13.9,32.0,0
2025-06-28 18:38:49,0.0,7.7,15.8,0
2025-06-29 00:10:13,0.0,8.9,15.1,3
2025-06-29 01:29:12,0.0,13.2,25.9,3
2025-06-29 01:32:48,0.0,7.9,16.9,3
2025-06-29 01:56:39,0.0,10.7,21.2,3
2025-06-29 08:14:00,0.0,16.7,30.6,1
2025-06-29 13:38:06,0.0,16.5,37.8,0
2025-06-29 18:23:10,0.0,7.6,28.4,3
2025-06-29 19:00:37,0.0,3.5,10.4,3
2025-06-29 19:06:16,0.0,3.8,9.7,2
2025-06-29 21:34:12,0.0,5.8,11.2,1
2025-06-30 04:30:54,0.0,6.3,12.2,0
2025-06-30 08:13:34,0.0,6.1,13.7,1
2025-06-30 08:16:43,0.0,10.2,22.3,3
2025-06-30 12:43:20,0.0,4.3,17.3,0
2025-06-30 14:00:04,0.0,8.2,20.9,3
2025-06-30 15:54:24,0.0,8.7,23.0,2
2025-06-30 18:27:43,0.0,12.4,27.7,3
2025-06-30 18:59:37,0.0,3.4,4.3,0
2025-07-01 06:43:05,0.0,9.4,17.3,1
2025-07-01 08:08:58,0.0,6.5,14.0,3
2025-07-01 08:24:23,0.0,9.9,22.7,0
2025-07-01 08:41:30,0.0,12.8,30.6,3
2025-07-01 10:11:09,0.1,13.6,32.4,51
2025-07-01 15:44:49,0.1,7.6,24.1,51
2025-07-01 17:03:41,0.0,11.3,20.5,1
2025-07-01 18:27:39,0.0,13.0,30.6,3
2025-07-01 19:17:18,0.0,12.0,29.9,3
2025-07-01 20:41:06,0.0,20.3,39.6,2
2025-07-01 20:56:48,0.0,17.2,38.2,0
2025-07-01 21:56:54,0.0,15.1,29.2,0
2025-07-02 00:42:36,0.0,11.0,23.4,0
2025-07-02 04:17:41,0.0,12.6,28.8,3
2025-07-02 08:18:59,0.0,11.1,29.2,0
2025-07-02 08:26:16,0.0,8.4,23.8,0
2025-07-02 10:07:05,0.0,20.6,44.6,0
2025-07-02 11:17:05,0.0,14.0,33.8,3
2025-07-02 14:10:53,0.0,13.3,34.6,2
2025-07-02 14:37:25,0.0,9.4,27.4,1
2025-07-02 15:05:33,0.0,12.6,32.4,3
2025-07-02 20:23:35,0.0,13.3,29.5,3
2025-07-02 21:32:19,0.0,16.0,34.2,1
2025-07-02 21:32:46,0.0,16.8,37.4,0
2025-07-02 21:35:56,0.0,16.8,37.4,0
2025-07-02 22:45:22,0.0,11.9,21.2,1
2025-07-03 04:07:37,0.0,13.2,30.2,3
2025-07-03 07:10:30,0.0,9.6,24.8,3
2025-07-03 08:42:30,0.4,18.0,33.8,51
2025-07-03 09:05:55,0.0,12.4,26.6,0
2025-07-03 09:16:51,0.0,14.8,32.8,3
2025-07-03 10:36:01,0.0,12.5,32.0,2
2025-07-03 11:03:04,0.0,12.5,32.0,1
2025-07-03 12:29:13,0.0,10.9,28.8,0
2025-07-03 14:13:00,0.1,0.8,13.0,51
2025-07-03 17:23:15,0.1,10.6,27.0,51
2025-07-03 17:45:49,0.0,10.7,28.1,3
2025-07-03 18:12:40,0.0,7.5,13.7,0
2025-07-03 19:00:01,0.0,11.3,23.8,0
2025-07-03 19:05:58,0.0,11.3,23.8,0
2025-07-03 19:26:38,0.0,11.5,23.8,2
2025-07-03 23:19:00,0.0,15.9,29.2,0
2025-07-04 00:52:37,0.0,12.7,28.4,2
2025-07-04 02:22:57,0.0,8.4,22.3,3
2025-07-04 05:29:04,0.0,13.4,24.1,0
2025-07-04 07:23:54,0.0,13.9,31.3,3
2025-07-04 08:14:18,0.0,11.7,26.6,0
2025-07-04 13:15:23,0.0,9.0,25.9,0
2025-07-04 14:50:38,0.0,13.0,35.3,0
2025-07-04 16:26:23,0.0,10.6,26.6,2
2025-07-04 16:28:46,0.0,10.6,26.6,2
2025-07-04 16:36:45,0.0,10.6,26.6,2
2025-07-04 17:30:37,0.0,8.0,24.1,0
2025-07-04 17:47:43,0.0,8.1,20.5,1
2025-07-04 18:14:42,0.0,10.0,27.0,1
2025-07-04 19:14:11,0.0,9.8,22.0,0
2025-07-04 20:27:41,0.0,13.0,25.9,0
2025-07-04 20:42:05,0.0,13.0,26.6,0
2025-07-04 21:49:13,0.0,14.3,30.2,0
2025-07-05 01:07:31,0.0,7.9,14.8,0
2025-07-05 02:42:27,0.0,12.7,27.7,1
2025-07-05 03:27:00,0.0,0.7,5.4,0
2025-07-05 04:51:28,0.0,11.0,24.5,3
2025-07-05 06:21:45,0.0,5.0,10.1,3
2025-07-05 06:44:32,0.0,12.6,27.4,3
2025-07-05 08:03:48,0.0,4.6,11.9,3
2025-07-05 08:40:19,0.0,4.6,11.9,3
2025-07-05 09:17:15,0.0,14.9,32.4,1
2025-07-05 09:42:47,0.0,7.2,20.9,2
2025-07-05 13:22:47,0.0,3.2,23.4,3
2025-07-05 15:44:06,0.0,2.6,12.2,1
2025-07-05 17:34:49,0.0,5.0,17.3,3
2025-07-05 18:29:49,0.0,9.1,18.0,2
2025-07-05 20:50:42,0.0,6.0,14.0,1
2025-07-05 21:07:06,0.0,7.0,15.1,2
2025-07-05 21:18:23,0.0,7.3,14.0,3
2025-07-06 04:47:42,0.0,6.2,12.6,1
2025-07-06 05:38:59,0.0,9.9,19.4,3
2025-07-06 08:44:29,0.0,8.7,18.0,1
2025-07-06 10:33:33,0.0,4.8,16.6,1
2025-07-06 12:51:54,0.0,4.6,20.9,2
2025-07-06 20:46:16,0.0,8.6,15.5,2
2025-07-07 03:10:41,0.0,9.1,16.6,0
2025-07-07 05:26:40,0.0,7.7,23.0,3
2025-07-07 06:02:27,0.0,13.5,29.2,3
2025-07-07 09:11:24,0.0,12.6,31.7,0
2025-07-07 14:30:02,0.0,4.5,18.7,0
2025-07-07 14:51:00,0.0,5.2,17.6,0
2025-07-07 15:06:10,0.0,6.2,21.2,0
2025-07-07 16:04:45,0.0,1.0,9.7,0
2025-07-07 17:15:22,0.0,3.0,10.1,0
2025-07-07 17:29:21,0.0,2.4,7.9,0
2025-07-07 17:31:00,0.0,10.0,18.4,0
2025-07-07 20:05:15,0.0,6.3,13.3,0
2025-07-07 20:32:11,0.0,7.4,15.5,0
2025-07-08 06:52:00,0.0,4.6,9.0,0
2025-07-08 07:34:03,0.0,6.4,10.8,0
2025-07-08 08:51:58,0.0,0.4,5.4,0
2025-07-08 11:10:37,0.0,5.8,19.4,0
2025-07-08 11:33:24,0.0,5.6,20.9,0
2025-07-08 14:24:35,0.0,3.7,15.1,0
2025-07-08 15:10:28,0.0,7.7,26.3,0
2025-07-08 16:52:37,0.0,6.8,23.8,0
2025-07-08 18:13:38,0.0,4.1,17.3,0
2025-07-08 18:21:35,0.0,12.3,23.8,0
2025-07-08 18:28:10,0.0,3.4,13.0,0
2025-07-08 18:39:27,0.0,10.8,23.0,0
2025-07-08 19:37:48,0.0,6.6,11.2,0
2025-07-08 23:13:54,0.0,7.4,14.0,1
2025-07-09 01:17:30,0.0,10.8,20.9,0
2025-07-09 06:04:56,0.0,12.3,23.8,0
2025-07-09 09:51:11,0.0,10.5,23.0,0
2025-07-09 10:11:29,0.0,10.5,25.9,0
2025-07-09 10:45:46,0.0,7.0,17.6,0
2025-07-09 11:44:09,0.0,15.6,38.5,0
2025-07-09 13:28:52,0.0,9.2,32.0,0
2025-07-09 16:26:53,0.0,10.2,26.3,0
2025-07-09 19:24:56,0.0,18.9,36.7,0
2025-07-09 22:25:00,0.0,16.6,30.6,0
2025-07-10 02:18:00,0.0,14.1,25.9,0
2025-07-10 04:47:47,0.0,17.0,38.2,0
2025-07-10 07:31:23,0.0,13.8,26.6,0
2025-07-10 07:40:12,0.0,12.3,22.3,0
2025-07-10 09:46:18,0.0,3.3,11.5,0
2025-07-10 12:14:42,0.0,10.4,32.0,0
2025-07-10 12:53:48,0.0,8.0,25.6,0
2025-07-10 17:40:42,0.0,6.4,19.4,0
2025-07-10 18:21:15,0.0,8.4,27.4,0
2025-07-10 18:55:46,0.0,0.2,10.4,0
2025-07-10 21:02:51,0.0,8.8,20.5,0
2025-07-10 21:10:50,0.0,5.0,7.9,0
2025-07-11 08:22:54,0.0,5.9,15.1,0
2025-07-11 11:28:56,0.0,5.8,21.2,0
2025-07-11 13:27:12,0.0,4.8,18.0,2
2025-07-11 16:00:47,0.0,8.1,19.8,3
2025-07-11 17:48:27,0.0,1.9,13.0,1
2025-07-11 17:51:33,0.0,9.5,21.2,1
2025-07-11 18:33:25,0.0,2.6,10.1,3
2025-07-11 21:23:35,0.0,6.1,15.1,3
2025-07-11 23:30:08,0.0,8.9,20.2,0
2025-07-12 10:29:57,0.0,10.3,24.1,2
2025-07-12 10:34:33,0.0,12.3,27.0,2
2025-07-12 10:51:57,0.0,12.3,27.0,2
2025-07-12 13:19:22,0.0,8.8,25.9,3
2025-07-12 17:48:00,0.0,4.7,18.7,2
2025-07-12 20:20:04,0.0,11.1,24.5,3
2025-07-12 23:01:27,0.0,4.3,10.1,1
2025-07-13 03:54:51,0.0,9.2,20.9,3
2025-07-13 12:43:47,0.0,15.5,34.6,3
2025-07-13 14:48:17,0.0,7.1,25.6,1
2025-07-13 15:51:49,0.0,10.9,25.2,3
2025-07-13 16:16:28,0.0,9.0,23.8,3
2025-07-13 16:23:41,0.0,11.3,32.4,3
2025-07-13 17:27:37,0.0,11.1,24.5,3
2025-07-13 17:42:24,0.0,7.0,18.7,3
2025-07-13 21:16:24,0.0,3.2,7.6,3
2025-07-13 22:02:38,0.0,14.8,28.8,2
2025-07-14 00:36:00,0.0,11.3,21.2,3
2025-07-14 05:55:15,0.0,4.0,7.6,0
2025-07-14 07:13:34,0.0,5.4,11.5,2
2025-07-14 07:22:10,0.0,0.9,4.7,3
2025-07-14 08:20:52,0.0,5.5,13.7,0
2025-07-14 13:49:47,0.0,3.8,16.2,2
2025-07-14 15:44:50,0.0,4.2,18.0,3
2025-07-14 17:21:18,0.0,8.5,18.4,3
2025-07-14 17:30:14,0.0,9.7,31.3,0
2025-07-14 18:55:23,0.0,5.2,12.6,3
2025-07-14 18:59:47,0.0,8.5,16.2,0
2025-07-14 19:24:53,0.0,7.6,16.9,1
2025-07-14 20:05:25,0.0,4.1,7.6,3
2025-07-14 20:06:40,0.0,6.0,12.2,0
2025-07-14 21:18:07,0.0,4.5,7.9,3
2025-07-14 22:22:32,0.0,9.7,16.2,3
2025-07-14 23:35:05,0.0,12.5,23.0,0
2025-07-15 07:16:24,0.0,4.7,6.8,0
2025-07-15 07:50:45,0.0,4.5,8.6,3
2025-07-15 08:41:43,0.0,6.0,13.0,0
2025-07-15 08:51:48,0.0,7.4,15.1,0
2025-07-15 09:47:50,0.0,3.5,12.2,0
2025-07-15 11:28:16,0.0,3.1,14.0,0
2025-07-15 14:24:41,0.0,1.2,17.6,0
2025-07-15 15:12:06,0.0,9.7,27.7,0
2025-07-15 16:17:03,0.0,6.9,20.5,0
2025-07-15 17:05:51,0.0,8.5,24.1,0
2025-07-15 18:08:20,0.0,7.9,16.9,0
2025-07-15 22:27:05,0.0,3.4,7.2,0
2025-07-16 01:13:23,0.0,9.8,20.9,0
2025-07-16 06:01:05,0.0,2.2,4.0,0
2025-07-16 06:33:31,0.0,4.9,9.0,0
2025-07-16 06:44:00,0.0,7.8,14.0,0
2025-07-16 06:50:46,0.0,6.1,12.2,0
2025-07-16 07:57:16,0.0,11.8,22.0,0
2025-07-16 08:10:17,0.0,9.2,18.4,0
2025-07-16 09:46:28,0.0,9.3,23.4,0
2025-07-16 12:57:08,0.0,3.1,16.9,0
2025-07-16 18:25:48,0.0,9.3,19.4,0
2025-07-16 19:31:46,0.0,6.7,14.4,0
2025-07-16 22:24:34,0.0,4.6,10.8,0
2025-07-16 22:41:20,0.0,8.0,14.4,0
2025-07-16 22:53:42,0.0,10.2,19.8,0
2025-07-16 23:42:06,0.0,11.1,21.2,0
2025-07-16 23:54:11,0.0,1.7,4.7,0
2025-07-17 06:16:55,0.0,5.3,10.8,1
2025-07-17 06:41:00,0.0,1.3,5.4,1
2025-07-17 13:57:19,0.0,10.7,31.0,2
2025-07-17 14:17:58,0.0,7.8,21.2,2
2025-07-17 15:28:13,0.0,12.8,34.6,2
2025-07-17 16:39:36,0.0,8.3,25.6,3
2025-07-17 17:06:10,0.0,6.4,19.1,1
2025-07-17 18:12:32,0.0,4.0,15.8,3
2025-07-17 19:13:18,0.0,1.3,1.8,0
2025-07-17 19:36:04,0.0,1.3,6.1,1
2025-07-17 19:43:48,0.0,4.2,9.0,0
2025-07-17 19:58:33,0.0,5.3,18.7,2
2025-07-17 22:08:42,0.0,5.1,6.5,0
2025-07-17 23:54:38,0.0,7.1,14.0,2
2025-07-18 00:05:48,0.0,5.9,11.2,2
2025-07-18 07:34:18,0.0,3.3,7.9,1
2025-07-18 07:34:37,0.0,10.6,23.4,0
2025-07-18 07:51:59,0.0,4.6,9.0,1
2025-07-18 08:07:46,0.0,2.2,7.9,1
2025-07-18 09:23:19,0.0,3.2,14.4,3
2025-07-18 10:35:16,0.0,6.0,17.3,0
2025-07-18 13:03:59,0.0,10.9,28.4,3
2025-07-18 13:28:21,0.0,11.8,29.2,0
2025-07-18 14:42:24,0.0,10.1,26.6,3
2025-07-18 14:55:29,0.0,17.9,38.2,2
2025-07-18 16:02:38,0.0,16.1,36.4,1
2025-07-18 18:17:14,0.0,3.2,13.7,0
2025-07-18 18:55:38,0.0,11.5,37.8,1
2025-07-18 21:11:39,0.0,5.5,11.9,1
2025-07-18 22:08:08,0.0,5.7,10.4,0
2025-07-18 23:22:57,0.0,6.4,18.4,0
2025-07-19 00:05:49,0.0,5.5,11.2,0
2025-07-19 00:56:37,0.0,11.5,20.9,0
2025-07-19 06:30:26,0.0,5.1,7.9,0
2025-07-19 08:21:10,0.0,7.7,13.7,0
2025-07-19 09:32:32,0.0,6.2,19.1,0
2025-07-19 11:09:22,0.0,6.4,20.9,0
2025-07-19 13:16:39,0.0,5.5,22.3,2
2025-07-19 13:47:35,0.0,4.8,17.3,0
2025-07-19 19:03:42,0.0,8.6,15.5,3
2025-07-19 20:49:04,0.0,5.2,14.0,2
2025-07-19 21:06:03,0.0,8.4,17.6,3
2025-07-20 01:04:33,0.0,15.2,34.6,1
2025-07-20 01:56:48,0.0,13.2,30.6,0
2025-07-20 03:38:27,0.0,7.8,17.3,3
2025-07-20 03:56:00,0.0,7.0,12.6,0
2025-07-20 07:17:00,0.0,4.9,7.2,0
2025-07-20 07:20:26,0.0,3.5,6.5,1
2025-07-20 19:25:32,0.0,5.3,8.6,0
2025-07-20 20:07:45,0.0,7.4,13.3,3
2025-07-21 06:24:51,0.0,3.5,11.5,0
2025-07-21 10:09:27,0.0,3.8,14.4,0
2025-07-21 11:24:11,0.0,9.1,23.4,0
2025-07-21 11:25:08,0.0,5.2,20.5,0
2025-07-21 15:07:34,0.0,11.2,26.6,0
2025-07-21 15:27:00,0.0,9.8,28.1,0
2025-07-21 17:42:03,0.0,3.1,17.3,0
2025-07-21 18:18:50,0.0,6.0,11.5,0
2025-07-21 18:31:04,0.0,6.5,12.2,0
2025-07-21 18:35:08,0.0,5.3,15.5,0
2025-07-21 18:43:07,0.0,7.2,16.6,0
2025-07-21 19:55:17,0.0,7.9,18.7,0
2025-07-22 07:53:23,0.0,4.3,9.7,1
2025-07-22 08:11:39,0.0,5.9,11.9,1
2025-07-22 10:32:49,0.0,3.0,15.1,0
2025-07-22 14:38:01,0.0,9.6,27.4,0
2025-07-22 17:38:07,0.0,3.6,17.6,0
2025-07-22 19:01:38,0.0,8.0,20.9,0
2025-07-22 19:40:03,0.0,5.5,11.5,0
2025-07-23 00:56:35,0.0,6.8,12.2,0
2025-07-23 03:57:20,0.0,6.3,11.2,0
2025-07-23 06:21:20,0.0,1.0,2.2,0
2025-07-23 08:51:59,0.0,8.9,18.4,0
2025-07-23 11:04:18,0.0,8.9,24.1,0
2025-07-23 11:05:00,0.0,10.7,27.0,0
2025-07-23 11:30:27,0.0,10.7,29.2,0
2025-07-23 13:36:23,0.0,9.8,29.5,0
2025-07-23 15:06:07,0.0,8.7,23.0,0
2025-07-23 16:02:18,0.0,8.0,24.1,0
2025-07-23 16:26:36,0.0,6.9,16.2,0
2025-07-23 17:36:15,0.0,12.9,30.2,0
2025-07-23 17:57:10,0.0,9.0,23.0,0
2025-07-23 18:13:35,0.0,7.4,22.3,0
2025-07-23 18:19:24,0.0,6.6,21.2,0
2025-07-23 22:54:32,0.0,12.2,23.8,0
2025-07-24 00:20:11,0.0,16.0,34.2,0
2025-07-24 06:51:09,0.0,10.8,24.5,3
2025-07-24 06:54:57,0.0,10.8,24.5,3
2025-07-24 07:15:00,0.0,12.3,22.0,0
2025-07-24 09:26:00,0.0,1.5,9.4,0
2025-07-24 10:46:20,0.0,12.2,32.4,0
2025-07-24 11:08:31,0.0,13.1,34.9,0
2025-07-24 15:42:28,0.0,7.9,25.9,1
2025-07-24 16:24:29,0.0,7.6,24.5,2
2025-07-24 17:56:32,0.0,7.1,19.8,0
2025-07-24 18:13:44,0.0,8.1,15.1,0
2025-07-24 18:40:05,0.0,9.1,24.1,3
2025-07-25 04:59:19,0.0,6.1,13.7,3
2025-07-25 05:45:51,0.0,10.5,23.4,3
2025-07-25 06:14:36,0.0,9.6,23.0,3
2025-07-25 06:19:36,0.0,11.9,24.8,3
2025-07-25 06:28:17,0.0,11.9,24.8,3
2025-07-25 08:44:03,0.0,10.9,20.9,0
2025-07-25 11:10:24,0.0,15.7,29.2,3
2025-07-25 12:25:42,0.0,12.9,27.4,2
2025-07-25 13:00:46,0.0,9.2,23.0,2
2025-07-25 13:01:03,0.5,3.3,27.0,53
2025-07-25 13:11:20,0.0,11.4,29.5,2
2025-07-25 13:12:23,0.5,16.2,43.2,53
2025-07-25 13:58:22,0.1,2.9,17.3,51
2025-07-25 14:52:52,0.0,12.7,33.8,1
2025-07-25 17:16:17,0.0,8.9,23.0,0
2025-07-25 17:53:37,0.0,8.7,22.7,1
2025-07-25 18:23:39,0.0,6.8,15.1,0
2025-07-25 18:32:28,0.0,13.2,33.5,0
2025-07-25 18:35:37,0.0,5.1,14.8,0
2025-07-25 18:41:56,0.0,13.2,33.5,0
2025-07-25 19:51:09,0.0,10.7,23.4,0
2025-07-25 20:33:58,0.0,7.5,15.5,0
2025-07-25 22:42:00,0.0,5.6,7.6,1
2025-07-26 05:23:19,0.0,13.4,23.8,3
2025-07-26 09:29:11,0.0,0.8,9.4,0
2025-07-26 10:01:21,0.0,7.8,22.3,0
2025-07-26 12:40:16,0.0,7.7,23.8,0
2025-07-26 13:21:58,0.0,6.0,19.4,0
2025-07-26 13:25:32,0.0,4.6,16.9,0
2025-07-26 15:20:30,0.0,1.0,15.5,0
2025-07-26 15:33:35,0.0,1.0,15.5,0
2025-07-26 16:18:24,0.0,5.5,17.6,1
2025-07-26 17:10:06,0.0,7.8,20.2,0
2025-07-26 18:43:14,0.0,2.5,4.0,3
2025-07-26 21:00:01,0.0,9.9,16.9,0
2025-07-26 21:11:46,0.0,7.0,13.7,3
2025-07-27 03:51:19,0.0,9.0,18.4,0
2025-07-27 03:56:45,0.0,5.1,10.8,0
2025-07-27 05:02:34,0.0,6.8,13.7,0
2025-07-27 05:18:38,0.0,7.2,14.4,0
2025-07-27 09:00:58,0.0,5.3,17.3,0
2025-07-27 10:45:38,0.0,10.5,25.6,0
2025-07-27 12:14:37,0.0,11.2,29.2,0
2025-07-27 13:59:00,0.0,13.2,33.8,0
2025-07-27 18:26:24,0.0,6.1,10.4,0
2025-07-27 18:59:15,0.0,7.6,19.1,3
2025-07-27 19:11:24,0.0,4.6,9.0,3
2025-07-27 19:30:54,0.0,10.7,19.4,3
2025-07-27 19:52:53,0.0,10.5,20.9,3
2025-07-27 21:28:12,0.0,10.1,20.2,3
2025-07-28 01:17:39,0.0,18.0,37.4,3
2025-07-28 01:46:15,0.0,17.4,32.8,3
2025-07-28 05:42:17,0.0,16.2,39.2,3
2025-07-28 06:14:49,0.0,12.4,29.5,3
2025-07-28 06:30:51,0.0,16.5,31.3,3
2025-07-28 06:39:20,0.0,14.2,35.3,3
2025-07-28 07:09:08,0.1,16.2,36.7,51
2025-07-28 07:29:03,0.1,16.2,36.7,51
2025-07-28 08:15:56,0.2,7.4,24.8,51
2025-07-28 08:48:08,0.1,15.6,32.8,51
2025-07-28 08:56:30,0.1,15.6,32.8,51
2025-07-28 09:08:29,0.0,13.9,33.1,1
2025-07-28 09:11:18,0.0,6.8,16.6,3
2025-07-28 11:00:43,0.0,7.9,18.7,3
2025-07-28 11:54:15,0.0,5.4,24.1,2
2025-07-28 12:31:25,0.0,7.2,21.6,2
2025-07-28 13:15:37,0.5,10.7,36.4,53
2025-07-28 13:16:38,0.0,24.3,48.2,3
2025-07-28 14:47:54,0.0,24.3,59.8,3
2025-07-28 14:52:22,0.0,21.6,47.2,3
2025-07-28 18:16:25,0.0,14.0,35.3,1
2025-07-28 20:45:19,0.0,6.4,12.2,2
2025-07-28 23:53:59,0.0,9.7,18.0,1
2025-07-29 07:48:00,0.0,3.6,8.6,0
2025-07-29 08:06:13,0.0,5.7,13.7,0
2025-07-29 10:17:26,0.0,4.2,16.9,0
2025-07-29 10:20:42,0.0,11.6,28.4,0
2025-07-29 14:59:58,0.0,10.5,27.0,0
2025-07-29 16:17:27,0.0,9.3,28.1,0
2025-07-29 16:43:14,0.0,10.4,26.6,0
2025-07-29 17:27:34,0.0,8.2,21.6,0
2025-07-29 18:48:27,0.0,7.9,23.4,0
2025-07-29 18:55:43,0.0,6.3,19.4,0
2025-07-29 20:06:35,0.0,5.8,11.9,0
2025-07-29 22:47:04,0.0,2.2,4.0,0
2025-07-30 03:20:01,0.0,10.6,21.6,0
2025-07-30 03:40:35,0.0,6.5,11.2,0
2025-07-30 06:08:20,0.0,6.6,14.4,0
2025-07-30 06:39:06,0.0,8.1,16.6,0
2025-07-30 07:34:58,0.0,10.8,20.5,0
2025-07-30 07:40:38,0.0,5.6,10.4,0
2025-07-30 08:00:00,0.0,8.6,16.9,0
2025-07-30 08:28:51,0.0,5.2,13.3,1
2025-07-30 08:45:10,0.0,13.4,31.3,0
2025-07-30 09:35:46,0.0,7.7,19.4,0
2025-07-30 18:14:50,0.0,9.4,22.3,0
2025-07-30 18:51:31,0.0,9.4,22.3,0
2025-07-30 19:08:13,0.0,9.1,20.2,0
2025-07-30 19:11:56,0.0,8.6,16.9,0
2025-07-30 21:53:57,0.0,12.7,25.6,0
2025-07-31 05:25:35,0.0,13.0,27.7,0
2025-07-31 06:39:24,0.0,8.4,19.1,0
2025-07-31 06:55:12,0.0,17.7,37.4,0
2025-07-31 07:47:50,0.0,19.3,36.7,0
2025-07-31 09:03:53,0.0,13.2,28.1,0
2025-07-31 09:33:00,0.0,12.7,27.4,0
2025-07-31 11:10:42,0.0,14.8,35.6,0
2025-07-31 12:14:23,0.0,4.2,17.6,0
2025-07-31 15:23:29,0.0,9.4,27.7,0
2025-07-31 15:27:00,0.0,5.2,18.7,0
2025-07-31 15:57:12,0.0,11.5,33.5,0
2025-07-31 18:36:36,0.0,11.7,24.1,0
2025-07-31 18:40:28,0.0,13.7,27.7,0
2025-07-31 19:32:30,0.0,13.7,28.1,0
2025-07-31 19:48:09,0.0,12.1,21.6,0
2025-07-31 22:20:58,0.0,15.2,29.5,0
2025-07-31 23:56:02,0.0,9.9,21.6,0
2025-08-01 08:02:27,0.0,15.9,31.0,0
2025-08-01 08:09:07,0.0,15.0,27.0,0
2025-08-01 09:30:00,0.0,7.2,18.7,0
2025-08-01 11:54:45,0.0,4.8,18.4,0
2025-08-01 14:20:55,0.0,8.2,25.2,0
2025-08-01 15:29:10,0.0,6.6,22.0,0
2025-08-01 16:27:59,0.0,2.2,13.3,0
2025-08-01 17:20:00,0.0,4.5,19.8,0
2025-08-01 18:04:00,0.0,11.2,19.1,0
2025-08-01 19:38:05,0.0,2.9,5.0,0
2025-08-01 21:14:16,0.0,10.4,21.6,0
2025-08-01 21:23:43,0.0,7.3,13.7,0
2025-08-02 05:43:51,0.0,10.1,19.4,3
2025-08-02 06:27:21,0.0,5.1,10.4,3
2025-08-02 10:20:54,0.0,13.9,32.4,3
2025-08-02 13:52:09,0.0,10.5,27.7,3
2025-08-02 16:04:24,0.0,9.7,23.4,3
2025-08-02 16:31:18,0.0,9.7,24.8,3
2025-08-02 16:37:18,0.0,6.9,23.4,3
2025-08-02 16:58:34,0.0,11.6,26.6,3
2025-08-02 19:18:15,0.0,9.9,16.9,3
2025-08-02 21:04:41,0.0,8.9,17.3,3
2025-08-02 21:37:47,0.0,8.7,13.3,3
2025-08-02 22:24:40,0.0,6.2,14.0,3
2025-08-02 22:25:50,0.0,8.9,17.6,3
2025-08-03 01:23:32,0.0,10.7,20.2,3
2025-08-03 01:42:04,0.0,7.2,16.6,3
2025-08-03 01:46:18,0.0,10.7,20.2,3
2025-08-03 03:03:04,0.0,7.6,18.0,3
2025-08-03 04:09:20,0.0,7.6,13.7,1
2025-08-03 04:33:34,0.0,8.8,16.2,3
2025-08-03 05:35:14,0.0,10.5,19.8,3
2025-08-03 13:34:24,0.0,11.8,31.7,3
2025-08-03 15:08:59,0.0,9.4,29.9,3
2025-08-03 15:37:38,0.0,6.9,19.8,3
2025-08-03 18:03:10,0.0,3.6,10.8,3
2025-08-03 18:10:23,0.0,4.3,5.8,3
2025-08-04 01:06:50,0.0,16.3,32.8,1
2025-08-04 05:35:04,0.0,7.3,18.7,3
2025-08-04 07:32:18,0.0,6.4,12.2,3
2025-08-04 07:58:30,0.0,8.9,16.2,3
2025-08-04 08:30:54,0.0,8.5,16.9,3
2025-08-04 14:28:58,0.0,6.6,21.6,3
2025-08-04 14:42:08,0.0,6.7,20.9,3
2025-08-04 17:52:48,0.0,9.9,23.0,3
2025-08-04 21:51:57,0.0,7.6,16.2,3
2025-08-04 22:45:13,0.0,9.0,20.2,3
2025-08-05 06:14:32,0.0,12.0,23.8,3
2025-08-05 06:37:13,0.0,10.0,19.1,3
2025-08-05 06:42:49,0.0,4.8,9.7,3
2025-08-05 07:31:21,0.0,8.3,18.0,3
2025-08-05 07:57:46,0.0,3.2,7.9,3
2025-08-05 10:01:05,0.0,10.7,25.6,3
2025-08-05 10:44:46,0.0,10.7,25.6,3
2025-08-05 10:51:55,0.0,8.4,20.2,3
2025-08-05 16:24:57,0.0,9.9,25.9,3
2025-08-05 18:04:19,0.0,7.5,20.9,3
2025-08-05 19:42:14,0.0,11.9,27.4,3
2025-08-06 05:43:16,0.0,14.9,34.2,3
2025-08-06 05:52:30,0.0,13.9,28.1,0
2025-08-06 09:37:07,0.0,14.0,33.1,1
2025-08-06 12:58:02,0.0,8.2,29.9,0
2025-08-06 13:39:53,0.0,7.0,26.3,1
2025-08-06 14:48:07,0.0,8.9,26.3,1
2025-08-06 14:48:38,0.0,7.7,24.8,1
2025-08-06 15:09:04,0.0,9.7,27.7,0
2025-08-06 15:24:27,0.0,7.4,23.8,0
2025-08-06 15:34:08,0.0,9.7,27.7,0
2025-08-06 16:17:13,0.0,8.6,22.3,0
2025-08-06 17:06:10,0.0,13.3,36.7,1
2025-08-06 18:32:37,0.0,12.4,33.8,3
2025-08-06 20:18:16,0.0,15.0,33.1,0
2025-08-06 20:37:18,0.0,14.9,32.0,0
2025-08-07 00:25:27,0.0,11.9,25.9,0
2025-08-07 01:02:10,0.0,12.6,23.8,0
2025-08-07 01:07:25,0.0,11.4,25.2,2
2025-08-07 02:28:49,0.0,5.5,11.2,0
2025-08-07 07:02:54,0.0,5.1,11.5,3
2025-08-07 07:38:19,0.0,11.6,20.5,0
2025-08-07 12:45:16,0.0,5.7,21.6,1
2025-08-07 13:20:28,0.0,4.4,18.4,1
2025-08-07 15:14:51,0.0,10.0,28.8,0
2025-08-07 15:58:14,0.0,13.8,32.0,0
2025-08-07 16:01:45,0.0,4.5,18.4,0
2025-08-07 16:40:28,0.0,12.5,30.6,0
2025-08-07 17:02:43,0.0,8.5,24.1,0
2025-08-07 18:36:43,0.0,5.0,10.1,0
2025-08-07 18:49:07,0.0,4.1,13.3,1
2025-08-07 19:24:09,0.0,8.0,18.4,0
2025-08-07 23:33:37,0.0,4.2,9.7,0
2025-08-08 00:35:39,0.0,5.5,12.6,1
2025-08-08 00:52:07,0.0,5.5,12.6,1
2025-08-08 03:35:39,0.0,7.1,13.3,0
2025-08-08 07:43:03,0.0,6.0,14.0,1
2025-08-08 08:17:57,0.0,4.2,12.6,1
2025-08-08 08:23:00,0.0,3.5,9.4,1
2025-08-08 10:55:46,0.0,11.1,26.3,1
2025-08-08 11:40:44,0.0,20.0,50.0,1
2025-08-08 16:39:07,0.0,18.8,47.2,3
2025-08-08 16:56:33,0.0,18.3,55.4,3
2025-08-08 17:52:10,0.0,12.9,43.2,3
2025-08-08 18:13:34,0.0,8.3,28.1,2
2025-08-08 19:19:45,0.0,8.3,25.6,3
2025-08-08 19:26:07,0.0,9.8,25.6,3
2025-08-08 20:42:28,0.1,8.8,18.4,51
2025-08-08 22:01:23,0.0,12.3,26.6,3
2025-08-09 01:31:00,0.0,3.2,6.8,3
2025-08-09 03:17:38,0.0,2.4,6.1,2
2025-08-09 03:28:00,0.0,9.1,16.2,1
2025-08-09 04:03:07,0.0,5.7,19.1,3
2025-08-09 07:47:24,0.0,2.2,12.2,1
2025-08-09 09:55:09,0.0,7.6,20.2,1
2025-08-09 11:13:23,0.0,10.8,30.2,1
2025-08-09 11:27:40,0.1,12.7,31.0,51
2025-08-09 11:45:11,0.0,15.4,38.5,1
2025-08-09 12:26:19,0.0,16.9,41.8,1
2025-08-09 13:18:15,0.0,16.2,35.3,0
2025-08-09 15:23:01,0.0,13.0,36.7,0
2025-08-09 16:59:16,0.0,16.1,41.8,1
2025-08-09 18:44:09,0.0,8.8,28.8,1
2025-08-09 21:56:31,0.0,8.1,19.4,0
2025-08-09 22:50:19,0.0,8.5,26.6,0
2025-08-09 22:59:52,0.0,10.5,23.4,0
2025-08-10 02:29:30,0.0,3.9,9.0,0
2025-08-10 05:28:06,0.0,8.4,16.2,0
2025-08-10 06:42:41,0.0,7.7,15.5,2
2025-08-10 07:03:16,0.0,7.4,17.3,3
2025-08-10 08:07:55,0.0,6.1,15.5,0
2025-08-10 15:52:17,0.0,10.3,31.3,2
2025-08-10 16:51:30,0.0,10.9,26.3,0
2025-08-10 18:13:27,0.0,6.7,21.2,0
2025-08-10 18:50:43,0.0,6.4,18.0,0
2025-08-10 19:05:44,0.0,13.0,30.2,0
2025-08-10 20:12:03,0.0,9.6,22.0,1
2025-08-10 21:20:13,0.0,14.4,32.8,0
2025-08-10 21:34:00,0.0,1.3,3.2,0
2025-08-10 22:13:16,0.0,12.7,29.5,0
2025-08-11 00:03:37,0.0,8.1,13.3,0
2025-08-11 07:11:59,0.0,6.4,16.2,3
2025-08-11 07:59:24,0.0,8.6,15.5,0
2025-08-11 08:49:54,0.0,8.5,19.4,0
2025-08-11 10:36:33,0.0,7.0,21.2,0
2025-08-11 11:14:02,0.0,4.6,18.7,0
2025-08-11 12:49:29,0.0,2.9,19.4,0
2025-08-11 14:33:20,0.0,8.3,25.2,0
2025-08-11 14:40:58,0.0,3.5,16.9,0
2025-08-11 18:32:44,0.0,3.1,11.9,0
2025-08-11 18:55:22,0.0,7.8,19.8,0
2025-08-11 20:14:13,0.0,16.1,39.6,0
2025-08-11 21:59:01,0.0,7.4,11.9,0
2025-08-11 22:17:13,0.0,13.5,31.7,0
2025-08-11 22:21:38,0.0,9.4,20.9,1
2025-08-11 22:34:46,0.0,12.9,27.0,0
2025-08-11 23:07:41,0.0,8.2,18.7,0
2025-08-12 05:02:03,0.0,8.5,20.9,3
2025-08-12 06:44:17,0.0,14.7,32.8,3
2025-08-12 08:04:27,0.0,9.8,21.2,0
2025-08-12 08:06:43,0.0,10.4,24.1,0
2025-08-12 08:19:28,0.0,7.8,20.5,0
2025-08-12 08:30:44,0.0,15.9,36.0,1
2025-08-12 10:01:22,0.0,6.1,21.2,0
2025-08-12 12:10:48,0.0,8.8,29.2,0
2025-08-12 19:07:32,0.0,5.9,11.5,0
2025-08-12 20:26:34,0.0,10.4,27.7,3
2025-08-12 21:50:08,0.0,13.4,24.8,0
2025-08-12 22:27:57,0.0,12.1,22.3,0
2025-08-12 22:48:00,0.0,6.9,10.8,0
2025-08-12 22:55:03,0.0,12.6,25.6,0
2025-08-12 23:27:22,0.0,6.7,10.8,0
2025-08-12 23:55:03,0.0,7.2,17.3,1
2025-08-13 04:16:00,0.0,8.9,15.5,0
2025-08-13 05:41:00,0.0,1.3,5.0,0
2025-08-13 05:42:36,0.0,4.0,11.2,0
2025-08-13 05:50:30,0.0,9.9,20.2,3
2025-08-13 07:32:16,0.0,6.3,10.8,0
2025-08-13 09:50:00,0.0,7.6,19.1,0
2025-08-13 11:32:38,0.0,8.9,25.6,0
2025-08-13 12:32:22,0.0,4.2,16.6,0
2025-08-13 13:58:20,0.0,2.9,22.3,0
2025-08-13 15:22:44,0.0,7.6,22.3,0
2025-08-13 15:51:36,0.0,4.6,16.2,0
2025-08-13 17:24:54,0.0,9.8,27.7,0
2025-08-13 17:43:33,0.0,1.5,12.6,0
2025-08-13 18:09:55,0.0,5.8,13.0,0
2025-08-13 18:50:32,0.0,3.6,14.4,0
2025-08-13 19:04:36,0.0,10.0,19.8,0
2025-08-13 19:56:22,0.0,10.0,19.8,0
2025-08-13 20:47:44,0.0,4.5,11.9,0
2025-08-13 22:37:02,0.0,8.2,12.2,0
2025-08-13 23:09:03,0.0,7.4,14.0,0
2025-08-14 01:47:37,0.0,8.0,14.0,0
2025-08-14 09:19:22,0.0,9.0,23.4,0
2025-08-14 09:31:52,0.0,8.0,20.2,0
2025-08-14 12:15:47,0.0,13.3,36.4,0
2025-08-14 16:18:13,0.0,5.6,15.8,0
2025-08-14 17:06:27,0.0,13.8,38.2,0
2025-08-14 17:13:58,0.0,6.9,20.5,0
2025-08-14 18:11:27,0.0,17.1,37.4,0
2025-08-14 18:32:37,0.0,13.4,24.5,0
2025-08-14 18:41:08,0.0,19.2,36.7,0
2025-08-14 20:40:48,0.0,16.8,38.9,0
2025-08-15 05:51:56,0.0,20.1,42.8,0
2025-08-15 06:45:28,0.0,14.0,27.4,0
2025-08-15 08:19:45,0.0,12.7,25.2,0
2025-08-15 08:25:23,0.0,8.1,22.0,0
2025-08-15 09:48:14,0.0,14.1,30.2,0
2025-08-15 10:03:55,0.0,9.0,26.6,0
2025-08-15 10:53:00,0.0,7.4,21.2,0
2025-08-15 11:31:46,0.0,7.6,23.4,0
2025-08-15 16:45:46,0.0,14.3,36.7,0
2025-08-15 17:24:53,0.0,8.5,22.3,0
2025-08-15 17:52:42,0.0,10.2,25.6,0
2025-08-15 18:49:32,0.0,8.3,22.3,0
2025-08-15 21:05:00,0.0,16.6,29.9,0
2025-08-15 22:48:30,0.0,21.1,46.1,1
2025-08-15 22:57:21,0.0,14.0,30.6,0
2025-08-16 01:03:57,0.0,11.6,29.2,3
2025-08-16 05:47:04,0.0,11.6,25.9,0
2025-08-16 06:48:14,0.0,10.1,24.8,3
2025-08-16 06:48:14,0.0,8.4,15.1,0
2025-08-16 10:25:48,0.0,8.6,23.0,0
2025-08-16 10:41:00,0.0,11.2,28.1,0
2025-08-16 12:13:00,0.0,5.4,23.4,0
2025-08-16 14:48:32,0.0,4.1,19.4,0
2025-08-16 15:07:20,0.0,6.2,22.3,0
2025-08-16 15:15:00,0.0,6.8,19.8,0
2025-08-16 15:43:06,0.0,6.1,21.2,0
2025-08-16 15:58:46,0.0,4.8,20.2,0
2025-08-16 17:32:21,0.0,13.9,33.8,0
2025-08-16 18:37:24,0.0,6.4,13.7,0
2025-08-16 19:31:00,0.0,4.1,14.4,0
2025-08-16 21:47:58,0.0,7.4,11.9,0
2025-08-16 21:48:27,0.0,7.4,11.9,0
2025-08-16 22:02:25,0.0,8.3,12.6,0
2025-08-16 22:21:46,0.0,10.8,18.4,1
2025-08-16 23:25:18,0.0,9.9,21.6,3
2025-08-17 05:50:26,0.0,5.7,13.0,0
2025-08-17 07:04:35,0.0,6.9,15.1,1
2025-08-17 12:12:05,0.0,6.6,25.6,0
2025-08-17 12:25:53,0.0,2.1,16.6,0
2025-08-17 13:34:28,0.0,5.9,22.7,0
2025-08-17 13:35:13,0.0,6.4,23.8,1
2025-08-17 19:05:43,0.0,1.5,12.6,0
2025-08-17 20:58:26,0.0,11.0,19.8,0
2025-08-17 21:33:32,0.0,7.7,17.3,0
2025-08-17 21:59:16,0.0,10.8,22.3,0
2025-08-17 23:01:26,0.0,6.1,11.9,0
2025-08-18 06:51:15,0.0,4.8,7.6,0
2025-08-18 09:27:17,0.0,7.1,20.5,0
2025-08-18 09:31:45,0.0,9.8,22.0,0
2025-08-18 16:39:06,0.0,5.5,18.4,0
2025-08-18 17:32:27,0.0,14.3,33.5,0
2025-08-18 19:21:03,0.0,16.4,28.8,0
2025-08-18 23:59:57,0.0,10.4,23.0,0
2025-08-19 05:50:50,0.0,2.4,4.0,0
2025-08-19 08:01:30,0.0,6.1,16.6,1
2025-08-19 10:09:03,0.0,20.2,42.1,0
2025-08-19 18:03:01,0.0,12.2,36.0,3
2025-08-19 20:16:31,0.0,13.4,23.4,3
2025-08-19 20:40:09,0.0,13.1,28.1,3
2025-08-19 21:28:26,0.0,14.4,32.4,3
2025-08-19 22:17:10,0.0,10.4,28.4,3
2025-08-20 01:00:00,0.0,20.5,37.1,2
2025-08-20 03:08:11,0.0,16.1,34.6,3
2025-08-20 04:37:06,0.0,13.9,24.1,3
2025-08-20 05:46:42,0.0,15.9,31.7,1
2025-08-20 06:39:19,0.0,16.3,34.9,1
2025-08-20 08:00:44,0.0,9.0,20.2,2
2025-08-20 08:45:37,0.0,15.9,34.6,0
2025-08-20 09:00:10,0.0,12.4,30.2,3
2025-08-20 09:23:47,0.0,15.9,37.8,3
2025-08-20 16:10:48,0.0,16.0,35.6,2
2025-08-20 23:39:18,0.0,11.9,29.9,2
2025-08-21 00:23:53,0.0,3.2,9.4,3
2025-08-21 06:55:55,0.0,8.9,16.9,3
2025-08-21 07:36:18,0.0,7.7,17.6,3
2025-08-21 10:34:08,0.0,7.5,23.8,2
2025-08-21 12:47:00,0.0,12.4,34.2,0
2025-08-21 14:23:46,0.0,9.8,31.3,2
2025-08-21 16:32:14,0.1,3.4,15.8,51
2025-08-21 17:28:20,0.0,8.1,19.4,1
2025-08-21 17:33:49,0.0,5.6,11.9,3
2025-08-21 21:00:07,0.0,6.5,12.2,0
2025-08-21 22:22:15,0.0,6.5,10.1,1
2025-08-21 22:29:52,0.0,7.8,17.3,0
2025-08-22 06:49:51,0.0,11.8,23.8,0
2025-08-22 09:07:49,0.0,12.5,28.8,0
2025-08-22 09:43:41,0.0,14.6,29.9,0
2025-08-22 15:03:58,0.0,9.4,30.6,0
2025-08-22 17:56:32,0.0,12.2,32.4,0
2025-08-22 18:46:17,0.0,13.9,32.0,2
2025-08-22 19:26:11,0.0,11.2,22.3,1
2025-08-22 20:35:41,0.0,8.1,21.6,3
2025-08-22 21:12:57,0.0,11.9,20.9,0
2025-08-22 22:36:32,0.0,7.9,20.5,0
2025-08-23 01:38:08,0.0,12.0,23.8,3
2025-08-23 06:15:00,0.0,17.0,31.3,3
2025-08-23 13:02:41,0.0,16.1,45.4,3
2025-08-23 15:24:58,0.0,15.6,42.5,3
2025-08-23 20:38:15,0.0,5.2,9.4,2
2025-08-23 21:11:00,0.0,5.8,10.8,3
2025-08-23 23:58:55,0.0,5.6,7.9,1
2025-08-24 00:52:27,0.0,8.0,15.1,0
2025-08-24 05:31:00,0.0,15.5,27.4,0
2025-08-24 05:36:37,0.0,12.7,30.2,3
2025-08-24 06:19:25,0.0,8.5,18.0,0
2025-08-24 17:21:51,0.0,11.6,27.4,3
2025-08-24 19:25:10,0.0,2.3,11.9,3
2025-08-24 21:22:44,0.0,15.3,33.8,3
2025-08-24 21:49:54,0.0,15.3,33.8,3
2025-08-24 23:35:46,0.0,14.5,26.3,3
2025-08-25 07:55:44,0.0,9.3,21.2,0
2025-08-25 08:08:45,0.0,3.2,16.2,1
2025-08-25 10:44:28,0.0,4.3,18.0,3
2025-08-25 11:22:19,0.0,7.9,21.2,3
2025-08-25 13:10:30,0.0,6.0,23.0,1
2025-08-25 13:26:22,0.0,6.3,23.0,1
2025-08-25 13:26:41,0.0,10.3,25.2,3
2025-08-25 14:02:36,0.0,4.8,21.2,0
2025-08-25 16:37:00,0.0,7.5,16.9,0
2025-08-25 18:15:59,0.0,5.7,19.1,0
2025-08-25 18:29:44,0.0,11.0,21.6,0
2025-08-25 18:57:36,0.0,11.0,21.6,0
2025-08-25 19:05:34,0.0,11.2,25.9,0
2025-08-25 21:37:49,0.0,15.7,36.0,0
2025-08-26 04:17:17,0.0,12.4,27.0,1
2025-08-26 06:01:30,0.0,12.0,28.8,0
2025-08-26 06:03:08,0.0,9.2,18.0,2
2025-08-26 07:01:00,0.0,7.8,16.2,0
2025-08-26 07:41:27,0.0,15.0,33.5,0
2025-08-26 10:51:29,0.0,10.2,29.9,2
2025-08-26 11:04:43,0.0,9.7,31.7,3
2025-08-26 11:06:55,0.0,6.4,22.7,3
2025-08-26 14:05:59,0.0,13.6,32.4,2
2025-08-26 14:24:51,0.0,13.8,33.1,1
2025-08-26 15:44:47,0.2,8.3,29.9,51
2025-08-26 17:29:30,0.0,12.9,37.8,2
2025-08-26 17:41:41,0.0,17.3,47.5,3
2025-08-26 19:21:23,0.0,16.4,35.6,1
2025-08-26 20:05:29,0.1,12.2,33.1,51
2025-08-26 22:19:04,0.4,16.2,35.3,51
2025-08-27 01:04:01,0.0,6.8,17.6,1
2025-08-27 04:36:18,0.0,6.8,17.3,3
2025-08-27 05:55:04,0.0,6.4,12.6,0
2025-08-27 06:27:00,0.0,7.7,15.8,1
2025-08-27 07:22:14,0.0,15.6,31.3,0
2025-08-27 07:59:17,0.0,6.9,13.3,1
2025-08-27 09:12:25,0.0,10.2,27.7,2
2025-08-27 12:18:46,0.0,4.9,19.1,1
2025-08-27 12:53:16,0.0,1.4,21.2,0
2025-08-27 15:38:02,0.0,4.3,24.8,0
2025-08-27 17:39:26,0.0,4.7,19.4,1
2025-08-27 19:32:03,0.0,6.4,28.4,0
2025-08-27 20:02:44,0.0,10.9,22.3,0
2025-08-27 21:02:35,0.0,11.0,26.6,3
2025-08-27 23:30:22,0.0,12.3,28.4,0
2025-08-28 02:43:08,0.0,8.3,21.2,3
2025-08-28 07:45:35,0.0,9.0,20.5,3
2025-08-28 08:07:27,0.0,9.9,23.4,0
2025-08-28 10:42:40,0.0,9.4,28.1,0
2025-08-28 13:59:08,0.0,5.8,21.2,0
2025-08-28 14:44:55,0.0,3.2,15.1,2
2025-08-28 15:36:37,0.0,10.5,27.4,2
2025-08-28 16:35:07,0.0,9.8,27.0,3
2025-08-29 08:10:22,0.0,7.4,19.1,3
2025-08-29 11:27:02,0.0,11.1,28.8,3
2025-08-29 12:18:22,0.4,10.8,26.3,51
2025-08-29 14:15:59,0.1,9.7,27.4,51
2025-08-29 15:59:00,0.1,8.0,21.2,51
2025-08-29 16:21:43,0.0,4.6,15.8,1
2025-08-29 17:09:19,0.0,8.7,28.4,2
2025-08-29 17:44:43,5.9,11.4,38.9,63
2025-08-29 17:45:57,0.3,9.4,24.1,51
2025-08-29 18:19:36,3.0,10.8,22.7,63
2025-08-29 18:30:20,0.3,5.4,10.8,51
2025-08-29 18:35:09,0.0,10.2,22.7,2
2025-08-29 19:02:11,0.0,9.3,19.4,2
2025-08-29 19:42:53,1.0,9.4,18.7,55
2025-08-29 20:34:50,0.0,5.4,14.8,0
2025-08-29 20:57:20,0.0,5.4,14.8,0
2025-08-30 09:04:37,0.0,9.8,26.6,0
2025-08-30 13:01:34,0.0,12.7,33.8,0
2025-08-30 13:41:28,0.0,9.9,28.8,0
2025-08-30 13:51:00,0.0,10.3,29.5,1
2025-08-30 14:22:04,0.0,9.7,27.7,0
2025-08-30 15:03:42,0.0,15.4,36.0,0
2025-08-30 15:52:00,0.0,13.4,32.0,0
2025-08-30 16:20:19,0.0,16.4,39.6,0
2025-08-30 17:19:12,0.0,19.0,43.2,0
2025-08-30 21:01:20,0.0,16.1,31.3,0
2025-08-30 22:52:48,0.0,9.6,17.3,0
2025-08-31 00:11:37,0.0,20.9,38.2,0
2025-08-31 00:20:24,0.0,12.2,25.2,0
2025-08-31 05:54:57,0.0,9.8,22.7,0
2025-08-31 06:04:54,0.0,13.2,25.6,0
2025-08-31 06:34:59,0.0,13.0,26.3,0
2025-08-31 15:58:24,0.0,9.2,21.2,3
2025-08-31 17:52:58,0.0,11.2,25.6,3
2025-08-31 18:26:30,0.0,14.0,27.0,0
2025-09-01 12:44:26,0.1,9.1,29.9,51
2025-09-01 14:05:46,0.0,10.6,28.1,0
2025-09-01 14:12:36,0.0,11.4,31.7,0
2025-09-01 14:25:16,0.0,10.6,28.1,0
2025-09-01 15:30:27,0.0,12.4,32.4,0
2025-09-01 19:00:15,0.0,16.7,38.2,0
2025-09-01 19:40:44,0.0,11.5,24.8,1
2025-09-01 20:12:12,0.0,9.4,25.9,0
2025-09-01 22:07:42,0.0,11.4,23.0,0
2025-09-01 22:31:19,0.0,9.6,18.4,0
2025-09-02 04:16:53,0.0,12.6,25.9,0
2025-09-02 08:41:46,0.0,4.8,12.2,1
2025-09-02 09:10:24,0.0,21.7,45.4,3
2025-09-02 10:45:21,0.0,9.4,27.0,3
2025-09-02 12:30:30,0.0,12.5,34.9,1
2025-09-02 13:57:00,0.0,14.5,36.0,3
2025-09-02 14:01:19,0.0,9.3,25.6,0
2025-09-02 15:39:01,0.0,9.9,24.1,1
2025-09-02 16:11:30,0.0,15.5,35.3,3
2025-09-02 17:46:39,0.0,12.4,25.9,3
2025-09-02 18:23:31,0.0,3.8,25.2,2
2025-09-02 21:25:30,0.0,6.6,17.3,3
2025-09-02 21:51:51,0.0,6.5,14.8,3
2025-09-03 04:48:26,0.0,23.9,45.4,0
2025-09-03 06:47:50,0.0,13.9,29.2,0
2025-09-03 06:55:09,0.0,8.4,19.1,0
2025-09-03 07:26:18,0.0,9.4,18.0,1
2025-09-03 07:44:42,0.0,13.0,22.7,0
2025-09-03 07:51:56,0.0,10.3,21.2,0
2025-09-03 08:02:13,0.0,16.6,37.8,0
2025-09-03 09:12:00,0.0,12.2,27.0,0
2025-09-03 09:12:46,0.0,13.7,34.6,0
2025-09-03 10:28:48,0.0,14.4,37.8,0
2025-09-03 11:25:12,0.0,13.2,37.1,0
2025-09-03 14:24:00,0.0,9.6,28.4,2
2025-09-03 15:06:38,0.0,12.6,29.5,0
2025-09-03 16:59:49,0.0,8.3,25.6,0
2025-09-03 17:16:02,0.0,14.4,29.5,2
2025-09-03 19:47:56,0.0,7.0,12.6,0
2025-09-03 20:37:27,0.0,2.0,11.9,0
2025-09-04 01:07:58,0.0,8.9,17.3,2
2025-09-04 04:01:19,0.0,12.5,26.6,0
2025-09-04 06:09:47,0.0,7.1,13.7,1
2025-09-04 08:34:00,0.0,11.4,23.4,0
2025-09-04 08:46:34,0.0,11.4,27.4,0
2025-09-04 09:51:14,0.0,16.1,35.6,0
2025-09-04 15:52:44,0.0,9.7,28.1,0
2025-09-04 17:07:37,0.0,5.1,21.2,1
2025-09-04 18:41:29,0.0,2.1,11.9,0
2025-09-04 21:32:15,0.0,5.4,14.8,3
2025-09-04 23:53:49,0.0,6.3,11.9,3
2025-09-05 05:14:27,0.0,4.6,9.4,1
2025-09-05 05:42:54,0.0,10.2,19.4,0
2025-09-05 06:48:33,0.0,5.3,14.0,0
2025-09-05 06:54:39,0.0,9.3,17.6,0
2025-09-05 06:56:52,0.0,5.3,14.0,0
2025-09-05 08:20:56,0.0,2.5,8.6,0
2025-09-05 10:59:26,0.0,4.7,16.2,0
2025-09-05 13:03:47,0.0,6.5,25.2,0
2025-09-05 16:16:00,0.0,7.5,19.4,0
2025-09-05 20:41:50,0.0,4.3,7.6,0
2025-09-05 22:30:42,0.0,11.9,33.1,0
2025-09-05 23:02:00,0.0,7.5,13.0,0
2025-09-06 02:54:53,0.0,9.1,19.1,0
2025-09-06 04:13:33,0.0,12.6,28.1,3
2025-09-06 07:36:24,0.0,13.1,29.9,3
2025-09-06 15:46:11,0.0,17.2,43.2,2
2025-09-06 16:19:00,0.0,9.6,20.5,1
2025-09-06 17:04:06,0.0,16.3,32.8,0
2025-09-06 19:37:01,0.0,15.8,31.7,0
2025-09-06 19:41:00,0.0,17.7,40.7,0
2025-09-06 19:55:55,0.0,19.4,44.6,0
2025-09-06 20:47:56,0.0,18.7,43.9,0
2025-09-06 23:34:45,0.0,16.9,39.6,3
2025-09-07 04:06:07,0.0,13.9,26.3,0
2025-09-07 04:07:12,0.0,19.5,42.8,2
2025-09-07 06:18:22,0.0,12.2,28.4,3
2025-09-07 08:57:43,0.0,10.3,25.9,0
2025-09-07 15:39:10,0.0,2.8,18.7,1
2025-09-07 17:22:12,0.0,15.5,36.0,3
2025-09-07 18:27:20,0.0,15.4,36.4,3
2025-09-07 18:56:59,0.0,18.3,37.8,3
2025-09-07 19:07:54,0.0,15.9,36.0,0
2025-09-07 19:09:55,0.0,12.0,29.2,3
2025-09-07 19:53:28,0.0,11.5,24.8,3
2025-09-07 20:20:00,0.0,16.4,28.4,3
2025-09-07 20:35:00,0.0,9.4,18.0,3
2025-09-07 21:21:35,0.0,15.3,38.2,3
2025-09-08 03:21:15,0.0,12.1,27.4,3
2025-09-08 07:28:46,0.0,14.5,25.6,0
2025-09-08 07:33:04,0.0,10.0,18.4,0
2025-09-08 08:11:56,0.0,11.2,25.6,3
2025-09-08 08:27:41,0.0,11.2,25.6,3
2025-09-08 09:23:37,0.0,10.7,28.4,1
2025-09-08 11:48:13,0.0,13.5,33.8,1
2025-09-08 11:57:33,0.0,13.5,33.8,1
2025-09-08 15:40:48,0.0,12.2,31.7,3
2025-09-08 17:18:56,0.0,13.2,27.4,2
2025-09-08 17:25:37,0.0,14.7,33.1,0
2025-09-08 17:55:05,0.0,14.8,32.4,1
2025-09-08 18:52:44,0.0,13.5,32.4,0
2025-09-08 18:53:13,0.0,12.4,34.2,0
2025-09-08 19:29:58,0.0,11.8,22.0,1
2025-09-08 20:52:55,0.0,10.1,22.7,0
2025-09-08 20:57:47,0.0,11.5,22.3,0
2025-09-08 22:52:22,0.0,13.5,25.2,0
2025-09-09 00:45:48,0.0,15.3,32.8,0
2025-09-09 04:16:19,0.0,22.4,40.0,0
2025-09-09 05:59:26,0.0,22.5,52.9,0
2025-09-09 06:58:08,0.0,19.4,43.6,0
2025-09-09 07:00:25,0.0,13.5,33.1,0
2025-09-09 07:29:00,0.0,21.7,40.3,0
2025-09-09 07:47:16,0.0,11.8,26.3,0
2025-09-09 08:14:52,0.0,16.7,38.2,0
2025-09-09 08:58:20,0.0,12.6,29.2,0
2025-09-09 14:39:14,0.0,29.5,59.4,3
2025-09-09 16:26:35,0.0,13.8,36.4,2
2025-09-09 16:27:06,0.0,17.1,38.5,1
2025-09-09 17:08:41,0.0,17.0,35.6,3
2025-09-09 17:25:23,0.0,14.6,34.6,3
2025-09-09 18:41:59,0.0,14.7,41.4,1
2025-09-09 19:33:26,0.0,9.6,32.4,1
2025-09-09 23:11:41,0.0,9.7,20.2,0
2025-09-10 06:44:47,0.0,10.3,18.7,0
2025-09-10 07:16:24,0.0,5.8,9.7,0
2025-09-10 08:18:14,0.0,4.9,15.5,0
2025-09-10 08:53:45,0.0,5.9,16.9,0
2025-09-10 09:25:31,0.0,5.5,18.7,0
2025-09-10 12:24:13,0.0,1.5,15.1,0
2025-09-10 13:46:08,0.0,6.1,24.1,0
2025-09-10 14:19:00,0.0,2.4,14.8,0
2025-09-10 14:38:59,0.0,4.2,19.1,0
2025-09-10 17:27:30,0.0,8.8,19.4,0
2025-09-10 18:12:00,0.0,6.8,13.3,0
2025-09-10 18:49:42,0.0,11.4,23.8,0
2025-09-10 18:54:00,0.0,11.0,24.5,0
2025-09-10 23:33:34,0.0,14.9,31.3,0
2025-09-10 23:46:58,0.0,13.7,24.1,0
2025-09-11 01:09:37,0.0,4.8,10.1,0
2025-09-11 02:34:00,0.0,12.6,22.3,0
2025-09-11 03:06:26,0.0,5.8,14.0,1
2025-09-11 03:35:00,0.0,6.8,10.4,0
2025-09-11 04:15:38,0.0,3.1,6.1,0
2025-09-11 05:36:56,0.0,6.7,11.5,0
2025-09-11 07:31:55,0.0,11.7,20.9,0
2025-09-11 09:03:21,0.0,0.9,12.6,0
2025-09-11 10:19:04,0.0,2.9,17.3,0
2025-09-11 10:24:44,0.0,2.2,14.0,0
2025-09-11 10:52:25,0.0,2.0,15.1,0
2025-09-11 13:43:26,0.0,4.8,20.5,0
2025-09-11 15:31:50,0.0,10.7,27.0,0
2025-09-11 15:40:33,0.0,12.7,32.0,0
2025-09-11 17:46:26,0.0,10.2,24.8,0
2025-09-11 18:05:28,0.0,4.4,27.4,0
2025-09-11 18:09:00,0.0,6.7,12.2,0
2025-09-11 22:20:41,0.0,4.2,13.3,3
2025-09-11 22:49:26,0.0,7.0,11.2,0
2025-09-11 23:08:00,0.0,8.8,14.0,0
2025-09-12 07:17:59,0.0,17.6,41.0,0
2025-09-12 12:13:03,0.0,13.7,38.5,0
2025-09-12 18:21:00,0.0,14.6,33.8,0
2025-09-12 19:06:27,0.0,12.0,23.0,0
2025-09-12 19:23:05,0.0,12.1,21.2,0
2025-09-12 19:28:00,0.0,8.0,13.7,0
2025-09-12 20:03:11,0.0,14.6,29.9,0
2025-09-12 21:33:56,0.0,16.1,29.2,0
2025-09-12 23:06:20,0.0,20.2,39.6,1
2025-09-13 04:04:27,0.0,14.8,28.8,0
2025-09-13 04:51:57,0.0,6.0,18.7,0
2025-09-13 04:55:50,0.0,12.5,26.3,0
2025-09-13 05:40:02,0.0,10.3,27.7,0
2025-09-13 06:10:39,0.0,7.6,15.8,0
2025-09-13 11:26:00,0.0,6.2,22.3,0
2025-09-13 17:25:23,0.0,17.2,38.9,0
2025-09-13 21:54:55,0.0,17.7,40.3,0
2025-09-14 02:49:38,0.0,15.2,36.7,0
2025-09-14 11:22:49,0.0,8.1,28.8,0
2025-09-14 11:24:01,0.0,11.3,34.6,0
2025-09-14 11:40:00,0.0,2.6,16.2,0
2025-09-14 12:21:27,0.0,7.1,26.3,0
2025-09-14 12:44:05,0.0,7.2,28.1,0
2025-09-14 14:01:29,0.0,5.6,24.1,0
2025-09-14 16:50:49,0.0,4.1,21.2,0
2025-09-14 18:35:00,0.0,10.4,23.0,0
2025-09-14 19:05:40,0.0,10.8,19.8,0
2025-09-14 19:52:26,0.0,12.2,28.4,3
2025-09-14 19:53:17,0.0,10.8,19.8,0
2025-09-15 05:37:08,0.0,5.9,14.4,0
2025-09-15 06:01:23,0.0,11.9,21.6,0
2025-09-15 07:37:06,0.0,6.9,18.0,3
2025-09-15 07:50:46,0.0,8.7,17.6,0
2025-09-15 08:14:28,0.0,14.4,32.4,0
2025-09-15 08:22:53,0.0,5.8,16.9,0
2025-09-15 10:14:11,0.0,3.9,18.0,0
2025-09-15 11:06:51,0.0,7.3,24.8,0
2025-09-15 12:09:58,0.0,6.4,30.2,1
2025-09-15 13:38:01,0.0,4.8,22.3,0
2025-09-15 19:14:34,0.0,18.4,32.8,0
2025-09-15 19:59:22,0.0,13.3,38.9,3
2025-09-15 21:14:05,0.0,14.9,36.7,0
2025-09-15 22:33:47,0.0,12.9,28.8,0
2025-09-16 03:47:18,0.0,8.0,15.8,1
2025-09-16 04:43:49,0.0,6.3,13.7,2
2025-09-16 11:52:51,0.0,5.4,21.6,3
2025-09-16 15:17:51,0.9,21.6,45.7,53
2025-09-16 16:07:00,0.1,24.4,43.2,51
2025-09-16 16:22:28,0.0,4.1,24.5,3
2025-09-16 17:27:32,0.0,5.8,17.3,3
2025-09-16 18:52:31,0.0,3.1,20.5,3
2025-09-16 18:55:31,0.0,2.5,15.1,3
2025-09-16 20:45:00,0.0,3.0,5.8,3
2025-09-16 22:16:43,0.0,6.7,11.9,1
2025-09-16 23:34:17,0.0,9.7,19.1,3
2025-09-16 23:38:50,0.0,8.5,19.8,1
2025-09-17 02:21:22,0.0,9.4,20.5,0
2025-09-17 02:31:38,0.0,5.8,11.5,0
2025-09-17 07:10:19,0.0,8.6,17.6,0
2025-09-17 07:23:26,0.0,10.8,25.2,0
2025-09-17 08:41:58,0.0,14.1,30.6,0
2025-09-17 08:59:48,0.0,9.8,23.4,0
2025-09-17 15:05:28,0.0,14.4,34.9,0
2025-09-17 15:54:50,0.0,13.8,33.5,0
2025-09-17 16:57:23,0.0,15.1,34.2,0
2025-09-17 19:51:20,0.0,21.3,42.8,0
2025-09-17 20:09:58,0.0,17.3,42.5,0
2025-09-17 20:21:28,0.0,17.3,42.5,0
2025-09-17 22:08:09,0.0,16.8,36.4,0
2025-09-18 05:00:17,0.0,16.6,35.6,0
2025-09-18 08:02:54,0.0,10.6,24.1,0
2025-09-18 08:03:20,0.0,9.3,25.6,0
2025-09-18 08:12:29,0.0,10.0,22.0,0
2025-09-18 10:09:44,0.0,9.7,27.7,0
2025-09-18 12:12:38,0.0,12.3,34.2,0
2025-09-18 12:37:44,0.0,5.4,22.3,0
2025-09-18 13:51:01,0.0,2.7,20.9,0
2025-09-18 16:30:39,0.0,13.2,33.1,0
2025-09-18 16:41:18,0.0,13.5,36.0,0
2025-09-18 17:34:09,0.0,13.8,35.3,0
2025-09-18 18:31:51,0.0,5.0,10.4,0
2025-09-18 20:35:45,0.0,19.3,40.0,0
2025-09-18 20:49:56,0.0,16.1,37.1,0
2025-09-18 22:12:43,0.0,16.1,36.0,3
2025-09-18 23:58:02,0.0,22.3,42.8,2
2025-09-19 05:29:01,0.0,7.2,17.3,3
2025-09-19 06:18:20,0.0,7.1,15.5,3
2025-09-19 06:29:38,0.0,6.3,11.9,3
2025-09-19 06:36:14,0.0,5.2,12.2,3
2025-09-19 07:06:42,0.0,2.2,7.2,3
2025-09-19 07:13:32,0.0,8.1,16.6,3
2025-09-19 07:21:41,0.0,9.4,18.7,3
2025-09-19 09:31:51,0.0,6.7,20.2,3
2025-09-19 11:14:47,0.0,8.5,22.3,3
2025-09-19 14:52:29,0.0,12.4,34.9,3
2025-09-19 15:12:52,0.7,20.2,39.6,53
2025-09-19 15:57:52,0.0,9.4,33.5,2
2025-09-19 16:34:26,0.0,8.7,30.2,1
2025-09-19 16:52:42,0.0,8.7,30.2,1
2025-09-19 18:41:20,0.0,5.1,29.2,2
2025-09-19 18:44:05,0.0,3.1,21.6,1
2025-09-19 18:48:00,1.0,12.2,37.8,55
2025-09-19 19:06:35,0.0,7.0,18.4,2
2025-09-19 19:15:08,0.0,6.1,11.5,0
2025-09-19 20:01:48,0.0,5.7,8.6,1
2025-09-19 23:35:26,0.0,11.4,24.8,2
2025-09-20 00:33:56,0.0,3.6,11.2,0
2025-09-20 09:16:20,0.0,13.5,31.0,0
2025-09-20 10:11:39,0.0,9.4,28.4,1
2025-09-20 10:45:23,0.0,9.4,28.4,1
2025-09-20 13:00:39,0.0,11.0,34.6,2
2025-09-20 14:11:27,0.0,10.4,32.8,3
2025-09-20 16:45:36,0.0,8.8,24.5,2
2025-09-20 19:16:13,0.0,6.7,12.6,3
2025-09-20 21:09:32,0.0,3.4,22.7,0
2025-09-20 21:35:27,0.0,11.6,27.7,0
2025-09-21 03:30:22,0.0,11.7,24.8,3
2025-09-21 04:20:57,0.0,14.1,26.6,3
2025-09-21 05:09:15,0.0,12.8,27.0,2
2025-09-21 08:33:08,0.0,18.0,36.7,3
2025-09-21 09:29:00,0.0,22.9,44.6,3
2025-09-21 11:07:36,0.0,25.0,65.5,3
2025-09-21 12:01:52,0.0,20.1,55.1,3
2025-09-21 13:19:26,0.0,23.7,50.4,3
2025-09-21 17:13:37,0.0,19.3,42.1,3
2025-09-21 18:36:48,0.0,6.8,27.4,1
2025-09-22 01:40:40,0.0,9.9,20.5,3
2025-09-22 05:52:58,0.0,3.2,25.9,2
2025-09-22 10:36:23,1.0,8.3,29.2,55
2025-09-22 11:13:20,0.3,22.0,50.4,51
2025-09-22 11:23:51,0.5,21.9,54.7,53
2025-09-22 12:06:56,1.5,25.3,60.8,61
2025-09-22 12:23:54,0.3,15.2,33.5,51
2025-09-22 13:58:55,0.2,24.2,49.3,51
2025-09-22 14:31:39,0.1,25.2,61.6,51
2025-09-22 15:18:00,1.0,20.1,54.7,55
2025-09-22 16:02:00,20.3,9.6,45.7,65
2025-09-22 18:11:22,0.9,15.6,31.7,53
2025-09-22 19:57:07,0.8,17.6,38.5,53
2025-09-22 21:02:17,0.0,12.7,32.4,3
2025-09-22 21:52:11,5.0,12.0,29.2,63
2025-09-23 01:02:12,0.1,4.9,14.8,51
2025-09-23 02:40:50,0.0,4.2,7.9,3
2025-09-23 03:36:01,0.0,3.7,6.8,3
2025-09-23 06:13:58,0.0,3.7,10.4,3
2025-09-23 09:37:34,0.0,13.0,31.0,3
2025-09-23 10:40:54,0.0,10.3,27.0,2
2025-09-23 12:48:09,0.0,6.2,20.2,3
2025-09-23 15:44:19,0.0,7.8,20.2,0
2025-09-23 16:14:52,0.0,16.7,33.8,0
2025-09-23 16:16:28,0.0,7.5,22.0,0
2025-09-23 19:16:34,0.0,16.5,38.2,0
2025-09-23 22:22:27,0.0,15.4,28.8,0
2025-09-23 22:31:03,0.0,12.5,28.1,0
2025-09-24 01:39:00,0.0,11.2,23.0,0
2025-09-24 02:22:40,0.0,11.6,25.9,0
2025-09-24 02:39:15,0.0,11.7,24.8,0
2025-09-24 03:02:32,0.0,15.5,34.2,3
2025-09-24 03:29:58,0.0,10.7,23.4,0
2025-09-24 07:28:20,0.0,16.7,36.0,3
2025-09-24 07:35:21,0.0,11.2,26.6,1
2025-09-24 07:52:08,0.0,10.6,20.9,0
2025-09-24 08:31:54,0.0,10.7,25.9,0
2025-09-24 09:15:59,0.0,10.1,24.8,0
2025-09-24 09:16:56,0.0,11.1,28.8,0
2025-09-24 10:42:48,0.0,10.8,28.4,0
2025-09-24 11:23:27,0.1,13.8,35.3,51
2025-09-24 11:30:14,0.0,13.8,36.0,1
2025-09-24 12:53:25,0.0,13.2,36.0,2
2025-09-24 13:25:33,0.0,16.7,41.8,2
2025-09-24 14:28:38,0.0,13.7,34.9,1
2025-09-24 17:01:59,0.0,13.5,27.0,1
2025-09-24 17:28:33,0.0,22.1,50.4,1
2025-09-24 18:25:51,0.0,18.6,49.3,3
2025-09-24 19:50:09,0.0,20.8,43.9,0
2025-09-24 20:44:23,0.0,15.9,41.0,3
2025-09-24 20:55:00,0.0,18.0,33.5,0
2025-09-24 21:10:22,0.0,20.2,39.6,0
2025-09-24 22:10:37,0.0,17.7,42.8,3
2025-09-24 23:36:42,0.0,20.1,44.6,0
2025-09-25 05:06:55,0.0,15.2,28.4,0
2025-09-25 07:27:40,0.0,18.0,41.8,1
2025-09-25 13:13:47,0.1,13.8,33.5,51
2025-09-25 15:25:00,0.0,13.1,30.2,1
2025-09-25 15:46:37,0.0,20.1,47.5,3
2025-09-25 17:23:55,0.0,17.2,44.3,3
2025-09-25 17:33:14,0.0,16.0,34.6,1
2025-09-25 17:43:54,0.0,20.3,45.4,0
2025-09-25 17:47:44,0.0,20.3,45.4,0
2025-09-25 17:59:00,0.0,19.5,38.9,2
2025-09-25 18:20:40,0.0,24.5,50.8,0
2025-09-25 18:53:40,0.0,18.1,45.7,0
2025-09-26 01:34:45,0.0,15.8,33.1,1
2025-09-26 08:04:21,0.0,19.6,42.5,3
2025-09-26 08:10:55,0.0,29.6,58.0,1
2025-09-26 09:28:47,0.1,19.3,45.4,51
2025-09-26 16:43:07,0.0,13.5,33.1,0
2025-09-26 17:05:44,0.0,14.8,34.6,0
2025-09-26 17:50:18,0.0,13.8,34.9,0
2025-09-26 18:46:33,0.0,11.6,33.5,0
2025-09-26 20:51:40,0.0,18.6,39.6,0
2025-09-27 00:23:57,0.0,17.6,34.9,0
2025-09-27 04:40:34,0.0,10.0,29.5,0
2025-09-27 05:08:30,0.0,18.2,36.0,0
2025-09-27 05:19:29,0.0,9.9,23.0,0
2025-09-27 07:18:46,0.0,11.0,25.9,0
2025-09-27 07:25:03,0.0,8.7,21.6,0
2025-09-27 11:18:10,0.0,1.9,16.9,2
2025-09-27 12:19:37,0.0,6.9,25.2,1
2025-09-27 19:19:47,0.0,4.6,9.0,0
2025-09-27 19:39:00,0.0,6.0,16.2,1
2025-09-27 20:17:28,0.0,8.9,15.8,0
2025-09-27 23:15:17,0.0,8.3,16.2,3
2025-09-28 01:43:06,0.0,10.8,21.2,1
2025-09-28 02:09:19,0.0,4.6,7.9,0
2025-09-28 04:22:54,0.0,10.3,17.6,0
2025-09-28 05:31:59,0.0,5.1,12.6,1
2025-09-28 09:32:36,0.0,11.1,29.5,2
2025-09-28 13:37:46,0.0,4.0,21.6,3
2025-09-28 14:00:23,0.0,8.5,22.3,3
2025-09-28 15:30:07,0.0,9.9,30.2,3
2025-09-28 16:45:03,0.0,10.6,24.5,3
2025-09-29 11:46:15,0.0,3.9,20.5,2
2025-09-29 12:24:18,0.0,3.1,18.4,1
2025-09-29 13:09:33,0.0,4.2,16.2,0
2025-09-29 14:27:03,0.0,6.8,24.5,0
2025-09-29 15:08:56,0.0,7.4,20.5,0
2025-09-29 20:38:18,0.0,16.3,36.7,0
2025-09-30 01:40:00,0.0,8.6,15.8,0
2025-09-30 05:50:15,0.0,8.9,19.8,0
2025-09-30 06:18:00,0.0,8.6,14.0,0
2025-09-30 09:05:23,0.0,6.7,21.2,1
2025-09-30 09:17:05,0.0,7.2,22.7,0
2025-09-30 14:02:07,0.0,7.1,27.4,0
2025-09-30 16:55:48,0.0,8.1,25.6,2
2025-09-30 18:22:58,0.0,8.8,15.5,3
2025-09-30 19:20:33,0.0,7.6,19.1,3
2025-09-30 20:14:43,0.0,15.0,33.1,3
2025-10-01 01:10:19,0.0,9.8,18.4,1
2025-10-01 03:08:46,0.0,2.8,5.0,0
2025-10-01 07:45:17,0.0,5.6,18.4,3
2025-10-01 09:09:22,0.0,4.1,15.5,0
2025-10-01 09:38:40,0.0,8.1,26.3,0
2025-10-01 09:59:36,0.0,8.1,26.3,0
2025-10-01 11:48:00,0.0,11.3,31.0,0
2025-10-01 12:44:04,0.0,1.9,16.9,0
2025-10-01 15:13:16,0.0,11.0,24.5,3
2025-10-01 15:19:11,0.0,8.8,21.2,0
2025-10-01 16:15:19,0.0,5.6,19.8,2
2025-10-01 16:37:56,0.0,9.8,31.0,1
2025-10-01 17:01:06,0.0,8.9,23.0,2
2025-10-02 05:33:31,0.0,12.1,25.6,3
2025-10-02 07:29:33,0.0,10.4,26.6,3
2025-10-02 08:03:07,0.0,14.4,33.5,0
2025-10-02 08:26:09,0.0,10.2,27.4,3
2025-10-02 09:17:25,0.0,11.3,31.3,2
2025-10-02 12:20:19,0.0,9.8,31.3,0
2025-10-02 13:04:22,0.0,10.8,31.7,1
2025-10-02 14:11:58,0.0,5.8,20.2,3
2025-10-02 17:58:20,0.0,16.1,41.8,3
2025-10-02 21:10:26,0.0,13.5,24.5,3
2025-10-02 21:23:21,0.0,14.2,35.6,3
2025-10-02 22:05:31,0.0,14.7,36.4,3
2025-10-03 01:19:40,0.0,10.5,23.4,3
2025-10-03 05:11:43,0.0,9.5,18.4,3
2025-10-03 12:59:35,0.0,10.5,29.9,3
2025-10-03 16:00:35,0.0,10.8,29.2,3
2025-10-03 16:37:35,2.6,9.7,28.4,63
2025-10-03 16:57:51,0.0,9.1,26.6,2
2025-10-03 19:07:24,0.2,7.1,14.0,51
2025-10-03 19:50:14,0.0,7.6,18.0,3
2025-10-03 19:52:21,0.0,15.8,34.6,3
2025-10-03 21:51:19,0.0,14.0,27.4,3
2025-10-03 22:44:03,0.0,11.5,28.1,3
2025-10-04 00:21:55,0.0,10.6,22.0,3
2025-10-04 02:56:46,0.0,11.9,20.5,3
2025-10-04 03:37:11,0.0,6.5,25.2,3
2025-10-04 03:46:29,0.0,8.4,18.0,3
2025-10-04 04:48:50,0.0,2.9,6.5,3
2025-10-04 04:50:48,0.0,8.1,15.8,2
2025-10-04 10:54:53,0.0,9.7,27.0,3
2025-10-04 13:53:20,0.0,10.5,25.9,3
2025-10-04 16:05:00,0.0,10.2,27.7,3
2025-10-04 16:54:18,0.0,14.8,34.9,2
2025-10-04 19:37:13,0.0,7.0,13.0,3
2025-10-04 20:05:09,0.0,4.7,19.4,3
2025-10-04 21:14:52,0.0,9.0,23.8,3
2025-10-04 21:53:38,0.0,15.1,32.0,3
2025-10-05 02:08:29,0.0,12.6,24.1,0
2025-10-05 02:22:56,0.0,9.6,19.8,0
2025-10-05 03:11:50,0.0,13.6,27.0,0
2025-10-05 05:28:21,0.0,11.4,24.1,0
2025-10-05 16:39:38,0.0,6.2,20.2,1
2025-10-05 18:52:47,0.0,8.9,27.0,1
2025-10-06 07:24:03,0.0,9.7,21.6,0
2025-10-06 07:33:37,0.0,6.4,13.7,0
2025-10-06 08:14:17,0.0,6.5,18.7,0
2025-10-06 09:11:44,0.0,12.8,33.5,1
2025-10-06 09:53:25,0.0,6.5,20.5,0
2025-10-06 11:36:52,0.0,13.1,35.6,2
2025-10-06 15:17:00,0.0,7.9,23.8,1
2025-10-06 17:22:37,0.0,7.3,29.9,3
2025-10-06 18:15:57,0.0,2.4,19.1,3
2025-10-06 19:20:00,0.0,5.5,14.4,3
2025-10-06 21:34:26,0.0,7.6,12.6,3
2025-10-06 22:21:52,0.0,4.1,9.0,3
2025-10-07 05:36:00,0.0,7.0,14.4,0
2025-10-07 06:06:44,0.0,1.3,2.9,3
2025-10-07 07:04:21,0.0,12.0,30.2,3
2025-10-07 11:37:51,0.0,12.4,34.9,3
2025-10-07 13:17:15,0.4,7.4,29.5,51
2025-10-07 15:06:36,0.0,19.3,31.7,2
2025-10-07 15:57:02,0.5,19.0,42.8,53
2025-10-07 17:45:53,0.0,21.8,50.0,3
2025-10-07 18:16:57,0.0,22.0,49.7,3
2025-10-08 00:40:19,0.0,16.1,32.8,3
2025-10-08 09:11:47,0.2,18.3,34.2,51
2025-10-08 10:15:50,0.0,17.2,43.6,2
2025-10-08 10:51:52,0.0,18.2,46.1,2
2025-10-08 12:34:42,0.0,14.3,41.4,2
2025-10-08 13:24:51,0.0,18.3,43.2,3
2025-10-08 14:10:31,0.0,7.1,34.2,2
2025-10-08 14:36:18,0.1,5.0,33.8,51
2025-10-08 18:25:01,0.0,19.9,52.2,2
2025-10-08 18:32:37,0.2,18.5,46.8,51
2025-10-08 19:01:29,0.9,19.9,43.9,53
2025-10-08 19:44:24,0.0,19.3,43.9,0
2025-10-08 22:38:00,0.0,15.8,37.8,0
2025-10-08 23:20:50,0.4,16.3,37.4,51
2025-10-08 23:34:27,0.0,17.8,42.1,3
2025-10-08 23:51:47,6.5,20.9,39.2,63
2025-10-09 00:06:20,0.0,19.4,46.1,2
2025-10-09 06:25:32,0.0,14.1,31.7,3
2025-10-09 09:33:19,0.0,9.9,29.5,1
2025-10-09 13:11:34,0.0,14.0,43.9,3
2025-10-09 13:53:50,0.0,12.3,34.9,2
2025-10-09 15:22:20,0.0,12.2,30.2,3
2025-10-09 16:24:48,0.1,8.2,31.0,51
2025-10-09 18:34:10,0.0,13.2,36.0,3
2025-10-09 19:22:31,0.0,12.0,29.2,3
2025-10-09 19:23:45,0.0,19.8,43.2,3
2025-10-09 19:53:56,0.1,14.0,23.8,51
2025-10-09 20:07:23,0.0,12.5,33.1,3
2025-10-09 21:26:32,0.2,5.4,3.6,51
2025-10-10 00:51:50,0.0,11.2,25.2,3
2025-10-10 01:18:35,0.0,12.4,27.4,3
2025-10-10 01:23:16,1.3,13.0,23.8,61
2025-10-10 01:25:34,0.0,9.5,24.1,3
2025-10-10 04:57:07,0.0,7.4,16.9,3
2025-10-10 05:30:58,0.0,8.7,14.4,3
2025-10-10 06:54:06,4.2,7.9,27.4,63
2025-10-10 07:57:56,2.0,5.8,11.9,61
2025-10-10 08:24:00,1.7,10.9,21.2,61
2025-10-10 10:40:18,0.0,19.9,41.0,3
2025-10-10 14:11:42,0.0,15.1,37.1,1
2025-10-10 15:22:01,3.8,7.7,25.2,63
2025-10-10 15:46:26,0.2,10.5,32.8,51
2025-10-10 17:17:07,0.0,8.5,22.0,3
2025-10-10 17:46:29,0.0,9.3,22.3,3
2025-10-10 18:35:15,0.1,8.1,16.6,51
2025-10-10 21:44:54,0.0,7.5,21.6,3
2025-10-10 21:53:46,0.0,7.3,21.2,3
2025-10-10 23:59:38,0.0,13.5,27.4,3
2025-10-11 04:07:21,0.0,8.1,16.2,3
2025-10-11 07:49:32,0.0,2.9,8.6,3
2025-10-11 13:19:28,0.0,7.0,22.0,3
2025-10-11 19:06:16,0.0,7.7,17.3,0
2025-10-11 20:18:47,0.0,9.9,19.1,0
2025-10-11 21:12:30,0.0,7.4,16.2,0
2025-10-12 02:22:30,0.0,4.2,10.8,0
2025-10-12 05:27:20,0.0,9.7,19.1,3
2025-10-12 06:45:01,0.0,13.0,24.5,1
2025-10-12 07:15:30,0.0,13.6,25.2,3
2025-10-12 20:14:52,0.5,11.1,29.5,53
2025-10-12 20:19:58,1.2,7.3,15.1,55
2025-10-12 21:15:35,0.9,7.5,11.2,53
2025-10-12 22:06:01,0.1,3.1,15.8,51
2025-10-13 05:45:00,0.0,12.5,24.1,3
2025-10-13 07:04:49,0.0,10.9,28.4,1
2025-10-13 07:30:55,0.0,9.6,25.2,3
2025-10-13 07:49:43,0.0,8.9,18.0,1
2025-10-13 07:49:52,0.0,9.6,25.2,3
2025-10-13 14:28:32,2.8,15.6,35.6,63
2025-10-13 15:24:38,2.4,1.0,31.0,61
2025-10-13 16:34:31,0.7,3.0,15.8,53
2025-10-13 18:00:46,0.0,12.7,28.8,3
2025-10-13 20:02:26,0.4,8.1,15.8,51
2025-10-13 21:03:00,0.6,6.3,7.9,53
2025-10-13 23:05:10,0.0,9.4,16.2,3
2025-10-14 00:03:20,0.0,8.3,18.7,1
2025-10-14 01:08:07,0.0,1.0,2.9,3
2025-10-14 01:46:00,0.0,3.7,6.8,3
2025-10-14 05:18:24,0.0,6.5,15.1,3
2025-10-14 05:58:27,0.0,8.5,15.5,3
2025-10-14 07:57:16,0.0,5.7,13.3,3
2025-10-14 09:55:55,0.2,7.7,17.6,51
2025-10-14 11:21:00,0.3,11.0,27.0,51
2025-10-14 12:42:22,0.3,6.0,20.5,51
2025-10-14 14:06:20,0.0,6.3,19.4,0
2025-10-14 17:29:47,0.0,6.0,18.7,1
2025-10-14 18:18:27,0.0,4.1,19.1,0
2025-10-14 18:28:09,0.0,6.0,13.3,0
2025-10-14 18:48:33,0.0,4.1,19.1,0
2025-10-14 18:54:58,0.0,6.2,14.4,1
2025-10-14 18:56:20,0.0,4.9,14.0,0
2025-10-14 19:41:24,0.0,13.8,33.5,1
2025-10-14 19:41:58,0.0,12.0,22.7,0
2025-10-14 21:26:16,0.0,18.4,38.5,3
2025-10-14 21:38:07,0.0,4.4,16.9,3
2025-10-14 22:25:22,0.0,21.3,41.4,3
2025-10-15 06:41:10,0.0,6.7,17.6,0
2025-10-15 07:34:37,0.0,8.9,22.3,0
2025-10-15 09:08:10,0.0,11.5,29.9,3
2025-10-15 10:17:26,0.0,7.0,21.2,0
2025-10-15 11:47:00,0.1,8.4,28.4,51
2025-10-15 16:55:29,0.0,8.3,26.6,1
2025-10-15 17:49:33,0.0,14.0,35.6,1
2025-10-15 19:18:48,0.0,17.1,35.3,0
2025-10-16 03:04:38,0.0,12.0,26.3,3
2025-10-16 03:05:21,0.0,8.7,20.9,3
2025-10-16 06:12:21,0.0,4.8,10.4,0
2025-10-16 07:04:53,0.0,5.3,15.8,0
2025-10-16 08:45:22,0.0,8.3,25.6,3
2025-10-16 08:52:26,0.0,5.6,19.1,3
2025-10-16 10:58:01,0.0,6.3,21.2,0
2025-10-16 18:50:26,0.0,7.3,13.3,1
2025-10-16 20:03:41,0.0,9.4,16.2,3
2025-10-16 20:59:05,0.0,14.6,27.0,2
2025-10-16 22:07:59,0.0,6.8,14.8,0
2025-10-16 23:57:14,0.0,12.2,21.6,3
2025-10-17 07:38:11,0.0,4.2,10.8,3
2025-10-17 07:44:14,0.0,4.4,13.7,2
2025-10-17 11:08:46,0.0,12.1,32.8,2
2025-10-17 13:46:07,0.0,7.0,24.1,3
2025-10-17 16:56:12,0.0,10.9,28.8,3
2025-10-17 17:05:42,0.0,7.8,39.6,3
2025-10-17 17:08:19,0.0,16.3,32.4,0
2025-10-17 19:17:25,0.0,6.6,22.7,3
2025-10-17 22:50:19,0.0,11.1,20.2,3
2025-10-18 02:43:00,1.4,3.2,10.1,61
2025-10-18 03:34:40,0.5,4.7,17.3,53
2025-10-18 05:57:00,0.8,5.1,9.4,53
2025-10-18 06:37:15,0.3,9.3,19.1,51
2025-10-18 07:39:26,0.4,15.7,35.6,51
2025-10-18 07:55:28,0.1,12.4,27.7,51
2025-10-18 08:10:36,0.0,8.3,19.8,3
2025-10-18 08:46:24,0.1,13.0,27.7,51
2025-10-18 11:41:23,0.5,17.5,45.4,53
2025-10-18 12:25:45,1.3,9.2,31.3,61
2025-10-18 14:23:37,0.6,7.7,26.3,53
2025-10-18 15:14:50,5.0,18.7,36.7,63
2025-10-18 15:44:29,0.4,15.1,42.5,51
2025-10-18 17:38:52,3.0,10.8,33.1,63
2025-10-18 18:48:40,2.8,4.8,13.0,63
2025-10-18 21:38:23,0.2,7.3,14.8,51
2025-10-18 22:15:04,0.2,4.2,9.4,51
2025-10-18 22:36:45,0.9,11.1,21.6,53
2025-10-18 22:45:58,0.1,3.8,10.8,51
2025-10-18 23:56:15,0.6,4.4,7.9,53
2025-10-19 08:52:00,0.0,19.2,46.8,3
2025-10-19 14:16:05,0.0,22.9,48.6,3
2025-10-19 19:39:18,0.0,16.4,38.2,0
2025-10-20 01:20:20,0.0,15.3,31.7,0
2025-10-20 04:42:57,0.0,14.6,31.0,0
2025-10-20 06:32:18,0.0,12.6,25.9,2
2025-10-20 06:50:32,0.0,14.4,27.7,0
2025-10-20 07:01:00,0.0,14.5,27.7,0
2025-10-20 07:42:31,0.0,12.2,25.6,0
2025-10-20 09:14:14,0.0,18.8,47.5,0
2025-10-20 09:25:21,0.0,18.2,37.1,0
2025-10-20 11:57:20,0.0,18.3,37.8,0
2025-10-20 12:48:36,0.0,19.5,48.2,3
2025-10-20 13:22:16,0.0,17.1,44.3,0
2025-10-20 15:28:54,0.0,19.5,45.4,0
2025-10-20 17:17:48,0.0,24.3,51.5,1
2025-10-20 18:40:02,0.0,18.6,45.4,0
2025-10-20 20:14:04,0.0,18.8,40.0,0
2025-10-20 21:14:59,0.0,20.8,43.6,0
2025-10-21 01:15:00,0.0,12.9,32.0,1
2025-10-21 07:38:24,0.0,10.3,29.5,0
2025-10-21 07:38:35,0.0,11.8,33.1,0
2025-10-21 08:17:59,0.0,12.2,29.5,0
2025-10-21 08:18:09,0.0,21.7,45.0,0
2025-10-21 10:36:34,0.0,17.1,41.0,0
2025-10-21 10:44:11,0.0,9.8,25.9,0
2025-10-21 11:25:21,0.0,17.2,41.8,0
2025-10-21 13:58:06,0.0,14.9,40.0,0
2025-10-21 15:05:42,0.0,20.8,44.3,0
2025-10-21 15:51:59,0.0,16.0,40.0,0
2025-10-21 17:40:52,0.0,16.7,40.0,0
2025-10-21 19:02:03,0.0,11.7,24.8,0
2025-10-21 23:56:00,0.0,15.1,26.3,0
2025-10-22 02:33:31,0.0,8.4,20.5,0
2025-10-22 04:53:29,0.0,7.9,18.7,0
2025-10-22 05:25:31,0.0,10.0,22.7,0
2025-10-22 06:29:11,0.0,20.9,37.8,0
2025-10-22 07:04:02,0.0,12.0,24.1,0
2025-10-22 07:19:10,0.0,16.4,33.5,0
2025-10-22 08:02:42,0.0,12.5,32.0,0
2025-10-22 10:51:00,0.0,20.5,45.0,0
2025-10-22 11:13:44,0.0,13.7,37.8,0
2025-10-22 17:21:59,0.0,15.2,32.4,0
2025-10-22 18:11:18,0.0,12.8,31.3,0
2025-10-22 18:37:10,0.0,14.1,37.8,0
2025-10-22 22:20:00,0.0,10.2,22.7,0
2025-10-23 01:40:43,0.0,18.1,36.4,0
2025-10-23 05:53:35,0.0,14.0,28.8,0
2025-10-23 08:12:28,0.0,15.5,36.0,0
2025-10-23 12:48:04,0.0,11.9,33.8,0
2025-10-23 15:37:11,0.0,15.1,34.9,0
2025-10-23 16:29:21,0.0,15.5,38.9,0
2025-10-23 17:09:41,0.0,10.8,29.5,0
2025-10-23 17:34:36,0.0,9.4,28.1,0
2025-10-23 17:37:03,0.0,9.7,27.4,1
2025-10-23 18:01:28,0.0,13.2,31.0,0
2025-10-23 19:09:13,0.0,11.0,19.4,0
2025-10-23 19:31:19,0.0,13.4,31.3,0
2025-10-23 21:37:30,0.0,8.4,18.4,2
2025-10-24 06:18:12,0.0,8.5,16.2,0
2025-10-24 06:37:06,0.0,9.7,16.6,2
2025-10-24 07:03:56,0.0,7.1,18.4,0
2025-10-24 10:13:21,0.0,10.6,30.6,0
2025-10-24 13:31:27,0.0,8.1,25.2,0
2025-10-24 18:38:52,0.0,15.1,28.4,0
2025-10-24 18:58:39,0.0,7.1,17.6,1
2025-10-24 19:01:37,0.0,8.8,29.5,1
2025-10-24 22:30:29,0.0,8.8,23.4,0
2025-10-24 23:36:54,0.0,12.8,27.7,0
2025-10-25 00:48:18,0.0,12.6,27.4,0
2025-10-25 03:53:50,0.0,12.8,27.4,0
2025-10-25 07:29:05,0.0,10.9,25.2,1
2025-10-25 08:09:55,0.0,8.7,24.1,0
2025-10-25 08:18:51,0.0,12.0,30.2,0
2025-10-25 09:15:31,0.0,8.5,28.4,2
2025-10-25 09:20:45,0.0,8.6,30.6,2
2025-10-25 09:28:17,0.0,8.7,27.7,2
2025-10-25 10:56:50,0.0,18.5,41.8,1
2025-10-25 12:49:24,0.0,9.8,34.9,3
2025-10-25 13:28:34,0.0,8.5,24.5,1
2025-10-25 17:51:49,0.0,7.1,20.2,1
2025-10-25 18:02:56,0.0,9.2,22.3,2
2025-10-25 18:47:50,0.0,7.6,11.5,1
2025-10-25 21:42:45,0.0,9.9,19.8,3
2025-10-25 22:35:40,0.0,9.5,17.6,3
2025-10-25 22:37:58,0.0,7.1,15.8,3
2025-10-26 00:20:52,0.0,8.3,16.6,3
2025-10-26 05:40:18,0.0,7.1,13.7,0
2025-10-26 08:18:46,0.0,6.8,19.8,2
2025-10-26 12:19:32,0.0,5.6,24.5,3
2025-10-26 17:43:19,0.0,3.6,14.0,3
2025-10-26 17:44:51,0.0,8.3,22.3,3
2025-10-26 18:38:42,0.0,5.3,23.0,3
2025-10-26 19:55:04,0.0,8.0,16.9,3
2025-10-26 21:23:52,0.0,5.6,14.4,3
2025-10-26 23:10:00,0.0,16.1,35.6,3
2025-10-27 06:07:19,0.0,7.9,17.6,3
2025-10-27 06:39:30,0.0,8.3,17.6,3
2025-10-27 07:30:00,0.0,10.3,19.8,3
2025-10-27 08:49:46,0.0,9.4,19.1,3
2025-10-27 12:43:31,0.0,10.7,25.2,3
2025-10-27 13:40:57,0.3,4.9,15.8,51
2025-10-27 13:54:16,0.0,5.8,20.9,3
2025-10-27 13:55:50,0.0,5.4,20.2,3
2025-10-27 13:59:30,0.3,4.9,15.8,51
2025-10-27 16:52:36,0.0,3.1,13.3,3
2025-10-27 17:53:13,0.0,1.3,12.2,3
2025-10-27 17:58:22,0.0,1.5,6.1,3
2025-10-27 18:20:39,0.8,8.1,15.5,53
2025-10-27 21:36:06,0.0,6.0,14.4,3
2025-10-27 23:19:13,0.2,5.8,11.9,51
2025-10-28 07:40:09,2.5,6.0,13.0,63
2025-10-28 09:00:37,0.8,2.8,14.0,53
2025-10-28 10:04:16,0.5,6.0,18.4,53
2025-10-28 12:48:29,0.0,8.6,31.3,2
2025-10-28 18:59:12,0.0,4.4,11.5,3
2025-10-28 19:36:50,0.2,4.2,9.7,51
2025-10-28 20:09:16,0.1,6.9,15.8,51
2025-10-28 23:17:37,0.1,6.7,14.8,51
2025-10-29 00:04:20,0.0,4.5,6.5,3
2025-10-29 00:04:40,0.0,5.5,13.7,3
2025-10-29 03:55:46,0.0,3.8,11.5,3
2025-10-29 05:08:04,2.2,11.6,20.9,61
2025-10-29 06:09:52,2.0,6.6,37.8,61
2025-10-29 06:41:28,0.0,3.6,7.9,3
2025-10-29 07:01:24,0.2,6.9,16.6,51
2025-10-29 07:27:02,0.0,2.7,8.6,3
2025-10-29 08:45:49,0.0,7.3,19.8,3
2025-10-29 08:49:02,0.0,4.3,13.7,3
2025-10-29 13:20:45,1.2,19.6,55.1,55
2025-10-29 15:26:17,0.3,6.6,41.0,51
2025-10-29 18:26:39,0.0,3.1,14.0,3
2025-10-29 19:11:48,1.3,6.6,23.8,61
2025-10-30 02:35:29,0.1,10.7,28.8,51
2025-10-30 06:28:00,0.0,10.9,23.0,3
2025-10-30 06:46:01,0.0,8.6,22.0,3
2025-10-30 07:29:01,0.0,14.3,32.0,3
2025-10-30 10:30:22,0.1,6.5,18.7,51
2025-10-30 12:06:00,0.1,8.4,24.5,51
2025-10-30 12:17:46,0.2,5.6,23.4,51
2025-10-30 13:50:00,0.1,10.7,28.8,51
2025-10-30 13:52:44,6.6,11.8,25.2,63
2025-10-30 14:16:12,0.1,8.8,31.3,51
2025-10-30 17:51:46,0.0,11.2,28.1,3
2025-10-30 18:18:59,0.0,8.9,25.6,3
2025-10-30 20:13:31,0.0,14.7,31.3,0
2025-10-30 20:17:38,0.0,9.3,19.4,3
2025-10-30 20:55:46,0.0,9.4,18.7,3
2025-10-30 21:56:23,0.0,12.8,29.2,0
2025-10-31 03:16:15,0.0,7.2,14.4,3
2025-10-31 04:46:47,0.5,13.8,27.0,53
2025-10-31 10:21:13,0.1,11.1,28.1,51
2025-10-31 10:22:17,0.1,11.1,28.1,51
2025-10-31 10:37:28,0.1,8.5,28.8,51
2025-10-31 12:32:26,0.2,9.1,35.3,51
2025-10-31 15:14:29,0.2,7.7,30.6,51
2025-10-31 15:35:52,6.8,7.4,24.8,63
2025-10-31 20:52:17,0.0,6.3,11.5,0
2025-10-31 23:23:14,0.0,4.3,9.4,2
2025-11-01 00:55:08,0.0,8.3,17.6,3
2025-11-01 01:10:41,0.0,0.7,3.2,3
2025-11-01 05:07:44,0.0,4.4,8.6,3
2025-11-01 05:28:11,0.0,5.1,9.0,3
2025-11-01 06:05:27,0.0,4.9,7.2,3
2025-11-01 06:41:14,0.0,5.4,12.6,3
2025-11-01 07:51:43,0.0,7.2,18.4,3
2025-11-01 12:21:00,0.0,6.1,19.8,3
2025-11-01 12:46:48,0.0,4.2,19.8,3
2025-11-01 13:45:44,0.0,5.1,20.9,3
2025-11-01 19:13:34,0.0,4.2,7.6,3
2025-11-01 21:37:12,0.0,12.6,18.7,3
2025-11-02 10:12:49,0.5,11.5,30.6,53
2025-11-02 15:18:59,1.0,10.9,28.4,55
2025-11-02 17:04:00,2.3,9.7,25.2,61
2025-11-02 17:04:31,2.1,17.8,41.0,61
2025-11-02 18:38:04,0.2,13.7,28.8,51
2025-11-02 19:47:16,2.6,4.0,16.2,63
2025-11-02 20:31:48,0.0,8.1,23.8,3
2025-11-02 21:16:41,0.0,4.0,19.1,3
2025-11-03 06:07:27,1.2,16.7,29.5,55
2025-11-03 06:21:27,0.0,6.4,15.5,3
2025-11-03 06:55:32,0.8,10.6,18.7,53
2025-11-03 07:10:01,0.8,15.5,30.6,53
2025-11-03 07:39:39,0.2,14.6,29.9,51
2025-11-03 08:04:53,0.4,7.6,21.6,51
2025-11-03 09:16:14,0.0,15.3,29.2,3
2025-11-03 10:42:11,0.1,15.4,37.8,51
2025-11-03 11:58:42,0.2,18.6,40.3,51
2025-11-03 14:26:54,0.0,10.9,32.8,3
2025-11-03 14:33:11,0.0,15.2,42.8,1
2025-11-03 17:51:58,0.2,5.2,27.7,51
2025-11-03 19:33:24,0.0,7.8,17.6,0
2025-11-03 19:56:47,0.2,0.8,18.7,51
2025-11-03 20:56:06,0.0,4.4,7.9,1
2025-11-03 22:48:25,5.6,3.6,16.6,63
2025-11-03 23:12:17,3.3,11.3,27.4,63
2025-11-04 06:39:28,0.0,6.4,11.2,3
2025-11-04 07:22:02,0.0,4.8,17.3,2
2025-11-04 07:56:31,0.0,2.5,10.8,3
2025-11-04 09:07:02,0.0,9.6,21.2,0
2025-11-04 10:41:46,0.0,5.8,22.7,1
2025-11-04 12:25:53,0.1,12.2,32.8,51
2025-11-04 14:27:28,0.0,9.1,25.6,3
2025-11-04 18:29:02,0.0,4.1,10.1,2
2025-11-04 20:18:12,0.1,6.6,13.7,51
2025-11-04 22:48:37,0.0,7.2,15.5,1
2025-11-04 23:20:21,0.9,5.4,14.8,53
2025-11-04 23:31:53,1.4,14.2,25.2,61
2025-11-05 03:09:19,0.0,11.2,19.1,1
2025-11-05 09:12:42,0.0,9.0,22.0,3
2025-11-05 09:27:59,0.0,8.9,22.3,3
2025-11-05 17:02:21,0.0,14.5,36.4,3
2025-11-06 00:10:26,0.0,7.1,12.2,3
2025-11-06 19:09:00,0.0,14.4,27.0,0
2025-11-06 20:53:52,0.0,15.6,32.4,0
2025-11-06 22:20:29,0.0,15.1,29.9,0
2025-11-07 02:20:20,0.0,11.6,23.4,0
2025-11-07 06:49:11,0.0,9.8,16.6,0
2025-11-07 07:03:51,0.0,14.6,31.0,0
2025-11-07 07:10:48,0.0,7.0,20.9,0
2025-11-07 07:43:06,0.0,7.0,20.9,0
2025-11-07 11:45:57,0.0,4.8,20.9,0
2025-11-07 13:55:04,0.0,6.5,24.1,0
2025-11-07 14:52:48,0.0,8.3,24.8,1
2025-11-07 15:03:31,0.1,9.4,36.7,51
2025-11-07 15:04:54,0.0,10.3,31.0,1
2025-11-07 15:30:17,0.0,10.3,31.0,1
2025-11-07 19:31:44,0.0,8.5,14.8,3
2025-11-07 19:55:12,0.0,4.7,8.3,1
2025-11-07 20:37:02,0.0,5.4,7.6,3
2025-11-07 22:50:36,0.0,5.9,11.9,3
2025-11-07 22:59:48,0.0,7.6,12.6,3
2025-11-07 23:18:45,0.0,3.5,14.0,3
2025-11-08 00:31:59,0.0,7.0,15.5,3
2025-11-08 04:32:37,1.2,8.6,33.1,55
2025-11-08 07:12:06,0.5,11.0,29.9,53
2025-11-08 07:37:55,4.8,20.3,42.8,63
2025-11-08 08:02:30,3.0,15.5,40.7,63
2025-11-08 08:21:33,0.4,17.3,36.7,51
2025-11-08 09:53:54,0.1,7.5,42.5,51
2025-11-08 10:37:10,4.2,18.2,51.5,63
2025-11-08 10:46:13,5.5,17.0,46.8,63
2025-11-08 11:04:44,0.0,19.9,55.4,3
2025-11-08 13:22:30,0.3,12.7,32.0,51
2025-11-08 15:01:35,0.0,23.0,53.3,3
2025-11-08 16:55:40,0.1,14.9,41.0,51
2025-11-08 18:32:03,0.0,3.8,18.0,3
2025-11-08 18:41:35,0.0,3.8,18.0,3
2025-11-08 20:12:41,1.7,18.7,32.0,61
2025-11-08 20:43:01,1.1,21.6,37.4,55
2025-11-08 21:09:58,0.0,17.6,41.4,3
2025-11-08 21:12:10,0.0,16.9,41.0,3
2025-11-08 22:02:48,0.6,1.3,5.0,53
2025-11-08 22:07:20,0.6,1.3,5.0,53
2025-11-09 01:22:44,0.0,16.5,36.0,2
2025-11-09 05:10:04,0.0,12.1,24.1,3
2025-11-09 15:20:48,0.0,14.2,33.5,0
2025-11-09 19:07:43,0.0,17.7,37.4,0
2025-11-09 21:19:00,0.0,17.0,32.8,3
2025-11-09 21:37:09,0.0,20.8,34.6,0
2025-11-09 22:54:24,0.0,18.3,38.2,0
2025-11-09 23:18:27,0.0,14.3,33.5,0
2025-11-09 23:57:22,0.0,11.2,32.4,3
2025-11-10 00:25:23,0.0,13.8,30.6,1
2025-11-10 06:21:43,0.0,16.1,29.5,0
2025-11-10 06:32:43,0.0,11.2,23.4,0
2025-11-10 06:37:25,0.0,13.4,24.5,0
2025-11-10 07:46:43,0.0,8.4,27.0,0
2025-11-10 08:10:27,0.0,14.2,34.6,0
2025-11-10 13:23:25,0.0,5.8,23.4,0
2025-11-10 13:52:51,0.0,5.9,22.7,0
2025-11-10 14:09:41,0.0,8.3,24.8,0
2025-11-10 15:00:18,0.0,10.7,19.8,1
2025-11-10 16:45:52,0.0,15.5,38.2,0
2025-11-10 17:16:46,0.0,12.2,28.1,0
2025-11-10 18:20:28,0.0,7.8,25.6,0
2025-11-10 18:24:27,0.0,10.2,28.4,0
2025-11-10 18:48:00,0.0,16.8,34.9,0
2025-11-10 20:03:49,0.0,18.6,40.3,0
2025-11-10 23:43:01,0.0,18.2,37.4,1
2025-11-11 01:23:31,0.0,22.9,45.0,0
2025-11-11 01:39:00,0.0,14.3,26.6,3
2025-11-11 07:06:50,0.0,7.8,23.0,0
2025-11-11 07:08:18,0.0,12.8,33.1,0
2025-11-11 07:23:30,0.0,13.0,33.8,0
2025-11-11 11:46:49,0.0,6.4,20.9,0
2025-11-11 13:51:12,0.0,10.1,28.4,0
2025-11-11 15:54:00,0.0,11.5,28.4,0
2025-11-11 18:30:46,0.0,11.6,20.9,0
2025-11-11 21:39:26,0.0,19.5,42.5,0
2025-11-11 22:55:44,0.0,18.4,39.2,0
2025-11-11 23:16:18,0.0,11.1,22.3,2
2025-11-12 04:56:01,0.0,10.8,19.8,3
2025-11-12 05:36:28,0.0,10.4,24.1,3
2025-11-12 06:59:38,0.0,14.4,27.0,3
2025-11-12 07:55:12,0.0,15.7,31.7,3
2025-11-12 08:35:33,0.0,6.7,20.2,3
2025-11-12 08:46:01,0.0,8.4,20.5,3
2025-11-12 09:04:46,0.0,14.3,33.5,0
2025-11-12 09:28:36,0.0,10.3,28.1,2
2025-11-12 12:52:52,0.0,5.0,18.4,2
2025-11-12 15:17:48,0.0,1.5,19.4,1
2025-11-12 15:26:00,0.0,7.2,24.1,1
2025-11-12 17:36:49,0.0,10.1,26.3,2
2025-11-12 18:35:08,0.0,4.1,9.0,3
2025-11-12 19:16:29,0.0,4.6,9.4,3
2025-11-12 19:27:59,0.0,2.5,10.1,3
2025-11-12 20:16:26,0.0,5.3,9.0,3
2025-11-12 21:30:00,0.0,2.4,14.8,3
2025-11-12 21:38:58,0.0,10.8,20.5,3
2025-11-12 22:44:50,0.0,10.1,20.5,3
2025-11-12 23:36:40,0.0,9.9,26.6,2
2025-11-13 03:16:44,0.0,9.3,15.5,3
2025-11-13 04:47:21,0.0,14.6,28.1,3
2025-11-13 05:41:37,0.0,6.1,15.5,3
2025-11-13 07:35:00,0.0,7.8,16.6,3
2025-11-13 08:58:12,0.0,4.3,18.0,3
2025-11-13 12:37:06,0.0,5.9,16.9,3
2025-11-13 12:40:26,0.0,7.7,23.4,3
2025-11-13 14:23:36,0.0,7.1,28.4,3
2025-11-13 15:06:41,0.0,4.3,11.5,3
2025-11-13 16:39:00,0.0,6.0,16.9,1
2025-11-13 22:34:22,0.0,10.5,18.7,3
2025-11-14 02:47:46,0.0,7.7,14.0,2
2025-11-14 05:09:20,0.0,11.2,22.7,3
2025-11-14 06:43:27,0.0,5.9,11.5,3
2025-11-14 06:53:00,0.0,4.4,6.1,3
2025-11-14 08:00:42,0.0,10.2,27.0,3
2025-11-14 12:00:05,0.0,8.1,19.8,3
2025-11-14 14:05:24,0.0,10.2,25.6,3
2025-11-14 14:43:53,0.0,0.9,16.6,2
2025-11-14 14:56:16,0.0,9.7,30.6,2
2025-11-14 15:12:03,0.0,10.8,29.9,3
2025-11-14 15:41:25,0.0,7.8,29.2,3
2025-11-14 17:25:17,0.0,15.5,33.1,3
2025-11-14 18:29:14,0.0,14.1,28.1,3
2025-11-14 19:50:20,0.0,16.8,31.7,3
2025-11-14 21:48:00,0.0,10.7,31.0,2
2025-11-14 22:58:47,0.0,8.4,21.6,3
2025-11-14 23:09:07,0.0,15.3,29.2,3
2025-11-14 23:50:10,0.0,12.5,27.0,3
2025-11-15 01:10:34,0.0,9.9,22.7,3
2025-11-15 01:57:40,0.0,9.8,23.0,2
2025-11-15 02:58:45,0.0,9.6,20.5,3
2025-11-15 06:38:39,0.0,9.9,21.6,3
2025-11-15 07:11:11,0.0,8.9,19.4,1
2025-11-15 08:46:58,0.0,9.0,25.2,3
2025-11-15 11:02:30,0.0,14.0,33.8,3
2025-11-15 13:25:03,0.0,9.9,33.8,3
2025-11-15 14:28:21,0.0,10.8,31.7,3
2025-11-15 17:56:06,0.0,6.2,26.6,3
2025-11-15 18:21:14,0.0,10.6,30.2,3
2025-11-15 19:12:45,0.0,10.6,20.2,3
2025-11-15 20:32:42,0.1,10.6,26.6,51
2025-11-15 21:19:00,0.3,14.8,23.4,51
2025-11-15 21:44:38,0.0,11.6,26.3,3
2025-11-15 21:50:19,0.2,3.6,15.1,51
2025-11-15 22:57:01,0.0,6.2,10.4,3
2025-11-16 05:10:58,0.2,4.7,7.2,51
2025-11-16 06:59:32,0.6,5.0,13.0,53
2025-11-16 08:17:39,0.0,1.0,12.2,3
2025-11-16 10:03:33,0.0,7.7,25.2,3
2025-11-16 18:10:25,0.0,6.5,15.8,3
2025-11-16 18:12:58,0.0,6.5,15.8,3
2025-11-16 18:30:49,0.0,10.5,29.2,3
2025-11-16 20:47:44,0.2,7.9,13.3,51
2025-11-16 21:02:50,0.0,11.1,18.7,2
2025-11-16 23:00:13,0.0,8.9,20.2,2
2025-11-16 23:32:43,0.0,6.1,13.7,3
2025-11-17 08:03:13,0.0,12.6,30.2,3
2025-11-17 08:11:21,0.0,12.6,30.2,3
2025-11-17 08:22:28,0.0,12.0,28.1,3
2025-11-17 10:14:06,0.3,17.2,39.2,51
2025-11-17 13:24:16,1.2,9.1,38.9,55
2025-11-17 14:45:34,0.2,11.7,38.9,51
2025-11-17 14:59:37,2.7,17.6,38.2,63
2025-11-17 16:28:13,3.1,2.8,22.3,63
2025-11-17 18:03:24,1.3,7.2,22.0,61
2025-11-17 19:21:21,0.0,9.4,15.8,3
2025-11-18 03:33:32,0.0,16.0,32.4,3
2025-11-18 07:17:28,0.2,16.0,40.3,51
2025-11-18 08:16:22,0.0,19.6,42.5,2
2025-11-18 09:39:37,0.2,16.7,46.1,51
2025-11-18 13:28:30,0.9,13.1,47.9,53
2025-11-18 14:13:34,2.7,13.7,49.7,63
2025-11-18 14:15:25,1.7,16.6,60.1,61
2025-11-18 18:20:02,0.0,19.9,47.5,0
2025-11-18 20:12:49,0.0,14.0,44.6,0
2025-11-18 20:30:41,0.0,12.5,30.6,0
2025-11-19 06:19:08,0.0,7.5,16.9,0
2025-11-19 07:00:10,0.0,8.6,21.6,0
2025-11-19 07:18:24,0.0,6.3,14.8,0
2025-11-19 08:06:21,0.0,6.2,18.0,0
2025-11-19 09:09:44,0.0,11.4,28.1,1
2025-11-19 09:10:27,0.0,7.4,18.0,0
2025-11-19 09:36:53,0.0,5.4,21.2,0
2025-11-19 09:50:01,0.0,7.2,20.5,0
2025-11-19 11:00:33,0.0,8.7,24.1,0
2025-11-19 13:15:09,0.0,9.6,24.1,3
2025-11-19 13:55:44,0.0,8.7,24.1,2
2025-11-19 14:00:00,0.0,9.6,26.6,2
2025-11-19 16:03:37,0.0,8.6,24.5,0
2025-11-19 17:25:14,0.0,15.5,33.5,0
2025-11-19 17:32:42,0.0,6.4,19.8,0
2025-11-19 17:51:09,0.0,14.6,31.3,2
2025-11-19 17:55:07,0.0,6.4,19.8,0
2025-11-19 20:06:22,0.0,15.4,28.1,0
2025-11-19 22:40:48,0.0,9.9,16.6,0
2025-11-20 01:56:45,0.0,14.2,32.4,0
2025-11-20 03:30:57,0.0,11.2,24.1,0
2025-11-20 08:04:47,0.0,13.1,29.9,0
2025-11-20 09:17:38,0.0,11.8,25.2,0
2025-11-20 09:51:00,0.0,15.0,34.2,0
2025-11-20 10:11:55,0.0,15.4,39.6,0
2025-11-20 11:52:00,0.0,11.3,30.2,0
2025-11-20 12:34:37,0.0,9.6,29.2,2
2025-11-20 13:04:00,0.0,12.9,31.7,0
2025-11-20 14:59:38,0.0,12.7,30.2,0
2025-11-20 16:59:11,0.0,14.4,38.2,3
2025-11-20 17:13:46,0.0,12.0,29.5,0
2025-11-20 18:20:43,0.0,16.6,31.0,0
2025-11-20 19:13:55,0.0,13.1,31.7,0
2025-11-20 19:39:53,0.0,18.1,39.6,0
2025-11-20 20:00:34,0.0,19.1,42.1,0
2025-11-20 20:15:34,0.0,18.3,33.5,0
2025-11-20 20:43:28,0.0,22.9,43.9,0
2025-11-20 20:59:37,0.0,14.8,37.1,0
2025-11-20 21:21:34,0.0,12.3,23.4,0
2025-11-21 09:24:25,0.0,10.7,29.2,0
2025-11-21 15:48:44,0.0,12.4,31.3,0
2025-11-21 17:06:00,0.0,7.7,25.9,0
2025-11-21 19:24:01,0.0,4.2,14.8,0
2025-11-21 19:57:29,0.0,7.3,11.5,0
2025-11-21 20:09:54,0.0,2.7,5.4,1
2025-11-21 23:03:48,0.0,2.8,5.8,2
2025-11-21 23:15:40,0.0,0.9,2.2,1
2025-11-22 01:52:23,0.0,7.6,20.9,2
2025-11-22 03:35:12,0.0,1.3,10.4,1
2025-11-22 06:24:00,0.0,10.7,18.0,3
2025-11-22 06:41:34,0.0,7.1,11.2,3
2025-11-22 08:41:57,0.0,10.9,25.9,3
2025-11-22 10:20:31,0.2,10.2,28.4,51
2025-11-22 15:48:55,0.6,8.9,25.6,53
2025-11-22 18:54:39,0.0,4.2,15.8,1
2025-11-22 20:22:00,0.0,12.5,28.1,0
2025-11-22 21:06:52,0.0,4.0,14.4,3
2025-11-22 22:02:00,0.1,10.1,25.6,51
2025-11-22 22:35:38,0.0,5.6,17.3,0
2025-11-22 22:47:11,0.0,0.7,5.4,0
2025-11-23 05:25:08,0.2,6.8,10.8,51
2025-11-23 05:27:00,0.4,6.2,12.2,51
2025-11-23 12:45:04,0.0,8.5,25.6,3
2025-11-23 15:45:19,1.0,4.6,20.9,55
2025-11-23 16:48:39,0.9,8.2,17.3,53
2025-11-23 17:03:38,0.1,16.7,42.1,51
2025-11-23 18:16:01,0.3,9.6,22.3,51
2025-11-23 18:35:11,0.2,12.8,34.6,51
2025-11-23 19:06:52,0.0,10.0,28.4,3
2025-11-23 20:07:59,10.7,12.2,37.1,65
2025-11-23 20:53:37,0.0,13.6,28.1,3
2025-11-23 21:15:35,0.0,11.1,16.6,3
2025-11-24 02:55:45,0.5,12.8,25.6,53
2025-11-24 04:14:25,0.0,3.2,14.8,3
2025-11-24 05:48:08,0.3,9.5,16.6,51
2025-11-24 06:08:48,2.1,11.8,25.2,61
2025-11-24 06:39:25,0.0,3.4,5.8,3
2025-11-24 08:11:42,0.2,12.4,30.2,51
2025-11-24 08:17:48,0.2,12.0,34.6,51
2025-11-24 08:39:40,0.0,6.9,19.4,3
2025-11-24 09:26:49,0.2,9.2,24.8,51
2025-11-24 10:20:34,0.2,6.4,26.6,51
2025-11-24 10:40:49,0.1,11.9,31.3,51
2025-11-24 11:04:12,0.1,6.1,31.3,51
2025-11-24 12:54:40,0.2,8.2,24.8,51
2025-11-24 13:16:16,0.2,0.3,18.7,51
2025-11-24 13:51:51,4.6,14.9,34.9,63
2025-11-24 14:51:04,0.2,10.8,25.9,51
2025-11-24 15:41:36,1.6,2.8,19.8,61
2025-11-24 18:16:06,2.3,11.7,23.0,61
2025-11-24 19:57:13,0.1,6.5,14.4,51
2025-11-25 02:09:56,0.0,5.4,14.4,0
2025-11-25 06:08:57,0.0,7.0,13.7,0
2025-11-25 08:40:02,0.0,9.0,19.8,1
2025-11-25 11:14:09,0.0,8.0,24.5,1
2025-11-25 11:37:10,0.0,8.9,26.3,3
2025-11-25 11:43:27,0.0,8.9,26.3,3
2025-11-25 13:42:47,0.0,7.6,26.6,3
2025-11-25 15:50:24,0.0,9.2,32.0,0
2025-11-25 17:36:16,0.0,10.0,20.5,0
2025-11-25 19:17:44,0.0,11.3,27.7,0
2025-11-25 19:18:41,0.0,9.9,20.5,0
2025-11-25 19:58:10,0.0,9.9,20.5,0
2025-11-25 21:21:35,0.0,13.6,26.6,0
2025-11-25 21:58:10,0.0,12.6,25.2,0
2025-11-26 07:49:10,0.0,6.2,19.1,0
2025-11-26 08:43:53,0.0,5.2,18.0,0
2025-11-26 09:30:02,0.0,8.5,25.2,0
2025-11-26 10:03:52,0.0,7.8,23.8,0
2025-11-26 14:32:31,0.0,11.0,34.6,0
2025-11-26 15:57:49,0.0,11.6,32.4,0
2025-11-26 17:53:41,0.0,11.4,27.0,0
2025-11-26 18:17:42,0.0,12.8,25.9,0
2025-11-26 20:14:25,0.0,20.5,37.4,0
2025-11-26 20:21:32,0.0,9.9,23.4,0
2025-11-26 21:55:56,0.0,10.9,17.3,0
2025-11-27 04:32:12,0.0,7.9,18.7,0
2025-11-27 07:12:48,0.0,17.8,38.2,3
2025-11-27 07:35:03,0.0,13.1,29.9,3
2025-11-27 08:45:19,0.0,11.0,27.7,1
2025-11-27 10:04:18,0.0,6.5,24.1,3
2025-11-27 11:34:03,0.0,7.3,25.9,3
2025-11-27 13:02:40,0.0,2.2,18.4,3
2025-11-27 13:07:36,0.0,2.2,18.4,3
2025-11-27 14:05:57,0.0,11.2,29.9,3
2025-11-27 16:17:02,0.0,10.1,24.1,2
2025-11-27 18:54:18,0.0,12.8,38.9,0
2025-11-28 04:46:56,0.0,6.3,14.8,0
2025-11-28 05:29:58,0.0,8.3,14.4,0
2025-11-28 05:49:43,0.0,3.8,9.0,0
2025-11-28 06:09:44,0.0,4.4,10.1,3
2025-11-28 06:17:00,0.0,4.9,7.9,0
2025-11-28 07:11:21,0.0,2.1,12.2,0
2025-11-28 07:44:35,0.0,3.5,13.3,0
2025-11-28 07:50:08,0.0,6.6,17.3,0
2025-11-28 13:07:29,0.0,12.2,34.9,0
2025-11-28 14:15:43,0.0,11.5,34.6,1
2025-11-28 16:09:05,0.0,10.0,31.7,0
2025-11-28 19:17:45,0.0,6.2,19.4,0
2025-11-28 19:25:39,0.0,7.3,22.0,0
2025-11-28 20:11:32,0.0,7.9,13.7,0
2025-11-28 21:25:15,0.0,11.3,26.3,0
2025-11-28 22:04:01,0.0,4.1,10.4,1
2025-11-28 22:15:23,0.0,4.6,8.3,1
2025-11-29 03:51:24,0.0,4.0,8.3,1
2025-11-29 04:53:02,0.0,0.9,5.4,3
2025-11-29 05:10:04,0.0,6.1,11.9,2
2025-11-29 09:13:09,0.0,3.3,15.1,0
2025-11-29 14:52:42,0.0,2.5,19.1,3
2025-11-29 15:24:37,0.0,12.3,29.2,1
2025-11-29 15:45:14,0.0,11.8,32.8,1
2025-11-29 16:13:47,0.0,13.3,29.9,0
2025-11-29 16:38:41,0.0,10.9,32.4,1
2025-11-29 17:11:37,0.0,9.9,30.2,0
2025-11-29 18:12:38,0.0,3.8,19.1,3
2025-11-29 20:16:52,0.0,9.3,17.6,0
2025-11-29 20:44:56,0.0,8.3,14.4,0
2025-11-29 21:37:38,0.0,6.0,23.0,0
2025-11-29 22:30:46,0.0,5.6,9.0,0
2025-11-29 22:45:30,0.0,9.8,22.7,0
2025-11-30 04:41:24,0.0,8.1,28.4,0
2025-11-30 05:12:07,0.0,3.9,7.9,0
2025-11-30 07:52:14,0.0,3.9,14.0,0
2025-11-30 07:54:35,0.0,8.8,20.2,0
2025-11-30 13:00:07,0.0,5.2,18.4,0
2025-11-30 13:22:15,0.0,1.5,17.3,1
2025-11-30 19:09:35,0.0,6.7,21.2,0
2025-11-30 19:18:56,0.0,5.4,7.9,0
2025-11-30 19:36:37,0.0,4.4,16.2,0
2025-11-30 19:39:31,0.0,13.5,31.3,1
2025-11-30 19:54:29,0.0,10.1,22.7,0
2025-11-30 21:04:02,0.0,11.4,23.4,3
2025-11-30 21:15:03,0.0,4.8,13.0,3
2025-11-30 21:51:30,0.0,8.3,15.8,1
2025-11-30 21:52:56,0.0,14.6,31.7,3
2025-12-01 05:47:39,0.0,4.0,12.2,2
2025-12-01 06:37:57,0.0,11.5,26.6,3
2025-12-01 07:00:49,0.0,7.6,18.7,0
2025-12-01 07:19:25,0.0,10.8,23.4,1
2025-12-01 07:43:02,0.0,3.9,16.2,1
2025-12-01 09:11:53,0.0,2.3,22.0,3
2025-12-01 09:26:23,0.0,11.6,30.6,0
2025-12-01 10:12:00,0.0,12.6,30.2,3
2025-12-01 10:25:46,0.0,7.5,24.5,3
2025-12-01 11:37:01,0.0,6.7,22.7,2
2025-12-01 11:44:03,0.0,8.6,26.3,3
2025-12-01 12:46:21,0.0,4.6,23.0,3
2025-12-01 14:45:53,0.0,8.8,26.3,1
2025-12-01 15:12:53,0.0,7.2,22.0,3
2025-12-01 16:27:44,0.0,12.2,36.7,3
2025-12-01 18:06:29,0.0,15.9,25.6,3
2025-12-01 18:24:57,0.0,7.6,23.0,3
2025-12-01 19:27:55,0.0,8.4,28.1,3
2025-12-01 19:55:30,0.0,11.5,39.6,3
2025-12-01 20:14:44,0.0,3.8,18.0,3
2025-12-01 21:57:30,0.0,14.7,33.8,3
2025-12-01 23:53:44,0.0,5.6,14.0,3
2025-12-02 00:54:28,0.0,6.7,13.0,2
2025-12-02 04:47:39,0.0,7.2,12.2,3
2025-12-02 06:26:00,0.0,6.7,14.4,3
2025-12-02 09:18:28,0.0,5.6,22.0,3
2025-12-02 13:31:36,0.0,14.0,36.7,3
2025-12-02 15:43:17,0.3,13.5,30.6,51
2025-12-02 16:02:15,0.7,7.3,41.0,53
2025-12-02 17:31:50,0.1,14.5,28.4,51
2025-12-02 17:36:17,0.0,5.9,21.2,3
2025-12-02 18:19:15,1.5,18.1,36.4,61
2025-12-02 18:30:00,0.0,19.3,39.2,2
2025-12-02 18:58:44,4.3,15.5,37.1,63
2025-12-02 19:32:14,7.3,11.2,29.2,63
2025-12-02 20:07:53,0.0,5.6,11.2,1
2025-12-02 21:59:59,0.0,5.5,15.5,3
2025-12-02 22:51:03,0.0,2.2,5.8,3
2025-12-03 03:20:52,0.0,0.4,5.4,3
2025-12-03 08:57:28,0.0,1.0,11.2,3
2025-12-03 11:26:57,0.0,8.7,27.7,2
2025-12-03 13:02:11,0.0,8.8,28.8,3
2025-12-03 16:18:03,0.8,14.1,28.8,53
2025-12-03 16:55:05,0.0,8.0,27.7,3
2025-12-03 16:55:51,0.1,11.0,25.6,51
2025-12-03 17:57:44,0.1,3.6,29.9,51
2025-12-03 19:33:27,0.0,9.5,28.8,3
2025-12-03 21:08:33,0.0,5.5,13.7,3
2025-12-03 21:10:14,0.0,9.0,16.2,3
2025-12-03 22:38:41,0.0,3.6,12.2,3
2025-12-03 22:39:31,0.0,8.8,19.4,3
2025-12-04 00:50:04,0.0,3.6,7.9,3
2025-12-04 00:54:38,0.0,9.1,23.4,3
2025-12-04 02:25:00,0.0,4.3,7.2,3
2025-12-04 04:31:11,0.0,9.6,21.2,3
2025-12-04 04:32:55,0.0,9.9,20.2,3
2025-12-04 05:22:51,0.0,6.7,14.8,3
2025-12-04 06:14:43,0.0,9.0,18.7,1
2025-12-04 06:44:30,0.0,10.3,24.5,1
2025-12-04 06:51:58,0.0,10.0,18.4,2
2025-12-04 06:59:02,0.0,10.3,24.5,1
2025-12-04 11:22:28,0.0,5.9,24.5,3
2025-12-04 15:42:44,0.4,8.2,27.7,51
2025-12-04 18:57:12,0.0,18.3,40.3,2
2025-12-05 01:02:00,0.0,9.9,17.6,1
2025-12-05 01:23:23,0.0,11.1,25.2,0
2025-12-05 06:26:57,0.0,9.9,19.8,0
2025-12-05 07:29:18,0.0,11.0,27.7,2
2025-12-05 08:17:05,0.0,6.9,22.7,0
2025-12-05 08:26:25,0.0,8.5,27.4,0
2025-12-05 11:24:13,0.0,7.8,27.4,0
2025-12-05 11:24:55,0.0,7.8,27.4,0
2025-12-05 13:26:27,0.0,2.4,18.0,1
2025-12-05 14:15:10,0.0,7.9,28.1,2
2025-12-05 15:16:56,0.0,9.1,15.1,1
2025-12-05 15:39:40,0.0,4.1,18.4,1
2025-12-05 16:47:57,0.0,5.1,19.1,1
2025-12-05 17:20:51,0.0,14.6,43.6,0
2025-12-05 17:54:07,0.0,9.0,24.1,0
2025-12-05 18:03:42,0.0,19.2,43.9,0
2025-12-05 20:36:14,0.0,19.0,42.1,0
2025-12-06 00:26:25,0.0,9.1,23.4,0
2025-12-06 01:29:43,0.0,11.5,27.4,0
2025-12-06 02:28:27,0.0,13.0,33.8,0
2025-12-06 04:06:25,0.0,3.8,11.5,0
2025-12-06 11:41:02,0.0,8.9,31.7,1
2025-12-06 11:53:59,0.1,11.7,35.3,51
2025-12-06 14:05:09,0.0,6.5,26.6,1
2025-12-06 14:22:56,0.0,2.4,23.4,3
2025-12-06 15:29:40,0.0,6.4,26.6,1
2025-12-06 16:17:00,0.0,10.3,26.6,0
2025-12-06 22:20:00,0.1,6.2,10.1,51
2025-12-06 22:52:42,0.0,14.2,28.8,0
2025-12-06 23:44:12,0.0,14.4,37.4,2
2025-12-07 03:14:19,0.0,10.0,24.8,3
2025-12-07 04:07:31,0.0,12.3,23.4,2
2025-12-07 08:12:22,0.0,13.4,33.5,1
2025-12-07 08:58:26,0.0,11.0,28.8,1
2025-12-07 12:38:40,0.0,5.7,23.4,3
2025-12-07 16:47:21,0.0,6.8,22.0,3
2025-12-07 20:34:52,0.0,15.8,25.2,3
2025-12-07 21:02:08,0.0,10.6,16.6,2
2025-12-08 06:59:57,0.0,6.8,16.2,3
2025-12-08 07:29:16,0.0,5.5,16.9,3
2025-12-08 09:26:50,0.0,7.2,31.3,3
2025-12-08 09:58:10,0.0,4.9,30.2,3
2025-12-08 12:04:14,3.9,11.1,36.4,63
2025-12-08 12:07:04,0.1,9.5,31.0,51
2025-12-08 14:54:51,0.3,12.1,40.7,51
2025-12-08 18:56:33,0.0,10.9,29.5,3
2025-12-08 19:39:04,0.0,5.6,13.0,3
2025-12-08 20:50:14,0.4,9.7,19.1,51
2025-12-09 05:03:00,0.3,12.7,23.8,51
2025-12-09 05:24:20,1.2,14.5,29.5,55
2025-12-09 07:13:37,0.3,17.8,38.2,51
2025-12-09 07:33:15,0.2,17.0,38.5,51
2025-12-09 08:51:42,0.4,15.1,33.1,51
2025-12-09 09:48:33,0.4,19.7,46.4,51
2025-12-09 10:11:25,1.9,14.5,43.2,61
2025-12-09 10:16:31,1.9,21.8,49.7,61
2025-12-09 11:04:13,2.5,21.8,47.2,63
2025-12-09 12:03:53,3.0,27.9,58.3,63
2025-12-09 12:20:45,2.3,24.4,56.9,61
2025-12-09 14:06:00,3.1,20.0,51.5,63
2025-12-09 15:35:44,0.5,19.9,61.9,53
2025-12-09 15:56:47,2.3,21.2,54.0,61
2025-12-09 16:18:02,1.1,18.3,43.2,55
2025-12-09 17:27:42,0.7,23.1,50.8,53
2025-12-09 18:56:33,0.6,22.0,48.2,53
2025-12-09 22:54:49,1.9,25.8,68.0,61
2025-12-09 23:05:48,3.1,23.9,54.7,63
2025-12-09 23:44:12,1.8,23.8,55.4,61
2025-12-10 00:17:55,0.3,19.0,41.8,51
2025-12-10 03:25:21,0.2,23.0,45.4,51
2025-12-10 04:15:45,0.1,21.7,37.8,51
2025-12-10 07:26:02,0.2,25.8,50.4,51
2025-12-10 08:37:50,1.3,21.3,57.2,61
2025-12-10 12:36:30,0.1,27.2,60.5,51
2025-12-10 13:38:37,0.0,30.4,63.7,3
2025-12-10 13:46:14,0.6,25.7,62.3,53
2025-12-10 15:08:00,0.0,20.5,40.7,3
2025-12-10 15:42:00,0.2,15.6,54.7,51
2025-12-10 16:00:53,0.0,29.7,59.0,3
2025-12-10 16:07:22,0.2,24.1,49.0,51
2025-12-10 16:20:43,0.0,32.0,73.1,2
2025-12-10 16:42:35,0.0,27.8,54.7,3
2025-12-10 17:27:51,0.0,26.6,71.3,3
2025-12-10 17:59:00,0.0,22.5,56.2,3
2025-12-10 19:21:46,0.0,17.4,38.5,3
2025-12-10 21:01:44,0.0,19.2,45.7,3
2025-12-11 00:37:01,0.0,10.8,24.1,3
2025-12-11 03:36:14,0.0,11.8,25.6,3
2025-12-11 04:21:18,0.0,17.9,38.5,0
2025-12-11 09:16:00,0.0,21.2,51.8,0
2025-12-11 11:20:06,0.0,18.5,44.6,2
2025-12-11 13:15:10,0.0,19.1,44.6,2
2025-12-11 13:54:46,0.0,21.2,51.1,3
2025-12-11 16:02:29,0.0,19.3,44.3,0
2025-12-11 16:25:03,0.0,19.2,41.0,1
2025-12-11 16:35:21,0.0,20.7,51.8,1
2025-12-11 17:09:47,0.0,15.6,39.6,3
2025-12-11 18:44:34,0.0,7.4,28.1,0
2025-12-11 19:52:08,0.0,3.3,16.6,0
2025-12-11 22:05:13,0.0,3.6,10.4,0
2025-12-11 22:19:27,0.0,5.0,14.8,0
2025-12-12 04:23:00,0.0,4.7,8.3,3
2025-12-12 07:21:00,0.0,6.2,12.2,3
2025-12-12 10:32:38,0.4,16.1,35.6,51
2025-12-12 10:47:55,0.0,12.2,32.4,3
2025-12-12 14:07:59,1.2,13.2,32.8,55
2025-12-12 15:55:15,0.6,6.6,34.2,53
2025-12-12 16:40:20,0.8,2.4,25.6,53
2025-12-12 16:47:00,0.9,7.8,25.6,53
2025-12-12 17:15:31,0.2,3.6,19.1,51
2025-12-12 19:30:59,0.1,4.2,7.9,51
2025-12-12 20:20:23,0.0,4.4,10.1,3
2025-12-12 20:50:27,0.0,4.4,10.1,3
2025-12-12 21:51:11,1.2,1.5,11.2,55
2025-12-12 22:56:15,0.0,8.2,18.0,3
2025-12-13 00:16:26,0.1,7.5,16.6,51
2025-12-13 04:58:50,2.5,5.4,16.9,63
2025-12-13 06:05:26,5.6,16.3,32.8,63
2025-12-13 09:07:00,0.1,5.8,32.8,51
2025-12-13 13:35:29,0.0,12.9,34.6,3
2025-12-13 17:43:28,4.2,9.9,30.2,63
2025-12-13 17:56:27,0.9,13.0,40.3,53
2025-12-13 18:50:47,3.0,3.1,10.8,63
2025-12-13 20:31:39,0.6,13.7,24.5,53
2025-12-13 20:35:13,1.7,9.7,22.7,61
2025-12-14 00:37:54,0.1,4.0,17.6,51
2025-12-14 00:50:50,0.0,3.5,8.6,3
2025-12-14 01:43:40,0.0,9.1,19.8,3
2025-12-14 02:25:30,1.0,10.7,24.8,55
2025-12-14 03:01:05,0.0,17.0,24.1,3
2025-12-14 04:45:12,0.8,10.3,21.6,53
2025-12-14 07:03:06,0.2,8.5,18.7,51
2025-12-14 07:48:51,0.1,14.2,36.4,51
2025-12-14 11:46:58,0.4,8.8,24.5,51
2025-12-14 12:37:15,0.1,15.5,41.4,51
2025-12-14 17:27:56,0.2,15.1,43.9,51
2025-12-14 22:43:00,0.0,3.8,6.1,3
2025-12-14 23:39:23,0.0,8.3,17.3,3
2025-12-15 01:07:46,0.0,4.6,9.0,3
2025-12-15 03:06:53,0.0,3.1,4.7,3
2025-12-15 07:27:47,0.0,4.6,12.6,3
2025-12-15 08:04:55,0.1,4.0,13.3,51
2025-12-15 08:05:57,0.3,3.1,11.9,51
2025-12-15 09:58:24,0.3,11.2,30.6,51
2025-12-15 12:01:36,0.0,10.3,29.5,3
2025-12-15 17:32:36,0.4,10.2,22.0,51
2025-12-15 19:15:38,0.0,2.3,11.5,0
2025-12-15 22:33:31,0.0,6.2,10.8,1
2025-12-16 00:55:08,0.0,3.3,7.2,0
2025-12-16 08:19:56,0.2,8.1,20.9,51
2025-12-16 09:06:30,0.1,11.1,31.3,51
2025-12-16 11:06:10,0.2,18.6,44.6,51
2025-12-16 12:26:19,0.1,14.2,37.1,51
2025-12-16 17:52:40,0.0,9.2,24.8,3
2025-12-17 00:05:00,0.7,5.6,11.2,53
2025-12-17 06:57:53,0.1,17.2,37.1,51
2025-12-17 07:41:54,0.0,15.1,34.2,3
2025-12-17 13:31:03,0.0,21.4,44.3,3
2025-12-17 14:22:45,0.0,22.2,45.4,3
2025-12-17 14:50:29,0.6,16.2,41.0,53
2025-12-17 14:52:29,0.0,15.7,35.3,3
2025-12-17 15:24:00,0.0,16.7,36.7,3
2025-12-17 16:37:24,0.0,21.4,42.5,2
2025-12-17 16:50:33,0.0,18.3,37.8,3
2025-12-17 20:30:50,0.0,16.2,36.7,0
2025-12-17 20:55:54,0.0,19.2,38.9,0
2025-12-17 21:30:24,0.0,15.7,32.8,0
2025-12-18 03:10:44,0.0,12.4,27.0,3
2025-12-18 06:12:43,0.0,8.8,24.5,3
2025-12-18 06:36:34,0.0,8.9,16.2,0
2025-12-18 06:40:17,0.0,14.0,26.6,1
2025-12-18 06:41:10,0.0,12.7,25.6,0
2025-12-18 07:11:41,0.0,10.4,29.2,0
2025-12-18 08:55:10,0.0,8.9,24.5,0
2025-12-18 09:04:03,0.0,13.5,35.6,3
2025-12-18 10:38:34,0.0,12.3,29.9,3
2025-12-18 13:51:21,0.0,5.6,20.5,3
2025-12-18 14:29:07,0.2,6.0,16.2,51
2025-12-18 15:02:07,0.1,6.0,17.6,51
2025-12-18 17:02:12,0.0,8.6,27.0,3
2025-12-18 22:12:35,0.9,12.2,20.5,53
2025-12-19 00:07:38,0.8,11.9,22.7,53
2025-12-19 03:53:42,0.0,7.4,14.8,0
2025-12-19 04:44:53,0.0,16.7,33.1,2
2025-12-19 06:31:40,0.0,4.4,6.5,1
2025-12-19 06:58:08,0.0,8.8,17.6,0
2025-12-19 07:52:59,0.0,7.1,17.6,0
2025-12-19 08:41:18,0.0,8.3,21.2,1
2025-12-19 10:00:36,0.0,6.3,20.5,3
2025-12-19 10:10:54,0.1,8.9,25.9,51
2025-12-19 10:43:14,0.0,6.7,19.8,3
2025-12-19 12:49:00,0.2,6.8,27.7,51
2025-12-19 13:01:58,0.3,6.1,20.9,51
2025-12-19 17:53:26,0.1,4.7,22.3,51
2025-12-19 18:01:46,0.9,4.8,31.3,53
2025-12-19 18:51:13,0.4,3.3,33.5,51
2025-12-19 19:27:00,0.0,3.4,19.1,3
2025-12-19 20:16:22,0.1,10.2,18.4,51
2025-12-19 20:40:22,0.3,8.6,21.2,51
2025-12-19 22:55:21,0.0,7.2,22.3,3
2025-12-20 00:04:00,0.1,10.7,18.0,51
2025-12-20 02:10:41,0.0,11.9,27.4,0
2025-12-20 03:48:39,0.0,8.2,19.8,2
2025-12-20 05:10:02,0.0,1.9,6.1,3
2025-12-20 06:18:35,0.0,8.9,14.4,1
2025-12-20 06:31:56,0.0,8.3,16.6,2
2025-12-20 07:32:18,0.0,6.3,19.8,0
2025-12-20 07:45:43,0.0,6.3,19.8,0
2025-12-20 08:32:23,0.0,6.2,18.7,1
2025-12-20 08:45:26,0.0,9.0,24.5,3
2025-12-20 12:13:35,1.2,6.9,25.6,55
2025-12-20 12:29:52,0.0,15.1,30.6,3
2025-12-20 12:47:42,1.2,6.9,25.6,55
2025-12-20 15:06:54,0.0,2.9,21.2,1
2025-12-20 16:02:31,0.0,6.1,16.9,0
2025-12-20 16:28:06,0.0,4.4,14.8,1
2025-12-20 16:33:15,0.0,4.4,14.8,1
2025-12-20 16:42:36,0.0,4.4,14.8,1
2025-12-20 17:22:05,0.0,5.2,25.9,1
2025-12-20 18:16:59,0.0,15.1,38.2,0
2025-12-20 20:08:17,0.0,4.3,9.0,0
2025-12-20 20:45:45,0.0,17.6,33.5,0
2025-12-20 20:51:37,0.0,6.4,13.7,0
2025-12-20 20:55:14,0.0,10.5,28.8,0
2025-12-20 21:11:24,0.0,14.4,38.9,0
2025-12-20 21:35:33,0.0,3.6,3.6,0
2025-12-20 21:52:09,0.0,12.7,28.8,0
2025-12-21 00:34:46,0.0,7.5,16.2,0
2025-12-21 02:05:54,0.0,5.5,10.1,0
2025-12-21 02:31:20,0.0,9.3,22.0,0
2025-12-21 04:19:43,0.0,8.1,18.4,0
2025-12-21 05:49:38,0.0,6.5,13.3,0
2025-12-21 07:16:05,0.0,9.5,20.9,0
2025-12-21 08:48:58,0.0,14.2,30.2,0
2025-12-21 11:37:32,0.1,8.1,25.2,51
2025-12-21 14:37:20,0.0,3.1,17.3,0
2025-12-21 20:42:43,0.0,8.4,28.1,3
2025-12-21 23:15:43,0.0,13.7,26.3,3
2025-12-21 23:55:59,0.0,16.0,34.9,3
2025-12-22 00:21:18,0.0,11.1,26.3,3
2025-12-22 00:58:31,0.0,14.1,33.8,3
2025-12-22 02:22:31,0.0,11.1,24.1,3
2025-12-22 06:07:48,0.0,7.2,14.4,3
2025-12-22 08:38:24,0.0,6.5,19.4,2
2025-12-22 11:20:56,0.0,6.0,23.0,2
2025-12-22 11:27:29,0.0,7.1,22.7,2
2025-12-22 12:16:06,0.0,7.6,22.7,3
2025-12-22 13:51:56,0.2,9.7,27.0,51
2025-12-22 16:20:33,0.0,7.6,25.6,3
2025-12-22 23:31:04,0.0,6.5,15.8,3
2025-12-23 02:13:00,0.0,5.4,9.4,3
2025-12-23 05:50:41,0.0,6.8,14.0,0
2025-12-23 06:27:49,0.0,7.8,18.7,1
2025-12-23 06:41:24,0.0,8.1,15.1,1
2025-12-23 08:46:03,0.0,7.6,22.0,0
2025-12-23 13:10:35,0.0,11.5,32.4,2
2025-12-23 16:44:55,0.0,9.3,24.1,3
2025-12-23 17:14:00,0.0,7.3,18.0,1
2025-12-23 18:40:37,0.0,5.8,23.8,3
2025-12-23 19:04:14,0.0,10.8,22.0,3
2025-12-23 19:14:48,0.0,9.8,21.6,3
2025-12-23 19:20:57,0.0,9.8,21.6,3
2025-12-23 21:22:43,0.0,4.5,14.8,1
2025-12-23 21:34:23,0.0,4.5,14.8,1
2025-12-23 21:37:01,0.0,4.4,9.7,3
2025-12-24 00:31:12,0.0,6.4,12.6,3
2025-12-24 00:40:36,0.0,8.8,16.6,3
2025-12-24 03:49:20,0.0,4.0,7.6,3
2025-12-24 08:37:35,0.0,5.7,18.7,1
2025-12-24 11:31:00,0.0,5.0,16.6,1
2025-12-24 11:49:38,0.0,9.5,28.1,1
2025-12-24 13:58:41,0.0,7.1,25.9,1
2025-12-24 16:04:29,0.0,3.1,13.7,3
2025-12-24 20:14:46,0.0,4.0,6.8,0
2025-12-25 03:20:51,0.0,3.2,6.5,2
2025-12-25 03:26:01,0.0,3.2,6.5,2
2025-12-25 04:25:51,0.0,5.8,12.2,2
2025-12-25 05:15:01,0.0,6.3,12.6,2
2025-12-25 12:50:29,0.0,4.8,16.6,0
2025-12-25 13:51:03,0.0,4.0,17.6,1
2025-12-25 15:50:34,0.0,5.4,22.7,3
2025-12-25 23:47:05,0.0,5.1,13.7,3
2025-12-26 10:19:12,0.0,0.9,19.4,1
2025-12-26 13:27:47,0.0,7.4,25.6,0
2025-12-26 17:40:58,0.0,0.9,9.0,2
2025-12-26 18:04:20,0.0,7.1,19.8,1
2025-12-26 18:07:13,0.0,17.5,37.1,1
2025-12-26 18:52:47,0.1,6.0,31.0,51
2025-12-26 19:48:59,0.0,2.4,19.1,2
2025-12-26 20:44:54,0.0,1.0,4.0,0
2025-12-26 21:51:05,0.0,3.3,11.5,1
2025-12-27 06:33:55,0.0,3.5,7.6,3
2025-12-27 06:40:11,0.0,5.4,11.9,3
2025-12-27 08:08:19,0.0,8.6,21.6,2
2025-12-27 08:34:56,0.0,7.3,18.7,1
2025-12-27 08:42:09,0.0,7.3,18.7,1
2025-12-27 08:45:59,0.0,6.3,18.7,1
2025-12-27 12:47:05,0.0,4.4,22.7,0
2025-12-27 14:25:09,0.0,11.1,30.6,3
2025-12-27 18:20:08,0.0,4.6,18.0,1
2025-12-27 18:29:00,0.0,3.3,18.4,1
2025-12-27 20:12:32,0.0,3.4,9.7,2
2025-12-28 02:29:35,0.0,2.5,7.6,3
2025-12-28 04:54:06,0.0,6.0,14.4,0
2025-12-28 04:59:05,0.0,6.0,14.4,0
2025-12-28 06:17:15,0.0,7.8,16.6,2
2025-12-28 10:24:40,0.0,2.7,15.1,0
2025-12-28 12:13:00,0.0,5.9,22.3,0
2025-12-28 19:28:19,0.1,2.3,35.6,51
2025-12-28 20:00:27,0.1,14.8,28.8,51
2025-12-28 20:36:17,0.0,3.1,5.8,0
2025-12-28 21:57:47,1.8,6.5,40.7,61
2025-12-28 23:30:06,1.0,6.8,32.0,55
2025-12-29 00:30:52,0.0,4.2,12.6,1
2025-12-29 01:45:36,0.0,6.7,14.8,2
2025-12-29 02:23:17,0.0,2.3,12.2,1
2025-12-29 07:05:34,0.0,6.5,15.5,0
2025-12-29 07:07:36,0.0,2.7,9.4,0
2025-12-29 12:36:26,0.0,3.3,16.2,0
2025-12-29 13:44:20,0.0,5.5,23.4,1
2025-12-29 15:46:18,0.0,4.7,19.8,2
2025-12-29 18:32:38,0.1,15.8,31.7,51
2025-12-29 21:50:52,0.0,11.4,22.0,3
2025-12-29 23:44:26,0.5,2.7,20.2,53
2025-12-30 00:05:16,0.0,3.8,31.7,3
2025-12-30 01:31:03,0.0,1.5,8.3,1
2025-12-30 03:17:12,0.0,5.5,11.9,3
2025-12-30 09:54:05,0.0,1.3,15.1,0
2025-12-30 12:10:51,0.0,6.7,22.7,0
2025-12-30 12:45:08,0.0,7.4,23.4,0
2025-12-30 14:34:36,0.0,9.8,25.2,1
2025-12-30 16:29:47,0.0,5.6,17.3,0
2025-12-30 16:44:24,0.0,4.5,28.8,0
2025-12-30 17:14:11,0.0,6.9,17.3,1
2025-12-30 22:57:20,0.0,4.7,12.6,3
2025-12-31 01:38:05,0.0,5.9,19.4,3
2025-12-31 01:51:18,0.0,6.3,19.1,3
2025-12-31 03:13:00,0.0,5.9,10.8,3
2025-12-31 06:13:20,0.0,1.4,8.3,3
2025-12-31 08:27:46,0.0,7.5,19.4,3
2025-12-31 11:13:02,0.4,13.1,25.6,51
2025-12-31 12:38:46,0.4,13.7,32.4,51
2025-12-31 14:18:31,0.0,11.0,26.6,2
2025-12-31 16:35:21,0.0,9.6,29.2,1
2025-12-31 16:53:07,0.0,9.6,26.6,1
2025-12-31 18:04:41,0.0,4.8,15.1,0
2025-12-31 21:03:22,0.0,1.0,5.4,3
2025-12-31 22:04:33,0.3,5.6,10.4,51
