DATAHORA,CHUVA,VENTO,RAJADA,CODIGO_TEMPO
2022-01-01 00:33:00,0.2,4.7,9.4,51
2022-01-01 02:00:00,0.0,6.5,11.2,3
2022-01-01 02:55:23,0.1,4.5,7.6,51
2022-01-01 06:58:36,0.8,2.0,16.9,53
2022-01-01 08:28:40,0.6,10.5,21.2,53
2022-01-01 10:16:00,0.2,2.9,11.5,51
2022-01-01 10:22:00,0.0,15.7,36.7,3
2022-01-01 11:52:31,0.0,18.3,38.2,3
2022-01-01 12:21:00,0.3,16.9,37.8,51
2022-01-01 17:15:00,2.8,10.8,23.8,63
2022-01-01 17:36:55,0.2,8.3,20.9,51
2022-01-01 18:36:00,0.6,5.4,21.2,53
2022-01-01 19:48:53,0.0,5.6,11.9,3
2022-01-01 21:17:01,0.0,9.7,16.9,3
2022-01-02 06:11:00,0.0,5.7,9.7,3
2022-01-02 06:33:00,0.0,8.1,13.7,3
2022-01-02 09:33:33,0.0,9.4,21.6,2
2022-01-02 09:41:00,0.2,10.0,22.3,51
2022-01-02 11:43:00,0.1,9.2,26.3,51
2022-01-02 17:19:00,2.8,8.2,18.4,63
2022-01-02 17:20:00,0.0,6.2,14.8,3
2022-01-02 18:44:00,0.0,2.8,14.8,2
2022-01-02 19:46:00,0.0,3.9,7.6,2
2022-01-03 08:17:00,0.0,8.8,18.0,3
2022-01-03 15:30:31,1.4,5.9,15.1,61
2022-01-03 18:12:00,0.0,10.3,22.0,3
2022-01-03 19:27:00,0.0,5.5,9.7,3
2022-01-03 21:57:00,0.1,8.7,14.0,51
2022-01-04 00:30:00,0.0,10.8,18.0,0
2022-01-04 05:17:48,0.0,4.9,12.2,2
2022-01-04 10:15:00,2.7,23.9,45.4,63
2022-01-04 12:14:00,0.7,19.5,46.8,53
2022-01-04 13:25:44,1.1,13.9,37.8,55
2022-01-04 13:35:00,2.3,11.5,46.1,61
2022-01-04 13:51:00,0.3,16.6,41.0,51
2022-01-04 15:07:00,3.4,12.3,37.1,63
2022-01-04 17:23:00,0.0,6.6,13.7,3
2022-01-04 20:29:00,1.1,11.2,23.8,55
2022-01-04 21:27:00,0.5,9.8,19.1,53
2022-01-04 22:07:00,0.5,14.1,26.3,53
2022-01-04 23:28:03,0.1,8.6,17.3,51
2022-01-04 23:42:00,0.7,14.2,28.4,53
2022-01-05 01:29:00,0.3,14.7,28.8,51
2022-01-05 02:42:00,0.0,14.9,28.4,3
2022-01-05 06:34:00,0.0,21.7,34.6,3
2022-01-05 06:56:00,0.0,18.5,35.6,3
2022-01-05 08:04:39,1.2,13.4,24.8,55
2022-01-05 10:55:16,0.3,19.0,40.3,51
2022-01-05 11:15:00,3.0,18.1,41.4,63
2022-01-05 14:45:00,0.1,13.0,32.0,51
2022-01-05 14:57:53,0.9,14.3,41.8,53
2022-01-05 15:25:00,0.3,16.8,36.7,51
2022-01-05 15:52:00,0.5,15.6,41.0,53
2022-01-05 17:52:00,2.6,14.0,32.4,63
2022-01-05 21:04:00,0.0,16.4,24.1,3
2022-01-05 22:05:00,0.0,16.0,31.3,3
2022-01-06 06:38:00,0.1,9.1,14.4,51
2022-01-06 12:26:04,0.4,6.5,21.2,51
2022-01-06 12:38:00,0.1,8.4,20.9,51
2022-01-06 14:33:00,0.2,13.4,34.2,51
2022-01-06 16:40:00,0.5,12.6,33.1,53
2022-01-06 20:09:03,0.5,10.8,19.1,53
2022-01-06 20:12:00,0.0,15.1,26.3,3
2022-01-06 20:56:00,0.1,16.4,32.8,51
2022-01-07 02:40:00,0.2,16.9,32.4,51
2022-01-07 06:58:36,0.3,13.4,24.5,51
2022-01-07 08:04:07,0.9,10.7,23.0,53
2022-01-07 09:37:01,0.8,14.1,23.8,53
2022-01-07 11:18:00,0.1,19.9,36.0,51
2022-01-07 13:48:15,0.1,16.0,34.2,51
2022-01-07 14:07:00,0.1,19.2,37.1,51
2022-01-07 17:19:00,0.1,23.7,49.3,51
2022-01-07 17:30:00,0.1,24.8,49.7,51
2022-01-07 17:47:00,0.3,26.6,46.8,51
2022-01-07 18:40:00,0.1,22.4,47.9,51
2022-01-07 18:46:00,0.1,22.4,47.9,51
2022-01-07 20:53:43,0.0,19.4,36.0,1
2022-01-07 22:33:00,0.0,15.8,27.0,1
2022-01-07 22:57:21,0.0,17.8,34.6,0
2022-01-08 02:07:00,0.0,19.2,36.0,3
2022-01-08 05:35:00,0.0,16.3,32.0,3
2022-01-08 10:45:00,0.2,18.3,38.2,51
2022-01-08 20:27:00,0.0,19.6,38.5,2
2022-01-08 21:49:00,0.0,17.7,32.4,3
2022-01-09 00:22:45,0.0,14.9,30.6,3
2022-01-09 00:31:00,0.0,16.4,33.8,3
2022-01-09 09:08:00,0.0,21.9,34.2,3
2022-01-09 11:07:00,0.0,18.6,43.2,3
2022-01-09 11:54:00,0.0,18.6,43.2,3
2022-01-09 14:16:00,0.9,23.7,43.2,53
2022-01-09 16:37:00,0.9,20.7,43.2,53
2022-01-09 18:14:00,0.1,17.7,43.9,51
2022-01-09 18:29:00,0.0,19.4,44.3,3
2022-01-09 19:49:00,0.0,17.1,37.4,3
2022-01-09 23:07:16,0.0,12.0,24.1,0
2022-01-10 10:37:00,0.0,8.3,20.2,3
2022-01-10 20:24:06,0.0,6.1,11.5,0
2022-01-10 20:26:00,0.0,4.3,6.8,0
2022-01-11 01:35:00,0.0,10.0,21.6,2
2022-01-11 05:19:53,0.8,1.1,5.0,53
2022-01-11 06:57:00,0.0,2.5,4.7,3
2022-01-11 08:15:39,0.2,2.6,12.2,51
2022-01-11 08:43:25,0.1,0.4,9.0,51
2022-01-11 10:06:00,0.0,1.8,8.6,3
2022-01-11 12:56:00,0.8,4.3,13.3,53
2022-01-11 14:56:00,0.0,1.6,13.3,3
2022-01-11 15:03:00,0.0,4.3,18.7,3
2022-01-11 15:23:00,0.0,4.3,18.7,3
2022-01-11 16:43:00,0.0,5.2,16.2,2
2022-01-11 20:02:34,0.0,3.5,4.7,1
2022-01-11 20:56:00,0.0,5.9,13.3,3
2022-01-11 22:22:00,0.0,7.9,13.7,3
2022-01-12 03:00:08,0.0,5.4,8.3,3
2022-01-12 06:35:00,0.0,4.6,7.9,2
2022-01-12 07:37:00,0.0,6.9,13.7,0
2022-01-12 11:27:00,0.0,11.4,29.9,3
2022-01-12 13:54:00,0.8,7.6,32.0,53
2022-01-12 15:10:00,0.0,5.1,20.9,1
2022-01-12 20:20:40,0.1,4.8,6.5,51
2022-01-12 21:28:00,3.2,0.5,22.0,63
2022-01-12 23:24:17,0.0,3.9,9.4,3
2022-01-13 06:41:28,0.0,6.4,11.5,3
2022-01-13 07:35:34,0.0,5.9,14.0,3
2022-01-13 08:11:00,0.0,4.0,12.6,0
2022-01-13 12:35:00,0.0,11.8,28.1,3
2022-01-13 16:00:00,0.4,12.5,26.3,51
2022-01-13 16:21:56,0.0,5.2,18.7,2
2022-01-13 16:32:00,3.5,19.2,37.4,63
2022-01-13 17:28:16,1.9,10.3,20.9,61
2022-01-13 17:58:00,0.2,12.0,26.3,51
2022-01-13 18:14:00,0.0,3.9,9.7,3
2022-01-13 18:15:00,0.2,9.7,24.5,51
2022-01-13 19:56:28,0.0,8.0,19.1,2
2022-01-13 20:31:09,0.0,5.1,10.8,3
2022-01-14 05:27:00,0.0,7.3,14.4,3
2022-01-14 05:35:00,0.0,10.8,19.8,3
2022-01-14 14:30:00,0.1,1.9,12.6,51
2022-01-14 15:28:00,0.8,15.5,36.0,53
2022-01-14 15:41:39,0.0,7.9,20.2,1
2022-01-14 16:11:00,0.0,6.7,23.0,3
2022-01-14 18:40:00,0.0,9.7,22.3,3
2022-01-14 22:33:00,0.0,9.7,17.6,3
2022-01-14 22:41:00,0.0,9.7,17.6,3
2022-01-14 23:50:31,0.0,7.9,14.8,3
2022-01-15 01:19:52,0.0,7.8,16.6,3
2022-01-15 01:49:21,0.0,6.4,14.0,3
2022-01-15 08:57:00,0.0,9.4,18.4,3
2022-01-15 14:33:00,2.3,8.8,23.4,61
2022-01-15 15:33:00,0.0,8.4,19.8,3
2022-01-15 20:19:00,0.1,5.8,9.7,51
2022-01-15 21:11:00,0.0,5.7,13.0,3
2022-01-16 03:19:44,0.0,4.7,8.6,3
2022-01-16 05:54:00,0.0,10.3,19.4,3
2022-01-16 06:58:08,0.0,1.9,9.4,3
2022-01-16 14:32:08,0.5,1.4,9.7,53
2022-01-16 18:47:00,0.1,6.1,16.2,51
2022-01-16 21:39:00,0.1,8.3,18.0,51
2022-01-17 00:27:00,0.0,9.7,18.4,2
2022-01-17 00:29:00,0.0,11.2,20.5,3
2022-01-17 03:05:00,0.0,5.9,11.9,3
2022-01-17 06:08:00,0.0,4.3,8.3,1
2022-01-17 06:56:00,0.0,4.3,8.3,1
2022-01-17 09:39:00,0.0,10.5,20.2,1
2022-01-17 11:18:05,0.0,10.9,26.6,0
2022-01-17 11:23:00,0.0,12.5,28.4,0
2022-01-17 13:11:00,0.0,9.8,24.8,1
2022-01-17 14:48:00,0.0,14.0,33.1,0
2022-01-17 15:42:00,0.0,12.9,28.8,1
2022-01-17 23:41:18,0.0,2.9,6.1,0
2022-01-18 00:39:01,0.0,5.1,10.4,0
2022-01-18 04:39:00,0.0,3.3,7.6,0
2022-01-18 05:42:00,0.0,5.5,13.3,0
2022-01-18 10:05:00,0.0,9.7,24.5,0
2022-01-18 12:42:00,0.0,11.6,30.6,0
2022-01-18 13:26:38,0.2,2.9,17.6,51
2022-01-18 15:03:26,0.0,3.3,16.2,1
2022-01-18 16:01:00,0.4,8.9,20.5,51
2022-01-18 19:26:00,1.6,12.6,25.9,61
2022-01-19 08:57:00,0.0,6.4,16.9,0
2022-01-19 09:59:00,0.0,7.2,15.5,0
2022-01-19 12:14:46,0.0,7.3,22.7,0
2022-01-19 15:35:57,0.0,7.1,20.2,0
2022-01-19 16:34:22,0.3,4.6,25.2,51
2022-01-19 18:01:00,0.0,3.3,14.4,0
2022-01-19 18:15:14,0.0,3.9,16.2,0
2022-01-19 18:47:18,0.0,5.7,13.0,1
2022-01-19 20:47:02,0.0,4.7,8.6,1
2022-01-19 23:16:53,0.0,4.1,13.0,1
2022-01-20 02:32:15,0.0,5.1,11.2,2
2022-01-20 03:43:39,0.0,6.5,13.0,3
2022-01-20 06:46:32,0.0,4.6,8.3,1
2022-01-20 07:51:10,0.0,3.0,12.6,3
2022-01-20 17:08:10,0.0,10.4,30.6,2
2022-01-20 17:34:29,0.0,2.7,12.2,2
2022-01-20 17:37:49,0.0,2.7,12.2,2
2022-01-20 17:49:03,0.0,2.7,12.2,2
2022-01-20 18:55:56,0.0,4.3,8.6,2
2022-01-21 03:45:45,0.0,7.0,14.0,0
2022-01-21 06:07:05,0.0,4.5,9.0,0
2022-01-21 06:53:04,0.0,9.4,16.6,1
2022-01-21 07:07:17,0.0,5.0,11.5,0
2022-01-21 07:16:51,0.0,5.0,11.5,0
2022-01-21 07:21:29,0.0,9.0,18.7,0
2022-01-21 07:50:30,0.0,4.6,10.4,0
2022-01-21 07:58:08,0.0,6.6,14.0,0
2022-01-21 07:58:13,0.0,9.0,18.7,0
2022-01-21 08:01:55,0.0,5.1,14.4,0
2022-01-21 11:59:18,0.0,3.3,18.0,1
2022-01-21 12:46:00,0.0,1.6,15.1,3
2022-01-21 14:31:03,0.0,6.2,17.3,0
2022-01-21 17:50:21,0.0,14.0,31.7,0
2022-01-21 19:45:34,0.0,16.8,28.8,0
2022-01-21 19:46:31,0.0,13.6,32.0,0
2022-01-21 20:24:09,0.0,7.1,9.7,0
2022-01-21 20:28:56,0.0,17.1,28.4,0
2022-01-21 21:10:13,0.0,6.5,9.0,0
2022-01-21 23:13:32,0.0,6.2,9.0,0
2022-01-22 01:55:10,0.0,19.0,33.1,2
2022-01-22 02:23:14,0.0,14.7,27.4,0
2022-01-22 05:09:49,0.0,9.9,18.4,0
2022-01-22 11:35:26,0.0,1.3,16.6,0
2022-01-22 12:04:00,0.0,1.6,13.7,0
2022-01-22 15:01:00,0.0,1.5,11.5,3
2022-01-22 18:20:00,0.0,5.2,23.4,2
2022-01-22 18:27:41,0.1,6.4,24.5,51
2022-01-22 20:27:38,0.0,2.2,3.6,1
2022-01-23 01:46:43,0.0,6.4,15.5,0
2022-01-23 05:07:11,0.0,5.1,8.6,2
2022-01-23 12:30:00,0.0,2.0,15.8,2
2022-01-23 13:38:41,0.0,4.6,21.2,3
2022-01-23 16:32:12,0.0,1.3,12.6,3
2022-01-24 05:39:43,0.0,5.4,9.0,3
2022-01-24 07:25:38,0.0,5.6,12.6,3
2022-01-24 08:16:46,0.0,4.6,14.4,3
2022-01-24 09:49:00,0.0,6.3,22.3,3
2022-01-24 12:44:09,0.1,10.4,28.8,51
2022-01-24 13:01:04,0.0,5.9,22.3,3
2022-01-24 13:30:06,0.0,4.3,21.6,3
2022-01-24 15:58:03,0.0,1.8,12.2,1
2022-01-24 16:18:05,0.0,4.6,20.2,0
2022-01-24 17:47:19,0.0,6.4,15.8,2
2022-01-25 03:18:15,0.0,9.4,18.0,3
2022-01-25 04:55:49,0.0,5.0,10.4,2
2022-01-25 06:38:56,0.0,6.6,10.1,1
2022-01-25 06:50:00,0.0,5.3,13.7,1
2022-01-25 07:38:23,0.0,7.3,14.8,1
2022-01-25 08:05:53,0.0,12.7,25.6,3
2022-01-25 15:55:01,0.0,8.1,26.3,1
2022-01-25 16:32:46,0.0,3.1,16.6,2
2022-01-25 21:10:57,0.0,13.4,26.3,2
2022-01-25 21:29:36,0.0,13.4,26.3,2
2022-01-25 23:30:00,0.0,4.8,9.4,0
2022-01-26 06:13:08,0.0,4.2,6.8,1
2022-01-26 07:05:32,0.0,7.7,14.8,1
2022-01-26 08:15:29,0.0,7.2,17.6,0
2022-01-26 14:12:02,0.6,12.2,31.3,53
2022-01-26 15:52:33,0.0,15.1,28.8,3
2022-01-26 17:42:40,1.7,8.4,20.9,61
2022-01-26 17:54:46,1.7,8.4,20.9,61
2022-01-26 20:00:17,0.0,11.3,18.4,0
2022-01-26 21:44:14,0.0,5.0,14.4,1
2022-01-26 22:30:51,15.1,11.6,23.8,65
2022-01-26 23:30:28,1.1,6.9,20.5,55
2022-01-27 10:35:56,0.0,27.8,47.9,3
2022-01-27 12:21:51,0.0,13.0,30.6,3
2022-01-27 13:19:27,0.0,17.7,38.9,3
2022-01-27 17:09:16,0.0,7.6,25.6,3
2022-01-27 19:51:56,1.6,14.3,28.8,61
2022-01-27 19:58:00,0.0,3.9,11.9,3
2022-01-27 21:49:39,0.0,2.4,8.6,3
2022-01-27 21:59:44,0.0,1.9,5.8,3
2022-01-28 03:52:03,0.0,3.9,6.8,3
2022-01-28 04:00:35,0.0,9.4,17.6,3
2022-01-28 05:11:28,0.0,3.1,6.5,3
2022-01-28 06:48:03,0.0,9.0,15.1,3
2022-01-28 07:01:09,0.0,7.0,15.5,3
2022-01-28 07:26:56,0.0,10.4,19.1,3
2022-01-28 07:54:25,0.0,7.0,15.5,3
2022-01-28 08:50:05,0.0,9.4,16.9,3
2022-01-28 09:11:32,0.0,14.7,24.8,3
2022-01-28 09:37:06,0.0,11.0,28.1,3
2022-01-28 11:22:53,1.0,17.2,35.6,55
2022-01-28 12:08:04,0.0,13.2,33.5,1
2022-01-28 16:26:00,1.9,8.2,15.8,61
2022-01-28 18:12:49,0.8,9.9,23.8,53
2022-01-28 19:15:55,1.3,10.5,22.0,61
2022-01-28 19:53:43,1.3,10.5,22.0,61
2022-01-28 19:59:16,1.3,10.5,22.0,61
2022-01-28 22:28:20,0.2,13.0,24.8,51
2022-01-28 23:03:01,0.0,8.3,15.1,3
2022-01-28 23:50:05,0.5,5.8,12.6,53
2022-01-29 00:08:30,1.3,7.5,15.8,61
2022-01-29 00:09:09,1.6,7.3,11.9,61
2022-01-29 02:22:14,0.9,9.3,21.2,53
2022-01-29 05:49:35,0.3,6.6,13.0,51
2022-01-29 06:02:40,1.0,6.0,11.9,55
2022-01-29 06:16:18,1.1,4.3,9.0,55
2022-01-29 06:18:36,1.4,6.4,13.7,61
2022-01-29 07:23:58,1.8,9.1,20.9,61
2022-01-29 07:27:59,1.3,11.7,22.0,61
2022-01-29 08:05:14,1.2,12.3,26.3,55
2022-01-29 08:07:01,1.9,4.3,11.2,61
2022-01-29 08:14:55,0.8,8.7,23.8,53
2022-01-29 11:15:35,0.6,11.4,24.8,53
2022-01-29 12:18:59,1.8,17.6,37.8,61
2022-01-29 13:30:32,2.8,14.3,35.6,63
2022-01-29 14:05:07,1.6,9.8,35.3,61
2022-01-29 14:39:06,1.7,16.5,35.3,61
2022-01-29 14:43:03,1.2,12.7,32.4,55
2022-01-29 14:48:53,0.5,12.3,37.4,53
2022-01-29 15:44:54,0.2,11.1,31.7,51
2022-01-29 15:47:21,0.3,5.5,25.2,51
2022-01-29 16:55:19,0.2,5.8,26.6,51
2022-01-29 17:14:09,3.1,9.8,27.0,63
2022-01-29 19:57:45,2.8,6.3,22.7,63
2022-01-29 20:06:47,1.4,5.1,10.1,61
2022-01-29 22:33:50,1.9,10.0,23.8,61
2022-01-30 00:02:38,5.5,8.0,26.3,63
2022-01-30 01:49:57,0.9,8.2,19.8,53
2022-01-30 03:03:06,0.9,3.2,15.1,53
2022-01-30 03:31:28,3.9,14.6,29.5,63
2022-01-30 03:36:16,0.4,10.2,28.1,51
2022-01-30 03:56:30,2.8,7.9,21.2,63
2022-01-30 05:59:18,1.6,7.4,20.9,61
2022-01-30 06:09:50,1.1,15.5,37.8,55
2022-01-30 09:07:00,0.0,9.5,23.8,3
2022-01-30 09:57:25,1.0,10.0,34.2,55
2022-01-30 11:19:46,5.3,9.1,23.4,63
2022-01-30 12:10:00,0.1,18.2,39.2,51
2022-01-30 12:19:22,0.3,13.5,36.7,51
2022-01-30 12:29:00,0.1,11.5,26.6,51
2022-01-30 14:30:09,0.6,17.4,32.8,53
2022-01-30 14:51:04,0.3,14.0,34.9,51
2022-01-30 15:23:17,0.2,11.6,32.0,51
2022-01-30 16:08:10,2.1,9.8,28.8,61
2022-01-30 17:38:00,0.4,10.2,37.1,51
2022-01-30 18:06:31,1.7,3.2,20.5,61
2022-01-30 18:52:08,0.0,10.7,21.6,3
2022-01-30 18:55:52,1.3,4.7,22.3,61
2022-01-30 19:37:00,0.1,7.7,15.1,51
2022-01-30 19:49:34,1.0,3.5,13.3,55
2022-01-30 21:25:06,0.1,9.0,9.4,51
2022-01-31 01:13:44,0.8,6.4,16.6,53
2022-01-31 03:56:49,1.2,10.1,19.1,55
2022-01-31 04:11:00,1.4,7.2,16.6,61
2022-01-31 08:23:39,2.9,14.8,35.6,63
2022-01-31 09:32:11,4.3,14.4,33.5,63
2022-01-31 11:26:00,0.3,14.8,28.8,51
2022-01-31 12:07:27,0.5,17.8,38.5,53
2022-01-31 12:09:50,0.8,23.3,51.1,53
2022-01-31 15:34:31,0.2,11.6,27.4,51
2022-01-31 15:46:41,0.4,14.1,37.8,51
2022-01-31 15:52:06,0.0,14.2,41.0,3
2022-01-31 16:49:19,2.0,10.2,36.0,61
2022-01-31 17:34:44,0.6,20.6,40.3,53
2022-01-31 18:36:14,0.0,8.0,15.8,1
2022-01-31 19:13:32,0.0,5.0,14.4,3
2022-01-31 21:12:24,2.0,10.5,13.7,61
2022-01-31 22:16:13,0.0,9.6,17.6,3
2022-01-31 22:28:15,1.7,10.1,18.7,61
2022-02-01 06:36:32,0.0,9.5,18.4,3
2022-02-01 06:58:52,0.0,8.1,21.2,3
2022-02-01 07:16:00,2.8,11.6,20.9,63
2022-02-01 07:27:45,0.0,11.6,21.6,3
2022-02-01 09:29:39,3.2,10.8,17.3,63
2022-02-01 10:05:44,0.6,8.3,24.1,53
2022-02-01 11:39:31,0.5,14.4,30.2,53
2022-02-01 12:24:11,0.3,13.4,29.9,51
2022-02-01 15:32:47,0.2,10.2,33.1,51
2022-02-01 15:58:22,0.0,7.6,23.0,2
2022-02-01 16:25:10,0.0,8.0,24.8,3
2022-02-01 16:39:04,0.1,9.7,25.9,51
2022-02-01 17:33:53,0.5,6.5,20.5,53
2022-02-01 18:02:05,0.0,3.1,14.0,3
2022-02-01 18:15:53,1.7,6.5,23.8,61
2022-02-02 05:23:28,0.0,5.2,6.5,3
2022-02-02 05:41:38,0.0,4.7,7.9,3
2022-02-02 06:41:39,0.0,6.9,13.0,3
2022-02-02 06:42:59,0.2,4.4,8.3,51
2022-02-02 07:38:42,0.0,5.1,9.4,3
2022-02-02 13:59:09,0.1,10.0,22.7,51
2022-02-02 16:26:19,0.1,6.2,17.3,51
2022-02-02 17:21:25,0.0,5.6,14.8,3
2022-02-02 18:36:15,0.2,11.1,24.1,51
2022-02-02 18:40:00,0.0,3.1,13.0,3
2022-02-02 22:17:43,0.0,6.5,10.8,3
2022-02-03 06:45:57,0.0,4.7,8.3,3
2022-02-03 07:23:32,0.0,5.4,10.8,3
2022-02-03 07:48:02,0.0,5.4,10.8,3
2022-02-03 07:55:09,0.0,5.8,12.2,3
2022-02-03 07:58:49,0.0,5.4,10.8,3
2022-02-03 08:29:17,0.0,2.3,10.1,3
2022-02-03 10:17:54,0.0,6.9,19.4,3
2022-02-03 12:19:48,0.0,4.0,17.6,3
2022-02-03 16:09:23,2.2,10.5,24.1,61
2022-02-03 23:57:06,0.0,4.4,7.6,3
2022-02-04 02:50:30,0.4,2.4,4.3,51
2022-02-04 07:15:35,0.0,12.3,19.8,3
2022-02-04 07:18:39,0.0,8.9,15.1,3
2022-02-04 07:50:28,0.0,2.0,6.5,2
2022-02-04 07:56:33,0.0,4.8,10.4,3
2022-02-04 08:44:23,0.0,14.0,25.6,3
2022-02-04 11:41:13,0.0,15.9,33.5,3
2022-02-04 12:11:00,0.0,7.2,19.8,3
2022-02-04 12:11:03,0.1,15.8,32.8,51
2022-02-04 12:49:56,0.1,15.8,32.8,51
2022-02-04 12:51:51,0.1,14.0,27.4,51
2022-02-04 12:53:09,0.0,8.3,21.2,3
2022-02-04 14:14:46,0.0,14.0,29.5,3
2022-02-04 14:46:44,0.0,11.8,32.0,3
2022-02-04 16:55:00,0.1,7.8,22.0,51
2022-02-04 17:14:27,0.5,9.8,20.9,53
2022-02-04 17:23:32,0.5,9.8,20.9,53
2022-02-04 17:28:53,0.5,9.8,20.9,53
2022-02-04 17:36:04,0.5,9.8,20.9,53
2022-02-04 17:49:20,0.5,9.8,20.9,53
2022-02-04 18:13:00,0.4,4.7,22.0,51
2022-02-04 18:26:22,0.4,4.7,22.0,51
2022-02-04 18:28:42,0.0,3.4,17.6,3
2022-02-04 23:18:49,0.0,4.5,7.6,3
2022-02-05 00:41:23,0.0,4.5,7.6,3
2022-02-05 00:53:00,0.0,3.2,5.8,3
2022-02-05 01:02:52,0.2,6.2,15.1,51
2022-02-05 01:25:18,0.0,4.5,12.6,2
2022-02-05 02:51:02,0.1,2.5,7.6,51
2022-02-05 05:05:15,0.0,8.6,14.0,3
2022-02-05 06:47:52,0.0,8.7,14.4,3
2022-02-05 07:52:08,0.0,3.3,7.6,3
2022-02-05 10:39:09,0.0,8.9,18.4,3
2022-02-05 13:17:00,0.1,10.3,25.9,51
2022-02-05 15:12:49,0.7,2.9,22.0,53
2022-02-05 15:16:14,9.8,12.7,33.8,65
2022-02-05 19:26:54,4.0,9.0,24.5,63
2022-02-05 20:13:19,0.7,3.3,9.7,53
2022-02-05 22:00:05,0.0,13.4,22.7,2
2022-02-05 23:46:12,0.1,10.7,21.6,51
2022-02-05 23:59:57,0.4,9.3,14.8,51
2022-02-06 00:40:47,0.1,12.9,23.0,51
2022-02-06 01:49:34,0.3,3.6,6.5,51
2022-02-06 03:44:13,0.5,5.9,11.2,53
2022-02-06 03:53:43,0.2,4.3,7.9,51
2022-02-06 04:14:25,0.0,9.0,19.1,3
2022-02-06 05:38:21,0.0,12.7,24.1,3
2022-02-06 05:56:41,0.0,8.9,15.5,3
2022-02-06 05:58:58,0.0,10.0,17.3,3
2022-02-06 07:01:11,0.0,8.9,15.8,3
2022-02-06 14:02:35,0.1,11.6,30.2,51
2022-02-06 18:29:55,5.0,5.0,24.1,63
2022-02-06 19:21:58,0.5,4.9,15.5,53
2022-02-06 19:35:40,0.0,2.5,15.5,3
2022-02-06 19:53:37,0.5,4.9,15.5,53
2022-02-06 20:04:00,0.0,5.9,16.2,3
2022-02-06 20:34:00,0.0,5.1,11.5,3
2022-02-06 22:47:50,3.0,1.9,14.4,63
2022-02-06 22:53:54,4.6,2.7,16.2,63
2022-02-06 23:49:35,1.0,3.6,17.3,55
2022-02-07 06:24:03,0.1,3.0,8.6,51
2022-02-07 07:27:02,0.0,3.1,9.0,2
2022-02-07 07:46:42,0.0,4.6,10.1,2
2022-02-07 07:58:09,0.1,10.4,22.0,51
2022-02-07 08:07:22,1.6,0.5,7.6,61
2022-02-07 08:22:00,2.4,2.3,7.9,61
2022-02-07 09:04:35,0.1,4.2,16.9,51
2022-02-07 11:47:59,1.1,5.4,18.0,55
2022-02-07 12:07:04,0.1,7.0,20.9,51
2022-02-07 13:08:46,0.3,12.0,24.8,51
2022-02-07 14:56:13,2.5,23.2,41.0,63
2022-02-07 17:56:00,6.9,8.5,29.2,63
2022-02-08 04:47:58,0.0,7.2,14.0,2
2022-02-08 05:48:00,0.0,2.4,5.0,3
2022-02-08 06:23:11,0.0,10.5,19.4,3
2022-02-08 06:30:42,0.0,9.2,22.0,2
2022-02-08 10:16:39,0.0,14.0,27.0,1
2022-02-08 11:01:46,0.0,12.6,29.2,0
2022-02-08 11:22:00,0.2,2.2,14.4,51
2022-02-08 15:24:04,0.8,10.9,24.8,53
2022-02-08 16:57:57,0.1,20.1,35.6,51
2022-02-08 17:29:24,0.0,9.6,24.8,1
2022-02-08 20:21:20,0.0,16.3,32.0,3
2022-02-08 21:41:20,0.0,19.8,37.4,0
2022-02-08 22:34:13,0.0,23.0,40.0,0
2022-02-09 06:05:20,0.0,8.7,14.8,0
2022-02-09 07:58:14,0.0,9.0,16.6,0
2022-02-09 08:23:47,0.0,16.3,33.5,0
2022-02-09 09:46:44,0.0,17.6,36.4,0
2022-02-09 10:58:50,0.0,7.9,22.7,0
2022-02-09 11:22:43,0.0,17.4,34.6,0
2022-02-09 13:03:01,0.0,13.8,31.7,3
2022-02-09 19:01:01,0.0,20.1,38.2,0
2022-02-09 19:55:34,0.0,17.9,29.9,0
2022-02-09 21:51:05,0.0,16.3,32.0,0
2022-02-10 00:02:54,0.0,17.1,33.8,0
2022-02-10 07:36:09,0.0,8.0,15.5,1
2022-02-10 07:37:19,0.0,20.4,35.6,0
2022-02-10 07:47:56,0.0,10.2,18.7,3
2022-02-10 07:57:11,0.0,10.2,18.7,3
2022-02-10 09:50:18,0.0,7.5,20.2,3
2022-02-10 21:25:43,0.0,17.6,34.2,2
2022-02-11 06:50:49,0.7,7.2,14.8,53
2022-02-11 13:47:30,0.1,10.1,24.1,51
2022-02-11 16:38:45,0.0,5.9,23.0,1
2022-02-11 16:40:18,0.4,1.8,23.0,51
2022-02-11 23:07:41,0.0,13.0,25.9,0
2022-02-11 23:46:38,0.0,7.9,19.4,2
2022-02-12 00:54:16,0.0,19.2,33.5,1
2022-02-12 03:49:08,0.0,8.1,19.8,2
2022-02-12 06:12:45,0.0,12.0,22.7,3
2022-02-12 07:46:00,0.0,7.7,14.0,1
2022-02-12 09:31:02,0.0,16.0,31.0,2
2022-02-12 11:40:16,0.1,9.9,23.8,51
2022-02-12 20:05:23,0.0,19.1,34.2,0
2022-02-12 20:39:20,0.0,19.1,34.2,0
2022-02-13 00:12:03,0.0,15.9,31.3,0
2022-02-13 00:16:51,0.0,7.8,18.7,1
2022-02-13 03:28:52,0.0,15.8,28.8,0
2022-02-13 08:44:14,0.0,7.8,19.1,1
2022-02-13 10:12:45,0.1,10.8,24.5,51
2022-02-13 17:11:46,0.0,5.6,18.7,1
2022-02-13 21:37:57,0.0,6.8,14.8,0
2022-02-13 22:49:39,0.0,5.4,10.4,0
2022-02-13 23:42:56,0.0,5.6,9.0,1
2022-02-14 07:00:06,0.0,8.7,15.5,3
2022-02-14 07:12:35,0.0,7.4,14.8,0
2022-02-14 09:03:53,0.0,3.8,12.6,0
2022-02-14 14:29:06,0.0,6.5,20.2,0
2022-02-14 18:10:41,0.0,4.9,10.4,0
2022-02-14 19:12:45,0.0,7.6,8.6,2
2022-02-14 22:42:50,0.0,6.3,10.4,1
2022-02-15 06:58:17,0.0,8.4,15.1,0
2022-02-15 08:06:11,0.0,6.9,17.3,0
2022-02-15 10:42:42,0.0,6.2,20.5,1
2022-02-15 13:32:14,0.0,3.8,16.9,1
2022-02-15 15:48:16,0.1,21.8,45.4,51
2022-02-15 19:35:01,0.0,15.8,29.9,1
2022-02-15 21:51:44,0.0,7.4,15.8,0
2022-02-16 02:06:00,0.0,17.5,31.7,3
2022-02-16 07:01:11,0.0,12.9,25.2,0
2022-02-16 12:05:00,0.1,4.0,19.1,51
2022-02-16 15:11:04,0.0,6.5,16.2,1
2022-02-16 16:10:39,0.0,12.7,24.5,3
2022-02-16 18:28:44,0.0,8.5,19.1,3
2022-02-16 18:49:54,0.0,16.3,31.7,1
2022-02-16 19:34:48,0.0,7.1,15.1,3
2022-02-17 06:59:08,0.0,6.6,14.4,0
2022-02-17 10:01:21,0.0,13.0,28.4,3
2022-02-17 12:49:10,0.0,13.9,34.2,0
2022-02-17 15:57:05,3.7,6.1,32.4,63
2022-02-17 17:05:36,0.6,5.1,22.0,53
2022-02-17 17:28:23,0.1,5.5,26.3,51
2022-02-17 17:37:10,0.0,6.9,23.4,1
2022-02-17 18:52:08,0.5,11.6,23.4,53
2022-02-17 20:57:18,0.4,12.8,21.6,51
2022-02-18 08:49:03,0.0,4.6,12.6,3
2022-02-18 14:56:07,0.0,8.4,20.9,3
2022-02-18 15:56:09,5.3,17.2,37.1,63
2022-02-18 16:06:09,0.1,6.2,21.2,51
2022-02-18 18:56:30,0.9,11.9,35.6,53
2022-02-18 19:25:06,0.4,10.1,16.2,51
2022-02-18 20:54:10,0.0,5.8,10.1,3
2022-02-18 20:56:00,0.0,3.5,14.4,3
2022-02-18 21:40:04,0.0,13.8,31.3,1
2022-02-18 22:59:49,0.0,11.2,30.6,1
2022-02-19 01:01:25,0.0,4.3,9.7,3
2022-02-19 07:53:24,0.0,5.2,11.5,3
2022-02-19 09:33:33,0.0,1.0,17.6,0
2022-02-19 10:07:48,0.0,5.8,18.0,0
2022-02-19 12:42:31,0.2,8.5,25.9,51
2022-02-19 12:44:19,0.0,4.0,18.4,0
2022-02-19 13:03:57,0.0,7.3,20.5,1
2022-02-19 13:55:45,0.0,8.9,23.4,0
2022-02-19 14:15:17,0.0,8.6,20.2,1
2022-02-19 15:27:24,0.0,9.3,23.8,3
2022-02-19 22:19:19,0.0,10.8,22.7,3
2022-02-20 00:12:38,0.0,7.5,13.0,3
2022-02-20 00:35:31,0.0,11.4,20.9,3
2022-02-20 01:22:04,0.0,11.8,19.1,3
2022-02-20 06:08:13,0.0,8.7,17.6,0
2022-02-20 07:33:00,0.0,7.1,14.0,3
2022-02-20 10:25:40,0.0,11.9,28.1,0
2022-02-20 19:46:19,0.0,10.2,17.3,1
2022-02-21 00:51:00,0.0,4.8,9.4,3
2022-02-21 01:43:20,0.0,7.9,14.0,0
2022-02-21 06:11:00,0.0,4.6,12.6,2
2022-02-21 07:06:35,0.0,8.5,14.8,0
2022-02-21 07:38:51,0.0,9.4,15.5,0
2022-02-21 14:41:44,0.0,6.5,20.5,1
2022-02-21 15:32:14,0.0,7.5,19.1,3
2022-02-21 16:25:47,0.0,6.9,18.4,0
2022-02-21 17:31:53,0.0,8.0,28.4,1
2022-02-21 17:34:55,0.2,5.2,16.6,51
2022-02-21 18:06:34,0.0,3.9,11.9,1
2022-02-21 18:16:30,0.0,4.1,18.7,1
2022-02-21 22:30:02,0.0,6.6,13.0,0
2022-02-22 01:55:55,0.0,10.3,19.8,1
2022-02-22 02:16:02,0.0,8.7,15.8,0
2022-02-22 04:56:00,0.0,9.1,16.9,0
2022-02-22 07:49:32,0.0,9.0,16.2,0
2022-02-22 08:05:14,0.0,3.4,12.6,0
2022-02-22 13:37:41,0.0,2.4,13.7,0
2022-02-22 18:11:01,0.0,3.3,10.4,1
2022-02-22 19:47:00,0.0,8.2,16.6,1
2022-02-22 20:21:25,0.0,11.8,19.8,2
2022-02-22 22:15:27,0.0,4.3,16.2,1
2022-02-22 23:49:13,4.4,6.3,10.4,63
2022-02-23 03:21:01,0.0,6.4,8.6,3
2022-02-23 06:37:34,0.0,3.1,4.0,3
2022-02-23 07:07:00,0.0,5.8,11.5,3
2022-02-23 07:25:57,0.0,6.2,13.0,1
2022-02-23 07:28:54,0.0,7.7,13.3,3
2022-02-23 07:30:12,0.0,7.3,13.3,3
2022-02-23 07:42:23,0.1,8.5,14.8,51
2022-02-23 09:12:59,0.0,7.9,20.2,0
2022-02-23 10:11:26,0.0,10.7,27.7,1
2022-02-23 11:33:50,0.0,10.5,25.6,0
2022-02-23 16:42:12,0.3,7.6,23.4,51
2022-02-23 16:53:04,0.3,7.6,23.4,51
2022-02-23 17:08:10,0.2,2.7,16.2,51
2022-02-23 17:19:24,0.0,1.1,10.8,1
2022-02-23 17:43:09,0.0,3.8,16.6,3
2022-02-23 19:46:01,0.0,6.3,9.0,3
2022-02-23 19:58:10,0.0,3.3,6.8,2
2022-02-23 20:43:28,0.3,17.6,32.4,51
2022-02-23 20:55:30,0.0,13.5,25.9,2
2022-02-24 05:36:52,0.0,10.5,21.2,0
2022-02-24 07:42:29,0.0,9.9,20.9,0
2022-02-24 07:59:05,0.0,6.0,12.2,0
2022-02-24 08:57:16,0.0,6.5,16.6,0
2022-02-24 10:24:46,0.0,7.6,23.0,0
2022-02-24 10:43:31,0.0,8.9,23.0,0
2022-02-24 13:46:00,0.1,5.5,20.2,51
2022-02-24 16:00:12,0.0,4.6,15.8,1
2022-02-24 16:03:14,0.0,4.6,15.8,1
2022-02-24 18:02:53,0.0,14.8,34.9,1
2022-02-24 18:25:08,0.0,14.0,29.9,1
2022-02-24 18:28:41,0.0,10.9,28.1,1
2022-02-24 19:43:19,0.0,8.9,16.2,2
2022-02-24 20:23:44,0.0,4.0,16.2,1
2022-02-24 20:29:00,0.0,7.3,13.3,1
2022-02-24 21:42:53,0.0,7.4,16.6,1
2022-02-25 01:29:44,0.0,15.5,27.4,0
2022-02-25 03:13:26,0.0,4.7,8.6,0
2022-02-25 07:55:52,0.0,12.7,22.3,1
2022-02-25 12:00:51,0.0,10.7,27.4,3
2022-02-25 12:41:44,0.0,8.9,25.2,2
2022-02-25 15:29:45,0.0,8.3,20.5,1
2022-02-26 00:04:47,0.0,5.4,16.9,1
2022-02-26 01:37:32,0.0,4.7,11.9,1
2022-02-26 01:51:14,0.0,15.3,29.2,0
2022-02-26 02:55:50,0.0,3.3,4.0,0
2022-02-26 03:45:57,0.0,5.2,18.4,0
2022-02-26 04:54:00,0.0,3.2,5.8,0
2022-02-26 04:54:37,0.0,7.6,12.2,3
2022-02-26 06:40:14,0.0,7.9,13.0,1
2022-02-26 07:36:48,0.0,9.9,18.0,0
2022-02-26 11:40:33,0.0,5.5,20.5,3
2022-02-26 11:55:09,0.0,1.9,16.6,3
2022-02-26 12:06:41,0.0,4.5,17.3,3
2022-02-26 12:47:23,0.0,5.4,17.6,3
2022-02-26 16:09:58,0.0,9.8,21.6,0
2022-02-26 16:50:19,0.0,7.2,20.2,1
2022-02-26 17:51:00,0.0,7.2,16.9,1
2022-02-26 18:05:42,0.0,7.3,19.8,1
2022-02-27 00:51:47,0.0,22.5,40.0,0
2022-02-27 01:51:08,0.0,14.1,24.1,0
2022-02-27 09:56:08,0.0,11.5,23.0,0
2022-02-27 12:41:04,0.0,4.7,17.6,0
2022-02-27 15:25:30,0.0,7.2,20.2,1
2022-02-27 18:59:41,0.0,13.3,31.3,0
2022-02-28 01:02:03,0.0,6.9,16.2,0
2022-02-28 11:08:39,0.0,13.1,30.2,1
2022-02-28 11:23:57,0.0,13.6,31.7,1
2022-02-28 15:59:32,0.0,7.2,24.1,1
2022-02-28 16:24:38,0.0,5.8,19.8,1
2022-02-28 18:19:20,0.0,2.3,13.3,3
2022-02-28 19:17:19,0.0,3.3,4.7,2
2022-02-28 19:39:27,0.0,6.5,8.3,2
2022-02-28 22:01:06,0.0,6.8,10.8,1
2022-02-28 22:23:28,0.0,4.7,9.0,3
2022-03-01 05:34:45,0.0,8.4,26.6,3
2022-03-01 05:52:47,0.0,11.7,23.8,3
2022-03-01 07:09:48,0.0,9.5,16.9,2
2022-03-01 09:04:06,0.0,13.7,30.2,1
2022-03-01 10:17:40,0.0,12.6,27.7,2
2022-03-01 11:40:49,0.0,16.4,39.2,3
2022-03-01 14:02:00,0.0,6.5,19.4,3
2022-03-01 14:55:11,0.0,7.1,23.0,3
2022-03-01 15:13:00,0.0,6.9,21.6,3
2022-03-01 16:58:01,0.2,4.8,25.2,51
2022-03-01 17:32:15,0.6,16.6,40.0,53
2022-03-01 17:34:02,0.0,12.6,23.8,3
2022-03-01 17:47:11,0.0,12.3,26.3,1
2022-03-01 18:21:46,0.6,11.6,38.2,53
2022-03-01 19:00:59,0.0,24.5,43.2,3
2022-03-01 19:37:46,0.2,10.1,18.4,51
2022-03-01 19:44:17,4.0,10.9,27.4,63
2022-03-01 20:38:55,1.0,6.6,20.9,55
2022-03-01 21:28:52,0.2,7.9,16.9,51
2022-03-01 21:48:33,0.0,1.5,16.2,3
2022-03-01 22:11:41,0.9,7.3,18.0,53
2022-03-02 00:52:54,0.0,9.0,16.2,2
2022-03-02 02:27:51,0.0,6.6,11.2,1
2022-03-02 02:31:47,0.0,6.8,9.0,2
2022-03-02 03:49:00,0.0,6.2,14.8,0
2022-03-02 13:36:18,0.0,9.7,25.6,0
2022-03-02 15:05:38,0.0,12.3,27.4,1
2022-03-02 15:57:09,0.0,11.6,27.7,1
2022-03-02 16:37:22,0.0,9.8,27.7,1
2022-03-02 17:17:30,0.0,4.7,18.0,1
2022-03-02 17:53:15,0.0,4.7,18.0,1
2022-03-02 18:59:50,0.1,1.8,14.4,51
2022-03-02 19:17:17,0.0,6.5,14.4,0
2022-03-02 20:20:00,0.0,6.9,12.2,1
2022-03-02 20:38:21,0.0,11.2,23.0,1
2022-03-03 07:56:02,0.0,5.5,9.7,3
2022-03-03 08:06:13,0.0,6.2,15.1,3
2022-03-03 08:21:16,0.0,6.4,16.2,3
2022-03-03 09:00:23,0.0,7.7,18.4,3
2022-03-03 11:47:10,0.0,11.3,26.3,3
2022-03-03 14:52:46,0.0,5.2,18.7,3
2022-03-03 18:30:49,0.0,13.9,25.9,3
2022-03-03 23:12:20,0.0,4.8,22.7,2
2022-03-04 02:02:55,0.0,11.2,19.4,0
2022-03-04 04:40:00,0.0,0.8,2.2,0
2022-03-04 05:39:44,0.0,4.7,15.1,2
2022-03-04 07:36:08,0.0,3.7,10.4,3
2022-03-04 07:59:38,0.0,3.9,9.7,3
2022-03-04 10:19:29,0.0,5.0,20.9,2
2022-03-04 13:13:54,0.0,8.0,24.8,1
2022-03-04 13:14:41,0.0,5.8,20.5,0
2022-03-04 13:54:51,0.0,8.4,25.6,0
2022-03-04 17:16:37,0.0,3.2,11.2,1
2022-03-04 18:10:05,0.0,15.0,32.0,3
2022-03-04 18:21:53,0.0,11.7,27.7,3
2022-03-04 19:16:35,0.0,13.7,28.1,3
2022-03-04 22:00:18,0.0,5.8,9.7,3
2022-03-04 22:32:08,0.0,13.5,23.0,3
2022-03-05 03:33:21,0.0,6.6,7.6,3
2022-03-05 05:45:13,0.0,9.4,10.4,3
2022-03-05 06:03:30,0.0,10.2,18.4,3
2022-03-05 06:40:08,0.0,6.5,9.7,2
2022-03-05 09:10:45,0.0,11.5,23.0,2
2022-03-05 10:16:53,0.0,9.1,24.8,3
2022-03-05 12:33:51,0.0,10.1,28.1,0
2022-03-05 13:32:07,0.0,6.5,22.7,1
2022-03-05 15:12:36,0.0,1.9,19.4,3
2022-03-05 15:50:18,0.0,2.4,16.6,3
2022-03-05 16:42:07,0.0,3.3,13.3,3
2022-03-05 22:07:29,0.0,3.9,10.4,1
2022-03-05 22:19:04,0.0,3.3,8.3,1
2022-03-05 22:35:00,0.0,4.0,8.6,3
2022-03-06 00:14:26,0.0,5.7,8.6,3
2022-03-06 00:25:06,0.0,4.2,10.4,0
2022-03-06 14:17:22,0.0,5.9,22.3,1
2022-03-06 18:05:27,0.1,13.0,27.0,51
2022-03-06 18:40:35,0.1,10.2,19.4,51
2022-03-06 19:37:09,0.0,12.1,26.6,2
2022-03-06 21:27:00,0.0,5.5,10.1,0
2022-03-06 23:59:01,0.0,12.4,20.5,1
2022-03-07 00:48:30,0.0,3.7,7.9,0
2022-03-07 07:04:55,0.0,8.3,13.7,0
2022-03-07 07:39:55,0.0,5.6,12.2,0
2022-03-07 07:59:33,0.0,8.5,13.7,0
2022-03-07 08:01:52,0.0,9.7,21.6,0
2022-03-07 08:05:32,0.0,6.8,18.0,0
2022-03-07 09:16:27,0.0,5.4,17.3,0
2022-03-07 10:33:44,0.0,8.9,23.4,0
2022-03-07 11:01:06,0.0,8.9,24.8,1
2022-03-07 12:54:16,0.0,5.7,20.2,1
2022-03-07 16:56:28,0.0,3.7,14.0,0
2022-03-07 18:19:36,0.0,5.0,13.3,1
2022-03-07 18:27:12,0.1,10.8,27.0,51
2022-03-07 18:49:59,0.0,5.0,15.8,0
2022-03-07 20:13:00,0.0,7.0,13.7,0
2022-03-07 21:23:39,0.2,4.9,12.6,51
2022-03-08 02:55:52,0.5,19.3,36.7,53
2022-03-08 10:12:20,0.0,8.9,24.1,1
2022-03-08 12:31:55,0.0,2.9,20.2,1
2022-03-08 13:29:21,0.0,5.4,19.8,2
2022-03-08 15:28:12,0.1,8.2,18.7,51
2022-03-08 18:03:00,0.0,5.6,14.4,0
2022-03-08 18:04:28,0.0,5.8,13.7,1
2022-03-08 18:14:06,0.0,5.8,13.7,1
2022-03-08 19:55:00,0.0,5.9,7.6,1
2022-03-08 22:37:47,0.0,11.0,21.2,3
2022-03-08 23:03:53,0.0,3.9,15.5,1
2022-03-08 23:08:58,0.0,3.9,15.5,1
2022-03-08 23:20:06,0.0,4.3,19.4,1
2022-03-09 06:42:35,0.0,13.6,24.8,3
2022-03-09 08:01:48,0.0,9.8,20.2,2
2022-03-09 11:01:21,0.0,12.7,27.7,2
2022-03-09 13:14:34,0.1,12.3,31.0,51
2022-03-09 14:08:55,0.0,9.1,26.6,0
2022-03-09 15:33:40,0.0,8.0,26.3,0
2022-03-09 15:54:20,0.0,8.0,26.3,0
2022-03-09 16:19:06,0.1,12.2,20.5,51
2022-03-09 20:28:30,0.0,13.2,24.5,2
2022-03-09 21:44:14,0.0,15.1,23.4,2
2022-03-10 05:28:00,0.0,7.0,11.9,3
2022-03-10 06:38:01,0.0,8.7,13.3,3
2022-03-10 06:41:00,0.0,6.1,14.4,3
2022-03-10 08:37:04,0.0,6.5,15.5,2
2022-03-10 08:46:15,0.0,12.0,22.7,3
2022-03-10 10:24:50,0.0,9.4,24.8,2
2022-03-10 12:39:23,0.0,6.1,22.0,3
2022-03-10 17:10:27,0.6,10.1,19.8,53
2022-03-10 17:25:00,0.0,2.7,11.2,1
2022-03-10 17:34:00,0.0,2.7,11.2,1
2022-03-10 18:35:50,0.0,5.6,19.1,2
2022-03-10 19:13:09,0.0,5.9,10.1,3
2022-03-11 01:58:18,0.0,11.7,18.7,3
2022-03-11 06:12:04,0.1,6.1,16.2,51
2022-03-11 06:45:08,0.0,2.0,8.3,3
2022-03-11 07:04:59,0.0,4.0,8.6,3
2022-03-11 07:12:02,0.0,5.5,10.1,3
2022-03-11 07:46:24,0.0,7.3,12.2,3
2022-03-11 07:48:05,0.0,8.0,15.1,3
2022-03-11 08:15:13,0.1,10.3,20.5,51
2022-03-11 08:29:50,0.2,10.4,20.2,51
2022-03-11 08:40:36,0.1,11.1,22.0,51
2022-03-11 08:45:52,0.1,11.1,22.0,51
2022-03-11 13:41:03,0.0,10.7,30.2,3
2022-03-11 15:16:39,0.0,13.9,33.8,3
2022-03-11 16:17:00,0.2,9.2,19.8,51
2022-03-11 16:57:00,0.2,9.2,19.8,51
2022-03-11 18:12:12,0.0,6.6,28.4,1
2022-03-11 18:19:02,0.0,8.7,30.2,3
2022-03-11 19:57:35,0.0,4.6,13.7,1
2022-03-11 19:59:03,0.0,5.9,16.2,3
2022-03-11 22:08:04,1.5,7.9,14.8,61
2022-03-12 02:53:11,0.1,10.2,15.5,51
2022-03-12 02:53:34,1.1,2.3,12.2,55
2022-03-12 05:45:35,0.0,9.7,17.6,3
2022-03-12 06:38:26,0.0,8.5,19.1,3
2022-03-12 07:28:06,0.0,9.0,16.9,3
2022-03-12 07:51:07,2.6,7.4,13.7,63
2022-03-12 08:06:04,3.1,7.6,16.9,63
2022-03-12 08:54:24,4.4,3.1,16.6,63
2022-03-12 09:12:12,0.6,7.3,13.3,53
2022-03-12 11:31:47,0.1,8.1,19.8,51
2022-03-12 13:26:00,0.1,6.5,24.8,51
2022-03-12 15:31:00,0.0,6.5,23.8,3
2022-03-12 21:24:03,0.1,10.9,18.0,51
2022-03-12 21:40:39,1.7,5.0,18.0,61
2022-03-13 00:11:15,0.1,10.0,16.9,51
2022-03-13 10:57:00,0.0,6.6,18.4,3
2022-03-13 13:46:46,0.0,11.1,31.3,3
2022-03-13 14:45:16,0.0,11.3,31.0,3
2022-03-13 14:51:12,0.0,11.2,28.4,3
2022-03-13 16:00:29,0.0,6.5,21.2,2
2022-03-13 17:17:55,0.0,7.7,17.6,3
2022-03-13 18:43:07,0.0,3.7,9.7,3
2022-03-13 21:08:25,0.0,7.7,20.9,3
2022-03-13 22:01:36,0.3,6.8,24.1,51
2022-03-13 22:54:00,0.0,9.0,16.9,1
2022-03-14 01:14:15,0.0,2.5,5.4,1
2022-03-14 07:06:19,0.0,8.9,17.3,3
2022-03-14 07:28:59,0.0,5.2,11.5,3
2022-03-14 12:33:54,0.1,14.0,34.2,51
2022-03-14 22:58:00,0.3,0.4,7.6,51
2022-03-15 00:25:29,0.5,1.6,5.8,53
2022-03-15 00:37:42,0.1,3.7,7.6,51
2022-03-15 06:30:02,0.1,2.4,8.6,51
2022-03-15 06:42:37,0.0,4.6,12.6,3
2022-03-15 06:44:33,0.0,4.6,12.6,3
2022-03-15 06:51:00,0.4,0.5,5.4,51
2022-03-15 07:49:04,0.0,3.3,8.6,3
2022-03-15 07:55:27,0.1,2.6,7.2,51
2022-03-15 08:42:37,0.2,6.5,16.2,51
2022-03-15 11:17:45,0.1,2.8,15.8,51
2022-03-15 12:15:52,0.1,7.2,19.4,51
2022-03-15 14:52:59,0.1,5.2,21.6,51
2022-03-15 15:00:21,0.0,4.6,17.6,3
2022-03-15 15:05:00,0.1,3.8,29.2,51
2022-03-15 16:30:54,0.2,9.2,22.3,51
2022-03-15 16:55:06,0.0,2.5,16.6,3
2022-03-15 17:45:00,0.0,1.5,15.1,3
2022-03-15 20:44:15,0.0,10.7,20.9,3
2022-03-15 22:15:32,0.0,7.1,16.9,3
2022-03-16 00:23:53,0.0,5.9,11.2,1
2022-03-16 03:33:27,0.0,12.3,22.0,0
2022-03-16 03:57:17,0.0,5.2,9.4,3
2022-03-16 08:05:51,0.0,6.5,15.5,1
2022-03-16 10:51:43,0.0,14.5,29.2,0
2022-03-16 11:14:01,0.1,14.8,30.6,51
2022-03-16 12:06:25,0.0,12.7,32.4,1
2022-03-16 13:06:38,0.0,13.7,32.0,1
2022-03-16 13:33:36,0.0,13.7,32.0,1
2022-03-16 13:47:24,0.0,13.7,32.0,1
2022-03-16 20:14:13,0.1,4.2,10.1,51
2022-03-16 22:16:28,0.3,6.6,15.5,51
2022-03-16 22:50:34,4.1,5.2,14.8,63
2022-03-16 23:28:51,0.3,5.1,10.4,51
2022-03-16 23:39:22,0.0,3.4,9.0,3
2022-03-16 23:42:23,2.0,6.0,21.2,61
2022-03-17 01:38:27,0.6,5.5,12.2,53
2022-03-17 01:43:39,1.6,4.7,19.1,61
2022-03-17 06:26:24,0.0,5.6,12.6,3
2022-03-17 07:59:05,0.0,10.0,16.2,2
2022-03-17 08:12:24,0.0,4.6,15.8,1
2022-03-17 10:11:19,0.0,10.5,25.6,3
2022-03-17 10:25:41,0.0,19.3,32.4,3
2022-03-17 16:07:24,0.0,14.8,34.9,2
2022-03-17 16:39:57,0.5,15.0,37.8,53
2022-03-17 18:52:18,0.0,2.3,21.6,3
2022-03-17 19:12:19,0.0,2.6,6.1,3
2022-03-17 20:00:25,0.0,3.4,5.0,3
2022-03-17 23:57:56,0.0,5.1,6.8,2
2022-03-18 00:29:14,0.0,5.4,9.0,1
2022-03-18 00:32:38,0.0,1.5,3.6,0
2022-03-18 06:51:42,0.0,8.6,16.2,0
2022-03-18 07:14:21,0.0,3.3,7.6,3
2022-03-18 07:41:10,0.0,7.1,13.3,1
2022-03-18 08:46:29,0.0,9.2,19.1,0
2022-03-18 09:42:27,0.0,12.4,17.3,0
2022-03-18 09:54:33,0.0,12.4,17.3,0
2022-03-18 11:02:00,0.0,5.2,19.4,0
2022-03-18 11:43:17,0.0,12.7,27.0,0
2022-03-18 12:20:52,0.1,11.4,27.0,51
2022-03-18 14:18:36,0.0,4.8,18.7,0
2022-03-18 15:51:49,0.0,4.3,16.9,0
2022-03-18 17:07:08,0.0,1.0,12.2,1
2022-03-18 17:27:58,0.0,3.3,13.7,1
2022-03-18 17:49:34,0.0,1.5,9.4,0
2022-03-18 17:55:51,0.8,2.6,18.7,53
2022-03-18 23:14:55,0.0,5.4,12.2,0
2022-03-19 00:25:32,0.0,4.3,11.2,3
2022-03-19 01:23:28,0.0,4.9,13.7,3
2022-03-19 02:57:47,0.1,4.7,7.9,51
2022-03-19 03:57:38,0.0,12.4,21.6,3
2022-03-19 05:41:03,0.0,8.1,15.1,3
2022-03-19 08:11:00,0.0,1.8,9.4,3
2022-03-19 11:08:51,0.0,11.6,25.6,3
2022-03-19 12:54:07,0.0,12.0,29.5,0
2022-03-19 14:45:00,0.0,5.5,19.4,3
2022-03-19 15:34:55,2.3,9.4,29.2,61
2022-03-19 18:47:44,0.0,7.6,17.6,3
2022-03-19 19:08:46,0.4,1.5,10.8,51
2022-03-19 19:47:01,0.0,4.3,14.0,3
2022-03-19 19:47:23,0.1,14.6,23.0,51
2022-03-19 20:08:29,0.0,6.4,10.4,3
2022-03-19 22:29:59,0.0,16.0,33.1,3
2022-03-20 00:31:05,0.0,18.3,33.1,3
2022-03-20 01:38:00,0.0,2.3,6.8,3
2022-03-20 05:08:36,0.0,15.2,28.8,3
2022-03-20 06:13:23,0.0,17.6,32.0,3
2022-03-20 06:49:04,0.0,15.8,29.2,3
2022-03-20 08:16:12,0.0,20.7,40.3,2
2022-03-20 09:20:02,0.0,19.2,36.4,3
2022-03-20 14:20:00,0.1,3.6,15.5,51
2022-03-20 16:13:30,1.2,16.2,36.7,55
2022-03-20 18:18:01,0.0,21.2,38.2,3
2022-03-20 18:57:41,0.1,23.2,41.8,51
2022-03-20 19:16:52,0.0,19.0,41.0,3
2022-03-20 22:11:51,0.0,21.2,35.6,3
2022-03-20 22:17:34,0.0,23.2,39.2,3
2022-03-20 22:29:18,0.0,19.1,37.4,3
2022-03-21 06:54:07,0.0,14.1,29.2,3
2022-03-21 07:29:49,0.0,15.0,31.0,0
2022-03-21 09:10:09,0.0,17.4,34.9,0
2022-03-21 16:11:35,0.0,25.8,44.3,3
2022-03-21 18:22:20,0.0,9.0,23.8,1
2022-03-21 18:41:34,0.0,20.7,45.7,3
2022-03-21 18:59:54,0.0,21.4,40.3,2
2022-03-21 19:13:00,0.0,13.7,24.5,1
2022-03-21 19:13:25,0.0,13.0,24.1,1
2022-03-21 20:02:06,0.0,21.9,42.5,3
2022-03-22 00:22:00,0.0,12.6,26.3,0
2022-03-22 06:28:38,0.0,10.2,22.3,0
2022-03-22 11:03:36,0.0,5.0,18.0,0
2022-03-22 13:29:35,0.0,13.4,33.1,0
2022-03-22 22:55:00,0.0,8.7,18.4,0
2022-03-23 00:46:00,0.0,13.2,25.6,0
2022-03-23 06:23:42,0.0,11.0,20.2,0
2022-03-23 06:23:55,0.0,9.4,18.7,0
2022-03-23 06:39:50,0.0,6.9,10.4,0
2022-03-23 07:17:38,0.0,9.2,19.8,0
2022-03-23 07:24:37,0.0,12.2,22.3,0
2022-03-23 08:01:56,0.0,7.4,17.3,0
2022-03-23 12:11:56,0.1,8.9,23.4,51
2022-03-23 13:05:00,0.1,9.6,24.5,51
2022-03-23 13:42:51,0.0,10.3,23.4,1
2022-03-23 15:56:44,0.0,12.2,25.9,0
2022-03-23 17:00:15,0.0,10.4,24.5,2
2022-03-23 18:35:16,0.0,6.3,11.9,1
2022-03-23 18:40:28,0.0,6.3,11.9,1
2022-03-23 19:44:23,0.0,6.5,10.4,1
2022-03-23 19:57:55,0.0,6.5,10.4,1
2022-03-23 20:01:45,0.0,7.6,11.9,0
2022-03-23 21:48:22,0.0,5.8,9.4,1
2022-03-24 02:57:18,0.0,6.9,14.8,0
2022-03-24 05:44:10,0.0,10.2,19.1,0
2022-03-24 06:26:02,0.0,11.9,22.7,0
2022-03-24 08:31:13,0.0,8.8,17.6,0
2022-03-24 11:26:00,0.0,11.4,28.8,3
2022-03-24 14:50:10,0.0,15.3,38.2,3
2022-03-24 16:06:00,0.0,9.3,22.0,1
2022-03-24 17:54:52,0.0,9.4,24.8,0
2022-03-24 18:11:56,0.0,7.3,20.5,3
2022-03-24 18:13:06,0.0,6.5,19.4,3
2022-03-24 18:24:18,0.0,7.3,20.5,3
2022-03-24 18:53:46,0.0,6.9,15.8,0
2022-03-24 19:22:27,0.0,5.9,8.6,1
2022-03-24 19:42:29,0.0,5.9,8.6,1
2022-03-24 20:58:54,0.0,6.3,7.2,1
2022-03-24 22:09:51,0.0,7.3,14.8,2
2022-03-24 22:29:00,0.0,8.0,14.4,3
2022-03-25 05:27:33,0.0,7.0,12.2,2
2022-03-25 06:20:37,0.0,8.3,10.4,1
2022-03-25 07:57:02,0.0,5.2,7.9,3
2022-03-25 12:16:05,0.0,19.7,43.6,3
2022-03-25 16:35:39,0.0,10.7,29.5,0
2022-03-25 18:08:44,0.0,10.8,23.0,3
2022-03-25 18:49:39,0.0,5.0,16.6,3
2022-03-25 19:24:40,0.0,6.6,14.0,3
2022-03-25 20:05:00,0.0,4.6,8.3,3
2022-03-26 02:47:38,0.0,4.0,5.4,3
2022-03-26 03:21:00,0.0,2.9,3.6,3
2022-03-26 04:51:38,0.0,2.9,5.4,3
2022-03-26 11:09:51,0.0,12.1,33.8,0
2022-03-26 11:13:02,0.0,12.1,33.8,0
2022-03-26 11:21:08,0.0,12.1,33.8,0
2022-03-26 11:58:29,0.0,12.6,34.9,0
2022-03-26 13:50:00,0.0,11.4,27.4,1
2022-03-26 14:53:49,0.8,19.7,44.3,53
2022-03-26 18:23:58,0.0,6.5,22.3,3
2022-03-26 18:33:59,0.0,4.7,14.4,1
2022-03-26 19:25:00,2.4,6.4,21.2,61
2022-03-26 22:43:36,0.0,4.2,10.8,3
2022-03-26 23:38:28,0.0,4.3,7.9,1
2022-03-27 00:34:20,0.0,5.4,8.6,1
2022-03-27 01:44:15,0.0,6.7,10.8,0
2022-03-27 02:05:20,0.0,3.3,4.7,3
2022-03-27 04:07:13,0.1,1.5,3.2,51
2022-03-27 06:27:41,0.1,2.3,6.5,51
2022-03-27 07:06:04,0.1,8.7,15.1,51
2022-03-27 07:54:58,0.2,0.4,3.2,51
2022-03-27 07:57:34,0.2,9.3,16.6,51
2022-03-27 10:06:18,0.3,2.1,12.6,51
2022-03-27 10:28:36,0.1,9.2,23.8,51
2022-03-27 15:41:08,0.1,8.0,22.3,51
2022-03-27 18:55:16,2.1,9.0,18.7,61
2022-03-27 20:03:29,3.5,4.0,7.2,63
2022-03-27 23:54:03,0.1,7.9,15.5,51
2022-03-28 00:36:56,0.1,9.8,15.5,51
2022-03-28 04:59:10,0.0,4.7,6.8,3
2022-03-28 05:09:13,0.0,10.0,17.3,3
2022-03-28 08:16:28,0.0,8.6,19.8,3
2022-03-28 08:56:18,0.0,13.7,27.7,3
2022-03-28 12:49:28,0.0,6.6,17.6,3
2022-03-28 13:27:12,0.0,6.7,20.5,3
2022-03-28 21:49:47,0.1,5.5,20.5,51
2022-03-29 03:50:54,0.0,5.4,11.5,0
2022-03-29 12:49:56,0.1,6.3,18.4,51
2022-03-29 14:59:45,0.0,7.6,19.8,0
2022-03-29 16:48:03,0.0,2.0,10.4,0
2022-03-29 18:03:09,0.0,6.9,11.5,0
2022-03-29 20:37:02,0.0,10.2,23.4,1
2022-03-30 01:50:59,0.0,13.8,28.4,0
2022-03-30 04:53:03,0.0,6.9,8.3,0
2022-03-30 05:28:00,0.0,5.5,9.7,0
2022-03-30 05:49:00,0.0,8.9,15.8,0
2022-03-30 06:50:57,0.0,6.4,11.2,0
2022-03-30 07:34:10,0.0,8.5,15.5,0
2022-03-30 07:40:39,0.0,9.0,14.8,0
2022-03-30 07:44:59,0.0,5.1,13.7,0
2022-03-30 08:30:44,0.0,3.9,12.6,0
2022-03-30 08:42:57,0.0,4.6,13.3,0
2022-03-30 09:14:40,0.0,8.7,15.1,0
2022-03-30 09:36:00,0.0,7.1,18.4,0
2022-03-30 14:04:11,0.0,16.9,35.6,2
2022-03-30 16:39:59,0.0,9.7,25.9,2
2022-03-30 17:45:05,0.0,14.2,32.0,3
2022-03-30 18:19:22,0.0,5.6,22.7,3
2022-03-31 02:56:04,0.0,5.4,14.4,2
2022-03-31 04:54:00,0.0,9.0,17.3,0
2022-03-31 07:04:31,0.0,13.7,23.4,1
2022-03-31 07:57:40,0.3,12.0,22.0,51
2022-03-31 10:49:45,0.1,10.0,23.4,51
2022-03-31 13:32:00,0.0,3.7,14.8,1
2022-03-31 14:37:00,0.0,8.8,22.7,0
2022-03-31 15:11:00,0.0,4.3,17.3,2
2022-03-31 18:56:30,0.0,23.3,54.7,3
2022-03-31 19:33:49,0.6,12.6,25.9,53
2022-03-31 19:42:00,1.5,18.5,33.1,61
2022-03-31 21:12:52,0.0,18.7,29.9,3
2022-03-31 21:41:11,0.0,18.7,29.9,3
2022-03-31 22:17:16,0.0,17.4,31.7,3
2022-03-31 22:24:26,0.3,19.2,37.4,51
2022-04-01 00:36:57,0.1,15.3,31.0,51
2022-04-01 00:51:56,0.1,18.7,36.4,51
2022-04-01 05:04:03,0.0,12.9,25.2,2
2022-04-01 06:52:09,0.0,13.5,27.7,1
2022-04-01 07:56:59,0.0,13.0,24.1,3
2022-04-01 08:05:10,0.0,12.6,25.9,3
2022-04-01 08:06:20,0.4,16.9,32.8,51
2022-04-01 08:55:35,0.0,14.8,31.3,3
2022-04-01 09:12:12,0.2,19.2,40.3,51
2022-04-01 10:21:48,0.0,12.0,25.2,3
2022-04-01 14:32:21,0.9,9.3,21.6,53
2022-04-01 15:05:02,0.2,18.7,36.7,51
2022-04-01 16:01:22,0.0,7.8,19.4,1
2022-04-01 16:50:23,0.0,20.1,39.2,3
2022-04-01 18:40:25,0.0,15.0,31.3,3
2022-04-01 18:40:29,0.0,16.2,37.4,3
2022-04-01 20:44:24,1.6,14.1,29.5,61
2022-04-01 21:40:48,0.0,21.9,31.3,3
2022-04-01 22:20:24,0.0,15.3,28.8,0
2022-04-02 01:48:07,0.0,20.6,36.4,1
2022-04-02 02:26:58,0.0,19.6,34.9,3
2022-04-02 07:05:03,0.0,19.8,34.2,0
2022-04-02 07:55:59,0.0,19.8,34.2,0
2022-04-02 08:13:24,0.1,18.5,36.7,51
2022-04-02 11:29:29,0.0,18.6,42.1,3
2022-04-02 13:53:08,0.0,10.6,25.9,1
2022-04-02 16:48:00,0.1,5.8,20.9,51
2022-04-02 19:47:51,0.0,16.7,29.9,0
2022-04-03 00:11:10,0.0,15.4,33.1,0
2022-04-03 00:15:40,0.0,24.3,43.2,3
2022-04-03 01:20:18,0.0,15.1,32.0,0
2022-04-03 05:21:23,0.0,8.9,15.5,0
2022-04-03 09:45:02,0.0,8.2,23.4,0
2022-04-03 10:00:19,0.0,16.8,37.1,1
2022-04-03 12:26:20,0.0,14.1,34.2,2
2022-04-03 17:10:24,0.9,9.2,25.2,53
2022-04-03 17:34:00,0.0,5.9,17.3,0
2022-04-03 18:09:00,0.0,5.6,15.8,1
2022-04-03 18:30:32,0.2,8.1,28.4,51
2022-04-03 18:42:01,0.7,12.0,30.6,53
2022-04-03 20:34:03,0.0,12.7,23.8,3
2022-04-03 21:06:01,0.0,11.3,24.1,3
2022-04-04 02:24:38,0.0,4.3,8.6,2
2022-04-04 08:02:27,0.0,11.3,21.6,0
2022-04-04 10:48:21,0.0,12.6,28.1,1
2022-04-04 15:35:21,0.0,8.7,20.9,0
2022-04-04 17:47:29,0.2,5.0,22.7,51
2022-04-04 17:48:49,0.0,3.1,13.0,3
2022-04-04 17:55:07,0.0,7.4,24.8,3
2022-04-04 19:17:37,0.0,6.3,8.6,3
2022-04-04 19:49:21,0.6,13.5,22.3,53
2022-04-04 19:52:00,0.0,4.1,7.2,0
2022-04-04 19:59:47,0.6,13.5,22.3,53
2022-04-04 22:04:24,0.0,4.5,9.4,2
2022-04-04 23:45:57,0.0,3.7,12.2,3
2022-04-05 01:44:52,0.0,6.2,8.6,3
2022-04-05 06:42:07,0.0,7.8,15.5,3
2022-04-05 07:58:48,0.0,8.6,14.0,2
2022-04-05 18:25:03,0.0,13.2,28.1,1
2022-04-05 20:33:39,0.6,13.0,30.2,53
2022-04-06 01:21:05,0.0,11.3,21.2,3
2022-04-06 05:52:48,0.0,10.0,17.3,3
2022-04-06 08:24:56,0.0,6.7,17.3,3
2022-04-06 08:38:03,0.0,16.9,33.5,3
2022-04-06 08:44:52,0.0,11.0,20.2,3
2022-04-06 10:34:46,0.0,6.2,22.0,1
2022-04-06 12:34:46,0.0,5.1,19.1,1
2022-04-06 13:37:54,0.0,2.8,15.8,1
2022-04-06 16:41:34,0.0,6.6,16.9,1
2022-04-06 17:06:31,0.0,18.5,39.6,1
2022-04-06 18:05:47,0.0,8.0,18.4,3
2022-04-06 18:21:23,0.0,18.2,32.8,2
2022-04-06 20:59:59,0.0,20.6,36.4,3
2022-04-07 01:40:07,0.0,9.3,18.4,0
2022-04-07 08:29:54,0.0,9.4,20.2,1
2022-04-07 09:41:00,0.0,10.4,22.7,0
2022-04-07 13:04:13,0.0,4.3,17.6,0
2022-04-07 14:37:03,0.0,6.9,20.5,1
2022-04-07 16:06:14,0.0,2.9,11.2,1
2022-04-07 16:29:50,0.0,3.6,13.3,0
2022-04-07 17:23:56,0.0,10.8,21.6,0
2022-04-07 17:38:00,0.0,5.4,13.0,2
2022-04-07 17:44:07,0.0,4.9,12.2,1
2022-04-07 18:23:00,0.1,5.4,14.4,51
2022-04-07 21:48:26,0.0,4.8,10.8,1
2022-04-08 01:36:05,0.0,6.3,12.6,0
2022-04-08 11:42:36,0.0,9.1,21.6,2
2022-04-08 16:02:52,0.0,11.3,28.4,3
2022-04-08 18:23:44,0.0,5.4,9.4,3
2022-04-08 18:27:08,0.6,3.1,11.2,53
2022-04-08 18:34:31,0.5,3.8,12.6,53
2022-04-08 19:08:19,7.3,8.2,21.6,63
2022-04-08 19:27:58,5.4,7.6,20.2,63
2022-04-08 19:56:07,5.4,7.6,20.2,63
2022-04-08 20:06:20,6.9,12.4,21.6,63
2022-04-08 20:14:39,9.3,7.6,16.9,65
2022-04-08 20:33:03,9.3,7.6,16.9,65
2022-04-08 20:59:24,9.3,7.6,16.9,65
2022-04-08 22:06:32,1.8,3.7,10.8,61
2022-04-08 23:07:59,0.3,6.2,10.4,51
2022-04-09 03:10:23,0.0,4.5,13.3,0
2022-04-09 03:21:50,0.0,4.2,13.3,0
2022-04-09 08:14:47,0.0,7.0,15.8,0
2022-04-09 11:09:14,0.0,12.5,30.2,3
2022-04-09 11:52:57,0.0,11.8,28.4,3
2022-04-09 13:07:51,0.0,13.0,34.2,3
2022-04-10 02:17:09,0.0,4.0,7.9,3
2022-04-10 02:25:58,0.0,4.0,7.9,3
2022-04-10 02:39:19,0.0,4.0,7.9,3
2022-04-10 02:39:19,0.0,9.0,16.9,2
2022-04-10 08:29:10,0.0,3.8,11.9,0
2022-04-10 09:58:06,0.0,8.1,20.2,0
2022-04-10 14:04:42,0.0,7.4,19.8,0
2022-04-10 14:13:40,0.0,4.7,16.6,3
2022-04-10 15:12:21,0.0,9.7,21.6,1
2022-04-10 15:48:11,0.0,9.6,21.2,3
2022-04-10 15:54:05,0.0,8.1,23.8,3
2022-04-10 17:26:53,0.0,5.8,19.8,3
2022-04-11 07:44:41,0.0,13.9,22.3,1
2022-04-11 07:48:59,0.0,13.9,22.3,1
2022-04-11 08:42:03,0.0,11.9,25.6,2
2022-04-11 10:24:03,0.0,6.7,19.8,2
2022-04-11 12:34:37,0.0,8.6,23.0,3
2022-04-11 14:23:49,0.0,9.4,25.6,2
2022-04-11 17:04:58,0.0,5.2,19.4,3
2022-04-11 17:15:42,0.0,4.1,14.4,3
2022-04-11 19:07:24,0.0,7.4,11.2,3
2022-04-11 19:35:13,0.0,7.3,13.3,3
2022-04-12 06:13:24,0.0,3.8,5.4,3
2022-04-12 09:42:00,0.0,2.2,13.0,3
2022-04-12 10:00:06,0.0,10.2,24.5,3
2022-04-12 16:03:57,3.1,11.6,32.4,63
2022-04-12 17:00:54,2.6,9.2,32.4,63
2022-04-12 17:21:01,1.2,4.0,20.5,55
2022-04-12 17:28:52,3.6,14.8,28.1,63
2022-04-12 17:32:12,11.8,4.8,23.8,65
2022-04-12 18:35:02,0.7,5.0,22.7,53
2022-04-12 18:49:32,0.7,5.0,22.7,53
2022-04-12 18:57:54,0.4,4.1,12.6,51
2022-04-13 06:32:07,0.0,4.3,10.1,1
2022-04-13 06:54:42,0.0,5.3,9.7,2
2022-04-13 06:55:28,0.0,5.8,8.6,0
2022-04-13 07:32:13,0.0,3.2,5.8,0
2022-04-13 07:44:21,0.0,3.2,5.8,0
2022-04-13 07:53:33,0.0,5.1,8.3,0
2022-04-13 08:46:19,0.0,9.3,19.1,3
2022-04-13 10:21:58,0.0,1.8,9.0,3
2022-04-13 14:48:50,0.0,9.4,23.4,3
2022-04-13 15:53:47,0.3,24.6,45.7,51
2022-04-13 17:24:04,0.0,11.2,23.0,1
2022-04-13 17:32:43,0.0,11.2,23.0,1
2022-04-13 17:44:48,0.0,8.0,24.8,1
2022-04-13 20:48:20,0.0,4.3,7.6,3
2022-04-14 06:09:51,0.0,6.1,10.4,0
2022-04-14 07:57:49,0.0,5.0,7.6,3
2022-04-14 08:55:30,0.0,8.2,18.0,2
2022-04-14 09:29:15,0.0,6.0,24.5,1
2022-04-14 10:37:00,0.0,5.8,17.3,2
2022-04-14 13:58:33,0.1,11.5,28.1,51
2022-04-14 14:45:26,0.0,13.9,30.6,0
2022-04-14 18:05:59,0.0,21.3,36.0,2
2022-04-14 18:31:04,0.0,6.2,16.2,1
2022-04-14 19:29:35,0.0,6.7,11.2,1
2022-04-14 19:34:52,0.0,18.0,33.5,1
2022-04-14 20:01:24,0.0,17.9,30.2,2
2022-04-15 02:19:23,0.0,21.9,51.1,3
2022-04-15 11:52:32,0.0,15.1,35.6,0
2022-04-15 14:30:21,0.0,13.3,27.7,0
2022-04-15 16:22:34,0.0,17.6,37.1,1
2022-04-15 19:46:58,0.0,13.4,24.5,0
2022-04-15 22:18:46,0.0,16.9,32.0,0
2022-04-16 02:56:22,0.0,5.4,9.4,3
2022-04-16 03:07:45,0.0,10.2,21.6,0
2022-04-16 05:28:28,0.0,8.6,16.2,3
2022-04-16 05:36:47,0.0,8.6,16.2,3
2022-04-16 06:49:35,0.0,10.8,20.2,0
2022-04-16 07:41:25,0.0,7.3,12.2,2
2022-04-16 15:44:19,0.0,11.4,25.2,0
2022-04-16 17:33:55,0.0,17.1,31.7,0
2022-04-16 18:41:12,0.0,9.9,20.9,0
2022-04-16 18:56:55,0.0,15.7,30.2,0
2022-04-16 18:58:45,0.0,14.8,29.5,0
2022-04-16 19:51:22,0.0,19.9,34.2,0
2022-04-16 20:02:45,0.0,20.5,34.6,0
2022-04-16 23:21:15,0.0,12.9,25.2,0
2022-04-17 01:23:56,0.0,17.8,31.0,0
2022-04-17 12:58:32,0.0,9.7,27.0,0
2022-04-17 15:24:32,0.1,16.6,37.8,51
2022-04-17 17:53:08,0.0,21.7,39.2,1
2022-04-17 18:15:33,0.0,9.7,16.9,1
2022-04-17 20:32:46,0.0,16.3,32.8,0
2022-04-17 22:44:14,0.0,15.8,30.2,0
2022-04-18 05:23:30,0.0,11.0,20.9,0
2022-04-18 06:45:29,0.0,10.9,22.0,0
2022-04-18 07:06:20,0.0,9.2,14.0,0
2022-04-18 07:49:03,0.0,10.9,17.3,0
2022-04-18 08:33:34,0.0,16.8,31.7,0
2022-04-18 22:13:58,0.0,6.8,17.3,0
2022-04-19 05:54:47,0.0,5.1,10.8,0
2022-04-19 10:29:42,0.0,7.7,20.2,0
2022-04-19 12:27:01,0.0,1.5,18.0,1
2022-04-19 13:20:18,0.0,6.6,19.1,2
2022-04-19 15:40:49,0.0,4.7,19.1,1
2022-04-19 15:53:59,0.0,5.6,19.1,1
2022-04-19 17:25:54,0.0,4.5,15.8,2
2022-04-19 18:58:05,0.0,8.1,9.7,0
2022-04-19 19:55:40,0.0,13.1,26.6,1
2022-04-19 20:14:08,0.0,20.1,37.1,0
2022-04-19 20:32:49,0.0,5.1,10.4,2
2022-04-19 20:52:56,0.0,10.7,20.9,1
2022-04-19 23:27:22,0.0,8.4,19.8,3
2022-04-20 05:03:32,0.0,15.0,27.7,2
2022-04-20 05:51:26,0.0,13.6,25.9,0
2022-04-20 06:33:14,0.0,12.5,23.0,0
2022-04-20 06:49:45,0.0,10.3,18.0,2
2022-04-20 14:01:00,0.0,4.6,16.2,1
2022-04-20 16:19:29,0.0,1.4,9.7,3
2022-04-20 16:39:18,0.0,11.5,26.3,3
2022-04-20 17:51:46,0.0,17.6,35.3,1
2022-04-20 17:54:49,0.0,8.1,16.2,1
2022-04-20 18:31:35,0.0,17.2,35.6,0
2022-04-20 19:54:45,0.0,9.5,18.7,1
2022-04-20 21:01:08,0.0,8.4,19.1,0
2022-04-20 22:04:53,0.0,11.5,18.4,0
2022-04-20 23:45:20,0.0,12.3,25.2,0
2022-04-21 00:07:46,0.0,10.8,21.6,0
2022-04-21 08:36:05,0.0,5.2,15.5,0
2022-04-21 12:01:00,0.0,6.4,19.4,2
2022-04-21 12:17:55,0.0,3.7,16.9,0
2022-04-21 16:17:39,0.0,11.9,31.0,0
2022-04-21 18:57:40,0.0,8.1,11.5,0
2022-04-21 20:27:44,0.0,7.0,13.3,0
2022-04-22 01:40:09,0.0,6.2,10.8,0
2022-04-22 05:11:32,0.0,1.5,6.1,3
2022-04-22 11:36:26,0.0,6.2,18.4,0
2022-04-22 12:36:16,0.0,13.0,29.9,2
2022-04-22 15:02:00,0.0,14.0,31.7,3
2022-04-22 16:21:27,0.0,13.5,33.8,0
2022-04-22 16:39:45,0.0,11.8,28.4,0
2022-04-22 17:08:58,0.0,8.4,25.2,0
2022-04-22 18:34:28,0.0,7.3,21.2,0
2022-04-22 18:38:17,0.0,5.5,8.3,0
2022-04-22 18:46:38,0.0,8.9,20.2,0
2022-04-22 19:27:14,0.0,7.4,16.6,0
2022-04-22 19:43:18,0.0,7.4,16.6,0
2022-04-22 20:40:00,0.0,6.1,11.5,2
2022-04-22 22:20:04,0.0,8.5,14.0,2
2022-04-22 23:01:00,0.0,8.7,11.2,0
2022-04-22 23:56:53,0.0,7.5,14.4,0
2022-04-23 01:03:13,0.0,12.2,25.9,2
2022-04-23 04:13:22,0.0,15.6,25.9,0
2022-04-23 11:25:34,0.0,29.5,56.2,2
2022-04-23 11:26:03,0.0,17.6,39.6,0
2022-04-23 13:56:35,0.0,18.4,40.0,0
2022-04-23 17:37:00,0.0,12.5,34.6,1
2022-04-23 18:14:04,0.0,8.2,28.1,3
2022-04-23 18:17:16,0.0,13.0,39.6,3
2022-04-24 03:50:12,0.0,7.6,10.1,0
2022-04-24 04:33:14,0.0,7.6,13.0,0
2022-04-24 13:21:00,0.0,8.4,23.0,1
2022-04-24 14:49:00,0.0,4.6,17.6,3
2022-04-24 16:32:22,0.0,9.0,19.8,0
2022-04-24 17:41:12,0.0,7.3,16.6,2
2022-04-24 17:58:36,0.0,3.3,13.3,0
2022-04-24 18:34:19,0.0,6.8,16.2,0
2022-04-24 19:06:08,0.0,14.3,29.5,0
2022-04-24 19:24:43,0.0,19.7,34.9,0
2022-04-24 21:04:49,0.0,18.4,29.2,0
2022-04-24 21:31:53,0.0,19.6,32.8,0
2022-04-24 22:23:47,0.0,15.8,31.3,3
2022-04-25 00:04:00,0.0,11.9,23.0,0
2022-04-25 00:43:00,0.0,10.9,19.4,1
2022-04-25 04:48:44,0.0,11.0,24.1,3
2022-04-25 08:50:49,0.0,3.2,12.6,0
2022-04-25 12:28:23,0.0,10.9,31.7,1
2022-04-25 13:50:14,0.0,7.8,25.9,0
2022-04-25 16:47:02,0.0,1.8,11.5,2
2022-04-25 17:20:11,0.0,11.3,21.6,2
2022-04-25 18:28:50,0.0,9.0,15.8,0
2022-04-25 19:33:39,0.0,12.1,32.0,0
2022-04-25 19:49:32,0.0,10.8,18.4,0
2022-04-26 06:44:17,0.0,8.0,10.1,0
2022-04-26 07:30:00,0.0,8.2,14.4,0
2022-04-26 09:05:19,0.0,5.4,14.0,0
2022-04-26 10:05:19,0.0,10.7,26.6,0
2022-04-26 13:09:50,0.0,3.8,14.8,0
2022-04-26 13:40:12,0.0,1.3,14.4,1
2022-04-26 15:05:51,0.0,3.1,14.4,0
2022-04-26 16:02:56,0.0,6.7,18.4,1
2022-04-26 17:17:37,0.0,6.7,14.0,0
2022-04-26 18:03:00,0.0,12.3,19.4,0
2022-04-26 18:32:45,0.0,11.6,18.4,0
2022-04-26 19:05:17,0.0,7.3,16.6,0
2022-04-26 19:41:18,0.0,1.8,2.5,0
2022-04-27 07:49:53,0.0,8.2,13.0,0
2022-04-27 07:55:21,0.0,5.1,11.2,0
2022-04-27 15:56:37,0.0,11.9,28.8,0
2022-04-27 18:33:41,0.0,11.6,19.1,0
2022-04-27 19:24:59,0.0,6.5,10.8,0
2022-04-28 00:35:55,0.0,7.0,14.0,0
2022-04-28 02:51:48,0.0,9.8,17.3,0
2022-04-28 04:32:47,0.0,6.7,14.4,0
2022-04-28 06:15:43,0.0,5.8,15.1,0
2022-04-28 07:15:22,0.0,6.0,10.8,0
2022-04-28 10:06:47,0.0,7.8,21.2,0
2022-04-28 13:23:30,0.0,15.2,33.5,0
2022-04-28 14:55:03,0.0,13.8,32.4,2
2022-04-28 15:14:39,0.0,7.1,19.8,0
2022-04-28 15:27:07,0.0,6.4,20.5,0
2022-04-28 17:04:26,0.0,9.5,26.3,0
2022-04-28 17:36:53,0.0,6.6,20.5,0
2022-04-28 18:03:45,0.0,8.8,17.6,1
2022-04-29 00:45:18,0.0,8.6,16.9,0
2022-04-29 02:00:03,0.0,5.2,9.0,0
2022-04-29 03:24:03,0.0,6.2,9.4,0
2022-04-29 07:05:53,0.0,10.0,14.8,0
2022-04-29 07:40:16,0.0,10.0,14.8,0
2022-04-29 08:05:09,0.0,15.8,31.0,1
2022-04-29 08:22:00,0.0,13.5,24.8,0
2022-04-29 08:27:16,0.0,12.9,23.8,0
2022-04-29 12:37:32,0.0,9.4,25.6,0
2022-04-29 13:00:01,0.9,15.4,31.3,53
2022-04-29 15:01:09,0.0,18.2,36.4,3
2022-04-29 15:01:10,0.1,21.3,35.6,51
2022-04-29 17:54:47,0.0,18.7,35.3,3
2022-04-29 18:14:57,0.0,21.3,43.9,1
2022-04-29 18:18:14,0.0,8.7,13.7,0
2022-04-29 19:04:24,0.0,18.8,34.2,3
2022-04-29 19:29:08,0.2,15.1,30.6,51
2022-04-29 20:32:06,0.0,15.5,27.4,3
2022-04-29 20:53:27,0.7,14.2,29.5,53
2022-04-29 21:14:00,0.0,13.2,27.7,3
2022-04-29 23:31:01,0.0,15.1,28.8,0
2022-04-30 02:22:26,0.0,15.0,29.5,3
2022-04-30 07:10:51,0.1,15.3,29.2,51
2022-04-30 08:16:39,0.0,20.0,32.4,3
2022-04-30 09:37:57,0.0,21.3,42.1,3
2022-04-30 10:16:17,0.0,11.0,30.2,3
2022-04-30 10:35:27,0.0,14.8,31.3,3
2022-04-30 11:43:47,0.0,10.4,28.1,0
2022-04-30 14:38:01,0.0,7.5,18.7,3
2022-04-30 14:44:50,0.1,12.9,31.0,51
2022-04-30 15:14:00,0.0,1.8,11.2,1
2022-04-30 17:48:07,0.0,2.3,9.7,2
2022-04-30 19:58:45,0.0,7.1,14.0,3
2022-04-30 20:44:23,0.0,8.7,19.1,3
2022-04-30 21:56:44,0.0,6.5,18.7,3
2022-05-01 02:57:08,0.0,10.7,19.4,1
2022-05-01 04:01:57,0.0,5.6,9.4,1
2022-05-01 06:29:58,0.0,8.3,15.1,3
2022-05-01 07:26:33,0.0,9.4,14.0,0
2022-05-01 10:44:38,0.0,13.5,29.2,0
2022-05-01 17:41:08,0.0,3.4,14.4,2
2022-05-01 20:16:47,0.0,2.9,10.4,2
2022-05-01 22:39:49,0.0,9.4,16.2,1
2022-05-02 00:22:17,0.0,9.0,19.4,0
2022-05-02 06:14:40,0.0,5.4,8.3,0
2022-05-02 06:25:18,0.0,6.5,9.4,0
2022-05-02 06:26:32,0.0,10.5,20.5,0
2022-05-02 06:45:06,0.0,5.4,7.2,0
2022-05-02 08:08:24,0.0,4.6,14.0,1
2022-05-02 08:52:35,0.0,3.9,14.4,1
2022-05-02 09:28:14,0.0,6.2,13.3,0
2022-05-02 14:05:56,0.0,10.3,23.8,1
2022-05-02 17:45:20,0.0,6.9,20.9,1
2022-05-02 18:03:15,0.0,7.1,13.3,1
2022-05-02 18:04:06,0.0,6.9,9.7,1
2022-05-02 18:17:51,0.0,6.9,15.1,1
2022-05-02 20:02:14,0.0,5.3,9.7,1
2022-05-02 20:26:23,0.0,6.8,9.7,1
2022-05-02 21:30:00,0.0,10.5,10.1,3
2022-05-02 22:34:29,0.0,8.4,10.4,3
2022-05-03 09:08:25,0.0,11.4,22.7,1
2022-05-03 09:25:16,0.0,11.1,27.7,1
2022-05-03 10:02:42,0.0,8.7,19.8,0
2022-05-03 10:17:00,0.0,12.0,27.4,0
2022-05-03 12:43:33,0.0,19.9,44.6,0
2022-05-03 13:21:00,0.0,14.1,31.0,0
2022-05-03 13:26:21,0.0,22.0,45.7,1
2022-05-03 17:05:40,0.0,10.2,28.4,0
2022-05-03 17:28:39,0.0,10.2,28.4,0
2022-05-03 19:25:52,0.0,5.6,9.4,2
2022-05-04 02:01:28,0.0,7.5,14.8,0
2022-05-04 02:12:45,0.0,7.7,17.6,1
2022-05-04 04:29:28,0.0,4.3,16.9,1
2022-05-04 06:45:52,0.0,10.0,16.6,3
2022-05-04 06:51:31,0.0,8.0,13.0,3
2022-05-04 07:09:03,0.0,7.0,11.5,3
2022-05-04 07:11:39,0.0,10.9,19.1,3
2022-05-04 07:22:23,0.0,9.4,14.8,3
2022-05-04 07:42:27,0.1,9.0,18.7,51
2022-05-04 07:53:14,0.0,12.5,22.3,3
2022-05-04 07:55:48,0.0,13.2,24.5,3
2022-05-04 07:57:24,0.1,10.6,18.4,51
2022-05-04 08:25:01,0.4,13.6,30.6,51
2022-05-04 08:40:29,0.0,7.5,16.6,3
2022-05-04 08:47:43,0.0,8.7,18.4,3
2022-05-04 08:55:14,0.3,11.0,21.6,51
2022-05-04 09:14:26,0.4,18.2,27.7,51
2022-05-04 10:30:43,1.2,15.1,30.2,55
2022-05-04 11:34:38,0.8,18.4,33.8,53
2022-05-04 12:08:08,0.0,15.7,32.8,3
2022-05-04 12:12:26,0.5,14.8,40.7,53
2022-05-04 12:35:58,0.0,15.7,32.8,3
2022-05-04 12:57:52,0.4,18.5,35.6,51
2022-05-04 13:56:17,0.4,20.7,40.3,51
2022-05-04 14:09:36,0.0,25.7,47.9,3
2022-05-04 14:19:44,1.3,18.7,52.9,61
2022-05-04 14:51:00,0.0,17.1,35.6,2
2022-05-04 18:35:40,0.0,14.9,32.4,1
2022-05-04 22:32:44,0.0,8.7,18.0,0
2022-05-05 05:33:29,0.0,9.0,20.5,0
2022-05-05 07:06:30,0.0,8.0,12.6,3
2022-05-05 17:55:15,0.0,10.2,20.5,0
2022-05-05 19:35:49,0.0,6.8,12.6,3
2022-05-06 01:50:42,0.0,7.1,13.0,0
2022-05-06 03:33:39,0.0,9.3,19.8,0
2022-05-06 06:04:44,0.0,6.2,9.7,3
2022-05-06 06:49:36,0.0,14.3,23.8,0
2022-05-06 06:49:49,0.0,14.3,23.8,0
2022-05-06 07:05:57,0.0,10.6,16.2,0
2022-05-06 07:18:15,0.0,15.3,25.6,0
2022-05-06 07:39:29,0.0,15.3,25.6,0
2022-05-06 08:11:19,0.0,12.5,23.8,0
2022-05-06 08:29:27,0.0,11.9,25.2,0
2022-05-06 17:20:18,0.0,20.4,37.4,0
2022-05-06 17:40:47,0.0,17.1,39.6,0
2022-05-06 17:49:10,0.0,1.1,6.5,0
2022-05-06 17:55:04,0.0,20.4,37.4,0
2022-05-06 18:49:16,0.0,20.4,37.8,0
2022-05-06 19:17:03,0.0,20.9,35.3,0
2022-05-06 20:17:03,0.0,17.4,30.6,0
2022-05-06 23:49:11,0.0,23.7,42.8,0
2022-05-07 00:34:09,0.0,16.5,33.1,3
2022-05-07 01:06:36,0.0,22.6,40.7,0
2022-05-07 01:23:21,0.0,16.3,29.2,0
2022-05-07 03:50:05,0.0,20.9,36.0,0
2022-05-07 04:00:00,0.0,12.7,23.8,0
2022-05-07 05:19:13,0.0,16.4,29.9,0
2022-05-07 07:10:07,0.0,16.2,28.8,1
2022-05-07 07:32:00,0.0,12.0,21.6,0
2022-05-07 09:28:01,0.0,12.0,27.0,0
2022-05-07 09:45:25,0.0,8.2,23.4,0
2022-05-07 13:17:00,0.0,9.5,25.2,1
2022-05-07 14:41:30,0.0,15.0,35.3,2
2022-05-07 18:59:00,0.0,6.5,11.2,0
2022-05-07 19:37:11,0.0,25.5,43.9,0
2022-05-08 01:20:09,0.0,17.6,33.8,2
2022-05-08 03:44:11,0.0,11.8,22.3,2
2022-05-08 04:21:29,0.0,11.2,23.4,3
2022-05-08 06:42:58,0.0,22.1,41.4,3
2022-05-08 09:30:00,0.0,13.7,27.0,0
2022-05-08 11:05:33,0.0,3.2,15.1,2
2022-05-08 15:44:11,0.0,7.5,20.2,0
2022-05-08 18:45:19,0.0,5.9,9.7,0
2022-05-08 21:20:24,0.0,10.8,19.8,0
2022-05-09 00:07:28,0.0,9.1,21.6,3
2022-05-09 02:12:33,0.0,20.5,37.1,0
2022-05-09 03:40:41,0.0,11.0,22.3,3
2022-05-09 07:16:04,0.0,10.4,16.9,0
2022-05-09 09:42:16,0.0,11.2,27.4,0
2022-05-09 09:55:37,0.0,11.9,26.3,2
2022-05-09 15:37:30,0.0,10.8,25.6,0
2022-05-09 15:41:48,0.0,7.5,18.4,1
2022-05-09 16:37:06,0.0,10.5,23.8,0
2022-05-09 17:33:53,0.0,9.2,28.1,1
2022-05-09 17:45:25,0.0,9.9,25.6,2
2022-05-09 18:55:59,0.0,8.0,16.2,1
2022-05-09 22:20:22,0.0,13.8,26.3,0
2022-05-10 07:31:22,0.0,10.7,16.6,0
2022-05-10 08:11:57,0.0,12.1,27.7,0
2022-05-10 12:04:48,0.0,1.8,17.6,0
2022-05-10 14:16:53,0.0,3.1,18.0,0
2022-05-10 19:15:33,0.0,8.2,10.1,3
2022-05-11 07:31:11,0.0,6.2,10.4,2
2022-05-11 07:47:07,0.0,6.5,12.2,2
2022-05-11 11:12:01,0.6,6.6,18.4,53
2022-05-11 16:49:02,0.4,19.1,38.9,51
2022-05-11 17:54:35,0.0,12.5,30.2,3
2022-05-11 18:35:07,0.0,8.9,21.2,2
2022-05-11 19:38:06,0.0,14.0,25.9,1
2022-05-11 20:20:21,3.0,8.3,20.2,63
2022-05-11 20:43:29,0.0,2.3,6.1,3
2022-05-11 20:43:50,0.0,5.6,10.4,2
2022-05-11 21:17:31,0.0,9.5,16.9,3
2022-05-11 21:23:39,0.7,8.9,19.1,53
2022-05-11 21:58:49,0.8,0.8,15.1,53
2022-05-11 23:39:44,0.0,5.9,11.2,3
2022-05-12 01:27:28,0.2,6.6,13.7,51
2022-05-12 04:53:32,0.0,4.5,6.5,3
2022-05-12 06:58:51,0.0,2.1,4.3,3
2022-05-12 08:25:31,0.0,5.8,13.0,3
2022-05-12 10:54:00,0.2,4.7,15.8,51
2022-05-12 15:18:47,0.0,8.4,21.2,1
2022-05-12 15:54:02,0.0,3.4,13.7,1
2022-05-12 18:50:41,0.0,18.3,38.5,3
2022-05-13 06:59:06,0.0,6.4,15.5,0
2022-05-13 09:46:20,0.0,8.7,20.9,0
2022-05-13 12:31:38,0.0,5.3,18.7,0
2022-05-13 16:47:26,0.0,2.3,12.6,0
2022-05-13 16:55:22,0.0,5.1,17.3,0
2022-05-13 17:37:00,0.0,4.6,13.0,0
2022-05-13 17:44:40,0.0,6.0,14.0,0
2022-05-13 18:15:19,0.0,11.3,15.8,0
2022-05-13 23:35:44,0.0,12.7,28.1,3
2022-05-13 23:37:33,0.0,15.6,29.9,3
2022-05-14 01:18:42,0.0,16.2,32.4,3
2022-05-14 01:41:41,0.0,20.1,36.0,3
2022-05-14 02:34:50,0.0,15.9,32.0,3
2022-05-14 03:35:15,0.0,10.5,20.5,0
2022-05-14 05:16:16,0.0,6.7,14.8,3
2022-05-14 06:22:00,0.0,11.6,21.2,0
2022-05-14 15:14:35,0.0,4.3,13.7,1
2022-05-14 15:17:08,0.0,3.4,12.2,2
2022-05-14 17:55:04,0.0,4.4,20.2,1
2022-05-14 23:01:00,0.0,6.6,13.0,3
2022-05-15 01:23:12,0.0,2.8,3.2,3
2022-05-15 02:48:15,0.0,5.9,9.4,3
2022-05-15 03:04:13,0.0,3.6,5.8,3
2022-05-15 05:22:59,0.0,3.3,9.0,3
2022-05-15 06:15:05,0.1,4.1,6.8,51
2022-05-15 06:16:04,0.9,11.5,19.1,53
2022-05-15 06:41:45,0.5,5.2,12.6,53
2022-05-15 06:54:34,1.2,7.2,19.4,55
2022-05-15 06:56:51,1.0,5.4,10.1,55
2022-05-15 07:12:53,0.7,13.4,22.7,53
2022-05-15 07:27:59,0.4,14.4,23.4,51
2022-05-15 07:42:41,0.5,13.8,23.0,53
2022-05-15 08:18:49,0.0,15.0,25.9,1
2022-05-15 08:45:32,0.0,15.6,29.5,1
2022-05-15 13:36:17,0.0,18.7,37.8,3
2022-05-15 14:12:45,0.2,13.2,30.2,51
2022-05-15 14:31:24,0.3,17.6,37.4,51
2022-05-15 17:06:45,0.3,14.7,32.0,51
2022-05-15 17:25:00,0.8,9.1,33.5,53
2022-05-15 18:28:40,0.2,9.2,25.6,51
2022-05-15 19:55:55,0.0,5.7,16.6,2
2022-05-15 21:55:43,0.1,7.6,9.0,51
2022-05-15 23:51:58,0.7,8.5,20.2,53
2022-05-16 00:36:15,0.0,8.9,16.2,1
2022-05-16 02:56:00,0.3,6.9,12.6,51
2022-05-16 03:44:58,0.1,5.1,21.6,51
2022-05-16 06:47:31,0.0,4.1,14.8,1
2022-05-16 09:39:00,0.1,6.8,17.3,51
2022-05-16 11:40:02,0.0,7.0,25.2,1
2022-05-16 14:44:11,0.1,13.0,27.7,51
2022-05-16 15:08:10,0.0,16.1,36.0,0
2022-05-16 15:25:21,0.1,15.9,35.3,51
2022-05-16 15:39:20,0.1,17.9,40.3,51
2022-05-16 18:47:22,0.0,5.4,21.6,1
2022-05-16 18:58:56,0.0,6.2,14.4,1
2022-05-17 02:47:43,0.0,8.2,20.9,2
2022-05-17 04:11:52,0.0,10.3,18.7,2
2022-05-17 04:27:56,0.0,12.3,22.0,1
2022-05-17 08:37:24,0.0,12.0,24.8,0
2022-05-17 09:26:32,0.0,15.6,31.7,0
2022-05-17 15:13:12,0.0,17.4,37.8,0
2022-05-17 16:07:22,0.0,16.7,34.2,0
2022-05-17 16:16:00,0.0,16.1,34.9,0
2022-05-17 17:04:59,0.0,17.9,36.4,0
2022-05-17 17:34:19,0.0,13.0,32.8,0
2022-05-17 18:00:19,0.0,14.5,29.9,0
2022-05-17 18:42:56,0.0,18.1,37.1,0
2022-05-17 18:53:54,0.0,20.1,40.3,0
2022-05-17 19:48:00,0.0,10.2,18.4,0
2022-05-18 00:02:56,0.0,25.5,49.0,0
2022-05-18 01:57:21,0.0,24.8,49.0,0
2022-05-18 06:35:50,0.0,30.1,49.0,0
2022-05-18 06:38:12,0.0,17.7,29.9,0
2022-05-18 06:56:43,0.0,18.9,31.3,0
2022-05-18 07:59:29,0.0,17.9,32.0,0
2022-05-18 08:09:03,0.0,21.5,37.4,0
2022-05-18 13:48:17,0.0,29.2,52.2,3
2022-05-18 17:43:43,0.0,18.0,42.5,0
2022-05-19 06:02:48,0.0,12.8,26.6,3
2022-05-19 07:56:12,0.0,5.1,10.1,0
2022-05-19 10:15:57,0.0,15.5,34.6,2
2022-05-19 13:36:25,0.0,15.5,31.3,3
2022-05-19 17:22:00,0.0,5.0,17.6,2
2022-05-19 17:23:38,0.0,7.6,16.9,1
2022-05-19 18:17:47,0.0,5.6,10.8,0
2022-05-19 18:51:27,0.0,7.8,12.2,1
2022-05-19 18:55:08,0.0,6.2,11.2,0
2022-05-19 19:30:14,0.0,7.0,11.2,1
2022-05-19 21:18:05,0.0,3.6,9.0,0
2022-05-20 01:38:51,0.0,4.2,7.2,0
2022-05-20 13:01:51,0.0,2.8,15.8,0
2022-05-20 15:44:58,0.0,4.2,16.6,0
2022-05-20 17:21:54,0.0,5.4,13.3,0
2022-05-20 17:23:02,0.0,5.2,11.5,0
2022-05-20 17:31:24,0.0,5.3,13.0,0
2022-05-20 18:40:12,0.0,6.2,9.0,0
2022-05-20 19:32:57,0.0,7.8,13.0,0
2022-05-20 20:01:50,0.0,2.0,2.5,0
2022-05-21 00:06:38,0.0,6.0,6.8,0
2022-05-21 01:24:30,0.0,5.9,9.0,0
2022-05-21 01:46:53,0.0,9.7,17.3,0
2022-05-21 02:20:33,0.0,6.6,10.4,0
2022-05-21 03:53:11,0.0,7.4,9.4,0
2022-05-21 03:56:47,0.0,5.8,7.9,0
2022-05-21 03:58:38,0.0,9.1,15.8,0
2022-05-21 04:53:30,0.0,5.4,9.4,3
2022-05-21 05:17:33,0.0,3.3,8.3,3
2022-05-21 05:27:24,0.0,3.7,8.3,3
2022-05-21 06:28:16,0.0,7.3,14.4,0
2022-05-21 06:51:02,0.0,13.0,21.6,1
2022-05-21 08:06:38,0.0,5.8,13.7,0
2022-05-21 08:28:51,0.0,7.9,16.9,0
2022-05-21 08:48:57,0.0,5.4,12.6,0
2022-05-21 12:40:43,0.0,9.8,25.2,0
2022-05-21 18:32:04,0.0,7.9,11.5,1
2022-05-21 19:40:52,0.0,8.2,10.8,0
2022-05-21 22:27:42,0.0,6.5,14.0,0
2022-05-22 06:17:24,0.0,5.6,13.0,3
2022-05-22 06:51:55,0.0,11.2,20.2,0
2022-05-22 06:52:16,0.0,8.8,17.3,0
2022-05-22 13:42:44,0.0,5.1,19.1,0
2022-05-22 14:54:46,0.0,9.9,24.5,0
2022-05-22 19:06:02,0.0,2.1,6.8,0
2022-05-22 19:52:36,0.0,11.2,14.4,0
2022-05-23 00:37:32,0.0,9.3,16.2,0
2022-05-23 00:45:53,0.0,6.9,12.6,0
2022-05-23 03:26:06,0.0,8.0,10.1,0
2022-05-23 10:43:55,0.0,8.7,20.5,2
2022-05-23 13:28:17,0.0,12.9,29.2,3
2022-05-23 15:11:00,0.0,9.1,21.6,2
2022-05-23 16:30:58,0.0,6.4,18.7,1
2022-05-23 18:58:00,0.0,10.9,12.6,0
2022-05-23 19:22:08,0.0,6.1,6.8,0
2022-05-24 04:26:29,0.0,8.3,11.5,0
2022-05-24 05:03:05,0.0,11.3,13.7,0
2022-05-24 06:54:37,0.0,7.8,10.4,0
2022-05-24 09:34:35,0.0,8.5,22.0,0
2022-05-24 14:30:38,0.0,1.8,11.9,0
2022-05-24 14:55:16,0.0,6.9,21.2,0
2022-05-24 15:57:42,0.0,6.5,18.7,0
2022-05-24 18:11:23,0.0,7.9,11.9,0
2022-05-24 18:19:12,0.0,7.8,11.5,0
2022-05-24 18:20:15,0.0,7.9,11.9,0
2022-05-25 08:02:34,0.0,4.0,10.8,0
2022-05-25 08:47:33,0.0,10.9,19.8,0
2022-05-25 08:51:58,0.0,11.6,18.7,0
2022-05-25 09:01:56,0.0,5.6,13.3,0
2022-05-25 10:45:47,0.0,9.4,23.8,0
2022-05-25 11:45:41,0.0,16.6,35.3,0
2022-05-25 11:57:00,0.0,16.8,40.7,0
2022-05-25 14:21:29,0.0,11.3,28.8,0
2022-05-25 14:26:28,0.0,11.1,29.9,0
2022-05-25 18:11:36,0.0,8.9,13.0,0
2022-05-26 01:27:18,0.0,9.4,16.2,0
2022-05-26 03:29:19,0.0,10.8,20.2,0
2022-05-26 06:47:50,0.0,9.0,19.8,3
2022-05-26 07:08:26,0.0,9.4,20.2,1
2022-05-26 12:10:54,0.0,11.2,27.7,1
2022-05-26 12:45:44,0.0,12.4,28.4,3
2022-05-26 14:12:18,0.0,10.1,28.1,0
2022-05-26 14:22:20,0.0,9.3,25.9,1
2022-05-26 14:27:44,0.0,8.8,23.4,3
2022-05-26 15:16:57,0.0,7.5,20.9,3
2022-05-26 21:47:13,0.0,2.3,9.7,3
2022-05-26 22:08:13,0.0,5.3,8.3,3
2022-05-26 22:45:37,0.0,6.2,15.1,2
2022-05-27 00:04:03,0.0,7.1,13.7,1
2022-05-27 00:41:39,0.0,5.2,6.5,2
2022-05-27 01:06:00,0.0,6.9,13.7,0
2022-05-27 01:36:39,0.0,6.1,10.1,1
2022-05-27 05:28:00,0.0,17.2,30.6,3
2022-05-27 06:29:41,0.0,10.5,18.7,3
2022-05-27 07:43:58,0.0,8.4,13.3,3
2022-05-27 11:45:05,0.0,14.6,29.2,3
2022-05-27 13:19:00,0.0,7.2,24.8,1
2022-05-27 13:32:22,0.0,15.7,38.2,3
2022-05-27 14:06:38,0.0,14.6,33.5,2
2022-05-27 17:12:00,0.0,5.4,21.2,2
2022-05-27 17:51:52,0.0,8.2,26.6,3
2022-05-27 18:11:56,0.0,7.3,14.0,2
2022-05-27 18:17:30,0.0,10.0,13.3,1
2022-05-27 18:26:02,0.0,7.8,10.8,3
2022-05-27 18:41:43,0.0,7.3,14.0,2
2022-05-27 20:58:58,0.0,8.1,13.7,3
2022-05-27 21:15:39,0.0,8.7,14.8,3
2022-05-27 22:20:28,0.0,7.7,12.2,3
2022-05-27 22:31:17,0.0,6.6,11.2,3
2022-05-28 01:02:39,0.0,9.9,13.3,3
2022-05-28 03:09:52,0.0,10.7,14.0,3
2022-05-28 03:19:00,0.0,8.4,15.8,3
2022-05-28 05:38:42,0.0,11.0,19.1,3
2022-05-28 05:51:13,0.0,7.6,10.8,3
2022-05-28 06:55:11,0.0,10.6,18.7,3
2022-05-28 07:49:12,0.0,9.4,17.6,2
2022-05-28 08:01:22,0.0,5.8,9.4,3
2022-05-28 13:01:31,0.0,13.1,29.5,0
2022-05-28 14:20:01,0.0,13.5,31.7,0
2022-05-28 16:50:35,0.0,2.7,10.1,0
2022-05-28 18:37:40,0.0,9.9,12.2,0
2022-05-29 04:35:09,0.0,8.4,16.6,0
2022-05-29 07:13:04,0.0,9.7,16.9,0
2022-05-29 07:59:01,0.0,9.7,16.9,0
2022-05-29 10:23:27,0.0,17.5,36.7,0
2022-05-29 13:14:43,0.0,22.4,49.0,0
2022-05-29 15:11:08,0.0,13.4,31.0,0
2022-05-29 16:47:00,0.0,7.8,21.6,0
2022-05-29 16:54:00,0.0,6.8,20.5,0
2022-05-29 17:37:54,0.0,11.6,33.8,0
2022-05-29 23:03:43,0.0,13.3,27.7,3
2022-05-29 23:19:21,0.0,8.1,11.2,3
2022-05-30 00:17:00,0.0,10.8,13.3,3
2022-05-30 02:19:31,0.0,7.7,18.0,3
2022-05-30 07:07:03,0.0,12.6,27.4,3
2022-05-30 08:00:56,0.0,9.8,19.1,3
2022-05-30 08:01:07,0.0,10.2,16.2,3
2022-05-30 08:10:52,0.0,11.6,22.7,3
2022-05-30 12:10:54,0.0,14.7,31.7,3
2022-05-30 13:00:39,0.0,14.8,29.5,3
2022-05-30 13:03:27,0.0,16.0,33.8,3
2022-05-30 17:43:34,0.0,10.8,31.0,3
2022-05-30 18:55:31,0.0,9.8,15.8,3
2022-05-30 21:27:35,0.0,13.0,23.4,3
2022-05-30 21:48:00,0.0,13.0,23.4,3
2022-05-30 21:57:54,0.0,10.9,23.0,3
2022-05-30 22:25:28,0.3,4.9,20.2,51
2022-05-31 02:57:03,0.1,16.2,38.9,51
2022-05-31 05:32:40,3.1,14.6,24.8,63
2022-05-31 05:50:43,0.0,3.9,5.0,3
2022-05-31 06:50:07,0.3,10.1,24.5,51
2022-05-31 07:16:58,0.1,12.0,22.3,51
2022-05-31 13:38:47,0.0,7.0,18.7,3
2022-05-31 13:56:40,0.0,4.7,22.0,3
2022-05-31 15:18:09,0.0,15.0,28.1,3
2022-05-31 19:38:51,0.0,17.7,28.4,3
2022-05-31 20:38:22,0.0,19.9,34.6,3
2022-05-31 21:48:59,0.0,15.8,33.5,3
2022-06-01 06:40:24,0.0,6.9,13.0,3
2022-06-01 06:51:57,0.0,4.7,7.2,3
2022-06-01 07:05:44,0.0,10.5,19.8,3
2022-06-01 07:07:26,0.2,6.4,11.5,51
2022-06-01 07:18:38,0.2,6.4,11.5,51
2022-06-01 07:25:21,0.2,6.4,11.5,51
2022-06-01 07:42:23,0.0,9.2,18.0,3
2022-06-01 07:47:52,0.0,4.0,5.4,3
2022-06-01 07:49:43,0.0,3.9,7.2,3
2022-06-01 08:17:00,0.1,10.0,19.4,51
2022-06-01 08:27:10,0.1,10.0,19.4,51
2022-06-01 09:53:08,0.0,8.2,12.6,3
2022-06-01 11:27:40,0.1,5.9,19.8,51
2022-06-01 12:33:51,0.0,2.6,18.7,3
2022-06-01 13:13:04,0.0,5.1,23.0,3
2022-06-01 15:02:50,0.0,7.2,17.6,3
2022-06-01 15:13:00,0.0,6.6,15.8,3
2022-06-01 19:35:18,0.0,3.4,5.0,3
2022-06-02 05:35:29,0.0,8.7,14.0,3
2022-06-02 10:17:07,0.0,9.0,21.2,3
2022-06-02 11:51:13,0.0,9.7,23.4,2
2022-06-02 11:52:03,0.0,6.3,18.4,3
2022-06-02 12:27:19,0.0,9.9,23.8,2
2022-06-02 15:30:02,0.0,17.2,32.4,2
2022-06-02 16:20:58,0.3,9.7,25.9,51
2022-06-02 17:18:16,0.0,7.1,26.3,3
2022-06-02 18:09:14,0.0,9.3,19.4,0
2022-06-02 19:42:15,0.0,7.8,12.6,0
2022-06-02 20:15:16,0.0,4.3,9.0,3
2022-06-02 20:22:16,0.0,7.6,15.8,2
2022-06-02 20:50:09,0.0,8.4,13.0,0
2022-06-02 21:33:00,0.0,4.1,7.9,0
2022-06-03 05:30:31,0.0,5.1,9.4,3
2022-06-03 07:36:46,0.0,11.6,19.8,3
2022-06-03 07:39:55,0.0,12.7,26.3,3
2022-06-03 09:17:32,0.0,13.0,26.6,3
2022-06-03 12:03:38,0.0,14.1,31.0,3
2022-06-03 14:47:01,0.0,13.5,28.1,3
2022-06-03 15:31:14,0.0,11.3,25.9,3
2022-06-03 15:54:32,0.0,13.7,28.4,3
2022-06-03 19:27:10,0.0,15.3,29.9,3
2022-06-04 02:08:55,0.0,11.3,23.4,3
2022-06-04 04:15:06,0.0,17.4,28.8,3
2022-06-04 04:17:40,0.1,14.6,28.8,51
2022-06-04 04:38:17,0.0,15.5,25.6,3
2022-06-04 05:38:04,0.0,16.4,28.8,1
2022-06-04 06:23:53,0.0,17.4,30.2,0
2022-06-04 06:24:37,0.0,14.8,32.4,2
2022-06-04 07:38:46,0.0,9.1,15.5,0
2022-06-04 10:18:38,0.0,10.7,28.1,0
2022-06-04 12:31:57,0.0,16.1,38.5,1
2022-06-04 15:05:12,0.0,6.0,19.1,3
2022-06-04 17:22:57,0.0,4.6,14.0,0
2022-06-04 19:21:00,0.0,12.4,25.2,1
2022-06-04 21:51:18,0.0,11.5,19.8,0
2022-06-04 22:01:11,0.0,16.8,32.0,0
2022-06-04 22:32:32,0.0,12.6,27.4,3
2022-06-04 23:29:17,0.0,9.6,18.4,1
2022-06-05 01:55:06,0.0,22.7,39.6,3
2022-06-05 02:14:06,0.0,12.0,22.0,3
2022-06-05 04:24:55,0.0,8.8,18.4,2
2022-06-05 06:52:56,0.0,18.3,34.6,1
2022-06-05 06:53:19,0.0,16.8,27.7,3
2022-06-05 09:55:11,0.0,7.7,23.4,1
2022-06-05 12:04:25,0.0,2.0,15.5,2
2022-06-05 12:27:00,0.0,7.6,23.4,0
2022-06-05 17:58:00,0.0,5.1,11.5,0
2022-06-05 18:47:09,0.0,6.0,9.4,0
2022-06-05 19:16:54,0.0,8.9,14.0,0
2022-06-05 19:21:23,0.0,6.4,11.9,0
2022-06-05 19:41:29,0.0,6.8,11.5,0
2022-06-05 19:59:07,0.0,10.9,20.9,0
2022-06-05 21:25:19,0.0,9.4,11.9,0
2022-06-06 00:29:21,0.0,6.5,9.4,0
2022-06-06 04:13:56,0.0,5.9,12.6,0
2022-06-06 07:22:20,0.0,11.3,20.5,0
2022-06-06 08:25:19,0.0,10.7,19.8,3
2022-06-06 10:06:00,0.0,12.4,27.4,0
2022-06-06 11:00:31,0.0,11.3,27.0,3
2022-06-06 11:32:32,0.0,11.4,24.5,3
2022-06-06 12:54:24,0.0,15.6,28.1,3
2022-06-06 13:37:32,0.0,6.0,18.0,2
2022-06-06 14:14:22,0.0,19.1,32.8,3
2022-06-06 15:26:17,0.0,18.6,32.4,3
2022-06-06 18:49:17,0.0,7.9,12.2,3
2022-06-07 04:59:00,0.0,9.4,11.5,0
2022-06-07 07:43:11,0.0,7.6,11.2,3
2022-06-07 08:00:31,0.0,11.0,18.0,3
2022-06-07 08:27:49,0.0,4.8,11.5,3
2022-06-07 08:52:37,0.0,6.7,13.3,2
2022-06-07 09:02:52,0.0,4.3,12.2,3
2022-06-07 12:25:31,0.0,18.8,38.2,0
2022-06-07 12:29:56,0.0,14.4,31.7,2
2022-06-07 16:48:58,0.0,10.2,27.7,3
2022-06-07 18:41:53,0.0,9.7,15.5,3
2022-06-07 19:10:12,0.0,4.0,5.4,3
2022-06-07 20:27:26,0.0,2.5,6.8,3
2022-06-07 22:01:56,0.2,9.5,27.0,51
2022-06-08 06:13:58,0.0,2.9,11.2,3
2022-06-08 06:18:51,0.0,5.1,8.6,1
2022-06-08 07:08:46,0.0,4.6,9.4,3
2022-06-08 07:32:40,0.0,4.7,9.7,3
2022-06-08 07:52:48,0.0,4.2,7.6,2
2022-06-08 07:56:44,0.3,4.8,13.0,51
2022-06-08 08:01:00,2.6,9.2,16.2,63
2022-06-08 08:05:40,0.0,8.9,15.8,2
2022-06-08 09:28:00,0.0,5.6,24.8,3
2022-06-08 16:26:16,0.1,5.2,15.5,51
2022-06-08 17:32:14,0.3,10.2,24.1,51
2022-06-08 17:48:26,0.0,6.6,21.6,3
2022-06-08 18:09:11,0.1,7.9,16.2,51
2022-06-08 18:44:32,0.0,5.9,12.2,3
2022-06-08 18:47:09,0.1,7.0,17.6,51
2022-06-08 19:50:37,0.0,10.8,20.2,3
2022-06-08 20:07:49,0.0,10.0,19.1,3
2022-06-08 21:21:44,0.0,5.4,11.5,3
2022-06-09 01:34:59,0.0,9.8,17.6,3
2022-06-09 06:33:00,0.0,3.1,6.5,3
2022-06-09 07:06:04,0.0,9.2,18.7,3
2022-06-09 07:44:59,0.0,5.5,9.4,3
2022-06-09 15:59:34,1.3,10.0,19.8,61
2022-06-09 17:33:23,0.0,3.3,8.3,3
2022-06-09 20:47:46,0.0,2.5,7.6,3
2022-06-09 20:55:15,0.0,2.5,7.6,3
2022-06-09 20:59:09,0.0,10.4,19.4,3
2022-06-09 21:00:00,0.1,3.7,4.7,51
2022-06-09 23:03:50,0.0,4.3,10.4,3
2022-06-10 00:27:58,0.0,5.8,8.6,3
2022-06-10 01:07:10,0.0,3.1,5.8,3
2022-06-10 04:08:22,0.1,6.9,11.5,51
2022-06-10 05:46:08,0.0,9.4,17.6,3
2022-06-10 06:05:55,0.0,9.3,17.6,3
2022-06-10 06:31:24,0.0,13.2,24.5,3
2022-06-10 07:21:03,0.0,8.3,18.4,3
2022-06-10 07:31:41,0.0,9.1,16.9,3
2022-06-10 07:35:04,0.0,12.4,24.8,3
2022-06-10 07:41:47,0.0,9.1,16.9,3
2022-06-10 07:55:52,0.0,12.4,24.8,3
2022-06-10 08:35:47,0.0,19.7,30.2,3
2022-06-10 08:36:08,0.0,10.5,18.0,3
2022-06-10 08:58:28,0.0,12.3,21.6,3
2022-06-10 09:19:37,0.0,23.4,36.4,3
2022-06-10 10:17:15,1.9,23.2,38.2,61
2022-06-10 12:29:16,0.8,14.3,40.3,53
2022-06-10 13:43:17,1.1,19.7,43.6,55
2022-06-10 16:19:31,0.8,12.2,27.4,53
2022-06-10 16:41:37,0.1,8.4,29.2,51
2022-06-10 17:07:21,0.6,11.3,26.3,53
2022-06-10 18:20:27,0.0,11.3,20.5,3
2022-06-10 18:52:09,0.1,5.8,19.4,51
2022-06-10 19:00:00,0.0,8.9,16.6,3
2022-06-10 19:06:34,0.1,3.5,11.9,51
2022-06-10 19:39:22,0.1,7.3,15.5,51
2022-06-10 20:28:44,0.0,2.3,12.6,3
2022-06-10 20:49:03,0.0,7.6,14.0,2
2022-06-10 21:57:00,0.0,5.6,9.0,1
2022-06-10 22:23:28,0.0,9.9,18.7,3
2022-06-11 05:18:42,0.0,5.2,7.6,3
2022-06-11 05:51:18,0.0,6.4,17.6,3
2022-06-11 06:56:49,0.0,8.9,16.6,3
2022-06-11 09:47:52,0.2,11.4,27.0,51
2022-06-11 10:35:18,0.2,12.7,27.7,51
2022-06-11 14:35:58,0.0,2.4,15.8,3
2022-06-11 14:41:25,0.0,2.4,15.8,3
2022-06-11 14:52:53,0.0,6.4,19.1,3
2022-06-11 14:57:17,0.0,4.0,13.7,3
2022-06-11 18:56:06,0.0,7.8,11.9,3
2022-06-11 22:58:13,0.0,5.3,16.6,3
2022-06-12 01:27:00,0.0,8.1,16.9,3
2022-06-12 04:02:46,0.0,6.0,12.2,3
2022-06-12 04:34:04,0.0,5.1,6.8,3
2022-06-12 04:37:39,0.0,6.9,7.9,3
2022-06-12 05:49:54,0.0,5.4,8.3,3
2022-06-12 07:55:17,0.0,3.9,10.8,3
2022-06-12 16:10:32,0.0,8.0,20.9,3
2022-06-12 17:34:03,0.0,5.9,17.3,3
2022-06-12 18:33:35,0.0,6.6,12.2,3
2022-06-12 18:47:32,0.0,10.6,15.8,3
2022-06-12 18:54:43,0.0,6.6,12.2,3
2022-06-12 20:04:23,0.0,6.4,8.6,3
2022-06-12 21:03:12,0.0,6.2,14.4,3
2022-06-12 22:55:26,0.0,6.1,10.8,3
2022-06-13 00:33:55,0.0,7.5,10.8,3
2022-06-13 05:13:03,0.0,7.9,14.8,3
2022-06-13 06:14:29,0.0,7.7,12.2,3
2022-06-13 06:59:22,0.0,8.9,17.3,3
2022-06-13 08:44:46,0.0,8.7,15.8,3
2022-06-13 08:49:53,0.0,10.2,15.5,3
2022-06-13 11:29:41,0.0,9.3,22.0,3
2022-06-13 13:19:22,0.0,15.1,33.5,0
2022-06-13 18:19:24,0.0,7.3,11.9,3
2022-06-13 18:35:57,0.0,16.1,26.6,0
2022-06-13 18:36:45,0.0,16.1,26.6,0
2022-06-13 19:46:33,0.0,17.6,30.2,0
2022-06-13 21:58:31,0.0,12.2,26.3,0
2022-06-13 22:09:23,0.0,13.8,26.3,0
2022-06-13 23:35:50,0.0,11.5,22.0,3
2022-06-14 00:49:14,0.0,10.2,18.4,1
2022-06-14 07:28:23,0.0,10.9,18.4,0
2022-06-14 07:40:27,0.0,7.1,13.7,0
2022-06-14 08:11:09,0.0,14.3,24.5,0
2022-06-14 08:49:47,0.0,15.9,27.7,3
2022-06-14 13:09:00,0.0,10.8,25.6,3
2022-06-14 13:50:14,0.0,7.1,19.8,0
2022-06-14 15:34:22,0.0,9.7,22.3,0
2022-06-14 15:45:15,0.0,11.7,31.7,3
2022-06-14 16:31:05,0.0,10.3,21.2,0
2022-06-14 17:13:58,0.0,8.4,23.8,0
2022-06-14 18:10:57,0.0,13.3,23.0,0
2022-06-14 18:11:52,0.0,13.3,23.0,0
2022-06-14 19:00:07,0.0,12.4,19.8,1
2022-06-14 19:16:00,0.0,10.1,18.4,0
2022-06-14 19:51:10,0.0,9.0,18.4,3
2022-06-14 22:25:16,0.0,12.6,27.7,2
2022-06-15 02:31:00,0.0,7.4,13.3,3
2022-06-15 03:40:06,0.0,9.1,17.6,3
2022-06-15 05:54:47,0.0,6.8,8.3,3
2022-06-15 06:16:39,0.0,7.4,13.3,1
2022-06-15 07:35:43,0.0,10.7,21.6,3
2022-06-15 10:31:05,0.0,2.8,15.1,2
2022-06-15 10:36:03,0.0,3.4,13.7,2
2022-06-15 11:32:57,0.0,10.8,28.8,1
2022-06-15 11:42:30,0.0,5.9,20.9,1
2022-06-15 12:46:06,0.0,2.4,14.4,3
2022-06-15 13:10:45,0.0,3.4,16.6,3
2022-06-15 14:50:50,0.0,0.7,11.9,3
2022-06-15 17:42:32,0.0,7.9,13.0,3
2022-06-15 18:02:55,0.0,5.3,8.6,3
2022-06-15 18:20:10,0.0,5.3,9.7,3
2022-06-15 18:29:02,0.0,8.2,14.0,3
2022-06-15 18:32:54,0.0,8.9,14.4,1
2022-06-15 18:41:21,0.0,5.9,11.9,3
2022-06-15 19:27:39,0.0,5.2,12.2,0
2022-06-15 19:40:28,0.0,6.1,10.8,1
2022-06-15 20:02:55,0.0,4.7,9.4,3
2022-06-15 20:55:19,0.0,8.1,10.8,3
2022-06-15 21:07:37,0.0,5.6,10.8,1
2022-06-15 21:35:45,0.0,8.0,11.5,0
2022-06-15 22:34:39,0.0,10.7,19.1,0
2022-06-15 23:47:20,0.0,5.7,6.1,0
2022-06-16 00:44:08,0.0,5.5,16.2,1
2022-06-16 01:25:48,0.0,5.6,9.4,0
2022-06-16 05:23:38,0.0,5.2,6.8,0
2022-06-16 09:49:29,0.0,3.1,13.0,0
2022-06-16 11:48:13,0.0,4.2,14.8,0
2022-06-16 13:29:00,0.0,2.6,12.2,0
2022-06-16 13:40:14,0.0,2.2,11.9,0
2022-06-16 18:13:52,0.0,3.6,9.0,0
2022-06-16 18:29:45,0.0,7.4,11.5,0
2022-06-16 19:00:43,0.0,7.9,16.6,0
2022-06-16 19:24:02,0.0,9.7,12.6,0
2022-06-16 22:54:43,0.0,6.5,8.6,0
2022-06-17 04:28:40,0.0,9.7,14.8,0
2022-06-17 06:34:04,0.0,9.2,15.8,0
2022-06-17 07:25:37,0.0,11.9,19.1,0
2022-06-17 07:57:26,0.0,7.2,13.0,0
2022-06-17 10:00:11,0.0,9.1,23.4,0
2022-06-17 11:01:44,0.0,15.9,33.5,0
2022-06-17 13:12:54,0.0,14.9,31.0,0
2022-06-17 15:28:03,0.0,18.7,34.6,1
2022-06-17 15:44:32,0.0,13.7,31.3,0
2022-06-17 17:34:53,0.0,6.6,24.1,0
2022-06-17 18:35:10,0.0,9.9,16.6,1
2022-06-18 00:16:54,0.0,7.2,14.0,3
2022-06-18 01:38:22,0.0,15.8,31.7,3
2022-06-18 06:02:56,0.5,12.6,20.5,53
2022-06-18 08:10:50,0.0,8.0,12.2,3
2022-06-18 11:08:49,0.0,15.9,33.8,3
2022-06-18 12:37:35,0.0,12.5,26.3,3
2022-06-18 15:13:56,0.0,15.0,30.6,3
2022-06-18 18:19:22,0.1,5.5,12.2,51
2022-06-18 18:28:34,0.0,5.5,11.2,1
2022-06-19 01:04:35,0.0,6.8,12.6,3
2022-06-19 01:09:04,0.0,12.0,26.3,3
2022-06-19 05:52:00,0.0,8.0,14.4,1
2022-06-19 06:08:00,0.0,8.9,15.8,2
2022-06-19 07:10:42,0.0,10.0,20.2,3
2022-06-19 13:08:52,0.0,3.1,18.0,1
2022-06-19 17:10:00,0.0,6.2,14.8,0
2022-06-19 19:26:04,0.0,13.6,25.6,3
2022-06-19 22:28:37,0.0,15.9,30.2,0
2022-06-19 22:59:02,0.0,7.7,18.0,3
2022-06-20 01:06:57,0.0,5.0,10.1,1
2022-06-20 04:31:46,0.0,6.4,10.8,3
2022-06-20 06:24:41,2.8,6.1,13.7,63
2022-06-20 06:28:25,0.0,4.3,6.5,0
2022-06-20 07:33:12,0.0,4.0,6.8,0
2022-06-20 07:33:40,0.0,4.7,7.9,0
2022-06-20 07:51:32,0.0,6.6,9.7,1
2022-06-20 07:55:27,0.0,8.1,14.0,0
2022-06-20 08:03:26,0.0,10.0,18.4,0
2022-06-20 08:57:51,0.0,8.6,15.5,1
2022-06-20 09:16:24,0.0,6.4,18.7,1
2022-06-20 09:20:44,0.0,7.2,20.2,0
2022-06-20 10:54:43,0.6,9.7,27.0,53
2022-06-20 11:26:16,0.1,10.6,22.3,51
2022-06-20 14:14:38,0.0,15.6,32.4,3
2022-06-20 18:19:00,0.0,3.1,5.4,0
2022-06-20 18:28:29,0.0,10.0,18.7,0
2022-06-20 18:41:57,0.0,6.4,10.4,0
2022-06-20 18:53:54,0.0,3.9,7.9,0
2022-06-20 18:55:44,0.0,5.8,9.7,0
2022-06-20 19:04:40,0.0,6.1,9.7,0
2022-06-20 19:10:28,0.0,8.5,20.2,0
2022-06-21 05:11:07,0.0,8.4,15.5,0
2022-06-21 10:25:48,0.0,10.1,23.8,0
2022-06-21 13:49:48,0.0,16.2,34.2,0
2022-06-21 13:53:22,0.0,13.0,29.2,0
2022-06-21 14:51:17,0.0,13.7,28.4,0
2022-06-21 15:11:21,0.0,16.5,31.0,0
2022-06-21 16:30:06,0.0,10.7,23.8,0
2022-06-21 17:31:08,0.0,6.1,16.6,0
2022-06-22 03:36:27,0.0,11.7,16.6,0
2022-06-22 03:59:52,0.0,14.3,24.1,0
2022-06-22 10:43:40,0.0,16.3,29.9,3
2022-06-22 10:48:07,0.0,16.0,30.6,3
2022-06-22 11:32:00,0.0,3.0,13.7,0
2022-06-22 12:23:35,0.0,20.9,34.6,2
2022-06-22 13:16:39,0.0,18.0,35.3,2
2022-06-22 13:52:13,0.0,16.1,34.2,3
2022-06-22 14:02:17,0.0,15.5,33.1,2
2022-06-22 14:23:19,0.0,21.9,36.7,1
2022-06-22 17:33:42,0.0,11.0,24.1,0
2022-06-22 18:00:30,0.0,7.6,14.0,2
2022-06-22 18:41:24,0.0,9.2,14.4,1
2022-06-22 20:18:28,0.0,9.0,15.1,1
2022-06-23 03:32:37,0.0,9.1,16.9,0
2022-06-23 06:21:04,0.0,9.4,14.8,0
2022-06-23 07:14:14,0.0,10.1,16.2,0
2022-06-23 07:49:59,0.0,10.1,18.0,0
2022-06-23 07:51:48,0.0,3.5,4.3,0
2022-06-23 08:02:54,0.0,10.7,17.3,0
2022-06-23 08:03:33,0.0,10.5,18.4,0
2022-06-23 08:08:15,0.0,10.5,18.4,0
2022-06-23 08:40:00,0.0,11.8,18.7,0
2022-06-23 08:48:00,0.0,8.5,18.4,0
2022-06-23 10:51:00,0.0,4.0,12.2,0
2022-06-23 14:38:18,0.0,13.1,29.5,0
2022-06-23 18:06:20,0.0,9.2,11.2,0
2022-06-23 18:27:58,0.0,9.4,13.3,0
2022-06-23 20:06:27,0.0,2.6,7.2,0
2022-06-23 22:00:03,0.0,4.3,4.3,0
2022-06-23 23:30:14,0.0,6.0,10.4,0
2022-06-24 00:08:27,0.0,8.7,12.2,0
2022-06-24 01:06:23,0.0,8.7,14.0,0
2022-06-24 06:08:52,0.0,7.2,10.8,0
2022-06-24 06:11:00,0.0,6.9,10.4,0
2022-06-24 07:14:10,0.0,7.7,11.2,0
2022-06-24 08:35:00,0.0,7.7,12.2,0
2022-06-24 13:36:00,0.0,3.3,17.3,1
2022-06-24 14:57:00,0.0,6.8,17.6,2
2022-06-24 15:28:00,0.0,3.3,14.0,0
2022-06-24 15:37:02,0.0,3.8,15.5,0
2022-06-24 15:56:03,0.0,3.3,14.0,0
2022-06-24 16:41:05,0.0,3.1,11.9,0
2022-06-24 17:04:18,0.0,7.2,7.6,0
2022-06-24 19:17:33,0.0,7.3,11.2,0
2022-06-24 23:06:00,0.0,10.7,18.4,0
2022-06-24 23:47:02,0.0,0.4,6.8,3
2022-06-25 02:41:00,0.0,6.3,11.2,0
2022-06-25 04:05:41,0.0,7.2,10.4,0
2022-06-25 04:10:54,0.0,5.1,6.1,0
2022-06-25 04:34:29,0.0,8.1,10.4,0
2022-06-25 07:00:34,0.0,2.2,7.2,3
2022-06-25 17:20:50,0.0,20.0,35.6,3
2022-06-25 17:58:55,0.0,12.9,27.0,3
2022-06-25 18:02:23,0.0,14.6,33.5,3
2022-06-25 19:42:55,0.0,17.4,37.8,3
2022-06-25 21:40:15,0.0,15.3,20.5,1
2022-06-25 22:26:59,0.0,13.8,29.2,2
2022-06-25 23:01:36,0.0,17.1,38.5,3
2022-06-26 03:50:00,0.0,12.8,24.5,3
2022-06-26 04:51:41,0.0,12.3,24.1,3
2022-06-26 06:02:00,0.0,13.4,24.8,3
2022-06-26 07:01:23,0.0,12.0,22.0,2
2022-06-26 10:06:22,0.1,19.3,36.7,51
2022-06-26 15:07:00,0.0,11.0,26.6,3
2022-06-26 21:54:57,0.0,20.0,33.8,3
2022-06-27 00:08:39,0.0,16.6,33.8,3
2022-06-27 03:59:26,0.0,22.7,41.0,2
2022-06-27 04:14:14,0.0,15.8,30.2,0
2022-06-27 04:55:28,0.0,8.5,18.0,0
2022-06-27 06:33:06,0.0,20.0,35.3,0
2022-06-27 08:39:16,0.0,11.0,19.8,0
2022-06-27 13:07:46,0.0,1.4,14.4,1
2022-06-27 14:10:11,0.0,3.9,19.8,3
2022-06-27 14:38:53,0.0,3.9,19.8,3
2022-06-27 14:40:44,0.0,1.1,15.1,1
2022-06-27 15:46:31,0.0,3.1,16.2,1
2022-06-27 16:46:37,0.0,2.6,11.9,0
2022-06-27 17:17:53,0.0,2.9,6.5,0
2022-06-27 18:30:14,0.0,6.5,10.1,0
2022-06-27 18:59:52,0.0,6.2,9.4,0
2022-06-27 19:17:07,0.0,8.2,15.1,0
2022-06-27 19:55:01,0.0,9.3,22.7,1
2022-06-27 20:19:57,0.0,6.2,9.7,0
2022-06-27 20:29:42,0.0,8.5,16.6,3
2022-06-27 22:28:01,0.0,11.6,19.4,0
2022-06-27 23:44:20,0.0,8.7,19.1,0
2022-06-28 06:26:36,0.0,6.0,9.7,0
2022-06-28 07:11:30,0.0,6.3,11.2,0
2022-06-28 07:20:53,0.0,8.0,13.7,0
2022-06-28 08:25:51,0.0,11.9,20.5,0
2022-06-28 11:49:50,0.0,9.8,23.0,0
2022-06-28 15:39:00,0.0,10.1,23.8,0
2022-06-28 17:22:41,0.0,5.5,23.0,0
2022-06-28 18:17:25,0.0,7.2,12.2,0
2022-06-28 19:17:09,0.0,6.4,11.2,0
2022-06-28 20:17:59,0.0,6.5,13.3,0
2022-06-28 20:19:31,0.0,6.7,12.2,0
2022-06-28 22:04:08,0.0,7.5,9.0,0
2022-06-29 07:05:28,0.0,16.8,31.0,0
2022-06-29 08:52:25,0.0,14.0,26.3,0
2022-06-29 10:01:05,0.0,17.8,41.0,0
2022-06-29 11:09:56,0.0,15.0,29.2,0
2022-06-29 11:27:56,0.0,10.5,24.5,0
2022-06-29 14:45:49,0.0,19.2,41.0,0
2022-06-29 14:54:09,0.0,27.9,51.1,2
2022-06-29 15:00:20,0.0,26.2,51.5,0
2022-06-29 15:25:53,0.0,26.2,51.5,0
2022-06-29 16:06:32,0.0,14.3,31.7,0
2022-06-29 17:06:47,0.0,14.8,44.6,0
2022-06-29 17:45:11,0.0,10.6,29.2,0
2022-06-29 17:49:00,0.0,10.3,27.4,0
2022-06-29 17:58:06,0.0,14.8,43.2,0
2022-06-29 18:18:25,0.0,6.6,19.8,0
2022-06-29 18:20:23,0.0,10.7,33.1,0
2022-06-29 18:28:56,0.0,11.0,29.2,0
2022-06-29 18:30:50,0.0,6.8,23.4,0
2022-06-29 22:04:58,0.0,6.0,11.2,0
2022-06-30 00:26:00,0.0,7.7,14.0,0
2022-06-30 00:39:05,0.0,4.7,9.0,0
2022-06-30 05:46:48,0.0,5.7,10.8,0
2022-06-30 06:55:53,0.0,5.6,9.4,0
2022-06-30 07:08:00,0.0,5.1,9.4,0
2022-06-30 09:16:53,0.0,4.1,12.2,0
2022-06-30 15:37:51,0.0,10.7,25.6,0
2022-06-30 17:38:48,0.0,6.0,19.4,0
2022-06-30 18:22:08,0.0,8.7,11.5,0
2022-06-30 18:47:50,0.0,10.2,12.2,0
2022-06-30 19:12:35,0.0,7.2,11.9,0
2022-06-30 19:23:43,0.0,6.8,11.9,0
2022-06-30 19:32:10,0.0,7.9,12.2,0
2022-06-30 20:13:45,0.0,8.3,10.4,0
2022-06-30 20:48:26,0.0,9.2,11.2,0
2022-06-30 23:00:00,0.0,5.7,13.0,0
2022-06-30 23:03:00,0.0,5.7,13.0,0
2022-06-30 23:41:52,0.0,9.7,11.5,0
2022-07-01 00:28:34,0.0,8.4,10.8,0
2022-07-01 01:49:40,0.0,7.7,10.1,0
2022-07-01 03:59:07,0.0,4.7,5.4,0
2022-07-01 05:27:44,0.0,1.0,5.8,0
2022-07-01 07:30:40,0.0,10.8,19.4,0
2022-07-01 07:56:01,0.0,6.8,11.2,0
2022-07-01 09:17:26,0.0,3.8,13.7,2
2022-07-01 09:20:25,0.0,3.4,12.6,0
2022-07-01 10:42:00,0.0,2.9,12.2,0
2022-07-01 13:46:00,0.0,7.5,20.9,0
2022-07-01 14:00:03,0.0,4.8,18.0,0
2022-07-01 14:42:06,0.0,6.1,21.2,0
2022-07-01 16:10:00,0.0,6.6,16.2,0
2022-07-01 16:32:05,0.0,4.9,13.0,0
2022-07-01 16:46:04,0.0,6.5,18.0,0
2022-07-01 16:54:17,0.0,5.9,14.0,0
2022-07-01 17:13:00,0.0,6.9,14.8,0
2022-07-01 17:18:41,0.0,6.1,13.3,0
2022-07-01 18:37:00,0.0,5.8,7.6,0
2022-07-01 20:20:16,0.0,7.6,11.2,0
2022-07-01 20:47:23,0.0,7.6,13.3,0
2022-07-01 22:31:17,0.0,6.1,15.1,0
2022-07-01 23:51:56,0.0,11.5,24.1,0
2022-07-02 00:37:50,0.0,10.0,12.2,0
2022-07-02 03:56:33,0.0,11.9,19.4,0
2022-07-02 04:59:08,0.0,15.0,28.4,0
2022-07-02 06:11:27,0.0,11.3,19.8,0
2022-07-02 06:52:55,0.0,11.2,18.0,0
2022-07-02 15:23:09,0.0,16.5,35.6,0
2022-07-02 17:52:51,0.0,7.9,25.6,0
2022-07-02 21:52:51,0.0,10.0,18.7,0
2022-07-03 00:40:00,0.0,7.6,16.2,0
2022-07-03 01:01:31,0.0,6.6,15.8,0
2022-07-03 04:04:10,0.0,10.4,17.3,0
2022-07-03 10:46:13,0.0,7.6,18.7,0
2022-07-03 18:49:07,0.0,9.5,12.6,0
2022-07-03 19:12:12,0.0,8.6,13.3,0
2022-07-03 20:24:53,0.0,11.2,14.8,0
2022-07-03 21:25:54,0.0,10.5,12.6,0
2022-07-03 22:22:01,0.0,7.2,15.1,0
2022-07-03 22:26:59,0.0,10.5,18.0,0
2022-07-03 23:33:00,0.0,8.4,15.5,0
2022-07-04 01:32:29,0.0,8.3,11.5,0
2022-07-04 01:54:44,0.0,8.3,11.5,0
2022-07-04 06:59:27,0.0,9.4,17.3,0
2022-07-04 09:36:43,0.0,12.4,25.6,0
2022-07-04 10:45:04,0.0,11.6,24.8,0
2022-07-04 11:00:02,0.0,8.2,18.4,0
2022-07-04 15:07:31,0.0,2.9,14.4,0
2022-07-04 15:29:00,0.0,7.9,22.7,0
2022-07-04 18:06:32,0.0,8.3,9.7,0
2022-07-04 19:04:43,0.0,7.6,11.9,0
2022-07-04 19:09:04,0.0,11.2,19.1,0
2022-07-05 00:11:22,0.0,9.4,20.9,0
2022-07-05 02:20:43,0.0,9.9,22.0,0
2022-07-05 03:48:10,0.0,8.6,13.3,0
2022-07-05 09:53:40,0.0,12.4,22.3,0
2022-07-05 11:34:47,0.0,16.2,32.8,0
2022-07-05 16:37:29,0.0,4.3,16.2,0
2022-07-05 17:24:10,0.0,6.6,18.4,0
2022-07-05 17:39:28,0.0,3.0,12.6,0
2022-07-05 18:12:10,0.0,4.7,9.0,0
2022-07-05 18:39:31,0.0,4.7,9.0,0
2022-07-06 05:41:55,0.0,8.9,18.7,0
2022-07-06 08:05:32,0.0,11.9,22.0,3
2022-07-06 08:52:04,0.0,13.2,21.6,3
2022-07-06 09:21:17,0.0,7.4,16.2,0
2022-07-06 10:10:52,0.0,11.9,26.6,3
2022-07-06 15:05:42,0.0,9.2,24.8,0
2022-07-06 18:10:05,0.0,5.3,9.7,3
2022-07-06 18:13:29,0.0,9.8,11.9,3
2022-07-06 18:15:15,0.0,9.5,13.3,3
2022-07-06 18:29:26,0.0,6.9,14.4,3
2022-07-06 18:34:24,0.0,7.0,13.3,3
2022-07-06 19:24:41,0.0,10.7,13.7,3
2022-07-06 23:29:11,0.0,12.0,19.8,3
2022-07-07 01:05:48,0.0,7.3,18.7,3
2022-07-07 01:07:28,0.0,9.2,16.9,2
2022-07-07 02:00:29,0.0,6.9,15.1,3
2022-07-07 03:05:58,0.0,8.0,13.3,1
2022-07-07 07:04:43,0.0,7.9,14.0,3
2022-07-07 09:23:28,0.0,11.3,22.3,3
2022-07-07 13:28:05,0.0,11.5,29.2,0
2022-07-07 14:56:54,0.0,18.2,40.0,1
2022-07-08 04:48:29,0.0,3.9,7.9,0
2022-07-08 06:02:27,0.0,7.7,12.6,0
2022-07-08 07:50:41,0.0,5.8,10.4,0
2022-07-08 12:46:29,0.0,2.3,12.6,3
2022-07-08 14:12:10,0.0,6.8,20.2,0
2022-07-08 14:59:06,0.0,5.8,21.2,0
2022-07-08 17:04:00,0.0,2.3,13.7,2
2022-07-08 19:01:33,0.0,10.5,22.7,0
2022-07-08 20:22:16,0.0,7.5,14.4,0
2022-07-09 00:48:56,0.0,16.4,27.7,0
2022-07-09 02:02:32,0.0,6.4,11.9,0
2022-07-09 02:57:12,0.0,16.3,31.0,0
2022-07-09 04:25:27,0.0,7.6,12.2,0
2022-07-09 04:54:46,0.0,17.4,32.0,0
2022-07-09 07:04:53,0.0,9.5,18.7,0
2022-07-09 07:52:49,0.0,7.5,14.8,3
2022-07-09 08:49:35,0.0,6.2,13.0,0
2022-07-09 10:58:56,0.0,10.5,24.8,0
2022-07-09 12:29:59,0.0,9.3,28.4,1
2022-07-09 17:21:12,0.0,5.0,11.2,1
2022-07-09 22:17:34,0.0,10.2,17.6,2
2022-07-09 23:23:19,0.0,7.5,14.0,3
2022-07-10 05:56:15,0.0,4.4,11.2,2
2022-07-10 07:33:01,0.0,10.9,21.6,0
2022-07-10 08:35:00,0.0,12.4,22.7,0
2022-07-10 10:03:00,0.0,17.3,37.1,0
2022-07-10 15:32:00,0.0,10.6,27.7,0
2022-07-10 16:44:13,0.0,14.6,32.4,3
2022-07-10 18:07:43,0.0,9.7,14.8,0
2022-07-10 20:02:39,0.0,9.3,16.9,3
2022-07-10 21:47:25,0.0,9.4,11.9,3
2022-07-10 23:32:58,0.0,9.0,16.9,3
2022-07-11 00:55:23,0.0,9.6,13.0,1
2022-07-11 06:47:58,0.0,7.9,14.4,0
2022-07-11 09:09:00,0.0,15.0,29.2,2
2022-07-11 09:37:39,0.0,11.0,22.7,3
2022-07-11 13:56:26,0.0,19.8,42.8,3
2022-07-11 14:06:23,0.0,18.4,40.7,1
2022-07-11 16:25:11,0.0,20.3,43.9,3
2022-07-11 22:31:08,0.0,13.8,25.6,0
2022-07-12 06:07:01,0.0,16.6,27.7,3
2022-07-12 07:36:13,0.0,16.3,34.6,3
2022-07-12 08:20:58,0.0,15.5,28.8,3
2022-07-12 11:42:59,0.0,15.7,31.7,3
2022-07-12 14:33:19,0.0,25.5,58.3,3
2022-07-12 16:36:31,0.0,11.0,29.5,3
2022-07-12 19:01:17,0.0,10.2,21.2,3
2022-07-12 19:40:08,0.0,8.8,11.9,3
2022-07-12 19:43:15,0.0,9.0,16.6,2
2022-07-12 20:55:56,0.0,6.4,12.6,1
2022-07-12 21:03:59,0.0,7.7,11.9,2
2022-07-13 01:45:22,0.0,14.8,31.7,3
2022-07-13 03:09:00,0.0,9.2,16.2,3
2022-07-13 04:06:20,0.0,5.8,14.0,3
2022-07-13 06:37:20,0.0,10.4,19.4,3
2022-07-13 06:46:49,0.1,8.9,14.8,51
2022-07-13 07:30:11,0.0,6.8,15.1,2
2022-07-13 10:15:24,0.0,18.9,37.8,1
2022-07-13 11:49:57,0.0,15.5,39.2,2
2022-07-13 13:33:39,0.0,8.4,23.0,1
2022-07-13 13:52:03,0.0,11.3,29.2,2
2022-07-13 14:16:52,0.0,7.7,21.6,0
2022-07-13 14:25:24,0.0,8.8,23.4,0
2022-07-13 16:26:50,0.0,13.9,28.8,0
2022-07-13 17:20:34,0.0,7.9,25.6,0
2022-07-13 18:10:40,0.0,19.7,33.8,0
2022-07-13 18:41:22,0.0,17.6,32.4,0
2022-07-13 19:10:09,0.0,9.7,17.3,0
2022-07-13 19:22:07,0.0,17.7,28.8,3
2022-07-13 21:20:08,0.0,21.5,36.0,0
2022-07-14 07:33:35,0.0,8.0,13.7,0
2022-07-14 07:46:15,0.0,9.7,18.0,0
2022-07-14 07:53:59,0.0,12.5,23.0,3
2022-07-14 15:26:01,0.0,13.8,36.0,3
2022-07-14 16:37:34,0.0,15.1,32.4,3
2022-07-14 17:59:33,0.0,8.1,27.0,3
2022-07-14 19:42:07,0.0,6.5,11.2,0
2022-07-14 19:58:35,0.0,7.2,11.2,3
2022-07-14 21:08:06,0.0,9.4,14.8,0
2022-07-14 23:12:19,0.0,11.6,19.4,0
2022-07-15 01:37:06,0.0,11.6,24.1,0
2022-07-15 01:50:00,0.0,13.0,25.6,3
2022-07-15 04:05:15,0.0,14.6,24.8,3
2022-07-15 05:07:25,0.0,13.6,22.0,3
2022-07-15 07:20:33,0.0,8.3,23.0,2
2022-07-15 07:48:48,0.0,11.3,20.2,3
2022-07-15 07:58:14,0.0,14.4,26.3,1
2022-07-15 09:32:06,0.0,13.0,24.5,3
2022-07-15 12:36:31,0.0,22.0,40.0,3
2022-07-15 12:36:49,0.0,22.0,41.4,3
2022-07-15 15:29:15,0.0,14.8,36.0,3
2022-07-15 16:20:42,0.0,22.7,42.8,3
2022-07-15 17:53:11,0.0,5.6,23.8,3
2022-07-15 18:05:23,0.0,9.1,27.4,3
2022-07-15 19:13:21,0.0,8.6,11.5,3
2022-07-15 19:22:12,0.0,7.8,11.2,3
2022-07-15 23:14:36,0.0,7.6,15.1,3
2022-07-16 01:37:59,0.0,9.4,18.0,3
2022-07-16 05:22:00,0.0,7.0,11.2,3
2022-07-16 05:35:21,0.0,7.9,16.2,3
2022-07-16 07:08:40,0.0,16.1,29.2,2
2022-07-16 11:35:45,0.0,23.6,47.5,3
2022-07-16 13:47:32,0.0,17.4,37.1,3
2022-07-16 14:15:00,0.0,13.2,31.7,3
2022-07-16 15:24:12,0.0,14.8,32.8,3
2022-07-16 15:49:12,0.0,22.2,44.6,3
2022-07-16 15:55:40,0.0,20.7,40.7,3
2022-07-16 16:24:25,0.0,14.3,34.2,3
2022-07-16 16:53:44,0.0,15.3,34.6,3
2022-07-16 18:33:53,0.0,8.0,18.4,3
2022-07-16 20:03:46,0.0,8.1,15.1,3
2022-07-16 22:16:23,0.0,11.6,18.7,3
2022-07-17 03:38:25,0.0,11.9,21.2,3
2022-07-17 05:52:14,0.0,10.3,19.4,3
2022-07-17 15:23:27,0.0,7.0,22.7,0
2022-07-17 15:56:15,0.0,11.0,23.8,2
2022-07-17 18:29:47,0.0,6.8,12.6,3
2022-07-17 19:34:46,0.0,6.7,15.5,3
2022-07-17 21:07:34,0.0,16.8,34.2,3
2022-07-17 22:10:22,0.0,24.1,43.2,3
2022-07-17 23:22:07,0.0,4.7,10.1,2
2022-07-18 03:07:55,0.0,16.2,36.0,3
2022-07-18 04:25:00,0.0,5.6,9.0,0
2022-07-18 07:03:49,0.0,14.0,28.8,3
2022-07-18 08:02:13,0.0,14.7,25.9,3
2022-07-18 13:06:31,0.0,14.0,32.4,3
2022-07-18 14:31:10,0.0,12.0,29.5,2
2022-07-18 14:38:08,0.0,7.2,21.2,2
2022-07-18 17:49:37,0.0,10.0,26.3,2
2022-07-18 18:04:57,0.0,6.9,10.8,3
2022-07-18 18:15:12,0.0,15.5,32.8,3
2022-07-18 18:20:17,0.0,17.7,34.9,3
2022-07-18 18:51:00,0.0,8.7,14.8,2
2022-07-18 19:12:35,0.0,9.8,16.9,3
2022-07-18 19:28:18,0.0,10.6,24.1,3
2022-07-18 19:39:53,0.0,7.7,13.0,3
2022-07-18 22:07:09,0.0,19.5,32.4,3
2022-07-19 06:59:26,0.0,5.8,6.8,1
2022-07-19 07:50:35,0.0,4.7,6.5,0
2022-07-19 08:31:55,0.0,7.4,14.8,2
2022-07-19 14:34:42,0.0,4.1,15.5,0
2022-07-19 14:52:29,0.0,1.0,16.6,0
2022-07-19 16:39:00,0.0,4.2,14.8,0
2022-07-19 17:44:14,0.0,8.1,14.4,0
2022-07-19 19:54:16,0.0,5.9,7.9,0
2022-07-19 22:20:23,0.0,13.0,22.0,0
2022-07-20 06:58:32,0.0,9.4,17.3,0
2022-07-20 07:24:17,0.0,11.2,20.2,0
2022-07-20 09:22:54,0.0,12.9,30.2,0
2022-07-20 15:01:39,0.0,15.6,35.3,0
2022-07-20 16:05:40,0.0,15.0,33.8,0
2022-07-20 16:12:01,0.0,10.7,25.2,0
2022-07-20 17:17:37,0.0,15.0,30.2,0
2022-07-20 18:14:18,0.0,9.4,16.9,0
2022-07-20 18:25:30,0.0,14.0,29.2,0
2022-07-20 18:55:39,0.0,11.1,26.3,0
2022-07-20 20:54:27,0.0,12.0,23.4,2
2022-07-21 01:15:47,0.0,9.6,23.8,3
2022-07-21 03:26:12,0.0,7.4,10.4,0
2022-07-21 03:58:19,0.0,7.4,10.4,0
2022-07-21 08:32:20,0.0,11.2,22.3,0
2022-07-21 16:27:41,0.0,4.5,13.7,0
2022-07-21 17:49:00,0.0,6.9,20.9,0
2022-07-21 18:36:16,0.0,10.0,11.5,0
2022-07-21 18:39:17,0.0,10.2,11.5,0
2022-07-21 18:41:11,0.0,2.6,6.8,2
2022-07-21 19:05:02,0.0,8.4,14.0,0
2022-07-21 19:24:40,0.0,6.3,10.8,3
2022-07-21 19:56:48,0.0,6.2,10.8,0
2022-07-21 19:58:19,0.0,8.4,14.0,0
2022-07-21 20:37:19,0.0,6.8,10.1,3
2022-07-22 01:58:48,0.0,6.6,11.2,3
2022-07-22 03:48:34,0.0,11.3,19.4,3
2022-07-22 04:31:17,0.0,9.4,16.6,0
2022-07-22 06:35:43,0.0,5.8,11.9,3
2022-07-22 06:36:38,0.0,7.6,10.4,3
2022-07-22 07:49:08,0.0,6.4,10.4,2
2022-07-22 08:08:55,0.0,11.3,21.2,0
2022-07-22 10:04:23,0.0,5.2,16.2,1
2022-07-22 11:05:47,0.0,8.0,22.0,0
2022-07-22 11:31:23,0.0,3.6,16.2,0
2022-07-22 13:28:46,0.0,6.0,20.5,1
2022-07-22 14:14:00,0.0,2.7,15.1,1
2022-07-22 17:09:29,0.0,4.3,11.2,3
2022-07-22 17:09:32,0.0,7.6,16.9,0
2022-07-22 17:12:09,0.0,5.4,18.0,3
2022-07-22 17:15:54,0.0,7.6,16.9,0
2022-07-22 17:35:58,0.0,5.4,18.0,3
2022-07-22 17:56:37,0.0,3.4,14.4,3
2022-07-22 19:07:42,0.0,10.8,18.7,0
2022-07-22 19:20:55,0.0,7.6,11.9,2
2022-07-22 19:43:20,0.0,6.5,12.6,1
2022-07-23 00:46:44,0.0,8.6,14.8,1
2022-07-23 01:00:15,0.0,5.6,8.6,0
2022-07-23 05:46:45,0.0,7.5,10.4,1
2022-07-23 06:04:17,0.0,9.2,11.2,1
2022-07-23 11:28:37,0.0,4.6,19.1,2
2022-07-23 11:39:49,0.0,5.7,19.8,0
2022-07-23 11:51:36,0.0,4.6,19.1,2
2022-07-23 12:01:25,0.0,1.5,16.6,3
2022-07-23 12:32:59,0.0,5.9,19.4,1
2022-07-23 16:29:37,0.0,2.5,11.9,0
2022-07-23 17:14:48,0.0,3.3,11.2,0
2022-07-23 18:18:25,0.0,4.7,6.1,0
2022-07-23 19:11:03,0.0,10.0,12.2,0
2022-07-23 21:47:45,0.0,8.5,12.6,0
2022-07-23 22:38:04,0.0,6.2,10.4,0
2022-07-24 00:52:52,0.0,10.8,19.8,0
2022-07-24 01:23:30,0.0,5.9,13.0,0
2022-07-24 06:10:20,0.0,8.9,11.5,0
2022-07-24 12:29:51,0.0,5.1,21.6,3
2022-07-24 14:46:57,0.0,3.7,16.6,1
2022-07-24 16:55:16,0.0,5.5,14.4,0
2022-07-24 19:04:46,0.0,8.5,18.7,0
2022-07-24 20:30:35,0.0,7.9,13.0,0
2022-07-24 21:06:44,0.0,14.3,19.4,3
2022-07-24 21:59:06,0.0,7.3,11.5,1
2022-07-24 22:00:39,0.0,5.9,14.0,2
2022-07-24 22:21:41,0.0,13.4,22.3,2
2022-07-24 23:00:59,0.0,11.5,29.5,0
2022-07-24 23:19:18,0.0,7.4,10.4,3
2022-07-25 07:47:26,0.0,10.9,19.4,0
2022-07-25 08:12:19,0.0,9.0,16.9,0
2022-07-25 08:31:28,0.0,13.0,23.8,0
2022-07-25 13:10:07,0.0,5.2,19.4,0
2022-07-25 18:38:41,0.0,9.4,11.5,0
2022-07-25 18:42:13,0.0,7.5,12.6,0
2022-07-25 19:46:00,0.0,6.9,11.2,0
2022-07-25 20:11:33,0.0,11.5,20.9,2
2022-07-25 20:25:16,0.0,9.9,13.3,0
2022-07-26 01:22:02,0.0,8.1,16.2,0
2022-07-26 02:27:24,0.0,6.8,11.5,1
2022-07-26 02:45:01,0.0,12.1,20.9,2
2022-07-26 06:06:13,0.0,8.2,10.1,0
2022-07-26 06:28:35,0.0,5.4,7.9,0
2022-07-26 06:41:07,0.0,9.4,17.3,0
2022-07-26 06:51:31,0.0,5.4,7.9,0
2022-07-26 07:34:18,0.0,8.0,11.5,0
2022-07-26 08:05:59,0.0,6.6,12.6,1
2022-07-26 08:53:49,0.0,6.6,12.6,1
2022-07-26 09:03:31,0.0,12.6,24.5,0
2022-07-26 13:45:16,0.0,2.5,14.8,0
2022-07-26 15:16:14,0.0,8.1,20.5,0
2022-07-26 16:39:17,0.0,20.7,36.7,0
2022-07-26 18:59:00,0.0,14.9,33.8,0
2022-07-26 19:01:46,0.0,8.2,13.0,0
2022-07-26 23:09:34,0.0,8.9,17.6,3
2022-07-26 23:27:27,0.0,9.8,20.5,3
2022-07-27 00:25:15,0.0,9.7,22.0,0
2022-07-27 06:55:23,0.0,5.5,11.5,0
2022-07-27 09:12:45,0.0,5.0,19.4,0
2022-07-27 14:27:56,0.0,9.7,25.9,0
2022-07-27 17:50:00,0.0,6.4,18.7,1
2022-07-27 19:47:22,0.0,2.2,8.3,0
2022-07-27 21:41:05,0.0,5.5,10.8,0
2022-07-28 01:08:53,0.0,6.7,11.9,3
2022-07-28 02:33:36,0.0,8.7,18.0,0
2022-07-28 07:56:24,0.0,6.6,15.5,3
2022-07-28 08:30:18,0.0,6.5,13.7,1
2022-07-28 14:05:56,0.0,16.0,32.8,3
2022-07-28 14:58:45,0.0,20.9,46.8,3
2022-07-28 17:26:34,0.0,15.4,36.0,3
2022-07-29 06:03:13,0.0,15.3,25.2,1
2022-07-29 06:20:02,0.0,8.2,11.5,1
2022-07-29 08:44:09,0.0,19.2,29.2,3
2022-07-29 10:17:38,0.0,11.8,28.4,3
2022-07-29 11:10:41,0.0,17.4,36.7,0
2022-07-29 11:33:45,0.0,14.6,37.1,3
2022-07-29 14:49:39,0.0,24.9,51.1,2
2022-07-29 14:51:13,6.0,13.6,25.6,63
2022-07-29 15:16:42,0.9,10.0,31.3,53
2022-07-29 17:52:55,0.0,17.7,41.4,2
2022-07-29 17:55:30,0.0,17.7,41.4,2
2022-07-29 18:33:44,0.0,5.1,15.1,1
2022-07-29 18:44:42,0.0,18.0,36.4,1
2022-07-29 18:53:37,0.0,4.1,9.7,1
2022-07-29 19:26:23,0.0,10.2,23.8,2
2022-07-29 22:18:16,0.0,9.8,16.6,0
2022-07-29 23:14:02,0.0,8.3,15.5,1
2022-07-30 00:22:19,0.0,9.2,17.6,1
2022-07-30 03:36:00,0.0,9.0,14.8,2
2022-07-30 03:45:48,0.0,6.6,11.5,0
2022-07-30 09:22:05,0.0,10.5,24.1,0
2022-07-30 11:39:51,0.0,12.7,28.1,0
2022-07-30 12:26:31,0.0,1.8,18.7,0
2022-07-30 13:02:28,0.0,3.4,16.2,0
2022-07-30 14:35:04,0.0,6.3,20.9,0
2022-07-30 15:54:35,0.0,11.5,30.6,0
2022-07-30 16:44:54,0.0,8.9,22.7,0
2022-07-30 18:35:27,0.0,9.6,16.9,0
2022-07-30 19:59:41,0.0,13.2,25.2,0
2022-07-31 03:59:12,0.0,7.1,17.3,3
2022-07-31 04:29:24,0.0,7.6,16.9,3
2022-07-31 06:07:28,0.0,12.9,24.8,3
2022-07-31 08:00:24,0.0,10.1,22.0,0
2022-07-31 11:03:00,0.0,3.6,23.0,0
2022-07-31 11:08:02,0.0,4.7,18.0,0
2022-07-31 12:24:26,0.0,1.1,18.4,0
2022-07-31 16:28:24,0.0,10.0,24.8,0
2022-07-31 18:50:57,0.0,6.5,13.0,0
2022-07-31 18:56:38,0.0,8.8,14.8,0
2022-07-31 19:13:25,0.0,13.8,23.8,0
2022-08-01 05:23:21,0.0,3.6,10.4,3
2022-08-01 07:12:35,0.0,3.7,9.4,0
2022-08-01 08:23:38,0.0,8.9,18.4,0
2022-08-01 09:40:26,0.0,4.1,12.2,0
2022-08-02 02:48:13,0.0,10.1,13.3,0
2022-08-02 06:26:57,0.0,8.6,10.8,0
2022-08-02 07:34:04,0.0,8.5,10.4,0
2022-08-02 07:57:13,0.0,6.4,14.0,0
2022-08-02 08:53:12,0.0,10.3,18.7,0
2022-08-02 09:03:28,0.0,10.3,21.6,0
2022-08-02 10:14:27,0.0,12.0,27.0,0
2022-08-02 16:17:15,0.0,8.1,20.5,2
2022-08-02 17:19:04,0.0,7.9,16.6,1
2022-08-02 19:45:14,0.0,8.4,19.4,0
2022-08-02 19:54:20,0.0,6.0,6.1,0
2022-08-02 20:10:14,0.0,7.4,15.8,0
2022-08-02 22:24:44,0.0,9.7,17.6,2
2022-08-02 22:31:22,0.0,9.7,18.0,2
2022-08-02 22:58:12,0.0,7.6,16.6,0
2022-08-02 23:01:00,0.0,9.2,16.2,0
2022-08-03 01:55:38,0.0,6.4,11.9,0
2022-08-03 07:53:38,0.0,14.6,24.5,0
2022-08-03 07:54:26,0.0,14.5,24.8,0
2022-08-03 08:08:23,0.0,7.6,15.1,0
2022-08-03 08:50:37,0.0,11.1,21.6,0
2022-08-03 18:43:42,0.0,9.0,11.9,0
2022-08-03 18:43:49,0.0,8.4,29.2,0
2022-08-03 19:09:30,0.0,8.4,16.2,0
2022-08-03 19:48:15,0.0,11.8,18.4,0
2022-08-04 05:51:56,0.0,11.2,18.7,2
2022-08-04 06:14:09,0.0,7.0,8.3,3
2022-08-04 06:53:12,0.0,5.4,8.6,1
2022-08-04 07:51:53,0.0,13.1,21.2,1
2022-08-04 08:04:15,0.0,7.2,16.9,2
2022-08-04 08:31:41,0.0,13.1,23.4,2
2022-08-04 16:35:10,0.0,15.7,33.5,3
2022-08-04 18:14:04,0.0,8.4,16.2,0
2022-08-04 23:17:10,0.0,10.0,16.2,0
2022-08-04 23:46:20,0.0,12.0,19.4,2
2022-08-05 01:10:33,0.0,15.6,25.9,0
2022-08-05 03:36:53,0.0,10.4,18.4,0
2022-08-05 07:27:38,0.0,15.2,26.6,2
2022-08-05 07:36:46,0.0,5.4,9.0,0
2022-08-05 07:57:17,0.0,2.7,7.2,0
2022-08-05 08:23:09,0.0,4.3,24.5,1
2022-08-05 10:06:33,0.0,13.0,28.4,0
2022-08-05 10:30:58,0.0,10.2,23.8,0
2022-08-05 11:59:46,0.0,18.5,33.8,1
2022-08-05 13:13:44,0.0,19.4,41.0,2
2022-08-05 18:01:52,0.0,10.8,31.7,1
2022-08-05 18:39:15,0.0,4.2,12.2,3
2022-08-05 22:44:16,0.0,21.7,41.8,2
2022-08-05 23:37:05,0.0,12.7,28.8,0
2022-08-05 23:54:46,0.0,21.4,42.8,1
2022-08-06 01:03:52,0.0,9.4,19.4,2
2022-08-06 03:36:39,0.0,18.4,34.9,2
2022-08-06 05:11:12,0.0,11.4,23.4,3
2022-08-06 09:53:18,0.0,16.4,34.6,1
2022-08-06 19:45:59,0.0,17.6,29.5,3
2022-08-06 20:58:53,0.0,13.7,26.6,3
2022-08-07 00:08:16,0.0,12.7,23.4,3
2022-08-07 03:10:45,0.0,11.0,31.3,3
2022-08-07 03:34:04,0.0,2.4,7.9,3
2022-08-07 07:29:41,0.0,5.5,17.6,2
2022-08-07 08:50:45,0.0,10.1,19.8,3
2022-08-07 19:48:46,0.0,8.9,16.6,3
2022-08-07 22:57:46,0.5,11.5,21.2,53
2022-08-08 01:00:45,0.0,12.2,25.9,3
2022-08-08 02:02:20,0.5,7.1,11.9,53
2022-08-08 03:37:47,1.5,9.7,17.3,61
2022-08-08 03:55:55,0.3,6.6,11.9,51
2022-08-08 07:03:03,1.0,6.7,15.5,55
2022-08-08 07:06:10,0.0,13.0,25.6,3
2022-08-08 07:13:06,2.2,11.2,20.9,61
2022-08-08 07:22:31,0.0,13.0,25.6,3
2022-08-08 07:23:46,2.7,12.3,24.8,63
2022-08-08 07:39:19,0.0,13.0,25.6,3
2022-08-08 07:44:59,0.0,10.4,23.4,3
2022-08-08 07:52:34,1.8,7.1,16.9,61
2022-08-08 07:56:39,2.3,16.2,26.6,61
2022-08-08 08:15:04,0.0,8.7,20.9,3
2022-08-08 08:22:03,2.1,8.0,19.8,61
2022-08-08 08:26:24,2.3,10.5,20.5,61
2022-08-08 08:28:32,2.7,8.0,16.2,63
2022-08-08 08:36:45,2.1,8.0,19.8,61
2022-08-08 08:42:49,1.7,13.8,29.5,61
2022-08-08 08:44:09,2.1,8.0,19.8,61
2022-08-08 09:18:43,0.3,10.6,25.6,51
2022-08-08 09:32:19,0.6,9.0,23.8,53
2022-08-08 10:14:31,0.1,12.5,25.9,51
2022-08-08 11:39:29,0.1,14.0,27.7,51
2022-08-08 13:11:53,0.0,7.2,18.4,3
2022-08-08 16:42:38,0.0,5.6,16.9,3
2022-08-08 17:25:08,0.0,7.1,22.3,3
2022-08-08 18:28:48,0.0,5.1,11.2,2
2022-08-08 18:47:44,0.0,6.2,14.0,3
2022-08-08 18:55:22,0.0,4.9,13.0,3
2022-08-09 00:45:29,0.0,2.3,7.9,3
2022-08-09 04:38:06,0.0,11.0,19.1,3
2022-08-09 06:17:51,0.0,8.0,17.6,3
2022-08-09 06:27:16,0.0,9.3,16.6,3
2022-08-09 07:49:29,0.0,10.0,16.2,3
2022-08-09 10:44:23,0.0,7.7,18.7,3
2022-08-09 12:41:12,0.0,9.3,21.2,3
2022-08-09 13:07:52,0.0,5.7,14.4,3
2022-08-09 19:08:24,0.4,8.3,16.2,51
2022-08-09 20:49:36,0.6,7.7,15.1,53
2022-08-09 20:55:09,0.6,7.7,15.1,53
2022-08-09 21:47:19,0.4,3.6,8.6,51
2022-08-09 23:09:20,0.5,6.1,14.0,53
2022-08-10 07:07:57,0.2,19.8,43.6,51
2022-08-10 07:27:08,0.2,17.9,34.9,51
2022-08-10 07:28:37,0.2,17.5,33.1,51
2022-08-10 07:57:50,0.3,19.6,46.4,51
2022-08-10 07:59:02,0.2,19.8,43.6,51
2022-08-10 08:04:22,0.3,20.5,36.7,51
2022-08-10 08:19:08,0.3,20.5,36.7,51
2022-08-10 09:25:53,0.0,28.5,45.0,3
2022-08-10 10:23:19,0.2,23.1,50.0,51
2022-08-10 11:01:24,0.0,34.8,56.5,1
2022-08-10 12:25:16,0.0,26.5,50.0,0
2022-08-10 16:14:48,0.1,33.2,67.7,51
2022-08-10 16:59:21,0.0,29.1,55.4,1
2022-08-10 17:29:47,0.0,28.5,65.9,0
2022-08-10 18:09:35,0.0,24.3,46.4,2
2022-08-10 19:01:39,0.1,25.6,56.5,51
2022-08-10 19:20:59,0.0,15.9,35.3,0
2022-08-10 19:59:40,0.0,13.6,33.1,1
2022-08-10 22:03:40,0.0,7.6,14.0,0
2022-08-10 22:27:46,0.0,16.3,29.2,3
2022-08-10 22:43:14,0.0,16.2,31.0,3
2022-08-10 23:13:53,0.0,18.5,32.4,3
2022-08-11 08:06:31,0.0,11.5,20.5,3
2022-08-11 11:48:20,0.0,17.2,33.1,2
2022-08-11 12:13:40,0.0,21.8,45.7,2
2022-08-11 14:59:41,0.0,19.5,38.5,3
2022-08-11 18:39:08,0.0,16.3,28.8,0
2022-08-11 18:56:26,0.0,15.1,31.0,1
2022-08-11 21:07:58,0.0,8.9,21.2,0
2022-08-11 22:31:56,0.0,12.8,26.6,3
2022-08-11 22:40:57,0.0,11.2,19.1,3
2022-08-12 06:01:22,0.0,12.2,26.6,3
2022-08-12 08:12:51,0.0,19.4,39.2,1
2022-08-12 10:34:03,0.0,14.2,29.2,0
2022-08-12 11:12:00,0.0,13.0,29.9,0
2022-08-12 11:34:23,0.0,13.2,29.5,0
2022-08-12 12:06:43,0.0,6.5,19.8,0
2022-08-12 12:38:12,0.0,14.9,34.2,0
2022-08-12 12:52:58,0.0,5.8,18.0,0
2022-08-12 13:44:55,0.0,14.5,34.9,0
2022-08-12 13:53:04,0.0,14.4,35.6,0
2022-08-12 14:56:42,0.0,13.0,31.7,0
2022-08-12 16:53:47,0.0,10.7,25.6,0
2022-08-12 19:21:47,0.0,6.5,14.8,0
2022-08-12 19:27:33,0.0,7.4,12.6,0
2022-08-12 19:30:01,0.0,13.6,30.6,0
2022-08-12 19:40:13,0.0,13.9,24.1,0
2022-08-12 20:06:58,0.0,11.2,25.9,0
2022-08-12 20:24:49,0.0,14.1,24.8,1
2022-08-12 23:24:33,0.0,6.9,13.7,0
2022-08-13 02:44:37,0.0,10.9,20.2,0
2022-08-13 06:20:23,0.0,8.0,12.6,0
2022-08-13 06:43:15,0.0,15.8,32.8,0
2022-08-13 11:06:34,0.0,12.6,32.0,0
2022-08-13 11:12:13,0.0,9.8,22.3,0
2022-08-13 11:14:29,0.0,9.8,22.3,0
2022-08-13 14:07:35,0.0,5.2,19.4,0
2022-08-13 15:28:14,0.0,8.7,20.5,0
2022-08-13 18:20:00,0.0,0.7,8.3,0
2022-08-13 18:22:29,0.0,7.3,11.2,0
2022-08-13 18:40:16,0.0,5.2,7.9,0
2022-08-13 20:20:32,0.0,8.3,14.8,0
2022-08-13 21:30:52,0.0,9.2,15.1,0
2022-08-13 23:58:49,0.0,7.9,14.4,0
2022-08-14 00:44:29,0.0,11.4,20.2,0
2022-08-14 01:40:03,0.0,13.0,26.6,0
2022-08-14 03:27:53,0.0,8.3,15.5,0
2022-08-14 05:31:56,0.0,6.1,7.9,0
2022-08-14 06:04:23,0.0,8.9,12.6,0
2022-08-14 08:55:17,0.0,7.2,13.3,0
2022-08-14 10:18:09,0.0,6.2,17.3,0
2022-08-14 10:39:52,0.0,5.0,15.8,0
2022-08-14 11:14:03,0.0,12.3,28.4,0
2022-08-14 11:25:25,0.0,8.5,20.9,0
2022-08-14 14:26:03,0.0,5.2,19.4,0
2022-08-14 15:37:20,0.0,5.9,18.0,0
2022-08-14 17:27:00,0.0,5.0,18.0,0
2022-08-14 17:27:42,0.0,3.1,14.4,0
2022-08-14 18:30:12,0.0,9.5,16.2,0
2022-08-14 19:47:17,0.0,7.9,11.5,0
2022-08-14 22:27:43,0.0,13.2,28.4,0
2022-08-15 01:33:05,0.0,6.5,13.3,0
2022-08-15 02:20:30,0.0,9.9,24.1,0
2022-08-15 03:47:37,0.0,15.6,26.3,0
2022-08-15 05:01:04,0.0,8.2,15.5,0
2022-08-15 05:33:49,0.0,18.1,30.6,0
2022-08-15 05:41:05,0.0,17.3,34.9,0
2022-08-15 06:07:42,0.0,17.3,31.7,0
2022-08-15 07:11:26,0.0,16.1,25.9,0
2022-08-15 07:37:35,0.0,6.6,11.2,0
2022-08-15 12:43:23,0.0,19.2,36.4,0
2022-08-15 14:17:32,0.0,16.2,35.3,0
2022-08-15 15:03:03,0.0,14.1,33.1,0
2022-08-15 17:41:16,0.0,4.1,17.3,0
2022-08-15 18:58:15,0.0,9.4,18.7,0
2022-08-15 21:56:57,0.0,17.3,28.1,0
2022-08-16 07:18:33,0.0,7.6,15.8,0
2022-08-16 09:15:50,0.0,20.5,40.3,3
2022-08-16 10:30:12,0.0,17.6,32.4,1
2022-08-16 13:47:34,0.0,16.8,43.6,2
2022-08-16 22:44:08,0.0,7.6,22.0,3
2022-08-17 06:25:32,0.0,2.2,5.0,3
2022-08-17 06:37:41,0.0,5.9,15.1,3
2022-08-17 07:47:01,0.0,6.1,12.6,3
2022-08-17 09:09:45,0.0,2.7,12.2,3
2022-08-17 11:32:06,0.0,7.7,17.6,3
2022-08-17 14:14:28,0.2,11.7,21.6,51
2022-08-17 14:36:37,0.0,14.7,30.2,3
2022-08-17 16:46:28,0.0,5.1,12.6,3
2022-08-17 17:12:18,0.0,1.8,13.7,3
2022-08-17 18:12:14,0.2,4.3,25.6,51
2022-08-17 18:39:21,0.0,7.9,10.8,3
2022-08-17 18:43:15,0.0,6.6,9.4,3
2022-08-17 18:54:31,0.0,6.7,11.2,3
2022-08-17 18:56:13,0.2,4.3,25.6,51
2022-08-17 18:58:26,0.0,6.6,9.4,3
2022-08-18 08:17:28,0.0,15.1,28.4,1
2022-08-18 08:22:59,0.0,19.4,32.0,2
2022-08-18 09:52:49,0.0,22.8,42.1,2
2022-08-18 14:08:58,0.0,23.2,50.0,3
2022-08-18 14:32:58,0.0,31.4,65.2,3
2022-08-18 15:29:47,0.0,19.7,60.1,2
2022-08-18 16:59:55,0.0,17.9,38.9,2
2022-08-18 18:37:51,0.0,10.5,28.1,3
2022-08-18 19:18:52,0.0,13.8,22.3,3
2022-08-18 22:34:49,0.0,5.5,10.4,3
2022-08-19 02:35:19,0.0,8.2,17.3,0
2022-08-19 06:18:29,0.0,24.5,42.8,3
2022-08-19 07:06:19,0.3,24.1,45.7,51
2022-08-19 07:17:11,0.2,21.5,42.1,51
2022-08-19 09:37:49,0.5,18.9,47.2,53
2022-08-19 11:39:17,0.1,25.7,46.1,51
2022-08-19 13:10:11,0.1,24.6,50.0,51
2022-08-19 13:43:21,0.1,28.7,47.5,51
2022-08-19 14:05:44,0.0,26.3,52.2,3
2022-08-19 14:08:29,0.0,26.4,48.2,3
2022-08-19 15:34:49,0.0,28.3,54.0,2
2022-08-19 16:22:31,0.0,26.4,51.1,1
2022-08-19 16:30:02,0.0,20.3,43.2,0
2022-08-19 18:14:13,0.0,24.1,49.3,0
2022-08-19 18:35:53,0.0,16.7,39.2,2
2022-08-19 19:59:47,0.0,25.0,40.7,3
2022-08-19 20:08:44,0.0,24.5,47.9,3
2022-08-19 21:14:04,0.0,24.3,47.5,3
2022-08-20 06:45:17,0.0,19.1,35.6,2
2022-08-20 08:28:43,0.1,28.0,53.6,51
2022-08-20 11:04:30,0.0,23.8,45.4,1
2022-08-20 12:30:27,0.0,27.1,58.0,2
2022-08-20 13:18:00,0.0,14.8,37.4,1
2022-08-20 18:22:40,0.0,8.0,14.8,3
2022-08-20 19:02:32,0.0,15.0,36.7,1
2022-08-20 21:27:19,0.0,15.3,32.8,1
2022-08-21 01:35:49,0.0,13.6,25.2,0
2022-08-21 05:11:16,0.0,17.3,28.4,0
2022-08-21 05:50:34,0.0,8.4,16.6,2
2022-08-21 11:06:48,0.0,6.1,19.4,1
2022-08-21 17:03:21,0.0,17.3,38.9,1
2022-08-21 18:22:16,0.0,15.3,38.9,1
2022-08-21 20:30:49,0.0,13.1,27.4,0
2022-08-21 21:03:04,0.0,18.6,34.9,0
2022-08-22 00:48:55,0.0,15.3,24.8,0
2022-08-22 02:23:00,0.0,5.7,10.4,0
2022-08-22 10:09:41,0.0,2.2,13.3,0
2022-08-22 14:56:47,0.0,7.0,19.4,0
2022-08-22 15:37:52,0.0,12.7,28.1,0
2022-08-22 18:29:53,0.0,18.4,34.9,0
2022-08-22 18:30:02,0.0,8.4,18.7,0
2022-08-22 19:01:43,0.0,11.0,19.1,0
2022-08-22 19:44:03,0.0,14.7,24.1,0
2022-08-22 19:46:53,0.0,14.7,24.1,0
2022-08-22 23:26:05,0.0,19.4,35.3,0
2022-08-22 23:29:50,0.0,7.6,16.6,0
2022-08-23 01:36:30,0.0,18.1,31.7,0
2022-08-23 04:04:49,0.0,6.8,11.2,2
2022-08-23 05:53:59,0.0,8.5,18.7,3
2022-08-23 07:58:48,0.0,10.3,16.2,0
2022-08-23 08:07:36,0.0,13.8,29.5,1
2022-08-23 08:09:15,0.0,14.0,27.7,3
2022-08-23 08:18:43,0.0,13.8,26.6,0
2022-08-23 08:37:45,0.0,10.6,24.5,2
2022-08-23 17:16:41,0.0,9.0,21.2,1
2022-08-23 17:25:49,0.0,9.0,21.2,1
2022-08-23 17:42:40,0.0,11.6,23.0,3
2022-08-23 18:31:06,0.0,7.8,15.8,3
2022-08-23 19:08:51,0.0,7.0,15.5,3
2022-08-23 20:06:34,0.0,14.5,32.0,3
2022-08-23 20:11:07,0.0,11.2,18.7,3
2022-08-23 22:45:31,0.0,18.8,33.1,3
2022-08-24 09:21:02,0.0,7.1,20.2,0
2022-08-24 10:46:37,0.0,14.6,29.2,1
2022-08-24 10:47:29,0.0,6.9,20.2,0
2022-08-24 13:16:48,0.0,7.0,22.0,3
2022-08-24 17:21:33,0.0,6.7,19.1,3
2022-08-24 18:53:01,0.0,11.3,18.0,0
2022-08-25 07:33:22,0.0,16.4,32.0,1
2022-08-25 09:17:58,0.0,5.6,18.0,0
2022-08-25 13:10:30,0.0,4.5,20.9,3
2022-08-25 18:45:33,0.0,4.0,12.2,2
2022-08-25 22:55:28,0.0,10.0,17.6,1
2022-08-26 05:19:01,0.0,7.8,13.3,0
2022-08-26 07:14:54,0.0,16.5,35.3,0
2022-08-26 07:19:36,0.0,11.7,27.0,0
2022-08-26 10:58:45,0.0,12.4,26.3,1
2022-08-26 12:37:25,0.0,10.3,30.6,1
2022-08-26 14:19:04,0.0,4.0,14.4,2
2022-08-26 14:46:57,0.0,2.6,14.0,3
2022-08-26 15:15:36,0.0,2.5,14.4,2
2022-08-26 18:11:45,0.0,8.9,25.6,3
2022-08-26 23:36:28,0.0,11.2,20.9,0
2022-08-27 01:00:00,0.0,9.4,15.1,0
2022-08-27 01:49:31,0.0,10.4,17.6,0
2022-08-27 05:27:50,0.0,12.4,22.3,0
2022-08-27 07:16:16,0.0,12.3,20.5,0
2022-08-27 07:49:27,0.0,8.3,14.8,0
2022-08-27 09:22:13,0.0,11.9,23.0,0
2022-08-27 09:57:58,0.0,15.2,27.4,0
2022-08-27 11:11:23,0.0,12.3,29.2,0
2022-08-27 17:38:52,0.0,3.6,13.7,3
2022-08-27 18:20:50,0.0,7.3,9.4,0
2022-08-27 18:21:00,0.0,5.0,7.2,0
2022-08-27 18:22:20,0.0,8.1,8.6,0
2022-08-27 19:24:10,0.0,7.6,12.2,0
2022-08-27 22:44:04,0.0,7.8,14.0,2
2022-08-27 23:47:56,0.0,9.5,15.5,0
2022-08-28 01:49:02,0.0,7.2,16.6,1
2022-08-28 04:59:28,0.0,8.5,17.3,0
2022-08-28 09:36:05,0.0,4.1,14.0,0
2022-08-28 11:13:27,0.0,6.1,22.7,1
2022-08-28 12:16:19,0.0,9.8,24.1,0
2022-08-28 13:04:00,0.0,11.3,26.6,0
2022-08-28 16:45:36,0.0,7.5,23.0,0
2022-08-28 19:18:54,0.0,20.4,39.6,3
2022-08-28 23:08:12,0.0,26.9,49.0,1
2022-08-29 05:37:16,0.0,21.9,38.9,3
2022-08-29 07:06:40,0.0,18.6,37.1,2
2022-08-29 08:52:56,0.0,29.1,52.6,3
2022-08-29 09:11:16,0.0,30.4,58.7,2
2022-08-29 10:15:04,0.0,33.8,63.0,3
2022-08-29 10:38:48,0.0,26.5,52.9,3
2022-08-29 10:41:08,0.0,28.7,56.5,3
2022-08-29 11:19:52,0.0,28.1,57.2,3
2022-08-29 12:17:15,0.0,29.8,63.4,3
2022-08-29 15:00:26,0.0,19.0,41.8,3
2022-08-29 22:20:45,0.0,20.7,40.3,0
2022-08-29 22:22:28,0.0,26.2,52.9,3
2022-08-30 02:23:37,0.0,17.8,34.9,1
2022-08-30 02:32:36,0.0,21.7,42.8,3
2022-08-30 05:45:31,0.0,18.1,39.6,2
2022-08-30 06:10:43,0.0,16.9,36.4,3
2022-08-30 06:58:00,0.0,19.8,34.9,2
2022-08-30 10:05:12,0.0,19.4,43.6,3
2022-08-30 11:05:42,0.0,25.5,53.3,3
2022-08-30 13:07:47,0.0,15.1,36.7,3
2022-08-30 23:43:25,0.0,15.5,30.6,2
2022-08-31 04:21:57,0.0,7.2,15.5,3
2022-08-31 05:53:49,0.0,14.7,24.8,0
2022-08-31 07:42:03,0.0,17.4,32.0,0
2022-08-31 08:05:47,0.0,16.6,34.6,0
2022-08-31 08:37:08,0.0,13.5,27.7,0
2022-08-31 08:45:29,0.0,13.5,27.7,0
2022-08-31 10:56:06,0.0,8.6,25.2,0
2022-08-31 12:14:44,0.0,11.2,31.0,0
2022-08-31 13:10:00,0.0,13.2,34.2,0
2022-08-31 14:23:47,0.0,9.4,25.2,0
2022-08-31 15:50:11,0.0,7.8,23.0,1
2022-08-31 18:55:20,0.0,15.2,27.7,0
2022-08-31 18:57:29,0.0,16.1,32.4,0
2022-08-31 19:08:00,0.0,13.8,21.2,0
2022-09-01 06:54:37,0.0,8.0,11.9,0
2022-09-01 07:06:00,0.0,14.8,27.4,0
2022-09-01 07:41:47,0.0,14.8,27.4,0
2022-09-01 07:53:39,0.0,9.2,14.4,0
2022-09-01 07:58:44,0.0,14.8,27.4,0
2022-09-01 08:58:36,0.0,10.1,21.6,0
2022-09-01 09:03:13,0.0,17.0,36.7,0
2022-09-01 10:30:08,0.0,15.9,35.3,0
2022-09-01 11:25:51,0.0,7.9,25.9,0
2022-09-01 12:58:59,0.0,10.7,29.2,0
2022-09-01 13:57:33,0.0,8.0,27.0,0
2022-09-01 14:07:44,0.0,7.6,24.1,0
2022-09-01 14:41:53,0.0,7.9,25.6,0
2022-09-01 16:15:33,0.0,9.3,22.7,0
2022-09-01 17:45:35,0.0,8.6,20.5,0
2022-09-01 18:09:58,0.0,7.0,9.0,0
2022-09-01 18:39:18,0.0,7.1,13.3,0
2022-09-01 19:01:07,0.0,8.7,14.8,0
2022-09-01 19:24:24,0.0,6.9,10.8,0
2022-09-01 21:08:08,0.0,10.9,17.6,0
2022-09-01 22:34:06,0.0,8.6,15.5,0
2022-09-02 06:49:51,0.0,11.1,18.0,1
2022-09-02 09:06:14,0.0,9.0,19.8,0
2022-09-02 10:56:01,0.0,12.2,29.5,0
2022-09-02 12:14:47,0.0,17.7,38.2,0
2022-09-02 12:44:06,0.0,17.7,38.2,0
2022-09-02 13:53:35,0.0,15.9,37.8,0
2022-09-02 14:44:06,0.0,15.8,36.0,0
2022-09-02 19:52:44,0.0,8.2,12.6,0
2022-09-02 22:18:55,0.0,8.7,12.2,0
2022-09-03 02:07:51,0.0,14.2,27.0,0
2022-09-03 03:32:29,0.0,5.2,9.7,0
2022-09-03 04:08:11,0.0,9.4,11.2,0
2022-09-03 07:04:00,0.0,13.9,27.7,0
2022-09-03 12:45:21,0.0,13.3,30.2,0
2022-09-03 12:49:49,0.0,13.3,30.2,0
2022-09-03 13:50:18,0.0,9.4,24.5,0
2022-09-03 14:50:20,0.0,17.2,37.8,0
2022-09-03 14:55:52,0.0,16.2,36.7,0
2022-09-03 15:31:54,0.0,12.5,27.4,0
2022-09-03 17:28:19,0.0,28.0,51.5,2
2022-09-03 21:52:17,0.1,25.1,49.3,51
2022-09-03 22:34:23,0.0,23.3,54.4,3
2022-09-04 00:20:18,0.0,24.6,51.5,3
2022-09-04 01:40:56,0.0,17.1,33.1,3
2022-09-04 02:01:09,10.0,22.3,47.9,65
2022-09-04 03:08:21,0.0,18.6,37.1,3
2022-09-04 04:01:56,0.0,21.3,35.6,3
2022-09-04 04:26:02,0.0,19.9,38.9,3
2022-09-04 06:22:45,0.0,24.2,46.1,3
2022-09-04 07:40:01,0.0,20.0,37.4,3
2022-09-04 13:26:09,0.0,23.0,44.3,1
2022-09-04 15:20:49,0.0,20.5,43.9,0
2022-09-04 16:59:03,0.0,23.2,51.5,3
2022-09-04 17:30:30,0.0,26.5,50.8,0
2022-09-04 19:06:19,0.0,20.6,41.4,3
2022-09-04 21:08:27,0.0,18.6,37.4,0
2022-09-04 22:56:14,0.0,20.1,37.4,1
2022-09-05 02:19:19,0.0,13.7,23.0,1
2022-09-05 06:54:32,0.0,12.7,28.4,3
2022-09-05 07:33:54,0.0,15.0,23.4,1
2022-09-05 07:35:20,0.0,13.9,26.6,0
2022-09-05 11:36:59,0.0,12.0,31.0,0
2022-09-05 11:57:51,0.0,8.6,32.8,1
2022-09-05 13:39:20,0.0,5.7,25.2,1
2022-09-05 13:44:49,0.0,18.1,34.2,1
2022-09-05 15:20:51,0.0,23.7,45.7,1
2022-09-05 18:21:10,0.2,17.6,36.0,51
2022-09-05 18:42:48,0.0,24.8,47.9,1
2022-09-05 19:23:17,0.0,19.3,38.2,3
2022-09-05 19:47:51,0.0,26.2,46.4,1
2022-09-05 19:50:53,0.0,21.9,47.5,1
2022-09-05 21:13:59,0.0,12.7,28.8,0
2022-09-05 23:54:19,0.0,11.6,20.9,2
2022-09-06 04:55:12,0.0,20.3,40.7,3
2022-09-06 07:33:03,0.0,16.8,28.8,0
2022-09-06 07:52:01,0.0,16.8,28.8,0
2022-09-06 09:05:20,0.0,14.8,28.8,0
2022-09-06 11:27:00,0.0,13.3,31.3,2
2022-09-06 11:51:18,0.0,13.3,31.3,2
2022-09-06 13:53:05,0.1,11.3,29.9,51
2022-09-06 15:36:39,0.0,8.0,23.8,2
2022-09-06 20:15:41,3.7,19.1,50.8,63
2022-09-06 23:09:00,0.0,10.0,19.4,3
2022-09-07 00:29:02,2.5,10.4,23.0,63
2022-09-07 01:06:53,1.5,11.9,21.2,61
2022-09-07 01:21:07,2.0,11.4,18.4,61
2022-09-07 02:05:07,1.0,7.4,12.2,55
2022-09-07 04:43:50,0.0,10.0,17.3,1
2022-09-07 04:47:14,1.7,15.8,33.8,61
2022-09-07 07:03:35,2.2,15.3,33.1,61
2022-09-07 07:54:31,0.5,15.0,23.0,53
2022-09-07 08:36:45,0.0,20.2,36.0,3
2022-09-07 08:54:41,0.0,20.2,36.0,3
2022-09-07 10:26:20,2.0,8.0,20.2,61
2022-09-07 11:28:40,1.6,16.2,28.4,61
2022-09-07 11:42:27,1.6,16.2,28.4,61
2022-09-07 11:51:08,1.5,17.4,30.6,61
2022-09-07 12:24:36,1.1,14.2,33.5,55
2022-09-07 12:36:01,1.1,15.4,34.6,55
2022-09-07 12:54:14,1.1,15.4,34.6,55
2022-09-07 13:02:03,0.2,12.6,27.7,51
2022-09-07 13:05:04,0.2,11.9,30.6,51
2022-09-07 13:14:45,0.2,12.6,27.7,51
2022-09-07 13:29:41,0.2,12.6,27.7,51
2022-09-07 17:00:24,0.0,5.3,13.0,1
2022-09-07 18:20:20,0.0,7.5,10.8,1
2022-09-07 18:36:37,0.0,6.9,10.1,0
2022-09-07 18:40:01,0.0,6.6,11.5,1
2022-09-07 22:54:53,0.0,15.4,27.7,0
2022-09-07 23:01:45,0.0,15.5,29.2,0
2022-09-07 23:14:53,0.0,17.8,33.5,0
2022-09-08 01:35:27,0.0,13.7,27.7,0
2022-09-08 06:53:19,0.0,16.6,28.1,3
2022-09-08 08:41:56,0.0,6.1,14.4,0
2022-09-08 08:56:11,0.0,6.5,13.3,0
2022-09-08 09:01:47,0.0,13.1,19.1,0
2022-09-08 11:07:07,0.0,12.6,32.4,1
2022-09-08 13:59:47,0.0,12.7,30.2,2
2022-09-08 16:46:23,0.0,14.1,29.5,0
2022-09-08 17:12:50,0.0,4.8,19.1,0
2022-09-08 17:25:53,0.0,6.1,24.8,0
2022-09-08 17:34:16,0.0,8.8,19.8,0
2022-09-08 19:29:49,0.0,2.9,13.3,0
2022-09-08 19:43:42,0.0,5.2,9.7,0
2022-09-08 20:16:00,0.0,8.0,14.8,3
2022-09-08 21:26:58,0.0,9.7,12.6,0
2022-09-08 22:29:12,0.0,13.2,22.0,2
2022-09-08 22:50:37,0.0,11.3,20.5,0
2022-09-08 23:37:00,0.0,8.9,17.3,1
2022-09-08 23:49:36,0.0,8.9,17.3,1
2022-09-09 00:18:53,0.0,6.9,11.5,3
2022-09-09 07:38:27,0.0,8.7,19.8,1
2022-09-09 07:46:15,0.0,15.5,23.8,3
2022-09-09 07:52:23,0.0,10.9,22.7,3
2022-09-09 07:57:15,0.0,6.2,14.8,1
2022-09-09 08:14:16,0.0,14.6,30.2,0
2022-09-09 08:14:43,0.0,14.8,26.3,1
2022-09-09 08:20:32,0.0,10.1,20.5,0
2022-09-09 12:50:12,0.0,20.5,45.0,0
2022-09-09 15:07:16,0.0,15.5,36.7,1
2022-09-09 15:20:07,0.0,14.1,29.9,1
2022-09-09 16:54:57,0.0,12.7,28.1,1
2022-09-09 18:07:15,0.0,6.3,9.4,1
2022-09-09 19:16:57,0.0,10.3,13.3,0
2022-09-09 21:04:10,0.0,6.2,7.9,0
2022-09-09 21:40:12,0.0,6.2,7.9,0
2022-09-10 00:22:30,0.0,8.2,14.8,3
2022-09-10 02:05:47,0.0,7.9,13.7,2
2022-09-10 04:39:09,0.0,8.8,14.0,1
2022-09-10 09:13:10,0.0,8.9,19.4,0
2022-09-10 09:55:02,0.0,14.8,31.7,0
2022-09-10 10:12:41,0.0,17.5,37.1,0
2022-09-10 10:15:00,0.0,9.8,22.3,0
2022-09-10 10:15:33,0.0,12.7,28.8,0
2022-09-10 10:27:07,0.0,12.7,28.8,0
2022-09-10 12:01:47,0.0,16.1,37.1,0
2022-09-10 12:15:46,0.0,16.3,36.4,0
2022-09-10 13:19:33,0.0,10.9,29.9,0
2022-09-10 15:06:15,0.0,20.6,42.5,2
2022-09-10 22:07:11,0.0,19.6,39.2,3
2022-09-11 06:34:13,0.0,16.1,34.6,3
2022-09-11 07:25:40,0.0,11.5,19.4,0
2022-09-11 15:57:35,0.0,12.4,29.5,0
2022-09-11 16:28:16,0.0,14.8,31.7,0
2022-09-11 18:47:58,0.0,14.3,28.1,0
2022-09-11 19:43:57,0.0,18.4,37.1,3
2022-09-11 22:26:33,0.0,20.6,39.2,0
2022-09-12 01:55:33,0.0,14.6,30.2,3
2022-09-12 05:31:21,0.0,5.0,15.8,2
2022-09-12 07:48:22,0.0,11.0,19.4,1
2022-09-12 08:09:35,0.0,4.0,13.0,1
2022-09-12 10:48:39,0.0,4.6,33.8,2
2022-09-12 13:07:43,0.0,4.9,23.4,1
2022-09-12 13:09:50,0.0,5.6,22.0,2
2022-09-12 16:20:17,0.0,14.4,32.0,2
2022-09-12 18:31:39,0.0,13.2,25.6,3
2022-09-12 19:39:30,0.0,8.0,12.2,0
2022-09-12 23:36:50,0.0,15.6,31.0,3
2022-09-13 04:31:19,0.0,12.5,23.0,2
2022-09-13 05:50:01,0.0,8.4,14.4,2
2022-09-13 06:56:39,0.0,4.5,13.0,1
2022-09-13 07:40:01,0.0,9.4,15.8,0
2022-09-13 07:44:09,0.0,9.8,14.8,1
2022-09-13 07:55:13,0.0,11.5,16.2,1
2022-09-13 08:27:03,0.0,8.8,18.4,1
2022-09-13 08:45:30,0.0,5.8,13.0,1
2022-09-13 09:34:05,0.0,12.5,24.1,2
2022-09-13 10:04:40,0.1,12.1,28.4,51
2022-09-13 10:07:31,0.1,12.1,28.4,51
2022-09-13 10:19:38,0.2,12.2,27.7,51
2022-09-13 10:22:38,0.6,12.2,28.4,53
2022-09-13 10:34:13,0.6,12.2,28.4,53
2022-09-13 11:25:17,0.0,5.4,26.6,1
2022-09-13 11:46:23,0.0,16.3,36.7,3
2022-09-13 12:28:26,0.0,16.7,38.2,3
2022-09-13 14:44:00,0.0,14.7,34.2,3
2022-09-13 14:56:01,0.0,6.1,21.6,1
2022-09-13 21:18:52,0.0,9.8,13.7,0
2022-09-13 23:56:00,0.0,16.3,28.4,2
2022-09-14 02:35:15,0.0,12.0,19.1,2
2022-09-14 04:12:34,0.0,10.5,22.7,0
2022-09-14 06:05:48,0.0,12.6,32.0,3
2022-09-14 06:41:35,0.0,23.0,38.9,1
2022-09-14 07:06:21,0.0,17.9,36.0,3
2022-09-14 07:18:48,0.0,17.9,36.0,3
2022-09-14 07:21:01,0.0,14.8,28.8,3
2022-09-14 07:23:03,0.0,10.3,18.4,2
2022-09-14 07:30:50,0.0,21.9,40.3,2
2022-09-14 07:41:30,0.0,22.2,40.7,2
2022-09-14 07:55:57,0.0,23.8,43.9,2
2022-09-14 08:11:24,0.0,7.3,18.7,2
2022-09-14 08:51:42,0.0,8.6,19.4,1
2022-09-14 09:16:51,0.0,10.9,29.2,2
2022-09-14 09:27:22,0.3,14.7,38.2,51
2022-09-14 10:43:43,0.6,13.2,25.6,53
2022-09-14 11:09:51,0.9,8.0,19.4,53
2022-09-14 11:21:30,1.1,9.0,22.7,55
2022-09-14 11:57:56,0.9,11.7,21.2,53
2022-09-14 13:08:55,0.0,13.6,30.2,3
2022-09-14 16:43:42,0.0,15.8,35.6,2
2022-09-14 19:10:03,0.2,9.5,29.5,51
2022-09-14 20:29:06,0.0,11.0,23.0,3
2022-09-14 23:29:46,0.4,11.3,20.5,51
2022-09-15 00:13:10,0.0,15.6,33.5,3
2022-09-15 06:35:42,0.3,13.9,25.6,51
2022-09-15 07:05:37,0.0,13.4,21.2,3
2022-09-15 07:12:45,0.0,16.0,25.6,3
2022-09-15 08:24:24,0.1,18.9,35.3,51
2022-09-15 17:03:35,0.0,15.0,28.4,3
2022-09-15 17:34:13,0.0,14.5,27.0,3
2022-09-15 17:44:16,0.0,18.2,30.6,3
2022-09-15 18:10:50,0.0,13.7,26.3,1
2022-09-15 18:25:12,0.0,14.4,31.0,3
2022-09-15 18:34:49,0.0,15.5,26.3,3
2022-09-15 19:01:35,0.0,13.3,26.3,3
2022-09-15 19:14:17,0.0,19.6,34.9,3
2022-09-15 19:17:22,0.0,15.2,28.1,3
2022-09-15 20:25:31,0.0,12.8,23.4,2
2022-09-16 00:41:45,0.0,17.8,29.9,3
2022-09-16 04:41:26,0.0,15.5,30.2,3
2022-09-16 08:15:52,0.0,20.9,35.3,3
2022-09-16 09:53:19,0.0,17.8,33.1,3
2022-09-16 12:48:55,0.0,24.7,48.6,3
2022-09-16 16:03:54,0.0,16.8,33.8,3
2022-09-16 17:30:49,0.0,20.2,41.8,3
2022-09-16 18:45:06,0.0,15.0,31.0,1
2022-09-16 21:07:52,0.0,15.6,37.8,1
2022-09-16 23:35:50,0.0,17.6,35.6,2
2022-09-16 23:44:47,0.0,16.6,32.8,2
2022-09-16 23:47:07,0.0,17.1,33.8,1
2022-09-16 23:52:15,0.0,21.4,36.0,0
2022-09-17 02:13:04,0.0,12.2,22.3,0
2022-09-17 03:00:00,0.0,13.1,24.5,1
2022-09-17 04:29:56,0.0,14.5,27.7,0
2022-09-17 06:26:49,0.0,17.1,32.4,3
2022-09-17 09:49:02,0.0,10.1,25.6,0
2022-09-17 10:49:54,0.0,21.7,43.9,0
2022-09-17 13:39:45,0.0,21.4,50.0,0
2022-09-17 17:49:38,0.0,16.0,32.0,0
2022-09-17 20:47:45,0.0,22.3,41.8,0
2022-09-17 21:26:02,0.0,25.5,42.1,0
2022-09-17 21:44:25,0.0,17.0,28.8,3
2022-09-18 01:26:03,0.0,15.7,28.8,0
2022-09-18 03:29:01,0.0,23.5,43.6,0
2022-09-18 06:22:46,0.0,16.9,31.3,0
2022-09-18 12:05:11,0.0,8.9,27.7,0
2022-09-18 14:45:47,0.0,11.3,25.9,0
2022-09-18 15:51:02,0.0,10.1,24.8,0
2022-09-18 16:40:52,0.0,11.3,23.8,0
2022-09-18 17:11:54,0.0,13.8,26.3,0
2022-09-18 18:29:23,0.0,10.9,19.4,0
2022-09-18 19:03:18,0.0,16.6,26.3,0
2022-09-18 23:07:22,0.0,10.8,21.6,0
2022-09-18 23:08:38,0.0,9.0,29.2,0
2022-09-18 23:51:49,0.0,9.0,29.2,0
2022-09-19 06:09:27,0.0,10.4,20.2,0
2022-09-19 06:37:36,0.0,6.9,19.1,1
2022-09-19 07:48:11,0.0,7.6,14.4,0
2022-09-19 07:52:01,0.0,11.3,16.6,0
2022-09-19 07:55:18,0.0,11.8,21.2,0
2022-09-19 08:15:23,0.0,11.5,22.3,1
2022-09-19 08:47:19,0.0,10.0,23.0,0
2022-09-19 08:55:28,0.0,7.8,18.7,1
2022-09-19 10:08:45,0.0,11.9,25.2,3
2022-09-19 11:38:38,0.0,8.0,23.0,0
2022-09-19 17:10:41,0.0,2.3,10.1,0
2022-09-19 19:40:00,0.0,7.4,11.9,0
2022-09-19 20:40:51,0.0,19.7,34.2,3
2022-09-19 20:56:43,0.0,19.7,34.2,3
2022-09-19 22:31:47,0.0,14.8,32.8,3
2022-09-19 22:54:01,0.0,12.0,29.5,3
2022-09-19 23:51:33,0.0,9.6,16.2,2
2022-09-20 00:18:34,0.0,7.1,16.2,2
2022-09-20 03:57:25,0.0,5.4,18.0,3
2022-09-20 07:13:48,0.0,11.0,18.7,3
2022-09-20 07:40:37,0.2,13.8,25.2,51
2022-09-20 07:54:59,0.1,11.0,18.4,51
2022-09-20 08:43:45,0.0,8.7,17.6,3
2022-09-20 10:15:21,0.0,8.0,23.8,3
2022-09-20 15:13:58,0.0,13.8,33.1,3
2022-09-20 17:59:47,0.0,13.7,27.7,1
2022-09-20 18:27:09,0.0,5.5,22.0,2
2022-09-20 18:32:13,0.1,13.9,23.0,51
2022-09-20 19:18:39,0.0,5.4,11.5,3
2022-09-21 07:40:56,0.0,13.2,23.0,1
2022-09-21 07:45:07,0.0,13.6,24.8,0
2022-09-21 08:06:30,0.0,7.6,18.7,0
2022-09-21 09:09:59,0.0,8.3,20.9,0
2022-09-21 09:10:25,0.0,7.3,17.6,0
2022-09-21 09:32:32,0.0,7.3,17.6,0
2022-09-21 15:25:06,0.0,9.7,23.8,3
2022-09-21 17:24:14,0.0,6.0,16.2,3
2022-09-21 18:47:51,0.0,20.5,34.9,3
2022-09-21 18:57:44,0.0,6.0,11.9,3
2022-09-21 19:31:24,0.0,6.2,8.3,3
2022-09-21 19:41:50,0.0,5.6,8.3,3
2022-09-21 20:09:49,0.0,4.8,7.2,3
2022-09-21 20:25:00,0.0,5.9,9.7,3
2022-09-21 23:47:14,0.0,8.4,17.6,3
2022-09-22 00:01:01,0.1,12.5,21.2,51
2022-09-22 03:57:00,0.1,1.8,9.7,51
2022-09-22 05:43:30,0.4,3.5,10.8,51
2022-09-22 08:00:11,0.0,17.1,25.9,3
2022-09-22 08:13:18,0.0,10.5,21.6,3
2022-09-22 08:42:12,0.4,11.9,26.3,51
2022-09-22 10:06:16,0.2,16.2,34.6,51
2022-09-22 10:57:48,0.2,16.2,34.6,51
2022-09-22 12:38:21,1.5,17.9,41.4,61
2022-09-22 12:42:31,3.8,19.5,45.0,63
2022-09-22 15:33:45,0.9,12.7,34.6,53
2022-09-22 17:43:36,0.1,7.4,16.2,51
2022-09-22 18:12:39,0.1,10.0,23.4,51
2022-09-22 18:14:10,0.0,3.9,19.8,3
2022-09-22 18:24:00,5.0,8.3,19.1,63
2022-09-22 18:52:20,0.1,10.0,23.4,51
2022-09-22 21:24:11,0.0,8.1,11.9,2
2022-09-22 23:08:16,0.0,11.2,20.2,1
2022-09-23 00:28:35,0.0,6.5,12.2,2
2022-09-23 05:03:24,0.0,5.4,10.1,2
2022-09-23 06:53:49,0.0,8.3,11.2,0
2022-09-23 07:09:15,0.0,6.6,11.9,0
2022-09-23 09:10:10,0.0,12.6,24.5,0
2022-09-23 10:17:22,0.0,8.6,22.7,3
2022-09-23 12:03:42,0.0,14.0,31.3,1
2022-09-23 12:17:40,0.0,12.5,28.1,1
2022-09-23 16:01:24,0.0,12.8,29.5,0
2022-09-23 17:57:48,0.0,9.7,23.8,0
2022-09-23 18:29:28,0.0,9.4,16.9,0
2022-09-23 20:12:56,0.0,12.5,24.8,0
2022-09-23 20:14:12,0.0,12.0,28.8,0
2022-09-23 21:47:38,0.0,8.6,15.5,3
2022-09-23 23:17:07,0.0,19.6,34.2,0
2022-09-24 02:19:33,0.0,6.5,11.9,0
2022-09-24 03:46:20,0.0,8.4,14.4,0
2022-09-24 12:24:00,0.0,4.8,16.6,0
2022-09-24 12:59:35,0.0,6.1,22.3,2
2022-09-24 15:30:38,0.0,17.9,34.6,0
2022-09-24 17:06:18,0.0,16.6,30.6,1
2022-09-24 19:10:46,0.0,21.7,37.4,0
2022-09-24 19:41:02,0.0,9.2,15.5,0
2022-09-24 20:47:54,0.0,22.7,38.9,0
2022-09-24 22:21:55,0.0,14.7,27.7,0
2022-09-24 22:36:27,0.0,9.3,18.7,1
2022-09-25 00:49:24,0.0,12.8,27.0,1
2022-09-25 01:20:40,0.0,12.0,22.3,2
2022-09-25 05:41:34,0.0,19.4,38.5,2
2022-09-25 19:45:23,0.0,7.0,11.5,1
2022-09-25 22:37:58,0.0,23.8,45.7,1
2022-09-26 03:28:01,0.0,6.9,12.6,3
2022-09-26 05:20:14,0.0,11.6,24.5,3
2022-09-26 07:31:38,0.0,15.0,29.9,3
2022-09-26 07:40:59,0.1,7.4,13.0,51
2022-09-26 07:58:05,0.0,13.8,27.7,3
2022-09-26 08:10:56,0.0,14.2,29.9,3
2022-09-26 08:23:32,0.0,16.3,31.0,3
2022-09-26 11:15:22,0.0,14.9,35.6,3
2022-09-26 13:13:25,0.0,5.5,22.0,3
2022-09-26 13:17:22,4.0,9.7,29.9,63
2022-09-26 13:39:35,0.0,16.3,32.0,3
2022-09-26 14:08:26,0.5,11.0,25.9,53
2022-09-26 14:12:08,0.8,11.5,31.3,53
2022-09-26 14:16:52,0.9,10.8,25.6,53
2022-09-26 15:33:35,2.4,13.0,28.4,61
2022-09-26 17:30:50,0.0,13.9,29.5,3
2022-09-26 17:50:09,0.1,12.5,28.1,51
2022-09-26 18:55:41,0.5,9.7,23.0,53
2022-09-26 19:05:24,0.4,16.9,31.3,51
2022-09-26 19:06:21,3.9,12.1,21.6,63
2022-09-26 23:57:04,1.3,8.4,15.5,61
2022-09-27 06:11:50,2.1,4.8,10.1,61
2022-09-27 06:44:18,2.1,3.3,22.0,61
2022-09-27 07:12:00,0.8,2.4,6.5,53
2022-09-27 07:47:13,0.7,5.1,8.6,53
2022-09-27 08:00:26,0.3,5.6,11.2,51
2022-09-27 08:30:10,0.0,5.7,14.8,3
2022-09-27 09:28:24,0.0,3.2,15.5,3
2022-09-27 11:30:10,0.0,7.7,17.3,3
2022-09-27 14:26:25,0.3,5.8,22.3,51
2022-09-27 16:18:04,5.4,3.9,16.6,63
2022-09-27 16:56:47,5.2,10.0,32.4,63
2022-09-27 17:41:59,4.7,5.4,11.5,63
2022-09-27 18:35:23,0.3,10.4,21.2,51
2022-09-27 18:41:05,0.9,4.3,7.2,53
2022-09-27 19:42:08,0.4,5.1,9.4,51
2022-09-28 00:47:40,0.0,18.1,31.7,3
2022-09-28 05:05:00,0.0,12.0,22.0,3
2022-09-28 06:23:48,0.0,14.6,23.0,3
2022-09-28 06:34:26,0.3,17.4,30.2,51
2022-09-28 06:38:47,0.0,14.6,23.0,3
2022-09-28 08:35:08,0.2,20.7,37.4,51
2022-09-28 09:18:32,1.5,11.0,27.4,61
2022-09-28 10:27:16,2.0,15.0,26.3,61
2022-09-28 11:07:25,1.1,13.2,27.0,55
2022-09-28 11:10:12,1.1,13.2,27.0,55
2022-09-28 12:18:23,0.3,14.2,29.5,51
2022-09-28 13:23:31,0.2,18.0,35.6,51
2022-09-28 14:41:59,0.4,18.5,40.7,51
2022-09-28 15:30:08,0.2,21.3,39.6,51
2022-09-28 16:09:41,0.0,20.2,40.7,3
2022-09-28 19:45:13,0.1,22.5,43.2,51
2022-09-28 22:22:31,0.5,17.1,29.5,53
2022-09-29 03:14:24,0.1,16.6,32.0,51
2022-09-29 04:25:48,0.0,14.7,27.7,3
2022-09-29 05:56:57,0.0,13.7,26.6,3
2022-09-29 06:10:50,0.0,24.6,42.1,3
2022-09-29 06:17:55,0.0,21.4,38.5,3
2022-09-29 07:03:04,0.0,11.2,23.8,3
2022-09-29 07:32:09,0.0,22.9,45.7,3
2022-09-29 07:41:39,0.0,22.2,42.1,3
2022-09-29 10:11:13,0.0,22.9,45.0,3
2022-09-29 10:21:49,0.0,17.1,36.4,0
2022-09-29 15:52:56,0.0,20.9,38.9,3
2022-09-29 18:13:52,0.0,19.4,38.2,3
2022-09-29 18:35:51,0.0,20.5,36.0,3
2022-09-29 21:28:35,0.0,19.2,37.4,3
2022-09-29 21:28:36,0.0,26.4,45.4,3
2022-09-29 23:06:55,0.0,6.9,17.3,0
2022-09-30 07:48:28,0.0,18.7,30.6,3
2022-09-30 08:20:56,0.0,23.1,43.2,2
2022-09-30 12:08:00,0.0,15.1,31.3,3
2022-09-30 12:13:50,0.0,18.3,33.1,3
2022-09-30 12:37:30,0.0,17.4,33.8,3
2022-09-30 13:32:36,0.0,17.9,34.9,3
2022-09-30 16:12:57,0.7,12.4,25.2,53
2022-09-30 16:41:58,0.6,12.6,22.3,53
2022-09-30 17:05:36,0.5,12.9,24.1,53
2022-09-30 17:53:02,0.0,17.2,29.5,3
2022-09-30 18:39:20,0.0,12.8,30.2,3
2022-09-30 18:47:31,1.4,13.0,21.6,61
2022-09-30 18:56:36,0.1,7.2,18.0,51
2022-09-30 19:04:21,0.1,15.6,27.7,51
2022-09-30 19:17:01,0.1,9.7,21.2,51
2022-09-30 19:31:42,0.1,15.6,27.7,51
2022-09-30 19:54:25,0.1,15.6,27.7,51
2022-09-30 20:52:15,0.0,10.9,23.8,3
2022-09-30 21:51:00,0.0,7.4,21.6,1
2022-09-30 22:40:17,0.2,0.8,20.9,51
2022-10-01 01:04:40,0.3,1.3,4.3,51
2022-10-01 05:14:55,0.0,6.9,11.2,3
2022-10-01 05:20:40,0.0,7.0,14.0,3
2022-10-01 05:43:18,0.0,8.9,15.8,3
2022-10-01 06:37:38,0.0,5.2,12.2,3
2022-10-01 06:42:35,0.0,9.9,18.7,3
2022-10-01 07:09:26,0.0,3.4,7.6,3
2022-10-01 11:29:53,0.1,7.8,18.4,51
2022-10-01 16:16:45,0.2,10.3,28.4,51
2022-10-01 18:25:03,1.2,6.9,14.8,55
2022-10-01 22:03:28,0.0,16.1,26.6,0
2022-10-02 00:04:41,0.0,6.3,15.8,0
2022-10-02 00:09:05,0.0,6.3,15.8,0
2022-10-02 01:11:24,0.0,7.1,9.7,1
2022-10-02 03:15:27,0.0,4.1,8.3,3
2022-10-02 04:13:34,0.0,12.9,22.3,0
2022-10-02 04:28:08,0.0,9.2,16.6,0
2022-10-02 04:49:54,0.0,9.9,18.7,1
2022-10-02 04:51:15,0.0,4.1,8.3,3
2022-10-02 05:42:57,0.0,14.0,24.8,0
2022-10-02 15:14:22,0.0,12.0,24.5,0
2022-10-02 17:01:04,0.0,17.6,35.6,0
2022-10-02 21:50:28,0.0,20.3,37.1,1
2022-10-02 23:01:05,0.0,21.3,36.0,3
2022-10-03 08:59:46,0.0,11.1,23.8,3
2022-10-03 10:21:54,0.7,11.6,33.1,53
2022-10-03 16:57:48,0.0,12.1,30.6,1
2022-10-03 17:09:39,0.0,11.9,23.0,1
2022-10-04 08:08:00,0.0,14.8,30.2,3
2022-10-04 10:41:57,0.0,4.8,18.7,1
2022-10-04 10:59:56,0.1,6.4,19.8,51
2022-10-04 13:57:41,0.2,9.6,27.7,51
2022-10-04 18:04:33,0.0,8.6,21.6,1
2022-10-04 19:48:09,0.0,15.1,26.6,1
2022-10-05 07:08:12,0.0,13.6,25.2,0
2022-10-05 08:24:32,0.0,12.4,25.9,0
2022-10-05 15:14:40,0.0,11.9,28.1,1
2022-10-05 17:01:07,0.0,7.3,19.4,0
2022-10-05 17:37:09,0.0,18.5,36.4,2
2022-10-05 19:56:54,0.0,16.1,23.8,3
2022-10-06 02:48:00,0.0,10.7,19.4,3
2022-10-06 03:56:33,0.0,10.9,18.7,0
2022-10-06 06:38:22,0.0,8.3,19.8,3
2022-10-06 10:48:03,0.0,17.9,37.4,1
2022-10-06 11:32:38,0.0,19.6,33.8,3
2022-10-06 13:13:06,0.0,20.2,45.4,3
2022-10-06 15:19:00,0.0,8.6,38.9,3
2022-10-06 15:38:46,0.0,17.8,41.4,3
2022-10-06 18:19:07,0.9,3.4,20.2,53
2022-10-06 18:25:46,11.0,1.1,30.6,65
2022-10-06 19:07:58,0.7,5.4,12.2,53
2022-10-06 20:32:45,9.3,4.7,13.3,65
2022-10-06 22:38:29,4.0,6.8,32.4,63
2022-10-07 03:11:31,1.3,11.5,28.8,61
2022-10-07 03:12:01,2.6,11.9,24.1,63
2022-10-07 05:37:22,0.2,9.2,25.2,51
2022-10-07 05:44:05,2.4,13.7,23.4,61
2022-10-07 06:06:34,2.2,16.7,33.8,61
2022-10-07 06:15:36,3.4,15.1,29.9,63
2022-10-07 07:22:21,1.2,14.1,25.9,55
2022-10-07 10:52:13,0.7,25.0,58.3,53
2022-10-07 16:06:58,0.0,21.6,46.4,3
2022-10-07 16:41:55,0.0,19.2,45.0,3
2022-10-07 18:35:09,0.0,14.0,32.4,2
2022-10-07 19:53:05,0.0,11.9,24.8,3
2022-10-07 20:35:31,0.0,8.8,16.2,3
2022-10-07 21:42:27,0.0,9.1,14.4,3
2022-10-07 22:44:36,0.0,7.1,15.5,3
2022-10-07 22:49:35,0.0,7.3,13.0,3
2022-10-07 23:57:50,0.0,8.7,18.7,3
2022-10-08 00:31:52,0.0,7.6,17.3,3
2022-10-08 02:54:33,0.0,4.4,9.7,3
2022-10-08 08:33:49,0.0,1.5,10.4,3
2022-10-08 11:12:18,0.0,9.0,24.8,3
2022-10-08 11:17:41,0.0,7.0,19.1,3
2022-10-08 12:48:56,0.0,6.2,18.4,3
2022-10-08 15:33:56,0.0,4.7,16.9,3
2022-10-08 16:20:06,0.0,8.3,21.6,2
2022-10-08 17:54:21,0.0,5.4,16.2,3
2022-10-08 19:21:31,0.0,8.2,12.6,3
2022-10-08 21:49:19,0.0,5.3,9.0,3
2022-10-08 23:34:32,0.0,7.4,9.7,3
2022-10-09 00:18:16,0.0,6.0,9.7,2
2022-10-09 04:41:16,0.0,5.8,10.1,3
2022-10-09 06:41:29,0.0,8.8,11.5,3
2022-10-09 07:19:36,0.0,5.1,11.9,2
2022-10-09 10:25:05,0.0,8.7,21.2,3
2022-10-09 12:01:50,0.5,14.2,32.8,53
2022-10-09 12:10:59,0.0,10.6,26.3,2
2022-10-09 12:33:53,0.3,14.5,37.8,51
2022-10-09 15:07:00,1.5,13.0,41.8,61
2022-10-09 17:18:33,1.1,10.2,19.8,55
2022-10-09 18:40:19,7.8,3.1,16.2,65
2022-10-09 20:22:36,2.2,5.8,11.2,61
2022-10-09 21:39:40,0.8,7.9,18.7,53
2022-10-09 22:47:05,0.5,6.0,15.1,53
2022-10-09 23:15:49,0.3,11.3,18.7,51
2022-10-10 00:48:38,0.4,7.9,14.0,51
2022-10-10 12:44:48,1.9,5.8,15.5,61
2022-10-10 12:46:44,0.3,4.9,17.6,51
2022-10-10 13:17:25,1.9,5.5,16.9,61
2022-10-10 14:31:47,0.0,7.1,18.0,3
2022-10-10 18:57:26,0.0,8.2,16.6,3
2022-10-10 20:43:14,0.0,10.5,17.3,3
2022-10-11 01:31:48,0.0,7.0,11.9,3
2022-10-11 02:48:00,0.0,14.4,25.9,0
2022-10-11 07:21:08,0.0,16.4,25.6,3
2022-10-11 07:57:53,0.0,11.3,25.6,3
2022-10-11 07:59:03,0.0,14.0,23.0,3
2022-10-11 08:30:15,0.0,9.8,20.2,3
2022-10-11 09:26:58,0.0,4.5,15.5,3
2022-10-11 16:20:30,0.2,12.0,24.8,51
2022-10-11 18:09:52,0.0,9.2,14.8,3
2022-10-11 18:51:52,0.0,9.6,15.8,3
2022-10-11 20:19:52,0.0,4.0,6.5,3
2022-10-11 20:30:12,0.0,8.2,13.3,3
2022-10-11 23:42:59,0.0,6.9,11.9,3
2022-10-11 23:59:35,0.0,6.3,10.4,3
2022-10-12 03:14:50,0.0,4.7,13.7,3
2022-10-12 06:34:06,0.0,5.8,11.5,3
2022-10-12 09:13:47,0.0,3.8,16.6,3
2022-10-12 10:28:11,0.0,2.4,14.4,3
2022-10-12 14:03:03,0.0,5.5,22.0,3
2022-10-12 14:20:53,0.0,3.2,17.3,3
2022-10-12 18:12:33,0.0,6.9,15.1,1
2022-10-12 21:23:35,0.0,14.2,15.5,3
2022-10-13 07:27:29,0.0,7.2,16.2,3
2022-10-13 07:36:41,0.0,8.5,16.9,3
2022-10-13 09:25:09,0.0,9.1,16.6,1
2022-10-13 10:20:01,0.0,11.5,25.9,1
2022-10-13 12:55:31,0.0,14.8,31.7,3
2022-10-13 13:28:40,0.0,15.3,31.0,3
2022-10-13 13:32:27,0.0,14.2,32.8,1
2022-10-13 14:10:25,0.0,15.2,33.8,3
2022-10-13 16:30:47,0.0,7.9,22.0,2
2022-10-13 20:00:33,0.0,11.9,22.7,3
2022-10-13 21:56:56,0.0,17.0,32.0,3
2022-10-13 23:05:46,0.0,10.5,18.7,3
2022-10-14 02:00:00,0.0,9.8,19.1,1
2022-10-14 02:39:33,0.0,8.5,18.0,3
2022-10-14 04:43:33,0.0,19.2,33.8,3
2022-10-14 07:31:12,0.0,5.6,12.2,3
2022-10-14 07:35:51,0.0,6.7,13.0,3
2022-10-14 08:16:00,0.0,10.4,22.0,1
2022-10-14 08:16:18,0.0,10.2,19.8,3
2022-10-14 08:20:07,0.0,7.1,16.6,0
2022-10-14 11:52:56,0.0,10.5,24.8,1
2022-10-14 13:56:49,0.0,8.2,23.8,0
2022-10-14 18:27:06,0.0,25.7,52.2,3
2022-10-14 18:53:08,0.0,8.3,22.0,1
2022-10-14 19:12:59,0.0,11.2,14.8,1
2022-10-14 19:34:31,0.0,28.2,48.6,1
2022-10-15 04:56:54,0.0,20.9,38.5,3
2022-10-15 06:44:38,0.0,12.6,24.8,1
2022-10-15 10:50:30,0.0,17.1,37.4,3
2022-10-15 13:28:34,0.0,12.9,30.6,3
2022-10-15 14:46:39,0.0,20.1,38.9,3
2022-10-15 14:47:27,0.0,20.1,38.9,3
2022-10-15 19:38:29,0.0,16.7,34.9,3
2022-10-16 02:00:38,0.0,11.8,23.8,3
2022-10-16 04:34:11,0.0,15.1,27.4,3
2022-10-16 08:29:10,0.0,8.9,23.0,3
2022-10-16 09:21:53,0.0,7.4,18.4,3
2022-10-16 13:11:47,0.0,6.4,24.5,1
2022-10-16 15:29:59,0.0,7.4,20.5,2
2022-10-16 18:05:38,0.0,16.8,32.4,3
2022-10-16 18:52:56,0.0,7.1,22.0,1
2022-10-16 19:12:12,0.0,5.4,11.9,1
2022-10-16 19:59:27,0.0,9.2,19.1,0
2022-10-16 20:01:35,0.0,9.7,23.4,2
2022-10-16 20:28:15,0.0,15.8,31.0,3
2022-10-16 21:30:00,0.0,9.5,10.8,3
2022-10-16 21:32:08,0.0,4.3,14.0,2
2022-10-16 21:33:33,0.0,7.5,18.4,1
2022-10-16 22:30:27,0.0,5.7,7.6,1
2022-10-16 23:16:00,0.0,9.7,18.0,0
2022-10-17 00:12:03,0.0,5.5,9.7,1
2022-10-17 04:06:46,0.0,7.1,12.2,3
2022-10-17 05:02:51,0.0,10.2,17.3,0
2022-10-17 06:53:57,0.0,6.1,11.9,1
2022-10-17 07:24:42,0.0,11.0,20.5,1
2022-10-17 07:50:53,0.0,4.5,12.2,0
2022-10-17 08:20:34,0.0,11.2,25.2,3
2022-10-17 08:33:05,0.0,6.2,17.3,2
2022-10-17 08:52:15,0.0,6.9,15.5,3
2022-10-17 08:54:43,0.0,3.6,13.0,0
2022-10-17 10:41:29,0.0,7.2,20.9,1
2022-10-17 12:17:23,0.0,2.6,16.6,3
2022-10-17 12:46:48,0.0,2.6,16.6,3
2022-10-17 13:19:51,0.1,5.9,22.7,51
2022-10-17 15:19:47,0.0,3.7,13.0,3
2022-10-17 16:05:46,0.3,4.7,13.7,51
2022-10-17 16:38:01,0.2,3.0,9.0,51
2022-10-17 20:10:43,0.0,7.9,13.3,3
2022-10-17 20:25:59,0.0,13.7,28.1,3
2022-10-17 20:36:39,0.0,13.7,28.1,3
2022-10-17 21:33:38,0.0,15.6,22.7,3
2022-10-17 23:35:12,0.0,16.6,33.8,3
2022-10-18 06:09:00,0.0,18.0,33.5,3
2022-10-18 10:25:58,0.0,12.0,28.1,2
2022-10-18 12:29:29,0.9,13.3,28.1,53
2022-10-18 16:13:26,0.0,13.7,31.0,3
2022-10-18 17:28:19,0.0,18.9,34.9,3
2022-10-18 18:03:41,0.0,19.3,36.0,3
2022-10-18 20:50:48,0.0,12.1,29.5,3
2022-10-18 21:02:24,0.3,8.4,26.6,51
2022-10-19 00:04:33,0.0,8.3,15.8,3
2022-10-19 07:20:05,1.2,6.4,16.2,55
2022-10-19 08:11:53,0.0,5.3,14.4,3
2022-10-19 08:21:42,0.0,8.5,19.8,3
2022-10-19 08:31:54,2.7,6.9,13.7,63
2022-10-19 09:48:30,0.3,6.1,10.1,51
2022-10-19 11:27:37,0.5,7.4,15.8,53
2022-10-19 13:24:33,0.0,14.2,31.0,3
2022-10-19 19:15:42,0.0,8.4,10.1,1
2022-10-19 19:47:47,0.0,6.5,9.4,1
2022-10-19 20:33:55,0.0,8.0,11.2,0
2022-10-19 23:06:11,0.0,10.0,16.9,0
2022-10-19 23:10:29,0.0,11.6,21.6,0
2022-10-20 04:25:44,0.0,6.6,11.2,0
2022-10-20 06:48:03,0.0,13.1,25.2,3
2022-10-20 08:29:26,0.0,8.7,18.0,3
2022-10-20 10:26:14,0.0,7.6,26.6,0
2022-10-20 11:43:32,0.0,8.2,21.6,2
2022-10-20 12:06:26,0.0,9.7,30.2,0
2022-10-20 15:33:45,0.0,4.3,17.3,2
2022-10-20 17:15:38,0.2,3.5,35.3,51
2022-10-20 18:32:56,0.2,14.1,25.6,51
2022-10-20 18:42:39,0.6,13.2,34.2,53
2022-10-20 19:19:27,0.0,11.1,27.7,3
2022-10-21 05:44:51,0.7,8.9,13.3,53
2022-10-21 05:48:14,0.2,15.9,27.7,51
2022-10-21 06:44:47,0.5,15.0,23.0,53
2022-10-21 07:04:35,0.1,7.1,15.1,51
2022-10-21 07:48:08,0.3,13.1,24.1,51
2022-10-21 08:04:37,0.1,20.1,40.7,51
2022-10-21 08:29:08,0.2,17.8,33.5,51
2022-10-21 09:17:08,0.4,16.6,32.8,51
2022-10-21 10:38:01,0.4,20.5,41.4,51
2022-10-21 10:39:39,0.5,17.3,31.3,53
2022-10-21 11:29:25,0.1,24.9,47.5,51
2022-10-21 15:38:00,0.1,29.5,52.6,51
2022-10-21 16:13:16,0.0,24.0,48.2,1
2022-10-21 16:25:55,0.0,22.6,50.4,2
2022-10-21 18:57:31,0.0,12.5,25.9,3
2022-10-21 21:46:00,0.0,7.4,15.5,3
2022-10-22 04:53:45,1.0,5.6,14.8,55
2022-10-22 05:48:58,0.0,7.4,15.1,3
2022-10-22 05:50:27,0.0,3.8,16.6,3
2022-10-22 06:05:59,0.1,5.4,9.7,51
2022-10-22 06:47:10,0.2,8.9,15.8,51
2022-10-22 10:52:43,0.1,5.4,20.9,51
2022-10-22 10:58:37,0.0,9.8,24.1,1
2022-10-22 11:47:01,0.0,8.4,21.6,0
2022-10-22 14:22:46,0.0,11.3,25.9,1
2022-10-22 14:32:47,0.0,11.8,25.6,1
2022-10-22 16:49:24,0.0,10.9,25.6,2
2022-10-22 18:36:53,0.0,13.1,19.8,0
2022-10-22 18:49:01,0.0,13.1,19.8,0
2022-10-22 19:19:17,0.0,24.4,53.3,0
2022-10-22 20:46:17,0.0,26.8,48.6,0
2022-10-22 20:48:53,0.0,26.8,48.6,0
2022-10-22 23:04:41,0.0,9.1,17.3,0
2022-10-22 23:24:48,0.0,17.0,33.8,0
2022-10-23 06:06:54,0.0,17.6,29.9,0
2022-10-23 09:02:43,0.0,9.2,25.2,0
2022-10-23 10:11:06,0.0,7.6,22.0,0
2022-10-23 11:18:52,0.0,11.6,24.8,0
2022-10-23 11:29:13,0.0,2.9,15.8,0
2022-10-23 16:55:45,0.0,2.2,12.6,1
2022-10-23 17:01:10,0.0,10.7,23.4,0
2022-10-23 19:38:18,0.0,16.6,41.4,3
2022-10-23 20:01:19,0.0,17.5,38.9,3
2022-10-23 20:41:48,0.0,23.3,42.8,0
2022-10-23 23:42:10,0.0,23.0,40.3,1
2022-10-24 05:52:39,0.0,5.2,11.5,0
2022-10-24 06:16:04,0.0,5.7,10.8,0
2022-10-24 06:28:22,0.0,11.5,20.5,0
2022-10-24 07:10:41,0.0,7.2,15.5,0
2022-10-24 08:11:44,0.0,6.6,17.3,0
2022-10-24 08:30:16,0.0,6.5,18.0,0
2022-10-24 08:38:29,0.0,1.8,10.8,0
2022-10-24 08:39:09,0.0,12.8,27.7,0
2022-10-24 08:52:34,0.0,8.6,20.5,2
2022-10-24 12:12:10,0.0,6.8,21.6,0
2022-10-24 15:16:48,0.1,18.2,38.5,51
2022-10-24 18:18:01,0.0,6.9,13.0,0
2022-10-24 19:21:39,0.0,21.2,42.5,0
2022-10-24 19:40:00,0.0,7.3,11.2,0
2022-10-24 19:40:42,0.0,21.3,39.2,0
2022-10-24 19:49:21,0.0,7.3,11.2,0
2022-10-24 21:56:52,0.0,20.0,33.5,0
2022-10-24 22:26:57,0.0,19.4,33.8,0
2022-10-24 22:33:45,0.0,17.5,35.3,0
2022-10-25 01:43:40,0.0,15.5,29.9,0
2022-10-25 06:40:00,0.0,11.8,22.7,0
2022-10-25 07:19:26,0.0,12.3,24.5,0
2022-10-25 07:47:53,0.0,16.6,31.0,0
2022-10-25 07:54:38,0.0,12.3,24.5,0
2022-10-25 07:55:13,0.0,14.8,30.2,3
2022-10-25 08:52:55,0.0,6.6,18.4,0
2022-10-25 10:00:05,0.0,8.2,24.5,0
2022-10-25 10:02:06,0.0,6.9,22.0,0
2022-10-25 10:14:12,0.0,13.7,33.1,0
2022-10-25 10:33:12,0.0,6.4,20.5,0
2022-10-25 10:44:36,0.0,6.4,20.5,0
2022-10-25 13:24:04,0.0,11.8,29.5,0
2022-10-25 18:11:54,0.0,23.5,41.0,0
2022-10-25 18:41:06,0.0,21.7,34.6,0
2022-10-25 19:22:02,0.0,24.8,43.2,0
2022-10-26 03:06:34,0.0,19.1,33.1,2
2022-10-26 07:22:11,0.0,1.5,9.0,0
2022-10-26 07:35:11,0.0,11.9,25.9,0
2022-10-26 08:04:15,0.0,11.2,24.8,0
2022-10-26 11:53:35,0.0,10.4,25.6,0
2022-10-26 13:36:32,0.0,8.9,26.3,0
2022-10-26 15:05:04,0.0,7.9,27.4,0
2022-10-26 15:05:06,0.0,3.6,17.3,0
2022-10-26 16:14:09,0.0,5.7,18.0,0
2022-10-26 17:51:32,0.0,10.5,21.6,1
2022-10-26 17:56:05,0.0,3.1,14.0,0
2022-10-26 18:21:21,0.0,3.2,9.7,0
2022-10-26 18:43:31,0.0,12.4,32.0,0
2022-10-26 20:17:55,0.0,8.9,14.4,0
2022-10-26 21:27:19,0.0,8.2,13.0,0
2022-10-26 22:17:21,0.0,5.8,10.1,0
2022-10-27 05:04:02,0.0,9.5,15.8,0
2022-10-27 06:48:17,0.0,9.8,17.6,0
2022-10-27 09:01:28,0.0,16.8,31.3,0
2022-10-27 14:29:08,0.0,16.0,36.4,1
2022-10-27 17:08:44,0.1,15.5,32.0,51
2022-10-27 18:28:32,0.0,17.8,39.2,3
2022-10-27 18:37:09,0.0,14.9,43.6,3
2022-10-27 23:39:17,0.8,9.7,23.8,53
2022-10-28 03:29:35,0.0,2.5,7.9,3
2022-10-28 15:07:06,0.0,4.7,24.1,3
2022-10-28 15:11:22,0.0,4.7,24.1,3
2022-10-28 15:29:30,9.6,15.8,43.9,65
2022-10-28 15:35:53,0.0,4.7,24.1,3
2022-10-28 15:51:39,0.0,4.7,24.1,3
2022-10-28 16:11:31,9.0,5.1,44.3,65
2022-10-28 23:07:54,0.0,4.6,10.4,3
2022-10-29 00:55:35,0.0,5.4,6.8,3
2022-10-29 05:20:13,0.0,10.4,16.9,3
2022-10-29 05:37:40,0.0,10.4,16.9,3
2022-10-29 05:43:03,0.0,6.0,11.5,2
2022-10-29 06:43:06,0.0,11.5,17.3,0
2022-10-29 11:40:26,0.0,15.2,33.1,3
2022-10-29 12:50:31,0.0,12.8,32.8,3
2022-10-29 12:55:38,0.0,13.7,33.1,1
2022-10-29 13:35:47,0.0,14.1,32.4,3
2022-10-29 18:05:12,0.0,3.9,24.1,3
2022-10-29 19:09:32,0.0,5.4,7.6,3
2022-10-29 19:59:58,0.0,7.2,22.7,3
2022-10-29 21:37:24,0.0,12.4,15.5,3
2022-10-29 21:48:18,0.0,13.6,24.8,3
2022-10-29 22:27:08,1.0,6.1,22.0,55
2022-10-30 00:09:53,0.9,10.0,18.0,53
2022-10-30 03:18:17,0.0,8.7,24.8,2
2022-10-30 12:12:00,0.0,22.1,49.7,1
2022-10-30 14:33:20,0.0,14.6,36.7,1
2022-10-30 15:10:50,0.0,18.3,45.4,3
2022-10-30 19:17:50,0.1,14.7,27.0,51
2022-10-30 22:31:18,0.0,12.6,22.3,1
2022-10-31 02:45:00,0.0,13.2,24.5,0
2022-10-31 04:59:55,0.0,5.7,17.3,3
2022-10-31 05:37:51,0.0,17.1,31.0,3
2022-10-31 06:26:11,1.5,8.7,18.7,61
2022-10-31 07:01:05,3.8,5.9,18.0,63
2022-10-31 07:28:55,3.8,5.9,18.0,63
2022-10-31 08:01:19,0.8,12.5,29.5,53
2022-10-31 08:01:42,0.4,18.8,36.0,51
2022-10-31 08:04:29,2.2,9.0,39.2,61
2022-10-31 08:27:18,0.5,13.7,30.6,53
2022-10-31 09:18:57,0.1,8.4,46.8,51
2022-10-31 10:00:56,0.2,9.5,28.8,51
2022-10-31 10:51:05,0.4,9.6,26.3,51
2022-10-31 11:47:02,0.4,5.1,18.7,51
2022-10-31 13:57:01,0.0,14.3,37.8,3
2022-10-31 15:45:04,1.7,13.4,29.2,61
2022-10-31 16:30:20,0.5,8.8,28.8,53
2022-10-31 20:35:28,0.1,8.8,15.1,51
2022-11-01 08:26:18,0.0,24.0,43.2,3
2022-11-01 12:07:35,0.0,26.4,63.0,3
2022-11-01 15:15:27,0.0,25.9,51.8,3
2022-11-01 18:42:25,0.0,20.2,44.6,3
2022-11-01 21:24:00,0.0,22.9,43.6,3
2022-11-01 22:02:04,0.0,18.7,38.5,2
2022-11-02 00:34:38,0.0,21.3,41.0,2
2022-11-02 01:38:27,0.0,25.6,47.9,3
2022-11-02 11:35:50,0.1,28.2,54.0,51
2022-11-02 22:51:32,0.0,20.0,40.7,2
2022-11-03 00:27:39,0.0,23.9,47.5,2
2022-11-03 01:33:55,0.0,18.1,33.5,3
2022-11-03 01:55:35,0.0,19.6,41.0,2
2022-11-03 07:38:18,0.0,19.4,40.3,1
2022-11-03 07:51:51,0.0,15.1,31.7,2
2022-11-03 09:29:19,0.0,25.3,54.7,3
2022-11-03 09:41:29,0.0,22.5,51.1,3
2022-11-03 10:39:50,0.4,23.4,47.2,51
2022-11-03 11:25:44,0.0,24.0,44.6,2
2022-11-03 12:15:15,0.0,20.5,41.0,3
2022-11-03 13:04:40,0.0,22.5,40.3,3
2022-11-03 13:24:15,0.0,18.8,43.2,3
2022-11-03 13:25:58,0.1,22.2,43.2,51
2022-11-03 14:23:50,0.0,23.4,41.4,3
2022-11-03 15:44:01,0.0,18.8,40.3,3
2022-11-03 15:52:29,0.0,23.8,43.9,3
2022-11-03 17:09:55,0.0,20.0,40.3,3
2022-11-03 18:55:49,0.0,20.2,39.2,2
2022-11-03 19:37:27,0.0,20.5,37.8,1
2022-11-03 19:42:27,0.0,9.4,20.9,2
2022-11-03 21:16:23,0.0,13.5,23.8,1
2022-11-04 02:51:49,0.0,15.9,30.6,0
2022-11-04 02:54:51,0.0,15.9,30.6,0
2022-11-04 04:30:17,0.0,11.9,19.4,0
2022-11-04 06:32:29,0.0,13.0,21.2,0
2022-11-04 07:57:35,0.0,16.6,29.5,0
2022-11-04 09:02:42,0.0,12.7,31.3,0
2022-11-04 10:19:10,0.0,16.4,33.8,0
2022-11-04 11:41:53,0.0,9.9,27.7,0
2022-11-04 12:15:42,0.0,8.0,25.6,1
2022-11-04 12:34:33,0.0,8.1,23.8,3
2022-11-04 16:32:30,0.0,20.3,40.7,0
2022-11-04 17:42:31,0.0,9.2,27.4,0
2022-11-04 18:17:10,0.0,17.8,42.1,0
2022-11-04 22:33:12,0.0,16.8,36.4,0
2022-11-04 22:38:35,0.0,17.1,36.7,0
2022-11-05 00:21:37,0.0,15.3,28.1,0
2022-11-05 08:38:10,0.0,17.6,35.3,0
2022-11-05 08:54:46,0.0,22.1,43.2,0
2022-11-05 12:27:04,0.0,5.2,19.4,1
2022-11-05 14:12:24,0.0,6.9,18.7,0
2022-11-05 15:40:38,0.0,9.9,23.4,1
2022-11-05 18:28:09,0.0,12.2,29.2,0
2022-11-05 20:19:03,0.0,22.6,39.6,0
2022-11-05 22:23:15,0.0,15.3,36.0,3
2022-11-05 22:34:33,0.0,22.6,41.0,2
2022-11-06 00:38:31,0.0,8.9,16.2,1
2022-11-06 01:55:06,0.0,11.7,22.3,0
2022-11-06 02:53:11,0.0,16.8,30.2,1
2022-11-06 13:12:24,0.0,13.9,32.8,1
2022-11-06 14:42:59,0.1,10.9,29.5,51
2022-11-06 17:01:56,0.0,22.2,39.2,2
2022-11-06 22:39:19,0.0,20.6,36.4,1
2022-11-06 23:21:46,0.0,21.9,39.6,0
2022-11-07 02:10:15,0.0,12.2,25.9,1
2022-11-07 02:28:35,0.0,13.5,29.5,0
2022-11-07 06:00:30,0.0,5.5,8.6,2
2022-11-07 07:06:20,0.0,18.1,38.9,2
2022-11-07 08:59:56,0.0,13.7,29.2,1
2022-11-07 12:31:00,0.0,7.1,21.6,1
2022-11-07 14:22:02,0.0,10.0,27.0,1
2022-11-07 14:31:40,0.0,10.1,24.8,1
2022-11-07 16:38:21,0.0,21.6,41.0,3
2022-11-07 17:05:52,0.0,21.2,38.2,1
2022-11-07 22:05:23,0.0,10.7,24.5,1
2022-11-07 22:31:44,0.0,18.6,33.8,0
2022-11-08 03:41:04,0.0,8.0,16.2,0
2022-11-08 07:56:29,0.0,11.9,26.3,3
2022-11-08 08:57:51,0.0,7.4,21.2,1
2022-11-08 09:19:49,0.0,9.2,22.7,0
2022-11-08 10:31:15,0.0,7.1,23.4,1
2022-11-08 13:55:33,0.0,2.3,15.1,0
2022-11-08 20:21:29,0.0,16.3,28.1,3
2022-11-09 05:34:12,0.0,9.3,18.4,0
2022-11-09 05:54:35,0.0,8.1,10.4,0
2022-11-09 06:10:07,0.0,8.4,11.2,0
2022-11-09 06:42:13,0.0,10.4,19.1,1
2022-11-09 07:24:03,0.0,5.5,13.3,0
2022-11-09 08:16:22,0.0,10.8,23.8,0
2022-11-09 09:24:26,0.0,11.5,29.9,0
2022-11-09 16:27:49,0.0,27.3,47.5,1
2022-11-09 19:12:39,0.0,17.1,39.6,1
2022-11-10 02:44:30,0.0,10.6,18.7,0
2022-11-10 03:43:41,0.0,6.2,9.0,0
2022-11-10 08:32:16,0.0,10.4,26.6,0
2022-11-10 10:24:50,0.0,6.4,23.8,1
2022-11-10 11:30:19,0.2,4.4,17.3,51
2022-11-10 13:46:57,0.0,5.5,23.4,0
2022-11-10 14:24:10,0.0,9.8,25.9,0
2022-11-10 15:31:49,0.0,8.9,22.3,1
2022-11-10 16:30:52,0.0,9.4,20.9,1
2022-11-10 16:38:13,0.0,10.8,27.4,2
2022-11-10 17:08:51,0.0,24.7,51.1,2
2022-11-10 17:30:45,0.0,8.0,22.7,0
2022-11-10 17:40:26,0.0,10.9,25.9,0
2022-11-10 17:40:58,0.0,23.7,51.1,3
2022-11-10 18:16:31,0.0,13.8,24.8,0
2022-11-10 18:34:34,0.0,20.9,43.2,2
2022-11-10 19:13:34,0.0,18.1,40.3,3
2022-11-10 21:05:55,0.0,14.6,33.5,3
2022-11-10 21:07:25,0.0,12.9,31.7,3
2022-11-11 07:01:45,0.0,10.6,24.8,0
2022-11-11 07:35:05,0.0,6.5,15.1,1
2022-11-11 10:06:49,0.0,10.1,26.3,3
2022-11-11 14:21:00,9.2,15.2,54.0,65
2022-11-11 15:33:15,4.2,6.3,53.6,63
2022-11-11 15:38:37,3.5,7.1,61.6,63
2022-11-11 15:45:06,1.4,4.7,34.6,61
2022-11-11 16:14:05,1.3,6.5,18.0,61
2022-11-11 16:24:39,0.0,6.6,27.4,3
2022-11-11 16:36:50,0.1,6.1,18.7,51
2022-11-11 17:00:09,2.9,5.4,16.9,63
2022-11-11 17:11:36,2.6,12.2,22.7,63
2022-11-11 17:13:19,3.2,10.7,23.8,63
2022-11-11 17:41:51,0.3,6.9,23.0,51
2022-11-11 18:27:51,4.2,17.4,28.8,63
2022-11-11 18:33:46,0.0,16.4,32.8,3
2022-11-11 18:38:59,0.1,13.4,32.8,51
2022-11-11 18:55:02,0.0,14.0,32.4,3
2022-11-11 20:49:23,0.0,11.6,28.8,3
2022-11-11 20:52:06,0.1,10.2,24.5,51
2022-11-11 21:05:10,0.1,11.1,27.0,51
2022-11-11 21:25:40,0.0,10.9,26.6,3
2022-11-11 23:23:09,0.0,10.0,20.9,3
2022-11-12 00:22:47,0.0,12.0,20.9,3
2022-11-12 00:28:30,0.0,6.6,10.8,3
2022-11-12 02:03:50,0.0,8.7,15.8,3
2022-11-12 02:58:21,0.0,4.0,11.5,3
2022-11-12 03:24:00,0.0,3.6,9.0,2
2022-11-12 05:20:33,0.0,3.2,6.8,0
2022-11-12 09:40:44,0.1,5.2,16.9,51
2022-11-12 15:56:38,0.6,13.8,33.5,53
2022-11-12 17:38:13,0.4,20.4,35.3,51
2022-11-12 18:26:04,0.0,11.2,33.8,1
2022-11-12 22:19:20,0.0,16.8,32.0,0
2022-11-13 00:01:26,0.0,7.9,15.8,3
2022-11-13 00:35:19,0.0,13.7,27.0,0
2022-11-13 01:10:26,0.0,14.9,27.4,2
2022-11-13 04:25:11,0.0,7.3,15.5,3
2022-11-13 07:41:35,0.0,4.0,13.3,0
2022-11-13 08:05:00,0.0,11.1,25.9,3
2022-11-13 10:54:44,0.0,10.5,31.3,2
2022-11-13 11:13:04,0.0,10.8,25.2,2
2022-11-13 20:15:59,1.8,4.6,17.3,61
2022-11-14 01:07:31,2.1,3.1,8.3,61
2022-11-14 02:12:28,0.2,7.1,20.2,51
2022-11-14 02:13:05,3.0,7.4,20.5,63
2022-11-14 08:02:00,0.0,11.8,28.8,2
2022-11-14 08:08:30,0.1,19.5,40.3,51
2022-11-14 08:23:58,0.0,14.1,29.5,1
2022-11-14 10:16:38,0.5,14.8,44.6,53
2022-11-14 10:51:01,1.3,18.2,55.1,61
2022-11-14 11:08:39,0.1,10.9,36.0,51
2022-11-14 11:59:17,0.1,14.6,42.8,51
2022-11-14 12:16:46,0.0,13.6,40.0,2
2022-11-14 12:32:38,0.0,19.7,43.2,1
2022-11-14 13:53:25,0.2,13.9,42.8,51
2022-11-14 18:26:43,0.0,8.9,29.9,1
2022-11-14 19:16:19,0.0,8.4,13.3,0
2022-11-14 19:43:20,0.0,13.2,24.8,0
2022-11-14 19:57:00,0.0,4.7,10.4,1
2022-11-14 22:00:17,0.0,2.1,9.4,3
2022-11-15 00:26:26,0.0,3.6,9.4,3
2022-11-15 00:33:41,0.0,4.6,7.9,3
2022-11-15 05:28:14,0.0,5.5,11.5,3
2022-11-15 12:01:02,0.0,8.1,23.0,3
2022-11-15 12:03:03,0.1,4.4,27.7,51
2022-11-15 20:06:40,0.0,11.5,25.6,0
2022-11-15 22:24:07,0.0,18.4,36.0,0
2022-11-15 23:17:18,0.0,4.3,11.9,1
2022-11-16 00:20:28,0.0,5.5,13.3,0
2022-11-16 07:00:44,0.0,14.8,32.4,0
2022-11-16 07:19:46,0.0,4.7,13.3,0
2022-11-16 07:31:24,0.0,8.0,18.7,0
2022-11-16 07:31:26,0.0,18.0,36.0,0
2022-11-16 07:41:11,0.0,6.0,15.1,0
2022-11-16 08:05:47,0.0,8.7,22.3,0
2022-11-16 08:37:59,0.0,5.6,17.3,0
2022-11-16 10:53:58,0.0,5.0,19.4,1
2022-11-16 17:06:45,0.0,12.4,27.4,0
2022-11-16 18:13:49,0.0,14.3,28.8,1
2022-11-16 18:56:57,0.0,13.2,29.9,0
2022-11-16 20:00:48,0.0,18.9,37.1,2
2022-11-17 07:29:54,0.0,13.3,25.9,0
2022-11-17 07:30:00,0.0,17.7,34.2,0
2022-11-17 07:34:31,0.0,15.0,31.0,0
2022-11-17 08:26:00,0.0,15.9,29.9,0
2022-11-17 08:52:29,0.0,13.0,28.4,0
2022-11-17 09:38:03,0.0,13.0,29.2,0
2022-11-17 11:18:44,0.0,11.2,28.8,0
2022-11-17 15:40:58,0.0,13.0,27.7,0
2022-11-17 16:11:38,0.0,22.2,46.4,0
2022-11-17 17:10:50,0.0,25.8,47.2,0
2022-11-17 22:03:56,0.0,16.3,37.4,0
2022-11-18 00:06:42,0.0,18.7,37.8,1
2022-11-18 03:30:04,0.0,15.5,30.6,0
2022-11-18 07:21:32,0.0,16.4,31.0,0
2022-11-18 07:21:57,0.0,13.9,28.1,0
2022-11-18 07:37:57,0.0,18.8,31.7,1
2022-11-18 07:47:01,0.0,14.0,29.2,0
2022-11-18 08:36:18,0.0,15.8,32.0,0
2022-11-18 09:06:35,0.0,15.1,32.0,0
2022-11-18 09:34:14,0.0,7.2,23.4,0
2022-11-18 15:29:25,0.0,24.9,43.9,0
2022-11-18 16:32:51,0.0,22.4,46.4,0
2022-11-18 16:44:05,0.0,18.7,36.7,2
2022-11-18 17:28:22,0.0,13.9,29.2,2
2022-11-18 18:07:08,0.0,14.0,29.2,2
2022-11-18 20:10:03,0.0,21.4,40.3,0
2022-11-19 02:03:34,0.0,17.3,34.2,0
2022-11-19 06:18:28,0.0,21.7,38.2,0
2022-11-19 08:34:29,0.0,10.1,24.8,0
2022-11-19 11:51:58,0.0,13.4,31.7,0
2022-11-19 15:07:06,0.0,3.1,18.0,2
2022-11-19 15:07:14,0.0,9.2,31.7,3
2022-11-19 15:26:50,0.0,9.2,31.7,3
2022-11-19 17:02:11,0.6,7.1,18.4,53
2022-11-19 17:46:03,0.0,5.6,20.5,2
2022-11-19 19:11:20,0.0,16.4,36.7,0
2022-11-20 01:30:23,0.0,14.1,25.2,0
2022-11-20 05:40:14,0.0,6.9,12.2,0
2022-11-20 09:14:05,0.0,10.6,24.5,0
2022-11-20 10:30:07,0.1,13.2,32.8,51
2022-11-20 18:14:21,0.0,4.8,28.8,1
2022-11-20 18:37:09,0.0,6.1,12.6,1
2022-11-20 19:48:04,0.0,15.1,28.8,0
2022-11-20 20:22:04,0.0,9.4,15.5,0
2022-11-20 22:26:57,0.0,6.3,16.2,1
2022-11-21 04:01:14,0.0,11.0,20.9,0
2022-11-21 04:24:58,0.0,8.6,16.9,0
2022-11-21 04:36:30,0.0,8.5,13.7,3
2022-11-21 11:10:00,0.0,11.6,31.7,0
2022-11-21 11:21:58,0.0,7.4,25.9,1
2022-11-21 13:10:17,0.0,11.9,29.5,3
2022-11-21 13:37:39,0.0,5.8,18.7,3
2022-11-21 15:19:19,0.0,3.0,18.0,2
2022-11-21 17:19:30,0.0,1.3,16.9,1
2022-11-21 22:41:53,0.0,11.9,22.0,3
2022-11-22 08:55:38,0.0,7.8,19.4,3
2022-11-22 11:16:13,0.0,15.3,36.4,3
2022-11-22 11:18:58,0.0,13.4,34.9,3
2022-11-22 14:56:55,0.0,8.5,33.8,3
2022-11-22 16:19:36,0.0,6.2,19.4,3
2022-11-22 17:17:19,0.0,16.2,29.5,3
2022-11-22 18:39:14,0.5,9.5,41.0,53
2022-11-23 01:36:24,0.0,3.7,10.1,3
2022-11-23 05:52:45,0.0,7.2,10.1,3
2022-11-23 06:18:51,0.0,5.8,10.1,3
2022-11-23 07:17:38,0.3,5.0,10.4,51
2022-11-23 07:51:45,0.3,5.0,10.4,51
2022-11-23 10:36:36,0.0,19.7,36.4,2
2022-11-23 11:52:28,0.0,19.0,41.8,1
2022-11-23 14:51:36,0.0,12.6,31.0,3
2022-11-23 20:33:25,0.0,2.6,9.0,3
2022-11-23 22:26:44,3.0,12.7,25.6,63
2022-11-24 00:18:47,1.1,12.1,24.5,55
2022-11-24 00:42:49,0.3,12.1,28.4,51
2022-11-24 00:56:40,1.1,10.8,27.0,55
2022-11-24 01:43:29,0.1,7.6,13.7,51
2022-11-24 02:49:57,0.0,4.3,17.3,3
2022-11-24 07:05:15,0.0,5.8,13.7,1
2022-11-24 07:54:41,0.0,7.3,15.8,1
2022-11-24 08:32:04,0.0,1.8,11.9,0
2022-11-24 09:13:18,0.0,1.8,16.6,1
2022-11-24 09:39:57,0.0,1.8,16.6,1
2022-11-24 09:58:37,0.1,5.6,17.3,51
2022-11-24 12:06:57,0.1,3.4,17.3,51
2022-11-24 13:52:11,0.0,5.7,21.2,3
2022-11-24 15:27:30,0.1,7.1,19.8,51
2022-11-24 15:35:23,0.1,13.1,22.0,51
2022-11-24 15:51:26,0.0,7.9,20.2,3
2022-11-24 20:41:26,0.0,12.5,32.0,0
2022-11-24 22:56:12,0.0,18.9,39.6,3
2022-11-24 23:29:02,0.0,15.3,32.0,3
2022-11-24 23:38:24,0.0,19.1,37.4,3
2022-11-25 00:01:32,0.0,19.4,38.5,3
2022-11-25 06:22:36,0.0,12.9,23.0,0
2022-11-25 06:34:15,0.0,12.9,23.0,0
2022-11-25 07:14:17,0.0,12.0,26.6,0
2022-11-25 07:55:56,0.0,22.4,42.1,3
2022-11-25 07:59:15,0.0,13.2,28.1,0
2022-11-25 08:49:01,0.0,16.5,34.2,2
2022-11-25 09:45:15,0.0,17.1,39.6,3
2022-11-25 13:28:25,1.0,19.8,42.8,55
2022-11-25 15:00:44,0.1,18.5,37.8,51
2022-11-25 17:39:42,0.0,23.3,41.8,1
2022-11-25 17:49:22,1.1,11.8,24.8,55
2022-11-25 18:42:09,0.0,16.1,42.1,1
2022-11-25 20:02:42,0.0,18.4,40.0,0
2022-11-25 20:25:00,0.0,5.0,9.4,0
2022-11-25 20:51:28,0.0,18.0,33.5,0
2022-11-25 23:52:46,0.0,16.3,35.6,0
2022-11-26 00:39:20,0.0,13.9,28.1,0
2022-11-26 06:54:14,0.0,7.8,14.0,2
2022-11-26 09:20:32,0.0,6.0,21.2,1
2022-11-26 09:25:42,0.0,7.4,25.6,2
2022-11-26 12:20:45,0.0,1.5,18.4,0
2022-11-26 13:46:26,0.1,4.1,18.7,51
2022-11-26 19:04:04,0.0,13.8,25.9,1
2022-11-26 21:06:22,0.0,14.0,24.1,0
2022-11-26 21:44:24,0.0,15.3,29.9,0
2022-11-26 22:26:59,0.0,19.1,33.1,0
2022-11-26 22:54:24,0.0,12.9,25.6,0
2022-11-27 02:07:28,0.0,11.0,20.2,0
2022-11-27 04:50:04,0.0,10.6,23.0,0
2022-11-27 05:53:29,0.0,7.8,14.4,0
2022-11-27 06:37:21,0.0,12.9,24.1,0
2022-11-27 06:44:08,0.0,12.9,19.8,0
2022-11-27 10:14:08,0.0,5.9,22.3,0
2022-11-27 14:27:45,0.0,4.0,18.0,0
2022-11-27 17:28:04,0.1,21.6,40.3,51
2022-11-27 17:32:33,0.6,27.2,45.7,53
2022-11-27 17:34:17,0.1,20.3,54.4,51
2022-11-27 18:06:36,0.0,19.5,39.6,0
2022-11-27 18:21:42,0.0,22.2,41.0,1
2022-11-27 18:30:42,0.0,22.7,39.6,1
2022-11-27 20:51:03,0.0,16.9,24.8,2
2022-11-27 22:28:27,0.0,19.1,38.2,2
2022-11-28 01:48:38,0.0,11.8,28.4,3
2022-11-28 07:25:53,0.0,10.6,22.3,0
2022-11-28 07:46:39,0.0,10.5,21.2,0
2022-11-28 12:43:30,0.5,3.3,23.4,53
2022-11-28 12:43:58,0.5,3.3,23.4,53
2022-11-28 12:49:56,0.2,7.9,24.8,51
2022-11-28 13:01:05,0.3,3.2,18.4,51
2022-11-28 13:22:31,0.2,13.7,30.2,51
2022-11-28 13:38:42,0.3,8.6,25.2,51
2022-11-28 15:14:42,14.9,15.8,37.4,65
2022-11-28 16:00:27,6.7,2.4,41.8,63
2022-11-28 16:48:36,4.7,21.2,38.5,63
2022-11-28 17:01:56,0.7,13.0,31.7,53
2022-11-28 17:37:45,5.2,3.3,40.0,63
2022-11-28 17:46:07,5.2,3.3,40.0,63
2022-11-28 17:53:24,0.6,15.0,36.0,53
2022-11-29 07:13:57,0.0,7.6,16.6,3
2022-11-29 07:49:15,0.0,11.7,25.2,3
2022-11-29 07:50:51,0.0,8.2,17.3,2
2022-11-29 09:00:49,0.1,10.0,21.2,51
2022-11-29 09:55:12,0.1,10.0,21.2,51
2022-11-29 16:53:57,1.5,19.5,40.3,61
2022-11-29 18:41:01,0.9,11.2,31.7,53
2022-11-29 19:21:03,1.4,9.2,16.2,61
2022-11-29 19:46:14,0.3,12.1,25.2,51
2022-11-30 02:34:10,0.0,2.2,6.1,3
2022-11-30 03:54:27,1.0,5.0,19.1,55
2022-11-30 05:05:34,0.1,2.5,6.8,51
2022-11-30 06:21:03,0.0,4.2,7.6,3
2022-11-30 06:44:16,0.0,6.9,10.8,3
2022-11-30 10:14:06,0.1,11.0,33.5,51
2022-11-30 10:57:18,0.0,12.7,28.4,3
2022-11-30 11:27:50,0.0,13.7,29.9,3
2022-11-30 11:45:34,0.0,13.7,29.9,3
2022-11-30 12:14:00,0.1,16.6,36.7,51
2022-11-30 14:25:59,8.5,12.4,39.6,65
2022-11-30 15:21:36,0.0,7.1,24.8,1
2022-11-30 16:31:53,0.0,3.4,21.6,2
2022-11-30 18:22:22,0.0,2.3,22.0,1
2022-11-30 18:33:20,0.6,16.9,24.1,53
2022-11-30 20:52:15,0.0,6.6,11.5,1
2022-11-30 22:48:06,0.0,14.6,25.6,1
2022-12-01 00:18:10,0.0,12.1,22.7,0
2022-12-01 07:21:54,0.0,11.6,25.2,0
2022-12-01 07:52:56,0.0,12.0,25.2,0
2022-12-01 07:56:46,0.0,14.7,27.0,0
2022-12-01 08:00:18,0.0,13.3,29.2,0
2022-12-01 08:12:05,0.0,8.8,20.2,3
2022-12-01 08:22:20,0.0,14.4,31.0,1
2022-12-01 11:31:45,0.0,14.8,36.0,3
2022-12-01 15:01:38,0.0,12.4,31.3,1
2022-12-01 16:47:32,0.0,10.3,25.6,1
2022-12-01 17:43:32,0.7,8.9,22.3,53
2022-12-01 18:16:04,0.1,4.3,17.6,51
2022-12-01 20:56:13,0.0,10.8,28.1,1
2022-12-01 23:29:58,0.0,8.8,16.9,3
2022-12-01 23:31:56,0.0,7.1,14.4,3
2022-12-02 00:42:25,0.0,8.3,15.5,1
2022-12-02 03:47:52,0.0,5.8,15.1,3
2022-12-02 04:30:24,0.0,6.0,10.4,3
2022-12-02 04:45:35,0.0,13.5,26.6,3
2022-12-02 11:36:08,0.0,10.9,27.7,1
2022-12-02 12:02:38,0.0,10.9,28.8,1
2022-12-02 13:24:18,0.0,8.6,25.2,3
2022-12-02 15:05:42,0.0,2.5,16.2,2
2022-12-02 15:27:56,0.0,2.6,15.5,2
2022-12-02 15:33:46,0.1,1.8,15.8,51
2022-12-02 16:03:54,0.2,2.5,12.6,51
2022-12-02 16:12:48,0.2,4.2,30.6,51
2022-12-02 20:59:18,0.8,6.6,18.0,53
2022-12-02 21:44:18,0.0,8.4,11.2,3
2022-12-02 21:45:48,2.3,9.5,6.8,61
2022-12-02 21:57:34,3.7,11.1,15.1,63
2022-12-02 22:26:31,0.1,14.8,24.8,51
2022-12-02 22:33:39,0.0,7.1,13.7,3
2022-12-02 23:19:09,0.0,6.3,18.7,3
2022-12-02 23:51:27,0.1,12.3,23.8,51
2022-12-03 01:32:13,0.4,6.5,17.3,51
2022-12-03 01:33:00,0.8,9.7,18.4,53
2022-12-03 02:10:13,0.0,8.7,17.6,3
2022-12-03 02:52:11,0.6,5.4,15.1,53
2022-12-03 02:54:40,0.1,5.4,15.1,51
2022-12-03 06:04:31,0.1,12.0,20.2,51
2022-12-03 07:41:17,0.0,9.2,20.5,3
2022-12-03 09:48:21,0.0,11.8,35.6,3
2022-12-03 11:42:54,0.0,10.9,25.9,3
2022-12-03 11:48:00,0.0,12.8,34.2,3
2022-12-03 15:28:00,0.2,5.6,22.0,51
2022-12-03 16:56:02,0.5,7.1,19.8,53
2022-12-03 20:37:19,0.0,6.8,13.7,3
2022-12-03 21:12:34,0.0,12.8,21.2,3
2022-12-03 22:32:29,0.0,6.0,13.3,3
2022-12-04 00:11:11,0.3,11.9,23.4,51
2022-12-04 06:46:43,0.0,12.6,21.2,3
2022-12-04 09:19:40,0.0,13.9,37.4,3
2022-12-04 10:50:23,0.3,15.6,36.7,51
2022-12-04 12:02:11,0.1,18.7,36.0,51
2022-12-04 15:23:05,0.1,12.5,31.3,51
2022-12-04 15:36:22,0.3,10.4,33.1,51
2022-12-04 16:52:46,6.3,18.4,34.6,63
2022-12-04 17:22:45,2.5,8.7,34.2,63
2022-12-04 18:24:12,3.7,3.7,20.9,63
2022-12-04 20:40:56,0.3,5.0,10.1,51
2022-12-05 01:27:23,0.7,8.5,19.4,53
2022-12-05 01:34:04,0.7,8.5,19.4,53
2022-12-05 04:44:27,0.3,9.0,22.3,51
2022-12-05 06:05:20,0.4,15.2,28.8,51
2022-12-05 06:37:51,0.6,4.1,9.0,53
2022-12-05 07:30:43,1.3,4.4,9.4,61
2022-12-05 07:37:46,0.5,9.7,15.8,53
2022-12-05 07:41:11,0.5,9.7,15.8,53
2022-12-05 09:16:55,0.3,12.5,15.8,51
2022-12-05 10:14:46,0.3,4.4,12.2,51
2022-12-05 10:49:53,0.2,16.8,35.3,51
2022-12-05 13:34:10,0.1,17.5,36.7,51
2022-12-05 14:22:07,0.0,14.1,33.5,3
2022-12-05 14:46:05,0.6,16.7,36.4,53
2022-12-05 15:14:58,0.9,12.6,34.2,53
2022-12-05 15:15:36,0.6,2.8,35.6,53
2022-12-05 15:23:14,0.4,3.8,28.4,51
2022-12-05 15:25:53,0.8,12.4,36.0,53
2022-12-05 15:29:10,0.1,16.7,31.0,51
2022-12-05 15:47:03,0.9,18.2,37.1,53
2022-12-05 15:49:33,0.6,2.8,35.6,53
2022-12-05 16:14:37,2.3,17.3,29.5,61
2022-12-05 18:12:27,0.4,1.0,13.7,51
2022-12-05 19:18:01,0.5,6.3,10.1,53
2022-12-05 19:54:23,0.1,4.9,9.0,51
2022-12-05 21:07:19,0.5,10.5,15.5,53
2022-12-05 21:20:46,0.1,7.2,15.1,51
2022-12-06 00:22:56,0.0,12.8,24.5,3
2022-12-06 02:34:19,0.5,6.6,14.4,53
2022-12-06 06:41:50,0.0,18.0,29.9,3
2022-12-06 07:08:34,0.1,13.7,26.3,51
2022-12-06 07:19:34,0.0,13.7,25.2,3
2022-12-06 07:45:43,0.0,13.7,25.2,3
2022-12-06 07:46:41,0.0,10.7,20.2,3
2022-12-06 08:41:22,0.0,21.7,40.7,2
2022-12-06 08:48:44,0.0,8.7,20.2,2
2022-12-06 09:16:32,0.0,13.1,30.6,2
2022-12-06 10:36:37,0.1,15.5,30.6,51
2022-12-06 10:44:18,0.0,14.7,30.2,3
2022-12-06 11:08:03,0.2,16.2,37.4,51
2022-12-06 12:19:56,0.3,18.3,41.4,51
2022-12-06 13:47:00,11.5,13.2,37.4,65
2022-12-06 13:55:44,0.4,13.1,27.7,51
2022-12-06 16:08:37,6.5,16.6,36.4,63
2022-12-06 17:21:08,5.5,7.4,22.3,63
2022-12-06 18:09:25,1.6,6.6,18.0,61
2022-12-06 18:38:04,1.6,6.6,18.0,61
2022-12-06 18:48:19,1.6,6.6,18.0,61
2022-12-06 19:08:47,0.4,2.8,14.8,51
2022-12-06 23:19:22,0.0,8.1,13.7,3
2022-12-06 23:44:31,0.0,3.2,6.8,3
2022-12-07 00:13:26,3.5,11.2,23.0,63
2022-12-07 03:43:06,0.0,9.7,18.0,3
2022-12-07 07:50:35,0.3,7.4,15.8,51
2022-12-07 08:33:42,0.2,7.2,18.4,51
2022-12-07 10:10:54,0.0,11.4,25.2,3
2022-12-07 12:05:00,1.6,8.4,32.0,61
2022-12-07 13:40:48,0.0,9.8,24.5,3
2022-12-07 14:17:44,0.1,10.0,25.9,51
2022-12-07 15:48:52,1.2,12.8,33.5,55
2022-12-07 17:33:08,0.0,6.9,20.2,1
2022-12-07 19:57:57,0.7,8.1,30.2,53
2022-12-07 20:52:31,0.0,10.7,26.6,0
2022-12-07 21:55:31,0.0,13.0,23.0,2
2022-12-07 22:27:05,0.0,4.0,7.2,1
2022-12-07 23:25:00,0.2,4.0,7.6,51
2022-12-08 06:11:55,0.0,4.8,8.6,3
2022-12-08 06:25:48,0.0,9.6,16.6,3
2022-12-08 13:16:19,0.0,3.6,15.5,0
2022-12-08 13:32:37,0.0,10.7,24.5,0
2022-12-08 16:44:47,0.0,10.0,26.6,0
2022-12-08 16:53:14,0.0,6.6,14.8,0
2022-12-08 16:56:16,0.0,8.0,22.7,0
2022-12-08 22:34:21,0.0,4.4,6.1,0
2022-12-08 22:50:54,0.0,6.5,10.8,0
2022-12-09 04:11:41,0.0,8.1,14.8,0
2022-12-09 05:38:25,0.0,7.3,14.0,0
2022-12-09 07:49:49,0.0,5.5,14.0,3
2022-12-09 08:32:48,0.0,4.4,13.0,3
2022-12-09 09:05:06,0.0,6.9,16.9,3
2022-12-09 09:21:08,0.0,6.8,16.2,3
2022-12-09 10:18:18,0.0,4.1,14.4,0
2022-12-09 10:44:08,0.0,4.1,14.4,0
2022-12-09 10:46:07,0.0,5.2,18.4,0
2022-12-09 12:17:39,0.0,8.6,22.0,0
2022-12-09 12:45:17,0.0,3.1,13.7,0
2022-12-09 14:56:04,0.0,4.1,13.3,0
2022-12-09 16:06:19,0.0,4.7,13.0,1
2022-12-09 17:58:17,0.0,8.9,19.1,2
2022-12-09 18:06:42,0.0,7.6,16.6,2
2022-12-09 20:44:39,0.0,7.4,9.7,1
2022-12-09 21:15:45,0.0,8.1,15.5,0
2022-12-09 22:39:21,0.0,13.8,24.5,1
2022-12-09 22:55:31,0.0,12.0,24.5,0
2022-12-10 00:12:48,0.0,8.4,16.9,0
2022-12-10 00:53:58,0.0,12.4,23.4,0
2022-12-10 00:56:43,0.0,5.2,10.4,0
2022-12-10 03:01:33,0.0,5.9,14.8,0
2022-12-10 03:52:33,0.0,5.7,11.2,0
2022-12-10 04:01:39,0.0,5.6,12.6,0
2022-12-10 10:29:10,0.0,14.1,29.9,0
2022-12-10 11:28:59,0.0,10.9,27.0,0
2022-12-10 13:34:00,0.0,16.6,36.7,0
2022-12-10 16:33:40,0.0,6.6,20.5,0
2022-12-10 17:12:46,0.0,4.3,15.5,0
2022-12-10 19:42:20,0.0,6.6,10.8,0
2022-12-10 21:36:31,0.0,11.0,21.2,0
2022-12-10 22:27:03,0.0,7.2,13.3,3
2022-12-11 04:55:07,0.0,7.8,13.0,3
2022-12-11 12:34:01,0.1,13.3,35.3,51
2022-12-11 17:29:50,0.3,5.4,20.5,51
2022-12-11 20:34:00,0.0,4.4,7.2,3
2022-12-11 21:08:00,0.0,6.2,7.9,3
2022-12-11 22:10:31,0.0,4.7,9.4,3
2022-12-12 02:41:16,0.0,11.9,23.4,3
2022-12-12 04:08:00,0.0,9.0,17.3,3
2022-12-12 07:04:08,0.0,12.5,23.0,3
2022-12-12 07:59:40,0.0,8.4,18.0,3
2022-12-12 11:35:35,4.3,15.2,34.2,63
2022-12-12 14:03:23,0.1,22.3,50.4,51
2022-12-12 14:24:47,0.4,5.1,15.8,51
2022-12-12 14:30:18,0.2,19.4,42.1,51
2022-12-12 17:10:04,0.2,12.8,28.1,51
2022-12-12 17:57:29,2.2,8.7,23.8,61
2022-12-12 18:10:49,0.1,8.2,17.3,51
2022-12-12 19:27:24,0.0,5.9,15.1,3
2022-12-12 21:34:51,0.0,14.2,28.8,3
2022-12-12 22:49:53,0.0,12.0,20.9,3
2022-12-12 23:11:01,0.0,11.3,20.5,3
2022-12-12 23:23:05,0.0,9.7,19.1,3
2022-12-12 23:57:57,0.0,7.3,14.0,2
2022-12-13 01:32:54,0.0,11.0,19.1,3
2022-12-13 06:56:13,4.1,8.7,21.6,63
2022-12-13 07:50:04,3.1,11.2,23.0,63
2022-12-13 07:52:16,0.9,15.1,28.8,53
2022-12-13 10:14:43,0.8,8.1,29.2,53
2022-12-13 12:18:27,4.3,8.1,23.0,63
2022-12-13 15:41:30,1.7,14.6,32.4,61
2022-12-13 17:01:13,0.2,14.1,29.2,51
2022-12-13 17:21:27,0.2,18.8,37.4,51
2022-12-13 21:28:12,0.2,9.2,9.7,51
2022-12-13 21:52:00,0.1,20.3,38.9,51
2022-12-13 22:52:11,0.1,17.9,32.0,51
2022-12-13 23:36:16,0.0,22.5,39.2,2
2022-12-14 03:11:22,0.0,12.3,26.6,0
2022-12-14 06:37:44,0.0,13.0,20.2,0
2022-12-14 07:00:35,0.0,12.6,24.8,0
2022-12-14 08:19:43,0.0,20.0,40.3,1
2022-12-14 11:38:18,0.0,16.6,38.9,3
2022-12-14 13:20:57,0.0,14.5,33.5,3
2022-12-14 14:30:59,0.0,6.6,18.4,3
2022-12-14 14:31:02,0.0,6.6,18.4,3
2022-12-14 15:23:06,0.0,16.5,34.2,1
2022-12-14 15:54:08,0.0,9.3,24.1,3
2022-12-14 16:21:34,0.0,17.1,31.3,0
2022-12-14 17:37:58,0.0,17.4,31.3,0
2022-12-14 18:28:25,0.0,2.6,17.3,1
2022-12-14 19:03:40,0.0,9.2,20.5,0
2022-12-14 19:36:31,0.0,7.7,19.4,0
2022-12-14 22:40:05,0.0,13.7,24.8,0
2022-12-14 23:05:29,0.0,24.9,43.6,0
2022-12-15 06:14:49,0.0,9.7,18.0,2
2022-12-15 06:57:15,0.0,11.6,24.1,3
2022-12-15 07:10:21,0.0,9.0,18.0,3
2022-12-15 07:31:15,0.0,11.3,24.1,1
2022-12-15 07:56:27,0.0,11.3,24.1,1
2022-12-15 10:44:00,0.0,5.2,19.8,1
2022-12-15 11:20:34,0.1,9.2,23.8,51
2022-12-15 12:10:28,0.0,7.0,24.1,1
2022-12-15 12:41:08,0.1,8.8,22.0,51
2022-12-15 17:16:37,0.0,7.2,15.5,1
2022-12-15 17:17:44,0.0,7.2,15.5,1
2022-12-15 17:31:55,0.0,5.2,14.4,0
2022-12-15 18:17:36,0.0,6.1,15.1,1
2022-12-15 18:53:26,0.0,17.6,42.1,0
2022-12-15 20:09:26,0.0,12.6,27.0,1
2022-12-15 20:17:51,0.0,6.4,12.2,0
2022-12-15 20:52:07,0.0,7.1,11.2,0
2022-12-16 01:53:35,0.0,8.0,15.5,0
2022-12-16 01:58:11,0.0,8.6,18.4,0
2022-12-16 02:11:44,0.0,5.5,7.2,1
2022-12-16 04:07:16,0.0,7.8,18.7,0
2022-12-16 05:05:18,0.1,4.7,9.0,51
2022-12-16 07:06:55,0.0,7.7,15.8,0
2022-12-16 08:48:31,0.0,9.3,21.6,0
2022-12-16 08:56:33,0.0,8.3,20.2,0
2022-12-16 10:41:47,0.0,13.5,29.5,0
2022-12-16 11:22:13,0.3,11.3,30.2,51
2022-12-16 11:47:11,0.2,13.8,32.0,51
2022-12-16 12:16:00,0.0,11.7,27.7,3
2022-12-16 14:21:14,0.0,12.2,28.4,1
2022-12-16 15:01:24,0.0,14.0,29.5,3
2022-12-16 16:42:58,0.0,8.0,22.3,3
2022-12-16 17:20:14,0.1,5.6,25.2,51
2022-12-16 20:42:21,0.0,3.9,8.6,2
2022-12-16 20:45:39,0.0,16.1,31.3,0
2022-12-16 20:53:47,0.0,4.0,7.9,3
2022-12-16 21:08:49,0.0,15.5,24.8,1
2022-12-16 21:43:49,0.0,17.9,32.8,0
2022-12-16 21:45:53,0.0,17.9,32.8,0
2022-12-17 00:47:24,0.0,8.4,21.2,0
2022-12-17 01:41:42,0.0,16.2,29.2,0
2022-12-17 01:54:59,0.0,7.7,15.1,1
2022-12-17 02:54:48,0.0,8.1,15.5,2
2022-12-17 05:25:11,0.0,8.3,19.8,3
2022-12-17 05:40:04,0.0,8.4,15.5,3
2022-12-17 07:26:55,0.0,6.8,16.6,0
2022-12-17 07:35:46,0.0,6.8,16.2,0
2022-12-17 11:45:54,0.0,10.5,28.4,0
2022-12-17 18:03:36,0.0,22.2,41.4,1
2022-12-17 18:43:35,0.0,20.9,45.0,3
2022-12-17 20:29:37,0.0,7.4,9.7,1
2022-12-17 20:56:41,0.0,17.6,39.2,0
2022-12-18 00:29:15,0.0,9.8,22.3,3
2022-12-18 01:42:20,0.0,13.7,26.3,0
2022-12-18 03:06:50,0.0,22.4,38.2,2
2022-12-18 05:46:34,0.0,16.3,35.6,1
2022-12-18 08:17:15,0.0,7.1,18.7,0
2022-12-18 10:41:00,0.1,6.9,23.8,51
2022-12-18 13:35:49,0.1,8.0,25.6,51
2022-12-18 16:26:52,0.0,7.4,18.4,1
2022-12-18 17:28:15,0.0,14.7,29.2,1
2022-12-18 19:54:23,0.0,7.2,11.5,3
2022-12-19 00:23:03,0.0,10.0,21.2,3
2022-12-19 07:45:10,0.0,12.4,24.5,3
2022-12-19 10:53:08,0.2,14.8,31.7,51
2022-12-19 11:30:58,0.1,8.6,23.0,51
2022-12-19 13:09:37,0.0,9.8,24.8,3
2022-12-19 14:22:01,0.5,8.4,19.1,53
2022-12-19 16:06:36,0.2,14.2,28.1,51
2022-12-19 21:05:28,0.4,12.0,32.0,51
2022-12-19 21:26:12,0.4,12.7,20.9,51
2022-12-19 22:03:49,0.2,13.1,25.2,51
2022-12-19 23:16:11,0.9,9.2,22.0,53
2022-12-20 00:19:00,0.4,5.4,15.5,51
2022-12-20 00:45:38,1.0,16.8,32.4,55
2022-12-20 06:06:05,2.7,12.6,24.1,63
2022-12-20 06:33:03,2.8,14.4,22.7,63
2022-12-20 10:21:22,0.0,9.0,26.6,1
2022-12-20 11:12:01,0.0,7.6,19.1,3
2022-12-20 12:29:19,0.1,5.6,17.3,51
2022-12-20 13:01:38,0.1,2.9,18.7,51
2022-12-20 15:01:41,0.2,9.7,29.2,51
2022-12-20 17:28:56,0.2,10.4,21.2,51
2022-12-20 19:56:11,1.9,12.8,23.8,61
2022-12-20 23:55:01,0.1,20.0,42.1,51
2022-12-21 00:10:22,0.0,9.4,24.1,0
2022-12-21 02:44:12,0.0,14.6,28.8,0
2022-12-21 06:07:27,0.1,15.3,28.8,51
2022-12-21 08:59:01,0.1,11.5,25.2,51
2022-12-21 10:03:21,0.1,13.9,29.5,51
2022-12-21 17:14:04,0.2,25.1,52.6,51
2022-12-21 20:11:19,0.0,21.4,38.9,1
2022-12-21 21:39:35,0.0,16.9,37.1,3
2022-12-21 22:15:40,0.0,20.2,38.5,0
2022-12-22 04:53:35,0.0,15.9,29.2,0
2022-12-22 12:04:14,0.0,13.0,32.4,3
2022-12-22 13:46:56,0.0,11.6,27.4,1
2022-12-22 13:58:51,0.0,12.2,28.1,1
2022-12-22 14:32:17,0.0,11.7,28.1,3
2022-12-22 15:15:47,0.0,15.6,29.5,3
2022-12-22 15:30:42,0.2,22.2,42.5,51
2022-12-22 17:48:19,0.1,21.7,41.8,51
2022-12-22 19:18:28,0.0,18.1,45.0,3
2022-12-22 19:55:11,0.0,22.2,41.8,2
2022-12-22 20:48:04,0.0,18.1,42.1,3
2022-12-22 21:44:02,0.0,16.4,30.6,1
2022-12-23 06:57:37,0.0,13.5,24.5,0
2022-12-23 07:35:14,0.0,15.0,31.3,0
2022-12-23 07:37:40,0.0,11.6,22.3,0
2022-12-23 08:33:33,0.0,15.3,32.8,0
2022-12-23 08:51:10,0.0,12.8,32.8,1
2022-12-23 08:54:39,0.0,5.8,16.9,0
2022-12-23 10:47:10,0.0,12.2,27.7,0
2022-12-23 11:34:34,0.0,14.2,36.7,0
2022-12-23 14:40:55,0.0,3.3,21.2,2
2022-12-23 16:29:33,0.1,3.2,11.2,51
2022-12-23 18:22:26,0.0,18.8,39.2,3
2022-12-23 19:36:45,0.0,16.3,31.0,0
2022-12-23 20:15:26,0.0,15.0,25.9,0
2022-12-23 20:48:12,0.0,16.5,32.8,3
2022-12-23 21:23:32,0.0,14.2,27.4,0
2022-12-23 22:50:37,0.0,14.4,25.9,0
2022-12-23 22:59:17,0.0,13.1,23.4,3
2022-12-23 23:35:02,0.0,15.0,30.2,1
2022-12-23 23:56:21,0.0,15.0,30.2,1
2022-12-24 00:40:08,0.0,12.5,24.5,1
2022-12-24 01:02:48,0.0,11.0,20.5,0
2022-12-24 01:28:39,0.0,16.2,36.7,0
2022-12-24 01:40:00,0.0,7.9,14.8,0
2022-12-24 04:35:20,0.0,9.2,18.7,2
2022-12-24 11:06:09,0.0,13.6,34.2,0
2022-12-24 12:39:33,0.0,9.0,29.5,1
2022-12-24 13:10:12,0.0,9.2,27.7,0
2022-12-24 15:12:44,0.5,6.3,16.6,53
2022-12-24 15:30:31,0.1,4.5,15.5,51
2022-12-24 15:48:07,0.0,4.7,16.6,1
2022-12-24 17:22:34,0.1,16.3,28.4,51
2022-12-24 20:40:00,0.1,10.1,24.5,51
2022-12-24 23:23:52,0.0,13.4,28.4,3
2022-12-25 10:48:19,0.0,17.4,43.6,2
2022-12-25 14:05:49,1.1,7.0,20.9,55
2022-12-25 15:55:30,0.0,2.5,15.8,2
2022-12-25 15:57:42,2.9,9.4,25.9,63
2022-12-25 16:20:32,0.1,14.5,34.9,51
2022-12-25 16:26:18,0.9,3.1,14.8,53
2022-12-25 17:17:20,1.3,18.6,34.2,61
2022-12-25 17:22:09,0.1,17.9,31.3,51
2022-12-25 18:57:00,0.0,1.5,8.3,3
2022-12-25 19:52:56,0.0,13.0,29.2,3
2022-12-25 23:36:39,0.5,7.0,16.9,53
2022-12-26 00:17:42,2.3,5.8,15.1,61
2022-12-26 01:11:48,1.9,12.1,25.6,61
2022-12-26 05:57:40,1.4,6.3,15.8,61
2022-12-26 06:17:13,1.2,8.4,19.8,55
2022-12-26 06:58:32,1.8,9.7,26.3,61
2022-12-26 08:14:09,1.5,11.6,24.8,61
2022-12-26 10:56:46,0.5,7.9,19.8,53
2022-12-26 16:11:16,0.1,8.1,31.3,51
2022-12-26 17:50:48,0.1,8.6,24.5,51
2022-12-26 18:01:42,0.1,5.8,22.7,51
2022-12-26 18:56:26,1.2,12.3,25.2,55
2022-12-26 19:12:49,1.3,5.3,15.1,61
2022-12-26 22:37:53,0.0,5.2,10.1,0
2022-12-26 23:15:07,0.0,5.1,12.2,1
2022-12-26 23:34:23,0.0,5.2,10.4,1
2022-12-27 02:31:10,0.0,7.6,15.1,3
2022-12-27 05:24:21,0.0,11.8,21.2,3
2022-12-27 07:04:24,0.0,10.1,19.4,3
2022-12-27 09:19:52,0.5,11.2,18.4,53
2022-12-27 09:28:50,0.4,10.5,20.9,51
2022-12-27 11:43:48,1.3,12.2,32.0,61
2022-12-27 15:09:15,0.1,10.5,27.7,51
2022-12-27 16:32:12,0.1,8.7,26.3,51
2022-12-27 16:42:59,0.0,7.6,24.1,2
2022-12-27 19:10:16,0.1,4.5,17.3,51
2022-12-27 19:26:52,0.0,6.6,9.0,1
2022-12-27 23:27:24,0.1,8.0,16.9,51
2022-12-28 01:53:15,6.4,7.1,21.6,63
2022-12-28 02:38:17,0.2,7.4,14.8,51
2022-12-28 06:28:10,0.1,12.6,24.1,51
2022-12-28 07:48:00,0.5,13.6,25.2,53
2022-12-28 08:00:14,0.1,20.6,38.2,51
2022-12-28 08:34:14,0.1,20.6,38.2,51
2022-12-28 09:47:49,0.0,23.3,55.4,3
2022-12-28 14:40:55,1.4,21.8,53.6,61
2022-12-28 20:52:15,1.9,6.6,18.4,61
2022-12-28 21:45:43,0.1,8.0,15.8,51
2022-12-28 22:14:08,0.2,18.2,33.1,51
2022-12-29 00:00:28,0.1,14.8,28.4,51
2022-12-29 05:44:22,0.4,10.1,24.8,51
2022-12-29 06:39:59,0.9,8.7,19.1,53
2022-12-29 07:51:09,8.3,11.6,30.2,65
2022-12-29 08:18:58,0.2,15.0,31.0,51
2022-12-29 09:22:11,0.1,13.0,31.0,51
2022-12-29 09:31:33,0.2,15.3,36.4,51
2022-12-29 10:47:21,0.0,17.8,35.6,3
2022-12-29 12:52:15,0.2,19.2,37.1,51
2022-12-29 14:36:41,0.1,14.4,36.4,51
2022-12-29 15:46:56,0.6,7.4,34.2,53
2022-12-29 22:31:21,0.1,11.0,17.6,51
2022-12-30 01:20:14,0.0,3.4,8.6,2
2022-12-30 04:10:00,0.2,3.7,11.9,51
2022-12-30 07:54:52,0.0,5.0,12.6,1
2022-12-30 09:38:48,0.2,5.7,22.3,51
2022-12-30 10:10:29,0.0,4.5,20.2,0
2022-12-30 10:33:27,0.0,3.9,19.4,1
2022-12-30 11:36:37,6.9,7.8,29.9,63
2022-12-30 15:31:33,0.5,15.5,39.2,53
2022-12-30 16:03:22,1.6,8.7,18.7,61
2022-12-30 20:17:14,0.0,8.9,15.5,1
2022-12-31 00:00:06,0.0,9.8,17.6,0
2022-12-31 02:49:29,0.0,4.6,9.4,0
2022-12-31 03:53:42,0.0,7.9,15.1,0
2022-12-31 06:34:50,0.0,6.1,10.4,2
2022-12-31 06:49:18,0.0,4.9,8.3,1
2022-12-31 07:58:28,0.0,2.6,11.2,0
2022-12-31 08:35:23,0.0,8.0,20.2,1
2022-12-31 09:07:35,0.0,7.7,24.5,1
2022-12-31 09:11:43,0.0,6.1,16.9,1
2022-12-31 17:09:52,0.1,1.4,14.4,51
2022-12-31 22:25:31,0.0,8.0,15.1,0
