DATA,HORA,CONCESSIONARIA,RODOVIA,KM,SENTIDO,LATITUDE,LONGITUDE,CLASSE,SUBCLASSE,CAUSA_PROVAVEL,VITIMA_LEVE,VITIMA_MODERADA,VITIMA_GRAVE,VITIMA_FATAL,MUNICIPIO,REGIAO_ADMINISTRATIVA,REGIONAL_DER,JURISDICAO,AUTOMÓVEL,NÃO INFORMADO,MOTO,CAMINHONETE,CAMINHÃO,BICICLETA,ÔNIBUS,NÃO SE APLICA,MICRO-ÔNIBUS,TRATOR,UTILITÁRIO,CARRETINHA,TRAILER,CARROÇA,CICLOMOTOR,CHARRETE
2026-01-01T00:00:00,01:36:00,L28-ENTREVIAS,SP330,329.97,NORTE,-21.04165417436274,-47.82962104927541,CHOQUE,CHOQUE-ELEMENTO DE DRENAGEM,IMPRUD. CONDUTOR-PERDA DE CONTROLE,0,0,0,0,JARDINÓPOLIS,RIBEIRÃO PRETO,RIBEIRÃO PRETO,ESTADUAL,1.0,0.0,0.0,0.0,0.0,0.0,0.0,0.0,0.0,0.0,0.0,0.0,0.0,0.0,0.0,0.0
2026-01-01T00:00:00,02:14:39,L29-VIAPAULISTA,SP330,313.932,SUL,-21.14896423,-47.75830936,CHOQUE,CHOQUE-MEIO FIO,IMPRUD. CONDUTOR-PERDA DE CONTROLE,0,0,0,0,RIBEIRÃO PRETO,RIBEIRÃO PRETO,RIBEIRÃO PRETO,ESTADUAL,1.0,0.0,0.0,0.0,0.0,0.0,0.0,0.0,0.0,0.0,0.0,0.0,0.0,0.0,0.0,0.0
2026-01-01T00:00:00,05:13:08,L01-AUTOBAN,SP330,72.9,NORTE,-23.083270453726,-46.977380025841,COLISÃO,COLISÃO-LATERAL,NÃO INFORMADO,0,0,0,0,LOUVEIRA,CAMPINAS,CAMPINAS,ESTADUAL,1.0,1.0,0.0,0.0,0.0,0.0,0.0,0.0,0.0,0.0,0.0,0.0,0.0,0.0,0.0,0.0
2026-01-01T00:00:00,22:04:16,L01-AUTOBAN,SP330,63.0,SUL,-23.16087896177,-46.931920051575,COLISÃO,COLISÃO-LATERAL,NÃO INFORMADO,0,0,0,0,JUNDIAÍ,CAMPINAS,CAMPINAS,ESTADUAL,2.0,0.0,0.0,0.0,0.0,0.0,0.0,0.0,0.0,0.0,0.0,0.0,0.0,0.0,0.0,0.0
2026-01-02T00:00:00,08:32:39,L06-INTERVIAS,SP330,216.0,SUL,-21.94909718,-47.46268273,CHOQUE,CHOQUE-OBJETO NA PISTA,OBJETO NA PISTA,0,0,0,0,PIRASSUNUNGA,CAMPINAS,RIO CLARO,ESTADUAL,1.0,0.0,0.0,0.0,0.0,0.0,0.0,0.0,0.0,0.0,0.0,0.0,0.0,0.0,0.0,0.0
2026-01-02T00:00:00,12:08:46,L01-AUTOBAN,SP330,13.5,NORTE,-23.5074805,-46.74511,CHOQUE,CHOQUE-OBJETO NA PISTA,NÃO INFORMADO,1,0,0,0,SÃO PAULO,REG. METROPOLITANA SÃO PAULO,SÃO PAULO,ESTADUAL,0.0,0.0,2.0,1.0,0.0,0.0,0.0,0.0,0.0,0.0,0.0,0.0,0.0,0.0,0.0,0.0
2026-01-02T00:00:00,12:46:39,L29-VIAPAULISTA,SPA307/330,0.1,LESTE,-21.20576246,-47.75844157,CHOQUE,CHOQUE-DEFENSA/BARREIRA,IMPRUD. CONDUTOR-PERDA DE CONTROLE,0,0,0,0,RIBEIRÃO PRETO,RIBEIRÃO PRETO,RIBEIRÃO PRETO,ESTADUAL,1.0,0.0,0.0,0.0,0.0,0.0,0.0,0.0,0.0,0.0,0.0,0.0,0.0,0.0,0.0,0.0
2026-01-02T00:00:00,17:59:36,L29-VIAPAULISTA,SP330,246.85,SUL,-21.71109371,-47.59236274,CHOQUE,CHOQUE-DEFENSA/BARREIRA,IMPRUD. CONDUTOR-PERDA DE CONTROLE,0,0,0,0,SANTA RITA DO PASSA QUATRO,CENTRAL,RIBEIRÃO PRETO,ESTADUAL,0.0,0.0,0.0,0.0,1.0,0.0,0.0,0.0,0.0,0.0,0.0,0.0,0.0,0.0,0.0,0.0
2026-01-02T00:00:00,18:40:39,L01-AUTOBAN,SP330,121.0,SUL,-22.750112947768,-47.261837124825,CHOQUE,CHOQUE-DEFENSA/BARREIRA,NÃO INFORMADO,0,0,0,0,AMERICANA,CAMPINAS,RIO CLARO,ESTADUAL,1.0,0.0,0.0,0.0,0.0,0.0,0.0,0.0,0.0,0.0,0.0,0.0,0.0,0.0,0.0,0.0
2026-01-02T00:00:00,19:19:35,L29-VIAPAULISTA,SP330,301.168,SUL,-21.26246267,-47.75484175,COLISÃO,COLISÃO-TRASEIRA,IMPRUD. CONDUTOR-DORMIR AO VOLANTE,0,1,0,0,RIBEIRÃO PRETO,RIBEIRÃO PRETO,RIBEIRÃO PRETO,ESTADUAL,1.0,0.0,0.0,0.0,1.0,0.0,0.0,0.0,0.0,0.0,0.0,0.0,0.0,0.0,0.0,0.0
2026-01-03T00:00:00,02:11:00,L28-ENTREVIAS,SP330,342.57,NORTE,-20.887624438669,-47.89621373912441,ATROPELAMENTO DE ANIMAL,ATROP. ANIMAL-DOMÉSTICO GRANDE,ANIMAL NA RODOVIA,0,0,0,0,JARDINÓPOLIS,RIBEIRÃO PRETO,RIBEIRÃO PRETO,ESTADUAL,0.0,0.0,0.0,0.0,0.0,0.0,0.0,0.0,0.0,0.0,1.0,0.0,0.0,0.0,0.0,0.0
2026-01-03T00:00:00,06:08:10,L01-AUTOBAN,SP330,91.1,NORTE,-22.942084754019,-47.067024048192,TOMBAMENTO,TOMBAMENTO-MOTO,NÃO INFORMADO,1,0,0,0,CAMPINAS,CAMPINAS,CAMPINAS,ESTADUAL,0.0,0.0,1.0,0.0,0.0,0.0,0.0,0.0,0.0,0.0,0.0,0.0,0.0,0.0,0.0,0.0
2026-01-03T00:00:00,06:32:30,L01-AUTOBAN,SP330,12.0,NORTE,-23.509174607034,-46.730620265007,COLISÃO,COLISÃO-LATERAL,NÃO INFORMADO,0,0,0,0,SÃO PAULO,REG. METROPOLITANA SÃO PAULO,SÃO PAULO,ESTADUAL,2.0,0.0,0.0,0.0,0.0,0.0,0.0,0.0,0.0,0.0,0.0,0.0,0.0,0.0,0.0,0.0
2026-01-03T00:00:00,08:32:55,L06-INTERVIAS,SP330,202.9,NORTE,-22.06221958,-47.42607853,CAPOTAMENTO,CAPOTAMENTO,IMPRUD. CONDUTOR-LEVOU FECHADA,1,0,0,0,PIRASSUNUNGA,CAMPINAS,RIO CLARO,ESTADUAL,1.0,0.0,0.0,0.0,0.0,0.0,0.0,0.0,0.0,0.0,0.0,0.0,0.0,0.0,0.0,0.0
2026-01-03T00:00:00,08:38:08,L01-AUTOBAN,SP330,147.0,SUL,-22.552865090444,-47.371035218239,COLISÃO,COLISÃO-TRANSVERSAL,NÃO INFORMADO,4,0,0,0,LIMEIRA,CAMPINAS,RIO CLARO,ESTADUAL,2.0,0.0,0.0,0.0,1.0,0.0,0.0,0.0,0.0,0.0,0.0,0.0,0.0,0.0,0.0,0.0
2026-01-03T00:00:00,11:57:42,L29-VIAPAULISTA,SP330,315.85,NORTE,-21.1323745,-47.76607385,TOMBAMENTO,TOMBAMENTO,ESTOURO/FURO DE PNEU,0,0,0,0,RIBEIRÃO PRETO,RIBEIRÃO PRETO,RIBEIRÃO PRETO,ESTADUAL,0.0,0.0,1.0,0.0,0.0,0.0,0.0,0.0,0.0,0.0,0.0,0.0,0.0,0.0,0.0,0.0
2026-01-03T00:00:00,14:27:50,L01-AUTOBAN,SP330,29.0,NORTE,-23.409248491244,-46.820565462112,CHOQUE,CHOQUE-DEFENSA/BARREIRA,NÃO INFORMADO,0,0,0,0,SÃO PAULO,REG. METROPOLITANA SÃO PAULO,SÃO PAULO,ESTADUAL,0.0,0.0,0.0,1.0,0.0,0.0,0.0,0.0,0.0,0.0,0.0,0.0,0.0,0.0,0.0,0.0
2026-01-03T00:00:00,18:23:46,L29-VIAPAULISTA,SP330,317.72,NORTE,-21.11838556,-47.77606685,COLISÃO,COLISÃO-LATERAL,IMPRUD. CONDUTOR-MUDANÇA DE FAIXA,1,0,0,0,RIBEIRÃO PRETO,RIBEIRÃO PRETO,RIBEIRÃO PRETO,ESTADUAL,1.0,0.0,1.0,0.0,0.0,0.0,0.0,0.0,0.0,0.0,0.0,0.0,0.0,0.0,0.0,0.0
2026-01-03T00:00:00,19:46:53,L29-VIAPAULISTA,SP330,271.464,NORTE,-21.49509381,-47.64141558,ATROPELAMENTO DE ANIMAL,ATROP. ANIMAL-OUTROS,ANIMAL NA RODOVIA,0,0,0,0,SÃO SIMÃO,RIBEIRÃO PRETO,RIBEIRÃO PRETO,ESTADUAL,0.0,0.0,0.0,1.0,0.0,0.0,0.0,0.0,0.0,0.0,0.0,0.0,0.0,0.0,0.0,0.0
2026-01-03T00:00:00,21:45:02,L01-AUTOBAN,SP330,60.75,NORTE,-23.176721037056,-46.916614025831,CHOQUE,CHOQUE-DEFENSA/BARREIRA,NÃO INFORMADO,1,0,0,0,JUNDIAÍ,CAMPINAS,CAMPINAS,ESTADUAL,1.0,0.0,0.0,0.0,0.0,0.0,0.0,0.0,0.0,0.0,0.0,0.0,0.0,0.0,0.0,0.0
2026-01-04T00:00:00,00:07:11,L06-INTERVIAS,SP330,185.25,SUL,-22.21747405,-47.39291012,ATROPELAMENTO DE ANIMAL,ATROP. ANIMAL-OUTROS,ANIMAL NA RODOVIA,0,0,0,0,LEME,CAMPINAS,RIO CLARO,ESTADUAL,1.0,0.0,0.0,0.0,0.0,0.0,0.0,0.0,0.0,0.0,0.0,0.0,0.0,0.0,0.0,0.0
2026-01-04T00:00:00,00:41:22,L06-INTERVIAS,SP330,170.43,NORTE,-22.35011514,-47.39414563,ATROPELAMENTO DE ANIMAL,ATROP. ANIMAL-OUTROS,ANIMAL NA RODOVIA,0,0,0,0,ARARAS,CAMPINAS,RIO CLARO,ESTADUAL,1.0,0.0,0.0,0.0,0.0,0.0,0.0,0.0,0.0,0.0,0.0,0.0,0.0,0.0,0.0,0.0
2026-01-04T00:00:00,00:57:33,L06-INTERVIAS,SP330,234.0,NORTE,-21.79626159,-47.51218268,ATROPELAMENTO DE ANIMAL,ATROP. ANIMAL-OUTROS,ANIMAL NA RODOVIA,0,0,0,0,SANTA RITA DO PASSA QUATRO,CENTRAL,RIBEIRÃO PRETO,ESTADUAL,1.0,0.0,0.0,0.0,0.0,0.0,0.0,0.0,0.0,0.0,0.0,0.0,0.0,0.0,0.0,0.0
2026-01-04T00:00:00,05:07:55,L01-AUTOBAN,SP330,73.0,SUL,-23.082623671372,-46.978075504303,COLISÃO,COLISÃO-TRASEIRA,NÃO INFORMADO,0,0,0,0,LOUVEIRA,CAMPINAS,CAMPINAS,ESTADUAL,2.0,0.0,0.0,0.0,0.0,0.0,0.0,0.0,0.0,0.0,0.0,0.0,0.0,0.0,0.0,0.0
2026-01-04T00:00:00,09:20:43,L01-AUTOBAN,SPM330E,94.5,SUL,-22.924640493417,-47.087520650466,TOMBAMENTO,TOMBAMENTO-MOTO,NÃO INFORMADO,2,0,0,0,CAMPINAS,CAMPINAS,CAMPINAS,ESTADUAL,0.0,0.0,1.0,0.0,0.0,0.0,0.0,0.0,0.0,0.0,0.0,0.0,0.0,0.0,0.0,0.0
2026-01-04T00:00:00,17:50:22,L01-AUTOBAN,SPM330D,107.5,NORTE,-22.836018889871,-47.174000144005,TOMBAMENTO,TOMBAMENTO,NÃO INFORMADO,0,0,0,0,SUMARÉ,CAMPINAS,CAMPINAS,ESTADUAL,0.0,0.0,0.0,0.0,0.0,1.0,0.0,0.0,0.0,0.0,0.0,0.0,0.0,0.0,0.0,0.0
2026-01-04T00:00:00,19:36:40,L01-AUTOBAN,SP330,16.5,SUL,-23.492131088663,-46.762954294682,COLISÃO,COLISÃO-TRASEIRA,NÃO INFORMADO,0,0,0,0,OSASCO,REG. METROPOLITANA SÃO PAULO,SÃO PAULO,ESTADUAL,2.0,0.0,0.0,0.0,0.0,0.0,0.0,0.0,0.0,0.0,0.0,0.0,0.0,0.0,0.0,0.0
2026-01-04T00:00:00,21:34:50,L01-AUTOBAN,SP330,103.8,SUL,-22.858165835017,-47.14689069104,CHOQUE,CHOQUE-DEFENSA/BARREIRA,NÃO INFORMADO,0,0,0,0,CAMPINAS,CAMPINAS,CAMPINAS,ESTADUAL,1.0,1.0,0.0,0.0,0.0,0.0,0.0,0.0,0.0,0.0,0.0,0.0,0.0,0.0,0.0,0.0
2026-01-05T00:00:00,01:00:09,L29-VIAPAULISTA,SP330,244.107,NORTE,-21.73448322,-47.58343418,ATROPELAMENTO DE ANIMAL,ATROP. ANIMAL-OUTROS,ANIMAL NA RODOVIA,0,0,0,0,SANTA RITA DO PASSA QUATRO,CENTRAL,RIBEIRÃO PRETO,ESTADUAL,1.0,0.0,0.0,0.0,0.0,0.0,0.0,0.0,0.0,0.0,0.0,0.0,0.0,0.0,0.0,0.0
2026-01-05T00:00:00,03:03:55,L28-ENTREVIAS,SP330,346.0,NORTE,-20.88215666173855,-47.89763784229417,ATROPELAMENTO DE ANIMAL,ATROP. ANIMAL-DOMÉSTICO GRANDE,ANIMAL NA RODOVIA,0,0,0,0,SALES OLIVEIRA,FRANCA,RIBEIRÃO PRETO,ESTADUAL,0.0,0.0,0.0,0.0,0.0,0.0,0.0,0.0,0.0,0.0,1.0,0.0,0.0,0.0,0.0,0.0
2026-01-05T00:00:00,04:31:01,L01-AUTOBAN,SP330,42.55,SUL,-23.313489539255,-46.855506059283,CHOQUE,CHOQUE-ELEMENTO DE DRENAGEM,NÃO INFORMADO,0,0,0,0,CAJAMAR,REG. METROPOLITANA SÃO PAULO,SÃO PAULO,ESTADUAL,0.0,0.0,0.0,0.0,1.0,0.0,0.0,0.0,0.0,0.0,0.0,0.0,0.0,0.0,0.0,0.0
2026-01-05T00:00:00,10:25:31,L06-INTERVIAS,SP330,220.0,NORTE,-21.91461944,-47.47413529,COLISÃO,COLISÃO-LATERAL,IMPRUD. CONDUTOR-MUDANÇA DE FAIXA,0,0,0,0,PORTO FERREIRA,CENTRAL,RIO CLARO,ESTADUAL,1.0,0.0,0.0,0.0,1.0,0.0,0.0,0.0,0.0,0.0,0.0,0.0,0.0,0.0,0.0,0.0
2026-01-05T00:00:00,13:18:04,L01-AUTOBAN,SPM330D,16.5,NORTE,-23.492209809137,-46.762779951096,COLISÃO,COLISÃO-TRASEIRA,NÃO INFORMADO,4,0,0,0,OSASCO,REG. METROPOLITANA SÃO PAULO,SÃO PAULO,ESTADUAL,2.0,0.0,0.0,0.0,1.0,0.0,0.0,0.0,0.0,0.0,0.0,0.0,0.0,0.0,0.0,0.0
2026-01-05T00:00:00,18:36:33,L01-AUTOBAN,SP330,19.1,SUL,-23.47323185488,-46.773267927243,COLISÃO,COLISÃO-LATERAL,NÃO INFORMADO,0,0,0,1,SÃO PAULO,REG. METROPOLITANA SÃO PAULO,SÃO PAULO,ESTADUAL,0.0,1.0,1.0,0.0,0.0,0.0,0.0,0.0,0.0,0.0,0.0,0.0,0.0,0.0,0.0,0.0
2026-01-05T00:00:00,20:24:09,L29-VIAPAULISTA,SP330,261.442,NORTE,-21.58395123,-47.62660467,CAPOTAMENTO,CAPOTAMENTO,IMPRUD. CONDUTOR-LEVOU FECHADA,0,0,0,0,SÃO SIMÃO,RIBEIRÃO PRETO,RIBEIRÃO PRETO,ESTADUAL,1.0,0.0,0.0,0.0,0.0,0.0,0.0,0.0,0.0,0.0,0.0,0.0,0.0,0.0,0.0,0.0
2026-01-05T00:00:00,23:25:32,L01-AUTOBAN,SP330,12.5,NORTE,-23.508541803517,-46.735579632504,CHOQUE,CHOQUE-DEFENSA/BARREIRA,NÃO INFORMADO,1,0,0,0,SÃO PAULO,REG. METROPOLITANA SÃO PAULO,SÃO PAULO,ESTADUAL,1.0,0.0,0.0,0.0,0.0,0.0,0.0,0.0,0.0,0.0,0.0,0.0,0.0,0.0,0.0,0.0
2026-01-05T00:00:00,23:51:07,L01-AUTOBAN,SP330,63.0,NORTE,-23.160652,-46.931831,ATROPELAMENTO DE ANIMAL,ATROP. ANIMAL-OUTROS,NÃO INFORMADO,0,0,0,0,JUNDIAÍ,CAMPINAS,CAMPINAS,ESTADUAL,2.0,0.0,0.0,0.0,0.0,0.0,0.0,0.0,0.0,0.0,0.0,0.0,0.0,0.0,0.0,0.0
2026-01-06T00:00:00,09:00:00,L28-ENTREVIAS,SP330,319.95,NORTE,-21.10801728324018,-47.78364133703886,COLISÃO,COLISÃO-TRASEIRA,PANE MECÂNICA/ELÉTRICA,0,0,0,0,RIBEIRÃO PRETO,RIBEIRÃO PRETO,RIBEIRÃO PRETO,ESTADUAL,0.0,0.0,0.0,0.0,1.0,0.0,1.0,0.0,0.0,0.0,0.0,0.0,0.0,0.0,0.0,0.0
2026-01-06T00:00:00,09:37:04,L01-AUTOBAN,SP330,103.0,SUL,-22.862525,-47.139454,COLISÃO,COLISÃO-LATERAL,NÃO INFORMADO,0,0,0,0,CAMPINAS,CAMPINAS,CAMPINAS,ESTADUAL,0.0,0.0,0.0,1.0,1.0,0.0,0.0,0.0,0.0,0.0,0.0,0.0,0.0,0.0,0.0,0.0
2026-01-06T00:00:00,09:56:59,L01-AUTOBAN,SP330,98.5,NORTE,-22.891802389569,-47.112000882626,TOMBAMENTO,TOMBAMENTO-MOTO,NÃO INFORMADO,1,0,0,0,CAMPINAS,CAMPINAS,CAMPINAS,ESTADUAL,0.0,0.0,1.0,0.0,0.0,0.0,0.0,0.0,0.0,0.0,0.0,0.0,0.0,0.0,0.0,0.0
2026-01-06T00:00:00,10:59:28,L01-AUTOBAN,SP330,17.0,SUL,-23.48999344107,-46.767071485519,TOMBAMENTO,TOMBAMENTO,NÃO INFORMADO,1,0,0,0,SÃO PAULO,REG. METROPOLITANA SÃO PAULO,SÃO PAULO,ESTADUAL,0.0,0.0,0.0,1.0,0.0,0.0,0.0,0.0,0.0,0.0,0.0,0.0,0.0,0.0,0.0,0.0
2026-01-06T00:00:00,13:25:38,L06-INTERVIAS,SP330,182.451,SUL,-22.24274952,-47.39080006,COLISÃO,COLISÃO-TRASEIRA,IMPRUD. CONDUTOR-LEVOU FECHADA,0,0,1,0,LEME,CAMPINAS,RIO CLARO,ESTADUAL,0.0,0.0,0.0,0.0,2.0,0.0,0.0,0.0,0.0,0.0,0.0,0.0,0.0,0.0,0.0,0.0
2026-01-06T00:00:00,16:56:00,L28-ENTREVIAS,SP330,388.9,NORTE,-20.53471004514387,-47.84835027493978,QUEDA,QUEDA-RIBANCEIRA/OAE,IMPRUD. CONDUTOR-PERDA DE CONTROLE,1,0,3,0,SÃO JOAQUIM DA BARRA,FRANCA,RIBEIRÃO PRETO,ESTADUAL,1.0,0.0,0.0,0.0,0.0,0.0,0.0,0.0,0.0,0.0,0.0,0.0,0.0,0.0,0.0,0.0
2026-01-06T00:00:00,17:42:12,L06-INTERVIAS,SP330,170.0,NORTE,-22.35393354,-47.39472844,COLISÃO,COLISÃO-TRASEIRA,IMPRUD. CONDUTOR,1,0,0,0,ARARAS,CAMPINAS,RIO CLARO,ESTADUAL,0.0,0.0,2.0,0.0,0.0,0.0,0.0,0.0,0.0,0.0,0.0,0.0,0.0,0.0,0.0,0.0
2026-01-06T00:00:00,18:59:46,L01-AUTOBAN,SP330,109.0,NORTE,-22.827374159413,-47.183876037598,ENGAVETAMENTO,ENGAVETAMENTO,NÃO INFORMADO,0,0,0,0,SUMARÉ,CAMPINAS,CAMPINAS,ESTADUAL,2.0,0.0,0.0,1.0,1.0,0.0,0.0,0.0,0.0,0.0,0.0,0.0,0.0,0.0,0.0,0.0
2026-01-06T00:00:00,21:03:55,L01-AUTOBAN,SP330,146.0,NORTE,-22.560678,-47.366217,COLISÃO,COLISÃO-TRASEIRA,NÃO INFORMADO,0,0,0,0,LIMEIRA,CAMPINAS,RIO CLARO,ESTADUAL,1.0,0.0,0.0,1.0,0.0,0.0,0.0,0.0,0.0,0.0,0.0,0.0,0.0,0.0,0.0,0.0
2026-01-06T00:00:00,23:49:25,L01-AUTOBAN,SPM330E,17.9,SUL,-23.482970617937,-46.770764885767,CHOQUE,CHOQUE-DEFENSA/BARREIRA,NÃO INFORMADO,0,0,0,0,OSASCO,REG. METROPOLITANA SÃO PAULO,SÃO PAULO,ESTADUAL,1.0,0.0,0.0,0.0,0.0,0.0,0.0,0.0,0.0,0.0,0.0,0.0,0.0,0.0,0.0,0.0
2026-01-07T00:00:00,05:27:28,L01-AUTOBAN,SP330,107.0,SUL,-22.839867744999,-47.170851230621,ENGAVETAMENTO,ENGAVETAMENTO,NÃO INFORMADO,0,0,0,0,SUMARÉ,CAMPINAS,CAMPINAS,ESTADUAL,1.0,0.0,0.0,2.0,1.0,0.0,0.0,0.0,0.0,0.0,0.0,0.0,0.0,0.0,0.0,0.0
2026-01-07T00:00:00,05:57:14,L01-AUTOBAN,SP330,51.5,NORTE,-23.244002623421,-46.867477031834,COLISÃO,COLISÃO-LATERAL,NÃO INFORMADO,0,0,0,0,JUNDIAÍ,CAMPINAS,CAMPINAS,ESTADUAL,1.0,0.0,0.0,0.0,1.0,0.0,0.0,0.0,0.0,0.0,0.0,0.0,0.0,0.0,0.0,0.0
2026-01-07T00:00:00,06:03:44,L01-AUTOBAN,SP330,104.0,SUL,-22.857076064557,-47.148749828339,COLISÃO,COLISÃO-TRASEIRA,NÃO INFORMADO,0,0,1,0,CAMPINAS,CAMPINAS,CAMPINAS,ESTADUAL,0.0,0.0,1.0,0.0,1.0,0.0,0.0,0.0,0.0,0.0,0.0,0.0,0.0,0.0,0.0,0.0
2026-01-07T00:00:00,07:44:25,L29-VIAPAULISTA,SP330,313.922,SUL,-21.14905211,-47.75828722,COLISÃO,COLISÃO-LATERAL,IMPRUD. CONDUTOR-DESRESPEITO À SINALIZAÇÃO,0,1,0,0,RIBEIRÃO PRETO,RIBEIRÃO PRETO,RIBEIRÃO PRETO,ESTADUAL,1.0,0.0,1.0,0.0,0.0,0.0,0.0,0.0,0.0,0.0,0.0,0.0,0.0,0.0,0.0,0.0
2026-01-07T00:00:00,08:51:52,L01-AUTOBAN,SP330,24.0,SUL,-23.434825279713,-46.786420941353,COLISÃO,COLISÃO-LATERAL,NÃO INFORMADO,1,0,0,0,SÃO PAULO,REG. METROPOLITANA SÃO PAULO,SÃO PAULO,ESTADUAL,1.0,0.0,0.0,0.0,1.0,0.0,0.0,0.0,0.0,0.0,0.0,0.0,0.0,0.0,0.0,0.0
2026-01-07T00:00:00,08:59:42,L01-AUTOBAN,SP330,18.4,SUL,-23.478799222134,-46.771754621907,ATROPELAMENTO DE ANIMAL,ATROP. ANIMAL-OUTROS,NÃO INFORMADO,0,0,0,0,OSASCO,REG. METROPOLITANA SÃO PAULO,SÃO PAULO,ESTADUAL,0.0,0.0,1.0,0.0,0.0,0.0,0.0,0.0,0.0,0.0,0.0,0.0,0.0,0.0,0.0,0.0
2026-01-07T00:00:00,11:31:12,L29-VIAPAULISTA,SP330,306.277,NORTE,-21.21689547,-47.75876358,CHOQUE,CHOQUE-DEFENSA/BARREIRA,IMPRUD. CONDUTOR-LEVOU FECHADA,0,0,0,0,RIBEIRÃO PRETO,RIBEIRÃO PRETO,RIBEIRÃO PRETO,ESTADUAL,0.0,0.0,0.0,0.0,1.0,0.0,0.0,0.0,0.0,0.0,0.0,0.0,0.0,0.0,0.0,0.0
2026-01-07T00:00:00,15:51:30,L29-VIAPAULISTA,SP330,301.311,NORTE,-21.26114538,-47.75453022,CHOQUE,CHOQUE-DEFENSA/BARREIRA,PANE MECÂNICA/ELÉTRICA,0,0,0,0,RIBEIRÃO PRETO,RIBEIRÃO PRETO,RIBEIRÃO PRETO,ESTADUAL,0.0,0.0,0.0,0.0,1.0,0.0,0.0,0.0,0.0,0.0,0.0,0.0,0.0,0.0,0.0,0.0
2026-01-07T00:00:00,16:31:00,L28-ENTREVIAS,SP330,330.5,SUL,-21.04944184434202,-47.82571575294973,COLISÃO,COLISÃO-TRASEIRA,IMPRUD. CONDUTOR-FALTA DE ATENÇÃO,0,0,0,0,JARDINÓPOLIS,RIBEIRÃO PRETO,RIBEIRÃO PRETO,ESTADUAL,1.0,1.0,0.0,0.0,0.0,0.0,0.0,0.0,0.0,0.0,0.0,0.0,0.0,0.0,0.0,0.0
2026-01-07T00:00:00,17:45:26,L01-AUTOBAN,SP330,25.0,SUL,-23.42658,-46.787612,TOMBAMENTO,TOMBAMENTO-MOTO,NÃO INFORMADO,1,0,0,0,SÃO PAULO,REG. METROPOLITANA SÃO PAULO,SÃO PAULO,ESTADUAL,0.0,0.0,1.0,0.0,0.0,0.0,0.0,0.0,0.0,0.0,0.0,0.0,0.0,0.0,0.0,0.0
2026-01-07T00:00:00,19:41:57,L01-AUTOBAN,SP330,104.0,NORTE,-22.856805,-47.148633,COLISÃO,COLISÃO-TRASEIRA,NÃO INFORMADO,0,0,0,0,CAMPINAS,CAMPINAS,CAMPINAS,ESTADUAL,1.0,0.0,0.0,0.0,1.0,0.0,0.0,0.0,0.0,0.0,0.0,0.0,0.0,0.0,0.0,0.0
2026-01-07T00:00:00,23:57:36,L06-INTERVIAS,SP330,236.2,NORTE,-21.78350542,-47.52840187,COLISÃO,COLISÃO-TRASEIRA,PANE MECÂNICA/ELÉTRICA,0,0,0,0,SANTA RITA DO PASSA QUATRO,CENTRAL,RIBEIRÃO PRETO,ESTADUAL,0.0,0.0,0.0,0.0,2.0,0.0,0.0,0.0,0.0,0.0,0.0,0.0,0.0,0.0,0.0,0.0
2026-01-08T00:00:00,02:19:03,L29-VIAPAULISTA,SP330,300.394,SUL,-21.27000151,-47.75603213,CHOQUE,CHOQUE-DEFENSA/BARREIRA,PANE MECÂNICA/ELÉTRICA,0,0,0,0,RIBEIRÃO PRETO,RIBEIRÃO PRETO,RIBEIRÃO PRETO,ESTADUAL,0.0,0.0,0.0,0.0,0.0,0.0,0.0,0.0,1.0,0.0,0.0,0.0,0.0,0.0,0.0,0.0
2026-01-08T00:00:00,02:22:46,L29-VIAPAULISTA,SP330,281.349,NORTE,-21.41149594,-47.66646387,COLISÃO,COLISÃO-LATERAL,IMPRUD. CONDUTOR-MUDANÇA DE FAIXA,0,0,0,0,SÃO SIMÃO,RIBEIRÃO PRETO,RIBEIRÃO PRETO,ESTADUAL,1.0,0.0,0.0,0.0,0.0,0.0,1.0,0.0,0.0,0.0,0.0,0.0,0.0,0.0,0.0,0.0
2026-01-08T00:00:00,02:33:00,L28-ENTREVIAS,SP330,415.4,SUL,-20.29537658784497,-47.79881990552292,CHOQUE,CHOQUE-TALUDE/BARRANCO,IMPRUD. CONDUTOR-DORMIR AO VOLANTE,0,0,0,0,ITUVERAVA,FRANCA,RIBEIRÃO PRETO,ESTADUAL,1.0,0.0,0.0,0.0,0.0,0.0,0.0,0.0,0.0,0.0,0.0,0.0,0.0,0.0,0.0,0.0
2026-01-08T00:00:00,04:06:37,L01-AUTOBAN,SP330,105.0,SUL,-22.852088298342,-47.156785726547,CHOQUE,CHOQUE-OBJETO NA PISTA,NÃO INFORMADO,0,0,0,0,CAMPINAS,CAMPINAS,CAMPINAS,ESTADUAL,1.0,0.0,0.0,0.0,1.0,0.0,0.0,0.0,0.0,0.0,0.0,0.0,0.0,0.0,0.0,0.0
2026-01-08T00:00:00,07:24:00,L28-ENTREVIAS,SP330,375.9,NORTE,-20.62996703455516,-47.8822811696939,COLISÃO,COLISÃO-LATERAL,IMPRUD. CONDUTOR-EMBRIAGUEZ,0,0,1,0,SÃO JOAQUIM DA BARRA,FRANCA,RIBEIRÃO PRETO,ESTADUAL,1.0,0.0,0.0,0.0,1.0,0.0,0.0,0.0,0.0,0.0,0.0,0.0,0.0,0.0,0.0,0.0
2026-01-08T00:00:00,08:27:54,L01-AUTOBAN,SP330,90.2,SUL,-22.951012464457,-47.062182568088,COLISÃO,COLISÃO-TRASEIRA,NÃO INFORMADO,0,0,0,0,CAMPINAS,CAMPINAS,CAMPINAS,ESTADUAL,1.0,0.0,1.0,0.0,0.0,0.0,0.0,0.0,0.0,0.0,0.0,0.0,0.0,0.0,0.0,0.0
2026-01-08T00:00:00,08:32:00,L28-ENTREVIAS,SP330,445.8,NORTE,-20.02083501551588,-47.78292946455022,CHOQUE,CHOQUE-ELEMENTO DE DRENAGEM,PANE MECÂNICA/ELÉTRICA,0,0,0,0,IGARAPAVA,FRANCA,RIBEIRÃO PRETO,ESTADUAL,0.0,0.0,0.0,0.0,1.0,0.0,0.0,0.0,0.0,0.0,0.0,0.0,0.0,0.0,0.0,0.0
2026-01-08T00:00:00,08:40:05,L01-AUTOBAN,SPM330E,95.0,SUL,-22.919909191683,-47.094150781631,COLISÃO,COLISÃO-LATERAL,NÃO INFORMADO,0,1,0,0,CAMPINAS,CAMPINAS,CAMPINAS,ESTADUAL,1.0,0.0,1.0,0.0,0.0,0.0,0.0,0.0,0.0,0.0,0.0,0.0,0.0,0.0,0.0,0.0
2026-01-08T00:00:00,12:48:10,L01-AUTOBAN,SP330,52.0,SUL,-23.240237050296,-46.869124174118,ENGAVETAMENTO,ENGAVETAMENTO,NÃO INFORMADO,1,0,0,0,JUNDIAÍ,CAMPINAS,CAMPINAS,ESTADUAL,1.0,0.0,0.0,2.0,0.0,0.0,0.0,0.0,0.0,0.0,0.0,0.0,0.0,0.0,0.0,0.0
2026-01-08T00:00:00,13:45:44,L06-INTERVIAS,SP330,234.0,SUL,-21.79643945,-47.51242084,CHOQUE,CHOQUE-DEFENSA/BARREIRA,IMPRUD. CONDUTOR-DORMIR AO VOLANTE,0,0,0,0,SANTA RITA DO PASSA QUATRO,CENTRAL,RIBEIRÃO PRETO,ESTADUAL,1.0,0.0,0.0,0.0,0.0,0.0,0.0,0.0,0.0,0.0,0.0,0.0,0.0,0.0,0.0,0.0
2026-01-08T00:00:00,15:09:24,L29-VIAPAULISTA,SP330,312.169,NORTE,-21.16379349,-47.75613495,COLISÃO,COLISÃO-TRASEIRA,IMPRUD. CONDUTOR,0,0,0,0,RIBEIRÃO PRETO,RIBEIRÃO PRETO,RIBEIRÃO PRETO,ESTADUAL,0.0,0.0,0.0,2.0,0.0,0.0,0.0,0.0,0.0,0.0,0.0,0.0,0.0,0.0,0.0,0.0
2026-01-08T00:00:00,15:49:28,L29-VIAPAULISTA,SP330,311.744,NORTE,-21.16758226,-47.75623791,COLISÃO,COLISÃO-TRASEIRA,IMPRUD. CONDUTOR,0,0,0,0,RIBEIRÃO PRETO,RIBEIRÃO PRETO,RIBEIRÃO PRETO,ESTADUAL,0.0,0.0,0.0,0.0,2.0,0.0,0.0,0.0,0.0,0.0,0.0,0.0,0.0,0.0,0.0,0.0
2026-01-08T00:00:00,19:32:15,L01-AUTOBAN,SP330,131.0,NORTE,-22.678965513198,-47.310690879822,COLISÃO,COLISÃO-TRASEIRA,NÃO INFORMADO,0,0,0,1,LIMEIRA,CAMPINAS,RIO CLARO,ESTADUAL,0.0,1.0,1.0,0.0,0.0,0.0,0.0,0.0,0.0,0.0,0.0,0.0,0.0,0.0,0.0,0.0
2026-01-08T00:00:00,21:00:52,L01-AUTOBAN,SP330,26.0,NORTE,-23.420506628573,-46.794564127922,COLISÃO,COLISÃO-LATERAL,NÃO INFORMADO,1,0,0,0,SÃO PAULO,REG. METROPOLITANA SÃO PAULO,SÃO PAULO,ESTADUAL,1.0,0.0,1.0,0.0,0.0,0.0,0.0,0.0,0.0,0.0,0.0,0.0,0.0,0.0,0.0,0.0
2026-01-09T00:00:00,00:59:00,L28-ENTREVIAS,SP330,361.0,NORTE,-20.76336470306418,-47.89199588040018,COLISÃO,COLISÃO-TRASEIRA,IMPRUD. CONDUTOR-BAIXA VELOCIDADE,0,0,0,0,ORLÂNDIA,FRANCA,RIBEIRÃO PRETO,ESTADUAL,0.0,0.0,0.0,0.0,1.0,0.0,1.0,0.0,0.0,0.0,0.0,0.0,0.0,0.0,0.0,0.0
2026-01-09T00:00:00,08:04:42,L29-VIAPAULISTA,SP330,305.29,SUL,-21.22641798,-47.75937628,TOMBAMENTO,TOMBAMENTO,ESTOURO/FURO DE PNEU,0,0,0,0,RIBEIRÃO PRETO,RIBEIRÃO PRETO,RIBEIRÃO PRETO,ESTADUAL,0.0,0.0,1.0,0.0,0.0,0.0,0.0,0.0,0.0,0.0,0.0,0.0,0.0,0.0,0.0,0.0
2026-01-09T00:00:00,09:03:46,L01-AUTOBAN,SP330,61.0,SUL,-23.175304483475,-46.918702125549,COLISÃO,COLISÃO-TRASEIRA,NÃO INFORMADO,2,0,0,0,JUNDIAÍ,CAMPINAS,CAMPINAS,ESTADUAL,2.0,0.0,0.0,1.0,0.0,0.0,0.0,0.0,0.0,0.0,0.0,0.0,0.0,0.0,0.0,0.0
2026-01-09T00:00:00,10:50:28,L01-AUTOBAN,SP330,22.0,NORTE,-23.453020378623,-46.786490678787,TOMBAMENTO,TOMBAMENTO,NÃO INFORMADO,1,0,0,0,SÃO PAULO,REG. METROPOLITANA SÃO PAULO,SÃO PAULO,ESTADUAL,1.0,0.0,1.0,0.0,0.0,0.0,0.0,0.0,0.0,0.0,0.0,0.0,0.0,0.0,0.0,0.0
2026-01-09T00:00:00,11:34:23,L28-ENTREVIAS,SP330,326.3,SUL,-21.06059261334133,-47.81956082430218,COLISÃO,COLISÃO-TRASEIRA,IMPRUD. CONDUTOR-FALTA DE ATENÇÃO,0,0,0,0,JARDINÓPOLIS,RIBEIRÃO PRETO,RIBEIRÃO PRETO,ESTADUAL,1.0,0.0,0.0,0.0,0.0,0.0,0.0,0.0,0.0,0.0,1.0,0.0,0.0,0.0,0.0,0.0
2026-01-09T00:00:00,12:26:44,L01-AUTOBAN,SP330,146.3,NORTE,-22.558205374847,-47.367653114609,COLISÃO,COLISÃO-LATERAL,NÃO INFORMADO,0,0,0,0,LIMEIRA,CAMPINAS,RIO CLARO,ESTADUAL,1.0,0.0,0.0,0.0,1.0,0.0,0.0,0.0,0.0,0.0,0.0,0.0,0.0,0.0,0.0,0.0
2026-01-09T00:00:00,15:32:27,L01-AUTOBAN,SPM330E,87.0,SUL,-22.975053203713,-47.048462033272,COLISÃO,COLISÃO-TRASEIRA,NÃO INFORMADO,1,0,0,0,CAMPINAS,CAMPINAS,CAMPINAS,ESTADUAL,1.0,0.0,1.0,0.0,0.0,0.0,0.0,0.0,0.0,0.0,0.0,0.0,0.0,0.0,0.0,0.0
2026-01-09T00:00:00,16:19:18,L01-AUTOBAN,SP330,13.0,NORTE,-23.507909,-46.740539,CAPOTAMENTO,CAPOTAMENTO,NÃO INFORMADO,1,0,0,0,SÃO PAULO,REG. METROPOLITANA SÃO PAULO,SÃO PAULO,ESTADUAL,1.0,0.0,0.0,0.0,0.0,0.0,0.0,0.0,0.0,0.0,0.0,0.0,0.0,0.0,0.0,0.0
2026-01-09T00:00:00,16:47:29,L29-VIAPAULISTA,SP330,296.286,SUL,-21.30362718,-47.74086905,COLISÃO,COLISÃO-LATERAL,IMPRUD. CONDUTOR-LEVOU FECHADA,6,0,0,0,CRAVINHOS,RIBEIRÃO PRETO,RIBEIRÃO PRETO,ESTADUAL,1.0,1.0,0.0,0.0,0.0,0.0,0.0,0.0,0.0,0.0,0.0,0.0,0.0,0.0,0.0,0.0
2026-01-09T00:00:00,17:06:54,L01-AUTOBAN,SP330,105.0,NORTE,-22.8517126019,-47.156737446785,COLISÃO,COLISÃO-TRASEIRA,NÃO INFORMADO,0,0,0,0,CAMPINAS,CAMPINAS,CAMPINAS,ESTADUAL,0.0,0.0,0.0,3.0,0.0,0.0,0.0,0.0,0.0,0.0,0.0,0.0,0.0,0.0,0.0,0.0
2026-01-09T00:00:00,18:38:53,L29-VIAPAULISTA,SP330,308.173,NORTE,-21.19980697,-47.75792142,COLISÃO,COLISÃO-LATERAL,IMPRUD. CONDUTOR,0,0,0,0,RIBEIRÃO PRETO,RIBEIRÃO PRETO,RIBEIRÃO PRETO,ESTADUAL,1.0,0.0,0.0,0.0,1.0,0.0,0.0,0.0,0.0,0.0,0.0,0.0,0.0,0.0,0.0,0.0
2026-01-09T00:00:00,20:08:28,L01-AUTOBAN,SP330,22.0,NORTE,-23.453020378623,-46.786490678787,COLISÃO,COLISÃO-LATERAL,NÃO INFORMADO,0,0,0,0,SÃO PAULO,REG. METROPOLITANA SÃO PAULO,SÃO PAULO,ESTADUAL,2.0,0.0,0.0,0.0,0.0,0.0,0.0,0.0,0.0,0.0,0.0,0.0,0.0,0.0,0.0,0.0
2026-01-09T00:00:00,20:14:09,L01-AUTOBAN,SP330,54.5,NORTE,-23.219614352583,-46.880657672882,COLISÃO,COLISÃO-LATERAL,NÃO INFORMADO,0,0,0,0,JUNDIAÍ,CAMPINAS,CAMPINAS,ESTADUAL,0.0,0.0,1.0,0.0,0.0,0.0,0.0,0.0,0.0,0.0,0.0,0.0,0.0,0.0,0.0,0.0
2026-01-09T00:00:00,21:28:44,L06-INTERVIAS,SP330,235.5,NORTE,-21.78751011,-47.52331048,COLISÃO,COLISÃO-LATERAL,IMPRUD. CONDUTOR,0,0,0,0,SANTA RITA DO PASSA QUATRO,CENTRAL,RIBEIRÃO PRETO,ESTADUAL,1.0,0.0,0.0,0.0,1.0,0.0,0.0,0.0,0.0,0.0,0.0,0.0,0.0,0.0,0.0,0.0
2026-01-10T00:00:00,01:22:21,L01-AUTOBAN,SP330,121.7,SUL,-22.745611030094,-47.266538480289,COLISÃO,COLISÃO-TRASEIRA,NÃO INFORMADO,1,0,0,0,AMERICANA,CAMPINAS,RIO CLARO,ESTADUAL,0.0,0.0,0.0,0.0,1.0,0.0,1.0,0.0,0.0,0.0,0.0,0.0,0.0,0.0,0.0,0.0
2026-01-10T00:00:00,04:42:07,L29-VIAPAULISTA,SP330,290.841,NORTE,-21.34925219,-47.72405608,CHOQUE,CHOQUE-DEFENSA/BARREIRA,IMPRUD. CONDUTOR-DORMIR AO VOLANTE,0,0,0,0,CRAVINHOS,RIBEIRÃO PRETO,RIBEIRÃO PRETO,ESTADUAL,0.0,0.0,0.0,0.0,1.0,0.0,0.0,0.0,0.0,0.0,0.0,0.0,0.0,0.0,0.0,0.0
2026-01-10T00:00:00,06:36:38,L29-VIAPAULISTA,SP330,313.5,SUL,-21.15275664,-47.75735388,CHOQUE,CHOQUE-ELEMENTO DE DRENAGEM,IMPRUD. CONDUTOR-DORMIR AO VOLANTE,1,0,0,0,RIBEIRÃO PRETO,RIBEIRÃO PRETO,RIBEIRÃO PRETO,ESTADUAL,0.0,0.0,1.0,0.0,0.0,0.0,0.0,0.0,0.0,0.0,0.0,0.0,0.0,0.0,0.0,0.0
2026-01-10T00:00:00,07:43:31,L06-INTERVIAS,SP330,194.5,SUL,-22.13601315,-47.40819189,COLISÃO,COLISÃO-TRASEIRA,IMPRUD. CONDUTOR,0,0,0,0,LEME,CAMPINAS,RIO CLARO,ESTADUAL,0.0,0.0,0.0,0.0,2.0,0.0,0.0,0.0,0.0,0.0,0.0,0.0,0.0,0.0,0.0,0.0
2026-01-10T00:00:00,08:26:44,L01-AUTOBAN,SP330,120.3,SUL,-22.754915913984,-47.256820342955,CAPOTAMENTO,CAPOTAMENTO,NÃO INFORMADO,0,0,0,0,AMERICANA,CAMPINAS,RIO CLARO,ESTADUAL,1.0,0.0,0.0,0.0,0.0,0.0,0.0,0.0,0.0,0.0,0.0,0.0,0.0,0.0,0.0,0.0
2026-01-10T00:00:00,08:40:12,L01-AUTOBAN,SPM330D,17.2,NORTE,-23.488745712858,-46.767597201679,COLISÃO,COLISÃO-LATERAL,NÃO INFORMADO,0,1,0,0,OSASCO,REG. METROPOLITANA SÃO PAULO,SÃO PAULO,ESTADUAL,1.0,0.0,0.0,0.0,1.0,0.0,0.0,0.0,0.0,0.0,0.0,0.0,0.0,0.0,0.0,0.0
2026-01-10T00:00:00,09:59:14,L01-AUTOBAN,SP330,46.0,NORTE,-23.288228385438,-46.865943074226,TOMBAMENTO,TOMBAMENTO,NÃO INFORMADO,1,0,0,0,CAJAMAR,REG. METROPOLITANA SÃO PAULO,SÃO PAULO,ESTADUAL,0.0,0.0,0.0,0.0,1.0,0.0,0.0,0.0,0.0,0.0,0.0,0.0,0.0,0.0,0.0,0.0
2026-01-10T00:00:00,09:59:18,L01-AUTOBAN,SPM330E,95.1,SUL,-22.919097884333,-47.094874430581,ENGAVETAMENTO,ENGAVETAMENTO,NÃO INFORMADO,0,0,0,0,CAMPINAS,CAMPINAS,CAMPINAS,ESTADUAL,2.0,1.0,0.0,0.0,0.0,0.0,0.0,0.0,0.0,0.0,0.0,0.0,0.0,0.0,0.0,0.0
2026-01-10T00:00:00,10:55:24,L01-AUTOBAN,SP330,147.0,NORTE,-22.552436,-47.371004,ENGAVETAMENTO,ENGAVETAMENTO,NÃO INFORMADO,0,0,0,0,LIMEIRA,CAMPINAS,RIO CLARO,ESTADUAL,2.0,0.0,0.0,1.0,0.0,0.0,0.0,0.0,0.0,0.0,0.0,0.0,0.0,0.0,0.0,0.0
2026-01-10T00:00:00,15:29:46,L01-AUTOBAN,SP330,12.0,NORTE,-23.509174607034,-46.730620265007,COLISÃO,COLISÃO-TRASEIRA,NÃO INFORMADO,0,0,1,0,SÃO PAULO,REG. METROPOLITANA SÃO PAULO,SÃO PAULO,ESTADUAL,1.0,0.0,1.0,0.0,0.0,0.0,0.0,0.0,0.0,0.0,0.0,0.0,0.0,0.0,0.0,0.0
2026-01-10T00:00:00,16:00:56,L29-VIAPAULISTA,SP330,303.0,NORTE,-21.24610943,-47.75672765,COLISÃO,COLISÃO-TRASEIRA,IMPRUD. CONDUTOR-EFETUAVA A RÉ,0,0,0,0,RIBEIRÃO PRETO,RIBEIRÃO PRETO,RIBEIRÃO PRETO,ESTADUAL,1.0,0.0,0.0,1.0,0.0,0.0,0.0,0.0,0.0,0.0,0.0,0.0,0.0,0.0,0.0,0.0
2026-01-10T00:00:00,20:04:01,L01-AUTOBAN,SPM330E,108.8,SUL,-22.828590074736,-47.182883166467,TOMBAMENTO,TOMBAMENTO-MOTO,NÃO INFORMADO,2,0,0,0,SUMARÉ,CAMPINAS,CAMPINAS,ESTADUAL,0.0,0.0,1.0,0.0,0.0,0.0,0.0,0.0,0.0,0.0,0.0,0.0,0.0,0.0,0.0,0.0
2026-01-10T00:00:00,22:43:32,L29-VIAPAULISTA,SP330,241.227,SUL,-21.75420689,-47.56616916,ATROPELAMENTO DE ANIMAL,ATROP. ANIMAL-OUTROS,ANIMAL NA RODOVIA,0,0,0,0,SANTA RITA DO PASSA QUATRO,CENTRAL,RIBEIRÃO PRETO,ESTADUAL,0.0,0.0,0.0,1.0,0.0,0.0,0.0,0.0,0.0,0.0,0.0,0.0,0.0,0.0,0.0,0.0
2026-01-10T00:00:00,23:35:52,L06-INTERVIAS,SP330,190.4,SUL,-22.17150816,-47.39930806,CHOQUE,CHOQUE-ELEMENTO DE DRENAGEM,ESTOURO/FURO DE PNEU,0,0,0,0,LEME,CAMPINAS,RIO CLARO,ESTADUAL,1.0,0.0,0.0,0.0,0.0,0.0,0.0,0.0,0.0,0.0,0.0,0.0,0.0,0.0,0.0,0.0
2026-01-11T00:00:00,00:04:31,L01-AUTOBAN,SPM330E,89.0,SUL,-22.958986056022,-47.057656645775,TOMBAMENTO,TOMBAMENTO-MOTO,NÃO INFORMADO,2,0,0,0,CAMPINAS,CAMPINAS,CAMPINAS,ESTADUAL,0.0,0.0,1.0,0.0,0.0,0.0,0.0,0.0,0.0,0.0,0.0,0.0,0.0,0.0,0.0,0.0
2026-01-11T00:00:00,00:34:55,L01-AUTOBAN,SP330,105.18,SUL,-22.851132626276,-47.158135630989,CHOQUE,CHOQUE-DEFENSA/BARREIRA,NÃO INFORMADO,0,0,0,0,CAMPINAS,CAMPINAS,CAMPINAS,ESTADUAL,1.0,0.0,0.0,0.0,0.0,0.0,0.0,0.0,0.0,0.0,0.0,0.0,0.0,0.0,0.0,0.0
2026-01-11T00:00:00,01:32:03,L06-INTERVIAS,SPD210/330,210.0,NORTE,-22.00065536,-47.44479643,ATROPELAMENTO DE PEDESTRE,ATROP. PEDESTRE-OUTROS,IMPRUD. PEDESTRE-USUÁRIO,0,0,1,0,PIRASSUNUNGA,NÃO INFORMADO,NÃO INFORMADO,NÃO INFORMADO,0.0,0.0,0.0,1.0,0.0,0.0,0.0,1.0,0.0,0.0,0.0,0.0,0.0,0.0,0.0,0.0
2026-01-11T00:00:00,04:01:45,L28-ENTREVIAS,SPA327/330,0.15,OESTE,-21.05004696213165,-47.82535586996326,CHOQUE,CHOQUE-SINALIZAÇÃO/EQUIPAMENTO,IMPRUD. CONDUTOR-DORMIR AO VOLANTE,0,0,0,0,JARDINÓPOLIS,RIBEIRÃO PRETO,RIBEIRÃO PRETO,ESTADUAL,1.0,0.0,0.0,0.0,0.0,0.0,0.0,0.0,0.0,0.0,0.0,0.0,0.0,0.0,0.0,0.0
2026-01-11T00:00:00,10:31:00,L28-ENTREVIAS,SP330,320.8,SUL,-21.10801728324018,-47.78364133703886,COLISÃO,COLISÃO-TRASEIRA,TRÁFEGO-LENTIDÃO,0,0,0,0,RIBEIRÃO PRETO,RIBEIRÃO PRETO,RIBEIRÃO PRETO,ESTADUAL,1.0,0.0,0.0,0.0,0.0,0.0,0.0,0.0,0.0,0.0,1.0,0.0,0.0,0.0,0.0,0.0
2026-01-11T00:00:00,12:40:34,L06-INTERVIAS,SP330,215.4,NORTE,-21.95461857,-47.46028643,TOMBAMENTO,TOMBAMENTO,IMPRUD. CONDUTOR-PERDA DE CONTROLE,1,0,0,0,PIRASSUNUNGA,CAMPINAS,RIO CLARO,ESTADUAL,0.0,0.0,1.0,0.0,0.0,0.0,0.0,0.0,0.0,0.0,0.0,0.0,0.0,0.0,0.0,0.0
2026-01-11T00:00:00,15:10:22,L28-ENTREVIAS,SP330,337.15,SUL,-20.97051768229229,-47.86534655511598,COLISÃO,COLISÃO-TRASEIRA,MAL SÚBITO DO CONDUTOR,2,0,0,0,JARDINÓPOLIS,RIBEIRÃO PRETO,RIBEIRÃO PRETO,ESTADUAL,1.0,0.0,0.0,0.0,1.0,0.0,0.0,0.0,0.0,0.0,0.0,0.0,0.0,0.0,0.0,0.0
2026-01-11T00:00:00,20:46:46,L28-ENTREVIAS,SPA355/330,1.5,LESTE,-20.78282759056765,-47.85658502137025,ATROPELAMENTO DE ANIMAL,ATROP. ANIMAL-SILVESTRE GRANDE,ANIMAL NA RODOVIA,0,0,0,0,SALES OLIVEIRA,FRANCA,RIBEIRÃO PRETO,ESTADUAL,1.0,0.0,0.0,0.0,0.0,0.0,0.0,0.0,0.0,0.0,0.0,0.0,0.0,0.0,0.0,0.0
2026-01-11T00:00:00,21:39:58,L01-AUTOBAN,SP330,113.0,NORTE,-22.807007206431,-47.216341495514,CHOQUE,CHOQUE-ELEMENTO DE DRENAGEM,NÃO INFORMADO,1,0,0,0,SUMARÉ,CAMPINAS,CAMPINAS,ESTADUAL,1.0,0.0,0.0,0.0,0.0,0.0,0.0,0.0,0.0,0.0,0.0,0.0,0.0,0.0,0.0,0.0
2026-01-11T00:00:00,23:10:10,L01-AUTOBAN,SP330,11.5,SUL,-23.510460756591,-46.729056344143,CHOQUE,CHOQUE-DEFENSA/BARREIRA,NÃO INFORMADO,0,1,0,0,SÃO PAULO,REG. METROPOLITANA SÃO PAULO,SÃO PAULO,ESTADUAL,0.0,0.0,1.0,0.0,0.0,0.0,0.0,0.0,0.0,0.0,0.0,0.0,0.0,0.0,0.0,0.0
2026-01-12T00:00:00,07:10:01,L01-AUTOBAN,SP330,120.0,SUL,-22.75697435799,-47.254670262337,TOMBAMENTO,TOMBAMENTO-MOTO,NÃO INFORMADO,1,0,0,0,AMERICANA,CAMPINAS,RIO CLARO,ESTADUAL,0.0,1.0,1.0,0.0,0.0,0.0,0.0,0.0,0.0,0.0,0.0,0.0,0.0,0.0,0.0,0.0
2026-01-12T00:00:00,08:11:30,L29-VIAPAULISTA,SP330,265.699,SUL,-21.54701312,-47.63915895,TOMBAMENTO,TOMBAMENTO,IMPRUD. CONDUTOR-LEVOU FECHADA,1,0,0,0,SÃO SIMÃO,RIBEIRÃO PRETO,RIBEIRÃO PRETO,ESTADUAL,0.0,0.0,1.0,0.0,0.0,0.0,0.0,0.0,0.0,0.0,0.0,0.0,0.0,0.0,0.0,0.0
2026-01-12T00:00:00,09:00:54,L01-AUTOBAN,SPM330E,99.0,SUL,-22.887972406914,-47.113489508629,COLISÃO,COLISÃO-TRASEIRA,NÃO INFORMADO,0,0,0,0,CAMPINAS,CAMPINAS,CAMPINAS,ESTADUAL,0.0,0.0,0.0,2.0,0.0,0.0,0.0,0.0,0.0,0.0,0.0,0.0,0.0,0.0,0.0,0.0
2026-01-12T00:00:00,09:27:04,L01-AUTOBAN,SP330,96.0,NORTE,-22.911450110385,-47.101403474808,COLISÃO,COLISÃO-TRASEIRA,NÃO INFORMADO,0,0,0,0,CAMPINAS,CAMPINAS,CAMPINAS,ESTADUAL,2.0,0.0,0.0,0.0,0.0,0.0,0.0,0.0,0.0,0.0,0.0,0.0,0.0,0.0,0.0,0.0
2026-01-12T00:00:00,13:16:12,L01-AUTOBAN,SPI102/330,3.6,SUL,-22.895309125537,-47.135650992057,CHOQUE,CHOQUE-DEFENSA/BARREIRA,NÃO INFORMADO,0,0,0,0,CAMPINAS,CAMPINAS,CAMPINAS,ESTADUAL,1.0,0.0,0.0,0.0,0.0,0.0,0.0,0.0,0.0,0.0,0.0,0.0,0.0,0.0,0.0,0.0
2026-01-12T00:00:00,16:19:38,L28-ENTREVIAS,SP330,340.5,SUL,-20.947011847237,-47.87714536261962,CHOQUE,CHOQUE-OBJETO NA PISTA,OBJETO NA PISTA,2,0,0,0,JARDINÓPOLIS,RIBEIRÃO PRETO,RIBEIRÃO PRETO,ESTADUAL,1.0,0.0,0.0,0.0,0.0,0.0,0.0,0.0,0.0,0.0,1.0,0.0,0.0,0.0,0.0,0.0
2026-01-12T00:00:00,17:26:09,L01-AUTOBAN,SP330,24.9,NORTE,-23.426968283993,-46.787416482611,COLISÃO,COLISÃO-TRASEIRA,NÃO INFORMADO,0,0,0,0,SÃO PAULO,REG. METROPOLITANA SÃO PAULO,SÃO PAULO,ESTADUAL,1.0,0.0,0.0,1.0,0.0,0.0,0.0,0.0,0.0,0.0,0.0,0.0,0.0,0.0,0.0,0.0
2026-01-12T00:00:00,18:37:04,L01-AUTOBAN,SP330,47.9,SUL,-23.274906549292,-46.870207245461,COLISÃO,COLISÃO-TRASEIRA,NÃO INFORMADO,0,0,0,0,JUNDIAÍ,CAMPINAS,CAMPINAS,ESTADUAL,0.0,1.0,0.0,0.0,1.0,0.0,0.0,0.0,0.0,0.0,0.0,0.0,0.0,0.0,0.0,0.0
2026-01-13T00:00:00,05:00:15,L01-AUTOBAN,SP330,15.3,NORTE,-23.498124227122,-46.755806744914,CHOQUE,CHOQUE-DEFENSA/BARREIRA,NÃO INFORMADO,0,0,0,0,SÃO PAULO,REG. METROPOLITANA SÃO PAULO,SÃO PAULO,ESTADUAL,1.0,0.0,0.0,0.0,0.0,0.0,0.0,0.0,0.0,0.0,0.0,0.0,0.0,0.0,0.0,0.0
2026-01-13T00:00:00,08:42:37,L29-VIAPAULISTA,SP330,309.715,SUL,-21.18556975,-47.75730696,COLISÃO,COLISÃO-TRASEIRA,IMPRUD. CONDUTOR-DIST. INADEQUADA ENTRE VEÍC.,0,0,0,0,RIBEIRÃO PRETO,RIBEIRÃO PRETO,RIBEIRÃO PRETO,ESTADUAL,0.0,0.0,0.0,2.0,0.0,0.0,0.0,0.0,0.0,0.0,0.0,0.0,0.0,0.0,0.0,0.0
2026-01-13T00:00:00,11:04:53,L01-AUTOBAN,SPM330D,15.0,NORTE,-23.49985248603,-46.754524111748,COLISÃO,COLISÃO-TRASEIRA,NÃO INFORMADO,0,0,0,0,SÃO PAULO,REG. METROPOLITANA SÃO PAULO,SÃO PAULO,ESTADUAL,0.0,0.0,0.0,1.0,1.0,0.0,0.0,0.0,0.0,0.0,0.0,0.0,0.0,0.0,0.0,0.0
2026-01-13T00:00:00,12:52:16,L01-AUTOBAN,SPM330E,97.0,SUL,-22.904379059715,-47.107846140862,COLISÃO,COLISÃO-TRASEIRA,NÃO INFORMADO,0,0,0,0,CAMPINAS,CAMPINAS,CAMPINAS,ESTADUAL,1.0,0.0,0.0,1.0,0.0,0.0,0.0,0.0,0.0,0.0,0.0,0.0,0.0,0.0,0.0,0.0
2026-01-13T00:00:00,16:32:11,L01-AUTOBAN,SP330,21.0,SUL,-23.460992556264,-46.781448125839,CHOQUE,CHOQUE-OBJETO NA PISTA,NÃO INFORMADO,1,0,0,0,SÃO PAULO,REG. METROPOLITANA SÃO PAULO,SÃO PAULO,ESTADUAL,0.0,0.0,1.0,0.0,1.0,0.0,0.0,0.0,0.0,0.0,0.0,0.0,0.0,0.0,0.0,0.0
2026-01-13T00:00:00,17:31:55,L01-AUTOBAN,SP330,54.1,SUL,-23.222565890241,-46.878233482544,COLISÃO,COLISÃO-TRASEIRA,NÃO INFORMADO,0,0,0,0,JUNDIAÍ,CAMPINAS,CAMPINAS,ESTADUAL,0.0,1.0,0.0,1.0,0.0,0.0,0.0,0.0,0.0,0.0,0.0,0.0,0.0,0.0,0.0,0.0
2026-01-13T00:00:00,18:19:06,L01-AUTOBAN,SP330,152.9,NORTE,-22.506309283353,-47.398575045845,COLISÃO,COLISÃO-LATERAL,NÃO INFORMADO,5,0,0,0,CORDEIRÓPOLIS,CAMPINAS,RIO CLARO,ESTADUAL,1.0,0.0,0.0,0.0,1.0,0.0,0.0,0.0,0.0,0.0,0.0,0.0,0.0,0.0,0.0,0.0
2026-01-13T00:00:00,18:25:55,L29-VIAPAULISTA,SP330,298.818,SUL,-21.28392033,-47.75015219,CAPOTAMENTO,CAPOTAMENTO,IMPRUD. CONDUTOR,0,1,0,0,CRAVINHOS,RIBEIRÃO PRETO,RIBEIRÃO PRETO,ESTADUAL,1.0,0.0,0.0,0.0,0.0,0.0,0.0,0.0,0.0,0.0,0.0,0.0,0.0,0.0,0.0,0.0
2026-01-13T00:00:00,18:27:53,L29-VIAPAULISTA,SP330,316.701,SUL,-21.1266634,-47.7703557,COLISÃO,COLISÃO-TRASEIRA,IMPRUD. CONDUTOR,0,0,0,0,RIBEIRÃO PRETO,RIBEIRÃO PRETO,RIBEIRÃO PRETO,ESTADUAL,2.0,0.0,0.0,0.0,0.0,0.0,0.0,0.0,0.0,0.0,0.0,0.0,0.0,0.0,0.0,0.0
2026-01-13T00:00:00,18:56:12,L29-VIAPAULISTA,SP330,272.926,NORTE,-21.48183311,-47.64062315,CHOQUE,CHOQUE-OUTROS,OBJETO NA PISTA,0,0,0,0,SÃO SIMÃO,RIBEIRÃO PRETO,RIBEIRÃO PRETO,ESTADUAL,1.0,0.0,0.0,0.0,0.0,0.0,0.0,0.0,0.0,0.0,0.0,0.0,0.0,0.0,0.0,0.0
2026-01-13T00:00:00,19:52:14,L06-INTERVIAS,SP330,227.0,SUL,-21.85442603,-47.49496456,CHOQUE,CHOQUE-ELEMENTO DE DRENAGEM,IMPRUD. CONDUTOR-PERDA DE CONTROLE,2,0,0,0,PORTO FERREIRA,CENTRAL,RIO CLARO,ESTADUAL,0.0,0.0,0.0,1.0,0.0,0.0,0.0,0.0,0.0,0.0,0.0,0.0,0.0,0.0,0.0,0.0
2026-01-13T00:00:00,21:45:06,L01-AUTOBAN,SPM330E,18.0,SUL,-23.482190300948,-46.771175265312,TOMBAMENTO,TOMBAMENTO-MOTO,NÃO INFORMADO,1,0,0,0,OSASCO,REG. METROPOLITANA SÃO PAULO,SÃO PAULO,ESTADUAL,0.0,0.0,1.0,0.0,0.0,0.0,0.0,0.0,0.0,0.0,0.0,0.0,0.0,0.0,0.0,0.0
2026-01-13T00:00:00,23:20:55,L28-ENTREVIAS,SP330,375.95,NORTE,-20.63751237264575,-47.88146577815338,CHOQUE,CHOQUE-OBJETO NA PISTA,OBJETO NA PISTA,0,0,0,0,SÃO JOAQUIM DA BARRA,FRANCA,RIBEIRÃO PRETO,ESTADUAL,3.0,0.0,0.0,0.0,0.0,0.0,0.0,0.0,0.0,0.0,0.0,0.0,0.0,0.0,0.0,0.0
2026-01-13T00:00:00,23:33:17,L29-VIAPAULISTA,SP330,258.686,NORTE,-21.6075778,-47.61832653,CHOQUE,CHOQUE-VEÍCULO PARADO NO ACOSTAMENTO,PANE MECÂNICA/ELÉTRICA,0,0,0,0,SANTA RITA DO PASSA QUATRO,CENTRAL,RIBEIRÃO PRETO,ESTADUAL,0.0,1.0,0.0,0.0,0.0,0.0,1.0,0.0,0.0,0.0,0.0,0.0,0.0,0.0,0.0,0.0
2026-01-14T00:00:00,00:26:31,L29-VIAPAULISTA,SP330,285.0,NORTE,-21.39254646,-47.6941865,CHOQUE,CHOQUE-TALUDE/BARRANCO,IMPRUD. CONDUTOR,0,0,0,0,CRAVINHOS,RIBEIRÃO PRETO,RIBEIRÃO PRETO,ESTADUAL,0.0,0.0,0.0,0.0,1.0,0.0,0.0,0.0,0.0,0.0,0.0,0.0,0.0,0.0,0.0,0.0
2026-01-14T00:00:00,00:30:33,L01-AUTOBAN,SP330,134.46,NORTE,-22.65123470315,-47.324435293567,COLISÃO,COLISÃO-FRONTAL,NÃO INFORMADO,0,0,0,0,LIMEIRA,CAMPINAS,RIO CLARO,ESTADUAL,1.0,0.0,0.0,0.0,1.0,0.0,0.0,0.0,0.0,0.0,0.0,0.0,0.0,0.0,0.0,0.0
2026-01-14T00:00:00,01:59:03,L06-INTERVIAS,SP330,237.0,NORTE,-21.77883153,-47.53441991,COLISÃO,COLISÃO-TRASEIRA,IMPRUD. CONDUTOR,0,0,0,0,SANTA RITA DO PASSA QUATRO,CENTRAL,RIBEIRÃO PRETO,ESTADUAL,0.0,0.0,0.0,0.0,2.0,0.0,0.0,0.0,0.0,0.0,0.0,0.0,0.0,0.0,0.0,0.0
2026-01-14T00:00:00,03:29:12,L01-AUTOBAN,SP330,142.5,SUL,-22.595963740557,-47.365754043187,ATROPELAMENTO DE PEDESTRE,ATROP. PEDESTRE-OUTROS,NÃO INFORMADO,1,0,0,1,LIMEIRA,CAMPINAS,RIO CLARO,ESTADUAL,0.0,0.0,0.0,0.0,1.0,0.0,0.0,1.0,0.0,0.0,0.0,0.0,0.0,0.0,0.0,0.0
2026-01-14T00:00:00,04:13:10,L01-AUTOBAN,SPM330D,115.0,NORTE,-22.792220839274,-47.226083278656,CHOQUE,CHOQUE-DEFENSA/BARREIRA,NÃO INFORMADO,0,1,0,0,SUMARÉ,CAMPINAS,CAMPINAS,ESTADUAL,1.0,0.0,0.0,0.0,0.0,0.0,0.0,0.0,0.0,0.0,0.0,0.0,0.0,0.0,0.0,0.0
2026-01-14T00:00:00,07:59:44,L06-INTERVIAS,SPD162/330,163.0,SUL,-22.41616281,-47.39060578,CHOQUE,CHOQUE-OAE (PONTE/VIADUTO),IMPRUD. CONDUTOR,0,0,0,0,ARARAS,NÃO INFORMADO,NÃO INFORMADO,NÃO INFORMADO,0.0,0.0,0.0,0.0,1.0,0.0,0.0,0.0,0.0,0.0,0.0,0.0,0.0,0.0,0.0,0.0
2026-01-14T00:00:00,08:17:46,L01-AUTOBAN,SP330,107.5,SUL,-22.836397100694,-47.174115478992,COLISÃO,COLISÃO-TRASEIRA,NÃO INFORMADO,0,0,0,0,SUMARÉ,CAMPINAS,CAMPINAS,ESTADUAL,1.0,1.0,0.0,0.0,0.0,0.0,0.0,0.0,0.0,0.0,0.0,0.0,0.0,0.0,0.0,0.0
2026-01-14T00:00:00,14:01:07,L28-ENTREVIAS,SP330,325.48,NORTE,-21.06720523804188,-47.81418333094935,ENGAVETAMENTO,ENGAVETAMENTO,IMPRUD. CONDUTOR-FALTA DE ATENÇÃO,0,0,0,0,JARDINÓPOLIS,RIBEIRÃO PRETO,RIBEIRÃO PRETO,ESTADUAL,2.0,0.0,0.0,0.0,0.0,0.0,0.0,0.0,0.0,0.0,1.0,0.0,0.0,0.0,0.0,0.0
2026-01-14T00:00:00,15:53:20,L01-AUTOBAN,SP330,101.0,SUL,-22.874089445764,-47.124878168106,TOMBAMENTO,TOMBAMENTO-MOTO,NÃO INFORMADO,0,0,0,0,CAMPINAS,CAMPINAS,CAMPINAS,ESTADUAL,0.0,0.0,1.0,0.0,0.0,0.0,0.0,0.0,0.0,0.0,0.0,0.0,0.0,0.0,0.0,0.0
2026-01-14T00:00:00,18:18:01,L06-INTERVIAS,SP330,187.6,SUL,-22.19667385,-47.39689601,CHOQUE,CHOQUE-TALUDE/BARRANCO,IMPRUD. CONDUTOR-PERDA DE CONTROLE,1,0,0,0,LEME,CAMPINAS,RIO CLARO,ESTADUAL,1.0,0.0,0.0,0.0,0.0,0.0,0.0,0.0,0.0,0.0,0.0,0.0,0.0,0.0,0.0,0.0
2026-01-14T00:00:00,18:43:14,L01-AUTOBAN,SP330,50.0,SUL,-23.256857077892,-46.867477297783,CHOQUE,CHOQUE-DEFENSA/BARREIRA,NÃO INFORMADO,0,0,0,0,JUNDIAÍ,CAMPINAS,CAMPINAS,ESTADUAL,1.0,0.0,0.0,0.0,0.0,0.0,0.0,0.0,0.0,0.0,0.0,0.0,0.0,0.0,0.0,0.0
2026-01-15T00:00:00,00:02:12,L01-AUTOBAN,SP330,148.0,NORTE,-22.545053,-47.37612,TOMBAMENTO,TOMBAMENTO,NÃO INFORMADO,1,0,0,0,LIMEIRA,CAMPINAS,RIO CLARO,ESTADUAL,0.0,0.0,0.0,0.0,1.0,0.0,0.0,0.0,0.0,0.0,0.0,0.0,0.0,0.0,0.0,0.0
2026-01-15T00:00:00,02:12:00,L28-ENTREVIAS,SP330,342.5,SUL,-20.93480725423869,-47.88195188117431,COLISÃO,COLISÃO-TRASEIRA,IMPRUD. CONDUTOR-FALTA DE ATENÇÃO,0,0,0,0,JARDINÓPOLIS,RIBEIRÃO PRETO,RIBEIRÃO PRETO,ESTADUAL,1.0,0.0,0.0,0.0,0.0,0.0,0.0,0.0,0.0,0.0,1.0,0.0,0.0,0.0,0.0,0.0
2026-01-15T00:00:00,06:22:00,L01-AUTOBAN,SP330,109.0,SUL,-22.827506,-47.184259,COLISÃO,COLISÃO-TRASEIRA,NÃO INFORMADO,0,0,0,0,SUMARÉ,CAMPINAS,CAMPINAS,ESTADUAL,2.0,0.0,0.0,0.0,0.0,0.0,0.0,0.0,0.0,0.0,0.0,0.0,0.0,0.0,0.0,0.0
2026-01-15T00:00:00,13:54:21,L01-AUTOBAN,SP330,18.0,NORTE,-23.482416628034,-46.770944595337,TOMBAMENTO,TOMBAMENTO,NÃO INFORMADO,1,0,0,0,OSASCO,REG. METROPOLITANA SÃO PAULO,SÃO PAULO,ESTADUAL,0.0,0.0,0.0,1.0,0.0,0.0,0.0,0.0,0.0,0.0,0.0,0.0,0.0,0.0,0.0,0.0
2026-01-15T00:00:00,15:08:08,L06-INTERVIAS,SP330,167.3,NORTE,-22.378315,-47.39418442,CHOQUE,CHOQUE-OUTROS,OUTROS,0,0,0,0,ARARAS,CAMPINAS,RIO CLARO,ESTADUAL,1.0,0.0,0.0,0.0,0.0,0.0,0.0,0.0,0.0,0.0,0.0,0.0,0.0,0.0,0.0,0.0
2026-01-15T00:00:00,16:21:32,L01-AUTOBAN,SP330,148.0,NORTE,-22.545053,-47.37612,COLISÃO,COLISÃO-TRASEIRA,NÃO INFORMADO,1,0,0,0,LIMEIRA,CAMPINAS,RIO CLARO,ESTADUAL,2.0,0.0,0.0,0.0,0.0,0.0,0.0,0.0,0.0,0.0,0.0,0.0,0.0,0.0,0.0,0.0
2026-01-15T00:00:00,18:08:57,L29-VIAPAULISTA,SP330,314.333,SUL,-21.14517932,-47.75948978,COLISÃO,COLISÃO-TRASEIRA,IMPRUD. CONDUTOR,1,0,0,0,RIBEIRÃO PRETO,RIBEIRÃO PRETO,RIBEIRÃO PRETO,ESTADUAL,0.0,0.0,1.0,1.0,0.0,0.0,0.0,0.0,0.0,0.0,0.0,0.0,0.0,0.0,0.0,0.0
2026-01-15T00:00:00,19:56:36,L01-AUTOBAN,SP330,133.0,NORTE,-22.662851,-47.31864,COLISÃO,COLISÃO-LATERAL,NÃO INFORMADO,0,0,0,0,LIMEIRA,CAMPINAS,RIO CLARO,ESTADUAL,0.0,1.0,1.0,1.0,0.0,0.0,0.0,0.0,0.0,0.0,0.0,0.0,0.0,0.0,0.0,0.0
2026-01-15T00:00:00,23:34:10,L01-AUTOBAN,SP330,38.0,NORTE,-23.344925355634,-46.840928792954,CHOQUE,CHOQUE-DEFENSA/BARREIRA,NÃO INFORMADO,0,0,0,0,CAJAMAR,REG. METROPOLITANA SÃO PAULO,SÃO PAULO,ESTADUAL,1.0,0.0,0.0,0.0,0.0,0.0,0.0,0.0,0.0,0.0,0.0,0.0,0.0,0.0,0.0,0.0
2026-01-16T00:00:00,00:12:29,L06-INTERVIAS,SP330,164.6,NORTE,-22.40186974,-47.38964139,CHOQUE,CHOQUE-DEFENSA/BARREIRA,IMPRUD. CONDUTOR-DORMIR AO VOLANTE,0,0,0,0,ARARAS,CAMPINAS,RIO CLARO,ESTADUAL,0.0,0.0,0.0,0.0,1.0,0.0,0.0,0.0,0.0,0.0,0.0,0.0,0.0,0.0,0.0,0.0
2026-01-16T00:00:00,00:29:00,L28-ENTREVIAS,SP330,364.7,NORTE,-20.72275430793934,-47.89333394892145,CHOQUE,CHOQUE-ELEMENTO DE DRENAGEM,IMPRUD. CONDUTOR-PERDA DE CONTROLE,0,0,0,0,ORLÂNDIA,FRANCA,RIBEIRÃO PRETO,ESTADUAL,1.0,0.0,0.0,0.0,0.0,0.0,0.0,0.0,0.0,0.0,0.0,0.0,0.0,0.0,0.0,0.0
2026-01-16T00:00:00,01:02:41,L29-VIAPAULISTA,SP330,307.354,NORTE,-21.20718489,-47.75830846,CHOQUE,CHOQUE-DEFENSA/BARREIRA,IMPRUD. CONDUTOR,0,0,0,0,RIBEIRÃO PRETO,RIBEIRÃO PRETO,RIBEIRÃO PRETO,ESTADUAL,1.0,0.0,0.0,0.0,0.0,0.0,0.0,0.0,0.0,0.0,0.0,0.0,0.0,0.0,0.0,0.0
2026-01-16T00:00:00,02:08:47,L01-AUTOBAN,SP330,148.0,SUL,-22.545538,-47.37616,TOMBAMENTO,TOMBAMENTO,NÃO INFORMADO,0,0,0,0,LIMEIRA,CAMPINAS,RIO CLARO,ESTADUAL,0.0,0.0,0.0,0.0,1.0,0.0,0.0,0.0,0.0,0.0,0.0,0.0,0.0,0.0,0.0,0.0
2026-01-16T00:00:00,02:58:14,L01-AUTOBAN,SP330,84.0,NORTE,-22.997750412341,-47.033076882362,COLISÃO,COLISÃO-TRASEIRA,NÃO INFORMADO,2,0,0,1,VALINHOS,CAMPINAS,CAMPINAS,ESTADUAL,1.0,0.0,0.0,1.0,0.0,0.0,0.0,0.0,0.0,0.0,0.0,0.0,0.0,0.0,0.0,0.0
2026-01-16T00:00:00,04:21:50,L01-AUTOBAN,SP330,108.4,SUL,-22.830758265563,-47.180131446915,CHOQUE,CHOQUE-VEÍCULO PARADO NO ACOSTAMENTO,NÃO INFORMADO,0,0,1,0,SUMARÉ,CAMPINAS,CAMPINAS,ESTADUAL,0.0,0.0,1.0,0.0,1.0,0.0,0.0,0.0,0.0,0.0,0.0,0.0,0.0,0.0,0.0,0.0
2026-01-16T00:00:00,07:00:27,L29-VIAPAULISTA,SP330,304.0,NORTE,-21.23729315,-47.75877455,COLISÃO,COLISÃO-FRONTAL,IMPRUD. CONDUTOR-TRAFEGAR NA CONTRAMÃO,0,0,0,0,RIBEIRÃO PRETO,RIBEIRÃO PRETO,RIBEIRÃO PRETO,ESTADUAL,0.0,1.0,1.0,0.0,0.0,0.0,0.0,0.0,0.0,0.0,0.0,0.0,0.0,0.0,0.0,0.0
2026-01-16T00:00:00,08:07:02,L01-AUTOBAN,SPM330E,108.6,SUL,-22.829674190827,-47.181507280449,COLISÃO,COLISÃO-TRASEIRA,NÃO INFORMADO,0,0,0,0,SUMARÉ,CAMPINAS,CAMPINAS,ESTADUAL,1.0,0.0,1.0,0.0,0.0,0.0,0.0,0.0,0.0,0.0,0.0,0.0,0.0,0.0,0.0,0.0
2026-01-16T00:00:00,09:08:13,L01-AUTOBAN,SP330,37.8,SUL,-23.346067202604,-46.84211973042,COLISÃO,COLISÃO-TRASEIRA,NÃO INFORMADO,1,0,0,0,CAJAMAR,REG. METROPOLITANA SÃO PAULO,SÃO PAULO,ESTADUAL,1.0,0.0,1.0,0.0,0.0,0.0,0.0,0.0,0.0,0.0,0.0,0.0,0.0,0.0,0.0,0.0
2026-01-16T00:00:00,12:42:54,L06-INTERVIAS,SP330,202.21,SUL,-22.06778895,-47.42509685,COLISÃO,COLISÃO-TRASEIRA,IMPRUD. CONDUTOR,0,0,0,0,PIRASSUNUNGA,CAMPINAS,RIO CLARO,ESTADUAL,2.0,0.0,0.0,0.0,0.0,0.0,0.0,0.0,0.0,0.0,0.0,0.0,0.0,0.0,0.0,0.0
2026-01-16T00:00:00,13:00:09,L29-VIAPAULISTA,SP330,306.452,SUL,-21.2161815,-47.75890895,COLISÃO,COLISÃO-TRASEIRA,IMPRUD. CONDUTOR-MUDANÇA DE FAIXA,1,0,0,0,RIBEIRÃO PRETO,RIBEIRÃO PRETO,RIBEIRÃO PRETO,ESTADUAL,2.0,0.0,1.0,0.0,0.0,0.0,0.0,0.0,0.0,0.0,0.0,0.0,0.0,0.0,0.0,0.0
2026-01-16T00:00:00,21:19:30,L01-AUTOBAN,SPI102/330,1.0,NORTE,-22.872117347182,-47.131390571594,COLISÃO,COLISÃO-LATERAL,NÃO INFORMADO,0,0,0,0,CAMPINAS,CAMPINAS,CAMPINAS,ESTADUAL,2.0,0.0,0.0,0.0,1.0,0.0,0.0,0.0,0.0,0.0,0.0,0.0,0.0,0.0,0.0,0.0
2026-01-16T00:00:00,21:27:59,L01-AUTOBAN,SP330,102.8,NORTE,-22.863230160361,-47.137820384769,COLISÃO,COLISÃO-LATERAL,NÃO INFORMADO,0,0,0,0,CAMPINAS,CAMPINAS,CAMPINAS,ESTADUAL,1.0,0.0,0.0,0.0,1.0,0.0,0.0,0.0,0.0,0.0,0.0,0.0,0.0,0.0,0.0,0.0
2026-01-16T00:00:00,21:49:46,L06-INTERVIAS,SP330,185.74,NORTE,-22.21321162,-47.3933823,ATROPELAMENTO DE ANIMAL,ATROP. ANIMAL-OUTROS,ANIMAL NA RODOVIA,0,0,0,0,LEME,CAMPINAS,RIO CLARO,ESTADUAL,1.0,0.0,0.0,0.0,0.0,0.0,0.0,0.0,0.0,0.0,0.0,0.0,0.0,0.0,0.0,0.0
2026-01-17T00:00:00,03:30:55,L01-AUTOBAN,SP330,24.8,SUL,-23.428229062233,-46.787373787362,CHOQUE,CHOQUE-OBJETO NA PISTA,NÃO INFORMADO,0,1,0,0,SÃO PAULO,REG. METROPOLITANA SÃO PAULO,SÃO PAULO,ESTADUAL,1.0,0.0,1.0,0.0,1.0,0.0,0.0,0.0,0.0,0.0,0.0,0.0,0.0,0.0,0.0,0.0
2026-01-17T00:00:00,04:41:29,L01-AUTOBAN,SP330,114.0,NORTE,-22.800514260128,-47.221802473068,QUEDA,CHOQUE-OAE (PONTE/VIADUTO),NÃO INFORMADO,0,0,0,0,SUMARÉ,CAMPINAS,CAMPINAS,ESTADUAL,1.0,0.0,0.0,0.0,0.0,0.0,0.0,0.0,0.0,0.0,0.0,0.0,0.0,0.0,0.0,0.0
2026-01-17T00:00:00,06:48:38,L01-AUTOBAN,SP330,51.0,SUL,-23.248256521474,-46.866077184677,TOMBAMENTO,TOMBAMENTO,NÃO INFORMADO,1,0,0,0,JUNDIAÍ,CAMPINAS,CAMPINAS,ESTADUAL,1.0,0.0,0.0,0.0,0.0,0.0,0.0,0.0,0.0,0.0,0.0,0.0,0.0,0.0,0.0,0.0
2026-01-17T00:00:00,07:09:02,L01-AUTOBAN,SPM330E,92.0,SUL,-22.935126302733,-47.071105241776,TOMBAMENTO,TOMBAMENTO-MOTO,NÃO INFORMADO,1,0,0,0,CAMPINAS,CAMPINAS,CAMPINAS,ESTADUAL,1.0,0.0,1.0,0.0,0.0,0.0,0.0,0.0,0.0,0.0,0.0,0.0,0.0,0.0,0.0,0.0
2026-01-17T00:00:00,08:40:33,L01-AUTOBAN,SP330,92.2,NORTE,-22.93403645795,-47.072904444467,CHOQUE,CHOQUE-DEFENSA/BARREIRA,NÃO INFORMADO,0,0,0,0,CAMPINAS,CAMPINAS,CAMPINAS,ESTADUAL,1.0,0.0,0.0,0.0,0.0,0.0,0.0,0.0,0.0,0.0,0.0,0.0,0.0,0.0,0.0,0.0
2026-01-17T00:00:00,10:10:34,L01-AUTOBAN,SP330,149.0,SUL,-22.537858063906,-47.381388545036,TOMBAMENTO,TOMBAMENTO,NÃO INFORMADO,0,0,0,0,LIMEIRA,CAMPINAS,RIO CLARO,ESTADUAL,0.0,1.0,1.0,0.0,0.0,0.0,0.0,0.0,0.0,0.0,0.0,0.0,0.0,0.0,0.0,0.0
2026-01-17T00:00:00,10:35:52,L06-INTERVIAS,SP330,192.0,SUL,-22.15702904,-47.40014361,CHOQUE,CHOQUE-ELEMENTO DE DRENAGEM,OBJETO NA PISTA,0,0,0,0,LEME,CAMPINAS,RIO CLARO,ESTADUAL,0.0,1.0,0.0,1.0,0.0,0.0,0.0,0.0,0.0,0.0,0.0,0.0,0.0,0.0,0.0,0.0
2026-01-17T00:00:00,16:41:50,L01-AUTOBAN,SP330,136.0,SUL,-22.638337,-47.330187,ENGAVETAMENTO,ENGAVETAMENTO,NÃO INFORMADO,0,0,0,0,LIMEIRA,CAMPINAS,RIO CLARO,ESTADUAL,4.0,0.0,0.0,0.0,0.0,0.0,0.0,0.0,0.0,0.0,0.0,0.0,0.0,0.0,0.0,0.0
2026-01-17T00:00:00,17:14:21,L01-AUTOBAN,SP330,116.0,SUL,-22.783526300145,-47.230841517448,COLISÃO,COLISÃO-LATERAL,NÃO INFORMADO,0,0,0,0,NOVA ODESSA,CAMPINAS,RIO CLARO,ESTADUAL,1.0,0.0,0.0,0.0,1.0,0.0,0.0,0.0,0.0,0.0,0.0,0.0,0.0,0.0,0.0,0.0
2026-01-17T00:00:00,18:32:36,L01-AUTOBAN,SP330,26.0,SUL,-23.42090534696,-46.794376373291,COLISÃO,COLISÃO-LATERAL,NÃO INFORMADO,1,0,0,0,SÃO PAULO,REG. METROPOLITANA SÃO PAULO,SÃO PAULO,ESTADUAL,1.0,0.0,1.0,0.0,0.0,0.0,0.0,0.0,0.0,0.0,0.0,0.0,0.0,0.0,0.0,0.0
2026-01-17T00:00:00,19:26:58,L01-AUTOBAN,SP330,36.0,SUL,-23.36049320542,-46.848599910736,COLISÃO,COLISÃO-TRASEIRA,NÃO INFORMADO,0,0,0,0,CAJAMAR,REG. METROPOLITANA SÃO PAULO,SÃO PAULO,ESTADUAL,2.0,0.0,0.0,0.0,1.0,0.0,0.0,0.0,0.0,0.0,0.0,0.0,0.0,0.0,0.0,0.0
2026-01-17T00:00:00,20:35:45,L01-AUTOBAN,SPM330D,109.0,NORTE,-22.827374159413,-47.183876037598,COLISÃO,COLISÃO-LATERAL,NÃO INFORMADO,0,0,0,0,SUMARÉ,CAMPINAS,CAMPINAS,ESTADUAL,1.0,0.0,0.0,0.0,1.0,0.0,0.0,0.0,0.0,0.0,0.0,0.0,0.0,0.0,0.0,0.0
2026-01-17T00:00:00,23:01:00,L01-AUTOBAN,SP330,12.0,SUL,-23.509484513183,-46.730405688286,CHOQUE,CHOQUE-DEFENSA/BARREIRA,NÃO INFORMADO,1,0,0,0,SÃO PAULO,REG. METROPOLITANA SÃO PAULO,SÃO PAULO,ESTADUAL,1.0,0.0,0.0,0.0,0.0,0.0,0.0,0.0,0.0,0.0,0.0,0.0,0.0,0.0,0.0,0.0
2026-01-17T00:00:00,23:53:45,L01-AUTOBAN,SP330,119.4,NORTE,-22.7629543708,-47.248055421853,CHOQUE,CHOQUE-DEFENSA/BARREIRA,NÃO INFORMADO,0,0,0,0,NOVA ODESSA,CAMPINAS,RIO CLARO,ESTADUAL,1.0,0.0,0.0,0.0,0.0,0.0,0.0,0.0,0.0,0.0,0.0,0.0,0.0,0.0,0.0,0.0
2026-01-18T00:00:00,00:45:18,L01-AUTOBAN,SPM330D,87.8,NORTE,-22.967698928639,-47.052410260494,CHOQUE,CHOQUE-SINALIZAÇÃO/EQUIPAMENTO,NÃO INFORMADO,0,1,0,0,CAMPINAS,CAMPINAS,CAMPINAS,ESTADUAL,1.0,0.0,0.0,0.0,0.0,0.0,0.0,0.0,0.0,0.0,0.0,0.0,0.0,0.0,0.0,0.0
2026-01-18T00:00:00,01:27:07,L29-VIAPAULISTA,SPD313/330,313.8,SUL,-21.15012317,-47.75801737,CHOQUE,CHOQUE-MEIO FIO,IMPRUD. CONDUTOR-DORMIR AO VOLANTE,0,0,0,0,RIBEIRÃO PRETO,NÃO INFORMADO,NÃO INFORMADO,NÃO INFORMADO,1.0,0.0,0.0,0.0,0.0,0.0,0.0,0.0,0.0,0.0,0.0,0.0,0.0,0.0,0.0,0.0
2026-01-18T00:00:00,01:27:51,L01-AUTOBAN,SP330,34.5,NORTE,-23.372454,-46.842561,CHOQUE,CHOQUE-DEFENSA/BARREIRA,NÃO INFORMADO,0,0,0,0,CAJAMAR,REG. METROPOLITANA SÃO PAULO,SÃO PAULO,ESTADUAL,1.0,0.0,0.0,0.0,0.0,0.0,0.0,0.0,0.0,0.0,0.0,0.0,0.0,0.0,0.0,0.0
2026-01-18T00:00:00,03:26:19,L01-AUTOBAN,SP330,136.5,NORTE,-22.634339680826,-47.333309948444,ATROPELAMENTO DE ANIMAL,ATROP. ANIMAL-OUTROS,NÃO INFORMADO,1,0,0,0,LIMEIRA,CAMPINAS,RIO CLARO,ESTADUAL,0.0,0.0,0.0,1.0,0.0,0.0,0.0,0.0,0.0,0.0,0.0,0.0,0.0,0.0,0.0,0.0
2026-01-18T00:00:00,03:36:39,L01-AUTOBAN,SP330,40.0,NORTE,-23.328429618376,-46.83878839016,COLISÃO,COLISÃO-LATERAL,NÃO INFORMADO,0,0,0,0,CAJAMAR,REG. METROPOLITANA SÃO PAULO,SÃO PAULO,ESTADUAL,1.0,0.0,0.0,0.0,1.0,0.0,0.0,0.0,0.0,0.0,0.0,0.0,0.0,0.0,0.0,0.0
2026-01-18T00:00:00,05:04:59,L01-AUTOBAN,SP330,43.5,NORTE,-23.306404135524,-46.856973767281,CHOQUE,CHOQUE-DEFENSA/BARREIRA,NÃO INFORMADO,0,0,0,0,CAJAMAR,REG. METROPOLITANA SÃO PAULO,SÃO PAULO,ESTADUAL,0.0,0.0,0.0,1.0,0.0,0.0,0.0,0.0,0.0,0.0,0.0,0.0,0.0,0.0,0.0,0.0
2026-01-18T00:00:00,05:19:25,L06-INTERVIAS,SP330,233.4,SUL,-21.80011166,-47.50822984,ATROPELAMENTO DE ANIMAL,ATROP. ANIMAL-OUTROS,ANIMAL NA RODOVIA,0,0,0,0,SANTA RITA DO PASSA QUATRO,CENTRAL,RIBEIRÃO PRETO,ESTADUAL,1.0,0.0,0.0,0.0,0.0,0.0,0.0,0.0,0.0,0.0,0.0,0.0,0.0,0.0,0.0,0.0
2026-01-18T00:00:00,06:49:20,L29-VIAPAULISTA,SP330,307.349,NORTE,-21.2072299,-47.75831082,CHOQUE,CHOQUE-DEFENSA/BARREIRA,IMPRUD. CONDUTOR-PERDA DE CONTROLE,0,0,0,0,RIBEIRÃO PRETO,RIBEIRÃO PRETO,RIBEIRÃO PRETO,ESTADUAL,1.0,0.0,0.0,0.0,0.0,0.0,0.0,0.0,0.0,0.0,0.0,0.0,0.0,0.0,0.0,0.0
2026-01-18T00:00:00,07:17:09,L29-VIAPAULISTA,SP330,307.5,SUL,-21.20635092,-47.75840115,CHOQUE,CHOQUE-MEIO FIO,IMPRUD. CONDUTOR-PERDA DE CONTROLE,0,0,0,0,RIBEIRÃO PRETO,RIBEIRÃO PRETO,RIBEIRÃO PRETO,ESTADUAL,0.0,0.0,0.0,1.0,0.0,0.0,0.0,0.0,0.0,0.0,0.0,0.0,0.0,0.0,0.0,0.0
2026-01-18T00:00:00,09:48:58,L01-AUTOBAN,SP330,50.0,NORTE,-23.256852149365,-46.867278814316,TOMBAMENTO,TOMBAMENTO-MOTO,NÃO INFORMADO,1,0,0,0,JUNDIAÍ,CAMPINAS,CAMPINAS,ESTADUAL,0.0,0.0,1.0,0.0,0.0,0.0,0.0,0.0,0.0,0.0,0.0,0.0,0.0,0.0,0.0,0.0
2026-01-18T00:00:00,17:57:42,L29-VIAPAULISTA,SP330,313.818,SUL,-21.14996511,-47.7580572,COLISÃO,COLISÃO-LATERAL,IMPRUD. CONDUTOR-TRAFEGAR NA CONTRAMÃO,0,0,0,0,RIBEIRÃO PRETO,RIBEIRÃO PRETO,RIBEIRÃO PRETO,ESTADUAL,1.0,0.0,0.0,0.0,1.0,0.0,0.0,0.0,0.0,0.0,0.0,0.0,0.0,0.0,0.0,0.0
2026-01-18T00:00:00,18:48:00,L28-ENTREVIAS,SP330,328.6,NORTE,-21.04944184434202,-47.82571575294973,CHOQUE,CHOQUE-OBJETO NA PISTA,IMPRUD. CONDUTOR-FALTA DE ATENÇÃO,0,0,0,0,JARDINÓPOLIS,RIBEIRÃO PRETO,RIBEIRÃO PRETO,ESTADUAL,0.0,0.0,0.0,0.0,1.0,0.0,0.0,0.0,0.0,0.0,1.0,0.0,0.0,0.0,0.0,0.0
2026-01-18T00:00:00,20:17:33,L01-AUTOBAN,SPM330D,104.5,NORTE,-22.856550364554,-47.149038247072,CHOQUE,OUTROS/NÃO CLASSIFICADO,NÃO INFORMADO,0,0,0,0,CAMPINAS,CAMPINAS,CAMPINAS,ESTADUAL,1.0,0.0,0.0,0.0,0.0,0.0,0.0,0.0,0.0,0.0,0.0,0.0,0.0,0.0,0.0,0.0
2026-01-18T00:00:00,20:52:17,L06-INTERVIAS,SP330,223.3,SUL,-21.88630373,-47.48407777,ATROPELAMENTO DE ANIMAL,ATROP. ANIMAL-OUTROS,ANIMAL NA RODOVIA,0,0,0,0,PORTO FERREIRA,CENTRAL,RIO CLARO,ESTADUAL,1.0,0.0,0.0,0.0,0.0,0.0,0.0,0.0,0.0,0.0,0.0,0.0,0.0,0.0,0.0,0.0
2026-01-18T00:00:00,23:06:40,L06-INTERVIAS,SP330,232.9,NORTE,-21.80319148,-47.5045996,ATROPELAMENTO DE ANIMAL,ATROP. ANIMAL-OUTROS,ANIMAL NA RODOVIA,0,0,0,0,PORTO FERREIRA,CENTRAL,RIO CLARO,ESTADUAL,1.0,0.0,0.0,0.0,0.0,0.0,0.0,0.0,0.0,0.0,0.0,0.0,0.0,0.0,0.0,0.0
2026-01-18T00:00:00,23:52:34,L01-AUTOBAN,SP330,130.2,NORTE,-22.686314519923,-47.310669422068,COLISÃO,COLISÃO-TRASEIRA,NÃO INFORMADO,0,0,0,0,LIMEIRA,CAMPINAS,RIO CLARO,ESTADUAL,1.0,1.0,0.0,0.0,0.0,0.0,0.0,0.0,0.0,0.0,0.0,0.0,0.0,0.0,0.0,0.0
2026-01-19T00:00:00,01:26:59,L01-AUTOBAN,SP330,78.16,NORTE,-23.043569051849,-47.005546176392,COLISÃO,COLISÃO-TRASEIRA,NÃO INFORMADO,1,0,0,0,VINHEDO,CAMPINAS,CAMPINAS,ESTADUAL,0.0,0.0,0.0,0.0,2.0,0.0,0.0,0.0,0.0,0.0,0.0,0.0,0.0,0.0,0.0,0.0
2026-01-19T00:00:00,03:47:40,L29-VIAPAULISTA,SP330,285.501,NORTE,-21.38955298,-47.69753277,CHOQUE,CHOQUE-DEFENSA/BARREIRA,IMPRUD. CONDUTOR-DORMIR AO VOLANTE,1,0,0,0,CRAVINHOS,RIBEIRÃO PRETO,RIBEIRÃO PRETO,ESTADUAL,0.0,0.0,0.0,1.0,0.0,0.0,0.0,0.0,0.0,0.0,0.0,0.0,0.0,0.0,0.0,0.0
2026-01-19T00:00:00,05:51:33,L01-AUTOBAN,SPM330D,86.5,NORTE,-22.978807610205,-47.04596114362,CHOQUE,CHOQUE-DEFENSA/BARREIRA,NÃO INFORMADO,0,0,0,0,CAMPINAS,CAMPINAS,CAMPINAS,ESTADUAL,1.0,0.0,0.0,0.0,0.0,0.0,0.0,0.0,0.0,0.0,0.0,0.0,0.0,0.0,0.0,0.0
2026-01-19T00:00:00,08:01:32,L06-INTERVIAS,SP330,216.1,SUL,-21.94823673,-47.46297885,CHOQUE,CHOQUE-OUTROS,PAVIMENTO RUIM/IRREGULAR,0,0,0,0,PIRASSUNUNGA,CAMPINAS,RIO CLARO,ESTADUAL,1.0,0.0,0.0,0.0,0.0,0.0,0.0,0.0,0.0,0.0,0.0,0.0,0.0,0.0,0.0,0.0
2026-01-19T00:00:00,09:21:28,L06-INTERVIAS,SP330,181.76,SUL,-22.24897543,-47.39041169,CHOQUE,CHOQUE-OUTROS,PAVIMENTO RUIM/IRREGULAR,0,0,0,0,LEME,CAMPINAS,RIO CLARO,ESTADUAL,1.0,0.0,0.0,0.0,0.0,0.0,0.0,0.0,0.0,0.0,0.0,0.0,0.0,0.0,0.0,0.0
2026-01-19T00:00:00,11:17:33,L01-AUTOBAN,SP330,30.0,NORTE,-23.405103365161,-46.82884812355,COLISÃO,COLISÃO-LATERAL,NÃO INFORMADO,0,1,0,0,CAJAMAR,REG. METROPOLITANA SÃO PAULO,SÃO PAULO,ESTADUAL,0.0,0.0,1.0,0.0,1.0,0.0,0.0,0.0,0.0,0.0,0.0,0.0,0.0,0.0,0.0,0.0
2026-01-19T00:00:00,16:43:45,L01-AUTOBAN,SP330,30.0,SUL,-23.405300286201,-46.828966140747,COLISÃO,COLISÃO-LATERAL,NÃO INFORMADO,0,0,0,0,CAJAMAR,REG. METROPOLITANA SÃO PAULO,SÃO PAULO,ESTADUAL,1.0,0.0,1.0,0.0,0.0,0.0,0.0,0.0,0.0,0.0,0.0,0.0,0.0,0.0,0.0,0.0
2026-01-19T00:00:00,17:30:53,L01-AUTOBAN,SPM330E,93.0,SUL,-22.929865,-47.079096,COLISÃO,COLISÃO-TRASEIRA,NÃO INFORMADO,0,0,0,0,CAMPINAS,CAMPINAS,CAMPINAS,ESTADUAL,2.0,0.0,0.0,0.0,0.0,0.0,0.0,0.0,0.0,0.0,0.0,0.0,0.0,0.0,0.0,0.0
2026-01-19T00:00:00,19:25:18,L01-AUTOBAN,SPM330D,53.0,NORTE,-23.230639,-46.87295,CHOQUE,CHOQUE-MEIO FIO,NÃO INFORMADO,0,1,0,0,JUNDIAÍ,CAMPINAS,CAMPINAS,ESTADUAL,0.0,0.0,1.0,0.0,0.0,0.0,0.0,0.0,0.0,0.0,0.0,0.0,0.0,0.0,0.0,0.0
2026-01-19T00:00:00,19:28:54,L06-INTERVIAS,SP330,198.0,SUL,-22.10496447,-47.41389807,CHOQUE,CHOQUE-OUTROS,PAVIMENTO RUIM/IRREGULAR,0,0,0,0,SANTA CRUZ DA CONCEIÇÃO,CAMPINAS,RIO CLARO,ESTADUAL,1.0,0.0,0.0,0.0,0.0,0.0,0.0,0.0,0.0,0.0,0.0,0.0,0.0,0.0,0.0,0.0
2026-01-19T00:00:00,21:10:00,L28-ENTREVIAS,SP330,442.2,SUL,-20.06882975510969,-47.78832571785571,COLISÃO,COLISÃO-LATERAL,IMPRUD. CONDUTOR-FALTA DE ATENÇÃO,0,0,0,0,IGARAPAVA,FRANCA,RIBEIRÃO PRETO,ESTADUAL,1.0,0.0,0.0,0.0,1.0,0.0,0.0,0.0,0.0,0.0,0.0,0.0,0.0,0.0,0.0,0.0
2026-01-19T00:00:00,21:49:46,L06-INTERVIAS,SP330,181.8,NORTE,-22.24862698,-47.39001098,TOMBAMENTO,TOMBAMENTO,PANE MECÂNICA/ELÉTRICA,1,0,0,0,LEME,CAMPINAS,RIO CLARO,ESTADUAL,0.0,0.0,1.0,0.0,0.0,0.0,0.0,0.0,0.0,0.0,0.0,0.0,0.0,0.0,0.0,0.0
2026-01-19T00:00:00,23:08:55,L01-AUTOBAN,SP330,65.0,NORTE,-23.144390043902,-46.939296126366,ATROPELAMENTO DE ANIMAL,ATROP. ANIMAL-OUTROS,NÃO INFORMADO,0,0,0,0,JUNDIAÍ,CAMPINAS,CAMPINAS,ESTADUAL,1.0,0.0,0.0,0.0,0.0,0.0,0.0,0.0,0.0,0.0,0.0,0.0,0.0,0.0,0.0,0.0
2026-01-20T00:00:00,00:53:47,L28-ENTREVIAS,SP330,371.7,SUL,-20.66778177607276,-47.88338042783514,COLISÃO,COLISÃO-TRASEIRA,IMPRUD. CONDUTOR-FALTA DE ATENÇÃO,0,0,0,0,ORLÂNDIA,FRANCA,RIBEIRÃO PRETO,ESTADUAL,0.0,0.0,0.0,0.0,2.0,0.0,0.0,0.0,0.0,0.0,0.0,0.0,0.0,0.0,0.0,0.0
2026-01-20T00:00:00,06:19:53,L01-AUTOBAN,SP330,92.0,NORTE,-22.935116422047,-47.071389555931,COLISÃO,COLISÃO-LATERAL,NÃO INFORMADO,0,0,0,0,CAMPINAS,CAMPINAS,CAMPINAS,ESTADUAL,1.0,0.0,0.0,0.0,1.0,0.0,0.0,0.0,0.0,0.0,0.0,0.0,0.0,0.0,0.0,0.0
2026-01-20T00:00:00,08:06:12,L01-AUTOBAN,SPM330E,63.0,SUL,-23.16087896177,-46.931920051575,COLISÃO,COLISÃO-LATERAL,NÃO INFORMADO,0,0,0,0,JUNDIAÍ,NÃO INFORMADO,NÃO INFORMADO,NÃO INFORMADO,1.0,0.0,0.0,0.0,1.0,0.0,0.0,0.0,0.0,0.0,0.0,0.0,0.0,0.0,0.0,0.0
2026-01-20T00:00:00,10:53:25,L06-INTERVIAS,SP330,193.3,NORTE,-22.14595267,-47.40345812,COLISÃO,COLISÃO-LATERAL,IMPRUD. CONDUTOR,4,0,0,0,LEME,CAMPINAS,RIO CLARO,ESTADUAL,0.0,0.0,0.0,1.0,2.0,0.0,0.0,0.0,0.0,0.0,0.0,0.0,0.0,0.0,0.0,0.0
2026-01-20T00:00:00,11:29:31,L29-VIAPAULISTA,SP330,310.23,NORTE,-21.18126944,-47.75694889,COLISÃO,COLISÃO-TRASEIRA,CICLISTA NA RODOVIA,1,0,0,0,RIBEIRÃO PRETO,RIBEIRÃO PRETO,RIBEIRÃO PRETO,ESTADUAL,1.0,0.0,0.0,0.0,0.0,1.0,0.0,0.0,0.0,0.0,0.0,0.0,0.0,0.0,0.0,0.0
2026-01-20T00:00:00,13:47:13,L29-VIAPAULISTA,SP330,314.9,SUL,-21.14070213,-47.76142961,COLISÃO,COLISÃO-TRASEIRA,IMPRUD. CONDUTOR,1,0,0,0,RIBEIRÃO PRETO,RIBEIRÃO PRETO,RIBEIRÃO PRETO,ESTADUAL,0.0,1.0,1.0,0.0,0.0,0.0,0.0,0.0,0.0,0.0,0.0,0.0,0.0,0.0,0.0,0.0
2026-01-20T00:00:00,18:25:37,L01-AUTOBAN,SP330,103.0,NORTE,-22.862197108808,-47.13924407959,COLISÃO,COLISÃO-TRASEIRA,NÃO INFORMADO,0,0,0,0,CAMPINAS,CAMPINAS,CAMPINAS,ESTADUAL,1.0,0.0,0.0,0.0,1.0,0.0,0.0,0.0,0.0,0.0,0.0,0.0,0.0,0.0,0.0,0.0
2026-01-20T00:00:00,22:31:00,L28-ENTREVIAS,SP330,450.5,NORTE,-19.99892077922489,-47.78618392586922,TOMBAMENTO,TOMBAMENTO-MOTO,IMPRUD. CONDUTOR-PERDA DE CONTROLE,1,0,0,0,IGARAPAVA,NÃO INFORMADO,NÃO INFORMADO,NÃO INFORMADO,0.0,0.0,1.0,0.0,0.0,0.0,0.0,0.0,0.0,0.0,0.0,0.0,0.0,0.0,0.0,0.0
2026-01-21T00:00:00,03:39:37,L06-INTERVIAS,SP330,209.1,NORTE,-22.00840113,-47.44211239,ATROPELAMENTO DE PEDESTRE,ATROP. PEDESTRE-OUTROS,SUICÍDIO,0,0,0,1,PIRASSUNUNGA,CAMPINAS,RIO CLARO,ESTADUAL,0.0,0.0,0.0,0.0,1.0,0.0,0.0,1.0,0.0,0.0,0.0,0.0,0.0,0.0,0.0,0.0
2026-01-21T00:00:00,03:46:34,L01-AUTOBAN,SPM330E,100.0,SUL,-22.880529457956,-47.117882966995,TOMBAMENTO,TOMBAMENTO-MOTO,NÃO INFORMADO,1,0,0,0,CAMPINAS,CAMPINAS,CAMPINAS,ESTADUAL,0.0,0.0,1.0,0.0,0.0,0.0,0.0,0.0,0.0,0.0,0.0,0.0,0.0,0.0,0.0,0.0
2026-01-21T00:00:00,04:38:23,L01-AUTOBAN,SP330,109.2,SUL,-22.826603507699,-47.185907579202,COLISÃO,COLISÃO-LATERAL,NÃO INFORMADO,0,0,0,0,SUMARÉ,CAMPINAS,CAMPINAS,ESTADUAL,1.0,0.0,1.0,0.0,0.0,0.0,0.0,0.0,0.0,0.0,0.0,0.0,0.0,0.0,0.0,0.0
2026-01-21T00:00:00,07:00:17,L28-ENTREVIAS,SP330,445.0,SUL,-20.03527164776891,-47.78079747966585,COLISÃO,COLISÃO-TRASEIRA,IMPRUD. CONDUTOR-PERDA DE CONTROLE,0,0,0,0,IGARAPAVA,FRANCA,RIBEIRÃO PRETO,ESTADUAL,1.0,0.0,0.0,0.0,1.0,0.0,0.0,0.0,0.0,0.0,0.0,0.0,0.0,0.0,0.0,0.0
2026-01-21T00:00:00,07:54:28,L01-AUTOBAN,SP330,98.0,SUL,-22.896245165998,-47.110952138901,COLISÃO,COLISÃO-TRASEIRA,NÃO INFORMADO,0,0,0,0,CAMPINAS,CAMPINAS,CAMPINAS,ESTADUAL,1.0,0.0,1.0,0.0,0.0,0.0,0.0,0.0,0.0,0.0,0.0,0.0,0.0,0.0,0.0,0.0
2026-01-21T00:00:00,07:57:02,L29-VIAPAULISTA,SP330,315.418,SUL,-21.13642747,-47.76363583,COLISÃO,COLISÃO-TRASEIRA,IMPRUD. CONDUTOR-DIST. INADEQUADA ENTRE VEÍC.,2,0,0,0,RIBEIRÃO PRETO,RIBEIRÃO PRETO,RIBEIRÃO PRETO,ESTADUAL,0.0,0.0,1.0,1.0,0.0,0.0,0.0,0.0,0.0,0.0,0.0,0.0,0.0,0.0,0.0,0.0
2026-01-21T00:00:00,08:58:27,L01-AUTOBAN,SPM330D,53.0,NORTE,-23.230639,-46.87295,CHOQUE,CHOQUE-SINALIZAÇÃO/EQUIPAMENTO,NÃO INFORMADO,3,0,0,0,JUNDIAÍ,CAMPINAS,CAMPINAS,ESTADUAL,1.0,0.0,0.0,0.0,0.0,0.0,0.0,0.0,0.0,0.0,0.0,0.0,0.0,0.0,0.0,0.0
2026-01-21T00:00:00,09:42:43,L28-ENTREVIAS,SP330,325.3,SUL,-21.08366676057798,-47.80113366393193,COLISÃO,COLISÃO-LATERAL,IMPRUD. CONDUTOR-FALTA DE ATENÇÃO,1,1,0,0,JARDINÓPOLIS,RIBEIRÃO PRETO,RIBEIRÃO PRETO,ESTADUAL,1.0,0.0,1.0,0.0,0.0,0.0,0.0,0.0,0.0,0.0,1.0,0.0,0.0,0.0,0.0,0.0
2026-01-21T00:00:00,11:03:48,L01-AUTOBAN,SPM330D,60.0,NORTE,-23.18100028702,-46.911460161209,CHOQUE,CHOQUE-CERCAS/ALAMBRADOS,NÃO INFORMADO,0,0,0,0,JUNDIAÍ,NÃO INFORMADO,NÃO INFORMADO,NÃO INFORMADO,0.0,0.0,0.0,0.0,1.0,0.0,0.0,0.0,0.0,0.0,0.0,0.0,0.0,0.0,0.0,0.0
2026-01-21T00:00:00,12:22:15,L01-AUTOBAN,SP330,105.0,SUL,-22.852088298342,-47.156785726547,COLISÃO,COLISÃO-TRASEIRA,NÃO INFORMADO,0,0,0,0,CAMPINAS,CAMPINAS,CAMPINAS,ESTADUAL,0.0,0.0,0.0,0.0,2.0,0.0,0.0,0.0,0.0,0.0,0.0,0.0,0.0,0.0,0.0,0.0
2026-01-21T00:00:00,14:49:14,L01-AUTOBAN,SP330,131.0,NORTE,-22.678965513198,-47.310690879822,COLISÃO,COLISÃO-TRASEIRA,NÃO INFORMADO,0,0,0,0,LIMEIRA,CAMPINAS,RIO CLARO,ESTADUAL,0.0,1.0,0.0,0.0,1.0,0.0,0.0,0.0,0.0,0.0,0.0,0.0,0.0,0.0,0.0,0.0
2026-01-21T00:00:00,16:32:43,L06-INTERVIAS,SP330,215.0,NORTE,-21.95829991,-47.45888632,CHOQUE,CHOQUE-OBJETO NA PISTA,OBJETO NA PISTA,0,0,0,0,PIRASSUNUNGA,CAMPINAS,RIO CLARO,ESTADUAL,1.0,0.0,0.0,0.0,0.0,0.0,0.0,0.0,0.0,0.0,0.0,0.0,0.0,0.0,0.0,0.0
2026-01-21T00:00:00,17:49:27,L29-VIAPAULISTA,SP330,310.894,SUL,-21.17614314,-47.75681058,COLISÃO,COLISÃO-TRASEIRA,IMPRUD. CONDUTOR,1,0,0,0,RIBEIRÃO PRETO,RIBEIRÃO PRETO,RIBEIRÃO PRETO,ESTADUAL,0.0,1.0,1.0,0.0,0.0,0.0,0.0,0.0,0.0,0.0,0.0,0.0,0.0,0.0,0.0,0.0
2026-01-21T00:00:00,18:14:23,L01-AUTOBAN,SP330,91.8,NORTE,-22.936664914009,-47.070419459548,ENGAVETAMENTO,ENGAVETAMENTO,NÃO INFORMADO,0,0,0,0,CAMPINAS,CAMPINAS,CAMPINAS,ESTADUAL,2.0,0.0,0.0,1.0,0.0,0.0,0.0,0.0,0.0,0.0,0.0,0.0,0.0,0.0,0.0,0.0
2026-01-21T00:00:00,19:43:19,L01-AUTOBAN,SP330,105.0,NORTE,-22.8517126019,-47.156737446785,COLISÃO,COLISÃO-LATERAL,NÃO INFORMADO,1,0,0,0,CAMPINAS,CAMPINAS,CAMPINAS,ESTADUAL,0.0,0.0,2.0,0.0,0.0,0.0,0.0,0.0,0.0,0.0,0.0,0.0,0.0,0.0,0.0,0.0
2026-01-21T00:00:00,20:16:22,L01-AUTOBAN,SP330,26.0,SUL,-23.42090534696,-46.794376373291,COLISÃO,COLISÃO-TRASEIRA,NÃO INFORMADO,2,0,0,0,SÃO PAULO,REG. METROPOLITANA SÃO PAULO,SÃO PAULO,ESTADUAL,1.0,0.0,1.0,0.0,0.0,0.0,0.0,0.0,0.0,0.0,0.0,0.0,0.0,0.0,0.0,0.0
2026-01-21T00:00:00,22:06:12,L01-AUTOBAN,SP330,116.0,NORTE,-22.783180089729,-47.230637669563,CHOQUE,CHOQUE-DEFENSA/BARREIRA,NÃO INFORMADO,1,1,0,0,NOVA ODESSA,CAMPINAS,RIO CLARO,ESTADUAL,1.0,0.0,0.0,0.0,0.0,0.0,0.0,0.0,0.0,0.0,0.0,0.0,0.0,0.0,0.0,0.0
2026-01-22T00:00:00,05:36:02,L06-INTERVIAS,SP330,190.1,SUL,-22.17422548,-47.39915495,ATROPELAMENTO DE ANIMAL,ATROP. ANIMAL-OUTROS,ANIMAL NA RODOVIA,0,0,0,0,LEME,CAMPINAS,RIO CLARO,ESTADUAL,1.0,0.0,0.0,0.0,0.0,0.0,0.0,0.0,0.0,0.0,0.0,0.0,0.0,0.0,0.0,0.0
2026-01-22T00:00:00,07:22:20,L29-VIAPAULISTA,SP330,314.13,SUL,-21.1465371,-47.75893127,ENGAVETAMENTO,ENGAVETAMENTO,IMPRUD. CONDUTOR-DIST. INADEQUADA ENTRE VEÍC.,0,0,0,0,RIBEIRÃO PRETO,RIBEIRÃO PRETO,RIBEIRÃO PRETO,ESTADUAL,3.0,0.0,0.0,0.0,0.0,0.0,0.0,0.0,0.0,0.0,0.0,0.0,0.0,0.0,0.0,0.0
2026-01-22T00:00:00,08:17:17,L01-AUTOBAN,SP330,102.8,NORTE,-22.863230160361,-47.137820384769,COLISÃO,COLISÃO-LATERAL,NÃO INFORMADO,0,0,0,0,CAMPINAS,CAMPINAS,CAMPINAS,ESTADUAL,1.0,0.0,0.0,0.0,1.0,0.0,0.0,0.0,0.0,0.0,0.0,0.0,0.0,0.0,0.0,0.0
2026-01-22T00:00:00,09:20:12,L06-INTERVIAS,SP330,179.0,SUL,-22.27367524,-47.39231007,OBJETO LANÇADO CONTRA O VEÍCULO,OBJETO LANÇADO CONTRA O VEÍCULO,ROÇADA MECÂNICA/MANUAL,0,0,0,0,ARARAS,CAMPINAS,RIO CLARO,ESTADUAL,0.0,0.0,0.0,1.0,0.0,0.0,0.0,0.0,0.0,0.0,0.0,0.0,0.0,0.0,0.0,0.0
2026-01-22T00:00:00,10:48:36,L01-AUTOBAN,SP330,92.0,NORTE,-22.935116422047,-47.071389555931,COLISÃO,COLISÃO-TRASEIRA,NÃO INFORMADO,0,0,0,0,CAMPINAS,CAMPINAS,CAMPINAS,ESTADUAL,2.0,0.0,0.0,0.0,0.0,0.0,0.0,0.0,0.0,0.0,0.0,0.0,0.0,0.0,0.0,0.0
2026-01-22T00:00:00,12:10:56,L01-AUTOBAN,SP330,153.0,NORTE,-22.505490050774,-47.398930191994,TOMBAMENTO,TOMBAMENTO,NÃO INFORMADO,1,0,0,0,CORDEIRÓPOLIS,CAMPINAS,RIO CLARO,ESTADUAL,0.0,0.0,0.0,0.0,1.0,0.0,0.0,0.0,0.0,0.0,0.0,0.0,0.0,0.0,0.0,0.0
2026-01-22T00:00:00,12:40:14,L06-INTERVIAS,SP330,189.5,SUL,-22.17961781,-47.39885539,COLISÃO,COLISÃO-TRASEIRA,IMPRUD. CONDUTOR,1,0,0,0,LEME,CAMPINAS,RIO CLARO,ESTADUAL,1.0,0.0,1.0,0.0,0.0,0.0,0.0,0.0,0.0,0.0,0.0,0.0,0.0,0.0,0.0,0.0
2026-01-22T00:00:00,13:47:00,L28-ENTREVIAS,SP330,421.7,NORTE,-20.23433992369979,-47.79162875342562,QUEDA,QUEDA-RIBANCEIRA/OAE,IMPRUD. CONDUTOR-DORMIR AO VOLANTE,2,0,0,0,BURITIZAL,FRANCA,RIBEIRÃO PRETO,ESTADUAL,0.0,0.0,0.0,0.0,0.0,0.0,0.0,0.0,0.0,0.0,1.0,0.0,0.0,0.0,0.0,0.0
2026-01-22T00:00:00,15:42:59,L06-INTERVIAS,SP330,238.112,NORTE,-21.77237389,-47.54267341,CHOQUE,CHOQUE-ELEMENTO DE DRENAGEM,IMPRUD. CONDUTOR-PERDA DE CONTROLE,1,0,0,0,SANTA RITA DO PASSA QUATRO,CENTRAL,RIBEIRÃO PRETO,ESTADUAL,0.0,0.0,0.0,0.0,1.0,0.0,0.0,0.0,0.0,0.0,0.0,0.0,0.0,0.0,0.0,0.0
2026-01-22T00:00:00,18:38:28,L01-AUTOBAN,SPM330D,91.6,NORTE,-22.938213465042,-47.069449326157,ENGAVETAMENTO,ENGAVETAMENTO,NÃO INFORMADO,0,0,0,0,CAMPINAS,CAMPINAS,CAMPINAS,ESTADUAL,3.0,0.0,0.0,0.0,0.0,0.0,0.0,0.0,0.0,0.0,0.0,0.0,0.0,0.0,0.0,0.0
2026-01-22T00:00:00,19:08:08,L01-AUTOBAN,SP330,95.8,NORTE,-22.913099409722,-47.09992828236,CHOQUE,CHOQUE-DEFENSA/BARREIRA,NÃO INFORMADO,0,0,0,0,CAMPINAS,CAMPINAS,CAMPINAS,ESTADUAL,1.0,0.0,0.0,0.0,0.0,0.0,0.0,0.0,0.0,0.0,0.0,0.0,0.0,0.0,0.0,0.0
2026-01-22T00:00:00,22:22:05,L01-AUTOBAN,SP330,83.8,SUL,-22.999473726872,-47.032155290963,COLISÃO,COLISÃO-TRASEIRA,NÃO INFORMADO,0,0,0,0,VALINHOS,CAMPINAS,CAMPINAS,ESTADUAL,1.0,0.0,0.0,0.0,1.0,0.0,0.0,0.0,0.0,0.0,0.0,0.0,0.0,0.0,0.0,0.0
2026-01-23T00:00:00,02:18:00,L01-AUTOBAN,SP330,24.0,NORTE,-23.434539807835,-46.786286830902,COLISÃO,COLISÃO-TRASEIRA,NÃO INFORMADO,0,0,0,0,SÃO PAULO,REG. METROPOLITANA SÃO PAULO,SÃO PAULO,ESTADUAL,0.0,0.0,1.0,1.0,0.0,0.0,0.0,0.0,0.0,0.0,0.0,0.0,0.0,0.0,0.0,0.0
2026-01-23T00:00:00,06:35:01,L01-AUTOBAN,SPM330E,102.2,SUL,-22.867189017792,-47.133833178558,TOMBAMENTO,TOMBAMENTO-MOTO,NÃO INFORMADO,2,0,0,0,CAMPINAS,CAMPINAS,CAMPINAS,ESTADUAL,0.0,0.0,1.0,0.0,0.0,0.0,0.0,0.0,0.0,0.0,0.0,0.0,0.0,0.0,0.0,0.0
2026-01-23T00:00:00,08:02:40,L01-AUTOBAN,SP330,61.7,SUL,-23.170761436886,-46.924240893202,COLISÃO,COLISÃO-TRASEIRA,NÃO INFORMADO,4,0,0,0,JUNDIAÍ,CAMPINAS,CAMPINAS,ESTADUAL,1.0,0.0,2.0,0.0,0.0,0.0,0.0,0.0,0.0,0.0,0.0,0.0,0.0,0.0,0.0,0.0
2026-01-23T00:00:00,09:26:30,L01-AUTOBAN,SP330,107.5,SUL,-22.836397100694,-47.174115478992,COLISÃO,CHOQUE-PRAÇA DE PEDÁGIO,NÃO INFORMADO,1,0,0,0,SUMARÉ,CAMPINAS,CAMPINAS,ESTADUAL,2.0,0.0,1.0,0.0,0.0,0.0,0.0,0.0,0.0,0.0,0.0,0.0,0.0,0.0,0.0,0.0
2026-01-23T00:00:00,10:26:43,L01-AUTOBAN,SP330,108.0,SUL,-22.832926456389,-47.177379727364,COLISÃO,CHOQUE-PRAÇA DE PEDÁGIO,NÃO INFORMADO,0,0,1,0,SUMARÉ,CAMPINAS,CAMPINAS,ESTADUAL,1.0,0.0,1.0,0.0,0.0,0.0,0.0,0.0,0.0,0.0,0.0,0.0,0.0,0.0,0.0,0.0
2026-01-23T00:00:00,15:35:09,L01-AUTOBAN,SPM330E,18.0,SUL,-23.482190300948,-46.771175265312,TOMBAMENTO,TOMBAMENTO-MOTO,NÃO INFORMADO,1,0,0,1,OSASCO,REG. METROPOLITANA SÃO PAULO,SÃO PAULO,ESTADUAL,0.0,0.0,1.0,0.0,1.0,0.0,0.0,0.0,0.0,0.0,0.0,0.0,0.0,0.0,0.0,0.0
2026-01-23T00:00:00,17:09:35,L01-AUTOBAN,SPM330E,56.0,SUL,-23.21105334627,-46.891804933548,COLISÃO,COLISÃO-TRASEIRA,NÃO INFORMADO,0,0,1,0,JUNDIAÍ,CAMPINAS,CAMPINAS,ESTADUAL,1.0,0.0,1.0,0.0,0.0,0.0,0.0,0.0,0.0,0.0,0.0,0.0,0.0,0.0,0.0,0.0
2026-01-23T00:00:00,18:58:41,L01-AUTOBAN,SPM330D,108.0,NORTE,-22.832585315555,-47.17717051506,CHOQUE,CHOQUE-VEÍCULO PARADO NO ACOSTAMENTO,NÃO INFORMADO,1,0,0,0,SUMARÉ,CAMPINAS,CAMPINAS,ESTADUAL,1.0,0.0,1.0,0.0,0.0,0.0,0.0,0.0,0.0,0.0,0.0,0.0,0.0,0.0,0.0,0.0
2026-01-23T00:00:00,20:54:59,L01-AUTOBAN,SPM330E,56.0,SUL,-23.21105334627,-46.891804933548,COLISÃO,COLISÃO-LATERAL,NÃO INFORMADO,0,0,0,0,JUNDIAÍ,CAMPINAS,CAMPINAS,ESTADUAL,1.0,0.0,0.0,0.0,0.0,0.0,0.0,0.0,0.0,0.0,0.0,0.0,0.0,0.0,0.0,0.0
2026-01-23T00:00:00,23:01:37,L06-INTERVIAS,SP330,190.8,NORTE,-22.16792823,-47.39917019,CHOQUE,CHOQUE-OBJETO NA PISTA,OBJETO NA PISTA,0,0,0,0,LEME,CAMPINAS,RIO CLARO,ESTADUAL,0.0,0.0,0.0,1.0,0.0,0.0,0.0,0.0,0.0,0.0,0.0,0.0,0.0,0.0,0.0,0.0
2026-01-24T00:00:00,00:08:20,L01-AUTOBAN,SPM330D,56.0,NORTE,-23.210900509412,-46.891751289368,CHOQUE,CHOQUE-TALUDE/BARRANCO,NÃO INFORMADO,0,1,0,0,JUNDIAÍ,CAMPINAS,CAMPINAS,ESTADUAL,1.0,0.0,0.0,0.0,0.0,0.0,0.0,0.0,0.0,0.0,0.0,0.0,0.0,0.0,0.0,0.0
2026-01-24T00:00:00,01:19:41,L01-AUTOBAN,SP330,59.0,SUL,-23.189008521881,-46.906793117523,TOMBAMENTO,TOMBAMENTO-MOTO,NÃO INFORMADO,0,0,0,0,JUNDIAÍ,CAMPINAS,CAMPINAS,ESTADUAL,0.0,0.0,1.0,0.0,0.0,0.0,0.0,0.0,0.0,0.0,0.0,0.0,0.0,0.0,0.0,0.0
2026-01-24T00:00:00,04:27:44,L29-VIAPAULISTA,SP330,310.31,SUL,-21.18108617,-47.7570263,TOMBAMENTO,TOMBAMENTO,IMPRUD. CONDUTOR-DORMIR AO VOLANTE,0,0,0,0,RIBEIRÃO PRETO,RIBEIRÃO PRETO,RIBEIRÃO PRETO,ESTADUAL,0.0,0.0,0.0,0.0,1.0,0.0,0.0,0.0,0.0,0.0,0.0,0.0,0.0,0.0,0.0,0.0
2026-01-24T00:00:00,05:05:44,L01-AUTOBAN,SP330,92.0,SUL,-22.935126302733,-47.071105241776,CAPOTAMENTO,CAPOTAMENTO,NÃO INFORMADO,1,0,0,0,CAMPINAS,CAMPINAS,CAMPINAS,ESTADUAL,1.0,0.0,0.0,0.0,0.0,0.0,0.0,0.0,0.0,0.0,0.0,0.0,0.0,0.0,0.0,0.0
2026-01-24T00:00:00,07:23:55,L01-AUTOBAN,SPM330D,109.0,NORTE,-22.827374159413,-47.183876037598,COLISÃO,COLISÃO-TRASEIRA,NÃO INFORMADO,1,0,0,0,SUMARÉ,CAMPINAS,CAMPINAS,ESTADUAL,2.0,0.0,0.0,0.0,0.0,0.0,0.0,0.0,0.0,0.0,0.0,0.0,0.0,0.0,0.0,0.0
2026-01-24T00:00:00,07:25:17,L29-VIAPAULISTA,SP330,275.617,NORTE,-21.45818293,-47.64431123,CHOQUE,CHOQUE-DEFENSA/BARREIRA,IMPRUD. CONDUTOR-PERDA DE CONTROLE,0,0,0,0,SÃO SIMÃO,RIBEIRÃO PRETO,RIBEIRÃO PRETO,ESTADUAL,1.0,0.0,0.0,0.0,0.0,0.0,0.0,0.0,0.0,0.0,0.0,0.0,0.0,0.0,0.0,0.0
2026-01-24T00:00:00,10:47:10,L29-VIAPAULISTA,SP330,291.0,NORTE,-21.34778925,-47.72402795,COLISÃO,COLISÃO-TRASEIRA,IMPRUD. CONDUTOR-DORMIR AO VOLANTE,4,0,0,0,CRAVINHOS,RIBEIRÃO PRETO,RIBEIRÃO PRETO,ESTADUAL,1.0,0.0,0.0,0.0,1.0,0.0,0.0,0.0,0.0,0.0,0.0,0.0,0.0,0.0,0.0,0.0
2026-01-24T00:00:00,10:48:39,L01-AUTOBAN,SP330,81.0,SUL,-23.021683043135,-47.0179438591,TOMBAMENTO,TOMBAMENTO-MOTO,NÃO INFORMADO,1,0,0,0,VALINHOS,CAMPINAS,CAMPINAS,ESTADUAL,0.0,0.0,1.0,0.0,0.0,0.0,0.0,0.0,0.0,0.0,0.0,0.0,0.0,0.0,0.0,0.0
2026-01-24T00:00:00,18:17:14,L01-AUTOBAN,SP330,60.0,SUL,-23.181167952022,-46.911588907242,COLISÃO,COLISÃO-TRASEIRA,NÃO INFORMADO,2,0,0,0,JUNDIAÍ,CAMPINAS,CAMPINAS,ESTADUAL,0.0,1.0,1.0,0.0,0.0,0.0,0.0,0.0,0.0,0.0,0.0,0.0,0.0,0.0,0.0,0.0
2026-01-24T00:00:00,19:34:26,L06-INTERVIAS,SP330,198.641,SUL,-22.09948127,-47.41575632,CAPOTAMENTO,CAPOTAMENTO,IMPRUD. CONDUTOR-PERDA DE CONTROLE,1,0,0,0,SANTA CRUZ DA CONCEIÇÃO,CAMPINAS,RIO CLARO,ESTADUAL,2.0,0.0,0.0,0.0,0.0,0.0,0.0,0.0,0.0,0.0,0.0,0.0,0.0,0.0,0.0,0.0
2026-01-25T00:00:00,00:13:20,L01-AUTOBAN,SP330,98.0,SUL,-22.896245165998,-47.110952138901,CHOQUE,CHOQUE-DEFENSA/BARREIRA,NÃO INFORMADO,0,1,0,0,CAMPINAS,CAMPINAS,CAMPINAS,ESTADUAL,0.0,0.0,1.0,0.0,0.0,0.0,0.0,0.0,0.0,0.0,0.0,0.0,0.0,0.0,0.0,0.0
2026-01-25T00:00:00,00:39:07,L06-INTERVIAS,SP330,239.0,SUL,-21.76748096,-47.54945679,ATROPELAMENTO DE ANIMAL,ATROP. ANIMAL-OUTROS,ANIMAL NA RODOVIA,0,0,0,0,SANTA RITA DO PASSA QUATRO,CENTRAL,RIBEIRÃO PRETO,ESTADUAL,1.0,0.0,0.0,0.0,0.0,0.0,0.0,0.0,0.0,0.0,0.0,0.0,0.0,0.0,0.0,0.0
2026-01-25T00:00:00,01:14:37,L01-AUTOBAN,SP330,127.0,SUL,-22.711381818434,-47.297918200493,ATROPELAMENTO DE ANIMAL,ATROP. ANIMAL-OUTROS,NÃO INFORMADO,0,0,0,0,AMERICANA,CAMPINAS,RIO CLARO,ESTADUAL,1.0,0.0,0.0,0.0,0.0,0.0,0.0,0.0,0.0,0.0,0.0,0.0,0.0,0.0,0.0,0.0
2026-01-25T00:00:00,05:12:43,L01-AUTOBAN,SP330,96.0,NORTE,-22.911450110385,-47.101403474808,COLISÃO,COLISÃO-TRASEIRA,NÃO INFORMADO,0,0,1,0,CAMPINAS,CAMPINAS,CAMPINAS,ESTADUAL,0.0,0.0,1.0,0.0,1.0,0.0,0.0,0.0,0.0,0.0,0.0,0.0,0.0,0.0,0.0,0.0
2026-01-25T00:00:00,10:31:49,L01-AUTOBAN,SP330,131.0,NORTE,-22.678965513198,-47.310690879822,ENGAVETAMENTO,ENGAVETAMENTO,NÃO INFORMADO,1,0,2,0,LIMEIRA,CAMPINAS,RIO CLARO,ESTADUAL,0.0,0.0,1.0,1.0,1.0,0.0,0.0,0.0,0.0,0.0,0.0,0.0,0.0,0.0,0.0,0.0
2026-01-25T00:00:00,17:31:36,L06-INTERVIAS,SP330,226.273,SUL,-21.86070169,-47.49280133,CHOQUE,CHOQUE-DEFENSA/BARREIRA,IMPRUD. CONDUTOR-PERDA DE CONTROLE,2,0,0,0,PORTO FERREIRA,CENTRAL,RIO CLARO,ESTADUAL,1.0,0.0,0.0,0.0,0.0,0.0,0.0,0.0,0.0,0.0,0.0,0.0,0.0,0.0,0.0,0.0
2026-01-25T00:00:00,19:05:56,L01-AUTOBAN,SPM330E,97.0,SUL,-22.904379059715,-47.107846140862,CHOQUE,CHOQUE-DEFENSA/BARREIRA,NÃO INFORMADO,0,0,0,0,CAMPINAS,CAMPINAS,CAMPINAS,ESTADUAL,1.0,0.0,0.0,0.0,0.0,0.0,0.0,0.0,0.0,0.0,0.0,0.0,0.0,0.0,0.0,0.0
2026-01-25T00:00:00,19:54:08,L01-AUTOBAN,SP330,80.0,NORTE,-23.028639349238,-47.013142704964,COLISÃO,COLISÃO-LATERAL,NÃO INFORMADO,0,0,0,0,VINHEDO,CAMPINAS,CAMPINAS,ESTADUAL,1.0,1.0,0.0,0.0,0.0,0.0,0.0,0.0,0.0,0.0,0.0,0.0,0.0,0.0,0.0,0.0
2026-01-25T00:00:00,21:07:35,L29-VIAPAULISTA,SP330,250.138,NORTE,-21.6829896,-47.60222679,COLISÃO,COLISÃO-TRASEIRA,IMPRUD. CONDUTOR,0,0,0,0,SANTA RITA DO PASSA QUATRO,CENTRAL,RIBEIRÃO PRETO,ESTADUAL,0.0,0.0,0.0,0.0,2.0,0.0,0.0,0.0,0.0,0.0,0.0,0.0,0.0,0.0,0.0,0.0
2026-01-25T00:00:00,21:58:35,L01-AUTOBAN,SPM330D,88.0,NORTE,-22.965901139987,-47.053429484367,CHOQUE,CHOQUE-ELEMENTO DE DRENAGEM,NÃO INFORMADO,0,0,0,0,CAMPINAS,CAMPINAS,CAMPINAS,ESTADUAL,1.0,0.0,0.0,0.0,0.0,0.0,0.0,0.0,0.0,0.0,0.0,0.0,0.0,0.0,0.0,0.0
2026-01-26T00:00:00,06:53:35,L01-AUTOBAN,SPM330E,96.5,SUL,-22.908087527051,-47.104616761208,TOMBAMENTO,TOMBAMENTO-MOTO,NÃO INFORMADO,1,0,0,0,CAMPINAS,CAMPINAS,CAMPINAS,ESTADUAL,0.0,0.0,1.0,0.0,0.0,0.0,0.0,0.0,0.0,0.0,0.0,0.0,0.0,0.0,0.0,0.0
2026-01-26T00:00:00,07:28:27,L01-AUTOBAN,SP330,61.0,NORTE,-23.175294620401,-46.918331980705,COLISÃO,COLISÃO-TRASEIRA,NÃO INFORMADO,2,0,0,0,JUNDIAÍ,CAMPINAS,CAMPINAS,ESTADUAL,0.0,0.0,2.0,1.0,0.0,0.0,0.0,0.0,0.0,0.0,0.0,0.0,0.0,0.0,0.0,0.0
2026-01-26T00:00:00,08:03:26,L01-AUTOBAN,SP330,25.0,NORTE,-23.426127,-46.787542,TOMBAMENTO,TOMBAMENTO-MOTO,NÃO INFORMADO,0,0,0,0,SÃO PAULO,REG. METROPOLITANA SÃO PAULO,SÃO PAULO,ESTADUAL,0.0,0.0,1.0,0.0,0.0,0.0,0.0,0.0,0.0,0.0,0.0,0.0,0.0,0.0,0.0,0.0
2026-01-26T00:00:00,18:04:01,L29-VIAPAULISTA,SP330,317.0,SUL,-21.12372256,-47.7722362,COLISÃO,COLISÃO-LATERAL,IMPRUD. CONDUTOR,0,0,0,0,RIBEIRÃO PRETO,RIBEIRÃO PRETO,RIBEIRÃO PRETO,ESTADUAL,1.0,0.0,0.0,0.0,1.0,0.0,0.0,0.0,0.0,0.0,0.0,0.0,0.0,0.0,0.0,0.0
2026-01-26T00:00:00,18:18:00,L28-ENTREVIAS,SP330,319.8,NORTE,-21.10801728324018,-47.78364133703886,COLISÃO,COLISÃO-LATERAL,IMPRUD. CONDUTOR-FALTA DE ATENÇÃO,0,0,0,0,RIBEIRÃO PRETO,RIBEIRÃO PRETO,RIBEIRÃO PRETO,ESTADUAL,1.0,0.0,0.0,0.0,1.0,0.0,0.0,0.0,0.0,0.0,0.0,0.0,0.0,0.0,0.0,0.0
2026-01-26T00:00:00,19:57:20,L29-VIAPAULISTA,SP330,281.2,NORTE,-21.41259453,-47.66562748,CHOQUE,CHOQUE-VEÍCULO PARADO NO ACOSTAMENTO,IMPRUD. CONDUTOR,0,0,0,0,SÃO SIMÃO,RIBEIRÃO PRETO,RIBEIRÃO PRETO,ESTADUAL,0.0,0.0,0.0,0.0,2.0,0.0,0.0,0.0,0.0,0.0,0.0,0.0,0.0,0.0,0.0,0.0
2026-01-27T00:00:00,07:17:02,L29-VIAPAULISTA,SP330,308.358,SUL,-21.19832949,-47.75794809,COLISÃO,COLISÃO-TRASEIRA,IMPRUD. CONDUTOR-DIST. INADEQUADA ENTRE VEÍC.,0,1,0,0,RIBEIRÃO PRETO,RIBEIRÃO PRETO,RIBEIRÃO PRETO,ESTADUAL,1.0,0.0,1.0,0.0,0.0,0.0,0.0,0.0,0.0,0.0,0.0,0.0,0.0,0.0,0.0,0.0
2026-01-27T00:00:00,07:26:08,L01-AUTOBAN,SPM330E,107.8,SUL,-22.834314692928,-47.176074047938,ENGAVETAMENTO,ENGAVETAMENTO,NÃO INFORMADO,2,0,0,0,SUMARÉ,CAMPINAS,CAMPINAS,ESTADUAL,3.0,0.0,0.0,0.0,0.0,0.0,0.0,0.0,0.0,0.0,0.0,0.0,0.0,0.0,0.0,0.0
2026-01-27T00:00:00,07:27:29,L29-VIAPAULISTA,SP330,308.358,SUL,-21.19832949,-47.75794809,COLISÃO,COLISÃO-LATERAL,IMPRUD. CONDUTOR-MUDANÇA DE FAIXA,0,0,0,0,RIBEIRÃO PRETO,RIBEIRÃO PRETO,RIBEIRÃO PRETO,ESTADUAL,1.0,0.0,0.0,0.0,1.0,0.0,0.0,0.0,0.0,0.0,0.0,0.0,0.0,0.0,0.0,0.0
2026-01-27T00:00:00,07:29:41,L01-AUTOBAN,SP330,64.9,SUL,-23.145531912344,-46.939100867394,COLISÃO,COLISÃO-LATERAL,NÃO INFORMADO,0,1,0,0,JUNDIAÍ,CAMPINAS,CAMPINAS,ESTADUAL,1.0,0.0,1.0,0.0,0.0,0.0,0.0,0.0,0.0,0.0,0.0,0.0,0.0,0.0,0.0,0.0
2026-01-27T00:00:00,07:31:09,L01-AUTOBAN,SP330,136.0,SUL,-22.638337,-47.330187,CHOQUE,CHOQUE-OBJETO NA PISTA,NÃO INFORMADO,0,0,0,0,LIMEIRA,CAMPINAS,RIO CLARO,ESTADUAL,1.0,0.0,0.0,1.0,0.0,0.0,0.0,0.0,0.0,0.0,0.0,0.0,0.0,0.0,0.0,0.0
2026-01-27T00:00:00,08:05:28,L01-AUTOBAN,SP330,137.2,SUL,-22.629582977359,-47.33797965494,ENGAVETAMENTO,ENGAVETAMENTO,NÃO INFORMADO,0,0,0,0,LIMEIRA,CAMPINAS,RIO CLARO,ESTADUAL,1.0,1.0,0.0,1.0,1.0,0.0,0.0,0.0,0.0,0.0,0.0,0.0,0.0,0.0,0.0,0.0
2026-01-27T00:00:00,15:18:49,L28-ENTREVIAS,SP330,406.45,NORTE,-20.36974714698484,-47.81491227472867,QUEDA,CHOQUE-OAE (PONTE/VIADUTO),ESTOURO/FURO DE PNEU,0,0,1,0,ITUVERAVA,FRANCA,RIBEIRÃO PRETO,ESTADUAL,0.0,0.0,0.0,0.0,0.0,0.0,0.0,0.0,0.0,0.0,1.0,0.0,0.0,0.0,0.0,0.0
2026-01-27T00:00:00,16:00:55,L01-AUTOBAN,SP330,107.0,SUL,-22.839867744999,-47.170851230621,COLISÃO,CHOQUE-PRAÇA DE PEDÁGIO,NÃO INFORMADO,0,2,0,0,SUMARÉ,CAMPINAS,CAMPINAS,ESTADUAL,0.0,0.0,1.0,1.0,0.0,0.0,0.0,0.0,0.0,0.0,0.0,0.0,0.0,0.0,0.0,0.0
2026-01-27T00:00:00,16:07:24,L06-INTERVIAS,SP330,163.5,SUL,-22.41171541,-47.39028411,CHOQUE,CHOQUE-VEÍCULO PARADO NO ACOSTAMENTO,IMPRUD. CONDUTOR,0,0,0,0,ARARAS,CAMPINAS,RIO CLARO,ESTADUAL,1.0,0.0,0.0,0.0,1.0,0.0,0.0,0.0,0.0,0.0,0.0,0.0,0.0,0.0,0.0,0.0
2026-01-27T00:00:00,16:33:28,L01-AUTOBAN,SP330,73.0,SUL,-23.082623671372,-46.978075504303,COLISÃO,COLISÃO-LATERAL,NÃO INFORMADO,0,0,0,0,LOUVEIRA,CAMPINAS,CAMPINAS,ESTADUAL,1.0,0.0,0.0,1.0,0.0,0.0,0.0,0.0,0.0,0.0,0.0,0.0,0.0,0.0,0.0,0.0
2026-01-27T00:00:00,16:38:39,L29-VIAPAULISTA,SP330,275.138,NORTE,-21.46233858,-47.64294431,COLISÃO,COLISÃO-LATERAL,IMPRUD. CONDUTOR,0,0,0,0,SÃO SIMÃO,RIBEIRÃO PRETO,RIBEIRÃO PRETO,ESTADUAL,1.0,0.0,0.0,0.0,1.0,0.0,0.0,0.0,0.0,0.0,0.0,0.0,0.0,0.0,0.0,0.0
2026-01-27T00:00:00,18:52:25,L01-AUTOBAN,SPM330D,99.6,NORTE,-22.883291168262,-47.11585091884,COLISÃO,COLISÃO-TRASEIRA,NÃO INFORMADO,0,1,0,0,CAMPINAS,CAMPINAS,CAMPINAS,ESTADUAL,0.0,0.0,1.0,1.0,0.0,0.0,0.0,0.0,0.0,0.0,0.0,0.0,0.0,0.0,0.0,0.0
2026-01-27T00:00:00,21:03:42,L01-AUTOBAN,SP330,133.0,SUL,-22.66328,-47.318803,CHOQUE,CHOQUE-OBJETO NA PISTA,NÃO INFORMADO,1,0,0,0,LIMEIRA,CAMPINAS,RIO CLARO,ESTADUAL,0.0,1.0,1.0,0.0,1.0,0.0,0.0,0.0,0.0,0.0,0.0,0.0,0.0,0.0,0.0,0.0
2026-01-27T00:00:00,22:09:28,L01-AUTOBAN,SPM330D,52.8,NORTE,-23.232528056574,-46.872158009712,CAPOTAMENTO,CAPOTAMENTO,NÃO INFORMADO,0,0,0,0,JUNDIAÍ,CAMPINAS,CAMPINAS,ESTADUAL,1.0,0.0,0.0,0.0,0.0,0.0,0.0,0.0,0.0,0.0,0.0,0.0,0.0,0.0,0.0,0.0
2026-01-28T00:00:00,06:13:13,L01-AUTOBAN,SPM330E,11.46,SUL,-23.51053885599,-46.728948396714,CHOQUE,CHOQUE-DEFENSA/BARREIRA,NÃO INFORMADO,0,0,0,0,SÃO PAULO,NÃO INFORMADO,NÃO INFORMADO,NÃO INFORMADO,1.0,0.0,0.0,0.0,0.0,0.0,0.0,0.0,0.0,0.0,0.0,0.0,0.0,0.0,0.0,0.0
2026-01-28T00:00:00,08:13:04,L01-AUTOBAN,SPM330D,18.5,NORTE,-23.478064611931,-46.771784126759,COLISÃO,COLISÃO-TRASEIRA,NÃO INFORMADO,1,0,0,0,OSASCO,REG. METROPOLITANA SÃO PAULO,SÃO PAULO,ESTADUAL,1.0,1.0,0.0,0.0,0.0,0.0,0.0,0.0,0.0,0.0,0.0,0.0,0.0,0.0,0.0,0.0
2026-01-28T00:00:00,17:36:43,L29-VIAPAULISTA,SPA307/330,0.1,LESTE,-21.20576246,-47.75844157,CHOQUE,CHOQUE-DEFENSA/BARREIRA,IMPRUD. CONDUTOR-PERDA DE CONTROLE,0,0,0,0,RIBEIRÃO PRETO,RIBEIRÃO PRETO,RIBEIRÃO PRETO,ESTADUAL,1.0,0.0,0.0,0.0,0.0,0.0,0.0,0.0,0.0,0.0,0.0,0.0,0.0,0.0,0.0,0.0
2026-01-28T00:00:00,18:02:42,L01-AUTOBAN,SPM330D,106.0,NORTE,-22.846507,-47.164055,COLISÃO,COLISÃO-LATERAL,NÃO INFORMADO,0,1,0,0,SUMARÉ,CAMPINAS,CAMPINAS,ESTADUAL,0.0,0.0,1.0,0.0,1.0,0.0,0.0,0.0,0.0,0.0,0.0,0.0,0.0,0.0,0.0,0.0
2026-01-28T00:00:00,19:54:49,L01-AUTOBAN,SP330,30.0,SUL,-23.405300286201,-46.828966140747,COLISÃO,COLISÃO-FRONTAL,NÃO INFORMADO,0,0,0,0,CAJAMAR,REG. METROPOLITANA SÃO PAULO,SÃO PAULO,ESTADUAL,2.0,0.0,0.0,0.0,0.0,0.0,0.0,0.0,0.0,0.0,0.0,0.0,0.0,0.0,0.0,0.0
2026-01-28T00:00:00,23:25:21,L01-AUTOBAN,SPM330D,105.0,NORTE,-22.8517126019,-47.156737446785,COLISÃO,COLISÃO-TRASEIRA,NÃO INFORMADO,2,0,0,0,CAMPINAS,CAMPINAS,CAMPINAS,ESTADUAL,1.0,1.0,1.0,0.0,0.0,0.0,0.0,0.0,0.0,0.0,0.0,0.0,0.0,0.0,0.0,0.0
2026-01-29T00:00:00,00:46:22,L01-AUTOBAN,SP330,59.95,NORTE,-23.181396747887,-46.91121554748,TOMBAMENTO,TOMBAMENTO-MOTO,NÃO INFORMADO,1,0,0,0,JUNDIAÍ,CAMPINAS,CAMPINAS,ESTADUAL,0.0,0.0,1.0,0.0,0.0,0.0,0.0,0.0,0.0,0.0,0.0,0.0,0.0,0.0,0.0,0.0
2026-01-29T00:00:00,04:14:40,L01-AUTOBAN,SPI102/330,5.5,SUL,-22.907909247952,-47.137224936662,COLISÃO,COLISÃO-LATERAL,NÃO INFORMADO,0,0,0,0,CAMPINAS,CAMPINAS,CAMPINAS,ESTADUAL,1.0,0.0,0.0,0.0,2.0,0.0,0.0,0.0,0.0,0.0,0.0,0.0,0.0,0.0,0.0,0.0
2026-01-29T00:00:00,05:41:00,L28-ENTREVIAS,SP330,434.9,NORTE,-20.12271128271554,-47.79132035125366,CHOQUE,CHOQUE-ÁRVORE,IMPRUD. CONDUTOR-DORMIR AO VOLANTE,0,0,0,0,ARAMINA,FRANCA,RIBEIRÃO PRETO,ESTADUAL,1.0,0.0,0.0,0.0,0.0,0.0,0.0,0.0,0.0,0.0,0.0,0.0,0.0,0.0,0.0,0.0
2026-01-29T00:00:00,07:02:38,L01-AUTOBAN,SPM330D,95.0,NORTE,-22.919696732904,-47.094027400017,ENGAVETAMENTO,ENGAVETAMENTO,NÃO INFORMADO,1,0,0,0,CAMPINAS,CAMPINAS,CAMPINAS,ESTADUAL,3.0,0.0,0.0,0.0,0.0,0.0,0.0,0.0,0.0,0.0,0.0,0.0,0.0,0.0,0.0,0.0
2026-01-29T00:00:00,09:22:20,L06-INTERVIAS,SP330,231.0,SUL,-21.81839769,-47.49672969,TOMBAMENTO,TOMBAMENTO,ESTOURO/FURO DE PNEU,0,0,0,0,PORTO FERREIRA,CENTRAL,RIO CLARO,ESTADUAL,0.0,0.0,0.0,0.0,1.0,0.0,0.0,0.0,0.0,0.0,0.0,0.0,0.0,0.0,0.0,0.0
2026-01-29T00:00:00,09:48:27,L29-VIAPAULISTA,SP330,265.582,SUL,-21.54805311,-47.63896581,COLISÃO,COLISÃO-TRASEIRA,IMPRUD. CONDUTOR-DORMIR AO VOLANTE,0,1,0,0,SÃO SIMÃO,RIBEIRÃO PRETO,RIBEIRÃO PRETO,ESTADUAL,0.0,0.0,0.0,0.0,2.0,0.0,0.0,0.0,0.0,0.0,0.0,0.0,0.0,0.0,0.0,0.0
2026-01-29T00:00:00,14:21:46,L01-AUTOBAN,SP330,95.6,NORTE,-22.914748771976,-47.098453033636,COLISÃO,COLISÃO-LATERAL,NÃO INFORMADO,0,1,0,0,CAMPINAS,CAMPINAS,CAMPINAS,ESTADUAL,1.0,0.0,1.0,0.0,0.0,0.0,0.0,0.0,0.0,0.0,0.0,0.0,0.0,0.0,0.0,0.0
2026-01-29T00:00:00,16:34:00,L28-ENTREVIAS,SP330,385.35,NORTE,-20.55283398330108,-47.86136876572749,CHOQUE,CHOQUE-ELEMENTO DE DRENAGEM,IMPRUD. CONDUTOR-PERDA DE CONTROLE,0,0,0,0,SÃO JOAQUIM DA BARRA,FRANCA,RIBEIRÃO PRETO,ESTADUAL,1.0,0.0,0.0,0.0,0.0,0.0,0.0,0.0,0.0,0.0,0.0,0.0,0.0,0.0,0.0,0.0
2026-01-29T00:00:00,17:14:39,L01-AUTOBAN,SP330,17.0,SUL,-23.48999344107,-46.767071485519,ENGAVETAMENTO,ENGAVETAMENTO,NÃO INFORMADO,1,0,0,0,SÃO PAULO,REG. METROPOLITANA SÃO PAULO,SÃO PAULO,ESTADUAL,2.0,0.0,0.0,1.0,0.0,0.0,0.0,0.0,0.0,0.0,0.0,0.0,0.0,0.0,0.0,0.0
2026-01-29T00:00:00,22:15:54,L01-AUTOBAN,SPM330D,59.0,NORTE,-23.188929625353,-46.906567811966,CHOQUE,CHOQUE-DEFENSA/BARREIRA,NÃO INFORMADO,0,0,0,0,JUNDIAÍ,CAMPINAS,CAMPINAS,ESTADUAL,1.0,0.0,0.0,0.0,0.0,0.0,0.0,0.0,0.0,0.0,0.0,0.0,0.0,0.0,0.0,0.0
2026-01-29T00:00:00,22:24:27,L01-AUTOBAN,SP330,119.0,NORTE,-22.763217100847,-47.247782349587,CHOQUE,CHOQUE-OBJETO NA PISTA,NÃO INFORMADO,0,0,0,0,NOVA ODESSA,CAMPINAS,RIO CLARO,ESTADUAL,1.0,0.0,0.0,0.0,0.0,0.0,0.0,0.0,0.0,0.0,0.0,0.0,0.0,0.0,0.0,0.0
2026-01-29T00:00:00,22:35:50,L01-AUTOBAN,SP330,119.0,NORTE,-22.763217100847,-47.247782349587,CHOQUE,CHOQUE-OBJETO NA PISTA,NÃO INFORMADO,0,0,0,0,NOVA ODESSA,CAMPINAS,RIO CLARO,ESTADUAL,1.0,0.0,0.0,0.0,0.0,0.0,0.0,0.0,0.0,0.0,0.0,0.0,0.0,0.0,0.0,0.0
2026-01-30T00:00:00,00:19:26,L29-VIAPAULISTA,SPA307/330,0.1,OESTE,-21.20565411,-47.75833171,CHOQUE,CHOQUE-ELEMENTO DE DRENAGEM,CONDIÇÃO CLIMÁTICA,0,0,0,0,RIBEIRÃO PRETO,RIBEIRÃO PRETO,RIBEIRÃO PRETO,ESTADUAL,1.0,0.0,0.0,0.0,0.0,0.0,0.0,0.0,0.0,0.0,0.0,0.0,0.0,0.0,0.0,0.0
2026-01-30T00:00:00,00:47:00,L28-ENTREVIAS,SP330,340.17,NORTE,-20.91053539603357,-47.88929040503906,CHOQUE,CHOQUE-ELEMENTO DE DRENAGEM,IMPRUD. CONDUTOR-PERDA DE CONTROLE,0,0,0,0,JARDINÓPOLIS,RIBEIRÃO PRETO,RIBEIRÃO PRETO,ESTADUAL,1.0,0.0,0.0,0.0,0.0,0.0,0.0,0.0,0.0,0.0,0.0,0.0,0.0,0.0,0.0,0.0
2026-01-30T00:00:00,01:55:13,L06-INTERVIAS,SP330,230.6,SUL,-21.82196164,-47.49622751,CHOQUE,CHOQUE-OUTROS,PAVIMENTO RUIM/IRREGULAR,0,0,0,0,PORTO FERREIRA,CENTRAL,RIO CLARO,ESTADUAL,1.0,0.0,0.0,0.0,0.0,0.0,0.0,0.0,0.0,0.0,0.0,0.0,0.0,0.0,0.0,0.0
2026-01-30T00:00:00,05:24:57,L28-ENTREVIAS,SPA327/330,1.2,OESTE,-21.0441354884772,-47.81212116612976,CHOQUE,CHOQUE-DEFENSA/BARREIRA,PISTA MOLHADA,1,0,0,0,JARDINÓPOLIS,RIBEIRÃO PRETO,RIBEIRÃO PRETO,ESTADUAL,1.0,0.0,0.0,0.0,0.0,0.0,0.0,0.0,0.0,0.0,0.0,0.0,0.0,0.0,0.0,0.0
2026-01-30T00:00:00,06:44:14,L06-INTERVIAS,SP330,224.5,SUL,-21.87595456,-47.48760826,TOMBAMENTO,TOMBAMENTO,IMPRUD. CONDUTOR-PERDA DE CONTROLE,1,0,0,0,PORTO FERREIRA,CENTRAL,RIO CLARO,ESTADUAL,0.0,0.0,0.0,0.0,1.0,0.0,0.0,0.0,0.0,0.0,0.0,0.0,0.0,0.0,0.0,0.0
2026-01-30T00:00:00,06:46:00,L28-ENTREVIAS,SP330,339.2,SUL,-20.97051768229229,-47.86534655511598,COLISÃO,COLISÃO-TRASEIRA,IMPRUD. CONDUTOR-DORMIR AO VOLANTE,0,0,0,0,JARDINÓPOLIS,RIBEIRÃO PRETO,RIBEIRÃO PRETO,ESTADUAL,0.0,0.0,0.0,0.0,1.0,0.0,0.0,0.0,0.0,0.0,1.0,0.0,0.0,0.0,0.0,0.0
2026-01-30T00:00:00,06:47:47,L01-AUTOBAN,SPM330D,52.0,NORTE,-23.240084246841,-46.868990063667,CHOQUE,CHOQUE-OBJETO NA PISTA,NÃO INFORMADO,0,0,0,0,JUNDIAÍ,CAMPINAS,CAMPINAS,ESTADUAL,0.0,0.0,1.0,0.0,0.0,0.0,0.0,0.0,0.0,0.0,0.0,0.0,0.0,0.0,0.0,0.0
2026-01-30T00:00:00,07:28:27,L01-AUTOBAN,SP330,125.0,NORTE,-22.728274847666,-47.291845679283,CHOQUE,CHOQUE-DEFENSA/BARREIRA,NÃO INFORMADO,1,0,0,0,AMERICANA,CAMPINAS,RIO CLARO,ESTADUAL,1.0,0.0,0.0,0.0,0.0,0.0,0.0,0.0,0.0,0.0,0.0,0.0,0.0,0.0,0.0,0.0
2026-01-30T00:00:00,09:36:40,L01-AUTOBAN,SP330,110.4,NORTE,-22.82068635225,-47.196182026678,COLISÃO,COLISÃO-TRASEIRA,NÃO INFORMADO,0,0,0,0,SUMARÉ,CAMPINAS,CAMPINAS,ESTADUAL,1.0,0.0,0.0,0.0,1.0,0.0,0.0,0.0,0.0,0.0,0.0,0.0,0.0,0.0,0.0,0.0
2026-01-30T00:00:00,10:42:28,L01-AUTOBAN,SP330,98.0,SUL,-22.896245165998,-47.110952138901,CHOQUE,CHOQUE-DEFENSA/BARREIRA,NÃO INFORMADO,0,0,0,0,CAMPINAS,CAMPINAS,CAMPINAS,ESTADUAL,1.0,0.0,0.0,0.0,0.0,0.0,0.0,0.0,0.0,0.0,0.0,0.0,0.0,0.0,0.0,0.0
2026-01-30T00:00:00,12:08:18,L29-VIAPAULISTA,SP330,296.15,SUL,-21.30461072,-47.74034205,CHOQUE,CHOQUE-DEFENSA/BARREIRA,IMPRUD. CONDUTOR-LEVOU FECHADA,0,0,0,0,CRAVINHOS,RIBEIRÃO PRETO,RIBEIRÃO PRETO,ESTADUAL,1.0,0.0,0.0,0.0,0.0,0.0,0.0,0.0,0.0,0.0,0.0,0.0,0.0,0.0,0.0,0.0
2026-01-30T00:00:00,12:41:00,L28-ENTREVIAS,SP330,423.85,SUL,-20.22154949732407,-47.78931132483675,CHOQUE,CHOQUE-DEFENSA/BARREIRA,IMPRUD. CONDUTOR-PERDA DE CONTROLE,0,0,0,0,BURITIZAL,FRANCA,RIBEIRÃO PRETO,ESTADUAL,0.0,0.0,0.0,0.0,0.0,0.0,0.0,0.0,0.0,0.0,1.0,0.0,0.0,0.0,0.0,0.0
2026-01-30T00:00:00,12:49:01,L06-INTERVIAS,SP330,167.4,SUL,-22.37723003,-47.39469057,CHOQUE,CHOQUE-VEÍCULO PARADO NO ACOSTAMENTO,IMPRUDÊNCIA,0,0,0,0,ARARAS,CAMPINAS,RIO CLARO,ESTADUAL,1.0,0.0,0.0,0.0,1.0,0.0,0.0,0.0,0.0,0.0,0.0,0.0,0.0,0.0,0.0,0.0
2026-01-30T00:00:00,14:02:00,L01-AUTOBAN,SP330,36.0,SUL,-23.36049320542,-46.848599910736,ENGAVETAMENTO,ENGAVETAMENTO,NÃO INFORMADO,0,0,0,0,CAJAMAR,REG. METROPOLITANA SÃO PAULO,SÃO PAULO,ESTADUAL,0.0,1.0,0.0,1.0,1.0,0.0,0.0,0.0,0.0,0.0,0.0,0.0,0.0,0.0,0.0,0.0
2026-01-30T00:00:00,15:01:00,L28-ENTREVIAS,SP330,444.9,NORTE,-20.03527164776891,-47.78079747966585,TOMBAMENTO,TOMBAMENTO-MOTO,CONDIÇÃO CLIMÁTICA,1,0,0,0,IGARAPAVA,FRANCA,RIBEIRÃO PRETO,ESTADUAL,0.0,0.0,1.0,0.0,0.0,0.0,0.0,0.0,0.0,0.0,0.0,0.0,0.0,0.0,0.0,0.0
2026-01-30T00:00:00,18:25:32,L01-AUTOBAN,SP330,53.0,SUL,-23.230945296234,-46.87306702137,COLISÃO,COLISÃO-TRASEIRA,NÃO INFORMADO,0,0,0,0,JUNDIAÍ,CAMPINAS,CAMPINAS,ESTADUAL,0.0,0.0,0.0,0.0,0.0,0.0,2.0,0.0,0.0,0.0,0.0,0.0,0.0,0.0,0.0,0.0
2026-01-30T00:00:00,18:33:59,L01-AUTOBAN,SP330,54.0,SUL,-23.223269868853,-46.877589225769,ENGAVETAMENTO,ENGAVETAMENTO,NÃO INFORMADO,0,0,0,0,JUNDIAÍ,CAMPINAS,CAMPINAS,ESTADUAL,2.0,0.0,0.0,1.0,0.0,0.0,0.0,0.0,0.0,0.0,0.0,0.0,0.0,0.0,0.0,0.0
2026-01-30T00:00:00,19:02:25,L01-AUTOBAN,SP330,42.5,SUL,-23.313838324306,-46.855294704437,ATROPELAMENTO DE PEDESTRE,ATROP. PEDESTRE-OUTROS,NÃO INFORMADO,1,1,0,0,CAJAMAR,REG. METROPOLITANA SÃO PAULO,SÃO PAULO,ESTADUAL,1.0,0.0,1.0,0.0,0.0,0.0,0.0,1.0,0.0,0.0,0.0,0.0,0.0,0.0,0.0,0.0
2026-01-30T00:00:00,20:04:11,L01-AUTOBAN,SP330,24.8,NORTE,-23.427809567985,-46.787290965223,ENGAVETAMENTO,ENGAVETAMENTO,NÃO INFORMADO,0,0,0,0,SÃO PAULO,REG. METROPOLITANA SÃO PAULO,SÃO PAULO,ESTADUAL,3.0,0.0,0.0,0.0,0.0,0.0,0.0,0.0,0.0,0.0,0.0,0.0,0.0,0.0,0.0,0.0
2026-01-30T00:00:00,21:01:00,L28-ENTREVIAS,SP330,354.1,SUL,-20.84474954370549,-47.89504702245717,CHOQUE,CHOQUE-TALUDE/BARRANCO,ESTOURO/FURO DE PNEU,0,0,0,0,SALES OLIVEIRA,FRANCA,RIBEIRÃO PRETO,ESTADUAL,1.0,0.0,0.0,0.0,0.0,0.0,0.0,0.0,0.0,0.0,0.0,0.0,0.0,0.0,0.0,0.0
2026-01-30T00:00:00,21:24:27,L01-AUTOBAN,SP330,30.0,NORTE,-23.405103365161,-46.82884812355,COLISÃO,COLISÃO-LATERAL,NÃO INFORMADO,1,0,0,0,CAJAMAR,REG. METROPOLITANA SÃO PAULO,SÃO PAULO,ESTADUAL,0.0,0.0,1.0,0.0,1.0,0.0,0.0,0.0,0.0,0.0,0.0,0.0,0.0,0.0,0.0,0.0
2026-01-30T00:00:00,22:39:51,L29-VIAPAULISTA,SP330,248.81,SUL,-21.70042305,-47.59593195,COLISÃO,COLISÃO-TRASEIRA,IMPRUD. CONDUTOR,0,0,0,0,SANTA RITA DO PASSA QUATRO,CENTRAL,RIBEIRÃO PRETO,ESTADUAL,0.0,0.0,0.0,1.0,1.0,0.0,0.0,0.0,0.0,0.0,0.0,0.0,0.0,0.0,0.0,0.0
2026-01-31T00:00:00,00:57:38,L01-AUTOBAN,SPM330D,14.0,NORTE,-23.507052,-46.749681,CHOQUE,CHOQUE-DEFENSA/BARREIRA,NÃO INFORMADO,0,0,1,0,SÃO PAULO,REG. METROPOLITANA SÃO PAULO,SÃO PAULO,ESTADUAL,0.0,0.0,1.0,0.0,0.0,0.0,0.0,0.0,0.0,0.0,0.0,0.0,0.0,0.0,0.0,0.0
2026-01-31T00:00:00,05:16:10,L29-VIAPAULISTA,SP330,310.846,NORTE,-21.17565628,-47.75665439,CHOQUE,CHOQUE-ELEMENTO DE DRENAGEM,ESTOURO/FURO DE PNEU,0,0,0,0,RIBEIRÃO PRETO,RIBEIRÃO PRETO,RIBEIRÃO PRETO,ESTADUAL,1.0,0.0,0.0,0.0,0.0,0.0,0.0,0.0,0.0,0.0,0.0,0.0,0.0,0.0,0.0,0.0
2026-01-31T00:00:00,09:10:13,L01-AUTOBAN,SP330,36.0,SUL,-23.36049320542,-46.848599910736,CHOQUE,CHOQUE-OAE (PONTE/VIADUTO),NÃO INFORMADO,0,0,0,0,CAJAMAR,REG. METROPOLITANA SÃO PAULO,SÃO PAULO,ESTADUAL,0.0,0.0,0.0,0.0,1.0,0.0,0.0,0.0,0.0,0.0,0.0,0.0,0.0,0.0,0.0,0.0
2026-01-31T00:00:00,13:19:10,L29-VIAPAULISTA,SP330,317.719,SUL,-21.11914942,-47.77574885,COLISÃO,COLISÃO-TRASEIRA,IMPRUD. CONDUTOR,1,0,0,0,RIBEIRÃO PRETO,RIBEIRÃO PRETO,RIBEIRÃO PRETO,ESTADUAL,1.0,0.0,1.0,0.0,0.0,0.0,0.0,0.0,0.0,0.0,0.0,0.0,0.0,0.0,0.0,0.0
2026-01-31T00:00:00,13:36:12,L01-AUTOBAN,SP330,60.0,SUL,-23.181167952022,-46.911588907242,TOMBAMENTO,TOMBAMENTO-MOTO,NÃO INFORMADO,1,0,0,0,JUNDIAÍ,CAMPINAS,CAMPINAS,ESTADUAL,0.0,0.0,1.0,0.0,0.0,0.0,0.0,0.0,0.0,0.0,0.0,0.0,0.0,0.0,0.0,0.0
2026-01-31T00:00:00,13:47:00,L28-ENTREVIAS,SP330,427.0,NORTE,-20.20636690064272,-47.78686515021517,TOMBAMENTO,TOMBAMENTO-MOTO,ESTOURO/FURO DE PNEU,2,0,0,0,ARAMINA,FRANCA,RIBEIRÃO PRETO,ESTADUAL,0.0,0.0,1.0,0.0,0.0,0.0,0.0,0.0,0.0,0.0,0.0,0.0,0.0,0.0,0.0,0.0
2026-01-31T00:00:00,16:05:25,L28-ENTREVIAS,SP330,371.1,NORTE,-20.66778177607276,-47.88338042783514,COLISÃO,COLISÃO-TRASEIRA,IMPRUD. CONDUTOR-DORMIR AO VOLANTE,0,0,0,0,ORLÂNDIA,FRANCA,RIBEIRÃO PRETO,ESTADUAL,0.0,0.0,0.0,0.0,1.0,0.0,0.0,0.0,0.0,0.0,1.0,0.0,0.0,0.0,0.0,0.0
2026-01-31T00:00:00,16:18:21,L01-AUTOBAN,SP330,83.0,SUL,-23.005438745204,-47.028061151505,CHOQUE,OUTROS/NÃO CLASSIFICADO,NÃO INFORMADO,0,0,0,0,VALINHOS,CAMPINAS,CAMPINAS,ESTADUAL,1.0,0.0,0.0,0.0,0.0,0.0,0.0,0.0,0.0,0.0,0.0,0.0,0.0,0.0,0.0,0.0
2026-01-31T00:00:00,16:37:56,L01-AUTOBAN,SPM330E,15.0,SUL,-23.499916439503,-46.754695773125,CHOQUE,CHOQUE-DEFENSA/BARREIRA,NÃO INFORMADO,0,0,0,0,SÃO PAULO,REG. METROPOLITANA SÃO PAULO,SÃO PAULO,ESTADUAL,1.0,0.0,0.0,0.0,0.0,0.0,0.0,0.0,0.0,0.0,0.0,0.0,0.0,0.0,0.0,0.0
2026-01-31T00:00:00,16:45:22,L06-INTERVIAS,SP330,212.18,NORTE,-21.98181412,-47.45123349,TOMBAMENTO,TOMBAMENTO,IMPRUD. CONDUTOR-LEVOU FECHADA,2,0,0,0,PIRASSUNUNGA,CAMPINAS,RIO CLARO,ESTADUAL,0.0,0.0,1.0,0.0,0.0,0.0,0.0,0.0,0.0,0.0,0.0,0.0,0.0,0.0,0.0,0.0
2026-01-31T00:00:00,16:48:17,L01-AUTOBAN,SP330,112.3,NORTE,-22.811700869247,-47.211182020747,CHOQUE,CHOQUE-TALUDE/BARRANCO,NÃO INFORMADO,0,0,0,0,SUMARÉ,CAMPINAS,CAMPINAS,ESTADUAL,1.0,0.0,0.0,0.0,0.0,0.0,0.0,0.0,0.0,0.0,0.0,0.0,0.0,0.0,0.0,0.0
2026-01-31T00:00:00,17:56:37,L29-VIAPAULISTA,SP330,311.744,SUL,-21.16880784,-47.75642433,TOMBAMENTO,TOMBAMENTO,ÓLEO NA PISTA,1,0,0,0,RIBEIRÃO PRETO,RIBEIRÃO PRETO,RIBEIRÃO PRETO,ESTADUAL,0.0,0.0,1.0,0.0,0.0,0.0,0.0,0.0,0.0,0.0,0.0,0.0,0.0,0.0,0.0,0.0
2026-01-31T00:00:00,19:56:56,L01-AUTOBAN,SPM330D,96.0,NORTE,-22.911450110385,-47.101403474808,ENGAVETAMENTO,ENGAVETAMENTO,NÃO INFORMADO,0,0,0,0,CAMPINAS,CAMPINAS,CAMPINAS,ESTADUAL,3.0,0.0,1.0,0.0,0.0,0.0,0.0,0.0,0.0,0.0,0.0,0.0,0.0,0.0,0.0,0.0
2026-01-31T00:00:00,20:26:58,L29-VIAPAULISTA,SP330,317.109,SUL,-21.12308719,-47.77274369,COLISÃO,COLISÃO-TRASEIRA,IMPRUD. CONDUTOR,1,0,0,0,RIBEIRÃO PRETO,RIBEIRÃO PRETO,RIBEIRÃO PRETO,ESTADUAL,0.0,0.0,1.0,0.0,1.0,0.0,0.0,0.0,0.0,0.0,0.0,0.0,0.0,0.0,0.0,0.0
2026-01-31T00:00:00,22:14:59,L06-INTERVIAS,SP330,204.0,NORTE,-22.05268171,-47.42848386,CHOQUE,CHOQUE-OBJETO NA PISTA,OBJETO NA PISTA,0,0,1,0,PIRASSUNUNGA,CAMPINAS,RIO CLARO,ESTADUAL,3.0,0.0,0.0,0.0,0.0,0.0,0.0,0.0,0.0,0.0,0.0,0.0,0.0,0.0,0.0,0.0
2026-01-31T00:00:00,22:46:14,L01-AUTOBAN,SP330,73.1,NORTE,-23.081727011429,-46.978440691704,TOMBAMENTO,TOMBAMENTO-MOTO,NÃO INFORMADO,0,0,0,0,LOUVEIRA,CAMPINAS,CAMPINAS,ESTADUAL,0.0,0.0,1.0,0.0,0.0,0.0,0.0,0.0,0.0,0.0,0.0,0.0,0.0,0.0,0.0,0.0
2026-02-01T00:00:00,02:56:15,L01-AUTOBAN,SP330,67.0,NORTE,-23.130400247867,-46.95047557354,ATROPELAMENTO DE ANIMAL,ATROP. ANIMAL-OUTROS,NÃO INFORMADO,0,0,0,0,JUNDIAÍ,CAMPINAS,CAMPINAS,ESTADUAL,1.0,0.0,0.0,0.0,0.0,0.0,0.0,0.0,0.0,0.0,0.0,0.0,0.0,0.0,0.0,0.0
2026-02-01T00:00:00,04:35:39,L01-AUTOBAN,SPM330D,96.8,NORTE,-22.905552103636,-47.106519003355,CHOQUE,CHOQUE-OBJETO NA PISTA,NÃO INFORMADO,0,0,1,0,CAMPINAS,CAMPINAS,CAMPINAS,ESTADUAL,0.0,0.0,1.0,0.0,1.0,0.0,0.0,0.0,0.0,0.0,0.0,0.0,0.0,0.0,0.0,0.0
2026-02-01T00:00:00,04:42:17,L01-AUTOBAN,SP330,39.0,SUL,-23.337236794255,-46.836615800858,CHOQUE,CHOQUE-TALUDE/BARRANCO,NÃO INFORMADO,0,0,0,0,CAJAMAR,REG. METROPOLITANA SÃO PAULO,SÃO PAULO,ESTADUAL,1.0,0.0,0.0,0.0,0.0,0.0,0.0,0.0,0.0,0.0,0.0,0.0,0.0,0.0,0.0,0.0
2026-02-01T00:00:00,06:08:04,L01-AUTOBAN,SP330,31.0,SUL,-23.40154396685,-46.836969852448,COLISÃO,COLISÃO-TRASEIRA,NÃO INFORMADO,4,0,0,0,CAJAMAR,REG. METROPOLITANA SÃO PAULO,SÃO PAULO,ESTADUAL,1.0,0.0,0.0,0.0,0.0,0.0,1.0,0.0,0.0,0.0,0.0,0.0,0.0,0.0,0.0,0.0
2026-02-01T00:00:00,13:31:29,L01-AUTOBAN,SP330,38.0,NORTE,-23.344925355634,-46.840928792954,CHOQUE,CHOQUE-DEFENSA/BARREIRA,NÃO INFORMADO,0,0,0,0,CAJAMAR,REG. METROPOLITANA SÃO PAULO,SÃO PAULO,ESTADUAL,1.0,0.0,0.0,0.0,0.0,0.0,0.0,0.0,0.0,0.0,0.0,0.0,0.0,0.0,0.0,0.0
2026-02-01T00:00:00,16:56:19,L01-AUTOBAN,SP330,92.0,SUL,-22.935126302733,-47.071105241776,COLISÃO,COLISÃO-LATERAL,NÃO INFORMADO,1,0,0,0,CAMPINAS,CAMPINAS,CAMPINAS,ESTADUAL,1.0,0.0,0.0,0.0,0.0,0.0,0.0,0.0,0.0,0.0,0.0,0.0,0.0,0.0,0.0,0.0
2026-02-01T00:00:00,19:52:00,L28-ENTREVIAS,SPA327/330,0.1,LESTE,-21.04810445285567,-47.82095704717884,CHOQUE,CHOQUE-ELEMENTO DE DRENAGEM,IMPRUD. CONDUTOR-PERDA DE CONTROLE,0,0,0,0,JARDINÓPOLIS,RIBEIRÃO PRETO,RIBEIRÃO PRETO,ESTADUAL,1.0,0.0,0.0,0.0,0.0,0.0,0.0,0.0,0.0,0.0,0.0,0.0,0.0,0.0,0.0,0.0
2026-02-01T00:00:00,20:47:27,L01-AUTOBAN,SPI102/330,5.0,NORTE,-22.906904124332,-47.13676571846,CHOQUE,CHOQUE-TALUDE/BARRANCO,NÃO INFORMADO,0,0,0,0,CAMPINAS,CAMPINAS,CAMPINAS,ESTADUAL,1.0,0.0,0.0,0.0,0.0,0.0,0.0,0.0,0.0,0.0,0.0,0.0,0.0,0.0,0.0,0.0
2026-02-01T00:00:00,20:52:03,L01-AUTOBAN,SP330,55.0,NORTE,-23.216200395138,-46.883779764175,COLISÃO,COLISÃO-TRASEIRA,NÃO INFORMADO,0,2,0,0,JUNDIAÍ,CAMPINAS,CAMPINAS,ESTADUAL,1.0,0.0,1.0,0.0,0.0,0.0,0.0,0.0,0.0,0.0,0.0,0.0,0.0,0.0,0.0,0.0
2026-02-01T00:00:00,21:26:00,L01-AUTOBAN,SPM330D,110.0,NORTE,-22.822672081657,-47.192480564117,ENGAVETAMENTO,ENGAVETAMENTO,NÃO INFORMADO,0,0,0,0,SUMARÉ,CAMPINAS,CAMPINAS,ESTADUAL,2.0,0.0,0.0,0.0,1.0,0.0,0.0,0.0,0.0,0.0,0.0,0.0,0.0,0.0,0.0,0.0
2026-02-01T00:00:00,22:33:28,L29-VIAPAULISTA,SP330,307.365,SUL,-21.20744425,-47.75842897,COLISÃO,COLISÃO-TRASEIRA,IMPRUD. CONDUTOR,1,0,0,0,RIBEIRÃO PRETO,RIBEIRÃO PRETO,RIBEIRÃO PRETO,ESTADUAL,2.0,0.0,1.0,0.0,0.0,0.0,0.0,0.0,0.0,0.0,0.0,0.0,0.0,0.0,0.0,0.0
2026-02-02T00:00:00,02:40:09,L01-AUTOBAN,SP330,147.9,NORTE,-22.545791345062,-47.375608368774,CHOQUE,CHOQUE-DEFENSA/BARREIRA,NÃO INFORMADO,2,0,0,0,LIMEIRA,CAMPINAS,RIO CLARO,ESTADUAL,1.0,0.0,0.0,0.0,0.0,0.0,0.0,0.0,0.0,0.0,0.0,0.0,0.0,0.0,0.0,0.0
2026-02-02T00:00:00,02:44:28,L29-VIAPAULISTA,SP330,244.97,NORTE,-21.73456852,-47.58340293,ATROPELAMENTO DE ANIMAL,ATROP. ANIMAL-OUTROS,ANIMAL NA RODOVIA,0,0,0,0,SANTA RITA DO PASSA QUATRO,CENTRAL,RIBEIRÃO PRETO,ESTADUAL,1.0,0.0,0.0,0.0,0.0,0.0,0.0,0.0,0.0,0.0,0.0,0.0,0.0,0.0,0.0,0.0
2026-02-02T00:00:00,05:08:29,L01-AUTOBAN,SPM330D,54.0,NORTE,-23.223028310027,-46.877535581589,CHOQUE,CHOQUE-DEFENSA/BARREIRA,NÃO INFORMADO,0,0,0,0,JUNDIAÍ,CAMPINAS,CAMPINAS,ESTADUAL,0.0,0.0,0.0,1.0,0.0,0.0,0.0,0.0,0.0,0.0,0.0,0.0,0.0,0.0,0.0,0.0
2026-02-02T00:00:00,06:05:04,L01-AUTOBAN,SP330,19.0,NORTE,-23.473712595828,-46.77262365818,COLISÃO,COLISÃO-LATERAL,NÃO INFORMADO,1,0,0,0,OSASCO,REG. METROPOLITANA SÃO PAULO,SÃO PAULO,ESTADUAL,0.0,0.0,1.0,0.0,1.0,0.0,0.0,0.0,0.0,0.0,0.0,0.0,0.0,0.0,0.0,0.0
2026-02-02T00:00:00,06:26:40,L29-VIAPAULISTA,SPA307/330,0.1,OESTE,-21.20565411,-47.75833171,TOMBAMENTO,TOMBAMENTO,ÓLEO NA PISTA,1,0,0,0,RIBEIRÃO PRETO,RIBEIRÃO PRETO,RIBEIRÃO PRETO,ESTADUAL,0.0,0.0,1.0,0.0,0.0,0.0,0.0,0.0,0.0,0.0,0.0,0.0,0.0,0.0,0.0,0.0
2026-02-02T00:00:00,06:50:41,L29-VIAPAULISTA,SPA307/330,0.1,OESTE,-21.20565411,-47.75833171,CHOQUE,CHOQUE-DEFENSA/BARREIRA,ÓLEO NA PISTA,0,0,0,0,RIBEIRÃO PRETO,RIBEIRÃO PRETO,RIBEIRÃO PRETO,ESTADUAL,1.0,0.0,0.0,0.0,0.0,0.0,0.0,0.0,0.0,0.0,0.0,0.0,0.0,0.0,0.0,0.0
2026-02-02T00:00:00,06:50:42,L29-VIAPAULISTA,SPA307/330,0.1,OESTE,-21.20565411,-47.75833171,TOMBAMENTO,TOMBAMENTO,ÓLEO NA PISTA,0,0,0,0,RIBEIRÃO PRETO,RIBEIRÃO PRETO,RIBEIRÃO PRETO,ESTADUAL,0.0,0.0,1.0,0.0,0.0,0.0,0.0,0.0,0.0,0.0,0.0,0.0,0.0,0.0,0.0,0.0
2026-02-02T00:00:00,07:56:07,L29-VIAPAULISTA,SP330,316.273,SUL,-21.12956822,-47.76817284,COLISÃO,COLISÃO-TRASEIRA,IMPRUD. CONDUTOR-DIST. INADEQUADA ENTRE VEÍC.,0,1,0,0,RIBEIRÃO PRETO,RIBEIRÃO PRETO,RIBEIRÃO PRETO,ESTADUAL,1.0,0.0,1.0,0.0,0.0,0.0,0.0,0.0,0.0,0.0,0.0,0.0,0.0,0.0,0.0,0.0
2026-02-02T00:00:00,12:21:27,L29-VIAPAULISTA,SP330,281.0,SUL,-21.41393659,-47.66460571,COLISÃO,COLISÃO-TRASEIRA,IMPRUD. CONDUTOR,0,0,0,0,SÃO SIMÃO,RIBEIRÃO PRETO,RIBEIRÃO PRETO,ESTADUAL,1.0,0.0,0.0,0.0,1.0,0.0,0.0,0.0,0.0,0.0,0.0,0.0,0.0,0.0,0.0,0.0
2026-02-02T00:00:00,12:32:35,L06-INTERVIAS,SP330,189.5,NORTE,-22.17964617,-47.3984763,TOMBAMENTO,TOMBAMENTO,ESTOURO/FURO DE PNEU,1,0,1,0,LEME,CAMPINAS,RIO CLARO,ESTADUAL,0.0,0.0,1.0,0.0,0.0,0.0,0.0,0.0,0.0,0.0,0.0,0.0,0.0,0.0,0.0,0.0
2026-02-02T00:00:00,14:38:22,L01-AUTOBAN,SP330,137.0,SUL,-22.630935704758,-47.336708307266,COLISÃO,COLISÃO-TRASEIRA,NÃO INFORMADO,1,0,0,0,LIMEIRA,CAMPINAS,RIO CLARO,ESTADUAL,0.0,0.0,0.0,1.0,1.0,0.0,0.0,0.0,0.0,0.0,0.0,0.0,0.0,0.0,0.0,0.0
2026-02-02T00:00:00,18:02:19,L01-AUTOBAN,SP330,62.0,SUL,-23.168814423993,-46.926614642143,COLISÃO,COLISÃO-TRASEIRA,NÃO INFORMADO,1,0,0,0,JUNDIAÍ,CAMPINAS,CAMPINAS,ESTADUAL,1.0,0.0,1.0,0.0,0.0,0.0,0.0,0.0,0.0,0.0,0.0,0.0,0.0,0.0,0.0,0.0
2026-02-02T00:00:00,18:31:15,L01-AUTOBAN,SP330,150.0,SUL,-22.530103711715,-47.38679587841,CHOQUE,CHOQUE-ELEMENTO DE DRENAGEM,NÃO INFORMADO,0,0,0,0,LIMEIRA,CAMPINAS,RIO CLARO,ESTADUAL,1.0,0.0,0.0,0.0,0.0,0.0,0.0,0.0,0.0,0.0,0.0,0.0,0.0,0.0,0.0,0.0
2026-02-02T00:00:00,20:04:38,L01-AUTOBAN,SP330,125.26,SUL,-22.72605157347,-47.292818683877,COLISÃO,COLISÃO-TRASEIRA,NÃO INFORMADO,0,0,0,0,AMERICANA,CAMPINAS,RIO CLARO,ESTADUAL,1.0,1.0,0.0,0.0,0.0,0.0,0.0,0.0,0.0,0.0,0.0,0.0,0.0,0.0,0.0,0.0
2026-02-02T00:00:00,20:51:02,L01-AUTOBAN,SPI102/330,0.5,NORTE,-22.869255673591,-47.132435785797,CHOQUE,CHOQUE-TALUDE/BARRANCO,NÃO INFORMADO,0,0,0,0,CAMPINAS,CAMPINAS,CAMPINAS,ESTADUAL,1.0,0.0,0.0,0.0,0.0,0.0,0.0,0.0,0.0,0.0,0.0,0.0,0.0,0.0,0.0,0.0
2026-02-02T00:00:00,21:40:00,L28-ENTREVIAS,SP330,433.15,NORTE,-20.13832218248848,-47.79012671637728,COLISÃO,COLISÃO-TRASEIRA,IMPRUD. CONDUTOR-FALTA DE ATENÇÃO,0,0,0,0,ARAMINA,FRANCA,RIBEIRÃO PRETO,ESTADUAL,0.0,0.0,0.0,0.0,1.0,0.0,0.0,0.0,0.0,0.0,1.0,0.0,0.0,0.0,0.0,0.0
2026-02-02T00:00:00,22:03:40,L01-AUTOBAN,SP330,92.0,NORTE,-22.935116422047,-47.071389555931,COLISÃO,COLISÃO-TRASEIRA,NÃO INFORMADO,0,0,0,0,CAMPINAS,CAMPINAS,CAMPINAS,ESTADUAL,1.0,0.0,0.0,1.0,0.0,0.0,0.0,0.0,0.0,0.0,0.0,0.0,0.0,0.0,0.0,0.0
2026-02-02T00:00:00,23:51:38,L01-AUTOBAN,SP330,65.0,SUL,-23.144631744757,-46.939483880997,COLISÃO,COLISÃO-TRASEIRA,NÃO INFORMADO,1,0,0,0,JUNDIAÍ,CAMPINAS,CAMPINAS,ESTADUAL,1.0,0.0,1.0,0.0,0.0,0.0,0.0,0.0,0.0,0.0,0.0,0.0,0.0,0.0,0.0,0.0
2026-02-03T00:00:00,04:39:22,L01-AUTOBAN,SP330,92.0,SUL,-22.935126302733,-47.071105241776,COLISÃO,COLISÃO-TRASEIRA,NÃO INFORMADO,1,0,0,0,CAMPINAS,CAMPINAS,CAMPINAS,ESTADUAL,1.0,0.0,1.0,0.0,0.0,0.0,0.0,0.0,0.0,0.0,0.0,0.0,0.0,0.0,0.0,0.0
2026-02-03T00:00:00,05:17:36,L06-INTERVIAS,SP330,170.2,NORTE,-22.35215754,-47.39445736,CHOQUE,CHOQUE-OBJETO NA PISTA,OBJETO NA PISTA,0,0,0,0,ARARAS,CAMPINAS,RIO CLARO,ESTADUAL,1.0,0.0,0.0,0.0,0.0,0.0,0.0,0.0,0.0,0.0,0.0,0.0,0.0,0.0,0.0,0.0
2026-02-03T00:00:00,06:15:04,L29-VIAPAULISTA,SP330,307.584,NORTE,-21.20510126,-47.75819916,CHOQUE,CHOQUE-DEFENSA/BARREIRA,IMPRUD. CONDUTOR-PERDA DE CONTROLE,0,0,0,0,RIBEIRÃO PRETO,RIBEIRÃO PRETO,RIBEIRÃO PRETO,ESTADUAL,1.0,0.0,0.0,0.0,0.0,0.0,0.0,0.0,0.0,0.0,0.0,0.0,0.0,0.0,0.0,0.0
2026-02-03T00:00:00,06:40:14,L01-AUTOBAN,SP330,108.0,NORTE,-22.832585315555,-47.17717051506,COLISÃO,COLISÃO-TRASEIRA,NÃO INFORMADO,1,0,0,0,SUMARÉ,CAMPINAS,CAMPINAS,ESTADUAL,1.0,0.0,1.0,0.0,0.0,0.0,0.0,0.0,0.0,0.0,0.0,0.0,0.0,0.0,0.0,0.0
2026-02-03T00:00:00,07:24:10,L01-AUTOBAN,SP330,53.0,NORTE,-23.230639,-46.87295,CHOQUE,CHOQUE-DEFENSA/BARREIRA,NÃO INFORMADO,0,0,0,0,JUNDIAÍ,CAMPINAS,CAMPINAS,ESTADUAL,1.0,0.0,0.0,0.0,0.0,0.0,0.0,0.0,0.0,0.0,0.0,0.0,0.0,0.0,0.0,0.0
2026-02-03T00:00:00,07:52:32,L01-AUTOBAN,SP330,120.0,NORTE,-22.756649,-47.254609,TOMBAMENTO,TOMBAMENTO-MOTO,NÃO INFORMADO,1,0,0,0,AMERICANA,CAMPINAS,RIO CLARO,ESTADUAL,0.0,0.0,1.0,0.0,0.0,0.0,0.0,0.0,0.0,0.0,0.0,0.0,0.0,0.0,0.0,0.0
2026-02-03T00:00:00,14:40:13,L01-AUTOBAN,SP330,55.0,NORTE,-23.216200395138,-46.883779764175,COLISÃO,COLISÃO-TRASEIRA,NÃO INFORMADO,1,0,0,0,JUNDIAÍ,CAMPINAS,CAMPINAS,ESTADUAL,0.0,0.0,0.0,0.0,2.0,0.0,0.0,0.0,0.0,0.0,0.0,0.0,0.0,0.0,0.0,0.0
2026-02-03T00:00:00,14:46:46,L01-AUTOBAN,SP330,56.0,NORTE,-23.210900509412,-46.891751289368,CHOQUE,OUTROS/NÃO CLASSIFICADO,NÃO INFORMADO,0,1,0,0,JUNDIAÍ,CAMPINAS,CAMPINAS,ESTADUAL,0.0,0.0,1.0,0.0,0.0,0.0,0.0,0.0,0.0,0.0,0.0,0.0,0.0,0.0,0.0,0.0
2026-02-03T00:00:00,15:54:07,L01-AUTOBAN,SP330,121.5,SUL,-22.749791361191,-47.26217295789,COLISÃO,COLISÃO-TRASEIRA,NÃO INFORMADO,2,0,0,0,AMERICANA,CAMPINAS,RIO CLARO,ESTADUAL,1.0,0.0,0.0,1.0,0.0,0.0,0.0,0.0,0.0,0.0,0.0,0.0,0.0,0.0,0.0,0.0
2026-02-03T00:00:00,16:32:59,L01-AUTOBAN,SP330,69.0,NORTE,-23.113394465514,-46.957647800446,ENGAVETAMENTO,ENGAVETAMENTO,NÃO INFORMADO,0,0,0,0,JUNDIAÍ,CAMPINAS,CAMPINAS,ESTADUAL,1.0,0.0,0.0,1.0,1.0,0.0,0.0,0.0,0.0,0.0,0.0,0.0,0.0,0.0,0.0,0.0
2026-02-03T00:00:00,18:49:13,L01-AUTOBAN,SP330,55.0,SUL,-23.216229975306,-46.884031891823,ENGAVETAMENTO,ENGAVETAMENTO,NÃO INFORMADO,0,0,0,0,JUNDIAÍ,CAMPINAS,CAMPINAS,ESTADUAL,3.0,0.0,0.0,0.0,0.0,0.0,0.0,0.0,0.0,0.0,0.0,0.0,0.0,0.0,0.0,0.0
2026-02-03T00:00:00,20:26:38,L01-AUTOBAN,SP330,62.2,SUL,-23.167227325494,-46.927675728077,CHOQUE,CHOQUE-DEFENSA/BARREIRA,NÃO INFORMADO,1,0,0,0,JUNDIAÍ,CAMPINAS,CAMPINAS,ESTADUAL,1.0,0.0,0.0,0.0,0.0,0.0,0.0,0.0,0.0,0.0,0.0,0.0,0.0,0.0,0.0,0.0
2026-02-03T00:00:00,21:22:29,L06-INTERVIAS,SP330,184.4,SUL,-22.22511497,-47.39198017,ATROPELAMENTO DE ANIMAL,ATROP. ANIMAL-OUTROS,ANIMAL NA RODOVIA,0,0,0,0,LEME,CAMPINAS,RIO CLARO,ESTADUAL,0.0,0.0,0.0,1.0,0.0,0.0,0.0,0.0,0.0,0.0,0.0,0.0,0.0,0.0,0.0,0.0
2026-02-03T00:00:00,21:55:19,L01-AUTOBAN,SP330,20.1,SUL,-23.468113936822,-46.779304505303,COLISÃO,COLISÃO-LATERAL,NÃO INFORMADO,0,0,0,0,OSASCO,REG. METROPOLITANA SÃO PAULO,SÃO PAULO,ESTADUAL,2.0,0.0,0.0,0.0,0.0,0.0,0.0,0.0,0.0,0.0,0.0,0.0,0.0,0.0,0.0,0.0
2026-02-03T00:00:00,23:07:06,L01-AUTOBAN,SP330,40.9,SUL,-23.3240115102,-46.846357596442,CAPOTAMENTO,CAPOTAMENTO,NÃO INFORMADO,1,0,0,0,CAJAMAR,REG. METROPOLITANA SÃO PAULO,SÃO PAULO,ESTADUAL,1.0,0.0,0.0,0.0,0.0,0.0,0.0,0.0,0.0,0.0,0.0,0.0,0.0,0.0,0.0,0.0
2026-02-04T00:00:00,00:29:16,L01-AUTOBAN,SP330,12.2,NORTE,-23.508921485868,-46.732604010114,ATROPELAMENTO DE PEDESTRE,ATROP. PEDESTRE-OUTROS,NÃO INFORMADO,0,0,0,1,SÃO PAULO,REG. METROPOLITANA SÃO PAULO,SÃO PAULO,ESTADUAL,1.0,0.0,0.0,0.0,0.0,0.0,0.0,1.0,0.0,0.0,0.0,0.0,0.0,0.0,0.0,0.0
2026-02-04T00:00:00,02:41:06,L01-AUTOBAN,SP330,115.0,NORTE,-22.792220839274,-47.226083278656,CHOQUE,CHOQUE-MEIO FIO,NÃO INFORMADO,0,0,0,0,SUMARÉ,CAMPINAS,CAMPINAS,ESTADUAL,1.0,0.0,0.0,0.0,0.0,0.0,0.0,0.0,0.0,0.0,0.0,0.0,0.0,0.0,0.0,0.0
2026-02-04T00:00:00,05:09:12,L01-AUTOBAN,SP330,61.0,NORTE,-23.175294620401,-46.918331980705,TOMBAMENTO,TOMBAMENTO,NÃO INFORMADO,1,0,0,0,JUNDIAÍ,CAMPINAS,CAMPINAS,ESTADUAL,1.0,0.0,1.0,0.0,0.0,0.0,0.0,0.0,0.0,0.0,0.0,0.0,0.0,0.0,0.0,0.0
2026-02-04T00:00:00,07:13:35,L01-AUTOBAN,SP330,109.7,SUL,-22.824347242519,-47.190029090097,COLISÃO,COLISÃO-TRASEIRA,NÃO INFORMADO,2,0,0,0,SUMARÉ,CAMPINAS,CAMPINAS,ESTADUAL,1.0,0.0,1.0,0.0,0.0,0.0,0.0,0.0,0.0,0.0,0.0,0.0,0.0,0.0,0.0,0.0
2026-02-04T00:00:00,07:49:53,L01-AUTOBAN,SP330,23.8,SUL,-23.43671228507,-46.786547542101,COLISÃO,COLISÃO-TRASEIRA,NÃO INFORMADO,1,0,0,0,SÃO PAULO,REG. METROPOLITANA SÃO PAULO,SÃO PAULO,ESTADUAL,0.0,0.0,1.0,1.0,0.0,0.0,0.0,0.0,0.0,0.0,0.0,0.0,0.0,0.0,0.0,0.0
2026-02-04T00:00:00,08:54:13,L01-AUTOBAN,SPM330E,12.0,SUL,-23.509484513183,-46.730405688286,CHOQUE,CHOQUE-DEFENSA/BARREIRA,NÃO INFORMADO,0,0,0,0,SÃO PAULO,REG. METROPOLITANA SÃO PAULO,SÃO PAULO,ESTADUAL,1.0,0.0,0.0,0.0,0.0,0.0,0.0,0.0,0.0,0.0,0.0,0.0,0.0,0.0,0.0,0.0
2026-02-04T00:00:00,09:07:46,L01-AUTOBAN,SP330,120.0,SUL,-22.75697435799,-47.254670262337,CAPOTAMENTO,CAPOTAMENTO,NÃO INFORMADO,0,0,0,0,AMERICANA,CAMPINAS,RIO CLARO,ESTADUAL,1.0,0.0,0.0,0.0,0.0,0.0,0.0,0.0,0.0,0.0,0.0,0.0,0.0,0.0,0.0,0.0
2026-02-04T00:00:00,12:10:03,L06-INTERVIAS,SP330,192.0,SUL,-22.15702904,-47.40014361,OBJETO LANÇADO CONTRA O VEÍCULO,OBJETO LANÇADO CONTRA O VEÍCULO,OBJETO NA PISTA,0,0,0,0,LEME,CAMPINAS,RIO CLARO,ESTADUAL,1.0,0.0,0.0,0.0,0.0,0.0,0.0,0.0,0.0,0.0,0.0,0.0,0.0,0.0,0.0,0.0
2026-02-04T00:00:00,17:52:19,L01-AUTOBAN,SP330,111.2,SUL,-22.817263752098,-47.203256583989,CHOQUE,CHOQUE-DEFENSA/BARREIRA,NÃO INFORMADO,1,0,0,0,SUMARÉ,CAMPINAS,CAMPINAS,ESTADUAL,1.0,0.0,0.0,0.0,0.0,0.0,0.0,0.0,0.0,0.0,0.0,0.0,0.0,0.0,0.0,0.0
2026-02-04T00:00:00,19:54:50,L01-AUTOBAN,SP330,157.0,NORTE,-22.469565174437,-47.398908734322,COLISÃO,COLISÃO-LATERAL,NÃO INFORMADO,0,0,0,0,CORDEIRÓPOLIS,CAMPINAS,RIO CLARO,ESTADUAL,1.0,1.0,0.0,0.0,0.0,0.0,0.0,0.0,0.0,0.0,0.0,0.0,0.0,0.0,0.0,0.0
2026-02-05T00:00:00,08:52:40,L01-AUTOBAN,SPM330E,107.5,SUL,-22.836397100694,-47.174115478992,COLISÃO,COLISÃO-TRASEIRA,NÃO INFORMADO,0,0,0,0,SUMARÉ,CAMPINAS,CAMPINAS,ESTADUAL,1.0,0.0,0.0,1.0,0.0,0.0,0.0,0.0,0.0,0.0,0.0,0.0,0.0,0.0,0.0,0.0
2026-02-05T00:00:00,08:53:45,L01-AUTOBAN,SPM330E,107.5,SUL,-22.836397100694,-47.174115478992,COLISÃO,COLISÃO-LATERAL,NÃO INFORMADO,0,0,0,1,SUMARÉ,CAMPINAS,CAMPINAS,ESTADUAL,1.0,0.0,1.0,0.0,0.0,0.0,0.0,0.0,0.0,0.0,0.0,0.0,0.0,0.0,0.0,0.0
2026-02-05T00:00:00,13:18:53,L06-INTERVIAS,SP330,228.2,SUL,-21.84346425,-47.49535163,COLISÃO,COLISÃO-TRASEIRA,IMPRUD. CONDUTOR,0,0,0,0,PORTO FERREIRA,CENTRAL,RIO CLARO,ESTADUAL,2.0,0.0,0.0,0.0,1.0,0.0,0.0,0.0,0.0,0.0,0.0,0.0,0.0,0.0,0.0,0.0
2026-02-05T00:00:00,16:47:08,L28-ENTREVIAS,SP330,393.8,NORTE,-20.49378278439047,-47.84389040640916,COLISÃO,COLISÃO-TRASEIRA,IMPRUD. CONDUTOR-FALTA DE ATENÇÃO,1,0,0,0,GUARÁ,FRANCA,RIBEIRÃO PRETO,ESTADUAL,0.0,0.0,0.0,0.0,2.0,0.0,0.0,0.0,0.0,0.0,0.0,0.0,0.0,0.0,0.0,0.0
2026-02-05T00:00:00,17:09:25,L01-AUTOBAN,SPM330E,98.5,SUL,-22.892108786456,-47.112220823765,COLISÃO,COLISÃO-TRASEIRA,NÃO INFORMADO,0,0,0,0,CAMPINAS,CAMPINAS,CAMPINAS,ESTADUAL,1.0,0.0,0.0,0.0,1.0,0.0,0.0,0.0,0.0,0.0,0.0,0.0,0.0,0.0,0.0,0.0
2026-02-05T00:00:00,18:01:46,L01-AUTOBAN,SP330,128.0,SUL,-22.704166761068,-47.303599119186,COLISÃO,COLISÃO-TRASEIRA,NÃO INFORMADO,1,0,0,0,AMERICANA,CAMPINAS,RIO CLARO,ESTADUAL,1.0,1.0,0.0,0.0,0.0,0.0,0.0,0.0,0.0,0.0,0.0,0.0,0.0,0.0,0.0,0.0
2026-02-05T00:00:00,18:13:21,L29-VIAPAULISTA,SP330,315.165,SUL,-21.13798315,-47.76266545,COLISÃO,COLISÃO-TRASEIRA,IMPRUD. CONDUTOR,1,0,0,0,RIBEIRÃO PRETO,RIBEIRÃO PRETO,RIBEIRÃO PRETO,ESTADUAL,1.0,0.0,1.0,0.0,0.0,0.0,0.0,0.0,0.0,0.0,0.0,0.0,0.0,0.0,0.0,0.0
2026-02-05T00:00:00,18:15:25,L29-VIAPAULISTA,SP330,309.0,NORTE,-21.19226397,-47.75752571,TOMBAMENTO,TOMBAMENTO,IMPRUD. CONDUTOR,0,0,0,0,RIBEIRÃO PRETO,RIBEIRÃO PRETO,RIBEIRÃO PRETO,ESTADUAL,0.0,0.0,1.0,0.0,0.0,0.0,0.0,0.0,0.0,0.0,0.0,0.0,0.0,0.0,0.0,0.0
2026-02-05T00:00:00,18:23:41,L29-VIAPAULISTA,SP330,308.42,NORTE,-21.19758095,-47.75780465,COLISÃO,COLISÃO-TRASEIRA,IMPRUD. CONDUTOR,0,0,0,0,RIBEIRÃO PRETO,RIBEIRÃO PRETO,RIBEIRÃO PRETO,ESTADUAL,2.0,0.0,0.0,0.0,0.0,0.0,0.0,0.0,0.0,0.0,0.0,0.0,0.0,0.0,0.0,0.0
2026-02-05T00:00:00,18:34:45,L01-AUTOBAN,SP330,67.0,NORTE,-23.130400247867,-46.95047557354,CHOQUE,CHOQUE-TALUDE/BARRANCO,NÃO INFORMADO,2,0,0,0,JUNDIAÍ,CAMPINAS,CAMPINAS,ESTADUAL,1.0,1.0,0.0,0.0,0.0,0.0,0.0,0.0,0.0,0.0,0.0,0.0,0.0,0.0,0.0,0.0
2026-02-06T00:00:00,03:01:24,L01-AUTOBAN,SPM330D,113.0,NORTE,-22.807007206431,-47.216341495514,CHOQUE,CHOQUE-MEIO FIO,NÃO INFORMADO,0,0,0,0,SUMARÉ,CAMPINAS,CAMPINAS,ESTADUAL,1.0,0.0,0.0,0.0,0.0,0.0,0.0,0.0,0.0,0.0,0.0,0.0,0.0,0.0,0.0,0.0
2026-02-06T00:00:00,04:49:51,L01-AUTOBAN,SP330,125.0,NORTE,-22.728274847666,-47.291845679283,CAPOTAMENTO,CAPOTAMENTO,NÃO INFORMADO,1,0,0,0,AMERICANA,CAMPINAS,RIO CLARO,ESTADUAL,1.0,1.0,0.0,0.0,0.0,0.0,0.0,0.0,0.0,0.0,0.0,0.0,0.0,0.0,0.0,0.0
2026-02-06T00:00:00,08:00:43,L29-VIAPAULISTA,SP330,317.557,SUL,-21.12036176,-47.77487876,COLISÃO,COLISÃO-TRASEIRA,IMPRUD. CONDUTOR-PERDA DE CONTROLE,0,0,0,0,RIBEIRÃO PRETO,RIBEIRÃO PRETO,RIBEIRÃO PRETO,ESTADUAL,1.0,1.0,0.0,0.0,0.0,0.0,0.0,0.0,0.0,0.0,0.0,0.0,0.0,0.0,0.0,0.0
2026-02-06T00:00:00,08:26:17,L01-AUTOBAN,SP330,97.0,NORTE,-22.904077630073,-47.107797861099,COLISÃO,COLISÃO-TRASEIRA,NÃO INFORMADO,0,0,0,0,CAMPINAS,CAMPINAS,CAMPINAS,ESTADUAL,0.0,0.0,0.0,2.0,0.0,0.0,0.0,0.0,0.0,0.0,0.0,0.0,0.0,0.0,0.0,0.0
2026-02-06T00:00:00,08:56:44,L01-AUTOBAN,SP330,108.0,NORTE,-22.832585315555,-47.17717051506,COLISÃO,COLISÃO-TRASEIRA,NÃO INFORMADO,1,0,0,0,SUMARÉ,CAMPINAS,CAMPINAS,ESTADUAL,2.0,0.0,0.0,0.0,0.0,0.0,0.0,0.0,0.0,0.0,0.0,0.0,0.0,0.0,0.0,0.0
2026-02-06T00:00:00,09:25:34,L01-AUTOBAN,SP330,97.2,NORTE,-22.902437035785,-47.108387938079,COLISÃO,COLISÃO-TRASEIRA,NÃO INFORMADO,0,0,0,0,CAMPINAS,CAMPINAS,CAMPINAS,ESTADUAL,1.0,0.0,0.0,0.0,1.0,0.0,0.0,0.0,0.0,0.0,0.0,0.0,0.0,0.0,0.0,0.0
2026-02-06T00:00:00,11:22:48,L01-AUTOBAN,SPM330E,97.0,SUL,-22.904379059715,-47.107846140862,TOMBAMENTO,TOMBAMENTO-MOTO,NÃO INFORMADO,1,0,0,0,CAMPINAS,CAMPINAS,CAMPINAS,ESTADUAL,0.0,0.0,1.0,0.0,0.0,0.0,0.0,0.0,0.0,0.0,0.0,0.0,0.0,0.0,0.0,0.0
2026-02-06T00:00:00,15:13:12,L06-INTERVIAS,SP330,188.6,NORTE,-22.18772605,-47.39780661,CHOQUE,CHOQUE-OBJETO NA PISTA,OBJETO NA PISTA,0,0,0,0,LEME,CAMPINAS,RIO CLARO,ESTADUAL,1.0,0.0,0.0,0.0,0.0,0.0,0.0,0.0,0.0,0.0,0.0,0.0,0.0,0.0,0.0,0.0
2026-02-06T00:00:00,15:27:56,L06-INTERVIAS,SP330,193.5,SUL,-22.14442044,-47.404639,ENGAVETAMENTO,ENGAVETAMENTO,IMPRUD. CONDUTOR,0,0,0,0,LEME,CAMPINAS,RIO CLARO,ESTADUAL,2.0,0.0,0.0,2.0,2.0,0.0,0.0,0.0,0.0,0.0,0.0,0.0,0.0,0.0,0.0,0.0
2026-02-06T00:00:00,16:26:59,L01-AUTOBAN,SP330,109.0,SUL,-22.827506,-47.184259,ENGAVETAMENTO,ENGAVETAMENTO,NÃO INFORMADO,0,0,0,0,SUMARÉ,CAMPINAS,CAMPINAS,ESTADUAL,5.0,0.0,0.0,0.0,0.0,0.0,0.0,0.0,0.0,0.0,0.0,0.0,0.0,0.0,0.0,0.0
2026-02-06T00:00:00,17:11:19,L01-AUTOBAN,SP330,115.0,SUL,-22.792453279527,-47.226313948631,COLISÃO,COLISÃO-TRASEIRA,NÃO INFORMADO,0,0,0,0,SUMARÉ,CAMPINAS,CAMPINAS,ESTADUAL,2.0,0.0,0.0,0.0,0.0,0.0,0.0,0.0,0.0,0.0,0.0,0.0,0.0,0.0,0.0,0.0
2026-02-06T00:00:00,18:36:19,L01-AUTOBAN,SP330,66.2,NORTE,-23.135826639937,-46.945282797078,CHOQUE,CHOQUE-DEFENSA/BARREIRA,NÃO INFORMADO,0,0,0,0,JUNDIAÍ,CAMPINAS,CAMPINAS,ESTADUAL,1.0,0.0,0.0,0.0,0.0,0.0,0.0,0.0,0.0,0.0,0.0,0.0,0.0,0.0,0.0,0.0
2026-02-06T00:00:00,19:44:11,L06-INTERVIAS,SP330,181.18,SUL,-22.25413193,-47.39014258,CHOQUE,CHOQUE-OUTROS,PAVIMENTO RUIM/IRREGULAR,0,0,0,0,ARARAS,CAMPINAS,RIO CLARO,ESTADUAL,5.0,0.0,0.0,0.0,0.0,0.0,0.0,0.0,0.0,0.0,0.0,0.0,0.0,0.0,0.0,0.0
2026-02-06T00:00:00,20:43:06,L06-INTERVIAS,SP330,160.4,SUL,-22.43893118,-47.39686759,CHOQUE,CHOQUE-OBJETO NA PISTA,OBJETO NA PISTA,0,0,0,0,CORDEIRÓPOLIS,CAMPINAS,RIO CLARO,ESTADUAL,1.0,0.0,0.0,1.0,0.0,0.0,0.0,0.0,0.0,0.0,0.0,0.0,0.0,0.0,0.0,0.0
2026-02-06T00:00:00,21:08:33,L01-AUTOBAN,SP330,140.0,NORTE,-22.610684,-47.356401,COLISÃO,COLISÃO-LATERAL,NÃO INFORMADO,0,0,0,0,LIMEIRA,CAMPINAS,RIO CLARO,ESTADUAL,1.0,0.0,0.0,0.0,1.0,0.0,0.0,0.0,0.0,0.0,0.0,0.0,0.0,0.0,0.0,0.0
2026-02-06T00:00:00,21:10:35,L01-AUTOBAN,SPM330D,113.0,NORTE,-22.807007206431,-47.216341495514,CHOQUE,CHOQUE-DEFENSA/BARREIRA,NÃO INFORMADO,0,0,0,0,SUMARÉ,CAMPINAS,CAMPINAS,ESTADUAL,1.0,0.0,0.0,0.0,0.0,0.0,0.0,0.0,0.0,0.0,0.0,0.0,0.0,0.0,0.0,0.0
2026-02-07T00:00:00,03:19:40,L06-INTERVIAS,SP330,219.5,NORTE,-21.91891239,-47.47264818,CHOQUE,CHOQUE-ELEMENTO DE DRENAGEM,IMPRUD. CONDUTOR-LEVOU FECHADA,0,0,0,0,PIRASSUNUNGA,CAMPINAS,RIO CLARO,ESTADUAL,1.0,1.0,0.0,0.0,0.0,0.0,0.0,0.0,0.0,0.0,0.0,0.0,0.0,0.0,0.0,0.0
2026-02-07T00:00:00,12:25:23,L06-INTERVIAS,SP330,238.4,SUL,-21.77094026,-47.54503241,CAPOTAMENTO,CAPOTAMENTO,ESTOURO/FURO DE PNEU,4,0,0,0,SANTA RITA DO PASSA QUATRO,CENTRAL,RIBEIRÃO PRETO,ESTADUAL,1.0,0.0,0.0,0.0,0.0,0.0,0.0,0.0,0.0,0.0,0.0,0.0,0.0,0.0,0.0,0.0
2026-02-07T00:00:00,19:25:28,L01-AUTOBAN,SP330,120.0,SUL,-22.75697435799,-47.254670262337,CHOQUE,CHOQUE-DEFENSA/BARREIRA,NÃO INFORMADO,0,0,0,0,AMERICANA,CAMPINAS,RIO CLARO,ESTADUAL,1.0,0.0,0.0,0.0,0.0,0.0,0.0,0.0,0.0,0.0,0.0,0.0,0.0,0.0,0.0,0.0
2026-02-07T00:00:00,20:32:45,L01-AUTOBAN,SPI102/330,3.0,NORTE,-22.890067824891,-47.132940888405,CAPOTAMENTO,CAPOTAMENTO,NÃO INFORMADO,1,0,0,0,CAMPINAS,CAMPINAS,CAMPINAS,ESTADUAL,1.0,0.0,0.0,0.0,0.0,0.0,0.0,0.0,0.0,0.0,0.0,0.0,0.0,0.0,0.0,0.0
2026-02-07T00:00:00,20:49:57,L06-INTERVIAS,SP330,219.5,SUL,-21.91896135,-47.47292234,COLISÃO,COLISÃO-TRASEIRA,IMPRUD. CONDUTOR-DORMIR AO VOLANTE,1,0,0,0,PIRASSUNUNGA,CAMPINAS,RIO CLARO,ESTADUAL,2.0,0.0,0.0,0.0,0.0,0.0,0.0,0.0,0.0,0.0,0.0,1.0,0.0,0.0,0.0,0.0
2026-02-07T00:00:00,22:25:39,L01-AUTOBAN,SP330,63.5,NORTE,-23.156935620616,-46.933712838963,CHOQUE,CHOQUE-VEÍCULO PARADO NO ACOSTAMENTO,NÃO INFORMADO,0,0,0,0,JUNDIAÍ,CAMPINAS,CAMPINAS,ESTADUAL,2.0,0.0,0.0,0.0,0.0,0.0,0.0,0.0,0.0,0.0,0.0,0.0,0.0,0.0,0.0,0.0
2026-02-07T00:00:00,23:39:54,L01-AUTOBAN,SP330,118.0,NORTE,-22.768865993015,-47.240797877312,CHOQUE,CHOQUE-DEFENSA/BARREIRA,NÃO INFORMADO,0,0,0,0,NOVA ODESSA,CAMPINAS,RIO CLARO,ESTADUAL,0.0,0.0,0.0,1.0,0.0,0.0,0.0,0.0,0.0,0.0,0.0,0.0,0.0,0.0,0.0,0.0
2026-02-08T00:00:00,01:36:48,L01-AUTOBAN,SP330,98.0,NORTE,-22.895874533463,-47.110748291016,CHOQUE,CHOQUE-DEFENSA/BARREIRA,NÃO INFORMADO,0,0,0,0,CAMPINAS,CAMPINAS,CAMPINAS,ESTADUAL,1.0,0.0,0.0,0.0,0.0,0.0,0.0,0.0,0.0,0.0,0.0,0.0,0.0,0.0,0.0,0.0
2026-02-08T00:00:00,02:49:22,L01-AUTOBAN,SP330,11.46,SUL,-23.51053885599,-46.728948396714,COLISÃO,COLISÃO-LATERAL,NÃO INFORMADO,0,0,0,0,SÃO PAULO,REG. METROPOLITANA SÃO PAULO,SÃO PAULO,ESTADUAL,1.0,0.0,0.0,0.0,1.0,0.0,0.0,0.0,0.0,0.0,0.0,0.0,0.0,0.0,0.0,0.0
2026-02-08T00:00:00,03:07:05,L01-AUTOBAN,SP330,98.0,NORTE,-22.895874533463,-47.110748291016,CAPOTAMENTO,CAPOTAMENTO,NÃO INFORMADO,1,0,0,0,CAMPINAS,CAMPINAS,CAMPINAS,ESTADUAL,1.0,0.0,0.0,0.0,0.0,0.0,0.0,0.0,0.0,0.0,0.0,0.0,0.0,0.0,0.0,0.0
2026-02-08T00:00:00,07:36:49,L01-AUTOBAN,SP330,43.0,SUL,-23.310350420577,-46.857408285141,COLISÃO,COLISÃO-LATERAL,NÃO INFORMADO,0,0,0,0,CAJAMAR,REG. METROPOLITANA SÃO PAULO,SÃO PAULO,ESTADUAL,2.0,0.0,0.0,0.0,0.0,0.0,0.0,0.0,0.0,0.0,0.0,0.0,0.0,0.0,0.0,0.0
2026-02-08T00:00:00,08:02:56,L01-AUTOBAN,SP330,141.0,NORTE,-22.605245588286,-47.361942529678,CHOQUE,OUTROS/NÃO CLASSIFICADO,NÃO INFORMADO,1,0,0,0,LIMEIRA,CAMPINAS,RIO CLARO,ESTADUAL,0.0,0.0,0.0,1.0,0.0,0.0,0.0,0.0,0.0,0.0,0.0,0.0,0.0,0.0,0.0,0.0
2026-02-08T00:00:00,09:49:00,L28-ENTREVIAS,SP330,351.9,NORTE,-20.84474954370549,-47.89504702245717,CHOQUE,CHOQUE-OBJETO NA PISTA,PANE MECÂNICA/ELÉTRICA,0,0,0,0,SALES OLIVEIRA,FRANCA,RIBEIRÃO PRETO,ESTADUAL,1.0,0.0,0.0,0.0,1.0,0.0,0.0,0.0,0.0,0.0,0.0,0.0,0.0,0.0,0.0,0.0
2026-02-08T00:00:00,10:22:26,L06-INTERVIAS,SP330,190.5,NORTE,-22.17064061,-47.39901079,ATROPELAMENTO DE ANIMAL,ATROP. ANIMAL-OUTROS,ANIMAL NA RODOVIA,0,0,0,0,LEME,CAMPINAS,RIO CLARO,ESTADUAL,1.0,0.0,0.0,0.0,0.0,0.0,0.0,0.0,0.0,0.0,0.0,0.0,0.0,0.0,0.0,0.0
2026-02-08T00:00:00,12:14:42,L01-AUTOBAN,SP330,85.5,SUL,-22.986357795564,-47.041367590427,CHOQUE,CHOQUE-DEFENSA/BARREIRA,NÃO INFORMADO,0,0,0,0,VALINHOS,CAMPINAS,CAMPINAS,ESTADUAL,1.0,0.0,0.0,0.0,0.0,0.0,0.0,0.0,0.0,0.0,0.0,0.0,0.0,0.0,0.0,0.0
2026-02-08T00:00:00,19:09:34,L28-ENTREVIAS,SP330,359.76,NORTE,-20.77172110433272,-47.8915130667888,CHOQUE,CHOQUE-TALUDE/BARRANCO,PANE MECÂNICA/ELÉTRICA,2,0,0,0,ORLÂNDIA,FRANCA,RIBEIRÃO PRETO,ESTADUAL,1.0,0.0,0.0,0.0,0.0,0.0,0.0,0.0,0.0,0.0,0.0,0.0,0.0,0.0,0.0,0.0
2026-02-08T00:00:00,20:59:00,L28-ENTREVIAS,SP330,440.2,NORTE,-20.05736446129254,-47.78809308818636,QUEDA,CHOQUE-OAE (PONTE/VIADUTO),IMPRUD. CONDUTOR-EMBRIAGUEZ,1,0,0,0,ARAMINA,FRANCA,RIBEIRÃO PRETO,ESTADUAL,1.0,0.0,0.0,0.0,0.0,0.0,0.0,0.0,0.0,0.0,0.0,0.0,0.0,0.0,0.0,0.0
2026-02-08T00:00:00,21:02:43,L01-AUTOBAN,SP330,114.82,SUL,-22.793959447412,-47.225540505528,CHOQUE,CHOQUE-DEFENSA/BARREIRA,NÃO INFORMADO,0,1,0,0,SUMARÉ,CAMPINAS,CAMPINAS,ESTADUAL,1.0,0.0,0.0,0.0,0.0,0.0,0.0,0.0,0.0,0.0,0.0,0.0,0.0,0.0,0.0,0.0
2026-02-08T00:00:00,22:03:11,L06-INTERVIAS,SP330,170.0,SUL,-22.35387049,-47.39510493,CHOQUE,CHOQUE-OBJETO NA PISTA,OBJETO NA PISTA,0,0,0,0,ARARAS,CAMPINAS,RIO CLARO,ESTADUAL,1.0,0.0,0.0,0.0,0.0,0.0,0.0,0.0,0.0,0.0,0.0,0.0,0.0,0.0,0.0,0.0
2026-02-08T00:00:00,22:28:25,L06-INTERVIAS,SP330,198.2,SUL,-22.10325369,-47.41447785,CHOQUE,CHOQUE-OUTROS,PAVIMENTO RUIM/IRREGULAR,0,0,0,0,SANTA CRUZ DA CONCEIÇÃO,CAMPINAS,RIO CLARO,ESTADUAL,1.0,0.0,0.0,0.0,0.0,0.0,0.0,0.0,0.0,0.0,0.0,0.0,0.0,0.0,0.0,0.0
2026-02-09T00:00:00,00:48:32,L29-VIAPAULISTA,SP330,307.376,NORTE,-21.206987,-47.75829808,CHOQUE,CHOQUE-DEFENSA/BARREIRA,IMPRUD. CONDUTOR-PERDA DE CONTROLE,0,0,0,0,RIBEIRÃO PRETO,RIBEIRÃO PRETO,RIBEIRÃO PRETO,ESTADUAL,0.0,0.0,0.0,1.0,0.0,0.0,0.0,0.0,0.0,0.0,0.0,0.0,0.0,0.0,0.0,0.0
2026-02-09T00:00:00,02:21:06,L01-AUTOBAN,SP330,92.0,NORTE,-22.935116422047,-47.071389555931,QUEDA,CHOQUE-OAE (PONTE/VIADUTO),NÃO INFORMADO,0,0,0,0,CAMPINAS,CAMPINAS,CAMPINAS,ESTADUAL,1.0,0.0,0.0,0.0,0.0,0.0,0.0,0.0,0.0,0.0,0.0,0.0,0.0,0.0,0.0,0.0
2026-02-09T00:00:00,02:32:56,L06-INTERVIAS,SP330,198.2,SUL,-22.10325369,-47.41447785,CHOQUE,CHOQUE-OUTROS,PAVIMENTO RUIM/IRREGULAR,0,0,0,0,SANTA CRUZ DA CONCEIÇÃO,CAMPINAS,RIO CLARO,ESTADUAL,1.0,0.0,0.0,0.0,0.0,0.0,0.0,0.0,0.0,0.0,0.0,0.0,0.0,0.0,0.0,0.0
2026-02-09T00:00:00,03:07:08,L01-AUTOBAN,SP330,102.0,SUL,-22.868355,-47.132428,TOMBAMENTO,TOMBAMENTO,NÃO INFORMADO,2,0,0,0,CAMPINAS,CAMPINAS,CAMPINAS,ESTADUAL,0.0,0.0,1.0,0.0,0.0,0.0,0.0,0.0,0.0,0.0,0.0,0.0,0.0,0.0,0.0,0.0
2026-02-09T00:00:00,07:29:34,L01-AUTOBAN,SPM330D,26.0,NORTE,-23.420506628573,-46.794564127922,COLISÃO,COLISÃO-LATERAL,NÃO INFORMADO,1,0,0,0,SÃO PAULO,NÃO INFORMADO,NÃO INFORMADO,NÃO INFORMADO,1.0,0.0,1.0,0.0,0.0,0.0,0.0,0.0,0.0,0.0,0.0,0.0,0.0,0.0,0.0,0.0
2026-02-09T00:00:00,07:29:42,L01-AUTOBAN,SP330,34.0,NORTE,-23.37569,-46.840102,TOMBAMENTO,TOMBAMENTO,NÃO INFORMADO,0,0,0,0,CAJAMAR,REG. METROPOLITANA SÃO PAULO,SÃO PAULO,ESTADUAL,0.0,0.0,0.0,1.0,0.0,0.0,0.0,0.0,0.0,0.0,0.0,0.0,0.0,0.0,0.0,0.0
2026-02-09T00:00:00,08:10:43,L29-VIAPAULISTA,SPA307/330,1.0,LESTE,-21.200165,-47.766775,COLISÃO,COLISÃO-TRASEIRA,IMPRUD. CONDUTOR-MUDANÇA DE FAIXA,2,0,0,0,RIBEIRÃO PRETO,RIBEIRÃO PRETO,RIBEIRÃO PRETO,ESTADUAL,1.0,0.0,1.0,0.0,0.0,0.0,0.0,0.0,0.0,0.0,0.0,0.0,0.0,0.0,0.0,0.0
2026-02-09T00:00:00,08:20:08,L29-VIAPAULISTA,SPA307/330,2.0,LESTE,-21.19471405,-47.7743033,COLISÃO,COLISÃO-TRASEIRA,IMPRUD. CONDUTOR-DIST. INADEQUADA ENTRE VEÍC.,0,0,0,0,RIBEIRÃO PRETO,RIBEIRÃO PRETO,RIBEIRÃO PRETO,ESTADUAL,2.0,0.0,0.0,0.0,0.0,0.0,0.0,0.0,0.0,0.0,0.0,0.0,0.0,0.0,0.0,0.0
2026-02-09T00:00:00,08:32:03,L01-AUTOBAN,SP330,59.0,NORTE,-23.188929625354,-46.906567811966,COLISÃO,COLISÃO-TRASEIRA,NÃO INFORMADO,1,0,0,0,JUNDIAÍ,CAMPINAS,CAMPINAS,ESTADUAL,2.0,0.0,0.0,0.0,0.0,0.0,0.0,0.0,0.0,0.0,0.0,0.0,0.0,0.0,0.0,0.0
2026-02-09T00:00:00,09:50:08,L01-AUTOBAN,SP330,106.7,SUL,-22.841941148017,-47.168881396283,ENGAVETAMENTO,ENGAVETAMENTO,NÃO INFORMADO,0,0,0,0,SUMARÉ,CAMPINAS,CAMPINAS,ESTADUAL,1.0,2.0,0.0,0.0,0.0,0.0,0.0,0.0,0.0,0.0,0.0,0.0,0.0,0.0,0.0,0.0
2026-02-09T00:00:00,10:42:25,L01-AUTOBAN,SP330,55.0,NORTE,-23.216200395138,-46.883779764175,COLISÃO,COLISÃO-LATERAL,NÃO INFORMADO,1,0,0,0,JUNDIAÍ,CAMPINAS,CAMPINAS,ESTADUAL,1.0,0.0,1.0,0.0,0.0,0.0,0.0,0.0,0.0,0.0,0.0,0.0,0.0,0.0,0.0,0.0
2026-02-09T00:00:00,11:39:39,L01-AUTOBAN,SP330,102.7,NORTE,-22.863746725546,-47.137108483048,CHOQUE,CHOQUE-DEFENSA/BARREIRA,NÃO INFORMADO,0,0,0,0,CAMPINAS,CAMPINAS,CAMPINAS,ESTADUAL,1.0,0.0,0.0,0.0,0.0,0.0,0.0,0.0,0.0,0.0,0.0,0.0,0.0,0.0,0.0,0.0
2026-02-09T00:00:00,11:52:31,L01-AUTOBAN,SP330,107.5,NORTE,-22.836018889871,-47.174000144005,COLISÃO,COLISÃO-TRASEIRA,NÃO INFORMADO,0,0,0,0,SUMARÉ,CAMPINAS,CAMPINAS,ESTADUAL,1.0,1.0,0.0,0.0,0.0,0.0,0.0,0.0,0.0,0.0,0.0,0.0,0.0,0.0,0.0,0.0
2026-02-09T00:00:00,12:40:41,L29-VIAPAULISTA,SPA307/330,0.1,OESTE,-21.20565411,-47.75833171,CHOQUE,CHOQUE-OBJETO NA PISTA,OBJETO NA PISTA,0,0,0,0,RIBEIRÃO PRETO,RIBEIRÃO PRETO,RIBEIRÃO PRETO,ESTADUAL,1.0,0.0,0.0,0.0,0.0,0.0,0.0,0.0,0.0,0.0,0.0,0.0,0.0,0.0,0.0,0.0
2026-02-09T00:00:00,13:56:25,L01-AUTOBAN,SP330,92.0,NORTE,-22.935116422047,-47.071389555931,QUEDA,CHOQUE-OAE (PONTE/VIADUTO),NÃO INFORMADO,0,1,0,0,CAMPINAS,CAMPINAS,CAMPINAS,ESTADUAL,1.0,0.0,0.0,0.0,0.0,0.0,0.0,0.0,0.0,0.0,0.0,0.0,0.0,0.0,0.0,0.0
2026-02-09T00:00:00,14:31:53,L29-VIAPAULISTA,SP330,277.38,NORTE,-21.44591679,-47.64818521,CHOQUE,CHOQUE-DEFENSA/BARREIRA,CONDIÇÃO CLIMÁTICA,0,0,0,0,SÃO SIMÃO,RIBEIRÃO PRETO,RIBEIRÃO PRETO,ESTADUAL,1.0,0.0,0.0,0.0,0.0,0.0,0.0,0.0,0.0,0.0,0.0,0.0,0.0,0.0,0.0,0.0
2026-02-09T00:00:00,17:20:13,L01-AUTOBAN,SP330,64.0,NORTE,-23.153219241232,-46.935594677925,TOMBAMENTO,TOMBAMENTO,NÃO INFORMADO,1,0,0,0,JUNDIAÍ,CAMPINAS,CAMPINAS,ESTADUAL,0.0,0.0,1.0,0.0,0.0,0.0,0.0,0.0,0.0,0.0,0.0,0.0,0.0,0.0,0.0,0.0
2026-02-09T00:00:00,17:57:03,L06-INTERVIAS,SP330,219.7,SUL,-21.91722498,-47.47350428,COLISÃO,COLISÃO-TRASEIRA,IMPRUD. CONDUTOR,0,0,0,0,PIRASSUNUNGA,CAMPINAS,RIO CLARO,ESTADUAL,1.0,0.0,0.0,0.0,1.0,0.0,0.0,0.0,0.0,0.0,0.0,0.0,0.0,0.0,0.0,0.0
2026-02-09T00:00:00,18:03:58,L28-ENTREVIAS,SP330,326.1,SUL,-21.06397259029118,-47.8168615453245,COLISÃO,COLISÃO-FRONTAL,IMPRUD. CONDUTOR-LEVOU FECHADA,0,0,0,0,JARDINÓPOLIS,RIBEIRÃO PRETO,RIBEIRÃO PRETO,ESTADUAL,2.0,0.0,0.0,0.0,0.0,0.0,0.0,0.0,0.0,0.0,0.0,0.0,0.0,0.0,0.0,0.0
2026-02-09T00:00:00,19:13:50,L01-AUTOBAN,SP330,13.0,NORTE,-23.507909,-46.740539,CHOQUE,CHOQUE-ELEMENTO DE DRENAGEM,NÃO INFORMADO,0,0,0,0,SÃO PAULO,REG. METROPOLITANA SÃO PAULO,SÃO PAULO,ESTADUAL,1.0,0.0,0.0,0.0,0.0,0.0,0.0,0.0,0.0,0.0,0.0,0.0,0.0,0.0,0.0,0.0
2026-02-09T00:00:00,20:05:42,L28-ENTREVIAS,SP330,322.57,SUL,-21.09067401966189,-47.79609111098393,CAPOTAMENTO,CAPOTAMENTO,PANE MECÂNICA/ELÉTRICA,0,0,0,0,RIBEIRÃO PRETO,RIBEIRÃO PRETO,RIBEIRÃO PRETO,ESTADUAL,0.0,0.0,0.0,0.0,0.0,0.0,0.0,0.0,0.0,0.0,1.0,0.0,0.0,0.0,0.0,0.0
2026-02-09T00:00:00,23:34:17,L01-AUTOBAN,SP330,30.5,NORTE,-23.403262126451,-46.832836568356,COLISÃO,COLISÃO-LATERAL,NÃO INFORMADO,0,0,0,0,CAJAMAR,REG. METROPOLITANA SÃO PAULO,SÃO PAULO,ESTADUAL,1.0,0.0,0.0,0.0,1.0,0.0,0.0,0.0,0.0,0.0,0.0,0.0,0.0,0.0,0.0,0.0
2026-02-10T00:00:00,00:08:53,L06-INTERVIAS,SP330,218.5,SUL,-21.92760773,-47.47000391,TOMBAMENTO,TOMBAMENTO,IMPRUD. CONDUTOR-DORMIR AO VOLANTE,0,0,0,0,PIRASSUNUNGA,CAMPINAS,RIO CLARO,ESTADUAL,0.0,0.0,0.0,1.0,0.0,0.0,0.0,0.0,0.0,0.0,0.0,0.0,0.0,0.0,0.0,0.0
2026-02-10T00:00:00,03:41:03,L29-VIAPAULISTA,SP330,300.65,SUL,-21.26790521,-47.75597431,CHOQUE,CHOQUE-ELEMENTO DE DRENAGEM,IMPRUD. CONDUTOR-PERDA DE CONTROLE,0,0,0,0,RIBEIRÃO PRETO,RIBEIRÃO PRETO,RIBEIRÃO PRETO,ESTADUAL,1.0,0.0,0.0,0.0,0.0,0.0,0.0,0.0,0.0,0.0,0.0,0.0,0.0,0.0,0.0,0.0
2026-02-10T00:00:00,05:03:39,L29-VIAPAULISTA,SP330,310.286,NORTE,-21.18076478,-47.75692241,COLISÃO,COLISÃO-LATERAL,IMPRUD. CONDUTOR-LEVOU FECHADA,0,0,1,0,RIBEIRÃO PRETO,RIBEIRÃO PRETO,RIBEIRÃO PRETO,ESTADUAL,0.0,0.0,1.0,0.0,1.0,0.0,0.0,0.0,0.0,0.0,0.0,0.0,0.0,0.0,0.0,0.0
2026-02-10T00:00:00,06:51:58,L06-INTERVIAS,SP330,198.1,SUL,-22.10410901,-47.41418798,CHOQUE,CHOQUE-OUTROS,PAVIMENTO RUIM/IRREGULAR,0,0,0,0,SANTA CRUZ DA CONCEIÇÃO,CAMPINAS,RIO CLARO,ESTADUAL,0.0,0.0,0.0,1.0,0.0,0.0,0.0,0.0,0.0,0.0,0.0,0.0,0.0,0.0,0.0,0.0
2026-02-10T00:00:00,07:23:09,L06-INTERVIAS,SP330,198.1,SUL,-22.10410901,-47.41418798,CHOQUE,CHOQUE-OUTROS,PAVIMENTO RUIM/IRREGULAR,0,0,0,0,SANTA CRUZ DA CONCEIÇÃO,CAMPINAS,RIO CLARO,ESTADUAL,1.0,0.0,0.0,0.0,0.0,0.0,0.0,0.0,0.0,0.0,0.0,0.0,0.0,0.0,0.0,0.0
2026-02-10T00:00:00,08:03:55,L01-AUTOBAN,SPM330D,86.0,NORTE,-22.982725,-47.043589,CAPOTAMENTO,CAPOTAMENTO,NÃO INFORMADO,1,0,0,0,VALINHOS,CAMPINAS,CAMPINAS,ESTADUAL,1.0,0.0,0.0,0.0,0.0,0.0,0.0,0.0,0.0,0.0,0.0,0.0,0.0,0.0,0.0,0.0
2026-02-10T00:00:00,08:09:58,L29-VIAPAULISTA,SP330,309.25,SUL,-21.19202201,-47.75752188,TOMBAMENTO,TOMBAMENTO,IMPRUD. CONDUTOR-LEVOU FECHADA,1,0,0,0,RIBEIRÃO PRETO,RIBEIRÃO PRETO,RIBEIRÃO PRETO,ESTADUAL,0.0,0.0,1.0,0.0,0.0,0.0,0.0,0.0,0.0,0.0,0.0,0.0,0.0,0.0,0.0,0.0
2026-02-10T00:00:00,08:43:25,L01-AUTOBAN,SP330,70.0,NORTE,-23.105884989274,-46.962572336197,TOMBAMENTO,TOMBAMENTO,NÃO INFORMADO,0,0,0,0,LOUVEIRA,CAMPINAS,CAMPINAS,ESTADUAL,0.0,0.0,1.0,0.0,0.0,0.0,0.0,0.0,0.0,0.0,0.0,0.0,0.0,0.0,0.0,0.0
2026-02-10T00:00:00,09:43:27,L06-INTERVIAS,SP330,180.5,NORTE,-22.26031968,-47.39019758,CHOQUE,CHOQUE-DEFENSA/BARREIRA,IMPRUD. CONDUTOR-PERDA DE CONTROLE,0,0,0,0,ARARAS,CAMPINAS,RIO CLARO,ESTADUAL,0.0,0.0,0.0,0.0,1.0,0.0,0.0,0.0,0.0,0.0,0.0,0.0,0.0,0.0,0.0,0.0
2026-02-10T00:00:00,09:47:12,L01-AUTOBAN,SP330,107.6,SUL,-22.835702982425,-47.174768318705,COLISÃO,COLISÃO-LATERAL,NÃO INFORMADO,0,0,0,0,SUMARÉ,CAMPINAS,CAMPINAS,ESTADUAL,0.0,0.0,1.0,0.0,0.0,0.0,1.0,0.0,0.0,0.0,0.0,0.0,0.0,0.0,0.0,0.0
2026-02-10T00:00:00,10:05:41,L29-VIAPAULISTA,SPA307/330,2.475,OESTE,-21.19204303,-47.77802838,CAPOTAMENTO,CAPOTAMENTO,CONDIÇÃO CLIMÁTICA,0,0,0,0,RIBEIRÃO PRETO,RIBEIRÃO PRETO,RIBEIRÃO PRETO,ESTADUAL,1.0,0.0,0.0,0.0,0.0,0.0,0.0,0.0,0.0,0.0,0.0,0.0,0.0,0.0,0.0,0.0
2026-02-10T00:00:00,10:40:56,L01-AUTOBAN,SP330,104.5,SUL,-22.854582181449,-47.152767777443,COLISÃO,COLISÃO-TRASEIRA,NÃO INFORMADO,1,0,0,0,CAMPINAS,CAMPINAS,CAMPINAS,ESTADUAL,1.0,1.0,0.0,0.0,0.0,0.0,0.0,0.0,0.0,0.0,0.0,0.0,0.0,0.0,0.0,0.0
2026-02-10T00:00:00,14:26:49,L01-AUTOBAN,SPM330D,51.0,NORTE,-23.247921,-46.865964,CHOQUE,CHOQUE-DEFENSA/BARREIRA,NÃO INFORMADO,1,0,0,0,JUNDIAÍ,CAMPINAS,CAMPINAS,ESTADUAL,1.0,0.0,0.0,0.0,0.0,0.0,0.0,0.0,0.0,0.0,0.0,0.0,0.0,0.0,0.0,0.0
2026-02-10T00:00:00,14:33:25,L29-VIAPAULISTA,SP330,245.807,SUL,-21.71972359,-47.58921475,COLISÃO,COLISÃO-TRASEIRA,IMPRUD. CONDUTOR-MUDANÇA DE FAIXA,0,0,0,0,SANTA RITA DO PASSA QUATRO,CENTRAL,RIBEIRÃO PRETO,ESTADUAL,0.0,0.0,0.0,0.0,2.0,0.0,0.0,0.0,0.0,0.0,0.0,0.0,0.0,0.0,0.0,0.0
2026-02-10T00:00:00,15:18:00,L28-ENTREVIAS,SP330,416.7,SUL,-20.28120757833336,-47.79731786847458,CAPOTAMENTO,CAPOTAMENTO,IMPRUD. CONDUTOR-PERDA DE CONTROLE,0,1,0,0,ITUVERAVA,FRANCA,RIBEIRÃO PRETO,ESTADUAL,0.0,0.0,0.0,0.0,1.0,0.0,0.0,0.0,0.0,0.0,0.0,0.0,0.0,0.0,0.0,0.0
2026-02-10T00:00:00,18:25:41,L29-VIAPAULISTA,SPA307/330,2.806,OESTE,-21.19029667,-47.7808684,COLISÃO,COLISÃO-LATERAL,IMPRUD. CONDUTOR,0,2,0,0,RIBEIRÃO PRETO,RIBEIRÃO PRETO,RIBEIRÃO PRETO,ESTADUAL,0.0,0.0,2.0,0.0,0.0,0.0,0.0,0.0,0.0,0.0,0.0,0.0,0.0,0.0,0.0,0.0
2026-02-10T00:00:00,18:32:27,L01-AUTOBAN,SP330,75.9,SUL,-23.061341688469,-46.993901508736,COLISÃO,COLISÃO-LATERAL,NÃO INFORMADO,0,0,0,0,VINHEDO,CAMPINAS,CAMPINAS,ESTADUAL,2.0,0.0,0.0,0.0,0.0,0.0,0.0,0.0,0.0,0.0,0.0,0.0,0.0,0.0,0.0,0.0
2026-02-10T00:00:00,19:52:10,L06-INTERVIAS,SP330,160.9,SUL,-22.43455418,-47.3956681,CHOQUE,CHOQUE-OUTROS,PAVIMENTO RUIM/IRREGULAR,0,0,0,0,ARARAS,CAMPINAS,RIO CLARO,ESTADUAL,0.0,0.0,1.0,0.0,0.0,0.0,0.0,0.0,0.0,0.0,0.0,0.0,0.0,0.0,0.0,0.0
2026-02-10T00:00:00,20:10:29,L01-AUTOBAN,SP330,79.0,SUL,-23.037406,-47.009422,CHOQUE,CHOQUE-DEFENSA/BARREIRA,NÃO INFORMADO,1,0,0,0,VINHEDO,CAMPINAS,CAMPINAS,ESTADUAL,1.0,0.0,0.0,0.0,0.0,0.0,0.0,0.0,0.0,0.0,0.0,0.0,0.0,0.0,0.0,0.0
2026-02-10T00:00:00,22:32:32,L06-INTERVIAS,SP330,183.65,SUL,-22.2318954,-47.39146691,COLISÃO,COLISÃO-TRASEIRA,IMPRUD. CONDUTOR,0,0,0,0,LEME,CAMPINAS,RIO CLARO,ESTADUAL,1.0,0.0,0.0,0.0,1.0,0.0,0.0,0.0,0.0,0.0,0.0,0.0,0.0,0.0,0.0,0.0
2026-02-11T00:00:00,06:48:32,L01-AUTOBAN,SP330,13.3,SUL,-23.50786217008,-46.743042113302,COLISÃO,COLISÃO-TRASEIRA,NÃO INFORMADO,0,0,0,0,SÃO PAULO,REG. METROPOLITANA SÃO PAULO,SÃO PAULO,ESTADUAL,1.0,1.0,0.0,0.0,0.0,0.0,0.0,0.0,0.0,0.0,0.0,0.0,0.0,0.0,0.0,0.0
2026-02-11T00:00:00,07:26:27,L01-AUTOBAN,SP330,103.0,NORTE,-22.862197108808,-47.13924407959,COLISÃO,COLISÃO-TRASEIRA,NÃO INFORMADO,2,0,0,0,CAMPINAS,CAMPINAS,CAMPINAS,ESTADUAL,1.0,0.0,0.0,0.0,1.0,0.0,0.0,0.0,0.0,0.0,0.0,0.0,0.0,0.0,0.0,0.0
2026-02-11T00:00:00,09:11:51,L01-AUTOBAN,SPM330D,25.0,NORTE,-23.426127,-46.787542,TOMBAMENTO,TOMBAMENTO,NÃO INFORMADO,0,0,0,0,SÃO PAULO,REG. METROPOLITANA SÃO PAULO,SÃO PAULO,ESTADUAL,0.0,0.0,1.0,0.0,0.0,0.0,0.0,0.0,0.0,0.0,0.0,0.0,0.0,0.0,0.0,0.0
2026-02-11T00:00:00,10:30:07,L06-INTERVIAS,SP330,161.13,SUL,-22.43253637,-47.39511354,CHOQUE,CHOQUE-OUTROS,PAVIMENTO RUIM/IRREGULAR,0,0,0,0,ARARAS,CAMPINAS,RIO CLARO,ESTADUAL,0.0,0.0,0.0,0.0,1.0,0.0,0.0,0.0,0.0,0.0,0.0,0.0,0.0,0.0,0.0,0.0
2026-02-11T00:00:00,11:54:29,L01-AUTOBAN,SPI102/330,5.0,NORTE,-22.906904124332,-47.13676571846,COLISÃO,COLISÃO-TRASEIRA,NÃO INFORMADO,0,0,1,0,CAMPINAS,CAMPINAS,CAMPINAS,ESTADUAL,0.0,0.0,0.0,2.0,0.0,0.0,0.0,0.0,0.0,0.0,0.0,0.0,0.0,0.0,0.0,0.0
2026-02-11T00:00:00,20:54:01,L01-AUTOBAN,SP330,71.0,NORTE,-23.097521444929,-46.968086957932,CHOQUE,CHOQUE-OBJETO NA PISTA,NÃO INFORMADO,0,0,0,0,LOUVEIRA,CAMPINAS,CAMPINAS,ESTADUAL,3.0,0.0,0.0,0.0,1.0,0.0,0.0,0.0,0.0,0.0,0.0,0.0,0.0,0.0,0.0,0.0
2026-02-11T00:00:00,22:13:41,L01-AUTOBAN,SP330,53.0,SUL,-23.230945296234,-46.87306702137,COLISÃO,COLISÃO-TRASEIRA,NÃO INFORMADO,0,0,0,0,JUNDIAÍ,CAMPINAS,CAMPINAS,ESTADUAL,2.0,0.0,0.0,0.0,0.0,0.0,0.0,0.0,0.0,0.0,0.0,0.0,0.0,0.0,0.0,0.0
2026-02-11T00:00:00,22:20:58,L29-VIAPAULISTA,SP330,285.87,SUL,-21.3921641,-47.69470675,CHOQUE,CHOQUE-TALUDE/BARRANCO,CONDIÇÃO CLIMÁTICA,0,0,0,0,CRAVINHOS,RIBEIRÃO PRETO,RIBEIRÃO PRETO,ESTADUAL,1.0,0.0,0.0,0.0,0.0,0.0,0.0,0.0,0.0,0.0,0.0,0.0,0.0,0.0,0.0,0.0
2026-02-11T00:00:00,22:38:09,L28-ENTREVIAS,SP330,325.73,SUL,-21.06720523804188,-47.81418333094935,ATROPELAMENTO DE ANIMAL,ATROP. ANIMAL-SILVESTRE GRANDE,ANIMAL NA RODOVIA,0,0,0,0,JARDINÓPOLIS,RIBEIRÃO PRETO,RIBEIRÃO PRETO,ESTADUAL,1.0,0.0,0.0,0.0,0.0,0.0,0.0,0.0,0.0,0.0,0.0,0.0,0.0,0.0,0.0,0.0
2026-02-12T00:00:00,02:41:59,L01-AUTOBAN,SP330,16.75,SUL,-23.491062264866,-46.765012890101,COLISÃO,COLISÃO-TRASEIRA,NÃO INFORMADO,2,0,0,0,SÃO PAULO,REG. METROPOLITANA SÃO PAULO,SÃO PAULO,ESTADUAL,1.0,0.0,0.0,0.0,1.0,0.0,0.0,0.0,0.0,0.0,0.0,0.0,0.0,0.0,0.0,0.0
2026-02-12T00:00:00,07:37:26,L01-AUTOBAN,SP330,111.2,SUL,-22.817263752098,-47.203256583989,COLISÃO,COLISÃO-TRASEIRA,NÃO INFORMADO,3,0,0,0,SUMARÉ,CAMPINAS,CAMPINAS,ESTADUAL,1.0,0.0,2.0,0.0,0.0,0.0,0.0,0.0,0.0,0.0,0.0,0.0,0.0,0.0,0.0,0.0
2026-02-12T00:00:00,09:03:47,L01-AUTOBAN,SP330,147.0,SUL,-22.552865090444,-47.371035218239,COLISÃO,COLISÃO-LATERAL,NÃO INFORMADO,1,0,0,0,LIMEIRA,CAMPINAS,RIO CLARO,ESTADUAL,0.0,0.0,0.0,0.0,1.0,0.0,0.0,0.0,0.0,0.0,0.0,0.0,0.0,0.0,0.0,0.0
2026-02-12T00:00:00,11:36:33,L29-VIAPAULISTA,SP330,253.727,SUL,-21.65132341,-47.61028051,CHOQUE,CHOQUE-SINALIZAÇÃO/EQUIPAMENTO,IMPRUD. CONDUTOR-LEVOU FECHADA,0,0,0,0,SANTA RITA DO PASSA QUATRO,CENTRAL,RIBEIRÃO PRETO,ESTADUAL,0.0,0.0,0.0,0.0,1.0,0.0,0.0,0.0,0.0,0.0,0.0,0.0,0.0,0.0,0.0,0.0
2026-02-12T00:00:00,11:42:40,L29-VIAPAULISTA,SP330,281.206,NORTE,-21.41255042,-47.66566106,CHOQUE,CHOQUE-PRAÇA DE PEDÁGIO,IMPRUD. CONDUTOR-PERDA DE CONTROLE,0,0,0,0,SÃO SIMÃO,RIBEIRÃO PRETO,RIBEIRÃO PRETO,ESTADUAL,0.0,0.0,0.0,1.0,0.0,0.0,0.0,0.0,0.0,0.0,0.0,0.0,0.0,0.0,0.0,0.0
2026-02-12T00:00:00,13:36:12,L01-AUTOBAN,SPM330E,55.0,SUL,-23.216229975306,-46.884031891823,COLISÃO,COLISÃO-TRASEIRA,NÃO INFORMADO,0,1,0,0,JUNDIAÍ,CAMPINAS,CAMPINAS,ESTADUAL,1.0,0.0,1.0,0.0,0.0,0.0,0.0,0.0,0.0,0.0,0.0,0.0,0.0,0.0,0.0,0.0
2026-02-12T00:00:00,13:48:27,L01-AUTOBAN,SP330,98.0,SUL,-22.896245165998,-47.110952138901,CHOQUE,CHOQUE-DEFENSA/BARREIRA,NÃO INFORMADO,0,0,0,0,CAMPINAS,CAMPINAS,CAMPINAS,ESTADUAL,1.0,0.0,0.0,0.0,1.0,0.0,0.0,0.0,0.0,0.0,0.0,0.0,0.0,0.0,0.0,0.0
2026-02-12T00:00:00,14:51:32,L01-AUTOBAN,SP330,91.0,NORTE,-22.942859,-47.066539,TOMBAMENTO,TOMBAMENTO,NÃO INFORMADO,0,0,0,0,CAMPINAS,CAMPINAS,CAMPINAS,ESTADUAL,0.0,0.0,1.0,0.0,0.0,0.0,0.0,0.0,0.0,0.0,0.0,0.0,0.0,0.0,0.0,0.0
2026-02-12T00:00:00,16:52:46,L29-VIAPAULISTA,SP330,286.25,NORTE,-21.38418081,-47.7019056,COLISÃO,COLISÃO-LATERAL,IMPRUD. CONDUTOR-LEVOU FECHADA,0,0,0,0,CRAVINHOS,RIBEIRÃO PRETO,RIBEIRÃO PRETO,ESTADUAL,1.0,0.0,0.0,0.0,1.0,0.0,0.0,0.0,0.0,0.0,0.0,0.0,0.0,0.0,0.0,0.0
2026-02-12T00:00:00,17:01:00,L29-VIAPAULISTA,SP330,312.2,SUL,-21.16381375,-47.75617866,COLISÃO,COLISÃO-TRASEIRA,FALHA DE EQUIP. PEDÁGIO-PISTA AVI,0,0,0,0,RIBEIRÃO PRETO,RIBEIRÃO PRETO,RIBEIRÃO PRETO,ESTADUAL,2.0,0.0,0.0,0.0,0.0,0.0,0.0,0.0,0.0,0.0,0.0,0.0,0.0,0.0,0.0,0.0
2026-02-12T00:00:00,17:13:35,L01-AUTOBAN,SP330,150.0,SUL,-22.530103711715,-47.38679587841,COLISÃO,COLISÃO-TRASEIRA,NÃO INFORMADO,1,0,0,0,LIMEIRA,CAMPINAS,RIO CLARO,ESTADUAL,0.0,0.0,0.0,0.0,2.0,0.0,0.0,0.0,0.0,0.0,0.0,0.0,0.0,0.0,0.0,0.0
2026-02-12T00:00:00,17:52:10,L29-VIAPAULISTA,SP330,315.2,SUL,-21.13776791,-47.76279971,ENGAVETAMENTO,ENGAVETAMENTO,IMPRUD. CONDUTOR,0,0,0,0,RIBEIRÃO PRETO,RIBEIRÃO PRETO,RIBEIRÃO PRETO,ESTADUAL,3.0,0.0,0.0,0.0,0.0,0.0,0.0,0.0,0.0,0.0,0.0,0.0,0.0,0.0,0.0,0.0
2026-02-12T00:00:00,18:30:38,L01-AUTOBAN,SP330,61.0,SUL,-23.175304483475,-46.918702125549,COLISÃO,COLISÃO-LATERAL,NÃO INFORMADO,2,0,0,0,JUNDIAÍ,CAMPINAS,CAMPINAS,ESTADUAL,1.0,0.0,1.0,0.0,0.0,0.0,0.0,0.0,0.0,0.0,0.0,0.0,0.0,0.0,0.0,0.0
2026-02-12T00:00:00,18:31:40,L01-AUTOBAN,SP330,109.0,NORTE,-22.827374159413,-47.183876037598,ENGAVETAMENTO,ENGAVETAMENTO,NÃO INFORMADO,0,0,0,0,SUMARÉ,CAMPINAS,CAMPINAS,ESTADUAL,0.0,0.0,0.0,2.0,0.0,0.0,0.0,0.0,0.0,0.0,0.0,0.0,0.0,0.0,0.0,0.0
2026-02-12T00:00:00,19:47:44,L01-AUTOBAN,SP330,58.0,NORTE,-23.196902870305,-46.903708577156,COLISÃO,COLISÃO-TRASEIRA,NÃO INFORMADO,0,0,0,0,JUNDIAÍ,CAMPINAS,CAMPINAS,ESTADUAL,2.0,0.0,0.0,0.0,0.0,0.0,0.0,0.0,0.0,0.0,0.0,0.0,0.0,0.0,0.0,0.0
2026-02-12T00:00:00,19:51:00,L28-ENTREVIAS,SP330,377.98,SUL,-20.62996703455516,-47.8822811696939,CHOQUE,CHOQUE-ELEMENTO DE DRENAGEM,PANE MECÂNICA/ELÉTRICA,1,0,0,0,SÃO JOAQUIM DA BARRA,FRANCA,RIBEIRÃO PRETO,ESTADUAL,0.0,0.0,0.0,0.0,1.0,0.0,0.0,0.0,0.0,0.0,0.0,0.0,0.0,0.0,0.0,0.0
2026-02-12T00:00:00,20:30:54,L01-AUTOBAN,SP330,114.0,NORTE,-22.800514260128,-47.221802473068,COLISÃO,COLISÃO-TRASEIRA,NÃO INFORMADO,0,0,0,0,SUMARÉ,CAMPINAS,CAMPINAS,ESTADUAL,0.0,0.0,0.0,0.0,2.0,0.0,0.0,0.0,0.0,0.0,0.0,0.0,0.0,0.0,0.0,0.0
2026-02-13T00:00:00,07:56:04,L29-VIAPAULISTA,SP330,317.5,SUL,-21.12078841,-47.77457255,COLISÃO,COLISÃO-TRASEIRA,IMPRUD. CONDUTOR-DIST. INADEQUADA ENTRE VEÍC.,0,0,0,0,RIBEIRÃO PRETO,RIBEIRÃO PRETO,RIBEIRÃO PRETO,ESTADUAL,1.0,0.0,0.0,1.0,0.0,0.0,0.0,0.0,0.0,0.0,0.0,0.0,0.0,0.0,0.0,0.0
2026-02-13T00:00:00,08:11:42,L01-AUTOBAN,SPM330D,109.0,NORTE,-22.827374159413,-47.183876037598,COLISÃO,COLISÃO-LATERAL,NÃO INFORMADO,1,0,0,0,SUMARÉ,CAMPINAS,CAMPINAS,ESTADUAL,1.0,0.0,1.0,0.0,0.0,0.0,0.0,0.0,0.0,0.0,0.0,0.0,0.0,0.0,0.0,0.0
2026-02-13T00:00:00,09:27:36,L28-ENTREVIAS,SP330,362.85,NORTE,-20.74701080388882,-47.89327961951589,TOMBAMENTO,TOMBAMENTO-MOTO,IMPRUD. CONDUTOR-PERDA DE CONTROLE,0,1,0,0,ORLÂNDIA,FRANCA,RIBEIRÃO PRETO,ESTADUAL,0.0,0.0,1.0,0.0,0.0,0.0,0.0,0.0,0.0,0.0,0.0,0.0,0.0,0.0,0.0,0.0
2026-02-13T00:00:00,12:46:40,L06-INTERVIAS,SP330,208.3,SUL,-22.01526875,-47.44011195,COLISÃO,COLISÃO-LATERAL,IMPRUD. CONDUTOR-LEVOU FECHADA,1,0,0,0,PIRASSUNUNGA,CAMPINAS,RIO CLARO,ESTADUAL,0.0,0.0,1.0,0.0,1.0,0.0,0.0,0.0,0.0,0.0,0.0,0.0,0.0,0.0,0.0,0.0
2026-02-13T00:00:00,13:39:12,L29-VIAPAULISTA,SP330,316.0,SUL,-21.13120643,-47.76686411,TOMBAMENTO,TOMBAMENTO,ESTOURO/FURO DE PNEU,0,0,0,0,RIBEIRÃO PRETO,RIBEIRÃO PRETO,RIBEIRÃO PRETO,ESTADUAL,0.0,0.0,1.0,0.0,0.0,0.0,0.0,0.0,0.0,0.0,0.0,0.0,0.0,0.0,0.0,0.0
2026-02-13T00:00:00,14:02:19,L01-AUTOBAN,SP330,127.6,SUL,-22.707052795024,-47.301326743041,COLISÃO,COLISÃO-TRASEIRA,NÃO INFORMADO,0,0,0,0,AMERICANA,CAMPINAS,RIO CLARO,ESTADUAL,1.0,1.0,0.0,0.0,0.0,0.0,0.0,0.0,0.0,0.0,0.0,0.0,0.0,0.0,0.0,0.0
2026-02-13T00:00:00,14:51:36,L01-AUTOBAN,SPM330E,98.8,SUL,-22.889626933484,-47.112982042427,COLISÃO,COLISÃO-TRASEIRA,NÃO INFORMADO,1,0,0,0,CAMPINAS,CAMPINAS,CAMPINAS,ESTADUAL,1.0,1.0,0.0,0.0,0.0,0.0,0.0,0.0,0.0,0.0,0.0,0.0,0.0,0.0,0.0,0.0
2026-02-13T00:00:00,15:38:32,L06-INTERVIAS,SP330,215.0,SUL,-21.95861761,-47.45975204,CHOQUE,CHOQUE-OBJETO NA PISTA,IMPRUD. CONDUTOR,0,0,0,0,PIRASSUNUNGA,CAMPINAS,RIO CLARO,ESTADUAL,1.0,0.0,0.0,1.0,0.0,0.0,0.0,0.0,0.0,0.0,0.0,0.0,0.0,0.0,0.0,0.0
2026-02-13T00:00:00,15:44:18,L01-AUTOBAN,SP330,20.4,NORTE,-23.46565156984,-46.779886006343,COLISÃO,COLISÃO-TRASEIRA,NÃO INFORMADO,0,0,0,0,OSASCO,REG. METROPOLITANA SÃO PAULO,SÃO PAULO,ESTADUAL,2.0,0.0,0.0,0.0,0.0,0.0,0.0,0.0,0.0,0.0,0.0,0.0,0.0,0.0,0.0,0.0
2026-02-13T00:00:00,15:50:03,L28-ENTREVIAS,SP330,376.0,SUL,-20.65989309798785,-47.88150869349762,OBJETO LANÇADO CONTRA O VEÍCULO,OBJETO LANÇADO CONTRA O VEÍCULO,OBJETO LANÇADO-TERCEIROS,0,0,0,0,SÃO JOAQUIM DA BARRA,FRANCA,RIBEIRÃO PRETO,ESTADUAL,1.0,0.0,0.0,0.0,0.0,0.0,0.0,0.0,0.0,0.0,0.0,0.0,0.0,0.0,0.0,0.0
2026-02-13T00:00:00,17:28:36,L29-VIAPAULISTA,SP330,293.372,NORTE,-21.32750613,-47.72954436,COLISÃO,COLISÃO-TRASEIRA,IMPRUD. CONDUTOR,0,0,0,0,CRAVINHOS,RIBEIRÃO PRETO,RIBEIRÃO PRETO,ESTADUAL,1.0,0.0,0.0,1.0,0.0,0.0,0.0,0.0,0.0,0.0,0.0,0.0,0.0,0.0,0.0,0.0
2026-02-13T00:00:00,18:02:01,L29-VIAPAULISTA,SP330,310.133,NORTE,-21.18214373,-47.75699476,COLISÃO,COLISÃO-TRASEIRA,IMPRUD. CONDUTOR,0,0,0,0,RIBEIRÃO PRETO,RIBEIRÃO PRETO,RIBEIRÃO PRETO,ESTADUAL,2.0,0.0,0.0,0.0,0.0,0.0,0.0,0.0,0.0,0.0,0.0,0.0,0.0,0.0,0.0,0.0
2026-02-13T00:00:00,18:15:24,L01-AUTOBAN,SP330,114.0,SUL,-22.800820864703,-47.222017049789,COLISÃO,COLISÃO-LATERAL,NÃO INFORMADO,0,1,0,0,SUMARÉ,CAMPINAS,CAMPINAS,ESTADUAL,1.0,0.0,1.0,0.0,0.0,0.0,0.0,0.0,0.0,0.0,0.0,0.0,0.0,0.0,0.0,0.0
2026-02-13T00:00:00,18:16:17,L06-INTERVIAS,SP330,188.62,NORTE,-22.19256135,-47.39726742,CHOQUE,CHOQUE-DEFENSA/BARREIRA,IMPRUD. CONDUTOR-LEVOU FECHADA,0,0,0,0,LEME,CAMPINAS,RIO CLARO,ESTADUAL,0.0,1.0,0.0,1.0,0.0,0.0,0.0,0.0,0.0,0.0,0.0,0.0,0.0,0.0,0.0,0.0
2026-02-13T00:00:00,18:31:57,L01-AUTOBAN,SP330,111.0,NORTE,-22.817707777076,-47.201734185219,TOMBAMENTO,TOMBAMENTO,NÃO INFORMADO,1,0,0,0,SUMARÉ,CAMPINAS,CAMPINAS,ESTADUAL,0.0,0.0,1.0,0.0,0.0,0.0,0.0,0.0,0.0,0.0,0.0,0.0,0.0,0.0,0.0,0.0
2026-02-13T00:00:00,22:01:18,L01-AUTOBAN,SP330,115.0,NORTE,-22.792220839274,-47.226083278656,COLISÃO,COLISÃO-TRASEIRA,NÃO INFORMADO,1,0,0,0,SUMARÉ,CAMPINAS,CAMPINAS,ESTADUAL,0.0,0.0,0.0,0.0,2.0,0.0,0.0,0.0,0.0,0.0,0.0,0.0,0.0,0.0,0.0,0.0
2026-02-14T00:00:00,00:33:00,L28-ENTREVIAS,SP330,327.5,NORTE,-21.06397259029118,-47.8168615453245,CHOQUE,CHOQUE-DEFENSA/BARREIRA,IMPRUD. CONDUTOR-EMBRIAGUEZ,0,0,0,0,JARDINÓPOLIS,RIBEIRÃO PRETO,RIBEIRÃO PRETO,ESTADUAL,1.0,0.0,0.0,0.0,0.0,0.0,0.0,0.0,0.0,0.0,0.0,0.0,0.0,0.0,0.0,0.0
2026-02-14T00:00:00,01:28:20,L29-VIAPAULISTA,SP330,299.279,NORTE,-21.27870284,-47.75239917,COLISÃO,COLISÃO-LATERAL,IMPRUD. CONDUTOR,0,0,0,0,CRAVINHOS,RIBEIRÃO PRETO,RIBEIRÃO PRETO,ESTADUAL,0.0,0.0,0.0,1.0,1.0,0.0,0.0,0.0,0.0,0.0,0.0,0.0,0.0,0.0,0.0,0.0
2026-02-14T00:00:00,04:16:04,L06-INTERVIAS,SP330,172.0,SUL,-22.33649613,-47.39039897,CHOQUE,CHOQUE-SINALIZAÇÃO/EQUIPAMENTO,IMPRUD. CONDUTOR-DORMIR AO VOLANTE,0,0,0,0,ARARAS,CAMPINAS,RIO CLARO,ESTADUAL,0.0,0.0,0.0,0.0,1.0,0.0,0.0,0.0,0.0,0.0,0.0,0.0,0.0,0.0,0.0,0.0
2026-02-14T00:00:00,04:25:56,L01-AUTOBAN,SPM330E,109.0,SUL,-22.827506,-47.184259,CHOQUE,CHOQUE-DEFENSA/BARREIRA,NÃO INFORMADO,1,0,0,0,SUMARÉ,CAMPINAS,CAMPINAS,ESTADUAL,1.0,0.0,0.0,0.0,0.0,0.0,0.0,0.0,0.0,0.0,0.0,0.0,0.0,0.0,0.0,0.0
2026-02-14T00:00:00,09:00:47,L28-ENTREVIAS,SP330,321.0,NORTE,-21.09421756485558,-47.79355910567387,COLISÃO,COLISÃO-TRASEIRA,IMPRUD. CONDUTOR-FALTA DE ATENÇÃO,1,0,0,0,RIBEIRÃO PRETO,RIBEIRÃO PRETO,RIBEIRÃO PRETO,ESTADUAL,0.0,1.0,1.0,0.0,0.0,0.0,0.0,0.0,0.0,0.0,0.0,0.0,0.0,0.0,0.0,0.0
2026-02-14T00:00:00,09:09:27,L01-AUTOBAN,SP330,98.0,SUL,-22.896245165998,-47.110952138901,TOMBAMENTO,TOMBAMENTO,NÃO INFORMADO,1,0,0,0,CAMPINAS,CAMPINAS,CAMPINAS,ESTADUAL,0.0,0.0,1.0,0.0,0.0,0.0,1.0,0.0,0.0,0.0,0.0,0.0,0.0,0.0,0.0,0.0
2026-02-14T00:00:00,12:39:00,L28-ENTREVIAS,SP330,403.3,SUL,-20.40251635995207,-47.8219541432576,COLISÃO,COLISÃO-LATERAL,IMPRUD. CONDUTOR-PERDA DE CONTROLE,0,0,0,0,GUARÁ,FRANCA,RIBEIRÃO PRETO,ESTADUAL,0.0,0.0,0.0,0.0,0.0,0.0,0.0,0.0,0.0,0.0,2.0,0.0,0.0,0.0,0.0,0.0
2026-02-14T00:00:00,14:58:40,L01-AUTOBAN,SP330,14.9,NORTE,-23.500572440174,-46.754039798725,COLISÃO,COLISÃO-LATERAL,NÃO INFORMADO,3,0,0,0,SÃO PAULO,REG. METROPOLITANA SÃO PAULO,SÃO PAULO,ESTADUAL,2.0,0.0,0.0,0.0,0.0,0.0,0.0,0.0,0.0,0.0,0.0,0.0,0.0,0.0,0.0,0.0
2026-02-14T00:00:00,15:25:38,L01-AUTOBAN,SP330,111.0,NORTE,-22.817707777076,-47.201734185219,COLISÃO,COLISÃO-TRASEIRA,NÃO INFORMADO,0,0,0,0,SUMARÉ,CAMPINAS,CAMPINAS,ESTADUAL,1.0,0.0,0.0,0.0,0.0,0.0,1.0,0.0,0.0,0.0,0.0,0.0,0.0,0.0,0.0,0.0
2026-02-14T00:00:00,19:46:37,L29-VIAPAULISTA,SP330,266.373,SUL,-21.54128213,-47.64017816,COLISÃO,COLISÃO-TRASEIRA,MAL SÚBITO DO CONDUTOR,0,1,0,0,SÃO SIMÃO,RIBEIRÃO PRETO,RIBEIRÃO PRETO,ESTADUAL,0.0,0.0,0.0,2.0,0.0,0.0,0.0,0.0,0.0,0.0,0.0,0.0,0.0,0.0,0.0,0.0
2026-02-14T00:00:00,22:18:36,L01-AUTOBAN,SP330,51.0,SUL,-23.248256521474,-46.866077184677,COLISÃO,COLISÃO-TRASEIRA,NÃO INFORMADO,2,0,0,0,JUNDIAÍ,CAMPINAS,CAMPINAS,ESTADUAL,2.0,0.0,0.0,0.0,0.0,0.0,0.0,0.0,0.0,0.0,0.0,0.0,0.0,0.0,0.0,0.0
2026-02-14T00:00:00,23:41:19,L29-VIAPAULISTA,SP330,317.891,SUL,-21.11786216,-47.77667271,CHOQUE,CHOQUE-OBJETO NA PISTA,VEÍCULO PARADO NA FAIXA,0,0,0,0,RIBEIRÃO PRETO,RIBEIRÃO PRETO,RIBEIRÃO PRETO,ESTADUAL,0.0,0.0,0.0,1.0,1.0,0.0,0.0,0.0,0.0,0.0,0.0,0.0,0.0,0.0,0.0,0.0
2026-02-15T00:00:00,00:39:22,L01-AUTOBAN,SP330,133.0,NORTE,-22.662851,-47.31864,ATROPELAMENTO DE ANIMAL,ATROP. ANIMAL-OUTROS,NÃO INFORMADO,0,0,0,0,LIMEIRA,CAMPINAS,RIO CLARO,ESTADUAL,1.0,0.0,0.0,0.0,0.0,0.0,0.0,0.0,0.0,0.0,0.0,0.0,0.0,0.0,0.0,0.0
2026-02-15T00:00:00,01:15:07,L06-INTERVIAS,SP330,167.3,NORTE,-22.378315,-47.39418442,ATROPELAMENTO DE ANIMAL,ATROP. ANIMAL-OUTROS,ANIMAL NA RODOVIA,0,0,0,0,ARARAS,CAMPINAS,RIO CLARO,ESTADUAL,0.0,0.0,0.0,0.0,1.0,0.0,0.0,0.0,0.0,0.0,0.0,0.0,0.0,0.0,0.0,0.0
2026-02-15T00:00:00,01:26:56,L06-INTERVIAS,SP330,167.3,NORTE,-22.378315,-47.39418442,ATROPELAMENTO DE ANIMAL,ATROP. ANIMAL-OUTROS,ANIMAL NA RODOVIA,0,0,0,0,ARARAS,CAMPINAS,RIO CLARO,ESTADUAL,1.0,0.0,0.0,0.0,0.0,0.0,0.0,0.0,0.0,0.0,0.0,0.0,0.0,0.0,0.0,0.0
2026-02-15T00:00:00,01:35:03,L29-VIAPAULISTA,SP330,244.225,NORTE,-21.73347599,-47.58380308,ATROPELAMENTO DE ANIMAL,ATROP. ANIMAL-OUTROS,ANIMAL NA RODOVIA,0,0,0,0,SANTA RITA DO PASSA QUATRO,CENTRAL,RIBEIRÃO PRETO,ESTADUAL,1.0,0.0,0.0,0.0,0.0,0.0,0.0,0.0,0.0,0.0,0.0,0.0,0.0,0.0,0.0,0.0
2026-02-15T00:00:00,01:45:09,L06-INTERVIAS,SP330,167.3,NORTE,-22.378315,-47.39418442,ATROPELAMENTO DE ANIMAL,ATROP. ANIMAL-OUTROS,ANIMAL NA RODOVIA,0,0,0,0,ARARAS,CAMPINAS,RIO CLARO,ESTADUAL,0.0,0.0,0.0,1.0,0.0,0.0,0.0,0.0,0.0,0.0,0.0,0.0,0.0,0.0,0.0,0.0
2026-02-15T00:00:00,03:04:41,L01-AUTOBAN,SP330,40.0,SUL,-23.328449321882,-46.839019060135,CHOQUE,CHOQUE-DEFENSA/BARREIRA,NÃO INFORMADO,1,0,0,0,CAJAMAR,REG. METROPOLITANA SÃO PAULO,SÃO PAULO,ESTADUAL,1.0,0.0,0.0,0.0,0.0,0.0,0.0,0.0,0.0,0.0,0.0,0.0,0.0,0.0,0.0,0.0
2026-02-15T00:00:00,06:09:42,L01-AUTOBAN,SPM330E,92.0,SUL,-22.935126302733,-47.071105241776,TOMBAMENTO,TOMBAMENTO-MOTO,NÃO INFORMADO,0,1,0,0,CAMPINAS,CAMPINAS,CAMPINAS,ESTADUAL,0.0,0.0,1.0,0.0,0.0,0.0,0.0,0.0,0.0,0.0,0.0,0.0,0.0,0.0,0.0,0.0
2026-02-15T00:00:00,06:54:28,L01-AUTOBAN,SP330,92.0,SUL,-22.935126302733,-47.071105241776,TOMBAMENTO,TOMBAMENTO-MOTO,NÃO INFORMADO,0,0,0,0,CAMPINAS,CAMPINAS,CAMPINAS,ESTADUAL,0.0,0.0,1.0,0.0,0.0,0.0,0.0,0.0,0.0,0.0,0.0,0.0,0.0,0.0,0.0,0.0
2026-02-15T00:00:00,12:28:16,L28-ENTREVIAS,SP330,437.9,NORTE,-20.10024067653798,-47.79001583974221,TOMBAMENTO,TOMBAMENTO-MOTO,IMPRUD. CONDUTOR-EXCESSO DE VELOCIDADE,1,0,0,0,ARAMINA,FRANCA,RIBEIRÃO PRETO,ESTADUAL,0.0,0.0,1.0,0.0,0.0,0.0,0.0,0.0,0.0,0.0,0.0,0.0,0.0,0.0,0.0,0.0
2026-02-15T00:00:00,18:20:30,L01-AUTOBAN,SP330,21.3,SUL,-23.458605338164,-46.783007558195,COLISÃO,COLISÃO-TRASEIRA,NÃO INFORMADO,0,0,0,0,SÃO PAULO,REG. METROPOLITANA SÃO PAULO,SÃO PAULO,ESTADUAL,2.0,0.0,0.0,0.0,0.0,0.0,0.0,0.0,0.0,0.0,0.0,0.0,0.0,0.0,0.0,0.0
2026-02-15T00:00:00,18:40:19,L01-AUTOBAN,SP330,92.0,NORTE,-22.935116422047,-47.071389555931,COLISÃO,COLISÃO-LATERAL,NÃO INFORMADO,4,0,0,0,CAMPINAS,CAMPINAS,CAMPINAS,ESTADUAL,1.0,0.0,0.0,0.0,0.0,0.0,1.0,0.0,0.0,0.0,0.0,0.0,0.0,0.0,0.0,0.0
2026-02-15T00:00:00,21:35:30,L06-INTERVIAS,SP330,189.5,SUL,-22.17961781,-47.39885539,COLISÃO,COLISÃO-LATERAL,IMPRUD. CONDUTOR-MUDANÇA DE FAIXA,0,0,0,0,LEME,CAMPINAS,RIO CLARO,ESTADUAL,1.0,0.0,0.0,0.0,1.0,0.0,0.0,0.0,0.0,0.0,0.0,0.0,0.0,0.0,0.0,0.0
2026-02-15T00:00:00,22:49:23,L01-AUTOBAN,SPM330E,102.0,SUL,-22.868355,-47.132428,TOMBAMENTO,TOMBAMENTO-MOTO,NÃO INFORMADO,1,0,0,0,CAMPINAS,CAMPINAS,CAMPINAS,ESTADUAL,0.0,0.0,1.0,0.0,0.0,0.0,0.0,0.0,0.0,0.0,0.0,0.0,0.0,0.0,0.0,0.0
2026-02-15T00:00:00,23:50:01,L06-INTERVIAS,SP330,213.9,SUL,-21.96716058,-47.4565187,ATROPELAMENTO DE ANIMAL,ATROP. ANIMAL-OUTROS,ANIMAL NA RODOVIA,0,0,0,0,PIRASSUNUNGA,CAMPINAS,RIO CLARO,ESTADUAL,1.0,0.0,0.0,0.0,0.0,0.0,0.0,0.0,0.0,0.0,0.0,0.0,0.0,0.0,0.0,0.0
2026-02-16T00:00:00,07:56:27,L06-INTERVIAS,SP330,166.8,SUL,-22.38279908,-47.39442837,COLISÃO,COLISÃO-LATERAL,IMPRUD. CONDUTOR-DORMIR AO VOLANTE,0,0,0,0,ARARAS,CAMPINAS,RIO CLARO,ESTADUAL,0.0,0.0,0.0,0.0,2.0,0.0,0.0,0.0,0.0,0.0,0.0,0.0,0.0,0.0,0.0,0.0
2026-02-16T00:00:00,12:53:51,L01-AUTOBAN,SPM330D,108.48,NORTE,-22.830083943114,-47.180389188388,COLISÃO,COLISÃO-TRASEIRA,NÃO INFORMADO,0,0,0,0,SUMARÉ,CAMPINAS,CAMPINAS,ESTADUAL,1.0,0.0,0.0,0.0,1.0,0.0,0.0,0.0,0.0,0.0,0.0,0.0,0.0,0.0,0.0,0.0
2026-02-16T00:00:00,14:40:08,L01-AUTOBAN,SP330,62.0,SUL,-23.168814423993,-46.926614642143,COLISÃO,COLISÃO-LATERAL,NÃO INFORMADO,1,0,0,0,JUNDIAÍ,CAMPINAS,CAMPINAS,ESTADUAL,1.0,1.0,1.0,0.0,0.0,0.0,0.0,0.0,0.0,0.0,0.0,0.0,0.0,0.0,0.0,0.0
2026-02-17T00:00:00,00:57:42,L01-AUTOBAN,SP330,102.5,NORTE,-22.864779777099,-47.135684788227,ATROPELAMENTO DE PEDESTRE,ATROP. PEDESTRE-OUTROS,NÃO INFORMADO,0,0,0,1,CAMPINAS,CAMPINAS,CAMPINAS,ESTADUAL,1.0,0.0,0.0,0.0,0.0,0.0,0.0,1.0,0.0,0.0,0.0,0.0,0.0,0.0,0.0,0.0
2026-02-17T00:00:00,02:21:47,L06-INTERVIAS,SP330,193.7,SUL,-22.1427578,-47.40546564,COLISÃO,COLISÃO-TRASEIRA,NÃO INFORMADO,0,0,1,0,LEME,CAMPINAS,RIO CLARO,ESTADUAL,0.0,0.0,0.0,0.0,2.0,0.0,0.0,0.0,0.0,0.0,0.0,0.0,0.0,0.0,0.0,0.0
2026-02-17T00:00:00,04:55:14,L06-INTERVIAS,SP330,169.5,SUL,-22.35839225,-47.39497047,COLISÃO,COLISÃO-LATERAL,IMPRUD. CONDUTOR-DORMIR AO VOLANTE,1,0,0,0,ARARAS,CAMPINAS,RIO CLARO,ESTADUAL,0.0,0.0,0.0,0.0,1.0,0.0,1.0,0.0,0.0,0.0,0.0,0.0,0.0,0.0,0.0,0.0
2026-02-17T00:00:00,08:28:59,L01-AUTOBAN,SP330,157.0,NORTE,-22.469565174437,-47.398908734322,TOMBAMENTO,TOMBAMENTO,NÃO INFORMADO,1,0,0,0,CORDEIRÓPOLIS,CAMPINAS,RIO CLARO,ESTADUAL,0.0,0.0,0.0,0.0,1.0,0.0,0.0,0.0,0.0,0.0,0.0,0.0,0.0,0.0,0.0,0.0
2026-02-17T00:00:00,17:16:51,L01-AUTOBAN,SPI102/330,5.0,NORTE,-22.906904124332,-47.13676571846,COLISÃO,COLISÃO-TRASEIRA,NÃO INFORMADO,1,0,0,0,CAMPINAS,CAMPINAS,CAMPINAS,ESTADUAL,0.0,0.0,1.0,1.0,0.0,0.0,0.0,0.0,0.0,0.0,0.0,0.0,0.0,0.0,0.0,0.0
2026-02-17T00:00:00,19:26:00,L28-ENTREVIAS,SP330,442.19,NORTE,-20.05736446129254,-47.78809308818636,ATROPELAMENTO DE ANIMAL,ATROP. ANIMAL-DOMÉSTICO GRANDE,ANIMAL NA RODOVIA,0,0,0,0,IGARAPAVA,FRANCA,RIBEIRÃO PRETO,ESTADUAL,0.0,0.0,0.0,0.0,0.0,0.0,0.0,0.0,0.0,0.0,1.0,0.0,0.0,0.0,0.0,0.0
2026-02-17T00:00:00,19:39:00,L29-VIAPAULISTA,SPD318/330,318.5,SUL,-21.112796,-47.780079,TOMBAMENTO,TOMBAMENTO,IMPRUD. CONDUTOR-PERDA DE CONTROLE,0,0,0,0,RIBEIRÃO PRETO,NÃO INFORMADO,NÃO INFORMADO,NÃO INFORMADO,0.0,0.0,1.0,0.0,0.0,0.0,0.0,0.0,0.0,0.0,0.0,0.0,0.0,0.0,0.0,0.0
2026-02-17T00:00:00,20:37:49,L01-AUTOBAN,SPM330E,98.0,SUL,-22.896245165998,-47.110952138901,CHOQUE,CHOQUE-DEFENSA/BARREIRA,NÃO INFORMADO,1,0,0,0,CAMPINAS,CAMPINAS,CAMPINAS,ESTADUAL,1.0,0.0,0.0,0.0,0.0,0.0,0.0,0.0,0.0,0.0,0.0,0.0,0.0,0.0,0.0,0.0
2026-02-17T00:00:00,22:04:06,L01-AUTOBAN,SP330,138.0,SUL,-22.624171964553,-47.343065142632,TOMBAMENTO,TOMBAMENTO,NÃO INFORMADO,0,0,0,0,LIMEIRA,CAMPINAS,RIO CLARO,ESTADUAL,0.0,0.0,0.0,0.0,1.0,0.0,0.0,0.0,0.0,0.0,0.0,0.0,0.0,0.0,0.0,0.0
2026-02-18T00:00:00,00:56:00,L28-ENTREVIAS,SP330,422.41,NORTE,-20.23981612051826,-47.79527655768587,COLISÃO,COLISÃO-TRASEIRA,IMPRUD. CONDUTOR-FALTA DE ATENÇÃO,1,0,0,0,BURITIZAL,FRANCA,RIBEIRÃO PRETO,ESTADUAL,1.0,1.0,0.0,0.0,0.0,0.0,0.0,0.0,0.0,0.0,0.0,0.0,0.0,0.0,0.0,0.0
2026-02-18T00:00:00,03:29:53,L29-VIAPAULISTA,SP330,241.824,SUL,-21.75046944,-47.57070788,CHOQUE,CHOQUE-DEFENSA/BARREIRA,IMPRUD. CONDUTOR-PERDA DE CONTROLE,2,2,0,0,SANTA RITA DO PASSA QUATRO,CENTRAL,RIBEIRÃO PRETO,ESTADUAL,1.0,0.0,0.0,1.0,0.0,0.0,0.0,0.0,0.0,0.0,0.0,0.0,0.0,0.0,0.0,0.0
2026-02-18T00:00:00,05:22:16,L29-VIAPAULISTA,SP330,257.8,NORTE,-21.61516349,-47.61609595,CHOQUE,CHOQUE-SINALIZAÇÃO/EQUIPAMENTO,IMPRUD. CONDUTOR-PERDA DE CONTROLE,0,0,0,1,SANTA RITA DO PASSA QUATRO,CENTRAL,RIBEIRÃO PRETO,ESTADUAL,1.0,0.0,0.0,0.0,0.0,0.0,0.0,0.0,0.0,0.0,0.0,0.0,0.0,0.0,0.0,0.0
2026-02-18T00:00:00,05:59:13,L01-AUTOBAN,SP330,102.0,SUL,-22.868355,-47.132428,COLISÃO,COLISÃO-LATERAL,NÃO INFORMADO,0,0,0,0,CAMPINAS,CAMPINAS,CAMPINAS,ESTADUAL,1.0,0.0,0.0,0.0,1.0,0.0,0.0,0.0,0.0,0.0,0.0,0.0,0.0,0.0,0.0,0.0
2026-02-18T00:00:00,09:16:41,L01-AUTOBAN,SP330,49.0,NORTE,-23.265565500047,-46.867493391037,TOMBAMENTO,TOMBAMENTO,NÃO INFORMADO,1,1,0,0,JUNDIAÍ,CAMPINAS,CAMPINAS,ESTADUAL,0.0,0.0,1.0,0.0,0.0,0.0,0.0,0.0,0.0,0.0,0.0,0.0,0.0,0.0,0.0,0.0
2026-02-18T00:00:00,09:20:00,L28-ENTREVIAS,SP330,384.2,NORTE,-20.55950433745527,-47.86475907792232,COLISÃO,COLISÃO-LATERAL,IMPRUD. CONDUTOR-MANOBRA BRUSCA,0,0,0,0,SÃO JOAQUIM DA BARRA,FRANCA,RIBEIRÃO PRETO,ESTADUAL,2.0,0.0,0.0,0.0,0.0,0.0,0.0,0.0,0.0,0.0,0.0,0.0,0.0,0.0,0.0,0.0
2026-02-18T00:00:00,13:12:02,L06-INTERVIAS,SP330,194.0,SUL,-22.14026377,-47.40670562,COLISÃO,COLISÃO-LATERAL,PANE MECÂNICA/ELÉTRICA,0,0,0,0,LEME,CAMPINAS,RIO CLARO,ESTADUAL,2.0,0.0,0.0,0.0,0.0,0.0,0.0,0.0,0.0,0.0,0.0,0.0,0.0,0.0,0.0,0.0
2026-02-18T00:00:00,15:38:13,L01-AUTOBAN,SP330,91.1,SUL,-22.94229355362,-47.067155950526,TOMBAMENTO,TOMBAMENTO,NÃO INFORMADO,0,0,0,0,CAMPINAS,CAMPINAS,CAMPINAS,ESTADUAL,0.0,0.0,1.0,0.0,0.0,0.0,0.0,0.0,0.0,0.0,0.0,0.0,0.0,0.0,0.0,0.0
2026-02-18T00:00:00,17:37:31,L01-AUTOBAN,SP330,60.0,SUL,-23.181167952022,-46.911588907242,COLISÃO,COLISÃO-TRASEIRA,NÃO INFORMADO,1,0,0,0,JUNDIAÍ,CAMPINAS,CAMPINAS,ESTADUAL,2.0,0.0,1.0,0.0,0.0,0.0,0.0,0.0,0.0,0.0,0.0,0.0,0.0,0.0,0.0,0.0
2026-02-18T00:00:00,19:14:59,L29-VIAPAULISTA,SP330,263.343,NORTE,-21.56708799,-47.63251098,COLISÃO,COLISÃO-TRASEIRA,IMPRUD. CONDUTOR-DORMIR AO VOLANTE,0,0,0,0,SÃO SIMÃO,RIBEIRÃO PRETO,RIBEIRÃO PRETO,ESTADUAL,1.0,0.0,0.0,1.0,0.0,0.0,0.0,0.0,0.0,0.0,0.0,0.0,0.0,0.0,0.0,0.0
2026-02-18T00:00:00,23:42:16,L01-AUTOBAN,SP330,31.2,NORTE,-23.399686703578,-46.83652140937,CHOQUE,CHOQUE-DEFENSA/BARREIRA,NÃO INFORMADO,1,0,0,0,CAJAMAR,REG. METROPOLITANA SÃO PAULO,SÃO PAULO,ESTADUAL,1.0,0.0,0.0,0.0,1.0,0.0,0.0,0.0,0.0,0.0,0.0,0.0,0.0,0.0,0.0,0.0
2026-02-19T00:00:00,00:47:43,L01-AUTOBAN,SP330,91.0,NORTE,-22.942859,-47.066539,COLISÃO,COLISÃO-TRASEIRA,NÃO INFORMADO,0,0,0,0,CAMPINAS,CAMPINAS,CAMPINAS,ESTADUAL,1.0,0.0,0.0,1.0,0.0,0.0,0.0,0.0,0.0,0.0,0.0,0.0,0.0,0.0,0.0,0.0
2026-02-19T00:00:00,07:04:11,L01-AUTOBAN,SP330,50.0,NORTE,-23.256852149365,-46.867278814316,COLISÃO,COLISÃO-LATERAL,NÃO INFORMADO,1,0,0,0,JUNDIAÍ,CAMPINAS,CAMPINAS,ESTADUAL,0.0,1.0,1.0,0.0,0.0,0.0,0.0,0.0,0.0,0.0,0.0,0.0,0.0,0.0,0.0,0.0
2026-02-19T00:00:00,08:54:53,L29-VIAPAULISTA,SP330,307.8,SUL,-21.20364743,-47.75825881,COLISÃO,COLISÃO-TRASEIRA,IMPRUD. CONDUTOR-PERDA DE CONTROLE,0,0,0,0,RIBEIRÃO PRETO,RIBEIRÃO PRETO,RIBEIRÃO PRETO,ESTADUAL,0.0,1.0,0.0,1.0,0.0,0.0,0.0,0.0,0.0,0.0,0.0,0.0,0.0,0.0,0.0,0.0
2026-02-19T00:00:00,09:01:49,L28-ENTREVIAS,SP330,344.5,NORTE,-20.91839261276741,-47.88688714576171,COLISÃO,COLISÃO-TRASEIRA,IMPRUD. CONDUTOR-FALTA DE ATENÇÃO,1,0,0,0,JARDINÓPOLIS,FRANCA,RIBEIRÃO PRETO,ESTADUAL,0.0,0.0,0.0,0.0,1.0,0.0,0.0,0.0,0.0,0.0,1.0,0.0,0.0,0.0,0.0,0.0
2026-02-19T00:00:00,10:39:55,L06-INTERVIAS,SP330,221.3,SUL,-21.90350176,-47.47820768,CHOQUE,CHOQUE-ÁRVORE,IMPRUD. CONDUTOR,0,0,0,0,PORTO FERREIRA,CENTRAL,RIO CLARO,ESTADUAL,1.0,0.0,0.0,0.0,0.0,0.0,0.0,0.0,0.0,0.0,0.0,0.0,0.0,0.0,0.0,0.0
2026-02-19T00:00:00,11:34:57,L01-AUTOBAN,SP330,92.0,SUL,-22.935126302733,-47.071105241776,TOMBAMENTO,TOMBAMENTO-MOTO,NÃO INFORMADO,1,0,0,0,CAMPINAS,CAMPINAS,CAMPINAS,ESTADUAL,0.0,0.0,1.0,0.0,0.0,0.0,0.0,0.0,0.0,0.0,0.0,0.0,0.0,0.0,0.0,0.0
2026-02-19T00:00:00,16:24:54,L01-AUTOBAN,SP330,53.0,SUL,-23.230945296234,-46.87306702137,COLISÃO,COLISÃO-TRASEIRA,NÃO INFORMADO,0,0,0,0,JUNDIAÍ,CAMPINAS,CAMPINAS,ESTADUAL,1.0,0.0,0.0,0.0,1.0,0.0,0.0,0.0,0.0,0.0,0.0,0.0,0.0,0.0,0.0,0.0
2026-02-19T00:00:00,20:45:30,L01-AUTOBAN,SPM330D,25.3,NORTE,-23.42444089286,-46.789648633019,CAPOTAMENTO,CAPOTAMENTO,NÃO INFORMADO,1,0,0,0,SÃO PAULO,NÃO INFORMADO,NÃO INFORMADO,NÃO INFORMADO,1.0,0.0,0.0,0.0,0.0,0.0,0.0,0.0,0.0,0.0,0.0,0.0,0.0,0.0,0.0,0.0
2026-02-19T00:00:00,21:30:52,L01-AUTOBAN,SP330,40.0,SUL,-23.328449321882,-46.839019060135,ATROPELAMENTO DE ANIMAL,ATROP. ANIMAL-OUTROS,NÃO INFORMADO,0,0,0,0,CAJAMAR,REG. METROPOLITANA SÃO PAULO,SÃO PAULO,ESTADUAL,1.0,0.0,0.0,0.0,0.0,0.0,0.0,0.0,0.0,0.0,0.0,0.0,0.0,0.0,0.0,0.0
2026-02-20T00:00:00,00:14:01,L01-AUTOBAN,SP330,20.0,NORTE,-23.468944569907,-46.778873205185,CHOQUE,CHOQUE-TALUDE/BARRANCO,NÃO INFORMADO,0,0,0,0,OSASCO,REG. METROPOLITANA SÃO PAULO,SÃO PAULO,ESTADUAL,1.0,0.0,0.0,0.0,0.0,0.0,0.0,0.0,0.0,0.0,0.0,0.0,0.0,0.0,0.0,0.0
2026-02-20T00:00:00,08:11:30,L01-AUTOBAN,SPM330E,16.5,SUL,-23.494054974758,-46.759248816645,ENGAVETAMENTO,ENGAVETAMENTO,NÃO INFORMADO,1,0,0,0,OSASCO,REG. METROPOLITANA SÃO PAULO,SÃO PAULO,ESTADUAL,2.0,0.0,0.0,1.0,0.0,0.0,0.0,0.0,0.0,0.0,0.0,0.0,0.0,0.0,0.0,0.0
2026-02-20T00:00:00,16:23:56,L01-AUTOBAN,SP330,64.0,NORTE,-23.153219241232,-46.935594677925,COLISÃO,COLISÃO-LATERAL,NÃO INFORMADO,0,1,0,0,JUNDIAÍ,CAMPINAS,CAMPINAS,ESTADUAL,1.0,0.0,1.0,0.0,0.0,0.0,0.0,0.0,0.0,0.0,0.0,0.0,0.0,0.0,0.0,0.0
2026-02-20T00:00:00,16:26:00,L06-INTERVIAS,SP330,170.0,SUL,-22.35387049,-47.39510493,COLISÃO,COLISÃO-TRASEIRA,IMPRUD. CONDUTOR,0,0,0,0,ARARAS,CAMPINAS,RIO CLARO,ESTADUAL,1.0,0.0,0.0,0.0,1.0,0.0,0.0,0.0,0.0,0.0,0.0,0.0,0.0,0.0,0.0,0.0
2026-02-20T00:00:00,16:49:20,L01-AUTOBAN,SP330,63.5,NORTE,-23.156935620616,-46.933712838963,COLISÃO,COLISÃO-TRASEIRA,NÃO INFORMADO,2,0,0,0,JUNDIAÍ,CAMPINAS,CAMPINAS,ESTADUAL,1.0,0.0,1.0,0.0,0.0,0.0,0.0,0.0,0.0,0.0,0.0,0.0,0.0,0.0,0.0,0.0
2026-02-20T00:00:00,16:56:36,L01-AUTOBAN,SPM330D,108.8,NORTE,-22.828416374739,-47.182534953554,COLISÃO,COLISÃO-TRASEIRA,NÃO INFORMADO,1,0,0,0,SUMARÉ,CAMPINAS,CAMPINAS,ESTADUAL,1.0,0.0,1.0,0.0,0.0,0.0,0.0,0.0,0.0,0.0,0.0,0.0,0.0,0.0,0.0,0.0
2026-02-20T00:00:00,18:41:27,L01-AUTOBAN,SP330,41.2,SUL,-23.322279983581,-46.848374609763,TOMBAMENTO,TOMBAMENTO-MOTO,NÃO INFORMADO,0,0,0,0,CAJAMAR,REG. METROPOLITANA SÃO PAULO,SÃO PAULO,ESTADUAL,0.0,0.0,1.0,0.0,0.0,0.0,0.0,0.0,0.0,0.0,0.0,0.0,0.0,0.0,0.0,0.0
2026-02-20T00:00:00,19:33:34,L01-AUTOBAN,SP330,60.0,SUL,-23.181167952022,-46.911588907242,COLISÃO,COLISÃO-TRASEIRA,NÃO INFORMADO,1,0,0,0,JUNDIAÍ,CAMPINAS,CAMPINAS,ESTADUAL,2.0,0.0,0.0,0.0,0.0,0.0,0.0,0.0,0.0,0.0,0.0,0.0,0.0,0.0,0.0,0.0
2026-02-20T00:00:00,21:21:48,L06-INTERVIAS,SP330,196.5,NORTE,-22.1183151,-47.41113869,CHOQUE,CHOQUE-OBJETO NA PISTA,OBJETO NA PISTA,0,0,0,0,SANTA CRUZ DA CONCEIÇÃO,CAMPINAS,RIO CLARO,ESTADUAL,0.0,0.0,0.0,1.0,0.0,0.0,0.0,0.0,0.0,0.0,0.0,0.0,0.0,0.0,0.0,0.0
2026-02-21T00:00:00,03:11:15,L29-VIAPAULISTA,SP330,253.75,SUL,-21.65111841,-47.61031442,CHOQUE,CHOQUE-POSTE,IMPRUD. CONDUTOR-DORMIR AO VOLANTE,2,0,0,0,SANTA RITA DO PASSA QUATRO,CENTRAL,RIBEIRÃO PRETO,ESTADUAL,1.0,0.0,0.0,0.0,0.0,0.0,0.0,0.0,0.0,0.0,0.0,0.0,0.0,0.0,0.0,0.0
2026-02-21T00:00:00,06:17:00,L28-ENTREVIAS,SP330,339.73,NORTE,-20.9548471123227,-47.87324006629394,TOMBAMENTO,TOMBAMENTO-MOTO,IMPRUD. CONDUTOR-EMBRIAGUEZ,1,0,0,0,JARDINÓPOLIS,RIBEIRÃO PRETO,RIBEIRÃO PRETO,ESTADUAL,0.0,0.0,1.0,0.0,0.0,0.0,0.0,0.0,0.0,0.0,0.0,0.0,0.0,0.0,0.0,0.0
2026-02-21T00:00:00,07:29:24,L28-ENTREVIAS,SP330,380.82,SUL,-20.58714410499792,-47.87881067753921,COLISÃO,COLISÃO-TRASEIRA,IMPRUD. CONDUTOR-DORMIR AO VOLANTE,0,0,0,0,SÃO JOAQUIM DA BARRA,FRANCA,RIBEIRÃO PRETO,ESTADUAL,0.0,0.0,0.0,0.0,1.0,0.0,0.0,0.0,0.0,0.0,1.0,0.0,0.0,0.0,0.0,0.0
2026-02-21T00:00:00,09:29:29,L29-VIAPAULISTA,SP330,270.939,SUL,-21.50052703,-47.64190888,CHOQUE,CHOQUE-DEFENSA/BARREIRA,IMPRUD. CONDUTOR-PERDA DE CONTROLE,0,0,0,0,SÃO SIMÃO,RIBEIRÃO PRETO,RIBEIRÃO PRETO,ESTADUAL,0.0,0.0,0.0,1.0,0.0,0.0,0.0,0.0,0.0,0.0,0.0,0.0,0.0,0.0,0.0,0.0
2026-02-21T00:00:00,11:16:08,L28-ENTREVIAS,SP330,351.3,NORTE,-20.84474954370549,-47.89504702245717,COLISÃO,COLISÃO-TRASEIRA,IMPRUD. CONDUTOR-FALTA DE ATENÇÃO,0,0,0,0,SALES OLIVEIRA,FRANCA,RIBEIRÃO PRETO,ESTADUAL,0.0,0.0,0.0,0.0,0.0,0.0,0.0,0.0,0.0,0.0,2.0,0.0,0.0,0.0,0.0,0.0
2026-02-21T00:00:00,12:15:42,L01-AUTOBAN,SP330,41.5,SUL,-23.320422328204,-46.850177049637,CAPOTAMENTO,CAPOTAMENTO,NÃO INFORMADO,1,0,0,0,CAJAMAR,REG. METROPOLITANA SÃO PAULO,SÃO PAULO,ESTADUAL,0.0,0.0,1.0,0.0,0.0,0.0,0.0,0.0,0.0,0.0,0.0,0.0,0.0,0.0,0.0,0.0
2026-02-21T00:00:00,13:55:15,L01-AUTOBAN,SPM330D,89.0,NORTE,-22.95896135866,-47.057468891144,CHOQUE,CHOQUE-DEFENSA/BARREIRA,NÃO INFORMADO,0,0,0,0,CAMPINAS,CAMPINAS,CAMPINAS,ESTADUAL,1.0,0.0,0.0,0.0,0.0,0.0,0.0,0.0,0.0,0.0,0.0,0.0,0.0,0.0,0.0,0.0
2026-02-21T00:00:00,14:23:18,L01-AUTOBAN,SP330,134.9,NORTE,-22.647422811693,-47.325990714908,ATROPELAMENTO DE PEDESTRE,ATROP. PEDESTRE-OUTROS,NÃO INFORMADO,0,0,1,0,LIMEIRA,CAMPINAS,RIO CLARO,ESTADUAL,1.0,0.0,0.0,0.0,0.0,0.0,0.0,1.0,0.0,0.0,0.0,0.0,0.0,0.0,0.0,0.0
2026-02-21T00:00:00,16:10:02,L01-AUTOBAN,SP330,107.0,NORTE,-22.839452464188,-47.170829772949,COLISÃO,COLISÃO-LATERAL,NÃO INFORMADO,4,0,0,0,SUMARÉ,CAMPINAS,CAMPINAS,ESTADUAL,4.0,0.0,0.0,0.0,0.0,0.0,0.0,0.0,0.0,0.0,0.0,0.0,0.0,0.0,0.0,0.0
2026-02-21T00:00:00,19:11:03,L01-AUTOBAN,SP330,115.0,SUL,-22.792453279527,-47.226313948631,CHOQUE,CHOQUE-TALUDE/BARRANCO,NÃO INFORMADO,0,0,0,0,SUMARÉ,CAMPINAS,CAMPINAS,ESTADUAL,1.0,0.0,0.0,0.0,0.0,0.0,0.0,0.0,0.0,0.0,0.0,0.0,0.0,0.0,0.0,0.0
2026-02-21T00:00:00,21:32:59,L28-ENTREVIAS,SP330,416.16,SUL,-20.28120757833336,-47.79731786847458,COLISÃO,COLISÃO-LATERAL,ACÚMULO DE ÁGUA NA PISTA,0,0,0,0,ITUVERAVA,FRANCA,RIBEIRÃO PRETO,ESTADUAL,1.0,0.0,0.0,0.0,1.0,0.0,0.0,0.0,0.0,0.0,0.0,0.0,0.0,0.0,0.0,0.0
2026-02-21T00:00:00,22:25:46,L28-ENTREVIAS,SPA327/330,2.3,LESTE,-21.0441354884772,-47.81212116612976,COLISÃO,COLISÃO-TRANSVERSAL,IMPRUD. CONDUTOR-DIST. INADEQUADA ENTRE VEÍC.,1,0,0,0,JARDINÓPOLIS,RIBEIRÃO PRETO,RIBEIRÃO PRETO,ESTADUAL,1.0,0.0,1.0,0.0,0.0,0.0,0.0,0.0,0.0,0.0,0.0,0.0,0.0,0.0,0.0,0.0
2026-02-21T00:00:00,22:52:53,L01-AUTOBAN,SP330,147.0,NORTE,-22.552436,-47.371004,CHOQUE,OUTROS/NÃO CLASSIFICADO,NÃO INFORMADO,0,0,0,0,LIMEIRA,CAMPINAS,RIO CLARO,ESTADUAL,1.0,0.0,0.0,0.0,0.0,0.0,0.0,0.0,0.0,0.0,0.0,0.0,0.0,0.0,0.0,0.0
2026-02-21T00:00:00,22:58:18,L06-INTERVIAS,SP330,198.85,SUL,-22.09769348,-47.4163622,CHOQUE,CHOQUE-OBJETO NA PISTA,OBJETO NA PISTA,0,0,0,0,SANTA CRUZ DA CONCEIÇÃO,CAMPINAS,RIO CLARO,ESTADUAL,1.0,0.0,0.0,0.0,0.0,0.0,0.0,0.0,0.0,0.0,0.0,0.0,0.0,0.0,0.0,0.0
2026-02-21T00:00:00,23:24:05,L01-AUTOBAN,SP330,105.0,NORTE,-22.8517126019,-47.156737446785,CHOQUE,CHOQUE-OBJETO NA PISTA,NÃO INFORMADO,1,0,0,0,CAMPINAS,CAMPINAS,CAMPINAS,ESTADUAL,1.0,0.0,1.0,0.0,0.0,0.0,0.0,0.0,0.0,0.0,0.0,0.0,0.0,0.0,0.0,0.0
2026-02-22T00:00:00,00:32:55,L06-INTERVIAS,SP330,208.953,SUL,-22.00974041,-47.44200797,CHOQUE,CHOQUE-OUTROS,PAVIMENTO RUIM/IRREGULAR,0,0,0,0,PIRASSUNUNGA,CAMPINAS,RIO CLARO,ESTADUAL,1.0,0.0,0.0,0.0,0.0,0.0,0.0,0.0,0.0,0.0,0.0,0.0,0.0,0.0,0.0,0.0
2026-02-22T00:00:00,02:12:58,L01-AUTOBAN,SP330,90.0,SUL,-22.951028332599,-47.062173485756,TOMBAMENTO,TOMBAMENTO,NÃO INFORMADO,1,0,0,0,CAMPINAS,CAMPINAS,CAMPINAS,ESTADUAL,0.0,0.0,0.0,1.0,0.0,0.0,0.0,0.0,0.0,0.0,0.0,0.0,0.0,0.0,0.0,0.0
2026-02-22T00:00:00,03:24:35,L06-INTERVIAS,SP330,186.28,SUL,-22.20837256,-47.39465419,ATROPELAMENTO DE ANIMAL,ATROP. ANIMAL-OUTROS,ANIMAL NA RODOVIA,0,0,0,0,LEME,CAMPINAS,RIO CLARO,ESTADUAL,0.0,0.0,0.0,0.0,1.0,0.0,0.0,0.0,0.0,0.0,0.0,0.0,0.0,0.0,0.0,0.0
2026-02-22T00:00:00,03:59:18,L01-AUTOBAN,SPI102/330,5.0,SUL,-22.907442732813,-47.137323617935,CAPOTAMENTO,CAPOTAMENTO,NÃO INFORMADO,0,0,0,0,CAMPINAS,CAMPINAS,CAMPINAS,ESTADUAL,1.0,0.0,0.0,0.0,0.0,0.0,0.0,0.0,0.0,0.0,0.0,0.0,0.0,0.0,0.0,0.0
2026-02-22T00:00:00,06:28:00,L28-ENTREVIAS,SP330,390.8,NORTE,-20.51662415254137,-47.83706353940512,ATROPELAMENTO DE ANIMAL,ATROP. ANIMAL-DOMÉSTICO GRANDE,ANIMAL NA RODOVIA,0,0,0,0,GUARÁ,FRANCA,RIBEIRÃO PRETO,ESTADUAL,1.0,0.0,0.0,0.0,0.0,0.0,0.0,0.0,0.0,0.0,0.0,0.0,0.0,0.0,0.0,0.0
2026-02-22T00:00:00,08:19:48,L01-AUTOBAN,SP330,58.5,NORTE,-23.19291624783,-46.905138194561,ENGAVETAMENTO,ENGAVETAMENTO,NÃO INFORMADO,0,1,0,0,JUNDIAÍ,CAMPINAS,CAMPINAS,ESTADUAL,0.0,0.0,3.0,0.0,0.0,0.0,0.0,0.0,0.0,0.0,0.0,0.0,0.0,0.0,0.0,0.0
2026-02-22T00:00:00,10:05:22,L29-VIAPAULISTA,SP330,303.144,SUL,-21.24520301,-47.75699549,ENGAVETAMENTO,ENGAVETAMENTO,IMPRUD. CONDUTOR-DIST. INADEQUADA ENTRE VEÍC.,0,0,0,0,RIBEIRÃO PRETO,RIBEIRÃO PRETO,RIBEIRÃO PRETO,ESTADUAL,0.0,0.0,0.0,3.0,0.0,0.0,0.0,0.0,0.0,0.0,0.0,0.0,0.0,0.0,0.0,0.0
2026-02-22T00:00:00,11:02:03,L01-AUTOBAN,SP330,38.0,SUL,-23.344767747059,-46.840934157372,TOMBAMENTO,TOMBAMENTO-MOTO,NÃO INFORMADO,0,0,0,0,CAJAMAR,REG. METROPOLITANA SÃO PAULO,SÃO PAULO,ESTADUAL,0.0,0.0,1.0,0.0,0.0,0.0,0.0,0.0,0.0,0.0,0.0,0.0,0.0,0.0,0.0,0.0
2026-02-22T00:00:00,11:09:33,L01-AUTOBAN,SP330,152.0,SUL,-22.514108056285,-47.395604252815,COLISÃO,CHOQUE-PRAÇA DE PEDÁGIO,NÃO INFORMADO,0,0,0,0,LIMEIRA,CAMPINAS,RIO CLARO,ESTADUAL,1.0,0.0,0.0,0.0,1.0,0.0,0.0,0.0,0.0,0.0,0.0,0.0,0.0,0.0,0.0,0.0
2026-02-22T00:00:00,14:13:33,L29-VIAPAULISTA,SP330,315.5,NORTE,-21.13868711,-47.76220845,CHOQUE,CHOQUE-MEIO FIO,ESTOURO/FURO DE PNEU,0,0,0,0,RIBEIRÃO PRETO,RIBEIRÃO PRETO,RIBEIRÃO PRETO,ESTADUAL,1.0,0.0,0.0,0.0,0.0,0.0,0.0,0.0,0.0,0.0,0.0,0.0,0.0,0.0,0.0,0.0
2026-02-22T00:00:00,17:52:33,L01-AUTOBAN,SP330,82.0,NORTE,-23.013082202618,-47.022766470909,COLISÃO,COLISÃO-TRASEIRA,NÃO INFORMADO,0,0,0,0,VALINHOS,CAMPINAS,CAMPINAS,ESTADUAL,1.0,0.0,0.0,1.0,0.0,0.0,0.0,0.0,0.0,0.0,0.0,0.0,0.0,0.0,0.0,0.0
2026-02-22T00:00:00,17:55:13,L01-AUTOBAN,SP330,53.0,SUL,-23.230945296234,-46.87306702137,CHOQUE,CHOQUE-DEFENSA/BARREIRA,NÃO INFORMADO,0,0,0,0,JUNDIAÍ,CAMPINAS,CAMPINAS,ESTADUAL,0.0,0.0,0.0,1.0,0.0,0.0,0.0,0.0,0.0,0.0,0.0,0.0,0.0,0.0,0.0,0.0
2026-02-22T00:00:00,18:00:04,L01-AUTOBAN,SPM330E,17.5,SUL,-23.486091871009,-46.769123375416,CHOQUE,CHOQUE-DEFENSA/BARREIRA,NÃO INFORMADO,1,0,0,0,OSASCO,REG. METROPOLITANA SÃO PAULO,SÃO PAULO,ESTADUAL,1.0,0.0,0.0,0.0,0.0,0.0,0.0,0.0,0.0,0.0,0.0,0.0,0.0,0.0,0.0,0.0
2026-02-22T00:00:00,18:44:08,L01-AUTOBAN,SP330,118.0,NORTE,-22.768865993015,-47.240797877312,TOMBAMENTO,TOMBAMENTO,NÃO INFORMADO,0,0,1,0,NOVA ODESSA,CAMPINAS,RIO CLARO,ESTADUAL,0.0,0.0,1.0,0.0,0.0,0.0,0.0,0.0,0.0,0.0,0.0,0.0,0.0,0.0,0.0,0.0
2026-02-22T00:00:00,19:37:06,L01-AUTOBAN,SP330,30.0,NORTE,-23.405103365161,-46.82884812355,TOMBAMENTO,TOMBAMENTO,NÃO INFORMADO,0,0,0,1,CAJAMAR,REG. METROPOLITANA SÃO PAULO,SÃO PAULO,ESTADUAL,0.0,0.0,1.0,0.0,0.0,0.0,0.0,0.0,0.0,0.0,0.0,0.0,0.0,0.0,0.0,0.0
2026-02-23T00:00:00,01:35:54,L01-AUTOBAN,SP330,20.3,SUL,-23.466531416194,-46.779780862898,CHOQUE,CHOQUE-DEFENSA/BARREIRA,NÃO INFORMADO,1,0,0,0,OSASCO,REG. METROPOLITANA SÃO PAULO,SÃO PAULO,ESTADUAL,1.0,0.0,0.0,0.0,0.0,0.0,0.0,0.0,0.0,0.0,0.0,0.0,0.0,0.0,0.0,0.0
2026-02-23T00:00:00,08:57:46,L06-INTERVIAS,SP330,206.0,NORTE,-22.03504946,-47.43299016,COLISÃO,COLISÃO-LATERAL,IMPRUD. CONDUTOR,0,0,0,0,PIRASSUNUNGA,CAMPINAS,RIO CLARO,ESTADUAL,0.0,0.0,0.0,0.0,1.0,0.0,0.0,0.0,0.0,0.0,0.0,0.0,0.0,0.0,0.0,0.0
2026-02-23T00:00:00,10:01:14,L01-AUTOBAN,SP330,88.9,SUL,-22.959706694785,-47.057246810491,CHOQUE,CHOQUE-DEFENSA/BARREIRA,NÃO INFORMADO,0,0,0,0,CAMPINAS,CAMPINAS,CAMPINAS,ESTADUAL,1.0,0.0,0.0,0.0,0.0,0.0,0.0,0.0,0.0,0.0,0.0,0.0,0.0,0.0,0.0,0.0
2026-02-23T00:00:00,10:13:47,L01-AUTOBAN,SP330,76.0,NORTE,-23.060072,-46.994586,COLISÃO,COLISÃO-LATERAL,NÃO INFORMADO,0,0,0,0,VINHEDO,CAMPINAS,CAMPINAS,ESTADUAL,2.0,0.0,0.0,0.0,0.0,0.0,0.0,0.0,0.0,0.0,0.0,0.0,0.0,0.0,0.0,0.0
2026-02-23T00:00:00,12:10:13,L01-AUTOBAN,SP330,37.0,NORTE,-23.351298495629,-46.846604347229,COLISÃO,COLISÃO-LATERAL,NÃO INFORMADO,1,0,0,0,CAJAMAR,REG. METROPOLITANA SÃO PAULO,SÃO PAULO,ESTADUAL,1.0,0.0,0.0,0.0,1.0,0.0,0.0,0.0,0.0,0.0,0.0,0.0,0.0,0.0,0.0,0.0
2026-02-23T00:00:00,14:10:49,L06-INTERVIAS,SP330,234.2,SUL,-21.79526376,-47.5139248,CHOQUE,CHOQUE-DEFENSA/BARREIRA,IMPRUD. CONDUTOR-PERDA DE CONTROLE,0,0,0,0,SANTA RITA DO PASSA QUATRO,CENTRAL,RIBEIRÃO PRETO,ESTADUAL,1.0,0.0,0.0,0.0,0.0,0.0,0.0,0.0,0.0,0.0,0.0,0.0,0.0,0.0,0.0,0.0
2026-02-23T00:00:00,18:41:28,L29-VIAPAULISTA,SP330,308.972,SUL,-21.19287838,-47.75769179,ENGAVETAMENTO,ENGAVETAMENTO,IMPRUD. CONDUTOR-DIST. INADEQUADA ENTRE VEÍC.,0,0,0,0,RIBEIRÃO PRETO,RIBEIRÃO PRETO,RIBEIRÃO PRETO,ESTADUAL,1.0,1.0,0.0,0.0,1.0,0.0,0.0,0.0,0.0,0.0,0.0,0.0,0.0,0.0,0.0,0.0
2026-02-23T00:00:00,18:50:51,L29-VIAPAULISTA,SP330,314.34,SUL,-21.14717925,-47.75866713,ENGAVETAMENTO,ENGAVETAMENTO,IMPRUD. CONDUTOR-DIST. INADEQUADA ENTRE VEÍC.,1,0,0,0,RIBEIRÃO PRETO,RIBEIRÃO PRETO,RIBEIRÃO PRETO,ESTADUAL,3.0,0.0,0.0,0.0,0.0,0.0,0.0,0.0,0.0,0.0,0.0,0.0,0.0,0.0,0.0,0.0
2026-02-23T00:00:00,19:30:59,L01-AUTOBAN,SP330,31.0,SUL,-23.40154396685,-46.836969852448,CHOQUE,CHOQUE-DEFENSA/BARREIRA,NÃO INFORMADO,0,1,0,0,CAJAMAR,REG. METROPOLITANA SÃO PAULO,SÃO PAULO,ESTADUAL,1.0,0.0,0.0,0.0,0.0,0.0,0.0,0.0,0.0,0.0,0.0,0.0,0.0,0.0,0.0,0.0
2026-02-23T00:00:00,23:06:37,L01-AUTOBAN,SP330,98.0,NORTE,-22.895874533463,-47.110748291016,CHOQUE,CHOQUE-DEFENSA/BARREIRA,NÃO INFORMADO,0,0,0,0,CAMPINAS,CAMPINAS,CAMPINAS,ESTADUAL,1.0,0.0,0.0,0.0,0.0,0.0,0.0,0.0,0.0,0.0,0.0,0.0,0.0,0.0,0.0,0.0
2026-02-24T00:00:00,05:28:27,L06-INTERVIAS,SP330,224.1,SUL,-21.87936978,-47.48645083,COLISÃO,COLISÃO-TRASEIRA,IMPRUD. CONDUTOR,0,0,0,0,PORTO FERREIRA,CENTRAL,RIO CLARO,ESTADUAL,1.0,0.0,0.0,0.0,1.0,0.0,0.0,0.0,0.0,0.0,0.0,0.0,0.0,0.0,0.0,0.0
2026-02-24T00:00:00,07:27:03,L29-VIAPAULISTA,SP330,317.0,SUL,-21.12372256,-47.7722362,TOMBAMENTO,TOMBAMENTO,IMPRUD. CONDUTOR-LEVOU FECHADA,0,0,0,0,RIBEIRÃO PRETO,RIBEIRÃO PRETO,RIBEIRÃO PRETO,ESTADUAL,0.0,0.0,1.0,0.0,0.0,0.0,0.0,0.0,0.0,0.0,0.0,0.0,0.0,0.0,0.0,0.0
2026-02-24T00:00:00,07:44:00,L28-ENTREVIAS,SP330,318.98,SUL,-21.11722524534491,-47.77698945868193,COLISÃO,COLISÃO-TRASEIRA,IMPRUD. CONDUTOR-FALTA DE ATENÇÃO,0,0,0,0,RIBEIRÃO PRETO,RIBEIRÃO PRETO,RIBEIRÃO PRETO,ESTADUAL,1.0,1.0,0.0,0.0,0.0,0.0,0.0,0.0,0.0,0.0,0.0,0.0,0.0,0.0,0.0,0.0
2026-02-24T00:00:00,08:19:00,L28-ENTREVIAS,SP330,337.5,NORTE,-20.9625790603085,-47.86931622445803,ATROPELAMENTO DE ANIMAL,ATROP. ANIMAL-DOMÉSTICO PEQUENO,ANIMAL NA RODOVIA,0,0,0,0,JARDINÓPOLIS,RIBEIRÃO PRETO,RIBEIRÃO PRETO,ESTADUAL,1.0,0.0,0.0,0.0,0.0,0.0,0.0,0.0,0.0,0.0,0.0,0.0,0.0,0.0,0.0,0.0
2026-02-24T00:00:00,08:36:38,L29-VIAPAULISTA,SP330,307.541,NORTE,-21.20549696,-47.75821992,COLISÃO,COLISÃO-TRASEIRA,IMPRUD. CONDUTOR-DIST. INADEQUADA ENTRE VEÍC.,0,0,0,0,RIBEIRÃO PRETO,RIBEIRÃO PRETO,RIBEIRÃO PRETO,ESTADUAL,1.0,0.0,0.0,0.0,0.0,0.0,0.0,0.0,0.0,0.0,0.0,0.0,0.0,0.0,0.0,0.0
2026-02-24T00:00:00,08:46:50,L01-AUTOBAN,SP330,118.0,SUL,-22.769034170109,-47.24156498909,CAPOTAMENTO,CAPOTAMENTO,NÃO INFORMADO,0,0,0,0,NOVA ODESSA,CAMPINAS,RIO CLARO,ESTADUAL,1.0,0.0,0.0,0.0,0.0,0.0,0.0,0.0,0.0,0.0,0.0,0.0,0.0,0.0,0.0,0.0
2026-02-24T00:00:00,08:47:56,L01-AUTOBAN,SP330,118.0,SUL,-22.769034170109,-47.24156498909,TOMBAMENTO,TOMBAMENTO,NÃO INFORMADO,0,0,0,0,NOVA ODESSA,CAMPINAS,RIO CLARO,ESTADUAL,1.0,0.0,0.0,0.0,0.0,0.0,0.0,0.0,0.0,0.0,0.0,0.0,0.0,0.0,0.0,0.0
2026-02-24T00:00:00,09:35:50,L01-AUTOBAN,SP330,42.5,NORTE,-23.313761970016,-46.855241060257,COLISÃO,COLISÃO-TRASEIRA,NÃO INFORMADO,1,0,0,0,CAJAMAR,REG. METROPOLITANA SÃO PAULO,SÃO PAULO,ESTADUAL,0.0,0.0,0.0,0.0,2.0,0.0,0.0,0.0,0.0,0.0,0.0,0.0,0.0,0.0,0.0,0.0
2026-02-24T00:00:00,10:13:48,L06-INTERVIAS,SP330,198.68,SUL,-22.09914778,-47.41586933,COLISÃO,COLISÃO-TRASEIRA,IMPRUD. CONDUTOR,1,0,0,0,SANTA CRUZ DA CONCEIÇÃO,CAMPINAS,RIO CLARO,ESTADUAL,0.0,0.0,1.0,0.0,1.0,0.0,0.0,0.0,0.0,0.0,0.0,0.0,0.0,0.0,0.0,0.0
2026-02-24T00:00:00,11:07:06,L01-AUTOBAN,SP330,120.0,NORTE,-22.756649,-47.254609,COLISÃO,COLISÃO-TRASEIRA,NÃO INFORMADO,0,0,0,0,AMERICANA,CAMPINAS,RIO CLARO,ESTADUAL,1.0,0.0,0.0,1.0,0.0,0.0,0.0,0.0,0.0,0.0,0.0,0.0,0.0,0.0,0.0,0.0
2026-02-24T00:00:00,12:41:20,L01-AUTOBAN,SP330,61.0,NORTE,-23.175294620401,-46.918331980705,COLISÃO,COLISÃO-TRASEIRA,NÃO INFORMADO,0,0,0,0,JUNDIAÍ,CAMPINAS,CAMPINAS,ESTADUAL,1.0,0.0,0.0,1.0,0.0,0.0,0.0,0.0,0.0,0.0,0.0,0.0,0.0,0.0,0.0,0.0
2026-02-24T00:00:00,12:46:54,L28-ENTREVIAS,SP330,426.4,SUL,-20.192424531205,-47.78544894385531,COLISÃO,COLISÃO-LATERAL,OFUSCAMENTO (NATURAL OU OUTRO VEÍCULO),0,0,0,0,ARAMINA,FRANCA,RIBEIRÃO PRETO,ESTADUAL,1.0,0.0,0.0,0.0,1.0,0.0,0.0,0.0,0.0,0.0,0.0,0.0,0.0,0.0,0.0,0.0
2026-02-24T00:00:00,15:00:08,L01-AUTOBAN,SP330,23.8,SUL,-23.43671228507,-46.786547542101,COLISÃO,COLISÃO-TRASEIRA,NÃO INFORMADO,0,0,0,0,SÃO PAULO,REG. METROPOLITANA SÃO PAULO,SÃO PAULO,ESTADUAL,1.0,0.0,1.0,0.0,0.0,0.0,0.0,0.0,0.0,0.0,0.0,0.0,0.0,0.0,0.0,0.0
2026-02-24T00:00:00,17:32:38,L01-AUTOBAN,SP330,155.0,NORTE,-22.487811299674,-47.399139404297,COLISÃO,COLISÃO-TRASEIRA,NÃO INFORMADO,0,0,0,0,CORDEIRÓPOLIS,CAMPINAS,RIO CLARO,ESTADUAL,2.0,0.0,0.0,0.0,0.0,0.0,0.0,0.0,0.0,0.0,0.0,0.0,0.0,0.0,0.0,0.0
2026-02-24T00:00:00,18:51:38,L01-AUTOBAN,SPM330D,109.0,NORTE,-22.827374159413,-47.183876037598,COLISÃO,COLISÃO-LATERAL,NÃO INFORMADO,1,0,0,0,SUMARÉ,CAMPINAS,CAMPINAS,ESTADUAL,0.0,1.0,1.0,0.0,0.0,0.0,0.0,0.0,0.0,0.0,0.0,0.0,0.0,0.0,0.0,0.0
2026-02-24T00:00:00,22:06:29,L01-AUTOBAN,SP330,41.0,SUL,-23.323518428373,-46.84717297554,CHOQUE,CHOQUE-MEIO FIO,NÃO INFORMADO,1,0,0,0,CAJAMAR,REG. METROPOLITANA SÃO PAULO,SÃO PAULO,ESTADUAL,1.0,0.0,0.0,0.0,0.0,0.0,0.0,0.0,0.0,0.0,0.0,0.0,0.0,0.0,0.0,0.0
2026-02-25T00:00:00,00:38:07,L01-AUTOBAN,SP330,33.0,SUL,-23.384694,-46.838601,COLISÃO,COLISÃO-TRASEIRA,NÃO INFORMADO,1,0,0,0,CAJAMAR,REG. METROPOLITANA SÃO PAULO,SÃO PAULO,ESTADUAL,1.0,1.0,0.0,0.0,0.0,0.0,0.0,0.0,0.0,0.0,0.0,0.0,0.0,0.0,0.0,0.0
2026-02-25T00:00:00,03:34:26,L01-AUTOBAN,SP330,23.5,SUL,-23.439542775109,-46.786737442017,COLISÃO,COLISÃO-LATERAL,NÃO INFORMADO,0,0,0,0,SÃO PAULO,REG. METROPOLITANA SÃO PAULO,SÃO PAULO,ESTADUAL,0.0,0.0,0.0,1.0,0.0,0.0,0.0,0.0,0.0,0.0,0.0,0.0,0.0,0.0,0.0,0.0
2026-02-25T00:00:00,04:30:54,L01-AUTOBAN,SPM330D,104.0,NORTE,-22.856805,-47.148633,CHOQUE,CHOQUE-DEFENSA/BARREIRA,NÃO INFORMADO,0,0,0,0,CAMPINAS,CAMPINAS,CAMPINAS,ESTADUAL,1.0,0.0,0.0,0.0,0.0,0.0,0.0,0.0,0.0,0.0,0.0,0.0,0.0,0.0,0.0,0.0
2026-02-25T00:00:00,05:09:13,L01-AUTOBAN,SP330,118.5,NORTE,-22.766041546931,-47.244290113449,CHOQUE,CHOQUE-DEFENSA/BARREIRA,NÃO INFORMADO,0,0,0,0,NOVA ODESSA,CAMPINAS,RIO CLARO,ESTADUAL,0.0,0.0,0.0,0.0,1.0,0.0,0.0,0.0,0.0,0.0,0.0,0.0,0.0,0.0,0.0,0.0
2026-02-25T00:00:00,07:19:51,L01-AUTOBAN,SP330,62.0,SUL,-23.168814423993,-46.926614642143,COLISÃO,COLISÃO-LATERAL,NÃO INFORMADO,1,0,0,0,JUNDIAÍ,CAMPINAS,CAMPINAS,ESTADUAL,1.0,0.0,1.0,0.0,0.0,0.0,0.0,0.0,0.0,0.0,0.0,0.0,0.0,0.0,0.0,0.0
2026-02-25T00:00:00,11:00:07,L29-VIAPAULISTA,SP330,290.735,SUL,-21.35081651,-47.7242815,COLISÃO,COLISÃO-LATERAL,IMPRUD. CONDUTOR-MUDANÇA DE FAIXA,0,0,0,0,CRAVINHOS,RIBEIRÃO PRETO,RIBEIRÃO PRETO,ESTADUAL,1.0,0.0,0.0,0.0,1.0,0.0,0.0,0.0,0.0,0.0,0.0,0.0,0.0,0.0,0.0,0.0
2026-02-25T00:00:00,14:19:44,L06-INTERVIAS,SP330,204.7,NORTE,-22.04651207,-47.43003353,OBJETO LANÇADO CONTRA O VEÍCULO,OBJETO LANÇADO CONTRA O VEÍCULO,OBJETO LANÇADO,0,0,0,0,PIRASSUNUNGA,CAMPINAS,RIO CLARO,ESTADUAL,1.0,0.0,0.0,0.0,0.0,0.0,0.0,0.0,0.0,0.0,0.0,0.0,0.0,0.0,0.0,0.0
2026-02-25T00:00:00,15:14:08,L29-VIAPAULISTA,SP330,267.13,SUL,-21.53415893,-47.64140672,CHOQUE,CHOQUE-SINALIZAÇÃO/EQUIPAMENTO,IMPRUD. CONDUTOR-DORMIR AO VOLANTE,0,0,0,0,SÃO SIMÃO,RIBEIRÃO PRETO,RIBEIRÃO PRETO,ESTADUAL,0.0,0.0,0.0,1.0,0.0,0.0,0.0,0.0,0.0,0.0,0.0,0.0,0.0,0.0,0.0,0.0
2026-02-25T00:00:00,16:51:33,L01-AUTOBAN,SP330,84.0,SUL,-22.997982500733,-47.033178806305,COLISÃO,COLISÃO-TRASEIRA,NÃO INFORMADO,0,1,0,0,VALINHOS,CAMPINAS,CAMPINAS,ESTADUAL,1.0,0.0,1.0,0.0,0.0,0.0,0.0,0.0,0.0,0.0,0.0,0.0,0.0,0.0,0.0,0.0
2026-02-25T00:00:00,17:51:17,L01-AUTOBAN,SP330,103.0,NORTE,-22.862197108808,-47.13924407959,COLISÃO,COLISÃO-LATERAL,NÃO INFORMADO,1,0,0,0,CAMPINAS,CAMPINAS,CAMPINAS,ESTADUAL,1.0,0.0,0.0,0.0,0.0,0.0,0.0,0.0,0.0,0.0,0.0,0.0,0.0,0.0,0.0,0.0
2026-02-25T00:00:00,17:52:33,L06-INTERVIAS,SP330,189.65,SUL,-22.17827192,-47.39892994,CHOQUE,CHOQUE-OBJETO NA PISTA,OBJETO NA PISTA,0,0,0,0,LEME,CAMPINAS,RIO CLARO,ESTADUAL,1.0,0.0,0.0,0.0,0.0,0.0,0.0,0.0,0.0,0.0,0.0,0.0,0.0,0.0,0.0,0.0
2026-02-25T00:00:00,19:34:05,L06-INTERVIAS,SP330,172.0,SUL,-22.33649613,-47.39039897,CHOQUE,CHOQUE-OBJETO NA PISTA,OBJETO NA PISTA,0,0,0,0,ARARAS,CAMPINAS,RIO CLARO,ESTADUAL,1.0,0.0,0.0,0.0,0.0,0.0,0.0,0.0,0.0,0.0,0.0,0.0,0.0,0.0,0.0,0.0
2026-02-25T00:00:00,20:06:55,L06-INTERVIAS,SP330,172.0,SUL,-22.33649613,-47.39039897,CHOQUE,CHOQUE-OBJETO NA PISTA,OBJETO NA PISTA,0,0,0,0,ARARAS,CAMPINAS,RIO CLARO,ESTADUAL,0.0,0.0,0.0,1.0,0.0,0.0,0.0,0.0,0.0,0.0,0.0,0.0,0.0,0.0,0.0,0.0
2026-02-26T00:00:00,06:29:11,L01-AUTOBAN,SP330,91.0,NORTE,-22.942859,-47.066539,TOMBAMENTO,TOMBAMENTO-MOTO,NÃO INFORMADO,0,0,0,0,CAMPINAS,CAMPINAS,CAMPINAS,ESTADUAL,2.0,0.0,1.0,0.0,0.0,0.0,0.0,0.0,0.0,0.0,0.0,0.0,0.0,0.0,0.0,0.0
2026-02-26T00:00:00,07:36:22,L01-AUTOBAN,SP330,107.0,SUL,-22.839867744999,-47.170851230621,COLISÃO,COLISÃO-TRASEIRA,NÃO INFORMADO,0,0,0,0,SUMARÉ,CAMPINAS,CAMPINAS,ESTADUAL,1.0,0.0,0.0,0.0,0.0,0.0,0.0,0.0,0.0,0.0,0.0,0.0,0.0,0.0,0.0,0.0
2026-02-26T00:00:00,07:49:47,L01-AUTOBAN,SP330,109.0,SUL,-22.827506,-47.184259,ENGAVETAMENTO,ENGAVETAMENTO,NÃO INFORMADO,0,0,0,0,SUMARÉ,CAMPINAS,CAMPINAS,ESTADUAL,2.0,0.0,0.0,0.0,1.0,0.0,0.0,0.0,0.0,0.0,0.0,0.0,0.0,0.0,0.0,0.0
2026-02-26T00:00:00,14:42:06,L06-INTERVIAS,SP330,169.45,SUL,-22.35884445,-47.39495702,COLISÃO,COLISÃO-LATERAL,IMPRUD. CONDUTOR,0,0,0,0,ARARAS,CAMPINAS,RIO CLARO,ESTADUAL,0.0,1.0,0.0,1.0,1.0,0.0,0.0,0.0,0.0,0.0,0.0,0.0,0.0,0.0,0.0,0.0
2026-02-26T00:00:00,15:11:59,L01-AUTOBAN,SP330,29.0,NORTE,-23.409248491244,-46.820565462112,COLISÃO,COLISÃO-TRASEIRA,NÃO INFORMADO,0,0,0,0,SÃO PAULO,REG. METROPOLITANA SÃO PAULO,SÃO PAULO,ESTADUAL,2.0,0.0,0.0,0.0,0.0,0.0,0.0,0.0,0.0,0.0,0.0,0.0,0.0,0.0,0.0,0.0
2026-02-26T00:00:00,17:19:10,L01-AUTOBAN,SP330,53.0,NORTE,-23.230639,-46.87295,COLISÃO,COLISÃO-TRANSVERSAL,NÃO INFORMADO,0,1,0,0,JUNDIAÍ,CAMPINAS,CAMPINAS,ESTADUAL,1.0,0.0,1.0,0.0,0.0,0.0,0.0,0.0,0.0,0.0,0.0,0.0,0.0,0.0,0.0,0.0
2026-02-26T00:00:00,17:59:51,L01-AUTOBAN,SPM330D,52.0,NORTE,-23.240084246841,-46.868990063667,COLISÃO,COLISÃO-TRASEIRA,NÃO INFORMADO,0,0,0,0,JUNDIAÍ,CAMPINAS,CAMPINAS,ESTADUAL,1.0,0.0,0.0,1.0,0.0,0.0,0.0,0.0,0.0,0.0,0.0,0.0,0.0,0.0,0.0,0.0
2026-02-26T00:00:00,20:14:29,L29-VIAPAULISTA,SP330,300.748,NORTE,-21.26608177,-47.75557177,COLISÃO,COLISÃO-TRASEIRA,IMPRUD. CONDUTOR-DORMIR AO VOLANTE,0,0,0,0,RIBEIRÃO PRETO,RIBEIRÃO PRETO,RIBEIRÃO PRETO,ESTADUAL,1.0,0.0,0.0,0.0,1.0,0.0,0.0,0.0,0.0,0.0,0.0,0.0,0.0,0.0,0.0,0.0
2026-02-26T00:00:00,23:12:25,L01-AUTOBAN,SPM330D,94.0,NORTE,-22.924593081991,-47.087171673775,TOMBAMENTO,TOMBAMENTO,NÃO INFORMADO,1,0,0,0,CAMPINAS,CAMPINAS,CAMPINAS,ESTADUAL,0.0,0.0,1.0,0.0,0.0,0.0,0.0,0.0,0.0,0.0,0.0,0.0,0.0,0.0,0.0,0.0
2026-02-26T00:00:00,23:40:20,L01-AUTOBAN,SPM330D,94.0,NORTE,-22.924593081991,-47.087171673775,COLISÃO,COLISÃO-TRASEIRA,NÃO INFORMADO,0,0,0,0,CAMPINAS,CAMPINAS,CAMPINAS,ESTADUAL,2.0,0.0,0.0,0.0,0.0,0.0,0.0,0.0,0.0,0.0,0.0,0.0,0.0,0.0,0.0,0.0
2026-02-27T00:00:00,02:11:39,L06-INTERVIAS,SP330,202.21,NORTE,-22.0677332,-47.42466245,CHOQUE,CHOQUE-OUTROS,OBJETO NA PISTA,0,0,0,0,PIRASSUNUNGA,CAMPINAS,RIO CLARO,ESTADUAL,0.0,0.0,0.0,1.0,0.0,0.0,0.0,0.0,0.0,0.0,0.0,0.0,0.0,0.0,0.0,0.0
2026-02-27T00:00:00,07:33:06,L01-AUTOBAN,SP330,107.0,SUL,-22.839867744999,-47.170851230621,COLISÃO,COLISÃO-LATERAL,NÃO INFORMADO,0,1,0,0,SUMARÉ,CAMPINAS,CAMPINAS,ESTADUAL,1.0,0.0,1.0,0.0,0.0,0.0,0.0,0.0,0.0,0.0,0.0,0.0,0.0,0.0,0.0,0.0
2026-02-27T00:00:00,07:49:00,L01-AUTOBAN,SP330,107.0,SUL,-22.839867744999,-47.170851230621,COLISÃO,COLISÃO-TRASEIRA,NÃO INFORMADO,0,1,0,0,SUMARÉ,CAMPINAS,CAMPINAS,ESTADUAL,0.0,0.0,1.0,1.0,0.0,0.0,0.0,0.0,0.0,0.0,0.0,0.0,0.0,0.0,0.0,0.0
2026-02-27T00:00:00,08:06:28,L29-VIAPAULISTA,SP330,309.479,NORTE,-21.18802891,-47.75730352,COLISÃO,COLISÃO-TRASEIRA,IMPRUD. CONDUTOR-DIST. INADEQUADA ENTRE VEÍC.,0,0,0,0,RIBEIRÃO PRETO,RIBEIRÃO PRETO,RIBEIRÃO PRETO,ESTADUAL,1.0,0.0,0.0,1.0,0.0,0.0,0.0,0.0,0.0,0.0,0.0,0.0,0.0,0.0,0.0,0.0
2026-02-27T00:00:00,14:42:01,L01-AUTOBAN,SP330,122.0,NORTE,-22.743594,-47.268248,COLISÃO,COLISÃO-TRASEIRA,NÃO INFORMADO,0,0,1,0,AMERICANA,CAMPINAS,RIO CLARO,ESTADUAL,0.0,0.0,1.0,0.0,1.0,0.0,0.0,0.0,0.0,0.0,0.0,0.0,0.0,0.0,0.0,0.0
2026-02-27T00:00:00,20:47:31,L29-VIAPAULISTA,SP330,241.97,SUL,-21.74964036,-47.57151933,COLISÃO,COLISÃO-LATERAL,IMPRUD. CONDUTOR,0,1,0,0,SANTA RITA DO PASSA QUATRO,CENTRAL,RIBEIRÃO PRETO,ESTADUAL,2.0,0.0,1.0,0.0,0.0,0.0,0.0,0.0,0.0,0.0,0.0,0.0,0.0,0.0,0.0,0.0
2026-02-27T00:00:00,21:40:00,L28-ENTREVIAS,SP330,364.586,NORTE,-21.03386351939818,-47.83354780327321,COLISÃO,COLISÃO-TRASEIRA,CICLISTA NA RODOVIA,0,0,0,1,ORLÂNDIA,FRANCA,RIBEIRÃO PRETO,ESTADUAL,0.0,0.0,0.0,0.0,1.0,1.0,0.0,0.0,0.0,0.0,0.0,0.0,0.0,0.0,0.0,0.0
2026-02-27T00:00:00,21:57:33,L28-ENTREVIAS,SPA327/330,4.5,LESTE,-21.03108324976897,-47.78441763563505,ATROPELAMENTO DE PEDESTRE,ATROP. PEDESTRE-OUTROS,IMPRUD. PEDESTRE-USUÁRIO,1,0,0,0,JARDINÓPOLIS,RIBEIRÃO PRETO,RIBEIRÃO PRETO,ESTADUAL,1.0,1.0,0.0,0.0,0.0,0.0,0.0,0.0,0.0,0.0,0.0,0.0,0.0,0.0,0.0,0.0
2026-02-27T00:00:00,23:23:42,L01-AUTOBAN,SP330,103.0,NORTE,-22.862197108808,-47.13924407959,COLISÃO,COLISÃO-TRASEIRA,NÃO INFORMADO,1,0,0,0,CAMPINAS,CAMPINAS,CAMPINAS,ESTADUAL,0.0,0.0,1.0,0.0,1.0,0.0,0.0,0.0,0.0,0.0,0.0,0.0,0.0,0.0,0.0,0.0
2026-02-27T00:00:00,23:28:20,L01-AUTOBAN,SP330,100.0,NORTE,-22.880331764505,-47.117582559586,CHOQUE,CHOQUE-DEFENSA/BARREIRA,NÃO INFORMADO,0,0,0,0,CAMPINAS,CAMPINAS,CAMPINAS,ESTADUAL,1.0,0.0,0.0,0.0,0.0,0.0,0.0,0.0,0.0,0.0,0.0,0.0,0.0,0.0,0.0,0.0
2026-02-28T00:00:00,01:28:01,L01-AUTOBAN,SP330,145.0,NORTE,-22.569267404397,-47.365960478783,ATROPELAMENTO DE ANIMAL,ATROP. ANIMAL-OUTROS,NÃO INFORMADO,0,0,0,0,LIMEIRA,CAMPINAS,RIO CLARO,ESTADUAL,0.0,0.0,0.0,0.0,1.0,0.0,0.0,0.0,0.0,0.0,0.0,0.0,0.0,0.0,0.0,0.0
2026-02-28T00:00:00,02:29:28,L01-AUTOBAN,SP330,119.0,SUL,-22.763494109765,-47.247900366783,COLISÃO,COLISÃO-TRASEIRA,NÃO INFORMADO,0,0,0,0,NOVA ODESSA,CAMPINAS,RIO CLARO,ESTADUAL,1.0,0.0,0.0,1.0,0.0,0.0,0.0,0.0,0.0,0.0,0.0,0.0,0.0,0.0,0.0,0.0
2026-02-28T00:00:00,04:18:54,L01-AUTOBAN,SP330,141.0,NORTE,-22.605245588286,-47.361942529678,CHOQUE,CHOQUE-TALUDE/BARRANCO,NÃO INFORMADO,0,0,0,0,LIMEIRA,CAMPINAS,RIO CLARO,ESTADUAL,0.0,0.0,0.0,1.0,0.0,0.0,0.0,0.0,0.0,0.0,0.0,0.0,0.0,0.0,0.0,0.0
2026-02-28T00:00:00,06:11:49,L01-AUTOBAN,SPM330D,14.0,NORTE,-23.507052,-46.749681,CHOQUE,CHOQUE-OBJETO NA PISTA,NÃO INFORMADO,0,0,0,0,SÃO PAULO,REG. METROPOLITANA SÃO PAULO,SÃO PAULO,ESTADUAL,1.0,0.0,0.0,0.0,1.0,0.0,0.0,0.0,0.0,0.0,0.0,0.0,0.0,0.0,0.0,0.0
2026-02-28T00:00:00,07:23:59,L01-AUTOBAN,SP330,82.0,NORTE,-23.013082202618,-47.022766470909,CHOQUE,CHOQUE-OBJETO NA PISTA,NÃO INFORMADO,0,0,0,0,VALINHOS,CAMPINAS,CAMPINAS,ESTADUAL,0.0,0.0,0.0,0.0,1.0,0.0,0.0,0.0,0.0,0.0,0.0,0.0,0.0,0.0,0.0,0.0
2026-02-28T00:00:00,09:29:46,L01-AUTOBAN,SPI102/330,5.0,NORTE,-22.906904124332,-47.13676571846,TOMBAMENTO,TOMBAMENTO,NÃO INFORMADO,0,0,0,0,CAMPINAS,CAMPINAS,CAMPINAS,ESTADUAL,1.0,0.0,0.0,0.0,0.0,0.0,0.0,0.0,0.0,0.0,0.0,0.0,0.0,0.0,0.0,0.0
2026-02-28T00:00:00,11:02:58,L29-VIAPAULISTA,SP330,298.2,SUL,-21.28813925,-47.74806245,ENGAVETAMENTO,ENGAVETAMENTO,IMPRUD. CONDUTOR-DIST. INADEQUADA ENTRE VEÍC.,0,0,0,0,CRAVINHOS,RIBEIRÃO PRETO,RIBEIRÃO PRETO,ESTADUAL,2.0,1.0,0.0,0.0,0.0,0.0,0.0,0.0,0.0,0.0,0.0,0.0,0.0,0.0,0.0,0.0
2026-02-28T00:00:00,11:34:00,L01-AUTOBAN,SP330,82.0,NORTE,-23.013082202618,-47.022766470909,COLISÃO,COLISÃO-LATERAL,NÃO INFORMADO,0,1,0,0,VALINHOS,CAMPINAS,CAMPINAS,ESTADUAL,2.0,0.0,0.0,0.0,0.0,0.0,0.0,0.0,0.0,0.0,0.0,0.0,0.0,0.0,0.0,0.0
2026-02-28T00:00:00,11:41:50,L01-AUTOBAN,SP330,81.0,SUL,-23.021683043135,-47.0179438591,TOMBAMENTO,TOMBAMENTO,NÃO INFORMADO,0,1,0,0,VALINHOS,CAMPINAS,CAMPINAS,ESTADUAL,0.0,0.0,1.0,0.0,0.0,0.0,0.0,0.0,0.0,0.0,0.0,0.0,0.0,0.0,0.0,0.0
2026-02-28T00:00:00,12:04:22,L29-VIAPAULISTA,SP330,299.15,SUL,-21.28002159,-47.75184601,COLISÃO,COLISÃO-LATERAL,IMPRUD. CONDUTOR,1,0,0,0,CRAVINHOS,RIBEIRÃO PRETO,RIBEIRÃO PRETO,ESTADUAL,1.0,0.0,1.0,0.0,0.0,0.0,0.0,0.0,0.0,0.0,0.0,0.0,0.0,0.0,0.0,0.0
2026-02-28T00:00:00,14:58:06,L01-AUTOBAN,SP330,103.9,NORTE,-22.857344202653,-47.147694122285,CHOQUE,CHOQUE-DEFENSA/BARREIRA,NÃO INFORMADO,0,0,0,0,CAMPINAS,CAMPINAS,CAMPINAS,ESTADUAL,1.0,0.0,0.0,0.0,0.0,0.0,0.0,0.0,0.0,0.0,0.0,0.0,0.0,0.0,0.0,0.0
2026-02-28T00:00:00,16:41:36,L01-AUTOBAN,SP330,85.5,NORTE,-22.986138995991,-47.041227044708,COLISÃO,COLISÃO-TRASEIRA,NÃO INFORMADO,0,1,0,0,VALINHOS,CAMPINAS,CAMPINAS,ESTADUAL,1.0,0.0,1.0,0.0,0.0,0.0,0.0,0.0,0.0,0.0,0.0,0.0,0.0,0.0,0.0,0.0
2026-02-28T00:00:00,20:21:50,L29-VIAPAULISTA,SP330,274.622,NORTE,-21.46676087,-47.64149027,CHOQUE,CHOQUE-SINALIZAÇÃO/EQUIPAMENTO,IMPRUD. CONDUTOR,0,0,0,0,SÃO SIMÃO,RIBEIRÃO PRETO,RIBEIRÃO PRETO,ESTADUAL,1.0,0.0,0.0,0.0,0.0,0.0,0.0,0.0,0.0,0.0,0.0,0.0,0.0,0.0,0.0,0.0
2026-02-28T00:00:00,21:07:25,L01-AUTOBAN,SPM330D,116.8,NORTE,-22.776516785725,-47.234002245386,COLISÃO,COLISÃO-LATERAL,NÃO INFORMADO,0,1,0,0,NOVA ODESSA,CAMPINAS,RIO CLARO,ESTADUAL,1.0,0.0,1.0,0.0,0.0,0.0,0.0,0.0,0.0,0.0,0.0,0.0,0.0,0.0,0.0,0.0
2026-02-28T00:00:00,23:09:53,L28-ENTREVIAS,SPA327/330,0.52,LESTE,-21.04810445285567,-47.82095704717884,TOMBAMENTO,TOMBAMENTO-MOTO,IMPRUD. CONDUTOR-LEVOU FECHADA,1,0,0,0,JARDINÓPOLIS,RIBEIRÃO PRETO,RIBEIRÃO PRETO,ESTADUAL,0.0,0.0,1.0,0.0,0.0,0.0,0.0,0.0,0.0,0.0,0.0,0.0,0.0,0.0,0.0,0.0
2026-03-01T00:00:00,04:18:07,L01-AUTOBAN,SPM330E,113.0,SUL,-22.810562579097,-47.212865352631,CHOQUE,CHOQUE-MEIO FIO,NÃO INFORMADO,0,0,0,0,SUMARÉ,CAMPINAS,CAMPINAS,ESTADUAL,1.0,0.0,0.0,0.0,0.0,0.0,0.0,0.0,0.0,0.0,0.0,0.0,0.0,0.0,0.0,0.0
2026-03-01T00:00:00,05:22:19,L01-AUTOBAN,SPM330D,112.0,NORTE,-22.813712468257,-47.208970785141,CHOQUE,CHOQUE-DEFENSA/BARREIRA,NÃO INFORMADO,1,0,0,0,SUMARÉ,CAMPINAS,CAMPINAS,ESTADUAL,1.0,0.0,0.0,0.0,0.0,0.0,0.0,0.0,0.0,0.0,0.0,0.0,0.0,0.0,0.0,0.0
2026-03-01T00:00:00,06:24:09,L01-AUTOBAN,SP330,21.1,SUL,-23.460196811838,-46.781967939929,ENGAVETAMENTO,ENGAVETAMENTO,NÃO INFORMADO,5,0,0,0,SÃO PAULO,REG. METROPOLITANA SÃO PAULO,SÃO PAULO,ESTADUAL,2.0,0.0,0.0,1.0,0.0,0.0,0.0,0.0,0.0,0.0,0.0,0.0,0.0,0.0,0.0,0.0
2026-03-01T00:00:00,07:01:25,L01-AUTOBAN,SP330,140.54,SUL,-22.607762860658,-47.359741464502,CHOQUE,CHOQUE-TALUDE/BARRANCO,NÃO INFORMADO,0,0,0,0,LIMEIRA,CAMPINAS,RIO CLARO,ESTADUAL,0.0,0.0,0.0,0.0,1.0,0.0,0.0,0.0,0.0,0.0,0.0,0.0,0.0,0.0,0.0,0.0
2026-03-01T00:00:00,21:29:49,L01-AUTOBAN,SP330,43.5,SUL,-23.306441090671,-46.857078373432,TOMBAMENTO,TOMBAMENTO-MOTO,NÃO INFORMADO,0,0,0,0,CAJAMAR,REG. METROPOLITANA SÃO PAULO,SÃO PAULO,ESTADUAL,1.0,0.0,1.0,0.0,0.0,0.0,0.0,0.0,0.0,0.0,0.0,0.0,0.0,0.0,0.0,0.0
2026-03-01T00:00:00,23:39:00,L29-VIAPAULISTA,SP330,311.679,NORTE,-21.16818011,-47.75626729,COLISÃO,COLISÃO-TRASEIRA,IMPRUD. CONDUTOR,0,0,0,0,RIBEIRÃO PRETO,RIBEIRÃO PRETO,RIBEIRÃO PRETO,ESTADUAL,1.0,1.0,0.0,0.0,0.0,0.0,0.0,0.0,0.0,0.0,0.0,0.0,0.0,0.0,0.0,0.0
2026-03-02T00:00:00,03:00:49,L01-AUTOBAN,SP330,129.3,SUL,-22.694338639329,-47.309982781389,CHOQUE,CHOQUE-DEFENSA/BARREIRA,NÃO INFORMADO,1,0,0,0,AMERICANA,CAMPINAS,RIO CLARO,ESTADUAL,0.0,0.0,0.0,0.0,1.0,0.0,0.0,0.0,0.0,0.0,0.0,0.0,0.0,0.0,0.0,0.0
2026-03-02T00:00:00,04:38:28,L01-AUTOBAN,SP330,81.0,NORTE,-23.021130077926,-47.017879486084,COLISÃO,COLISÃO-TRASEIRA,NÃO INFORMADO,0,0,0,1,VALINHOS,CAMPINAS,CAMPINAS,ESTADUAL,0.0,1.0,1.0,0.0,0.0,0.0,0.0,0.0,0.0,0.0,0.0,0.0,0.0,0.0,0.0,0.0
2026-03-02T00:00:00,05:51:58,L01-AUTOBAN,SP330,84.0,SUL,-22.997982500733,-47.033178806305,COLISÃO,COLISÃO-TRASEIRA,NÃO INFORMADO,0,0,1,0,VALINHOS,CAMPINAS,CAMPINAS,ESTADUAL,1.0,0.0,1.0,0.0,0.0,0.0,0.0,0.0,0.0,0.0,0.0,0.0,0.0,0.0,0.0,0.0
2026-03-02T00:00:00,06:50:14,L28-ENTREVIAS,SP330,408.85,SUL,-20.35691270996167,-47.8162855657443,COLISÃO,COLISÃO-TRASEIRA,IMPRUD. CONDUTOR-FALTA DE ATENÇÃO,0,0,0,0,ITUVERAVA,FRANCA,RIBEIRÃO PRETO,ESTADUAL,0.0,0.0,0.0,0.0,0.0,0.0,0.0,0.0,0.0,0.0,2.0,0.0,0.0,0.0,0.0,0.0
2026-03-02T00:00:00,06:51:48,L01-AUTOBAN,SP330,24.0,SUL,-23.434825279713,-46.786420941353,COLISÃO,COLISÃO-LATERAL,NÃO INFORMADO,1,0,0,0,SÃO PAULO,REG. METROPOLITANA SÃO PAULO,SÃO PAULO,ESTADUAL,0.0,0.0,1.0,1.0,0.0,0.0,0.0,0.0,0.0,0.0,0.0,0.0,0.0,0.0,0.0,0.0
2026-03-02T00:00:00,07:20:52,L01-AUTOBAN,SPM330E,82.0,SUL,-23.013551263743,-47.02328145504,TOMBAMENTO,TOMBAMENTO,NÃO INFORMADO,0,1,0,0,VALINHOS,NÃO INFORMADO,NÃO INFORMADO,NÃO INFORMADO,0.0,0.0,1.0,0.0,0.0,0.0,0.0,0.0,0.0,0.0,0.0,0.0,0.0,0.0,0.0,0.0
2026-03-02T00:00:00,08:43:33,L01-AUTOBAN,SP330,82.0,NORTE,-23.013082202618,-47.022766470909,CHOQUE,CHOQUE-DEFENSA/BARREIRA,NÃO INFORMADO,0,0,0,0,VALINHOS,CAMPINAS,CAMPINAS,ESTADUAL,0.0,0.0,0.0,1.0,0.0,0.0,0.0,0.0,0.0,0.0,0.0,0.0,0.0,0.0,0.0,0.0
2026-03-02T00:00:00,13:08:52,L01-AUTOBAN,SPM330D,95.7,NORTE,-22.913924122308,-47.09919062986,TOMBAMENTO,TOMBAMENTO-MOTO,NÃO INFORMADO,1,0,0,0,CAMPINAS,CAMPINAS,CAMPINAS,ESTADUAL,0.0,0.0,1.0,0.0,0.0,0.0,0.0,0.0,0.0,0.0,0.0,0.0,0.0,0.0,0.0,0.0
2026-03-02T00:00:00,13:33:12,L01-AUTOBAN,SPM330D,14.0,NORTE,-23.507052,-46.749681,COLISÃO,COLISÃO-LATERAL,NÃO INFORMADO,1,0,0,0,SÃO PAULO,REG. METROPOLITANA SÃO PAULO,SÃO PAULO,ESTADUAL,1.0,0.0,1.0,0.0,0.0,0.0,0.0,0.0,0.0,0.0,0.0,0.0,0.0,0.0,0.0,0.0
2026-03-02T00:00:00,14:12:47,L29-VIAPAULISTA,SP330,294.964,NORTE,-21.31426199,-47.73574859,TOMBAMENTO,TOMBAMENTO,IMPRUD. CONDUTOR-PERDA DE CONTROLE,0,0,0,0,CRAVINHOS,RIBEIRÃO PRETO,RIBEIRÃO PRETO,ESTADUAL,0.0,0.0,0.0,0.0,1.0,0.0,0.0,0.0,0.0,0.0,0.0,0.0,0.0,0.0,0.0,0.0
2026-03-02T00:00:00,14:15:55,L29-VIAPAULISTA,SP330,309.8,NORTE,-21.18508761,-47.75714921,TOMBAMENTO,TOMBAMENTO,ESTOURO/FURO DE PNEU,0,1,0,0,RIBEIRÃO PRETO,RIBEIRÃO PRETO,RIBEIRÃO PRETO,ESTADUAL,0.0,0.0,1.0,0.0,0.0,0.0,0.0,0.0,0.0,0.0,0.0,0.0,0.0,0.0,0.0,0.0
2026-03-02T00:00:00,14:52:06,L01-AUTOBAN,SP330,36.0,SUL,-23.36049320542,-46.848599910736,COLISÃO,COLISÃO-LATERAL,NÃO INFORMADO,0,1,0,0,CAJAMAR,REG. METROPOLITANA SÃO PAULO,SÃO PAULO,ESTADUAL,0.0,0.0,0.0,0.0,2.0,0.0,0.0,0.0,0.0,0.0,0.0,0.0,0.0,0.0,0.0,0.0
2026-03-02T00:00:00,18:01:31,L06-INTERVIAS,SPI165/330,2.8,LESTE,-22.39481587,-47.36526364,COLISÃO,COLISÃO-LATERAL,IMPRUD. CONDUTOR-LEVOU FECHADA,1,0,0,0,ARARAS,CAMPINAS,RIO CLARO,ESTADUAL,1.0,0.0,1.0,0.0,0.0,0.0,0.0,0.0,0.0,0.0,0.0,0.0,0.0,0.0,0.0,0.0
2026-03-02T00:00:00,21:28:46,L01-AUTOBAN,SP330,75.5,SUL,-23.067765126938,-46.989035267471,COLISÃO,COLISÃO-TRASEIRA,NÃO INFORMADO,0,1,0,0,VINHEDO,CAMPINAS,CAMPINAS,ESTADUAL,0.0,1.0,1.0,0.0,0.0,0.0,0.0,0.0,0.0,0.0,0.0,0.0,0.0,0.0,0.0,0.0
2026-03-02T00:00:00,22:12:13,L01-AUTOBAN,SP330,103.0,SUL,-22.862525,-47.139454,TOMBAMENTO,TOMBAMENTO-MOTO,NÃO INFORMADO,1,0,0,0,CAMPINAS,CAMPINAS,CAMPINAS,ESTADUAL,0.0,0.0,1.0,0.0,0.0,0.0,0.0,0.0,0.0,0.0,0.0,0.0,0.0,0.0,0.0,0.0
2026-03-02T00:00:00,23:25:00,L28-ENTREVIAS,SP330,364.586,NORTE,-20.73065906261817,-47.89387163570494,ATROPELAMENTO DE PEDESTRE,ATROP. PEDESTRE-OUTROS,IMPRUD. PEDESTRE-USUÁRIO,0,0,0,1,ORLÂNDIA,FRANCA,RIBEIRÃO PRETO,ESTADUAL,0.0,1.0,0.0,0.0,0.0,0.0,0.0,1.0,0.0,0.0,0.0,0.0,0.0,0.0,0.0,0.0
2026-03-03T00:00:00,06:56:19,L01-AUTOBAN,SP330,33.0,SUL,-23.384694,-46.838601,COLISÃO,COLISÃO-TRASEIRA,NÃO INFORMADO,1,0,0,0,CAJAMAR,REG. METROPOLITANA SÃO PAULO,SÃO PAULO,ESTADUAL,0.0,1.0,1.0,0.0,0.0,0.0,0.0,0.0,0.0,0.0,0.0,0.0,0.0,0.0,0.0,0.0
2026-03-03T00:00:00,15:31:42,L01-AUTOBAN,SP330,15.0,SUL,-23.499916439503,-46.754695773125,CHOQUE,CHOQUE-DEFENSA/BARREIRA,NÃO INFORMADO,1,0,0,0,SÃO PAULO,REG. METROPOLITANA SÃO PAULO,SÃO PAULO,ESTADUAL,1.0,0.0,1.0,1.0,0.0,0.0,0.0,0.0,0.0,0.0,0.0,0.0,0.0,0.0,0.0,0.0
2026-03-03T00:00:00,15:48:59,L06-INTERVIAS,SP330,171.9,NORTE,-22.33749633,-47.3903456,COLISÃO,COLISÃO-TRASEIRA,IMPRUD. CONDUTOR-DORMIR AO VOLANTE,0,0,0,0,ARARAS,CAMPINAS,RIO CLARO,ESTADUAL,0.0,0.0,0.0,0.0,2.0,0.0,0.0,0.0,0.0,0.0,0.0,0.0,0.0,0.0,0.0,0.0
2026-03-03T00:00:00,17:20:23,L01-AUTOBAN,SP330,84.5,NORTE,-22.993651702162,-47.035970985889,COLISÃO,COLISÃO-TRASEIRA,NÃO INFORMADO,1,0,0,0,VALINHOS,CAMPINAS,CAMPINAS,ESTADUAL,1.0,0.0,0.0,0.0,1.0,0.0,0.0,0.0,0.0,0.0,0.0,0.0,0.0,0.0,0.0,0.0
2026-03-03T00:00:00,17:40:51,L29-VIAPAULISTA,SP330,315.18,SUL,-21.13789101,-47.76272292,ENGAVETAMENTO,ENGAVETAMENTO,IMPRUD. CONDUTOR-DIST. INADEQUADA ENTRE VEÍC.,0,0,0,0,RIBEIRÃO PRETO,RIBEIRÃO PRETO,RIBEIRÃO PRETO,ESTADUAL,3.0,0.0,0.0,0.0,0.0,0.0,0.0,0.0,0.0,0.0,0.0,0.0,0.0,0.0,0.0,0.0
2026-03-03T00:00:00,17:49:15,L29-VIAPAULISTA,SP330,317.2,SUL,-21.12371082,-47.77224558,COLISÃO,COLISÃO-TRASEIRA,IMPRUD. CONDUTOR,1,0,0,0,RIBEIRÃO PRETO,RIBEIRÃO PRETO,RIBEIRÃO PRETO,ESTADUAL,0.0,0.0,1.0,1.0,0.0,0.0,0.0,0.0,0.0,0.0,0.0,0.0,0.0,0.0,0.0,0.0
2026-03-03T00:00:00,19:10:21,L01-AUTOBAN,SPM330E,14.0,SUL,-23.507187255032,-46.750034093857,COLISÃO,COLISÃO-LATERAL,NÃO INFORMADO,1,0,0,0,SÃO PAULO,REG. METROPOLITANA SÃO PAULO,SÃO PAULO,ESTADUAL,0.0,0.0,1.0,1.0,0.0,0.0,0.0,0.0,0.0,0.0,0.0,0.0,0.0,0.0,0.0,0.0
2026-03-03T00:00:00,20:21:04,L01-AUTOBAN,SP330,90.0,SUL,-22.951028332599,-47.062173485756,COLISÃO,COLISÃO-TRASEIRA,NÃO INFORMADO,0,0,1,0,CAMPINAS,CAMPINAS,CAMPINAS,ESTADUAL,1.0,0.0,1.0,0.0,0.0,0.0,0.0,0.0,0.0,0.0,0.0,0.0,0.0,0.0,0.0,0.0
2026-03-03T00:00:00,21:37:48,L06-INTERVIAS,SP330,171.0,NORTE,-22.3450534,-47.39337304,COLISÃO,COLISÃO-TRASEIRA,IMPRUD. CONDUTOR,0,0,0,0,ARARAS,CAMPINAS,RIO CLARO,ESTADUAL,1.0,0.0,0.0,0.0,2.0,0.0,0.0,0.0,0.0,0.0,0.0,0.0,0.0,0.0,0.0,0.0
2026-03-04T00:00:00,02:42:21,L29-VIAPAULISTA,SP330,284.376,NORTE,-21.39482587,-47.68848635,CHOQUE,CHOQUE-DEFENSA/BARREIRA,IMPRUD. CONDUTOR-DORMIR AO VOLANTE,0,0,0,0,SÃO SIMÃO,RIBEIRÃO PRETO,RIBEIRÃO PRETO,ESTADUAL,0.0,0.0,0.0,0.0,1.0,0.0,0.0,0.0,0.0,0.0,0.0,0.0,0.0,0.0,0.0,0.0
2026-03-04T00:00:00,05:36:18,L01-AUTOBAN,SP330,94.5,SUL,-22.924640493417,-47.087520650466,COLISÃO,COLISÃO-TRASEIRA,NÃO INFORMADO,1,0,0,0,CAMPINAS,CAMPINAS,CAMPINAS,ESTADUAL,1.0,0.0,0.0,0.0,1.0,0.0,0.0,0.0,0.0,0.0,0.0,0.0,0.0,0.0,0.0,0.0
2026-03-04T00:00:00,06:31:36,L01-AUTOBAN,SP330,21.3,SUL,-23.458605338164,-46.783007558195,TOMBAMENTO,TOMBAMENTO-MOTO,NÃO INFORMADO,2,0,0,0,SÃO PAULO,REG. METROPOLITANA SÃO PAULO,SÃO PAULO,ESTADUAL,0.0,0.0,1.0,0.0,0.0,0.0,0.0,0.0,0.0,0.0,0.0,0.0,0.0,0.0,0.0,0.0
2026-03-04T00:00:00,06:54:33,L29-VIAPAULISTA,SP330,297.252,SUL,-21.29594046,-47.74444048,CHOQUE,CHOQUE-OBJETO NA PISTA,VEÍCULO PARADO NA FAIXA,1,0,0,0,CRAVINHOS,RIBEIRÃO PRETO,RIBEIRÃO PRETO,ESTADUAL,0.0,0.0,1.0,0.0,1.0,0.0,0.0,0.0,0.0,0.0,0.0,0.0,0.0,0.0,0.0,0.0
2026-03-04T00:00:00,07:03:44,L01-AUTOBAN,SP330,26.0,NORTE,-23.420506628573,-46.794564127922,COLISÃO,COLISÃO-LATERAL,NÃO INFORMADO,0,1,0,0,SÃO PAULO,REG. METROPOLITANA SÃO PAULO,SÃO PAULO,ESTADUAL,0.0,1.0,1.0,0.0,0.0,0.0,0.0,0.0,0.0,0.0,0.0,0.0,0.0,0.0,0.0,0.0
2026-03-04T00:00:00,07:35:39,L01-AUTOBAN,SPM330D,96.7,NORTE,-22.906289396666,-47.105879525698,COLISÃO,COLISÃO-LATERAL,NÃO INFORMADO,1,0,0,0,CAMPINAS,CAMPINAS,CAMPINAS,ESTADUAL,1.0,0.0,1.0,0.0,0.0,0.0,0.0,0.0,0.0,0.0,0.0,0.0,0.0,0.0,0.0,0.0
2026-03-04T00:00:00,08:22:32,L01-AUTOBAN,SP330,95.0,NORTE,-22.919696732904,-47.094027400017,COLISÃO,COLISÃO-LATERAL,NÃO INFORMADO,1,0,0,0,CAMPINAS,CAMPINAS,CAMPINAS,ESTADUAL,1.0,0.0,1.0,0.0,0.0,0.0,0.0,0.0,0.0,0.0,0.0,0.0,0.0,0.0,0.0,0.0
2026-03-04T00:00:00,15:14:53,L01-AUTOBAN,SP330,150.0,SUL,-22.530103711715,-47.38679587841,COLISÃO,COLISÃO-TRASEIRA,NÃO INFORMADO,0,1,1,0,LIMEIRA,CAMPINAS,RIO CLARO,ESTADUAL,0.0,0.0,0.0,0.0,2.0,0.0,0.0,0.0,0.0,0.0,0.0,0.0,0.0,0.0,0.0,0.0
2026-03-04T00:00:00,16:24:50,L29-VIAPAULISTA,SP330,277.503,NORTE,-21.44189597,-47.64946189,CHOQUE,CHOQUE-DEFENSA/BARREIRA,ESTOURO/FURO DE PNEU,0,0,0,0,SÃO SIMÃO,RIBEIRÃO PRETO,RIBEIRÃO PRETO,ESTADUAL,0.0,0.0,0.0,0.0,1.0,0.0,0.0,0.0,0.0,0.0,0.0,0.0,0.0,0.0,0.0,0.0
2026-03-04T00:00:00,17:14:07,L01-AUTOBAN,SP330,148.5,SUL,-22.541698031953,-47.378774272518,ENGAVETAMENTO,ENGAVETAMENTO,NÃO INFORMADO,0,0,0,0,LIMEIRA,CAMPINAS,RIO CLARO,ESTADUAL,0.0,0.0,0.0,1.0,3.0,0.0,0.0,0.0,0.0,0.0,0.0,0.0,0.0,0.0,0.0,0.0
2026-03-04T00:00:00,19:28:21,L01-AUTOBAN,SP330,64.2,NORTE,-23.15145342871,-46.936334956317,CHOQUE,CHOQUE-DEFENSA/BARREIRA,NÃO INFORMADO,0,0,0,0,JUNDIAÍ,CAMPINAS,CAMPINAS,ESTADUAL,1.0,0.0,0.0,0.0,0.0,0.0,0.0,0.0,0.0,0.0,0.0,0.0,0.0,0.0,0.0,0.0
2026-03-04T00:00:00,19:34:59,L01-AUTOBAN,SP330,142.0,NORTE,-22.596539175176,-47.365295290947,COLISÃO,COLISÃO-LATERAL,NÃO INFORMADO,0,1,1,0,LIMEIRA,CAMPINAS,RIO CLARO,ESTADUAL,1.0,0.0,1.0,0.0,0.0,0.0,0.0,0.0,0.0,0.0,0.0,0.0,0.0,0.0,0.0,0.0
2026-03-04T00:00:00,20:06:19,L29-VIAPAULISTA,SP330,285.856,SUL,-21.38776156,-47.69924976,CHOQUE,CHOQUE-DEFENSA/BARREIRA,IMPRUD. CONDUTOR,0,0,0,0,CRAVINHOS,RIBEIRÃO PRETO,RIBEIRÃO PRETO,ESTADUAL,0.0,1.0,0.0,1.0,1.0,0.0,0.0,0.0,0.0,0.0,0.0,0.0,0.0,0.0,0.0,0.0
2026-03-04T00:00:00,20:11:34,L29-VIAPAULISTA,SP330,246.139,SUL,-21.71702733,-47.58992015,COLISÃO,COLISÃO-TRASEIRA,IMPRUD. CONDUTOR-PERDA DE CONTROLE,0,0,0,1,SANTA RITA DO PASSA QUATRO,CENTRAL,RIBEIRÃO PRETO,ESTADUAL,0.0,0.0,0.0,0.0,2.0,0.0,0.0,0.0,0.0,0.0,0.0,0.0,0.0,0.0,0.0,0.0
2026-03-04T00:00:00,20:17:11,L01-AUTOBAN,SP330,62.7,NORTE,-23.163041539769,-46.930240347482,COLISÃO,COLISÃO-TRASEIRA,NÃO INFORMADO,0,1,0,0,JUNDIAÍ,CAMPINAS,CAMPINAS,ESTADUAL,2.0,0.0,0.0,0.0,0.0,0.0,0.0,0.0,0.0,0.0,0.0,0.0,0.0,0.0,0.0,0.0
2026-03-04T00:00:00,20:45:46,L01-AUTOBAN,SP330,139.0,SUL,-22.617749569415,-47.349067926407,TOMBAMENTO,TOMBAMENTO-MOTO,NÃO INFORMADO,0,0,0,0,LIMEIRA,CAMPINAS,RIO CLARO,ESTADUAL,1.0,0.0,1.0,0.0,4.0,0.0,0.0,0.0,0.0,0.0,0.0,0.0,0.0,0.0,0.0,0.0
2026-03-04T00:00:00,21:24:36,L01-AUTOBAN,SP330,95.0,SUL,-22.919909191683,-47.094150781632,COLISÃO,COLISÃO-TRASEIRA,NÃO INFORMADO,1,0,0,0,CAMPINAS,CAMPINAS,CAMPINAS,ESTADUAL,1.0,0.0,0.0,0.0,1.0,0.0,0.0,0.0,0.0,0.0,0.0,0.0,0.0,0.0,0.0,0.0
2026-03-04T00:00:00,23:19:32,L28-ENTREVIAS,SP330,412.92,NORTE,-20.31746807175645,-47.80246770978317,ATROPELAMENTO DE ANIMAL,ATROP. ANIMAL-DOMÉSTICO GRANDE,ANIMAL NA RODOVIA,0,0,0,0,ITUVERAVA,FRANCA,RIBEIRÃO PRETO,ESTADUAL,1.0,0.0,0.0,0.0,0.0,0.0,0.0,0.0,0.0,0.0,0.0,0.0,0.0,0.0,0.0,0.0
2026-03-05T00:00:00,02:54:26,L01-AUTOBAN,SP330,148.0,NORTE,-22.545053,-47.37612,COLISÃO,COLISÃO-TRASEIRA,NÃO INFORMADO,3,0,0,0,LIMEIRA,CAMPINAS,RIO CLARO,ESTADUAL,0.0,0.0,0.0,2.0,0.0,0.0,0.0,0.0,0.0,0.0,0.0,0.0,0.0,0.0,0.0,0.0
2026-03-05T00:00:00,06:10:02,L29-VIAPAULISTA,SP330,286.25,NORTE,-21.38418081,-47.7019056,COLISÃO,COLISÃO-LATERAL,IMPRUD. CONDUTOR-MUDANÇA DE FAIXA,0,0,0,0,CRAVINHOS,RIBEIRÃO PRETO,RIBEIRÃO PRETO,ESTADUAL,0.0,0.0,0.0,0.0,2.0,0.0,0.0,0.0,0.0,0.0,0.0,0.0,0.0,0.0,0.0,0.0
2026-03-05T00:00:00,06:48:09,L29-VIAPAULISTA,SP330,317.5,SUL,-21.12078841,-47.77457255,COLISÃO,COLISÃO-TRASEIRA,IMPRUD. CONDUTOR-DIST. INADEQUADA ENTRE VEÍC.,1,0,0,0,RIBEIRÃO PRETO,RIBEIRÃO PRETO,RIBEIRÃO PRETO,ESTADUAL,3.0,0.0,1.0,1.0,0.0,0.0,0.0,0.0,0.0,0.0,0.0,0.0,0.0,0.0,0.0,0.0
2026-03-05T00:00:00,07:17:43,L01-AUTOBAN,SP330,60.25,SUL,-23.179702084885,-46.913367211819,COLISÃO,COLISÃO-LATERAL,NÃO INFORMADO,1,0,0,0,JUNDIAÍ,CAMPINAS,CAMPINAS,ESTADUAL,0.0,0.0,1.0,1.0,0.0,0.0,0.0,0.0,0.0,0.0,0.0,0.0,0.0,0.0,0.0,0.0
2026-03-05T00:00:00,07:46:02,L01-AUTOBAN,SP330,103.0,NORTE,-22.862197108808,-47.13924407959,COLISÃO,COLISÃO-TRASEIRA,NÃO INFORMADO,1,0,0,0,CAMPINAS,CAMPINAS,CAMPINAS,ESTADUAL,1.0,0.0,1.0,0.0,0.0,0.0,0.0,0.0,0.0,0.0,0.0,0.0,0.0,0.0,0.0,0.0
2026-03-05T00:00:00,08:55:34,L29-VIAPAULISTA,SP330,304.2,NORTE,-21.23559976,-47.75900759,COLISÃO,COLISÃO-TRASEIRA,IMPRUD. CONDUTOR-FREADA BRUSCA,0,2,0,0,RIBEIRÃO PRETO,RIBEIRÃO PRETO,RIBEIRÃO PRETO,ESTADUAL,0.0,0.0,1.0,0.0,1.0,0.0,0.0,0.0,0.0,0.0,0.0,0.0,0.0,0.0,0.0,0.0
2026-03-05T00:00:00,09:10:12,L01-AUTOBAN,SP330,153.8,SUL,-22.498463351967,-47.399536372377,COLISÃO,COLISÃO-LATERAL,NÃO INFORMADO,0,0,0,0,CORDEIRÓPOLIS,CAMPINAS,RIO CLARO,ESTADUAL,1.0,0.0,0.0,0.0,1.0,0.0,0.0,0.0,0.0,0.0,0.0,0.0,0.0,0.0,0.0,0.0
2026-03-05T00:00:00,12:51:41,L01-AUTOBAN,SP330,22.0,NORTE,-23.453020378623,-46.786490678787,CHOQUE,CHOQUE-DEFENSA/BARREIRA,NÃO INFORMADO,0,0,1,0,SÃO PAULO,REG. METROPOLITANA SÃO PAULO,SÃO PAULO,ESTADUAL,0.0,0.0,0.0,1.0,0.0,0.0,0.0,0.0,0.0,0.0,0.0,0.0,0.0,0.0,0.0,0.0
2026-03-05T00:00:00,13:56:28,L01-AUTOBAN,SP330,63.0,SUL,-23.16087896177,-46.931920051575,COLISÃO,COLISÃO-TRASEIRA,NÃO INFORMADO,2,0,0,0,JUNDIAÍ,CAMPINAS,CAMPINAS,ESTADUAL,1.0,0.0,1.0,0.0,0.0,0.0,0.0,0.0,0.0,0.0,0.0,0.0,0.0,0.0,0.0,0.0
2026-03-05T00:00:00,16:35:15,L01-AUTOBAN,SP330,54.0,NORTE,-23.223028310027,-46.877535581589,COLISÃO,COLISÃO-TRASEIRA,NÃO INFORMADO,1,0,0,0,JUNDIAÍ,CAMPINAS,CAMPINAS,ESTADUAL,1.0,0.0,0.0,1.0,0.0,0.0,0.0,0.0,0.0,0.0,0.0,0.0,0.0,0.0,0.0,0.0
2026-03-05T00:00:00,17:00:16,L01-AUTOBAN,SP330,104.3,NORTE,-22.855277265029,-47.151064358768,COLISÃO,COLISÃO-LATERAL,NÃO INFORMADO,1,0,0,0,CAMPINAS,CAMPINAS,CAMPINAS,ESTADUAL,2.0,0.0,0.0,0.0,0.0,0.0,0.0,0.0,0.0,0.0,0.0,0.0,0.0,0.0,0.0,0.0
2026-03-05T00:00:00,17:04:44,L29-VIAPAULISTA,SP330,310.5,SUL,-21.18290281,-47.75704862,COLISÃO,COLISÃO-TRASEIRA,IMPRUD. CONDUTOR-PERDA DE CONTROLE,0,0,0,0,RIBEIRÃO PRETO,RIBEIRÃO PRETO,RIBEIRÃO PRETO,ESTADUAL,1.0,1.0,0.0,0.0,0.0,0.0,0.0,0.0,0.0,0.0,0.0,0.0,0.0,0.0,0.0,0.0
2026-03-05T00:00:00,18:01:04,L06-INTERVIAS,SP330,177.0,SUL,-22.29167526,-47.39323554,OBJETO LANÇADO CONTRA O VEÍCULO,OBJETO LANÇADO CONTRA O VEÍCULO,OBJETO LANÇADO,0,0,0,0,ARARAS,CAMPINAS,RIO CLARO,ESTADUAL,1.0,0.0,0.0,0.0,0.0,0.0,0.0,0.0,0.0,0.0,0.0,0.0,0.0,0.0,0.0,0.0
2026-03-05T00:00:00,18:09:42,L01-AUTOBAN,SP330,147.0,NORTE,-22.552436,-47.371004,COLISÃO,COLISÃO-FRONTAL,NÃO INFORMADO,0,1,0,0,LIMEIRA,CAMPINAS,RIO CLARO,ESTADUAL,0.0,0.0,1.0,0.0,0.0,1.0,0.0,0.0,0.0,0.0,0.0,0.0,0.0,0.0,0.0,0.0
2026-03-05T00:00:00,19:26:23,L01-AUTOBAN,SP330,106.4,NORTE,-22.843685174911,-47.166764919517,ENGAVETAMENTO,ENGAVETAMENTO,NÃO INFORMADO,2,0,0,0,SUMARÉ,CAMPINAS,CAMPINAS,ESTADUAL,2.0,1.0,0.0,0.0,0.0,0.0,0.0,0.0,0.0,0.0,0.0,0.0,0.0,0.0,0.0,0.0
2026-03-05T00:00:00,20:06:01,L01-AUTOBAN,SPM330E,83.0,SUL,-23.005438745204,-47.028061151505,ATROPELAMENTO DE PEDESTRE,ATROP. PEDESTRE-OUTROS,NÃO INFORMADO,1,0,0,0,VALINHOS,NÃO INFORMADO,NÃO INFORMADO,NÃO INFORMADO,1.0,0.0,0.0,0.0,0.0,1.0,0.0,0.0,0.0,0.0,0.0,0.0,0.0,0.0,0.0,0.0
2026-03-05T00:00:00,21:06:01,L01-AUTOBAN,SPM330E,102.5,SUL,-22.86544,-47.135941,COLISÃO,COLISÃO-LATERAL,NÃO INFORMADO,0,0,0,0,CAMPINAS,CAMPINAS,CAMPINAS,ESTADUAL,2.0,0.0,0.0,0.0,0.0,0.0,0.0,0.0,0.0,0.0,0.0,0.0,0.0,0.0,0.0,0.0
2026-03-05T00:00:00,23:32:41,L01-AUTOBAN,SP330,94.8,SUL,-22.920905243207,-47.092754981359,COLISÃO,COLISÃO-TRASEIRA,NÃO INFORMADO,0,1,0,0,CAMPINAS,CAMPINAS,CAMPINAS,ESTADUAL,1.0,0.0,1.0,0.0,0.0,0.0,0.0,0.0,0.0,0.0,0.0,0.0,0.0,0.0,0.0,0.0
2026-03-06T00:00:00,02:11:00,L28-ENTREVIAS,SP330,425.56,NORTE,-20.21442151307173,-47.78819552588656,COLISÃO,COLISÃO-TRASEIRA,IMPRUD. CONDUTOR-FALTA DE ATENÇÃO,0,0,0,0,ARAMINA,FRANCA,RIBEIRÃO PRETO,ESTADUAL,0.0,0.0,0.0,0.0,2.0,0.0,0.0,0.0,0.0,0.0,0.0,0.0,0.0,0.0,0.0,0.0
2026-03-06T00:00:00,05:29:49,L29-VIAPAULISTA,SP330,307.492,NORTE,-21.20594375,-47.75824335,TOMBAMENTO,TOMBAMENTO,IMPRUD. CONDUTOR-PERDA DE CONTROLE,1,0,0,0,RIBEIRÃO PRETO,RIBEIRÃO PRETO,RIBEIRÃO PRETO,ESTADUAL,0.0,0.0,1.0,0.0,0.0,0.0,0.0,0.0,0.0,0.0,0.0,0.0,0.0,0.0,0.0,0.0
2026-03-06T00:00:00,05:46:49,L01-AUTOBAN,SP330,72.9,SUL,-23.083426550709,-46.977549262924,ATROPELAMENTO DE ANIMAL,ATROP. ANIMAL-OUTROS,NÃO INFORMADO,0,1,0,0,LOUVEIRA,CAMPINAS,CAMPINAS,ESTADUAL,0.0,1.0,1.0,1.0,0.0,0.0,0.0,0.0,0.0,0.0,0.0,0.0,0.0,0.0,0.0,0.0
2026-03-06T00:00:00,06:07:39,L01-AUTOBAN,SP330,63.7,NORTE,-23.155449063191,-46.934465577419,COLISÃO,COLISÃO-TRASEIRA,NÃO INFORMADO,0,1,0,0,JUNDIAÍ,CAMPINAS,CAMPINAS,ESTADUAL,1.0,0.0,0.0,1.0,0.0,0.0,0.0,0.0,0.0,0.0,0.0,0.0,0.0,0.0,0.0,0.0
2026-03-06T00:00:00,08:39:24,L01-AUTOBAN,SP330,51.8,NORTE,-23.241651603452,-46.868384848625,ENGAVETAMENTO,ENGAVETAMENTO,NÃO INFORMADO,0,0,0,0,JUNDIAÍ,CAMPINAS,CAMPINAS,ESTADUAL,0.0,1.0,0.0,2.0,0.0,0.0,0.0,0.0,0.0,0.0,0.0,0.0,0.0,0.0,0.0,0.0
2026-03-06T00:00:00,09:41:21,L01-AUTOBAN,SP330,19.6,NORTE,-23.470851778456,-46.776373388767,TOMBAMENTO,TOMBAMENTO-MOTO,NÃO INFORMADO,0,0,0,0,OSASCO,REG. METROPOLITANA SÃO PAULO,SÃO PAULO,ESTADUAL,0.0,0.0,1.0,0.0,0.0,0.0,0.0,0.0,0.0,0.0,0.0,0.0,0.0,0.0,0.0,0.0
2026-03-06T00:00:00,11:27:46,L01-AUTOBAN,SP330,37.0,SUL,-23.351265,-46.846862,CHOQUE,CHOQUE-DEFENSA/BARREIRA,NÃO INFORMADO,1,0,0,0,CAJAMAR,REG. METROPOLITANA SÃO PAULO,SÃO PAULO,ESTADUAL,1.0,0.0,0.0,0.0,0.0,0.0,0.0,0.0,0.0,0.0,0.0,0.0,0.0,0.0,0.0,0.0
2026-03-06T00:00:00,13:06:41,L01-AUTOBAN,SP330,93.7,NORTE,-22.926130128779,-47.084709380852,TOMBAMENTO,TOMBAMENTO-MOTO,NÃO INFORMADO,1,0,0,0,CAMPINAS,CAMPINAS,CAMPINAS,ESTADUAL,0.0,0.0,1.0,0.0,0.0,0.0,0.0,0.0,0.0,0.0,0.0,0.0,0.0,0.0,0.0,0.0
2026-03-06T00:00:00,13:15:59,L06-INTERVIAS,SP330,229.0,SUL,-21.83619433,-47.49540545,COLISÃO,COLISÃO-LATERAL,IMPRUD. CONDUTOR,1,0,0,0,PORTO FERREIRA,CENTRAL,RIO CLARO,ESTADUAL,0.0,0.0,1.0,1.0,0.0,0.0,0.0,0.0,0.0,0.0,0.0,0.0,0.0,0.0,0.0,0.0
2026-03-06T00:00:00,14:50:46,L01-AUTOBAN,SP330,26.0,NORTE,-23.420506628573,-46.794564127922,TOMBAMENTO,TOMBAMENTO-MOTO,NÃO INFORMADO,0,0,1,0,SÃO PAULO,REG. METROPOLITANA SÃO PAULO,SÃO PAULO,ESTADUAL,0.0,0.0,1.0,0.0,0.0,0.0,0.0,0.0,0.0,0.0,0.0,0.0,0.0,0.0,0.0,0.0
2026-03-06T00:00:00,16:13:26,L28-ENTREVIAS,SP330,425.56,NORTE,-20.21442151307173,-47.78819552588656,CHOQUE,CHOQUE-ELEMENTO DE DRENAGEM,IMPRUD. CONDUTOR-DORMIR AO VOLANTE,1,0,0,0,ARAMINA,FRANCA,RIBEIRÃO PRETO,ESTADUAL,1.0,0.0,0.0,0.0,0.0,0.0,0.0,0.0,0.0,0.0,0.0,0.0,0.0,0.0,0.0,0.0
2026-03-06T00:00:00,17:39:29,L29-VIAPAULISTA,SP330,313.8,SUL,-21.15012317,-47.75801737,COLISÃO,COLISÃO-TRASEIRA,IMPRUD. CONDUTOR,0,0,0,0,RIBEIRÃO PRETO,RIBEIRÃO PRETO,RIBEIRÃO PRETO,ESTADUAL,2.0,0.0,0.0,0.0,0.0,0.0,0.0,0.0,0.0,0.0,0.0,0.0,0.0,0.0,0.0,0.0
2026-03-06T00:00:00,18:02:11,L29-VIAPAULISTA,SP330,284.433,SUL,-21.39499262,-47.68847244,CHOQUE,CHOQUE-DEFENSA/BARREIRA,IMPRUD. CONDUTOR-DORMIR AO VOLANTE,0,0,0,0,SÃO SIMÃO,RIBEIRÃO PRETO,RIBEIRÃO PRETO,ESTADUAL,0.0,0.0,0.0,1.0,0.0,0.0,0.0,0.0,0.0,0.0,0.0,0.0,0.0,0.0,0.0,0.0
2026-03-06T00:00:00,19:25:34,L01-AUTOBAN,SP330,123.5,SUL,-22.736418760679,-47.281178534031,TOMBAMENTO,TOMBAMENTO-MOTO,NÃO INFORMADO,1,0,0,0,AMERICANA,CAMPINAS,RIO CLARO,ESTADUAL,0.0,0.0,1.0,0.0,0.0,0.0,0.0,0.0,0.0,0.0,0.0,0.0,0.0,0.0,0.0,0.0
2026-03-06T00:00:00,21:36:35,L29-VIAPAULISTA,SP330,316.67,SUL,-21.13080448,-47.76718522,CHOQUE,CHOQUE-DEFENSA/BARREIRA,ANIMAL NA RODOVIA,1,0,0,0,RIBEIRÃO PRETO,RIBEIRÃO PRETO,RIBEIRÃO PRETO,ESTADUAL,1.0,0.0,0.0,0.0,0.0,0.0,0.0,0.0,0.0,0.0,0.0,0.0,0.0,0.0,0.0,0.0
2026-03-07T00:00:00,00:00:50,L01-AUTOBAN,SPM330E,18.3,SUL,-23.47964699588,-46.771609782068,COLISÃO,COLISÃO-TRASEIRA,NÃO INFORMADO,0,0,1,0,OSASCO,REG. METROPOLITANA SÃO PAULO,SÃO PAULO,ESTADUAL,0.0,0.0,1.0,0.0,1.0,0.0,0.0,0.0,0.0,0.0,0.0,0.0,0.0,0.0,0.0,0.0
2026-03-07T00:00:00,01:03:28,L01-AUTOBAN,SPM330D,105.5,NORTE,-22.84910980095,-47.160396223393,COLISÃO,COLISÃO-TRASEIRA,NÃO INFORMADO,1,0,0,0,CAMPINAS,CAMPINAS,CAMPINAS,ESTADUAL,2.0,0.0,0.0,0.0,0.0,0.0,0.0,0.0,0.0,0.0,0.0,0.0,0.0,0.0,0.0,0.0
2026-03-07T00:00:00,01:47:02,L06-INTERVIAS,SP330,235.6,SUL,-21.78725047,-47.52419501,COLISÃO,COLISÃO-LATERAL,IMPRUD. CONDUTOR-TRAFEGAR NA CONTRAMÃO,0,0,0,0,SANTA RITA DO PASSA QUATRO,CENTRAL,RIBEIRÃO PRETO,ESTADUAL,1.0,1.0,0.0,0.0,0.0,0.0,0.0,0.0,0.0,0.0,0.0,0.0,0.0,0.0,0.0,0.0
2026-03-07T00:00:00,04:36:51,L06-INTERVIAS,SP330,183.3,SUL,-22.23505766,-47.39128941,COLISÃO,COLISÃO-TRASEIRA,IMPRUD. CONDUTOR,1,0,0,0,LEME,CAMPINAS,RIO CLARO,ESTADUAL,0.0,0.0,0.0,0.0,2.0,0.0,0.0,0.0,0.0,0.0,0.0,0.0,0.0,0.0,0.0,0.0
2026-03-07T00:00:00,05:52:31,L01-AUTOBAN,SP330,65.0,NORTE,-23.144390043902,-46.939296126366,COLISÃO,COLISÃO-TRASEIRA,NÃO INFORMADO,0,0,0,0,JUNDIAÍ,CAMPINAS,CAMPINAS,ESTADUAL,2.0,0.0,0.0,0.0,0.0,0.0,0.0,0.0,0.0,0.0,0.0,0.0,0.0,0.0,0.0,0.0
2026-03-07T00:00:00,06:36:40,L28-ENTREVIAS,SP330,352.6,SUL,-20.83623922923239,-47.89433891927724,COLISÃO,COLISÃO-TRASEIRA,PANE MECÂNICA/ELÉTRICA,0,0,0,0,SALES OLIVEIRA,FRANCA,RIBEIRÃO PRETO,ESTADUAL,0.0,0.0,0.0,0.0,2.0,0.0,0.0,0.0,0.0,0.0,0.0,0.0,0.0,0.0,0.0,0.0
2026-03-07T00:00:00,07:19:08,L01-AUTOBAN,SP330,114.0,SUL,-22.800820864703,-47.222017049789,ENGAVETAMENTO,ENGAVETAMENTO,NÃO INFORMADO,0,1,0,0,SUMARÉ,CAMPINAS,CAMPINAS,ESTADUAL,3.0,0.0,0.0,0.0,0.0,0.0,0.0,0.0,0.0,0.0,0.0,0.0,0.0,0.0,0.0,0.0
2026-03-07T00:00:00,07:59:14,L01-AUTOBAN,SP330,98.0,NORTE,-22.895874533463,-47.110748291016,CHOQUE,CHOQUE-DEFENSA/BARREIRA,NÃO INFORMADO,0,0,0,0,CAMPINAS,CAMPINAS,CAMPINAS,ESTADUAL,1.0,0.0,0.0,0.0,0.0,0.0,0.0,0.0,0.0,0.0,0.0,0.0,0.0,0.0,0.0,0.0
2026-03-07T00:00:00,08:10:15,L29-VIAPAULISTA,SP330,287.41,NORTE,-21.37580727,-47.70867271,CHOQUE,CHOQUE-DEFENSA/BARREIRA,ESTOURO/FURO DE PNEU,1,0,0,0,CRAVINHOS,RIBEIRÃO PRETO,RIBEIRÃO PRETO,ESTADUAL,1.0,0.0,0.0,0.0,0.0,0.0,0.0,0.0,0.0,0.0,0.0,0.0,0.0,0.0,0.0,0.0
2026-03-07T00:00:00,09:50:51,L01-AUTOBAN,SP330,31.0,NORTE,-23.401420887741,-46.836825013161,CHOQUE,CHOQUE-DEFENSA/BARREIRA,NÃO INFORMADO,0,0,0,0,CAJAMAR,REG. METROPOLITANA SÃO PAULO,SÃO PAULO,ESTADUAL,0.0,0.0,0.0,0.0,1.0,0.0,0.0,0.0,0.0,0.0,0.0,0.0,0.0,0.0,0.0,0.0
2026-03-07T00:00:00,10:03:05,L01-AUTOBAN,SPM330D,97.0,NORTE,-22.904077630073,-47.107797861099,CHOQUE,CHOQUE-DEFENSA/BARREIRA,NÃO INFORMADO,0,0,0,0,CAMPINAS,CAMPINAS,CAMPINAS,ESTADUAL,1.0,0.0,0.0,0.0,0.0,0.0,0.0,0.0,0.0,0.0,0.0,0.0,0.0,0.0,0.0,0.0
2026-03-07T00:00:00,11:11:44,L01-AUTOBAN,SP330,61.0,SUL,-23.175304483475,-46.918702125549,CHOQUE,CHOQUE-DEFENSA/BARREIRA,NÃO INFORMADO,0,0,1,0,JUNDIAÍ,CAMPINAS,CAMPINAS,ESTADUAL,1.0,0.0,0.0,0.0,0.0,0.0,0.0,0.0,0.0,0.0,0.0,0.0,0.0,0.0,0.0,0.0
2026-03-07T00:00:00,17:19:34,L01-AUTOBAN,SP330,114.0,SUL,-22.800820864703,-47.222017049789,CHOQUE,CHOQUE-DEFENSA/BARREIRA,NÃO INFORMADO,0,0,0,0,SUMARÉ,CAMPINAS,CAMPINAS,ESTADUAL,1.0,0.0,0.0,0.0,0.0,0.0,0.0,0.0,0.0,0.0,0.0,0.0,0.0,0.0,0.0,0.0
2026-03-07T00:00:00,17:47:42,L01-AUTOBAN,SP330,82.0,NORTE,-23.013082202618,-47.022766470909,TOMBAMENTO,TOMBAMENTO-MOTO,NÃO INFORMADO,1,0,0,0,VALINHOS,CAMPINAS,CAMPINAS,ESTADUAL,0.0,0.0,1.0,0.0,0.0,0.0,0.0,0.0,0.0,0.0,0.0,0.0,0.0,0.0,0.0,0.0
2026-03-07T00:00:00,19:55:41,L29-VIAPAULISTA,SP330,288.735,SUL,-21.36707891,-47.71596292,CHOQUE,CHOQUE-ELEMENTO DE DRENAGEM,IMPRUD. CONDUTOR-PERDA DE CONTROLE,0,0,0,0,CRAVINHOS,RIBEIRÃO PRETO,RIBEIRÃO PRETO,ESTADUAL,1.0,0.0,0.0,0.0,0.0,0.0,0.0,0.0,0.0,0.0,0.0,0.0,0.0,0.0,0.0,0.0
2026-03-07T00:00:00,20:11:38,L01-AUTOBAN,SP330,94.0,NORTE,-22.924593081991,-47.087171673775,COLISÃO,COLISÃO-TRASEIRA,NÃO INFORMADO,1,0,0,0,CAMPINAS,CAMPINAS,CAMPINAS,ESTADUAL,1.0,0.0,0.0,0.0,1.0,0.0,0.0,0.0,0.0,0.0,0.0,0.0,0.0,0.0,0.0,0.0
2026-03-07T00:00:00,21:05:24,L01-AUTOBAN,SP330,50.0,NORTE,-23.256852149365,-46.867278814316,CHOQUE,CHOQUE-DEFENSA/BARREIRA,NÃO INFORMADO,0,0,0,0,JUNDIAÍ,CAMPINAS,CAMPINAS,ESTADUAL,0.0,0.0,0.0,0.0,1.0,0.0,0.0,0.0,0.0,0.0,0.0,0.0,0.0,0.0,0.0,0.0
2026-03-08T00:00:00,00:10:54,L29-VIAPAULISTA,SPA307/330,2.573,LESTE,-21.19155414,-47.77905886,COLISÃO,COLISÃO-LATERAL,IMPRUD. CONDUTOR-EXCESSO DE VELOCIDADE,0,0,0,0,RIBEIRÃO PRETO,RIBEIRÃO PRETO,RIBEIRÃO PRETO,ESTADUAL,0.0,0.0,0.0,2.0,0.0,0.0,0.0,0.0,0.0,0.0,0.0,0.0,0.0,0.0,0.0,0.0
2026-03-08T00:00:00,01:13:40,L29-VIAPAULISTA,SP330,274.472,SUL,-21.4684605,-47.64114239,ATROPELAMENTO DE ANIMAL,ATROP. ANIMAL-OUTROS,ANIMAL NA RODOVIA,0,0,0,0,SÃO SIMÃO,RIBEIRÃO PRETO,RIBEIRÃO PRETO,ESTADUAL,0.0,0.0,0.0,0.0,0.0,0.0,0.0,0.0,0.0,0.0,1.0,0.0,0.0,0.0,0.0,0.0
2026-03-08T00:00:00,01:54:57,L01-AUTOBAN,SP330,129.0,SUL,-22.697000813435,-47.309516072273,CHOQUE,CHOQUE-ELEMENTO DE DRENAGEM,NÃO INFORMADO,0,0,0,0,AMERICANA,CAMPINAS,RIO CLARO,ESTADUAL,1.0,0.0,0.0,0.0,0.0,0.0,0.0,0.0,0.0,0.0,0.0,0.0,0.0,0.0,0.0,0.0
2026-03-08T00:00:00,03:12:04,L01-AUTOBAN,SP330,129.7,NORTE,-22.690712949691,-47.31026494097,CHOQUE,CHOQUE-DEFENSA/BARREIRA,NÃO INFORMADO,2,0,0,0,AMERICANA,CAMPINAS,RIO CLARO,ESTADUAL,1.0,0.0,0.0,0.0,0.0,0.0,0.0,0.0,0.0,0.0,0.0,0.0,0.0,0.0,0.0,0.0
2026-03-08T00:00:00,07:54:38,L28-ENTREVIAS,SPA327/330,0.5,OESTE,-21.05004696213165,-47.82535586996326,TOMBAMENTO,TOMBAMENTO-MOTO,ESTOURO/FURO DE PNEU,2,0,0,0,JARDINÓPOLIS,RIBEIRÃO PRETO,RIBEIRÃO PRETO,ESTADUAL,0.0,0.0,1.0,0.0,0.0,0.0,0.0,0.0,0.0,0.0,0.0,0.0,0.0,0.0,0.0,0.0
2026-03-08T00:00:00,10:08:59,L28-ENTREVIAS,SP330,325.3,SUL,-21.0770163947079,-47.80615816157679,TOMBAMENTO,TOMBAMENTO-MOTO,IMPRUD. CONDUTOR-EMBRIAGUEZ,1,0,0,0,JARDINÓPOLIS,RIBEIRÃO PRETO,RIBEIRÃO PRETO,ESTADUAL,0.0,0.0,1.0,0.0,0.0,0.0,0.0,0.0,0.0,0.0,0.0,0.0,0.0,0.0,0.0,0.0
2026-03-08T00:00:00,14:00:15,L06-INTERVIAS,SP330,203.3,SUL,-22.05888172,-47.42734444,CHOQUE,CHOQUE-ELEMENTO DE DRENAGEM,IMPRUD. CONDUTOR-DORMIR AO VOLANTE,0,0,0,0,PIRASSUNUNGA,CAMPINAS,RIO CLARO,ESTADUAL,1.0,0.0,0.0,0.0,0.0,0.0,0.0,0.0,0.0,0.0,0.0,0.0,0.0,0.0,0.0,0.0
2026-03-08T00:00:00,16:35:34,L29-VIAPAULISTA,SP330,307.26,NORTE,-21.20803025,-47.75835281,CHOQUE,CHOQUE-DEFENSA/BARREIRA,IMPRUD. CONDUTOR-PERDA DE CONTROLE,0,0,0,0,RIBEIRÃO PRETO,RIBEIRÃO PRETO,RIBEIRÃO PRETO,ESTADUAL,0.0,0.0,0.0,1.0,0.0,0.0,0.0,0.0,0.0,0.0,0.0,0.0,0.0,0.0,0.0,0.0
2026-03-08T00:00:00,16:52:54,L01-AUTOBAN,SP330,17.0,NORTE,-23.490327991609,-46.766760349274,TOMBAMENTO,TOMBAMENTO,NÃO INFORMADO,0,0,0,0,SÃO PAULO,REG. METROPOLITANA SÃO PAULO,SÃO PAULO,ESTADUAL,1.0,0.0,0.0,0.0,0.0,0.0,0.0,0.0,0.0,0.0,0.0,0.0,0.0,0.0,0.0,0.0
2026-03-08T00:00:00,17:38:48,L06-INTERVIAS,SP330,232.5,NORTE,-21.80618453,-47.50248382,ATROPELAMENTO DE ANIMAL,ATROP. ANIMAL-OUTROS,ANIMAL NA RODOVIA,0,0,0,0,PORTO FERREIRA,CENTRAL,RIO CLARO,ESTADUAL,1.0,0.0,0.0,0.0,0.0,0.0,0.0,0.0,0.0,0.0,0.0,0.0,0.0,0.0,0.0,0.0
2026-03-08T00:00:00,18:22:20,L01-AUTOBAN,SP330,75.0,NORTE,-23.068341,-46.98838,TOMBAMENTO,TOMBAMENTO-MOTO,NÃO INFORMADO,1,0,0,0,VINHEDO,CAMPINAS,CAMPINAS,ESTADUAL,0.0,0.0,1.0,0.0,0.0,0.0,0.0,0.0,0.0,0.0,0.0,0.0,0.0,0.0,0.0,0.0
2026-03-08T00:00:00,18:27:13,L01-AUTOBAN,SP330,45.6,SUL,-23.291673504261,-46.865363714214,CAPOTAMENTO,CAPOTAMENTO,NÃO INFORMADO,0,0,0,0,CAJAMAR,REG. METROPOLITANA SÃO PAULO,SÃO PAULO,ESTADUAL,1.0,0.0,0.0,0.0,0.0,0.0,0.0,0.0,0.0,0.0,0.0,0.0,0.0,0.0,0.0,0.0
2026-03-08T00:00:00,20:06:08,L28-ENTREVIAS,SPA327/330,3.95,LESTE,-21.03999557138197,-47.80355787916532,ATROPELAMENTO DE ANIMAL,ATROP. ANIMAL-SILVESTRE GRANDE,ANIMAL NA RODOVIA,0,0,0,0,JARDINÓPOLIS,RIBEIRÃO PRETO,RIBEIRÃO PRETO,ESTADUAL,1.0,0.0,0.0,0.0,0.0,0.0,0.0,0.0,0.0,0.0,0.0,0.0,0.0,0.0,0.0,0.0
2026-03-08T00:00:00,21:20:48,L01-AUTOBAN,SPM330E,60.0,SUL,-23.181167952022,-46.911588907242,TOMBAMENTO,TOMBAMENTO-MOTO,NÃO INFORMADO,0,0,0,0,JUNDIAÍ,CAMPINAS,CAMPINAS,ESTADUAL,0.0,0.0,1.0,0.0,0.0,0.0,0.0,0.0,0.0,0.0,0.0,0.0,0.0,0.0,0.0,0.0
2026-03-08T00:00:00,21:25:17,L06-INTERVIAS,SP330,201.0,NORTE,-22.0789965,-47.42185254,CHOQUE,CHOQUE-DEFENSA/BARREIRA,IMPRUD. PEDESTRE-USUÁRIO,1,0,0,0,SANTA CRUZ DA CONCEIÇÃO,CAMPINAS,RIO CLARO,ESTADUAL,0.0,0.0,0.0,1.0,0.0,0.0,0.0,0.0,0.0,0.0,0.0,0.0,0.0,0.0,0.0,0.0
2026-03-08T00:00:00,23:48:00,L28-ENTREVIAS,SP330,397.5,SUL,-20.46685811131111,-47.83873664795518,COLISÃO,COLISÃO-TRASEIRA,IMPRUD. CONDUTOR-FALTA DE ATENÇÃO,0,0,0,0,GUARÁ,FRANCA,RIBEIRÃO PRETO,ESTADUAL,0.0,0.0,0.0,0.0,2.0,0.0,0.0,0.0,0.0,0.0,0.0,0.0,0.0,0.0,0.0,0.0
2026-03-09T00:00:00,00:50:46,L01-AUTOBAN,SPM330D,101.0,NORTE,-22.873812661725,-47.124744057655,ATROPELAMENTO DE ANIMAL,ATROP. ANIMAL-OUTROS,NÃO INFORMADO,0,0,0,0,CAMPINAS,CAMPINAS,CAMPINAS,ESTADUAL,1.0,0.0,0.0,0.0,0.0,0.0,0.0,0.0,0.0,0.0,0.0,0.0,0.0,0.0,0.0,0.0
2026-03-09T00:00:00,04:16:55,L01-AUTOBAN,SP330,97.0,NORTE,-22.904077630073,-47.107797861099,CHOQUE,CHOQUE-TALUDE/BARRANCO,NÃO INFORMADO,0,0,0,0,CAMPINAS,CAMPINAS,CAMPINAS,ESTADUAL,1.0,0.0,0.0,0.0,0.0,0.0,0.0,0.0,0.0,0.0,0.0,0.0,0.0,0.0,0.0,0.0
2026-03-09T00:00:00,05:31:32,L01-AUTOBAN,SPI102/330,1.0,NORTE,-22.872117347182,-47.131390571594,COLISÃO,COLISÃO-TRASEIRA,NÃO INFORMADO,2,2,0,0,CAMPINAS,CAMPINAS,CAMPINAS,ESTADUAL,1.0,0.0,0.0,0.0,1.0,0.0,0.0,0.0,0.0,0.0,0.0,0.0,0.0,0.0,0.0,0.0
2026-03-09T00:00:00,07:36:08,L29-VIAPAULISTA,SP330,242.69,SUL,-21.74914119,-47.57185831,CHOQUE,CHOQUE-SINALIZAÇÃO/EQUIPAMENTO,IMPRUD. CONDUTOR-PERDA DE CONTROLE,0,0,0,0,SANTA RITA DO PASSA QUATRO,CENTRAL,RIBEIRÃO PRETO,ESTADUAL,1.0,0.0,0.0,0.0,0.0,0.0,0.0,0.0,0.0,0.0,0.0,0.0,0.0,0.0,0.0,0.0
2026-03-09T00:00:00,08:19:08,L06-INTERVIAS,SP330,172.4,SUL,-22.33295741,-47.39009673,CHOQUE,CHOQUE-TALUDE/BARRANCO,IMPRUD. CONDUTOR,0,0,0,0,ARARAS,CAMPINAS,RIO CLARO,ESTADUAL,1.0,0.0,0.0,0.0,0.0,0.0,0.0,0.0,0.0,0.0,0.0,0.0,0.0,0.0,0.0,0.0
2026-03-09T00:00:00,09:13:51,L29-VIAPAULISTA,SP330,261.309,NORTE,-21.5850914,-47.62620526,CHOQUE,CHOQUE-DEFENSA/BARREIRA,IMPRUD. CONDUTOR-PERDA DE CONTROLE,0,0,0,0,SÃO SIMÃO,RIBEIRÃO PRETO,RIBEIRÃO PRETO,ESTADUAL,0.0,0.0,0.0,0.0,1.0,0.0,0.0,0.0,0.0,0.0,0.0,0.0,0.0,0.0,0.0,0.0
2026-03-09T00:00:00,10:53:14,L29-VIAPAULISTA,SP330,240.713,NORTE,-21.7572952,-47.56208339,CHOQUE,CHOQUE-ELEMENTO DE DRENAGEM,IMPRUD. CONDUTOR,0,0,0,0,SANTA RITA DO PASSA QUATRO,CENTRAL,RIBEIRÃO PRETO,ESTADUAL,0.0,0.0,0.0,0.0,1.0,0.0,0.0,0.0,0.0,0.0,0.0,0.0,0.0,0.0,0.0,0.0
2026-03-09T00:00:00,12:36:38,L01-AUTOBAN,SP330,153.0,NORTE,-22.505490050774,-47.398930191994,COLISÃO,COLISÃO-TRASEIRA,NÃO INFORMADO,0,0,0,0,CORDEIRÓPOLIS,CAMPINAS,RIO CLARO,ESTADUAL,0.0,0.0,0.0,0.0,2.0,0.0,0.0,0.0,0.0,0.0,0.0,0.0,0.0,0.0,0.0,0.0
2026-03-09T00:00:00,12:48:48,L29-VIAPAULISTA,SP330,241.949,NORTE,-21.74992247,-47.57102661,CAPOTAMENTO,CAPOTAMENTO,IMPRUD. CONDUTOR-LEVOU FECHADA,0,0,0,0,SANTA RITA DO PASSA QUATRO,CENTRAL,RIBEIRÃO PRETO,ESTADUAL,1.0,0.0,0.0,0.0,1.0,0.0,0.0,0.0,0.0,0.0,0.0,0.0,0.0,0.0,0.0,0.0
2026-03-09T00:00:00,13:27:45,L29-VIAPAULISTA,SP330,290.822,NORTE,-21.34942713,-47.72405945,CHOQUE,CHOQUE-TALUDE/BARRANCO,IMPRUD. CONDUTOR-PERDA DE CONTROLE,0,0,0,0,CRAVINHOS,RIBEIRÃO PRETO,RIBEIRÃO PRETO,ESTADUAL,0.0,0.0,0.0,1.0,0.0,0.0,0.0,0.0,0.0,0.0,0.0,0.0,0.0,0.0,0.0,0.0
2026-03-09T00:00:00,14:17:34,L01-AUTOBAN,SP330,25.0,NORTE,-23.426127,-46.787542,ATROPELAMENTO DE PEDESTRE,ATROP. PEDESTRE-OUTROS,NÃO INFORMADO,0,2,0,0,SÃO PAULO,REG. METROPOLITANA SÃO PAULO,SÃO PAULO,ESTADUAL,1.0,0.0,0.0,0.0,0.0,0.0,0.0,2.0,0.0,0.0,0.0,0.0,0.0,0.0,0.0,0.0
2026-03-09T00:00:00,14:41:57,L01-AUTOBAN,SP330,97.0,SUL,-22.904379059715,-47.107846140862,TOMBAMENTO,TOMBAMENTO,NÃO INFORMADO,1,0,0,0,CAMPINAS,CAMPINAS,CAMPINAS,ESTADUAL,0.0,0.0,1.0,0.0,0.0,0.0,0.0,0.0,0.0,0.0,0.0,0.0,0.0,0.0,0.0,0.0
2026-03-09T00:00:00,15:00:33,L01-AUTOBAN,SPM330E,18.0,SUL,-23.482190300948,-46.771175265312,TOMBAMENTO,TOMBAMENTO-MOTO,NÃO INFORMADO,2,0,0,0,OSASCO,REG. METROPOLITANA SÃO PAULO,SÃO PAULO,ESTADUAL,0.0,0.0,1.0,0.0,0.0,0.0,0.0,0.0,0.0,0.0,0.0,0.0,0.0,0.0,0.0,0.0
2026-03-09T00:00:00,16:16:11,L01-AUTOBAN,SP330,108.62,SUL,-22.82956575854,-47.181644895293,CHOQUE,CHOQUE-CERCAS/ALAMBRADOS,NÃO INFORMADO,0,0,0,0,SUMARÉ,CAMPINAS,CAMPINAS,ESTADUAL,1.0,0.0,0.0,0.0,0.0,0.0,0.0,0.0,0.0,0.0,0.0,0.0,0.0,0.0,0.0,0.0
2026-03-09T00:00:00,20:07:44,L01-AUTOBAN,SP330,11.5,SUL,-23.510460756591,-46.729056344143,CHOQUE,CHOQUE-DEFENSA/BARREIRA,NÃO INFORMADO,0,0,0,0,SÃO PAULO,REG. METROPOLITANA SÃO PAULO,SÃO PAULO,ESTADUAL,1.0,0.0,0.0,0.0,0.0,0.0,0.0,0.0,0.0,0.0,0.0,0.0,0.0,0.0,0.0,0.0
2026-03-09T00:00:00,21:38:55,L01-AUTOBAN,SPM330D,18.3,NORTE,-23.479805425013,-46.771448312909,ATROPELAMENTO DE PEDESTRE,ATROP. PEDESTRE-OUTROS,NÃO INFORMADO,0,1,0,0,OSASCO,REG. METROPOLITANA SÃO PAULO,SÃO PAULO,ESTADUAL,0.0,1.0,0.0,0.0,0.0,0.0,0.0,1.0,0.0,0.0,0.0,0.0,0.0,0.0,0.0,0.0
2026-03-10T00:00:00,05:45:02,L01-AUTOBAN,SP330,54.0,NORTE,-23.223028310027,-46.877535581589,CHOQUE,CHOQUE-DEFENSA/BARREIRA,NÃO INFORMADO,0,0,0,0,JUNDIAÍ,CAMPINAS,CAMPINAS,ESTADUAL,0.0,0.0,0.0,0.0,1.0,0.0,0.0,0.0,0.0,0.0,0.0,0.0,0.0,0.0,0.0,0.0
2026-03-10T00:00:00,05:53:21,L28-ENTREVIAS,SP330,447.329,SUL,-20.01326099288802,-47.78399524331307,ATROPELAMENTO DE PEDESTRE,ATROP. PEDESTRE-OUTROS,IMPRUD. PEDESTRE-USUÁRIO,0,0,0,1,IGARAPAVA,FRANCA,RIBEIRÃO PRETO,ESTADUAL,0.0,0.0,0.0,0.0,0.0,0.0,0.0,1.0,0.0,0.0,1.0,0.0,0.0,0.0,0.0,0.0
2026-03-10T00:00:00,06:15:59,L01-AUTOBAN,SP330,35.0,SUL,-23.369188,-46.845327,COLISÃO,COLISÃO-LATERAL,NÃO INFORMADO,0,0,0,0,CAJAMAR,REG. METROPOLITANA SÃO PAULO,SÃO PAULO,ESTADUAL,0.0,0.0,0.0,1.0,1.0,0.0,0.0,0.0,0.0,0.0,0.0,0.0,0.0,0.0,0.0,0.0
2026-03-10T00:00:00,06:39:32,L01-AUTOBAN,SP330,153.0,NORTE,-22.505490050774,-47.398930191994,COLISÃO,COLISÃO-LATERAL,NÃO INFORMADO,0,0,0,0,CORDEIRÓPOLIS,CAMPINAS,RIO CLARO,ESTADUAL,0.0,0.0,0.0,0.0,3.0,0.0,0.0,0.0,0.0,0.0,0.0,0.0,0.0,0.0,0.0,0.0
2026-03-10T00:00:00,07:07:25,L01-AUTOBAN,SP330,106.6,SUL,-22.84263226478,-47.168224801535,COLISÃO,COLISÃO-TRASEIRA,NÃO INFORMADO,1,0,0,0,SUMARÉ,CAMPINAS,CAMPINAS,ESTADUAL,0.0,1.0,2.0,0.0,1.0,0.0,0.0,0.0,0.0,0.0,0.0,0.0,0.0,0.0,0.0,0.0
2026-03-10T00:00:00,08:56:33,L29-VIAPAULISTA,SP330,248.4,SUL,-21.69782425,-47.59713245,COLISÃO,COLISÃO-TRASEIRA,IMPRUD. CONDUTOR,1,0,0,0,SANTA RITA DO PASSA QUATRO,CENTRAL,RIBEIRÃO PRETO,ESTADUAL,0.0,0.0,0.0,1.0,1.0,0.0,0.0,0.0,0.0,0.0,0.0,0.0,0.0,0.0,0.0,0.0
2026-03-10T00:00:00,09:51:34,L01-AUTOBAN,SPM330E,14.9,SUL,-23.500643523829,-46.75422960342,COLISÃO,COLISÃO-LATERAL,NÃO INFORMADO,2,0,0,0,SÃO PAULO,REG. METROPOLITANA SÃO PAULO,SÃO PAULO,ESTADUAL,0.0,0.0,1.0,1.0,0.0,0.0,0.0,0.0,0.0,0.0,0.0,0.0,0.0,0.0,0.0,0.0
2026-03-10T00:00:00,14:10:19,L29-VIAPAULISTA,SP330,275.718,NORTE,-21.45728714,-47.64460587,COLISÃO,COLISÃO-TRASEIRA,OBJETO NA PISTA,0,0,0,0,SÃO SIMÃO,RIBEIRÃO PRETO,RIBEIRÃO PRETO,ESTADUAL,1.0,0.0,0.0,1.0,0.0,0.0,0.0,0.0,0.0,0.0,0.0,0.0,0.0,0.0,0.0,0.0
2026-03-10T00:00:00,15:20:06,L01-AUTOBAN,SP330,96.3,SUL,-22.909570891351,-47.103325029057,COLISÃO,COLISÃO-LATERAL,NÃO INFORMADO,0,0,0,0,CAMPINAS,CAMPINAS,CAMPINAS,ESTADUAL,0.0,1.0,0.0,1.0,0.0,0.0,0.0,0.0,0.0,0.0,0.0,0.0,0.0,0.0,0.0,0.0
2026-03-10T00:00:00,18:00:04,L29-VIAPAULISTA,SP330,312.2,NORTE,-21.16351382,-47.75613744,COLISÃO,COLISÃO-TRASEIRA,IMPRUD. CONDUTOR,0,0,0,0,RIBEIRÃO PRETO,RIBEIRÃO PRETO,RIBEIRÃO PRETO,ESTADUAL,0.0,0.0,0.0,2.0,0.0,0.0,0.0,0.0,0.0,0.0,0.0,0.0,0.0,0.0,0.0,0.0
2026-03-10T00:00:00,19:03:45,L29-VIAPAULISTA,SPA307/330,2.928,OESTE,-21.18980644,-47.78114743,COLISÃO,COLISÃO-LATERAL,IMPRUD. CONDUTOR-LEVOU FECHADA,2,0,0,0,RIBEIRÃO PRETO,RIBEIRÃO PRETO,RIBEIRÃO PRETO,ESTADUAL,0.0,1.0,1.0,0.0,0.0,0.0,0.0,0.0,0.0,0.0,0.0,0.0,0.0,0.0,0.0,0.0
2026-03-10T00:00:00,19:17:04,L01-AUTOBAN,SP330,59.0,SUL,-23.189008521881,-46.906793117523,ENGAVETAMENTO,ENGAVETAMENTO,NÃO INFORMADO,0,0,0,0,JUNDIAÍ,CAMPINAS,CAMPINAS,ESTADUAL,3.0,0.0,0.0,0.0,0.0,0.0,0.0,0.0,0.0,0.0,0.0,0.0,0.0,0.0,0.0,0.0
2026-03-10T00:00:00,19:47:12,L01-AUTOBAN,SP330,36.0,SUL,-23.36049320542,-46.848599910736,CHOQUE,CHOQUE-OAE (PONTE/VIADUTO),NÃO INFORMADO,0,0,0,0,CAJAMAR,REG. METROPOLITANA SÃO PAULO,SÃO PAULO,ESTADUAL,0.0,0.0,0.0,0.0,1.0,0.0,0.0,0.0,0.0,0.0,0.0,0.0,0.0,0.0,0.0,0.0
2026-03-10T00:00:00,21:48:04,L29-VIAPAULISTA,SP330,265.11,NORTE,-21.55192235,-47.637755,COLISÃO,COLISÃO-TRASEIRA,IMPRUD. CONDUTOR,0,0,0,0,SÃO SIMÃO,RIBEIRÃO PRETO,RIBEIRÃO PRETO,ESTADUAL,0.0,0.0,0.0,2.0,0.0,0.0,0.0,0.0,0.0,0.0,0.0,0.0,0.0,0.0,0.0,0.0
2026-03-11T00:00:00,06:21:46,L01-AUTOBAN,SPM330E,24.0,SUL,-23.434825279713,-46.786420941353,COLISÃO,COLISÃO-TRASEIRA,NÃO INFORMADO,0,1,0,0,SÃO PAULO,REG. METROPOLITANA SÃO PAULO,SÃO PAULO,ESTADUAL,0.0,0.0,1.0,0.0,1.0,0.0,0.0,0.0,0.0,0.0,0.0,0.0,0.0,0.0,0.0,0.0
2026-03-11T00:00:00,10:14:20,L29-VIAPAULISTA,SP330,246.981,SUL,-21.70997517,-47.59277074,TOMBAMENTO,TOMBAMENTO,IMPRUD. CONDUTOR-PERDA DE CONTROLE,0,0,0,0,SANTA RITA DO PASSA QUATRO,CENTRAL,RIBEIRÃO PRETO,ESTADUAL,0.0,0.0,1.0,0.0,0.0,0.0,0.0,0.0,0.0,0.0,0.0,0.0,0.0,0.0,0.0,0.0
2026-03-11T00:00:00,10:55:06,L01-AUTOBAN,SPM330D,59.0,NORTE,-23.188929625353,-46.906567811966,CHOQUE,CHOQUE-TALUDE/BARRANCO,NÃO INFORMADO,1,0,0,0,JUNDIAÍ,CAMPINAS,CAMPINAS,ESTADUAL,1.0,0.0,0.0,0.0,0.0,0.0,0.0,0.0,0.0,0.0,0.0,0.0,0.0,0.0,0.0,0.0
2026-03-11T00:00:00,14:56:22,L29-VIAPAULISTA,SP330,298.8,NORTE,-21.28260207,-47.75057386,CHOQUE,CHOQUE-SINALIZAÇÃO/EQUIPAMENTO,IMPRUD. CONDUTOR-DORMIR AO VOLANTE,0,0,0,0,CRAVINHOS,RIBEIRÃO PRETO,RIBEIRÃO PRETO,ESTADUAL,0.0,0.0,0.0,0.0,1.0,0.0,0.0,0.0,0.0,0.0,0.0,0.0,0.0,0.0,0.0,0.0
2026-03-11T00:00:00,16:56:26,L01-AUTOBAN,SP330,53.8,NORTE,-23.224550453828,-46.876618461772,COLISÃO,COLISÃO-TRANSVERSAL,NÃO INFORMADO,0,0,0,0,JUNDIAÍ,CAMPINAS,CAMPINAS,ESTADUAL,2.0,0.0,0.0,0.0,1.0,0.0,0.0,0.0,0.0,0.0,0.0,0.0,0.0,0.0,0.0,0.0
2026-03-11T00:00:00,17:13:08,L01-AUTOBAN,SP330,50.0,NORTE,-23.256852149365,-46.867278814316,COLISÃO,COLISÃO-TRASEIRA,NÃO INFORMADO,0,0,0,0,JUNDIAÍ,CAMPINAS,CAMPINAS,ESTADUAL,1.0,1.0,0.0,0.0,0.0,0.0,0.0,0.0,0.0,0.0,0.0,0.0,0.0,0.0,0.0,0.0
2026-03-11T00:00:00,17:45:21,L29-VIAPAULISTA,SP330,314.2,SUL,-21.14739317,-47.75857914,COLISÃO,COLISÃO-TRASEIRA,IMPRUD. CONDUTOR-DIST. INADEQUADA ENTRE VEÍC.,0,0,0,0,RIBEIRÃO PRETO,RIBEIRÃO PRETO,RIBEIRÃO PRETO,ESTADUAL,0.0,0.0,0.0,2.0,0.0,0.0,0.0,0.0,0.0,0.0,0.0,0.0,0.0,0.0,0.0,0.0
2026-03-11T00:00:00,18:13:03,L01-AUTOBAN,SP330,97.5,NORTE,-22.899976081768,-47.109273076057,COLISÃO,COLISÃO-TRASEIRA,NÃO INFORMADO,0,0,1,0,CAMPINAS,CAMPINAS,CAMPINAS,ESTADUAL,1.0,0.0,1.0,0.0,0.0,0.0,0.0,0.0,0.0,0.0,0.0,0.0,0.0,0.0,0.0,0.0
2026-03-11T00:00:00,20:41:37,L06-INTERVIAS,SP330,167.2,NORTE,-22.37922632,-47.39415006,CHOQUE,CHOQUE-OBJETO NA PISTA,OBJETO NA PISTA,0,0,0,0,ARARAS,CAMPINAS,RIO CLARO,ESTADUAL,0.0,0.0,0.0,0.0,1.0,0.0,0.0,0.0,0.0,0.0,0.0,0.0,0.0,0.0,0.0,0.0
2026-03-11T00:00:00,22:48:46,L01-AUTOBAN,SP330,35.8,SUL,-23.362232170969,-46.847945326092,COLISÃO,COLISÃO-TRASEIRA,NÃO INFORMADO,0,0,0,0,CAJAMAR,REG. METROPOLITANA SÃO PAULO,SÃO PAULO,ESTADUAL,2.0,0.0,0.0,0.0,0.0,0.0,0.0,0.0,0.0,0.0,0.0,0.0,0.0,0.0,0.0,0.0
2026-03-12T00:00:00,05:51:21,L06-INTERVIAS,SP330,181.7,SUL,-22.24950883,-47.39038385,CHOQUE,CHOQUE-OUTROS,PAVIMENTO RUIM/IRREGULAR,0,0,0,0,LEME,CAMPINAS,RIO CLARO,ESTADUAL,0.0,0.0,1.0,0.0,0.0,0.0,0.0,0.0,0.0,0.0,0.0,0.0,0.0,0.0,0.0,0.0
2026-03-12T00:00:00,06:55:56,L29-VIAPAULISTA,SP330,310.5,SUL,-21.18290281,-47.75704862,TOMBAMENTO,TOMBAMENTO,ESTOURO/FURO DE PNEU,2,0,0,0,RIBEIRÃO PRETO,RIBEIRÃO PRETO,RIBEIRÃO PRETO,ESTADUAL,0.0,0.0,1.0,0.0,0.0,0.0,0.0,0.0,0.0,0.0,0.0,0.0,0.0,0.0,0.0,0.0
2026-03-12T00:00:00,07:07:55,L01-AUTOBAN,SP330,62.0,SUL,-23.168814423993,-46.926614642143,ENGAVETAMENTO,ENGAVETAMENTO,NÃO INFORMADO,0,1,0,0,JUNDIAÍ,CAMPINAS,CAMPINAS,ESTADUAL,2.0,0.0,1.0,0.0,0.0,0.0,0.0,0.0,0.0,0.0,0.0,0.0,0.0,0.0,0.0,0.0
2026-03-12T00:00:00,12:22:24,L01-AUTOBAN,SPM330D,103.0,NORTE,-22.862197108808,-47.13924407959,COLISÃO,COLISÃO-TRASEIRA,NÃO INFORMADO,0,0,0,0,CAMPINAS,CAMPINAS,CAMPINAS,ESTADUAL,2.0,0.0,0.0,0.0,0.0,0.0,0.0,0.0,0.0,0.0,0.0,0.0,0.0,0.0,0.0,0.0
2026-03-12T00:00:00,12:46:31,L01-AUTOBAN,SP330,43.0,SUL,-23.310350420577,-46.857408285141,CAPOTAMENTO,CAPOTAMENTO,NÃO INFORMADO,1,0,0,0,CAJAMAR,REG. METROPOLITANA SÃO PAULO,SÃO PAULO,ESTADUAL,1.0,0.0,0.0,0.0,0.0,0.0,0.0,0.0,0.0,0.0,0.0,0.0,0.0,0.0,0.0,0.0
2026-03-12T00:00:00,15:53:32,L29-VIAPAULISTA,SP330,307.385,NORTE,-21.20690603,-47.75829383,TOMBAMENTO,TOMBAMENTO,IMPRUD. CONDUTOR-PERDA DE CONTROLE,1,0,0,0,RIBEIRÃO PRETO,RIBEIRÃO PRETO,RIBEIRÃO PRETO,ESTADUAL,0.0,0.0,1.0,0.0,0.0,0.0,0.0,0.0,0.0,0.0,0.0,0.0,0.0,0.0,0.0,0.0
2026-03-12T00:00:00,18:44:25,L01-AUTOBAN,SP330,99.0,SUL,-22.887972406914,-47.113489508629,COLISÃO,COLISÃO-LATERAL,NÃO INFORMADO,0,0,0,0,CAMPINAS,CAMPINAS,CAMPINAS,ESTADUAL,0.0,0.0,1.0,1.0,0.0,0.0,0.0,0.0,0.0,0.0,0.0,0.0,0.0,0.0,0.0,0.0
2026-03-12T00:00:00,19:00:31,L01-AUTOBAN,SP330,98.0,SUL,-22.896245165998,-47.110952138901,COLISÃO,COLISÃO-TRASEIRA,NÃO INFORMADO,0,0,0,0,CAMPINAS,CAMPINAS,CAMPINAS,ESTADUAL,2.0,0.0,0.0,0.0,0.0,0.0,0.0,0.0,0.0,0.0,0.0,0.0,0.0,0.0,0.0,0.0
2026-03-12T00:00:00,20:39:14,L01-AUTOBAN,SP330,119.0,NORTE,-22.763217100847,-47.247782349587,CHOQUE,CHOQUE-ELEMENTO DE DRENAGEM,NÃO INFORMADO,0,0,0,0,NOVA ODESSA,CAMPINAS,RIO CLARO,ESTADUAL,1.0,0.0,0.0,0.0,0.0,0.0,0.0,0.0,0.0,0.0,0.0,0.0,0.0,0.0,0.0,0.0
2026-03-12T00:00:00,22:50:11,L01-AUTOBAN,SPM330E,111.0,SUL,-22.818118179636,-47.201744914055,CHOQUE,CHOQUE-DEFENSA/BARREIRA,NÃO INFORMADO,0,0,0,0,SUMARÉ,CAMPINAS,CAMPINAS,ESTADUAL,1.0,0.0,0.0,0.0,0.0,0.0,0.0,0.0,0.0,0.0,0.0,0.0,0.0,0.0,0.0,0.0
2026-03-13T00:00:00,07:24:07,L28-ENTREVIAS,SP330,438.98,NORTE,-20.0522850020063,-47.78496026805696,CHOQUE,CHOQUE-SINALIZAÇÃO/EQUIPAMENTO,ESTOURO/FURO DE PNEU,0,0,0,0,ARAMINA,FRANCA,RIBEIRÃO PRETO,ESTADUAL,0.0,0.0,0.0,0.0,0.0,0.0,0.0,0.0,0.0,0.0,1.0,0.0,0.0,0.0,0.0,0.0
2026-03-13T00:00:00,07:47:58,L29-VIAPAULISTA,SP330,310.428,SUL,-21.18026164,-47.75701617,CHOQUE,CHOQUE-DEFENSA/BARREIRA,IMPRUD. CONDUTOR-LEVOU FECHADA,0,0,0,0,RIBEIRÃO PRETO,RIBEIRÃO PRETO,RIBEIRÃO PRETO,ESTADUAL,1.0,0.0,0.0,0.0,0.0,0.0,0.0,0.0,0.0,0.0,0.0,0.0,0.0,0.0,0.0,0.0
2026-03-13T00:00:00,08:18:58,L01-AUTOBAN,SP330,115.0,NORTE,-22.792220839274,-47.226083278656,CHOQUE,CHOQUE-DEFENSA/BARREIRA,NÃO INFORMADO,0,0,0,0,SUMARÉ,CAMPINAS,CAMPINAS,ESTADUAL,1.0,0.0,0.0,0.0,0.0,0.0,0.0,0.0,0.0,0.0,0.0,0.0,0.0,0.0,0.0,0.0
2026-03-13T00:00:00,09:23:35,L29-VIAPAULISTA,SP330,309.6,NORTE,-21.18692287,-47.75724549,COLISÃO,COLISÃO-LATERAL,IMPRUD. CONDUTOR-FREADA BRUSCA,0,0,0,0,RIBEIRÃO PRETO,RIBEIRÃO PRETO,RIBEIRÃO PRETO,ESTADUAL,0.0,0.0,0.0,1.0,1.0,0.0,0.0,0.0,0.0,0.0,0.0,0.0,0.0,0.0,0.0,0.0
2026-03-13T00:00:00,13:40:00,L28-ENTREVIAS,SP330,345.3,NORTE,-20.89435261212429,-47.89415380260097,COLISÃO,COLISÃO-TRASEIRA,IMPRUD. CONDUTOR-DORMIR AO VOLANTE,0,1,0,0,SALES OLIVEIRA,FRANCA,RIBEIRÃO PRETO,ESTADUAL,0.0,0.0,0.0,0.0,2.0,0.0,0.0,0.0,0.0,0.0,0.0,0.0,0.0,0.0,0.0,0.0
2026-03-13T00:00:00,15:01:00,L28-ENTREVIAS,SP330,351.9,NORTE,-20.81963994840803,-47.89298708593373,COLISÃO,COLISÃO-TRASEIRA,IMPRUD. CONDUTOR-FALTA DE ATENÇÃO,0,0,0,0,SALES OLIVEIRA,FRANCA,RIBEIRÃO PRETO,ESTADUAL,0.0,0.0,0.0,0.0,0.0,0.0,0.0,0.0,0.0,0.0,2.0,0.0,0.0,0.0,0.0,0.0
2026-03-13T00:00:00,15:24:05,L01-AUTOBAN,SP330,31.97,SUL,-23.39313216496,-46.835603266541,COLISÃO,COLISÃO-LATERAL,NÃO INFORMADO,0,0,0,0,CAJAMAR,REG. METROPOLITANA SÃO PAULO,SÃO PAULO,ESTADUAL,0.0,0.0,0.0,0.0,1.0,0.0,0.0,0.0,0.0,0.0,0.0,0.0,0.0,0.0,0.0,0.0
2026-03-13T00:00:00,16:13:46,L01-AUTOBAN,SP330,132.0,SUL,-22.670828064213,-47.31360912323,COLISÃO,COLISÃO-LATERAL,NÃO INFORMADO,0,0,1,0,LIMEIRA,CAMPINAS,RIO CLARO,ESTADUAL,0.0,0.0,1.0,0.0,1.0,0.0,0.0,0.0,0.0,0.0,0.0,0.0,0.0,0.0,0.0,0.0
2026-03-13T00:00:00,17:16:50,L29-VIAPAULISTA,SP330,313.924,NORTE,-21.14808464,-47.75839035,COLISÃO,COLISÃO-LATERAL,IMPRUD. CONDUTOR,0,0,1,0,RIBEIRÃO PRETO,RIBEIRÃO PRETO,RIBEIRÃO PRETO,ESTADUAL,1.0,0.0,1.0,0.0,0.0,0.0,0.0,0.0,0.0,0.0,0.0,0.0,0.0,0.0,0.0,0.0
2026-03-13T00:00:00,17:17:46,L01-AUTOBAN,SP330,13.0,NORTE,-23.507909,-46.740539,ENGAVETAMENTO,ENGAVETAMENTO,NÃO INFORMADO,0,0,0,0,SÃO PAULO,REG. METROPOLITANA SÃO PAULO,SÃO PAULO,ESTADUAL,3.0,0.0,0.0,0.0,0.0,0.0,0.0,0.0,0.0,0.0,0.0,0.0,0.0,0.0,0.0,0.0
2026-03-13T00:00:00,17:32:07,L01-AUTOBAN,SP330,94.0,NORTE,-22.924593081991,-47.087171673775,ENGAVETAMENTO,ENGAVETAMENTO,NÃO INFORMADO,0,0,0,0,CAMPINAS,CAMPINAS,CAMPINAS,ESTADUAL,3.0,0.0,0.0,0.0,0.0,0.0,0.0,0.0,0.0,0.0,0.0,0.0,0.0,0.0,0.0,0.0
2026-03-13T00:00:00,17:35:15,L01-AUTOBAN,SP330,125.0,NORTE,-22.728274847666,-47.291845679283,TOMBAMENTO,TOMBAMENTO,NÃO INFORMADO,0,0,0,0,AMERICANA,CAMPINAS,RIO CLARO,ESTADUAL,0.0,0.0,1.0,0.0,0.0,0.0,0.0,0.0,0.0,0.0,0.0,0.0,0.0,0.0,0.0,0.0
2026-03-13T00:00:00,17:40:30,L29-VIAPAULISTA,SP330,309.381,NORTE,-21.18891379,-47.75734995,CHOQUE,CHOQUE-SINALIZAÇÃO/EQUIPAMENTO,IMPRUD. CONDUTOR,0,0,0,0,RIBEIRÃO PRETO,RIBEIRÃO PRETO,RIBEIRÃO PRETO,ESTADUAL,0.0,0.0,0.0,0.0,1.0,0.0,0.0,0.0,0.0,0.0,0.0,0.0,0.0,0.0,0.0,0.0
2026-03-13T00:00:00,19:41:10,L29-VIAPAULISTA,SP330,299.209,NORTE,-21.27928102,-47.75212853,CHOQUE,CHOQUE-DEFENSA/BARREIRA,IMPRUD. CONDUTOR-LEVOU FECHADA,0,0,0,0,CRAVINHOS,RIBEIRÃO PRETO,RIBEIRÃO PRETO,ESTADUAL,1.0,0.0,0.0,0.0,0.0,0.0,0.0,0.0,0.0,0.0,0.0,0.0,0.0,0.0,0.0,0.0
2026-03-14T00:00:00,12:43:22,L28-ENTREVIAS,SPA327/330,4.4,LESTE,-21.0339873232326,-47.7906403605496,COLISÃO,COLISÃO-TRASEIRA,IMPRUD. CONDUTOR-FALTA DE ATENÇÃO,1,0,0,0,JARDINÓPOLIS,RIBEIRÃO PRETO,RIBEIRÃO PRETO,ESTADUAL,1.0,0.0,1.0,0.0,0.0,0.0,0.0,0.0,0.0,0.0,0.0,0.0,0.0,0.0,0.0,0.0
2026-03-14T00:00:00,13:35:50,L01-AUTOBAN,SPM330E,16.5,SUL,-23.492131088663,-46.762954294682,ENGAVETAMENTO,ENGAVETAMENTO,NÃO INFORMADO,1,0,0,0,OSASCO,REG. METROPOLITANA SÃO PAULO,SÃO PAULO,ESTADUAL,3.0,0.0,0.0,0.0,0.0,0.0,0.0,0.0,0.0,0.0,0.0,0.0,0.0,0.0,0.0,0.0
2026-03-14T00:00:00,14:43:56,L01-AUTOBAN,SP330,98.0,SUL,-22.896245165998,-47.110952138901,COLISÃO,COLISÃO-TRASEIRA,NÃO INFORMADO,1,0,0,0,CAMPINAS,CAMPINAS,CAMPINAS,ESTADUAL,1.0,0.0,1.0,0.0,0.0,0.0,0.0,0.0,0.0,0.0,0.0,0.0,0.0,0.0,0.0,0.0
2026-03-14T00:00:00,16:10:47,L29-VIAPAULISTA,SP330,311.923,NORTE,-21.16593581,-47.75615699,COLISÃO,COLISÃO-TRASEIRA,OBJETO NA PISTA,0,0,0,0,RIBEIRÃO PRETO,RIBEIRÃO PRETO,RIBEIRÃO PRETO,ESTADUAL,0.0,0.0,0.0,1.0,1.0,0.0,0.0,0.0,0.0,0.0,0.0,0.0,0.0,0.0,0.0,0.0
2026-03-14T00:00:00,17:25:44,L01-AUTOBAN,SPI102/330,5.0,NORTE,-22.906904124332,-47.13676571846,CAPOTAMENTO,CAPOTAMENTO,NÃO INFORMADO,0,0,0,0,CAMPINAS,CAMPINAS,CAMPINAS,ESTADUAL,1.0,0.0,0.0,0.0,0.0,0.0,0.0,0.0,0.0,0.0,0.0,0.0,0.0,0.0,0.0,0.0
2026-03-14T00:00:00,18:03:10,L06-INTERVIAS,SP330,176.273,NORTE,-22.29820113,-47.39214958,COLISÃO,COLISÃO-TRASEIRA,NÃO INFORMADO,2,0,0,0,ARARAS,CAMPINAS,RIO CLARO,ESTADUAL,0.0,0.0,1.0,0.0,1.0,0.0,0.0,0.0,0.0,0.0,0.0,0.0,0.0,0.0,0.0,0.0
2026-03-14T00:00:00,18:22:34,L01-AUTOBAN,SP330,102.0,SUL,-22.868355,-47.132428,TOMBAMENTO,TOMBAMENTO,NÃO INFORMADO,1,0,0,0,CAMPINAS,CAMPINAS,CAMPINAS,ESTADUAL,0.0,0.0,1.0,0.0,0.0,0.0,0.0,0.0,0.0,0.0,0.0,0.0,0.0,0.0,0.0,0.0
2026-03-14T00:00:00,19:50:18,L06-INTERVIAS,SPD220/330,220.465,NORTE,-21.91063265,-47.47547892,CHOQUE,CHOQUE-DEFENSA/BARREIRA,IMPRUD. CONDUTOR-PERDA DE CONTROLE,0,0,0,0,PORTO FERREIRA,NÃO INFORMADO,NÃO INFORMADO,NÃO INFORMADO,1.0,0.0,0.0,0.0,0.0,0.0,0.0,0.0,0.0,0.0,0.0,0.0,0.0,0.0,0.0,0.0
2026-03-14T00:00:00,21:07:35,L01-AUTOBAN,SP330,89.4,NORTE,-22.955770352915,-47.059269196702,COLISÃO,COLISÃO-TRASEIRA,NÃO INFORMADO,0,0,0,0,CAMPINAS,CAMPINAS,CAMPINAS,ESTADUAL,2.0,0.0,0.0,0.0,0.0,0.0,0.0,0.0,0.0,0.0,0.0,0.0,0.0,0.0,0.0,0.0
2026-03-15T00:00:00,01:44:28,L28-ENTREVIAS,SP330,326.62,SUL,-21.0770163947079,-47.80615816157679,COLISÃO,COLISÃO-TRASEIRA,IMPRUD. CONDUTOR-FALTA DE ATENÇÃO,0,1,0,0,JARDINÓPOLIS,RIBEIRÃO PRETO,RIBEIRÃO PRETO,ESTADUAL,0.0,1.0,1.0,0.0,0.0,0.0,0.0,0.0,0.0,0.0,0.0,0.0,0.0,0.0,0.0,0.0
2026-03-15T00:00:00,02:54:13,L06-INTERVIAS,SP330,195.6,NORTE,-22.12637027,-47.41004337,TOMBAMENTO,TOMBAMENTO,IMPRUD. CONDUTOR-PERDA DE CONTROLE,1,0,0,0,LEME,CAMPINAS,RIO CLARO,ESTADUAL,0.0,0.0,1.0,0.0,0.0,0.0,0.0,0.0,0.0,0.0,0.0,0.0,0.0,0.0,0.0,0.0
2026-03-15T00:00:00,03:28:17,L01-AUTOBAN,SPM330D,108.0,NORTE,-22.832585315555,-47.17717051506,CHOQUE,CHOQUE-OBJETO NA PISTA,NÃO INFORMADO,0,0,0,0,SUMARÉ,CAMPINAS,CAMPINAS,ESTADUAL,2.0,1.0,0.0,0.0,0.0,0.0,0.0,0.0,0.0,0.0,0.0,0.0,0.0,0.0,0.0,0.0
2026-03-15T00:00:00,03:57:31,L28-ENTREVIAS,SP330,322.2,SUL,-21.08715041068619,-47.79862311629399,COLISÃO,COLISÃO-TRASEIRA,IMPRUD. CONDUTOR-FALTA DE ATENÇÃO,0,2,0,0,RIBEIRÃO PRETO,RIBEIRÃO PRETO,RIBEIRÃO PRETO,ESTADUAL,0.0,0.0,2.0,0.0,0.0,0.0,0.0,0.0,0.0,0.0,0.0,0.0,0.0,0.0,0.0,0.0
2026-03-15T00:00:00,18:17:49,L01-AUTOBAN,SP330,61.7,SUL,-23.170761436886,-46.924240893202,TOMBAMENTO,TOMBAMENTO-MOTO,NÃO INFORMADO,0,0,0,0,JUNDIAÍ,CAMPINAS,CAMPINAS,ESTADUAL,0.0,0.0,1.0,0.0,0.0,0.0,0.0,0.0,0.0,0.0,0.0,0.0,0.0,0.0,0.0,0.0
2026-03-15T00:00:00,19:04:20,L01-AUTOBAN,SPM330E,16.0,SUL,-23.494268736255,-46.758837103844,CHOQUE,CHOQUE-DEFENSA/BARREIRA,NÃO INFORMADO,0,0,0,0,OSASCO,REG. METROPOLITANA SÃO PAULO,SÃO PAULO,ESTADUAL,1.0,0.0,0.0,0.0,0.0,0.0,0.0,0.0,0.0,0.0,0.0,0.0,0.0,0.0,0.0,0.0
2026-03-15T00:00:00,19:59:01,L01-AUTOBAN,SP330,98.0,NORTE,-22.895874533463,-47.110748291016,CHOQUE,CHOQUE-DEFENSA/BARREIRA,NÃO INFORMADO,0,0,0,0,CAMPINAS,CAMPINAS,CAMPINAS,ESTADUAL,1.0,0.0,0.0,0.0,0.0,0.0,0.0,0.0,0.0,0.0,0.0,0.0,0.0,0.0,0.0,0.0
2026-03-15T00:00:00,21:03:47,L29-VIAPAULISTA,SP330,317.85,SUL,-21.1181689,-47.77645257,CHOQUE,CHOQUE-ELEMENTO DE DRENAGEM,IMPRUD. CONDUTOR-PERDA DE CONTROLE,0,0,0,0,RIBEIRÃO PRETO,RIBEIRÃO PRETO,RIBEIRÃO PRETO,ESTADUAL,1.0,0.0,0.0,0.0,0.0,0.0,0.0,0.0,0.0,0.0,0.0,0.0,0.0,0.0,0.0,0.0
2026-03-15T00:00:00,23:30:41,L01-AUTOBAN,SPM330D,19.0,NORTE,-23.473712595828,-46.77262365818,CHOQUE,CHOQUE-DEFENSA/BARREIRA,NÃO INFORMADO,0,0,0,0,OSASCO,REG. METROPOLITANA SÃO PAULO,SÃO PAULO,ESTADUAL,2.0,0.0,0.0,0.0,0.0,0.0,0.0,0.0,0.0,0.0,0.0,0.0,0.0,0.0,0.0,0.0
2026-03-16T00:00:00,01:04:22,L01-AUTOBAN,SP330,98.0,SUL,-22.896245165998,-47.110952138901,CHOQUE,CHOQUE-DEFENSA/BARREIRA,NÃO INFORMADO,1,0,0,0,CAMPINAS,CAMPINAS,CAMPINAS,ESTADUAL,1.0,0.0,0.0,0.0,0.0,0.0,0.0,0.0,0.0,0.0,0.0,0.0,0.0,0.0,0.0,0.0
2026-03-16T00:00:00,07:35:05,L29-VIAPAULISTA,SP330,294.905,NORTE,-21.31476133,-47.73551469,COLISÃO,COLISÃO-TRASEIRA,IMPRUD. CONDUTOR-DIST. INADEQUADA ENTRE VEÍC.,0,0,0,0,CRAVINHOS,RIBEIRÃO PRETO,RIBEIRÃO PRETO,ESTADUAL,1.0,0.0,0.0,1.0,0.0,0.0,0.0,0.0,0.0,0.0,0.0,0.0,0.0,0.0,0.0,0.0
2026-03-16T00:00:00,07:57:57,L29-VIAPAULISTA,SP330,295.1,NORTE,-21.31323003,-47.73623195,COLISÃO,COLISÃO-TRASEIRA,IMPRUD. CONDUTOR-DIST. INADEQUADA ENTRE VEÍC.,0,0,0,0,CRAVINHOS,RIBEIRÃO PRETO,RIBEIRÃO PRETO,ESTADUAL,1.0,1.0,0.0,0.0,0.0,0.0,0.0,0.0,0.0,0.0,0.0,0.0,0.0,0.0,0.0,0.0
2026-03-16T00:00:00,09:49:56,L06-INTERVIAS,SP330,238.9,SUL,-21.76805754,-47.54871936,CHOQUE,CHOQUE-DEFENSA/BARREIRA,PANE MECÂNICA/ELÉTRICA,0,0,0,0,SANTA RITA DO PASSA QUATRO,CENTRAL,RIBEIRÃO PRETO,ESTADUAL,0.0,0.0,0.0,0.0,1.0,0.0,0.0,0.0,0.0,0.0,0.0,0.0,0.0,0.0,0.0,0.0
2026-03-16T00:00:00,10:19:24,L01-AUTOBAN,SPI102/330,5.0,NORTE,-22.906904124332,-47.13676571846,TOMBAMENTO,TOMBAMENTO,NÃO INFORMADO,0,0,0,0,CAMPINAS,CAMPINAS,CAMPINAS,ESTADUAL,0.0,0.0,0.0,0.0,1.0,0.0,0.0,0.0,0.0,0.0,0.0,0.0,0.0,0.0,0.0,0.0
2026-03-16T00:00:00,14:58:53,L01-AUTOBAN,SPM330D,57.0,NORTE,-23.205930751153,-46.899073719978,CHOQUE,CHOQUE-OBJETO NA PISTA,NÃO INFORMADO,1,0,0,0,JUNDIAÍ,CAMPINAS,CAMPINAS,ESTADUAL,1.0,0.0,0.0,0.0,1.0,0.0,0.0,0.0,0.0,0.0,0.0,0.0,0.0,0.0,0.0,0.0
2026-03-16T00:00:00,16:54:44,L01-AUTOBAN,SP330,17.9,NORTE,-23.483207767409,-46.770526169134,TOMBAMENTO,TOMBAMENTO-MOTO,NÃO INFORMADO,1,0,0,0,OSASCO,REG. METROPOLITANA SÃO PAULO,SÃO PAULO,ESTADUAL,0.0,0.0,1.0,0.0,0.0,0.0,0.0,0.0,0.0,0.0,0.0,0.0,0.0,0.0,0.0,0.0
2026-03-16T00:00:00,18:35:36,L01-AUTOBAN,SP330,125.0,NORTE,-22.728274847666,-47.291845679283,COLISÃO,COLISÃO-LATERAL,NÃO INFORMADO,0,0,0,0,AMERICANA,CAMPINAS,RIO CLARO,ESTADUAL,0.0,1.0,1.0,0.0,0.0,0.0,0.0,0.0,0.0,0.0,0.0,0.0,0.0,0.0,0.0,0.0
2026-03-16T00:00:00,20:08:25,L01-AUTOBAN,SPM330D,110.0,NORTE,-22.822672081657,-47.192480564117,CHOQUE,CHOQUE-DEFENSA/BARREIRA,NÃO INFORMADO,0,0,0,0,SUMARÉ,CAMPINAS,CAMPINAS,ESTADUAL,0.0,0.0,0.0,0.0,1.0,0.0,0.0,0.0,0.0,0.0,0.0,0.0,0.0,0.0,0.0,0.0
2026-03-16T00:00:00,20:17:50,L28-ENTREVIAS,SP330,399.6,NORTE,-20.44004488251242,-47.83548246730937,ATROPELAMENTO DE PEDESTRE,ATROP. PEDESTRE-OUTROS,IMPRUD. PEDESTRE-USUÁRIO,0,0,0,1,GUARÁ,FRANCA,RIBEIRÃO PRETO,ESTADUAL,1.0,0.0,0.0,0.0,0.0,0.0,0.0,1.0,0.0,0.0,0.0,0.0,0.0,0.0,0.0,0.0
2026-03-16T00:00:00,20:23:21,L29-VIAPAULISTA,SP330,314.35,NORTE,-21.14720156,-47.75864806,ENGAVETAMENTO,ENGAVETAMENTO,IMPRUD. CONDUTOR,0,0,0,0,RIBEIRÃO PRETO,RIBEIRÃO PRETO,RIBEIRÃO PRETO,ESTADUAL,2.0,1.0,0.0,0.0,0.0,0.0,0.0,0.0,0.0,0.0,0.0,0.0,0.0,0.0,0.0,0.0
2026-03-16T00:00:00,20:54:24,L01-AUTOBAN,SP330,55.82,SUL,-23.211985141076,-46.890405783665,COLISÃO,COLISÃO-LATERAL,NÃO INFORMADO,1,0,0,0,JUNDIAÍ,CAMPINAS,CAMPINAS,ESTADUAL,2.0,0.0,0.0,0.0,1.0,0.0,0.0,0.0,0.0,0.0,0.0,0.0,0.0,0.0,0.0,0.0
2026-03-16T00:00:00,23:03:24,L28-ENTREVIAS,SP330,324.5,SUL,-21.0770163947079,-47.80615816157679,COLISÃO,COLISÃO-TRASEIRA,IMPRUD. CONDUTOR-FALTA DE ATENÇÃO,0,1,0,0,RIBEIRÃO PRETO,RIBEIRÃO PRETO,RIBEIRÃO PRETO,ESTADUAL,0.0,1.0,1.0,0.0,0.0,0.0,0.0,0.0,0.0,0.0,1.0,0.0,0.0,0.0,0.0,0.0
2026-03-17T00:00:00,02:46:13,L01-AUTOBAN,SP330,129.2,SUL,-22.695226075832,-47.309827203772,CHOQUE,CHOQUE-DEFENSA/BARREIRA,NÃO INFORMADO,0,0,0,0,AMERICANA,CAMPINAS,RIO CLARO,ESTADUAL,0.0,0.0,0.0,0.0,1.0,0.0,0.0,0.0,0.0,0.0,0.0,0.0,0.0,0.0,0.0,0.0
2026-03-17T00:00:00,12:41:56,L29-VIAPAULISTA,SP330,244.258,SUL,-21.73312537,-47.58413911,COLISÃO,COLISÃO-TRASEIRA,PANE MECÂNICA/ELÉTRICA,0,0,0,1,SANTA RITA DO PASSA QUATRO,CENTRAL,RIBEIRÃO PRETO,ESTADUAL,0.0,0.0,0.0,0.0,2.0,0.0,0.0,0.0,0.0,0.0,0.0,0.0,0.0,0.0,0.0,0.0
2026-03-17T00:00:00,14:00:00,L01-AUTOBAN,SP330,12.5,SUL,-23.508817966416,-46.735225617886,COLISÃO,COLISÃO-TRASEIRA,NÃO INFORMADO,1,0,0,0,SÃO PAULO,REG. METROPOLITANA SÃO PAULO,SÃO PAULO,ESTADUAL,1.0,0.0,1.0,0.0,0.0,0.0,0.0,0.0,0.0,0.0,0.0,0.0,0.0,0.0,0.0,0.0
2026-03-17T00:00:00,15:33:53,L06-INTERVIAS,SP330,212.115,SUL,-21.98253524,-47.45127601,CHOQUE,CHOQUE-DEFENSA/BARREIRA,IMPRUD. CONDUTOR-LEVOU FECHADA,0,0,0,0,PIRASSUNUNGA,CAMPINAS,RIO CLARO,ESTADUAL,0.0,0.0,0.0,1.0,0.0,0.0,0.0,0.0,0.0,0.0,0.0,0.0,0.0,0.0,0.0,0.0
2026-03-17T00:00:00,16:54:05,L01-AUTOBAN,SP330,92.0,NORTE,-22.935116422047,-47.071389555931,ENGAVETAMENTO,ENGAVETAMENTO,NÃO INFORMADO,0,0,0,0,CAMPINAS,CAMPINAS,CAMPINAS,ESTADUAL,3.0,0.0,1.0,0.0,0.0,0.0,0.0,0.0,0.0,0.0,0.0,0.0,0.0,0.0,0.0,0.0
2026-03-17T00:00:00,19:44:57,L01-AUTOBAN,SP330,106.2,NORTE,-22.845096114366,-47.165409933915,COLISÃO,COLISÃO-TRASEIRA,NÃO INFORMADO,0,0,0,0,SUMARÉ,CAMPINAS,CAMPINAS,ESTADUAL,1.0,0.0,0.0,1.0,0.0,0.0,0.0,0.0,0.0,0.0,0.0,0.0,0.0,0.0,0.0,0.0
2026-03-17T00:00:00,19:58:04,L06-INTERVIAS,SPI165/330,0.5,OESTE,-22.39641398,-47.38478383,ATROPELAMENTO DE ANIMAL,ATROP. ANIMAL-OUTROS,ANIMAL NA RODOVIA,0,0,0,0,ARARAS,CAMPINAS,RIO CLARO,ESTADUAL,1.0,0.0,0.0,0.0,0.0,0.0,0.0,0.0,0.0,0.0,0.0,0.0,0.0,0.0,0.0,0.0
2026-03-17T00:00:00,21:37:44,L01-AUTOBAN,SP330,58.0,NORTE,-23.196902870305,-46.903708577156,TOMBAMENTO,TOMBAMENTO,NÃO INFORMADO,0,2,0,0,JUNDIAÍ,CAMPINAS,CAMPINAS,ESTADUAL,1.0,0.0,0.0,0.0,0.0,0.0,1.0,0.0,0.0,0.0,0.0,0.0,0.0,0.0,0.0,0.0
2026-03-17T00:00:00,23:41:14,L06-INTERVIAS,SP330,207.3,NORTE,-22.02378516,-47.43687663,ATROPELAMENTO DE ANIMAL,ATROP. ANIMAL-OUTROS,ANIMAL NA RODOVIA,0,0,0,0,PIRASSUNUNGA,CAMPINAS,RIO CLARO,ESTADUAL,0.0,0.0,0.0,1.0,0.0,0.0,0.0,0.0,0.0,0.0,0.0,0.0,0.0,0.0,0.0,0.0
2026-03-18T00:00:00,05:44:22,L06-INTERVIAS,SP330,199.6,SUL,-22.09126792,-47.41854291,CHOQUE,CHOQUE-DEFENSA/BARREIRA,IMPRUD. CONDUTOR-DORMIR AO VOLANTE,3,0,0,0,SANTA CRUZ DA CONCEIÇÃO,CAMPINAS,RIO CLARO,ESTADUAL,0.0,0.0,0.0,0.0,1.0,0.0,0.0,0.0,0.0,0.0,0.0,0.0,0.0,0.0,0.0,0.0
2026-03-18T00:00:00,07:34:40,L01-AUTOBAN,SP330,105.0,SUL,-22.852088298342,-47.156785726547,COLISÃO,COLISÃO-LATERAL,NÃO INFORMADO,0,0,0,0,CAMPINAS,CAMPINAS,CAMPINAS,ESTADUAL,1.0,0.0,0.0,0.0,1.0,0.0,0.0,0.0,0.0,0.0,0.0,0.0,0.0,0.0,0.0,0.0
2026-03-18T00:00:00,08:00:45,L01-AUTOBAN,SP330,35.0,NORTE,-23.369218,-46.84502,TOMBAMENTO,TOMBAMENTO,NÃO INFORMADO,1,0,0,0,CAJAMAR,REG. METROPOLITANA SÃO PAULO,SÃO PAULO,ESTADUAL,1.0,0.0,1.0,0.0,0.0,0.0,0.0,0.0,0.0,0.0,0.0,0.0,0.0,0.0,0.0,0.0
2026-03-18T00:00:00,08:12:20,L01-AUTOBAN,SP330,59.0,SUL,-23.189008521881,-46.906793117523,ENGAVETAMENTO,ENGAVETAMENTO,NÃO INFORMADO,0,0,0,0,JUNDIAÍ,CAMPINAS,CAMPINAS,ESTADUAL,3.0,0.0,0.0,0.0,0.0,0.0,0.0,0.0,0.0,0.0,0.0,0.0,0.0,0.0,0.0,0.0
2026-03-18T00:00:00,08:26:39,L29-VIAPAULISTA,SP330,307.39,NORTE,-21.20686102,-47.75829147,CHOQUE,CHOQUE-DEFENSA/BARREIRA,IMPRUD. CONDUTOR-DORMIR AO VOLANTE,0,0,0,0,RIBEIRÃO PRETO,RIBEIRÃO PRETO,RIBEIRÃO PRETO,ESTADUAL,1.0,0.0,0.0,0.0,0.0,0.0,0.0,0.0,0.0,0.0,0.0,0.0,0.0,0.0,0.0,0.0
2026-03-18T00:00:00,12:01:49,L29-VIAPAULISTA,SPA307/330,1.6,OESTE,-21.19689783,-47.77125754,COLISÃO,COLISÃO-TRASEIRA,IMPRUD. CONDUTOR-DIST. INADEQUADA ENTRE VEÍC.,1,0,0,0,RIBEIRÃO PRETO,RIBEIRÃO PRETO,RIBEIRÃO PRETO,ESTADUAL,0.0,0.0,1.0,1.0,0.0,0.0,0.0,0.0,0.0,0.0,0.0,0.0,0.0,0.0,0.0,0.0
2026-03-18T00:00:00,12:45:07,L29-VIAPAULISTA,SPA307/330,2.89,LESTE,-21.18983443,-47.78146687,COLISÃO,COLISÃO-TRASEIRA,IMPRUD. CONDUTOR-DIST. INADEQUADA ENTRE VEÍC.,1,0,0,0,RIBEIRÃO PRETO,RIBEIRÃO PRETO,RIBEIRÃO PRETO,ESTADUAL,1.0,0.0,1.0,0.0,0.0,0.0,0.0,0.0,0.0,0.0,0.0,0.0,0.0,0.0,0.0,0.0
2026-03-18T00:00:00,13:00:35,L01-AUTOBAN,SP330,53.0,NORTE,-23.230639,-46.87295,COLISÃO,COLISÃO-FRONTAL,NÃO INFORMADO,2,0,0,0,JUNDIAÍ,CAMPINAS,CAMPINAS,ESTADUAL,2.0,0.0,0.0,0.0,0.0,0.0,0.0,0.0,0.0,0.0,0.0,0.0,0.0,0.0,0.0,0.0
2026-03-18T00:00:00,14:44:20,L06-INTERVIAS,SP330,211.2,SUL,-21.99036367,-47.44860519,OBJETO LANÇADO CONTRA O VEÍCULO,OBJETO LANÇADO CONTRA O VEÍCULO,ROÇADA MECÂNICA/MANUAL,0,0,0,0,PIRASSUNUNGA,CAMPINAS,RIO CLARO,ESTADUAL,1.0,0.0,0.0,0.0,0.0,0.0,0.0,0.0,0.0,0.0,0.0,0.0,0.0,0.0,0.0,0.0
2026-03-18T00:00:00,21:01:39,L01-AUTOBAN,SP330,61.0,NORTE,-23.175294620401,-46.918331980705,COLISÃO,COLISÃO-TRASEIRA,NÃO INFORMADO,1,0,0,0,JUNDIAÍ,CAMPINAS,CAMPINAS,ESTADUAL,1.0,0.0,1.0,0.0,0.0,0.0,0.0,0.0,0.0,0.0,0.0,0.0,0.0,0.0,0.0,0.0
2026-03-18T00:00:00,21:20:53,L01-AUTOBAN,SP330,47.9,NORTE,-23.274910986798,-46.86997067447,CHOQUE,CHOQUE-DEFENSA/BARREIRA,NÃO INFORMADO,0,0,0,0,JUNDIAÍ,CAMPINAS,CAMPINAS,ESTADUAL,1.0,0.0,0.0,0.0,0.0,0.0,0.0,0.0,0.0,0.0,0.0,0.0,0.0,0.0,0.0,0.0
2026-03-18T00:00:00,23:13:17,L01-AUTOBAN,SP330,125.0,NORTE,-22.728274847666,-47.291845679283,CHOQUE,CHOQUE-DEFENSA/BARREIRA,NÃO INFORMADO,0,0,0,0,AMERICANA,CAMPINAS,RIO CLARO,ESTADUAL,1.0,0.0,0.0,0.0,0.0,0.0,0.0,0.0,0.0,0.0,0.0,0.0,0.0,0.0,0.0,0.0
2026-03-19T00:00:00,04:24:29,L06-INTERVIAS,SP330,185.9,SUL,-22.21171846,-47.39401851,TOMBAMENTO,TOMBAMENTO,IMPRUD. CONDUTOR-PERDA DE CONTROLE,1,0,0,0,LEME,CAMPINAS,RIO CLARO,ESTADUAL,0.0,0.0,1.0,0.0,0.0,0.0,0.0,0.0,0.0,0.0,0.0,0.0,0.0,0.0,0.0,0.0
2026-03-19T00:00:00,07:48:12,L01-AUTOBAN,SP330,22.0,SUL,-23.45303514236,-46.78664624691,COLISÃO,COLISÃO-TRASEIRA,NÃO INFORMADO,1,0,0,0,SÃO PAULO,REG. METROPOLITANA SÃO PAULO,SÃO PAULO,ESTADUAL,0.0,0.0,2.0,0.0,0.0,0.0,0.0,0.0,0.0,0.0,0.0,0.0,0.0,0.0,0.0,0.0
2026-03-19T00:00:00,08:01:10,L29-VIAPAULISTA,SP330,311.16,SUL,-21.17321886,-47.75656938,ENGAVETAMENTO,ENGAVETAMENTO,IMPRUD. CONDUTOR-DIST. INADEQUADA ENTRE VEÍC.,0,0,0,0,RIBEIRÃO PRETO,RIBEIRÃO PRETO,RIBEIRÃO PRETO,ESTADUAL,0.0,4.0,0.0,1.0,0.0,0.0,0.0,0.0,0.0,0.0,0.0,0.0,0.0,0.0,0.0,0.0
2026-03-19T00:00:00,15:13:44,L29-VIAPAULISTA,SP330,311.756,NORTE,-21.16747168,-47.75623247,TOMBAMENTO,TOMBAMENTO,ÓLEO NA PISTA,1,0,0,0,RIBEIRÃO PRETO,RIBEIRÃO PRETO,RIBEIRÃO PRETO,ESTADUAL,0.0,0.0,1.0,0.0,0.0,0.0,0.0,0.0,0.0,0.0,0.0,0.0,0.0,0.0,0.0,0.0
2026-03-19T00:00:00,15:56:28,L01-AUTOBAN,SP330,97.4,NORTE,-22.900796378912,-47.108978037568,TOMBAMENTO,TOMBAMENTO,NÃO INFORMADO,1,0,0,0,CAMPINAS,CAMPINAS,CAMPINAS,ESTADUAL,0.0,0.0,1.0,0.0,0.0,0.0,0.0,0.0,0.0,0.0,0.0,0.0,0.0,0.0,0.0,0.0
2026-03-19T00:00:00,17:47:56,L01-AUTOBAN,SP330,83.6,NORTE,-23.000831682569,-47.030995480227,ENGAVETAMENTO,ENGAVETAMENTO,NÃO INFORMADO,1,0,0,0,VALINHOS,CAMPINAS,CAMPINAS,ESTADUAL,2.0,0.0,1.0,0.0,0.0,0.0,0.0,0.0,0.0,0.0,0.0,0.0,0.0,0.0,0.0,0.0
2026-03-19T00:00:00,19:26:25,L01-AUTOBAN,SPM330D,86.8,NORTE,-22.976457152419,-47.04738444427,CHOQUE,CHOQUE-ELEMENTO DE DRENAGEM,NÃO INFORMADO,1,0,0,0,CAMPINAS,CAMPINAS,CAMPINAS,ESTADUAL,1.0,0.0,0.0,0.0,0.0,0.0,0.0,0.0,0.0,0.0,0.0,0.0,0.0,0.0,0.0,0.0
2026-03-19T00:00:00,19:39:31,L06-INTERVIAS,SP330,239.7,NORTE,-21.76315228,-47.5544482,CHOQUE,CHOQUE-OBJETO NA PISTA,OBJETO NA PISTA,0,0,0,0,SANTA RITA DO PASSA QUATRO,CENTRAL,RIBEIRÃO PRETO,ESTADUAL,2.0,0.0,0.0,1.0,0.0,0.0,0.0,0.0,0.0,0.0,0.0,0.0,0.0,0.0,0.0,0.0
2026-03-19T00:00:00,20:57:11,L29-VIAPAULISTA,SP330,281.949,NORTE,-21.40700278,-47.66993906,CHOQUE,CHOQUE-OUTROS,IMPRUD. CONDUTOR-LEVOU FECHADA,0,0,0,0,SÃO SIMÃO,RIBEIRÃO PRETO,RIBEIRÃO PRETO,ESTADUAL,1.0,0.0,0.0,0.0,0.0,0.0,0.0,0.0,0.0,0.0,0.0,0.0,0.0,0.0,0.0,0.0
2026-03-19T00:00:00,21:34:21,L01-AUTOBAN,SPM330E,15.5,SUL,-23.497092587879,-46.756766438484,COLISÃO,COLISÃO-TRASEIRA,NÃO INFORMADO,1,0,0,0,SÃO PAULO,REG. METROPOLITANA SÃO PAULO,SÃO PAULO,ESTADUAL,2.0,0.0,0.0,0.0,0.0,0.0,0.0,0.0,0.0,0.0,0.0,0.0,0.0,0.0,0.0,0.0
2026-03-19T00:00:00,21:53:35,L29-VIAPAULISTA,SP330,287.421,NORTE,-21.37572823,-47.70873658,COLISÃO,COLISÃO-LATERAL,IMPRUD. CONDUTOR,0,0,0,0,CRAVINHOS,RIBEIRÃO PRETO,RIBEIRÃO PRETO,ESTADUAL,1.0,1.0,0.0,0.0,0.0,0.0,0.0,0.0,0.0,0.0,0.0,0.0,0.0,0.0,0.0,0.0
2026-03-20T00:00:00,02:28:12,L06-INTERVIAS,SP330,206.3,SUL,-22.0325724,-47.43428775,COLISÃO,COLISÃO-TRASEIRA,IMPRUD. CONDUTOR-DORMIR AO VOLANTE,1,0,0,0,PIRASSUNUNGA,CAMPINAS,RIO CLARO,ESTADUAL,0.0,0.0,0.0,0.0,2.0,0.0,0.0,0.0,0.0,0.0,0.0,0.0,0.0,0.0,0.0,0.0
2026-03-20T00:00:00,07:48:42,L29-VIAPAULISTA,SP330,311.328,SUL,-21.17214652,-47.75655813,COLISÃO,COLISÃO-TRASEIRA,IMPRUD. CONDUTOR,0,0,0,0,RIBEIRÃO PRETO,RIBEIRÃO PRETO,RIBEIRÃO PRETO,ESTADUAL,0.0,0.0,0.0,2.0,0.0,0.0,0.0,0.0,0.0,0.0,0.0,0.0,0.0,0.0,0.0,0.0
2026-03-20T00:00:00,09:21:03,L01-AUTOBAN,SP330,53.0,NORTE,-23.230639,-46.87295,COLISÃO,COLISÃO-TRANSVERSAL,NÃO INFORMADO,2,0,0,0,JUNDIAÍ,CAMPINAS,CAMPINAS,ESTADUAL,2.0,0.0,0.0,0.0,0.0,0.0,0.0,0.0,0.0,0.0,0.0,0.0,0.0,0.0,0.0,0.0
2026-03-20T00:00:00,10:50:00,L28-ENTREVIAS,SP330,361.4,NORTE,-20.76336470306418,-47.89199588040018,TOMBAMENTO,TOMBAMENTO-VEÍCULO PESADO,IMPRUD. CONDUTOR-PERDA DE CONTROLE,0,0,0,0,ORLÂNDIA,FRANCA,RIBEIRÃO PRETO,ESTADUAL,0.0,0.0,0.0,0.0,1.0,0.0,0.0,0.0,0.0,0.0,0.0,0.0,0.0,0.0,0.0,0.0
2026-03-20T00:00:00,11:45:49,L01-AUTOBAN,SP330,23.0,SUL,-23.444260270505,-46.78705394268,TOMBAMENTO,TOMBAMENTO,NÃO INFORMADO,1,0,0,0,SÃO PAULO,REG. METROPOLITANA SÃO PAULO,SÃO PAULO,ESTADUAL,0.0,0.0,1.0,0.0,0.0,0.0,0.0,0.0,0.0,0.0,0.0,0.0,0.0,0.0,0.0,0.0
2026-03-20T00:00:00,13:03:55,L01-AUTOBAN,SP330,127.15,SUL,-22.71029954882,-47.298770346965,COLISÃO,COLISÃO-TRASEIRA,NÃO INFORMADO,0,0,0,0,AMERICANA,CAMPINAS,RIO CLARO,ESTADUAL,0.0,0.0,0.0,0.0,2.0,0.0,0.0,0.0,0.0,0.0,0.0,0.0,0.0,0.0,0.0,0.0
2026-03-20T00:00:00,15:07:35,L01-AUTOBAN,SP330,84.0,SUL,-22.997982500733,-47.033178806305,COLISÃO,COLISÃO-LATERAL,NÃO INFORMADO,0,1,0,0,VALINHOS,CAMPINAS,CAMPINAS,ESTADUAL,1.0,0.0,1.0,0.0,0.0,0.0,0.0,0.0,0.0,0.0,0.0,0.0,0.0,0.0,0.0,0.0
2026-03-20T00:00:00,15:34:50,L01-AUTOBAN,SP330,131.0,NORTE,-22.678965513198,-47.310690879822,ENGAVETAMENTO,ENGAVETAMENTO,NÃO INFORMADO,0,0,0,0,LIMEIRA,CAMPINAS,RIO CLARO,ESTADUAL,3.0,0.0,0.0,0.0,0.0,0.0,0.0,0.0,0.0,0.0,0.0,0.0,0.0,0.0,0.0,0.0
2026-03-20T00:00:00,16:16:22,L01-AUTOBAN,SPM330E,14.5,SUL,-23.503551847267,-46.752364933491,COLISÃO,COLISÃO-TRASEIRA,NÃO INFORMADO,2,0,0,0,SÃO PAULO,REG. METROPOLITANA SÃO PAULO,SÃO PAULO,ESTADUAL,1.0,0.0,1.0,0.0,0.0,0.0,0.0,0.0,0.0,0.0,0.0,0.0,0.0,0.0,0.0,0.0
2026-03-20T00:00:00,16:36:10,L01-AUTOBAN,SP330,128.0,SUL,-22.704166761068,-47.303599119186,TOMBAMENTO,TOMBAMENTO-MOTO,NÃO INFORMADO,1,0,0,0,AMERICANA,CAMPINAS,RIO CLARO,ESTADUAL,1.0,0.0,1.0,0.0,0.0,0.0,0.0,0.0,0.0,0.0,0.0,0.0,0.0,0.0,0.0,0.0
2026-03-20T00:00:00,17:09:27,L01-AUTOBAN,SP330,59.0,SUL,-23.189008521881,-46.906793117523,COLISÃO,COLISÃO-LATERAL,NÃO INFORMADO,1,0,0,0,JUNDIAÍ,CAMPINAS,CAMPINAS,ESTADUAL,1.0,0.0,1.0,0.0,0.0,0.0,0.0,0.0,0.0,0.0,0.0,0.0,0.0,0.0,0.0,0.0
2026-03-20T00:00:00,18:07:41,L01-AUTOBAN,SPM330D,91.2,NORTE,-22.941310508038,-47.067509096384,TOMBAMENTO,TOMBAMENTO,NÃO INFORMADO,1,0,0,0,CAMPINAS,CAMPINAS,CAMPINAS,ESTADUAL,0.0,0.0,1.0,0.0,0.0,0.0,0.0,0.0,0.0,0.0,0.0,0.0,0.0,0.0,0.0,0.0
2026-03-20T00:00:00,18:26:58,L01-AUTOBAN,SPM330E,53.8,SUL,-23.224804960185,-46.876684781439,COLISÃO,COLISÃO-FRONTAL,NÃO INFORMADO,0,0,1,0,JUNDIAÍ,CAMPINAS,CAMPINAS,ESTADUAL,0.0,0.0,1.0,0.0,1.0,0.0,0.0,0.0,0.0,0.0,0.0,0.0,0.0,0.0,0.0,0.0
2026-03-20T00:00:00,21:51:19,L29-VIAPAULISTA,SP330,306.294,SUL,-21.21727233,-47.75889625,CHOQUE,CHOQUE-VEÍCULO PARADO NO ACOSTAMENTO,IMPRUD. CONDUTOR,0,0,0,0,RIBEIRÃO PRETO,RIBEIRÃO PRETO,RIBEIRÃO PRETO,ESTADUAL,1.0,0.0,1.0,0.0,0.0,0.0,0.0,0.0,0.0,0.0,0.0,0.0,0.0,0.0,0.0,0.0
2026-03-21T00:00:00,00:43:24,L01-AUTOBAN,SPM330D,103.0,NORTE,-22.862197108808,-47.13924407959,TOMBAMENTO,TOMBAMENTO,NÃO INFORMADO,1,0,0,0,CAMPINAS,CAMPINAS,CAMPINAS,ESTADUAL,0.0,0.0,1.0,0.0,0.0,0.0,0.0,0.0,0.0,0.0,0.0,0.0,0.0,0.0,0.0,0.0
2026-03-21T00:00:00,00:47:41,L29-VIAPAULISTA,SP330,309.79,SUL,-21.18489377,-47.75727136,COLISÃO,COLISÃO-TRASEIRA,IMPRUD. CONDUTOR,0,0,0,0,RIBEIRÃO PRETO,RIBEIRÃO PRETO,RIBEIRÃO PRETO,ESTADUAL,1.0,0.0,1.0,0.0,0.0,0.0,0.0,0.0,0.0,0.0,0.0,0.0,0.0,0.0,0.0,0.0
2026-03-21T00:00:00,01:26:18,L01-AUTOBAN,SP330,25.5,NORTE,-23.423316814287,-46.791053063961,COLISÃO,COLISÃO-LATERAL,NÃO INFORMADO,0,0,0,0,SÃO PAULO,REG. METROPOLITANA SÃO PAULO,SÃO PAULO,ESTADUAL,0.0,1.0,0.0,0.0,0.0,0.0,1.0,0.0,0.0,0.0,0.0,0.0,0.0,0.0,0.0,0.0
2026-03-21T00:00:00,02:08:00,L28-ENTREVIAS,SP330,339.8,NORTE,-21.03386351939818,-47.83354780327321,CHOQUE,CHOQUE-OBJETO NA PISTA,OBJETO NA PISTA,0,0,0,0,JARDINÓPOLIS,RIBEIRÃO PRETO,RIBEIRÃO PRETO,ESTADUAL,1.0,0.0,0.0,0.0,0.0,0.0,0.0,0.0,0.0,0.0,0.0,0.0,0.0,0.0,0.0,0.0
2026-03-21T00:00:00,06:40:05,L01-AUTOBAN,SPM330D,24.0,NORTE,-23.434539807835,-46.786286830902,COLISÃO,COLISÃO-TRASEIRA,NÃO INFORMADO,0,0,1,0,SÃO PAULO,REG. METROPOLITANA SÃO PAULO,SÃO PAULO,ESTADUAL,0.0,0.0,0.0,1.0,0.0,1.0,0.0,0.0,0.0,0.0,0.0,0.0,0.0,0.0,0.0,0.0
2026-03-21T00:00:00,08:41:30,L29-VIAPAULISTA,SP330,314.779,SUL,-21.14171311,-47.76098485,TOMBAMENTO,TOMBAMENTO,IMPRUD. CONDUTOR-FREADA BRUSCA,0,1,0,0,RIBEIRÃO PRETO,RIBEIRÃO PRETO,RIBEIRÃO PRETO,ESTADUAL,0.0,0.0,2.0,0.0,0.0,0.0,0.0,0.0,0.0,0.0,0.0,0.0,0.0,0.0,0.0,0.0
2026-03-21T00:00:00,09:12:50,L01-AUTOBAN,SP330,92.2,SUL,-22.934074058243,-47.072703369035,TOMBAMENTO,TOMBAMENTO-MOTO,NÃO INFORMADO,1,0,0,0,CAMPINAS,CAMPINAS,CAMPINAS,ESTADUAL,0.0,0.0,1.0,0.0,0.0,0.0,0.0,0.0,0.0,0.0,0.0,0.0,0.0,0.0,0.0,0.0
2026-03-21T00:00:00,13:48:03,L06-INTERVIAS,SP330,181.76,NORTE,-22.24898723,-47.38999142,CHOQUE,CHOQUE-PRAÇA DE PEDÁGIO,OUTROS,0,0,0,0,LEME,CAMPINAS,RIO CLARO,ESTADUAL,1.0,0.0,0.0,0.0,0.0,0.0,0.0,0.0,0.0,0.0,0.0,0.0,0.0,0.0,0.0,0.0
2026-03-21T00:00:00,16:17:05,L06-INTERVIAS,SP330,192.262,SUL,-22.15481469,-47.40077993,CHOQUE,CHOQUE-ELEMENTO DE DRENAGEM,ESTOURO/FURO DE PNEU,1,0,0,0,LEME,CAMPINAS,RIO CLARO,ESTADUAL,1.0,0.0,0.0,0.0,0.0,0.0,0.0,0.0,0.0,0.0,0.0,0.0,0.0,0.0,0.0,0.0
2026-03-21T00:00:00,17:31:39,L06-INTERVIAS,SP330,172.5,NORTE,-22.33217098,-47.38958759,COLISÃO,COLISÃO-TRASEIRA,NÃO INFORMADO,1,0,0,0,ARARAS,CAMPINAS,RIO CLARO,ESTADUAL,1.0,0.0,0.0,0.0,1.0,0.0,0.0,0.0,0.0,0.0,0.0,0.0,0.0,0.0,0.0,0.0
2026-03-21T00:00:00,17:39:22,L01-AUTOBAN,SP330,97.0,NORTE,-22.904077630073,-47.107797861099,ENGAVETAMENTO,ENGAVETAMENTO,NÃO INFORMADO,0,0,0,0,CAMPINAS,CAMPINAS,CAMPINAS,ESTADUAL,3.0,0.0,0.0,0.0,0.0,0.0,0.0,0.0,0.0,0.0,0.0,0.0,0.0,0.0,0.0,0.0
2026-03-21T00:00:00,18:48:26,L29-VIAPAULISTA,SP330,313.873,SUL,-21.14948235,-47.75817882,TOMBAMENTO,TOMBAMENTO,ESTOURO/FURO DE PNEU,2,0,0,0,RIBEIRÃO PRETO,RIBEIRÃO PRETO,RIBEIRÃO PRETO,ESTADUAL,0.0,0.0,1.0,0.0,0.0,0.0,0.0,0.0,0.0,0.0,0.0,0.0,0.0,0.0,0.0,0.0
2026-03-21T00:00:00,19:27:28,L01-AUTOBAN,SP330,17.2,SUL,-23.488432807093,-46.767892244609,COLISÃO,COLISÃO-TRASEIRA,NÃO INFORMADO,0,0,0,0,OSASCO,REG. METROPOLITANA SÃO PAULO,SÃO PAULO,ESTADUAL,1.0,1.0,0.0,0.0,0.0,0.0,0.0,0.0,0.0,0.0,0.0,0.0,0.0,0.0,0.0,0.0
2026-03-21T00:00:00,19:32:19,L01-AUTOBAN,SP330,23.0,SUL,-23.444260270505,-46.78705394268,ENGAVETAMENTO,ENGAVETAMENTO,NÃO INFORMADO,0,0,0,0,SÃO PAULO,REG. METROPOLITANA SÃO PAULO,SÃO PAULO,ESTADUAL,3.0,0.0,0.0,0.0,0.0,0.0,0.0,0.0,0.0,0.0,0.0,0.0,0.0,0.0,0.0,0.0
2026-03-21T00:00:00,19:33:14,L29-VIAPAULISTA,SP330,276.492,NORTE,-21.45066402,-47.64678398,TOMBAMENTO,TOMBAMENTO,PANE MECÂNICA/ELÉTRICA,1,0,0,0,SÃO SIMÃO,RIBEIRÃO PRETO,RIBEIRÃO PRETO,ESTADUAL,0.0,0.0,1.0,0.0,0.0,0.0,0.0,0.0,0.0,0.0,0.0,0.0,0.0,0.0,0.0,0.0
2026-03-21T00:00:00,20:07:40,L01-AUTOBAN,SPM330E,16.7,SUL,-23.491276026364,-46.764601177299,ATROPELAMENTO DE PEDESTRE,ATROP. PEDESTRE-OUTROS,NÃO INFORMADO,0,0,0,1,OSASCO,REG. METROPOLITANA SÃO PAULO,SÃO PAULO,ESTADUAL,1.0,0.0,0.0,0.0,0.0,0.0,0.0,1.0,0.0,0.0,0.0,0.0,0.0,0.0,0.0,0.0
2026-03-22T00:00:00,00:39:22,L01-AUTOBAN,SP330,105.0,SUL,-22.852088298342,-47.156785726547,CHOQUE,CHOQUE-DEFENSA/BARREIRA,NÃO INFORMADO,1,0,0,0,CAMPINAS,CAMPINAS,CAMPINAS,ESTADUAL,1.0,0.0,0.0,0.0,0.0,0.0,0.0,0.0,0.0,0.0,0.0,0.0,0.0,0.0,0.0,0.0
2026-03-22T00:00:00,00:54:00,L28-ENTREVIAS,SP330,394.8,SUL,-20.50113906878687,-47.84103653601731,ATROPELAMENTO DE ANIMAL,ATROP. ANIMAL-SILVESTRE GRANDE,ANIMAL NA RODOVIA,0,0,0,0,GUARÁ,FRANCA,RIBEIRÃO PRETO,ESTADUAL,0.0,0.0,0.0,0.0,0.0,0.0,0.0,0.0,0.0,0.0,1.0,0.0,0.0,0.0,0.0,0.0
2026-03-22T00:00:00,06:20:49,L01-AUTOBAN,SP330,127.0,SUL,-22.711381818434,-47.297918200493,COLISÃO,COLISÃO-LATERAL,NÃO INFORMADO,0,0,0,0,AMERICANA,CAMPINAS,RIO CLARO,ESTADUAL,1.0,0.0,0.0,0.0,1.0,0.0,0.0,0.0,0.0,0.0,0.0,0.0,0.0,0.0,0.0,0.0
2026-03-22T00:00:00,07:03:58,L01-AUTOBAN,SPM330D,100.7,NORTE,-22.875768412454,-47.122595586379,TOMBAMENTO,TOMBAMENTO,NÃO INFORMADO,0,1,0,0,CAMPINAS,CAMPINAS,CAMPINAS,ESTADUAL,0.0,0.0,1.0,0.0,0.0,0.0,0.0,0.0,0.0,0.0,0.0,0.0,0.0,0.0,0.0,0.0
2026-03-22T00:00:00,07:16:34,L01-AUTOBAN,SP330,75.5,SUL,-23.0643645,-46.9916115,TOMBAMENTO,TOMBAMENTO,NÃO INFORMADO,1,0,0,0,VINHEDO,CAMPINAS,CAMPINAS,ESTADUAL,0.0,0.0,0.0,0.0,1.0,0.0,0.0,0.0,0.0,0.0,0.0,0.0,0.0,0.0,0.0,0.0
2026-03-22T00:00:00,09:14:29,L01-AUTOBAN,SP330,120.4,SUL,-22.754229783432,-47.257537018268,CHOQUE,OUTROS/NÃO CLASSIFICADO,NÃO INFORMADO,0,0,0,0,AMERICANA,CAMPINAS,RIO CLARO,ESTADUAL,1.0,0.0,0.0,0.0,0.0,0.0,0.0,0.0,0.0,0.0,0.0,0.0,0.0,0.0,0.0,0.0
2026-03-22T00:00:00,16:18:06,L01-AUTOBAN,SP330,150.78,SUL,-22.524239125755,-47.3908535269,COLISÃO,COLISÃO-FRONTAL,NÃO INFORMADO,2,0,0,0,LIMEIRA,CAMPINAS,RIO CLARO,ESTADUAL,1.0,1.0,0.0,1.0,0.0,0.0,0.0,0.0,0.0,0.0,0.0,0.0,0.0,0.0,0.0,0.0
2026-03-22T00:00:00,19:14:02,L01-AUTOBAN,SPM330E,17.0,SUL,-23.48999344107,-46.767071485519,ATROPELAMENTO DE PEDESTRE,ATROP. PEDESTRE-OUTROS,NÃO INFORMADO,0,1,0,0,SÃO PAULO,REG. METROPOLITANA SÃO PAULO,SÃO PAULO,ESTADUAL,1.0,0.0,0.0,0.0,0.0,1.0,0.0,0.0,0.0,0.0,0.0,0.0,0.0,0.0,0.0,0.0
2026-03-22T00:00:00,20:05:09,L01-AUTOBAN,SP330,31.0,SUL,-23.40154396685,-46.836969852448,COLISÃO,COLISÃO-TRASEIRA,NÃO INFORMADO,1,0,0,0,CAJAMAR,REG. METROPOLITANA SÃO PAULO,SÃO PAULO,ESTADUAL,2.0,0.0,0.0,0.0,0.0,0.0,0.0,0.0,0.0,0.0,0.0,0.0,0.0,0.0,0.0,0.0
2026-03-23T00:00:00,06:19:50,L01-AUTOBAN,SPM330E,16.0,SUL,-23.494268736255,-46.758837103844,TOMBAMENTO,TOMBAMENTO-MOTO,NÃO INFORMADO,0,1,0,0,OSASCO,REG. METROPOLITANA SÃO PAULO,SÃO PAULO,ESTADUAL,0.0,0.0,1.0,0.0,0.0,0.0,0.0,0.0,0.0,0.0,0.0,0.0,0.0,0.0,0.0,0.0
2026-03-23T00:00:00,07:03:39,L01-AUTOBAN,SPM330E,95.0,SUL,-22.919909191683,-47.094150781631,COLISÃO,COLISÃO-FRONTAL,NÃO INFORMADO,0,0,0,0,CAMPINAS,CAMPINAS,CAMPINAS,ESTADUAL,1.0,0.0,2.0,0.0,0.0,0.0,0.0,0.0,0.0,0.0,0.0,0.0,0.0,0.0,0.0,0.0
2026-03-23T00:00:00,07:26:01,L01-AUTOBAN,SP330,112.0,SUL,-22.813845976757,-47.209303379059,COLISÃO,COLISÃO-LATERAL,NÃO INFORMADO,0,0,0,0,SUMARÉ,CAMPINAS,CAMPINAS,ESTADUAL,2.0,0.0,1.0,0.0,0.0,0.0,0.0,0.0,0.0,0.0,0.0,0.0,0.0,0.0,0.0,0.0
2026-03-23T00:00:00,07:46:48,L01-AUTOBAN,SP330,112.0,NORTE,-22.813712468257,-47.208970785141,COLISÃO,COLISÃO-TRASEIRA,NÃO INFORMADO,0,0,0,0,SUMARÉ,CAMPINAS,CAMPINAS,ESTADUAL,0.0,0.0,0.0,1.0,1.0,0.0,0.0,0.0,0.0,0.0,0.0,0.0,0.0,0.0,0.0,0.0
2026-03-23T00:00:00,07:51:49,L28-ENTREVIAS,SP330,320.6,SUL,-21.10114425085008,-47.78851655272587,COLISÃO,COLISÃO-TRASEIRA,IMPRUD. CONDUTOR-FALTA DE ATENÇÃO,0,0,0,0,RIBEIRÃO PRETO,RIBEIRÃO PRETO,RIBEIRÃO PRETO,ESTADUAL,0.0,0.0,0.0,0.0,0.0,0.0,0.0,0.0,0.0,0.0,2.0,0.0,0.0,0.0,0.0,0.0
2026-03-23T00:00:00,08:04:01,L29-VIAPAULISTA,SP330,316.664,SUL,-21.12694021,-47.77015701,ENGAVETAMENTO,ENGAVETAMENTO,IMPRUD. CONDUTOR-DIST. INADEQUADA ENTRE VEÍC.,0,0,0,0,RIBEIRÃO PRETO,RIBEIRÃO PRETO,RIBEIRÃO PRETO,ESTADUAL,2.0,0.0,0.0,2.0,0.0,0.0,0.0,0.0,0.0,0.0,0.0,0.0,0.0,0.0,0.0,0.0
2026-03-23T00:00:00,10:10:08,L06-INTERVIAS,SP330,196.0,NORTE,-22.12280598,-47.41053335,CAPOTAMENTO,CAPOTAMENTO,IMPRUD. CONDUTOR,0,0,0,0,LEME,CAMPINAS,RIO CLARO,ESTADUAL,1.0,0.0,0.0,0.0,0.0,0.0,0.0,0.0,0.0,0.0,0.0,0.0,0.0,0.0,0.0,0.0
2026-03-23T00:00:00,11:49:35,L28-ENTREVIAS,SP330,334.4,NORTE,-20.99401855121564,-47.85354272693428,CHOQUE,CHOQUE-TALUDE/BARRANCO,IMPRUD. CONDUTOR-PERDA DE CONTROLE,0,0,0,0,JARDINÓPOLIS,RIBEIRÃO PRETO,RIBEIRÃO PRETO,ESTADUAL,1.0,0.0,0.0,0.0,0.0,0.0,0.0,0.0,0.0,0.0,0.0,0.0,0.0,0.0,0.0,0.0
2026-03-23T00:00:00,13:16:15,L01-AUTOBAN,SP330,31.0,SUL,-23.40154396685,-46.836969852448,CHOQUE,CHOQUE-VEÍCULO PARADO NO ACOSTAMENTO,NÃO INFORMADO,0,0,0,1,CAJAMAR,REG. METROPOLITANA SÃO PAULO,SÃO PAULO,ESTADUAL,0.0,0.0,1.0,0.0,1.0,0.0,0.0,0.0,0.0,0.0,0.0,0.0,0.0,0.0,0.0,0.0
2026-03-23T00:00:00,13:57:55,L29-VIAPAULISTA,SPA307/330,2.327,OESTE,-21.19288169,-47.77685877,CHOQUE,CHOQUE-OBJETO NA PISTA,IMPRUD. CONDUTOR-PERDA DE CONTROLE,0,1,0,0,RIBEIRÃO PRETO,RIBEIRÃO PRETO,RIBEIRÃO PRETO,ESTADUAL,1.0,0.0,1.0,0.0,0.0,0.0,0.0,0.0,0.0,0.0,0.0,0.0,0.0,0.0,0.0,0.0
2026-03-23T00:00:00,16:12:31,L06-INTERVIAS,SP330,214.0,SUL,-21.96629338,-47.45680997,OBJETO LANÇADO CONTRA O VEÍCULO,OBJETO LANÇADO CONTRA O VEÍCULO,OBJETO LANÇADO,0,0,0,0,PIRASSUNUNGA,CAMPINAS,RIO CLARO,ESTADUAL,1.0,0.0,0.0,0.0,0.0,0.0,0.0,0.0,0.0,0.0,0.0,0.0,0.0,0.0,0.0,0.0
2026-03-24T00:00:00,01:37:46,L01-AUTOBAN,SP330,46.0,NORTE,-23.288228385438,-46.865943074226,TOMBAMENTO,TOMBAMENTO,NÃO INFORMADO,1,0,0,0,CAJAMAR,REG. METROPOLITANA SÃO PAULO,SÃO PAULO,ESTADUAL,1.0,0.0,0.0,0.0,0.0,0.0,0.0,0.0,0.0,0.0,0.0,0.0,0.0,0.0,0.0,0.0
2026-03-24T00:00:00,06:54:00,L28-ENTREVIAS,SP330,389.6,SUL,-20.51057631856097,-47.83634563338662,CHOQUE,CHOQUE-DEFENSA/BARREIRA,IMPRUD. CONDUTOR-FALTA DE ATENÇÃO,0,0,0,0,GUARÁ,FRANCA,RIBEIRÃO PRETO,ESTADUAL,0.0,0.0,0.0,0.0,1.0,0.0,0.0,0.0,0.0,0.0,0.0,0.0,0.0,0.0,0.0,0.0
2026-03-24T00:00:00,07:36:04,L01-AUTOBAN,SPM330D,103.5,NORTE,-22.859501054404,-47.143938539795,COLISÃO,COLISÃO-TRASEIRA,NÃO INFORMADO,1,0,0,0,CAMPINAS,CAMPINAS,CAMPINAS,ESTADUAL,1.0,0.0,0.0,1.0,0.0,0.0,0.0,0.0,0.0,0.0,0.0,0.0,0.0,0.0,0.0,0.0
2026-03-24T00:00:00,07:51:58,L29-VIAPAULISTA,SP330,312.554,SUL,-21.16113444,-47.75631524,COLISÃO,COLISÃO-TRASEIRA,IMPRUD. CONDUTOR-DIST. INADEQUADA ENTRE VEÍC.,0,0,0,0,RIBEIRÃO PRETO,RIBEIRÃO PRETO,RIBEIRÃO PRETO,ESTADUAL,2.0,0.0,0.0,0.0,0.0,0.0,0.0,0.0,0.0,0.0,0.0,0.0,0.0,0.0,0.0,0.0
2026-03-24T00:00:00,08:02:49,L29-VIAPAULISTA,SP330,311.19,SUL,-21.17411881,-47.75657882,COLISÃO,COLISÃO-TRASEIRA,IMPRUD. CONDUTOR-DIST. INADEQUADA ENTRE VEÍC.,0,0,0,0,RIBEIRÃO PRETO,RIBEIRÃO PRETO,RIBEIRÃO PRETO,ESTADUAL,1.0,1.0,0.0,0.0,0.0,0.0,0.0,0.0,0.0,0.0,0.0,0.0,0.0,0.0,0.0,0.0
2026-03-24T00:00:00,08:10:52,L01-AUTOBAN,SP330,153.0,NORTE,-22.505490050774,-47.398930191994,COLISÃO,COLISÃO-TRANSVERSAL,NÃO INFORMADO,0,0,0,0,CORDEIRÓPOLIS,CAMPINAS,RIO CLARO,ESTADUAL,1.0,0.0,0.0,0.0,1.0,0.0,0.0,0.0,0.0,0.0,0.0,0.0,0.0,0.0,0.0,0.0
2026-03-24T00:00:00,08:44:24,L28-ENTREVIAS,SP330,440.98,SUL,-20.05736446129254,-47.78809308818636,COLISÃO,COLISÃO-TRASEIRA,IMPRUD. CONDUTOR-FALTA DE ATENÇÃO,0,0,0,0,IGARAPAVA,FRANCA,RIBEIRÃO PRETO,ESTADUAL,0.0,0.0,0.0,0.0,1.0,0.0,0.0,0.0,0.0,0.0,1.0,0.0,0.0,0.0,0.0,0.0
2026-03-24T00:00:00,10:02:48,L29-VIAPAULISTA,SP330,264.3,SUL,-21.56112229,-47.63461185,QUEDA,QUEDA-OUTROS,IMPRUD. CONDUTOR-LEVOU FECHADA,0,0,0,0,SÃO SIMÃO,RIBEIRÃO PRETO,RIBEIRÃO PRETO,ESTADUAL,1.0,0.0,0.0,0.0,0.0,0.0,0.0,0.0,0.0,0.0,0.0,0.0,0.0,0.0,0.0,0.0
2026-03-24T00:00:00,10:28:27,L01-AUTOBAN,SP330,105.9,SUL,-22.84730993801,-47.163535248756,TOMBAMENTO,TOMBAMENTO-MOTO,NÃO INFORMADO,0,0,1,0,SUMARÉ,CAMPINAS,CAMPINAS,ESTADUAL,0.0,0.0,1.0,0.0,0.0,0.0,0.0,0.0,0.0,0.0,0.0,0.0,0.0,0.0,0.0,0.0
2026-03-24T00:00:00,12:35:55,L01-AUTOBAN,SPM330E,14.6,SUL,-23.502824762941,-46.752831103196,COLISÃO,COLISÃO-TRASEIRA,NÃO INFORMADO,1,0,0,0,SÃO PAULO,REG. METROPOLITANA SÃO PAULO,SÃO PAULO,ESTADUAL,0.0,0.0,1.0,1.0,0.0,0.0,0.0,0.0,0.0,0.0,0.0,0.0,0.0,0.0,0.0,0.0
2026-03-24T00:00:00,12:54:44,L01-AUTOBAN,SP330,122.4,SUL,-22.741672960304,-47.271716249134,COLISÃO,COLISÃO-TRASEIRA,NÃO INFORMADO,0,0,0,0,AMERICANA,CAMPINAS,RIO CLARO,ESTADUAL,1.0,0.0,1.0,0.0,1.0,0.0,0.0,0.0,0.0,0.0,0.0,0.0,0.0,0.0,0.0,0.0
2026-03-24T00:00:00,13:33:08,L01-AUTOBAN,SP330,17.5,NORTE,-23.486372309821,-46.768852472305,COLISÃO,COLISÃO-TRANSVERSAL,NÃO INFORMADO,2,0,0,0,OSASCO,REG. METROPOLITANA SÃO PAULO,SÃO PAULO,ESTADUAL,1.0,0.0,0.0,0.0,1.0,0.0,0.0,0.0,0.0,0.0,0.0,0.0,0.0,0.0,0.0,0.0
2026-03-24T00:00:00,16:53:53,L01-AUTOBAN,SPM330D,24.0,NORTE,-23.434539807835,-46.786286830902,TOMBAMENTO,TOMBAMENTO-MOTO,NÃO INFORMADO,0,0,0,0,SÃO PAULO,REG. METROPOLITANA SÃO PAULO,SÃO PAULO,ESTADUAL,0.0,0.0,1.0,0.0,0.0,0.0,1.0,0.0,0.0,0.0,0.0,0.0,0.0,0.0,0.0,0.0
2026-03-24T00:00:00,17:29:11,L01-AUTOBAN,SP330,154.2,NORTE,-22.495047599212,-47.399246693067,COLISÃO,COLISÃO-LATERAL,NÃO INFORMADO,0,0,0,0,CORDEIRÓPOLIS,CAMPINAS,RIO CLARO,ESTADUAL,1.0,0.0,1.0,0.0,0.0,0.0,0.0,0.0,0.0,0.0,0.0,0.0,0.0,0.0,0.0,0.0
2026-03-24T00:00:00,17:35:54,L01-AUTOBAN,SP330,33.0,NORTE,-23.38469091083,-46.838348507881,COLISÃO,COLISÃO-LATERAL,NÃO INFORMADO,0,0,0,0,CAJAMAR,REG. METROPOLITANA SÃO PAULO,SÃO PAULO,ESTADUAL,1.0,0.0,0.0,0.0,1.0,0.0,0.0,0.0,0.0,0.0,0.0,0.0,0.0,0.0,0.0,0.0
2026-03-24T00:00:00,19:30:31,L06-INTERVIAS,SP330,167.2,SUL,-22.37911434,-47.39463877,COLISÃO,COLISÃO-TRANSVERSAL,CICLISTA NA RODOVIA,0,0,0,1,ARARAS,CAMPINAS,RIO CLARO,ESTADUAL,1.0,0.0,0.0,0.0,0.0,1.0,0.0,0.0,0.0,0.0,0.0,0.0,0.0,0.0,0.0,0.0
2026-03-24T00:00:00,19:41:59,L01-AUTOBAN,SP330,32.7,NORTE,-23.387108631432,-46.837436057837,COLISÃO,COLISÃO-TRASEIRA,NÃO INFORMADO,0,0,0,0,CAJAMAR,REG. METROPOLITANA SÃO PAULO,SÃO PAULO,ESTADUAL,0.0,0.0,1.0,0.0,1.0,0.0,0.0,0.0,0.0,0.0,0.0,0.0,0.0,0.0,0.0,0.0
2026-03-24T00:00:00,19:46:20,L06-INTERVIAS,SP330,198.85,SUL,-22.09769348,-47.4163622,CHOQUE,CHOQUE-DEFENSA/BARREIRA,IMPRUD. CONDUTOR-PERDA DE CONTROLE,0,0,0,0,SANTA CRUZ DA CONCEIÇÃO,CAMPINAS,RIO CLARO,ESTADUAL,1.0,0.0,0.0,0.0,0.0,0.0,0.0,0.0,0.0,0.0,0.0,0.0,1.0,0.0,0.0,0.0
2026-03-24T00:00:00,19:49:12,L01-AUTOBAN,SP330,60.5,NORTE,-23.178147453711,-46.914896070957,COLISÃO,COLISÃO-LATERAL,NÃO INFORMADO,0,0,0,0,JUNDIAÍ,CAMPINAS,CAMPINAS,ESTADUAL,1.0,0.0,0.0,0.0,1.0,0.0,0.0,0.0,0.0,0.0,0.0,0.0,0.0,0.0,0.0,0.0
2026-03-24T00:00:00,20:20:38,L01-AUTOBAN,SP330,87.5,SUL,-22.974610144168,-47.048716858681,TOMBAMENTO,TOMBAMENTO-MOTO,NÃO INFORMADO,2,0,0,0,CAMPINAS,CAMPINAS,CAMPINAS,ESTADUAL,0.0,0.0,1.0,0.0,0.0,0.0,0.0,0.0,0.0,0.0,0.0,0.0,0.0,0.0,0.0,0.0
2026-03-24T00:00:00,22:04:11,L01-AUTOBAN,SP330,144.36,NORTE,-22.57501813199,-47.366413664386,ATROPELAMENTO DE PEDESTRE,ATROP. PEDESTRE-OUTROS,NÃO INFORMADO,1,0,0,1,LIMEIRA,CAMPINAS,RIO CLARO,ESTADUAL,0.0,0.0,0.0,1.0,0.0,0.0,0.0,1.0,0.0,0.0,0.0,0.0,0.0,0.0,0.0,0.0
2026-03-24T00:00:00,23:41:48,L28-ENTREVIAS,SP330,417.785,NORTE,-20.28120757833336,-47.79731786847458,COLISÃO,COLISÃO-TRASEIRA,IMPRUD. CONDUTOR-FALTA DE ATENÇÃO,0,0,0,0,ITUVERAVA,FRANCA,RIBEIRÃO PRETO,ESTADUAL,1.0,0.0,0.0,0.0,1.0,0.0,0.0,0.0,0.0,0.0,0.0,0.0,0.0,0.0,0.0,0.0
2026-03-25T00:00:00,00:22:04,L01-AUTOBAN,SPI102/330,1.0,SUL,-22.872591839682,-47.131857275963,ATROPELAMENTO DE ANIMAL,ATROP. ANIMAL-OUTROS,NÃO INFORMADO,0,0,0,0,CAMPINAS,CAMPINAS,CAMPINAS,ESTADUAL,1.0,0.0,0.0,0.0,0.0,0.0,0.0,0.0,0.0,0.0,0.0,0.0,0.0,0.0,0.0,0.0
2026-03-25T00:00:00,00:55:41,L01-AUTOBAN,SPI102/330,2.0,SUL,-22.881592055322,-47.130988240242,ATROPELAMENTO DE ANIMAL,ATROP. ANIMAL-OUTROS,NÃO INFORMADO,0,0,0,0,CAMPINAS,CAMPINAS,CAMPINAS,ESTADUAL,0.0,0.0,0.0,0.0,1.0,0.0,0.0,0.0,0.0,0.0,0.0,0.0,0.0,0.0,0.0,0.0
2026-03-25T00:00:00,03:19:53,L06-INTERVIAS,SP330,235.5,NORTE,-21.78751011,-47.52331048,CHOQUE,CHOQUE-DEFENSA/BARREIRA,IMPRUD. CONDUTOR-DORMIR AO VOLANTE,0,0,0,0,SANTA RITA DO PASSA QUATRO,CENTRAL,RIBEIRÃO PRETO,ESTADUAL,1.0,0.0,0.0,0.0,0.0,0.0,0.0,0.0,0.0,0.0,0.0,0.0,0.0,0.0,0.0,0.0
2026-03-25T00:00:00,05:19:38,L01-AUTOBAN,SP330,104.95,NORTE,-22.851967237345,-47.156332199713,COLISÃO,COLISÃO-TRASEIRA,NÃO INFORMADO,1,0,0,0,CAMPINAS,CAMPINAS,CAMPINAS,ESTADUAL,2.0,0.0,0.0,0.0,0.0,0.0,0.0,0.0,0.0,0.0,0.0,0.0,0.0,0.0,0.0,0.0
2026-03-25T00:00:00,07:41:52,L01-AUTOBAN,SP330,110.0,SUL,-22.82299346964,-47.19250202179,COLISÃO,COLISÃO-LATERAL,NÃO INFORMADO,3,0,0,0,SUMARÉ,CAMPINAS,CAMPINAS,ESTADUAL,0.0,0.0,2.0,0.0,0.0,0.0,0.0,0.0,0.0,0.0,0.0,0.0,0.0,0.0,0.0,0.0
2026-03-25T00:00:00,12:29:39,L01-AUTOBAN,SP330,82.0,SUL,-23.013551263743,-47.02328145504,TOMBAMENTO,TOMBAMENTO-MOTO,NÃO INFORMADO,1,0,0,0,VALINHOS,CAMPINAS,CAMPINAS,ESTADUAL,0.0,0.0,1.0,0.0,0.0,0.0,0.0,0.0,0.0,0.0,0.0,0.0,0.0,0.0,0.0,0.0
2026-03-25T00:00:00,13:45:13,L01-AUTOBAN,SP330,155.7,NORTE,-22.481336914821,-47.399060547696,COLISÃO,COLISÃO-TRASEIRA,NÃO INFORMADO,0,0,0,0,CORDEIRÓPOLIS,CAMPINAS,RIO CLARO,ESTADUAL,1.0,0.0,0.0,0.0,1.0,0.0,0.0,0.0,0.0,0.0,0.0,0.0,0.0,0.0,0.0,0.0
2026-03-25T00:00:00,14:16:24,L01-AUTOBAN,SP330,107.0,NORTE,-22.839452464188,-47.170829772949,ENGAVETAMENTO,ENGAVETAMENTO,NÃO INFORMADO,1,0,0,0,SUMARÉ,CAMPINAS,CAMPINAS,ESTADUAL,0.0,0.0,0.0,2.0,2.0,0.0,0.0,0.0,0.0,0.0,0.0,0.0,0.0,0.0,0.0,0.0
2026-03-25T00:00:00,14:46:24,L01-AUTOBAN,SP330,107.8,NORTE,-22.833958724325,-47.175902385989,COLISÃO,COLISÃO-TRASEIRA,NÃO INFORMADO,0,0,0,0,SUMARÉ,CAMPINAS,CAMPINAS,ESTADUAL,0.0,0.0,0.0,0.0,2.0,0.0,0.0,0.0,0.0,0.0,0.0,0.0,0.0,0.0,0.0,0.0
2026-03-25T00:00:00,16:48:14,L01-AUTOBAN,SPI102/330,4.0,SUL,-22.898790148724,-47.137060761452,COLISÃO,COLISÃO-TRASEIRA,NÃO INFORMADO,0,1,0,0,CAMPINAS,CAMPINAS,CAMPINAS,ESTADUAL,1.0,0.0,0.0,0.0,1.0,0.0,0.0,0.0,0.0,0.0,0.0,0.0,0.0,0.0,0.0,0.0
2026-03-25T00:00:00,18:53:12,L01-AUTOBAN,SP330,97.5,NORTE,-22.899976081768,-47.109273076057,COLISÃO,COLISÃO-LATERAL,NÃO INFORMADO,1,0,1,0,CAMPINAS,CAMPINAS,CAMPINAS,ESTADUAL,0.0,0.0,1.0,0.0,1.0,0.0,0.0,0.0,0.0,0.0,0.0,0.0,0.0,0.0,0.0,0.0
2026-03-25T00:00:00,19:19:44,L01-AUTOBAN,SP330,28.0,SUL,-23.411074865454,-46.811392307282,ENGAVETAMENTO,ENGAVETAMENTO,NÃO INFORMADO,1,0,0,0,SÃO PAULO,REG. METROPOLITANA SÃO PAULO,SÃO PAULO,ESTADUAL,2.0,0.0,0.0,0.0,0.0,0.0,1.0,0.0,0.0,0.0,0.0,0.0,0.0,0.0,0.0,0.0
2026-03-26T00:00:00,02:12:44,L06-INTERVIAS,SP330,205.0,NORTE,-22.0438679,-47.43069768,CHOQUE,CHOQUE-SINALIZAÇÃO/EQUIPAMENTO,IMPRUD. CONDUTOR-PERDA DE CONTROLE,0,0,0,0,PIRASSUNUNGA,CAMPINAS,RIO CLARO,ESTADUAL,1.0,0.0,0.0,0.0,0.0,0.0,0.0,0.0,0.0,0.0,0.0,0.0,0.0,0.0,0.0,0.0
2026-03-26T00:00:00,02:32:51,L29-VIAPAULISTA,SP330,250.742,SUL,-21.6778689,-47.60447787,CHOQUE,CHOQUE-DEFENSA/BARREIRA,IMPRUD. CONDUTOR-LEVOU FECHADA,0,0,0,0,SANTA RITA DO PASSA QUATRO,CENTRAL,RIBEIRÃO PRETO,ESTADUAL,0.0,0.0,0.0,1.0,0.0,0.0,0.0,0.0,0.0,0.0,0.0,0.0,0.0,0.0,0.0,0.0
2026-03-26T00:00:00,07:33:30,L01-AUTOBAN,SP330,18.0,NORTE,-23.482416628034,-46.770944595337,TOMBAMENTO,TOMBAMENTO-MOTO,NÃO INFORMADO,0,0,0,0,OSASCO,REG. METROPOLITANA SÃO PAULO,SÃO PAULO,ESTADUAL,0.0,0.0,1.0,0.0,0.0,0.0,0.0,0.0,0.0,0.0,0.0,0.0,0.0,0.0,0.0,0.0
2026-03-26T00:00:00,07:56:57,L01-AUTOBAN,SP330,52.8,NORTE,-23.232528056574,-46.872158009712,CHOQUE,CHOQUE-DEFENSA/BARREIRA,NÃO INFORMADO,1,0,0,0,JUNDIAÍ,CAMPINAS,CAMPINAS,ESTADUAL,0.0,0.0,0.0,1.0,0.0,0.0,0.0,0.0,0.0,0.0,0.0,0.0,0.0,0.0,0.0,0.0
2026-03-26T00:00:00,08:30:10,L06-INTERVIAS,SP330,233.0,NORTE,-21.80244316,-47.50512859,OBJETO LANÇADO CONTRA O VEÍCULO,OBJETO LANÇADO CONTRA O VEÍCULO,OBJETO LANÇADO,0,0,0,0,SANTA RITA DO PASSA QUATRO,CENTRAL,RIBEIRÃO PRETO,ESTADUAL,0.0,0.0,0.0,0.0,1.0,0.0,0.0,0.0,0.0,0.0,0.0,0.0,0.0,0.0,0.0,0.0
2026-03-26T00:00:00,10:19:47,L06-INTERVIAS,SP330,211.8,NORTE,-21.98507209,-47.45012943,COLISÃO,COLISÃO-TRASEIRA,IMPRUD. CONDUTOR,0,0,0,0,PIRASSUNUNGA,CAMPINAS,RIO CLARO,ESTADUAL,0.0,0.0,0.0,1.0,1.0,0.0,0.0,0.0,0.0,0.0,0.0,0.0,0.0,0.0,0.0,0.0
2026-03-26T00:00:00,11:19:00,L28-ENTREVIAS,SP330,390.0,SUL,-20.51662415254137,-47.83706353940512,COLISÃO,COLISÃO-LATERAL,IMPRUD. CONDUTOR-DORMIR AO VOLANTE,1,0,0,0,GUARÁ,FRANCA,RIBEIRÃO PRETO,ESTADUAL,0.0,0.0,1.0,0.0,1.0,0.0,0.0,0.0,0.0,0.0,0.0,0.0,0.0,0.0,0.0,0.0
2026-03-26T00:00:00,11:58:26,L01-AUTOBAN,SP330,107.0,SUL,-22.839867744999,-47.170851230621,TOMBAMENTO,TOMBAMENTO-MOTO,NÃO INFORMADO,1,0,0,0,SUMARÉ,CAMPINAS,CAMPINAS,ESTADUAL,0.0,0.0,1.0,0.0,0.0,0.0,0.0,0.0,0.0,0.0,0.0,0.0,0.0,0.0,0.0,0.0
2026-03-26T00:00:00,15:32:30,L06-INTERVIAS,SP330,180.3,NORTE,-22.26211537,-47.39042861,TOMBAMENTO,TOMBAMENTO,IMPRUD. CONDUTOR-DORMIR AO VOLANTE,1,0,0,0,ARARAS,CAMPINAS,RIO CLARO,ESTADUAL,0.0,0.0,0.0,0.0,0.0,0.0,0.0,0.0,0.0,0.0,1.0,0.0,0.0,0.0,0.0,0.0
2026-03-26T00:00:00,17:04:01,L29-VIAPAULISTA,SP330,312.2,NORTE,-21.16351382,-47.75613744,TOMBAMENTO,TOMBAMENTO,IMPRUD. CONDUTOR-LEVOU FECHADA,1,0,0,0,RIBEIRÃO PRETO,RIBEIRÃO PRETO,RIBEIRÃO PRETO,ESTADUAL,0.0,0.0,1.0,1.0,0.0,0.0,0.0,0.0,0.0,0.0,0.0,0.0,0.0,0.0,0.0,0.0
2026-03-26T00:00:00,18:39:42,L29-VIAPAULISTA,SP330,308.8,NORTE,-21.19410328,-47.7576222,COLISÃO,COLISÃO-TRASEIRA,IMPRUD. CONDUTOR,0,0,0,0,RIBEIRÃO PRETO,RIBEIRÃO PRETO,RIBEIRÃO PRETO,ESTADUAL,0.0,1.0,0.0,1.0,0.0,0.0,0.0,0.0,0.0,0.0,0.0,0.0,0.0,0.0,0.0,0.0
2026-03-26T00:00:00,18:46:12,L01-AUTOBAN,SP330,53.0,NORTE,-23.230639,-46.87295,CHOQUE,CHOQUE-TALUDE/BARRANCO,NÃO INFORMADO,0,0,0,0,JUNDIAÍ,CAMPINAS,CAMPINAS,ESTADUAL,1.0,0.0,0.0,0.0,0.0,0.0,0.0,0.0,0.0,0.0,0.0,0.0,0.0,0.0,0.0,0.0
2026-03-26T00:00:00,18:53:38,L01-AUTOBAN,SP330,105.0,NORTE,-22.8517126019,-47.156737446785,COLISÃO,COLISÃO-LATERAL,NÃO INFORMADO,0,0,0,0,CAMPINAS,CAMPINAS,CAMPINAS,ESTADUAL,1.0,0.0,0.0,0.0,1.0,0.0,0.0,0.0,0.0,0.0,0.0,0.0,0.0,0.0,0.0,0.0
2026-03-26T00:00:00,18:59:30,L29-VIAPAULISTA,SP330,308.4,NORTE,-21.19776136,-47.75781411,ENGAVETAMENTO,ENGAVETAMENTO,IMPRUD. CONDUTOR,0,1,0,0,RIBEIRÃO PRETO,RIBEIRÃO PRETO,RIBEIRÃO PRETO,ESTADUAL,2.0,0.0,0.0,1.0,0.0,0.0,0.0,0.0,0.0,0.0,0.0,0.0,0.0,0.0,0.0,0.0
2026-03-26T00:00:00,23:38:10,L06-INTERVIAS,SP330,163.4,SUL,-22.41260494,-47.39034844,TOMBAMENTO,TOMBAMENTO,IMPRUD. CONDUTOR-DESRESPEITO À SINALIZAÇÃO,1,0,0,0,ARARAS,CAMPINAS,RIO CLARO,ESTADUAL,0.0,0.0,1.0,0.0,0.0,0.0,0.0,0.0,0.0,0.0,0.0,0.0,0.0,0.0,0.0,0.0
2026-03-27T00:00:00,08:06:05,L01-AUTOBAN,SP330,109.0,SUL,-22.827506,-47.184259,COLISÃO,COLISÃO-LATERAL,NÃO INFORMADO,1,0,0,0,SUMARÉ,CAMPINAS,CAMPINAS,ESTADUAL,1.0,0.0,1.0,0.0,0.0,0.0,0.0,0.0,0.0,0.0,0.0,0.0,0.0,0.0,0.0,0.0
2026-03-27T00:00:00,08:24:35,L01-AUTOBAN,SP330,21.0,SUL,-23.460992556264,-46.781448125839,COLISÃO,COLISÃO-TRASEIRA,NÃO INFORMADO,0,0,0,0,SÃO PAULO,REG. METROPOLITANA SÃO PAULO,SÃO PAULO,ESTADUAL,1.0,0.0,1.0,0.0,0.0,0.0,0.0,0.0,0.0,0.0,0.0,0.0,0.0,0.0,0.0,0.0
2026-03-27T00:00:00,08:34:04,L01-AUTOBAN,SP330,74.7,NORTE,-23.070334520279,-46.986866184601,TOMBAMENTO,TOMBAMENTO-MOTO,NÃO INFORMADO,1,0,0,0,VINHEDO,CAMPINAS,CAMPINAS,ESTADUAL,0.0,0.0,1.0,0.0,0.0,0.0,0.0,0.0,0.0,0.0,0.0,0.0,0.0,0.0,0.0,0.0
2026-03-27T00:00:00,08:42:45,L01-AUTOBAN,SP330,157.3,NORTE,-22.46683167554,-47.398870110119,CHOQUE,CHOQUE-VEÍCULO PARADO NO ACOSTAMENTO,NÃO INFORMADO,0,1,0,0,CORDEIRÓPOLIS,CAMPINAS,RIO CLARO,ESTADUAL,0.0,0.0,0.0,1.0,1.0,0.0,0.0,0.0,0.0,0.0,0.0,0.0,0.0,0.0,0.0,0.0
2026-03-27T00:00:00,09:50:00,L28-ENTREVIAS,SP330,321.6,SUL,-21.10114425085008,-47.78851655272587,CAPOTAMENTO,CAPOTAMENTO,IMPRUD. CONDUTOR-PERDA DE CONTROLE,0,0,0,0,RIBEIRÃO PRETO,RIBEIRÃO PRETO,RIBEIRÃO PRETO,ESTADUAL,0.0,0.0,0.0,0.0,0.0,0.0,0.0,0.0,0.0,0.0,1.0,0.0,0.0,0.0,0.0,0.0
2026-03-27T00:00:00,10:10:50,L06-INTERVIAS,SP330,218.0,SUL,-21.93191312,-47.46854035,CHOQUE,CHOQUE-OUTROS,OBJETO NA PISTA,0,0,0,0,PIRASSUNUNGA,CAMPINAS,RIO CLARO,ESTADUAL,1.0,0.0,0.0,0.0,0.0,0.0,0.0,0.0,0.0,0.0,0.0,0.0,0.0,0.0,0.0,0.0
2026-03-27T00:00:00,12:50:21,L06-INTERVIAS,SP330,191.6,SUL,-22.16064666,-47.3999319,COLISÃO,COLISÃO-TRASEIRA,IMPRUD. CONDUTOR,0,0,0,0,LEME,CAMPINAS,RIO CLARO,ESTADUAL,1.0,0.0,0.0,0.0,1.0,0.0,0.0,0.0,0.0,0.0,0.0,0.0,0.0,0.0,0.0,0.0
2026-03-27T00:00:00,12:56:38,L01-AUTOBAN,SP330,102.0,SUL,-22.868355,-47.132428,CHOQUE,CHOQUE-DEFENSA/BARREIRA,NÃO INFORMADO,1,0,0,0,CAMPINAS,CAMPINAS,CAMPINAS,ESTADUAL,1.0,0.0,0.0,0.0,0.0,0.0,0.0,0.0,0.0,0.0,0.0,0.0,0.0,0.0,0.0,0.0
2026-03-27T00:00:00,14:24:06,L06-INTERVIAS,SP330,203.0,NORTE,-22.06142044,-47.42628378,CHOQUE,CHOQUE-ELEMENTO DE DRENAGEM,IMPRUD. CONDUTOR-PERDA DE CONTROLE,0,0,0,0,PIRASSUNUNGA,CAMPINAS,RIO CLARO,ESTADUAL,1.0,0.0,0.0,0.0,0.0,0.0,0.0,0.0,0.0,0.0,0.0,0.0,0.0,0.0,0.0,0.0
2026-03-27T00:00:00,14:36:40,L28-ENTREVIAS,SP330,341.5,SUL,-20.947011847237,-47.87714536261962,COLISÃO,COLISÃO-LATERAL,IMPRUD. CONDUTOR-PERDA DE CONTROLE,1,0,0,0,JARDINÓPOLIS,RIBEIRÃO PRETO,RIBEIRÃO PRETO,ESTADUAL,0.0,0.0,0.0,0.0,2.0,0.0,0.0,0.0,0.0,0.0,0.0,0.0,0.0,0.0,0.0,0.0
2026-03-27T00:00:00,16:20:10,L01-AUTOBAN,SPM330E,99.0,SUL,-22.887972406914,-47.113489508629,COLISÃO,COLISÃO-TRASEIRA,NÃO INFORMADO,1,0,0,0,CAMPINAS,CAMPINAS,CAMPINAS,ESTADUAL,2.0,0.0,0.0,0.0,0.0,0.0,0.0,0.0,0.0,0.0,0.0,0.0,0.0,0.0,0.0,0.0
2026-03-27T00:00:00,16:29:10,L06-INTERVIAS,SP330,231.44,SUL,-21.81470339,-47.49823918,COLISÃO,COLISÃO-FRONTAL,PANE MECÂNICA/ELÉTRICA,1,0,0,0,PORTO FERREIRA,CENTRAL,RIO CLARO,ESTADUAL,0.0,0.0,0.0,1.0,1.0,0.0,0.0,0.0,0.0,0.0,0.0,1.0,0.0,0.0,0.0,0.0
2026-03-27T00:00:00,16:32:39,L06-INTERVIAS,SP330,176.5,NORTE,-22.30020625,-47.39194026,COLISÃO,COLISÃO-LATERAL,IMPRUD. CONDUTOR,0,0,1,0,ARARAS,CAMPINAS,RIO CLARO,ESTADUAL,1.0,0.0,0.0,0.0,1.0,0.0,0.0,0.0,0.0,0.0,0.0,0.0,0.0,0.0,0.0,0.0
2026-03-27T00:00:00,17:10:43,L01-AUTOBAN,SP330,17.8,NORTE,-23.483998906785,-46.770107742932,TOMBAMENTO,TOMBAMENTO-MOTO,NÃO INFORMADO,1,0,0,0,OSASCO,REG. METROPOLITANA SÃO PAULO,SÃO PAULO,ESTADUAL,0.0,0.0,1.0,0.0,0.0,0.0,0.0,0.0,0.0,0.0,0.0,0.0,0.0,0.0,0.0,0.0
2026-03-27T00:00:00,17:40:57,L01-AUTOBAN,SP330,106.5,NORTE,-22.842979732094,-47.167442386475,ENGAVETAMENTO,ENGAVETAMENTO,NÃO INFORMADO,0,0,0,0,SUMARÉ,CAMPINAS,CAMPINAS,ESTADUAL,3.0,0.0,0.0,0.0,0.0,0.0,0.0,0.0,0.0,0.0,0.0,0.0,0.0,0.0,0.0,0.0
2026-03-27T00:00:00,17:56:51,L01-AUTOBAN,SPM330D,55.0,NORTE,-23.216200395138,-46.883779764175,COLISÃO,COLISÃO-TRASEIRA,NÃO INFORMADO,0,0,0,0,JUNDIAÍ,CAMPINAS,CAMPINAS,ESTADUAL,1.0,1.0,0.0,0.0,0.0,0.0,0.0,0.0,0.0,0.0,0.0,0.0,0.0,0.0,0.0,0.0
2026-03-27T00:00:00,18:11:51,L06-INTERVIAS,SP330,176.0,NORTE,-22.30065587,-47.39189332,COLISÃO,COLISÃO-TRASEIRA,IMPRUD. CONDUTOR,0,0,0,0,ARARAS,CAMPINAS,RIO CLARO,ESTADUAL,1.0,0.0,0.0,1.0,0.0,0.0,0.0,0.0,0.0,0.0,0.0,0.0,0.0,0.0,0.0,0.0
2026-03-27T00:00:00,19:07:44,L01-AUTOBAN,SP330,98.0,SUL,-22.896245165998,-47.110952138901,COLISÃO,COLISÃO-TRASEIRA,NÃO INFORMADO,1,0,0,0,CAMPINAS,CAMPINAS,CAMPINAS,ESTADUAL,1.0,0.0,0.0,1.0,0.0,0.0,0.0,0.0,0.0,0.0,0.0,0.0,0.0,0.0,0.0,0.0
2026-03-27T00:00:00,20:51:05,L01-AUTOBAN,SP330,140.0,SUL,-22.610891090792,-47.356712222099,CHOQUE,CHOQUE-DEFENSA/BARREIRA,NÃO INFORMADO,1,0,0,0,LIMEIRA,CAMPINAS,RIO CLARO,ESTADUAL,1.0,0.0,0.0,0.0,0.0,0.0,0.0,0.0,0.0,0.0,0.0,0.0,0.0,0.0,0.0,0.0
2026-03-27T00:00:00,22:47:35,L01-AUTOBAN,SP330,103.0,SUL,-22.862525,-47.139454,TOMBAMENTO,TOMBAMENTO,NÃO INFORMADO,1,0,0,0,CAMPINAS,CAMPINAS,CAMPINAS,ESTADUAL,1.0,0.0,0.0,0.0,0.0,0.0,0.0,0.0,0.0,0.0,0.0,0.0,0.0,0.0,0.0,0.0
2026-03-27T00:00:00,23:21:02,L01-AUTOBAN,SP330,53.0,SUL,-23.230945296234,-46.87306702137,COLISÃO,COLISÃO-TRASEIRA,NÃO INFORMADO,0,0,0,0,JUNDIAÍ,CAMPINAS,CAMPINAS,ESTADUAL,2.0,0.0,0.0,0.0,0.0,0.0,0.0,0.0,0.0,0.0,0.0,0.0,0.0,0.0,0.0,0.0
2026-03-28T00:00:00,01:10:17,L29-VIAPAULISTA,SP330,317.695,NORTE,-21.11857721,-47.7759293,CHOQUE,CHOQUE-MEIO FIO,PANE MECÂNICA/ELÉTRICA,0,0,0,0,RIBEIRÃO PRETO,RIBEIRÃO PRETO,RIBEIRÃO PRETO,ESTADUAL,1.0,0.0,0.0,0.0,0.0,0.0,0.0,0.0,0.0,0.0,0.0,0.0,0.0,0.0,0.0,0.0
2026-03-28T00:00:00,05:07:28,L06-INTERVIAS,SP330,238.1,NORTE,-21.77244335,-47.54258437,COLISÃO,COLISÃO-TRASEIRA,NÃO INFORMADO,1,0,0,0,SANTA RITA DO PASSA QUATRO,CENTRAL,RIBEIRÃO PRETO,ESTADUAL,0.0,1.0,0.0,0.0,1.0,0.0,0.0,0.0,0.0,0.0,0.0,0.0,0.0,0.0,0.0,0.0
2026-03-28T00:00:00,09:17:41,L01-AUTOBAN,SP330,30.8,NORTE,-23.402157386035,-46.835229629153,TOMBAMENTO,TOMBAMENTO-MOTO,NÃO INFORMADO,0,1,0,0,CAJAMAR,REG. METROPOLITANA SÃO PAULO,SÃO PAULO,ESTADUAL,0.0,0.0,1.0,0.0,0.0,0.0,0.0,0.0,0.0,0.0,0.0,0.0,0.0,0.0,0.0,0.0
2026-03-28T00:00:00,09:46:10,L28-ENTREVIAS,SP330,338.0,NORTE,-20.9625790603085,-47.86931622445803,CHOQUE,CHOQUE-SINALIZAÇÃO/EQUIPAMENTO,IMPRUD. CONDUTOR-DORMIR AO VOLANTE,0,0,0,0,JARDINÓPOLIS,RIBEIRÃO PRETO,RIBEIRÃO PRETO,ESTADUAL,0.0,0.0,0.0,0.0,1.0,0.0,0.0,0.0,0.0,0.0,0.0,0.0,0.0,0.0,0.0,0.0
2026-03-28T00:00:00,11:52:51,L29-VIAPAULISTA,SP330,308.381,NORTE,-21.19793243,-47.75782309,COLISÃO,COLISÃO-TRASEIRA,IMPRUD. CONDUTOR-DIST. INADEQUADA ENTRE VEÍC.,0,1,0,0,RIBEIRÃO PRETO,RIBEIRÃO PRETO,RIBEIRÃO PRETO,ESTADUAL,1.0,0.0,1.0,0.0,0.0,0.0,0.0,0.0,0.0,0.0,0.0,0.0,0.0,0.0,0.0,0.0
2026-03-28T00:00:00,14:11:31,L01-AUTOBAN,SP330,103.0,SUL,-22.862525,-47.139454,COLISÃO,COLISÃO-LATERAL,NÃO INFORMADO,1,0,0,0,CAMPINAS,CAMPINAS,CAMPINAS,ESTADUAL,1.0,0.0,0.0,0.0,1.0,0.0,0.0,0.0,0.0,0.0,0.0,0.0,0.0,0.0,0.0,0.0
2026-03-28T00:00:00,14:22:37,L01-AUTOBAN,SP330,16.5,NORTE,-23.492209809137,-46.762779951096,COLISÃO,COLISÃO-TRASEIRA,NÃO INFORMADO,3,0,0,0,OSASCO,REG. METROPOLITANA SÃO PAULO,SÃO PAULO,ESTADUAL,1.0,0.0,0.0,0.0,1.0,0.0,0.0,0.0,0.0,0.0,0.0,0.0,0.0,0.0,0.0,0.0
2026-03-28T00:00:00,15:44:42,L01-AUTOBAN,SP330,103.0,SUL,-22.862525,-47.139454,COLISÃO,COLISÃO-LATERAL,NÃO INFORMADO,0,0,0,0,CAMPINAS,CAMPINAS,CAMPINAS,ESTADUAL,2.0,0.0,0.0,0.0,1.0,0.0,0.0,0.0,0.0,0.0,0.0,0.0,0.0,0.0,0.0,0.0
2026-03-28T00:00:00,18:16:09,L01-AUTOBAN,SP330,21.8,SUL,-23.454626631212,-46.78560661873,COLISÃO,COLISÃO-LATERAL,NÃO INFORMADO,2,0,0,0,SÃO PAULO,REG. METROPOLITANA SÃO PAULO,SÃO PAULO,ESTADUAL,1.0,0.0,1.0,0.0,0.0,0.0,0.0,0.0,0.0,0.0,0.0,0.0,0.0,0.0,0.0,0.0
2026-03-28T00:00:00,19:58:25,L29-VIAPAULISTA,SP330,295.847,SUL,-21.30804891,-47.73886324,ATROPELAMENTO DE ANIMAL,ATROP. ANIMAL-OUTROS,ANIMAL NA RODOVIA,0,0,0,0,CRAVINHOS,RIBEIRÃO PRETO,RIBEIRÃO PRETO,ESTADUAL,1.0,0.0,0.0,0.0,0.0,0.0,0.0,0.0,0.0,0.0,0.0,0.0,0.0,0.0,0.0,0.0
2026-03-28T00:00:00,21:02:51,L01-AUTOBAN,SPI102/330,5.0,NORTE,-22.906904124332,-47.13676571846,TOMBAMENTO,TOMBAMENTO-MOTO,NÃO INFORMADO,1,0,0,0,CAMPINAS,CAMPINAS,CAMPINAS,ESTADUAL,0.0,0.0,1.0,0.0,0.0,0.0,0.0,0.0,0.0,0.0,0.0,0.0,0.0,0.0,0.0,0.0
2026-03-28T00:00:00,21:07:21,L01-AUTOBAN,SP330,62.98,NORTE,-23.160811306703,-46.931724953802,COLISÃO,COLISÃO-FRONTAL,NÃO INFORMADO,1,0,1,0,JUNDIAÍ,CAMPINAS,CAMPINAS,ESTADUAL,3.0,0.0,0.0,0.0,0.0,0.0,0.0,0.0,0.0,0.0,0.0,0.0,0.0,0.0,0.0,0.0
2026-03-28T00:00:00,21:22:35,L28-ENTREVIAS,SP330,323.9,SUL,-21.08032000583904,-47.80358324092249,COLISÃO,COLISÃO-TRASEIRA,IMPRUD. CONDUTOR-EMBRIAGUEZ,0,1,0,0,RIBEIRÃO PRETO,RIBEIRÃO PRETO,RIBEIRÃO PRETO,ESTADUAL,0.0,1.0,1.0,0.0,0.0,0.0,0.0,0.0,0.0,0.0,0.0,0.0,0.0,0.0,0.0,0.0
2026-03-28T00:00:00,22:00:24,L01-AUTOBAN,SP330,103.0,SUL,-22.862525,-47.139454,COLISÃO,COLISÃO-TRASEIRA,NÃO INFORMADO,0,0,0,0,CAMPINAS,CAMPINAS,CAMPINAS,ESTADUAL,2.0,0.0,0.0,0.0,0.0,0.0,0.0,0.0,0.0,0.0,0.0,0.0,0.0,0.0,0.0,0.0
2026-03-28T00:00:00,23:07:23,L01-AUTOBAN,SP330,17.8,NORTE,-23.483998906785,-46.770107742932,COLISÃO,COLISÃO-TRASEIRA,NÃO INFORMADO,0,1,0,0,OSASCO,REG. METROPOLITANA SÃO PAULO,SÃO PAULO,ESTADUAL,1.0,0.0,1.0,0.0,0.0,0.0,0.0,0.0,0.0,0.0,0.0,0.0,0.0,0.0,0.0,0.0
2026-03-28T00:00:00,23:18:30,L01-AUTOBAN,SP330,63.0,NORTE,-23.160652,-46.931831,COLISÃO,COLISÃO-LATERAL,NÃO INFORMADO,0,0,0,0,JUNDIAÍ,CAMPINAS,CAMPINAS,ESTADUAL,1.0,0.0,0.0,0.0,1.0,0.0,0.0,0.0,0.0,0.0,0.0,0.0,0.0,0.0,0.0,0.0
2026-03-29T00:00:00,05:07:35,L29-VIAPAULISTA,SPA241/330,0.53,OESTE,-21.75561966,-47.56346362,TOMBAMENTO,TOMBAMENTO,IMPRUD. CONDUTOR-PERDA DE CONTROLE,0,1,0,0,SANTA RITA DO PASSA QUATRO,CENTRAL,RIBEIRÃO PRETO,ESTADUAL,0.0,0.0,1.0,0.0,0.0,0.0,0.0,0.0,0.0,0.0,0.0,0.0,0.0,0.0,0.0,0.0
2026-03-29T00:00:00,05:25:16,L01-AUTOBAN,SPM330D,103.0,NORTE,-22.862197108808,-47.13924407959,COLISÃO,COLISÃO-LATERAL,NÃO INFORMADO,0,0,0,0,CAMPINAS,CAMPINAS,CAMPINAS,ESTADUAL,1.0,0.0,0.0,0.0,0.0,0.0,0.0,0.0,0.0,0.0,0.0,0.0,0.0,0.0,0.0,0.0
2026-03-29T00:00:00,11:17:03,L01-AUTOBAN,SP330,26.0,NORTE,-23.420506628573,-46.794564127922,CHOQUE,CHOQUE-OBJETO NA PISTA,NÃO INFORMADO,1,0,0,0,SÃO PAULO,REG. METROPOLITANA SÃO PAULO,SÃO PAULO,ESTADUAL,1.0,0.0,0.0,0.0,1.0,0.0,0.0,0.0,0.0,0.0,0.0,0.0,0.0,0.0,0.0,0.0
2026-03-29T00:00:00,12:18:34,L01-AUTOBAN,SP330,16.1,SUL,-23.493841205106,-46.759660545152,TOMBAMENTO,TOMBAMENTO-MOTO,NÃO INFORMADO,2,0,0,0,OSASCO,REG. METROPOLITANA SÃO PAULO,SÃO PAULO,ESTADUAL,0.0,0.0,1.0,0.0,0.0,0.0,0.0,0.0,0.0,0.0,0.0,0.0,0.0,0.0,0.0,0.0
2026-03-29T00:00:00,13:31:46,L01-AUTOBAN,SPM330E,105.0,SUL,-22.852088298342,-47.156785726547,TOMBAMENTO,TOMBAMENTO-MOTO,NÃO INFORMADO,1,0,0,0,CAMPINAS,CAMPINAS,CAMPINAS,ESTADUAL,0.0,0.0,1.0,0.0,0.0,0.0,0.0,0.0,0.0,0.0,0.0,0.0,0.0,0.0,0.0,0.0
2026-03-29T00:00:00,15:13:53,L01-AUTOBAN,SP330,128.0,SUL,-22.704166761068,-47.303599119186,COLISÃO,COLISÃO-TRASEIRA,NÃO INFORMADO,0,0,1,0,AMERICANA,CAMPINAS,RIO CLARO,ESTADUAL,1.0,0.0,1.0,0.0,0.0,0.0,0.0,0.0,0.0,0.0,0.0,0.0,0.0,0.0,0.0,0.0
2026-03-29T00:00:00,16:56:21,L01-AUTOBAN,SP330,26.0,NORTE,-23.420506628573,-46.794564127922,CHOQUE,CHOQUE-DEFENSA/BARREIRA,NÃO INFORMADO,0,0,0,0,SÃO PAULO,REG. METROPOLITANA SÃO PAULO,SÃO PAULO,ESTADUAL,1.0,0.0,0.0,0.0,0.0,0.0,0.0,0.0,0.0,0.0,0.0,0.0,0.0,0.0,0.0,0.0
2026-03-29T00:00:00,18:30:55,L01-AUTOBAN,SP330,55.8,SUL,-23.212088676027,-46.890250319273,COLISÃO,COLISÃO-TRASEIRA,NÃO INFORMADO,0,1,0,0,JUNDIAÍ,CAMPINAS,CAMPINAS,ESTADUAL,2.0,0.0,0.0,0.0,0.0,0.0,0.0,0.0,0.0,0.0,0.0,0.0,0.0,0.0,0.0,0.0
2026-03-29T00:00:00,19:00:32,L01-AUTOBAN,SPM330D,57.85,NORTE,-23.198257066208,-46.903013341507,CHOQUE,OUTROS/NÃO CLASSIFICADO,NÃO INFORMADO,1,0,0,0,JUNDIAÍ,CAMPINAS,CAMPINAS,ESTADUAL,1.0,0.0,0.0,0.0,0.0,0.0,0.0,0.0,0.0,0.0,0.0,0.0,0.0,0.0,0.0,0.0
2026-03-29T00:00:00,21:28:01,L06-INTERVIAS,SP330,168.5,NORTE,-22.36742992,-47.39447558,COLISÃO,COLISÃO-LATERAL,IMPRUD. CONDUTOR-MUDANÇA DE FAIXA,0,0,0,0,ARARAS,CAMPINAS,RIO CLARO,ESTADUAL,1.0,0.0,0.0,0.0,1.0,0.0,0.0,0.0,0.0,0.0,0.0,0.0,0.0,0.0,0.0,0.0
2026-03-30T00:00:00,01:03:41,L01-AUTOBAN,SP330,61.6,NORTE,-23.171288150042,-46.923250066648,COLISÃO,COLISÃO-TRASEIRA,NÃO INFORMADO,0,0,0,0,JUNDIAÍ,CAMPINAS,CAMPINAS,ESTADUAL,1.0,1.0,0.0,0.0,0.0,0.0,0.0,0.0,0.0,0.0,0.0,0.0,0.0,0.0,0.0,0.0
2026-03-30T00:00:00,03:37:27,L29-VIAPAULISTA,SP330,244.482,SUL,-21.73129435,-47.58498997,ATROPELAMENTO DE ANIMAL,ATROP. ANIMAL-OUTROS,ANIMAL NA RODOVIA,0,0,0,0,SANTA RITA DO PASSA QUATRO,CENTRAL,RIBEIRÃO PRETO,ESTADUAL,0.0,0.0,0.0,1.0,0.0,0.0,0.0,0.0,0.0,0.0,0.0,0.0,0.0,0.0,0.0,0.0
2026-03-30T00:00:00,04:01:10,L29-VIAPAULISTA,SP330,255.816,SUL,-21.63307389,-47.61329849,TOMBAMENTO,TOMBAMENTO,IMPRUD. CONDUTOR-LEVOU FECHADA,1,0,0,0,SANTA RITA DO PASSA QUATRO,CENTRAL,RIBEIRÃO PRETO,ESTADUAL,0.0,0.0,1.0,0.0,0.0,0.0,0.0,0.0,0.0,0.0,0.0,0.0,0.0,0.0,0.0,0.0
2026-03-30T00:00:00,05:38:33,L29-VIAPAULISTA,SP330,275.508,NORTE,-21.45914843,-47.64399367,COLISÃO,COLISÃO-TRASEIRA,IMPRUD. CONDUTOR-PERDA DE CONTROLE,0,0,1,0,SÃO SIMÃO,RIBEIRÃO PRETO,RIBEIRÃO PRETO,ESTADUAL,0.0,0.0,0.0,1.0,1.0,0.0,0.0,0.0,0.0,0.0,0.0,0.0,0.0,0.0,0.0,0.0
2026-03-30T00:00:00,07:19:11,L01-AUTOBAN,SP330,85.0,NORTE,-22.989552991983,-47.038865089417,COLISÃO,COLISÃO-TRASEIRA,NÃO INFORMADO,0,0,0,0,VALINHOS,CAMPINAS,CAMPINAS,ESTADUAL,2.0,0.0,0.0,0.0,0.0,0.0,0.0,0.0,0.0,0.0,0.0,0.0,0.0,0.0,0.0,0.0
2026-03-30T00:00:00,07:20:58,L29-VIAPAULISTA,SP330,314.334,SUL,-21.14517259,-47.75949255,TOMBAMENTO,TOMBAMENTO,ESTOURO/FURO DE PNEU,0,0,0,0,RIBEIRÃO PRETO,RIBEIRÃO PRETO,RIBEIRÃO PRETO,ESTADUAL,0.0,0.0,1.0,0.0,0.0,0.0,0.0,0.0,0.0,0.0,0.0,0.0,0.0,0.0,0.0,0.0
2026-03-30T00:00:00,07:29:17,L01-AUTOBAN,SP330,64.0,NORTE,-23.153219241232,-46.935594677925,ENGAVETAMENTO,ENGAVETAMENTO,NÃO INFORMADO,1,0,0,0,JUNDIAÍ,CAMPINAS,CAMPINAS,ESTADUAL,3.0,0.0,0.0,1.0,0.0,0.0,0.0,0.0,0.0,0.0,0.0,0.0,0.0,0.0,0.0,0.0
2026-03-30T00:00:00,07:51:10,L29-VIAPAULISTA,SP330,309.59,SUL,-21.1866962,-47.75736627,ENGAVETAMENTO,ENGAVETAMENTO,IMPRUD. CONDUTOR-DIST. INADEQUADA ENTRE VEÍC.,0,0,0,0,RIBEIRÃO PRETO,RIBEIRÃO PRETO,RIBEIRÃO PRETO,ESTADUAL,2.0,0.0,0.0,1.0,0.0,0.0,0.0,0.0,0.0,0.0,0.0,0.0,0.0,0.0,0.0,0.0
2026-03-30T00:00:00,08:48:34,L01-AUTOBAN,SP330,136.3,NORTE,-22.635820081713,-47.332010706223,CHOQUE,CHOQUE-SINALIZAÇÃO/EQUIPAMENTO,NÃO INFORMADO,0,0,0,0,LIMEIRA,CAMPINAS,RIO CLARO,ESTADUAL,0.0,0.0,0.0,1.0,1.0,0.0,0.0,0.0,0.0,0.0,0.0,0.0,0.0,0.0,0.0,0.0
2026-03-30T00:00:00,09:27:13,L01-AUTOBAN,SP330,15.8,SUL,-23.495398275827,-46.75800883849,ENGAVETAMENTO,ENGAVETAMENTO,NÃO INFORMADO,0,0,0,0,SÃO PAULO,REG. METROPOLITANA SÃO PAULO,SÃO PAULO,ESTADUAL,2.0,0.0,0.0,0.0,1.0,0.0,0.0,0.0,0.0,0.0,0.0,0.0,0.0,0.0,0.0,0.0
2026-03-30T00:00:00,10:39:42,L01-AUTOBAN,SPM330D,53.0,NORTE,-23.230639,-46.87295,COLISÃO,COLISÃO-TRANSVERSAL,NÃO INFORMADO,3,0,0,0,JUNDIAÍ,CAMPINAS,CAMPINAS,ESTADUAL,2.0,0.0,0.0,1.0,0.0,0.0,0.0,0.0,0.0,0.0,0.0,0.0,0.0,0.0,0.0,0.0
2026-03-30T00:00:00,11:52:40,L29-VIAPAULISTA,SP330,245.515,NORTE,-21.7224628,-47.5878259,COLISÃO,COLISÃO-LATERAL,IMPRUD. CONDUTOR-MUDANÇA DE FAIXA,0,0,0,0,SANTA RITA DO PASSA QUATRO,CENTRAL,RIBEIRÃO PRETO,ESTADUAL,1.0,0.0,0.0,0.0,1.0,0.0,0.0,0.0,0.0,0.0,0.0,0.0,0.0,0.0,0.0,0.0
2026-03-30T00:00:00,12:40:41,L01-AUTOBAN,SPM330D,100.0,NORTE,-22.880331764505,-47.117582559586,COLISÃO,COLISÃO-TRASEIRA,NÃO INFORMADO,2,0,0,0,CAMPINAS,CAMPINAS,CAMPINAS,ESTADUAL,1.0,0.0,1.0,0.0,0.0,0.0,0.0,0.0,0.0,0.0,0.0,0.0,0.0,0.0,0.0,0.0
2026-03-30T00:00:00,15:32:57,L29-VIAPAULISTA,SP330,286.495,NORTE,-21.38241841,-47.70333,COLISÃO,COLISÃO-LATERAL,IMPRUD. CONDUTOR-MUDANÇA DE FAIXA,0,0,0,0,CRAVINHOS,RIBEIRÃO PRETO,RIBEIRÃO PRETO,ESTADUAL,1.0,0.0,0.0,0.0,1.0,0.0,0.0,0.0,0.0,0.0,0.0,0.0,0.0,0.0,0.0,0.0
2026-03-30T00:00:00,16:14:28,L29-VIAPAULISTA,SP330,318.356,NORTE,-21.11366404,-47.77945546,TOMBAMENTO,TOMBAMENTO,IMPRUD. CONDUTOR-LEVOU FECHADA,1,0,0,0,RIBEIRÃO PRETO,RIBEIRÃO PRETO,RIBEIRÃO PRETO,ESTADUAL,0.0,0.0,1.0,0.0,0.0,0.0,0.0,0.0,0.0,0.0,0.0,0.0,0.0,0.0,0.0,0.0
2026-03-30T00:00:00,17:26:29,L01-AUTOBAN,SP330,152.0,SUL,-22.514108056285,-47.395604252815,COLISÃO,COLISÃO-TRASEIRA,NÃO INFORMADO,2,0,0,0,LIMEIRA,CAMPINAS,RIO CLARO,ESTADUAL,1.0,0.0,0.0,1.0,1.0,0.0,0.0,0.0,0.0,0.0,0.0,0.0,0.0,0.0,0.0,0.0
2026-03-30T00:00:00,18:17:09,L01-AUTOBAN,SP330,92.3,NORTE,-22.933496434703,-47.073661946524,COLISÃO,COLISÃO-LATERAL,NÃO INFORMADO,0,0,0,0,CAMPINAS,CAMPINAS,CAMPINAS,ESTADUAL,2.0,0.0,0.0,0.0,0.0,0.0,0.0,0.0,0.0,0.0,0.0,0.0,0.0,0.0,0.0,0.0
2026-03-30T00:00:00,19:14:52,L06-INTERVIAS,SP330,192.864,SUL,-22.14972659,-47.40224206,COLISÃO,COLISÃO-TRASEIRA,IMPRUD. CONDUTOR,1,0,0,0,LEME,CAMPINAS,RIO CLARO,ESTADUAL,1.0,0.0,0.0,0.0,1.0,0.0,0.0,0.0,0.0,0.0,0.0,0.0,0.0,0.0,0.0,0.0
2026-03-30T00:00:00,19:17:57,L01-AUTOBAN,SP330,92.0,NORTE,-22.935116422047,-47.071389555931,COLISÃO,COLISÃO-TRASEIRA,NÃO INFORMADO,0,0,1,0,CAMPINAS,CAMPINAS,CAMPINAS,ESTADUAL,1.0,0.0,1.0,0.0,0.0,0.0,0.0,0.0,0.0,0.0,0.0,0.0,0.0,0.0,0.0,0.0
2026-03-30T00:00:00,19:38:15,L01-AUTOBAN,SP330,89.5,NORTE,-22.954972616694,-47.059719264507,ENGAVETAMENTO,ENGAVETAMENTO,NÃO INFORMADO,0,0,0,0,CAMPINAS,CAMPINAS,CAMPINAS,ESTADUAL,2.0,0.0,0.0,0.0,1.0,0.0,0.0,0.0,0.0,0.0,0.0,0.0,0.0,0.0,0.0,0.0
2026-03-30T00:00:00,19:44:09,L01-AUTOBAN,SP330,156.5,NORTE,-22.474063656285,-47.39896774292,COLISÃO,COLISÃO-TRASEIRA,NÃO INFORMADO,3,0,0,0,CORDEIRÓPOLIS,CAMPINAS,RIO CLARO,ESTADUAL,1.0,0.0,0.0,0.0,1.0,0.0,0.0,0.0,0.0,0.0,0.0,0.0,0.0,0.0,0.0,0.0
2026-03-30T00:00:00,21:09:04,L01-AUTOBAN,SPM330D,111.8,NORTE,-22.814511517828,-47.207523487241,COLISÃO,COLISÃO-TRASEIRA,NÃO INFORMADO,2,0,0,0,SUMARÉ,CAMPINAS,CAMPINAS,ESTADUAL,1.0,1.0,2.0,0.0,0.0,0.0,0.0,0.0,0.0,0.0,0.0,0.0,0.0,0.0,0.0,0.0
2026-03-30T00:00:00,21:58:49,L29-VIAPAULISTA,SP330,281.95,SUL,-21.41352988,-47.6649545,COLISÃO,COLISÃO-TRASEIRA,FALHA DE EQUIP. PEDÁGIO-PISTA AVI,0,0,0,0,SÃO SIMÃO,RIBEIRÃO PRETO,RIBEIRÃO PRETO,ESTADUAL,0.0,0.0,0.0,0.0,2.0,0.0,0.0,0.0,0.0,0.0,0.0,0.0,0.0,0.0,0.0,0.0
2026-03-30T00:00:00,22:38:42,L01-AUTOBAN,SP330,100.8,SUL,-22.875377428549,-47.123479149232,CHOQUE,CHOQUE-DEFENSA/BARREIRA,NÃO INFORMADO,0,0,0,0,CAMPINAS,CAMPINAS,CAMPINAS,ESTADUAL,1.0,0.0,0.0,0.0,0.0,0.0,0.0,0.0,0.0,0.0,0.0,0.0,0.0,0.0,0.0,0.0
2026-03-31T00:00:00,03:27:23,L29-VIAPAULISTA,SP330,302.358,SUL,-21.25252434,-47.75537175,ATROPELAMENTO DE ANIMAL,ATROP. ANIMAL-OUTROS,ANIMAL NA RODOVIA,0,0,0,0,RIBEIRÃO PRETO,RIBEIRÃO PRETO,RIBEIRÃO PRETO,ESTADUAL,1.0,0.0,0.0,0.0,0.0,0.0,0.0,0.0,0.0,0.0,0.0,0.0,0.0,0.0,0.0,0.0
2026-03-31T00:00:00,05:26:57,L29-VIAPAULISTA,SP330,245.549,NORTE,-21.72216242,-47.58793553,ATROPELAMENTO DE ANIMAL,ATROP. ANIMAL-OUTROS,ANIMAL NA RODOVIA,0,0,0,0,SANTA RITA DO PASSA QUATRO,CENTRAL,RIBEIRÃO PRETO,ESTADUAL,0.0,0.0,0.0,0.0,1.0,0.0,0.0,0.0,0.0,0.0,0.0,0.0,0.0,0.0,0.0,0.0
2026-03-31T00:00:00,07:17:55,L28-ENTREVIAS,SP330,323.2,SUL,-21.08032000583904,-47.80358324092249,COLISÃO,COLISÃO-TRASEIRA,IMPRUD. CONDUTOR-FALTA DE ATENÇÃO,0,0,1,0,RIBEIRÃO PRETO,RIBEIRÃO PRETO,RIBEIRÃO PRETO,ESTADUAL,1.0,0.0,1.0,0.0,1.0,0.0,0.0,0.0,0.0,0.0,0.0,0.0,0.0,0.0,0.0,0.0
2026-03-31T00:00:00,07:44:19,L01-AUTOBAN,SP330,62.0,SUL,-23.168814423993,-46.926614642143,COLISÃO,COLISÃO-TRASEIRA,NÃO INFORMADO,1,0,0,0,JUNDIAÍ,CAMPINAS,CAMPINAS,ESTADUAL,0.0,1.0,1.0,0.0,0.0,0.0,0.0,0.0,0.0,0.0,0.0,0.0,0.0,0.0,0.0,0.0
2026-03-31T00:00:00,08:17:53,L01-AUTOBAN,SP330,98.0,SUL,-22.896245165998,-47.110952138901,COLISÃO,COLISÃO-TRASEIRA,NÃO INFORMADO,2,0,0,0,CAMPINAS,CAMPINAS,CAMPINAS,ESTADUAL,1.0,0.0,0.0,0.0,1.0,0.0,0.0,0.0,0.0,0.0,0.0,0.0,0.0,0.0,0.0,0.0
2026-03-31T00:00:00,09:07:28,L01-AUTOBAN,SP330,56.0,SUL,-23.21105334627,-46.891804933548,TOMBAMENTO,TOMBAMENTO,NÃO INFORMADO,1,0,0,0,JUNDIAÍ,CAMPINAS,CAMPINAS,ESTADUAL,0.0,0.0,1.0,0.0,0.0,0.0,0.0,0.0,0.0,0.0,0.0,0.0,0.0,0.0,0.0,0.0
2026-03-31T00:00:00,11:30:45,L29-VIAPAULISTA,SP330,297.5,NORTE,-21.29340137,-47.74551785,COLISÃO,COLISÃO-LATERAL,ESTOURO/FURO DE PNEU,0,0,0,0,CRAVINHOS,RIBEIRÃO PRETO,RIBEIRÃO PRETO,ESTADUAL,0.0,0.0,0.0,1.0,1.0,0.0,0.0,0.0,0.0,0.0,0.0,0.0,0.0,0.0,0.0,0.0
2026-03-31T00:00:00,11:42:00,L28-ENTREVIAS,SP330,427.875,NORTE,-20.18565772897572,-47.78604975867464,COLISÃO,COLISÃO-TRASEIRA,IMPRUD. CONDUTOR-LEVOU FECHADA,0,0,1,0,ARAMINA,FRANCA,RIBEIRÃO PRETO,ESTADUAL,0.0,1.0,1.0,0.0,0.0,0.0,0.0,0.0,0.0,0.0,0.0,0.0,0.0,0.0,0.0,0.0
2026-03-31T00:00:00,14:12:39,L01-AUTOBAN,SP330,150.0,SUL,-22.530103711715,-47.38679587841,COLISÃO,COLISÃO-TRASEIRA,NÃO INFORMADO,0,0,0,0,LIMEIRA,CAMPINAS,RIO CLARO,ESTADUAL,1.0,0.0,0.0,0.0,1.0,0.0,0.0,0.0,0.0,0.0,0.0,0.0,0.0,0.0,0.0,0.0
2026-03-31T00:00:00,15:10:59,L06-INTERVIAS,SP330,219.7,NORTE,-21.91719523,-47.47324301,CHOQUE,CHOQUE-OUTROS,IMPRUD. CONDUTOR-PERDA DE CONTROLE,1,0,0,0,PIRASSUNUNGA,CAMPINAS,RIO CLARO,ESTADUAL,1.0,0.0,0.0,0.0,0.0,0.0,0.0,0.0,0.0,0.0,0.0,0.0,0.0,0.0,0.0,0.0
2026-03-31T00:00:00,17:43:00,L01-AUTOBAN,SP330,98.0,NORTE,-22.895874533463,-47.110748291016,COLISÃO,COLISÃO-LATERAL,NÃO INFORMADO,0,0,0,0,CAMPINAS,CAMPINAS,CAMPINAS,ESTADUAL,1.0,0.0,0.0,0.0,1.0,0.0,0.0,0.0,0.0,0.0,0.0,0.0,0.0,0.0,0.0,0.0
2026-03-31T00:00:00,18:41:09,L29-VIAPAULISTA,SP330,311.361,NORTE,-21.17107715,-47.75641414,TOMBAMENTO,TOMBAMENTO,IMPRUD. CONDUTOR-LEVOU FECHADA,0,1,1,0,RIBEIRÃO PRETO,RIBEIRÃO PRETO,RIBEIRÃO PRETO,ESTADUAL,0.0,0.0,1.0,0.0,0.0,0.0,0.0,0.0,0.0,0.0,0.0,0.0,0.0,0.0,0.0,0.0
2026-03-31T00:00:00,18:49:51,L01-AUTOBAN,SP330,108.0,NORTE,-22.832585315555,-47.17717051506,ENGAVETAMENTO,ENGAVETAMENTO,NÃO INFORMADO,1,0,0,0,SUMARÉ,CAMPINAS,CAMPINAS,ESTADUAL,1.0,2.0,0.0,0.0,0.0,0.0,0.0,0.0,0.0,0.0,0.0,0.0,0.0,0.0,0.0,0.0
2026-03-31T00:00:00,18:59:01,L01-AUTOBAN,SP330,156.5,SUL,-22.474036393799,-47.39962220192,CHOQUE,CHOQUE-POSTE,NÃO INFORMADO,1,0,0,0,CORDEIRÓPOLIS,CAMPINAS,RIO CLARO,ESTADUAL,1.0,0.0,0.0,0.0,0.0,0.0,0.0,0.0,0.0,0.0,0.0,0.0,0.0,0.0,0.0,0.0
2026-03-31T00:00:00,19:38:21,L01-AUTOBAN,SP330,48.0,NORTE,-23.274125516591,-46.869655251503,CHOQUE,CHOQUE-DEFENSA/BARREIRA,NÃO INFORMADO,0,0,0,0,JUNDIAÍ,CAMPINAS,CAMPINAS,ESTADUAL,1.0,0.0,0.0,0.0,0.0,0.0,0.0,0.0,0.0,0.0,0.0,0.0,0.0,0.0,0.0,0.0
2026-03-31T00:00:00,20:37:01,L29-VIAPAULISTA,SP330,268.5,NORTE,-21.52584328,-47.64285161,CHOQUE,CHOQUE-SINALIZAÇÃO/EQUIPAMENTO,IMPRUD. CONDUTOR-PERDA DE CONTROLE,0,0,0,0,SÃO SIMÃO,RIBEIRÃO PRETO,RIBEIRÃO PRETO,ESTADUAL,0.0,0.0,0.0,0.0,1.0,0.0,0.0,0.0,0.0,0.0,0.0,0.0,0.0,0.0,0.0,0.0
2026-03-31T00:00:00,23:15:32,L01-AUTOBAN,SPM330D,95.0,NORTE,-22.919696732904,-47.094027400017,COLISÃO,COLISÃO-TRASEIRA,NÃO INFORMADO,2,0,0,0,CAMPINAS,CAMPINAS,CAMPINAS,ESTADUAL,1.0,0.0,2.0,0.0,0.0,0.0,0.0,0.0,0.0,0.0,0.0,0.0,0.0,0.0,0.0,0.0
2026-04-01T00:00:00,02:57:12,L29-VIAPAULISTA,SP330,251.0,SUL,-21.675467,-47.6049701,ATROPELAMENTO DE ANIMAL,ATROP. ANIMAL-OUTROS,ANIMAL NA RODOVIA,0,0,0,0,SANTA RITA DO PASSA QUATRO,CENTRAL,RIBEIRÃO PRETO,ESTADUAL,1.0,0.0,0.0,0.0,0.0,0.0,0.0,0.0,0.0,0.0,0.0,0.0,0.0,0.0,0.0,0.0
2026-04-01T00:00:00,06:18:36,L01-AUTOBAN,SP330,106.0,NORTE,-22.846507,-47.164055,TOMBAMENTO,TOMBAMENTO,NÃO INFORMADO,1,0,0,0,SUMARÉ,CAMPINAS,CAMPINAS,ESTADUAL,0.0,0.0,1.0,0.0,0.0,0.0,0.0,0.0,0.0,0.0,0.0,0.0,0.0,0.0,0.0,0.0
2026-04-01T00:00:00,06:31:43,L28-ENTREVIAS,SP330,364.38,NORTE,-20.72275430793934,-47.89333394892145,CAPOTAMENTO,CAPOTAMENTO,MÁ CONSERVAÇÃO DO VEÍCULO,0,0,0,1,ORLÂNDIA,FRANCA,RIBEIRÃO PRETO,ESTADUAL,0.0,0.0,0.0,0.0,0.0,0.0,0.0,0.0,0.0,0.0,1.0,0.0,0.0,0.0,0.0,0.0
2026-04-01T00:00:00,06:51:35,L01-AUTOBAN,SP330,61.0,NORTE,-23.175294620401,-46.918331980705,COLISÃO,COLISÃO-LATERAL,NÃO INFORMADO,1,0,0,0,JUNDIAÍ,CAMPINAS,CAMPINAS,ESTADUAL,1.0,0.0,1.0,0.0,0.0,0.0,0.0,0.0,0.0,0.0,0.0,0.0,0.0,0.0,0.0,0.0
2026-04-01T00:00:00,07:02:01,L01-AUTOBAN,SP330,97.0,NORTE,-22.904077630073,-47.107797861099,COLISÃO,COLISÃO-LATERAL,NÃO INFORMADO,1,0,0,0,CAMPINAS,CAMPINAS,CAMPINAS,ESTADUAL,0.0,1.0,1.0,0.0,0.0,0.0,0.0,0.0,0.0,0.0,0.0,0.0,0.0,0.0,0.0,0.0
2026-04-01T00:00:00,08:29:01,L01-AUTOBAN,SP330,13.6,SUL,-23.507572920511,-46.746038679119,COLISÃO,COLISÃO-LATERAL,NÃO INFORMADO,0,1,0,0,SÃO PAULO,REG. METROPOLITANA SÃO PAULO,SÃO PAULO,ESTADUAL,1.0,0.0,1.0,0.0,0.0,0.0,0.0,0.0,0.0,0.0,0.0,0.0,0.0,0.0,0.0,0.0
2026-04-01T00:00:00,12:26:15,L01-AUTOBAN,SP330,93.2,SUL,-22.928869920243,-47.08071111011,ENGAVETAMENTO,ENGAVETAMENTO,NÃO INFORMADO,1,0,0,0,CAMPINAS,CAMPINAS,CAMPINAS,ESTADUAL,3.0,0.0,1.0,0.0,0.0,0.0,0.0,0.0,0.0,0.0,0.0,0.0,0.0,0.0,0.0,0.0
2026-04-01T00:00:00,12:55:00,L28-ENTREVIAS,SP330,399.8,NORTE,-20.42941230485705,-47.83338466910247,COLISÃO,COLISÃO-TRASEIRA,IMPRUD. CONDUTOR-FREADA BRUSCA,0,0,0,0,GUARÁ,FRANCA,RIBEIRÃO PRETO,ESTADUAL,1.0,0.0,0.0,0.0,0.0,0.0,0.0,0.0,1.0,0.0,0.0,0.0,0.0,0.0,0.0,0.0
2026-04-01T00:00:00,14:11:19,L01-AUTOBAN,SP330,24.0,NORTE,-23.434539807835,-46.786286830902,TOMBAMENTO,TOMBAMENTO-MOTO,NÃO INFORMADO,0,0,0,0,SÃO PAULO,REG. METROPOLITANA SÃO PAULO,SÃO PAULO,ESTADUAL,0.0,0.0,1.0,0.0,0.0,0.0,0.0,0.0,0.0,0.0,0.0,0.0,0.0,0.0,0.0,0.0
2026-04-01T00:00:00,17:05:55,L28-ENTREVIAS,SP330,410.22,SUL,-20.34588792174577,-47.8107924016818,TOMBAMENTO,TOMBAMENTO-VEÍCULO PESADO,IMPRUD. CONDUTOR-PERDA DE CONTROLE,0,0,0,0,ITUVERAVA,FRANCA,RIBEIRÃO PRETO,ESTADUAL,0.0,0.0,0.0,0.0,1.0,0.0,0.0,0.0,0.0,0.0,0.0,0.0,0.0,0.0,0.0,0.0
2026-04-01T00:00:00,17:11:25,L01-AUTOBAN,SP330,62.3,NORTE,-23.166227613051,-46.928119463973,COLISÃO,COLISÃO-TRASEIRA,NÃO INFORMADO,1,0,0,0,JUNDIAÍ,CAMPINAS,CAMPINAS,ESTADUAL,1.0,0.0,0.0,0.0,1.0,0.0,0.0,0.0,0.0,0.0,0.0,0.0,0.0,0.0,0.0,0.0
2026-04-01T00:00:00,17:11:36,L01-AUTOBAN,SP330,105.0,NORTE,-22.8517126019,-47.156737446785,ENGAVETAMENTO,ENGAVETAMENTO,NÃO INFORMADO,0,0,0,0,CAMPINAS,CAMPINAS,CAMPINAS,ESTADUAL,3.0,0.0,0.0,0.0,0.0,0.0,0.0,0.0,0.0,0.0,0.0,0.0,0.0,0.0,0.0,0.0
2026-04-01T00:00:00,18:23:28,L29-VIAPAULISTA,SP330,309.677,SUL,-21.18591214,-47.75732499,COLISÃO,COLISÃO-LATERAL,IMPRUD. CONDUTOR,1,0,0,0,RIBEIRÃO PRETO,RIBEIRÃO PRETO,RIBEIRÃO PRETO,ESTADUAL,1.0,0.0,1.0,0.0,0.0,0.0,0.0,0.0,0.0,0.0,0.0,0.0,0.0,0.0,0.0,0.0
2026-04-01T00:00:00,18:56:19,L01-AUTOBAN,SP330,20.0,NORTE,-23.468944569907,-46.778873205185,CHOQUE,CHOQUE-DEFENSA/BARREIRA,NÃO INFORMADO,2,0,0,0,OSASCO,REG. METROPOLITANA SÃO PAULO,SÃO PAULO,ESTADUAL,1.0,0.0,0.0,0.0,0.0,0.0,0.0,0.0,0.0,0.0,0.0,0.0,0.0,0.0,0.0,0.0
2026-04-01T00:00:00,22:21:17,L01-AUTOBAN,SP330,58.0,NORTE,-23.196902870305,-46.903708577156,COLISÃO,COLISÃO-LATERAL,NÃO INFORMADO,1,0,0,0,JUNDIAÍ,CAMPINAS,CAMPINAS,ESTADUAL,0.0,0.0,1.0,1.0,0.0,0.0,0.0,0.0,0.0,0.0,0.0,0.0,0.0,0.0,0.0,0.0
2026-04-01T00:00:00,23:01:28,L29-VIAPAULISTA,SP330,245.2,NORTE,-21.72515234,-47.5868443,CHOQUE,CHOQUE-DEFENSA/BARREIRA,CARRETA EM L,0,0,0,0,SANTA RITA DO PASSA QUATRO,CENTRAL,RIBEIRÃO PRETO,ESTADUAL,0.0,0.0,0.0,0.0,1.0,0.0,0.0,0.0,0.0,0.0,0.0,0.0,0.0,0.0,0.0,0.0
2026-04-02T00:00:00,00:29:42,L06-INTERVIAS,SP330,169.75,SUL,-22.35613137,-47.3950377,CHOQUE,CHOQUE-DEFENSA/BARREIRA,IMPRUD. CONDUTOR-PERDA DE CONTROLE,0,0,0,0,ARARAS,CAMPINAS,RIO CLARO,ESTADUAL,0.0,0.0,0.0,0.0,1.0,0.0,0.0,0.0,0.0,0.0,0.0,0.0,0.0,0.0,0.0,0.0
2026-04-02T00:00:00,03:17:43,L01-AUTOBAN,SP330,103.8,NORTE,-22.857883405306,-47.146755244571,COLISÃO,COLISÃO-TRASEIRA,NÃO INFORMADO,0,0,0,0,CAMPINAS,CAMPINAS,CAMPINAS,ESTADUAL,0.0,0.0,0.0,1.0,1.0,0.0,0.0,0.0,0.0,0.0,0.0,0.0,0.0,0.0,0.0,0.0
2026-04-02T00:00:00,03:45:13,L29-VIAPAULISTA,SP330,244.13,SUL,-21.73417159,-47.58365293,CHOQUE,CHOQUE-SINALIZAÇÃO/EQUIPAMENTO,IMPRUD. CONDUTOR,0,0,0,0,SANTA RITA DO PASSA QUATRO,CENTRAL,RIBEIRÃO PRETO,ESTADUAL,0.0,0.0,0.0,0.0,1.0,0.0,0.0,0.0,0.0,0.0,0.0,0.0,0.0,0.0,0.0,0.0
2026-04-02T00:00:00,05:38:30,L01-AUTOBAN,SP330,72.0,NORTE,-23.090420658481,-46.972727179527,CHOQUE,CHOQUE-DEFENSA/BARREIRA,NÃO INFORMADO,0,0,0,0,LOUVEIRA,CAMPINAS,CAMPINAS,ESTADUAL,1.0,0.0,0.0,0.0,0.0,0.0,0.0,0.0,0.0,0.0,0.0,0.0,0.0,0.0,0.0,0.0
2026-04-02T00:00:00,05:45:06,L01-AUTOBAN,SP330,128.0,NORTE,-22.703830247056,-47.30342745781,COLISÃO,COLISÃO-TRASEIRA,NÃO INFORMADO,1,0,0,0,AMERICANA,CAMPINAS,RIO CLARO,ESTADUAL,0.0,0.0,0.0,1.0,1.0,0.0,0.0,0.0,0.0,0.0,0.0,0.0,0.0,0.0,0.0,0.0
2026-04-02T00:00:00,06:39:22,L01-AUTOBAN,SP330,30.0,NORTE,-23.405103365161,-46.82884812355,CHOQUE,OUTROS/NÃO CLASSIFICADO,NÃO INFORMADO,1,0,0,0,CAJAMAR,REG. METROPOLITANA SÃO PAULO,SÃO PAULO,ESTADUAL,1.0,0.0,0.0,0.0,0.0,0.0,0.0,0.0,0.0,0.0,0.0,0.0,0.0,0.0,0.0,0.0
2026-04-02T00:00:00,07:37:47,L28-ENTREVIAS,SP330,376.5,SUL,-20.62996703455516,-47.8822811696939,COLISÃO,COLISÃO-TRASEIRA,IMPRUD. CONDUTOR-FREADA BRUSCA,0,0,0,0,SÃO JOAQUIM DA BARRA,FRANCA,RIBEIRÃO PRETO,ESTADUAL,1.0,0.0,0.0,0.0,0.0,0.0,0.0,0.0,0.0,0.0,1.0,0.0,0.0,0.0,0.0,0.0
2026-04-02T00:00:00,07:59:12,L01-AUTOBAN,SP330,22.0,SUL,-23.45303514236,-46.78664624691,COLISÃO,COLISÃO-TRASEIRA,NÃO INFORMADO,1,0,0,0,SÃO PAULO,REG. METROPOLITANA SÃO PAULO,SÃO PAULO,ESTADUAL,0.0,0.0,1.0,1.0,0.0,0.0,0.0,0.0,0.0,0.0,0.0,0.0,0.0,0.0,0.0,0.0
2026-04-02T00:00:00,08:24:21,L01-AUTOBAN,SP330,92.0,NORTE,-22.935116422047,-47.071389555931,TOMBAMENTO,TOMBAMENTO-MOTO,NÃO INFORMADO,1,0,0,0,CAMPINAS,CAMPINAS,CAMPINAS,ESTADUAL,0.0,0.0,1.0,0.0,0.0,0.0,0.0,0.0,0.0,0.0,0.0,0.0,0.0,0.0,0.0,0.0
2026-04-02T00:00:00,10:07:56,L01-AUTOBAN,SPM330E,109.0,SUL,-22.827506,-47.184259,COLISÃO,COLISÃO-FRONTAL,NÃO INFORMADO,1,0,0,2,SUMARÉ,CAMPINAS,CAMPINAS,ESTADUAL,0.0,0.0,2.0,0.0,0.0,0.0,0.0,0.0,0.0,0.0,0.0,0.0,0.0,0.0,0.0,0.0
2026-04-02T00:00:00,10:39:43,L01-AUTOBAN,SP330,124.0,NORTE,-22.733880655616,-47.285934090614,COLISÃO,COLISÃO-TRASEIRA,NÃO INFORMADO,1,0,0,0,AMERICANA,CAMPINAS,RIO CLARO,ESTADUAL,0.0,1.0,1.0,0.0,0.0,0.0,0.0,0.0,0.0,0.0,0.0,0.0,0.0,0.0,0.0,0.0
2026-04-02T00:00:00,12:58:00,L01-AUTOBAN,SP330,138.0,SUL,-22.624171964553,-47.343065142632,COLISÃO,COLISÃO-TRASEIRA,NÃO INFORMADO,0,0,0,0,LIMEIRA,CAMPINAS,RIO CLARO,ESTADUAL,0.0,0.0,0.0,0.0,2.0,0.0,0.0,0.0,0.0,0.0,0.0,0.0,0.0,0.0,0.0,0.0
2026-04-02T00:00:00,15:01:00,L28-ENTREVIAS,SP330,353.4,SUL,-20.84474954370549,-47.89504702245717,COLISÃO,COLISÃO-LATERAL,IMPRUD. CONDUTOR-LEVOU FECHADA,0,0,0,0,SALES OLIVEIRA,FRANCA,RIBEIRÃO PRETO,ESTADUAL,0.0,1.0,0.0,0.0,1.0,0.0,0.0,0.0,0.0,0.0,0.0,0.0,0.0,0.0,0.0,0.0
2026-04-02T00:00:00,17:07:56,L01-AUTOBAN,SP330,145.0,NORTE,-22.569267404397,-47.365960478783,COLISÃO,COLISÃO-TRASEIRA,NÃO INFORMADO,2,0,0,0,LIMEIRA,CAMPINAS,RIO CLARO,ESTADUAL,1.0,1.0,0.0,0.0,0.0,0.0,0.0,0.0,0.0,0.0,0.0,0.0,0.0,0.0,0.0,0.0
2026-04-02T00:00:00,17:40:58,L01-AUTOBAN,SP330,52.9,NORTE,-23.231583510272,-46.872554012409,ENGAVETAMENTO,ENGAVETAMENTO,NÃO INFORMADO,0,0,0,0,JUNDIAÍ,CAMPINAS,CAMPINAS,ESTADUAL,1.0,2.0,0.0,0.0,0.0,0.0,0.0,0.0,0.0,0.0,0.0,0.0,0.0,0.0,0.0,0.0
2026-04-02T00:00:00,17:45:48,L01-AUTOBAN,SP330,98.0,NORTE,-22.895874533463,-47.110748291016,COLISÃO,COLISÃO-TRASEIRA,NÃO INFORMADO,2,0,0,0,CAMPINAS,CAMPINAS,CAMPINAS,ESTADUAL,2.0,0.0,0.0,0.0,0.0,0.0,0.0,0.0,0.0,0.0,0.0,0.0,0.0,0.0,0.0,0.0
2026-04-02T00:00:00,17:48:06,L01-AUTOBAN,SPM330D,91.0,NORTE,-22.942859,-47.066539,COLISÃO,COLISÃO-LATERAL,NÃO INFORMADO,1,0,1,0,CAMPINAS,CAMPINAS,CAMPINAS,ESTADUAL,1.0,0.0,1.0,0.0,0.0,0.0,0.0,0.0,0.0,0.0,0.0,0.0,0.0,0.0,0.0,0.0
2026-04-02T00:00:00,17:49:34,L01-AUTOBAN,SP330,18.0,NORTE,-23.482416628034,-46.770944595337,CHOQUE,CHOQUE-DEFENSA/BARREIRA,NÃO INFORMADO,0,0,0,0,OSASCO,REG. METROPOLITANA SÃO PAULO,SÃO PAULO,ESTADUAL,1.0,0.0,0.0,0.0,0.0,0.0,0.0,0.0,0.0,0.0,0.0,0.0,0.0,0.0,0.0,0.0
2026-04-02T00:00:00,18:23:30,L01-AUTOBAN,SPI102/330,3.0,SUL,-22.890087592831,-47.133536338806,TOMBAMENTO,TOMBAMENTO-MOTO,NÃO INFORMADO,1,0,0,0,CAMPINAS,CAMPINAS,CAMPINAS,ESTADUAL,0.0,0.0,1.0,0.0,2.0,0.0,0.0,0.0,0.0,0.0,0.0,0.0,0.0,0.0,0.0,0.0
2026-04-02T00:00:00,18:31:02,L29-VIAPAULISTA,SP330,311.118,NORTE,-21.17326687,-47.75652902,ENGAVETAMENTO,ENGAVETAMENTO,IMPRUD. CONDUTOR-DIST. INADEQUADA ENTRE VEÍC.,0,0,0,0,RIBEIRÃO PRETO,RIBEIRÃO PRETO,RIBEIRÃO PRETO,ESTADUAL,5.0,0.0,0.0,0.0,0.0,0.0,0.0,0.0,0.0,0.0,0.0,0.0,0.0,0.0,0.0,0.0
2026-04-02T00:00:00,18:50:17,L01-AUTOBAN,SP330,103.8,NORTE,-22.857883405306,-47.146755244571,ENGAVETAMENTO,ENGAVETAMENTO,NÃO INFORMADO,0,0,0,0,CAMPINAS,CAMPINAS,CAMPINAS,ESTADUAL,3.0,1.0,0.0,0.0,0.0,0.0,0.0,0.0,0.0,0.0,0.0,0.0,0.0,0.0,0.0,0.0
2026-04-02T00:00:00,19:36:16,L01-AUTOBAN,SP330,38.0,SUL,-23.344767747059,-46.840934157372,COLISÃO,COLISÃO-TRASEIRA,NÃO INFORMADO,2,0,0,0,CAJAMAR,REG. METROPOLITANA SÃO PAULO,SÃO PAULO,ESTADUAL,1.0,1.0,0.0,0.0,0.0,0.0,0.0,0.0,0.0,0.0,0.0,0.0,0.0,0.0,0.0,0.0
2026-04-02T00:00:00,19:45:59,L29-VIAPAULISTA,SP330,311.118,SUL,-21.1734869,-47.75657219,COLISÃO,COLISÃO-TRASEIRA,IMPRUD. CONDUTOR,0,0,0,0,RIBEIRÃO PRETO,RIBEIRÃO PRETO,RIBEIRÃO PRETO,ESTADUAL,0.0,0.0,0.0,2.0,0.0,0.0,0.0,0.0,0.0,0.0,0.0,0.0,0.0,0.0,0.0,0.0
2026-04-02T00:00:00,20:39:03,L01-AUTOBAN,SP330,95.0,SUL,-22.919909191683,-47.094150781632,COLISÃO,COLISÃO-LATERAL,NÃO INFORMADO,0,0,0,0,CAMPINAS,CAMPINAS,CAMPINAS,ESTADUAL,2.0,0.0,1.0,0.0,0.0,0.0,0.0,0.0,0.0,0.0,0.0,0.0,0.0,0.0,0.0,0.0
2026-04-02T00:00:00,20:48:25,L01-AUTOBAN,SP330,32.5,NORTE,-23.388720455415,-46.836827753941,COLISÃO,COLISÃO-TRASEIRA,NÃO INFORMADO,0,1,0,0,CAJAMAR,REG. METROPOLITANA SÃO PAULO,SÃO PAULO,ESTADUAL,1.0,0.0,0.0,0.0,1.0,0.0,0.0,0.0,0.0,0.0,0.0,0.0,0.0,0.0,0.0,0.0
2026-04-02T00:00:00,22:42:00,L28-ENTREVIAS,SP330,435.62,SUL,-20.12271128271554,-47.79132035125366,CHOQUE,CHOQUE-ELEMENTO DE DRENAGEM,IMPRUD. CONDUTOR-PERDA DE CONTROLE,0,0,0,0,ARAMINA,FRANCA,RIBEIRÃO PRETO,ESTADUAL,1.0,0.0,0.0,0.0,0.0,0.0,0.0,0.0,0.0,0.0,0.0,0.0,0.0,0.0,0.0,0.0
2026-04-02T00:00:00,23:36:44,L01-AUTOBAN,SP330,26.0,NORTE,-23.420506628573,-46.794564127922,COLISÃO,COLISÃO-TRASEIRA,NÃO INFORMADO,3,0,0,0,SÃO PAULO,REG. METROPOLITANA SÃO PAULO,SÃO PAULO,ESTADUAL,0.0,0.0,2.0,0.0,0.0,0.0,0.0,0.0,0.0,0.0,0.0,0.0,0.0,0.0,0.0,0.0
2026-04-03T00:00:00,10:56:44,L01-AUTOBAN,SP330,35.0,NORTE,-23.369218,-46.84502,COLISÃO,COLISÃO-LATERAL,NÃO INFORMADO,1,0,0,0,CAJAMAR,REG. METROPOLITANA SÃO PAULO,SÃO PAULO,ESTADUAL,2.0,0.0,0.0,0.0,0.0,0.0,0.0,0.0,0.0,0.0,0.0,0.0,0.0,0.0,0.0,0.0
2026-04-03T00:00:00,14:41:13,L01-AUTOBAN,SP330,23.5,NORTE,-23.439449254874,-46.786584556103,COLISÃO,COLISÃO-LATERAL,NÃO INFORMADO,1,0,0,0,SÃO PAULO,REG. METROPOLITANA SÃO PAULO,SÃO PAULO,ESTADUAL,0.0,0.0,0.0,1.0,1.0,0.0,0.0,0.0,0.0,0.0,0.0,0.0,0.0,0.0,0.0,0.0
2026-04-03T00:00:00,20:22:36,L06-INTERVIAS,SP330,181.0,NORTE,-22.25583038,-47.38961999,ATROPELAMENTO DE ANIMAL,ATROP. ANIMAL-OUTROS,ANIMAL NA RODOVIA,0,0,0,0,ARARAS,CAMPINAS,RIO CLARO,ESTADUAL,1.0,0.0,0.0,0.0,0.0,0.0,0.0,0.0,0.0,0.0,0.0,0.0,0.0,0.0,0.0,0.0
2026-04-03T00:00:00,20:33:14,L01-AUTOBAN,SP330,11.46,SUL,-23.51053885599,-46.728948396714,TOMBAMENTO,TOMBAMENTO-MOTO,NÃO INFORMADO,2,0,0,0,SÃO PAULO,REG. METROPOLITANA SÃO PAULO,SÃO PAULO,ESTADUAL,0.0,1.0,1.0,0.0,0.0,0.0,0.0,0.0,0.0,0.0,0.0,0.0,0.0,0.0,0.0,0.0
2026-04-04T00:00:00,03:23:37,L01-AUTOBAN,SPM330E,109.2,SUL,-22.826603507699,-47.185907579202,CHOQUE,CHOQUE-DEFENSA/BARREIRA,NÃO INFORMADO,0,0,0,0,SUMARÉ,CAMPINAS,CAMPINAS,ESTADUAL,2.0,0.0,0.0,0.0,0.0,0.0,0.0,0.0,0.0,0.0,0.0,0.0,0.0,0.0,0.0,0.0
2026-04-04T00:00:00,03:34:37,L01-AUTOBAN,SPM330D,112.0,NORTE,-22.813712468257,-47.208970785141,CHOQUE,CHOQUE-DEFENSA/BARREIRA,NÃO INFORMADO,1,0,0,0,SUMARÉ,CAMPINAS,CAMPINAS,ESTADUAL,1.0,0.0,0.0,0.0,0.0,0.0,0.0,0.0,0.0,0.0,0.0,0.0,0.0,0.0,0.0,0.0
2026-04-04T00:00:00,08:33:57,L01-AUTOBAN,SP330,70.5,SUL,-23.101900590369,-46.965434253216,TOMBAMENTO,TOMBAMENTO,NÃO INFORMADO,1,0,0,0,LOUVEIRA,CAMPINAS,CAMPINAS,ESTADUAL,1.0,0.0,0.0,0.0,0.0,0.0,0.0,0.0,0.0,0.0,0.0,0.0,0.0,0.0,0.0,0.0
2026-04-04T00:00:00,14:50:27,L06-INTERVIAS,SP330,191.844,NORTE,-22.15850674,-47.39969099,COLISÃO,COLISÃO-LATERAL,IMPRUD. CONDUTOR-DORMIR AO VOLANTE,0,0,0,0,LEME,CAMPINAS,RIO CLARO,ESTADUAL,1.0,0.0,0.0,0.0,1.0,0.0,0.0,0.0,0.0,0.0,0.0,0.0,0.0,0.0,0.0,0.0
2026-04-04T00:00:00,17:17:59,L29-VIAPAULISTA,SP330,307.5,NORTE,-21.20587184,-47.75823958,CHOQUE,CHOQUE-TALUDE/BARRANCO,IMPRUD. CONDUTOR-PERDA DE CONTROLE,0,0,0,0,RIBEIRÃO PRETO,RIBEIRÃO PRETO,RIBEIRÃO PRETO,ESTADUAL,0.0,0.0,0.0,1.0,0.0,0.0,0.0,0.0,0.0,0.0,0.0,0.0,0.0,0.0,0.0,0.0
2026-04-04T00:00:00,19:53:15,L01-AUTOBAN,SPM330E,14.0,SUL,-23.507187255032,-46.750034093857,COLISÃO,COLISÃO-TRASEIRA,NÃO INFORMADO,0,1,0,0,SÃO PAULO,REG. METROPOLITANA SÃO PAULO,SÃO PAULO,ESTADUAL,1.0,0.0,2.0,0.0,0.0,0.0,0.0,0.0,0.0,0.0,0.0,0.0,0.0,0.0,0.0,0.0
2026-04-04T00:00:00,21:21:39,L01-AUTOBAN,SPM330D,103.0,NORTE,-22.862197108808,-47.13924407959,CHOQUE,CHOQUE-DEFENSA/BARREIRA,NÃO INFORMADO,0,1,0,0,CAMPINAS,CAMPINAS,CAMPINAS,ESTADUAL,1.0,0.0,0.0,0.0,0.0,0.0,0.0,0.0,0.0,0.0,0.0,0.0,0.0,0.0,0.0,0.0
2026-04-04T00:00:00,21:42:05,L28-ENTREVIAS,SP330,365.55,SUL,-20.73065906261817,-47.89387163570494,CAPOTAMENTO,CAPOTAMENTO,IMPRUD. CONDUTOR-FALTA DE ATENÇÃO,0,1,0,0,ORLÂNDIA,FRANCA,RIBEIRÃO PRETO,ESTADUAL,1.0,0.0,0.0,0.0,0.0,0.0,0.0,0.0,0.0,0.0,0.0,0.0,0.0,0.0,0.0,0.0
2026-04-05T00:00:00,03:01:25,L01-AUTOBAN,SPM330D,94.8,NORTE,-22.924201365098,-47.087720144427,CHOQUE,CHOQUE-DEFENSA/BARREIRA,NÃO INFORMADO,0,0,1,0,CAMPINAS,CAMPINAS,CAMPINAS,ESTADUAL,0.0,0.0,1.0,0.0,0.0,0.0,0.0,0.0,0.0,0.0,0.0,0.0,0.0,0.0,0.0,0.0
2026-04-05T00:00:00,09:36:54,L01-AUTOBAN,SP330,98.0,NORTE,-22.895874533463,-47.110748291016,COLISÃO,COLISÃO-LATERAL,NÃO INFORMADO,1,0,0,0,CAMPINAS,CAMPINAS,CAMPINAS,ESTADUAL,1.0,0.0,1.0,0.0,0.0,0.0,0.0,0.0,0.0,0.0,0.0,0.0,0.0,0.0,0.0,0.0
2026-04-05T00:00:00,12:59:24,L01-AUTOBAN,SPI102/330,5.0,SUL,-22.907442732813,-47.137323617935,COLISÃO,COLISÃO-TRASEIRA,NÃO INFORMADO,0,0,0,0,CAMPINAS,CAMPINAS,CAMPINAS,ESTADUAL,2.0,0.0,0.0,0.0,0.0,0.0,0.0,0.0,0.0,0.0,0.0,0.0,0.0,0.0,0.0,0.0
2026-04-05T00:00:00,13:31:27,L29-VIAPAULISTA,SP330,282.0,NORTE,-21.40661865,-47.67023792,CHOQUE,CHOQUE-ELEMENTO DE DRENAGEM,IMPRUD. CONDUTOR-PERDA DE CONTROLE,0,0,0,0,SÃO SIMÃO,RIBEIRÃO PRETO,RIBEIRÃO PRETO,ESTADUAL,1.0,0.0,0.0,0.0,0.0,0.0,0.0,0.0,0.0,0.0,0.0,0.0,0.0,0.0,0.0,0.0
2026-04-05T00:00:00,14:03:09,L01-AUTOBAN,SP330,56.0,SUL,-23.21105334627,-46.891804933548,COLISÃO,COLISÃO-TRASEIRA,NÃO INFORMADO,3,0,0,0,JUNDIAÍ,CAMPINAS,CAMPINAS,ESTADUAL,2.0,0.0,0.0,0.0,0.0,0.0,0.0,0.0,0.0,0.0,0.0,0.0,0.0,0.0,0.0,0.0
2026-04-05T00:00:00,18:37:09,L01-AUTOBAN,SP330,150.0,SUL,-22.530103711715,-47.38679587841,COLISÃO,COLISÃO-TRASEIRA,NÃO INFORMADO,1,0,0,0,LIMEIRA,CAMPINAS,RIO CLARO,ESTADUAL,2.0,0.0,0.0,0.0,0.0,0.0,0.0,0.0,0.0,0.0,0.0,0.0,0.0,0.0,0.0,0.0
2026-04-05T00:00:00,20:56:03,L06-INTERVIAS,SP330,162.3,SUL,-22.42227301,-47.39228727,COLISÃO,COLISÃO-TRASEIRA,IMPRUD. CONDUTOR,0,0,0,0,ARARAS,CAMPINAS,RIO CLARO,ESTADUAL,1.0,0.0,0.0,0.0,1.0,0.0,0.0,0.0,0.0,0.0,0.0,0.0,0.0,0.0,0.0,0.0
2026-04-05T00:00:00,21:06:40,L01-AUTOBAN,SPM330D,55.8,NORTE,-23.211960490601,-46.890156978247,COLISÃO,COLISÃO-TRASEIRA,NÃO INFORMADO,1,0,0,0,JUNDIAÍ,CAMPINAS,CAMPINAS,ESTADUAL,2.0,0.0,0.0,0.0,0.0,0.0,0.0,0.0,0.0,0.0,0.0,0.0,0.0,0.0,0.0,0.0
2026-04-06T00:00:00,00:03:37,L01-AUTOBAN,SPM330D,91.2,NORTE,-22.941310508038,-47.067509096384,CHOQUE,CHOQUE-DEFENSA/BARREIRA,NÃO INFORMADO,0,0,0,0,CAMPINAS,CAMPINAS,CAMPINAS,ESTADUAL,1.0,0.0,0.0,0.0,0.0,0.0,0.0,0.0,0.0,0.0,0.0,0.0,0.0,0.0,0.0,0.0
2026-04-06T00:00:00,06:06:02,L01-AUTOBAN,SP330,148.32,SUL,-22.5430803642,-47.377833172707,COLISÃO,COLISÃO-FRONTAL,NÃO INFORMADO,0,2,0,0,LIMEIRA,CAMPINAS,RIO CLARO,ESTADUAL,0.0,0.0,0.0,1.0,4.0,0.0,0.0,0.0,0.0,0.0,0.0,0.0,0.0,0.0,0.0,0.0
2026-04-06T00:00:00,08:51:03,L01-AUTOBAN,SP330,15.4,SUL,-23.497657360358,-46.756352303833,ENGAVETAMENTO,ENGAVETAMENTO,NÃO INFORMADO,3,0,0,0,SÃO PAULO,REG. METROPOLITANA SÃO PAULO,SÃO PAULO,ESTADUAL,4.0,0.0,0.0,0.0,0.0,0.0,0.0,0.0,0.0,0.0,0.0,0.0,0.0,0.0,0.0,0.0
2026-04-06T00:00:00,09:05:36,L01-AUTOBAN,SP330,61.5,SUL,-23.172059453734,-46.922658383846,COLISÃO,COLISÃO-LATERAL,NÃO INFORMADO,0,1,0,0,JUNDIAÍ,CAMPINAS,CAMPINAS,ESTADUAL,1.0,0.0,1.0,0.0,0.0,0.0,0.0,0.0,0.0,0.0,0.0,0.0,0.0,0.0,0.0,0.0
2026-04-06T00:00:00,13:09:03,L29-VIAPAULISTA,SP330,279.98,SUL,-21.42193778,-47.65854995,COLISÃO,COLISÃO-TRASEIRA,IMPRUD. CONDUTOR-DIST. INADEQUADA ENTRE VEÍC.,1,0,0,0,SÃO SIMÃO,RIBEIRÃO PRETO,RIBEIRÃO PRETO,ESTADUAL,0.0,0.0,0.0,0.0,2.0,0.0,0.0,0.0,0.0,0.0,0.0,0.0,0.0,0.0,0.0,0.0
2026-04-06T00:00:00,17:23:00,L28-ENTREVIAS,SP330,321.1,NORTE,-21.10114425085008,-47.78851655272587,COLISÃO,COLISÃO-TRASEIRA,IMPRUD. CONDUTOR-FALTA DE ATENÇÃO,0,0,0,0,RIBEIRÃO PRETO,RIBEIRÃO PRETO,RIBEIRÃO PRETO,ESTADUAL,1.0,0.0,0.0,0.0,0.0,0.0,0.0,0.0,0.0,0.0,1.0,0.0,0.0,0.0,0.0,0.0
2026-04-06T00:00:00,19:01:00,L29-VIAPAULISTA,SP330,312.703,SUL,-21.15979105,-47.75641731,COLISÃO,COLISÃO-TRASEIRA,IMPRUD. CONDUTOR,0,0,0,0,RIBEIRÃO PRETO,RIBEIRÃO PRETO,RIBEIRÃO PRETO,ESTADUAL,0.0,0.0,1.0,1.0,0.0,0.0,0.0,0.0,0.0,0.0,0.0,0.0,0.0,0.0,0.0,0.0
2026-04-06T00:00:00,21:10:07,L06-INTERVIAS,SP330,188.18,SUL,-22.19147475,-47.3977756,CHOQUE,CHOQUE-DEFENSA/BARREIRA,ANIMAL NA RODOVIA,1,0,0,0,LEME,CAMPINAS,RIO CLARO,ESTADUAL,0.0,0.0,0.0,1.0,0.0,0.0,0.0,0.0,0.0,0.0,0.0,0.0,0.0,0.0,0.0,0.0
2026-04-06T00:00:00,23:16:07,L01-AUTOBAN,SP330,41.5,NORTE,-23.320203111845,-46.850107312203,CHOQUE,CHOQUE-DEFENSA/BARREIRA,NÃO INFORMADO,1,0,0,0,CAJAMAR,REG. METROPOLITANA SÃO PAULO,SÃO PAULO,ESTADUAL,1.0,0.0,0.0,0.0,0.0,0.0,0.0,0.0,0.0,0.0,0.0,0.0,0.0,0.0,0.0,0.0
2026-04-06T00:00:00,23:23:20,L01-AUTOBAN,SP330,14.3,NORTE,-23.504892144436,-46.751133934448,TOMBAMENTO,TOMBAMENTO-MOTO,NÃO INFORMADO,2,0,0,0,SÃO PAULO,REG. METROPOLITANA SÃO PAULO,SÃO PAULO,ESTADUAL,0.0,0.0,1.0,0.0,0.0,0.0,0.0,0.0,0.0,0.0,0.0,0.0,0.0,0.0,0.0,0.0
2026-04-07T00:00:00,00:16:41,L28-ENTREVIAS,SP330,382.5,SUL,-20.57378181773871,-47.87189250802193,COLISÃO,COLISÃO-TRASEIRA,IMPRUD. CONDUTOR-FALTA DE ATENÇÃO,0,0,0,0,SÃO JOAQUIM DA BARRA,FRANCA,RIBEIRÃO PRETO,ESTADUAL,0.0,0.0,0.0,0.0,2.0,0.0,0.0,0.0,0.0,0.0,0.0,0.0,0.0,0.0,0.0,0.0
2026-04-07T00:00:00,06:32:46,L06-INTERVIAS,SPI165/330,2.8,OESTE,-22.3947578,-47.36535867,TOMBAMENTO,TOMBAMENTO,IMPRUD. CONDUTOR-PERDA DE CONTROLE,1,0,0,0,ARARAS,CAMPINAS,RIO CLARO,ESTADUAL,0.0,0.0,1.0,0.0,0.0,0.0,0.0,0.0,0.0,0.0,0.0,0.0,0.0,0.0,0.0,0.0
2026-04-07T00:00:00,06:52:26,L01-AUTOBAN,SP330,53.0,SUL,-23.230945296234,-46.87306702137,COLISÃO,COLISÃO-TRANSVERSAL,NÃO INFORMADO,0,0,0,0,JUNDIAÍ,CAMPINAS,CAMPINAS,ESTADUAL,1.0,0.0,1.0,0.0,0.0,0.0,0.0,0.0,0.0,0.0,0.0,0.0,0.0,0.0,0.0,0.0
2026-04-07T00:00:00,12:57:17,L06-INTERVIAS,SP330,193.5,SUL,-22.14442044,-47.404639,COLISÃO,COLISÃO-TRASEIRA,IMPRUD. CONDUTOR,0,0,0,0,LEME,CAMPINAS,RIO CLARO,ESTADUAL,1.0,0.0,0.0,0.0,1.0,0.0,0.0,0.0,0.0,0.0,0.0,0.0,0.0,0.0,0.0,0.0
2026-04-07T00:00:00,14:49:58,L01-AUTOBAN,SP330,20.0,NORTE,-23.468944569907,-46.778873205185,COLISÃO,COLISÃO-TRASEIRA,NÃO INFORMADO,1,0,0,0,OSASCO,REG. METROPOLITANA SÃO PAULO,SÃO PAULO,ESTADUAL,1.0,0.0,1.0,0.0,0.0,0.0,0.0,0.0,0.0,0.0,0.0,0.0,0.0,0.0,0.0,0.0
2026-04-07T00:00:00,16:25:57,L01-AUTOBAN,SP330,60.0,SUL,-23.181167952022,-46.911588907242,COLISÃO,COLISÃO-TRASEIRA,NÃO INFORMADO,0,0,0,0,JUNDIAÍ,CAMPINAS,CAMPINAS,ESTADUAL,2.0,0.0,0.0,0.0,0.0,0.0,0.0,0.0,0.0,0.0,0.0,0.0,0.0,0.0,0.0,0.0
2026-04-07T00:00:00,17:37:28,L01-AUTOBAN,SPM330E,62.0,SUL,-23.168814423993,-46.926614642143,COLISÃO,COLISÃO-TRASEIRA,NÃO INFORMADO,0,0,0,0,JUNDIAÍ,NÃO INFORMADO,NÃO INFORMADO,NÃO INFORMADO,1.0,0.0,0.0,0.0,1.0,0.0,0.0,0.0,0.0,0.0,0.0,0.0,0.0,0.0,0.0,0.0
2026-04-07T00:00:00,18:56:22,L01-AUTOBAN,SP330,53.0,NORTE,-23.230639,-46.87295,ATROPELAMENTO DE PEDESTRE,ATROP. PEDESTRE-OUTROS,NÃO INFORMADO,0,0,1,0,JUNDIAÍ,CAMPINAS,CAMPINAS,ESTADUAL,0.0,0.0,0.0,1.0,0.0,0.0,0.0,1.0,0.0,0.0,0.0,0.0,0.0,0.0,0.0,0.0
2026-04-07T00:00:00,19:05:39,L01-AUTOBAN,SP330,96.0,NORTE,-22.911450110385,-47.101403474808,ENGAVETAMENTO,ENGAVETAMENTO,NÃO INFORMADO,2,0,0,0,CAMPINAS,CAMPINAS,CAMPINAS,ESTADUAL,3.0,0.0,0.0,0.0,0.0,0.0,0.0,0.0,0.0,0.0,0.0,0.0,0.0,0.0,0.0,0.0
2026-04-07T00:00:00,19:35:57,L28-ENTREVIAS,SP330,420.0,SUL,-20.23981612051826,-47.79527655768587,CHOQUE,CHOQUE-OBJETO NA PISTA,OBJETO NA PISTA,0,0,0,0,BURITIZAL,FRANCA,RIBEIRÃO PRETO,ESTADUAL,1.0,0.0,0.0,0.0,0.0,0.0,0.0,0.0,0.0,0.0,0.0,0.0,0.0,0.0,0.0,0.0
2026-04-07T00:00:00,20:09:29,L01-AUTOBAN,SP330,38.0,SUL,-23.344767747059,-46.840934157372,COLISÃO,COLISÃO-LATERAL,NÃO INFORMADO,0,0,0,0,CAJAMAR,REG. METROPOLITANA SÃO PAULO,SÃO PAULO,ESTADUAL,1.0,1.0,0.0,0.0,0.0,0.0,0.0,0.0,0.0,0.0,0.0,0.0,0.0,0.0,0.0,0.0
2026-04-07T00:00:00,20:51:06,L29-VIAPAULISTA,SP330,301.925,SUL,-21.25587525,-47.75462393,COLISÃO,COLISÃO-TRASEIRA,IMPRUD. CONDUTOR,0,0,0,0,RIBEIRÃO PRETO,RIBEIRÃO PRETO,RIBEIRÃO PRETO,ESTADUAL,2.0,0.0,0.0,0.0,0.0,0.0,0.0,0.0,0.0,0.0,0.0,0.0,0.0,0.0,0.0,0.0
2026-04-07T00:00:00,22:13:14,L01-AUTOBAN,SP330,32.0,SUL,-23.392872,-46.835561,COLISÃO,COLISÃO-LATERAL,NÃO INFORMADO,0,0,0,0,CAJAMAR,REG. METROPOLITANA SÃO PAULO,SÃO PAULO,ESTADUAL,1.0,1.0,0.0,0.0,0.0,0.0,0.0,0.0,0.0,0.0,0.0,0.0,0.0,0.0,0.0,0.0
2026-04-08T00:00:00,02:48:09,L01-AUTOBAN,SP330,111.3,NORTE,-22.816509172238,-47.20390518728,CHOQUE,CHOQUE-DEFENSA/BARREIRA,NÃO INFORMADO,1,0,0,0,SUMARÉ,CAMPINAS,CAMPINAS,ESTADUAL,0.0,0.0,1.0,0.0,0.0,0.0,0.0,0.0,0.0,0.0,0.0,0.0,0.0,0.0,0.0,0.0
2026-04-08T00:00:00,06:28:58,L28-ENTREVIAS,SP330,365.5,NORTE,-20.72275430793934,-47.89333394892145,COLISÃO,COLISÃO-LATERAL,MAL SÚBITO DO CONDUTOR,1,0,0,0,ORLÂNDIA,FRANCA,RIBEIRÃO PRETO,ESTADUAL,0.0,0.0,0.0,0.0,2.0,0.0,0.0,0.0,0.0,0.0,0.0,0.0,0.0,0.0,0.0,0.0
2026-04-08T00:00:00,06:42:15,L01-AUTOBAN,SP330,23.0,SUL,-23.444260270505,-46.78705394268,COLISÃO,COLISÃO-TRASEIRA,NÃO INFORMADO,1,0,0,0,SÃO PAULO,REG. METROPOLITANA SÃO PAULO,SÃO PAULO,ESTADUAL,1.0,0.0,1.0,0.0,0.0,0.0,0.0,0.0,0.0,0.0,0.0,0.0,0.0,0.0,0.0,0.0
2026-04-08T00:00:00,07:00:05,L01-AUTOBAN,SP330,41.5,SUL,-23.320422328204,-46.850177049637,CAPOTAMENTO,CAPOTAMENTO,NÃO INFORMADO,0,0,0,0,CAJAMAR,REG. METROPOLITANA SÃO PAULO,SÃO PAULO,ESTADUAL,1.0,0.0,0.0,0.0,0.0,0.0,0.0,0.0,0.0,0.0,0.0,0.0,0.0,0.0,0.0,0.0
2026-04-08T00:00:00,08:02:47,L01-AUTOBAN,SP330,46.0,SUL,-23.288307223274,-46.866114735603,CHOQUE,CHOQUE-TALUDE/BARRANCO,NÃO INFORMADO,1,0,0,0,CAJAMAR,REG. METROPOLITANA SÃO PAULO,SÃO PAULO,ESTADUAL,1.0,0.0,0.0,0.0,0.0,0.0,0.0,0.0,0.0,0.0,0.0,0.0,0.0,0.0,0.0,0.0
2026-04-08T00:00:00,11:59:04,L28-ENTREVIAS,SP330,439.35,NORTE,-20.08388339540906,-47.78902242061513,CHOQUE,CHOQUE-TALUDE/BARRANCO,IMPRUD. CONDUTOR-PERDA DE CONTROLE,0,0,0,0,ARAMINA,FRANCA,RIBEIRÃO PRETO,ESTADUAL,0.0,0.0,0.0,0.0,0.0,0.0,0.0,0.0,0.0,0.0,1.0,0.0,0.0,0.0,0.0,0.0
2026-04-08T00:00:00,12:13:00,L06-INTERVIAS,SP330,201.0,NORTE,-22.0789965,-47.42185254,TOMBAMENTO,TOMBAMENTO,PAVIMENTO RUIM/IRREGULAR,1,0,0,0,SANTA CRUZ DA CONCEIÇÃO,CAMPINAS,RIO CLARO,ESTADUAL,0.0,0.0,1.0,0.0,0.0,0.0,0.0,0.0,0.0,0.0,0.0,0.0,0.0,0.0,0.0,0.0
2026-04-08T00:00:00,13:32:21,L06-INTERVIAS,SPD198/330,198.5,NORTE,-22.10065784,-47.41498451,COLISÃO,COLISÃO-TRASEIRA,IMPRUDÊNCIA,0,0,0,0,SANTA CRUZ DA CONCEIÇÃO,NÃO INFORMADO,NÃO INFORMADO,NÃO INFORMADO,1.0,0.0,0.0,1.0,0.0,0.0,0.0,0.0,0.0,0.0,0.0,0.0,0.0,0.0,0.0,0.0
2026-04-08T00:00:00,14:31:15,L06-INTERVIAS,SP330,229.0,SUL,-21.83619433,-47.49540545,OBJETO LANÇADO CONTRA O VEÍCULO,OBJETO LANÇADO CONTRA O VEÍCULO,OBJETO LANÇADO,0,0,0,0,PORTO FERREIRA,CENTRAL,RIO CLARO,ESTADUAL,1.0,1.0,0.0,0.0,0.0,0.0,0.0,0.0,0.0,0.0,0.0,0.0,0.0,0.0,0.0,0.0
2026-04-08T00:00:00,15:30:36,L01-AUTOBAN,SP330,28.5,SUL,-23.410242905745,-46.816067397594,ENGAVETAMENTO,ENGAVETAMENTO,NÃO INFORMADO,0,0,0,0,SÃO PAULO,REG. METROPOLITANA SÃO PAULO,SÃO PAULO,ESTADUAL,1.0,0.0,1.0,0.0,1.0,0.0,0.0,0.0,0.0,0.0,0.0,0.0,0.0,0.0,0.0,0.0
2026-04-08T00:00:00,15:49:04,L29-VIAPAULISTA,SP330,281.85,SUL,-21.41357273,-47.66491775,CHOQUE,CHOQUE-OBJETO NA PISTA,FALHA DE EQUIP. PEDÁGIO-PISTA AVI,0,0,0,0,SÃO SIMÃO,RIBEIRÃO PRETO,RIBEIRÃO PRETO,ESTADUAL,0.0,0.0,0.0,0.0,2.0,0.0,0.0,0.0,0.0,0.0,0.0,0.0,0.0,0.0,0.0,0.0
2026-04-08T00:00:00,16:05:00,L01-AUTOBAN,SP330,34.0,SUL,-23.375975518538,-46.840199232101,COLISÃO,COLISÃO-TRASEIRA,NÃO INFORMADO,0,0,0,0,CAJAMAR,REG. METROPOLITANA SÃO PAULO,SÃO PAULO,ESTADUAL,2.0,0.0,0.0,0.0,0.0,0.0,0.0,0.0,0.0,0.0,0.0,0.0,0.0,0.0,0.0,0.0
2026-04-08T00:00:00,16:24:52,L01-AUTOBAN,SP330,103.2,NORTE,-22.861118703502,-47.141121835019,COLISÃO,COLISÃO-LATERAL,NÃO INFORMADO,0,0,0,1,CAMPINAS,CAMPINAS,CAMPINAS,ESTADUAL,0.0,0.0,1.0,0.0,1.0,0.0,0.0,0.0,0.0,0.0,0.0,0.0,0.0,0.0,0.0,0.0
2026-04-08T00:00:00,17:41:31,L06-INTERVIAS,SP330,162.9,NORTE,-22.41720314,-47.39043352,CHOQUE,CHOQUE-OBJETO NA PISTA,VEÍCULO PARADO NA FAIXA,0,0,0,0,ARARAS,CAMPINAS,RIO CLARO,ESTADUAL,0.0,1.0,0.0,1.0,1.0,0.0,0.0,0.0,0.0,0.0,0.0,0.0,0.0,0.0,0.0,0.0
2026-04-08T00:00:00,19:25:13,L01-AUTOBAN,SP330,61.0,SUL,-23.175304483475,-46.918702125549,COLISÃO,COLISÃO-LATERAL,NÃO INFORMADO,1,0,0,0,JUNDIAÍ,CAMPINAS,CAMPINAS,ESTADUAL,1.0,0.0,1.0,0.0,0.0,0.0,0.0,0.0,0.0,0.0,0.0,0.0,0.0,0.0,0.0,0.0
2026-04-08T00:00:00,19:55:27,L01-AUTOBAN,SPM330D,53.5,NORTE,-23.226833655014,-46.875242790794,COLISÃO,COLISÃO-TRASEIRA,NÃO INFORMADO,0,0,0,0,JUNDIAÍ,CAMPINAS,CAMPINAS,ESTADUAL,1.0,0.0,1.0,0.0,0.0,0.0,0.0,0.0,0.0,0.0,0.0,0.0,0.0,0.0,0.0,0.0
2026-04-08T00:00:00,20:04:24,L01-AUTOBAN,SPM330E,106.5,SUL,-22.843323381543,-47.167568206787,CHOQUE,CHOQUE-DEFENSA/BARREIRA,NÃO INFORMADO,2,0,0,0,SUMARÉ,CAMPINAS,CAMPINAS,ESTADUAL,1.0,0.0,0.0,0.0,0.0,0.0,0.0,0.0,0.0,0.0,0.0,0.0,0.0,0.0,0.0,0.0
2026-04-08T00:00:00,23:58:29,L28-ENTREVIAS,SPA327/330,2.9,LESTE,-21.0441354884772,-47.81212116612976,CHOQUE,CHOQUE-MEIO FIO,IMPRUD. CONDUTOR-DORMIR AO VOLANTE,3,0,0,0,JARDINÓPOLIS,RIBEIRÃO PRETO,RIBEIRÃO PRETO,ESTADUAL,1.0,0.0,0.0,0.0,0.0,0.0,0.0,0.0,0.0,0.0,0.0,0.0,0.0,0.0,0.0,0.0
2026-04-09T00:00:00,01:00:44,L29-VIAPAULISTA,SP330,266.38,NORTE,-21.54069112,-47.64014241,TOMBAMENTO,TOMBAMENTO,ESTOURO/FURO DE PNEU,1,0,0,0,SÃO SIMÃO,RIBEIRÃO PRETO,RIBEIRÃO PRETO,ESTADUAL,0.0,0.0,1.0,0.0,0.0,0.0,0.0,0.0,0.0,0.0,0.0,0.0,0.0,0.0,0.0,0.0
2026-04-09T00:00:00,05:49:52,L01-AUTOBAN,SPM330D,99.0,NORTE,-22.887730245676,-47.113253474236,CHOQUE,CHOQUE-DEFENSA/BARREIRA,NÃO INFORMADO,0,0,0,0,CAMPINAS,CAMPINAS,CAMPINAS,ESTADUAL,1.0,0.0,0.0,0.0,0.0,0.0,0.0,0.0,0.0,0.0,0.0,0.0,0.0,0.0,0.0,0.0
2026-04-09T00:00:00,11:17:47,L01-AUTOBAN,SPM330E,115.0,SUL,-22.792453279527,-47.226313948631,COLISÃO,COLISÃO-LATERAL,NÃO INFORMADO,1,0,0,0,SUMARÉ,CAMPINAS,CAMPINAS,ESTADUAL,1.0,0.0,1.0,0.0,0.0,0.0,0.0,0.0,0.0,0.0,0.0,0.0,0.0,0.0,0.0,0.0
2026-04-09T00:00:00,11:47:34,L29-VIAPAULISTA,SP330,312.704,SUL,-21.15978197,-47.756418,CHOQUE,CHOQUE-VEÍCULO PARADO NO ACOSTAMENTO,IMPRUD. CONDUTOR,0,0,0,0,RIBEIRÃO PRETO,RIBEIRÃO PRETO,RIBEIRÃO PRETO,ESTADUAL,1.0,0.0,0.0,1.0,0.0,0.0,0.0,0.0,0.0,0.0,0.0,0.0,0.0,0.0,0.0,0.0
2026-04-09T00:00:00,11:57:22,L01-AUTOBAN,SP330,107.0,SUL,-22.839867744999,-47.170851230621,CHOQUE,CHOQUE-DEFENSA/BARREIRA,NÃO INFORMADO,0,0,0,0,SUMARÉ,CAMPINAS,CAMPINAS,ESTADUAL,1.0,0.0,0.0,0.0,0.0,0.0,0.0,0.0,0.0,0.0,0.0,0.0,0.0,0.0,0.0,0.0
2026-04-09T00:00:00,15:56:42,L01-AUTOBAN,SP330,11.5,SUL,-23.510460756591,-46.729056344143,CHOQUE,CHOQUE-DEFENSA/BARREIRA,NÃO INFORMADO,1,0,0,0,SÃO PAULO,REG. METROPOLITANA SÃO PAULO,SÃO PAULO,ESTADUAL,0.0,0.0,1.0,0.0,0.0,0.0,0.0,0.0,0.0,0.0,0.0,0.0,0.0,0.0,0.0,0.0
2026-04-09T00:00:00,16:57:23,L01-AUTOBAN,SP330,60.0,SUL,-23.181167952022,-46.911588907242,COLISÃO,COLISÃO-TRASEIRA,NÃO INFORMADO,0,0,0,0,JUNDIAÍ,CAMPINAS,CAMPINAS,ESTADUAL,1.0,0.0,0.0,0.0,1.0,0.0,0.0,0.0,0.0,0.0,0.0,0.0,0.0,0.0,0.0,0.0
2026-04-09T00:00:00,18:06:09,L01-AUTOBAN,SP330,89.0,NORTE,-22.95896135866,-47.057468891144,TOMBAMENTO,TOMBAMENTO-MOTO,NÃO INFORMADO,2,0,0,0,CAMPINAS,CAMPINAS,CAMPINAS,ESTADUAL,0.0,0.0,1.0,0.0,0.0,0.0,0.0,0.0,0.0,0.0,0.0,0.0,0.0,0.0,0.0,0.0
2026-04-09T00:00:00,22:28:25,L01-AUTOBAN,SP330,12.0,NORTE,-23.509174607034,-46.730620265007,TOMBAMENTO,TOMBAMENTO,NÃO INFORMADO,1,0,0,0,SÃO PAULO,REG. METROPOLITANA SÃO PAULO,SÃO PAULO,ESTADUAL,0.0,0.0,1.0,0.0,0.0,0.0,0.0,0.0,0.0,0.0,0.0,0.0,0.0,0.0,0.0,0.0
2026-04-09T00:00:00,22:41:10,L01-AUTOBAN,SP330,157.0,NORTE,-22.469565174437,-47.398908734322,COLISÃO,COLISÃO-TRASEIRA,NÃO INFORMADO,1,0,0,0,CORDEIRÓPOLIS,CAMPINAS,RIO CLARO,ESTADUAL,1.0,0.0,0.0,0.0,1.0,0.0,0.0,0.0,0.0,0.0,0.0,0.0,0.0,0.0,0.0,0.0
2026-04-10T00:00:00,00:18:13,L01-AUTOBAN,SP330,103.0,NORTE,-22.862197108808,-47.13924407959,COLISÃO,COLISÃO-TRASEIRA,NÃO INFORMADO,1,0,0,0,CAMPINAS,CAMPINAS,CAMPINAS,ESTADUAL,0.0,1.0,1.0,0.0,0.0,0.0,0.0,0.0,0.0,0.0,0.0,0.0,0.0,0.0,0.0,0.0
2026-04-10T00:00:00,01:21:08,L29-VIAPAULISTA,SP330,274.12,NORTE,-21.47213993,-47.64026675,COLISÃO,COLISÃO-TRASEIRA,IMPRUD. CONDUTOR,1,0,0,0,SÃO SIMÃO,RIBEIRÃO PRETO,RIBEIRÃO PRETO,ESTADUAL,0.0,0.0,0.0,0.0,2.0,0.0,0.0,0.0,0.0,0.0,0.0,0.0,0.0,0.0,0.0,0.0
2026-04-10T00:00:00,02:50:24,L01-AUTOBAN,SP330,19.7,NORTE,-23.470374974045,-46.776998345852,CHOQUE,CHOQUE-DEFENSA/BARREIRA,NÃO INFORMADO,0,0,0,0,OSASCO,REG. METROPOLITANA SÃO PAULO,SÃO PAULO,ESTADUAL,1.0,0.0,0.0,0.0,0.0,0.0,0.0,0.0,0.0,0.0,0.0,0.0,0.0,0.0,0.0,0.0
2026-04-10T00:00:00,04:51:36,L01-AUTOBAN,SPI102/330,5.1,NORTE,-22.907824211021,-47.136586646785,COLISÃO,COLISÃO-TRASEIRA,NÃO INFORMADO,2,0,0,0,CAMPINAS,CAMPINAS,CAMPINAS,ESTADUAL,0.0,0.0,0.0,0.0,2.0,0.0,0.0,0.0,0.0,0.0,0.0,0.0,0.0,0.0,0.0,0.0
2026-04-10T00:00:00,08:42:36,L01-AUTOBAN,SP330,100.0,NORTE,-22.880331764505,-47.117582559586,COLISÃO,COLISÃO-TRASEIRA,NÃO INFORMADO,0,0,0,0,CAMPINAS,CAMPINAS,CAMPINAS,ESTADUAL,1.0,0.0,0.0,0.0,0.0,0.0,0.0,0.0,0.0,0.0,0.0,0.0,0.0,0.0,0.0,0.0
2026-04-10T00:00:00,14:22:52,L01-AUTOBAN,SP330,74.14,SUL,-23.074276814467,-46.984160122952,TOMBAMENTO,TOMBAMENTO-MOTO,NÃO INFORMADO,0,1,0,0,VINHEDO,CAMPINAS,CAMPINAS,ESTADUAL,0.0,0.0,1.0,0.0,0.0,0.0,0.0,0.0,0.0,0.0,0.0,0.0,0.0,0.0,0.0,0.0
2026-04-10T00:00:00,19:22:01,L01-AUTOBAN,SP330,101.8,NORTE,-22.868652468972,-47.130649231549,COLISÃO,COLISÃO-TRASEIRA,NÃO INFORMADO,1,0,0,0,CAMPINAS,CAMPINAS,CAMPINAS,ESTADUAL,1.0,0.0,1.0,0.0,0.0,0.0,0.0,0.0,0.0,0.0,0.0,0.0,0.0,0.0,0.0,0.0
2026-04-10T00:00:00,19:53:33,L06-INTERVIAS,SP330,231.93,SUL,-21.81058938,-47.49992017,TOMBAMENTO,TOMBAMENTO,ESTOURO/FURO DE PNEU,0,0,1,1,PORTO FERREIRA,CENTRAL,RIO CLARO,ESTADUAL,1.0,0.0,1.0,0.0,0.0,0.0,0.0,0.0,0.0,0.0,0.0,0.0,0.0,0.0,0.0,0.0
2026-04-10T00:00:00,21:21:14,L01-AUTOBAN,SP330,12.9,SUL,-23.508284729511,-46.739081557888,ENGAVETAMENTO,ENGAVETAMENTO,NÃO INFORMADO,0,0,0,0,SÃO PAULO,REG. METROPOLITANA SÃO PAULO,SÃO PAULO,ESTADUAL,3.0,1.0,0.0,1.0,0.0,0.0,0.0,0.0,0.0,0.0,0.0,0.0,0.0,0.0,0.0,0.0
2026-04-10T00:00:00,22:14:30,L01-AUTOBAN,SPM330E,99.0,SUL,-22.887972406914,-47.113489508629,CHOQUE,CHOQUE-DEFENSA/BARREIRA,NÃO INFORMADO,0,0,0,0,CAMPINAS,CAMPINAS,CAMPINAS,ESTADUAL,1.0,0.0,0.0,0.0,0.0,0.0,0.0,0.0,0.0,0.0,0.0,0.0,0.0,0.0,0.0,0.0
2026-04-10T00:00:00,23:05:47,L01-AUTOBAN,SP330,98.0,NORTE,-22.895874533463,-47.110748291016,CHOQUE,CHOQUE-DEFENSA/BARREIRA,NÃO INFORMADO,1,0,0,0,CAMPINAS,CAMPINAS,CAMPINAS,ESTADUAL,1.0,0.0,0.0,0.0,0.0,0.0,0.0,0.0,0.0,0.0,0.0,0.0,0.0,0.0,0.0,0.0
2026-04-11T00:00:00,00:27:52,L01-AUTOBAN,SP330,57.1,NORTE,-23.205027976844,-46.899537198624,ATROPELAMENTO DE PEDESTRE,ATROP. PEDESTRE-OUTROS,NÃO INFORMADO,0,0,0,1,JUNDIAÍ,CAMPINAS,CAMPINAS,ESTADUAL,1.0,0.0,0.0,0.0,0.0,0.0,0.0,1.0,0.0,0.0,0.0,0.0,0.0,0.0,0.0,0.0
2026-04-11T00:00:00,06:59:17,L01-AUTOBAN,SPM330D,61.0,NORTE,-23.175294620401,-46.918331980705,COLISÃO,COLISÃO-TRASEIRA,NÃO INFORMADO,1,0,0,0,JUNDIAÍ,CAMPINAS,CAMPINAS,ESTADUAL,1.0,0.0,1.0,0.0,0.0,0.0,0.0,0.0,0.0,0.0,0.0,0.0,0.0,0.0,0.0,0.0
2026-04-11T00:00:00,07:17:00,L28-ENTREVIAS,SP330,371.95,SUL,-20.64506253274801,-47.88060747126861,CHOQUE,CHOQUE-ELEMENTO DE DRENAGEM,IMPRUD. CONDUTOR-USO CELULAR AO VOLANTE,0,0,0,0,ORLÂNDIA,FRANCA,RIBEIRÃO PRETO,ESTADUAL,1.0,0.0,0.0,0.0,0.0,0.0,0.0,0.0,0.0,0.0,0.0,0.0,0.0,0.0,0.0,0.0
2026-04-11T00:00:00,10:29:55,L06-INTERVIAS,SP330,169.0,NORTE,-22.36292367,-47.39452627,CHOQUE,CHOQUE-OBJETO NA PISTA,OBJETO NA PISTA,0,0,0,0,ARARAS,CAMPINAS,RIO CLARO,ESTADUAL,1.0,0.0,0.0,0.0,0.0,0.0,0.0,0.0,0.0,0.0,0.0,0.0,0.0,0.0,0.0,0.0
2026-04-11T00:00:00,10:32:23,L29-VIAPAULISTA,SP330,299.378,NORTE,-21.27788487,-47.75278207,COLISÃO,COLISÃO-TRASEIRA,IMPRUD. CONDUTOR-DIST. INADEQUADA ENTRE VEÍC.,0,0,0,0,CRAVINHOS,RIBEIRÃO PRETO,RIBEIRÃO PRETO,ESTADUAL,1.0,0.0,0.0,1.0,0.0,0.0,0.0,0.0,0.0,0.0,0.0,0.0,0.0,0.0,0.0,0.0
2026-04-11T00:00:00,10:42:14,L06-INTERVIAS,SP330,169.0,NORTE,-22.36292367,-47.39452627,CHOQUE,CHOQUE-OBJETO NA PISTA,OBJETO NA PISTA,0,0,0,0,ARARAS,CAMPINAS,RIO CLARO,ESTADUAL,0.0,0.0,0.0,0.0,1.0,0.0,0.0,0.0,0.0,0.0,0.0,0.0,0.0,0.0,0.0,0.0
2026-04-11T00:00:00,10:54:20,L06-INTERVIAS,SP330,228.571,SUL,-21.84009282,-47.49537659,CHOQUE,CHOQUE-DEFENSA/BARREIRA,IMPRUDÊNCIA,0,0,0,0,PORTO FERREIRA,CENTRAL,RIO CLARO,ESTADUAL,1.0,0.0,0.0,0.0,0.0,0.0,0.0,0.0,0.0,0.0,0.0,0.0,0.0,0.0,0.0,0.0
2026-04-11T00:00:00,12:13:54,L06-INTERVIAS,SP330,185.5,NORTE,-22.21534266,-47.39297215,COLISÃO,COLISÃO-LATERAL,IMPRUD. CONDUTOR,0,0,0,0,LEME,CAMPINAS,RIO CLARO,ESTADUAL,2.0,0.0,0.0,0.0,0.0,0.0,0.0,0.0,0.0,0.0,0.0,0.0,0.0,0.0,0.0,0.0
2026-04-11T00:00:00,13:59:39,L01-AUTOBAN,SP330,60.0,SUL,-23.181167952022,-46.911588907242,COLISÃO,COLISÃO-TRASEIRA,NÃO INFORMADO,0,0,0,0,JUNDIAÍ,CAMPINAS,CAMPINAS,ESTADUAL,0.0,0.0,1.0,0.0,1.0,0.0,0.0,0.0,0.0,0.0,0.0,0.0,0.0,0.0,0.0,0.0
2026-04-11T00:00:00,15:16:06,L01-AUTOBAN,SP330,25.0,SUL,-23.42658,-46.787612,COLISÃO,COLISÃO-TRANSVERSAL,NÃO INFORMADO,0,0,0,0,SÃO PAULO,REG. METROPOLITANA SÃO PAULO,SÃO PAULO,ESTADUAL,1.0,1.0,0.0,0.0,0.0,0.0,0.0,0.0,0.0,0.0,0.0,0.0,0.0,0.0,0.0,0.0
2026-04-11T00:00:00,17:02:34,L01-AUTOBAN,SP330,18.0,NORTE,-23.482416628034,-46.770944595337,CHOQUE,CHOQUE-OBJETO NA PISTA,NÃO INFORMADO,1,0,0,0,OSASCO,REG. METROPOLITANA SÃO PAULO,SÃO PAULO,ESTADUAL,0.0,0.0,1.0,0.0,0.0,0.0,0.0,0.0,0.0,0.0,0.0,0.0,0.0,0.0,0.0,0.0
2026-04-11T00:00:00,18:20:25,L28-ENTREVIAS,SP330,440.9,NORTE,-20.08388339540906,-47.78902242061513,COLISÃO,COLISÃO-TRASEIRA,IMPRUD. CONDUTOR-EMBRIAGUEZ,0,0,0,0,IGARAPAVA,FRANCA,RIBEIRÃO PRETO,ESTADUAL,0.0,0.0,0.0,0.0,1.0,0.0,0.0,0.0,0.0,0.0,1.0,0.0,0.0,0.0,0.0,0.0
2026-04-11T00:00:00,22:00:00,L28-ENTREVIAS,SP330,431.35,NORTE,-20.1080992700557,-47.79070248525002,ATROPELAMENTO DE ANIMAL,ATROP. ANIMAL-DOMÉSTICO PEQUENO,ANIMAL NA RODOVIA,0,0,0,0,ARAMINA,FRANCA,RIBEIRÃO PRETO,ESTADUAL,1.0,0.0,0.0,0.0,0.0,0.0,0.0,0.0,0.0,0.0,0.0,0.0,0.0,0.0,0.0,0.0
2026-04-11T00:00:00,22:48:25,L01-AUTOBAN,SPM330D,112.4,NORTE,-22.811030353295,-47.211919080537,CHOQUE,CHOQUE-DEFENSA/BARREIRA,NÃO INFORMADO,0,1,0,0,SUMARÉ,CAMPINAS,CAMPINAS,ESTADUAL,0.0,0.0,1.0,0.0,0.0,0.0,0.0,0.0,0.0,0.0,0.0,0.0,0.0,0.0,0.0,0.0
2026-04-11T00:00:00,23:09:42,L06-INTERVIAS,SP330,217.0,SUL,-21.94049319,-47.46564372,CHOQUE,CHOQUE-OUTROS,OUTROS,0,0,0,0,PIRASSUNUNGA,CAMPINAS,RIO CLARO,ESTADUAL,1.0,0.0,0.0,0.0,0.0,0.0,0.0,0.0,0.0,0.0,0.0,0.0,0.0,0.0,0.0,0.0
2026-04-12T00:00:00,01:35:35,L01-AUTOBAN,SPM330E,57.0,SUL,-23.206009637649,-46.899240016937,COLISÃO,COLISÃO-LATERAL,NÃO INFORMADO,0,0,0,0,JUNDIAÍ,CAMPINAS,CAMPINAS,ESTADUAL,3.0,0.0,0.0,0.0,0.0,0.0,0.0,0.0,0.0,0.0,0.0,0.0,0.0,0.0,0.0,0.0
2026-04-12T00:00:00,03:52:50,L01-AUTOBAN,SPM330D,90.0,NORTE,-22.950983874728,-47.061969637871,COLISÃO,COLISÃO-TRASEIRA,NÃO INFORMADO,0,0,0,0,CAMPINAS,CAMPINAS,CAMPINAS,ESTADUAL,0.0,0.0,1.0,0.0,0.0,0.0,0.0,0.0,0.0,0.0,0.0,0.0,0.0,0.0,0.0,0.0
2026-04-12T00:00:00,05:45:58,L01-AUTOBAN,SPI102/330,4.1,SUL,-22.899655406308,-47.137087047075,TOMBAMENTO,TOMBAMENTO,NÃO INFORMADO,1,0,0,0,CAMPINAS,CAMPINAS,CAMPINAS,ESTADUAL,1.0,0.0,0.0,0.0,0.0,0.0,0.0,0.0,0.0,0.0,0.0,0.0,0.0,0.0,0.0,0.0
2026-04-12T00:00:00,10:34:55,L01-AUTOBAN,SP330,54.0,NORTE,-23.223028310027,-46.877535581589,COLISÃO,COLISÃO-LATERAL,NÃO INFORMADO,0,0,0,0,JUNDIAÍ,CAMPINAS,CAMPINAS,ESTADUAL,2.0,0.0,0.0,0.0,0.0,0.0,0.0,0.0,0.0,0.0,0.0,0.0,0.0,0.0,0.0,0.0
2026-04-12T00:00:00,14:00:32,L29-VIAPAULISTA,SP330,315.253,NORTE,-21.13706991,-47.76312405,COLISÃO,COLISÃO-FRONTAL,IMPRUD. CONDUTOR-TRAFEGAR NA CONTRAMÃO,0,0,0,0,RIBEIRÃO PRETO,RIBEIRÃO PRETO,RIBEIRÃO PRETO,ESTADUAL,1.0,0.0,1.0,0.0,0.0,0.0,0.0,0.0,0.0,0.0,0.0,0.0,0.0,0.0,0.0,0.0
2026-04-12T00:00:00,14:59:01,L01-AUTOBAN,SP330,96.0,NORTE,-22.911450110385,-47.101403474808,TOMBAMENTO,TOMBAMENTO-MOTO,NÃO INFORMADO,1,1,0,0,CAMPINAS,CAMPINAS,CAMPINAS,ESTADUAL,0.0,0.0,1.0,0.0,0.0,0.0,0.0,0.0,0.0,0.0,0.0,0.0,0.0,0.0,0.0,0.0
2026-04-12T00:00:00,17:27:39,L01-AUTOBAN,SP330,25.0,SUL,-23.42658,-46.787612,COLISÃO,COLISÃO-TRASEIRA,NÃO INFORMADO,0,0,0,0,SÃO PAULO,REG. METROPOLITANA SÃO PAULO,SÃO PAULO,ESTADUAL,1.0,0.0,0.0,0.0,1.0,0.0,0.0,0.0,0.0,0.0,0.0,0.0,0.0,0.0,0.0,0.0
2026-04-12T00:00:00,19:37:17,L01-AUTOBAN,SPI102/330,6.0,NORTE,-22.916105,-47.134975,COLISÃO,COLISÃO-TRASEIRA,NÃO INFORMADO,0,0,0,0,CAMPINAS,CAMPINAS,CAMPINAS,ESTADUAL,1.0,1.0,0.0,0.0,0.0,0.0,0.0,0.0,0.0,0.0,0.0,0.0,0.0,0.0,0.0,0.0
2026-04-12T00:00:00,22:46:01,L29-VIAPAULISTA,SP330,240.906,SUL,-21.75595449,-47.56409162,TOMBAMENTO,TOMBAMENTO,IMPRUD. CONDUTOR-LEVOU FECHADA,0,0,0,0,SANTA RITA DO PASSA QUATRO,CENTRAL,RIBEIRÃO PRETO,ESTADUAL,0.0,0.0,1.0,0.0,0.0,0.0,0.0,0.0,0.0,0.0,0.0,0.0,0.0,0.0,0.0,0.0
2026-04-12T00:00:00,23:05:57,L29-VIAPAULISTA,SP330,266.871,SUL,-21.53704211,-47.64100816,CHOQUE,CHOQUE-TALUDE/BARRANCO,IMPRUD. CONDUTOR,0,0,0,0,SÃO SIMÃO,RIBEIRÃO PRETO,RIBEIRÃO PRETO,ESTADUAL,1.0,0.0,0.0,0.0,0.0,0.0,0.0,0.0,0.0,0.0,0.0,0.0,0.0,0.0,0.0,0.0
2026-04-12T00:00:00,23:35:27,L06-INTERVIAS,SP330,195.0,NORTE,-22.13171685,-47.40930839,COLISÃO,COLISÃO-TRASEIRA,NÃO INFORMADO,1,0,0,0,LEME,CAMPINAS,RIO CLARO,ESTADUAL,1.0,0.0,0.0,0.0,0.0,0.0,0.0,0.0,0.0,0.0,1.0,0.0,0.0,0.0,0.0,0.0
2026-04-13T00:00:00,06:06:30,L01-AUTOBAN,SP330,55.0,SUL,-23.216229975306,-46.884031891823,ENGAVETAMENTO,ENGAVETAMENTO,NÃO INFORMADO,0,0,0,0,JUNDIAÍ,CAMPINAS,CAMPINAS,ESTADUAL,3.0,0.0,0.0,0.0,0.0,0.0,0.0,0.0,0.0,0.0,0.0,0.0,0.0,0.0,0.0,0.0
2026-04-13T00:00:00,06:47:34,L29-VIAPAULISTA,SP330,307.541,NORTE,-21.20549696,-47.75821992,COLISÃO,COLISÃO-TRASEIRA,IMPRUD. CONDUTOR-DIST. INADEQUADA ENTRE VEÍC.,0,0,0,0,RIBEIRÃO PRETO,RIBEIRÃO PRETO,RIBEIRÃO PRETO,ESTADUAL,1.0,1.0,0.0,0.0,0.0,0.0,0.0,0.0,0.0,0.0,0.0,0.0,0.0,0.0,0.0,0.0
2026-04-13T00:00:00,09:19:53,L01-AUTOBAN,SPM330E,108.0,SUL,-22.832926456389,-47.177379727364,COLISÃO,COLISÃO-TRASEIRA,NÃO INFORMADO,1,0,0,0,SUMARÉ,CAMPINAS,CAMPINAS,ESTADUAL,1.0,0.0,1.0,0.0,0.0,0.0,0.0,0.0,0.0,0.0,0.0,0.0,0.0,0.0,0.0,0.0
2026-04-13T00:00:00,10:52:38,L01-AUTOBAN,SP330,128.1,SUL,-22.703450122567,-47.304190850609,ENGAVETAMENTO,ENGAVETAMENTO,NÃO INFORMADO,2,0,0,0,AMERICANA,CAMPINAS,RIO CLARO,ESTADUAL,2.0,0.0,0.0,0.0,1.0,0.0,0.0,0.0,0.0,0.0,0.0,0.0,0.0,0.0,0.0,0.0
2026-04-13T00:00:00,11:41:16,L29-VIAPAULISTA,SP330,270.49,NORTE,-21.50386677,-47.64194704,CHOQUE,CHOQUE-ELEMENTO DE DRENAGEM,ESTOURO/FURO DE PNEU,0,0,0,0,SÃO SIMÃO,RIBEIRÃO PRETO,RIBEIRÃO PRETO,ESTADUAL,1.0,0.0,0.0,0.0,0.0,0.0,0.0,0.0,0.0,0.0,0.0,0.0,0.0,0.0,0.0,0.0
2026-04-13T00:00:00,11:54:14,L01-AUTOBAN,SPM330E,108.0,SUL,-22.832926456389,-47.177379727364,TOMBAMENTO,TOMBAMENTO-MOTO,NÃO INFORMADO,1,0,0,0,SUMARÉ,CAMPINAS,CAMPINAS,ESTADUAL,0.0,0.0,1.0,0.0,0.0,0.0,0.0,0.0,0.0,0.0,0.0,0.0,0.0,0.0,0.0,0.0
2026-04-13T00:00:00,14:09:14,L01-AUTOBAN,SP330,131.9,SUL,-22.671659183564,-47.313348396601,TOMBAMENTO,TOMBAMENTO-MOTO,NÃO INFORMADO,2,0,0,0,LIMEIRA,CAMPINAS,RIO CLARO,ESTADUAL,0.0,0.0,1.0,0.0,0.0,0.0,0.0,0.0,0.0,0.0,0.0,0.0,0.0,0.0,0.0,0.0
2026-04-13T00:00:00,15:27:34,L01-AUTOBAN,SP330,75.0,NORTE,-23.068341,-46.98838,COLISÃO,COLISÃO-TRASEIRA,NÃO INFORMADO,0,0,0,0,VINHEDO,CAMPINAS,CAMPINAS,ESTADUAL,2.0,0.0,0.0,0.0,0.0,0.0,0.0,0.0,0.0,0.0,0.0,0.0,0.0,0.0,0.0,0.0
2026-04-13T00:00:00,16:45:18,L01-AUTOBAN,SP330,75.0,SUL,-23.068143,-46.988749,TOMBAMENTO,TOMBAMENTO-MOTO,NÃO INFORMADO,2,0,0,0,VINHEDO,CAMPINAS,CAMPINAS,ESTADUAL,0.0,0.0,1.0,0.0,0.0,0.0,0.0,0.0,0.0,0.0,0.0,0.0,0.0,0.0,0.0,0.0
2026-04-13T00:00:00,18:19:28,L06-INTERVIAS,SP330,188.0,SUL,-22.19309258,-47.39759314,TOMBAMENTO,TOMBAMENTO,IMPRUD. CONDUTOR-LEVOU FECHADA,1,0,0,0,LEME,CAMPINAS,RIO CLARO,ESTADUAL,0.0,1.0,1.0,0.0,0.0,0.0,0.0,0.0,0.0,0.0,0.0,0.0,0.0,0.0,0.0,0.0
2026-04-14T00:00:00,00:12:08,L01-AUTOBAN,SP330,59.0,NORTE,-23.188929625354,-46.906567811966,COLISÃO,COLISÃO-TRASEIRA,NÃO INFORMADO,0,0,0,0,JUNDIAÍ,CAMPINAS,CAMPINAS,ESTADUAL,2.0,0.0,0.0,0.0,0.0,0.0,0.0,0.0,0.0,0.0,0.0,0.0,0.0,0.0,0.0,0.0
2026-04-14T00:00:00,06:19:53,L06-INTERVIAS,SP330,201.0,SUL,-22.07899039,-47.42223783,CHOQUE,CHOQUE-OBJETO NA PISTA,OBJETO NA PISTA,0,0,0,0,SANTA CRUZ DA CONCEIÇÃO,CAMPINAS,RIO CLARO,ESTADUAL,1.0,0.0,0.0,0.0,0.0,0.0,0.0,0.0,0.0,0.0,0.0,0.0,0.0,0.0,0.0,0.0
2026-04-14T00:00:00,07:19:00,L28-ENTREVIAS,SP330,325.0,SUL,-21.07044899820049,-47.81152257960657,CHOQUE,CHOQUE-DEFENSA/BARREIRA,IMPRUD. CONDUTOR-DORMIR AO VOLANTE,0,0,0,0,RIBEIRÃO PRETO,RIBEIRÃO PRETO,RIBEIRÃO PRETO,ESTADUAL,1.0,0.0,0.0,0.0,0.0,0.0,0.0,0.0,0.0,0.0,0.0,0.0,0.0,0.0,0.0,0.0
2026-04-14T00:00:00,11:31:00,L28-ENTREVIAS,SP330,352.0,SUL,-20.85325187107372,-47.89571221029286,COLISÃO,COLISÃO-TRASEIRA,IMPRUD. CONDUTOR-FALTA DE ATENÇÃO,1,0,0,0,SALES OLIVEIRA,FRANCA,RIBEIRÃO PRETO,ESTADUAL,0.0,0.0,1.0,0.0,0.0,0.0,0.0,0.0,0.0,0.0,1.0,0.0,0.0,0.0,0.0,0.0
2026-04-14T00:00:00,14:35:18,L01-AUTOBAN,SP330,11.7,SUL,-23.5100702596,-46.729596081285,COLISÃO,COLISÃO-FRONTAL,NÃO INFORMADO,0,0,0,0,SÃO PAULO,REG. METROPOLITANA SÃO PAULO,SÃO PAULO,ESTADUAL,2.0,0.0,0.0,0.0,0.0,0.0,0.0,0.0,0.0,0.0,0.0,0.0,0.0,0.0,0.0,0.0
2026-04-14T00:00:00,16:03:46,L01-AUTOBAN,SPM330D,57.0,NORTE,-23.205930751153,-46.899073719978,COLISÃO,COLISÃO-TRASEIRA,NÃO INFORMADO,0,0,0,0,JUNDIAÍ,CAMPINAS,CAMPINAS,ESTADUAL,1.0,0.0,0.0,1.0,0.0,0.0,0.0,0.0,0.0,0.0,0.0,0.0,0.0,0.0,0.0,0.0
2026-04-14T00:00:00,16:52:06,L01-AUTOBAN,SPM330D,56.5,NORTE,-23.208415630283,-46.895412504673,COLISÃO,COLISÃO-TRASEIRA,NÃO INFORMADO,2,0,0,0,JUNDIAÍ,CAMPINAS,CAMPINAS,ESTADUAL,2.0,0.0,0.0,0.0,0.0,0.0,0.0,0.0,0.0,0.0,0.0,0.0,0.0,0.0,0.0,0.0
2026-04-14T00:00:00,17:19:26,L01-AUTOBAN,SP330,108.0,NORTE,-22.832585315555,-47.17717051506,COLISÃO,COLISÃO-TRASEIRA,NÃO INFORMADO,0,0,1,0,SUMARÉ,CAMPINAS,CAMPINAS,ESTADUAL,1.0,0.0,1.0,0.0,1.0,0.0,0.0,0.0,0.0,0.0,0.0,0.0,0.0,0.0,0.0,0.0
2026-04-14T00:00:00,19:36:17,L29-VIAPAULISTA,SP330,318.387,NORTE,-21.11343195,-47.77962202,CHOQUE,CHOQUE-ELEMENTO DE DRENAGEM,PANE MECÂNICA/ELÉTRICA,0,0,0,0,RIBEIRÃO PRETO,RIBEIRÃO PRETO,RIBEIRÃO PRETO,ESTADUAL,1.0,0.0,0.0,0.0,0.0,0.0,0.0,0.0,0.0,0.0,0.0,0.0,0.0,0.0,0.0,0.0
2026-04-14T00:00:00,22:38:01,L29-VIAPAULISTA,SP330,307.5,SUL,-21.20635092,-47.75840115,CHOQUE,CHOQUE-DEFENSA/BARREIRA,IMPRUD. CONDUTOR,1,0,0,0,RIBEIRÃO PRETO,RIBEIRÃO PRETO,RIBEIRÃO PRETO,ESTADUAL,0.0,0.0,1.0,0.0,0.0,0.0,0.0,0.0,0.0,0.0,0.0,0.0,0.0,0.0,0.0,0.0
2026-04-15T00:00:00,05:48:15,L01-AUTOBAN,SP330,65.0,SUL,-23.144631744757,-46.939483880997,COLISÃO,COLISÃO-TRASEIRA,NÃO INFORMADO,0,1,0,0,JUNDIAÍ,CAMPINAS,CAMPINAS,ESTADUAL,1.0,0.0,1.0,0.0,0.0,0.0,0.0,0.0,0.0,0.0,0.0,0.0,0.0,0.0,0.0,0.0
2026-04-15T00:00:00,07:04:43,L29-VIAPAULISTA,SP330,308.323,SUL,-21.19861758,-47.75795302,COLISÃO,COLISÃO-LATERAL,IMPRUD. CONDUTOR-MUDANÇA DE FAIXA,1,0,0,0,RIBEIRÃO PRETO,RIBEIRÃO PRETO,RIBEIRÃO PRETO,ESTADUAL,1.0,0.0,0.0,0.0,1.0,0.0,0.0,0.0,0.0,0.0,0.0,0.0,0.0,0.0,0.0,0.0
2026-04-15T00:00:00,13:50:25,L29-VIAPAULISTA,SPA307/330,3.18,OESTE,-21.1885244,-47.78293524,ENGAVETAMENTO,ENGAVETAMENTO,MAL SÚBITO DO CONDUTOR,0,1,0,0,RIBEIRÃO PRETO,RIBEIRÃO PRETO,RIBEIRÃO PRETO,ESTADUAL,2.0,1.0,0.0,0.0,0.0,0.0,0.0,0.0,0.0,0.0,0.0,0.0,0.0,0.0,0.0,0.0
2026-04-15T00:00:00,15:21:39,L28-ENTREVIAS,SP330,345.8,NORTE,-20.90253140518442,-47.89166471263515,CAPOTAMENTO,CAPOTAMENTO,IMPRUD. CONDUTOR-LEVOU FECHADA,1,0,0,0,SALES OLIVEIRA,FRANCA,RIBEIRÃO PRETO,ESTADUAL,1.0,0.0,0.0,0.0,0.0,0.0,0.0,0.0,0.0,0.0,0.0,0.0,0.0,0.0,0.0,0.0
2026-04-15T00:00:00,15:48:34,L01-AUTOBAN,SP330,12.3,SUL,-23.509084584868,-46.733297647884,COLISÃO,COLISÃO-TRASEIRA,NÃO INFORMADO,0,0,0,0,SÃO PAULO,REG. METROPOLITANA SÃO PAULO,SÃO PAULO,ESTADUAL,2.0,0.0,0.0,0.0,0.0,0.0,0.0,0.0,0.0,0.0,0.0,0.0,0.0,0.0,0.0,0.0
2026-04-15T00:00:00,19:26:44,L01-AUTOBAN,SP330,68.2,SUL,-23.120864033469,-46.955095400426,TOMBAMENTO,TOMBAMENTO-MOTO,NÃO INFORMADO,1,0,0,0,JUNDIAÍ,CAMPINAS,CAMPINAS,ESTADUAL,0.0,0.0,1.0,0.0,0.0,0.0,0.0,0.0,0.0,0.0,0.0,0.0,0.0,0.0,0.0,0.0
2026-04-15T00:00:00,21:42:00,L28-ENTREVIAS,SP330,389.8,SUL,-20.51662415254137,-47.83706353940512,TOMBAMENTO,TOMBAMENTO-MOTO,IMPRUD. CONDUTOR-PERDA DE CONTROLE,0,1,0,0,GUARÁ,FRANCA,RIBEIRÃO PRETO,ESTADUAL,0.0,0.0,1.0,0.0,0.0,0.0,0.0,0.0,0.0,0.0,0.0,0.0,0.0,0.0,0.0,0.0
2026-04-16T00:00:00,05:14:15,L01-AUTOBAN,SP330,25.0,NORTE,-23.426127,-46.787542,CHOQUE,CHOQUE-SINALIZAÇÃO/EQUIPAMENTO,NÃO INFORMADO,0,1,0,0,SÃO PAULO,REG. METROPOLITANA SÃO PAULO,SÃO PAULO,ESTADUAL,0.0,0.0,1.0,0.0,0.0,0.0,0.0,0.0,0.0,0.0,0.0,0.0,0.0,0.0,0.0,0.0
2026-04-16T00:00:00,06:42:47,L01-AUTOBAN,SPM330D,54.0,NORTE,-23.223028310027,-46.877535581589,COLISÃO,COLISÃO-TRASEIRA,NÃO INFORMADO,0,1,0,0,JUNDIAÍ,CAMPINAS,CAMPINAS,ESTADUAL,1.0,0.0,1.0,0.0,0.0,0.0,0.0,0.0,0.0,0.0,0.0,0.0,0.0,0.0,0.0,0.0
2026-04-16T00:00:00,07:50:11,L01-AUTOBAN,SP330,147.0,NORTE,-22.552436,-47.371004,COLISÃO,COLISÃO-TRASEIRA,NÃO INFORMADO,0,0,0,0,LIMEIRA,CAMPINAS,RIO CLARO,ESTADUAL,2.0,0.0,0.0,0.0,0.0,0.0,0.0,0.0,0.0,0.0,0.0,0.0,0.0,0.0,0.0,0.0
2026-04-16T00:00:00,09:10:56,L01-AUTOBAN,SP330,109.5,NORTE,-22.825023120535,-47.188178300858,CHOQUE,CHOQUE-DEFENSA/BARREIRA,NÃO INFORMADO,1,0,0,0,SUMARÉ,CAMPINAS,CAMPINAS,ESTADUAL,1.0,0.0,0.0,0.0,0.0,0.0,0.0,0.0,0.0,0.0,0.0,0.0,0.0,0.0,0.0,0.0
2026-04-16T00:00:00,10:22:16,L01-AUTOBAN,SP330,62.0,SUL,-23.168814423993,-46.926614642143,COLISÃO,COLISÃO-TRASEIRA,NÃO INFORMADO,0,0,0,0,JUNDIAÍ,CAMPINAS,CAMPINAS,ESTADUAL,2.0,0.0,0.0,0.0,0.0,0.0,0.0,0.0,0.0,0.0,0.0,0.0,0.0,0.0,0.0,0.0
2026-04-16T00:00:00,11:58:46,L29-VIAPAULISTA,SP330,263.47,SUL,-21.56655305,-47.63288479,CHOQUE,CHOQUE-ELEMENTO DE DRENAGEM,IMPRUD. CONDUTOR-DESRESPEITO À SINALIZAÇÃO,0,0,0,0,SÃO SIMÃO,RIBEIRÃO PRETO,RIBEIRÃO PRETO,ESTADUAL,0.0,0.0,0.0,0.0,1.0,0.0,0.0,0.0,0.0,0.0,0.0,0.0,0.0,0.0,0.0,0.0
2026-04-16T00:00:00,12:44:44,L06-INTERVIAS,SP330,211.0,NORTE,-21.99203283,-47.44773662,CHOQUE,CHOQUE-DEFENSA/BARREIRA,IMPRUD. CONDUTOR-DORMIR AO VOLANTE,0,0,0,0,PIRASSUNUNGA,CAMPINAS,RIO CLARO,ESTADUAL,1.0,0.0,0.0,0.0,0.0,0.0,0.0,0.0,0.0,0.0,0.0,0.0,0.0,0.0,0.0,0.0
2026-04-16T00:00:00,14:52:32,L01-AUTOBAN,SPM330D,16.3,NORTE,-23.492962539019,-46.761187785751,ENGAVETAMENTO,ENGAVETAMENTO,NÃO INFORMADO,3,0,0,0,OSASCO,REG. METROPOLITANA SÃO PAULO,SÃO PAULO,ESTADUAL,3.0,0.0,0.0,0.0,0.0,0.0,0.0,0.0,0.0,0.0,0.0,0.0,0.0,0.0,0.0,0.0
2026-04-16T00:00:00,16:26:02,L01-AUTOBAN,SP330,27.0,NORTE,-23.416022194568,-46.802911162376,COLISÃO,COLISÃO-TRASEIRA,NÃO INFORMADO,0,1,0,0,SÃO PAULO,REG. METROPOLITANA SÃO PAULO,SÃO PAULO,ESTADUAL,0.0,0.0,1.0,1.0,0.0,0.0,0.0,0.0,0.0,0.0,0.0,0.0,0.0,0.0,0.0,0.0
2026-04-16T00:00:00,17:16:56,L01-AUTOBAN,SP330,58.0,SUL,-23.19706558464,-46.903826594353,ATROPELAMENTO DE PEDESTRE,ATROP. PEDESTRE-OUTROS,NÃO INFORMADO,1,0,0,0,JUNDIAÍ,CAMPINAS,CAMPINAS,ESTADUAL,0.0,0.0,1.0,0.0,0.0,0.0,0.0,1.0,0.0,0.0,0.0,0.0,0.0,0.0,0.0,0.0
2026-04-16T00:00:00,17:37:35,L29-VIAPAULISTA,SP330,309.36,NORTE,-21.18910366,-47.75735991,ENGAVETAMENTO,ENGAVETAMENTO,IMPRUD. CONDUTOR-DIST. INADEQUADA ENTRE VEÍC.,0,0,0,0,RIBEIRÃO PRETO,RIBEIRÃO PRETO,RIBEIRÃO PRETO,ESTADUAL,1.0,2.0,0.0,0.0,0.0,0.0,0.0,0.0,0.0,0.0,0.0,0.0,0.0,0.0,0.0,0.0
2026-04-16T00:00:00,18:32:13,L01-AUTOBAN,SP330,144.6,SUL,-22.572910100345,-47.366551633295,COLISÃO,COLISÃO-TRASEIRA,NÃO INFORMADO,2,0,0,0,LIMEIRA,CAMPINAS,RIO CLARO,ESTADUAL,0.0,0.0,2.0,0.0,0.0,0.0,0.0,0.0,0.0,0.0,0.0,0.0,0.0,0.0,0.0,0.0
2026-04-16T00:00:00,19:16:28,L01-AUTOBAN,SP330,55.5,SUL,-23.213641660788,-46.887918412685,COLISÃO,COLISÃO-TRASEIRA,NÃO INFORMADO,1,0,0,0,JUNDIAÍ,CAMPINAS,CAMPINAS,ESTADUAL,3.0,0.0,0.0,0.0,0.0,0.0,0.0,0.0,0.0,0.0,0.0,0.0,0.0,0.0,0.0,0.0
2026-04-17T00:00:00,01:39:53,L01-AUTOBAN,SP330,28.0,NORTE,-23.410986254888,-46.811118721962,COLISÃO,COLISÃO-LATERAL,NÃO INFORMADO,0,0,0,0,SÃO PAULO,REG. METROPOLITANA SÃO PAULO,SÃO PAULO,ESTADUAL,2.0,0.0,0.0,0.0,0.0,0.0,0.0,0.0,0.0,0.0,0.0,0.0,0.0,0.0,0.0,0.0
2026-04-17T00:00:00,02:31:00,L28-ENTREVIAS,SP330,381.0,NORTE,-20.58714410499792,-47.87881067753921,ATROPELAMENTO DE ANIMAL,ATROP. ANIMAL-SILVESTRE GRANDE,ANIMAL NA RODOVIA,0,0,0,0,SÃO JOAQUIM DA BARRA,FRANCA,RIBEIRÃO PRETO,ESTADUAL,0.0,0.0,0.0,0.0,0.0,0.0,0.0,0.0,0.0,0.0,1.0,0.0,0.0,0.0,0.0,0.0
2026-04-17T00:00:00,05:02:20,L01-AUTOBAN,SP330,26.0,NORTE,-23.420506628573,-46.794564127922,ENGAVETAMENTO,ENGAVETAMENTO,NÃO INFORMADO,0,0,0,0,SÃO PAULO,REG. METROPOLITANA SÃO PAULO,SÃO PAULO,ESTADUAL,0.0,1.0,0.0,1.0,0.0,0.0,1.0,0.0,0.0,0.0,0.0,0.0,0.0,0.0,0.0,0.0
2026-04-17T00:00:00,06:21:15,L01-AUTOBAN,SP330,60.7,SUL,-23.177063519565,-46.916568165484,COLISÃO,COLISÃO-TRASEIRA,NÃO INFORMADO,0,0,0,0,JUNDIAÍ,CAMPINAS,CAMPINAS,ESTADUAL,0.0,0.0,0.0,2.0,0.0,0.0,0.0,0.0,0.0,0.0,0.0,0.0,0.0,0.0,0.0,0.0
2026-04-17T00:00:00,06:25:57,L01-AUTOBAN,SP330,113.7,SUL,-22.802758379433,-47.220340115655,COLISÃO,COLISÃO-TRASEIRA,NÃO INFORMADO,0,1,0,0,SUMARÉ,CAMPINAS,CAMPINAS,ESTADUAL,1.0,0.0,1.0,0.0,0.0,0.0,0.0,0.0,0.0,0.0,0.0,0.0,0.0,0.0,0.0,0.0
2026-04-17T00:00:00,06:50:45,L01-AUTOBAN,SP330,61.0,NORTE,-23.175294620401,-46.918331980705,TOMBAMENTO,TOMBAMENTO-MOTO,NÃO INFORMADO,0,1,0,0,JUNDIAÍ,CAMPINAS,CAMPINAS,ESTADUAL,0.0,0.0,1.0,0.0,0.0,0.0,0.0,0.0,0.0,0.0,0.0,0.0,0.0,0.0,0.0,0.0
2026-04-17T00:00:00,08:51:00,L28-ENTREVIAS,SP330,409.98,SUL,-20.35188325090051,-47.81418271387662,COLISÃO,COLISÃO-TRASEIRA,IMPRUD. CONDUTOR-FALTA DE ATENÇÃO,0,0,0,0,ITUVERAVA,FRANCA,RIBEIRÃO PRETO,ESTADUAL,1.0,1.0,0.0,0.0,0.0,0.0,0.0,0.0,0.0,0.0,0.0,0.0,0.0,0.0,0.0,0.0
2026-04-17T00:00:00,11:20:07,L01-AUTOBAN,SP330,26.0,SUL,-23.42090534696,-46.794376373291,CHOQUE,CHOQUE-PRAÇA DE PEDÁGIO,NÃO INFORMADO,2,0,0,0,SÃO PAULO,REG. METROPOLITANA SÃO PAULO,SÃO PAULO,ESTADUAL,0.0,0.0,1.0,0.0,0.0,0.0,0.0,0.0,0.0,0.0,0.0,0.0,0.0,0.0,0.0,0.0
2026-04-17T00:00:00,13:32:41,L29-VIAPAULISTA,SP330,246.82,SUL,-21.71749166,-47.58970533,COLISÃO,COLISÃO-LATERAL,IMPRUD. CONDUTOR-LEVOU FECHADA,0,0,0,0,SANTA RITA DO PASSA QUATRO,CENTRAL,RIBEIRÃO PRETO,ESTADUAL,1.0,0.0,0.0,0.0,2.0,0.0,0.0,0.0,0.0,0.0,0.0,0.0,0.0,0.0,0.0,0.0
2026-04-17T00:00:00,15:17:25,L01-AUTOBAN,SP330,139.7,SUL,-22.612948655309,-47.354418910063,COLISÃO,COLISÃO-TRASEIRA,NÃO INFORMADO,0,0,0,0,LIMEIRA,CAMPINAS,RIO CLARO,ESTADUAL,2.0,0.0,0.0,0.0,0.0,0.0,0.0,0.0,0.0,0.0,0.0,0.0,0.0,0.0,0.0,0.0
2026-04-17T00:00:00,15:21:05,L01-AUTOBAN,SP330,109.0,SUL,-22.827506,-47.184259,ENGAVETAMENTO,ENGAVETAMENTO,NÃO INFORMADO,0,0,0,0,SUMARÉ,CAMPINAS,CAMPINAS,ESTADUAL,3.0,0.0,0.0,0.0,0.0,0.0,0.0,0.0,0.0,0.0,0.0,0.0,0.0,0.0,0.0,0.0
2026-04-17T00:00:00,16:48:28,L01-AUTOBAN,SP330,144.3,SUL,-22.57562361535,-47.366765675752,COLISÃO,COLISÃO-TRANSVERSAL,NÃO INFORMADO,0,0,0,0,LIMEIRA,CAMPINAS,RIO CLARO,ESTADUAL,2.0,0.0,0.0,0.0,0.0,0.0,0.0,0.0,0.0,0.0,0.0,0.0,0.0,0.0,0.0,0.0
2026-04-17T00:00:00,17:10:34,L01-AUTOBAN,SP330,138.0,SUL,-22.624171964553,-47.343065142632,ENGAVETAMENTO,ENGAVETAMENTO,NÃO INFORMADO,0,0,0,0,LIMEIRA,CAMPINAS,RIO CLARO,ESTADUAL,1.0,0.0,0.0,2.0,0.0,0.0,0.0,0.0,0.0,0.0,0.0,0.0,0.0,0.0,0.0,0.0
2026-04-17T00:00:00,17:10:36,L01-AUTOBAN,SP330,30.0,SUL,-23.405300286201,-46.828966140747,CHOQUE,CHOQUE-MEIO FIO,NÃO INFORMADO,0,1,0,0,CAJAMAR,REG. METROPOLITANA SÃO PAULO,SÃO PAULO,ESTADUAL,0.0,0.0,1.0,0.0,0.0,0.0,0.0,0.0,0.0,0.0,0.0,0.0,0.0,0.0,0.0,0.0
2026-04-17T00:00:00,17:24:08,L01-AUTOBAN,SP330,104.5,NORTE,-22.85425880095,-47.152685223393,TOMBAMENTO,TOMBAMENTO-MOTO,NÃO INFORMADO,0,0,0,0,CAMPINAS,CAMPINAS,CAMPINAS,ESTADUAL,0.0,0.0,1.0,0.0,0.0,0.0,0.0,0.0,0.0,0.0,0.0,0.0,0.0,0.0,0.0,0.0
2026-04-17T00:00:00,18:32:09,L29-VIAPAULISTA,SP330,309.749,SUL,-21.18526338,-47.75729083,ENGAVETAMENTO,ENGAVETAMENTO,PANE MECÂNICA/ELÉTRICA,0,0,0,0,RIBEIRÃO PRETO,RIBEIRÃO PRETO,RIBEIRÃO PRETO,ESTADUAL,3.0,0.0,0.0,0.0,0.0,0.0,0.0,0.0,0.0,0.0,0.0,0.0,0.0,0.0,0.0,0.0
2026-04-17T00:00:00,21:00:54,L01-AUTOBAN,SP330,44.7,SUL,-23.298465549345,-46.861990576736,COLISÃO,COLISÃO-TRASEIRA,NÃO INFORMADO,0,0,0,1,CAJAMAR,REG. METROPOLITANA SÃO PAULO,SÃO PAULO,ESTADUAL,0.0,1.0,1.0,0.0,1.0,0.0,0.0,0.0,0.0,0.0,0.0,0.0,0.0,0.0,0.0,0.0
2026-04-18T00:00:00,04:16:31,L01-AUTOBAN,SPM330E,96.0,SUL,-22.911795994388,-47.101387381554,CHOQUE,CHOQUE-OBJETO NA PISTA,NÃO INFORMADO,0,0,1,0,CAMPINAS,CAMPINAS,CAMPINAS,ESTADUAL,1.0,0.0,1.0,0.0,0.0,0.0,0.0,0.0,0.0,0.0,0.0,0.0,0.0,0.0,0.0,0.0
2026-04-18T00:00:00,05:43:09,L01-AUTOBAN,SP330,70.0,NORTE,-23.105884989274,-46.962572336197,COLISÃO,COLISÃO-LATERAL,NÃO INFORMADO,0,0,0,0,LOUVEIRA,CAMPINAS,CAMPINAS,ESTADUAL,2.0,0.0,0.0,1.0,0.0,0.0,0.0,0.0,0.0,0.0,0.0,0.0,0.0,0.0,0.0,0.0
2026-04-18T00:00:00,07:42:00,L28-ENTREVIAS,SP330,340.0,NORTE,-20.947011847237,-47.87714536261962,CHOQUE,CHOQUE-ELEMENTO DE DRENAGEM,IMPRUD. CONDUTOR-DORMIR AO VOLANTE,0,0,0,0,JARDINÓPOLIS,RIBEIRÃO PRETO,RIBEIRÃO PRETO,ESTADUAL,1.0,0.0,0.0,0.0,0.0,0.0,0.0,0.0,0.0,0.0,0.0,0.0,0.0,0.0,0.0,0.0
2026-04-18T00:00:00,09:46:00,L28-ENTREVIAS,SP330,373.385,SUL,-20.63751237264575,-47.88146577815338,COLISÃO,COLISÃO-TRASEIRA,IMPRUD. CONDUTOR-DORMIR AO VOLANTE,0,0,0,0,ORLÂNDIA,FRANCA,RIBEIRÃO PRETO,ESTADUAL,0.0,1.0,0.0,0.0,1.0,0.0,0.0,0.0,0.0,0.0,0.0,0.0,0.0,0.0,0.0,0.0
2026-04-18T00:00:00,11:13:15,L01-AUTOBAN,SPI102/330,6.0,NORTE,-22.916105,-47.134975,TOMBAMENTO,TOMBAMENTO-MOTO,NÃO INFORMADO,1,1,0,0,CAMPINAS,CAMPINAS,CAMPINAS,ESTADUAL,0.0,0.0,1.0,0.0,0.0,0.0,0.0,0.0,0.0,0.0,0.0,0.0,0.0,0.0,0.0,0.0
2026-04-18T00:00:00,13:24:02,L29-VIAPAULISTA,SP330,270.49,NORTE,-21.50783873,-47.64218765,CHOQUE,CHOQUE-MEIO FIO,IMPRUD. CONDUTOR-PERDA DE CONTROLE,0,1,0,1,SÃO SIMÃO,RIBEIRÃO PRETO,RIBEIRÃO PRETO,ESTADUAL,1.0,0.0,0.0,0.0,0.0,0.0,0.0,0.0,0.0,0.0,0.0,0.0,0.0,0.0,0.0,0.0
2026-04-18T00:00:00,15:47:44,L01-AUTOBAN,SP330,25.0,NORTE,-23.426127,-46.787542,TOMBAMENTO,TOMBAMENTO-MOTO,NÃO INFORMADO,1,0,0,0,SÃO PAULO,REG. METROPOLITANA SÃO PAULO,SÃO PAULO,ESTADUAL,0.0,0.0,1.0,0.0,0.0,0.0,0.0,0.0,0.0,0.0,0.0,0.0,0.0,0.0,0.0,0.0
2026-04-18T00:00:00,16:36:36,L01-AUTOBAN,SPM330D,51.0,NORTE,-23.247921,-46.865964,TOMBAMENTO,TOMBAMENTO-MOTO,NÃO INFORMADO,1,0,0,0,JUNDIAÍ,CAMPINAS,CAMPINAS,ESTADUAL,0.0,1.0,1.0,0.0,0.0,0.0,0.0,0.0,0.0,0.0,0.0,0.0,0.0,0.0,0.0,0.0
2026-04-18T00:00:00,19:27:35,L01-AUTOBAN,SP330,16.0,SUL,-23.494268736255,-46.758837103844,CHOQUE,CHOQUE-DEFENSA/BARREIRA,NÃO INFORMADO,1,0,0,0,OSASCO,REG. METROPOLITANA SÃO PAULO,SÃO PAULO,ESTADUAL,1.0,0.0,0.0,0.0,0.0,0.0,0.0,0.0,0.0,0.0,0.0,0.0,0.0,0.0,0.0,0.0
2026-04-18T00:00:00,20:05:34,L29-VIAPAULISTA,SPA241/330,6.2,LESTE,-21.7337623,-47.50917797,CHOQUE,CHOQUE-DEFENSA/BARREIRA,IMPRUD. CONDUTOR-PERDA DE CONTROLE,1,0,0,0,SANTA RITA DO PASSA QUATRO,CENTRAL,RIBEIRÃO PRETO,ESTADUAL,0.0,0.0,0.0,1.0,0.0,0.0,0.0,0.0,0.0,0.0,0.0,0.0,0.0,0.0,0.0,0.0
2026-04-19T00:00:00,00:02:54,L01-AUTOBAN,SP330,61.6,SUL,-23.171410457689,-46.923449623432,COLISÃO,COLISÃO-TRASEIRA,NÃO INFORMADO,1,0,0,0,JUNDIAÍ,CAMPINAS,CAMPINAS,ESTADUAL,1.0,1.0,0.0,0.0,0.0,0.0,0.0,0.0,0.0,0.0,0.0,0.0,0.0,0.0,0.0,0.0
2026-04-19T00:00:00,00:15:58,L01-AUTOBAN,SP330,136.9,NORTE,-22.631378879051,-47.335908432888,ATROPELAMENTO DE PEDESTRE,ATROP. PEDESTRE-OUTROS,NÃO INFORMADO,0,0,0,1,LIMEIRA,CAMPINAS,RIO CLARO,ESTADUAL,2.0,0.0,1.0,0.0,0.0,0.0,0.0,0.0,0.0,0.0,0.0,0.0,0.0,0.0,0.0,0.0
2026-04-19T00:00:00,04:18:50,L06-INTERVIAS,SP330,198.9,NORTE,-22.09719124,-47.41614184,ATROPELAMENTO DE ANIMAL,ATROP. ANIMAL-OUTROS,ANIMAL NA RODOVIA,0,0,0,0,SANTA CRUZ DA CONCEIÇÃO,CAMPINAS,RIO CLARO,ESTADUAL,1.0,0.0,0.0,0.0,0.0,0.0,0.0,0.0,0.0,0.0,0.0,0.0,0.0,0.0,0.0,0.0
2026-04-19T00:00:00,11:32:08,L01-AUTOBAN,SP330,94.4,SUL,-22.922897384251,-47.089963327567,TOMBAMENTO,TOMBAMENTO,NÃO INFORMADO,2,0,0,0,CAMPINAS,CAMPINAS,CAMPINAS,ESTADUAL,0.0,0.0,1.0,0.0,0.0,0.0,0.0,0.0,0.0,0.0,0.0,0.0,0.0,0.0,0.0,0.0
2026-04-19T00:00:00,14:31:55,L01-AUTOBAN,SPM330D,104.0,NORTE,-22.856805,-47.148633,TOMBAMENTO,TOMBAMENTO,NÃO INFORMADO,1,0,0,0,CAMPINAS,CAMPINAS,CAMPINAS,ESTADUAL,0.0,0.0,1.0,0.0,0.0,0.0,0.0,0.0,0.0,0.0,0.0,0.0,0.0,0.0,0.0,0.0
2026-04-19T00:00:00,19:23:05,L01-AUTOBAN,SPM330D,104.0,NORTE,-22.856805,-47.148633,COLISÃO,COLISÃO-LATERAL,NÃO INFORMADO,0,0,0,0,CAMPINAS,CAMPINAS,CAMPINAS,ESTADUAL,1.0,1.0,0.0,0.0,0.0,0.0,0.0,0.0,0.0,0.0,0.0,0.0,0.0,0.0,0.0,0.0
2026-04-19T00:00:00,19:53:18,L01-AUTOBAN,SPM330D,107.0,NORTE,-22.839452464187,-47.170829772949,CHOQUE,CHOQUE-DEFENSA/BARREIRA,NÃO INFORMADO,1,0,0,0,SUMARÉ,CAMPINAS,CAMPINAS,ESTADUAL,1.0,0.0,0.0,0.0,0.0,0.0,0.0,0.0,0.0,0.0,0.0,0.0,0.0,0.0,0.0,0.0
2026-04-20T00:00:00,07:40:09,L01-AUTOBAN,SP330,114.0,NORTE,-22.800514260128,-47.221802473068,COLISÃO,COLISÃO-TRASEIRA,NÃO INFORMADO,0,0,0,1,SUMARÉ,CAMPINAS,CAMPINAS,ESTADUAL,0.0,0.0,1.0,0.0,1.0,0.0,0.0,0.0,0.0,0.0,0.0,0.0,0.0,0.0,0.0,0.0
2026-04-20T00:00:00,12:54:07,L06-INTERVIAS,SP330,171.8,SUL,-22.33818542,-47.39105814,COLISÃO,COLISÃO-LATERAL,IMPRUDÊNCIA,0,0,0,0,ARARAS,CAMPINAS,RIO CLARO,ESTADUAL,1.0,1.0,0.0,0.0,0.0,0.0,0.0,0.0,0.0,0.0,0.0,0.0,0.0,0.0,0.0,0.0
2026-04-20T00:00:00,13:06:52,L01-AUTOBAN,SP330,99.0,SUL,-22.887972406914,-47.113489508629,TOMBAMENTO,TOMBAMENTO-MOTO,NÃO INFORMADO,1,0,0,0,CAMPINAS,CAMPINAS,CAMPINAS,ESTADUAL,0.0,0.0,1.0,0.0,0.0,0.0,0.0,0.0,0.0,0.0,0.0,0.0,0.0,0.0,0.0,0.0
2026-04-20T00:00:00,13:27:00,L29-VIAPAULISTA,SP330,240.772,SUL,-21.75673117,-47.5631001,COLISÃO,COLISÃO-TRASEIRA,IMPRUD. CONDUTOR-MUDANÇA DE FAIXA,0,0,0,0,SANTA RITA DO PASSA QUATRO,CENTRAL,RIBEIRÃO PRETO,ESTADUAL,1.0,1.0,0.0,0.0,0.0,0.0,0.0,0.0,0.0,0.0,0.0,0.0,0.0,0.0,0.0,0.0
2026-04-20T00:00:00,17:58:27,L06-INTERVIAS,SPD002/165/330,2.6,OESTE,-22.39530227,-47.36682902,TOMBAMENTO,TOMBAMENTO,IMPRUD. CONDUTOR,1,0,0,0,ARARAS,NÃO INFORMADO,NÃO INFORMADO,NÃO INFORMADO,0.0,0.0,0.0,0.0,1.0,0.0,0.0,0.0,0.0,0.0,0.0,0.0,0.0,0.0,0.0,0.0
2026-04-20T00:00:00,19:21:24,L01-AUTOBAN,SP330,118.0,NORTE,-22.768865993015,-47.240797877312,TOMBAMENTO,TOMBAMENTO-MOTO,NÃO INFORMADO,1,0,0,0,NOVA ODESSA,CAMPINAS,RIO CLARO,ESTADUAL,0.0,0.0,1.0,0.0,0.0,0.0,0.0,0.0,0.0,0.0,0.0,0.0,0.0,0.0,0.0,0.0
2026-04-20T00:00:00,19:22:44,L01-AUTOBAN,SP330,95.0,NORTE,-22.919696732904,-47.094027400017,COLISÃO,COLISÃO-TRASEIRA,NÃO INFORMADO,1,0,0,0,CAMPINAS,CAMPINAS,CAMPINAS,ESTADUAL,0.0,1.0,0.0,1.0,0.0,0.0,0.0,0.0,0.0,0.0,0.0,0.0,0.0,0.0,0.0,0.0
2026-04-20T00:00:00,20:02:00,L06-INTERVIAS,SP330,235.3,SUL,-21.7889057,-47.52206789,CHOQUE,CHOQUE-OBJETO NA PISTA,OBJETO NA PISTA,0,0,0,0,SANTA RITA DO PASSA QUATRO,CENTRAL,RIBEIRÃO PRETO,ESTADUAL,1.0,0.0,0.0,0.0,0.0,0.0,0.0,0.0,0.0,0.0,0.0,0.0,0.0,0.0,0.0,0.0
2026-04-20T00:00:00,21:29:51,L29-VIAPAULISTA,SP330,253.0,SUL,-21.65807187,-47.60906381,COLISÃO,COLISÃO-LATERAL,IMPRUD. CONDUTOR-MUDANÇA DE FAIXA,0,0,0,0,SANTA RITA DO PASSA QUATRO,CENTRAL,RIBEIRÃO PRETO,ESTADUAL,0.0,0.0,0.0,1.0,1.0,0.0,0.0,0.0,0.0,0.0,0.0,0.0,0.0,0.0,0.0,0.0
2026-04-20T00:00:00,21:54:02,L28-ENTREVIAS,SP330,404.0,SUL,-20.65281310505141,-47.88022123317047,ATROPELAMENTO DE ANIMAL,ATROP. ANIMAL-DOMÉSTICO GRANDE,ANIMAL NA RODOVIA,0,0,0,0,ITUVERAVA,FRANCA,RIBEIRÃO PRETO,ESTADUAL,0.0,0.0,0.0,0.0,0.0,0.0,0.0,0.0,0.0,0.0,1.0,0.0,0.0,0.0,0.0,0.0
2026-04-21T00:00:00,00:58:00,L28-ENTREVIAS,SP330,448.0,NORTE,-20.00581663217236,-47.7851539576075,ATROPELAMENTO DE ANIMAL,ATROP. ANIMAL-DOMÉSTICO GRANDE,ANIMAL NA RODOVIA,0,0,0,0,IGARAPAVA,FRANCA,RIBEIRÃO PRETO,ESTADUAL,1.0,0.0,0.0,0.0,0.0,0.0,0.0,0.0,0.0,0.0,0.0,0.0,0.0,0.0,0.0,0.0
2026-04-21T00:00:00,04:21:31,L01-AUTOBAN,SP330,25.0,NORTE,-23.426127,-46.787542,COLISÃO,COLISÃO-TRASEIRA,NÃO INFORMADO,1,0,0,0,SÃO PAULO,REG. METROPOLITANA SÃO PAULO,SÃO PAULO,ESTADUAL,0.0,0.0,0.0,0.0,2.0,0.0,0.0,0.0,0.0,0.0,0.0,0.0,0.0,0.0,0.0,0.0
2026-04-21T00:00:00,05:17:49,L01-AUTOBAN,SP330,100.0,SUL,-22.880529457956,-47.117882966995,COLISÃO,COLISÃO-LATERAL,NÃO INFORMADO,1,0,0,0,CAMPINAS,CAMPINAS,CAMPINAS,ESTADUAL,1.0,0.0,1.0,0.0,0.0,0.0,0.0,0.0,0.0,0.0,0.0,0.0,0.0,0.0,0.0,0.0
2026-04-21T00:00:00,13:25:09,L01-AUTOBAN,SP330,152.0,SUL,-22.514108056285,-47.395604252815,COLISÃO,COLISÃO-LATERAL,NÃO INFORMADO,0,0,0,0,LIMEIRA,CAMPINAS,RIO CLARO,ESTADUAL,1.0,0.0,0.0,0.0,1.0,0.0,0.0,0.0,0.0,0.0,0.0,0.0,0.0,0.0,0.0,0.0
2026-04-21T00:00:00,13:38:00,L01-AUTOBAN,SP330,127.7,SUL,-22.706331300296,-47.301894826242,COLISÃO,COLISÃO-TRASEIRA,NÃO INFORMADO,1,0,0,0,AMERICANA,CAMPINAS,RIO CLARO,ESTADUAL,0.0,0.0,0.0,0.0,2.0,0.0,0.0,0.0,0.0,0.0,0.0,0.0,0.0,0.0,0.0,0.0
2026-04-21T00:00:00,15:09:19,L01-AUTOBAN,SP330,61.0,SUL,-23.175304483475,-46.918702125549,COLISÃO,COLISÃO-TRASEIRA,NÃO INFORMADO,2,0,0,0,JUNDIAÍ,CAMPINAS,CAMPINAS,ESTADUAL,1.0,0.0,1.0,0.0,0.0,0.0,0.0,0.0,0.0,0.0,0.0,0.0,0.0,0.0,0.0,0.0
2026-04-21T00:00:00,16:01:46,L01-AUTOBAN,SP330,124.0,NORTE,-22.733880655616,-47.285934090614,TOMBAMENTO,TOMBAMENTO-MOTO,NÃO INFORMADO,1,0,0,0,AMERICANA,CAMPINAS,RIO CLARO,ESTADUAL,0.0,1.0,1.0,0.0,2.0,0.0,0.0,0.0,0.0,0.0,0.0,0.0,0.0,0.0,0.0,0.0
2026-04-21T00:00:00,16:02:16,L06-INTERVIAS,SP330,176.557,SUL,-22.29560315,-47.3928408,CHOQUE,CHOQUE-DEFENSA/BARREIRA,IMPRUD. CONDUTOR-PERDA DE CONTROLE,1,0,0,0,ARARAS,CAMPINAS,RIO CLARO,ESTADUAL,1.0,0.0,0.0,0.0,0.0,0.0,0.0,0.0,0.0,0.0,0.0,0.0,0.0,0.0,0.0,0.0
2026-04-21T00:00:00,18:15:50,L01-AUTOBAN,SPM330D,59.5,NORTE,-23.184964956187,-46.909013986588,COLISÃO,COLISÃO-TRASEIRA,NÃO INFORMADO,0,0,0,0,JUNDIAÍ,CAMPINAS,CAMPINAS,ESTADUAL,2.0,0.0,0.0,0.0,0.0,0.0,0.0,0.0,0.0,0.0,0.0,0.0,0.0,0.0,0.0,0.0
2026-04-21T00:00:00,18:38:49,L06-INTERVIAS,SP330,231.25,SUL,-21.81629867,-47.49758735,CHOQUE,CHOQUE-OBJETO NA PISTA,OBJETO NA PISTA,0,0,0,0,PORTO FERREIRA,CENTRAL,RIO CLARO,ESTADUAL,4.0,0.0,0.0,0.0,0.0,0.0,0.0,0.0,0.0,0.0,0.0,0.0,0.0,0.0,0.0,0.0
2026-04-21T00:00:00,19:23:26,L06-INTERVIAS,SP330,231.25,SUL,-21.81629867,-47.49758735,CHOQUE,CHOQUE-OBJETO NA PISTA,OBJETO NA PISTA,0,0,0,0,PORTO FERREIRA,CENTRAL,RIO CLARO,ESTADUAL,1.0,0.0,0.0,0.0,0.0,0.0,0.0,0.0,0.0,0.0,0.0,0.0,0.0,0.0,0.0,0.0
2026-04-21T00:00:00,23:21:57,L01-AUTOBAN,SPM330E,103.5,SUL,-22.859800532278,-47.144101914169,CHOQUE,CHOQUE-DEFENSA/BARREIRA,NÃO INFORMADO,0,0,0,0,CAMPINAS,CAMPINAS,CAMPINAS,ESTADUAL,0.0,0.0,0.0,1.0,0.0,0.0,0.0,0.0,0.0,0.0,0.0,0.0,0.0,0.0,0.0,0.0
2026-04-22T00:00:00,05:41:31,L01-AUTOBAN,SP330,53.9,SUL,-23.22403739988,-46.877137012229,COLISÃO,COLISÃO-TRASEIRA,NÃO INFORMADO,0,0,0,0,JUNDIAÍ,CAMPINAS,CAMPINAS,ESTADUAL,2.0,0.0,0.0,0.0,0.0,0.0,0.0,0.0,0.0,0.0,0.0,0.0,0.0,0.0,0.0,0.0
2026-04-22T00:00:00,07:26:10,L01-AUTOBAN,SP330,118.0,SUL,-22.769034170109,-47.24156498909,ENGAVETAMENTO,ENGAVETAMENTO,NÃO INFORMADO,1,0,0,0,NOVA ODESSA,CAMPINAS,RIO CLARO,ESTADUAL,3.0,0.0,0.0,0.0,0.0,0.0,0.0,0.0,0.0,0.0,0.0,0.0,0.0,0.0,0.0,0.0
2026-04-22T00:00:00,08:02:28,L01-AUTOBAN,SPI102/330,0.0,SUL,-22.866394,-47.133481,COLISÃO,COLISÃO-TRASEIRA,NÃO INFORMADO,0,1,0,0,CAMPINAS,CAMPINAS,CAMPINAS,ESTADUAL,1.0,0.0,0.0,0.0,1.0,0.0,0.0,0.0,0.0,0.0,0.0,0.0,0.0,0.0,0.0,0.0
2026-04-22T00:00:00,08:54:20,L01-AUTOBAN,SPM330E,107.0,SUL,-22.839867744999,-47.170851230621,COLISÃO,COLISÃO-TRASEIRA,NÃO INFORMADO,0,0,1,0,SUMARÉ,CAMPINAS,CAMPINAS,ESTADUAL,1.0,0.0,1.0,0.0,0.0,0.0,0.0,0.0,0.0,0.0,0.0,0.0,0.0,0.0,0.0,0.0
2026-04-22T00:00:00,09:08:19,L29-VIAPAULISTA,SP330,307.378,NORTE,-21.20696916,-47.75829715,CHOQUE,CHOQUE-DEFENSA/BARREIRA,IMPRUD. CONDUTOR-LEVOU FECHADA,0,0,0,0,RIBEIRÃO PRETO,RIBEIRÃO PRETO,RIBEIRÃO PRETO,ESTADUAL,1.0,0.0,0.0,0.0,0.0,0.0,0.0,0.0,0.0,0.0,0.0,0.0,0.0,0.0,0.0,0.0
2026-04-22T00:00:00,11:56:33,L01-AUTOBAN,SPM330E,17.0,SUL,-23.48999344107,-46.767071485519,COLISÃO,COLISÃO-TRASEIRA,NÃO INFORMADO,1,0,0,0,SÃO PAULO,REG. METROPOLITANA SÃO PAULO,SÃO PAULO,ESTADUAL,0.0,0.0,0.0,0.0,2.0,0.0,0.0,0.0,0.0,0.0,0.0,0.0,0.0,0.0,0.0,0.0
2026-04-22T00:00:00,12:50:07,L29-VIAPAULISTA,SPA318/330,1.127,NORTE,-21.11900515,-47.78528624,CHOQUE,CHOQUE-OUTROS,IMPRUD. CONDUTOR-LEVOU FECHADA,0,0,0,0,RIBEIRÃO PRETO,RIBEIRÃO PRETO,RIBEIRÃO PRETO,ESTADUAL,0.0,0.0,0.0,0.0,1.0,0.0,0.0,0.0,0.0,0.0,0.0,0.0,0.0,0.0,0.0,0.0
2026-04-22T00:00:00,13:29:10,L01-AUTOBAN,SPM330D,11.46,NORTE,-23.510308819155,-46.728911022024,COLISÃO,COLISÃO-TRASEIRA,NÃO INFORMADO,0,1,0,0,SÃO PAULO,NÃO INFORMADO,NÃO INFORMADO,NÃO INFORMADO,0.0,0.0,1.0,1.0,0.0,0.0,0.0,0.0,0.0,0.0,0.0,0.0,0.0,0.0,0.0,0.0
2026-04-22T00:00:00,13:47:45,L06-INTERVIAS,SP330,175.0,SUL,-22.30970266,-47.39144512,COLISÃO,COLISÃO-TRASEIRA,IMPRUD. CONDUTOR-LEVOU FECHADA,0,0,0,0,ARARAS,CAMPINAS,RIO CLARO,ESTADUAL,1.0,0.0,0.0,0.0,1.0,0.0,0.0,0.0,0.0,0.0,0.0,0.0,0.0,0.0,0.0,0.0
2026-04-22T00:00:00,14:24:15,L01-AUTOBAN,SP330,102.5,SUL,-22.86544,-47.135941,COLISÃO,COLISÃO-LATERAL,NÃO INFORMADO,0,0,0,0,CAMPINAS,CAMPINAS,CAMPINAS,ESTADUAL,0.0,0.0,1.0,1.0,0.0,0.0,0.0,0.0,0.0,0.0,0.0,0.0,0.0,0.0,0.0,0.0
2026-04-22T00:00:00,15:09:11,L06-INTERVIAS,SP330,197.512,SUL,-22.10929666,-47.41299866,CHOQUE,CHOQUE-VEÍCULO PARADO NO ACOSTAMENTO,IMPRUD. CONDUTOR-DORMIR AO VOLANTE,0,0,0,0,SANTA CRUZ DA CONCEIÇÃO,CAMPINAS,RIO CLARO,ESTADUAL,0.0,0.0,0.0,1.0,1.0,0.0,0.0,0.0,0.0,0.0,0.0,0.0,0.0,0.0,0.0,0.0
2026-04-22T00:00:00,18:07:21,L06-INTERVIAS,SP330,172.4,NORTE,-22.33306816,-47.38967191,COLISÃO,COLISÃO-TRANSVERSAL,IMPRUD. CONDUTOR-PERDA DE CONTROLE,1,0,0,0,ARARAS,CAMPINAS,RIO CLARO,ESTADUAL,1.0,0.0,0.0,1.0,0.0,0.0,0.0,0.0,0.0,0.0,0.0,0.0,0.0,0.0,0.0,0.0
2026-04-22T00:00:00,18:24:48,L01-AUTOBAN,SPM330D,106.0,NORTE,-22.846507,-47.164055,COLISÃO,COLISÃO-LATERAL,NÃO INFORMADO,2,0,0,0,SUMARÉ,CAMPINAS,CAMPINAS,ESTADUAL,0.0,0.0,2.0,0.0,0.0,0.0,0.0,0.0,0.0,0.0,0.0,0.0,0.0,0.0,0.0,0.0
2026-04-22T00:00:00,18:56:08,L01-AUTOBAN,SPM330D,111.1,NORTE,-22.817308252291,-47.202457834169,COLISÃO,COLISÃO-TRASEIRA,NÃO INFORMADO,1,0,0,0,SUMARÉ,CAMPINAS,CAMPINAS,ESTADUAL,2.0,0.0,0.0,0.0,0.0,0.0,0.0,0.0,0.0,0.0,0.0,0.0,0.0,0.0,0.0,0.0
2026-04-22T00:00:00,19:10:41,L01-AUTOBAN,SP330,63.0,SUL,-23.16087896177,-46.931920051575,COLISÃO,COLISÃO-TRASEIRA,NÃO INFORMADO,0,0,0,0,JUNDIAÍ,CAMPINAS,CAMPINAS,ESTADUAL,2.0,0.0,0.0,0.0,0.0,0.0,0.0,0.0,0.0,0.0,0.0,0.0,0.0,0.0,0.0,0.0
2026-04-23T00:00:00,05:42:56,L28-ENTREVIAS,SP330,414.58,SUL,-20.31746807175645,-47.80246770978317,CAPOTAMENTO,CAPOTAMENTO,IMPRUD. CONDUTOR-DORMIR AO VOLANTE,1,0,0,0,ITUVERAVA,FRANCA,RIBEIRÃO PRETO,ESTADUAL,1.0,0.0,0.0,0.0,0.0,0.0,0.0,0.0,0.0,0.0,0.0,0.0,0.0,0.0,0.0,0.0
2026-04-23T00:00:00,05:52:15,L01-AUTOBAN,SP330,16.8,NORTE,-23.491080721491,-46.765168183929,ATROPELAMENTO DE PEDESTRE,ATROP. PEDESTRE-OUTROS,NÃO INFORMADO,0,0,0,1,SÃO PAULO,REG. METROPOLITANA SÃO PAULO,SÃO PAULO,ESTADUAL,2.0,0.0,0.0,1.0,0.0,0.0,0.0,1.0,0.0,0.0,0.0,0.0,0.0,0.0,0.0,0.0
2026-04-23T00:00:00,06:40:18,L29-VIAPAULISTA,SP330,242.59,SUL,-21.74920807,-47.57178916,CHOQUE,CHOQUE-VEÍCULO PARADO NO ACOSTAMENTO,IMPRUD. CONDUTOR-PERDA DE CONTROLE,0,0,0,0,SANTA RITA DO PASSA QUATRO,CENTRAL,RIBEIRÃO PRETO,ESTADUAL,0.0,1.0,0.0,0.0,1.0,0.0,0.0,0.0,0.0,0.0,0.0,0.0,0.0,0.0,0.0,0.0
2026-04-23T00:00:00,09:45:30,L29-VIAPAULISTA,SP330,311.77,NORTE,-21.16734313,-47.75622616,TOMBAMENTO,TOMBAMENTO,ÓLEO NA PISTA,0,0,0,0,RIBEIRÃO PRETO,RIBEIRÃO PRETO,RIBEIRÃO PRETO,ESTADUAL,0.0,0.0,1.0,0.0,0.0,0.0,0.0,0.0,0.0,0.0,0.0,0.0,0.0,0.0,0.0,0.0
2026-04-23T00:00:00,12:58:00,L28-ENTREVIAS,SP330,360.8,NORTE,-20.76336470306418,-47.89199588040018,COLISÃO,COLISÃO-TRASEIRA,IMPRUD. CONDUTOR-FALTA DE ATENÇÃO,0,0,1,0,ORLÂNDIA,FRANCA,RIBEIRÃO PRETO,ESTADUAL,0.0,0.0,0.0,0.0,2.0,0.0,0.0,0.0,0.0,0.0,0.0,0.0,0.0,0.0,0.0,0.0
2026-04-23T00:00:00,13:54:18,L29-VIAPAULISTA,SP330,315.538,NORTE,-21.13480429,-47.76442998,COLISÃO,COLISÃO-TRASEIRA,IMPRUD. CONDUTOR-LEVOU FECHADA,0,0,0,0,RIBEIRÃO PRETO,RIBEIRÃO PRETO,RIBEIRÃO PRETO,ESTADUAL,1.0,1.0,0.0,0.0,0.0,0.0,0.0,0.0,0.0,0.0,0.0,0.0,0.0,0.0,0.0,0.0
2026-04-23T00:00:00,15:22:28,L29-VIAPAULISTA,SP330,312.121,SUL,-21.16437228,-47.75615635,COLISÃO,COLISÃO-TRASEIRA,IMPRUD. CONDUTOR,0,0,0,0,RIBEIRÃO PRETO,RIBEIRÃO PRETO,RIBEIRÃO PRETO,ESTADUAL,1.0,0.0,0.0,0.0,1.0,0.0,0.0,0.0,0.0,0.0,0.0,0.0,0.0,0.0,0.0,0.0
2026-04-23T00:00:00,15:57:48,L28-ENTREVIAS,SP330,322.0,NORTE,-21.09421756485558,-47.79355910567387,CHOQUE,CHOQUE-DEFENSA/BARREIRA,IMPRUD. CONDUTOR-PERDA DE CONTROLE,0,0,0,0,RIBEIRÃO PRETO,RIBEIRÃO PRETO,RIBEIRÃO PRETO,ESTADUAL,1.0,0.0,0.0,0.0,0.0,0.0,0.0,0.0,0.0,0.0,0.0,0.0,0.0,0.0,0.0,0.0
2026-04-23T00:00:00,16:37:23,L01-AUTOBAN,SP330,139.0,SUL,-22.617749569415,-47.349067926407,CHOQUE,CHOQUE-OBJETO NA PISTA,NÃO INFORMADO,1,0,0,0,LIMEIRA,CAMPINAS,RIO CLARO,ESTADUAL,0.0,0.0,0.0,1.0,1.0,0.0,0.0,0.0,0.0,0.0,0.0,0.0,0.0,0.0,0.0,0.0
2026-04-23T00:00:00,17:40:44,L29-VIAPAULISTA,SP330,315.174,SUL,-21.13792779,-47.76269998,COLISÃO,COLISÃO-LATERAL,IMPRUD. CONDUTOR-DESRESPEITO À SINALIZAÇÃO,1,0,0,0,RIBEIRÃO PRETO,RIBEIRÃO PRETO,RIBEIRÃO PRETO,ESTADUAL,1.0,0.0,1.0,0.0,0.0,0.0,0.0,0.0,0.0,0.0,0.0,0.0,0.0,0.0,0.0,0.0
2026-04-23T00:00:00,19:13:00,L28-ENTREVIAS,SP330,332.3,SUL,-21.02628120971536,-47.83738509982857,COLISÃO,COLISÃO-LATERAL,IMPRUD. CONDUTOR-PERDA DE CONTROLE,0,0,0,0,JARDINÓPOLIS,RIBEIRÃO PRETO,RIBEIRÃO PRETO,ESTADUAL,2.0,0.0,0.0,0.0,0.0,0.0,0.0,0.0,0.0,0.0,0.0,0.0,0.0,0.0,0.0,0.0
2026-04-23T00:00:00,20:12:04,L01-AUTOBAN,SPM330E,58.0,SUL,-23.19706558464,-46.903826594353,CHOQUE,CHOQUE-ELEMENTO DE DRENAGEM,NÃO INFORMADO,0,0,0,0,JUNDIAÍ,CAMPINAS,CAMPINAS,ESTADUAL,1.0,0.0,0.0,0.0,0.0,0.0,0.0,0.0,0.0,0.0,0.0,0.0,0.0,0.0,0.0,0.0
2026-04-23T00:00:00,20:59:35,L01-AUTOBAN,SP330,96.0,NORTE,-22.911450110385,-47.101403474808,COLISÃO,COLISÃO-LATERAL,NÃO INFORMADO,1,0,0,0,CAMPINAS,CAMPINAS,CAMPINAS,ESTADUAL,1.0,0.0,1.0,0.0,0.0,0.0,0.0,0.0,0.0,0.0,0.0,0.0,0.0,0.0,0.0,0.0
2026-04-23T00:00:00,23:02:29,L01-AUTOBAN,SP330,101.0,SUL,-22.874089445764,-47.124878168106,COLISÃO,COLISÃO-TRASEIRA,NÃO INFORMADO,0,0,2,0,CAMPINAS,CAMPINAS,CAMPINAS,ESTADUAL,0.0,1.0,1.0,0.0,0.0,0.0,0.0,0.0,0.0,0.0,0.0,0.0,0.0,0.0,0.0,0.0
2026-04-23T00:00:00,23:36:31,L01-AUTOBAN,SP330,31.15,NORTE,-23.400120257888,-46.836597311766,COLISÃO,COLISÃO-LATERAL,NÃO INFORMADO,0,1,0,0,CAJAMAR,REG. METROPOLITANA SÃO PAULO,SÃO PAULO,ESTADUAL,1.0,0.0,0.0,0.0,1.0,0.0,0.0,0.0,0.0,0.0,0.0,0.0,0.0,0.0,0.0,0.0
2026-04-24T00:00:00,03:08:52,L01-AUTOBAN,SP330,98.0,SUL,-22.896245165998,-47.110952138901,COLISÃO,COLISÃO-LATERAL,NÃO INFORMADO,0,0,0,0,CAMPINAS,CAMPINAS,CAMPINAS,ESTADUAL,0.0,0.0,1.0,0.0,1.0,0.0,0.0,0.0,0.0,0.0,0.0,0.0,0.0,0.0,0.0,0.0
2026-04-24T00:00:00,05:30:54,L28-ENTREVIAS,SP330,320.5,NORTE,-21.10801728324018,-47.78364133703886,COLISÃO,COLISÃO-TRASEIRA,IMPRUD. CONDUTOR-FALTA DE ATENÇÃO,1,0,0,0,RIBEIRÃO PRETO,RIBEIRÃO PRETO,RIBEIRÃO PRETO,ESTADUAL,0.0,0.0,0.0,0.0,1.0,0.0,0.0,0.0,0.0,0.0,1.0,0.0,0.0,0.0,0.0,0.0
2026-04-24T00:00:00,08:41:35,L06-INTERVIAS,SP330,218.85,SUL,-21.9245939,-47.47102842,COLISÃO,COLISÃO-TRASEIRA,IMPRUD. CONDUTOR,0,0,0,0,PIRASSUNUNGA,CAMPINAS,RIO CLARO,ESTADUAL,1.0,0.0,0.0,0.0,1.0,0.0,0.0,0.0,0.0,0.0,0.0,0.0,0.0,0.0,0.0,0.0
2026-04-24T00:00:00,09:42:27,L01-AUTOBAN,SP330,75.0,NORTE,-23.068341,-46.98838,COLISÃO,COLISÃO-LATERAL,NÃO INFORMADO,1,0,0,0,VINHEDO,CAMPINAS,CAMPINAS,ESTADUAL,1.0,0.0,0.0,0.0,1.0,0.0,0.0,0.0,0.0,0.0,0.0,0.0,0.0,0.0,0.0,0.0
2026-04-24T00:00:00,10:40:37,L29-VIAPAULISTA,SP330,291.443,SUL,-21.34451587,-47.72408063,COLISÃO,COLISÃO-TRASEIRA,IMPRUD. CONDUTOR-DIST. INADEQUADA ENTRE VEÍC.,0,0,0,0,CRAVINHOS,RIBEIRÃO PRETO,RIBEIRÃO PRETO,ESTADUAL,0.0,1.0,0.0,0.0,2.0,0.0,0.0,0.0,0.0,0.0,0.0,0.0,0.0,0.0,0.0,0.0
2026-04-24T00:00:00,17:06:24,L06-INTERVIAS,SP330,168.22,NORTE,-22.3699534,-47.39444719,CHOQUE,CHOQUE-OBJETO NA PISTA,OBJETO NA PISTA,1,0,0,0,ARARAS,CAMPINAS,RIO CLARO,ESTADUAL,1.0,1.0,1.0,0.0,0.0,0.0,0.0,0.0,0.0,0.0,0.0,0.0,0.0,0.0,0.0,0.0
2026-04-24T00:00:00,18:03:56,L29-VIAPAULISTA,SP330,301.874,SUL,-21.25635641,-47.75460567,COLISÃO,COLISÃO-TRASEIRA,IMPRUD. CONDUTOR,0,1,0,0,RIBEIRÃO PRETO,RIBEIRÃO PRETO,RIBEIRÃO PRETO,ESTADUAL,0.0,0.0,0.0,0.0,2.0,0.0,0.0,0.0,0.0,0.0,0.0,0.0,0.0,0.0,0.0,0.0
2026-04-24T00:00:00,18:22:00,L06-INTERVIAS,SP330,188.9,SUL,-22.18500315,-47.39850549,TOMBAMENTO,TOMBAMENTO,IMPRUD. CONDUTOR,1,0,0,0,LEME,CAMPINAS,RIO CLARO,ESTADUAL,0.0,0.0,1.0,0.0,1.0,0.0,0.0,0.0,0.0,0.0,0.0,0.0,0.0,0.0,0.0,0.0
2026-04-24T00:00:00,19:43:15,L01-AUTOBAN,SP330,26.0,SUL,-23.42090534696,-46.794376373291,COLISÃO,COLISÃO-TRASEIRA,NÃO INFORMADO,1,0,0,0,SÃO PAULO,REG. METROPOLITANA SÃO PAULO,SÃO PAULO,ESTADUAL,0.0,1.0,0.0,1.0,0.0,0.0,0.0,0.0,0.0,0.0,0.0,0.0,0.0,0.0,0.0,0.0
2026-04-24T00:00:00,20:02:51,L01-AUTOBAN,SP330,111.0,NORTE,-22.817707777076,-47.201734185219,COLISÃO,COLISÃO-TRASEIRA,NÃO INFORMADO,0,0,0,0,SUMARÉ,CAMPINAS,CAMPINAS,ESTADUAL,2.0,0.0,0.0,0.0,0.0,0.0,0.0,0.0,0.0,0.0,0.0,0.0,0.0,0.0,0.0,0.0
2026-04-24T00:00:00,20:11:01,L01-AUTOBAN,SP330,33.35,SUL,-23.381642544792,-46.839160378797,COLISÃO,COLISÃO-TRASEIRA,NÃO INFORMADO,0,1,0,0,CAJAMAR,REG. METROPOLITANA SÃO PAULO,SÃO PAULO,ESTADUAL,0.0,1.0,1.0,0.0,0.0,0.0,0.0,0.0,0.0,0.0,0.0,0.0,0.0,0.0,0.0,0.0
2026-04-24T00:00:00,22:46:17,L01-AUTOBAN,SP330,115.0,NORTE,-22.792220839274,-47.226083278656,CHOQUE,CHOQUE-SINALIZAÇÃO/EQUIPAMENTO,NÃO INFORMADO,0,0,0,0,SUMARÉ,CAMPINAS,CAMPINAS,ESTADUAL,0.0,0.0,0.0,1.0,0.0,0.0,0.0,0.0,0.0,0.0,0.0,0.0,0.0,0.0,0.0,0.0
2026-04-25T00:00:00,03:02:12,L01-AUTOBAN,SPI102/330,3.0,NORTE,-22.890067824891,-47.132940888405,ENGAVETAMENTO,ENGAVETAMENTO,NÃO INFORMADO,2,1,0,0,CAMPINAS,CAMPINAS,CAMPINAS,ESTADUAL,2.0,0.0,0.0,0.0,2.0,0.0,0.0,0.0,0.0,0.0,0.0,0.0,0.0,0.0,0.0,0.0
2026-04-25T00:00:00,04:44:12,L01-AUTOBAN,SP330,113.66,NORTE,-22.802721838093,-47.219945760698,TOMBAMENTO,TOMBAMENTO,NÃO INFORMADO,1,0,1,0,SUMARÉ,CAMPINAS,CAMPINAS,ESTADUAL,0.0,0.0,1.0,0.0,0.0,0.0,0.0,0.0,0.0,0.0,0.0,0.0,0.0,0.0,0.0,0.0
2026-04-25T00:00:00,08:29:05,L29-VIAPAULISTA,SP330,296.33,NORTE,-21.30306808,-47.74099125,COLISÃO,COLISÃO-TRASEIRA,IMPRUD. CONDUTOR,0,0,0,0,CRAVINHOS,RIBEIRÃO PRETO,RIBEIRÃO PRETO,ESTADUAL,1.0,0.0,0.0,0.0,1.0,0.0,0.0,0.0,0.0,0.0,0.0,0.0,0.0,0.0,0.0,0.0
2026-04-25T00:00:00,09:26:18,L01-AUTOBAN,SP330,108.0,SUL,-22.832926456389,-47.177379727364,TOMBAMENTO,TOMBAMENTO,NÃO INFORMADO,0,1,0,0,SUMARÉ,CAMPINAS,CAMPINAS,ESTADUAL,0.0,0.0,1.0,0.0,0.0,0.0,0.0,0.0,0.0,0.0,0.0,0.0,0.0,0.0,0.0,0.0
2026-04-25T00:00:00,09:33:14,L01-AUTOBAN,SP330,19.0,SUL,-23.473712595828,-46.77262365818,TOMBAMENTO,TOMBAMENTO,NÃO INFORMADO,1,0,0,0,OSASCO,REG. METROPOLITANA SÃO PAULO,SÃO PAULO,ESTADUAL,0.0,0.0,1.0,0.0,0.0,0.0,0.0,0.0,0.0,0.0,0.0,0.0,0.0,0.0,0.0,0.0
2026-04-25T00:00:00,10:11:58,L29-VIAPAULISTA,SP330,296.346,SUL,-21.30319334,-47.74110152,COLISÃO,COLISÃO-TRASEIRA,IMPRUD. CONDUTOR-FREADA BRUSCA,1,1,0,0,CRAVINHOS,RIBEIRÃO PRETO,RIBEIRÃO PRETO,ESTADUAL,1.0,0.0,1.0,0.0,0.0,0.0,0.0,0.0,0.0,0.0,0.0,0.0,0.0,0.0,0.0,0.0
2026-04-25T00:00:00,10:39:40,L06-INTERVIAS,SP330,162.2,SUL,-22.42314595,-47.3925275,CHOQUE,CHOQUE-OBJETO NA PISTA,IMPRUD. CONDUTOR,0,0,0,1,ARARAS,CAMPINAS,RIO CLARO,ESTADUAL,1.0,0.0,0.0,1.0,1.0,0.0,0.0,0.0,0.0,0.0,0.0,0.0,0.0,0.0,0.0,0.0
2026-04-25T00:00:00,11:19:07,L01-AUTOBAN,SP330,61.0,SUL,-23.175304483475,-46.918702125549,ENGAVETAMENTO,ENGAVETAMENTO,NÃO INFORMADO,1,0,0,0,JUNDIAÍ,CAMPINAS,CAMPINAS,ESTADUAL,3.0,2.0,0.0,0.0,0.0,0.0,0.0,0.0,0.0,0.0,0.0,0.0,0.0,0.0,0.0,0.0
2026-04-25T00:00:00,11:54:42,L01-AUTOBAN,SP330,42.0,SUL,-23.317326228035,-46.853181123734,TOMBAMENTO,TOMBAMENTO-MOTO,NÃO INFORMADO,1,0,0,0,CAJAMAR,REG. METROPOLITANA SÃO PAULO,SÃO PAULO,ESTADUAL,0.0,0.0,1.0,0.0,0.0,0.0,0.0,0.0,0.0,0.0,0.0,0.0,0.0,0.0,0.0,0.0
2026-04-25T00:00:00,12:54:47,L01-AUTOBAN,SP330,152.0,NORTE,-22.513681876575,-47.395378947258,COLISÃO,COLISÃO-TRANSVERSAL,NÃO INFORMADO,0,0,0,0,LIMEIRA,CAMPINAS,RIO CLARO,ESTADUAL,0.0,0.0,0.0,0.0,2.0,0.0,0.0,0.0,0.0,0.0,0.0,0.0,0.0,0.0,0.0,0.0
2026-04-25T00:00:00,15:21:22,L06-INTERVIAS,SPD205/330,205.671,SUL,-22.03802978,-47.43263784,CHOQUE,CHOQUE-DEFENSA/BARREIRA,IMPRUD. CONDUTOR-DORMIR AO VOLANTE,1,0,0,0,PIRASSUNUNGA,NÃO INFORMADO,NÃO INFORMADO,NÃO INFORMADO,0.0,0.0,1.0,0.0,0.0,0.0,0.0,0.0,0.0,0.0,0.0,0.0,0.0,0.0,0.0,0.0
2026-04-25T00:00:00,15:30:41,L01-AUTOBAN,SP330,14.0,SUL,-23.507187255032,-46.750034093857,TOMBAMENTO,TOMBAMENTO-MOTO,NÃO INFORMADO,0,1,0,0,SÃO PAULO,REG. METROPOLITANA SÃO PAULO,SÃO PAULO,ESTADUAL,0.0,0.0,1.0,0.0,0.0,0.0,0.0,0.0,0.0,0.0,0.0,0.0,0.0,0.0,0.0,0.0
2026-04-25T00:00:00,15:36:38,L01-AUTOBAN,SP330,86.0,NORTE,-22.982725,-47.043589,COLISÃO,COLISÃO-TRASEIRA,NÃO INFORMADO,0,0,0,0,VALINHOS,CAMPINAS,CAMPINAS,ESTADUAL,1.0,0.0,0.0,1.0,0.0,0.0,0.0,0.0,0.0,0.0,0.0,0.0,0.0,0.0,0.0,0.0
2026-04-25T00:00:00,16:38:26,L01-AUTOBAN,SP330,86.0,NORTE,-22.982725,-47.043589,COLISÃO,COLISÃO-TRANSVERSAL,NÃO INFORMADO,0,0,0,0,VALINHOS,CAMPINAS,CAMPINAS,ESTADUAL,1.0,0.0,0.0,0.0,0.0,0.0,0.0,0.0,0.0,0.0,0.0,0.0,0.0,0.0,0.0,0.0
2026-04-25T00:00:00,19:04:30,L01-AUTOBAN,SP330,138.6,SUL,-22.620318488271,-47.346666849535,COLISÃO,COLISÃO-TRASEIRA,NÃO INFORMADO,0,1,0,0,LIMEIRA,CAMPINAS,RIO CLARO,ESTADUAL,0.0,1.0,1.0,0.0,0.0,0.0,0.0,0.0,0.0,0.0,0.0,0.0,0.0,0.0,0.0,0.0
2026-04-25T00:00:00,21:25:37,L29-VIAPAULISTA,SP330,279.281,SUL,-21.42706104,-47.65514946,COLISÃO,COLISÃO-TRASEIRA,IMPRUD. CONDUTOR,0,0,1,0,SÃO SIMÃO,RIBEIRÃO PRETO,RIBEIRÃO PRETO,ESTADUAL,0.0,0.0,0.0,0.0,2.0,0.0,0.0,0.0,0.0,0.0,0.0,0.0,0.0,0.0,0.0,0.0
2026-04-25T00:00:00,21:27:46,L01-AUTOBAN,SPM330D,90.0,NORTE,-22.950983874728,-47.061969637871,COLISÃO,COLISÃO-LATERAL,NÃO INFORMADO,0,0,0,0,CAMPINAS,CAMPINAS,CAMPINAS,ESTADUAL,1.0,0.0,1.0,0.0,0.0,0.0,0.0,0.0,0.0,0.0,0.0,0.0,0.0,0.0,0.0,0.0
2026-04-25T00:00:00,23:05:14,L01-AUTOBAN,SP330,123.3,NORTE,-22.736973371274,-47.279404013016,ENGAVETAMENTO,ENGAVETAMENTO,NÃO INFORMADO,0,1,0,0,AMERICANA,CAMPINAS,RIO CLARO,ESTADUAL,2.0,0.0,1.0,0.0,0.0,0.0,0.0,0.0,0.0,0.0,0.0,0.0,0.0,0.0,0.0,0.0
2026-04-26T00:00:00,06:32:01,L01-AUTOBAN,SPM330D,25.0,NORTE,-23.426127,-46.787542,CHOQUE,CHOQUE-DEFENSA/BARREIRA,NÃO INFORMADO,0,0,0,0,SÃO PAULO,REG. METROPOLITANA SÃO PAULO,SÃO PAULO,ESTADUAL,1.0,0.0,0.0,0.0,0.0,0.0,0.0,0.0,0.0,0.0,0.0,0.0,0.0,0.0,0.0,0.0
2026-04-26T00:00:00,10:04:44,L01-AUTOBAN,SP330,128.0,NORTE,-22.703830247056,-47.30342745781,COLISÃO,COLISÃO-LATERAL,NÃO INFORMADO,1,1,0,0,AMERICANA,CAMPINAS,RIO CLARO,ESTADUAL,1.0,0.0,1.0,0.0,0.0,0.0,0.0,0.0,0.0,0.0,0.0,0.0,0.0,0.0,0.0,0.0
2026-04-26T00:00:00,10:04:48,L01-AUTOBAN,SP330,92.0,SUL,-22.935126302733,-47.071105241776,TOMBAMENTO,TOMBAMENTO-MOTO,NÃO INFORMADO,1,0,0,0,CAMPINAS,CAMPINAS,CAMPINAS,ESTADUAL,0.0,0.0,1.0,0.0,0.0,0.0,0.0,0.0,0.0,0.0,0.0,0.0,0.0,0.0,0.0,0.0
2026-04-26T00:00:00,11:46:05,L01-AUTOBAN,SP330,105.0,SUL,-22.852088298342,-47.156785726547,TOMBAMENTO,TOMBAMENTO-MOTO,NÃO INFORMADO,2,0,0,0,CAMPINAS,CAMPINAS,CAMPINAS,ESTADUAL,0.0,0.0,1.0,0.0,0.0,0.0,0.0,0.0,0.0,0.0,0.0,0.0,0.0,0.0,0.0,0.0
2026-04-26T00:00:00,11:58:57,L29-VIAPAULISTA,SP330,311.8,NORTE,-21.16706722,-47.7562126,COLISÃO,COLISÃO-TRASEIRA,IMPRUD. CONDUTOR-DIST. INADEQUADA ENTRE VEÍC.,0,0,0,0,RIBEIRÃO PRETO,RIBEIRÃO PRETO,RIBEIRÃO PRETO,ESTADUAL,0.0,1.0,0.0,0.0,0.0,0.0,0.0,0.0,0.0,0.0,0.0,0.0,0.0,0.0,1.0,0.0
2026-04-26T00:00:00,13:21:55,L29-VIAPAULISTA,SP330,311.5,NORTE,-21.17424017,-47.75658009,COLISÃO,COLISÃO-TRASEIRA,IMPRUD. CONDUTOR-DIST. INADEQUADA ENTRE VEÍC.,0,0,0,0,RIBEIRÃO PRETO,RIBEIRÃO PRETO,RIBEIRÃO PRETO,ESTADUAL,1.0,0.0,0.0,1.0,0.0,0.0,0.0,0.0,0.0,0.0,0.0,0.0,0.0,0.0,0.0,0.0
2026-04-26T00:00:00,16:07:49,L29-VIAPAULISTA,SP330,301.0,SUL,-21.2638089,-47.75509484,TOMBAMENTO,TOMBAMENTO,OBJETO NA PISTA,0,0,0,0,RIBEIRÃO PRETO,RIBEIRÃO PRETO,RIBEIRÃO PRETO,ESTADUAL,0.0,0.0,1.0,0.0,0.0,0.0,0.0,0.0,0.0,0.0,0.0,0.0,0.0,0.0,0.0,0.0
2026-04-26T00:00:00,20:27:49,L06-INTERVIAS,SP330,194.55,NORTE,-22.13553593,-47.40799054,CHOQUE,CHOQUE-DEFENSA/BARREIRA,ESTOURO/FURO DE PNEU,0,0,0,0,LEME,CAMPINAS,RIO CLARO,ESTADUAL,0.0,0.0,0.0,1.0,0.0,0.0,0.0,0.0,0.0,0.0,0.0,0.0,0.0,0.0,0.0,0.0
2026-04-26T00:00:00,20:31:29,L01-AUTOBAN,SP330,112.8,SUL,-22.80859252046,-47.215002558514,CHOQUE,CHOQUE-MEIO FIO,NÃO INFORMADO,0,0,0,0,SUMARÉ,CAMPINAS,CAMPINAS,ESTADUAL,1.0,0.0,0.0,0.0,0.0,0.0,0.0,0.0,0.0,0.0,0.0,0.0,0.0,0.0,0.0,0.0
2026-04-26T00:00:00,20:44:01,L06-INTERVIAS,SP330,227.115,NORTE,-21.85339093,-47.49460888,ATROPELAMENTO DE PEDESTRE,ATROP. PEDESTRE-OUTROS,IMPRUD. PEDESTRE-USUÁRIO,0,0,0,0,PORTO FERREIRA,CENTRAL,RIO CLARO,ESTADUAL,1.0,0.0,0.0,0.0,0.0,0.0,0.0,1.0,0.0,0.0,0.0,0.0,0.0,0.0,0.0,0.0
2026-04-26T00:00:00,22:51:18,L01-AUTOBAN,SP330,22.5,NORTE,-23.448689540268,-46.786686480045,COLISÃO,COLISÃO-TRASEIRA,NÃO INFORMADO,0,0,0,0,SÃO PAULO,REG. METROPOLITANA SÃO PAULO,SÃO PAULO,ESTADUAL,1.0,0.0,0.0,0.0,1.0,0.0,0.0,0.0,0.0,0.0,0.0,0.0,0.0,0.0,0.0,0.0
2026-04-26T00:00:00,23:26:27,L06-INTERVIAS,SP330,190.0,SUL,-22.17513135,-47.3991039,CHOQUE,CHOQUE-OUTROS,OBJETO NA PISTA,0,0,0,0,LEME,CAMPINAS,RIO CLARO,ESTADUAL,1.0,0.0,0.0,0.0,0.0,0.0,0.0,0.0,0.0,0.0,0.0,0.0,0.0,0.0,0.0,0.0
2026-04-27T00:00:00,03:19:58,L06-INTERVIAS,SP330,196.0,SUL,-22.12270299,-47.41084296,CHOQUE,CHOQUE-OBJETO NA PISTA,OBJETO NA PISTA,0,0,0,0,LEME,CAMPINAS,RIO CLARO,ESTADUAL,1.0,0.0,0.0,0.0,0.0,0.0,0.0,0.0,0.0,0.0,0.0,0.0,0.0,0.0,0.0,0.0
2026-04-27T00:00:00,05:49:25,L01-AUTOBAN,SPM330D,95.0,NORTE,-22.919696732904,-47.094027400017,ATROPELAMENTO DE ANIMAL,ATROP. ANIMAL-OUTROS,NÃO INFORMADO,0,0,0,0,CAMPINAS,CAMPINAS,CAMPINAS,ESTADUAL,0.0,0.0,1.0,0.0,0.0,0.0,0.0,0.0,0.0,0.0,0.0,0.0,0.0,0.0,0.0,0.0
2026-04-27T00:00:00,06:03:22,L01-AUTOBAN,SP330,22.0,SUL,-23.45303514236,-46.78664624691,ENGAVETAMENTO,ENGAVETAMENTO,NÃO INFORMADO,0,0,0,0,SÃO PAULO,REG. METROPOLITANA SÃO PAULO,SÃO PAULO,ESTADUAL,2.0,0.0,0.0,2.0,0.0,0.0,0.0,0.0,0.0,0.0,0.0,0.0,0.0,0.0,0.0,0.0
2026-04-27T00:00:00,06:37:23,L01-AUTOBAN,SP330,24.0,NORTE,-23.434539807835,-46.786286830902,COLISÃO,COLISÃO-TRASEIRA,NÃO INFORMADO,0,1,0,0,SÃO PAULO,REG. METROPOLITANA SÃO PAULO,SÃO PAULO,ESTADUAL,0.0,0.0,0.0,1.0,0.0,0.0,1.0,0.0,0.0,0.0,0.0,0.0,0.0,0.0,0.0,0.0
2026-04-27T00:00:00,07:07:03,L01-AUTOBAN,SPM330D,51.0,NORTE,-23.247921,-46.865964,COLISÃO,COLISÃO-TRASEIRA,NÃO INFORMADO,1,0,0,0,JUNDIAÍ,CAMPINAS,CAMPINAS,ESTADUAL,1.0,0.0,1.0,0.0,0.0,0.0,0.0,0.0,0.0,0.0,0.0,0.0,0.0,0.0,0.0,0.0
2026-04-27T00:00:00,07:38:32,L29-VIAPAULISTA,SP330,311.158,NORTE,-21.17290659,-47.75651012,ENGAVETAMENTO,ENGAVETAMENTO,IMPRUD. CONDUTOR-DIST. INADEQUADA ENTRE VEÍC.,0,0,0,0,RIBEIRÃO PRETO,RIBEIRÃO PRETO,RIBEIRÃO PRETO,ESTADUAL,4.0,0.0,0.0,1.0,0.0,0.0,0.0,0.0,0.0,0.0,0.0,0.0,0.0,0.0,0.0,0.0
2026-04-27T00:00:00,07:42:58,L29-VIAPAULISTA,SP330,309.436,NORTE,-21.1884172,-47.75732389,ENGAVETAMENTO,ENGAVETAMENTO,IMPRUD. CONDUTOR-DIST. INADEQUADA ENTRE VEÍC.,0,0,0,0,RIBEIRÃO PRETO,RIBEIRÃO PRETO,RIBEIRÃO PRETO,ESTADUAL,1.0,2.0,0.0,0.0,0.0,0.0,0.0,0.0,0.0,0.0,0.0,0.0,0.0,0.0,0.0,0.0
2026-04-27T00:00:00,07:45:18,L01-AUTOBAN,SP330,21.5,NORTE,-23.456866220255,-46.783947944641,COLISÃO,COLISÃO-TRASEIRA,NÃO INFORMADO,1,0,0,0,SÃO PAULO,REG. METROPOLITANA SÃO PAULO,SÃO PAULO,ESTADUAL,1.0,0.0,1.0,0.0,0.0,0.0,0.0,0.0,0.0,0.0,0.0,0.0,0.0,0.0,0.0,0.0
2026-04-27T00:00:00,08:18:38,L01-AUTOBAN,SPM330D,62.0,NORTE,-23.16861715282,-46.926528811455,COLISÃO,COLISÃO-TRANSVERSAL,NÃO INFORMADO,1,0,0,0,JUNDIAÍ,NÃO INFORMADO,NÃO INFORMADO,NÃO INFORMADO,0.0,0.0,1.0,0.0,1.0,0.0,0.0,0.0,0.0,0.0,0.0,0.0,0.0,0.0,0.0,0.0
2026-04-27T00:00:00,10:29:55,L01-AUTOBAN,SP330,152.1,NORTE,-22.512862643996,-47.395734093407,COLISÃO,COLISÃO-LATERAL,NÃO INFORMADO,0,1,0,0,LIMEIRA,CAMPINAS,RIO CLARO,ESTADUAL,1.0,0.0,1.0,0.0,0.0,0.0,0.0,0.0,0.0,0.0,0.0,0.0,0.0,0.0,0.0,0.0
2026-04-27T00:00:00,14:29:59,L01-AUTOBAN,SP330,25.0,NORTE,-23.426127,-46.787542,TOMBAMENTO,TOMBAMENTO-MOTO,NÃO INFORMADO,1,0,0,0,SÃO PAULO,REG. METROPOLITANA SÃO PAULO,SÃO PAULO,ESTADUAL,0.0,0.0,1.0,0.0,0.0,0.0,0.0,0.0,0.0,0.0,0.0,0.0,0.0,0.0,0.0,0.0
2026-04-27T00:00:00,15:40:30,L01-AUTOBAN,SPM330D,59.5,NORTE,-23.184964956187,-46.909013986588,COLISÃO,COLISÃO-TRASEIRA,NÃO INFORMADO,0,0,0,0,JUNDIAÍ,CAMPINAS,CAMPINAS,ESTADUAL,1.0,0.0,0.0,0.0,1.0,0.0,0.0,0.0,0.0,0.0,0.0,0.0,0.0,0.0,0.0,0.0
2026-04-27T00:00:00,16:10:41,L06-INTERVIAS,SP330,184.0,SUL,-22.22873301,-47.39164442,CHOQUE,CHOQUE-SINALIZAÇÃO/EQUIPAMENTO,IMPRUD. CONDUTOR-LEVOU FECHADA,2,0,0,0,LEME,CAMPINAS,RIO CLARO,ESTADUAL,1.0,0.0,0.0,0.0,1.0,0.0,0.0,0.0,0.0,0.0,0.0,0.0,0.0,0.0,0.0,0.0
2026-04-27T00:00:00,18:17:45,L01-AUTOBAN,SPM330E,110.0,SUL,-22.82299346964,-47.19250202179,TOMBAMENTO,TOMBAMENTO-MOTO,NÃO INFORMADO,1,0,0,0,SUMARÉ,CAMPINAS,CAMPINAS,ESTADUAL,0.0,0.0,1.0,0.0,0.0,0.0,0.0,0.0,0.0,0.0,0.0,0.0,0.0,0.0,0.0,0.0
2026-04-27T00:00:00,18:33:28,L01-AUTOBAN,SP330,26.0,SUL,-23.42090534696,-46.794376373291,ENGAVETAMENTO,ENGAVETAMENTO,NÃO INFORMADO,0,0,0,0,SÃO PAULO,REG. METROPOLITANA SÃO PAULO,SÃO PAULO,ESTADUAL,2.0,0.0,0.0,0.0,1.0,0.0,0.0,0.0,0.0,0.0,0.0,0.0,0.0,0.0,0.0,0.0
2026-04-27T00:00:00,18:40:18,L01-AUTOBAN,SP330,85.8,NORTE,-22.984090577559,-47.0426442323,CHOQUE,CHOQUE-TALUDE/BARRANCO,NÃO INFORMADO,1,0,0,0,VALINHOS,CAMPINAS,CAMPINAS,ESTADUAL,1.0,0.0,0.0,0.0,0.0,0.0,0.0,0.0,0.0,0.0,0.0,0.0,0.0,0.0,0.0,0.0
2026-04-27T00:00:00,18:54:45,L01-AUTOBAN,SP330,19.0,NORTE,-23.473712595828,-46.77262365818,TOMBAMENTO,TOMBAMENTO-MOTO,NÃO INFORMADO,1,0,0,0,OSASCO,REG. METROPOLITANA SÃO PAULO,SÃO PAULO,ESTADUAL,0.0,0.0,1.0,0.0,0.0,0.0,0.0,0.0,0.0,0.0,0.0,0.0,0.0,0.0,0.0,0.0
2026-04-27T00:00:00,21:31:40,L01-AUTOBAN,SP330,122.1,SUL,-22.743179456229,-47.26934407935,ENGAVETAMENTO,ENGAVETAMENTO,NÃO INFORMADO,0,0,0,0,AMERICANA,CAMPINAS,RIO CLARO,ESTADUAL,2.0,0.0,0.0,0.0,1.0,0.0,0.0,0.0,0.0,0.0,0.0,0.0,0.0,0.0,0.0,0.0
2026-04-27T00:00:00,22:46:27,L01-AUTOBAN,SP330,118.9,NORTE,-22.763781981444,-47.247083913017,CHOQUE,CHOQUE-SINALIZAÇÃO/EQUIPAMENTO,NÃO INFORMADO,0,0,0,0,NOVA ODESSA,CAMPINAS,RIO CLARO,ESTADUAL,0.0,0.0,0.0,0.0,1.0,0.0,0.0,0.0,0.0,0.0,0.0,0.0,0.0,0.0,0.0,0.0
2026-04-28T00:00:00,04:52:11,L01-AUTOBAN,SP330,81.5,NORTE,-23.017106140272,-47.020322978497,COLISÃO,COLISÃO-LATERAL,NÃO INFORMADO,0,0,0,0,VALINHOS,CAMPINAS,CAMPINAS,ESTADUAL,1.0,0.0,0.0,0.0,1.0,0.0,0.0,0.0,0.0,0.0,0.0,0.0,0.0,0.0,0.0,0.0
2026-04-28T00:00:00,05:37:11,L28-ENTREVIAS,SPA327/330,0.2,LESTE,-21.05004696213165,-47.82535586996326,COLISÃO,COLISÃO-LATERAL,IMPRUD. CONDUTOR-LEVOU FECHADA,0,0,0,0,JARDINÓPOLIS,RIBEIRÃO PRETO,RIBEIRÃO PRETO,ESTADUAL,2.0,1.0,0.0,0.0,0.0,0.0,0.0,0.0,0.0,0.0,0.0,0.0,0.0,0.0,0.0,0.0
2026-04-28T00:00:00,07:05:36,L29-VIAPAULISTA,SP330,270.526,SUL,-21.50424694,-47.64213559,COLISÃO,COLISÃO-TRASEIRA,IMPRUD. CONDUTOR-DORMIR AO VOLANTE,0,2,0,0,SÃO SIMÃO,RIBEIRÃO PRETO,RIBEIRÃO PRETO,ESTADUAL,0.0,0.0,0.0,0.0,2.0,0.0,0.0,0.0,0.0,0.0,0.0,0.0,0.0,0.0,0.0,0.0
2026-04-28T00:00:00,08:39:22,L01-AUTOBAN,SP330,98.0,SUL,-22.896245165998,-47.110952138901,COLISÃO,COLISÃO-TRASEIRA,NÃO INFORMADO,1,0,0,0,CAMPINAS,CAMPINAS,CAMPINAS,ESTADUAL,0.0,0.0,1.0,0.0,0.0,0.0,0.0,0.0,0.0,0.0,0.0,0.0,0.0,0.0,0.0,0.0
2026-04-28T00:00:00,09:19:19,L01-AUTOBAN,SP330,97.0,NORTE,-22.904077630073,-47.107797861099,COLISÃO,COLISÃO-LATERAL,NÃO INFORMADO,0,0,0,0,CAMPINAS,CAMPINAS,CAMPINAS,ESTADUAL,1.0,0.0,0.0,0.0,1.0,0.0,0.0,0.0,0.0,0.0,0.0,0.0,0.0,0.0,0.0,0.0
2026-04-28T00:00:00,11:35:03,L29-VIAPAULISTA,SP330,260.913,SUL,-21.58841203,-47.62523826,COLISÃO,COLISÃO-TRASEIRA,IMPRUD. CONDUTOR-DIST. INADEQUADA ENTRE VEÍC.,0,0,0,0,SANTA RITA DO PASSA QUATRO,CENTRAL,RIBEIRÃO PRETO,ESTADUAL,0.0,0.0,0.0,1.0,0.0,0.0,1.0,0.0,0.0,0.0,0.0,0.0,0.0,0.0,0.0,0.0
2026-04-28T00:00:00,11:56:41,L01-AUTOBAN,SP330,29.0,SUL,-23.409410946036,-46.820742487907,COLISÃO,COLISÃO-LATERAL,NÃO INFORMADO,0,0,0,0,SÃO PAULO,REG. METROPOLITANA SÃO PAULO,SÃO PAULO,ESTADUAL,0.0,0.0,0.0,0.0,2.0,0.0,0.0,0.0,0.0,0.0,0.0,0.0,0.0,0.0,0.0,0.0
2026-04-28T00:00:00,13:17:41,L01-AUTOBAN,SP330,86.0,SUL,-22.982950250049,-47.04378426075,TOMBAMENTO,TOMBAMENTO,NÃO INFORMADO,1,0,0,0,VALINHOS,CAMPINAS,CAMPINAS,ESTADUAL,0.0,0.0,0.0,1.0,0.0,0.0,0.0,0.0,0.0,0.0,0.0,0.0,0.0,0.0,0.0,0.0
2026-04-28T00:00:00,18:58:43,L01-AUTOBAN,SP330,100.0,SUL,-22.880529457956,-47.117882966995,COLISÃO,COLISÃO-TRASEIRA,NÃO INFORMADO,0,0,0,0,CAMPINAS,CAMPINAS,CAMPINAS,ESTADUAL,1.0,1.0,0.0,0.0,0.0,0.0,0.0,0.0,0.0,0.0,0.0,0.0,0.0,0.0,0.0,0.0
2026-04-28T00:00:00,20:49:59,L01-AUTOBAN,SP330,18.5,NORTE,-23.478064611931,-46.771784126759,TOMBAMENTO,TOMBAMENTO-MOTO,NÃO INFORMADO,1,0,0,0,OSASCO,REG. METROPOLITANA SÃO PAULO,SÃO PAULO,ESTADUAL,0.0,0.0,1.0,0.0,0.0,0.0,0.0,0.0,0.0,0.0,0.0,0.0,0.0,0.0,0.0,0.0
2026-04-28T00:00:00,23:25:00,L28-ENTREVIAS,SP330,339.2,SUL,-20.9548471123227,-47.87324006629394,COLISÃO,COLISÃO-TRASEIRA,IMPRUD. CONDUTOR-DORMIR AO VOLANTE,0,0,0,0,JARDINÓPOLIS,RIBEIRÃO PRETO,RIBEIRÃO PRETO,ESTADUAL,0.0,0.0,0.0,0.0,2.0,0.0,0.0,0.0,0.0,0.0,0.0,0.0,0.0,0.0,0.0,0.0
2026-04-29T00:00:00,01:56:25,L29-VIAPAULISTA,SP330,279.903,NORTE,-21.42194051,-47.65834757,COLISÃO,COLISÃO-TRASEIRA,MAL SÚBITO DO CONDUTOR,0,0,0,0,SÃO SIMÃO,RIBEIRÃO PRETO,RIBEIRÃO PRETO,ESTADUAL,0.0,0.0,0.0,0.0,2.0,0.0,0.0,0.0,0.0,0.0,0.0,0.0,0.0,0.0,0.0,0.0
2026-04-29T00:00:00,04:01:52,L01-AUTOBAN,SP330,34.5,NORTE,-23.372454,-46.842561,QUEDA,CHOQUE-OAE (PONTE/VIADUTO),NÃO INFORMADO,0,0,0,0,CAJAMAR,REG. METROPOLITANA SÃO PAULO,SÃO PAULO,ESTADUAL,1.0,0.0,0.0,0.0,0.0,0.0,0.0,0.0,0.0,0.0,0.0,0.0,0.0,0.0,0.0,0.0
2026-04-29T00:00:00,06:16:33,L01-AUTOBAN,SP330,47.0,SUL,-23.282290776795,-46.872954368591,COLISÃO,COLISÃO-TRASEIRA,NÃO INFORMADO,1,0,0,0,JUNDIAÍ,CAMPINAS,CAMPINAS,ESTADUAL,1.0,0.0,0.0,0.0,1.0,0.0,0.0,0.0,0.0,0.0,0.0,0.0,0.0,0.0,0.0,0.0
2026-04-29T00:00:00,10:58:00,L01-AUTOBAN,SP330,129.0,SUL,-22.697000813435,-47.309516072273,COLISÃO,COLISÃO-LATERAL,NÃO INFORMADO,0,0,0,0,AMERICANA,CAMPINAS,RIO CLARO,ESTADUAL,0.0,0.0,0.0,1.0,0.0,0.0,0.0,0.0,0.0,0.0,0.0,0.0,0.0,0.0,0.0,0.0
2026-04-29T00:00:00,12:21:33,L01-AUTOBAN,SPM330D,114.0,NORTE,-22.800514260128,-47.221802473068,CHOQUE,CHOQUE-OBJETO NA PISTA,NÃO INFORMADO,0,0,1,0,SUMARÉ,CAMPINAS,CAMPINAS,ESTADUAL,0.0,0.0,1.0,0.0,1.0,0.0,0.0,0.0,0.0,0.0,0.0,0.0,0.0,0.0,0.0,0.0
2026-04-29T00:00:00,12:47:37,L01-AUTOBAN,SP330,119.0,NORTE,-22.763217100847,-47.247782349587,COLISÃO,COLISÃO-LATERAL,NÃO INFORMADO,0,0,1,0,NOVA ODESSA,CAMPINAS,RIO CLARO,ESTADUAL,1.0,0.0,1.0,0.0,0.0,0.0,0.0,0.0,0.0,0.0,0.0,0.0,0.0,0.0,0.0,0.0
2026-04-29T00:00:00,13:18:49,L01-AUTOBAN,SP330,62.0,SUL,-23.168814423993,-46.926614642143,COLISÃO,COLISÃO-TRASEIRA,NÃO INFORMADO,0,0,0,0,JUNDIAÍ,CAMPINAS,CAMPINAS,ESTADUAL,0.0,1.0,0.0,0.0,1.0,0.0,0.0,0.0,0.0,0.0,0.0,0.0,0.0,0.0,0.0,0.0
2026-04-29T00:00:00,14:44:55,L06-INTERVIAS,SP330,236.65,NORTE,-21.78087638,-47.53178698,CHOQUE,CHOQUE-ELEMENTO DE DRENAGEM,IMPRUD. CONDUTOR-PERDA DE CONTROLE,0,0,0,0,SANTA RITA DO PASSA QUATRO,CENTRAL,RIBEIRÃO PRETO,ESTADUAL,0.0,0.0,0.0,0.0,1.0,0.0,0.0,0.0,0.0,0.0,0.0,0.0,0.0,0.0,0.0,0.0
2026-04-29T00:00:00,18:42:08,L01-AUTOBAN,SP330,122.0,NORTE,-22.743594,-47.268248,TOMBAMENTO,TOMBAMENTO-MOTO,NÃO INFORMADO,1,0,0,0,AMERICANA,CAMPINAS,RIO CLARO,ESTADUAL,0.0,0.0,1.0,0.0,0.0,0.0,0.0,0.0,0.0,0.0,0.0,0.0,0.0,0.0,0.0,0.0
2026-04-29T00:00:00,20:39:09,L01-AUTOBAN,SP330,30.0,NORTE,-23.405103365161,-46.82884812355,COLISÃO,COLISÃO-FRONTAL,NÃO INFORMADO,1,0,0,0,CAJAMAR,REG. METROPOLITANA SÃO PAULO,SÃO PAULO,ESTADUAL,1.0,0.0,1.0,0.0,0.0,0.0,0.0,0.0,0.0,0.0,0.0,0.0,0.0,0.0,0.0,0.0
2026-04-29T00:00:00,21:01:53,L28-ENTREVIAS,SP330,327.0,NORTE,-21.05692811779175,-47.82189971056317,CHOQUE,CHOQUE-DEFENSA/BARREIRA,IMPRUD. CONDUTOR-EMBRIAGUEZ,1,0,0,0,JARDINÓPOLIS,RIBEIRÃO PRETO,RIBEIRÃO PRETO,ESTADUAL,0.0,0.0,0.0,0.0,0.0,0.0,0.0,0.0,0.0,0.0,1.0,0.0,0.0,0.0,0.0,0.0
2026-04-29T00:00:00,21:14:32,L01-AUTOBAN,SP330,109.0,NORTE,-22.827374159413,-47.183876037598,COLISÃO,COLISÃO-TRASEIRA,NÃO INFORMADO,0,0,0,0,SUMARÉ,CAMPINAS,CAMPINAS,ESTADUAL,2.0,0.0,0.0,0.0,0.0,0.0,0.0,0.0,0.0,0.0,0.0,0.0,0.0,0.0,0.0,0.0
2026-04-29T00:00:00,22:01:04,L01-AUTOBAN,SP330,101.7,NORTE,-22.869297529975,-47.129911042575,COLISÃO,COLISÃO-TRASEIRA,NÃO INFORMADO,1,0,0,0,CAMPINAS,CAMPINAS,CAMPINAS,ESTADUAL,1.0,0.0,1.0,0.0,0.0,0.0,0.0,0.0,0.0,0.0,0.0,0.0,0.0,0.0,0.0,0.0
2026-04-29T00:00:00,23:39:36,L01-AUTOBAN,SP330,58.0,SUL,-23.19706558464,-46.903826594353,CHOQUE,CHOQUE-POSTE,NÃO INFORMADO,0,0,0,0,JUNDIAÍ,CAMPINAS,CAMPINAS,ESTADUAL,1.0,0.0,0.0,0.0,0.0,0.0,0.0,0.0,0.0,0.0,0.0,0.0,0.0,0.0,0.0,0.0
2026-04-30T00:00:00,03:09:30,L01-AUTOBAN,SP330,53.25,SUL,-23.229026439389,-46.87419757247,CHOQUE,CHOQUE-DEFENSA/BARREIRA,NÃO INFORMADO,0,0,0,0,JUNDIAÍ,CAMPINAS,CAMPINAS,ESTADUAL,1.0,0.0,0.0,0.0,0.0,0.0,0.0,0.0,0.0,0.0,0.0,0.0,0.0,0.0,0.0,0.0
2026-04-30T00:00:00,03:21:47,L01-AUTOBAN,SP330,145.3,NORTE,-22.566690556865,-47.366037435931,COLISÃO,COLISÃO-LATERAL,NÃO INFORMADO,1,0,0,0,LIMEIRA,CAMPINAS,RIO CLARO,ESTADUAL,0.0,1.0,1.0,0.0,0.0,0.0,0.0,0.0,0.0,0.0,0.0,0.0,0.0,0.0,0.0,0.0
2026-04-30T00:00:00,04:29:23,L06-INTERVIAS,SP330,236.5,NORTE,-21.7817527,-47.53065865,COLISÃO,COLISÃO-TRASEIRA,IMPRUD. CONDUTOR-DORMIR AO VOLANTE,0,0,0,0,SANTA RITA DO PASSA QUATRO,CENTRAL,RIBEIRÃO PRETO,ESTADUAL,0.0,0.0,0.0,1.0,1.0,0.0,0.0,0.0,0.0,0.0,0.0,0.0,0.0,0.0,0.0,0.0
2026-04-30T00:00:00,06:47:11,L01-AUTOBAN,SP330,61.0,NORTE,-23.175294620401,-46.918331980705,TOMBAMENTO,TOMBAMENTO,NÃO INFORMADO,2,0,0,0,JUNDIAÍ,CAMPINAS,CAMPINAS,ESTADUAL,0.0,1.0,1.0,0.0,1.0,0.0,0.0,0.0,0.0,0.0,0.0,0.0,0.0,0.0,0.0,0.0
2026-04-30T00:00:00,06:57:29,L01-AUTOBAN,SP330,59.0,NORTE,-23.188929625354,-46.906567811966,COLISÃO,COLISÃO-TRASEIRA,NÃO INFORMADO,0,1,0,0,JUNDIAÍ,CAMPINAS,CAMPINAS,ESTADUAL,1.0,0.0,1.0,0.0,0.0,0.0,0.0,0.0,0.0,0.0,0.0,0.0,0.0,0.0,0.0,0.0
2026-04-30T00:00:00,07:58:26,L29-VIAPAULISTA,SP330,317.101,SUL,-21.1231338,-47.77270647,ENGAVETAMENTO,ENGAVETAMENTO,IMPRUD. CONDUTOR-DIST. INADEQUADA ENTRE VEÍC.,0,0,0,0,RIBEIRÃO PRETO,RIBEIRÃO PRETO,RIBEIRÃO PRETO,ESTADUAL,1.0,0.0,1.0,2.0,0.0,0.0,0.0,0.0,0.0,0.0,0.0,0.0,0.0,0.0,0.0,0.0
2026-04-30T00:00:00,08:50:58,L01-AUTOBAN,SP330,91.0,NORTE,-22.942859,-47.066539,ENGAVETAMENTO,ENGAVETAMENTO,NÃO INFORMADO,0,0,0,0,CAMPINAS,CAMPINAS,CAMPINAS,ESTADUAL,2.0,0.0,0.0,1.0,0.0,0.0,0.0,0.0,0.0,0.0,0.0,0.0,0.0,0.0,0.0,0.0
2026-04-30T00:00:00,08:58:02,L01-AUTOBAN,SPM330E,99.0,SUL,-22.887972406914,-47.113489508629,TOMBAMENTO,TOMBAMENTO-MOTO,NÃO INFORMADO,1,0,0,0,CAMPINAS,CAMPINAS,CAMPINAS,ESTADUAL,0.0,1.0,1.0,0.0,0.0,0.0,0.0,0.0,0.0,0.0,0.0,0.0,0.0,0.0,0.0,0.0
2026-04-30T00:00:00,09:01:59,L01-AUTOBAN,SP330,91.0,NORTE,-22.942859,-47.066539,CHOQUE,CHOQUE-OBJETO NA PISTA,NÃO INFORMADO,0,0,0,0,CAMPINAS,CAMPINAS,CAMPINAS,ESTADUAL,1.0,0.0,0.0,1.0,0.0,0.0,0.0,1.0,0.0,0.0,0.0,0.0,0.0,0.0,0.0,0.0
2026-04-30T00:00:00,09:38:04,L01-AUTOBAN,SP330,91.0,NORTE,-22.942859,-47.066539,COLISÃO,COLISÃO-TRASEIRA,NÃO INFORMADO,0,0,0,0,CAMPINAS,CAMPINAS,CAMPINAS,ESTADUAL,1.0,0.0,0.0,0.0,1.0,0.0,0.0,0.0,0.0,0.0,0.0,0.0,0.0,0.0,0.0,0.0
2026-04-30T00:00:00,09:50:18,L28-ENTREVIAS,SP330,318.95,NORTE,-21.11722524534491,-47.77698945868193,COLISÃO,COLISÃO-LATERAL,IMPRUD. CONDUTOR-LEVOU FECHADA,1,0,0,0,RIBEIRÃO PRETO,RIBEIRÃO PRETO,RIBEIRÃO PRETO,ESTADUAL,0.0,0.0,0.0,0.0,1.0,0.0,0.0,0.0,0.0,0.0,1.0,0.0,0.0,0.0,0.0,0.0
2026-04-30T00:00:00,15:34:25,L06-INTERVIAS,SP330,196.2,SUL,-22.12093078,-47.41108537,COLISÃO,COLISÃO-TRASEIRA,IMPRUD. CONDUTOR,1,0,0,0,LEME,CAMPINAS,RIO CLARO,ESTADUAL,0.0,0.0,1.0,0.0,0.0,0.0,0.0,0.0,0.0,0.0,1.0,0.0,0.0,0.0,0.0,0.0
2026-04-30T00:00:00,18:21:12,L01-AUTOBAN,SP330,139.0,SUL,-22.617749569415,-47.349067926407,COLISÃO,COLISÃO-LATERAL,NÃO INFORMADO,1,0,0,0,LIMEIRA,CAMPINAS,RIO CLARO,ESTADUAL,4.0,0.0,1.0,1.0,1.0,0.0,0.0,0.0,0.0,0.0,0.0,0.0,0.0,0.0,0.0,0.0
2026-04-30T00:00:00,18:22:28,L01-AUTOBAN,SP330,108.0,SUL,-22.832926456389,-47.177379727364,COLISÃO,COLISÃO-TRASEIRA,NÃO INFORMADO,0,0,0,0,SUMARÉ,CAMPINAS,CAMPINAS,ESTADUAL,1.0,1.0,0.0,0.0,0.0,0.0,0.0,0.0,0.0,0.0,0.0,0.0,0.0,0.0,0.0,0.0
2026-04-30T00:00:00,18:53:39,L01-AUTOBAN,SP330,63.84,NORTE,-23.154408481501,-46.934992490031,ENGAVETAMENTO,ENGAVETAMENTO,NÃO INFORMADO,0,0,0,0,JUNDIAÍ,CAMPINAS,CAMPINAS,ESTADUAL,3.0,0.0,0.0,0.0,0.0,0.0,0.0,0.0,0.0,0.0,0.0,0.0,0.0,0.0,0.0,0.0
2026-04-30T00:00:00,19:30:18,L01-AUTOBAN,SP330,103.8,SUL,-22.858165835017,-47.14689069104,COLISÃO,COLISÃO-LATERAL,NÃO INFORMADO,0,0,0,0,CAMPINAS,CAMPINAS,CAMPINAS,ESTADUAL,1.0,1.0,0.0,0.0,0.0,0.0,0.0,0.0,0.0,0.0,0.0,0.0,0.0,0.0,0.0,0.0
2026-04-30T00:00:00,19:48:09,L29-VIAPAULISTA,SP330,317.769,NORTE,-21.11800973,-47.77633658,COLISÃO,COLISÃO-FRONTAL,IMPRUD. CONDUTOR-PERDA DE CONTROLE,0,0,0,0,RIBEIRÃO PRETO,RIBEIRÃO PRETO,RIBEIRÃO PRETO,ESTADUAL,0.0,0.0,0.0,1.0,1.0,0.0,0.0,0.0,0.0,0.0,0.0,0.0,0.0,0.0,0.0,0.0
2026-04-30T00:00:00,21:23:09,L01-AUTOBAN,SP330,11.46,SUL,-23.51053885599,-46.728948396714,COLISÃO,COLISÃO-TRASEIRA,NÃO INFORMADO,0,0,0,0,SÃO PAULO,REG. METROPOLITANA SÃO PAULO,SÃO PAULO,ESTADUAL,2.0,0.0,0.0,0.0,0.0,0.0,0.0,0.0,0.0,0.0,0.0,0.0,0.0,0.0,0.0,0.0
2026-04-30T00:00:00,21:23:49,L01-AUTOBAN,SP330,60.0,NORTE,-23.18100028702,-46.911460161209,COLISÃO,COLISÃO-TRASEIRA,NÃO INFORMADO,0,1,0,0,JUNDIAÍ,CAMPINAS,CAMPINAS,ESTADUAL,1.0,0.0,1.0,0.0,0.0,0.0,0.0,0.0,0.0,0.0,0.0,0.0,0.0,0.0,0.0,0.0
2026-04-30T00:00:00,21:41:49,L28-ENTREVIAS,SP330,416.0,SUL,-20.29537658784497,-47.79881990552292,CHOQUE,CHOQUE-OBJETO NA PISTA,OBJETO NA PISTA,0,0,0,0,ITUVERAVA,FRANCA,RIBEIRÃO PRETO,ESTADUAL,1.0,0.0,0.0,0.0,0.0,0.0,0.0,0.0,0.0,0.0,0.0,0.0,0.0,0.0,0.0,0.0
2026-04-30T00:00:00,23:36:33,L01-AUTOBAN,SP330,64.0,NORTE,-23.153219241232,-46.935594677925,COLISÃO,COLISÃO-TRASEIRA,NÃO INFORMADO,1,0,0,0,JUNDIAÍ,CAMPINAS,CAMPINAS,ESTADUAL,0.0,0.0,0.0,1.0,1.0,0.0,0.0,0.0,0.0,0.0,0.0,0.0,0.0,0.0,0.0,0.0
2026-05-01T00:00:00,17:05:26,L01-AUTOBAN,SP330,155.5,SUL,-22.483028827997,-47.39971171571,CHOQUE,CHOQUE-DEFENSA/BARREIRA,NÃO INFORMADO,1,2,1,0,CORDEIRÓPOLIS,CAMPINAS,RIO CLARO,ESTADUAL,0.0,0.0,0.0,0.0,1.0,0.0,0.0,0.0,0.0,0.0,0.0,0.0,0.0,0.0,0.0,0.0
2026-05-01T00:00:00,19:00:00,L01-AUTOBAN,SPM330E,16.2,SUL,-23.493413673956,-46.760483986461,CHOQUE,CHOQUE-SINALIZAÇÃO/EQUIPAMENTO,NÃO INFORMADO,1,0,0,0,OSASCO,REG. METROPOLITANA SÃO PAULO,SÃO PAULO,ESTADUAL,1.0,0.0,0.0,0.0,0.0,0.0,0.0,0.0,0.0,0.0,0.0,0.0,0.0,0.0,0.0,0.0
2026-05-01T00:00:00,20:43:37,L01-AUTOBAN,SPM330D,110.5,NORTE,-22.820189929366,-47.197107374668,COLISÃO,COLISÃO-LATERAL,NÃO INFORMADO,0,1,1,0,SUMARÉ,CAMPINAS,CAMPINAS,ESTADUAL,0.0,1.0,1.0,0.0,0.0,0.0,0.0,0.0,0.0,0.0,0.0,0.0,0.0,0.0,0.0,0.0
2026-05-01T00:00:00,21:31:23,L06-INTERVIAS,SP330,182.3,SUL,-22.24411961,-47.39070731,COLISÃO,COLISÃO-TRASEIRA,IMPRUD. CONDUTOR-LEVOU FECHADA,0,0,0,0,LEME,CAMPINAS,RIO CLARO,ESTADUAL,0.0,0.0,0.0,1.0,1.0,0.0,0.0,0.0,0.0,0.0,0.0,0.0,0.0,0.0,0.0,0.0
2026-05-01T00:00:00,21:43:45,L01-AUTOBAN,SP330,124.0,SUL,-22.734177514591,-47.285896539688,COLISÃO,COLISÃO-LATERAL,NÃO INFORMADO,0,0,0,0,AMERICANA,CAMPINAS,RIO CLARO,ESTADUAL,0.0,1.0,1.0,0.0,0.0,0.0,0.0,0.0,0.0,0.0,0.0,0.0,0.0,0.0,0.0,0.0
2026-05-01T00:00:00,22:37:38,L01-AUTOBAN,SP330,69.1,SUL,-23.112980015951,-46.958203009976,TOMBAMENTO,TOMBAMENTO-MOTO,NÃO INFORMADO,0,0,0,0,JUNDIAÍ,CAMPINAS,CAMPINAS,ESTADUAL,0.0,0.0,1.0,0.0,0.0,0.0,0.0,0.0,0.0,0.0,0.0,0.0,0.0,0.0,0.0,0.0
2026-05-01T00:00:00,23:44:09,L01-AUTOBAN,SP330,92.0,NORTE,-22.935116422047,-47.071389555931,CHOQUE,CHOQUE-ELEMENTO DE DRENAGEM,NÃO INFORMADO,0,0,0,0,CAMPINAS,CAMPINAS,CAMPINAS,ESTADUAL,0.0,0.0,1.0,0.0,0.0,0.0,0.0,0.0,0.0,0.0,0.0,0.0,0.0,0.0,0.0,0.0
2026-05-01T00:00:00,23:55:56,L28-ENTREVIAS,SP330,320.2,SUL,-21.11722524534491,-47.77698945868193,COLISÃO,COLISÃO-LATERAL,IMPRUD. CONDUTOR-PERDA DE CONTROLE,1,0,0,0,RIBEIRÃO PRETO,RIBEIRÃO PRETO,RIBEIRÃO PRETO,ESTADUAL,0.0,0.0,1.0,0.0,0.0,0.0,0.0,0.0,0.0,0.0,1.0,0.0,0.0,0.0,0.0,0.0
2026-05-02T00:00:00,00:20:55,L29-VIAPAULISTA,SP330,310.2,NORTE,-21.18153979,-47.75696307,ATROPELAMENTO DE ANIMAL,ATROP. ANIMAL-OUTROS,ANIMAL NA RODOVIA,0,0,0,0,RIBEIRÃO PRETO,RIBEIRÃO PRETO,RIBEIRÃO PRETO,ESTADUAL,1.0,0.0,0.0,0.0,0.0,0.0,0.0,0.0,0.0,0.0,0.0,0.0,0.0,0.0,0.0,0.0
2026-05-02T00:00:00,02:56:53,L01-AUTOBAN,SPM330D,115.5,NORTE,-22.787700464502,-47.22836047411,CHOQUE,CHOQUE-DEFENSA/BARREIRA,NÃO INFORMADO,1,0,0,0,SUMARÉ,CAMPINAS,CAMPINAS,ESTADUAL,1.0,0.0,0.0,0.0,0.0,0.0,0.0,0.0,0.0,0.0,0.0,0.0,0.0,0.0,0.0,0.0
2026-05-02T00:00:00,03:21:26,L01-AUTOBAN,SP330,82.0,SUL,-23.013551263743,-47.02328145504,CHOQUE,CHOQUE-DEFENSA/BARREIRA,NÃO INFORMADO,1,0,0,0,VALINHOS,CAMPINAS,CAMPINAS,ESTADUAL,1.0,0.0,0.0,0.0,0.0,0.0,0.0,0.0,0.0,0.0,0.0,0.0,0.0,0.0,0.0,0.0
2026-05-02T00:00:00,05:08:17,L29-VIAPAULISTA,SP330,312.553,NORTE,-21.16032336,-47.75619956,CHOQUE,CHOQUE-DEFENSA/BARREIRA,IMPRUD. CONDUTOR-DORMIR AO VOLANTE,0,0,0,0,RIBEIRÃO PRETO,RIBEIRÃO PRETO,RIBEIRÃO PRETO,ESTADUAL,1.0,0.0,0.0,0.0,0.0,0.0,0.0,0.0,0.0,0.0,0.0,0.0,0.0,0.0,0.0,0.0
2026-05-02T00:00:00,05:24:32,L01-AUTOBAN,SP330,22.0,SUL,-23.45303514236,-46.78664624691,CHOQUE,CHOQUE-DEFENSA/BARREIRA,NÃO INFORMADO,0,0,0,0,SÃO PAULO,REG. METROPOLITANA SÃO PAULO,SÃO PAULO,ESTADUAL,1.0,0.0,0.0,0.0,0.0,0.0,0.0,0.0,0.0,0.0,0.0,0.0,0.0,0.0,0.0,0.0
2026-05-02T00:00:00,08:58:34,L01-AUTOBAN,SP330,38.0,NORTE,-23.344925355634,-46.840928792954,CHOQUE,CHOQUE-DEFENSA/BARREIRA,NÃO INFORMADO,0,1,0,0,CAJAMAR,REG. METROPOLITANA SÃO PAULO,SÃO PAULO,ESTADUAL,0.0,0.0,1.0,0.0,0.0,0.0,0.0,0.0,0.0,0.0,0.0,0.0,0.0,0.0,0.0,0.0
2026-05-02T00:00:00,09:16:58,L29-VIAPAULISTA,SPD317/330,317.6,NORTE,-21.11930568,-47.77540646,COLISÃO,COLISÃO-TRASEIRA,IMPRUD. CONDUTOR-MUDANÇA DE FAIXA,0,0,1,0,RIBEIRÃO PRETO,NÃO INFORMADO,NÃO INFORMADO,NÃO INFORMADO,0.0,0.0,0.0,1.0,0.0,1.0,0.0,0.0,0.0,0.0,0.0,0.0,0.0,0.0,0.0,0.0
2026-05-02T00:00:00,12:50:00,L28-ENTREVIAS,SP330,320.2,NORTE,-21.10801728324018,-47.78364133703886,COLISÃO,COLISÃO-LATERAL,IMPRUD. CONDUTOR-LEVOU FECHADA,0,0,0,0,RIBEIRÃO PRETO,RIBEIRÃO PRETO,RIBEIRÃO PRETO,ESTADUAL,1.0,0.0,0.0,0.0,1.0,0.0,0.0,0.0,0.0,0.0,0.0,0.0,0.0,0.0,0.0,0.0
2026-05-02T00:00:00,16:36:49,L29-VIAPAULISTA,SP330,292.182,NORTE,-21.33738433,-47.72508982,COLISÃO,COLISÃO-TRASEIRA,IMPRUD. CONDUTOR-DIST. INADEQUADA ENTRE VEÍC.,0,0,0,0,CRAVINHOS,RIBEIRÃO PRETO,RIBEIRÃO PRETO,ESTADUAL,2.0,1.0,0.0,0.0,0.0,0.0,0.0,0.0,0.0,0.0,0.0,0.0,0.0,0.0,0.0,0.0
2026-05-02T00:00:00,19:33:28,L06-INTERVIAS,SP330,174.8,SUL,-22.31149669,-47.39126966,COLISÃO,COLISÃO-LATERAL,NÃO INFORMADO,1,0,0,0,ARARAS,CAMPINAS,RIO CLARO,ESTADUAL,2.0,0.0,0.0,0.0,0.0,0.0,0.0,0.0,0.0,0.0,0.0,0.0,0.0,0.0,0.0,0.0
2026-05-02T00:00:00,21:56:23,L06-INTERVIAS,SP330,220.0,NORTE,-21.91461944,-47.47413529,CHOQUE,CHOQUE-OBJETO NA PISTA,OBJETO NA PISTA,0,0,0,0,PORTO FERREIRA,CENTRAL,RIO CLARO,ESTADUAL,0.0,0.0,0.0,1.0,0.0,0.0,0.0,0.0,0.0,0.0,0.0,0.0,0.0,0.0,0.0,0.0
2026-05-03T00:00:00,04:40:16,L01-AUTOBAN,SPI102/330,5.0,SUL,-22.907442732813,-47.137323617935,TOMBAMENTO,TOMBAMENTO,NÃO INFORMADO,0,0,0,0,CAMPINAS,CAMPINAS,CAMPINAS,ESTADUAL,1.0,0.0,0.0,0.0,0.0,0.0,0.0,0.0,0.0,0.0,0.0,0.0,0.0,0.0,0.0,0.0
2026-05-03T00:00:00,05:44:27,L01-AUTOBAN,SP330,37.0,SUL,-23.351265,-46.846862,COLISÃO,COLISÃO-TRASEIRA,NÃO INFORMADO,0,1,1,0,CAJAMAR,REG. METROPOLITANA SÃO PAULO,SÃO PAULO,ESTADUAL,1.0,0.0,1.0,0.0,0.0,0.0,0.0,0.0,0.0,0.0,0.0,0.0,0.0,0.0,0.0,0.0
2026-05-03T00:00:00,08:09:51,L06-INTERVIAS,SP330,197.639,NORTE,-22.10817982,-47.41289027,CHOQUE,CHOQUE-DEFENSA/BARREIRA,IMPRUD. CONDUTOR-DORMIR AO VOLANTE,0,0,0,0,SANTA CRUZ DA CONCEIÇÃO,CAMPINAS,RIO CLARO,ESTADUAL,0.0,0.0,0.0,1.0,0.0,0.0,0.0,0.0,0.0,0.0,0.0,0.0,0.0,0.0,0.0,0.0
2026-05-03T00:00:00,10:21:51,L01-AUTOBAN,SP330,20.0,SUL,-23.468905204683,-46.779066324234,CHOQUE,CHOQUE-DEFENSA/BARREIRA,NÃO INFORMADO,0,0,0,0,OSASCO,REG. METROPOLITANA SÃO PAULO,SÃO PAULO,ESTADUAL,1.0,0.0,0.0,0.0,0.0,0.0,0.0,0.0,0.0,0.0,0.0,0.0,0.0,0.0,0.0,0.0
2026-05-03T00:00:00,15:27:19,L01-AUTOBAN,SP330,37.0,SUL,-23.351265,-46.846862,COLISÃO,COLISÃO-TRASEIRA,NÃO INFORMADO,0,0,0,0,CAJAMAR,REG. METROPOLITANA SÃO PAULO,SÃO PAULO,ESTADUAL,2.0,0.0,0.0,0.0,0.0,0.0,0.0,0.0,0.0,0.0,0.0,0.0,0.0,0.0,0.0,0.0
2026-05-03T00:00:00,15:28:04,L01-AUTOBAN,SP330,138.3,SUL,-22.622245226412,-47.344865996083,ENGAVETAMENTO,ENGAVETAMENTO,NÃO INFORMADO,1,0,0,0,LIMEIRA,CAMPINAS,RIO CLARO,ESTADUAL,1.0,2.0,0.0,0.0,0.0,0.0,0.0,0.0,0.0,0.0,0.0,0.0,0.0,0.0,0.0,0.0
2026-05-03T00:00:00,16:40:00,L01-AUTOBAN,SP330,26.0,SUL,-23.42090534696,-46.794376373291,TOMBAMENTO,TOMBAMENTO-MOTO,NÃO INFORMADO,1,0,0,0,SÃO PAULO,REG. METROPOLITANA SÃO PAULO,SÃO PAULO,ESTADUAL,0.0,0.0,1.0,0.0,0.0,0.0,0.0,0.0,0.0,0.0,0.0,0.0,0.0,0.0,0.0,0.0
2026-05-03T00:00:00,21:08:08,L01-AUTOBAN,SP330,55.0,SUL,-23.216229975306,-46.884031891823,ENGAVETAMENTO,ENGAVETAMENTO,NÃO INFORMADO,2,0,0,0,JUNDIAÍ,CAMPINAS,CAMPINAS,ESTADUAL,4.0,0.0,0.0,0.0,0.0,0.0,0.0,0.0,0.0,0.0,0.0,0.0,0.0,0.0,0.0,0.0
2026-05-03T00:00:00,21:11:30,L01-AUTOBAN,SP330,92.0,SUL,-22.935126302733,-47.071105241776,ATROPELAMENTO DE PEDESTRE,ATROP. PEDESTRE-OUTROS,NÃO INFORMADO,0,1,0,0,CAMPINAS,CAMPINAS,CAMPINAS,ESTADUAL,0.0,0.0,1.0,0.0,0.0,0.0,0.0,1.0,0.0,0.0,0.0,0.0,0.0,0.0,0.0,0.0
2026-05-03T00:00:00,22:35:43,L01-AUTOBAN,SP330,116.0,SUL,-22.783526300145,-47.230841517448,COLISÃO,COLISÃO-LATERAL,NÃO INFORMADO,0,0,0,0,NOVA ODESSA,CAMPINAS,RIO CLARO,ESTADUAL,0.0,0.0,0.0,1.0,1.0,0.0,0.0,0.0,0.0,0.0,0.0,0.0,0.0,0.0,0.0,0.0
2026-05-04T00:00:00,01:29:04,L01-AUTOBAN,SP330,130.1,NORTE,-22.687233058156,-47.310666740104,ATROPELAMENTO DE ANIMAL,ATROP. ANIMAL-OUTROS,NÃO INFORMADO,0,0,0,0,AMERICANA,CAMPINAS,RIO CLARO,ESTADUAL,0.0,0.0,0.0,1.0,0.0,0.0,0.0,0.0,0.0,0.0,0.0,0.0,0.0,0.0,0.0,0.0
2026-05-04T00:00:00,05:50:34,L29-VIAPAULISTA,SP330,298.755,NORTE,-21.28298287,-47.75039559,COLISÃO,COLISÃO-TRASEIRA,IMPRUD. CONDUTOR-DORMIR AO VOLANTE,0,0,0,0,CRAVINHOS,RIBEIRÃO PRETO,RIBEIRÃO PRETO,ESTADUAL,2.0,0.0,0.0,0.0,0.0,0.0,0.0,0.0,0.0,0.0,0.0,0.0,0.0,0.0,0.0,0.0
2026-05-04T00:00:00,07:41:50,L29-VIAPAULISTA,SP330,285.89,NORTE,-21.39211186,-47.69467232,CAPOTAMENTO,CAPOTAMENTO,IMPRUD. CONDUTOR-DORMIR AO VOLANTE,4,0,0,0,CRAVINHOS,RIBEIRÃO PRETO,RIBEIRÃO PRETO,ESTADUAL,0.0,0.0,0.0,1.0,0.0,0.0,0.0,0.0,0.0,0.0,0.0,0.0,0.0,0.0,0.0,0.0
2026-05-04T00:00:00,08:13:47,L01-AUTOBAN,SPM330E,58.0,SUL,-23.19706558464,-46.903826594353,COLISÃO,COLISÃO-FRONTAL,NÃO INFORMADO,2,0,0,0,JUNDIAÍ,CAMPINAS,CAMPINAS,ESTADUAL,1.0,0.0,1.0,0.0,0.0,0.0,0.0,0.0,0.0,0.0,0.0,0.0,0.0,0.0,0.0,0.0
2026-05-04T00:00:00,08:15:01,L01-AUTOBAN,SP330,25.0,SUL,-23.42658,-46.787612,COLISÃO,COLISÃO-TRASEIRA,NÃO INFORMADO,3,2,0,0,SÃO PAULO,REG. METROPOLITANA SÃO PAULO,SÃO PAULO,ESTADUAL,0.0,0.0,0.0,0.0,1.0,0.0,1.0,0.0,0.0,0.0,0.0,0.0,0.0,0.0,0.0,0.0
2026-05-04T00:00:00,08:36:20,L01-AUTOBAN,SPM330D,60.5,NORTE,-23.178147453711,-46.914896070957,COLISÃO,COLISÃO-TRASEIRA,NÃO INFORMADO,0,0,0,0,JUNDIAÍ,CAMPINAS,CAMPINAS,ESTADUAL,0.0,0.0,1.0,1.0,0.0,0.0,0.0,0.0,0.0,0.0,0.0,0.0,0.0,0.0,0.0,0.0
2026-05-04T00:00:00,09:45:54,L29-VIAPAULISTA,SP330,313.8,NORTE,-21.14919123,-47.75809127,TOMBAMENTO,TOMBAMENTO,ÓLEO NA PISTA,0,0,0,0,RIBEIRÃO PRETO,RIBEIRÃO PRETO,RIBEIRÃO PRETO,ESTADUAL,0.0,0.0,1.0,0.0,0.0,0.0,0.0,0.0,0.0,0.0,0.0,0.0,0.0,0.0,0.0,0.0
2026-05-04T00:00:00,15:31:27,L01-AUTOBAN,SP330,98.0,SUL,-22.896245165998,-47.110952138901,TOMBAMENTO,TOMBAMENTO-MOTO,NÃO INFORMADO,1,0,0,0,CAMPINAS,CAMPINAS,CAMPINAS,ESTADUAL,1.0,0.0,1.0,0.0,0.0,0.0,0.0,0.0,0.0,0.0,0.0,0.0,0.0,0.0,0.0,0.0
2026-05-04T00:00:00,16:00:05,L06-INTERVIAS,SP330,171.0,NORTE,-22.3450534,-47.39337304,COLISÃO,COLISÃO-TRASEIRA,IMPRUD. CONDUTOR,0,0,0,0,ARARAS,CAMPINAS,RIO CLARO,ESTADUAL,1.0,0.0,0.0,1.0,0.0,0.0,1.0,0.0,0.0,0.0,0.0,0.0,0.0,0.0,0.0,0.0
2026-05-04T00:00:00,17:02:45,L01-AUTOBAN,SP330,130.0,SUL,-22.688126990019,-47.311071753502,COLISÃO,COLISÃO-TRASEIRA,NÃO INFORMADO,0,1,0,0,AMERICANA,CAMPINAS,RIO CLARO,ESTADUAL,1.0,0.0,1.0,0.0,0.0,0.0,0.0,0.0,0.0,0.0,0.0,0.0,0.0,0.0,0.0,0.0
2026-05-04T00:00:00,21:08:37,L01-AUTOBAN,SP330,76.0,SUL,-23.060586,-46.994474,COLISÃO,COLISÃO-LATERAL,NÃO INFORMADO,1,0,0,0,VINHEDO,CAMPINAS,CAMPINAS,ESTADUAL,0.0,1.0,1.0,0.0,0.0,0.0,0.0,0.0,0.0,0.0,0.0,0.0,0.0,0.0,0.0,0.0
2026-05-04T00:00:00,21:27:14,L01-AUTOBAN,SP330,95.4,SUL,-22.916663900385,-47.097045432643,COLISÃO,COLISÃO-TRASEIRA,NÃO INFORMADO,0,0,0,0,CAMPINAS,CAMPINAS,CAMPINAS,ESTADUAL,1.0,1.0,0.0,0.0,0.0,0.0,0.0,0.0,0.0,0.0,0.0,0.0,0.0,0.0,0.0,0.0
2026-05-05T00:00:00,01:44:53,L01-AUTOBAN,SP330,107.25,SUL,-22.838132422847,-47.172483354807,CHOQUE,CHOQUE-VEÍCULO PARADO NO ACOSTAMENTO,NÃO INFORMADO,0,0,0,0,SUMARÉ,CAMPINAS,CAMPINAS,ESTADUAL,0.0,0.0,0.0,0.0,2.0,0.0,0.0,0.0,0.0,0.0,0.0,0.0,0.0,0.0,0.0,0.0
2026-05-05T00:00:00,11:37:11,L29-VIAPAULISTA,SP330,307.411,SUL,-21.20708573,-47.75842365,TOMBAMENTO,TOMBAMENTO,IMPRUD. CONDUTOR-PERDA DE CONTROLE,0,0,0,0,RIBEIRÃO PRETO,RIBEIRÃO PRETO,RIBEIRÃO PRETO,ESTADUAL,0.0,0.0,1.0,0.0,0.0,0.0,0.0,0.0,0.0,0.0,0.0,0.0,0.0,0.0,0.0,0.0
2026-05-05T00:00:00,12:38:05,L01-AUTOBAN,SPM330E,55.0,SUL,-23.216229975306,-46.884031891823,ENGAVETAMENTO,ENGAVETAMENTO,NÃO INFORMADO,1,0,0,0,JUNDIAÍ,CAMPINAS,CAMPINAS,ESTADUAL,3.0,0.0,0.0,0.0,0.0,0.0,0.0,0.0,0.0,0.0,0.0,0.0,0.0,0.0,0.0,0.0
2026-05-05T00:00:00,14:15:33,L29-VIAPAULISTA,SP330,308.804,SUL,-21.1943924,-47.75777151,CHOQUE,CHOQUE-OBJETO NA PISTA,OBJETO NA PISTA,1,0,0,0,RIBEIRÃO PRETO,RIBEIRÃO PRETO,RIBEIRÃO PRETO,ESTADUAL,0.0,0.0,1.0,0.0,0.0,0.0,0.0,0.0,0.0,0.0,0.0,0.0,0.0,0.0,0.0,0.0
2026-05-05T00:00:00,18:52:46,L01-AUTOBAN,SP330,82.0,NORTE,-23.013082202618,-47.022766470909,CHOQUE,CHOQUE-MEIO FIO,NÃO INFORMADO,1,0,0,0,VALINHOS,CAMPINAS,CAMPINAS,ESTADUAL,0.0,1.0,1.0,0.0,0.0,0.0,0.0,0.0,0.0,0.0,0.0,0.0,0.0,0.0,0.0,0.0
2026-05-05T00:00:00,21:33:26,L01-AUTOBAN,SP330,125.5,NORTE,-22.723564324887,-47.293320894241,COLISÃO,COLISÃO-TRASEIRA,NÃO INFORMADO,0,0,0,0,AMERICANA,CAMPINAS,RIO CLARO,ESTADUAL,2.0,0.0,0.0,0.0,0.0,0.0,0.0,0.0,0.0,0.0,0.0,0.0,0.0,0.0,0.0,0.0
2026-05-05T00:00:00,22:04:19,L06-INTERVIAS,SP330,206.5,SUL,-22.03086606,-47.43486992,COLISÃO,COLISÃO-TRASEIRA,OUTROS,0,0,0,0,PIRASSUNUNGA,CAMPINAS,RIO CLARO,ESTADUAL,1.0,0.0,0.0,1.0,0.0,0.0,0.0,0.0,0.0,0.0,0.0,0.0,0.0,0.0,0.0,0.0
2026-05-06T00:00:00,08:41:54,L01-AUTOBAN,SP330,14.0,SUL,-23.507187255032,-46.750034093857,COLISÃO,COLISÃO-LATERAL,NÃO INFORMADO,0,1,0,0,SÃO PAULO,REG. METROPOLITANA SÃO PAULO,SÃO PAULO,ESTADUAL,0.0,0.0,1.0,1.0,0.0,0.0,0.0,0.0,0.0,0.0,0.0,0.0,0.0,0.0,0.0,0.0
2026-05-06T00:00:00,08:58:39,L01-AUTOBAN,SP330,33.0,SUL,-23.384694,-46.838601,COLISÃO,COLISÃO-LATERAL,NÃO INFORMADO,1,0,0,0,CAJAMAR,REG. METROPOLITANA SÃO PAULO,SÃO PAULO,ESTADUAL,0.0,0.0,1.0,1.0,0.0,0.0,0.0,0.0,0.0,0.0,0.0,0.0,0.0,0.0,0.0,0.0
2026-05-06T00:00:00,12:42:11,L01-AUTOBAN,SP330,89.0,SUL,-22.958986056022,-47.057656645775,TOMBAMENTO,TOMBAMENTO,NÃO INFORMADO,1,0,0,0,CAMPINAS,CAMPINAS,CAMPINAS,ESTADUAL,0.0,0.0,1.0,0.0,0.0,0.0,0.0,0.0,0.0,0.0,0.0,0.0,0.0,0.0,0.0,0.0
2026-05-06T00:00:00,21:18:46,L01-AUTOBAN,SP330,73.98,SUL,-23.075422279354,-46.983306366242,TOMBAMENTO,TOMBAMENTO-MOTO,NÃO INFORMADO,0,1,0,0,VINHEDO,CAMPINAS,CAMPINAS,ESTADUAL,0.0,0.0,1.0,0.0,0.0,0.0,0.0,0.0,0.0,0.0,0.0,0.0,0.0,0.0,0.0,0.0
2026-05-07T00:00:00,04:24:35,L29-VIAPAULISTA,SP330,305.109,NORTE,-21.22742191,-47.75930019,COLISÃO,COLISÃO-LATERAL,IMPRUD. CONDUTOR-MUDANÇA DE FAIXA,0,0,0,0,RIBEIRÃO PRETO,RIBEIRÃO PRETO,RIBEIRÃO PRETO,ESTADUAL,1.0,0.0,0.0,0.0,1.0,0.0,0.0,0.0,0.0,0.0,0.0,0.0,0.0,0.0,0.0,0.0
2026-05-07T00:00:00,04:52:43,L29-VIAPAULISTA,SP330,314.659,SUL,-21.14271567,-47.76054379,TOMBAMENTO,TOMBAMENTO,ESTOURO/FURO DE PNEU,2,0,0,0,RIBEIRÃO PRETO,RIBEIRÃO PRETO,RIBEIRÃO PRETO,ESTADUAL,0.0,0.0,1.0,0.0,0.0,0.0,0.0,0.0,0.0,0.0,0.0,0.0,0.0,0.0,0.0,0.0
2026-05-07T00:00:00,07:47:51,L01-AUTOBAN,SP330,61.95,NORTE,-23.168951021105,-46.926118976171,COLISÃO,COLISÃO-TRASEIRA,NÃO INFORMADO,2,0,0,0,JUNDIAÍ,CAMPINAS,CAMPINAS,ESTADUAL,1.0,0.0,0.0,1.0,0.0,0.0,0.0,0.0,0.0,0.0,0.0,0.0,0.0,0.0,0.0,0.0
2026-05-07T00:00:00,09:40:25,L01-AUTOBAN,SP330,82.0,NORTE,-23.013082202618,-47.022766470909,COLISÃO,COLISÃO-TRASEIRA,NÃO INFORMADO,0,0,0,0,VALINHOS,CAMPINAS,CAMPINAS,ESTADUAL,0.0,0.0,0.0,2.0,0.0,0.0,0.0,0.0,0.0,0.0,0.0,0.0,0.0,0.0,0.0,0.0
2026-05-07T00:00:00,15:17:00,L28-ENTREVIAS,SP330,352.8,NORTE,-20.84474954370549,-47.89504702245717,COLISÃO,COLISÃO-TRASEIRA,IMPRUD. CONDUTOR-FALTA DE ATENÇÃO,0,1,0,0,SALES OLIVEIRA,FRANCA,RIBEIRÃO PRETO,ESTADUAL,0.0,0.0,0.0,0.0,2.0,0.0,0.0,0.0,0.0,0.0,0.0,0.0,0.0,0.0,0.0,0.0
2026-05-07T00:00:00,16:05:52,L29-VIAPAULISTA,SP330,300.797,SUL,-21.26659992,-47.75578544,COLISÃO,COLISÃO-TRASEIRA,IMPRUD. CONDUTOR-DIST. INADEQUADA ENTRE VEÍC.,0,0,0,0,RIBEIRÃO PRETO,RIBEIRÃO PRETO,RIBEIRÃO PRETO,ESTADUAL,1.0,0.0,0.0,0.0,1.0,0.0,0.0,0.0,0.0,0.0,0.0,0.0,0.0,0.0,0.0,0.0
2026-05-07T00:00:00,16:59:38,L01-AUTOBAN,SPM330D,111.8,NORTE,-22.814511517828,-47.207523487241,COLISÃO,COLISÃO-TRASEIRA,NÃO INFORMADO,1,0,0,0,SUMARÉ,CAMPINAS,CAMPINAS,ESTADUAL,3.0,0.0,0.0,0.0,0.0,0.0,0.0,0.0,0.0,0.0,0.0,0.0,0.0,0.0,0.0,0.0
2026-05-07T00:00:00,17:32:48,L01-AUTOBAN,SP330,103.0,NORTE,-22.862197108808,-47.13924407959,COLISÃO,COLISÃO-LATERAL,NÃO INFORMADO,1,0,0,0,CAMPINAS,CAMPINAS,CAMPINAS,ESTADUAL,1.0,0.0,1.0,0.0,0.0,0.0,0.0,0.0,0.0,0.0,0.0,0.0,0.0,0.0,0.0,0.0
2026-05-07T00:00:00,18:06:17,L01-AUTOBAN,SP330,91.0,NORTE,-22.942859,-47.066539,COLISÃO,COLISÃO-TRASEIRA,NÃO INFORMADO,0,1,0,0,CAMPINAS,CAMPINAS,CAMPINAS,ESTADUAL,1.0,0.0,1.0,0.0,0.0,0.0,0.0,0.0,0.0,0.0,0.0,0.0,0.0,0.0,0.0,0.0
2026-05-07T00:00:00,22:26:00,L28-ENTREVIAS,SP330,400.5,NORTE,-20.42242551836013,-47.83046642569426,COLISÃO,COLISÃO-TRASEIRA,IMPRUD. CONDUTOR-FALTA DE ATENÇÃO,0,0,0,0,GUARÁ,FRANCA,RIBEIRÃO PRETO,ESTADUAL,1.0,0.0,0.0,0.0,1.0,0.0,0.0,0.0,0.0,0.0,0.0,0.0,0.0,0.0,0.0,0.0
2026-05-08T00:00:00,06:24:53,L06-INTERVIAS,SP330,233.2,NORTE,-21.80120686,-47.50653939,COLISÃO,COLISÃO-TRASEIRA,IMPRUD. CONDUTOR,0,0,0,0,SANTA RITA DO PASSA QUATRO,CENTRAL,RIBEIRÃO PRETO,ESTADUAL,0.0,0.0,0.0,0.0,2.0,0.0,0.0,0.0,0.0,0.0,0.0,0.0,0.0,0.0,0.0,0.0
2026-05-08T00:00:00,07:21:25,L01-AUTOBAN,SP330,26.0,SUL,-23.42090534696,-46.794376373291,TOMBAMENTO,TOMBAMENTO-MOTO,NÃO INFORMADO,1,0,0,0,SÃO PAULO,REG. METROPOLITANA SÃO PAULO,SÃO PAULO,ESTADUAL,0.0,0.0,1.0,0.0,0.0,0.0,0.0,0.0,0.0,0.0,0.0,0.0,0.0,0.0,0.0,0.0
2026-05-08T00:00:00,15:14:13,L29-VIAPAULISTA,SP330,273.764,NORTE,-21.47431895,-47.64029351,COLISÃO,COLISÃO-TRASEIRA,IMPRUD. CONDUTOR,0,0,0,0,SÃO SIMÃO,RIBEIRÃO PRETO,RIBEIRÃO PRETO,ESTADUAL,0.0,0.0,0.0,1.0,1.0,0.0,0.0,0.0,0.0,0.0,0.0,0.0,0.0,0.0,0.0,0.0
2026-05-08T00:00:00,15:16:22,L29-VIAPAULISTA,SP330,307.5,SUL,-21.20635092,-47.75840115,COLISÃO,COLISÃO-TRASEIRA,IMPRUD. CONDUTOR,1,0,0,0,RIBEIRÃO PRETO,RIBEIRÃO PRETO,RIBEIRÃO PRETO,ESTADUAL,0.0,1.0,1.0,0.0,0.0,0.0,0.0,0.0,0.0,0.0,0.0,0.0,0.0,0.0,0.0,0.0
2026-05-08T00:00:00,16:10:23,L06-INTERVIAS,SP330,207.0,SUL,-22.02660012,-47.43632537,OBJETO LANÇADO CONTRA O VEÍCULO,OBJETO LANÇADO CONTRA O VEÍCULO,OBJETO LANÇADO,0,0,0,0,PIRASSUNUNGA,CAMPINAS,RIO CLARO,ESTADUAL,0.0,0.0,0.0,1.0,0.0,0.0,0.0,0.0,0.0,0.0,0.0,0.0,0.0,0.0,0.0,0.0
2026-05-08T00:00:00,16:34:53,L01-AUTOBAN,SP330,109.0,NORTE,-22.827374159413,-47.183876037598,COLISÃO,COLISÃO-LATERAL,NÃO INFORMADO,3,0,0,0,SUMARÉ,CAMPINAS,CAMPINAS,ESTADUAL,2.0,0.0,0.0,0.0,1.0,0.0,0.0,0.0,0.0,0.0,0.0,0.0,0.0,0.0,0.0,0.0
2026-05-08T00:00:00,18:14:19,L01-AUTOBAN,SP330,116.0,SUL,-22.783526300145,-47.230841517448,COLISÃO,COLISÃO-TRASEIRA,NÃO INFORMADO,0,0,0,0,NOVA ODESSA,CAMPINAS,RIO CLARO,ESTADUAL,2.0,0.0,0.0,0.0,0.0,0.0,0.0,0.0,0.0,0.0,0.0,0.0,0.0,0.0,0.0,0.0
2026-05-08T00:00:00,18:29:41,L01-AUTOBAN,SP330,57.0,NORTE,-23.205930751154,-46.899073719978,COLISÃO,COLISÃO-TRASEIRA,NÃO INFORMADO,0,0,0,0,JUNDIAÍ,CAMPINAS,CAMPINAS,ESTADUAL,0.0,0.0,0.0,2.0,0.0,0.0,0.0,0.0,0.0,0.0,0.0,0.0,0.0,0.0,0.0,0.0
2026-05-08T00:00:00,18:31:27,L29-VIAPAULISTA,SP330,310.652,NORTE,-21.1774403,-47.75674799,COLISÃO,COLISÃO-FRONTAL,IMPRUD. CONDUTOR,0,1,0,0,RIBEIRÃO PRETO,RIBEIRÃO PRETO,RIBEIRÃO PRETO,ESTADUAL,1.0,0.0,1.0,0.0,0.0,0.0,0.0,0.0,0.0,0.0,0.0,0.0,0.0,0.0,0.0,0.0
2026-05-08T00:00:00,20:10:06,L29-VIAPAULISTA,SP330,308.519,NORTE,-21.19668712,-47.75775776,TOMBAMENTO,TOMBAMENTO,IMPRUD. CONDUTOR-PERDA DE CONTROLE,1,0,0,0,RIBEIRÃO PRETO,RIBEIRÃO PRETO,RIBEIRÃO PRETO,ESTADUAL,0.0,0.0,1.0,0.0,0.0,0.0,0.0,0.0,0.0,0.0,0.0,0.0,0.0,0.0,0.0,0.0
2026-05-08T00:00:00,23:27:42,L29-VIAPAULISTA,SP330,313.8,SUL,-21.15012317,-47.75801737,COLISÃO,COLISÃO-TRASEIRA,IMPRUD. CONDUTOR,1,0,0,0,RIBEIRÃO PRETO,RIBEIRÃO PRETO,RIBEIRÃO PRETO,ESTADUAL,1.0,0.0,1.0,0.0,0.0,0.0,0.0,0.0,0.0,0.0,0.0,0.0,0.0,0.0,0.0,0.0
2026-05-09T00:00:00,04:35:45,L01-AUTOBAN,SP330,58.0,NORTE,-23.196902870305,-46.903708577156,TOMBAMENTO,TOMBAMENTO-MOTO,NÃO INFORMADO,0,0,0,0,JUNDIAÍ,CAMPINAS,CAMPINAS,ESTADUAL,0.0,0.0,1.0,0.0,0.0,0.0,0.0,0.0,0.0,0.0,0.0,0.0,0.0,0.0,0.0,0.0
2026-05-09T00:00:00,05:07:43,L01-AUTOBAN,SP330,21.0,SUL,-23.460992556264,-46.781448125839,COLISÃO,COLISÃO-LATERAL,NÃO INFORMADO,0,0,0,0,SÃO PAULO,REG. METROPOLITANA SÃO PAULO,SÃO PAULO,ESTADUAL,2.0,0.0,0.0,0.0,0.0,0.0,0.0,0.0,0.0,0.0,0.0,0.0,0.0,0.0,0.0,0.0
2026-05-09T00:00:00,06:31:21,L01-AUTOBAN,SPM330D,53.5,NORTE,-23.226833655014,-46.875242790794,COLISÃO,COLISÃO-LATERAL,NÃO INFORMADO,2,0,0,0,JUNDIAÍ,CAMPINAS,CAMPINAS,ESTADUAL,0.0,1.0,1.0,0.0,0.0,0.0,0.0,0.0,0.0,0.0,0.0,0.0,0.0,0.0,0.0,0.0
2026-05-09T00:00:00,10:27:12,L01-AUTOBAN,SP330,33.0,SUL,-23.384694,-46.838601,COLISÃO,COLISÃO-TRASEIRA,NÃO INFORMADO,0,0,0,0,CAJAMAR,REG. METROPOLITANA SÃO PAULO,SÃO PAULO,ESTADUAL,0.0,0.0,2.0,0.0,0.0,0.0,0.0,0.0,0.0,0.0,0.0,0.0,0.0,0.0,0.0,0.0
2026-05-09T00:00:00,11:56:36,L01-AUTOBAN,SP330,107.9,SUL,-22.833620574659,-47.176726887651,ENGAVETAMENTO,ENGAVETAMENTO,NÃO INFORMADO,1,1,0,0,SUMARÉ,CAMPINAS,CAMPINAS,ESTADUAL,2.0,0.0,1.0,0.0,0.0,0.0,0.0,0.0,0.0,0.0,0.0,0.0,0.0,0.0,0.0,0.0
2026-05-09T00:00:00,12:08:31,L29-VIAPAULISTA,SP330,312.768,NORTE,-21.1583521,-47.75638567,COLISÃO,COLISÃO-LATERAL,IMPRUD. CONDUTOR-DESRESPEITO À SINALIZAÇÃO,1,0,0,0,RIBEIRÃO PRETO,RIBEIRÃO PRETO,RIBEIRÃO PRETO,ESTADUAL,1.0,0.0,1.0,0.0,0.0,0.0,0.0,0.0,0.0,0.0,0.0,0.0,0.0,0.0,0.0,0.0
2026-05-09T00:00:00,14:50:24,L29-VIAPAULISTA,SP330,283.621,NORTE,-21.39736668,-47.68174604,CHOQUE,CHOQUE-DEFENSA/BARREIRA,IMPRUD. CONDUTOR-PERDA DE CONTROLE,0,0,0,0,SÃO SIMÃO,RIBEIRÃO PRETO,RIBEIRÃO PRETO,ESTADUAL,1.0,0.0,0.0,0.0,0.0,0.0,0.0,0.0,0.0,0.0,0.0,0.0,0.0,0.0,0.0,0.0
2026-05-09T00:00:00,15:26:47,L01-AUTOBAN,SPM330E,59.0,SUL,-23.189008521881,-46.906793117523,COLISÃO,COLISÃO-FRONTAL,NÃO INFORMADO,3,0,0,0,JUNDIAÍ,CAMPINAS,CAMPINAS,ESTADUAL,2.0,0.0,0.0,0.0,0.0,0.0,0.0,0.0,0.0,0.0,0.0,0.0,0.0,0.0,0.0,0.0
2026-05-09T00:00:00,15:33:49,L01-AUTOBAN,SPM330D,58.1,NORTE,-23.196105557976,-46.903994496274,ENGAVETAMENTO,ENGAVETAMENTO,NÃO INFORMADO,0,1,0,0,JUNDIAÍ,CAMPINAS,CAMPINAS,ESTADUAL,0.0,1.0,1.0,1.0,0.0,0.0,0.0,0.0,0.0,0.0,0.0,0.0,0.0,0.0,0.0,0.0
2026-05-09T00:00:00,15:54:55,L01-AUTOBAN,SP330,14.5,SUL,-23.503551847267,-46.752364933491,ENGAVETAMENTO,ENGAVETAMENTO,NÃO INFORMADO,0,0,0,0,SÃO PAULO,REG. METROPOLITANA SÃO PAULO,SÃO PAULO,ESTADUAL,1.0,3.0,0.0,0.0,0.0,0.0,0.0,0.0,0.0,0.0,0.0,0.0,0.0,0.0,0.0,0.0
2026-05-09T00:00:00,16:57:58,L01-AUTOBAN,SP330,23.0,SUL,-23.444260270505,-46.78705394268,COLISÃO,COLISÃO-TRANSVERSAL,NÃO INFORMADO,0,0,0,0,SÃO PAULO,REG. METROPOLITANA SÃO PAULO,SÃO PAULO,ESTADUAL,1.0,0.0,0.0,0.0,1.0,0.0,0.0,0.0,0.0,0.0,0.0,0.0,0.0,0.0,0.0,0.0
2026-05-09T00:00:00,18:04:59,L29-VIAPAULISTA,SP330,315.627,NORTE,-21.13411105,-47.76489899,TOMBAMENTO,TOMBAMENTO,IMPRUD. CONDUTOR,1,0,0,0,RIBEIRÃO PRETO,RIBEIRÃO PRETO,RIBEIRÃO PRETO,ESTADUAL,0.0,0.0,1.0,0.0,0.0,0.0,0.0,0.0,0.0,0.0,0.0,0.0,0.0,0.0,0.0,0.0
2026-05-09T00:00:00,20:26:10,L01-AUTOBAN,SP330,114.3,NORTE,-22.798026208562,-47.223086727809,TOMBAMENTO,TOMBAMENTO-MOTO,NÃO INFORMADO,1,0,0,0,SUMARÉ,CAMPINAS,CAMPINAS,ESTADUAL,0.0,0.0,1.0,0.0,0.0,0.0,0.0,0.0,0.0,0.0,0.0,0.0,0.0,0.0,0.0,0.0
2026-05-09T00:00:00,23:15:00,L28-ENTREVIAS,SP330,380.1,SUL,-20.59296528302358,-47.88180188611939,CHOQUE,CHOQUE-OBJETO NA PISTA,OBJETO NA PISTA,0,0,0,0,SÃO JOAQUIM DA BARRA,FRANCA,RIBEIRÃO PRETO,ESTADUAL,1.0,0.0,0.0,0.0,0.0,0.0,0.0,0.0,0.0,0.0,0.0,0.0,0.0,0.0,0.0,0.0
2026-05-10T00:00:00,09:08:54,L01-AUTOBAN,SP330,38.0,NORTE,-23.344925355634,-46.840928792954,CHOQUE,CHOQUE-DEFENSA/BARREIRA,NÃO INFORMADO,1,0,0,0,CAJAMAR,REG. METROPOLITANA SÃO PAULO,SÃO PAULO,ESTADUAL,1.0,0.0,0.0,0.0,0.0,0.0,0.0,0.0,0.0,0.0,0.0,0.0,0.0,0.0,0.0,0.0
2026-05-10T00:00:00,09:16:11,L01-AUTOBAN,SP330,38.0,NORTE,-23.344925355634,-46.840928792954,COLISÃO,COLISÃO-TRASEIRA,NÃO INFORMADO,1,0,0,0,CAJAMAR,REG. METROPOLITANA SÃO PAULO,SÃO PAULO,ESTADUAL,1.0,0.0,0.0,0.0,1.0,0.0,0.0,0.0,0.0,0.0,0.0,0.0,0.0,0.0,0.0,0.0
2026-05-10T00:00:00,09:34:56,L28-ENTREVIAS,SP330,349.35,SUL,-20.87015188000463,-47.89712837264349,COLISÃO,COLISÃO-LATERAL,IMPRUD. CONDUTOR-LEVOU FECHADA,0,0,0,0,SALES OLIVEIRA,FRANCA,RIBEIRÃO PRETO,ESTADUAL,1.0,1.0,0.0,0.0,0.0,0.0,0.0,0.0,0.0,0.0,0.0,0.0,0.0,0.0,0.0,0.0
2026-05-10T00:00:00,10:26:54,L01-AUTOBAN,SP330,41.0,SUL,-23.323518428373,-46.84717297554,CAPOTAMENTO,CAPOTAMENTO,NÃO INFORMADO,2,0,0,0,CAJAMAR,REG. METROPOLITANA SÃO PAULO,SÃO PAULO,ESTADUAL,1.0,0.0,0.0,0.0,0.0,0.0,0.0,0.0,0.0,0.0,0.0,0.0,0.0,0.0,0.0,0.0
2026-05-10T00:00:00,12:07:15,L01-AUTOBAN,SP330,12.0,SUL,-23.509484513183,-46.730405688286,CHOQUE,CHOQUE-DEFENSA/BARREIRA,NÃO INFORMADO,0,0,0,0,SÃO PAULO,REG. METROPOLITANA SÃO PAULO,SÃO PAULO,ESTADUAL,1.0,0.0,0.0,0.0,0.0,0.0,0.0,0.0,0.0,0.0,0.0,0.0,0.0,0.0,0.0,0.0
2026-05-10T00:00:00,12:33:07,L01-AUTOBAN,SP330,99.0,SUL,-22.887972406914,-47.113489508629,CHOQUE,CHOQUE-DEFENSA/BARREIRA,NÃO INFORMADO,0,0,0,0,CAMPINAS,CAMPINAS,CAMPINAS,ESTADUAL,1.0,0.0,0.0,0.0,0.0,0.0,0.0,0.0,0.0,0.0,0.0,0.0,0.0,0.0,0.0,0.0
2026-05-10T00:00:00,15:51:32,L06-INTERVIAS,SP330,167.457,NORTE,-22.37688433,-47.39423835,CHOQUE,CHOQUE-DEFENSA/BARREIRA,IMPRUD. CONDUTOR-PERDA DE CONTROLE,0,0,0,0,ARARAS,CAMPINAS,RIO CLARO,ESTADUAL,1.0,0.0,0.0,0.0,0.0,0.0,0.0,0.0,0.0,0.0,0.0,0.0,0.0,0.0,0.0,0.0
2026-05-10T00:00:00,15:52:01,L01-AUTOBAN,SP330,11.5,SUL,-23.510460756591,-46.729056344143,CHOQUE,CHOQUE-DEFENSA/BARREIRA,NÃO INFORMADO,0,0,0,0,SÃO PAULO,REG. METROPOLITANA SÃO PAULO,SÃO PAULO,ESTADUAL,1.0,0.0,0.0,0.0,0.0,0.0,0.0,0.0,0.0,0.0,0.0,0.0,0.0,0.0,0.0,0.0
2026-05-10T00:00:00,16:40:13,L06-INTERVIAS,SP330,239.0,SUL,-21.76748096,-47.54945679,CHOQUE,CHOQUE-OBJETO NA PISTA,OBJETO NA PISTA,0,0,0,0,SANTA RITA DO PASSA QUATRO,CENTRAL,RIBEIRÃO PRETO,ESTADUAL,1.0,0.0,0.0,0.0,0.0,0.0,0.0,0.0,0.0,0.0,0.0,0.0,0.0,0.0,0.0,0.0
2026-05-10T00:00:00,17:21:28,L06-INTERVIAS,SP330,166.14,SUL,-22.38874058,-47.39390503,COLISÃO,COLISÃO-TRASEIRA,IMPRUD. CONDUTOR,0,0,0,0,ARARAS,CAMPINAS,RIO CLARO,ESTADUAL,1.0,1.0,0.0,0.0,0.0,0.0,0.0,0.0,0.0,0.0,0.0,0.0,0.0,0.0,0.0,0.0
2026-05-10T00:00:00,17:23:53,L29-VIAPAULISTA,SP330,310.955,SUL,-21.17546628,-47.75675743,CHOQUE,CHOQUE-DEFENSA/BARREIRA,IMPRUD. CONDUTOR-PERDA DE CONTROLE,0,0,0,0,RIBEIRÃO PRETO,RIBEIRÃO PRETO,RIBEIRÃO PRETO,ESTADUAL,1.0,0.0,0.0,0.0,0.0,0.0,0.0,0.0,0.0,0.0,0.0,0.0,0.0,0.0,0.0,0.0
2026-05-10T00:00:00,18:08:05,L01-AUTOBAN,SPM330E,98.0,SUL,-22.896245165998,-47.110952138901,ENGAVETAMENTO,ENGAVETAMENTO,NÃO INFORMADO,0,0,0,0,CAMPINAS,CAMPINAS,CAMPINAS,ESTADUAL,3.0,1.0,0.0,0.0,0.0,0.0,0.0,0.0,0.0,0.0,0.0,0.0,0.0,0.0,0.0,0.0
2026-05-10T00:00:00,19:36:50,L01-AUTOBAN,SPM330D,54.0,NORTE,-23.223028310027,-46.877535581589,COLISÃO,COLISÃO-LATERAL,NÃO INFORMADO,0,0,0,0,JUNDIAÍ,CAMPINAS,CAMPINAS,ESTADUAL,2.0,0.0,0.0,0.0,0.0,0.0,0.0,0.0,0.0,0.0,0.0,0.0,0.0,0.0,0.0,0.0
2026-05-10T00:00:00,20:01:36,L01-AUTOBAN,SPM330D,89.0,NORTE,-22.95896135866,-47.057468891144,CAPOTAMENTO,CAPOTAMENTO,NÃO INFORMADO,0,0,0,0,CAMPINAS,CAMPINAS,CAMPINAS,ESTADUAL,1.0,0.0,0.0,0.0,0.0,0.0,0.0,0.0,0.0,0.0,0.0,0.0,0.0,0.0,0.0,0.0
2026-05-10T00:00:00,20:28:19,L01-AUTOBAN,SP330,12.3,NORTE,-23.508794924682,-46.733595887397,COLISÃO,COLISÃO-LATERAL,NÃO INFORMADO,3,0,0,0,SÃO PAULO,REG. METROPOLITANA SÃO PAULO,SÃO PAULO,ESTADUAL,2.0,0.0,0.0,0.0,0.0,0.0,0.0,0.0,0.0,0.0,0.0,0.0,0.0,0.0,0.0,0.0
2026-05-10T00:00:00,20:35:34,L01-AUTOBAN,SP330,43.0,SUL,-23.310350420577,-46.857408285141,CHOQUE,CHOQUE-TALUDE/BARRANCO,NÃO INFORMADO,0,0,0,0,CAJAMAR,REG. METROPOLITANA SÃO PAULO,SÃO PAULO,ESTADUAL,1.0,0.0,0.0,0.0,0.0,0.0,0.0,0.0,0.0,0.0,0.0,0.0,0.0,0.0,0.0,0.0
2026-05-10T00:00:00,22:09:46,L01-AUTOBAN,SPM330E,93.5,SUL,-22.927377262648,-47.083133836887,ATROPELAMENTO DE PEDESTRE,ATROP. PEDESTRE-OUTROS,NÃO INFORMADO,0,0,0,0,CAMPINAS,CAMPINAS,CAMPINAS,ESTADUAL,1.0,0.0,0.0,0.0,0.0,0.0,0.0,1.0,0.0,0.0,0.0,0.0,0.0,0.0,0.0,0.0
2026-05-10T00:00:00,22:43:14,L01-AUTOBAN,SP330,23.5,NORTE,-23.439449254874,-46.786584556103,CHOQUE,CHOQUE-DEFENSA/BARREIRA,NÃO INFORMADO,0,0,0,0,SÃO PAULO,REG. METROPOLITANA SÃO PAULO,SÃO PAULO,ESTADUAL,1.0,0.0,0.0,0.0,0.0,0.0,0.0,0.0,0.0,0.0,0.0,0.0,0.0,0.0,0.0,0.0
2026-05-11T00:00:00,00:00:01,L01-AUTOBAN,SPM330D,100.3,NORTE,-22.878376013776,-47.119731030862,COLISÃO,COLISÃO-TRASEIRA,NÃO INFORMADO,0,1,0,0,CAMPINAS,CAMPINAS,CAMPINAS,ESTADUAL,1.0,0.0,1.0,0.0,0.0,0.0,0.0,0.0,0.0,0.0,0.0,0.0,0.0,0.0,0.0,0.0
2026-05-11T00:00:00,06:45:16,L01-AUTOBAN,SP330,11.46,NORTE,-23.510308819155,-46.728911022024,COLISÃO,COLISÃO-TRASEIRA,NÃO INFORMADO,0,1,0,0,SÃO PAULO,REG. METROPOLITANA SÃO PAULO,SÃO PAULO,ESTADUAL,0.0,0.0,1.0,0.0,0.0,0.0,1.0,0.0,0.0,0.0,0.0,0.0,0.0,0.0,0.0,0.0
2026-05-11T00:00:00,07:31:13,L01-AUTOBAN,SP330,43.5,NORTE,-23.306404135524,-46.856973767281,COLISÃO,COLISÃO-LATERAL,NÃO INFORMADO,0,0,0,0,CAJAMAR,REG. METROPOLITANA SÃO PAULO,SÃO PAULO,ESTADUAL,1.0,0.0,0.0,1.0,1.0,0.0,0.0,0.0,0.0,0.0,0.0,0.0,0.0,0.0,0.0,0.0
2026-05-11T00:00:00,07:52:12,L01-AUTOBAN,SP330,14.2,SUL,-23.505733093313,-46.750966428821,COLISÃO,COLISÃO-TRASEIRA,NÃO INFORMADO,1,0,0,0,SÃO PAULO,REG. METROPOLITANA SÃO PAULO,SÃO PAULO,ESTADUAL,1.0,1.0,1.0,0.0,0.0,0.0,0.0,0.0,0.0,0.0,0.0,0.0,0.0,0.0,0.0,0.0
2026-05-11T00:00:00,08:01:03,L06-INTERVIAS,SP330,164.6,SUL,-22.40187256,-47.39009645,TOMBAMENTO,TOMBAMENTO,IMPRUD. CONDUTOR-LEVOU FECHADA,0,0,0,0,ARARAS,CAMPINAS,RIO CLARO,ESTADUAL,0.0,0.0,1.0,0.0,1.0,0.0,0.0,0.0,0.0,0.0,0.0,0.0,0.0,0.0,0.0,0.0
2026-05-11T00:00:00,08:25:00,L28-ENTREVIAS,SP330,333.0,NORTE,-21.0074001726547,-47.84686939090523,ATROPELAMENTO DE ANIMAL,ATROP. ANIMAL-DOMÉSTICO GRANDE,ANIMAL NA RODOVIA,0,0,0,0,JARDINÓPOLIS,RIBEIRÃO PRETO,RIBEIRÃO PRETO,ESTADUAL,1.0,0.0,0.0,0.0,0.0,0.0,0.0,0.0,0.0,0.0,0.0,0.0,0.0,0.0,0.0,0.0
2026-05-11T00:00:00,12:34:14,L01-AUTOBAN,SP330,63.9,NORTE,-23.153962505767,-46.935218315876,COLISÃO,COLISÃO-TRASEIRA,NÃO INFORMADO,0,0,0,0,JUNDIAÍ,CAMPINAS,CAMPINAS,ESTADUAL,0.0,1.0,1.0,0.0,0.0,0.0,0.0,0.0,0.0,0.0,0.0,0.0,0.0,0.0,0.0,0.0
2026-05-11T00:00:00,13:30:46,L01-AUTOBAN,SPM330D,104.0,NORTE,-22.856805,-47.148633,COLISÃO,COLISÃO-TRANSVERSAL,NÃO INFORMADO,0,0,0,0,CAMPINAS,CAMPINAS,CAMPINAS,ESTADUAL,1.0,0.0,0.0,0.0,1.0,0.0,0.0,0.0,0.0,0.0,0.0,0.0,0.0,0.0,0.0,0.0
2026-05-11T00:00:00,14:46:02,L29-VIAPAULISTA,SP330,267.852,NORTE,-21.52752707,-47.64258687,TOMBAMENTO,TOMBAMENTO,IMPRUD. CONDUTOR-PERDA DE CONTROLE,0,0,0,0,SÃO SIMÃO,RIBEIRÃO PRETO,RIBEIRÃO PRETO,ESTADUAL,0.0,0.0,0.0,0.0,1.0,0.0,0.0,0.0,0.0,0.0,0.0,0.0,0.0,0.0,0.0,0.0
2026-05-11T00:00:00,15:00:23,L28-ENTREVIAS,SP330,423.65,SUL,-20.22154949732407,-47.78931132483675,CHOQUE,CHOQUE-ELEMENTO DE DRENAGEM,IMPRUD. CONDUTOR-FALTA DE ATENÇÃO,0,0,0,0,BURITIZAL,FRANCA,RIBEIRÃO PRETO,ESTADUAL,1.0,0.0,0.0,0.0,0.0,0.0,0.0,0.0,0.0,0.0,0.0,0.0,0.0,0.0,0.0,0.0
2026-05-11T00:00:00,15:53:36,L01-AUTOBAN,SPM330D,19.35,NORTE,-23.472043784937,-46.774811002016,ATROPELAMENTO DE PEDESTRE,ATROP. PEDESTRE-OUTROS,NÃO INFORMADO,0,0,1,0,OSASCO,REG. METROPOLITANA SÃO PAULO,SÃO PAULO,ESTADUAL,0.0,0.0,0.0,0.0,1.0,0.0,0.0,1.0,0.0,0.0,0.0,0.0,0.0,0.0,0.0,0.0
2026-05-11T00:00:00,16:44:20,L01-AUTOBAN,SP330,25.0,NORTE,-23.426127,-46.787542,COLISÃO,COLISÃO-TRASEIRA,NÃO INFORMADO,0,1,0,0,SÃO PAULO,REG. METROPOLITANA SÃO PAULO,SÃO PAULO,ESTADUAL,0.0,0.0,1.0,0.0,1.0,0.0,0.0,0.0,0.0,0.0,0.0,0.0,0.0,0.0,0.0,0.0
2026-05-11T00:00:00,17:56:05,L01-AUTOBAN,SP330,64.0,SUL,-23.15363355799,-46.935653686523,COLISÃO,COLISÃO-TRASEIRA,NÃO INFORMADO,0,0,0,0,JUNDIAÍ,CAMPINAS,CAMPINAS,ESTADUAL,2.0,0.0,0.0,0.0,0.0,0.0,0.0,0.0,0.0,0.0,0.0,0.0,0.0,0.0,0.0,0.0
2026-05-11T00:00:00,18:45:49,L29-VIAPAULISTA,SP330,313.969,SUL,-21.14863954,-47.75839117,COLISÃO,COLISÃO-TRASEIRA,IMPRUD. CONDUTOR-DIST. INADEQUADA ENTRE VEÍC.,0,0,0,0,RIBEIRÃO PRETO,RIBEIRÃO PRETO,RIBEIRÃO PRETO,ESTADUAL,1.0,1.0,0.0,0.0,0.0,0.0,0.0,0.0,0.0,0.0,0.0,0.0,0.0,0.0,0.0,0.0
2026-05-11T00:00:00,19:13:24,L01-AUTOBAN,SP330,41.5,NORTE,-23.320203111845,-46.850107312203,ATROPELAMENTO DE ANIMAL,ATROP. ANIMAL-OUTROS,NÃO INFORMADO,1,0,0,0,CAJAMAR,REG. METROPOLITANA SÃO PAULO,SÃO PAULO,ESTADUAL,2.0,0.0,2.0,0.0,0.0,0.0,0.0,0.0,0.0,0.0,0.0,0.0,0.0,0.0,0.0,0.0
2026-05-11T00:00:00,20:06:04,L29-VIAPAULISTA,SP330,281.852,NORTE,-21.40773358,-47.66937049,COLISÃO,COLISÃO-TRASEIRA,IMPRUD. CONDUTOR,0,0,0,0,SÃO SIMÃO,RIBEIRÃO PRETO,RIBEIRÃO PRETO,ESTADUAL,2.0,0.0,0.0,0.0,0.0,0.0,0.0,0.0,0.0,0.0,0.0,0.0,0.0,0.0,0.0,0.0
2026-05-12T00:00:00,01:13:26,L29-VIAPAULISTA,SP330,317.126,SUL,-21.12298812,-47.77282283,CHOQUE,CHOQUE-DEFENSA/BARREIRA,IMPRUD. CONDUTOR,1,0,0,0,RIBEIRÃO PRETO,RIBEIRÃO PRETO,RIBEIRÃO PRETO,ESTADUAL,0.0,0.0,0.0,0.0,1.0,0.0,0.0,0.0,0.0,0.0,0.0,0.0,0.0,0.0,0.0,0.0
2026-05-12T00:00:00,07:52:29,L01-AUTOBAN,SPM330D,111.0,NORTE,-22.817707777076,-47.201734185219,COLISÃO,COLISÃO-LATERAL,NÃO INFORMADO,2,0,0,0,SUMARÉ,CAMPINAS,CAMPINAS,ESTADUAL,1.0,0.0,0.0,1.0,0.0,0.0,0.0,0.0,0.0,0.0,0.0,0.0,0.0,0.0,0.0,0.0
2026-05-12T00:00:00,12:25:55,L01-AUTOBAN,SP330,107.0,NORTE,-22.839452464188,-47.170829772949,COLISÃO,COLISÃO-LATERAL,NÃO INFORMADO,1,0,0,0,SUMARÉ,CAMPINAS,CAMPINAS,ESTADUAL,1.0,0.0,0.0,0.0,1.0,0.0,0.0,0.0,0.0,0.0,0.0,0.0,0.0,0.0,0.0,0.0
2026-05-12T00:00:00,15:39:32,L06-INTERVIAS,SP330,207.0,SUL,-22.02660012,-47.43632537,COLISÃO,COLISÃO-TRASEIRA,IMPRUD. CONDUTOR,0,0,0,0,PIRASSUNUNGA,CAMPINAS,RIO CLARO,ESTADUAL,0.0,0.0,0.0,0.0,2.0,0.0,0.0,0.0,0.0,0.0,0.0,0.0,0.0,0.0,0.0,0.0
2026-05-12T00:00:00,17:00:10,L29-VIAPAULISTA,SP330,298.5,SUL,-21.28654803,-47.74892301,COLISÃO,COLISÃO-TRANSVERSAL,PANE MECÂNICA/ELÉTRICA,2,0,0,0,CRAVINHOS,RIBEIRÃO PRETO,RIBEIRÃO PRETO,ESTADUAL,2.0,0.0,0.0,0.0,0.0,0.0,0.0,0.0,0.0,0.0,0.0,0.0,0.0,0.0,0.0,0.0
2026-05-12T00:00:00,18:06:25,L01-AUTOBAN,SP330,142.0,SUL,-22.596398,-47.36565,ATROPELAMENTO DE PEDESTRE,ATROP. PEDESTRE-OUTROS,NÃO INFORMADO,0,0,1,0,LIMEIRA,CAMPINAS,RIO CLARO,ESTADUAL,2.0,0.0,0.0,1.0,0.0,0.0,0.0,1.0,0.0,0.0,0.0,0.0,0.0,0.0,0.0,0.0
2026-05-12T00:00:00,18:51:39,L01-AUTOBAN,SPM330E,114.5,SUL,-22.796637072115,-47.22416549921,COLISÃO,COLISÃO-TRASEIRA,NÃO INFORMADO,2,0,0,0,SUMARÉ,CAMPINAS,CAMPINAS,ESTADUAL,0.0,0.0,1.0,1.0,1.0,0.0,0.0,0.0,0.0,0.0,0.0,0.0,0.0,0.0,0.0,0.0
2026-05-12T00:00:00,18:51:45,L01-AUTOBAN,SP330,60.0,SUL,-23.181167952022,-46.911588907242,COLISÃO,COLISÃO-TRASEIRA,NÃO INFORMADO,0,0,0,0,JUNDIAÍ,CAMPINAS,CAMPINAS,ESTADUAL,2.0,0.0,0.0,0.0,0.0,0.0,0.0,0.0,0.0,0.0,0.0,0.0,0.0,0.0,0.0,0.0
2026-05-12T00:00:00,19:40:40,L01-AUTOBAN,SP330,61.0,SUL,-23.175304483475,-46.918702125549,COLISÃO,COLISÃO-TRASEIRA,NÃO INFORMADO,0,0,0,0,JUNDIAÍ,CAMPINAS,CAMPINAS,ESTADUAL,1.0,0.0,0.0,0.0,1.0,0.0,0.0,0.0,0.0,0.0,0.0,0.0,0.0,0.0,0.0,0.0
2026-05-12T00:00:00,20:27:56,L01-AUTOBAN,SP330,42.8,SUL,-23.311745587391,-46.856562849634,ATROPELAMENTO DE PEDESTRE,ATROP. PEDESTRE-OUTROS,NÃO INFORMADO,0,0,0,1,CAJAMAR,REG. METROPOLITANA SÃO PAULO,SÃO PAULO,ESTADUAL,1.0,0.0,0.0,0.0,0.0,0.0,0.0,1.0,0.0,0.0,0.0,0.0,0.0,0.0,0.0,0.0
2026-05-12T00:00:00,20:31:35,L01-AUTOBAN,SP330,128.0,SUL,-22.704166761068,-47.303599119186,COLISÃO,COLISÃO-TRASEIRA,NÃO INFORMADO,1,0,0,0,AMERICANA,CAMPINAS,RIO CLARO,ESTADUAL,0.0,1.0,0.0,0.0,1.0,0.0,0.0,0.0,0.0,0.0,0.0,0.0,0.0,0.0,0.0,0.0
2026-05-12T00:00:00,21:35:58,L01-AUTOBAN,SP330,144.7,SUL,-22.572005687353,-47.366480293067,ENGAVETAMENTO,ENGAVETAMENTO,NÃO INFORMADO,1,0,0,0,LIMEIRA,CAMPINAS,RIO CLARO,ESTADUAL,1.0,0.0,0.0,0.0,3.0,0.0,0.0,0.0,0.0,0.0,0.0,0.0,0.0,0.0,0.0,0.0
2026-05-13T00:00:00,02:58:23,L06-INTERVIAS,SP330,238.0,SUL,-21.7732464,-47.5420829,COLISÃO,COLISÃO-TRASEIRA,IMPRUD. CONDUTOR-DORMIR AO VOLANTE,0,0,0,0,SANTA RITA DO PASSA QUATRO,CENTRAL,RIBEIRÃO PRETO,ESTADUAL,0.0,0.0,0.0,1.0,1.0,0.0,0.0,0.0,0.0,0.0,0.0,0.0,0.0,0.0,0.0,0.0
2026-05-13T00:00:00,08:05:22,L01-AUTOBAN,SP330,107.5,SUL,-22.836397100694,-47.174115478992,ENGAVETAMENTO,ENGAVETAMENTO,NÃO INFORMADO,0,0,0,0,SUMARÉ,CAMPINAS,CAMPINAS,ESTADUAL,2.0,2.0,0.0,0.0,0.0,0.0,0.0,0.0,0.0,0.0,0.0,0.0,0.0,0.0,0.0,0.0
2026-05-13T00:00:00,08:19:17,L01-AUTOBAN,SPM330E,92.0,SUL,-22.935126302733,-47.071105241776,COLISÃO,COLISÃO-LATERAL,NÃO INFORMADO,1,0,0,0,CAMPINAS,CAMPINAS,CAMPINAS,ESTADUAL,1.0,0.0,1.0,0.0,0.0,0.0,0.0,0.0,0.0,0.0,0.0,0.0,0.0,0.0,0.0,0.0
2026-05-13T00:00:00,11:11:49,L01-AUTOBAN,SP330,38.5,SUL,-23.341002270657,-46.838774979115,ENGAVETAMENTO,ENGAVETAMENTO,NÃO INFORMADO,0,0,0,0,CAJAMAR,REG. METROPOLITANA SÃO PAULO,SÃO PAULO,ESTADUAL,3.0,0.0,0.0,0.0,0.0,0.0,0.0,0.0,0.0,0.0,0.0,0.0,0.0,0.0,0.0,0.0
2026-05-13T00:00:00,15:32:30,L01-AUTOBAN,SP330,148.24,SUL,-22.54369477315,-47.37741487953,TOMBAMENTO,TOMBAMENTO,NÃO INFORMADO,1,0,0,0,LIMEIRA,CAMPINAS,RIO CLARO,ESTADUAL,0.0,0.0,0.0,0.0,1.0,0.0,0.0,0.0,0.0,0.0,0.0,0.0,0.0,0.0,0.0,0.0
2026-05-13T00:00:00,17:47:01,L01-AUTOBAN,SP330,27.0,SUL,-23.416174795809,-46.80314719677,CHOQUE,CHOQUE-DEFENSA/BARREIRA,NÃO INFORMADO,0,0,0,0,SÃO PAULO,REG. METROPOLITANA SÃO PAULO,SÃO PAULO,ESTADUAL,0.0,0.0,0.0,0.0,1.0,0.0,0.0,0.0,0.0,0.0,0.0,0.0,0.0,0.0,0.0,0.0
2026-05-13T00:00:00,18:20:27,L01-AUTOBAN,SPM330D,106.0,NORTE,-22.846507,-47.164055,COLISÃO,COLISÃO-LATERAL,NÃO INFORMADO,0,0,0,0,SUMARÉ,CAMPINAS,CAMPINAS,ESTADUAL,2.0,0.0,1.0,0.0,0.0,0.0,0.0,0.0,0.0,0.0,0.0,0.0,0.0,0.0,0.0,0.0
2026-05-13T00:00:00,18:21:48,L29-VIAPAULISTA,SP330,313.891,SUL,-21.14932429,-47.75821865,COLISÃO,COLISÃO-TRANSVERSAL,IMPRUD. CONDUTOR-DESRESPEITO À SINALIZAÇÃO,0,1,0,0,RIBEIRÃO PRETO,RIBEIRÃO PRETO,RIBEIRÃO PRETO,ESTADUAL,0.0,0.0,1.0,0.0,1.0,0.0,0.0,0.0,0.0,0.0,0.0,0.0,0.0,0.0,0.0,0.0
2026-05-13T00:00:00,20:17:36,L01-AUTOBAN,SPM330E,104.0,SUL,-22.857076064557,-47.148749828339,COLISÃO,COLISÃO-LATERAL,NÃO INFORMADO,1,0,0,0,CAMPINAS,CAMPINAS,CAMPINAS,ESTADUAL,1.0,0.0,1.0,0.0,0.0,0.0,0.0,0.0,0.0,0.0,0.0,0.0,0.0,0.0,0.0,0.0
2026-05-13T00:00:00,21:17:52,L06-INTERVIAS,SP330,206.5,NORTE,-22.03075775,-47.43448296,COLISÃO,COLISÃO-LATERAL,IMPRUD. CONDUTOR-LEVOU FECHADA,0,0,0,0,PIRASSUNUNGA,CAMPINAS,RIO CLARO,ESTADUAL,1.0,1.0,0.0,0.0,0.0,0.0,0.0,0.0,0.0,0.0,0.0,0.0,0.0,0.0,0.0,0.0
2026-05-13T00:00:00,22:51:40,L01-AUTOBAN,SPM330D,115.0,NORTE,-22.792220839274,-47.226083278656,COLISÃO,COLISÃO-TRASEIRA,NÃO INFORMADO,1,0,0,0,SUMARÉ,CAMPINAS,CAMPINAS,ESTADUAL,0.0,1.0,0.0,0.0,1.0,0.0,0.0,0.0,0.0,0.0,0.0,0.0,0.0,0.0,0.0,0.0
2026-05-14T00:00:00,00:35:03,L01-AUTOBAN,SPM330D,114.0,NORTE,-22.800514260128,-47.221802473068,TOMBAMENTO,TOMBAMENTO,NÃO INFORMADO,0,0,0,0,SUMARÉ,CAMPINAS,CAMPINAS,ESTADUAL,1.0,0.0,0.0,0.0,0.0,0.0,0.0,0.0,0.0,0.0,0.0,0.0,0.0,0.0,0.0,0.0
2026-05-14T00:00:00,07:11:09,L01-AUTOBAN,SPM330D,105.8,NORTE,-22.847548104494,-47.162591511688,COLISÃO,COLISÃO-LATERAL,NÃO INFORMADO,0,0,0,0,SUMARÉ,CAMPINAS,CAMPINAS,ESTADUAL,1.0,0.0,0.0,0.0,1.0,0.0,0.0,0.0,0.0,0.0,0.0,0.0,0.0,0.0,0.0,0.0
2026-05-14T00:00:00,12:34:49,L01-AUTOBAN,SP330,110.5,NORTE,-22.820189929367,-47.197107374668,ATROPELAMENTO DE PEDESTRE,ATROP. PEDESTRE-OUTROS,NÃO INFORMADO,0,0,2,0,SUMARÉ,CAMPINAS,CAMPINAS,ESTADUAL,1.0,0.0,1.0,0.0,0.0,0.0,0.0,1.0,0.0,0.0,0.0,0.0,0.0,0.0,0.0,0.0
2026-05-14T00:00:00,12:41:37,L01-AUTOBAN,SP330,22.0,SUL,-23.45303514236,-46.78664624691,COLISÃO,COLISÃO-TRASEIRA,NÃO INFORMADO,0,0,0,0,SÃO PAULO,REG. METROPOLITANA SÃO PAULO,SÃO PAULO,ESTADUAL,0.0,0.0,0.0,1.0,1.0,0.0,0.0,0.0,0.0,0.0,0.0,0.0,0.0,0.0,0.0,0.0
2026-05-14T00:00:00,16:05:30,L28-ENTREVIAS,SP330,344.7,NORTE,-20.91053539603357,-47.88929040503906,CHOQUE,CHOQUE-OBJETO NA PISTA,OBJETO NA PISTA,0,0,0,0,SALES OLIVEIRA,FRANCA,RIBEIRÃO PRETO,ESTADUAL,0.0,0.0,0.0,0.0,1.0,0.0,0.0,0.0,0.0,0.0,0.0,0.0,0.0,0.0,0.0,0.0
2026-05-14T00:00:00,18:13:01,L06-INTERVIAS,SP330,163.6,NORTE,-22.41089243,-47.38967303,COLISÃO,COLISÃO-LATERAL,IMPRUD. CONDUTOR,0,0,0,0,ARARAS,CAMPINAS,RIO CLARO,ESTADUAL,1.0,0.0,0.0,0.0,1.0,0.0,0.0,0.0,0.0,0.0,0.0,0.0,0.0,0.0,0.0,0.0
2026-05-14T00:00:00,18:21:35,L01-AUTOBAN,SP330,84.5,NORTE,-22.993651702162,-47.035970985889,ENGAVETAMENTO,ENGAVETAMENTO,NÃO INFORMADO,0,0,0,0,VALINHOS,CAMPINAS,CAMPINAS,ESTADUAL,2.0,0.0,0.0,1.0,0.0,0.0,1.0,0.0,0.0,0.0,0.0,0.0,0.0,0.0,0.0,0.0
2026-05-14T00:00:00,18:56:30,L01-AUTOBAN,SP330,71.0,NORTE,-23.097521444929,-46.968086957932,COLISÃO,COLISÃO-LATERAL,NÃO INFORMADO,0,0,0,0,LOUVEIRA,CAMPINAS,CAMPINAS,ESTADUAL,1.0,0.0,0.0,0.0,1.0,0.0,0.0,0.0,0.0,0.0,0.0,0.0,0.0,0.0,0.0,0.0
2026-05-14T00:00:00,19:08:00,L28-ENTREVIAS,SP330,439.0,SUL,-20.08388339540906,-47.78902242061513,CHOQUE,CHOQUE-OBJETO NA PISTA,OBJETO NA PISTA,0,0,0,0,ARAMINA,FRANCA,RIBEIRÃO PRETO,ESTADUAL,0.0,0.0,0.0,0.0,0.0,0.0,0.0,0.0,0.0,0.0,1.0,0.0,0.0,0.0,0.0,0.0
2026-05-14T00:00:00,19:19:00,L28-ENTREVIAS,SP330,352.0,NORTE,-20.84474954370549,-47.89504702245717,CHOQUE,CHOQUE-OBJETO NA PISTA,OBJETO NA PISTA,0,0,0,0,SALES OLIVEIRA,FRANCA,RIBEIRÃO PRETO,ESTADUAL,0.0,0.0,0.0,0.0,0.0,0.0,0.0,0.0,0.0,0.0,1.0,0.0,0.0,0.0,0.0,0.0
2026-05-14T00:00:00,23:45:15,L01-AUTOBAN,SP330,23.0,SUL,-23.444260270505,-46.78705394268,COLISÃO,COLISÃO-TRASEIRA,NÃO INFORMADO,0,0,1,0,SÃO PAULO,REG. METROPOLITANA SÃO PAULO,SÃO PAULO,ESTADUAL,1.0,0.0,0.0,0.0,1.0,0.0,0.0,0.0,0.0,0.0,0.0,0.0,0.0,0.0,0.0,0.0
2026-05-15T00:00:00,02:43:17,L01-AUTOBAN,SP330,122.9,NORTE,-22.738828348013,-47.275769643647,ENGAVETAMENTO,ENGAVETAMENTO,NÃO INFORMADO,0,0,0,0,AMERICANA,CAMPINAS,RIO CLARO,ESTADUAL,1.0,1.0,0.0,0.0,1.0,0.0,0.0,0.0,0.0,0.0,0.0,0.0,0.0,0.0,0.0,0.0
2026-05-15T00:00:00,06:30:56,L01-AUTOBAN,SP330,119.0,NORTE,-22.763217100847,-47.247782349587,COLISÃO,COLISÃO-TRASEIRA,NÃO INFORMADO,0,1,0,0,NOVA ODESSA,CAMPINAS,RIO CLARO,ESTADUAL,0.0,1.0,1.0,0.0,0.0,0.0,0.0,0.0,0.0,0.0,0.0,0.0,0.0,0.0,0.0,0.0
2026-05-15T00:00:00,07:51:42,L29-VIAPAULISTA,SP330,316.704,SUL,-21.12664079,-47.77037193,COLISÃO,COLISÃO-LATERAL,IMPRUD. CONDUTOR-PERDA DE CONTROLE,0,0,0,1,RIBEIRÃO PRETO,RIBEIRÃO PRETO,RIBEIRÃO PRETO,ESTADUAL,0.0,0.0,1.0,0.0,1.0,0.0,0.0,0.0,0.0,0.0,0.0,0.0,0.0,0.0,0.0,0.0
2026-05-15T00:00:00,08:58:31,L29-VIAPAULISTA,SP330,270.736,NORTE,-21.5016014,-47.6418098,COLISÃO,COLISÃO-TRASEIRA,IMPRUD. CONDUTOR-LEVOU FECHADA,0,0,0,0,SÃO SIMÃO,RIBEIRÃO PRETO,RIBEIRÃO PRETO,ESTADUAL,1.0,1.0,0.0,0.0,0.0,0.0,0.0,0.0,0.0,0.0,0.0,0.0,0.0,0.0,0.0,0.0
2026-05-15T00:00:00,09:16:45,L01-AUTOBAN,SP330,23.0,NORTE,-23.444358701913,-46.786882281303,TOMBAMENTO,TOMBAMENTO-MOTO,NÃO INFORMADO,1,0,0,0,SÃO PAULO,REG. METROPOLITANA SÃO PAULO,SÃO PAULO,ESTADUAL,0.0,0.0,1.0,0.0,0.0,0.0,0.0,0.0,0.0,0.0,0.0,0.0,0.0,0.0,0.0,0.0
2026-05-15T00:00:00,09:57:53,L01-AUTOBAN,SP330,137.0,SUL,-22.630935704758,-47.336708307266,COLISÃO,COLISÃO-TRASEIRA,NÃO INFORMADO,0,0,0,0,LIMEIRA,CAMPINAS,RIO CLARO,ESTADUAL,1.0,0.0,0.0,0.0,1.0,0.0,0.0,0.0,0.0,0.0,0.0,0.0,0.0,0.0,0.0,0.0
2026-05-15T00:00:00,10:50:59,L06-INTERVIAS,SPD002/165/330,2.8,LESTE,-22.39481587,-47.36526364,TOMBAMENTO,TOMBAMENTO,IMPRUDÊNCIA,1,0,0,0,ARARAS,NÃO INFORMADO,NÃO INFORMADO,NÃO INFORMADO,0.0,0.0,0.0,0.0,1.0,0.0,0.0,0.0,0.0,0.0,0.0,0.0,0.0,0.0,0.0,0.0
2026-05-15T00:00:00,11:07:48,L01-AUTOBAN,SP330,125.0,NORTE,-22.728274847666,-47.291845679283,COLISÃO,COLISÃO-LATERAL,NÃO INFORMADO,0,0,0,0,AMERICANA,CAMPINAS,RIO CLARO,ESTADUAL,1.0,0.0,0.0,0.0,1.0,0.0,0.0,0.0,0.0,0.0,0.0,0.0,0.0,0.0,0.0,0.0
2026-05-15T00:00:00,12:40:01,L01-AUTOBAN,SP330,63.7,SUL,-23.155807173596,-46.934533598887,COLISÃO,COLISÃO-LATERAL,NÃO INFORMADO,1,0,0,0,JUNDIAÍ,CAMPINAS,CAMPINAS,ESTADUAL,0.0,0.0,1.0,1.0,0.0,0.0,0.0,0.0,0.0,0.0,0.0,0.0,0.0,0.0,0.0,0.0
2026-05-15T00:00:00,14:02:30,L06-INTERVIAS,SP330,176.1,NORTE,-22.29975663,-47.3919872,COLISÃO,COLISÃO-TRASEIRA,IMPRUD. CONDUTOR-LEVOU FECHADA,1,0,0,0,ARARAS,CAMPINAS,RIO CLARO,ESTADUAL,0.0,1.0,1.0,0.0,0.0,0.0,0.0,0.0,0.0,0.0,0.0,0.0,0.0,0.0,0.0,0.0
2026-05-15T00:00:00,16:03:08,L29-VIAPAULISTA,SP330,311.765,SUL,-21.16861836,-47.75641435,COLISÃO,COLISÃO-LATERAL,IMPRUD. CONDUTOR-MUDANÇA DE FAIXA,0,0,0,0,RIBEIRÃO PRETO,RIBEIRÃO PRETO,RIBEIRÃO PRETO,ESTADUAL,0.0,0.0,0.0,1.0,1.0,0.0,0.0,0.0,0.0,0.0,0.0,0.0,0.0,0.0,0.0,0.0
2026-05-15T00:00:00,18:42:02,L01-AUTOBAN,SPM330D,57.0,NORTE,-23.205930751153,-46.899073719978,CHOQUE,OUTROS/NÃO CLASSIFICADO,NÃO INFORMADO,0,0,0,0,JUNDIAÍ,CAMPINAS,CAMPINAS,ESTADUAL,1.0,0.0,0.0,0.0,0.0,0.0,0.0,0.0,0.0,0.0,0.0,0.0,0.0,0.0,0.0,0.0
2026-05-15T00:00:00,18:49:30,L29-VIAPAULISTA,SP330,317.0,SUL,-21.12372256,-47.7722362,CHOQUE,CHOQUE-DEFENSA/BARREIRA,IMPRUD. CONDUTOR-PERDA DE CONTROLE,0,0,0,0,RIBEIRÃO PRETO,RIBEIRÃO PRETO,RIBEIRÃO PRETO,ESTADUAL,1.0,0.0,0.0,0.0,0.0,0.0,0.0,0.0,0.0,0.0,0.0,0.0,0.0,0.0,0.0,0.0
2026-05-15T00:00:00,20:01:39,L28-ENTREVIAS,SP330,341.62,SUL,-20.93480725423869,-47.88195188117431,TOMBAMENTO,TOMBAMENTO-VEÍCULO PESADO,PANE MECÂNICA/ELÉTRICA,0,0,0,0,JARDINÓPOLIS,RIBEIRÃO PRETO,RIBEIRÃO PRETO,ESTADUAL,0.0,0.0,0.0,0.0,1.0,0.0,0.0,0.0,0.0,0.0,0.0,0.0,0.0,0.0,0.0,0.0
2026-05-15T00:00:00,20:11:54,L01-AUTOBAN,SP330,37.0,SUL,-23.351265,-46.846862,ENGAVETAMENTO,ENGAVETAMENTO,NÃO INFORMADO,0,0,0,0,CAJAMAR,REG. METROPOLITANA SÃO PAULO,SÃO PAULO,ESTADUAL,2.0,0.0,0.0,0.0,1.0,0.0,0.0,0.0,0.0,0.0,0.0,0.0,0.0,0.0,0.0,0.0
2026-05-15T00:00:00,20:20:21,L01-AUTOBAN,SP330,23.5,NORTE,-23.439449254874,-46.786584556103,TOMBAMENTO,TOMBAMENTO,NÃO INFORMADO,0,0,0,0,SÃO PAULO,REG. METROPOLITANA SÃO PAULO,SÃO PAULO,ESTADUAL,0.0,0.0,0.0,1.0,0.0,0.0,0.0,0.0,0.0,0.0,0.0,0.0,0.0,0.0,0.0,0.0
2026-05-15T00:00:00,20:24:17,L01-AUTOBAN,SP330,103.0,NORTE,-22.862197108808,-47.13924407959,COLISÃO,COLISÃO-LATERAL,NÃO INFORMADO,0,0,0,0,CAMPINAS,CAMPINAS,CAMPINAS,ESTADUAL,2.0,0.0,1.0,0.0,2.0,0.0,0.0,0.0,0.0,0.0,0.0,0.0,0.0,0.0,0.0,0.0
2026-05-15T00:00:00,20:45:59,L01-AUTOBAN,SP330,37.0,NORTE,-23.351298495629,-46.846604347229,CHOQUE,CHOQUE-SINALIZAÇÃO/EQUIPAMENTO,NÃO INFORMADO,0,0,0,0,CAJAMAR,REG. METROPOLITANA SÃO PAULO,SÃO PAULO,ESTADUAL,2.0,0.0,1.0,0.0,0.0,0.0,0.0,0.0,0.0,0.0,0.0,0.0,0.0,0.0,0.0,0.0
2026-05-15T00:00:00,21:09:53,L01-AUTOBAN,SPM330D,94.0,NORTE,-22.924593081991,-47.087171673775,COLISÃO,COLISÃO-TRASEIRA,NÃO INFORMADO,0,0,0,0,CAMPINAS,CAMPINAS,CAMPINAS,ESTADUAL,1.0,1.0,0.0,0.0,0.0,0.0,0.0,0.0,0.0,0.0,0.0,0.0,0.0,0.0,0.0,0.0
2026-05-15T00:00:00,21:49:33,L01-AUTOBAN,SP330,63.5,NORTE,-23.156935620616,-46.933712838963,COLISÃO,COLISÃO-TRASEIRA,NÃO INFORMADO,0,0,0,0,JUNDIAÍ,CAMPINAS,CAMPINAS,ESTADUAL,2.0,0.0,0.0,0.0,0.0,0.0,0.0,0.0,0.0,0.0,0.0,0.0,0.0,0.0,0.0,0.0
2026-05-15T00:00:00,22:46:59,L29-VIAPAULISTA,SP330,252.771,SUL,-21.66011651,-47.60883862,CHOQUE,CHOQUE-MEIO FIO,MAL SÚBITO DO CONDUTOR,0,0,0,0,SANTA RITA DO PASSA QUATRO,CENTRAL,RIBEIRÃO PRETO,ESTADUAL,0.0,0.0,0.0,0.0,1.0,0.0,0.0,0.0,0.0,0.0,0.0,0.0,0.0,0.0,0.0,0.0
2026-05-15T00:00:00,23:30:34,L29-VIAPAULISTA,SP330,241.502,SUL,-21.75248598,-47.56848649,COLISÃO,COLISÃO-LATERAL,IMPRUD. CONDUTOR,0,0,1,0,SANTA RITA DO PASSA QUATRO,CENTRAL,RIBEIRÃO PRETO,ESTADUAL,0.0,1.0,0.0,1.0,1.0,0.0,0.0,0.0,0.0,0.0,0.0,0.0,0.0,0.0,0.0,0.0
2026-05-16T00:00:00,05:18:49,L01-AUTOBAN,SP330,46.5,SUL,-23.285299000034,-46.869534552097,CHOQUE,CHOQUE-TALUDE/BARRANCO,NÃO INFORMADO,0,0,0,0,CAJAMAR,REG. METROPOLITANA SÃO PAULO,SÃO PAULO,ESTADUAL,0.0,0.0,0.0,0.0,0.0,0.0,0.0,0.0,1.0,0.0,0.0,0.0,0.0,0.0,0.0,0.0
2026-05-16T00:00:00,06:59:21,L01-AUTOBAN,SP330,34.7,NORTE,-23.371159595062,-46.843544603752,CHOQUE,CHOQUE-TALUDE/BARRANCO,NÃO INFORMADO,0,0,0,0,CAJAMAR,REG. METROPOLITANA SÃO PAULO,SÃO PAULO,ESTADUAL,1.0,0.0,0.0,0.0,0.0,0.0,0.0,0.0,0.0,0.0,0.0,0.0,0.0,0.0,0.0,0.0
2026-05-16T00:00:00,07:05:44,L01-AUTOBAN,SP330,118.0,SUL,-22.769034170109,-47.24156498909,COLISÃO,COLISÃO-TRASEIRA,NÃO INFORMADO,0,0,0,0,NOVA ODESSA,CAMPINAS,RIO CLARO,ESTADUAL,0.0,0.0,0.0,0.0,2.0,0.0,0.0,0.0,0.0,0.0,0.0,0.0,0.0,0.0,0.0,0.0
2026-05-16T00:00:00,08:54:01,L29-VIAPAULISTA,SP330,317.59,NORTE,-21.11938244,-47.77535137,COLISÃO,COLISÃO-LATERAL,IMPRUD. CONDUTOR-MUDANÇA DE FAIXA,0,0,0,0,RIBEIRÃO PRETO,RIBEIRÃO PRETO,RIBEIRÃO PRETO,ESTADUAL,1.0,0.0,0.0,0.0,1.0,0.0,0.0,0.0,0.0,0.0,0.0,0.0,0.0,0.0,0.0,0.0
2026-05-16T00:00:00,09:02:46,L29-VIAPAULISTA,SP330,309.11,NORTE,-21.19225515,-47.75752525,ENGAVETAMENTO,ENGAVETAMENTO,IMPRUD. CONDUTOR-DIST. INADEQUADA ENTRE VEÍC.,0,0,0,0,RIBEIRÃO PRETO,RIBEIRÃO PRETO,RIBEIRÃO PRETO,ESTADUAL,1.0,2.0,0.0,0.0,0.0,0.0,0.0,0.0,0.0,0.0,0.0,0.0,0.0,0.0,0.0,0.0
2026-05-16T00:00:00,10:11:04,L01-AUTOBAN,SP330,23.0,SUL,-23.444260270505,-46.78705394268,TOMBAMENTO,TOMBAMENTO,NÃO INFORMADO,1,0,0,0,SÃO PAULO,REG. METROPOLITANA SÃO PAULO,SÃO PAULO,ESTADUAL,0.0,0.0,0.0,0.0,1.0,0.0,0.0,0.0,0.0,0.0,0.0,0.0,0.0,0.0,0.0,0.0
2026-05-16T00:00:00,10:24:21,L01-AUTOBAN,SP330,112.8,SUL,-22.80859252046,-47.215002558514,COLISÃO,COLISÃO-LATERAL,NÃO INFORMADO,0,0,0,0,SUMARÉ,CAMPINAS,CAMPINAS,ESTADUAL,1.0,0.0,0.0,0.0,0.0,0.0,1.0,0.0,0.0,0.0,0.0,0.0,0.0,0.0,0.0,0.0
2026-05-16T00:00:00,18:44:55,L01-AUTOBAN,SPM330D,95.0,NORTE,-22.919696732904,-47.094027400017,CHOQUE,CHOQUE-DEFENSA/BARREIRA,NÃO INFORMADO,0,1,0,0,CAMPINAS,CAMPINAS,CAMPINAS,ESTADUAL,1.0,0.0,0.0,0.0,0.0,0.0,0.0,0.0,0.0,0.0,0.0,0.0,0.0,0.0,0.0,0.0
2026-05-16T00:00:00,19:41:02,L01-AUTOBAN,SP330,120.0,NORTE,-22.756649,-47.254609,ATROPELAMENTO DE PEDESTRE,ATROP. PEDESTRE-OUTROS,NÃO INFORMADO,0,0,0,1,AMERICANA,CAMPINAS,RIO CLARO,ESTADUAL,2.0,0.0,0.0,0.0,0.0,0.0,0.0,1.0,0.0,0.0,0.0,0.0,0.0,0.0,0.0,0.0
2026-05-16T00:00:00,22:44:00,L01-AUTOBAN,SPM330D,51.0,NORTE,-23.247921,-46.865964,CHOQUE,CHOQUE-DEFENSA/BARREIRA,NÃO INFORMADO,2,0,0,0,JUNDIAÍ,CAMPINAS,CAMPINAS,ESTADUAL,2.0,0.0,0.0,0.0,0.0,0.0,0.0,0.0,0.0,0.0,0.0,0.0,0.0,0.0,0.0,0.0
2026-05-16T00:00:00,23:57:33,L01-AUTOBAN,SPM330E,102.0,SUL,-22.868355,-47.132428,TOMBAMENTO,TOMBAMENTO,NÃO INFORMADO,1,0,0,0,CAMPINAS,CAMPINAS,CAMPINAS,ESTADUAL,0.0,0.0,1.0,0.0,0.0,0.0,0.0,0.0,0.0,0.0,0.0,0.0,0.0,0.0,0.0,0.0
2026-05-17T00:00:00,00:53:00,L28-ENTREVIAS,SP330,390.648,SUL,-20.51662415254137,-47.83706353940512,CHOQUE,CHOQUE-DEFENSA/BARREIRA,IMPRUD. CONDUTOR-LEVOU FECHADA,1,0,0,0,GUARÁ,FRANCA,RIBEIRÃO PRETO,ESTADUAL,1.0,0.0,0.0,0.0,0.0,0.0,0.0,0.0,0.0,0.0,0.0,0.0,0.0,0.0,0.0,0.0
2026-05-17T00:00:00,01:32:01,L01-AUTOBAN,SP330,29.0,SUL,-23.409410946036,-46.820742487907,CHOQUE,CHOQUE-DEFENSA/BARREIRA,NÃO INFORMADO,1,0,0,0,SÃO PAULO,REG. METROPOLITANA SÃO PAULO,SÃO PAULO,ESTADUAL,1.0,0.0,0.0,0.0,0.0,0.0,0.0,0.0,0.0,0.0,0.0,0.0,0.0,0.0,0.0,0.0
2026-05-17T00:00:00,03:41:55,L29-VIAPAULISTA,SPD307/330,307.5,SUL,-21.20635092,-47.75840115,CHOQUE,CHOQUE-SINALIZAÇÃO/EQUIPAMENTO,IMPRUD. CONDUTOR,0,0,0,0,RIBEIRÃO PRETO,NÃO INFORMADO,NÃO INFORMADO,NÃO INFORMADO,1.0,0.0,0.0,0.0,0.0,0.0,0.0,0.0,0.0,0.0,0.0,0.0,0.0,0.0,0.0,0.0
2026-05-17T00:00:00,04:55:33,L01-AUTOBAN,SPM330D,96.0,NORTE,-22.911450110385,-47.101403474808,CHOQUE,CHOQUE-DEFENSA/BARREIRA,NÃO INFORMADO,0,0,0,0,CAMPINAS,CAMPINAS,CAMPINAS,ESTADUAL,1.0,0.0,0.0,0.0,0.0,0.0,0.0,0.0,0.0,0.0,0.0,0.0,0.0,0.0,0.0,0.0
2026-05-17T00:00:00,08:13:36,L01-AUTOBAN,SPM330D,98.0,NORTE,-22.895874533463,-47.110748291016,COLISÃO,COLISÃO-LATERAL,NÃO INFORMADO,0,0,0,0,CAMPINAS,NÃO INFORMADO,NÃO INFORMADO,NÃO INFORMADO,1.0,0.0,0.0,0.0,0.0,0.0,1.0,0.0,0.0,0.0,0.0,0.0,0.0,0.0,0.0,0.0
2026-05-17T00:00:00,12:37:11,L06-INTERVIAS,SP330,231.75,NORTE,-21.81204266,-47.49897364,TOMBAMENTO,TOMBAMENTO,IMPRUDÊNCIA,1,0,0,0,PORTO FERREIRA,CENTRAL,RIO CLARO,ESTADUAL,0.0,0.0,1.0,0.0,0.0,0.0,0.0,0.0,0.0,0.0,0.0,0.0,0.0,0.0,0.0,0.0
2026-05-17T00:00:00,19:10:23,L01-AUTOBAN,SP330,60.5,NORTE,-23.178147453711,-46.914896070957,COLISÃO,COLISÃO-LATERAL,NÃO INFORMADO,0,0,0,1,JUNDIAÍ,CAMPINAS,CAMPINAS,ESTADUAL,0.0,1.0,1.0,0.0,0.0,0.0,0.0,0.0,0.0,0.0,0.0,0.0,0.0,0.0,0.0,0.0
2026-05-17T00:00:00,19:28:38,L01-AUTOBAN,SP330,94.0,NORTE,-22.924593081991,-47.087171673775,CHOQUE,CHOQUE-DEFENSA/BARREIRA,NÃO INFORMADO,0,0,0,0,CAMPINAS,CAMPINAS,CAMPINAS,ESTADUAL,1.0,0.0,0.0,0.0,0.0,0.0,0.0,0.0,0.0,0.0,0.0,0.0,0.0,0.0,0.0,0.0
2026-05-17T00:00:00,20:51:37,L06-INTERVIAS,SP330,164.0,SUL,-22.40726801,-47.38996243,CHOQUE,CHOQUE-OBJETO NA PISTA,OBJETO NA PISTA,0,0,0,0,ARARAS,CAMPINAS,RIO CLARO,ESTADUAL,0.0,0.0,1.0,0.0,0.0,0.0,0.0,0.0,0.0,0.0,0.0,0.0,0.0,0.0,0.0,0.0
2026-05-17T00:00:00,21:25:19,L01-AUTOBAN,SP330,41.5,SUL,-23.320422328204,-46.850177049637,CAPOTAMENTO,CAPOTAMENTO,NÃO INFORMADO,0,1,0,0,CAJAMAR,REG. METROPOLITANA SÃO PAULO,SÃO PAULO,ESTADUAL,0.0,0.0,0.0,1.0,0.0,0.0,0.0,0.0,0.0,0.0,0.0,0.0,0.0,0.0,0.0,0.0
2026-05-17T00:00:00,22:11:07,L29-VIAPAULISTA,SP330,307.411,NORTE,-21.20667218,-47.75828157,CHOQUE,CHOQUE-TALUDE/BARRANCO,IMPRUD. CONDUTOR,0,0,0,0,RIBEIRÃO PRETO,RIBEIRÃO PRETO,RIBEIRÃO PRETO,ESTADUAL,1.0,0.0,0.0,0.0,0.0,0.0,0.0,0.0,0.0,0.0,0.0,0.0,0.0,0.0,0.0,0.0
2026-05-17T00:00:00,22:24:22,L01-AUTOBAN,SP330,72.9,NORTE,-23.083270453726,-46.977380025841,ENGAVETAMENTO,ENGAVETAMENTO,NÃO INFORMADO,0,0,0,0,LOUVEIRA,CAMPINAS,CAMPINAS,ESTADUAL,3.0,0.0,0.0,0.0,0.0,0.0,0.0,0.0,0.0,0.0,0.0,0.0,0.0,0.0,0.0,0.0
2026-05-17T00:00:00,22:31:58,L01-AUTOBAN,SP330,93.0,SUL,-22.929865,-47.079096,COLISÃO,COLISÃO-TRASEIRA,NÃO INFORMADO,1,0,0,0,CAMPINAS,CAMPINAS,CAMPINAS,ESTADUAL,2.0,0.0,0.0,0.0,0.0,0.0,0.0,0.0,0.0,0.0,0.0,0.0,0.0,0.0,0.0,0.0
2026-05-17T00:00:00,22:34:35,L01-AUTOBAN,SPI102/330,1.0,NORTE,-22.872117347182,-47.131390571594,CHOQUE,CHOQUE-DEFENSA/BARREIRA,NÃO INFORMADO,0,0,0,0,CAMPINAS,CAMPINAS,CAMPINAS,ESTADUAL,1.0,0.0,0.0,0.0,0.0,0.0,0.0,0.0,0.0,0.0,0.0,0.0,0.0,0.0,0.0,0.0
2026-05-17T00:00:00,23:02:02,L01-AUTOBAN,SP330,33.5,SUL,-23.380334759269,-46.839400116051,COLISÃO,COLISÃO-LATERAL,NÃO INFORMADO,1,0,0,0,CAJAMAR,REG. METROPOLITANA SÃO PAULO,SÃO PAULO,ESTADUAL,1.0,0.0,0.0,0.0,1.0,0.0,0.0,0.0,0.0,0.0,0.0,0.0,0.0,0.0,0.0,0.0
2026-05-17T00:00:00,23:27:27,L01-AUTOBAN,SP330,132.1,NORTE,-22.669829838001,-47.313870844439,ATROPELAMENTO DE ANIMAL,ATROP. ANIMAL-OUTROS,NÃO INFORMADO,0,0,0,0,LIMEIRA,CAMPINAS,RIO CLARO,ESTADUAL,0.0,0.0,0.0,0.0,1.0,0.0,0.0,0.0,0.0,0.0,0.0,0.0,0.0,0.0,0.0,0.0
2026-05-17T00:00:00,23:56:12,L29-VIAPAULISTA,SPA307/330,2.0,OESTE,-21.19471405,-47.7743033,CHOQUE,CHOQUE-DEFENSA/BARREIRA,IMPRUD. CONDUTOR,0,0,0,0,RIBEIRÃO PRETO,RIBEIRÃO PRETO,RIBEIRÃO PRETO,ESTADUAL,1.0,0.0,0.0,0.0,0.0,0.0,0.0,0.0,0.0,0.0,0.0,0.0,0.0,0.0,0.0,0.0
2026-05-18T00:00:00,01:28:00,L01-AUTOBAN,SP330,64.8,NORTE,-23.146155856423,-46.938555847974,COLISÃO,COLISÃO-LATERAL,NÃO INFORMADO,0,0,0,0,JUNDIAÍ,CAMPINAS,CAMPINAS,ESTADUAL,1.0,1.0,0.0,0.0,0.0,0.0,0.0,0.0,0.0,0.0,0.0,0.0,0.0,0.0,0.0,0.0
2026-05-18T00:00:00,05:06:30,L29-VIAPAULISTA,SP330,307.506,SUL,-21.20629674,-47.7583983,CHOQUE,CHOQUE-DEFENSA/BARREIRA,IMPRUD. CONDUTOR-PERDA DE CONTROLE,0,0,0,0,RIBEIRÃO PRETO,RIBEIRÃO PRETO,RIBEIRÃO PRETO,ESTADUAL,1.0,0.0,0.0,0.0,0.0,0.0,0.0,0.0,0.0,0.0,0.0,0.0,0.0,0.0,0.0,0.0
2026-05-18T00:00:00,07:06:19,L06-INTERVIAS,SP330,179.8,NORTE,-22.26659728,-47.39100051,COLISÃO,COLISÃO-TRASEIRA,IMPRUDÊNCIA,0,0,0,0,ARARAS,CAMPINAS,RIO CLARO,ESTADUAL,1.0,0.0,0.0,1.0,0.0,0.0,0.0,0.0,0.0,0.0,0.0,0.0,0.0,0.0,0.0,0.0
2026-05-18T00:00:00,07:21:24,L01-AUTOBAN,SP330,15.3,NORTE,-23.498124227122,-46.755806744914,TOMBAMENTO,TOMBAMENTO,NÃO INFORMADO,0,0,1,0,SÃO PAULO,REG. METROPOLITANA SÃO PAULO,SÃO PAULO,ESTADUAL,0.0,0.0,1.0,0.0,0.0,0.0,0.0,0.0,0.0,0.0,0.0,0.0,0.0,0.0,0.0,0.0
2026-05-18T00:00:00,11:58:19,L01-AUTOBAN,SP330,35.0,SUL,-23.369188,-46.845327,COLISÃO,COLISÃO-LATERAL,NÃO INFORMADO,0,0,0,0,CAJAMAR,REG. METROPOLITANA SÃO PAULO,SÃO PAULO,ESTADUAL,0.0,0.0,0.0,1.0,1.0,0.0,0.0,0.0,0.0,0.0,0.0,0.0,0.0,0.0,0.0,0.0
2026-05-18T00:00:00,14:39:12,L01-AUTOBAN,SP330,114.0,SUL,-22.800820864703,-47.222017049789,CHOQUE,CHOQUE-DEFENSA/BARREIRA,NÃO INFORMADO,0,0,0,0,SUMARÉ,CAMPINAS,CAMPINAS,ESTADUAL,1.0,0.0,0.0,0.0,0.0,0.0,0.0,0.0,0.0,0.0,0.0,0.0,0.0,0.0,0.0,0.0
2026-05-18T00:00:00,14:58:33,L01-AUTOBAN,SP330,107.5,SUL,-22.836397100694,-47.174115478992,COLISÃO,COLISÃO-TRASEIRA,NÃO INFORMADO,0,0,0,0,SUMARÉ,CAMPINAS,CAMPINAS,ESTADUAL,2.0,0.0,0.0,0.0,0.0,0.0,0.0,0.0,0.0,0.0,0.0,0.0,0.0,0.0,0.0,0.0
2026-05-18T00:00:00,15:01:58,L01-AUTOBAN,SP330,107.5,NORTE,-22.836018889871,-47.174000144005,ENGAVETAMENTO,ENGAVETAMENTO,NÃO INFORMADO,0,0,0,0,SUMARÉ,CAMPINAS,CAMPINAS,ESTADUAL,5.0,0.0,0.0,2.0,2.0,0.0,0.0,0.0,0.0,0.0,0.0,0.0,0.0,0.0,0.0,0.0
2026-05-18T00:00:00,18:42:26,L29-VIAPAULISTA,SP330,249.502,NORTE,-21.68842021,-47.60024617,CHOQUE,CHOQUE-ELEMENTO DE DRENAGEM,MAL SÚBITO DO CONDUTOR,0,0,0,0,SANTA RITA DO PASSA QUATRO,CENTRAL,RIBEIRÃO PRETO,ESTADUAL,0.0,0.0,0.0,0.0,1.0,0.0,0.0,0.0,0.0,0.0,0.0,0.0,0.0,0.0,0.0,0.0
2026-05-18T00:00:00,21:21:19,L01-AUTOBAN,SP330,105.0,SUL,-22.852088298342,-47.156785726547,COLISÃO,COLISÃO-LATERAL,NÃO INFORMADO,0,0,0,0,CAMPINAS,CAMPINAS,CAMPINAS,ESTADUAL,1.0,0.0,0.0,0.0,1.0,0.0,0.0,0.0,0.0,0.0,0.0,0.0,0.0,0.0,0.0,0.0
2026-05-18T00:00:00,21:44:29,L28-ENTREVIAS,SP330,411.0,NORTE,-20.3325420670367,-47.80490356519557,CHOQUE,CHOQUE-OBJETO NA PISTA,OBJETO NA PISTA,0,0,0,0,ITUVERAVA,FRANCA,RIBEIRÃO PRETO,ESTADUAL,1.0,0.0,0.0,0.0,1.0,0.0,0.0,0.0,0.0,0.0,0.0,0.0,0.0,0.0,0.0,0.0
2026-05-18T00:00:00,23:25:57,L01-AUTOBAN,SP330,88.9,NORTE,-22.959655326204,-47.05706495663,COLISÃO,COLISÃO-LATERAL,NÃO INFORMADO,1,0,0,0,CAMPINAS,CAMPINAS,CAMPINAS,ESTADUAL,2.0,0.0,0.0,0.0,0.0,0.0,0.0,0.0,0.0,0.0,0.0,0.0,0.0,0.0,0.0,0.0
2026-05-19T00:00:00,01:01:16,L01-AUTOBAN,SP330,110.0,NORTE,-22.822672081657,-47.192480564117,TOMBAMENTO,TOMBAMENTO,NÃO INFORMADO,0,0,0,0,SUMARÉ,CAMPINAS,CAMPINAS,ESTADUAL,0.0,0.0,0.0,1.0,0.0,0.0,0.0,0.0,0.0,0.0,0.0,0.0,0.0,0.0,0.0,0.0
2026-05-19T00:00:00,06:24:36,L01-AUTOBAN,SPM330E,12.0,SUL,-23.509484513183,-46.730405688286,COLISÃO,COLISÃO-TRASEIRA,NÃO INFORMADO,0,1,0,0,SÃO PAULO,REG. METROPOLITANA SÃO PAULO,SÃO PAULO,ESTADUAL,0.0,1.0,1.0,0.0,0.0,0.0,0.0,0.0,0.0,0.0,0.0,0.0,0.0,0.0,0.0,0.0
2026-05-19T00:00:00,11:24:20,L01-AUTOBAN,SP330,85.0,SUL,-22.989765341078,-47.038950920105,COLISÃO,COLISÃO-TRASEIRA,NÃO INFORMADO,0,0,0,0,VALINHOS,CAMPINAS,CAMPINAS,ESTADUAL,1.0,0.0,0.0,0.0,1.0,0.0,0.0,0.0,0.0,0.0,0.0,0.0,0.0,0.0,0.0,0.0
2026-05-19T00:00:00,12:31:57,L01-AUTOBAN,SP330,22.0,SUL,-23.45303514236,-46.78664624691,COLISÃO,COLISÃO-TRASEIRA,NÃO INFORMADO,0,0,0,0,SÃO PAULO,REG. METROPOLITANA SÃO PAULO,SÃO PAULO,ESTADUAL,0.0,0.0,0.0,2.0,0.0,0.0,0.0,0.0,0.0,0.0,0.0,0.0,0.0,0.0,0.0,0.0
2026-05-19T00:00:00,14:58:04,L01-AUTOBAN,SP330,24.0,NORTE,-23.434539807835,-46.786286830902,COLISÃO,COLISÃO-LATERAL,NÃO INFORMADO,0,0,0,0,SÃO PAULO,REG. METROPOLITANA SÃO PAULO,SÃO PAULO,ESTADUAL,0.0,0.0,0.0,0.0,1.0,0.0,1.0,0.0,0.0,0.0,0.0,0.0,0.0,0.0,0.0,0.0
2026-05-19T00:00:00,15:43:00,L28-ENTREVIAS,SP330,437.7,SUL,-20.11622353982063,-47.79174950469604,COLISÃO,COLISÃO-TRASEIRA,IMPRUD. CONDUTOR-DIST. INADEQUADA ENTRE VEÍC.,0,0,0,0,ARAMINA,FRANCA,RIBEIRÃO PRETO,ESTADUAL,1.0,1.0,0.0,0.0,0.0,0.0,0.0,0.0,0.0,0.0,0.0,0.0,0.0,0.0,0.0,0.0
2026-05-19T00:00:00,16:18:07,L29-VIAPAULISTA,SP330,313.76,NORTE,-21.14954792,-47.75799486,COLISÃO,COLISÃO-LATERAL,IMPRUD. CONDUTOR-MUDANÇA DE FAIXA,1,0,0,0,RIBEIRÃO PRETO,RIBEIRÃO PRETO,RIBEIRÃO PRETO,ESTADUAL,0.0,0.0,1.0,1.0,0.0,0.0,0.0,0.0,0.0,0.0,0.0,0.0,0.0,0.0,0.0,0.0
2026-05-19T00:00:00,17:47:33,L01-AUTOBAN,SP330,24.9,SUL,-23.427404531117,-46.787492893681,COLISÃO,COLISÃO-TRASEIRA,NÃO INFORMADO,0,0,0,0,SÃO PAULO,REG. METROPOLITANA SÃO PAULO,SÃO PAULO,ESTADUAL,1.0,1.0,0.0,0.0,0.0,0.0,0.0,0.0,0.0,0.0,0.0,0.0,0.0,0.0,0.0,0.0
2026-05-19T00:00:00,17:52:15,L29-VIAPAULISTA,SP330,308.856,NORTE,-21.19358831,-47.75759519,ENGAVETAMENTO,ENGAVETAMENTO,IMPRUD. CONDUTOR,0,0,0,0,RIBEIRÃO PRETO,RIBEIRÃO PRETO,RIBEIRÃO PRETO,ESTADUAL,2.0,0.0,0.0,1.0,0.0,0.0,0.0,0.0,0.0,0.0,0.0,0.0,0.0,0.0,0.0,0.0
2026-05-19T00:00:00,18:36:32,L01-AUTOBAN,SP330,62.0,SUL,-23.168814423993,-46.926614642143,COLISÃO,COLISÃO-TRASEIRA,NÃO INFORMADO,0,0,0,0,JUNDIAÍ,CAMPINAS,CAMPINAS,ESTADUAL,2.0,0.0,0.0,0.0,0.0,0.0,0.0,0.0,0.0,0.0,0.0,0.0,0.0,0.0,0.0,0.0
2026-05-19T00:00:00,18:37:56,L29-VIAPAULISTA,SP330,307.23,NORTE,-21.20830005,-47.75836696,CHOQUE,CHOQUE-DEFENSA/BARREIRA,IMPRUD. CONDUTOR-LEVOU FECHADA,0,0,0,0,RIBEIRÃO PRETO,RIBEIRÃO PRETO,RIBEIRÃO PRETO,ESTADUAL,0.0,0.0,0.0,2.0,0.0,0.0,0.0,0.0,0.0,0.0,0.0,0.0,0.0,0.0,0.0,0.0
2026-05-19T00:00:00,18:47:38,L06-INTERVIAS,SP330,190.0,NORTE,-22.17516119,-47.39874511,COLISÃO,COLISÃO-TRASEIRA,NÃO INFORMADO,1,0,0,0,LEME,CAMPINAS,RIO CLARO,ESTADUAL,1.0,1.0,0.0,0.0,0.0,0.0,0.0,0.0,0.0,0.0,0.0,0.0,0.0,0.0,0.0,0.0
2026-05-19T00:00:00,19:36:24,L06-INTERVIAS,SP330,199.6,NORTE,-22.09118198,-47.41818451,COLISÃO,COLISÃO-TRASEIRA,NÃO INFORMADO,1,0,0,0,SANTA CRUZ DA CONCEIÇÃO,CAMPINAS,RIO CLARO,ESTADUAL,0.0,0.0,0.0,0.0,2.0,0.0,0.0,0.0,0.0,0.0,0.0,0.0,0.0,0.0,0.0,0.0
2026-05-20T00:00:00,04:54:31,L01-AUTOBAN,SP330,146.0,NORTE,-22.560678,-47.366217,CHOQUE,CHOQUE-DEFENSA/BARREIRA,NÃO INFORMADO,0,0,0,0,LIMEIRA,CAMPINAS,RIO CLARO,ESTADUAL,1.0,0.0,0.0,0.0,0.0,0.0,0.0,0.0,0.0,0.0,0.0,0.0,0.0,0.0,0.0,0.0
2026-05-20T00:00:00,05:31:58,L29-VIAPAULISTA,SPD307/330,307.5,SUL,-21.20635092,-47.75840115,TOMBAMENTO,TOMBAMENTO,IMPRUD. CONDUTOR-PERDA DE CONTROLE,1,0,0,0,RIBEIRÃO PRETO,NÃO INFORMADO,NÃO INFORMADO,NÃO INFORMADO,0.0,0.0,1.0,0.0,0.0,0.0,0.0,0.0,0.0,0.0,0.0,0.0,0.0,0.0,0.0,0.0
2026-05-20T00:00:00,07:39:10,L29-VIAPAULISTA,SP330,316.311,SUL,-21.12934023,-47.76835497,COLISÃO,COLISÃO-TRASEIRA,IMPRUD. CONDUTOR-DIST. INADEQUADA ENTRE VEÍC.,0,0,0,0,RIBEIRÃO PRETO,RIBEIRÃO PRETO,RIBEIRÃO PRETO,ESTADUAL,1.0,1.0,0.0,0.0,0.0,0.0,0.0,0.0,0.0,0.0,0.0,0.0,0.0,0.0,0.0,0.0
2026-05-20T00:00:00,07:45:33,L29-VIAPAULISTA,SP330,285.33,NORTE,-21.39245965,-47.69428354,CHOQUE,CHOQUE-SINALIZAÇÃO/EQUIPAMENTO,CONDIÇÃO CLIMÁTICA,0,0,0,0,CRAVINHOS,RIBEIRÃO PRETO,RIBEIRÃO PRETO,ESTADUAL,1.0,0.0,0.0,1.0,0.0,0.0,0.0,0.0,0.0,0.0,0.0,0.0,0.0,0.0,0.0,0.0
2026-05-20T00:00:00,08:18:31,L01-AUTOBAN,SPM330E,103.0,SUL,-22.862525,-47.139454,COLISÃO,COLISÃO-LATERAL,NÃO INFORMADO,1,0,0,0,CAMPINAS,CAMPINAS,CAMPINAS,ESTADUAL,0.0,0.0,2.0,0.0,0.0,0.0,0.0,0.0,0.0,0.0,0.0,0.0,0.0,0.0,0.0,0.0
2026-05-20T00:00:00,14:21:00,L28-ENTREVIAS,SP330,321.5,SUL,-21.10801728324018,-47.78364133703886,CHOQUE,CHOQUE-TALUDE/BARRANCO,IMPRUD. CONDUTOR-PERDA DE CONTROLE,1,0,0,0,RIBEIRÃO PRETO,RIBEIRÃO PRETO,RIBEIRÃO PRETO,ESTADUAL,0.0,0.0,0.0,0.0,1.0,0.0,0.0,0.0,0.0,0.0,0.0,0.0,0.0,0.0,0.0,0.0
2026-05-20T00:00:00,15:27:11,L01-AUTOBAN,SP330,144.0,SUL,-22.578337130355,-47.366979718208,COLISÃO,COLISÃO-TRASEIRA,NÃO INFORMADO,0,0,0,1,LIMEIRA,CAMPINAS,RIO CLARO,ESTADUAL,1.0,0.0,1.0,0.0,1.0,0.0,0.0,0.0,0.0,0.0,0.0,0.0,0.0,0.0,0.0,0.0
2026-05-20T00:00:00,17:52:59,L01-AUTOBAN,SP330,61.0,NORTE,-23.175294620401,-46.918331980705,COLISÃO,COLISÃO-LATERAL,NÃO INFORMADO,0,1,0,0,JUNDIAÍ,CAMPINAS,CAMPINAS,ESTADUAL,1.0,0.0,1.0,0.0,0.0,0.0,0.0,0.0,0.0,0.0,0.0,0.0,0.0,0.0,0.0,0.0
2026-05-20T00:00:00,18:27:24,L01-AUTOBAN,SP330,16.2,SUL,-23.493413673956,-46.760483986461,COLISÃO,COLISÃO-TRASEIRA,NÃO INFORMADO,0,0,0,1,OSASCO,REG. METROPOLITANA SÃO PAULO,SÃO PAULO,ESTADUAL,0.0,0.0,1.0,0.0,1.0,0.0,0.0,0.0,0.0,0.0,0.0,0.0,0.0,0.0,0.0,0.0
2026-05-20T00:00:00,19:08:13,L01-AUTOBAN,SP330,14.243,SUL,-23.505420446636,-46.751166882061,ATROPELAMENTO DE PEDESTRE,ATROP. PEDESTRE-OUTROS,NÃO INFORMADO,0,0,0,1,SÃO PAULO,REG. METROPOLITANA SÃO PAULO,SÃO PAULO,ESTADUAL,1.0,0.0,0.0,1.0,0.0,0.0,0.0,1.0,0.0,0.0,0.0,0.0,0.0,0.0,0.0,0.0
2026-05-20T00:00:00,19:15:16,L01-AUTOBAN,SPM330E,92.3,SUL,-22.933547895857,-47.073502493629,COLISÃO,COLISÃO-TRASEIRA,NÃO INFORMADO,1,0,0,0,CAMPINAS,NÃO INFORMADO,NÃO INFORMADO,NÃO INFORMADO,1.0,0.0,1.0,0.0,0.0,0.0,0.0,0.0,0.0,0.0,0.0,0.0,0.0,0.0,0.0,0.0
2026-05-20T00:00:00,20:22:11,L01-AUTOBAN,SP330,21.0,NORTE,-23.460712061888,-46.781405210495,COLISÃO,COLISÃO-TRASEIRA,NÃO INFORMADO,0,1,0,0,SÃO PAULO,REG. METROPOLITANA SÃO PAULO,SÃO PAULO,ESTADUAL,0.0,1.0,1.0,0.0,0.0,0.0,0.0,0.0,0.0,0.0,0.0,0.0,0.0,0.0,0.0,0.0
2026-05-20T00:00:00,21:24:40,L01-AUTOBAN,SP330,143.78,SUL,-22.580399908188,-47.3671449432,ATROPELAMENTO DE PEDESTRE,ATROP. PEDESTRE-OUTROS,NÃO INFORMADO,0,0,0,1,LIMEIRA,CAMPINAS,RIO CLARO,ESTADUAL,0.0,0.0,0.0,0.0,1.0,0.0,0.0,1.0,0.0,0.0,0.0,0.0,0.0,0.0,0.0,0.0
2026-05-21T00:00:00,02:27:25,L01-AUTOBAN,SPI102/330,3.2,NORTE,-22.891789558387,-47.133648991754,COLISÃO,COLISÃO-TRASEIRA,NÃO INFORMADO,0,0,0,0,CAMPINAS,CAMPINAS,CAMPINAS,ESTADUAL,1.0,1.0,0.0,0.0,0.0,0.0,0.0,0.0,0.0,0.0,0.0,0.0,0.0,0.0,0.0,0.0
2026-05-21T00:00:00,06:45:21,L01-AUTOBAN,SP330,103.5,NORTE,-22.859501054404,-47.143938539795,COLISÃO,COLISÃO-LATERAL,NÃO INFORMADO,0,0,0,0,CAMPINAS,CAMPINAS,CAMPINAS,ESTADUAL,1.0,0.0,0.0,0.0,1.0,0.0,0.0,0.0,0.0,0.0,0.0,0.0,0.0,0.0,0.0,0.0
2026-05-21T00:00:00,07:18:49,L01-AUTOBAN,SP330,23.0,SUL,-23.444260270505,-46.78705394268,COLISÃO,COLISÃO-LATERAL,NÃO INFORMADO,2,0,0,0,SÃO PAULO,REG. METROPOLITANA SÃO PAULO,SÃO PAULO,ESTADUAL,1.0,0.0,1.0,0.0,0.0,0.0,0.0,0.0,0.0,0.0,0.0,0.0,0.0,0.0,0.0,0.0
2026-05-21T00:00:00,07:56:03,L01-AUTOBAN,SP330,53.0,SUL,-23.230945296234,-46.87306702137,COLISÃO,COLISÃO-LATERAL,NÃO INFORMADO,0,0,0,0,JUNDIAÍ,CAMPINAS,CAMPINAS,ESTADUAL,1.0,0.0,0.0,0.0,1.0,0.0,0.0,0.0,0.0,0.0,0.0,0.0,0.0,0.0,0.0,0.0
2026-05-21T00:00:00,09:23:32,L06-INTERVIAS,SPD210/330,210.23,NORTE,-21.99867221,-47.44547266,TOMBAMENTO,TOMBAMENTO,IMPRUDÊNCIA,0,0,0,0,PIRASSUNUNGA,NÃO INFORMADO,NÃO INFORMADO,NÃO INFORMADO,0.0,0.0,0.0,0.0,1.0,0.0,0.0,0.0,0.0,0.0,0.0,0.0,0.0,0.0,0.0,0.0
2026-05-21T00:00:00,16:33:24,L29-VIAPAULISTA,SP330,301.438,NORTE,-21.26002545,-47.75429281,CHOQUE,CHOQUE-OUTROS,IMPRUD. CONDUTOR-LEVOU FECHADA,0,0,0,0,RIBEIRÃO PRETO,RIBEIRÃO PRETO,RIBEIRÃO PRETO,ESTADUAL,0.0,0.0,1.0,0.0,0.0,0.0,0.0,0.0,0.0,0.0,0.0,0.0,0.0,0.0,0.0,0.0
2026-05-21T00:00:00,18:53:02,L01-AUTOBAN,SP330,56.0,SUL,-23.21105334627,-46.891804933548,COLISÃO,COLISÃO-TRASEIRA,NÃO INFORMADO,0,0,0,0,JUNDIAÍ,CAMPINAS,CAMPINAS,ESTADUAL,0.0,0.0,0.0,0.0,0.0,0.0,2.0,0.0,0.0,0.0,0.0,0.0,0.0,0.0,0.0,0.0
2026-05-21T00:00:00,19:16:09,L29-VIAPAULISTA,SP330,303.722,NORTE,-21.23979974,-47.75819504,ATROPELAMENTO DE PEDESTRE,ATROP. PEDESTRE-CICLISTA,CICLISTA NA RODOVIA,0,1,0,0,RIBEIRÃO PRETO,RIBEIRÃO PRETO,RIBEIRÃO PRETO,ESTADUAL,0.0,1.0,0.0,0.0,0.0,1.0,0.0,0.0,0.0,0.0,0.0,0.0,0.0,0.0,0.0,0.0
2026-05-21T00:00:00,20:09:46,L29-VIAPAULISTA,SP330,307.377,NORTE,-21.20697794,-47.75829761,TOMBAMENTO,TOMBAMENTO,IMPRUD. CONDUTOR,1,0,0,0,RIBEIRÃO PRETO,RIBEIRÃO PRETO,RIBEIRÃO PRETO,ESTADUAL,0.0,0.0,2.0,0.0,0.0,0.0,0.0,0.0,0.0,0.0,0.0,0.0,0.0,0.0,0.0,0.0
2026-05-22T00:00:00,04:52:51,L29-VIAPAULISTA,SPA307/330,0.25,OESTE,-21.20421774,-47.76071173,COLISÃO,COLISÃO-TRASEIRA,NÃO INFORMADO,0,1,0,0,RIBEIRÃO PRETO,RIBEIRÃO PRETO,RIBEIRÃO PRETO,ESTADUAL,1.0,0.0,1.0,0.0,0.0,0.0,0.0,0.0,0.0,0.0,0.0,0.0,0.0,0.0,0.0,0.0
2026-05-22T00:00:00,06:42:16,L01-AUTOBAN,SP330,13.0,SUL,-23.508151419649,-46.740045547485,ENGAVETAMENTO,ENGAVETAMENTO,NÃO INFORMADO,0,0,0,0,SÃO PAULO,REG. METROPOLITANA SÃO PAULO,SÃO PAULO,ESTADUAL,1.0,0.0,2.0,0.0,0.0,0.0,0.0,0.0,0.0,0.0,0.0,0.0,0.0,0.0,0.0,0.0
2026-05-22T00:00:00,07:43:00,L29-VIAPAULISTA,SP330,313.758,NORTE,-21.1495659,-47.75799,COLISÃO,COLISÃO-LATERAL,IMPRUD. CONDUTOR,0,0,0,0,RIBEIRÃO PRETO,RIBEIRÃO PRETO,RIBEIRÃO PRETO,ESTADUAL,1.0,0.0,1.0,0.0,0.0,0.0,0.0,0.0,0.0,0.0,0.0,0.0,0.0,0.0,0.0,0.0
2026-05-22T00:00:00,14:56:32,L01-AUTOBAN,SP330,19.5,NORTE,-23.471328582867,-46.775748431683,CAPOTAMENTO,CAPOTAMENTO,NÃO INFORMADO,0,0,0,0,OSASCO,REG. METROPOLITANA SÃO PAULO,SÃO PAULO,ESTADUAL,1.0,0.0,0.0,0.0,0.0,0.0,0.0,0.0,0.0,0.0,0.0,0.0,0.0,0.0,0.0,0.0
2026-05-22T00:00:00,16:41:36,L01-AUTOBAN,SPM330E,98.0,SUL,-22.896245165998,-47.110952138901,TOMBAMENTO,TOMBAMENTO-MOTO,NÃO INFORMADO,1,0,0,0,CAMPINAS,CAMPINAS,CAMPINAS,ESTADUAL,0.0,0.0,1.0,0.0,0.0,0.0,0.0,0.0,0.0,0.0,0.0,0.0,0.0,0.0,0.0,0.0
2026-05-22T00:00:00,17:30:34,L01-AUTOBAN,SPM330E,83.0,SUL,-23.005438745204,-47.028061151505,COLISÃO,COLISÃO-TRASEIRA,NÃO INFORMADO,1,0,0,0,VALINHOS,NÃO INFORMADO,NÃO INFORMADO,NÃO INFORMADO,2.0,0.0,1.0,0.0,0.0,0.0,0.0,0.0,0.0,0.0,0.0,0.0,0.0,0.0,0.0,0.0
2026-05-22T00:00:00,18:30:24,L01-AUTOBAN,SPM330D,54.0,NORTE,-23.223028310027,-46.877535581589,COLISÃO,COLISÃO-LATERAL,NÃO INFORMADO,0,0,0,0,JUNDIAÍ,CAMPINAS,CAMPINAS,ESTADUAL,1.0,0.0,0.0,1.0,0.0,0.0,0.0,0.0,0.0,0.0,0.0,0.0,0.0,0.0,0.0,0.0
2026-05-22T00:00:00,18:41:03,L01-AUTOBAN,SP330,131.1,SUL,-22.678307631125,-47.311262742696,CAPOTAMENTO,CAPOTAMENTO,NÃO INFORMADO,0,0,0,0,LIMEIRA,CAMPINAS,RIO CLARO,ESTADUAL,1.0,0.0,0.0,0.0,0.0,0.0,0.0,0.0,0.0,0.0,0.0,0.0,0.0,0.0,0.0,0.0
2026-05-22T00:00:00,19:59:10,L01-AUTOBAN,SP330,110.0,NORTE,-22.822672081657,-47.192480564117,COLISÃO,COLISÃO-TRASEIRA,NÃO INFORMADO,1,0,0,0,SUMARÉ,CAMPINAS,CAMPINAS,ESTADUAL,1.0,0.0,0.0,0.0,1.0,0.0,0.0,0.0,0.0,0.0,0.0,0.0,0.0,0.0,0.0,0.0
2026-05-22T00:00:00,21:05:29,L06-INTERVIAS,SP330,191.905,SUL,-22.15788825,-47.40009333,CHOQUE,CHOQUE-OBJETO NA PISTA,OBJETO NA PISTA,0,0,0,0,LEME,CAMPINAS,RIO CLARO,ESTADUAL,1.0,0.0,0.0,0.0,0.0,0.0,0.0,0.0,0.0,0.0,0.0,0.0,0.0,0.0,0.0,0.0
2026-05-22T00:00:00,21:12:32,L06-INTERVIAS,SP330,227.0,NORTE,-21.85443003,-47.49455691,CHOQUE,CHOQUE-DEFENSA/BARREIRA,IMPRUD. CONDUTOR-PERDA DE CONTROLE,0,0,0,0,PORTO FERREIRA,CENTRAL,RIO CLARO,ESTADUAL,1.0,0.0,0.0,1.0,0.0,0.0,0.0,0.0,0.0,0.0,0.0,0.0,0.0,0.0,0.0,0.0
2026-05-22T00:00:00,21:54:34,L06-INTERVIAS,SP330,191.905,SUL,-22.15788825,-47.40009333,CHOQUE,CHOQUE-OBJETO NA PISTA,OBJETO NA PISTA,0,0,0,0,LEME,CAMPINAS,RIO CLARO,ESTADUAL,1.0,0.0,0.0,0.0,0.0,0.0,0.0,0.0,0.0,0.0,0.0,0.0,0.0,0.0,0.0,0.0
2026-05-22T00:00:00,21:55:10,L06-INTERVIAS,SP330,226.5,NORTE,-21.85870667,-47.49312533,COLISÃO,COLISÃO-TRASEIRA,ACIDENTE,0,0,0,0,PORTO FERREIRA,CENTRAL,RIO CLARO,ESTADUAL,0.0,1.0,0.0,0.0,1.0,0.0,0.0,0.0,0.0,0.0,0.0,0.0,0.0,0.0,0.0,0.0
2026-05-22T00:00:00,23:04:25,L29-VIAPAULISTA,SPA241/330,0.234,LESTE,-21.75472718,-47.56205532,CAPOTAMENTO,CAPOTAMENTO,ANIMAL NA RODOVIA,0,0,0,0,SANTA RITA DO PASSA QUATRO,CENTRAL,RIBEIRÃO PRETO,ESTADUAL,1.0,0.0,0.0,0.0,0.0,0.0,0.0,0.0,0.0,0.0,0.0,0.0,0.0,0.0,0.0,0.0
2026-05-23T00:00:00,00:51:15,L01-AUTOBAN,SP330,58.0,SUL,-23.19706558464,-46.903826594353,ATROPELAMENTO DE PEDESTRE,ATROP. PEDESTRE-OUTROS,NÃO INFORMADO,0,1,0,0,JUNDIAÍ,CAMPINAS,CAMPINAS,ESTADUAL,0.0,1.0,0.0,0.0,0.0,0.0,0.0,1.0,0.0,0.0,0.0,0.0,0.0,0.0,0.0,0.0
2026-05-23T00:00:00,01:32:31,L29-VIAPAULISTA,SP330,248.247,SUL,-21.6990707,-47.59655667,COLISÃO,COLISÃO-TRASEIRA,PANE MECÂNICA/ELÉTRICA,0,0,0,0,SANTA RITA DO PASSA QUATRO,CENTRAL,RIBEIRÃO PRETO,ESTADUAL,0.0,0.0,0.0,0.0,2.0,0.0,0.0,0.0,0.0,0.0,0.0,0.0,0.0,0.0,0.0,0.0
2026-05-23T00:00:00,02:16:49,L29-VIAPAULISTA,SP330,314.77,NORTE,-21.14094485,-47.76113474,COLISÃO,COLISÃO-TRASEIRA,IMPRUD. CONDUTOR,0,0,0,0,RIBEIRÃO PRETO,RIBEIRÃO PRETO,RIBEIRÃO PRETO,ESTADUAL,1.0,1.0,0.0,0.0,0.0,0.0,0.0,0.0,0.0,0.0,0.0,0.0,0.0,0.0,0.0,0.0
2026-05-23T00:00:00,06:45:47,L01-AUTOBAN,SP330,99.8,SUL,-22.882018025033,-47.11700428873,COLISÃO,COLISÃO-LATERAL,NÃO INFORMADO,0,0,0,0,CAMPINAS,CAMPINAS,CAMPINAS,ESTADUAL,1.0,0.0,0.0,0.0,1.0,0.0,0.0,0.0,0.0,0.0,0.0,0.0,0.0,0.0,0.0,0.0
2026-05-23T00:00:00,07:53:21,L01-AUTOBAN,SP330,125.6,NORTE,-22.722622234707,-47.293615932731,COLISÃO,COLISÃO-LATERAL,NÃO INFORMADO,0,0,1,0,AMERICANA,CAMPINAS,RIO CLARO,ESTADUAL,2.0,0.0,0.0,0.0,0.0,0.0,0.0,0.0,0.0,0.0,0.0,0.0,0.0,0.0,0.0,0.0
2026-05-23T00:00:00,09:08:49,L01-AUTOBAN,SP330,113.0,SUL,-22.807279181437,-47.216427326202,COLISÃO,COLISÃO-FRONTAL,NÃO INFORMADO,1,0,0,0,SUMARÉ,CAMPINAS,CAMPINAS,ESTADUAL,2.0,0.0,0.0,0.0,0.0,0.0,0.0,0.0,0.0,0.0,0.0,0.0,0.0,0.0,0.0,0.0
2026-05-23T00:00:00,12:11:42,L01-AUTOBAN,SPI102/330,5.0,NORTE,-22.906904124332,-47.13676571846,COLISÃO,COLISÃO-TRASEIRA,NÃO INFORMADO,0,1,0,0,CAMPINAS,CAMPINAS,CAMPINAS,ESTADUAL,1.0,0.0,0.0,0.0,1.0,0.0,0.0,0.0,0.0,0.0,0.0,0.0,0.0,0.0,0.0,0.0
2026-05-23T00:00:00,13:10:12,L29-VIAPAULISTA,SP330,309.373,SUL,-21.18865316,-47.7574686,COLISÃO,COLISÃO-LATERAL,IMPRUD. CONDUTOR-DESRESPEITO À SINALIZAÇÃO,0,0,0,0,RIBEIRÃO PRETO,RIBEIRÃO PRETO,RIBEIRÃO PRETO,ESTADUAL,2.0,1.0,0.0,0.0,0.0,0.0,0.0,0.0,0.0,0.0,0.0,0.0,0.0,0.0,0.0,0.0
2026-05-23T00:00:00,17:02:54,L01-AUTOBAN,SP330,67.0,NORTE,-23.130400247867,-46.95047557354,CHOQUE,CHOQUE-TALUDE/BARRANCO,NÃO INFORMADO,0,0,0,0,JUNDIAÍ,CAMPINAS,CAMPINAS,ESTADUAL,1.0,0.0,0.0,0.0,0.0,0.0,0.0,0.0,0.0,0.0,0.0,0.0,0.0,0.0,0.0,0.0
2026-05-23T00:00:00,17:31:28,L01-AUTOBAN,SP330,25.0,SUL,-23.42658,-46.787612,TOMBAMENTO,TOMBAMENTO-MOTO,NÃO INFORMADO,0,1,0,0,SÃO PAULO,REG. METROPOLITANA SÃO PAULO,SÃO PAULO,ESTADUAL,0.0,0.0,1.0,0.0,0.0,0.0,0.0,0.0,0.0,0.0,0.0,0.0,0.0,0.0,0.0,0.0
2026-05-23T00:00:00,17:56:01,L01-AUTOBAN,SP330,99.0,NORTE,-22.887730245676,-47.113253474236,COLISÃO,COLISÃO-TRASEIRA,NÃO INFORMADO,1,0,0,0,CAMPINAS,CAMPINAS,CAMPINAS,ESTADUAL,1.0,0.0,1.0,0.0,0.0,0.0,0.0,0.0,0.0,0.0,0.0,0.0,0.0,0.0,0.0,0.0
2026-05-23T00:00:00,19:46:47,L01-AUTOBAN,SP330,71.0,NORTE,-23.097521444929,-46.968086957932,CHOQUE,CHOQUE-DEFENSA/BARREIRA,NÃO INFORMADO,0,0,0,0,LOUVEIRA,CAMPINAS,CAMPINAS,ESTADUAL,1.0,0.0,0.0,0.0,0.0,0.0,0.0,0.0,0.0,0.0,0.0,0.0,0.0,0.0,0.0,0.0
2026-05-23T00:00:00,20:14:33,L01-AUTOBAN,SP330,11.46,NORTE,-23.510308819155,-46.728911022024,CHOQUE,CHOQUE-DEFENSA/BARREIRA,NÃO INFORMADO,2,0,0,0,SÃO PAULO,REG. METROPOLITANA SÃO PAULO,SÃO PAULO,ESTADUAL,1.0,0.0,0.0,0.0,0.0,0.0,0.0,0.0,0.0,0.0,0.0,0.0,0.0,0.0,0.0,0.0
2026-05-23T00:00:00,21:00:45,L01-AUTOBAN,SP330,116.5,SUL,-22.779343150072,-47.232965758724,ENGAVETAMENTO,ENGAVETAMENTO,NÃO INFORMADO,3,0,0,0,NOVA ODESSA,CAMPINAS,RIO CLARO,ESTADUAL,3.0,0.0,0.0,0.0,0.0,0.0,0.0,0.0,0.0,0.0,0.0,0.0,0.0,0.0,0.0,0.0
2026-05-23T00:00:00,21:33:00,L28-ENTREVIAS,SP330,362.0,SUL,-20.75527786110506,-47.89263588935231,CHOQUE,CHOQUE-OBJETO NA PISTA,OBJETO NA PISTA,0,0,0,0,ORLÂNDIA,FRANCA,RIBEIRÃO PRETO,ESTADUAL,2.0,0.0,0.0,0.0,0.0,0.0,0.0,0.0,0.0,0.0,0.0,0.0,0.0,0.0,0.0,0.0
2026-05-24T00:00:00,03:01:03,L01-AUTOBAN,SP330,109.1,NORTE,-22.827369459919,-47.183884637398,CHOQUE,OUTROS/NÃO CLASSIFICADO,NÃO INFORMADO,0,0,0,0,SUMARÉ,CAMPINAS,CAMPINAS,ESTADUAL,1.0,0.0,0.0,0.0,0.0,0.0,0.0,0.0,0.0,0.0,0.0,0.0,0.0,0.0,0.0,0.0
2026-05-24T00:00:00,03:48:26,L29-VIAPAULISTA,SP330,312.224,NORTE,-21.16329746,-47.75613937,CHOQUE,CHOQUE-DEFENSA/BARREIRA,IMPRUD. CONDUTOR,1,0,0,0,RIBEIRÃO PRETO,RIBEIRÃO PRETO,RIBEIRÃO PRETO,ESTADUAL,1.0,0.0,0.0,0.0,0.0,0.0,0.0,0.0,0.0,0.0,0.0,0.0,0.0,0.0,0.0,0.0
2026-05-24T00:00:00,05:31:11,L29-VIAPAULISTA,SP330,317.0,NORTE,-21.12372256,-47.7722362,COLISÃO,COLISÃO-LATERAL,IMPRUD. CONDUTOR,0,0,0,0,RIBEIRÃO PRETO,RIBEIRÃO PRETO,RIBEIRÃO PRETO,ESTADUAL,1.0,1.0,0.0,0.0,0.0,0.0,0.0,0.0,0.0,0.0,0.0,0.0,0.0,0.0,0.0,0.0
2026-05-24T00:00:00,08:55:30,L06-INTERVIAS,SP330,186.327,SUL,-22.20795959,-47.39473226,CHOQUE,CHOQUE-DEFENSA/BARREIRA,IMPRUD. CONDUTOR-PERDA DE CONTROLE,1,0,0,0,LEME,CAMPINAS,RIO CLARO,ESTADUAL,1.0,0.0,0.0,0.0,1.0,0.0,0.0,0.0,0.0,0.0,0.0,0.0,0.0,0.0,0.0,0.0
2026-05-24T00:00:00,10:27:07,L01-AUTOBAN,SPM330D,103.0,NORTE,-22.862197108808,-47.13924407959,TOMBAMENTO,TOMBAMENTO-MOTO,NÃO INFORMADO,2,0,0,0,CAMPINAS,CAMPINAS,CAMPINAS,ESTADUAL,0.0,0.0,1.0,0.0,0.0,0.0,0.0,0.0,0.0,0.0,0.0,0.0,0.0,0.0,0.0,0.0
2026-05-24T00:00:00,11:20:30,L01-AUTOBAN,SP330,15.5,SUL,-23.497092587879,-46.756766438484,COLISÃO,COLISÃO-TRASEIRA,NÃO INFORMADO,0,0,0,0,SÃO PAULO,REG. METROPOLITANA SÃO PAULO,SÃO PAULO,ESTADUAL,1.0,0.0,0.0,0.0,0.0,0.0,0.0,0.0,0.0,0.0,0.0,0.0,0.0,0.0,0.0,0.0
2026-05-24T00:00:00,11:53:29,L01-AUTOBAN,SP330,21.5,SUL,-23.457013849312,-46.784047186375,COLISÃO,COLISÃO-TRASEIRA,NÃO INFORMADO,0,1,0,0,SÃO PAULO,REG. METROPOLITANA SÃO PAULO,SÃO PAULO,ESTADUAL,0.0,0.0,2.0,0.0,0.0,0.0,0.0,0.0,0.0,0.0,0.0,0.0,0.0,0.0,0.0,0.0
2026-05-24T00:00:00,11:55:47,L01-AUTOBAN,SP330,72.7,NORTE,-23.084859421789,-46.976346038081,COLISÃO,COLISÃO-LATERAL,NÃO INFORMADO,0,2,0,0,LOUVEIRA,CAMPINAS,CAMPINAS,ESTADUAL,1.0,0.0,1.0,0.0,0.0,0.0,0.0,0.0,0.0,0.0,0.0,0.0,0.0,0.0,0.0,0.0
2026-05-24T00:00:00,14:55:25,L28-ENTREVIAS,SP330,326.67,SUL,-21.06397259029118,-47.8168615453245,CHOQUE,CHOQUE-DEFENSA/BARREIRA,IMPRUD. CONDUTOR-LEVOU FECHADA,1,0,0,0,JARDINÓPOLIS,RIBEIRÃO PRETO,RIBEIRÃO PRETO,ESTADUAL,1.0,1.0,0.0,0.0,0.0,0.0,0.0,0.0,0.0,0.0,0.0,0.0,0.0,0.0,0.0,0.0
2026-05-25T00:00:00,04:26:47,L29-VIAPAULISTA,SP330,242.1,NORTE,-21.74893604,-47.57201676,COLISÃO,COLISÃO-TRASEIRA,IMPRUD. CONDUTOR,0,0,0,0,SANTA RITA DO PASSA QUATRO,CENTRAL,RIBEIRÃO PRETO,ESTADUAL,1.0,0.0,0.0,0.0,0.0,0.0,0.0,0.0,0.0,0.0,0.0,0.0,0.0,0.0,0.0,0.0
2026-05-25T00:00:00,04:32:41,L01-AUTOBAN,SP330,73.0,NORTE,-23.082476,-46.977897,COLISÃO,COLISÃO-TRASEIRA,NÃO INFORMADO,0,0,0,0,LOUVEIRA,CAMPINAS,CAMPINAS,ESTADUAL,0.0,0.0,0.0,1.0,1.0,0.0,0.0,0.0,0.0,0.0,0.0,0.0,0.0,0.0,0.0,0.0
2026-05-25T00:00:00,05:05:48,L01-AUTOBAN,SP330,31.0,SUL,-23.40154396685,-46.836969852448,CHOQUE,CHOQUE-DEFENSA/BARREIRA,NÃO INFORMADO,1,0,0,0,CAJAMAR,REG. METROPOLITANA SÃO PAULO,SÃO PAULO,ESTADUAL,1.0,0.0,0.0,0.0,0.0,0.0,0.0,0.0,0.0,0.0,0.0,0.0,0.0,0.0,0.0,0.0
2026-05-25T00:00:00,05:43:31,L01-AUTOBAN,SP330,71.5,NORTE,-23.093971051705,-46.970407068729,ENGAVETAMENTO,ENGAVETAMENTO,NÃO INFORMADO,0,1,0,0,LOUVEIRA,CAMPINAS,CAMPINAS,ESTADUAL,6.0,0.0,0.0,0.0,1.0,0.0,0.0,0.0,1.0,0.0,0.0,0.0,0.0,0.0,0.0,0.0
2026-05-25T00:00:00,06:34:01,L01-AUTOBAN,SP330,23.0,SUL,-23.444260270505,-46.78705394268,ENGAVETAMENTO,ENGAVETAMENTO,NÃO INFORMADO,2,0,0,0,SÃO PAULO,REG. METROPOLITANA SÃO PAULO,SÃO PAULO,ESTADUAL,0.0,0.0,0.0,3.0,0.0,0.0,0.0,0.0,0.0,0.0,0.0,0.0,0.0,0.0,0.0,0.0
2026-05-25T00:00:00,06:39:18,L01-AUTOBAN,SP330,109.4,SUL,-22.82570098097,-47.187556221294,COLISÃO,COLISÃO-TRASEIRA,NÃO INFORMADO,1,0,0,0,SUMARÉ,CAMPINAS,CAMPINAS,ESTADUAL,0.0,1.0,1.0,0.0,0.0,0.0,0.0,0.0,0.0,0.0,0.0,0.0,0.0,0.0,0.0,0.0
2026-05-25T00:00:00,08:19:35,L01-AUTOBAN,SP330,111.0,NORTE,-22.817707777076,-47.201734185219,TOMBAMENTO,TOMBAMENTO-MOTO,NÃO INFORMADO,1,0,0,0,SUMARÉ,CAMPINAS,CAMPINAS,ESTADUAL,0.0,0.0,1.0,0.0,0.0,0.0,0.0,0.0,0.0,0.0,0.0,0.0,0.0,0.0,0.0,0.0
2026-05-25T00:00:00,08:23:52,L06-INTERVIAS,SP330,227.5,SUL,-21.84985386,-47.49515137,CHOQUE,CHOQUE-SINALIZAÇÃO/EQUIPAMENTO,IMPRUD. CONDUTOR-LEVOU FECHADA,0,0,0,0,PORTO FERREIRA,CENTRAL,RIO CLARO,ESTADUAL,1.0,1.0,0.0,0.0,0.0,0.0,0.0,0.0,0.0,0.0,0.0,0.0,0.0,0.0,0.0,0.0
2026-05-25T00:00:00,09:27:09,L01-AUTOBAN,SP330,138.4,NORTE,-22.62134951832,-47.34526344424,COLISÃO,COLISÃO-TRASEIRA,NÃO INFORMADO,0,0,0,0,LIMEIRA,CAMPINAS,RIO CLARO,ESTADUAL,1.0,1.0,0.0,0.0,0.0,0.0,0.0,0.0,0.0,0.0,0.0,0.0,0.0,0.0,0.0,0.0
2026-05-25T00:00:00,09:45:38,L01-AUTOBAN,SP330,103.0,NORTE,-22.862197108808,-47.13924407959,COLISÃO,COLISÃO-TRASEIRA,NÃO INFORMADO,2,0,0,0,CAMPINAS,CAMPINAS,CAMPINAS,ESTADUAL,2.0,0.0,0.0,0.0,0.0,0.0,0.0,0.0,0.0,0.0,0.0,0.0,0.0,0.0,0.0,0.0
2026-05-25T00:00:00,09:49:00,L01-AUTOBAN,SP330,138.4,NORTE,-22.62134951832,-47.34526344424,ENGAVETAMENTO,ENGAVETAMENTO,NÃO INFORMADO,1,0,0,0,LIMEIRA,CAMPINAS,RIO CLARO,ESTADUAL,3.0,1.0,0.0,0.0,0.0,0.0,0.0,0.0,0.0,0.0,0.0,0.0,0.0,0.0,0.0,0.0
2026-05-25T00:00:00,09:59:44,L01-AUTOBAN,SP330,138.4,NORTE,-22.62134951832,-47.34526344424,COLISÃO,COLISÃO-TRASEIRA,NÃO INFORMADO,0,0,0,0,LIMEIRA,CAMPINAS,RIO CLARO,ESTADUAL,0.0,1.0,0.0,1.0,0.0,0.0,0.0,0.0,0.0,0.0,0.0,0.0,0.0,0.0,0.0,0.0
2026-05-25T00:00:00,10:33:33,L01-AUTOBAN,SP330,103.0,NORTE,-22.862197108808,-47.13924407959,COLISÃO,COLISÃO-LATERAL,NÃO INFORMADO,0,0,0,0,CAMPINAS,CAMPINAS,CAMPINAS,ESTADUAL,1.0,0.0,0.0,0.0,1.0,0.0,0.0,0.0,0.0,0.0,0.0,0.0,0.0,0.0,0.0,0.0
2026-05-25T00:00:00,15:29:21,L01-AUTOBAN,SP330,106.0,NORTE,-22.846507,-47.164055,COLISÃO,COLISÃO-LATERAL,NÃO INFORMADO,0,0,1,0,SUMARÉ,CAMPINAS,CAMPINAS,ESTADUAL,1.0,0.0,1.0,0.0,0.0,0.0,0.0,0.0,0.0,0.0,0.0,0.0,0.0,0.0,0.0,0.0
2026-05-25T00:00:00,15:33:40,L01-AUTOBAN,SP330,11.46,NORTE,-23.510308819155,-46.728911022024,COLISÃO,COLISÃO-TRASEIRA,NÃO INFORMADO,0,0,0,1,SÃO PAULO,REG. METROPOLITANA SÃO PAULO,SÃO PAULO,ESTADUAL,1.0,0.0,1.0,0.0,1.0,0.0,0.0,0.0,0.0,0.0,0.0,0.0,0.0,0.0,0.0,0.0
2026-05-25T00:00:00,17:46:02,L01-AUTOBAN,SP330,64.0,SUL,-23.15363355799,-46.935653686523,TOMBAMENTO,TOMBAMENTO-MOTO,NÃO INFORMADO,0,0,0,0,JUNDIAÍ,CAMPINAS,CAMPINAS,ESTADUAL,0.0,1.0,1.0,0.0,0.0,0.0,0.0,0.0,0.0,0.0,0.0,0.0,0.0,0.0,0.0,0.0
2026-05-25T00:00:00,17:57:32,L01-AUTOBAN,SPM330D,55.0,NORTE,-23.216200395138,-46.883779764175,COLISÃO,COLISÃO-TRASEIRA,NÃO INFORMADO,0,1,0,0,JUNDIAÍ,CAMPINAS,CAMPINAS,ESTADUAL,1.0,0.0,1.0,0.0,0.0,0.0,0.0,0.0,0.0,0.0,0.0,0.0,0.0,0.0,0.0,0.0
2026-05-25T00:00:00,18:38:00,L28-ENTREVIAS,SP330,360.941,NORTE,-20.77172110433272,-47.8915130667888,COLISÃO,COLISÃO-TRASEIRA,IMPRUD. CONDUTOR-FALTA DE ATENÇÃO,0,0,0,0,ORLÂNDIA,FRANCA,RIBEIRÃO PRETO,ESTADUAL,0.0,0.0,0.0,0.0,2.0,0.0,0.0,0.0,0.0,0.0,0.0,0.0,0.0,0.0,0.0,0.0
2026-05-26T00:00:00,04:58:31,L01-AUTOBAN,SP330,103.0,SUL,-22.862525,-47.139454,TOMBAMENTO,TOMBAMENTO-MOTO,NÃO INFORMADO,2,0,0,0,CAMPINAS,CAMPINAS,CAMPINAS,ESTADUAL,0.0,0.0,1.0,0.0,0.0,0.0,0.0,0.0,0.0,0.0,0.0,0.0,0.0,0.0,0.0,0.0
2026-05-26T00:00:00,07:37:15,L01-AUTOBAN,SP330,92.0,SUL,-22.935126302733,-47.071105241776,COLISÃO,COLISÃO-TRASEIRA,NÃO INFORMADO,0,0,0,0,CAMPINAS,CAMPINAS,CAMPINAS,ESTADUAL,2.0,0.0,0.0,0.0,0.0,0.0,0.0,0.0,0.0,0.0,0.0,0.0,0.0,0.0,0.0,0.0
2026-05-26T00:00:00,17:20:53,L01-AUTOBAN,SP330,12.8,NORTE,-23.508162121165,-46.738555254893,ENGAVETAMENTO,ENGAVETAMENTO,NÃO INFORMADO,0,0,0,0,SÃO PAULO,REG. METROPOLITANA SÃO PAULO,SÃO PAULO,ESTADUAL,1.0,0.0,0.0,0.0,2.0,0.0,0.0,0.0,0.0,0.0,0.0,0.0,0.0,0.0,0.0,0.0
2026-05-26T00:00:00,17:44:35,L01-AUTOBAN,SP330,96.0,SUL,-22.911795994388,-47.101387381554,COLISÃO,COLISÃO-TRASEIRA,NÃO INFORMADO,1,0,0,0,CAMPINAS,CAMPINAS,CAMPINAS,ESTADUAL,1.0,0.0,1.0,0.0,0.0,0.0,0.0,0.0,0.0,0.0,0.0,0.0,0.0,0.0,0.0,0.0
2026-05-26T00:00:00,17:58:10,L29-VIAPAULISTA,SP330,311.94,NORTE,-21.17348331,-47.75654038,ENGAVETAMENTO,ENGAVETAMENTO,IMPRUD. CONDUTOR,1,0,0,0,RIBEIRÃO PRETO,RIBEIRÃO PRETO,RIBEIRÃO PRETO,ESTADUAL,4.0,0.0,0.0,1.0,2.0,0.0,1.0,0.0,0.0,0.0,0.0,0.0,0.0,0.0,0.0,0.0
2026-05-26T00:00:00,17:58:23,L01-AUTOBAN,SP330,40.9,SUL,-23.3240115102,-46.846357596442,ATROPELAMENTO DE PEDESTRE,ATROP. PEDESTRE-OUTROS,NÃO INFORMADO,0,0,1,0,CAJAMAR,REG. METROPOLITANA SÃO PAULO,SÃO PAULO,ESTADUAL,1.0,0.0,0.0,0.0,1.0,0.0,0.0,1.0,0.0,0.0,0.0,0.0,0.0,0.0,0.0,0.0
2026-05-26T00:00:00,18:11:57,L01-AUTOBAN,SP330,97.0,SUL,-22.904379059715,-47.107846140862,TOMBAMENTO,TOMBAMENTO,NÃO INFORMADO,0,1,0,0,CAMPINAS,CAMPINAS,CAMPINAS,ESTADUAL,0.0,0.0,1.0,0.0,0.0,0.0,0.0,0.0,0.0,0.0,0.0,0.0,0.0,0.0,0.0,0.0
2026-05-26T00:00:00,20:00:02,L01-AUTOBAN,SPI102/330,1.0,SUL,-22.872591839682,-47.131857275963,COLISÃO,COLISÃO-LATERAL,NÃO INFORMADO,0,0,0,0,CAMPINAS,CAMPINAS,CAMPINAS,ESTADUAL,1.0,0.0,0.0,0.0,1.0,0.0,0.0,0.0,0.0,0.0,0.0,0.0,0.0,0.0,0.0,0.0
2026-05-27T00:00:00,06:48:01,L01-AUTOBAN,SP330,104.0,SUL,-22.857076064557,-47.148749828339,COLISÃO,COLISÃO-LATERAL,NÃO INFORMADO,1,0,0,0,CAMPINAS,CAMPINAS,CAMPINAS,ESTADUAL,0.0,0.0,2.0,0.0,0.0,0.0,0.0,0.0,0.0,0.0,0.0,0.0,0.0,0.0,0.0,0.0
2026-05-27T00:00:00,07:21:22,L01-AUTOBAN,SP330,82.5,SUL,-23.009495004474,-47.025671303272,TOMBAMENTO,TOMBAMENTO,NÃO INFORMADO,1,0,0,0,VALINHOS,CAMPINAS,CAMPINAS,ESTADUAL,0.0,0.0,1.0,0.0,0.0,0.0,0.0,0.0,0.0,0.0,0.0,0.0,0.0,0.0,0.0,0.0
2026-05-27T00:00:00,07:52:12,L29-VIAPAULISTA,SP330,318.333,SUL,-21.11441864,-47.77908043,TOMBAMENTO,TOMBAMENTO,IMPRUD. CONDUTOR-PERDA DE CONTROLE,1,0,0,0,RIBEIRÃO PRETO,RIBEIRÃO PRETO,RIBEIRÃO PRETO,ESTADUAL,0.0,0.0,1.0,0.0,0.0,0.0,0.0,0.0,0.0,0.0,0.0,0.0,0.0,0.0,0.0,0.0
2026-05-27T00:00:00,08:16:07,L29-VIAPAULISTA,SP330,310.926,SUL,-21.17585492,-47.7567954,COLISÃO,COLISÃO-TRASEIRA,IMPRUD. CONDUTOR-LEVOU FECHADA,1,0,0,0,RIBEIRÃO PRETO,RIBEIRÃO PRETO,RIBEIRÃO PRETO,ESTADUAL,1.0,0.0,1.0,0.0,0.0,0.0,0.0,0.0,0.0,0.0,0.0,0.0,0.0,0.0,0.0,0.0
2026-05-27T00:00:00,08:17:13,L01-AUTOBAN,SP330,109.0,SUL,-22.827506,-47.184259,ENGAVETAMENTO,ENGAVETAMENTO,NÃO INFORMADO,0,0,0,0,SUMARÉ,CAMPINAS,CAMPINAS,ESTADUAL,3.0,0.0,0.0,0.0,0.0,0.0,0.0,0.0,0.0,0.0,0.0,0.0,0.0,0.0,0.0,0.0
2026-05-27T00:00:00,08:57:48,L06-INTERVIAS,SP330,215.4,NORTE,-21.95461857,-47.46028643,TOMBAMENTO,TOMBAMENTO,NÃO INFORMADO,0,0,0,0,PIRASSUNUNGA,CAMPINAS,RIO CLARO,ESTADUAL,0.0,0.0,1.0,0.0,0.0,0.0,0.0,0.0,0.0,0.0,0.0,0.0,0.0,0.0,0.0,0.0
2026-05-27T00:00:00,10:44:08,L01-AUTOBAN,SP330,51.0,NORTE,-23.247921,-46.865964,COLISÃO,COLISÃO-TRASEIRA,NÃO INFORMADO,0,0,0,0,JUNDIAÍ,CAMPINAS,CAMPINAS,ESTADUAL,2.0,0.0,0.0,0.0,0.0,0.0,0.0,0.0,0.0,0.0,0.0,0.0,0.0,0.0,0.0,0.0
2026-05-27T00:00:00,15:26:40,L01-AUTOBAN,SPM330E,54.0,SUL,-23.223269868853,-46.877589225769,COLISÃO,COLISÃO-TRASEIRA,NÃO INFORMADO,0,0,0,0,JUNDIAÍ,CAMPINAS,CAMPINAS,ESTADUAL,0.0,0.0,0.0,0.0,2.0,0.0,0.0,0.0,0.0,0.0,0.0,0.0,0.0,0.0,0.0,0.0
2026-05-27T00:00:00,17:41:02,L01-AUTOBAN,SP330,82.84,NORTE,-23.006674169517,-47.027056270017,COLISÃO,COLISÃO-LATERAL,NÃO INFORMADO,1,1,0,0,VALINHOS,CAMPINAS,CAMPINAS,ESTADUAL,0.0,0.0,2.0,0.0,0.0,0.0,0.0,0.0,0.0,0.0,0.0,0.0,0.0,0.0,0.0,0.0
2026-05-27T00:00:00,19:34:49,L01-AUTOBAN,SP330,82.84,NORTE,-23.006674169517,-47.027056270017,COLISÃO,COLISÃO-TRASEIRA,NÃO INFORMADO,1,1,0,0,VALINHOS,CAMPINAS,CAMPINAS,ESTADUAL,2.0,0.0,1.0,0.0,0.0,0.0,0.0,0.0,0.0,0.0,0.0,0.0,0.0,0.0,0.0,0.0
2026-05-27T00:00:00,20:20:52,L01-AUTOBAN,SP330,104.5,SUL,-22.854582181449,-47.152767777443,CHOQUE,CHOQUE-DEFENSA/BARREIRA,NÃO INFORMADO,0,0,0,0,CAMPINAS,CAMPINAS,CAMPINAS,ESTADUAL,1.0,0.0,0.0,0.0,0.0,0.0,0.0,0.0,0.0,0.0,0.0,0.0,0.0,0.0,0.0,0.0
2026-05-27T00:00:00,21:32:52,L01-AUTOBAN,SP330,12.5,SUL,-23.508817966416,-46.735225617886,ATROPELAMENTO DE PEDESTRE,ATROP. PEDESTRE-OUTROS,NÃO INFORMADO,0,0,0,1,SÃO PAULO,REG. METROPOLITANA SÃO PAULO,SÃO PAULO,ESTADUAL,1.0,0.0,0.0,0.0,0.0,0.0,0.0,1.0,0.0,0.0,0.0,0.0,0.0,0.0,0.0,0.0
2026-05-28T00:00:00,03:07:28,L01-AUTOBAN,SPM330D,56.0,NORTE,-23.210900509412,-46.891751289368,CHOQUE,OUTROS/NÃO CLASSIFICADO,NÃO INFORMADO,0,0,0,0,JUNDIAÍ,CAMPINAS,CAMPINAS,ESTADUAL,1.0,0.0,0.0,0.0,0.0,0.0,0.0,0.0,0.0,0.0,0.0,0.0,0.0,0.0,0.0,0.0
2026-05-28T00:00:00,05:55:23,L01-AUTOBAN,SP330,146.0,NORTE,-22.560678,-47.366217,COLISÃO,COLISÃO-LATERAL,NÃO INFORMADO,0,0,0,0,LIMEIRA,CAMPINAS,RIO CLARO,ESTADUAL,1.0,0.0,0.0,0.0,1.0,0.0,0.0,0.0,0.0,0.0,0.0,0.0,0.0,0.0,0.0,0.0
2026-05-28T00:00:00,07:05:05,L01-AUTOBAN,SPM330E,106.0,SUL,-22.846779018086,-47.164285182953,COLISÃO,COLISÃO-TRASEIRA,NÃO INFORMADO,0,1,0,0,SUMARÉ,CAMPINAS,CAMPINAS,ESTADUAL,1.0,0.0,1.0,0.0,0.0,0.0,0.0,0.0,0.0,0.0,0.0,0.0,0.0,0.0,0.0,0.0
2026-05-28T00:00:00,07:33:11,L28-ENTREVIAS,SP330,375.92,SUL,-20.62996703455516,-47.8822811696939,COLISÃO,COLISÃO-TRASEIRA,IMPRUD. CONDUTOR-DORMIR AO VOLANTE,0,0,0,0,SÃO JOAQUIM DA BARRA,FRANCA,RIBEIRÃO PRETO,ESTADUAL,0.0,0.0,0.0,0.0,1.0,0.0,0.0,0.0,0.0,0.0,1.0,0.0,0.0,0.0,0.0,0.0
2026-05-28T00:00:00,07:38:35,L01-AUTOBAN,SPM330E,103.0,SUL,-22.862525,-47.139454,COLISÃO,COLISÃO-TRASEIRA,NÃO INFORMADO,0,0,0,0,CAMPINAS,CAMPINAS,CAMPINAS,ESTADUAL,2.0,0.0,0.0,0.0,0.0,0.0,0.0,0.0,0.0,0.0,0.0,0.0,0.0,0.0,0.0,0.0
2026-05-28T00:00:00,08:54:52,L01-AUTOBAN,SP330,60.0,NORTE,-23.18100028702,-46.911460161209,COLISÃO,COLISÃO-TRASEIRA,NÃO INFORMADO,1,0,0,0,JUNDIAÍ,CAMPINAS,CAMPINAS,ESTADUAL,0.0,0.0,1.0,1.0,0.0,0.0,0.0,0.0,0.0,0.0,0.0,0.0,0.0,0.0,0.0,0.0
2026-05-28T00:00:00,10:09:21,L01-AUTOBAN,SP330,111.0,NORTE,-22.817707777076,-47.201734185219,COLISÃO,COLISÃO-TRASEIRA,NÃO INFORMADO,0,1,0,0,SUMARÉ,CAMPINAS,CAMPINAS,ESTADUAL,0.0,0.0,0.0,1.0,1.0,0.0,0.0,0.0,0.0,0.0,0.0,0.0,0.0,0.0,0.0,0.0
2026-05-28T00:00:00,11:03:55,L01-AUTOBAN,SP330,50.0,SUL,-23.256857077892,-46.867477297783,TOMBAMENTO,TOMBAMENTO,NÃO INFORMADO,1,0,0,0,JUNDIAÍ,CAMPINAS,CAMPINAS,ESTADUAL,0.0,0.0,0.0,0.0,1.0,0.0,0.0,0.0,0.0,0.0,0.0,0.0,0.0,0.0,0.0,0.0
2026-05-28T00:00:00,11:18:36,L06-INTERVIAS,SP330,163.8,SUL,-22.40904694,-47.3900911,COLISÃO,COLISÃO-TRASEIRA,IMPRUD. CONDUTOR,0,0,0,0,ARARAS,CAMPINAS,RIO CLARO,ESTADUAL,0.0,0.0,0.0,2.0,0.0,0.0,0.0,0.0,0.0,0.0,0.0,0.0,0.0,0.0,0.0,0.0
2026-05-28T00:00:00,12:54:00,L28-ENTREVIAS,SP330,332.755,SUL,-21.01489556827631,-47.84304992526802,CHOQUE,CHOQUE-DEFENSA/BARREIRA,PANE MECÂNICA/ELÉTRICA,0,0,0,0,JARDINÓPOLIS,RIBEIRÃO PRETO,RIBEIRÃO PRETO,ESTADUAL,0.0,0.0,0.0,0.0,1.0,0.0,0.0,0.0,0.0,0.0,0.0,0.0,0.0,0.0,0.0,0.0
2026-05-28T00:00:00,14:35:58,L28-ENTREVIAS,SP330,430.53,NORTE,-20.16189103664962,-47.78845301795199,COLISÃO,COLISÃO-TRASEIRA,IMPRUD. CONDUTOR-FALTA DE ATENÇÃO,0,0,0,0,ARAMINA,FRANCA,RIBEIRÃO PRETO,ESTADUAL,0.0,0.0,0.0,0.0,0.0,0.0,0.0,0.0,0.0,0.0,2.0,0.0,0.0,0.0,0.0,0.0
2026-05-28T00:00:00,15:16:24,L01-AUTOBAN,SPM330D,52.9,NORTE,-23.231583510272,-46.872554012409,COLISÃO,COLISÃO-LATERAL,NÃO INFORMADO,5,1,0,0,JUNDIAÍ,CAMPINAS,CAMPINAS,ESTADUAL,2.0,0.0,0.0,0.0,0.0,0.0,0.0,0.0,0.0,0.0,0.0,0.0,0.0,0.0,0.0,0.0
2026-05-28T00:00:00,16:04:21,L29-VIAPAULISTA,SP330,302.727,NORTE,-21.24856997,-47.75615393,COLISÃO,COLISÃO-LATERAL,IMPRUD. CONDUTOR-DESRESPEITO À SINALIZAÇÃO,1,0,0,0,RIBEIRÃO PRETO,RIBEIRÃO PRETO,RIBEIRÃO PRETO,ESTADUAL,0.0,0.0,1.0,0.0,1.0,0.0,0.0,0.0,0.0,0.0,0.0,0.0,0.0,0.0,0.0,0.0
2026-05-28T00:00:00,17:00:34,L01-AUTOBAN,SP330,108.8,NORTE,-22.828416374739,-47.182534953554,CHOQUE,CHOQUE-VEÍCULO PARADO NO ACOSTAMENTO,NÃO INFORMADO,0,0,1,0,SUMARÉ,CAMPINAS,CAMPINAS,ESTADUAL,1.0,0.0,1.0,0.0,0.0,0.0,0.0,0.0,0.0,0.0,0.0,0.0,0.0,0.0,0.0,0.0
2026-05-28T00:00:00,17:13:05,L06-INTERVIAS,SP330,182.0,NORTE,-22.24682617,-47.39010872,COLISÃO,COLISÃO-LATERAL,IMPRUD. CONDUTOR,1,0,0,0,LEME,CAMPINAS,RIO CLARO,ESTADUAL,1.0,1.0,0.0,0.0,0.0,0.0,0.0,0.0,0.0,0.0,0.0,0.0,0.0,0.0,0.0,0.0
2026-05-28T00:00:00,22:45:29,L01-AUTOBAN,SP330,135.7,SUL,-22.640815025208,-47.329111489059,COLISÃO,COLISÃO-TRASEIRA,NÃO INFORMADO,0,0,1,0,LIMEIRA,CAMPINAS,RIO CLARO,ESTADUAL,0.0,0.0,0.0,0.0,2.0,0.0,0.0,0.0,0.0,0.0,0.0,0.0,0.0,0.0,0.0,0.0
2026-05-29T00:00:00,04:37:05,L01-AUTOBAN,SP330,18.0,NORTE,-23.482416628034,-46.770944595337,COLISÃO,COLISÃO-TRASEIRA,NÃO INFORMADO,0,0,0,0,OSASCO,REG. METROPOLITANA SÃO PAULO,SÃO PAULO,ESTADUAL,1.0,0.0,0.0,1.0,0.0,0.0,0.0,0.0,0.0,0.0,0.0,0.0,0.0,0.0,0.0,0.0
2026-05-29T00:00:00,04:38:09,L06-INTERVIAS,SP330,188.2,SUL,-22.19129494,-47.39779588,ATROPELAMENTO DE ANIMAL,ATROP. ANIMAL-OUTROS,ANIMAL NA RODOVIA,0,0,0,0,LEME,CAMPINAS,RIO CLARO,ESTADUAL,1.0,0.0,0.0,0.0,0.0,0.0,0.0,0.0,0.0,0.0,0.0,0.0,0.0,0.0,0.0,0.0
2026-05-29T00:00:00,05:55:18,L01-AUTOBAN,SP330,130.0,NORTE,-22.688151736561,-47.310664057732,CHOQUE,CHOQUE-VEÍCULO PARADO NO ACOSTAMENTO,NÃO INFORMADO,0,1,0,0,AMERICANA,CAMPINAS,RIO CLARO,ESTADUAL,0.0,0.0,0.0,0.0,2.0,0.0,0.0,0.0,0.0,0.0,0.0,0.0,0.0,0.0,0.0,0.0
2026-05-29T00:00:00,06:45:43,L01-AUTOBAN,SPM330D,96.0,NORTE,-22.911450110385,-47.101403474808,COLISÃO,COLISÃO-TRASEIRA,NÃO INFORMADO,1,0,0,0,CAMPINAS,CAMPINAS,CAMPINAS,ESTADUAL,2.0,0.0,0.0,0.0,0.0,0.0,0.0,0.0,0.0,0.0,0.0,0.0,0.0,0.0,0.0,0.0
2026-05-29T00:00:00,07:27:41,L06-INTERVIAS,SP330,167.5,SUL,-22.3762878,-47.39471648,CHOQUE,CHOQUE-DEFENSA/BARREIRA,IMPRUD. CONDUTOR-LEVOU FECHADA,0,0,0,0,ARARAS,CAMPINAS,RIO CLARO,ESTADUAL,1.0,1.0,0.0,0.0,0.0,0.0,0.0,0.0,0.0,0.0,0.0,0.0,0.0,0.0,0.0,0.0
2026-05-29T00:00:00,07:46:14,L01-AUTOBAN,SP330,132.0,NORTE,-22.670605317032,-47.313340902329,ATROPELAMENTO DE ANIMAL,ATROP. ANIMAL-OUTROS,NÃO INFORMADO,0,0,0,0,LIMEIRA,CAMPINAS,RIO CLARO,ESTADUAL,0.0,0.0,1.0,0.0,0.0,0.0,0.0,0.0,0.0,0.0,0.0,0.0,0.0,0.0,0.0,0.0
2026-05-29T00:00:00,07:46:28,L01-AUTOBAN,SPM330E,110.0,SUL,-22.82299346964,-47.19250202179,COLISÃO,COLISÃO-LATERAL,NÃO INFORMADO,1,0,0,0,SUMARÉ,CAMPINAS,CAMPINAS,ESTADUAL,1.0,0.0,1.0,0.0,0.0,0.0,0.0,0.0,0.0,0.0,0.0,0.0,0.0,0.0,0.0,0.0
2026-05-29T00:00:00,07:58:29,L01-AUTOBAN,SP330,148.0,SUL,-22.545538,-47.37616,CHOQUE,CHOQUE-ÁRVORE,NÃO INFORMADO,0,0,0,0,LIMEIRA,CAMPINAS,RIO CLARO,ESTADUAL,1.0,0.0,0.0,0.0,0.0,0.0,0.0,0.0,0.0,0.0,0.0,0.0,0.0,0.0,0.0,0.0
2026-05-29T00:00:00,08:17:39,L29-VIAPAULISTA,SP330,309.426,SUL,-21.18817411,-47.75744409,COLISÃO,COLISÃO-TRASEIRA,IMPRUD. CONDUTOR-DIST. INADEQUADA ENTRE VEÍC.,1,0,0,0,RIBEIRÃO PRETO,RIBEIRÃO PRETO,RIBEIRÃO PRETO,ESTADUAL,0.0,0.0,1.0,1.0,0.0,0.0,0.0,0.0,0.0,0.0,0.0,0.0,0.0,0.0,0.0,0.0
2026-05-29T00:00:00,08:32:44,L01-AUTOBAN,SP330,76.0,NORTE,-23.060072,-46.994586,CHOQUE,CHOQUE-DEFENSA/BARREIRA,NÃO INFORMADO,1,0,0,0,VINHEDO,CAMPINAS,CAMPINAS,ESTADUAL,1.0,0.0,0.0,0.0,0.0,0.0,0.0,0.0,0.0,0.0,0.0,0.0,0.0,0.0,0.0,0.0
2026-05-29T00:00:00,08:37:46,L01-AUTOBAN,SP330,60.0,SUL,-23.181167952022,-46.911588907242,ENGAVETAMENTO,ENGAVETAMENTO,NÃO INFORMADO,0,0,0,0,JUNDIAÍ,CAMPINAS,CAMPINAS,ESTADUAL,1.0,2.0,0.0,0.0,0.0,0.0,0.0,0.0,0.0,0.0,0.0,0.0,0.0,0.0,0.0,0.0
2026-05-29T00:00:00,10:13:18,L01-AUTOBAN,SPM330D,119.5,NORTE,-22.759933050423,-47.251195674793,CHOQUE,CHOQUE-OBJETO NA PISTA,NÃO INFORMADO,0,1,0,0,NOVA ODESSA,CAMPINAS,RIO CLARO,ESTADUAL,1.0,0.0,1.0,0.0,0.0,0.0,0.0,0.0,0.0,0.0,0.0,0.0,0.0,0.0,0.0,0.0
2026-05-29T00:00:00,10:59:36,L01-AUTOBAN,SPM330D,96.0,NORTE,-22.911450110385,-47.101403474808,COLISÃO,COLISÃO-TRASEIRA,NÃO INFORMADO,0,0,0,0,CAMPINAS,CAMPINAS,CAMPINAS,ESTADUAL,2.0,0.0,0.0,0.0,0.0,0.0,0.0,0.0,0.0,0.0,0.0,0.0,0.0,0.0,0.0,0.0
2026-05-29T00:00:00,13:48:22,L06-INTERVIAS,SP330,172.434,SUL,-22.33265651,-47.39007103,COLISÃO,COLISÃO-TRASEIRA,IMPRUD. CONDUTOR,0,0,0,0,ARARAS,CAMPINAS,RIO CLARO,ESTADUAL,1.0,0.0,0.0,1.0,0.0,0.0,0.0,0.0,0.0,0.0,0.0,0.0,0.0,0.0,0.0,0.0
2026-05-29T00:00:00,15:09:37,L01-AUTOBAN,SPM330D,96.0,NORTE,-22.911450110385,-47.101403474808,COLISÃO,COLISÃO-TRASEIRA,NÃO INFORMADO,0,0,0,0,CAMPINAS,CAMPINAS,CAMPINAS,ESTADUAL,0.0,0.0,0.0,1.0,1.0,0.0,0.0,0.0,0.0,0.0,0.0,0.0,0.0,0.0,0.0,0.0
2026-05-29T00:00:00,16:27:43,L29-VIAPAULISTA,SP330,309.127,NORTE,-21.19120741,-47.75747028,COLISÃO,COLISÃO-TRASEIRA,IMPRUD. CONDUTOR-DIST. INADEQUADA ENTRE VEÍC.,1,0,0,0,RIBEIRÃO PRETO,RIBEIRÃO PRETO,RIBEIRÃO PRETO,ESTADUAL,0.0,0.0,1.0,1.0,0.0,0.0,0.0,0.0,0.0,0.0,0.0,0.0,0.0,0.0,0.0,0.0
2026-05-29T00:00:00,16:30:53,L01-AUTOBAN,SP330,97.0,NORTE,-22.904077630073,-47.107797861099,TOMBAMENTO,TOMBAMENTO,NÃO INFORMADO,1,0,0,0,CAMPINAS,CAMPINAS,CAMPINAS,ESTADUAL,0.0,0.0,1.0,0.0,0.0,0.0,0.0,0.0,0.0,0.0,0.0,0.0,0.0,0.0,0.0,0.0
2026-05-29T00:00:00,16:31:40,L29-VIAPAULISTA,SP330,281.198,NORTE,-21.41260938,-47.66561617,CHOQUE,CHOQUE-OBJETO NA PISTA,IMPRUD. CONDUTOR,0,0,0,0,SÃO SIMÃO,RIBEIRÃO PRETO,RIBEIRÃO PRETO,ESTADUAL,1.0,0.0,0.0,0.0,1.0,0.0,0.0,0.0,0.0,0.0,0.0,0.0,0.0,0.0,0.0,0.0
2026-05-29T00:00:00,16:57:07,L01-AUTOBAN,SP330,58.0,NORTE,-23.196902870305,-46.903708577156,COLISÃO,COLISÃO-TRASEIRA,NÃO INFORMADO,0,0,0,0,JUNDIAÍ,CAMPINAS,CAMPINAS,ESTADUAL,0.0,0.0,0.0,0.0,2.0,0.0,0.0,0.0,0.0,0.0,0.0,0.0,0.0,0.0,0.0,0.0
2026-05-29T00:00:00,17:16:50,L01-AUTOBAN,SP330,108.1,SUL,-22.832384419021,-47.17806764413,COLISÃO,COLISÃO-LATERAL,NÃO INFORMADO,0,0,0,0,SUMARÉ,CAMPINAS,CAMPINAS,ESTADUAL,0.0,0.0,1.0,1.0,0.0,0.0,0.0,0.0,0.0,0.0,0.0,0.0,0.0,0.0,0.0,0.0
2026-05-29T00:00:00,17:48:45,L01-AUTOBAN,SP330,62.0,SUL,-23.168814423993,-46.926614642143,ENGAVETAMENTO,ENGAVETAMENTO,NÃO INFORMADO,0,1,0,0,JUNDIAÍ,CAMPINAS,CAMPINAS,ESTADUAL,1.0,0.0,1.0,1.0,0.0,0.0,0.0,0.0,0.0,0.0,0.0,0.0,0.0,0.0,0.0,0.0
2026-05-29T00:00:00,17:54:09,L01-AUTOBAN,SP330,60.0,SUL,-23.181167952022,-46.911588907242,COLISÃO,COLISÃO-TRASEIRA,NÃO INFORMADO,0,0,0,0,JUNDIAÍ,CAMPINAS,CAMPINAS,ESTADUAL,1.0,0.0,1.0,0.0,0.0,0.0,0.0,0.0,0.0,0.0,0.0,0.0,0.0,0.0,0.0,0.0
2026-05-29T00:00:00,18:10:45,L06-INTERVIAS,SP330,169.0,NORTE,-22.36292367,-47.39452627,OBJETO LANÇADO CONTRA O VEÍCULO,OBJETO LANÇADO CONTRA O VEÍCULO,OBJETO LANÇADO,0,0,0,0,ARARAS,CAMPINAS,RIO CLARO,ESTADUAL,0.0,1.0,0.0,1.0,0.0,0.0,0.0,0.0,0.0,0.0,0.0,0.0,0.0,0.0,0.0,0.0
2026-05-29T00:00:00,19:34:18,L01-AUTOBAN,SP330,64.0,NORTE,-23.153219241232,-46.935594677925,COLISÃO,COLISÃO-TRASEIRA,NÃO INFORMADO,0,0,0,0,JUNDIAÍ,CAMPINAS,CAMPINAS,ESTADUAL,2.0,0.0,0.0,0.0,0.0,0.0,0.0,0.0,0.0,0.0,0.0,0.0,0.0,0.0,0.0,0.0
2026-05-29T00:00:00,19:46:00,L01-AUTOBAN,SP330,66.8,SUL,-23.131991636814,-46.949336191237,COLISÃO,COLISÃO-TRASEIRA,NÃO INFORMADO,1,0,0,0,JUNDIAÍ,CAMPINAS,CAMPINAS,ESTADUAL,1.0,0.0,1.0,0.0,0.0,0.0,0.0,0.0,0.0,0.0,0.0,0.0,0.0,0.0,0.0,0.0
2026-05-29T00:00:00,20:25:20,L01-AUTOBAN,SP330,61.0,SUL,-23.175304483475,-46.918702125549,COLISÃO,COLISÃO-TRASEIRA,NÃO INFORMADO,1,0,0,0,JUNDIAÍ,CAMPINAS,CAMPINAS,ESTADUAL,1.0,0.0,1.0,0.0,0.0,0.0,0.0,0.0,0.0,0.0,0.0,0.0,0.0,0.0,0.0,0.0
2026-05-29T00:00:00,21:25:32,L01-AUTOBAN,SP330,52.341,SUL,-23.237068565847,-46.870468683467,COLISÃO,COLISÃO-TRASEIRA,NÃO INFORMADO,0,0,0,0,JUNDIAÍ,CAMPINAS,CAMPINAS,ESTADUAL,1.0,1.0,0.0,0.0,0.0,0.0,0.0,0.0,0.0,0.0,0.0,0.0,0.0,0.0,0.0,0.0
2026-05-29T00:00:00,21:38:17,L29-VIAPAULISTA,SP330,253.0,NORTE,-21.65807187,-47.60906381,CHOQUE,CHOQUE-OBJETO NA PISTA,FALHA DE EQUIP. PEDÁGIO-PISTA AVI,0,0,0,0,SANTA RITA DO PASSA QUATRO,CENTRAL,RIBEIRÃO PRETO,ESTADUAL,1.0,0.0,0.0,0.0,1.0,0.0,0.0,0.0,0.0,0.0,0.0,0.0,0.0,0.0,0.0,0.0
2026-05-30T00:00:00,01:18:12,L01-AUTOBAN,SP330,103.8,NORTE,-22.857883405306,-47.146755244571,CHOQUE,OUTROS/NÃO CLASSIFICADO,NÃO INFORMADO,0,0,0,0,CAMPINAS,CAMPINAS,CAMPINAS,ESTADUAL,1.0,0.0,0.0,0.0,0.0,0.0,0.0,0.0,0.0,0.0,0.0,0.0,0.0,0.0,0.0,0.0
2026-05-30T00:00:00,01:42:13,L29-VIAPAULISTA,SP330,240.5,SUL,-21.75870456,-47.56058075,COLISÃO,COLISÃO-TRASEIRA,IMPRUD. CONDUTOR,0,0,0,0,SANTA RITA DO PASSA QUATRO,CENTRAL,RIBEIRÃO PRETO,ESTADUAL,0.0,0.0,0.0,0.0,2.0,0.0,0.0,0.0,0.0,0.0,0.0,0.0,0.0,0.0,0.0,0.0
2026-05-30T00:00:00,01:51:44,L01-AUTOBAN,SP330,12.0,SUL,-23.509484513183,-46.730405688286,COLISÃO,COLISÃO-LATERAL,NÃO INFORMADO,0,0,0,0,SÃO PAULO,REG. METROPOLITANA SÃO PAULO,SÃO PAULO,ESTADUAL,1.0,0.0,0.0,0.0,1.0,0.0,0.0,0.0,0.0,0.0,0.0,0.0,0.0,0.0,0.0,0.0
2026-05-30T00:00:00,02:32:10,L01-AUTOBAN,SPM330D,113.6,NORTE,-22.803111448556,-47.219618073714,CHOQUE,CHOQUE-MEIO FIO,NÃO INFORMADO,0,0,0,0,SUMARÉ,CAMPINAS,CAMPINAS,ESTADUAL,1.0,0.0,0.0,0.0,0.0,0.0,0.0,0.0,0.0,0.0,0.0,0.0,0.0,0.0,0.0,0.0
2026-05-30T00:00:00,07:28:04,L29-VIAPAULISTA,SP330,277.692,NORTE,-21.44022173,-47.65001076,COLISÃO,COLISÃO-LATERAL,IMPRUD. CONDUTOR,0,0,0,0,SÃO SIMÃO,RIBEIRÃO PRETO,RIBEIRÃO PRETO,ESTADUAL,1.0,1.0,0.0,0.0,0.0,0.0,0.0,0.0,0.0,0.0,0.0,0.0,0.0,0.0,0.0,0.0
2026-05-30T00:00:00,09:18:43,L01-AUTOBAN,SP330,107.0,NORTE,-22.839452464188,-47.170829772949,TOMBAMENTO,TOMBAMENTO-MOTO,NÃO INFORMADO,1,0,0,0,SUMARÉ,CAMPINAS,CAMPINAS,ESTADUAL,0.0,0.0,1.0,0.0,0.0,0.0,0.0,0.0,0.0,0.0,0.0,0.0,0.0,0.0,0.0,0.0
2026-05-30T00:00:00,11:09:47,L29-VIAPAULISTA,SP330,297.435,NORTE,-21.29743333,-47.74362992,CHOQUE,CHOQUE-DEFENSA/BARREIRA,ESTOURO/FURO DE PNEU,0,0,0,0,CRAVINHOS,RIBEIRÃO PRETO,RIBEIRÃO PRETO,ESTADUAL,1.0,0.0,0.0,0.0,0.0,0.0,0.0,0.0,0.0,0.0,0.0,0.0,0.0,0.0,0.0,0.0
2026-05-30T00:00:00,11:19:11,L01-AUTOBAN,SPI102/330,3.0,NORTE,-22.890067824891,-47.132940888405,COLISÃO,COLISÃO-TRASEIRA,NÃO INFORMADO,1,0,0,0,CAMPINAS,CAMPINAS,CAMPINAS,ESTADUAL,1.0,0.0,1.0,0.0,0.0,0.0,0.0,0.0,0.0,0.0,0.0,0.0,0.0,0.0,0.0,0.0
2026-05-30T00:00:00,11:38:21,L06-INTERVIAS,SP330,164.1,SUL,-22.40636872,-47.38998477,ENGAVETAMENTO,ENGAVETAMENTO,TRÁFEGO-CONGESTIONAMENTO,0,0,0,0,ARARAS,CAMPINAS,RIO CLARO,ESTADUAL,2.0,0.0,0.0,1.0,1.0,0.0,0.0,0.0,0.0,0.0,0.0,0.0,0.0,0.0,0.0,0.0
2026-05-30T00:00:00,12:21:50,L01-AUTOBAN,SPM330E,102.0,SUL,-22.868355,-47.132428,CHOQUE,CHOQUE-OAE (PONTE/VIADUTO),NÃO INFORMADO,2,0,0,0,CAMPINAS,CAMPINAS,CAMPINAS,ESTADUAL,1.0,0.0,0.0,0.0,0.0,0.0,0.0,0.0,0.0,0.0,0.0,0.0,0.0,0.0,0.0,0.0
2026-05-30T00:00:00,12:29:55,L29-VIAPAULISTA,SP330,310.822,NORTE,-21.17587714,-47.75666598,TOMBAMENTO,TOMBAMENTO,ESTOURO/FURO DE PNEU,1,0,0,0,RIBEIRÃO PRETO,RIBEIRÃO PRETO,RIBEIRÃO PRETO,ESTADUAL,0.0,0.0,1.0,0.0,0.0,0.0,0.0,0.0,0.0,0.0,0.0,0.0,0.0,0.0,0.0,0.0
2026-05-30T00:00:00,13:15:36,L01-AUTOBAN,SP330,136.0,NORTE,-22.638040739518,-47.330061793327,COLISÃO,COLISÃO-TRASEIRA,NÃO INFORMADO,0,0,0,0,LIMEIRA,CAMPINAS,RIO CLARO,ESTADUAL,1.0,1.0,0.0,0.0,0.0,0.0,0.0,0.0,0.0,0.0,0.0,0.0,0.0,0.0,0.0,0.0
2026-05-30T00:00:00,16:42:16,L01-AUTOBAN,SP330,64.0,SUL,-23.15363355799,-46.935653686523,TOMBAMENTO,TOMBAMENTO-MOTO,NÃO INFORMADO,1,0,0,0,JUNDIAÍ,CAMPINAS,CAMPINAS,ESTADUAL,0.0,0.0,1.0,0.0,0.0,0.0,0.0,0.0,0.0,0.0,0.0,0.0,0.0,0.0,0.0,0.0
2026-05-30T00:00:00,18:50:42,L28-ENTREVIAS,SP330,398.0,SUL,-20.44774329742157,-47.83548962620458,COLISÃO,COLISÃO-TRASEIRA,IMPRUD. CONDUTOR-FALTA DE ATENÇÃO,1,0,0,0,GUARÁ,FRANCA,RIBEIRÃO PRETO,ESTADUAL,1.0,0.0,0.0,0.0,1.0,0.0,0.0,0.0,0.0,0.0,0.0,0.0,0.0,0.0,0.0,0.0
2026-05-30T00:00:00,19:04:46,L01-AUTOBAN,SPM330D,59.9,NORTE,-23.181793208754,-46.91097093375,COLISÃO,COLISÃO-TRASEIRA,NÃO INFORMADO,0,0,1,0,JUNDIAÍ,NÃO INFORMADO,NÃO INFORMADO,NÃO INFORMADO,1.0,1.0,0.0,0.0,0.0,0.0,0.0,0.0,0.0,0.0,0.0,0.0,0.0,0.0,0.0,0.0
2026-05-30T00:00:00,19:09:53,L29-VIAPAULISTA,SP330,289.0,NORTE,-21.36427508,-47.71799067,CHOQUE,CHOQUE-OBJETO NA PISTA,OBJETO NA PISTA,0,1,0,0,CRAVINHOS,RIBEIRÃO PRETO,RIBEIRÃO PRETO,ESTADUAL,0.0,0.0,0.0,0.0,0.0,1.0,0.0,0.0,0.0,0.0,0.0,0.0,0.0,0.0,0.0,0.0
2026-05-30T00:00:00,19:12:00,L28-ENTREVIAS,SP330,396.85,SUL,-20.45933626046277,-47.83699672304665,COLISÃO,COLISÃO-LATERAL,IMPRUD. CONDUTOR-FALTA DE ATENÇÃO,1,0,0,0,GUARÁ,FRANCA,RIBEIRÃO PRETO,ESTADUAL,0.0,0.0,0.0,0.0,1.0,0.0,0.0,0.0,0.0,0.0,1.0,0.0,0.0,0.0,0.0,0.0
2026-05-30T00:00:00,20:55:02,L01-AUTOBAN,SP330,74.3,SUL,-23.073135614373,-46.985013886454,CHOQUE,CHOQUE-OBJETO NA PISTA,NÃO INFORMADO,0,0,0,1,VINHEDO,CAMPINAS,CAMPINAS,ESTADUAL,0.0,0.0,1.0,0.0,1.0,0.0,0.0,0.0,0.0,0.0,0.0,0.0,0.0,0.0,0.0,0.0
2026-05-30T00:00:00,21:22:06,L01-AUTOBAN,SPM330D,54.0,NORTE,-23.223028310027,-46.877535581589,COLISÃO,COLISÃO-LATERAL,NÃO INFORMADO,2,0,0,0,JUNDIAÍ,CAMPINAS,CAMPINAS,ESTADUAL,1.0,0.0,0.0,0.0,1.0,0.0,0.0,0.0,0.0,0.0,0.0,0.0,0.0,0.0,0.0,0.0
2026-05-30T00:00:00,21:28:10,L01-AUTOBAN,SPM330D,90.0,NORTE,-22.950983874728,-47.061969637871,COLISÃO,COLISÃO-LATERAL,NÃO INFORMADO,0,1,0,0,CAMPINAS,CAMPINAS,CAMPINAS,ESTADUAL,0.0,0.0,1.0,1.0,0.0,0.0,0.0,0.0,0.0,0.0,0.0,0.0,0.0,0.0,0.0,0.0
2026-05-30T00:00:00,21:59:57,L01-AUTOBAN,SPM330D,59.88,NORTE,-23.181951799151,-46.910873084526,COLISÃO,COLISÃO-TRASEIRA,NÃO INFORMADO,0,0,0,0,JUNDIAÍ,NÃO INFORMADO,NÃO INFORMADO,NÃO INFORMADO,2.0,0.0,0.0,0.0,0.0,0.0,0.0,0.0,0.0,0.0,0.0,0.0,0.0,0.0,0.0,0.0
2026-05-30T00:00:00,22:20:28,L01-AUTOBAN,SPM330D,57.578,NORTE,-23.200712644013,-46.901752663325,COLISÃO,COLISÃO-TRASEIRA,NÃO INFORMADO,2,0,0,0,JUNDIAÍ,CAMPINAS,CAMPINAS,ESTADUAL,2.0,0.0,0.0,0.0,0.0,0.0,0.0,0.0,0.0,0.0,0.0,0.0,0.0,0.0,0.0,0.0
2026-05-30T00:00:00,22:48:28,L29-VIAPAULISTA,SP330,295.0,NORTE,-21.31395717,-47.73589137,CHOQUE,CHOQUE-DEFENSA/BARREIRA,IMPRUD. CONDUTOR-PERDA DE CONTROLE,1,0,0,0,CRAVINHOS,RIBEIRÃO PRETO,RIBEIRÃO PRETO,ESTADUAL,1.0,0.0,0.0,0.0,0.0,0.0,0.0,0.0,0.0,0.0,0.0,0.0,0.0,0.0,0.0,0.0
2026-05-30T00:00:00,23:50:39,L28-ENTREVIAS,SP330,389.5,NORTE,-20.44390531220915,-47.83535372127665,COLISÃO,COLISÃO-TRASEIRA,IMPRUD. CONDUTOR-FALTA DE ATENÇÃO,1,0,0,0,GUARÁ,FRANCA,RIBEIRÃO PRETO,ESTADUAL,1.0,0.0,0.0,0.0,1.0,0.0,0.0,0.0,0.0,0.0,0.0,0.0,0.0,0.0,0.0,0.0
2026-05-31T00:00:00,00:16:57,L29-VIAPAULISTA,SP330,243.0,NORTE,-21.7428671,-47.5778037,COLISÃO,COLISÃO-TRASEIRA,IMPRUD. CONDUTOR-DORMIR AO VOLANTE,0,0,0,0,SANTA RITA DO PASSA QUATRO,CENTRAL,RIBEIRÃO PRETO,ESTADUAL,0.0,0.0,0.0,0.0,2.0,0.0,0.0,0.0,0.0,0.0,0.0,0.0,0.0,0.0,0.0,0.0
2026-05-31T00:00:00,00:40:53,L01-AUTOBAN,SP330,111.0,SUL,-22.818118179636,-47.201744914055,COLISÃO,COLISÃO-TRASEIRA,NÃO INFORMADO,0,1,0,0,SUMARÉ,CAMPINAS,CAMPINAS,ESTADUAL,1.0,0.0,1.0,0.0,0.0,0.0,0.0,0.0,0.0,0.0,0.0,0.0,0.0,0.0,0.0,0.0
2026-05-31T00:00:00,05:36:38,L01-AUTOBAN,SP330,149.0,NORTE,-22.537463,-47.381317,ENGAVETAMENTO,ENGAVETAMENTO,NÃO INFORMADO,0,0,0,0,LIMEIRA,CAMPINAS,RIO CLARO,ESTADUAL,1.0,0.0,0.0,1.0,1.0,0.0,0.0,0.0,0.0,0.0,0.0,0.0,0.0,0.0,0.0,0.0
2026-05-31T00:00:00,10:06:41,L29-VIAPAULISTA,SP330,307.57,NORTE,-21.20523007,-47.75820592,CHOQUE,CHOQUE-DEFENSA/BARREIRA,OBJETO NA PISTA,0,0,0,0,RIBEIRÃO PRETO,RIBEIRÃO PRETO,RIBEIRÃO PRETO,ESTADUAL,1.0,0.0,0.0,0.0,0.0,0.0,0.0,0.0,0.0,0.0,0.0,0.0,0.0,0.0,0.0,0.0
2026-05-31T00:00:00,11:13:13,L01-AUTOBAN,SP330,48.0,SUL,-23.27408609348,-46.869902014732,COLISÃO,COLISÃO-TRASEIRA,NÃO INFORMADO,0,0,0,1,JUNDIAÍ,CAMPINAS,CAMPINAS,ESTADUAL,1.0,0.0,1.0,0.0,0.0,0.0,0.0,0.0,0.0,0.0,0.0,0.0,0.0,0.0,0.0,0.0
2026-05-31T00:00:00,12:20:24,L01-AUTOBAN,SP330,95.0,SUL,-22.919909191683,-47.094150781632,CHOQUE,CHOQUE-DEFENSA/BARREIRA,NÃO INFORMADO,0,0,0,0,CAMPINAS,CAMPINAS,CAMPINAS,ESTADUAL,1.0,0.0,0.0,0.0,0.0,0.0,0.0,0.0,0.0,0.0,0.0,0.0,0.0,0.0,0.0,0.0
2026-05-31T00:00:00,15:38:31,L29-VIAPAULISTA,SP330,240.824,SUL,-21.75642976,-47.56348488,COLISÃO,COLISÃO-TRASEIRA,IMPRUD. CONDUTOR-PERDA DE CONTROLE,1,0,0,0,SANTA RITA DO PASSA QUATRO,CENTRAL,RIBEIRÃO PRETO,ESTADUAL,1.0,0.0,0.0,0.0,1.0,0.0,0.0,0.0,0.0,0.0,0.0,0.0,0.0,0.0,0.0,0.0
2026-06-01T00:00:00,00:33:49,L01-AUTOBAN,SPM330D,56.0,NORTE,-23.210900509412,-46.891751289368,CAPOTAMENTO,CAPOTAMENTO,NÃO INFORMADO,0,0,0,0,JUNDIAÍ,CAMPINAS,CAMPINAS,ESTADUAL,1.0,0.0,0.0,0.0,0.0,0.0,0.0,0.0,0.0,0.0,0.0,0.0,0.0,0.0,0.0,0.0
2026-06-01T00:00:00,02:27:59,L28-ENTREVIAS,SP330,347.1,NORTE,-20.88215666173855,-47.89763784229417,ATROPELAMENTO DE ANIMAL,ATROP. ANIMAL-DOMÉSTICO GRANDE,ANIMAL NA RODOVIA,0,0,0,0,SALES OLIVEIRA,FRANCA,RIBEIRÃO PRETO,ESTADUAL,0.0,0.0,0.0,0.0,1.0,0.0,0.0,0.0,0.0,0.0,0.0,0.0,0.0,0.0,0.0,0.0
2026-06-01T00:00:00,04:14:28,L01-AUTOBAN,SP330,141.9,SUL,-22.597268053101,-47.365317179688,CHOQUE,CHOQUE-DEFENSA/BARREIRA,NÃO INFORMADO,1,0,0,0,LIMEIRA,CAMPINAS,RIO CLARO,ESTADUAL,1.0,0.0,0.0,0.0,0.0,0.0,0.0,0.0,0.0,0.0,0.0,0.0,0.0,0.0,0.0,0.0
2026-06-01T00:00:00,06:08:19,L06-INTERVIAS,SP330,193.0,NORTE,-22.14841653,-47.40220595,CHOQUE,CHOQUE-DEFENSA/BARREIRA,IMPRUD. CONDUTOR,0,0,0,0,LEME,CAMPINAS,RIO CLARO,ESTADUAL,1.0,0.0,0.0,0.0,0.0,0.0,0.0,0.0,0.0,0.0,0.0,0.0,0.0,0.0,0.0,0.0
2026-06-01T00:00:00,06:20:31,L01-AUTOBAN,SP330,54.0,SUL,-23.223269868853,-46.877589225769,ENGAVETAMENTO,ENGAVETAMENTO,NÃO INFORMADO,0,0,0,0,JUNDIAÍ,CAMPINAS,CAMPINAS,ESTADUAL,4.0,0.0,0.0,0.0,0.0,0.0,0.0,0.0,0.0,0.0,0.0,0.0,0.0,0.0,0.0,0.0
2026-06-01T00:00:00,06:36:37,L01-AUTOBAN,SP330,103.4,NORTE,-22.860040257057,-47.14299966208,COLISÃO,COLISÃO-LATERAL,NÃO INFORMADO,1,0,0,0,CAMPINAS,CAMPINAS,CAMPINAS,ESTADUAL,1.0,0.0,1.0,0.0,0.0,0.0,0.0,0.0,0.0,0.0,0.0,0.0,0.0,0.0,0.0,0.0
2026-06-01T00:00:00,07:23:58,L06-INTERVIAS,SPI165/330,0.1,LESTE,-22.396343,-47.3879408,COLISÃO,COLISÃO-TRASEIRA,IMPRUD. CONDUTOR,1,0,0,0,ARARAS,CAMPINAS,RIO CLARO,ESTADUAL,1.0,0.0,1.0,0.0,0.0,0.0,0.0,0.0,0.0,0.0,0.0,0.0,0.0,0.0,0.0,0.0
2026-06-01T00:00:00,09:37:37,L01-AUTOBAN,SPM330D,102.0,NORTE,-22.86736244539,-47.132125496864,COLISÃO,COLISÃO-TRANSVERSAL,NÃO INFORMADO,0,0,0,0,CAMPINAS,CAMPINAS,CAMPINAS,ESTADUAL,2.0,0.0,0.0,0.0,0.0,0.0,0.0,0.0,0.0,0.0,0.0,0.0,0.0,0.0,0.0,0.0
2026-06-01T00:00:00,11:18:47,L01-AUTOBAN,SPI102/330,5.0,NORTE,-22.906904124332,-47.13676571846,TOMBAMENTO,TOMBAMENTO,NÃO INFORMADO,1,0,0,0,CAMPINAS,CAMPINAS,CAMPINAS,ESTADUAL,1.0,0.0,0.0,0.0,0.0,0.0,0.0,0.0,0.0,0.0,0.0,0.0,0.0,0.0,0.0,0.0
2026-06-01T00:00:00,13:14:15,L01-AUTOBAN,SP330,15.0,SUL,-23.499916439503,-46.754695773125,CHOQUE,CHOQUE-OBJETO NA PISTA,NÃO INFORMADO,2,0,0,0,SÃO PAULO,REG. METROPOLITANA SÃO PAULO,SÃO PAULO,ESTADUAL,0.0,0.0,0.0,1.0,1.0,0.0,0.0,0.0,0.0,0.0,0.0,0.0,0.0,0.0,0.0,0.0
2026-06-01T00:00:00,16:29:42,L29-VIAPAULISTA,SP330,267.325,NORTE,-21.53229152,-47.64170228,CHOQUE,CHOQUE-ELEMENTO DE DRENAGEM,OBJETO NA PISTA,0,0,0,0,SÃO SIMÃO,RIBEIRÃO PRETO,RIBEIRÃO PRETO,ESTADUAL,0.0,0.0,0.0,1.0,0.0,0.0,0.0,0.0,0.0,0.0,0.0,0.0,0.0,0.0,0.0,0.0
2026-06-01T00:00:00,19:43:46,L06-INTERVIAS,SP330,183.0,SUL,-22.23776826,-47.39113726,COLISÃO,COLISÃO-LATERAL,IMPRUD. CONDUTOR-LEVOU FECHADA,0,0,0,0,LEME,CAMPINAS,RIO CLARO,ESTADUAL,1.0,1.0,0.0,0.0,0.0,0.0,0.0,0.0,0.0,0.0,0.0,0.0,0.0,0.0,0.0,0.0
2026-06-01T00:00:00,22:25:09,L01-AUTOBAN,SP330,38.2,NORTE,-23.343367935209,-46.840029713062,COLISÃO,COLISÃO-LATERAL,NÃO INFORMADO,0,0,0,1,CAJAMAR,REG. METROPOLITANA SÃO PAULO,SÃO PAULO,ESTADUAL,0.0,0.0,1.0,0.0,1.0,0.0,0.0,0.0,0.0,0.0,0.0,0.0,0.0,0.0,0.0,0.0
2026-06-01T00:00:00,22:55:03,L29-VIAPAULISTA,SP330,274.133,NORTE,-21.47108107,-47.64048435,COLISÃO,COLISÃO-TRASEIRA,IMPRUD. CONDUTOR,0,0,0,0,SÃO SIMÃO,RIBEIRÃO PRETO,RIBEIRÃO PRETO,ESTADUAL,0.0,0.0,0.0,0.0,2.0,0.0,0.0,0.0,0.0,0.0,0.0,0.0,0.0,0.0,0.0,0.0
2026-06-01T00:00:00,23:05:13,L01-AUTOBAN,SPM330D,104.0,NORTE,-22.856805,-47.148633,CHOQUE,CHOQUE-DEFENSA/BARREIRA,NÃO INFORMADO,0,0,0,0,CAMPINAS,CAMPINAS,CAMPINAS,ESTADUAL,1.0,0.0,0.0,0.0,0.0,0.0,0.0,0.0,0.0,0.0,0.0,0.0,0.0,0.0,0.0,0.0
2026-06-02T00:00:00,06:29:50,L01-AUTOBAN,SPM330D,95.0,NORTE,-22.919696732904,-47.094027400017,COLISÃO,COLISÃO-LATERAL,NÃO INFORMADO,1,1,0,0,CAMPINAS,CAMPINAS,CAMPINAS,ESTADUAL,1.0,0.0,1.0,0.0,0.0,0.0,0.0,0.0,0.0,0.0,0.0,0.0,0.0,0.0,0.0,0.0
2026-06-02T00:00:00,07:08:36,L01-AUTOBAN,SPM330E,95.0,SUL,-22.919909191683,-47.094150781631,ENGAVETAMENTO,ENGAVETAMENTO,NÃO INFORMADO,0,0,0,0,CAMPINAS,CAMPINAS,CAMPINAS,ESTADUAL,2.0,0.0,0.0,2.0,0.0,0.0,0.0,0.0,0.0,0.0,0.0,0.0,0.0,0.0,0.0,0.0
2026-06-02T00:00:00,07:15:44,L01-AUTOBAN,SPI102/330,5.0,SUL,-22.907442732813,-47.137323617935,COLISÃO,COLISÃO-LATERAL,NÃO INFORMADO,0,0,0,0,CAMPINAS,CAMPINAS,CAMPINAS,ESTADUAL,1.0,1.0,0.0,0.0,0.0,0.0,0.0,0.0,0.0,0.0,0.0,0.0,0.0,0.0,0.0,0.0
2026-06-02T00:00:00,07:20:24,L29-VIAPAULISTA,SP330,247.58,SUL,-21.70483644,-47.59464496,COLISÃO,COLISÃO-TRASEIRA,IMPRUD. CONDUTOR-MUDANÇA DE FAIXA,0,0,0,0,SANTA RITA DO PASSA QUATRO,CENTRAL,RIBEIRÃO PRETO,ESTADUAL,1.0,0.0,0.0,0.0,1.0,0.0,0.0,0.0,0.0,0.0,0.0,0.0,0.0,0.0,0.0,0.0
2026-06-02T00:00:00,07:22:19,L01-AUTOBAN,SP330,59.0,NORTE,-23.188929625354,-46.906567811966,COLISÃO,COLISÃO-TRASEIRA,NÃO INFORMADO,0,0,0,0,JUNDIAÍ,CAMPINAS,CAMPINAS,ESTADUAL,2.0,0.0,0.0,0.0,0.0,0.0,0.0,0.0,0.0,0.0,0.0,0.0,0.0,0.0,0.0,0.0
2026-06-02T00:00:00,10:38:26,L06-INTERVIAS,SPD165/330,165.0,SUL,-22.39827568,-47.3901858,COLISÃO,COLISÃO-LATERAL,IMPRUD. CONDUTOR-PERDA DE CONTROLE,1,0,0,0,ARARAS,NÃO INFORMADO,NÃO INFORMADO,NÃO INFORMADO,0.0,0.0,1.0,0.0,1.0,0.0,0.0,0.0,0.0,0.0,0.0,0.0,0.0,0.0,0.0,0.0
2026-06-02T00:00:00,12:06:44,L01-AUTOBAN,SP330,11.46,NORTE,-23.510308819155,-46.728911022024,COLISÃO,COLISÃO-LATERAL,NÃO INFORMADO,0,1,0,0,SÃO PAULO,REG. METROPOLITANA SÃO PAULO,SÃO PAULO,ESTADUAL,1.0,0.0,1.0,0.0,0.0,0.0,0.0,0.0,0.0,0.0,0.0,0.0,0.0,0.0,0.0,0.0
2026-06-02T00:00:00,13:16:20,L01-AUTOBAN,SP330,150.95,NORTE,-22.522595622803,-47.39154968454,COLISÃO,COLISÃO-LATERAL,NÃO INFORMADO,0,0,0,0,LIMEIRA,CAMPINAS,RIO CLARO,ESTADUAL,0.0,0.0,0.0,0.0,2.0,0.0,0.0,0.0,0.0,0.0,0.0,0.0,0.0,0.0,0.0,0.0
2026-06-02T00:00:00,13:17:00,L28-ENTREVIAS,SP330,348.96,NORTE,-20.88215666173855,-47.89763784229417,CHOQUE,CHOQUE-DEFENSA/BARREIRA,IMPRUD. CONDUTOR-PERDA DE CONTROLE,0,0,0,0,SALES OLIVEIRA,FRANCA,RIBEIRÃO PRETO,ESTADUAL,0.0,0.0,0.0,0.0,0.0,0.0,0.0,0.0,0.0,0.0,1.0,0.0,0.0,0.0,0.0,0.0
2026-06-02T00:00:00,13:56:41,L01-AUTOBAN,SPM330D,110.1,NORTE,-22.822667120079,-47.192489812655,COLISÃO,COLISÃO-TRASEIRA,NÃO INFORMADO,1,1,0,0,SUMARÉ,CAMPINAS,CAMPINAS,ESTADUAL,1.0,0.0,1.0,0.0,0.0,0.0,0.0,0.0,0.0,0.0,0.0,0.0,0.0,0.0,0.0,0.0
2026-06-02T00:00:00,14:06:53,L01-AUTOBAN,SPI102/330,0.0,SUL,-22.866394,-47.133481,TOMBAMENTO,TOMBAMENTO-MOTO,NÃO INFORMADO,1,0,0,0,CAMPINAS,CAMPINAS,CAMPINAS,ESTADUAL,0.0,0.0,1.0,0.0,0.0,0.0,0.0,0.0,0.0,0.0,0.0,0.0,0.0,0.0,0.0,0.0
2026-06-02T00:00:00,14:07:01,L28-ENTREVIAS,SP330,319.1,NORTE,-21.11722524534491,-47.77698945868193,CAPOTAMENTO,CAPOTAMENTO,IMPRUD. CONDUTOR-PERDA DE CONTROLE,0,0,0,0,RIBEIRÃO PRETO,RIBEIRÃO PRETO,RIBEIRÃO PRETO,ESTADUAL,0.0,0.0,0.0,0.0,0.0,0.0,0.0,0.0,0.0,0.0,1.0,0.0,0.0,0.0,0.0,0.0
2026-06-02T00:00:00,16:53:03,L01-AUTOBAN,SPM330E,119.0,SUL,-22.763494109765,-47.247900366783,COLISÃO,COLISÃO-FRONTAL,NÃO INFORMADO,0,0,0,1,NOVA ODESSA,CAMPINAS,RIO CLARO,ESTADUAL,0.0,0.0,1.0,0.0,1.0,0.0,0.0,0.0,0.0,0.0,0.0,0.0,0.0,0.0,0.0,0.0
2026-06-02T00:00:00,19:51:51,L29-VIAPAULISTA,SP330,240.5,SUL,-21.75870456,-47.56058075,COLISÃO,COLISÃO-TRASEIRA,IMPRUD. CONDUTOR,1,0,0,0,SANTA RITA DO PASSA QUATRO,CENTRAL,RIBEIRÃO PRETO,ESTADUAL,0.0,0.0,0.0,1.0,1.0,0.0,0.0,0.0,0.0,0.0,0.0,0.0,0.0,0.0,0.0,0.0
2026-06-02T00:00:00,20:05:52,L01-AUTOBAN,SPM330D,15.0,NORTE,-23.49985248603,-46.754524111748,COLISÃO,COLISÃO-TRASEIRA,NÃO INFORMADO,0,0,0,0,SÃO PAULO,REG. METROPOLITANA SÃO PAULO,SÃO PAULO,ESTADUAL,1.0,0.0,0.0,0.0,1.0,0.0,0.0,0.0,0.0,0.0,0.0,0.0,0.0,0.0,0.0,0.0
2026-06-02T00:00:00,23:46:16,L01-AUTOBAN,SP330,146.0,NORTE,-22.560678,-47.366217,COLISÃO,COLISÃO-TRASEIRA,NÃO INFORMADO,0,0,0,0,LIMEIRA,CAMPINAS,RIO CLARO,ESTADUAL,2.0,0.0,0.0,0.0,0.0,0.0,0.0,0.0,0.0,0.0,0.0,0.0,0.0,0.0,0.0,0.0
2026-06-03T00:00:00,00:28:00,L28-ENTREVIAS,SP330,409.608,NORTE,-20.34588792174577,-47.8107924016818,ATROPELAMENTO DE PEDESTRE,ATROP. PEDESTRE-OUTROS,IMPRUD. PEDESTRE-USUÁRIO,0,0,0,1,ITUVERAVA,FRANCA,RIBEIRÃO PRETO,ESTADUAL,1.0,0.0,0.0,0.0,0.0,0.0,0.0,1.0,0.0,0.0,0.0,0.0,0.0,0.0,0.0,0.0
2026-06-03T00:00:00,04:11:17,L01-AUTOBAN,SP330,153.0,SUL,-22.505683329931,-47.399235963821,TOMBAMENTO,TOMBAMENTO,NÃO INFORMADO,0,0,0,0,CORDEIRÓPOLIS,CAMPINAS,RIO CLARO,ESTADUAL,0.0,0.0,0.0,0.0,1.0,0.0,0.0,0.0,0.0,0.0,0.0,0.0,0.0,0.0,0.0,0.0
2026-06-03T00:00:00,04:16:37,L06-INTERVIAS,SP330,232.8,NORTE,-21.80393968,-47.5040707,CHOQUE,CHOQUE-ELEMENTO DE DRENAGEM,IMPRUD. CONDUTOR-DORMIR AO VOLANTE,0,0,0,0,PORTO FERREIRA,CENTRAL,RIO CLARO,ESTADUAL,0.0,0.0,0.0,0.0,1.0,0.0,0.0,0.0,0.0,0.0,0.0,0.0,0.0,0.0,0.0,0.0
2026-06-03T00:00:00,05:47:58,L01-AUTOBAN,SP330,54.0,SUL,-23.223269868853,-46.877589225769,ENGAVETAMENTO,ENGAVETAMENTO,NÃO INFORMADO,0,0,0,0,JUNDIAÍ,CAMPINAS,CAMPINAS,ESTADUAL,2.0,2.0,0.0,0.0,0.0,0.0,0.0,0.0,0.0,0.0,0.0,0.0,0.0,0.0,0.0,0.0
2026-06-03T00:00:00,06:18:18,L01-AUTOBAN,SPM330D,56.0,NORTE,-23.210900509412,-46.891751289368,COLISÃO,COLISÃO-TRASEIRA,NÃO INFORMADO,1,0,0,0,JUNDIAÍ,CAMPINAS,CAMPINAS,ESTADUAL,1.0,0.0,0.0,0.0,1.0,0.0,0.0,0.0,0.0,0.0,0.0,0.0,0.0,0.0,0.0,0.0
2026-06-03T00:00:00,06:29:19,L01-AUTOBAN,SP330,107.0,SUL,-22.839867744999,-47.170851230621,CHOQUE,CHOQUE-CERCAS/ALAMBRADOS,NÃO INFORMADO,0,0,0,0,SUMARÉ,CAMPINAS,CAMPINAS,ESTADUAL,0.0,0.0,0.0,1.0,0.0,0.0,0.0,0.0,0.0,0.0,0.0,0.0,0.0,0.0,0.0,0.0
2026-06-03T00:00:00,06:36:11,L01-AUTOBAN,SPM330E,109.8,SUL,-22.823895961941,-47.190853442587,TOMBAMENTO,TOMBAMENTO,NÃO INFORMADO,1,0,0,0,SUMARÉ,CAMPINAS,CAMPINAS,ESTADUAL,0.0,0.0,1.0,0.0,0.0,0.0,0.0,0.0,0.0,0.0,0.0,0.0,0.0,0.0,0.0,0.0
2026-06-03T00:00:00,08:16:11,L29-VIAPAULISTA,SP330,317.962,NORTE,-21.11652985,-47.77739872,COLISÃO,COLISÃO-LATERAL,IMPRUD. CONDUTOR-MUDANÇA DE FAIXA,1,0,0,0,RIBEIRÃO PRETO,RIBEIRÃO PRETO,RIBEIRÃO PRETO,ESTADUAL,1.0,0.0,0.0,0.0,1.0,0.0,0.0,0.0,0.0,0.0,0.0,0.0,0.0,0.0,0.0,0.0
2026-06-03T00:00:00,08:27:04,L29-VIAPAULISTA,SP330,311.369,SUL,-21.17188491,-47.75655538,COLISÃO,COLISÃO-TRASEIRA,IMPRUD. CONDUTOR,1,0,0,0,RIBEIRÃO PRETO,RIBEIRÃO PRETO,RIBEIRÃO PRETO,ESTADUAL,1.0,0.0,1.0,0.0,0.0,0.0,0.0,0.0,0.0,0.0,0.0,0.0,0.0,0.0,0.0,0.0
2026-06-03T00:00:00,08:54:00,L01-AUTOBAN,SP330,36.0,SUL,-23.36049320542,-46.848599910736,COLISÃO,COLISÃO-TRASEIRA,NÃO INFORMADO,0,0,0,0,CAJAMAR,REG. METROPOLITANA SÃO PAULO,SÃO PAULO,ESTADUAL,0.0,0.0,0.0,0.0,2.0,0.0,0.0,0.0,0.0,0.0,0.0,0.0,0.0,0.0,0.0,0.0
2026-06-03T00:00:00,08:56:00,L01-AUTOBAN,SP330,37.0,NORTE,-23.351298495629,-46.846604347229,CHOQUE,CHOQUE-DEFENSA/BARREIRA,NÃO INFORMADO,0,0,0,0,CAJAMAR,REG. METROPOLITANA SÃO PAULO,SÃO PAULO,ESTADUAL,1.0,0.0,0.0,0.0,0.0,0.0,0.0,0.0,0.0,0.0,0.0,0.0,0.0,0.0,0.0,0.0
2026-06-03T00:00:00,09:31:32,L29-VIAPAULISTA,SP330,295.125,NORTE,-21.31302353,-47.73632866,COLISÃO,COLISÃO-LATERAL,IMPRUD. CONDUTOR,0,0,0,0,CRAVINHOS,RIBEIRÃO PRETO,RIBEIRÃO PRETO,ESTADUAL,2.0,0.0,0.0,1.0,1.0,0.0,1.0,0.0,0.0,0.0,0.0,0.0,0.0,0.0,0.0,0.0
2026-06-03T00:00:00,14:08:39,L01-AUTOBAN,SP330,106.5,NORTE,-22.842979732094,-47.167442386475,COLISÃO,COLISÃO-LATERAL,NÃO INFORMADO,0,0,0,0,SUMARÉ,CAMPINAS,CAMPINAS,ESTADUAL,1.0,0.0,0.0,0.0,1.0,0.0,0.0,0.0,0.0,0.0,0.0,0.0,0.0,0.0,0.0,0.0
2026-06-03T00:00:00,15:39:14,L01-AUTOBAN,SP330,27.4,SUL,-23.414134825612,-46.806445237829,COLISÃO,COLISÃO-TRASEIRA,NÃO INFORMADO,0,1,0,0,SÃO PAULO,REG. METROPOLITANA SÃO PAULO,SÃO PAULO,ESTADUAL,1.0,0.0,1.0,0.0,0.0,0.0,0.0,0.0,0.0,0.0,0.0,0.0,0.0,0.0,0.0,0.0
2026-06-03T00:00:00,16:32:54,L29-VIAPAULISTA,SP330,309.549,NORTE,-21.18739086,-47.75727005,ENGAVETAMENTO,ENGAVETAMENTO,IMPRUD. CONDUTOR-DIST. INADEQUADA ENTRE VEÍC.,0,0,0,0,RIBEIRÃO PRETO,RIBEIRÃO PRETO,RIBEIRÃO PRETO,ESTADUAL,2.0,0.0,0.0,1.0,0.0,0.0,0.0,0.0,0.0,0.0,0.0,0.0,0.0,0.0,0.0,0.0
2026-06-03T00:00:00,18:49:15,L01-AUTOBAN,SP330,111.0,SUL,-22.818118179636,-47.201744914055,ENGAVETAMENTO,ENGAVETAMENTO,NÃO INFORMADO,0,0,0,0,SUMARÉ,CAMPINAS,CAMPINAS,ESTADUAL,3.0,0.0,0.0,0.0,0.0,0.0,0.0,0.0,0.0,0.0,0.0,0.0,0.0,0.0,0.0,0.0
2026-06-03T00:00:00,18:51:45,L01-AUTOBAN,SP330,60.3,NORTE,-23.179288591387,-46.913521701815,ENGAVETAMENTO,ENGAVETAMENTO,NÃO INFORMADO,0,0,0,0,JUNDIAÍ,CAMPINAS,CAMPINAS,ESTADUAL,3.0,0.0,0.0,0.0,0.0,0.0,0.0,0.0,0.0,0.0,0.0,0.0,0.0,0.0,0.0,0.0
2026-06-03T00:00:00,18:56:43,L29-VIAPAULISTA,SP330,308.959,NORTE,-21.19264087,-47.75754548,COLISÃO,COLISÃO-LATERAL,IMPRUD. CONDUTOR-MUDANÇA DE FAIXA,0,0,0,0,RIBEIRÃO PRETO,RIBEIRÃO PRETO,RIBEIRÃO PRETO,ESTADUAL,1.0,0.0,0.0,0.0,1.0,0.0,0.0,0.0,0.0,0.0,0.0,0.0,0.0,0.0,0.0,0.0
2026-06-03T00:00:00,19:34:29,L01-AUTOBAN,SP330,93.0,NORTE,-22.929716519165,-47.078964114189,ENGAVETAMENTO,ENGAVETAMENTO,NÃO INFORMADO,0,0,0,0,CAMPINAS,CAMPINAS,CAMPINAS,ESTADUAL,3.0,0.0,0.0,0.0,0.0,0.0,0.0,0.0,0.0,0.0,0.0,0.0,0.0,0.0,0.0,0.0
2026-06-03T00:00:00,19:54:16,L01-AUTOBAN,SP330,82.0,NORTE,-23.013082202618,-47.022766470909,COLISÃO,COLISÃO-TRASEIRA,NÃO INFORMADO,0,0,0,0,VALINHOS,CAMPINAS,CAMPINAS,ESTADUAL,1.0,1.0,0.0,0.0,0.0,0.0,0.0,0.0,0.0,0.0,0.0,0.0,0.0,0.0,0.0,0.0
2026-06-03T00:00:00,20:21:47,L01-AUTOBAN,SPM330E,111.0,SUL,-22.818118179636,-47.201744914055,COLISÃO,COLISÃO-LATERAL,NÃO INFORMADO,0,0,0,0,SUMARÉ,CAMPINAS,CAMPINAS,ESTADUAL,1.0,0.0,0.0,0.0,1.0,0.0,0.0,0.0,0.0,0.0,0.0,0.0,0.0,0.0,0.0,0.0
2026-06-03T00:00:00,21:14:30,L01-AUTOBAN,SP330,103.0,SUL,-22.862525,-47.139454,COLISÃO,COLISÃO-TRASEIRA,NÃO INFORMADO,0,0,0,0,CAMPINAS,CAMPINAS,CAMPINAS,ESTADUAL,1.0,1.0,0.0,0.0,0.0,0.0,0.0,0.0,0.0,0.0,0.0,0.0,0.0,0.0,0.0,0.0
2026-06-03T00:00:00,21:38:00,L29-VIAPAULISTA,SP330,240.843,SUL,-21.75631966,-47.56362544,COLISÃO,COLISÃO-TRASEIRA,MAL SÚBITO DO CONDUTOR,0,0,0,0,SANTA RITA DO PASSA QUATRO,CENTRAL,RIBEIRÃO PRETO,ESTADUAL,0.0,0.0,0.0,0.0,2.0,0.0,0.0,0.0,0.0,0.0,0.0,0.0,0.0,0.0,0.0,0.0
2026-06-04T00:00:00,02:09:28,L01-AUTOBAN,SP330,15.5,NORTE,-23.496972056347,-46.756661832333,CHOQUE,CHOQUE-DEFENSA/BARREIRA,NÃO INFORMADO,0,1,0,0,SÃO PAULO,REG. METROPOLITANA SÃO PAULO,SÃO PAULO,ESTADUAL,1.0,0.0,0.0,0.0,0.0,0.0,0.0,0.0,0.0,0.0,0.0,0.0,0.0,0.0,0.0,0.0
2026-06-04T00:00:00,02:28:24,L29-VIAPAULISTA,SPA307/330,1.706,LESTE,-21.19608363,-47.77271599,CHOQUE,CHOQUE-DEFENSA/BARREIRA,IMPRUD. CONDUTOR-LEVOU FECHADA,0,0,0,0,RIBEIRÃO PRETO,RIBEIRÃO PRETO,RIBEIRÃO PRETO,ESTADUAL,1.0,0.0,0.0,0.0,0.0,0.0,0.0,0.0,0.0,0.0,0.0,0.0,0.0,0.0,0.0,0.0
2026-06-04T00:00:00,02:45:19,L01-AUTOBAN,SP330,88.1,NORTE,-22.965894204018,-47.053433521555,COLISÃO,COLISÃO-TRASEIRA,NÃO INFORMADO,1,0,0,0,CAMPINAS,CAMPINAS,CAMPINAS,ESTADUAL,2.0,0.0,0.0,0.0,0.0,0.0,0.0,0.0,0.0,0.0,0.0,0.0,0.0,0.0,0.0,0.0
2026-06-04T00:00:00,04:27:33,L06-INTERVIAS,SP330,185.1,NORTE,-22.21889424,-47.39228858,ATROPELAMENTO DE ANIMAL,ATROP. ANIMAL-OUTROS,ANIMAL NA RODOVIA,0,0,0,0,LEME,CAMPINAS,RIO CLARO,ESTADUAL,0.0,0.0,0.0,0.0,1.0,0.0,0.0,0.0,0.0,0.0,0.0,0.0,0.0,0.0,0.0,0.0
2026-06-04T00:00:00,08:35:12,L01-AUTOBAN,SP330,20.0,NORTE,-23.468944569907,-46.778873205185,COLISÃO,COLISÃO-TRASEIRA,NÃO INFORMADO,0,0,0,0,OSASCO,REG. METROPOLITANA SÃO PAULO,SÃO PAULO,ESTADUAL,2.0,0.0,0.0,0.0,0.0,0.0,0.0,0.0,0.0,0.0,0.0,0.0,0.0,0.0,0.0,0.0
2026-06-04T00:00:00,09:38:39,L01-AUTOBAN,SP330,53.0,NORTE,-23.230639,-46.87295,COLISÃO,COLISÃO-TRASEIRA,NÃO INFORMADO,0,0,0,0,JUNDIAÍ,CAMPINAS,CAMPINAS,ESTADUAL,1.0,0.0,0.0,0.0,1.0,0.0,0.0,0.0,0.0,0.0,0.0,0.0,0.0,0.0,0.0,0.0
2026-06-04T00:00:00,11:21:22,L01-AUTOBAN,SP330,105.0,NORTE,-22.8517126019,-47.156737446785,CHOQUE,OUTROS/NÃO CLASSIFICADO,NÃO INFORMADO,0,0,0,0,CAMPINAS,CAMPINAS,CAMPINAS,ESTADUAL,1.0,0.0,0.0,0.0,0.0,0.0,0.0,0.0,0.0,0.0,0.0,0.0,0.0,0.0,0.0,0.0
2026-06-04T00:00:00,13:03:00,L28-ENTREVIAS,SP330,350.0,NORTE,-20.86185376699442,-47.89646318480779,CHOQUE,CHOQUE-PRAÇA DE PEDÁGIO,IMPRUD. CONDUTOR-DIST. INADEQUADA ENTRE VEÍC.,0,0,0,0,SALES OLIVEIRA,FRANCA,RIBEIRÃO PRETO,ESTADUAL,0.0,0.0,0.0,0.0,0.0,0.0,0.0,0.0,0.0,0.0,1.0,0.0,0.0,0.0,0.0,0.0
2026-06-04T00:00:00,14:01:19,L01-AUTOBAN,SPM330E,61.0,SUL,-23.175304483475,-46.918702125549,COLISÃO,COLISÃO-TRASEIRA,NÃO INFORMADO,0,2,0,0,JUNDIAÍ,CAMPINAS,CAMPINAS,ESTADUAL,0.0,0.0,2.0,0.0,0.0,0.0,0.0,0.0,0.0,0.0,0.0,0.0,0.0,0.0,0.0,0.0
2026-06-04T00:00:00,15:15:14,L01-AUTOBAN,SP330,120.0,NORTE,-22.756649,-47.254609,TOMBAMENTO,TOMBAMENTO,NÃO INFORMADO,0,0,0,0,AMERICANA,CAMPINAS,RIO CLARO,ESTADUAL,1.0,0.0,0.0,0.0,0.0,0.0,0.0,0.0,0.0,0.0,0.0,0.0,0.0,0.0,0.0,0.0
2026-06-04T00:00:00,15:56:26,L01-AUTOBAN,SP330,107.0,NORTE,-22.839452464188,-47.170829772949,COLISÃO,COLISÃO-TRASEIRA,NÃO INFORMADO,0,0,0,0,SUMARÉ,CAMPINAS,CAMPINAS,ESTADUAL,2.0,0.0,0.0,0.0,0.0,0.0,0.0,0.0,0.0,0.0,0.0,0.0,0.0,0.0,0.0,0.0
2026-06-04T00:00:00,16:21:15,L01-AUTOBAN,SP330,92.6,NORTE,-22.931876488557,-47.075934279328,COLISÃO,COLISÃO-TRASEIRA,NÃO INFORMADO,0,0,0,0,CAMPINAS,CAMPINAS,CAMPINAS,ESTADUAL,2.0,0.0,0.0,0.0,0.0,0.0,0.0,0.0,0.0,0.0,0.0,0.0,0.0,0.0,0.0,0.0
2026-06-04T00:00:00,17:07:36,L01-AUTOBAN,SP330,50.75,NORTE,-22.256182306349,-46.867180202239,CHOQUE,CHOQUE-OBJETO NA PISTA,NÃO INFORMADO,0,0,0,1,JUNDIAÍ,CAMPINAS,CAMPINAS,ESTADUAL,1.0,0.0,0.0,0.0,1.0,0.0,0.0,0.0,0.0,0.0,0.0,0.0,0.0,0.0,0.0,0.0
2026-06-04T00:00:00,18:55:14,L01-AUTOBAN,SPM330E,102.0,SUL,-22.868355,-47.132428,COLISÃO,COLISÃO-TRASEIRA,NÃO INFORMADO,2,0,0,0,CAMPINAS,CAMPINAS,CAMPINAS,ESTADUAL,1.0,1.0,0.0,0.0,0.0,0.0,0.0,0.0,0.0,0.0,0.0,0.0,0.0,0.0,0.0,0.0
2026-06-04T00:00:00,19:16:20,L28-ENTREVIAS,SP330,401.485,SUL,-20.41876564401334,-47.82894934436844,COLISÃO,COLISÃO-TRASEIRA,IMPRUD. CONDUTOR-FALTA DE ATENÇÃO,0,0,0,0,GUARÁ,FRANCA,RIBEIRÃO PRETO,ESTADUAL,1.0,1.0,0.0,0.0,0.0,0.0,0.0,0.0,0.0,0.0,0.0,0.0,0.0,0.0,0.0,0.0
2026-06-04T00:00:00,19:26:59,L06-INTERVIAS,SP330,179.8,NORTE,-22.26659728,-47.39100051,CHOQUE,CHOQUE-OBJETO NA PISTA,OBJETO NA PISTA,0,0,0,0,ARARAS,CAMPINAS,RIO CLARO,ESTADUAL,1.0,0.0,0.0,0.0,0.0,0.0,0.0,0.0,0.0,0.0,0.0,0.0,0.0,0.0,0.0,0.0
2026-06-04T00:00:00,20:47:41,L01-AUTOBAN,SP330,128.0,NORTE,-22.703830247056,-47.30342745781,ATROPELAMENTO DE PEDESTRE,ATROP. PEDESTRE-OUTROS,NÃO INFORMADO,0,0,0,1,AMERICANA,CAMPINAS,RIO CLARO,ESTADUAL,1.0,0.0,0.0,0.0,1.0,0.0,0.0,1.0,0.0,0.0,0.0,0.0,0.0,0.0,0.0,0.0
2026-06-04T00:00:00,22:14:00,L28-ENTREVIAS,SP330,319.0,SUL,-21.11722524534491,-47.77698945868193,ATROPELAMENTO DE ANIMAL,ATROP. ANIMAL-DOMÉSTICO GRANDE,ANIMAL NA RODOVIA,0,0,0,0,RIBEIRÃO PRETO,RIBEIRÃO PRETO,RIBEIRÃO PRETO,ESTADUAL,1.0,0.0,0.0,0.0,0.0,0.0,0.0,0.0,0.0,0.0,0.0,0.0,0.0,0.0,0.0,0.0
2026-06-04T00:00:00,23:46:27,L01-AUTOBAN,SP330,147.0,NORTE,-22.552436,-47.371004,COLISÃO,COLISÃO-TRASEIRA,NÃO INFORMADO,0,0,0,0,LIMEIRA,CAMPINAS,RIO CLARO,ESTADUAL,0.0,1.0,0.0,1.0,0.0,0.0,0.0,0.0,0.0,0.0,0.0,0.0,0.0,0.0,0.0,0.0
2026-06-05T00:00:00,00:59:18,L01-AUTOBAN,SPM330D,104.0,NORTE,-22.856805,-47.148633,CHOQUE,CHOQUE-DEFENSA/BARREIRA,NÃO INFORMADO,0,0,0,0,CAMPINAS,CAMPINAS,CAMPINAS,ESTADUAL,1.0,0.0,0.0,0.0,0.0,0.0,0.0,0.0,0.0,0.0,0.0,0.0,0.0,0.0,0.0,0.0
2026-06-05T00:00:00,03:09:45,L01-AUTOBAN,SP330,21.8,SUL,-23.454626631212,-46.78560661873,ATROPELAMENTO DE PEDESTRE,ATROP. PEDESTRE-OUTROS,NÃO INFORMADO,0,0,0,1,SÃO PAULO,REG. METROPOLITANA SÃO PAULO,SÃO PAULO,ESTADUAL,1.0,0.0,0.0,0.0,0.0,0.0,0.0,1.0,0.0,0.0,0.0,0.0,0.0,0.0,0.0,0.0
2026-06-05T00:00:00,06:39:25,L28-ENTREVIAS,SP330,388.2,NORTE,-20.52277359583428,-47.83968137540365,CHOQUE,CHOQUE-DEFENSA/BARREIRA,ESTOURO/FURO DE PNEU,0,0,0,0,SÃO JOAQUIM DA BARRA,FRANCA,RIBEIRÃO PRETO,ESTADUAL,1.0,0.0,0.0,0.0,0.0,0.0,0.0,0.0,0.0,0.0,0.0,0.0,0.0,0.0,0.0,0.0
2026-06-05T00:00:00,11:17:50,L06-INTERVIAS,SP330,188.8,NORTE,-22.18592859,-47.39800705,CHOQUE,CHOQUE-ELEMENTO DE DRENAGEM,IMPRUD. CONDUTOR-PERDA DE CONTROLE,0,0,0,0,LEME,CAMPINAS,RIO CLARO,ESTADUAL,0.0,0.0,0.0,0.0,1.0,0.0,0.0,0.0,0.0,0.0,0.0,0.0,0.0,0.0,0.0,0.0
2026-06-05T00:00:00,16:09:33,L01-AUTOBAN,SP330,65.0,NORTE,-23.144390043902,-46.939296126366,CAPOTAMENTO,CAPOTAMENTO,NÃO INFORMADO,2,0,0,0,JUNDIAÍ,CAMPINAS,CAMPINAS,ESTADUAL,1.0,0.0,0.0,0.0,0.0,0.0,0.0,0.0,0.0,0.0,0.0,0.0,0.0,0.0,0.0,0.0
2026-06-05T00:00:00,18:18:00,L28-ENTREVIAS,SP330,337.284,NORTE,-20.97051768229229,-47.86534655511598,TOMBAMENTO,TOMBAMENTO-VEÍCULO PESADO,IMPRUD. CONDUTOR-PERDA DE CONTROLE,0,0,0,0,JARDINÓPOLIS,RIBEIRÃO PRETO,RIBEIRÃO PRETO,ESTADUAL,0.0,0.0,0.0,0.0,1.0,0.0,0.0,0.0,0.0,0.0,0.0,0.0,0.0,0.0,0.0,0.0
2026-06-05T00:00:00,18:21:25,L01-AUTOBAN,SP330,97.0,NORTE,-22.904077630073,-47.107797861099,ENGAVETAMENTO,ENGAVETAMENTO,NÃO INFORMADO,1,0,0,0,CAMPINAS,CAMPINAS,CAMPINAS,ESTADUAL,3.0,0.0,0.0,0.0,0.0,0.0,0.0,0.0,0.0,0.0,0.0,0.0,0.0,0.0,0.0,0.0
2026-06-05T00:00:00,19:04:52,L06-INTERVIAS,SP330,189.87,SUL,-22.17629787,-47.39903928,COLISÃO,COLISÃO-TRASEIRA,IMPRUD. CONDUTOR,0,0,0,0,LEME,CAMPINAS,RIO CLARO,ESTADUAL,1.0,0.0,0.0,1.0,0.0,0.0,0.0,0.0,0.0,0.0,0.0,0.0,0.0,0.0,0.0,0.0
2026-06-05T00:00:00,21:08:48,L01-AUTOBAN,SPM330D,113.0,NORTE,-22.807007206431,-47.216341495514,TOMBAMENTO,TOMBAMENTO,NÃO INFORMADO,0,0,0,0,SUMARÉ,CAMPINAS,CAMPINAS,ESTADUAL,0.0,0.0,1.0,0.0,0.0,0.0,0.0,0.0,0.0,0.0,0.0,0.0,0.0,0.0,0.0,0.0
2026-06-05T00:00:00,22:55:23,L01-AUTOBAN,SP330,12.8,SUL,-23.508418038101,-46.738117577484,COLISÃO,COLISÃO-TRASEIRA,NÃO INFORMADO,1,0,0,0,SÃO PAULO,REG. METROPOLITANA SÃO PAULO,SÃO PAULO,ESTADUAL,2.0,0.0,0.0,0.0,0.0,0.0,0.0,0.0,0.0,0.0,0.0,0.0,0.0,0.0,0.0,0.0
2026-06-06T00:00:00,00:36:41,L01-AUTOBAN,SPM330E,55.0,SUL,-23.216229975306,-46.884031891823,CHOQUE,CHOQUE-ELEMENTO DE DRENAGEM,NÃO INFORMADO,0,0,0,0,JUNDIAÍ,CAMPINAS,CAMPINAS,ESTADUAL,1.0,0.0,0.0,0.0,0.0,0.0,0.0,0.0,0.0,0.0,0.0,0.0,0.0,0.0,0.0,0.0
2026-06-06T00:00:00,02:17:21,L01-AUTOBAN,SP330,49.0,NORTE,-23.265565500047,-46.867493391037,ATROPELAMENTO DE ANIMAL,ATROP. ANIMAL-OUTROS,NÃO INFORMADO,0,0,0,0,JUNDIAÍ,CAMPINAS,CAMPINAS,ESTADUAL,1.0,0.0,0.0,0.0,0.0,0.0,0.0,0.0,0.0,0.0,0.0,0.0,0.0,0.0,0.0,0.0
2026-06-06T00:00:00,03:20:44,L01-AUTOBAN,SP330,108.2,NORTE,-22.83154310023,-47.178511599104,COLISÃO,COLISÃO-LATERAL,NÃO INFORMADO,0,0,0,0,SUMARÉ,CAMPINAS,CAMPINAS,ESTADUAL,2.0,0.0,0.0,0.0,0.0,0.0,0.0,0.0,0.0,0.0,0.0,0.0,0.0,0.0,0.0,0.0
2026-06-06T00:00:00,05:19:25,L06-INTERVIAS,SPD002/165/330,2.63,LESTE,-22.39526633,-47.36653364,TOMBAMENTO,TOMBAMENTO,IMPRUD. CONDUTOR,1,0,0,0,ARARAS,NÃO INFORMADO,NÃO INFORMADO,NÃO INFORMADO,0.0,0.0,0.0,0.0,1.0,0.0,0.0,0.0,0.0,0.0,0.0,0.0,0.0,0.0,0.0,0.0
2026-06-06T00:00:00,06:57:40,L06-INTERVIAS,SP330,161.0,SUL,-22.43367873,-47.39542819,CHOQUE,CHOQUE-SINALIZAÇÃO/EQUIPAMENTO,IMPRUD. CONDUTOR-PERDA DE CONTROLE,0,0,0,0,ARARAS,CAMPINAS,RIO CLARO,ESTADUAL,1.0,0.0,0.0,0.0,0.0,0.0,0.0,0.0,0.0,0.0,0.0,0.0,0.0,0.0,0.0,0.0
2026-06-06T00:00:00,08:04:08,L01-AUTOBAN,SP330,20.0,SUL,-23.468905204683,-46.779066324234,COLISÃO,COLISÃO-FRONTAL,NÃO INFORMADO,1,0,0,0,OSASCO,REG. METROPOLITANA SÃO PAULO,SÃO PAULO,ESTADUAL,2.0,0.0,0.0,0.0,0.0,0.0,0.0,0.0,0.0,0.0,0.0,0.0,0.0,0.0,0.0,0.0
2026-06-06T00:00:00,15:52:36,L01-AUTOBAN,SP330,154.8,SUL,-22.495930103883,-47.399600474985,TOMBAMENTO,TOMBAMENTO,NÃO INFORMADO,0,0,1,0,CORDEIRÓPOLIS,CAMPINAS,RIO CLARO,ESTADUAL,0.0,0.0,0.0,0.0,1.0,0.0,0.0,0.0,0.0,0.0,0.0,0.0,0.0,0.0,0.0,0.0
2026-06-06T00:00:00,16:14:06,L01-AUTOBAN,SP330,17.0,NORTE,-23.490327991609,-46.766760349274,TOMBAMENTO,TOMBAMENTO-MOTO,NÃO INFORMADO,0,0,0,0,SÃO PAULO,REG. METROPOLITANA SÃO PAULO,SÃO PAULO,ESTADUAL,0.0,0.0,1.0,0.0,0.0,0.0,0.0,0.0,0.0,0.0,0.0,0.0,0.0,0.0,0.0,0.0
2026-06-06T00:00:00,19:41:06,L29-VIAPAULISTA,SP330,314.168,SUL,-21.14628298,-47.7590358,CHOQUE,CHOQUE-OBJETO NA PISTA,OBJETO NA PISTA,0,0,0,0,RIBEIRÃO PRETO,RIBEIRÃO PRETO,RIBEIRÃO PRETO,ESTADUAL,1.0,0.0,1.0,0.0,1.0,0.0,0.0,0.0,0.0,0.0,0.0,0.0,0.0,0.0,0.0,0.0
2026-06-07T00:00:00,07:19:15,L01-AUTOBAN,SPM330E,92.0,SUL,-22.935126302733,-47.071105241776,COLISÃO,COLISÃO-FRONTAL,NÃO INFORMADO,1,0,0,0,CAMPINAS,CAMPINAS,CAMPINAS,ESTADUAL,1.0,0.0,1.0,0.0,0.0,0.0,0.0,0.0,0.0,0.0,0.0,0.0,0.0,0.0,0.0,0.0
2026-06-07T00:00:00,09:37:59,L01-AUTOBAN,SP330,154.0,SUL,-22.496658391904,-47.399611473084,COLISÃO,COLISÃO-LATERAL,NÃO INFORMADO,0,0,0,0,CORDEIRÓPOLIS,CAMPINAS,RIO CLARO,ESTADUAL,2.0,0.0,0.0,0.0,0.0,0.0,0.0,0.0,0.0,0.0,0.0,0.0,0.0,0.0,0.0,0.0
2026-06-07T00:00:00,13:57:06,L06-INTERVIAS,SP330,225.4,NORTE,-21.86817138,-47.48991051,COLISÃO,COLISÃO-TRASEIRA,IMPRUD. CONDUTOR,0,0,0,0,PORTO FERREIRA,CENTRAL,RIO CLARO,ESTADUAL,0.0,0.0,0.0,1.0,1.0,0.0,0.0,0.0,0.0,0.0,0.0,0.0,0.0,0.0,0.0,0.0
2026-06-07T00:00:00,14:04:40,L01-AUTOBAN,SP330,76.9,NORTE,-23.053620789063,-46.999239007889,TOMBAMENTO,TOMBAMENTO-MOTO,NÃO INFORMADO,1,0,0,0,VINHEDO,CAMPINAS,CAMPINAS,ESTADUAL,0.0,0.0,1.0,0.0,0.0,0.0,0.0,0.0,0.0,0.0,0.0,0.0,0.0,0.0,0.0,0.0
2026-06-07T00:00:00,14:33:00,L06-INTERVIAS,SP330,182.735,NORTE,-22.2401993,-47.39052605,TOMBAMENTO,TOMBAMENTO,ESTOURO/FURO DE PNEU,0,0,0,0,LEME,CAMPINAS,RIO CLARO,ESTADUAL,0.0,0.0,1.0,0.0,0.0,0.0,0.0,0.0,0.0,0.0,0.0,0.0,0.0,0.0,0.0,0.0
2026-06-07T00:00:00,16:47:00,L28-ENTREVIAS,SP330,321.111,NORTE,-21.10114425085008,-47.78851655272587,COLISÃO,COLISÃO-TRASEIRA,TRÁFEGO-LENTIDÃO,0,0,0,0,RIBEIRÃO PRETO,RIBEIRÃO PRETO,RIBEIRÃO PRETO,ESTADUAL,1.0,0.0,0.0,0.0,0.0,0.0,0.0,0.0,0.0,0.0,1.0,0.0,0.0,0.0,0.0,0.0
2026-06-07T00:00:00,18:26:12,L01-AUTOBAN,SPM330E,14.0,SUL,-23.507187255032,-46.750034093857,COLISÃO,COLISÃO-FRONTAL,NÃO INFORMADO,0,0,0,0,SÃO PAULO,REG. METROPOLITANA SÃO PAULO,SÃO PAULO,ESTADUAL,1.0,0.0,0.0,0.0,0.0,0.0,0.0,0.0,0.0,0.0,0.0,0.0,0.0,0.0,0.0,0.0
2026-06-07T00:00:00,18:52:52,L28-ENTREVIAS,SP330,399.795,SUL,-20.4328242104936,-47.83472190056273,COLISÃO,COLISÃO-TRASEIRA,ESTOURO/FURO DE PNEU,0,0,0,1,GUARÁ,FRANCA,RIBEIRÃO PRETO,ESTADUAL,0.0,0.0,0.0,0.0,2.0,0.0,0.0,0.0,0.0,0.0,0.0,0.0,0.0,0.0,0.0,0.0
2026-06-07T00:00:00,19:56:39,L01-AUTOBAN,SP330,36.9,SUL,-23.352187806461,-46.847035788422,CHOQUE,CHOQUE-TALUDE/BARRANCO,NÃO INFORMADO,0,0,0,0,CAJAMAR,REG. METROPOLITANA SÃO PAULO,SÃO PAULO,ESTADUAL,1.0,0.0,0.0,0.0,0.0,0.0,0.0,0.0,0.0,0.0,0.0,0.0,0.0,0.0,0.0,0.0
2026-06-07T00:00:00,20:53:12,L01-AUTOBAN,SP330,65.5,SUL,-23.141040667669,-46.941777169704,TOMBAMENTO,TOMBAMENTO-MOTO,NÃO INFORMADO,0,0,0,0,JUNDIAÍ,CAMPINAS,CAMPINAS,ESTADUAL,0.0,0.0,1.0,0.0,0.0,0.0,0.0,0.0,0.0,0.0,0.0,0.0,0.0,0.0,0.0,0.0
2026-06-07T00:00:00,21:34:33,L01-AUTOBAN,SP330,12.2,NORTE,-23.508921485868,-46.732604010114,COLISÃO,COLISÃO-TRASEIRA,NÃO INFORMADO,1,0,0,0,SÃO PAULO,REG. METROPOLITANA SÃO PAULO,SÃO PAULO,ESTADUAL,1.0,0.0,1.0,0.0,0.0,0.0,0.0,0.0,0.0,0.0,0.0,0.0,0.0,0.0,0.0,0.0
2026-06-07T00:00:00,22:24:59,L01-AUTOBAN,SP330,18.0,NORTE,-23.482416628034,-46.770944595337,COLISÃO,COLISÃO-TRASEIRA,NÃO INFORMADO,1,0,0,0,OSASCO,REG. METROPOLITANA SÃO PAULO,SÃO PAULO,ESTADUAL,0.0,0.0,1.0,0.0,1.0,0.0,0.0,0.0,0.0,0.0,0.0,0.0,0.0,0.0,0.0,0.0
2026-06-08T00:00:00,02:36:32,L01-AUTOBAN,SPM330E,112.7,SUL,-22.809249240073,-47.214290120319,CHOQUE,CHOQUE-MEIO FIO,NÃO INFORMADO,0,0,0,0,SUMARÉ,CAMPINAS,CAMPINAS,ESTADUAL,1.0,0.0,0.0,0.0,0.0,0.0,0.0,0.0,0.0,0.0,0.0,0.0,0.0,0.0,0.0,0.0
2026-06-08T00:00:00,06:46:25,L01-AUTOBAN,SP330,114.9,SUL,-22.793290025276,-47.225884265304,TOMBAMENTO,TOMBAMENTO-MOTO,NÃO INFORMADO,1,0,0,0,SUMARÉ,CAMPINAS,CAMPINAS,ESTADUAL,0.0,0.0,1.0,0.0,0.0,0.0,0.0,0.0,0.0,0.0,0.0,0.0,0.0,0.0,0.0,0.0
2026-06-08T00:00:00,12:50:39,L01-AUTOBAN,SP330,58.0,NORTE,-23.196902870305,-46.903708577156,COLISÃO,COLISÃO-TRASEIRA,NÃO INFORMADO,0,0,0,0,JUNDIAÍ,CAMPINAS,CAMPINAS,ESTADUAL,1.0,1.0,0.0,0.0,0.0,0.0,0.0,0.0,0.0,0.0,0.0,0.0,0.0,0.0,0.0,0.0
2026-06-08T00:00:00,14:46:05,L01-AUTOBAN,SP330,11.46,NORTE,-23.510308819155,-46.728911022024,COLISÃO,COLISÃO-TRASEIRA,NÃO INFORMADO,0,2,0,0,SÃO PAULO,REG. METROPOLITANA SÃO PAULO,SÃO PAULO,ESTADUAL,1.0,0.0,0.0,1.0,0.0,0.0,0.0,0.0,0.0,0.0,0.0,0.0,0.0,0.0,0.0,0.0
2026-06-08T00:00:00,19:23:17,L06-INTERVIAS,SP330,193.0,SUL,-22.14857711,-47.40257238,COLISÃO,COLISÃO-TRASEIRA,IMPRUD. CONDUTOR,0,0,0,0,LEME,CAMPINAS,RIO CLARO,ESTADUAL,1.0,0.0,0.0,0.0,1.0,0.0,0.0,0.0,0.0,0.0,0.0,0.0,0.0,0.0,0.0,0.0
2026-06-08T00:00:00,20:58:18,L01-AUTOBAN,SPM330E,54.0,SUL,-23.223269868853,-46.877589225769,COLISÃO,COLISÃO-TRASEIRA,NÃO INFORMADO,0,0,0,0,JUNDIAÍ,CAMPINAS,CAMPINAS,ESTADUAL,1.0,0.0,1.0,0.0,0.0,0.0,0.0,0.0,0.0,0.0,0.0,0.0,0.0,0.0,0.0,0.0
2026-06-08T00:00:00,22:17:52,L06-INTERVIAS,SP330,196.8,SUL,-22.115614,-47.41181263,CHOQUE,CHOQUE-ELEMENTO DE DRENAGEM,IMPRUD. CONDUTOR-PERDA DE CONTROLE,0,0,0,2,SANTA CRUZ DA CONCEIÇÃO,CAMPINAS,RIO CLARO,ESTADUAL,1.0,0.0,0.0,0.0,1.0,0.0,0.0,0.0,0.0,0.0,0.0,0.0,0.0,0.0,0.0,0.0
2026-06-09T00:00:00,03:33:11,L01-AUTOBAN,SP330,67.0,NORTE,-23.130400247867,-46.95047557354,TOMBAMENTO,TOMBAMENTO,NÃO INFORMADO,0,0,0,0,JUNDIAÍ,CAMPINAS,CAMPINAS,ESTADUAL,1.0,0.0,0.0,0.0,0.0,0.0,0.0,0.0,0.0,0.0,0.0,0.0,0.0,0.0,0.0,0.0
2026-06-09T00:00:00,06:39:02,L01-AUTOBAN,SP330,53.0,SUL,-23.230945296234,-46.87306702137,COLISÃO,COLISÃO-LATERAL,NÃO INFORMADO,1,0,0,0,JUNDIAÍ,CAMPINAS,CAMPINAS,ESTADUAL,1.0,0.0,1.0,0.0,0.0,0.0,0.0,0.0,0.0,0.0,0.0,0.0,0.0,0.0,0.0,0.0
2026-06-09T00:00:00,11:13:48,L01-AUTOBAN,SP330,104.0,NORTE,-22.856805,-47.148633,COLISÃO,COLISÃO-LATERAL,NÃO INFORMADO,2,0,0,0,CAMPINAS,CAMPINAS,CAMPINAS,ESTADUAL,1.0,1.0,0.0,0.0,0.0,0.0,0.0,0.0,0.0,0.0,0.0,0.0,0.0,0.0,0.0,0.0
2026-06-09T00:00:00,11:28:14,L29-VIAPAULISTA,SP330,252.919,NORTE,-21.65879095,-47.60893554,CHOQUE,CHOQUE-OBJETO NA PISTA,IMPRUD. CONDUTOR,0,0,0,0,SANTA RITA DO PASSA QUATRO,CENTRAL,RIBEIRÃO PRETO,ESTADUAL,0.0,1.0,1.0,0.0,0.0,0.0,0.0,0.0,0.0,0.0,0.0,0.0,0.0,0.0,0.0,0.0
2026-06-09T00:00:00,12:41:00,L28-ENTREVIAS,SP330,326.8,NORTE,-21.05004696213165,-47.82535586996326,TOMBAMENTO,TOMBAMENTO-MOTO,ESTOURO/FURO DE PNEU,1,1,0,0,JARDINÓPOLIS,RIBEIRÃO PRETO,RIBEIRÃO PRETO,ESTADUAL,0.0,0.0,1.0,0.0,0.0,0.0,0.0,0.0,0.0,0.0,0.0,0.0,0.0,0.0,0.0,0.0
2026-06-09T00:00:00,15:14:16,L01-AUTOBAN,SPM330D,106.0,NORTE,-22.846507,-47.164055,COLISÃO,COLISÃO-FRONTAL,NÃO INFORMADO,0,0,0,0,SUMARÉ,CAMPINAS,CAMPINAS,ESTADUAL,1.0,1.0,0.0,0.0,0.0,0.0,0.0,0.0,0.0,0.0,0.0,0.0,0.0,0.0,0.0,0.0
2026-06-09T00:00:00,17:55:55,L29-VIAPAULISTA,SP330,314.298,SUL,-21.14541344,-47.75939348,COLISÃO,COLISÃO-LATERAL,IMPRUD. CONDUTOR,1,0,0,0,RIBEIRÃO PRETO,RIBEIRÃO PRETO,RIBEIRÃO PRETO,ESTADUAL,1.0,0.0,1.0,0.0,0.0,0.0,0.0,0.0,0.0,0.0,0.0,0.0,0.0,0.0,0.0,0.0
2026-06-09T00:00:00,18:58:08,L01-AUTOBAN,SP330,125.5,SUL,-22.723757295445,-47.29354351759,COLISÃO,COLISÃO-TRASEIRA,NÃO INFORMADO,0,0,1,0,AMERICANA,CAMPINAS,RIO CLARO,ESTADUAL,1.0,0.0,0.0,0.0,0.0,1.0,0.0,0.0,0.0,0.0,0.0,0.0,0.0,0.0,0.0,0.0
2026-06-09T00:00:00,19:32:17,L01-AUTOBAN,SPM330E,105.2,SUL,-22.851026458493,-47.158285594942,TOMBAMENTO,TOMBAMENTO-MOTO,NÃO INFORMADO,1,0,0,0,CAMPINAS,CAMPINAS,CAMPINAS,ESTADUAL,0.0,1.0,1.0,0.0,0.0,0.0,0.0,0.0,0.0,0.0,0.0,0.0,0.0,0.0,0.0,0.0
2026-06-10T00:00:00,01:04:35,L06-INTERVIAS,SP330,229.765,NORTE,-21.82943414,-47.49510851,COLISÃO,COLISÃO-TRASEIRA,IMPRUD. CONDUTOR-DORMIR AO VOLANTE,0,0,0,0,PORTO FERREIRA,CENTRAL,RIO CLARO,ESTADUAL,0.0,0.0,0.0,1.0,1.0,0.0,0.0,0.0,0.0,0.0,0.0,0.0,0.0,0.0,0.0,0.0
2026-06-10T00:00:00,02:55:43,L29-VIAPAULISTA,SP330,263.358,NORTE,-21.56695926,-47.63255606,CHOQUE,CHOQUE-VEÍCULO PARADO NO ACOSTAMENTO,IMPRUD. CONDUTOR,0,0,0,0,SÃO SIMÃO,RIBEIRÃO PRETO,RIBEIRÃO PRETO,ESTADUAL,0.0,0.0,0.0,1.0,1.0,0.0,0.0,0.0,0.0,0.0,0.0,0.0,0.0,0.0,0.0,0.0
2026-06-10T00:00:00,07:10:50,L01-AUTOBAN,SP330,22.0,SUL,-23.45303514236,-46.78664624691,COLISÃO,COLISÃO-TRASEIRA,NÃO INFORMADO,0,1,0,0,SÃO PAULO,REG. METROPOLITANA SÃO PAULO,SÃO PAULO,ESTADUAL,0.0,0.0,1.0,1.0,0.0,0.0,0.0,0.0,0.0,0.0,0.0,0.0,0.0,0.0,0.0,0.0
2026-06-10T00:00:00,07:39:48,L01-AUTOBAN,SP330,61.0,SUL,-23.175304483475,-46.918702125549,COLISÃO,COLISÃO-LATERAL,NÃO INFORMADO,0,0,0,0,JUNDIAÍ,CAMPINAS,CAMPINAS,ESTADUAL,1.0,0.0,1.0,0.0,0.0,0.0,0.0,0.0,0.0,0.0,0.0,0.0,0.0,0.0,0.0,0.0
2026-06-10T00:00:00,08:39:06,L01-AUTOBAN,SP330,101.0,SUL,-22.874089445764,-47.124878168106,COLISÃO,COLISÃO-TRASEIRA,NÃO INFORMADO,1,0,0,0,CAMPINAS,CAMPINAS,CAMPINAS,ESTADUAL,1.0,0.0,1.0,0.0,0.0,0.0,0.0,0.0,0.0,0.0,0.0,0.0,0.0,0.0,0.0,0.0
2026-06-10T00:00:00,11:05:00,L28-ENTREVIAS,SP330,423.854,NORTE,-20.23433992369979,-47.79162875342562,ENGAVETAMENTO,ENGAVETAMENTO,IMPRUD. CONDUTOR-FALTA DE ATENÇÃO,0,0,0,0,BURITIZAL,FRANCA,RIBEIRÃO PRETO,ESTADUAL,0.0,0.0,0.0,0.0,2.0,0.0,0.0,0.0,0.0,0.0,1.0,0.0,0.0,0.0,0.0,0.0
2026-06-10T00:00:00,11:37:49,L29-VIAPAULISTA,SP330,257.99,SUL,-21.62163478,-47.61504435,COLISÃO,COLISÃO-TRASEIRA,IMPRUD. CONDUTOR-DIST. INADEQUADA ENTRE VEÍC.,2,0,0,0,SANTA RITA DO PASSA QUATRO,CENTRAL,RIBEIRÃO PRETO,ESTADUAL,1.0,0.0,0.0,0.0,1.0,0.0,0.0,0.0,0.0,0.0,0.0,0.0,0.0,0.0,0.0,0.0
2026-06-10T00:00:00,12:22:07,L29-VIAPAULISTA,SP330,307.32,NORTE,-21.2100808,-47.75846037,TOMBAMENTO,TOMBAMENTO,IMPRUD. CONDUTOR-LEVOU FECHADA,0,0,0,0,RIBEIRÃO PRETO,RIBEIRÃO PRETO,RIBEIRÃO PRETO,ESTADUAL,0.0,0.0,1.0,0.0,0.0,0.0,0.0,0.0,0.0,0.0,0.0,0.0,0.0,0.0,0.0,0.0
2026-06-10T00:00:00,12:41:36,L01-AUTOBAN,SP330,12.0,NORTE,-23.509174607034,-46.730620265007,COLISÃO,COLISÃO-LATERAL,NÃO INFORMADO,0,1,0,0,SÃO PAULO,REG. METROPOLITANA SÃO PAULO,SÃO PAULO,ESTADUAL,1.0,0.0,0.0,0.0,1.0,0.0,1.0,0.0,0.0,0.0,0.0,0.0,0.0,0.0,0.0,0.0
2026-06-10T00:00:00,14:38:43,L01-AUTOBAN,SP330,15.0,SUL,-23.499916439503,-46.754695773125,ENGAVETAMENTO,ENGAVETAMENTO,NÃO INFORMADO,0,0,0,0,SÃO PAULO,REG. METROPOLITANA SÃO PAULO,SÃO PAULO,ESTADUAL,4.0,0.0,0.0,1.0,1.0,0.0,0.0,0.0,0.0,0.0,0.0,0.0,0.0,0.0,0.0,0.0
2026-06-10T00:00:00,15:01:56,L01-AUTOBAN,SP330,96.9,SUL,-22.905120741865,-47.107200274786,TOMBAMENTO,TOMBAMENTO-MOTO,NÃO INFORMADO,0,1,0,0,CAMPINAS,CAMPINAS,CAMPINAS,ESTADUAL,0.0,0.0,1.0,0.0,0.0,0.0,0.0,0.0,0.0,0.0,0.0,0.0,0.0,0.0,0.0,0.0
2026-06-10T00:00:00,17:20:39,L29-VIAPAULISTA,SP330,313.55,SUL,-21.15231782,-47.75746444,COLISÃO,COLISÃO-TRASEIRA,IMPRUD. CONDUTOR,0,0,0,0,RIBEIRÃO PRETO,RIBEIRÃO PRETO,RIBEIRÃO PRETO,ESTADUAL,0.0,0.0,0.0,0.0,2.0,0.0,0.0,0.0,0.0,0.0,0.0,0.0,0.0,0.0,0.0,0.0
2026-06-10T00:00:00,18:00:32,L01-AUTOBAN,SPM330D,106.0,NORTE,-22.846507,-47.164055,COLISÃO,COLISÃO-TRASEIRA,NÃO INFORMADO,0,0,0,0,SUMARÉ,CAMPINAS,CAMPINAS,ESTADUAL,0.0,0.0,1.0,0.0,1.0,0.0,0.0,0.0,0.0,0.0,0.0,0.0,0.0,0.0,0.0,0.0
2026-06-10T00:00:00,18:17:11,L06-INTERVIAS,SP330,182.0,NORTE,-22.24682617,-47.39010872,ATROPELAMENTO DE PEDESTRE,ATROP. PEDESTRE-OUTROS,IMPRUD. PEDESTRE-USUÁRIO,1,0,0,0,LEME,CAMPINAS,RIO CLARO,ESTADUAL,0.0,0.0,0.0,1.0,0.0,0.0,0.0,1.0,0.0,0.0,0.0,0.0,0.0,0.0,0.0,0.0
2026-06-10T00:00:00,19:27:58,L06-INTERVIAS,SP330,179.8,NORTE,-22.26659728,-47.39100051,COLISÃO,COLISÃO-LATERAL,IMPRUD. CONDUTOR,0,0,0,0,ARARAS,CAMPINAS,RIO CLARO,ESTADUAL,1.0,0.0,0.0,0.0,1.0,0.0,0.0,0.0,0.0,0.0,0.0,0.0,0.0,0.0,0.0,0.0
2026-06-10T00:00:00,23:49:11,L01-AUTOBAN,SP330,37.2,SUL,-23.349965544455,-46.845676426952,CHOQUE,CHOQUE-DEFENSA/BARREIRA,NÃO INFORMADO,0,0,0,0,CAJAMAR,REG. METROPOLITANA SÃO PAULO,SÃO PAULO,ESTADUAL,1.0,0.0,0.0,0.0,0.0,0.0,0.0,0.0,0.0,0.0,0.0,0.0,0.0,0.0,0.0,0.0
2026-06-11T00:00:00,06:07:11,L29-VIAPAULISTA,SPD307/330,307.5,NORTE,-21.20587184,-47.75823958,TOMBAMENTO,TOMBAMENTO,IMPRUD. CONDUTOR-PERDA DE CONTROLE,0,0,2,0,RIBEIRÃO PRETO,NÃO INFORMADO,NÃO INFORMADO,NÃO INFORMADO,1.0,0.0,1.0,2.0,0.0,0.0,0.0,1.0,0.0,0.0,0.0,0.0,0.0,0.0,0.0,0.0
2026-06-11T00:00:00,06:33:26,L01-AUTOBAN,SP330,103.0,SUL,-22.862525,-47.139454,COLISÃO,COLISÃO-LATERAL,NÃO INFORMADO,0,0,0,0,CAMPINAS,CAMPINAS,CAMPINAS,ESTADUAL,2.0,0.0,0.0,0.0,0.0,0.0,0.0,0.0,0.0,0.0,0.0,0.0,0.0,0.0,0.0,0.0
2026-06-11T00:00:00,07:37:21,L01-AUTOBAN,SP330,125.0,SUL,-22.728537083875,-47.292033433914,CHOQUE,CHOQUE-DEFENSA/BARREIRA,NÃO INFORMADO,0,0,0,0,AMERICANA,CAMPINAS,RIO CLARO,ESTADUAL,1.0,0.0,0.0,0.0,0.0,0.0,0.0,0.0,0.0,0.0,0.0,0.0,0.0,0.0,0.0,0.0
2026-06-11T00:00:00,07:49:16,L01-AUTOBAN,SP330,27.0,SUL,-23.416174795809,-46.80314719677,COLISÃO,COLISÃO-LATERAL,NÃO INFORMADO,0,0,0,0,SÃO PAULO,REG. METROPOLITANA SÃO PAULO,SÃO PAULO,ESTADUAL,1.0,0.0,0.0,0.0,1.0,0.0,0.0,0.0,0.0,0.0,0.0,0.0,0.0,0.0,0.0,0.0
2026-06-11T00:00:00,08:42:28,L06-INTERVIAS,SP330,178.3,NORTE,-22.28004454,-47.39275042,CAPOTAMENTO,CAPOTAMENTO,IMPRUD. CONDUTOR-LEVOU FECHADA,1,0,0,0,ARARAS,CAMPINAS,RIO CLARO,ESTADUAL,1.0,0.0,0.0,0.0,0.0,0.0,0.0,0.0,0.0,0.0,0.0,0.0,0.0,0.0,0.0,0.0
2026-06-11T00:00:00,11:33:47,L01-AUTOBAN,SP330,112.0,NORTE,-22.813712468257,-47.208970785141,COLISÃO,COLISÃO-TRASEIRA,NÃO INFORMADO,0,0,0,0,SUMARÉ,CAMPINAS,CAMPINAS,ESTADUAL,1.0,0.0,0.0,1.0,0.0,0.0,0.0,0.0,0.0,0.0,0.0,0.0,0.0,0.0,0.0,0.0
2026-06-11T00:00:00,12:13:50,L29-VIAPAULISTA,SPA307/330,0.1,LESTE,-21.20513516,-47.75949371,CHOQUE,CHOQUE-DEFENSA/BARREIRA,IMPRUD. CONDUTOR,0,0,0,0,RIBEIRÃO PRETO,RIBEIRÃO PRETO,RIBEIRÃO PRETO,ESTADUAL,2.0,0.0,0.0,0.0,0.0,0.0,0.0,0.0,0.0,0.0,0.0,0.0,0.0,0.0,0.0,0.0
2026-06-11T00:00:00,12:46:35,L01-AUTOBAN,SP330,63.0,SUL,-23.16087896177,-46.931920051575,COLISÃO,COLISÃO-TRASEIRA,NÃO INFORMADO,1,0,0,0,JUNDIAÍ,CAMPINAS,CAMPINAS,ESTADUAL,1.0,0.0,0.0,0.0,0.0,0.0,0.0,0.0,0.0,0.0,0.0,0.0,0.0,0.0,0.0,0.0
2026-06-11T00:00:00,14:24:41,L06-INTERVIAS,SP330,175.0,NORTE,-22.30969034,-47.39105016,CHOQUE,CHOQUE-DEFENSA/BARREIRA,IMPRUD. CONDUTOR-FREADA BRUSCA,0,0,0,0,ARARAS,CAMPINAS,RIO CLARO,ESTADUAL,0.0,0.0,0.0,0.0,1.0,0.0,0.0,0.0,0.0,0.0,0.0,0.0,0.0,0.0,0.0,0.0
2026-06-11T00:00:00,16:54:21,L29-VIAPAULISTA,SP330,279.827,SUL,-21.4230977,-47.65775205,COLISÃO,COLISÃO-TRASEIRA,IMPRUD. CONDUTOR,0,0,0,0,SÃO SIMÃO,RIBEIRÃO PRETO,RIBEIRÃO PRETO,ESTADUAL,1.0,0.0,0.0,0.0,1.0,0.0,0.0,0.0,0.0,0.0,0.0,0.0,0.0,0.0,0.0,0.0
2026-06-11T00:00:00,17:25:21,L29-VIAPAULISTA,SP330,312.2,NORTE,-21.16351382,-47.75613744,CHOQUE,CHOQUE-DEFENSA/BARREIRA,IMPRUD. CONDUTOR-PERDA DE CONTROLE,0,0,0,0,RIBEIRÃO PRETO,RIBEIRÃO PRETO,RIBEIRÃO PRETO,ESTADUAL,1.0,0.0,0.0,0.0,0.0,0.0,0.0,0.0,0.0,0.0,0.0,0.0,0.0,0.0,0.0,0.0
2026-06-11T00:00:00,18:07:58,L29-VIAPAULISTA,SP330,311.136,NORTE,-21.17310488,-47.75652053,ENGAVETAMENTO,ENGAVETAMENTO,IMPRUD. CONDUTOR,0,0,0,0,RIBEIRÃO PRETO,RIBEIRÃO PRETO,RIBEIRÃO PRETO,ESTADUAL,3.0,0.0,1.0,1.0,0.0,0.0,0.0,0.0,0.0,0.0,0.0,0.0,0.0,0.0,0.0,0.0
2026-06-11T00:00:00,18:09:42,L01-AUTOBAN,SPM330E,106.3,SUL,-22.844705615068,-47.166255017291,COLISÃO,COLISÃO-LATERAL,NÃO INFORMADO,1,0,0,0,SUMARÉ,CAMPINAS,CAMPINAS,ESTADUAL,1.0,0.0,1.0,0.0,0.0,0.0,0.0,0.0,0.0,0.0,0.0,0.0,0.0,0.0,0.0,0.0
2026-06-11T00:00:00,18:23:10,L29-VIAPAULISTA,SP330,265.919,SUL,-21.54505766,-47.6395221,COLISÃO,COLISÃO-LATERAL,IMPRUD. CONDUTOR,0,0,0,0,SÃO SIMÃO,RIBEIRÃO PRETO,RIBEIRÃO PRETO,ESTADUAL,0.0,0.0,0.0,0.0,2.0,0.0,0.0,0.0,0.0,0.0,0.0,0.0,0.0,0.0,0.0,0.0
2026-06-11T00:00:00,18:24:06,L01-AUTOBAN,SPM330E,111.0,SUL,-22.818118179636,-47.201744914055,COLISÃO,COLISÃO-TRASEIRA,NÃO INFORMADO,0,0,0,0,SUMARÉ,CAMPINAS,CAMPINAS,ESTADUAL,2.0,0.0,0.0,0.0,0.0,0.0,0.0,0.0,0.0,0.0,0.0,0.0,0.0,0.0,0.0,0.0
2026-06-11T00:00:00,18:25:46,L06-INTERVIAS,SP330,198.0,NORTE,-22.10499115,-47.41353782,CHOQUE,CHOQUE-OUTROS,OBJETO NA PISTA,0,0,0,0,SANTA CRUZ DA CONCEIÇÃO,CAMPINAS,RIO CLARO,ESTADUAL,1.0,0.0,0.0,0.0,0.0,0.0,0.0,0.0,0.0,0.0,0.0,0.0,0.0,0.0,0.0,0.0
2026-06-11T00:00:00,18:26:22,L01-AUTOBAN,SP330,24.0,SUL,-23.434825279713,-46.786420941353,ENGAVETAMENTO,ENGAVETAMENTO,NÃO INFORMADO,0,0,0,0,SÃO PAULO,REG. METROPOLITANA SÃO PAULO,SÃO PAULO,ESTADUAL,3.0,0.0,0.0,0.0,0.0,0.0,0.0,0.0,0.0,0.0,0.0,0.0,0.0,0.0,0.0,0.0
2026-06-11T00:00:00,18:28:33,L01-AUTOBAN,SP330,12.0,NORTE,-23.509174607034,-46.730620265007,COLISÃO,COLISÃO-TRASEIRA,NÃO INFORMADO,0,0,0,0,SÃO PAULO,REG. METROPOLITANA SÃO PAULO,SÃO PAULO,ESTADUAL,1.0,0.0,1.0,0.0,0.0,0.0,0.0,0.0,0.0,0.0,0.0,0.0,0.0,0.0,0.0,0.0
2026-06-11T00:00:00,18:52:06,L01-AUTOBAN,SP330,106.0,SUL,-22.846779018086,-47.164285182953,TOMBAMENTO,TOMBAMENTO-MOTO,NÃO INFORMADO,1,0,0,0,SUMARÉ,CAMPINAS,CAMPINAS,ESTADUAL,0.0,0.0,1.0,0.0,0.0,0.0,0.0,0.0,0.0,0.0,0.0,0.0,0.0,0.0,0.0,0.0
2026-06-11T00:00:00,21:08:04,L01-AUTOBAN,SP330,127.8,SUL,-22.705609750523,-47.302462952785,COLISÃO,COLISÃO-TRASEIRA,NÃO INFORMADO,0,0,0,1,AMERICANA,CAMPINAS,RIO CLARO,ESTADUAL,0.0,1.0,1.0,0.0,0.0,0.0,0.0,0.0,0.0,0.0,0.0,0.0,0.0,0.0,0.0,0.0
2026-06-12T00:00:00,01:35:00,L28-ENTREVIAS,SP330,407.601,SUL,-20.38222580221474,-47.8139226113969,CHOQUE,CHOQUE-DEFENSA/BARREIRA,IMPRUD. CONDUTOR-LEVOU FECHADA,0,0,0,0,ITUVERAVA,FRANCA,RIBEIRÃO PRETO,ESTADUAL,0.0,0.0,0.0,0.0,1.0,0.0,0.0,0.0,0.0,0.0,0.0,0.0,0.0,0.0,0.0,0.0
2026-06-12T00:00:00,02:00:39,L01-AUTOBAN,SP330,108.7,SUL,-22.829132153459,-47.182195197215,TOMBAMENTO,TOMBAMENTO,NÃO INFORMADO,0,1,0,0,SUMARÉ,CAMPINAS,CAMPINAS,ESTADUAL,0.0,0.0,0.0,0.0,1.0,0.0,0.0,0.0,0.0,0.0,0.0,0.0,0.0,0.0,0.0,0.0
2026-06-12T00:00:00,06:34:30,L01-AUTOBAN,SP330,13.3,SUL,-23.50786217008,-46.743042113302,COLISÃO,COLISÃO-LATERAL,NÃO INFORMADO,0,1,0,0,SÃO PAULO,REG. METROPOLITANA SÃO PAULO,SÃO PAULO,ESTADUAL,2.0,0.0,1.0,0.0,0.0,0.0,0.0,0.0,0.0,0.0,0.0,0.0,0.0,0.0,0.0,0.0
2026-06-12T00:00:00,07:21:36,L29-VIAPAULISTA,SP330,313.477,SUL,-21.15292871,-47.75731398,COLISÃO,COLISÃO-LATERAL,IMPRUD. CONDUTOR-PERDA DE CONTROLE,0,1,0,0,RIBEIRÃO PRETO,RIBEIRÃO PRETO,RIBEIRÃO PRETO,ESTADUAL,0.0,1.0,1.0,0.0,0.0,0.0,0.0,0.0,0.0,0.0,0.0,0.0,0.0,0.0,0.0,0.0
2026-06-12T00:00:00,08:28:44,L29-VIAPAULISTA,SP330,307.407,NORTE,-21.20670814,-47.75828345,TOMBAMENTO,TOMBAMENTO,IMPRUD. CONDUTOR-PERDA DE CONTROLE,1,0,0,0,RIBEIRÃO PRETO,RIBEIRÃO PRETO,RIBEIRÃO PRETO,ESTADUAL,0.0,0.0,1.0,0.0,0.0,0.0,0.0,0.0,0.0,0.0,0.0,0.0,0.0,0.0,0.0,0.0
2026-06-12T00:00:00,08:59:48,L01-AUTOBAN,SP330,147.0,NORTE,-22.552436,-47.371004,COLISÃO,COLISÃO-TRASEIRA,NÃO INFORMADO,1,0,0,0,LIMEIRA,CAMPINAS,RIO CLARO,ESTADUAL,2.0,0.0,0.0,0.0,0.0,0.0,0.0,0.0,0.0,0.0,0.0,0.0,0.0,0.0,0.0,0.0
2026-06-12T00:00:00,10:14:11,L01-AUTOBAN,SPM330D,59.0,NORTE,-23.188929625353,-46.906567811966,COLISÃO,COLISÃO-TRASEIRA,NÃO INFORMADO,1,0,0,0,JUNDIAÍ,CAMPINAS,CAMPINAS,ESTADUAL,0.0,1.0,1.0,0.0,0.0,0.0,0.0,0.0,0.0,0.0,0.0,0.0,0.0,0.0,0.0,0.0
2026-06-12T00:00:00,15:11:58,L01-AUTOBAN,SPM330D,109.7,NORTE,-22.824082719333,-47.189899179903,COLISÃO,COLISÃO-LATERAL,NÃO INFORMADO,1,0,0,0,SUMARÉ,CAMPINAS,CAMPINAS,ESTADUAL,1.0,0.0,0.0,0.0,1.0,0.0,0.0,0.0,0.0,0.0,0.0,0.0,0.0,0.0,0.0,0.0
2026-06-12T00:00:00,16:19:42,L29-VIAPAULISTA,SP330,313.28,SUL,-21.15429003,-47.75701354,COLISÃO,COLISÃO-TRASEIRA,IMPRUD. CONDUTOR-PERDA DE CONTROLE,1,0,0,0,RIBEIRÃO PRETO,RIBEIRÃO PRETO,RIBEIRÃO PRETO,ESTADUAL,0.0,0.0,1.0,1.0,0.0,0.0,0.0,0.0,0.0,0.0,0.0,0.0,0.0,0.0,0.0,0.0
2026-06-12T00:00:00,16:26:02,L29-VIAPAULISTA,SP330,308.584,NORTE,-21.19608936,-47.7577264,CHOQUE,CHOQUE-DEFENSA/BARREIRA,IMPRUD. CONDUTOR-PERDA DE CONTROLE,1,0,1,0,RIBEIRÃO PRETO,RIBEIRÃO PRETO,RIBEIRÃO PRETO,ESTADUAL,0.0,0.0,1.0,0.0,0.0,0.0,0.0,0.0,0.0,0.0,0.0,0.0,0.0,0.0,0.0,0.0
2026-06-12T00:00:00,17:28:28,L06-INTERVIAS,SP330,188.5,NORTE,-22.18862484,-47.39770639,CHOQUE,CHOQUE-TALUDE/BARRANCO,NÃO INFORMADO,0,0,0,0,LEME,CAMPINAS,RIO CLARO,ESTADUAL,1.0,0.0,0.0,0.0,0.0,0.0,0.0,0.0,0.0,0.0,0.0,0.0,0.0,0.0,0.0,0.0
2026-06-12T00:00:00,18:06:00,L01-AUTOBAN,SP330,24.0,NORTE,-23.434539807835,-46.786286830902,COLISÃO,COLISÃO-TRASEIRA,NÃO INFORMADO,0,0,0,0,SÃO PAULO,REG. METROPOLITANA SÃO PAULO,SÃO PAULO,ESTADUAL,2.0,0.0,0.0,0.0,0.0,0.0,0.0,0.0,0.0,0.0,0.0,0.0,0.0,0.0,0.0,0.0
2026-06-12T00:00:00,18:21:52,L01-AUTOBAN,SP330,25.0,SUL,-23.42658,-46.787612,COLISÃO,COLISÃO-TRASEIRA,NÃO INFORMADO,0,0,0,0,SÃO PAULO,REG. METROPOLITANA SÃO PAULO,SÃO PAULO,ESTADUAL,1.0,0.0,0.0,0.0,1.0,0.0,0.0,0.0,0.0,0.0,0.0,0.0,0.0,0.0,0.0,0.0
2026-06-12T00:00:00,20:14:46,L01-AUTOBAN,SP330,137.46,SUL,-22.627824338853,-47.339632494213,COLISÃO,COLISÃO-LATERAL,NÃO INFORMADO,0,1,0,0,LIMEIRA,CAMPINAS,RIO CLARO,ESTADUAL,0.0,1.0,1.0,0.0,0.0,0.0,0.0,0.0,0.0,0.0,0.0,0.0,0.0,0.0,0.0,0.0
2026-06-12T00:00:00,23:58:20,L01-AUTOBAN,SPM330D,50.0,NORTE,-23.256852149365,-46.867278814316,CHOQUE,CHOQUE-DEFENSA/BARREIRA,NÃO INFORMADO,0,0,0,0,JUNDIAÍ,CAMPINAS,CAMPINAS,ESTADUAL,1.0,0.0,0.0,0.0,0.0,0.0,0.0,0.0,0.0,0.0,0.0,0.0,0.0,0.0,0.0,0.0
2026-06-13T00:00:00,01:04:05,L06-INTERVIAS,SP330,185.8,NORTE,-22.2126789,-47.39348484,COLISÃO,COLISÃO-TRASEIRA,IMPRUD. CONDUTOR-LEVOU FECHADA,0,0,0,0,LEME,CAMPINAS,RIO CLARO,ESTADUAL,0.0,1.0,0.0,1.0,0.0,0.0,0.0,0.0,0.0,0.0,0.0,0.0,0.0,0.0,0.0,0.0
2026-06-13T00:00:00,01:42:56,L01-AUTOBAN,SP330,61.0,NORTE,-23.175294620401,-46.918331980705,CAPOTAMENTO,CAPOTAMENTO,NÃO INFORMADO,0,0,0,0,JUNDIAÍ,CAMPINAS,CAMPINAS,ESTADUAL,1.0,0.0,0.0,0.0,0.0,0.0,0.0,0.0,0.0,0.0,0.0,0.0,0.0,0.0,0.0,0.0
2026-06-13T00:00:00,04:00:33,L01-AUTOBAN,SP330,142.0,SUL,-22.596398,-47.36565,COLISÃO,COLISÃO-TRASEIRA,NÃO INFORMADO,0,0,0,0,LIMEIRA,CAMPINAS,RIO CLARO,ESTADUAL,1.0,1.0,0.0,0.0,0.0,0.0,0.0,0.0,0.0,0.0,0.0,0.0,0.0,0.0,0.0,0.0
2026-06-13T00:00:00,04:16:20,L01-AUTOBAN,SP330,113.6,NORTE,-22.803111448556,-47.219618073714,CHOQUE,CHOQUE-DEFENSA/BARREIRA,NÃO INFORMADO,0,1,0,0,SUMARÉ,CAMPINAS,CAMPINAS,ESTADUAL,1.0,0.0,0.0,0.0,0.0,0.0,0.0,0.0,0.0,0.0,0.0,0.0,0.0,0.0,0.0,0.0
2026-06-13T00:00:00,06:11:52,L28-ENTREVIAS,SP330,417.786,NORTE,-20.28120757833336,-47.79731786847458,CHOQUE,CHOQUE-OBJETO NA PISTA,OBJETO NA PISTA,0,0,0,0,ITUVERAVA,FRANCA,RIBEIRÃO PRETO,ESTADUAL,0.0,0.0,0.0,0.0,0.0,0.0,0.0,0.0,0.0,0.0,1.0,0.0,0.0,0.0,0.0,0.0
2026-06-13T00:00:00,07:05:55,L28-ENTREVIAS,SP330,439.0,NORTE,-20.05736446129254,-47.78809308818636,CAPOTAMENTO,CAPOTAMENTO,IMPRUD. CONDUTOR-PERDA DE CONTROLE,0,0,0,0,ARAMINA,FRANCA,RIBEIRÃO PRETO,ESTADUAL,1.0,0.0,0.0,0.0,0.0,0.0,0.0,0.0,0.0,0.0,0.0,0.0,0.0,0.0,0.0,0.0
2026-06-13T00:00:00,08:54:42,L06-INTERVIAS,SP330,202.2,SUL,-22.06786917,-47.4250765,TOMBAMENTO,TOMBAMENTO,ESTOURO/FURO DE PNEU,2,0,0,0,PIRASSUNUNGA,CAMPINAS,RIO CLARO,ESTADUAL,0.0,0.0,1.0,0.0,0.0,0.0,0.0,0.0,0.0,0.0,0.0,0.0,0.0,0.0,0.0,0.0
2026-06-13T00:00:00,11:44:00,L28-ENTREVIAS,SP330,433.15,NORTE,-20.12978815295697,-47.79085627722933,CAPOTAMENTO,CAPOTAMENTO,IMPRUD. CONDUTOR-PERDA DE CONTROLE,0,0,0,0,ARAMINA,FRANCA,RIBEIRÃO PRETO,ESTADUAL,0.0,0.0,0.0,0.0,0.0,0.0,0.0,0.0,0.0,0.0,1.0,0.0,0.0,0.0,0.0,0.0
2026-06-13T00:00:00,14:27:50,L28-ENTREVIAS,SP330,322.57,SUL,-21.08032000583904,-47.80358324092249,CHOQUE,CHOQUE-DEFENSA/BARREIRA,IMPRUD. CONDUTOR-PERDA DE CONTROLE,0,0,0,0,RIBEIRÃO PRETO,RIBEIRÃO PRETO,RIBEIRÃO PRETO,ESTADUAL,1.0,0.0,0.0,0.0,0.0,0.0,0.0,0.0,0.0,0.0,0.0,0.0,0.0,0.0,0.0,0.0
2026-06-13T00:00:00,18:23:20,L01-AUTOBAN,SPM330D,57.0,NORTE,-23.205930751153,-46.899073719978,CHOQUE,CHOQUE-DEFENSA/BARREIRA,NÃO INFORMADO,0,0,0,0,JUNDIAÍ,CAMPINAS,CAMPINAS,ESTADUAL,1.0,0.0,0.0,0.0,0.0,0.0,0.0,0.0,0.0,0.0,0.0,0.0,0.0,0.0,0.0,0.0
2026-06-13T00:00:00,18:50:40,L01-AUTOBAN,SP330,55.6,NORTE,-23.213020471789,-46.888562667127,CHOQUE,CHOQUE-DEFENSA/BARREIRA,NÃO INFORMADO,0,0,0,0,JUNDIAÍ,CAMPINAS,CAMPINAS,ESTADUAL,1.0,0.0,0.0,0.0,0.0,0.0,0.0,0.0,0.0,0.0,0.0,0.0,0.0,0.0,0.0,0.0
2026-06-13T00:00:00,18:53:00,L28-ENTREVIAS,SP330,323.447,SUL,-21.08715041068619,-47.79862311629399,CHOQUE,CHOQUE-OBJETO NA PISTA,VEÍCULO PARADO NA FAIXA,1,0,0,0,RIBEIRÃO PRETO,RIBEIRÃO PRETO,RIBEIRÃO PRETO,ESTADUAL,2.0,0.0,0.0,0.0,0.0,0.0,0.0,0.0,0.0,0.0,0.0,0.0,0.0,0.0,0.0,0.0
2026-06-13T00:00:00,21:44:06,L01-AUTOBAN,SP330,24.0,NORTE,-23.434539807835,-46.786286830902,COLISÃO,COLISÃO-TRASEIRA,NÃO INFORMADO,0,0,0,0,SÃO PAULO,REG. METROPOLITANA SÃO PAULO,SÃO PAULO,ESTADUAL,1.0,0.0,0.0,1.0,0.0,0.0,0.0,0.0,0.0,0.0,0.0,0.0,0.0,0.0,0.0,0.0
2026-06-13T00:00:00,21:58:30,L28-ENTREVIAS,SP330,342.45,NORTE,-20.92659013713644,-47.88437659812377,TOMBAMENTO,TOMBAMENTO-MOTO,IMPRUD. CONDUTOR-PERDA DE CONTROLE,1,0,0,0,JARDINÓPOLIS,RIBEIRÃO PRETO,RIBEIRÃO PRETO,ESTADUAL,0.0,0.0,1.0,0.0,0.0,0.0,0.0,0.0,0.0,0.0,0.0,0.0,0.0,0.0,0.0,0.0
2026-06-14T00:00:00,01:44:59,L01-AUTOBAN,SPM330E,14.0,SUL,-23.507187255032,-46.750034093857,TOMBAMENTO,TOMBAMENTO,NÃO INFORMADO,1,0,0,0,SÃO PAULO,REG. METROPOLITANA SÃO PAULO,SÃO PAULO,ESTADUAL,1.0,0.0,0.0,0.0,0.0,0.0,0.0,0.0,0.0,0.0,0.0,0.0,0.0,0.0,0.0,0.0
2026-06-14T00:00:00,03:37:18,L01-AUTOBAN,SPM330E,99.7,SUL,-22.882762365357,-47.116564916078,TOMBAMENTO,TOMBAMENTO,NÃO INFORMADO,1,0,0,0,CAMPINAS,CAMPINAS,CAMPINAS,ESTADUAL,0.0,0.0,1.0,0.0,0.0,0.0,0.0,0.0,0.0,0.0,0.0,0.0,0.0,0.0,0.0,0.0
2026-06-14T00:00:00,13:08:00,L01-AUTOBAN,SP330,106.0,SUL,-22.846779018086,-47.164285182953,COLISÃO,COLISÃO-LATERAL,NÃO INFORMADO,2,0,0,0,SUMARÉ,CAMPINAS,CAMPINAS,ESTADUAL,1.0,0.0,0.0,0.0,1.0,0.0,0.0,0.0,0.0,0.0,0.0,0.0,0.0,0.0,0.0,0.0
2026-06-14T00:00:00,16:35:10,L01-AUTOBAN,SP330,11.5,SUL,-23.510460756591,-46.729056344143,CHOQUE,CHOQUE-DEFENSA/BARREIRA,NÃO INFORMADO,0,0,0,0,SÃO PAULO,REG. METROPOLITANA SÃO PAULO,SÃO PAULO,ESTADUAL,1.0,0.0,0.0,0.0,0.0,0.0,0.0,0.0,0.0,0.0,0.0,0.0,0.0,0.0,0.0,0.0
2026-06-14T00:00:00,18:41:31,L29-VIAPAULISTA,SP330,311.734,NORTE,-21.16767405,-47.75624242,CHOQUE,CHOQUE-SINALIZAÇÃO/EQUIPAMENTO,IMPRUD. CONDUTOR,1,0,0,0,RIBEIRÃO PRETO,RIBEIRÃO PRETO,RIBEIRÃO PRETO,ESTADUAL,1.0,0.0,0.0,0.0,0.0,0.0,0.0,0.0,0.0,0.0,0.0,0.0,0.0,0.0,0.0,0.0
2026-06-14T00:00:00,19:32:22,L01-AUTOBAN,SP330,60.0,NORTE,-23.18100028702,-46.911460161209,TOMBAMENTO,TOMBAMENTO,NÃO INFORMADO,1,0,0,0,JUNDIAÍ,CAMPINAS,CAMPINAS,ESTADUAL,0.0,0.0,1.0,0.0,0.0,0.0,0.0,0.0,0.0,0.0,0.0,0.0,0.0,0.0,0.0,0.0
2026-06-14T00:00:00,19:53:44,L29-VIAPAULISTA,SP330,240.673,SUL,-21.75730497,-47.56236758,COLISÃO,COLISÃO-TRASEIRA,IMPRUD. CONDUTOR,0,1,0,0,SANTA RITA DO PASSA QUATRO,CENTRAL,RIBEIRÃO PRETO,ESTADUAL,0.0,0.0,0.0,0.0,2.0,0.0,0.0,0.0,0.0,0.0,0.0,0.0,0.0,0.0,0.0,0.0
2026-06-15T00:00:00,00:26:18,L01-AUTOBAN,SP330,22.0,NORTE,-23.453020378623,-46.786490678787,CHOQUE,CHOQUE-DEFENSA/BARREIRA,NÃO INFORMADO,0,0,0,0,SÃO PAULO,REG. METROPOLITANA SÃO PAULO,SÃO PAULO,ESTADUAL,0.0,0.0,0.0,1.0,0.0,0.0,0.0,0.0,0.0,0.0,0.0,0.0,0.0,0.0,0.0,0.0
2026-06-15T00:00:00,05:45:19,L01-AUTOBAN,SP330,53.0,SUL,-23.230945296234,-46.87306702137,COLISÃO,COLISÃO-TRASEIRA,NÃO INFORMADO,0,0,0,0,JUNDIAÍ,CAMPINAS,CAMPINAS,ESTADUAL,2.0,0.0,0.0,0.0,0.0,0.0,0.0,0.0,0.0,0.0,0.0,0.0,0.0,0.0,0.0,0.0
2026-06-15T00:00:00,06:53:08,L28-ENTREVIAS,SP330,388.296,NORTE,-20.54142137693465,-47.85345720090414,ATROPELAMENTO DE PEDESTRE,ATROP. PEDESTRE-OUTROS,IMPRUD. PEDESTRE-USUÁRIO,0,1,0,0,SÃO JOAQUIM DA BARRA,FRANCA,RIBEIRÃO PRETO,ESTADUAL,0.0,0.0,0.0,0.0,1.0,0.0,0.0,1.0,0.0,0.0,0.0,0.0,0.0,0.0,0.0,0.0
2026-06-15T00:00:00,07:16:53,L01-AUTOBAN,SP330,108.0,SUL,-22.832926456389,-47.177379727364,COLISÃO,COLISÃO-TRASEIRA,NÃO INFORMADO,0,0,0,0,SUMARÉ,CAMPINAS,CAMPINAS,ESTADUAL,2.0,0.0,0.0,0.0,0.0,0.0,0.0,0.0,0.0,0.0,0.0,0.0,0.0,0.0,0.0,0.0
2026-06-15T00:00:00,07:35:27,L01-AUTOBAN,SP330,148.0,SUL,-22.545538,-47.37616,CHOQUE,CHOQUE-DEFENSA/BARREIRA,NÃO INFORMADO,0,0,0,0,LIMEIRA,CAMPINAS,RIO CLARO,ESTADUAL,1.0,0.0,0.0,0.0,0.0,0.0,0.0,0.0,0.0,0.0,0.0,0.0,0.0,0.0,0.0,0.0
2026-06-15T00:00:00,09:49:11,L01-AUTOBAN,SP330,41.5,SUL,-23.320422328204,-46.850177049637,COLISÃO,COLISÃO-TRASEIRA,NÃO INFORMADO,1,0,0,0,CAJAMAR,REG. METROPOLITANA SÃO PAULO,SÃO PAULO,ESTADUAL,1.0,0.0,0.0,0.0,1.0,0.0,0.0,0.0,0.0,0.0,0.0,0.0,0.0,0.0,0.0,0.0
2026-06-15T00:00:00,10:23:00,L28-ENTREVIAS,SP330,320.65,SUL,-21.10801728324018,-47.78364133703886,COLISÃO,COLISÃO-LATERAL,OFUSCAMENTO (NATURAL OU OUTRO VEÍCULO),0,0,0,0,RIBEIRÃO PRETO,RIBEIRÃO PRETO,RIBEIRÃO PRETO,ESTADUAL,1.0,0.0,0.0,0.0,1.0,0.0,0.0,0.0,0.0,0.0,0.0,0.0,0.0,0.0,0.0,0.0
2026-06-15T00:00:00,10:46:07,L01-AUTOBAN,SP330,118.0,SUL,-22.769034170109,-47.24156498909,COLISÃO,COLISÃO-TRASEIRA,NÃO INFORMADO,0,0,0,0,NOVA ODESSA,CAMPINAS,RIO CLARO,ESTADUAL,2.0,0.0,0.0,0.0,0.0,0.0,0.0,0.0,0.0,0.0,0.0,0.0,0.0,0.0,0.0,0.0
2026-06-15T00:00:00,16:48:01,L01-AUTOBAN,SP330,23.0,NORTE,-23.444358701913,-46.786882281303,COLISÃO,COLISÃO-TRANSVERSAL,NÃO INFORMADO,0,1,0,0,SÃO PAULO,REG. METROPOLITANA SÃO PAULO,SÃO PAULO,ESTADUAL,1.0,0.0,1.0,0.0,1.0,0.0,0.0,0.0,0.0,0.0,0.0,0.0,0.0,0.0,0.0,0.0
2026-06-15T00:00:00,16:51:04,L01-AUTOBAN,SP330,53.0,NORTE,-23.230639,-46.87295,ENGAVETAMENTO,ENGAVETAMENTO,NÃO INFORMADO,2,0,0,0,JUNDIAÍ,CAMPINAS,CAMPINAS,ESTADUAL,0.0,0.0,0.0,3.0,0.0,0.0,0.0,0.0,0.0,0.0,0.0,0.0,0.0,0.0,0.0,0.0
2026-06-15T00:00:00,20:12:16,L01-AUTOBAN,SP330,84.0,NORTE,-22.997750412341,-47.033076882362,COLISÃO,COLISÃO-LATERAL,NÃO INFORMADO,1,0,0,0,VALINHOS,CAMPINAS,CAMPINAS,ESTADUAL,2.0,0.0,1.0,0.0,0.0,0.0,0.0,0.0,0.0,0.0,0.0,0.0,0.0,0.0,0.0,0.0
2026-06-15T00:00:00,21:04:49,L01-AUTOBAN,SP330,100.0,SUL,-22.880529457956,-47.117882966995,CHOQUE,CHOQUE-DEFENSA/BARREIRA,NÃO INFORMADO,0,0,0,0,CAMPINAS,CAMPINAS,CAMPINAS,ESTADUAL,1.0,0.0,0.0,0.0,0.0,0.0,0.0,0.0,0.0,0.0,0.0,0.0,0.0,0.0,0.0,0.0
2026-06-15T00:00:00,21:46:06,L29-VIAPAULISTA,SP330,311.126,NORTE,-21.17319481,-47.75652524,CHOQUE,CHOQUE-DEFENSA/BARREIRA,IMPRUD. CONDUTOR-DORMIR AO VOLANTE,0,0,0,0,RIBEIRÃO PRETO,RIBEIRÃO PRETO,RIBEIRÃO PRETO,ESTADUAL,1.0,0.0,0.0,1.0,1.0,0.0,0.0,0.0,0.0,0.0,0.0,0.0,0.0,0.0,0.0,0.0
2026-06-16T00:00:00,06:25:29,L01-AUTOBAN,SP330,14.0,SUL,-23.507187255032,-46.750034093857,COLISÃO,COLISÃO-TRASEIRA,NÃO INFORMADO,0,0,0,0,SÃO PAULO,REG. METROPOLITANA SÃO PAULO,SÃO PAULO,ESTADUAL,2.0,0.0,0.0,0.0,0.0,0.0,0.0,0.0,0.0,0.0,0.0,0.0,0.0,0.0,0.0,0.0
2026-06-16T00:00:00,06:27:33,L01-AUTOBAN,SP330,95.5,SUL,-22.915852593035,-47.097769081593,COLISÃO,COLISÃO-TRASEIRA,NÃO INFORMADO,0,1,0,0,CAMPINAS,CAMPINAS,CAMPINAS,ESTADUAL,1.0,0.0,1.0,0.0,0.0,0.0,0.0,0.0,0.0,0.0,0.0,0.0,0.0,0.0,0.0,0.0
2026-06-16T00:00:00,06:27:49,L29-VIAPAULISTA,SP330,290.86,NORTE,-21.34907754,-47.72405272,COLISÃO,COLISÃO-TRASEIRA,IMPRUD. CONDUTOR-DORMIR AO VOLANTE,0,0,0,0,CRAVINHOS,RIBEIRÃO PRETO,RIBEIRÃO PRETO,ESTADUAL,0.0,0.0,0.0,0.0,2.0,0.0,0.0,0.0,0.0,0.0,0.0,0.0,0.0,0.0,0.0,0.0
2026-06-16T00:00:00,08:21:27,L29-VIAPAULISTA,SP330,309.727,SUL,-21.18546167,-47.75730127,COLISÃO,COLISÃO-TRASEIRA,IMPRUD. CONDUTOR-LEVOU FECHADA,0,0,0,0,RIBEIRÃO PRETO,RIBEIRÃO PRETO,RIBEIRÃO PRETO,ESTADUAL,1.0,0.0,2.0,0.0,0.0,0.0,0.0,0.0,0.0,0.0,0.0,0.0,0.0,0.0,0.0,0.0
2026-06-16T00:00:00,08:29:59,L29-VIAPAULISTA,SP330,312.769,SUL,-21.15919597,-47.75646253,CHOQUE,CHOQUE-DEFENSA/BARREIRA,NÃO INFORMADO,0,0,0,0,RIBEIRÃO PRETO,RIBEIRÃO PRETO,RIBEIRÃO PRETO,ESTADUAL,1.0,0.0,0.0,0.0,0.0,0.0,0.0,0.0,0.0,0.0,0.0,0.0,0.0,0.0,0.0,0.0
2026-06-16T00:00:00,13:41:08,L29-VIAPAULISTA,SP330,317.918,SUL,-21.11766003,-47.77681778,COLISÃO,COLISÃO-LATERAL,IMPRUD. CONDUTOR-MUDANÇA DE FAIXA,1,0,0,0,RIBEIRÃO PRETO,RIBEIRÃO PRETO,RIBEIRÃO PRETO,ESTADUAL,1.0,1.0,0.0,0.0,0.0,0.0,0.0,0.0,0.0,0.0,0.0,0.0,0.0,0.0,0.0,0.0
2026-06-16T00:00:00,18:11:33,L01-AUTOBAN,SP330,60.8,NORTE,-23.176435758078,-46.916957611563,ENGAVETAMENTO,ENGAVETAMENTO,NÃO INFORMADO,0,0,0,0,JUNDIAÍ,CAMPINAS,CAMPINAS,ESTADUAL,5.0,0.0,0.0,0.0,1.0,0.0,0.0,0.0,0.0,0.0,0.0,0.0,0.0,0.0,0.0,0.0
2026-06-16T00:00:00,18:16:19,L01-AUTOBAN,SP330,74.2,NORTE,-23.073657020279,-46.984343184601,CHOQUE,CHOQUE-DEFENSA/BARREIRA,NÃO INFORMADO,0,0,0,0,VINHEDO,CAMPINAS,CAMPINAS,ESTADUAL,2.0,0.0,0.0,0.0,0.0,0.0,0.0,0.0,0.0,0.0,0.0,0.0,0.0,0.0,0.0,0.0
2026-06-16T00:00:00,18:44:20,L06-INTERVIAS,SP330,235.8,NORTE,-21.78580835,-47.52546265,COLISÃO,COLISÃO-TRASEIRA,IMPRUD. CONDUTOR,0,0,0,0,SANTA RITA DO PASSA QUATRO,CENTRAL,RIBEIRÃO PRETO,ESTADUAL,1.0,0.0,0.0,2.0,1.0,0.0,0.0,0.0,0.0,0.0,0.0,0.0,0.0,0.0,0.0,0.0
2026-06-16T00:00:00,18:44:51,L29-VIAPAULISTA,SP330,310.581,SUL,-21.17896395,-47.75695911,COLISÃO,COLISÃO-LATERAL,IMPRUD. CONDUTOR,0,0,0,0,RIBEIRÃO PRETO,RIBEIRÃO PRETO,RIBEIRÃO PRETO,ESTADUAL,2.0,0.0,0.0,0.0,0.0,0.0,0.0,0.0,0.0,0.0,0.0,0.0,0.0,0.0,0.0,0.0
2026-06-17T00:00:00,07:12:50,L01-AUTOBAN,SP330,26.1,SUL,-23.42043229004,-46.795253458985,COLISÃO,COLISÃO-TRASEIRA,NÃO INFORMADO,2,0,0,0,SÃO PAULO,REG. METROPOLITANA SÃO PAULO,SÃO PAULO,ESTADUAL,0.0,0.0,2.0,0.0,0.0,0.0,0.0,0.0,0.0,0.0,0.0,0.0,0.0,0.0,0.0,0.0
2026-06-17T00:00:00,12:18:58,L01-AUTOBAN,SP330,120.0,NORTE,-22.756649,-47.254609,COLISÃO,COLISÃO-LATERAL,NÃO INFORMADO,0,0,0,0,AMERICANA,CAMPINAS,RIO CLARO,ESTADUAL,2.0,0.0,0.0,0.0,0.0,0.0,0.0,0.0,0.0,0.0,0.0,0.0,0.0,0.0,0.0,0.0
2026-06-17T00:00:00,15:34:11,L01-AUTOBAN,SP330,60.0,SUL,-23.181167952022,-46.911588907242,ENGAVETAMENTO,ENGAVETAMENTO,NÃO INFORMADO,0,0,0,0,JUNDIAÍ,CAMPINAS,CAMPINAS,ESTADUAL,2.0,1.0,0.0,0.0,0.0,0.0,0.0,0.0,0.0,0.0,0.0,0.0,0.0,0.0,0.0,0.0
2026-06-17T00:00:00,15:38:44,L01-AUTOBAN,SPM330D,109.0,NORTE,-22.827374159413,-47.183876037598,COLISÃO,COLISÃO-TRASEIRA,NÃO INFORMADO,0,0,0,0,SUMARÉ,CAMPINAS,CAMPINAS,ESTADUAL,2.0,0.0,0.0,0.0,0.0,0.0,0.0,0.0,0.0,0.0,0.0,0.0,0.0,0.0,0.0,0.0
2026-06-17T00:00:00,16:32:02,L01-AUTOBAN,SP330,11.46,SUL,-23.51053885599,-46.728948396714,COLISÃO,COLISÃO-TRASEIRA,NÃO INFORMADO,0,1,0,0,SÃO PAULO,REG. METROPOLITANA SÃO PAULO,SÃO PAULO,ESTADUAL,1.0,0.0,1.0,0.0,0.0,0.0,0.0,0.0,0.0,0.0,0.0,0.0,0.0,0.0,0.0,0.0
2026-06-17T00:00:00,18:25:13,L01-AUTOBAN,SP330,128.4,SUL,-22.701300425752,-47.305965864307,COLISÃO,COLISÃO-TRASEIRA,NÃO INFORMADO,0,0,0,0,AMERICANA,CAMPINAS,RIO CLARO,ESTADUAL,2.0,0.0,0.0,0.0,0.0,0.0,0.0,0.0,0.0,0.0,0.0,0.0,0.0,0.0,0.0,0.0
2026-06-17T00:00:00,18:51:32,L01-AUTOBAN,SP330,57.0,SUL,-23.206009637649,-46.899240016937,COLISÃO,COLISÃO-LATERAL,NÃO INFORMADO,0,0,0,0,JUNDIAÍ,CAMPINAS,CAMPINAS,ESTADUAL,1.0,0.0,0.0,0.0,1.0,0.0,0.0,0.0,0.0,0.0,0.0,0.0,0.0,0.0,0.0,0.0
2026-06-18T00:00:00,06:48:25,L06-INTERVIAS,SP330,188.1,SUL,-22.19219369,-47.39769452,COLISÃO,COLISÃO-LATERAL,IMPRUD. CONDUTOR-LEVOU FECHADA,0,0,0,0,LEME,CAMPINAS,RIO CLARO,ESTADUAL,0.0,1.0,0.0,1.0,0.0,0.0,0.0,0.0,0.0,0.0,0.0,0.0,0.0,0.0,0.0,0.0
2026-06-18T00:00:00,07:52:18,L29-VIAPAULISTA,SP330,307.749,SUL,-21.20410699,-47.758283,ENGAVETAMENTO,ENGAVETAMENTO,IMPRUD. CONDUTOR-DIST. INADEQUADA ENTRE VEÍC.,0,0,0,0,RIBEIRÃO PRETO,RIBEIRÃO PRETO,RIBEIRÃO PRETO,ESTADUAL,3.0,0.0,0.0,0.0,0.0,0.0,0.0,0.0,0.0,0.0,0.0,0.0,0.0,0.0,0.0,0.0
2026-06-18T00:00:00,08:41:55,L01-AUTOBAN,SP330,12.3,SUL,-23.509084584868,-46.733297647884,COLISÃO,COLISÃO-LATERAL,NÃO INFORMADO,1,0,0,0,SÃO PAULO,REG. METROPOLITANA SÃO PAULO,SÃO PAULO,ESTADUAL,0.0,0.0,1.0,1.0,0.0,0.0,0.0,0.0,0.0,0.0,0.0,0.0,0.0,0.0,0.0,0.0
2026-06-18T00:00:00,16:42:59,L01-AUTOBAN,SPM330D,91.6,NORTE,-22.938213465042,-47.069449326157,ENGAVETAMENTO,ENGAVETAMENTO,NÃO INFORMADO,1,1,0,0,CAMPINAS,CAMPINAS,CAMPINAS,ESTADUAL,2.0,0.0,1.0,1.0,0.0,0.0,0.0,0.0,0.0,0.0,0.0,0.0,0.0,0.0,0.0,0.0
2026-06-18T00:00:00,16:48:22,L29-VIAPAULISTA,SP330,313.218,SUL,-21.15471857,-47.75691896,TOMBAMENTO,TOMBAMENTO,ESTOURO/FURO DE PNEU,1,0,0,0,RIBEIRÃO PRETO,RIBEIRÃO PRETO,RIBEIRÃO PRETO,ESTADUAL,0.0,0.0,1.0,0.0,0.0,0.0,0.0,0.0,0.0,0.0,0.0,0.0,0.0,0.0,0.0,0.0
2026-06-18T00:00:00,17:10:19,L01-AUTOBAN,SP330,128.0,SUL,-22.704166761068,-47.303599119186,COLISÃO,COLISÃO-TRASEIRA,NÃO INFORMADO,0,0,0,0,AMERICANA,CAMPINAS,RIO CLARO,ESTADUAL,1.0,0.0,0.0,1.0,0.0,0.0,0.0,0.0,0.0,0.0,0.0,0.0,0.0,0.0,0.0,0.0
2026-06-18T00:00:00,17:54:07,L01-AUTOBAN,SP330,21.0,SUL,-23.460992556264,-46.781448125839,COLISÃO,COLISÃO-LATERAL,NÃO INFORMADO,1,0,0,1,SÃO PAULO,REG. METROPOLITANA SÃO PAULO,SÃO PAULO,ESTADUAL,0.0,0.0,2.0,1.0,1.0,0.0,0.0,0.0,0.0,0.0,0.0,0.0,0.0,0.0,0.0,0.0
2026-06-18T00:00:00,18:44:59,L28-ENTREVIAS,SP330,432.25,NORTE,-20.14646088978785,-47.7896975629349,COLISÃO,COLISÃO-TRASEIRA,TRÁFEGO-LENTIDÃO,0,0,0,0,ARAMINA,FRANCA,RIBEIRÃO PRETO,ESTADUAL,1.0,0.0,0.0,0.0,0.0,0.0,0.0,0.0,0.0,0.0,1.0,0.0,0.0,0.0,0.0,0.0
2026-06-18T00:00:00,18:58:13,L01-AUTOBAN,SP330,53.0,NORTE,-23.230639,-46.87295,ENGAVETAMENTO,ENGAVETAMENTO,NÃO INFORMADO,0,0,0,0,JUNDIAÍ,CAMPINAS,CAMPINAS,ESTADUAL,3.0,0.0,0.0,0.0,0.0,0.0,0.0,0.0,0.0,0.0,0.0,0.0,0.0,0.0,0.0,0.0
2026-06-18T00:00:00,19:02:25,L06-INTERVIAS,SPI165/330,1.2,OESTE,-22.39660389,-47.37892054,ATROPELAMENTO DE PEDESTRE,ATROP. PEDESTRE-OUTROS,NÃO INFORMADO,1,0,0,0,ARARAS,CAMPINAS,RIO CLARO,ESTADUAL,0.0,1.0,0.0,0.0,0.0,0.0,0.0,1.0,0.0,0.0,0.0,0.0,0.0,0.0,0.0,0.0
2026-06-18T00:00:00,19:34:39,L01-AUTOBAN,SP330,20.0,NORTE,-23.468944569907,-46.778873205185,COLISÃO,COLISÃO-TRASEIRA,NÃO INFORMADO,0,0,0,0,OSASCO,REG. METROPOLITANA SÃO PAULO,SÃO PAULO,ESTADUAL,2.0,0.0,0.0,0.0,0.0,0.0,0.0,0.0,0.0,0.0,0.0,0.0,0.0,0.0,0.0,0.0
2026-06-18T00:00:00,19:50:12,L01-AUTOBAN,SP330,95.3,SUL,-22.917475207735,-47.096321783693,COLISÃO,COLISÃO-TRASEIRA,NÃO INFORMADO,2,0,0,0,CAMPINAS,CAMPINAS,CAMPINAS,ESTADUAL,1.0,0.0,1.0,0.0,0.0,0.0,0.0,0.0,0.0,0.0,0.0,0.0,0.0,0.0,0.0,0.0
2026-06-18T00:00:00,22:18:40,L06-INTERVIAS,SP330,179.8,NORTE,-22.26659728,-47.39100051,COLISÃO,COLISÃO-TRASEIRA,IMPRUD. CONDUTOR,0,0,0,0,ARARAS,CAMPINAS,RIO CLARO,ESTADUAL,0.0,0.0,0.0,0.0,1.0,0.0,0.0,0.0,0.0,0.0,0.0,0.0,0.0,0.0,0.0,0.0
2026-06-18T00:00:00,23:20:39,L01-AUTOBAN,SP330,98.0,SUL,-22.896245165998,-47.110952138901,COLISÃO,COLISÃO-TRASEIRA,NÃO INFORMADO,0,1,0,0,CAMPINAS,CAMPINAS,CAMPINAS,ESTADUAL,0.0,1.0,1.0,0.0,0.0,0.0,0.0,0.0,0.0,0.0,0.0,0.0,0.0,0.0,0.0,0.0
2026-06-19T00:00:00,10:28:28,L06-INTERVIAS,SP330,178.47,SUL,-22.27843189,-47.39293911,CHOQUE,CHOQUE-OBJETO NA PISTA,OBJETO NA PISTA,0,0,0,0,ARARAS,CAMPINAS,RIO CLARO,ESTADUAL,1.0,0.0,0.0,0.0,0.0,0.0,0.0,0.0,0.0,0.0,0.0,0.0,0.0,0.0,0.0,0.0
2026-06-19T00:00:00,12:41:37,L28-ENTREVIAS,SP330,420.99,SUL,-20.24553370831519,-47.79806605506136,COLISÃO,COLISÃO-TRASEIRA,IMPRUD. CONDUTOR-FALTA DE ATENÇÃO,0,0,0,0,BURITIZAL,FRANCA,RIBEIRÃO PRETO,ESTADUAL,0.0,1.0,0.0,0.0,0.0,0.0,0.0,0.0,0.0,0.0,1.0,0.0,0.0,0.0,0.0,0.0
2026-06-19T00:00:00,14:22:04,L01-AUTOBAN,SP330,101.0,SUL,-22.874089445764,-47.124878168106,ENGAVETAMENTO,ENGAVETAMENTO,NÃO INFORMADO,0,0,0,0,CAMPINAS,CAMPINAS,CAMPINAS,ESTADUAL,3.0,0.0,0.0,0.0,0.0,0.0,0.0,0.0,0.0,0.0,0.0,0.0,0.0,0.0,0.0,0.0
2026-06-19T00:00:00,16:05:36,L01-AUTOBAN,SP330,55.5,SUL,-23.213641660788,-46.887918412685,CAPOTAMENTO,CAPOTAMENTO,NÃO INFORMADO,1,0,0,0,JUNDIAÍ,CAMPINAS,CAMPINAS,ESTADUAL,1.0,0.0,0.0,0.0,0.0,0.0,0.0,0.0,0.0,0.0,0.0,0.0,0.0,0.0,0.0,0.0
2026-06-19T00:00:00,18:04:35,L29-VIAPAULISTA,SP330,316.967,NORTE,-21.12397552,-47.77205462,CHOQUE,CHOQUE-VEÍCULO PARADO NO ACOSTAMENTO,IMPRUD. CONDUTOR-PERDA DE CONTROLE,0,1,0,0,RIBEIRÃO PRETO,RIBEIRÃO PRETO,RIBEIRÃO PRETO,ESTADUAL,1.0,0.0,0.0,1.0,0.0,0.0,0.0,0.0,0.0,0.0,0.0,0.0,0.0,0.0,0.0,0.0
2026-06-19T00:00:00,18:19:26,L01-AUTOBAN,SP330,102.5,SUL,-22.86544,-47.135941,ENGAVETAMENTO,ENGAVETAMENTO,NÃO INFORMADO,0,0,0,0,CAMPINAS,CAMPINAS,CAMPINAS,ESTADUAL,2.0,0.0,0.0,0.0,1.0,0.0,0.0,0.0,0.0,0.0,0.0,0.0,0.0,0.0,0.0,0.0
2026-06-19T00:00:00,19:00:52,L01-AUTOBAN,SP330,115.0,SUL,-22.792453279527,-47.226313948631,COLISÃO,COLISÃO-LATERAL,NÃO INFORMADO,0,0,0,0,SUMARÉ,CAMPINAS,CAMPINAS,ESTADUAL,1.0,0.0,0.0,0.0,1.0,0.0,0.0,0.0,0.0,0.0,0.0,0.0,0.0,0.0,0.0,0.0
2026-06-19T00:00:00,19:09:28,L01-AUTOBAN,SP330,62.0,NORTE,-23.16861715282,-46.926528811455,ENGAVETAMENTO,ENGAVETAMENTO,NÃO INFORMADO,1,0,0,0,JUNDIAÍ,CAMPINAS,CAMPINAS,ESTADUAL,4.0,0.0,0.0,1.0,0.0,0.0,0.0,0.0,0.0,0.0,0.0,0.0,0.0,0.0,0.0,0.0
2026-06-19T00:00:00,19:57:38,L01-AUTOBAN,SP330,97.0,NORTE,-22.904077630073,-47.107797861099,COLISÃO,COLISÃO-TRASEIRA,NÃO INFORMADO,0,0,0,0,CAMPINAS,CAMPINAS,CAMPINAS,ESTADUAL,1.0,0.0,0.0,0.0,1.0,0.0,0.0,0.0,0.0,0.0,0.0,0.0,0.0,0.0,0.0,0.0
2026-06-20T00:00:00,00:18:11,L01-AUTOBAN,SP330,61.5,NORTE,-23.171955886611,-46.92243039608,COLISÃO,COLISÃO-LATERAL,NÃO INFORMADO,1,0,0,0,JUNDIAÍ,CAMPINAS,CAMPINAS,ESTADUAL,1.0,0.0,0.0,0.0,1.0,0.0,0.0,0.0,0.0,0.0,0.0,0.0,0.0,0.0,0.0,0.0
2026-06-20T00:00:00,00:52:22,L01-AUTOBAN,SPM330E,88.9,SUL,-22.959706694785,-47.057246810491,CHOQUE,CHOQUE-DEFENSA/BARREIRA,NÃO INFORMADO,0,0,0,0,CAMPINAS,CAMPINAS,CAMPINAS,ESTADUAL,1.0,0.0,0.0,0.0,0.0,0.0,0.0,0.0,0.0,0.0,0.0,0.0,0.0,0.0,0.0,0.0
2026-06-20T00:00:00,03:53:11,L01-AUTOBAN,SPM330E,110.0,SUL,-22.82299346964,-47.19250202179,COLISÃO,COLISÃO-LATERAL,NÃO INFORMADO,1,0,0,0,SUMARÉ,CAMPINAS,CAMPINAS,ESTADUAL,2.0,0.0,0.0,0.0,0.0,0.0,0.0,0.0,0.0,0.0,0.0,0.0,0.0,0.0,0.0,0.0
2026-06-20T00:00:00,07:17:57,L01-AUTOBAN,SP330,86.0,SUL,-22.982950250049,-47.04378426075,CHOQUE,CHOQUE-SINALIZAÇÃO/EQUIPAMENTO,NÃO INFORMADO,0,0,0,0,VALINHOS,CAMPINAS,CAMPINAS,ESTADUAL,1.0,0.0,0.0,0.0,0.0,0.0,0.0,0.0,0.0,0.0,0.0,0.0,0.0,0.0,0.0,0.0
2026-06-20T00:00:00,07:23:34,L01-AUTOBAN,SPM330E,88.0,SUL,-22.966192553617,-47.0535582304,ATROPELAMENTO DE PEDESTRE,ATROP. PEDESTRE-OUTROS,NÃO INFORMADO,1,0,0,0,CAMPINAS,CAMPINAS,CAMPINAS,ESTADUAL,1.0,0.0,0.0,0.0,0.0,1.0,0.0,0.0,0.0,0.0,0.0,0.0,0.0,0.0,0.0,0.0
2026-06-20T00:00:00,08:32:10,L01-AUTOBAN,SPM330E,115.0,SUL,-22.792453279527,-47.226313948631,COLISÃO,COLISÃO-LATERAL,NÃO INFORMADO,0,0,0,0,SUMARÉ,CAMPINAS,CAMPINAS,ESTADUAL,1.0,0.0,1.0,0.0,0.0,0.0,0.0,0.0,0.0,0.0,0.0,0.0,0.0,0.0,0.0,0.0
2026-06-20T00:00:00,09:13:06,L29-VIAPAULISTA,SP330,314.682,NORTE,-21.14168962,-47.76079132,COLISÃO,COLISÃO-LATERAL,ESTREITAMENTO DE PISTA,0,0,0,0,RIBEIRÃO PRETO,RIBEIRÃO PRETO,RIBEIRÃO PRETO,ESTADUAL,1.0,0.0,0.0,0.0,1.0,0.0,0.0,0.0,0.0,0.0,0.0,0.0,0.0,0.0,0.0,0.0
2026-06-20T00:00:00,14:08:50,L06-INTERVIAS,SP330,183.0,NORTE,-22.23781003,-47.39067652,COLISÃO,COLISÃO-LATERAL,IMPRUDÊNCIA,0,0,0,0,LEME,CAMPINAS,RIO CLARO,ESTADUAL,2.0,0.0,0.0,0.0,0.0,0.0,0.0,0.0,0.0,0.0,0.0,0.0,0.0,0.0,0.0,0.0
2026-06-20T00:00:00,18:36:49,L01-AUTOBAN,SP330,78.0,NORTE,-23.044799,-47.00483,COLISÃO,COLISÃO-TRASEIRA,NÃO INFORMADO,1,0,0,0,VINHEDO,CAMPINAS,CAMPINAS,ESTADUAL,2.0,0.0,0.0,0.0,0.0,0.0,0.0,0.0,0.0,0.0,0.0,0.0,0.0,0.0,0.0,0.0
2026-06-20T00:00:00,20:41:30,L06-INTERVIAS,SP330,204.5,NORTE,-22.04827481,-47.42959077,ATROPELAMENTO DE ANIMAL,ATROP. ANIMAL-OUTROS,ANIMAL NA RODOVIA,0,0,0,0,PIRASSUNUNGA,CAMPINAS,RIO CLARO,ESTADUAL,1.0,0.0,0.0,0.0,0.0,0.0,0.0,0.0,0.0,0.0,0.0,0.0,0.0,0.0,0.0,0.0
2026-06-20T00:00:00,22:10:44,L01-AUTOBAN,SP330,88.0,NORTE,-22.965901139987,-47.053429484367,CHOQUE,CHOQUE-ELEMENTO DE DRENAGEM,NÃO INFORMADO,0,0,0,0,CAMPINAS,CAMPINAS,CAMPINAS,ESTADUAL,1.0,0.0,0.0,0.0,0.0,0.0,0.0,0.0,0.0,0.0,0.0,0.0,0.0,0.0,0.0,0.0
2026-06-21T00:00:00,01:59:01,L01-AUTOBAN,SP330,126.1,SUL,-22.718217949747,-47.295340056817,CHOQUE,CHOQUE-DEFENSA/BARREIRA,NÃO INFORMADO,0,0,1,2,AMERICANA,CAMPINAS,RIO CLARO,ESTADUAL,1.0,1.0,0.0,1.0,0.0,0.0,0.0,0.0,0.0,0.0,0.0,0.0,0.0,0.0,0.0,0.0
2026-06-21T00:00:00,03:37:06,L01-AUTOBAN,SPM330D,105.6,NORTE,-22.848589248703,-47.161127967548,COLISÃO,COLISÃO-TRASEIRA,NÃO INFORMADO,1,0,0,0,SUMARÉ,CAMPINAS,CAMPINAS,ESTADUAL,2.0,3.0,0.0,0.0,0.0,0.0,0.0,0.0,0.0,0.0,0.0,0.0,0.0,0.0,0.0,0.0
2026-06-21T00:00:00,06:32:11,L01-AUTOBAN,SPM330D,52.0,NORTE,-23.240084246841,-46.868990063667,TOMBAMENTO,TOMBAMENTO,NÃO INFORMADO,1,0,0,0,JUNDIAÍ,CAMPINAS,CAMPINAS,ESTADUAL,0.0,1.0,1.0,0.0,0.0,0.0,0.0,0.0,0.0,0.0,0.0,0.0,0.0,0.0,0.0,0.0
2026-06-21T00:00:00,07:38:43,L29-VIAPAULISTA,SP330,313.804,NORTE,-21.14915556,-47.75810091,CHOQUE,CHOQUE-DEFENSA/BARREIRA,IMPRUD. CONDUTOR-PERDA DE CONTROLE,0,0,0,0,RIBEIRÃO PRETO,RIBEIRÃO PRETO,RIBEIRÃO PRETO,ESTADUAL,1.0,0.0,0.0,0.0,0.0,0.0,0.0,0.0,0.0,0.0,0.0,0.0,0.0,0.0,0.0,0.0
2026-06-21T00:00:00,09:34:02,L28-ENTREVIAS,SP330,373.0,NORTE,-20.64506253274801,-47.88060747126861,CHOQUE,CHOQUE-ELEMENTO DE DRENAGEM,IMPRUD. CONDUTOR-DORMIR AO VOLANTE,0,0,0,0,ORLÂNDIA,FRANCA,RIBEIRÃO PRETO,ESTADUAL,0.0,0.0,0.0,0.0,0.0,0.0,0.0,0.0,0.0,0.0,1.0,0.0,0.0,0.0,0.0,0.0
2026-06-21T00:00:00,12:14:59,L29-VIAPAULISTA,SP330,316.686,NORTE,-21.12613021,-47.77050794,COLISÃO,COLISÃO-TRASEIRA,IMPRUD. CONDUTOR,0,1,0,0,RIBEIRÃO PRETO,RIBEIRÃO PRETO,RIBEIRÃO PRETO,ESTADUAL,0.0,0.0,1.0,1.0,0.0,0.0,0.0,0.0,0.0,0.0,0.0,0.0,0.0,0.0,0.0,0.0
2026-06-21T00:00:00,19:36:36,L01-AUTOBAN,SP330,20.0,NORTE,-23.468944569907,-46.778873205185,TOMBAMENTO,TOMBAMENTO-MOTO,NÃO INFORMADO,0,1,0,0,OSASCO,REG. METROPOLITANA SÃO PAULO,SÃO PAULO,ESTADUAL,0.0,0.0,1.0,0.0,0.0,0.0,0.0,0.0,0.0,0.0,0.0,0.0,0.0,0.0,0.0,0.0
2026-06-21T00:00:00,20:59:04,L01-AUTOBAN,SP330,146.0,SUL,-22.560920351583,-47.366502285004,COLISÃO,COLISÃO-LATERAL,NÃO INFORMADO,0,0,0,0,LIMEIRA,CAMPINAS,RIO CLARO,ESTADUAL,1.0,1.0,0.0,0.0,0.0,0.0,0.0,0.0,0.0,0.0,0.0,0.0,0.0,0.0,0.0,0.0
2026-06-21T00:00:00,21:06:51,L01-AUTOBAN,SP330,93.4,SUL,-22.927874802526,-47.082326281832,COLISÃO,COLISÃO-TRASEIRA,NÃO INFORMADO,0,0,0,0,CAMPINAS,CAMPINAS,CAMPINAS,ESTADUAL,2.0,0.0,0.0,0.0,0.0,0.0,0.0,0.0,0.0,0.0,0.0,0.0,0.0,0.0,0.0,0.0
2026-06-21T00:00:00,22:08:56,L01-AUTOBAN,SP330,101.0,NORTE,-22.873812661725,-47.124744057655,COLISÃO,COLISÃO-LATERAL,NÃO INFORMADO,0,0,0,0,CAMPINAS,CAMPINAS,CAMPINAS,ESTADUAL,1.0,0.0,0.0,0.0,1.0,0.0,0.0,0.0,0.0,0.0,0.0,0.0,0.0,0.0,0.0,0.0
2026-06-21T00:00:00,23:09:01,L28-ENTREVIAS,SP330,326.36,SUL,-21.0770163947079,-47.80615816157679,TOMBAMENTO,TOMBAMENTO-MOTO,IMPRUD. CONDUTOR-PERDA DE CONTROLE,1,0,0,0,JARDINÓPOLIS,RIBEIRÃO PRETO,RIBEIRÃO PRETO,ESTADUAL,0.0,0.0,1.0,0.0,0.0,0.0,0.0,0.0,0.0,0.0,0.0,0.0,0.0,0.0,0.0,0.0
2026-06-22T00:00:00,05:50:18,L29-VIAPAULISTA,SP330,277.534,NORTE,-21.44162337,-47.64955039,CHOQUE,CHOQUE-TALUDE/BARRANCO,IMPRUD. CONDUTOR-DORMIR AO VOLANTE,0,0,0,0,SÃO SIMÃO,RIBEIRÃO PRETO,RIBEIRÃO PRETO,ESTADUAL,0.0,0.0,0.0,1.0,0.0,0.0,0.0,0.0,0.0,0.0,0.0,0.0,0.0,0.0,0.0,0.0
2026-06-22T00:00:00,06:11:32,L01-AUTOBAN,SP330,82.0,SUL,-23.013551263743,-47.02328145504,ATROPELAMENTO DE PEDESTRE,ATROP. PEDESTRE-OUTROS,NÃO INFORMADO,1,0,0,0,VALINHOS,CAMPINAS,CAMPINAS,ESTADUAL,1.0,0.0,0.0,0.0,0.0,0.0,0.0,1.0,0.0,0.0,0.0,0.0,0.0,0.0,0.0,0.0
2026-06-22T00:00:00,06:49:23,L01-AUTOBAN,SP330,114.0,SUL,-22.800820864703,-47.222017049789,ENGAVETAMENTO,ENGAVETAMENTO,NÃO INFORMADO,0,0,0,0,SUMARÉ,CAMPINAS,CAMPINAS,ESTADUAL,3.0,0.0,0.0,0.0,0.0,0.0,0.0,0.0,0.0,0.0,0.0,0.0,0.0,0.0,0.0,0.0
2026-06-22T00:00:00,06:51:49,L01-AUTOBAN,SP330,71.0,SUL,-23.097837246034,-46.968103051186,COLISÃO,COLISÃO-TRASEIRA,NÃO INFORMADO,0,0,0,0,LOUVEIRA,CAMPINAS,CAMPINAS,ESTADUAL,1.0,0.0,0.0,0.0,1.0,0.0,0.0,0.0,0.0,0.0,0.0,0.0,0.0,0.0,0.0,0.0
2026-06-22T00:00:00,07:00:10,L01-AUTOBAN,SP330,14.0,SUL,-23.507187255032,-46.750034093857,COLISÃO,COLISÃO-TRASEIRA,NÃO INFORMADO,0,1,0,0,SÃO PAULO,REG. METROPOLITANA SÃO PAULO,SÃO PAULO,ESTADUAL,0.0,0.0,1.0,1.0,0.0,0.0,0.0,0.0,0.0,0.0,0.0,0.0,0.0,0.0,0.0,0.0
2026-06-22T00:00:00,07:28:51,L01-AUTOBAN,SP330,15.0,SUL,-23.499916439503,-46.754695773125,TOMBAMENTO,TOMBAMENTO-MOTO,NÃO INFORMADO,2,0,0,0,SÃO PAULO,REG. METROPOLITANA SÃO PAULO,SÃO PAULO,ESTADUAL,0.0,0.0,1.0,0.0,0.0,0.0,0.0,0.0,0.0,0.0,0.0,0.0,0.0,0.0,0.0,0.0
2026-06-22T00:00:00,07:50:59,L29-VIAPAULISTA,SP330,310.59,NORTE,-21.17801056,-47.75677791,ENGAVETAMENTO,ENGAVETAMENTO,IMPRUD. CONDUTOR-DIST. INADEQUADA ENTRE VEÍC.,0,0,0,0,RIBEIRÃO PRETO,RIBEIRÃO PRETO,RIBEIRÃO PRETO,ESTADUAL,2.0,0.0,0.0,2.0,0.0,0.0,0.0,0.0,0.0,0.0,0.0,0.0,0.0,0.0,0.0,0.0
2026-06-22T00:00:00,07:51:13,L01-AUTOBAN,SP330,22.1,SUL,-23.452157651827,-46.786687016643,COLISÃO,COLISÃO-TRASEIRA,NÃO INFORMADO,0,0,0,0,SÃO PAULO,REG. METROPOLITANA SÃO PAULO,SÃO PAULO,ESTADUAL,1.0,0.0,1.0,0.0,0.0,0.0,0.0,0.0,0.0,0.0,0.0,0.0,0.0,0.0,0.0,0.0
2026-06-22T00:00:00,09:11:37,L01-AUTOBAN,SP330,15.0,SUL,-23.499916439503,-46.754695773125,ATROPELAMENTO DE ANIMAL,ATROP. ANIMAL-OUTROS,NÃO INFORMADO,0,0,0,0,SÃO PAULO,REG. METROPOLITANA SÃO PAULO,SÃO PAULO,ESTADUAL,1.0,0.0,0.0,0.0,0.0,0.0,0.0,0.0,0.0,0.0,0.0,0.0,0.0,0.0,0.0,0.0
2026-06-22T00:00:00,10:08:22,L01-AUTOBAN,SPM330E,87.5,SUL,-22.970622878665,-47.051010131836,COLISÃO,COLISÃO-TRASEIRA,NÃO INFORMADO,0,0,0,0,CAMPINAS,CAMPINAS,CAMPINAS,ESTADUAL,2.0,0.0,0.0,0.0,0.0,0.0,0.0,0.0,0.0,0.0,0.0,0.0,0.0,0.0,0.0,0.0
2026-06-22T00:00:00,14:25:58,L01-AUTOBAN,SP330,38.0,SUL,-23.344767747059,-46.840934157372,COLISÃO,COLISÃO-TRASEIRA,NÃO INFORMADO,0,0,0,0,CAJAMAR,REG. METROPOLITANA SÃO PAULO,SÃO PAULO,ESTADUAL,0.0,0.0,0.0,1.0,1.0,0.0,0.0,0.0,0.0,0.0,0.0,0.0,0.0,0.0,0.0,0.0
2026-06-22T00:00:00,14:33:18,L01-AUTOBAN,SP330,61.0,SUL,-23.175304483475,-46.918702125549,ENGAVETAMENTO,ENGAVETAMENTO,NÃO INFORMADO,0,0,0,0,JUNDIAÍ,CAMPINAS,CAMPINAS,ESTADUAL,3.0,0.0,0.0,0.0,0.0,0.0,0.0,0.0,0.0,0.0,0.0,0.0,0.0,0.0,0.0,0.0
2026-06-22T00:00:00,15:48:11,L06-INTERVIAS,SP330,189.0,SUL,-22.18410426,-47.39860687,CHOQUE,CHOQUE-DEFENSA/BARREIRA,IMPRUD. CONDUTOR-LEVOU FECHADA,0,0,0,0,LEME,CAMPINAS,RIO CLARO,ESTADUAL,0.0,0.0,0.0,1.0,0.0,0.0,0.0,0.0,0.0,0.0,0.0,0.0,0.0,0.0,0.0,0.0
2026-06-22T00:00:00,15:52:41,L01-AUTOBAN,SP330,92.0,SUL,-22.935126302733,-47.071105241776,TOMBAMENTO,TOMBAMENTO-MOTO,NÃO INFORMADO,0,0,0,0,CAMPINAS,CAMPINAS,CAMPINAS,ESTADUAL,0.0,0.0,1.0,0.0,0.0,0.0,0.0,0.0,0.0,0.0,0.0,0.0,0.0,0.0,0.0,0.0
2026-06-22T00:00:00,16:22:56,L01-AUTOBAN,SPM330E,114.0,SUL,-22.800820864703,-47.222017049789,TOMBAMENTO,TOMBAMENTO-MOTO,NÃO INFORMADO,0,0,0,0,SUMARÉ,CAMPINAS,CAMPINAS,ESTADUAL,0.0,0.0,1.0,0.0,0.0,0.0,0.0,0.0,0.0,0.0,0.0,0.0,0.0,0.0,0.0,0.0
2026-06-22T00:00:00,17:54:03,L01-AUTOBAN,SP330,108.8,SUL,-22.828590074736,-47.182883166467,COLISÃO,COLISÃO-TRASEIRA,NÃO INFORMADO,0,0,0,0,SUMARÉ,CAMPINAS,CAMPINAS,ESTADUAL,2.0,0.0,0.0,0.0,0.0,0.0,0.0,0.0,0.0,0.0,0.0,0.0,0.0,0.0,0.0,0.0
2026-06-22T00:00:00,18:28:34,L01-AUTOBAN,SP330,23.4,NORTE,-23.440431148028,-46.78664410137,COLISÃO,COLISÃO-TRASEIRA,NÃO INFORMADO,3,0,0,0,SÃO PAULO,REG. METROPOLITANA SÃO PAULO,SÃO PAULO,ESTADUAL,0.0,0.0,2.0,0.0,0.0,0.0,0.0,0.0,0.0,0.0,0.0,0.0,0.0,0.0,0.0,0.0
2026-06-22T00:00:00,18:36:52,L06-INTERVIAS,SP330,182.0,NORTE,-22.24682617,-47.39010872,OBJETO LANÇADO CONTRA O VEÍCULO,OBJETO LANÇADO CONTRA O VEÍCULO,OBJETO LANÇADO,0,0,0,0,LEME,CAMPINAS,RIO CLARO,ESTADUAL,1.0,0.0,0.0,0.0,0.0,0.0,0.0,0.0,0.0,0.0,0.0,0.0,0.0,0.0,0.0,0.0
2026-06-22T00:00:00,19:25:29,L01-AUTOBAN,SPM330E,96.0,SUL,-22.911795994388,-47.101387381554,COLISÃO,COLISÃO-TRASEIRA,NÃO INFORMADO,0,0,0,0,CAMPINAS,CAMPINAS,CAMPINAS,ESTADUAL,2.0,0.0,0.0,0.0,0.0,0.0,0.0,0.0,0.0,0.0,0.0,0.0,0.0,0.0,0.0,0.0
2026-06-23T00:00:00,05:21:14,L01-AUTOBAN,SP330,33.0,SUL,-23.384694,-46.838601,COLISÃO,COLISÃO-TRASEIRA,NÃO INFORMADO,4,0,0,0,CAJAMAR,REG. METROPOLITANA SÃO PAULO,SÃO PAULO,ESTADUAL,0.0,0.0,0.0,0.0,2.0,0.0,0.0,0.0,0.0,0.0,0.0,0.0,0.0,0.0,0.0,0.0
2026-06-23T00:00:00,06:29:21,L01-AUTOBAN,SP330,14.2,SUL,-23.505733093313,-46.750966428821,COLISÃO,COLISÃO-TRASEIRA,NÃO INFORMADO,0,0,0,0,SÃO PAULO,REG. METROPOLITANA SÃO PAULO,SÃO PAULO,ESTADUAL,2.0,0.0,0.0,0.0,0.0,0.0,0.0,0.0,0.0,0.0,0.0,0.0,0.0,0.0,0.0,0.0
2026-06-23T00:00:00,06:29:24,L01-AUTOBAN,SPM330E,82.0,SUL,-23.013551263743,-47.02328145504,ENGAVETAMENTO,ENGAVETAMENTO,NÃO INFORMADO,0,0,0,0,VALINHOS,NÃO INFORMADO,NÃO INFORMADO,NÃO INFORMADO,1.0,2.0,0.0,1.0,0.0,0.0,0.0,0.0,0.0,0.0,0.0,0.0,0.0,0.0,0.0,0.0
2026-06-23T00:00:00,07:55:23,L01-AUTOBAN,SP330,93.6,NORTE,-22.926642464678,-47.083888637417,COLISÃO,COLISÃO-TRASEIRA,NÃO INFORMADO,1,0,0,0,CAMPINAS,CAMPINAS,CAMPINAS,ESTADUAL,1.0,0.0,1.0,0.0,0.0,0.0,0.0,0.0,0.0,0.0,0.0,0.0,0.0,0.0,0.0,0.0
2026-06-23T00:00:00,08:45:52,L01-AUTOBAN,SPM330D,54.0,NORTE,-23.223028310027,-46.877535581589,COLISÃO,COLISÃO-TRASEIRA,NÃO INFORMADO,0,1,0,0,JUNDIAÍ,CAMPINAS,CAMPINAS,ESTADUAL,1.0,1.0,0.0,0.0,0.0,0.0,0.0,0.0,0.0,0.0,0.0,0.0,0.0,0.0,0.0,0.0
2026-06-23T00:00:00,10:23:33,L01-AUTOBAN,SP330,87.8,SUL,-22.967964656596,-47.052539006527,COLISÃO,COLISÃO-TRASEIRA,NÃO INFORMADO,0,0,1,0,CAMPINAS,CAMPINAS,CAMPINAS,ESTADUAL,0.0,0.0,1.0,0.0,1.0,0.0,0.0,0.0,0.0,0.0,0.0,0.0,0.0,0.0,0.0,0.0
2026-06-23T00:00:00,10:25:21,L29-VIAPAULISTA,SP330,307.0,SUL,-21.21028775,-47.75847123,CHOQUE,CHOQUE-ELEMENTO DE DRENAGEM,CONDIÇÃO CLIMÁTICA,0,0,0,0,RIBEIRÃO PRETO,RIBEIRÃO PRETO,RIBEIRÃO PRETO,ESTADUAL,1.0,0.0,0.0,0.0,0.0,0.0,0.0,0.0,0.0,0.0,0.0,0.0,0.0,0.0,0.0,0.0
2026-06-23T00:00:00,10:48:01,L01-AUTOBAN,SP330,111.0,NORTE,-22.817707777076,-47.201734185219,COLISÃO,COLISÃO-TRASEIRA,NÃO INFORMADO,3,0,0,0,SUMARÉ,CAMPINAS,CAMPINAS,ESTADUAL,1.0,0.0,0.0,1.0,0.0,0.0,0.0,0.0,0.0,0.0,0.0,0.0,0.0,0.0,0.0,0.0
2026-06-23T00:00:00,12:35:02,L01-AUTOBAN,SP330,57.0,NORTE,-23.205930751154,-46.899073719978,CHOQUE,CHOQUE-DEFENSA/BARREIRA,NÃO INFORMADO,0,0,0,0,JUNDIAÍ,CAMPINAS,CAMPINAS,ESTADUAL,1.0,0.0,0.0,0.0,0.0,0.0,0.0,0.0,0.0,0.0,0.0,0.0,0.0,0.0,0.0,0.0
2026-06-23T00:00:00,15:09:31,L01-AUTOBAN,SP330,151.5,NORTE,-22.517951938288,-47.393590973629,COLISÃO,COLISÃO-TRASEIRA,NÃO INFORMADO,0,0,0,0,LIMEIRA,CAMPINAS,RIO CLARO,ESTADUAL,0.0,0.0,0.0,0.0,2.0,0.0,0.0,0.0,0.0,0.0,0.0,0.0,0.0,0.0,0.0,0.0
2026-06-23T00:00:00,17:16:49,L01-AUTOBAN,SP330,51.0,SUL,-23.248256521474,-46.866077184677,CHOQUE,CHOQUE-DEFENSA/BARREIRA,NÃO INFORMADO,0,0,0,0,JUNDIAÍ,CAMPINAS,CAMPINAS,ESTADUAL,1.0,0.0,0.0,0.0,0.0,0.0,0.0,0.0,0.0,0.0,0.0,0.0,0.0,0.0,0.0,0.0
2026-06-23T00:00:00,18:11:35,L29-VIAPAULISTA,SP330,297.9,NORTE,-21.29001777,-47.74710208,ATROPELAMENTO DE ANIMAL,ATROP. ANIMAL-OUTROS,ANIMAL NA RODOVIA,1,0,0,0,CRAVINHOS,RIBEIRÃO PRETO,RIBEIRÃO PRETO,ESTADUAL,0.0,0.0,1.0,0.0,0.0,0.0,0.0,0.0,0.0,0.0,0.0,0.0,0.0,0.0,0.0,0.0
2026-06-23T00:00:00,18:19:47,L01-AUTOBAN,SP330,147.0,SUL,-22.552865090444,-47.371035218239,CHOQUE,CHOQUE-ELEMENTO DE DRENAGEM,NÃO INFORMADO,0,0,0,0,LIMEIRA,CAMPINAS,RIO CLARO,ESTADUAL,1.0,0.0,0.0,0.0,0.0,0.0,0.0,0.0,0.0,0.0,0.0,0.0,0.0,0.0,0.0,0.0
2026-06-23T00:00:00,18:30:30,L29-VIAPAULISTA,SP330,308.647,NORTE,-21.19551012,-47.75769601,COLISÃO,COLISÃO-LATERAL,IMPRUD. CONDUTOR-PERDA DE CONTROLE,0,0,0,0,RIBEIRÃO PRETO,RIBEIRÃO PRETO,RIBEIRÃO PRETO,ESTADUAL,0.0,1.0,0.0,0.0,1.0,0.0,0.0,0.0,0.0,0.0,0.0,0.0,0.0,0.0,0.0,0.0
2026-06-23T00:00:00,18:38:12,L01-AUTOBAN,SP330,104.0,NORTE,-22.856805,-47.148633,COLISÃO,COLISÃO-TRASEIRA,NÃO INFORMADO,0,0,0,0,CAMPINAS,CAMPINAS,CAMPINAS,ESTADUAL,2.0,0.0,0.0,0.0,0.0,0.0,0.0,0.0,0.0,0.0,0.0,0.0,0.0,0.0,0.0,0.0
2026-06-23T00:00:00,18:52:27,L01-AUTOBAN,SP330,37.8,SUL,-23.346067202604,-46.84211973042,COLISÃO,COLISÃO-TRASEIRA,NÃO INFORMADO,0,0,0,0,CAJAMAR,REG. METROPOLITANA SÃO PAULO,SÃO PAULO,ESTADUAL,1.0,0.0,0.0,0.0,1.0,0.0,0.0,0.0,0.0,0.0,0.0,0.0,0.0,0.0,0.0,0.0
2026-06-23T00:00:00,19:19:31,L01-AUTOBAN,SP330,85.5,SUL,-22.986357795564,-47.041367590427,CHOQUE,CHOQUE-DEFENSA/BARREIRA,NÃO INFORMADO,0,0,0,0,VALINHOS,CAMPINAS,CAMPINAS,ESTADUAL,1.0,0.0,0.0,0.0,0.0,0.0,0.0,0.0,0.0,0.0,0.0,0.0,0.0,0.0,0.0,0.0
2026-06-23T00:00:00,19:54:56,L06-INTERVIAS,SP330,206.7,NORTE,-22.02904109,-47.43508007,TOMBAMENTO,TOMBAMENTO,NÃO INFORMADO,1,0,0,0,PIRASSUNUNGA,CAMPINAS,RIO CLARO,ESTADUAL,0.0,0.0,0.0,0.0,3.0,0.0,0.0,0.0,0.0,0.0,0.0,0.0,0.0,0.0,0.0,0.0
2026-06-23T00:00:00,19:59:36,L01-AUTOBAN,SP330,103.0,NORTE,-22.862197108808,-47.13924407959,COLISÃO,COLISÃO-LATERAL,NÃO INFORMADO,0,0,0,0,CAMPINAS,CAMPINAS,CAMPINAS,ESTADUAL,1.0,0.0,0.0,0.0,1.0,0.0,0.0,0.0,0.0,0.0,0.0,0.0,0.0,0.0,0.0,0.0
2026-06-23T00:00:00,22:09:35,L01-AUTOBAN,SP330,29.0,NORTE,-23.409248491244,-46.820565462112,CHOQUE,CHOQUE-TALUDE/BARRANCO,NÃO INFORMADO,0,0,0,0,SÃO PAULO,REG. METROPOLITANA SÃO PAULO,SÃO PAULO,ESTADUAL,1.0,0.0,0.0,0.0,0.0,0.0,0.0,0.0,0.0,0.0,0.0,0.0,0.0,0.0,0.0,0.0
2026-06-23T00:00:00,22:55:17,L01-AUTOBAN,SP330,84.2,NORTE,-22.996110953286,-47.034234506109,COLISÃO,COLISÃO-LATERAL,NÃO INFORMADO,0,1,0,0,VALINHOS,CAMPINAS,CAMPINAS,ESTADUAL,0.0,0.0,0.0,1.0,1.0,0.0,0.0,0.0,0.0,0.0,0.0,0.0,0.0,0.0,0.0,0.0
2026-06-24T00:00:00,06:44:48,L01-AUTOBAN,SP330,125.0,SUL,-22.728537083875,-47.292033433914,COLISÃO,COLISÃO-TRASEIRA,NÃO INFORMADO,1,0,0,0,AMERICANA,CAMPINAS,RIO CLARO,ESTADUAL,2.0,0.0,0.0,0.0,0.0,0.0,0.0,0.0,0.0,0.0,0.0,0.0,0.0,0.0,0.0,0.0
2026-06-24T00:00:00,10:34:08,L01-AUTOBAN,SP330,85.1,NORTE,-22.988870203203,-47.039337473267,TOMBAMENTO,TOMBAMENTO,NÃO INFORMADO,1,0,0,0,VALINHOS,CAMPINAS,CAMPINAS,ESTADUAL,1.0,0.0,0.0,0.0,0.0,0.0,0.0,0.0,0.0,0.0,0.0,0.0,0.0,0.0,0.0,0.0
2026-06-24T00:00:00,10:37:15,L29-VIAPAULISTA,SP330,298.399,SUL,-21.28711267,-47.74862353,COLISÃO,COLISÃO-LATERAL,IMPRUD. CONDUTOR-LEVOU FECHADA,0,0,0,0,CRAVINHOS,RIBEIRÃO PRETO,RIBEIRÃO PRETO,ESTADUAL,0.0,0.0,0.0,1.0,1.0,0.0,0.0,0.0,0.0,0.0,0.0,0.0,0.0,0.0,0.0,0.0
2026-06-24T00:00:00,13:05:36,L29-VIAPAULISTA,SP330,298.399,NORTE,-21.28597375,-47.74899541,CHOQUE,CHOQUE-DEFENSA/BARREIRA,IMPRUD. CONDUTOR-PERDA DE CONTROLE,0,0,0,0,CRAVINHOS,RIBEIRÃO PRETO,RIBEIRÃO PRETO,ESTADUAL,0.0,0.0,0.0,1.0,0.0,0.0,0.0,0.0,0.0,0.0,0.0,0.0,0.0,0.0,0.0,0.0
2026-06-24T00:00:00,14:55:05,L06-INTERVIAS,SP330,209.5,NORTE,-22.0049586,-47.44330529,CHOQUE,CHOQUE-OBJETO NA PISTA,OBJETO NA PISTA,0,0,0,0,PIRASSUNUNGA,CAMPINAS,RIO CLARO,ESTADUAL,1.0,0.0,0.0,0.0,0.0,0.0,0.0,0.0,0.0,0.0,0.0,0.0,0.0,0.0,0.0,0.0
2026-06-24T00:00:00,15:00:37,L29-VIAPAULISTA,SP330,307.385,NORTE,-21.20690603,-47.75829383,COLISÃO,COLISÃO-LATERAL,IMPRUD. CONDUTOR-MUDANÇA DE FAIXA,0,0,0,0,RIBEIRÃO PRETO,RIBEIRÃO PRETO,RIBEIRÃO PRETO,ESTADUAL,0.0,0.0,0.0,1.0,1.0,0.0,0.0,0.0,0.0,0.0,0.0,0.0,0.0,0.0,0.0,0.0
2026-06-24T00:00:00,15:40:21,L01-AUTOBAN,SP330,19.4,NORTE,-23.471805387278,-46.775123474598,COLISÃO,COLISÃO-TRASEIRA,NÃO INFORMADO,0,0,0,0,OSASCO,REG. METROPOLITANA SÃO PAULO,SÃO PAULO,ESTADUAL,1.0,0.0,0.0,0.0,1.0,0.0,0.0,0.0,0.0,0.0,0.0,0.0,0.0,0.0,0.0,0.0
2026-06-24T00:00:00,16:03:38,L29-VIAPAULISTA,SP330,315.421,SUL,-21.13640908,-47.7636473,COLISÃO,COLISÃO-TRASEIRA,IMPRUD. CONDUTOR,0,0,0,0,RIBEIRÃO PRETO,RIBEIRÃO PRETO,RIBEIRÃO PRETO,ESTADUAL,1.0,1.0,0.0,0.0,0.0,0.0,0.0,0.0,0.0,0.0,0.0,0.0,0.0,0.0,0.0,0.0
2026-06-24T00:00:00,16:08:08,L01-AUTOBAN,SP330,25.0,SUL,-23.42658,-46.787612,COLISÃO,COLISÃO-TRASEIRA,NÃO INFORMADO,0,1,0,0,SÃO PAULO,REG. METROPOLITANA SÃO PAULO,SÃO PAULO,ESTADUAL,0.0,0.0,1.0,1.0,0.0,0.0,0.0,0.0,0.0,0.0,0.0,0.0,0.0,0.0,0.0,0.0
2026-06-24T00:00:00,19:49:18,L06-INTERVIAS,SP330,237.7,SUL,-21.77498206,-47.53986429,COLISÃO,COLISÃO-TRASEIRA,NÃO INFORMADO,0,0,1,0,SANTA RITA DO PASSA QUATRO,CENTRAL,RIBEIRÃO PRETO,ESTADUAL,0.0,0.0,0.0,0.0,2.0,0.0,0.0,0.0,0.0,0.0,0.0,0.0,0.0,0.0,0.0,0.0
2026-06-24T00:00:00,22:29:24,L01-AUTOBAN,SP330,58.0,SUL,-23.19706558464,-46.903826594353,CHOQUE,CHOQUE-DEFENSA/BARREIRA,NÃO INFORMADO,0,0,0,0,JUNDIAÍ,CAMPINAS,CAMPINAS,ESTADUAL,0.0,0.0,0.0,1.0,0.0,0.0,0.0,0.0,0.0,0.0,0.0,0.0,0.0,0.0,0.0,0.0
2026-06-24T00:00:00,23:18:40,L29-VIAPAULISTA,SP330,255.942,SUL,-21.63195047,-47.61348425,CHOQUE,CHOQUE-DEFENSA/BARREIRA,IMPRUD. CONDUTOR,0,0,0,0,SANTA RITA DO PASSA QUATRO,CENTRAL,RIBEIRÃO PRETO,ESTADUAL,0.0,0.0,0.0,0.0,1.0,0.0,0.0,0.0,0.0,0.0,0.0,0.0,0.0,0.0,0.0,0.0
2026-06-25T00:00:00,02:28:35,L29-VIAPAULISTA,SPD307/330,307.5,NORTE,-21.20587184,-47.75823958,CHOQUE,CHOQUE-DEFENSA/BARREIRA,IMPRUD. CONDUTOR-PERDA DE CONTROLE,0,0,0,0,RIBEIRÃO PRETO,NÃO INFORMADO,NÃO INFORMADO,NÃO INFORMADO,1.0,0.0,0.0,0.0,0.0,0.0,0.0,0.0,0.0,0.0,0.0,0.0,0.0,0.0,0.0,0.0
2026-06-25T00:00:00,07:52:57,L01-AUTOBAN,SP330,21.5,SUL,-23.457013849312,-46.784047186375,COLISÃO,COLISÃO-TRASEIRA,NÃO INFORMADO,1,0,0,0,SÃO PAULO,REG. METROPOLITANA SÃO PAULO,SÃO PAULO,ESTADUAL,0.0,0.0,1.0,1.0,0.0,0.0,0.0,0.0,0.0,0.0,0.0,0.0,0.0,0.0,0.0,0.0
2026-06-25T00:00:00,08:24:00,L28-ENTREVIAS,SP330,318.6,NORTE,-21.11722524534491,-47.77698945868193,ATROPELAMENTO DE PEDESTRE,ATROP. PEDESTRE-CICLISTA,CICLISTA NA RODOVIA,1,0,0,0,RIBEIRÃO PRETO,RIBEIRÃO PRETO,RIBEIRÃO PRETO,ESTADUAL,1.0,0.0,0.0,0.0,0.0,1.0,0.0,0.0,0.0,0.0,0.0,0.0,0.0,0.0,0.0,0.0
2026-06-25T00:00:00,09:38:38,L29-VIAPAULISTA,SP330,306.578,NORTE,-21.21416967,-47.75864107,COLISÃO,COLISÃO-TRASEIRA,IMPRUD. CONDUTOR,0,0,0,0,RIBEIRÃO PRETO,RIBEIRÃO PRETO,RIBEIRÃO PRETO,ESTADUAL,1.0,1.0,0.0,0.0,0.0,0.0,0.0,0.0,0.0,0.0,0.0,0.0,0.0,0.0,0.0,0.0
2026-06-25T00:00:00,10:27:21,L29-VIAPAULISTA,SP330,307.347,NORTE,-21.20724802,-47.75831177,TOMBAMENTO,TOMBAMENTO,ÓLEO NA PISTA,0,0,0,0,RIBEIRÃO PRETO,RIBEIRÃO PRETO,RIBEIRÃO PRETO,ESTADUAL,0.0,0.0,1.0,0.0,0.0,0.0,0.0,0.0,0.0,0.0,0.0,0.0,0.0,0.0,0.0,0.0
2026-06-25T00:00:00,10:52:23,L06-INTERVIAS,SP330,235.1,SUL,-21.79000916,-47.52064984,CHOQUE,CHOQUE-DEFENSA/BARREIRA,NÃO INFORMADO,0,0,0,0,SANTA RITA DO PASSA QUATRO,CENTRAL,RIBEIRÃO PRETO,ESTADUAL,1.0,0.0,0.0,0.0,0.0,0.0,0.0,0.0,0.0,0.0,0.0,0.0,0.0,0.0,0.0,0.0
2026-06-25T00:00:00,12:11:13,L01-AUTOBAN,SP330,11.46,SUL,-23.51053885599,-46.728948396714,COLISÃO,COLISÃO-LATERAL,NÃO INFORMADO,1,0,0,0,SÃO PAULO,REG. METROPOLITANA SÃO PAULO,SÃO PAULO,ESTADUAL,1.0,0.0,1.0,0.0,0.0,0.0,0.0,0.0,0.0,0.0,0.0,0.0,0.0,0.0,0.0,0.0
2026-06-25T00:00:00,15:06:17,L01-AUTOBAN,SPM330D,110.0,NORTE,-22.822672081657,-47.192480564117,TOMBAMENTO,TOMBAMENTO-MOTO,NÃO INFORMADO,1,0,0,0,SUMARÉ,CAMPINAS,CAMPINAS,ESTADUAL,0.0,0.0,1.0,0.0,0.0,0.0,0.0,0.0,0.0,0.0,0.0,0.0,0.0,0.0,0.0,0.0
2026-06-25T00:00:00,17:41:33,L01-AUTOBAN,SP330,43.0,NORTE,-23.310478510736,-46.857231259346,CHOQUE,OUTROS/NÃO CLASSIFICADO,NÃO INFORMADO,0,0,0,0,CAJAMAR,REG. METROPOLITANA SÃO PAULO,SÃO PAULO,ESTADUAL,1.0,0.0,0.0,0.0,0.0,0.0,0.0,0.0,0.0,0.0,0.0,0.0,0.0,0.0,0.0,0.0
2026-06-25T00:00:00,18:08:39,L01-AUTOBAN,SP330,22.5,NORTE,-23.448689540268,-46.786686480045,COLISÃO,COLISÃO-LATERAL,NÃO INFORMADO,0,0,0,0,SÃO PAULO,REG. METROPOLITANA SÃO PAULO,SÃO PAULO,ESTADUAL,2.0,2.0,0.0,0.0,0.0,0.0,0.0,0.0,0.0,0.0,0.0,0.0,0.0,0.0,0.0,0.0
2026-06-25T00:00:00,18:38:03,L01-AUTOBAN,SP330,29.0,SUL,-23.409410946036,-46.820742487907,COLISÃO,COLISÃO-TRASEIRA,NÃO INFORMADO,1,0,0,0,SÃO PAULO,REG. METROPOLITANA SÃO PAULO,SÃO PAULO,ESTADUAL,1.0,0.0,0.0,1.0,0.0,0.0,0.0,0.0,0.0,0.0,0.0,0.0,0.0,0.0,0.0,0.0
2026-06-26T00:00:00,01:20:28,L01-AUTOBAN,SPM330E,12.0,SUL,-23.509484513183,-46.730405688286,CHOQUE,CHOQUE-MEIO FIO,NÃO INFORMADO,0,0,0,0,SÃO PAULO,REG. METROPOLITANA SÃO PAULO,SÃO PAULO,ESTADUAL,0.0,0.0,1.0,0.0,0.0,0.0,0.0,0.0,0.0,0.0,0.0,0.0,0.0,0.0,0.0,0.0
2026-06-26T00:00:00,06:25:01,L01-AUTOBAN,SP330,33.0,NORTE,-23.38469091083,-46.838348507881,ATROPELAMENTO DE PEDESTRE,ATROP. PEDESTRE-OUTROS,NÃO INFORMADO,0,1,0,0,CAJAMAR,REG. METROPOLITANA SÃO PAULO,SÃO PAULO,ESTADUAL,0.0,0.0,1.0,0.0,0.0,0.0,0.0,0.0,0.0,0.0,0.0,0.0,0.0,0.0,0.0,0.0
2026-06-26T00:00:00,07:11:46,L01-AUTOBAN,SP330,109.0,SUL,-22.827506,-47.184259,COLISÃO,COLISÃO-TRASEIRA,NÃO INFORMADO,0,0,0,0,SUMARÉ,CAMPINAS,CAMPINAS,ESTADUAL,2.0,0.0,0.0,0.0,0.0,0.0,0.0,0.0,0.0,0.0,0.0,0.0,0.0,0.0,0.0,0.0
2026-06-26T00:00:00,07:21:41,L01-AUTOBAN,SP330,45.0,NORTE,-23.296565227892,-46.86413526535,CHOQUE,CHOQUE-DEFENSA/BARREIRA,NÃO INFORMADO,0,0,0,0,CAJAMAR,REG. METROPOLITANA SÃO PAULO,SÃO PAULO,ESTADUAL,1.0,0.0,0.0,0.0,0.0,0.0,0.0,0.0,0.0,0.0,0.0,0.0,0.0,0.0,0.0,0.0
2026-06-26T00:00:00,07:26:36,L01-AUTOBAN,SPM330D,53.0,NORTE,-23.230639,-46.87295,COLISÃO,COLISÃO-TRASEIRA,NÃO INFORMADO,0,0,0,0,JUNDIAÍ,CAMPINAS,CAMPINAS,ESTADUAL,1.0,0.0,1.0,0.0,0.0,0.0,0.0,0.0,0.0,0.0,0.0,0.0,0.0,0.0,0.0,0.0
2026-06-26T00:00:00,08:27:05,L29-VIAPAULISTA,SP330,300.945,NORTE,-21.26430487,-47.75519891,CHOQUE,CHOQUE-DEFENSA/BARREIRA,IMPRUD. CONDUTOR-PERDA DE CONTROLE,1,0,0,0,RIBEIRÃO PRETO,RIBEIRÃO PRETO,RIBEIRÃO PRETO,ESTADUAL,1.0,0.0,0.0,0.0,0.0,0.0,0.0,0.0,0.0,0.0,0.0,0.0,0.0,0.0,0.0,0.0
2026-06-26T00:00:00,15:20:39,L01-AUTOBAN,SP330,22.7,SUL,-23.446892725367,-46.78693163426,COLISÃO,COLISÃO-TRASEIRA,NÃO INFORMADO,0,0,0,0,SÃO PAULO,REG. METROPOLITANA SÃO PAULO,SÃO PAULO,ESTADUAL,1.0,0.0,0.0,1.0,0.0,0.0,0.0,0.0,0.0,0.0,0.0,0.0,0.0,0.0,0.0,0.0
2026-06-26T00:00:00,18:06:05,L01-AUTOBAN,SP330,60.0,NORTE,-23.18100028702,-46.911460161209,ENGAVETAMENTO,ENGAVETAMENTO,NÃO INFORMADO,0,0,0,0,JUNDIAÍ,CAMPINAS,CAMPINAS,ESTADUAL,2.0,0.0,0.0,1.0,0.0,0.0,0.0,0.0,0.0,0.0,0.0,0.0,0.0,0.0,0.0,0.0
2026-06-26T00:00:00,18:31:46,L29-VIAPAULISTA,SP330,263.616,NORTE,-21.56472221,-47.63333945,CHOQUE,CHOQUE-OBJETO NA PISTA,OBJETO NA PISTA,0,0,0,0,SÃO SIMÃO,RIBEIRÃO PRETO,RIBEIRÃO PRETO,ESTADUAL,0.0,0.0,0.0,2.0,1.0,0.0,0.0,0.0,0.0,0.0,0.0,0.0,0.0,0.0,0.0,0.0
2026-06-26T00:00:00,19:11:31,L01-AUTOBAN,SPM330D,91.8,NORTE,-22.936664914009,-47.070419459548,COLISÃO,COLISÃO-TRASEIRA,NÃO INFORMADO,0,0,0,0,CAMPINAS,CAMPINAS,CAMPINAS,ESTADUAL,2.0,0.0,0.0,0.0,0.0,0.0,0.0,0.0,0.0,0.0,0.0,0.0,0.0,0.0,0.0,0.0
2026-06-26T00:00:00,22:11:08,L29-VIAPAULISTA,SPD318/330,318.5,SUL,-21.112796,-47.780079,CHOQUE,CHOQUE-DEFENSA/BARREIRA,IMPRUD. CONDUTOR,0,0,0,0,RIBEIRÃO PRETO,NÃO INFORMADO,NÃO INFORMADO,NÃO INFORMADO,1.0,0.0,0.0,0.0,0.0,0.0,0.0,0.0,0.0,0.0,0.0,0.0,0.0,0.0,0.0,0.0
2026-06-26T00:00:00,22:53:26,L01-AUTOBAN,SP330,60.8,NORTE,-23.176435758078,-46.916957611563,COLISÃO,COLISÃO-TRASEIRA,NÃO INFORMADO,2,1,0,0,JUNDIAÍ,CAMPINAS,CAMPINAS,ESTADUAL,4.0,0.0,0.0,0.0,0.0,0.0,0.0,0.0,0.0,0.0,0.0,0.0,0.0,0.0,0.0,0.0
2026-06-26T00:00:00,23:30:27,L01-AUTOBAN,SPM330D,102.0,NORTE,-22.86736244539,-47.132125496864,COLISÃO,COLISÃO-LATERAL,NÃO INFORMADO,0,0,0,0,CAMPINAS,CAMPINAS,CAMPINAS,ESTADUAL,2.0,0.0,0.0,0.0,0.0,0.0,0.0,0.0,0.0,0.0,0.0,0.0,0.0,0.0,0.0,0.0
2026-06-27T00:00:00,05:43:39,L29-VIAPAULISTA,SP330,310.235,NORTE,-21.18122461,-47.75694654,CHOQUE,CHOQUE-SINALIZAÇÃO/EQUIPAMENTO,NÃO INFORMADO,0,1,0,0,RIBEIRÃO PRETO,RIBEIRÃO PRETO,RIBEIRÃO PRETO,ESTADUAL,1.0,0.0,0.0,0.0,0.0,0.0,0.0,0.0,0.0,0.0,0.0,0.0,0.0,0.0,0.0,0.0
2026-06-27T00:00:00,06:39:39,L01-AUTOBAN,SP330,14.7,SUL,-23.502097685548,-46.753297268455,TOMBAMENTO,TOMBAMENTO-MOTO,NÃO INFORMADO,1,0,0,0,SÃO PAULO,REG. METROPOLITANA SÃO PAULO,SÃO PAULO,ESTADUAL,0.0,0.0,1.0,0.0,0.0,0.0,0.0,0.0,0.0,0.0,0.0,0.0,0.0,0.0,0.0,0.0
2026-06-27T00:00:00,07:25:05,L29-VIAPAULISTA,SP330,243.85,NORTE,-21.73649081,-47.58248427,CHOQUE,CHOQUE-ELEMENTO DE DRENAGEM,IMPRUD. CONDUTOR-LEVOU FECHADA,0,0,0,0,SANTA RITA DO PASSA QUATRO,CENTRAL,RIBEIRÃO PRETO,ESTADUAL,1.0,0.0,0.0,0.0,0.0,0.0,0.0,0.0,0.0,0.0,0.0,0.0,0.0,0.0,0.0,0.0
2026-06-27T00:00:00,09:08:36,L01-AUTOBAN,SP330,102.0,SUL,-22.868355,-47.132428,CHOQUE,CHOQUE-DEFENSA/BARREIRA,NÃO INFORMADO,0,0,0,0,CAMPINAS,CAMPINAS,CAMPINAS,ESTADUAL,1.0,0.0,0.0,0.0,0.0,0.0,0.0,0.0,0.0,0.0,0.0,0.0,0.0,0.0,0.0,0.0
2026-06-27T00:00:00,09:42:27,L01-AUTOBAN,SP330,88.0,SUL,-22.966192553617,-47.0535582304,COLISÃO,COLISÃO-TRASEIRA,NÃO INFORMADO,0,0,0,0,CAMPINAS,CAMPINAS,CAMPINAS,ESTADUAL,1.0,0.0,0.0,1.0,0.0,0.0,0.0,0.0,0.0,0.0,0.0,0.0,0.0,0.0,0.0,0.0
2026-06-27T00:00:00,11:29:35,L28-ENTREVIAS,SP330,400.95,NORTE,-20.41876564401334,-47.82894934436844,COLISÃO,COLISÃO-TRASEIRA,IMPRUD. CONDUTOR-USO CELULAR AO VOLANTE,0,0,0,0,GUARÁ,FRANCA,RIBEIRÃO PRETO,ESTADUAL,0.0,0.0,0.0,0.0,2.0,0.0,0.0,0.0,0.0,0.0,0.0,0.0,0.0,0.0,0.0,0.0
2026-06-27T00:00:00,11:36:00,L28-ENTREVIAS,SP330,385.2,SUL,-20.55283398330108,-47.86136876572749,OBJETO LANÇADO CONTRA O VEÍCULO,OBJETO LANÇADO CONTRA O VEÍCULO,PANE MECÂNICA,3,0,0,0,SÃO JOAQUIM DA BARRA,FRANCA,RIBEIRÃO PRETO,ESTADUAL,2.0,0.0,0.0,0.0,0.0,0.0,0.0,0.0,0.0,0.0,0.0,0.0,0.0,0.0,0.0,0.0
2026-06-27T00:00:00,13:21:28,L01-AUTOBAN,SP330,64.5,NORTE,-23.148804642567,-46.937445402145,TOMBAMENTO,TOMBAMENTO-MOTO,NÃO INFORMADO,2,0,0,0,JUNDIAÍ,CAMPINAS,CAMPINAS,ESTADUAL,0.0,0.0,1.0,0.0,0.0,0.0,0.0,0.0,0.0,0.0,0.0,0.0,0.0,0.0,0.0,0.0
2026-06-27T00:00:00,15:15:48,L28-ENTREVIAS,SP330,376.4,NORTE,-20.62996703455516,-47.8822811696939,CHOQUE,CHOQUE-OBJETO NA PISTA,OBJETO NA PISTA,0,0,0,0,SÃO JOAQUIM DA BARRA,FRANCA,RIBEIRÃO PRETO,ESTADUAL,1.0,1.0,0.0,0.0,0.0,0.0,0.0,0.0,0.0,0.0,0.0,0.0,0.0,0.0,0.0,0.0
2026-06-27T00:00:00,15:49:33,L01-AUTOBAN,SPM330D,25.0,NORTE,-23.426127,-46.787542,COLISÃO,COLISÃO-LATERAL,NÃO INFORMADO,1,0,0,0,SÃO PAULO,REG. METROPOLITANA SÃO PAULO,SÃO PAULO,ESTADUAL,1.0,0.0,1.0,0.0,0.0,0.0,0.0,0.0,0.0,0.0,0.0,0.0,0.0,0.0,0.0,0.0
2026-06-27T00:00:00,18:35:40,L01-AUTOBAN,SPM330E,25.5,SUL,-23.42374267348,-46.790994186646,COLISÃO,COLISÃO-LATERAL,NÃO INFORMADO,0,0,0,0,SÃO PAULO,NÃO INFORMADO,NÃO INFORMADO,NÃO INFORMADO,1.0,0.0,0.0,0.0,1.0,0.0,0.0,0.0,0.0,0.0,0.0,0.0,0.0,0.0,0.0,0.0
2026-06-27T00:00:00,19:29:44,L01-AUTOBAN,SP330,19.0,NORTE,-23.473712595828,-46.77262365818,CHOQUE,CHOQUE-OBJETO NA PISTA,NÃO INFORMADO,0,0,0,0,OSASCO,REG. METROPOLITANA SÃO PAULO,SÃO PAULO,ESTADUAL,2.0,0.0,0.0,0.0,0.0,0.0,0.0,0.0,0.0,0.0,0.0,0.0,0.0,0.0,0.0,0.0
2026-06-27T00:00:00,20:30:06,L29-VIAPAULISTA,SPD267/330,267.8,NORTE,-21.52800162,-47.64249877,TOMBAMENTO,TOMBAMENTO,IMPRUD. CONDUTOR-PERDA DE CONTROLE,0,1,0,0,SÃO SIMÃO,NÃO INFORMADO,NÃO INFORMADO,NÃO INFORMADO,0.0,0.0,0.0,0.0,1.0,0.0,0.0,0.0,0.0,0.0,0.0,0.0,0.0,0.0,0.0,0.0
2026-06-27T00:00:00,23:42:45,L01-AUTOBAN,SP330,23.0,NORTE,-23.444358701913,-46.786882281303,ATROPELAMENTO DE PEDESTRE,ATROP. PEDESTRE-OUTROS,NÃO INFORMADO,0,1,0,0,SÃO PAULO,REG. METROPOLITANA SÃO PAULO,SÃO PAULO,ESTADUAL,0.0,0.0,0.0,0.0,0.0,0.0,1.0,1.0,0.0,0.0,0.0,0.0,0.0,0.0,0.0,0.0
2026-06-28T00:00:00,00:20:00,L28-ENTREVIAS,SP330,320.98,SUL,-21.10114425085008,-47.78851655272587,CHOQUE,CHOQUE-TALUDE/BARRANCO,IMPRUD. CONDUTOR-PERDA DE CONTROLE,0,0,0,0,RIBEIRÃO PRETO,RIBEIRÃO PRETO,RIBEIRÃO PRETO,ESTADUAL,0.0,0.0,0.0,0.0,0.0,0.0,0.0,0.0,0.0,0.0,1.0,0.0,0.0,0.0,0.0,0.0
2026-06-28T00:00:00,02:22:38,L29-VIAPAULISTA,SP330,316.176,NORTE,-21.12997906,-47.76774515,COLISÃO,COLISÃO-TRASEIRA,IMPRUD. CONDUTOR,0,0,0,0,RIBEIRÃO PRETO,RIBEIRÃO PRETO,RIBEIRÃO PRETO,ESTADUAL,1.0,1.0,0.0,0.0,0.0,0.0,0.0,0.0,0.0,0.0,0.0,0.0,0.0,0.0,0.0,0.0
2026-06-28T00:00:00,02:40:58,L01-AUTOBAN,SPM330D,113.7,NORTE,-22.802462163834,-47.220164163136,CHOQUE,CHOQUE-DEFENSA/BARREIRA,NÃO INFORMADO,0,0,0,1,SUMARÉ,CAMPINAS,CAMPINAS,ESTADUAL,0.0,0.0,1.0,0.0,0.0,0.0,0.0,0.0,0.0,0.0,0.0,0.0,0.0,0.0,0.0,0.0
2026-06-28T00:00:00,06:47:47,L01-AUTOBAN,SP330,11.46,SUL,-23.51053885599,-46.728948396714,TOMBAMENTO,TOMBAMENTO,NÃO INFORMADO,1,0,0,0,SÃO PAULO,REG. METROPOLITANA SÃO PAULO,SÃO PAULO,ESTADUAL,0.0,0.0,0.0,0.0,1.0,0.0,0.0,0.0,0.0,0.0,0.0,0.0,0.0,0.0,0.0,0.0
2026-06-28T00:00:00,11:18:41,L29-VIAPAULISTA,SP330,268.4,SUL,-21.52591163,-47.6428744,COLISÃO,COLISÃO-TRASEIRA,IMPRUD. CONDUTOR,0,0,0,0,SÃO SIMÃO,RIBEIRÃO PRETO,RIBEIRÃO PRETO,ESTADUAL,1.0,1.0,0.0,0.0,0.0,0.0,0.0,0.0,0.0,0.0,0.0,0.0,0.0,0.0,0.0,0.0
2026-06-28T00:00:00,14:33:42,L01-AUTOBAN,SP330,20.1,SUL,-23.468113936822,-46.779304505303,TOMBAMENTO,TOMBAMENTO,NÃO INFORMADO,1,0,0,0,OSASCO,REG. METROPOLITANA SÃO PAULO,SÃO PAULO,ESTADUAL,1.0,0.0,0.0,0.0,0.0,0.0,0.0,0.0,0.0,0.0,0.0,0.0,0.0,0.0,0.0,0.0
2026-06-28T00:00:00,15:40:57,L06-INTERVIAS,SP330,161.37,SUL,-22.43042757,-47.3945327,COLISÃO,COLISÃO-LATERAL,IMPRUD. CONDUTOR,0,0,0,0,ARARAS,CAMPINAS,RIO CLARO,ESTADUAL,0.0,0.0,0.0,2.0,0.0,0.0,0.0,0.0,0.0,0.0,0.0,0.0,0.0,0.0,0.0,0.0
2026-06-28T00:00:00,16:16:23,L29-VIAPAULISTA,SP330,259.932,SUL,-21.59673739,-47.62232169,CHOQUE,CHOQUE-TALUDE/BARRANCO,ESTOURO/FURO DE PNEU,0,0,0,0,SANTA RITA DO PASSA QUATRO,CENTRAL,RIBEIRÃO PRETO,ESTADUAL,1.0,0.0,0.0,0.0,0.0,0.0,0.0,0.0,0.0,0.0,0.0,0.0,0.0,0.0,0.0,0.0
2026-06-28T00:00:00,20:50:26,L01-AUTOBAN,SP330,105.0,SUL,-22.852088298342,-47.156785726547,CHOQUE,CHOQUE-DEFENSA/BARREIRA,NÃO INFORMADO,1,0,0,0,CAMPINAS,CAMPINAS,CAMPINAS,ESTADUAL,1.0,0.0,0.0,0.0,0.0,0.0,0.0,0.0,0.0,0.0,0.0,0.0,0.0,0.0,0.0,0.0
2026-06-29T00:00:00,01:06:00,L28-ENTREVIAS,SP330,393.334,SUL,-20.50113906878687,-47.84103653601731,CHOQUE,CHOQUE-DEFENSA/BARREIRA,IMPRUD. CONDUTOR-DORMIR AO VOLANTE,0,0,0,0,GUARÁ,FRANCA,RIBEIRÃO PRETO,ESTADUAL,0.0,0.0,0.0,0.0,1.0,0.0,0.0,0.0,0.0,0.0,0.0,0.0,0.0,0.0,0.0,0.0
2026-06-29T00:00:00,04:38:48,L01-AUTOBAN,SP330,19.5,SUL,-23.47420420126139,-46.77166968775087,CAPOTAMENTO,CAPOTAMENTO,NÃO INFORMADO,1,0,0,0,OSASCO,REG. METROPOLITANA SÃO PAULO,SÃO PAULO,ESTADUAL,1.0,0.0,0.0,0.0,0.0,0.0,0.0,0.0,0.0,0.0,0.0,0.0,0.0,0.0,0.0,0.0
2026-06-29T00:00:00,06:22:06,L01-AUTOBAN,SPM330D,109.0,NORTE,-22.827374159413,-47.183876037598,COLISÃO,COLISÃO-TRASEIRA,NÃO INFORMADO,0,0,1,0,SUMARÉ,CAMPINAS,CAMPINAS,ESTADUAL,0.0,0.0,1.0,0.0,0.0,1.0,0.0,0.0,0.0,0.0,0.0,0.0,0.0,0.0,0.0,0.0
2026-06-29T00:00:00,07:53:52,L29-VIAPAULISTA,SP330,309.103,SUL,-21.19126688,-47.75750994,COLISÃO,COLISÃO-TRASEIRA,IMPRUD. CONDUTOR-DIST. INADEQUADA ENTRE VEÍC.,1,0,0,0,RIBEIRÃO PRETO,RIBEIRÃO PRETO,RIBEIRÃO PRETO,ESTADUAL,1.0,0.0,1.0,0.0,0.0,0.0,0.0,0.0,0.0,0.0,0.0,0.0,0.0,0.0,0.0,0.0
2026-06-29T00:00:00,12:02:14,L01-AUTOBAN,SP330,50.0,NORTE,-23.256852149365,-46.867278814316,TOMBAMENTO,TOMBAMENTO,NÃO INFORMADO,3,0,0,0,JUNDIAÍ,CAMPINAS,CAMPINAS,ESTADUAL,1.0,0.0,0.0,0.0,0.0,0.0,0.0,0.0,0.0,0.0,0.0,0.0,0.0,0.0,0.0,0.0
2026-06-29T00:00:00,13:52:54,L01-AUTOBAN,SPI102/330,4.1,NORTE,-22.899499252936,-47.136509835693,COLISÃO,COLISÃO-LATERAL,NÃO INFORMADO,0,0,0,0,CAMPINAS,CAMPINAS,CAMPINAS,ESTADUAL,2.0,0.0,0.0,0.0,0.0,0.0,0.0,0.0,0.0,0.0,0.0,0.0,0.0,0.0,0.0,0.0
2026-06-29T00:00:00,15:05:37,L01-AUTOBAN,SPM330D,55.0,NORTE,-23.216200395138,-46.883779764175,CHOQUE,CHOQUE-OBJETO NA PISTA,NÃO INFORMADO,0,0,1,0,JUNDIAÍ,CAMPINAS,CAMPINAS,ESTADUAL,0.0,0.0,1.0,0.0,1.0,0.0,0.0,0.0,0.0,0.0,0.0,0.0,0.0,0.0,0.0,0.0
2026-06-29T00:00:00,23:02:41,L06-INTERVIAS,SP330,192.4,NORTE,-22.15362635,-47.40074293,COLISÃO,COLISÃO-TRANSVERSAL,IMPRUD. CONDUTOR-PERDA DE CONTROLE,0,0,0,0,LEME,CAMPINAS,RIO CLARO,ESTADUAL,1.0,0.0,0.0,0.0,0.0,0.0,1.0,0.0,0.0,0.0,0.0,0.0,0.0,0.0,0.0,0.0
2026-06-30T00:00:00,05:53:06,L06-INTERVIAS,SP330,162.38,NORTE,-22.42174903,-47.39176018,TOMBAMENTO,TOMBAMENTO,NÃO INFORMADO,0,0,1,0,ARARAS,CAMPINAS,RIO CLARO,ESTADUAL,0.0,0.0,1.0,0.0,0.0,0.0,0.0,0.0,0.0,0.0,0.0,0.0,0.0,0.0,0.0,0.0
2026-06-30T00:00:00,06:45:37,L01-AUTOBAN,SP330,93.0,SUL,-22.929865,-47.079096,TOMBAMENTO,TOMBAMENTO-MOTO,NÃO INFORMADO,0,1,0,0,CAMPINAS,CAMPINAS,CAMPINAS,ESTADUAL,0.0,0.0,1.0,0.0,0.0,0.0,0.0,0.0,0.0,0.0,0.0,0.0,0.0,0.0,0.0,0.0
2026-06-30T00:00:00,07:20:06,L01-AUTOBAN,SP330,14.0,SUL,-23.507187255032,-46.750034093857,COLISÃO,COLISÃO-TRASEIRA,NÃO INFORMADO,1,0,1,0,SÃO PAULO,REG. METROPOLITANA SÃO PAULO,SÃO PAULO,ESTADUAL,2.0,0.0,1.0,0.0,0.0,0.0,0.0,0.0,0.0,0.0,0.0,0.0,0.0,0.0,0.0,0.0
2026-06-30T00:00:00,08:00:45,L01-AUTOBAN,SP330,104.0,SUL,-22.857076064557,-47.148749828339,COLISÃO,COLISÃO-TRASEIRA,NÃO INFORMADO,0,0,0,0,CAMPINAS,CAMPINAS,CAMPINAS,ESTADUAL,1.0,0.0,0.0,1.0,0.0,0.0,0.0,0.0,0.0,0.0,0.0,0.0,0.0,0.0,0.0,0.0
2026-06-30T00:00:00,09:19:49,L29-VIAPAULISTA,SP330,248.941,SUL,-21.69323924,-47.59887412,COLISÃO,COLISÃO-TRASEIRA,IMPRUD. CONDUTOR-FREADA BRUSCA,0,0,0,0,SANTA RITA DO PASSA QUATRO,CENTRAL,RIBEIRÃO PRETO,ESTADUAL,1.0,0.0,0.0,1.0,0.0,0.0,0.0,0.0,0.0,0.0,0.0,0.0,0.0,0.0,0.0,0.0
2026-06-30T00:00:00,10:26:15,L29-VIAPAULISTA,SP330,311.16,SUL,-21.17321886,-47.75656938,CHOQUE,CHOQUE-DEFENSA/BARREIRA,IMPRUD. CONDUTOR-LEVOU FECHADA,0,0,0,0,RIBEIRÃO PRETO,RIBEIRÃO PRETO,RIBEIRÃO PRETO,ESTADUAL,0.0,0.0,0.0,0.0,1.0,0.0,0.0,0.0,0.0,0.0,0.0,0.0,0.0,0.0,0.0,0.0
2026-06-30T00:00:00,11:24:35,L01-AUTOBAN,SPM330E,104.0,SUL,-22.857076064557,-47.148749828339,TOMBAMENTO,TOMBAMENTO-MOTO,NÃO INFORMADO,1,0,0,0,CAMPINAS,CAMPINAS,CAMPINAS,ESTADUAL,0.0,1.0,1.0,0.0,0.0,0.0,0.0,0.0,0.0,0.0,0.0,0.0,0.0,0.0,0.0,0.0
2026-06-30T00:00:00,11:42:46,L29-VIAPAULISTA,SP330,317.222,SUL,-21.1224287,-47.77326966,COLISÃO,COLISÃO-LATERAL,IMPRUD. CONDUTOR,1,0,0,0,RIBEIRÃO PRETO,RIBEIRÃO PRETO,RIBEIRÃO PRETO,ESTADUAL,0.0,0.0,1.0,1.0,0.0,0.0,0.0,0.0,0.0,0.0,0.0,0.0,0.0,0.0,0.0,0.0
2026-06-30T00:00:00,12:20:08,L01-AUTOBAN,SP330,81.0,NORTE,-23.021130077926,-47.017879486084,COLISÃO,COLISÃO-TRASEIRA,NÃO INFORMADO,0,1,0,0,VALINHOS,CAMPINAS,CAMPINAS,ESTADUAL,0.0,0.0,1.0,0.0,1.0,0.0,0.0,0.0,0.0,0.0,0.0,0.0,0.0,0.0,0.0,0.0
2026-06-30T00:00:00,23:24:45,L01-AUTOBAN,SP330,26.0,NORTE,-23.420506628573,-46.794564127922,COLISÃO,COLISÃO-TRASEIRA,NÃO INFORMADO,0,0,0,1,SÃO PAULO,REG. METROPOLITANA SÃO PAULO,SÃO PAULO,ESTADUAL,0.0,0.0,1.0,0.0,1.0,0.0,0.0,0.0,0.0,0.0,0.0,0.0,0.0,0.0,0.0,0.0
2026-07-01T00:00:00,03:06:55,L28-ENTREVIAS,SP330,324.0,SUL,-21.06397259029118,-47.8168615453245,CHOQUE,CHOQUE-MEIO FIO,IMPRUD. CONDUTOR-DORMIR AO VOLANTE,0,0,0,0,RIBEIRÃO PRETO,RIBEIRÃO PRETO,RIBEIRÃO PRETO,ESTADUAL,0.0,0.0,0.0,0.0,1.0,0.0,0.0,0.0,0.0,0.0,0.0,0.0,0.0,0.0,0.0,0.0
2026-07-01T00:00:00,06:23:19,L06-INTERVIAS,SPD186/330,186.86,NORTE,-22.20324518,-47.39526876,COLISÃO,COLISÃO-TRANSVERSAL,IMPRUD. CONDUTOR,1,0,0,0,LEME,NÃO INFORMADO,NÃO INFORMADO,NÃO INFORMADO,0.0,0.0,1.0,0.0,0.0,1.0,0.0,0.0,0.0,0.0,0.0,0.0,0.0,0.0,0.0,0.0
2026-07-01T00:00:00,06:26:42,L29-VIAPAULISTA,SP330,267.51,SUL,-21.53470948,-47.64127336,COLISÃO,COLISÃO-TRASEIRA,IMPRUD. CONDUTOR,0,0,0,0,SÃO SIMÃO,RIBEIRÃO PRETO,RIBEIRÃO PRETO,ESTADUAL,2.0,0.0,0.0,0.0,0.0,0.0,0.0,0.0,0.0,0.0,0.0,0.0,0.0,0.0,0.0,0.0
2026-07-01T00:00:00,06:30:23,L28-ENTREVIAS,SP330,425.56,NORTE,-20.21442151307173,-47.78819552588656,CAPOTAMENTO,CAPOTAMENTO,IMPRUD. CONDUTOR-DORMIR AO VOLANTE,0,0,0,0,ARAMINA,FRANCA,RIBEIRÃO PRETO,ESTADUAL,1.0,0.0,0.0,0.0,0.0,0.0,0.0,0.0,0.0,0.0,0.0,0.0,0.0,0.0,0.0,0.0
2026-07-01T00:00:00,09:59:46,L01-AUTOBAN,SP330,83.0,NORTE,-23.005453558525,-47.027873396874,ATROPELAMENTO DE PEDESTRE,ATROP. PEDESTRE-OUTROS,NÃO INFORMADO,1,0,0,0,VALINHOS,CAMPINAS,CAMPINAS,ESTADUAL,1.0,0.0,0.0,0.0,0.0,1.0,0.0,0.0,0.0,0.0,0.0,0.0,0.0,0.0,0.0,0.0
2026-07-01T00:00:00,14:53:31,L01-AUTOBAN,SP330,53.0,NORTE,-23.230639,-46.87295,COLISÃO,COLISÃO-TRANSVERSAL,NÃO INFORMADO,0,3,1,0,JUNDIAÍ,CAMPINAS,CAMPINAS,ESTADUAL,1.0,0.0,0.0,0.0,1.0,0.0,0.0,0.0,0.0,0.0,0.0,0.0,0.0,0.0,0.0,0.0
2026-07-01T00:00:00,15:41:25,L01-AUTOBAN,SP330,61.0,NORTE,-23.175294620401,-46.918331980705,ENGAVETAMENTO,ENGAVETAMENTO,NÃO INFORMADO,0,0,0,0,JUNDIAÍ,CAMPINAS,CAMPINAS,ESTADUAL,2.0,0.0,0.0,0.0,0.0,0.0,1.0,0.0,0.0,0.0,0.0,0.0,0.0,0.0,0.0,0.0
2026-07-01T00:00:00,16:14:25,L01-AUTOBAN,SP330,89.7,NORTE,-22.953377144253,-47.060619400118,COLISÃO,COLISÃO-LATERAL,NÃO INFORMADO,0,0,0,0,CAMPINAS,CAMPINAS,CAMPINAS,ESTADUAL,2.0,0.0,0.0,0.0,0.0,0.0,0.0,0.0,0.0,0.0,0.0,0.0,0.0,0.0,0.0,0.0
2026-07-01T00:00:00,18:55:11,L01-AUTOBAN,SP330,102.5,NORTE,-22.864779777099,-47.135684788227,COLISÃO,COLISÃO-TRASEIRA,NÃO INFORMADO,1,0,0,0,CAMPINAS,CAMPINAS,CAMPINAS,ESTADUAL,1.0,0.0,0.0,0.0,0.0,0.0,1.0,0.0,0.0,0.0,0.0,0.0,0.0,0.0,0.0,0.0
2026-07-01T00:00:00,19:48:04,L01-AUTOBAN,SPM330D,112.5,NORTE,-22.810359837344,-47.212656140327,ENGAVETAMENTO,ENGAVETAMENTO,NÃO INFORMADO,1,0,0,0,SUMARÉ,CAMPINAS,CAMPINAS,ESTADUAL,3.0,0.0,0.0,0.0,0.0,0.0,1.0,0.0,0.0,0.0,0.0,0.0,0.0,0.0,0.0,0.0
2026-07-02T00:00:00,00:18:51,L01-AUTOBAN,SP330,19.0,SUL,-23.473712595828,-46.77262365818,CHOQUE,CHOQUE-DEFENSA/BARREIRA,NÃO INFORMADO,5,1,0,0,OSASCO,REG. METROPOLITANA SÃO PAULO,SÃO PAULO,ESTADUAL,0.0,0.0,0.0,0.0,0.0,0.0,1.0,0.0,0.0,0.0,0.0,0.0,0.0,0.0,0.0,0.0
2026-07-02T00:00:00,07:10:54,L01-AUTOBAN,SP330,103.0,NORTE,-22.862197108808,-47.13924407959,ENGAVETAMENTO,ENGAVETAMENTO,NÃO INFORMADO,1,0,1,0,CAMPINAS,CAMPINAS,CAMPINAS,ESTADUAL,1.0,0.0,1.0,0.0,1.0,0.0,0.0,0.0,0.0,0.0,0.0,0.0,0.0,0.0,0.0,0.0
2026-07-02T00:00:00,07:26:48,L29-VIAPAULISTA,SPD267/330,267.8,NORTE,-21.52800162,-47.64249877,CHOQUE,CHOQUE-TALUDE/BARRANCO,IMPRUD. CONDUTOR-PERDA DE CONTROLE,0,0,0,0,SÃO SIMÃO,NÃO INFORMADO,NÃO INFORMADO,NÃO INFORMADO,0.0,0.0,0.0,0.0,1.0,0.0,0.0,0.0,0.0,0.0,0.0,0.0,0.0,0.0,0.0,0.0
2026-07-02T00:00:00,08:12:40,L29-VIAPAULISTA,SP330,310.839,NORTE,-21.17572082,-47.75665777,ENGAVETAMENTO,ENGAVETAMENTO,IMPRUD. CONDUTOR-DIST. INADEQUADA ENTRE VEÍC.,0,0,0,0,RIBEIRÃO PRETO,RIBEIRÃO PRETO,RIBEIRÃO PRETO,ESTADUAL,2.0,0.0,0.0,0.0,1.0,0.0,0.0,0.0,0.0,0.0,0.0,0.0,0.0,0.0,0.0,0.0
2026-07-02T00:00:00,12:19:22,L01-AUTOBAN,SP330,12.0,NORTE,-23.509174607034,-46.730620265007,COLISÃO,COLISÃO-TRASEIRA,NÃO INFORMADO,0,0,0,0,SÃO PAULO,REG. METROPOLITANA SÃO PAULO,SÃO PAULO,ESTADUAL,1.0,0.0,0.0,1.0,0.0,0.0,0.0,0.0,0.0,0.0,0.0,0.0,0.0,0.0,0.0,0.0
2026-07-02T00:00:00,14:03:15,L01-AUTOBAN,SPM330D,114.3,NORTE,-22.798026208562,-47.223086727809,COLISÃO,COLISÃO-TRASEIRA,NÃO INFORMADO,0,0,0,0,SUMARÉ,CAMPINAS,CAMPINAS,ESTADUAL,0.0,0.0,0.0,1.0,1.0,0.0,0.0,0.0,0.0,0.0,0.0,0.0,0.0,0.0,0.0,0.0
2026-07-02T00:00:00,14:37:58,L29-VIAPAULISTA,SP330,316.576,SUL,-21.12759889,-47.7696842,TOMBAMENTO,TOMBAMENTO,ESTOURO/FURO DE PNEU,0,0,0,0,RIBEIRÃO PRETO,RIBEIRÃO PRETO,RIBEIRÃO PRETO,ESTADUAL,0.0,0.0,1.0,0.0,0.0,0.0,0.0,0.0,0.0,0.0,0.0,0.0,0.0,0.0,0.0,0.0
2026-07-02T00:00:00,15:40:54,L01-AUTOBAN,SP330,24.0,NORTE,-23.434539807835,-46.786286830902,COLISÃO,COLISÃO-LATERAL,NÃO INFORMADO,1,0,0,0,SÃO PAULO,REG. METROPOLITANA SÃO PAULO,SÃO PAULO,ESTADUAL,0.0,0.0,1.0,0.0,1.0,0.0,0.0,0.0,0.0,0.0,0.0,0.0,0.0,0.0,0.0,0.0
2026-07-02T00:00:00,18:01:08,L06-INTERVIAS,SP330,189.0,NORTE,-22.18413114,-47.39820748,CHOQUE,CHOQUE-OBJETO NA PISTA,OBJETO NA PISTA,0,0,0,0,LEME,CAMPINAS,RIO CLARO,ESTADUAL,1.0,0.0,0.0,0.0,0.0,0.0,0.0,0.0,0.0,0.0,0.0,0.0,0.0,0.0,0.0,0.0
2026-07-02T00:00:00,18:01:35,L06-INTERVIAS,SP330,213.4,SUL,-21.97149632,-47.45506246,COLISÃO,COLISÃO-TRASEIRA,IMPRUD. CONDUTOR,0,0,0,0,PIRASSUNUNGA,CAMPINAS,RIO CLARO,ESTADUAL,0.0,0.0,1.0,0.0,1.0,0.0,0.0,0.0,0.0,0.0,0.0,0.0,0.0,0.0,0.0,0.0
2026-07-02T00:00:00,18:32:00,L28-ENTREVIAS,SP330,324.8,SUL,-21.0737127101618,-47.80884037059168,TOMBAMENTO,TOMBAMENTO-MOTO,ESTOURO/FURO DE PNEU,2,0,0,0,RIBEIRÃO PRETO,RIBEIRÃO PRETO,RIBEIRÃO PRETO,ESTADUAL,0.0,0.0,1.0,0.0,0.0,0.0,0.0,0.0,0.0,0.0,0.0,0.0,0.0,0.0,0.0,0.0
2026-07-02T00:00:00,18:32:01,L01-AUTOBAN,SP330,37.0,SUL,-23.351265,-46.846862,COLISÃO,COLISÃO-LATERAL,NÃO INFORMADO,0,0,0,0,CAJAMAR,REG. METROPOLITANA SÃO PAULO,SÃO PAULO,ESTADUAL,1.0,1.0,0.0,0.0,0.0,0.0,0.0,0.0,0.0,0.0,0.0,0.0,0.0,0.0,0.0,0.0
2026-07-02T00:00:00,18:37:59,L06-INTERVIAS,SP330,212.2,NORTE,-21.98164543,-47.45128972,CHOQUE,CHOQUE-DEFENSA/BARREIRA,IMPRUD. CONDUTOR-LEVOU FECHADA,0,0,0,0,PIRASSUNUNGA,CAMPINAS,RIO CLARO,ESTADUAL,1.0,0.0,0.0,0.0,1.0,0.0,0.0,0.0,0.0,0.0,0.0,0.0,0.0,0.0,0.0,0.0
2026-07-02T00:00:00,19:26:23,L01-AUTOBAN,SP330,63.0,SUL,-23.16087896177,-46.931920051575,COLISÃO,COLISÃO-TRASEIRA,NÃO INFORMADO,0,0,0,0,JUNDIAÍ,CAMPINAS,CAMPINAS,ESTADUAL,1.0,1.0,0.0,0.0,0.0,0.0,0.0,0.0,0.0,0.0,0.0,0.0,0.0,0.0,0.0,0.0
2026-07-02T00:00:00,23:48:09,L01-AUTOBAN,SP330,55.0,SUL,-23.216229975306,-46.884031891823,CHOQUE,CHOQUE-ELEMENTO DE DRENAGEM,NÃO INFORMADO,0,0,0,0,JUNDIAÍ,CAMPINAS,CAMPINAS,ESTADUAL,1.0,0.0,0.0,0.0,0.0,0.0,0.0,0.0,0.0,0.0,0.0,0.0,0.0,0.0,0.0,0.0
2026-07-03T00:00:00,02:07:56,L01-AUTOBAN,SPI102/330,6.0,SUL,-22.916773,-47.13535,ATROPELAMENTO DE ANIMAL,ATROP. ANIMAL-OUTROS,NÃO INFORMADO,0,0,0,0,CAMPINAS,CAMPINAS,CAMPINAS,ESTADUAL,0.0,0.0,0.0,0.0,1.0,0.0,0.0,0.0,0.0,0.0,0.0,0.0,0.0,0.0,0.0,0.0
2026-07-03T00:00:00,04:51:50,L01-AUTOBAN,SP330,115.0,NORTE,-22.792220839274,-47.226083278656,CHOQUE,OUTROS/NÃO CLASSIFICADO,NÃO INFORMADO,3,0,0,0,SUMARÉ,CAMPINAS,CAMPINAS,ESTADUAL,1.0,0.0,0.0,0.0,0.0,0.0,0.0,0.0,0.0,0.0,0.0,0.0,0.0,0.0,0.0,0.0
2026-07-03T00:00:00,06:40:24,L01-AUTOBAN,SP330,81.0,NORTE,-23.021130077926,-47.017879486084,COLISÃO,COLISÃO-TRASEIRA,NÃO INFORMADO,2,0,0,0,VALINHOS,CAMPINAS,CAMPINAS,ESTADUAL,1.0,0.0,0.0,0.0,1.0,0.0,0.0,0.0,0.0,0.0,0.0,0.0,0.0,0.0,0.0,0.0
2026-07-03T00:00:00,07:21:42,L29-VIAPAULISTA,SP330,282.1,NORTE,-21.40601574,-47.67072529,CHOQUE,CHOQUE-DEFENSA/BARREIRA,IMPRUD. CONDUTOR,0,0,0,0,SÃO SIMÃO,RIBEIRÃO PRETO,RIBEIRÃO PRETO,ESTADUAL,1.0,0.0,0.0,0.0,0.0,0.0,0.0,0.0,0.0,0.0,0.0,0.0,0.0,0.0,0.0,0.0
2026-07-03T00:00:00,07:28:24,L29-VIAPAULISTA,SPA241/330,3.812,OESTE,-21.74015803,-47.53150215,COLISÃO,COLISÃO-TRASEIRA,IMPRUD. CONDUTOR,0,1,0,0,SANTA RITA DO PASSA QUATRO,CENTRAL,RIBEIRÃO PRETO,ESTADUAL,1.0,0.0,0.0,0.0,1.0,0.0,0.0,0.0,0.0,0.0,0.0,0.0,0.0,0.0,0.0,0.0
2026-07-03T00:00:00,07:41:24,L06-INTERVIAS,SP330,176.0,NORTE,-22.30065587,-47.39189332,COLISÃO,COLISÃO-TRASEIRA,NÃO INFORMADO,0,0,0,0,ARARAS,CAMPINAS,RIO CLARO,ESTADUAL,0.0,0.0,0.0,1.0,1.0,0.0,0.0,0.0,0.0,0.0,0.0,0.0,0.0,0.0,0.0,0.0
2026-07-03T00:00:00,07:51:18,L29-VIAPAULISTA,SP330,311.755,SUL,-21.16870856,-47.7564191,COLISÃO,COLISÃO-TRASEIRA,IMPRUD. CONDUTOR,1,0,0,0,RIBEIRÃO PRETO,RIBEIRÃO PRETO,RIBEIRÃO PRETO,ESTADUAL,1.0,0.0,0.0,0.0,1.0,0.0,0.0,0.0,0.0,0.0,0.0,0.0,0.0,0.0,0.0,0.0
2026-07-03T00:00:00,09:32:55,L29-VIAPAULISTA,SP330,308.33,NORTE,-21.20106877,-47.75798762,COLISÃO,COLISÃO-LATERAL,IMPRUD. CONDUTOR,0,0,0,0,RIBEIRÃO PRETO,RIBEIRÃO PRETO,RIBEIRÃO PRETO,ESTADUAL,1.0,0.0,0.0,0.0,1.0,0.0,0.0,0.0,0.0,0.0,0.0,0.0,0.0,0.0,0.0,0.0
2026-07-03T00:00:00,11:27:46,L06-INTERVIAS,SP330,163.6,NORTE,-22.41089243,-47.38967303,COLISÃO,COLISÃO-TRASEIRA,NÃO INFORMADO,1,0,0,0,ARARAS,CAMPINAS,RIO CLARO,ESTADUAL,0.0,0.0,0.0,1.0,1.0,0.0,0.0,0.0,0.0,0.0,0.0,0.0,0.0,0.0,0.0,0.0
2026-07-03T00:00:00,13:23:24,L01-AUTOBAN,SP330,63.0,NORTE,-23.160652,-46.931831,COLISÃO,COLISÃO-LATERAL,NÃO INFORMADO,0,0,0,0,JUNDIAÍ,CAMPINAS,CAMPINAS,ESTADUAL,2.0,0.0,0.0,0.0,0.0,0.0,0.0,0.0,0.0,0.0,0.0,0.0,0.0,0.0,0.0,0.0
2026-07-03T00:00:00,18:41:15,L01-AUTOBAN,SP330,106.0,NORTE,-22.846507,-47.164055,COLISÃO,COLISÃO-TRASEIRA,NÃO INFORMADO,0,0,0,0,SUMARÉ,CAMPINAS,CAMPINAS,ESTADUAL,0.0,0.0,0.0,2.0,0.0,0.0,0.0,0.0,0.0,0.0,0.0,0.0,0.0,0.0,0.0,0.0
2026-07-03T00:00:00,19:15:24,L01-AUTOBAN,SP330,59.0,SUL,-23.189008521881,-46.906793117523,ENGAVETAMENTO,ENGAVETAMENTO,NÃO INFORMADO,0,0,0,0,JUNDIAÍ,CAMPINAS,CAMPINAS,ESTADUAL,3.0,0.0,0.0,0.0,0.0,0.0,0.0,0.0,0.0,0.0,0.0,0.0,0.0,0.0,0.0,0.0
2026-07-03T00:00:00,19:15:29,L01-AUTOBAN,SP330,96.0,NORTE,-22.911450110385,-47.101403474808,COLISÃO,COLISÃO-TRASEIRA,NÃO INFORMADO,0,0,0,0,CAMPINAS,CAMPINAS,CAMPINAS,ESTADUAL,1.0,0.0,0.0,1.0,0.0,0.0,0.0,0.0,0.0,0.0,0.0,0.0,0.0,0.0,0.0,0.0
2026-07-03T00:00:00,19:43:14,L01-AUTOBAN,SP330,96.0,NORTE,-22.911450110385,-47.101403474808,ATROPELAMENTO DE PEDESTRE,ATROP. PEDESTRE-OUTROS,NÃO INFORMADO,0,1,0,0,CAMPINAS,CAMPINAS,CAMPINAS,ESTADUAL,0.0,0.0,1.0,0.0,0.0,0.0,0.0,1.0,0.0,0.0,0.0,0.0,0.0,0.0,0.0,0.0
2026-07-03T00:00:00,20:37:39,L01-AUTOBAN,SPM330E,13.0,SUL,-23.508151419649,-46.740045547485,CHOQUE,CHOQUE-OBJETO NA PISTA,NÃO INFORMADO,1,0,0,0,SÃO PAULO,REG. METROPOLITANA SÃO PAULO,SÃO PAULO,ESTADUAL,1.0,0.0,0.0,0.0,0.0,0.0,1.0,0.0,0.0,0.0,0.0,0.0,0.0,0.0,0.0,0.0
2026-07-03T00:00:00,20:44:37,L06-INTERVIAS,SP330,201.0,SUL,-22.07899039,-47.42223783,COLISÃO,COLISÃO-TRASEIRA,IMPRUD. CONDUTOR,1,0,0,0,SANTA CRUZ DA CONCEIÇÃO,CAMPINAS,RIO CLARO,ESTADUAL,0.0,0.0,1.0,0.0,1.0,0.0,0.0,0.0,0.0,0.0,0.0,0.0,0.0,0.0,0.0,0.0
2026-07-03T00:00:00,22:23:56,L01-AUTOBAN,SP330,20.0,NORTE,-23.468944569907,-46.778873205185,COLISÃO,COLISÃO-LATERAL,NÃO INFORMADO,1,1,0,0,OSASCO,REG. METROPOLITANA SÃO PAULO,SÃO PAULO,ESTADUAL,1.0,1.0,0.0,0.0,0.0,0.0,0.0,0.0,0.0,0.0,0.0,0.0,0.0,0.0,0.0,0.0
2026-07-03T00:00:00,22:44:32,L01-AUTOBAN,SP330,19.0,NORTE,-23.473712595828,-46.77262365818,ENGAVETAMENTO,ENGAVETAMENTO,NÃO INFORMADO,0,0,0,0,OSASCO,REG. METROPOLITANA SÃO PAULO,SÃO PAULO,ESTADUAL,3.0,0.0,0.0,0.0,0.0,0.0,0.0,0.0,0.0,0.0,0.0,0.0,0.0,0.0,0.0,0.0
2026-07-04T00:00:00,05:32:10,L06-INTERVIAS,SP330,189.1,NORTE,-22.18323409,-47.39826125,CHOQUE,CHOQUE-DEFENSA/BARREIRA,PANE MECÂNICA/ELÉTRICA,2,0,0,0,LEME,CAMPINAS,RIO CLARO,ESTADUAL,0.0,0.0,0.0,0.0,1.0,0.0,0.0,0.0,0.0,0.0,0.0,0.0,0.0,0.0,0.0,0.0
2026-07-04T00:00:00,06:38:41,L01-AUTOBAN,SP330,102.0,NORTE,-22.86736244539,-47.132125496864,ATROPELAMENTO DE ANIMAL,ATROP. ANIMAL-OUTROS,NÃO INFORMADO,0,0,0,0,CAMPINAS,CAMPINAS,CAMPINAS,ESTADUAL,1.0,0.0,0.0,0.0,0.0,0.0,0.0,0.0,0.0,0.0,0.0,0.0,0.0,0.0,0.0,0.0
2026-07-04T00:00:00,08:15:13,L01-AUTOBAN,SP330,98.0,NORTE,-22.895874533463,-47.110748291016,TOMBAMENTO,TOMBAMENTO-MOTO,NÃO INFORMADO,1,0,0,0,CAMPINAS,CAMPINAS,CAMPINAS,ESTADUAL,0.0,0.0,1.0,0.0,0.0,0.0,0.0,0.0,0.0,0.0,0.0,0.0,0.0,0.0,0.0,0.0
2026-07-04T00:00:00,11:37:47,L01-AUTOBAN,SP330,12.9,NORTE,-23.508035561186,-46.739547122717,ENGAVETAMENTO,ENGAVETAMENTO,NÃO INFORMADO,4,0,0,0,SÃO PAULO,REG. METROPOLITANA SÃO PAULO,SÃO PAULO,ESTADUAL,1.0,0.0,0.0,2.0,0.0,0.0,0.0,0.0,0.0,0.0,0.0,0.0,0.0,0.0,0.0,0.0
2026-07-04T00:00:00,12:48:35,L01-AUTOBAN,SP330,60.0,SUL,-23.181167952022,-46.911588907242,COLISÃO,COLISÃO-TRASEIRA,NÃO INFORMADO,1,0,0,0,JUNDIAÍ,CAMPINAS,CAMPINAS,ESTADUAL,1.0,0.0,1.0,0.0,0.0,0.0,0.0,0.0,0.0,0.0,0.0,0.0,0.0,0.0,0.0,0.0
2026-07-04T00:00:00,13:02:55,L01-AUTOBAN,SPM330E,87.0,SUL,-22.975053203713,-47.048462033272,CHOQUE,CHOQUE-OBJETO NA PISTA,NÃO INFORMADO,1,0,0,0,CAMPINAS,CAMPINAS,CAMPINAS,ESTADUAL,1.0,0.0,0.0,1.0,0.0,0.0,0.0,0.0,0.0,0.0,0.0,0.0,0.0,0.0,0.0,0.0
2026-07-04T00:00:00,13:51:46,L01-AUTOBAN,SP330,49.5,NORTE,-23.261208824706,-46.867386102676,COLISÃO,COLISÃO-TRASEIRA,NÃO INFORMADO,0,0,0,0,JUNDIAÍ,CAMPINAS,CAMPINAS,ESTADUAL,1.0,1.0,0.0,0.0,0.0,0.0,0.0,0.0,0.0,0.0,0.0,0.0,0.0,0.0,0.0,0.0
2026-07-04T00:00:00,13:53:41,L29-VIAPAULISTA,SP330,273.257,NORTE,-21.47894307,-47.64045539,COLISÃO,COLISÃO-LATERAL,ESTOURO/FURO DE PNEU,0,1,0,0,SÃO SIMÃO,RIBEIRÃO PRETO,RIBEIRÃO PRETO,ESTADUAL,0.0,0.0,0.0,0.0,2.0,0.0,0.0,0.0,0.0,0.0,0.0,0.0,0.0,0.0,0.0,0.0
2026-07-04T00:00:00,19:02:08,L01-AUTOBAN,SP330,25.5,SUL,-23.42374267348,-46.790994186646,TOMBAMENTO,TOMBAMENTO-MOTO,NÃO INFORMADO,1,0,0,0,SÃO PAULO,REG. METROPOLITANA SÃO PAULO,SÃO PAULO,ESTADUAL,0.0,0.0,1.0,0.0,0.0,0.0,0.0,0.0,0.0,0.0,0.0,0.0,0.0,0.0,0.0,0.0
2026-07-04T00:00:00,19:21:49,L06-INTERVIAS,SP330,204.0,NORTE,-22.05268171,-47.42848386,ATROPELAMENTO DE ANIMAL,ATROP. ANIMAL-OUTROS,ANIMAL NA RODOVIA,0,0,0,0,PIRASSUNUNGA,CAMPINAS,RIO CLARO,ESTADUAL,1.0,0.0,0.0,0.0,0.0,0.0,0.0,0.0,0.0,0.0,0.0,0.0,0.0,0.0,0.0,0.0
2026-07-04T00:00:00,20:42:24,L29-VIAPAULISTA,SP330,292.463,NORTE,-21.33502275,-47.72604837,COLISÃO,COLISÃO-TRASEIRA,IMPRUD. CONDUTOR,1,0,0,0,CRAVINHOS,RIBEIRÃO PRETO,RIBEIRÃO PRETO,ESTADUAL,2.0,0.0,0.0,0.0,0.0,0.0,0.0,0.0,0.0,0.0,0.0,0.0,0.0,0.0,0.0,0.0
2026-07-05T00:00:00,03:22:34,L01-AUTOBAN,SP330,116.6,NORTE,-22.778182643499,-47.233161085387,CHOQUE,CHOQUE-DEFENSA/BARREIRA,NÃO INFORMADO,2,0,0,0,NOVA ODESSA,CAMPINAS,RIO CLARO,ESTADUAL,1.0,0.0,0.0,0.0,0.0,0.0,0.0,0.0,0.0,0.0,0.0,0.0,0.0,0.0,0.0,0.0
2026-07-05T00:00:00,10:23:32,L01-AUTOBAN,SPM330D,96.0,NORTE,-22.911450110385,-47.101403474808,COLISÃO,COLISÃO-TRASEIRA,NÃO INFORMADO,1,0,0,0,CAMPINAS,CAMPINAS,CAMPINAS,ESTADUAL,0.0,0.0,1.0,1.0,0.0,0.0,0.0,0.0,0.0,0.0,0.0,0.0,0.0,0.0,0.0,0.0
2026-07-05T00:00:00,11:07:33,L01-AUTOBAN,SPM330D,113.0,NORTE,-22.807007206431,-47.216341495514,CHOQUE,CHOQUE-DEFENSA/BARREIRA,NÃO INFORMADO,0,0,0,0,SUMARÉ,CAMPINAS,CAMPINAS,ESTADUAL,1.0,0.0,0.0,0.0,0.0,0.0,0.0,0.0,0.0,0.0,0.0,0.0,0.0,0.0,0.0,0.0
2026-07-05T00:00:00,15:50:32,L06-INTERVIAS,SP330,164.87,NORTE,-22.3993864,-47.38967843,CHOQUE,CHOQUE-OBJETO NA PISTA,OBJETO NA PISTA,0,0,0,0,ARARAS,CAMPINAS,RIO CLARO,ESTADUAL,1.0,0.0,0.0,0.0,0.0,0.0,0.0,0.0,0.0,0.0,0.0,0.0,0.0,0.0,0.0,0.0
2026-07-05T00:00:00,16:39:05,L29-VIAPAULISTA,SP330,310.425,SUL,-21.18028275,-47.75701643,COLISÃO,COLISÃO-LATERAL,IMPRUD. CONDUTOR-TRAFEGAR NA CONTRAMÃO,1,0,0,0,RIBEIRÃO PRETO,RIBEIRÃO PRETO,RIBEIRÃO PRETO,ESTADUAL,1.0,0.0,1.0,0.0,0.0,0.0,0.0,0.0,0.0,0.0,0.0,0.0,0.0,0.0,0.0,0.0
2026-07-05T00:00:00,18:26:45,L01-AUTOBAN,SP330,13.0,SUL,-23.508151419649,-46.740045547485,COLISÃO,COLISÃO-TRASEIRA,NÃO INFORMADO,0,0,0,1,SÃO PAULO,REG. METROPOLITANA SÃO PAULO,SÃO PAULO,ESTADUAL,4.0,0.0,0.0,0.0,0.0,0.0,0.0,0.0,0.0,0.0,0.0,0.0,0.0,0.0,0.0,0.0
2026-07-05T00:00:00,20:24:33,L01-AUTOBAN,SP330,12.8,SUL,-23.508418038101,-46.738117577484,COLISÃO,COLISÃO-TRASEIRA,NÃO INFORMADO,0,0,0,0,SÃO PAULO,REG. METROPOLITANA SÃO PAULO,SÃO PAULO,ESTADUAL,2.0,0.0,1.0,0.0,0.0,0.0,0.0,0.0,0.0,0.0,0.0,0.0,0.0,0.0,0.0,0.0
2026-07-05T00:00:00,20:48:40,L29-VIAPAULISTA,SP330,315.187,NORTE,-21.13759552,-47.76282647,CHOQUE,CHOQUE-DEFENSA/BARREIRA,IMPRUD. CONDUTOR-PERDA DE CONTROLE,0,0,0,0,RIBEIRÃO PRETO,RIBEIRÃO PRETO,RIBEIRÃO PRETO,ESTADUAL,1.0,0.0,0.0,0.0,0.0,0.0,0.0,0.0,0.0,0.0,0.0,0.0,0.0,0.0,0.0,0.0
2026-07-05T00:00:00,23:12:31,L01-AUTOBAN,SP330,91.0,NORTE,-22.942859,-47.066539,CHOQUE,CHOQUE-DEFENSA/BARREIRA,NÃO INFORMADO,0,0,0,0,CAMPINAS,CAMPINAS,CAMPINAS,ESTADUAL,1.0,0.0,0.0,0.0,0.0,0.0,0.0,0.0,0.0,0.0,0.0,0.0,0.0,0.0,0.0,0.0
2026-07-05T00:00:00,23:12:33,L01-AUTOBAN,SP330,26.5,NORTE,-23.418264411571,-46.798737645149,COLISÃO,COLISÃO-LATERAL,NÃO INFORMADO,0,0,0,0,SÃO PAULO,REG. METROPOLITANA SÃO PAULO,SÃO PAULO,ESTADUAL,1.0,0.0,0.0,0.0,1.0,0.0,0.0,0.0,0.0,0.0,0.0,0.0,0.0,0.0,0.0,0.0
2026-07-06T00:00:00,02:19:22,L06-INTERVIAS,SP330,168.6,SUL,-22.36637912,-47.39484,CHOQUE,CHOQUE-DEFENSA/BARREIRA,IMPRUD. CONDUTOR-DORMIR AO VOLANTE,0,0,0,0,ARARAS,CAMPINAS,RIO CLARO,ESTADUAL,1.0,0.0,0.0,0.0,0.0,0.0,0.0,0.0,0.0,0.0,0.0,0.0,0.0,0.0,0.0,0.0
2026-07-06T00:00:00,06:05:19,L01-AUTOBAN,SP330,63.8,NORTE,-23.154705798656,-46.934841939469,COLISÃO,COLISÃO-TRASEIRA,NÃO INFORMADO,0,0,0,0,JUNDIAÍ,CAMPINAS,CAMPINAS,ESTADUAL,0.0,0.0,0.0,0.0,2.0,0.0,0.0,0.0,0.0,0.0,0.0,0.0,0.0,0.0,0.0,0.0
2026-07-06T00:00:00,07:58:30,L01-AUTOBAN,SP330,102.3,SUL,-22.866605982208,-47.134535821442,CHOQUE,CHOQUE-DEFENSA/BARREIRA,NÃO INFORMADO,0,0,0,0,CAMPINAS,CAMPINAS,CAMPINAS,ESTADUAL,1.0,0.0,0.0,0.0,0.0,0.0,0.0,0.0,0.0,0.0,0.0,0.0,0.0,0.0,0.0,0.0
2026-07-06T00:00:00,15:33:59,L01-AUTOBAN,SPI102/330,5.0,NORTE,-22.906904124332,-47.13676571846,CAPOTAMENTO,CAPOTAMENTO,NÃO INFORMADO,0,0,0,0,CAMPINAS,CAMPINAS,CAMPINAS,ESTADUAL,0.0,0.0,0.0,1.0,0.0,0.0,0.0,0.0,0.0,0.0,0.0,0.0,0.0,0.0,0.0,0.0
2026-07-06T00:00:00,15:36:18,L01-AUTOBAN,SP330,43.0,NORTE,-23.310478510736,-46.857231259346,COLISÃO,COLISÃO-TRASEIRA,NÃO INFORMADO,2,0,0,1,CAJAMAR,REG. METROPOLITANA SÃO PAULO,SÃO PAULO,ESTADUAL,0.0,0.0,2.0,0.0,2.0,0.0,0.0,0.0,0.0,0.0,0.0,0.0,0.0,0.0,0.0,0.0
2026-07-06T00:00:00,15:55:36,L01-AUTOBAN,SP330,124.5,NORTE,-22.731077751641,-47.288889884949,COLISÃO,COLISÃO-LATERAL,NÃO INFORMADO,0,0,0,1,AMERICANA,CAMPINAS,RIO CLARO,ESTADUAL,1.0,0.0,1.0,0.0,1.0,0.0,0.0,0.0,0.0,0.0,0.0,0.0,0.0,0.0,0.0,0.0
2026-07-06T00:00:00,18:07:08,L01-AUTOBAN,SP330,14.3,SUL,-23.505006008986,-46.751432598526,TOMBAMENTO,TOMBAMENTO,NÃO INFORMADO,1,0,0,0,SÃO PAULO,REG. METROPOLITANA SÃO PAULO,SÃO PAULO,ESTADUAL,0.0,0.0,0.0,1.0,0.0,0.0,0.0,0.0,0.0,0.0,0.0,0.0,0.0,0.0,0.0,0.0
2026-07-06T00:00:00,18:25:48,L29-VIAPAULISTA,SP330,244.5,SUL,-21.73114207,-47.5850488,CHOQUE,CHOQUE-OUTROS,IMPRUD. CONDUTOR,1,0,0,0,SANTA RITA DO PASSA QUATRO,CENTRAL,RIBEIRÃO PRETO,ESTADUAL,0.0,0.0,0.0,0.0,1.0,0.0,0.0,0.0,0.0,0.0,0.0,0.0,0.0,0.0,0.0,0.0
2026-07-06T00:00:00,23:11:54,L01-AUTOBAN,SP330,61.3,NORTE,-23.173291385221,-46.920791023677,CHOQUE,CHOQUE-DEFENSA/BARREIRA,NÃO INFORMADO,0,0,0,0,JUNDIAÍ,CAMPINAS,CAMPINAS,ESTADUAL,1.0,0.0,0.0,0.0,0.0,0.0,0.0,0.0,0.0,0.0,0.0,0.0,0.0,0.0,0.0,0.0
2026-07-07T00:00:00,01:20:11,L01-AUTOBAN,SP330,127.95,SUL,-22.704527535955,-47.303315055915,COLISÃO,COLISÃO-TRASEIRA,NÃO INFORMADO,0,0,0,0,AMERICANA,CAMPINAS,RIO CLARO,ESTADUAL,0.0,1.0,0.0,0.0,1.0,0.0,0.0,0.0,0.0,0.0,0.0,0.0,0.0,0.0,0.0,0.0
2026-07-07T00:00:00,07:54:50,L29-VIAPAULISTA,SP330,308.413,SUL,-21.1978769,-47.75794035,COLISÃO,COLISÃO-LATERAL,IMPRUD. CONDUTOR-MUDANÇA DE FAIXA,0,0,0,0,RIBEIRÃO PRETO,RIBEIRÃO PRETO,RIBEIRÃO PRETO,ESTADUAL,1.0,0.0,0.0,0.0,1.0,0.0,0.0,0.0,0.0,0.0,0.0,0.0,0.0,0.0,0.0,0.0
2026-07-07T00:00:00,11:15:34,L01-AUTOBAN,SPM330D,91.0,NORTE,-22.942859,-47.066539,COLISÃO,COLISÃO-TRASEIRA,NÃO INFORMADO,1,0,0,0,CAMPINAS,CAMPINAS,CAMPINAS,ESTADUAL,1.0,0.0,1.0,0.0,0.0,0.0,0.0,0.0,0.0,0.0,0.0,0.0,0.0,0.0,0.0,0.0
2026-07-07T00:00:00,12:05:16,L01-AUTOBAN,SP330,50.0,NORTE,-23.256852149365,-46.867278814316,COLISÃO,COLISÃO-LATERAL,NÃO INFORMADO,0,0,0,0,JUNDIAÍ,CAMPINAS,CAMPINAS,ESTADUAL,1.0,0.0,0.0,0.0,1.0,0.0,0.0,0.0,0.0,0.0,0.0,0.0,0.0,0.0,0.0,0.0
2026-07-07T00:00:00,14:31:01,L01-AUTOBAN,SPM330E,110.2,SUL,-22.822018426517,-47.194350572036,TOMBAMENTO,TOMBAMENTO-MOTO,NÃO INFORMADO,1,0,0,0,SUMARÉ,CAMPINAS,CAMPINAS,ESTADUAL,0.0,0.0,1.0,0.0,0.0,0.0,0.0,0.0,0.0,0.0,0.0,0.0,0.0,0.0,0.0,0.0
2026-07-07T00:00:00,15:55:38,L01-AUTOBAN,SP330,19.0,NORTE,-23.473712595828,-46.77262365818,COLISÃO,COLISÃO-TRASEIRA,NÃO INFORMADO,1,0,0,0,OSASCO,REG. METROPOLITANA SÃO PAULO,SÃO PAULO,ESTADUAL,1.0,0.0,0.0,1.0,0.0,0.0,0.0,0.0,0.0,0.0,0.0,0.0,0.0,0.0,0.0,0.0
2026-07-07T00:00:00,18:35:24,L01-AUTOBAN,SP330,66.0,NORTE,-23.13718321208,-46.943984627724,COLISÃO,COLISÃO-LATERAL,NÃO INFORMADO,1,0,0,0,JUNDIAÍ,CAMPINAS,CAMPINAS,ESTADUAL,0.0,0.0,2.0,0.0,0.0,0.0,0.0,0.0,0.0,0.0,0.0,0.0,0.0,0.0,0.0,0.0
2026-07-07T00:00:00,20:25:11,L01-AUTOBAN,SP330,18.0,NORTE,-23.482416628034,-46.770944595337,TOMBAMENTO,TOMBAMENTO-MOTO,NÃO INFORMADO,1,0,0,0,OSASCO,REG. METROPOLITANA SÃO PAULO,SÃO PAULO,ESTADUAL,0.0,0.0,1.0,0.0,0.0,0.0,0.0,0.0,0.0,0.0,0.0,0.0,0.0,0.0,0.0,0.0
2026-07-08T00:00:00,00:46:32,L28-ENTREVIAS,SP330,331.83,SUL,-21.01868127770692,-47.84122602313789,COLISÃO,COLISÃO-TRASEIRA,IMPRUD. CONDUTOR-DORMIR AO VOLANTE,0,0,0,0,JARDINÓPOLIS,RIBEIRÃO PRETO,RIBEIRÃO PRETO,ESTADUAL,1.0,0.0,0.0,0.0,1.0,0.0,0.0,0.0,0.0,0.0,0.0,0.0,0.0,0.0,0.0,0.0
2026-07-08T00:00:00,05:00:36,L06-INTERVIAS,SP330,238.0,SUL,-21.7732464,-47.5420829,COLISÃO,COLISÃO-TRASEIRA,CONDIÇÃO CLIMÁTICA,0,0,1,0,SANTA RITA DO PASSA QUATRO,CENTRAL,RIBEIRÃO PRETO,ESTADUAL,0.0,0.0,0.0,0.0,3.0,0.0,0.0,0.0,0.0,0.0,0.0,0.0,0.0,0.0,0.0,0.0
2026-07-08T00:00:00,07:40:36,L01-AUTOBAN,SP330,107.0,SUL,-22.839867744999,-47.170851230621,COLISÃO,COLISÃO-TRASEIRA,NÃO INFORMADO,1,1,0,0,SUMARÉ,CAMPINAS,CAMPINAS,ESTADUAL,1.0,0.0,1.0,0.0,0.0,0.0,0.0,0.0,0.0,0.0,0.0,0.0,0.0,0.0,0.0,0.0
2026-07-08T00:00:00,10:45:26,L01-AUTOBAN,SPM330E,98.5,SUL,-22.892108786456,-47.112220823765,ENGAVETAMENTO,ENGAVETAMENTO,NÃO INFORMADO,0,0,0,0,CAMPINAS,CAMPINAS,CAMPINAS,ESTADUAL,3.0,0.0,0.0,0.0,0.0,0.0,0.0,0.0,0.0,0.0,0.0,0.0,0.0,0.0,0.0,0.0
2026-07-08T00:00:00,11:19:11,L01-AUTOBAN,SPM330E,98.5,SUL,-22.892108786456,-47.112220823765,ENGAVETAMENTO,ENGAVETAMENTO,NÃO INFORMADO,0,0,0,0,CAMPINAS,CAMPINAS,CAMPINAS,ESTADUAL,2.0,0.0,0.0,1.0,0.0,0.0,0.0,0.0,0.0,0.0,0.0,0.0,0.0,0.0,0.0,0.0
2026-07-08T00:00:00,12:39:17,L29-VIAPAULISTA,SP330,288.755,NORTE,-21.3660847,-47.71652862,COLISÃO,COLISÃO-LATERAL,IMPRUD. CONDUTOR,0,0,0,0,CRAVINHOS,RIBEIRÃO PRETO,RIBEIRÃO PRETO,ESTADUAL,0.0,0.0,0.0,0.0,2.0,0.0,0.0,0.0,0.0,0.0,0.0,0.0,0.0,0.0,0.0,0.0
2026-07-08T00:00:00,15:06:26,L28-ENTREVIAS,SP330,324.3,SUL,-21.0770163947079,-47.80615816157679,COLISÃO,COLISÃO-TRASEIRA,IMPRUD. CONDUTOR-FALTA DE ATENÇÃO,0,0,0,0,RIBEIRÃO PRETO,RIBEIRÃO PRETO,RIBEIRÃO PRETO,ESTADUAL,0.0,0.0,0.0,0.0,2.0,0.0,0.0,0.0,0.0,0.0,0.0,0.0,0.0,0.0,0.0,0.0
2026-07-08T00:00:00,15:37:50,L01-AUTOBAN,SPI102/330,6.0,SUL,-22.916773,-47.13535,COLISÃO,COLISÃO-LATERAL,NÃO INFORMADO,1,0,0,0,CAMPINAS,CAMPINAS,CAMPINAS,ESTADUAL,0.0,0.0,0.0,0.0,2.0,0.0,0.0,0.0,0.0,0.0,0.0,0.0,0.0,0.0,0.0,0.0
2026-07-08T00:00:00,15:59:30,L29-VIAPAULISTA,SP330,276.444,NORTE,-21.45107793,-47.64664787,CHOQUE,CHOQUE-DEFENSA/BARREIRA,IMPRUD. CONDUTOR-LEVOU FECHADA,1,0,0,0,SÃO SIMÃO,RIBEIRÃO PRETO,RIBEIRÃO PRETO,ESTADUAL,1.0,1.0,0.0,0.0,0.0,0.0,0.0,0.0,0.0,0.0,0.0,0.0,0.0,0.0,0.0,0.0
2026-07-08T00:00:00,16:06:22,L01-AUTOBAN,SP330,108.0,SUL,-22.832926456389,-47.177379727364,TOMBAMENTO,TOMBAMENTO,NÃO INFORMADO,0,0,0,0,SUMARÉ,CAMPINAS,CAMPINAS,ESTADUAL,0.0,0.0,0.0,0.0,1.0,0.0,0.0,0.0,0.0,0.0,0.0,0.0,0.0,0.0,0.0,0.0
2026-07-08T00:00:00,18:05:00,L06-INTERVIAS,SP330,229.0,NORTE,-21.83621264,-47.49505688,COLISÃO,COLISÃO-LATERAL,IMPRUD. CONDUTOR,1,0,0,0,PORTO FERREIRA,CENTRAL,RIO CLARO,ESTADUAL,0.0,0.0,1.0,1.0,0.0,0.0,0.0,0.0,0.0,0.0,0.0,0.0,0.0,0.0,0.0,0.0
2026-07-08T00:00:00,18:14:40,L01-AUTOBAN,SPM330E,101.0,SUL,-22.874089445764,-47.124878168106,COLISÃO,COLISÃO-LATERAL,NÃO INFORMADO,1,0,0,0,CAMPINAS,CAMPINAS,CAMPINAS,ESTADUAL,1.0,0.0,0.0,0.0,0.0,0.0,0.0,0.0,0.0,1.0,0.0,0.0,0.0,0.0,0.0,0.0
2026-07-08T00:00:00,20:16:04,L01-AUTOBAN,SPM330D,95.0,NORTE,-22.919696732904,-47.094027400017,COLISÃO,COLISÃO-TRASEIRA,NÃO INFORMADO,0,0,0,0,CAMPINAS,CAMPINAS,CAMPINAS,ESTADUAL,2.0,0.0,0.0,0.0,0.0,0.0,0.0,0.0,0.0,0.0,0.0,0.0,0.0,0.0,0.0,0.0
2026-07-09T00:00:00,00:41:07,L01-AUTOBAN,SP330,17.0,NORTE,-23.490327991609,-46.766760349274,ATROPELAMENTO DE PEDESTRE,ATROP. PEDESTRE-OUTROS,NÃO INFORMADO,0,1,0,0,SÃO PAULO,REG. METROPOLITANA SÃO PAULO,SÃO PAULO,ESTADUAL,0.0,1.0,0.0,0.0,0.0,0.0,0.0,1.0,0.0,0.0,0.0,0.0,0.0,0.0,0.0,0.0
2026-07-09T00:00:00,00:58:15,L01-AUTOBAN,SPM330E,104.0,SUL,-22.857076064557,-47.148749828339,TOMBAMENTO,TOMBAMENTO-MOTO,NÃO INFORMADO,1,1,0,0,CAMPINAS,CAMPINAS,CAMPINAS,ESTADUAL,0.0,0.0,1.0,0.0,0.0,0.0,0.0,0.0,0.0,0.0,0.0,0.0,0.0,0.0,0.0,0.0
2026-07-09T00:00:00,04:36:06,L06-INTERVIAS,SP330,233.1,SUL,-21.80194766,-47.50613445,ATROPELAMENTO DE ANIMAL,ATROP. ANIMAL-OUTROS,ANIMAL NA RODOVIA,0,0,0,0,SANTA RITA DO PASSA QUATRO,CENTRAL,RIBEIRÃO PRETO,ESTADUAL,1.0,0.0,0.0,0.0,0.0,0.0,0.0,0.0,0.0,0.0,0.0,0.0,0.0,0.0,0.0,0.0
2026-07-09T00:00:00,09:07:02,L01-AUTOBAN,SP330,153.1,NORTE,-22.504626656961,-47.398964526365,COLISÃO,COLISÃO-TRASEIRA,NÃO INFORMADO,0,0,0,0,CORDEIRÓPOLIS,CAMPINAS,RIO CLARO,ESTADUAL,1.0,1.0,0.0,0.0,0.0,0.0,0.0,0.0,0.0,0.0,0.0,0.0,0.0,0.0,0.0,0.0
2026-07-09T00:00:00,11:24:12,L01-AUTOBAN,SP330,19.0,SUL,-23.473712595828,-46.77262365818,COLISÃO,COLISÃO-TRASEIRA,NÃO INFORMADO,0,0,0,0,OSASCO,REG. METROPOLITANA SÃO PAULO,SÃO PAULO,ESTADUAL,1.0,0.0,1.0,0.0,0.0,0.0,0.0,0.0,0.0,0.0,0.0,0.0,0.0,0.0,0.0,0.0
2026-07-09T00:00:00,13:27:40,L01-AUTOBAN,SP330,54.0,SUL,-23.223269868853,-46.877589225769,CHOQUE,CHOQUE-DEFENSA/BARREIRA,NÃO INFORMADO,1,0,0,0,JUNDIAÍ,CAMPINAS,CAMPINAS,ESTADUAL,0.0,0.0,0.0,0.0,1.0,0.0,0.0,0.0,0.0,0.0,0.0,0.0,0.0,0.0,0.0,0.0
2026-07-09T00:00:00,14:00:23,L29-VIAPAULISTA,SP330,301.22,SUL,-21.26204596,-47.75476341,COLISÃO,COLISÃO-TRASEIRA,IMPRUD. CONDUTOR-EXCESSO DE VELOCIDADE,0,0,0,0,RIBEIRÃO PRETO,RIBEIRÃO PRETO,RIBEIRÃO PRETO,ESTADUAL,0.0,0.0,0.0,0.0,2.0,0.0,0.0,0.0,0.0,0.0,0.0,0.0,0.0,0.0,0.0,0.0
2026-07-09T00:00:00,14:18:37,L01-AUTOBAN,SP330,92.0,NORTE,-22.935116422047,-47.071389555931,ATROPELAMENTO DE PEDESTRE,ATROP. PEDESTRE-OUTROS,NÃO INFORMADO,0,0,0,0,CAMPINAS,CAMPINAS,CAMPINAS,ESTADUAL,1.0,0.0,0.0,0.0,0.0,1.0,0.0,0.0,0.0,0.0,0.0,0.0,0.0,0.0,0.0,0.0
2026-07-09T00:00:00,15:47:50,L01-AUTOBAN,SP330,103.0,NORTE,-22.862197108808,-47.13924407959,COLISÃO,COLISÃO-TRASEIRA,NÃO INFORMADO,0,0,0,0,CAMPINAS,CAMPINAS,CAMPINAS,ESTADUAL,1.0,0.0,1.0,0.0,0.0,0.0,0.0,0.0,0.0,0.0,0.0,0.0,0.0,0.0,0.0,0.0
2026-07-09T00:00:00,16:17:05,L06-INTERVIAS,SP330,214.5,SUL,-21.9624555,-47.45828101,COLISÃO,COLISÃO-LATERAL,NÃO INFORMADO,0,0,0,0,PIRASSUNUNGA,CAMPINAS,RIO CLARO,ESTADUAL,1.0,1.0,0.0,0.0,0.0,0.0,0.0,0.0,0.0,0.0,0.0,0.0,0.0,0.0,0.0,0.0
2026-07-09T00:00:00,17:39:39,L01-AUTOBAN,SP330,88.9,NORTE,-22.959655326204,-47.05706495663,TOMBAMENTO,TOMBAMENTO-MOTO,NÃO INFORMADO,0,0,1,0,CAMPINAS,CAMPINAS,CAMPINAS,ESTADUAL,0.0,0.0,1.0,0.0,0.0,0.0,0.0,0.0,0.0,0.0,0.0,0.0,0.0,0.0,0.0,0.0
2026-07-09T00:00:00,18:39:01,L01-AUTOBAN,SPM330E,95.6,SUL,-22.915041285686,-47.098492730543,ENGAVETAMENTO,ENGAVETAMENTO,NÃO INFORMADO,0,0,0,0,CAMPINAS,CAMPINAS,CAMPINAS,ESTADUAL,0.0,2.0,0.0,1.0,0.0,0.0,0.0,0.0,0.0,0.0,0.0,0.0,0.0,0.0,0.0,0.0
2026-07-09T00:00:00,18:46:50,L01-AUTOBAN,SP330,13.2,NORTE,-23.507737600164,-46.742367398256,CHOQUE,CHOQUE-DEFENSA/BARREIRA,NÃO INFORMADO,0,0,0,0,SÃO PAULO,REG. METROPOLITANA SÃO PAULO,SÃO PAULO,ESTADUAL,1.0,0.0,0.0,0.0,0.0,0.0,0.0,0.0,0.0,0.0,0.0,0.0,0.0,0.0,0.0,0.0
2026-07-09T00:00:00,18:52:35,L01-AUTOBAN,SP330,96.0,SUL,-22.911795994388,-47.101387381554,TOMBAMENTO,TOMBAMENTO-MOTO,NÃO INFORMADO,1,0,0,0,CAMPINAS,CAMPINAS,CAMPINAS,ESTADUAL,0.0,0.0,1.0,0.0,0.0,0.0,0.0,0.0,0.0,0.0,0.0,0.0,0.0,0.0,0.0,0.0
2026-07-09T00:00:00,20:14:02,L28-ENTREVIAS,SPD340/330,340.1,NORTE,-20.947011847237,-47.87714536261962,TOMBAMENTO,TOMBAMENTO-VEÍCULO PESADO,IMPRUD. CONDUTOR-PERDA DE CONTROLE,0,0,0,0,JARDINÓPOLIS,NÃO INFORMADO,NÃO INFORMADO,NÃO INFORMADO,0.0,0.0,0.0,0.0,1.0,0.0,0.0,0.0,0.0,0.0,0.0,0.0,0.0,0.0,0.0,0.0
2026-07-09T00:00:00,22:26:06,L01-AUTOBAN,SPM330D,13.0,NORTE,-23.507909,-46.740539,CHOQUE,CHOQUE-DEFENSA/BARREIRA,NÃO INFORMADO,0,0,0,0,SÃO PAULO,REG. METROPOLITANA SÃO PAULO,SÃO PAULO,ESTADUAL,1.0,0.0,0.0,0.0,0.0,0.0,0.0,0.0,0.0,0.0,0.0,0.0,0.0,0.0,0.0,0.0
2026-07-09T00:00:00,22:56:32,L01-AUTOBAN,SP330,13.0,NORTE,-23.507909,-46.740539,CHOQUE,CHOQUE-DEFENSA/BARREIRA,NÃO INFORMADO,3,0,0,0,SÃO PAULO,REG. METROPOLITANA SÃO PAULO,SÃO PAULO,ESTADUAL,1.0,0.0,0.0,0.0,0.0,0.0,0.0,0.0,0.0,0.0,0.0,0.0,0.0,0.0,0.0,0.0
2026-07-10T00:00:00,02:11:33,L01-AUTOBAN,SP330,26.0,SUL,-23.42090534696,-46.794376373291,COLISÃO,COLISÃO-TRASEIRA,NÃO INFORMADO,0,0,0,0,SÃO PAULO,REG. METROPOLITANA SÃO PAULO,SÃO PAULO,ESTADUAL,1.0,1.0,0.0,0.0,0.0,0.0,0.0,0.0,0.0,0.0,0.0,0.0,0.0,0.0,0.0,0.0
2026-07-10T00:00:00,03:21:57,L01-AUTOBAN,SPM330D,112.0,NORTE,-22.813712468257,-47.208970785141,COLISÃO,COLISÃO-TRASEIRA,NÃO INFORMADO,0,2,0,0,SUMARÉ,CAMPINAS,CAMPINAS,ESTADUAL,1.0,0.0,0.0,0.0,1.0,0.0,0.0,0.0,0.0,0.0,0.0,0.0,0.0,0.0,0.0,0.0
2026-07-10T00:00:00,10:12:57,L29-VIAPAULISTA,SPA307/330,0.206,OESTE,-21.20447156,-47.76029116,COLISÃO,COLISÃO-TRASEIRA,IMPRUD. CONDUTOR,2,0,0,0,RIBEIRÃO PRETO,RIBEIRÃO PRETO,RIBEIRÃO PRETO,ESTADUAL,1.0,0.0,0.0,0.0,0.0,1.0,0.0,0.0,0.0,0.0,0.0,0.0,0.0,0.0,0.0,0.0
2026-07-10T00:00:00,10:35:18,L01-AUTOBAN,SP330,58.0,SUL,-23.19706558464,-46.903826594353,COLISÃO,COLISÃO-LATERAL,NÃO INFORMADO,0,0,0,0,JUNDIAÍ,CAMPINAS,CAMPINAS,ESTADUAL,1.0,0.0,0.0,0.0,1.0,0.0,0.0,0.0,0.0,0.0,0.0,0.0,0.0,0.0,0.0,0.0
2026-07-10T00:00:00,11:55:31,L29-VIAPAULISTA,SP330,312.36,SUL,-21.1649731,-47.75613235,COLISÃO,COLISÃO-TRASEIRA,IMPRUD. CONDUTOR-LEVOU FECHADA,0,0,0,0,RIBEIRÃO PRETO,RIBEIRÃO PRETO,RIBEIRÃO PRETO,ESTADUAL,0.0,0.0,0.0,0.0,2.0,0.0,0.0,0.0,0.0,0.0,0.0,0.0,0.0,0.0,0.0,0.0
2026-07-10T00:00:00,13:38:47,L01-AUTOBAN,SP330,12.0,NORTE,-23.509174607034,-46.730620265007,ATROPELAMENTO DE PEDESTRE,ATROP. PEDESTRE-OUTROS,NÃO INFORMADO,0,0,1,0,SÃO PAULO,REG. METROPOLITANA SÃO PAULO,SÃO PAULO,ESTADUAL,0.0,0.0,0.0,1.0,0.0,0.0,0.0,1.0,0.0,0.0,0.0,0.0,0.0,0.0,0.0,0.0
2026-07-10T00:00:00,14:05:24,L06-INTERVIAS,SP330,201.6,SUL,-22.07327924,-47.42369713,COLISÃO,COLISÃO-TRASEIRA,IMPRUD. CONDUTOR-LEVOU FECHADA,0,0,0,0,SANTA CRUZ DA CONCEIÇÃO,CAMPINAS,RIO CLARO,ESTADUAL,0.0,1.0,0.0,0.0,2.0,0.0,0.0,0.0,0.0,0.0,0.0,0.0,0.0,0.0,0.0,0.0
2026-07-10T00:00:00,18:25:09,L06-INTERVIAS,SP330,211.7,NORTE,-21.98594223,-47.44983031,CHOQUE,CHOQUE-ELEMENTO DE DRENAGEM,IMPRUD. CONDUTOR-LEVOU FECHADA,0,0,0,0,PIRASSUNUNGA,CAMPINAS,RIO CLARO,ESTADUAL,1.0,0.0,0.0,0.0,0.0,0.0,0.0,0.0,0.0,0.0,0.0,0.0,0.0,0.0,0.0,0.0
2026-07-10T00:00:00,18:26:13,L01-AUTOBAN,SPM330E,59.0,SUL,-23.189008521881,-46.906793117523,COLISÃO,COLISÃO-LATERAL,NÃO INFORMADO,2,0,0,0,JUNDIAÍ,CAMPINAS,CAMPINAS,ESTADUAL,1.0,0.0,1.0,0.0,0.0,0.0,0.0,0.0,0.0,0.0,0.0,0.0,0.0,0.0,0.0,0.0
2026-07-10T00:00:00,19:08:55,L06-INTERVIAS,SP330,235.645,NORTE,-21.78668758,-47.52435071,COLISÃO,COLISÃO-TRASEIRA,IMPRUD. CONDUTOR,0,0,0,0,SANTA RITA DO PASSA QUATRO,CENTRAL,RIBEIRÃO PRETO,ESTADUAL,2.0,0.0,0.0,0.0,0.0,0.0,0.0,0.0,0.0,0.0,0.0,0.0,0.0,0.0,0.0,0.0
2026-07-10T00:00:00,21:54:52,L01-AUTOBAN,SPM330E,112.0,SUL,-22.813845976757,-47.209303379059,TOMBAMENTO,TOMBAMENTO-MOTO,NÃO INFORMADO,1,0,0,0,SUMARÉ,CAMPINAS,CAMPINAS,ESTADUAL,0.0,0.0,1.0,0.0,0.0,0.0,0.0,0.0,0.0,0.0,0.0,0.0,0.0,0.0,0.0,0.0
2026-07-10T00:00:00,22:04:31,L01-AUTOBAN,SPM330E,108.6,SUL,-22.829674190827,-47.181507280449,ATROPELAMENTO DE PEDESTRE,ATROP. PEDESTRE-OUTROS,NÃO INFORMADO,3,0,0,1,SUMARÉ,CAMPINAS,CAMPINAS,ESTADUAL,3.0,1.0,0.0,0.0,0.0,0.0,0.0,1.0,0.0,0.0,0.0,0.0,0.0,0.0,0.0,0.0
2026-07-10T00:00:00,22:08:56,L01-AUTOBAN,SP330,15.8,SUL,-23.495398275827,-46.75800883849,CHOQUE,CHOQUE-DEFENSA/BARREIRA,NÃO INFORMADO,0,0,0,0,SÃO PAULO,REG. METROPOLITANA SÃO PAULO,SÃO PAULO,ESTADUAL,1.0,0.0,0.0,0.0,0.0,0.0,0.0,0.0,0.0,0.0,0.0,0.0,0.0,0.0,0.0,0.0
2026-07-11T00:00:00,04:58:00,L28-ENTREVIAS,SP330,430.53,SUL,-20.16962567983632,-47.7876805417557,ATROPELAMENTO DE ANIMAL,ATROP. ANIMAL-DOMÉSTICO GRANDE,ANIMAL NA RODOVIA,0,0,0,0,ARAMINA,FRANCA,RIBEIRÃO PRETO,ESTADUAL,0.0,0.0,0.0,0.0,0.0,0.0,0.0,0.0,0.0,0.0,1.0,0.0,0.0,0.0,0.0,0.0
2026-07-11T00:00:00,06:12:35,L01-AUTOBAN,SP330,98.0,SUL,-22.896245165998,-47.110952138901,TOMBAMENTO,TOMBAMENTO-MOTO,NÃO INFORMADO,1,0,0,0,CAMPINAS,CAMPINAS,CAMPINAS,ESTADUAL,0.0,0.0,1.0,0.0,0.0,0.0,0.0,0.0,0.0,0.0,0.0,0.0,0.0,0.0,0.0,0.0
2026-07-11T00:00:00,06:34:02,L01-AUTOBAN,SP330,31.3,NORTE,-23.398819628034,-46.836369610371,ENGAVETAMENTO,ENGAVETAMENTO,NÃO INFORMADO,0,0,0,0,CAJAMAR,REG. METROPOLITANA SÃO PAULO,SÃO PAULO,ESTADUAL,2.0,0.0,0.0,0.0,1.0,0.0,0.0,0.0,0.0,0.0,0.0,0.0,0.0,0.0,0.0,0.0
2026-07-11T00:00:00,13:04:31,L29-VIAPAULISTA,SP330,295.1,NORTE,-21.31323003,-47.73623195,COLISÃO,COLISÃO-TRASEIRA,IMPRUD. CONDUTOR,0,0,1,0,CRAVINHOS,RIBEIRÃO PRETO,RIBEIRÃO PRETO,ESTADUAL,0.0,0.0,1.0,0.0,1.0,0.0,0.0,0.0,0.0,0.0,0.0,0.0,0.0,0.0,0.0,0.0
2026-07-11T00:00:00,19:13:00,L28-ENTREVIAS,SP330,327.5,NORTE,-21.05692811779175,-47.82189971056317,CHOQUE,CHOQUE-OBJETO NA PISTA,IMPRUD. CONDUTOR-DORMIR AO VOLANTE,0,1,0,0,JARDINÓPOLIS,RIBEIRÃO PRETO,RIBEIRÃO PRETO,ESTADUAL,0.0,0.0,0.0,0.0,1.0,0.0,0.0,0.0,0.0,0.0,1.0,0.0,0.0,0.0,0.0,0.0
2026-07-11T00:00:00,20:09:48,L29-VIAPAULISTA,SP330,296.811,NORTE,-21.29903319,-47.74288074,CHOQUE,CHOQUE-TALUDE/BARRANCO,IMPRUD. CONDUTOR-PERDA DE CONTROLE,1,0,1,0,CRAVINHOS,RIBEIRÃO PRETO,RIBEIRÃO PRETO,ESTADUAL,1.0,0.0,0.0,0.0,0.0,0.0,1.0,0.0,0.0,0.0,0.0,0.0,0.0,0.0,0.0,0.0
2026-07-11T00:00:00,21:51:03,L01-AUTOBAN,SP330,88.9,NORTE,-22.959655326204,-47.05706495663,CHOQUE,CHOQUE-DEFENSA/BARREIRA,NÃO INFORMADO,0,0,0,0,CAMPINAS,CAMPINAS,CAMPINAS,ESTADUAL,1.0,0.0,0.0,0.0,0.0,0.0,0.0,0.0,0.0,0.0,0.0,0.0,0.0,0.0,0.0,0.0
2026-07-12T00:00:00,02:12:56,L06-INTERVIAS,SP330,177.0,NORTE,-22.29166398,-47.39283202,CHOQUE,CHOQUE-OUTROS,OBJETO NA PISTA,0,0,0,0,ARARAS,CAMPINAS,RIO CLARO,ESTADUAL,0.0,0.0,0.0,1.0,0.0,0.0,0.0,0.0,0.0,0.0,0.0,0.0,0.0,0.0,0.0,0.0
2026-07-12T00:00:00,03:22:49,L01-AUTOBAN,SP330,53.0,SUL,-23.230945296234,-46.87306702137,ATROPELAMENTO DE ANIMAL,ATROP. ANIMAL-OUTROS,NÃO INFORMADO,0,0,0,0,JUNDIAÍ,CAMPINAS,CAMPINAS,ESTADUAL,1.0,0.0,0.0,0.0,0.0,0.0,0.0,0.0,0.0,0.0,0.0,0.0,0.0,0.0,0.0,0.0
2026-07-12T00:00:00,03:48:29,L01-AUTOBAN,SPM330D,87.8,NORTE,-22.967698928639,-47.052410260494,CHOQUE,CHOQUE-DEFENSA/BARREIRA,NÃO INFORMADO,0,2,0,0,CAMPINAS,CAMPINAS,CAMPINAS,ESTADUAL,0.0,0.0,1.0,0.0,0.0,0.0,0.0,0.0,0.0,0.0,0.0,0.0,0.0,0.0,0.0,0.0
2026-07-12T00:00:00,06:40:37,L06-INTERVIAS,SPD188/330,188.4,SUL,-22.18949731,-47.39799863,CHOQUE,CHOQUE-POSTE,ANIMAL NA RODOVIA,1,0,0,0,LEME,NÃO INFORMADO,NÃO INFORMADO,NÃO INFORMADO,1.0,0.0,0.0,0.0,0.0,0.0,0.0,0.0,0.0,0.0,0.0,0.0,0.0,0.0,0.0,0.0
2026-07-12T00:00:00,13:30:03,L01-AUTOBAN,SP330,101.75,SUL,-22.869788611441,-47.130540542027,COLISÃO,COLISÃO-TRASEIRA,NÃO INFORMADO,1,0,0,0,CAMPINAS,CAMPINAS,CAMPINAS,ESTADUAL,2.0,0.0,0.0,0.0,0.0,0.0,0.0,0.0,0.0,0.0,0.0,0.0,0.0,0.0,0.0,0.0
2026-07-12T00:00:00,16:58:12,L01-AUTOBAN,SPM330D,16.0,NORTE,-23.494091626664,-46.758799552917,ATROPELAMENTO DE PEDESTRE,ATROP. PEDESTRE-OUTROS,NÃO INFORMADO,0,1,0,0,OSASCO,REG. METROPOLITANA SÃO PAULO,SÃO PAULO,ESTADUAL,0.0,0.0,0.0,0.0,0.0,0.0,0.0,1.0,0.0,0.0,0.0,0.0,0.0,0.0,0.0,0.0
2026-07-12T00:00:00,18:14:58,L29-VIAPAULISTA,SP330,317.612,SUL,-21.11995018,-47.77517414,TOMBAMENTO,TOMBAMENTO,OBJETO NA PISTA,1,0,0,0,RIBEIRÃO PRETO,RIBEIRÃO PRETO,RIBEIRÃO PRETO,ESTADUAL,0.0,0.0,1.0,0.0,0.0,0.0,0.0,0.0,0.0,0.0,0.0,0.0,0.0,0.0,0.0,0.0
2026-07-12T00:00:00,18:36:45,L01-AUTOBAN,SP330,59.1,SUL,-23.188224476859,-46.907272689177,TOMBAMENTO,TOMBAMENTO,NÃO INFORMADO,1,0,0,0,JUNDIAÍ,CAMPINAS,CAMPINAS,ESTADUAL,0.0,1.0,1.0,0.0,0.0,0.0,0.0,0.0,0.0,0.0,0.0,0.0,0.0,0.0,0.0,0.0
2026-07-12T00:00:00,21:13:25,L01-AUTOBAN,SP330,40.0,NORTE,-23.328429618376,-46.83878839016,CHOQUE,CHOQUE-DEFENSA/BARREIRA,NÃO INFORMADO,0,0,0,0,CAJAMAR,REG. METROPOLITANA SÃO PAULO,SÃO PAULO,ESTADUAL,1.0,0.0,0.0,1.0,0.0,0.0,0.0,0.0,0.0,0.0,0.0,0.0,0.0,0.0,0.0,0.0
2026-07-12T00:00:00,21:37:17,L29-VIAPAULISTA,SPA307/330,0.1,LESTE,-21.20576246,-47.75844157,CHOQUE,CHOQUE-ELEMENTO DE DRENAGEM,IMPRUD. CONDUTOR-PERDA DE CONTROLE,0,0,0,0,RIBEIRÃO PRETO,RIBEIRÃO PRETO,RIBEIRÃO PRETO,ESTADUAL,0.0,0.0,0.0,1.0,0.0,0.0,0.0,0.0,0.0,0.0,0.0,0.0,0.0,0.0,0.0,0.0
2026-07-12T00:00:00,22:43:16,L29-VIAPAULISTA,SPA307/330,0.1,LESTE,-21.20576246,-47.75844157,TOMBAMENTO,TOMBAMENTO,IMPRUD. CONDUTOR-PERDA DE CONTROLE,0,0,0,0,RIBEIRÃO PRETO,RIBEIRÃO PRETO,RIBEIRÃO PRETO,ESTADUAL,0.0,0.0,1.0,0.0,0.0,0.0,0.0,0.0,0.0,0.0,0.0,0.0,0.0,0.0,0.0,0.0
2026-07-13T00:00:00,04:52:10,L29-VIAPAULISTA,SP330,252.151,NORTE,-21.6656161,-47.60775694,ATROPELAMENTO DE ANIMAL,ATROP. ANIMAL-OUTROS,ANIMAL NA RODOVIA,0,0,0,0,SANTA RITA DO PASSA QUATRO,CENTRAL,RIBEIRÃO PRETO,ESTADUAL,1.0,0.0,0.0,0.0,0.0,0.0,0.0,0.0,0.0,0.0,0.0,0.0,0.0,0.0,0.0,0.0
2026-07-13T00:00:00,07:37:57,L01-AUTOBAN,SP330,148.0,NORTE,-22.545053,-47.37612,COLISÃO,COLISÃO-TRASEIRA,NÃO INFORMADO,0,0,1,0,LIMEIRA,CAMPINAS,RIO CLARO,ESTADUAL,0.0,0.0,0.0,1.0,0.0,1.0,0.0,0.0,0.0,0.0,0.0,0.0,0.0,0.0,0.0,0.0
2026-07-13T00:00:00,09:25:58,L06-INTERVIAS,SP330,187.5,NORTE,-22.19755855,-47.39635441,COLISÃO,COLISÃO-TRASEIRA,IMPRUD. CONDUTOR-MUDANÇA DE FAIXA,0,0,0,0,LEME,CAMPINAS,RIO CLARO,ESTADUAL,1.0,0.0,0.0,0.0,1.0,0.0,0.0,0.0,0.0,0.0,0.0,0.0,0.0,0.0,0.0,0.0
2026-07-13T00:00:00,10:21:23,L01-AUTOBAN,SPD125/330,125.2,NORTE,-22.726390667305,-47.292435756262,COLISÃO,COLISÃO-TRANSVERSAL,NÃO INFORMADO,0,0,1,0,AMERICANA,NÃO INFORMADO,NÃO INFORMADO,NÃO INFORMADO,0.0,0.0,0.0,1.0,1.0,0.0,0.0,0.0,0.0,0.0,0.0,0.0,0.0,0.0,0.0,0.0
2026-07-13T00:00:00,12:32:25,L06-INTERVIAS,SPD227/330,227.4,NORTE,-21.85081601,-47.49473766,TOMBAMENTO,TOMBAMENTO,PANE MECÂNICA/ELÉTRICA,0,0,0,0,PORTO FERREIRA,NÃO INFORMADO,NÃO INFORMADO,NÃO INFORMADO,0.0,0.0,0.0,0.0,1.0,0.0,0.0,0.0,0.0,0.0,0.0,0.0,0.0,0.0,0.0,0.0
2026-07-13T00:00:00,16:24:59,L01-AUTOBAN,SP330,21.4,SUL,-23.457809593738,-46.783527372285,COLISÃO,COLISÃO-TRASEIRA,NÃO INFORMADO,0,0,0,0,SÃO PAULO,REG. METROPOLITANA SÃO PAULO,SÃO PAULO,ESTADUAL,2.0,0.0,0.0,0.0,0.0,0.0,0.0,0.0,0.0,0.0,0.0,0.0,0.0,0.0,0.0,0.0
2026-07-13T00:00:00,18:11:03,L01-AUTOBAN,SP330,108.0,NORTE,-22.832585315555,-47.17717051506,COLISÃO,COLISÃO-TRASEIRA,NÃO INFORMADO,0,0,1,0,SUMARÉ,CAMPINAS,CAMPINAS,ESTADUAL,1.0,0.0,1.0,0.0,0.0,0.0,0.0,0.0,0.0,0.0,0.0,0.0,0.0,0.0,0.0,0.0
2026-07-13T00:00:00,18:21:46,L29-VIAPAULISTA,SP330,307.5,SUL,-21.20635092,-47.75840115,COLISÃO,COLISÃO-TRASEIRA,IMPRUD. CONDUTOR,0,0,0,0,RIBEIRÃO PRETO,RIBEIRÃO PRETO,RIBEIRÃO PRETO,ESTADUAL,1.0,0.0,0.0,1.0,0.0,0.0,0.0,0.0,0.0,0.0,0.0,0.0,0.0,0.0,0.0,0.0
2026-07-13T00:00:00,18:52:36,L01-AUTOBAN,SP330,123.0,NORTE,-22.738298840103,-47.276605367661,TOMBAMENTO,TOMBAMENTO-MOTO,NÃO INFORMADO,0,0,0,0,AMERICANA,CAMPINAS,RIO CLARO,ESTADUAL,0.0,0.0,1.0,0.0,0.0,0.0,0.0,0.0,0.0,0.0,0.0,0.0,0.0,0.0,0.0,0.0
2026-07-13T00:00:00,18:54:13,L01-AUTOBAN,SP330,110.0,SUL,-22.82299346964,-47.19250202179,COLISÃO,COLISÃO-TRASEIRA,NÃO INFORMADO,0,0,0,0,SUMARÉ,CAMPINAS,CAMPINAS,ESTADUAL,1.0,0.0,0.0,1.0,0.0,0.0,0.0,0.0,0.0,0.0,0.0,0.0,0.0,0.0,0.0,0.0
2026-07-13T00:00:00,18:58:25,L06-INTERVIAS,SP330,212.1,NORTE,-21.98248862,-47.45100869,COLISÃO,COLISÃO-TRASEIRA,IMPRUD. CONDUTOR,0,0,0,0,PIRASSUNUNGA,CAMPINAS,RIO CLARO,ESTADUAL,0.0,0.0,0.0,0.0,2.0,0.0,0.0,0.0,0.0,0.0,0.0,0.0,0.0,0.0,0.0,0.0
2026-07-13T00:00:00,19:15:37,L01-AUTOBAN,SPM330D,109.0,NORTE,-22.827374159413,-47.183876037598,COLISÃO,COLISÃO-TRANSVERSAL,NÃO INFORMADO,1,0,0,0,SUMARÉ,CAMPINAS,CAMPINAS,ESTADUAL,1.0,0.0,1.0,0.0,0.0,0.0,0.0,0.0,0.0,0.0,0.0,0.0,0.0,0.0,0.0,0.0
2026-07-14T00:00:00,00:13:19,L01-AUTOBAN,SP330,68.0,NORTE,-23.122255304529,-46.954268217087,COLISÃO,COLISÃO-TRASEIRA,NÃO INFORMADO,0,0,0,0,JUNDIAÍ,CAMPINAS,CAMPINAS,ESTADUAL,1.0,1.0,0.0,0.0,1.0,0.0,0.0,0.0,0.0,0.0,0.0,0.0,0.0,0.0,0.0,0.0
2026-07-14T00:00:00,01:34:13,L01-AUTOBAN,SPM330E,59.0,SUL,-23.189008521881,-46.906793117523,CHOQUE,CHOQUE-DEFENSA/BARREIRA,NÃO INFORMADO,0,0,0,0,JUNDIAÍ,CAMPINAS,CAMPINAS,ESTADUAL,1.0,0.0,0.0,0.0,0.0,0.0,0.0,0.0,0.0,0.0,0.0,0.0,0.0,0.0,0.0,0.0
2026-07-14T00:00:00,05:09:49,L28-ENTREVIAS,SP330,326.45,NORTE,-21.06059261334133,-47.81956082430218,COLISÃO,COLISÃO-TRASEIRA,IMPRUD. CONDUTOR-FALTA DE ATENÇÃO,0,0,0,0,JARDINÓPOLIS,RIBEIRÃO PRETO,RIBEIRÃO PRETO,ESTADUAL,1.0,1.0,0.0,0.0,0.0,0.0,0.0,0.0,0.0,0.0,0.0,0.0,0.0,0.0,0.0,0.0
2026-07-14T00:00:00,05:21:05,L06-INTERVIAS,SP330,232.8,SUL,-21.80404808,-47.50438081,ATROPELAMENTO DE ANIMAL,ATROP. ANIMAL-OUTROS,ANIMAL NA RODOVIA,0,0,0,0,PORTO FERREIRA,CENTRAL,RIO CLARO,ESTADUAL,1.0,0.0,0.0,0.0,0.0,0.0,0.0,0.0,0.0,0.0,0.0,0.0,0.0,0.0,0.0,0.0
2026-07-14T00:00:00,08:20:36,L29-VIAPAULISTA,SP330,261.638,SUL,-21.58189775,-47.62752006,CHOQUE,CHOQUE-SINALIZAÇÃO/EQUIPAMENTO,IMPRUD. CONDUTOR-PERDA DE CONTROLE,0,0,0,0,SÃO SIMÃO,RIBEIRÃO PRETO,RIBEIRÃO PRETO,ESTADUAL,0.0,0.0,0.0,1.0,0.0,0.0,0.0,0.0,0.0,0.0,0.0,0.0,0.0,0.0,0.0,0.0
2026-07-14T00:00:00,08:25:38,L01-AUTOBAN,SPI102/330,3.0,SUL,-22.890087592831,-47.133536338806,CHOQUE,CHOQUE-VEÍCULO PARADO NO ACOSTAMENTO,NÃO INFORMADO,1,0,1,0,CAMPINAS,CAMPINAS,CAMPINAS,ESTADUAL,1.0,0.0,0.0,0.0,2.0,0.0,0.0,0.0,0.0,0.0,0.0,0.0,0.0,0.0,0.0,0.0
2026-07-14T00:00:00,09:00:18,L01-AUTOBAN,SP330,98.0,SUL,-22.896245165998,-47.110952138901,COLISÃO,COLISÃO-LATERAL,NÃO INFORMADO,0,0,0,0,CAMPINAS,CAMPINAS,CAMPINAS,ESTADUAL,1.0,0.0,0.0,0.0,1.0,0.0,0.0,0.0,0.0,0.0,0.0,0.0,0.0,0.0,0.0,0.0
2026-07-14T00:00:00,11:25:04,L29-VIAPAULISTA,SP330,300.0,NORTE,-21.27264072,-47.75521972,COLISÃO,COLISÃO-TRASEIRA,IMPRUD. CONDUTOR-DIST. INADEQUADA ENTRE VEÍC.,0,0,0,0,CRAVINHOS,RIBEIRÃO PRETO,RIBEIRÃO PRETO,ESTADUAL,1.0,0.0,0.0,0.0,1.0,0.0,0.0,0.0,0.0,0.0,0.0,0.0,0.0,0.0,0.0,0.0
2026-07-14T00:00:00,12:22:00,L28-ENTREVIAS,SP330,386.15,NORTE,-20.54781093407305,-47.85815011490962,CHOQUE,CHOQUE-DEFENSA/BARREIRA,PANE MECÂNICA,0,0,0,0,SÃO JOAQUIM DA BARRA,FRANCA,RIBEIRÃO PRETO,ESTADUAL,1.0,0.0,0.0,0.0,0.0,0.0,0.0,0.0,0.0,0.0,0.0,0.0,0.0,0.0,0.0,0.0
2026-07-14T00:00:00,14:46:18,L28-ENTREVIAS,SP330,384.2,SUL,-20.57378181773871,-47.87189250802193,CHOQUE,CHOQUE-OBJETO NA PISTA,VEÍCULO PARADO NA FAIXA,0,0,0,0,SÃO JOAQUIM DA BARRA,FRANCA,RIBEIRÃO PRETO,ESTADUAL,0.0,0.0,0.0,0.0,1.0,0.0,0.0,0.0,0.0,0.0,1.0,0.0,0.0,0.0,0.0,0.0
2026-07-14T00:00:00,16:13:54,L29-VIAPAULISTA,SP330,298.8,NORTE,-21.28860941,-47.74776146,COLISÃO,COLISÃO-TRASEIRA,IMPRUD. CONDUTOR,3,0,0,0,CRAVINHOS,RIBEIRÃO PRETO,RIBEIRÃO PRETO,ESTADUAL,2.0,0.0,0.0,0.0,0.0,0.0,0.0,0.0,0.0,0.0,0.0,0.0,0.0,0.0,0.0,0.0
2026-07-14T00:00:00,17:20:14,L01-AUTOBAN,SP330,37.0,SUL,-23.351265,-46.846862,COLISÃO,COLISÃO-TRASEIRA,NÃO INFORMADO,0,0,0,0,CAJAMAR,REG. METROPOLITANA SÃO PAULO,SÃO PAULO,ESTADUAL,2.0,0.0,0.0,0.0,0.0,0.0,0.0,0.0,0.0,0.0,0.0,0.0,0.0,0.0,0.0,0.0
2026-07-14T00:00:00,17:27:57,L01-AUTOBAN,SP330,157.5,NORTE,-22.465009389285,-47.398844361305,COLISÃO,COLISÃO-LATERAL,NÃO INFORMADO,0,0,0,0,CORDEIRÓPOLIS,CAMPINAS,RIO CLARO,ESTADUAL,1.0,0.0,0.0,0.0,1.0,0.0,0.0,0.0,0.0,0.0,0.0,0.0,0.0,0.0,0.0,0.0
2026-07-14T00:00:00,17:58:56,L01-AUTOBAN,SP330,26.8,NORTE,-23.416919084791,-46.801241749117,COLISÃO,COLISÃO-TRASEIRA,NÃO INFORMADO,0,0,0,0,SÃO PAULO,REG. METROPOLITANA SÃO PAULO,SÃO PAULO,ESTADUAL,0.0,0.0,0.0,2.0,1.0,0.0,0.0,0.0,0.0,0.0,0.0,0.0,0.0,0.0,0.0,0.0
2026-07-14T00:00:00,18:32:57,L29-VIAPAULISTA,SP330,294.27,SUL,-21.32206118,-47.73210759,ATROPELAMENTO DE ANIMAL,ATROP. ANIMAL-OUTROS,ANIMAL NA RODOVIA,0,0,0,0,CRAVINHOS,RIBEIRÃO PRETO,RIBEIRÃO PRETO,ESTADUAL,1.0,0.0,0.0,0.0,0.0,0.0,0.0,0.0,0.0,0.0,0.0,0.0,0.0,0.0,0.0,0.0
2026-07-14T00:00:00,19:30:28,L01-AUTOBAN,SPM330D,18.75,NORTE,-23.475888603879,-46.772203892469,TOMBAMENTO,TOMBAMENTO-MOTO,NÃO INFORMADO,0,0,0,1,OSASCO,REG. METROPOLITANA SÃO PAULO,SÃO PAULO,ESTADUAL,0.0,1.0,1.0,0.0,0.0,0.0,0.0,0.0,0.0,0.0,0.0,0.0,0.0,0.0,0.0,0.0
2026-07-14T00:00:00,21:56:42,L29-VIAPAULISTA,SP330,300.878,NORTE,-21.26490928,-47.75532574,CHOQUE,CHOQUE-OUTROS,IMPRUD. CONDUTOR,0,1,0,0,RIBEIRÃO PRETO,RIBEIRÃO PRETO,RIBEIRÃO PRETO,ESTADUAL,1.0,0.0,1.0,0.0,0.0,0.0,0.0,0.0,0.0,0.0,0.0,0.0,0.0,0.0,0.0,0.0
2026-07-14T00:00:00,23:35:27,L01-AUTOBAN,SP330,15.0,NORTE,-23.49985248603,-46.754524111748,TOMBAMENTO,TOMBAMENTO-MOTO,NÃO INFORMADO,0,0,0,0,SÃO PAULO,REG. METROPOLITANA SÃO PAULO,SÃO PAULO,ESTADUAL,0.0,0.0,1.0,0.0,0.0,0.0,0.0,0.0,0.0,0.0,0.0,0.0,0.0,0.0,0.0,0.0
2026-07-15T00:00:00,08:13:00,L28-ENTREVIAS,SP330,354.7,SUL,-20.82804341675989,-47.89367373144155,COLISÃO,COLISÃO-TRASEIRA,IMPRUD. CONDUTOR-LEVOU FECHADA,0,0,0,0,SALES OLIVEIRA,FRANCA,RIBEIRÃO PRETO,ESTADUAL,1.0,1.0,0.0,0.0,0.0,0.0,0.0,0.0,0.0,0.0,0.0,0.0,0.0,0.0,0.0,0.0
2026-07-15T00:00:00,08:46:51,L01-AUTOBAN,SP330,75.5,NORTE,-23.0642065,-46.991483,COLISÃO,COLISÃO-LATERAL,NÃO INFORMADO,0,0,0,0,VINHEDO,CAMPINAS,CAMPINAS,ESTADUAL,1.0,0.0,0.0,0.0,0.0,0.0,0.0,0.0,0.0,0.0,0.0,0.0,0.0,0.0,0.0,0.0
2026-07-15T00:00:00,09:23:33,L29-VIAPAULISTA,SP330,294.638,NORTE,-21.31702141,-47.73445605,COLISÃO,COLISÃO-TRASEIRA,IMPRUD. CONDUTOR-DIST. INADEQUADA ENTRE VEÍC.,0,0,0,0,CRAVINHOS,RIBEIRÃO PRETO,RIBEIRÃO PRETO,ESTADUAL,2.0,0.0,0.0,0.0,0.0,0.0,0.0,0.0,0.0,0.0,0.0,0.0,0.0,0.0,0.0,0.0
2026-07-15T00:00:00,09:33:13,L29-VIAPAULISTA,SP330,295.86,NORTE,-21.31334575,-47.73617774,ENGAVETAMENTO,ENGAVETAMENTO,IMPRUD. CONDUTOR,2,0,0,0,CRAVINHOS,RIBEIRÃO PRETO,RIBEIRÃO PRETO,ESTADUAL,1.0,0.0,0.0,1.0,2.0,0.0,0.0,0.0,0.0,0.0,0.0,0.0,0.0,0.0,0.0,0.0
2026-07-15T00:00:00,09:57:10,L01-AUTOBAN,SPM330E,96.0,SUL,-22.911795994388,-47.101387381554,COLISÃO,COLISÃO-LATERAL,NÃO INFORMADO,0,1,0,0,CAMPINAS,CAMPINAS,CAMPINAS,ESTADUAL,0.0,1.0,1.0,0.0,0.0,0.0,0.0,0.0,0.0,0.0,0.0,0.0,0.0,0.0,0.0,0.0
2026-07-15T00:00:00,10:15:14,L01-AUTOBAN,SP330,103.0,NORTE,-22.862197108808,-47.13924407959,COLISÃO,COLISÃO-LATERAL,NÃO INFORMADO,1,0,0,0,CAMPINAS,CAMPINAS,CAMPINAS,ESTADUAL,0.0,0.0,0.0,1.0,1.0,0.0,0.0,0.0,0.0,0.0,0.0,0.0,0.0,0.0,0.0,0.0
2026-07-15T00:00:00,11:00:00,L01-AUTOBAN,SP330,131.53,NORTE,-22.674534619435,-47.312095388516,COLISÃO,COLISÃO-TRASEIRA,NÃO INFORMADO,0,0,0,1,LIMEIRA,CAMPINAS,RIO CLARO,ESTADUAL,1.0,0.0,1.0,0.0,1.0,0.0,0.0,0.0,0.0,0.0,0.0,0.0,0.0,0.0,0.0,0.0
2026-07-15T00:00:00,11:24:11,L01-AUTOBAN,SPM330E,96.0,SUL,-22.911795994388,-47.101387381554,ENGAVETAMENTO,ENGAVETAMENTO,NÃO INFORMADO,1,1,0,0,CAMPINAS,CAMPINAS,CAMPINAS,ESTADUAL,4.0,0.0,0.0,0.0,0.0,0.0,0.0,0.0,0.0,0.0,0.0,0.0,0.0,0.0,0.0,0.0
2026-07-15T00:00:00,12:23:45,L29-VIAPAULISTA,SP330,272.81,SUL,-21.48949932,-47.64111039,COLISÃO,COLISÃO-TRASEIRA,IMPRUD. CONDUTOR,0,0,0,0,SÃO SIMÃO,RIBEIRÃO PRETO,RIBEIRÃO PRETO,ESTADUAL,1.0,0.0,0.0,0.0,1.0,0.0,0.0,0.0,0.0,0.0,0.0,0.0,0.0,0.0,0.0,0.0
2026-07-15T00:00:00,13:37:18,L01-AUTOBAN,SP330,147.6,SUL,-22.548468791457,-47.374110118575,CHOQUE,CHOQUE-OBJETO NA PISTA,NÃO INFORMADO,6,0,0,0,LIMEIRA,CAMPINAS,RIO CLARO,ESTADUAL,1.0,0.0,0.0,0.0,1.0,0.0,0.0,0.0,0.0,0.0,0.0,0.0,0.0,0.0,0.0,0.0
2026-07-15T00:00:00,16:29:47,L01-AUTOBAN,SP330,107.0,NORTE,-22.839452464188,-47.170829772949,COLISÃO,COLISÃO-TRASEIRA,NÃO INFORMADO,0,0,0,0,SUMARÉ,CAMPINAS,CAMPINAS,ESTADUAL,1.0,1.0,0.0,0.0,0.0,0.0,0.0,0.0,0.0,0.0,0.0,0.0,0.0,0.0,0.0,0.0
2026-07-15T00:00:00,17:19:00,L29-VIAPAULISTA,SP330,311.608,NORTE,-21.16883296,-47.75629938,COLISÃO,COLISÃO-TRASEIRA,IMPRUD. CONDUTOR,1,0,0,0,RIBEIRÃO PRETO,RIBEIRÃO PRETO,RIBEIRÃO PRETO,ESTADUAL,1.0,0.0,0.0,0.0,1.0,0.0,0.0,0.0,0.0,0.0,0.0,0.0,0.0,0.0,0.0,0.0
2026-07-15T00:00:00,17:42:25,L01-AUTOBAN,SP330,98.0,NORTE,-22.895874533463,-47.110748291016,COLISÃO,COLISÃO-LATERAL,NÃO INFORMADO,1,0,0,0,CAMPINAS,CAMPINAS,CAMPINAS,ESTADUAL,1.0,0.0,1.0,0.0,0.0,0.0,0.0,0.0,0.0,0.0,0.0,0.0,0.0,0.0,0.0,0.0
2026-07-15T00:00:00,18:19:20,L01-AUTOBAN,SP330,96.0,NORTE,-22.911450110385,-47.101403474808,COLISÃO,COLISÃO-TRASEIRA,NÃO INFORMADO,0,0,1,0,CAMPINAS,CAMPINAS,CAMPINAS,ESTADUAL,1.0,0.0,1.0,0.0,0.0,0.0,0.0,0.0,0.0,0.0,0.0,0.0,0.0,0.0,0.0,0.0
2026-07-15T00:00:00,18:59:54,L06-INTERVIAS,SPI165/330,4.2,LESTE,-22.38528529,-47.35880304,TOMBAMENTO,TOMBAMENTO,IMPRUD. CONDUTOR-LEVOU FECHADA,1,0,0,0,ARARAS,CAMPINAS,RIO CLARO,ESTADUAL,0.0,0.0,1.0,0.0,0.0,0.0,0.0,0.0,0.0,0.0,0.0,0.0,0.0,0.0,0.0,0.0
2026-07-15T00:00:00,19:02:58,L29-VIAPAULISTA,SP330,310.381,NORTE,-21.17990864,-47.75687749,COLISÃO,COLISÃO-LATERAL,IMPRUD. CONDUTOR-MUDANÇA DE FAIXA,0,0,0,0,RIBEIRÃO PRETO,RIBEIRÃO PRETO,RIBEIRÃO PRETO,ESTADUAL,1.0,0.0,1.0,0.0,0.0,0.0,0.0,0.0,0.0,0.0,0.0,0.0,0.0,0.0,0.0,0.0
2026-07-15T00:00:00,20:07:31,L01-AUTOBAN,SP330,69.0,SUL,-23.113759567317,-46.957696080208,COLISÃO,COLISÃO-LATERAL,NÃO INFORMADO,0,0,0,0,JUNDIAÍ,CAMPINAS,CAMPINAS,ESTADUAL,1.0,1.0,0.0,0.0,0.0,0.0,0.0,0.0,0.0,0.0,0.0,0.0,0.0,0.0,0.0,0.0
2026-07-15T00:00:00,23:42:42,L01-AUTOBAN,SP330,95.34,SUL,-22.917150734314,-47.096611199104,COLISÃO,COLISÃO-TRASEIRA,NÃO INFORMADO,0,0,0,1,CAMPINAS,CAMPINAS,CAMPINAS,ESTADUAL,0.0,1.0,1.0,0.0,0.0,0.0,0.0,0.0,0.0,0.0,0.0,0.0,0.0,0.0,0.0,0.0
2026-07-16T00:00:00,06:24:35,L01-AUTOBAN,SP330,54.0,SUL,-23.223269868853,-46.877589225769,COLISÃO,COLISÃO-TRASEIRA,NÃO INFORMADO,0,0,0,0,JUNDIAÍ,CAMPINAS,CAMPINAS,ESTADUAL,2.0,0.0,0.0,0.0,0.0,0.0,0.0,0.0,0.0,0.0,0.0,0.0,0.0,0.0,0.0,0.0
2026-07-16T00:00:00,06:51:54,L01-AUTOBAN,SPM330D,114.0,NORTE,-22.800514260128,-47.221802473068,COLISÃO,COLISÃO-LATERAL,NÃO INFORMADO,2,0,0,0,SUMARÉ,CAMPINAS,CAMPINAS,ESTADUAL,1.0,0.0,0.0,0.0,1.0,0.0,0.0,0.0,0.0,0.0,0.0,0.0,0.0,0.0,0.0,0.0
2026-07-16T00:00:00,10:57:50,L01-AUTOBAN,SP330,33.0,SUL,-23.384694,-46.838601,COLISÃO,COLISÃO-TRASEIRA,NÃO INFORMADO,0,0,0,0,CAJAMAR,REG. METROPOLITANA SÃO PAULO,SÃO PAULO,ESTADUAL,1.0,0.0,0.0,0.0,1.0,0.0,0.0,0.0,0.0,0.0,0.0,0.0,0.0,0.0,0.0,0.0
2026-07-16T00:00:00,14:59:26,L01-AUTOBAN,SPM330E,11.5,SUL,-23.510460756591,-46.729056344143,COLISÃO,COLISÃO-LATERAL,NÃO INFORMADO,0,1,0,0,SÃO PAULO,NÃO INFORMADO,NÃO INFORMADO,NÃO INFORMADO,0.0,1.0,1.0,0.0,0.0,0.0,0.0,0.0,0.0,0.0,0.0,0.0,0.0,0.0,0.0,0.0
2026-07-16T00:00:00,17:58:12,L06-INTERVIAS,SP330,186.0,NORTE,-22.21090311,-47.39382662,OBJETO LANÇADO CONTRA O VEÍCULO,OBJETO LANÇADO CONTRA O VEÍCULO,OBJETO LANÇADO,0,0,0,0,LEME,CAMPINAS,RIO CLARO,ESTADUAL,1.0,1.0,0.0,0.0,0.0,0.0,0.0,0.0,0.0,0.0,0.0,0.0,0.0,0.0,0.0,0.0
2026-07-16T00:00:00,18:01:15,L29-VIAPAULISTA,SP330,312.59,SUL,-21.16481065,-47.75613884,TOMBAMENTO,TOMBAMENTO,ESTOURO/FURO DE PNEU,1,0,0,0,RIBEIRÃO PRETO,RIBEIRÃO PRETO,RIBEIRÃO PRETO,ESTADUAL,0.0,0.0,1.0,0.0,0.0,0.0,0.0,0.0,0.0,0.0,0.0,0.0,0.0,0.0,0.0,0.0
2026-07-16T00:00:00,18:15:43,L29-VIAPAULISTA,SP330,310.938,NORTE,-21.17481043,-47.75661001,ENGAVETAMENTO,ENGAVETAMENTO,IMPRUD. CONDUTOR,0,0,0,0,RIBEIRÃO PRETO,RIBEIRÃO PRETO,RIBEIRÃO PRETO,ESTADUAL,2.0,0.0,0.0,0.0,2.0,0.0,0.0,0.0,0.0,0.0,0.0,0.0,0.0,0.0,0.0,0.0
2026-07-16T00:00:00,18:23:36,L01-AUTOBAN,SPM330D,91.0,NORTE,-22.942859,-47.066539,COLISÃO,COLISÃO-TRASEIRA,NÃO INFORMADO,1,0,0,0,CAMPINAS,CAMPINAS,CAMPINAS,ESTADUAL,2.0,0.0,0.0,1.0,0.0,0.0,0.0,0.0,0.0,0.0,0.0,0.0,0.0,0.0,0.0,0.0
2026-07-16T00:00:00,18:27:04,L01-AUTOBAN,SP330,123.0,SUL,-22.738660006767,-47.276460528374,COLISÃO,COLISÃO-LATERAL,NÃO INFORMADO,0,0,0,0,AMERICANA,CAMPINAS,RIO CLARO,ESTADUAL,1.0,0.0,0.0,0.0,1.0,0.0,0.0,0.0,0.0,0.0,0.0,0.0,0.0,0.0,0.0,0.0
2026-07-16T00:00:00,19:49:47,L01-AUTOBAN,SP330,123.0,SUL,-22.738660006767,-47.276460528374,CHOQUE,CHOQUE-VEÍCULO PARADO NO ACOSTAMENTO,NÃO INFORMADO,0,0,0,1,AMERICANA,CAMPINAS,RIO CLARO,ESTADUAL,0.0,0.0,1.0,0.0,1.0,0.0,0.0,0.0,0.0,0.0,0.0,0.0,0.0,0.0,0.0,0.0
2026-07-17T00:00:00,07:36:08,L01-AUTOBAN,SPM330E,96.0,SUL,-22.911795994388,-47.101387381554,COLISÃO,COLISÃO-TRASEIRA,NÃO INFORMADO,1,0,0,0,CAMPINAS,CAMPINAS,CAMPINAS,ESTADUAL,0.0,0.0,1.0,1.0,0.0,0.0,0.0,0.0,0.0,0.0,0.0,0.0,0.0,0.0,0.0,0.0
2026-07-17T00:00:00,10:35:23,L06-INTERVIAS,SP330,239.1,NORTE,-21.76664809,-47.5500063,COLISÃO,COLISÃO-LATERAL,OBRAS,1,0,0,0,SANTA RITA DO PASSA QUATRO,CENTRAL,RIBEIRÃO PRETO,ESTADUAL,0.0,1.0,1.0,0.0,0.0,0.0,0.0,0.0,0.0,0.0,0.0,0.0,0.0,0.0,0.0,0.0
2026-07-17T00:00:00,11:17:33,L01-AUTOBAN,SP330,102.0,SUL,-22.868355,-47.132428,COLISÃO,COLISÃO-TRASEIRA,NÃO INFORMADO,0,0,0,0,CAMPINAS,CAMPINAS,CAMPINAS,ESTADUAL,2.0,0.0,0.0,0.0,0.0,0.0,0.0,0.0,0.0,0.0,0.0,0.0,0.0,0.0,0.0,0.0
2026-07-17T00:00:00,11:55:06,L29-VIAPAULISTA,SP330,307.37,NORTE,-21.20704107,-47.75830092,TOMBAMENTO,TOMBAMENTO,ÓLEO NA PISTA,1,0,0,0,RIBEIRÃO PRETO,RIBEIRÃO PRETO,RIBEIRÃO PRETO,ESTADUAL,0.0,0.0,1.0,0.0,0.0,0.0,0.0,0.0,0.0,0.0,0.0,0.0,0.0,0.0,0.0,0.0
2026-07-17T00:00:00,12:00:51,L28-ENTREVIAS,SP330,358.5,NORTE,-20.39518577127289,-47.81890821964247,OBJETO LANÇADO CONTRA O VEÍCULO,OBJETO LANÇADO CONTRA O VEÍCULO,OBRAS,0,0,0,0,ORLÂNDIA,FRANCA,RIBEIRÃO PRETO,ESTADUAL,1.0,0.0,0.0,0.0,0.0,0.0,0.0,0.0,0.0,0.0,0.0,0.0,0.0,0.0,0.0,0.0
2026-07-17T00:00:00,13:06:37,L01-AUTOBAN,SP330,83.0,NORTE,-23.005453558525,-47.027873396874,COLISÃO,COLISÃO-TRASEIRA,NÃO INFORMADO,1,0,0,0,VALINHOS,CAMPINAS,CAMPINAS,ESTADUAL,0.0,0.0,1.0,0.0,1.0,0.0,0.0,0.0,0.0,0.0,0.0,0.0,0.0,0.0,0.0,0.0
2026-07-17T00:00:00,13:36:00,L28-ENTREVIAS,SP330,358.5,SUL,-21.0074001726547,-47.84686939090523,OBJETO LANÇADO CONTRA O VEÍCULO,OBJETO LANÇADO CONTRA O VEÍCULO,OBRAS,0,0,0,0,ORLÂNDIA,FRANCA,RIBEIRÃO PRETO,ESTADUAL,0.0,0.0,0.0,0.0,1.0,0.0,0.0,0.0,0.0,0.0,0.0,0.0,0.0,0.0,0.0,0.0
2026-07-17T00:00:00,14:00:00,L06-INTERVIAS,SP330,208.0,SUL,-22.0178086,-47.43924087,ENGAVETAMENTO,ENGAVETAMENTO,IMPRUD. CONDUTOR,0,0,0,0,PIRASSUNUNGA,CAMPINAS,RIO CLARO,ESTADUAL,2.0,0.0,0.0,2.0,0.0,0.0,0.0,0.0,0.0,0.0,0.0,0.0,0.0,0.0,0.0,0.0
2026-07-17T00:00:00,15:45:38,L06-INTERVIAS,SP330,185.86,NORTE,-22.21214618,-47.39358737,CHOQUE,CHOQUE-VEÍCULO PARADO NO ACOSTAMENTO,IMPRUD. CONDUTOR-PERDA DE CONTROLE,0,0,1,0,LEME,CAMPINAS,RIO CLARO,ESTADUAL,1.0,0.0,0.0,0.0,1.0,0.0,0.0,0.0,0.0,0.0,0.0,0.0,0.0,0.0,0.0,0.0
2026-07-17T00:00:00,16:40:53,L01-AUTOBAN,SP330,142.0,SUL,-22.596398,-47.36565,COLISÃO,COLISÃO-TRASEIRA,NÃO INFORMADO,0,0,2,0,LIMEIRA,CAMPINAS,RIO CLARO,ESTADUAL,2.0,0.0,0.0,0.0,0.0,0.0,0.0,0.0,0.0,0.0,0.0,0.0,0.0,0.0,0.0,0.0
2026-07-17T00:00:00,17:15:09,L01-AUTOBAN,SP330,56.0,SUL,-23.21105334627,-46.891804933548,COLISÃO,COLISÃO-TRASEIRA,NÃO INFORMADO,0,3,0,0,JUNDIAÍ,CAMPINAS,CAMPINAS,ESTADUAL,2.0,0.0,1.0,0.0,1.0,0.0,0.0,0.0,0.0,0.0,0.0,0.0,0.0,0.0,0.0,0.0
2026-07-17T00:00:00,18:45:53,L01-AUTOBAN,SP330,108.0,NORTE,-22.832585315555,-47.17717051506,COLISÃO,COLISÃO-TRASEIRA,NÃO INFORMADO,0,0,0,0,SUMARÉ,CAMPINAS,CAMPINAS,ESTADUAL,2.0,0.0,0.0,0.0,0.0,0.0,0.0,0.0,0.0,0.0,0.0,0.0,0.0,0.0,0.0,0.0
2026-07-17T00:00:00,20:35:26,L28-ENTREVIAS,SP330,409.0,SUL,-20.35188325090051,-47.81418271387662,CHOQUE,CHOQUE-TALUDE/BARRANCO,MAL SÚBITO DO CONDUTOR,1,0,0,0,ITUVERAVA,FRANCA,RIBEIRÃO PRETO,ESTADUAL,1.0,0.0,0.0,0.0,0.0,0.0,0.0,0.0,0.0,0.0,0.0,0.0,0.0,0.0,0.0,0.0
2026-07-17T00:00:00,20:52:34,L06-INTERVIAS,SP330,163.5,NORTE,-22.411786,-47.389714,COLISÃO,COLISÃO-LATERAL,IMPRUD. CONDUTOR,0,0,0,0,ARARAS,CAMPINAS,RIO CLARO,ESTADUAL,0.0,0.0,0.0,0.0,3.0,0.0,0.0,0.0,0.0,0.0,0.0,0.0,0.0,0.0,0.0,0.0
2026-07-17T00:00:00,22:08:13,L01-AUTOBAN,SP330,11.8,NORTE,-23.509594685226,-46.729987212609,COLISÃO,COLISÃO-LATERAL,NÃO INFORMADO,1,0,0,0,SÃO PAULO,REG. METROPOLITANA SÃO PAULO,SÃO PAULO,ESTADUAL,0.0,0.0,1.0,0.0,1.0,0.0,0.0,0.0,0.0,0.0,0.0,0.0,0.0,0.0,0.0,0.0
2026-07-18T00:00:00,00:46:02,L01-AUTOBAN,SP330,34.0,SUL,-23.375975518538,-46.840199232101,CHOQUE,CHOQUE-DEFENSA/BARREIRA,NÃO INFORMADO,0,0,0,0,CAJAMAR,REG. METROPOLITANA SÃO PAULO,SÃO PAULO,ESTADUAL,1.0,0.0,0.0,0.0,1.0,0.0,0.0,0.0,0.0,0.0,0.0,0.0,0.0,0.0,0.0,0.0
2026-07-18T00:00:00,02:05:57,L01-AUTOBAN,SP330,41.0,SUL,-23.323518428373,-46.84717297554,CHOQUE,CHOQUE-DEFENSA/BARREIRA,NÃO INFORMADO,0,0,0,0,CAJAMAR,REG. METROPOLITANA SÃO PAULO,SÃO PAULO,ESTADUAL,1.0,0.0,0.0,0.0,0.0,0.0,0.0,0.0,0.0,0.0,0.0,0.0,0.0,0.0,0.0,0.0
2026-07-18T00:00:00,03:35:40,L01-AUTOBAN,SP330,148.0,NORTE,-22.545053,-47.37612,TOMBAMENTO,TOMBAMENTO,NÃO INFORMADO,0,1,0,0,LIMEIRA,CAMPINAS,RIO CLARO,ESTADUAL,0.0,0.0,0.0,0.0,1.0,0.0,0.0,0.0,0.0,0.0,0.0,0.0,0.0,0.0,0.0,0.0
2026-07-18T00:00:00,06:23:13,L01-AUTOBAN,SP330,111.8,NORTE,-22.814511517828,-47.207523487241,COLISÃO,COLISÃO-TRASEIRA,NÃO INFORMADO,1,0,0,0,SUMARÉ,CAMPINAS,CAMPINAS,ESTADUAL,0.0,0.0,0.0,1.0,1.0,0.0,0.0,0.0,0.0,0.0,0.0,0.0,0.0,0.0,0.0,0.0
2026-07-18T00:00:00,07:30:57,L01-AUTOBAN,SP330,82.0,SUL,-23.013551263743,-47.02328145504,TOMBAMENTO,TOMBAMENTO,NÃO INFORMADO,0,0,0,0,VALINHOS,CAMPINAS,CAMPINAS,ESTADUAL,0.0,0.0,0.0,0.0,1.0,0.0,0.0,0.0,0.0,0.0,0.0,0.0,0.0,0.0,0.0,0.0
2026-07-18T00:00:00,11:59:37,L06-INTERVIAS,SP330,199.437,SUL,-22.09266504,-47.41806859,COLISÃO,COLISÃO-TRASEIRA,TRÁFEGO-CONGESTIONAMENTO,1,0,0,0,SANTA CRUZ DA CONCEIÇÃO,CAMPINAS,RIO CLARO,ESTADUAL,2.0,0.0,0.0,0.0,0.0,0.0,0.0,0.0,0.0,0.0,0.0,0.0,0.0,0.0,0.0,0.0
2026-07-18T00:00:00,13:56:21,L01-AUTOBAN,SP330,50.0,SUL,-23.256857077892,-46.867477297783,COLISÃO,COLISÃO-TRANSVERSAL,NÃO INFORMADO,0,0,1,0,JUNDIAÍ,CAMPINAS,CAMPINAS,ESTADUAL,1.0,0.0,1.0,0.0,0.0,0.0,0.0,0.0,0.0,0.0,0.0,0.0,0.0,0.0,0.0,0.0
2026-07-18T00:00:00,19:18:21,L01-AUTOBAN,SP330,61.3,NORTE,-23.173291385221,-46.920791023677,CHOQUE,CHOQUE-POSTE,NÃO INFORMADO,1,0,0,0,JUNDIAÍ,CAMPINAS,CAMPINAS,ESTADUAL,1.0,0.0,0.0,0.0,0.0,0.0,0.0,0.0,0.0,0.0,0.0,0.0,0.0,0.0,0.0,0.0
2026-07-18T00:00:00,22:36:45,L06-INTERVIAS,SP330,183.5,SUL,-22.23325064,-47.39139084,ATROPELAMENTO DE ANIMAL,ATROP. ANIMAL-OUTROS,ANIMAL NA RODOVIA,0,0,0,0,LEME,CAMPINAS,RIO CLARO,ESTADUAL,1.0,0.0,0.0,0.0,0.0,0.0,0.0,0.0,0.0,0.0,0.0,0.0,0.0,0.0,0.0,0.0
2026-07-18T00:00:00,23:20:00,L28-ENTREVIAS,SPA327/330,2.5,LESTE,-21.0441354884772,-47.81212116612976,COLISÃO,COLISÃO-TRASEIRA,IMPRUD. CONDUTOR-EMBRIAGUEZ,0,0,0,0,JARDINÓPOLIS,RIBEIRÃO PRETO,RIBEIRÃO PRETO,ESTADUAL,2.0,0.0,0.0,0.0,0.0,0.0,0.0,0.0,0.0,0.0,0.0,0.0,0.0,0.0,0.0,0.0
2026-07-19T00:00:00,00:32:00,L29-VIAPAULISTA,SP330,313.785,SUL,-21.15025471,-47.75798423,TOMBAMENTO,TOMBAMENTO,IMPRUD. CONDUTOR-PERDA DE CONTROLE,0,1,0,0,RIBEIRÃO PRETO,RIBEIRÃO PRETO,RIBEIRÃO PRETO,ESTADUAL,0.0,0.0,1.0,0.0,0.0,0.0,0.0,0.0,0.0,0.0,0.0,0.0,0.0,0.0,0.0,0.0
2026-07-19T00:00:00,01:35:54,L01-AUTOBAN,SP330,26.5,SUL,-23.418540071384,-46.79876178503,COLISÃO,COLISÃO-TRASEIRA,NÃO INFORMADO,0,0,0,0,SÃO PAULO,REG. METROPOLITANA SÃO PAULO,SÃO PAULO,ESTADUAL,0.0,0.0,0.0,1.0,1.0,0.0,0.0,0.0,0.0,0.0,0.0,0.0,0.0,0.0,0.0,0.0
2026-07-19T00:00:00,10:04:41,L29-VIAPAULISTA,SP330,308.913,SUL,-21.19341001,-47.75771978,ENGAVETAMENTO,ENGAVETAMENTO,IMPRUD. CONDUTOR,0,0,0,0,RIBEIRÃO PRETO,RIBEIRÃO PRETO,RIBEIRÃO PRETO,ESTADUAL,3.0,0.0,0.0,0.0,0.0,0.0,0.0,0.0,0.0,0.0,0.0,0.0,0.0,0.0,0.0,0.0
2026-07-19T00:00:00,12:18:32,L01-AUTOBAN,SP330,21.9,SUL,-23.453830886786,-46.78612643282,COLISÃO,COLISÃO-TRASEIRA,NÃO INFORMADO,1,0,0,0,SÃO PAULO,REG. METROPOLITANA SÃO PAULO,SÃO PAULO,ESTADUAL,1.0,0.0,1.0,0.0,0.0,0.0,0.0,0.0,0.0,0.0,0.0,0.0,0.0,0.0,0.0,0.0
2026-07-19T00:00:00,13:06:09,L01-AUTOBAN,SP330,104.0,NORTE,-22.856805,-47.148633,TOMBAMENTO,TOMBAMENTO-MOTO,NÃO INFORMADO,0,0,1,0,CAMPINAS,CAMPINAS,CAMPINAS,ESTADUAL,0.0,0.0,1.0,0.0,0.0,0.0,0.0,0.0,0.0,0.0,0.0,0.0,0.0,0.0,0.0,0.0
2026-07-19T00:00:00,15:03:27,L28-ENTREVIAS,SP330,374.0,SUL,-20.62996703455516,-47.8822811696939,COLISÃO,COLISÃO-TRASEIRA,TRÁFEGO-LENTIDÃO,0,0,0,0,SÃO JOAQUIM DA BARRA,FRANCA,RIBEIRÃO PRETO,ESTADUAL,1.0,0.0,0.0,0.0,0.0,0.0,0.0,0.0,0.0,0.0,1.0,0.0,0.0,0.0,0.0,0.0
2026-07-19T00:00:00,15:33:33,L29-VIAPAULISTA,SPA318/330,0.2,NORTE,-21.12690093,-47.78626204,CHOQUE,CHOQUE-DEFENSA/BARREIRA,IMPRUD. CONDUTOR-PERDA DE CONTROLE,0,1,0,0,RIBEIRÃO PRETO,RIBEIRÃO PRETO,RIBEIRÃO PRETO,ESTADUAL,0.0,0.0,1.0,0.0,0.0,0.0,0.0,0.0,0.0,0.0,0.0,0.0,0.0,0.0,0.0,0.0
2026-07-19T00:00:00,15:55:50,L29-VIAPAULISTA,SP330,311.25,NORTE,-21.1720774,-47.75646662,TOMBAMENTO,TOMBAMENTO,ESTOURO/FURO DE PNEU,0,1,0,0,RIBEIRÃO PRETO,RIBEIRÃO PRETO,RIBEIRÃO PRETO,ESTADUAL,0.0,0.0,1.0,0.0,0.0,0.0,0.0,0.0,0.0,0.0,0.0,0.0,0.0,0.0,0.0,0.0
2026-07-19T00:00:00,16:05:25,L01-AUTOBAN,SP330,20.3,NORTE,-23.466474823782,-46.779632804846,CHOQUE,CHOQUE-DEFENSA/BARREIRA,NÃO INFORMADO,0,0,0,0,OSASCO,REG. METROPOLITANA SÃO PAULO,SÃO PAULO,ESTADUAL,1.0,0.0,0.0,0.0,0.0,0.0,0.0,0.0,0.0,0.0,0.0,0.0,0.0,0.0,0.0,0.0
2026-07-19T00:00:00,17:25:20,L06-INTERVIAS,SP330,190.0,NORTE,-22.17516119,-47.39874511,CAPOTAMENTO,CAPOTAMENTO,IMPRUD. CONDUTOR-PERDA DE CONTROLE,0,0,0,0,LEME,CAMPINAS,RIO CLARO,ESTADUAL,1.0,0.0,0.0,0.0,0.0,0.0,0.0,0.0,0.0,0.0,0.0,0.0,0.0,0.0,0.0,0.0
2026-07-19T00:00:00,21:21:59,L29-VIAPAULISTA,SP330,244.455,NORTE,-21.73151298,-47.58452203,CHOQUE,CHOQUE-DEFENSA/BARREIRA,IMPRUD. CONDUTOR,0,0,0,0,SANTA RITA DO PASSA QUATRO,CENTRAL,RIBEIRÃO PRETO,ESTADUAL,1.0,0.0,0.0,0.0,0.0,0.0,0.0,0.0,0.0,0.0,0.0,0.0,0.0,0.0,0.0,0.0
2026-07-19T00:00:00,23:11:00,L28-ENTREVIAS,SP330,421.5,SUL,-20.24553370831519,-47.79806605506136,ATROPELAMENTO DE ANIMAL,ATROP. ANIMAL-SILVESTRE GRANDE,ANIMAL NA RODOVIA,0,0,0,0,BURITIZAL,FRANCA,RIBEIRÃO PRETO,ESTADUAL,1.0,0.0,0.0,0.0,0.0,0.0,0.0,0.0,0.0,0.0,0.0,0.0,0.0,0.0,0.0,0.0
2026-07-20T00:00:00,02:58:54,L01-AUTOBAN,SP330,18.7,NORTE,-23.476323798849,-46.772119940608,CHOQUE,CHOQUE-DEFENSA/BARREIRA,NÃO INFORMADO,0,0,0,0,OSASCO,REG. METROPOLITANA SÃO PAULO,SÃO PAULO,ESTADUAL,1.0,0.0,0.0,0.0,0.0,0.0,0.0,0.0,0.0,0.0,0.0,0.0,0.0,0.0,0.0,0.0
2026-07-20T00:00:00,04:00:33,L01-AUTOBAN,SPM330E,16.42,SUL,-23.492473111951,-46.762295544776,CHOQUE,CHOQUE-OBJETO NA PISTA,NÃO INFORMADO,1,0,0,0,OSASCO,REG. METROPOLITANA SÃO PAULO,SÃO PAULO,ESTADUAL,0.0,1.0,1.0,0.0,0.0,0.0,0.0,0.0,0.0,0.0,0.0,0.0,0.0,0.0,0.0,0.0
2026-07-20T00:00:00,06:32:27,L06-INTERVIAS,SP330,232.0,NORTE,-21.80992589,-47.49983905,COLISÃO,COLISÃO-TRASEIRA,NÃO INFORMADO,0,0,1,0,PORTO FERREIRA,CENTRAL,RIO CLARO,ESTADUAL,0.0,0.0,1.0,1.0,0.0,0.0,0.0,0.0,0.0,0.0,0.0,0.0,0.0,0.0,0.0,0.0
2026-07-20T00:00:00,06:32:39,L01-AUTOBAN,SP330,11.5,SUL,-23.510460756591,-46.729056344143,ENGAVETAMENTO,ENGAVETAMENTO,NÃO INFORMADO,1,0,0,0,SÃO PAULO,REG. METROPOLITANA SÃO PAULO,SÃO PAULO,ESTADUAL,2.0,0.0,1.0,0.0,0.0,0.0,0.0,0.0,0.0,0.0,0.0,0.0,0.0,0.0,0.0,0.0
2026-07-20T00:00:00,06:35:41,L01-AUTOBAN,SP330,106.75,SUL,-22.841595563271,-47.169209718704,COLISÃO,COLISÃO-TRASEIRA,NÃO INFORMADO,0,0,0,0,SUMARÉ,CAMPINAS,CAMPINAS,ESTADUAL,2.0,0.0,0.0,0.0,0.0,0.0,0.0,0.0,0.0,0.0,0.0,0.0,0.0,0.0,0.0,0.0
2026-07-20T00:00:00,07:29:33,L29-VIAPAULISTA,SP330,312.874,SUL,-21.15824956,-47.75653444,TOMBAMENTO,TOMBAMENTO,ESTOURO/FURO DE PNEU,0,0,0,1,RIBEIRÃO PRETO,RIBEIRÃO PRETO,RIBEIRÃO PRETO,ESTADUAL,0.0,0.0,1.0,0.0,0.0,0.0,0.0,0.0,0.0,0.0,0.0,0.0,0.0,0.0,0.0,0.0
2026-07-20T00:00:00,07:50:32,L01-AUTOBAN,SP330,47.0,NORTE,-23.281980338519,-46.872809529305,COLISÃO,COLISÃO-TRASEIRA,NÃO INFORMADO,0,0,0,0,JUNDIAÍ,CAMPINAS,CAMPINAS,ESTADUAL,2.0,0.0,0.0,0.0,0.0,0.0,0.0,0.0,0.0,0.0,0.0,0.0,0.0,0.0,0.0,0.0
2026-07-20T00:00:00,08:46:21,L29-VIAPAULISTA,SP330,311.516,NORTE,-21.16967921,-47.75634098,ENGAVETAMENTO,ENGAVETAMENTO,IMPRUD. CONDUTOR-DIST. INADEQUADA ENTRE VEÍC.,0,0,0,0,RIBEIRÃO PRETO,RIBEIRÃO PRETO,RIBEIRÃO PRETO,ESTADUAL,1.0,1.0,0.0,1.0,0.0,0.0,0.0,0.0,0.0,0.0,0.0,0.0,0.0,0.0,0.0,0.0
2026-07-20T00:00:00,10:10:46,L01-AUTOBAN,SP330,54.0,SUL,-23.223269868853,-46.877589225769,CHOQUE,CHOQUE-DEFENSA/BARREIRA,NÃO INFORMADO,0,0,0,0,JUNDIAÍ,CAMPINAS,CAMPINAS,ESTADUAL,0.0,0.0,0.0,1.0,0.0,0.0,0.0,0.0,0.0,0.0,0.0,0.0,0.0,0.0,0.0,0.0
2026-07-20T00:00:00,10:19:23,L01-AUTOBAN,SP330,128.0,SUL,-22.704166761068,-47.303599119186,ENGAVETAMENTO,ENGAVETAMENTO,NÃO INFORMADO,0,0,0,0,AMERICANA,CAMPINAS,RIO CLARO,ESTADUAL,0.0,0.0,0.0,3.0,0.0,0.0,0.0,0.0,0.0,0.0,0.0,0.0,0.0,0.0,0.0,0.0
2026-07-20T00:00:00,14:01:18,L29-VIAPAULISTA,SP330,307.986,NORTE,-21.20140467,-47.75800524,COLISÃO,COLISÃO-LATERAL,IMPRUD. CONDUTOR,1,0,0,0,RIBEIRÃO PRETO,RIBEIRÃO PRETO,RIBEIRÃO PRETO,ESTADUAL,1.0,0.0,1.0,0.0,0.0,0.0,0.0,0.0,0.0,0.0,0.0,0.0,0.0,0.0,0.0,0.0
2026-07-20T00:00:00,14:23:42,L01-AUTOBAN,SP330,54.0,NORTE,-23.223028310027,-46.877535581589,COLISÃO,COLISÃO-LATERAL,NÃO INFORMADO,0,0,0,0,JUNDIAÍ,CAMPINAS,CAMPINAS,ESTADUAL,1.0,0.0,0.0,0.0,1.0,0.0,0.0,0.0,0.0,0.0,0.0,0.0,0.0,0.0,0.0,0.0
2026-07-20T00:00:00,14:47:59,L01-AUTOBAN,SP330,92.0,SUL,-22.935126302733,-47.071105241776,COLISÃO,COLISÃO-TRASEIRA,NÃO INFORMADO,0,0,0,0,CAMPINAS,CAMPINAS,CAMPINAS,ESTADUAL,1.0,0.0,0.0,1.0,0.0,0.0,0.0,0.0,0.0,0.0,0.0,0.0,0.0,0.0,0.0,0.0
2026-07-20T00:00:00,15:50:49,L29-VIAPAULISTA,SP330,301.38,SUL,-21.26076381,-47.75452236,COLISÃO,COLISÃO-TRASEIRA,IMPRUD. CONDUTOR-FREADA BRUSCA,0,0,0,0,RIBEIRÃO PRETO,RIBEIRÃO PRETO,RIBEIRÃO PRETO,ESTADUAL,1.0,0.0,0.0,1.0,0.0,0.0,0.0,0.0,0.0,0.0,0.0,0.0,0.0,0.0,0.0,0.0
2026-07-20T00:00:00,17:03:07,L01-AUTOBAN,SP330,121.8,NORTE,-22.744895790863,-47.266888598088,TOMBAMENTO,TOMBAMENTO-MOTO,NÃO INFORMADO,2,0,0,0,AMERICANA,CAMPINAS,RIO CLARO,ESTADUAL,0.0,0.0,1.0,0.0,0.0,0.0,0.0,0.0,0.0,0.0,0.0,0.0,0.0,0.0,0.0,0.0
2026-07-20T00:00:00,17:19:36,L01-AUTOBAN,SPM330E,98.3,SUL,-22.893763313026,-47.111713357563,ENGAVETAMENTO,ENGAVETAMENTO,NÃO INFORMADO,1,0,0,0,CAMPINAS,CAMPINAS,CAMPINAS,ESTADUAL,2.0,0.0,0.0,2.0,0.0,0.0,0.0,0.0,0.0,0.0,0.0,0.0,0.0,0.0,0.0,0.0
2026-07-20T00:00:00,17:47:57,L01-AUTOBAN,SP330,61.5,NORTE,-23.171955886611,-46.92243039608,COLISÃO,COLISÃO-TRASEIRA,NÃO INFORMADO,0,0,0,0,JUNDIAÍ,CAMPINAS,CAMPINAS,ESTADUAL,1.0,0.0,0.0,1.0,1.0,0.0,0.0,0.0,0.0,0.0,0.0,0.0,0.0,0.0,0.0,0.0
2026-07-20T00:00:00,19:29:31,L01-AUTOBAN,SP330,81.0,NORTE,-23.021130077926,-47.017879486084,COLISÃO,COLISÃO-TRASEIRA,NÃO INFORMADO,0,0,0,0,VALINHOS,CAMPINAS,CAMPINAS,ESTADUAL,1.0,1.0,0.0,0.0,0.0,0.0,0.0,0.0,0.0,0.0,0.0,0.0,0.0,0.0,0.0,0.0
2026-07-20T00:00:00,22:44:03,L29-VIAPAULISTA,SP330,279.737,SUL,-21.42377991,-47.65728276,COLISÃO,COLISÃO-TRASEIRA,IMPRUD. CONDUTOR-MUDANÇA DE FAIXA,0,0,0,0,SÃO SIMÃO,RIBEIRÃO PRETO,RIBEIRÃO PRETO,ESTADUAL,0.0,1.0,0.0,1.0,0.0,0.0,0.0,0.0,0.0,0.0,0.0,0.0,0.0,0.0,0.0,0.0
2026-07-20T00:00:00,23:52:09,L01-AUTOBAN,SPM330D,14.0,NORTE,-23.507052,-46.749681,CHOQUE,CHOQUE-TALUDE/BARRANCO,NÃO INFORMADO,1,0,0,0,SÃO PAULO,REG. METROPOLITANA SÃO PAULO,SÃO PAULO,ESTADUAL,1.0,0.0,0.0,0.0,0.0,0.0,0.0,0.0,0.0,0.0,0.0,0.0,0.0,0.0,0.0,0.0
2026-07-21T00:00:00,02:44:02,L29-VIAPAULISTA,SP330,241.32,SUL,-21.75542714,-47.56448938,CHOQUE,CHOQUE-SINALIZAÇÃO/EQUIPAMENTO,IMPRUD. CONDUTOR-DORMIR AO VOLANTE,0,0,0,0,SANTA RITA DO PASSA QUATRO,CENTRAL,RIBEIRÃO PRETO,ESTADUAL,0.0,0.0,0.0,0.0,1.0,0.0,0.0,0.0,0.0,0.0,0.0,0.0,0.0,0.0,0.0,0.0
2026-07-21T00:00:00,05:54:42,L28-ENTREVIAS,SP330,325.5,SUL,-21.07044899820049,-47.81152257960657,CHOQUE,CHOQUE-DEFENSA/BARREIRA,OBJETO LANÇADO-TERCEIROS,0,0,0,0,JARDINÓPOLIS,RIBEIRÃO PRETO,RIBEIRÃO PRETO,ESTADUAL,0.0,0.0,0.0,1.0,0.0,0.0,0.0,0.0,0.0,0.0,0.0,0.0,0.0,0.0,0.0,0.0
2026-07-21T00:00:00,08:15:56,L01-AUTOBAN,SP330,106.9,SUL,-22.840558861762,-47.170194635874,ENGAVETAMENTO,ENGAVETAMENTO,NÃO INFORMADO,0,0,0,0,SUMARÉ,CAMPINAS,CAMPINAS,ESTADUAL,3.0,0.0,0.0,0.0,0.0,0.0,0.0,0.0,0.0,0.0,0.0,0.0,0.0,0.0,0.0,0.0
2026-07-21T00:00:00,08:19:09,L06-INTERVIAS,SP330,169.7,SUL,-22.35658357,-47.39502425,COLISÃO,COLISÃO-LATERAL,IMPRUD. CONDUTOR-LEVOU FECHADA,2,0,0,0,ARARAS,CAMPINAS,RIO CLARO,ESTADUAL,1.0,0.0,0.0,0.0,1.0,0.0,0.0,0.0,0.0,0.0,0.0,0.0,0.0,0.0,0.0,0.0
2026-07-21T00:00:00,09:34:36,L01-AUTOBAN,SP330,92.0,SUL,-22.935126302733,-47.071105241776,COLISÃO,COLISÃO-TRASEIRA,NÃO INFORMADO,0,0,0,0,CAMPINAS,CAMPINAS,CAMPINAS,ESTADUAL,1.0,0.0,1.0,0.0,0.0,0.0,0.0,0.0,0.0,0.0,0.0,0.0,0.0,0.0,0.0,0.0
2026-07-21T00:00:00,16:25:10,L01-AUTOBAN,SPM330E,111.0,SUL,-22.818118179636,-47.201744914055,COLISÃO,COLISÃO-TRASEIRA,NÃO INFORMADO,1,0,0,0,SUMARÉ,CAMPINAS,CAMPINAS,ESTADUAL,1.0,0.0,1.0,0.0,0.0,0.0,0.0,0.0,0.0,0.0,0.0,0.0,0.0,0.0,0.0,0.0
2026-07-21T00:00:00,17:24:27,L01-AUTOBAN,SP330,37.0,NORTE,-23.351298495629,-46.846604347229,COLISÃO,COLISÃO-TRASEIRA,NÃO INFORMADO,2,0,0,0,CAJAMAR,REG. METROPOLITANA SÃO PAULO,SÃO PAULO,ESTADUAL,1.0,0.0,1.0,0.0,0.0,0.0,0.0,0.0,0.0,0.0,0.0,0.0,0.0,0.0,0.0,0.0
2026-07-21T00:00:00,17:33:01,L29-VIAPAULISTA,SP330,308.762,NORTE,-21.19445267,-47.75764053,COLISÃO,COLISÃO-LATERAL,IMPRUD. CONDUTOR-MUDANÇA DE FAIXA,0,1,0,0,RIBEIRÃO PRETO,RIBEIRÃO PRETO,RIBEIRÃO PRETO,ESTADUAL,1.0,0.0,1.0,0.0,0.0,0.0,0.0,0.0,0.0,0.0,0.0,0.0,0.0,0.0,0.0,0.0
2026-07-21T00:00:00,18:10:26,L28-ENTREVIAS,SP330,397.8,SUL,-20.44390531220915,-47.83535372127665,COLISÃO,COLISÃO-LATERAL,IMPRUD. CONDUTOR-FALTA DE ATENÇÃO,0,0,0,0,GUARÁ,FRANCA,RIBEIRÃO PRETO,ESTADUAL,0.0,1.0,0.0,1.0,0.0,0.0,0.0,0.0,0.0,0.0,0.0,0.0,0.0,0.0,0.0,0.0
2026-07-21T00:00:00,18:12:36,L29-VIAPAULISTA,SP330,306.885,NORTE,-21.21134554,-47.75851751,COLISÃO,COLISÃO-TRASEIRA,IMPRUD. CONDUTOR,0,1,0,0,RIBEIRÃO PRETO,RIBEIRÃO PRETO,RIBEIRÃO PRETO,ESTADUAL,0.0,1.0,1.0,0.0,0.0,0.0,0.0,0.0,0.0,0.0,0.0,0.0,0.0,0.0,0.0,0.0
2026-07-21T00:00:00,19:08:42,L01-AUTOBAN,SPM330D,50.0,NORTE,-23.256852149365,-46.867278814316,ATROPELAMENTO DE ANIMAL,ATROP. ANIMAL-OUTROS,NÃO INFORMADO,0,0,0,0,JUNDIAÍ,CAMPINAS,CAMPINAS,ESTADUAL,1.0,0.0,0.0,0.0,0.0,0.0,0.0,0.0,0.0,0.0,0.0,0.0,0.0,0.0,0.0,0.0
2026-07-21T00:00:00,19:19:37,L28-ENTREVIAS,SP330,324.36,SUL,-21.0770163947079,-47.80615816157679,CHOQUE,CHOQUE-OBJETO NA PISTA,OBJETO NA PISTA,0,0,0,0,RIBEIRÃO PRETO,RIBEIRÃO PRETO,RIBEIRÃO PRETO,ESTADUAL,1.0,0.0,0.0,0.0,0.0,0.0,0.0,0.0,0.0,0.0,0.0,0.0,0.0,0.0,0.0,0.0
2026-07-21T00:00:00,22:20:00,L28-ENTREVIAS,SP330,359.76,NORTE,-20.78836789671443,-47.89050213306056,CHOQUE,CHOQUE-ELEMENTO DE DRENAGEM,IMPRUD. CONDUTOR-PERDA DE CONTROLE,0,0,0,0,ORLÂNDIA,FRANCA,RIBEIRÃO PRETO,ESTADUAL,0.0,0.0,0.0,0.0,1.0,0.0,0.0,0.0,0.0,0.0,0.0,0.0,0.0,0.0,0.0,0.0
2026-07-22T00:00:00,03:25:05,L29-VIAPAULISTA,SP330,265.238,NORTE,-21.55080261,-47.63805871,COLISÃO,COLISÃO-TRASEIRA,IMPRUD. CONDUTOR-DIST. INADEQUADA ENTRE VEÍC.,0,1,0,0,SÃO SIMÃO,RIBEIRÃO PRETO,RIBEIRÃO PRETO,ESTADUAL,0.0,1.0,0.0,0.0,1.0,0.0,0.0,0.0,0.0,0.0,0.0,0.0,0.0,0.0,0.0,0.0
2026-07-22T00:00:00,08:19:57,L01-AUTOBAN,SP330,24.4,NORTE,-23.43117468791,-46.786788898062,CHOQUE,CHOQUE-OBJETO NA PISTA,NÃO INFORMADO,0,1,0,0,SÃO PAULO,REG. METROPOLITANA SÃO PAULO,SÃO PAULO,ESTADUAL,0.0,0.0,1.0,1.0,0.0,0.0,0.0,0.0,0.0,0.0,0.0,0.0,0.0,0.0,0.0,0.0
2026-07-22T00:00:00,08:42:55,L01-AUTOBAN,SPM330E,93.0,SUL,-22.929865,-47.079096,COLISÃO,COLISÃO-LATERAL,NÃO INFORMADO,0,1,0,0,CAMPINAS,CAMPINAS,CAMPINAS,ESTADUAL,0.0,0.0,1.0,0.0,1.0,0.0,0.0,0.0,0.0,0.0,0.0,0.0,0.0,0.0,0.0,0.0
2026-07-22T00:00:00,09:44:14,L06-INTERVIAS,SP330,173.0,SUL,-22.3276492,-47.38964336,CHOQUE,CHOQUE-SINALIZAÇÃO/EQUIPAMENTO,IMPRUD. CONDUTOR-LEVOU FECHADA,0,0,0,0,ARARAS,CAMPINAS,RIO CLARO,ESTADUAL,1.0,0.0,0.0,0.0,0.0,0.0,0.0,0.0,0.0,0.0,0.0,0.0,0.0,0.0,0.0,0.0
2026-07-22T00:00:00,10:07:46,L06-INTERVIAS,SP330,191.5,SUL,-22.16155114,-47.39987897,COLISÃO,COLISÃO-TRASEIRA,TRÁFEGO-CONGESTIONAMENTO,0,0,0,0,LEME,CAMPINAS,RIO CLARO,ESTADUAL,1.0,0.0,0.0,1.0,0.0,0.0,0.0,0.0,0.0,0.0,0.0,0.0,0.0,0.0,0.0,0.0
2026-07-22T00:00:00,18:45:16,L29-VIAPAULISTA,SP330,254.922,NORTE,-21.64077765,-47.61185576,COLISÃO,COLISÃO-LATERAL,IMPRUD. CONDUTOR,0,0,0,0,SANTA RITA DO PASSA QUATRO,CENTRAL,RIBEIRÃO PRETO,ESTADUAL,1.0,0.0,0.0,0.0,1.0,0.0,0.0,0.0,0.0,0.0,0.0,0.0,0.0,0.0,0.0,0.0
2026-07-22T00:00:00,19:19:53,L06-INTERVIAS,SP330,171.5,SUL,-22.34071943,-47.39204692,CHOQUE,CHOQUE-DEFENSA/BARREIRA,PANE MECÂNICA/ELÉTRICA,0,0,0,0,ARARAS,CAMPINAS,RIO CLARO,ESTADUAL,0.0,0.0,0.0,0.0,1.0,0.0,0.0,0.0,0.0,0.0,0.0,0.0,0.0,0.0,0.0,0.0
2026-07-22T00:00:00,20:08:35,L01-AUTOBAN,SP330,43.0,NORTE,-23.310478510736,-46.857231259346,COLISÃO,COLISÃO-LATERAL,NÃO INFORMADO,0,0,0,0,CAJAMAR,REG. METROPOLITANA SÃO PAULO,SÃO PAULO,ESTADUAL,1.0,0.0,0.0,0.0,1.0,0.0,0.0,0.0,0.0,0.0,0.0,0.0,0.0,0.0,0.0,0.0
2026-07-23T00:00:00,01:38:55,L06-INTERVIAS,SP330,209.3,NORTE,-22.00667986,-47.44270884,ATROPELAMENTO DE ANIMAL,ATROP. ANIMAL-OUTROS,ANIMAL NA RODOVIA,0,0,0,0,PIRASSUNUNGA,CAMPINAS,RIO CLARO,ESTADUAL,1.0,0.0,0.0,1.0,0.0,0.0,0.0,0.0,0.0,0.0,0.0,0.0,0.0,0.0,0.0,0.0
2026-07-23T00:00:00,06:22:39,L06-INTERVIAS,SPD169/330,169.5,SUL,-22.35839225,-47.39497047,CHOQUE,CHOQUE-OBJETO NA PISTA,IMPRUDÊNCIA,1,0,0,0,ARARAS,NÃO INFORMADO,NÃO INFORMADO,NÃO INFORMADO,0.0,0.0,2.0,0.0,0.0,0.0,0.0,0.0,0.0,0.0,0.0,0.0,0.0,0.0,0.0,0.0
2026-07-23T00:00:00,06:24:48,L01-AUTOBAN,SPM330D,110.0,NORTE,-22.822672081657,-47.192480564117,CHOQUE,CHOQUE-DEFENSA/BARREIRA,NÃO INFORMADO,0,0,0,0,SUMARÉ,CAMPINAS,CAMPINAS,ESTADUAL,1.0,0.0,0.0,0.0,0.0,0.0,0.0,0.0,0.0,0.0,0.0,0.0,0.0,0.0,0.0,0.0
2026-07-23T00:00:00,06:56:00,L01-AUTOBAN,SP330,65.0,NORTE,-23.144390043902,-46.939296126366,COLISÃO,COLISÃO-TRASEIRA,NÃO INFORMADO,0,0,0,0,JUNDIAÍ,CAMPINAS,CAMPINAS,ESTADUAL,1.0,1.0,0.0,0.0,0.0,0.0,0.0,0.0,0.0,0.0,0.0,0.0,0.0,0.0,0.0,0.0
2026-07-23T00:00:00,07:06:31,L01-AUTOBAN,SP330,43.0,NORTE,-23.310478510736,-46.857231259346,CHOQUE,CHOQUE-DEFENSA/BARREIRA,NÃO INFORMADO,0,0,0,0,CAJAMAR,REG. METROPOLITANA SÃO PAULO,SÃO PAULO,ESTADUAL,1.0,0.0,0.0,0.0,0.0,0.0,0.0,0.0,0.0,0.0,0.0,0.0,0.0,0.0,0.0,0.0
2026-07-23T00:00:00,08:05:33,L01-AUTOBAN,SPM330E,99.5,SUL,-22.884250932435,-47.115686237812,COLISÃO,COLISÃO-LATERAL,NÃO INFORMADO,2,0,0,0,CAMPINAS,CAMPINAS,CAMPINAS,ESTADUAL,0.0,0.0,1.0,0.0,1.0,0.0,1.0,0.0,0.0,0.0,0.0,0.0,0.0,0.0,0.0,0.0
2026-07-23T00:00:00,08:14:51,L28-ENTREVIAS,SP330,382.9,SUL,-20.56683082702371,-47.86850219582711,ATROPELAMENTO DE ANIMAL,ATROP. ANIMAL-DOMÉSTICO PEQUENO,ANIMAL NA RODOVIA,0,0,0,0,SÃO JOAQUIM DA BARRA,FRANCA,RIBEIRÃO PRETO,ESTADUAL,1.0,0.0,0.0,0.0,0.0,0.0,0.0,0.0,0.0,0.0,0.0,0.0,0.0,0.0,0.0,0.0
2026-07-23T00:00:00,09:29:12,L01-AUTOBAN,SPM330E,19.0,SUL,-23.473712595828,-46.77262365818,CHOQUE,CHOQUE-DEFENSA/BARREIRA,NÃO INFORMADO,0,0,0,0,OSASCO,REG. METROPOLITANA SÃO PAULO,SÃO PAULO,ESTADUAL,1.0,0.0,0.0,0.0,0.0,0.0,0.0,0.0,0.0,0.0,0.0,0.0,0.0,0.0,0.0,0.0
2026-07-23T00:00:00,17:02:00,L01-AUTOBAN,SP330,46.4,SUL,-23.285900635502,-46.868850599235,COLISÃO,COLISÃO-TRASEIRA,NÃO INFORMADO,1,0,0,0,CAJAMAR,REG. METROPOLITANA SÃO PAULO,SÃO PAULO,ESTADUAL,1.0,0.0,1.0,0.0,0.0,0.0,0.0,0.0,0.0,0.0,0.0,0.0,0.0,0.0,0.0,0.0
2026-07-23T00:00:00,17:32:17,L29-VIAPAULISTA,SP330,313.0,NORTE,-21.15622499,-47.7565865,TOMBAMENTO,TOMBAMENTO,ESTOURO/FURO DE PNEU,0,1,0,0,RIBEIRÃO PRETO,RIBEIRÃO PRETO,RIBEIRÃO PRETO,ESTADUAL,0.0,0.0,1.0,0.0,0.0,0.0,0.0,0.0,0.0,0.0,0.0,0.0,0.0,0.0,0.0,0.0
2026-07-23T00:00:00,18:31:10,L06-INTERVIAS,SP330,233.0,NORTE,-21.80244316,-47.50512859,CHOQUE,CHOQUE-OBJETO NA PISTA,OBJETO NA PISTA,0,0,0,0,SANTA RITA DO PASSA QUATRO,CENTRAL,RIBEIRÃO PRETO,ESTADUAL,1.0,0.0,0.0,0.0,0.0,0.0,0.0,0.0,0.0,0.0,0.0,0.0,0.0,0.0,0.0,0.0
2026-07-23T00:00:00,19:49:19,L06-INTERVIAS,SP330,180.0,NORTE,-22.26480897,-47.39077516,CHOQUE,CHOQUE-OBJETO NA PISTA,OBJETO NA PISTA,0,0,0,0,ARARAS,CAMPINAS,RIO CLARO,ESTADUAL,1.0,0.0,0.0,0.0,0.0,0.0,0.0,0.0,0.0,0.0,0.0,0.0,0.0,0.0,0.0,0.0
2026-07-23T00:00:00,22:23:06,L01-AUTOBAN,SP330,22.6,NORTE,-23.447823369293,-46.786725640446,COLISÃO,COLISÃO-LATERAL,NÃO INFORMADO,0,0,0,0,SÃO PAULO,REG. METROPOLITANA SÃO PAULO,SÃO PAULO,ESTADUAL,1.0,0.0,0.0,0.0,1.0,0.0,0.0,0.0,0.0,0.0,0.0,0.0,0.0,0.0,0.0,0.0
2026-07-23T00:00:00,22:58:01,L01-AUTOBAN,SP330,23.6,NORTE,-23.438467361721,-46.786525010836,COLISÃO,COLISÃO-LATERAL,NÃO INFORMADO,0,0,0,0,SÃO PAULO,REG. METROPOLITANA SÃO PAULO,SÃO PAULO,ESTADUAL,1.0,1.0,0.0,0.0,0.0,0.0,0.0,0.0,0.0,0.0,0.0,0.0,0.0,0.0,0.0,0.0
2026-07-23T00:00:00,23:21:00,L28-ENTREVIAS,SP330,361.55,SUL,-20.76336470306418,-47.89199588040018,CHOQUE,CHOQUE-ÁRVORE,IMPRUD. CONDUTOR-LEVOU FECHADA,0,0,1,0,ORLÂNDIA,FRANCA,RIBEIRÃO PRETO,ESTADUAL,1.0,0.0,0.0,0.0,1.0,0.0,0.0,0.0,0.0,0.0,0.0,0.0,0.0,0.0,0.0,0.0
2026-07-24T00:00:00,06:31:08,L01-AUTOBAN,SP330,13.0,SUL,-23.508151419649,-46.740045547485,ENGAVETAMENTO,ENGAVETAMENTO,NÃO INFORMADO,1,0,0,0,SÃO PAULO,REG. METROPOLITANA SÃO PAULO,SÃO PAULO,ESTADUAL,2.0,0.0,0.0,1.0,0.0,0.0,0.0,0.0,0.0,0.0,0.0,0.0,0.0,0.0,0.0,0.0
2026-07-24T00:00:00,07:47:28,L29-VIAPAULISTA,SPA307/330,2.819,LESTE,-21.1902196,-47.78092754,COLISÃO,COLISÃO-TRASEIRA,IMPRUD. CONDUTOR-DIST. INADEQUADA ENTRE VEÍC.,0,0,0,0,RIBEIRÃO PRETO,RIBEIRÃO PRETO,RIBEIRÃO PRETO,ESTADUAL,1.0,0.0,0.0,1.0,0.0,0.0,0.0,0.0,0.0,0.0,0.0,0.0,0.0,0.0,0.0,0.0
2026-07-24T00:00:00,07:53:14,L01-AUTOBAN,SPM330E,56.0,SUL,-23.21105334627,-46.891804933548,TOMBAMENTO,TOMBAMENTO-MOTO,NÃO INFORMADO,0,0,0,0,JUNDIAÍ,CAMPINAS,CAMPINAS,ESTADUAL,0.0,0.0,1.0,0.0,0.0,0.0,0.0,0.0,0.0,0.0,0.0,0.0,0.0,0.0,0.0,0.0
2026-07-24T00:00:00,08:24:30,L01-AUTOBAN,SPM330E,95.0,SUL,-22.919909191683,-47.094150781631,TOMBAMENTO,TOMBAMENTO-MOTO,NÃO INFORMADO,1,0,0,0,CAMPINAS,CAMPINAS,CAMPINAS,ESTADUAL,0.0,1.0,1.0,0.0,0.0,0.0,0.0,0.0,0.0,0.0,0.0,0.0,0.0,0.0,0.0,0.0
2026-07-24T00:00:00,08:25:54,L01-AUTOBAN,SPM330E,92.5,SUL,-22.932495651367,-47.075100620888,ENGAVETAMENTO,ENGAVETAMENTO,NÃO INFORMADO,0,0,0,0,CAMPINAS,CAMPINAS,CAMPINAS,ESTADUAL,1.0,1.0,1.0,0.0,0.0,0.0,0.0,0.0,0.0,0.0,0.0,0.0,0.0,0.0,0.0,0.0
2026-07-24T00:00:00,09:25:33,L29-VIAPAULISTA,SP330,307.475,SUL,-21.20657617,-47.75841301,CHOQUE,CHOQUE-DEFENSA/BARREIRA,IMPRUD. CONDUTOR-PERDA DE CONTROLE,0,0,0,0,RIBEIRÃO PRETO,RIBEIRÃO PRETO,RIBEIRÃO PRETO,ESTADUAL,1.0,0.0,0.0,0.0,0.0,0.0,0.0,0.0,0.0,0.0,0.0,0.0,0.0,0.0,0.0,0.0
2026-07-24T00:00:00,10:04:49,L29-VIAPAULISTA,SP330,307.388,NORTE,-21.20687913,-47.75829242,CHOQUE,CHOQUE-DEFENSA/BARREIRA,IMPRUD. CONDUTOR-PERDA DE CONTROLE,0,0,0,0,RIBEIRÃO PRETO,RIBEIRÃO PRETO,RIBEIRÃO PRETO,ESTADUAL,0.0,0.0,0.0,0.0,1.0,0.0,0.0,0.0,0.0,0.0,0.0,0.0,0.0,0.0,0.0,0.0
2026-07-24T00:00:00,11:18:13,L01-AUTOBAN,SP330,153.0,SUL,-22.505683329931,-47.399235963821,CHOQUE,CHOQUE-ELEMENTO DE DRENAGEM,NÃO INFORMADO,0,0,0,0,CORDEIRÓPOLIS,CAMPINAS,RIO CLARO,ESTADUAL,1.0,0.0,0.0,0.0,1.0,0.0,0.0,0.0,0.0,0.0,0.0,0.0,0.0,0.0,0.0,0.0
2026-07-24T00:00:00,11:21:09,L01-AUTOBAN,SP330,103.0,SUL,-22.862525,-47.139454,TOMBAMENTO,TOMBAMENTO-MOTO,NÃO INFORMADO,0,0,1,0,CAMPINAS,CAMPINAS,CAMPINAS,ESTADUAL,0.0,0.0,1.0,0.0,2.0,0.0,0.0,0.0,0.0,0.0,0.0,0.0,0.0,0.0,0.0,0.0
2026-07-24T00:00:00,12:47:00,L28-ENTREVIAS,SP330,396.65,NORTE,-20.46685811131111,-47.83873664795518,CHOQUE,CHOQUE-DEFENSA/BARREIRA,IMPRUD. CONDUTOR-PERDA DE CONTROLE,0,1,0,0,GUARÁ,FRANCA,RIBEIRÃO PRETO,ESTADUAL,0.0,0.0,1.0,0.0,0.0,0.0,0.0,0.0,0.0,0.0,0.0,0.0,0.0,0.0,0.0,0.0
2026-07-24T00:00:00,13:50:23,L01-AUTOBAN,SP330,150.2,SUL,-22.528599992317,-47.387836286853,CAPOTAMENTO,CAPOTAMENTO,NÃO INFORMADO,1,0,0,0,LIMEIRA,CAMPINAS,RIO CLARO,ESTADUAL,1.0,0.0,0.0,0.0,0.0,0.0,0.0,0.0,0.0,0.0,0.0,0.0,0.0,0.0,0.0,0.0
2026-07-24T00:00:00,14:24:56,L01-AUTOBAN,SP330,150.2,NORTE,-22.528199622803,-47.38775018454,COLISÃO,COLISÃO-TRASEIRA,NÃO INFORMADO,0,0,0,0,LIMEIRA,CAMPINAS,RIO CLARO,ESTADUAL,1.0,0.0,0.0,0.0,1.0,0.0,0.0,0.0,0.0,0.0,0.0,0.0,0.0,0.0,0.0,0.0
2026-07-24T00:00:00,15:19:06,L01-AUTOBAN,SP330,143.0,NORTE,-22.587564753304,-47.367435693741,COLISÃO,COLISÃO-LATERAL,NÃO INFORMADO,2,0,0,0,LIMEIRA,CAMPINAS,RIO CLARO,ESTADUAL,1.0,0.0,0.0,0.0,1.0,0.0,0.0,0.0,0.0,0.0,0.0,0.0,0.0,0.0,0.0,0.0
2026-07-24T00:00:00,16:19:48,L01-AUTOBAN,SPM330E,17.0,SUL,-23.48999344107,-46.767071485519,CHOQUE,CHOQUE-POSTE,NÃO INFORMADO,0,0,0,0,SÃO PAULO,REG. METROPOLITANA SÃO PAULO,SÃO PAULO,ESTADUAL,1.0,0.0,0.0,0.0,0.0,0.0,0.0,0.0,0.0,0.0,0.0,0.0,0.0,0.0,0.0,0.0
2026-07-24T00:00:00,17:00:53,L01-AUTOBAN,SP330,136.0,NORTE,-22.638040739518,-47.330061793327,TOMBAMENTO,TOMBAMENTO-MOTO,NÃO INFORMADO,1,0,0,0,LIMEIRA,CAMPINAS,RIO CLARO,ESTADUAL,0.0,1.0,0.0,0.0,0.0,0.0,0.0,0.0,0.0,0.0,0.0,0.0,0.0,0.0,0.0,0.0
2026-07-24T00:00:00,17:16:24,L01-AUTOBAN,SP330,12.0,NORTE,-23.509174607034,-46.730620265007,COLISÃO,COLISÃO-LATERAL,NÃO INFORMADO,0,0,0,0,SÃO PAULO,REG. METROPOLITANA SÃO PAULO,SÃO PAULO,ESTADUAL,1.0,0.0,1.0,0.0,0.0,0.0,0.0,0.0,0.0,0.0,0.0,0.0,0.0,0.0,0.0,0.0
2026-07-24T00:00:00,18:10:04,L06-INTERVIAS,SP330,176.0,NORTE,-22.30065587,-47.39189332,COLISÃO,COLISÃO-LATERAL,IMPRUD. CONDUTOR,0,0,0,0,ARARAS,CAMPINAS,RIO CLARO,ESTADUAL,1.0,0.0,0.0,0.0,1.0,0.0,0.0,0.0,0.0,0.0,0.0,0.0,0.0,0.0,0.0,0.0
2026-07-24T00:00:00,19:28:03,L01-AUTOBAN,SP330,118.6,SUL,-22.765710142356,-47.245366206039,COLISÃO,COLISÃO-LATERAL,NÃO INFORMADO,0,0,0,0,NOVA ODESSA,CAMPINAS,RIO CLARO,ESTADUAL,1.0,0.0,0.0,0.0,1.0,0.0,0.0,0.0,0.0,0.0,0.0,0.0,0.0,0.0,0.0,0.0
2026-07-24T00:00:00,22:31:00,L28-ENTREVIAS,SP330,385.66,SUL,-20.57378181773871,-47.87189250802193,CHOQUE,CHOQUE-OUTROS,ACÚMULO DE ÁGUA NA PISTA,0,0,0,0,SÃO JOAQUIM DA BARRA,FRANCA,RIBEIRÃO PRETO,ESTADUAL,1.0,0.0,0.0,0.0,0.0,0.0,0.0,0.0,0.0,0.0,0.0,0.0,0.0,0.0,0.0,0.0
2026-07-24T00:00:00,23:14:06,L01-AUTOBAN,SP330,138.1,SUL,-22.62352968584,-47.343665457647,ATROPELAMENTO DE ANIMAL,ATROP. ANIMAL-OUTROS,NÃO INFORMADO,0,0,0,0,LIMEIRA,CAMPINAS,RIO CLARO,ESTADUAL,1.0,0.0,0.0,0.0,0.0,0.0,0.0,0.0,0.0,0.0,0.0,0.0,0.0,0.0,0.0,0.0
2026-07-25T00:00:00,03:32:06,L01-AUTOBAN,SP330,125.6,NORTE,-22.722622234707,-47.293615932731,CHOQUE,CHOQUE-DEFENSA/BARREIRA,NÃO INFORMADO,0,1,0,0,AMERICANA,CAMPINAS,RIO CLARO,ESTADUAL,0.0,0.0,0.0,1.0,1.0,0.0,0.0,0.0,0.0,0.0,0.0,0.0,0.0,0.0,0.0,0.0
2026-07-25T00:00:00,03:37:53,L01-AUTOBAN,SP330,13.0,SUL,-23.508151419649,-46.740045547485,CHOQUE,CHOQUE-DEFENSA/BARREIRA,NÃO INFORMADO,1,0,0,0,SÃO PAULO,REG. METROPOLITANA SÃO PAULO,SÃO PAULO,ESTADUAL,0.0,0.0,0.0,0.0,1.0,0.0,0.0,0.0,0.0,0.0,0.0,0.0,0.0,0.0,0.0,0.0
2026-07-25T00:00:00,05:56:04,L01-AUTOBAN,SPM330D,103.0,NORTE,-22.862197108808,-47.13924407959,CHOQUE,CHOQUE-DEFENSA/BARREIRA,NÃO INFORMADO,0,1,0,0,CAMPINAS,CAMPINAS,CAMPINAS,ESTADUAL,0.0,0.0,1.0,0.0,0.0,0.0,0.0,0.0,0.0,0.0,0.0,0.0,0.0,0.0,0.0,0.0
2026-07-25T00:00:00,07:52:36,L01-AUTOBAN,SP330,106.0,NORTE,-22.846507,-47.164055,COLISÃO,COLISÃO-LATERAL,NÃO INFORMADO,0,1,0,0,SUMARÉ,CAMPINAS,CAMPINAS,ESTADUAL,1.0,0.0,0.0,0.0,1.0,0.0,0.0,0.0,0.0,0.0,0.0,0.0,0.0,0.0,0.0,0.0
2026-07-25T00:00:00,08:23:55,L01-AUTOBAN,SP330,120.0,SUL,-22.75697435799,-47.254670262337,CHOQUE,CHOQUE-DEFENSA/BARREIRA,NÃO INFORMADO,0,0,0,0,AMERICANA,CAMPINAS,RIO CLARO,ESTADUAL,0.0,0.0,0.0,0.0,1.0,0.0,0.0,0.0,0.0,0.0,0.0,0.0,0.0,0.0,0.0,0.0
2026-07-25T00:00:00,09:53:00,L28-ENTREVIAS,SP330,405.0,SUL,-20.38793813174138,-47.81581088654339,COLISÃO,COLISÃO-TRASEIRA,IMPRUD. CONDUTOR-DIST. INADEQUADA ENTRE VEÍC.,0,0,0,0,ITUVERAVA,FRANCA,RIBEIRÃO PRETO,ESTADUAL,0.0,0.0,0.0,0.0,2.0,0.0,0.0,0.0,0.0,0.0,0.0,0.0,0.0,0.0,0.0,0.0
2026-07-25T00:00:00,10:36:14,L01-AUTOBAN,SPM330E,94.0,SUL,,,CHOQUE,CHOQUE-OBJETO NA PISTA,NÃO INFORMADO,0,0,0,0,CAMPINAS,CAMPINAS,CAMPINAS,ESTADUAL,1.0,0.0,0.0,0.0,1.0,0.0,0.0,0.0,0.0,0.0,0.0,0.0,0.0,0.0,0.0,0.0
2026-07-25T00:00:00,20:06:54,L01-AUTOBAN,SP330,124.42,NORTE,-22.731526226541,-47.288416947031,COLISÃO,COLISÃO-TRASEIRA,NÃO INFORMADO,1,0,1,0,AMERICANA,CAMPINAS,RIO CLARO,ESTADUAL,0.0,1.0,1.0,0.0,0.0,0.0,0.0,0.0,0.0,0.0,0.0,0.0,0.0,0.0,0.0,0.0
2026-07-25T00:00:00,22:36:54,L01-AUTOBAN,SP330,98.0,NORTE,-22.895874533463,-47.110748291016,TOMBAMENTO,TOMBAMENTO-MOTO,NÃO INFORMADO,1,0,0,0,CAMPINAS,CAMPINAS,CAMPINAS,ESTADUAL,0.0,0.0,1.0,0.0,0.0,0.0,0.0,0.0,0.0,0.0,0.0,0.0,0.0,0.0,0.0,0.0
2026-07-26T00:00:00,00:29:56,L01-AUTOBAN,SPM330E,109.5,SUL,-22.82524973482,-47.188380510895,COLISÃO,COLISÃO-TRASEIRA,NÃO INFORMADO,0,0,0,0,SUMARÉ,CAMPINAS,CAMPINAS,ESTADUAL,2.0,0.0,0.0,0.0,0.0,0.0,0.0,0.0,0.0,0.0,0.0,0.0,0.0,0.0,0.0,0.0
2026-07-26T00:00:00,00:34:47,L01-AUTOBAN,SPM330E,108.0,SUL,-22.832926456389,-47.177379727364,TOMBAMENTO,TOMBAMENTO,NÃO INFORMADO,2,0,0,0,SUMARÉ,CAMPINAS,CAMPINAS,ESTADUAL,0.0,0.0,1.0,0.0,0.0,0.0,0.0,0.0,0.0,0.0,0.0,0.0,0.0,0.0,0.0,0.0
2026-07-26T00:00:00,02:51:02,L01-AUTOBAN,SP330,138.0,SUL,-22.624171964553,-47.343065142632,ATROPELAMENTO DE ANIMAL,ATROP. ANIMAL-OUTROS,NÃO INFORMADO,0,0,0,0,LIMEIRA,CAMPINAS,RIO CLARO,ESTADUAL,0.0,0.0,0.0,0.0,1.0,0.0,0.0,0.0,0.0,0.0,0.0,0.0,0.0,0.0,0.0,0.0
2026-07-26T00:00:00,06:22:05,L01-AUTOBAN,SP330,25.0,SUL,-23.42658,-46.787612,TOMBAMENTO,TOMBAMENTO,NÃO INFORMADO,0,0,0,0,SÃO PAULO,REG. METROPOLITANA SÃO PAULO,SÃO PAULO,ESTADUAL,1.0,0.0,0.0,0.0,0.0,0.0,0.0,0.0,0.0,0.0,0.0,0.0,0.0,0.0,0.0,0.0
2026-07-26T00:00:00,14:13:05,L01-AUTOBAN,SP330,31.0,SUL,-23.40154396685,-46.836969852448,CHOQUE,CHOQUE-DEFENSA/BARREIRA,NÃO INFORMADO,0,1,0,0,CAJAMAR,REG. METROPOLITANA SÃO PAULO,SÃO PAULO,ESTADUAL,0.0,0.0,1.0,0.0,0.0,0.0,0.0,0.0,0.0,0.0,0.0,0.0,0.0,0.0,0.0,0.0
2026-07-26T00:00:00,15:13:55,L06-INTERVIAS,SP330,208.45,SUL,-22.01399889,-47.44054746,ATROPELAMENTO DE ANIMAL,ATROP. ANIMAL-OUTROS,ANIMAL NA RODOVIA,0,0,0,0,PIRASSUNUNGA,CAMPINAS,RIO CLARO,ESTADUAL,1.0,0.0,0.0,0.0,0.0,0.0,0.0,0.0,0.0,0.0,0.0,0.0,0.0,0.0,0.0,0.0
2026-07-26T00:00:00,18:46:12,L01-AUTOBAN,SP330,21.3,SUL,-23.458605338164,-46.783007558195,ENGAVETAMENTO,ENGAVETAMENTO,NÃO INFORMADO,0,0,0,0,SÃO PAULO,REG. METROPOLITANA SÃO PAULO,SÃO PAULO,ESTADUAL,3.0,0.0,0.0,0.0,0.0,0.0,0.0,0.0,0.0,0.0,0.0,0.0,0.0,0.0,0.0,0.0
2026-07-26T00:00:00,20:30:11,L01-AUTOBAN,SP330,61.786,SUL,-23.170203301277,-46.924921358038,COLISÃO,COLISÃO-TRASEIRA,NÃO INFORMADO,1,0,0,0,JUNDIAÍ,CAMPINAS,CAMPINAS,ESTADUAL,1.0,0.0,1.0,0.0,0.0,0.0,0.0,0.0,0.0,0.0,0.0,0.0,0.0,0.0,0.0,0.0
2026-07-26T00:00:00,21:05:30,L01-AUTOBAN,SPM330E,96.0,SUL,-22.911795994388,-47.101387381554,TOMBAMENTO,TOMBAMENTO,NÃO INFORMADO,2,0,0,0,CAMPINAS,CAMPINAS,CAMPINAS,ESTADUAL,0.0,0.0,1.0,0.0,0.0,0.0,0.0,0.0,0.0,0.0,0.0,0.0,0.0,0.0,0.0,0.0
2026-07-26T00:00:00,22:06:37,L29-VIAPAULISTA,SP330,260.599,NORTE,-21.59117813,-47.62407293,TOMBAMENTO,TOMBAMENTO,PANE MECÂNICA/ELÉTRICA,0,0,0,0,SANTA RITA DO PASSA QUATRO,CENTRAL,RIBEIRÃO PRETO,ESTADUAL,0.0,0.0,1.0,0.0,0.0,0.0,0.0,0.0,0.0,0.0,0.0,0.0,0.0,0.0,0.0,0.0
2026-07-27T00:00:00,05:29:00,L28-ENTREVIAS,SP330,378.6,SUL,-20.61365981494912,-47.8839548681192,CHOQUE,CHOQUE-DEFENSA/BARREIRA,IMPRUD. CONDUTOR-DORMIR AO VOLANTE,1,0,0,0,SÃO JOAQUIM DA BARRA,FRANCA,RIBEIRÃO PRETO,ESTADUAL,0.0,0.0,0.0,0.0,1.0,0.0,0.0,0.0,0.0,0.0,0.0,0.0,0.0,0.0,0.0,0.0
2026-07-27T00:00:00,06:37:30,L01-AUTOBAN,SP330,105.5,SUL,-22.849433658214,-47.16053545475,COLISÃO,COLISÃO-LATERAL,NÃO INFORMADO,1,0,0,0,CAMPINAS,CAMPINAS,CAMPINAS,ESTADUAL,1.0,0.0,1.0,0.0,0.0,0.0,0.0,0.0,0.0,0.0,0.0,0.0,0.0,0.0,0.0,0.0
2026-07-27T00:00:00,06:50:08,L01-AUTOBAN,SP330,25.0,NORTE,-23.426127,-46.787542,COLISÃO,COLISÃO-TRASEIRA,NÃO INFORMADO,0,0,0,0,SÃO PAULO,REG. METROPOLITANA SÃO PAULO,SÃO PAULO,ESTADUAL,2.0,0.0,0.0,0.0,0.0,0.0,0.0,0.0,0.0,0.0,0.0,0.0,0.0,0.0,0.0,0.0
2026-07-27T00:00:00,10:20:56,L06-INTERVIAS,SP330,236.3,NORTE,-21.78292115,-47.52915417,COLISÃO,COLISÃO-TRASEIRA,IMPRUD. CONDUTOR,2,0,0,0,SANTA RITA DO PASSA QUATRO,CENTRAL,RIBEIRÃO PRETO,ESTADUAL,1.0,0.0,0.0,0.0,1.0,0.0,0.0,0.0,0.0,0.0,0.0,0.0,0.0,0.0,0.0,0.0
2026-07-27T00:00:00,12:55:29,L01-AUTOBAN,SP330,46.8,NORTE,-23.28322995267,-46.87143623305,COLISÃO,COLISÃO-TRASEIRA,NÃO INFORMADO,2,0,0,0,CAJAMAR,REG. METROPOLITANA SÃO PAULO,SÃO PAULO,ESTADUAL,0.0,0.0,0.0,1.0,1.0,0.0,0.0,0.0,0.0,0.0,0.0,0.0,0.0,0.0,0.0,0.0
2026-07-27T00:00:00,16:48:12,L28-ENTREVIAS,SP330,376.0,SUL,-20.63751237264575,-47.88146577815338,CHOQUE,CHOQUE-DEFENSA/BARREIRA,IMPRUD. CONDUTOR-FALTA DE ATENÇÃO,0,0,0,0,SÃO JOAQUIM DA BARRA,FRANCA,RIBEIRÃO PRETO,ESTADUAL,1.0,0.0,0.0,0.0,0.0,0.0,0.0,0.0,0.0,0.0,1.0,0.0,0.0,0.0,0.0,0.0
2026-07-27T00:00:00,18:07:59,L01-AUTOBAN,SP330,49.5,NORTE,-23.261208824706,-46.867386102676,CHOQUE,CHOQUE-DEFENSA/BARREIRA,NÃO INFORMADO,0,0,0,0,JUNDIAÍ,CAMPINAS,CAMPINAS,ESTADUAL,1.0,0.0,0.0,0.0,0.0,0.0,0.0,0.0,0.0,0.0,0.0,0.0,0.0,0.0,0.0,0.0
2026-07-27T00:00:00,19:47:38,L29-VIAPAULISTA,SP330,317.382,NORTE,-21.12095352,-47.77422372,COLISÃO,COLISÃO-TRANSVERSAL,IMPRUD. CONDUTOR-DESRESPEITO À SINALIZAÇÃO,1,0,0,0,RIBEIRÃO PRETO,RIBEIRÃO PRETO,RIBEIRÃO PRETO,ESTADUAL,1.0,0.0,1.0,0.0,0.0,0.0,0.0,0.0,0.0,0.0,0.0,0.0,0.0,0.0,0.0,0.0
2026-07-27T00:00:00,20:59:18,L01-AUTOBAN,SP330,136.0,NORTE,-22.638040739518,-47.330061793327,COLISÃO,COLISÃO-TRANSVERSAL,NÃO INFORMADO,0,0,0,0,LIMEIRA,CAMPINAS,RIO CLARO,ESTADUAL,2.0,1.0,0.0,0.0,0.0,0.0,0.0,0.0,0.0,0.0,0.0,0.0,0.0,0.0,0.0,0.0
2026-07-28T00:00:00,03:38:07,L06-INTERVIAS,SP330,175.5,SUL,-22.30512231,-47.3918948,CHOQUE,CHOQUE-OUTROS,OBJETO NA PISTA,0,0,0,0,ARARAS,CAMPINAS,RIO CLARO,ESTADUAL,0.0,0.0,0.0,0.0,1.0,0.0,0.0,0.0,0.0,0.0,0.0,0.0,0.0,0.0,0.0,0.0
2026-07-28T00:00:00,06:29:54,L01-AUTOBAN,SP330,87.0,SUL,-22.975053203714,-47.048462033272,COLISÃO,COLISÃO-TRASEIRA,NÃO INFORMADO,0,0,0,0,CAMPINAS,CAMPINAS,CAMPINAS,ESTADUAL,0.0,1.0,1.0,0.0,0.0,0.0,0.0,0.0,0.0,0.0,0.0,0.0,0.0,0.0,0.0,0.0
2026-07-28T00:00:00,07:02:19,L01-AUTOBAN,SP330,60.0,NORTE,-23.18100028702,-46.911460161209,COLISÃO,COLISÃO-TRASEIRA,NÃO INFORMADO,0,0,0,0,JUNDIAÍ,CAMPINAS,CAMPINAS,ESTADUAL,2.0,0.0,0.0,0.0,0.0,0.0,0.0,0.0,0.0,0.0,0.0,0.0,0.0,0.0,0.0,0.0
2026-07-28T00:00:00,08:01:40,L29-VIAPAULISTA,SP330,309.207,NORTE,-21.19048512,-47.75743238,COLISÃO,COLISÃO-TRASEIRA,IMPRUD. CONDUTOR-MUDANÇA DE FAIXA,1,0,0,0,RIBEIRÃO PRETO,RIBEIRÃO PRETO,RIBEIRÃO PRETO,ESTADUAL,0.0,1.0,1.0,0.0,0.0,0.0,0.0,0.0,0.0,0.0,0.0,0.0,0.0,0.0,0.0,0.0
2026-07-28T00:00:00,08:21:35,L01-AUTOBAN,SP330,74.0,NORTE,-23.074986,-46.983334,COLISÃO,COLISÃO-LATERAL,NÃO INFORMADO,1,0,0,0,VINHEDO,CAMPINAS,CAMPINAS,ESTADUAL,1.0,0.0,1.0,0.0,0.0,0.0,0.0,0.0,0.0,0.0,0.0,0.0,0.0,0.0,0.0,0.0
2026-07-28T00:00:00,08:23:17,L01-AUTOBAN,SP330,101.2,SUL,-22.872942574111,-47.126388111445,COLISÃO,COLISÃO-LATERAL,NÃO INFORMADO,1,0,0,0,CAMPINAS,CAMPINAS,CAMPINAS,ESTADUAL,1.0,0.0,1.0,0.0,0.0,0.0,0.0,0.0,0.0,0.0,0.0,0.0,0.0,0.0,0.0,0.0
2026-07-28T00:00:00,08:45:29,L06-INTERVIAS,SP330,214.625,NORTE,-21.96125849,-47.45798565,COLISÃO,COLISÃO-TRASEIRA,IMPRUD. CONDUTOR-FREADA BRUSCA,0,0,0,0,PIRASSUNUNGA,CAMPINAS,RIO CLARO,ESTADUAL,1.0,0.0,0.0,0.0,1.0,0.0,0.0,0.0,0.0,0.0,0.0,0.0,0.0,0.0,0.0,0.0
2026-07-28T00:00:00,09:07:57,L01-AUTOBAN,SPM330E,103.0,SUL,-22.862525,-47.139454,TOMBAMENTO,TOMBAMENTO-MOTO,NÃO INFORMADO,1,0,0,0,CAMPINAS,CAMPINAS,CAMPINAS,ESTADUAL,0.0,0.0,1.0,0.0,0.0,0.0,0.0,0.0,0.0,0.0,0.0,0.0,0.0,0.0,0.0,0.0
2026-07-28T00:00:00,09:55:24,L06-INTERVIAS,SP330,176.5,NORTE,-22.29615993,-47.39236267,COLISÃO,COLISÃO-TRASEIRA,IMPRUD. CONDUTOR,0,0,0,0,ARARAS,CAMPINAS,RIO CLARO,ESTADUAL,1.0,0.0,0.0,1.0,0.0,0.0,0.0,0.0,0.0,0.0,0.0,0.0,0.0,0.0,0.0,0.0
2026-07-28T00:00:00,14:50:06,L06-INTERVIAS,SP330,192.25,SUL,-22.15491606,-47.4007508,COLISÃO,COLISÃO-TRASEIRA,IMPRUD. CONDUTOR,1,0,0,0,LEME,CAMPINAS,RIO CLARO,ESTADUAL,1.0,0.0,1.0,0.0,0.0,0.0,0.0,0.0,0.0,0.0,0.0,0.0,0.0,0.0,0.0,0.0
2026-07-28T00:00:00,15:54:18,L01-AUTOBAN,SPM330D,94.0,NORTE,-22.924593081991,-47.087171673775,TOMBAMENTO,TOMBAMENTO-MOTO,NÃO INFORMADO,1,0,0,0,CAMPINAS,CAMPINAS,CAMPINAS,ESTADUAL,0.0,0.0,1.0,0.0,0.0,0.0,0.0,0.0,0.0,0.0,0.0,0.0,0.0,0.0,0.0,0.0
2026-07-28T00:00:00,16:41:30,L06-INTERVIAS,SP330,237.5,SUL,-21.77613913,-47.53838526,CHOQUE,CHOQUE-SINALIZAÇÃO/EQUIPAMENTO,ESTOURO/FURO DE PNEU,0,0,0,0,SANTA RITA DO PASSA QUATRO,CENTRAL,RIBEIRÃO PRETO,ESTADUAL,1.0,0.0,0.0,0.0,0.0,0.0,0.0,0.0,0.0,0.0,0.0,0.0,0.0,0.0,0.0,0.0
2026-07-28T00:00:00,17:19:38,L01-AUTOBAN,SP330,82.0,NORTE,-23.013082202618,-47.022766470909,CHOQUE,CHOQUE-DEFENSA/BARREIRA,NÃO INFORMADO,0,0,1,0,VALINHOS,CAMPINAS,CAMPINAS,ESTADUAL,1.0,0.0,0.0,0.0,0.0,0.0,0.0,0.0,0.0,0.0,0.0,0.0,0.0,0.0,0.0,0.0
2026-07-28T00:00:00,18:36:51,L01-AUTOBAN,SP330,51.0,SUL,-23.248256521474,-46.866077184677,TOMBAMENTO,TOMBAMENTO-MOTO,NÃO INFORMADO,0,0,0,0,JUNDIAÍ,CAMPINAS,CAMPINAS,ESTADUAL,0.0,0.0,2.0,0.0,0.0,0.0,0.0,0.0,0.0,0.0,0.0,0.0,0.0,0.0,0.0,0.0
2026-07-28T00:00:00,20:21:33,L01-AUTOBAN,SP330,76.0,SUL,-23.060586,-46.994474,CHOQUE,CHOQUE-VEÍCULO PARADO NO ACOSTAMENTO,NÃO INFORMADO,0,0,0,0,VINHEDO,CAMPINAS,CAMPINAS,ESTADUAL,2.0,0.0,0.0,0.0,0.0,0.0,0.0,0.0,0.0,0.0,0.0,0.0,0.0,0.0,0.0,0.0
2026-07-28T00:00:00,22:03:59,L29-VIAPAULISTA,SP330,256.1,SUL,-21.63113001,-47.61344492,CHOQUE,CHOQUE-DEFENSA/BARREIRA,IMPRUD. CONDUTOR-LEVOU FECHADA,0,0,0,0,SANTA RITA DO PASSA QUATRO,CENTRAL,RIBEIRÃO PRETO,ESTADUAL,1.0,0.0,0.0,0.0,0.0,0.0,0.0,0.0,0.0,0.0,0.0,0.0,0.0,0.0,0.0,0.0
2026-07-29T00:00:00,08:41:50,L01-AUTOBAN,SP330,100.5,SUL,-22.87730945186,-47.121380567551,COLISÃO,COLISÃO-TRASEIRA,NÃO INFORMADO,0,0,0,0,CAMPINAS,CAMPINAS,CAMPINAS,ESTADUAL,2.0,0.0,0.0,0.0,0.0,0.0,0.0,0.0,0.0,0.0,0.0,0.0,0.0,0.0,0.0,0.0
2026-07-29T00:00:00,09:35:03,L29-VIAPAULISTA,SP330,250.34,NORTE,-21.68387766,-47.60190293,CHOQUE,CHOQUE-DEFENSA/BARREIRA,IMPRUD. CONDUTOR-DORMIR AO VOLANTE,0,0,0,0,SANTA RITA DO PASSA QUATRO,CENTRAL,RIBEIRÃO PRETO,ESTADUAL,1.0,0.0,0.0,0.0,0.0,0.0,0.0,0.0,0.0,0.0,0.0,0.0,0.0,0.0,0.0,0.0
2026-07-29T00:00:00,12:04:08,L29-VIAPAULISTA,SP330,249.6,SUL,-21.68747531,-47.60097572,CHOQUE,CHOQUE-DEFENSA/BARREIRA,IMPRUD. CONDUTOR-LEVOU FECHADA,0,0,0,0,SANTA RITA DO PASSA QUATRO,CENTRAL,RIBEIRÃO PRETO,ESTADUAL,0.0,0.0,0.0,0.0,1.0,0.0,0.0,0.0,0.0,0.0,0.0,0.0,0.0,0.0,0.0,0.0
2026-07-29T00:00:00,13:09:24,L06-INTERVIAS,SP330,230.799,NORTE,-21.82019375,-47.49612553,CAPOTAMENTO,CAPOTAMENTO,IMPRUD. CONDUTOR,1,0,0,0,PORTO FERREIRA,CENTRAL,RIO CLARO,ESTADUAL,0.0,0.0,0.0,1.0,0.0,0.0,0.0,0.0,0.0,0.0,0.0,0.0,0.0,0.0,0.0,0.0
2026-07-29T00:00:00,14:41:02,L01-AUTOBAN,SP330,66.0,NORTE,-23.13718321208,-46.943984627724,TOMBAMENTO,TOMBAMENTO-MOTO,NÃO INFORMADO,0,1,0,0,JUNDIAÍ,CAMPINAS,CAMPINAS,ESTADUAL,0.0,0.0,1.0,0.0,0.0,0.0,0.0,0.0,0.0,0.0,0.0,0.0,0.0,0.0,0.0,0.0
2026-07-29T00:00:00,15:07:08,L06-INTERVIAS,SP330,213.0,SUL,-21.97496486,-47.45389748,COLISÃO,COLISÃO-TRASEIRA,IMPRUD. CONDUTOR-MUDANÇA DE FAIXA,2,0,0,0,PIRASSUNUNGA,CAMPINAS,RIO CLARO,ESTADUAL,0.0,0.0,0.0,1.0,2.0,0.0,0.0,0.0,0.0,0.0,0.0,0.0,0.0,0.0,0.0,0.0
2026-07-29T00:00:00,16:37:01,L29-VIAPAULISTA,SP330,297.705,NORTE,-21.29166855,-47.74632917,COLISÃO,COLISÃO-LATERAL,IMPRUD. CONDUTOR-MUDANÇA DE FAIXA,1,0,0,0,CRAVINHOS,RIBEIRÃO PRETO,RIBEIRÃO PRETO,ESTADUAL,0.0,0.0,1.0,1.0,0.0,0.0,0.0,0.0,0.0,0.0,0.0,0.0,0.0,0.0,0.0,0.0
2026-07-29T00:00:00,18:43:37,L29-VIAPAULISTA,SP330,310.534,NORTE,-21.17852554,-47.75680493,COLISÃO,COLISÃO-LATERAL,IMPRUD. CONDUTOR-MUDANÇA DE FAIXA,0,0,0,0,RIBEIRÃO PRETO,RIBEIRÃO PRETO,RIBEIRÃO PRETO,ESTADUAL,1.0,0.0,0.0,0.0,1.0,0.0,0.0,0.0,0.0,0.0,0.0,0.0,0.0,0.0,0.0,0.0
2026-07-29T00:00:00,18:54:04,L01-AUTOBAN,SPM330D,108.8,NORTE,-22.828416374739,-47.182534953554,COLISÃO,COLISÃO-LATERAL,NÃO INFORMADO,1,0,0,0,SUMARÉ,CAMPINAS,CAMPINAS,ESTADUAL,1.0,0.0,1.0,0.0,0.0,0.0,0.0,0.0,0.0,0.0,0.0,0.0,0.0,0.0,0.0,0.0
2026-07-29T00:00:00,20:04:14,L29-VIAPAULISTA,SP330,247.667,NORTE,-21.70403841,-47.59454888,COLISÃO,COLISÃO-TRASEIRA,IMPRUD. CONDUTOR-DIST. INADEQUADA ENTRE VEÍC.,0,0,0,0,SANTA RITA DO PASSA QUATRO,CENTRAL,RIBEIRÃO PRETO,ESTADUAL,0.0,1.0,0.0,0.0,1.0,0.0,0.0,0.0,0.0,0.0,0.0,0.0,0.0,0.0,0.0,0.0
2026-07-29T00:00:00,20:06:38,L06-INTERVIAS,SP330,168.6,SUL,-22.36637912,-47.39484,CHOQUE,CHOQUE-OBJETO NA PISTA,OBJETO NA PISTA,0,0,0,0,ARARAS,CAMPINAS,RIO CLARO,ESTADUAL,1.0,0.0,0.0,0.0,0.0,0.0,0.0,0.0,0.0,0.0,0.0,0.0,0.0,0.0,0.0,0.0
2026-07-29T00:00:00,20:29:36,L01-AUTOBAN,SP330,53.0,SUL,-23.230945296234,-46.87306702137,CHOQUE,CHOQUE-OBJETO NA PISTA,NÃO INFORMADO,0,0,0,0,JUNDIAÍ,CAMPINAS,CAMPINAS,ESTADUAL,1.0,0.0,0.0,0.0,1.0,0.0,0.0,0.0,0.0,0.0,0.0,0.0,0.0,0.0,0.0,0.0
2026-07-30T00:00:00,04:21:45,L28-ENTREVIAS,SP330,373.0,NORTE,-20.65281310505141,-47.88022123317047,CHOQUE,CHOQUE-DEFENSA/BARREIRA,IMPRUD. CONDUTOR-DORMIR AO VOLANTE,0,0,0,0,ORLÂNDIA,FRANCA,RIBEIRÃO PRETO,ESTADUAL,0.0,0.0,0.0,0.0,0.0,0.0,0.0,0.0,0.0,0.0,1.0,0.0,0.0,0.0,0.0,0.0
2026-07-30T00:00:00,06:47:52,L01-AUTOBAN,SP330,60.0,NORTE,-23.18100028702,-46.911460161209,COLISÃO,COLISÃO-TRASEIRA,NÃO INFORMADO,0,0,0,0,JUNDIAÍ,CAMPINAS,CAMPINAS,ESTADUAL,2.0,0.0,0.0,0.0,0.0,0.0,0.0,0.0,0.0,0.0,0.0,0.0,0.0,0.0,0.0,0.0
2026-07-30T00:00:00,07:15:09,L06-INTERVIAS,SP330,177.3,SUL,-22.28896768,-47.39331396,COLISÃO,COLISÃO-TRASEIRA,IMPRUD. CONDUTOR-LEVOU FECHADA,0,0,0,0,ARARAS,CAMPINAS,RIO CLARO,ESTADUAL,1.0,1.0,0.0,0.0,0.0,0.0,0.0,0.0,0.0,0.0,0.0,0.0,0.0,0.0,0.0,0.0
2026-07-30T00:00:00,07:23:20,L01-AUTOBAN,SP330,78.4,SUL,-23.042138187965,-47.00662240712,CHOQUE,CHOQUE-DEFENSA/BARREIRA,NÃO INFORMADO,0,1,0,0,VINHEDO,CAMPINAS,CAMPINAS,ESTADUAL,0.0,0.0,1.0,0.0,0.0,0.0,1.0,0.0,0.0,0.0,0.0,0.0,0.0,0.0,0.0,0.0
2026-07-30T00:00:00,08:14:52,L01-AUTOBAN,SP330,61.0,NORTE,-23.175294620401,-46.918331980705,COLISÃO,COLISÃO-TRASEIRA,NÃO INFORMADO,0,0,0,0,JUNDIAÍ,CAMPINAS,CAMPINAS,ESTADUAL,1.0,1.0,0.0,0.0,0.0,0.0,0.0,0.0,0.0,0.0,0.0,0.0,0.0,0.0,0.0,0.0
2026-07-30T00:00:00,08:53:28,L06-INTERVIAS,SP330,181.76,NORTE,-22.24898723,-47.38999142,CHOQUE,CHOQUE-PRAÇA DE PEDÁGIO,FALHA DE EQUIP. PEDÁGIO-PISTA AVI,0,0,0,0,LEME,CAMPINAS,RIO CLARO,ESTADUAL,0.0,0.0,0.0,0.0,1.0,0.0,0.0,0.0,0.0,0.0,0.0,0.0,0.0,0.0,0.0,0.0
2026-07-30T00:00:00,14:19:00,L01-AUTOBAN,SP330,35.5,SUL,-23.36484060271,-46.846963455368,CHOQUE,CHOQUE-DEFENSA/BARREIRA,NÃO INFORMADO,1,0,0,0,CAJAMAR,REG. METROPOLITANA SÃO PAULO,SÃO PAULO,ESTADUAL,1.0,0.0,0.0,0.0,0.0,0.0,0.0,0.0,0.0,0.0,0.0,0.0,0.0,0.0,0.0,0.0
2026-07-30T00:00:00,14:54:27,L06-INTERVIAS,SP330,204.2,SUL,-22.05108427,-47.42928432,CHOQUE,CHOQUE-OBJETO NA PISTA,OBJETO NA PISTA,0,0,0,0,PIRASSUNUNGA,CAMPINAS,RIO CLARO,ESTADUAL,1.0,0.0,0.0,0.0,0.0,0.0,0.0,0.0,0.0,0.0,0.0,0.0,0.0,0.0,0.0,0.0
2026-07-30T00:00:00,15:30:59,L29-VIAPAULISTA,SP330,313.511,NORTE,-21.15176981,-47.75739433,COLISÃO,COLISÃO-TRASEIRA,IMPRUD. CONDUTOR,0,0,0,0,RIBEIRÃO PRETO,RIBEIRÃO PRETO,RIBEIRÃO PRETO,ESTADUAL,2.0,0.0,0.0,0.0,1.0,0.0,0.0,0.0,0.0,0.0,0.0,0.0,0.0,0.0,0.0,0.0
2026-07-30T00:00:00,15:48:43,L29-VIAPAULISTA,SP330,313.5,NORTE,-21.15186754,-47.75737585,COLISÃO,COLISÃO-TRASEIRA,IMPRUD. CONDUTOR,0,0,0,0,RIBEIRÃO PRETO,RIBEIRÃO PRETO,RIBEIRÃO PRETO,ESTADUAL,0.0,1.0,0.0,0.0,1.0,0.0,0.0,0.0,0.0,0.0,0.0,0.0,0.0,0.0,0.0,0.0
2026-07-30T00:00:00,16:22:59,L29-VIAPAULISTA,SP330,311.665,NORTE,-21.16830866,-47.75627361,COLISÃO,COLISÃO-TRASEIRA,IMPRUD. CONDUTOR-DIST. INADEQUADA ENTRE VEÍC.,1,0,0,0,RIBEIRÃO PRETO,RIBEIRÃO PRETO,RIBEIRÃO PRETO,ESTADUAL,1.0,1.0,0.0,0.0,0.0,0.0,0.0,0.0,0.0,0.0,0.0,0.0,0.0,0.0,0.0,0.0
2026-07-30T00:00:00,17:27:49,L29-VIAPAULISTA,SP330,308.641,NORTE,-21.19556541,-47.75769891,ENGAVETAMENTO,ENGAVETAMENTO,IMPRUD. CONDUTOR,0,0,0,0,RIBEIRÃO PRETO,RIBEIRÃO PRETO,RIBEIRÃO PRETO,ESTADUAL,1.0,1.0,0.0,1.0,0.0,0.0,0.0,0.0,0.0,0.0,0.0,0.0,0.0,0.0,0.0,0.0
2026-07-30T00:00:00,19:07:31,L01-AUTOBAN,SPM330D,15.7,NORTE,-23.495819885573,-46.757516919751,COLISÃO,COLISÃO-TRASEIRA,NÃO INFORMADO,1,0,0,0,SÃO PAULO,REG. METROPOLITANA SÃO PAULO,SÃO PAULO,ESTADUAL,1.0,0.0,1.0,0.0,1.0,0.0,0.0,0.0,0.0,0.0,0.0,0.0,0.0,0.0,0.0,0.0
2026-07-30T00:00:00,19:30:15,L29-VIAPAULISTA,SP330,310.483,NORTE,-21.17898951,-47.75682927,COLISÃO,COLISÃO-LATERAL,IMPRUD. CONDUTOR,0,0,0,1,RIBEIRÃO PRETO,RIBEIRÃO PRETO,RIBEIRÃO PRETO,ESTADUAL,0.0,0.0,1.0,0.0,1.0,0.0,0.0,0.0,0.0,0.0,0.0,0.0,0.0,0.0,0.0,0.0
2026-07-30T00:00:00,23:18:04,L01-AUTOBAN,SP330,139.5,NORTE,-22.614107843995,-47.352645950306,CHOQUE,CHOQUE-OBJETO NA PISTA,NÃO INFORMADO,1,0,0,0,LIMEIRA,CAMPINAS,RIO CLARO,ESTADUAL,1.0,0.0,1.0,0.0,1.0,0.0,0.0,0.0,0.0,0.0,0.0,0.0,0.0,0.0,0.0,0.0
2026-07-31T00:00:00,06:28:55,L01-AUTOBAN,SP330,64.0,SUL,-23.15363355799,-46.935653686523,COLISÃO,COLISÃO-LATERAL,NÃO INFORMADO,1,0,0,0,JUNDIAÍ,CAMPINAS,CAMPINAS,ESTADUAL,0.0,1.0,1.0,0.0,0.0,0.0,0.0,0.0,0.0,0.0,0.0,0.0,0.0,0.0,0.0,0.0
2026-07-31T00:00:00,09:25:15,L01-AUTOBAN,SP330,58.0,NORTE,-23.196902870305,-46.903708577156,COLISÃO,COLISÃO-LATERAL,NÃO INFORMADO,0,1,0,0,JUNDIAÍ,CAMPINAS,CAMPINAS,ESTADUAL,2.0,0.0,0.0,0.0,0.0,0.0,0.0,0.0,0.0,0.0,0.0,0.0,0.0,0.0,0.0,0.0
2026-07-31T00:00:00,12:55:47,L06-INTERVIAS,SP330,200.6,SUL,-22.08253005,-47.42122544,TOMBAMENTO,TOMBAMENTO,IMPRUD. CONDUTOR-PERDA DE CONTROLE,0,0,0,0,SANTA CRUZ DA CONCEIÇÃO,CAMPINAS,RIO CLARO,ESTADUAL,0.0,0.0,0.0,0.0,1.0,0.0,0.0,0.0,0.0,0.0,0.0,0.0,0.0,0.0,0.0,0.0
2026-07-31T00:00:00,13:20:51,L01-AUTOBAN,SP330,69.0,NORTE,-23.113394465514,-46.957647800446,COLISÃO,COLISÃO-TRASEIRA,NÃO INFORMADO,0,0,0,0,JUNDIAÍ,CAMPINAS,CAMPINAS,ESTADUAL,2.0,0.0,0.0,0.0,0.0,0.0,0.0,0.0,0.0,0.0,0.0,0.0,0.0,0.0,0.0,0.0
2026-07-31T00:00:00,15:59:52,L01-AUTOBAN,SPM330D,96.0,NORTE,-22.911450110385,-47.101403474808,ENGAVETAMENTO,ENGAVETAMENTO,NÃO INFORMADO,1,0,0,0,CAMPINAS,CAMPINAS,CAMPINAS,ESTADUAL,2.0,1.0,0.0,0.0,0.0,0.0,0.0,0.0,0.0,0.0,0.0,0.0,0.0,0.0,0.0,0.0
2026-07-31T00:00:00,16:36:39,L01-AUTOBAN,SP330,107.0,NORTE,-22.839452464188,-47.170829772949,ENGAVETAMENTO,ENGAVETAMENTO,NÃO INFORMADO,1,0,0,0,SUMARÉ,CAMPINAS,CAMPINAS,ESTADUAL,3.0,0.0,0.0,0.0,0.0,0.0,0.0,0.0,0.0,0.0,0.0,0.0,0.0,0.0,0.0,0.0
2026-07-31T00:00:00,17:18:30,L01-AUTOBAN,SP330,107.0,SUL,-22.839867744999,-47.170851230621,ENGAVETAMENTO,ENGAVETAMENTO,NÃO INFORMADO,4,0,0,0,SUMARÉ,CAMPINAS,CAMPINAS,ESTADUAL,2.0,0.0,0.0,0.0,1.0,0.0,0.0,0.0,0.0,0.0,0.0,0.0,0.0,0.0,0.0,0.0
2026-07-31T00:00:00,17:46:48,L29-VIAPAULISTA,SP330,317.36,SUL,-21.12162435,-47.77391212,COLISÃO,COLISÃO-LATERAL,IMPRUD. CONDUTOR-MUDANÇA DE FAIXA,1,0,0,0,RIBEIRÃO PRETO,RIBEIRÃO PRETO,RIBEIRÃO PRETO,ESTADUAL,0.0,0.0,1.0,1.0,0.0,0.0,0.0,0.0,0.0,0.0,0.0,0.0,0.0,0.0,0.0,0.0
2026-07-31T00:00:00,18:12:58,L01-AUTOBAN,SP330,61.0,NORTE,-23.175294620401,-46.918331980705,COLISÃO,COLISÃO-TRASEIRA,NÃO INFORMADO,4,0,0,0,JUNDIAÍ,CAMPINAS,CAMPINAS,ESTADUAL,1.0,0.0,0.0,1.0,0.0,0.0,0.0,0.0,0.0,0.0,0.0,0.0,0.0,0.0,0.0,0.0
2026-07-31T00:00:00,18:25:20,L28-ENTREVIAS,SP330,321.1,SUL,-21.09067401966189,-47.79609111098393,COLISÃO,COLISÃO-LATERAL,IMPRUD. CONDUTOR-LEVOU FECHADA,0,0,0,0,RIBEIRÃO PRETO,RIBEIRÃO PRETO,RIBEIRÃO PRETO,ESTADUAL,1.0,0.0,0.0,0.0,1.0,0.0,0.0,0.0,0.0,0.0,0.0,0.0,0.0,0.0,0.0,0.0
2026-07-31T00:00:00,18:43:44,L01-AUTOBAN,SPM330D,91.0,NORTE,-22.942859,-47.066539,ENGAVETAMENTO,ENGAVETAMENTO,NÃO INFORMADO,0,0,0,0,CAMPINAS,CAMPINAS,CAMPINAS,ESTADUAL,2.0,0.0,0.0,1.0,0.0,0.0,0.0,0.0,0.0,0.0,0.0,0.0,0.0,0.0,0.0,0.0
2026-07-31T00:00:00,19:04:09,L29-VIAPAULISTA,SP330,285.201,SUL,-21.39166317,-47.69538832,CAPOTAMENTO,CAPOTAMENTO,IMPRUD. PEDESTRE-USUÁRIO,2,0,0,0,CRAVINHOS,RIBEIRÃO PRETO,RIBEIRÃO PRETO,ESTADUAL,1.0,0.0,0.0,0.0,0.0,0.0,0.0,0.0,0.0,0.0,0.0,0.0,0.0,0.0,0.0,0.0
2026-07-31T00:00:00,19:09:48,L01-AUTOBAN,SP330,11.46,NORTE,-23.510308819155,-46.728911022024,COLISÃO,COLISÃO-TRASEIRA,NÃO INFORMADO,1,0,0,0,SÃO PAULO,REG. METROPOLITANA SÃO PAULO,SÃO PAULO,ESTADUAL,1.0,0.0,1.0,0.0,0.0,0.0,0.0,0.0,0.0,0.0,0.0,0.0,0.0,0.0,0.0,0.0
2026-07-31T00:00:00,19:55:57,L01-AUTOBAN,SPM330D,106.0,NORTE,-22.846507,-47.164055,CHOQUE,CHOQUE-DEFENSA/BARREIRA,NÃO INFORMADO,1,0,0,0,SUMARÉ,CAMPINAS,CAMPINAS,ESTADUAL,1.0,0.0,0.0,0.0,0.0,0.0,0.0,0.0,0.0,0.0,0.0,0.0,0.0,0.0,0.0,0.0
2026-07-31T00:00:00,20:58:30,L01-AUTOBAN,SPM330E,53.55,SUL,-23.22672381703,-46.875554230339,COLISÃO,COLISÃO-FRONTAL,NÃO INFORMADO,1,0,0,0,JUNDIAÍ,CAMPINAS,CAMPINAS,ESTADUAL,1.0,0.0,0.0,1.0,0.0,0.0,0.0,0.0,0.0,0.0,0.0,0.0,0.0,0.0,0.0,0.0
2026-07-31T00:00:00,23:54:54,L01-AUTOBAN,SP330,46.0,SUL,-23.288307223274,-46.866114735603,CHOQUE,CHOQUE-DEFENSA/BARREIRA,NÃO INFORMADO,0,0,0,0,CAJAMAR,REG. METROPOLITANA SÃO PAULO,SÃO PAULO,ESTADUAL,1.0,0.0,0.0,0.0,0.0,0.0,0.0,0.0,0.0,0.0,0.0,0.0,0.0,0.0,0.0,0.0
2026-08-01T00:00:00,08:04:51,L29-VIAPAULISTA,SPD315/330,315.2,NORTE,-21.13749195,-47.7628851,TOMBAMENTO,TOMBAMENTO,ÓLEO NA PISTA,0,0,0,0,RIBEIRÃO PRETO,NÃO INFORMADO,NÃO INFORMADO,NÃO INFORMADO,0.0,0.0,1.0,0.0,0.0,0.0,0.0,0.0,0.0,0.0,0.0,0.0,0.0,0.0,0.0,0.0
2026-08-01T00:00:00,08:24:07,L29-VIAPAULISTA,SPD315/330,315.2,NORTE,-21.13749195,-47.7628851,TOMBAMENTO,TOMBAMENTO,ÓLEO NA PISTA,0,0,0,0,RIBEIRÃO PRETO,NÃO INFORMADO,NÃO INFORMADO,NÃO INFORMADO,0.0,0.0,1.0,0.0,0.0,0.0,0.0,0.0,0.0,0.0,0.0,0.0,0.0,0.0,0.0,0.0
2026-08-01T00:00:00,09:41:58,L06-INTERVIAS,SP330,196.46,SUL,-22.11862678,-47.41140052,OBJETO LANÇADO CONTRA O VEÍCULO,OBJETO LANÇADO CONTRA O VEÍCULO,OBJETO LANÇADO,0,0,0,0,SANTA CRUZ DA CONCEIÇÃO,CAMPINAS,RIO CLARO,ESTADUAL,1.0,0.0,0.0,0.0,0.0,0.0,0.0,0.0,0.0,0.0,0.0,0.0,0.0,0.0,0.0,0.0
2026-08-01T00:00:00,10:52:32,L01-AUTOBAN,SP330,61.0,SUL,-23.175304483475,-46.918702125549,COLISÃO,COLISÃO-TRASEIRA,NÃO INFORMADO,0,0,0,0,JUNDIAÍ,CAMPINAS,CAMPINAS,ESTADUAL,1.0,1.0,0.0,0.0,0.0,0.0,0.0,0.0,0.0,0.0,0.0,0.0,0.0,0.0,0.0,0.0
2026-08-01T00:00:00,14:17:17,L29-VIAPAULISTA,SP330,245.0,NORTE,-21.72669774,-47.58628027,CHOQUE,CHOQUE-OBJETO NA PISTA,IMPRUD. CONDUTOR-EFETUAVA A RÉ,0,0,0,0,SANTA RITA DO PASSA QUATRO,CENTRAL,RIBEIRÃO PRETO,ESTADUAL,0.0,0.0,0.0,0.0,1.0,0.0,1.0,0.0,0.0,0.0,0.0,0.0,0.0,0.0,0.0,0.0
2026-08-01T00:00:00,14:42:17,L06-INTERVIAS,SP330,237.7,NORTE,-21.77476528,-47.53961529,COLISÃO,COLISÃO-TRASEIRA,IMPRUD. CONDUTOR,2,0,0,0,SANTA RITA DO PASSA QUATRO,CENTRAL,RIBEIRÃO PRETO,ESTADUAL,1.0,0.0,0.0,0.0,1.0,0.0,0.0,0.0,0.0,0.0,0.0,0.0,0.0,0.0,0.0,0.0
2026-08-01T00:00:00,14:53:11,L01-AUTOBAN,SP330,146.0,SUL,-22.560920351583,-47.366502285004,CHOQUE,CHOQUE-OBJETO NA PISTA,NÃO INFORMADO,1,0,0,0,LIMEIRA,CAMPINAS,RIO CLARO,ESTADUAL,0.0,0.0,1.0,0.0,0.0,0.0,0.0,0.0,0.0,0.0,0.0,0.0,0.0,0.0,0.0,0.0
2026-08-01T00:00:00,16:28:22,L01-AUTOBAN,SP330,14.25,SUL,-23.50536955115,-46.751199513674,ATROPELAMENTO DE PEDESTRE,ATROP. PEDESTRE-OUTROS,NÃO INFORMADO,0,0,1,0,SÃO PAULO,REG. METROPOLITANA SÃO PAULO,SÃO PAULO,ESTADUAL,0.0,0.0,1.0,0.0,0.0,0.0,0.0,1.0,0.0,0.0,0.0,0.0,0.0,0.0,0.0,0.0
2026-08-01T00:00:00,17:15:06,L29-VIAPAULISTA,SPD317/330,317.6,NORTE,-21.11930568,-47.77540646,COLISÃO,COLISÃO-LATERAL,OFUSCAMENTO (NATURAL OU OUTRO VEÍCULO),1,0,0,0,RIBEIRÃO PRETO,NÃO INFORMADO,NÃO INFORMADO,NÃO INFORMADO,0.0,0.0,1.0,1.0,0.0,0.0,0.0,0.0,0.0,0.0,0.0,0.0,0.0,0.0,0.0,0.0
2026-08-01T00:00:00,17:47:01,L06-INTERVIAS,SP330,170.45,NORTE,-22.3499375,-47.39411851,COLISÃO,COLISÃO-TRASEIRA,IMPRUD. CONDUTOR,0,0,0,0,ARARAS,CAMPINAS,RIO CLARO,ESTADUAL,1.0,0.0,0.0,0.0,1.0,0.0,0.0,0.0,0.0,0.0,0.0,0.0,0.0,0.0,0.0,0.0
2026-08-01T00:00:00,20:29:00,L28-ENTREVIAS,SP330,394.7,NORTE,-20.47464814524111,-47.84061653636376,ATROPELAMENTO DE ANIMAL,ATROP. ANIMAL-SILVESTRE GRANDE,ANIMAL NA RODOVIA,0,0,0,0,GUARÁ,FRANCA,RIBEIRÃO PRETO,ESTADUAL,0.0,0.0,0.0,0.0,0.0,0.0,0.0,0.0,0.0,0.0,2.0,0.0,0.0,0.0,0.0,0.0
2026-08-01T00:00:00,21:27:00,L28-ENTREVIAS,SP330,321.5,NORTE,-21.09421756485558,-47.79355910567387,TOMBAMENTO,TOMBAMENTO-MOTO,PANE MECÂNICA/ELÉTRICA,1,0,0,0,RIBEIRÃO PRETO,RIBEIRÃO PRETO,RIBEIRÃO PRETO,ESTADUAL,0.0,0.0,1.0,0.0,0.0,0.0,0.0,0.0,0.0,0.0,0.0,0.0,0.0,0.0,0.0,0.0
2026-08-01T00:00:00,23:44:30,L01-AUTOBAN,SP330,61.0,SUL,-23.175304483475,-46.918702125549,COLISÃO,COLISÃO-TRASEIRA,NÃO INFORMADO,0,0,0,0,JUNDIAÍ,CAMPINAS,CAMPINAS,ESTADUAL,1.0,1.0,0.0,0.0,0.0,0.0,0.0,0.0,0.0,0.0,0.0,0.0,0.0,0.0,0.0,0.0
2026-08-02T00:00:00,01:09:10,L29-VIAPAULISTA,SPD307/330,307.5,NORTE,-21.20587184,-47.75823958,CHOQUE,CHOQUE-DEFENSA/BARREIRA,IMPRUD. CONDUTOR-DORMIR AO VOLANTE,1,0,0,0,RIBEIRÃO PRETO,NÃO INFORMADO,NÃO INFORMADO,NÃO INFORMADO,1.0,0.0,0.0,0.0,0.0,0.0,0.0,0.0,0.0,0.0,0.0,0.0,0.0,0.0,0.0,0.0
2026-08-02T00:00:00,06:06:51,L29-VIAPAULISTA,SP330,291.77,SUL,-21.3416509,-47.72430984,COLISÃO,COLISÃO-TRASEIRA,IMPRUD. CONDUTOR-FAROL DESREGULADO/APAGADO,0,0,0,0,CRAVINHOS,RIBEIRÃO PRETO,RIBEIRÃO PRETO,ESTADUAL,0.0,1.0,0.0,1.0,0.0,0.0,0.0,0.0,0.0,0.0,0.0,0.0,0.0,0.0,0.0,0.0
2026-08-02T00:00:00,07:19:12,L01-AUTOBAN,SP330,20.8,NORTE,-23.462358569772,-46.780898807501,COLISÃO,COLISÃO-TRASEIRA,NÃO INFORMADO,1,0,0,0,SÃO PAULO,REG. METROPOLITANA SÃO PAULO,SÃO PAULO,ESTADUAL,1.0,0.0,1.0,0.0,0.0,0.0,0.0,0.0,0.0,0.0,0.0,0.0,0.0,0.0,0.0,0.0
2026-08-02T00:00:00,10:50:26,L01-AUTOBAN,SP330,35.8,SUL,-23.362232170969,-46.847945326092,CHOQUE,CHOQUE-SINALIZAÇÃO/EQUIPAMENTO,NÃO INFORMADO,0,0,0,0,CAJAMAR,REG. METROPOLITANA SÃO PAULO,SÃO PAULO,ESTADUAL,0.0,0.0,0.0,1.0,0.0,0.0,0.0,0.0,0.0,0.0,0.0,0.0,0.0,0.0,0.0,0.0
2026-08-02T00:00:00,14:27:42,L01-AUTOBAN,SPM330D,56.0,NORTE,-23.210900509412,-46.891751289368,COLISÃO,COLISÃO-TRASEIRA,NÃO INFORMADO,2,0,0,0,JUNDIAÍ,CAMPINAS,CAMPINAS,ESTADUAL,1.0,0.0,0.0,0.0,0.0,0.0,0.0,1.0,0.0,0.0,0.0,0.0,0.0,0.0,0.0,0.0
2026-08-02T00:00:00,18:32:21,L06-INTERVIAS,SP330,191.5,SUL,-22.16155114,-47.39987897,COLISÃO,COLISÃO-TRASEIRA,IMPRUD. CONDUTOR,0,0,0,0,LEME,CAMPINAS,RIO CLARO,ESTADUAL,2.0,0.0,0.0,0.0,0.0,0.0,0.0,0.0,0.0,0.0,0.0,0.0,0.0,0.0,0.0,0.0
2026-08-02T00:00:00,19:04:31,L28-ENTREVIAS,SP330,402.35,SUL,-20.41168695878919,-47.82590235492752,CHOQUE,CHOQUE-OBJETO NA PISTA,OBJETO NA PISTA,0,0,0,0,GUARÁ,FRANCA,RIBEIRÃO PRETO,ESTADUAL,0.0,0.0,0.0,0.0,0.0,0.0,0.0,0.0,0.0,0.0,1.0,0.0,0.0,0.0,0.0,0.0
2026-08-02T00:00:00,19:24:41,L01-AUTOBAN,SP330,115.5,SUL,-22.787989789836,-47.22857773304,CHOQUE,CHOQUE-DEFENSA/BARREIRA,NÃO INFORMADO,0,0,0,0,SUMARÉ,CAMPINAS,CAMPINAS,ESTADUAL,1.0,0.0,0.0,0.0,0.0,0.0,0.0,0.0,0.0,0.0,0.0,0.0,0.0,0.0,0.0,0.0
2026-08-02T00:00:00,20:01:09,L29-VIAPAULISTA,SP330,317.711,SUL,-21.11920926,-47.7757059,COLISÃO,COLISÃO-TRASEIRA,NÃO INFORMADO,1,0,1,2,RIBEIRÃO PRETO,RIBEIRÃO PRETO,RIBEIRÃO PRETO,ESTADUAL,1.0,0.0,0.0,0.0,1.0,0.0,0.0,0.0,0.0,0.0,0.0,0.0,0.0,0.0,0.0,0.0
2026-08-02T00:00:00,20:05:57,L29-VIAPAULISTA,SP330,281.0,NORTE,-21.41393659,-47.66460571,COLISÃO,COLISÃO-LATERAL,IMPRUD. CONDUTOR,0,0,0,0,SÃO SIMÃO,RIBEIRÃO PRETO,RIBEIRÃO PRETO,ESTADUAL,1.0,0.0,0.0,0.0,0.0,0.0,1.0,0.0,0.0,0.0,0.0,0.0,0.0,0.0,0.0,0.0
2026-08-03T00:00:00,02:06:51,L06-INTERVIAS,SP330,235.0,NORTE,-21.79034635,-47.51972356,OBJETO LANÇADO CONTRA O VEÍCULO,OBJETO LANÇADO CONTRA O VEÍCULO,OBJETO LANÇADO,0,0,0,0,SANTA RITA DO PASSA QUATRO,CENTRAL,RIBEIRÃO PRETO,ESTADUAL,1.0,0.0,0.0,0.0,0.0,0.0,0.0,0.0,0.0,0.0,0.0,0.0,0.0,0.0,0.0,0.0
2026-08-03T00:00:00,05:47:57,L06-INTERVIAS,SP330,231.0,SUL,-21.81839769,-47.49672969,ATROPELAMENTO DE ANIMAL,ATROP. ANIMAL-OUTROS,ANIMAL NA RODOVIA,0,0,0,0,PORTO FERREIRA,CENTRAL,RIO CLARO,ESTADUAL,1.0,0.0,0.0,0.0,0.0,0.0,0.0,0.0,0.0,0.0,0.0,0.0,0.0,0.0,0.0,0.0
2026-08-03T00:00:00,07:14:22,L29-VIAPAULISTA,SPD315/330,315.2,NORTE,-21.13749195,-47.7628851,TOMBAMENTO,TOMBAMENTO,ÓLEO NA PISTA,1,0,0,0,RIBEIRÃO PRETO,NÃO INFORMADO,NÃO INFORMADO,NÃO INFORMADO,0.0,0.0,1.0,0.0,0.0,0.0,0.0,0.0,0.0,0.0,0.0,0.0,0.0,0.0,0.0,0.0
2026-08-03T00:00:00,11:54:40,L29-VIAPAULISTA,SP330,283.66,NORTE,-21.39723497,-47.6820936,TOMBAMENTO,TOMBAMENTO,ESTOURO/FURO DE PNEU,0,0,0,0,SÃO SIMÃO,RIBEIRÃO PRETO,RIBEIRÃO PRETO,ESTADUAL,0.0,0.0,0.0,0.0,1.0,0.0,0.0,0.0,0.0,0.0,0.0,0.0,0.0,0.0,0.0,0.0
2026-08-03T00:00:00,12:40:00,L28-ENTREVIAS,SP330,406.0,SUL,-20.36974714698484,-47.81491227472867,TOMBAMENTO,TOMBAMENTO-VEÍCULO PESADO,IMPRUD. CONDUTOR-PERDA DE CONTROLE,1,0,0,0,ITUVERAVA,FRANCA,RIBEIRÃO PRETO,ESTADUAL,0.0,0.0,0.0,0.0,1.0,0.0,0.0,0.0,0.0,0.0,0.0,0.0,0.0,0.0,0.0,0.0
2026-08-03T00:00:00,14:39:49,L06-INTERVIAS,SP330,235.0,NORTE,-21.79034635,-47.51972356,CHOQUE,CHOQUE-SINALIZAÇÃO/EQUIPAMENTO,IMPRUD. CONDUTOR-LEVOU FECHADA,0,0,0,0,SANTA RITA DO PASSA QUATRO,CENTRAL,RIBEIRÃO PRETO,ESTADUAL,1.0,0.0,0.0,0.0,0.0,0.0,0.0,0.0,0.0,0.0,0.0,0.0,0.0,0.0,0.0,0.0
2026-08-03T00:00:00,17:37:00,L01-AUTOBAN,SPM330D,100.0,NORTE,-22.880331764505,-47.117582559586,COLISÃO,COLISÃO-TRASEIRA,NÃO INFORMADO,0,0,0,0,CAMPINAS,CAMPINAS,CAMPINAS,ESTADUAL,1.0,1.0,0.0,0.0,0.0,0.0,0.0,0.0,0.0,0.0,0.0,0.0,0.0,0.0,0.0,0.0
2026-08-03T00:00:00,17:42:29,L29-VIAPAULISTA,SPD292/330,292.5,SUL,-21.33528282,-47.72611571,CHOQUE,CHOQUE-DEFENSA/BARREIRA,IMPRUD. CONDUTOR-PERDA DE CONTROLE,0,0,0,0,CRAVINHOS,NÃO INFORMADO,NÃO INFORMADO,NÃO INFORMADO,0.0,0.0,0.0,1.0,0.0,0.0,0.0,0.0,0.0,0.0,0.0,0.0,0.0,0.0,0.0,0.0
2026-08-03T00:00:00,18:54:51,L01-AUTOBAN,SP330,61.0,SUL,-23.175304483475,-46.918702125549,COLISÃO,COLISÃO-TRASEIRA,NÃO INFORMADO,1,0,0,0,JUNDIAÍ,CAMPINAS,CAMPINAS,ESTADUAL,1.0,0.0,1.0,0.0,0.0,0.0,0.0,0.0,0.0,0.0,0.0,0.0,0.0,0.0,0.0,0.0
2026-08-03T00:00:00,19:12:23,L29-VIAPAULISTA,SPD307/330,307.5,NORTE,-21.20587184,-47.75823958,TOMBAMENTO,TOMBAMENTO,ÓLEO NA PISTA,1,0,0,0,RIBEIRÃO PRETO,NÃO INFORMADO,NÃO INFORMADO,NÃO INFORMADO,0.0,0.0,1.0,0.0,0.0,0.0,0.0,0.0,0.0,0.0,0.0,0.0,0.0,0.0,0.0,0.0
2026-08-03T00:00:00,21:43:27,L01-AUTOBAN,SPM330D,111.7,NORTE,-22.814911073096,-47.20679978308,ATROPELAMENTO DE ANIMAL,ATROP. ANIMAL-OUTROS,NÃO INFORMADO,0,1,0,0,SUMARÉ,CAMPINAS,CAMPINAS,ESTADUAL,0.0,0.0,1.0,0.0,0.0,0.0,0.0,0.0,0.0,0.0,0.0,0.0,0.0,0.0,0.0,0.0
2026-08-03T00:00:00,22:32:01,L29-VIAPAULISTA,SP330,306.28,NORTE,-21.21686851,-47.75876236,TOMBAMENTO,TOMBAMENTO,ESTOURO/FURO DE PNEU,2,0,0,0,RIBEIRÃO PRETO,RIBEIRÃO PRETO,RIBEIRÃO PRETO,ESTADUAL,0.0,0.0,1.0,0.0,0.0,0.0,0.0,0.0,0.0,0.0,0.0,0.0,0.0,0.0,0.0,0.0
2026-08-04T00:00:00,05:42:33,L06-INTERVIAS,SP330,160.53,SUL,-22.43779312,-47.39655571,COLISÃO,COLISÃO-TRASEIRA,IMPRUD. CONDUTOR-MUDANÇA DE FAIXA,0,0,0,1,ARARAS,CAMPINAS,RIO CLARO,ESTADUAL,0.0,0.0,0.0,1.0,1.0,0.0,0.0,0.0,0.0,0.0,0.0,0.0,0.0,0.0,0.0,0.0
2026-08-04T00:00:00,08:12:29,L01-AUTOBAN,SP330,63.0,SUL,-23.16087896177,-46.931920051575,COLISÃO,COLISÃO-TRASEIRA,NÃO INFORMADO,1,0,0,0,JUNDIAÍ,CAMPINAS,CAMPINAS,ESTADUAL,1.0,0.0,0.0,0.0,1.0,0.0,0.0,0.0,0.0,0.0,0.0,0.0,0.0,0.0,0.0,0.0
2026-08-04T00:00:00,08:14:00,L29-VIAPAULISTA,SPD305/330,305.7,SUL,-21.22317584,-47.75928695,TOMBAMENTO,TOMBAMENTO,IMPRUD. CONDUTOR-PERDA DE CONTROLE,1,0,0,0,RIBEIRÃO PRETO,NÃO INFORMADO,NÃO INFORMADO,NÃO INFORMADO,0.0,0.0,1.0,0.0,0.0,0.0,0.0,0.0,0.0,0.0,0.0,0.0,0.0,0.0,0.0,0.0
2026-08-04T00:00:00,08:53:42,L06-INTERVIAS,SP330,163.5,SUL,-22.41171541,-47.39028411,TOMBAMENTO,TOMBAMENTO,IMPRUD. CONDUTOR-PERDA DE CONTROLE,1,0,0,0,ARARAS,CAMPINAS,RIO CLARO,ESTADUAL,0.0,0.0,1.0,0.0,0.0,0.0,0.0,0.0,0.0,0.0,0.0,0.0,0.0,0.0,0.0,0.0
2026-08-04T00:00:00,12:32:14,L01-AUTOBAN,SP330,84.2,NORTE,-22.996110953286,-47.034234506109,TOMBAMENTO,TOMBAMENTO,NÃO INFORMADO,1,0,0,0,VALINHOS,CAMPINAS,CAMPINAS,ESTADUAL,0.0,0.0,0.0,1.0,0.0,0.0,0.0,0.0,0.0,0.0,0.0,0.0,0.0,0.0,0.0,0.0
2026-08-04T00:00:00,18:25:26,L01-AUTOBAN,SP330,111.0,SUL,-22.818118179636,-47.201744914055,ENGAVETAMENTO,ENGAVETAMENTO,NÃO INFORMADO,3,0,0,0,SUMARÉ,CAMPINAS,CAMPINAS,ESTADUAL,1.0,0.0,0.0,0.0,2.0,0.0,0.0,0.0,0.0,0.0,0.0,0.0,0.0,0.0,0.0,0.0
2026-08-04T00:00:00,18:42:12,L01-AUTOBAN,SP330,118.0,SUL,-22.769034170109,-47.24156498909,TOMBAMENTO,TOMBAMENTO,NÃO INFORMADO,1,0,0,0,NOVA ODESSA,CAMPINAS,RIO CLARO,ESTADUAL,0.0,0.0,1.0,0.0,0.0,0.0,0.0,0.0,0.0,0.0,0.0,0.0,0.0,0.0,0.0,0.0
2026-08-04T00:00:00,19:47:20,L29-VIAPAULISTA,SP330,244.0,SUL,-21.73523428,-47.5831591,COLISÃO,COLISÃO-TRASEIRA,IMPRUD. CONDUTOR,0,0,0,0,SANTA RITA DO PASSA QUATRO,CENTRAL,RIBEIRÃO PRETO,ESTADUAL,0.0,1.0,0.0,0.0,2.0,0.0,0.0,0.0,0.0,0.0,0.0,0.0,0.0,0.0,0.0,0.0
2026-08-04T00:00:00,19:52:28,L01-AUTOBAN,SPM330D,13.5,NORTE,-23.5074805,-46.74511,ATROPELAMENTO DE PEDESTRE,ATROP. PEDESTRE-OUTROS,NÃO INFORMADO,0,0,0,1,SÃO PAULO,REG. METROPOLITANA SÃO PAULO,SÃO PAULO,ESTADUAL,0.0,0.0,0.0,0.0,0.0,0.0,0.0,1.0,0.0,0.0,0.0,0.0,0.0,0.0,0.0,0.0
2026-08-04T00:00:00,22:08:54,L01-AUTOBAN,SP330,47.85,SUL,-23.275316808497,-46.870359872469,COLISÃO,COLISÃO-LATERAL,NÃO INFORMADO,0,0,0,0,JUNDIAÍ,CAMPINAS,CAMPINAS,ESTADUAL,1.0,0.0,0.0,0.0,1.0,0.0,0.0,0.0,0.0,0.0,0.0,0.0,0.0,0.0,0.0,0.0
2026-08-04T00:00:00,23:05:00,L28-ENTREVIAS,SP330,395.15,SUL,-20.47464814524111,-47.84061653636376,COLISÃO,COLISÃO-TRASEIRA,IMPRUD. CONDUTOR-FALTA DE ATENÇÃO,0,0,0,1,GUARÁ,FRANCA,RIBEIRÃO PRETO,ESTADUAL,1.0,0.0,0.0,0.0,1.0,0.0,0.0,0.0,0.0,0.0,0.0,0.0,0.0,0.0,0.0,0.0
2026-08-05T00:00:00,07:02:08,L01-AUTOBAN,SPM330E,93.0,SUL,-22.929865,-47.079096,ENGAVETAMENTO,ENGAVETAMENTO,NÃO INFORMADO,1,0,0,0,CAMPINAS,CAMPINAS,CAMPINAS,ESTADUAL,2.0,0.0,1.0,0.0,0.0,0.0,0.0,0.0,0.0,0.0,0.0,0.0,0.0,0.0,0.0,0.0
2026-08-05T00:00:00,08:34:00,L01-AUTOBAN,SP330,33.0,NORTE,-23.38469091083,-46.838348507881,COLISÃO,COLISÃO-TRASEIRA,NÃO INFORMADO,1,0,0,0,CAJAMAR,REG. METROPOLITANA SÃO PAULO,SÃO PAULO,ESTADUAL,1.0,0.0,0.0,1.0,0.0,0.0,0.0,0.0,0.0,0.0,0.0,0.0,0.0,0.0,0.0,0.0
2026-08-05T00:00:00,15:40:39,L01-AUTOBAN,SP330,112.0,NORTE,-22.813712468257,-47.208970785141,COLISÃO,COLISÃO-LATERAL,NÃO INFORMADO,1,0,0,0,SUMARÉ,CAMPINAS,CAMPINAS,ESTADUAL,2.0,0.0,0.0,0.0,0.0,0.0,0.0,0.0,0.0,0.0,0.0,0.0,0.0,0.0,0.0,0.0
2026-08-05T00:00:00,16:43:00,L28-ENTREVIAS,SP330,388.286,NORTE,-20.53471004514387,-47.84835027493978,CAPOTAMENTO,CAPOTAMENTO,IMPRUD. CONDUTOR-PERDA DE CONTROLE,0,0,0,0,SÃO JOAQUIM DA BARRA,FRANCA,RIBEIRÃO PRETO,ESTADUAL,1.0,0.0,0.0,0.0,0.0,0.0,0.0,0.0,0.0,0.0,0.0,0.0,0.0,0.0,0.0,0.0
2026-08-05T00:00:00,19:22:31,L01-AUTOBAN,SP330,91.0,NORTE,-22.942859,-47.066539,TOMBAMENTO,TOMBAMENTO,NÃO INFORMADO,1,1,0,0,CAMPINAS,CAMPINAS,CAMPINAS,ESTADUAL,0.0,0.0,1.0,0.0,0.0,0.0,0.0,0.0,0.0,0.0,0.0,0.0,0.0,0.0,0.0,0.0
2026-08-05T00:00:00,21:53:10,L01-AUTOBAN,SP330,43.0,NORTE,-23.310478510736,-46.857231259346,CHOQUE,CHOQUE-VEÍCULO PARADO NO ACOSTAMENTO,NÃO INFORMADO,0,0,0,0,CAJAMAR,REG. METROPOLITANA SÃO PAULO,SÃO PAULO,ESTADUAL,1.0,0.0,0.0,0.0,0.0,0.0,1.0,0.0,0.0,0.0,0.0,0.0,0.0,0.0,0.0,0.0
2026-08-05T00:00:00,22:31:33,L06-INTERVIAS,SP330,215.0,SUL,-21.95861761,-47.45975204,TOMBAMENTO,TOMBAMENTO,IMPRUD. CONDUTOR-PERDA DE CONTROLE,1,0,0,0,PIRASSUNUNGA,CAMPINAS,RIO CLARO,ESTADUAL,0.0,0.0,1.0,0.0,0.0,0.0,0.0,0.0,0.0,0.0,0.0,0.0,0.0,0.0,0.0,0.0
2026-08-05T00:00:00,23:44:30,L01-AUTOBAN,SPM330E,14.0,SUL,-23.507187255032,-46.750034093857,CHOQUE,CHOQUE-DEFENSA/BARREIRA,NÃO INFORMADO,0,0,0,0,SÃO PAULO,REG. METROPOLITANA SÃO PAULO,SÃO PAULO,ESTADUAL,1.0,0.0,0.0,0.0,1.0,0.0,0.0,0.0,0.0,0.0,0.0,0.0,0.0,0.0,0.0,0.0
2026-08-06T00:00:00,00:38:37,L01-AUTOBAN,SPM330E,112.0,SUL,-22.813845976757,-47.209303379059,CHOQUE,CHOQUE-TALUDE/BARRANCO,NÃO INFORMADO,0,0,0,0,SUMARÉ,CAMPINAS,CAMPINAS,ESTADUAL,0.0,0.0,0.0,0.0,1.0,0.0,0.0,0.0,0.0,0.0,0.0,0.0,0.0,0.0,0.0,0.0
2026-08-06T00:00:00,05:47:14,L06-INTERVIAS,SP330,209.4,SUL,-22.00590711,-47.44331839,CHOQUE,CHOQUE-DEFENSA/BARREIRA,IMPRUD. CONDUTOR-PERDA DE CONTROLE,0,0,0,0,PIRASSUNUNGA,CAMPINAS,RIO CLARO,ESTADUAL,1.0,0.0,0.0,0.0,0.0,0.0,0.0,0.0,0.0,0.0,0.0,0.0,0.0,0.0,0.0,0.0
2026-08-06T00:00:00,06:27:58,L29-VIAPAULISTA,SP330,281.547,NORTE,-21.41003103,-47.66758306,COLISÃO,COLISÃO-TRASEIRA,IMPRUD. CONDUTOR-DIST. INADEQUADA ENTRE VEÍC.,0,0,0,0,SÃO SIMÃO,RIBEIRÃO PRETO,RIBEIRÃO PRETO,ESTADUAL,0.0,1.0,1.0,0.0,0.0,0.0,0.0,0.0,0.0,0.0,0.0,0.0,0.0,0.0,0.0,0.0
2026-08-06T00:00:00,07:30:00,L28-ENTREVIAS,SP330,363.696,SUL,-20.74701080388882,-47.89327961951589,CHOQUE,CHOQUE-ELEMENTO DE DRENAGEM,IMPRUD. CONDUTOR-PERDA DE CONTROLE,0,0,0,0,ORLÂNDIA,FRANCA,RIBEIRÃO PRETO,ESTADUAL,0.0,0.0,0.0,0.0,1.0,0.0,0.0,0.0,0.0,0.0,0.0,0.0,0.0,0.0,0.0,0.0
2026-08-06T00:00:00,08:50:41,L01-AUTOBAN,SPM330E,107.0,SUL,-22.839867744999,-47.170851230621,COLISÃO,COLISÃO-TRASEIRA,NÃO INFORMADO,1,0,0,0,SUMARÉ,CAMPINAS,CAMPINAS,ESTADUAL,0.0,1.0,1.0,0.0,0.0,0.0,0.0,0.0,0.0,0.0,0.0,0.0,0.0,0.0,0.0,0.0
2026-08-06T00:00:00,09:26:55,L29-VIAPAULISTA,SP330,313.0,SUL,-21.15622499,-47.7565865,ENGAVETAMENTO,ENGAVETAMENTO,IMPRUD. CONDUTOR-DIST. INADEQUADA ENTRE VEÍC.,0,0,0,0,RIBEIRÃO PRETO,RIBEIRÃO PRETO,RIBEIRÃO PRETO,ESTADUAL,1.0,2.0,0.0,0.0,0.0,0.0,0.0,0.0,0.0,0.0,0.0,0.0,0.0,0.0,0.0,0.0
2026-08-06T00:00:00,12:38:41,L29-VIAPAULISTA,SPD307/330,307.5,SUL,-21.20635092,-47.75840115,TOMBAMENTO,TOMBAMENTO,IMPRUD. CONDUTOR-PERDA DE CONTROLE,1,0,0,0,RIBEIRÃO PRETO,NÃO INFORMADO,NÃO INFORMADO,NÃO INFORMADO,0.0,0.0,1.0,0.0,0.0,0.0,0.0,0.0,0.0,0.0,0.0,0.0,0.0,0.0,0.0,0.0
2026-08-06T00:00:00,15:24:43,L01-AUTOBAN,SPM330D,18.0,NORTE,-23.482416628034,-46.770944595337,TOMBAMENTO,TOMBAMENTO-MOTO,NÃO INFORMADO,0,1,0,0,OSASCO,REG. METROPOLITANA SÃO PAULO,SÃO PAULO,ESTADUAL,1.0,0.0,1.0,0.0,0.0,0.0,0.0,0.0,0.0,0.0,0.0,0.0,0.0,0.0,0.0,0.0
2026-08-06T00:00:00,15:31:12,L01-AUTOBAN,SP330,138.0,SUL,-22.624171964553,-47.343065142632,COLISÃO,COLISÃO-TRASEIRA,NÃO INFORMADO,1,0,0,0,LIMEIRA,CAMPINAS,RIO CLARO,ESTADUAL,1.0,0.0,1.0,0.0,0.0,0.0,0.0,0.0,0.0,0.0,0.0,0.0,0.0,0.0,0.0,0.0
2026-08-06T00:00:00,15:43:23,L01-AUTOBAN,SP330,139.0,SUL,-22.617749569415,-47.349067926407,COLISÃO,COLISÃO-LATERAL,NÃO INFORMADO,0,0,0,0,LIMEIRA,CAMPINAS,RIO CLARO,ESTADUAL,1.0,0.0,0.0,0.0,1.0,0.0,0.0,0.0,0.0,0.0,0.0,0.0,0.0,0.0,0.0,0.0
2026-08-06T00:00:00,19:45:08,L01-AUTOBAN,SP330,96.95,NORTE,-22.904446276588,-47.107478122271,ENGAVETAMENTO,ENGAVETAMENTO,NÃO INFORMADO,1,0,0,0,CAMPINAS,CAMPINAS,CAMPINAS,ESTADUAL,2.0,0.0,0.0,0.0,0.0,0.0,1.0,0.0,0.0,0.0,0.0,0.0,0.0,0.0,0.0,0.0
2026-08-06T00:00:00,20:43:12,L01-AUTOBAN,SPM330D,100.0,NORTE,-22.880331764505,-47.117582559586,COLISÃO,COLISÃO-TRASEIRA,NÃO INFORMADO,0,0,0,0,CAMPINAS,CAMPINAS,CAMPINAS,ESTADUAL,1.0,0.0,1.0,0.0,0.0,0.0,0.0,0.0,0.0,0.0,0.0,0.0,0.0,0.0,0.0,0.0
2026-08-06T00:00:00,21:04:48,L01-AUTOBAN,SPM330D,107.9,NORTE,-22.83327201994,-47.176536450525,CHOQUE,CHOQUE-OBJETO NA PISTA,NÃO INFORMADO,1,0,0,0,SUMARÉ,CAMPINAS,CAMPINAS,ESTADUAL,1.0,0.0,1.0,0.0,0.0,0.0,0.0,0.0,0.0,0.0,0.0,0.0,0.0,0.0,0.0,0.0
2026-08-06T00:00:00,23:37:00,L28-ENTREVIAS,SPA327/330,2.3,LESTE,-21.0441354884772,-47.81212116612976,COLISÃO,COLISÃO-LATERAL,IMPRUD. CONDUTOR-FALTA DE ATENÇÃO,1,0,0,0,JARDINÓPOLIS,RIBEIRÃO PRETO,RIBEIRÃO PRETO,ESTADUAL,1.0,0.0,1.0,0.0,0.0,0.0,0.0,0.0,0.0,0.0,0.0,0.0,0.0,0.0,0.0,0.0
2026-08-07T00:00:00,01:16:40,L01-AUTOBAN,SP330,103.6,NORTE,-22.858961851751,-47.14487741751,COLISÃO,COLISÃO-TRASEIRA,NÃO INFORMADO,1,0,0,0,CAMPINAS,CAMPINAS,CAMPINAS,ESTADUAL,0.0,0.0,0.0,0.0,2.0,0.0,0.0,0.0,0.0,0.0,0.0,0.0,0.0,0.0,0.0,0.0
2026-08-07T00:00:00,05:30:10,L29-VIAPAULISTA,SPD307/330,307.5,NORTE,-21.20587184,-47.75823958,ENGAVETAMENTO,ENGAVETAMENTO,IMPRUD. CONDUTOR-FREADA BRUSCA,0,0,0,0,RIBEIRÃO PRETO,NÃO INFORMADO,NÃO INFORMADO,NÃO INFORMADO,1.0,0.0,0.0,1.0,0.0,0.0,0.0,0.0,1.0,0.0,0.0,0.0,0.0,0.0,0.0,0.0
2026-08-07T00:00:00,05:48:55,L29-VIAPAULISTA,SPA307/330,3.2,OESTE,-21.18841475,-47.78308815,CHOQUE,CHOQUE-ÁRVORE,IMPRUD. CONDUTOR-PERDA DE CONTROLE,0,0,0,0,RIBEIRÃO PRETO,RIBEIRÃO PRETO,RIBEIRÃO PRETO,ESTADUAL,0.0,0.0,0.0,1.0,0.0,0.0,0.0,0.0,0.0,0.0,0.0,0.0,0.0,0.0,0.0,0.0
2026-08-07T00:00:00,06:31:37,L29-VIAPAULISTA,SP330,269.458,NORTE,-21.51316198,-47.64251012,TOMBAMENTO,TOMBAMENTO,PANE MECÂNICA/ELÉTRICA,0,0,0,0,SÃO SIMÃO,RIBEIRÃO PRETO,RIBEIRÃO PRETO,ESTADUAL,0.0,0.0,1.0,0.0,0.0,0.0,0.0,0.0,0.0,0.0,0.0,0.0,0.0,0.0,0.0,0.0
2026-08-07T00:00:00,06:59:59,L29-VIAPAULISTA,SPD307/330,307.5,NORTE,-21.20587184,-47.75823958,ENGAVETAMENTO,ENGAVETAMENTO,IMPRUD. CONDUTOR-DIST. INADEQUADA ENTRE VEÍC.,0,0,0,0,RIBEIRÃO PRETO,NÃO INFORMADO,NÃO INFORMADO,NÃO INFORMADO,3.0,0.0,0.0,0.0,0.0,0.0,0.0,0.0,0.0,0.0,0.0,0.0,0.0,0.0,0.0,0.0
2026-08-07T00:00:00,08:01:00,L01-AUTOBAN,SPM330E,89.8,SUL,-22.952619852998,-47.061270131544,ENGAVETAMENTO,ENGAVETAMENTO,NÃO INFORMADO,0,0,0,0,CAMPINAS,CAMPINAS,CAMPINAS,ESTADUAL,3.0,0.0,0.0,0.0,0.0,0.0,0.0,0.0,0.0,0.0,0.0,0.0,0.0,0.0,0.0,0.0
2026-08-07T00:00:00,08:52:23,L01-AUTOBAN,SP330,92.0,NORTE,-22.935116422047,-47.071389555931,COLISÃO,COLISÃO-TRASEIRA,NÃO INFORMADO,0,1,0,0,CAMPINAS,CAMPINAS,CAMPINAS,ESTADUAL,1.0,0.0,1.0,0.0,0.0,0.0,0.0,0.0,0.0,0.0,0.0,0.0,0.0,0.0,0.0,0.0
2026-08-07T00:00:00,10:26:59,L01-AUTOBAN,SP330,52.0,SUL,-23.240237050296,-46.869124174118,CHOQUE,CHOQUE-VEÍCULO PARADO NO ACOSTAMENTO,NÃO INFORMADO,0,0,1,0,JUNDIAÍ,CAMPINAS,CAMPINAS,ESTADUAL,0.0,0.0,1.0,1.0,0.0,0.0,0.0,0.0,0.0,0.0,0.0,0.0,0.0,0.0,0.0,0.0
2026-08-07T00:00:00,11:23:36,L29-VIAPAULISTA,SP330,308.104,SUL,-21.2004199,-47.75798384,COLISÃO,COLISÃO-TRASEIRA,IMPRUD. CONDUTOR-PERDA DE CONTROLE,0,0,0,0,RIBEIRÃO PRETO,RIBEIRÃO PRETO,RIBEIRÃO PRETO,ESTADUAL,1.0,0.0,0.0,0.0,1.0,0.0,0.0,0.0,0.0,0.0,0.0,0.0,0.0,0.0,0.0,0.0
2026-08-07T00:00:00,14:03:01,L01-AUTOBAN,SP330,152.0,NORTE,-22.513681876575,-47.395378947258,CAPOTAMENTO,CAPOTAMENTO,NÃO INFORMADO,0,1,0,0,LIMEIRA,CAMPINAS,RIO CLARO,ESTADUAL,0.0,0.0,0.0,1.0,0.0,0.0,0.0,0.0,0.0,0.0,0.0,0.0,0.0,0.0,0.0,0.0
2026-08-07T00:00:00,16:54:46,L29-VIAPAULISTA,SP330,311.219,NORTE,-21.17235682,-47.75648128,COLISÃO,COLISÃO-TRASEIRA,IMPRUD. CONDUTOR-DIST. INADEQUADA ENTRE VEÍC.,0,0,0,0,RIBEIRÃO PRETO,RIBEIRÃO PRETO,RIBEIRÃO PRETO,ESTADUAL,0.0,0.0,0.0,0.0,2.0,0.0,0.0,0.0,0.0,0.0,0.0,0.0,0.0,0.0,0.0,0.0
2026-08-07T00:00:00,18:48:00,L28-ENTREVIAS,SP330,380.25,SUL,-20.60767470766025,-47.88434110621734,ATROPELAMENTO DE PEDESTRE,ATROP. PEDESTRE-OUTROS,IMPRUD. PEDESTRE-USUÁRIO,1,0,0,0,SÃO JOAQUIM DA BARRA,FRANCA,RIBEIRÃO PRETO,ESTADUAL,1.0,0.0,0.0,0.0,0.0,0.0,0.0,1.0,0.0,0.0,0.0,0.0,0.0,0.0,0.0,0.0
2026-08-07T00:00:00,19:19:00,L28-ENTREVIAS,SP330,411.0,SUL,-20.3325420670367,-47.80490356519557,COLISÃO,COLISÃO-TRASEIRA,IMPRUD. CONDUTOR-BAIXA VELOCIDADE,0,0,0,0,ITUVERAVA,FRANCA,RIBEIRÃO PRETO,ESTADUAL,0.0,1.0,0.0,0.0,0.0,0.0,0.0,0.0,0.0,0.0,1.0,0.0,0.0,0.0,0.0,0.0
2026-08-07T00:00:00,20:22:23,L06-INTERVIAS,SP330,164.0,NORTE,-22.40731842,-47.38950918,CHOQUE,CHOQUE-OBJETO NA PISTA,OBJETO NA PISTA,1,0,0,0,ARARAS,CAMPINAS,RIO CLARO,ESTADUAL,0.0,0.0,1.0,0.0,0.0,0.0,0.0,0.0,0.0,0.0,0.0,0.0,0.0,0.0,0.0,0.0
2026-08-07T00:00:00,21:08:53,L01-AUTOBAN,SP330,65.0,NORTE,-23.144390043902,-46.939296126366,CHOQUE,CHOQUE-ELEMENTO DE DRENAGEM,NÃO INFORMADO,0,0,0,0,JUNDIAÍ,CAMPINAS,CAMPINAS,ESTADUAL,0.0,0.0,0.0,1.0,0.0,0.0,0.0,0.0,0.0,0.0,0.0,0.0,0.0,0.0,0.0,0.0
2026-08-07T00:00:00,23:28:35,L01-AUTOBAN,SP330,60.5,SUL,-23.178236217748,-46.915145516396,COLISÃO,COLISÃO-LATERAL,NÃO INFORMADO,0,0,0,0,JUNDIAÍ,CAMPINAS,CAMPINAS,ESTADUAL,2.0,0.0,0.0,0.0,0.0,0.0,0.0,0.0,0.0,0.0,0.0,0.0,0.0,0.0,0.0,0.0
2026-08-08T00:00:00,01:37:38,L01-AUTOBAN,SP330,125.5,NORTE,-22.723564324887,-47.293320894241,CHOQUE,CHOQUE-DEFENSA/BARREIRA,NÃO INFORMADO,0,0,0,0,AMERICANA,CAMPINAS,RIO CLARO,ESTADUAL,1.0,0.0,0.0,0.0,0.0,0.0,0.0,0.0,0.0,0.0,0.0,0.0,0.0,0.0,0.0,0.0
2026-08-08T00:00:00,05:48:04,L01-AUTOBAN,SP330,76.1,NORTE,-23.060064835938,-46.99459116716,CHOQUE,CHOQUE-DEFENSA/BARREIRA,NÃO INFORMADO,0,0,0,0,VINHEDO,CAMPINAS,CAMPINAS,ESTADUAL,2.0,0.0,0.0,0.0,0.0,0.0,0.0,0.0,0.0,0.0,0.0,0.0,0.0,0.0,0.0,0.0
2026-08-08T00:00:00,06:10:05,L01-AUTOBAN,SP330,26.0,SUL,-23.42090534696,-46.794376373291,CHOQUE,CHOQUE-OUTROS,NÃO INFORMADO,0,0,0,0,SÃO PAULO,REG. METROPOLITANA SÃO PAULO,SÃO PAULO,ESTADUAL,0.0,0.0,0.0,1.0,0.0,0.0,0.0,0.0,0.0,0.0,0.0,0.0,0.0,0.0,0.0,0.0
2026-08-08T00:00:00,07:48:10,L01-AUTOBAN,SP330,112.0,NORTE,-22.813712468257,-47.208970785141,CHOQUE,CHOQUE-DEFENSA/BARREIRA,NÃO INFORMADO,1,0,0,0,SUMARÉ,CAMPINAS,CAMPINAS,ESTADUAL,1.0,0.0,0.0,0.0,0.0,0.0,0.0,0.0,0.0,0.0,0.0,0.0,0.0,0.0,0.0,0.0
2026-08-08T00:00:00,14:38:37,L06-INTERVIAS,SP330,174.0,SUL,-22.31867293,-47.39056783,COLISÃO,COLISÃO-LATERAL,IMPRUD. CONDUTOR-LEVOU FECHADA,0,0,0,0,ARARAS,CAMPINAS,RIO CLARO,ESTADUAL,1.0,0.0,0.0,0.0,1.0,0.0,0.0,0.0,0.0,0.0,0.0,0.0,0.0,0.0,0.0,0.0
2026-08-08T00:00:00,15:08:59,L01-AUTOBAN,SP330,11.5,NORTE,-23.510224803517,-46.729037632504,COLISÃO,COLISÃO-LATERAL,NÃO INFORMADO,1,0,0,0,SÃO PAULO,REG. METROPOLITANA SÃO PAULO,SÃO PAULO,ESTADUAL,0.0,1.0,1.0,0.0,0.0,0.0,0.0,0.0,0.0,0.0,0.0,0.0,0.0,0.0,0.0,0.0
2026-08-08T00:00:00,18:09:39,L01-AUTOBAN,SP330,98.0,SUL,-22.896245165998,-47.110952138901,CHOQUE,CHOQUE-DEFENSA/BARREIRA,NÃO INFORMADO,1,0,0,0,CAMPINAS,CAMPINAS,CAMPINAS,ESTADUAL,2.0,0.0,0.0,0.0,0.0,0.0,0.0,0.0,0.0,0.0,0.0,0.0,0.0,0.0,0.0,0.0
2026-08-08T00:00:00,19:51:41,L06-INTERVIAS,SP330,168.1,SUL,-22.37071058,-47.394845,COLISÃO,COLISÃO-TRASEIRA,NÃO INFORMADO,1,0,2,0,ARARAS,CAMPINAS,RIO CLARO,ESTADUAL,2.0,1.0,1.0,0.0,0.0,0.0,0.0,0.0,0.0,0.0,0.0,0.0,0.0,0.0,0.0,0.0
2026-08-08T00:00:00,20:49:18,L01-AUTOBAN,SP330,90.3,NORTE,-22.948546387515,-47.063340460454,CHOQUE,CHOQUE-DEFENSA/BARREIRA,NÃO INFORMADO,0,0,0,0,CAMPINAS,CAMPINAS,CAMPINAS,ESTADUAL,1.0,0.0,0.0,0.0,0.0,0.0,0.0,0.0,0.0,0.0,0.0,0.0,0.0,0.0,0.0,0.0
2026-08-08T00:00:00,20:56:09,L01-AUTOBAN,SP330,97.0,NORTE,-22.904077630073,-47.107797861099,CHOQUE,CHOQUE-DEFENSA/BARREIRA,NÃO INFORMADO,0,1,0,0,CAMPINAS,CAMPINAS,CAMPINAS,ESTADUAL,0.0,0.0,1.0,0.0,0.0,0.0,0.0,0.0,0.0,0.0,0.0,0.0,0.0,0.0,0.0,0.0
2026-08-08T00:00:00,21:41:07,L01-AUTOBAN,SPM330D,113.0,NORTE,-22.807007206431,-47.216341495514,COLISÃO,COLISÃO-TRASEIRA,NÃO INFORMADO,0,0,0,0,SUMARÉ,CAMPINAS,CAMPINAS,ESTADUAL,2.0,0.0,0.0,0.0,0.0,0.0,0.0,0.0,0.0,0.0,0.0,0.0,0.0,0.0,0.0,0.0
2026-08-08T00:00:00,23:55:00,L28-ENTREVIAS,SP330,439.5,NORTE,-20.10024067653798,-47.79001583974221,CHOQUE,CHOQUE-DEFENSA/BARREIRA,IMPRUD. CONDUTOR-PERDA DE CONTROLE,2,0,0,0,ARAMINA,FRANCA,RIBEIRÃO PRETO,ESTADUAL,1.0,0.0,0.0,0.0,0.0,0.0,0.0,0.0,0.0,0.0,0.0,0.0,0.0,0.0,0.0,0.0
2026-08-09T00:00:00,01:24:34,L01-AUTOBAN,SP330,76.4,NORTE,-23.057204789063,-46.996654007889,COLISÃO,COLISÃO-TRASEIRA,NÃO INFORMADO,0,0,0,0,VINHEDO,CAMPINAS,CAMPINAS,ESTADUAL,0.0,0.0,0.0,1.0,0.0,0.0,0.0,0.0,0.0,0.0,0.0,0.0,0.0,0.0,0.0,0.0
2026-08-09T00:00:00,06:07:12,L01-AUTOBAN,SP330,89.4,SUL,-22.95580295451,-47.059463388659,COLISÃO,COLISÃO-TRASEIRA,NÃO INFORMADO,0,0,0,1,CAMPINAS,CAMPINAS,CAMPINAS,ESTADUAL,1.0,0.0,0.0,0.0,1.0,0.0,0.0,0.0,0.0,0.0,0.0,0.0,0.0,0.0,0.0,0.0
2026-08-09T00:00:00,12:41:22,L01-AUTOBAN,SP330,39.8,SUL,-23.330206823061,-46.838538406446,COLISÃO,COLISÃO-LATERAL,NÃO INFORMADO,2,0,0,0,CAJAMAR,REG. METROPOLITANA SÃO PAULO,SÃO PAULO,ESTADUAL,1.0,0.0,2.0,0.0,0.0,0.0,0.0,0.0,0.0,0.0,0.0,0.0,0.0,0.0,0.0,0.0
2026-08-09T00:00:00,18:03:26,L06-INTERVIAS,SP330,200.6,SUL,-22.08253005,-47.42122544,CHOQUE,CHOQUE-SINALIZAÇÃO/EQUIPAMENTO,IMPRUD. CONDUTOR-LEVOU FECHADA,0,0,0,0,SANTA CRUZ DA CONCEIÇÃO,CAMPINAS,RIO CLARO,ESTADUAL,1.0,0.0,0.0,0.0,0.0,0.0,0.0,0.0,0.0,0.0,0.0,0.0,0.0,0.0,0.0,0.0
2026-08-09T00:00:00,19:49:54,L01-AUTOBAN,SP330,106.7,NORTE,-22.84156884646,-47.16879732039,CAPOTAMENTO,CAPOTAMENTO,NÃO INFORMADO,1,2,1,0,SUMARÉ,CAMPINAS,CAMPINAS,ESTADUAL,1.0,0.0,0.0,0.0,0.0,0.0,0.0,0.0,0.0,0.0,0.0,0.0,0.0,0.0,0.0,0.0
2026-08-09T00:00:00,20:08:18,L01-AUTOBAN,SPM330D,106.7,NORTE,-22.84156884646,-47.16879732039,COLISÃO,COLISÃO-TRASEIRA,NÃO INFORMADO,0,0,0,0,SUMARÉ,CAMPINAS,CAMPINAS,ESTADUAL,2.0,0.0,0.0,0.0,0.0,0.0,0.0,0.0,0.0,0.0,0.0,0.0,0.0,0.0,0.0,0.0
2026-08-10T00:00:00,00:34:58,L01-AUTOBAN,SP330,108.2,SUL,-22.831842381653,-47.178755560897,TOMBAMENTO,TOMBAMENTO,NÃO INFORMADO,1,0,0,0,SUMARÉ,CAMPINAS,CAMPINAS,ESTADUAL,0.0,0.0,1.0,0.0,0.0,0.0,0.0,0.0,0.0,0.0,0.0,0.0,0.0,0.0,0.0,0.0
2026-08-10T00:00:00,04:14:49,L01-AUTOBAN,SP330,149.74,SUL,-22.532119800689,-47.385390001436,ATROPELAMENTO DE PEDESTRE,ATROP. PEDESTRE-OUTROS,NÃO INFORMADO,0,0,0,1,LIMEIRA,CAMPINAS,RIO CLARO,ESTADUAL,0.0,0.0,0.0,0.0,1.0,0.0,0.0,1.0,0.0,0.0,0.0,0.0,0.0,0.0,0.0,0.0
2026-08-10T00:00:00,04:43:39,L01-AUTOBAN,SP330,21.42,NORTE,-23.45748155433,-46.783541107566,CHOQUE,OUTROS/NÃO CLASSIFICADO,NÃO INFORMADO,2,1,1,2,SÃO PAULO,REG. METROPOLITANA SÃO PAULO,SÃO PAULO,ESTADUAL,3.0,0.0,0.0,1.0,1.0,0.0,1.0,0.0,0.0,0.0,0.0,0.0,0.0,0.0,0.0,0.0
2026-08-10T00:00:00,04:48:17,L01-AUTOBAN,SP330,21.0,NORTE,-23.460712061888,-46.781405210495,TOMBAMENTO,TOMBAMENTO,NÃO INFORMADO,1,0,0,0,SÃO PAULO,REG. METROPOLITANA SÃO PAULO,SÃO PAULO,ESTADUAL,0.0,0.0,1.0,0.0,0.0,0.0,0.0,0.0,0.0,0.0,0.0,0.0,0.0,0.0,0.0,0.0
2026-08-10T00:00:00,05:58:17,L01-AUTOBAN,SP330,18.5,NORTE,-23.478064611931,-46.771784126759,COLISÃO,COLISÃO-TRASEIRA,NÃO INFORMADO,0,0,0,0,OSASCO,REG. METROPOLITANA SÃO PAULO,SÃO PAULO,ESTADUAL,2.0,0.0,0.0,0.0,0.0,0.0,0.0,0.0,0.0,0.0,0.0,0.0,0.0,0.0,0.0,0.0
2026-08-10T00:00:00,07:11:04,L01-AUTOBAN,SP330,111.0,SUL,-22.818118179636,-47.201744914055,COLISÃO,COLISÃO-TRASEIRA,NÃO INFORMADO,0,0,0,0,SUMARÉ,CAMPINAS,CAMPINAS,ESTADUAL,2.0,0.0,0.0,0.0,0.0,0.0,0.0,0.0,0.0,0.0,0.0,0.0,0.0,0.0,0.0,0.0
2026-08-10T00:00:00,11:44:01,L01-AUTOBAN,SPM330E,104.0,SUL,-22.857076064557,-47.148749828339,ENGAVETAMENTO,ENGAVETAMENTO,NÃO INFORMADO,0,0,0,0,CAMPINAS,CAMPINAS,CAMPINAS,ESTADUAL,1.0,0.0,0.0,0.0,2.0,0.0,0.0,0.0,0.0,0.0,0.0,0.0,0.0,0.0,0.0,0.0
2026-08-10T00:00:00,13:50:31,L29-VIAPAULISTA,SP330,269.0,NORTE,-21.51717929,-47.64275347,TOMBAMENTO,TOMBAMENTO,IMPRUD. CONDUTOR-PERDA DE CONTROLE,0,0,0,0,SÃO SIMÃO,RIBEIRÃO PRETO,RIBEIRÃO PRETO,ESTADUAL,1.0,0.0,0.0,0.0,0.0,0.0,0.0,0.0,0.0,0.0,0.0,0.0,0.0,0.0,0.0,0.0
2026-08-10T00:00:00,17:24:44,L06-INTERVIAS,SP330,201.5,SUL,-22.07423115,-47.4234539,CHOQUE,CHOQUE-OBJETO NA PISTA,OBJETO NA PISTA,0,0,0,0,SANTA CRUZ DA CONCEIÇÃO,CAMPINAS,RIO CLARO,ESTADUAL,0.0,0.0,0.0,1.0,0.0,0.0,0.0,0.0,0.0,0.0,0.0,0.0,0.0,0.0,0.0,0.0
2026-08-10T00:00:00,18:17:06,L01-AUTOBAN,SP330,101.0,SUL,-22.874089445764,-47.124878168106,COLISÃO,COLISÃO-TRASEIRA,NÃO INFORMADO,2,0,0,0,CAMPINAS,CAMPINAS,CAMPINAS,ESTADUAL,1.0,0.0,1.0,0.0,0.0,0.0,0.0,0.0,0.0,0.0,0.0,0.0,0.0,0.0,0.0,0.0
2026-08-10T00:00:00,23:27:52,L01-AUTOBAN,SPM330D,57.0,NORTE,-23.205930751153,-46.899073719978,CHOQUE,CHOQUE-DEFENSA/BARREIRA,NÃO INFORMADO,1,0,0,0,JUNDIAÍ,CAMPINAS,CAMPINAS,ESTADUAL,1.0,0.0,0.0,0.0,0.0,0.0,0.0,0.0,0.0,0.0,0.0,0.0,0.0,0.0,0.0,0.0
